seed,n,matches,failures,accuracy,no name generated,opsin smiles mismatch,opsin - name is not recognized
42,100000,98906,1094,0.98906,139,522,433
17,100000,98858,1142,0.98858,149,553,440
87,100000,98951,1049,0.98951,129,519,401
5,100000,98921,1079,0.98921,158,501,420
63,100000,98920,1080,0.9892,138,531,411
