index,smiles,name,opsin_smiles,std_original,std_opsin
44,C[C@@H]1[C@H](C(=O)NCC[C@H](O)CNC(=O)c2cc(N(C)C)ccc2Br)[C@@H]1C,"2-bromo-5-(dimethylamino)-N-((2S)-4-((1S,2R,3S)-2,3-dimethylcyclopropanecarboxamido)-2-hydroxybutyl)benzamide",,C[C@@H]1C(C(=O)NCC[C@H](O)CNC(=O)c2cc(N(C)C)ccc2Br)[C@@H]1C,
175,CN(C(=O)C1CC1)[C@H]1C[C@@H]2CC[C@H](C1)N2C(=O)c1nc[nH]c1C(C)(C)C,"N-((1R,3S,5S)-8-((5-(tert-butyl)-1H-imidazol-4-yl)carbonyl)-8-azabicyclo[3.2.1]octan-3-yl)-N-methylcyclopropanecarboxamide",,CN(C(=O)C1CC1)[C@@H]1C[C@H]2CC[C@@H](C1)N2C(=O)c1[nH]cnc1C(C)(C)C,
254,CC(=O)N[C@@H](C)C(=O)N[C@H]1C[C@@H]2CC[C@H](C1)N2C(=O)c1sc(CC2CC2)nc1C,"(2S)-2-acetamido-N-((1R,3S,5S)-8-((2-(cyclopropylmethyl)-4-methylthiazol-5-yl)carbonyl)-8-azabicyclo[3.2.1]octan-3-yl)propanamide",,CC(=O)NC(C)C(=O)N[C@@H]1C[C@H]2CC[C@@H](C1)N2C(=O)c1sc(CC2CC2)nc1C,
292,CC(C)(C)OC(=O)N1CCS(=O)(=NC(=O)C2(c3ccc(Cl)c(Cl)c3)CCC2)CC1,"tert-butyl ((1-(3,4-dichlorophenyl)cyclobutylcarbonyl)imino)-1-oxothiomorpholine-4-carboxylate",ClC=1C=C(C=CC1Cl)C1(CCC1)C(=O)N=C1N(CCS(C1)=O)C(=O)OC(C)(C)C,CC(C)(C)OC(=O)N1CCS(=O)(=NC(=O)C2(c3ccc(Cl)c(Cl)c3)CCC2)CC1,CC(C)(C)OC(=O)N1CC[S+]([O-])CC1=NC(=O)C1(c2ccc(Cl)c(Cl)c2)CCC1
302,CC[C@H](C)CCCC(=O)N[C@@H]1CCC12CN(C(=O)[C@H]1C[C@](O)(C(F)(F)F)C1)C2,"(5S)-N-((1R)-6-(((1R,3s)-3-hydroxy-3-(trifluoromethyl)cyclobutyl)carbonyl)-6-azaspiro[3.3]heptan-1-yl)-5-methylheptanamide",,CC[C@H](C)CCCC(=O)N[C@@H]1CCC12CN(C(=O)C1CC(O)(C(F)(F)F)C1)C2,
308,O=C(NC[C@H]1C[C@H]1NC(=O)[C@@H]1C[C@@H]2CC[C@@H]2C1)c1ccc(SC(F)(F)F)nc1,"N-(((1R,2R)-2-((1R,3R,5S)-bicyclo[3.2.0]heptane-3-carboxamido)cyclopropyl)methyl)-6-((trifluoromethyl)sulfanyl)pyridine-3-carboxamide",,O=C(NC[C@H]1C[C@H]1NC(=O)C1C[C@H]2CC[C@H]2C1)c1ccc(SC(F)(F)F)nc1,
399,C=CCCC[C@@H](NC(=O)[C@@H]1[C@H]2CCCCC[C@H]21)C(=O)NC(C)(C)C#CCC,"(1R,7S,8R)-N-((2R)-1-((2-methylhex-3-yn-2-yl)amino)-1-oxohept-6-en-2-yl)bicyclo[5.1.0]octane-8-carboxamide",,C=CCCCC(NC(=O)C1[C@H]2CCCCC[C@@H]12)C(=O)NC(C)(C)C#CCC,
403,CCc1ccsc1C(=O)NC[C@@]1(C)CN(C(=O)[C@H]2C[C@@](C)(O)C2)C(C)(C)C1,"3-ethyl-N-(((3S)-1-(((1S,3r)-3-hydroxy-3-methylcyclobutyl)carbonyl)-3,5,5-trimethylpyrrolidin-3-yl)methyl)thiophene-2-carboxamide",,CCc1ccsc1C(=O)NC[C@@]1(C)CN(C(=O)C2CC(C)(O)C2)C(C)(C)C1,
426,O=C(N[C@@H]1[C@H]2CCCC[C@H]21)[C@@H]1C[C@@H]2CN(C(=O)CC[C@H]3CCCO3)C[C@@H]2C1,"(1R,5S,7R)-N-((1R,6S,7R)-bicyclo[4.1.0]heptan-7-yl)-3-(1-oxo-3-((2R)-oxolan-2-yl)propyl)-3-azabicyclo[3.3.0]octane-7-carboxamide",,O=C(N[C@H]1[C@@H]2CCCC[C@@H]21)C1C[C@@H]2CN(C(=O)CC[C@H]3CCCO3)C[C@@H]2C1,
428,CNC(=O)CCCN(C)C(=O)c1ccc(CNC(=O)[C@@H]2[C@H]3CN(C)C[C@H]32)nc1,"N-methyl-4-(N-methyl-6-(((1R,5S,6R)-3-methyl-3-azabicyclo[3.1.0]hexane-6-carboxamido)methyl)pyridine-3-carboxamido)butanamide",,CNC(=O)CCCN(C)C(=O)c1ccc(CNC(=O)C2[C@H]3CN(C)C[C@@H]23)nc1,
467,C[C@@H](CC1CCN(c2nc3ccccc3o2)CC1)NC(=O)[C@H]1[C@@H](C)[C@H]1C,"(1S,2R,3S)-N-((2S)-1-(1-(benzoxazol-2-yl)piperidin-4-yl)propan-2-yl)-2,3-dimethylcyclopropanecarboxamide",,C[C@@H]1C(C(=O)N[C@@H](C)CC2CCN(c3nc4ccccc4o3)CC2)[C@@H]1C,
488,CN=c1[nH]ccc(C(=O)N[C@H]2C[C@](F)(CNC(=O)c3ccco3)C2)c1[N+](=O)[O-],"N-((1S,3r)-3-fluoro-3-((furan-2-carboxamido)methyl)cyclobutyl)-6-(methylimino)-5-nitro-1-azacyclohexa-2,4-diene-4-carboxamide",,CNc1nccc(C(=O)N[C@H]2C[C@](F)(CNC(=O)c3ccco3)C2)c1[N+](=O)[O-],
587,Nc1nc(N2C[C@H]3[C@@H](C2)[C@@H]3C(=O)NCCc2c(Cl)cccc2Cl)ccc1[N+](=O)[O-],"(1R,5S,6R)-3-(6-amino-5-nitropyridin-2-yl)-N-(2-(2,6-dichlorophenyl)ethyl)-3-azabicyclo[3.1.0]hexane-6-carboxamide",,Nc1nc(N2C[C@@H]3C(C(=O)NCCc4c(Cl)cccc4Cl)[C@@H]3C2)ccc1[N+](=O)[O-],
661,CCCNC(=O)[C@@H](c1cccc2nn(C)cc12)N1[C@H]2CC[C@@H]1C[C@H](CO)C2,"(2R)-2-((1R,3R,5S)-3-(hydroxymethyl)-8-azabicyclo[3.2.1]octan-8-yl)-2-(8-methyl-7,8-diazabicyclo[4.3.0]nona-1(9),2,4,6-tetraen-2-yl)-N-propylacetamide",,CCCNC(=O)C(c1cccc2nn(C)cc12)N1[C@@H]2CC[C@H]1C[C@@H](CO)C2,
722,CC(=O)NC[C@H](CC(=O)N1C[C@H]2[C@H](N(C)C(=O)[C@@H]3C[C@H]3[N+](=O)[O-])[C@H]2C1)CC(C)C,"N-((2S)-4-methyl-2-(2-((1R,5S,6S)-6-(N-methyl(1R,2R)-2-nitrocyclopropanecarboxamido)-3-azabicyclo[3.1.0]hexan-3-yl)-2-oxoethyl)pentyl)acetamide",,CC(=O)NC[C@H](CC(=O)N1C[C@@H]2[C@H](C1)[C@H]2N(C)C(=O)C1CC1[N+](=O)[O-])CC(C)C,
807,Cn1nc(O)cc1C(=O)N[C@H]1C[C@@H]2C[C@H](C1)CN(C(=O)[C@H]1CC1(Cl)Cl)C2,"N-((1R,5S,7S)-3-(((1R)-2,2-dichlorocyclopropyl)carbonyl)-3-azabicyclo[3.3.1]nonan-7-yl)-3-hydroxy-1-methyl-1H-pyrazole-5-carboxamide",,Cn1[nH]c(=O)cc1C(=O)N[C@@H]1C[C@H]2C[C@@H](C1)CN(C(=O)C1CC1(Cl)Cl)C2,
813,O=C(N[C@H]1CC[C@]2(CC1)CN(C(=O)C1CC1)CCO2)c1n[nH]cc1C(F)(F)F,N-(10-((cyclopropyl)carbonyl)-7-oxa-10-azaspiro[5.5]undecan-3-yl)-4-(trifluoromethyl)-1H-pyrazole-3-carboxamide,C1(CC1)C(=O)N1CCOC2(CCC(CC2)NC(=O)C2=NNC=C2C(F)(F)F)C1,O=C(N[C@H]1CC[C@]2(CC1)CN(C(=O)C1CC1)CCO2)c1[nH]ncc1C(F)(F)F,O=C(NC1CCC2(CC1)CN(C(=O)C1CC1)CCO2)c1[nH]ncc1C(F)(F)F
862,CN(C(=O)C1CS(=O)(=O)C1)[C@H]1[C@@H]2CN(C(=O)c3c(Cl)ccc(Cl)c3O)C[C@@H]21,"N-((1R,5S,6S)-3-((3,6-dichloro-2-hydroxyphenyl)carbonyl)-3-azabicyclo[3.1.0]hexan-6-yl)-N-methyl-1,1-dioxo-1lambda^6-thiacyclobutane-3-carboxamide",,CN(C(=O)C1CS(=O)(=O)C1)[C@H]1[C@@H]2CN(C(=O)c3c(Cl)ccc(Cl)c3O)C[C@@H]21,
1015,CCn1ccc(CC(=O)N2CC3(CCN(C(=O)[C@]4(CC)CC[C@H](O)CC4)C3)C2)n1,"2-(1-ethyl-1H-pyrazol-3-yl)-1-(6-(((1S,4r)-1-ethyl-4-hydroxycyclohexyl)carbonyl)-2,6-diazaspiro[3.4]octan-2-yl)ethan-1-one",,CCn1ccc(CC(=O)N2CC3(CCN(C(=O)[C@]4(CC)CC[C@H](O)CC4)C3)C2)n1,
1029,Cn1nc(Br)cc1C(=O)N[C@H]1C[C@@H]2C[C@@H](NC(=O)C3COC3)C[C@@H]2C1,"3-bromo-1-methyl-N-((1R,3S,5S,7R)-7-(1-oxacyclobutane-3-carboxamido)bicyclo[3.3.0]octan-3-yl)-1H-pyrazole-5-carboxamide",,Cn1nc(Br)cc1C(=O)N[C@H]1C[C@@H]2C[C@@H](NC(=O)C3COC3)C[C@@H]2C1,
1093,CO[C@]1(CNC(=O)OC(C)(C)C)C[C@H](C(=O)NC[C@H]2OCCO[C@H]2C)C1,"tert-butyl ((((1R,3s)-1-methoxy-3-((((2R,3S)-3-methyl-1,4-dioxan-2-yl)methyl)carbamoyl)cyclobutyl)methyl)amino)formate",,COC1(CNC(=O)OC(C)(C)C)CC(C(=O)NC[C@H]2OCCO[C@H]2C)C1,
1206,C[C@H](C(=O)N[C@H]1CCN(C(=O)[C@@H]2C[C@H]3[C@@H](C2)C3(F)F)C1)c1ccccc1Cl,"(2S)-2-(2-chlorophenyl)-N-((3S)-1-(((1R,3R,5S)-6,6-difluorobicyclo[3.1.0]hexan-3-yl)carbonyl)pyrrolidin-3-yl)propanamide",,CC(C(=O)N[C@H]1CCN(C(=O)C2C[C@@H]3[C@H](C2)C3(F)F)C1)c1ccccc1Cl,
1270,C[C@H]1C[C@]1(F)C(=O)NC[C@@H]1C[C@@H]2CC[C@H](C1)N2C(=O)[C@@H]1C[C@H]1c1ccc(F)cc1,"(1R,2S)-1-fluoro-N-(((1R,3R,5S)-8-(((1R,2R)-2-(4-fluorophenyl)cyclopropyl)carbonyl)-8-azabicyclo[3.2.1]octan-3-yl)methyl)-2-methylcyclopropanecarboxamide",,C[C@H]1C[C@]1(F)C(=O)NC[C@H]1C[C@H]2CC[C@@H](C1)N2C(=O)C1C[C@H]1c1ccc(F)cc1,
1373,CC(C)Cc1ccc(C(=O)N2C[C@H]3C[C@H](NC(=O)Cc4cncs4)C[C@H]3C2)s1,"N-((1R,5S,7S)-3-((5-(2-methylpropyl)thiophen-2-yl)carbonyl)-3-azabicyclo[3.3.0]octan-7-yl)-2-(thiazol-5-yl)acetamide",,CC(C)Cc1ccc(C(=O)N2C[C@H]3C[C@H](NC(=O)Cc4cncs4)C[C@H]3C2)s1,
1409,COCCC(=O)N1C[C@H]2C[C@H](NC(=O)[C@@H]3CCC[C@@H]4[C@@H]3C4(F)F)C[C@H]2C1,"(1R,2R,6R)-7,7-difluoro-N-((1R,5S,7S)-3-(3-methoxy-propionyl)-3-azabicyclo[3.3.0]octan-7-yl)bicyclo[4.1.0]heptane-2-carboxamide",,COCCC(=O)N1C[C@H]2C[C@H](NC(=O)C3CCC[C@@H]4[C@@H]3C4(F)F)C[C@H]2C1,
1422,CC[C@@H](CCC(=O)NCC[S@@](C)(=N)=O)NC(=O)[C@@H]1[C@H]2CCCC[C@H]21,"(4S)-4-((1R,6S,7R)-bicyclo[4.1.0]heptane-7-carboxamido)-N-(2-((S)-methylsulfonimidoyl)ethyl)hexanamide",,CC[C@@H](CCC(=O)NCC[S@@](C)(=N)=O)NC(=O)C1[C@H]2CCCC[C@@H]12,
1486,Cc1[nH]c2ncnc(N[C@H]3[C@@H]4CN(C(=O)[C@@H]5CCC(C)(C)OC5)C[C@@H]43)c2c1C,"1-((1R,5S,6S)-6-((7,8-dimethyl-2,4,9-triazabicyclo[4.3.0]nona-1,3,5,7-tetraen-5-yl)amino)-3-azabicyclo[3.1.0]hexan-3-yl)-1-((3R)-6,6-dimethyl-oxan-3-yl)methanone",,Cc1[nH]c2ncnc(N[C@H]3[C@@H]4CN(C(=O)C5CCC(C)(C)OC5)C[C@@H]43)c2c1C,
1602,C[C@@H]1C[C@@H]1[C@@H]1C[C@H]1C(=O)N1CCO[C@]2(CC[C@@H](N=c3[nH]nc(C(N)=O)s3)CC2)C1,"5-((4-(((1R,2S)-2-((1S,2R)-2-methylcyclopropyl)cyclopropyl)carbonyl)-1-oxa-4-azaspiro[5.5]undecan-9-yl)imino)-1-thia-3,4-diazacyclopent-2-ene-2-carboxamide",C[C@H]1[C@H](C1)[C@H]1[C@@H](C1)C(=O)N1CCOC2(C1)CCC(CC2)N=C2NN=C(S2)C(=O)N,C[C@@H]1C[C@@H]1[C@@H]1CC1C(=O)N1CCO[C@]2(CC[C@@H](Nc3nnc(C(N)=O)s3)CC2)C1,C[C@@H]1C[C@@H]1[C@@H]1CC1C(=O)N1CCOC2(CCC(Nc3nnc(C(N)=O)s3)CC2)C1
1613,CO[C@@H](C(=O)N[C@@H]1c2ccccc2C[C@H]1NC(=O)[C@@H]1[C@H]2COC[C@H]21)[C@H]1CCOC1,"(2R)-2-methoxy-N-((1R,2R)-2-((1R,5S,6R)-3-oxabicyclo[3.1.0]hexane-6-carboxamido)indan-1-yl)-2-((3S)-oxolan-3-yl)acetamide",,COC(C(=O)N[C@@H]1c2ccccc2C[C@H]1NC(=O)C1[C@H]2COC[C@@H]12)[C@H]1CCOC1,
1726,O=C(CC(F)(F)C(F)(F)F)N[C@@H]1C[C@@H]2CC[C@H](C1)N2C(=O)[C@H]1CC[C@@H](F)C1,"3,3,4,4,4-pentafluoro-N-((1R,3R,5S)-8-(((1S,3R)-3-fluorocyclopentyl)carbonyl)-8-azabicyclo[3.2.1]octan-3-yl)butanamide",,O=C(CC(F)(F)C(F)(F)F)N[C@H]1C[C@H]2CC[C@@H](C1)N2C(=O)C1CC[C@@H](F)C1,
1748,CC(=CC(=O)N1C[C@H]2[C@H](CN(C)C(=O)Cc3cc(C)ccc3C)[C@H]2C1)C1CC1,"N-(((1R,5S,6S)-3-(3-cyclopropyl-1-oxobut-2-en-1-yl)-3-azabicyclo[3.1.0]hexan-6-yl)methyl)-2-(2,5-dimethylphenyl)-N-methylacetamide",,CC(=CC(=O)N1C[C@@H]2[C@@H](CN(C)C(=O)Cc3cc(C)ccc3C)[C@@H]2C1)C1CC1,
1768,O=C1CN(CC(=O)N2CC[C@@H](NC(=O)[C@H]3C[C@@H]4CC[C@@H]4C3)[C@H](F)C2)CCN1,"(1R,3S,5S)-N-((3R,4R)-3-fluoro-1-(1-oxo-2-(3-oxopiperazin-1-yl)ethyl)piperidin-4-yl)bicyclo[3.2.0]heptane-3-carboxamide",,O=C1CN(CC(=O)N2CC[C@@H](NC(=O)C3C[C@H]4CC[C@H]4C3)[C@H](F)C2)CCN1,
1951,CN(C)c1ccc(F)c(C(=O)N[C@@H]2C[C@@H]3CC[C@H](C2)N3C(=O)C2(N(C)C)CC2)c1,"5-(dimethylamino)-N-((1R,3R,5S)-8-((1-(dimethylamino)cyclopropyl)carbonyl)-8-azabicyclo[3.2.1]octan-3-yl)-2-fluorobenzene-1-carboxamide",,CN(C)c1ccc(F)c(C(=O)N[C@H]2C[C@H]3CC[C@@H](C2)N3C(=O)C2(N(C)C)CC2)c1,
2014,C#C[C@H](NC(=NCCSC)NC[C@H]1COC(=O)O1)c1ccc(F)cc1,"(4S)-4-((((((1R)-1-(4-fluorophenyl)prop-2-yn-1-yl)amino)((2-(methylsulfanyl)ethyl)imino)methyl)amino)methyl)-1,3-dioxolan-2-one",FC1=CC=C(C=C1)[C@@H](C#C)NC(=NCCSC)NC[C@@H]1OC(OC1)=O,C#C[C@H](N=C(NCCSC)NC[C@H]1COC(=O)O1)c1ccc(F)cc1,C#C[C@@H](N=C(NCCSC)NC[C@H]1COC(=O)O1)c1ccc(F)cc1
2048,CC(=O)NC1CCC(C(=O)N2CC(=C(F)CNC(=O)[C@H]3[C@@H](C)[C@H]3C)C2)CC1,"N-(4-((3-(2-((1S,2R,3S)-2,3-dimethylcyclopropanecarboxamido)-1-fluoroethylidene)-azetidin-1-yl)carbonyl)cyclohexyl)acetamide",,CC(=O)NC1CCC(C(=O)N2CC(=C(F)CNC(=O)C3[C@@H](C)[C@H]3C)C2)CC1,
2053,C[C@H](CCC(=O)N[C@H]1C[C@](F)(CNC(=O)c2nccc3ccncc23)C1)N(C)C,"(4R)-4-(dimethylamino)-N-((1R,3s)-3-fluoro-3-((2,7-naphthyridine-1-carboxamido)methyl)cyclobutyl)pentanamide",,C[C@H](CCC(=O)N[C@H]1C[C@](F)(CNC(=O)c2nccc3ccncc23)C1)N(C)C,
2056,Cc1ncnc(C)c1C(=O)N1[C@H]2CC[C@@H]1C[C@H](CNC(=O)/C=C/c1cnc[nH]1)C2,"(2E)-N-(((1R,3R,5S)-8-((4,6-dimethylpyrimidin-5-yl)carbonyl)-8-azabicyclo[3.2.1]octan-3-yl)methyl)-3-(1H-imidazol-5-yl)prop-2-enamide",,Cc1ncnc(C)c1C(=O)N1[C@@H]2CC[C@H]1C[C@@H](CNC(=O)C=Cc1c[nH]cn1)C2,
2158,C=C[C@H](C1CC1)N(C)C(=O)c1csc(CNC(=O)CC2CCN(C)CC2)c1,N-((1S)-1-cyclopropylprop-2-en-1-yl)-N-methyl-5-((2-(1-methylpiperidin-4-yl)acetamido)methyl)thiophene-3-carboxamide,C1(CC1)[C@H](C=C)N(C(=O)C1=CSC(=C1)CNC(CC1CCN(CC1)C)=O)C,C=C[C@H](C1CC1)N(C)C(=O)c1csc(CNC(=O)CC2CCN(C)CC2)c1,C=C[C@@H](C1CC1)N(C)C(=O)c1csc(CNC(=O)CC2CCN(C)CC2)c1
2218,COc1ccc(C(=O)N[C@H](C)[C@]2(O)CCN(C(=O)C3=C[C@H]4CCC[C@@H]34)C2)cc1F,"N-((1R)-1-((3S)-1-(((1S,5R)-bicyclo[3.2.0]hept-6-en-6-yl)carbonyl)-3-hydroxypyrrolidin-3-yl)ethyl)-3-fluoro-4-methoxybenzene-1-carboxamide",[C@H]12CCC[C@H]2C(=C1)C(=O)N1C[C@](CC1)(O)[C@@H](C)NC(=O)C1=CC(=C(C=C1)OC)F,COc1ccc(C(=O)N[C@H](C)[C@]2(O)CCN(C(=O)C3=C[C@H]4CCC[C@@H]34)C2)cc1F,COc1ccc(C(=O)N[C@H](C)[C@]2(O)CCN(C(=O)C3=C[C@@H]4CCC[C@@H]34)C2)cc1F
2276,C=CC[C@@H](CNC(=O)[C@H]1C[C@@H]2CC[C@H](C1)[C@@H]2O)NC(=O)c1cccc2ccoc12,"N-((2S)-1-((1R,3S,5S,8R)-8-hydroxybicyclo[3.2.1]octane-3-carboxamido)pent-4-en-2-yl)-1-benzofuran-7-carboxamide",,C=CC[C@@H](CNC(=O)C1C[C@H]2CC[C@@H](C1)[C@H]2O)NC(=O)c1cccc2ccoc12,
2296,CC(=CC(=O)N1C[C@H]2CCN(C(=O)[C@H]3C[C@@H]4C[C@@H]4C3)C[C@H]2C1)c1ccco1,"1-((1S,6S)-3-(((1R,3S,5S)-bicyclo[3.1.0]hexan-3-yl)carbonyl)-3,8-diazabicyclo[4.3.0]nonan-8-yl)-3-(furan-2-yl)but-2-en-1-one",,CC(=CC(=O)N1C[C@H]2CCN(C(=O)C3C[C@@H]4C[C@@H]4C3)C[C@H]2C1)c1ccco1,
2335,C=CCCCC(=O)N1CCC[C@@]2(CCCN2C(=O)Cc2ncc(Cl)s2)C1,"1-((5R)-1-(2-(5-chlorothiazol-2-yl)-acetyl)-1,7-diazaspiro[4.5]decan-7-yl)hex-5-en-1-one",ClC1=CN=C(S1)CC(=O)N1CCC[C@@]12CN(CCC2)C(CCCC=C)=O,C=CCCCC(=O)N1CCC[C@@]2(CCCN2C(=O)Cc2ncc(Cl)s2)C1,C=CCCCC(=O)N1CCC[C@]2(CCCN2C(=O)Cc2ncc(Cl)s2)C1
2361,O=C(Nc1nccc(F)c1F)[C@H]1[C@H]2CN(Cc3cc(F)cc(Br)c3)C[C@H]21,"(1R,5S,6S)-3-((3-bromo-5-fluorophenyl)methyl)-N-(3,4-difluoropyridin-2-yl)-3-azabicyclo[3.1.0]hexane-6-carboxamide",,O=C(Nc1nccc(F)c1F)C1[C@H]2CN(Cc3cc(F)cc(Br)c3)C[C@@H]12,
2362,Cc1nc(C)c(C(=O)N[C@H]2CC3(CN(C(=O)Cc4cnc[nH]4)C3)n3ccnc32)o1,"2,4-dimethyl-N-((6S)-spiro[1,4-diazabicyclo[3.3.0]octa-2,4-diene-8,3'-(1-(azetidin-1-yl)-2-(1H-imidazol-5-yl)ethane)]-6-yl-1'-one)oxazole-5-carboxamide",,Cc1nc(C)c(C(=O)N[C@H]2CC3(CN(C(=O)Cc4c[nH]cn4)C3)n3ccnc32)o1,
2448,C[C@@H](C(=O)N[C@H]1[C@@H]2CN(C(=O)c3cc4c(s3)CCSC4)C[C@@H]21)C(C)(F)F,"(2S)-N-((1R,5S,6S)-3-((3,7-dithiabicyclo[4.3.0]nona-1(6),8-dien-8-yl)carbonyl)-3-azabicyclo[3.1.0]hexan-6-yl)-3,3-difluoro-2-methylbutanamide",,CC(C(=O)N[C@H]1[C@@H]2CN(C(=O)c3cc4c(s3)CCSC4)C[C@@H]21)C(C)(F)F,
2464,CC(C)CCC(=O)NCC(=O)NC[C@@H](F)CNC(=O)[C@@H]1[C@H]2[C@@H]3CC[C@@H](C3)[C@H]21,"N-(2-(((2S)-2-fluoro-3-((1R,2S,3R,4R,5S)-tricyclo[3.2.1.0^{2,4}]octane-3-carboxamido)propyl)amino)-2-oxoethyl)-4-methylpentanamide",,CC(C)CCC(=O)NCC(=O)NC[C@@H](F)CNC(=O)C1[C@@H]2[C@H]3CC[C@H](C3)[C@H]12,
2467,C#CC[C@]1(O)C[C@@H](C(=O)N2C[C@H](C)CC[C@H]2CNC(=O)c2cc(CF)on2)C1,"5-(fluoromethyl)-N-(((2S,5R)-1-(((1R,3s)-3-hydroxy-3-(prop-2-yn-1-yl)cyclobutyl)carbonyl)-5-methylpiperidin-2-yl)methyl)isoxazole-3-carboxamide",,C#CCC1(O)CC(C(=O)N2C[C@H](C)CC[C@H]2CNC(=O)c2cc(CF)on2)C1,
2564,Cc1cc(C)cc(C(=O)NC[C@@H](NC(=O)[C@@]2(C)C[C@@H]3C[C@@H]3C2)C(C)(C)C)c1,"(1R,3S,5S)-N-((2S)-1-(3,5-dimethylbenzene-1-carboxamido)-3,3-dimethylbutan-2-yl)-3-methylbicyclo[3.1.0]hexane-3-carboxamide",,Cc1cc(C)cc(C(=O)NC[C@@H](NC(=O)[C@]2(C)C[C@H]3C[C@H]3C2)C(C)(C)C)c1,
2572,O=C([C@H]1CN(C(=O)[C@@H]2[C@H]3[C@@H]4CC[C@@H](C4)[C@H]32)CCO1)N1CC=CCC1,"1-(1-azacyclohex-3-en-1-yl)-1-((2R)-4-(((1R,2S,3R,4R,5S)-tricyclo[3.2.1.0^{2,4}]octan-3-yl)carbonyl)morpholin-2-yl)methanone",,O=C(C1CN(C(=O)C2[C@@H]3[C@H]4CC[C@H](C4)[C@H]23)CCO1)N1CC=CCC1,
2729,CC(C)=C(C)C(=O)N1CC[C@@](C)(C(=O)N2C[C@H]3[C@H](N(C)C)[C@H]3C2)C1,"1-((3R)-3-(((1R,5S,6S)-6-(dimethylamino)-3-azabicyclo[3.1.0]hexan-3-yl)carbonyl)-3-methylpyrrolidin-1-yl)-2,3-dimethylbut-2-en-1-one",,CC(C)=C(C)C(=O)N1CC[C@@](C)(C(=O)N2C[C@@H]3[C@H](C2)[C@H]3N(C)C)C1,
2744,CCCC[C@@H](C)CCC(=O)N1CCCC[C@]12C[C@H](NC(=O)c1cc(C)c(C)s1)C2,"4,5-dimethyl-N-(5-((4R)-4-methyl-1-oxooctyl)-5-azaspiro[3.5]nonan-2-yl)thiophene-2-carboxamide",CC=1C=C(SC1C)C(=O)NC1CC2(C1)N(CCCC2)C(CC[C@@H](CCCC)C)=O,CCCC[C@@H](C)CCC(=O)N1CCCC[C@]12C[C@H](NC(=O)c1cc(C)c(C)s1)C2,CCCC[C@@H](C)CCC(=O)N1CCCCC12CC(NC(=O)c1cc(C)c(C)s1)C2
2753,CN(C)C1(C(=O)N2C[C@@H](CNC(=O)[C@@H]3[C@H]4CCC[C@H]43)C3(CCOCC3)C2)CCC1,"(1R,5S,6R)-N-(((4R)-2-((1-(dimethylamino)cyclobutyl)carbonyl)-8-oxa-2-azaspiro[4.5]decan-4-yl)methyl)bicyclo[3.1.0]hexane-6-carboxamide",,CN(C)C1(C(=O)N2C[C@@H](CNC(=O)C3[C@H]4CCC[C@@H]34)C3(CCOCC3)C2)CCC1,
2796,CNC(=O)[C@H](c1cc2cc(Br)ccc2o1)N1C[C@@]2(C)C[S@@](=N)(=O)C[C@@]2(C)C1,"(2S)-2-(3-bromo-7-oxabicyclo[4.3.0]nona-1(6),2,4,8-tetraen-8-yl)-2-((1R,3R,5S)-3-imino-1,5-dimethyl-3-oxo-3lambda^6-thia-7-azabicyclo[3.3.0]octan-7-yl)-N-methylacetamide",,CNC(=O)C(c1cc2cc(Br)ccc2o1)N1C[C@@]2(C)C[S@@](=N)(=O)C[C@@]2(C)C1,
2811,Cc1c(C(=O)N2C[C@H]3[C@H](CNC(=O)CS(C)(=O)=O)[C@H]3C2)cnn1C,"N-(((1R,5S,6S)-3-((1,5-dimethyl-1H-pyrazol-4-yl)carbonyl)-3-azabicyclo[3.1.0]hexan-6-yl)methyl)-2-(methylsulfonyl)acetamide",,Cc1c(C(=O)N2C[C@@H]3[C@@H](CNC(=O)CS(C)(=O)=O)[C@@H]3C2)cnn1C,
2817,CC(C)(C)n1cc(CC(=O)NCCC2CC(NC(=O)CC3C[C@@H]4C[C@H]4C3)C2)cn1,"N-(2-(3-(2-((1R,5R)-bicyclo[3.1.0]hexan-3-yl)acetamido)cyclobutyl)ethyl)-2-(1-(tert-butyl)-1H-pyrazol-4-yl)acetamide",[C@H]12CC(C[C@H]2C1)CC(=O)NC1CC(C1)CCNC(CC=1C=NN(C1)C(C)(C)C)=O,CC(C)(C)n1cc(CC(=O)NCCC2CC(NC(=O)CC3C[C@@H]4C[C@H]4C3)C2)cn1,CC(C)(C)n1cc(CC(=O)NCCC2CC(NC(=O)CC3C[C@H]4C[C@@H]4C3)C2)cn1
2831,NC(=O)C1(C(=O)N[C@@H]2CC23CCN(C(=O)[C@@H]2C[C@@H]4C[C@@H]4C2)CC3)CC1,"N'-((1R)-6-(((1R,3R,5S)-bicyclo[3.1.0]hexan-3-yl)carbonyl)-6-azaspiro[2.5]octan-1-yl)cyclopropane-1,1-dicarboxamide",,NC(=O)C1(C(=O)N[C@@H]2CC23CCN(C(=O)C2C[C@@H]4C[C@@H]4C2)CC3)CC1,
2865,N#Cc1ccc(C(=O)NC[C@]2(F)C[C@H](NC(=O)c3ccsn3)C2)nc1,"N-((1R,3r)-3-((5-cyanopyridine-2-carboxamido)methyl)-3-fluorocyclobutyl)isothiazole-3-carboxamide",,N#Cc1ccc(C(=O)NC[C@]2(F)C[C@H](NC(=O)c3ccsn3)C2)nc1,
2866,C[C@H]1CCc2nc(C(=O)NC[C@H]3[C@@H]4CN(C(=O)C[C@H]5CCOC5)C[C@H]34)cn2C1,"(3S)-3-methyl-N-(((1R,5S,6S)-3-(1-oxo-2-((3R)-oxolan-3-yl)ethyl)-3-azabicyclo[3.1.0]hexan-6-yl)methyl)-1,7-diazabicyclo[4.3.0]nona-6,8-diene-8-carboxamide",,C[C@H]1CCc2nc(C(=O)NC[C@@H]3[C@H]4CN(C(=O)C[C@H]5CCOC5)C[C@@H]34)cn2C1,
2880,CC(C)c1conc1C(=O)NC[C@]1(F)C[C@@H](NC(=O)[C@H]2COCCO2)C1,"N-(((1S,3r)-3-((2R)-1,4-dioxane-2-carboxamido)-1-fluorocyclobutyl)methyl)-4-(propan-2-yl)isoxazole-3-carboxamide",,CC(C)c1conc1C(=O)NC[C@]1(F)C[C@@H](NC(=O)C2COCCO2)C1,
2984,O=C(N[C@H]1CCCCN(C(=O)[C@@H]2[C@H]3CCC[C@H]32)C1)c1ccc2c(c1)CCOC2,"N-((3S)-1-(((1R,5S,6R)-bicyclo[3.1.0]hexan-6-yl)carbonyl)-1-azacycloheptan-3-yl)-3-oxabicyclo[4.4.0]deca-1(6),7,9-triene-8-carboxamide",,O=C(N[C@H]1CCCCN(C(=O)C2[C@H]3CCC[C@@H]23)C1)c1ccc2c(c1)CCOC2,
2997,C[C@@H](C(=O)N1C[C@H]2[C@H](N(C)C(=O)CN(C)S(N)(=O)=O)[C@H]2C1)c1c(F)cccc1F,"2-((sulfamoyl)(methyl)amino)-N-((1R,5S,6S)-3-((2R)-2-(2,6-difluorophenyl)-propionyl)-3-azabicyclo[3.1.0]hexan-6-yl)-N-methylacetamide",,CC(C(=O)N1C[C@@H]2[C@H](C1)[C@H]2N(C)C(=O)CN(C)S(N)(=O)=O)c1c(F)cccc1F,
3083,Cc1cccn(CC(=O)N[C@@H]2C[C@H]3[C@@H](C2)[C@@H]3NC(=O)C[C@@H]2C=CS(=O)(=O)C2)c1=O,"N-((1R,3R,5S,6R)-6-(2-((3R)-1,1-dioxo-1lambda^6-thiacyclopent-4-en-3-yl)acetamido)bicyclo[3.1.0]hexan-3-yl)-2-(5-methyl-6-oxo-1-azacyclohexa-2,4-dien-1-yl)acetamide",,Cc1cccn(CC(=O)N[C@H]2C[C@@H]3[C@H](C2)[C@H]3NC(=O)C[C@@H]2C=CS(=O)(=O)C2)c1=O,
3136,C[C@](O)(Cn1ccccc1=O)C(=O)N1C[C@H]2[C@H](NC(=O)[C@H]3C[C@H](CF)C3)[C@H]2C1,"trans-3-(fluoromethyl)-N-((1R,5S,6S)-3-((2S)-2-hydroxy-1-oxo-2-((6-oxo-1-azacyclohexa-2,4-dien-1-yl)methyl)propyl)-3-azabicyclo[3.1.0]hexan-6-yl)cyclobutanecarboxamide",,C[C@](O)(Cn1ccccc1=O)C(=O)N1C[C@@H]2[C@H](C1)[C@H]2NC(=O)C1CC(CF)C1,
3182,O=C(N[C@H]1CN(C(=O)[C@@H]2CC3(CCC3)CO2)C[C@@H]2C[C@@H]21)[C@@H]1[C@H]2COC[C@H]21,"(1R,5S,6R)-N-((1R,5R,6S)-3-(((7S)-6-oxaspiro[3.4]octan-7-yl)carbonyl)-3-azabicyclo[4.1.0]heptan-5-yl)-3-oxabicyclo[3.1.0]hexane-6-carboxamide",,O=C(N[C@H]1CN(C(=O)C2CC3(CCC3)CO2)C[C@@H]2C[C@@H]21)C1[C@H]2COC[C@@H]12,
3241,C[C@@]1(CNC(=O)C2CC(OC(F)(F)F)C2)CCCN(C(=O)[C@@H]2C[C@@H]3C[C@@H]3C2)C1,"N-(((3S)-1-(((1R,3R,5S)-bicyclo[3.1.0]hexan-3-yl)carbonyl)-3-methylpiperidin-3-yl)methyl)-3-((trifluoromethyl)oxy)cyclobutanecarboxamide",,C[C@@]1(CNC(=O)C2CC(OC(F)(F)F)C2)CCCN(C(=O)C2C[C@@H]3C[C@@H]3C2)C1,
3243,CC(C)NC(=O)C(=O)N[C@@H]1C[C@@H]2CC[C@H](C1)N2C(=O)Cn1ncc(Br)n1,"N'-((1R,3R,5S)-8-(2-(4-bromo-2H-1,2,3-triazol-2-yl)-acetyl)-8-azabicyclo[3.2.1]octan-3-yl)-N-(propan-2-yl)ethanediamide",,CC(C)NC(=O)C(=O)N[C@H]1C[C@H]2CC[C@@H](C1)N2C(=O)Cn1ncc(Br)n1,
3308,COc1cnnc(C(=O)N2C[C@H]3[C@@H](C2)[C@@H]3C(=O)N(C)[C@H]2CCCOC2)c1,"(1R,5S,6R)-3-((5-methoxypyridazin-3-yl)carbonyl)-N-methyl-N-((3S)-oxan-3-yl)-3-azabicyclo[3.1.0]hexane-6-carboxamide",,COc1cnnc(C(=O)N2C[C@@H]3C(C(=O)N(C)[C@H]4CCCOC4)[C@@H]3C2)c1,
3542,CCN(C(=O)C1(F)CCCCC1)[C@@H]1CCCN(C(=O)[C@@H]2C[C@H](C)O[C@H](C)C2)CC1,"N-((4R)-1-(((2R,4R,6S)-2,6-dimethyl-oxan-4-yl)carbonyl)-1-azacycloheptan-4-yl)-N-ethyl-1-fluorocyclohexanecarboxamide",,CCN(C(=O)C1(F)CCCCC1)[C@@H]1CCCN(C(=O)C2C[C@@H](C)O[C@@H](C)C2)CC1,
3545,C[C@@H]1C[C@@H](C)[C@H](C(=O)N[C@@H]2C[C@@H]3CC[C@H](C2)N3C(=O)c2ncc(C(F)F)s2)O1,"(2R,3R,5R)-N-((1R,3R,5S)-8-((5-(difluoromethyl)thiazol-2-yl)carbonyl)-8-azabicyclo[3.2.1]octan-3-yl)-3,5-dimethyloxolane-2-carboxamide",,C[C@@H]1C[C@@H](C)C(C(=O)N[C@H]2C[C@H]3CC[C@@H](C2)N3C(=O)c2ncc(C(F)F)s2)O1,
3578,CN1CCC[C@H](CC(=O)N[C@H]2C[C@](F)(CNC(=O)C(C)(C)N3CCCC3)C2)C1,"N-(((1R,3s)-1-fluoro-3-(2-((3R)-1-methylpiperidin-3-yl)acetamido)cyclobutyl)methyl)-2-methyl-2-(pyrrolidin-1-yl)propanamide",,CN1CCC[C@H](CC(=O)N[C@H]2C[C@](F)(CNC(=O)C(C)(C)N3CCCC3)C2)C1,
3751,Cn1cc(CN2C[C@H]3C[C@H](NC(=O)c4cccc(I)c4Cl)C[C@H]3C2)cn1,"2-chloro-3-iodo-N-((1R,5S,7S)-3-((1-methyl-1H-pyrazol-4-yl)methyl)-3-azabicyclo[3.3.0]octan-7-yl)benzamide",,Cn1cc(CN2C[C@H]3C[C@H](NC(=O)c4cccc(I)c4Cl)C[C@H]3C2)cn1,
3820,C[C@H]1C[C@@H](NC(=O)c2cc(O)n(C)n2)CCN1C(=O)[C@@H]1[C@H]2[C@@H]3CC[C@@H](C3)[C@H]21,"5-hydroxy-1-methyl-N-((2S,4S)-2-methyl-1-(((1R,2S,3R,4R,5S)-tricyclo[3.2.1.0^{2,4}]octan-3-yl)carbonyl)piperidin-4-yl)-1H-pyrazole-3-carboxamide",,C[C@H]1C[C@@H](NC(=O)c2cc(=O)n(C)[nH]2)CCN1C(=O)C1[C@@H]2[C@H]3CC[C@H](C3)[C@H]12,
3826,COCC[C@@H]1C[C@H]1C(=O)N[C@H]1C[C@](F)(CNC(=O)[C@@H]2CC3(CCCCC3)CO2)C1,"(3S)-N-(((1S,3r)-1-fluoro-3-((1R,2S)-2-(2-methoxyethyl)cyclopropanecarboxamido)cyclobutyl)methyl)-2-oxaspiro[4.5]decane-3-carboxamide",,COCC[C@@H]1CC1C(=O)N[C@H]1C[C@](F)(CNC(=O)C2CC3(CCCCC3)CO2)C1,
3872,O=C(Cc1csc(-c2cccnc2)n1)NC[C@@H](CO)NC(=O)[C@@H]1[C@H]2CCC[C@H]21,"N-((2S)-2-((1R,5S,6R)-bicyclo[3.1.0]hexane-6-carboxamido)-3-hydroxypropyl)-2-(2-(pyridin-3-yl)thiazol-4-yl)acetamide",,O=C(Cc1csc(-c2cccnc2)n1)NC[C@@H](CO)NC(=O)C1[C@H]2CCC[C@@H]12,
3886,CC(C)(C)c1ccnc(N2C[C@H]3C[C@H](NC(=O)CC[C@H]4CCC(=O)N4)C[C@H]3C2)n1,"N-((1R,5S,7S)-3-(4-(tert-butyl)pyrimidin-2-yl)-3-azabicyclo[3.3.0]octan-7-yl)-3-((2R)-5-oxopyrrolidin-2-yl)propanamide",,CC(C)(C)c1ccnc(N2C[C@H]3C[C@H](NC(=O)CC[C@H]4CCC(=O)N4)C[C@H]3C2)n1,
3978,CC1(C)CCO[C@@H](C(=O)N2Cc3occ(C(=O)N4C[C@H]5C[C@H](F)C[C@H]5C4)c3C2)C1,"1-((2R)-4,4-dimethyl-oxan-2-yl)-1-(4-(((1R,5S,7S)-7-fluoro-3-azabicyclo[3.3.0]octan-3-yl)carbonyl)-2-oxa-7-azabicyclo[3.3.0]octa-1(5),3-dien-7-yl)methanone",,CC1(C)CCOC(C(=O)N2Cc3occ(C(=O)N4C[C@H]5C[C@H](F)C[C@H]5C4)c3C2)C1,
3981,C#C[C@H]1[C@H](C(=O)N(CCC)CCNC(=O)[C@H](O)CC(F)(F)F)C1(C)C,"(1S,2S)-2-(ethynyl)-3,3-dimethyl-N-propyl-N-(2-((2R)-4,4,4-trifluoro-2-hydroxybutanamido)ethyl)cyclopropanecarboxamide",C(#C)[C@@H]1[C@@H](C1(C)C)C(=O)N(CCNC([C@@H](CC(F)(F)F)O)=O)CCC,C#C[C@H]1C(C(=O)N(CCC)CCNC(=O)C(O)CC(F)(F)F)C1(C)C,C#C[C@@H]1C(C(=O)N(CCC)CCNC(=O)C(O)CC(F)(F)F)C1(C)C
4032,CSc1sccc1C(=O)N1CCC2(CC1)C[C@@H]2NC(=O)[C@@H]1C[C@H](C)O[C@H](C)C1,"(2R,4R,6S)-2,6-dimethyl-N-((1S)-6-((2-(methylsulfanyl)thiophen-3-yl)carbonyl)-6-azaspiro[2.5]octan-1-yl)oxane-4-carboxamide",,CSc1sccc1C(=O)N1CCC2(CC1)C[C@@H]2NC(=O)C1C[C@@H](C)O[C@@H](C)C1,
4101,C=CC(C)(C)C(=O)N1CC2(C1)CN(C(=O)[C@]13C[C@@H](C)[C@H]1C3)C2,"2,2-dimethyl-1-(6-(((1S,3R,4R)-3-methylbicyclo[2.1.0]pentan-1-yl)carbonyl)-2,6-diazaspiro[3.3]heptan-2-yl)but-3-en-1-one",CC(C(=O)N1CC2(C1)CN(C2)C(=O)[C@]21C[C@H]([C@H]1C2)C)(C=C)C,C=CC(C)(C)C(=O)N1CC2(C1)CN(C(=O)[C@]13C[C@@H](C)[C@H]1C3)C2,C=CC(C)(C)C(=O)N1CC2(C1)CN(C(=O)[C@@]13C[C@@H](C)[C@H]1C3)C2
4188,CCN(C)[C@H]1C[C@@H](C(=O)N[C@]2(C(=O)N[C@@]3(C)CCCC3(F)F)C[C@H](O)C2)C1,"1-(cis-3-((ethyl)(methyl)amino)cyclobutanecarboxamido)-N-((1S)-2,2-difluoro-1-methylcyclopentyl)-3-hydroxycyclobutanecarboxamide",C(C)N([C@H]1C[C@H](C1)C(=O)NC1(CC(C1)O)C(=O)N[C@@]1(C(CCC1)(F)F)C)C,CCN(C)C1CC(C(=O)N[C@]2(C(=O)N[C@@]3(C)CCCC3(F)F)C[C@H](O)C2)C1,CCN(C)C1CC(C(=O)NC2(C(=O)N[C@@]3(C)CCCC3(F)F)CC(O)C2)C1
4271,O=C(c1ccco1)N1C[C@H]2[C@H](NCc3c[nH]c4cc(F)c(F)cc34)[C@H]2C1,"1-((1R,5S,6S)-6-(((5,6-difluoro-1H-indol-3-yl)methyl)amino)-3-azabicyclo[3.1.0]hexan-3-yl)-1-(furan-2-yl)methanone",,O=C(c1ccco1)N1C[C@@H]2[C@H](C1)[C@H]2NCc1c[nH]c2cc(F)c(F)cc12,
4354,C[C@@H]1C[C@@]2(C(=O)N3[C@H]4CCC[C@H]3CN(C(=O)c3ccc(S(N)(=O)=O)o3)CC4)C[C@@H]12,"1-((1R,3R,4S)-3-methylbicyclo[2.1.0]pentan-1-yl)-1-((1S,6S)-3-((5-(sulfamoyl)furan-2-yl)carbonyl)-3,10-diazabicyclo[4.3.1]decan-10-yl)methanone",C[C@@H]1C[C@@]2(C[C@@H]12)C(=O)N1[C@@H]2CN(CC[C@@H]1CCC2)C(=O)C=2OC(=CC2)S(N)(=O)=O,C[C@@H]1C[C@@]2(C(=O)N3[C@H]4CCC[C@H]3CN(C(=O)c3ccc(S(N)(=O)=O)o3)CC4)C[C@@H]12,C[C@@H]1C[C@]2(C(=O)N3[C@H]4CCC[C@H]3CN(C(=O)c3ccc(S(N)(=O)=O)o3)CC4)C[C@@H]12
4403,CC#CC[C@H](NC(=O)[C@@H]1[C@H]2CCCC[C@H]21)C(=O)NCCc1cnc(C)s1,"(1R,6S,7R)-N-((2S)-1-((2-(2-methylthiazol-5-yl)ethyl)amino)-1-oxohex-4-yn-2-yl)bicyclo[4.1.0]heptane-7-carboxamide",,CC#CCC(NC(=O)C1[C@H]2CCCC[C@@H]12)C(=O)NCCc1cnc(C)s1,
4405,CCc1cc(C(=O)N2C[C@H](C)[C@@H](NC(=O)c3cccc(O)c3F)[C@H](C)C2)c(C)o1,"N-((3R,4R,5S)-1-((5-ethyl-2-methylfuran-3-yl)carbonyl)-3,5-dimethylpiperidin-4-yl)-2-fluoro-3-hydroxybenzene-1-carboxamide",,CCc1cc(C(=O)N2C[C@@H](C)[C@H](NC(=O)c3cccc(O)c3F)[C@@H](C)C2)c(C)o1,
4444,O=C(NCC[C@H]1CCN(C(=O)Cn2cnccc2=O)C1)[C@H]1C[C@@H]2C[C@@H]2C1,"(1R,3S,5S)-N-(2-((3S)-1-(1-oxo-2-(6-oxo-1,3-diazacyclohexa-2,4-dien-1-yl)ethyl)pyrrolidin-3-yl)ethyl)bicyclo[3.1.0]hexane-3-carboxamide",,O=C(NCC[C@H]1CCN(C(=O)Cn2cnccc2=O)C1)C1C[C@@H]2C[C@@H]2C1,
4501,CCCN(CC)c1ccc(C(=O)NC2(CNC(=O)C3=C[C@@H]4CCC[C@H]34)CC2)cn1,"N-(1-(((1R,5S)-bicyclo[3.2.0]hept-6-ene-6-carboxamido)methyl)cyclopropyl)-6-((ethyl)(propyl)amino)pyridine-3-carboxamide",[C@@H]12CCC[C@@H]2C(=C1)C(=O)NCC1(CC1)NC(=O)C=1C=NC(=CC1)N(CCC)CC,CCCN(CC)c1ccc(C(=O)NC2(CNC(=O)C3=C[C@@H]4CCC[C@H]34)CC2)cn1,CCCN(CC)c1ccc(C(=O)NC2(CNC(=O)C3=C[C@H]4CCC[C@H]34)CC2)cn1
4601,CCC1C[C@@H]2CC[C@H](C1)N2C(=O)C1(CC)CN(C(=O)[C@H]2C[C@@H]3C[C@@H]3C2)C1,"1-(1-(((1R,3S,5S)-bicyclo[3.1.0]hexan-3-yl)carbonyl)-3-ethyl-azetidin-3-yl)-1-((1R,5S)-3-ethyl-8-azabicyclo[3.2.1]octan-8-yl)methanone",,CCC1C[C@H]2CC[C@@H](C1)N2C(=O)C1(CC)CN(C(=O)C2C[C@@H]3C[C@@H]3C2)C1,
4633,C[C@@]1(C(=O)N[C@H]2C[C@@](F)(CNC(=O)C3(F)CC3)C2)CC(c2ccccc2Cl)=NO1,"(5S)-3-(2-chlorophenyl)-N-((1S,3s)-3-fluoro-3-((1-fluorocyclopropanecarboxamido)methyl)cyclobutyl)-5-methyl-1-oxa-2-azacyclopent-2-ene-5-carboxamide",,C[C@@]1(C(=O)N[C@H]2C[C@@](F)(CNC(=O)C3(F)CC3)C2)CC(c2ccccc2Cl)=NO1,
4662,CN(C(=O)[C@H]1CC2CCC1CC2)[C@H]1[C@@H]2CN(C(=O)[C@@H](C#N)C3CC3)C[C@@H]21,"(2S)-N-((1R,5S,6S)-3-((2R)-2-cyclopropyl-3-nitrilo-propionyl)-3-azabicyclo[3.1.0]hexan-6-yl)-N-methylbicyclo[2.2.2]octane-2-carboxamide",,CN(C(=O)C1CC2CCC1CC2)[C@H]1[C@@H]2CN(C(=O)C(C#N)C3CC3)C[C@@H]21,
4893,CC(=O)OC(C)(C)C(=O)N1CCC[C@@]2(CCCN2C(=O)C[C@H](C)P(C)(C)=O)C1,"2-(((5R)-1-((3S)-3-(dimethyloxophosphanyl)-butyryl)-1,7-diazaspiro[4.5]decan-7-yl)carbonyl)propan-2-yl acetate",C(C)(=O)OC(C)(C)C(=O)N1C[C@@]2(CCCN2C(C[C@H](C)P(=O)(C)C)=O)CCC1,CC(=O)OC(C)(C)C(=O)N1CCC[C@@]2(CCCN2C(=O)C[C@H](C)P(C)(C)=O)C1,CC(=O)OC(C)(C)C(=O)N1CCC[C@]2(CCCN2C(=O)C[C@H](C)P(C)(C)=O)C1
4894,C[C@@H]1C[C@@]2(C(=O)N3CC[C@H](CNC(=O)c4nc(C(F)(F)F)cn4C)C3(C)C)C[C@@H]12,"N-(((3R)-2,2-dimethyl-1-(((1R,3R,4S)-3-methylbicyclo[2.1.0]pentan-1-yl)carbonyl)pyrrolidin-3-yl)methyl)-1-methyl-4-(trifluoromethyl)-1H-imidazole-2-carboxamide",CC1(N(CC[C@@H]1CNC(=O)C=1N(C=C(N1)C(F)(F)F)C)C(=O)[C@@]12C[C@H]([C@@H]2C1)C)C,C[C@@H]1C[C@@]2(C(=O)N3CC[C@H](CNC(=O)c4nc(C(F)(F)F)cn4C)C3(C)C)C[C@@H]12,C[C@@H]1C[C@]2(C(=O)N3CC[C@H](CNC(=O)c4nc(C(F)(F)F)cn4C)C3(C)C)C[C@@H]12
4915,CC(Cl)(Cl)C(=O)N[C@H]1[C@@H]2CN(C(=O)CCc3csc4ccccc34)C[C@@H]21,"N-((1R,5S,6S)-3-(3-(1-benzothiophen-3-yl)-propionyl)-3-azabicyclo[3.1.0]hexan-6-yl)-2,2-dichloropropanamide",,CC(Cl)(Cl)C(=O)N[C@H]1[C@@H]2CN(C(=O)CCc3csc4ccccc34)C[C@@H]21,
4945,CO[C@H]1C[C@@](CO)(NC(=O)C23CC(NC(=O)CN4CSCC4=O)(C2)C3)C1,"N-((1R,3s)-1-(hydroxymethyl)-3-methoxycyclobutyl)-3-(2-(4-oxo-1,3-thiazolidin-3-yl)acetamido)bicyclo[1.1.1]pentane-1-carboxamide",,CO[C@H]1C[C@@](CO)(NC(=O)C23CC(NC(=O)CN4CSCC4=O)(C2)C3)C1,
4954,O=C(NOCCC1CC1)c1ccc(CNC(=O)[C@H]2C[C@H]3[C@@H](C2)C3(F)F)cn1,"N-((2-cyclopropylethyl)oxy)-5-(((1R,3S,5S)-6,6-difluorobicyclo[3.1.0]hexane-3-carboxamido)methyl)pyridine-2-carboxamide",,O=C(NOCCC1CC1)c1ccc(CNC(=O)C2C[C@@H]3[C@H](C2)C3(F)F)cn1,
4989,Cc1cc2cc[nH]c2cc1C(=O)N[C@@H]1[C@@H]2CN(C(=O)c3cc(F)nc(F)c3)C[C@@H]21,"N-((1R,5S,6R)-3-((2,6-difluoropyridin-4-yl)carbonyl)-3-azabicyclo[3.1.0]hexan-6-yl)-5-methyl-1H-indole-6-carboxamide",,Cc1cc2cc[nH]c2cc1C(=O)N[C@@H]1[C@@H]2CN(C(=O)c3cc(F)nc(F)c3)C[C@@H]21,
5016,Cc1ccc(C(=O)N[C@H]2C[C@@H]3CN(C(=O)c4nn(C)c(C)c4Br)C[C@@H]3C2)c(O)c1,"N-((1R,5S,7S)-3-((4-bromo-1,5-dimethyl-1H-pyrazol-3-yl)carbonyl)-3-azabicyclo[3.3.0]octan-7-yl)-2-hydroxy-4-methylbenzene-1-carboxamide",,Cc1ccc(C(=O)N[C@H]2C[C@@H]3CN(C(=O)c4nn(C)c(C)c4Br)C[C@@H]3C2)c(O)c1,
5039,CS(=O)(=O)NCC(=O)N[C@H]1[C@@H]2CN(C(=O)c3c(F)ccc(Br)c3F)C[C@@H]21,"N-((1R,5S,6S)-3-((3-bromo-2,6-difluorophenyl)carbonyl)-3-azabicyclo[3.1.0]hexan-6-yl)-2-methylsulfonylaminoacetamide",,CS(=O)(=O)NCC(=O)N[C@H]1[C@@H]2CN(C(=O)c3c(F)ccc(Br)c3F)C[C@@H]21,
5064,COc1ncc(C(=O)NC[C@@]2(C)CN(C(=O)[C@H]3C[C@H]4[C@@H](C3)C4(F)F)C(C)(C)C2)s1,"N-(((3S)-1-(((1R,3S,5S)-6,6-difluorobicyclo[3.1.0]hexan-3-yl)carbonyl)-3,5,5-trimethylpyrrolidin-3-yl)methyl)-2-methoxythiazole-5-carboxamide",,COc1ncc(C(=O)NC[C@@]2(C)CN(C(=O)C3C[C@@H]4[C@H](C3)C4(F)F)C(C)(C)C2)s1,
5092,Cc1nc2ccccn2c1C(=O)N1C[C@H]2[C@H](NC(=O)/C=C/c3ccoc3)[C@H]2C1,"(2E)-3-(furan-3-yl)-N-((1R,5S,6S)-3-((8-methyl-1,7-diazabicyclo[4.3.0]nona-2,4,6,8-tetraen-9-yl)carbonyl)-3-azabicyclo[3.1.0]hexan-6-yl)prop-2-enamide",,Cc1nc2ccccn2c1C(=O)N1C[C@@H]2[C@H](C1)[C@H]2NC(=O)/C=C/c1ccoc1,
5116,Cc1nc(-c2c[nH]cc2C(=O)N[C@H]2[C@@H]3CN(C(=O)C4CC=CC4)C[C@@H]32)cs1,"N-((1R,5S,6S)-3-((cyclopent-3-en-1-yl)carbonyl)-3-azabicyclo[3.1.0]hexan-6-yl)-4-(2-methylthiazol-4-yl)-1H-pyrrole-3-carboxamide",,Cc1nc(-c2c[nH]cc2C(=O)N[C@H]2[C@@H]3CN(C(=O)C4CC=CC4)C[C@@H]32)cs1,
5198,C[C@H](CCC(=O)N(C)[C@@H]1CN2CCC1CC2)NC(=O)[C@@H]1[C@H]2CN(C)C[C@H]21,"(4R)-N-((3S)-1-azabicyclo[2.2.2]octan-3-yl)-N-methyl-4-((1R,5S,6R)-3-methyl-3-azabicyclo[3.1.0]hexane-6-carboxamido)pentanamide",,C[C@H](CCC(=O)N(C)[C@@H]1CN2CCC1CC2)NC(=O)C1[C@H]2CN(C)C[C@@H]12,
5222,COc1ncc(F)cc1C(=O)N1[C@H]2CC[C@@H]1C[C@@H](CNC(=O)Cn1nccn1)C2,"N-(((1R,3S,5S)-8-((5-fluoro-2-methoxypyridin-3-yl)carbonyl)-8-azabicyclo[3.2.1]octan-3-yl)methyl)-2-(2H-1,2,3-triazol-2-yl)acetamide",,COc1ncc(F)cc1C(=O)N1[C@@H]2CC[C@H]1C[C@H](CNC(=O)Cn1nccn1)C2,
5300,C[C@H](NC(=O)CNC(=O)C(C)(C)C)C1(O)CN(C(=O)[C@@H]2[C@H]3CCCCC[C@H]32)C1,"N-(2-(((1S)-1-(1-(((1R,7S,8R)-bicyclo[5.1.0]octan-8-yl)carbonyl)-3-hydroxy-azetidin-3-yl)ethyl)amino)-2-oxoethyl)-2,2-dimethylpropanamide",,C[C@H](NC(=O)CNC(=O)C(C)(C)C)C1(O)CN(C(=O)C2[C@H]3CCCCC[C@@H]23)C1,
5334,COC(=O)c1cnc(N2C[C@H]3[C@H](CNC(=O)Cn4nnnc4C)[C@H]3C2)cn1,"methyl 5-((1R,5S,6S)-6-((2-(5-methyl-1H-tetrazol-1-yl)acetamido)methyl)-3-azabicyclo[3.1.0]hexan-3-yl)pyrazine-2-carboxylate",,COC(=O)c1cnc(N2C[C@@H]3[C@@H](CNC(=O)Cn4nnnc4C)[C@@H]3C2)cn1,
5422,O=C([C@@H]1CC[C@@H](O)CN1C(=O)[C@@H]1C=CCS1)N1CCC[C@]2(C1)C[C@H](O)C2,"1-((2S,5R)-5-hydroxy-1-(((2S)-1-thiacyclopent-3-en-2-yl)carbonyl)piperidin-2-yl)-1-(2-hydroxy-6-azaspiro[3.5]nonan-6-yl)methanone",O[C@@H]1CC[C@H](N(C1)C(=O)[C@H]1SCC=C1)C(=O)N1CC2(CC(C2)O)CCC1,O=C(C1CC[C@@H](O)CN1C(=O)C1C=CCS1)N1CCC[C@]2(C1)C[C@H](O)C2,O=C(C1CC[C@@H](O)CN1C(=O)C1C=CCS1)N1CCCC2(CC(O)C2)C1
5459,C[C@H]1[C@@H](C)[C@@H]1C(=O)NCc1cc2sc(C(=O)O)cc2s1,"7-(((1R,2R,3S)-2,3-dimethylcyclopropanecarboxamido)methyl)-2,6-dithiabicyclo[3.3.0]octa-1(5),3,7-triene-3-carboxylic acid",,C[C@@H]1C(C(=O)NCc2cc3sc(C(=O)O)cc3s2)[C@@H]1C,
5468,CCN1CC[C@@H]1C(=O)N[C@@H]1C[C@H]1CNC(=O)[C@]1(c2ccccc2)C[C@@H](F)C1,"(2R)-1-ethyl-N-((1R,2S)-2-((3-fluoro-1-phenylcyclobutanecarboxamido)methyl)cyclopropyl)azetidine-2-carboxamide",C(C)N1[C@H](CC1)C(=O)N[C@H]1[C@@H](C1)CNC(=O)C1(CC(C1)F)C1=CC=CC=C1,CCN1CCC1C(=O)N[C@@H]1C[C@H]1CNC(=O)[C@]1(c2ccccc2)C[C@@H](F)C1,CCN1CCC1C(=O)N[C@@H]1C[C@H]1CNC(=O)C1(c2ccccc2)CC(F)C1
5525,CN1C(=O)CCC[C@@H]1C(=O)N1C[C@H]2[C@H](NC(=O)CC(F)(F)CS(C)(=O)=O)[C@H]2C1,"3,3-difluoro-N-((1R,5S,6S)-3-(((2R)-1-methyl-6-oxopiperidin-2-yl)carbonyl)-3-azabicyclo[3.1.0]hexan-6-yl)-4-(methylsulfonyl)butanamide",,CN1C(=O)CCCC1C(=O)N1C[C@@H]2[C@H](C1)[C@H]2NC(=O)CC(F)(F)CS(C)(=O)=O,
5527,C[C@@H](CNC(=O)c1cc2cscc2s1)N(C)C(=O)[C@]12C[C@H]1[C@H](C)C2,"N-((2S)-2-(N-methyl(1R,3R,4S)-3-methylbicyclo[2.1.0]pentane-1-carboxamido)propyl)-2,7-dithiabicyclo[3.3.0]octa-1(8),3,5-triene-3-carboxamide",CN(C(=O)[C@@]12C[C@H]([C@@H]2C1)C)[C@H](CNC(=O)C=1SC2=CSC=C2C1)C,C[C@@H]1C[C@@]2(C(=O)N(C)[C@@H](C)CNC(=O)c3cc4cscc4s3)C[C@@H]12,C[C@@H]1C[C@]2(C(=O)N(C)[C@@H](C)CNC(=O)c3cc4cscc4s3)C[C@@H]12
5541,O=C([C@H]1CCCCO1)N1CCC[C@]2(CCCN2C(=O)C2CC3(CCC3)C2)CC1,"1-((2R)-oxan-2-yl)-1-((5S)-1-((spiro[3.3]heptan-2-yl)carbonyl)-1,8-diazaspiro[4.6]undecan-8-yl)methanone",O1[C@H](CCCC1)C(=O)N1CC[C@]2(CCCN2C(=O)C2CC3(C2)CCC3)CCC1,O=C(C1CCCCO1)N1CCC[C@]2(CCCN2C(=O)C2CC3(CCC3)C2)CC1,O=C(C1CCCCO1)N1CCC[C@@]2(CCCN2C(=O)C2CC3(CCC3)C2)CC1
5584,CCOc1ccnc(N2C[C@H]3[C@H](NC(=O)[C@@H](C4CC4)[C@H]4CCCO4)[C@H]3C2)n1,"(2S)-2-cyclopropyl-N-((1R,5S,6S)-3-(4-ethoxypyrimidin-2-yl)-3-azabicyclo[3.1.0]hexan-6-yl)-2-((2R)-oxolan-2-yl)acetamide",,CCOc1ccnc(N2C[C@@H]3[C@H](C2)[C@H]3NC(=O)C(C2CC2)[C@H]2CCCO2)n1,
5615,CCC(CC)(CCNC(=O)[C@H]1CCCC(=O)N1C)NC(=O)[C@@H]1[C@H]2CC(=O)C[C@H]21,"(2R)-N-(3-ethyl-3-((1R,5S,6R)-3-oxobicyclo[3.1.0]hexane-6-carboxamido)pentyl)-1-methyl-6-oxopiperidine-2-carboxamide",,CCC(CC)(CCNC(=O)C1CCCC(=O)N1C)NC(=O)C1[C@H]2CC(=O)C[C@@H]12,
5676,Cc1ccc(OCC(=O)N[C@H]2C[C@@](C)(NC(=O)[C@H](O)Cn3cncn3)C2)c(C)c1,"(2R)-N-((1R,3s)-3-(2-((2,4-dimethylphenyl)oxy)acetamido)-1-methylcyclobutyl)-2-hydroxy-3-(1H-1,2,4-triazol-1-yl)propanamide",,Cc1ccc(OCC(=O)N[C@H]2C[C@@](C)(NC(=O)C(O)Cn3cncn3)C2)c(C)c1,
5690,COC(=O)c1c(N2C[C@H]3[C@H](NC(=O)[C@@H]4CCCC4(C)C)[C@H]3C2)nnc2c1CCC2,"methyl 4-((1R,5S,6S)-6-((1R)-2,2-dimethylcyclopentanecarboxamido)-3-azabicyclo[3.1.0]hexan-3-yl)-2,3-diazabicyclo[4.3.0]nona-1(6),2,4-triene-5-carboxylate",,COC(=O)c1c(N2C[C@@H]3[C@H](C2)[C@H]3NC(=O)C2CCCC2(C)C)nnc2c1CCC2,
5701,Cc1nc(C(=O)NC[C@]2(F)C[C@H](NC(=O)[C@H]3Cc4nccn4C3)C2)c(C)o1,"N-(((1S,3s)-3-((7S)-1,4-diazabicyclo[3.3.0]octa-2,4-diene-7-carboxamido)-1-fluorocyclobutyl)methyl)-2,5-dimethyloxazole-4-carboxamide",,Cc1nc(C(=O)NC[C@]2(F)C[C@H](NC(=O)C3Cc4nccn4C3)C2)c(C)o1,
5801,COCC[C@H]1CN(C(=O)CCCCSC)CCN1C(=O)[C@@H]1[C@H]2CN(C)C[C@H]21,"1-((3S)-3-(2-methoxyethyl)-4-(((1R,5S,6R)-3-methyl-3-azabicyclo[3.1.0]hexan-6-yl)carbonyl)piperazin-1-yl)-5-(methylsulfanyl)pentan-1-one",,COCC[C@H]1CN(C(=O)CCCCSC)CCN1C(=O)C1[C@H]2CN(C)C[C@@H]12,
5907,Cn1cnc(CC(=O)N[C@H]2C[C@H]3COC[C@@H](C2)N3C(=O)Cc2ccno2)c1,"N-((1R,5S,7S)-9-(2-(isoxazol-5-yl)-acetyl)-3-oxa-9-azabicyclo[3.3.1]nonan-7-yl)-2-(1-methyl-1H-imidazol-4-yl)acetamide",,Cn1cnc(CC(=O)N[C@H]2C[C@H]3COC[C@@H](C2)N3C(=O)Cc2ccno2)c1,
5933,Cc1ccc2oc(C(=O)NCC[C@@H](C)N(C)C(=O)[C@H]3[C@@H](C)[C@H]3C)cc2n1,"3-methyl-N-((3R)-3-(N-methyl(1S,2R,3S)-2,3-dimethylcyclopropanecarboxamido)butyl)-7-oxa-2-azabicyclo[4.3.0]nona-1(6),2,4,8-tetraene-8-carboxamide",,Cc1ccc2oc(C(=O)NCC[C@@H](C)N(C)C(=O)C3[C@@H](C)[C@H]3C)cc2n1,
5963,C[C@]1(NC(=O)c2cccc3cncn23)C[C@H](NC(=O)C[C@H]2CC23CC3)C1,"N-((1R,3r)-1-methyl-3-(2-((1R)-spiro[2.2]pentan-1-yl)acetamido)cyclobutyl)-1,8-diazabicyclo[4.3.0]nona-2,4,6,8-tetraene-2-carboxamide",,C[C@]1(NC(=O)c2cccc3cncn23)C[C@H](NC(=O)C[C@H]2CC23CC3)C1,
5973,O=C(NCC1CC2(C1)CC(NC(=O)[C@@H]1C[C@@H]3CC[C@@H]3C1)C2)c1ccc(F)c(F)c1,"(1R,3R,5S)-N-(2-((3,4-difluorobenzene-1-carboxamido)methyl)spiro[3.3]heptan-6-yl)bicyclo[3.2.0]heptane-3-carboxamide",,O=C(NCC1CC2(C1)CC(NC(=O)C1C[C@H]3CC[C@H]3C1)C2)c1ccc(F)c(F)c1,
6004,C[C@@H]1CCCN(C(=O)c2cc3ncccc3[nH]2)[C@H]1CNC(=O)[C@]1(C)C[C@@H](C#N)C1,"3-cyano-N-(((2R,3R)-1-((2,7-diazabicyclo[4.3.0]nona-1,3,5,8-tetraen-8-yl)carbonyl)-3-methylpiperidin-2-yl)methyl)-1-methylcyclobutanecarboxamide",C(#N)C1CC(C1)(C(=O)NC[C@@H]1N(CCC[C@H]1C)C(=O)C=1NC2=CC=CN=C2C1)C,C[C@@H]1CCCN(C(=O)c2cc3ncccc3[nH]2)[C@H]1CNC(=O)[C@]1(C)C[C@@H](C#N)C1,C[C@@H]1CCCN(C(=O)c2cc3ncccc3[nH]2)[C@H]1CNC(=O)C1(C)CC(C#N)C1
6100,CCOc1oc(C)nc1C(=O)N[C@H]1C[C@](C)(NC(=O)c2ccc(N)cc2CC)C1,"N-((1S,3s)-3-(4-amino-2-ethylbenzene-1-carboxamido)-3-methylcyclobutyl)-5-ethoxy-2-methyloxazole-4-carboxamide",,CCOc1oc(C)nc1C(=O)N[C@H]1C[C@](C)(NC(=O)c2ccc(N)cc2CC)C1,
6148,CN(C)CC[C@H](O)C(=O)NC[C@]1(F)C[C@H](NC(=O)c2ccc3c[nH]nc3c2)C1,"(2S)-4-(dimethylamino)-N-(((1R,3r)-1-fluoro-3-(2H-indazole-6-carboxamido)cyclobutyl)methyl)-2-hydroxybutanamide",,CN(C)CCC(O)C(=O)NC[C@]1(F)C[C@H](NC(=O)c2ccc3c[nH]nc3c2)C1,
6167,CN1CCC[C@@H](C(=O)NC2(C3CN(C(=O)c4cc5c([nH]4)CCCC5=O)C3)CC2)C1,"(3R)-1-methyl-N-(1-(1-((2-oxo-7-azabicyclo[4.3.0]nona-1(6),8-dien-8-yl)carbonyl)-azetidin-3-yl)cyclopropyl)piperidine-3-carboxamide",CN1C[C@@H](CCC1)C(=O)NC1(CC1)C1CN(C1)C(=O)C=1NC=2CCCC(C2C1)=O,CN1CCCC(C(=O)NC2(C3CN(C(=O)c4cc5c([nH]4)CCCC5=O)C3)CC2)C1,CN1CCCC(C(=O)NC2(C3CN(C(O)c4cc5c(O)cccc5[nH]4)C3)CC2)C1
6182,Cn1cc(Cl)cc1C(=O)N1CC2(CCN(C(=O)c3cncs3)CC2)[C@H]2COC[C@H]21,"1-(4-chloro-1-methyl-1H-pyrrol-2-yl)-1-((1R,5S)-spiro[3-oxa-6-azabicyclo[3.3.0]octane-8,4'-(1-(piperidin-1-yl)-1-(thiazol-5-yl)methanone)]-6-yl)methanone",,Cn1cc(Cl)cc1C(=O)N1CC2(CCN(C(=O)c3cncs3)CC2)[C@H]2COC[C@H]21,
6275,CCSC[C@H](NC(=O)[C@@H]1[C@H]2CC(=O)C[C@H]21)C(=O)NCc1nc(COC)n[nH]1,"(1R,5S,6R)-N-((2R)-1-(ethylsulfanyl)-3-(((3-(methoxymethyl)-1H-1,2,4-triazol-5-yl)methyl)amino)-3-oxopropan-2-yl)-3-oxobicyclo[3.1.0]hexane-6-carboxamide",,CCSCC(NC(=O)C1[C@H]2CC(=O)C[C@@H]12)C(=O)NCc1n[nH]c(COC)n1,
6288,C[C@H](CN(C)C(=O)[C@H]1C[C@H]2CCC[C@H](C2)C1)NC(=O)CCC(=O)c1ccccn1,"(1R,3S,5S)-N-methyl-N-((2R)-2-(4-oxo-4-(pyridin-2-yl)butanamido)propyl)bicyclo[3.3.1]nonane-3-carboxamide",,C[C@H](CN(C)C(=O)C1C[C@H]2CCC[C@@H](C1)C2)NC(=O)CCC(=O)c1ccccn1,
6289,Cc1cc(C(=O)N[C@@H](C)CC2CN(C(=O)[C@]34C[C@H]3[C@H](C)C4)C2)n(C2CCC2)n1,"1-cyclobutyl-3-methyl-N-((2S)-1-(1-(((1R,3R,4S)-3-methylbicyclo[2.1.0]pentan-1-yl)carbonyl)-azetidin-3-yl)propan-2-yl)-1H-pyrazole-5-carboxamide",C1(CCC1)N1N=C(C=C1C(=O)N[C@H](CC1CN(C1)C(=O)[C@@]12C[C@H]([C@@H]2C1)C)C)C,Cc1cc(C(=O)N[C@@H](C)CC2CN(C(=O)[C@@]34C[C@@H](C)[C@@H]3C4)C2)n(C2CCC2)n1,Cc1cc(C(=O)N[C@@H](C)CC2CN(C(=O)[C@]34C[C@@H](C)[C@@H]3C4)C2)n(C2CCC2)n1
6361,CC(=O)CSCC(=O)N1CCC[C@H](CN(C)C(=O)[C@@H]2C[C@H](C)O[C@H](C)C2)C1,"(2R,4R,6S)-2,6,N-trimethyl-N-(((3R)-1-(1-oxo-2-((2-oxopropyl)sulfanyl)ethyl)piperidin-3-yl)methyl)oxane-4-carboxamide",,CC(=O)CSCC(=O)N1CCC[C@H](CN(C)C(=O)C2C[C@@H](C)O[C@@H](C)C2)C1,
6373,CC1CN([C@@H](C)C(=O)N2CCC[C@H](CNC(=O)[C@]34CCC[C@H]3CCC4)CC2)C1,N-(((4S)-1-((2S)-2-(3-methyl-azetidin-1-yl)-propionyl)-1-azacycloheptan-4-yl)methyl)bicyclo[3.3.0]octane-1-carboxamide,CC1CN(C1)[C@H](C(=O)N1CC[C@H](CCC1)CNC(=O)C12CCCC2CCC1)C,CC1CN(C(C)C(=O)N2CCC[C@H](CNC(=O)[C@]34CCC[C@H]3CCC4)CC2)C1,CC1CN(C(C)C(=O)N2CCC[C@H](CNC(=O)C34CCCC3CCC4)CC2)C1
6394,C[C@@H]1C[C@@H]2C[C@@H]2C[C@@H]1C(=O)N1CC2(C1)CN(C(=O)[C@@H]1CCCCNC1=O)C2,"(3R)-3-((2-(((1R,3S,4R,6R)-4-methylbicyclo[4.1.0]heptan-3-yl)carbonyl)-2,6-diazaspiro[3.3]heptan-6-yl)carbonyl)-1-azacycloheptan-2-one",C[C@H]1[C@H](C[C@H]2C[C@@H]2C1)C(=O)N1CC2(C1)CN(C2)C(=O)[C@H]2C(NCCCC2)=O,C[C@@H]1C[C@@H]2C[C@@H]2CC1C(=O)N1CC2(CN(C(=O)C3CCCCNC3=O)C2)C1,C[C@@H]1C[C@H]2C[C@@H]2CC1C(=O)N1CC2(CN(C(=O)C3CCCCNC3=O)C2)C1
6518,C=C(Br)CC(=O)NC[C@]1(F)C[C@@H](NC(=O)[C@](C)(O)C(C)C)C1,"3-bromo-N-(((1S,3r)-1-fluoro-3-((2R)-2-hydroxy-2,3-dimethylbutanamido)cyclobutyl)methyl)but-3-enamide",,C=C(Br)CC(=O)NC[C@]1(F)C[C@@H](NC(=O)[C@](C)(O)C(C)C)C1,
6573,CSCCNC(=O)[C@H]([C@@H](C)NC(=O)OC(C)(C)C)N1C[C@@H]2C[C@H](CO)C[C@@H](C2)C1,"tert-butyl (((2R,3S)-3-((1R,5S,7S)-7-(hydroxymethyl)-3-azabicyclo[3.3.1]nonan-3-yl)-4-((2-(methylsulfanyl)ethyl)amino)-4-oxobutan-2-yl)amino)formate",,CSCCNC(=O)C([C@@H](C)NC(=O)OC(C)(C)C)N1C[C@@H]2C[C@H](CO)C[C@@H](C2)C1,
6624,C[C@]1(N(CCO)C(=O)[C@@H]2[C@H]3CN(Cc4ccc(Cl)o4)C[C@H]32)CCS(=O)(=O)C1,"(1R,5S,6R)-3-((5-chlorofuran-2-yl)methyl)-N-(2-hydroxyethyl)-N-((3S)-3-methyl-1,1-dioxothiolan-3-yl)-3-azabicyclo[3.1.0]hexane-6-carboxamide",,C[C@]1(N(CCO)C(=O)C2[C@H]3CN(Cc4ccc(Cl)o4)C[C@@H]23)CCS(=O)(=O)C1,
6634,Cc1nnnn1CC(=O)N[C@H]1C[C@](F)(CNC(=O)[C@@H]2CN(C)CCO2)C1,"N-((1S,3r)-3-fluoro-3-(((2S)-4-methylmorpholine-2-carboxamido)methyl)cyclobutyl)-2-(5-methyl-1H-tetrazol-1-yl)acetamide",,Cc1nnnn1CC(=O)N[C@H]1C[C@](F)(CNC(=O)C2CN(C)CCO2)C1,
6643,COCc1ccc(C(=O)N2C[C@H]3[C@H](CC(=O)NCCc4ccc(F)cc4)[C@H]3C2)o1,"N-(2-(4-fluorophenyl)ethyl)-2-((1R,5S,6S)-3-((5-(methoxymethyl)furan-2-yl)carbonyl)-3-azabicyclo[3.1.0]hexan-6-yl)acetamide",,COCc1ccc(C(=O)N2C[C@@H]3[C@@H](CC(=O)NCCc4ccc(F)cc4)[C@@H]3C2)o1,
6652,CC[C@@H](C(=O)NCCCNC(=O)[C@]1(C)C[C@@H]2C[C@@H]2C1)c1cccnc1,"(2R)-N-(3-((1R,3R,5S)-3-methylbicyclo[3.1.0]hexane-3-carboxamido)propyl)-2-(pyridin-3-yl)butanamide",,CCC(C(=O)NCCCNC(=O)[C@@]1(C)C[C@H]2C[C@H]2C1)c1cccnc1,
6657,C=CC[C@](C)(CC)C(=O)N1C[C@H]2[C@H](CC(=O)N(C)CC(=O)NC)[C@H]2C1,"2-((1R,5S,6S)-3-((2S)-2-ethyl-2-methyl-1-oxopent-4-en-1-yl)-3-azabicyclo[3.1.0]hexan-6-yl)-N-methyl-N-(2-(methylamino)-2-oxoethyl)acetamide",,C=CC[C@](C)(CC)C(=O)N1C[C@@H]2[C@@H](CC(=O)N(C)CC(=O)NC)[C@@H]2C1,
6682,CC(C)[C@@]12CC[C@H](NC(=O)CSCCNC(=O)[C@]34CCC[C@H]3CCC4)[C@@H]1C2,"2-((2-(bicyclo[3.3.0]octane-1-carboxamido)ethyl)sulfanyl)-N-((1R,2S,5S)-5-(propan-2-yl)bicyclo[3.1.0]hexan-2-yl)acetamide",C12(CCCC2CCC1)C(=O)NCCSCC(=O)N[C@@H]1[C@@H]2C[C@@]2(CC1)C(C)C,CC(C)[C@@]12CC[C@H](NC(=O)CSCCNC(=O)[C@]34CCC[C@H]3CCC4)[C@@H]1C2,CC(C)[C@@]12CC[C@H](NC(=O)CSCCNC(=O)C34CCCC3CCC4)[C@@H]1C2
6696,CCn1ncc(Cl)c1C(=O)N[C@H]1C[C@](C)(NC(=O)[C@H]2CCCC3(CC3)C2)C1,"4-chloro-1-ethyl-N-((1S,3s)-3-methyl-3-((5S)-spiro[2.5]octane-5-carboxamido)cyclobutyl)-1H-pyrazole-5-carboxamide",,CCn1ncc(Cl)c1C(=O)N[C@H]1C[C@](C)(NC(=O)C2CCCC3(CC3)C2)C1,
6722,Cc1ccc(C(=O)N[C@H]2C[C@@](C)(NC(=O)CNS(=O)(=O)N(C)C)C2)c(=O)n1C,"N-((1S,3r)-3-(2-(dimethylsulfamoylamino)acetamido)-3-methylcyclobutyl)-1,6-dimethyl-2-oxo-1-azacyclohexa-3,5-diene-3-carboxamide",,Cc1ccc(C(=O)N[C@H]2C[C@@](C)(NC(=O)CNS(=O)(=O)N(C)C)C2)c(=O)n1C,
6813,CN1CC(O)(CNC(=O)[C@@H]2C[C@@H]3CN(C(=O)c4nonc4N)C[C@@H]3C2)C1,"(1R,5S,7R)-3-((4-amino-1-oxa-2,5-diazacyclopenta-2,4-dien-3-yl)carbonyl)-N-((3-hydroxy-1-methyl-azetidin-3-yl)methyl)-3-azabicyclo[3.3.0]octane-7-carboxamide",,CN1CC(O)(CNC(=O)C2C[C@@H]3CN(C(=O)c4nonc4N)C[C@@H]3C2)C1,
6851,C[C@H]1CC(C)(C(=O)N[C@H]2CC[C@H](CNC(=O)[C@@H]3C[C@@H]4C[C@@H]4C3)CC2)C[C@H](C)O1,"(2S,6S)-2,4,6-trimethyl-N-(trans-4-(((1R,3R,5S)-bicyclo[3.1.0]hexane-3-carboxamido)methyl)cyclohexyl)oxane-4-carboxamide",,C[C@H]1CC(C)(C(=O)N[C@H]2CC[C@H](CNC(=O)C3C[C@@H]4C[C@@H]4C3)CC2)C[C@H](C)O1,
6927,Cc1ccccc1C(C)(C)C(=O)N1C[C@@H]2C[C@]2(CNC(=O)[C@H]2C[C@@H]3C[C@@H]3C2)C1,"(1R,3S,5S)-N-(((1S,5R)-3-(2-methyl-2-(2-methylphenyl)-propionyl)-3-azabicyclo[3.1.0]hexan-1-yl)methyl)bicyclo[3.1.0]hexane-3-carboxamide",,Cc1ccccc1C(C)(C)C(=O)N1C[C@@H]2C[C@]2(CNC(=O)C2C[C@@H]3C[C@@H]3C2)C1,
6939,CCC[C@@](C)(O)C(=O)N1CC[C@@]2(C1)c1[nH]cnc1CCN2C(=O)CCNC(C)=O,"N-(3-oxo-3-((2R)-spiro[3,7,9-triazabicyclo[4.3.0]nona-1(6),7-diene-2,3'-((2R)-1-((3R)-pyrrolidin-1-yl)-2-hydroxy-2-methylpentane)]-3-yl-1'-one)propyl)acetamide",,CCC[C@@](C)(O)C(=O)N1CC[C@@]2(C1)c1[nH]cnc1CCN2C(=O)CCNC(C)=O,
6941,C#Cc1cncc(C(=O)N2CCN(C(=O)[C@H]3C[C@](O)(C(F)(F)F)C3)[C@@H]3CC[C@H]32)c1,"1-(5-(ethynyl)pyridin-3-yl)-1-((1R,6R)-5-(((1R,3s)-3-hydroxy-3-(trifluoromethyl)cyclobutyl)carbonyl)-2,5-diazabicyclo[4.2.0]octan-2-yl)methanone",,C#Cc1cncc(C(=O)N2CCN(C(=O)C3CC(O)(C(F)(F)F)C3)[C@@H]3CC[C@H]32)c1,
6942,CCCn1cc(C(=O)N2C[C@H]3[C@@H](C2)[C@@H]3C(=O)NCc2cnn(CCO)c2)nn1,"(1R,5S,6R)-N-((1-(2-hydroxyethyl)-1H-pyrazol-4-yl)methyl)-3-((1-propyl-1H-1,2,3-triazol-4-yl)carbonyl)-3-azabicyclo[3.1.0]hexane-6-carboxamide",,CCCn1cc(C(=O)N2C[C@@H]3C(C(=O)NCc4cnn(CCO)c4)[C@@H]3C2)nn1,
6974,COC(=O)[C@]1(C)C[C@@H](C(=O)NC[C@H]2[C@@H]3CN(C(=O)c4csc5nccn45)C[C@H]23)C1,"methyl 1-methyl-3-((((1R,5S,6S)-3-((2-thia-5,8-diazabicyclo[3.3.0]octa-1(8),3,6-trien-4-yl)carbonyl)-3-azabicyclo[3.1.0]hexan-6-yl)methyl)carbamoyl)cyclobutanecarboxylate",,COC(=O)C1(C)CC(C(=O)NC[C@@H]2[C@H]3CN(C(=O)c4csc5nccn45)C[C@@H]23)C1,
6977,CC[C@H](CNC(=O)C[C@@H]1CC[C@H]2C[C@H]2C1)NC(=O)CC12COC(CF)(C1)C2,"2-((1R,3R,6S)-bicyclo[4.1.0]heptan-3-yl)-N-((2R)-2-(2-(1-(fluoromethyl)-2-oxabicyclo[2.1.1]hexan-4-yl)acetamido)butyl)acetamide",[C@H]12C[C@@H](CC[C@H]2C1)CC(=O)NC[C@@H](CC)NC(CC12COC(C1)(C2)CF)=O,CC[C@H](CNC(=O)C[C@@H]1CC[C@H]2C[C@H]2C1)NC(=O)CC12COC(CF)(C1)C2,CC[C@H](CNC(=O)C[C@@H]1CC[C@H]2C[C@@H]2C1)NC(=O)CC12COC(CF)(C1)C2
6997,Cc1ccn(CC(=O)N2[C@@H]3COC[C@H]2C[C@@H](NC(=O)[C@]24CCCC[C@H]2C4)C3)n1,"(1S,6S)-N-((1R,5S,7S)-9-(2-(3-methyl-1H-pyrazol-1-yl)-acetyl)-3-oxa-9-azabicyclo[3.3.1]nonan-7-yl)bicyclo[4.1.0]heptane-1-carboxamide",,Cc1ccn(CC(=O)N2[C@@H]3COC[C@H]2C[C@@H](NC(=O)[C@]24CCCC[C@H]2C4)C3)n1,
7021,Cc1ccc(OCc2nc(C(=O)N[C@]3(C)C[C@@H](NC(=O)[C@@H]4C[C@@H]4Cl)C3)cs2)cc1,"N-((1R,3r)-3-((1S,2S)-2-chlorocyclopropanecarboxamido)-1-methylcyclobutyl)-2-(((4-methylphenyl)oxy)methyl)thiazole-4-carboxamide",,Cc1ccc(OCc2nc(C(=O)N[C@]3(C)C[C@@H](NC(=O)C4C[C@@H]4Cl)C3)cs2)cc1,
7108,CN(C(=O)c1cnc(NC[C@H]2C[C@@H]3CC[C@@H]3C2)cn1)[C@H]1CCCNCC1,"N-((4S)-1-azacycloheptan-4-yl)-5-((((1R,3S,5S)-bicyclo[3.2.0]heptan-3-yl)methyl)amino)-N-methylpyrazine-2-carboxamide",,CN(C(=O)c1cnc(NC[C@@H]2C[C@H]3CC[C@H]3C2)cn1)[C@H]1CCCNCC1,
7132,CCC(C)(C)N[C@@H](C)C(=O)N1C[C@H]2C[C@@H](C(=O)NCC3(CC4CC4)CC3)C[C@H]2C1,"(1R,5S,7R)-N-((1-(cyclopropylmethyl)cyclopropyl)methyl)-3-((2S)-2-((2-methylbutan-2-yl)amino)-propionyl)-3-azabicyclo[3.3.0]octane-7-carboxamide",,CCC(C)(C)NC(C)C(=O)N1C[C@H]2CC(C(=O)NCC3(CC4CC4)CC3)C[C@H]2C1,
7183,COC1(C(=O)N[C@H]2C[C@](C)(NC(=O)c3ccc(C)c(C#N)c3)C2)CC(C)C1,"3-cyano-N-((1R,3r)-3-(1-methoxy-3-methylcyclobutanecarboxamido)-1-methylcyclobutyl)-4-methylbenzene-1-carboxamide",,COC1(C(=O)N[C@H]2C[C@](C)(NC(=O)c3ccc(C)c(C#N)c3)C2)CC(C)C1,
7208,CO[C@H](C)C(=O)N1CCC[C@@]12CCCN(C(=O)[C@@H](N)Cc1cccnc1)C2,"(2R)-1-((5R)-7-((2S)-2-amino-1-oxo-3-(pyridin-3-yl)propyl)-1,7-diazaspiro[4.5]decan-1-yl)-2-methoxypropan-1-one",N[C@H](C(=O)N1C[C@@]2(CCCN2C([C@@H](C)OC)=O)CCC1)CC=1C=NC=CC1,COC(C)C(=O)N1CCC[C@@]12CCCN(C(=O)C(N)Cc1cccnc1)C2,COC(C)C(=O)N1CCC[C@]12CCCN(C(=O)C(N)Cc1cccnc1)C2
7257,CCCCCN(C)CCC(=O)N(C)[C@H]1[C@@H]2CN(C(=O)c3ccnc(CO)c3)C[C@@H]21,"N-((1R,5S,6S)-3-((2-(hydroxymethyl)pyridin-4-yl)carbonyl)-3-azabicyclo[3.1.0]hexan-6-yl)-N-methyl-3-((methyl)(pentyl)amino)propanamide",,CCCCCN(C)CCC(=O)N(C)[C@H]1[C@@H]2CN(C(=O)c3ccnc(CO)c3)C[C@@H]21,
7271,C[C@H](N=c1[nH]c2c(c(=N[C@@H]3[C@H]4CCC[C@H]43)[nH]1)CCCC2)c1ccns1,"N'-((1R,5S,6R)-bicyclo[3.1.0]hexan-6-yl)-N-((1S)-1-(isothiazol-5-yl)ethyl)-2,4-diazabicyclo[4.4.0]dec-1(6)-ene-3,5-diimine",,C[C@H](Nc1nc2c(c(N[C@H]3[C@@H]4CCC[C@@H]43)n1)CCCC2)c1ccns1,
7291,CCc1sccc1C(=O)NC[C@H]1C[C@@H]2CC[C@H](C1)N2C(=O)COC[C@@H]1CCCO1,"2-ethyl-N-(((1R,3S,5S)-8-(1-oxo-2-((((2S)-oxolan-2-yl)methyl)oxy)ethyl)-8-azabicyclo[3.2.1]octan-3-yl)methyl)thiophene-3-carboxamide",,CCc1sccc1C(=O)NC[C@@H]1C[C@H]2CC[C@@H](C1)N2C(=O)COC[C@@H]1CCCO1,
7392,C=C(C)[C@@H]1CCC(C)=C[C@@H]1CC(=O)N[C@H](C)CCNC(=O)[C@@](C)(CO)OC,"(2R)-2-(hydroxymethyl)-2-methoxy-N-((3R)-3-(2-((1R,6R)-3-methyl-6-(prop-1-en-2-yl)cyclohex-2-en-1-yl)acetamido)butyl)propanamide",OC[C@@](C(=O)NCC[C@@H](C)NC(C[C@@H]1C=C(CC[C@H]1C(=C)C)C)=O)(C)OC,C=C(C)[C@@H]1CCC(C)=C[C@@H]1CC(=O)N[C@H](C)CCNC(=O)[C@@](C)(CO)OC,C=C(C)[C@@H]1CCC(C)=C[C@H]1CC(=O)N[C@H](C)CCNC(=O)[C@@](C)(CO)OC
7401,CCC=C(F)C(=O)N(C)C[C@H]1[C@@H]2CN(C(=O)c3ccc(N)cc3CC)C[C@H]12,"N-(((1R,5S,6S)-3-((4-amino-2-ethylphenyl)carbonyl)-3-azabicyclo[3.1.0]hexan-6-yl)methyl)-2-fluoro-N-methylpent-2-enamide",,CCC=C(F)C(=O)N(C)C[C@@H]1[C@H]2CN(C(=O)c3ccc(N)cc3CC)C[C@@H]12,
7504,Cc1nc([C@H]2CN(C)CC23CN(C(=O)N[C@H](C2CCC2)C2CC2)C3)n[nH]1,"1-(((1R)-(cyclobutyl)(cyclopropyl)methyl)amino)-1-((8R)-6-methyl-8-(5-methyl-1H-1,2,4-triazol-3-yl)-2,6-diazaspiro[3.4]octan-2-yl)methanone",C1(CCC1)[C@@H](C1CC1)NC(=O)N1CC2(C1)CN(C[C@@H]2C2=NNC(=N2)C)C,Cc1n[nH]c(C2CN(C)CC23CN(C(=O)N[C@H](C2CCC2)C2CC2)C3)n1,Cc1n[nH]c(C2CN(C)CC23CN(C(=O)N[C@@H](C2CCC2)C2CC2)C3)n1
7535,CC[C@@H](C(=O)N[C@H]1C[C@@](C)(NC(=O)CCc2cnccn2)C1)c1ccc(F)cc1,"(2R)-2-(4-fluorophenyl)-N-((1S,3r)-3-methyl-3-(3-(pyrazin-2-yl)propanamido)cyclobutyl)butanamide",,CCC(C(=O)N[C@H]1C[C@@](C)(NC(=O)CCc2cnccn2)C1)c1ccc(F)cc1,
7585,Cc1ccccc1CN(C)C(=O)CCN(CCO)C(=O)[C@H]1C[C@@H]2CC[C@@H]2C1,"3-(N-(2-hydroxyethyl)(1R,3S,5S)-bicyclo[3.2.0]heptane-3-carboxamido)-N-methyl-N-((2-methylphenyl)methyl)propanamide",,Cc1ccccc1CN(C)C(=O)CCN(CCO)C(=O)C1C[C@H]2CC[C@H]2C1,
7645,Cn1cncc1C(=O)N1C[C@H]2CC[C@@H](C1)[C@@H]2C(=O)Nc1ccnc(C#N)c1,"(1R,5S,8R)-3-((1-methyl-1H-imidazol-5-yl)carbonyl)-N-(2-(nitrilomethyl)pyridin-4-yl)-3-azabicyclo[3.2.1]octane-8-carboxamide",,Cn1cncc1C(=O)N1C[C@H]2CC[C@@H](C1)C2C(=O)Nc1ccnc(C#N)c1,
7656,CCN(C(=O)CC1C[C@@H]2C[C@H]2C1)[C@H]1CCN(C(=O)C2(C)CCCCC2)C1,"2-((1R,5R)-bicyclo[3.1.0]hexan-3-yl)-N-ethyl-N-((3S)-1-((1-methylcyclohexyl)carbonyl)pyrrolidin-3-yl)acetamide",[C@H]12CC(C[C@H]2C1)CC(=O)N([C@@H]1CN(CC1)C(=O)C1(CCCCC1)C)CC,CCN(C(=O)CC1C[C@@H]2C[C@H]2C1)[C@H]1CCN(C(=O)C2(C)CCCCC2)C1,CCN(C(=O)CC1C[C@H]2C[C@@H]2C1)[C@H]1CCN(C(=O)C2(C)CCCCC2)C1
7704,CCc1cnc(C(=O)NC[C@H]2[C@@H]3CN(C(=O)C(=O)N=c4cc(C)o[nH]4)C[C@H]23)nc1,"5-ethyl-N-(((1R,5S,6S)-3-(2-((5-methyl-1-oxa-2-azacyclopent-4-en-3-ylidene)amino)-1,2-dioxoethyl)-3-azabicyclo[3.1.0]hexan-6-yl)methyl)pyrimidine-2-carboxamide",,CCc1cnc(C(=O)NC[C@@H]2[C@H]3CN(C(=O)C(=O)Nc4cc(C)on4)C[C@@H]23)nc1,
7722,CC[C@H](CC(F)F)C(=O)N[C@H]1[C@@H]2CN(C(=O)C3(c4cc(C)no4)CC3)C[C@@H]21,"(2R)-2-(2,2-difluoroethyl)-N-((1R,5S,6S)-3-((1-(3-methylisoxazol-5-yl)cyclopropyl)carbonyl)-3-azabicyclo[3.1.0]hexan-6-yl)butanamide",,CCC(CC(F)F)C(=O)N[C@H]1[C@@H]2CN(C(=O)C3(c4cc(C)no4)CC3)C[C@@H]21,
7751,CC1(C)CC[C@@H]1CC(=O)N1CC(CCNC(=O)[C@@]2(C)CCNC2=O)C1,"(3R)-N-(2-(1-(2-((1R)-2,2-dimethylcyclobutyl)-acetyl)-azetidin-3-yl)ethyl)-3-methyl-2-oxopyrrolidine-3-carboxamide",CC1([C@H](CC1)CC(=O)N1CC(C1)CCNC(=O)[C@]1(C(NCC1)=O)C)C,CC1(C)CC[C@@H]1CC(=O)N1CC(CCNC(=O)[C@@]2(C)CCNC2=O)C1,CC1(C)CC[C@@H]1CC(=O)N1CC(CCNC(=O)[C@]2(C)CCNC2=O)C1
7869,Cc1c(C#N)c(N2C[C@H]3[C@@H](C2)[C@@H]3C(=O)NCC(=O)NC(C)C)nc2ccccc12,"(1R,5S,6R)-3-(4-methyl-3-(nitrilomethyl)quinolin-2-yl)-N-(2-oxo-2-((propan-2-yl)amino)ethyl)-3-azabicyclo[3.1.0]hexane-6-carboxamide",,Cc1c(C#N)c(N2C[C@@H]3C(C(=O)NCC(=O)NC(C)C)[C@@H]3C2)nc2ccccc12,
7904,C[C@H](C(=O)N[C@]1(C(=O)N(C)CC(C)(C)O)C[C@H](O)C1)[C@@H]1CCCO1,"(2S)-N-((1R,3s)-3-hydroxy-1-((2-hydroxy-2-methylpropyl)(methyl)carbamoyl)cyclobutyl)-2-((2S)-oxolan-2-yl)propanamide",,CC(C(=O)N[C@]1(C(=O)N(C)CC(C)(C)O)C[C@H](O)C1)[C@@H]1CCCO1,
7949,COCCC[C@H](C)C(=O)N1C[C@H](NC(=O)[C@@H]2[C@H]3CN(C)C[C@H]32)C2(CCC2)C1,"(1R,5S,6R)-N-((8R)-6-((2S)-5-methoxy-2-methyl-pentanoyl)-6-azaspiro[3.4]octan-8-yl)-3-methyl-3-azabicyclo[3.1.0]hexane-6-carboxamide",,COCCCC(C)C(=O)N1C[C@H](NC(=O)C2[C@H]3CN(C)C[C@@H]23)C2(CCC2)C1,
7956,COCCn1nnnc1[C@@]1(N[C@@H](C)c2cc(C)cnc2F)C[C@H](C)O[C@H](C)C1,"(2R,4R,6S)-N-((1S)-1-(2-fluoro-5-methylpyridin-3-yl)ethyl)-4-(1-(2-methoxyethyl)-1H-tetrazol-5-yl)-2,6-dimethyl-oxan-4-amine",,COCCn1nnnc1[C@]1(N[C@@H](C)c2cc(C)cnc2F)C[C@@H](C)O[C@@H](C)C1,
7969,CC(C)[C@@H](NC(N)=O)C(=O)NC[C@]1(O)C[C@@H]2CC[C@H](C1)N2C(=O)CNC(N)=O,"(2R)-2-(carbamoylamino)-N-(((1R,3S,5S)-8-(2-(carbamoylamino)-acetyl)-3-hydroxy-8-azabicyclo[3.2.1]octan-3-yl)methyl)-3-methylbutanamide",,CC(C)C(NC(N)=O)C(=O)NC[C@@]1(O)C[C@H]2CC[C@@H](C1)N2C(=O)CNC(N)=O,
8266,CC1(C)CC[C@](NC(=O)[C@@H]2[C@H]3CC(=O)C[C@H]32)(C(=O)NC2(CCF)CCC2)C1,"(1R,5S,6R)-N-((1R)-1-((1-(2-fluoroethyl)cyclobutyl)carbamoyl)-3,3-dimethylcyclopentyl)-3-oxobicyclo[3.1.0]hexane-6-carboxamide",,CC1(C)CC[C@](NC(=O)C2[C@H]3CC(=O)C[C@@H]23)(C(=O)NC2(CCF)CCC2)C1,
8291,CO[C@@H](CNC(=O)[C@@H]1C[C@H]2[C@@H](C1)C2(F)F)CNC(=O)C1(Oc2ccccc2)CC1,"(1R,3R,5S)-6,6-difluoro-N-((2S)-2-methoxy-3-(1-phenoxycyclopropanecarboxamido)propyl)bicyclo[3.1.0]hexane-3-carboxamide",,CO[C@@H](CNC(=O)C1C[C@@H]2[C@H](C1)C2(F)F)CNC(=O)C1(Oc2ccccc2)CC1,
8299,CCCC(=O)NC[C@@H]1C[C@@H]2CC[C@H](C1)N2C(=O)C[C@H]1C(=O)Nc2ccccc21,"N-(((1R,3R,5S)-8-(1-oxo-2-((3R)-2-oxoindolin-3-yl)ethyl)-8-azabicyclo[3.2.1]octan-3-yl)methyl)butanamide",,CCCC(=O)NC[C@H]1C[C@H]2CC[C@@H](C1)N2C(=O)Cc1c(O)[nH]c2ccccc12,
8333,O=C(N[C@@]12C[C@@H]1CN(C(=O)CCc1nnc(C3CCCC3)o1)C2)[C@@H]1[C@H]2CCC[C@H]21,"(1R,5S,6R)-N-((1S,5R)-3-(3-(5-cyclopentyl-1-oxa-3,4-diazacyclopenta-2,4-dien-2-yl)-propionyl)-3-azabicyclo[3.1.0]hexan-1-yl)bicyclo[3.1.0]hexane-6-carboxamide",,O=C(N[C@@]12C[C@@H]1CN(C(=O)CCc1nnc(C3CCCC3)o1)C2)C1[C@H]2CCC[C@@H]12,
8399,CN(CC(=O)N1CCC[C@@]12CCCN(C(=O)c1occc1Cl)C2)S(N)(=O)=O,"2-((sulfamoyl)(methyl)amino)-1-((5R)-7-((3-chlorofuran-2-yl)carbonyl)-1,7-diazaspiro[4.5]decan-1-yl)ethan-1-one",S(N)(=O)(=O)N(CC(=O)N1CCC[C@@]12CN(CCC2)C(=O)C=2OC=CC2Cl)C,CN(CC(=O)N1CCC[C@@]12CCCN(C(=O)c1occc1Cl)C2)S(N)(=O)=O,CN(CC(=O)N1CCC[C@]12CCCN(C(=O)c1occc1Cl)C2)S(N)(=O)=O
8425,CCS(=O)(=O)NCC(=O)N(C)[C@H]1[C@@H]2CN(C(=O)C(=O)Nc3ccc(C)cc3)C[C@@H]21,"2-ethylsulfonylamino-N-methyl-N-((1R,5S,6S)-3-(2-((4-methylphenyl)amino)-1,2-dioxoethyl)-3-azabicyclo[3.1.0]hexan-6-yl)acetamide",,CCS(=O)(=O)NCC(=O)N(C)[C@H]1[C@@H]2CN(C(=O)C(=O)Nc3ccc(C)cc3)C[C@@H]21,
8426,C=CCC1(C(=O)NC[C@]2(F)C[C@@H](NC(=O)c3cc(C4CC4)n(C)n3)C2)CCCC1,"5-cyclopropyl-N-((1R,3s)-3-fluoro-3-((1-(prop-2-en-1-yl)cyclopentanecarboxamido)methyl)cyclobutyl)-1-methyl-1H-pyrazole-3-carboxamide",,C=CCC1(C(=O)NC[C@]2(F)C[C@@H](NC(=O)c3cc(C4CC4)n(C)n3)C2)CCCC1,
8444,C=C1C[C@@H]1C(=O)N1[C@H]2CC[C@@H]1C[C@@H](N(C)C(=O)Cc1cc(OC)no1)C2,"2-(3-methoxyisoxazol-5-yl)-N-methyl-N-((1R,3S,5S)-8-(((1S)-2-methylidenecyclopropyl)carbonyl)-8-azabicyclo[3.2.1]octan-3-yl)acetamide",,C=C1CC1C(=O)N1[C@@H]2CC[C@H]1C[C@H](N(C)C(=O)Cc1cc(OC)no1)C2,
8461,CC(C)c1cccc(C(=O)N2C[C@H]3[C@H](CNC(=O)[C@@H]4CC[C@H](F)C4)[C@H]3C2)n1,"(1R,3S)-3-fluoro-N-(((1R,5S,6S)-3-((6-(propan-2-yl)pyridin-2-yl)carbonyl)-3-azabicyclo[3.1.0]hexan-6-yl)methyl)cyclopentanecarboxamide",,CC(C)c1cccc(C(=O)N2C[C@@H]3[C@@H](CNC(=O)C4CC[C@H](F)C4)[C@@H]3C2)n1,
8463,O=C(NC[C@@H]1CN(C(=O)[C@@H]2CN3CCCN2CC3)CC12CCC2)[C@@H]1[C@H]2COC[C@H]21,"(1R,5S,6R)-N-(((8R)-6-(((6S)-1,5-diazabicyclo[3.2.2]nonan-6-yl)carbonyl)-6-azaspiro[3.4]octan-8-yl)methyl)-3-oxabicyclo[3.1.0]hexane-6-carboxamide",,O=C(NC[C@@H]1CN(C(=O)C2CN3CCCN2CC3)CC12CCC2)C1[C@H]2COC[C@@H]12,
8464,Cc1cccc(C(=O)N2C[C@H]3[C@@H](C2)[C@@H]3C(=O)N(C)CC(=O)NC(C)C)c1N,"(1R,5S,6R)-3-((2-amino-3-methylphenyl)carbonyl)-N-methyl-N-(2-oxo-2-((propan-2-yl)amino)ethyl)-3-azabicyclo[3.1.0]hexane-6-carboxamide",,Cc1cccc(C(=O)N2C[C@@H]3C(C(=O)N(C)CC(=O)NC(C)C)[C@@H]3C2)c1N,
8545,CN(C)C[C@@H]1CCC[C@H]1NC(=O)[C@@H]1[C@H]2CN(C(=O)[C@H]3CC4(CCO3)CC4)C[C@H]21,"(1R,5S,6R)-N-((1R,2S)-2-((dimethylamino)methyl)cyclopentyl)-3-(((5R)-6-oxaspiro[2.5]octan-5-yl)carbonyl)-3-azabicyclo[3.1.0]hexane-6-carboxamide",,CN(C)C[C@@H]1CCC[C@H]1NC(=O)C1[C@H]2CN(C(=O)C3CC4(CCO3)CC4)C[C@@H]12,
8574,CCCC[C@H](CNC(=O)[C@@H]1[C@H]2CCC[C@H]21)NC(=O)[C@@H]1CCC(=O)N1,"(2S)-N-((2R)-1-((1R,5S,6R)-bicyclo[3.1.0]hexane-6-carboxamido)hexan-2-yl)-5-oxopyrrolidine-2-carboxamide",,CCCC[C@H](CNC(=O)C1[C@H]2CCC[C@@H]12)NC(=O)C1CCC(=O)N1,
8686,CN(C(=O)C[C@H]1[C@@H]2CN(C(=O)c3ccc([N+](=O)[O-])o3)C[C@H]12)[C@H]1CCC[C@H]1C#N,"N-methyl-N-((1S,2R)-2-(nitrilomethyl)cyclopentyl)-2-((1R,5S,6S)-3-((5-nitrofuran-2-yl)carbonyl)-3-azabicyclo[3.1.0]hexan-6-yl)acetamide",,CN(C(=O)C[C@@H]1[C@H]2CN(C(=O)c3ccc([N+](=O)[O-])o3)C[C@@H]12)[C@H]1CCC[C@H]1C#N,
8767,CC(=O)N1CC(C(=O)N2CC3(C2)OC2(CO)CC3(NC(=O)[C@@H]3CCS3(=O)=O)C2)C1,"(2S)-N-(1-(hydroxymethyl)spiro[2-oxabicyclo[2.1.1]hexane-3,3'-(1-(3-(azetidin-1-ylformyl)-azetidin-1-yl)ethane)]-4-yl-1'-one)-1,1-dioxo-1lambda^6-thiacyclobutane-2-carboxamide",,CC(=O)N1CC(C(=O)N2CC3(C2)OC2(CO)CC3(NC(=O)C3CCS3(=O)=O)C2)C1,
8807,CC(C)(C)n1cc(C(=O)N2C[C@H]3[C@H](NC(=O)[C@@H]4C[C@H]4c4ccco4)[C@H]3C2)cn1,"(1R,2R)-N-((1R,5S,6S)-3-((1-(tert-butyl)-1H-pyrazol-4-yl)carbonyl)-3-azabicyclo[3.1.0]hexan-6-yl)-2-(furan-2-yl)cyclopropanecarboxamide",,CC(C)(C)n1cc(C(=O)N2C[C@@H]3[C@H](C2)[C@H]3NC(=O)C2C[C@H]2c2ccco2)cn1,
8833,CCc1ccnc(C(=O)N(C)[C@H]2C[C@@H]3CC[C@H](C2)N3C(=O)C=Cc2cscn2)c1,"4-ethyl-N-methyl-N-((1R,3S,5S)-8-(1-oxo-3-(thiazol-4-yl)prop-2-en-1-yl)-8-azabicyclo[3.2.1]octan-3-yl)pyridine-2-carboxamide",,CCc1ccnc(C(=O)N(C)[C@@H]2C[C@H]3CC[C@@H](C2)N3C(=O)C=Cc2cscn2)c1,
8960,O=C(NC[C@]1(F)C[C@@H](NC(=O)[C@H]2CCO2)C1)c1cnn(C2CCOCC2)c1,"N-(((1S,3r)-1-fluoro-3-((2R)-1-oxacyclobutane-2-carboxamido)cyclobutyl)methyl)-1-(oxan-4-yl)-1H-pyrazole-4-carboxamide",,O=C(NC[C@]1(F)C[C@@H](NC(=O)C2CCO2)C1)c1cnn(C2CCOCC2)c1,
8977,CSC(C)C(=O)N[C@H]1C[C@](O)(C2CCN(C(=O)[C@H]3C[C@@H](C)CC(C)(C)C3)CC2)C1,"N-((1R,3s)-3-hydroxy-3-(1-(((1S,5R)-3,3,5-trimethylcyclohexyl)carbonyl)piperidin-4-yl)cyclobutyl)-2-(methylsulfanyl)propanamide",,CSC(C)C(=O)N[C@H]1C[C@](O)(C2CCN(C(=O)C3C[C@@H](C)CC(C)(C)C3)CC2)C1,
9014,CCCC[C@H](NC(=O)[C@@H]1[C@H]2CN(C)C[C@H]21)C(=O)N[C@@H]1CNC(=O)C1(C)C,"(1R,5S,6R)-N-((2S)-1-(((3S)-4,4-dimethyl-5-oxopyrrolidin-3-yl)amino)-1-oxohexan-2-yl)-3-methyl-3-azabicyclo[3.1.0]hexane-6-carboxamide",,CCCCC(NC(=O)C1[C@H]2CN(C)C[C@@H]12)C(=O)N[C@@H]1CNC(=O)C1(C)C,
9024,CC[C@H](COC)N(C)C(=O)[C@](F)(CNC(=O)[C@H]1C[C@@H]2CCC[C@@H]2C1)C(C)C,"(2R)-2-(((1R,3S,5S)-bicyclo[3.3.0]octane-3-carboxamido)methyl)-2-fluoro-N-((2R)-1-methoxybutan-2-yl)-3,N-dimethylbutanamide",,CC[C@H](COC)N(C)C(=O)[C@](F)(CNC(=O)C1C[C@H]2CCC[C@H]2C1)C(C)C,
9110,COc1ccnc(OC)c1C(=O)N1C[C@H]2[C@H](CN(C)C(=O)C(F)(F)C(F)F)[C@H]2C1,"N-(((1R,5S,6S)-3-((2,4-dimethoxypyridin-3-yl)carbonyl)-3-azabicyclo[3.1.0]hexan-6-yl)methyl)-2,2,3,3-tetrafluoro-N-methylpropanamide",,COc1ccnc(OC)c1C(=O)N1C[C@@H]2[C@@H](CN(C)C(=O)C(F)(F)C(F)F)[C@@H]2C1,
9123,O=C(N[C@H]1C[C@@H]2CC[C@H](C1)N2C(=O)CCc1cnoc1)c1cccc2c[nH]nc12,"N-((1R,3S,5S)-8-(3-(isoxazol-4-yl)-propionyl)-8-azabicyclo[3.2.1]octan-3-yl)-2H-indazole-7-carboxamide",,O=C(N[C@@H]1C[C@H]2CC[C@@H](C1)N2C(=O)CCc1cnoc1)c1cccc2c[nH]nc12,
9151,CC(C)(C)C1=NO[C@H](C(=O)NC[C@]2(F)C[C@@H](NC(=O)CC3(C#N)CC3)C2)C1,"(5S)-3-(tert-butyl)-N-(((1S,3r)-1-fluoro-3-(2-(1-(nitrilomethyl)cyclopropyl)acetamido)cyclobutyl)methyl)-1-oxa-2-azacyclopent-2-ene-5-carboxamide",,CC(C)(C)C1=NOC(C(=O)NC[C@]2(F)C[C@@H](NC(=O)CC3(C#N)CC3)C2)C1,
9152,Cc1cc(Cl)nc(C(=O)N[C@H]2[C@@H]3CN(c4c(C#N)nnc5ccccc45)C[C@@H]32)c1,"6-chloro-4-methyl-N-((1R,5S,6S)-3-(3-(nitrilomethyl)cinnolin-4-yl)-3-azabicyclo[3.1.0]hexan-6-yl)pyridine-2-carboxamide",,Cc1cc(Cl)nc(C(=O)N[C@H]2[C@@H]3CN(c4c(C#N)nnc5ccccc45)C[C@@H]32)c1,
9153,C[C@@H]1CC2(CCN(C(=O)[C@]3(c4cccc(F)c4)C[C@H](O)C3)CC2)C(=O)N1,"(3R)-8-(((1S,3r)-1-(3-fluorophenyl)-3-hydroxycyclobutyl)carbonyl)-3-methyl-2,8-diazaspiro[4.5]decan-1-one",,C[C@@H]1CC2(CCN(C(=O)[C@]3(c4cccc(F)c4)C[C@H](O)C3)CC2)C(=O)N1,
9201,CC(=O)N1CCC[C@@H]1C(=O)N1C[C@H]2[C@H](CN(C)C(=O)COc3ccon3)[C@H]2C1,"N-(((1R,5S,6S)-3-(((2R)-1-(acetyl)pyrrolidin-2-yl)carbonyl)-3-azabicyclo[3.1.0]hexan-6-yl)methyl)-2-((isoxazol-3-yl)oxy)-N-methylacetamide",,CC(=O)N1CCCC1C(=O)N1C[C@@H]2[C@@H](CN(C)C(=O)COc3ccon3)[C@@H]2C1,
9205,CN1CCC[C@H]1C(=O)N[C@H]1[C@@H]2CN(C(=O)[C@H]3CCC(=O)N3c3ccccc3)C[C@@H]21,"(2S)-1-methyl-N-((1R,5S,6S)-3-(((2R)-5-oxo-1-phenylpyrrolidin-2-yl)carbonyl)-3-azabicyclo[3.1.0]hexan-6-yl)pyrrolidine-2-carboxamide",,CN1CCCC1C(=O)N[C@H]1[C@@H]2CN(C(=O)C3CCC(=O)N3c3ccccc3)C[C@@H]21,
9208,C=C[C@H](C1CC1)N(C)C(=O)C[C@@H]1CC2(CC2)CN1C(=O)Cn1cc(C)cn1,N-((1S)-1-cyclopropylprop-2-en-1-yl)-N-methyl-2-((6S)-5-(2-(4-methyl-1H-pyrazol-1-yl)-acetyl)-5-azaspiro[2.4]heptan-6-yl)acetamide,C1(CC1)[C@H](C=C)N(C(C[C@H]1N(CC2(CC2)C1)C(CN1N=CC(=C1)C)=O)=O)C,C=C[C@H](C1CC1)N(C)C(=O)C[C@@H]1CC2(CC2)CN1C(=O)Cn1cc(C)cn1,C=C[C@@H](C1CC1)N(C)C(=O)C[C@@H]1CC2(CC2)CN1C(=O)Cn1cc(C)cn1
9325,O=C(c1ccc2c(c1)-c1ccccc1C2)N1CCO[C@]2(CC[C@@H](O)CC2)C1,"1-(9-hydroxy-1-oxa-4-azaspiro[5.5]undecan-4-yl)-1-(tricyclo[7.4.0.0^{2,7}]trideca-1(13),2,4,6,9,11-hexaen-4-yl)methanone",OC1CCC2(CN(CCO2)C(=O)C=2C=C3C4=CC=CC=C4CC3=CC2)CC1,O=C(c1ccc2c(c1)-c1ccccc1C2)N1CCO[C@]2(CC[C@@H](O)CC2)C1,O=C(c1ccc2c(c1)-c1ccccc1C2)N1CCOC2(CCC(O)CC2)C1
9390,C[C@@H](CC(=O)N1C[C@H]2[C@H](NC(=O)c3csc(Cl)n3)[C@H]2C1)N1CCCC1=O,"2-chloro-N-((1R,5S,6S)-3-((3S)-1-oxo-3-(2-oxopyrrolidin-1-yl)butyl)-3-azabicyclo[3.1.0]hexan-6-yl)thiazole-4-carboxamide",,C[C@@H](CC(=O)N1C[C@@H]2[C@H](C1)[C@H]2NC(=O)c1csc(Cl)n1)N1CCCC1=O,
9405,COC(C)(C)C(=O)NC[C@]1(F)C[C@H](NC(=O)c2ccc3nc(O)[nH]c3c2)C1,"N-(((1R,3r)-1-fluoro-3-(8-hydroxy-7,9-diazabicyclo[4.3.0]nona-1(6),2,4,7-tetraene-3-carboxamido)cyclobutyl)methyl)-2-methoxy-2-methylpropanamide",,COC(C)(C)C(=O)NC[C@]1(F)C[C@H](NC(=O)c2ccc3[nH]c(=O)[nH]c3c2)C1,
9497,CC(=CC1CC1)C(=O)N1C[C@H]2C[C@@H](C(=O)NCC3(C#N)CC(C)(C)C3)C[C@H]2C1,"(1R,5S,7R)-3-(3-cyclopropyl-2-methyl-1-oxoprop-2-en-1-yl)-N-((3,3-dimethyl-1-(nitrilomethyl)cyclobutyl)methyl)-3-azabicyclo[3.3.0]octane-7-carboxamide",,CC(=CC1CC1)C(=O)N1C[C@H]2CC(C(=O)NCC3(C#N)CC(C)(C)C3)C[C@H]2C1,
9730,O=C(N[C@H]1[C@@H]2CN(C(=O)c3cccc4c(O)ncnc34)C[C@@H]21)c1ccc(Cl)o1,"5-chloro-N-((1R,5S,6S)-3-((4-hydroxyquinazolin-8-yl)carbonyl)-3-azabicyclo[3.1.0]hexan-6-yl)furan-2-carboxamide",,O=C(N[C@H]1[C@@H]2CN(C(=O)c3cccc4c(=O)[nH]cnc34)C[C@@H]21)c1ccc(Cl)o1,
9766,CCC[C@]1(C)CCCN(C(=O)[C@@H]2[C@H]3CN(C(=O)c4cnc(O)o4)C[C@H]32)C1,"1-((1R,5S,6R)-3-((2-hydroxyoxazol-5-yl)carbonyl)-3-azabicyclo[3.1.0]hexan-6-yl)-1-((3R)-3-methyl-3-propylpiperidin-1-yl)methanone",,CCC[C@]1(C)CCCN(C(=O)C2[C@H]3CN(C(=O)c4c[nH]c(=O)o4)C[C@@H]23)C1,
9834,C[C@@H](OC(=O)[C@H]1C[C@H]2C=CC[C@H](C2)C1)c1cc(Cl)ccc1OC(F)F,"(1R)-1-(5-chloro-2-((difluoromethyl)oxy)phenyl)ethyl (1S,3R,5S)-bicyclo[3.3.1]non-6-ene-3-carboxylate",[C@H]12C[C@H](C[C@@H](C=CC1)C2)C(=O)O[C@H](C)C2=C(C=CC(=C2)Cl)OC(F)F,C[C@@H](OC(=O)C1C[C@H]2C=CC[C@@H](C1)C2)c1cc(Cl)ccc1OC(F)F,C[C@@H](OC(=O)C1C[C@H]2C=CC[C@H](C1)C2)c1cc(Cl)ccc1OC(F)F
10078,O=C(NCCN1CCN(C(=O)c2cc(O)cc(=O)o2)CC1)C1=C[C@@H]2CC=CC[C@H]12,"(1R,6S)-N-(2-(4-((4-hydroxy-6-oxo-1-oxacyclohexa-2,4-dien-2-yl)carbonyl)piperazin-1-yl)ethyl)bicyclo[4.2.0]octa-3,7-diene-7-carboxamide",OC=1C=C(OC(C1)=O)C(=O)N1CCN(CC1)CCNC(=O)C=1[C@H]2CC=CC[C@@H]2C1,O=C(NCCN1CCN(C(=O)c2cc(=O)cc(O)o2)CC1)C1=C[C@@H]2CC=CC[C@H]12,O=C(NCCN1CCN(C(=O)c2cc(=O)cc(O)o2)CC1)C1=C[C@H]2CC=CC[C@H]12
10088,C[C@]1(C(=O)NC[C@H]2CCCCN(C(=O)c3cc(C(N)=O)c[nH]3)C2)C[C@H](C#N)C1,5-(((3R)-3-((3-cyano-1-methylcyclobutanecarboxamido)methyl)-1-azacycloheptan-1-yl)carbonyl)-1H-pyrrole-3-carboxamide,C(#N)C1CC(C1)(C(=O)NC[C@@H]1CN(CCCC1)C(=O)C1=CC(=CN1)C(=O)N)C,C[C@]1(C(=O)NC[C@H]2CCCCN(C(=O)c3cc(C(N)=O)c[nH]3)C2)C[C@H](C#N)C1,CC1(C(=O)NC[C@H]2CCCCN(C(=O)c3cc(C(N)=O)c[nH]3)C2)CC(C#N)C1
10122,CC(C)[C@@H]1C[C@H](NC(=O)[C@@H]2C[C@@H]3CN(C(=O)C4=CCCOCC4)C[C@@H]3C2)CO1,"(1R,5S,7R)-3-((1-oxacyclohept-4-en-4-yl)carbonyl)-N-((3S,5S)-5-(propan-2-yl)oxolan-3-yl)-3-azabicyclo[3.3.0]octane-7-carboxamide",,CC(C)[C@@H]1C[C@H](NC(=O)C2C[C@@H]3CN(C(=O)C4=CCCOCC4)C[C@@H]3C2)CO1,
10153,CSCCC[C@H](C(=O)N[C@H]1CCOC1)N1[C@H]2CC[C@@H]1C[C@@H](F)C2,"(2R)-2-((1R,3S,5S)-3-fluoro-8-azabicyclo[3.2.1]octan-8-yl)-5-(methylsulfanyl)-N-((3S)-oxolan-3-yl)pentanamide",,CSCCCC(C(=O)N[C@H]1CCOC1)N1[C@@H]2CC[C@H]1C[C@H](F)C2,
10165,CCOCCCN=C(NC[C@H]1C[C@@H]2C[C@@H]2C1)Nc1ccc2c(c1)OCCCO2,"N-(((1R,3S,5S)-bicyclo[3.1.0]hexan-3-yl)methyl)-N'-(2,6-dioxabicyclo[5.4.0]undeca-1(7),8,10-trien-9-yl)-1-((3-ethoxypropyl)imino)methanediamine",,CCOCCCN=C(NC[C@H]1C[C@@H]2C[C@@H]2C1)Nc1ccc2c(c1)OCCCO2,
10206,CN1CC[C@H](C(=O)N2CC[C@H](CNC(=O)C3=C[C@@H]4CCC[C@@H]34)C2(C)C)C1=O,"(1R,5R)-N-(((3R)-2,2-dimethyl-1-(((3S)-1-methyl-2-oxopyrrolidin-3-yl)carbonyl)pyrrolidin-3-yl)methyl)bicyclo[3.2.0]hept-6-ene-6-carboxamide",CC1(N(CC[C@@H]1CNC(=O)C=1[C@@H]2CCC[C@@H]2C1)C(=O)[C@@H]1C(N(CC1)C)=O)C,CN1CCC(C(=O)N2CC[C@H](CNC(=O)C3=C[C@@H]4CCC[C@@H]34)C2(C)C)C1=O,CN1CCC(C(=O)N2CC[C@H](CNC(=O)C3=C[C@H]4CCC[C@@H]34)C2(C)C)C1=O
10212,CC[C@H](N=c1[nH]c(N2[C@H]3CC[C@@H]2C[C@H](O)C3)nc2ccccc12)c1ncc(C)[nH]1,"(1R,3R,5S)-8-(5-(((1S)-1-(5-methyl-1H-imidazol-2-yl)propyl)imino)-2,4-diazabicyclo[4.4.0]deca-1(10),2,6,8-tetraen-3-yl)-8-azabicyclo[3.2.1]octan-3-ol",,CC[C@H](Nc1nc(N2[C@@H]3CC[C@H]2C[C@@H](O)C3)nc2ccccc12)c1nc(C)c[nH]1,
10238,Cc1cc(C(=O)NC[C@@H](NC(=O)[C@]23C[C@@H](C)[C@H]2C3)C2CCCCC2)nn1CCO,"N-((2S)-2-cyclohexyl-2-((1S,3R,4R)-3-methylbicyclo[2.1.0]pentane-1-carboxamido)ethyl)-1-(2-hydroxyethyl)-5-methyl-1H-pyrazole-3-carboxamide",C1(CCCCC1)[C@@H](CNC(=O)C1=NN(C(=C1)C)CCO)NC(=O)[C@]12C[C@H]([C@H]2C1)C,Cc1cc(C(=O)NC[C@@H](NC(=O)[C@]23C[C@@H](C)[C@H]2C3)C2CCCCC2)nn1CCO,Cc1cc(C(=O)NC[C@@H](NC(=O)[C@@]23C[C@@H](C)[C@H]2C3)C2CCCCC2)nn1CCO
10313,CCCC(=O)N1CSC[C@@H]1C(=O)N1CC[C@@H](NC(=O)[C@@H]2[C@H]3COC[C@H]32)[C@H](O)C1,"(1R,5S,6R)-N-((3R,4R)-1-(((4S)-3-(butyryl)-1,3-thiazolidin-4-yl)carbonyl)-3-hydroxypiperidin-4-yl)-3-oxabicyclo[3.1.0]hexane-6-carboxamide",,CCCC(=O)N1CSCC1C(=O)N1CC[C@@H](NC(=O)C2[C@H]3COC[C@@H]23)[C@H](O)C1,
10362,CCCc1c(C(=O)N[C@H]2C[C@@H]3CC[C@H](C2)N3C(=O)c2cnn(C)c2C)nnn1C,"N-((1R,3S,5S)-8-((1,5-dimethyl-1H-pyrazol-4-yl)carbonyl)-8-azabicyclo[3.2.1]octan-3-yl)-1-methyl-5-propyl-1H-1,2,3-triazole-4-carboxamide",,CCCc1c(C(=O)N[C@@H]2C[C@H]3CC[C@@H](C2)N3C(=O)c2cnn(C)c2C)nnn1C,
10432,Cc1nnc(N2C[C@H]3[C@H](NC(=O)[C@@]45CCC[C@@H]4C5(F)F)[C@H]3C2)nc1C,"(1R,5S)-N-((1R,5S,6S)-3-(5,6-dimethyl-1,2,4-triazin-3-yl)-3-azabicyclo[3.1.0]hexan-6-yl)-6,6-difluorobicyclo[3.1.0]hexane-1-carboxamide",,Cc1nnc(N2C[C@@H]3[C@H](C2)[C@H]3NC(=O)[C@@]23CCC[C@@H]2C3(F)F)nc1C,
10435,NC(=O)N1C[C@H](O)C[C@H]1C(=O)N[C@H]1C[C@H]2C[C@@H]1CN(C(=O)[C@H]1C[C@@H]3C[C@@H]3C1)C2,"(2S,4R)-1-((amino)carbonyl)-N-((1R,5R,6S)-3-(((1R,3S,5S)-bicyclo[3.1.0]hexan-3-yl)carbonyl)-3-azabicyclo[3.2.1]octan-6-yl)-4-hydroxypyrrolidine-2-carboxamide",,NC(=O)N1C[C@H](O)CC1C(=O)N[C@H]1C[C@H]2C[C@@H]1CN(C(=O)C1C[C@@H]3C[C@@H]3C1)C2,
10444,C[C@H](NC(=O)c1cc(Cl)n[nH]1)C1(O)CN(C(=O)CC2C[C@@H]3C[C@H]3C2)C1,"N-((1S)-1-(1-(2-((1R,5R)-bicyclo[3.1.0]hexan-3-yl)-acetyl)-3-hydroxy-azetidin-3-yl)ethyl)-3-chloro-1H-pyrazole-5-carboxamide",[C@H]12CC(C[C@H]2C1)CC(=O)N1CC(C1)(O)[C@H](C)NC(=O)C1=CC(=NN1)Cl,C[C@H](NC(=O)c1cc(Cl)[nH]n1)C1(O)CN(C(=O)CC2C[C@@H]3C[C@H]3C2)C1,C[C@H](NC(=O)c1cc(Cl)[nH]n1)C1(O)CN(C(=O)CC2C[C@H]3C[C@@H]3C2)C1
10451,CN(C(=O)C12CC(CO)(CN1C(=O)[C@H]1C[C@@H]3C[C@@H]3C1)C2)C1CC(O)C1,"2-(((1R,3S,5S)-bicyclo[3.1.0]hexan-3-yl)carbonyl)-N-(3-hydroxycyclobutyl)-4-(hydroxymethyl)-N-methyl-2-azabicyclo[2.1.1]hexane-1-carboxamide",,CN(C(=O)C12CC(CO)(CN1C(=O)C1C[C@@H]3C[C@@H]3C1)C2)C1CC(O)C1,
10471,C[C@H]1C[C@](C)(C(=O)N[C@H]2CC[C@@H](Cn3cc(-c4cc[nH]n4)nn3)CC2)C[C@@H](C)O1,"(2R,4S,6S)-N-(cis-4-((4-(1H-pyrazol-3-yl)-1H-1,2,3-triazol-1-yl)methyl)cyclohexyl)-2,4,6-trimethyloxane-4-carboxamide",,C[C@@H]1C[C@@](C)(C(=O)N[C@H]2CC[C@@H](Cn3cc(-c4cc[nH]n4)nn3)CC2)C[C@H](C)O1,
10490,CC1=NNC(=O)[C@@H]1CC(=O)N1CC(OCC(=O)NC[C@H]2C[C@H](C)O[C@H](C)C2)C1,"N-(((2R,4S,6S)-2,6-dimethyl-oxan-4-yl)methyl)-2-((1-(2-((4R)-3-methyl-5-oxo-1,2-diazacyclopent-2-en-4-yl)-acetyl)-azetidin-3-yl)oxy)acetamide",,Cc1[nH][nH]c(=O)c1CC(=O)N1CC(OCC(=O)NC[C@@H]2C[C@@H](C)O[C@@H](C)C2)C1,
10506,Cn1cnc(C[C@H](O)C(=O)N2C[C@H]3CC[C@H]2CN3C(=O)[C@H]2C[C@@H]3CC[C@H](C2)O3)c1,"(2S)-2-hydroxy-3-(1-methyl-1H-imidazol-4-yl)-1-((1S,4R)-5-(((1R,3S,5S)-8-oxabicyclo[3.2.1]octan-3-yl)carbonyl)-2,5-diazabicyclo[2.2.2]octan-2-yl)propan-1-one",,Cn1cnc(CC(O)C(=O)N2C[C@H]3CC[C@H]2CN3C(=O)C2C[C@H]3CC[C@@H](C2)O3)c1,
10513,NC(=O)[C@@H]1C[C@H](F)CN1C(=O)[C@@H]1[C@H]2CN(C(=O)C3CCC(C(F)(F)F)CC3)C[C@H]21,"(2S,4S)-4-fluoro-1-(((1R,5S,6R)-3-((4-(trifluoromethyl)cyclohexyl)carbonyl)-3-azabicyclo[3.1.0]hexan-6-yl)carbonyl)pyrrolidine-2-carboxamide",,NC(=O)C1C[C@H](F)CN1C(=O)C1[C@H]2CN(C(=O)C3CCC(C(F)(F)F)CC3)C[C@@H]12,
10608,O=C(N[C@H]1C[C@](F)(CNC(=O)[C@@H]2CCCC[C@H]2F)C1)c1cccc(Cl)c1,"3-chloro-N-((1S,3r)-3-fluoro-3-(((1S,2R)-2-fluorocyclohexanecarboxamido)methyl)cyclobutyl)benzamide",,O=C(N[C@H]1C[C@](F)(CNC(=O)C2CCCC[C@H]2F)C1)c1cccc(Cl)c1,
10637,CCC[C@@H](C)CC(=O)N(C)C[C@H]1[C@@H]2CN(C(=O)C3(NC(C)=O)CCCCC3)C[C@H]12,"(3R)-N-(((1R,5S,6S)-3-((1-acetamidocyclohexyl)carbonyl)-3-azabicyclo[3.1.0]hexan-6-yl)methyl)-3,N-dimethylhexanamide",,CCC[C@@H](C)CC(=O)N(C)C[C@@H]1[C@H]2CN(C(=O)C3(NC(C)=O)CCCCC3)C[C@@H]12,
10651,CC(C)n1cnnc1CC(=O)N[C@H]1C[C@@](C)(NC(=O)CCCC(N)=O)C1,"N-((1R,3s)-1-methyl-3-(2-(4-(propan-2-yl)-4H-1,2,4-triazol-3-yl)acetamido)cyclobutyl)pentanediamide",,CC(C)n1cnnc1CC(=O)N[C@H]1C[C@@](C)(NC(=O)CCCC(N)=O)C1,
10761,O=C(C=CC1CCOCC1)N1CC[C@]2(C1)c1[nH]cnc1CCN2C(=O)CO,"1-((3S)-2'-hydroxy-1-((2S)-3,7,9-triazaspiro[pyrrolidine-3,2'-bicyclo[4.3.0]nona-1(6),7-dien-3-yl)ethane]-1-yl-1'-one)-3-(oxan-4-yl)prop-2-en-1-one",,O=C(C=CC1CCOCC1)N1CC[C@]2(C1)c1[nH]cnc1CCN2C(=O)CO,
10767,O=C(NCc1ccc2c(c1)CN(C(=O)Cn1ncc(Br)n1)C2)[C@@H]1[C@H]2CCC[C@H]21,"(1R,5S,6R)-N-((8-(2-(4-bromo-2H-1,2,3-triazol-2-yl)-acetyl)-8-azabicyclo[4.3.0]nona-1(6),2,4-trien-3-yl)methyl)bicyclo[3.1.0]hexane-6-carboxamide",,O=C(NCc1ccc2c(c1)CN(C(=O)Cn1ncc(Br)n1)C2)C1[C@H]2CCC[C@@H]12,
10796,Cc1sccc1C(=O)N1CCC[C@]2(CCCN2C(=O)c2ccc(P(C)(C)=O)o2)C1,"1-((5S)-1-((5-(dimethyloxophosphanyl)furan-2-yl)carbonyl)-1,7-diazaspiro[4.5]decan-7-yl)-1-(2-methylthiophen-3-yl)methanone",CP(C1=CC=C(O1)C(=O)N1CCC[C@]12CN(CCC2)C(=O)C2=C(SC=C2)C)(=O)C,Cc1sccc1C(=O)N1CCC[C@]2(CCCN2C(=O)c2ccc(P(C)(C)=O)o2)C1,Cc1sccc1C(=O)N1CCC[C@@]2(CCCN2C(=O)c2ccc(P(C)(C)=O)o2)C1
10807,CC[S@](=O)CC(=O)N[C@@H]1C[C@@H]2C[C@H](NC(=O)c3c(Cl)ccc(F)c3C)C[C@@H]2C1,"N-((1R,3R,5S,7S)-7-(6-chloro-3-fluoro-2-methylbenzene-1-carboxamido)bicyclo[3.3.0]octan-3-yl)-2-((S)-ethylsulfinyl)acetamide",,CC[S@+]([O-])CC(=O)N[C@@H]1C[C@@H]2C[C@H](NC(=O)c3c(Cl)ccc(F)c3C)C[C@@H]2C1,
10813,C[C@@H]1CC(C(=O)N[C@]2(C)C[C@H](C(=O)NCC[C@@H](O)CCO)C2)C[C@@H](C)C1,"(3S,5S)-N-((1S,3r)-3-(((3R)-3,5-dihydroxypentyl)carbamoyl)-1-methylcyclobutyl)-3,5-dimethylcyclohexanecarboxamide",,C[C@@H]1CC(C(=O)NC2(C)CC(C(=O)NCC[C@@H](O)CCO)C2)C[C@@H](C)C1,
10816,CC(C)(C)[C@H]1CC[C@](C)(C(=O)NCCCN(C(=O)CS(C)(=O)=O)C2CC2)CC1,4-(tert-butyl)-N-(3-(N-cyclopropyl-2-(methylsulfonyl)acetamido)propyl)-1-methylcyclohexanecarboxamide,C(C)(C)(C)C1CCC(CC1)(C(=O)NCCCN(C(CS(=O)(=O)C)=O)C1CC1)C,CC(C)(C)[C@H]1CC[C@](C)(C(=O)NCCCN(C(=O)CS(C)(=O)=O)C2CC2)CC1,CC1(C(=O)NCCCN(C(=O)CS(C)(=O)=O)C2CC2)CCC(C(C)(C)C)CC1
10822,CCCN1CCCC[C@@H]1C(=O)N1CCO[C@]2(CC[C@H](NC(=O)CCF)CC2)C1,3-fluoro-N-(4-(((2R)-1-propylpiperidin-2-yl)carbonyl)-1-oxa-4-azaspiro[5.5]undecan-9-yl)propanamide,FCCC(=O)NC1CCC2(CN(CCO2)C(=O)[C@@H]2N(CCCC2)CCC)CC1,CCCN1CCCCC1C(=O)N1CCO[C@]2(CC[C@H](NC(=O)CCF)CC2)C1,CCCN1CCCCC1C(=O)N1CCOC2(CCC(NC(=O)CCF)CC2)C1
10830,O=C(C=Cc1ccco1)N[C@@H]1C[C@@H]2CC[C@H](C1)N2C(=O)Cn1ncnn1,"3-(furan-2-yl)-N-((1R,3R,5S)-8-(1-oxo-2-(2H-tetrazol-2-yl)ethyl)-8-azabicyclo[3.2.1]octan-3-yl)prop-2-enamide",,O=C(C=Cc1ccco1)N[C@H]1C[C@H]2CC[C@@H](C1)N2C(=O)Cn1ncnn1,
10849,CCCCC1(C(=O)NC[C@H](C)N2CCN(C(=O)[C@@H]3[C@H]4COC[C@H]43)CC2)CC1,"1-butyl-N-((2S)-2-(4-(((1R,5S,6R)-3-oxabicyclo[3.1.0]hexan-6-yl)carbonyl)piperazin-1-yl)propyl)cyclopropanecarboxamide",,CCCCC1(C(=O)NC[C@H](C)N2CCN(C(=O)C3[C@H]4COC[C@@H]34)CC2)CC1,
10960,CC[C@@H](C)CC(=O)N1CC(F)(F)C[C@H]1CNC(=O)[C@@H]1C[C@@H]2CC[C@H](C1)C2(F)F,"(1R,3R,5S)-N-(((2S)-4,4-difluoro-1-((3R)-3-methyl-pentanoyl)pyrrolidin-2-yl)methyl)-8,8-difluorobicyclo[3.2.1]octane-3-carboxamide",,CC[C@@H](C)CC(=O)N1CC(F)(F)C[C@H]1CNC(=O)C1C[C@H]2CC[C@@H](C1)C2(F)F,
10964,O=C(C[C@@H]1CC12CC2)NC[C@H]1C[C@](F)(CNC(=O)Cn2cncn2)C1,"N-(((1S,3r)-3-fluoro-3-((2-(1H-1,2,4-triazol-1-yl)acetamido)methyl)cyclobutyl)methyl)-2-((1S)-spiro[2.2]pentan-1-yl)acetamide",,O=C(C[C@@H]1CC12CC2)NC[C@H]1C[C@](F)(CNC(=O)Cn2cncn2)C1,
10969,C[C@@H](O)[C@@H](C)C(=O)N[C@H]1C[C@](F)(CNC(=O)CN(C)C)C1,"(2R,3R)-N-((1S,3r)-3-((2-(dimethylamino)acetamido)methyl)-3-fluorocyclobutyl)-3-hydroxy-2-methylbutanamide",,CC(C(=O)N[C@H]1C[C@](F)(CNC(=O)CN(C)C)C1)[C@@H](C)O,
10979,CCO[C@@H](CC)C(=O)N1CCC[C@@]2(CCCN2C(=O)C2CC(C)(F)C2)C1,"(2S)-2-ethoxy-1-((5R)-1-((3-fluoro-3-methylcyclobutyl)carbonyl)-1,7-diazaspiro[4.5]decan-7-yl)butan-1-one",C(C)O[C@H](C(=O)N1C[C@@]2(CCCN2C(=O)C2CC(C2)(C)F)CCC1)CC,CCOC(CC)C(=O)N1CCC[C@@]2(CCCN2C(=O)C2CC(C)(F)C2)C1,CCOC(CC)C(=O)N1CCC[C@]2(CCCN2C(=O)C2CC(C)(F)C2)C1
10981,C=CCC1(NC(=O)[C@H]2CCN(C(=O)[C@@H]3[C@H]4CCCCC[C@H]43)C23CC3)CC=CC1,"(7S)-4-(((1R,7S,8R)-bicyclo[5.1.0]octan-8-yl)carbonyl)-N-(1-(prop-2-en-1-yl)cyclopent-3-en-1-yl)-4-azaspiro[2.4]heptane-7-carboxamide",,C=CCC1(NC(=O)C2CCN(C(=O)C3[C@H]4CCCCC[C@@H]34)C23CC3)CC=CC1,
10986,CC(C)[C@H](O)CC(=O)NC[C@H]1[C@@H]2CN(C(=O)[C@@H]3CC(=O)[C@H]3C)C[C@H]12,"(3R)-3-hydroxy-4-methyl-N-(((1R,5S,6S)-3-(((1R,2S)-2-methyl-3-oxocyclobutyl)carbonyl)-3-azabicyclo[3.1.0]hexan-6-yl)methyl)pentanamide",,CC1C(=O)CC1C(=O)N1C[C@@H]2[C@@H](CNC(=O)C[C@@H](O)C(C)C)[C@@H]2C1,
11009,CN(C(=O)[C@@]1(C#N)C[C@@H]2C[C@@H]2C1)C(C)(C)CC(=O)NOCCCCC1CC1,"(1R,3S,5S)-3-cyano-N-(4-(((4-cyclopropylbutyl)oxy)amino)-2-methyl-4-oxobutan-2-yl)-N-methylbicyclo[3.1.0]hexane-3-carboxamide",,CN(C(=O)[C@]1(C#N)C[C@H]2C[C@H]2C1)C(C)(C)CC(=O)NOCCCCC1CC1,
11103,O=C(NC[C@H]1[C@@H]2CN(CCn3cccn3)C[C@H]12)[C@@H]1COCCO1,"(2S)-N-(((1R,5S,6S)-3-(2-(1H-pyrazol-1-yl)ethyl)-3-azabicyclo[3.1.0]hexan-6-yl)methyl)-1,4-dioxane-2-carboxamide",,O=C(NC[C@@H]1[C@H]2CN(CCn3cccn3)C[C@@H]12)C1COCCO1,
11292,CO[C@]1(C(=O)N2C[C@H](C)[C@@H](O)[C@H](C)C2)CCC[C@@H](C)C1,"1-((3R,4R,5S)-4-hydroxy-3,5-dimethylpiperidin-1-yl)-1-((1R,3R)-1-methoxy-3-methylcyclohexyl)methanone",,CO[C@]1(C(=O)N2C[C@@H](C)[C@H](O)[C@@H](C)C2)CCC[C@@H](C)C1,
11311,COC[C@](C)(CO)NC(=O)[C@@H]1C[C@@H]2CN(C(=O)[C@H](C)N3CCCC3)C[C@@H]2C1,"(1R,5S,7R)-N-((2S)-2-(hydroxymethyl)-1-methoxypropan-2-yl)-3-((2S)-1-oxo-2-(pyrrolidin-1-yl)propyl)-3-azabicyclo[3.3.0]octane-7-carboxamide",,COC[C@](C)(CO)NC(=O)C1C[C@@H]2CN(C(=O)C(C)N3CCCC3)C[C@@H]2C1,
11312,Cn1cc(-c2cc(C(=O)N3C[C@H](NC(=O)[C@@H]4[C@H]5CCC[C@H]54)C4(CC4)C3)on2)cn1,"(1R,5S,6R)-N-((7R)-5-((3-(1-methyl-1H-pyrazol-4-yl)isoxazol-5-yl)carbonyl)-5-azaspiro[2.4]heptan-7-yl)bicyclo[3.1.0]hexane-6-carboxamide",,Cn1cc(-c2cc(C(=O)N3C[C@H](NC(=O)C4[C@H]5CCC[C@@H]45)C4(CC4)C3)on2)cn1,
11327,Cc1cc(C(=O)N2[C@H]3CCC[C@H]2CN(C(=O)[C@]2(C(F)(F)F)C[C@@H](O)C2)C3)nn1C,"1-(1,5-dimethyl-1H-pyrazol-3-yl)-1-((1S,5S)-3-(((1S,3r)-3-hydroxy-1-(trifluoromethyl)cyclobutyl)carbonyl)-3,9-diazabicyclo[3.3.1]nonan-9-yl)methanone",,Cc1cc(C(=O)N2[C@H]3CCC[C@H]2CN(C(=O)[C@]2(C(F)(F)F)C[C@@H](O)C2)C3)nn1C,
11335,NC(=O)CSCC(=O)NC[C@]1(F)C[C@H](CNC(=O)C[C@H]2CCC3(CCC3)O2)C1,"2-((2-((((1R,3r)-1-fluoro-3-((2-((6R)-5-oxaspiro[3.4]octan-6-yl)acetamido)methyl)cyclobutyl)methyl)amino)-2-oxoethyl)sulfanyl)acetamide",,NC(=O)CSCC(=O)NC[C@]1(F)C[C@H](CNC(=O)C[C@H]2CCC3(CCC3)O2)C1,
11348,CNC(=O)[C@@H]1[C@H]2CN(C(=O)[C@H](O)C3CN(C(=O)c4ccc(C(C)=O)o4)C3)C[C@H]21,"(1R,5S,6R)-3-((2R)-2-(1-((5-(acetyl)furan-2-yl)carbonyl)-azetidin-3-yl)-2-hydroxy-acetyl)-N-methyl-3-azabicyclo[3.1.0]hexane-6-carboxamide",,CNC(=O)C1[C@H]2CN(C(=O)C(O)C3CN(C(=O)c4ccc(C(C)=O)o4)C3)C[C@@H]12,
11414,C[C@H]1C[C@H]1C(=O)NCC1(CCNC(=O)CC[C@H]2CCC(=O)NC2)CC1,"(1R,2S)-2-methyl-N-((1-(2-(3-((3S)-6-oxopiperidin-3-yl)propanamido)ethyl)cyclopropyl)methyl)cyclopropanecarboxamide",C[C@@H]1[C@@H](C1)C(=O)NCC1(CC1)CCNC(CC[C@H]1CNC(CC1)=O)=O,C[C@H]1CC1C(=O)NCC1(CCNC(=O)CC[C@H]2CCC(=O)NC2)CC1,C[C@H]1CC1C(=O)NCC1(CCNC(=O)CC[C@@H]2CCC(=O)NC2)CC1
11487,N#CC1CC2(C1)CC(C(=O)N1CCC[C@H](NC(=O)[C@@H]3[C@H]4CCCC[C@H]43)CC1)C2,"(1R,6S,7R)-N-((4S)-1-((2-(nitrilomethyl)spiro[3.3]heptan-6-yl)carbonyl)-1-azacycloheptan-4-yl)bicyclo[4.1.0]heptane-7-carboxamide",,N#CC1CC2(C1)CC(C(=O)N1CCC[C@H](NC(=O)C3[C@H]4CCCC[C@@H]34)CC1)C2,
11500,CN(C)c1cccc(C(=O)N2[C@H]3CC[C@@H]2C[C@H](NC(=O)C=Cc2ccco2)C3)c1,"N-((1R,3R,5S)-8-((3-(dimethylamino)phenyl)carbonyl)-8-azabicyclo[3.2.1]octan-3-yl)-3-(furan-2-yl)prop-2-enamide",,CN(C)c1cccc(C(=O)N2[C@@H]3CC[C@H]2C[C@@H](NC(=O)C=Cc2ccco2)C3)c1,
11532,CC[C@H](CCC(=O)N[C@@H](C1CCC1)C1CC1)NC(=O)c1ccnc(OC)c1,(4R)-N-((1S)-(cyclobutyl)(cyclopropyl)methyl)-4-(2-methoxypyridine-4-carboxamido)hexanamide,C1(CCC1)[C@@H](NC(CC[C@@H](CC)NC(=O)C1=CC(=NC=C1)OC)=O)C1CC1,CC[C@H](CCC(=O)N[C@@H](C1CCC1)C1CC1)NC(=O)c1ccnc(OC)c1,CC[C@H](CCC(=O)N[C@H](C1CCC1)C1CC1)NC(=O)c1ccnc(OC)c1
11539,CN(CC(=O)N[C@@H]1C[C@@H]2C[C@H](NC(=O)[C@@H]3C[C@@H]4O[C@H]3[C@H]3C[C@@H]43)C[C@@H]2C1)C(N)=O,"2-((carbamoyl)(methyl)amino)-N-((1R,3R,5S,7S)-7-((1S,2R,4S,5S,6R)-8-oxatricyclo[3.2.1.0^{2,4}]octane-6-carboxamido)bicyclo[3.3.0]octan-3-yl)acetamide",,CN(CC(=O)N[C@@H]1C[C@@H]2C[C@H](NC(=O)C3C[C@@H]4O[C@H]3[C@H]3C[C@H]34)C[C@@H]2C1)C(N)=O,
11562,Cc1ocnc1CC(=O)N1CCOC[C@@H]1CCNC(=O)[C@@H]1C[C@H](C)O[C@H](C)C1,"(2R,4R,6S)-2,6-dimethyl-N-(2-((3S)-4-(2-(5-methyloxazol-4-yl)-acetyl)morpholin-3-yl)ethyl)oxane-4-carboxamide",,Cc1ocnc1CC(=O)N1CCOC[C@@H]1CCNC(=O)C1C[C@@H](C)O[C@@H](C)C1,
11648,C[C@@H](C(=O)N1C[C@@H]2C[C@H](NC(=O)[C@H]3CNC(=O)N3)C[C@@H](C2)C1)N1CCSCC1,"(5R)-2-oxo-N-((1R,5S,7S)-3-((2S)-1-oxo-2-(thiomorpholin-4-yl)propyl)-3-azabicyclo[3.3.1]nonan-7-yl)imidazolidine-5-carboxamide",,CC(C(=O)N1C[C@@H]2C[C@@H](C[C@H](NC(=O)C3CNC(=O)N3)C2)C1)N1CCSCC1,
11720,CC(C)C[C@H](C(=O)N[C@H]1C[C@@](F)(CNC(=O)c2ccnc3cc[nH]c23)C1)N(C)C,"(2R)-N-((1S,3s)-3-((2,7-diazabicyclo[4.3.0]nona-1,3,5,8-tetraene-5-carboxamido)methyl)-3-fluorocyclobutyl)-2-(dimethylamino)-4-methylpentanamide",,CC(C)CC(C(=O)N[C@H]1C[C@@](F)(CNC(=O)c2ccnc3cc[nH]c23)C1)N(C)C,
11789,Cc1nc([C@@H](C)NC(=O)[C@@H]2[C@H]3CN(C(=O)c4ccccc4C)C[C@H]32)cs1,"(1R,5S,6R)-3-((2-methylphenyl)carbonyl)-N-((1R)-1-(2-methylthiazol-4-yl)ethyl)-3-azabicyclo[3.1.0]hexane-6-carboxamide",,Cc1nc([C@@H](C)NC(=O)C2[C@H]3CN(C(=O)c4ccccc4C)C[C@@H]23)cs1,
11848,Cc1ccccc1SCC(=O)N[C@@H]1CCN(C(=O)[C@H]2C[C@@](C)(O)C2)C12CC2,"N-((7R)-4-(((1S,3r)-3-hydroxy-3-methylcyclobutyl)carbonyl)-4-azaspiro[2.4]heptan-7-yl)-2-((2-methylphenyl)sulfanyl)acetamide",,Cc1ccccc1SCC(=O)N[C@@H]1CCN(C(=O)C2CC(C)(O)C2)C12CC2,
11858,CC(=O)CCCC(=O)N1CCC[C@@]2(CCCN2C(=O)c2sccc2Br)C1,"1-((5R)-1-((3-bromothiophen-2-yl)carbonyl)-1,7-diazaspiro[4.5]decan-7-yl)hexane-1,5-dione",BrC1=C(SC=C1)C(=O)N1CCC[C@@]12CN(CCC2)C(CCCC(C)=O)=O,CC(=O)CCCC(=O)N1CCC[C@@]2(CCCN2C(=O)c2sccc2Br)C1,CC(=O)CCCC(=O)N1CCC[C@]2(CCCN2C(=O)c2sccc2Br)C1
11894,C[C@]1(NC(=O)c2cnc(C3CC3)o2)C[C@H](NC(=O)[C@@H]2C[C@@H]2C(F)(F)F)C1,"2-cyclopropyl-N-((1S,3s)-1-methyl-3-((1R,2S)-2-(trifluoromethyl)cyclopropanecarboxamido)cyclobutyl)oxazole-5-carboxamide",,C[C@]1(NC(=O)c2cnc(C3CC3)o2)C[C@H](NC(=O)C2C[C@@H]2C(F)(F)F)C1,
11909,C=CCC1(C(=O)N[C@@H]2C[C@H]3[C@@H](C2)[C@@H]3NC(=O)c2occ3c2CCC3)CCCCC1,"N-((1R,3R,5S,6R)-3-(1-(prop-2-en-1-yl)cyclohexanecarboxamido)bicyclo[3.1.0]hexan-6-yl)-3-oxabicyclo[3.3.0]octa-1,4-diene-2-carboxamide",,C=CCC1(C(=O)N[C@H]2C[C@@H]3[C@H](C2)[C@H]3NC(=O)c2occ3c2CCC3)CCCCC1,
11915,Cc1cc(N2[C@H]3CC[C@@H]2C[C@H](O)C3)nc(N(C)Cc2nc3ccccc3n2C)n1,"(1R,3R,5S)-8-(6-methyl-2-(((1-methyl-1H-benzimidazol-2-yl)methyl)(methyl)amino)pyrimidin-4-yl)-8-azabicyclo[3.2.1]octan-3-ol",,Cc1cc(N2[C@@H]3CC[C@H]2C[C@@H](O)C3)nc(N(C)Cc2nc3ccccc3n2C)n1,
11955,CCn1cc(Br)cc1C(=O)NC[C@@]1(CNC(=O)[C@@H]2[C@@H](C)[C@H]2C)CC12CCC2,"4-bromo-N-(((1S)-1-(((1R,2R,3S)-2,3-dimethylcyclopropanecarboxamido)methyl)spiro[2.3]hexan-1-yl)methyl)-1-ethyl-1H-pyrrole-2-carboxamide",,CCn1cc(Br)cc1C(=O)NC[C@@]1(CNC(=O)C2[C@@H](C)[C@H]2C)CC12CCC2,
11972,C[C@H]1C[C@@H](C)C[C@H](C(=O)N2CCC(C)(C(=O)Nc3cccc([C@@H](C)F)c3)CC2)C1,"1-(((1R,3R,5S)-3,5-dimethylcyclohexyl)carbonyl)-N-(3-((1R)-1-fluoroethyl)phenyl)-4-methylpiperidine-4-carboxamide",,C[C@@H]1CC(C(=O)N2CCC(C)(C(=O)Nc3cccc([C@@H](C)F)c3)CC2)C[C@H](C)C1,
12038,O=C(NC[C@H]1[C@@H]2CN(C(=O)[C@H]3CC34CCCCC4)C[C@H]12)c1ccc(O)c(F)c1,"3-fluoro-4-hydroxy-N-(((1R,5S,6S)-3-((oxo)(1S)-spiro[2.5]octan-1-ylmethyl)-3-azabicyclo[3.1.0]hexan-6-yl)methyl)benzamide",,O=C(NC[C@@H]1[C@H]2CN(C(=O)C3CC34CCCCC4)C[C@@H]12)c1ccc(O)c(F)c1,
12045,Cc1cc(C(=O)N[C@@]23CCC[C@H]2N(C(=O)c2cc4c([nH]2)CCCC4=O)CC3)cs1,"5-methyl-N-((1R,5R)-2-((2-oxo-7-azabicyclo[4.3.0]nona-1(6),8-dien-8-yl)carbonyl)-2-azabicyclo[3.3.0]octan-5-yl)thiophene-3-carboxamide",CC1=CC(=CS1)C(=O)N[C@@]12CCN([C@@H]2CCC1)C(=O)C=1NC=2CCCC(C2C1)=O,Cc1cc(C(=O)N[C@@]23CCC[C@H]2N(C(=O)c2cc4c([nH]2)CCCC4=O)CC3)cs1,Cc1cc(C(=O)N[C@@]23CCC[C@H]2N(C(O)c2cc4c(O)cccc4[nH]2)CC3)cs1
12232,O=C(CC[C@@H]1C[C@H]1CC1CC1)N[C@@H]1CCN(C(=O)c2ccc3nccnc3n2)C1,"3-((1R,2R)-2-(cyclopropylmethyl)cyclopropyl)-N-((3R)-1-((2,5,7-triazabicyclo[4.4.0]deca-1,3,5,7,9-pentaen-8-yl)carbonyl)pyrrolidin-3-yl)propanamide",C1(CC1)C[C@@H]1[C@@H](C1)CCC(=O)N[C@H]1CN(CC1)C(=O)C1=NC2=NC=CN=C2C=C1,O=C(CC[C@@H]1C[C@H]1CC1CC1)N[C@@H]1CCN(C(=O)c2ccc3nccnc3n2)C1,O=C(CC[C@@H]1C[C@@H]1CC1CC1)N[C@@H]1CCN(C(=O)c2ccc3nccnc3n2)C1
12289,CC1(C)CO[C@@H](C(=O)N2[C@H]3CC[C@@H]2C[C@@H](NC(=O)c2csc(C(F)F)n2)C3)C1,"2-(difluoromethyl)-N-((1R,3S,5S)-8-(((2R)-4,4-dimethyloxolan-2-yl)carbonyl)-8-azabicyclo[3.2.1]octan-3-yl)thiazole-4-carboxamide",,CC1(C)COC(C(=O)N2[C@@H]3CC[C@H]2C[C@H](NC(=O)c2csc(C(F)F)n2)C3)C1,
12374,CCN=c1cc(C(=O)N2C[C@H]3[C@H](CNC(=O)[C@@]45CC[C@@H](C[C@@H]4F)C5)[C@H]3C2)cc[nH]1,"(1S,2S,4R)-N-(((1R,5S,6S)-3-((6-(ethylimino)-1-azacyclohexa-2,4-dien-4-yl)carbonyl)-3-azabicyclo[3.1.0]hexan-6-yl)methyl)-2-fluorobicyclo[2.2.1]heptane-1-carboxamide",,CCNc1cc(C(=O)N2C[C@@H]3[C@@H](CNC(=O)[C@@]45CC[C@@H](C[C@@H]4F)C5)[C@@H]3C2)ccn1,
12425,Cc1cnn(CC(=O)N(C)CCCN(C)C(=O)c2cc3c([nH]2)CCCC3=O)c1,"N-methyl-2-(4-methyl-1H-pyrazol-1-yl)-N-(3-(N-methyl-2-oxo-7-azabicyclo[4.3.0]nona-1(6),8-diene-8-carboxamido)propyl)acetamide",CN(C(CN1N=CC(=C1)C)=O)CCCN(C(=O)C=1NC=2CCCC(C2C1)=O)C,Cc1cnn(CC(=O)N(C)CCCN(C)C(=O)c2cc3c([nH]2)CCCC3=O)c1,Cc1cnn(CC(=O)N(C)CCCN(C)C(O)c2cc3c(O)cccc3[nH]2)c1
12457,C[C@H]1C[C@@H](C)C[C@H](C(=O)NCCSCC(=O)N[C@H](CF)C(F)(F)F)C1,"(1R,3R,5S)-3,5-dimethyl-N-(2-((2-oxo-2-(((2R)-1,1,1,3-tetrafluoropropan-2-yl)amino)ethyl)sulfanyl)ethyl)cyclohexanecarboxamide",,C[C@@H]1CC(C(=O)NCCSCC(=O)N[C@H](CF)C(F)(F)F)C[C@H](C)C1,
12462,Cc1ccc(NC(=O)C(C)(C)[C@@H]2CCN(C(=O)[C@@H]3[C@H]4[C@@H]5CC[C@@H](C5)[C@H]43)C2)cn1,"2-methyl-N-(6-methylpyridin-3-yl)-2-((3S)-1-(((1R,2S,3R,4R,5S)-tricyclo[3.2.1.0^{2,4}]octan-3-yl)carbonyl)pyrrolidin-3-yl)propanamide",,Cc1ccc(NC(=O)C(C)(C)[C@@H]2CCN(C(=O)C3[C@@H]4[C@H]5CC[C@H](C5)[C@H]34)C2)cn1,
12551,O=C(Cc1ccc(F)cn1)N[C@H]1[C@@H]2CN(C(=O)Cn3cnc4c3CCCC4)C[C@@H]21,"N-((1R,5S,6S)-3-(2-(7,9-diazabicyclo[4.3.0]nona-1(6),8-dien-7-yl)-acetyl)-3-azabicyclo[3.1.0]hexan-6-yl)-2-(5-fluoropyridin-2-yl)acetamide",,O=C(Cc1ccc(F)cn1)N[C@H]1[C@@H]2CN(C(=O)Cn3cnc4c3CCCC4)C[C@@H]21,
12699,Cn1cnc2c1CCN(C(=O)[C@H]1C=CCC1)[C@]21CCN(C(=O)Cc2cc[nH]c2)C1,"1-((3S)-1'-((1R)-cyclopent-2-en-1-yl)-1-((2S)-7-methyl-3,7,9-triazaspiro[pyrrolidine-3,2'-bicyclo[4.3.0]nona-1(6),8-dien-3-yl)methanone]-1-yl)-2-(1H-pyrrol-3-yl)ethan-1-one",,Cn1cnc2c1CCN(C(=O)C1C=CCC1)[C@]21CCN(C(=O)Cc2cc[nH]c2)C1,
12712,Cn1nnc(C(=O)N2[C@H]3CC[C@@H]2C[C@H](CNC(=O)c2cc4ccsc4[nH]2)C3)c1N,"N-(((1R,3R,5S)-8-((5-amino-1-methyl-1H-1,2,3-triazol-4-yl)carbonyl)-8-azabicyclo[3.2.1]octan-3-yl)methyl)-2-thia-8-azabicyclo[3.3.0]octa-1(5),3,6-triene-7-carboxamide",,Cn1nnc(C(=O)N2[C@@H]3CC[C@H]2C[C@@H](CNC(=O)c2cc4ccsc4[nH]2)C3)c1N,
12726,CC(C)(CNC(=O)CCc1cccc(OC(F)F)c1)NC(=O)[C@@H]1[C@H]2C[C@@H]2[C@H]2C[C@@H]12,"3-(3-((difluoromethyl)oxy)phenyl)-N-(2-methyl-2-((1R,2R,4R,5R,6S)-tricyclo[4.1.0.0^{2,4}]heptane-5-carboxamido)propyl)propanamide",,CC(C)(CNC(=O)CCc1cccc(OC(F)F)c1)NC(=O)C1[C@H]2C[C@@H]2[C@H]2C[C@@H]12,
12751,COc1cc(Cl)cc(C(=O)NC[C@]2(F)C[C@H](CNC(=O)[C@@H]3CCC[C@H](O)C3)C2)c1,"3-chloro-N-(((1S,3s)-1-fluoro-3-(((1R,3S)-3-hydroxycyclohexanecarboxamido)methyl)cyclobutyl)methyl)-5-methoxybenzene-1-carboxamide",,COc1cc(Cl)cc(C(=O)NC[C@]2(F)C[C@H](CNC(=O)C3CCC[C@H](O)C3)C2)c1,
12779,C[C@H](C(=O)N(C)[C@H]1C[C@](O)(C(F)(F)F)C1)n1ccc(C2CC2)n1,"(2R)-2-(3-cyclopropyl-1H-pyrazol-1-yl)-N-((1S,3r)-3-hydroxy-3-(trifluoromethyl)cyclobutyl)-N-methylpropanamide",,CC(C(=O)N(C)[C@H]1C[C@](O)(C(F)(F)F)C1)n1ccc(C2CC2)n1,
12786,C[C@H](O)[C@@H](C)n1cc([C@@H]2[C@H]3CN(C(=O)[C@H]4Cc5nn(C)cc5C(=O)N4)C[C@H]32)nn1,"(4R)-4-(((1R,5S,6R)-6-(1-((2R,3S)-3-hydroxybutan-2-yl)-1H-1,2,3-triazol-4-yl)-3-azabicyclo[3.1.0]hexan-3-yl)carbonyl)-8-methyl-3,7,8-triazabicyclo[4.3.0]nona-1(9),6-dien-2-one",,C[C@H](O)[C@@H](C)n1cc([C@H]2[C@@H]3CN(C(=O)C4Cc5nn(C)cc5C(=O)N4)C[C@@H]32)nn1,
12796,CC1(C)C[C@]1(Cc1ccccc1)NC(=O)c1cc2ccccc2c2cccnc12,"N-((1S)-1-benzyl-2,2-dimethylcyclopropyl)-11-azatricyclo[8.4.0.0^{2,7}]tetradeca-1(14),2,4,6,8,10,12-heptaene-9-carboxamide",C(C1=CC=CC=C1)[C@@]1(C(C1)(C)C)NC(=O)C1=CC2=CC=CC=C2C2=CC=CN=C12,CC1(C)C[C@]1(Cc1ccccc1)NC(=O)c1cc2ccccc2c2cccnc12,CC1(C)C[C@@]1(Cc1ccccc1)NC(=O)c1cc2ccccc2c2cccnc12
12828,COC(=O)c1cc(C#N)cnc1N[C@H]1C[C@@](F)(CNC(=O)c2cc(C)c(C)s2)C1,"methyl 5-cyano-2-(((1S,3s)-3-((4,5-dimethylthiophene-2-carboxamido)methyl)-3-fluorocyclobutyl)amino)pyridine-3-carboxylate",,COC(=O)c1cc(C#N)cnc1N[C@H]1C[C@@](F)(CNC(=O)c2cc(C)c(C)s2)C1,
12847,C=C(C)CC(=O)N(C)C[C@H]1[C@@H]2CN(C(=O)c3ccc(C(=O)OC)s3)C[C@H]12,"methyl 5-(((1R,5S,6S)-6-((N-methyl-3-methylbut-3-enamido)methyl)-3-azabicyclo[3.1.0]hexan-3-yl)carbonyl)thiophene-2-carboxylate",,C=C(C)CC(=O)N(C)C[C@@H]1[C@H]2CN(C(=O)c3ccc(C(=O)OC)s3)C[C@@H]12,
12851,C#CCCC(=O)N[C@]1(C)C[C@@H](NC(=O)COc2cccc(C(N)=O)c2)C1,"N-((1S,3s)-3-(2-((3-carbamoylphenyl)oxy)acetamido)-1-methylcyclobutyl)pent-4-ynamide",,C#CCCC(=O)N[C@]1(C)C[C@@H](NC(=O)COc2cccc(C(N)=O)c2)C1,
12875,NS(=O)(=O)N1CC(C(=O)N[C@@H]2C[C@@H]3CC[C@H](C2)N3C(=O)[C@@H]2CCOC(=O)CC2)C1,"1-(sulfamoyl)-N-((1R,3R,5S)-8-(((4S)-7-oxo-1-oxacycloheptan-4-yl)carbonyl)-8-azabicyclo[3.2.1]octan-3-yl)azetidine-3-carboxamide",,NS(=O)(=O)N1CC(C(=O)N[C@H]2C[C@H]3CC[C@@H](C2)N3C(=O)C2CCOC(=O)CC2)C1,
12901,C#CC[C@]1(O)C[C@@H](C(=O)N2CC3=C(CN(C(=O)Cc4cn(CC)nn4)C3)C2)C1,"2-(1-ethyl-1H-1,2,3-triazol-4-yl)-1-(7-(((1R,3s)-3-hydroxy-3-(prop-2-yn-1-yl)cyclobutyl)carbonyl)-3,7-diazabicyclo[3.3.0]oct-1(5)-en-3-yl)ethan-1-one",,C#CCC1(O)CC(C(=O)N2CC3=C(CN(C(=O)Cc4cn(CC)nn4)C3)C2)C1,
12951,CO[C@@](C)(C(=O)NCC1(F)CCN(C(=O)[C@H]2C[C@@](C)(O)C2)CC1)C(C)C,"(2R)-N-((4-fluoro-1-(((1R,3s)-3-hydroxy-3-methylcyclobutyl)carbonyl)piperidin-4-yl)methyl)-2-methoxy-2,3-dimethylbutanamide",,CO[C@@](C)(C(=O)NCC1(F)CCN(C(=O)C2CC(C)(O)C2)CC1)C(C)C,
13018,COc1c(F)cccc1C(=O)N1CCC[C@@H](CCNC(=O)C[C@H]2CNC(=O)C2)C1,N-(2-((3S)-1-((3-fluoro-2-methoxyphenyl)carbonyl)piperidin-3-yl)ethyl)-2-((3R)-5-oxopyrrolidin-3-yl)acetamide,FC=1C(=C(C=CC1)C(=O)N1C[C@@H](CCC1)CCNC(C[C@@H]1CNC(C1)=O)=O)OC,COc1c(F)cccc1C(=O)N1CCC[C@@H](CCNC(=O)C[C@H]2CNC(=O)C2)C1,COc1c(F)cccc1C(=O)N1CCC[C@@H](CCNC(=O)C[C@@H]2CNC(=O)C2)C1
13038,CN1CCOC[C@@H]1C(=O)N1C[C@H]2[C@H](CNC(=O)c3cc(O)cc(F)c3)[C@H]2C1,"3-fluoro-5-hydroxy-N-(((1R,5S,6S)-3-(((3R)-4-methylmorpholin-3-yl)carbonyl)-3-azabicyclo[3.1.0]hexan-6-yl)methyl)benzamide",,CN1CCOCC1C(=O)N1C[C@@H]2[C@@H](CNC(=O)c3cc(O)cc(F)c3)[C@@H]2C1,
13069,CC[C@@](C)(COC)NC(=O)c1cncc(CNC(=O)[C@@H]2[C@H]3COC[C@H]32)c1,"N-((2S)-2-(methoxymethyl)butan-2-yl)-5-(((1R,5S,6R)-3-oxabicyclo[3.1.0]hexane-6-carboxamido)methyl)pyridine-3-carboxamide",,CC[C@@](C)(COC)NC(=O)c1cncc(CNC(=O)C2[C@H]3COC[C@@H]23)c1,
13086,CC(=O)C(=O)N1CC2(CO[C@H](CNC(=O)[C@@]3(C)C[C@H](C)O[C@H](C)C3)C2)C1,"(2R,4S,6S)-N-(((7S)-2-(1,2-dioxopropyl)-6-oxa-2-azaspiro[3.4]octan-7-yl)methyl)-2,4,6-trimethyloxane-4-carboxamide",,CC(=O)C(=O)N1CC2(CO[C@H](CNC(=O)[C@]3(C)C[C@@H](C)O[C@@H](C)C3)C2)C1,
13114,COCCCC(=O)N1C[C@H]2[C@H](NC(=O)c3cc4c(nc3O)CCN(C)C4)[C@H]2C1,"3-hydroxy-N-((1R,5S,6S)-3-(4-methoxy-butyryl)-3-azabicyclo[3.1.0]hexan-6-yl)-8-methyl-2,8-diazabicyclo[4.4.0]deca-1,3,5-triene-4-carboxamide",,COCCCC(=O)N1C[C@@H]2[C@H](C1)[C@H]2NC(=O)c1cc2c([nH]c1=O)CCN(C)C2,
13181,CC12CCC(C(=O)N3CC=C[C@H](NC(=O)[C@H]4C[C@@H]5CC[C@H](C4)[C@@H]5O)C3)(CC1)CO2,"(1R,3S,5S,8R)-8-hydroxy-N-((3S)-1-((1-methyl-2-oxabicyclo[2.2.2]octan-4-yl)carbonyl)-1-azacyclohex-4-en-3-yl)bicyclo[3.2.1]octane-3-carboxamide",,CC12CCC(C(=O)N3CC=C[C@H](NC(=O)C4C[C@H]5CC[C@@H](C4)[C@H]5O)C3)(CC1)CO2,
13198,Cn1cnc2ccc(NC(=O)[C@@H]3C[C@@H](F)CN3C(=O)[C@@H]3[C@H]4COC[C@H]43)cc21,"(2S,4R)-4-fluoro-N-(9-methyl-7,9-diazabicyclo[4.3.0]nona-1(6),2,4,7-tetraen-3-yl)-1-(((1R,5S,6R)-3-oxabicyclo[3.1.0]hexan-6-yl)carbonyl)pyrrolidine-2-carboxamide",,Cn1cnc2ccc(NC(=O)C3C[C@@H](F)CN3C(=O)C3[C@H]4COC[C@@H]34)cc21,
13250,Cc1[nH]nc(C(=O)N[C@@H]2C[C@@H]3CC[C@H](C2)N3C(=O)c2c(Cl)cncc2Cl)c1F,"N-((1R,3R,5S)-8-((3,5-dichloropyridin-4-yl)carbonyl)-8-azabicyclo[3.2.1]octan-3-yl)-4-fluoro-5-methyl-1H-pyrazole-3-carboxamide",,Cc1[nH]nc(C(=O)N[C@H]2C[C@H]3CC[C@@H](C2)N3C(=O)c2c(Cl)cncc2Cl)c1F,
13358,O=C(N[C@H]1C[C@@H]2CC[C@H](C1)N2C(=O)[C@H]1CCCS(=O)(=O)N1)c1ccc([N+](=O)[O-])s1,"N-((1R,3S,5S)-8-(((3R)-1,1-dioxo-1lambda^6-thia-2-azacyclohexan-3-yl)carbonyl)-8-azabicyclo[3.2.1]octan-3-yl)-5-nitrothiophene-2-carboxamide",,O=C(N[C@@H]1C[C@H]2CC[C@@H](C1)N2C(=O)C1CCCS(=O)(=O)N1)c1ccc([N+](=O)[O-])s1,
13401,CCC(F)(F)C(=O)N[C@H](CC(=O)N1C[C@H]2C[C@@H](O)C[C@H]2C1)[C@@H](C)OC,"2,2-difluoro-N-((3R,4R)-1-((1R,5S,7R)-7-hydroxy-3-azabicyclo[3.3.0]octan-3-yl)-4-methoxy-1-oxopentan-3-yl)butanamide",,CCC(F)(F)C(=O)N[C@H](CC(=O)N1C[C@H]2C[C@@H](O)C[C@H]2C1)[C@@H](C)OC,
13415,O=C(NCCOCCC(=O)N1C[C@H]2CSC[C@H]2C1)[C@@H]1[C@H]2CCCCC[C@H]21,"(1R,7S,8R)-N-(2-((3-oxo-3-((1R,5S)-3-thia-7-azabicyclo[3.3.0]octan-7-yl)propyl)oxy)ethyl)bicyclo[5.1.0]octane-8-carboxamide",,O=C(NCCOCCC(=O)N1C[C@H]2CSC[C@H]2C1)C1[C@H]2CCCCC[C@@H]12,
13518,C[C@@]1(C(=O)N2C[C@H]3[C@H](CC(=O)NCC4(CC5CC5)CC4)[C@H]3C2)CNC(=O)C1,"N-((1-(cyclopropylmethyl)cyclopropyl)methyl)-2-((1R,5S,6S)-3-(((3S)-3-methyl-5-oxopyrrolidin-3-yl)carbonyl)-3-azabicyclo[3.1.0]hexan-6-yl)acetamide",,C[C@@]1(C(=O)N2C[C@@H]3[C@@H](CC(=O)NCC4(CC5CC5)CC4)[C@@H]3C2)CNC(=O)C1,
13614,CSCC[C@@H](O)C(=O)NC[C@@H]1CC2(CO1)CN(C(=O)[C@]1(C(F)(F)F)C[C@@H](O)C1)C2,"(2R)-2-hydroxy-N-(((7S)-2-(((1R,3s)-3-hydroxy-1-(trifluoromethyl)cyclobutyl)carbonyl)-6-oxa-2-azaspiro[3.4]octan-7-yl)methyl)-4-(methylsulfanyl)butanamide",,CSCCC(O)C(=O)NC[C@@H]1CC2(CO1)CN(C(=O)[C@]1(C(F)(F)F)C[C@@H](O)C1)C2,
13714,CC(C)C[C@H](CN=C(NCC(F)F)N1C[C@H]2[C@H](C)[C@H]2C1)N1CCCC1,"2,2-difluoro-N-((((2R)-4-methyl-2-(pyrrolidin-1-yl)pentyl)imino)((1R,5S,6S)-6-methyl-3-azabicyclo[3.1.0]hexan-3-yl)methyl)ethanamine",,CC(C)C[C@H](CN=C(NCC(F)F)N1C[C@@H]2[C@@H](C)[C@@H]2C1)N1CCCC1,
13772,CC(C)c1nocc1C(=O)N[C@H]1C[C@H]2C[C@@H](NC(=O)[C@H](C(C)C)N(C)C)C[C@H]2C1,"N-((1R,3S,5S,7R)-7-((2S)-2-(dimethylamino)-3-methylbutanamido)bicyclo[3.3.0]octan-3-yl)-3-(propan-2-yl)isoxazole-4-carboxamide",,CC(C)c1nocc1C(=O)N[C@@H]1C[C@@H]2C[C@H](NC(=O)C(C(C)C)N(C)C)C[C@@H]2C1,
13776,CCC(C)(C)C(=O)N1CC2(C[C@H](NC(=O)c3cocn3)c3nccn32)C1,"N-((6S)-spiro[1,4-diazabicyclo[3.3.0]octa-2,4-diene-8,3'-(1-(azetidin-1-yl)-2,2-dimethylbutane)]-6-yl-1'-one)oxazole-4-carboxamide",,CCC(C)(C)C(=O)N1CC2(C[C@H](NC(=O)c3cocn3)c3nccn32)C1,
13808,Cc1nn(C)c(Cl)c1C(=O)N1C[C@H]2[C@H](N=c3[nH]nc(CO)s3)[C@H]2C1,"1-(5-chloro-1,3-dimethyl-1H-pyrazol-4-yl)-1-((1R,5S,6S)-6-((5-(hydroxymethyl)-1-thia-3,4-diazacyclopent-4-en-2-ylidene)amino)-3-azabicyclo[3.1.0]hexan-3-yl)methanone",,Cc1nn(C)c(Cl)c1C(=O)N1C[C@@H]2[C@H](C1)[C@H]2Nc1nnc(CO)s1,
13852,COc1cc(C(=O)NCC2(F)CN(C(=O)[C@H]3[C@@H]4CS(=O)(=O)C[C@@H]43)C2)ccn1,"N-((1-(((1R,5S,6S)-3,3-dioxo-3lambda^6-thiabicyclo[3.1.0]hexan-6-yl)carbonyl)-3-fluoro-azetidin-3-yl)methyl)-2-methoxypyridine-4-carboxamide",,COc1cc(C(=O)NCC2(F)CN(C(=O)C3[C@H]4CS(=O)(=O)C[C@@H]34)C2)ccn1,
13866,Cc1ccnc(C(=O)NC2C[C@@H]3CCC[C@H](C2)N3C(=O)[C@@H]2C[C@@H]3C[C@@H]3C[C@@H]2C)c1,"4-methyl-N-((1R,5S)-9-(((1S,3R,4S,6S)-4-methylbicyclo[4.1.0]heptan-3-yl)carbonyl)-9-azabicyclo[3.3.1]nonan-3-yl)pyridine-2-carboxamide",CC1=CC(=NC=C1)C(=O)NC1C[C@H]2CCC[C@@H](C1)N2C(=O)[C@@H]2C[C@@H]1C[C@H]1C[C@@H]2C,Cc1ccnc(C(=O)NC2C[C@H]3CCC[C@@H](C2)N3C(=O)C2C[C@@H]3C[C@@H]3C[C@@H]2C)c1,Cc1ccnc(C(=O)NC2C[C@H]3CCC[C@@H](C2)N3C(=O)C2C[C@@H]3C[C@H]3C[C@@H]2C)c1
13921,COCO[C@H]1C[C@@H]([C@H](NC[C@@]2(C)C[C@@H]3C[C@@H]3C2)c2nnnn2CCSC)C1,"(1S)-1-(cis-3-(methoxymethoxy)cyclobutyl)-N-(((1R,3S,5S)-3-methylbicyclo[3.1.0]hexan-3-yl)methyl)-1-(1-(2-(methylsulfanyl)ethyl)-1H-tetrazol-5-yl)methanamine",,COCO[C@H]1C[C@@H]([C@H](NC[C@]2(C)C[C@H]3C[C@H]3C2)c2nnnn2CCSC)C1,
13960,C[C@]1(F)C[C@H](C(=O)N2CC(O)(CNC(=O)CCC(=O)N3CCC(O)CC3)C2)C1,"N-((1-(((1S,3s)-3-fluoro-3-methylcyclobutyl)carbonyl)-3-hydroxy-azetidin-3-yl)methyl)-4-(4-hydroxypiperidin-1-yl)-4-oxobutanamide",,CC1(F)CC(C(=O)N2CC(O)(CNC(=O)CCC(=O)N3CCC(O)CC3)C2)C1,
14041,CCCN(C(=O)[C@]12C[C@@H](C)[C@H]1C2)[C@H]1CCN(C(=O)C2(C)CC3(CCC3)C2)C1,"(1S,3R,4R)-3-methyl-N-((3S)-1-((2-methylspiro[3.3]heptan-2-yl)carbonyl)pyrrolidin-3-yl)-N-propylbicyclo[2.1.0]pentane-1-carboxamide",C[C@@H]1C[C@]2(C[C@H]12)C(=O)N(CCC)[C@@H]1CN(CC1)C(=O)C1(CC2(C1)CCC2)C,CCCN(C(=O)[C@]12C[C@@H](C)[C@H]1C2)[C@H]1CCN(C(=O)C2(C)CC3(CCC3)C2)C1,CCCN(C(=O)[C@@]12C[C@@H](C)[C@H]1C2)[C@H]1CCN(C(=O)C2(C)CC3(CCC3)C2)C1
14074,Cc1nc(O)c2ccc(C(=O)NC[C@H]3C[C@](O)(c4ccc(Br)cc4)C3)cc2n1,"N-(((1S,3r)-3-(4-bromophenyl)-3-hydroxycyclobutyl)methyl)-4-hydroxy-2-methylquinazoline-7-carboxamide",,Cc1nc(=O)c2ccc(C(=O)NC[C@H]3C[C@](O)(c4ccc(Br)cc4)C3)cc2[nH]1,
14082,Cc1nnn(CC(=O)N2CC(n3cc(CNC(=O)[C@@H]4[C@H]5CCCC[C@H]54)nn3)C2)n1,"(1R,6S,7R)-N-((1-(1-(2-(5-methyl-2H-tetrazol-2-yl)-acetyl)-azetidin-3-yl)-1H-1,2,3-triazol-4-yl)methyl)bicyclo[4.1.0]heptane-7-carboxamide",,Cc1nnn(CC(=O)N2CC(n3cc(CNC(=O)C4[C@H]5CCCC[C@@H]45)nn3)C2)n1,
14098,CC(C)N1CCO[C@@H](C(=O)N2CCC[C@@](F)(CNC(=O)[C@]3(C)C[C@@H]4C[C@@H]4C3)C2)C1,"(1R,3R,5S)-N-(((3R)-3-fluoro-1-(((2R)-4-(propan-2-yl)morpholin-2-yl)carbonyl)piperidin-3-yl)methyl)-3-methylbicyclo[3.1.0]hexane-3-carboxamide",,CC(C)N1CCOC(C(=O)N2CCC[C@@](F)(CNC(=O)[C@@]3(C)C[C@H]4C[C@H]4C3)C2)C1,
14119,Cc1ccncc1CC(=O)NC[C@]1(F)C[C@@H](NC(=O)CN2CCC[C@H]2CO)C1,"N-(((1S,3r)-1-fluoro-3-(2-((2S)-2-(hydroxymethyl)pyrrolidin-1-yl)acetamido)cyclobutyl)methyl)-2-(4-methylpyridin-3-yl)acetamide",,Cc1ccncc1CC(=O)NC[C@]1(F)C[C@@H](NC(=O)CN2CCC[C@H]2CO)C1,
14153,CN1CCC[C@@]1(C)C(=O)N1C[C@H]2[C@H](NC(=O)CC3=NNC(=O)C3)[C@H]2C1,"N-((1R,5S,6S)-3-(((2S)-1,2-dimethylpyrrolidin-2-yl)carbonyl)-3-azabicyclo[3.1.0]hexan-6-yl)-2-(5-oxo-1,2-diazacyclopent-2-en-3-yl)acetamide",,CN1CCC[C@@]1(C)C(=O)N1C[C@@H]2[C@H](C1)[C@H]2NC(=O)Cc1cc(=O)[nH][nH]1,
14154,CCCC[C@@H](CC)CC(=O)N[C@@H]1C[C@@H]2CC[C@H](C1)N2C(=O)C1(C)C(C)(C)C1(C)C,"(3R)-3-ethyl-N-((1R,3R,5S)-8-((1,2,2,3,3-pentamethylcyclopropyl)carbonyl)-8-azabicyclo[3.2.1]octan-3-yl)heptanamide",,CCCC[C@@H](CC)CC(=O)N[C@H]1C[C@H]2CC[C@@H](C1)N2C(=O)C1(C)C(C)(C)C1(C)C,
14163,Cc1nccc([C@@H](C)NC(=O)[C@H]2C[C@@](C)(NC(=O)C3CCC(O)CC3)C2)n1,"4-hydroxy-N-((1R,3s)-1-methyl-3-(((1R)-1-(2-methylpyrimidin-4-yl)ethyl)carbamoyl)cyclobutyl)cyclohexanecarboxamide",,Cc1nccc([C@@H](C)NC(=O)C2CC(C)(NC(=O)C3CCC(O)CC3)C2)n1,
14176,CN(C)[C@H](C(=O)N[C@H]1C[C@](F)(CNC(=O)[C@H]2CCc3nccn32)C1)C(C)(C)C,"(2S)-N-((1R,3s)-3-(((8R)-1,4-diazabicyclo[3.3.0]octa-2,4-diene-8-carboxamido)methyl)-3-fluorocyclobutyl)-2-(dimethylamino)-3,3-dimethylbutanamide",,CN(C)C(C(=O)N[C@H]1C[C@](F)(CNC(=O)C2CCc3nccn32)C1)C(C)(C)C,
14192,CC(C)Cc1cc(C(=O)N[C@H](CNC(=O)[C@@H]2[C@H]3CC[C@H]32)C(C)C)cc(O)n1,"N-((2S)-1-((1R,4S,5R)-bicyclo[2.1.0]pentane-5-carboxamido)-3-methylbutan-2-yl)-2-hydroxy-6-(2-methylpropyl)pyridine-4-carboxamide",,CC(C)Cc1cc(C(=O)N[C@H](CNC(=O)C2[C@H]3CC[C@@H]23)C(C)C)cc(=O)[nH]1,
14251,O=C(N[C@@H]1C[C@H]2[C@@H](C1)[C@@H]2NC(=O)[C@H]1CC2(CCO1)CC2)c1cncnc1,"N-((1R,3R,5S,6R)-6-((5R)-6-oxaspiro[2.5]octane-5-carboxamido)bicyclo[3.1.0]hexan-3-yl)pyrimidine-5-carboxamide",,O=C(N[C@H]1C[C@@H]2[C@H](C1)[C@H]2NC(=O)C1CC2(CCO1)CC2)c1cncnc1,
14259,CC1(C)CCC[C@@H]1CCNC(=O)[C@H](O)C1CN(C(=O)[C@H]2C[C@@H]3CC[C@@H]3C2)C1,"(2R)-2-(1-(((1R,3S,5S)-bicyclo[3.2.0]heptan-3-yl)carbonyl)-azetidin-3-yl)-N-(2-((1R)-2,2-dimethylcyclopentyl)ethyl)-2-hydroxyacetamide",,CC1(C)CCC[C@@H]1CCNC(=O)C(O)C1CN(C(=O)C2C[C@H]3CC[C@H]3C2)C1,
14294,CN(C[C@H]1[C@@H]2CN(C(=O)c3cc(O)cc(Cl)c3)C[C@H]12)C(=O)C[C@@H](O)C1CCCC1,"(3R)-N-(((1R,5S,6S)-3-((3-chloro-5-hydroxyphenyl)carbonyl)-3-azabicyclo[3.1.0]hexan-6-yl)methyl)-3-cyclopentyl-3-hydroxy-N-methylpropanamide",,CN(C[C@@H]1[C@H]2CN(C(=O)c3cc(O)cc(Cl)c3)C[C@@H]12)C(=O)C[C@@H](O)C1CCCC1,
14322,CC(C)n1cccc1C(=O)NCC[C@]1(C)CCN(C(=O)CC2C[C@@H]3C[C@H]3C2)C1,"N-(2-((3R)-1-(2-((1R,5R)-bicyclo[3.1.0]hexan-3-yl)-acetyl)-3-methylpyrrolidin-3-yl)ethyl)-1-(propan-2-yl)-1H-pyrrole-2-carboxamide",[C@H]12CC(C[C@H]2C1)CC(=O)N1C[C@](CC1)(C)CCNC(=O)C=1N(C=CC1)C(C)C,CC(C)n1cccc1C(=O)NCC[C@]1(C)CCN(C(=O)CC2C[C@@H]3C[C@H]3C2)C1,CC(C)n1cccc1C(=O)NCC[C@]1(C)CCN(C(=O)CC2C[C@H]3C[C@@H]3C2)C1
14345,CSc1ccc(N)cc1C(=O)NCC1(NC(=O)[C@@H]2C[C@H]3[C@@H](C2)C3(F)F)CC1,"(1R,3R,5S)-N-(1-((5-amino-2-(methylsulfanyl)benzamido)methyl)cyclopropyl)-6,6-difluorobicyclo[3.1.0]hexane-3-carboxamide",,CSc1ccc(N)cc1C(=O)NCC1(NC(=O)C2C[C@@H]3[C@H](C2)C3(F)F)CC1,
14357,CCCCCONC(=O)C[C@H]1[C@@H]2CN(C(=O)[C@@H](OCC)C3CCC3)C[C@H]12,"2-((1R,5S,6S)-3-((2S)-2-cyclobutyl-2-ethoxy-acetyl)-3-azabicyclo[3.1.0]hexan-6-yl)-N-(pentyloxy)acetamide",,CCCCCONC(=O)C[C@@H]1[C@H]2CN(C(=O)C(OCC)C3CCC3)C[C@@H]12,
14358,CC1(C)[C@H]2CC[C@]1(C(=O)N[C@H]1COCC[C@H]1NC(=O)c1ccc([N+](=O)[O-])[nH]1)CC2,"N-((3R,4R)-3-(7,7-dimethylbicyclo[2.2.1]heptane-1-carboxamido)-oxan-4-yl)-5-nitro-1H-pyrrole-2-carboxamide",CC1(C2(CCC1CC2)C(=O)N[C@H]2COCC[C@H]2NC(=O)C=2NC(=CC2)[N+](=O)[O-])C,CC1(C)[C@H]2CC[C@]1(C(=O)N[C@H]1COCC[C@H]1NC(=O)c1ccc([N+](=O)[O-])[nH]1)CC2,CC1(C)C2CCC1(C(=O)N[C@H]1COCC[C@H]1NC(=O)c1ccc([N+](=O)[O-])[nH]1)CC2
14464,COC(=O)[C@@H]1[C@H]2CN(C(=O)C3(CNC(=O)[C@@H](C)c4ccco4)CCC3)C[C@H]21,"methyl (1R,5S,6R)-3-((1-(((2S)-2-(furan-2-yl)propanamido)methyl)cyclobutyl)carbonyl)-3-azabicyclo[3.1.0]hexane-6-carboxylate",,COC(=O)C1[C@H]2CN(C(=O)C3(CNC(=O)C(C)c4ccco4)CCC3)C[C@@H]12,
14513,COC(=O)C[C@@H](C)C(=O)N1C[C@H]2[C@H](N(C)C(=O)Cn3cnc([N+](=O)[O-])c3)[C@H]2C1,"methyl (3R)-3-(((1R,5S,6S)-6-(N-methyl-2-(4-nitro-1H-imidazol-1-yl)acetamido)-3-azabicyclo[3.1.0]hexan-3-yl)carbonyl)butanoate",,COC(=O)CC(C)C(=O)N1C[C@@H]2[C@H](C1)[C@H]2N(C)C(=O)Cn1cnc([N+](=O)[O-])c1,
14516,CCCN(CCNC(=O)C12COC(COC)(C1)C2)C(=O)CC1C[C@H]2C[C@@H]2C1,"1-(methoxymethyl)-N-(2-(N-propyl-2-((1S,5S)-bicyclo[3.1.0]hexan-3-yl)acetamido)ethyl)-2-oxabicyclo[2.1.1]hexane-4-carboxamide",COCC12OCC(C1)(C2)C(=O)NCCN(C(CC2C[C@@H]1C[C@H]1C2)=O)CCC,CCCN(CCNC(=O)C12COC(COC)(C1)C2)C(=O)CC1C[C@H]2C[C@@H]2C1,CCCN(CCNC(=O)C12COC(COC)(C1)C2)C(=O)CC1C[C@@H]2C[C@H]2C1
14578,COc1ccc(F)c(C(=O)NC2(C)CN(C(=O)C3=C[C@@H]4CCC[C@H]34)C2)c1,"N-(1-(((1R,5S)-bicyclo[3.2.0]hept-6-en-6-yl)carbonyl)-3-methyl-azetidin-3-yl)-2-fluoro-5-methoxybenzene-1-carboxamide",[C@@H]12CCC[C@@H]2C(=C1)C(=O)N1CC(C1)(C)NC(=O)C1=C(C=CC(=C1)OC)F,COc1ccc(F)c(C(=O)NC2(C)CN(C(=O)C3=C[C@@H]4CCC[C@H]34)C2)c1,COc1ccc(F)c(C(=O)NC2(C)CN(C(=O)C3=C[C@H]4CCC[C@H]34)C2)c1
14746,CN(C)CC(=O)N[C@H]1C[C@@H]2C[C@@H](NC(=O)[C@@H]3[C@H]4CC[C@@]3(c3ccco3)C4)C[C@@H]2C1,"2-(dimethylamino)-N-((1R,3S,5S,7R)-7-((1R,4S,5R)-1-(furan-2-yl)bicyclo[2.1.1]hexane-5-carboxamido)bicyclo[3.3.0]octan-3-yl)acetamide",,CN(C)CC(=O)N[C@H]1C[C@@H]2C[C@@H](NC(=O)C3[C@H]4CC[C@@]3(c3ccco3)C4)C[C@@H]2C1,
14862,CC[C@H]1C[C@@H]1CC(=O)N1CCC[C@]12CCCN(C(=O)[C@H](CC(C)(C)C)OC)C2,"(2S)-1-((5S)-1-(2-((1R,2S)-2-ethylcyclopropyl)-acetyl)-1,7-diazaspiro[4.5]decan-7-yl)-2-methoxy-4,4-dimethylpentan-1-one",C(C)[C@@H]1[C@H](C1)CC(=O)N1CCC[C@]12CN(CCC2)C([C@H](CC(C)(C)C)OC)=O,CC[C@H]1C[C@@H]1CC(=O)N1CCC[C@]12CCCN(C(=O)C(CC(C)(C)C)OC)C2,CC[C@H]1C[C@@H]1CC(=O)N1CCC[C@@]12CCCN(C(=O)C(CC(C)(C)C)OC)C2
14923,CCn1nccc1C(=O)N[C@H]1C[C@](F)(CNC(=O)c2coc3ccccc23)C1,"N-((1R,3s)-3-((1-benzofuran-3-carboxamido)methyl)-3-fluorocyclobutyl)-1-ethyl-1H-pyrazole-5-carboxamide",,CCn1nccc1C(=O)N[C@H]1C[C@](F)(CNC(=O)c2coc3ccccc23)C1,
14970,CC1(C(=O)N2C[C@H]3[C@H](CC(=O)N4CCc5nn[nH]c5C4)[C@H]3C2)CCC1,"2-((1R,5S,6S)-3-((1-methylcyclobutyl)carbonyl)-3-azabicyclo[3.1.0]hexan-6-yl)-1-(3,7,8,9-tetraazabicyclo[4.3.0]nona-1(6),7-dien-3-yl)ethan-1-one",,CC1(C(=O)N2C[C@@H]3[C@@H](CC(=O)N4CCc5[nH]nnc5C4)[C@@H]3C2)CCC1,
15052,O=C(N[C@@]1(CO)C[C@H]2CC[C@H]1C2)[C@H]1CCC[C@@H](NC(=O)[C@@H]2C[C@@H]3CC[C@@H]3C2)CC1,"(1R,3R,5S)-N-((1R,4S)-4-(((1S,2S,4S)-2-(hydroxymethyl)bicyclo[2.2.1]heptan-2-yl)carbamoyl)cycloheptyl)bicyclo[3.2.0]heptane-3-carboxamide",,O=C(N[C@@H]1CCCC(C(=O)N[C@@]2(CO)C[C@H]3CC[C@H]2C3)CC1)C1C[C@H]2CC[C@H]2C1,
15066,CC(C)N(C)CC(=O)N(C)[C@H]1[C@@H]2CN(C(=O)c3ccc([S@@](=O)CC#N)cc3)C[C@@H]21,"N-methyl-N-((1R,5S,6S)-3-((4-((S)-2-nitriloethylsulfinyl)phenyl)carbonyl)-3-azabicyclo[3.1.0]hexan-6-yl)-2-((propan-2-yl)(methyl)amino)acetamide",,CC(C)N(C)CC(=O)N(C)[C@H]1[C@@H]2CN(C(=O)c3ccc([S@@+]([O-])CC#N)cc3)C[C@@H]21,
15124,O=C(CCCn1cc([C@@H](O)c2ccccn2)nn1)NNc1cccc(Cl)c1,"1-(N'-(3-chlorophenyl)hydrazinyl)-4-(4-((1S)-(hydroxy)(pyridin-2-yl)methyl)-1H-1,2,3-triazol-1-yl)butan-1-one",ClC=1C=C(C=CC1)NNC(CCCN1N=NC(=C1)[C@@H](C1=NC=CC=C1)O)=O,O=C(CCCn1cc([C@@H](O)c2ccccn2)nn1)NNc1cccc(Cl)c1,O=C(CCCn1cc([C@H](O)c2ccccn2)nn1)NNc1cccc(Cl)c1
15134,C[C@@H]1CSCCN1C(=O)[C@]1(NC(=O)CCC(=O)C2CC2)C[C@@H](O)C1,"4-cyclopropyl-N-((1S,3r)-3-hydroxy-1-(((3R)-3-methylthiomorpholin-4-yl)carbonyl)cyclobutyl)-4-oxobutanamide",,C[C@@H]1CSCCN1C(=O)[C@]1(NC(=O)CCC(=O)C2CC2)C[C@@H](O)C1,
15241,CCc1nccnc1C(=O)N1C[C@H](C)[C@@H](NC(=O)Cc2cc(Cl)cs2)[C@H](C)C1,"2-(4-chlorothiophen-2-yl)-N-((3R,4R,5S)-1-((3-ethylpyrazin-2-yl)carbonyl)-3,5-dimethylpiperidin-4-yl)acetamide",,CCc1nccnc1C(=O)N1C[C@@H](C)[C@H](NC(=O)Cc2cc(Cl)cs2)[C@@H](C)C1,
15262,CC[C@@]1(C(=O)N2[C@@H]3COC[C@H]2C[C@@H](NC(=O)c2cccc(Cl)c2)C3)CCCCO1,"3-chloro-N-((1R,5S,7S)-9-(((2S)-2-ethyl-oxan-2-yl)carbonyl)-3-oxa-9-azabicyclo[3.3.1]nonan-7-yl)benzamide",,CC[C@@]1(C(=O)N2[C@@H]3COC[C@H]2C[C@@H](NC(=O)c2cccc(Cl)c2)C3)CCCCO1,
15360,O=C(NC[C@H]1[C@@H]2CN(C(=O)c3ccc4cc[nH]c4n3)C[C@H]12)[C@@H]1CC[C@H]1C(F)(F)F,"(1R,2R)-N-(((1R,5S,6S)-3-((2,9-diazabicyclo[4.3.0]nona-1,3,5,7-tetraen-3-yl)carbonyl)-3-azabicyclo[3.1.0]hexan-6-yl)methyl)-2-(trifluoromethyl)cyclobutanecarboxamide",,O=C(NC[C@@H]1[C@H]2CN(C(=O)c3ccc4cc[nH]c4n3)C[C@@H]12)C1CC[C@H]1C(F)(F)F,
15391,Cc1cc(C)nc(C(=O)NC[C@@H](O)CNC(=O)c2c(C)nnn2C)c1,"N-((2R)-3-(1,4-dimethyl-1H-1,2,3-triazole-5-carboxamido)-2-hydroxypropyl)-4,6-dimethylpyridine-2-carboxamide",CN1N=NC(=C1C(=O)NC[C@H](CNC(=O)C1=NC(=CC(=C1)C)C)O)C,Cc1cc(C)nc(C(=O)NC[C@@H](O)CNC(=O)c2c(C)nnn2C)c1,Cc1cc(C)nc(C(=O)NC[C@H](O)CNC(=O)c2c(C)nnn2C)c1
15436,Cc1cc(C(=O)NC[C@@H]2C[C@@H]3CC[C@H](C2)N3C(=O)C(N)=O)c2c(C)nn(C)c2n1,"N-(((1R,3R,5S)-8-(2-amino-1,2-dioxoethyl)-8-azabicyclo[3.2.1]octan-3-yl)methyl)-3,7,9-trimethyl-2,8,9-triazabicyclo[4.3.0]nona-1,3,5,7-tetraene-5-carboxamide",,Cc1cc(C(=O)NC[C@H]2C[C@H]3CC[C@@H](C2)N3C(=O)C(N)=O)c2c(C)nn(C)c2n1,
15452,O=C(N[C@H](CCO)C1CCCC1)c1sccc1CNC(=O)[C@@H]1[C@H]2CCC[C@H]21,"3-(((1R,5S,6R)-bicyclo[3.1.0]hexane-6-carboxamido)methyl)-N-((1R)-1-cyclopentyl-3-hydroxypropyl)thiophene-2-carboxamide",,O=C(N[C@H](CCO)C1CCCC1)c1sccc1CNC(=O)C1[C@H]2CCC[C@@H]12,
15488,CC(C)C1(C(=O)NC[C@H]2C[C@](F)(CNC(=O)[C@H]3Cc4ccc(F)cc43)C2)CC1,"(7S)-4-fluoro-N-(((1S,3r)-1-fluoro-3-((1-(propan-2-yl)cyclopropanecarboxamido)methyl)cyclobutyl)methyl)bicyclo[4.2.0]octa-1(6),2,4-triene-7-carboxamide",,CC(C)C1(C(=O)NC[C@H]2C[C@](F)(CNC(=O)C3Cc4ccc(F)cc43)C2)CC1,
15523,Cc1nccnc1[C@H](C(=O)NCc1cccs1)N1C[C@@]2(C)C[S@@](=N)(=O)C[C@@]2(C)C1,"(2R)-2-((1R,3R,5S)-3-imino-1,5-dimethyl-3-oxo-3lambda^6-thia-7-azabicyclo[3.3.0]octan-7-yl)-2-(3-methylpyrazin-2-yl)-N-((thiophen-2-yl)methyl)acetamide",,Cc1nccnc1C(C(=O)NCc1cccs1)N1C[C@@]2(C)C[S@@](=N)(=O)C[C@@]2(C)C1,
15536,C[C@@H]1C[C@@H]2C[C@@H]2C[C@@H]1C(=O)N(C)[C@H]1CC[C@@H](NC(=O)CC2=NN(C)C(=O)C2)CC1,"(1R,3S,4R,6R)-N-(cis-4-(2-(1-methyl-5-oxo-1,2-diazacyclopent-2-en-3-yl)acetamido)cyclohexyl)-4,N-dimethylbicyclo[4.1.0]heptane-3-carboxamide",CN1N=C(CC1=O)CC(=O)N[C@H]1CC[C@H](CC1)N(C(=O)[C@H]1C[C@H]2C[C@@H]2C[C@H]1C)C,C[C@@H]1C[C@@H]2C[C@@H]2CC1C(=O)N(C)[C@H]1CC[C@@H](NC(=O)Cc2cc(=O)n(C)[nH]2)CC1,C[C@@H]1C[C@H]2C[C@@H]2CC1C(=O)N(C)[C@H]1CC[C@@H](NC(=O)Cc2cc(=O)n(C)[nH]2)CC1
15561,CCN(C(=O)[C@@H]1[C@H]2CN(C(=O)c3cn(CC)nc3C)C[C@H]21)[C@H]1CCN(C)C1,"(1R,5S,6R)-N-ethyl-3-((1-ethyl-3-methyl-1H-pyrazol-4-yl)carbonyl)-N-((3S)-1-methylpyrrolidin-3-yl)-3-azabicyclo[3.1.0]hexane-6-carboxamide",,CCN(C(=O)C1[C@H]2CN(C(=O)c3cn(CC)nc3C)C[C@@H]12)[C@H]1CCN(C)C1,
15565,C#C[C@]1(O)C[C@@H](C(=O)N2CCC3(CC2)CN(C(=O)c2ccncc2)C[C@@H]3CO)C1,"1-((1S,3r)-3-(ethynyl)-3-hydroxycyclobutyl)-1-((4R)-4-(hydroxymethyl)-2-((pyridin-4-yl)carbonyl)-2,8-diazaspiro[4.5]decan-8-yl)methanone",,C#CC1(O)CC(C(=O)N2CCC3(CC2)CN(C(=O)c2ccncc2)C[C@@H]3CO)C1,
15579,CON1C[C@H](C(=O)N[C@]2(C(=O)NCCN3C[C@@H]4C[C@H]4C3)C[C@H](O)C2)CC1=O,"(3R)-N-((1R,3s)-1-((2-((1R,5R)-3-azabicyclo[3.1.0]hexan-3-yl)ethyl)carbamoyl)-3-hydroxycyclobutyl)-1-methoxy-5-oxopyrrolidine-3-carboxamide",,CON1CC(C(=O)N[C@]2(C(=O)NCCN3C[C@@H]4C[C@H]4C3)C[C@H](O)C2)CC1=O,
15625,CC=C[C@@H](O)C(=O)N1C[C@H]2[C@H](NC(=O)c3c[nH]c4ccccc4c3=O)[C@H]2C1,"N-((1R,5S,6S)-3-((2R)-2-hydroxy-1-oxopent-3-en-1-yl)-3-azabicyclo[3.1.0]hexan-6-yl)-5-oxo-2-azabicyclo[4.4.0]deca-1(10),3,6,8-tetraene-4-carboxamide",,CC=CC(O)C(=O)N1C[C@@H]2[C@H](C1)[C@H]2NC(=O)c1c[nH]c2ccccc2c1=O,
15711,N[C@]12CCOC[C@H]1CN(C(=O)[C@H]1C[C@@H]3CC[C@@H]3C1)C2,"1-((1S,6R)-6-amino-3-oxa-8-azabicyclo[4.3.0]nonan-8-yl)-1-((1R,3S,5S)-bicyclo[3.2.0]heptan-3-yl)methanone",,N[C@]12CCOC[C@H]1CN(C(=O)C1C[C@H]3CC[C@H]3C1)C2,
15725,CCc1cc(C(=O)N[C@H]2[C@@H]3CN(C[C@H]4CCO[C@H](C)C4)C[C@@H]32)cc(O)n1,"2-ethyl-6-hydroxy-N-((1R,5S,6S)-3-(((2R,4S)-2-methyl-oxan-4-yl)methyl)-3-azabicyclo[3.1.0]hexan-6-yl)pyridine-4-carboxamide",,CCc1cc(C(=O)N[C@H]2[C@@H]3CN(C[C@H]4CCO[C@H](C)C4)C[C@@H]32)cc(=O)[nH]1,
15935,CCC=CC(=O)N1[C@H]2CC[C@@H]1C[C@@H](NC(=O)Cc1ccnc(OC)c1)C2,"2-(2-methoxypyridin-4-yl)-N-((1R,3S,5S)-8-(1-oxopent-2-en-1-yl)-8-azabicyclo[3.2.1]octan-3-yl)acetamide",,CCC=CC(=O)N1[C@@H]2CC[C@H]1C[C@H](NC(=O)Cc1ccnc(OC)c1)C2,
15993,Cc1n[nH]c(C)c1C(=O)NC[C@]1(F)C[C@H](NC(=O)C2CC(F)C2)C1,"N-(((1S,3s)-1-fluoro-3-(3-fluorocyclobutanecarboxamido)cyclobutyl)methyl)-3,5-dimethyl-1H-pyrazole-4-carboxamide",,Cc1n[nH]c(C)c1C(=O)NC[C@]1(F)C[C@H](NC(=O)C2CC(F)C2)C1,
15999,CC(C)(CC#N)C(=O)N1C[C@H]2[C@@H](NC(=O)[C@@]3(C)C[C@@H]4C[C@@H]4C3)CO[C@H]2C1,"(1R,3S,5S)-N-((1R,4R,5S)-7-(2,2-dimethyl-4-nitrilo-butyryl)-2-oxa-7-azabicyclo[3.3.0]octan-4-yl)-3-methylbicyclo[3.1.0]hexane-3-carboxamide",,CC(C)(CC#N)C(=O)N1C[C@H]2[C@@H](NC(=O)[C@]3(C)C[C@H]4C[C@H]4C3)CO[C@H]2C1,
16024,C[C@]1(NC(=O)c2ccc(NCCO)cc2)C[C@@H](NC(=O)[C@H]2C[C@@H](O)C2)C1,"N-((1S,3r)-3-(cis-3-hydroxycyclobutanecarboxamido)-1-methylcyclobutyl)-4-((2-hydroxyethyl)amino)benzamide",,C[C@]1(NC(=O)c2ccc(NCCO)cc2)C[C@@H](NC(=O)C2CC(O)C2)C1,
16030,Cn1nccc1C=CC(=O)NC[C@H]1C[C@@](F)(CNC(=O)[C@@]2(C)COCCO2)C1,"N-(((1S,3s)-3-fluoro-3-(((2R)-2-methyl-1,4-dioxane-2-carboxamido)methyl)cyclobutyl)methyl)-3-(1-methyl-1H-pyrazol-5-yl)prop-2-enamide",,Cn1nccc1C=CC(=O)NC[C@H]1C[C@@](F)(CNC(=O)[C@@]2(C)COCCO2)C1,
16092,CC(=O)N(C)[C@H](C)C(=O)N[C@]1(C)C[C@H](C(=O)N2CC[C@@H]2C(N)=O)C1,"(2R)-N-((1R,3s)-3-(((2R)-2-carbamoyl-azetidin-1-yl)carbonyl)-1-methylcyclobutyl)-2-(N-methylacetamido)propanamide",,CC(=O)N(C)C(C)C(=O)NC1(C)CC(C(=O)N2CCC2C(N)=O)C1,
16104,CC(=O)N1CC[C@@H](C(=O)N[C@]2(C)C[C@@H](NC(=O)[C@H](C)N3CCC3)C2)C1,"(3R)-1-(acetyl)-N-((1R,3r)-3-((2S)-2-(azetidin-1-yl)propanamido)-1-methylcyclobutyl)pyrrolidine-3-carboxamide",,CC(=O)N1CCC(C(=O)N[C@]2(C)C[C@@H](NC(=O)C(C)N3CCC3)C2)C1,
16106,CC(C)(C)OC(=O)N[C@H]1C[C@](C(=O)NC[C@@H]2CC23CCOCC3)(S(C)(=O)=O)C1,"tert-butyl (((1S,3s)-3-(methylsulfonyl)-3-(((1R)-6-oxaspiro[2.5]octan-1-ylmethyl)carbamoyl)cyclobutyl)amino)formate",,CC(C)(C)OC(=O)N[C@H]1C[C@](C(=O)NC[C@@H]2CC23CCOCC3)(S(C)(=O)=O)C1,
16110,CC(=CC(=O)NC1(CNC(=O)C2=C[C@@H]3CCC[C@@H]23)CCCC1)c1cccnc1,"N-(1-(((1R,5R)-bicyclo[3.2.0]hept-6-ene-6-carboxamido)methyl)cyclopentyl)-3-(pyridin-3-yl)but-2-enamide",[C@@H]12CCC[C@H]2C(=C1)C(=O)NCC1(CCCC1)NC(C=C(C)C=1C=NC=CC1)=O,CC(=CC(=O)NC1(CNC(=O)C2=C[C@@H]3CCC[C@@H]23)CCCC1)c1cccnc1,CC(=CC(=O)NC1(CNC(=O)C2=C[C@H]3CCC[C@@H]23)CCCC1)c1cccnc1
16116,CC1=C[C@@H]1C(=O)NC12CC(CO)(C1)OC21CCN(C(=O)CCCS(C)(=O)=O)CC1,"(1S)-N-(1-(hydroxymethyl)spiro[2-oxabicyclo[2.1.1]hexane-3,4'-(1-(piperidin-1-yl)-4-(methylsulfonyl)butane)]-4-yl-1'-one)-2-methylcycloprop-2-ene-1-carboxamide",,CC1=CC1C(=O)NC12CC(CO)(C1)OC21CCN(C(=O)CCCS(C)(=O)=O)CC1,
16134,Cc1cc(C)c(O)c(NC(=O)[C@@H]2[C@H]3CN(C(=O)[C@@H]4CCCN4C=O)C[C@H]32)c1,"(1R,5S,6R)-3-(((2S)-1-(formyl)pyrrolidin-2-yl)carbonyl)-N-(2-hydroxy-3,5-dimethylphenyl)-3-azabicyclo[3.1.0]hexane-6-carboxamide",,Cc1cc(C)c(O)c(NC(=O)C2C3CN(C(=O)C4CCCN4C=O)CC32)c1,
16219,O=C(CCN1CCOCC1)N[C@H]1[C@@H]2CN(C(=O)C3CC4(CCCO4)C3)C[C@@H]21,"3-(morpholin-4-yl)-N-((1R,5S,6S)-3-((5-oxaspiro[3.4]octan-2-yl)carbonyl)-3-azabicyclo[3.1.0]hexan-6-yl)propanamide",,O=C(CCN1CCOCC1)N[C@H]1[C@@H]2CN(C(=O)C3CC4(CCCO4)C3)C[C@@H]21,
16223,CO[C@H](C(=O)N[C@]1(C)C[C@@H](NC(=O)[C@@H]2C[C@H]2C2(C)COC2)C1)C1CC1,"(2S)-2-cyclopropyl-2-methoxy-N-((1S,3s)-1-methyl-3-((1R,2R)-2-(3-methyl-1-oxacyclobutan-3-yl)cyclopropanecarboxamido)cyclobutyl)acetamide",,COC(C(=O)N[C@]1(C)C[C@@H](NC(=O)C2C[C@H]2C2(C)COC2)C1)C1CC1,
16252,O=C(N[C@H]1[C@@H]2CN(C(=O)c3cc(O)c4ccoc4c3)C[C@@H]21)c1coc(Cl)c1,"5-chloro-N-((1R,5S,6S)-3-((4-hydroxy-1-benzofuran-6-yl)carbonyl)-3-azabicyclo[3.1.0]hexan-6-yl)furan-3-carboxamide",,O=C(N[C@H]1[C@@H]2CN(C(=O)c3cc(O)c4ccoc4c3)C[C@@H]21)c1coc(Cl)c1,
16257,Cc1cc(O)ccc1NC(=O)[C@H](C)N(C)C(=O)[C@@H]1[C@H]2CN(C)C[C@H]21,"(2S)-N-(4-hydroxy-2-methylphenyl)-2-(N-methyl(1R,5S,6R)-3-methyl-3-azabicyclo[3.1.0]hexane-6-carboxamido)propanamide",,Cc1cc(O)ccc1NC(=O)C(C)N(C)C(=O)C1[C@H]2CN(C)C[C@@H]12,
16265,Cc1cncc(COC(=O)[C@@H]2[C@@H](C)C[C@H]2C)c1,"(5-methylpyridin-3-yl)methyl (1R,2R,4S)-2,4-dimethylcyclobutanecarboxylate",,Cc1cncc(COC(=O)C2[C@H](C)C[C@@H]2C)c1,
16408,CC(F)(F)C(=O)N1C[C@H]2[C@H](NC(=O)c3cnc4[nH]nc(O)c4c3)[C@H]2C1,"N-((1R,5S,6S)-3-(2,2-difluoro-propionyl)-3-azabicyclo[3.1.0]hexan-6-yl)-7-hydroxy-2,8,9-triazabicyclo[4.3.0]nona-1(6),2,4,7-tetraene-4-carboxamide",,CC(F)(F)C(=O)N1C[C@@H]2[C@H](C1)[C@H]2NC(=O)c1cnc2[nH][nH]c(=O)c2c1,
16429,C=C[C@H](C1CC1)N(C)C(=O)c1[nH]ccc1CNC(=O)C[C@@H]1CCC[C@@H]2C[C@@H]12,"3-((2-((1R,2S,6R)-bicyclo[4.1.0]heptan-2-yl)acetamido)methyl)-N-((1S)-1-cyclopropylprop-2-en-1-yl)-N-methyl-1H-pyrrole-2-carboxamide",[C@@H]12[C@@H](CCC[C@@H]2C1)CC(=O)NCC1=C(NC=C1)C(=O)N(C)[C@@H](C=C)C1CC1,C=C[C@H](C1CC1)N(C)C(=O)c1[nH]ccc1CNC(=O)C[C@@H]1CCC[C@@H]2C[C@H]21,C=C[C@@H](C1CC1)N(C)C(=O)c1[nH]ccc1CNC(=O)C[C@@H]1CCC[C@@H]2C[C@H]21
16559,CC(=O)N[C@H](C)C(=O)N1CCCN(CCNC(=O)CC2C[C@H]3C[C@@H]3C2)CC1,"N-((2R)-1-(4-(2-(2-((1S,5S)-bicyclo[3.1.0]hexan-3-yl)acetamido)ethyl)-1,4-diazacycloheptan-1-yl)-1-oxopropan-2-yl)acetamide",[C@@H]12CC(C[C@@H]2C1)CC(=O)NCCN1CCN(CCC1)C([C@@H](C)NC(C)=O)=O,CC(=O)NC(C)C(=O)N1CCCN(CCNC(=O)CC2C[C@H]3C[C@@H]3C2)CC1,CC(=O)NC(C)C(=O)N1CCCN(CCNC(=O)CC2C[C@@H]3C[C@H]3C2)CC1
16568,CN(CC(=O)NC[C@]1(F)C[C@@H](NC(=O)CCc2n[nH]c(=N)s2)C1)[C@H]1CCSC1,"N-((1S,3r)-3-fluoro-3-((2-(((3S)-thiolan-3-yl)(methyl)amino)acetamido)methyl)cyclobutyl)-3-(5-imino-1-thia-3,4-diazacyclopent-2-en-2-yl)propanamide",,CN(CC(=O)NC[C@]1(F)C[C@@H](NC(=O)CCc2nnc(N)s2)C1)[C@H]1CCSC1,
16590,C[C@H](CN1CCCCC1)C(=O)N[C@H]1CC[C@H](CNC(=O)[C@]23C[C@H]2[C@H](C)C3)CC1,"(2R)-2-(piperidin-1-ylmethyl)-N-(trans-4-(((1R,3R,4S)-3-methylbicyclo[2.1.0]pentane-1-carboxamido)methyl)cyclohexyl)propanamide",N1(CCCCC1)C[C@H](C(=O)N[C@@H]1CC[C@H](CC1)CNC(=O)[C@@]12C[C@H]([C@@H]2C1)C)C,CC(CN1CCCCC1)C(=O)N[C@H]1CC[C@H](CNC(=O)[C@@]23C[C@@H](C)[C@@H]2C3)CC1,CC(CN1CCCCC1)C(=O)N[C@H]1CC[C@H](CNC(=O)[C@]23C[C@@H](C)[C@@H]2C3)CC1
16650,CS[C@@H](C)CC(=O)N[C@H]1[C@@H]2CN(C(=O)c3ccc(OC(C)C)cc3)C[C@@H]21,"(3S)-N-((1R,5S,6S)-3-((4-isopropoxyphenyl)carbonyl)-3-azabicyclo[3.1.0]hexan-6-yl)-3-(methylsulfanyl)butanamide",,CS[C@@H](C)CC(=O)N[C@H]1[C@@H]2CN(C(=O)c3ccc(OC(C)C)cc3)C[C@@H]21,
16655,C=CCSCC(=O)N[C@H]1C[C@@](F)(CNC(=O)CC2CC(OCC)C2)C1,"N-((1R,3r)-3-((2-(3-ethoxycyclobutyl)acetamido)methyl)-3-fluorocyclobutyl)-2-((prop-2-en-1-yl)sulfanyl)acetamide",,C=CCSCC(=O)N[C@H]1C[C@@](F)(CNC(=O)CC2CC(OCC)C2)C1,
16678,O=C(NCCOC1CN(C(=O)[C@H]2CCc3nn[nH]c3C2)C1)[C@H]1C[C@@H]2CC[C@H](C1)O2,"(1R,3S,5S)-N-(2-((1-(((3S)-7,8,9-triazabicyclo[4.3.0]nona-1(6),7-dien-3-yl)carbonyl)-azetidin-3-yl)oxy)ethyl)-8-oxabicyclo[3.2.1]octane-3-carboxamide",,O=C(NCCOC1CN(C(=O)C2CCc3[nH]nnc3C2)C1)C1C[C@H]2CC[C@@H](C1)O2,
16687,COCc1ncc(C(=O)N[C@@H](C)[C@]2(O)CCN(C(=O)[C@H]3C[C@@](C)(O)C3)C2)s1,"N-((1S)-1-((3S)-3-hydroxy-1-(((1S,3r)-3-hydroxy-3-methylcyclobutyl)carbonyl)pyrrolidin-3-yl)ethyl)-2-(methoxymethyl)thiazole-5-carboxamide",,COCc1ncc(C(=O)N[C@@H](C)[C@]2(O)CCN(C(=O)C3CC(C)(O)C3)C2)s1,
16707,Cn1cccc1C(=O)N[C@H]1C[C@@H]2CN(C(=O)C(=O)CCc3ccccc3)C[C@@H]2C1,"N-((1R,5S,7S)-3-(1,2-dioxo-4-phenylbutyl)-3-azabicyclo[3.3.0]octan-7-yl)-1-methyl-1H-pyrrole-2-carboxamide",,Cn1cccc1C(=O)N[C@H]1C[C@@H]2CN(C(=O)C(=O)CCc3ccccc3)C[C@@H]2C1,
16804,C[C@H]1CN(C(=O)CC(C)(C)CNC(=O)CCC[C@H]2C[C@H]2C)C[C@@H](C)[C@@H]1O,"N-(4-((3R,4R,5S)-4-hydroxy-3,5-dimethylpiperidin-1-yl)-2,2-dimethyl-4-oxobutyl)-4-((1S,2R)-2-methylcyclopropyl)butanamide",,C[C@@H]1C[C@@H]1CCCC(=O)NCC(C)(C)CC(=O)N1C[C@@H](C)[C@H](O)[C@@H](C)C1,
16828,C=CCc1cccc(C(=O)N[C@H]2[C@@H]3CN(C(=O)C(C)(C)C(C)(F)F)C[C@@H]32)c1,"N-((1R,5S,6S)-3-(3,3-difluoro-2,2-dimethyl-butyryl)-3-azabicyclo[3.1.0]hexan-6-yl)-3-(prop-2-en-1-yl)benzamide",,C=CCc1cccc(C(=O)N[C@H]2[C@@H]3CN(C(=O)C(C)(C)C(C)(F)F)C[C@@H]32)c1,
16982,CCc1cc(C(=O)N2CC[C@H](NC(=O)[C@@H]3[C@H]4CCC[C@H]43)[C@H]2CC)nn1CCO,"(1R,5S,6R)-N-((2R,3S)-2-ethyl-1-((5-ethyl-1-(2-hydroxyethyl)-1H-pyrazol-3-yl)carbonyl)pyrrolidin-3-yl)bicyclo[3.1.0]hexane-6-carboxamide",,CCc1cc(C(=O)N2CC[C@H](NC(=O)C3[C@H]4CCC[C@@H]34)[C@H]2CC)nn1CCO,
17005,Cc1nc2c([nH]1)CN(C(=O)[C@]1(C(C)C)CCN(C(=O)[C@H]3C[C@@H]4CC[C@@H]4C3)C1)CC2,"1-((3S)-1-(((1R,3S,5S)-bicyclo[3.2.0]heptan-3-yl)carbonyl)-3-(propan-2-yl)pyrrolidin-3-yl)-1-(8-methyl-3,7,9-triazabicyclo[4.3.0]nona-1(6),7-dien-3-yl)methanone",,Cc1nc2c([nH]1)CCN(C(=O)[C@]1(C(C)C)CCN(C(=O)C3C[C@H]4CC[C@H]4C3)C1)C2,
17034,CO[C@@H]1CCC[C@@H]1C(=O)N1CCCC(C)(C)[C@H]1CNC(=O)[C@@H]1C[C@@H]2C[C@@H]2C1,"(1R,3R,5S)-N-(((2S)-1-(((1S,2R)-2-methoxycyclopentyl)carbonyl)-3,3-dimethylpiperidin-2-yl)methyl)bicyclo[3.1.0]hexane-3-carboxamide",,CO[C@@H]1CCCC1C(=O)N1CCCC(C)(C)[C@H]1CNC(=O)C1C[C@@H]2C[C@@H]2C1,
17037,COC(=O)c1cc(Br)ccc1CN[C@H]1C=C[C@@H](C(=O)N2[C@H]3CC[C@@H]2C[C@H](O)C3)C1,"methyl 5-bromo-2-((((1R,4S)-4-(((1R,3R,5S)-3-hydroxy-8-azabicyclo[3.2.1]octan-8-yl)carbonyl)cyclopent-2-en-1-yl)amino)methyl)benzoate",,COC(=O)c1cc(Br)ccc1CN[C@H]1C=CC(C(=O)N2[C@@H]3CC[C@H]2C[C@@H](O)C3)C1,
17047,CS[C@@H](CNC(=O)C[C@H]1[C@@H]2CN(C(=O)c3ccc(C)cc3F)C[C@H]12)C1CC1,"N-((2R)-2-cyclopropyl-2-(methylsulfanyl)ethyl)-2-((1R,5S,6S)-3-((2-fluoro-4-methylphenyl)carbonyl)-3-azabicyclo[3.1.0]hexan-6-yl)acetamide",,CS[C@@H](CNC(=O)C[C@@H]1[C@H]2CN(C(=O)c3ccc(C)cc3F)C[C@@H]12)C1CC1,
17068,COCCN(CCNC(=O)C[C@@H]1CCS(=O)(=O)C1)C(=O)CC1C[C@@H]2C[C@H]2C1,"2-((3R)-1,1-dioxothiolan-3-yl)-N-(2-(N-(2-methoxyethyl)-2-((1R,5R)-bicyclo[3.1.0]hexan-3-yl)acetamido)ethyl)acetamide",O=S1(C[C@@H](CC1)CC(=O)NCCN(C(CC1C[C@H]2C[C@@H]2C1)=O)CCOC)=O,COCCN(CCNC(=O)C[C@@H]1CCS(=O)(=O)C1)C(=O)CC1C[C@@H]2C[C@H]2C1,COCCN(CCNC(=O)C[C@@H]1CCS(=O)(=O)C1)C(=O)CC1C[C@H]2C[C@@H]2C1
17180,CC(C)CCCC(=O)N1C[C@H]2[C@H](NC(=O)[C@H](CO)N(C)C)[C@H]2C1,"(2S)-2-(dimethylamino)-3-hydroxy-N-((1R,5S,6S)-3-(5-methyl-hexanoyl)-3-azabicyclo[3.1.0]hexan-6-yl)propanamide",,CC(C)CCCC(=O)N1C[C@@H]2[C@H](C1)[C@H]2NC(=O)C(CO)N(C)C,
17266,COC(=O)[C@@H]1C=CCCN1C(=O)[C@@H]1[C@H]2CN(C(=O)CCC[C@H]3C[C@@H]3C)C[C@H]21,"methyl (2S)-1-(((1R,5S,6R)-3-(4-((1S,2S)-2-methylcyclopropyl)-butyryl)-3-azabicyclo[3.1.0]hexan-6-yl)carbonyl)-1-azacyclohex-3-ene-2-carboxylate",,COC(=O)C1C=CCCN1C(=O)C1[C@H]2CN(C(=O)CCC[C@H]3C[C@@H]3C)C[C@@H]12,
17280,CSCC(=O)N1C[C@H]2C[C@H](NC(=O)c3cc(C)c(C)c(Br)c3)C[C@H]2C1,"3-bromo-4,5-dimethyl-N-((1R,5S,7S)-3-(2-(methylsulfanyl)-acetyl)-3-azabicyclo[3.3.0]octan-7-yl)benzamide",,CSCC(=O)N1C[C@H]2C[C@H](NC(=O)c3cc(C)c(C)c(Br)c3)C[C@H]2C1,
17391,C=C[C@@H](C1CC1)N(C)C(=O)[C@@H]1CC[C@H](CNC(=O)CC2(C#N)CC2)O1,"(2S,5R)-N-((1R)-1-cyclopropylprop-2-en-1-yl)-N-methyl-5-((2-(1-(nitrilomethyl)cyclopropyl)acetamido)methyl)oxolane-2-carboxamide",C1(CC1)[C@@H](C=C)N(C(=O)[C@H]1O[C@H](CC1)CNC(CC1(CC1)C#N)=O)C,C=C[C@@H](C1CC1)N(C)C(=O)C1CC[C@H](CNC(=O)CC2(C#N)CC2)O1,C=C[C@H](C1CC1)N(C)C(=O)C1CC[C@H](CNC(=O)CC2(C#N)CC2)O1
17393,Cc1ccc(C(=O)N[C@H]2C[C@@](F)(CNC(=O)CN(C)C3CC3)C2)cc1F,"N-((1S,3s)-3-((2-((cyclopropyl)(methyl)amino)acetamido)methyl)-3-fluorocyclobutyl)-3-fluoro-4-methylbenzene-1-carboxamide",,Cc1ccc(C(=O)N[C@H]2C[C@@](F)(CNC(=O)CN(C)C3CC3)C2)cc1F,
17439,Cc1sc(C(=O)N2C[C@H]3CCC[C@H]2[C@@H]3CNC(=O)C2=C[C@@H]3CCC[C@@H]23)nc1O,"(1R,5R)-N-(((1S,5S,8S)-6-((4-hydroxy-5-methylthiazol-2-yl)carbonyl)-6-azabicyclo[3.2.1]octan-8-yl)methyl)bicyclo[3.2.0]hept-6-ene-6-carboxamide",OC=1N=C(SC1C)C(=O)N1[C@H]2CCC[C@H](C1)[C@H]2CNC(=O)C=2[C@@H]1CCC[C@@H]1C2,Cc1sc(C(=O)N2C[C@H]3CCC[C@H]2[C@@H]3CNC(=O)C2=C[C@@H]3CCC[C@@H]23)nc1O,Cc1sc(C(=O)N2C[C@H]3CCC[C@H]2[C@@H]3CNC(=O)C2=C[C@H]3CCC[C@@H]23)nc1O
17488,O=C(CCc1ccc(Br)cc1F)N[C@@H]1[C@@H]2CN(C(=O)Cc3ccccc3F)C[C@@H]21,"3-(4-bromo-2-fluorophenyl)-N-((1R,5S,6R)-3-(2-(2-fluorophenyl)-acetyl)-3-azabicyclo[3.1.0]hexan-6-yl)propanamide",,O=C(CCc1ccc(Br)cc1F)N[C@@H]1[C@@H]2CN(C(=O)Cc3ccccc3F)C[C@@H]21,
17491,O=C(CC1C[C@@H]2C[C@H]2C1)NC[C@H]1CN(C(=O)c2nncs2)C2(CCC2)C1,"2-((1R,5R)-bicyclo[3.1.0]hexan-3-yl)-N-(((7S)-5-((1-thia-3,4-diazacyclopenta-2,4-dien-2-yl)carbonyl)-5-azaspiro[3.4]octan-7-yl)methyl)acetamide",[C@H]12CC(C[C@H]2C1)CC(=O)NC[C@H]1CN(C2(CCC2)C1)C(=O)C=1SC=NN1,O=C(CC1C[C@@H]2C[C@H]2C1)NC[C@H]1CN(C(=O)c2nncs2)C2(CCC2)C1,O=C(CC1C[C@H]2C[C@@H]2C1)NC[C@H]1CN(C(=O)c2nncs2)C2(CCC2)C1
17492,CCn1cnc2c(NC[C@H]3[C@@H]4CN(C(=O)c5cncnc5C)C[C@H]34)ncnc21,"1-((1R,5S,6S)-6-(((9-ethyl-2,4,7,9-tetraazabicyclo[4.3.0]nona-1,3,5,7-tetraen-5-yl)amino)methyl)-3-azabicyclo[3.1.0]hexan-3-yl)-1-(4-methylpyrimidin-5-yl)methanone",,CCn1cnc2c(NC[C@@H]3[C@H]4CN(C(=O)c5cncnc5C)C[C@@H]34)ncnc21,
17561,C[C@@H](NC(=O)[C@@H]1[C@H]2COC[C@H]21)[C@@H]1CCCN1C(=O)CCn1ccc2cccnc21,"(1R,5S,6R)-N-((1R)-1-((2S)-1-(3-(2,9-diazabicyclo[4.3.0]nona-1,3,5,7-tetraen-9-yl)-propionyl)pyrrolidin-2-yl)ethyl)-3-oxabicyclo[3.1.0]hexane-6-carboxamide",,C[C@@H](NC(=O)C1[C@H]2COC[C@@H]12)[C@@H]1CCCN1C(=O)CCn1ccc2cccnc21,
17643,CC[C@H](CNC(=O)c1ccc(OC)nc1)NC(=O)[C@@]1(C)C[C@@H]2C[C@@H]2C1,"6-methoxy-N-((2R)-2-((1R,3S,5S)-3-methylbicyclo[3.1.0]hexane-3-carboxamido)butyl)pyridine-3-carboxamide",,CC[C@H](CNC(=O)c1ccc(OC)nc1)NC(=O)[C@]1(C)C[C@H]2C[C@H]2C1,
17646,CC(C)(C)n1nnc(CC(=O)N2C[C@H]3[C@H](NC(=O)c4ocnc4C(F)F)[C@H]3C2)n1,"N-((1R,5S,6S)-3-(2-(2-(tert-butyl)-2H-tetrazol-5-yl)-acetyl)-3-azabicyclo[3.1.0]hexan-6-yl)-4-(difluoromethyl)oxazole-5-carboxamide",,CC(C)(C)n1nnc(CC(=O)N2C[C@@H]3[C@H](C2)[C@H]3NC(=O)c2ocnc2C(F)F)n1,
17670,CN(C(=O)[C@H]1CCN1C(=O)[C@H]1C[C@@](C)(O)C1)[C@H]1CCC[C@@H]1C#N,"(2R)-1-(((1S,3r)-3-hydroxy-3-methylcyclobutyl)carbonyl)-N-methyl-N-((1S,2S)-2-(nitrilomethyl)cyclopentyl)azetidine-2-carboxamide",,CN(C(=O)C1CCN1C(=O)C1CC(C)(O)C1)[C@H]1CCC[C@@H]1C#N,
17705,O=C(O)c1ccc(N2C[C@H]3[C@@H](C2)[C@@H]3C(=O)N2CC(Oc3cccc(Cl)c3)C2)nc1,"6-((1R,5S,6R)-6-((3-((3-chlorophenyl)oxy)-azetidin-1-yl)carbonyl)-3-azabicyclo[3.1.0]hexan-3-yl)pyridine-3-carboxylic acid",,O=C(O)c1ccc(N2C[C@@H]3C(C(=O)N4CC(Oc5cccc(Cl)c5)C4)[C@@H]3C2)nc1,
17719,CN(C(=O)[C@@H]1CCCc2ccnn21)[C@H]1[C@@H]2CN(C(=O)CCC3CCOCC3)C[C@@H]21,"(2S)-N-methyl-N-((1R,5S,6S)-3-(3-(oxan-4-yl)-propionyl)-3-azabicyclo[3.1.0]hexan-6-yl)-1,9-diazabicyclo[4.3.0]nona-6,8-diene-2-carboxamide",,CN(C(=O)C1CCCc2ccnn21)[C@H]1[C@@H]2CN(C(=O)CCC3CCOCC3)C[C@@H]21,
17825,CC(C)(NC(=O)C[C@@H]1C[C@H]2C[C@H]2C1)[C@@H]1CCCN1C(=O)c1cnc(N)c(Cl)c1,"N-(2-((2S)-1-((6-amino-5-chloropyridin-3-yl)carbonyl)pyrrolidin-2-yl)propan-2-yl)-2-((1R,3R,5S)-bicyclo[3.1.0]hexan-3-yl)acetamide",,CC(C)(NC(=O)C[C@H]1C[C@@H]2C[C@@H]2C1)[C@@H]1CCCN1C(=O)c1cnc(N)c(Cl)c1,
17837,C#CCCOCC(=O)N[C@@H]1[C@H]2C[C@H](NC(=O)CC[C@@H]3CC[C@H](C)O3)C[C@H]21,"N-((1R,3S,5S,6R)-6-(2-((but-3-yn-1-yl)oxy)acetamido)bicyclo[3.1.0]hexan-3-yl)-3-((2S,5S)-5-methyloxolan-2-yl)propanamide",,C#CCCOCC(=O)N[C@H]1[C@@H]2C[C@@H](NC(=O)CC[C@@H]3CC[C@H](C)O3)C[C@@H]21,
17838,COCCn1cc(C(=O)N2C[C@H]3[C@H](N(C)C(=O)C#CC4CC4)[C@H]3C2)c(C)n1,"3-cyclopropyl-N-((1R,5S,6S)-3-((1-(2-methoxyethyl)-3-methyl-1H-pyrazol-4-yl)carbonyl)-3-azabicyclo[3.1.0]hexan-6-yl)-N-methylprop-2-ynamide",,COCCn1cc(C(=O)N2C[C@@H]3[C@H](C2)[C@H]3N(C)C(=O)C#CC2CC2)c(C)n1,
17925,O=C(N[C@H]1C[C@@H](C(=O)NC[C@H]2C[C@H](O)[C@H](O)C2)C1)c1ccco1,"N-(cis-3-((((1S,3R,4S)-3,4-dihydroxycyclopentyl)methyl)carbamoyl)cyclobutyl)furan-2-carboxamide",,O=C(NC1CC(C(=O)NC[C@@H]2C[C@@H](O)[C@@H](O)C2)C1)c1ccco1,
17957,CC(=O)NC[C@@](C)(NC[C@@H]1C[C@@H]2CCC[C@H](C1)C2(F)F)c1nnnn1C1(C)CC1,"N-((2R)-2-((((1R,3R,5S)-9,9-difluorobicyclo[3.3.1]nonan-3-yl)methyl)amino)-2-(1-(1-methylcyclopropyl)-1H-tetrazol-5-yl)propyl)acetamide",,CC(=O)NC[C@@](C)(NC[C@H]1C[C@H]2CCC[C@@H](C1)C2(F)F)c1nnnn1C1(C)CC1,
17988,CC1(C)[C@@H]2C[C@@H]1CC=C2[C@](C)(O)CNC(=O)c1cc(F)c2ncccc2c1,"N-((2S)-2-((1S,5R)-6,6-dimethylbicyclo[3.1.1]hept-2-en-2-yl)-2-hydroxypropyl)-8-fluoroquinoline-6-carboxamide",CC1([C@@H]2CC=C([C@H]1C2)[C@](CNC(=O)C=2C=C1C=CC=NC1=C(C2)F)(C)O)C,CC1(C)[C@H]2CC=C([C@](C)(O)CNC(=O)c3cc(F)c4ncccc4c3)[C@H]1C2,CC1(C)[C@@H]2CC=C([C@](C)(O)CNC(=O)c3cc(F)c4ncccc4c3)[C@H]1C2
18007,CC1(C)CCCN(C(=O)[C@H]2C[C@@H]2[N+](=O)[O-])[C@@H]1C(=O)N1C[C@H]2C[C@@H](O)C[C@H]2C1,"1-((2S)-2-(((1R,5S,7R)-7-hydroxy-3-azabicyclo[3.3.0]octan-3-yl)carbonyl)-3,3-dimethylpiperidin-1-yl)-1-((1S,2S)-2-nitrocyclopropyl)methanone",,CC1(C)CCCN(C(=O)C2CC2[N+](=O)[O-])C1C(=O)N1C[C@H]2C[C@@H](O)C[C@H]2C1,
18085,C[C@H]1CC(C(=O)NC[C@]2(F)C[C@@H](CNC(=O)c3cnc(C4CC4)[nH]3)C2)=NO1,"(5S)-N-(((1R,3s)-3-((2-cyclopropyl-1H-imidazole-5-carboxamido)methyl)-1-fluorocyclobutyl)methyl)-5-methyl-1-oxa-2-azacyclopent-2-ene-3-carboxamide",,C[C@H]1CC(C(=O)NC[C@]2(F)C[C@@H](CNC(=O)c3c[nH]c(C4CC4)n3)C2)=NO1,
18115,CC(=O)N[C@H](CC1CCC1)C(=O)N[C@H]1CC[C@H](NC(=O)C2=C[C@@H]3CCC[C@H]23)CC1,"(2R)-2-acetamido-3-cyclobutyl-N-(trans-4-((1R,5S)-bicyclo[3.2.0]hept-6-ene-6-carboxamido)cyclohexyl)propanamide",C(C)(=O)N[C@@H](C(=O)N[C@@H]1CC[C@H](CC1)NC(=O)C=1[C@H]2CCC[C@@H]2C1)CC1CCC1,CC(=O)NC(CC1CCC1)C(=O)N[C@H]1CC[C@H](NC(=O)C2=C[C@@H]3CCC[C@H]23)CC1,CC(=O)NC(CC1CCC1)C(=O)N[C@H]1CC[C@H](NC(=O)C2=C[C@H]3CCC[C@H]23)CC1
18121,O=C(NCCC1CC1)[C@H](c1cncnc1)N1CCC[C@]2(C1)OC[C@H]1C[C@H]12,"(2S)-2-((3S)-3'-oxaspiro[piperidine-3,2'-bicyclo[3.1.0]hexane]-1-yl)-N-(2-cyclopropylethyl)-2-(pyrimidin-5-yl)acetamide",C12[C@]3(OCC2C1)CN(CCC3)[C@H](C(=O)NCCC3CC3)C=3C=NC=NC3,O=C(NCCC1CC1)C(c1cncnc1)N1CCC[C@]2(C1)OC[C@H]1C[C@H]12,O=C(NCCC1CC1)C(c1cncnc1)N1CCC[C@]2(C1)OCC1CC12
18141,C=C[C@H](C)CC(=O)N1CCC([C@]2(O)C[C@@H](NC(=O)[C@H]3CC34CCSCC4)C2)CC1,"(1S)-N-((1R,3s)-3-hydroxy-3-(1-((3R)-3-methyl-1-oxopent-4-en-1-yl)piperidin-4-yl)cyclobutyl)-6-thiaspiro[2.5]octane-1-carboxamide",,C=C[C@H](C)CC(=O)N1CCC([C@]2(O)C[C@@H](NC(=O)C3CC34CCSCC4)C2)CC1,
18176,Cn1cnc([C@@H](C(=O)NC[C@H]2CCOC2)N2CC[C@]23CC[C@H](C)CC3)c1,(2S)-2-(7-methyl-1-azaspiro[3.5]nonan-1-yl)-2-(1-methyl-1H-imidazol-4-yl)-N-(((3R)-oxolan-3-yl)methyl)acetamide,CC1CCC2(CCN2[C@H](C(=O)NC[C@@H]2COCC2)C=2N=CN(C2)C)CC1,Cn1cnc(C(C(=O)NC[C@H]2CCOC2)N2CC[C@]23CC[C@H](C)CC3)c1,CC1CCC2(CC1)CCN2C(C(=O)NC[C@H]1CCOC1)c1cn(C)cn1
18202,CC[C@H](C(=O)N[C@H]1C[C@@](C)(NC(=O)c2ccc(CC3CC3)cc2)C1)n1cccn1,"(2R)-N-((1R,3s)-3-(4-(cyclopropylmethyl)benzamido)-3-methylcyclobutyl)-2-(1H-pyrazol-1-yl)butanamide",,CCC(C(=O)N[C@H]1C[C@@](C)(NC(=O)c2ccc(CC3CC3)cc2)C1)n1cccn1,
18242,C#CC[C@]1(O)C[C@@H](C(=O)N2CCN(C(=O)c3cc(CC)ccc3OC)C[C@@H]2C)C1,"1-((2S)-4-((5-ethyl-2-methoxyphenyl)carbonyl)-2-methylpiperazin-1-yl)-1-((1R,3s)-3-hydroxy-3-(prop-2-yn-1-yl)cyclobutyl)methanone",,C#CCC1(O)CC(C(=O)N2CCN(C(=O)c3cc(CC)ccc3OC)C[C@@H]2C)C1,
18278,CCCc1nc(=NC[C@@H]2[C@H]3CN(C(=O)[C@H](CO)NC(=O)C(C)C)C[C@H]32)s[nH]1,"N-((2S)-1-hydroxy-3-oxo-3-((1R,5S,6R)-6-(((3-propyl-1-thia-2,4-diazacyclopent-3-en-5-ylidene)amino)methyl)-3-azabicyclo[3.1.0]hexan-3-yl)propan-2-yl)-2-methylpropanamide",,CCCc1nsc(NC[C@@H]2[C@H]3CN(C(=O)C(CO)NC(=O)C(C)C)C[C@@H]23)n1,
18291,COC[C@H]1C[C@@H](CNC(=O)[C@@H]2C[C@@H]3C[C@@H]3C2)N(C(=O)c2ccc(O)nn2)C1,"(1R,3R,5S)-N-(((2S,4S)-1-((6-hydroxypyridazin-3-yl)carbonyl)-4-(methoxymethyl)pyrrolidin-2-yl)methyl)bicyclo[3.1.0]hexane-3-carboxamide",,COC[C@H]1C[C@@H](CNC(=O)C2C[C@@H]3C[C@@H]3C2)N(C(=O)c2ccc(=O)[nH]n2)C1,
18296,C=CCOCC(=O)N1CCc2sc(CNC(=O)[C@@H]3[C@H]4[C@@H]5CC[C@@H](C5)[C@H]43)nc2C1,"(1R,2S,3R,4R,5S)-N-((3-(1-oxo-2-((prop-2-en-1-yl)oxy)ethyl)-7-thia-3,9-diazabicyclo[4.3.0]nona-1(6),8-dien-8-yl)methyl)tricyclo[3.2.1.0^{2,4}]octane-3-carboxamide",,C=CCOCC(=O)N1CCc2sc(CNC(=O)C3[C@@H]4[C@H]5CC[C@H](C5)[C@H]34)nc2C1,
18303,C[C@]1(F)CC[C@@H](C(=O)N2C[C@H]3CC[C@@H]2[C@@H]3NC(=O)c2cc(Cl)c([N+](=O)[O-])[nH]2)CC1,"4-chloro-N-((1R,4R,7R)-2-(((1S,4r)-4-fluoro-4-methylcyclohexyl)carbonyl)-2-azabicyclo[2.2.1]heptan-7-yl)-5-nitro-1H-pyrrole-2-carboxamide",,CC1(F)CCC(C(=O)N2C[C@H]3CC[C@@H]2[C@@H]3NC(=O)c2cc(Cl)c([N+](=O)[O-])[nH]2)CC1,
18324,COCCCC(=O)N1C[C@@H]2C[C@H](NC(=O)CCc3ncco3)C[C@@H](C2)C1,"N-((1R,5S,7S)-3-(4-methoxy-butyryl)-3-azabicyclo[3.3.1]nonan-7-yl)-3-(oxazol-2-yl)propanamide",,COCCCC(=O)N1C[C@@H]2C[C@@H](C[C@H](NC(=O)CCc3ncco3)C2)C1,
18429,C=CC1(C(=O)N[C@@H]2CC3(CN(C(=O)C[C@@H](C)COC)C3)n3ccnc32)CC1,"1-ethenyl-N-((6R)-spiro[1,4-diazabicyclo[3.3.0]octa-2,4-diene-8,3'-((3R)-1-(azetidin-1-yl)-3-(methoxymethyl)butane)]-6-yl-1'-one)cyclopropanecarboxamide",,C=CC1(C(=O)N[C@@H]2CC3(CN(C(=O)C[C@@H](C)COC)C3)n3ccnc32)CC1,
18519,CC(C)c1cccc(C(=O)N[C@H]2CN(C(=O)[C@]34C[C@H]3[C@H](C)C4)CCC2(C)C)n1,"N-((3R)-4,4-dimethyl-1-(((1R,3R,4S)-3-methylbicyclo[2.1.0]pentan-1-yl)carbonyl)piperidin-3-yl)-6-(propan-2-yl)pyridine-2-carboxamide",CC1([C@H](CN(CC1)C(=O)[C@@]12C[C@H]([C@@H]2C1)C)NC(=O)C1=NC(=CC=C1)C(C)C)C,CC(C)c1cccc(C(=O)N[C@H]2CN(C(=O)[C@@]34C[C@@H](C)[C@@H]3C4)CCC2(C)C)n1,CC(C)c1cccc(C(=O)N[C@H]2CN(C(=O)[C@]34C[C@@H](C)[C@@H]3C4)CCC2(C)C)n1
18523,C=C1CCN(C(=O)[C@@H](C)CCCC(C)C)[C@H](C(=O)NC[C@H]2C[C@@](C)(O)C2)C1,"(2S)-1-((2S)-2,6-dimethyl-1-oxoheptyl)-N-(((1S,3r)-3-hydroxy-3-methylcyclobutyl)methyl)-4-methylidenepiperidine-2-carboxamide",,C=C1CCN(C(=O)C(C)CCCC(C)C)C(C(=O)NC[C@H]2C[C@@](C)(O)C2)C1,
18567,CN(C)CCCC(=O)N1C[C@H]2CN(C(=O)[C@@H]3[C@H]4CCC[C@H]43)CC[C@H]2C1,"1-((1S,6R)-3-(((1R,5S,6R)-bicyclo[3.1.0]hexan-6-yl)carbonyl)-3,8-diazabicyclo[4.3.0]nonan-8-yl)-4-(dimethylamino)butan-1-one",,CN(C)CCCC(=O)N1C[C@@H]2CCN(C(=O)C3[C@H]4CCC[C@@H]34)C[C@@H]2C1,
18585,CCOc1ncccc1C(=O)NC[C@]1(F)C[C@H](NC(=O)C(=O)c2ccccc2)C1,"2-ethoxy-N-(((1S,3s)-1-fluoro-3-(2-oxo-2-phenylacetamido)cyclobutyl)methyl)pyridine-3-carboxamide",,CCOc1ncccc1C(=O)NC[C@]1(F)C[C@H](NC(=O)C(=O)c2ccccc2)C1,
18644,Cc1nc2c([nH]1)C[C@H](C(=O)N1C[C@H]3[C@H](CNC(=O)C4(C)CC=CC4)[C@H]3C1)CC2,"1-methyl-N-(((1R,5S,6S)-3-(((3R)-8-methyl-7,9-diazabicyclo[4.3.0]nona-1(6),7-dien-3-yl)carbonyl)-3-azabicyclo[3.1.0]hexan-6-yl)methyl)cyclopent-3-ene-1-carboxamide",,Cc1nc2c([nH]1)CC(C(=O)N1C[C@@H]3[C@@H](CNC(=O)C4(C)CC=CC4)[C@@H]3C1)CC2,
18691,Cc1ccc([C@@H](C)C(=O)N[C@@H]2[C@@H]3CN(c4ncnc5cccc(F)c45)C[C@@H]32)cc1,"(2R)-N-((1R,5S,6R)-3-(5-fluoroquinazolin-4-yl)-3-azabicyclo[3.1.0]hexan-6-yl)-2-(4-methylphenyl)propanamide",,Cc1ccc(C(C)C(=O)N[C@@H]2[C@@H]3CN(c4ncnc5cccc(F)c45)C[C@@H]32)cc1,
18811,C[C@@H](CC(=O)N[C@]1(C)C[C@H](NC(=O)Cn2ncccc2=O)C1)n1cccc1,"(3S)-N-((1S,3r)-1-methyl-3-(2-(6-oxo-1,2-diazacyclohexa-2,4-dien-1-yl)acetamido)cyclobutyl)-3-(1H-pyrrol-1-yl)butanamide",,C[C@@H](CC(=O)N[C@]1(C)C[C@H](NC(=O)Cn2ncccc2=O)C1)n1cccc1,
18847,C[C@H]1CC[C@H](C(=O)NC[C@H]2C[C@@](F)(CNC(=O)CC3(C)CC(F)(F)C3)C2)C1,"(1S,3S)-N-(((1R,3r)-3-((2-(3,3-difluoro-1-methylcyclobutyl)acetamido)methyl)-3-fluorocyclobutyl)methyl)-3-methylcyclopentanecarboxamide",,C[C@H]1CCC(C(=O)NC[C@H]2C[C@@](F)(CNC(=O)CC3(C)CC(F)(F)C3)C2)C1,
18848,C#C[C@](C)(NC(=O)c1coc(CNC(=O)[C@@H]2C[C@@H]3CC[C@@H]3C2)c1)C1CC1,"5-(((1R,3R,5S)-bicyclo[3.2.0]heptane-3-carboxamido)methyl)-N-((2R)-2-cyclopropylbut-3-yn-2-yl)furan-3-carboxamide",,C#C[C@](C)(NC(=O)c1coc(CNC(=O)C2C[C@H]3CC[C@H]3C2)c1)C1CC1,
19106,CCc1[nH]nc(C(=O)N2CC[C@H](C)[C@@H]2C(=O)NC[C@]2(O)C[C@@H](O)C2)c1C,"(2R,3S)-N-(((1S,3r)-1,3-dihydroxycyclobutyl)methyl)-1-((5-ethyl-4-methyl-1H-pyrazol-3-yl)carbonyl)-3-methylpyrrolidine-2-carboxamide",,CCc1[nH]nc(C(=O)N2CC[C@H](C)C2C(=O)NC[C@]2(O)C[C@@H](O)C2)c1C,
19109,C[C@]1(NC(=O)CC2(O)CCC2)C[C@H](NC(=O)[C@@H]2C[C@@H]2C(F)F)C1,"N-((1S,3s)-3-((1R,2S)-2-(difluoromethyl)cyclopropanecarboxamido)-1-methylcyclobutyl)-2-(1-hydroxycyclobutyl)acetamide",,C[C@]1(NC(=O)CC2(O)CCC2)C[C@H](NC(=O)C2C[C@@H]2C(F)F)C1,
19111,C[C@@H](NC(N)=O)C(=O)N1C[C@H]2[C@H](NC(=O)COCCOCCO)[C@H]2C1,"N-((1R,5S,6S)-3-((2R)-2-(carbamoylamino)-propionyl)-3-azabicyclo[3.1.0]hexan-6-yl)-2-(2-(2-hydroxyethoxy)ethoxy)acetamide",,CC(NC(N)=O)C(=O)N1C[C@@H]2[C@H](C1)[C@H]2NC(=O)COCCOCCO,
19199,CN(C)[S@@](=N)(=O)c1ccc(C(=O)NC[C@H]2CCN(C(C)(C)C)C2)cc1,N-(((3R)-1-(tert-butyl)pyrrolidin-3-yl)methyl)-4-((S)-dimethylaminosulfonimidoyl)benzamide,C(C)(C)(C)N1C[C@H](CC1)CNC(C1=CC=C(C=C1)[S@](=O)(=N)N(C)C)=O,CN(C)[S@@](=N)(=O)c1ccc(C(=O)NC[C@H]2CCN(C(C)(C)C)C2)cc1,CN(C)[S@](=N)(=O)c1ccc(C(=O)NC[C@H]2CCN(C(C)(C)C)C2)cc1
19202,C[C@@]1(CNC(=O)[C@@]2(CF)CCN(C(=O)c3cc(F)ccc3O)C2)C[C@@H]2C[C@@H]2C1,"(3R)-1-((5-fluoro-2-hydroxyphenyl)carbonyl)-3-(fluoromethyl)-N-(((1R,3R,5S)-3-methylbicyclo[3.1.0]hexan-3-yl)methyl)pyrrolidine-3-carboxamide",,C[C@]1(CNC(=O)[C@@]2(CF)CCN(C(=O)c3cc(F)ccc3O)C2)C[C@H]2C[C@H]2C1,
19211,CC12CC(NC(=O)Cc3c[nH]c4ccccc34)(C1)C1(CN(C(=O)C3(Cl)CC3)C1)O2,"2-(1H-indol-3-yl)-N-(1-methylspiro[2-oxabicyclo[2.1.1]hexane-3,3'-(1-(azetidin-1-yl)-1-(1-chlorocyclopropyl)methanone)]-4-yl)acetamide",,CC12CC(NC(=O)Cc3c[nH]c4ccccc34)(C1)C1(CN(C(=O)C3(Cl)CC3)C1)O2,
19223,CCCC[C@@H](CC)CC(=O)N[C@H](CC(=O)N[C@H]1C[C@@](C)(O)C1)CC(C)C,"(3R)-3-ethyl-N-((3S)-1-(((1S,3r)-3-hydroxy-3-methylcyclobutyl)amino)-5-methyl-1-oxohexan-3-yl)heptanamide",,CCCC[C@@H](CC)CC(=O)N[C@H](CC(=O)N[C@H]1C[C@@](C)(O)C1)CC(C)C,
19328,C=C=CCC(=O)N[C@H](CC(=C)Cl)C(=O)NC[C@]1(O)C[C@@H](O)C1,"N-((2R)-4-chloro-1-((((1S,3r)-1,3-dihydroxycyclobutyl)methyl)amino)-1-oxopent-4-en-2-yl)penta-3,4-dienamide",,C=C=CCC(=O)NC(CC(=C)Cl)C(=O)NC[C@]1(O)C[C@@H](O)C1,
19392,CC1(C)C[C@@H](C(=O)N[C@H]2[C@@H]3CN(C(=O)c4c(C(F)F)nc5ccccn45)C[C@@H]32)O1,"(2S)-N-((1R,5S,6S)-3-((8-(difluoromethyl)-1,7-diazabicyclo[4.3.0]nona-2,4,6,8-tetraen-9-yl)carbonyl)-3-azabicyclo[3.1.0]hexan-6-yl)-4,4-dimethyl-1-oxacyclobutane-2-carboxamide",,CC1(C)CC(C(=O)N[C@H]2[C@@H]3CN(C(=O)c4c(C(F)F)nc5ccccn45)C[C@@H]32)O1,
19409,C#Cc1ccc(C(=O)N2CC[C@@](O)(CN(C)C(=O)[C@@H]3[C@H]4COC[C@H]43)C2)nc1,"(1R,5S,6R)-N-(((3R)-1-((5-(ethynyl)pyridin-2-yl)carbonyl)-3-hydroxypyrrolidin-3-yl)methyl)-N-methyl-3-oxabicyclo[3.1.0]hexane-6-carboxamide",,C#Cc1ccc(C(=O)N2CC[C@@](O)(CN(C)C(=O)C3[C@H]4COC[C@@H]34)C2)nc1,
19419,CCc1oncc1C(=O)NCCN(C)C(=O)[C@@]1(C(=O)OC)[C@H]2CC[C@H]21,"methyl (1R,4S,5R)-5-((2-(5-ethylisoxazole-4-carboxamido)ethyl)(methyl)carbamoyl)bicyclo[2.1.0]pentane-5-carboxylate",,CCc1oncc1C(=O)NCCN(C)C(=O)[C@]1(C(=O)OC)[C@@H]2CC[C@@H]21,
19493,Cc1cc(F)ncc1-c1cn(CCC2CC(NC(=O)[C@@H]3[C@H]4CCC[C@H]43)C2)nn1,"(1R,5S,6R)-N-(3-(2-(4-(6-fluoro-4-methylpyridin-3-yl)-1H-1,2,3-triazol-1-yl)ethyl)cyclobutyl)bicyclo[3.1.0]hexane-6-carboxamide",,Cc1cc(F)ncc1-c1cn(CCC2CC(NC(=O)C3[C@H]4CCC[C@@H]34)C2)nn1,
19532,CSCCN1C[C@H]2[C@@H](C1)[C@@H]2C(=O)N(C)CCCn1cccn1,"(1R,5S,6R)-N-methyl-3-(2-(methylsulfanyl)ethyl)-N-(3-(1H-pyrazol-1-yl)propyl)-3-azabicyclo[3.1.0]hexane-6-carboxamide",,CSCCN1C[C@@H]2C(C(=O)N(C)CCCn3cccn3)[C@@H]2C1,
19596,CC(C)c1n[nH]c(=NC[C@H]2[C@@H]3CN(C(=O)[C@H]4CCC[C@@H]4O)C[C@H]23)o1,"1-((1S,2S)-2-hydroxycyclopentyl)-1-((1R,5S,6S)-6-(((5-(propan-2-yl)-1-oxa-3,4-diazacyclopent-4-en-2-ylidene)amino)methyl)-3-azabicyclo[3.1.0]hexan-3-yl)methanone",,CC(C)c1nnc(NC[C@@H]2[C@H]3CN(C(=O)C4CCC[C@@H]4O)C[C@@H]23)o1,
19674,Cc1cnc([C@@H](C)NC(=O)[C@@H]2[C@H]3CN(C(=O)[C@H](C)n4cccc4)C[C@H]32)nc1,"(1R,5S,6R)-N-((1R)-1-(5-methylpyrimidin-2-yl)ethyl)-3-((2S)-1-oxo-2-(1H-pyrrol-1-yl)propyl)-3-azabicyclo[3.1.0]hexane-6-carboxamide",,Cc1cnc([C@@H](C)NC(=O)C2[C@H]3CN(C(=O)C(C)n4cccc4)C[C@@H]23)nc1,
19699,O=C(Cn1ncccc1=O)N[C@H](CC(=O)N[C@@H]1[C@H]2CCCCC[C@H]21)C(F)F,"(3R)-N-((1R,7S,8R)-bicyclo[5.1.0]octan-8-yl)-4,4-difluoro-3-(2-(6-oxo-1,2-diazacyclohexa-2,4-dien-1-yl)acetamido)butanamide",,O=C(C[C@@H](NC(=O)Cn1ncccc1=O)C(F)F)N[C@H]1[C@@H]2CCCCC[C@@H]21,
19712,O=C1C[C@H]2[C@@H](C1)[C@@H]2C(=O)NC[C@H](O)C(=O)NCC1(CC2CCC2)CC1,"(1R,5S,6R)-N-((2S)-3-(((1-(cyclobutylmethyl)cyclopropyl)methyl)amino)-2-hydroxy-3-oxopropyl)-3-oxobicyclo[3.1.0]hexane-6-carboxamide",,O=C1C[C@@H]2C(C(=O)NCC(O)C(=O)NCC3(CC4CCC4)CC3)[C@@H]2C1,
19714,CC[C@H](C)[C@H](OC)C(=O)NC[C@H]1CCN(C(=O)[C@@H]2[C@@H](C)[C@H]2C)C1(C)C,"(2S,3S)-N-(((3R)-1-(((1R,2R,3S)-2,3-dimethylcyclopropyl)carbonyl)-2,2-dimethylpyrrolidin-3-yl)methyl)-2-methoxy-3-methylpentanamide",,CC[C@H](C)C(OC)C(=O)NC[C@H]1CCN(C(=O)C2[C@@H](C)[C@H]2C)C1(C)C,
19845,CC(C)CCSCC(=O)N[C@@H]1C[C@@H]2C[C@H](NC(=O)CN(C)CC(C)(C)C)C[C@@H]2C1,"N-((1R,3R,5S,7S)-7-(2-((2,2-dimethylpropyl)(methyl)amino)acetamido)bicyclo[3.3.0]octan-3-yl)-2-((3-methylbutyl)sulfanyl)acetamide",,CC(C)CCSCC(=O)N[C@@H]1C[C@@H]2C[C@H](NC(=O)CN(C)CC(C)(C)C)C[C@@H]2C1,
19871,CC(C)(C(=O)N1C[C@H]2CCC[C@@H](C2)C1)[C@H]1CCN(C(=O)[C@H]2C[C@@H]3C[C@@H]3C2)C1,"1-((1S,5S)-3-azabicyclo[3.3.1]nonan-3-yl)-2-((3R)-1-(((1R,3S,5S)-bicyclo[3.1.0]hexan-3-yl)carbonyl)pyrrolidin-3-yl)-2-methylpropan-1-one",,CC(C)(C(=O)N1C[C@H]2CCC[C@@H](C2)C1)[C@H]1CCN(C(=O)C2C[C@@H]3C[C@@H]3C2)C1,
19893,C#CCCC(=O)N[C@H]1C[C@@H]2C[C@H](C1)CN(C(=O)C=Cc1ccnn1CC)C2,"N-((1R,5S,7S)-3-(3-(1-ethyl-1H-pyrazol-5-yl)-1-oxoprop-2-en-1-yl)-3-azabicyclo[3.3.1]nonan-7-yl)pent-4-ynamide",,C#CCCC(=O)N[C@@H]1C[C@H]2C[C@@H](C1)CN(C(=O)C=Cc1ccnn1CC)C2,
19904,CN(C)[C@H]1C[C@H](C(=O)N[C@H]2C[C@](F)(CNC(=O)c3ccccc3)C2)C1,"N-(((1S,3r)-1-fluoro-3-(trans-3-(dimethylamino)cyclobutanecarboxamido)cyclobutyl)methyl)benzamide",,CN(C)C1CC(C(=O)N[C@H]2C[C@](F)(CNC(=O)c3ccccc3)C2)C1,
19954,O=C(NC[C@H]1C[C@](F)(CNC(=O)[C@](O)(C2CC2)C(F)(F)F)C1)[C@@H]1CCCCO1,"(2S)-N-(((1R,3s)-3-(((2R)-2-cyclopropyl-3,3,3-trifluoro-2-hydroxypropanamido)methyl)-3-fluorocyclobutyl)methyl)oxane-2-carboxamide",,O=C(NC[C@H]1C[C@](F)(CNC(=O)[C@](O)(C2CC2)C(F)(F)F)C1)C1CCCCO1,
20042,C[C@@H](NC(=O)[C@H]1CCNC(=O)C1)C(=O)N1[C@H]2CC[C@@H]1C[C@@H](F)C2,"(4S)-N-((2R)-1-((1R,3S,5S)-3-fluoro-8-azabicyclo[3.2.1]octan-8-yl)-1-oxopropan-2-yl)-2-oxopiperidine-4-carboxamide",,CC(NC(=O)C1CCNC(=O)C1)C(=O)N1[C@@H]2CC[C@H]1C[C@H](F)C2,
20117,CCCN(C)CC(=O)NC12CC(CO)(C1)OC21CN(C(=O)C(F)(F)[C@@H](O)CC)C1,"N-(1-(hydroxymethyl)spiro[2-oxabicyclo[2.1.1]hexane-3,3'-((3S)-1-(azetidin-1-yl)-2,2-difluoro-3-hydroxypentane)]-4-yl-1'-one)-2-((methyl)(propyl)amino)acetamide",,CCCN(C)CC(=O)NC12CC(CO)(C1)OC21CN(C(=O)C(F)(F)[C@@H](O)CC)C1,
20118,COCC(COC)NC(=O)C[C@H]1CCC[C@@H]1NC(=O)[C@@H]1[C@H]2COC[C@H]21,"N-(1,3-dimethoxypropan-2-yl)-2-((1R,2S)-2-((1R,5S,6R)-3-oxabicyclo[3.1.0]hexane-6-carboxamido)cyclopentyl)acetamide",,COCC(COC)NC(=O)C[C@H]1CCC[C@@H]1NC(=O)C1[C@H]2COC[C@@H]12,
20147,CCn1cnc2[nH]c(=NC3CCC(F)CC3)nc(N3C[C@H]4[C@@H](C3)[C@@H]4C(=O)NC)c21,"(1R,5S,6R)-3-(7-ethyl-3-((4-fluorocyclohexyl)imino)-2,4,7,9-tetraazabicyclo[4.3.0]nona-1(6),4,8-trien-5-yl)-N-methyl-3-azabicyclo[3.1.0]hexane-6-carboxamide",,CCn1cnc2nc(NC3CCC(F)CC3)nc(N3C[C@@H]4C(C(=O)NC)[C@@H]4C3)c21,
20185,CNC(=O)N1CCN(C(=O)C[C@H]2[C@@H]3CN(C(=O)C=C(C)C(F)F)C[C@H]23)CC1,"4-(2-((1R,5S,6S)-3-(3-(difluoromethyl)-1-oxobut-2-en-1-yl)-3-azabicyclo[3.1.0]hexan-6-yl)-acetyl)-N-methylpiperazine-1-carboxamide",,CNC(=O)N1CCN(C(=O)C[C@@H]2[C@H]3CN(C(=O)C=C(C)C(F)F)C[C@@H]23)CC1,
20191,CCC[C@H](CCCNC(=O)[C@@H]1[C@H]2CNC(=O)[C@H]21)NC(=O)C1(Cl)CC1,"(1R,5R,6R)-N-((4R)-4-(1-chlorocyclopropanecarboxamido)heptyl)-2-oxo-3-azabicyclo[3.1.0]hexane-6-carboxamide",ClC1(CC1)C(=O)N[C@@H](CCCNC(=O)[C@@H]1[C@@H]2CNC([C@@H]12)=O)CCC,CCC[C@H](CCCNC(=O)C1C2C(=O)NC[C@H]12)NC(=O)C1(Cl)CC1,CCC[C@H](CCCNC(=O)C1C2C(=O)NC[C@@H]12)NC(=O)C1(Cl)CC1
20193,C#CC[C@H](CNC(=O)CC[C@@]1(CC)CCC(=O)N1)C1CC1,N-((2S)-2-cyclopropylpent-4-yn-1-yl)-3-((2S)-2-ethyl-5-oxopyrrolidin-2-yl)propanamide,C1(CC1)[C@@H](CNC(CC[C@]1(NC(CC1)=O)CC)=O)CC#C,C#CC[C@H](CNC(=O)CC[C@@]1(CC)CCC(=O)N1)C1CC1,C#CC[C@H](CNC(=O)CC[C@]1(CC)CCC(=O)N1)C1CC1
20196,C=C[C@H]1CCCCN1C(=O)CC[C@@H]1CCN(C(=O)[C@]2(C)C[C@@H]3C[C@@H]3C2)C1,"1-((2R)-2-ethenylpiperidin-1-yl)-3-((3R)-1-(((1R,3R,5S)-3-methylbicyclo[3.1.0]hexan-3-yl)carbonyl)pyrrolidin-3-yl)propan-1-one",,C=C[C@H]1CCCCN1C(=O)CC[C@@H]1CCN(C(=O)[C@@]2(C)C[C@H]3C[C@H]3C2)C1,
20207,C#CCC1(NC(=O)C[C@H]2[C@@H]3CN(C(=O)[C@@H]4CC(=O)N(OC)C4)C[C@H]23)CCC1,"2-((1R,5S,6S)-3-(((3R)-1-methoxy-5-oxopyrrolidin-3-yl)carbonyl)-3-azabicyclo[3.1.0]hexan-6-yl)-N-(1-(prop-2-yn-1-yl)cyclobutyl)acetamide",,C#CCC1(NC(=O)C[C@@H]2[C@H]3CN(C(=O)C4CC(=O)N(OC)C4)C[C@@H]23)CCC1,
20216,CC=CCC(=O)N[C@]1(C)C[C@H](NC(=O)[C@@H]2CCCC[C@@H]2C2CC2)C1,"N-((1S,3r)-3-((1R,2R)-2-cyclopropylcyclohexanecarboxamido)-1-methylcyclobutyl)pent-3-enamide",,CC=CCC(=O)N[C@]1(C)C[C@H](NC(=O)C2CCCC[C@@H]2C2CC2)C1,
20247,CC[C@](C)(CCC(C)C)C(=O)N1CC(C)(NC(=O)[C@@H]2[C@H]3COC[C@H]32)C1,"(1R,5S,6R)-N-(1-((2R)-2-ethyl-2,5-dimethyl-hexanoyl)-3-methyl-azetidin-3-yl)-3-oxabicyclo[3.1.0]hexane-6-carboxamide",,CC[C@](C)(CCC(C)C)C(=O)N1CC(C)(NC(=O)C2[C@H]3COC[C@@H]23)C1,
20305,O=C([C@H]1C[C@@H]2CC[C@@H]2C1)N1CCC(C(=O)N2C[C@H](O)CCO2)CC1,"1-((1R,3S,5S)-bicyclo[3.2.0]heptan-3-yl)-1-(4-(((4R)-4-hydroxy-1-oxa-2-azacyclohexan-2-yl)carbonyl)piperidin-1-yl)methanone",,O=C(C1C[C@H]2CC[C@H]2C1)N1CCC(C(=O)N2C[C@H](O)CCO2)CC1,
20314,Cc1ccc(CN[C@@H]2[C@@H]3CN(C(=O)c4c(C)ccc(C)c4O)C[C@@H]32)s1,"1-(2-hydroxy-3,6-dimethylphenyl)-1-((1R,5S,6R)-6-(((5-methylthiophen-2-yl)methyl)amino)-3-azabicyclo[3.1.0]hexan-3-yl)methanone",,Cc1ccc(CN[C@@H]2[C@@H]3CN(C(=O)c4c(C)ccc(C)c4O)C[C@@H]32)s1,
20382,COC(=O)c1ccc(CN2CC3(C2)OC[C@H]2C[C@@H]23)cc1,"methyl 4-(3'-oxaspiro[azetidine-3,2'-bicyclo[3.1.0]hexane]-1-ylmethyl)benzoate",C12C3(OCC2C1)CN(C3)CC3=CC=C(C(=O)OC)C=C3,COC(=O)c1ccc(CN2CC3(C2)OC[C@H]2C[C@@H]23)cc1,COC(=O)c1ccc(CN2CC3(C2)OCC2CC23)cc1
20387,CC(C)(C)[C@H](CO)C(=O)N1C[C@H]2[C@H](NC(=O)c3cnn(CC(F)F)c3)[C@H]2C1,"1-(2,2-difluoroethyl)-N-((1R,5S,6S)-3-((2R)-2-(hydroxymethyl)-3,3-dimethyl-butyryl)-3-azabicyclo[3.1.0]hexan-6-yl)-1H-pyrazole-4-carboxamide",,CC(C)(C)C(CO)C(=O)N1C[C@@H]2[C@H](C1)[C@H]2NC(=O)c1cnn(CC(F)F)c1,
20419,CCCN(CCNC(=O)C[C@@H]1CCCCC(=O)N1)C(=O)C[C@@H]1C[C@H]2C[C@H]2C1,"2-((2S)-7-oxo-1-azacycloheptan-2-yl)-N-(2-(N-propyl-2-((1R,3R,5S)-bicyclo[3.1.0]hexan-3-yl)acetamido)ethyl)acetamide",,CCCN(CCNC(=O)C[C@@H]1CCCCC(=O)N1)C(=O)C[C@H]1C[C@@H]2C[C@@H]2C1,
20420,C[C@H](C(=O)N1CC[C@H](CNC(=O)[C@@H]2C[C@H]3C=CC[C@@H](C3)C2)C12CC2)n1cccn1,"(1R,3S,5S)-N-(((7R)-4-((2R)-1-oxo-2-(1H-pyrazol-1-yl)propyl)-4-azaspiro[2.4]heptan-7-yl)methyl)bicyclo[3.3.1]non-6-ene-3-carboxamide",O=C([C@@H](C)N1N=CC=C1)N1C2(CC2)[C@H](CC1)CNC(=O)[C@H]1C[C@@H]2CC=C[C@H](C1)C2,CC(C(=O)N1CC[C@H](CNC(=O)C2C[C@H]3C=CC[C@H](C2)C3)C12CC2)n1cccn1,CC(C(=O)N1CC[C@H](CNC(=O)C2C[C@H]3C=CC[C@@H](C2)C3)C12CC2)n1cccn1
20427,C[C@@H](CCN(C)C(=O)c1csc(N=[S@@](C)(=O)N(C)C)n1)NC(=O)CNC(N)=O,N-((3S)-3-(2-(carbamoylamino)acetamido)butyl)-2-(((S)-(dimethylamino)(methyl)(oxo)-lambda^6-sulfanylidene)amino)-N-methylthiazole-4-carboxamide,C(N)(=O)NCC(=O)N[C@H](CCN(C(=O)C=1N=C(SC1)N=[S@@](=O)(C)N(C)C)C)C,C[C@@H](CCN(C)C(=O)c1csc(N=[S@@](C)(=O)N(C)C)n1)NC(=O)CNC(N)=O,C[C@@H](CCN(C)C(=O)c1csc(N=[S@](C)(=O)N(C)C)n1)NC(=O)CNC(N)=O
20483,CCO[C@H](CC)C(=O)N1[C@H]2CC[C@@H]1C[C@@H](CNC(=O)C1(C#N)CCOCC1)C2,"4-cyano-N-(((1R,3S,5S)-8-((2R)-2-ethoxy-butyryl)-8-azabicyclo[3.2.1]octan-3-yl)methyl)oxane-4-carboxamide",,CCOC(CC)C(=O)N1[C@@H]2CC[C@H]1C[C@H](CNC(=O)C1(C#N)CCOCC1)C2,
20588,CC(C)(C)OC(=O)C1(C(=O)NC[C@]2(F)C[C@H](CNC(=O)C3(C)CC3)C2)CC=CC1,"tert-butyl 1-((((1S,3s)-1-fluoro-3-((1-methylcyclopropanecarboxamido)methyl)cyclobutyl)methyl)carbamoyl)cyclopent-3-ene-1-carboxylate",,CC(C)(C)OC(=O)C1(C(=O)NC[C@]2(F)C[C@H](CNC(=O)C3(C)CC3)C2)CC=CC1,
20667,N#CC1(C(=O)N[C@H]2CC[C@@]3(CC2)CN(C(=O)c2nn[nH]c2Cl)CCO3)CCCC1,"N-(10-((5-chloro-1H-1,2,3-triazol-4-yl)carbonyl)-7-oxa-10-azaspiro[5.5]undecan-3-yl)-1-cyanocyclopentanecarboxamide",ClC1=C(N=NN1)C(=O)N1CCOC2(CCC(CC2)NC(=O)C2(CCCC2)C#N)C1,N#CC1(C(=O)N[C@H]2CC[C@@]3(CC2)CN(C(=O)c2[nH]nnc2Cl)CCO3)CCCC1,N#CC1(C(=O)NC2CCC3(CC2)CN(C(=O)c2[nH]nnc2Cl)CCO3)CCCC1
20755,NC(=O)C1(F)CCN(C(=O)[C@]2(N)C[C@@H](O)C2)CC1,"1-(((1S,3r)-1-amino-3-hydroxycyclobutyl)carbonyl)-4-fluoropiperidine-4-carboxamide",,NC(=O)C1(F)CCN(C(=O)[C@]2(N)C[C@@H](O)C2)CC1,
20856,CC(=O)N[C@H](C)C(=O)N1C[C@H]2[C@H](CNC(=O)C34CC(CO)(C3)O[C@@H]4C)[C@H]2C1,"N-((2R)-1-((1R,5S,6S)-6-(((3R)-1-(hydroxymethyl)-3-methyl-2-oxabicyclo[2.1.1]hexane-4-carboxamido)methyl)-3-azabicyclo[3.1.0]hexan-3-yl)-1-oxopropan-2-yl)acetamide",,CC(=O)NC(C)C(=O)N1C[C@@H]2[C@@H](CNC(=O)C34CC(CO)(C3)O[C@@H]4C)[C@@H]2C1,
20914,CCC1(CC(=O)NC[C@H]2[C@@H]3CN(C(=O)[C@](C)(O)COC)C[C@H]23)CCC1,"2-(1-ethylcyclobutyl)-N-(((1R,5S,6S)-3-((2R)-2-hydroxy-2-(methoxymethyl)-propionyl)-3-azabicyclo[3.1.0]hexan-6-yl)methyl)acetamide",,CCC1(CC(=O)NC[C@@H]2[C@H]3CN(C(=O)[C@](C)(O)COC)C[C@@H]23)CCC1,
20935,CC[C@@H](CC(=O)N1[C@H]2CC[C@@H]1C[C@@H](NC(=O)C(C)(C)C(N)=O)C2)C1CCC1,"N-((1R,3S,5S)-8-((3S)-3-cyclobutyl-pentanoyl)-8-azabicyclo[3.2.1]octan-3-yl)-2,2-dimethylpropanediamide",,CC[C@@H](CC(=O)N1[C@@H]2CC[C@H]1C[C@H](NC(=O)C(C)(C)C(N)=O)C2)C1CCC1,
20967,COC(=O)C(C)(C)CC(=O)N1C[C@@H]2CC[C@H](C1)[C@H]2NCc1c(O)cc(F)cc1F,"methyl 4-((1R,5S,8S)-8-(((2,4-difluoro-6-hydroxyphenyl)methyl)amino)-3-azabicyclo[3.2.1]octan-3-yl)-2,2-dimethyl-4-oxobutanoate",,COC(=O)C(C)(C)CC(=O)N1C[C@H]2CC[C@@H](C1)[C@@H]2NCc1c(O)cc(F)cc1F,
21017,COC[C@H](NC(C)=O)C(=O)N[C@H]1C[C@@](F)(CNC(=O)C[C@H]2NC(=O)NC2=O)C1,"(2S)-2-acetamido-N-((1R,3r)-3-((2-((4R)-2,5-dioxoimidazolidin-4-yl)acetamido)methyl)-3-fluorocyclobutyl)-3-methoxypropanamide",,COCC(NC(C)=O)C(=O)N[C@H]1C[C@@](F)(CNC(=O)Cc2[nH]c(=O)[nH]c2O)C1,
21039,[N-]=[N+]=NCCCC(=O)NC[C@]1(F)C[C@H](NC(=O)c2cnn(CC(F)(F)F)c2)C1,"4-azido-N-(((1R,3r)-1-fluoro-3-(1-(2,2,2-trifluoroethyl)-1H-pyrazole-4-carboxamido)cyclobutyl)methyl)butanamide",,[N-]=[N+]=NCCCC(=O)NC[C@]1(F)C[C@H](NC(=O)c2cnn(CC(F)(F)F)c2)C1,
21110,CCN1CCOC[C@@H]1CC(=O)NCC(C)(C)OCCNC(=O)[C@@]1(C)C[C@@H]2C[C@@H]2C1,"2-((3S)-4-ethylmorpholin-3-yl)-N-(2-methyl-2-((2-((1R,3S,5S)-3-methylbicyclo[3.1.0]hexane-3-carboxamido)ethyl)oxy)propyl)acetamide",,CCN1CCOC[C@@H]1CC(=O)NCC(C)(C)OCCNC(=O)[C@]1(C)C[C@H]2C[C@H]2C1,
21154,C[C@@H]1C[C@H]1C(=O)NC[C@H]1[C@@H]2CN(C(=O)c3ccc(F)c(C4(C)CC4)c3)C[C@H]12,"(1R,2R)-N-(((1R,5S,6S)-3-((4-fluoro-3-(1-methylcyclopropyl)phenyl)carbonyl)-3-azabicyclo[3.1.0]hexan-6-yl)methyl)-2-methylcyclopropanecarboxamide",,C[C@@H]1CC1C(=O)NC[C@@H]1[C@H]2CN(C(=O)c3ccc(F)c(C4(C)CC4)c3)C[C@@H]12,
21231,CC(C)(C)CCCC(=O)N[C@]1(C)C[C@@H](NC(=O)[C@@H](O)c2cccc(Br)c2)C1,"N-((1R,3r)-3-((2S)-2-(3-bromophenyl)-2-hydroxyacetamido)-1-methylcyclobutyl)-5,5-dimethylhexanamide",,CC(C)(C)CCCC(=O)N[C@]1(C)C[C@@H](NC(=O)C(O)c2cccc(Br)c2)C1,
21278,Clc1cc(CN[C@@]2(c3nnnn3-c3ccccc3)C[C@@H]3C[C@@H]3C2)on1,"(1R,3S,5S)-N-((3-chloroisoxazol-5-yl)methyl)-3-(1-phenyl-1H-tetrazol-5-yl)bicyclo[3.1.0]hexan-3-amine",,Clc1cc(CN[C@]2(c3nnnn3-c3ccccc3)C[C@H]3C[C@H]3C2)on1,
21325,CC(C)NC(=O)[C@@H]([C@@H]1CCCN1C(=O)OC(C)(C)C)N1C[C@@H]2[C@@H](CO)[C@@H]2C1,"tert-butyl (2S)-2-((1R)-1-((1R,5S,6R)-6-(hydroxymethyl)-3-azabicyclo[3.1.0]hexan-3-yl)-2-oxo-2-((propan-2-yl)amino)ethyl)pyrrolidine-1-carboxylate",,CC(C)NC(=O)C([C@@H]1CCCN1C(=O)OC(C)(C)C)N1C[C@@H]2[C@@H](CO)[C@@H]2C1,
21359,CS(=O)(=O)CC(=O)N[C@@H]1C[C@@H]2CC[C@H](C1)N2C(=O)c1ccoc1Br,"N-((1R,3R,5S)-8-((2-bromofuran-3-yl)carbonyl)-8-azabicyclo[3.2.1]octan-3-yl)-2-(methylsulfonyl)acetamide",,CS(=O)(=O)CC(=O)N[C@H]1C[C@H]2CC[C@@H](C1)N2C(=O)c1ccoc1Br,
21461,CCN(CCCNC(=O)[C@H]1C[C@@H]2CC[C@H](C1)C2=O)C(=O)Cc1ccc(C)cc1C,"(1R,3S,5S)-N-(3-(N-ethyl-2-(2,4-dimethylphenyl)acetamido)propyl)-8-oxobicyclo[3.2.1]octane-3-carboxamide",,CCN(CCCNC(=O)C1CC2CCC(C1)C2=O)C(=O)Cc1ccc(C)cc1C,
21475,C#CCC(C)(C)C(=O)NC[C@H]1CCN1C(=O)[C@H]1C[C@H]2CCC[C@H](C2)C1,"N-(((2R)-1-(((1R,3S,5S)-bicyclo[3.3.1]nonan-3-yl)carbonyl)-azetidin-2-yl)methyl)-2,2-dimethylpent-4-ynamide",,C#CCC(C)(C)C(=O)NC[C@H]1CCN1C(=O)C1C[C@H]2CCC[C@@H](C1)C2,
21503,CC(C)OCC(=O)N[C@@H]1[C@H]2CCN(C(=O)c3cccc4nc(O)oc34)CC[C@H]21,"N-((1R,7S,8R)-4-((2-hydroxybenzoxazol-7-yl)carbonyl)-4-azabicyclo[5.1.0]octan-8-yl)-2-isopropoxyacetamide",,CC(C)OCC(=O)N[C@H]1[C@@H]2CCN(C(=O)c3cccc4[nH]c(=O)oc34)CC[C@@H]21,
21543,O=C(CSc1nnc(S)s1)NC[C@]1(F)C[C@@H](NC(=O)Cc2cnc[nH]2)C1,"N-(((1S,3r)-1-fluoro-3-(2-(1H-imidazol-5-yl)acetamido)cyclobutyl)methyl)-2-((5-sulfanyl-1-thia-3,4-diazacyclopenta-2,4-dien-2-yl)sulfanyl)acetamide",,O=C(CSc1n[nH]c(=S)s1)NC[C@]1(F)C[C@@H](NC(=O)Cc2c[nH]cn2)C1,
21604,Cc1[nH]nc(C(C)C)c1C(=O)NC[C@H]1C[C@@](F)(CNC(=O)c2csc(=N)[nH]2)C1,"N-(((1S,3s)-1-fluoro-3-((5-methyl-3-(propan-2-yl)-1H-pyrazole-4-carboxamido)methyl)cyclobutyl)methyl)-2-imino-1-thia-3-azacyclopent-4-ene-4-carboxamide",,Cc1[nH]nc(C(C)C)c1C(=O)NC[C@H]1C[C@@](F)(CNC(=O)c2csc(N)n2)C1,
21656,C[C@H]1C[C@@H](C)C[C@H](N(C)C(=O)c2coc(CNC(=O)[C@H]3C[C@@H]3F)n2)C1,"N-((1R,3R,5S)-3,5-dimethylcyclohexyl)-2-(((1R,2S)-2-fluorocyclopropanecarboxamido)methyl)-N-methyloxazole-4-carboxamide",,C[C@@H]1C[C@H](C)C[C@@H](N(C)C(=O)c2coc(CNC(=O)C3C[C@@H]3F)n2)C1,
21669,COC(=O)c1sc(C(=O)N2CC(C)(NC(=O)C3=C[C@H]4CC=CC[C@@H]34)C2)cc1C,"methyl 5-((3-((1S,6R)-bicyclo[4.2.0]octa-3,7-diene-7-carboxamido)-3-methyl-azetidin-1-yl)carbonyl)-3-methylthiophene-2-carboxylate",[C@H]12CC=CC[C@H]2C(=C1)C(=O)NC1(CN(C1)C(=O)C1=CC(=C(S1)C(=O)OC)C)C,COC(=O)c1sc(C(=O)N2CC(C)(NC(=O)C3=C[C@H]4CC=CC[C@@H]34)C2)cc1C,COC(=O)c1sc(C(=O)N2CC(C)(NC(=O)C3=C[C@@H]4CC=CC[C@@H]34)C2)cc1C
21777,COCCC(C)(C)C(=O)N[C@H]1C[C@@H]2CN(C(=O)C[C@H](C)CC(C)(C)C)C[C@@H]2C1,"4-methoxy-2,2-dimethyl-N-((1R,5S,7S)-3-((3R)-3,5,5-trimethyl-hexanoyl)-3-azabicyclo[3.3.0]octan-7-yl)butanamide",,COCCC(C)(C)C(=O)N[C@H]1C[C@@H]2CN(C(=O)C[C@H](C)CC(C)(C)C)C[C@@H]2C1,
21816,CN(C)[C@@](C)(CC(=O)N1C[C@H]2[C@H](CNC(=O)[C@@H](O)C3CCCC3)[C@H]2C1)C1CCC1,"(2S)-N-(((1R,5S,6S)-3-((3S)-3-cyclobutyl-3-(dimethylamino)-butyryl)-3-azabicyclo[3.1.0]hexan-6-yl)methyl)-2-cyclopentyl-2-hydroxyacetamide",,CN(C)[C@@](C)(CC(=O)N1C[C@@H]2[C@@H](CNC(=O)C(O)C3CCCC3)[C@@H]2C1)C1CCC1,
21832,Cn1nncc1C(=O)NC[C@H]1[C@@H]2CN(C(=O)C=Cc3cccc(CO)c3)C[C@H]12,"N-(((1R,5S,6S)-3-(3-(3-(hydroxymethyl)phenyl)-1-oxoprop-2-en-1-yl)-3-azabicyclo[3.1.0]hexan-6-yl)methyl)-1-methyl-1H-1,2,3-triazole-5-carboxamide",,Cn1nncc1C(=O)NC[C@@H]1[C@H]2CN(C(=O)C=Cc3cccc(CO)c3)C[C@@H]12,
21875,CC[C@@H](Cc1cccc(C)c1)C(=O)NC[C@H]1C[C@@](F)(CNC(=O)[C@@H]2C[C@H]2CC)C1,"(2S)-N-(((1R,3r)-3-(((1R,2R)-2-ethylcyclopropanecarboxamido)methyl)-3-fluorocyclobutyl)methyl)-2-((3-methylphenyl)methyl)butanamide",,CCC(Cc1cccc(C)c1)C(=O)NC[C@H]1C[C@@](F)(CNC(=O)C2C[C@H]2CC)C1,
21890,CCC[C@@H]1CN(C(=O)c2cnc([C@@H](C)O)s2)CCN1C(=O)[C@@H]1[C@H]2CN(C)C[C@H]21,"1-(2-((1R)-1-hydroxyethyl)thiazol-5-yl)-1-((3R)-4-(((1R,5S,6R)-3-methyl-3-azabicyclo[3.1.0]hexan-6-yl)carbonyl)-3-propylpiperazin-1-yl)methanone",,CCC[C@@H]1CN(C(=O)c2cnc([C@@H](C)O)s2)CCN1C(=O)C1[C@H]2CN(C)C[C@@H]12,
22022,COC1(CCNC(=O)C#CC2(C)COC2)CN(C(=O)[C@@H]2C[C@@H]3CC[C@@H]3C2)C1,"N-(2-(1-(((1R,3R,5S)-bicyclo[3.2.0]heptan-3-yl)carbonyl)-3-methoxy-azetidin-3-yl)ethyl)-3-(3-methyl-1-oxacyclobutan-3-yl)prop-2-ynamide",,COC1(CCNC(=O)C#CC2(C)COC2)CN(C(=O)C2C[C@H]3CC[C@H]3C2)C1,
22093,CC(C)(C)c1ccc(C(=O)N[C@]2(C)C[C@@H](NC(=O)c3ccc(O)nc3)C2)[nH]1,"N-((1R,3r)-3-(5-(tert-butyl)-1H-pyrrole-2-carboxamido)-3-methylcyclobutyl)-6-hydroxypyridine-3-carboxamide",,CC(C)(C)c1ccc(C(=O)N[C@]2(C)C[C@@H](NC(=O)c3ccc(=O)[nH]c3)C2)[nH]1,
22108,Cc1nnsc1[C@@H](C)NC(=O)[C@H]1C[C@@](C)(NC(=O)[C@H]2CCCN(C)C2)C1,"(3S)-1-methyl-N-((1R,3s)-1-methyl-3-(((1R)-1-(4-methyl-1-thia-2,3-diazacyclopenta-2,4-dien-5-yl)ethyl)carbamoyl)cyclobutyl)piperidine-3-carboxamide",,Cc1nnsc1[C@@H](C)NC(=O)C1CC(C)(NC(=O)C2CCCN(C)C2)C1,
22114,CCn1ncc(C(=O)NC[C@H]2C[C@](F)(CNC(=O)[C@@H]3CC(=O)N(C)C3)C2)c1C,"1-ethyl-N-(((1S,3r)-3-fluoro-3-(((3R)-1-methyl-5-oxopyrrolidine-3-carboxamido)methyl)cyclobutyl)methyl)-5-methyl-1H-pyrazole-4-carboxamide",,CCn1ncc(C(=O)NC[C@H]2C[C@](F)(CNC(=O)C3CC(=O)N(C)C3)C2)c1C,
22188,Cn1ccc2cccc(C(=O)N3C[C@H]4CC[C@H]3CN4C(=O)CC3C[C@@H]4C[C@H]4C3)c21,"2-((1R,5R)-bicyclo[3.1.0]hexan-3-yl)-1-((1R,4S)-5-((1-methyl-1H-indol-7-yl)carbonyl)-2,5-diazabicyclo[2.2.2]octan-2-yl)ethan-1-one",[C@H]12CC(C[C@H]2C1)CC(=O)N1[C@H]2CN([C@H](C1)CC2)C(=O)C=2C=CC=C1C=CN(C21)C,Cn1ccc2cccc(C(=O)N3C[C@H]4CC[C@H]3CN4C(=O)CC3C[C@@H]4C[C@H]4C3)c21,Cn1ccc2cccc(C(=O)N3C[C@H]4CC[C@H]3CN4C(=O)CC3C[C@H]4C[C@@H]4C3)c21
22265,C[C@H]1[C@@H](C)[C@@H]1C(=O)NCCCC1CCN(C(=O)c2coc3c2[C@@H](O)CCC3)CC1,"(1R,2R,3S)-N-(3-(1-(((2S)-2-hydroxy-7-oxabicyclo[4.3.0]nona-1(6),8-dien-9-yl)carbonyl)piperidin-4-yl)propyl)-2,3-dimethylcyclopropanecarboxamide",,C[C@@H]1C(C(=O)NCCCC2CCN(C(=O)c3coc4c3[C@@H](O)CCC4)CC2)[C@@H]1C,
22325,CCC[C@H](CC)CC(=O)N(C)C[C@H]1[C@@H]2CN(C(=O)c3cc(C(C)=O)oc3C)C[C@H]12,"(3S)-N-(((1R,5S,6S)-3-((5-(acetyl)-2-methylfuran-3-yl)carbonyl)-3-azabicyclo[3.1.0]hexan-6-yl)methyl)-3-ethyl-N-methylhexanamide",,CCC[C@H](CC)CC(=O)N(C)C[C@@H]1[C@H]2CN(C(=O)c3cc(C(C)=O)oc3C)C[C@@H]12,
22447,C[C@@H](C(=O)N1C[C@H]2C[C@H](NC(=O)c3cc(F)n(C)n3)C[C@H]2C1)C(C)(C)C,"5-fluoro-1-methyl-N-((1R,5S,7S)-3-((2R)-2,3,3-trimethyl-butyryl)-3-azabicyclo[3.3.0]octan-7-yl)-1H-pyrazole-3-carboxamide",,CC(C(=O)N1C[C@H]2C[C@H](NC(=O)c3cc(F)n(C)n3)C[C@H]2C1)C(C)(C)C,
22449,O=C(N[C@@]1(CF)CCN(C(=O)[C@@H]2[C@H]3CCCC[C@H]32)C1)c1noc2cc(Cl)ccc12,"N-((3S)-1-(((1R,6S,7R)-bicyclo[4.1.0]heptan-7-yl)carbonyl)-3-(fluoromethyl)pyrrolidin-3-yl)-4-chloro-7-oxa-8-azabicyclo[4.3.0]nona-1(6),2,4,8-tetraene-9-carboxamide",,O=C(N[C@@]1(CF)CCN(C(=O)C2[C@H]3CCCC[C@@H]23)C1)c1noc2cc(Cl)ccc12,
22461,O=C(N[C@@H]1CN(C(=O)[C@@H]2[C@H]3COC[C@H]32)C[C@@H]1O)c1conc1-c1ccc(Cl)cc1,"3-(4-chlorophenyl)-N-((3R,4S)-4-hydroxy-1-(((1R,5S,6R)-3-oxabicyclo[3.1.0]hexan-6-yl)carbonyl)pyrrolidin-3-yl)isoxazole-4-carboxamide",,O=C(N[C@@H]1CN(C(=O)C2[C@H]3COC[C@@H]23)C[C@@H]1O)c1conc1-c1ccc(Cl)cc1,
22479,C[C@H]1[C@@H](C)[C@@H]1C(=O)NC[C@@H]1C[C@H](F)CN1C(=O)c1ccc2c(c1)S(=O)(=O)NC2,"(1R,2R,3S)-N-(((2S,4S)-1-((7,7-dioxo-7lambda^6-thia-8-azabicyclo[4.3.0]nona-1(6),2,4-trien-4-yl)carbonyl)-4-fluoropyrrolidin-2-yl)methyl)-2,3-dimethylcyclopropanecarboxamide",,C[C@@H]1C(C(=O)NC[C@@H]2C[C@H](F)CN2C(=O)c2ccc3c(c2)S(=O)(=O)NC3)[C@@H]1C,
22506,CC(C)[C@@H](CC(=O)NC[C@H]1C[C@@H]2CC[C@H](C1)N2)c1ccccc1,"(3R)-N-(((1R,3S,5S)-8-azabicyclo[3.2.1]octan-3-yl)methyl)-4-methyl-3-phenylpentanamide",,CC(C)[C@@H](CC(=O)NC[C@@H]1C[C@H]2CC[C@@H](C1)N2)c1ccccc1,
22526,Cn1c(S)nnc1C(=O)N1CCC2(CC2)C[C@@H]1C(=O)N1C[C@H]2C[C@H](F)C[C@H]2C1,"1-((5R)-5-(((1R,5S,7S)-7-fluoro-3-azabicyclo[3.3.0]octan-3-yl)carbonyl)-6-azaspiro[2.5]octan-6-yl)-1-(4-methyl-5-sulfanyl-4H-1,2,4-triazol-3-yl)methanone",,Cn1c(C(=O)N2CCC3(CC3)CC2C(=O)N2C[C@H]3C[C@H](F)C[C@H]3C2)n[nH]c1=S,
22530,Cc1noc(C)c1CCC(=O)N1C[C@H]2[C@H](NC(=O)c3cc(C(C)(C)C)on3)[C@H]2C1,"5-(tert-butyl)-N-((1R,5S,6S)-3-(3-(3,5-dimethylisoxazol-4-yl)-propionyl)-3-azabicyclo[3.1.0]hexan-6-yl)isoxazole-3-carboxamide",,Cc1noc(C)c1CCC(=O)N1C[C@@H]2[C@H](C1)[C@H]2NC(=O)c1cc(C(C)(C)C)on1,
22564,CC1(OCC(=O)N[C@]2(C)C[C@@H](NC(=O)[C@H](O)c3ccsc3)C2)CCC1,"N-((1S,3s)-3-((2R)-2-hydroxy-2-(thiophen-3-yl)acetamido)-1-methylcyclobutyl)-2-((1-methylcyclobutyl)oxy)acetamide",,CC1(OCC(=O)N[C@]2(C)C[C@@H](NC(=O)C(O)c3ccsc3)C2)CCC1,
22650,Cc1c(C(=O)N(C)[C@H]2CCN(C(=O)[C@@H]3[C@@H](C)[C@H]3C)C2)nn(C)c1N,"5-amino-N-((3S)-1-(((1R,2R,3S)-2,3-dimethylcyclopropyl)carbonyl)pyrrolidin-3-yl)-1,4,N-trimethyl-1H-pyrazole-3-carboxamide",,Cc1c(C(=O)N(C)[C@H]2CCN(C(=O)C3[C@@H](C)[C@H]3C)C2)nn(C)c1N,
22838,N#C[C@@]1(C(=O)NC[C@H]2CCN2C(=O)c2cnsn2)C[C@@H]2C[C@@H]2C1,"(1R,3R,5S)-3-cyano-N-(((2R)-1-((1-thia-2,5-diazacyclopenta-2,4-dien-3-yl)carbonyl)-azetidin-2-yl)methyl)bicyclo[3.1.0]hexane-3-carboxamide",,N#C[C@]1(C(=O)NC[C@H]2CCN2C(=O)c2cnsn2)C[C@H]2C[C@H]2C1,
22878,CC(C)(C#N)CCC(=O)NC[C@@]1(C)CCCN1C(=O)[C@@H]1[C@H]2CCCCC[C@H]21,"N-(((2R)-1-(((1R,7S,8R)-bicyclo[5.1.0]octan-8-yl)carbonyl)-2-methylpyrrolidin-2-yl)methyl)-4-cyano-4-methylpentanamide",,CC(C)(C#N)CCC(=O)NC[C@@]1(C)CCCN1C(=O)C1[C@H]2CCCCC[C@@H]12,
22886,Cc1nc(O)ccc1C(=O)N[C@]1(C)C[C@@H](NC(=O)[C@H]2CCC(=O)N2C)C1,"6-hydroxy-2-methyl-N-((1R,3r)-1-methyl-3-((2R)-1-methyl-5-oxopyrrolidine-2-carboxamido)cyclobutyl)pyridine-3-carboxamide",,Cc1[nH]c(=O)ccc1C(=O)N[C@]1(C)C[C@@H](NC(=O)C2CCC(=O)N2C)C1,
22906,CO[C@@H](C)CCC(=O)NCCN1CCN(C(=O)[C@H]2C[C@](C)(F)C2)CC1,"(4S)-N-(2-(4-(((1S,3s)-3-fluoro-3-methylcyclobutyl)carbonyl)piperazin-1-yl)ethyl)-4-methoxypentanamide",,CO[C@@H](C)CCC(=O)NCCN1CCN(C(=O)C2CC(C)(F)C2)CC1,
22932,Cc1ncsc1CC(=O)N(C)[C@H]1[C@@H]2CN(C(=O)CS(=O)(=O)C(C)C)C[C@@H]21,"N-methyl-2-(4-methylthiazol-5-yl)-N-((1R,5S,6S)-3-(1-oxo-2-(propan-2-ylsulfonyl)ethyl)-3-azabicyclo[3.1.0]hexan-6-yl)acetamide",,Cc1ncsc1CC(=O)N(C)[C@H]1[C@@H]2CN(C(=O)CS(=O)(=O)C(C)C)C[C@@H]21,
23035,CN(C(=O)C1=Cc2ccc(Cl)cc2OC1)[C@@H]1CCCN(C(=O)[C@H]2C[C@@](C)(O)C2)C1,"9-chloro-N-((3R)-1-(((1S,3r)-3-hydroxy-3-methylcyclobutyl)carbonyl)piperidin-3-yl)-N-methyl-2-oxabicyclo[4.4.0]deca-1(6),4,7,9-tetraene-4-carboxamide",,CN(C(=O)C1=Cc2ccc(Cl)cc2OC1)[C@@H]1CCCN(C(=O)C2CC(C)(O)C2)C1,
23036,Cc1nc(O)nc(C)c1C(=O)N[C@H]1[C@@H]2CN(C(=O)C=C[C@@H]3[C@@H](C)C3(Cl)Cl)C[C@@H]21,"N-((1R,5S,6S)-3-(3-((1R,3R)-2,2-dichloro-3-methylcyclopropyl)-1-oxoprop-2-en-1-yl)-3-azabicyclo[3.1.0]hexan-6-yl)-2-hydroxy-4,6-dimethylpyrimidine-5-carboxamide",,Cc1nc(=O)[nH]c(C)c1C(=O)N[C@H]1[C@@H]2CN(C(=O)C=C[C@@H]3[C@@H](C)C3(Cl)Cl)C[C@@H]21,
23062,C=CCCCC(=O)N1CC[C@@H](NC(=O)[C@@H]2[C@H]3CC(F)(F)C[C@H]32)[C@H](O)C1,"(1R,5S,6R)-3,3-difluoro-N-((3R,4R)-3-hydroxy-1-(1-oxohex-5-en-1-yl)piperidin-4-yl)bicyclo[3.1.0]hexane-6-carboxamide",,C=CCCCC(=O)N1CC[C@@H](NC(=O)C2[C@H]3CC(F)(F)C[C@@H]23)[C@H](O)C1,
23107,COC1(C(=O)N[C@H]2C[C@@](C)(NC(=O)C[C@@H](O)CC(C)(C)C)C2)CCC1,"N-((1S,3r)-3-((3S)-3-hydroxy-5,5-dimethylhexanamido)-3-methylcyclobutyl)-1-methoxycyclobutanecarboxamide",,COC1(C(=O)N[C@H]2C[C@@](C)(NC(=O)C[C@@H](O)CC(C)(C)C)C2)CCC1,
23151,C=CCn1ccnc1C(=O)N1CCC[C@H](NC(=O)[C@H]2[C@@H](C)[C@H]2C)CC1,"(1S,2R,3S)-2,3-dimethyl-N-((4S)-1-((1-(prop-2-en-1-yl)-1H-imidazol-2-yl)carbonyl)-1-azacycloheptan-4-yl)cyclopropanecarboxamide",,C=CCn1ccnc1C(=O)N1CCC[C@H](NC(=O)C2[C@@H](C)[C@H]2C)CC1,
23164,C[C@@H](Cn1cnc([N+](=O)[O-])n1)N1C[C@H]2[C@@H](C1)[C@@H]2C(=O)NC[C@@H]1CCCN(C)C1,"(1R,5S,6R)-N-(((3S)-1-methylpiperidin-3-yl)methyl)-3-((2S)-1-(3-nitro-1H-1,2,4-triazol-1-yl)propan-2-yl)-3-azabicyclo[3.1.0]hexane-6-carboxamide",,C[C@@H](Cn1cnc([N+](=O)[O-])n1)N1C[C@@H]2C(C(=O)NC[C@@H]3CCCN(C)C3)[C@@H]2C1,
23321,O=C(N[C@H]1C[C@@H](O)[C@H](NC(=O)[C@@H]2[C@H]3[C@@H]4CC[C@@H](C4)[C@H]32)C1)c1cc(Cl)c(O)c(Cl)c1,"(1R,2S,3R,4R,5S)-N-((1R,2R,4R)-4-(3,5-dichloro-4-hydroxybenzene-1-carboxamido)-2-hydroxycyclopentyl)tricyclo[3.2.1.0^{2,4}]octane-3-carboxamide",,O=C(N[C@H]1C[C@@H](O)[C@H](NC(=O)C2[C@@H]3[C@H]4CC[C@H](C4)[C@H]23)C1)c1cc(Cl)c(O)c(Cl)c1,
23464,C[C@H]1CN(C(=O)c2cnccn2)[C@H]1C(=O)N[C@H]1C[C@H]2COC[C@H](C2)C1,"(2R,3S)-3-methyl-N-((1R,5S,7S)-3-oxabicyclo[3.3.1]nonan-7-yl)-1-((pyrazin-2-yl)carbonyl)azetidine-2-carboxamide",,C[C@H]1CN(C(=O)c2cnccn2)C1C(=O)N[C@@H]1C[C@@H]2COC[C@@H](C2)C1,
23497,CCCC[C@H](C)CCC(=O)N[C@]1(C)C[C@H](NC(=O)c2ncn3c2COCC3)C1,"(4S)-4-methyl-N-((1S,3r)-1-methyl-3-(3-oxa-6,8-diazabicyclo[4.3.0]nona-1(9),7-diene-9-carboxamido)cyclobutyl)octanamide",,CCCC[C@H](C)CCC(=O)N[C@]1(C)C[C@H](NC(=O)c2ncn3c2COCC3)C1,
23499,Cc1occc1CC(=O)N1C[C@H]2C[C@@H](C(=O)N[C@@](C)(C(N)=O)C(C)C)C[C@H]2C1,"(1R,5S,7R)-N-((2R)-2-carbamoyl-3-methylbutan-2-yl)-3-(2-(2-methylfuran-3-yl)-acetyl)-3-azabicyclo[3.3.0]octane-7-carboxamide",,Cc1occc1CC(=O)N1C[C@H]2CC(C(=O)N[C@@](C)(C(N)=O)C(C)C)C[C@H]2C1,
23541,C#CCN(C(=O)[C@@H]1COCC[C@@H]1C)C1CCN(C(=O)[C@@H]2[C@H]3CC(=O)C[C@H]32)CC1,"(3S,4S)-4-methyl-N-(1-(((1R,5S,6R)-3-oxobicyclo[3.1.0]hexan-6-yl)carbonyl)piperidin-4-yl)-N-(prop-2-yn-1-yl)oxane-3-carboxamide",,C#CCN(C(=O)C1COCC[C@@H]1C)C1CCN(C(=O)C2[C@H]3CC(=O)C[C@@H]23)CC1,
23561,COCC(F)(F)C(=O)N[C@H]1C[C@](F)(CNC(=O)[C@H]2CN(C(C)=O)CCO2)C1,"N-((1S,3r)-3-(((2R)-4-(acetyl)morpholine-2-carboxamido)methyl)-3-fluorocyclobutyl)-2,2-difluoro-3-methoxypropanamide",,COCC(F)(F)C(=O)N[C@H]1C[C@](F)(CNC(=O)C2CN(C(C)=O)CCO2)C1,
23569,OCC[C@H](N[C@@H]1C[C@@H]2CSC[C@@H]2C1)c1ccncc1,"(3S)-3-(pyridin-4-yl)-3-(((1R,5S,7R)-3-thiabicyclo[3.3.0]octan-7-yl)amino)propan-1-ol",,OCC[C@H](N[C@H]1C[C@H]2CSC[C@H]2C1)c1ccncc1,
23574,CSCCCCCOC(=O)[C@H]1CN(C(=O)OC(C)(C)C)C(C)(C)C1,"3-5-(methylsulfanyl)pentyl 1-tert-butyl (3R)-5,5-dimethylpyrrolidine-1,3-dicarboxylate",,CSCCCCCOC(=O)C1CN(C(=O)OC(C)(C)C)C(C)(C)C1,
23581,CCCOC1CCN(C(=O)C[C@H]2[C@@H]3CN(C(=O)CC[C@@H]4C[C@H]4C)C[C@H]23)CC1,"3-((1R,2R)-2-methylcyclopropyl)-1-((1R,5S,6S)-6-(2-oxo-2-(4-propoxypiperidin-1-yl)ethyl)-3-azabicyclo[3.1.0]hexan-3-yl)propan-1-one",,CCCOC1CCN(C(=O)C[C@@H]2[C@H]3CN(C(=O)CC[C@@H]4C[C@H]4C)C[C@@H]23)CC1,
23612,CC(=O)OCCn1cc([C@@H]2[C@H]3CN(C(=O)Cc4ccc(Cl)nc4)C[C@H]32)nn1,"2-(4-((1R,5S,6R)-3-(2-(6-chloropyridin-3-yl)-acetyl)-3-azabicyclo[3.1.0]hexan-6-yl)-1H-1,2,3-triazol-1-yl)ethyl acetate",,CC(=O)OCCn1cc([C@H]2[C@@H]3CN(C(=O)Cc4ccc(Cl)nc4)C[C@@H]32)nn1,
23620,O=C1[C@H]2CC3C[C@H]1CC(C(=O)NC[C@@H]1[C@H]4CCCCC[C@H]41)(C3)C2,"(3S,5S)-N-(((1R,7S,8R)-bicyclo[5.1.0]octan-8-yl)methyl)-4-oxoadamantane-1-carboxamide",,O=C1[C@H]2CC3C[C@H]1CC(C(=O)NC[C@H]1[C@@H]4CCCCC[C@@H]41)(C3)C2,
23652,O=C(N[C@@H]1C[C@@H]2CC[C@H](C1)N2C(=O)[C@@H](CC(F)F)C1CCC1)c1cccc[n+]1[O-],"N-((1R,3R,5S)-8-((2S)-2-cyclobutyl-4,4-difluoro-butyryl)-8-azabicyclo[3.2.1]octan-3-yl)-1-oxidopyridin-1-ium-2-carboxamide",,O=C(N[C@H]1C[C@H]2CC[C@@H](C1)N2C(=O)C(CC(F)F)C1CCC1)c1cccc[n+]1[O-],
23653,CN(C)c1nc2ccc(C(=O)N[C@H]3[C@@H]4CN(C(=O)Cc5ccno5)C[C@@H]43)cc2o1,"8-(dimethylamino)-N-((1R,5S,6S)-3-(2-(isoxazol-5-yl)-acetyl)-3-azabicyclo[3.1.0]hexan-6-yl)-7-oxa-9-azabicyclo[4.3.0]nona-1(6),2,4,8-tetraene-4-carboxamide",,CN(C)c1nc2ccc(C(=O)N[C@H]3[C@@H]4CN(C(=O)Cc5ccno5)C[C@@H]43)cc2o1,
23749,CN(C(=O)CSc1nncs1)C1CN(C(=O)[C@H]2C[C@](C)(F)C2)C1,"N-(1-(((1S,3s)-3-fluoro-3-methylcyclobutyl)carbonyl)-azetidin-3-yl)-N-methyl-2-((1-thia-3,4-diazacyclopenta-2,4-dien-2-yl)sulfanyl)acetamide",,CN(C(=O)CSc1nncs1)C1CN(C(=O)C2CC(C)(F)C2)C1,
23755,Cc1ncn(O)c1C(=O)N(C)C[C@H]1COCCN1C(=O)[C@H]1C[C@@H]2C[C@@H]2C1,"N-(((3S)-4-(((1R,3S,5S)-bicyclo[3.1.0]hexan-3-yl)carbonyl)morpholin-3-yl)methyl)-1-hydroxy-4,N-dimethyl-1H-imidazole-5-carboxamide",,Cc1ncn(O)c1C(=O)N(C)C[C@H]1COCCN1C(=O)C1C[C@@H]2C[C@@H]2C1,
23756,C[C@@H](C(=O)N1C[C@H]2[C@H](CNC(=O)c3ccc(C(F)(F)F)cc3)[C@H]2C1)n1ccnc1,"N-(((1R,5S,6S)-3-((2S)-2-(1H-imidazol-1-yl)-propionyl)-3-azabicyclo[3.1.0]hexan-6-yl)methyl)-4-(trifluoromethyl)benzamide",,CC(C(=O)N1C[C@@H]2[C@@H](CNC(=O)c3ccc(C(F)(F)F)cc3)[C@@H]2C1)n1ccnc1,
23773,CCc1ccc(C(=O)N2C[C@H]3C[C@H](NC(=O)[C@@H]4CCCSC4)C[C@H]3C2)s1,"(3S)-N-((1R,5S,7S)-3-((5-ethylthiophen-2-yl)carbonyl)-3-azabicyclo[3.3.0]octan-7-yl)thiane-3-carboxamide",,CCc1ccc(C(=O)N2C[C@H]3C[C@H](NC(=O)C4CCCSC4)C[C@H]3C2)s1,
23776,O=C(Nc1cn(CC2CC2)cn1)N[C@H]1C[C@@H]2COC[C@@H]2C1,"N-(1-(cyclopropylmethyl)-1H-imidazol-4-yl)-1-(((1R,5S,7S)-3-oxabicyclo[3.3.0]octan-7-yl)amino)formamide",,O=C(Nc1cn(CC2CC2)cn1)N[C@@H]1C[C@H]2COC[C@H]2C1,
23813,CC1(C(=O)N2CCC[C@@]3(CCCN3C(=O)Cc3cccc(C(F)(F)F)n3)C2)CC1,"1-((5R)-7-((1-methylcyclopropyl)carbonyl)-1,7-diazaspiro[4.5]decan-1-yl)-2-(6-(trifluoromethyl)pyridin-2-yl)ethan-1-one",CC1(CC1)C(=O)N1C[C@@]2(CCCN2C(CC2=NC(=CC=C2)C(F)(F)F)=O)CCC1,CC1(C(=O)N2CCC[C@@]3(CCCN3C(=O)Cc3cccc(C(F)(F)F)n3)C2)CC1,CC1(C(=O)N2CCC[C@]3(CCCN3C(=O)Cc3cccc(C(F)(F)F)n3)C2)CC1
23818,CC(C)(CCNC(=O)C(C)(C)N1CCCC1)NC(=O)[C@H]1[C@@H]2CS(=O)(=O)C[C@@H]21,"N-(3-((1R,5S,6S)-3,3-dioxo-3lambda^6-thiabicyclo[3.1.0]hexane-6-carboxamido)-3-methylbutyl)-2-methyl-2-(pyrrolidin-1-yl)propanamide",,CC(C)(CCNC(=O)C(C)(C)N1CCCC1)NC(=O)C1[C@H]2CS(=O)(=O)C[C@@H]12,
23943,CNC(=O)COCC(=O)NC12CC(CO)(C1)OC21CN(C(=O)[C@@H]2CC23CC3)C1,"2-(2-((1-(hydroxymethyl)spiro[2-oxabicyclo[2.1.1]hexane-3,3'-(1-(azetidin-1-yl)-1-((1R)-spiro[2.2]pentan-1-yl)methanone)]-4-yl)amino)-2-oxoethoxy)-N-methylacetamide",,CNC(=O)COCC(=O)NC12CC(CO)(C1)OC21CN(C(=O)C2CC23CC3)C1,
23947,Cc1n[nH]c(=N[C@H]2[C@@H]3CN(C(=O)c4cnn(-c5ccncc5)c4)C[C@@H]32)s1,"1-((1R,5S,6S)-6-((5-methyl-1-thia-3,4-diazacyclopent-4-en-2-ylidene)amino)-3-azabicyclo[3.1.0]hexan-3-yl)-1-(1-(pyridin-4-yl)-1H-pyrazol-4-yl)methanone",,Cc1nnc(N[C@H]2[C@@H]3CN(C(=O)c4cnn(-c5ccncc5)c4)C[C@@H]32)s1,
23955,CC1(C)NC(=O)C[C@H]1C(=O)NC[C@H]1[C@@H]2CN(C(=O)CSC(F)F)C[C@H]12,"(3R)-N-(((1R,5S,6S)-3-(2-((difluoromethyl)sulfanyl)-acetyl)-3-azabicyclo[3.1.0]hexan-6-yl)methyl)-2,2-dimethyl-5-oxopyrrolidine-3-carboxamide",,CC1(C)NC(=O)CC1C(=O)NC[C@@H]1[C@H]2CN(C(=O)CSC(F)F)C[C@@H]12,
23983,CC[C@H](CC(F)F)C(=O)N[C@H]1CCCC[C@]12CCN(C(=O)[C@H]1C[C@](F)(CO)C1)C2,"(2R)-2-(2,2-difluoroethyl)-N-((5R,6S)-2-(((1S,3r)-3-fluoro-3-(hydroxymethyl)cyclobutyl)carbonyl)-2-azaspiro[4.5]decan-6-yl)butanamide",,CCC(CC(F)F)C(=O)N[C@H]1CCCC[C@]12CCN(C(=O)C1CC(F)(CO)C1)C2,
23987,CCC[C@@H](O)C(=O)N[C@H]1C[C@@](C)(NC(=O)C=C(C)c2ccccc2F)C1,"(2R)-N-((1S,3r)-3-(3-(2-fluorophenyl)but-2-enamido)-3-methylcyclobutyl)-2-hydroxypentanamide",,CCCC(O)C(=O)N[C@H]1C[C@@](C)(NC(=O)C=C(C)c2ccccc2F)C1,
24029,Cc1[nH]c2ccc(C(=O)N3CC[C@H](N(C)C(=O)[C@@H]4C[C@@H]5CC[C@@H]5C4)C3)cc2c1C,"(1R,3R,5S)-N-((3S)-1-((8,9-dimethyl-7-azabicyclo[4.3.0]nona-1(6),2,4,8-tetraen-3-yl)carbonyl)pyrrolidin-3-yl)-N-methylbicyclo[3.2.0]heptane-3-carboxamide",,Cc1[nH]c2ccc(C(=O)N3CC[C@H](N(C)C(=O)C4C[C@H]5CC[C@H]5C4)C3)cc2c1C,
24043,CO[C@H]1C[C@H]2CC[C@H]1C[C@H]2C(=O)N[C@H]1C[C@H](CNC(=O)[C@@H]2[C@H]3COC[C@H]32)C1,"(1R,5S,6R)-N-((trans-3-((1R,2R,4S,5S)-5-methoxybicyclo[2.2.2]octane-2-carboxamido)cyclobutyl)methyl)-3-oxabicyclo[3.1.0]hexane-6-carboxamide",,CO[C@H]1C[C@H]2CC[C@H]1CC2C(=O)N[C@H]1C[C@H](CNC(=O)C2[C@H]3COC[C@@H]23)C1,
24080,O=C(NC[C@H]1C[C@@H]2CCC[C@@H]2C1)c1coc2c1CN(C(=O)c1cscn1)C2,"N-(((1R,3S,5S)-bicyclo[3.3.0]octan-3-yl)methyl)-7-((thiazol-4-yl)carbonyl)-2-oxa-7-azabicyclo[3.3.0]octa-1(5),3-diene-4-carboxamide",,O=C(NC[C@@H]1C[C@H]2CCC[C@H]2C1)c1coc2c1CN(C(=O)c1cscn1)C2,
24125,C[C@]1(NC(=O)CSC(F)(F)F)C[C@@H](NC(=O)C[C@H]2OCCc3ccsc32)C1,"N-((1R,3s)-1-methyl-3-(2-((2R)-3-oxa-9-thiabicyclo[4.3.0]nona-1(6),7-dien-2-yl)acetamido)cyclobutyl)-2-((trifluoromethyl)sulfanyl)acetamide",,C[C@]1(NC(=O)CSC(F)(F)F)C[C@@H](NC(=O)C[C@H]2OCCc3ccsc32)C1,
24129,COC[C@@H](OC)C(=O)N1CCC[C@@]2(CCCN2C(=O)c2ccc(F)cc2N)C1,"(2R)-1-((5R)-1-((2-amino-4-fluorophenyl)carbonyl)-1,7-diazaspiro[4.5]decan-7-yl)-2,3-dimethoxypropan-1-one",NC1=C(C=CC(=C1)F)C(=O)N1CCC[C@@]12CN(CCC2)C([C@@H](COC)OC)=O,COCC(OC)C(=O)N1CCC[C@@]2(CCCN2C(=O)c2ccc(F)cc2N)C1,COCC(OC)C(=O)N1CCC[C@]2(CCCN2C(=O)c2ccc(F)cc2N)C1
24156,CO[C@H]1CCC[C@H](CC(=O)NCCOCCCNC(=O)[C@@H]2[C@H]3COC[C@H]32)C1,"2-((1S,3S)-3-methoxycyclohexyl)-N-(2-((3-((1R,5S,6R)-3-oxabicyclo[3.1.0]hexane-6-carboxamido)propyl)oxy)ethyl)acetamide",,CO[C@H]1CCC[C@H](CC(=O)NCCOCCCNC(=O)C2[C@H]3COC[C@@H]23)C1,
24208,CC1(C(=O)N[C@H]2CN(C(=O)[C@@H]3[C@H]4CCCCC[C@H]43)C[C@H]2CO)CCCCC1,"N-((3R,4R)-1-(((1R,7S,8R)-bicyclo[5.1.0]octan-8-yl)carbonyl)-4-(hydroxymethyl)pyrrolidin-3-yl)-1-methylcyclohexanecarboxamide",,CC1(C(=O)N[C@H]2CN(C(=O)C3[C@H]4CCCCC[C@@H]34)C[C@H]2CO)CCCCC1,
24318,CC[C@H](C)CCCCC(=O)N1C[C@H]2[C@H](CNC(=O)c3cccc[n+]3[O-])[C@H]2C1,"N-(((1R,5S,6S)-3-((6S)-6-methyl-1-oxooctyl)-3-azabicyclo[3.1.0]hexan-6-yl)methyl)-1-oxidopyridin-1-ium-2-carboxamide",,CC[C@H](C)CCCCC(=O)N1C[C@@H]2[C@@H](CNC(=O)c3cccc[n+]3[O-])[C@@H]2C1,
24373,COC(=O)CC(=O)N[C@H]1C[C@@H]2CC[C@H](C1)N2C(=O)c1cc(O)cc(Cl)c1,"methyl 2-(((1R,3S,5S)-8-((3-chloro-5-hydroxyphenyl)carbonyl)-8-azabicyclo[3.2.1]octan-3-yl)carbamoyl)acetate",,COC(=O)CC(=O)N[C@@H]1C[C@H]2CC[C@@H](C1)N2C(=O)c1cc(O)cc(Cl)c1,
24389,COc1cc(C(=O)N[C@H]2[C@@H]3CN(C(=O)[C@]4(C)COc5ccccc54)C[C@@H]32)ncn1,"6-methoxy-N-((1R,5S,6S)-3-(((9S)-9-methyl-7-oxabicyclo[4.3.0]nona-1,3,5-trien-9-yl)carbonyl)-3-azabicyclo[3.1.0]hexan-6-yl)pyrimidine-4-carboxamide",,COc1cc(C(=O)N[C@H]2[C@@H]3CN(C(=O)[C@]4(C)COc5ccccc54)C[C@@H]32)ncn1,
24423,CC(=CC(=O)N[C@H]1C[C@@](F)(CNC(=O)[C@@H](C)Oc2cc(C)ccc2Cl)C1)C1CC1,"N-((1S,3s)-3-(((2R)-2-((2-chloro-5-methylphenyl)oxy)propanamido)methyl)-3-fluorocyclobutyl)-3-cyclopropylbut-2-enamide",,CC(=CC(=O)N[C@H]1C[C@@](F)(CNC(=O)C(C)Oc2cc(C)ccc2Cl)C1)C1CC1,
24497,COc1cc(Cl)cc(CC(=O)N2C[C@H]3[C@H](NC(=O)CCCCC[C@H](C)O)[C@H]3C2)c1,"(7S)-N-((1R,5S,6S)-3-(2-(3-chloro-5-methoxyphenyl)-acetyl)-3-azabicyclo[3.1.0]hexan-6-yl)-7-hydroxyoctanamide",,COc1cc(Cl)cc(CC(=O)N2C[C@@H]3[C@H](C2)[C@H]3NC(=O)CCCCC[C@H](C)O)c1,
24549,CC(C)(C)[C@@H](CC(=O)N[C@H]1C[C@@H]2CC[C@H](C1)N2C(=O)c1cnc(S)nc1)C(F)F,"(3R)-3-(difluoromethyl)-4,4-dimethyl-N-((1R,3S,5S)-8-((2-sulfanylpyrimidin-5-yl)carbonyl)-8-azabicyclo[3.2.1]octan-3-yl)pentanamide",,CC(C)(C)[C@@H](CC(=O)N[C@@H]1C[C@H]2CC[C@@H](C1)N2C(=O)c1cnc(=S)[nH]c1)C(F)F,
24551,C=C[C@H](NC(=O)[C@]1(NC(=O)[C@@H](C)S(N)(=O)=O)C[C@@H](O)C1)C(F)(F)F,"3-hydroxy-1-((2R)-2-(sulfamoyl)propanamido)-N-((2S)-1,1,1-trifluorobut-3-en-2-yl)cyclobutanecarboxamide",OC1CC(C1)(C(=O)N[C@H](C(F)(F)F)C=C)NC([C@@H](C)S(N)(=O)=O)=O,C=C[C@H](NC(=O)[C@]1(NC(=O)C(C)S(N)(=O)=O)C[C@@H](O)C1)C(F)(F)F,C=C[C@H](NC(=O)C1(NC(=O)C(C)S(N)(=O)=O)CC(O)C1)C(F)(F)F
24610,Cc1cc(C(=O)NC[C@@H](C)[C@@]2(O)CCN(C(=O)[C@H]3C[C@@](C)(O)C3)C2)nc(O)n1,"2-hydroxy-N-((2R)-2-((3S)-3-hydroxy-1-(((1S,3r)-3-hydroxy-3-methylcyclobutyl)carbonyl)pyrrolidin-3-yl)propyl)-6-methylpyrimidine-4-carboxamide",,Cc1cc(C(=O)NC[C@@H](C)[C@@]2(O)CCN(C(=O)C3CC(C)(O)C3)C2)[nH]c(=O)n1,
24637,COC(=O)[C@@H]1CCO[C@H]1C(=O)N[C@H]1C[C@](F)(CNC(=O)c2coc(Br)n2)C1,"methyl (2R,3R)-2-(((1S,3r)-3-((2-bromooxazole-4-carboxamido)methyl)-3-fluorocyclobutyl)carbamoyl)oxolane-3-carboxylate",,COC(=O)C1CCOC1C(=O)N[C@H]1C[C@](F)(CNC(=O)c2coc(Br)n2)C1,
24710,C[C@@H](CC(=O)N[C@H]1[C@@H]2CN(C(=O)c3ncc(Br)cc3F)C[C@@H]21)C(F)F,"(3S)-N-((1R,5S,6S)-3-((5-bromo-3-fluoropyridin-2-yl)carbonyl)-3-azabicyclo[3.1.0]hexan-6-yl)-3-(difluoromethyl)butanamide",,C[C@@H](CC(=O)N[C@H]1[C@@H]2CN(C(=O)c3ncc(Br)cc3F)C[C@@H]21)C(F)F,
24738,COC1([C@@H](NC[C@@H]2[C@H]3CCCCCC[C@H]32)c2nnnn2CCCF)CCOCC1,"(1S)-N-(((1R,8S,9R)-bicyclo[6.1.0]nonan-9-yl)methyl)-1-(1-(3-fluoropropyl)-1H-tetrazol-5-yl)-1-(4-methoxy-oxan-4-yl)methanamine",,COC1([C@@H](NC[C@H]2[C@@H]3CCCCCC[C@@H]32)c2nnnn2CCCF)CCOCC1,
24760,Cn1ncc2cccc(C(=O)N3C[C@H]4CCN(C(=O)C[C@@H]5C[C@H]6C[C@H]6C5)[C@H]4C3)c21,"2-((1R,3R,5S)-bicyclo[3.1.0]hexan-3-yl)-1-((1R,5R)-7-((1-methyl-1H-indazol-7-yl)carbonyl)-2,7-diazabicyclo[3.3.0]octan-2-yl)ethan-1-one",,Cn1ncc2cccc(C(=O)N3C[C@H]4CCN(C(=O)C[C@H]5C[C@@H]6C[C@@H]6C5)[C@H]4C3)c21,
24806,CC[C@@H](CC(=O)N[C@]1(C)C[C@@H](NC(=O)C2=CCCC2)C1)NC(=O)OC(C)(C)C,"tert-butyl (((3S)-1-(((1S,3s)-3-(cyclopent-1-ene-1-carboxamido)-1-methylcyclobutyl)amino)-1-oxopentan-3-yl)amino)formate",,CC[C@@H](CC(=O)N[C@]1(C)C[C@@H](NC(=O)C2=CCCC2)C1)NC(=O)OC(C)(C)C,
24900,Cc1c(C(=O)N(C)CCNC(=O)CC[C@H]2CCC(=O)N2)cnn1CC(C)C,"5,N-dimethyl-1-(2-methylpropyl)-N-(2-(3-((2S)-5-oxopyrrolidin-2-yl)propanamido)ethyl)-1H-pyrazole-4-carboxamide",CC1=C(C=NN1CC(C)C)C(=O)N(CCNC(CC[C@H]1NC(CC1)=O)=O)C,Cc1c(C(=O)N(C)CCNC(=O)CC[C@H]2CCC(=O)N2)cnn1CC(C)C,Cc1c(C(=O)N(C)CCNC(=O)CC[C@@H]2CCC(=O)N2)cnn1CC(C)C
24954,C[C@@H](CC(=O)N[C@@H]1[C@H]2C[C@H](NC(=O)c3cn(C)nc3O)C[C@H]21)n1cccn1,"(3S)-N-((1R,3S,5S,6R)-3-(3-hydroxy-1-methyl-1H-pyrazole-4-carboxamido)bicyclo[3.1.0]hexan-6-yl)-3-(1H-pyrazol-1-yl)butanamide",,C[C@@H](CC(=O)N[C@H]1[C@@H]2C[C@@H](NC(=O)c3cn(C)[nH]c3=O)C[C@@H]21)n1cccn1,
25010,COC(=O)c1c(C)ccnc1N1CCN(C)[C@@H](CNC(=O)C[C@@H]2C[C@H]3C[C@H]3C2)C1,"methyl 2-((3S)-3-((2-((1R,3R,5S)-bicyclo[3.1.0]hexan-3-yl)acetamido)methyl)-4-methylpiperazin-1-yl)-4-methylpyridine-3-carboxylate",,COC(=O)c1c(C)ccnc1N1CCN(C)[C@@H](CNC(=O)C[C@H]2C[C@@H]3C[C@@H]3C2)C1,
25070,CC#CCCCC(=O)NC[C@H]1[C@@H]2CN(C(=O)C(=C(C)C)c3ccccc3)C[C@H]12,"N-(((1R,5S,6S)-3-(3-methyl-1-oxo-2-phenylbut-2-en-1-yl)-3-azabicyclo[3.1.0]hexan-6-yl)methyl)hept-5-ynamide",,CC#CCCCC(=O)NC[C@@H]1[C@H]2CN(C(=O)C(=C(C)C)c3ccccc3)C[C@@H]12,
25094,COc1cccc(C(=O)N[C@H]2C[C@@](C)(NC(=O)C=CCO)C2)c1OC(C)C,"N-((1S,3r)-3-(4-hydroxybut-2-enamido)-3-methylcyclobutyl)-2-isopropoxy-3-methoxybenzene-1-carboxamide",,COc1cccc(C(=O)N[C@H]2C[C@@](C)(NC(=O)C=CCO)C2)c1OC(C)C,
25098,CCOCC(=O)NC[C@H]1[C@@H]2CN(C(=O)c3cnnn3-c3cccc(Cl)c3Cl)C[C@H]12,"N-(((1R,5S,6S)-3-((1-(2,3-dichlorophenyl)-1H-1,2,3-triazol-5-yl)carbonyl)-3-azabicyclo[3.1.0]hexan-6-yl)methyl)-2-ethoxyacetamide",,CCOCC(=O)NC[C@@H]1[C@H]2CN(C(=O)c3cnnn3-c3cccc(Cl)c3Cl)C[C@@H]12,
25144,C[C@]1(C(=O)N[C@H]2[C@@H]3CN(C(=O)C45CC(CN4C4CC4)C5)C[C@@H]32)CCCOC1,"(3S)-N-((1R,5S,6S)-3-((2-cyclopropyl-2-azabicyclo[2.1.1]hexan-1-yl)carbonyl)-3-azabicyclo[3.1.0]hexan-6-yl)-3-methyloxane-3-carboxamide",,C[C@]1(C(=O)N[C@H]2[C@@H]3CN(C(=O)C45CC(CN4C4CC4)C5)C[C@@H]32)CCCOC1,
25152,CC(C)c1ocnc1C(=O)N(C)CC1CCN(C(=O)[C@H]2C[C@@H]3CC[C@@H]3C2)CC1,"N-((1-(((1R,3S,5S)-bicyclo[3.2.0]heptan-3-yl)carbonyl)piperidin-4-yl)methyl)-N-methyl-5-(propan-2-yl)oxazole-4-carboxamide",,CC(C)c1ocnc1C(=O)N(C)CC1CCN(C(=O)C2C[C@H]3CC[C@H]3C2)CC1,
25156,CN(C[C@H]1[C@@H]2CN(C(=O)[C@]3(C)CC=CCC3)C[C@H]12)C(=O)CN=S(C)(C)=O,"2-((dimethyl(oxo)-lambda^6-sulfanylidene)amino)-N-methyl-N-(((1R,5S,6S)-3-(((1S)-1-methylcyclohex-3-en-1-yl)carbonyl)-3-azabicyclo[3.1.0]hexan-6-yl)methyl)acetamide",,CN(C[C@@H]1[C@H]2CN(C(=O)[C@]3(C)CC=CCC3)C[C@@H]12)C(=O)C=N[SH](C)(C)=O,
25165,CC(C)c1occc1C(=O)NC[C@H]1C[C@H](C)N(C(=O)[C@@H]2[C@H]3[C@@H]4CC[C@@H](C4)[C@H]32)C1,"N-(((3R,5S)-5-methyl-1-(((1R,2S,3R,4R,5S)-tricyclo[3.2.1.0^{2,4}]octan-3-yl)carbonyl)pyrrolidin-3-yl)methyl)-2-(propan-2-yl)furan-3-carboxamide",,CC(C)c1occc1C(=O)NC[C@H]1C[C@H](C)N(C(=O)C2[C@@H]3[C@H]4CC[C@H](C4)[C@H]23)C1,
25182,NC(=O)[C@@H]1CC[C@H](C(=O)N[C@H]2C[C@@H]3CC[C@H](C2)N3C(=O)CSCc2ncc[nH]2)C1,"(1R,3S)-N'-((1R,3S,5S)-8-(2-(((1H-imidazol-2-yl)methyl)sulfanyl)-acetyl)-8-azabicyclo[3.2.1]octan-3-yl)cyclopentane-1,3-dicarboxamide",,NC(=O)C1CCC(C(=O)N[C@@H]2C[C@H]3CC[C@@H](C2)N3C(=O)CSCc2ncc[nH]2)C1,
25187,CCc1ocnc1C(=O)N1C[C@H]2[C@H](NC(=O)CCc3cc(C)cc(C)c3)[C@H]2C1,"3-(3,5-dimethylphenyl)-N-((1R,5S,6S)-3-((5-ethyloxazol-4-yl)carbonyl)-3-azabicyclo[3.1.0]hexan-6-yl)propanamide",,CCc1ocnc1C(=O)N1C[C@@H]2[C@H](C1)[C@H]2NC(=O)CCc1cc(C)cc(C)c1,
25226,COCCCCC(=O)NC[C@@H]1C[C@@H]2CC[C@H](C1)N2C(=O)c1cc(C)c(F)cn1,"N-(((1R,3R,5S)-8-((5-fluoro-4-methylpyridin-2-yl)carbonyl)-8-azabicyclo[3.2.1]octan-3-yl)methyl)-5-methoxypentanamide",,COCCCCC(=O)NC[C@H]1C[C@H]2CC[C@@H](C1)N2C(=O)c1cc(C)c(F)cn1,
25282,Cc1nc(N2C[C@H]3C[C@H](NC(=O)c4cc(F)cc(I)c4)C[C@H]3C2)ncc1Br,"N-((1R,5S,7S)-3-(5-bromo-4-methylpyrimidin-2-yl)-3-azabicyclo[3.3.0]octan-7-yl)-3-fluoro-5-iodobenzene-1-carboxamide",,Cc1nc(N2C[C@H]3C[C@H](NC(=O)c4cc(F)cc(I)c4)C[C@H]3C2)ncc1Br,
25367,C[C@@H]1C[C@@]2(C(=O)N3C[C@@H](CO)C4(CN(C(=O)C=C5SCC(=O)N5C)C4)C3)C[C@@H]12,"2-(2-((8S)-8-(hydroxymethyl)-6-(((1R,3R,4S)-3-methylbicyclo[2.1.0]pentan-1-yl)carbonyl)-2,6-diazaspiro[3.4]octan-2-yl)-2-oxoethylidene)-3-methyl-1,3-thiazolidin-4-one",OC[C@@H]1CN(CC12CN(C2)C(C=C2SCC(N2C)=O)=O)C(=O)[C@@]21C[C@H]([C@@H]1C2)C,C[C@@H]1C[C@@]2(C(=O)N3C[C@@H](CO)C4(CN(C(=O)C=C5SCC(=O)N5C)C4)C3)C[C@@H]12,C[C@@H]1C[C@]2(C(=O)N3C[C@@H](CO)C4(CN(C(=O)C=C5SCC(=O)N5C)C4)C3)C[C@@H]12
25425,Cc1cn(C)cc1C(=O)N1C[C@H]2[C@H](CC(=O)N3CC[C@@H](N4CC=CC4)C3)[C@H]2C1,"1-((3R)-3-(2,5-dihydro-1H-pyrrol-1-yl)pyrrolidin-1-yl)-2-((1R,5S,6S)-3-((1,4-dimethyl-1H-pyrrol-3-yl)carbonyl)-3-azabicyclo[3.1.0]hexan-6-yl)ethan-1-one",,Cc1cn(C)cc1C(=O)N1C[C@@H]2[C@@H](CC(=O)N3CC[C@@H](N4CC=CC4)C3)[C@@H]2C1,
25437,Cc1ccc(C(=O)NC(C)(C)CCNC(=O)[C@]23C[C@@H](C)[C@H]2C3)cc1Br,"(1S,3R,4R)-N-(3-(3-bromo-4-methylbenzene-1-carboxamido)-3-methylbutyl)-3-methylbicyclo[2.1.0]pentane-1-carboxamide",BrC=1C=C(C=CC1C)C(=O)NC(CCNC(=O)[C@]12C[C@H]([C@H]2C1)C)(C)C,Cc1ccc(C(=O)NC(C)(C)CCNC(=O)[C@]23C[C@@H](C)[C@H]2C3)cc1Br,Cc1ccc(C(=O)NC(C)(C)CCNC(=O)[C@@]23C[C@@H](C)[C@H]2C3)cc1Br
25448,CC(C)CCCCCC(=O)N[C@@H]1CC[C@@H](C)N(C(=O)[C@H]2C[C@H]3C=CC[C@@H](C3)C2)C1,"N-((3R,6R)-1-(((1R,3R,5S)-bicyclo[3.3.1]non-6-en-3-yl)carbonyl)-6-methylpiperidin-3-yl)-7-methyloctanamide",[C@@H]12C[C@H](C[C@@H](C=CC1)C2)C(=O)N2C[C@@H](CC[C@H]2C)NC(CCCCCC(C)C)=O,CC(C)CCCCCC(=O)N[C@@H]1CC[C@@H](C)N(C(=O)C2C[C@H]3C=CC[C@H](C2)C3)C1,CC(C)CCCCCC(=O)N[C@@H]1CC[C@@H](C)N(C(=O)C2C[C@H]3C=CC[C@@H](C2)C3)C1
25491,CCOc1ccc([C@@H](C(=O)NCCOC)N2C[C@H]3[C@@H](C2)[C@@H]3C(=O)NC)nc1,"(2S)-2-(5-ethoxypyridin-2-yl)-N-(2-methoxyethyl)-2-((1R,5S,6R)-6-(methylcarbamoyl)-3-azabicyclo[3.1.0]hexan-3-yl)acetamide",,CCOc1ccc(C(C(=O)NCCOC)N2C[C@@H]3C(C(=O)NC)[C@@H]3C2)nc1,
25510,CC[C@@H](CNC(=O)c1cc(OC)cc(Br)c1C)NC(=O)[C@]12C[C@@H](C)[C@H]1C2,"(1S,3R,4R)-N-((2S)-1-(3-bromo-5-methoxy-2-methylbenzene-1-carboxamido)butan-2-yl)-3-methylbicyclo[2.1.0]pentane-1-carboxamide",BrC=1C(=C(C=C(C1)OC)C(=O)NC[C@H](CC)NC(=O)[C@]12C[C@H]([C@H]2C1)C)C,CC[C@@H](CNC(=O)c1cc(OC)cc(Br)c1C)NC(=O)[C@]12C[C@@H](C)[C@H]1C2,CC[C@@H](CNC(=O)c1cc(OC)cc(Br)c1C)NC(=O)[C@@]12C[C@@H](C)[C@H]1C2
25522,CCn1cnc(C(=O)N2CC3(C2)OC2(CO)CC3(NC(=O)C[C@H](C)F)C2)c1,"(3S)-3-fluoro-N-(1-(hydroxymethyl)spiro[2-oxabicyclo[2.1.1]hexane-3,3'-(1-(azetidin-1-yl)-1-(1-ethyl-1H-imidazol-4-yl)methanone)]-4-yl)butanamide",,CCn1cnc(C(=O)N2CC3(C2)OC2(CO)CC3(NC(=O)C[C@H](C)F)C2)c1,
25536,CCOC(=O)CCCC(=O)N1C[C@H]2C[C@H](NC(=O)[C@@H]3CC34CCC4)C[C@H]2C1,"ethyl 5-oxo-5-((1R,5S,7S)-7-((1R)-spiro[2.3]hexane-1-carboxamido)-3-azabicyclo[3.3.0]octan-3-yl)pentanoate",,CCOC(=O)CCCC(=O)N1C[C@H]2C[C@H](NC(=O)C3CC34CCC4)C[C@H]2C1,
25581,C[C@@H]1CC[C@H](NC(=O)C=Cc2cccnc2)CN1C(=O)[C@@H]1C[C@@H]2C[C@@H]2C1,"N-((3S,6R)-1-(((1R,3R,5S)-bicyclo[3.1.0]hexan-3-yl)carbonyl)-6-methylpiperidin-3-yl)-3-(pyridin-3-yl)prop-2-enamide",,C[C@@H]1CC[C@H](NC(=O)C=Cc2cccnc2)CN1C(=O)C1C[C@@H]2C[C@@H]2C1,
25597,COC[C@H](C)CC(=O)NC[C@H]1[C@@H]2CN(C(=O)c3cnc(O)c4ccsc34)C[C@H]12,"(3R)-N-(((1R,5S,6S)-3-((2-hydroxy-7-thia-3-azabicyclo[4.3.0]nona-1,3,5,8-tetraen-5-yl)carbonyl)-3-azabicyclo[3.1.0]hexan-6-yl)methyl)-4-methoxy-3-methylbutanamide",,COC[C@H](C)CC(=O)NC[C@@H]1[C@H]2CN(C(=O)c3c[nH]c(=O)c4ccsc34)C[C@@H]12,
25605,Cn1ncc(C(=O)N[C@H]2C[C@@](C)(NC(=O)c3ccc4ccncc4c3)C2)c1N,"N-((1S,3r)-3-(5-amino-1-methyl-1H-pyrazole-4-carboxamido)-1-methylcyclobutyl)isoquinoline-7-carboxamide",,Cn1ncc(C(=O)N[C@H]2C[C@@](C)(NC(=O)c3ccc4ccncc4c3)C2)c1N,
25658,C=CCOCCN=C(NC(C)C)N[C@@H]1C[C@@H](C(F)(F)F)C[C@@H](C(F)(F)F)C1,"N'-((1R,3R,5S)-3,5-bis(trifluoromethyl)cyclohexyl)-1-((2-((prop-2-en-1-yl)oxy)ethyl)imino)-N-(propan-2-yl)methanediamine",,C=CCOCCN=C(NC(C)C)N[C@@H]1C[C@@H](C(F)(F)F)C[C@@H](C(F)(F)F)C1,
25692,CCCCC[C@H](CC)C(=O)N1CCC[C@]12CCCN(C(=O)CN(C)CC)C2,"(2S)-2-ethyl-1-((5S)-7-(2-((ethyl)(methyl)amino)-acetyl)-1,7-diazaspiro[4.5]decan-1-yl)heptan-1-one",C(C)[C@H](C(=O)N1CCC[C@]12CN(CCC2)C(CN(C)CC)=O)CCCCC,CCCCCC(CC)C(=O)N1CCC[C@]12CCCN(C(=O)CN(C)CC)C2,CCCCCC(CC)C(=O)N1CCC[C@@]12CCCN(C(=O)CN(C)CC)C2
25713,Cc1cn(-c2ccc(CN[C@H]3[C@@H]4CN(C(=O)[C@@H]5C[C@H]5C5CC5)C[C@@H]43)cc2F)cn1,"1-((1R,2S)-2-cyclopropylcyclopropyl)-1-((1R,5S,6S)-6-(((3-fluoro-4-(4-methyl-1H-imidazol-1-yl)phenyl)methyl)amino)-3-azabicyclo[3.1.0]hexan-3-yl)methanone",,Cc1cn(-c2ccc(CN[C@H]3[C@@H]4CN(C(=O)C5C[C@H]5C5CC5)C[C@@H]43)cc2F)cn1,
25717,CCO[C@@H]1C[C@H](C)N(C(=O)CC=Cc2ccc(Br)cc2)[C@H](C)C1,"4-(4-bromophenyl)-1-((2R,4R,6S)-4-ethoxy-2,6-dimethylpiperidin-1-yl)but-3-en-1-one",,CCO[C@H]1C[C@@H](C)N(C(=O)CC=Cc2ccc(Br)cc2)[C@@H](C)C1,
25753,Cc1cc[nH]c1C(=O)N[C@@H]1[C@@H](C)CN(C(=O)C2=C(Cl)CCCC2)C[C@H]1C,"N-((3R,4R,5S)-1-((2-chlorocyclohex-1-en-1-yl)carbonyl)-3,5-dimethylpiperidin-4-yl)-3-methyl-1H-pyrrole-2-carboxamide",,Cc1cc[nH]c1C(=O)N[C@H]1[C@H](C)CN(C(=O)C2=C(Cl)CCCC2)C[C@@H]1C,
25794,CC[C@H](C)[C@@H](O)C(=O)N1[C@H]2CC[C@@H]1C[C@H](NC(=O)c1c(Cl)c([N+](=O)[O-])nn1C)C2,"4-chloro-N-((1R,3R,5S)-8-((2R,3S)-2-hydroxy-3-methyl-pentanoyl)-8-azabicyclo[3.2.1]octan-3-yl)-1-methyl-3-nitro-1H-pyrazole-5-carboxamide",,CCC(C)C(O)C(=O)N1[C@@H]2CC[C@H]1C[C@@H](NC(=O)c1c(Cl)c([N+](=O)[O-])nn1C)C2,
25802,COC[C@]1(C)CCN1C(=O)[C@]1(OC)CCN(C(=O)[C@@H]2C[C@@H]3CC[C@@H]3C2)C1,"1-((3S)-1-(((1R,3R,5S)-bicyclo[3.2.0]heptan-3-yl)carbonyl)-3-methoxypyrrolidin-3-yl)-1-((2S)-2-(methoxymethyl)-2-methyl-azetidin-1-yl)methanone",,COC[C@]1(C)CCN1C(=O)[C@]1(OC)CCN(C(=O)C2C[C@H]3CC[C@H]3C2)C1,
25811,Cc1cnc(C(=O)NC[C@H]2C[C@@](F)(CNC(=O)[C@H]3COC[C@@H](C)O3)C2)c(C)c1,"N-(((1S,3s)-3-fluoro-3-(((2R,6R)-6-methyl-1,4-dioxane-2-carboxamido)methyl)cyclobutyl)methyl)-3,5-dimethylpyridine-2-carboxamide",,Cc1cnc(C(=O)NC[C@H]2C[C@@](F)(CNC(=O)C3COC[C@@H](C)O3)C2)c(C)c1,
25899,O=C(CSc1nncs1)N[C@@H]1C=CCN(C(=O)[C@H]2C[C@H]3C=CC[C@@H](C3)C2)C1,"N-((3R)-1-(((1R,3R,5S)-bicyclo[3.3.1]non-6-en-3-yl)carbonyl)-1-azacyclohex-4-en-3-yl)-2-((1-thia-3,4-diazacyclopenta-2,4-dien-2-yl)sulfanyl)acetamide",[C@@H]12C[C@H](C[C@@H](C=CC1)C2)C(=O)N2C[C@@H](C=CC2)NC(CSC=2SC=NN2)=O,O=C(CSc1nncs1)N[C@@H]1C=CCN(C(=O)C2C[C@H]3C=CC[C@H](C2)C3)C1,O=C(CSc1nncs1)N[C@@H]1C=CCN(C(=O)C2C[C@H]3C=CC[C@@H](C2)C3)C1
25946,CC[C@@]1(C)CCCN(C(=O)[C@H]2CN(C(=O)[C@@H]3[C@H]4CCC[C@H]43)CC2(C)C)C1,"1-((3R)-1-(((1R,5S,6R)-bicyclo[3.1.0]hexan-6-yl)carbonyl)-4,4-dimethylpyrrolidin-3-yl)-1-((3S)-3-ethyl-3-methylpiperidin-1-yl)methanone",,CC[C@@]1(C)CCCN(C(=O)C2CN(C(=O)C3[C@H]4CCC[C@@H]34)CC2(C)C)C1,
25962,CC1(C)C(CC(=O)N2CC(F)(CNC(=O)[C@H]3C[C@@H]4C[C@@H]4C3)C2)C1(C)C,"(1R,3S,5S)-N-((3-fluoro-1-(1-oxo-2-(2,2,3,3-tetramethylcyclopropyl)ethyl)-azetidin-3-yl)methyl)bicyclo[3.1.0]hexane-3-carboxamide",,CC1(C)C(CC(=O)N2CC(F)(CNC(=O)C3C[C@@H]4C[C@@H]4C3)C2)C1(C)C,
25972,C=CCC[C@@H](C)Nc1nccc(N2[C@H]3CC[C@@H]2C[C@H](CO)C3)n1,"1-((1R,3R,5S)-8-(2-(((2R)-hex-5-en-2-yl)amino)pyrimidin-4-yl)-8-azabicyclo[3.2.1]octan-3-yl)methanol",,C=CCC[C@@H](C)Nc1nccc(N2[C@@H]3CC[C@H]2C[C@@H](CO)C3)n1,
25981,CN1C[C@H]2[C@@H](C1)[C@@H]2C(=O)N1CCOCC[C@H]1C(=O)NC[C@]12CC[C@H](C[C@H]1O)C2,"(5S)-N-(((1R,2R,4S)-2-hydroxybicyclo[2.2.1]heptan-1-yl)methyl)-4-(((1R,5S,6R)-3-methyl-3-azabicyclo[3.1.0]hexan-6-yl)carbonyl)-1-oxa-4-azacycloheptane-5-carboxamide",,CN1C[C@@H]2C(C(=O)N3CCOCCC3C(=O)NC[C@]34CC[C@H](C[C@H]3O)C4)[C@@H]2C1,
26037,C[C@]1(NC(=O)C[C@H]2CCCC(=O)N2)C[C@H](NC(=O)C2CN(CC(F)(F)F)C2)C1,"N-((1R,3r)-1-methyl-3-(1-(2,2,2-trifluoroethyl)azetidine-3-carboxamido)cyclobutyl)-2-((2R)-6-oxopiperidin-2-yl)acetamide",,C[C@]1(NC(=O)C[C@H]2CCCC(=O)N2)C[C@H](NC(=O)C2CN(CC(F)(F)F)C2)C1,
26129,CC(C)C[C@H]1C[C@@H]1C(=O)N[C@H]1C[C@@H]2CC[C@H](C1)N2C(=O)C1(C)COC1,"(1S,2S)-N-((1R,3S,5S)-8-((3-methyl-1-oxacyclobutan-3-yl)carbonyl)-8-azabicyclo[3.2.1]octan-3-yl)-2-(2-methylpropyl)cyclopropanecarboxamide",,CC(C)C[C@H]1CC1C(=O)N[C@@H]1C[C@H]2CC[C@@H](C1)N2C(=O)C1(C)COC1,
26241,C[C@H]1CCO[C@@H]1CC(=O)N[C@H]1C[C@](C)(NC(=O)c2nnc3ccccc3c2N)C1,"N-((1S,3s)-3-(4-aminocinnoline-3-carboxamido)-3-methylcyclobutyl)-2-((2R,3S)-3-methyloxolan-2-yl)acetamide",,C[C@H]1CCO[C@@H]1CC(=O)N[C@H]1C[C@](C)(NC(=O)c2nnc3ccccc3c2N)C1,
26304,CN1CCC[C@@H]1CCC(=O)N[C@H]1C[C@@H]2CN(C(=O)C(C)(C)S(C)(=O)=O)C[C@@H]2C1,"N-((1R,5S,7S)-3-(2-methyl-2-(methylsulfonyl)-propionyl)-3-azabicyclo[3.3.0]octan-7-yl)-3-((2R)-1-methylpyrrolidin-2-yl)propanamide",,CN1CCC[C@@H]1CCC(=O)N[C@H]1C[C@@H]2CN(C(=O)C(C)(C)S(C)(=O)=O)C[C@@H]2C1,
26323,O=C(CCc1ncc[nH]1)N1C[C@H]2[C@@H](C1)[C@@H]2c1cn(-c2ccc(F)cc2)nn1,"1-((1R,5S,6R)-6-(1-(4-fluorophenyl)-1H-1,2,3-triazol-4-yl)-3-azabicyclo[3.1.0]hexan-3-yl)-3-(1H-imidazol-2-yl)propan-1-one",,O=C(CCc1ncc[nH]1)N1C[C@@H]2[C@H](C1)[C@H]2c1cn(-c2ccc(F)cc2)nn1,
26326,CC(C)NC1(C(=O)NC[C@H]2[C@@H]3CN(C(=O)C[C@@H]4CCC5(CCC5)CO4)C[C@H]23)CC1,"N-(((1R,5S,6S)-3-(2-((7S)-6-oxaspiro[3.5]nonan-7-yl)-acetyl)-3-azabicyclo[3.1.0]hexan-6-yl)methyl)-1-((propan-2-yl)amino)cyclopropanecarboxamide",,CC(C)NC1(C(=O)NC[C@@H]2[C@H]3CN(C(=O)C[C@@H]4CCC5(CCC5)CO4)C[C@@H]23)CC1,
26385,CN1CCN(CC(=O)NCCC2(NC(=O)[C@H]3C[C@H]4C=CC[C@H](C4)C3)CC2)CC1=O,"N-(2-(1-((1S,3R,5S)-bicyclo[3.3.1]non-6-ene-3-carboxamido)cyclopropyl)ethyl)-2-(4-methyl-3-oxopiperazin-1-yl)acetamide",[C@H]12C[C@H](C[C@@H](C=CC1)C2)C(=O)NC2(CC2)CCNC(CN2CC(N(CC2)C)=O)=O,CN1CCN(CC(=O)NCCC2(NC(=O)C3C[C@H]4C=CC[C@@H](C3)C4)CC2)CC1=O,CN1CCN(CC(=O)NCCC2(NC(=O)C3C[C@H]4C=CC[C@H](C3)C4)CC2)CC1=O
26424,C[C@H]1CC[C@H](C(=O)N[C@H]2C[C@@](F)(CNC(=O)CCSc3ccc(C#N)cc3)C2)O1,"(2R,5S)-N-((1S,3s)-3-fluoro-3-((3-((4-(nitrilomethyl)phenyl)sulfanyl)propanamido)methyl)cyclobutyl)-5-methyloxolane-2-carboxamide",,C[C@H]1CCC(C(=O)N[C@H]2C[C@@](F)(CNC(=O)CCSc3ccc(C#N)cc3)C2)O1,
26474,C[C@@H]1CCO[C@@H]1CC(=O)N[C@@H]1C[C@@H]2CC[C@H](C1)N2C(=O)c1cc(O)ccc1N,"N-((1R,3R,5S)-8-((2-amino-5-hydroxyphenyl)carbonyl)-8-azabicyclo[3.2.1]octan-3-yl)-2-((2R,3R)-3-methyloxolan-2-yl)acetamide",,C[C@@H]1CCO[C@@H]1CC(=O)N[C@H]1C[C@H]2CC[C@@H](C1)N2C(=O)c1cc(O)ccc1N,
26484,CC(=O)CCCCC(=O)N(C)C1C[C@@H]2CC[C@H](C1)N2C(=O)[C@H]1C[C@H]2[C@@H](C1)C2(C)C,"N-((1R,5S)-8-(((1R,3S,5S)-6,6-dimethylbicyclo[3.1.0]hexan-3-yl)carbonyl)-8-azabicyclo[3.2.1]octan-3-yl)-N-methyl-6-oxoheptanamide",,CC(=O)CCCCC(=O)N(C)C1C[C@H]2CC[C@@H](C1)N2C(=O)C1C[C@@H]2[C@H](C1)C2(C)C,
26540,COC[C@H]1C[C@@H](CNC(=O)c2cccc(Cl)c2C)N(C(=O)[C@@H]2[C@H]3COC[C@H]32)C1,"3-chloro-N-(((2S,4S)-4-(methoxymethyl)-1-(((1R,5S,6R)-3-oxabicyclo[3.1.0]hexan-6-yl)carbonyl)pyrrolidin-2-yl)methyl)-2-methylbenzene-1-carboxamide",,COC[C@H]1C[C@@H](CNC(=O)c2cccc(Cl)c2C)N(C(=O)C2[C@H]3COC[C@@H]23)C1,
26560,O=C(N[C@@H]1CCCCN(C(=O)c2cccc(O)c2Cl)CC1)[C@@H]1[C@H]2CCC[C@H]21,"(1R,5S,6R)-N-((4R)-1-((2-chloro-3-hydroxyphenyl)carbonyl)-1-azacyclooctan-4-yl)bicyclo[3.1.0]hexane-6-carboxamide",,O=C(N[C@@H]1CCCCN(C(=O)c2cccc(O)c2Cl)CC1)C1[C@H]2CCC[C@@H]12,
26563,O=C(c1cnc(C2CNC2)s1)N1C[C@]2(CO)C[C@](C3CCNCC3)(C1)C2,1-(2-(azetidin-3-yl)thiazol-5-yl)-1-(1-(hydroxymethyl)-5-(piperidin-4-yl)-3-azabicyclo[3.1.1]heptan-3-yl)methanone,N1CC(C1)C=1SC(=CN1)C(=O)N1CC2(CC(C1)(C2)C2CCNCC2)CO,O=C(c1cnc(C2CNC2)s1)N1C[C@]2(CO)C[C@](C3CCNCC3)(C1)C2,O=C(c1cnc(C2CNC2)s1)N1CC2(CO)CC(C3CCNCC3)(C1)C2
26619,CCC(=O)N1CCC[C@@H](C(=O)NC[C@H]2[C@@H]3CN(C(=O)c4snnc4CC)C[C@H]23)C1,"(3R)-N-(((1R,5S,6S)-3-((4-ethyl-1-thia-2,3-diazacyclopenta-2,4-dien-5-yl)carbonyl)-3-azabicyclo[3.1.0]hexan-6-yl)methyl)-1-(propionyl)piperidine-3-carboxamide",,CCC(=O)N1CCCC(C(=O)NC[C@@H]2[C@H]3CN(C(=O)c4snnc4CC)C[C@@H]23)C1,
26642,CCCC(C)(C)CC(=O)NC[C@]1(F)C[C@H](CNC(=O)[C@H]2C[C@H]2CC)C1,"N-(((1S,3s)-3-(((1S,2R)-2-ethylcyclopropanecarboxamido)methyl)-1-fluorocyclobutyl)methyl)-3,3-dimethylhexanamide",,CCCC(C)(C)CC(=O)NC[C@]1(F)C[C@H](CNC(=O)C2C[C@H]2CC)C1,
26654,C[C@H](NC(=O)[C@@]12CC[C@@H]1CN(C(=O)[C@@H]1[C@H]3COC[C@H]31)C2)c1cnc[nH]1,"(1S,5S)-N-((1S)-1-(1H-imidazol-5-yl)ethyl)-3-(((1R,5S,6R)-3-oxabicyclo[3.1.0]hexan-6-yl)carbonyl)-3-azabicyclo[3.2.0]heptane-1-carboxamide",,C[C@H](NC(=O)[C@@]12CC[C@@H]1CN(C(=O)C1[C@H]3COC[C@@H]13)C2)c1c[nH]cn1,
26683,C[C@@H]1CN(C(=O)c2ccc3nc(CO)[nH]c3c2)C[C@H]1NC(=O)[C@]12C[C@H]1[C@H](C)C2,"(1R,3R,4S)-N-((3S,4R)-1-((8-(hydroxymethyl)-7,9-diazabicyclo[4.3.0]nona-1(6),2,4,7-tetraen-3-yl)carbonyl)-4-methylpyrrolidin-3-yl)-3-methylbicyclo[2.1.0]pentane-1-carboxamide",OCC1=NC=2C=CC(=CC2N1)C(=O)N1C[C@H]([C@@H](C1)C)NC(=O)[C@@]12C[C@H]([C@@H]2C1)C,C[C@@H]1CN(C(=O)c2ccc3[nH]c(CO)nc3c2)C[C@H]1NC(=O)[C@@]12C[C@@H](C)[C@@H]1C2,C[C@@H]1CN(C(=O)c2ccc3[nH]c(CO)nc3c2)C[C@H]1NC(=O)[C@]12C[C@@H](C)[C@@H]1C2
26799,C=CCC(=O)N1C[C@@H]2C[C@H](NC(=O)C[C@H](C)n3cccn3)C[C@@H](C2)C1,"(3S)-N-((1R,5S,7S)-3-(1-oxobut-3-en-1-yl)-3-azabicyclo[3.3.1]nonan-7-yl)-3-(1H-pyrazol-1-yl)butanamide",,C=CCC(=O)N1C[C@@H]2C[C@@H](C[C@H](NC(=O)C[C@H](C)n3cccn3)C2)C1,
26885,CN(C)CCN(CCO)C(=O)/C=C/C1CCN(C(=O)[C@@H]2[C@H]3CN(C)C[C@H]32)CC1,"(2E)-N-(2-(dimethylamino)ethyl)-N-(2-hydroxyethyl)-3-(1-(((1R,5S,6R)-3-methyl-3-azabicyclo[3.1.0]hexan-6-yl)carbonyl)piperidin-4-yl)prop-2-enamide",,CN(C)CCN(CCO)C(=O)/C=C/C1CCN(C(=O)C2[C@H]3CN(C)C[C@@H]23)CC1,
26891,CN(C)CC/C(Cl)=C/C(=O)N(C)[C@H]1C[C@@H]2CC[C@H](C1)N2C(=O)CC1=CCCC1,"(2Z)-3-chloro-N-((1R,3S,5S)-8-(2-(cyclopent-1-en-1-yl)-acetyl)-8-azabicyclo[3.2.1]octan-3-yl)-5-(dimethylamino)-N-methylpent-2-enamide",,CN(C)CC/C(Cl)=C/C(=O)N(C)[C@@H]1C[C@H]2CC[C@@H](C1)N2C(=O)CC1=CCCC1,
26897,CC(F)(F)c1cc(C(=O)N[C@H]2C[C@@](F)(CNC(=O)c3cccc(Cl)c3F)C2)[nH]n1,"N-((1S,3s)-3-((3-chloro-2-fluorobenzene-1-carboxamido)methyl)-3-fluorocyclobutyl)-3-(1,1-difluoroethyl)-1H-pyrazole-5-carboxamide",,CC(F)(F)c1cc(C(=O)N[C@H]2C[C@@](F)(CNC(=O)c3cccc(Cl)c3F)C2)[nH]n1,
26976,CCC[C@H](O)C(=O)NCC1(COC)CN(C(=O)[C@@]2(C#N)C[C@@H]3C[C@@H]3C2)C1,"(2S)-2-hydroxy-N-((3-(methoxymethyl)-1-(((1R,3S,5S)-3-(nitrilomethyl)bicyclo[3.1.0]hexan-3-yl)carbonyl)-azetidin-3-yl)methyl)pentanamide",,CCCC(O)C(=O)NCC1(COC)CN(C(=O)[C@]2(C#N)C[C@H]3C[C@H]3C2)C1,
26979,Cc1cc(C2(C(=O)NC[C@@H]3CN(C(=O)[C@@H]4C[C@@H]5C[C@@H]5C4)CCN3C)CC2)on1,"N-(((2R)-4-(((1R,3R,5S)-bicyclo[3.1.0]hexan-3-yl)carbonyl)-1-methylpiperazin-2-yl)methyl)-1-(3-methylisoxazol-5-yl)cyclopropanecarboxamide",,Cc1cc(C2(C(=O)NC[C@@H]3CN(C(=O)C4C[C@@H]5C[C@@H]5C4)CCN3C)CC2)on1,
27034,COc1ccc(C(=O)NC[C@]2(F)C[C@H](NC(=O)[C@H]3CC[C@H](C)S3)C2)cn1,"N-(((1S,3s)-1-fluoro-3-((2R,5S)-5-methylthiolane-2-carboxamido)cyclobutyl)methyl)-6-methoxypyridine-3-carboxamide",,COc1ccc(C(=O)NC[C@]2(F)C[C@H](NC(=O)C3CC[C@H](C)S3)C2)cn1,
27077,CCCC[C@H](O)C(=O)N[C@H]1C[C@](C)(NC(=O)C2=CC[C@H](C)CC2)C1,"(2S)-2-hydroxy-N-((1S,3s)-3-methyl-3-((4R)-4-methylcyclohex-1-ene-1-carboxamido)cyclobutyl)hexanamide",,CCCCC(O)C(=O)N[C@H]1C[C@](C)(NC(=O)C2=CC[C@H](C)CC2)C1,
27154,CC(C)[C@H](NC(=O)C[C@H](C)C(C)(C)NC(=O)[C@H]1C[C@H]2[C@@H](C1)C2(F)F)c1nc[nH]n1,"(3S)-4-((1R,3S,5S)-6,6-difluorobicyclo[3.1.0]hexane-3-carboxamido)-3,4-dimethyl-N-((1S)-2-methyl-1-(1H-1,2,4-triazol-3-yl)propyl)pentanamide",,CC(C)[C@H](NC(=O)C[C@H](C)C(C)(C)NC(=O)C1C[C@@H]2[C@H](C1)C2(F)F)c1nc[nH]n1,
27173,CC(C)CC(=O)N1[C@H]2CC[C@@H]1C[C@H](CNC(=O)c1cc(F)cc([N+](=O)[O-])c1)C2,"3-fluoro-N-(((1R,3R,5S)-8-(3-methyl-butyryl)-8-azabicyclo[3.2.1]octan-3-yl)methyl)-5-nitrobenzene-1-carboxamide",,CC(C)CC(=O)N1[C@@H]2CC[C@H]1C[C@@H](CNC(=O)c1cc(F)cc([N+](=O)[O-])c1)C2,
27213,CC(C)C(=O)N(C)CC(=O)N1CCC(C)(CNC(=O)[C@H]2C[C@@H]3CC[C@H](C2)O3)CC1,"2,N-dimethyl-N-(2-(4-methyl-4-(((1R,3S,5S)-8-oxabicyclo[3.2.1]octane-3-carboxamido)methyl)piperidin-1-yl)-2-oxoethyl)propanamide",,CC(C)C(=O)N(C)CC(=O)N1CCC(C)(CNC(=O)C2C[C@H]3CC[C@@H](C2)O3)CC1,
27221,COc1ccc(O)cc1CN1[C@H]2CC[C@@H]1C[C@H](NC(=O)c1n[nH]cc1I)C2,"N-((1R,3R,5S)-8-((5-hydroxy-2-methoxyphenyl)methyl)-8-azabicyclo[3.2.1]octan-3-yl)-4-iodo-1H-pyrazole-3-carboxamide",,COc1ccc(O)cc1CN1[C@@H]2CC[C@H]1C[C@@H](NC(=O)c1[nH]ncc1I)C2,
27224,C[C@]1(NC(=O)[C@@H]2[C@H]3CCCCC[C@H]32)C[C@H](NC(=O)c2ncccc2F)C1,"N-((1S,3s)-3-((1R,7S,8R)-bicyclo[5.1.0]octane-8-carboxamido)-3-methylcyclobutyl)-3-fluoropyridine-2-carboxamide",,C[C@]1(NC(=O)C2[C@H]3CCCCC[C@@H]23)C[C@H](NC(=O)c2ncccc2F)C1,
27237,CCNC(=O)[C@@H]([C@@H]1[C@H]2CCC[C@H]21)N1CCc2cc(OCC)ccc2C1,"(2R)-2-((1R,5S,6R)-bicyclo[3.1.0]hexan-6-yl)-2-(8-ethoxy-3-azabicyclo[4.4.0]deca-1(6),7,9-trien-3-yl)-N-ethylacetamide",,CCNC(=O)C([C@H]1[C@@H]2CCC[C@@H]21)N1CCc2cc(OCC)ccc2C1,
27259,Cc1cnc(C)c(C(=O)N[C@H]2C[C@@](F)(CNC(=O)CN3CCC(C)CC3)C2)c1,"N-((1S,3s)-3-fluoro-3-((2-(4-methylpiperidin-1-yl)acetamido)methyl)cyclobutyl)-2,5-dimethylpyridine-3-carboxamide",,Cc1cnc(C)c(C(=O)N[C@H]2C[C@@](F)(CNC(=O)CN3CCC(C)CC3)C2)c1,
27265,CC(C)CN(C(=O)[C@]12C[C@H]1[C@H](c1ccccc1)C2)c1ccnc(Cl)n1,"(1R,3R,4S)-N-(2-chloropyrimidin-4-yl)-N-(2-methylpropyl)-3-phenylbicyclo[2.1.0]pentane-1-carboxamide",ClC1=NC=CC(=N1)N(C(=O)[C@@]12C[C@H]([C@@H]2C1)C1=CC=CC=C1)CC(C)C,CC(C)CN(C(=O)[C@@]12C[C@@H](c3ccccc3)[C@@H]1C2)c1ccnc(Cl)n1,CC(C)CN(C(=O)[C@]12C[C@@H](c3ccccc3)[C@@H]1C2)c1ccnc(Cl)n1
27303,O=C(N[C@@H]1CCC[C@@H]1NC(=O)[C@H]1C[C@H]2C=CC[C@H](C2)C1)c1noc2ncccc12,"N-((1R,2S)-2-((1S,3R,5S)-bicyclo[3.3.1]non-6-ene-3-carboxamido)cyclopentyl)-7-oxa-5,8-diazabicyclo[4.3.0]nona-1,3,5,8-tetraene-9-carboxamide",[C@H]12C[C@H](C[C@@H](C=CC1)C2)C(=O)N[C@@H]2[C@@H](CCC2)NC(=O)C2=NOC1=NC=CC=C21,O=C(N[C@@H]1CCC[C@@H]1NC(=O)C1C[C@H]2C=CC[C@@H](C1)C2)c1noc2ncccc12,O=C(N[C@@H]1CCC[C@@H]1NC(=O)C1C[C@H]2C=CC[C@H](C1)C2)c1noc2ncccc12
27308,Cc1nccn1CCC(=O)N[C@]1(C)C[C@H](C(=O)N2C[C@@H]3C[C@H]3C2)C1,"N-((1R,3s)-3-(((1R,5R)-3-azabicyclo[3.1.0]hexan-3-yl)carbonyl)-1-methylcyclobutyl)-3-(2-methyl-1H-imidazol-1-yl)propanamide",,Cc1nccn1CCC(=O)NC1(C)CC(C(=O)N2C[C@@H]3C[C@H]3C2)C1,
27363,COc1cc(C(=O)N[C@@H]2[C@@H](C)CN(C(=O)CC3(CO)CC3)C[C@H]2C)ccc1C#N,"4-cyano-N-((3R,4R,5S)-1-(2-(1-(hydroxymethyl)cyclopropyl)-acetyl)-3,5-dimethylpiperidin-4-yl)-3-methoxybenzene-1-carboxamide",,COc1cc(C(=O)N[C@H]2[C@H](C)CN(C(=O)CC3(CO)CC3)C[C@@H]2C)ccc1C#N,
27409,CO[C@H](C(=O)N1[C@H]2CC[C@@H]1C[C@@H](CNC(=O)c1cnccn1)C2)C(C)(C)C,"N-(((1R,3S,5S)-8-((2S)-2-methoxy-3,3-dimethyl-butyryl)-8-azabicyclo[3.2.1]octan-3-yl)methyl)pyrazine-2-carboxamide",,COC(C(=O)N1[C@@H]2CC[C@H]1C[C@H](CNC(=O)c1cnccn1)C2)C(C)(C)C,
27414,C#Cc1ccc(C(=O)N[C@H]2C[C@@](F)(CNC(=O)[C@@H](CCC(N)=O)N(C)C)C2)cc1,"N-((1S,3s)-3-(((2R)-4-carbamoyl-2-(dimethylamino)butanamido)methyl)-3-fluorocyclobutyl)-4-(ethynyl)benzamide",,C#Cc1ccc(C(=O)N[C@H]2C[C@@](F)(CNC(=O)C(CCC(N)=O)N(C)C)C2)cc1,
27440,CCc1[nH]c(C(=O)N2[C@H]3CC[C@@H]2C[C@@H](NC(=O)Cn2cnnc2)C3)nc1Cl,"N-((1R,3S,5S)-8-((4-chloro-5-ethyl-1H-imidazol-2-yl)carbonyl)-8-azabicyclo[3.2.1]octan-3-yl)-2-(4H-1,2,4-triazol-4-yl)acetamide",,CCc1[nH]c(C(=O)N2[C@@H]3CC[C@H]2C[C@H](NC(=O)Cn2cnnc2)C3)nc1Cl,
27455,CC[C@@H](CCCC(=O)NCc1nc(C)c(C)o1)NC(=O)[C@H]1C[C@H]2[C@@H](C1)C2(F)F,"(5S)-5-((1R,3S,5S)-6,6-difluorobicyclo[3.1.0]hexane-3-carboxamido)-N-((4,5-dimethyloxazol-2-yl)methyl)heptanamide",,CC[C@@H](CCCC(=O)NCc1nc(C)c(C)o1)NC(=O)C1C[C@@H]2[C@H](C1)C2(F)F,
27552,Cn1cnc(C(=O)N2C[C@@H](F)C[C@H]2C(=O)N2C[C@H]3C[C@@H](O)C[C@H]3C2)c1,"1-((2S,4S)-4-fluoro-2-(((1R,5S,7R)-7-hydroxy-3-azabicyclo[3.3.0]octan-3-yl)carbonyl)pyrrolidin-1-yl)-1-(1-methyl-1H-imidazol-4-yl)methanone",,Cn1cnc(C(=O)N2C[C@@H](F)CC2C(=O)N2C[C@H]3C[C@@H](O)C[C@H]3C2)c1,
27568,C[C@]1(NC(=O)c2ccc(F)cc2F)C[C@@H](NC(=O)Cc2cc(F)cc(Cl)c2)C1,"N-((1R,3s)-3-(2-(3-chloro-5-fluorophenyl)acetamido)-1-methylcyclobutyl)-2,4-difluorobenzene-1-carboxamide",,C[C@]1(NC(=O)c2ccc(F)cc2F)C[C@@H](NC(=O)Cc2cc(F)cc(Cl)c2)C1,
27601,Cn1cc(C(=O)N[C@H]2C[C@](F)(CNC(=O)CNC(=O)C3CC3)C2)cc1S(N)(=O)=O,"5-(sulfamoyl)-N-((1R,3s)-3-((2-cyclopropanecarboxamidoacetamido)methyl)-3-fluorocyclobutyl)-1-methyl-1H-pyrrole-3-carboxamide",,Cn1cc(C(=O)N[C@H]2C[C@](F)(CNC(=O)CNC(=O)C3CC3)C2)cc1S(N)(=O)=O,
27641,CC[C@](C)(Cl)CNC(=O)COC1(C)CN(C(=O)[C@H]2C[C@H]3[C@@H](C2)C3(C)C)C1,"N-((2S)-2-chloro-2-methylbutyl)-2-((1-(((1R,3S,5S)-6,6-dimethylbicyclo[3.1.0]hexan-3-yl)carbonyl)-3-methyl-azetidin-3-yl)oxy)acetamide",,CC[C@](C)(Cl)CNC(=O)COC1(C)CN(C(=O)C2C[C@@H]3[C@H](C2)C3(C)C)C1,
27734,C[C@@](O)(CNC(=O)[C@]1(c2c(F)cccc2F)C[C@@H](N)C1)C1CCCC1,"3-amino-N-((2S)-2-cyclopentyl-2-hydroxypropyl)-1-(2,6-difluorophenyl)cyclobutanecarboxamide",NC1CC(C1)(C(=O)NC[C@@](C)(O)C1CCCC1)C1=C(C=CC=C1F)F,C[C@@](O)(CNC(=O)[C@]1(c2c(F)cccc2F)C[C@@H](N)C1)C1CCCC1,C[C@@](O)(CNC(=O)C1(c2c(F)cccc2F)CC(N)C1)C1CCCC1
27866,CCOCCCN=C(NCCc1cccc(Cl)c1)N1C[C@@H]2[C@@H](CF)[C@@H]2C1,"2-(3-chlorophenyl)-N-(((3-ethoxypropyl)imino)((1R,5S,6R)-6-(fluoromethyl)-3-azabicyclo[3.1.0]hexan-3-yl)methyl)ethanamine",,CCOCCCN=C(NCCc1cccc(Cl)c1)N1C[C@@H]2[C@@H](CF)[C@@H]2C1,
27954,C[C@@H]1[C@H](C(=O)NC[C@H](CO)CNC(=O)CCOc2ccc(F)cc2Cl)[C@@H]1C,"(1S,2R,3S)-N-((2R)-2-((3-((2-chloro-4-fluorophenyl)oxy)propanamido)methyl)-3-hydroxypropyl)-2,3-dimethylcyclopropanecarboxamide",,C[C@@H]1C(C(=O)NC[C@H](CO)CNC(=O)CCOc2ccc(F)cc2Cl)[C@@H]1C,
27957,Cc1cnn(CC(=O)NC2(CCNC(=O)CC[C@H]3CCC(=O)NC3)CC2)c1,N-(2-(1-(2-(4-methyl-1H-pyrazol-1-yl)acetamido)cyclopropyl)ethyl)-3-((3S)-6-oxopiperidin-3-yl)propanamide,CC=1C=NN(C1)CC(=O)NC1(CC1)CCNC(CC[C@H]1CNC(CC1)=O)=O,Cc1cnn(CC(=O)NC2(CCNC(=O)CC[C@H]3CCC(=O)NC3)CC2)c1,Cc1cnn(CC(=O)NC2(CCNC(=O)CC[C@@H]3CCC(=O)NC3)CC2)c1
27974,CCOCCNC(=O)[C@H](c1cc(C(N)=O)cs1)N1C[C@H]2[C@H](C)[C@H]2C1,"(2R)-2-(4-carbamoylthiophen-2-yl)-N-(2-ethoxyethyl)-2-((1R,5S,6S)-6-methyl-3-azabicyclo[3.1.0]hexan-3-yl)acetamide",,CCOCCNC(=O)C(c1cc(C(N)=O)cs1)N1C[C@@H]2[C@@H](C)[C@@H]2C1,
28035,Cc1cccc2nc(N[C@H]3[C@@H]4CN(C(=O)C5=C[C@H]6CCCCCC[C@H]56)C[C@@H]43)sc12,"1-((1S,8S)-bicyclo[6.2.0]dec-9-en-9-yl)-1-((1R,5S,6S)-6-((7-methylbenzothiazol-2-yl)amino)-3-azabicyclo[3.1.0]hexan-3-yl)methanone",,Cc1cccc2nc(N[C@H]3[C@@H]4CN(C(=O)C5=C[C@H]6CCCCCC[C@H]56)C[C@@H]43)sc12,
28098,CSCC(C)(C)C(=O)NC[C@]1(F)C[C@H](NC(=O)c2cnc(N)cn2)C1,"N-(((1S,3s)-3-(5-aminopyrazine-2-carboxamido)-1-fluorocyclobutyl)methyl)-2,2-dimethyl-3-(methylsulfanyl)propanamide",,CSCC(C)(C)C(=O)NC[C@]1(F)C[C@H](NC(=O)c2cnc(N)cn2)C1,
28162,CCn1nc(C)cc1C(=O)N[C@@H]1C[C@@H]2CC[C@H](C1)N2C(=O)c1cccnc1,"1-ethyl-3-methyl-N-((1R,3R,5S)-8-((pyridin-3-yl)carbonyl)-8-azabicyclo[3.2.1]octan-3-yl)-1H-pyrazole-5-carboxamide",,CCn1nc(C)cc1C(=O)N[C@H]1C[C@H]2CC[C@@H](C1)N2C(=O)c1cccnc1,
28183,C[C@H](O)[C@H](C(=O)N(CC(=O)N1[C@H]2CC[C@@H]1C[C@@H](F)C2)CC1CC1)N(C)C,"(2R,3S)-N-(cyclopropylmethyl)-2-(dimethylamino)-N-(2-((1R,3S,5S)-3-fluoro-8-azabicyclo[3.2.1]octan-8-yl)-2-oxoethyl)-3-hydroxybutanamide",,C[C@H](O)C(C(=O)N(CC(=O)N1[C@@H]2CC[C@H]1C[C@H](F)C2)CC1CC1)N(C)C,
28239,CC(C)[C@@H](CC(=O)N1CCC(C)(C)[C@H](CO)C1)NC(=O)[C@H]1C[C@@H]2CC[C@@H]2C1,"(1R,3S,5S)-N-((3R)-1-((3S)-3-(hydroxymethyl)-4,4-dimethylpiperidin-1-yl)-4-methyl-1-oxopentan-3-yl)bicyclo[3.2.0]heptane-3-carboxamide",,CC(C)[C@@H](CC(=O)N1CCC(C)(C)[C@H](CO)C1)NC(=O)C1C[C@H]2CC[C@H]2C1,
28288,CCC1CCC(C(=O)N[C@H]2[C@@H]3CN(C(=O)c4c(Br)ccc5c4OCO5)C[C@@H]32)CC1,"N-((1R,5S,6S)-3-((3-bromo-7,9-dioxabicyclo[4.3.0]nona-1(6),2,4-trien-2-yl)carbonyl)-3-azabicyclo[3.1.0]hexan-6-yl)-4-ethylcyclohexanecarboxamide",,CCC1CCC(C(=O)N[C@H]2[C@@H]3CN(C(=O)c4c(Br)ccc5c4OCO5)C[C@@H]32)CC1,
28308,O=C(N[C@H]1C[C@](O)(C2CCN(C(=O)c3cn([C@@H]4CC[C@H]4O)nn3)CC2)C1)C(F)F,"2,2-difluoro-N-((1S,3r)-3-hydroxy-3-(1-((1-((1R,2R)-2-hydroxycyclobutyl)-1H-1,2,3-triazol-4-yl)carbonyl)piperidin-4-yl)cyclobutyl)acetamide",,O=C(N[C@H]1C[C@](O)(C2CCN(C(=O)c3cn([C@@H]4CC[C@H]4O)nn3)CC2)C1)C(F)F,
28320,COCc1cc(C(=O)N2CCN(C(=O)[C@]3(C)C[C@@H](C#N)C3)C[C@@H]2CO)c(C)o1,3-(((3R)-3-(hydroxymethyl)-4-((5-(methoxymethyl)-2-methylfuran-3-yl)carbonyl)piperazin-1-yl)carbonyl)-3-methylcyclobutanecarbonitrile,OC[C@H]1CN(CCN1C(=O)C1=C(OC(=C1)COC)C)C(=O)C1(CC(C1)C#N)C,COCc1cc(C(=O)N2CCN(C(=O)[C@]3(C)C[C@@H](C#N)C3)C[C@@H]2CO)c(C)o1,COCc1cc(C(=O)N2CCN(C(=O)C3(C)CC(C#N)C3)C[C@@H]2CO)c(C)o1
28332,CNC(=O)N1CC[C@@H](C(=O)N[C@@H]2C[C@@H]3CC[C@H](C2)N3C(=O)C=C(C)C)C1,"(3R)-N-methyl-N'-((1R,3R,5S)-8-(3-methyl-1-oxobut-2-en-1-yl)-8-azabicyclo[3.2.1]octan-3-yl)pyrrolidine-1,3-dicarboxamide",,CNC(=O)N1CCC(C(=O)N[C@H]2C[C@H]3CC[C@@H](C2)N3C(=O)C=C(C)C)C1,
28432,C[C@@H]1CCCN(C(=O)[C@H]2[C@H]3CN(c4ccncn4)C[C@H]32)CC1,"1-((4R)-4-methyl-1-azacycloheptan-1-yl)-1-((1R,5S,6S)-3-(pyrimidin-4-yl)-3-azabicyclo[3.1.0]hexan-6-yl)methanone",,C[C@@H]1CCCN(C(=O)C2[C@H]3CN(c4ccncn4)C[C@@H]23)CC1,
28476,CN(C[C@@H]1CCCN(C(=O)[C@]2(C)C[C@@H](C#N)C2)C1)C(=O)C[C@@H]1CC=CCC1,"2-((1S)-cyclohex-3-en-1-yl)-N-methyl-N-(((3S)-1-(((1R,3r)-1-methyl-3-(nitrilomethyl)cyclobutyl)carbonyl)piperidin-3-yl)methyl)acetamide",,CN(C[C@@H]1CCCN(C(=O)[C@]2(C)C[C@@H](C#N)C2)C1)C(=O)C[C@@H]1CC=CCC1,
28498,C[C@@H](O)CN(CCNC(=O)[C@@H]1[C@H]2CCC[C@H]21)C(=O)c1cn(-c2cccnc2)nn1,"N-(2-((1R,5S,6R)-bicyclo[3.1.0]hexane-6-carboxamido)ethyl)-N-((2R)-2-hydroxypropyl)-1-(pyridin-3-yl)-1H-1,2,3-triazole-4-carboxamide",,C[C@@H](O)CN(CCNC(=O)C1[C@H]2CCC[C@@H]12)C(=O)c1cn(-c2cccnc2)nn1,
28551,Cc1nc(Br)oc1C(=O)N[C@H]1[C@@H]2CN(C(=O)c3cccc4nnn(C)c34)C[C@@H]21,"2-bromo-4-methyl-N-((1R,5S,6S)-3-((9-methyl-7,8,9-triazabicyclo[4.3.0]nona-1,3,5,7-tetraen-2-yl)carbonyl)-3-azabicyclo[3.1.0]hexan-6-yl)oxazole-5-carboxamide",,Cc1nc(Br)oc1C(=O)N[C@H]1[C@@H]2CN(C(=O)c3cccc4nnn(C)c34)C[C@@H]21,
28603,CCN(C)C1CN(C(=O)[C@](C)(C2CC2)N(C)C(=O)[C@@H]2[C@H]3CCC[C@H]32)C1,"(1R,5S,6R)-N-((2S)-2-cyclopropyl-1-(3-((ethyl)(methyl)amino)-azetidin-1-yl)-1-oxopropan-2-yl)-N-methylbicyclo[3.1.0]hexane-6-carboxamide",,CCN(C)C1CN(C(=O)[C@](C)(C2CC2)N(C)C(=O)C2[C@H]3CCC[C@@H]23)C1,
28655,C[C@H](CC1CCN(C(=O)c2ccc(Cl)c(N)c2)CC1)NC(=O)C1=C[C@H]2CCC[C@@H]12,"(1S,5R)-N-((2R)-1-(1-((3-amino-4-chlorophenyl)carbonyl)piperidin-4-yl)propan-2-yl)bicyclo[3.2.0]hept-6-ene-6-carboxamide",NC=1C=C(C=CC1Cl)C(=O)N1CCC(CC1)C[C@@H](C)NC(=O)C=1[C@@H]2CCC[C@H]2C1,C[C@H](CC1CCN(C(=O)c2ccc(Cl)c(N)c2)CC1)NC(=O)C1=C[C@H]2CCC[C@@H]12,C[C@H](CC1CCN(C(=O)c2ccc(Cl)c(N)c2)CC1)NC(=O)C1=C[C@@H]2CCC[C@@H]12
28660,C[C@@]12CCC[C@@](C(=O)N[C@H]3[C@@H]4CN(C(=O)CCc5cccs5)C[C@@H]43)(CO1)C2,"(1S,5S)-5-methyl-N-((1R,5S,6S)-3-(1-oxo-3-(thiophen-2-yl)propyl)-3-azabicyclo[3.1.0]hexan-6-yl)-6-oxabicyclo[3.2.1]octane-1-carboxamide",,C[C@@]12CCC[C@@](C(=O)N[C@H]3[C@@H]4CN(C(=O)CCc5cccs5)C[C@@H]43)(CO1)C2,
28691,CCC(F)(F)CC(=O)N1C[C@H]2[C@H](CN=c3[nH]c(C)nc(C)c3F)[C@H]2C1,"3,3-difluoro-1-((1R,5S,6S)-6-(((5-fluoro-2,6-dimethyl-1,3-diazacyclohexa-1,5-dien-4-ylidene)amino)methyl)-3-azabicyclo[3.1.0]hexan-3-yl)pentan-1-one",,CCC(F)(F)CC(=O)N1C[C@@H]2[C@@H](CNc3nc(C)nc(C)c3F)[C@@H]2C1,
28729,COc1ccc(O)c(C(=O)N[C@@H]2[C@@H]3CN(C(=O)C4CC(C)(C)C4)C[C@@H]32)c1,"N-((1R,5S,6R)-3-((3,3-dimethylcyclobutyl)carbonyl)-3-azabicyclo[3.1.0]hexan-6-yl)-2-hydroxy-5-methoxybenzene-1-carboxamide",,COc1ccc(O)c(C(=O)N[C@@H]2[C@@H]3CN(C(=O)C4CC(C)(C)C4)C[C@@H]32)c1,
28734,O=C(N[C@H]1COCC[C@@H]1O)[C@H]1CC2(CCN(C(=O)CCBr)CC2)c2ccccc21,"(1S)-N-((3S,4S)-4-hydroxy-oxan-3-yl)spiro[indane-3,4'-(1-(piperidin-1-yl)-3-bromopropane)]-1'-one-1-carboxamide",,O=C(N[C@H]1COCC[C@@H]1O)C1CC2(CCN(C(=O)CCBr)CC2)c2ccccc21,
28736,O=C(N[C@H]1C[C@@H]2CC[C@H](C1)N2C(=O)CSc1ccccc1O)C1CC2(C1)C[C@H]2F,"(1R)-1-fluoro-N-((1R,3S,5S)-8-(2-((2-hydroxyphenyl)sulfanyl)-acetyl)-8-azabicyclo[3.2.1]octan-3-yl)spiro[2.3]hexane-5-carboxamide",,O=C(N[C@@H]1C[C@H]2CC[C@@H](C1)N2C(=O)CSc1ccccc1O)C1CC2(C1)C[C@H]2F,
28897,CC=CCC(=O)N(C)C[C@H]1[C@@H]2CN(C(=O)c3cccc(CSC)c3)C[C@H]12,"N-methyl-N-(((1R,5S,6S)-3-((3-((methylsulfanyl)methyl)phenyl)carbonyl)-3-azabicyclo[3.1.0]hexan-6-yl)methyl)pent-3-enamide",,CC=CCC(=O)N(C)C[C@@H]1[C@H]2CN(C(=O)c3cccc(CSC)c3)C[C@@H]12,
28907,C[C@@H](CC1CCC1)C(=O)N1C[C@H]2[C@H](CNC(=O)c3ccnc(Cl)c3Cl)[C@H]2C1,"2,3-dichloro-N-(((1R,5S,6S)-3-((2S)-2-(cyclobutylmethyl)-propionyl)-3-azabicyclo[3.1.0]hexan-6-yl)methyl)pyridine-4-carboxamide",,CC(CC1CCC1)C(=O)N1C[C@@H]2[C@@H](CNC(=O)c3ccnc(Cl)c3Cl)[C@@H]2C1,
28934,CN=C(NC[C@@H]1[C@H]2CC[C@H]21)N1CCC(C)(C(C)C)CC1,"N-(((1R,4S,5R)-bicyclo[2.1.0]pentan-5-yl)methyl)-1-(4-methyl-4-(propan-2-yl)piperidin-1-yl)-1-(methylimino)methanamine",,CN=C(NC[C@H]1[C@@H]2CC[C@@H]21)N1CCC(C)(C(C)C)CC1,
28998,CCCCCC(C)(C)C(=O)N1C[C@H]2[C@H](CC(=O)NCc3ccc(CC)cn3)[C@H]2C1,"2-((1R,5S,6S)-3-(2,2-dimethyl-1-oxoheptyl)-3-azabicyclo[3.1.0]hexan-6-yl)-N-((5-ethylpyridin-2-yl)methyl)acetamide",,CCCCCC(C)(C)C(=O)N1C[C@@H]2[C@@H](CC(=O)NCc3ccc(CC)cn3)[C@@H]2C1,
29020,C#C[C@]1(O)C[C@@H](C(=O)N2C[C@H](C)O[C@H](C(=O)N[C@H](C)c3nccn3C)C2)C1,"(2S,6S)-4-(((1R,3s)-3-(ethynyl)-3-hydroxycyclobutyl)carbonyl)-6-methyl-N-((1R)-1-(1-methyl-1H-imidazol-2-yl)ethyl)morpholine-2-carboxamide",,C#CC1(O)CC(C(=O)N2CC(C(=O)N[C@H](C)c3nccn3C)O[C@@H](C)C2)C1,
29089,CO[C@H]1CN(C(=O)OC(C)(C)C)C[C@H](C(=O)OC[C@H](CO)n2cc(Br)cn2)O1,"2-(2S)-2-(4-bromo-1H-pyrazol-1-yl)-3-hydroxypropyl 4-tert-butyl (2R,6R)-6-methoxymorpholine-2,4-dicarboxylate",,CO[C@H]1CN(C(=O)OC(C)(C)C)CC(C(=O)OC[C@H](CO)n2cc(Br)cn2)O1,
29137,CC(=O)N[C@H](C)C(=O)N1C[C@@H]2CC[C@H](C1)[C@H]2NC(=O)C[C@H](C)c1ccccc1,"(3S)-N-((1R,5S,8S)-3-((2R)-2-acetamido-propionyl)-3-azabicyclo[3.2.1]octan-8-yl)-3-phenylbutanamide",,CC(=O)NC(C)C(=O)N1C[C@H]2CC[C@@H](C1)[C@@H]2NC(=O)C[C@H](C)c1ccccc1,
29209,C[C@@H]1C[C@]2(C(=O)N3CCCC[C@@H]3CC[C@@H]3CCCN3C(=O)CC#N)C[C@H]12,"3-((2S)-2-(2-((2R)-1-(((1S,3R,4R)-3-methylbicyclo[2.1.0]pentan-1-yl)carbonyl)piperidin-2-yl)ethyl)pyrrolidin-1-yl)-3-oxopropanenitrile",C[C@@H]1C[C@]2(C[C@H]12)C(=O)N1[C@H](CCCC1)CC[C@H]1N(CCC1)C(CC#N)=O,C[C@@H]1C[C@]2(C(=O)N3CCCC[C@@H]3CC[C@@H]3CCCN3C(=O)CC#N)C[C@H]12,C[C@@H]1C[C@@]2(C(=O)N3CCCC[C@@H]3CC[C@@H]3CCCN3C(=O)CC#N)C[C@H]12
29217,CC[C@@H](NC(=O)C[C@H]1[C@@H]2CN(C(=O)[C@@]3(CO)CCCO3)C[C@H]12)C(C)C,"2-((1R,5S,6S)-3-(((2S)-2-(hydroxymethyl)oxolan-2-yl)carbonyl)-3-azabicyclo[3.1.0]hexan-6-yl)-N-((3R)-2-methylpentan-3-yl)acetamide",,CC[C@@H](NC(=O)C[C@@H]1[C@H]2CN(C(=O)[C@@]3(CO)CCCO3)C[C@@H]12)C(C)C,
29252,C#C[C@]1(O)C[C@@H](C(=O)N2CC[C@](O)([C@H](C)CNC(=O)C3CCCCCC3)C2)C1,"N-((2R)-2-((3S)-1-(((1R,3s)-3-(ethynyl)-3-hydroxycyclobutyl)carbonyl)-3-hydroxypyrrolidin-3-yl)propyl)cycloheptanecarboxamide",,C#CC1(O)CC(C(=O)N2CC[C@](O)([C@H](C)CNC(=O)C3CCCCCC3)C2)C1,
29326,C[C@]1(CNC(=O)[C@H](O)C2CCOCC2)CCCN1C(=O)[C@H]1C[C@H]2C=CC[C@@H](C2)C1,"(2R)-N-(((2R)-1-(((1R,3R,5S)-bicyclo[3.3.1]non-6-en-3-yl)carbonyl)-2-methylpyrrolidin-2-yl)methyl)-2-hydroxy-2-(oxan-4-yl)acetamide",[C@@H]12C[C@H](C[C@@H](C=CC1)C2)C(=O)N2[C@@](CCC2)(C)CNC([C@@H](C2CCOCC2)O)=O,C[C@]1(CNC(=O)C(O)C2CCOCC2)CCCN1C(=O)C1C[C@H]2C=CC[C@H](C1)C2,C[C@]1(CNC(=O)C(O)C2CCOCC2)CCCN1C(=O)C1C[C@H]2C=CC[C@@H](C1)C2
29355,C#CC12CCC(C(=O)N3C[C@H]4[C@H](NC(=O)c5cnoc5C)[C@H]4C3)(CC1)CC2,"N-((1R,5S,6S)-3-((4-(ethynyl)bicyclo[2.2.2]octan-1-yl)carbonyl)-3-azabicyclo[3.1.0]hexan-6-yl)-5-methylisoxazole-4-carboxamide",,C#CC12CCC(C(=O)N3C[C@@H]4[C@H](C3)[C@H]4NC(=O)c3cnoc3C)(CC1)CC2,
29606,COC1CCC(C)(C(=O)NC[C@]2(F)C[C@H](CNC(=O)C34CC(CO)(C3)C4)C2)CC1,"N-(((1S,3s)-3-fluoro-3-((4-methoxy-1-methylcyclohexanecarboxamido)methyl)cyclobutyl)methyl)-3-(hydroxymethyl)bicyclo[1.1.1]pentane-1-carboxamide",,COC1CCC(C)(C(=O)NC[C@]2(F)C[C@H](CNC(=O)C34CC(CO)(C3)C4)C2)CC1,
29621,CCc1ccc(CC(=O)N[C@H]2C[C@@](F)(CN=c3[nH]c(Cl)ncc3C(C)=O)C2)cc1,"N-((1S,3s)-3-(((5-(acetyl)-2-chloro-1,3-diazacyclohexa-1,5-dien-4-ylidene)amino)methyl)-3-fluorocyclobutyl)-2-(4-ethylphenyl)acetamide",,CCc1ccc(CC(=O)N[C@H]2C[C@@](F)(CNc3nc(Cl)ncc3C(C)=O)C2)cc1,
29626,C[C@H](O)C1CCN(C(=O)[C@]2(c3cccc(F)c3)C[C@@H](N)C2)CC1,"1-((1S,3s)-3-amino-1-(3-fluorophenyl)cyclobutyl)-1-(4-((1S)-1-hydroxyethyl)piperidin-1-yl)methanone",,C[C@H](O)C1CCN(C(=O)[C@]2(c3cccc(F)c3)C[C@@H](N)C2)CC1,
29645,C[C@@H]1CCN(C(=O)[C@H]2C[C@H]3[C@@H](C2)C3(F)F)[C@H](C)[C@@H]1NC(=O)[C@@H]1CCCC1(C)C,"(1R)-N-((2R,3R,4R)-1-(((1R,3S,5S)-6,6-difluorobicyclo[3.1.0]hexan-3-yl)carbonyl)-2,4-dimethylpiperidin-3-yl)-2,2-dimethylcyclopentanecarboxamide",,C[C@@H]1CCN(C(=O)C2C[C@@H]3[C@H](C2)C3(F)F)[C@H](C)[C@@H]1NC(=O)C1CCCC1(C)C,
29646,O=C(N[C@@H]1CCCN(C(=O)C(F)=Cc2cccnc2)CC1)[C@@H]1[C@H]2CCCCC[C@H]21,"(1R,7S,8R)-N-((4R)-1-(2-fluoro-1-oxo-3-(pyridin-3-yl)prop-2-en-1-yl)-1-azacycloheptan-4-yl)bicyclo[5.1.0]octane-8-carboxamide",,O=C(N[C@@H]1CCCN(C(=O)C(F)=Cc2cccnc2)CC1)C1[C@H]2CCCCC[C@@H]12,
29689,C=C=C(C)CC(=O)N[C@H]1C[C@](F)(CNC(=O)CN(C(=O)OC(C)(C)C)C2CC2)C1,"tert-butyl ((2-((((1S,3r)-1-fluoro-3-(3-methylpenta-3,4-dienamido)cyclobutyl)methyl)amino)-2-oxoethyl)(cyclopropyl)amino)formate",,C=C=C(C)CC(=O)N[C@H]1C[C@](F)(CNC(=O)CN(C(=O)OC(C)(C)C)C2CC2)C1,
29717,C[C@@H](C(=O)N1CCc2nc[nH]c2[C@]12CCN(C(=O)c1ncc(Cl)s1)C2)S(N)(=O)=O,"(2S)-2-(sulfamoyl)-1-((2R)-spiro[3,7,9-triazabicyclo[4.3.0]nona-1(6),7-diene-2,3'-(1-((3R)-pyrrolidin-1-yl)-1-(5-chlorothiazol-2-yl)methanone)]-3-yl)propan-1-one",,CC(C(=O)N1CCc2[nH]cnc2[C@]12CCN(C(=O)c1ncc(Cl)s1)C2)S(N)(=O)=O,
29763,O=C1CC[C@H](C(=O)N2C[C@H]3[C@H](CC(=O)N4CC[C@@H](c5ncco5)C4)[C@H]3C2)CN1,"(5S)-5-(((1R,5S,6S)-6-(2-((3R)-3-(oxazol-2-yl)pyrrolidin-1-yl)-2-oxoethyl)-3-azabicyclo[3.1.0]hexan-3-yl)carbonyl)piperidin-2-one",,O=C1CCC(C(=O)N2C[C@@H]3[C@@H](CC(=O)N4CC[C@@H](c5ncco5)C4)[C@@H]3C2)CN1,
29818,COCC(=O)NCCC(=O)N[C@@]1(C(=O)NC[C@H]2C[C@@](C)(O)C2)CCC[C@H]1C,"N-((1S,2R)-1-((((1S,3r)-3-hydroxy-3-methylcyclobutyl)methyl)carbamoyl)-2-methylcyclopentyl)-3-(2-methoxyacetamido)propanamide",,COCC(=O)NCCC(=O)N[C@@]1(C(=O)NC[C@H]2C[C@@](C)(O)C2)CCC[C@H]1C,
29871,Cc1cc(Cl)c(C(=O)N2CCC3(CC2)C[C@@H]3CNC(=O)[C@@H]2[C@H]3CN(C)C[C@H]32)s1,"(1R,5S,6R)-N-(((1S)-6-((3-chloro-5-methylthiophen-2-yl)carbonyl)-6-azaspiro[2.5]octan-1-yl)methyl)-3-methyl-3-azabicyclo[3.1.0]hexane-6-carboxamide",,Cc1cc(Cl)c(C(=O)N2CCC3(CC2)C[C@@H]3CNC(=O)C2[C@H]3CN(C)C[C@@H]23)s1,
29893,O=C(Nc1cccc2occc12)C1=C[C@H](O)[C@H](NC(=O)[C@@H]2C[C@@H]3CC[C@@H]3C2)C1,"(1R,3R,5S)-N-((1R,2S)-4-((1-benzofuran-4-yl)carbamoyl)-2-hydroxycyclopent-3-en-1-yl)bicyclo[3.2.0]heptane-3-carboxamide",,O=C(Nc1cccc2occc12)C1=C[C@H](O)[C@H](NC(=O)C2C[C@H]3CC[C@H]3C2)C1,
29924,CC(=O)c1cc(C(=O)N[C@H]2C[C@@](F)(CNC(=O)c3cnc(O)n3C)C2)no1,"5-(acetyl)-N-((1S,3s)-3-fluoro-3-((2-hydroxy-1-methyl-1H-imidazole-5-carboxamido)methyl)cyclobutyl)isoxazole-3-carboxamide",,CC(=O)c1cc(C(=O)N[C@H]2C[C@@](F)(CNC(=O)c3c[nH]c(=O)n3C)C2)no1,
30164,CC(C)C1CC(C(=O)N2[C@H]3CC[C@@H]2C[C@@H](CNC(=O)c2cscc2F)C3)C1,"4-fluoro-N-(((1R,3S,5S)-8-((3-(propan-2-yl)cyclobutyl)carbonyl)-8-azabicyclo[3.2.1]octan-3-yl)methyl)thiophene-3-carboxamide",,CC(C)C1CC(C(=O)N2[C@@H]3CC[C@H]2C[C@H](CNC(=O)c2cscc2F)C3)C1,
30170,NC(=O)CCC(=O)N[C@H]1C[C@H]2C[C@@H](NC(=O)[C@@H]3C[C@@H]4CCCCC[C@@H]43)C[C@H]2C1,"N'-((1R,3S,5S,7R)-7-((1S,7S,8R)-bicyclo[5.2.0]nonane-8-carboxamido)bicyclo[3.3.0]octan-3-yl)butanediamide",,NC(=O)CCC(=O)N[C@@H]1C[C@@H]2C[C@H](NC(=O)C3C[C@@H]4CCCCC[C@H]34)C[C@@H]2C1,
30176,CC(C)[C@H](C(=O)NC[C@@H]1CCOC1)N1[C@H]2CC[C@@H]1C[C@H](c1ccccc1)C2,"(2R)-3-methyl-N-(((3S)-oxolan-3-yl)methyl)-2-((1R,3R,5S)-3-phenyl-8-azabicyclo[3.2.1]octan-8-yl)butanamide",,CC(C)C(C(=O)NC[C@@H]1CCOC1)N1[C@@H]2CC[C@H]1C[C@@H](c1ccccc1)C2,
30237,C[C@H](CCO)C(=O)N[C@]12CCC[C@H]1N(C(=O)[C@@H]1CC[C@H]3C[C@H]3CC1)CC2,"(2R)-N-((1R,5S)-2-(((1R,4R,7S)-bicyclo[5.1.0]octan-4-yl)carbonyl)-2-azabicyclo[3.3.0]octan-5-yl)-4-hydroxy-2-methylbutanamide",,CC(CCO)C(=O)N[C@]12CCC[C@H]1N(C(=O)C1CC[C@@H]3C[C@@H]3CC1)CC2,
30271,CC(C)(C)CCCCC(=O)N[C@@H]1CCN(C(=O)[C@@H]2C[C@@H]3OC(C)(C)O[C@@H]3C2)C1,"N-((3R)-1-(((1R,5S,7R)-3,3-dimethyl-2,4-dioxabicyclo[3.3.0]octan-7-yl)carbonyl)pyrrolidin-3-yl)-6,6-dimethylheptanamide",,CC(C)(C)CCCCC(=O)N[C@@H]1CCN(C(=O)C2C[C@@H]3OC(C)(C)O[C@@H]3C2)C1,
30302,CC1(C)[C@H]2C[C@H](C(=O)N3[C@H](CNC(=O)CCNC(N)=O)C[C@@H]4C[C@@H]43)C[C@H]21,"3-(carbamoylamino)-N-(((1S,3S,5S)-2-(((1R,3S,5S)-6,6-dimethylbicyclo[3.1.0]hexan-3-yl)carbonyl)-2-azabicyclo[3.1.0]hexan-3-yl)methyl)propanamide",,CC1(C)[C@@H]2CC(C(=O)N3[C@H](CNC(=O)CCNC(N)=O)C[C@@H]4C[C@@H]43)C[C@@H]21,
30348,C=CC(C)(C)CC(=O)N1C[C@H]2[C@H](CNC(=O)CCCCCS(N)(=O)=O)[C@H]2C1,"6-(sulfamoyl)-N-(((1R,5S,6S)-3-(3,3-dimethyl-1-oxopent-4-en-1-yl)-3-azabicyclo[3.1.0]hexan-6-yl)methyl)hexanamide",,C=CC(C)(C)CC(=O)N1C[C@@H]2[C@@H](CNC(=O)CCCCCS(N)(=O)=O)[C@@H]2C1,
30357,C[C@H](NC(=O)NCCC1=CC[C@H]2C[C@@H]1C2(C)C)c1ccc(OCC2CC2)c(F)c1,"N-((1S)-1-(4-(cyclopropylmethoxy)-3-fluorophenyl)ethyl)-1-((2-((1R,5R)-6,6-dimethylbicyclo[3.1.1]hept-2-en-2-yl)ethyl)amino)formamide",C1(CC1)COC1=C(C=C(C=C1)[C@H](C)NC(=O)NCCC=1[C@H]2C([C@H](CC1)C2)(C)C)F,C[C@H](NC(=O)NCCC1=CC[C@H]2C[C@@H]1C2(C)C)c1ccc(OCC2CC2)c(F)c1,C[C@H](NC(=O)NCCC1=CC[C@@H]2C[C@@H]1C2(C)C)c1ccc(OCC2CC2)c(F)c1
30389,CCN(CC)CCCNC(=O)[C@H](CC1CC1)NC(=O)[C@@H]1[C@H]2CCCCC[C@H]21,"(2S)-2-((1R,7S,8R)-bicyclo[5.1.0]octane-8-carboxamido)-3-cyclopropyl-N-(3-(diethylamino)propyl)propanamide",,CCN(CC)CCCNC(=O)C(CC1CC1)NC(=O)C1[C@H]2CCCCC[C@@H]12,
30400,Cc1oncc1C(=O)N[C@H](C)C(=O)N(C)[C@H]1[C@@H]2CN(C(=O)CCC(F)(F)F)C[C@@H]21,"5-methyl-N-((2R)-1-oxo-1-(((1R,5S,6S)-3-(4,4,4-trifluoro-butyryl)-3-azabicyclo[3.1.0]hexan-6-yl)(methyl)amino)propan-2-yl)isoxazole-4-carboxamide",,Cc1oncc1C(=O)NC(C)C(=O)N(C)[C@H]1[C@@H]2CN(C(=O)CCC(F)(F)F)C[C@@H]21,
30600,C=C[C@@H](O)C(=O)N[C@H]1C[C@](C)(NC(=O)/C=C/c2cn(C)c3ccccc23)C1,"(2R)-2-hydroxy-N-((1R,3r)-3-methyl-3-((2E)-3-(1-methyl-1H-indol-3-yl)prop-2-enamido)cyclobutyl)but-3-enamide",,C=CC(O)C(=O)N[C@H]1C[C@](C)(NC(=O)/C=C/c2cn(C)c3ccccc23)C1,
30601,CC1(C(=O)N[C@H]2[C@@H]3CN(C(=O)C(F)(F)CF)C[C@@H]32)CC1,"1-methyl-N-((1R,5S,6S)-3-(2,2,3-trifluoro-propionyl)-3-azabicyclo[3.1.0]hexan-6-yl)cyclopropanecarboxamide",,CC1(C(=O)N[C@H]2[C@@H]3CN(C(=O)C(F)(F)CF)C[C@@H]32)CC1,
30603,CN(C(=O)c1cnc2cccnn12)[C@H]1[C@@H]2CN(C(=O)CN3CCCOC3=O)C[C@@H]21,"N-methyl-N-((1R,5S,6S)-3-(1-oxo-2-(2-oxo-1-oxa-3-azacyclohexan-3-yl)ethyl)-3-azabicyclo[3.1.0]hexan-6-yl)-1,2,7-triazabicyclo[4.3.0]nona-2,4,6,8-tetraene-9-carboxamide",,CN(C(=O)c1cnc2cccnn12)[C@H]1[C@@H]2CN(C(=O)CN3CCCOC3=O)C[C@@H]21,
30616,CO[C@]1(C(=O)N2C[C@H]3C[C@H](F)C[C@H]3C2)CCN(C(=O)CC2CC(C)C2)C1,"1-((3R)-3-(((1R,5S,7S)-7-fluoro-3-azabicyclo[3.3.0]octan-3-yl)carbonyl)-3-methoxypyrrolidin-1-yl)-2-(3-methylcyclobutyl)ethan-1-one",,CO[C@]1(C(=O)N2C[C@H]3C[C@H](F)C[C@H]3C2)CCN(C(=O)CC2CC(C)C2)C1,
30617,COC[C@@H]1C[C@H]1C(=O)N1CCCC[C@@H]1CCC(C)(C)NC(=O)[C@@H]1[C@H]2COC[C@H]21,"(1R,5S,6R)-N-(4-((2R)-1-(((1R,2R)-2-(methoxymethyl)cyclopropyl)carbonyl)piperidin-2-yl)-2-methylbutan-2-yl)-3-oxabicyclo[3.1.0]hexane-6-carboxamide",,COC[C@@H]1CC1C(=O)N1CCCC[C@@H]1CCC(C)(C)NC(=O)C1[C@H]2COC[C@@H]12,
30675,Cc1coc(C(=O)N[C@H]2CN(C(=O)[C@]3(C)C[C@@H](C#N)C3)CC[C@@H]2C)c1C,"3,4-dimethyl-N-((3R,4S)-4-methyl-1-(((1R,3r)-1-methyl-3-(nitrilomethyl)cyclobutyl)carbonyl)piperidin-3-yl)furan-2-carboxamide",,Cc1coc(C(=O)N[C@H]2CN(C(=O)[C@]3(C)C[C@@H](C#N)C3)CC[C@@H]2C)c1C,
30686,O=C([C@@H]1C[C@H]2CCC[C@H](C2)C1)N1CC[C@@H](n2cc(-c3cncnc3)nn2)[C@H](O)C1,"1-((1R,3R,5S)-bicyclo[3.3.1]nonan-3-yl)-1-((3R,4R)-3-hydroxy-4-(4-(pyrimidin-5-yl)-1H-1,2,3-triazol-1-yl)piperidin-1-yl)methanone",,O=C(C1C[C@H]2CCC[C@@H](C1)C2)N1CC[C@@H](n2cc(-c3cncnc3)nn2)[C@H](O)C1,
30730,CC[C@@H]1OCC[C@@H]1C(=O)N[C@@H]1CCCN(C(=O)[C@@H]2C[C@H]3C=CC[C@@H](C3)C2)[C@@H]1C,"(2S,3S)-N-((2R,3R)-1-(((1R,3S,5S)-bicyclo[3.3.1]non-6-en-3-yl)carbonyl)-2-methylpiperidin-3-yl)-2-ethyloxolane-3-carboxamide",[C@@H]12C[C@@H](C[C@@H](C=CC1)C2)C(=O)N2[C@@H]([C@@H](CCC2)NC(=O)[C@@H]2[C@@H](OCC2)CC)C,CC[C@@H]1OCCC1C(=O)N[C@@H]1CCCN(C(=O)C2C[C@H]3C=CC[C@H](C2)C3)[C@@H]1C,CC[C@@H]1OCCC1C(=O)N[C@@H]1CCCN(C(=O)C2C[C@H]3C=CC[C@@H](C2)C3)[C@@H]1C
30766,CC(C)OCC(=O)N1[C@H]2CC[C@@H]1C[C@](O)(CNC(=O)c1cc3c(o1)CCCC3)C2,"N-(((1R,3S,5S)-3-hydroxy-8-(2-isopropoxy-acetyl)-8-azabicyclo[3.2.1]octan-3-yl)methyl)-7-oxabicyclo[4.3.0]nona-1(6),8-diene-8-carboxamide",,CC(C)OCC(=O)N1[C@@H]2CC[C@H]1C[C@@](O)(CNC(=O)c1cc3c(o1)CCCC3)C2,
30788,O=C(c1ccnnc1)N1CCC2(CC1)CCN(C(=O)[C@@H]1[C@@H]3C[C@H]3[C@H]3C[C@H]31)CC2,"1-(pyridazin-4-yl)-1-(9-(((1R,2S,4R,5R,6R)-tricyclo[4.1.0.0^{2,4}]heptan-5-yl)carbonyl)-3,9-diazaspiro[5.5]undecan-3-yl)methanone",,O=C(c1ccnnc1)N1CCC2(CC1)CCN(C(=O)C1[C@@H]3C[C@@H]3[C@@H]3C[C@@H]13)CC2,
30863,CCCc1nccn1CC(=O)N1CCC2(CC1)C[C@H]2CNC(=O)[C@@H]1[C@H]2CCC[C@H]21,"(1R,5S,6R)-N-(((1R)-6-(1-oxo-2-(2-propyl-1H-imidazol-1-yl)ethyl)-6-azaspiro[2.5]octan-1-yl)methyl)bicyclo[3.1.0]hexane-6-carboxamide",,CCCc1nccn1CC(=O)N1CCC2(CC1)C[C@H]2CNC(=O)C1[C@H]2CCC[C@@H]12,
30946,Cc1ccc(C(=O)N2CC[C@H](CNC(=O)C3=C[C@H]4CCC=CCC[C@H]34)C2)s1,"(1S,8S)-N-(((3R)-1-((5-methylthiophen-2-yl)carbonyl)pyrrolidin-3-yl)methyl)bicyclo[6.2.0]deca-4,9-diene-9-carboxamide",CC1=CC=C(S1)C(=O)N1C[C@H](CC1)CNC(=O)C=1[C@H]2CCC=CCC[C@H]2C1,Cc1ccc(C(=O)N2CC[C@H](CNC(=O)C3=C[C@H]4CCC=CCC[C@H]34)C2)s1,Cc1ccc(C(=O)N2CC[C@H](CNC(=O)C3=C[C@@H]4CCC=CCC[C@H]34)C2)s1
30958,C=CCC(C)(C)C(=O)N1C[C@H](C)[C@@H](NC(=O)c2c[nH]c3nc(F)ccc23)[C@H](C)C1,"N-((3R,4R,5S)-1-(2,2-dimethyl-1-oxopent-4-en-1-yl)-3,5-dimethylpiperidin-4-yl)-3-fluoro-2,9-diazabicyclo[4.3.0]nona-1(6),2,4,7-tetraene-7-carboxamide",,C=CCC(C)(C)C(=O)N1C[C@@H](C)[C@H](NC(=O)c2c[nH]c3nc(F)ccc23)[C@@H](C)C1,
30978,COCCOCCNC(=O)[C@]1(NC(=O)Cc2cc[nH]n2)C[C@@H](O)C1,3-hydroxy-N-(2-((2-methoxyethyl)oxy)ethyl)-1-(2-(1H-pyrazol-3-yl)acetamido)cyclobutanecarboxamide,OC1CC(C1)(C(=O)NCCOCCOC)NC(CC1=NNC=C1)=O,COCCOCCNC(=O)[C@]1(NC(=O)Cc2cc[nH]n2)C[C@@H](O)C1,COCCOCCNC(=O)C1(NC(=O)Cc2cc[nH]n2)CC(O)C1
30997,O=C(Cc1csnn1)N[C@H]1C[C@H]2COC[C@@H](C1)N2C(=O)[C@@H]1CN2CCC1CC2,"N-((1R,5S,7S)-9-(((3S)-1-azabicyclo[2.2.2]octan-3-yl)carbonyl)-3-oxa-9-azabicyclo[3.3.1]nonan-7-yl)-2-(1-thia-2,3-diazacyclopenta-2,4-dien-4-yl)acetamide",,O=C(Cc1csnn1)N[C@H]1C[C@H]2COC[C@@H](C1)N2C(=O)C1CN2CCC1CC2,
31028,Cc1c(Br)cccc1C(=O)N1C[C@H]2[C@@H](C1)[C@@H]2C(=O)N[C@@H]1CC12CCN(C)CC2,"(1R,5S,6R)-3-((3-bromo-2-methylphenyl)carbonyl)-N-((1R)-6-methyl-6-azaspiro[2.5]octan-1-yl)-3-azabicyclo[3.1.0]hexane-6-carboxamide",,Cc1c(Br)cccc1C(=O)N1C[C@@H]2C(C(=O)N[C@@H]3CC34CCN(C)CC4)[C@@H]2C1,
31127,COC(=O)[C@H](C)C(=O)NC[C@]1(F)C[C@H](CNC(=O)C[C@H](C)CC(C)C)C1,"methyl (2R)-2-((((1S,3s)-3-(((3R)-3,5-dimethylhexanamido)methyl)-1-fluorocyclobutyl)methyl)carbamoyl)propanoate",,COC(=O)C(C)C(=O)NC[C@]1(F)C[C@H](CNC(=O)C[C@H](C)CC(C)C)C1,
31130,O=C(C[C@@H]1CC[C@H]2C[C@H]2C1)Nc1c2c(nc3ccccc13)OCCO2,"2-((1R,3R,6S)-bicyclo[4.1.0]heptan-3-yl)-N-(11,14-dioxa-9-azatricyclo[8.4.0.0^{3,8}]tetradeca-1,3,5,7,9-pentaen-2-yl)acetamide",[C@H]12C[C@@H](CC[C@H]2C1)CC(=O)NC1=C2OCCOC2=NC2=CC=CC=C12,O=C(C[C@@H]1CC[C@H]2C[C@H]2C1)Nc1c2c(nc3ccccc13)OCCO2,O=C(C[C@@H]1CC[C@H]2C[C@@H]2C1)Nc1c2c(nc3ccccc13)OCCO2
31221,Cc1nocc1C(=O)NCC1(F)CC(NC(=O)[C@H]2C[C@@H]3C[C@H](C2)CC(F)(F)C3)C1,"N-((3-((1R,3S,5S)-7,7-difluorobicyclo[3.3.1]nonane-3-carboxamido)-1-fluorocyclobutyl)methyl)-3-methylisoxazole-4-carboxamide",,Cc1nocc1C(=O)NCC1(F)CC(NC(=O)C2C[C@@H]3C[C@H](C2)CC(F)(F)C3)C1,
31322,C#CCC(CC#C)C(=O)NC[C@]1(NC(=O)C[C@@H](C)OC)C[C@](OC)(C(F)(F)F)C1,"N-(((1S,3r)-3-methoxy-1-((3R)-3-methoxybutanamido)-3-(trifluoromethyl)cyclobutyl)methyl)-2-(prop-2-yn-1-yl)pent-4-ynamide",,C#CCC(CC#C)C(=O)NC[C@]1(NC(=O)C[C@@H](C)OC)C[C@](OC)(C(F)(F)F)C1,
31323,Cc1c(I)cc(CN2[C@H]3CCC[C@@H]2C[C@@H](NC(=O)c2cnccc2Cl)C3)cc1I,"4-chloro-N-((1R,3S,5S)-9-((3,5-diiodo-4-methylphenyl)methyl)-9-azabicyclo[3.3.1]nonan-3-yl)pyridine-3-carboxamide",,Cc1c(I)cc(CN2[C@@H]3CCC[C@H]2C[C@H](NC(=O)c2cnccc2Cl)C3)cc1I,
31422,CC[C@H](CCC(=O)N[C@]1(C)C[C@H](NC(=O)c2cccc(C#N)c2C)C1)OC,"(4R)-N-((1S,3r)-3-(3-cyano-2-methylbenzene-1-carboxamido)-1-methylcyclobutyl)-4-methoxyhexanamide",,CC[C@H](CCC(=O)N[C@]1(C)C[C@H](NC(=O)c2cccc(C#N)c2C)C1)OC,
31449,C[C@]1(NC(=O)C[C@H]2CC3(CC3)CO2)C[C@@H](NC(=O)CCCCNC(N)=O)C1,"5-(carbamoylamino)-N-((1R,3s)-3-methyl-3-(2-((6R)-5-oxaspiro[2.4]heptan-6-yl)acetamido)cyclobutyl)pentanamide",,C[C@]1(NC(=O)C[C@H]2CC3(CC3)CO2)C[C@@H](NC(=O)CCCCNC(N)=O)C1,
31458,Cn1cc(C(=O)NCCn2cc(C(=O)N3C[C@H]4C[C@H](F)C[C@H]4C3)cn2)cn1,"N-(2-(4-(((1R,5S,7S)-7-fluoro-3-azabicyclo[3.3.0]octan-3-yl)carbonyl)-1H-pyrazol-1-yl)ethyl)-1-methyl-1H-pyrazole-4-carboxamide",,Cn1cc(C(=O)NCCn2cc(C(=O)N3C[C@H]4C[C@H](F)C[C@H]4C3)cn2)cn1,
31460,O=C(CC(F)(F)C(F)F)NCc1cc(C(=O)N[C@H](C2CCC2)C2CC2)cs1,"N-((4-(((1R)-(cyclobutyl)(cyclopropyl)methyl)carbamoyl)thiophen-2-yl)methyl)-3,3,4,4-tetrafluorobutanamide",C1(CCC1)[C@@H](C1CC1)NC(=O)C=1C=C(SC1)CNC(CC(C(F)F)(F)F)=O,O=C(CC(F)(F)C(F)F)NCc1cc(C(=O)N[C@H](C2CCC2)C2CC2)cs1,O=C(CC(F)(F)C(F)F)NCc1cc(C(=O)N[C@@H](C2CCC2)C2CC2)cs1
31469,COCc1ccc(C(=O)N2C[C@H]3[C@H](NC(=O)[C@H]4CC(C(C)(C)C)=NO4)[C@H]3C2)cc1,"(5R)-3-(tert-butyl)-N-((1R,5S,6S)-3-((4-(methoxymethyl)phenyl)carbonyl)-3-azabicyclo[3.1.0]hexan-6-yl)-1-oxa-2-azacyclopent-2-ene-5-carboxamide",,COCc1ccc(C(=O)N2C[C@@H]3[C@H](C2)[C@H]3NC(=O)C2CC(C(C)(C)C)=NO2)cc1,
31485,Cc1occc1C(=O)NC[C@]1(O)CCCN(C(=O)[C@]23C[C@@H](C)[C@H]2C3)C1,"N-(((3R)-3-hydroxy-1-(((1S,3R,4R)-3-methylbicyclo[2.1.0]pentan-1-yl)carbonyl)piperidin-3-yl)methyl)-2-methylfuran-3-carboxamide",O[C@@]1(CN(CCC1)C(=O)[C@]12C[C@H]([C@H]2C1)C)CNC(=O)C1=C(OC=C1)C,Cc1occc1C(=O)NC[C@]1(O)CCCN(C(=O)[C@]23C[C@@H](C)[C@H]2C3)C1,Cc1occc1C(=O)NC[C@]1(O)CCCN(C(=O)[C@@]23C[C@@H](C)[C@H]2C3)C1
31590,C#CCSCC(=O)N[C@]1(C)C[C@H](NC(=O)c2cnc(O)c(C(F)(F)F)c2)C1,"N-((1R,3s)-3-(6-hydroxy-5-(trifluoromethyl)pyridine-3-carboxamido)-1-methylcyclobutyl)-2-((prop-2-yn-1-yl)sulfanyl)acetamide",,C#CCSCC(=O)N[C@]1(C)C[C@H](NC(=O)c2c[nH]c(=O)c(C(F)(F)F)c2)C1,
31742,CS(C)(=O)=Nc1cccc(C(=O)N2CC[C@@](CO)(NC(=O)[C@H]3C[C@@H]4C[C@@H]4C3)C2)c1,"(1R,3S,5S)-N-((3R)-1-((3-((dimethyl(oxo)-lambda^6-sulfanylidene)amino)phenyl)carbonyl)-3-(hydroxymethyl)pyrrolidin-3-yl)bicyclo[3.1.0]hexane-3-carboxamide",,CS(C)(=O)=Nc1cccc(C(=O)N2CC[C@@](CO)(NC(=O)C3C[C@@H]4C[C@@H]4C3)C2)c1,
31828,Cc1nc(F)ccc1C(=O)N1[C@H]2CC[C@@H]1C[C@H](NS(=O)(=O)c1ccn(C)n1)C2,"1-(6-fluoro-2-methylpyridin-3-yl)-1-((1R,3R,5S)-3-(1-methyl-1H-pyrazol-3-ylsulfonylamino)-8-azabicyclo[3.2.1]octan-8-yl)methanone",,Cc1nc(F)ccc1C(=O)N1[C@@H]2CC[C@H]1C[C@@H](NS(=O)(=O)c1ccn(C)n1)C2,
31877,Cc1nc(C=CC(=O)N[C@@H]2C[C@@H]3CC[C@H](C2)N3C(=O)C[C@]2(C)CCCO2)cs1,"N-((1R,3R,5S)-8-(2-((2S)-2-methyloxolan-2-yl)-acetyl)-8-azabicyclo[3.2.1]octan-3-yl)-3-(2-methylthiazol-4-yl)prop-2-enamide",,Cc1nc(C=CC(=O)N[C@H]2C[C@H]3CC[C@@H](C2)N3C(=O)C[C@]2(C)CCCO2)cs1,
31881,CC=CC=CC(=O)N1[C@H]2CC[C@@H]1C[C@@H](N(C)C(=O)CSC(F)F)C2,"2-((difluoromethyl)sulfanyl)-N-methyl-N-((1R,3S,5S)-8-(1-oxohexa-2,4-dien-1-yl)-8-azabicyclo[3.2.1]octan-3-yl)acetamide",,CC=CC=CC(=O)N1[C@@H]2CC[C@H]1C[C@H](N(C)C(=O)CSC(F)F)C2,
31910,CCS[C@H](C(=O)NC1(CC)CN(C(=O)CC2C[C@H]3C[C@@H]3C2)C1)C(C)C,"(2S)-N-(1-(2-((1S,5S)-bicyclo[3.1.0]hexan-3-yl)-acetyl)-3-ethyl-azetidin-3-yl)-2-(ethylsulfanyl)-3-methylbutanamide",[C@@H]12CC(C[C@@H]2C1)CC(=O)N1CC(C1)(CC)NC([C@H](C(C)C)SCC)=O,CCSC(C(=O)NC1(CC)CN(C(=O)CC2C[C@H]3C[C@@H]3C2)C1)C(C)C,CCSC(C(=O)NC1(CC)CN(C(=O)CC2C[C@@H]3C[C@H]3C2)C1)C(C)C
31980,C[C@@H]1CCCC[C@@H]1CC(=O)NC[C@H]1[C@@H]2CN(C(=O)c3ccnn3C3CCC3)C[C@H]12,"N-(((1R,5S,6S)-3-((1-cyclobutyl-1H-pyrazol-5-yl)carbonyl)-3-azabicyclo[3.1.0]hexan-6-yl)methyl)-2-((1R,2R)-2-methylcyclohexyl)acetamide",,C[C@@H]1CCCC[C@@H]1CC(=O)NC[C@@H]1[C@H]2CN(C(=O)c3ccnn3C3CCC3)C[C@@H]12,
31998,CC[C@H](C)CC(=O)N[C@H]1CCN(C(=O)[C@@]2(C)C[C@H](C)O[C@H](C)C2)CC1(C)C,"(3S)-N-((4S)-3,3-dimethyl-1-(((2R,4S,6S)-2,4,6-trimethyl-oxan-4-yl)carbonyl)piperidin-4-yl)-3-methylpentanamide",,CC[C@H](C)CC(=O)N[C@H]1CCN(C(=O)[C@]2(C)C[C@@H](C)O[C@@H](C)C2)CC1(C)C,
32001,COCCOCCC(=O)N1CCC[C@@]2(CCCN2C(=O)COC2CC(F)(F)C2)C1,"1-((5R)-1-(2-((3,3-difluorocyclobutyl)oxy)-acetyl)-1,7-diazaspiro[4.5]decan-7-yl)-3-((2-methoxyethyl)oxy)propan-1-one",FC1(CC(C1)OCC(=O)N1CCC[C@@]12CN(CCC2)C(CCOCCOC)=O)F,COCCOCCC(=O)N1CCC[C@@]2(CCCN2C(=O)COC2CC(F)(F)C2)C1,COCCOCCC(=O)N1CCC[C@]2(CCCN2C(=O)COC2CC(F)(F)C2)C1
32029,Cc1nc(N2C[C@H]3[C@H](NC(=O)CCCCC(C)(C)C)[C@H]3C2)[nH]c(=N)n1,"N-((1R,5S,6S)-3-(4-imino-6-methyl-1,3,5-triazacyclohexa-1,5-dien-2-yl)-3-azabicyclo[3.1.0]hexan-6-yl)-6,6-dimethylheptanamide",,Cc1nc(N)nc(N2C[C@@H]3[C@H](C2)[C@H]3NC(=O)CCCCC(C)(C)C)n1,
32144,C#CC[C@H](CC(F)F)C(=O)N1CC[C@H](C(=O)N(C)[C@@H]2C[C@@H](C)C[C@@H](C)C2)C12CC2,"(7S)-4-((2R)-2-(2,2-difluoroethyl)-1-oxopent-4-yn-1-yl)-N-((1R,3R,5S)-3,5-dimethylcyclohexyl)-N-methyl-4-azaspiro[2.4]heptane-7-carboxamide",,C#CCC(CC(F)F)C(=O)N1CCC(C(=O)N(C)[C@H]2C[C@H](C)C[C@H](C)C2)C12CC2,
32149,O=C(Cc1cnsc1)N[C@@H]1CCCN(C(=O)[C@H]2C[C@@H]3OC(=O)O[C@@H]3C2)C1,"2-(isothiazol-4-yl)-N-((3R)-1-(((1R,5S,7S)-3-oxo-2,4-dioxabicyclo[3.3.0]octan-7-yl)carbonyl)piperidin-3-yl)acetamide",,O=C(Cc1cnsc1)N[C@@H]1CCCN(C(=O)C2C[C@@H]3OC(=O)O[C@@H]3C2)C1,
32185,C[C@@H](C(=O)N(C)[C@H]1[C@@H]2CN(C(=O)c3cnc[nH]3)C[C@@H]21)c1cn(C)nc1C(F)F,"(2R)-2-(3-(difluoromethyl)-1-methyl-1H-pyrazol-4-yl)-N-((1R,5S,6S)-3-((1H-imidazol-5-yl)carbonyl)-3-azabicyclo[3.1.0]hexan-6-yl)-N-methylpropanamide",,CC(C(=O)N(C)[C@H]1[C@@H]2CN(C(=O)c3c[nH]cn3)C[C@@H]21)c1cn(C)nc1C(F)F,
32191,Cc1sc(O)nc1C(=O)N[C@]1(C)C[C@@H](NC(=O)C[C@]2(O)CCCOC2)C1,"2-hydroxy-N-((1R,3r)-3-(2-((3R)-3-hydroxy-oxan-3-yl)acetamido)-1-methylcyclobutyl)-5-methylthiazole-4-carboxamide",,Cc1sc(=O)[nH]c1C(=O)N[C@]1(C)C[C@@H](NC(=O)C[C@]2(O)CCCOC2)C1,
32193,C#C[C@]1(O)C[C@@H](C(=O)N[C@]2(C)C[C@@H](NC(=O)Cn3ccc(C)n3)C2)C1,"3-(ethynyl)-3-hydroxy-N-((1R,3r)-1-methyl-3-(2-(3-methyl-1H-pyrazol-1-yl)acetamido)cyclobutyl)cyclobutanecarboxamide",,C#CC1(O)CC(C(=O)N[C@]2(C)C[C@@H](NC(=O)Cn3ccc(C)n3)C2)C1,
32194,CN(C)[C@H](C(=O)NC[C@]1(F)C[C@H](NC(=O)c2ccc(O)nc2)C1)C1CC1,"(2S)-2-cyclopropyl-2-(dimethylamino)-N-(((1S,3s)-1-fluoro-3-(6-hydroxypyridine-3-carboxamido)cyclobutyl)methyl)acetamide",,CN(C)C(C(=O)NC[C@]1(F)C[C@H](NC(=O)c2ccc(=O)[nH]c2)C1)C1CC1,
32261,CCCC(C)(C)CC(=O)N[C@]1(C)C[C@@H](NC(=O)[C@@H](C)P(C)(C)=O)C1,"N-((1R,3r)-3-((2R)-2-(dimethyloxophosphanyl)propanamido)-1-methylcyclobutyl)-3,3-dimethylhexanamide",,CCCC(C)(C)CC(=O)N[C@]1(C)C[C@@H](NC(=O)C(C)P(C)(C)=O)C1,
32266,CN(C)[C@@H](CNC(=O)[C@H]1C[C@@H]2CC[C@H](C1)N2C(=O)OC(C)(C)C)C1CC1,"tert-butyl (1R,3S,5S)-3-(((2R)-2-cyclopropyl-2-(dimethylamino)ethyl)carbamoyl)-8-azabicyclo[3.2.1]octane-8-carboxylate",,CN(C)[C@@H](CNC(=O)C1C[C@H]2CC[C@@H](C1)N2C(=O)OC(C)(C)C)C1CC1,
32285,C[C@@H](NC(=O)C1=C[C@@H]2CCC=CCC[C@@H]12)C1CCN(C(=O)C2CCOCC2)CC1,"(1R,8R)-N-((1R)-1-(1-((oxan-4-yl)carbonyl)piperidin-4-yl)ethyl)bicyclo[6.2.0]deca-4,9-diene-9-carboxamide",O1CCC(CC1)C(=O)N1CCC(CC1)[C@@H](C)NC(=O)C=1[C@@H]2CCC=CCC[C@@H]2C1,C[C@@H](NC(=O)C1=C[C@@H]2CCC=CCC[C@@H]12)C1CCN(C(=O)C2CCOCC2)CC1,C[C@@H](NC(=O)C1=C[C@H]2CCC=CCC[C@@H]12)C1CCN(C(=O)C2CCOCC2)CC1
32287,CCCC[C@H](C)CCC(=O)NC[C@]1(F)C[C@@H](NC(=O)c2cnc(C)nc2)C1,"(4S)-N-(((1S,3r)-1-fluoro-3-(2-methylpyrimidine-5-carboxamido)cyclobutyl)methyl)-4-methyloctanamide",,CCCC[C@H](C)CCC(=O)NC[C@]1(F)C[C@@H](NC(=O)c2cnc(C)nc2)C1,
32341,O=C(CCCCc1ccc(Cl)c(Cl)c1)N[C@H](CO)CNC(=O)[C@@H]1[C@H]2CCC[C@H]21,"N-((2S)-1-((1R,5S,6R)-bicyclo[3.1.0]hexane-6-carboxamido)-3-hydroxypropan-2-yl)-5-(3,4-dichlorophenyl)pentanamide",,O=C(CCCCc1ccc(Cl)c(Cl)c1)N[C@H](CO)CNC(=O)C1[C@H]2CCC[C@@H]12,
32362,O=C(NCc1c[nH]nc1C(=O)N1C[C@@H]2[C@@H](CO)[C@@H]2C1)c1cccc(O)c1F,"2-fluoro-3-hydroxy-N-((3-(((1R,5S,6R)-6-(hydroxymethyl)-3-azabicyclo[3.1.0]hexan-3-yl)carbonyl)-1H-pyrazol-4-yl)methyl)benzamide",,O=C(NCc1c[nH]nc1C(=O)N1C[C@@H]2[C@@H](CO)[C@@H]2C1)c1cccc(O)c1F,
32425,C[C@H]1C[C@@H](C)O[C@H]1C(=O)NC[C@@H]1CC[C@@H]2CN(C(=O)[C@@H]3[C@@H](C)[C@H]3C)CC[C@@H]2C1,"(2R,3S,5R)-N-(((1S,6S,8R)-3-(((1R,2R,3S)-2,3-dimethylcyclopropyl)carbonyl)-3-azabicyclo[4.4.0]decan-8-yl)methyl)-3,5-dimethyloxolane-2-carboxamide",,C[C@@H]1C[C@H](C)C(C(=O)NC[C@@H]2CC[C@@H]3CN(C(=O)C4[C@@H](C)[C@H]4C)CC[C@@H]3C2)O1,
32430,O=C(Cn1cnnn1)NC[C@H](NC(=O)[C@H]1C[C@H]2COC[C@H](C2)C1)C1CCCC1,"N-((2R)-2-cyclopentyl-2-((1R,5S,7S)-3-oxabicyclo[3.3.1]nonane-7-carboxamido)ethyl)-2-(1H-tetrazol-1-yl)acetamide",,O=C(Cn1cnnn1)NC[C@H](NC(=O)C1C[C@H]2COC[C@@H](C1)C2)C1CCCC1,
32539,COCc1cncc(C(=O)N2C[C@H](C)[C@@H](Nc3ccnc(C#N)n3)[C@H](C)C2)c1,"4-(((3R,4R,5S)-1-((5-(methoxymethyl)pyridin-3-yl)carbonyl)-3,5-dimethylpiperidin-4-yl)amino)pyrimidine-2-carbonitrile",,COCc1cncc(C(=O)N2C[C@@H](C)[C@H](Nc3ccnc(C#N)n3)[C@@H](C)C2)c1,
32599,CC(=Cc1ccco1)C(=O)NC[C@H]1[C@@H]2CN(C(=O)C3(CF)CC(F)(F)C3)C[C@H]12,"N-(((1R,5S,6S)-3-((3,3-difluoro-1-(fluoromethyl)cyclobutyl)carbonyl)-3-azabicyclo[3.1.0]hexan-6-yl)methyl)-3-(furan-2-yl)-2-methylprop-2-enamide",,CC(=Cc1ccco1)C(=O)NC[C@@H]1[C@H]2CN(C(=O)C3(CF)CC(F)(F)C3)C[C@@H]12,
32678,CC(C)C[C@H](F)C(=O)N(C)[C@H]1[C@@H]2CN(C(=O)c3c[nH]c(=N)nc3C(F)(F)F)C[C@@H]21,"(2S)-2-fluoro-N-((1R,5S,6S)-3-((2-imino-4-(trifluoromethyl)-1,3-diazacyclohexa-3,5-dien-5-yl)carbonyl)-3-azabicyclo[3.1.0]hexan-6-yl)-4,N-dimethylpentanamide",,CC(C)CC(F)C(=O)N(C)[C@H]1[C@@H]2CN(C(=O)c3cnc(N)nc3C(F)(F)F)C[C@@H]21,
32704,C[C@@H](CCNC(=O)[C@@H]1CC(=O)NC1(C)C)NC(=O)[C@@H]1C[C@H]2C[C@H]2C[C@H]1C,"(3R)-2,2-dimethyl-N-((3S)-3-((1R,3R,4R,6R)-4-methylbicyclo[4.1.0]heptane-3-carboxamido)butyl)-5-oxopyrrolidine-3-carboxamide",CC1(NC(C[C@H]1C(=O)NCC[C@H](C)NC(=O)[C@@H]1C[C@H]2C[C@@H]2C[C@H]1C)=O)C,C[C@@H]1C[C@@H]2C[C@@H]2CC1C(=O)N[C@@H](C)CCNC(=O)C1CC(=O)NC1(C)C,C[C@@H]1C[C@H]2C[C@@H]2CC1C(=O)N[C@@H](C)CCNC(=O)C1CC(=O)NC1(C)C
32715,COCC1(CNC(=O)[C@@H]2[C@H]3CCC[C@H]32)CCN(C(=O)c2cc(Cl)ncc2O)CC1,"(1R,5S,6R)-N-((1-((2-chloro-5-hydroxypyridin-4-yl)carbonyl)-4-(methoxymethyl)piperidin-4-yl)methyl)bicyclo[3.1.0]hexane-6-carboxamide",,COCC1(CNC(=O)C2[C@H]3CCC[C@@H]23)CCN(C(=O)c2cc(Cl)ncc2O)CC1,
32740,CC[C@H](C)CCC(=O)NC[C@]1(F)C[C@H](CNC(=O)c2ccnc3ncccc23)C1,"(4S)-N-(((1S,3s)-1-fluoro-3-((1,8-naphthyridine-4-carboxamido)methyl)cyclobutyl)methyl)-4-methylhexanamide",,CC[C@H](C)CCC(=O)NC[C@]1(F)C[C@H](CNC(=O)c2ccnc3ncccc23)C1,
32752,Cc1ccc(CC(=O)N2CCN(C(=O)C3=C[C@H]4CCC[C@H]34)CC23CC3)s1,"1-(7-(((1S,5S)-bicyclo[3.2.0]hept-6-en-6-yl)carbonyl)-4,7-diazaspiro[2.5]octan-4-yl)-2-(5-methylthiophen-2-yl)ethan-1-one",[C@H]12CCC[C@@H]2C(=C1)C(=O)N1CCN(C2(CC2)C1)C(CC=1SC(=CC1)C)=O,Cc1ccc(CC(=O)N2CCN(C(=O)C3=C[C@H]4CCC[C@H]34)CC23CC3)s1,Cc1ccc(CC(=O)N2CCN(C(=O)C3=C[C@@H]4CCC[C@H]34)CC23CC3)s1
32774,COCC1(C(=O)N[C@H]2[C@@H]3CN(C(=O)[C@@H]4C[C@H]4c4ccc(Cl)s4)C[C@@H]32)COC1,"N-((1R,5S,6S)-3-(((1R,2R)-2-(5-chlorothiophen-2-yl)cyclopropyl)carbonyl)-3-azabicyclo[3.1.0]hexan-6-yl)-3-(methoxymethyl)-1-oxacyclobutane-3-carboxamide",,COCC1(C(=O)N[C@H]2[C@@H]3CN(C(=O)C4C[C@H]4c4ccc(Cl)s4)C[C@@H]32)COC1,
32807,C[C@H]1C[C@@H](C(=O)N2CCN(C(=O)c3nncc4ccccc34)[C@@H](C)C2)C[C@@H](C)O1,"1-((3S)-4-((3,4-diazabicyclo[4.4.0]deca-1(10),2,4,6,8-pentaen-2-yl)carbonyl)-3-methylpiperazin-1-yl)-1-((2R,4R,6S)-2,6-dimethyl-oxan-4-yl)methanone",,C[C@@H]1CC(C(=O)N2CCN(C(=O)c3nncc4ccccc34)[C@@H](C)C2)C[C@H](C)O1,
32894,Cc1noc(C)c1[C@H](C)C(=O)NC[C@]1(F)C[C@@H](NC(=O)C=C2CCOCC2)C1,"(2S)-2-(3,5-dimethylisoxazol-4-yl)-N-(((1S,3r)-1-fluoro-3-(2-(oxan-4-ylidene)acetamido)cyclobutyl)methyl)propanamide",,Cc1noc(C)c1C(C)C(=O)NC[C@]1(F)C[C@@H](NC(=O)C=C2CCOCC2)C1,
32896,COc1cc(C)[nH]c(=NC[C@H]2C[C@@H]3CC[C@H](C2)N3C(=O)[C@@H]2CCC[C@@H]3C[C@@H]32)n1,"1-((1S,2R,6R)-bicyclo[4.1.0]heptan-2-yl)-1-((1R,3S,5S)-3-(((4-methoxy-6-methyl-1,3-diazacyclohexa-3,5-dien-2-ylidene)amino)methyl)-8-azabicyclo[3.2.1]octan-8-yl)methanone",,COc1cc(C)nc(NC[C@@H]2C[C@H]3CC[C@@H](C2)N3C(=O)C2CCC[C@@H]3C[C@H]23)n1,
32955,C[C@]1(CCC(=O)NCC[C@H]2CN(C(=O)CCC3CC3)CCS2(=O)=O)CCC(=O)N1,"N-(2-((2S)-4-(3-cyclopropyl-propionyl)-1,1-dioxothiomorpholin-2-yl)ethyl)-3-((2S)-2-methyl-5-oxopyrrolidin-2-yl)propanamide",C1(CC1)CCC(=O)N1C[C@@H](S(CC1)(=O)=O)CCNC(CC[C@]1(NC(CC1)=O)C)=O,C[C@]1(CCC(=O)NCC[C@H]2CN(C(=O)CCC3CC3)CCS2(=O)=O)CCC(=O)N1,C[C@@]1(CCC(=O)NCC[C@H]2CN(C(=O)CCC3CC3)CCS2(=O)=O)CCC(=O)N1
33113,C[C@H](C(=O)N1CCC(C)(C(=O)N2C[C@@H]3[C@@H](CO)[C@@H]3C2)CC1)C1CCOCC1,"(2S)-1-(4-(((1R,5S,6R)-6-(hydroxymethyl)-3-azabicyclo[3.1.0]hexan-3-yl)carbonyl)-4-methylpiperidin-1-yl)-2-(oxan-4-yl)propan-1-one",,CC(C(=O)N1CCC(C)(C(=O)N2C[C@@H]3[C@@H](CO)[C@@H]3C2)CC1)C1CCOCC1,
33162,CC(C)(C)c1cc(C(=O)NC[C@H]2C[C@@H]3CC[C@H](C2)N3C(=O)C2(CCO)CC2)cs1,"5-(tert-butyl)-N-(((1R,3S,5S)-8-((1-(2-hydroxyethyl)cyclopropyl)carbonyl)-8-azabicyclo[3.2.1]octan-3-yl)methyl)thiophene-3-carboxamide",,CC(C)(C)c1cc(C(=O)NC[C@@H]2C[C@H]3CC[C@@H](C2)N3C(=O)C2(CCO)CC2)cs1,
33182,CC[C@H](C)NC(=O)[C@@H]([C@H]1C[C@@H]2OC(C)(C)O[C@@H]2C1)N1CCC(CCC(N)=O)CC1,"3-(1-((1R)-2-(((2S)-butan-2-yl)amino)-1-((1R,5S,7S)-3,3-dimethyl-2,4-dioxabicyclo[3.3.0]octan-7-yl)-2-oxoethyl)piperidin-4-yl)propanamide",,CC[C@H](C)NC(=O)C([C@H]1C[C@@H]2OC(C)(C)O[C@@H]2C1)N1CCC(CCC(N)=O)CC1,
33283,Cc1nc(Cl)nc(N2[C@H]3CC[C@@H]2C[C@H](NC(=O)C[C@H]2CC[C@@H](O)C2)C3)c1Cl,"N-((1R,3R,5S)-8-(2,5-dichloro-6-methylpyrimidin-4-yl)-8-azabicyclo[3.2.1]octan-3-yl)-2-((1S,3R)-3-hydroxycyclopentyl)acetamide",,Cc1nc(Cl)nc(N2[C@@H]3CC[C@H]2C[C@@H](NC(=O)C[C@H]2CC[C@@H](O)C2)C3)c1Cl,
33359,CC(C)[C@H](CNC(=O)[C@H]1C[C@H]2COC[C@H](C2)C1)NC(=O)C(C)(C)C1CCC1,"(1R,5S,7S)-N-((2R)-2-(2-cyclobutyl-2-methylpropanamido)-3-methylbutyl)-3-oxabicyclo[3.3.1]nonane-7-carboxamide",,CC(C)[C@H](CNC(=O)C1C[C@H]2COC[C@@H](C1)C2)NC(=O)C(C)(C)C1CCC1,
33405,O=C(C=CC1CCC1)NC[C@@H]1C[C@@H]2COC[C@@H]2N1C(=O)[C@H]1CC[C@H]2C[C@H]2CC1,"N-(((1S,5R,7S)-6-(((1R,4S,7S)-bicyclo[5.1.0]octan-4-yl)carbonyl)-3-oxa-6-azabicyclo[3.3.0]octan-7-yl)methyl)-3-cyclobutylprop-2-enamide",,O=C(C=CC1CCC1)NC[C@@H]1C[C@@H]2COC[C@@H]2N1C(=O)C1CC[C@@H]2C[C@@H]2CC1,
33445,C[C@@H](CN(C)C(=O)[C@H]1C[C@@H]2CC[C@H](C1)[C@@H]2O)NC(=O)c1cc(Cl)ncc1N,"5-amino-2-chloro-N-((2S)-1-(N-methyl(1R,3S,5S,8R)-8-hydroxybicyclo[3.2.1]octane-3-carboxamido)propan-2-yl)pyridine-4-carboxamide",,C[C@@H](CN(C)C(=O)C1C[C@H]2CC[C@@H](C1)[C@H]2O)NC(=O)c1cc(Cl)ncc1N,
33452,C=CCSCC(=O)N1C[C@H](C)[C@@H](NC(=O)/C=C/c2cncc(O)c2)[C@H](C)C1,"(2E)-N-((3R,4R,5S)-3,5-dimethyl-1-(1-oxo-2-((prop-2-en-1-yl)sulfanyl)ethyl)piperidin-4-yl)-3-(5-hydroxypyridin-3-yl)prop-2-enamide",,C=CCSCC(=O)N1C[C@@H](C)[C@H](NC(=O)/C=C/c2cncc(O)c2)[C@@H](C)C1,
33497,CC[C@@H](SC)C(=O)N[C@]1(C)C[C@@H](NC(=O)c2c[nH]nc2C2CC2)C1,"(2R)-N-((1R,3r)-3-(3-cyclopropyl-1H-pyrazole-4-carboxamido)-1-methylcyclobutyl)-2-(methylsulfanyl)butanamide",,CCC(SC)C(=O)N[C@]1(C)C[C@@H](NC(=O)c2c[nH]nc2C2CC2)C1,
33544,C[C@]1(NC(=O)c2cnc(-c3ccccc3)o2)C[C@@H](NC(=O)C2(O)CCC2)C1,"N-((1R,3s)-3-(1-hydroxycyclobutanecarboxamido)-1-methylcyclobutyl)-2-phenyloxazole-5-carboxamide",,C[C@]1(NC(=O)c2cnc(-c3ccccc3)o2)C[C@@H](NC(=O)C2(O)CCC2)C1,
33648,CCCc1nc(=N[C@H]2C[C@](F)(CNC(=O)CCCOc3ccccc3C)C2)s[nH]1,"N-(((1S,3r)-1-fluoro-3-((3-propyl-1-thia-2,4-diazacyclopent-3-en-5-ylidene)amino)cyclobutyl)methyl)-4-((2-methylphenyl)oxy)butanamide",,CCCc1nsc(N[C@H]2C[C@](F)(CNC(=O)CCCOc3ccccc3C)C2)n1,
33669,C=CC(F)(F)C(=O)N[C@@H]1C[C@H]2CC[C@@H](C1)N2C(=O)C1=CC=C2OC(C)(C)CC2=C1,"N-((1R,3S,5S)-8-((8,8-dimethyl-7-oxabicyclo[4.3.0]nona-1(6),2,4-trien-3-yl)carbonyl)-8-azabicyclo[3.2.1]octan-3-yl)-2,2-difluorobut-3-enamide",,C=CC(F)(F)C(=O)N[C@@H]1C[C@H]2CC[C@@H](C1)N2C(=O)c1ccc2c(c1)CC(C)(C)O2,
33702,CCc1nc(C)[nH]c1C(=O)NC[C@]12C[C@@H]1CN(C(=O)[C@]13CC[C@H](CC1)C3(C)C)C2,"N-(((1S,5S)-3-((7,7-dimethylbicyclo[2.2.1]heptan-1-yl)carbonyl)-3-azabicyclo[3.1.0]hexan-1-yl)methyl)-4-ethyl-2-methyl-1H-imidazole-5-carboxamide",CC1(C2(CCC1CC2)C(=O)N2C[C@]1(C[C@@H]1C2)CNC(=O)C2=C(N=C(N2)C)CC)C,CCc1[nH]c(C)nc1C(=O)NC[C@]12C[C@@H]1CN(C(=O)[C@]13CC[C@H](CC1)C3(C)C)C2,CCc1[nH]c(C)nc1C(=O)NC[C@]12C[C@@H]1CN(C(=O)C13CCC(CC1)C3(C)C)C2
33889,Cn1c(S)nnc1[C@@H]1CC[C@@H]1C(=O)N[C@H]1C[C@@](C)(NC(=O)C#C[C@H]2CCOC2)C1,"(1S,2R)-N-((1S,3r)-3-methyl-3-(3-((3R)-oxolan-3-yl)prop-2-ynamido)cyclobutyl)-2-(4-methyl-5-sulfanyl-4H-1,2,4-triazol-3-yl)cyclobutanecarboxamide",,Cn1c([C@@H]2CCC2C(=O)N[C@H]2C[C@@](C)(NC(=O)C#C[C@H]3CCOC3)C2)n[nH]c1=S,
33924,Cc1csc(CN(C)C(=O)[C@]2(NC(=O)[C@@H]3[C@H]4CCC(=O)[C@H]43)C[C@@H](O)C2)n1,"(1R,5S,6R)-N-((1S,3r)-3-hydroxy-1-(((4-methylthiazol-2-yl)methyl)(methyl)carbamoyl)cyclobutyl)-2-oxobicyclo[3.1.0]hexane-6-carboxamide",,Cc1csc(CN(C)C(=O)[C@]2(NC(=O)C3C4C(=O)CC[C@@H]43)C[C@@H](O)C2)n1,
33929,COc1n[nH]cc1C(=O)N[C@H]1[C@@H]2CN(C(=O)Cc3cccc(OC(C)C)c3)C[C@@H]21,"N-((1R,5S,6S)-3-(2-(3-isopropoxyphenyl)-acetyl)-3-azabicyclo[3.1.0]hexan-6-yl)-3-methoxy-1H-pyrazole-4-carboxamide",,COc1[nH]ncc1C(=O)N[C@H]1[C@@H]2CN(C(=O)Cc3cccc(OC(C)C)c3)C[C@@H]21,
33989,Cc1n[nH]c(C)c1CC(=O)N[C@H]1C[C@H]2COC[C@@H](C1)N2C(=O)[C@H](C)[C@@H](C)O,"2-(3,5-dimethyl-1H-pyrazol-4-yl)-N-((1R,5S,7S)-9-((2R,3R)-3-hydroxy-2-methyl-butyryl)-3-oxa-9-azabicyclo[3.3.1]nonan-7-yl)acetamide",,Cc1n[nH]c(C)c1CC(=O)N[C@H]1C[C@H]2COC[C@@H](C1)N2C(=O)C(C)[C@@H](C)O,
33992,C=C(C)Cn1nnnc1[C@@H](N[C@H]1C[C@@H]2C[C@@H]2C1)C12CCC(CC1)OC2,"(1R,3S,5S)-N-((1S)-(1-(2-methylprop-2-en-1-yl)-1H-tetrazol-5-yl)(2-oxabicyclo[2.2.2]octan-4-yl)methyl)bicyclo[3.1.0]hexan-3-amine",,C=C(C)Cn1nnnc1[C@@H](N[C@H]1C[C@@H]2C[C@@H]2C1)C12CCC(CC1)OC2,
34016,COC[C@@H](NC(=O)[C@]1(NC(=O)C2=NO[C@H](C)[C@H]2C)C[C@@H](O)C1)C(C)C,"(4S,5R)-N-((1R,3s)-3-hydroxy-1-(((2S)-1-methoxy-3-methylbutan-2-yl)carbamoyl)cyclobutyl)-4,5-dimethyl-1-oxa-2-azacyclopent-2-ene-3-carboxamide",,COC[C@@H](NC(=O)[C@]1(NC(=O)C2=NO[C@H](C)[C@H]2C)C[C@@H](O)C1)C(C)C,
34039,C[C@@H](CCCNC(=O)[C@@H]1C[C@H](C)O[C@H](C)C1)NC(=O)C1CC1,"(2R,4R,6S)-N-((4S)-4-cyclopropanecarboxamidopentyl)-2,6-dimethyloxane-4-carboxamide",,C[C@@H]1CC(C(=O)NCCC[C@H](C)NC(=O)C2CC2)C[C@H](C)O1,
34052,C[C@]1(NC(=O)c2cc(N)c(F)cn2)C[C@H](NC(=O)[C@H]2CCC(F)(F)C2)C1,"4-amino-N-((1S,3s)-3-((1S)-3,3-difluorocyclopentanecarboxamido)-1-methylcyclobutyl)-5-fluoropyridine-2-carboxamide",,C[C@]1(NC(=O)c2cc(N)c(F)cn2)C[C@H](NC(=O)C2CCC(F)(F)C2)C1,
34140,CS[C@@H](C)CCC(=O)N[C@H]1[C@@H]2CN(C(=O)Cn3cc(Br)c(=N)[nH]3)C[C@@H]21,"(4S)-N-((1R,5S,6S)-3-(2-(4-bromo-3-imino-1,2-diazacyclopent-4-en-1-yl)-acetyl)-3-azabicyclo[3.1.0]hexan-6-yl)-4-(methylsulfanyl)pentanamide",,CS[C@@H](C)CCC(=O)N[C@H]1[C@@H]2CN(C(=O)Cn3cc(Br)c(N)n3)C[C@@H]21,
34185,Cc1oc(C)c(C(=O)N2[C@@H]3COC[C@H]2C[C@@H](NC(=O)C=Cc2ccco2)C3)c1C,"3-(furan-2-yl)-N-((1R,5S,7S)-9-((2,4,5-trimethylfuran-3-yl)carbonyl)-3-oxa-9-azabicyclo[3.3.1]nonan-7-yl)prop-2-enamide",,Cc1oc(C)c(C(=O)N2[C@@H]3COC[C@H]2C[C@@H](NC(=O)C=Cc2ccco2)C3)c1C,
34241,C[C@]1(C(=O)NC[C@]2(F)C[C@H](NC(=O)c3cc[nH]c4nccc3-4)C2)C[C@H]2CC[C@@H]1O2,"N-((1R,3r)-3-fluoro-3-(((1S,2S,4R)-2-methyl-7-oxabicyclo[2.2.1]heptane-2-carboxamido)methyl)cyclobutyl)-2,9-diazabicyclo[4.3.0]nona-1(9),3,5,7-tetraene-5-carboxamide",,C[C@]1(C(=O)NC[C@]2(F)C[C@H](NC(=O)c3ccnc4[nH]ccc34)C2)C[C@H]2CC[C@@H]1O2,
34287,CCOC1CC(CN(C)CCN(C)C(=O)[C@H]2CC[C@H]3C[C@H]3CC2)C1,"(1R,4S,7S)-N-(2-(((3-ethoxycyclobutyl)methyl)(methyl)amino)ethyl)-N-methylbicyclo[5.1.0]octane-4-carboxamide",,CCOC1CC(CN(C)CCN(C)C(=O)C2CC[C@@H]3C[C@@H]3CC2)C1,
34293,CCSC1CCC(C(=O)N[C@H]2C[C@@](C)(NC(=O)[C@@H](C)N3CCOCC3)C2)CC1,"4-(ethylsulfanyl)-N-((1S,3r)-3-methyl-3-((2R)-2-(morpholin-4-yl)propanamido)cyclobutyl)cyclohexanecarboxamide",,CCSC1CCC(C(=O)N[C@H]2C[C@@](C)(NC(=O)C(C)N3CCOCC3)C2)CC1,
34404,CC(C)[C@@H](C)CC(=O)N1C[C@H]2C[C@H](NC(=O)C3C[C@@H]4CC[C@H](C3)S4)C[C@H]2C1,"(1R,5S)-N-((1R,5S,7S)-3-((3S)-3,4-dimethyl-pentanoyl)-3-azabicyclo[3.3.0]octan-7-yl)-8-thiabicyclo[3.2.1]octane-3-carboxamide",,CC(C)[C@@H](C)CC(=O)N1C[C@H]2C[C@H](NC(=O)C3C[C@H]4CC[C@@H](C3)S4)C[C@H]2C1,
34408,CC1=CCS[C@@H]1C(=O)N[C@H]1C[C@@H]2C[C@H](C1)CN(C(=O)[C@@H](C#N)C(C)(C)C)C2,"(2S)-N-((1R,5S,7S)-3-((2R)-2-cyano-3,3-dimethyl-butyryl)-3-azabicyclo[3.3.1]nonan-7-yl)-3-methyl-1-thiacyclopent-3-ene-2-carboxamide",,CC1=CCSC1C(=O)N[C@@H]1C[C@H]2C[C@@H](C1)CN(C(=O)C(C#N)C(C)(C)C)C2,
34411,COc1nscc1C(=O)N1CCCC(C)(C)[C@@H]1C(=O)NC[C@H]1C[C@@H]2CCC[C@@H]2C1,"(2R)-N-(((1R,3S,5S)-bicyclo[3.3.0]octan-3-yl)methyl)-1-((3-methoxyisothiazol-4-yl)carbonyl)-3,3-dimethylpiperidine-2-carboxamide",,COc1nscc1C(=O)N1CCCC(C)(C)C1C(=O)NC[C@@H]1C[C@H]2CCC[C@H]2C1,
34475,C[C@H](NC(=O)C(C1CC1)C1CC1)[C@H](C)C(=O)N1C[C@@H]2[C@@H](CO)[C@@H]2C1,"2,2-dicyclopropyl-N-((2S,3S)-3-(((1R,5S,6R)-6-(hydroxymethyl)-3-azabicyclo[3.1.0]hexan-3-yl)carbonyl)butan-2-yl)acetamide",,CC(C(=O)N1C[C@@H]2[C@@H](CO)[C@@H]2C1)[C@H](C)NC(=O)C(C1CC1)C1CC1,
34496,C[C@@H]1CC(C(=O)NC[C@H]2C[C@@](F)(CNC(=O)CO[C@@H]3CCOC3)C2)=NO1,"(5R)-N-(((1S,3s)-3-fluoro-3-((2-(((3R)-oxolan-3-yl)oxy)acetamido)methyl)cyclobutyl)methyl)-5-methyl-1-oxa-2-azacyclopent-2-ene-3-carboxamide",,C[C@@H]1CC(C(=O)NC[C@H]2C[C@@](F)(CNC(=O)CO[C@@H]3CCOC3)C2)=NO1,
34513,Cc1cc(C)n(CC(=O)N[C@H]2[C@@H]3CN(C(=O)c4c(Br)n[nH]c4C)C[C@@H]32)n1,"N-((1R,5S,6S)-3-((3-bromo-5-methyl-1H-pyrazol-4-yl)carbonyl)-3-azabicyclo[3.1.0]hexan-6-yl)-2-(3,5-dimethyl-1H-pyrazol-1-yl)acetamide",,Cc1cc(C)n(CC(=O)N[C@H]2[C@@H]3CN(C(=O)c4c(Br)n[nH]c4C)C[C@@H]32)n1,
34567,Cc1cc(C(=O)N[C@H]2[C@@H]3CN(c4ncnn5cccc45)C[C@@H]32)ccc1Cl,"4-chloro-3-methyl-N-((1R,5S,6S)-3-(1,2,4-triazabicyclo[4.3.0]nona-2,4,6,8-tetraen-5-yl)-3-azabicyclo[3.1.0]hexan-6-yl)benzamide",,Cc1cc(C(=O)N[C@H]2[C@@H]3CN(c4ncnn5cccc45)C[C@@H]32)ccc1Cl,
34623,CCCC[C@H](O)CCC(=O)N1CCCC[C@]12C[C@H](NC(=O)[C@@H](O)[C@@H](C)CC)C2,"(2S,3S)-2-hydroxy-N-(5-((4S)-4-hydroxy-1-oxooctyl)-5-azaspiro[3.5]nonan-2-yl)-3-methylpentanamide",O[C@H](C(=O)NC1CC2(C1)N(CCCC2)C(CC[C@H](CCCC)O)=O)[C@H](CC)C,CCCC[C@H](O)CCC(=O)N1CCCC[C@]12C[C@H](NC(=O)C(O)C(C)CC)C2,CCCC[C@H](O)CCC(=O)N1CCCCC12CC(NC(=O)C(O)C(C)CC)C2
34627,C#C[C@H]1[C@@H](C(=O)N2Cc3ccccc3[C@H](C)C2)C1(C)C,"1-((1R,2S)-2-(ethynyl)-3,3-dimethylcyclopropyl)-1-((5S)-5-methyl-3-azabicyclo[4.4.0]deca-1(10),6,8-trien-3-yl)methanone",C(#C)[C@@H]1[C@H](C1(C)C)C(=O)N1CC2=CC=CC=C2[C@@H](C1)C,C#C[C@H]1C(C(=O)N2Cc3ccccc3[C@H](C)C2)C1(C)C,C#C[C@@H]1C(C(=O)N2Cc3ccccc3[C@H](C)C2)C1(C)C
34691,O=C(CCCC1CCC1)NC[C@H]1C[C@](F)(CNC(=O)CS(=O)(=O)C2CCCC2)C1,"4-cyclobutyl-N-(((1S,3r)-3-((2-(cyclopentylsulfonyl)acetamido)methyl)-3-fluorocyclobutyl)methyl)butanamide",,O=C(CCCC1CCC1)NC[C@H]1C[C@](F)(CNC(=O)CS(=O)(=O)C2CCCC2)C1,
34758,C[C@@H]1OCC[C@@H]1C(=O)NC12CC(C)(C1)OC21CCN(C(=O)CSCC(N)=O)CC1,"(2S,3S)-2-methyl-N-(1-methylspiro[2-oxabicyclo[2.1.1]hexane-3,4'-(2-((2-(piperidin-1-yl)-2-oxoethyl)sulfanyl)acetamide)]-4-yl)oxolane-3-carboxamide",,C[C@@H]1OCCC1C(=O)NC12CC(C)(C1)OC21CCN(C(=O)CSCC(N)=O)CC1,
34830,Cc1[nH]c(=NC[C@H]2[C@@H]3CN(C(=O)C[C@H](C)c4ccncc4)C[C@H]23)ccc1C#N,"2-methyl-6-((((1R,5S,6S)-3-((3S)-1-oxo-3-(pyridin-4-yl)butyl)-3-azabicyclo[3.1.0]hexan-6-yl)methyl)imino)-1-azacyclohexa-2,4-diene-3-carbonitrile",,Cc1nc(NC[C@@H]2[C@H]3CN(C(=O)C[C@H](C)c4ccncc4)C[C@@H]23)ccc1C#N,
34888,CCC(C)(COC)C(=O)N1C[C@@H]2[C@@H](CNC(=O)[C@H]3CC[C@H](C4CCC4)CC3)[C@@H]2C1,"trans-4-cyclobutyl-N-(((1R,5S,6S)-3-(2-(methoxymethyl)-2-methyl-butyryl)-3-azabicyclo[3.1.0]hexan-6-yl)methyl)cyclohexanecarboxamide",,CCC(C)(COC)C(=O)N1C[C@@H]2[C@@H](CNC(=O)C3CCC(C4CCC4)CC3)[C@@H]2C1,
34893,CCn1cc(C(=O)N[C@H]2[C@@H]3CN(C(=O)Cc4cscn4)C[C@@H]32)nn1,"1-ethyl-N-((1R,5S,6S)-3-(1-oxo-2-(thiazol-4-yl)ethyl)-3-azabicyclo[3.1.0]hexan-6-yl)-1H-1,2,3-triazole-4-carboxamide",,CCn1cc(C(=O)N[C@H]2[C@@H]3CN(C(=O)Cc4cscn4)C[C@@H]32)nn1,
34897,CN(c1cccnn1)S(=O)(=O)CCCS(=O)(=O)NC[C@@H]1[C@H]2CC[C@H]21,"N-(3-((((1R,4S,5R)-bicyclo[2.1.0]pentan-5-yl)methyl)sulfamoyl)propylsulfonyl)-N-methylpyridazin-3-amine",,CN(c1cccnn1)S(=O)(=O)CCCS(=O)(=O)NC[C@H]1[C@@H]2CC[C@@H]21,
34963,C[C@H](C(=O)N1CCC[C@@]12CCCN(C(=O)c1cc(-c3ccco3)cs1)C2)N(C)C,"(2R)-2-(dimethylamino)-1-((5R)-7-((4-(furan-2-yl)thiophen-2-yl)carbonyl)-1,7-diazaspiro[4.5]decan-1-yl)propan-1-one",CN([C@@H](C(=O)N1CCC[C@@]12CN(CCC2)C(=O)C=2SC=C(C2)C=2OC=CC2)C)C,CC(C(=O)N1CCC[C@@]12CCCN(C(=O)c1cc(-c3ccco3)cs1)C2)N(C)C,CC(C(=O)N1CCC[C@]12CCCN(C(=O)c1cc(-c3ccco3)cs1)C2)N(C)C
35002,C=C1CCC(C(=O)N[C@H]2C[C@](F)(CNC(=O)c3ccccc3NC)C2)CC1,"N-(((1R,3s)-1-fluoro-3-(4-methylidenecyclohexanecarboxamido)cyclobutyl)methyl)-2-(methylamino)benzamide",,C=C1CCC(C(=O)N[C@H]2C[C@](F)(CNC(=O)c3ccccc3NC)C2)CC1,
35046,CCn1nc(C(=O)NC[C@H]2[C@@H]3CN(C(=O)c4c(C)noc4C4CC4)C[C@H]23)cc1O,"N-(((1R,5S,6S)-3-((5-cyclopropyl-3-methylisoxazol-4-yl)carbonyl)-3-azabicyclo[3.1.0]hexan-6-yl)methyl)-1-ethyl-5-hydroxy-1H-pyrazole-3-carboxamide",,CCn1[nH]c(C(=O)NC[C@@H]2[C@H]3CN(C(=O)c4c(C)noc4C4CC4)C[C@@H]23)cc1=O,
35059,COc1cscc1C(=O)N1CCC[C@@H]1C(=O)N1CC[C@]12CC[C@H](C)CC2,1-(4-methoxythiophen-3-yl)-1-((2R)-2-((7-methyl-1-azaspiro[3.5]nonan-1-yl)carbonyl)pyrrolidin-1-yl)methanone,COC=1C(=CSC1)C(=O)N1[C@H](CCC1)C(=O)N1CCC12CCC(CC2)C,COc1cscc1C(=O)N1CCCC1C(=O)N1CC[C@]12CC[C@H](C)CC2,COc1cscc1C(=O)N1CCCC1C(=O)N1CCC12CCC(C)CC2
35120,CC(C)(CC(=O)N1[C@H]2CC[C@@H]1C[C@H](NC(=O)[C@H]1CCc3nccn31)C2)C(F)F,"(8R)-N-((1R,3R,5S)-8-(3-(difluoromethyl)-3-methyl-butyryl)-8-azabicyclo[3.2.1]octan-3-yl)-1,4-diazabicyclo[3.3.0]octa-2,4-diene-8-carboxamide",,CC(C)(CC(=O)N1[C@@H]2CC[C@H]1C[C@@H](NC(=O)C1CCc3nccn31)C2)C(F)F,
35138,CO[C@@H](CNC(=O)[C@]1(NC(=O)c2cnn(C)c2Cl)C[C@@H](O)C1)CC1CC1,"5-chloro-N-((1R,3s)-1-(((2R)-3-cyclopropyl-2-methoxypropyl)carbamoyl)-3-hydroxycyclobutyl)-1-methyl-1H-pyrazole-4-carboxamide",,CO[C@@H](CNC(=O)[C@]1(NC(=O)c2cnn(C)c2Cl)C[C@@H](O)C1)CC1CC1,
35156,C[C@@H](C(=O)N[C@]1(C)C[C@@H](NC(=O)c2ccn(CC#N)n2)C1)N(C)CC(F)(F)F,"(2S)-N-((1R,3r)-1-methyl-3-(1-(2-nitriloethyl)-1H-pyrazole-3-carboxamido)cyclobutyl)-2-((2,2,2-trifluoroethyl)(methyl)amino)propanamide",,CC(C(=O)N[C@]1(C)C[C@@H](NC(=O)c2ccn(CC#N)n2)C1)N(C)CC(F)(F)F,
35186,CC[C@@H](C(=O)N1[C@H]2CC[C@@H]1C[C@@H](F)C2)N(C)C(=O)Cc1cnc(C)s1,"N-((2S)-1-((1R,3S,5S)-3-fluoro-8-azabicyclo[3.2.1]octan-8-yl)-1-oxobutan-2-yl)-N-methyl-2-(2-methylthiazol-5-yl)acetamide",,CCC(C(=O)N1[C@@H]2CC[C@H]1C[C@H](F)C2)N(C)C(=O)Cc1cnc(C)s1,
35191,C#C[C@H]1C[C@H]1C(=O)NC[C@H]1C[C@@H]2CC[C@H](C1)N2C(=O)c1c(F)c(F)cc(F)c1F,"(1R,2S)-2-(ethynyl)-N-(((1R,3S,5S)-8-((2,3,5,6-tetrafluorophenyl)carbonyl)-8-azabicyclo[3.2.1]octan-3-yl)methyl)cyclopropanecarboxamide",,C#C[C@H]1CC1C(=O)NC[C@@H]1C[C@H]2CC[C@@H](C1)N2C(=O)c1c(F)c(F)cc(F)c1F,
35209,O=C(Cc1cnoc1)N[C@H]1[C@@H]2CN(C(=O)[C@@H]3C[C@H](F)C(=O)N3)C[C@@H]21,"N-((1R,5S,6S)-3-(((2S,4S)-4-fluoro-5-oxopyrrolidin-2-yl)carbonyl)-3-azabicyclo[3.1.0]hexan-6-yl)-2-(isoxazol-4-yl)acetamide",,O=C(Cc1cnoc1)N[C@H]1[C@@H]2CN(C(=O)C3CC(F)C(=O)N3)C[C@@H]21,
35257,Cc1ccccc1[C@H](C)C(=O)N[C@H]1[C@@H]2CN(CC(=O)N3C[C@H](C)C[C@@H](C)C3)C[C@@H]21,"(2S)-N-((1R,5S,6S)-3-(2-((3R,5R)-3,5-dimethylpiperidin-1-yl)-2-oxoethyl)-3-azabicyclo[3.1.0]hexan-6-yl)-2-(2-methylphenyl)propanamide",,Cc1ccccc1C(C)C(=O)N[C@H]1[C@@H]2CN(CC(=O)N3C[C@H](C)C[C@@H](C)C3)C[C@@H]21,
35326,O=C1C[C@H]2[C@@H](C1)[C@@H]2C(=O)N[C@@H](CCF)C(=O)N1CC2(CC[C@@H]1CO)CC2,"(1R,5S,6R)-N-((2S)-4-fluoro-1-((6R)-6-(hydroxymethyl)-5-azaspiro[2.5]octan-5-yl)-1-oxobutan-2-yl)-3-oxobicyclo[3.1.0]hexane-6-carboxamide",,O=C1C[C@@H]2C(C(=O)NC(CCF)C(=O)N3CC4(CC[C@@H]3CO)CC4)[C@@H]2C1,
35421,O=C(N[C@H]1C[C@]2(CCCCN2C(=O)c2cnc3cnccc3c2)C1)[C@H]1CC1(Cl)Cl,"(1R)-2,2-dichloro-N-(5-((2,9-diazabicyclo[4.4.0]deca-1,3,5,7,9-pentaen-4-yl)carbonyl)-5-azaspiro[3.5]nonan-2-yl)cyclopropanecarboxamide",ClC1([C@H](C1)C(=O)NC1CC2(C1)N(CCCC2)C(=O)C2=CN=C1C=NC=CC1=C2)Cl,O=C(N[C@H]1C[C@]2(CCCCN2C(=O)c2cnc3cnccc3c2)C1)C1CC1(Cl)Cl,O=C(NC1CC2(CCCCN2C(=O)c2cnc3cnccc3c2)C1)C1CC1(Cl)Cl
35449,O=C(N[C@H]1CCCN(C(=O)[C@@H]2C[C@@H]3C[C@@H]3C2)C1)c1ccc(SC2CC2)cc1,"N-((3S)-1-(((1R,3R,5S)-bicyclo[3.1.0]hexan-3-yl)carbonyl)piperidin-3-yl)-4-(cyclopropylsulfanyl)benzamide",,O=C(N[C@H]1CCCN(C(=O)C2C[C@@H]3C[C@@H]3C2)C1)c1ccc(SC2CC2)cc1,
35578,CC[C@@H]1[C@@H](C(=O)N[C@H]2CC[C@@](O)(C(F)(F)F)CC2)CCN1C,"(2R,3S)-2-ethyl-N-((1S,4s)-4-hydroxy-4-(trifluoromethyl)cyclohexyl)-1-methylpyrrolidine-3-carboxamide",,CC[C@@H]1C(C(=O)N[C@H]2CC[C@@](O)(C(F)(F)F)CC2)CCN1C,
35613,C#CCCCCCC(=O)N1CC[C@@H](CCNC(=O)CC[C@H]2CCC(=O)N2)C1,N-(2-((3R)-1-(1-oxooct-7-yn-1-yl)pyrrolidin-3-yl)ethyl)-3-((2S)-5-oxopyrrolidin-2-yl)propanamide,O=C(CCCCCC#C)N1C[C@@H](CC1)CCNC(CC[C@H]1NC(CC1)=O)=O,C#CCCCCCC(=O)N1CC[C@@H](CCNC(=O)CC[C@H]2CCC(=O)N2)C1,C#CCCCCCC(=O)N1CC[C@@H](CCNC(=O)CC[C@@H]2CCC(=O)N2)C1
35622,Cn1cc(C(N)=O)cc1C(=O)N[C@]1(C)C[C@@H](NC(=O)c2ncccc2C(F)F)C1,"N-((1S,3s)-3-(3-(difluoromethyl)pyridine-2-carboxamido)-1-methylcyclobutyl)-1-methyl-1H-pyrrole-2,4-dicarboxamide",,Cn1cc(C(N)=O)cc1C(=O)N[C@]1(C)C[C@@H](NC(=O)c2ncccc2C(F)F)C1,
35752,O=C(N[C@@H]1C[C@@H]2CC[C@H](C1)N2C(=O)Cc1ccc(O)cc1Cl)c1cc(Cl)ccn1,"4-chloro-N-((1R,3R,5S)-8-(2-(2-chloro-4-hydroxyphenyl)-acetyl)-8-azabicyclo[3.2.1]octan-3-yl)pyridine-2-carboxamide",,O=C(N[C@H]1C[C@H]2CC[C@@H](C1)N2C(=O)Cc1ccc(O)cc1Cl)c1cc(Cl)ccn1,
35776,COCC1(CC(=O)N[C@H]2C[C@](F)(CNC(=O)c3cc(C)c(C)nn3)C2)CCCC1,"N-((1R,3s)-3-((5,6-dimethylpyridazine-3-carboxamido)methyl)-3-fluorocyclobutyl)-2-(1-(methoxymethyl)cyclopentyl)acetamide",,COCC1(CC(=O)N[C@H]2C[C@](F)(CNC(=O)c3cc(C)c(C)nn3)C2)CCCC1,
35780,CO[C@H]1C[C@H](C(=O)NC2(C)CN(C(=O)c3ncc(C)cc3F)C2)C[C@H]1OC,"(1S,3R,4S)-N-(1-((3-fluoro-5-methylpyridin-2-yl)carbonyl)-3-methyl-azetidin-3-yl)-3,4-dimethoxycyclopentanecarboxamide",,CO[C@H]1CC(C(=O)NC2(C)CN(C(=O)c3ncc(C)cc3F)C2)C[C@H]1OC,
35808,N#CC1(C(=O)N2C[C@@H]3CC[C@H](C2)N3C(=O)[C@@H]2[C@H]3CCC[C@H]32)CCCCCC1,"1-(((1R,5S)-8-(((1R,5S,6R)-bicyclo[3.1.0]hexan-6-yl)carbonyl)-3,8-diazabicyclo[3.2.1]octan-3-yl)carbonyl)cycloheptanecarbonitrile",,N#CC1(C(=O)N2C[C@H]3CC[C@@H](C2)N3C(=O)C2[C@H]3CCC[C@@H]23)CCCCCC1,
35819,C[C@@H]1[C@H](C(=O)N2CCN(C(=O)c3cc(CCO)on3)CC23CC3)[C@@H]1C,"1-((1S,2R,3S)-2,3-dimethylcyclopropyl)-1-(7-((5-(2-hydroxyethyl)isoxazol-3-yl)carbonyl)-4,7-diazaspiro[2.5]octan-4-yl)methanone",,C[C@@H]1C(C(=O)N2CCN(C(=O)c3cc(CCO)on3)CC23CC3)[C@@H]1C,
35825,O=C(N[C@]1(CO)CCN(C(=O)Cc2ccc(F)c(F)c2)C1)[C@@H]1C[C@@H]2C[C@@H]2C1,"(1R,3R,5S)-N-((3R)-1-(2-(3,4-difluorophenyl)-acetyl)-3-(hydroxymethyl)pyrrolidin-3-yl)bicyclo[3.1.0]hexane-3-carboxamide",,O=C(N[C@]1(CO)CCN(C(=O)Cc2ccc(F)c(F)c2)C1)C1C[C@@H]2C[C@@H]2C1,
36009,O=C(C[C@H]1CC2(CCC2)CO1)NC1(CCNC(=O)[C@H]2C[C@@H]3CC[C@@H]3C2)CC1,"N-(1-(2-((1R,3S,5S)-bicyclo[3.2.0]heptane-3-carboxamido)ethyl)cyclopropyl)-2-((7R)-6-oxaspiro[3.4]octan-7-yl)acetamide",,O=C(C[C@H]1CC2(CCC2)CO1)NC1(CCNC(=O)C2C[C@H]3CC[C@H]3C2)CC1,
36030,O=C1C[C@@H](c2ccc(C(=O)NOCc3cn(C[C@H]4C[C@@H]5C[C@@H]5C4)nn3)cc2)CN1,"N-(((1-(((1R,3S,5S)-bicyclo[3.1.0]hexan-3-yl)methyl)-1H-1,2,3-triazol-4-yl)methyl)oxy)-4-((3S)-5-oxopyrrolidin-3-yl)benzamide",,O=C1CC(c2ccc(C(=O)NOCc3cn(C[C@H]4C[C@@H]5C[C@@H]5C4)nn3)cc2)CN1,
36156,O=C([C@@H]1CCCn2ccnc21)N1[C@H]2CC[C@@H]1C[C@H](NC(=O)C1(C(F)(F)F)CC1)C2,"N-((1R,3R,5S)-8-(((5R)-1,7-diazabicyclo[4.3.0]nona-6,8-dien-5-yl)carbonyl)-8-azabicyclo[3.2.1]octan-3-yl)-1-(trifluoromethyl)cyclopropanecarboxamide",,O=C(C1CCCn2ccnc21)N1[C@@H]2CC[C@H]1C[C@@H](NC(=O)C1(C(F)(F)F)CC1)C2,
36205,COC[C@]1(NC(=O)C[C@@H]2C[C@H]3C[C@H]3C2)CCCN(C(=O)Cc2cnc[nH]2)C1,"2-((1R,3R,5S)-bicyclo[3.1.0]hexan-3-yl)-N-((3S)-1-(2-(1H-imidazol-5-yl)-acetyl)-3-(methoxymethyl)piperidin-3-yl)acetamide",,COC[C@]1(NC(=O)C[C@H]2C[C@@H]3C[C@@H]3C2)CCCN(C(=O)Cc2c[nH]cn2)C1,
36306,C[C@@H]1CC[C@H](CCC(=O)N[C@]2(C)CCCN(C(=O)C[C@@H]3C[C@H]4C[C@H]4C3)C2)O1,"N-((3R)-1-(2-((1R,3R,5S)-bicyclo[3.1.0]hexan-3-yl)-acetyl)-3-methylpiperidin-3-yl)-3-((2R,5R)-5-methyloxolan-2-yl)propanamide",,C[C@@H]1CC[C@H](CCC(=O)N[C@]2(C)CCCN(C(=O)C[C@H]3C[C@@H]4C[C@@H]4C3)C2)O1,
36365,O=C(N[C@H]1C[C@](F)(CNC(=O)[C@@H]2CC23CCC3)C1)C(=O)c1ccc(Br)s1,"2-(5-bromothiophen-2-yl)-N-((1S,3r)-3-fluoro-3-(((1R)-spiro[2.3]hexane-1-carboxamido)methyl)cyclobutyl)-2-oxoacetamide",,O=C(N[C@H]1C[C@](F)(CNC(=O)C2CC23CCC3)C1)C(=O)c1ccc(Br)s1,
36381,COC(=O)c1cc(C(=O)N[C@]2(C)C[C@H](NC(=O)C3CC(F)(F)C3)C2)c(C)o1,"methyl 4-(((1R,3s)-3-(3,3-difluorocyclobutanecarboxamido)-1-methylcyclobutyl)carbamoyl)-5-methylfuran-2-carboxylate",,COC(=O)c1cc(C(=O)N[C@]2(C)C[C@H](NC(=O)C3CC(F)(F)C3)C2)c(C)o1,
36465,CCO[C@H]1C[C@@H](NC(=O)CC2(NC(=O)CC3C[C@H]4C[C@@H]4C3)CCCCC2)C1,"2-(1-(2-((1S,5S)-bicyclo[3.1.0]hexan-3-yl)acetamido)cyclohexyl)-N-(cis-3-ethoxycyclobutyl)acetamide",[C@@H]12CC(C[C@@H]2C1)CC(=O)NC1(CCCCC1)CC(=O)N[C@@H]1C[C@@H](C1)OCC,CCO[C@H]1C[C@@H](NC(=O)CC2(NC(=O)CC3C[C@H]4C[C@@H]4C3)CCCCC2)C1,CCO[C@H]1C[C@@H](NC(=O)CC2(NC(=O)CC3C[C@@H]4C[C@H]4C3)CCCCC2)C1
36472,C=C[C@@H](CO)NC(=O)[C@H]1[C@H]2CN(S(=O)(=O)c3ccc(Cl)nc3C)C[C@H]21,"(1R,5S,6S)-3-(6-chloro-2-methylpyridin-3-ylsulfonyl)-N-((2S)-1-hydroxybut-3-en-2-yl)-3-azabicyclo[3.1.0]hexane-6-carboxamide",,C=C[C@@H](CO)NC(=O)C1[C@H]2CN(S(=O)(=O)c3ccc(Cl)nc3C)C[C@@H]12,
36524,CC[C@@H](C)CNC(=O)[C@@H]1[C@H]2CN(C(=O)c3cc(C)c(C)o3)C[C@H]21,"(1R,5S,6R)-3-((4,5-dimethylfuran-2-yl)carbonyl)-N-((2R)-2-methylbutyl)-3-azabicyclo[3.1.0]hexane-6-carboxamide",,CC[C@@H](C)CNC(=O)C1[C@H]2CN(C(=O)c3cc(C)c(C)o3)C[C@@H]12,
36530,CCNC(=O)C(=O)NC[C@]1(F)C[C@@H](CNC(=O)C(F)F)C1,"N'-(((1S,3r)-3-((2,2-difluoroacetamido)methyl)-1-fluorocyclobutyl)methyl)-N-ethylethanediamide",,CCNC(=O)C(=O)NC[C@]1(F)C[C@@H](CNC(=O)C(F)F)C1,
36540,C#CC[C@H](O)C(=O)N1[C@H]2CC[C@@H]1C[C@@H](NC(=O)c1ncc(N)cc1Cl)C2,"5-amino-3-chloro-N-((1R,3S,5S)-8-((2S)-2-hydroxy-1-oxopent-4-yn-1-yl)-8-azabicyclo[3.2.1]octan-3-yl)pyridine-2-carboxamide",,C#CCC(O)C(=O)N1[C@@H]2CC[C@H]1C[C@H](NC(=O)c1ncc(N)cc1Cl)C2,
36547,CC(=CC1CC1)C(=O)N[C@@H]1[C@@H](C)CN(C(=O)c2cnn3ccc(C)nc23)C[C@H]1C,"3-cyclopropyl-N-((3R,4R,5S)-3,5-dimethyl-1-((4-methyl-1,5,9-triazabicyclo[4.3.0]nona-2,4,6,8-tetraen-7-yl)carbonyl)piperidin-4-yl)-2-methylprop-2-enamide",,CC(=CC1CC1)C(=O)N[C@H]1[C@H](C)CN(C(=O)c2cnn3ccc(C)nc23)C[C@@H]1C,
36548,CC1(C)C[C@@H](CNC(=O)[C@@H]2[C@H]3CCC[C@H]32)N(C(=O)[C@H](F)C2CCCC2)C1,"(1R,5S,6R)-N-(((2S)-1-((2R)-2-cyclopentyl-2-fluoro-acetyl)-4,4-dimethylpyrrolidin-2-yl)methyl)bicyclo[3.1.0]hexane-6-carboxamide",,CC1(C)C[C@@H](CNC(=O)C2[C@H]3CCC[C@@H]23)N(C(=O)C(F)C2CCCC2)C1,
36558,CC(=O)c1cc(C(=O)NC[C@@H](O)CNC(=O)[C@@H]2C[C@@H]3CSC[C@@H](C3)C2)ccc1C,"(1R,5S,7R)-N-((2S)-3-(3-(acetyl)-4-methylbenzene-1-carboxamido)-2-hydroxypropyl)-3-thiabicyclo[3.3.1]nonane-7-carboxamide",,CC(=O)c1cc(C(=O)NC[C@@H](O)CNC(=O)C2C[C@H]3CSC[C@@H](C2)C3)ccc1C,
36570,CC(C)CSCCC(=O)N[C@H]1C[C@@H]2CN(C(=O)c3cncnc3C(C)C)C[C@@H]2C1,"3-((2-methylpropyl)sulfanyl)-N-((1R,5S,7S)-3-((4-(propan-2-yl)pyrimidin-5-yl)carbonyl)-3-azabicyclo[3.3.0]octan-7-yl)propanamide",,CC(C)CSCCC(=O)N[C@H]1C[C@@H]2CN(C(=O)c3cncnc3C(C)C)C[C@@H]2C1,
36597,CC[C@H](SC)C(=O)N[C@]1(C)C[C@@H](NC(=O)Cc2ccc(Br)cc2C#N)C1,"(2S)-N-((1S,3s)-3-(2-(4-bromo-2-(nitrilomethyl)phenyl)acetamido)-1-methylcyclobutyl)-2-(methylsulfanyl)butanamide",,CCC(SC)C(=O)N[C@]1(C)C[C@@H](NC(=O)Cc2ccc(Br)cc2C#N)C1,
36686,CCc1n[nH]cc1C(=O)N1C[C@H]2[C@H](CNC(=O)CSc3nnnn3C)[C@H]2C1,"N-(((1R,5S,6S)-3-((3-ethyl-1H-pyrazol-4-yl)carbonyl)-3-azabicyclo[3.1.0]hexan-6-yl)methyl)-2-((1-methyl-1H-tetrazol-5-yl)sulfanyl)acetamide",,CCc1[nH]ncc1C(=O)N1C[C@@H]2[C@@H](CNC(=O)CSc3nnnn3C)[C@@H]2C1,
36776,C[C@H]1[C@@H]2CN(c3ncccc3S(=O)(=O)N[C@H](c3ccc(F)cc3)C(C)(C)C)C[C@H]12,"(1S)-1-(4-fluorophenyl)-2,2-dimethyl-N-(2-((1R,5S,6S)-6-methyl-3-azabicyclo[3.1.0]hexan-3-yl)pyridin-3-ylsulfonyl)propan-1-amine",,C[C@@H]1[C@H]2CN(c3ncccc3S(=O)(=O)N[C@H](c3ccc(F)cc3)C(C)(C)C)C[C@@H]12,
36819,CC(=O)N[C@](C)(C(=O)N[C@@H]1CCCN(C(=O)[C@@H]2C[C@@H]3C[C@@H]3C[C@H]2C)[C@@H]1C)C(C)C,"(2S)-2-acetamido-2,3-dimethyl-N-((2R,3R)-2-methyl-1-(((1S,3R,4R,6S)-4-methylbicyclo[4.1.0]heptan-3-yl)carbonyl)piperidin-3-yl)butanamide",C(C)(=O)N[C@](C(=O)N[C@H]1[C@H](N(CCC1)C(=O)[C@@H]1C[C@@H]2C[C@H]2C[C@H]1C)C)(C(C)C)C,CC(=O)N[C@](C)(C(=O)N[C@@H]1CCCN(C(=O)C2C[C@@H]3C[C@@H]3C[C@H]2C)[C@@H]1C)C(C)C,CC(=O)N[C@](C)(C(=O)N[C@@H]1CCCN(C(=O)C2C[C@@H]3C[C@H]3C[C@H]2C)[C@@H]1C)C(C)C
36842,CC(C)CNC(=O)c1ccc(NC(=O)C2=C[C@H]3CCCCC[C@H]23)cc1,"(1S,7S)-N-(4-((2-methylpropyl)carbamoyl)phenyl)bicyclo[5.2.0]non-8-ene-8-carboxamide",CC(CNC(=O)C1=CC=C(C=C1)NC(=O)C=1[C@H]2CCCCC[C@H]2C1)C,CC(C)CNC(=O)c1ccc(NC(=O)C2=C[C@H]3CCCCC[C@H]23)cc1,CC(C)CNC(=O)c1ccc(NC(=O)C2=C[C@@H]3CCCCC[C@H]23)cc1
36867,C[C@]1(NC(=O)c2nccc3ccccc23)C[C@@H](NC(=O)C=CCF)C1,"N-((1S,3r)-3-(4-fluorobut-2-enamido)-1-methylcyclobutyl)isoquinoline-1-carboxamide",,C[C@]1(NC(=O)c2nccc3ccccc23)C[C@@H](NC(=O)C=CCF)C1,
36885,COCc1nc(C(=O)N[C@H]2C[C@](F)(CNC(=O)c3ccc(CO)c(Cl)c3)C2)cs1,"N-((1S,3r)-3-((3-chloro-4-(hydroxymethyl)benzamido)methyl)-3-fluorocyclobutyl)-2-(methoxymethyl)thiazole-4-carboxamide",,COCc1nc(C(=O)N[C@H]2C[C@](F)(CNC(=O)c3ccc(CO)c(Cl)c3)C2)cs1,
36965,C[C@@H]1C[C@@]2(C(=O)N3C4CCC3(CNC(=O)c3ccnc(S)c3)CC4)C[C@@H]12,"N-((7-(((1R,3R,4S)-3-methylbicyclo[2.1.0]pentan-1-yl)carbonyl)-7-azabicyclo[2.2.1]heptan-1-yl)methyl)-2-sulfanylpyridine-4-carboxamide",C[C@@H]1C[C@@]2(C[C@@H]12)C(=O)N1C2(CCC1CC2)CNC(=O)C2=CC(=NC=C2)S,C[C@@H]1C[C@@]2(C(=O)N3C4CCC3(CNC(=O)c3cc[nH]c(=S)c3)CC4)C[C@@H]12,C[C@@H]1C[C@]2(C(=O)N3C4CCC3(CNC(=O)c3cc[nH]c(=S)c3)CC4)C[C@@H]12
37017,CC(C)(C)O[C@H]1C[C@@H](C(=O)N2C[C@H]3[C@H](CNC(=O)[C@@H]4C[C@H]4Br)[C@H]3C2)C1,"(1S,2R)-2-bromo-N-(((1R,5S,6S)-3-((cis-3-(tert-butoxy)cyclobutyl)carbonyl)-3-azabicyclo[3.1.0]hexan-6-yl)methyl)cyclopropanecarboxamide",,CC(C)(C)OC1CC(C(=O)N2C[C@@H]3[C@@H](CNC(=O)C4C[C@H]4Br)[C@@H]3C2)C1,
37037,O=C(N[C@@H]1[C@H]2C[C@@H]1N(C(=O)C=CC1CCC1)C2)C1=C[C@H]2CCC=CCC[C@H]12,"(1S,8S)-N-((1S,4S,5R)-2-(3-cyclobutyl-1-oxoprop-2-en-1-yl)-2-azabicyclo[2.1.1]hexan-5-yl)bicyclo[6.2.0]deca-4,9-diene-9-carboxamide",C1(CCC1)C=CC(=O)N1[C@@H]2[C@@H]([C@H](C1)C2)NC(=O)C=2[C@H]1CCC=CCC[C@H]1C2,O=C(N[C@@H]1[C@H]2C[C@@H]1N(C(=O)C=CC1CCC1)C2)C1=C[C@H]2CCC=CCC[C@H]12,O=C(N[C@@H]1[C@H]2C[C@@H]1N(C(=O)C=CC1CCC1)C2)C1=C[C@@H]2CCC=CCC[C@H]12
37074,CC/C=C/CC(=O)N1C[C@H]2C[C@@H](C(=O)NCC[C@H](O)C3CC3)C[C@H]2C1,"(1R,5S,7R)-N-((3S)-3-cyclopropyl-3-hydroxypropyl)-3-((3E)-1-oxohex-3-en-1-yl)-3-azabicyclo[3.3.0]octane-7-carboxamide",,CC/C=C/CC(=O)N1C[C@H]2CC(C(=O)NCC[C@H](O)C3CC3)C[C@H]2C1,
37078,CC(C)[C@H](C)CC(=O)N1C[C@H]2C[C@@]2(C(=O)N[C@H]2C[C@@](C)(O)C2)C1,"(1S,5S)-3-((3R)-3,4-dimethyl-pentanoyl)-N-((1S,3r)-3-hydroxy-3-methylcyclobutyl)-3-azabicyclo[3.1.0]hexane-1-carboxamide",,CC(C)[C@H](C)CC(=O)N1C[C@H]2C[C@@]2(C(=O)N[C@H]2C[C@@](C)(O)C2)C1,
37081,O=C(N[C@@H]1C[C@@H]2C[C@H]1N(C(=O)[C@@H]1[C@H]3CCC[C@H]31)C2)c1nscc1Br,"N-((1R,4R,6R)-2-(((1R,5S,6R)-bicyclo[3.1.0]hexan-6-yl)carbonyl)-2-azabicyclo[2.2.1]heptan-6-yl)-4-bromoisothiazole-3-carboxamide",,O=C(N[C@@H]1C[C@@H]2C[C@H]1N(C(=O)C1[C@H]3CCC[C@@H]13)C2)c1nscc1Br,
37138,O=C(N[C@H]1C[C@H]2COC[C@@H](C1)N2C(=O)CSc1n[nH]c(O)n1)[C@@H]1CCC(F)(F)C1,"(1R)-3,3-difluoro-N-((1R,5S,7S)-9-(2-((5-hydroxy-1H-1,2,4-triazol-3-yl)sulfanyl)-acetyl)-3-oxa-9-azabicyclo[3.3.1]nonan-7-yl)cyclopentanecarboxamide",,O=C(N[C@H]1C[C@H]2COC[C@@H](C1)N2C(=O)CSc1n[nH]c(=O)[nH]1)C1CCC(F)(F)C1,
37146,CCc1nc(CC(=O)N[C@H]2[C@@H]3CN([C@@H](C)C(=O)NC4CCC(C)CC4)C[C@@H]32)cs1,"(2S)-2-((1R,5S,6S)-6-(2-(2-ethylthiazol-4-yl)acetamido)-3-azabicyclo[3.1.0]hexan-3-yl)-N-(4-methylcyclohexyl)propanamide",,CCc1nc(CC(=O)N[C@H]2[C@@H]3CN(C(C)C(=O)NC4CCC(C)CC4)C[C@@H]32)cs1,
37202,CC[C@H]1CN(C(=O)[C@H]2C[C@@H]3CC[C@@H]3C2)CCN1C(=O)Cc1ccc2c(c1)CCO2,"1-((2S)-4-(((1R,3S,5S)-bicyclo[3.2.0]heptan-3-yl)carbonyl)-2-ethylpiperazin-1-yl)-2-(7-oxabicyclo[4.3.0]nona-1(6),2,4-trien-3-yl)ethan-1-one",,CC[C@H]1CN(C(=O)C2C[C@H]3CC[C@H]3C2)CCN1C(=O)Cc1ccc2c(c1)CCO2,
37296,C[C@@H](CC(=O)N[C@@H]1[C@@H](C)CN(C(=O)[C@]23C[C@@H]4C[C@@H]2[C@H]3[C@H]4O)C[C@H]1C)CC(F)(F)F,"(3S)-5,5,5-trifluoro-N-((3R,4R,5S)-1-(((1R,2R,4S,5S,6R)-5-hydroxytricyclo[2.2.1.0^{2,6}]heptan-1-yl)carbonyl)-3,5-dimethylpiperidin-4-yl)-3-methylpentanamide",,C[C@@H](CC(=O)N[C@H]1[C@H](C)CN(C(=O)[C@]23C[C@@H]4C[C@@H]2[C@H]3[C@H]4O)C[C@@H]1C)CC(F)(F)F,
37383,CCn1c(C(=O)NC[C@H]2C[C@](F)(CNC(=O)C[C@H]3CCCCO3)C2)cnc1O,"1-ethyl-N-(((1S,3r)-3-fluoro-3-((2-((2R)-oxan-2-yl)acetamido)methyl)cyclobutyl)methyl)-2-hydroxy-1H-imidazole-5-carboxamide",,CCn1c(C(=O)NC[C@H]2C[C@](F)(CNC(=O)C[C@H]3CCCCO3)C2)c[nH]c1=O,
37412,CC1(C)CCC(C(=O)N[C@]2(C)C[C@H](C(=O)Nc3ccc(O)cc3)C2)CC1,"N-((1R,3s)-3-((4-hydroxyphenyl)carbamoyl)-1-methylcyclobutyl)-4,4-dimethylcyclohexanecarboxamide",,CC1(C)CCC(C(=O)NC2(C)CC(C(=O)Nc3ccc(O)cc3)C2)CC1,
37434,CC[C@H](OC)C(=O)N1C[C@H]2C[C@H](NC(=O)c3c(O)nnc4c3CCC4)C[C@H]2C1,"4-hydroxy-N-((1R,5S,7S)-3-((2S)-2-methoxy-butyryl)-3-azabicyclo[3.3.0]octan-7-yl)-2,3-diazabicyclo[4.3.0]nona-1(6),2,4-triene-5-carboxamide",,CCC(OC)C(=O)N1C[C@H]2C[C@H](NC(=O)c3c4c(n[nH]c3=O)CCC4)C[C@H]2C1,
37438,C[C@]1(C(=O)N2CCCN(C(=O)[C@H]3C[C@@](C)(O)C3)CC2)CC(c2ccccc2)=NO1,"1-(4-(((1S,3r)-3-hydroxy-3-methylcyclobutyl)carbonyl)-1,4-diazacycloheptan-1-yl)-1-((5R)-5-methyl-3-phenyl-1-oxa-2-azacyclopent-2-en-5-yl)methanone",,CC1(O)CC(C(=O)N2CCCN(C(=O)[C@@]3(C)CC(c4ccccc4)=NO3)CC2)C1,
37442,O=C(N[C@@H]1C[C@H]2[C@@H](C1)[C@@H]2NC(=O)c1sccc1CO)c1cnc2c(c1)COC2,"N-((1R,3R,5S,6R)-6-(3-(hydroxymethyl)thiophene-2-carboxamido)bicyclo[3.1.0]hexan-3-yl)-8-oxa-2-azabicyclo[4.3.0]nona-1(6),2,4-triene-4-carboxamide",,O=C(N[C@H]1C[C@@H]2[C@H](C1)[C@H]2NC(=O)c1sccc1CO)c1cnc2c(c1)COC2,
37451,O=C(NCc1ccc(-n2cncn2)cc1)[C@@H]1[C@H]2CN(C3CCC(O)CC3)C[C@H]21,"(1R,5S,6R)-3-(4-hydroxycyclohexyl)-N-((4-(1H-1,2,4-triazol-1-yl)phenyl)methyl)-3-azabicyclo[3.1.0]hexane-6-carboxamide",,O=C(NCc1ccc(-n2cncn2)cc1)C1[C@H]2CN(C3CCC(O)CC3)C[C@@H]12,
37458,CC[S@](=O)CC(=O)N[C@]1(c2ccccc2)C[C@@H](NC(=O)CCC(=O)NC)C1,"N-((1S,3s)-3-(2-((S)-ethylsulfinyl)acetamido)-3-phenylcyclobutyl)-N'-methylbutanediamide",,CC[S@+]([O-])CC(=O)N[C@]1(c2ccccc2)C[C@@H](NC(=O)CCC(=O)NC)C1,
37472,C[C@@H](C(=O)NC[C@H]1CCN(C(=O)[C@@H]2C[C@@H]3CSC[C@@H](C3)C2)C1)N1CCSCC1,"(2S)-N-(((3R)-1-(((1R,5S,7R)-3-thiabicyclo[3.3.1]nonan-7-yl)carbonyl)pyrrolidin-3-yl)methyl)-2-(thiomorpholin-4-yl)propanamide",,CC(C(=O)NC[C@H]1CCN(C(=O)C2C[C@H]3CSC[C@@H](C2)C3)C1)N1CCSCC1,
37562,CCC1(CC(=O)N[C@@](C)(CNC(=O)[C@@H]2[C@H]3[C@@H]4CC[C@@H](C4)[C@H]32)C2CCC2)CCC1,"N-((2R)-2-cyclobutyl-1-((1R,2S,3R,4R,5S)-tricyclo[3.2.1.0^{2,4}]octane-3-carboxamido)propan-2-yl)-2-(1-ethylcyclobutyl)acetamide",,CCC1(CC(=O)N[C@@](C)(CNC(=O)C2[C@@H]3[C@H]4CC[C@H](C4)[C@H]23)C2CCC2)CCC1,
37568,CN1CCC[C@@H]1CC(=O)NC[C@]1(F)C[C@H](CNC(=O)[C@H](CO)c2ccccc2)C1,"(2S)-N-(((1S,3s)-3-fluoro-3-((2-((2R)-1-methylpyrrolidin-2-yl)acetamido)methyl)cyclobutyl)methyl)-3-hydroxy-2-phenylpropanamide",,CN1CCC[C@@H]1CC(=O)NC[C@]1(F)C[C@H](CNC(=O)C(CO)c2ccccc2)C1,
37639,COc1nccc(C(=O)N[C@H]2C[C@@](F)(CNC(=O)c3ncccc3O)C2)n1,"N-((1S,3s)-3-fluoro-3-((3-hydroxypyridine-2-carboxamido)methyl)cyclobutyl)-2-methoxypyrimidine-4-carboxamide",,COc1nccc(C(=O)N[C@H]2C[C@@](F)(CNC(=O)c3ncccc3O)C2)n1,
37650,C[C@@H]1[C@H](C(=O)N[C@H]2CCCN(C(=O)c3cnn(-c4ccccc4Cl)c3)C2)[C@@H]1C,"(1S,2R,3S)-N-((3S)-1-((1-(2-chlorophenyl)-1H-pyrazol-4-yl)carbonyl)piperidin-3-yl)-2,3-dimethylcyclopropanecarboxamide",,C[C@@H]1C(C(=O)N[C@H]2CCCN(C(=O)c3cnn(-c4ccccc4Cl)c3)C2)[C@@H]1C,
37714,CN(C)C[C@@H](O)CC(=O)N[C@H]1C[C@](C)(NC(=O)c2ccc3cnnc(O)c3c2)C1,"(3S)-4-(dimethylamino)-3-hydroxy-N-((1S,3s)-3-(4-hydroxyphthalazine-6-carboxamido)-3-methylcyclobutyl)butanamide",,CN(C)C[C@@H](O)CC(=O)N[C@H]1C[C@](C)(NC(=O)c2ccc3cn[nH]c(=O)c3c2)C1,
37770,CC(C)=C[C@H]1[C@H](C(=O)N[C@]2(C)C[C@H](NC(=O)C=Cc3ccc(O)cc3)C2)C1(C)C,"(1S,3S)-N-((1S,3r)-3-(3-(4-hydroxyphenyl)prop-2-enamido)-1-methylcyclobutyl)-2,2-dimethyl-3-(2-methylprop-1-en-1-yl)cyclopropanecarboxamide",,CC(C)=C[C@H]1C(C(=O)N[C@]2(C)C[C@H](NC(=O)C=Cc3ccc(O)cc3)C2)C1(C)C,
37859,CN(C)[C@H]1C[C@@H]2CC[C@H](C1)N2c1ncnc2c1ncn2C[C@@H](O)C1(C)CC1,"(1S)-2-(5-((1R,3S,5S)-3-(dimethylamino)-8-azabicyclo[3.2.1]octan-8-yl)-2,4,7,9-tetraazabicyclo[4.3.0]nona-1,3,5,7-tetraen-9-yl)-1-(1-methylcyclopropyl)ethanol",,CN(C)[C@@H]1C[C@H]2CC[C@@H](C1)N2c1ncnc2c1ncn2C[C@@H](O)C1(C)CC1,
37869,CN(C(=O)CSc1nc[nH]n1)[C@H]1C[C@@H](NC(=O)[C@H]2C[C@@H]3CC[C@H](C2)[C@@H]3O)C1,"N-(cis-3-((1R,3S,5S,8R)-8-hydroxybicyclo[3.2.1]octane-3-carboxamido)cyclobutyl)-N-methyl-2-((1H-1,2,4-triazol-3-yl)sulfanyl)acetamide",,CN(C(=O)CSc1nc[nH]n1)[C@H]1C[C@@H](NC(=O)C2C[C@H]3CC[C@@H](C2)[C@H]3O)C1,
37902,CC(=CC(=O)NC1(CNC(=O)[C@@H]2C[C@@H]3OC(=O)O[C@@H]3C2)CCCC1)C(C)(C)C,"3,4,4-trimethyl-N-(1-(((1R,5S,7R)-3-oxo-2,4-dioxabicyclo[3.3.0]octane-7-carboxamido)methyl)cyclopentyl)pent-2-enamide",,CC(=CC(=O)NC1(CNC(=O)C2C[C@@H]3OC(=O)O[C@@H]3C2)CCCC1)C(C)(C)C,
37905,COC1(C(=O)NC2CC([C@@H](F)C(=O)N[C@@H]3C[C@H]4C=CC[C@H](C4)C3)C2)CCCC1,"N-(3-((1R)-2-(((1S,3S,5S)-bicyclo[3.3.1]non-6-en-3-yl)amino)-1-fluoro-2-oxoethyl)cyclobutyl)-1-methoxycyclopentanecarboxamide",[C@H]12C[C@@H](C[C@@H](C=CC1)C2)NC([C@H](F)C2CC(C2)NC(=O)C2(CCCC2)OC)=O,COC1(C(=O)NC2CC(C(F)C(=O)N[C@@H]3C[C@H]4C=CC[C@H](C4)C3)C2)CCCC1,COC1(C(=O)NC2CC(C(F)C(=O)N[C@@H]3C[C@H]4C=CC[C@@H](C4)C3)C2)CCCC1
38005,Cc1ccc(CN[C@H]2[C@H]3CC[C@@H]2CN(C(=O)C[C@](C)(O)CC(=O)O)C3)c(Br)n1,"(3S)-5-((1R,5S,8S)-8-(((2-bromo-6-methylpyridin-3-yl)methyl)amino)-3-azabicyclo[3.2.1]octan-3-yl)-3-hydroxy-3-methyl-5-oxopentanoic acid",,Cc1ccc(CN[C@@H]2[C@@H]3CC[C@H]2CN(C(=O)C[C@](C)(O)CC(=O)O)C3)c(Br)n1,
38078,COc1cc(Br)cc(C)c1N[C@H]1C[C@H](C)N[C@H](C)C1,"(2R,4S,6S)-N-(4-bromo-2-methoxy-6-methylphenyl)-2,6-dimethylpiperidin-4-amine",,COc1cc(Br)cc(C)c1N[C@@H]1C[C@@H](C)N[C@@H](C)C1,
38133,C[C@H](CN(C)C(=O)C1=C[C@H]2CCCCC[C@H]12)NC(=O)c1nnc(C(F)(F)F)s1,"N-((2R)-1-(N-methyl(1S,7S)-bicyclo[5.2.0]non-8-ene-8-carboxamido)propan-2-yl)-5-(trifluoromethyl)-1-thia-3,4-diazacyclopenta-2,4-diene-2-carboxamide",CN(C(=O)C=1[C@H]2CCCCC[C@H]2C1)C[C@@H](C)NC(=O)C=1SC(=NN1)C(F)(F)F,C[C@H](CN(C)C(=O)C1=C[C@H]2CCCCC[C@H]12)NC(=O)c1nnc(C(F)(F)F)s1,C[C@H](CN(C)C(=O)C1=C[C@@H]2CCCCC[C@H]12)NC(=O)c1nnc(C(F)(F)F)s1
38143,C[C@H](Cc1cnn(C)c1)C(=O)N[C@]1(C)C[C@H](NC(=O)c2csc(C#N)c2)C1,"(2R)-N-((1R,3s)-3-(5-cyanothiophene-3-carboxamido)-1-methylcyclobutyl)-2-((1-methyl-1H-pyrazol-4-yl)methyl)propanamide",,CC(Cc1cnn(C)c1)C(=O)N[C@]1(C)C[C@H](NC(=O)c2csc(C#N)c2)C1,
38163,COC1(C(=O)N[C@H]2C[C@](F)(CNC(=O)CCC(C)C3=CC=CC=C3)C2)CC(C)C1,"N-((1S,3r)-3-fluoro-3-((4-phenylpentanamido)methyl)cyclobutyl)-1-methoxy-3-methylcyclobutanecarboxamide",,COC1(C(=O)N[C@H]2C[C@](F)(CNC(=O)CCC(C)c3ccccc3)C2)CC(C)C1,
38164,COC(=O)[C@H]1C[C@H](C(=O)NC[C@H]2[C@@H]3CN(C(=O)c4ncccc4Br)C[C@H]23)C1,"methyl trans-3-((((1R,5S,6S)-3-((3-bromopyridin-2-yl)carbonyl)-3-azabicyclo[3.1.0]hexan-6-yl)methyl)carbamoyl)cyclobutanecarboxylate",,COC(=O)C1CC(C(=O)NC[C@@H]2[C@H]3CN(C(=O)c4ncccc4Br)C[C@@H]23)C1,
38235,O=C(NC[C@@H]1C[C@@H](O)CN1C(=O)CNS(=O)(=O)C1CC1)[C@@H]1[C@H]2COC[C@H]21,"(1R,5S,6R)-N-(((2S,4R)-1-(2-cyclopropylsulfonylamino-acetyl)-4-hydroxypyrrolidin-2-yl)methyl)-3-oxabicyclo[3.1.0]hexane-6-carboxamide",,O=C(NC[C@@H]1C[C@@H](O)CN1C(=O)CNS(=O)(=O)C1CC1)C1[C@H]2COC[C@@H]12,
38237,CN(C)C(=O)c1cccc(C(=O)N2[C@H]3CC[C@@H]2C[C@@H](NC(=O)C(O)O)C3)c1,"3-(((1R,3S,5S)-3-(2,2-dihydroxyacetamido)-8-azabicyclo[3.2.1]octan-8-yl)carbonyl)-N,N-dimethylbenzene-1-carboxamide",,CN(C)C(=O)c1cccc(C(=O)N2[C@@H]3CC[C@H]2C[C@H](NC(=O)C(O)O)C3)c1,
38238,O=C(COC(F)F)N1CCC[C@H](C2CCN(C(=O)C3=C[C@@H]4CCC[C@H]34)CC2)C1,"1-((3R)-3-(1-(((1R,5S)-bicyclo[3.2.0]hept-6-en-6-yl)carbonyl)piperidin-4-yl)piperidin-1-yl)-2-((difluoromethyl)oxy)ethan-1-one",[C@@H]12CCC[C@@H]2C(=C1)C(=O)N1CCC(CC1)[C@@H]1CN(CCC1)C(COC(F)F)=O,O=C(COC(F)F)N1CCC[C@H](C2CCN(C(=O)C3=C[C@@H]4CCC[C@H]34)CC2)C1,O=C(COC(F)F)N1CCC[C@H](C2CCN(C(=O)C3=C[C@H]4CCC[C@H]34)CC2)C1
38243,O=C(C[C@@H]1CCNC1=O)NC[C@H]1C[C@](F)(CNC(=O)CC(F)(F)C(F)(F)F)C1,"3,3,4,4,4-pentafluoro-N-(((1R,3s)-1-fluoro-3-((2-((3S)-2-oxopyrrolidin-3-yl)acetamido)methyl)cyclobutyl)methyl)butanamide",,O=C(CC1CCNC1=O)NC[C@H]1C[C@](F)(CNC(=O)CC(F)(F)C(F)(F)F)C1,
38296,C[C@@H](Cc1ccncc1)C(=O)Nc1cccc(NC(=O)[C@]23CCC[C@H]2CCC3)c1,(2S)-N-(3-(bicyclo[3.3.0]octane-1-carboxamido)phenyl)-2-((pyridin-4-yl)methyl)propanamide,C12(CCCC2CCC1)C(=O)NC=1C=C(C=CC1)NC([C@@H](C)CC1=CC=NC=C1)=O,CC(Cc1ccncc1)C(=O)Nc1cccc(NC(=O)[C@]23CCC[C@H]2CCC3)c1,CC(Cc1ccncc1)C(=O)Nc1cccc(NC(=O)C23CCCC2CCC3)c1
38310,CCC(=O)NCC(=O)N[C@@H]1CCN(C(=O)[C@H]2C[C@](F)(CO)C2)C[C@H]1O,"N-(2-(((3R,4R)-1-(((1R,3s)-3-fluoro-3-(hydroxymethyl)cyclobutyl)carbonyl)-3-hydroxypiperidin-4-yl)amino)-2-oxoethyl)propanamide",,CCC(=O)NCC(=O)N[C@@H]1CCN(C(=O)C2CC(F)(CO)C2)C[C@H]1O,
38320,CN(C(=O)[C@H]1C[C@@H]2C[C@@H]2C1)[C@@H]1CN(C(=O)c2cncc(Cl)c2Cl)CC1(C)C,"(1R,3S,5S)-N-((3S)-1-((4,5-dichloropyridin-3-yl)carbonyl)-4,4-dimethylpyrrolidin-3-yl)-N-methylbicyclo[3.1.0]hexane-3-carboxamide",,CN(C(=O)C1C[C@@H]2C[C@@H]2C1)[C@@H]1CN(C(=O)c2cncc(Cl)c2Cl)CC1(C)C,
38347,CCN1CCO[C@@H](C(=O)N2C[C@H]3[C@H](NC(=O)C4C(C)(C)CCCC4(C)C)[C@H]3C2)C1,"N-((1R,5S,6S)-3-(((2R)-4-ethylmorpholin-2-yl)carbonyl)-3-azabicyclo[3.1.0]hexan-6-yl)-2,2,6,6-tetramethylcyclohexanecarboxamide",,CCN1CCOC(C(=O)N2C[C@@H]3[C@H](C2)[C@H]3NC(=O)C2C(C)(C)CCCC2(C)C)C1,
38389,CCCC(F)(F)C(=O)NCCCN(C)CCCNC(=O)[C@@H]1[C@H]2CN(C)C[C@H]21,"2,2-difluoro-N-(3-((3-((1R,5S,6R)-3-methyl-3-azabicyclo[3.1.0]hexane-6-carboxamido)propyl)(methyl)amino)propyl)pentanamide",,CCCC(F)(F)C(=O)NCCCN(C)CCCNC(=O)C1[C@H]2CN(C)C[C@@H]12,
38421,CC(C)=C(C)C(=O)N[C@]1(C)C[C@@H](NC(=O)c2cn(C3CC3)nn2)C1,"N-((1R,3r)-3-(1-cyclopropyl-1H-1,2,3-triazole-4-carboxamido)-1-methylcyclobutyl)-2,3-dimethylbut-2-enamide",,CC(C)=C(C)C(=O)N[C@]1(C)C[C@@H](NC(=O)c2cn(C3CC3)nn2)C1,
38423,CCCC1(NC(=O)C[C@H]2[C@@H]3CN(C(=O)c4cccc(C)c4C)C[C@H]23)CCC1,"2-((1R,5S,6S)-3-((2,3-dimethylphenyl)carbonyl)-3-azabicyclo[3.1.0]hexan-6-yl)-N-(1-propylcyclobutyl)acetamide",,CCCC1(NC(=O)C[C@@H]2[C@H]3CN(C(=O)c4cccc(C)c4C)C[C@@H]23)CCC1,
38449,CC(C)(C)c1ccnc(NC[C@]2(F)C[C@@H](NC(=O)C[C@H]3CCCNC(=O)C3)C2)n1,"N-((1R,3s)-3-(((4-(tert-butyl)pyrimidin-2-yl)amino)methyl)-3-fluorocyclobutyl)-2-((4S)-2-oxo-1-azacycloheptan-4-yl)acetamide",,CC(C)(C)c1ccnc(NC[C@]2(F)C[C@@H](NC(=O)C[C@H]3CCCNC(=O)C3)C2)n1,
38481,C#CCOCCC(=O)N[C@@H]1C[C@H]2C[C@H](NC(=O)C3(C(=O)OCC)CCC3)C[C@H]2C1,"ethyl 1-(((1R,3S,5S,7R)-7-(3-((prop-2-yn-1-yl)oxy)propanamido)bicyclo[3.3.0]octan-3-yl)carbamoyl)cyclobutanecarboxylate",,C#CCOCCC(=O)N[C@H]1C[C@@H]2C[C@@H](NC(=O)C3(C(=O)OCC)CCC3)C[C@@H]2C1,
38487,CNC(=O)CCC(=O)N[C@@H](C(=O)N1C[C@H]2[C@@H](C1)[C@@H]2C(N)=O)C1(O)CCCCC1,"N'-((1R)-2-((1R,5S,6R)-6-carbamoyl-3-azabicyclo[3.1.0]hexan-3-yl)-1-(1-hydroxycyclohexyl)-2-oxoethyl)-N-methylbutanediamide",,CNC(=O)CCC(=O)NC(C(=O)N1C[C@@H]2C(C(N)=O)[C@@H]2C1)C1(O)CCCCC1,
38612,C=C[C@](C)(CC)C(=O)N[C@H]1C[C@]2(CCCCN2C(=O)C2(NC(C)=O)CCC2)C1,(2S)-N-(5-((1-acetamidocyclobutyl)carbonyl)-5-azaspiro[3.5]nonan-2-yl)-2-ethyl-2-methylbut-3-enamide,C(C)(=O)NC1(CCC1)C(=O)N1C2(CC(C2)NC([C@@](C=C)(C)CC)=O)CCCC1,C=C[C@](C)(CC)C(=O)N[C@H]1C[C@]2(CCCCN2C(=O)C2(NC(C)=O)CCC2)C1,C=C[C@](C)(CC)C(=O)NC1CC2(CCCCN2C(=O)C2(NC(C)=O)CCC2)C1
38618,O=C(N[C@H](C1CCC1)C1CC1)c1ccn(CCNC(=O)C23C(=O)C4C[C@H]2[C@H]3C4)c1,"N-((1R)-(cyclobutyl)(cyclopropyl)methyl)-1-(2-((2S,6R)-7-oxotricyclo[2.2.1.0^{2,6}]heptane-1-carboxamido)ethyl)-1H-pyrrole-3-carboxamide",C1(CCC1)[C@H](NC(=O)C1=CN(C=C1)CCNC(=O)C12[C@H]3CC(C[C@H]31)C2=O)C2CC2,O=C(N[C@H](C1CCC1)C1CC1)c1ccn(CCNC(=O)C23C(=O)C4C[C@@H]2[C@@H]3C4)c1,O=C(N[C@@H](C1CCC1)C1CC1)c1ccn(CCNC(=O)C23C(=O)C4C[C@@H]2[C@@H]3C4)c1
38655,CN(C)c1cncc(C(=O)NC[C@H]2CCCN(C(=O)[C@H]3C[C@H]4[C@@H](C3)C4(F)F)C2)n1,"N-(((3R)-1-(((1R,3S,5S)-6,6-difluorobicyclo[3.1.0]hexan-3-yl)carbonyl)piperidin-3-yl)methyl)-6-(dimethylamino)pyrazine-2-carboxamide",,CN(C)c1cncc(C(=O)NC[C@H]2CCCN(C(=O)C3C[C@@H]4[C@H](C3)C4(F)F)C2)n1,
38678,COC(=O)N1CCC(C(=O)N[C@H]2C[C@@](C)(NC(=O)[C@@H](CO)N(C)C)C2)CC1,"methyl 4-(((1S,3r)-3-((2R)-2-(dimethylamino)-3-hydroxypropanamido)-3-methylcyclobutyl)carbamoyl)piperidine-1-carboxylate",,COC(=O)N1CCC(C(=O)N[C@H]2C[C@@](C)(NC(=O)C(CO)N(C)C)C2)CC1,
38686,O=C(N[C@H]1C[C@@H]2CC[C@H](C1)N2C(=O)CC1=CCOCC1)c1cc[nH]c1,"N-((1R,3S,5S)-8-(2-(1-oxacyclohex-3-en-4-yl)-acetyl)-8-azabicyclo[3.2.1]octan-3-yl)-1H-pyrrole-3-carboxamide",,O=C(N[C@@H]1C[C@H]2CC[C@@H](C1)N2C(=O)CC1=CCOCC1)c1cc[nH]c1,
38708,C[C@H](NC(=O)[C@]1(NC(=O)CCS(C)(=O)=O)C[C@@H](O)C1)c1ccco1,N-((1S)-1-(furan-2-yl)ethyl)-3-hydroxy-1-(3-(methylsulfonyl)propanamido)cyclobutanecarboxamide,O1C(=CC=C1)[C@H](C)NC(=O)C1(CC(C1)O)NC(CCS(=O)(=O)C)=O,C[C@H](NC(=O)[C@]1(NC(=O)CCS(C)(=O)=O)C[C@@H](O)C1)c1ccco1,C[C@H](NC(=O)C1(NC(=O)CCS(C)(=O)=O)CC(O)C1)c1ccco1
38721,C[C@@H](NC(=O)c1cc(S(N)(=O)=O)cs1)C1(O)CN(C(=O)[C@@H]2[C@H]3[C@@H]4CC[C@@H](C4)[C@H]32)C1,"4-(sulfamoyl)-N-((1R)-1-(3-hydroxy-1-(((1R,2S,3R,4R,5S)-tricyclo[3.2.1.0^{2,4}]octan-3-yl)carbonyl)-azetidin-3-yl)ethyl)thiophene-2-carboxamide",,C[C@@H](NC(=O)c1cc(S(N)(=O)=O)cs1)C1(O)CN(C(=O)C2[C@@H]3[C@H]4CC[C@H](C4)[C@H]23)C1,
38735,O=C(N[C@H]1C[C@@H](CNC(=O)c2cccnc2O)C1)C1=C[C@H]2CCC=CCC[C@@H]12,"N-((cis-3-((1S,8R)-bicyclo[6.2.0]deca-4,9-diene-9-carboxamido)cyclobutyl)methyl)-2-hydroxypyridine-3-carboxamide",[C@H]12CCC=CCC[C@H]2C(=C1)C(=O)N[C@H]1C[C@H](C1)CNC(=O)C=1C(=NC=CC1)O,O=C(N[C@H]1C[C@@H](CNC(=O)c2ccc[nH]c2=O)C1)C1=C[C@H]2CCC=CCC[C@@H]12,O=C(N[C@H]1C[C@@H](CNC(=O)c2ccc[nH]c2=O)C1)C1=C[C@@H]2CCC=CCC[C@@H]12
38845,CCc1ncoc1C(=O)NC[C@]1(F)C[C@@H](NC(=O)c2cscc2C)C1,"4-ethyl-N-(((1S,3r)-1-fluoro-3-(4-methylthiophene-3-carboxamido)cyclobutyl)methyl)oxazole-5-carboxamide",,CCc1ncoc1C(=O)NC[C@]1(F)C[C@@H](NC(=O)c2cscc2C)C1,
38871,Cc1ccn2ncc(C(=O)NC[C@@H]3C[C@H]3NC(=O)CC[C@@]3(C)CCC(=O)N3)c2n1,"4-methyl-N-(((1S,2R)-2-(3-((2S)-2-methyl-5-oxopyrrolidin-2-yl)propanamido)cyclopropyl)methyl)-1,5,9-triazabicyclo[4.3.0]nona-2,4,6,8-tetraene-7-carboxamide",CC=1C=CN2N=CC(=C2N1)C(=O)NC[C@H]1[C@@H](C1)NC(CC[C@]1(NC(CC1)=O)C)=O,Cc1ccn2ncc(C(=O)NC[C@@H]3C[C@H]3NC(=O)CC[C@@]3(C)CCC(=O)N3)c2n1,Cc1ccn2ncc(C(=O)NC[C@@H]3C[C@H]3NC(=O)CC[C@]3(C)CCC(=O)N3)c2n1
38999,C=C[C@@H]1CC[C@H]1C(=O)N1C[C@H]2[C@H](CNC(=O)[C@@H]3C[C@@H](F)C(=O)N3)[C@H]2C1,"(2S,4R)-N-(((1R,5S,6S)-3-(((1R,2S)-2-ethenylcyclobutyl)carbonyl)-3-azabicyclo[3.1.0]hexan-6-yl)methyl)-4-fluoro-5-oxopyrrolidine-2-carboxamide",,C=C[C@@H]1CCC1C(=O)N1C[C@@H]2[C@@H](CNC(=O)C3CC(F)C(=O)N3)[C@@H]2C1,
39007,CC(C)c1ccc(C(=O)N[C@@H]2CC23CC(NC(=O)[C@H]2C[C@@H]4CC[C@@H]4C2)C3)s1,"N-((1R)-5-((1R,3S,5S)-bicyclo[3.2.0]heptane-3-carboxamido)spiro[2.3]hexan-1-yl)-5-(propan-2-yl)thiophene-2-carboxamide",,CC(C)c1ccc(C(=O)N[C@@H]2CC23CC(NC(=O)C2C[C@H]4CC[C@H]4C2)C3)s1,
39008,COc1cc(C)c(C)cc1S(=O)(=O)N1C[C@H]2[C@@H](C1)[C@@H]2C(=O)N1CCN2CC[C@H]1C2,"1-((5S)-1,4-diazabicyclo[3.2.1]octan-4-yl)-1-((1R,5S,6R)-3-(2-methoxy-4,5-dimethylphenylsulfonyl)-3-azabicyclo[3.1.0]hexan-6-yl)methanone",,COc1cc(C)c(C)cc1S(=O)(=O)N1C[C@@H]2C(C(=O)N3CCN4CC[C@H]3C4)[C@@H]2C1,
39035,Cc1ncc(C(=O)N2CCC[C@@]3(C2)CN(C(=O)[C@@]2(C)C[C@@H]4C[C@@H]4C2)CCO3)o1,"1-((6S)-10-(((1R,3S,5S)-3-methylbicyclo[3.1.0]hexan-3-yl)carbonyl)-7-oxa-2,10-diazaspiro[5.5]undecan-2-yl)-1-(2-methyloxazol-5-yl)methanone",,Cc1ncc(C(=O)N2CCC[C@@]3(C2)CN(C(=O)[C@]2(C)C[C@H]4C[C@H]4C2)CCO3)o1,
39039,CC1(C(=O)NCC2(O)CC(CNC(=O)[C@@H]3[C@H]4CCC[C@H]43)C2)CCC(F)(F)CC1,"(1R,5S,6R)-N-((3-((4,4-difluoro-1-methylcyclohexanecarboxamido)methyl)-3-hydroxycyclobutyl)methyl)bicyclo[3.1.0]hexane-6-carboxamide",,CC1(C(=O)NCC2(O)CC(CNC(=O)C3[C@H]4CCC[C@@H]34)C2)CCC(F)(F)CC1,
39116,Cc1occc1C(=O)N1CCO[C@]2(CC[C@H](NC(=O)[C@]3(C)CCOC3)CC2)C1,(3R)-3-methyl-N-(4-((2-methylfuran-3-yl)carbonyl)-1-oxa-4-azaspiro[5.5]undecan-9-yl)oxolane-3-carboxamide,C[C@@]1(COCC1)C(=O)NC1CCC2(CN(CCO2)C(=O)C2=C(OC=C2)C)CC1,Cc1occc1C(=O)N1CCO[C@]2(CC[C@H](NC(=O)[C@]3(C)CCOC3)CC2)C1,Cc1occc1C(=O)N1CCOC2(CCC(NC(=O)[C@]3(C)CCOC3)CC2)C1
39149,CSC(C)(C)CC(=O)N[C@H](CNC(=O)[C@H]1C[C@@H]2CC[C@@H]2C1)C1CCC1,"N-((1S)-2-((1R,3S,5S)-bicyclo[3.2.0]heptane-3-carboxamido)-1-cyclobutylethyl)-3-methyl-3-(methylsulfanyl)butanamide",,CSC(C)(C)CC(=O)N[C@H](CNC(=O)C1C[C@H]2CC[C@H]2C1)C1CCC1,
39157,COc1ncc(Br)cc1CN1C[C@H]2[C@@H](C1)[C@@H]2C(=O)Nc1ccc(C(N)=S)cc1,"(1R,5S,6R)-3-((5-bromo-2-methoxypyridin-3-yl)methyl)-N-(4-carbamothioylphenyl)-3-azabicyclo[3.1.0]hexane-6-carboxamide",,COc1ncc(Br)cc1CN1C[C@@H]2C(C(=O)Nc3ccc(C(N)=S)cc3)[C@@H]2C1,
39181,CN1CCO[C@H](CN(CC2CC2)C(=O)C(=O)N[C@H]2C[C@@H]3OC(=O)O[C@@H]3C2)C1,"N-(cyclopropylmethyl)-N-(((2S)-4-methylmorpholin-2-yl)methyl)-N'-((1R,5S,7S)-3-oxo-2,4-dioxabicyclo[3.3.0]octan-7-yl)ethanediamide",,CN1CCO[C@H](CN(CC2CC2)C(=O)C(=O)N[C@H]2C[C@@H]3OC(=O)O[C@@H]3C2)C1,
39206,O=C1C[C@H]2[C@@H](C1)[C@@H]2C(=O)N1CCC[C@H]1/C=C/C(=O)N1C[C@H]2[C@@H]3CC[C@@H](O3)[C@H]2C1,"(1R,5S,6R)-6-(((2S)-2-((1E)-3-((1S,2S,6R,7R)-10-oxa-4-azatricyclo[5.2.1.0^{2,6}]decan-4-yl)-3-oxoprop-1-en-1-yl)pyrrolidin-1-yl)carbonyl)bicyclo[3.1.0]hexan-3-one",,O=C1C[C@@H]2C(C(=O)N3CCC[C@H]3/C=C/C(=O)N3C[C@@H]4[C@H](C3)[C@H]3CC[C@@H]4O3)[C@@H]2C1,
39235,O=C(C1=C[C@@H]2CCC=CCC[C@H]12)N1CCO[C@H](COc2ccc(F)cc2)C1,"1-((1R,8S)-bicyclo[6.2.0]deca-4,9-dien-9-yl)-1-((2S)-2-(((4-fluorophenyl)oxy)methyl)morpholin-4-yl)methanone",[C@@H]12CCC=CCC[C@@H]2C(=C1)C(=O)N1C[C@H](OCC1)COC1=CC=C(C=C1)F,O=C(C1=C[C@@H]2CCC=CCC[C@H]12)N1CCO[C@H](COc2ccc(F)cc2)C1,O=C(C1=C[C@H]2CCC=CCC[C@H]12)N1CCO[C@H](COc2ccc(F)cc2)C1
39300,CN(C(=O)c1cncnc1)[C@H]1C[C@@H]2CC[C@H](C1)N2C(=O)c1cncc(F)c1,"N-((1R,3S,5S)-8-((5-fluoropyridin-3-yl)carbonyl)-8-azabicyclo[3.2.1]octan-3-yl)-N-methylpyrimidine-5-carboxamide",,CN(C(=O)c1cncnc1)[C@@H]1C[C@H]2CC[C@@H](C1)N2C(=O)c1cncc(F)c1,
39302,CN(CC1CCCCCC1)C(=O)[C@@]1(F)CCCN(C(=O)[C@@H]2[C@H]3CC(=O)C[C@H]32)C1,"(3R)-N-(cycloheptylmethyl)-3-fluoro-N-methyl-1-(((1R,5S,6R)-3-oxobicyclo[3.1.0]hexan-6-yl)carbonyl)piperidine-3-carboxamide",,CN(CC1CCCCCC1)C(=O)[C@@]1(F)CCCN(C(=O)C2[C@H]3CC(=O)C[C@@H]23)C1,
39315,CCN1CC[C@H]1C(=O)N1CCC[C@@]1(C)CNC(=O)[C@H]1C[C@H]2[C@@H](C1)C2(F)F,"(1R,3S,5S)-N-(((2S)-1-(((2S)-1-ethyl-azetidin-2-yl)carbonyl)-2-methylpyrrolidin-2-yl)methyl)-6,6-difluorobicyclo[3.1.0]hexane-3-carboxamide",,CCN1CCC1C(=O)N1CCC[C@@]1(C)CNC(=O)C1C[C@@H]2[C@H](C1)C2(F)F,
39325,CN1C(=O)NC[C@@H]1C(=O)N[C@@H]1C[C@@H]2CC[C@H](C1)N2C(=O)C1CN(S(C)(=O)=O)C1,"(5R)-1-methyl-N-((1R,3R,5S)-8-((1-(methylsulfonyl)-azetidin-3-yl)carbonyl)-8-azabicyclo[3.2.1]octan-3-yl)-2-oxoimidazolidine-5-carboxamide",,CN1C(=O)NCC1C(=O)N[C@H]1C[C@H]2CC[C@@H](C1)N2C(=O)C1CN(S(C)(=O)=O)C1,
39359,C[C@H]1CCN(C(=O)[C@@H]2C[C@@H]3CN(C(=O)C(=O)C(C)(C)C)C[C@@H]3C2)C1(C)C,"3,3-dimethyl-1-((1R,5S,7R)-7-(((3S)-2,2,3-trimethylpyrrolidin-1-yl)carbonyl)-3-azabicyclo[3.3.0]octan-3-yl)butane-1,2-dione",,C[C@H]1CCN(C(=O)C2C[C@@H]3CN(C(=O)C(=O)C(C)(C)C)C[C@@H]3C2)C1(C)C,
39424,CCCc1ncc(C(=O)NC[C@@H]2C[C@@H]3CC[C@H](C2)N3C(=O)[C@@H]2CCC[C@H]2CF)s1,"N-(((1R,3R,5S)-8-(((1R,2R)-2-(fluoromethyl)cyclopentyl)carbonyl)-8-azabicyclo[3.2.1]octan-3-yl)methyl)-2-propylthiazole-5-carboxamide",,CCCc1ncc(C(=O)NC[C@H]2C[C@H]3CC[C@@H](C2)N3C(=O)C2CCC[C@H]2CF)s1,
39478,CN1CCC(NC(=O)[C@@H](Cc2ccoc2)NC(=O)[C@H]2C[C@H]3[C@@H](C2)C3(C)C)CC1,"(2R)-2-((1R,3S,5S)-6,6-dimethylbicyclo[3.1.0]hexane-3-carboxamido)-3-(furan-3-yl)-N-(1-methylpiperidin-4-yl)propanamide",,CN1CCC(NC(=O)C(Cc2ccoc2)NC(=O)C2C[C@@H]3[C@H](C2)C3(C)C)CC1,
39508,Cc1c(C(=O)N2C[C@H]3[C@H](NC(=O)CCCN4CCCC4)[C@H]3C2)c[nH]c1C#N,"N-((1R,5S,6S)-3-((4-methyl-5-(nitrilomethyl)-1H-pyrrol-3-yl)carbonyl)-3-azabicyclo[3.1.0]hexan-6-yl)-4-(pyrrolidin-1-yl)butanamide",,Cc1c(C(=O)N2C[C@@H]3[C@H](C2)[C@H]3NC(=O)CCCN2CCCC2)c[nH]c1C#N,
39514,O=C(NC[C@@H]1C[C@@H]2CC[C@H](C1)N2C(=O)[C@]1(C2CC2)CCCO1)c1cc(Cl)cnn1,"5-chloro-N-(((1R,3R,5S)-8-(((2R)-2-cyclopropyloxolan-2-yl)carbonyl)-8-azabicyclo[3.2.1]octan-3-yl)methyl)pyridazine-3-carboxamide",,O=C(NC[C@H]1C[C@H]2CC[C@@H](C1)N2C(=O)[C@]1(C2CC2)CCCO1)c1cc(Cl)cnn1,
39527,Cn1cnc(I)c1[C@@H](N[C@@H](C1CCCC1)C1CCC1)c1nnnn1C(C)(C)C,(1R)-1-(1-(tert-butyl)-1H-tetrazol-5-yl)-N-((1S)-(cyclobutyl)(cyclopentyl)methyl)-1-(4-iodo-1-methyl-1H-imidazol-5-yl)methanamine,C(C)(C)(C)N1N=NN=C1[C@H](N[C@H](C1CCCC1)C1CCC1)C1=C(N=CN1C)I,Cn1cnc(I)c1[C@@H](N[C@@H](C1CCCC1)C1CCC1)c1nnnn1C(C)(C)C,Cn1cnc(I)c1[C@@H](N[C@H](C1CCCC1)C1CCC1)c1nnnn1C(C)(C)C
39628,CC(C)n1cc(C(=O)N[C@@H]2CCN(C(=O)[C@H]3C[C@](O)(C(F)F)C3)C2)nn1,"N-((3R)-1-(((1R,3s)-3-(difluoromethyl)-3-hydroxycyclobutyl)carbonyl)pyrrolidin-3-yl)-1-(propan-2-yl)-1H-1,2,3-triazole-4-carboxamide",,CC(C)n1cc(C(=O)N[C@@H]2CCN(C(=O)C3CC(O)(C(F)F)C3)C2)nn1,
39637,CNC(=O)NCCC(=O)N[C@]1(C)C[C@@H](NC(=O)CC2(c3ccccc3)CCC2)C1,"N-((1R,3r)-1-methyl-3-(2-(1-phenylcyclobutyl)acetamido)cyclobutyl)-3-(methylcarbamoylamino)propanamide",,CNC(=O)NCCC(=O)N[C@]1(C)C[C@@H](NC(=O)CC2(c3ccccc3)CCC2)C1,
39651,C[C@@H](CC1CCC1)C(=O)NC[C@H]1C[C@@](F)(CNC(=O)c2cn[nH]c2)C1,"(2S)-2-(cyclobutylmethyl)-N-(((1S,3s)-3-fluoro-3-((1H-pyrazole-4-carboxamido)methyl)cyclobutyl)methyl)propanamide",,CC(CC1CCC1)C(=O)NC[C@H]1C[C@@](F)(CNC(=O)c2cn[nH]c2)C1,
39707,CC#CCCCC(=O)N[C@]12C[C@H]1CN(C(=O)[C@H]1C[C@](OC)(C(F)(F)F)C1)C2,"N-((1R,5S)-3-(((1R,3s)-3-methoxy-3-(trifluoromethyl)cyclobutyl)carbonyl)-3-azabicyclo[3.1.0]hexan-1-yl)hept-5-ynamide",,CC#CCCCC(=O)N[C@]12C[C@H]1CN(C(=O)C1CC(OC)(C(F)(F)F)C1)C2,
39768,Cc1[nH]c(-c2ccccc2)cc1C(=O)N1C[C@H]2[C@H](NC(=O)C[C@H](C)CF)[C@H]2C1,"(3S)-3-(fluoromethyl)-N-((1R,5S,6S)-3-((2-methyl-5-phenyl-1H-pyrrol-3-yl)carbonyl)-3-azabicyclo[3.1.0]hexan-6-yl)butanamide",,Cc1[nH]c(-c2ccccc2)cc1C(=O)N1C[C@@H]2[C@H](C1)[C@H]2NC(=O)C[C@H](C)CF,
39793,CC1(C)C[C@@](C)(NC(=O)[C@@H]2C[C@H](O)CCN2C(=O)[C@@H]2[C@H]3CCCCC[C@H]32)C(=O)O1,"(2S,4R)-1-(((1R,7S,8R)-bicyclo[5.1.0]octan-8-yl)carbonyl)-4-hydroxy-N-((3R)-3,5,5-trimethyl-2-oxooxolan-3-yl)piperidine-2-carboxamide",,CC1(C)C[C@@](C)(NC(=O)C2C[C@H](O)CCN2C(=O)C2[C@H]3CCCCC[C@@H]23)C(=O)O1,
39915,Cc1c(C(=O)N[C@@]2(C)CCCC[C@H]2C(C)(C)C)[nH]c2c1C(=O)CCC2,"N-((1S,2S)-2-(tert-butyl)-1-methylcyclohexyl)-9-methyl-2-oxo-7-azabicyclo[4.3.0]nona-1(6),8-diene-8-carboxamide",C(C)(C)(C)[C@H]1[C@@](CCCC1)(C)NC(=O)C=1NC=2CCCC(C2C1C)=O,Cc1c(C(=O)N[C@@]2(C)CCCC[C@H]2C(C)(C)C)[nH]c2c1C(=O)CCC2,Cc1c(C(O)N[C@@]2(C)CCCC[C@H]2C(C)(C)C)[nH]c2cccc(O)c12
39951,C=CC[C@@H](CC)C(=O)N[C@]1(C)C[C@H](C(=O)NCCCCCCC)C1,"(2R)-2-ethyl-N-((1R,3s)-3-(heptylcarbamoyl)-1-methylcyclobutyl)pent-4-enamide",,C=CCC(CC)C(=O)NC1(C)CC(C(=O)NCCCCCCC)C1,
40042,COC(=O)c1ccnc(NC(=O)N2C[C@@H]3[C@@H](CF)[C@@H]3C2)c1C,"methyl 2-((1R,5S,6R)-6-(fluoromethyl)-3-azabicyclo[3.1.0]hexan-3-ylcarbonylamino)-3-methylpyridine-4-carboxylate",,COC(=O)c1ccnc(NC(=O)N2C[C@@H]3[C@@H](CF)[C@@H]3C2)c1C,
40087,C=C=CCCC(=O)N1CCN(C(=O)[C@H]2C[C@@](C)(O)C2)C[C@H]1C(C)(C)C,"1-((2R)-2-(tert-butyl)-4-(((1S,3r)-3-hydroxy-3-methylcyclobutyl)carbonyl)piperazin-1-yl)hexa-4,5-dien-1-one",,C=C=CCCC(=O)N1CCN(C(=O)C2CC(C)(O)C2)C[C@H]1C(C)(C)C,
40095,CC1(CC(=O)N2C[C@H]3[C@H](CC(=O)N4Cc5ccncc5C4)[C@H]3C2)CCOCC1,"1-((1R,5S,6S)-6-(2-(3,8-diazabicyclo[4.3.0]nona-1(6),2,4-trien-8-yl)-2-oxoethyl)-3-azabicyclo[3.1.0]hexan-3-yl)-2-(4-methyl-oxan-4-yl)ethan-1-one",,CC1(CC(=O)N2C[C@@H]3[C@@H](CC(=O)N4Cc5ccncc5C4)[C@@H]3C2)CCOCC1,
40139,CNC(=O)C1(C(=O)NC[C@@H]2CN(C(=O)[C@@H]3[C@H]4CCCCC[C@H]43)C(C)(C)C2)CC1,"N'-(((3R)-1-(((1R,7S,8R)-bicyclo[5.1.0]octan-8-yl)carbonyl)-5,5-dimethylpyrrolidin-3-yl)methyl)-N-methylcyclopropane-1,1-dicarboxamide",,CNC(=O)C1(C(=O)NC[C@@H]2CN(C(=O)C3[C@H]4CCCCC[C@@H]34)C(C)(C)C2)CC1,
40247,CCOC1CC(CN2C[C@H]3[C@H](CNC(=O)c4ccc5ccn(C)c5c4)[C@H]3C2)C1,"N-(((1R,5S,6S)-3-((3-ethoxycyclobutyl)methyl)-3-azabicyclo[3.1.0]hexan-6-yl)methyl)-7-methyl-7-azabicyclo[4.3.0]nona-1(6),2,4,8-tetraene-4-carboxamide",,CCOC1CC(CN2C[C@@H]3[C@@H](CNC(=O)c4ccc5ccn(C)c5c4)[C@@H]3C2)C1,
40297,C=C1CC(C)(C(=O)NC[C@]2(F)C[C@@H](NC(=O)c3cc[nH]c3)C2)C1,"N-((1S,3r)-3-fluoro-3-((1-methyl-3-methylidenecyclobutanecarboxamido)methyl)cyclobutyl)-1H-pyrrole-3-carboxamide",,C=C1CC(C)(C(=O)NC[C@]2(F)C[C@@H](NC(=O)c3cc[nH]c3)C2)C1,
40302,CC(C)c1ccc(C(=O)N2C[C@H]3[C@H](N(C)C(=O)C4=CCCC4(C)C)[C@H]3C2)c(O)c1,"N-((1R,5S,6S)-3-((2-hydroxy-4-(propan-2-yl)phenyl)carbonyl)-3-azabicyclo[3.1.0]hexan-6-yl)-5,5,N-trimethylcyclopent-1-ene-1-carboxamide",,CC(C)c1ccc(C(=O)N2C[C@@H]3[C@H](C2)[C@H]3N(C)C(=O)C2=CCCC2(C)C)c(O)c1,
40308,C[C@H]1C[C@H](NC(=O)NCCc2cncn2C)C[C@@H](C)O1,"N-((2R,4S,6S)-2,6-dimethyl-oxan-4-yl)-1-((2-(1-methyl-1H-imidazol-5-yl)ethyl)amino)formamide",,C[C@@H]1C[C@@H](NC(=O)NCCc2cncn2C)C[C@H](C)O1,
40355,C[C@@H]1[C@H](C(=O)NC2CCC3(CC2)CCN(C(=O)C[C@@]2(O)CCCN(C)C2)C3)[C@@H]1C,"(1S,2R,3S)-N-(2-(2-((3S)-3-hydroxy-1-methylpiperidin-3-yl)-acetyl)-2-azaspiro[4.5]decan-8-yl)-2,3-dimethylcyclopropanecarboxamide",,C[C@@H]1C(C(=O)NC2CCC3(CC2)CCN(C(=O)C[C@@]2(O)CCCN(C)C2)C3)[C@@H]1C,
40360,COCC1(CC(=O)NC[C@H]2C[C@@H]3CC[C@H](C2)N3C(=O)c2cc(C)cc(Cl)c2)CC1,"N-(((1R,3S,5S)-8-((3-chloro-5-methylphenyl)carbonyl)-8-azabicyclo[3.2.1]octan-3-yl)methyl)-2-(1-(methoxymethyl)cyclopropyl)acetamide",,COCC1(CC(=O)NC[C@@H]2C[C@H]3CC[C@@H](C2)N3C(=O)c2cc(C)cc(Cl)c2)CC1,
40377,C#CCCN(C)CC(=O)N1CCC(N(CCO)C(=O)[C@@H]2C[C@@H]3C[C@@H]3C2)C1,"(1R,3R,5S)-N-(1-(2-((but-3-yn-1-yl)(methyl)amino)-acetyl)pyrrolidin-3-yl)-N-(2-hydroxyethyl)bicyclo[3.1.0]hexane-3-carboxamide",,C#CCCN(C)CC(=O)N1CCC(N(CCO)C(=O)C2C[C@@H]3C[C@@H]3C2)C1,
40381,C[C@]1(NC(=O)c2ccnn2CCF)C[C@H](NC(=O)C2(CF)CCC2)C1,"1-(2-fluoroethyl)-N-((1S,3s)-3-(1-(fluoromethyl)cyclobutanecarboxamido)-1-methylcyclobutyl)-1H-pyrazole-5-carboxamide",,C[C@]1(NC(=O)c2ccnn2CCF)C[C@H](NC(=O)C2(CF)CCC2)C1,
40407,CN(CC1(O)CCN(C(=O)[C@@]2(C)C[C@@H]3C[C@@H]3C2)CC1)C(=O)[C@@H]1CCCCS1,"(2S)-N-((4-hydroxy-1-(((1R,3S,5S)-3-methylbicyclo[3.1.0]hexan-3-yl)carbonyl)piperidin-4-yl)methyl)-N-methylthiane-2-carboxamide",,CN(CC1(O)CCN(C(=O)[C@]2(C)C[C@H]3C[C@H]3C2)CC1)C(=O)C1CCCCS1,
40427,O=C(N[C@@H](C(=O)NC[C@@H]1[C@H]2CCCCC[C@H]21)C1CCCC1)c1nnc(O)nc1O,"N-((1R)-2-((((1R,7S,8R)-bicyclo[5.1.0]octan-8-yl)methyl)amino)-1-cyclopentyl-2-oxoethyl)-3,5-dihydroxy-1,2,4-triazine-6-carboxamide",,O=C(NC(C(=O)NC[C@H]1[C@@H]2CCCCC[C@@H]21)C1CCCC1)c1n[nH]c(=O)[nH]c1=O,
40439,CN1CC(C)(C)C[C@@H]1C(=O)NC[C@H]1CC[C@@](F)(CNC(=O)C2CS(=O)(=O)C2)CC1,"(2R)-N-(((1R,4r)-4-((1,1-dioxo-1lambda^6-thiacyclobutane-3-carboxamido)methyl)-4-fluorocyclohexyl)methyl)-1,4,4-trimethylpyrrolidine-2-carboxamide",,CN1CC(C)(C)CC1C(=O)NC[C@H]1CC[C@@](F)(CNC(=O)C2CS(=O)(=O)C2)CC1,
40540,CCN(CCCNC(=O)[C@]1(CC)CC[C@H](O)CC1)C(=O)c1c[nH]c(=N)o1,N-ethyl-N-(3-(1-ethyl-4-hydroxycyclohexanecarboxamido)propyl)-2-imino-1-oxa-3-azacyclopent-4-ene-5-carboxamide,C(C)N(C(=O)C1=CNC(O1)=N)CCCNC(=O)C1(CCC(CC1)O)CC,CCN(CCCNC(=O)[C@]1(CC)CC[C@H](O)CC1)C(=O)c1cnc(N)o1,CCN(CCCNC(=O)C1(CC)CCC(O)CC1)C(=O)c1cnc(N)o1
40547,C[C@H]1CC[C@@H](NC(=O)[C@H]2C[C@H]3[C@@H](C2)C3(C)C)CN1C(=O)c1cncc(Cl)n1,"(1R,3S,5S)-N-((3R,6S)-1-((6-chloropyrazin-2-yl)carbonyl)-6-methylpiperidin-3-yl)-6,6-dimethylbicyclo[3.1.0]hexane-3-carboxamide",,C[C@H]1CC[C@@H](NC(=O)C2C[C@@H]3[C@H](C2)C3(C)C)CN1C(=O)c1cncc(Cl)n1,
40549,Cc1ccc(Cn2cc([C@@H]3[C@H]4CN(C(=O)COC5(C)CCCC5)C[C@H]43)nn2)o1,"2-((1-methylcyclopentyl)oxy)-1-((1R,5S,6R)-6-(1-((5-methylfuran-2-yl)methyl)-1H-1,2,3-triazol-4-yl)-3-azabicyclo[3.1.0]hexan-3-yl)ethan-1-one",,Cc1ccc(Cn2cc([C@H]3[C@@H]4CN(C(=O)COC5(C)CCCC5)C[C@@H]43)nn2)o1,
40568,CCCN(CCNC(=O)C1CCC(N(C)C)CC1)C(=O)CC1C[C@@H]2C[C@H]2C1,"4-(dimethylamino)-N-(2-(N-propyl-2-((1R,5R)-bicyclo[3.1.0]hexan-3-yl)acetamido)ethyl)cyclohexanecarboxamide",CN(C1CCC(CC1)C(=O)NCCN(C(CC1C[C@H]2C[C@@H]2C1)=O)CCC)C,CCCN(CCNC(=O)C1CCC(N(C)C)CC1)C(=O)CC1C[C@@H]2C[C@H]2C1,CCCN(CCNC(=O)C1CCC(N(C)C)CC1)C(=O)CC1C[C@H]2C[C@@H]2C1
40591,O=C(CCNC(=O)c1ccoc1)N[C@H]1C[C@@H]2C[C@H]1N(C(=O)C[C@@H]1C[C@H]3C[C@H]3C1)C2,"N-((1R,4R,6S)-2-(2-((1R,3R,5S)-bicyclo[3.1.0]hexan-3-yl)-acetyl)-2-azabicyclo[2.2.1]heptan-6-yl)-3-(furan-3-carboxamido)propanamide",,O=C(CCNC(=O)c1ccoc1)N[C@H]1C[C@@H]2C[C@H]1N(C(=O)C[C@H]1C[C@@H]3C[C@@H]3C1)C2,
40623,CCc1ncncc1C(=O)N[C@H]1[C@@H]2CN(CC(=O)N[C@H](C)CC)C[C@@H]21,"N-((1R,5S,6S)-3-(2-(((2R)-butan-2-yl)amino)-2-oxoethyl)-3-azabicyclo[3.1.0]hexan-6-yl)-4-ethylpyrimidine-5-carboxamide",,CCc1ncncc1C(=O)N[C@H]1[C@@H]2CN(CC(=O)N[C@H](C)CC)C[C@@H]21,
40647,CCNC(=O)CC(=O)N1CC=C[C@]1(COC)C(=O)N1C[C@H]2[C@@H](C1)[C@@H]2C(=O)NC,"N-ethyl-3-((2S)-2-(methoxymethyl)-2-(((1R,5S,6R)-6-(methylcarbamoyl)-3-azabicyclo[3.1.0]hexan-3-yl)carbonyl)-2,5-dihydro-1H-pyrrol-1-yl)-3-oxopropanamide",,CCNC(=O)CC(=O)N1CC=C[C@]1(COC)C(=O)N1C[C@@H]2C(C(=O)NC)[C@@H]2C1,
40805,CC(C)C(=O)NC[C@@H]1C[C@@H]2CC[C@H](C1)N2C(=O)c1nc(C(F)(F)F)cs1,"2-methyl-N-(((1R,3R,5S)-8-((4-(trifluoromethyl)thiazol-2-yl)carbonyl)-8-azabicyclo[3.2.1]octan-3-yl)methyl)propanamide",,CC(C)C(=O)NC[C@H]1C[C@H]2CC[C@@H](C1)N2C(=O)c1nc(C(F)(F)F)cs1,
40846,O=C(C=CC1CCC1)N[C@H]1[C@@H]2CN(C(=O)C3([C@@H]4CCCCO4)CCC3)C[C@@H]21,"3-cyclobutyl-N-((1R,5S,6S)-3-((1-((2S)-oxan-2-yl)cyclobutyl)carbonyl)-3-azabicyclo[3.1.0]hexan-6-yl)prop-2-enamide",,O=C(C=CC1CCC1)N[C@H]1[C@@H]2CN(C(=O)C3([C@@H]4CCCCO4)CCC3)C[C@@H]21,
41048,O=C(NC[C@@H]1CCOC1)[C@@H]1[C@H]2[C@@H]3C[C@H]4[C@@H]1[C@@H]2[C@]34C(=O)NCC1(O)CC1,"(1S,3S,4S,5R,6R,7R,8S)-N'-((1-hydroxycyclopropyl)methyl)-N-(((3S)-oxolan-3-yl)methyl)tetracyclo[4.2.0.0^{3,8}.0^{4,7}]octane-5,8-dicarboxamide",,O=C(NC[C@@H]1CCOC1)C1[C@@H]2[C@@H]3[C@H]1[C@@H]1C[C@@H]2[C@@]31C(=O)NCC1(O)CC1,
41072,CC[C@H](C)NC(=O)[C@H]([C@H]1[C@@H]2COC[C@@H]21)N1CCO[C@](C)(CCO)C1,"(2S)-N-((2S)-butan-2-yl)-2-((2R)-2-(2-hydroxyethyl)-2-methylmorpholin-4-yl)-2-((1R,5S,6S)-3-oxabicyclo[3.1.0]hexan-6-yl)acetamide",,CC[C@H](C)NC(=O)C([C@H]1[C@@H]2COC[C@@H]21)N1CCO[C@](C)(CCO)C1,
41113,Cc1cc(C)n([C@H](C)C(=O)N2[C@H]3CC[C@@H]2C[C@H](CNC(=O)c2ccc(Cl)s2)C3)n1,"5-chloro-N-(((1R,3R,5S)-8-((2R)-2-(3,5-dimethyl-1H-pyrazol-1-yl)-propionyl)-8-azabicyclo[3.2.1]octan-3-yl)methyl)thiophene-2-carboxamide",,Cc1cc(C)n(C(C)C(=O)N2[C@@H]3CC[C@H]2C[C@@H](CNC(=O)c2ccc(Cl)s2)C3)n1,
41125,CC(C)[C@@H]1C[C@H]1C(=O)NC[C@H](NC(=O)[C@]12CCC[C@H]1CCC2)C1CCCC1,"N-((1R)-1-cyclopentyl-2-((1R,2S)-2-(propan-2-yl)cyclopropanecarboxamido)ethyl)bicyclo[3.3.0]octane-1-carboxamide",C1(CCCC1)[C@H](CNC(=O)[C@H]1[C@@H](C1)C(C)C)NC(=O)C12CCCC2CCC1,CC(C)[C@@H]1CC1C(=O)NC[C@H](NC(=O)[C@]12CCC[C@H]1CCC2)C1CCCC1,CC(C)[C@@H]1CC1C(=O)NC[C@H](NC(=O)C12CCCC1CCC2)C1CCCC1
41143,CCCCn1ccc(C(=O)N2C[C@@H](NC(=O)C3=C[C@@H]4CCCC[C@H]34)CC2(C)C)n1,"(1R,6S)-N-((3S)-1-((1-butyl-1H-pyrazol-3-yl)carbonyl)-5,5-dimethylpyrrolidin-3-yl)bicyclo[4.2.0]oct-7-ene-7-carboxamide",C(CCC)N1N=C(C=C1)C(=O)N1C[C@H](CC1(C)C)NC(=O)C=1[C@H]2CCCC[C@@H]2C1,CCCCn1ccc(C(=O)N2C[C@@H](NC(=O)C3=C[C@@H]4CCCC[C@H]34)CC2(C)C)n1,CCCCn1ccc(C(=O)N2C[C@@H](NC(=O)C3=C[C@H]4CCCC[C@H]34)CC2(C)C)n1
41172,CO[C@]1(C(F)(F)F)C[C@H](C(=O)N2CCC[C@H]2CNC(=O)[C@H]2C[C@H](O)C2)C1,"trans-3-hydroxy-N-(((2S)-1-(((1R,3s)-3-methoxy-3-(trifluoromethyl)cyclobutyl)carbonyl)pyrrolidin-2-yl)methyl)cyclobutanecarboxamide",,COC1(C(F)(F)F)CC(C(=O)N2CCC[C@H]2CNC(=O)C2CC(O)C2)C1,
41180,CC[C@@]1(C)CCCN(C(=O)CN2[C@H]3CCC[C@@H]2C[C@H](N)C3)C1,"2-((1R,3R,5S)-3-amino-9-azabicyclo[3.3.1]nonan-9-yl)-1-((3S)-3-ethyl-3-methylpiperidin-1-yl)ethan-1-one",,CC[C@@]1(C)CCCN(C(=O)CN2[C@@H]3CCC[C@H]2C[C@@H](N)C3)C1,
41197,O=C(CC[C@H]1CC[C@@H](NC(=O)[C@@H]2C[C@]2(F)Cl)C1)NC[C@@]1(CO)C[C@@H]2C[C@@H]2C1,"3-((1R,3R)-3-((1S,2S)-2-chloro-2-fluorocyclopropanecarboxamido)cyclopentyl)-N-(((1R,3R,5S)-3-(hydroxymethyl)bicyclo[3.1.0]hexan-3-yl)methyl)propanamide",,O=C(CC[C@H]1CC[C@@H](NC(=O)C2C[C@]2(F)Cl)C1)NC[C@]1(CO)C[C@H]2C[C@H]2C1,
41260,CC[C@H]1C[C@@H]1C(=O)N1C[C@H]2[C@@H](C1)[C@@H]2C(=O)NCC(=O)NC1CCCC1,"(1R,5S,6R)-N-(2-(cyclopentylamino)-2-oxoethyl)-3-(((1S,2S)-2-ethylcyclopropyl)carbonyl)-3-azabicyclo[3.1.0]hexane-6-carboxamide",,CC[C@H]1CC1C(=O)N1C[C@@H]2C(C(=O)NCC(=O)NC3CCCC3)[C@@H]2C1,
41264,CC[C@](C)(CO)C(=O)N[C@H]1C[C@@H]2CC[C@H](C1)N2C(=O)c1cc(C)nc(O)c1,"(2R)-N-((1R,3S,5S)-8-((2-hydroxy-6-methylpyridin-4-yl)carbonyl)-8-azabicyclo[3.2.1]octan-3-yl)-2-(hydroxymethyl)-2-methylbutanamide",,CC[C@](C)(CO)C(=O)N[C@@H]1C[C@H]2CC[C@@H](C1)N2C(=O)c1cc(C)[nH]c(=O)c1,
41323,CC(C)(C)OC(=O)NC[C@H]1[C@@H]2CN(N3CCN4C(=O)NC(=O)[C@H]4C3)C[C@H]12,"tert-butyl ((((1R,5S,6S)-3-((6R)-7,9-dioxo-1,4,8-triazabicyclo[4.3.0]nonan-4-yl)-3-azabicyclo[3.1.0]hexan-6-yl)methyl)amino)formate",,CC(C)(C)OC(=O)NC[C@@H]1[C@H]2CN(N3CCn4c(c(O)[nH]c4=O)C3)C[C@@H]12,
41327,C=C(C)C[C@H](NC(C)=O)C(=O)N1CC[C@@H]1CNC(=O)C[C@@H]1CC[C@H]2C[C@H]2C1,"N-((2S)-1-((2R)-2-((2-((1R,3R,6S)-bicyclo[4.1.0]heptan-3-yl)acetamido)methyl)-azetidin-1-yl)-4-methyl-1-oxopent-4-en-2-yl)acetamide",[C@H]12C[C@@H](CC[C@H]2C1)CC(=O)NC[C@@H]1N(CC1)C([C@H](CC(=C)C)NC(C)=O)=O,C=C(C)CC(NC(C)=O)C(=O)N1CC[C@@H]1CNC(=O)C[C@@H]1CC[C@H]2C[C@H]2C1,C=C(C)CC(NC(C)=O)C(=O)N1CC[C@@H]1CNC(=O)C[C@@H]1CC[C@H]2C[C@@H]2C1
41463,CNC(=O)[C@H]1C=C[C@@H](NC(=O)[C@]2(NC(=O)c3nc(Cl)cs3)C[C@@H](O)C2)C1,"4-chloro-N-((1S,3r)-3-hydroxy-1-(((1S,4R)-4-(methylcarbamoyl)cyclopent-2-en-1-yl)carbamoyl)cyclobutyl)thiazole-2-carboxamide",,CNC(=O)C1C=C[C@@H](NC(=O)[C@]2(NC(=O)c3nc(Cl)cs3)C[C@@H](O)C2)C1,
41516,C[C@@H](C(=O)NC[C@]1(F)C[C@@H](NC(=O)c2cc(F)cc(F)c2)C1)[C@@H]1CCCO1,"(2R)-N-(((1R,3s)-3-(3,5-difluorobenzene-1-carboxamido)-1-fluorocyclobutyl)methyl)-2-((2S)-oxolan-2-yl)propanamide",,CC(C(=O)NC[C@]1(F)C[C@@H](NC(=O)c2cc(F)cc(F)c2)C1)[C@@H]1CCCO1,
41520,C=CCC1(C(=O)NC[C@]2(F)C[C@@H](CNC(=O)[C@H]3CC(=O)OC3(C)C)C2)CCCC1,"(3S)-N-(((1R,3s)-3-fluoro-3-((1-(prop-2-en-1-yl)cyclopentanecarboxamido)methyl)cyclobutyl)methyl)-2,2-dimethyl-5-oxooxolane-3-carboxamide",,C=CCC1(C(=O)NC[C@]2(F)C[C@@H](CNC(=O)C3CC(=O)OC3(C)C)C2)CCCC1,
41535,COCCC(=O)N1CCC[C@@]12CCCN(C(=O)c1c[nH]c3cccc(Cl)c13)C2,"1-((5R)-7-((4-chloro-1H-indol-3-yl)carbonyl)-1,7-diazaspiro[4.5]decan-1-yl)-3-methoxypropan-1-one",ClC1=C2C(=CNC2=CC=C1)C(=O)N1C[C@@]2(CCCN2C(CCOC)=O)CCC1,COCCC(=O)N1CCC[C@@]12CCCN(C(=O)c1c[nH]c3cccc(Cl)c13)C2,COCCC(=O)N1CCC[C@]12CCCN(C(=O)c1c[nH]c3cccc(Cl)c13)C2
41555,C[C@H](C(=O)N[C@H]1C[C@@H]2CC[C@H]1[C@H](NC(=O)[C@H]1C[C@H]3[C@@H](C1)C3(F)F)C2)N(C)C,"(2R)-N-((1S,2S,4R,6R)-6-((1R,3S,5S)-6,6-difluorobicyclo[3.1.0]hexane-3-carboxamido)bicyclo[2.2.2]octan-2-yl)-2-(dimethylamino)propanamide",,CC(C(=O)N[C@H]1C[C@@H]2CC[C@H]1[C@H](NC(=O)C1C[C@@H]3[C@H](C1)C3(F)F)C2)N(C)C,
41563,CSc1cc(N2C[C@@H]3[C@H](C2)[C@@H]3NC(=O)c2c(C)cc(O)cc2O)nc(C)n1,"2,4-dihydroxy-6-methyl-N-((1R,5S,6R)-3-(2-methyl-6-(methylsulfanyl)pyrimidin-4-yl)-3-azabicyclo[3.1.0]hexan-6-yl)benzamide",,CSc1cc(N2C[C@@H]3[C@H](C2)[C@@H]3NC(=O)c2c(C)cc(O)cc2O)nc(C)n1,
41586,C[C@H]1C[C@@H](C)C[C@H]([C@@H](C(=O)NCCC2(C)CC2)N2CCC[C@@H](OCC3CC3)C2)C1,"(2S)-2-((3R)-3-(cyclopropylmethoxy)piperidin-1-yl)-2-((1R,3R,5S)-3,5-dimethylcyclohexyl)-N-(2-(1-methylcyclopropyl)ethyl)acetamide",,C[C@@H]1C[C@H](C)C[C@@H](C(C(=O)NCCC2(C)CC2)N2CCC[C@@H](OCC3CC3)C2)C1,
41589,COCCC1(C(=O)N[C@@H]2C[C@@H]3CC[C@H](C2)N3C(=O)CC2(C#N)CCC2)CCC1,"1-(2-methoxyethyl)-N-((1R,3R,5S)-8-(2-(1-(nitrilomethyl)cyclobutyl)-acetyl)-8-azabicyclo[3.2.1]octan-3-yl)cyclobutanecarboxamide",,COCCC1(C(=O)N[C@H]2C[C@H]3CC[C@@H](C2)N3C(=O)CC2(C#N)CCC2)CCC1,
41597,O=C(NC[C@@H]1CCCN(C(=O)[C@@H]2[C@H]3CCC[C@H]32)CC1)c1cncc(C(F)F)c1,"N-(((4R)-1-(((1R,5S,6R)-bicyclo[3.1.0]hexan-6-yl)carbonyl)-1-azacycloheptan-4-yl)methyl)-5-(difluoromethyl)pyridine-3-carboxamide",,O=C(NC[C@@H]1CCCN(C(=O)C2[C@H]3CCC[C@@H]23)CC1)c1cncc(C(F)F)c1,
41611,C[C@]1(NC(=O)CCC(=O)c2ccc(F)cc2)C[C@H](NC(=O)[C@@H]2CCC2(F)F)C1,"N-((1R,3r)-3-((1S)-2,2-difluorocyclobutanecarboxamido)-1-methylcyclobutyl)-4-(4-fluorophenyl)-4-oxobutanamide",,C[C@]1(NC(=O)CCC(=O)c2ccc(F)cc2)C[C@H](NC(=O)C2CCC2(F)F)C1,
41653,CC[C@H]1CC[C@@H](C(=O)N[C@H]2C[C@@H]3C[C@H](C2)CN(C(=O)c2cc[nH]c(=NC)c2)C3)O1,"(2S,5S)-5-ethyl-N-((1R,5S,7S)-3-((6-(methylimino)-1-azacyclohexa-2,4-dien-4-yl)carbonyl)-3-azabicyclo[3.3.1]nonan-7-yl)oxolane-2-carboxamide",,CC[C@H]1CCC(C(=O)N[C@@H]2C[C@H]3C[C@@H](C2)CN(C(=O)c2ccnc(NC)c2)C3)O1,
41694,CC(=O)CCN=C(N[C@H]1C[C@@](F)(CNC(=O)OC(C)(C)C)C1)N1C[C@@H](C)[C@H](C)C1,"tert-butyl ((((1R,3r)-3-((((3S,4S)-3,4-dimethylpyrrolidin-1-yl)((3-oxobutyl)imino)methyl)amino)-1-fluorocyclobutyl)methyl)amino)formate",,CC(=O)CCN=C(N[C@H]1C[C@@](F)(CNC(=O)OC(C)(C)C)C1)N1C[C@@H](C)[C@H](C)C1,
41745,COC/C(C)=C/C(=O)N1CCC[C@H](CCC2CCN(C(=O)[C@@H]3[C@@H](C)[C@H]3C)CC2)C1,"(2E)-1-((3S)-3-(2-(1-(((1R,2R,3S)-2,3-dimethylcyclopropyl)carbonyl)piperidin-4-yl)ethyl)piperidin-1-yl)-4-methoxy-3-methylbut-2-en-1-one",,COC/C(C)=C/C(=O)N1CCC[C@H](CCC2CCN(C(=O)C3[C@@H](C)[C@H]3C)CC2)C1,
41839,CC(C)[C@@H](NC(=O)c1ccc(C(F)F)s1)[C@H](C)NC(=O)[C@]12CC[C@H](CC1)C2(C)C,"5-(difluoromethyl)-N-((2S,3R)-2-(7,7-dimethylbicyclo[2.2.1]heptane-1-carboxamido)-4-methylpentan-3-yl)thiophene-2-carboxamide",FC(C1=CC=C(S1)C(=O)N[C@@H]([C@H](C)NC(=O)C12CCC(CC1)C2(C)C)C(C)C)F,CC(C)[C@@H](NC(=O)c1ccc(C(F)F)s1)[C@H](C)NC(=O)[C@]12CC[C@H](CC1)C2(C)C,CC(C)[C@@H](NC(=O)c1ccc(C(F)F)s1)[C@H](C)NC(=O)C12CCC(CC1)C2(C)C
41851,CCOCCOCCC(=O)N1[C@H]2CC[C@@H]1C[C@H](CNC(=O)c1ccc(C)cn1)C2,"N-(((1R,3R,5S)-8-(3-((2-ethoxyethyl)oxy)-propionyl)-8-azabicyclo[3.2.1]octan-3-yl)methyl)-5-methylpyridine-2-carboxamide",,CCOCCOCCC(=O)N1[C@@H]2CC[C@H]1C[C@@H](CNC(=O)c1ccc(C)cn1)C2,
42078,CCc1cncc(C(=O)NC2CC(C)(C(=O)N[C@H]3C[C@@H]4CCC[C@@H]4C3)C2)c1,"N-(3-(((1R,3S,5S)-bicyclo[3.3.0]octan-3-yl)carbamoyl)-3-methylcyclobutyl)-5-ethylpyridine-3-carboxamide",,CCc1cncc(C(=O)NC2CC(C)(C(=O)N[C@@H]3C[C@H]4CCC[C@H]4C3)C2)c1,
42105,C[C@H]1[C@@H](C)[C@@H]1C(=O)N1CCN(C(=O)c2ccc3nc(Cl)nn3c2)[C@@H](CCO)C1,"1-((3S)-4-((8-chloro-1,7,9-triazabicyclo[4.3.0]nona-2,4,6,8-tetraen-3-yl)carbonyl)-3-(2-hydroxyethyl)piperazin-1-yl)-1-((1R,2R,3S)-2,3-dimethylcyclopropyl)methanone",,C[C@@H]1C(C(=O)N2CCN(C(=O)c3ccc4nc(Cl)nn4c3)[C@@H](CCO)C2)[C@@H]1C,
42124,C=CCCC[C@H](NC(=O)[C@@H]1[C@H]2COC[C@H]21)C(=O)NCc1ncsc1C,"(1R,5S,6R)-N-((2S)-1-(((5-methylthiazol-4-yl)methyl)amino)-1-oxohept-6-en-2-yl)-3-oxabicyclo[3.1.0]hexane-6-carboxamide",,C=CCCCC(NC(=O)C1[C@H]2COC[C@@H]12)C(=O)NCc1ncsc1C,
42162,CO[C@H](C)CC(=O)NC[C@]1(F)C[C@H](CNC(=O)c2cc(C)ccc2C)C1,"(3R)-N-(((1R,3r)-3-((2,5-dimethylbenzene-1-carboxamido)methyl)-1-fluorocyclobutyl)methyl)-3-methoxybutanamide",,CO[C@H](C)CC(=O)NC[C@]1(F)C[C@H](CNC(=O)c2cc(C)ccc2C)C1,
42179,C=C(CCNC(=O)Cc1cc(C)ccc1Br)CNC(=O)C1=C[C@H]2CC=CC[C@@H]12,"N-(3-(((1S,6R)-bicyclo[4.2.0]octa-3,7-diene-7-carboxamido)methyl)but-3-en-1-yl)-2-(2-bromo-5-methylphenyl)acetamide",[C@H]12CC=CC[C@H]2C(=C1)C(=O)NCC(CCNC(CC1=C(C=CC(=C1)C)Br)=O)=C,C=C(CCNC(=O)Cc1cc(C)ccc1Br)CNC(=O)C1=C[C@H]2CC=CC[C@@H]12,C=C(CCNC(=O)Cc1cc(C)ccc1Br)CNC(=O)C1=C[C@@H]2CC=CC[C@@H]12
42220,CCN(CC)CC(=O)N1C[C@H]2[C@H](N(C)C(=O)c3cnc4c(cnn4CC)c3)[C@H]2C1,"N-((1R,5S,6S)-3-(2-(diethylamino)-acetyl)-3-azabicyclo[3.1.0]hexan-6-yl)-9-ethyl-N-methyl-2,8,9-triazabicyclo[4.3.0]nona-1(6),2,4,7-tetraene-4-carboxamide",,CCN(CC)CC(=O)N1C[C@@H]2[C@H](C1)[C@H]2N(C)C(=O)c1cnc2c(cnn2CC)c1,
42399,C=CC[C@H](CNC(=O)[C@@H]1[C@H]2CN(C)C[C@H]21)C(=O)NCc1cccc(Cl)n1,"(1R,5S,6R)-N-((2R)-2-(((6-chloropyridin-2-yl)methyl)carbamoyl)pent-4-en-1-yl)-3-methyl-3-azabicyclo[3.1.0]hexane-6-carboxamide",,C=CCC(CNC(=O)C1[C@H]2CN(C)C[C@@H]12)C(=O)NCc1cccc(Cl)n1,
42428,C[C@H]1C[C@@H](C)C[C@H](C(=O)N2C[C@@H]3[C@@H](C2)[C@H]2CC[C@@H]3N(C(=O)C(C)(C)N(C)C)C2)C1,"2-(dimethylamino)-1-((1S,2S,6S,7R)-4-(((1R,3R,5S)-3,5-dimethylcyclohexyl)carbonyl)-4,10-diazatricyclo[5.2.2.0^{2,6}]undecan-10-yl)-2-methylpropan-1-one",,C[C@@H]1CC(C(=O)N2C[C@@H]3[C@@H](C2)[C@H]2CC[C@@H]3N(C(=O)C(C)(C)N(C)C)C2)C[C@H](C)C1,
42441,C[C@@H]1CN(C(=O)OC(C)(C)C)C[C@H]1C(=O)O[C@H](C)CN1CCCC1=O,"3-(2R)-1-(2-oxopyrrolidin-1-yl)propan-2-yl 1-tert-butyl (3S,4S)-4-methylpyrrolidine-1,3-dicarboxylate",,C[C@H](CN1CCCC1=O)OC(=O)C1CN(C(=O)OC(C)(C)C)C[C@H]1C,
42457,C[Si]1(C)CCN(C(=O)[C@@H]2[C@H]3C[C@H]3CN2C(=O)C[C@@H]2C[C@H]3C[C@H]3C2)CC1,"2-((1R,3R,5S)-bicyclo[3.1.0]hexan-3-yl)-1-((1S,2S,5R)-2-((4,4-dimethyl-1-aza-4-silacyclohexan-1-yl)carbonyl)-3-azabicyclo[3.1.0]hexan-3-yl)ethan-1-one",,C[Si]1(C)CCN(C(=O)C2[C@H]3C[C@H]3CN2C(=O)C[C@H]2C[C@@H]3C[C@@H]3C2)CC1,
42481,C[C@@H]1CC=C(C(=O)NC[C@]2(F)C[C@H](NC(=O)[C@H](C)NC(=O)c3ccco3)C2)CC1,"N-((2S)-1-(((1S,3s)-3-fluoro-3-(((4S)-4-methylcyclohex-1-ene-1-carboxamido)methyl)cyclobutyl)amino)-1-oxopropan-2-yl)furan-2-carboxamide",,CC(NC(=O)c1ccco1)C(=O)N[C@H]1C[C@@](F)(CNC(=O)C2=CC[C@@H](C)CC2)C1,
42511,Cn1c(C#N)ccc1C(=O)N[C@]1(C(=O)N[C@H]2CCn3cnnc3C2)C[C@H](O)C1,"5-cyano-N-((1S,3r)-3-hydroxy-1-(((4S)-1,7,8-triazabicyclo[4.3.0]nona-6,8-dien-4-yl)carbamoyl)cyclobutyl)-1-methyl-1H-pyrrole-2-carboxamide",,Cn1c(C#N)ccc1C(=O)N[C@]1(C(=O)N[C@H]2CCn3cnnc3C2)C[C@H](O)C1,
42527,CCOCCCC(=O)NC[C@H]1C[C@@H]2CC[C@H](C1)N2C(=O)c1c[nH]c2ccncc12,"N-(((1R,3S,5S)-8-((3,7-diazabicyclo[4.3.0]nona-1(6),2,4,8-tetraen-9-yl)carbonyl)-8-azabicyclo[3.2.1]octan-3-yl)methyl)-4-ethoxybutanamide",,CCOCCCC(=O)NC[C@@H]1C[C@H]2CC[C@@H](C1)N2C(=O)c1c[nH]c2ccncc12,
42646,CC(=O)N[C@H]1CC[C@H](C(=O)N2C[C@H]3[C@H](NC(=O)Cn4nccc4C)[C@H]3C2)CC1,"N-(trans-4-(((1R,5S,6S)-6-(2-(5-methyl-1H-pyrazol-1-yl)acetamido)-3-azabicyclo[3.1.0]hexan-3-yl)carbonyl)cyclohexyl)acetamide",,CC(=O)NC1CCC(C(=O)N2C[C@@H]3[C@H](C2)[C@H]3NC(=O)Cn2nccc2C)CC1,
42650,O=C(Cn1ncnn1)NC[C@H]1CC[C@@](F)(CNC(=O)C[C@]2(O)CCOC2)CC1,"N-(((1R,4r)-4-fluoro-4-((2-((3R)-3-hydroxyoxolan-3-yl)acetamido)methyl)cyclohexyl)methyl)-2-(2H-tetrazol-2-yl)acetamide",,O=C(Cn1ncnn1)NC[C@H]1CC[C@@](F)(CNC(=O)C[C@]2(O)CCOC2)CC1,
42736,COc1ccc(C(=O)N2C[C@H]3[C@H](NC(=O)Cc4ccoc4)[C@H]3C2)nn1,"2-(furan-3-yl)-N-((1R,5S,6S)-3-((6-methoxypyridazin-3-yl)carbonyl)-3-azabicyclo[3.1.0]hexan-6-yl)acetamide",,COc1ccc(C(=O)N2C[C@@H]3[C@H](C2)[C@H]3NC(=O)Cc2ccoc2)nn1,
42754,O=C(CNC(=O)NC1CC1)NC[C@@]1(O)CCN(C(=O)[C@@H]2[C@H]3COC[C@H]32)C1,"2-(cyclopropylcarbamoylamino)-N-(((3S)-3-hydroxy-1-(((1R,5S,6R)-3-oxabicyclo[3.1.0]hexan-6-yl)carbonyl)pyrrolidin-3-yl)methyl)acetamide",,O=C(CNC(=O)NC1CC1)NC[C@@]1(O)CCN(C(=O)C2[C@H]3COC[C@@H]23)C1,
42804,CCc1c(C(=O)N[C@@H]2C[C@@H]3CC[C@H](C2)N3c2cnc(C#N)cn2)cnn1CC,"1,5-diethyl-N-((1R,3R,5S)-8-(5-(nitrilomethyl)pyrazin-2-yl)-8-azabicyclo[3.2.1]octan-3-yl)-1H-pyrazole-4-carboxamide",,CCc1c(C(=O)N[C@H]2C[C@H]3CC[C@@H](C2)N3c2cnc(C#N)cn2)cnn1CC,
42846,C[C@@]1(C(=O)N[C@H]2C[C@H](CC(=O)N[C@H]3CCOC34CCCC4)C2)C[C@@H]2C[C@@H]2C1,"(1R,3R,5S)-3-methyl-N-(trans-3-(2-(((4S)-1-oxaspiro[4.4]nonan-4-yl)amino)-2-oxoethyl)cyclobutyl)bicyclo[3.1.0]hexane-3-carboxamide",,C[C@]1(C(=O)N[C@H]2C[C@H](CC(=O)N[C@H]3CCOC34CCCC4)C2)C[C@H]2C[C@H]2C1,
42871,C[C@H]1[C@@H](C)[C@@H]1C(=O)NCCC(C)(C)NC(=O)c1ncoc1Br,"5-bromo-N-(4-((1R,2R,3S)-2,3-dimethylcyclopropanecarboxamido)-2-methylbutan-2-yl)oxazole-4-carboxamide",,C[C@@H]1C(C(=O)NCCC(C)(C)NC(=O)c2ncoc2Br)[C@@H]1C,
42927,C[S@@](=O)CCC(=O)N[C@H]1C[C@@H]2CC[C@H](C1)N2C(=O)c1cnns1,"3-((R)-methylsulfinyl)-N-((1R,3S,5S)-8-((1-thia-2,3-diazacyclopenta-2,4-dien-5-yl)carbonyl)-8-azabicyclo[3.2.1]octan-3-yl)propanamide",,C[S@@+]([O-])CCC(=O)N[C@@H]1C[C@H]2CC[C@@H](C1)N2C(=O)c1cnns1,
42931,CC(C)Cc1cc(C(=O)N(C)[C@H]2[C@@H]3CN(C(=O)CN4CCOCC4=O)C[C@@H]32)no1,"N-methyl-5-(2-methylpropyl)-N-((1R,5S,6S)-3-(1-oxo-2-(3-oxomorpholin-4-yl)ethyl)-3-azabicyclo[3.1.0]hexan-6-yl)isoxazole-3-carboxamide",,CC(C)Cc1cc(C(=O)N(C)[C@H]2[C@@H]3CN(C(=O)CN4CCOCC4=O)C[C@@H]32)no1,
42952,COc1ccc(C(=O)N2CCCC23CCN(C(=O)[C@H]2C[C@@](F)(CO)C2)CC3)cc1,"1-(8-(((1S,3s)-3-fluoro-3-(hydroxymethyl)cyclobutyl)carbonyl)-1,8-diazaspiro[4.5]decan-1-yl)-1-(4-methoxyphenyl)methanone",,COc1ccc(C(=O)N2CCCC23CCN(C(=O)C2CC(F)(CO)C2)CC3)cc1,
42963,CN1C[C@H]2[C@@H](C1)[C@@H]2C(=O)N1CCN(C)[C@H](C(=O)NCCc2ccc(F)cc2)C1,"(2S)-N-(2-(4-fluorophenyl)ethyl)-1-methyl-4-(((1R,5S,6R)-3-methyl-3-azabicyclo[3.1.0]hexan-6-yl)carbonyl)piperazine-2-carboxamide",,CN1C[C@@H]2C(C(=O)N3CCN(C)C(C(=O)NCCc4ccc(F)cc4)C3)[C@@H]2C1,
42991,Cc1ccsc1C(=O)N1CC2(C[C@H](NC(=O)C3CN(C(N)=O)C3)c3nccn32)C1,"1-((amino)carbonyl)-N-((6S)-spiro[1,4-diazabicyclo[3.3.0]octa-2,4-diene-8,3'-(1-(azetidin-1-yl)-1-(3-methylthiophen-2-yl)methanone)]-6-yl)azetidine-3-carboxamide",,Cc1ccsc1C(=O)N1CC2(C[C@H](NC(=O)C3CN(C(N)=O)C3)c3nccn32)C1,
43084,CCN(CC)[C@H](C(=O)N[C@H]1C[C@](C)(NC(=O)c2ccc([N+](=O)[O-])[nH]2)C1)C(C)C,"(2S)-2-(diethylamino)-3-methyl-N-((1S,3s)-3-methyl-3-(5-nitro-1H-pyrrole-2-carboxamido)cyclobutyl)butanamide",,CCN(CC)C(C(=O)N[C@H]1C[C@](C)(NC(=O)c2ccc([N+](=O)[O-])[nH]2)C1)C(C)C,
43098,CS[C@H](C)CC(=O)N1CC2(CC2)C[C@H]1CNC(=O)[C@@H]1[C@H]2CCCCC[C@H]21,"(1R,7S,8R)-N-(((6S)-5-((3R)-3-(methylsulfanyl)-butyryl)-5-azaspiro[2.4]heptan-6-yl)methyl)bicyclo[5.1.0]octane-8-carboxamide",,CS[C@H](C)CC(=O)N1CC2(CC2)C[C@H]1CNC(=O)C1[C@H]2CCCCC[C@@H]12,
43117,CS[C@H](C(=O)N[C@H]1C[C@@](C)(NC(=O)c2csc(C(F)F)n2)C1)c1ccccc1,"(2S)-N-((1S,3r)-3-(2-(difluoromethyl)thiazole-4-carboxamido)-3-methylcyclobutyl)-2-(methylsulfanyl)-2-phenylacetamide",,CSC(C(=O)N[C@H]1C[C@@](C)(NC(=O)c2csc(C(F)F)n2)C1)c1ccccc1,
43158,CN1C[C@H]2[C@@H](C1)[C@@H]2C(=O)NC[C@]1(C)CCC[C@H]1NC(=O)[C@@H]1CCCCNC1=O,"(1R,5S,6R)-3-methyl-N-(((1S,2R)-1-methyl-2-((3R)-2-oxo-1-azacycloheptane-3-carboxamido)cyclopentyl)methyl)-3-azabicyclo[3.1.0]hexane-6-carboxamide",,CN1C[C@@H]2C(C(=O)NC[C@]3(C)CCC[C@H]3NC(=O)C3CCCCNC3=O)[C@@H]2C1,
43189,N#Cc1cnc(NC[C@H]2[C@@H]3CN(C(=O)CCc4nnc(O)nc4O)C[C@H]23)c(F)c1,"6-((((1R,5S,6S)-3-(3-(3,5-dihydroxy-1,2,4-triazin-6-yl)-propionyl)-3-azabicyclo[3.1.0]hexan-6-yl)methyl)amino)-5-fluoropyridine-3-carbonitrile",,N#Cc1cnc(NC[C@@H]2[C@H]3CN(C(=O)CCc4n[nH]c(=O)[nH]c4=O)C[C@@H]23)c(F)c1,
43195,O=C(Nc1cncc(C2CC2)c1)[C@H]1[C@@H]2C[C@H]1CN2C(=O)CC1C[C@H]2C[C@@H]2C1,"(1S,4R,5R)-2-(2-((1S,5S)-bicyclo[3.1.0]hexan-3-yl)-acetyl)-N-(5-cyclopropylpyridin-3-yl)-2-azabicyclo[2.1.1]hexane-5-carboxamide",[C@@H]12CC(C[C@@H]2C1)CC(=O)N1[C@@H]2[C@@H]([C@H](C1)C2)C(=O)NC=2C=NC=C(C2)C2CC2,O=C(Nc1cncc(C2CC2)c1)C1[C@H]2C[C@@H]1N(C(=O)CC1C[C@H]3C[C@@H]3C1)C2,O=C(Nc1cncc(C2CC2)c1)C1[C@H]2C[C@@H]1N(C(=O)CC1C[C@@H]3C[C@H]3C1)C2
43223,COc1cc(Cl)cc(C(=O)N2C[C@@H]3CC[C@H](C2)[C@H]3NC(=O)c2ncsc2Br)c1,"5-bromo-N-((1R,5S,8S)-3-((3-chloro-5-methoxyphenyl)carbonyl)-3-azabicyclo[3.2.1]octan-8-yl)thiazole-4-carboxamide",,COc1cc(Cl)cc(C(=O)N2C[C@H]3CC[C@@H](C2)[C@@H]3NC(=O)c2ncsc2Br)c1,
43272,O=C(N[C@H]1C[C@@H]2CC[C@H](C1)N2C(=O)CN1C[C@H]2C[C@H]2C1)c1n[nH]c2ccccc12,"N-((1R,3S,5S)-8-(2-((1R,5S)-3-azabicyclo[3.1.0]hexan-3-yl)-acetyl)-8-azabicyclo[3.2.1]octan-3-yl)-1H-indazole-3-carboxamide",,O=C(N[C@@H]1C[C@H]2CC[C@@H](C1)N2C(=O)CN1C[C@H]2C[C@H]2C1)c1[nH]nc2ccccc12,
43426,O=C1[C@H](SC[C@H]2C[C@@H]3C[C@@H]3C2)CCCN1c1ccccc1,"(3R)-3-((((1R,3S,5S)-bicyclo[3.1.0]hexan-3-yl)methyl)sulfanyl)-1-phenylpiperidin-2-one",,O=C1C(SC[C@H]2C[C@@H]3C[C@@H]3C2)CCCN1c1ccccc1,
43484,Cc1ccnc(C(=O)N2CCC(C(C)(C)CNC(=O)[C@@H]3[C@H]4CCC[C@H]43)CC2)c1N,"(1R,5S,6R)-N-(2-(1-((3-amino-4-methylpyridin-2-yl)carbonyl)piperidin-4-yl)-2-methylpropyl)bicyclo[3.1.0]hexane-6-carboxamide",,Cc1ccnc(C(=O)N2CCC(C(C)(C)CNC(=O)C3[C@H]4CCC[C@@H]34)CC2)c1N,
43490,CCC1(C#CC(=O)N2CC[C@@](O)(CNC(=O)[C@@H]3C[C@@H]4CSC[C@@H](C4)C3)C2)COC1,"(1R,5S,7R)-N-(((3R)-1-(3-(3-ethyl-1-oxacyclobutan-3-yl)-1-oxoprop-2-yn-1-yl)-3-hydroxypyrrolidin-3-yl)methyl)-3-thiabicyclo[3.3.1]nonane-7-carboxamide",,CCC1(C#CC(=O)N2CC[C@@](O)(CNC(=O)C3C[C@H]4CSC[C@@H](C3)C4)C2)COC1,
43548,CC(=O)NCCCCCNC(=O)[C@H]1[C@H]2CN(C(=O)Cc3c(C)nn(C)c3C)C[C@H]21,"N-(5-((1R,5S,6S)-3-(1-oxo-2-(1,3,5-trimethyl-1H-pyrazol-4-yl)ethyl)-3-azabicyclo[3.1.0]hexane-6-carboxamido)pentyl)acetamide",,CC(=O)NCCCCCNC(=O)C1[C@H]2CN(C(=O)Cc3c(C)nn(C)c3C)C[C@@H]12,
43551,COC1CC2(C1)CC(C(=O)N1C[C@H]3C[C@H](NC(=O)C4CN(C(C)=O)C4)C[C@H]3C1)C2,"1-(acetyl)-N-((1R,5S,7S)-3-((2-methoxyspiro[3.3]heptan-6-yl)carbonyl)-3-azabicyclo[3.3.0]octan-7-yl)azetidine-3-carboxamide",,COC1CC2(C1)CC(C(=O)N1C[C@H]3C[C@H](NC(=O)C4CN(C(C)=O)C4)C[C@H]3C1)C2,
43552,C=CCCCC(=O)N1C[C@H]2[C@H](CNC(=O)c3ccc4c(c3)CC[C@@H](C)N4)[C@H]2C1,"(3R)-3-methyl-N-(((1R,5S,6S)-3-(1-oxohex-5-en-1-yl)-3-azabicyclo[3.1.0]hexan-6-yl)methyl)-2-azabicyclo[4.4.0]deca-1(6),7,9-triene-8-carboxamide",,C=CCCCC(=O)N1C[C@@H]2[C@@H](CNC(=O)c3ccc4c(c3)CC[C@@H](C)N4)[C@@H]2C1,
43557,Cc1cnncc1C(=O)N[C@H]1C[C@@H]2CN(C(=O)[C@H]3CCCCN3C)C[C@@H]2C1,"5-methyl-N-((1R,5S,7S)-3-(((2R)-1-methylpiperidin-2-yl)carbonyl)-3-azabicyclo[3.3.0]octan-7-yl)pyridazine-4-carboxamide",,Cc1cnncc1C(=O)N[C@H]1C[C@@H]2CN(C(=O)C3CCCCN3C)C[C@@H]2C1,
43564,CN(C)c1ccc(C(=O)NC[C@]2(F)C[C@@H](NC(=O)c3cc(F)ccc3F)C2)cn1,"N-(((1S,3r)-3-(2,5-difluorobenzene-1-carboxamido)-1-fluorocyclobutyl)methyl)-6-(dimethylamino)pyridine-3-carboxamide",,CN(C)c1ccc(C(=O)NC[C@]2(F)C[C@@H](NC(=O)c3cc(F)ccc3F)C2)cn1,
43568,C[C@H]1[C@@H](C)[C@@H]1C(=O)N1C[C@@H]2CC[C@]2(NC(=O)CN2CCN(C)CC2)C1,"N-((1R,5S)-3-(((1R,2R,3S)-2,3-dimethylcyclopropyl)carbonyl)-3-azabicyclo[3.2.0]heptan-1-yl)-2-(4-methylpiperazin-1-yl)acetamide",,C[C@@H]1C(C(=O)N2C[C@@H]3CC[C@]3(NC(=O)CN3CCN(C)CC3)C2)[C@@H]1C,
43650,Cc1cc(C(=O)N(C)C[C@H]2[C@@H]3CN(C(=O)Cc4cscn4)C[C@H]23)[nH]c1C,"4,5,N-trimethyl-N-(((1R,5S,6S)-3-(1-oxo-2-(thiazol-4-yl)ethyl)-3-azabicyclo[3.1.0]hexan-6-yl)methyl)-1H-pyrrole-2-carboxamide",,Cc1cc(C(=O)N(C)C[C@@H]2[C@H]3CN(C(=O)Cc4cscn4)C[C@@H]23)[nH]c1C,
43661,N=c1[nH]nc(C(=O)N2[C@H]3CC[C@@H]2C[C@@H](CNC(=O)[C@@H]2[C@H]4CCC[C@H]42)C3)[nH]1,"(1R,5S,6R)-N-(((1R,3S,5S)-8-((5-imino-1,2,4-triazacyclopent-2-en-3-yl)carbonyl)-8-azabicyclo[3.2.1]octan-3-yl)methyl)bicyclo[3.1.0]hexane-6-carboxamide",,Nc1n[nH]c(C(=O)N2[C@@H]3CC[C@H]2C[C@H](CNC(=O)C2[C@H]4CCC[C@@H]24)C3)n1,
43681,CCCOCCCC(=O)N[C@]1(C)C[C@@H](NC(=O)c2ccccc2CO)C1,"N-((1R,3r)-3-(2-(hydroxymethyl)benzamido)-1-methylcyclobutyl)-4-propoxybutanamide",,CCCOCCCC(=O)N[C@]1(C)C[C@@H](NC(=O)c2ccccc2CO)C1,
43696,N#Cc1cncc(CN2C[C@@H]3[C@H](C2)[C@@H]3NC(=O)c2cc([N+](=O)[O-])ccc2O)c1,"2-hydroxy-N-((1R,5S,6R)-3-((5-(nitrilomethyl)pyridin-3-yl)methyl)-3-azabicyclo[3.1.0]hexan-6-yl)-5-nitrobenzene-1-carboxamide",,N#Cc1cncc(CN2C[C@@H]3[C@H](C2)[C@@H]3NC(=O)c2cc([N+](=O)[O-])ccc2O)c1,
43729,C[C@@H](CNC(=O)[C@H]1C[C@@H]2C[C@H]2C[C@H]1C)NC(=O)C(F)(F)Oc1ccccc1,"(1S,3S,4R,6R)-N-((2S)-2-(2,2-difluoro-2-phenoxyacetamido)propyl)-4-methylbicyclo[4.1.0]heptane-3-carboxamide",FC(C(=O)N[C@H](CNC(=O)[C@H]1C[C@@H]2C[C@@H]2C[C@H]1C)C)(OC1=CC=CC=C1)F,C[C@@H]1C[C@@H]2C[C@H]2CC1C(=O)NC[C@H](C)NC(=O)C(F)(F)Oc1ccccc1,C[C@@H]1C[C@H]2C[C@H]2CC1C(=O)NC[C@H](C)NC(=O)C(F)(F)Oc1ccccc1
43743,CCC(C)(C)CC(=O)N[C@H]1C[C@](F)(CNC(=O)c2ccc3c(c2)OCCO3)C1,"N-((1S,3r)-3-((2,5-dioxabicyclo[4.4.0]deca-1(6),7,9-triene-8-carboxamido)methyl)-3-fluorocyclobutyl)-3,3-dimethylpentanamide",,CCC(C)(C)CC(=O)N[C@H]1C[C@](F)(CNC(=O)c2ccc3c(c2)OCCO3)C1,
43779,C[C@]1(NC(=O)CC2(O)CCC2)C[C@H](NC(=O)C23CCC2CC3)C1,"N-((1S,3s)-3-(bicyclo[2.2.0]hexane-1-carboxamido)-1-methylcyclobutyl)-2-(1-hydroxycyclobutyl)acetamide",,C[C@]1(NC(=O)CC2(O)CCC2)C[C@H](NC(=O)C23CCC2CC3)C1,
44025,O=C(N[C@H]1[C@@H]2CN(C(=O)c3ccsc3Cl)C[C@@H]21)c1cnc(NC2CC2)s1,"N-((1R,5S,6S)-3-((2-chlorothiophen-3-yl)carbonyl)-3-azabicyclo[3.1.0]hexan-6-yl)-2-(cyclopropylamino)thiazole-5-carboxamide",,O=C(N[C@H]1[C@@H]2CN(C(=O)c3ccsc3Cl)C[C@@H]21)c1cnc(NC2CC2)s1,
44063,CCOC(=O)[C@]1(C(=O)O[C@@H](CC)c2ccccc2Br)CC1(C)C,"1-(1S)-1-(2-bromophenyl)propyl 1-ethyl (1S)-2,2-dimethylcyclopropane-1,1-dicarboxylate",,CCOC(=O)[C@]1(C(=O)O[C@@H](CC)c2ccccc2Br)CC1(C)C,
44095,CC[C@H](NC(=O)C[C@H]1[C@@H]2CN(C(=O)[C@H](CC)C(C)(C)CC)C[C@H]12)c1nccn1C,"2-((1R,5S,6S)-3-((2R)-2-ethyl-3,3-dimethyl-pentanoyl)-3-azabicyclo[3.1.0]hexan-6-yl)-N-((1S)-1-(1-methyl-1H-imidazol-2-yl)propyl)acetamide",,CCC(C(=O)N1C[C@@H]2[C@@H](CC(=O)N[C@@H](CC)c3nccn3C)[C@@H]2C1)C(C)(C)CC,
44133,CC(C)NC(=O)C(=O)N[C@H]1CC[C@]2(CC1)CN(c1nccc(C#N)n1)CCO2,N'-(10-(4-(nitrilomethyl)pyrimidin-2-yl)-7-oxa-10-azaspiro[5.5]undecan-3-yl)-N-(propan-2-yl)ethanediamide,N#CC1=NC(=NC=C1)N1CCOC2(CCC(CC2)NC(C(=O)NC(C)C)=O)C1,CC(C)NC(=O)C(=O)N[C@H]1CC[C@]2(CC1)CN(c1nccc(C#N)n1)CCO2,CC(C)NC(=O)C(=O)NC1CCC2(CC1)CN(c1nccc(C#N)n1)CCO2
44147,CSCCCNC(=O)[C@H](c1ccnc(N(C)C)c1)N1[C@H]2CC[C@@H]1C[C@H](CO)C2,"(2S)-2-(2-(dimethylamino)pyridin-4-yl)-2-((1R,3R,5S)-3-(hydroxymethyl)-8-azabicyclo[3.2.1]octan-8-yl)-N-(3-(methylsulfanyl)propyl)acetamide",,CSCCCNC(=O)C(c1ccnc(N(C)C)c1)N1[C@@H]2CC[C@H]1C[C@@H](CO)C2,
44177,Cc1c(F)cccc1C(=O)N[C@@H]1[C@H]2C[C@H](NC(=O)C[C@H]3CCCCO3)C[C@H]21,"3-fluoro-2-methyl-N-((1R,3S,5S,6R)-3-(2-((2R)-oxan-2-yl)acetamido)bicyclo[3.1.0]hexan-6-yl)benzamide",,Cc1c(F)cccc1C(=O)N[C@H]1[C@@H]2C[C@@H](NC(=O)C[C@H]3CCCCO3)C[C@@H]21,
44229,COCCC(=O)N1C[C@H]2C[C@@H](C(=O)NC[C@H](C)CC(F)(F)F)C[C@H]2C1,"(1R,5S,7R)-3-(3-methoxy-propionyl)-N-((2R)-4,4,4-trifluoro-2-methylbutyl)-3-azabicyclo[3.3.0]octane-7-carboxamide",,COCCC(=O)N1C[C@H]2CC(C(=O)NC[C@H](C)CC(F)(F)F)C[C@H]2C1,
44233,O=C(c1c[nH]c2cccnc12)N1CCCN(C(=O)[C@H]2C[C@](F)(CO)C2)C[C@H]1CO,"1-(2,7-diazabicyclo[4.3.0]nona-1,3,5,8-tetraen-9-yl)-1-((2S)-4-(((1S,3r)-3-fluoro-3-(hydroxymethyl)cyclobutyl)carbonyl)-2-(hydroxymethyl)-1,4-diazacycloheptan-1-yl)methanone",,O=C(C1CC(F)(CO)C1)N1CCCN(C(=O)c2c[nH]c3cccnc23)[C@H](CO)C1,
44294,COc1ccsc1C(=O)N1CC2(C1)OC1(CO)CC2(NC(=O)[C@H](O)C(C)(C)C)C1,"(2R)-2-hydroxy-N-(1-(hydroxymethyl)spiro[2-oxabicyclo[2.1.1]hexane-3,3'-(1-(azetidin-1-yl)-1-(3-methoxythiophen-2-yl)methanone)]-4-yl)-3,3-dimethylbutanamide",,COc1ccsc1C(=O)N1CC2(C1)OC1(CO)CC2(NC(=O)C(O)C(C)(C)C)C1,
44328,Cn1cc(C(=O)N[C@H]2C[C@@](C)(NC(=O)[C@H]3CCCc4nccn43)C2)nc1O,"(2R)-N-((1S,3r)-3-(2-hydroxy-1-methyl-1H-imidazole-4-carboxamido)-1-methylcyclobutyl)-1,7-diazabicyclo[4.3.0]nona-6,8-diene-2-carboxamide",,Cn1cc(C(=O)N[C@H]2C[C@@](C)(NC(=O)C3CCCc4nccn43)C2)[nH]c1=O,
44340,CC[C@H](CC(=O)N[C@H]1C[C@@](F)(CNC(=O)[C@H](C)CC)C1)CC(F)(F)F,"(3R)-N-((1R,3r)-3-fluoro-3-(((2R)-2-methylbutanamido)methyl)cyclobutyl)-3-(2,2,2-trifluoroethyl)pentanamide",,CCC(C)C(=O)NC[C@]1(F)C[C@H](NC(=O)C[C@@H](CC)CC(F)(F)F)C1,
44368,N=c1ccc(C(=O)N[C@]2(C(=O)NCCCN3CC=CC3)C[C@H](O)C2)c[nH]1,"N-((1R,3s)-1-((3-(2,5-dihydro-1H-pyrrol-1-yl)propyl)carbamoyl)-3-hydroxycyclobutyl)-6-imino-1-azacyclohexa-2,4-diene-3-carboxamide",,Nc1ccc(C(=O)N[C@]2(C(=O)NCCCN3CC=CC3)C[C@H](O)C2)cn1,
44379,C#C[C@]1(C(=O)N[C@@H]2[C@@H](C)CC[C@H]2C)CCN(C(=O)[C@@H](C)n2cncn2)C1,"(3R)-N-((1R,2R,5S)-2,5-dimethylcyclopentyl)-3-(ethynyl)-1-((2R)-1-oxo-2-(1H-1,2,4-triazol-1-yl)propyl)pyrrolidine-3-carboxamide",,C#C[C@]1(C(=O)N[C@H]2[C@H](C)CC[C@@H]2C)CCN(C(=O)C(C)n2cncn2)C1,
44459,Cc1nocc1CC(=O)N(C)C[C@H]1[C@@H]2CN(C(=O)c3ccc4occc4c3)C[C@H]12,"N-(((1R,5S,6S)-3-((1-benzofuran-5-yl)carbonyl)-3-azabicyclo[3.1.0]hexan-6-yl)methyl)-N-methyl-2-(3-methylisoxazol-4-yl)acetamide",,Cc1nocc1CC(=O)N(C)C[C@@H]1[C@H]2CN(C(=O)c3ccc4occc4c3)C[C@@H]12,
44537,Cc1c[nH]c(C(=O)N2CCO[C@]3(CC[C@H](NC(=O)[C@@H](C)[C@H](C)O)CC3)C2)c1,"(2S,3S)-3-hydroxy-2-methyl-N-(4-((4-methyl-1H-pyrrol-2-yl)carbonyl)-1-oxa-4-azaspiro[5.5]undecan-9-yl)butanamide",O[C@H]([C@@H](C(=O)NC1CCC2(CN(CCO2)C(=O)C=2NC=C(C2)C)CC1)C)C,Cc1c[nH]c(C(=O)N2CCO[C@]3(CC[C@H](NC(=O)C(C)[C@H](C)O)CC3)C2)c1,Cc1c[nH]c(C(=O)N2CCOC3(CCC(NC(=O)C(C)[C@H](C)O)CC3)C2)c1
44551,Cc1ccn([C@H](C(=O)N[C@H]2[C@@H]3CN(C(=O)C=Cc4cnccn4)C[C@@H]32)C(C)C)c1,"(2S)-3-methyl-2-(3-methyl-1H-pyrrol-1-yl)-N-((1R,5S,6S)-3-(1-oxo-3-(pyrazin-2-yl)prop-2-en-1-yl)-3-azabicyclo[3.1.0]hexan-6-yl)butanamide",,Cc1ccn(C(C(=O)N[C@H]2[C@@H]3CN(C(=O)C=Cc4cnccn4)C[C@@H]32)C(C)C)c1,
44648,C[C@@H](C(=O)N[C@H]1CCN(C(=O)[C@@H]2[C@H]3CCCC[C@H]32)C1)c1ccc(F)c(Cl)c1,"(2R)-N-((3S)-1-(((1R,6S,7R)-bicyclo[4.1.0]heptan-7-yl)carbonyl)pyrrolidin-3-yl)-2-(3-chloro-4-fluorophenyl)propanamide",,CC(C(=O)N[C@H]1CCN(C(=O)C2[C@H]3CCCC[C@@H]23)C1)c1ccc(F)c(Cl)c1,
44649,COC(C)(C)CCC(=O)NC[C@H]1C[C@@](F)(CNC(=O)c2cc(C)c(O)c(N)c2)C1,"N-(((1S,3s)-3-((3-amino-4-hydroxy-5-methylbenzene-1-carboxamido)methyl)-3-fluorocyclobutyl)methyl)-4-methoxy-4-methylpentanamide",,COC(C)(C)CCC(=O)NC[C@H]1C[C@@](F)(CNC(=O)c2cc(C)c(O)c(N)c2)C1,
44674,C#Cc1ccc(C(=O)N[C@H]2C[C@](C)(NC(=O)c3cn4ccnc4s3)C2)o1,"N-((1S,3s)-3-(5-(ethynyl)furan-2-carboxamido)-1-methylcyclobutyl)-2-thia-5,8-diazabicyclo[3.3.0]octa-1(8),3,6-triene-3-carboxamide",,C#Cc1ccc(C(=O)N[C@H]2C[C@](C)(NC(=O)c3cn4ccnc4s3)C2)o1,
44703,O=C(N[C@]1(CF)CCN(C(=O)c2cccc(Cl)n2)C1)C1=C[C@H]2CCC=CCC[C@H]12,"(1S,8S)-N-((3R)-1-((6-chloropyridin-2-yl)carbonyl)-3-(fluoromethyl)pyrrolidin-3-yl)bicyclo[6.2.0]deca-4,9-diene-9-carboxamide",ClC1=CC=CC(=N1)C(=O)N1C[C@](CC1)(CF)NC(=O)C=1[C@H]2CCC=CCC[C@H]2C1,O=C(N[C@]1(CF)CCN(C(=O)c2cccc(Cl)n2)C1)C1=C[C@H]2CCC=CCC[C@H]12,O=C(N[C@]1(CF)CCN(C(=O)c2cccc(Cl)n2)C1)C1=C[C@@H]2CCC=CCC[C@H]12
44705,C=CC[C@]1(C(=O)N2CCC2)CCN(C(=O)CC2C[C@@H]3C[C@H]3C2)C1,"1-((3S)-3-(azetidin-1-ylformyl)-3-(prop-2-en-1-yl)pyrrolidin-1-yl)-2-((1R,5R)-bicyclo[3.1.0]hexan-3-yl)ethan-1-one",N1(CCC1)C(=O)[C@@]1(CN(CC1)C(CC1C[C@H]2C[C@@H]2C1)=O)CC=C,C=CC[C@]1(C(=O)N2CCC2)CCN(C(=O)CC2C[C@@H]3C[C@H]3C2)C1,C=CC[C@]1(C(=O)N2CCC2)CCN(C(=O)CC2C[C@H]3C[C@@H]3C2)C1
44711,C#Cc1ccc(C(=O)N[C@H]2C=C[C@@H](C(=O)NC[C@@H]3[C@H]4CCC[C@H]43)C2)c(C)c1,"N-((1R,4S)-4-((((1R,5S,6R)-bicyclo[3.1.0]hexan-6-yl)methyl)carbamoyl)cyclopent-2-en-1-yl)-4-(ethynyl)-2-methylbenzene-1-carboxamide",,C#Cc1ccc(C(=O)N[C@H]2C=CC(C(=O)NC[C@H]3[C@@H]4CCC[C@@H]43)C2)c(C)c1,
44758,CC[C@@H](C)[C@@H](C)CNC(=O)[C@H]1C[C@@](C)(NC(=O)C2=NOC3(CCC3)C2)C1,"N-((1R,3s)-3-(((2R,3R)-2,3-dimethylpentyl)carbamoyl)-1-methylcyclobutyl)-5-oxa-6-azaspiro[3.4]oct-6-ene-7-carboxamide",,CC[C@@H](C)[C@@H](C)CNC(=O)C1CC(C)(NC(=O)C2=NOC3(CCC3)C2)C1,
44772,C[C@]1(NC(=O)c2ccc(F)cc2O)C[C@H](NC(=O)C2CC3(CC(F)C3)C2)C1,"6-fluoro-N-((1S,3s)-3-(4-fluoro-2-hydroxybenzene-1-carboxamido)-3-methylcyclobutyl)spiro[3.3]heptane-2-carboxamide",,C[C@]1(NC(=O)c2ccc(F)cc2O)C[C@H](NC(=O)C2CC3(CC(F)C3)C2)C1,
44794,C[C@H]1CN(C(=O)CC(C2CC2)C2CC2)C[C@H]1CNC(=O)[C@H]1C[C@H]2[C@@H](C1)C2(F)F,"(1R,3S,5S)-N-(((3R,4R)-1-(3,3-dicyclopropyl-propionyl)-4-methylpyrrolidin-3-yl)methyl)-6,6-difluorobicyclo[3.1.0]hexane-3-carboxamide",,C[C@H]1CN(C(=O)CC(C2CC2)C2CC2)C[C@H]1CNC(=O)C1C[C@@H]2[C@H](C1)C2(F)F,
44798,CCc1ccc(C(=O)N[C@@H]2[C@H]3C[C@H](NC(=O)c4cc[n+]([O-])cc4)C[C@H]32)s1,"N-((1R,3S,5S,6R)-6-(5-ethylthiophene-2-carboxamido)bicyclo[3.1.0]hexan-3-yl)-1-oxidopyridin-1-ium-4-carboxamide",,CCc1ccc(C(=O)N[C@H]2[C@@H]3C[C@@H](NC(=O)c4cc[n+]([O-])cc4)C[C@@H]32)s1,
44828,CSc1cc(C(=O)N2CC[C@H]3[C@@H](CC2)[C@@H]3NC(=O)c2cccnn2)oc1C,"N-((1R,7S,8R)-4-((5-methyl-4-(methylsulfanyl)furan-2-yl)carbonyl)-4-azabicyclo[5.1.0]octan-8-yl)pyridazine-3-carboxamide",,CSc1cc(C(=O)N2CC[C@@H]3[C@H](CC2)[C@H]3NC(=O)c2cccnn2)oc1C,
44896,C=CC[C@]1(NC(=O)C=C(Cl)Cl)CCN(C(=O)[C@H]2C[C@](OC)(C(F)(F)F)C2)C1,"3,3-dichloro-N-((3S)-1-(((1R,3s)-3-methoxy-3-(trifluoromethyl)cyclobutyl)carbonyl)-3-(prop-2-en-1-yl)pyrrolidin-3-yl)prop-2-enamide",,C=CC[C@]1(NC(=O)C=C(Cl)Cl)CCN(C(=O)C2CC(OC)(C(F)(F)F)C2)C1,
44898,C[C@@H]1C[C@]2(C(=O)N3CC[C@H](N4CCN(C(=O)Cc5cnns5)CC4)C3)C[C@H]12,"1-(4-((3S)-1-(((1S,3R,4R)-3-methylbicyclo[2.1.0]pentan-1-yl)carbonyl)pyrrolidin-3-yl)piperazin-1-yl)-2-(1-thia-2,3-diazacyclopenta-2,4-dien-5-yl)ethan-1-one",C[C@@H]1C[C@]2(C[C@H]12)C(=O)N1C[C@H](CC1)N1CCN(CC1)C(CC1=CN=NS1)=O,C[C@@H]1C[C@]2(C(=O)N3CC[C@H](N4CCN(C(=O)Cc5cnns5)CC4)C3)C[C@H]12,C[C@@H]1C[C@@]2(C(=O)N3CC[C@H](N4CCN(C(=O)Cc5cnns5)CC4)C3)C[C@H]12
44912,CCNC(=O)C(=O)N1CC[C@@H]1C(=O)N[C@@H]1C[C@H]2[C@@H](C1)C2(F)F,"2-((2R)-2-(((1R,3R,5S)-6,6-difluorobicyclo[3.1.0]hexan-3-yl)carbamoyl)-azetidin-1-yl)-N-ethyl-2-oxoacetamide",,CCNC(=O)C(=O)N1CCC1C(=O)N[C@H]1C[C@@H]2[C@H](C1)C2(F)F,
45062,C=C[C@@H](O)C(=O)N[C@]1(C)C[C@@H](NC(=O)[C@H]2CCN(C3CCCCC3)C2)C1,"(2R)-N-((1S,3s)-3-((3S)-1-cyclohexylpyrrolidine-3-carboxamido)-1-methylcyclobutyl)-2-hydroxybut-3-enamide",,C=CC(O)C(=O)N[C@]1(C)C[C@@H](NC(=O)C2CCN(C3CCCCC3)C2)C1,
45132,C=C[C@H](C1CC1)N(C)C(=O)[C@@H]1[C@H]2CC[C@H](C2)[C@@H]1NC(=O)C1=NN(C)C(=O)CC1,"N-((1R,2S,3R,4S)-3-(((1S)-1-cyclopropylprop-2-en-1-yl)(methyl)carbamoyl)bicyclo[2.2.1]heptan-2-yl)-1-methyl-6-oxo-1,2-diazacyclohex-2-ene-3-carboxamide",C1(CC1)[C@H](C=C)N(C(=O)[C@H]1[C@H]([C@@H]2CC[C@H]1C2)NC(=O)C2=NN(C(CC2)=O)C)C,C=C[C@H](C1CC1)N(C)C(=O)C1[C@H]2CC[C@H](C2)[C@@H]1NC(=O)C1=NN(C)C(=O)CC1,C=C[C@@H](C1CC1)N(C)C(=O)C1[C@H]2CC[C@H](C2)[C@@H]1NC(=O)C1=NN(C)C(=O)CC1
45177,CC[C@@](C)(C#N)C(=O)NC[C@H]1[C@@H]2CN(C(=O)[C@]3(C)C[C@H]3C)C[C@H]12,"(2S)-2-cyano-N-(((1R,5S,6S)-3-(((1R,2R)-1,2-dimethylcyclopropyl)carbonyl)-3-azabicyclo[3.1.0]hexan-6-yl)methyl)-2-methylbutanamide",,CC[C@@](C)(C#N)C(=O)NC[C@@H]1[C@H]2CN(C(=O)[C@]3(C)C[C@H]3C)C[C@@H]12,
45224,O=C(NC[C@H]1[C@@H]2CN(C(=O)CCc3ccccc3)C[C@H]12)c1ncnc2c1CCC2,"N-(((1R,5S,6S)-3-(1-oxo-3-phenylpropyl)-3-azabicyclo[3.1.0]hexan-6-yl)methyl)-2,4-diazabicyclo[4.3.0]nona-1(6),2,4-triene-5-carboxamide",,O=C(NC[C@@H]1[C@H]2CN(C(=O)CCc3ccccc3)C[C@@H]12)c1ncnc2c1CCC2,
45252,C#CCCCCCC(=O)N1C[C@H]2[C@H](NC(=O)CSc3n[nH]c(=N)s3)[C@H]2C1,"2-((5-imino-1-thia-3,4-diazacyclopent-2-en-2-yl)sulfanyl)-N-((1R,5S,6S)-3-(1-oxooct-7-yn-1-yl)-3-azabicyclo[3.1.0]hexan-6-yl)acetamide",,C#CCCCCCC(=O)N1C[C@@H]2[C@H](C1)[C@H]2NC(=O)CSc1nnc(N)s1,
45262,CCN1CCC[C@H](C(=O)N2CCCC[C@@H]2CN(CC)C(=O)[C@@H]2C[C@@H]3CC[C@@H]3C2)C1,"(1R,3R,5S)-N-ethyl-N-(((2R)-1-(((3S)-1-ethylpiperidin-3-yl)carbonyl)piperidin-2-yl)methyl)bicyclo[3.2.0]heptane-3-carboxamide",,CCN1CCCC(C(=O)N2CCCC[C@@H]2CN(CC)C(=O)C2C[C@H]3CC[C@H]3C2)C1,
45263,CO[C@H](C)c1nc(C)c(C(=O)N[C@]2(C)C[C@H](NC(=O)CC3(CO)CC3)C2)s1,"N-((1R,3s)-3-(2-(1-(hydroxymethyl)cyclopropyl)acetamido)-1-methylcyclobutyl)-2-((1R)-1-methoxyethyl)-4-methylthiazole-5-carboxamide",,CO[C@H](C)c1nc(C)c(C(=O)N[C@]2(C)C[C@H](NC(=O)CC3(CO)CC3)C2)s1,
45353,CC[C@]1(C(=O)NCCCCNC(=O)c2cnc3n2CCS3)CCNC1=O,"N-(4-((3R)-3-ethyl-2-oxopyrrolidine-3-carboxamido)butyl)-2-thia-5,8-diazabicyclo[3.3.0]octa-1(8),6-diene-6-carboxamide",C(C)[C@@]1(C(NCC1)=O)C(=O)NCCCCNC(=O)C=1N2CCSC2=NC1,CC[C@]1(C(=O)NCCCCNC(=O)c2cnc3n2CCS3)CCNC1=O,CC[C@@]1(C(=O)NCCCCNC(=O)c2cnc3n2CCS3)CCNC1=O
45388,Cc1csc(=O)n1CCC(=O)NC[C@]1(F)C[C@@H](CNC(=O)c2cnn(C)n2)C1,"N-(((1S,3r)-1-fluoro-3-((2-methyl-2H-1,2,3-triazole-4-carboxamido)methyl)cyclobutyl)methyl)-3-(4-methyl-2-oxo-1-thia-3-azacyclopent-4-en-3-yl)propanamide",,Cc1csc(=O)n1CCC(=O)NC[C@]1(F)C[C@@H](CNC(=O)c2cnn(C)n2)C1,
45432,Cc1c[nH]c(C(=O)N[C@]2(C)C[C@H](C(=O)N[C@@H](C)c3nccn3C)C2)c1C,"3,4-dimethyl-N-((1R,3s)-1-methyl-3-(((1S)-1-(1-methyl-1H-imidazol-2-yl)ethyl)carbamoyl)cyclobutyl)-1H-pyrrole-2-carboxamide",,Cc1c[nH]c(C(=O)NC2(C)CC(C(=O)N[C@@H](C)c3nccn3C)C2)c1C,
45476,CN1CC[C@H](C(=O)N(C)C[C@H]2[C@@H]3CN(C(=O)CC4(O)CCCCC4)C[C@H]23)CC1=O,"(4S)-N-(((1R,5S,6S)-3-(2-(1-hydroxycyclohexyl)-acetyl)-3-azabicyclo[3.1.0]hexan-6-yl)methyl)-1,N-dimethyl-2-oxopiperidine-4-carboxamide",,CN1CCC(C(=O)N(C)C[C@@H]2[C@H]3CN(C(=O)CC4(O)CCCCC4)C[C@@H]23)CC1=O,
45505,Cc1ccoc1C(=O)N[C@@]12C[C@@H]1CN(C(=O)[C@H]1C[C@@H]3CC[C@H](C1)[C@@H]3F)C2,"N-((1S,5R)-3-(((1R,3S,5S,8R)-8-fluorobicyclo[3.2.1]octan-3-yl)carbonyl)-3-azabicyclo[3.1.0]hexan-1-yl)-3-methylfuran-2-carboxamide",,Cc1ccoc1C(=O)N[C@@]12C[C@@H]1CN(C(=O)C1C[C@H]3CC[C@@H](C1)[C@H]3F)C2,
45523,CCC[C@@](C)(O)C(=O)N[C@H](CC(=O)N[C@@H]1C[C@H]2C=CC[C@H](C2)C1)C1CC1,"(2R)-N-((1R)-3-(((1S,3S,5S)-bicyclo[3.3.1]non-6-en-3-yl)amino)-1-cyclopropyl-3-oxopropyl)-2-hydroxy-2-methylpentanamide",[C@H]12C[C@@H](C[C@@H](C=CC1)C2)NC(C[C@H](C2CC2)NC([C@](CCC)(C)O)=O)=O,CCC[C@@](C)(O)C(=O)N[C@H](CC(=O)N[C@@H]1C[C@H]2C=CC[C@H](C2)C1)C1CC1,CCC[C@@](C)(O)C(=O)N[C@H](CC(=O)N[C@@H]1C[C@H]2C=CC[C@@H](C2)C1)C1CC1
45640,O=C(N[C@H]1C[C@@H](NC(=O)[C@@H]2[C@H]3CCCCC[C@H]32)C1)c1ncnc2sccc12,"N-(cis-3-((1R,7S,8R)-bicyclo[5.1.0]octane-8-carboxamido)cyclobutyl)-7-thia-3,5-diazabicyclo[4.3.0]nona-1,3,5,8-tetraene-2-carboxamide",,O=C(N[C@H]1C[C@@H](NC(=O)C2[C@H]3CCCCC[C@@H]23)C1)c1ncnc2sccc12,
45650,COc1ccncc1C(=O)N[C@]1(C(=O)N[C@@H]2C[C@@H](C)N(C)C[C@@H]2C)C[C@H](O)C1,"N-((1S,3r)-3-hydroxy-1-(((2R,4R,5S)-1,2,5-trimethylpiperidin-4-yl)carbamoyl)cyclobutyl)-4-methoxypyridine-3-carboxamide",,COc1ccncc1C(=O)N[C@]1(C(=O)N[C@@H]2C[C@@H](C)N(C)C[C@@H]2C)C[C@H](O)C1,
45659,Cc1cnoc1C(=O)N1Cc2nccn2C[C@@H](NC(=O)[C@H]2[C@@H](C)[C@H]2C)C1,"(1S,2R,3S)-2,3-dimethyl-N-((3R)-5-((4-methylisoxazol-5-yl)carbonyl)-1,5,8-triazabicyclo[5.3.0]deca-7,9-dien-3-yl)cyclopropanecarboxamide",,Cc1cnoc1C(=O)N1Cc2nccn2C[C@@H](NC(=O)C2[C@@H](C)[C@H]2C)C1,
45669,CC(=CC(=O)NC[C@@](C)(NC(=O)[C@H]1C[C@H]2[C@@H](C1)C2(F)F)C1CC1)c1ccco1,"N-((2S)-2-cyclopropyl-2-((1R,3S,5S)-6,6-difluorobicyclo[3.1.0]hexane-3-carboxamido)propyl)-3-(furan-2-yl)but-2-enamide",,CC(=CC(=O)NC[C@@](C)(NC(=O)C1C[C@@H]2[C@H](C1)C2(F)F)C1CC1)c1ccco1,
45816,C[C@@H](Cc1cccc(Br)c1)C(=O)N1C[C@H]2[C@@H](C1)[C@@H]2C(=O)N1CCCC1,"(2S)-2-((3-bromophenyl)methyl)-1-((1R,5S,6R)-6-((oxo)pyrrolidin-1-ylmethyl)-3-azabicyclo[3.1.0]hexan-3-yl)propan-1-one",,CC(Cc1cccc(Br)c1)C(=O)N1C[C@@H]2C(C(=O)N3CCCC3)[C@@H]2C1,
45866,C[C@@H]1C[C@@H]2C[C@@H]2C[C@H]1C(=O)N(C)CC(C)(C)Nc1ncc(F)cn1,"(1R,3R,4R,6R)-N-(2-((5-fluoropyrimidin-2-yl)amino)-2-methylpropyl)-4,N-dimethylbicyclo[4.1.0]heptane-3-carboxamide",FC=1C=NC(=NC1)NC(CN(C(=O)[C@@H]1C[C@H]2C[C@@H]2C[C@H]1C)C)(C)C,C[C@@H]1C[C@@H]2C[C@@H]2CC1C(=O)N(C)CC(C)(C)Nc1ncc(F)cn1,C[C@@H]1C[C@H]2C[C@@H]2CC1C(=O)N(C)CC(C)(C)Nc1ncc(F)cn1
45888,CCC(CC)[C@@H](C)C(=O)NC[C@H]1C[C@@](F)(CNC(=O)c2ccnc3[nH]ncc23)C1,"(2R)-3-ethyl-N-(((1S,3s)-3-fluoro-3-((2,8,9-triazabicyclo[4.3.0]nona-1,3,5,7-tetraene-5-carboxamido)methyl)cyclobutyl)methyl)-2-methylpentanamide",,CCC(CC)C(C)C(=O)NC[C@H]1C[C@@](F)(CNC(=O)c2ccnc3[nH]ncc23)C1,
45893,CCC[C@H](O)C(=O)N[C@H]1C[C@](F)(CNC(=O)[C@@H]2CC(=O)N[C@H](C)C2)C1,"(2S)-N-((1R,3s)-3-fluoro-3-(((2R,4S)-2-methyl-6-oxopiperidine-4-carboxamido)methyl)cyclobutyl)-2-hydroxypentanamide",,CCCC(O)C(=O)N[C@H]1C[C@](F)(CNC(=O)C2CC(=O)N[C@H](C)C2)C1,
45917,CCO[C@H](C)C(=O)N(C)C[C@H]1[C@@H]2CN(C(=O)[C@H]3C[C@H](S(C)(=O)=O)C3)C[C@H]12,"(2R)-2-ethoxy-N-methyl-N-(((1R,5S,6S)-3-((trans-3-(methylsulfonyl)cyclobutyl)carbonyl)-3-azabicyclo[3.1.0]hexan-6-yl)methyl)propanamide",,CCOC(C)C(=O)N(C)C[C@@H]1[C@H]2CN(C(=O)C3CC(S(C)(=O)=O)C3)C[C@@H]12,
45936,CSCC[C@@H](C)N(C)C(=O)c1n[nH]cc1CNC(=O)C[C@@H]1C[C@H]2C[C@H]2C1,"4-((2-((1R,3R,5S)-bicyclo[3.1.0]hexan-3-yl)acetamido)methyl)-N-methyl-N-((2R)-4-(methylsulfanyl)butan-2-yl)-1H-pyrazole-3-carboxamide",,CSCC[C@@H](C)N(C)C(=O)c1[nH]ncc1CNC(=O)C[C@H]1C[C@@H]2C[C@@H]2C1,
45955,O=C(NC[C@]1(F)C[C@H](CO)C1)N[C@@H](CO)[C@H](O)c1cccnc1,"1-(((1R,2S)-1,3-dihydroxy-1-(pyridin-3-yl)propan-2-yl)amino)-N-(((1S,3s)-1-fluoro-3-(hydroxymethyl)cyclobutyl)methyl)formamide",,O=C(NC[C@]1(F)C[C@H](CO)C1)N[C@@H](CO)[C@H](O)c1cccnc1,
46052,CN(CCCC(=O)NC[C@@]1(O)C[C@H]2CC[C@@H]1C2)C(=O)CC1C[C@H]2C[C@@H]2C1,"N-(((1R,2R,4S)-2-hydroxybicyclo[2.2.1]heptan-2-yl)methyl)-4-(N-methyl-2-((1S,5S)-bicyclo[3.1.0]hexan-3-yl)acetamido)butanamide",O[C@]1([C@@H]2CC[C@H](C1)C2)CNC(CCCN(C(CC2C[C@@H]1C[C@H]1C2)=O)C)=O,CN(CCCC(=O)NC[C@@]1(O)C[C@H]2CC[C@@H]1C2)C(=O)CC1C[C@H]2C[C@@H]2C1,CN(CCCC(=O)NC[C@@]1(O)C[C@H]2CC[C@@H]1C2)C(=O)CC1C[C@@H]2C[C@H]2C1
46059,CC(C)[C@H](N=[N+]=[N-])C(=O)N1C[C@H]2[C@H](NC(=O)c3ccon3)[C@H]2C1,"N-((1R,5S,6S)-3-((2S)-2-azido-3-methyl-butyryl)-3-azabicyclo[3.1.0]hexan-6-yl)isoxazole-3-carboxamide",,CC(C)C(N=[N+]=[N-])C(=O)N1C[C@@H]2[C@H](C1)[C@H]2NC(=O)c1ccon1,
46102,Cc1cccc(C(=O)NCCCOCCNC(=O)C2=C[C@H]3CC=CC[C@@H]23)c1F,"(1S,6R)-N-(2-((3-(2-fluoro-3-methylbenzene-1-carboxamido)propyl)oxy)ethyl)bicyclo[4.2.0]octa-3,7-diene-7-carboxamide",FC1=C(C=CC=C1C)C(=O)NCCCOCCNC(=O)C=1[C@@H]2CC=CC[C@H]2C1,Cc1cccc(C(=O)NCCCOCCNC(=O)C2=C[C@H]3CC=CC[C@@H]23)c1F,Cc1cccc(C(=O)NCCCOCCNC(=O)C2=C[C@@H]3CC=CC[C@@H]23)c1F
46104,C[C@]1(NC(=O)c2cc(Cl)ncc2O)C[C@H](NC(=O)c2cscc2C(F)F)C1,"2-chloro-N-((1R,3r)-3-(4-(difluoromethyl)thiophene-3-carboxamido)-1-methylcyclobutyl)-5-hydroxypyridine-4-carboxamide",,C[C@]1(NC(=O)c2cc(Cl)ncc2O)C[C@H](NC(=O)c2cscc2C(F)F)C1,
46108,CN(C[C@@]1(O)CCN(C(=O)[C@@H]2[C@H]3CCCCC[C@H]32)C1)C(=O)c1nn[nH]c1Cl,"N-(((3S)-1-(((1R,7S,8R)-bicyclo[5.1.0]octan-8-yl)carbonyl)-3-hydroxypyrrolidin-3-yl)methyl)-5-chloro-N-methyl-1H-1,2,3-triazole-4-carboxamide",,CN(C[C@@]1(O)CCN(C(=O)C2[C@H]3CCCCC[C@@H]23)C1)C(=O)c1[nH]nnc1Cl,
46144,Cc1cn(C)nc1C(=O)N[C@@]1(C)CCCN(C(=O)[C@@H]2C[C@@H]3OC(C)(C)O[C@@H]3C2)C1,"N-((3S)-1-(((1R,5S,7R)-3,3-dimethyl-2,4-dioxabicyclo[3.3.0]octan-7-yl)carbonyl)-3-methylpiperidin-3-yl)-1,4-dimethyl-1H-pyrazole-3-carboxamide",,Cc1cn(C)nc1C(=O)N[C@@]1(C)CCCN(C(=O)C2C[C@@H]3OC(C)(C)O[C@@H]3C2)C1,
46160,CN(CCCNC(=O)[C@@H]1[C@H]2CC[C@H]21)C(=O)c1ccccc1SC[C@H]1CCCO1,"(1R,4S,5R)-N-(3-(N-methyl-2-((((2R)-oxolan-2-yl)methyl)sulfanyl)benzamido)propyl)bicyclo[2.1.0]pentane-5-carboxamide",,CN(CCCNC(=O)C1[C@H]2CC[C@@H]12)C(=O)c1ccccc1SC[C@H]1CCCO1,
46161,C#CC[C@H](Cc1ccccc1)NC(=O)NNc1c(F)cccc1I,1-(N'-(2-fluoro-6-iodophenyl)hydrazinyl)-N-((2S)-1-phenylpent-4-yn-2-yl)formamide,FC1=C(C(=CC=C1)I)NNC(=O)N[C@H](CC1=CC=CC=C1)CC#C,C#CC[C@H](Cc1ccccc1)NC(=O)NNc1c(F)cccc1I,C#CC[C@@H](Cc1ccccc1)NC(=O)NNc1c(F)cccc1I
46176,O=C(N[C@H]1C[C@@H]2CC[C@H](C1)N2C(=O)c1cc(Cl)cs1)c1c(F)ccc2n[nH]cc12,"N-((1R,3S,5S)-8-((4-chlorothiophen-2-yl)carbonyl)-8-azabicyclo[3.2.1]octan-3-yl)-5-fluoro-2H-indazole-4-carboxamide",,O=C(N[C@@H]1C[C@H]2CC[C@@H](C1)N2C(=O)c1cc(Cl)cs1)c1c(F)ccc2[nH]ncc12,
46194,Cc1cc2cc(C(=O)N[C@H]3CCN(C(=O)[C@@H]4[C@H]5CCC[C@H]54)C34CC4)oc2cc1C,"N-((7S)-4-(((1R,5S,6R)-bicyclo[3.1.0]hexan-6-yl)carbonyl)-4-azaspiro[2.4]heptan-7-yl)-5,6-dimethyl-1-benzofuran-2-carboxamide",,Cc1cc2cc(C(=O)N[C@H]3CCN(C(=O)C4[C@H]5CCC[C@@H]45)C34CC4)oc2cc1C,
46309,CC(C)[C@@](C)(O)C(=O)N[C@H]1C[C@@](F)(CNC(=O)COc2ccc(Cl)cc2)C1,"(2R)-N-((1S,3s)-3-((2-((4-chlorophenyl)oxy)acetamido)methyl)-3-fluorocyclobutyl)-2-hydroxy-2,3-dimethylbutanamide",,CC(C)[C@@](C)(O)C(=O)N[C@H]1C[C@@](F)(CNC(=O)COc2ccc(Cl)cc2)C1,
46328,CCN(CCNC(=O)[C@]1(S(C)(=O)=O)C[C@@H](O)C1)C(=O)C1CCC(O)CC1,N-ethyl-4-hydroxy-N-(2-(3-hydroxy-1-(methylsulfonyl)cyclobutanecarboxamido)ethyl)cyclohexanecarboxamide,C(C)N(C(=O)C1CCC(CC1)O)CCNC(=O)C1(CC(C1)O)S(=O)(=O)C,CCN(CCNC(=O)[C@]1(S(C)(=O)=O)C[C@@H](O)C1)C(=O)C1CCC(O)CC1,CCN(CCNC(=O)C1(S(C)(=O)=O)CC(O)C1)C(=O)C1CCC(O)CC1
46380,CC(C)c1ccc(CN2C[C@H]3C[C@H](NC(=O)CNC(=O)C4CC4)C[C@H]3C2)c(Br)c1,"N-((1R,5S,7S)-3-((2-bromo-4-(propan-2-yl)phenyl)methyl)-3-azabicyclo[3.3.0]octan-7-yl)-2-cyclopropanecarboxamidoacetamide",,CC(C)c1ccc(CN2C[C@H]3C[C@H](NC(=O)CNC(=O)C4CC4)C[C@H]3C2)c(Br)c1,
46413,CSc1cc(C(=O)NC[C@H]2[C@@H]3CN(C(=O)c4cnc5n4CCOC5)C[C@H]23)ccn1,"2-(methylsulfanyl)-N-(((1R,5S,6S)-3-((3-oxa-6,9-diazabicyclo[4.3.0]nona-1(9),7-dien-7-yl)carbonyl)-3-azabicyclo[3.1.0]hexan-6-yl)methyl)pyridine-4-carboxamide",,CSc1cc(C(=O)NC[C@@H]2[C@H]3CN(C(=O)c4cnc5n4CCOC5)C[C@@H]23)ccn1,
46454,C[C@@H]1[C@H](C(=O)NC[C@@H]2C[C@@H]3C[C@@H]3N2C(=O)c2ccc(Br)cc2O)[C@@H]1C,"(1S,2R,3S)-N-(((1S,3S,5S)-2-((4-bromo-2-hydroxyphenyl)carbonyl)-2-azabicyclo[3.1.0]hexan-3-yl)methyl)-2,3-dimethylcyclopropanecarboxamide",,C[C@@H]1C(C(=O)NC[C@@H]2C[C@@H]3C[C@@H]3N2C(=O)c2ccc(Br)cc2O)[C@@H]1C,
46540,Cc1nc[nH]c1C(=O)N1[C@H]2CC[C@@H]1C[C@](O)(CNC(=O)[C@@H]1C[C@H]3C=C[C@@H]1C3)C2,"(1S,2R,4S)-N-(((1R,3S,5S)-3-hydroxy-8-((4-methyl-1H-imidazol-5-yl)carbonyl)-8-azabicyclo[3.2.1]octan-3-yl)methyl)bicyclo[2.2.1]hept-5-ene-2-carboxamide",,Cc1[nH]cnc1C(=O)N1[C@@H]2CC[C@H]1C[C@@](O)(CNC(=O)C1C[C@H]3C=C[C@@H]1C3)C2,
46623,COc1oc(C)nc1C(=O)N1CC[C@H]2CN(C(=O)[C@@H]3C[C@H]4CCC[C@H](C4)C3)[C@H]2C1,"1-((1R,6S)-8-(((1R,3R,5S)-bicyclo[3.3.1]nonan-3-yl)carbonyl)-3,8-diazabicyclo[4.2.0]octan-3-yl)-1-(5-methoxy-2-methyloxazol-4-yl)methanone",,COc1oc(C)nc1C(=O)N1CC[C@H]2CN(C(=O)C3C[C@H]4CCC[C@@H](C3)C4)[C@H]2C1,
46646,CC[C@H]1C(=O)NCCN1C(=O)[C@@H]1[C@H]2CN(C(=O)Cn3ccc(O)nc3=O)C[C@H]21,"1-(2-((1R,5S,6R)-6-(((2S)-2-ethyl-3-oxopiperazin-1-yl)carbonyl)-3-azabicyclo[3.1.0]hexan-3-yl)-2-oxoethyl)-4-hydroxy-1,3-diazacyclohexa-3,5-dien-2-one",,CCC1C(=O)NCCN1C(=O)C1[C@H]2CN(C(=O)Cn3ccc(=O)[nH]c3=O)C[C@@H]12,
46683,CO[C@]1(C(F)F)C[C@H](CNC[C@H]2CSCCS2)C1,"1-((1S,3r)-3-(difluoromethyl)-3-methoxycyclobutyl)-N-(((2S)-1,4-dithiacyclohexan-2-yl)methyl)methanamine",,CO[C@]1(C(F)F)C[C@H](CNC[C@H]2CSCCS2)C1,
46715,C#CC[C@H](NC(=O)[C@H]1C[C@@H]2CC[C@@H]2C1)C(=O)NCCCCn1ccnc1,"(1R,3S,5S)-N-((2S)-1-((4-(1H-imidazol-1-yl)butyl)amino)-1-oxopent-4-yn-2-yl)bicyclo[3.2.0]heptane-3-carboxamide",,C#CCC(NC(=O)C1C[C@H]2CC[C@H]2C1)C(=O)NCCCCn1ccnc1,
46865,CC(C(=O)N1CCCC[C@H]1CC(=O)N1[C@H]2CC[C@@H]1C[C@H](CO)C2)=C1CC1,"2-cyclopropylidene-1-((2S)-2-(2-((1R,3R,5S)-3-(hydroxymethyl)-8-azabicyclo[3.2.1]octan-8-yl)-2-oxoethyl)piperidin-1-yl)propan-1-one",,CC(C(=O)N1CCCC[C@H]1CC(=O)N1[C@@H]2CC[C@H]1C[C@@H](CO)C2)=C1CC1,
46886,CCOc1cccc(NC(=O)[C@@H]2CN(C(=O)[C@H]3C[C@@H]4C[C@@H]4C3)CCO2)c1,"(2S)-4-(((1R,3S,5S)-bicyclo[3.1.0]hexan-3-yl)carbonyl)-N-(3-ethoxyphenyl)morpholine-2-carboxamide",,CCOc1cccc(NC(=O)C2CN(C(=O)C3C[C@@H]4C[C@@H]4C3)CCO2)c1,
46896,CC(C)[C@H]1[C@H](NC(=O)CCc2nncs2)CCN1C(=O)CC1C[C@H]2C[C@@H]2C1,"N-((2S,3R)-1-(2-((1S,5S)-bicyclo[3.1.0]hexan-3-yl)-acetyl)-2-(propan-2-yl)pyrrolidin-3-yl)-3-(1-thia-3,4-diazacyclopenta-2,4-dien-2-yl)propanamide",[C@@H]12CC(C[C@@H]2C1)CC(=O)N1[C@H]([C@@H](CC1)NC(CCC=1SC=NN1)=O)C(C)C,CC(C)[C@H]1[C@H](NC(=O)CCc2nncs2)CCN1C(=O)CC1C[C@H]2C[C@@H]2C1,CC(C)[C@H]1[C@H](NC(=O)CCc2nncs2)CCN1C(=O)CC1C[C@@H]2C[C@H]2C1
46900,C[C@H]1C[C@@H](C)N(C(=O)[C@H]2C[C@@](F)(CO)C2)CCN1C(=O)CCNC(=O)C(C)(C)C,"N-(3-((5R,7S)-4-(((1S,3s)-3-fluoro-3-(hydroxymethyl)cyclobutyl)carbonyl)-5,7-dimethyl-1,4-diazacycloheptan-1-yl)-3-oxopropyl)-2,2-dimethylpropanamide",,C[C@@H]1C[C@H](C)N(C(=O)CCNC(=O)C(C)(C)C)CCN1C(=O)C1CC(F)(CO)C1,
46933,C[C@H](C(=O)NC[C@H]1C[C@](F)(CNC(=O)COc2ccccc2)C1)[C@@H]1CCC(=O)N1,"(2S)-N-(((1S,3r)-3-fluoro-3-((2-phenoxyacetamido)methyl)cyclobutyl)methyl)-2-((2S)-5-oxopyrrolidin-2-yl)propanamide",,CC(C(=O)NC[C@H]1C[C@](F)(CNC(=O)COc2ccccc2)C1)[C@@H]1CCC(=O)N1,
46998,CCO[C@H](C)c1nc(C(=O)N[C@H]2[C@@H]3CN(C(=O)c4ccoc4C)C[C@@H]32)cs1,"2-((1R)-1-ethoxyethyl)-N-((1R,5S,6S)-3-((2-methylfuran-3-yl)carbonyl)-3-azabicyclo[3.1.0]hexan-6-yl)thiazole-4-carboxamide",,CCO[C@H](C)c1nc(C(=O)N[C@H]2[C@@H]3CN(C(=O)c4ccoc4C)C[C@@H]32)cs1,
47000,CCC(CC)[C@H](C)C(=O)N[C@]1(C(=O)N2CCC[C@](O)(CO)C2)C[C@H](O)C1,"(2S)-3-ethyl-N-((1R,3s)-3-hydroxy-1-(((3R)-3-hydroxy-3-(hydroxymethyl)piperidin-1-yl)carbonyl)cyclobutyl)-2-methylpentanamide",,CCC(CC)C(C)C(=O)N[C@]1(C(=O)N2CCC[C@](O)(CO)C2)C[C@H](O)C1,
47061,C[C@H](CC(=O)N[C@H]1[C@@H]2CN(C(=O)c3ncc(Br)cc3F)C[C@@H]21)C(C)(C)C,"(3R)-N-((1R,5S,6S)-3-((5-bromo-3-fluoropyridin-2-yl)carbonyl)-3-azabicyclo[3.1.0]hexan-6-yl)-3,4,4-trimethylpentanamide",,C[C@H](CC(=O)N[C@H]1[C@@H]2CN(C(=O)c3ncc(Br)cc3F)C[C@@H]21)C(C)(C)C,
47074,Nc1cc(C(=O)N[C@H]2[C@@H]3CN(C(=O)c4cccc5oc(O)nc45)C[C@@H]32)cc(Cl)n1,"2-amino-6-chloro-N-((1R,5S,6S)-3-((2-hydroxybenzoxazol-4-yl)carbonyl)-3-azabicyclo[3.1.0]hexan-6-yl)pyridine-4-carboxamide",,Nc1cc(C(=O)N[C@H]2[C@@H]3CN(C(=O)c4cccc5oc(=O)[nH]c45)C[C@@H]32)cc(Cl)n1,
47143,CO[C@](C)(CNC(=O)[C@@H]1[C@H]2CCC[C@H]21)CNC(=O)C1(C#N)CCC1,"(1R,5S,6R)-N-((2R)-2-((1-cyanocyclobutanecarboxamido)methyl)-2-methoxypropyl)bicyclo[3.1.0]hexane-6-carboxamide",,CO[C@](C)(CNC(=O)C1[C@H]2CCC[C@@H]12)CNC(=O)C1(C#N)CCC1,
47156,CC(C)C(=O)N[C@@H]1C[C@@H]2CC[C@H](C1)N2C(=O)c1cccc2nc(Cl)sc12,"N-((1R,3R,5S)-8-((2-chlorobenzothiazol-7-yl)carbonyl)-8-azabicyclo[3.2.1]octan-3-yl)-2-methylpropanamide",,CC(C)C(=O)N[C@H]1C[C@H]2CC[C@@H](C1)N2C(=O)c1cccc2nc(Cl)sc12,
47159,C[C@H](NC=O)C(=O)N[C@]1(C(=O)NC(C)(C)CCF)C[C@H](O)C1,"(2S)-N-((1R,3s)-1-((4-fluoro-2-methylbutan-2-yl)carbamoyl)-3-hydroxycyclobutyl)-2-formamidopropanamide",,CC(NC=O)C(=O)N[C@]1(C(=O)NC(C)(C)CCF)C[C@H](O)C1,
47349,Cc1cccc(CC(=O)N2CCN(C(=O)[C@@H]3C[C@@H]4CC[C@@H]4C3)C[C@](C)(F)C2)c1,"1-((6R)-4-(((1R,3R,5S)-bicyclo[3.2.0]heptan-3-yl)carbonyl)-6-fluoro-6-methyl-1,4-diazacycloheptan-1-yl)-2-(3-methylphenyl)ethan-1-one",,Cc1cccc(CC(=O)N2CCN(C(=O)C3C[C@H]4CC[C@H]4C3)C[C@](C)(F)C2)c1,
47375,C[C@@H]1OCCO[C@@H]1C(=O)N[C@H]1[C@@H]2CN(C(=O)[C@@H](O)C3CCC3)C[C@@H]21,"(2S,3S)-N-((1R,5S,6S)-3-((2S)-2-cyclobutyl-2-hydroxy-acetyl)-3-azabicyclo[3.1.0]hexan-6-yl)-3-methyl-1,4-dioxane-2-carboxamide",,C[C@@H]1OCCOC1C(=O)N[C@H]1[C@@H]2CN(C(=O)C(O)C3CCC3)C[C@@H]21,
47409,Cc1cnc(CNC(=O)c2cnn(CCNC(=O)[C@H]3C[C@@H]4C[C@@H]4C3)c2)nc1,"1-(2-((1R,3S,5S)-bicyclo[3.1.0]hexane-3-carboxamido)ethyl)-N-((5-methylpyrimidin-2-yl)methyl)-1H-pyrazole-4-carboxamide",,Cc1cnc(CNC(=O)c2cnn(CCNC(=O)C3C[C@@H]4C[C@@H]4C3)c2)nc1,
47435,C=CC1(C(=O)N2C[C@H]3C[C@H](NC(=O)C4(c5cncc(Br)c5)CC4)C[C@H]3C2)CC1,"1-(5-bromopyridin-3-yl)-N-((1R,5S,7S)-3-((1-ethenylcyclopropyl)carbonyl)-3-azabicyclo[3.3.0]octan-7-yl)cyclopropanecarboxamide",,C=CC1(C(=O)N2C[C@H]3C[C@H](NC(=O)C4(c5cncc(Br)c5)CC4)C[C@H]3C2)CC1,
47482,Cc1ccc(F)cc1NC(=O)N1C[C@@H]2[C@H](C1)[C@@H]2NC(=O)c1cn2ncccc2n1,"N-((1R,5S,6R)-3-((5-fluoro-2-methylphenyl)carbamoyl)-3-azabicyclo[3.1.0]hexan-6-yl)-1,2,7-triazabicyclo[4.3.0]nona-2,4,6,8-tetraene-8-carboxamide",,Cc1ccc(F)cc1NC(=O)N1C[C@@H]2[C@H](C1)[C@@H]2NC(=O)c1cn2ncccc2n1,
47484,COCC(COC)CC(=O)NC[C@H]1C[C@H](NC(=O)[C@H]2C[C@H]3[C@@H](C2)C3(C)C)C1,"4-methoxy-3-(methoxymethyl)-N-((trans-3-((1R,3S,5S)-6,6-dimethylbicyclo[3.1.0]hexane-3-carboxamido)cyclobutyl)methyl)butanamide",,COCC(COC)CC(=O)NC[C@H]1C[C@H](NC(=O)C2C[C@@H]3[C@H](C2)C3(C)C)C1,
47504,O=C(Cc1cccc(F)c1F)NCC12CC(CN1C(=O)CC1C[C@@H]3C[C@H]3C1)C2,"N-((2-(2-((1R,5R)-bicyclo[3.1.0]hexan-3-yl)-acetyl)-2-azabicyclo[2.1.1]hexan-1-yl)methyl)-2-(2,3-difluorophenyl)acetamide",[C@H]12CC(C[C@H]2C1)CC(=O)N1C2(CC(C1)C2)CNC(CC2=C(C(=CC=C2)F)F)=O,O=C(Cc1cccc(F)c1F)NCC12CC(CN1C(=O)CC1C[C@@H]3C[C@H]3C1)C2,O=C(Cc1cccc(F)c1F)NCC12CC(CN1C(=O)CC1C[C@H]3C[C@@H]3C1)C2
47550,Cc1cnn(C(C)C)c1C(=O)N[C@H]1C[C@](F)(CNC(=O)c2cc(Cl)no2)C1,"3-chloro-N-(((1R,3s)-1-fluoro-3-(4-methyl-1-(propan-2-yl)-1H-pyrazole-5-carboxamido)cyclobutyl)methyl)isoxazole-5-carboxamide",,Cc1cnn(C(C)C)c1C(=O)N[C@H]1C[C@](F)(CNC(=O)c2cc(Cl)no2)C1,
47566,COC(=O)c1cc(CN2C[C@H]3[C@@H](C2)[C@@H]3C(=O)N2CCO[C@H](C#N)C2)ccc1O,"methyl 2-hydroxy-5-(((1R,5S,6R)-6-(((2S)-2-(nitrilomethyl)morpholin-4-yl)carbonyl)-3-azabicyclo[3.1.0]hexan-3-yl)methyl)benzoate",,COC(=O)c1cc(CN2C[C@@H]3C(C(=O)N4CCO[C@H](C#N)C4)[C@@H]3C2)ccc1O,
47606,CC1(C)O[C@H]2C[C@H](NC(=O)N3CCC(O)(Cc4ccc(Cl)cc4)CC3)C[C@H]2O1,"4-((4-chlorophenyl)methyl)-N-((1R,5S,7S)-3,3-dimethyl-2,4-dioxabicyclo[3.3.0]octan-7-yl)-4-hydroxypiperidine-1-carboxamide",,CC1(C)O[C@H]2C[C@H](NC(=O)N3CCC(O)(Cc4ccc(Cl)cc4)CC3)C[C@H]2O1,
47608,CC[C@H]1CCCC[C@@H]1C(=O)NC[C@]1(F)C[C@H](NC(=O)c2cnc(S)[nH]2)C1,"N-((1S,3s)-3-(((1S,2S)-2-ethylcyclohexanecarboxamido)methyl)-3-fluorocyclobutyl)-2-sulfanyl-1H-imidazole-5-carboxamide",,CC[C@H]1CCCCC1C(=O)NC[C@]1(F)C[C@H](NC(=O)c2c[nH]c(=S)[nH]2)C1,
47621,C=CC1(C2(C(=O)N3[C@H]4CC[C@@H]3C[C@H](NC(=O)Cc3cnoc3)C4)CCC2)CCC1,"N-((1R,3R,5S)-8-((1-(1-ethenylcyclobutyl)cyclobutyl)carbonyl)-8-azabicyclo[3.2.1]octan-3-yl)-2-(isoxazol-4-yl)acetamide",,C=CC1(C2(C(=O)N3[C@@H]4CC[C@H]3C[C@@H](NC(=O)Cc3cnoc3)C4)CCC2)CCC1,
47737,C#C[C@]1(O)C[C@@H](C(=O)N2CCCN(C(=O)COc3ccc(F)cc3F)[C@@H](C)C2)C1,"2-((2,4-difluorophenyl)oxy)-1-((2S)-4-(((1S,3r)-3-(ethynyl)-3-hydroxycyclobutyl)carbonyl)-2-methyl-1,4-diazacycloheptan-1-yl)ethan-1-one",,C#CC1(O)CC(C(=O)N2CCCN(C(=O)COc3ccc(F)cc3F)[C@@H](C)C2)C1,
47760,C[S@](=O)CCC(=O)NCC12CCC(CC1)N(C(=O)C1=C[C@H]3CCC=CCC[C@H]13)C2,"N-((2-(((1S,8S)-bicyclo[6.2.0]deca-4,9-dien-9-yl)carbonyl)-2-azabicyclo[2.2.2]octan-4-yl)methyl)-3-((S)-methylsulfinyl)propanamide",[C@H]12CCC=CCC[C@@H]2C(=C1)C(=O)N1C2CCC(C1)(CC2)CNC(CC[S@@](=O)C)=O,C[S@+]([O-])CCC(=O)NCC12CCC(CC1)N(C(=O)C1=C[C@H]3CCC=CCC[C@H]13)C2,C[S@+]([O-])CCC(=O)NCC12CCC(CC1)N(C(=O)C1=C[C@@H]3CCC=CCC[C@H]13)C2
47766,COC(C)(C)CCCCC(=O)NC[C@]1(F)C[C@@H](NC(=O)[C@H]2OCC[C@H]2C)C1,"N-(((1S,3r)-1-fluoro-3-((2S,3R)-3-methyloxolane-2-carboxamido)cyclobutyl)methyl)-6-methoxy-6-methylheptanamide",,COC(C)(C)CCCCC(=O)NC[C@]1(F)C[C@@H](NC(=O)C2OCC[C@H]2C)C1,
47808,COC(=O)c1sccc1C(=O)N1C[C@H]2C[C@H](NC(=O)Cn3nnc(C)n3)C[C@H]2C1,"methyl 3-(((1R,5S,7S)-7-(2-(5-methyl-2H-tetrazol-2-yl)acetamido)-3-azabicyclo[3.3.0]octan-3-yl)carbonyl)thiophene-2-carboxylate",,COC(=O)c1sccc1C(=O)N1C[C@H]2C[C@H](NC(=O)Cn3nnc(C)n3)C[C@H]2C1,
47849,CC1=C(C(=O)N2CCC[C@@]3(CCCN3C(=O)[C@H]3CCN(C)[C@H]3C)C2)CCO1,"1-((5R)-1-(((2S,3S)-1,2-dimethylpyrrolidin-3-yl)carbonyl)-1,7-diazaspiro[4.5]decan-7-yl)-1-(2-methyl-1-oxacyclopent-2-en-3-yl)methanone",CN1[C@H]([C@H](CC1)C(=O)N1CCC[C@@]12CN(CCC2)C(=O)C2=C(OCC2)C)C,CC1=C(C(=O)N2CCC[C@@]3(CCCN3C(=O)C3CCN(C)[C@H]3C)C2)CCO1,CC1=C(C(=O)N2CCC[C@]3(CCCN3C(=O)C3CCN(C)[C@H]3C)C2)CCO1
47870,Cc1ccsc1CCCC(=O)NC[C@H]1CN(C(=O)[C@H]2CC[C@@](C)(F)CC2)C[C@H]1O,"N-(((3S,4S)-1-(((1R,4s)-4-fluoro-4-methylcyclohexyl)carbonyl)-4-hydroxypyrrolidin-3-yl)methyl)-4-(3-methylthiophen-2-yl)butanamide",,Cc1ccsc1CCCC(=O)NC[C@H]1CN(C(=O)C2CCC(C)(F)CC2)C[C@H]1O,
47894,C[C@H]1[C@@H](C)[C@@H]1C(=O)NC[C@@H]1C[C@H](F)CN1C(=O)[C@@H](O)C(F)(F)F,"(1R,2R,3S)-N-(((2S,4S)-4-fluoro-1-((2R)-3,3,3-trifluoro-2-hydroxy-propionyl)pyrrolidin-2-yl)methyl)-2,3-dimethylcyclopropanecarboxamide",,C[C@@H]1C(C(=O)NC[C@@H]2C[C@H](F)CN2C(=O)C(O)C(F)(F)F)[C@@H]1C,
47954,CCc1scnc1C(=O)N1C[C@H]2[C@H](CN(C)C(=O)CCC3CCN(C)CC3)[C@H]2C1,"N-(((1R,5S,6S)-3-((5-ethylthiazol-4-yl)carbonyl)-3-azabicyclo[3.1.0]hexan-6-yl)methyl)-N-methyl-3-(1-methylpiperidin-4-yl)propanamide",,CCc1scnc1C(=O)N1C[C@@H]2[C@@H](CN(C)C(=O)CCC3CCN(C)CC3)[C@@H]2C1,
47967,CCc1cc(C(=O)N[C@H]2C[C@](F)(CNC(=O)c3cc(O)nn3C)C2)n(C)n1,"3-ethyl-N-((1S,3r)-3-fluoro-3-((3-hydroxy-1-methyl-1H-pyrazole-5-carboxamido)methyl)cyclobutyl)-1-methyl-1H-pyrazole-5-carboxamide",,CCc1cc(C(=O)N[C@H]2C[C@](F)(CNC(=O)c3cc(=O)[nH]n3C)C2)n(C)n1,
47980,O=C(c1cc(O)c(O)c(Cl)c1)N(c1ncnc2ccc(Br)cc12)[C@@H]1[C@@H]2CNC[C@@H]21,"N-((1R,5S,6R)-3-azabicyclo[3.1.0]hexan-6-yl)-N-(8-bromo-2,4-diazabicyclo[4.4.0]deca-1,3,5,7,9-pentaen-5-yl)-3-chloro-4,5-dihydroxybenzene-1-carboxamide",,O=C(c1cc(O)c(O)c(Cl)c1)N(c1ncnc2ccc(Br)cc12)[C@@H]1[C@@H]2CNC[C@@H]21,
48006,C#C[C@]1(O)C[C@@H](C(=O)N2C[C@H]3C[C@H](NC(=O)C4=CCCOC4)[C@H]2C3)C1,"N-((1R,4S,6S)-2-(((1R,3s)-3-(ethynyl)-3-hydroxycyclobutyl)carbonyl)-2-azabicyclo[2.2.1]heptan-6-yl)-1-oxacyclohex-3-ene-3-carboxamide",,C#CC1(O)CC(C(=O)N2C[C@H]3C[C@H](NC(=O)C4=CCCOC4)[C@H]2C3)C1,
48021,Cc1cc(C)c(C(=O)NC[C@H]2[C@@H]3C[C@H]2CN3C(=O)[C@@H]2C[C@@H]3C[C@H]3C[C@@H]2C)cn1,"4,6-dimethyl-N-(((1S,4R,5S)-2-(((1S,3R,4S,6R)-4-methylbicyclo[4.1.0]heptan-3-yl)carbonyl)-2-azabicyclo[2.1.1]hexan-5-yl)methyl)pyridine-3-carboxamide",CC1=C(C=NC(=C1)C)C(=O)NC[C@@H]1[C@@H]2CN([C@H]1C2)C(=O)[C@@H]2C[C@@H]1C[C@@H]1C[C@@H]2C,Cc1cc(C)c(C(=O)NC[C@@H]2[C@H]3C[C@@H]2N(C(=O)C2C[C@@H]4C[C@H]4C[C@@H]2C)C3)cn1,Cc1cc(C)c(C(=O)NC[C@@H]2[C@H]3C[C@@H]2N(C(=O)C2C[C@@H]4C[C@@H]4C[C@@H]2C)C3)cn1
48138,C=C=CCC(=O)N1CC2(C1)OC1(CO)CC2(NC(=O)[C@@H]2CCCN(CC)C2)C1,"(3R)-1-ethyl-N-(1-(hydroxymethyl)spiro[2-oxabicyclo[2.1.1]hexane-3,3'-(1-(azetidin-1-yl)penta-3,4-diene)]-4-yl-1'-one)piperidine-3-carboxamide",,C=C=CCC(=O)N1CC2(C1)OC1(CO)CC2(NC(=O)C2CCCN(CC)C2)C1,
48196,CSCC1(C(=O)N(C)C2(C(=O)NC[C@@]3(C)C[C@@H]4C[C@@H]4C3)CC2)CCC1,"N-methyl-N-(1-((((1R,3S,5S)-3-methylbicyclo[3.1.0]hexan-3-yl)methyl)carbamoyl)cyclopropyl)-1-((methylsulfanyl)methyl)cyclobutanecarboxamide",,CSCC1(C(=O)N(C)C2(C(=O)NC[C@]3(C)C[C@H]4C[C@H]4C3)CC2)CCC1,
48263,C#CCCCC(=O)N1[C@H]2CC[C@@H]1C[C@@H](CNC(=O)CC(F)(F)Cl)C2,"3-chloro-3,3-difluoro-N-(((1R,3S,5S)-8-(1-oxohex-5-yn-1-yl)-8-azabicyclo[3.2.1]octan-3-yl)methyl)propanamide",,C#CCCCC(=O)N1[C@@H]2CC[C@H]1C[C@H](CNC(=O)CC(F)(F)Cl)C2,
48305,C#CCOCCC(=O)N1CC[C@@H](CNC(=O)CC[C@]2(C)CCC(=O)N2)C(F)(F)C1,"N-(((4S)-3,3-difluoro-1-(1-oxo-3-((prop-2-yn-1-yl)oxy)propyl)piperidin-4-yl)methyl)-3-((2R)-2-methyl-5-oxopyrrolidin-2-yl)propanamide",FC1(CN(CC[C@H]1CNC(CC[C@@]1(NC(CC1)=O)C)=O)C(CCOCC#C)=O)F,C#CCOCCC(=O)N1CC[C@@H](CNC(=O)CC[C@]2(C)CCC(=O)N2)C(F)(F)C1,C#CCOCCC(=O)N1CC[C@@H](CNC(=O)CC[C@@]2(C)CCC(=O)N2)C(F)(F)C1
48320,C=C(C)CC(=O)N[C@]1(C)C[C@@H](NC(=O)c2cc(F)cc(S(N)(=O)=O)c2)C1,"3-methyl-N-((1S,3s)-1-methyl-3-(3-(sulfamoyl)-5-fluorobenzene-1-carboxamido)cyclobutyl)but-3-enamide",,C=C(C)CC(=O)N[C@]1(C)C[C@@H](NC(=O)c2cc(F)cc(S(N)(=O)=O)c2)C1,
48332,COCn1nccc1C(=O)N[C@]1(C(=O)N2CCC[C@@H](OC3CC3)C2)C[C@H](O)C1,"N-((1S,3r)-1-(((3R)-3-(cyclopropoxy)piperidin-1-yl)carbonyl)-3-hydroxycyclobutyl)-1-(methoxymethyl)-1H-pyrazole-5-carboxamide",,COCn1nccc1C(=O)N[C@]1(C(=O)N2CCC[C@@H](OC3CC3)C2)C[C@H](O)C1,
48428,Cc1nc(CC(=O)N(C)[C@H]2C[C@@H]3CC[C@H](C2)N3C(=O)[C@]2(C)CCCC2(F)F)cs1,"N-((1R,3S,5S)-8-(((1S)-2,2-difluoro-1-methylcyclopentyl)carbonyl)-8-azabicyclo[3.2.1]octan-3-yl)-N-methyl-2-(2-methylthiazol-4-yl)acetamide",,Cc1nc(CC(=O)N(C)[C@@H]2C[C@H]3CC[C@@H](C2)N3C(=O)[C@]2(C)CCCC2(F)F)cs1,
48471,O=C1Nc2ccccc2C12CCN(N1CC[C@@H](c3cc(O)n[nH]3)C1)CC2,"spiro[indoline-3,4'-(5-((3R)-1-(piperidin-1-yl)pyrrolidin-3-yl)-1H-pyrazol-3-ol)]-2-one",,O=C1Nc2ccccc2C12CCN(N1CC[C@@H](c3cc(=O)[nH][nH]3)C1)CC2,
48481,CCc1c(C(=O)NCCn2cnc(C(=O)NC[C@H]3[C@@H]4COC[C@H]34)c2)cnn1C,"5-ethyl-1-methyl-N-(2-(4-((((1R,5S,6S)-3-oxabicyclo[3.1.0]hexan-6-yl)methyl)carbamoyl)-1H-imidazol-1-yl)ethyl)-1H-pyrazole-4-carboxamide",,CCc1c(C(=O)NCCn2cnc(C(=O)NC[C@@H]3[C@H]4COC[C@@H]34)c2)cnn1C,
48499,Cc1ccc(F)c(CN2CCC[C@@H](C(=O)N3[C@H]4CC[C@@H]3C[C@H](O)C4)CC2)c1,"1-((4R)-1-((2-fluoro-5-methylphenyl)methyl)-1-azacycloheptan-4-yl)-1-((1R,3R,5S)-3-hydroxy-8-azabicyclo[3.2.1]octan-8-yl)methanone",,Cc1ccc(F)c(CN2CCCC(C(=O)N3[C@@H]4CC[C@H]3C[C@@H](O)C4)CC2)c1,
48513,C[C@H]1C[C@H](C(=O)NC[C@H]2C[C@](F)(CNC(=O)/C(F)=C/CCF)C2)CCO1,"(2S,4R)-N-(((1S,3r)-3-(((2Z)-2,5-difluoropent-2-enamido)methyl)-3-fluorocyclobutyl)methyl)-2-methyloxane-4-carboxamide",,C[C@H]1CC(C(=O)NC[C@H]2C[C@](F)(CNC(=O)/C(F)=C/CCF)C2)CCO1,
48536,CC(C)(C)NC(=O)NC(=O)CN1C[C@H]2[C@H](CNC(=O)Cn3cccn3)[C@H]2C1,"N-((tert-butyl)carbamoyl)-2-((1R,5S,6S)-6-((2-(1H-pyrazol-1-yl)acetamido)methyl)-3-azabicyclo[3.1.0]hexan-3-yl)acetamide",,CC(C)(C)NC(=O)NC(=O)CN1C[C@@H]2[C@@H](CNC(=O)Cn3cccn3)[C@@H]2C1,
48766,CC1(C)CN(C(=O)C#CC2CCCCC2)C[C@H]1CNC(=O)[C@@H]1C[C@@H]2C[C@@H]2C1,"(1R,3R,5S)-N-(((3R)-1-(3-cyclohexyl-1-oxoprop-2-yn-1-yl)-4,4-dimethylpyrrolidin-3-yl)methyl)bicyclo[3.1.0]hexane-3-carboxamide",,CC1(C)CN(C(=O)C#CC2CCCCC2)C[C@H]1CNC(=O)C1C[C@@H]2C[C@@H]2C1,
48826,Cc1cccc(C(=O)N[C@]2(C(=O)N3CC[C@H]4C[C@@H]4C3)C[C@H](O)C2)c1N,"2-amino-N-((1R,3s)-1-(((1S,6R)-3-azabicyclo[4.1.0]heptan-3-yl)carbonyl)-3-hydroxycyclobutyl)-3-methylbenzene-1-carboxamide",,Cc1cccc(C(=O)N[C@]2(C(=O)N3CC[C@H]4C[C@@H]4C3)C[C@H](O)C2)c1N,
48865,CC(C)C[C@H](C(=O)NC[C@H]1C[C@@](F)(CNC(=O)[C@@H]2CC(F)(F)C2(C)C)C1)N(C)C,"(2R)-N-(((1R,3r)-3-(((1R)-3,3-difluoro-2,2-dimethylcyclobutanecarboxamido)methyl)-3-fluorocyclobutyl)methyl)-2-(dimethylamino)-4-methylpentanamide",,CC(C)CC(C(=O)NC[C@H]1C[C@@](F)(CNC(=O)C2CC(F)(F)C2(C)C)C1)N(C)C,
48895,C#CC[C@]1(O)C[C@@H](C(=O)N2CC(n3cc(CNC(=O)c4c[nH]cc4C)nn3)C2)C1,"N-((1-(1-(((1R,3s)-3-hydroxy-3-(prop-2-yn-1-yl)cyclobutyl)carbonyl)-azetidin-3-yl)-1H-1,2,3-triazol-4-yl)methyl)-4-methyl-1H-pyrrole-3-carboxamide",,C#CCC1(O)CC(C(=O)N2CC(n3cc(CNC(=O)c4c[nH]cc4C)nn3)C2)C1,
48931,C[C@@H]1[C@H](C(=O)N[C@@H]2C[C@H]2[C@H]2CCCN(C(=O)C[C@@H]3CC=CCC3)C2)[C@@H]1C,"(1S,2R,3S)-N-((1R,2S)-2-((3R)-1-(2-((1S)-cyclohex-3-en-1-yl)-acetyl)piperidin-3-yl)cyclopropyl)-2,3-dimethylcyclopropanecarboxamide",,C[C@@H]1C(C(=O)N[C@@H]2C[C@H]2[C@H]2CCCN(C(=O)C[C@@H]3CC=CCC3)C2)[C@@H]1C,
48949,Cc1c(C(=O)N2C[C@H]3[C@H](NC(=O)CCn4cncn4)[C@H]3C2)oc2cc(Cl)ccc12,"N-((1R,5S,6S)-3-((4-chloro-9-methyl-7-oxabicyclo[4.3.0]nona-1(6),2,4,8-tetraen-8-yl)carbonyl)-3-azabicyclo[3.1.0]hexan-6-yl)-3-(1H-1,2,4-triazol-1-yl)propanamide",,Cc1c(C(=O)N2C[C@@H]3[C@H](C2)[C@H]3NC(=O)CCn2cncn2)oc2cc(Cl)ccc12,
49060,N#CC1(C(=O)N2[C@H]3CC[C@@H]2C[C@H](CNC(=O)CCCn2cncn2)C3)CC1,"N-(((1R,3R,5S)-8-((1-(nitrilomethyl)cyclopropyl)carbonyl)-8-azabicyclo[3.2.1]octan-3-yl)methyl)-4-(1H-1,2,4-triazol-1-yl)butanamide",,N#CC1(C(=O)N2[C@@H]3CC[C@H]2C[C@@H](CNC(=O)CCCn2cncn2)C3)CC1,
49096,CCCCCCC(=O)N[C@H]1[C@@H]2CN(C(=O)[C@@]34CC[C@@H](F)[C@@H]3CC4)C[C@@H]21,"N-((1R,5S,6S)-3-(((1S,4R,5R)-4-fluorobicyclo[3.2.0]heptan-1-yl)carbonyl)-3-azabicyclo[3.1.0]hexan-6-yl)heptanamide",,CCCCCCC(=O)N[C@H]1[C@@H]2CN(C(=O)[C@@]34CC[C@@H](F)[C@@H]3CC4)C[C@@H]21,
49101,Cc1cc(F)ccc1S(=O)(=O)N[C@@H]1C[C@@H]2CC[C@H](C1)N2Cc1ncc(Cl)nc1Cl,"(1R,3R,5S)-8-((3,5-dichloropyrazin-2-yl)methyl)-N-(4-fluoro-2-methylphenylsulfonyl)-8-azabicyclo[3.2.1]octan-3-amine",,Cc1cc(F)ccc1S(=O)(=O)N[C@H]1C[C@H]2CC[C@@H](C1)N2Cc1ncc(Cl)nc1Cl,
49122,CCN(C(=O)C1=C[C@@H]2CCC=CCC[C@@H]12)[C@@H]1CCN(C(=O)c2cc(C#N)cs2)C1,"(1R,8R)-N-ethyl-N-((3R)-1-((4-(nitrilomethyl)thiophen-2-yl)carbonyl)pyrrolidin-3-yl)bicyclo[6.2.0]deca-4,9-diene-9-carboxamide",C(C)N(C(=O)C=1[C@@H]2CCC=CCC[C@@H]2C1)[C@H]1CN(CC1)C(=O)C=1SC=C(C1)C#N,CCN(C(=O)C1=C[C@@H]2CCC=CCC[C@@H]12)[C@@H]1CCN(C(=O)c2cc(C#N)cs2)C1,CCN(C(=O)C1=C[C@H]2CCC=CCC[C@@H]12)[C@@H]1CCN(C(=O)c2cc(C#N)cs2)C1
49160,O=C(NC[C@H]1CCN1C(=O)Cc1cc(F)cc(Br)c1)[C@@H]1[C@H]2CCCCC[C@H]21,"(1R,7S,8R)-N-(((2R)-1-(2-(3-bromo-5-fluorophenyl)-acetyl)-azetidin-2-yl)methyl)bicyclo[5.1.0]octane-8-carboxamide",,O=C(NC[C@H]1CCN1C(=O)Cc1cc(F)cc(Br)c1)C1[C@H]2CCCCC[C@@H]12,
49172,CO[C@H](C(=O)N[C@@H](C)C1CCN(C(=O)C2=C[C@@H]3CCC[C@H]23)CC1)C(C)C,"(2S)-N-((1S)-1-(1-(((1R,5S)-bicyclo[3.2.0]hept-6-en-6-yl)carbonyl)piperidin-4-yl)ethyl)-2-methoxy-3-methylbutanamide",[C@@H]12CCC[C@@H]2C(=C1)C(=O)N1CCC(CC1)[C@H](C)NC([C@H](C(C)C)OC)=O,COC(C(=O)N[C@@H](C)C1CCN(C(=O)C2=C[C@@H]3CCC[C@H]23)CC1)C(C)C,COC(C(=O)N[C@@H](C)C1CCN(C(=O)C2=C[C@H]3CCC[C@H]23)CC1)C(C)C
49293,O=C(N[C@@H]1CN(C(=O)c2ccccn2)C[C@@H]2CCC[C@H]12)[C@H]1C[C@H]2C=CC[C@H](C2)C1,"(1S,3R,5S)-N-((1R,5S,6S)-3-((pyridin-2-yl)carbonyl)-3-azabicyclo[4.3.0]nonan-5-yl)bicyclo[3.3.1]non-6-ene-3-carboxamide",N1=C(C=CC=C1)C(=O)N1C[C@@H]2CCC[C@@H]2[C@@H](C1)NC(=O)[C@@H]1C[C@H]2CC=C[C@H](C1)C2,O=C(N[C@@H]1CN(C(=O)c2ccccn2)C[C@@H]2CCC[C@@H]21)C1C[C@H]2C=CC[C@@H](C1)C2,O=C(N[C@@H]1CN(C(=O)c2ccccn2)C[C@@H]2CCC[C@@H]21)C1C[C@H]2C=CC[C@H](C1)C2
49449,CC1=C(C(=O)N2CCCC[C@]23C[C@H](NC(=O)CS(=O)(=O)C(C)C)C3)CCCC1,N-(5-((2-methylcyclohex-1-en-1-yl)carbonyl)-5-azaspiro[3.5]nonan-2-yl)-2-(propan-2-ylsulfonyl)acetamide,CC1=C(CCCC1)C(=O)N1C2(CC(C2)NC(CS(=O)(=O)C(C)C)=O)CCCC1,CC1=C(C(=O)N2CCCC[C@]23C[C@H](NC(=O)CS(=O)(=O)C(C)C)C3)CCCC1,CC1=C(C(=O)N2CCCCC23CC(NC(=O)CS(=O)(=O)C(C)C)C3)CCCC1
49517,CC1CCN([C@@H](CNC(=O)NC[C@]2(C)[C@H]3COC[C@H]32)c2cccs2)CC1,"1-((((1R,5S,6R)-6-methyl-3-oxabicyclo[3.1.0]hexan-6-yl)methyl)amino)-N-((2S)-2-(4-methylpiperidin-1-yl)-2-(thiophen-2-yl)ethyl)formamide",,CC1CCN([C@@H](CNC(=O)NC[C@@]2(C)[C@@H]3COC[C@@H]32)c2cccs2)CC1,
49571,C[C@@H](C#N)C(=O)N[C@H]1C[C@](C)(NC(=O)c2ncc(Cl)cc2Cl)C1,"(2S)-2-cyano-N-((1R,3r)-3-(3,5-dichloropyridine-2-carboxamido)-3-methylcyclobutyl)propanamide",,CC(C#N)C(=O)N[C@H]1C[C@](C)(NC(=O)c2ncc(Cl)cc2Cl)C1,
49576,CC(C)(C)[C@@H](CO)C(=O)N[C@H]1C[C@@](C)(NC(=O)c2csc(Br)n2)C1,"(2S)-N-((1S,3r)-3-(2-bromothiazole-4-carboxamido)-3-methylcyclobutyl)-2-(hydroxymethyl)-3,3-dimethylbutanamide",,CC(C)(C)C(CO)C(=O)N[C@H]1C[C@@](C)(NC(=O)c2csc(Br)n2)C1,
49610,CCC1(NC(=O)[C@@H]2[C@H]3CCC[C@H]32)CCN(C(=O)[C@H](C)Oc2cccc(Cl)c2)CC1,"(1R,5S,6R)-N-(1-((2S)-2-((3-chlorophenyl)oxy)-propionyl)-4-ethylpiperidin-4-yl)bicyclo[3.1.0]hexane-6-carboxamide",,CCC1(NC(=O)C2[C@H]3CCC[C@@H]23)CCN(C(=O)C(C)Oc2cccc(Cl)c2)CC1,
49689,C[C@]1(C(=O)N2C[C@H]3[C@@H](C2)[C@@H]3C(N)=O)C[C@H](O)CN1C(=O)CCc1csnn1,"(1R,5S,6R)-3-(((2R,4S)-4-hydroxy-2-methyl-1-(1-oxo-3-(1-thia-2,3-diazacyclopenta-2,4-dien-4-yl)propyl)pyrrolidin-2-yl)carbonyl)-3-azabicyclo[3.1.0]hexane-6-carboxamide",,C[C@]1(C(=O)N2C[C@@H]3C(C(N)=O)[C@@H]3C2)C[C@H](O)CN1C(=O)CCc1csnn1,
49701,C[C@@H]1C[C@]2(C(=O)N3CC[C@H](NC(=O)CCc4ccc(Cl)cc4Cl)C(C)(C)C3)C[C@H]12,"3-(2,4-dichlorophenyl)-N-((4S)-3,3-dimethyl-1-(((1S,3R,4R)-3-methylbicyclo[2.1.0]pentan-1-yl)carbonyl)piperidin-4-yl)propanamide",ClC1=C(C=CC(=C1)Cl)CCC(=O)N[C@@H]1C(CN(CC1)C(=O)[C@]12C[C@H]([C@H]2C1)C)(C)C,C[C@@H]1C[C@]2(C(=O)N3CC[C@H](NC(=O)CCc4ccc(Cl)cc4Cl)C(C)(C)C3)C[C@H]12,C[C@@H]1C[C@@]2(C(=O)N3CC[C@H](NC(=O)CCc4ccc(Cl)cc4Cl)C(C)(C)C3)C[C@H]12
49733,Cn1nc2c(c1C(=O)N[C@]1(C)C[C@H](NC(=O)c3ccnn3C(F)F)C1)CCC2,"N-((1R,3s)-3-(1-(difluoromethyl)-1H-pyrazole-5-carboxamido)-1-methylcyclobutyl)-3-methyl-2,3-diazabicyclo[3.3.0]octa-1,4-diene-4-carboxamide",,Cn1nc2c(c1C(=O)N[C@]1(C)C[C@H](NC(=O)c3ccnn3C(F)F)C1)CCC2,
49803,C[C@]1(C(=O)NC[C@@H]2CCCN2C(=O)[C@@H]2C[C@@H]3CC[C@H](C2)C3(F)F)CCOC1,"(3S)-N-(((2S)-1-(((1R,3R,5S)-8,8-difluorobicyclo[3.2.1]octan-3-yl)carbonyl)pyrrolidin-2-yl)methyl)-3-methyloxolane-3-carboxamide",,C[C@]1(C(=O)NC[C@@H]2CCCN2C(=O)C2C[C@H]3CC[C@@H](C2)C3(F)F)CCOC1,
49826,O=C(N[C@H]1[C@@H]2CN(C(=O)Cc3ccc(SC4CC4)cc3)C[C@@H]21)C1C2CCC1CC2,"N-((1R,5S,6S)-3-(2-(4-(cyclopropylsulfanyl)phenyl)-acetyl)-3-azabicyclo[3.1.0]hexan-6-yl)bicyclo[2.2.1]heptane-7-carboxamide",,O=C(N[C@H]1[C@@H]2CN(C(=O)Cc3ccc(SC4CC4)cc3)C[C@@H]21)C1C2CCC1CC2,
49840,C[C@@H]1[C@H](C(=O)N2C[C@@H](NC(=O)[C@]3(C)C[C@@H](C#N)C3)CC23CCCC3)[C@@H]1C,"3-cyano-N-((3S)-1-(((1S,2R,3S)-2,3-dimethylcyclopropyl)carbonyl)-1-azaspiro[4.4]nonan-3-yl)-1-methylcyclobutanecarboxamide",,C[C@@H]1C(C(=O)N2C[C@@H](NC(=O)[C@]3(C)C[C@@H](C#N)C3)CC23CCCC3)[C@@H]1C,
49854,CCN(CCCNC(=O)[C@H]1CNC(=O)N1C)C(=O)[C@@H]1C[C@H]2[C@@H](C1)C2(F)F,"(4R)-N-(3-(N-ethyl(1R,3R,5S)-6,6-difluorobicyclo[3.1.0]hexane-3-carboxamido)propyl)-3-methyl-2-oxoimidazolidine-4-carboxamide",,CCN(CCCNC(=O)C1CNC(=O)N1C)C(=O)C1C[C@@H]2[C@H](C1)C2(F)F,
49879,CCCC=CC(=O)N[C@@H]1C[C@H]2[C@@H](C1)[C@@H]2NC(=O)[C@@H](F)C(=O)OCC,"ethyl (2R)-2-fluoro-2-(((1R,3R,5S,6R)-3-(hex-2-enamido)bicyclo[3.1.0]hexan-6-yl)carbamoyl)acetate",,CCCC=CC(=O)N[C@H]1C[C@@H]2[C@H](C1)[C@H]2NC(=O)C(F)C(=O)OCC,
49886,C[C@@H]1C[C@@]2(C(=O)NC[C@@H]3C[C@H](F)CN3C(=O)C[C@@H]3CCNC3=O)C[C@@H]12,"(1R,3R,4S)-N-(((2S,4S)-4-fluoro-1-(1-oxo-2-((3S)-2-oxopyrrolidin-3-yl)ethyl)pyrrolidin-2-yl)methyl)-3-methylbicyclo[2.1.0]pentane-1-carboxamide",F[C@H]1C[C@H](N(C1)C(C[C@H]1C(NCC1)=O)=O)CNC(=O)[C@@]12C[C@H]([C@@H]2C1)C,C[C@@H]1C[C@@]2(C(=O)NC[C@@H]3C[C@H](F)CN3C(=O)CC3CCNC3=O)C[C@@H]12,C[C@@H]1C[C@]2(C(=O)NC[C@@H]3C[C@H](F)CN3C(=O)CC3CCNC3=O)C[C@@H]12
49910,C[C@@]1(C(=O)N2C[C@@H]3C[C@H](NC(=O)c4cnsc4)C[C@@H](C3)C2)COC(=O)N1,"N-((1R,5S,7S)-3-(((4S)-4-methyl-2-oxo-1,3-oxazolidin-4-yl)carbonyl)-3-azabicyclo[3.3.1]nonan-7-yl)isothiazole-4-carboxamide",,C[C@@]1(C(=O)N2C[C@@H]3C[C@@H](C[C@H](NC(=O)c4cnsc4)C3)C2)COC(=O)N1,
49925,COC(=O)[C@@H]1C[C@]12C[C@@H](Nc1nccn3cncc13)C2,"methyl (1R)-5-((1,4,8-triazabicyclo[4.3.0]nona-2,4,6,8-tetraen-5-yl)amino)spiro[2.3]hexane-1-carboxylate",N12C=CN=C(C2=CN=C1)NC1CC2(C[C@H]2C(=O)OC)C1,COC(=O)C1C[C@]12C[C@@H](Nc1nccn3cncc13)C2,COC(=O)C1CC12CC(Nc1nccn3cncc13)C2
49934,CC(C)C1(C(=O)N[C@H]2CC3(CN(C(=O)[C@H](CO)N(C)C)C3)n3ccnc32)CC1,"1-(propan-2-yl)-N-((6S)-spiro[1,4-diazabicyclo[3.3.0]octa-2,4-diene-8,3'-((2S)-1-(azetidin-1-yl)-2-(dimethylamino)-3-hydroxypropane)]-6-yl-1'-one)cyclopropanecarboxamide",,CC(C)C1(C(=O)N[C@H]2CC3(CN(C(=O)C(CO)N(C)C)C3)n3ccnc32)CC1,
50053,CN(C[C@H]1[C@@H]2CN(C(=O)/C=C/C(C)(C)C)C[C@H]12)C(=O)c1cc(F)cc2nn[nH]c12,"N-(((1R,5S,6S)-3-((2E)-4,4-dimethyl-1-oxopent-2-en-1-yl)-3-azabicyclo[3.1.0]hexan-6-yl)methyl)-4-fluoro-N-methyl-7,8,9-triazabicyclo[4.3.0]nona-1,3,5,7-tetraene-2-carboxamide",,CN(C[C@@H]1[C@H]2CN(C(=O)/C=C/C(C)(C)C)C[C@@H]12)C(=O)c1cc(F)cc2[nH]nnc12,
50081,CC[C@H](CC(=O)N[C@H](C)C1CCN(C(=O)[C@@H]2C[C@H](C)O[C@H](C)C2)CC1)C(F)F,"(3R)-3-(difluoromethyl)-N-((1R)-1-(1-(((2R,4R,6S)-2,6-dimethyl-oxan-4-yl)carbonyl)piperidin-4-yl)ethyl)pentanamide",,CC[C@H](CC(=O)N[C@H](C)C1CCN(C(=O)C2C[C@@H](C)O[C@@H](C)C2)CC1)C(F)F,
50179,Cc1c(C(=O)N2CC[C@H]3CC[C@@H](C2)N3C(=O)C[C@@H](C)CF)[nH]c2c1C(=O)CCC2,"8-(((1S,6R)-9-((3R)-3-(fluoromethyl)-butyryl)-3,9-diazabicyclo[4.2.1]nonan-3-yl)carbonyl)-9-methyl-7-azabicyclo[4.3.0]nona-1(6),8-dien-2-one",FC[C@@H](CC(=O)N1[C@@H]2CN(CC[C@H]1CC2)C(=O)C=2NC=1CCCC(C1C2C)=O)C,Cc1c(C(=O)N2CC[C@H]3CC[C@@H](C2)N3C(=O)C[C@@H](C)CF)[nH]c2c1C(=O)CCC2,Cc1c(C(O)N2CC[C@H]3CC[C@@H](C2)N3C(=O)C[C@@H](C)CF)[nH]c2cccc(O)c12
50214,C=CC[C@]1(C(=O)NO[C@H](C)C=C)CCN(C(=O)[C@@H]2[C@H]3CC(=O)C[C@H]32)C1,"(3S)-N-(((2R)-but-3-en-2-yl)oxy)-1-(((1R,5S,6R)-3-oxobicyclo[3.1.0]hexan-6-yl)carbonyl)-3-(prop-2-en-1-yl)pyrrolidine-3-carboxamide",,C=CC[C@]1(C(=O)NO[C@H](C)C=C)CCN(C(=O)C2[C@H]3CC(=O)C[C@@H]23)C1,
50233,C[C@H](CCNC(=O)[C@]1(NC(=O)CN2CCNC(=O)C2)C[C@@H](O)C1)N1CCCC1,3-hydroxy-1-(2-(3-oxopiperazin-1-yl)acetamido)-N-((3R)-3-(pyrrolidin-1-yl)butyl)cyclobutanecarboxamide,OC1CC(C1)(C(=O)NCC[C@@H](C)N1CCCC1)NC(CN1CC(NCC1)=O)=O,C[C@H](CCNC(=O)[C@]1(NC(=O)CN2CCNC(=O)C2)C[C@@H](O)C1)N1CCCC1,C[C@H](CCNC(=O)C1(NC(=O)CN2CCNC(=O)C2)CC(O)C1)N1CCCC1
50259,CC(=O)N[C@@H](C)C(=O)NC[C@]1(F)C[C@@H](CNC(=O)CC[C@H]2CCC(=O)NC2)C1,"(2S)-2-acetamido-N-(((1R,3s)-1-fluoro-3-((3-((3R)-6-oxopiperidin-3-yl)propanamido)methyl)cyclobutyl)methyl)propanamide",,CC(=O)NC(C)C(=O)NC[C@]1(F)C[C@@H](CNC(=O)CC[C@H]2CCC(=O)NC2)C1,
50376,CC1(CNC(=O)[C@@H]2[C@H]3C[C@H]3[C@H]3C[C@H]32)CCN(C(=O)C=Cc2cnc[nH]2)CC1,"(1S,2R,4R,5R,6S)-N-((1-(3-(1H-imidazol-5-yl)-1-oxoprop-2-en-1-yl)-4-methylpiperidin-4-yl)methyl)tricyclo[4.1.0.0^{2,4}]heptane-5-carboxamide",,CC1(CNC(=O)C2[C@H]3C[C@H]3[C@H]3C[C@@H]23)CCN(C(=O)C=Cc2c[nH]cn2)CC1,
50404,CO[C@H]1C[C@H](C(=O)N[C@@H](CNC(=O)[C@H]2C[C@@H]3C[C@@H]3C2)CC(F)(F)F)C1,"(1R,3S,5S)-N-((2R)-4,4,4-trifluoro-2-(trans-3-methoxycyclobutanecarboxamido)butyl)bicyclo[3.1.0]hexane-3-carboxamide",,COC1CC(C(=O)N[C@@H](CNC(=O)C2C[C@@H]3C[C@@H]3C2)CC(F)(F)F)C1,
50420,O=C(NC1(C2CN(C(=O)Cc3csc(Cl)c3)C2)CC1)[C@H]1C[C@H]2[C@@H](C1)C2(F)F,"(1R,3S,5S)-N-(1-(1-(2-(5-chlorothiophen-3-yl)-acetyl)-azetidin-3-yl)cyclopropyl)-6,6-difluorobicyclo[3.1.0]hexane-3-carboxamide",,O=C(NC1(C2CN(C(=O)Cc3csc(Cl)c3)C2)CC1)C1C[C@@H]2[C@H](C1)C2(F)F,
50480,COc1cscc1C(=O)N[C@H]1C[C@@](C)(NC(=O)c2ccc3nn[nH]c3c2)C1,"N-((1R,3s)-3-(4-methoxythiophene-3-carboxamido)-1-methylcyclobutyl)-7,8,9-triazabicyclo[4.3.0]nona-1(6),2,4,7-tetraene-3-carboxamide",,COc1cscc1C(=O)N[C@H]1C[C@@](C)(NC(=O)c2ccc3[nH]nnc3c2)C1,
50485,C[C@]1(NC(=O)c2cc3sccc3[nH]2)C[C@@H](NC(=O)CCCc2csc(=N)[nH]2)C1,"N-((1R,3s)-3-(4-(2-imino-1-thia-3-azacyclopent-4-en-4-yl)butanamido)-1-methylcyclobutyl)-2-thia-6-azabicyclo[3.3.0]octa-1(5),3,7-triene-7-carboxamide",,C[C@]1(NC(=O)c2cc3sccc3[nH]2)C[C@@H](NC(=O)CCCc2csc(N)n2)C1,
50503,C=C1C[C@H]1C(=O)N1[C@H]2CC[C@@H]1C[C@H](CNC(=O)c1cc(O)n(CC)n1)C2,"1-ethyl-5-hydroxy-N-(((1R,3R,5S)-8-(((1R)-2-methylidenecyclopropyl)carbonyl)-8-azabicyclo[3.2.1]octan-3-yl)methyl)-1H-pyrazole-3-carboxamide",,C=C1CC1C(=O)N1[C@@H]2CC[C@H]1C[C@@H](CNC(=O)c1cc(=O)n(CC)[nH]1)C2,
50575,C=C1CC[C@H]1C(=O)NC[C@H]1C[C@@H]2CC[C@H](C1)N2C(=O)c1c(C)cc(C)oc1=O,"(1R)-N-(((1R,3S,5S)-8-((4,6-dimethyl-2-oxo-1-oxacyclohexa-3,5-dien-3-yl)carbonyl)-8-azabicyclo[3.2.1]octan-3-yl)methyl)-2-methylidenecyclobutanecarboxamide",,C=C1CCC1C(=O)NC[C@@H]1C[C@H]2CC[C@@H](C1)N2C(=O)c1c(C)cc(C)oc1=O,
50650,CC(C)[C@]1(O)CCN(C(=O)[C@@H]2CC(F)(F)CN2C(=O)[C@@H]2[C@H]3[C@@H]4CC[C@@H](C4)[C@H]32)C1,"1-((2S)-4,4-difluoro-1-(((1R,2S,3R,4R,5S)-tricyclo[3.2.1.0^{2,4}]octan-3-yl)carbonyl)pyrrolidin-2-yl)-1-((3R)-3-hydroxy-3-(propan-2-yl)pyrrolidin-1-yl)methanone",,CC(C)[C@]1(O)CCN(C(=O)C2CC(F)(F)CN2C(=O)C2[C@@H]3[C@H]4CC[C@H](C4)[C@H]23)C1,
50656,COCC(COC)C(=O)N[C@@H]1C[C@H]2[C@@H](C1)[C@@H]2NC(=O)[C@H]1CCC[C@@H]1O,"N-((1R,3R,5S,6R)-6-((1S,2S)-2-hydroxycyclopentanecarboxamido)bicyclo[3.1.0]hexan-3-yl)-3-methoxy-2-(methoxymethyl)propanamide",,COCC(COC)C(=O)N[C@H]1C[C@@H]2[C@H](C1)[C@H]2NC(=O)C1CCC[C@@H]1O,
50723,CCCC[C@H](C(=O)N[C@]1(C)C[C@H](NC(=O)c2cc3ccc(Cl)cc3[nH]2)C1)N(C)C,"(2R)-N-((1S,3r)-3-(4-chloro-7-azabicyclo[4.3.0]nona-1(6),2,4,8-tetraene-8-carboxamido)-1-methylcyclobutyl)-2-(dimethylamino)hexanamide",,CCCCC(C(=O)N[C@]1(C)C[C@H](NC(=O)c2cc3ccc(Cl)cc3[nH]2)C1)N(C)C,
50763,CC[C@H](CSC)N(C)C(=O)[C@@H]1C[C@@H]2CN(C(=O)C[C@@H]3CCCN(C)C3)C[C@@H]2C1,"(1R,5S,7R)-N-methyl-3-(2-((3S)-1-methylpiperidin-3-yl)-acetyl)-N-((2R)-1-(methylsulfanyl)butan-2-yl)-3-azabicyclo[3.3.0]octane-7-carboxamide",,CC[C@H](CSC)N(C)C(=O)C1C[C@@H]2CN(C(=O)C[C@@H]3CCCN(C)C3)C[C@@H]2C1,
50799,CN(C)S(=O)(=O)c1ccc(C(=O)N2C[C@H]3[C@H](NC(=O)CCOC4CCC4)[C@H]3C2)o1,"3-(cyclobutoxy)-N-((1R,5S,6S)-3-((5-(dimethylsulfamoyl)furan-2-yl)carbonyl)-3-azabicyclo[3.1.0]hexan-6-yl)propanamide",,CN(C)S(=O)(=O)c1ccc(C(=O)N2C[C@@H]3[C@H](C2)[C@H]3NC(=O)CCOC2CCC2)o1,
50823,CC(C)[C@H](O)C(=O)N[C@H]1C[C@](C)(NC(=O)c2csc(I)c2)C1,"(2S)-2-hydroxy-N-((1S,3s)-3-(5-iodothiophene-3-carboxamido)-3-methylcyclobutyl)-3-methylbutanamide",,CC(C)C(O)C(=O)N[C@H]1C[C@](C)(NC(=O)c2csc(I)c2)C1,
50829,CSc1cccc(C(=O)N[C@H]2C[C@](F)(CNC(=O)C=C3CCN(C)CC3)C2)c1Cl,"2-chloro-N-((1S,3r)-3-fluoro-3-((2-(1-methylpiperidin-4-ylidene)acetamido)methyl)cyclobutyl)-3-(methylsulfanyl)benzamide",,CSc1cccc(C(=O)N[C@H]2C[C@](F)(CNC(=O)C=C3CCN(C)CC3)C2)c1Cl,
50848,C[C@H]1C[C@H](C(=O)N[C@H]2C[C@@](C)(O)C2)N1C(=O)C1=C[C@H]2CC[C@@H](C1)C2,"(2R,4S)-1-(((1S,5R)-bicyclo[3.2.1]oct-2-en-3-yl)carbonyl)-N-((1R,3s)-3-hydroxy-3-methylcyclobutyl)-4-methylazetidine-2-carboxamide",,C[C@H]1CC(C(=O)N[C@H]2C[C@@](C)(O)C2)N1C(=O)C1=C[C@H]2CC[C@@H](C1)C2,
50892,Cc1nnsc1C(=O)N1C[C@H]2[C@H](NC(=O)c3oc4ccccc4c(=O)c3C)[C@H]2C1,"4-methyl-N-((1R,5S,6S)-3-((4-methyl-1-thia-2,3-diazacyclopenta-2,4-dien-5-yl)carbonyl)-3-azabicyclo[3.1.0]hexan-6-yl)-5-oxo-2-oxabicyclo[4.4.0]deca-1(10),3,6,8-tetraene-3-carboxamide",,Cc1nnsc1C(=O)N1C[C@@H]2[C@H](C1)[C@H]2NC(=O)c1oc2ccccc2c(=O)c1C,
50966,CN(C)c1ccc(CCC(=O)N[C@H]2C[C@@](F)(CNC(=O)[C@@]3(O)CCSC3)C2)cn1,"3-(6-(dimethylamino)pyridin-3-yl)-N-((1S,3s)-3-fluoro-3-(((3S)-3-hydroxythiolane-3-carboxamido)methyl)cyclobutyl)propanamide",,CN(C)c1ccc(CCC(=O)N[C@H]2C[C@@](F)(CNC(=O)[C@@]3(O)CCSC3)C2)cn1,
50970,C[C@@H](C(=O)N[C@H]1[C@@H]2CN(C(=O)c3ccc(C#N)nc3O)C[C@@H]21)N1CCCCC1=O,"(2S)-N-((1R,5S,6S)-3-((2-hydroxy-6-(nitrilomethyl)pyridin-3-yl)carbonyl)-3-azabicyclo[3.1.0]hexan-6-yl)-2-(2-oxopiperidin-1-yl)propanamide",,CC(C(=O)N[C@H]1[C@@H]2CN(C(=O)c3ccc(C#N)[nH]c3=O)C[C@@H]21)N1CCCCC1=O,
51041,O=C(c1sccc1F)N1CCN(C(=O)[C@H]2C[C@](F)(CO)C2)C[C@@H]1C(F)F,"1-((2R)-2-(difluoromethyl)-4-(((1S,3r)-3-fluoro-3-(hydroxymethyl)cyclobutyl)carbonyl)piperazin-1-yl)-1-(3-fluorothiophen-2-yl)methanone",,O=C(C1CC(F)(CO)C1)N1CCN(C(=O)c2sccc2F)[C@@H](C(F)F)C1,
51077,Cc1ccc(-c2nc(CN3C[C@H]4[C@H](NC(=O)CCOC(C)C)[C@H]4C3)co2)cc1,"3-isopropoxy-N-((1R,5S,6S)-3-((2-(4-methylphenyl)oxazol-4-yl)methyl)-3-azabicyclo[3.1.0]hexan-6-yl)propanamide",,Cc1ccc(-c2nc(CN3C[C@@H]4[C@H](C3)[C@H]4NC(=O)CCOC(C)C)co2)cc1,
51082,Cc1cc(C(=O)N2C[C@H]3[C@H](CNC(=O)c4ccc(F)cc4Cl)[C@H]3C2)oc1C,"2-chloro-N-(((1R,5S,6S)-3-((4,5-dimethylfuran-2-yl)carbonyl)-3-azabicyclo[3.1.0]hexan-6-yl)methyl)-4-fluorobenzene-1-carboxamide",,Cc1cc(C(=O)N2C[C@@H]3[C@@H](CNC(=O)c4ccc(F)cc4Cl)[C@@H]3C2)oc1C,
51186,CN(C)[C@H]1[C@@H]2CN(C(=O)[C@H]3[C@@H]4C[C@H]3CN4C(=O)[C@]34CSC[C@H]3C4)C[C@@H]21,"1-((1R,5S,6S)-6-(dimethylamino)-3-azabicyclo[3.1.0]hexan-3-yl)-1-((1S,4R,5R)-2-((oxo)(1R,5S)-3-thiabicyclo[3.1.0]hexan-1-ylmethyl)-2-azabicyclo[2.1.1]hexan-5-yl)methanone",,CN(C)[C@H]1[C@@H]2CN(C(=O)C3[C@H]4C[C@@H]3N(C(=O)[C@]35CSC[C@H]3C5)C4)C[C@@H]21,
51231,COC(=O)C[C@H](C)C(=O)N[C@]1(C)C[C@H](C(=O)N2CCN(C)CC2)C1,"methyl (3S)-3-(((1R,3s)-1-methyl-3-((4-methylpiperazin-1-yl)carbonyl)cyclobutyl)carbamoyl)butanoate",,COC(=O)CC(C)C(=O)NC1(C)CC(C(=O)N2CCN(C)CC2)C1,
51242,Cc1cc(C(=O)N[C@H]2C[C@](C)(NC(=O)c3cnco3)C2)ncc1F,"N-((1R,3r)-3-(5-fluoro-4-methylpyridine-2-carboxamido)-1-methylcyclobutyl)oxazole-5-carboxamide",,Cc1cc(C(=O)N[C@H]2C[C@](C)(NC(=O)c3cnco3)C2)ncc1F,
51264,C[S@@](=O)CCC(=O)N[C@@H]1C[C@@H]2CC[C@H](C1)N2c1nc(-c2ccccc2)ns1,"3-((R)-methylsulfinyl)-N-((1R,3R,5S)-8-(3-phenyl-1-thia-2,4-diazacyclopenta-2,4-dien-5-yl)-8-azabicyclo[3.2.1]octan-3-yl)propanamide",,C[S@@+]([O-])CCC(=O)N[C@H]1C[C@H]2CC[C@@H](C1)N2c1nc(-c2ccccc2)ns1,
51297,C[C@H]1C[C@]1(F)C(=O)N1C[C@H]2[C@H](NC(=O)C3(S(C)(=O)=O)CCCCC3)[C@H]2C1,"N-((1R,5S,6S)-3-(((1R,2S)-1-fluoro-2-methylcyclopropyl)carbonyl)-3-azabicyclo[3.1.0]hexan-6-yl)-1-(methylsulfonyl)cyclohexanecarboxamide",,C[C@H]1C[C@]1(F)C(=O)N1C[C@@H]2[C@H](C1)[C@H]2NC(=O)C1(S(C)(=O)=O)CCCCC1,
51305,COCCSCCNC(=O)CCCC1(NC(=O)[C@@H]2[C@H]3CCCC[C@H]32)CCC1,"4-(1-((1R,6S,7R)-bicyclo[4.1.0]heptane-7-carboxamido)cyclobutyl)-N-(2-((2-methoxyethyl)sulfanyl)ethyl)butanamide",,COCCSCCNC(=O)CCCC1(NC(=O)C2[C@H]3CCCC[C@@H]23)CCC1,
51328,CN(CC(=O)N1CC(C2CCN(C(=O)[C@@H]3[C@@H]4C[C@H]4[C@H]4C[C@H]43)CC2)C1)S(C)(=O)=O,"2-((methyl)(methylsulfonyl)amino)-1-(3-(1-(((1R,2S,4R,5R,6R)-tricyclo[4.1.0.0^{2,4}]heptan-5-yl)carbonyl)piperidin-4-yl)-azetidin-1-yl)ethan-1-one",,CN(CC(=O)N1CC(C2CCN(C(=O)C3[C@@H]4C[C@@H]4[C@@H]4C[C@@H]34)CC2)C1)S(C)(=O)=O,
51340,Cc1cc(C(=O)N2[C@H]3CC[C@@H]2C[C@@H](CNC(=O)[C@H](F)C[C@@H]2CCOC2)C3)co1,"(2R)-2-fluoro-N-(((1R,3S,5S)-8-((5-methylfuran-3-yl)carbonyl)-8-azabicyclo[3.2.1]octan-3-yl)methyl)-3-((3S)-oxolan-3-yl)propanamide",,Cc1cc(C(=O)N2[C@@H]3CC[C@H]2C[C@H](CNC(=O)C(F)C[C@@H]2CCOC2)C3)co1,
51414,CS[C@@H](C)CC(=O)N[C@]1(C)C[C@@H](NC(=O)c2coc(-c3ccccn3)n2)C1,"(3S)-N-((1R,3r)-1-methyl-3-(2-(pyridin-2-yl)oxazole-4-carboxamido)cyclobutyl)-3-(methylsulfanyl)butanamide",,CS[C@@H](C)CC(=O)N[C@]1(C)C[C@@H](NC(=O)c2coc(-c3ccccn3)n2)C1,
51431,C[C@H](Cc1ccc(CNC(=O)CC[C@@H]2CCC(=O)N2)cc1)NC(=O)CS(C)(=O)=O,N-((4-((2R)-2-(2-(methylsulfonyl)acetamido)propyl)phenyl)methyl)-3-((2R)-5-oxopyrrolidin-2-yl)propanamide,CS(=O)(=O)CC(=O)N[C@@H](CC1=CC=C(C=C1)CNC(CC[C@@H]1NC(CC1)=O)=O)C,C[C@H](Cc1ccc(CNC(=O)CC[C@@H]2CCC(=O)N2)cc1)NC(=O)CS(C)(=O)=O,C[C@H](Cc1ccc(CNC(=O)CC[C@H]2CCC(=O)N2)cc1)NC(=O)CS(C)(=O)=O
51460,CC12CCC(C(=O)N3[C@H]4CC[C@@H]3C[C@@H](NC(=O)CC3CCCCC3)C4)(CC1)CC2,"2-cyclohexyl-N-((1R,3S,5S)-8-((4-methylbicyclo[2.2.2]octan-1-yl)carbonyl)-8-azabicyclo[3.2.1]octan-3-yl)acetamide",,CC12CCC(C(=O)N3[C@@H]4CC[C@H]3C[C@H](NC(=O)CC3CCCCC3)C4)(CC1)CC2,
51491,CCOc1ccccc1C(=O)N[C@@H]1C[C@H]2[C@@H](C1)[C@@H]2NC(=O)c1cc(C#N)cs1,"4-cyano-N-((1R,3R,5S,6R)-3-(2-ethoxybenzene-1-carboxamido)bicyclo[3.1.0]hexan-6-yl)thiophene-2-carboxamide",,CCOc1ccccc1C(=O)N[C@H]1C[C@@H]2[C@H](C1)[C@H]2NC(=O)c1cc(C#N)cs1,
51512,CCc1nc(C(=O)N2[C@H]3CC[C@@H]2C[C@H](NC(=O)c2nnc(S)n2C)C3)c(C)o1,"N-((1R,3R,5S)-8-((2-ethyl-5-methyloxazol-4-yl)carbonyl)-8-azabicyclo[3.2.1]octan-3-yl)-4-methyl-5-sulfanyl-4H-1,2,4-triazole-3-carboxamide",,CCc1nc(C(=O)N2[C@@H]3CC[C@H]2C[C@@H](NC(=O)c2n[nH]c(=S)n2C)C3)c(C)o1,
51513,CNC(=O)[C@@H]1[C@H]2CN(c3nc(=NCc4cc(N)ccc4F)[nH]c4c3CSC4)C[C@H]21,"(1R,5S,6R)-3-(3-(((5-amino-2-fluorophenyl)methyl)imino)-8-thia-2,4-diazabicyclo[4.3.0]nona-1(6),4-dien-5-yl)-N-methyl-3-azabicyclo[3.1.0]hexane-6-carboxamide",,CNC(=O)C1[C@H]2CN(c3nc(NCc4cc(N)ccc4F)nc4c3CSC4)C[C@@H]12,
51517,C[C@H](C(=O)N[C@H]1C[C@@H]2CC[C@H](C1)N2C(=O)Cc1cnns1)C(C)(F)F,"(2R)-3,3-difluoro-2-methyl-N-((1R,3S,5S)-8-(1-oxo-2-(1-thia-2,3-diazacyclopenta-2,4-dien-5-yl)ethyl)-8-azabicyclo[3.2.1]octan-3-yl)butanamide",,CC(C(=O)N[C@@H]1C[C@H]2CC[C@@H](C1)N2C(=O)Cc1cnns1)C(C)(F)F,
51619,O=C(/C=C/C(=O)c1ccc(F)c(F)c1)NCCNC(=O)[C@@H]1[C@H]2CCC[C@H]21,"(2E)-N-(2-((1R,5S,6R)-bicyclo[3.1.0]hexane-6-carboxamido)ethyl)-4-(3,4-difluorophenyl)-4-oxobut-2-enamide",,O=C(/C=C/C(=O)c1ccc(F)c(F)c1)NCCNC(=O)C1[C@H]2CCC[C@@H]12,
51684,CC(C)(CNC(=O)C1(CC2CC2)CC1)NC(=O)[C@H]1C[C@H]2[C@@H](C1)C2(F)F,"(1R,3S,5S)-N-(2-((1-(cyclopropylmethyl)cyclopropanecarboxamido)methyl)propan-2-yl)-6,6-difluorobicyclo[3.1.0]hexane-3-carboxamide",,CC(C)(CNC(=O)C1(CC2CC2)CC1)NC(=O)C1C[C@@H]2[C@H](C1)C2(F)F,
51727,CC(=CC1CC1)C(=O)N1[C@H]2CC[C@@H]1C[C@@H](CNC(=O)Cc1cccn1C)C2,"N-(((1R,3S,5S)-8-(3-cyclopropyl-2-methyl-1-oxoprop-2-en-1-yl)-8-azabicyclo[3.2.1]octan-3-yl)methyl)-2-(1-methyl-1H-pyrrol-2-yl)acetamide",,CC(=CC1CC1)C(=O)N1[C@@H]2CC[C@H]1C[C@H](CNC(=O)Cc1cccn1C)C2,
51836,CCCOCCC(=O)NC[C@H]1[C@@H]2CN(C(=O)CC3C4CC5CC(C4)CC3C5)C[C@H]12,"N-(((1R,5S,6S)-3-(2-(adamantan-2-yl)-acetyl)-3-azabicyclo[3.1.0]hexan-6-yl)methyl)-3-propoxypropanamide",,CCCOCCC(=O)NC[C@@H]1[C@H]2CN(C(=O)CC3C4CC5CC(C4)CC3C5)C[C@@H]12,
51883,N#Cc1ccc(C(=O)N2CC[C@H](F)C[C@@H]2C(=O)N[C@@H](C2CCC2)C2CC2)cc1,"(2R,4S)-N-((1S)-(cyclobutyl)(cyclopropyl)methyl)-4-fluoro-1-((4-(nitrilomethyl)phenyl)carbonyl)piperidine-2-carboxamide",C1(CCC1)[C@@H](NC(=O)[C@@H]1N(CC[C@@H](C1)F)C(=O)C1=CC=C(C=C1)C#N)C1CC1,N#Cc1ccc(C(=O)N2CC[C@H](F)CC2C(=O)N[C@@H](C2CCC2)C2CC2)cc1,N#Cc1ccc(C(=O)N2CC[C@H](F)CC2C(=O)N[C@H](C2CCC2)C2CC2)cc1
51961,CC1(C)C[C@@H](NC(=O)c2ccnn2[C@H]2CC2(F)F)CN1C(=O)[C@H]1C[C@@](F)(CO)C1,"1-((1S)-2,2-difluorocyclopropyl)-N-((3R)-1-(((1S,3s)-3-fluoro-3-(hydroxymethyl)cyclobutyl)carbonyl)-5,5-dimethylpyrrolidin-3-yl)-1H-pyrazole-5-carboxamide",,CC1(C)C[C@@H](NC(=O)c2ccnn2[C@H]2CC2(F)F)CN1C(=O)C1CC(F)(CO)C1,
51978,C[C@]1(O)C[C@@H](C(=O)N2CC[C@H]3CCCN(C(=O)C4CCOCC4)[C@@H]3C2)C1,"1-((1R,3s)-3-hydroxy-3-methylcyclobutyl)-1-((1S,6R)-2-((oxan-4-yl)carbonyl)-2,9-diazabicyclo[4.4.0]decan-9-yl)methanone",,CC1(O)CC(C(=O)N2CC[C@H]3CCCN(C(=O)C4CCOCC4)[C@@H]3C2)C1,
52069,O=S1(=O)CC[C@H](N=c2ccnc(NC[C@H]3[C@@H]4COC[C@H]34)[nH]2)CC12CCOCC2,"4-(((4S)-1,1-dioxo-9-oxa-1lambda^6-thiaspiro[5.5]undecan-4-yl)imino)-N-(((1R,5S,6S)-3-oxabicyclo[3.1.0]hexan-6-yl)methyl)-1,3-diazacyclohexa-1,5-dien-2-amine",,O=S1(=O)CC[C@H](Nc2ccnc(NC[C@@H]3[C@H]4COC[C@@H]34)n2)CC12CCOCC2,
52134,CC[C@@](C)(O)C(=O)NC[C@]1(F)C[C@H](NC(=O)CCCc2ccc(C3CC3)cc2)C1,"(2R)-N-(((1S,3s)-3-(4-(4-cyclopropylphenyl)butanamido)-1-fluorocyclobutyl)methyl)-2-hydroxy-2-methylbutanamide",,CC[C@@](C)(O)C(=O)NC[C@]1(F)C[C@H](NC(=O)CCCc2ccc(C3CC3)cc2)C1,
52365,Cc1nccc(C(=O)N(C)CCCCN(C)C(=O)C2=C[C@@H]3CCCCC[C@@H]23)c1N,"3-amino-2,N-dimethyl-N-(4-(N-methyl(1R,7R)-bicyclo[5.2.0]non-8-ene-8-carboxamido)butyl)pyridine-4-carboxamide",NC=1C(=NC=CC1C(=O)N(CCCCN(C(=O)C=1[C@@H]2CCCCC[C@@H]2C1)C)C)C,Cc1nccc(C(=O)N(C)CCCCN(C)C(=O)C2=C[C@@H]3CCCCC[C@@H]23)c1N,Cc1nccc(C(=O)N(C)CCCCN(C)C(=O)C2=C[C@H]3CCCCC[C@@H]23)c1N
52392,C[C@H]1CC[C@@H](C(=O)N[C@]2(C)C[C@H](C(=O)N3CC(c4ccon4)C3)C2)C1,"(1R,3S)-N-((1R,3s)-3-((3-(isoxazol-3-yl)-azetidin-1-yl)carbonyl)-1-methylcyclobutyl)-3-methylcyclopentanecarboxamide",,C[C@H]1CCC(C(=O)NC2(C)CC(C(=O)N3CC(c4ccon4)C3)C2)C1,
52434,Cc1cc(C(=O)N2C[C@@H]3C[C@H](NC(=O)[C@@H](C)N4CCC4)C[C@@H](C3)C2)c(F)cc1N,"(2R)-N-((1R,5S,7S)-3-((4-amino-2-fluoro-5-methylphenyl)carbonyl)-3-azabicyclo[3.3.1]nonan-7-yl)-2-(azetidin-1-yl)propanamide",,Cc1cc(C(=O)N2C[C@@H]3C[C@@H](C[C@H](NC(=O)C(C)N4CCC4)C3)C2)c(F)cc1N,
52485,N#C[C@@]1(C(=O)N2C[C@@H]3C[C@H](NC(=O)CCC4CCCCC4)[C@H]2C3)C[C@@H]2C[C@@H]2C1,"3-cyclohexyl-N-((1R,4R,6S)-2-(((1R,3R,5S)-3-(nitrilomethyl)bicyclo[3.1.0]hexan-3-yl)carbonyl)-2-azabicyclo[2.2.1]heptan-6-yl)propanamide",,N#C[C@]1(C(=O)N2C[C@@H]3C[C@H](NC(=O)CCC4CCCCC4)[C@H]2C3)C[C@H]2C[C@H]2C1,
52622,Cc1nc(C(C)(C)C)c(C(=O)NC[C@H]2[C@@H]3CN(C(=O)[C@@H](C)C(F)(F)F)C[C@H]23)s1,"4-(tert-butyl)-2-methyl-N-(((1R,5S,6S)-3-((2R)-1-oxo-2-(trifluoromethyl)propyl)-3-azabicyclo[3.1.0]hexan-6-yl)methyl)thiazole-5-carboxamide",,Cc1nc(C(C)(C)C)c(C(=O)NC[C@@H]2[C@H]3CN(C(=O)C(C)C(F)(F)F)C[C@@H]23)s1,
52711,Cc1cc(N2C[C@H]3[C@H](NC(=O)[C@H]4CCCCS4)[C@H]3C2)nc(C2CCC2)n1,"(2R)-N-((1R,5S,6S)-3-(2-cyclobutyl-6-methylpyrimidin-4-yl)-3-azabicyclo[3.1.0]hexan-6-yl)thiane-2-carboxamide",,Cc1cc(N2C[C@@H]3[C@H](C2)[C@H]3NC(=O)C2CCCCS2)nc(C2CCC2)n1,
52809,O=C([C@H]1CCS(=O)(=O)C1)N1CC[C@@]2(C1)c1[nH]cnc1CCN2C(=O)c1ncc[nH]1,"1-((3R)-1'-(1H-imidazol-2-yl)-1-((2R)-3,7,9-triazaspiro[pyrrolidine-3,2'-bicyclo[4.3.0]nona-1(6),7-dien-3-yl)methanone]-1-yl)-1-((3R)-1,1-dioxothiolan-3-yl)methanone",,O=C(C1CCS(=O)(=O)C1)N1CC[C@@]2(C1)c1[nH]cnc1CCN2C(=O)c1ncc[nH]1,
52941,CC(=O)OCCNC(=O)[C@@H]1[C@H]2CN(C(=O)CN3CCN(C)CC3)C[C@H]21,"2-((1R,5S,6R)-3-(2-(4-methylpiperazin-1-yl)-acetyl)-3-azabicyclo[3.1.0]hexane-6-carboxamido)ethyl acetate",,CC(=O)OCCNC(=O)C1[C@H]2CN(C(=O)CN3CCN(C)CC3)C[C@@H]12,
52946,CCC1CN(CC(=O)N2[C@H]3CC[C@@H]2C[C@@H](NC(=O)c2onc(C)c2C)C3)C1,"N-((1R,3S,5S)-8-(2-(3-ethyl-azetidin-1-yl)-acetyl)-8-azabicyclo[3.2.1]octan-3-yl)-3,4-dimethylisoxazole-5-carboxamide",,CCC1CN(CC(=O)N2[C@@H]3CC[C@H]2C[C@H](NC(=O)c2onc(C)c2C)C3)C1,
52952,COC[C@H](C(=O)N[C@]1(C)C[C@H](NC(=O)[C@H]2COCCN2C2CCCC2)C1)N(C)C,"(2R)-N-((1S,3r)-3-((3R)-4-cyclopentylmorpholine-3-carboxamido)-1-methylcyclobutyl)-2-(dimethylamino)-3-methoxypropanamide",,COCC(C(=O)N[C@]1(C)C[C@H](NC(=O)C2COCCN2C2CCCC2)C1)N(C)C,
52959,C[C@H](CC(=O)N1C[C@@]2(CNC(=O)C3=C[C@@H]4CCC[C@H]34)C[C@H]1CO2)n1cccn1,"(1R,5S)-N-(((1S,4S)-5-((3R)-1-oxo-3-(1H-pyrazol-1-yl)butyl)-2-oxa-5-azabicyclo[2.2.1]heptan-1-yl)methyl)bicyclo[3.2.0]hept-6-ene-6-carboxamide",O=C(C[C@@H](C)N1N=CC=C1)N1[C@@H]2CO[C@@](C1)(C2)CNC(=O)C=2[C@H]1CCC[C@@H]1C2,C[C@H](CC(=O)N1C[C@@]2(CNC(=O)C3=C[C@@H]4CCC[C@H]34)C[C@H]1CO2)n1cccn1,C[C@H](CC(=O)N1C[C@@]2(CNC(=O)C3=C[C@H]4CCC[C@H]34)C[C@H]1CO2)n1cccn1
52995,C#CC(C)(C)C(=O)N1CC[C@](C)(NC(=O)[C@@H]2[C@H]3COC(C)(C)OC[C@H]32)C1,"(1R,7S,8R)-N-((3S)-1-(2,2-dimethyl-1-oxobut-3-yn-1-yl)-3-methylpyrrolidin-3-yl)-4,4-dimethyl-3,5-dioxabicyclo[5.1.0]octane-8-carboxamide",,C#CC(C)(C)C(=O)N1CC[C@](C)(NC(=O)C2[C@H]3COC(C)(C)OC[C@@H]23)C1,
52997,O=C(CCc1cnco1)NC[C@@]1(O)CCN(C(=O)[C@@H]2C[C@@H]3C[C@@H]3C2)C1,"N-(((3S)-1-(((1R,3R,5S)-bicyclo[3.1.0]hexan-3-yl)carbonyl)-3-hydroxypyrrolidin-3-yl)methyl)-3-(oxazol-5-yl)propanamide",,O=C(CCc1cnco1)NC[C@@]1(O)CCN(C(=O)C2C[C@@H]3C[C@@H]3C2)C1,
53136,COC(=O)[C@@H]1CCCC[C@@H]1C(=O)N[C@H]1C[C@@](F)(CNC(=O)C(F)(F)C2CC2)C1,"methyl (1R,2S)-2-(((1S,3s)-3-((2-cyclopropyl-2,2-difluoroacetamido)methyl)-3-fluorocyclobutyl)carbamoyl)cyclohexanecarboxylate",,COC(=O)C1CCCCC1C(=O)N[C@H]1C[C@@](F)(CNC(=O)C(F)(F)C2CC2)C1,
53167,N#CC1=C(C(=O)N2CCC[C@@]3(CCCN3C(=O)Cc3ccsc3Cl)C2)CCC1,"2-(((5R)-1-(2-(2-chlorothiophen-3-yl)-acetyl)-1,7-diazaspiro[4.5]decan-7-yl)carbonyl)cyclopent-1-ene-1-carbonitrile",ClC=1SC=CC1CC(=O)N1CCC[C@@]12CN(CCC2)C(=O)C2=C(CCC2)C#N,N#CC1=C(C(=O)N2CCC[C@@]3(CCCN3C(=O)Cc3ccsc3Cl)C2)CCC1,N#CC1=C(C(=O)N2CCC[C@]3(CCCN3C(=O)Cc3ccsc3Cl)C2)CCC1
53171,O=C(COC1CC=CC1)N[C@H]1C[C@](F)(CNC(=O)[C@@H]2CCCC(F)(F)CC2)C1,"2-((cyclopent-3-en-1-yl)oxy)-N-((1R,3s)-3-(((1R)-4,4-difluorocycloheptanecarboxamido)methyl)-3-fluorocyclobutyl)acetamide",,O=C(COC1CC=CC1)N[C@H]1C[C@](F)(CNC(=O)C2CCCC(F)(F)CC2)C1,
53205,C[C@@H]1[C@H](C(=O)N2CCC[C@H]2C2(NC(=O)[C@@]34CCC[C@@H](C3)OC4)CC2)[C@@H]1C,"(1S,5S)-N-(1-((2S)-1-(((1S,2R,3S)-2,3-dimethylcyclopropyl)carbonyl)pyrrolidin-2-yl)cyclopropyl)-6-oxabicyclo[3.2.1]octane-1-carboxamide",,C[C@@H]1C(C(=O)N2CCC[C@H]2C2(NC(=O)[C@@]34CCC[C@@H](C3)OC4)CC2)[C@@H]1C,
53275,CN(C)CC(=O)N1CCN(CCCCCNC(=O)[C@@H]2C[C@H]3CCC[C@H](C3)C2)CC1,"(1R,3R,5S)-N-(5-(4-(2-(dimethylamino)-acetyl)piperazin-1-yl)pentyl)bicyclo[3.3.1]nonane-3-carboxamide",,CN(C)CC(=O)N1CCN(CCCCCNC(=O)C2C[C@H]3CCC[C@@H](C2)C3)CC1,
53322,O=C(NCC(=O)N1CCN(C(=O)c2ccnc3ncsc23)CC1)[C@H]1C[C@@H]2C[C@@H]2C1,"(1R,3S,5S)-N-(2-oxo-2-(4-((7-thia-2,9-diazabicyclo[4.3.0]nona-1,3,5,8-tetraen-5-yl)carbonyl)piperazin-1-yl)ethyl)bicyclo[3.1.0]hexane-3-carboxamide",,O=C(NCC(=O)N1CCN(C(=O)c2ccnc3ncsc23)CC1)C1C[C@@H]2C[C@@H]2C1,
53357,COc1cc(C(=O)N[C@H]2C[C@](F)(CNC(=O)c3ccccc3SC)C2)[nH]n1,"N-((1R,3s)-3-fluoro-3-((2-(methylsulfanyl)benzamido)methyl)cyclobutyl)-3-methoxy-1H-pyrazole-5-carboxamide",,COc1cc(C(=O)N[C@H]2C[C@](F)(CNC(=O)c3ccccc3SC)C2)[nH]n1,
53368,COc1ccc(C(=O)N2C[C@H]3[C@H](NC(=O)[C@H](C)c4ccc(F)cc4)[C@H]3C2)c(Cl)n1,"(2R)-N-((1R,5S,6S)-3-((2-chloro-6-methoxypyridin-3-yl)carbonyl)-3-azabicyclo[3.1.0]hexan-6-yl)-2-(4-fluorophenyl)propanamide",,COc1ccc(C(=O)N2C[C@@H]3[C@H](C2)[C@H]3NC(=O)C(C)c2ccc(F)cc2)c(Cl)n1,
53404,O=C(CCc1ccccc1F)N[C@H]1[C@@H]2CN(C(=O)[C@H]3CC(F)(F)C34CCC4)C[C@@H]21,"N-((1R,5S,6S)-3-(((1S)-3,3-difluorospiro[3.3]heptan-1-yl)carbonyl)-3-azabicyclo[3.1.0]hexan-6-yl)-3-(2-fluorophenyl)propanamide",,O=C(CCc1ccccc1F)N[C@H]1[C@@H]2CN(C(=O)C3CC(F)(F)C34CCC4)C[C@@H]21,
53406,COC(OC)C(=O)NC[C@]1(F)C[C@H](NC(=O)[C@H](C)NC(=O)Nc2ccccc2)C1,"(2S)-N-((1R,3r)-3-((2,2-dimethoxyacetamido)methyl)-3-fluorocyclobutyl)-2-(phenylcarbamoylamino)propanamide",,COC(OC)C(=O)NC[C@]1(F)C[C@H](NC(=O)C(C)NC(=O)Nc2ccccc2)C1,
53413,COc1ncc(Br)c(N2[C@H]3CC[C@@H]2C[C@H](NC(=O)[C@@H]2CCC[C@@H]2S(C)(=O)=O)C3)n1,"(1S,2S)-N-((1R,3R,5S)-8-(5-bromo-2-methoxypyrimidin-4-yl)-8-azabicyclo[3.2.1]octan-3-yl)-2-(methylsulfonyl)cyclopentanecarboxamide",,COc1ncc(Br)c(N2[C@@H]3CC[C@H]2C[C@@H](NC(=O)C2CCC[C@@H]2S(C)(=O)=O)C3)n1,
53445,C=CC=CCC(=O)N1[C@H]2CC[C@@H]1C[C@H](CNC(=O)[C@H](C)N1[C@H](C)CC[C@H]1C)C2,"(2S)-2-((2R,5R)-2,5-dimethylpyrrolidin-1-yl)-N-(((1R,3R,5S)-8-(1-oxohexa-3,5-dien-1-yl)-8-azabicyclo[3.2.1]octan-3-yl)methyl)propanamide",,CC=CC=CC(=O)N1[C@@H]2CC[C@H]1C[C@@H](CNC(=O)C(C)N1[C@H](C)CC[C@H]1C)C2,
53465,Cc1nccc(C(=O)N2CCC(C)(NC(=O)C3=C[C@H]4CCC=CCC[C@H]34)CC2)n1,"(1S,8S)-N-(4-methyl-1-((2-methylpyrimidin-4-yl)carbonyl)piperidin-4-yl)bicyclo[6.2.0]deca-4,9-diene-9-carboxamide",CC1(CCN(CC1)C(=O)C1=NC(=NC=C1)C)NC(=O)C=1[C@H]2CCC=CCC[C@H]2C1,Cc1nccc(C(=O)N2CCC(C)(NC(=O)C3=C[C@H]4CCC=CCC[C@H]34)CC2)n1,Cc1nccc(C(=O)N2CCC(C)(NC(=O)C3=C[C@@H]4CCC=CCC[C@H]34)CC2)n1
53540,Cc1ncsc1C=CC(=O)NC[C@]1(F)C[C@H](CNC(=O)c2cnn(C)n2)C1,"N-(((1S,3s)-1-fluoro-3-((2-methyl-2H-1,2,3-triazole-4-carboxamido)methyl)cyclobutyl)methyl)-3-(4-methylthiazol-5-yl)prop-2-enamide",,Cc1ncsc1C=CC(=O)NC[C@]1(F)C[C@H](CNC(=O)c2cnn(C)n2)C1,
53546,CCCC[C@H](C)CCC(=O)NC[C@H]1C[C@@](F)(CNC(=O)[C@](C)(F)c2ccon2)C1,"(4S)-N-(((1S,3s)-3-fluoro-3-(((2R)-2-fluoro-2-(isoxazol-3-yl)propanamido)methyl)cyclobutyl)methyl)-4-methyloctanamide",,CCCC[C@H](C)CCC(=O)NC[C@H]1C[C@@](F)(CNC(=O)[C@](C)(F)c2ccon2)C1,
53719,CC[C@@H](C)[C@@H](O)C(=O)NC[C@H]1C[C@](F)(CNC(=O)CN(CC)C2CC2)C1,"(2R,3R)-N-(((1S,3r)-3-((2-((cyclopropyl)(ethyl)amino)acetamido)methyl)-3-fluorocyclobutyl)methyl)-2-hydroxy-3-methylpentanamide",,CCC(C)C(O)C(=O)NC[C@H]1C[C@](F)(CNC(=O)CN(CC)C2CC2)C1,
53819,C=CC(=O)N1CC[C@@](CNC(=O)[C@@H]2[C@H]3CCCCCC[C@H]32)(C2CC2)C1,"(1R,8S,9R)-N-(((3S)-3-cyclopropyl-1-(1-oxoprop-2-en-1-yl)pyrrolidin-3-yl)methyl)bicyclo[6.1.0]nonane-9-carboxamide",,C=CC(=O)N1CC[C@@](CNC(=O)C2[C@H]3CCCCCC[C@@H]23)(C2CC2)C1,
53849,Cn1cc(C(=O)NCC[C@@H]2CC(F)(F)CN2C(=O)[C@@H]2C[C@@H]3OC(=O)O[C@@H]3C2)nn1,"N-(2-((2R)-4,4-difluoro-1-(((1R,5S,7R)-3-oxo-2,4-dioxabicyclo[3.3.0]octan-7-yl)carbonyl)pyrrolidin-2-yl)ethyl)-1-methyl-1H-1,2,3-triazole-4-carboxamide",,Cn1cc(C(=O)NCC[C@@H]2CC(F)(F)CN2C(=O)C2C[C@@H]3OC(=O)O[C@@H]3C2)nn1,
53885,O=C(CC[C@@H]1C[C@H]1CC1CC1)NC[C@@H](O)CNC(=O)c1cc2n(n1)CCO2,"3-((1R,2R)-2-(cyclopropylmethyl)cyclopropyl)-N-((2R)-2-hydroxy-3-(2-oxa-5,6-diazabicyclo[3.3.0]octa-1(8),6-diene-7-carboxamido)propyl)propanamide",C1(CC1)C[C@@H]1[C@@H](C1)CCC(=O)NC[C@H](CNC(=O)C1=NN2CCOC2=C1)O,O=C(CC[C@@H]1C[C@H]1CC1CC1)NC[C@@H](O)CNC(=O)c1cc2n(n1)CCO2,O=C(CC[C@@H]1C[C@@H]1CC1CC1)NC[C@@H](O)CNC(=O)c1cc2n(n1)CCO2
53982,CC(C)Nc1ccc(CN=c2[nH]c(=N)[nH]c(=N[C@H]3C[C@@H]4CCC[C@@H]4C3)[nH]2)cc1,"4-(((4-(((1R,3S,5S)-bicyclo[3.3.0]octan-3-yl)imino)-6-imino-1,3,5-triazacyclohexan-2-ylidene)amino)methyl)-N-(propan-2-yl)benzen-1-amine",,CC(C)Nc1ccc(CNc2nc(N)nc(N[C@@H]3C[C@H]4CCC[C@H]4C3)n2)cc1,
53993,CC[C@H](NC(=O)C[C@H]1[C@@H]2CN(C(=O)CCN(C)C)C[C@H]12)C1CCOCC1,"2-((1R,5S,6S)-3-(3-(dimethylamino)-propionyl)-3-azabicyclo[3.1.0]hexan-6-yl)-N-((1S)-1-(oxan-4-yl)propyl)acetamide",,CC[C@H](NC(=O)C[C@@H]1[C@H]2CN(C(=O)CCN(C)C)C[C@@H]12)C1CCOCC1,
53998,C[C@]1(C(=O)N2CC(N3CCN(C(=O)C4=C[C@@H]5CCC[C@H]45)CC3)C2)C[C@H]1Br,"1-(3-(4-(((1R,5S)-bicyclo[3.2.0]hept-6-en-6-yl)carbonyl)piperazin-1-yl)-azetidin-1-yl)-1-((1R,2R)-2-bromo-1-methylcyclopropyl)methanone",[C@@H]12CCC[C@@H]2C(=C1)C(=O)N1CCN(CC1)C1CN(C1)C(=O)[C@@]1([C@@H](C1)Br)C,C[C@]1(C(=O)N2CC(N3CCN(C(=O)C4=C[C@@H]5CCC[C@H]45)CC3)C2)C[C@H]1Br,C[C@]1(C(=O)N2CC(N3CCN(C(=O)C4=C[C@H]5CCC[C@H]45)CC3)C2)C[C@H]1Br
54019,CC1(C)CCC(C(=O)N[C@H]2[C@@H](C(=O)N[C@H]3C[C@H](O)[C@H](O)C3)C2(C)C)CC1,"N-((1S,2S)-2-(((1S,3R,4S)-3,4-dihydroxycyclopentyl)carbamoyl)-3,3-dimethylcyclopropyl)-4,4-dimethylcyclohexanecarboxamide",,CC1(C)CCC(C(=O)N[C@H]2C(C(=O)N[C@@H]3C[C@@H](O)[C@@H](O)C3)C2(C)C)CC1,
54083,Cn1cncc1CCC(=O)NC[C@@H]1CCN(C(=O)[C@@]2(C#N)C[C@@H]3C[C@@H]3C2)C1,"3-(1-methyl-1H-imidazol-5-yl)-N-(((3S)-1-(((1R,3S,5S)-3-(nitrilomethyl)bicyclo[3.1.0]hexan-3-yl)carbonyl)pyrrolidin-3-yl)methyl)propanamide",,Cn1cncc1CCC(=O)NC[C@@H]1CCN(C(=O)[C@]2(C#N)C[C@H]3C[C@H]3C2)C1,
54108,Cc1cc(C(=O)N2[C@H]3CC[C@H]2CC(CCNC(=O)[C@H]2C[C@@H]4CC[C@@H]4C2)C3)c(C)s1,"(1R,3S,5S)-N-(2-((1S,5S)-8-((2,5-dimethylthiophen-3-yl)carbonyl)-8-azabicyclo[3.2.1]octan-3-yl)ethyl)bicyclo[3.2.0]heptane-3-carboxamide",,Cc1cc(C(=O)N2[C@H]3CC[C@H]2CC(CCNC(=O)C2C[C@H]4CC[C@H]4C2)C3)c(C)s1,
54173,O=C(NC[C@H]1[C@@H]2CN(C(=O)c3cc(F)c(Cl)cc3Cl)C[C@H]12)C1C[C@@H]2C[C@H]2C1,"(1S,5S)-N-(((1R,5S,6S)-3-((2,4-dichloro-5-fluorophenyl)carbonyl)-3-azabicyclo[3.1.0]hexan-6-yl)methyl)bicyclo[3.1.0]hexane-3-carboxamide",,O=C(NC[C@@H]1[C@H]2CN(C(=O)c3cc(F)c(Cl)cc3Cl)C[C@@H]12)C1C[C@@H]2C[C@H]2C1,
54230,CCN(C(=O)CC1C[C@@H]2C[C@H]2C1)[C@@H]1CCN(C(=O)C(=O)c2ccccc2)C1,"2-((1R,5R)-bicyclo[3.1.0]hexan-3-yl)-N-((3R)-1-(1,2-dioxo-2-phenylethyl)pyrrolidin-3-yl)-N-ethylacetamide",[C@H]12CC(C[C@H]2C1)CC(=O)N(CC)[C@H]1CN(CC1)C(C(C1=CC=CC=C1)=O)=O,CCN(C(=O)CC1C[C@@H]2C[C@H]2C1)[C@@H]1CCN(C(=O)C(=O)c2ccccc2)C1,CCN(C(=O)CC1C[C@H]2C[C@@H]2C1)[C@@H]1CCN(C(=O)C(=O)c2ccccc2)C1
54232,CCC1CC(CC(=O)N2[C@H]3CC[C@@H]2C[C@H](NC(=O)C=CC=C(Cl)Cl)C3)C1,"5,5-dichloro-N-((1R,3R,5S)-8-(2-(3-ethylcyclobutyl)-acetyl)-8-azabicyclo[3.2.1]octan-3-yl)penta-2,4-dienamide",,CCC1CC(CC(=O)N2[C@@H]3CC[C@H]2C[C@@H](NC(=O)C=CC=C(Cl)Cl)C3)C1,
54282,CC(C)(CO)C(=O)NC[C@H]1C[C@@H]2CC[C@H](C1)N2C(=O)[C@@]1(F)CCOC1,"N-(((1R,3S,5S)-8-(((3R)-3-fluorooxolan-3-yl)carbonyl)-8-azabicyclo[3.2.1]octan-3-yl)methyl)-2-(hydroxymethyl)-2-methylpropanamide",,CC(C)(CO)C(=O)NC[C@@H]1C[C@H]2CC[C@@H](C1)N2C(=O)[C@@]1(F)CCOC1,
54299,O=C(N[C@H]1[C@@H]2CN(C(=O)c3csc4nnsc34)C[C@@H]21)c1c[nH]c(C(F)(F)F)c1,"N-((1R,5S,6S)-3-((2,6-dithia-3,4-diazabicyclo[3.3.0]octa-1(5),3,7-trien-8-yl)carbonyl)-3-azabicyclo[3.1.0]hexan-6-yl)-5-(trifluoromethyl)-1H-pyrrole-3-carboxamide",,O=C(N[C@H]1[C@@H]2CN(C(=O)c3csc4nnsc34)C[C@@H]21)c1c[nH]c(C(F)(F)F)c1,
54402,CCCC[C@@H](NC(=O)[C@]1(NC(=O)[C@H](CC)SC)C[C@@H](O)C1)C(=O)NC,3-hydroxy-N-((2R)-1-(methylamino)-1-oxohexan-2-yl)-1-((2S)-2-(methylsulfanyl)butanamido)cyclobutanecarboxamide,OC1CC(C1)(C(=O)N[C@@H](C(=O)NC)CCCC)NC([C@H](CC)SC)=O,CCCCC(NC(=O)[C@]1(NC(=O)C(CC)SC)C[C@@H](O)C1)C(=O)NC,CCCCC(NC(=O)C1(NC(=O)C(CC)SC)CC(O)C1)C(=O)NC
54416,Cc1cc(S(=O)(=O)N2C[C@@H]3CC[C@H](C2)[C@H]3NC(=O)C(C)(C)Br)c(F)cc1Cl,"2-bromo-N-((1R,5S,8S)-3-(4-chloro-2-fluoro-5-methylphenylsulfonyl)-3-azabicyclo[3.2.1]octan-8-yl)-2-methylpropanamide",,Cc1cc(S(=O)(=O)N2C[C@H]3CC[C@@H](C2)[C@@H]3NC(=O)C(C)(C)Br)c(F)cc1Cl,
54422,C[C@]1(NC(=O)Cc2nc(F)c(F)cc2F)C[C@@H](NC(=O)c2ncc(C(F)F)s2)C1,"N-((1S,3r)-3-(5-(difluoromethyl)thiazole-2-carboxamido)-1-methylcyclobutyl)-2-(3,5,6-trifluoropyridin-2-yl)acetamide",,C[C@]1(NC(=O)Cc2nc(F)c(F)cc2F)C[C@@H](NC(=O)c2ncc(C(F)F)s2)C1,
54431,CCn1cc(NC(=O)[C@]2(SC)C[C@H](NC(=O)OC(C)(C)C)C2)c(OC)n1,"tert-butyl (((1R,3r)-3-((1-ethyl-3-methoxy-1H-pyrazol-4-yl)carbamoyl)-3-(methylsulfanyl)cyclobutyl)amino)formate",,CCn1cc(NC(=O)[C@]2(SC)C[C@H](NC(=O)OC(C)(C)C)C2)c(OC)n1,
54459,O=C(C[C@H]1C=CCCC1)NC12CC(C(=O)N3[C@H]4CC[C@@H]3C[C@H](CO)C4)(C1)C2,"2-((1S)-cyclohex-2-en-1-yl)-N-(3-(((1R,3R,5S)-3-(hydroxymethyl)-8-azabicyclo[3.2.1]octan-8-yl)carbonyl)bicyclo[1.1.1]pentan-1-yl)acetamide",,O=C(C[C@H]1C=CCCC1)NC12CC(C(=O)N3[C@@H]4CC[C@H]3C[C@@H](CO)C4)(C1)C2,
54509,C=C[C@H](C1CC1)N(C)C(=O)[C@@H]1CN(C(=O)[C@H](OC)C2CCC2)C[C@H]1F,"(3S,4S)-1-((2R)-2-cyclobutyl-2-methoxy-acetyl)-N-((1S)-1-cyclopropylprop-2-en-1-yl)-4-fluoro-N-methylpyrrolidine-3-carboxamide",C1(CCC1)[C@H](C(=O)N1C[C@H]([C@@H](C1)F)C(=O)N(C)[C@@H](C=C)C1CC1)OC,C=C[C@H](C1CC1)N(C)C(=O)C1CN(C(=O)C(OC)C2CCC2)C[C@H]1F,C=C[C@@H](C1CC1)N(C)C(=O)C1CN(C(=O)C(OC)C2CCC2)C[C@H]1F
54510,Cc1csc(C(=O)N2[C@H]3CC[C@@H]2C[C@](O)(CNC(=O)[C@H]2CC=CCC2)C3)c1Cl,"(1R)-N-(((1R,3S,5S)-8-((3-chloro-4-methylthiophen-2-yl)carbonyl)-3-hydroxy-8-azabicyclo[3.2.1]octan-3-yl)methyl)cyclohex-3-ene-1-carboxamide",,Cc1csc(C(=O)N2[C@@H]3CC[C@H]2C[C@@](O)(CNC(=O)C2CC=CCC2)C3)c1Cl,
54551,COC(=O)[C@H]1N(C(=O)C[C@H]2[C@@H]3CN(C(=O)c4cc(CCO)on4)C[C@H]23)CC1(C)C,"methyl (2S)-1-(2-((1R,5S,6S)-3-((5-(2-hydroxyethyl)isoxazol-3-yl)carbonyl)-3-azabicyclo[3.1.0]hexan-6-yl)-acetyl)-3,3-dimethylazetidine-2-carboxylate",,COC(=O)C1N(C(=O)C[C@@H]2[C@H]3CN(C(=O)c4cc(CCO)on4)C[C@@H]23)CC1(C)C,
54571,CC(=O)OC(C)(C)C(=O)N1C[C@H]2[C@H](CC(=O)N[C@H]3CO[C@@H](C(F)F)C3)[C@H]2C1,"2-(((1R,5S,6S)-6-(2-(((3R,5R)-5-(difluoromethyl)oxolan-3-yl)amino)-2-oxoethyl)-3-azabicyclo[3.1.0]hexan-3-yl)carbonyl)propan-2-yl acetate",,CC(=O)OC(C)(C)C(=O)N1C[C@@H]2[C@@H](CC(=O)N[C@H]3CO[C@@H](C(F)F)C3)[C@@H]2C1,
54589,C#C[C@H]1CCC[C@H]1NC(=O)[C@@H](C)NC(=O)[C@@H]1[C@H]2CN(C)C[C@H]21,"(2R)-N-((1R,2R)-2-(ethynyl)cyclopentyl)-2-((1R,5S,6R)-3-methyl-3-azabicyclo[3.1.0]hexane-6-carboxamido)propanamide",,C#C[C@H]1CCC[C@H]1NC(=O)C(C)NC(=O)C1[C@H]2CN(C)C[C@@H]12,
54701,CC(=Cc1ccccn1)C(=O)N[C@H]1C[C@@](F)(CNC(=O)CS(=O)(=O)CC(C)C)C1,"N-((1S,3s)-3-fluoro-3-((2-(2-methylpropylsulfonyl)acetamido)methyl)cyclobutyl)-2-methyl-3-(pyridin-2-yl)prop-2-enamide",,CC(=Cc1ccccn1)C(=O)N[C@H]1C[C@@](F)(CNC(=O)CS(=O)(=O)CC(C)C)C1,
54753,C[C@]1(C(=O)N[C@@H]2[C@@H](O)C[C@H]2O)CCCN1C(=O)CSC1CC1,"(2R)-1-(2-(cyclopropylsulfanyl)-acetyl)-N-((1R,2R,4S)-2,4-dihydroxycyclobutyl)-2-methylpyrrolidine-2-carboxamide",,C[C@]1(C(=O)N[C@H]2[C@H](O)C[C@@H]2O)CCCN1C(=O)CSC1CC1,
54776,Cc1cccc(NC(=O)C(=O)NC[C@@]2(C)CCCN2C(=O)[C@H]2C[C@](F)(CO)C2)c1,"N'-(((2R)-1-(((1S,3r)-3-fluoro-3-(hydroxymethyl)cyclobutyl)carbonyl)-2-methylpyrrolidin-2-yl)methyl)-N-(3-methylphenyl)ethanediamide",,Cc1cccc(NC(=O)C(=O)NC[C@@]2(C)CCCN2C(=O)C2CC(F)(CO)C2)c1,
54778,C[C@@H]1C[C@]2(C(=O)N3C[C@@H](NC(=O)C4=CCCCO4)[C@H](c4ccccc4F)C3)C[C@H]12,"N-((3S,4R)-4-(2-fluorophenyl)-1-(((1S,3R,4R)-3-methylbicyclo[2.1.0]pentan-1-yl)carbonyl)pyrrolidin-3-yl)-1-oxacyclohex-2-ene-2-carboxamide",FC1=C(C=CC=C1)[C@H]1[C@@H](CN(C1)C(=O)[C@]12C[C@H]([C@H]2C1)C)NC(=O)C=1OCCCC1,C[C@@H]1C[C@]2(C(=O)N3C[C@@H](NC(=O)C4=CCCCO4)[C@H](c4ccccc4F)C3)C[C@H]12,C[C@@H]1C[C@@]2(C(=O)N3C[C@@H](NC(=O)C4=CCCCO4)[C@H](c4ccccc4F)C3)C[C@H]12
54805,C[C@H](Oc1ccccc1)C(=O)N[C@@H]1C[C@@H]2CC[C@H](C1)N2Cc1ccc(C#N)nc1,"(2S)-N-((1R,3R,5S)-8-((6-(nitrilomethyl)pyridin-3-yl)methyl)-8-azabicyclo[3.2.1]octan-3-yl)-2-phenoxypropanamide",,CC(Oc1ccccc1)C(=O)N[C@H]1C[C@H]2CC[C@@H](C1)N2Cc1ccc(C#N)nc1,
54889,CN1C[C@H]2[C@@H](C1)OCCN2C(=O)[C@@H]1[C@H]2CN(C(=O)C(C)(C)n3ccnn3)C[C@H]21,"2-methyl-1-((1R,5S,6R)-6-(((1R,6S)-8-methyl-2-oxa-5,8-diazabicyclo[4.3.0]nonan-5-yl)carbonyl)-3-azabicyclo[3.1.0]hexan-3-yl)-2-(1H-1,2,3-triazol-1-yl)propan-1-one",,CN1C[C@H]2OCCN(C(=O)C3[C@H]4CN(C(=O)C(C)(C)n5ccnn5)C[C@@H]34)[C@H]2C1,
54900,CC(=O)Nc1ccc(C(=O)N[C@H]2[C@@H]3CN(C(=O)C4=NOC(C)(C)C4)C[C@@H]32)c(Cl)c1,"N-(3-chloro-4-(((1R,5S,6S)-3-((5,5-dimethyl-1-oxa-2-azacyclopent-2-en-3-yl)carbonyl)-3-azabicyclo[3.1.0]hexan-6-yl)carbamoyl)phenyl)acetamide",,CC(=O)Nc1ccc(C(=O)N[C@H]2[C@@H]3CN(C(=O)C4=NOC(C)(C)C4)C[C@@H]32)c(Cl)c1,
54935,Cc1cccc(C(=O)N[C@]2(C(=O)N[C@H]3CN(C(C)C)C[C@H]3C)C[C@H](O)C2)n1,"N-((1S,3r)-3-hydroxy-1-(((3R,4R)-4-methyl-1-(propan-2-yl)pyrrolidin-3-yl)carbamoyl)cyclobutyl)-6-methylpyridine-2-carboxamide",,Cc1cccc(C(=O)N[C@]2(C(=O)N[C@H]3CN(C(C)C)C[C@H]3C)C[C@H](O)C2)n1,
54978,O=C(CCN1C(=O)CCC1=O)N1C[C@H]2[C@H](NC(=O)[C@@]34CC[C@@H](CC3=O)C4)[C@H]2C1,"(1R,4R)-N-((1R,5S,6S)-3-(3-(2,5-dioxopyrrolidin-1-yl)-propionyl)-3-azabicyclo[3.1.0]hexan-6-yl)-2-oxobicyclo[2.2.1]heptane-1-carboxamide",,O=C(CCn1c(O)ccc1O)N1C[C@@H]2[C@H](C1)[C@H]2NC(=O)[C@@]12CC[C@@H](CC1=O)C2,
54979,CC[C@@H](C#N)C(=O)N1C[C@H]2[C@H](CC(=O)NC(C)(C)CCCO)[C@H]2C1,"2-((1R,5S,6S)-3-((2S)-2-cyano-butyryl)-3-azabicyclo[3.1.0]hexan-6-yl)-N-(5-hydroxy-2-methylpentan-2-yl)acetamide",,CCC(C#N)C(=O)N1C[C@@H]2[C@@H](CC(=O)NC(C)(C)CCCO)[C@@H]2C1,
54990,Cc1ccsc1CC(=O)NCC1CN(C(=O)[C@]23CCC[C@H]2CCC3)C1,N-((1-((bicyclo[3.3.0]octan-1-yl)carbonyl)-azetidin-3-yl)methyl)-2-(3-methylthiophen-2-yl)acetamide,C12(CCCC2CCC1)C(=O)N1CC(C1)CNC(CC=1SC=CC1C)=O,Cc1ccsc1CC(=O)NCC1CN(C(=O)[C@]23CCC[C@H]2CCC3)C1,Cc1ccsc1CC(=O)NCC1CN(C(=O)C23CCCC2CCC3)C1
54994,CC(C)N(C)CC(=O)N[C@H](C)C1(C(=O)N2[C@H]3CC[C@@H]2C[C@@H](F)C3)CC1,"N-((1R)-1-(1-(((1R,3S,5S)-3-fluoro-8-azabicyclo[3.2.1]octan-8-yl)carbonyl)cyclopropyl)ethyl)-2-((propan-2-yl)(methyl)amino)acetamide",,CC(C)N(C)CC(=O)N[C@H](C)C1(C(=O)N2[C@@H]3CC[C@H]2C[C@H](F)C3)CC1,
55001,C[C@]1(C(=O)N2C[C@H]3[C@H](NC(=O)c4nccc5ccncc45)[C@H]3C2)C=CCC1,"N-((1R,5S,6S)-3-(((1R)-1-methylcyclopent-2-en-1-yl)carbonyl)-3-azabicyclo[3.1.0]hexan-6-yl)-2,7-naphthyridine-1-carboxamide",,C[C@]1(C(=O)N2C[C@@H]3[C@H](C2)[C@H]3NC(=O)c2nccc3ccncc23)C=CCC1,
55007,Cn1cnc2c1CCN(C(=O)c1cc(Br)c[nH]1)[C@@]21CCN(C(=O)[C@@H]2C[C@@]2(C)Br)C1,"1-(4-bromo-1H-pyrrol-2-yl)-1-((2R)-7-methylspiro[3,7,9-triazabicyclo[4.3.0]nona-1(6),8-diene-2,3'-(1-((3R)-pyrrolidin-1-yl)-1-((1S,2R)-2-bromo-2-methylcyclopropyl)methanone)]-3-yl)methanone",,Cn1cnc2c1CCN(C(=O)c1cc(Br)c[nH]1)[C@@]21CCN(C(=O)C2C[C@@]2(C)Br)C1,
55022,COC(=O)N[C@@H](C)C(=O)N[C@H]1C[C@](F)(CNC(=O)C=C2CC[C@H](C)C2)C1,"methyl (((2S)-1-(((1S,3r)-3-fluoro-3-((2-((3S)-3-methylcyclopentylidene)acetamido)methyl)cyclobutyl)amino)-1-oxopropan-2-yl)amino)formate",,COC(=O)NC(C)C(=O)N[C@H]1C[C@](F)(CNC(=O)C=C2CC[C@H](C)C2)C1,
55161,C[C@H](S)C(=O)N1C[C@@H]2[C@H](C(=O)N3CCN(c4ccccc4O)CC3)[C@@H]2C1,"(2S)-1-((1R,5S,6S)-6-((4-(2-hydroxyphenyl)piperazin-1-yl)carbonyl)-3-azabicyclo[3.1.0]hexan-3-yl)-2-sulfanylpropan-1-one",,CC(S)C(=O)N1C[C@@H]2C(C(=O)N3CCN(c4ccccc4O)CC3)[C@@H]2C1,
55190,Cc1ccc(C(=O)N[C@H]2C=CCN(C(=O)[C@H]3[C@@H](C)[C@H]3C)C2)cc1S(=O)(=O)CCO,"N-((3S)-1-(((1S,2R,3S)-2,3-dimethylcyclopropyl)carbonyl)-1-azacyclohex-4-en-3-yl)-3-(2-hydroxyethylsulfonyl)-4-methylbenzene-1-carboxamide",,Cc1ccc(C(=O)N[C@H]2C=CCN(C(=O)C3[C@@H](C)[C@H]3C)C2)cc1S(=O)(=O)CCO,
55197,COc1cc(F)c(C(=O)N[C@H]2[C@@H]3CN(C(=O)CCCC(C)(C)C#N)C[C@@H]32)c(Cl)c1,"2-chloro-N-((1R,5S,6S)-3-(5-cyano-5-methyl-hexanoyl)-3-azabicyclo[3.1.0]hexan-6-yl)-6-fluoro-4-methoxybenzene-1-carboxamide",,COc1cc(F)c(C(=O)N[C@H]2[C@@H]3CN(C(=O)CCCC(C)(C)C#N)C[C@@H]32)c(Cl)c1,
55224,C[C@@H]1[C@@H](C=CC(=O)N[C@H]2C[C@@](C)(NC(=O)CCc3cnoc3)C2)C1(Cl)Cl,"3-((1R,3R)-2,2-dichloro-3-methylcyclopropyl)-N-((1S,3r)-3-(3-(isoxazol-4-yl)propanamido)-3-methylcyclobutyl)prop-2-enamide",,C[C@@H]1[C@@H](C=CC(=O)N[C@H]2C[C@@](C)(NC(=O)CCc3cnoc3)C2)C1(Cl)Cl,
55265,COc1cc(C(=O)NC(C)(C)CN(C)C(=O)[C@H]2[C@@H](C)[C@H]2C)c(Cl)cc1Cl,"2,4-dichloro-5-methoxy-N-(2-((N-methyl(1S,2R,3S)-2,3-dimethylcyclopropanecarboxamido)methyl)propan-2-yl)benzamide",,COc1cc(C(=O)NC(C)(C)CN(C)C(=O)C2[C@@H](C)[C@H]2C)c(Cl)cc1Cl,
55300,C[C@H]1CN2CCN1[C@@H](C(=O)N1C[C@H]3[C@H](N(C)C(=O)[C@H]4OCC[C@H]4C)[C@H]3C1)C2,"(2S,3R)-3,N-dimethyl-N-((1R,5S,6S)-3-(((2R,6S)-6-methyl-1,4-diazabicyclo[2.2.2]octan-2-yl)carbonyl)-3-azabicyclo[3.1.0]hexan-6-yl)oxolane-2-carboxamide",,C[C@@H]1CCOC1C(=O)N(C)[C@H]1[C@@H]2CN(C(=O)C3CN4CCN3[C@@H](C)C4)C[C@@H]21,
55325,CCS[C@H](C)C(=O)N[C@H]1C[C@@H]2CC[C@H](C1)N2C(=O)c1ncoc1C1CCOCC1,"(2R)-2-(ethylsulfanyl)-N-((1R,3S,5S)-8-((5-(oxan-4-yl)oxazol-4-yl)carbonyl)-8-azabicyclo[3.2.1]octan-3-yl)propanamide",,CCSC(C)C(=O)N[C@@H]1C[C@H]2CC[C@@H](C1)N2C(=O)c1ncoc1C1CCOCC1,
55337,Cc1cncc(CN2C[C@H]3[C@H](CNC(=O)c4cnn(CC5CCCC5)c4)[C@H]3C2)c1,"1-(cyclopentylmethyl)-N-(((1R,5S,6S)-3-((5-methylpyridin-3-yl)methyl)-3-azabicyclo[3.1.0]hexan-6-yl)methyl)-1H-pyrazole-4-carboxamide",,Cc1cncc(CN2C[C@@H]3[C@@H](CNC(=O)c4cnn(CC5CCCC5)c4)[C@@H]3C2)c1,
55371,C[C@H]1CCC[C@@H](CC(=O)N(CC(=O)N[C@@H]2C[C@@H]3CC[C@H](C2)[C@@H]3O)CC2CC2)C1,"N-(cyclopropylmethyl)-N-(2-(((1R,3R,5S,8R)-8-hydroxybicyclo[3.2.1]octan-3-yl)amino)-2-oxoethyl)-2-((1R,3S)-3-methylcyclohexyl)acetamide",,C[C@H]1CCC[C@@H](CC(=O)N(CC(=O)N[C@H]2C[C@H]3CC[C@@H](C2)[C@H]3O)CC2CC2)C1,
55392,C[C@H]1CN(C(=O)CCc2cc(Cl)cs2)CCN1C(=O)[C@H]1C[C@@H]2C[C@H]2C[C@H]1C,"3-(4-chlorothiophen-2-yl)-1-((3S)-3-methyl-4-(((1S,3S,4R,6R)-4-methylbicyclo[4.1.0]heptan-3-yl)carbonyl)piperazin-1-yl)propan-1-one",ClC=1C=C(SC1)CCC(=O)N1C[C@@H](N(CC1)C(=O)[C@H]1C[C@@H]2C[C@@H]2C[C@H]1C)C,C[C@@H]1C[C@@H]2C[C@H]2CC1C(=O)N1CCN(C(=O)CCc2cc(Cl)cs2)C[C@@H]1C,C[C@@H]1C[C@H]2C[C@H]2CC1C(=O)N1CCN(C(=O)CCc2cc(Cl)cs2)C[C@@H]1C
55419,O=C(N[C@H]1[C@@H]2CN(C(=O)c3cccc4c3COC4)C[C@@H]21)c1cc2cccn2cn1,"N-((1R,5S,6S)-3-((8-oxabicyclo[4.3.0]nona-1(6),2,4-trien-2-yl)carbonyl)-3-azabicyclo[3.1.0]hexan-6-yl)-1,3-diazabicyclo[4.3.0]nona-2,4,6,8-tetraene-4-carboxamide",,O=C(N[C@H]1[C@@H]2CN(C(=O)c3cccc4c3COC4)C[C@@H]21)c1cc2cccn2cn1,
55453,CC[C@@H](C(=O)N[C@H]1C[C@]2(CCCCN2C(=O)[C@@H]2C[C@H]2CF)C1)c1ccccc1,"(2R)-N-(5-(((1R,2R)-2-(fluoromethyl)cyclopropyl)carbonyl)-5-azaspiro[3.5]nonan-2-yl)-2-phenylbutanamide",FC[C@H]1[C@@H](C1)C(=O)N1C2(CC(C2)NC([C@H](CC)C2=CC=CC=C2)=O)CCCC1,CCC(C(=O)N[C@H]1C[C@]2(CCCCN2C(=O)C2C[C@H]2CF)C1)c1ccccc1,CCC(C(=O)NC1CC2(CCCCN2C(=O)C2C[C@H]2CF)C1)c1ccccc1
55458,C=C(CCNC(=O)CSCCC(C)C)CNC(=O)[C@H]1C[C@@H]2CC[C@H](C1)[C@H]2O,"N-(3-(((1R,3S,5S,8S)-8-hydroxybicyclo[3.2.1]octane-3-carboxamido)methyl)but-3-en-1-yl)-2-((3-methylbutyl)sulfanyl)acetamide",,C=C(CCNC(=O)CSCCC(C)C)CNC(=O)C1C[C@H]2CC[C@@H](C1)[C@@H]2O,
55535,COc1cc(C(=O)N2CCN(C(=O)[C@@H]3[C@H]4CCC[C@H]43)C[C@H]2C2CCC2)on1,"1-((2R)-4-(((1R,5S,6R)-bicyclo[3.1.0]hexan-6-yl)carbonyl)-2-cyclobutylpiperazin-1-yl)-1-(3-methoxyisoxazol-5-yl)methanone",,COc1cc(C(=O)N2CCN(C(=O)C3[C@H]4CCC[C@@H]34)C[C@H]2C2CCC2)on1,
55558,CCS(=O)(=O)CC(=O)N[C@H]1COC2(CNC(=O)[C@H]3[C@@H](C)[C@H]3C)CC1C2,"N-((4R)-1-(((1S,2R,3S)-2,3-dimethylcyclopropanecarboxamido)methyl)-2-oxabicyclo[3.1.1]heptan-4-yl)-2-(ethylsulfonyl)acetamide",,CCS(=O)(=O)CC(=O)N[C@H]1COC2(CNC(=O)C3[C@@H](C)[C@H]3C)CC1C2,
55574,Cc1cnc(C(=O)NCC2(C(=O)NC[C@]3(F)C[C@H](CO)C3)CC(C)(C)C2)c(F)c1,"3-fluoro-N-((1-((((1R,3r)-1-fluoro-3-(hydroxymethyl)cyclobutyl)methyl)carbamoyl)-3,3-dimethylcyclobutyl)methyl)-5-methylpyridine-2-carboxamide",,Cc1cnc(C(=O)NCC2(C(=O)NC[C@]3(F)C[C@H](CO)C3)CC(C)(C)C2)c(F)c1,
55625,CCCC(CCC)C(=O)N1C[C@H]2[C@H](NC(=O)[C@@H]3CCc4n[nH]c(C)c4C3)[C@H]2C1,"(3R)-9-methyl-N-((1R,5S,6S)-3-(1-oxo-2-propylpentyl)-3-azabicyclo[3.1.0]hexan-6-yl)-7,8-diazabicyclo[4.3.0]nona-1(9),6-diene-3-carboxamide",,CCCC(CCC)C(=O)N1C[C@@H]2[C@H](C1)[C@H]2NC(=O)C1CCc2[nH]nc(C)c2C1,
55652,C=C[C@H](C)NC(=NCc1ccc(N(C)C(C)=O)cc1)NC[C@H]1C[C@@H]2CC[C@@H]2C1,"N-(4-(((((((1R,3S,5S)-bicyclo[3.2.0]heptan-3-yl)methyl)amino)(((2S)-but-3-en-2-yl)amino)methylidene)amino)methyl)phenyl)-N-methylacetamide",,C=C[C@H](C)N=C(NCc1ccc(N(C)C(C)=O)cc1)NC[C@@H]1C[C@H]2CC[C@H]2C1,
55791,CCC(CC)(CNC(=O)C1(C)CCCCC1)NC(=O)[C@@H]1[C@H]2CCCC[C@H]21,"(1R,6S,7R)-N-(3-((1-methylcyclohexanecarboxamido)methyl)pentan-3-yl)bicyclo[4.1.0]heptane-7-carboxamide",,CCC(CC)(CNC(=O)C1(C)CCCCC1)NC(=O)C1[C@H]2CCCC[C@@H]12,
55795,Cn1c(C(=O)N[C@@H]2COC[C@@H]2NC(=O)[C@H]2C[C@@H]3CC[C@H](C2)N3C2CC2)cnc1S,"(1R,3S,5S)-8-cyclopropyl-N-((3R,4S)-4-(1-methyl-2-sulfanyl-1H-imidazole-5-carboxamido)oxolan-3-yl)-8-azabicyclo[3.2.1]octane-3-carboxamide",,Cn1c(C(=O)N[C@@H]2COC[C@@H]2NC(=O)C2C[C@H]3CC[C@@H](C2)N3C2CC2)c[nH]c1=S,
55811,C=CC[C@H](CNC(=O)c1cc(Cl)cnc1O)NC(=O)[C@]12C[C@H]1[C@H](C)C2,"5-chloro-2-hydroxy-N-((2R)-2-((1R,3R,4S)-3-methylbicyclo[2.1.0]pentane-1-carboxamido)pent-4-en-1-yl)pyridine-3-carboxamide",ClC=1C=C(C(=NC1)O)C(=O)NC[C@@H](CC=C)NC(=O)[C@@]12C[C@H]([C@@H]2C1)C,C=CC[C@H](CNC(=O)c1cc(Cl)c[nH]c1=O)NC(=O)[C@@]12C[C@@H](C)[C@@H]1C2,C=CC[C@H](CNC(=O)c1cc(Cl)c[nH]c1=O)NC(=O)[C@]12C[C@@H](C)[C@@H]1C2
55815,CC(=O)CCCC(=O)N[C@@H]1C[C@@H]2CC[C@H](C1)N2C(=O)c1cc(Cl)c(Br)[nH]1,"N-((1R,3R,5S)-8-((5-bromo-4-chloro-1H-pyrrol-2-yl)carbonyl)-8-azabicyclo[3.2.1]octan-3-yl)-5-oxohexanamide",,CC(=O)CCCC(=O)N[C@H]1C[C@H]2CC[C@@H](C1)N2C(=O)c1cc(Cl)c(Br)[nH]1,
55836,C[C@H]1[C@@H](C)[C@@H]1C(=O)N[C@H]1CCOC[C@H]1NC(=O)c1cc(O)nc(O)c1,"N-((3S,4S)-4-((1R,2R,3S)-2,3-dimethylcyclopropanecarboxamido)-oxan-3-yl)-2,6-dihydroxypyridine-4-carboxamide",,C[C@@H]1C(C(=O)N[C@H]2CCOC[C@H]2NC(=O)c2cc(O)[nH]c(=O)c2)[C@@H]1C,
55858,CC[C@@H](NC(C)=O)C(=O)N1C[C@@H]2[C@H](C(=O)N3CCOC[C@H]3CO)[C@@H]2C1,"N-((2R)-1-((1R,5S,6S)-6-(((3R)-3-(hydroxymethyl)morpholin-4-yl)carbonyl)-3-azabicyclo[3.1.0]hexan-3-yl)-1-oxobutan-2-yl)acetamide",,CCC(NC(C)=O)C(=O)N1C[C@@H]2C(C(=O)N3CCOC[C@H]3CO)[C@@H]2C1,
55932,C[C@@H](CO)C(=O)N1[C@H]2CC[C@@H]1C[C@H](NC(=O)c1cccc(C[S@@](C)=O)c1)C2,"N-((1R,3R,5S)-8-((2S)-2-(hydroxymethyl)-propionyl)-8-azabicyclo[3.2.1]octan-3-yl)-3-(((R)-methylsulfinyl)methyl)benzamide",,CC(CO)C(=O)N1[C@@H]2CC[C@H]1C[C@@H](NC(=O)c1cccc(C[S@@+](C)[O-])c1)C2,
55979,CCc1[nH]ccc1C(=O)N1CCC2(CC1)C[C@@H]2NC(=O)[C@@H]1[C@H]2COC[C@H]21,"(1R,5S,6R)-N-((1S)-6-((2-ethyl-1H-pyrrol-3-yl)carbonyl)-6-azaspiro[2.5]octan-1-yl)-3-oxabicyclo[3.1.0]hexane-6-carboxamide",,CCc1[nH]ccc1C(=O)N1CCC2(CC1)C[C@@H]2NC(=O)C1[C@H]2COC[C@@H]12,
56034,CCN(CC)[C@H](C)C(=O)N1CCC([C@]2(O)C[C@@H](NC(=O)[C@@H]3CCN(C)C3)C2)CC1,"(3R)-N-((1S,3r)-3-(1-((2R)-2-(diethylamino)-propionyl)piperidin-4-yl)-3-hydroxycyclobutyl)-1-methylpyrrolidine-3-carboxamide",,CCN(CC)C(C)C(=O)N1CCC([C@]2(O)C[C@@H](NC(=O)C3CCN(C)C3)C2)CC1,
56102,C[C@H](CO)C(=O)N1CCOC[C@@]12COCCN(C(=O)C[C@H]1CCCC[C@@H]1O)C2,"(2R)-1-((6R)-11-(2-((1R,2S)-2-hydroxycyclohexyl)-acetyl)-2,8-dioxa-5,11-diazaspiro[5.6]dodecan-5-yl)-2-(hydroxymethyl)propan-1-one",O[C@@H]1[C@H](CCCC1)CC(=O)N1CCOC[C@@]2(N(CCOC2)C([C@H](C)CO)=O)C1,CC(CO)C(=O)N1CCOC[C@@]12COCCN(C(=O)C[C@H]1CCCC[C@@H]1O)C2,CC(CO)C(=O)N1CCOC[C@]12COCCN(C(=O)C[C@H]1CCCC[C@@H]1O)C2
56117,CCc1ncc(C(=O)N[C@H]2C[C@@H]3CN(C(=O)Cc4cnn(C)c4)C[C@@H]3C2)s1,"2-ethyl-N-((1R,5S,7S)-3-(2-(1-methyl-1H-pyrazol-4-yl)-acetyl)-3-azabicyclo[3.3.0]octan-7-yl)thiazole-5-carboxamide",,CCc1ncc(C(=O)N[C@H]2C[C@@H]3CN(C(=O)Cc4cnn(C)c4)C[C@@H]3C2)s1,
56141,C=C[C@H](NC(=O)[C@H]1CCC[C@H]1NC(=O)[C@@H](O)c1cnn(C)c1)C1CCC1,"(1S,2R)-N-((1R)-1-cyclobutylprop-2-en-1-yl)-2-((2S)-2-hydroxy-2-(1-methyl-1H-pyrazol-4-yl)acetamido)cyclopentanecarboxamide",C1(CCC1)[C@@H](C=C)NC(=O)[C@@H]1[C@@H](CCC1)NC([C@H](C=1C=NN(C1)C)O)=O,C=C[C@H](NC(=O)C1CCC[C@H]1NC(=O)C(O)c1cnn(C)c1)C1CCC1,C=C[C@@H](NC(=O)C1CCC[C@H]1NC(=O)C(O)c1cnn(C)c1)C1CCC1
56156,C[C@H](NC(=O)[C@H]1C[C@@H]2CCC[C@@H]2C1)[C@H](C)C(=O)N1CC[C@@H](c2cnco2)C1,"(1R,3S,5S)-N-((2S,3S)-3-(((3R)-3-(oxazol-5-yl)pyrrolidin-1-yl)carbonyl)butan-2-yl)bicyclo[3.3.0]octane-3-carboxamide",,CC(C(=O)N1CC[C@@H](c2cnco2)C1)[C@H](C)NC(=O)C1C[C@H]2CCC[C@H]2C1,
56280,Cc1cc(O)ncc1NC(=O)[C@H]1COCCN(C(=O)C[C@@H]2C[C@H]3C[C@H]3C2)C1,"(6R)-4-(2-((1R,3R,5S)-bicyclo[3.1.0]hexan-3-yl)-acetyl)-N-(6-hydroxy-4-methylpyridin-3-yl)-1-oxa-4-azacycloheptane-6-carboxamide",,Cc1cc(=O)[nH]cc1NC(=O)C1COCCN(C(=O)C[C@H]2C[C@@H]3C[C@@H]3C2)C1,
56302,CC(C)(O)[C@@H](F)C(=O)N1CC[C@@]2(CCCN2C(=O)[C@@H]2[C@H]3COC[C@H]32)C1,"(2R)-2-fluoro-3-hydroxy-3-methyl-1-((5S)-6-(((1R,5S,6R)-3-oxabicyclo[3.1.0]hexan-6-yl)carbonyl)-2,6-diazaspiro[4.4]nonan-2-yl)butan-1-one",,CC(C)(O)C(F)C(=O)N1CC[C@@]2(CCCN2C(=O)C2[C@H]3COC[C@@H]23)C1,
56471,CCC[C@H](C(=O)N[C@H]1CC[C@]2(CC1)CN(C(=O)C1CCCC1)CCO2)C(=O)OC,methyl (2R)-2-((10-((cyclopentyl)carbonyl)-7-oxa-10-azaspiro[5.5]undecan-3-yl)carbamoyl)pentanoate,C1(CCCC1)C(=O)N1CCOC2(CCC(CC2)NC(=O)[C@H](C(=O)OC)CCC)C1,CCCC(C(=O)N[C@H]1CC[C@]2(CC1)CN(C(=O)C1CCCC1)CCO2)C(=O)OC,CCCC(C(=O)NC1CCC2(CC1)CN(C(=O)C1CCCC1)CCO2)C(=O)OC
56486,COc1ccc([C@]2(C(=O)NCC[C@@H]3CCC4(CCC4)O3)C[C@H](O)C2)cc1,3-hydroxy-1-(4-methoxyphenyl)-N-(2-((6S)-5-oxaspiro[3.4]octan-6-yl)ethyl)cyclobutanecarboxamide,OC1CC(C1)(C(=O)NCC[C@H]1OC2(CCC2)CC1)C1=CC=C(C=C1)OC,COc1ccc([C@]2(C(=O)NCC[C@@H]3CCC4(CCC4)O3)C[C@H](O)C2)cc1,COc1ccc(C2(C(=O)NCC[C@@H]3CCC4(CCC4)O3)CC(O)C2)cc1
56544,C=CCCCCCC(=O)NCCCOCCNC(=O)[C@@H]1[C@@H]2C[C@H]2[C@H]2C[C@H]21,"N-(3-((2-((1R,2S,4R,5R,6R)-tricyclo[4.1.0.0^{2,4}]heptane-5-carboxamido)ethyl)oxy)propyl)oct-7-enamide",,C=CCCCCCC(=O)NCCCOCCNC(=O)C1[C@@H]2C[C@@H]2[C@@H]2C[C@@H]12,
56573,Cc1nccc(N2C[C@H]3[C@H](NC(=O)c4cccc(CF)c4)[C@H]3C2)n1,"3-(fluoromethyl)-N-((1R,5S,6S)-3-(2-methylpyrimidin-4-yl)-3-azabicyclo[3.1.0]hexan-6-yl)benzamide",,Cc1nccc(N2C[C@@H]3[C@H](C2)[C@H]3NC(=O)c2cccc(CF)c2)n1,
56610,CCN(C)CCC(=O)N1CCO[C@@H](CNC(=O)[C@H]2C[C@H]3COC[C@H](C3)C2)C1,"(1R,5S,7S)-N-(((2S)-4-(3-((ethyl)(methyl)amino)-propionyl)morpholin-2-yl)methyl)-3-oxabicyclo[3.3.1]nonane-7-carboxamide",,CCN(C)CCC(=O)N1CCO[C@@H](CNC(=O)C2C[C@H]3COC[C@@H](C2)C3)C1,
56675,CC1(C)[C@H]2CC[C@]1(C(=O)N[C@@]1(CO)CCN(C(=O)Cn3ncnn3)C1)CC2,"N-((3S)-3-(hydroxymethyl)-1-(1-oxo-2-(2H-tetrazol-2-yl)ethyl)pyrrolidin-3-yl)-7,7-dimethylbicyclo[2.2.1]heptane-1-carboxamide",OC[C@]1(CN(CC1)C(CN1N=CN=N1)=O)NC(=O)C12CCC(CC1)C2(C)C,CC1(C)[C@H]2CC[C@]1(C(=O)N[C@@]1(CO)CCN(C(=O)Cn3ncnn3)C1)CC2,CC1(C)C2CCC1(C(=O)N[C@@]1(CO)CCN(C(=O)Cn3ncnn3)C1)CC2
56680,CCCSCC(=O)N1CCN(C(=O)[C@@]23C[C@H](c4ccccc4)[C@@H]2C3)C[C@@H]1CCO,"1-((2S)-2-(2-hydroxyethyl)-4-(((1R,3S,4S)-3-phenylbicyclo[2.1.0]pentan-1-yl)carbonyl)piperazin-1-yl)-2-(propylsulfanyl)ethan-1-one",OCC[C@@H]1N(CCN(C1)C(=O)[C@@]12C[C@@H]([C@@H]2C1)C1=CC=CC=C1)C(CSCCC)=O,CCCSCC(=O)N1CCN(C(=O)[C@@]23C[C@H](c4ccccc4)[C@@H]2C3)C[C@@H]1CCO,CCCSCC(=O)N1CCN(C(=O)[C@]23C[C@H](c4ccccc4)[C@@H]2C3)C[C@@H]1CCO
56727,CC1CC2(C1)CC(C(=O)NCC1=CCN(C(=O)[C@H]3C[C@H]4[C@@H](C3)C4(F)F)CC1)C2,"N-((1-(((1R,3S,5S)-6,6-difluorobicyclo[3.1.0]hexan-3-yl)carbonyl)-1-azacyclohex-3-en-4-yl)methyl)-2-methylspiro[3.3]heptane-6-carboxamide",,CC1CC2(C1)CC(C(=O)NCC1=CCN(C(=O)C3C[C@@H]4[C@H](C3)C4(F)F)CC1)C2,
56782,C#CC[C@@](C)(NC(=O)CCCCC(N)=O)C(=O)N1[C@H]2CC[C@@H]1C[C@H](O)C2,"N-((2R)-2-(((1R,3R,5S)-3-hydroxy-8-azabicyclo[3.2.1]octan-8-yl)carbonyl)pent-4-yn-2-yl)hexanediamide",,C#CC[C@@](C)(NC(=O)CCCCC(N)=O)C(=O)N1[C@@H]2CC[C@H]1C[C@@H](O)C2,
56796,Cc1nc(CC(=O)N2C[C@H]3[C@H](CC(=O)N(C)CCCC(F)(F)F)[C@H]3C2)cs1,"N-methyl-2-((1R,5S,6S)-3-(2-(2-methylthiazol-4-yl)-acetyl)-3-azabicyclo[3.1.0]hexan-6-yl)-N-(4,4,4-trifluorobutyl)acetamide",,Cc1nc(CC(=O)N2C[C@@H]3[C@@H](CC(=O)N(C)CCCC(F)(F)F)[C@@H]3C2)cs1,
56916,C[C@@H]1C[C@@H]2C[C@@H]2C[C@@H]1C(=O)N1C[C@H]2CC[C@H]1[C@H]1CN(c3nnc(O)s3)C[C@H]21,"1-((1S,2R,6R,7S)-4-(5-hydroxy-1-thia-3,4-diazacyclopenta-2,4-dien-2-yl)-4,8-diazatricyclo[5.2.2.0^{2,6}]undecan-8-yl)-1-((1R,3S,4R,6R)-4-methylbicyclo[4.1.0]heptan-3-yl)methanone",OC1=NN=C(S1)N1C[C@@H]2[C@H]3CN([C@H]([C@H]2C1)CC3)C(=O)[C@H]3C[C@H]1C[C@@H]1C[C@H]3C,C[C@@H]1C[C@@H]2C[C@@H]2CC1C(=O)N1C[C@H]2CC[C@H]1[C@H]1CN(c3n[nH]c(=O)s3)C[C@H]21,C[C@@H]1C[C@H]2C[C@@H]2CC1C(=O)N1C[C@H]2CC[C@H]1[C@H]1CN(c3n[nH]c(=O)s3)C[C@H]21
56957,Cc1c(C(=O)NC2CCN(C(=O)[C@@H]3[C@@H](C)C[C@H]3C)CC2)nc(O)c2ccccc12,"N-(1-(((1R,2R,4S)-2,4-dimethylcyclobutyl)carbonyl)piperidin-4-yl)-1-hydroxy-4-methylisoquinoline-3-carboxamide",,Cc1c(C(=O)NC2CCN(C(=O)C3[C@H](C)C[C@@H]3C)CC2)[nH]c(=O)c2ccccc12,
56961,CCC=CC(=O)N[C@H]1C[C@@](F)(CNC(=O)C2(Oc3ccccc3F)CC2)C1,"N-((1R,3r)-3-fluoro-3-((1-((2-fluorophenyl)oxy)cyclopropanecarboxamido)methyl)cyclobutyl)pent-2-enamide",,CCC=CC(=O)N[C@H]1C[C@@](F)(CNC(=O)C2(Oc3ccccc3F)CC2)C1,
56974,O=C(NC[C@]1(c2ccccc2)C[C@@H](NC(=O)c2cnns2)C1)c1csc(CO)n1,"N-((1R,3r)-3-((2-(hydroxymethyl)thiazole-4-carboxamido)methyl)-3-phenylcyclobutyl)-1-thia-2,3-diazacyclopenta-2,4-diene-5-carboxamide",,O=C(NC[C@]1(c2ccccc2)C[C@@H](NC(=O)c2cnns2)C1)c1csc(CO)n1,
57034,C[C@H]1C(=O)N=C(CCNC(=O)[C@]2(O)C[C@@H](O)[C@@H](O)[C@H](O)C2)NC1=O,"(3R,5R)-1,3,4,5-tetrahydroxy-N-(2-((5R)-5-methyl-4,6-dioxo-1,3-diazacyclohex-1-en-2-yl)ethyl)cyclohexanecarboxamide",OC1(C[C@H](C([C@@H](C1)O)O)O)C(=O)NCCC1=NC([C@@H](C(N1)=O)C)=O,Cc1c(O)[nH]c(CCNC(=O)[C@]2(O)C[C@@H](O)[C@@H](O)[C@H](O)C2)nc1=O,Cc1c(O)[nH]c(CCNC(=O)C2(O)C[C@@H](O)C(O)[C@H](O)C2)nc1=O
57097,CC[C@H](O)C(=O)N1C[C@H]2[C@H](NC(=O)Cc3cc(O)nc(O)n3)[C@H]2C1,"2-(2,6-dihydroxypyrimidin-4-yl)-N-((1R,5S,6S)-3-((2S)-2-hydroxy-butyryl)-3-azabicyclo[3.1.0]hexan-6-yl)acetamide",,CCC(O)C(=O)N1C[C@@H]2[C@H](C1)[C@H]2NC(=O)Cc1cc(=O)[nH]c(=O)[nH]1,
57144,COCC(C)(C)C(=O)NC[C@]12CCC[C@H]1CCN2C(=O)[C@H]1C[C@@](F)(CO)C1,"N-(((1S,5S)-2-(((1S,3s)-3-fluoro-3-(hydroxymethyl)cyclobutyl)carbonyl)-2-azabicyclo[3.3.0]octan-1-yl)methyl)-3-methoxy-2,2-dimethylpropanamide",,COCC(C)(C)C(=O)NC[C@]12CCC[C@H]1CCN2C(=O)C1CC(F)(CO)C1,
57192,CCC(C)(C)N[C@@H](C)C(=O)NC[C@]1(F)C[C@@H](CNC(=O)C[C@H]2CCCN(C)C2)C1,"(2S)-N-(((1R,3s)-1-fluoro-3-((2-((3R)-1-methylpiperidin-3-yl)acetamido)methyl)cyclobutyl)methyl)-2-((2-methylbutan-2-yl)amino)propanamide",,CCC(C)(C)NC(C)C(=O)NC[C@]1(F)C[C@@H](CNC(=O)C[C@H]2CCCN(C)C2)C1,
57324,C=CCCC(=O)NC[C@]1(O)C[C@@H]2CC[C@H](C1)N2C(=O)Cn1cc(Br)c(=N)[nH]1,"N-(((1R,3S,5S)-8-(2-(4-bromo-3-imino-1,2-diazacyclopent-4-en-1-yl)-acetyl)-3-hydroxy-8-azabicyclo[3.2.1]octan-3-yl)methyl)pent-4-enamide",,C=CCCC(=O)NC[C@@]1(O)C[C@H]2CC[C@@H](C1)N2C(=O)Cn1cc(Br)c(N)n1,
57360,CC(C)(C)C[C@@H]1CN(C(=O)CC2C[C@H]3C[C@@H]3C2)C[C@H]1NC(=O)CCn1cccn1,"N-((3S,4R)-1-(2-((1S,5S)-bicyclo[3.1.0]hexan-3-yl)-acetyl)-4-(2,2-dimethylpropyl)pyrrolidin-3-yl)-3-(1H-pyrazol-1-yl)propanamide",[C@@H]12CC(C[C@@H]2C1)CC(=O)N1C[C@H]([C@@H](C1)CC(C)(C)C)NC(CCN1N=CC=C1)=O,CC(C)(C)C[C@@H]1CN(C(=O)CC2C[C@H]3C[C@@H]3C2)C[C@H]1NC(=O)CCn1cccn1,CC(C)(C)C[C@@H]1CN(C(=O)CC2C[C@@H]3C[C@H]3C2)C[C@H]1NC(=O)CCn1cccn1
57371,COc1cccc(CNC(=O)[C@H]2[C@H]3CN(C(=O)c4cc(Cl)ccn4)C[C@H]32)c1OC,"(1R,5S,6S)-3-((4-chloropyridin-2-yl)carbonyl)-N-((2,3-dimethoxyphenyl)methyl)-3-azabicyclo[3.1.0]hexane-6-carboxamide",,COc1cccc(CNC(=O)C2[C@H]3CN(C(=O)c4cc(Cl)ccn4)C[C@@H]23)c1OC,
57427,C[C@H](Oc1cccc(F)c1)C(=O)N1C[C@H]2[C@H](N(C)C(=O)/C(F)=C/CCF)[C@H]2C1,"(2Z)-2,5-difluoro-N-((1R,5S,6S)-3-((2S)-2-((3-fluorophenyl)oxy)-propionyl)-3-azabicyclo[3.1.0]hexan-6-yl)-N-methylpent-2-enamide",,CC(Oc1cccc(F)c1)C(=O)N1C[C@@H]2[C@H](C1)[C@H]2N(C)C(=O)/C(F)=C/CCF,
57483,CCOc1nccc(C(=O)N2C[C@@H](C)[C@@H](NC(=O)[C@@H]3[C@H]4CCCCC[C@H]43)C2)c1F,"(1R,7S,8R)-N-((3R,4R)-1-((2-ethoxy-3-fluoropyridin-4-yl)carbonyl)-4-methylpyrrolidin-3-yl)bicyclo[5.1.0]octane-8-carboxamide",,CCOc1nccc(C(=O)N2C[C@@H](C)[C@@H](NC(=O)C3[C@H]4CCCCC[C@@H]34)C2)c1F,
57533,C#C[C@H](C)N1CCN(C(=O)[C@]2(NC(=O)[C@@H](CC)CC=C)C[C@@H](O)C2)CC1,"(2S)-N-((1S,3r)-1-((4-((2S)-but-3-yn-2-yl)piperazin-1-yl)carbonyl)-3-hydroxycyclobutyl)-2-ethylpent-4-enamide",,C#C[C@H](C)N1CCN(C(=O)[C@]2(NC(=O)C(CC)CC=C)C[C@@H](O)C2)CC1,
57553,CCc1c[nH]c(C(=O)N[C@H]2C[C@](F)(CN=c3[nH]c4c(cc3C#N)COCC4)C2)c1,"4-ethyl-N-((1S,3r)-3-fluoro-3-(((9-(nitrilomethyl)-3-oxa-7-azabicyclo[4.4.0]deca-1(6),9-dien-8-ylidene)amino)methyl)cyclobutyl)-1H-pyrrole-2-carboxamide",,CCc1c[nH]c(C(=O)N[C@H]2C[C@](F)(CNc3nc4c(cc3C#N)COCC4)C2)c1,
57555,CC(C)(O)C(=O)NC[C@]1(F)C[C@@H](NC(=O)Cc2ccc(-n3cnnc3)cc2)C1,"N-(((1S,3r)-1-fluoro-3-(2-(4-(4H-1,2,4-triazol-4-yl)phenyl)acetamido)cyclobutyl)methyl)-2-hydroxy-2-methylpropanamide",,CC(C)(O)C(=O)NC[C@]1(F)C[C@@H](NC(=O)Cc2ccc(-n3cnnc3)cc2)C1,
57572,CC[C@@]1(C)C[C@H]1C(=O)N[C@]1(C)C[C@H](NC(=O)CSc2cn[nH]c2)C1,"(1R,2S)-2-ethyl-2-methyl-N-((1R,3s)-1-methyl-3-(2-((1H-pyrazol-4-yl)sulfanyl)acetamido)cyclobutyl)cyclopropanecarboxamide",,CC[C@@]1(C)CC1C(=O)N[C@]1(C)C[C@H](NC(=O)CSc2cn[nH]c2)C1,
57622,CC[C@@](C)(O)C(=O)N1CC2(C1)OC1(C)CC2(NC(=O)Cc2ccc(OC)cn2)C1,"2-(5-methoxypyridin-2-yl)-N-(1-methylspiro[2-oxabicyclo[2.1.1]hexane-3,3'-((2R)-1-(azetidin-1-yl)-2-hydroxy-2-methylbutane)]-4-yl-1'-one)acetamide",,CC[C@@](C)(O)C(=O)N1CC2(C1)OC1(C)CC2(NC(=O)Cc2ccc(OC)cn2)C1,
57632,CCc1c[nH]nc1C(=O)N1[C@H]2CC[C@@H]1C[C@H](NC(=O)C=Cc1scnc1C)C2,"N-((1R,3R,5S)-8-((4-ethyl-1H-pyrazol-3-yl)carbonyl)-8-azabicyclo[3.2.1]octan-3-yl)-3-(4-methylthiazol-5-yl)prop-2-enamide",,CCc1c[nH]nc1C(=O)N1[C@@H]2CC[C@H]1C[C@@H](NC(=O)C=Cc1scnc1C)C2,
57637,C[C@]1(NC(=O)CNC(=O)CC2CCCC2)C[C@H](NC(=O)C=CSc2nc[nH]n2)C1,"N-((1R,3r)-3-(2-(2-cyclopentylacetamido)acetamido)-3-methylcyclobutyl)-3-((1H-1,2,4-triazol-3-yl)sulfanyl)prop-2-enamide",,C[C@]1(NC(=O)CNC(=O)CC2CCCC2)C[C@H](NC(=O)C=CSc2nc[nH]n2)C1,
57662,CCC[C@H](CC(C)C)C(=O)N[C@@H]1[C@H]2C[C@H](NC(=O)Cc3ccsc3C)C[C@H]21,"(2R)-2-(2-methylpropyl)-N-((1R,3S,5S,6R)-3-(2-(2-methylthiophen-3-yl)acetamido)bicyclo[3.1.0]hexan-6-yl)pentanamide",,CCCC(CC(C)C)C(=O)N[C@H]1[C@@H]2C[C@@H](NC(=O)Cc3ccsc3C)C[C@@H]21,
57762,CC(C)CCCCC(=O)N1C[C@H]2CCN(C(=O)CC[C@H]3C[C@@H]3CC3CC3)[C@H]2[C@@H]1C,"1-((1R,5R,8S)-2-(3-((1S,2S)-2-(cyclopropylmethyl)cyclopropyl)-propionyl)-8-methyl-2,7-diazabicyclo[3.3.0]octan-7-yl)-6-methylheptan-1-one",C1(CC1)C[C@H]1[C@H](C1)CCC(=O)N1[C@H]2[C@@H](N(C[C@H]2CC1)C(CCCCC(C)C)=O)C,CC(C)CCCCC(=O)N1C[C@H]2CCN(C(=O)CC[C@H]3C[C@@H]3CC3CC3)[C@H]2[C@@H]1C,CC(C)CCCCC(=O)N1C[C@H]2CCN(C(=O)CC[C@H]3C[C@H]3CC3CC3)[C@H]2[C@@H]1C
57849,Cc1cc(N2CCCC[C@H]2C)ccc1N[C@H]1C[C@@H]2OC(C)(C)O[C@@H]2C1,"(1R,5S,7S)-3,3-dimethyl-N-(2-methyl-4-((2R)-2-methylpiperidin-1-yl)phenyl)-2,4-dioxabicyclo[3.3.0]octan-7-amine",,Cc1cc(N2CCCC[C@H]2C)ccc1N[C@H]1C[C@@H]2OC(C)(C)O[C@@H]2C1,
57854,CN(C(=O)Cc1sccc1Br)[C@H]1C[C@@H]2CC[C@H](C1)N2C(=O)[C@@H]1CCOC1,"2-(3-bromothiophen-2-yl)-N-methyl-N-((1R,3S,5S)-8-(((3R)-oxolan-3-yl)carbonyl)-8-azabicyclo[3.2.1]octan-3-yl)acetamide",,CN(C(=O)Cc1sccc1Br)[C@@H]1C[C@H]2CC[C@@H](C1)N2C(=O)C1CCOC1,
57905,CC(C)c1[nH]nc(C(=O)N(C)[C@H]2CCCCN(C(=O)[C@@H]3[C@@H](C)[C@H]3C)C2)c1Br,"4-bromo-N-((3S)-1-(((1R,2R,3S)-2,3-dimethylcyclopropyl)carbonyl)-1-azacycloheptan-3-yl)-N-methyl-5-(propan-2-yl)-1H-pyrazole-3-carboxamide",,CC(C)c1[nH]nc(C(=O)N(C)[C@H]2CCCCN(C(=O)C3[C@@H](C)[C@H]3C)C2)c1Br,
57954,Cn1ncc(I)c1C(=O)N1[C@H]2CC[C@@H](C2)[C@H]1C(=O)N1[C@H]2CC[C@@H]1C[C@H](O)C2,"1-((1S,3S,4S)-3-(((1R,3R,5S)-3-hydroxy-8-azabicyclo[3.2.1]octan-8-yl)carbonyl)-2-azabicyclo[2.2.1]heptan-2-yl)-1-(4-iodo-1-methyl-1H-pyrazol-5-yl)methanone",,Cn1ncc(I)c1C(=O)N1C(C(=O)N2[C@@H]3CC[C@H]2C[C@@H](O)C3)[C@H]2CC[C@H]1C2,
58117,O=C(NCc1ccoc1C(=O)N[C@@H]1CC[C@H]2C[C@H]2CC1)c1coc(C(F)F)c1,"N-((1R,4R,7S)-bicyclo[5.1.0]octan-4-yl)-3-((5-(difluoromethyl)furan-3-carboxamido)methyl)furan-2-carboxamide",,O=C(NCc1ccoc1C(=O)N[C@H]1CC[C@@H]2C[C@@H]2CC1)c1coc(C(F)F)c1,
58166,COC1(CNC(=O)C2(OC)CC(C)C2)CN(C(=O)[C@H]2C[C@@H]3CC[C@@H]3C2)C1,"N-((1-(((1R,3S,5S)-bicyclo[3.2.0]heptan-3-yl)carbonyl)-3-methoxy-azetidin-3-yl)methyl)-1-methoxy-3-methylcyclobutanecarboxamide",,COC1(CNC(=O)C2(OC)CC(C)C2)CN(C(=O)C2C[C@H]3CC[C@H]3C2)C1,
58235,O=C(c1cnc(Cl)cc1I)N1C[C@@H]2CC[C@H](C1)[C@@H]2NCc1c(Cl)ccc(F)c1Cl,"1-(6-chloro-4-iodopyridin-3-yl)-1-((1R,5S,8R)-8-(((2,6-dichloro-3-fluorophenyl)methyl)amino)-3-azabicyclo[3.2.1]octan-3-yl)methanone",,O=C(c1cnc(Cl)cc1I)N1C[C@H]2CC[C@@H](C1)[C@H]2NCc1c(Cl)ccc(F)c1Cl,
58275,CCc1ccsc1C(=O)N1C[C@@H](F)C[C@@H]1CC(=O)N[C@@H]1[C@@H](C)CC[C@H]1C,"N-((1R,2R,5S)-2,5-dimethylcyclopentyl)-2-((2S,4S)-1-((3-ethylthiophen-2-yl)carbonyl)-4-fluoropyrrolidin-2-yl)acetamide",,CCc1ccsc1C(=O)N1C[C@@H](F)C[C@@H]1CC(=O)N[C@H]1[C@H](C)CC[C@@H]1C,
58277,CC[C@H](NC(=O)[C@@H]1[C@H]2CN(C(C)=O)C[C@H]21)c1ccc(C)cn1,"(1R,5S,6R)-3-(acetyl)-N-((1S)-1-(5-methylpyridin-2-yl)propyl)-3-azabicyclo[3.1.0]hexane-6-carboxamide",,CC[C@H](NC(=O)C1[C@H]2CN(C(C)=O)C[C@@H]12)c1ccc(C)cn1,
58322,C[C@@]1(C(=O)N2[C@H]3CC[C@@H]2C[C@H](CNC(=O)C[C@H]2CCC(F)(F)C2)C3)CCNC1=O,"2-((1R)-3,3-difluorocyclopentyl)-N-(((1R,3R,5S)-8-(((3R)-3-methyl-2-oxopyrrolidin-3-yl)carbonyl)-8-azabicyclo[3.2.1]octan-3-yl)methyl)acetamide",,C[C@@]1(C(=O)N2[C@@H]3CC[C@H]2C[C@@H](CNC(=O)C[C@H]2CCC(F)(F)C2)C3)CCNC1=O,
58358,CCC[C@H](C)C(=O)N[C@@H]1C[C@H]2[C@@H](C1)[C@@H]2NC(=O)COC[C@H]1CCCO1,"(2S)-2-methyl-N-((1R,3R,5S,6R)-6-(2-((((2R)-oxolan-2-yl)methyl)oxy)acetamido)bicyclo[3.1.0]hexan-3-yl)pentanamide",,CCCC(C)C(=O)N[C@H]1C[C@@H]2[C@H](C1)[C@H]2NC(=O)COC[C@H]1CCCO1,
58415,O=C(Cc1nc(F)c(F)cc1F)NC[C@]1(F)C[C@H](CNC(=O)[C@H]2CCC[C@H]2O)C1,"N-(((1R,3r)-1-fluoro-3-(((1S,2R)-2-hydroxycyclopentanecarboxamido)methyl)cyclobutyl)methyl)-2-(3,5,6-trifluoropyridin-2-yl)acetamide",,O=C(Cc1nc(F)c(F)cc1F)NC[C@]1(F)C[C@H](CNC(=O)C2CCC[C@H]2O)C1,
58430,C[C@H]1CN(C(=O)C2=C[C@@H]3CCCCC[C@@H]23)CCN1C(=O)Cc1cc[nH]n1,"1-((2S)-4-(((1R,7R)-bicyclo[5.2.0]non-8-en-8-yl)carbonyl)-2-methylpiperazin-1-yl)-2-(1H-pyrazol-3-yl)ethan-1-one",[C@@H]12CCCCC[C@H]2C(=C1)C(=O)N1C[C@@H](N(CC1)C(CC1=NNC=C1)=O)C,C[C@H]1CN(C(=O)C2=C[C@@H]3CCCCC[C@@H]23)CCN1C(=O)Cc1cc[nH]n1,C[C@H]1CN(C(=O)C2=C[C@H]3CCCCC[C@@H]23)CCN1C(=O)Cc1cc[nH]n1
58580,O=C(NCCCCCNC(=O)[C@@H]1C[C@@H]2C[C@@H]2C1)c1c[nH]nc1[C@@H]1CCOC1,"N-(5-((1R,3R,5S)-bicyclo[3.1.0]hexane-3-carboxamido)pentyl)-3-((3S)-oxolan-3-yl)-1H-pyrazole-4-carboxamide",,O=C(NCCCCCNC(=O)C1C[C@@H]2C[C@@H]2C1)c1c[nH]nc1[C@@H]1CCOC1,
58596,CC[C@]1(C(=O)N2C[C@H]3[C@H](CN(C)C(=O)c4cccc5ncnn45)[C@H]3C2)CC1(F)F,"N-(((1R,5S,6S)-3-(((1R)-1-ethyl-2,2-difluorocyclopropyl)carbonyl)-3-azabicyclo[3.1.0]hexan-6-yl)methyl)-N-methyl-1,7,9-triazabicyclo[4.3.0]nona-2,4,6,8-tetraene-2-carboxamide",,CC[C@]1(C(=O)N2C[C@@H]3[C@@H](CN(C)C(=O)c4cccc5ncnn45)[C@@H]3C2)CC1(F)F,
58597,Cc1nc(C)c(C(=O)NCC[C@H]2[C@H](C)CCCN2C(=O)[C@H]2C[C@](C)(F)C2)o1,"N-(2-((2S,3R)-1-(((1S,3s)-3-fluoro-3-methylcyclobutyl)carbonyl)-3-methylpiperidin-2-yl)ethyl)-2,4-dimethyloxazole-5-carboxamide",,Cc1nc(C)c(C(=O)NCC[C@H]2[C@H](C)CCCN2C(=O)C2CC(C)(F)C2)o1,
58616,O=C(N[C@H]1CCN(C(=O)[C@@H]2[C@H]3[C@@H]4CC[C@@H](C4)[C@H]32)C12CC2)c1ccc2nccn2n1,"N-((7S)-4-(((1R,2S,3R,4R,5S)-tricyclo[3.2.1.0^{2,4}]octan-3-yl)carbonyl)-4-azaspiro[2.4]heptan-7-yl)-1,2,7-triazabicyclo[4.3.0]nona-2,4,6,8-tetraene-3-carboxamide",,O=C(N[C@H]1CCN(C(=O)C2[C@@H]3[C@H]4CC[C@H](C4)[C@H]23)C12CC2)c1ccc2nccn2n1,
58669,CCN(CCCNC(=O)[C@H]1C[C@@H]2CC[C@H](C1)[C@H]2O)C(=O)CC(C)(C)CC(F)F,"(1R,3S,5S,8S)-N-(3-(N-ethyl-5,5-difluoro-3,3-dimethylpentanamido)propyl)-8-hydroxybicyclo[3.2.1]octane-3-carboxamide",,CCN(CCCNC(=O)C1C[C@H]2CC[C@@H](C1)[C@@H]2O)C(=O)CC(C)(C)CC(F)F,
58828,CN1CCC[C@@H](NC(=O)C23CC(NC(=O)[C@H]4C[C@@H]5CC[C@H](C4)O5)(C2)C3)C1=O,"(1R,3S,5S)-N-(3-(((3R)-1-methyl-2-oxopiperidin-3-yl)carbamoyl)bicyclo[1.1.1]pentan-1-yl)-8-oxabicyclo[3.2.1]octane-3-carboxamide",,CN1CCCC(NC(=O)C23CC(NC(=O)C4C[C@H]5CC[C@@H](C4)O5)(C2)C3)C1=O,
58845,CCOC(=O)[C@@H](F)C(=O)NC[C@]1(c2ccccc2)C[C@@H](NC(=O)[C@@H](CC)OC)C1,"ethyl (2S)-2-fluoro-2-((((1R,3r)-3-((2R)-2-methoxybutanamido)-1-phenylcyclobutyl)methyl)carbamoyl)acetate",,CCOC(=O)C(F)C(=O)NC[C@]1(c2ccccc2)C[C@@H](NC(=O)C(CC)OC)C1,
58875,CCC[C@@H](O)C(=O)N[C@H]1C[C@](C)(NC(=O)COc2ccc(C)c(C)c2)C1,"(2R)-N-((1S,3s)-3-(2-((3,4-dimethylphenyl)oxy)acetamido)-3-methylcyclobutyl)-2-hydroxypentanamide",,CCCC(O)C(=O)N[C@H]1C[C@](C)(NC(=O)COc2ccc(C)c(C)c2)C1,
58892,C=C(I)CC(=O)N1C[C@H]2[C@H](NC(=O)c3ccoc3CCC)[C@H]2C1,"N-((1R,5S,6S)-3-(3-iodo-1-oxobut-3-en-1-yl)-3-azabicyclo[3.1.0]hexan-6-yl)-2-propylfuran-3-carboxamide",,C=C(I)CC(=O)N1C[C@@H]2[C@H](C1)[C@H]2NC(=O)c1ccoc1CCC,
58955,COC(C)(C)C[C@H](C)N[C@]1(c2nnnn2C2CCCCCC2)C[C@H](C)S[C@H](C)C1,"(2R,4R,6S)-4-(1-cycloheptyl-1H-tetrazol-5-yl)-N-((2S)-4-methoxy-4-methylpentan-2-yl)-2,6-dimethyl-thian-4-amine",,COC(C)(C)C[C@H](C)N[C@@]1(c2nnnn2C2CCCCCC2)C[C@@H](C)S[C@@H](C)C1,
59100,C[C@H]1CN(C(=O)COC(F)(F)F)C[C@@H](C)[C@@H]1NC(=O)C[C@@H]1CCSC1,"N-((3R,4R,5S)-3,5-dimethyl-1-(1-oxo-2-((trifluoromethyl)oxy)ethyl)piperidin-4-yl)-2-((3R)-thiolan-3-yl)acetamide",,C[C@@H]1CN(C(=O)COC(F)(F)F)C[C@H](C)[C@H]1NC(=O)C[C@@H]1CCSC1,
59102,CC(C)(C)n1nccc1C(=O)NC[C@H](CO)CNC(=O)c1ncc(Cl)cc1F,N-((2R)-3-(1-(tert-butyl)-1H-pyrazole-5-carboxamido)-2-(hydroxymethyl)propyl)-5-chloro-3-fluoropyridine-2-carboxamide,C(C)(C)(C)N1N=CC=C1C(=O)NC[C@H](CNC(=O)C1=NC=C(C=C1F)Cl)CO,CC(C)(C)n1nccc1C(=O)NC[C@H](CO)CNC(=O)c1ncc(Cl)cc1F,CC(C)(C)n1nccc1C(=O)NC[C@@H](CO)CNC(=O)c1ncc(Cl)cc1F
59112,Cc1cc(=O)n(C)cc1NC(=O)[C@@H]1[C@H]2CN(C(=O)[C@H](O)C(C)(C)C)C[C@H]21,"(1R,5S,6R)-N-(1,4-dimethyl-6-oxo-1-azacyclohexa-2,4-dien-3-yl)-3-((2R)-2-hydroxy-3,3-dimethyl-butyryl)-3-azabicyclo[3.1.0]hexane-6-carboxamide",,Cc1cc(=O)n(C)cc1NC(=O)C1[C@H]2CN(C(=O)C(O)C(C)(C)C)C[C@@H]12,
59133,CCOc1cccnc1C(=O)N[C@H]1C[C@@](C)(NC(=O)c2cc(C)c[nH]2)C1,"3-ethoxy-N-((1S,3r)-3-methyl-3-(4-methyl-1H-pyrrole-2-carboxamido)cyclobutyl)pyridine-2-carboxamide",,CCOc1cccnc1C(=O)N[C@H]1C[C@@](C)(NC(=O)c2cc(C)c[nH]2)C1,
59184,CC(C)(C)OC(=O)N1CCC[C@H](C(=O)N2C[C@@H]3[C@H](C(=O)NC[C@H](O)CO)[C@@H]3C2)C1,"tert-butyl (3S)-3-(((1R,5S,6S)-6-(((2S)-2,3-dihydroxypropyl)carbamoyl)-3-azabicyclo[3.1.0]hexan-3-yl)carbonyl)piperidine-1-carboxylate",,CC(C)(C)OC(=O)N1CCCC(C(=O)N2C[C@@H]3C(C(=O)NC[C@H](O)CO)[C@@H]3C2)C1,
59282,CC=C[C@@H](O)C(=O)N1CCC[C@]12CCCN(C(=O)C1(c3cccnc3)CCC1)C2,"(2R)-2-hydroxy-1-((5S)-7-((1-(pyridin-3-yl)cyclobutyl)carbonyl)-1,7-diazaspiro[4.5]decan-1-yl)pent-3-en-1-one",O[C@@H](C(=O)N1CCC[C@]12CN(CCC2)C(=O)C2(CCC2)C=2C=NC=CC2)C=CC,CC=CC(O)C(=O)N1CCC[C@]12CCCN(C(=O)C1(c3cccnc3)CCC1)C2,CC=CC(O)C(=O)N1CCC[C@@]12CCCN(C(=O)C1(c3cccnc3)CCC1)C2
59351,C=C[C@H](NC(=O)[C@@]1(C(C)C)CCCN1C(=O)CCCC1CC1)C1CC1,(2S)-1-(4-cyclopropyl-butyryl)-N-((1R)-1-cyclopropylprop-2-en-1-yl)-2-(propan-2-yl)pyrrolidine-2-carboxamide,C1(CC1)CCCC(=O)N1[C@](CCC1)(C(=O)N[C@H](C=C)C1CC1)C(C)C,C=C[C@H](NC(=O)[C@@]1(C(C)C)CCCN1C(=O)CCCC1CC1)C1CC1,C=C[C@@H](NC(=O)[C@@]1(C(C)C)CCCN1C(=O)CCCC1CC1)C1CC1
59364,CCCN1CCC[C@@H]1C(=O)N1C[C@H]2[C@H](N(C)C(=O)c3ccc4cc[nH]c4n3)[C@H]2C1,"N-methyl-N-((1R,5S,6S)-3-(((2R)-1-propylpyrrolidin-2-yl)carbonyl)-3-azabicyclo[3.1.0]hexan-6-yl)-2,9-diazabicyclo[4.3.0]nona-1,3,5,7-tetraene-3-carboxamide",,CCCN1CCCC1C(=O)N1C[C@@H]2[C@H](C1)[C@H]2N(C)C(=O)c1ccc2cc[nH]c2n1,
59365,CC(C)(C)NC(=O)[C@@H]([C@H]1C[C@@H]2C[C@@H]2C1)N1CCC2(CCC3(CC2)OCCO3)C1,"(2R)-2-((1R,3S,5S)-bicyclo[3.1.0]hexan-3-yl)-N-(tert-butyl)-2-(9,12-dioxa-2-azadispiro[4.2.4.2]tetradecan-2-yl)acetamide",,CC(C)(C)NC(=O)C([C@H]1C[C@@H]2C[C@@H]2C1)N1CCC2(CCC3(CC2)OCCO3)C1,
59399,C=C[C@H](O)C(=O)N[C@H]1[C@@H]2CN(C(=O)c3ccc4ncsc4c3)C[C@@H]21,"(2S)-N-((1R,5S,6S)-3-((benzothiazol-6-yl)carbonyl)-3-azabicyclo[3.1.0]hexan-6-yl)-2-hydroxybut-3-enamide",,C=CC(O)C(=O)N[C@H]1[C@@H]2CN(C(=O)c3ccc4ncsc4c3)C[C@@H]21,
59451,O=C(N[C@@H]1[C@@H]2CN(C(=O)c3cc4sccc4s3)C[C@@H]21)[C@H]1[C@H]2SC=C[C@H]21,"(1S,5R,6S)-N-((1R,5S,6R)-3-((2,6-dithiabicyclo[3.3.0]octa-1(5),3,7-trien-3-yl)carbonyl)-3-azabicyclo[3.1.0]hexan-6-yl)-2-thiabicyclo[3.1.0]hex-3-ene-6-carboxamide",,O=C(N[C@@H]1[C@@H]2CN(C(=O)c3cc4sccc4s3)C[C@@H]21)C1[C@H]2SC=C[C@@H]12,
59483,Cc1cc(N2C[C@H]3C[C@H](NC(=O)[C@H](C)Cn4ccnc4)C[C@H]3C2)ncc1C#N,"(2R)-2-(1H-imidazol-1-ylmethyl)-N-((1R,5S,7S)-3-(4-methyl-5-(nitrilomethyl)pyridin-2-yl)-3-azabicyclo[3.3.0]octan-7-yl)propanamide",,Cc1cc(N2C[C@H]3C[C@H](NC(=O)C(C)Cn4ccnc4)C[C@H]3C2)ncc1C#N,
59604,C[C@@H]1C[C@@]2(C(=O)N3CCC[C@@H](CN(C)C(=O)CC45CCCN4CCC5)C3)C[C@@H]12,"2-(1-azabicyclo[3.3.0]octan-5-yl)-N-methyl-N-(((3S)-1-(((1R,3R,4S)-3-methylbicyclo[2.1.0]pentan-1-yl)carbonyl)piperidin-3-yl)methyl)acetamide",N12CCCC2(CCC1)CC(=O)N(C[C@H]1CN(CCC1)C(=O)[C@@]12C[C@H]([C@@H]2C1)C)C,C[C@@H]1C[C@@]2(C(=O)N3CCC[C@@H](CN(C)C(=O)CC45CCCN4CCC5)C3)C[C@@H]12,C[C@@H]1C[C@]2(C(=O)N3CCC[C@@H](CN(C)C(=O)CC45CCCN4CCC5)C3)C[C@@H]12
59612,C=CC(C)(C)CC(=O)N1CCC[C@@]12CCCN(C(=O)C/C=C/c1ccccc1)C2,"3,3-dimethyl-1-((5R)-7-((3E)-1-oxo-4-phenylbut-3-en-1-yl)-1,7-diazaspiro[4.5]decan-1-yl)pent-4-en-1-one",CC(CC(=O)N1CCC[C@@]12CN(CCC2)C(C\C=C\C2=CC=CC=C2)=O)(C=C)C,C=CC(C)(C)CC(=O)N1CCC[C@@]12CCCN(C(=O)C/C=C/c1ccccc1)C2,C=CC(C)(C)CC(=O)N1CCC[C@]12CCCN(C(=O)C/C=C/c1ccccc1)C2
59630,C[C@@H]1CCS[C@H]1C(=O)N[C@H]1CC[C@@]2(CC1)CN(C(=O)c1csnc1Cl)CCO2,"(2R,3R)-N-(10-((3-chloroisothiazol-4-yl)carbonyl)-7-oxa-10-azaspiro[5.5]undecan-3-yl)-3-methylthiolane-2-carboxamide",ClC1=NSC=C1C(=O)N1CCOC2(CCC(CC2)NC(=O)[C@@H]2SCC[C@H]2C)C1,C[C@@H]1CCSC1C(=O)N[C@H]1CC[C@@]2(CC1)CN(C(=O)c1csnc1Cl)CCO2,C[C@@H]1CCSC1C(=O)NC1CCC2(CC1)CN(C(=O)c1csnc1Cl)CCO2
59646,CCC(CC)(CO)C(=O)N[C@H]1C[C@@H]2C[C@H](C1)CN(C(=O)[C@@H]1SCC=C1C)C2,"2-ethyl-2-(hydroxymethyl)-N-((1R,5S,7S)-3-(((2R)-3-methyl-1-thiacyclopent-3-en-2-yl)carbonyl)-3-azabicyclo[3.3.1]nonan-7-yl)butanamide",,CCC(CC)(CO)C(=O)N[C@@H]1C[C@H]2C[C@@H](C1)CN(C(=O)C1SCC=C1C)C2,
59704,O=C(c1csc(CO)n1)N1CCN(C(=O)[C@@H]2C[C@@H]3CC[C@@H]3C2)[C@H]2CS(=O)(=O)C[C@H]21,"1-((1S,6R)-5-(((1R,3R,5S)-bicyclo[3.2.0]heptan-3-yl)carbonyl)-8,8-dioxo-8lambda^6-thia-2,5-diazabicyclo[4.3.0]nonan-2-yl)-1-(2-(hydroxymethyl)thiazol-4-yl)methanone",,O=C(c1csc(CO)n1)N1CCN(C(=O)C2C[C@H]3CC[C@H]3C2)[C@H]2CS(=O)(=O)C[C@H]21,
59719,COCc1c(C(=O)N[C@]2(C)C[C@@H](NC(=O)c3cc(N)ccc3C)C2)cnn1C,"N-((1R,3r)-3-(5-amino-2-methylbenzene-1-carboxamido)-1-methylcyclobutyl)-5-(methoxymethyl)-1-methyl-1H-pyrazole-4-carboxamide",,COCc1c(C(=O)N[C@]2(C)C[C@@H](NC(=O)c3cc(N)ccc3C)C2)cnn1C,
59837,Cc1cc(CC(=O)NCC2(NC(=O)[C@H]3C[C@@H]4OC(=O)O[C@@H]4C3)CC2)n(C)n1,"2-(1,3-dimethyl-1H-pyrazol-5-yl)-N-((1-((1R,5S,7S)-3-oxo-2,4-dioxabicyclo[3.3.0]octane-7-carboxamido)cyclopropyl)methyl)acetamide",,Cc1cc(CC(=O)NCC2(NC(=O)C3C[C@@H]4OC(=O)O[C@@H]4C3)CC2)n(C)n1,
59849,CCC[C@H](CC)CC(=O)N1CCN(C(=O)[C@@H]2[C@H]3CCCC[C@H]32)CC12CC2,"(3S)-1-(7-(((1R,6S,7R)-bicyclo[4.1.0]heptan-7-yl)carbonyl)-4,7-diazaspiro[2.5]octan-4-yl)-3-ethylhexan-1-one",,CCC[C@H](CC)CC(=O)N1CCN(C(=O)C2[C@H]3CCCC[C@@H]23)CC12CC2,
59980,CO[C@@H]1CC[C@H](C(=O)N2CCC[C@@]3(CCCN3C(=O)CC(C)(C)CC(F)F)C2)C1,"5,5-difluoro-1-((5R)-7-(((1S,3R)-3-methoxycyclopentyl)carbonyl)-1,7-diazaspiro[4.5]decan-1-yl)-3,3-dimethylpentan-1-one",FC(CC(CC(=O)N1CCC[C@@]12CN(CCC2)C(=O)[C@@H]2C[C@@H](CC2)OC)(C)C)F,CO[C@@H]1CCC(C(=O)N2CCC[C@@]3(CCCN3C(=O)CC(C)(C)CC(F)F)C2)C1,CO[C@@H]1CCC(C(=O)N2CCC[C@]3(CCCN3C(=O)CC(C)(C)CC(F)F)C2)C1
60027,CCCOCC(=O)N1C[C@H]2[C@@H](C1)[C@@H]2c1cn(CCCN2CCCC2)nn1,"2-propoxy-1-((1R,5S,6R)-6-(1-(3-(pyrrolidin-1-yl)propyl)-1H-1,2,3-triazol-4-yl)-3-azabicyclo[3.1.0]hexan-3-yl)ethan-1-one",,CCCOCC(=O)N1C[C@@H]2[C@H](C1)[C@H]2c1cn(CCCN2CCCC2)nn1,
60034,C[C@@H](CCNC(=O)CC[C@@H]1CCC(=O)NC1)N(C)C(=O)[C@H]1CC[C@H](C)CC1,N-((3S)-3-(N-methyltrans-4-methylcyclohexanecarboxamido)butyl)-3-((3R)-6-oxopiperidin-3-yl)propanamide,CN(C(=O)[C@@H]1CC[C@H](CC1)C)[C@H](CCNC(CC[C@@H]1CNC(CC1)=O)=O)C,CC1CCC(C(=O)N(C)[C@@H](C)CCNC(=O)CC[C@@H]2CCC(=O)NC2)CC1,CC1CCC(C(=O)N(C)[C@@H](C)CCNC(=O)CC[C@H]2CCC(=O)NC2)CC1
60120,C#CCOc1ccc(CN2[C@H]3CC[C@@H]2C[C@H](NC(=O)c2ccns2)C3)cc1,"N-((1R,3R,5S)-8-((4-((prop-2-yn-1-yl)oxy)phenyl)methyl)-8-azabicyclo[3.2.1]octan-3-yl)isothiazole-5-carboxamide",,C#CCOc1ccc(CN2[C@@H]3CC[C@H]2C[C@@H](NC(=O)c2ccns2)C3)cc1,
60153,Cn1ncnc1CN1C[C@H]2[C@H](NC(=O)[C@H]3CCC(C)(C)C3)[C@H]2C1,"(1S)-3,3-dimethyl-N-((1R,5S,6S)-3-((1-methyl-1H-1,2,4-triazol-5-yl)methyl)-3-azabicyclo[3.1.0]hexan-6-yl)cyclopentanecarboxamide",,Cn1ncnc1CN1C[C@@H]2[C@H](C1)[C@H]2NC(=O)C1CCC(C)(C)C1,
60165,CCC(F)(F)C(=O)N1C[C@H]2[C@H](N(C)C(=O)CCc3ccc4c(c3)OCCO4)[C@H]2C1,"N-((1R,5S,6S)-3-(2,2-difluoro-butyryl)-3-azabicyclo[3.1.0]hexan-6-yl)-3-(2,5-dioxabicyclo[4.4.0]deca-1(6),7,9-trien-8-yl)-N-methylpropanamide",,CCC(F)(F)C(=O)N1C[C@@H]2[C@H](C1)[C@H]2N(C)C(=O)CCc1ccc2c(c1)OCCO2,
60182,C=CCSCC(=O)N[C@@H]1CN(C(=O)[C@H]2CC[C@](C)(O)CC2)CC12CC2,"N-((7S)-5-(((1R,4r)-4-hydroxy-4-methylcyclohexyl)carbonyl)-5-azaspiro[2.4]heptan-7-yl)-2-((prop-2-en-1-yl)sulfanyl)acetamide",,C=CCSCC(=O)N[C@@H]1CN(C(=O)C2CCC(C)(O)CC2)CC12CC2,
60301,CC=C(C=CC(=O)N[C@]1(c2ccccc2)C[C@@H](NC(=O)[C@H](C)CF)C1)CC,"4-ethyl-N-((1S,3s)-3-((2S)-2-(fluoromethyl)propanamido)-1-phenylcyclobutyl)hexa-2,4-dienamide",,CC=C(C=CC(=O)N[C@]1(c2ccccc2)C[C@@H](NC(=O)C(C)CF)C1)CC,
60332,CCNC(=O)C(=O)N1C[C@H]2[C@H](CC(=O)NC[C@@H]3CCNC(=O)C3)[C@H]2C1,"N-ethyl-2-oxo-2-((1R,5S,6S)-6-(2-oxo-2-((((4R)-2-oxopiperidin-4-yl)methyl)amino)ethyl)-3-azabicyclo[3.1.0]hexan-3-yl)acetamide",,CCNC(=O)C(=O)N1C[C@@H]2[C@@H](CC(=O)NC[C@@H]3CCNC(=O)C3)[C@@H]2C1,
60400,O=C(NC[C@@H]1CCC[C@H](CNC(=O)[C@@H]2CC[C@H]3C[C@H]3CC2)C1)c1ccnnc1,"N-(((1R,3S)-3-(((1R,4R,7S)-bicyclo[5.1.0]octane-4-carboxamido)methyl)cyclohexyl)methyl)pyridazine-4-carboxamide",,O=C(NC[C@@H]1CCC[C@H](CNC(=O)C2CC[C@@H]3C[C@@H]3CC2)C1)c1ccnnc1,
60430,CC[C@H](C)[C@@H](O)CC(=O)N1C[C@H]2[C@H](CC(=O)N(C)C3CC3)[C@H]2C1,"N-cyclopropyl-2-((1R,5S,6S)-3-((3S,4S)-3-hydroxy-4-methyl-hexanoyl)-3-azabicyclo[3.1.0]hexan-6-yl)-N-methylacetamide",,CC[C@H](C)[C@@H](O)CC(=O)N1C[C@@H]2[C@@H](CC(=O)N(C)C3CC3)[C@@H]2C1,
60460,Cn1cc(Cl)cc1C(=O)N[C@@H]1[C@H]2CCN(C(=O)[C@@H]3[C@H]4[C@@H]5CC[C@@H](C5)[C@H]43)[C@H]21,"4-chloro-1-methyl-N-((1R,5R,6R)-2-(((1R,2S,3R,4R,5S)-tricyclo[3.2.1.0^{2,4}]octan-3-yl)carbonyl)-2-azabicyclo[3.1.0]hexan-6-yl)-1H-pyrrole-2-carboxamide",,Cn1cc(Cl)cc1C(=O)N[C@@H]1[C@H]2CCN(C(=O)C3[C@@H]4[C@H]5CC[C@H](C5)[C@H]34)[C@H]21,
60463,C[C@@H]1CC[C@@H](C(=O)N[C@H]2C[C@](C)(NC(=O)c3cc(Br)ccn3)C2)O1,"4-bromo-N-((1R,3r)-1-methyl-3-((2S,5R)-5-methyloxolane-2-carboxamido)cyclobutyl)pyridine-2-carboxamide",,C[C@@H]1CCC(C(=O)N[C@H]2C[C@](C)(NC(=O)c3cc(Br)ccn3)C2)O1,
60480,CN(C(=O)c1ccc(Cl)cc1)[C@H]1CCCN(C(=O)[C@H]2C[C@](C)(F)C2)CC1,"4-chloro-N-((4S)-1-(((1S,3s)-3-fluoro-3-methylcyclobutyl)carbonyl)-1-azacycloheptan-4-yl)-N-methylbenzene-1-carboxamide",,CN(C(=O)c1ccc(Cl)cc1)[C@H]1CCCN(C(=O)C2CC(C)(F)C2)CC1,
60498,CCC(CC)(CNC(=O)c1ccc2c(n1)CCOC2)NC(=O)[C@@H]1C[C@@H]2C[C@@H]2C1,"N-(2-((1R,3R,5S)-bicyclo[3.1.0]hexane-3-carboxamido)-2-ethylbutyl)-3-oxa-7-azabicyclo[4.4.0]deca-1(6),7,9-triene-8-carboxamide",,CCC(CC)(CNC(=O)c1ccc2c(n1)CCOC2)NC(=O)C1C[C@@H]2C[C@@H]2C1,
60547,C[C@@H]1[C@H](C(=O)NC[C@H]2CCN(C(=O)c3cc(O)ccc3F)C23CCC3)[C@@H]1C,"(1S,2R,3S)-N-(((8R)-5-((2-fluoro-5-hydroxyphenyl)carbonyl)-5-azaspiro[3.4]octan-8-yl)methyl)-2,3-dimethylcyclopropanecarboxamide",,C[C@@H]1C(C(=O)NC[C@H]2CCN(C(=O)c3cc(O)ccc3F)C23CCC3)[C@@H]1C,
60596,COCc1cc(C(=O)NC[C@@H](CO)NC(=O)[C@H]2C[C@H]3C=CC[C@H](C3)C2)on1,"N-((2S)-2-((1S,3R,5S)-bicyclo[3.3.1]non-6-ene-3-carboxamido)-3-hydroxypropyl)-3-(methoxymethyl)isoxazole-5-carboxamide",[C@H]12C[C@H](C[C@@H](C=CC1)C2)C(=O)N[C@@H](CNC(=O)C2=CC(=NO2)COC)CO,COCc1cc(C(=O)NC[C@@H](CO)NC(=O)C2C[C@H]3C=CC[C@@H](C2)C3)on1,COCc1cc(C(=O)NC[C@@H](CO)NC(=O)C2C[C@H]3C=CC[C@H](C2)C3)on1
60599,CC1(C)[C@H]2CC[C@]1(C(=O)N1CC=C(CCNC(=O)C3(C(N)=O)CC3)CC1)CC2,"N-(2-(1-((7,7-dimethylbicyclo[2.2.1]heptan-1-yl)carbonyl)-1-azacyclohex-3-en-4-yl)ethyl)cyclopropane-1,1-dicarboxamide",CC1(C2(CCC1CC2)C(=O)N2CC=C(CC2)CCNC(=O)C2(CC2)C(=O)N)C,CC1(C)[C@H]2CC[C@]1(C(=O)N1CC=C(CCNC(=O)C3(C(N)=O)CC3)CC1)CC2,CC1(C)C2CCC1(C(=O)N1CC=C(CCNC(=O)C3(C(N)=O)CC3)CC1)CC2
60608,COc1cc(CC(=O)NC[C@@]2(NC(=O)[C@@H]3[C@H]4COC[C@H]43)CCOC2)cc(OC)c1,"2-(3,5-dimethoxyphenyl)-N-(((3S)-3-((1R,5S,6R)-3-oxabicyclo[3.1.0]hexane-6-carboxamido)oxolan-3-yl)methyl)acetamide",,COc1cc(CC(=O)NC[C@@]2(NC(=O)C3[C@H]4COC[C@@H]34)CCOC2)cc(OC)c1,
60712,CC(C)CS(=O)(=O)CCC(=O)N[C@H]1[C@@H]2CN(C(=O)[C@@H](C)Oc3cccnc3)C[C@@H]21,"3-(2-methylpropylsulfonyl)-N-((1R,5S,6S)-3-((2R)-1-oxo-2-((pyridin-3-yl)oxy)propyl)-3-azabicyclo[3.1.0]hexan-6-yl)propanamide",,CC(C)CS(=O)(=O)CCC(=O)N[C@H]1[C@@H]2CN(C(=O)C(C)Oc3cccnc3)C[C@@H]21,
60721,CN(C(=O)c1ccccc1C#CC1CC1)[C@H]1[C@@H]2CN(C(=O)C=CC3CC3)C[C@@H]21,"N-((1R,5S,6S)-3-(3-cyclopropyl-1-oxoprop-2-en-1-yl)-3-azabicyclo[3.1.0]hexan-6-yl)-2-(2-cyclopropylethynyl)-N-methylbenzene-1-carboxamide",,CN(C(=O)c1ccccc1C#CC1CC1)[C@H]1[C@@H]2CN(C(=O)C=CC3CC3)C[C@@H]21,
60733,O=C(C[C@@H]1CC[C@H]2C[C@@H]2C1)NCCN1CCN(c2nc3ccccc3s2)CC1,"N-(2-(4-(benzothiazol-2-yl)piperazin-1-yl)ethyl)-2-((1S,3R,6S)-bicyclo[4.1.0]heptan-3-yl)acetamide",S1C(=NC2=C1C=CC=C2)N2CCN(CC2)CCNC(C[C@H]2C[C@@H]1C[C@@H]1CC2)=O,O=C(C[C@@H]1CC[C@H]2C[C@@H]2C1)NCCN1CCN(c2nc3ccccc3s2)CC1,O=C(C[C@@H]1CC[C@H]2C[C@H]2C1)NCCN1CCN(c2nc3ccccc3s2)CC1
60745,CN(C(=O)Cc1ccccc1Cl)[C@H]1C[C@@H]2CC[C@H](C1)N2C(=O)C1=CCCC1,"2-(2-chlorophenyl)-N-((1R,3S,5S)-8-((cyclopent-1-en-1-yl)carbonyl)-8-azabicyclo[3.2.1]octan-3-yl)-N-methylacetamide",,CN(C(=O)Cc1ccccc1Cl)[C@@H]1C[C@H]2CC[C@@H](C1)N2C(=O)C1=CCCC1,
60758,O=C(N[C@@H](C(=O)N[C@H]1C[C@H]2COC[C@H](C2)C1)C1CCCC1)[C@H](O)Cn1cncn1,"(2R)-N-((1R)-1-cyclopentyl-2-(((1R,5S,7S)-3-oxabicyclo[3.3.1]nonan-7-yl)amino)-2-oxoethyl)-2-hydroxy-3-(1H-1,2,4-triazol-1-yl)propanamide",,O=C(NC(C(=O)N[C@@H]1C[C@@H]2COC[C@@H](C2)C1)C1CCCC1)C(O)Cn1cncn1,
60863,CCCSCCC(=O)N[C@H]1C[C@@](NC(=O)c2scnc2C)(c2ccccc2)C1,"N-((1S,3s)-3-(4-methylthiazole-5-carboxamido)-3-phenylcyclobutyl)-3-(propylsulfanyl)propanamide",,CCCSCCC(=O)N[C@H]1C[C@@](NC(=O)c2scnc2C)(c2ccccc2)C1,
60884,CC(C)[C@@H](CCNC(=O)CN1C[C@H]2CC[C@H]1C2)NC(=O)[C@@H]1[C@H]2CCCC[C@H]21,"2-((1S,4S)-2-azabicyclo[2.2.1]heptan-2-yl)-N-((3R)-3-((1R,6S,7R)-bicyclo[4.1.0]heptane-7-carboxamido)-4-methylpentyl)acetamide",,CC(C)[C@@H](CCNC(=O)CN1C[C@H]2CC[C@H]1C2)NC(=O)C1[C@H]2CCCC[C@@H]12,
60894,Cc1cc(F)ccc1C(=O)N[C@H]1C[C@@H]2CN(C(=O)C3CCC(F)(F)CC3)C[C@@H]2C1,"N-((1R,5S,7S)-3-((4,4-difluorocyclohexyl)carbonyl)-3-azabicyclo[3.3.0]octan-7-yl)-4-fluoro-2-methylbenzene-1-carboxamide",,Cc1cc(F)ccc1C(=O)N[C@H]1C[C@@H]2CN(C(=O)C3CCC(F)(F)CC3)C[C@@H]2C1,
60909,C[C@H]1C[C@H]1C(=O)N[C@H]1[C@@H]2CN(C(=O)c3c(Cl)cc(F)cc3Br)C[C@@H]21,"(1R,2S)-N-((1R,5S,6S)-3-((2-bromo-6-chloro-4-fluorophenyl)carbonyl)-3-azabicyclo[3.1.0]hexan-6-yl)-2-methylcyclopropanecarboxamide",,C[C@H]1CC1C(=O)N[C@H]1[C@@H]2CN(C(=O)c3c(Cl)cc(F)cc3Br)C[C@@H]21,
60927,CC12CC(NC(=O)CN3CCCCC3)(C1)C1(CN(C(=O)[C@H](F)C(F)(F)F)C1)O2,"N-(1-methylspiro[2-oxabicyclo[2.1.1]hexane-3,3'-((2S)-1-(azetidin-1-yl)-2,3,3,3-tetrafluoropropane)]-4-yl-1'-one)-2-(piperidin-1-yl)acetamide",,CC12CC(NC(=O)CN3CCCCC3)(C1)C1(CN(C(=O)C(F)C(F)(F)F)C1)O2,
60932,CC1(C)CO[C@@H](CCNC(=O)[C@H]2C[C@@](C)(NC(=O)C3CC(=O)NC(=O)C3)C2)C1,"N-((1R,3s)-3-((2-((2R)-4,4-dimethyloxolan-2-yl)ethyl)carbamoyl)-1-methylcyclobutyl)-2,6-dioxopiperidine-4-carboxamide",,CC1(C)CO[C@@H](CCNC(=O)C2CC(C)(NC(=O)C3CC(=O)NC(=O)C3)C2)C1,
61001,CC(C)[C@H](C)C(=O)N[C@H]1C[C@](C)(NC(=O)C2C[C@H]3CC[C@H](C2)C3)C1,"(2S)-N-((1S,3s)-3-((1S,5S)-bicyclo[3.2.1]octane-3-carboxamido)-3-methylcyclobutyl)-2,3-dimethylbutanamide",,CC(C)C(C)C(=O)N[C@H]1C[C@](C)(NC(=O)C2C[C@H]3CC[C@H](C2)C3)C1,
61023,C[C@H]1C[C@](C)(C(=O)NC[C@@H](C)CNC(=O)CN2C(=O)[C@@H](C)[C@@H](C)C2=O)C[C@@H](C)O1,"(2R,4S,6S)-N-((2R)-2-((2-((3R,4S)-3,4-dimethyl-2,5-dioxopyrrolidin-1-yl)acetamido)methyl)propyl)-2,4,6-trimethyloxane-4-carboxamide",,Cc1c(C)c(O)n(CC(=O)NC[C@H](C)CNC(=O)[C@]2(C)C[C@@H](C)O[C@@H](C)C2)c1O,
61030,C=C[C@@H](C1CC1)N(C)C(=O)[C@@H]1[C@H]2CCN(C(=O)[C@H]3C[C@@H](N(C)C)C3)C[C@H]21,"(1R,6S,7R)-3-((cis-3-(dimethylamino)cyclobutyl)carbonyl)-N-((1R)-1-cyclopropylprop-2-en-1-yl)-N-methyl-3-azabicyclo[4.1.0]heptane-7-carboxamide",CN([C@H]1C[C@H](C1)C(=O)N1C[C@H]2[C@@H]([C@H]2CC1)C(=O)N(C)[C@H](C=C)C1CC1)C,C=C[C@@H](C1CC1)N(C)C(=O)C1[C@H]2CCN(C(=O)C3CC(N(C)C)C3)C[C@@H]12,C=C[C@H](C1CC1)N(C)C(=O)C1[C@H]2CCN(C(=O)C3CC(N(C)C)C3)C[C@@H]12
61035,Cc1cc(C(=O)NC[C@@H]2CN(C(=O)[C@@H]3C[C@H]4CCC[C@H](C4)C3)CC(C)(C)O2)sn1,"N-(((2R)-4-(((1R,3R,5S)-bicyclo[3.3.1]nonan-3-yl)carbonyl)-6,6-dimethylmorpholin-2-yl)methyl)-3-methylisothiazole-5-carboxamide",,Cc1cc(C(=O)NC[C@@H]2CN(C(=O)C3C[C@H]4CCC[C@@H](C3)C4)CC(C)(C)O2)sn1,
61056,CN1CC[C@H]1C(=O)N[C@@H]1C[C@H]2[C@@H](C1)[C@@H]2NC(=O)c1ccc2ccncc2n1,"N-((1R,3R,5S,6R)-3-((2S)-1-methylazetidine-2-carboxamido)bicyclo[3.1.0]hexan-6-yl)-1,7-naphthyridine-2-carboxamide",,CN1CCC1C(=O)N[C@H]1C[C@@H]2[C@H](C1)[C@H]2NC(=O)c1ccc2ccncc2n1,
61092,Cc1nn(C)c2ncc(C(=O)N3C[C@H]4[C@H](NC(=O)[C@@H](C)C5(O)CCC5)[C@H]4C3)cc12,"(2S)-N-((1R,5S,6S)-3-((7,9-dimethyl-2,8,9-triazabicyclo[4.3.0]nona-1(6),2,4,7-tetraen-4-yl)carbonyl)-3-azabicyclo[3.1.0]hexan-6-yl)-2-(1-hydroxycyclobutyl)propanamide",,Cc1nn(C)c2ncc(C(=O)N3C[C@@H]4[C@H](C3)[C@H]4NC(=O)C(C)C3(O)CCC3)cc12,
61144,Cc1cc(S(N)(=O)=O)sc1C(=O)N[C@H]1C[C@](C)(NC(=O)[C@@H]2C3C[C@@H]4C2[C@@H]4C3)C1,"5-(sulfamoyl)-3-methyl-N-((1S,3s)-3-methyl-3-((1R,2S,5R)-tricyclo[2.2.1.0^{2,6}]heptane-5-carboxamido)cyclobutyl)thiophene-2-carboxamide",,Cc1cc(S(N)(=O)=O)sc1C(=O)N[C@H]1C[C@](C)(NC(=O)C2C3C[C@@H]4C2[C@@H]4C3)C1,
61158,CN(C)c1c(F)cc(NC(=O)C(=O)N[C@@H]2CC[C@H](O)[C@H](O)CC2)cc1F,"N'-((1R,4R,5S)-4,5-dihydroxycycloheptyl)-N-(4-(dimethylamino)-3,5-difluorophenyl)ethanediamide",,CN(C)c1c(F)cc(NC(=O)C(=O)N[C@H]2CC[C@@H](O)[C@@H](O)CC2)cc1F,
61165,C=C[C@@H](NC(=O)CNC(=O)CNC(=O)[C@@]1(COC)CCCO1)C1CCC1,N-((1S)-1-cyclobutylprop-2-en-1-yl)-2-(2-((2S)-2-(methoxymethyl)oxolane-2-carboxamido)acetamido)acetamide,C1(CCC1)[C@H](C=C)NC(CNC(CNC(=O)[C@@]1(OCCC1)COC)=O)=O,C=C[C@@H](NC(=O)CNC(=O)CNC(=O)[C@@]1(COC)CCCO1)C1CCC1,C=C[C@H](NC(=O)CNC(=O)CNC(=O)[C@@]1(COC)CCCO1)C1CCC1
61357,Cn1ccc(CCC(=O)N2C[C@H]3[C@H](CNC(=O)CCCCc4cnc[nH]4)[C@H]3C2)n1,"5-(1H-imidazol-5-yl)-N-(((1R,5S,6S)-3-(3-(1-methyl-1H-pyrazol-3-yl)-propionyl)-3-azabicyclo[3.1.0]hexan-6-yl)methyl)pentanamide",,Cn1ccc(CCC(=O)N2C[C@@H]3[C@@H](CNC(=O)CCCCc4c[nH]cn4)[C@@H]3C2)n1,
61358,Cc1c(CO)cccc1C(=O)NC[C@]1(F)C[C@@H](CNC(=O)CN2CCCC2=O)C1,"N-(((1S,3r)-1-fluoro-3-((2-(2-oxopyrrolidin-1-yl)acetamido)methyl)cyclobutyl)methyl)-3-(hydroxymethyl)-2-methylbenzene-1-carboxamide",,Cc1c(CO)cccc1C(=O)NC[C@]1(F)C[C@@H](CNC(=O)CN2CCCC2=O)C1,
61365,CO[C@@H](F)C(=O)N[C@@H]1CN(C(=O)[C@H]2C[C@](F)(CO)C2)CC12CCOCC2,"(2S)-2-fluoro-N-((4S)-2-(((1S,3r)-3-fluoro-3-(hydroxymethyl)cyclobutyl)carbonyl)-8-oxa-2-azaspiro[4.5]decan-4-yl)-2-methoxyacetamide",,COC(F)C(=O)N[C@@H]1CN(C(=O)C2CC(F)(CO)C2)CC12CCOCC2,
61417,Nc1c(C(=O)N2C[C@@H]3CC[C@]3(NC(=O)[C@@H]3[C@H]4COC[C@H]43)C2)sc(Cl)c1Cl,"(1R,5S,6R)-N-((1R,5S)-3-((3-amino-4,5-dichlorothiophen-2-yl)carbonyl)-3-azabicyclo[3.2.0]heptan-1-yl)-3-oxabicyclo[3.1.0]hexane-6-carboxamide",,Nc1c(C(=O)N2C[C@@H]3CC[C@]3(NC(=O)C3[C@H]4COC[C@@H]34)C2)sc(Cl)c1Cl,
61458,Cn1cnc(C(=O)N2CCC[C@]23CCCN(C(=O)C[C@@H]2CCCC2(F)F)C3)n1,"2-((1S)-2,2-difluorocyclopentyl)-1-((5S)-1-((1-methyl-1H-1,2,4-triazol-3-yl)carbonyl)-1,7-diazaspiro[4.5]decan-7-yl)ethan-1-one",FC1([C@@H](CCC1)CC(=O)N1C[C@]2(CCCN2C(=O)C2=NN(C=N2)C)CCC1)F,Cn1cnc(C(=O)N2CCC[C@]23CCCN(C(=O)C[C@@H]2CCCC2(F)F)C3)n1,Cn1cnc(C(=O)N2CCC[C@@]23CCCN(C(=O)C[C@@H]2CCCC2(F)F)C3)n1
61468,COc1cccc(Br)c1CN1C[C@H]2C[C@H](NC(=O)c3c(C)nn(C)c3C)C[C@H]2C1,"N-((1R,5S,7S)-3-((2-bromo-6-methoxyphenyl)methyl)-3-azabicyclo[3.3.0]octan-7-yl)-1,3,5-trimethyl-1H-pyrazole-4-carboxamide",,COc1cccc(Br)c1CN1C[C@H]2C[C@H](NC(=O)c3c(C)nn(C)c3C)C[C@H]2C1,
61477,Cn1ncc2c(N[C@H]3[C@@H]4CN(C(=O)Cc5ccc(C#N)cc5)C[C@@H]43)ncnc21,"4-(2-((1R,5S,6S)-6-((9-methyl-2,4,8,9-tetraazabicyclo[4.3.0]nona-1,3,5,7-tetraen-5-yl)amino)-3-azabicyclo[3.1.0]hexan-3-yl)-2-oxoethyl)benzonitrile",,Cn1ncc2c(N[C@H]3[C@@H]4CN(C(=O)Cc5ccc(C#N)cc5)C[C@@H]43)ncnc21,
61479,COCCC(C)(C)C(=O)N[C@@H]1C[C@@H]2CC[C@H](C1)N2C(=O)C1(C)CC2(CC2)C1,"4-methoxy-2,2-dimethyl-N-((1R,3R,5S)-8-((5-methylspiro[2.3]hexan-5-yl)carbonyl)-8-azabicyclo[3.2.1]octan-3-yl)butanamide",,COCCC(C)(C)C(=O)N[C@H]1C[C@H]2CC[C@@H](C1)N2C(=O)C1(C)CC2(CC2)C1,
61482,CCCC[C@H](O)[C@H](C)C(=O)N(C)[C@H](C)CCNC(=O)[C@@H]1[C@H]2CCC[C@H]21,"(2S,3S)-N-((2R)-4-((1R,5S,6R)-bicyclo[3.1.0]hexane-6-carboxamido)butan-2-yl)-3-hydroxy-2,N-dimethylheptanamide",,CCCC[C@H](O)C(C)C(=O)N(C)[C@H](C)CCNC(=O)C1[C@H]2CCC[C@@H]12,
61489,CC[C@@H](CC(=O)N(C)[C@H]1C[C@@H]2CC[C@H](C1)N2C(=O)C1(C(N)=O)CCC1)C1CCC1,"(3S)-N-((1R,3S,5S)-8-((1-carbamoylcyclobutyl)carbonyl)-8-azabicyclo[3.2.1]octan-3-yl)-3-cyclobutyl-N-methylpentanamide",,CC[C@@H](CC(=O)N(C)[C@@H]1C[C@H]2CC[C@@H](C1)N2C(=O)C1(C(N)=O)CCC1)C1CCC1,
61529,Cc1cnn(C)c1CC(=O)N1C[C@@H]2CCCN(C(=O)[C@H]3C[C@H]4[C@@H](C3)C4(C)C)[C@@H]2C1,"2-(1,4-dimethyl-1H-pyrazol-5-yl)-1-((1S,6S)-2-(((1R,3S,5S)-6,6-dimethylbicyclo[3.1.0]hexan-3-yl)carbonyl)-2,8-diazabicyclo[4.3.0]nonan-8-yl)ethan-1-one",,Cc1cnn(C)c1CC(=O)N1C[C@@H]2CCCN(C(=O)C3C[C@@H]4[C@H](C3)C4(C)C)[C@@H]2C1,
61615,Cc1ncc2ccccc2c1C(=O)N[C@H]1C[C@](C)(NC(=O)[C@@H](C#N)C(C)C)C1,"N-((1S,3s)-3-((2R)-2-cyano-3-methylbutanamido)-3-methylcyclobutyl)-3-methylisoquinoline-4-carboxamide",,Cc1ncc2ccccc2c1C(=O)N[C@H]1C[C@](C)(NC(=O)C(C#N)C(C)C)C1,
61635,C=CC1(NC(=O)C[C@H]2[C@@H]3CN(C(=O)[C@H](C)c4cc[nH]n4)C[C@H]23)CCOCC1,"N-(4-ethenyl-oxan-4-yl)-2-((1R,5S,6S)-3-((2R)-1-oxo-2-(1H-pyrazol-3-yl)propyl)-3-azabicyclo[3.1.0]hexan-6-yl)acetamide",,C=CC1(NC(=O)C[C@@H]2[C@H]3CN(C(=O)C(C)c4cc[nH]n4)C[C@@H]23)CCOCC1,
61640,Cc1ccnc(C(=O)N[C@]2(C)C[C@@H](NC(=O)[C@@H](C)C[C@@H]3CCCO3)C2)c1,"4-methyl-N-((1R,3r)-1-methyl-3-((2S)-2-(((2S)-oxolan-2-yl)methyl)propanamido)cyclobutyl)pyridine-2-carboxamide",,Cc1ccnc(C(=O)N[C@]2(C)C[C@@H](NC(=O)C(C)C[C@@H]3CCCO3)C2)c1,
61739,O=C(NC[C@@H]1CN(C(=O)C[C@@H]2C[C@H]3C[C@H]3C2)C[C@H]1C(F)(F)F)[C@H]1CC1(F)F,"(1R)-N-(((3R,4S)-1-(2-((1R,3R,5S)-bicyclo[3.1.0]hexan-3-yl)-acetyl)-4-(trifluoromethyl)pyrrolidin-3-yl)methyl)-2,2-difluorocyclopropanecarboxamide",,O=C(NC[C@@H]1CN(C(=O)C[C@H]2C[C@@H]3C[C@@H]3C2)C[C@H]1C(F)(F)F)C1CC1(F)F,
61859,C#CC[C@]1(O)C[C@@H](C(=O)N(C)[C@H]2[C@@H]3CN(C(=O)Cc4cccc(C)c4F)C[C@@H]32)C1,"N-((1R,5S,6S)-3-(2-(2-fluoro-3-methylphenyl)-acetyl)-3-azabicyclo[3.1.0]hexan-6-yl)-3-hydroxy-N-methyl-3-(prop-2-yn-1-yl)cyclobutanecarboxamide",,C#CCC1(O)CC(C(=O)N(C)[C@H]2[C@@H]3CN(C(=O)Cc4cccc(C)c4F)C[C@@H]32)C1,
61945,N#Cc1ccc(OCC(=O)N(O)Cc2cn(C[C@H]3C[C@@H]4C[C@@H]4C3)nn2)c(Cl)c1,"N-((1-(((1R,3S,5S)-bicyclo[3.1.0]hexan-3-yl)methyl)-1H-1,2,3-triazol-4-yl)methyl)-2-((2-chloro-4-(nitrilomethyl)phenyl)oxy)-N-hydroxyacetamide",,N#Cc1ccc(OCC(=O)N(O)Cc2cn(C[C@H]3C[C@@H]4C[C@@H]4C3)nn2)c(Cl)c1,
61950,COC1(C(=O)N2CCC(CN=[S@](C)(=O)N(C)C)CC2)CCC(F)(F)CC1,"1-(4,4-difluoro-1-methoxycyclohexyl)-1-(4-((((R)-(dimethylamino)(methyl)(oxo)-lambda^6-sulfanylidene)amino)methyl)piperidin-1-yl)methanone",FC1(CCC(CC1)(OC)C(=O)N1CCC(CC1)CN=[S@](=O)(C)N(C)C)F,COC1(C(=O)N2CCC(CN=[S@](C)(=O)N(C)C)CC2)CCC(F)(F)CC1,COC1(C(=O)N2CCC(CN=[S@@](C)(=O)N(C)C)CC2)CCC(F)(F)CC1
62019,Cc1nc(C)c(C(=O)N2CC[C@H]3CCN(C(=O)[C@@H]4[C@H]5CC(F)(F)C[C@H]54)[C@H]3C2)s1,"1-((1R,6S)-9-(((1R,5S,6R)-3,3-difluorobicyclo[3.1.0]hexan-6-yl)carbonyl)-3,9-diazabicyclo[4.3.0]nonan-3-yl)-1-(2,4-dimethylthiazol-5-yl)methanone",,Cc1nc(C)c(C(=O)N2CC[C@H]3CCN(C(=O)C4[C@H]5CC(F)(F)C[C@@H]45)[C@H]3C2)s1,
62166,CC(C)n1cc([N+](=O)[O-])c(=N[C@H]2CC[C@@]3(CC2)CN(C(=O)[C@@H]2C[C@@H]2C)CCO3)[nH]1,"1-((1R,2S)-2-methylcyclopropyl)-1-(3-((4-nitro-1-(propan-2-yl)-1,2-diazacyclopent-4-en-3-ylidene)amino)-7-oxa-10-azaspiro[5.5]undecan-10-yl)methanone",C[C@@H]1[C@@H](C1)C(=O)N1CCOC2(CCC(CC2)N=C2NN(C=C2[N+](=O)[O-])C(C)C)C1,CC(C)n1cc([N+](=O)[O-])c(N[C@H]2CC[C@@]3(CC2)CN(C(=O)C2C[C@@H]2C)CCO3)n1,CC(C)n1cc([N+](=O)[O-])c(NC2CCC3(CC2)CN(C(=O)C2C[C@@H]2C)CCO3)n1
62200,CC1(C)CCC(NC(=O)c2cc(CCNC(=O)[C@@H]3[C@H]4CCCCC[C@H]43)on2)CC1,"5-(2-((1R,7S,8R)-bicyclo[5.1.0]octane-8-carboxamido)ethyl)-N-(4,4-dimethylcyclohexyl)isoxazole-3-carboxamide",,CC1(C)CCC(NC(=O)c2cc(CCNC(=O)C3[C@H]4CCCCC[C@@H]34)on2)CC1,
62326,COc1cc(C(=O)NC[C@@H]2C[C@@H]3CC[C@H](C2)N3C(=O)CNS(N)(=O)=O)ncn1,"6-methoxy-N-(((1R,3R,5S)-8-(2-sulfamoylamino-acetyl)-8-azabicyclo[3.2.1]octan-3-yl)methyl)pyrimidine-4-carboxamide",,COc1cc(C(=O)NC[C@H]2C[C@H]3CC[C@@H](C2)N3C(=O)CNS(N)(=O)=O)ncn1,
62357,C[C@H](C(=O)Nc1cccc2ccccc12)N1C[C@@H]2C[C@H](C1)[C@@H]2O,"(2R)-2-((1R,5S,6R)-6-hydroxy-3-azabicyclo[3.1.1]heptan-3-yl)-N-(naphthalen-1-yl)propanamide",,CC(C(=O)Nc1cccc2ccccc12)N1C[C@H]2C[C@@H](C1)[C@H]2O,
62367,COC[C@H]1C[C@@H]1C(=O)NC[C@H]1[C@@H]2CN(C(=O)c3ccc(F)c(C(=O)OC)c3)C[C@H]12,"methyl 2-fluoro-5-(((1R,5S,6S)-6-(((1S,2S)-2-(methoxymethyl)cyclopropanecarboxamido)methyl)-3-azabicyclo[3.1.0]hexan-3-yl)carbonyl)benzoate",,COC[C@H]1CC1C(=O)NC[C@@H]1[C@H]2CN(C(=O)c3ccc(F)c(C(=O)OC)c3)C[C@@H]12,
62400,C[C@@H]1CN(C(=O)[C@H]2C[C@H]3COC[C@H](C3)C2)CCN1C(=O)C[C@@H]1COC(=O)C1,"(4S)-4-(2-((2R)-2-methyl-4-(((1R,5S,7S)-3-oxabicyclo[3.3.1]nonan-7-yl)carbonyl)piperazin-1-yl)-2-oxoethyl)oxolan-2-one",,C[C@@H]1CN(C(=O)C2C[C@H]3COC[C@@H](C2)C3)CCN1C(=O)C[C@@H]1COC(=O)C1,
62446,C=CCO[C@@H](C)C(=O)N1[C@H]2CC[C@@H]1C[C@](O)(CNC(=O)[C@@H]1CCC(=O)N1)C2,"(2S)-N-(((1R,3S,5S)-3-hydroxy-8-((2S)-1-oxo-2-((prop-2-en-1-yl)oxy)propyl)-8-azabicyclo[3.2.1]octan-3-yl)methyl)-5-oxopyrrolidine-2-carboxamide",,C=CCOC(C)C(=O)N1[C@@H]2CC[C@H]1C[C@@](O)(CNC(=O)C1CCC(=O)N1)C2,
62467,C#CCO[C@H](C)C(=O)N[C@@H]1C[C@@H]2CC[C@H](C1)N2C(=O)c1ccccc1OCCC,"(2R)-2-((prop-2-yn-1-yl)oxy)-N-((1R,3R,5S)-8-((2-propoxyphenyl)carbonyl)-8-azabicyclo[3.2.1]octan-3-yl)propanamide",,C#CCOC(C)C(=O)N[C@H]1C[C@H]2CC[C@@H](C1)N2C(=O)c1ccccc1OCCC,
62516,Cc1c(C(=O)N[C@]2(C)C[C@@H](NC(=O)[C@H](O)CC(C)C)C2)cc(C)c2ncccc12,"N-((1S,3s)-3-((2R)-2-hydroxy-4-methylpentanamido)-1-methylcyclobutyl)-5,8-dimethylquinoline-6-carboxamide",,Cc1c(C(=O)N[C@]2(C)C[C@@H](NC(=O)C(O)CC(C)C)C2)cc(C)c2ncccc12,
62546,CCC(CC)(CNC(=O)[C@@H]1C[C@@H]2OC(C)(C)O[C@@H]2C1)NC(=O)CS(=O)(=O)C1CC1,"(1R,5S,7R)-N-(2-(2-(cyclopropylsulfonyl)acetamido)-2-ethylbutyl)-3,3-dimethyl-2,4-dioxabicyclo[3.3.0]octane-7-carboxamide",,CCC(CC)(CNC(=O)C1C[C@@H]2OC(C)(C)O[C@@H]2C1)NC(=O)CS(=O)(=O)C1CC1,
62552,Cc1nc(C(=O)N(C)C[C@@H]2C[C@H](F)CN2C(=O)C[C@@H]2C[C@H]3C[C@H]3C2)n[nH]1,"N-(((2S,4S)-1-(2-((1R,3R,5S)-bicyclo[3.1.0]hexan-3-yl)-acetyl)-4-fluoropyrrolidin-2-yl)methyl)-5,N-dimethyl-1H-1,2,4-triazole-3-carboxamide",,Cc1n[nH]c(C(=O)N(C)C[C@@H]2C[C@H](F)CN2C(=O)C[C@H]2C[C@@H]3C[C@@H]3C2)n1,
62604,CC(C)C(C)(C)C(=O)N1C[C@H]2[C@H](CNC(=O)[C@H](C)N3CCCCC3=O)[C@H]2C1,"(2S)-2-(2-oxopiperidin-1-yl)-N-(((1R,5S,6S)-3-(2,2,3-trimethyl-butyryl)-3-azabicyclo[3.1.0]hexan-6-yl)methyl)propanamide",,CC(C(=O)NC[C@@H]1[C@H]2CN(C(=O)C(C)(C)C(C)C)C[C@@H]12)N1CCCCC1=O,
62707,COc1cc(C(=O)N[C@]2(C(=O)N[C@H]3C[C@@H](CO)N(C)C3)C[C@H](O)C2)[nH]n1,"N-((1R,3s)-3-hydroxy-1-(((3S,5S)-5-(hydroxymethyl)-1-methylpyrrolidin-3-yl)carbamoyl)cyclobutyl)-3-methoxy-1H-pyrazole-5-carboxamide",,COc1cc(C(=O)N[C@]2(C(=O)N[C@H]3C[C@@H](CO)N(C)C3)C[C@H](O)C2)[nH]n1,
62893,CC(C)c1occc1C(=O)N[C@@H]1CCC[C@H]1CNC(=O)[C@@H]1C[C@@H]2OC(=O)O[C@@H]2C1,"(1R,5S,7R)-3-oxo-N-(((1S,2R)-2-(2-(propan-2-yl)furan-3-carboxamido)cyclopentyl)methyl)-2,4-dioxabicyclo[3.3.0]octane-7-carboxamide",,CC(C)c1occc1C(=O)N[C@@H]1CCC[C@H]1CNC(=O)C1C[C@@H]2OC(=O)O[C@@H]2C1,
62925,C[C@H]1CN(C(=O)C2=COCCC2)C[C@@H](C)[C@@H]1NC(=O)c1cc(Cl)cc(F)c1N,"2-amino-5-chloro-N-((3R,4R,5S)-3,5-dimethyl-1-((1-oxacyclohex-2-en-3-yl)carbonyl)piperidin-4-yl)-3-fluorobenzene-1-carboxamide",,C[C@@H]1CN(C(=O)C2=COCCC2)C[C@H](C)[C@H]1NC(=O)c1cc(Cl)cc(F)c1N,
62926,CC1=C[C@@H](C(=O)N2CCC[C@]23CCCN(C(=O)c2ccnc(C(C)C)n2)C3)SC1,"1-((2S)-4-methyl-1-thiacyclopent-3-en-2-yl)-1-((5S)-7-((2-(propan-2-yl)pyrimidin-4-yl)carbonyl)-1,7-diazaspiro[4.5]decan-1-yl)methanone",CC1=C[C@H](SC1)C(=O)N1CCC[C@]12CN(CCC2)C(=O)C2=NC(=NC=C2)C(C)C,CC1=CC(C(=O)N2CCC[C@]23CCCN(C(=O)c2ccnc(C(C)C)n2)C3)SC1,CC1=CC(C(=O)N2CCC[C@@]23CCCN(C(=O)c2ccnc(C(C)C)n2)C3)SC1
62956,CN(C(=O)CO)C1C[C@@H]2CC[C@H](C1)N2C(=O)[C@@H]1C[C@@H]2CC[C@H](C1)C2(F)F,"N-((1R,5S)-8-(((1R,3R,5S)-8,8-difluorobicyclo[3.2.1]octan-3-yl)carbonyl)-8-azabicyclo[3.2.1]octan-3-yl)-2-hydroxy-N-methylacetamide",,CN(C(=O)CO)C1C[C@H]2CC[C@@H](C1)N2C(=O)C1C[C@H]2CC[C@@H](C1)C2(F)F,
62964,CC1(C)CC[C@H](C(=O)N2[C@H]3CC[C@@H]2CN(C(=O)[C@H]2C[C@@H]4CC[C@H](C2)S4(=O)=O)C3)O1,"1-((2R)-5,5-dimethyloxolan-2-yl)-1-((1R,5S)-3-(((1R,3S,5S)-8,8-dioxo-8lambda^6-thiabicyclo[3.2.1]octan-3-yl)carbonyl)-3,8-diazabicyclo[3.2.1]octan-8-yl)methanone",,CC1(C)CCC(C(=O)N2[C@@H]3CC[C@H]2CN(C(=O)C2C[C@H]4CC[C@@H](C2)S4(=O)=O)C3)O1,
62994,C[C@H]1C[C@@H](C)C[C@H](N(C)C(=O)[C@@H]2[C@@H](C)CCN2C(=O)C=Cc2cc[nH]n2)C1,"(2S,3S)-N-((1R,3R,5S)-3,5-dimethylcyclohexyl)-3,N-dimethyl-1-(1-oxo-3-(1H-pyrazol-3-yl)prop-2-en-1-yl)pyrrolidine-2-carboxamide",,C[C@@H]1C[C@H](C)C[C@@H](N(C)C(=O)C2[C@@H](C)CCN2C(=O)C=Cc2cc[nH]n2)C1,
63073,CO[C@H](C(=O)N[C@H]1C[C@@H]2CC[C@H](C1)N2C(=O)[C@H](O)CF)c1ccc(F)cc1,"(2S)-N-((1R,3S,5S)-8-((2S)-3-fluoro-2-hydroxy-propionyl)-8-azabicyclo[3.2.1]octan-3-yl)-2-(4-fluorophenyl)-2-methoxyacetamide",,COC(C(=O)N[C@@H]1C[C@H]2CC[C@@H](C1)N2C(=O)C(O)CF)c1ccc(F)cc1,
63122,C=C1CC(C(=O)N(C)[C@H]2[C@@H]3CN(C(=O)c4csc(-c5ccoc5)n4)C[C@@H]32)C1,"N-((1R,5S,6S)-3-((2-(furan-3-yl)thiazol-4-yl)carbonyl)-3-azabicyclo[3.1.0]hexan-6-yl)-N-methyl-3-methylidenecyclobutanecarboxamide",,C=C1CC(C(=O)N(C)[C@H]2[C@@H]3CN(C(=O)c4csc(-c5ccoc5)n4)C[C@@H]32)C1,
63135,CS[C@H]1C[C@H](C(=O)N2C[C@H]3[C@H](NC(=O)[C@@H](C)C4CC4)[C@H]3C2)C1,"(2S)-2-cyclopropyl-N-((1R,5S,6S)-3-((trans-3-(methylsulfanyl)cyclobutyl)carbonyl)-3-azabicyclo[3.1.0]hexan-6-yl)propanamide",,CSC1CC(C(=O)N2C[C@@H]3[C@H](C2)[C@H]3NC(=O)C(C)C2CC2)C1,
63171,CCCN(C)CCC(=O)N1C[C@@H](CN(C)C(=O)[C@@H]2[C@H]3COC[C@H]32)C2(CC2)C1,"(1R,5S,6R)-N-methyl-N-(((7R)-5-(3-((methyl)(propyl)amino)-propionyl)-5-azaspiro[2.4]heptan-7-yl)methyl)-3-oxabicyclo[3.1.0]hexane-6-carboxamide",,CCCN(C)CCC(=O)N1C[C@@H](CN(C)C(=O)C2[C@H]3COC[C@@H]23)C2(CC2)C1,
63200,COCO[C@@H](C)C(=O)N[C@@H]1C[C@@H]2C[C@H](NC(=O)c3cc4ccsc4n3C)C[C@@H]2C1,"(2S)-2-(methoxymethoxy)-N-((1R,3R,5S,7S)-7-(8-methyl-2-thia-8-azabicyclo[3.3.0]octa-1(5),3,6-triene-7-carboxamido)bicyclo[3.3.0]octan-3-yl)propanamide",,COCOC(C)C(=O)N[C@H]1C[C@H]2C[C@@H](NC(=O)c3cc4ccsc4n3C)C[C@H]2C1,
63205,COc1ccc(CN2C[C@H]3[C@H](NC(=O)C#CC(C)(C)C)[C@H]3C2)cc1Cl,"N-((1R,5S,6S)-3-((3-chloro-4-methoxyphenyl)methyl)-3-azabicyclo[3.1.0]hexan-6-yl)-4,4-dimethylpent-2-ynamide",,COc1ccc(CN2C[C@@H]3[C@H](C2)[C@H]3NC(=O)C#CC(C)(C)C)cc1Cl,
63276,CC(=O)CCCC(=O)N[C@@H](CCF)C(=O)N1CC[C@]12CC[C@H](C)CC2,N-((2S)-4-fluoro-1-(7-methyl-1-azaspiro[3.5]nonan-1-yl)-1-oxobutan-2-yl)-5-oxohexanamide,FCC[C@@H](C(=O)N1CCC12CCC(CC2)C)NC(CCCC(C)=O)=O,CC(=O)CCCC(=O)NC(CCF)C(=O)N1CC[C@]12CC[C@H](C)CC2,CC(=O)CCCC(=O)NC(CCF)C(=O)N1CCC12CCC(C)CC2
63294,CCc1cc(C(=O)N2[C@H]3CC[C@@H]2C[C@@H](NC(=O)C2CC4(CC4)C2)C3)nn1CCO,"N-((1R,3S,5S)-8-((5-ethyl-1-(2-hydroxyethyl)-1H-pyrazol-3-yl)carbonyl)-8-azabicyclo[3.2.1]octan-3-yl)spiro[2.3]hexane-5-carboxamide",,CCc1cc(C(=O)N2[C@@H]3CC[C@H]2C[C@H](NC(=O)C2CC4(CC4)C2)C3)nn1CCO,
63296,O=C(NC[C@@H]1C[C@@H]2CC[C@H](C1)N2C(=O)C1=NN2CCCN=C2N1)/C(Cl)=C/Cl,"(2Z)-2,3-dichloro-N-(((1R,3R,5S)-8-((1,5,7,9-tetraazabicyclo[4.3.0]nona-5,8-dien-8-yl)carbonyl)-8-azabicyclo[3.2.1]octan-3-yl)methyl)prop-2-enamide",,O=C(NC[C@H]1C[C@H]2CC[C@@H](C1)N2C(=O)c1nc2n(n1)CCCN2)/C(Cl)=C/Cl,
63357,CC=C(F)C(=O)N1CCCC[C@H](CNC(=O)C[C@@H]2C[C@H]3C[C@H]3C2)C1,"2-((1R,3R,5S)-bicyclo[3.1.0]hexan-3-yl)-N-(((3R)-1-(2-fluoro-1-oxobut-2-en-1-yl)-1-azacycloheptan-3-yl)methyl)acetamide",,CC=C(F)C(=O)N1CCCC[C@H](CNC(=O)C[C@H]2C[C@@H]3C[C@@H]3C2)C1,
63450,COCc1cc(CC(=O)N[C@H]2C[C@](C)(NC(=O)CN(C)S(N)(=O)=O)C2)no1,"2-(5-(methoxymethyl)isoxazol-3-yl)-N-((1S,3s)-3-methyl-3-(2-((sulfamoyl)(methyl)amino)acetamido)cyclobutyl)acetamide",,COCc1cc(CC(=O)N[C@H]2C[C@](C)(NC(=O)CN(C)S(N)(=O)=O)C2)no1,
63456,CC(C)[C@](C)(CNc1ncn(C)c(=O)c1Br)NC(=O)C1=C[C@H]2CCCCC[C@H]12,"(1S,7S)-N-((2R)-2-(((5-bromo-1-methyl-6-oxo-1,3-diazacyclohexa-2,4-dien-4-yl)amino)methyl)-3-methylbutan-2-yl)bicyclo[5.2.0]non-8-ene-8-carboxamide",BrC1=C(N=CN(C1=O)C)NC[C@@](C)(C(C)C)NC(=O)C=1[C@H]2CCCCC[C@H]2C1,CC(C)[C@](C)(CNc1ncn(C)c(=O)c1Br)NC(=O)C1=C[C@H]2CCCCC[C@H]12,CC(C)[C@](C)(CNc1ncn(C)c(=O)c1Br)NC(=O)C1=C[C@@H]2CCCCC[C@H]12
63477,O=C(NC[C@@H](CO)CNC(=O)[C@H]1CC[C@H]([N+](=O)[O-])CC1)[C@@H]1C[C@H]2CCC[C@H](C2)C1,"(1R,3R,5S)-N-((2S)-3-hydroxy-2-((trans-4-nitrocyclohexanecarboxamido)methyl)propyl)bicyclo[3.3.1]nonane-3-carboxamide",,O=C(NC[C@H](CO)CNC(=O)C1C[C@H]2CCC[C@@H](C1)C2)C1CCC([N+](=O)[O-])CC1,
63560,Cc1cn(C)cc1C(=O)N[C@@H]1CN(C(=O)[C@@H]2[C@H]3CCCC[C@H]32)CC12CC2,"N-((7S)-5-(((1R,6S,7R)-bicyclo[4.1.0]heptan-7-yl)carbonyl)-5-azaspiro[2.4]heptan-7-yl)-1,4-dimethyl-1H-pyrrole-3-carboxamide",,Cc1cn(C)cc1C(=O)N[C@@H]1CN(C(=O)C2[C@H]3CCCC[C@@H]23)CC12CC2,
63600,C[C@H](O)C(=O)N[C@H]1C[C@@](NC(=O)[C@@H]2CC(C3CC3)=NO2)(c2ccccc2)C1,"(2S)-N-((1S,3s)-3-((5S)-3-cyclopropyl-1-oxa-2-azacyclopent-2-ene-5-carboxamido)-3-phenylcyclobutyl)-2-hydroxypropanamide",,CC(O)C(=O)N[C@H]1C[C@@](NC(=O)C2CC(C3CC3)=NO2)(c2ccccc2)C1,
63807,Cc1nccn1CC(=O)N[C@H]1CC[C@H]1NC(=O)[C@@H]1C[C@@H]2OC(C)(C)O[C@@H]2C1,"N-((1S,2R)-2-((1R,5S,7R)-3,3-dimethyl-2,4-dioxabicyclo[3.3.0]octane-7-carboxamido)cyclobutyl)-2-(2-methyl-1H-imidazol-1-yl)acetamide",,Cc1nccn1CC(=O)N[C@H]1CC[C@H]1NC(=O)C1C[C@@H]2OC(C)(C)O[C@@H]2C1,
63809,CC[C@]1(C(=O)N[C@@H]2C[C@H](C)N(C(=O)COCC(F)F)C2)CC[C@@H](O)CC1,"N-((3R,5S)-1-(2-((2,2-difluoroethyl)oxy)-acetyl)-5-methylpyrrolidin-3-yl)-1-ethyl-4-hydroxycyclohexanecarboxamide",FC(COCC(=O)N1C[C@@H](C[C@@H]1C)NC(=O)C1(CCC(CC1)O)CC)F,CC[C@]1(C(=O)N[C@@H]2C[C@H](C)N(C(=O)COCC(F)F)C2)CC[C@@H](O)CC1,CCC1(C(=O)N[C@@H]2C[C@H](C)N(C(=O)COCC(F)F)C2)CCC(O)CC1
63813,C[C@]1(NC(=O)[C@@H]2CC=CCC2)C[C@@H](NC(=O)[C@@H]2CCCC3(CC3)C2)C1,"(5R)-N-((1R,3s)-3-((1S)-cyclohex-3-ene-1-carboxamido)-3-methylcyclobutyl)spiro[2.5]octane-5-carboxamide",,C[C@]1(NC(=O)C2CC=CCC2)C[C@@H](NC(=O)C2CCCC3(CC3)C2)C1,
63856,CCCCC[C@@H](F)C(=O)N[C@H]1C[C@H]2COC[C@@H](C1)N2C(=O)C(C)(C)C1(O)CCC1,"(2R)-2-fluoro-N-((1R,5S,7S)-9-(2-(1-hydroxycyclobutyl)-2-methyl-propionyl)-3-oxa-9-azabicyclo[3.3.1]nonan-7-yl)heptanamide",,CCCCCC(F)C(=O)N[C@H]1C[C@H]2COC[C@@H](C1)N2C(=O)C(C)(C)C1(O)CCC1,
63933,O=C(Cc1ccc(F)cc1[N+](=O)[O-])NC[C@]1(F)C[C@H](NC(=O)[C@H]2CC[C@@H](F)C2)C1,"2-(4-fluoro-2-nitrophenyl)-N-(((1R,3r)-1-fluoro-3-((1S,3R)-3-fluorocyclopentanecarboxamido)cyclobutyl)methyl)acetamide",,O=C(Cc1ccc(F)cc1[N+](=O)[O-])NC[C@]1(F)C[C@H](NC(=O)C2CC[C@@H](F)C2)C1,
63987,CCOCc1nc(C)cc(N[C@@H]2[C@@H](C)CN(C(=O)[C@@H]3C[C@H]4CC[C@H]3O4)C[C@H]2C)n1,"1-((3R,4R,5S)-4-((2-(ethoxymethyl)-6-methylpyrimidin-4-yl)amino)-3,5-dimethylpiperidin-1-yl)-1-((1R,2R,4R)-7-oxabicyclo[2.2.1]heptan-2-yl)methanone",,CCOCc1nc(C)cc(N[C@H]2[C@H](C)CN(C(=O)C3C[C@H]4CC[C@H]3O4)C[C@@H]2C)n1,
64033,CC(=O)NC1(CC(=O)N[C@]2(C(=O)N[C@@H]3[C@H]4CCCCC[C@H]43)C[C@H]2C)CC1,"N-(1-(2-(((1R,2R)-1-(((1R,7S,8R)-bicyclo[5.1.0]octan-8-yl)carbamoyl)-2-methylcyclopropyl)amino)-2-oxoethyl)cyclopropyl)acetamide",,CC(=O)NC1(CC(=O)N[C@]2(C(=O)N[C@H]3[C@@H]4CCCCC[C@@H]43)C[C@H]2C)CC1,
64089,CN1C[C@H]2C[C@H]1CN(C(=O)N[C@H]1C[C@@H]3CCCCC[C@@H]3C1)C2,"1-(((1R,7S,9S)-bicyclo[5.3.0]decan-9-yl)amino)-1-((1R,5S)-6-methyl-3,6-diazabicyclo[3.2.1]octan-3-yl)methanone",,CN1C[C@H]2C[C@H]1CN(C(=O)N[C@@H]1C[C@H]3CCCCC[C@H]3C1)C2,
64091,Cc1nc(Cl)ccc1CC(=O)NC[C@H]1C[C@@](F)(CNC(=O)c2cc[nH]c(=N)c2)C1,"2-(6-chloro-2-methylpyridin-3-yl)-N-(((1S,3s)-3-fluoro-3-((6-imino-1-azacyclohexa-2,4-diene-4-carboxamido)methyl)cyclobutyl)methyl)acetamide",,Cc1nc(Cl)ccc1CC(=O)NC[C@H]1C[C@@](F)(CNC(=O)c2ccnc(N)c2)C1,
64118,C=CCOCCCC(=O)N[C@H]1C[C@@H]2CC[C@H](C1)N2C(=O)c1cc2c(C)[nH]nc2s1,"N-((1R,3S,5S)-8-((6-methyl-2-thia-7,8-diazabicyclo[3.3.0]octa-1(8),3,5-trien-3-yl)carbonyl)-8-azabicyclo[3.2.1]octan-3-yl)-4-((prop-2-en-1-yl)oxy)butanamide",,C=CCOCCCC(=O)N[C@@H]1C[C@H]2CC[C@@H](C1)N2C(=O)c1cc2c(C)[nH]nc2s1,
64121,CCn1ncc(C(=O)N[C@H]2C[C@@H]3CC[C@H](C2)N3C(=O)C#C[C@H]2CCOC2)c1C,"1-ethyl-5-methyl-N-((1R,3S,5S)-8-(1-oxo-3-((3R)-oxolan-3-yl)prop-2-yn-1-yl)-8-azabicyclo[3.2.1]octan-3-yl)-1H-pyrazole-4-carboxamide",,CCn1ncc(C(=O)N[C@@H]2C[C@H]3CC[C@@H](C2)N3C(=O)C#C[C@H]2CCOC2)c1C,
64127,CCCCCC(=O)NC[C@]1(F)C[C@@H](NC(=O)c2cncc(S(C)(=O)=O)c2)C1,"N-(((1R,3s)-1-fluoro-3-(5-(methylsulfonyl)pyridine-3-carboxamido)cyclobutyl)methyl)hexanamide",,CCCCCC(=O)NC[C@]1(F)C[C@@H](NC(=O)c2cncc(S(C)(=O)=O)c2)C1,
64133,COc1cc(CC(=O)NC[C@]2(F)C[C@@H](NC(=O)[C@H](O)CN(C)C)C2)ccc1F,"(2R)-3-(dimethylamino)-N-((1S,3r)-3-fluoro-3-((2-(4-fluoro-3-methoxyphenyl)acetamido)methyl)cyclobutyl)-2-hydroxypropanamide",,COc1cc(CC(=O)NC[C@]2(F)C[C@@H](NC(=O)C(O)CN(C)C)C2)ccc1F,
64143,C[C@H]1C[C@H](N(C)C(=O)/C=C/CNC(=O)[C@@H]2CC=C[C@H](O)C2)C[C@@H](C)O1,"(2E)-N-((2R,4S,6S)-2,6-dimethyl-oxan-4-yl)-4-((1R,5R)-5-hydroxycyclohex-3-ene-1-carboxamido)-N-methylbut-2-enamide",,C[C@@H]1C[C@@H](N(C)C(=O)/C=C/CNC(=O)C2CC=C[C@H](O)C2)C[C@H](C)O1,
64154,CC(=O)OCC(=O)NC[C@]1(F)C[C@H](NC(=O)c2cccc(C=C(F)F)c2)C1,"2-((((1R,3r)-3-(3-(2,2-difluoroethenyl)benzamido)-1-fluorocyclobutyl)methyl)amino)-2-oxoethyl acetate",,CC(=O)OCC(=O)NC[C@]1(F)C[C@H](NC(=O)c2cccc(C=C(F)F)c2)C1,
64159,CC(C)c1nnsc1C(=O)N[C@H]1C[C@@](C)(NC(=O)C[C@@H]2COC(C)(C)CO2)C1,"N-((1R,3s)-3-(2-((2R)-5,5-dimethyl-1,4-dioxan-2-yl)acetamido)-3-methylcyclobutyl)-4-(propan-2-yl)-1-thia-2,3-diazacyclopenta-2,4-diene-5-carboxamide",,CC(C)c1nnsc1C(=O)N[C@H]1C[C@@](C)(NC(=O)C[C@@H]2COC(C)(C)CO2)C1,
64164,Cc1ncsc1C(=O)N[C@]1(C)C[C@H](NC(=O)C2CN([C@H]3CCOC3)C2)C1,"4-methyl-N-((1S,3r)-1-methyl-3-(1-((3S)-oxolan-3-yl)azetidine-3-carboxamido)cyclobutyl)thiazole-5-carboxamide",,Cc1ncsc1C(=O)N[C@]1(C)C[C@H](NC(=O)C2CN([C@H]3CCOC3)C2)C1,
64173,CN(CCc1cnn(C)c1)C(=O)[C@]1(NC(=O)C2CN(C3COC3)C2)C[C@@H](O)C1,"N-((1R,3s)-3-hydroxy-1-((2-(1-methyl-1H-pyrazol-4-yl)ethyl)(methyl)carbamoyl)cyclobutyl)-1-(1-oxacyclobutan-3-yl)azetidine-3-carboxamide",,CN(CCc1cnn(C)c1)C(=O)[C@]1(NC(=O)C2CN(C3COC3)C2)C[C@@H](O)C1,
64306,O=C1OC[C@@H](C(=O)N[C@H]2[C@@H]3CN(C(=O)c4cc(=O)n5ccsc5n4)C[C@@H]32)O1,"(4S)-2-oxo-N-((1R,5S,6S)-3-((2-oxo-7-thia-1,5-diazabicyclo[4.3.0]nona-3,5,8-trien-4-yl)carbonyl)-3-azabicyclo[3.1.0]hexan-6-yl)-1,3-dioxolane-4-carboxamide",,O=C1OCC(C(=O)N[C@H]2[C@@H]3CN(C(=O)c4cc(=O)n5ccsc5n4)C[C@@H]32)O1,
64337,O=C(NCC[C@H]1CCN(C(=O)[C@H]2C[C@@H]3C[C@@H]3C2)C1)c1cnc2nccn2c1,"N-(2-((3S)-1-(((1R,3S,5S)-bicyclo[3.1.0]hexan-3-yl)carbonyl)pyrrolidin-3-yl)ethyl)-1,5,7-triazabicyclo[4.3.0]nona-2,4,6,8-tetraene-3-carboxamide",,O=C(NCC[C@H]1CCN(C(=O)C2C[C@@H]3C[C@@H]3C2)C1)c1cnc2nccn2c1,
64452,CCN(CCCNC(=O)CSc1ccsc1[N+](=O)[O-])C(=O)[C@@]1(C#N)C[C@@H]2C[C@@H]2C1,"N-(3-(N-ethyl(1R,3S,5S)-3-cyanobicyclo[3.1.0]hexane-3-carboxamido)propyl)-2-((2-nitrothiophen-3-yl)sulfanyl)acetamide",,CCN(CCCNC(=O)CSc1ccsc1[N+](=O)[O-])C(=O)[C@]1(C#N)C[C@H]2C[C@H]2C1,
64498,CC(C)/C=C/C(=O)NC[C@H]1C[C@@](F)(CNC(=O)c2coc(-c3cccnc3)n2)C1,"(2E)-N-(((1S,3s)-3-fluoro-3-((2-(pyridin-3-yl)oxazole-4-carboxamido)methyl)cyclobutyl)methyl)-4-methylpent-2-enamide",,CC(C)/C=C/C(=O)NC[C@H]1C[C@@](F)(CNC(=O)c2coc(-c3cccnc3)n2)C1,
64502,C[C@H]1CN(C(=O)NCc2csc3ccc(F)cc23)C[C@@H](C)[C@@H]1O,"1-(((3-fluoro-7-thiabicyclo[4.3.0]nona-1(6),2,4,8-tetraen-9-yl)methyl)amino)-1-((3R,4R,5S)-4-hydroxy-3,5-dimethylpiperidin-1-yl)methanone",,C[C@@H]1CN(C(=O)NCc2csc3ccc(F)cc23)C[C@H](C)[C@H]1O,
64520,Cc1ccc(Sc2cc[nH]c(=NCCC[C@H](C)NC(=O)[C@@H]3[C@H]4COC[C@H]43)n2)cc1,"(1R,5S,6R)-N-((2S)-5-((4-((4-methylphenyl)sulfanyl)-1,3-diazacyclohexa-3,5-dien-2-ylidene)amino)pentan-2-yl)-3-oxabicyclo[3.1.0]hexane-6-carboxamide",,Cc1ccc(Sc2ccnc(NCCC[C@H](C)NC(=O)C3[C@H]4COC[C@@H]34)n2)cc1,
64593,CCSCC(=O)N[C@H]1CC[C@@]2(CC1)CN(C(=O)c1cccc3ccnn13)CCO2,"N-(10-((1,9-diazabicyclo[4.3.0]nona-2,4,6,8-tetraen-2-yl)carbonyl)-7-oxa-10-azaspiro[5.5]undecan-3-yl)-2-(ethylsulfanyl)acetamide",N12C(=CC=CC2=CC=N1)C(=O)N1CCOC2(CCC(CC2)NC(CSCC)=O)C1,CCSCC(=O)N[C@H]1CC[C@@]2(CC1)CN(C(=O)c1cccc3ccnn13)CCO2,CCSCC(=O)NC1CCC2(CC1)CN(C(=O)c1cccc3ccnn13)CCO2
64629,CC1(C)C[C@@H]1C(=O)N1C[C@H]2CCN(C(=O)[C@@H]3C[C@@H]4C[C@@H]4C3)[C@@H](C2)C1,"1-((1S,5S)-2-(((1R,3R,5S)-bicyclo[3.1.0]hexan-3-yl)carbonyl)-2,7-diazabicyclo[3.3.1]nonan-7-yl)-1-((1S)-2,2-dimethylcyclopropyl)methanone",,CC1(C)CC1C(=O)N1C[C@H]2CCN(C(=O)C3C[C@@H]4C[C@@H]4C3)[C@@H](C2)C1,
64658,CCCC[C@@H](N[C@H]1C[C@H]2[C@@H](C1)[C@@H]2C(=O)O)C1CCC1,"(1R,3S,5S,6R)-3-(((1R)-1-cyclobutylpentyl)amino)bicyclo[3.1.0]hexane-6-carboxylic acid",,CCCC[C@@H](N[C@H]1C[C@@H]2C(C(=O)O)[C@@H]2C1)C1CCC1,
64677,C[C@H](C[C@@H](C)NC(=O)[C@H]1C[C@@H]2C[C@@H]2C1)NC(=O)CSCc1ccncc1,"(1R,3S,5S)-N-((2R,4R)-4-(2-(((pyridin-4-yl)methyl)sulfanyl)acetamido)pentan-2-yl)bicyclo[3.1.0]hexane-3-carboxamide",,C[C@H](C[C@@H](C)NC(=O)C1C[C@@H]2C[C@@H]2C1)NC(=O)CSCc1ccncc1,
64737,O=C(N[C@@H]1CC[C@H](CNC(=O)[C@@H]2C[C@@H]3C[C@@H]3C2)C1)c1nccc(Cl)c1F,"N-((1R,3S)-3-(((1R,3R,5S)-bicyclo[3.1.0]hexane-3-carboxamido)methyl)cyclopentyl)-4-chloro-3-fluoropyridine-2-carboxamide",,O=C(N[C@@H]1CC[C@H](CNC(=O)C2C[C@@H]3C[C@@H]3C2)C1)c1nccc(Cl)c1F,
64739,CCCCS[C@@H](C)C(=O)N1C[C@H]2[C@@H](C1)[C@@H]2C(=O)N(C)Cc1ccccc1O,"(1R,5S,6R)-3-((2S)-2-(butylsulfanyl)-propionyl)-N-((2-hydroxyphenyl)methyl)-N-methyl-3-azabicyclo[3.1.0]hexane-6-carboxamide",,CCCCSC(C)C(=O)N1C[C@@H]2C(C(=O)N(C)Cc3ccccc3O)[C@@H]2C1,
64765,Cn1cc(C(=O)N2CCC[C@]23CCCN(C(=O)[C@H](F)Br)CC3)c(C(F)(F)F)n1,"(2R)-2-bromo-2-fluoro-1-((5S)-1-((1-methyl-3-(trifluoromethyl)-1H-pyrazol-4-yl)carbonyl)-1,8-diazaspiro[4.6]undecan-8-yl)ethan-1-one",Br[C@H](C(=O)N1CC[C@]2(CCCN2C(=O)C=2C(=NN(C2)C)C(F)(F)F)CCC1)F,Cn1cc(C(=O)N2CCC[C@]23CCCN(C(=O)C(F)Br)CC3)c(C(F)(F)F)n1,Cn1cc(C(=O)N2CCC[C@@]23CCCN(C(=O)C(F)Br)CC3)c(C(F)(F)F)n1
64813,C[C@@H](O)C(F)(F)C(=O)N[C@@H]1C[C@@H]2C[C@H](NC(=O)Cn3nnc(C4CC4)n3)C[C@@H]2C1,"(3R)-N-((1R,3R,5S,7S)-7-(2-(5-cyclopropyl-2H-tetrazol-2-yl)acetamido)bicyclo[3.3.0]octan-3-yl)-2,2-difluoro-3-hydroxybutanamide",,C[C@@H](O)C(F)(F)C(=O)N[C@H]1C[C@H]2C[C@@H](NC(=O)Cn3nnc(C4CC4)n3)C[C@H]2C1,
65006,CCC(C#N)(CC)C(=O)N1[C@H]2CC[C@@H]1C[C@H](CNC(=O)c1ccnc(Cl)c1F)C2,"2-chloro-N-(((1R,3R,5S)-8-(2-cyano-2-ethyl-butyryl)-8-azabicyclo[3.2.1]octan-3-yl)methyl)-3-fluoropyridine-4-carboxamide",,CCC(C#N)(CC)C(=O)N1[C@@H]2CC[C@H]1C[C@@H](CNC(=O)c1ccnc(Cl)c1F)C2,
65026,CC[C@@H]1C[C@H]1C(=O)N1CC[C@]2(C1)c1[nH]cnc1CCN2C(=O)[C@@H]1C[C@H]2CC[C@H]1C2,"1-((3S)-1'-((1S,2R,4S)-bicyclo[2.2.1]heptan-2-yl)-1-((2S)-3,7,9-triazaspiro[pyrrolidine-3,2'-bicyclo[4.3.0]nona-1(6),7-dien-3-yl)methanone]-1-yl)-1-((1R,2R)-2-ethylcyclopropyl)methanone",,CC[C@@H]1CC1C(=O)N1CC[C@]2(C1)c1[nH]cnc1CCN2C(=O)C1C[C@H]2CC[C@H]1C2,
65057,C[C@@H]1C[C@@]2(C(=O)N3CCC[C@H](N(C)C(=O)c4cccc(-n5ccnc5)c4)C3)C[C@@H]12,"3-(1H-imidazol-1-yl)-N-methyl-N-((3S)-1-(((1R,3R,4S)-3-methylbicyclo[2.1.0]pentan-1-yl)carbonyl)piperidin-3-yl)benzamide",N1(C=NC=C1)C=1C=C(C(=O)N([C@@H]2CN(CCC2)C(=O)[C@@]23C[C@H]([C@@H]3C2)C)C)C=CC1,C[C@@H]1C[C@@]2(C(=O)N3CCC[C@H](N(C)C(=O)c4cccc(-n5ccnc5)c4)C3)C[C@@H]12,C[C@@H]1C[C@]2(C(=O)N3CCC[C@H](N(C)C(=O)c4cccc(-n5ccnc5)c4)C3)C[C@@H]12
65065,C#CC1(OCC(=O)NCCC2(OC)CN(C(=O)[C@@H]3[C@H]4[C@@H]5CC[C@@H](C5)[C@H]43)C2)COC1,"2-((3-(ethynyl)-1-oxacyclobutan-3-yl)oxy)-N-(2-(3-methoxy-1-(((1R,2S,3R,4R,5S)-tricyclo[3.2.1.0^{2,4}]octan-3-yl)carbonyl)-azetidin-3-yl)ethyl)acetamide",,C#CC1(OCC(=O)NCCC2(OC)CN(C(=O)C3[C@@H]4[C@H]5CC[C@H](C5)[C@H]34)C2)COC1,
65084,O=C(NC[C@@H]1CC2(CO1)CN(C(=O)c1ccc(O)cc1)C2)[C@@H]1C[C@H]2[C@@H](C1)C2(F)F,"(1R,3R,5S)-6,6-difluoro-N-(((7S)-2-((4-hydroxyphenyl)carbonyl)-6-oxa-2-azaspiro[3.4]octan-7-yl)methyl)bicyclo[3.1.0]hexane-3-carboxamide",,O=C(NC[C@@H]1CC2(CO1)CN(C(=O)c1ccc(O)cc1)C2)C1C[C@@H]2[C@H](C1)C2(F)F,
65141,CC1(C)[C@H]2CC[C@]1(C(=O)N[C@H]1CC13CCN(C(=O)[C@H]1CC14CCC4)CC3)CC2,"7,7-dimethyl-N-((1S)-6-((oxo)(1S)-spiro[2.3]hexan-1-ylmethyl)-6-azaspiro[2.5]octan-1-yl)bicyclo[2.2.1]heptane-1-carboxamide",CC1(C2(CCC1CC2)C(=O)N[C@H]2CC21CCN(CC1)C([C@H]1CC12CCC2)=O)C,CC1(C)[C@H]2CC[C@]1(C(=O)N[C@H]1CC13CCN(C(=O)C1CC14CCC4)CC3)CC2,CC1(C)C2CCC1(C(=O)N[C@H]1CC13CCN(C(=O)C1CC14CCC4)CC3)CC2
65185,CC(C)O[C@H](C)C(=O)N1CCC[C@]2(CCCN2C(=O)[C@@H](C)n2ccccc2=O)C1,"1-((2R)-1-((5S)-7-((2R)-2-isopropoxy-propionyl)-1,7-diazaspiro[4.5]decan-1-yl)-1-oxopropan-2-yl)-1-azacyclohexa-3,5-dien-2-one",C(C)(C)O[C@@H](C(=O)N1C[C@]2(CCCN2C([C@@H](C)N2C(C=CC=C2)=O)=O)CCC1)C,CC(C)OC(C)C(=O)N1CCC[C@]2(CCCN2C(=O)C(C)n2ccccc2=O)C1,CC(C)OC(C)C(=O)N1CCC[C@@]2(CCCN2C(=O)C(C)n2ccccc2=O)C1
65197,C[S@@](=O)C=CC(=O)N[C@H]1CC[C@]2(CC1)CN(C(=O)[C@H]1C[C@@H]3CC[C@H](C1)O3)CCO2,"3-((R)-methylsulfinyl)-N-(10-(((1R,3S,5S)-8-oxabicyclo[3.2.1]octan-3-yl)carbonyl)-7-oxa-10-azaspiro[5.5]undecan-3-yl)prop-2-enamide",,C[S@@+]([O-])C=CC(=O)N[C@H]1CC[C@]2(CC1)CN(C(=O)C1C[C@H]3CC[C@@H](C1)O3)CCO2,
65232,CC[C@H](CC(=O)N1C[C@H]2[C@H](NC(=O)COc3ccc(C#N)cc3)[C@H]2C1)OC,"N-((1R,5S,6S)-3-((3R)-3-methoxy-pentanoyl)-3-azabicyclo[3.1.0]hexan-6-yl)-2-((4-(nitrilomethyl)phenyl)oxy)acetamide",,CC[C@H](CC(=O)N1C[C@@H]2[C@H](C1)[C@H]2NC(=O)COc1ccc(C#N)cc1)OC,
65313,C=CC[C@@H](C)C(=O)N1C[C@H]2[C@H](CN(C)C(=O)c3c(C)cccc3Cl)[C@H]2C1,"2-chloro-6,N-dimethyl-N-(((1R,5S,6S)-3-((2R)-2-methyl-1-oxopent-4-en-1-yl)-3-azabicyclo[3.1.0]hexan-6-yl)methyl)benzamide",,C=CCC(C)C(=O)N1C[C@@H]2[C@@H](CN(C)C(=O)c3c(C)cccc3Cl)[C@@H]2C1,
65326,CCc1cc(C(=O)N[C@H]2C[C@@H]3CN(C(=O)C4(CO)COC4)C[C@@H]3C2)sc1C,"4-ethyl-N-((1R,5S,7S)-3-((3-(hydroxymethyl)-1-oxacyclobutan-3-yl)carbonyl)-3-azabicyclo[3.3.0]octan-7-yl)-5-methylthiophene-2-carboxamide",,CCc1cc(C(=O)N[C@H]2C[C@@H]3CN(C(=O)C4(CO)COC4)C[C@@H]3C2)sc1C,
65368,CSc1cccc(C(=O)NC[C@]2(F)C[C@H](CNC(=O)CCc3ncc(C)[nH]3)C2)c1,"N-(((1R,3r)-1-fluoro-3-((3-(5-methyl-1H-imidazol-2-yl)propanamido)methyl)cyclobutyl)methyl)-3-(methylsulfanyl)benzamide",,CSc1cccc(C(=O)NC[C@]2(F)C[C@H](CNC(=O)CCc3nc(C)c[nH]3)C2)c1,
65397,COC(=O)C1CC(CC(=O)N[C@H]2[C@@H]3CN(C(=O)CC4(O)CCC4)C[C@@H]32)C1,"methyl 3-(2-(((1R,5S,6S)-3-(2-(1-hydroxycyclobutyl)-acetyl)-3-azabicyclo[3.1.0]hexan-6-yl)amino)-2-oxoethyl)cyclobutanecarboxylate",,COC(=O)C1CC(CC(=O)N[C@H]2[C@@H]3CN(C(=O)CC4(O)CCC4)C[C@@H]32)C1,
65403,CC(=Cc1ccncc1)C(=O)N1C[C@H]2C[C@H](NC(=O)C3=NO[C@@H](C)C3)C[C@H]2C1,"(5S)-5-methyl-N-((1R,5S,7S)-3-(2-methyl-1-oxo-3-(pyridin-4-yl)prop-2-en-1-yl)-3-azabicyclo[3.3.0]octan-7-yl)-1-oxa-2-azacyclopent-2-ene-3-carboxamide",,CC(=Cc1ccncc1)C(=O)N1C[C@H]2C[C@H](NC(=O)C3=NO[C@@H](C)C3)C[C@H]2C1,
65508,CN(CCNC(=O)C1=C[C@@H]2CC=CC[C@@H]12)C(=O)C(C)(C)C1CCCCC1,"(1R,6R)-N-(2-(N-methyl-2-cyclohexyl-2-methylpropanamido)ethyl)bicyclo[4.2.0]octa-3,7-diene-7-carboxamide",CN(C(C(C)(C)C1CCCCC1)=O)CCNC(=O)C=1[C@@H]2CC=CC[C@@H]2C1,CN(CCNC(=O)C1=C[C@@H]2CC=CC[C@@H]12)C(=O)C(C)(C)C1CCCCC1,CN(CCNC(=O)C1=C[C@H]2CC=CC[C@@H]12)C(=O)C(C)(C)C1CCCCC1
65518,CCOC(=O)[C@@H]1C[C@@H](n2cc(CN(C)C(=O)[C@@H]3[C@H]4CN(C)C[C@H]43)nn2)CCO1,"ethyl (2S,4S)-4-(4-((N-methyl(1R,5S,6R)-3-methyl-3-azabicyclo[3.1.0]hexane-6-carboxamido)methyl)-1H-1,2,3-triazol-1-yl)oxane-2-carboxylate",,CCOC(=O)C1C[C@@H](n2cc(CN(C)C(=O)C3[C@H]4CN(C)C[C@@H]34)nn2)CCO1,
65532,CON1C[C@@H](C(=O)N2C[C@H]3C[C@@H](C(=O)NOC[C@H]4CCCO4)C[C@H]3C2)CC1=O,"(1R,5S,7R)-3-(((3S)-1-methoxy-5-oxopyrrolidin-3-yl)carbonyl)-N-((((2R)-oxolan-2-yl)methyl)oxy)-3-azabicyclo[3.3.0]octane-7-carboxamide",,CON1CC(C(=O)N2C[C@H]3CC(C(=O)NOC[C@H]4CCCO4)C[C@H]3C2)CC1=O,
65533,O=C(C1CC2(CSC2)C1)N1[C@H]2CC[C@@H]1C[C@H](NC(=O)C1(O)CCCCCC1)C2,"1-hydroxy-N-((1R,3R,5S)-8-((6-thiaspiro[3.3]heptan-2-yl)carbonyl)-8-azabicyclo[3.2.1]octan-3-yl)cycloheptanecarboxamide",,O=C(C1CC2(CSC2)C1)N1[C@@H]2CC[C@H]1C[C@@H](NC(=O)C1(O)CCCCCC1)C2,
65574,Cc1nnn(CC(=O)N[C@@H]2C[C@@H]3CC[C@H](C2)N3C(=O)CCCCn2ccnn2)n1,"2-(5-methyl-2H-tetrazol-2-yl)-N-((1R,3R,5S)-8-(1-oxo-5-(1H-1,2,3-triazol-1-yl)pentyl)-8-azabicyclo[3.2.1]octan-3-yl)acetamide",,Cc1nnn(CC(=O)N[C@H]2C[C@H]3CC[C@@H](C2)N3C(=O)CCCCn2ccnn2)n1,
65627,COC(=O)[C@H]1CCO[C@@H]1C(=O)N[C@H]1[C@@H]2CN(C(=O)c3cncn3C)C[C@@H]21,"methyl (2S,3S)-2-(((1R,5S,6S)-3-((1-methyl-1H-imidazol-5-yl)carbonyl)-3-azabicyclo[3.1.0]hexan-6-yl)carbamoyl)oxolane-3-carboxylate",,COC(=O)C1CCOC1C(=O)N[C@H]1[C@@H]2CN(C(=O)c3cncn3C)C[C@@H]21,
65739,C[C@@H](CN(C)C(=O)[C@@H]1[C@H]2COC[C@H]21)NC(=O)c1cnc(COc2ccccc2)s1,"N-((2S)-1-(N-methyl(1R,5S,6R)-3-oxabicyclo[3.1.0]hexane-6-carboxamido)propan-2-yl)-2-(phenoxymethyl)thiazole-5-carboxamide",,C[C@@H](CN(C)C(=O)C1[C@H]2COC[C@@H]12)NC(=O)c1cnc(COc2ccccc2)s1,
65800,C[C@]1(NC(=O)Cc2c(F)c(F)cc(F)c2F)C[C@H](NC(=O)C[C@@H]2C[C@H]2C2CC2)C1,"N-((1R,3r)-3-(2-((1S,2S)-2-cyclopropylcyclopropyl)acetamido)-1-methylcyclobutyl)-2-(2,3,5,6-tetrafluorophenyl)acetamide",,C[C@]1(NC(=O)Cc2c(F)c(F)cc(F)c2F)C[C@H](NC(=O)C[C@@H]2C[C@H]2C2CC2)C1,
65863,C[C@H]1CCN(C(=O)[C@H]2C[C@H]3[C@@H](C2)C3(C)C)CCN1C(=O)[C@H](O)[C@@H]1COC(C)(C)O1,"(2R)-2-((4S)-2,2-dimethyl-1,3-dioxolan-4-yl)-1-((7S)-4-(((1R,3S,5S)-6,6-dimethylbicyclo[3.1.0]hexan-3-yl)carbonyl)-7-methyl-1,4-diazacycloheptan-1-yl)-2-hydroxyethan-1-one",,C[C@H]1CCN(C(=O)C2C[C@@H]3[C@H](C2)C3(C)C)CCN1C(=O)C(O)C1COC(C)(C)O1,
65941,N#Cc1ccc(C(=O)N2C[C@H]3[C@@H](C2)[C@@H]3C(=O)N=c2[nH][nH]c3c(Cl)cccc23)s1,"(1R,5S,6R)-N-(5-chloro-7,8-diazabicyclo[4.3.0]nona-1,3,5-trien-9-ylidene)-3-((5-(nitrilomethyl)thiophen-2-yl)carbonyl)-3-azabicyclo[3.1.0]hexane-6-carboxamide",,N#Cc1ccc(C(=O)N2CC3C(C2)C3C(=O)Nc2[nH]nc3c(Cl)cccc23)s1,
65958,CN(C(=O)[C@@H]1C[C@@H]2CC[C@H]1C2)[C@H]1C[C@@H]2CC[C@H](C1)N2C(=O)c1sccc1C(F)F,"(1S,2R,4R)-N-((1R,3S,5S)-8-((3-(difluoromethyl)thiophen-2-yl)carbonyl)-8-azabicyclo[3.2.1]octan-3-yl)-N-methylbicyclo[2.2.1]heptane-2-carboxamide",,CN(C(=O)C1C[C@@H]2CC[C@H]1C2)[C@@H]1C[C@H]2CC[C@@H](C1)N2C(=O)c1sccc1C(F)F,
65959,CN1[C@H]2CC[C@H]1CN(C(=O)[C@H]1CN(C(=O)C[C@@H]3C[C@H]4C[C@H]4C3)CC1(C)C)C2,"2-((1R,3R,5S)-bicyclo[3.1.0]hexan-3-yl)-1-((4R)-3,3-dimethyl-4-(((1S,5S)-8-methyl-3,8-diazabicyclo[3.2.1]octan-3-yl)carbonyl)pyrrolidin-1-yl)ethan-1-one",,CN1[C@H]2CC[C@H]1CN(C(=O)C1CN(C(=O)C[C@H]3C[C@@H]4C[C@@H]4C3)CC1(C)C)C2,
65964,C[C@H](CC(=O)N[C@@H]1[C@H]2CCCC[C@H]21)NC(=O)c1ccc2n[nH]cc2c1,"(3R)-N-((1R,6S,7R)-bicyclo[4.1.0]heptan-7-yl)-3-(2H-indazole-5-carboxamido)butanamide",,C[C@H](CC(=O)N[C@H]1[C@@H]2CCCC[C@@H]21)NC(=O)c1ccc2[nH]ncc2c1,
65969,CCCc1nnsc1C(=O)N[C@@H]1C[C@@H]2CC[C@H](C1)N2C(=O)[C@]1(C)CC1(F)F,"N-((1R,3R,5S)-8-(((1S)-2,2-difluoro-1-methylcyclopropyl)carbonyl)-8-azabicyclo[3.2.1]octan-3-yl)-4-propyl-1-thia-2,3-diazacyclopenta-2,4-diene-5-carboxamide",,CCCc1nnsc1C(=O)N[C@H]1C[C@H]2CC[C@@H](C1)N2C(=O)[C@]1(C)CC1(F)F,
65983,CCCCCN(CCC(=O)N[C@@H]1CCC[C@H](NC(=O)[C@@H]2[C@@H](C)[C@H]2C)C1)C(C)C,"N-((1R,3S)-3-((1R,2R,3S)-2,3-dimethylcyclopropanecarboxamido)cyclohexyl)-3-((propan-2-yl)(pentyl)amino)propanamide",,CCCCCN(CCC(=O)N[C@@H]1CCC[C@H](NC(=O)C2[C@@H](C)[C@H]2C)C1)C(C)C,
65986,CN(C(=O)C[C@H](O)CC1CC1)[C@H]1C[C@@H]2CC[C@H](C1)N2C(=O)CCNS(C)(=O)=O,"(3R)-4-cyclopropyl-3-hydroxy-N-methyl-N-((1R,3S,5S)-8-(3-methylsulfonylamino-propionyl)-8-azabicyclo[3.2.1]octan-3-yl)butanamide",,CN(C(=O)C[C@H](O)CC1CC1)[C@@H]1C[C@H]2CC[C@@H](C1)N2C(=O)CCNS(C)(=O)=O,
65992,CC=C(F)C(=O)NC[C@@]1(CNC(=O)COC2(C)CCC2)C[C@@H]2CCC[C@@H]2C1,"2-fluoro-N-(((1R,3S,5S)-3-((2-((1-methylcyclobutyl)oxy)acetamido)methyl)bicyclo[3.3.0]octan-3-yl)methyl)but-2-enamide",,CC=C(F)C(=O)NC[C@]1(CNC(=O)COC2(C)CCC2)C[C@H]2CCC[C@H]2C1,
66017,CCCC[C@@H](C(=O)N1CCC(C(=O)NC[C@]2(F)C[C@H](CO)C2)CC1)C(C)C,"N-(((1R,3r)-1-fluoro-3-(hydroxymethyl)cyclobutyl)methyl)-1-((2R)-1-oxo-2-(propan-2-yl)hexyl)piperidine-4-carboxamide",,CCCCC(C(=O)N1CCC(C(=O)NC[C@]2(F)C[C@H](CO)C2)CC1)C(C)C,
66176,CO[C@@H]1CCC[C@@H](C(=O)N[C@]2(C)C[C@@H](NC(=O)c3ccc(=N)[nH]c3)C2)C1,"6-imino-N-((1R,3r)-3-((1R,3R)-3-methoxycyclohexanecarboxamido)-3-methylcyclobutyl)-1-azacyclohexa-2,4-diene-3-carboxamide",,CO[C@@H]1CCCC(C(=O)N[C@]2(C)C[C@@H](NC(=O)c3ccc(N)nc3)C2)C1,
66198,COC(=O)c1[nH]ccc1C(=O)N[C@H]1C[C@@](C)(NC(=O)c2cocc2C)C1,"methyl 3-(((1S,3r)-3-methyl-3-(4-methylfuran-3-carboxamido)cyclobutyl)carbamoyl)-1H-pyrrole-2-carboxylate",,COC(=O)c1[nH]ccc1C(=O)N[C@H]1C[C@@](C)(NC(=O)c2cocc2C)C1,
66242,C[C@H]1C[C@@H](O)CN1C(=O)[C@H]1[C@H]2CN(C(=O)c3ccc(Cl)c4cc[nH]c34)C[C@H]21,"1-((1R,5S,6S)-3-((4-chloro-1H-indol-7-yl)carbonyl)-3-azabicyclo[3.1.0]hexan-6-yl)-1-((2S,4R)-4-hydroxy-2-methylpyrrolidin-1-yl)methanone",,C[C@H]1C[C@@H](O)CN1C(=O)C1[C@H]2CN(C(=O)c3ccc(Cl)c4cc[nH]c34)C[C@@H]12,
66249,Cc1ccc(CCC(=O)N2[C@@H]3COC[C@H]2C[C@@H](NC(=O)CC2=CCCCC2)C3)o1,"2-(cyclohex-1-en-1-yl)-N-((1R,5S,7S)-9-(3-(5-methylfuran-2-yl)-propionyl)-3-oxa-9-azabicyclo[3.3.1]nonan-7-yl)acetamide",,Cc1ccc(CCC(=O)N2[C@@H]3COC[C@H]2C[C@@H](NC(=O)CC2=CCCCC2)C3)o1,
66292,CSC1(C(=O)N2C[C@H]3C[C@@H](C(=O)N4[C@H]5CC[C@H]4CC4(CC4)C5)C[C@H]3C2)CC1,"1-(1-(methylsulfanyl)cyclopropyl)-1-((1R,5S,7R)-7-(((1S,5S)-spiro[8-azabicyclo[3.2.1]octane-3,1'-cyclopropane]-8-yl)carbonyl)-3-azabicyclo[3.3.0]octan-3-yl)methanone",,CSC1(C(=O)N2C[C@H]3CC(C(=O)N4[C@H]5CC[C@H]4CC4(CC4)C5)C[C@H]3C2)CC1,
66300,CC[C@@]1(NC(=O)[C@@H]2C[C@@H]3C[C@@H]3C2)CCCN(C(=O)C#CC(C)(C)C)C1,"(1R,3R,5S)-N-((3R)-1-(4,4-dimethyl-1-oxopent-2-yn-1-yl)-3-ethylpiperidin-3-yl)bicyclo[3.1.0]hexane-3-carboxamide",,CC[C@@]1(NC(=O)C2C[C@@H]3C[C@@H]3C2)CCCN(C(=O)C#CC(C)(C)C)C1,
66314,CCc1ccc(CNC(=O)[C@@H]2C[C@@H]3CN(C(=O)C(F)(F)[C@H](C)O)C[C@@H]3C2)s1,"(1R,5S,7R)-3-((3S)-2,2-difluoro-3-hydroxy-butyryl)-N-((5-ethylthiophen-2-yl)methyl)-3-azabicyclo[3.3.0]octane-7-carboxamide",,CCc1ccc(CNC(=O)C2C[C@@H]3CN(C(=O)C(F)(F)[C@H](C)O)C[C@@H]3C2)s1,
66353,C[C@@H](C(=O)NC[C@H](O)CNC(=O)/C=C/C1=Cc2ccccc2OC1)C1CCCC1,"(2E)-N-((2S)-3-((2R)-2-cyclopentylpropanamido)-2-hydroxypropyl)-3-(2-oxabicyclo[4.4.0]deca-1(10),4,6,8-tetraen-4-yl)prop-2-enamide",C1(CCCC1)[C@H](C(=O)NC[C@H](CNC(\C=C\C=1COC2=CC=CC=C2C1)=O)O)C,CC(C(=O)NC[C@H](O)CNC(=O)/C=C/C1=Cc2ccccc2OC1)C1CCCC1,CC(C(=O)NC[C@@H](O)CNC(=O)/C=C/C1=Cc2ccccc2OC1)C1CCCC1
66387,COC(CCCC(=O)N[C@]1(C)C[C@@H](NC(=O)c2cnn3c(C)ccnc23)C1)OC,"5,5-dimethoxy-N-((1S,3s)-1-methyl-3-(2-methyl-1,5,9-triazabicyclo[4.3.0]nona-2,4,6,8-tetraene-7-carboxamido)cyclobutyl)pentanamide",,COC(CCCC(=O)N[C@]1(C)C[C@@H](NC(=O)c2cnn3c(C)ccnc23)C1)OC,
66389,CC(=O)N1CCCC[C@]12C[C@H](NC(=O)[C@H](CN1CCCC1)c1ccccc1)C2,(2S)-N-(5-(acetyl)-5-azaspiro[3.5]nonan-2-yl)-2-phenyl-3-(pyrrolidin-1-yl)propanamide,C(C)(=O)N1C2(CC(C2)NC([C@H](CN2CCCC2)C2=CC=CC=C2)=O)CCCC1,CC(=O)N1CCCC[C@]12C[C@H](NC(=O)C(CN1CCCC1)c1ccccc1)C2,CC(=O)N1CCCCC12CC(NC(=O)C(CN1CCCC1)c1ccccc1)C2
66410,COCC1(C(=O)NC[C@H]2C[C@](F)(CNC(=O)c3ccc(Cl)cn3)C2)CCCCC1,"5-chloro-N-(((1S,3r)-1-fluoro-3-((1-(methoxymethyl)cyclohexanecarboxamido)methyl)cyclobutyl)methyl)pyridine-2-carboxamide",,COCC1(C(=O)NC[C@H]2C[C@](F)(CNC(=O)c3ccc(Cl)cn3)C2)CCCCC1,
66430,Cc1ncc(C(=O)N2C[C@H]3CC[C@@H](C2)[C@@H]3C(=O)N[C@@H](C)CO)s1,"(1R,5S,8R)-N-((2S)-1-hydroxypropan-2-yl)-3-((2-methylthiazol-5-yl)carbonyl)-3-azabicyclo[3.2.1]octane-8-carboxamide",,Cc1ncc(C(=O)N2C[C@H]3CC[C@@H](C2)C3C(=O)N[C@@H](C)CO)s1,
66458,C[C@@H]1OC(=O)N[C@@H]1C(=O)N[C@@H]1CCCCN(C(=O)[C@@H]2[C@H]3CCC[C@H]32)C1,"(4S,5S)-N-((3R)-1-(((1R,5S,6R)-bicyclo[3.1.0]hexan-6-yl)carbonyl)-1-azacycloheptan-3-yl)-5-methyl-2-oxo-oxazolidine-4-carboxamide",,C[C@@H]1OC(=O)NC1C(=O)N[C@@H]1CCCCN(C(=O)C2[C@H]3CCC[C@@H]23)C1,
66475,C[C@]1(NC(=O)CC(F)(F)c2ccccc2)C[C@H](NC(=O)[C@H]2CCCC[C@@H]2O)C1,"3,3-difluoro-N-((1S,3s)-3-((1S,2S)-2-hydroxycyclohexanecarboxamido)-1-methylcyclobutyl)-3-phenylpropanamide",,C[C@]1(NC(=O)CC(F)(F)c2ccccc2)C[C@H](NC(=O)C2CCCC[C@@H]2O)C1,
66501,Cc1nn(CC(=O)N[C@H]2C[C@@H]3CC[C@H](C2)N3C(=O)c2cc(C#N)c[nH]2)c(C)c1Cl,"2-(4-chloro-3,5-dimethyl-1H-pyrazol-1-yl)-N-((1R,3S,5S)-8-((4-(nitrilomethyl)-1H-pyrrol-2-yl)carbonyl)-8-azabicyclo[3.2.1]octan-3-yl)acetamide",,Cc1nn(CC(=O)N[C@@H]2C[C@H]3CC[C@@H](C2)N3C(=O)c2cc(C#N)c[nH]2)c(C)c1Cl,
66514,CO[C@H](F)C(=O)N[C@H]1[C@@H]2CN(C(=O)c3cccc(N)n3)C[C@@H]21,"(2R)-N-((1R,5S,6S)-3-((6-aminopyridin-2-yl)carbonyl)-3-azabicyclo[3.1.0]hexan-6-yl)-2-fluoro-2-methoxyacetamide",,COC(F)C(=O)N[C@H]1[C@@H]2CN(C(=O)c3cccc(N)n3)C[C@@H]21,
66517,C[C@H]1CN(C(=O)C[C@H]2[C@@H]3CN(C(=O)C#C[C@H]4CCOC4)C[C@H]23)CCN1C,"1-((1R,5S,6S)-6-(2-((3S)-3,4-dimethylpiperazin-1-yl)-2-oxoethyl)-3-azabicyclo[3.1.0]hexan-3-yl)-3-((3R)-oxolan-3-yl)prop-2-yn-1-one",,C[C@H]1CN(C(=O)C[C@@H]2[C@H]3CN(C(=O)C#C[C@H]4CCOC4)C[C@@H]23)CCN1C,
66556,C=C[C@]1(C(=O)N2CCC[C@]3(C2)C[C@H](O)C3)CCN(C(=O)c2sc(O)nc2C)C1,1-((3R)-3-ethenyl-1-((2-hydroxy-4-methylthiazol-5-yl)carbonyl)pyrrolidin-3-yl)-1-(2-hydroxy-6-azaspiro[3.5]nonan-6-yl)methanone,C(=C)[C@]1(CN(CC1)C(=O)C1=C(N=C(S1)O)C)C(=O)N1CC2(CC(C2)O)CCC1,C=C[C@]1(C(=O)N2CCC[C@]3(C2)C[C@H](O)C3)CCN(C(=O)c2sc(=O)[nH]c2C)C1,C=C[C@]1(C(=O)N2CCCC3(CC(O)C3)C2)CCN(C(=O)c2sc(=O)[nH]c2C)C1
66557,C[C@]1(C(=O)N2C[C@H]3[C@H](NC(=O)c4cnc(C5CC5)o4)[C@H]3C2)COC(=O)C1,"2-cyclopropyl-N-((1R,5S,6S)-3-(((3R)-3-methyl-5-oxooxolan-3-yl)carbonyl)-3-azabicyclo[3.1.0]hexan-6-yl)oxazole-5-carboxamide",,C[C@]1(C(=O)N2C[C@@H]3[C@H](C2)[C@H]3NC(=O)c2cnc(C3CC3)o2)COC(=O)C1,
66586,Cc1nn(C)c(Cl)c1C(=O)NC[C@]1(F)C[C@H](CNC(=O)[C@H](C)C2CCCCC2)C1,"5-chloro-N-(((1R,3r)-3-(((2R)-2-cyclohexylpropanamido)methyl)-1-fluorocyclobutyl)methyl)-1,3-dimethyl-1H-pyrazole-4-carboxamide",,Cc1nn(C)c(Cl)c1C(=O)NC[C@]1(F)C[C@H](CNC(=O)C(C)C2CCCCC2)C1,
66673,C#CCCCC(=O)N1C[C@H]2[C@H](CC(=O)N3CC[C@@H]4[C@H](C3)[C@H]4C(N)=O)[C@H]2C1,"(1S,6R,7S)-3-(1-oxo-2-((1R,5S,6S)-3-(1-oxohex-5-yn-1-yl)-3-azabicyclo[3.1.0]hexan-6-yl)ethyl)-3-azabicyclo[4.1.0]heptane-7-carboxamide",,C#CCCCC(=O)N1C[C@@H]2[C@@H](CC(=O)N3CC[C@H]4C(C(N)=O)[C@H]4C3)[C@@H]2C1,
66715,O=C(CCc1c(F)cccc1F)N[C@@H]1CC[C@H]1NC(=O)[C@@H]1CC[C@H]2C[C@H]2CC1,"N-((1R,2R)-2-((1R,4R,7S)-bicyclo[5.1.0]octane-4-carboxamido)cyclobutyl)-3-(2,6-difluorophenyl)propanamide",,O=C(CCc1c(F)cccc1F)N[C@@H]1CC[C@H]1NC(=O)C1CC[C@@H]2C[C@@H]2CC1,
66768,CO[C@H](C)CC(=O)N[C@@H](CO)CNC(=O)[C@H]1C[C@H]2COC[C@H](C2)C1,"(3R)-N-((2R)-1-hydroxy-3-((1R,5S,7S)-3-oxabicyclo[3.3.1]nonane-7-carboxamido)propan-2-yl)-3-methoxybutanamide",,CO[C@H](C)CC(=O)N[C@@H](CO)CNC(=O)C1C[C@H]2COC[C@@H](C1)C2,
66777,Cc1cc(C(=O)N2C[C@H]3[C@H](CN(C)C(=O)C4(CF)CCOCC4)[C@H]3C2)ccc1F,"N-(((1R,5S,6S)-3-((4-fluoro-3-methylphenyl)carbonyl)-3-azabicyclo[3.1.0]hexan-6-yl)methyl)-4-(fluoromethyl)-N-methyloxane-4-carboxamide",,Cc1cc(C(=O)N2C[C@@H]3[C@@H](CN(C)C(=O)C4(CF)CCOCC4)[C@@H]3C2)ccc1F,
66820,COCCC1(C(=O)N2C[C@H](O)[C@@H](NC(=O)[C@@H]3[C@H]4CN(C)C[C@H]43)C2)CC1,"(1R,5S,6R)-N-((3S,4S)-4-hydroxy-1-((1-(2-methoxyethyl)cyclopropyl)carbonyl)pyrrolidin-3-yl)-3-methyl-3-azabicyclo[3.1.0]hexane-6-carboxamide",,COCCC1(C(=O)N2C[C@H](NC(=O)C3[C@H]4CN(C)C[C@@H]34)[C@@H](O)C2)CC1,
66838,CN(C)C(=O)CCC(=O)N1C[C@@H](F)C[C@@H]1CC(=O)N[C@@H]1C[C@H](O)[C@H](O)C1,"4-((2S,4S)-2-(2-(((1R,3R,4S)-3,4-dihydroxycyclopentyl)amino)-2-oxoethyl)-4-fluoropyrrolidin-1-yl)-N,N-dimethyl-4-oxobutanamide",,CN(C)C(=O)CCC(=O)N1C[C@@H](F)C[C@@H]1CC(=O)N[C@H]1C[C@@H](O)[C@@H](O)C1,
66853,CCc1oncc1C(=O)N[C@@H]1C[C@H]2[C@@H](C1)[C@@H]2NC(=O)c1c(N)ccc(F)c1F,"N-((1R,3R,5S,6R)-6-(6-amino-2,3-difluorobenzene-1-carboxamido)bicyclo[3.1.0]hexan-3-yl)-5-ethylisoxazole-4-carboxamide",,CCc1oncc1C(=O)N[C@H]1C[C@@H]2[C@H](C1)[C@H]2NC(=O)c1c(N)ccc(F)c1F,
66869,C[C@]1(C(F)F)C[C@H]1C(=O)NC1(CCC(=O)N[C@@H]2C[C@H]3[C@@H](C2)C3(F)F)CCC1,"(1R,2S)-N-(1-(3-(((1R,3R,5S)-6,6-difluorobicyclo[3.1.0]hexan-3-yl)amino)-3-oxopropyl)cyclobutyl)-2-(difluoromethyl)-2-methylcyclopropanecarboxamide",,C[C@]1(C(F)F)CC1C(=O)NC1(CCC(=O)N[C@H]2C[C@@H]3[C@H](C2)C3(F)F)CCC1,
66895,C[C@H](NC(=O)[C@H]1C[C@@H]1Cl)c1nocc1C(=O)N[C@H]1C[C@H]2COC[C@H](C2)C1,"3-((1S)-1-((1R,2S)-2-chlorocyclopropanecarboxamido)ethyl)-N-((1R,5S,7S)-3-oxabicyclo[3.3.1]nonan-7-yl)isoxazole-4-carboxamide",,C[C@H](NC(=O)C1C[C@@H]1Cl)c1nocc1C(=O)N[C@@H]1C[C@@H]2COC[C@@H](C2)C1,
66912,O=C(NC[C@@H]1C[C@H]1CNC(=O)C1(c2ccno2)CC1)[C@H]1C[C@@H]2CC[C@H](C1)O2,"(1R,3S,5S)-N-(((1R,2R)-2-((1-(isoxazol-5-yl)cyclopropanecarboxamido)methyl)cyclopropyl)methyl)-8-oxabicyclo[3.2.1]octane-3-carboxamide",,O=C(NC[C@@H]1C[C@H]1CNC(=O)C1(c2ccno2)CC1)C1C[C@H]2CC[C@@H](C1)O2,
66919,C[C@H]1[C@@H]2CN([C@H](C(=O)NC3(C)CC3)c3ccc(Cl)cc3Br)C[C@H]12,"(2S)-2-(2-bromo-4-chlorophenyl)-2-((1R,5S,6S)-6-methyl-3-azabicyclo[3.1.0]hexan-3-yl)-N-(1-methylcyclopropyl)acetamide",,C[C@@H]1[C@H]2CN(C(C(=O)NC3(C)CC3)c3ccc(Cl)cc3Br)C[C@@H]12,
66958,CCC[C@H](OCC)C(=O)N(C)C[C@H]1[C@@H]2CN(C(=O)/C(Cl)=C/Cl)C[C@H]12,"(2S)-N-(((1R,5S,6S)-3-((2Z)-2,3-dichloro-1-oxoprop-2-en-1-yl)-3-azabicyclo[3.1.0]hexan-6-yl)methyl)-2-ethoxy-N-methylpentanamide",,CCCC(OCC)C(=O)N(C)C[C@@H]1[C@H]2CN(C(=O)/C(Cl)=C/Cl)C[C@@H]12,
67018,O=C1C[C@@H](C(=O)N2[C@H]3CC[C@@H]2C[C@H](NC(=O)CCCCCF)C3)CN1,"6-fluoro-N-((1R,3R,5S)-8-(((3R)-5-oxopyrrolidin-3-yl)carbonyl)-8-azabicyclo[3.2.1]octan-3-yl)hexanamide",,O=C1CC(C(=O)N2[C@@H]3CC[C@H]2C[C@@H](NC(=O)CCCCCF)C3)CN1,
67022,Cc1nn(CC(=O)NC[C@H]2[C@@H]3CN(C(=O)c4ccc(C#N)cn4)C[C@H]23)c(=O)n1C,"2-(3,4-dimethyl-5-oxo-1,2,4-triazacyclopent-2-en-1-yl)-N-(((1R,5S,6S)-3-((5-(nitrilomethyl)pyridin-2-yl)carbonyl)-3-azabicyclo[3.1.0]hexan-6-yl)methyl)acetamide",,Cc1nn(CC(=O)NC[C@@H]2[C@H]3CN(C(=O)c4ccc(C#N)cn4)C[C@@H]23)c(=O)n1C,
67201,CC(C)(C)c1noc(CCC(=O)N[C@H]2C[C@H](CCNC(=O)[C@@H]3C[C@@H]4C[C@@H]4C3)C2)n1,"3-(3-(tert-butyl)-1-oxa-2,4-diazacyclopenta-2,4-dien-5-yl)-N-(trans-3-(2-((1R,3R,5S)-bicyclo[3.1.0]hexane-3-carboxamido)ethyl)cyclobutyl)propanamide",,CC(C)(C)c1noc(CCC(=O)N[C@H]2C[C@H](CCNC(=O)C3C[C@@H]4C[C@@H]4C3)C2)n1,
67288,COC[C@@H]1CN(C(=O)c2ns[nH]c2=O)CCN1C(=O)[C@]12C[C@@H](C)[C@H]1C2,"4-(((3S)-3-(methoxymethyl)-4-(((1S,3R,4R)-3-methylbicyclo[2.1.0]pentan-1-yl)carbonyl)piperazin-1-yl)carbonyl)-1-thia-2,5-diazacyclopent-4-en-3-one",COC[C@@H]1CN(CCN1C(=O)[C@]12C[C@H]([C@H]2C1)C)C(=O)C=1C(NSN1)=O,COC[C@@H]1CN(C(=O)c2ns[nH]c2=O)CCN1C(=O)[C@]12C[C@@H](C)[C@H]1C2,COC[C@@H]1CN(C(=O)c2ns[nH]c2=O)CCN1C(=O)[C@@]12C[C@@H](C)[C@H]1C2
67357,Cc1conc1CC(=O)N1C[C@H]2[C@H](NC(=O)c3cc(N)cc(F)c3)[C@H]2C1,"3-amino-5-fluoro-N-((1R,5S,6S)-3-(2-(4-methylisoxazol-3-yl)-acetyl)-3-azabicyclo[3.1.0]hexan-6-yl)benzamide",,Cc1conc1CC(=O)N1C[C@@H]2[C@H](C1)[C@H]2NC(=O)c1cc(N)cc(F)c1,
67367,CNC(=O)N1CCC[C@@H]1C(=O)NC[C@]1(F)C[C@@H](CNC(=O)c2cccc(Cl)c2)C1,"(2R)-N'-(((1S,3r)-3-((3-chlorobenzene-1-carboxamido)methyl)-1-fluorocyclobutyl)methyl)-N-methylpyrrolidine-1,2-dicarboxamide",,CNC(=O)N1CCCC1C(=O)NC[C@]1(F)C[C@@H](CNC(=O)c2cccc(Cl)c2)C1,
67452,COCc1nc(C)c(C(=O)NC[C@]2(F)C[C@@H](CNC(=O)c3cncnc3C)C2)s1,"N-(((1S,3r)-1-fluoro-3-((4-methylpyrimidine-5-carboxamido)methyl)cyclobutyl)methyl)-2-(methoxymethyl)-4-methylthiazole-5-carboxamide",,COCc1nc(C)c(C(=O)NC[C@]2(F)C[C@@H](CNC(=O)c3cncnc3C)C2)s1,
67597,Cc1cccn2c(C(=O)N[C@H]3CCCN(C(=O)[C@H]4C[C@@H]5C[C@@H]5C4)CC3)cnc12,"N-((4S)-1-(((1R,3S,5S)-bicyclo[3.1.0]hexan-3-yl)carbonyl)-1-azacycloheptan-4-yl)-5-methyl-1,7-diazabicyclo[4.3.0]nona-2,4,6,8-tetraene-9-carboxamide",,Cc1cccn2c(C(=O)N[C@H]3CCCN(C(=O)C4C[C@@H]5C[C@@H]5C4)CC3)cnc12,
67687,COCc1nn[nH]c1C(=O)N[C@H]1C[C@@H]2CC[C@H](C1)N2C(=O)c1occc1F,"N-((1R,3S,5S)-8-((3-fluorofuran-2-yl)carbonyl)-8-azabicyclo[3.2.1]octan-3-yl)-4-(methoxymethyl)-1H-1,2,3-triazole-5-carboxamide",,COCc1[nH]nnc1C(=O)N[C@@H]1C[C@H]2CC[C@@H](C1)N2C(=O)c1occc1F,
67709,C=CCCCCC(=O)NC[C@H]1C[C@@](F)(CNC(=O)[C@H](CC)C(=O)OCC)C1,"ethyl (2S)-2-((((1S,3s)-1-fluoro-3-((hept-6-enamido)methyl)cyclobutyl)methyl)carbamoyl)butanoate",,C=CCCCCC(=O)NC[C@H]1C[C@@](F)(CNC(=O)C(CC)C(=O)OCC)C1,
67720,C[C@@H]1[C@H](C(=O)O[C@@H]2C[C@@H]3OC(=O)O[C@@H]3C2)CCN1c1ccccc1,"(1R,5S,7R)-3-oxo-2,4-dioxabicyclo[3.3.0]octan-7-yl (2R,3R)-2-methyl-1-phenylpyrrolidine-3-carboxylate",,C[C@@H]1C(C(=O)O[C@@H]2C[C@@H]3OC(=O)O[C@@H]3C2)CCN1c1ccccc1,
67725,O=C(c1cnoc1)N1C[C@H]2[C@H](CNc3ncnc4sccc34)[C@H]2C1,"1-(isoxazol-4-yl)-1-((1R,5S,6S)-6-(((7-thia-3,5-diazabicyclo[4.3.0]nona-1,3,5,8-tetraen-2-yl)amino)methyl)-3-azabicyclo[3.1.0]hexan-3-yl)methanone",,O=C(c1cnoc1)N1C[C@@H]2[C@@H](CNc3ncnc4sccc34)[C@@H]2C1,
67739,CCC(F)(F)CC(=O)N[C@]1(C(=O)N2CCNC(=O)[C@H]2C)C[C@H](O)C1,"3,3-difluoro-N-((1R,3s)-3-hydroxy-1-(((2R)-2-methyl-3-oxopiperazin-1-yl)carbonyl)cyclobutyl)pentanamide",,CCC(F)(F)CC(=O)N[C@]1(C(=O)N2CCNC(=O)C2C)C[C@H](O)C1,
67879,C=CCCC(C)(C)C(=O)N1CC[C@@H](OCC(=O)NC[C@H]2C[C@H](O)[C@H](O)C2)C1,"N-(((1S,3R,4S)-3,4-dihydroxycyclopentyl)methyl)-2-(((3R)-1-(2,2-dimethyl-1-oxohex-5-en-1-yl)pyrrolidin-3-yl)oxy)acetamide",,C=CCCC(C)(C)C(=O)N1CC[C@@H](OCC(=O)NC[C@@H]2C[C@@H](O)[C@@H](O)C2)C1,
67880,O=C(Cn1cnnc1)NC[C@H]1[C@@H]2CN(C(=O)c3cncc(Cl)c3Cl)C[C@H]12,"N-(((1R,5S,6S)-3-((4,5-dichloropyridin-3-yl)carbonyl)-3-azabicyclo[3.1.0]hexan-6-yl)methyl)-2-(4H-1,2,4-triazol-4-yl)acetamide",,O=C(Cn1cnnc1)NC[C@@H]1[C@H]2CN(C(=O)c3cncc(Cl)c3Cl)C[C@@H]12,
67945,CC(=O)N1CCC[C@@H]1C(=O)NC[C@]1(F)C[C@H](N=c2[nH]nc(-c3ccccc3)o2)C1,"(2R)-1-(acetyl)-N-(((1R,3r)-1-fluoro-3-((5-phenyl-1-oxa-3,4-diazacyclopent-4-en-2-ylidene)amino)cyclobutyl)methyl)pyrrolidine-2-carboxamide",,CC(=O)N1CCCC1C(=O)NC[C@]1(F)C[C@H](Nc2nnc(-c3ccccc3)o2)C1,
67988,O=C(NC[C@H]1[C@@H]2CN(C(=O)c3cnoc3C3CC3)C[C@H]12)[C@H]1C[C@@H]2C[C@H](C1)C[C@H]2O,"(1R,3R,5S,6R)-N-(((1R,5S,6S)-3-((5-cyclopropylisoxazol-4-yl)carbonyl)-3-azabicyclo[3.1.0]hexan-6-yl)methyl)-6-hydroxybicyclo[3.2.1]octane-3-carboxamide",,O=C(NC[C@@H]1[C@H]2CN(C(=O)c3cnoc3C3CC3)C[C@@H]12)C1C[C@H]2C[C@@H](C1)[C@H](O)C2,
68016,Cc1cc(C)n([C@H](C)CC(=O)NC[C@H]2C[C@](F)(CNC(=O)[C@H]3C=CCCC3)C2)n1,"(3R)-N-(((1S,3r)-3-(((1R)-cyclohex-2-ene-1-carboxamido)methyl)-3-fluorocyclobutyl)methyl)-3-(3,5-dimethyl-1H-pyrazol-1-yl)butanamide",,Cc1cc(C)n([C@H](C)CC(=O)NC[C@H]2C[C@](F)(CNC(=O)C3C=CCCC3)C2)n1,
68056,CCc1cc(C(=O)N2CC3(CCN(C(=O)C=CCO)CC3)[C@H]3COC[C@H]32)ncn1,"1-(1'-(6-ethylpyrimidin-4-yl)-1-((1R,5S)-3-oxa-6-azaspiro[piperidine-4,8'-bicyclo[3.3.0]octan-6-yl)methanone]-1-yl)-4-hydroxybut-2-en-1-one",,CCc1cc(C(=O)N2CC3(CCN(C(=O)C=CCO)CC3)[C@H]3COC[C@H]32)ncn1,
68078,Cc1cc(CO)oc1C(=O)N(C)[C@H]1C[C@@H]2CC[C@H](C1)N2C(=O)c1nnn(C)c1C,"N-((1R,3S,5S)-8-((1,5-dimethyl-1H-1,2,3-triazol-4-yl)carbonyl)-8-azabicyclo[3.2.1]octan-3-yl)-5-(hydroxymethyl)-3,N-dimethylfuran-2-carboxamide",,Cc1cc(CO)oc1C(=O)N(C)[C@@H]1C[C@H]2CC[C@@H](C1)N2C(=O)c1nnn(C)c1C,
68086,CCOC(=O)CC(=O)N1C[C@H]2[C@H](NC(=O)[C@@H](C)Cc3cnco3)[C@H]2C1,"ethyl 3-((1R,5S,6S)-6-((2S)-2-((oxazol-5-yl)methyl)propanamido)-3-azabicyclo[3.1.0]hexan-3-yl)-3-oxopropanoate",,CCOC(=O)CC(=O)N1C[C@@H]2[C@H](C1)[C@H]2NC(=O)C(C)Cc1cnco1,
68235,Cc1cc(Br)sc1C(=O)N[C@H]1C[C@@](C)(NC(=O)/C=C/C(F)(F)F)C1,"5-bromo-3-methyl-N-((1S,3r)-3-methyl-3-((2E)-4,4,4-trifluorobut-2-enamido)cyclobutyl)thiophene-2-carboxamide",,Cc1cc(Br)sc1C(=O)N[C@H]1C[C@@](C)(NC(=O)/C=C/C(F)(F)F)C1,
68248,CNC(=O)N[C@@H](C)C(=O)NC[C@H]1[C@@H]2CN(C(=O)[C@H](C)OCc3ccccc3)C[C@H]12,"(2S)-N-(((1R,5S,6S)-3-((2S)-2-benzyloxy-propionyl)-3-azabicyclo[3.1.0]hexan-6-yl)methyl)-2-(methylcarbamoylamino)propanamide",,CNC(=O)NC(C)C(=O)NC[C@@H]1[C@H]2CN(C(=O)C(C)OCc3ccccc3)C[C@@H]12,
68287,CC(C)CCCOCC(=O)NC[C@]1(F)C[C@@H](NC(=O)[C@@H]2Cc3ccc(F)cc32)C1,"N-(((1R,3s)-1-fluoro-3-((7R)-4-fluorobicyclo[4.2.0]octa-1(6),2,4-triene-7-carboxamido)cyclobutyl)methyl)-2-((4-methylpentyl)oxy)acetamide",,CC(C)CCCOCC(=O)NC[C@]1(F)C[C@@H](NC(=O)C2Cc3ccc(F)cc32)C1,
68347,N#Cc1cc(C(=O)N[C@H]2[C@@H]3CN(C(=O)c4cc5ccccc5o4)C[C@@H]32)ccc1O,"N-((1R,5S,6S)-3-((1-benzofuran-2-yl)carbonyl)-3-azabicyclo[3.1.0]hexan-6-yl)-3-cyano-4-hydroxybenzene-1-carboxamide",,N#Cc1cc(C(=O)N[C@H]2[C@@H]3CN(C(=O)c4cc5ccccc5o4)C[C@@H]32)ccc1O,
68530,O=C(N[C@H]1C[C@@H]2CC[C@H](C1)N2C(=O)[C@H](O)Cc1ccccn1)c1cnc(Cl)s1,"2-chloro-N-((1R,3S,5S)-8-((2R)-2-hydroxy-1-oxo-3-(pyridin-2-yl)propyl)-8-azabicyclo[3.2.1]octan-3-yl)thiazole-5-carboxamide",,O=C(N[C@@H]1C[C@H]2CC[C@@H](C1)N2C(=O)C(O)Cc1ccccn1)c1cnc(Cl)s1,
68535,C[C@H]1[C@@H](C)[C@@H]1C(=O)NC12CC(CNC(=O)C=Cc3ccccc3F)(C1)C2,"(1R,2R,3S)-N-(3-((3-(2-fluorophenyl)prop-2-enamido)methyl)bicyclo[1.1.1]pentan-1-yl)-2,3-dimethylcyclopropanecarboxamide",,C[C@@H]1C(C(=O)NC23CC(CNC(=O)C=Cc4ccccc4F)(C2)C3)[C@@H]1C,
68543,CC(=O)N(C)[C@H]1[C@@H]2CN(C(=O)C=Cc3cccs3)C[C@@H]21,"N-methyl-N-((1R,5S,6S)-3-(1-oxo-3-(thiophen-2-yl)prop-2-en-1-yl)-3-azabicyclo[3.1.0]hexan-6-yl)acetamide",,CC(=O)N(C)[C@H]1[C@@H]2CN(C(=O)C=Cc3cccs3)C[C@@H]21,
68544,CS(C)(=O)=NC(=O)C(=O)N[C@H]1C[C@@](C)(NC(=O)CN2CCCCCC2=O)C1,"N-(dimethyl(oxo)-lambda^6-sulfanylidene)-N'-((1S,3r)-3-methyl-3-(2-(2-oxo-1-azacycloheptan-1-yl)acetamido)cyclobutyl)ethanediamide",,CS(C)(=O)=NC(=O)C(=O)N[C@H]1C[C@@](C)(NC(=O)CN2CCCCCC2=O)C1,
68662,O=C(c1ccc(Br)c(Cl)c1)N1C[C@@H]2[C@H](C(=O)N3CCC[C@@H]3C(F)(F)F)[C@@H]2C1,"1-(4-bromo-3-chlorophenyl)-1-((1R,5S,6S)-6-(((2R)-2-(trifluoromethyl)pyrrolidin-1-yl)carbonyl)-3-azabicyclo[3.1.0]hexan-3-yl)methanone",,O=C(c1ccc(Br)c(Cl)c1)N1C[C@@H]2C(C(=O)N3CCC[C@@H]3C(F)(F)F)[C@@H]2C1,
68730,CO[C@@](C)(CC1CCC1)C(=O)N(C)C[C@H]1[C@@H]2CN(C(=O)CC3(C)OCCO3)C[C@H]12,"(2S)-2-(cyclobutylmethyl)-2-methoxy-N-methyl-N-(((1R,5S,6S)-3-(2-(2-methyl-1,3-dioxolan-2-yl)-acetyl)-3-azabicyclo[3.1.0]hexan-6-yl)methyl)propanamide",,CO[C@@](C)(CC1CCC1)C(=O)N(C)C[C@@H]1[C@H]2CN(C(=O)CC3(C)OCCO3)C[C@@H]12,
68736,Cc1cc(C(=O)N[C@]2(CO)CCCN(C(=O)C[C@@H]3CC[C@@H]4C[C@@H]4C3)C2)c(O)nn1,"N-((3R)-1-(2-((1S,3R,6R)-bicyclo[4.1.0]heptan-3-yl)-acetyl)-3-(hydroxymethyl)piperidin-3-yl)-3-hydroxy-6-methylpyridazine-4-carboxamide",[C@@H]12C[C@@H](CC[C@@H]2C1)CC(=O)N1C[C@](CCC1)(CO)NC(=O)C1=C(N=NC(=C1)C)O,Cc1cc(C(=O)N[C@]2(CO)CCCN(C(=O)C[C@@H]3CC[C@@H]4C[C@@H]4C3)C2)c(=O)[nH]n1,Cc1cc(C(=O)N[C@]2(CO)CCCN(C(=O)C[C@@H]3CC[C@@H]4C[C@H]4C3)C2)c(=O)[nH]n1
68747,O=C(N[C@H]1CC2(CN(C(=O)CC3(C(F)(F)F)CC3)C2)n2ccnc21)[C@@H]1CC1(F)F,"(1S)-2,2-difluoro-N-((6S)-spiro[1,4-diazabicyclo[3.3.0]octa-2,4-diene-8,3'-(1-(azetidin-1-yl)-2-(1-(trifluoromethyl)cyclopropyl)ethane)]-6-yl-1'-one)cyclopropanecarboxamide",,O=C(N[C@H]1CC2(CN(C(=O)CC3(C(F)(F)F)CC3)C2)n2ccnc21)C1CC1(F)F,
68786,CC1(C)CC(C(=O)N2[C@H]3CC[C@@H]2C[C@H](NC(=O)c2csc4nccn24)C3)C1,"N-((1R,3R,5S)-8-((3,3-dimethylcyclobutyl)carbonyl)-8-azabicyclo[3.2.1]octan-3-yl)-2-thia-5,8-diazabicyclo[3.3.0]octa-1(8),3,6-triene-4-carboxamide",,CC1(C)CC(C(=O)N2[C@@H]3CC[C@H]2C[C@@H](NC(=O)c2csc4nccn24)C3)C1,
68828,CCN1C[C@@H](C(=O)N[C@H]2[C@@H]3CN(c4nc(-c5ccccc5)ns4)C[C@@H]32)CC1=O,"(3S)-1-ethyl-5-oxo-N-((1R,5S,6S)-3-(3-phenyl-1-thia-2,4-diazacyclopenta-2,4-dien-5-yl)-3-azabicyclo[3.1.0]hexan-6-yl)pyrrolidine-3-carboxamide",,CCN1CC(C(=O)N[C@H]2[C@@H]3CN(c4nc(-c5ccccc5)ns4)C[C@@H]32)CC1=O,
68862,CC(=CC(=O)NC[C@H]1[C@@H]2CN(c3c([N+](=O)[O-])cccc3[N+](=O)[O-])C[C@H]12)C(C)(C)C,"N-(((1R,5S,6S)-3-(2,6-dinitrophenyl)-3-azabicyclo[3.1.0]hexan-6-yl)methyl)-3,4,4-trimethylpent-2-enamide",,CC(=CC(=O)NC[C@@H]1[C@H]2CN(c3c([N+](=O)[O-])cccc3[N+](=O)[O-])C[C@@H]12)C(C)(C)C,
68891,Cc1ccc(CO)cc1NC(=O)C[C@@H](C)N(C)C(=O)[C@H]1C[C@@H]2C[C@@H]2C1,"(3R)-N-(5-(hydroxymethyl)-2-methylphenyl)-3-(N-methyl(1R,3S,5S)-bicyclo[3.1.0]hexane-3-carboxamido)butanamide",,Cc1ccc(CO)cc1NC(=O)C[C@@H](C)N(C)C(=O)C1C[C@@H]2C[C@@H]2C1,
68952,CC[C@H](C#N)C(=O)N1CCO[C@]2(CC[C@H](NC(=O)C=C(C)C(C)C)CC2)C1,"N-(4-((2R)-2-cyano-butyryl)-1-oxa-4-azaspiro[5.5]undecan-9-yl)-3,4-dimethylpent-2-enamide",C(#N)[C@H](C(=O)N1CCOC2(C1)CCC(CC2)NC(C=C(C(C)C)C)=O)CC,CCC(C#N)C(=O)N1CCO[C@]2(CC[C@H](NC(=O)C=C(C)C(C)C)CC2)C1,CCC(C#N)C(=O)N1CCOC2(CCC(NC(=O)C=C(C)C(C)C)CC2)C1
69024,C[C@@H](C(=O)N[C@@H]1C[C@H]2[C@@H](C1)[C@@H]2NC(=O)Cc1cnns1)S(N)(=O)=O,"(2S)-2-(sulfamoyl)-N-((1R,3R,5S,6R)-6-(2-(1-thia-2,3-diazacyclopenta-2,4-dien-5-yl)acetamido)bicyclo[3.1.0]hexan-3-yl)propanamide",,CC(C(=O)N[C@H]1C[C@@H]2[C@H](C1)[C@H]2NC(=O)Cc1cnns1)S(N)(=O)=O,
69109,C=C[C@H](NC(=O)CO[C@H]1CCN(C(=O)[C@@H](CO)OC)C1)C1CC1,N-((1R)-1-cyclopropylprop-2-en-1-yl)-2-(((3S)-1-((2R)-3-hydroxy-2-methoxy-propionyl)pyrrolidin-3-yl)oxy)acetamide,C1(CC1)[C@@H](C=C)NC(CO[C@@H]1CN(CC1)C([C@@H](CO)OC)=O)=O,C=C[C@H](NC(=O)CO[C@H]1CCN(C(=O)C(CO)OC)C1)C1CC1,C=C[C@@H](NC(=O)CO[C@H]1CCN(C(=O)C(CO)OC)C1)C1CC1
69125,Cc1cccc(C(=O)N[C@H]2C[C@](F)(CNC(=O)c3ccc4c(c3)CCCS4)C2)c1,"N-(((1R,3s)-1-fluoro-3-(3-methylbenzene-1-carboxamido)cyclobutyl)methyl)-2-thiabicyclo[4.4.0]deca-1(6),7,9-triene-8-carboxamide",,Cc1cccc(C(=O)N[C@H]2C[C@](F)(CNC(=O)c3ccc4c(c3)CCCS4)C2)c1,
69194,CC(CC(=O)NC[C@]1(F)C[C@H](CNC(=O)C2=COC(C3CCC3)=N2)C1)C(F)(F)F,"N-(((1S,3s)-3-((2-cyclobutyloxazole-4-carboxamido)methyl)-1-fluorocyclobutyl)methyl)-3-(trifluoromethyl)butanamide",,CC(CC(=O)NC[C@]1(F)C[C@H](CNC(=O)c2coc(C3CCC3)n2)C1)C(F)(F)F,
69202,COc1ncc(C(=O)N2[C@H]3CC[C@@H]2C[C@H](NC(=O)CC/C=C/C(C)C)C3)c(C)n1,"(4E)-N-((1R,3R,5S)-8-((2-methoxy-4-methylpyrimidin-5-yl)carbonyl)-8-azabicyclo[3.2.1]octan-3-yl)-6-methylhept-4-enamide",,COc1ncc(C(=O)N2[C@@H]3CC[C@H]2C[C@@H](NC(=O)CC/C=C/C(C)C)C3)c(C)n1,
69238,N#Cc1cc(C(=O)NCCN(Cc2ccc(Cl)nc2)C(=O)[C@H]2C[C@@H]3C[C@@H]3C2)c[nH]1,"N-(2-(N-((6-chloropyridin-3-yl)methyl)(1R,3S,5S)-bicyclo[3.1.0]hexane-3-carboxamido)ethyl)-5-cyano-1H-pyrrole-3-carboxamide",,N#Cc1cc(C(=O)NCCN(Cc2ccc(Cl)nc2)C(=O)C2C[C@@H]3C[C@@H]3C2)c[nH]1,
69255,C[C@H](NC(=O)[C@H]1C[C@@H]2C[C@H]2C[C@H]1C)C1CN(C(=O)c2c[nH]nc2[N+](=O)[O-])C1,"(1S,3S,4R,6R)-4-methyl-N-((1S)-1-(1-((3-nitro-1H-pyrazol-4-yl)carbonyl)-azetidin-3-yl)ethyl)bicyclo[4.1.0]heptane-3-carboxamide",C[C@H]1[C@H](C[C@@H]2C[C@@H]2C1)C(=O)N[C@@H](C)C1CN(C1)C(=O)C=1C(=NNC1)[N+](=O)[O-],C[C@@H]1C[C@@H]2C[C@H]2CC1C(=O)N[C@@H](C)C1CN(C(=O)c2c[nH]nc2[N+](=O)[O-])C1,C[C@@H]1C[C@H]2C[C@H]2CC1C(=O)N[C@@H](C)C1CN(C(=O)c2c[nH]nc2[N+](=O)[O-])C1
69269,CN1C[C@@H](C(=O)NC(C)(C)CCCNC(=O)[C@@H]2[C@H]3CCC[C@H]32)NC1=O,"(5S)-N-(5-((1R,5S,6R)-bicyclo[3.1.0]hexane-6-carboxamido)-2-methylpentan-2-yl)-3-methyl-2-oxoimidazolidine-5-carboxamide",,CN1CC(C(=O)NC(C)(C)CCCNC(=O)C2[C@H]3CCC[C@@H]23)NC1=O,
69345,CCC(F)(F)CC(=O)N1C[C@H]2[C@@H](C1)[C@@H]2C(=O)N1CC[C@@]2(CC[C@@H](O)C2)C1,"3,3-difluoro-1-((1R,5S,6R)-6-(((5R,7R)-7-hydroxy-2-azaspiro[4.4]nonan-2-yl)carbonyl)-3-azabicyclo[3.1.0]hexan-3-yl)pentan-1-one",,CCC(F)(F)CC(=O)N1C[C@@H]2C(C(=O)N3CC[C@@]4(CC[C@@H](O)C4)C3)[C@@H]2C1,
69386,CNc1ncccc1C(=O)NC[C@]1(F)C[C@H](CNC(=O)[C@]2(C)CC[C@@H]3C[C@H]3C2)C1,"N-(((1R,3r)-1-fluoro-3-(((1S,3R,6R)-3-methylbicyclo[4.1.0]heptane-3-carboxamido)methyl)cyclobutyl)methyl)-2-(methylamino)pyridine-3-carboxamide",,CNc1ncccc1C(=O)NC[C@]1(F)C[C@H](CNC(=O)[C@]2(C)CC[C@@H]3C[C@H]3C2)C1,
69400,Cc1ncc(C(=O)N[C@H]2C[C@H](F)CN(C(=O)[C@H]3CC[C@@](C)(F)CC3)C2)c(C)n1,"N-((3S,5S)-5-fluoro-1-(((1S,4r)-4-fluoro-4-methylcyclohexyl)carbonyl)piperidin-3-yl)-2,4-dimethylpyrimidine-5-carboxamide",,Cc1ncc(C(=O)N[C@H]2C[C@H](F)CN(C(=O)C3CCC(C)(F)CC3)C2)c(C)n1,
69469,Cc1cc(C(=O)N2[C@H]3CC[C@@H]2C[C@@H](N(C)C(=O)CCCC(=O)N(C)C)C3)cs1,"N,N',N'-trimethyl-N-((1R,3S,5S)-8-((5-methylthiophen-3-yl)carbonyl)-8-azabicyclo[3.2.1]octan-3-yl)pentanediamide",,Cc1cc(C(=O)N2[C@@H]3CC[C@H]2C[C@H](N(C)C(=O)CCCC(=O)N(C)C)C3)cs1,
69474,CO[C@]1(C(=O)NCCc2ncn(C)n2)CCN(C(=O)C[C@@H]2C[C@H]3C[C@H]3C2)C1,"(3R)-1-(2-((1R,3R,5S)-bicyclo[3.1.0]hexan-3-yl)-acetyl)-3-methoxy-N-(2-(1-methyl-1H-1,2,4-triazol-3-yl)ethyl)pyrrolidine-3-carboxamide",,CO[C@]1(C(=O)NCCc2ncn(C)n2)CCN(C(=O)C[C@H]2C[C@@H]3C[C@@H]3C2)C1,
69496,COCc1cc(C(=O)N(C)[C@H]2C[C@@H]3CC[C@H](C2)N3C(=O)[C@H](F)CC2CCC2)n[nH]1,"N-((1R,3S,5S)-8-((2R)-3-cyclobutyl-2-fluoro-propionyl)-8-azabicyclo[3.2.1]octan-3-yl)-5-(methoxymethyl)-N-methyl-1H-pyrazole-3-carboxamide",,COCc1cc(C(=O)N(C)[C@@H]2C[C@H]3CC[C@@H](C2)N3C(=O)C(F)CC2CCC2)[nH]n1,
69536,C[C@]1(NC(=O)Cc2cn3ccsc3n2)C[C@H](NC(=O)CC[C@@H]2C[C@H]3CC[C@H]2C3)C1,"3-((1S,2R,4S)-bicyclo[2.2.1]heptan-2-yl)-N-((1S,3s)-3-methyl-3-(2-(2-thia-5,8-diazabicyclo[3.3.0]octa-1(8),3,6-trien-7-yl)acetamido)cyclobutyl)propanamide",,C[C@]1(NC(=O)Cc2cn3ccsc3n2)C[C@H](NC(=O)CC[C@@H]2C[C@H]3CC[C@H]2C3)C1,
69555,CC(C)c1cc(C(=O)N2C[C@@H]3CC[C@H](C2)[C@H]3NC(=O)c2nccnc2Cl)n[nH]1,"3-chloro-N-((1R,5S,8S)-3-((5-(propan-2-yl)-1H-pyrazol-3-yl)carbonyl)-3-azabicyclo[3.2.1]octan-8-yl)pyrazine-2-carboxamide",,CC(C)c1cc(C(=O)N2C[C@H]3CC[C@@H](C2)[C@@H]3NC(=O)c2nccnc2Cl)[nH]n1,
69557,COc1cc(F)ccc1C(=O)N[C@]1(C)C[C@H](NC(=O)C2([C@H]3CCCO3)CCC2)C1,"4-fluoro-2-methoxy-N-((1S,3r)-1-methyl-3-(1-((2R)-oxolan-2-yl)cyclobutanecarboxamido)cyclobutyl)benzamide",,COc1cc(F)ccc1C(=O)N[C@]1(C)C[C@H](NC(=O)C2([C@H]3CCCO3)CCC2)C1,
69572,O=C(Cc1ccc(Cl)cc1)N[C@H]1[C@@H]2CN(c3ccc([N+](=O)[O-])cc3F)C[C@@H]21,"2-(4-chlorophenyl)-N-((1R,5S,6S)-3-(2-fluoro-4-nitrophenyl)-3-azabicyclo[3.1.0]hexan-6-yl)acetamide",,O=C(Cc1ccc(Cl)cc1)N[C@H]1[C@@H]2CN(c3ccc([N+](=O)[O-])cc3F)C[C@@H]21,
69725,Cc1ccc(C(=O)N2C[C@H]3[C@H](CN(C)C(=O)c4cncnc4)[C@H]3C2)c(O)c1,"N-(((1R,5S,6S)-3-((2-hydroxy-4-methylphenyl)carbonyl)-3-azabicyclo[3.1.0]hexan-6-yl)methyl)-N-methylpyrimidine-5-carboxamide",,Cc1ccc(C(=O)N2C[C@@H]3[C@@H](CN(C)C(=O)c4cncnc4)[C@@H]3C2)c(O)c1,
69735,C=CC(C)(C)C(=O)N[C@H]1C[C@]2(CCCCN2C(=O)Cn2cc(CO)nn2)C1,"N-(5-(2-(4-(hydroxymethyl)-1H-1,2,3-triazol-1-yl)-acetyl)-5-azaspiro[3.5]nonan-2-yl)-2,2-dimethylbut-3-enamide",OCC=1N=NN(C1)CC(=O)N1C2(CC(C2)NC(C(C=C)(C)C)=O)CCCC1,C=CC(C)(C)C(=O)N[C@H]1C[C@]2(CCCCN2C(=O)Cn2cc(CO)nn2)C1,C=CC(C)(C)C(=O)NC1CC2(CCCCN2C(=O)Cn2cc(CO)nn2)C1
69755,CC(C)[C@H](CNC(=O)C[C@@H]1CC[C@H]2C[C@H]2C1)NC(=O)CCC(F)(F)F,"N-((2R)-1-(2-((1R,3R,6S)-bicyclo[4.1.0]heptan-3-yl)acetamido)-3-methylbutan-2-yl)-4,4,4-trifluorobutanamide",[C@H]12C[C@@H](CC[C@H]2C1)CC(=O)NC[C@@H](C(C)C)NC(CCC(F)(F)F)=O,CC(C)[C@H](CNC(=O)C[C@@H]1CC[C@H]2C[C@H]2C1)NC(=O)CCC(F)(F)F,CC(C)[C@H](CNC(=O)C[C@@H]1CC[C@H]2C[C@@H]2C1)NC(=O)CCC(F)(F)F
69870,Cc1nccnc1C(=O)N(C)[C@@H]1CC[C@@H](NC(=O)[C@]23CC[C@H](CC2)C3(C)C)C1,"N-((1R,3R)-3-(7,7-dimethylbicyclo[2.2.1]heptane-1-carboxamido)cyclopentyl)-3,N-dimethylpyrazine-2-carboxamide",CC1(C2(CCC1CC2)C(=O)N[C@H]2C[C@@H](CC2)N(C(=O)C2=NC=CN=C2C)C)C,Cc1nccnc1C(=O)N(C)[C@@H]1CC[C@@H](NC(=O)[C@]23CC[C@H](CC2)C3(C)C)C1,Cc1nccnc1C(=O)N(C)[C@@H]1CC[C@@H](NC(=O)C23CCC(CC2)C3(C)C)C1
69919,C=CC1(CC(=O)N[C@H]2CC[C@]3(CC2)CN(C(=O)[C@](C)(CC)OC)CCO3)CCC1,2-(1-ethenylcyclobutyl)-N-(10-((2S)-2-methoxy-2-methyl-butyryl)-7-oxa-10-azaspiro[5.5]undecan-3-yl)acetamide,C(=C)C1(CCC1)CC(=O)NC1CCC2(CC1)OCCN(C2)C([C@@](CC)(C)OC)=O,C=CC1(CC(=O)N[C@H]2CC[C@]3(CC2)CN(C(=O)[C@](C)(CC)OC)CCO3)CCC1,C=CC1(CC(=O)NC2CCC3(CC2)CN(C(=O)[C@](C)(CC)OC)CCO3)CCC1
69929,COc1nccnc1NC(=O)[C@@H]1[C@H]2CN(c3ncc(C4CC4)cn3)C[C@H]21,"(1R,5S,6R)-3-(5-cyclopropylpyrimidin-2-yl)-N-(3-methoxypyrazin-2-yl)-3-azabicyclo[3.1.0]hexane-6-carboxamide",,COc1nccnc1NC(=O)C1[C@H]2CN(c3ncc(C4CC4)cn3)C[C@@H]12,
69979,Cc1ncc2ccc(C(=O)NC[C@]3(F)C[C@H](NC(=O)CCc4cnoc4)C3)cn12,"N-(((1S,3s)-1-fluoro-3-(3-(isoxazol-4-yl)propanamido)cyclobutyl)methyl)-9-methyl-1,8-diazabicyclo[4.3.0]nona-2,4,6,8-tetraene-3-carboxamide",,Cc1ncc2ccc(C(=O)NC[C@]3(F)C[C@H](NC(=O)CCc4cnoc4)C3)cn12,
70014,CCC(C)(CC)C(=O)N[C@H]1C[C@@H]2CN(C(=O)[C@H]3CCCCC3(F)F)C[C@@H]2C1,"N-((1R,5S,7S)-3-(((1R)-2,2-difluorocyclohexyl)carbonyl)-3-azabicyclo[3.3.0]octan-7-yl)-2-ethyl-2-methylbutanamide",,CCC(C)(CC)C(=O)N[C@H]1C[C@@H]2CN(C(=O)C3CCCCC3(F)F)C[C@@H]2C1,
70028,CC[C@@H](Cl)C(=O)N1C[C@@H]2[C@H](C(=O)Nc3cncc(C#N)c3)[C@@H]2C1,"(1R,5S,6S)-3-((2R)-2-chloro-butyryl)-N-(5-(nitrilomethyl)pyridin-3-yl)-3-azabicyclo[3.1.0]hexane-6-carboxamide",,CCC(Cl)C(=O)N1C[C@@H]2C(C(=O)Nc3cncc(C#N)c3)[C@@H]2C1,
70046,O=C(NC1(CCNC(=O)[C@@H]2[C@H]3CCCC[C@H]32)CCOCC1)c1ccc(F)cc1,"(1R,6S,7R)-N-(2-(4-(4-fluorobenzene-1-carboxamido)-oxan-4-yl)ethyl)bicyclo[4.1.0]heptane-7-carboxamide",,O=C(NC1(CCNC(=O)C2[C@H]3CCCC[C@@H]23)CCOCC1)c1ccc(F)cc1,
70183,CC[C@@H](C)CCCCC(=O)N1C[C@H]2[C@H](NC(=O)c3cc4c(C)cccn4n3)[C@H]2C1,"5-methyl-N-((1R,5S,6S)-3-((6R)-6-methyl-1-oxooctyl)-3-azabicyclo[3.1.0]hexan-6-yl)-1,9-diazabicyclo[4.3.0]nona-2,4,6,8-tetraene-8-carboxamide",,CC[C@@H](C)CCCCC(=O)N1C[C@@H]2[C@H](C1)[C@H]2NC(=O)c1cc2c(C)cccn2n1,
70223,O=C(O)Cc1ccc(CN2C[C@H]3C[C@H](NC(=O)C4CCSCC4)C[C@H]3C2)cc1,"2-(4-(((1R,5S,7S)-7-(thiane-4-carboxamido)-3-azabicyclo[3.3.0]octan-3-yl)methyl)phenyl)acetic acid",,O=C(O)Cc1ccc(CN2C[C@H]3C[C@H](NC(=O)C4CCSCC4)C[C@H]3C2)cc1,
70234,O=C(CCCCCCCC1CC1)N1[C@H]2CC[C@@H]1C[C@@H](CNC(=O)C1(O)CC1)C2,"N-(((1R,3S,5S)-8-(8-cyclopropyl-1-oxooctyl)-8-azabicyclo[3.2.1]octan-3-yl)methyl)-1-hydroxycyclopropanecarboxamide",,O=C(CCCCCCCC1CC1)N1[C@@H]2CC[C@H]1C[C@H](CNC(=O)C1(O)CC1)C2,
70241,CO[C@@H](CO)C(=O)N1[C@H]2CC[C@@H]1C[C@@H](CNC(=O)CC1(CO)CC1)C2,"N-(((1R,3S,5S)-8-((2S)-3-hydroxy-2-methoxy-propionyl)-8-azabicyclo[3.2.1]octan-3-yl)methyl)-2-(1-(hydroxymethyl)cyclopropyl)acetamide",,COC(CO)C(=O)N1[C@@H]2CC[C@H]1C[C@H](CNC(=O)CC1(CO)CC1)C2,
70309,Cc1c(C(=O)NCC2(CN(C)C(=O)[C@@H]3[C@@H]4C[C@H]4[C@H]4C[C@H]43)CC2)cnn1CCC#N,"5-methyl-N-((1-((N-methyl(1R,2S,4R,5R,6R)-tricyclo[4.1.0.0^{2,4}]heptane-5-carboxamido)methyl)cyclopropyl)methyl)-1-(3-nitrilopropyl)-1H-pyrazole-4-carboxamide",,Cc1c(C(=O)NCC2(CN(C)C(=O)C3[C@@H]4C[C@@H]4[C@@H]4C[C@@H]34)CC2)cnn1CCC#N,
70345,CC(C)c1nnsc1C(=O)NC[C@H]1[C@@H]2CN(C(=O)CCP(C)(C)=O)C[C@H]12,"N-(((1R,5S,6S)-3-(3-(dimethyloxophosphanyl)-propionyl)-3-azabicyclo[3.1.0]hexan-6-yl)methyl)-4-(propan-2-yl)-1-thia-2,3-diazacyclopenta-2,4-diene-5-carboxamide",,CC(C)c1nnsc1C(=O)NC[C@@H]1[C@H]2CN(C(=O)CCP(C)(C)=O)C[C@@H]12,
70361,O=C([C@H]1C[C@@H]2CC[C@@H]2C1)N1CC(N2CC[C@@H](O)C2)C1,"1-((1R,3S,5S)-bicyclo[3.2.0]heptan-3-yl)-1-(3-((3R)-3-hydroxypyrrolidin-1-yl)-azetidin-1-yl)methanone",,O=C(C1C[C@H]2CC[C@H]2C1)N1CC(N2CC[C@@H](O)C2)C1,
70368,C#CC[C@@H](O)C(=O)N[C@H]1C[C@H]2COC[C@@H](C1)N2C(=O)c1cc(OC)no1,"(2R)-2-hydroxy-N-((1R,5S,7S)-9-((3-methoxyisoxazol-5-yl)carbonyl)-3-oxa-9-azabicyclo[3.3.1]nonan-7-yl)pent-4-ynamide",,C#CCC(O)C(=O)N[C@H]1C[C@H]2COC[C@@H](C1)N2C(=O)c1cc(OC)no1,
70628,CC(C)N(CCF)C(=O)[C@H](C)[C@@H]1CCN(C(=O)[C@H]2C[C@@](C)(O)C2)C1,"(2R)-N-(2-fluoroethyl)-2-((3S)-1-(((1S,3r)-3-hydroxy-3-methylcyclobutyl)carbonyl)pyrrolidin-3-yl)-N-(propan-2-yl)propanamide",,CC(C(=O)N(CCF)C(C)C)[C@@H]1CCN(C(=O)C2CC(C)(O)C2)C1,
70634,C=CCCCCCC(=O)NC[C@]1(F)C[C@@H](CNC(=O)[C@]2(C(=O)OC)C[C@@H]2C)C1,"methyl (1S,2S)-1-((((1R,3s)-3-fluoro-3-((oct-7-enamido)methyl)cyclobutyl)methyl)carbamoyl)-2-methylcyclopropanecarboxylate",,C=CCCCCCC(=O)NC[C@]1(F)C[C@@H](CNC(=O)[C@]2(C(=O)OC)C[C@@H]2C)C1,
70707,C[C@H](CC1CN(C(=O)[C@]2(S(C)(=O)=O)C[C@@H](O)C2)C1)NC(=O)c1cn(C)cn1,"N-((2R)-1-(1-(((1R,3s)-3-hydroxy-1-(methylsulfonyl)cyclobutyl)carbonyl)-azetidin-3-yl)propan-2-yl)-1-methyl-1H-imidazole-4-carboxamide",,C[C@H](CC1CN(C(=O)[C@]2(S(C)(=O)=O)C[C@@H](O)C2)C1)NC(=O)c1cn(C)cn1,
70746,C[C@@H](CC(=O)N[C@H](C)C(C)(C)C(=O)NC[C@]1(O)C[C@@H](O)C1)C(F)F,"(3S)-3-(difluoromethyl)-N-((2R)-3-((((1R,3s)-1,3-dihydroxycyclobutyl)methyl)carbamoyl)-3-methylbutan-2-yl)butanamide",,C[C@@H](CC(=O)N[C@H](C)C(C)(C)C(=O)NC[C@]1(O)C[C@@H](O)C1)C(F)F,
70758,Cc1cccc(NC(=O)N[C@@H]2C[C@@H]3CC[C@H](C2)N3Cc2cc(O)ccc2Br)c1C,"1-(((1R,3R,5S)-8-((2-bromo-5-hydroxyphenyl)methyl)-8-azabicyclo[3.2.1]octan-3-yl)amino)-N-(2,3-dimethylphenyl)formamide",,Cc1cccc(NC(=O)N[C@H]2C[C@H]3CC[C@@H](C2)N3Cc2cc(O)ccc2Br)c1C,
70772,Cn1c(O)nc2ccc(C(=O)N3CCCN(C(=O)C4=C[C@H]5CCC[C@@H]45)CC3)cc21,"1-(4-(((1S,5R)-bicyclo[3.2.0]hept-6-en-6-yl)carbonyl)-1,4-diazacycloheptan-1-yl)-1-(8-hydroxy-9-methyl-7,9-diazabicyclo[4.3.0]nona-1(6),2,4,7-tetraen-3-yl)methanone",[C@H]12CCC[C@H]2C(=C1)C(=O)N1CCN(CCC1)C(=O)C1=CC=2N(C(=NC2C=C1)O)C,Cn1c(=O)[nH]c2ccc(C(=O)N3CCCN(C(=O)C4=C[C@H]5CCC[C@@H]45)CC3)cc21,Cn1c(=O)[nH]c2ccc(C(=O)N3CCCN(C(=O)C4=C[C@@H]5CCC[C@@H]45)CC3)cc21
70784,CC(C)n1cnc(C(=O)NC[C@@H]2C[C@@H]3CC[C@H](C2)N3C(=O)[C@H]2CC3CC2C3)c1,"N-(((1R,3R,5S)-8-(((2S)-bicyclo[2.1.1]hexan-2-yl)carbonyl)-8-azabicyclo[3.2.1]octan-3-yl)methyl)-1-(propan-2-yl)-1H-imidazole-4-carboxamide",,CC(C)n1cnc(C(=O)NC[C@H]2C[C@H]3CC[C@@H](C2)N3C(=O)C2CC3CC2C3)c1,
70791,CCO[C@H](C)C(=O)N[C@@H]1C[C@@H]2CC[C@H](C1)N2C(=O)c1cccc2ncc(Br)n12,"(2R)-N-((1R,3R,5S)-8-((9-bromo-1,7-diazabicyclo[4.3.0]nona-2,4,6,8-tetraen-2-yl)carbonyl)-8-azabicyclo[3.2.1]octan-3-yl)-2-ethoxypropanamide",,CCOC(C)C(=O)N[C@H]1C[C@H]2CC[C@@H](C1)N2C(=O)c1cccc2ncc(Br)n12,
70841,CC[C@@H]1C[C@H]1C(=O)N1CCC[C@@]12CCCN(C(=O)c1cn(C(C)C)nn1)C2,"1-((1R,2R)-2-ethylcyclopropyl)-1-((5R)-7-((1-(propan-2-yl)-1H-1,2,3-triazol-4-yl)carbonyl)-1,7-diazaspiro[4.5]decan-1-yl)methanone",C(C)[C@H]1[C@@H](C1)C(=O)N1CCC[C@@]12CN(CCC2)C(=O)C=2N=NN(C2)C(C)C,CC[C@@H]1CC1C(=O)N1CCC[C@@]12CCCN(C(=O)c1cn(C(C)C)nn1)C2,CC[C@@H]1CC1C(=O)N1CCC[C@]12CCCN(C(=O)c1cn(C(C)C)nn1)C2
70917,CO[C@H](C)CCC(=O)N1[C@H]2CC[C@@H]1C[C@@H](N(C)C(=O)Cc1cc(C)ccc1F)C2,"2-(2-fluoro-5-methylphenyl)-N-((1R,3S,5S)-8-((4R)-4-methoxy-pentanoyl)-8-azabicyclo[3.2.1]octan-3-yl)-N-methylacetamide",,CO[C@H](C)CCC(=O)N1[C@@H]2CC[C@H]1C[C@H](N(C)C(=O)Cc1cc(C)ccc1F)C2,
71091,CCNC(=O)CC(=O)N[C@@H]1CN(C(=O)[C@]2(S(C)(=O)=O)C[C@@H](O)C2)CC2(CC2)C1,"N-ethyl-N'-((7S)-5-(((1R,3s)-3-hydroxy-1-(methylsulfonyl)cyclobutyl)carbonyl)-5-azaspiro[2.5]octan-7-yl)propanediamide",,CCNC(=O)CC(=O)N[C@@H]1CN(C(=O)[C@]2(S(C)(=O)=O)C[C@@H](O)C2)CC2(CC2)C1,
71101,CC(C)C#CC(=O)N[C@H](C)c1nocc1C(=O)N[C@H]1C[C@H]2COC[C@H](C2)C1,"4-methyl-N-((1R)-1-(4-(((1R,5S,7S)-3-oxabicyclo[3.3.1]nonan-7-yl)carbamoyl)isoxazol-3-yl)ethyl)pent-2-ynamide",,CC(C)C#CC(=O)N[C@H](C)c1nocc1C(=O)N[C@@H]1C[C@@H]2COC[C@@H](C2)C1,
71103,C[C@H]1CCC[C@H](C(=O)NC[C@]2(F)C[C@@H](Nc3ncnc4c(Br)nn(C)c34)C2)CC1,"(1S,4S)-N-(((1S,3r)-3-((9-bromo-7-methyl-2,4,7,8-tetraazabicyclo[4.3.0]nona-1,3,5,8-tetraen-5-yl)amino)-1-fluorocyclobutyl)methyl)-4-methylcycloheptanecarboxamide",,C[C@H]1CCCC(C(=O)NC[C@]2(F)C[C@@H](Nc3ncnc4c(Br)nn(C)c34)C2)CC1,
71178,CO[C@H]1C[C@@H]2CC[C@H](C1)N2C(=O)[C@H](NC(=O)[C@@H]1Cc2ccccc21)C1(O)CCC1,"(7R)-N-((1R)-1-(1-hydroxycyclobutyl)-2-((1R,3S,5S)-3-methoxy-8-azabicyclo[3.2.1]octan-8-yl)-2-oxoethyl)bicyclo[4.2.0]octa-1,3,5-triene-7-carboxamide",,CO[C@@H]1C[C@H]2CC[C@@H](C1)N2C(=O)C(NC(=O)C1Cc2ccccc21)C1(O)CCC1,
71180,C[C@@H](C(=O)N1[C@H]2CC[C@@H]1C[C@@H](NC(=O)c1cnn(CC(F)F)c1)C2)C(C)(F)F,"N-((1R,3S,5S)-8-((2S)-3,3-difluoro-2-methyl-butyryl)-8-azabicyclo[3.2.1]octan-3-yl)-1-(2,2-difluoroethyl)-1H-pyrazole-4-carboxamide",,CC(C(=O)N1[C@@H]2CC[C@H]1C[C@H](NC(=O)c1cnn(CC(F)F)c1)C2)C(C)(F)F,
71274,C[C@@H](CC(=O)N1CCCC[C@@H]1CNC(=O)[C@H]1C[C@H]2COC[C@H](C2)C1)P(C)(C)=O,"(1R,5S,7S)-N-(((2R)-1-((3S)-3-(dimethyloxophosphanyl)-butyryl)piperidin-2-yl)methyl)-3-oxabicyclo[3.3.1]nonane-7-carboxamide",,C[C@@H](CC(=O)N1CCCC[C@@H]1CNC(=O)C1C[C@H]2COC[C@@H](C1)C2)P(C)(C)=O,
71278,C[C@H]1CC[C@@H](C)[C@@H]1Nc1ccc2ccccc2n1,"N-((1R,2R,5S)-2,5-dimethylcyclopentyl)quinolin-2-amine",,C[C@@H]1CC[C@H](C)[C@H]1Nc1ccc2ccccc2n1,
71304,COC(=O)NCC(=O)N[C@]1(C(=O)N2CCN(C)C[C@@H]2CCO)C[C@H](O)C1,"methyl ((2-(((1S,3r)-3-hydroxy-1-(((2S)-2-(2-hydroxyethyl)-4-methylpiperazin-1-yl)carbonyl)cyclobutyl)amino)-2-oxoethyl)amino)formate",,COC(=O)NCC(=O)N[C@]1(C(=O)N2CCN(C)C[C@@H]2CCO)C[C@H](O)C1,
71328,NS(=O)(=O)CCC(=O)N[C@@]1(C2CC2)CCN(C(=O)[C@H]2C[C@H]3C[C@@H](O)C[C@H](C3)C2)C1,"3-(sulfamoyl)-N-((3R)-3-cyclopropyl-1-(((1R,3S,5S,7R)-7-hydroxybicyclo[3.3.1]nonan-3-yl)carbonyl)pyrrolidin-3-yl)propanamide",,NS(=O)(=O)CCC(=O)N[C@@]1(C2CC2)CCN(C(=O)C2C[C@@H]3C[C@H](O)C[C@H](C2)C3)C1,
71336,CCC(F)(F)C(=O)N1CCC[C@]2(CCCN2C(=O)[C@@H]2CCCn3cncc32)C1,"1-((5S)-1-(((5R)-1,8-diazabicyclo[4.3.0]nona-6,8-dien-5-yl)carbonyl)-1,7-diazaspiro[4.5]decan-7-yl)-2,2-difluorobutan-1-one",N12CCC[C@H](C2=CN=C1)C(=O)N1CCC[C@]12CN(CCC2)C(C(CC)(F)F)=O,CCC(F)(F)C(=O)N1CCC[C@]2(CCCN2C(=O)C2CCCn3cncc32)C1,CCC(F)(F)C(=O)N1CCC[C@@]2(CCCN2C(=O)C2CCCn3cncc32)C1
71379,C[C@@H](CNC(=O)c1cccc(OC(F)F)n1)CNC(=O)[C@]12C[C@H]1[C@H](C)C2,"6-((difluoromethyl)oxy)-N-((2R)-2-(((1R,3R,4S)-3-methylbicyclo[2.1.0]pentane-1-carboxamido)methyl)propyl)pyridine-2-carboxamide",FC(OC1=CC=CC(=N1)C(=O)NC[C@H](C)CNC(=O)[C@@]12C[C@H]([C@@H]2C1)C)F,C[C@@H](CNC(=O)c1cccc(OC(F)F)n1)CNC(=O)[C@@]12C[C@@H](C)[C@@H]1C2,C[C@@H](CNC(=O)c1cccc(OC(F)F)n1)CNC(=O)[C@]12C[C@@H](C)[C@@H]1C2
71394,Cc1ncc(CCC(=O)NC[C@H](C(=O)N[C@@H]2C[C@H]3C=CC[C@H](C3)C2)C(C)(C)C)o1,"(2R)-N-((1S,3S,5S)-bicyclo[3.3.1]non-6-en-3-yl)-3,3-dimethyl-2-((3-(2-methyloxazol-5-yl)propanamido)methyl)butanamide",[C@H]12C[C@@H](C[C@@H](C=CC1)C2)NC([C@H](C(C)(C)C)CNC(CCC2=CN=C(O2)C)=O)=O,Cc1ncc(CCC(=O)NCC(C(=O)N[C@@H]2C[C@H]3C=CC[C@H](C3)C2)C(C)(C)C)o1,Cc1ncc(CCC(=O)NCC(C(=O)N[C@@H]2C[C@H]3C=CC[C@@H](C3)C2)C(C)(C)C)o1
71408,CCCC(CCC)CC(=O)N1CCOC[C@]2(COCCN2C(=O)[C@@H](C)C2CC2)C1,"1-((6S)-5-((2S)-2-cyclopropyl-propionyl)-2,8-dioxa-5,11-diazaspiro[5.6]dodecan-11-yl)-3-propylhexan-1-one",C1(CC1)[C@@H](C(=O)N1CCOC[C@@]12COCCN(C2)C(CC(CCC)CCC)=O)C,CCCC(CCC)CC(=O)N1CCOC[C@]2(COCCN2C(=O)C(C)C2CC2)C1,CCCC(CCC)CC(=O)N1CCOC[C@@]2(COCCN2C(=O)C(C)C2CC2)C1
71414,O=C(NC[C@H]1[C@@H]2CN(C(=O)c3ccc(Cc4ccccc4)[nH]3)C[C@H]12)[C@H]1CCCO1,"(2R)-N-(((1R,5S,6S)-3-((5-benzyl-1H-pyrrol-2-yl)carbonyl)-3-azabicyclo[3.1.0]hexan-6-yl)methyl)oxolane-2-carboxamide",,O=C(NC[C@@H]1[C@H]2CN(C(=O)c3ccc(Cc4ccccc4)[nH]3)C[C@@H]12)C1CCCO1,
71481,Cc1occc1C(=O)N(C)CC(C)(C)CNC(=O)[C@H]1C[C@H]2[C@@H](C1)C2(C)C,"N-(2-(((1R,3S,5S)-6,6-dimethylbicyclo[3.1.0]hexane-3-carboxamido)methyl)-2-methylpropyl)-2,N-dimethylfuran-3-carboxamide",,Cc1occc1C(=O)N(C)CC(C)(C)CNC(=O)C1C[C@@H]2[C@H](C1)C2(C)C,
71498,CN1CCC[C@H](C(=O)N[C@@H]2[C@H]3C[C@@H]4CN(C(=O)[C@@H]5[C@H]6[C@@H]7CC[C@@H](C7)[C@H]65)[C@@H]2[C@H]4C3)C1,"(3S)-1-methyl-N-((1S,2R,3R,6S,7S)-4-(((1R,2S,3R,4R,5S)-tricyclo[3.2.1.0^{2,4}]octan-3-yl)carbonyl)-4-azatricyclo[4.2.1.0^{3,7}]nonan-2-yl)piperidine-3-carboxamide",,CN1CCCC(C(=O)N[C@@H]2[C@H]3C[C@@H]4CN(C(=O)C5[C@@H]6[C@H]7CC[C@H](C7)[C@H]56)[C@@H]2[C@H]4C3)C1,
71508,COC[C@H](CNC(=O)CC1CC(F)(F)C1)NC(=O)[C@@H]1[C@H]2CCCCCC[C@H]21,"N-((2S)-2-((1R,8S,9R)-bicyclo[6.1.0]nonane-9-carboxamido)-3-methoxypropyl)-2-(3,3-difluorocyclobutyl)acetamide",,COC[C@H](CNC(=O)CC1CC(F)(F)C1)NC(=O)C1[C@H]2CCCCCC[C@@H]12,
71555,C=C[C@H](NS(=O)(=O)c1cccnc1N[C@H]1C[C@H](CO)C1)C1CCC1,1-(trans-3-((3-(((1R)-1-cyclobutylprop-2-en-1-yl)sulfamoyl)pyridin-2-yl)amino)cyclobutyl)methanol,C1(CCC1)[C@@H](C=C)NS(=O)(=O)C=1C(=NC=CC1)N[C@@H]1C[C@H](C1)CO,C=C[C@H](NS(=O)(=O)c1cccnc1N[C@H]1C[C@H](CO)C1)C1CCC1,C=C[C@@H](NS(=O)(=O)c1cccnc1N[C@H]1C[C@H](CO)C1)C1CCC1
71581,C[C@]1(F)C[C@H](C(=O)N2CCCC[C@@H]2CNC(=O)c2cnc(C3CC3)o2)C1,"2-cyclopropyl-N-(((2R)-1-(((1S,3s)-3-fluoro-3-methylcyclobutyl)carbonyl)piperidin-2-yl)methyl)oxazole-5-carboxamide",,CC1(F)CC(C(=O)N2CCCC[C@@H]2CNC(=O)c2cnc(C3CC3)o2)C1,
71583,C[C@H]1[C@@H](C)[C@@H]1C(=O)N1CCC[C@@H]1[C@@H](C)NC(=O)c1cnc2ccccn12,"N-((1R)-1-((2R)-1-(((1R,2R,3S)-2,3-dimethylcyclopropyl)carbonyl)pyrrolidin-2-yl)ethyl)-1,7-diazabicyclo[4.3.0]nona-2,4,6,8-tetraene-9-carboxamide",,C[C@@H]1C(C(=O)N2CCC[C@@H]2[C@@H](C)NC(=O)c2cnc3ccccn23)[C@@H]1C,
71601,Cc1ccc(C)c(CN2C[C@@H]3[C@H](C(=O)Nc4ncco4)[C@@H]3C2)c1,"(1R,5S,6S)-3-((2,5-dimethylphenyl)methyl)-N-(oxazol-2-yl)-3-azabicyclo[3.1.0]hexane-6-carboxamide",,Cc1ccc(C)c(CN2C[C@@H]3C(C(=O)Nc4ncco4)[C@@H]3C2)c1,
71679,NC[C@]1(F)C[C@H](NC(=O)[C@H]2CCNC23CCOCC3)C1,"(4S)-N-((1S,3s)-3-(aminomethyl)-3-fluorocyclobutyl)-8-oxa-1-azaspiro[4.5]decane-4-carboxamide",,NC[C@]1(F)C[C@H](NC(=O)C2CCNC23CCOCC3)C1,
71682,O=C(O)[C@H](Cc1ccccc1)n1cc([C@]2(O)C[C@@H](C(=O)NCC=C(Cl)Cl)C2)nn1,"(2S)-2-(4-((1R,3s)-3-((3,3-dichloroprop-2-en-1-yl)carbamoyl)-1-hydroxycyclobutyl)-1H-1,2,3-triazol-1-yl)-3-phenylpropanoic acid",,O=C(NCC=C(Cl)Cl)C1CC(O)(c2cn(C(Cc3ccccc3)C(=O)O)nn2)C1,
71722,O=C(NC1(CNC(=O)[C@@H]2C[C@H]3CCC[C@H](C3)C2)CCC1)[C@H]1CCOCC12CCC2,"(9S)-N-(1-(((1R,3R,5S)-bicyclo[3.3.1]nonane-3-carboxamido)methyl)cyclobutyl)-6-oxaspiro[3.5]nonane-9-carboxamide",,O=C(NCC1(NC(=O)C2CCOCC23CCC3)CCC1)C1C[C@H]2CCC[C@@H](C1)C2,
71775,CCCN=C(NCCc1ccccn1)NC[C@@](C)(O)C1=CC[C@H]2C[C@H]1C2(C)C,"(2S)-2-((1S,5R)-6,6-dimethylbicyclo[3.1.1]hept-2-en-2-yl)-1-(((propylimino)((2-(pyridin-2-yl)ethyl)amino)methyl)amino)propan-2-ol",CC1([C@@H]2CC=C([C@H]1C2)[C@](CNC(NCCC2=NC=CC=C2)=NCCC)(C)O)C,CCCN=C(NCCc1ccccn1)NC[C@@](C)(O)C1=CC[C@H]2C[C@H]1C2(C)C,CCCN=C(NCCc1ccccn1)NC[C@@](C)(O)C1=CC[C@@H]2C[C@H]1C2(C)C
71834,C=C1CC[C@@H]1C(=O)N[C@H]1C[C@@](F)(CNC(=O)c2ccc3c(O)n[nH]c3c2)C1,"N-(((1R,3r)-1-fluoro-3-((1S)-2-methylidenecyclobutanecarboxamido)cyclobutyl)methyl)-3-hydroxy-1H-indazole-6-carboxamide",,C=C1CCC1C(=O)N[C@H]1C[C@@](F)(CNC(=O)c2ccc3c(=O)[nH][nH]c3c2)C1,
71836,COCC(F)(F)CNC(=O)[C@H]1C[C@H](C)CN(C(=O)[C@]2(C)C[C@@H]3C[C@@H]3C2)C1,"(3S,5S)-N-(2,2-difluoro-3-methoxypropyl)-5-methyl-1-(((1R,3R,5S)-3-methylbicyclo[3.1.0]hexan-3-yl)carbonyl)piperidine-3-carboxamide",,COCC(F)(F)CNC(=O)C1C[C@H](C)CN(C(=O)[C@@]2(C)C[C@H]3C[C@H]3C2)C1,
71938,CCNC(=O)CN(C)C(=O)[C@@H]1[C@H]2[C@H]3C[C@H]4[C@@H]1[C@@H]2[C@@]43C(=O)NCc1ccsc1,"N-ethyl-2-(N-methyl(1R,2R,3S,4R,5R,6S,8R)-1-(((thiophen-3-yl)methyl)carbamoyl)tetracyclo[4.2.0.0^{3,8}.0^{2,5}]octane-4-carboxamido)acetamide",,CCNC(=O)CN(C)C(=O)C1[C@@H]2[C@@H]3[C@H]1[C@@H]1C[C@H]2[C@@]31C(=O)NCc1ccsc1,
71963,CC(=O)CCCC(=O)N1C[C@H]2[C@@H](C1)[C@@H]2C(=O)N(C)[C@@H](C)c1nccs1,"(1R,5S,6R)-3-(1,5-dioxohexyl)-N-methyl-N-((1S)-1-(thiazol-2-yl)ethyl)-3-azabicyclo[3.1.0]hexane-6-carboxamide",,CC(=O)CCCC(=O)N1C[C@@H]2C(C(=O)N(C)[C@@H](C)c3nccs3)[C@@H]2C1,
71979,CCc1cc(C(=O)N[C@]2(C)C[C@@H](NC(=O)c3cc(S(N)(=O)=O)cn3C)C2)nn1C,"5-ethyl-1-methyl-N-((1S,3s)-1-methyl-3-(4-(sulfamoyl)-1-methyl-1H-pyrrole-2-carboxamido)cyclobutyl)-1H-pyrazole-3-carboxamide",,CCc1cc(C(=O)N[C@]2(C)C[C@@H](NC(=O)c3cc(S(N)(=O)=O)cn3C)C2)nn1C,
72005,CCCC[C@@H]1CCCN1C(=O)C[C@H]1[C@@H]2CN(C(=O)CSCC(F)F)C[C@H]12,"1-((2R)-2-butylpyrrolidin-1-yl)-2-((1R,5S,6S)-3-(2-((2,2-difluoroethyl)sulfanyl)-acetyl)-3-azabicyclo[3.1.0]hexan-6-yl)ethan-1-one",,CCCC[C@@H]1CCCN1C(=O)C[C@@H]1[C@H]2CN(C(=O)CSCC(F)F)C[C@@H]12,
72010,Cn1cnc2c1CCN(C(=O)[C@@H]1CC(=O)N1)[C@@]21CCN(c2nccnc2C#N)C1,"3-((3R)-4'-(((2R)-7-methyl-3,7,9-triazaspiro[pyrrolidine-3,2'-bicyclo[4.3.0]nona-1(6),8-dien-3-yl)carbonyl)-azetidin-2-one]-1-yl)pyrazine-2-carbonitrile",,Cn1cnc2c1CCN(C(=O)C1CC(=O)N1)[C@@]21CCN(c2nccnc2C#N)C1,
72059,Cc1cc(F)cc(C)c1C(=O)NC[C@]1(F)C[C@H](NC(=O)c2nccc(Cl)c2O)C1,"4-chloro-N-((1R,3r)-3-fluoro-3-((4-fluoro-2,6-dimethylbenzene-1-carboxamido)methyl)cyclobutyl)-3-hydroxypyridine-2-carboxamide",,Cc1cc(F)cc(C)c1C(=O)NC[C@]1(F)C[C@H](NC(=O)c2nccc(Cl)c2O)C1,
72067,O=C(N[C@@H]1C[C@H](O)[C@H](O)C1)[C@H]1CN(C(=O)c2csc(Cl)n2)CC12CC2,"(7R)-5-((2-chlorothiazol-4-yl)carbonyl)-N-((1R,3R,4S)-3,4-dihydroxycyclopentyl)-5-azaspiro[2.4]heptane-7-carboxamide",,O=C(N[C@H]1C[C@@H](O)[C@@H](O)C1)C1CN(C(=O)c2csc(Cl)n2)CC12CC2,
72153,Cn1nccc1C(=O)N[C@H]1C[C@@H]2CN(C(=O)c3cc(F)cc(C(F)F)c3)C[C@@H]2C1,"N-((1R,5S,7S)-3-((3-(difluoromethyl)-5-fluorophenyl)carbonyl)-3-azabicyclo[3.3.0]octan-7-yl)-1-methyl-1H-pyrazole-5-carboxamide",,Cn1nccc1C(=O)N[C@H]1C[C@@H]2CN(C(=O)c3cc(F)cc(C(F)F)c3)C[C@@H]2C1,
72163,CCc1cnoc1C(=O)N[C@@H](C(=O)NC[C@H]1C[C@@H]2CCC[C@@H]2C1)c1cnn(C)c1,"N-((1R)-2-((((1R,3S,5S)-bicyclo[3.3.0]octan-3-yl)methyl)amino)-1-(1-methyl-1H-pyrazol-4-yl)-2-oxoethyl)-4-ethylisoxazole-5-carboxamide",,CCc1cnoc1C(=O)NC(C(=O)NC[C@@H]1C[C@H]2CCC[C@H]2C1)c1cnn(C)c1,
72193,CCc1nocc1C(=O)NC[C@H]1[C@@H]2CN(c3cc(C)nc(C4CC4)n3)C[C@H]12,"N-(((1R,5S,6S)-3-(2-cyclopropyl-6-methylpyrimidin-4-yl)-3-azabicyclo[3.1.0]hexan-6-yl)methyl)-3-ethylisoxazole-4-carboxamide",,CCc1nocc1C(=O)NC[C@@H]1[C@H]2CN(c3cc(C)nc(C4CC4)n3)C[C@@H]12,
72211,CN(C)[C@H]1C[C@@](C)(NC(=O)c2cnc(CNC(=O)[C@@H]3NC(=O)OC3(C)C)nc2)C1,"(4R)-N-((5-(((1R,3s)-3-(dimethylamino)-1-methylcyclobutyl)carbamoyl)pyrimidin-2-yl)methyl)-5,5-dimethyl-2-oxo-oxazolidine-4-carboxamide",,CN(C)[C@H]1C[C@@](C)(NC(=O)c2cnc(CNC(=O)C3NC(=O)OC3(C)C)nc2)C1,
72241,CCOc1c(F)cc(C(=O)N([C@H]2C[C@H]3CN[C@H]2C3)[C@@H]2[C@H]3COC[C@H]32)cc1Cl,"N-((1S,4S,6S)-2-azabicyclo[2.2.1]heptan-6-yl)-3-chloro-4-ethoxy-5-fluoro-N-((1R,5S,6R)-3-oxabicyclo[3.1.0]hexan-6-yl)benzamide",,CCOc1c(F)cc(C(=O)N([C@H]2[C@@H]3COC[C@@H]32)[C@H]2C[C@H]3CN[C@H]2C3)cc1Cl,
72275,COc1ccc2[nH]nc(CN3C[C@H]4[C@@H](C3)[C@@H]4C(=O)N3CCO[C@H](C)C3)c2c1,"1-((1R,5S,6R)-3-((3-methoxy-7,8-diazabicyclo[4.3.0]nona-1(6),2,4,8-tetraen-9-yl)methyl)-3-azabicyclo[3.1.0]hexan-6-yl)-1-((2R)-2-methylmorpholin-4-yl)methanone",,COc1ccc2[nH]nc(CN3C[C@@H]4C(C(=O)N5CCO[C@H](C)C5)[C@@H]4C3)c2c1,
72334,CC(=O)N1CCO[C@H](C(=O)N2[C@H]3CC[C@@H]2C[C@@H](N(C)C(=O)CCCC(N)=O)C3)C1,"N-((1R,3S,5S)-8-(((2S)-4-(acetyl)morpholin-2-yl)carbonyl)-8-azabicyclo[3.2.1]octan-3-yl)-N-methylpentanediamide",,CC(=O)N1CCOC(C(=O)N2[C@@H]3CC[C@H]2C[C@H](N(C)C(=O)CCCC(N)=O)C3)C1,
72356,CC(C)C[C@H](CNC(=O)C(=O)NC[C@@H]1[C@H]2CCC[C@H]21)C(=O)OC(C)(C)C,"tert-butyl (2R)-2-((1-((((1R,5S,6R)-bicyclo[3.1.0]hexan-6-yl)methyl)carbamoyl)formamido)methyl)-4-methylpentanoate",,CC(C)CC(CNC(=O)C(=O)NC[C@H]1[C@@H]2CCC[C@@H]21)C(=O)OC(C)(C)C,
72367,CN1CCO[C@H](C(=O)N[C@@H]2C[C@@H]3CC[C@H](C2)N3C(=O)C2CN([C@H]3CCOC3)C2)C1,"(2S)-4-methyl-N-((1R,3R,5S)-8-((1-((3S)-oxolan-3-yl)-azetidin-3-yl)carbonyl)-8-azabicyclo[3.2.1]octan-3-yl)morpholine-2-carboxamide",,CN1CCOC(C(=O)N[C@H]2C[C@H]3CC[C@@H](C2)N3C(=O)C2CN([C@H]3CCOC3)C2)C1,
72388,C[C@H](NC(=O)[C@@H]1C[C@@H]2CN(C(=O)C3(C)COC3)C[C@@H]2C1)c1ccnc(F)c1,"(1R,5S,7R)-N-((1S)-1-(2-fluoropyridin-4-yl)ethyl)-3-((3-methyl-1-oxacyclobutan-3-yl)carbonyl)-3-azabicyclo[3.3.0]octane-7-carboxamide",,C[C@H](NC(=O)C1C[C@@H]2CN(C(=O)C3(C)COC3)C[C@@H]2C1)c1ccnc(F)c1,
72391,O=C(Nc1nnc(-c2ccccc2)s1)[C@H]1[C@H]2CN(C(=O)Cn3cc(Cl)cn3)C[C@H]21,"(1R,5S,6S)-3-(2-(4-chloro-1H-pyrazol-1-yl)-acetyl)-N-(5-phenyl-1-thia-3,4-diazacyclopenta-2,4-dien-2-yl)-3-azabicyclo[3.1.0]hexane-6-carboxamide",,O=C(Nc1nnc(-c2ccccc2)s1)C1[C@H]2CN(C(=O)Cn3cc(Cl)cn3)C[C@@H]12,
72493,CCO[C@@H](C(=O)N1[C@H]2CC[C@@H]1C[C@H](CNC(=O)CCCC(F)(F)F)C2)C(C)C,"N-(((1R,3R,5S)-8-((2R)-2-ethoxy-3-methyl-butyryl)-8-azabicyclo[3.2.1]octan-3-yl)methyl)-5,5,5-trifluoropentanamide",,CCOC(C(=O)N1[C@@H]2CC[C@H]1C[C@@H](CNC(=O)CCCC(F)(F)F)C2)C(C)C,
72531,Cc1cc(CC(=O)N2CCC[C@H](C3CN(C(=O)[C@H]4C[C@](F)(CO)C4)C3)C2)ccn1,"1-((3R)-3-(1-(((1S,3r)-3-fluoro-3-(hydroxymethyl)cyclobutyl)carbonyl)-azetidin-3-yl)piperidin-1-yl)-2-(2-methylpyridin-4-yl)ethan-1-one",,Cc1cc(CC(=O)N2CCC[C@H](C3CN(C(=O)C4CC(F)(CO)C4)C3)C2)ccn1,
72541,C[C@H]1CCC=C1C(=O)NC[C@H]1CC[C@@H](C(=O)N2C[C@H]3[C@H](N(C)C)[C@H]3C2)O1,"(5S)-N-(((2R,5S)-5-(((1R,5S,6S)-6-(dimethylamino)-3-azabicyclo[3.1.0]hexan-3-yl)carbonyl)oxolan-2-yl)methyl)-5-methylcyclopent-1-ene-1-carboxamide",,C[C@H]1CCC=C1C(=O)NC[C@H]1CCC(C(=O)N2C[C@@H]3[C@H](C2)[C@H]3N(C)C)O1,
72543,O=C(c1ccc(F)cn1)N1CCC[C@@]2(CCCN2C(=O)c2cc(F)cnc2Cl)C1,"1-((5R)-1-((2-chloro-5-fluoropyridin-3-yl)carbonyl)-1,7-diazaspiro[4.5]decan-7-yl)-1-(5-fluoropyridin-2-yl)methanone",ClC1=NC=C(C=C1C(=O)N1CCC[C@@]12CN(CCC2)C(=O)C2=NC=C(C=C2)F)F,O=C(c1ccc(F)cn1)N1CCC[C@@]2(CCCN2C(=O)c2cc(F)cnc2Cl)C1,O=C(c1ccc(F)cn1)N1CCC[C@]2(CCCN2C(=O)c2cc(F)cnc2Cl)C1
72553,CN(C)C[C@H](NC(=O)[C@@H]1[C@H]2CC(=O)C[C@H]21)C(=O)N[C@@H]1CCC[C@@H](C2CC2)C1,"(1R,5S,6R)-N-((2S)-1-(((1R,3R)-3-cyclopropylcyclohexyl)amino)-3-(dimethylamino)-1-oxopropan-2-yl)-3-oxobicyclo[3.1.0]hexane-6-carboxamide",,CN(C)CC(NC(=O)C1[C@H]2CC(=O)C[C@@H]12)C(=O)N[C@@H]1CCC[C@@H](C2CC2)C1,
72563,CN(C(=O)[C@H](F)n1ccnc1)[C@H]1[C@@H]2CN(C(=O)/C=C/c3ccc(Cl)cc3F)C[C@@H]21,"(2S)-N-((1R,5S,6S)-3-((2E)-3-(4-chloro-2-fluorophenyl)-1-oxoprop-2-en-1-yl)-3-azabicyclo[3.1.0]hexan-6-yl)-2-fluoro-2-(1H-imidazol-1-yl)-N-methylacetamide",,CN(C(=O)C(F)n1ccnc1)[C@H]1[C@@H]2CN(C(=O)/C=C/c3ccc(Cl)cc3F)C[C@@H]21,
72570,CS(=O)(=O)c1ccc(C(=O)N2CC=C(CNC(=O)[C@@H]3C[C@@H]4C[C@@H]4C3)CC2)[nH]1,"(1R,3R,5S)-N-((1-((5-(methylsulfonyl)-1H-pyrrol-2-yl)carbonyl)-1-azacyclohex-3-en-4-yl)methyl)bicyclo[3.1.0]hexane-3-carboxamide",,CS(=O)(=O)c1ccc(C(=O)N2CC=C(CNC(=O)C3C[C@@H]4C[C@@H]4C3)CC2)[nH]1,
72720,CN(C)c1nc(C(=O)N2[C@H]3CC[C@@H]2C[C@@H](NC(=O)c2ccc(C(F)F)o2)C3)co1,"5-(difluoromethyl)-N-((1R,3S,5S)-8-((2-(dimethylamino)oxazol-4-yl)carbonyl)-8-azabicyclo[3.2.1]octan-3-yl)furan-2-carboxamide",,CN(C)c1nc(C(=O)N2[C@@H]3CC[C@H]2C[C@H](NC(=O)c2ccc(C(F)F)o2)C3)co1,
72746,C[C@@H](C(N)=O)N1CCC2(CC1)OCCc1sc(C(=O)N3CCCC(F)(F)C3)cc12,"(2S)-2-(1'-(3,3-difluoropiperidin-1-yl)-1-(3-oxa-7-thiaspiro[piperidine-4,2'-bicyclo[4.3.0]nona-1(6),8-dien-8-yl)methanone]-1-yl)propanamide",,CC(C(N)=O)N1CCC2(CC1)OCCc1sc(C(=O)N3CCCC(F)(F)C3)cc12,
72761,CCN(CCNC(=O)c1ccc(C)c(C)n1)C(=O)[C@@H]1C[C@@H](C)C[C@@H](C)C1,"N-(2-(N-ethyl(1R,3R,5S)-3,5-dimethylcyclohexanecarboxamido)ethyl)-5,6-dimethylpyridine-2-carboxamide",,CCN(CCNC(=O)c1ccc(C)c(C)n1)C(=O)C1C[C@@H](C)C[C@@H](C)C1,
72798,COc1cccc(C(=O)NCC[C@H]2CCCN2C(=O)[C@H]2[C@@H](C)[C@H]2C)c1C,"N-(2-((2R)-1-(((1S,2R,3S)-2,3-dimethylcyclopropyl)carbonyl)pyrrolidin-2-yl)ethyl)-3-methoxy-2-methylbenzene-1-carboxamide",,COc1cccc(C(=O)NCC[C@H]2CCCN2C(=O)C2[C@@H](C)[C@H]2C)c1C,
72822,COC(=O)C[C@H](C)C(=O)N1CCOC[C@@]12COCCN(C(=O)[C@@H]1CCCSS1)C2,"methyl (3S)-3-(((6R)-11-(((3S)-1,2-dithiacyclohexan-3-yl)carbonyl)-2,8-dioxa-5,11-diazaspiro[5.6]dodecan-5-yl)carbonyl)butanoate",S1S[C@@H](CCC1)C(=O)N1CCOC[C@@]2(N(CCOC2)C(=O)[C@H](CC(=O)OC)C)C1,COC(=O)CC(C)C(=O)N1CCOC[C@@]12COCCN(C(=O)C1CCCSS1)C2,COC(=O)CC(C)C(=O)N1CCOC[C@]12COCCN(C(=O)C1CCCSS1)C2
72854,C[C@H]1[C@@H](NC(=O)[C@]23C[C@@H](C)[C@H]2C3)CCN1C(=O)c1ncc([N+](=O)[O-])cc1Br,"(1S,3R,4R)-N-((2S,3S)-1-((3-bromo-5-nitropyridin-2-yl)carbonyl)-2-methylpyrrolidin-3-yl)-3-methylbicyclo[2.1.0]pentane-1-carboxamide",BrC=1C(=NC=C(C1)[N+](=O)[O-])C(=O)N1[C@H]([C@H](CC1)NC(=O)[C@]12C[C@H]([C@H]2C1)C)C,C[C@@H]1C[C@]2(C(=O)N[C@H]3CCN(C(=O)c4ncc([N+](=O)[O-])cc4Br)[C@H]3C)C[C@H]12,C[C@@H]1C[C@@]2(C(=O)N[C@H]3CCN(C(=O)c4ncc([N+](=O)[O-])cc4Br)[C@H]3C)C[C@H]12
72880,O=C(CC1C[C@@H]2C[C@H]2C1)N[C@H]1CN(C(=O)c2ccnc(S)c2)CC[C@H]1F,"2-((1R,5R)-bicyclo[3.1.0]hexan-3-yl)-N-((3S,4R)-4-fluoro-1-((2-sulfanylpyridin-4-yl)carbonyl)piperidin-3-yl)acetamide",[C@H]12CC(C[C@H]2C1)CC(=O)N[C@H]1CN(CC[C@H]1F)C(=O)C1=CC(=NC=C1)S,O=C(CC1C[C@@H]2C[C@H]2C1)N[C@H]1CN(C(=O)c2cc[nH]c(=S)c2)CC[C@H]1F,O=C(CC1C[C@H]2C[C@@H]2C1)N[C@H]1CN(C(=O)c2cc[nH]c(=S)c2)CC[C@H]1F
72905,C#Cc1cccc(C(=O)N2[C@H]3CC[C@@H]2C[C@@H](N(C)C(=O)CC(C)(F)F)C3)c1,"N-((1R,3S,5S)-8-((3-(ethynyl)phenyl)carbonyl)-8-azabicyclo[3.2.1]octan-3-yl)-3,3-difluoro-N-methylbutanamide",,C#Cc1cccc(C(=O)N2[C@@H]3CC[C@H]2C[C@H](N(C)C(=O)CC(C)(F)F)C3)c1,
72926,CCCC(=O)N[C@]1(c2ccccc2)C[C@@H](NC(=O)[C@@H]2CCc3cn(C)nc3C2)C1,"N-((1R,3r)-3-((4R)-8-methyl-7,8-diazabicyclo[4.3.0]nona-1(9),6-diene-4-carboxamido)-1-phenylcyclobutyl)butanamide",,CCCC(=O)N[C@]1(c2ccccc2)C[C@@H](NC(=O)C2CCc3cn(C)nc3C2)C1,
72931,Cc1[nH]nc(C(=O)N[C@@H]2C[C@@H]3CC[C@H](C2)N3C(=O)C=C(C2CC2)C2CC2)c1C,"N-((1R,3R,5S)-8-(3,3-dicyclopropyl-1-oxoprop-2-en-1-yl)-8-azabicyclo[3.2.1]octan-3-yl)-4,5-dimethyl-1H-pyrazole-3-carboxamide",,Cc1[nH]nc(C(=O)N[C@H]2C[C@H]3CC[C@@H](C2)N3C(=O)C=C(C2CC2)C2CC2)c1C,
72949,Cc1ncc(C(=O)N(C)[C@H]2[C@@H]3CN(C(=O)c4ccc(C)c(C)n4)C[C@@H]32)cn1,"N-((1R,5S,6S)-3-((5,6-dimethylpyridin-2-yl)carbonyl)-3-azabicyclo[3.1.0]hexan-6-yl)-2,N-dimethylpyrimidine-5-carboxamide",,Cc1ncc(C(=O)N(C)[C@H]2[C@@H]3CN(C(=O)c4ccc(C)c(C)n4)C[C@@H]32)cn1,
73032,CO[C@H]1C[C@H](C(=O)N[C@@H]2CCN(C(=O)CN3CC(C)(C)C3)C[C@H]2O)C[C@H]1OC,"(1S,3R,4S)-N-((3R,4R)-1-(2-(3,3-dimethyl-azetidin-1-yl)-acetyl)-3-hydroxypiperidin-4-yl)-3,4-dimethoxycyclopentanecarboxamide",,CO[C@H]1CC(C(=O)N[C@@H]2CCN(C(=O)CN3CC(C)(C)C3)C[C@H]2O)C[C@H]1OC,
73114,CC(C)(NC(=O)[C@H]1C[C@@H]2CC[C@H](C1)N2C1CC1)c1cn(Cc2ccno2)nn1,"(1R,3S,5S)-8-cyclopropyl-N-(2-(1-((isoxazol-5-yl)methyl)-1H-1,2,3-triazol-4-yl)propan-2-yl)-8-azabicyclo[3.2.1]octane-3-carboxamide",,CC(C)(NC(=O)C1C[C@H]2CC[C@@H](C1)N2C1CC1)c1cn(Cc2ccno2)nn1,
73125,COC1=CC=C(C(=O)N(C)CCNC(=O)[C@H]2C[C@@H]3CCC[C@@H](C3)C2)C(C)=C1OC,"(1R,3R,5S)-N-(2-(N-methyl-3,4-dimethoxy-2-methylbenzene-1-carboxamido)ethyl)bicyclo[3.3.1]nonane-3-carboxamide",,COc1ccc(C(=O)N(C)CCNC(=O)C2C[C@H]3CCC[C@@H](C2)C3)c(C)c1OC,
73131,O=C([C@H]1C[C@H]2[C@@H](C1)C2(F)F)N1C[C@@H]2CCN(C(=O)Cc3cc(O)nc(O)n3)[C@@H]2C1,"1-((1S,5S)-7-(((1R,3S,5S)-6,6-difluorobicyclo[3.1.0]hexan-3-yl)carbonyl)-2,7-diazabicyclo[3.3.0]octan-2-yl)-2-(2,6-dihydroxypyrimidin-4-yl)ethan-1-one",,O=C(C1C[C@@H]2[C@H](C1)C2(F)F)N1C[C@@H]2CCN(C(=O)Cc3cc(=O)[nH]c(=O)[nH]3)[C@@H]2C1,
73217,COCc1cc(C(=O)N2CCC[C@@H]2CC(=O)NC[C@H]2C[C@@H]3CCC[C@@H]3C2)on1,"N-(((1R,3S,5S)-bicyclo[3.3.0]octan-3-yl)methyl)-2-((2R)-1-((3-(methoxymethyl)isoxazol-5-yl)carbonyl)pyrrolidin-2-yl)acetamide",,COCc1cc(C(=O)N2CCC[C@@H]2CC(=O)NC[C@@H]2C[C@H]3CCC[C@H]3C2)on1,
73232,C=C[C@H](CC)CC(=O)N1CCC[C@]2(CCCN2C(=O)[C@H](C(C)C)n2cncn2)C1,"(3R)-3-ethyl-1-((5S)-1-((2S)-3-methyl-1-oxo-2-(1H-1,2,4-triazol-1-yl)butyl)-1,7-diazaspiro[4.5]decan-7-yl)pent-4-en-1-one",C(C)[C@H](CC(=O)N1C[C@]2(CCCN2C([C@H](C(C)C)N2N=CN=C2)=O)CCC1)C=C,C=C[C@H](CC)CC(=O)N1CCC[C@]2(CCCN2C(=O)C(C(C)C)n2cncn2)C1,C=C[C@H](CC)CC(=O)N1CCC[C@@]2(CCCN2C(=O)C(C(C)C)n2cncn2)C1
73239,CN(C)CC(C)(C)C(=O)N1C[C@H](O)[C@H](NC(=O)[C@]2(c3ccccc3)C[C@H](O)C2)C1,"N-((3R,4S)-1-(3-(dimethylamino)-2,2-dimethyl-propionyl)-4-hydroxypyrrolidin-3-yl)-3-hydroxy-1-phenylcyclobutanecarboxamide",CN(CC(C(=O)N1C[C@H]([C@H](C1)O)NC(=O)C1(CC(C1)O)C1=CC=CC=C1)(C)C)C,CN(C)CC(C)(C)C(=O)N1C[C@H](O)[C@H](NC(=O)[C@]2(c3ccccc3)C[C@H](O)C2)C1,CN(C)CC(C)(C)C(=O)N1C[C@H](O)[C@H](NC(=O)C2(c3ccccc3)CC(O)C2)C1
73254,COc1cc(F)c(C(=O)N[C@H](C)[C@H]2CCN(C(=O)[C@]3(C)C[C@@H](C#N)C3)C2)c(Cl)c1,"2-chloro-6-fluoro-4-methoxy-N-((1R)-1-((3S)-1-(((1R,3r)-1-methyl-3-(nitrilomethyl)cyclobutyl)carbonyl)pyrrolidin-3-yl)ethyl)benzamide",,COc1cc(F)c(C(=O)N[C@H](C)[C@H]2CCN(C(=O)[C@]3(C)C[C@@H](C#N)C3)C2)c(Cl)c1,
73309,Cn1nc(C(=O)NCC2(F)CC(NC(=O)CC3C[C@@H]4C[C@H]4C3)C2)ccc1=O,"N-((3-(2-((1R,5R)-bicyclo[3.1.0]hexan-3-yl)acetamido)-1-fluorocyclobutyl)methyl)-1-methyl-6-oxo-1,2-diazacyclohexa-2,4-diene-3-carboxamide",[C@H]12CC(C[C@H]2C1)CC(=O)NC1CC(C1)(F)CNC(=O)C1=NN(C(C=C1)=O)C,Cn1nc(C(=O)NCC2(F)CC(NC(=O)CC3C[C@@H]4C[C@H]4C3)C2)ccc1=O,Cn1nc(C(=O)NCC2(F)CC(NC(=O)CC3C[C@H]4C[C@@H]4C3)C2)ccc1=O
73317,O=C(C=CC1CCCCCC1)N[C@]12CO[C@H](C1)[C@H](NC(=O)[C@@H]1[C@H]3CCC[C@H]31)C2,"N-((1R,4S,6R)-6-((1R,5S,6R)-bicyclo[3.1.0]hexane-6-carboxamido)-2-oxabicyclo[2.2.1]heptan-4-yl)-3-cycloheptylprop-2-enamide",,O=C(C=CC1CCCCCC1)N[C@]12CO[C@H](C1)[C@H](NC(=O)C1[C@H]3CCC[C@@H]13)C2,
73348,CC(=O)NCCCCCC(=O)NC[C@]1(F)C[C@@H](NC(=O)Cc2ccc(F)cc2)C1,"6-acetamido-N-(((1S,3r)-1-fluoro-3-(2-(4-fluorophenyl)acetamido)cyclobutyl)methyl)hexanamide",,CC(=O)NCCCCCC(=O)NC[C@]1(F)C[C@@H](NC(=O)Cc2ccc(F)cc2)C1,
73448,Cc1cnc(F)c(C(=O)N2[C@H]3CC[C@@H]2C[C@H](NC(=O)CN(C)S(C)(=O)=O)C3)c1,"N-((1R,3R,5S)-8-((2-fluoro-5-methylpyridin-3-yl)carbonyl)-8-azabicyclo[3.2.1]octan-3-yl)-2-((methyl)(methylsulfonyl)amino)acetamide",,Cc1cnc(F)c(C(=O)N2[C@@H]3CC[C@H]2C[C@@H](NC(=O)CN(C)S(C)(=O)=O)C3)c1,
73528,O=C(C[C@H]1COC(=O)C1)NC[C@]1(F)C[C@H](NC(=O)c2cnco2)C1,"N-(((1S,3s)-1-fluoro-3-(oxazole-5-carboxamido)cyclobutyl)methyl)-2-((3R)-5-oxooxolan-3-yl)acetamide",,O=C(C[C@H]1COC(=O)C1)NC[C@]1(F)C[C@H](NC(=O)c2cnco2)C1,
73597,COc1ccc(OC)c(C(=O)N[C@H]2C[C@](C)(NC(=O)c3cccc(SC)c3)C2)n1,"3,6-dimethoxy-N-((1S,3s)-3-methyl-3-(3-(methylsulfanyl)benzamido)cyclobutyl)pyridine-2-carboxamide",,COc1ccc(OC)c(C(=O)N[C@H]2C[C@](C)(NC(=O)c3cccc(SC)c3)C2)n1,
73667,CCC(CC)C(=O)NC12CC(C)(C1)OC21CCN(C(=O)C(C)(C)OC(C)=O)CC1,"1-(2'-ethyl-N-(1-methyl-2-oxaspiro[piperidine-4,3'-bicyclo[2.1.1]hexan-4-yl)butanamide]-1-yl)-2-methyl-1-oxopropan-2-yl acetate",,CCC(CC)C(=O)NC12CC(C)(C1)OC21CCN(C(=O)C(C)(C)OC(C)=O)CC1,
73669,COc1ncc(C(=O)N[C@H]2[C@H]3CC[C@@H]2CN(C(=O)Cc2cccc(C)c2)C3)cn1,"2-methoxy-N-((1R,5S,8S)-3-(2-(3-methylphenyl)-acetyl)-3-azabicyclo[3.2.1]octan-8-yl)pyrimidine-5-carboxamide",,COc1ncc(C(=O)N[C@@H]2[C@@H]3CC[C@H]2CN(C(=O)Cc2cccc(C)c2)C3)cn1,
73709,CCCn1ncc(C(=O)NC[C@H]2C[C@H]2NC(=O)[C@H]2C[C@@H]3CC[C@@H]3C2)c1C1CC1,"N-(((1R,2R)-2-((1R,3S,5S)-bicyclo[3.2.0]heptane-3-carboxamido)cyclopropyl)methyl)-5-cyclopropyl-1-propyl-1H-pyrazole-4-carboxamide",,CCCn1ncc(C(=O)NC[C@H]2C[C@H]2NC(=O)C2C[C@H]3CC[C@H]3C2)c1C1CC1,
73778,Cc1cc(C(=O)NC[C@]2(F)C[C@H](CNC(=O)[C@H](C)C(C)C)C2)cc(=O)n1C,"N-(((1S,3s)-3-(((2R)-2,3-dimethylbutanamido)methyl)-1-fluorocyclobutyl)methyl)-1,2-dimethyl-6-oxo-1-azacyclohexa-2,4-diene-4-carboxamide",,Cc1cc(C(=O)NC[C@]2(F)C[C@H](CNC(=O)C(C)C(C)C)C2)cc(=O)n1C,
73793,C[C@@H](CCNC(=O)c1c[nH]nc1OCC(F)(F)F)NC(=O)[C@@H]1CC[C@H]2C[C@H]2CC1,"N-((3S)-3-((1R,4R,7S)-bicyclo[5.1.0]octane-4-carboxamido)butyl)-3-((2,2,2-trifluoroethyl)oxy)-1H-pyrazole-4-carboxamide",,C[C@@H](CCNC(=O)c1c[nH]nc1OCC(F)(F)F)NC(=O)C1CC[C@@H]2C[C@@H]2CC1,
73898,O=C(N[C@H]1CN(C(=O)c2cccc3c2OCCO3)CC[C@H]1F)[C@@H]1[C@H]2CCC[C@H]21,"(1R,5S,6R)-N-((3S,4R)-1-((2,5-dioxabicyclo[4.4.0]deca-1(6),7,9-trien-7-yl)carbonyl)-4-fluoropiperidin-3-yl)bicyclo[3.1.0]hexane-6-carboxamide",,O=C(N[C@H]1CN(C(=O)c2cccc3c2OCCO3)CC[C@H]1F)C1[C@H]2CCC[C@@H]12,
73910,Cc1cc2c(C(=O)N[C@@H]3CN(C(=O)[C@H]4[C@@H](C)[C@H]4C)C[C@@H]3O)ccc(C)c2[nH]1,"N-((3R,4S)-1-(((1S,2R,3S)-2,3-dimethylcyclopropyl)carbonyl)-4-hydroxypyrrolidin-3-yl)-2,7-dimethyl-1H-indole-4-carboxamide",,Cc1cc2c(C(=O)N[C@@H]3CN(C(=O)C4[C@@H](C)[C@H]4C)C[C@@H]3O)ccc(C)c2[nH]1,
74023,C[C@@H]1CN(C(=O)CN2CCCCCC2=O)CCN1C(=O)C1=C[C@@H]2CCCCC[C@@H]12,"1-(2-((3R)-4-(((1R,7R)-bicyclo[5.2.0]non-8-en-8-yl)carbonyl)-3-methylpiperazin-1-yl)-2-oxoethyl)-1-azacycloheptan-2-one",[C@@H]12CCCCC[C@H]2C(=C1)C(=O)N1[C@@H](CN(CC1)C(CN1C(CCCCC1)=O)=O)C,C[C@@H]1CN(C(=O)CN2CCCCCC2=O)CCN1C(=O)C1=C[C@@H]2CCCCC[C@@H]12,C[C@@H]1CN(C(=O)CN2CCCCCC2=O)CCN1C(=O)C1=C[C@H]2CCCCC[C@@H]12
74047,Cc1nnn(CC(=O)N[C@H]2C[C@]3(NC(=O)[C@H]4C[C@H]5C=CC[C@H](C5)C4)CO[C@H]2C3)n1,"N-((1S,4R,6S)-4-((1S,3R,5S)-bicyclo[3.3.1]non-6-ene-3-carboxamido)-2-oxabicyclo[2.2.1]heptan-6-yl)-2-(5-methyl-2H-tetrazol-2-yl)acetamide",[C@H]12C[C@H](C[C@@H](C=CC1)C2)C(=O)N[C@]21CO[C@H]([C@H](C2)NC(CN2N=C(N=N2)C)=O)C1,Cc1nnn(CC(=O)N[C@H]2C[C@]3(NC(=O)C4C[C@H]5C=CC[C@@H](C4)C5)CO[C@H]2C3)n1,Cc1nnn(CC(=O)N[C@H]2C[C@]3(NC(=O)C4C[C@H]5C=CC[C@H](C4)C5)CO[C@H]2C3)n1
74092,CC(C)=C(C)C(=O)NC[C@]1(F)C[C@H](CNC(=O)CCc2cnn[nH]2)C1,"N-(((1S,3s)-1-fluoro-3-((3-(1H-1,2,3-triazol-5-yl)propanamido)methyl)cyclobutyl)methyl)-2,3-dimethylbut-2-enamide",,CC(C)=C(C)C(=O)NC[C@]1(F)C[C@H](CNC(=O)CCc2c[nH]nn2)C1,
74107,Nc1ncc(C(=O)N[C@H]2C[C@@](F)(CNC(=O)CCc3ncc[nH]3)C2)cc1CO,"6-amino-N-((1S,3s)-3-fluoro-3-((3-(1H-imidazol-2-yl)propanamido)methyl)cyclobutyl)-5-(hydroxymethyl)pyridine-3-carboxamide",,Nc1ncc(C(=O)N[C@H]2C[C@@](F)(CNC(=O)CCc3ncc[nH]3)C2)cc1CO,
74123,O=C(C[C@H]1[C@@H]2CN(C(=O)CCc3nc[nH]n3)C[C@H]12)Nc1cncc(Cl)c1,"N-(5-chloropyridin-3-yl)-2-((1R,5S,6S)-3-(1-oxo-3-(1H-1,2,4-triazol-3-yl)propyl)-3-azabicyclo[3.1.0]hexan-6-yl)acetamide",,O=C(C[C@@H]1[C@H]2CN(C(=O)CCc3nc[nH]n3)C[C@@H]12)Nc1cncc(Cl)c1,
74160,C[C@H](CC(=O)N1C[C@H]2[C@H](N(C)C(=O)CSCC(F)(F)F)[C@H]2C1)c1cccnc1,"N-methyl-N-((1R,5S,6S)-3-((3R)-1-oxo-3-(pyridin-3-yl)butyl)-3-azabicyclo[3.1.0]hexan-6-yl)-2-((2,2,2-trifluoroethyl)sulfanyl)acetamide",,C[C@H](CC(=O)N1C[C@@H]2[C@H](C1)[C@H]2N(C)C(=O)CSCC(F)(F)F)c1cccnc1,
74172,CCc1nc(C)cc(N2C[C@H]3[C@H](NC(=O)[C@@H](C)[C@H](C)O)[C@H]3C2)n1,"(2S,3S)-N-((1R,5S,6S)-3-(2-ethyl-6-methylpyrimidin-4-yl)-3-azabicyclo[3.1.0]hexan-6-yl)-3-hydroxy-2-methylbutanamide",,CCc1nc(C)cc(N2C[C@@H]3[C@H](C2)[C@H]3NC(=O)C(C)[C@H](C)O)n1,
74219,CC[C@H](CC(=O)N1C[C@H]2[C@@H](C1)[C@@H]2C(N)=O)NC(=O)[C@@]12CC[C@@H](CC1=O)C2,"(1R,5S,6R)-3-((3R)-1-oxo-3-((1R,4R)-2-oxobicyclo[2.2.1]heptane-1-carboxamido)pentyl)-3-azabicyclo[3.1.0]hexane-6-carboxamide",,CC[C@H](CC(=O)N1C[C@@H]2C(C(N)=O)[C@@H]2C1)NC(=O)[C@@]12CC[C@@H](CC1=O)C2,
74282,C[C@H]1CN(C(=O)c2c(Br)cnn2C)C[C@@H](C)[C@@H]1NC(=O)Cc1cccnc1,"N-((3R,4R,5S)-1-((4-bromo-1-methyl-1H-pyrazol-5-yl)carbonyl)-3,5-dimethylpiperidin-4-yl)-2-(pyridin-3-yl)acetamide",,C[C@@H]1CN(C(=O)c2c(Br)cnn2C)C[C@H](C)[C@H]1NC(=O)Cc1cccnc1,
74301,O=C(C[C@H]1C[C@@H]1C1CC1)N[C@]1(C(=O)NCC[C@H](O)C2CC2)C[C@H](O)C1,"N-((1R,3s)-1-(((3S)-3-cyclopropyl-3-hydroxypropyl)carbamoyl)-3-hydroxycyclobutyl)-2-((1R,2R)-2-cyclopropylcyclopropyl)acetamide",,O=C(C[C@H]1C[C@@H]1C1CC1)N[C@]1(C(=O)NCC[C@H](O)C2CC2)C[C@H](O)C1,
74325,CNc1cccc(CCC(=O)N[C@H]2C[C@]3(CCCCN3C(=O)[C@@H]3CC(=O)N3)C2)c1,3-(3-(methylamino)phenyl)-N-(5-(((2S)-4-oxo-azetidin-2-yl)carbonyl)-5-azaspiro[3.5]nonan-2-yl)propanamide,CNC=1C=C(C=CC1)CCC(=O)NC1CC2(C1)N(CCCC2)C(=O)[C@H]2NC(C2)=O,CNc1cccc(CCC(=O)N[C@H]2C[C@]3(CCCCN3C(=O)C3CC(=O)N3)C2)c1,CNc1cccc(CCC(=O)NC2CC3(CCCCN3C(=O)C3CC(=O)N3)C2)c1
74327,COc1cc(F)c(C(=O)N2CC[C@@H]2CNC(=O)C2=C[C@@H]3CCCC[C@H]23)c(Cl)c1,"(1R,6S)-N-(((2R)-1-((2-chloro-6-fluoro-4-methoxyphenyl)carbonyl)-azetidin-2-yl)methyl)bicyclo[4.2.0]oct-7-ene-7-carboxamide",ClC1=C(C(=CC(=C1)OC)F)C(=O)N1[C@H](CC1)CNC(=O)C=1[C@H]2CCCC[C@@H]2C1,COc1cc(F)c(C(=O)N2CC[C@@H]2CNC(=O)C2=C[C@@H]3CCCC[C@H]23)c(Cl)c1,COc1cc(F)c(C(=O)N2CC[C@@H]2CNC(=O)C2=C[C@H]3CCCC[C@H]23)c(Cl)c1
74338,COCC(COC)C(=O)N[C@]1(C)C[C@@H](NC(=O)[C@@H]2CN(C)C[C@@H](C)O2)C1,"N-((1R,3r)-3-((2S,6R)-4,6-dimethylmorpholine-2-carboxamido)-1-methylcyclobutyl)-3-methoxy-2-(methoxymethyl)propanamide",,COCC(COC)C(=O)N[C@]1(C)C[C@@H](NC(=O)C2CN(C)C[C@@H](C)O2)C1,
74342,C=C[C@H](C1CC1)N(C)C(=O)CC[C@@H](CC)NC(=O)[C@@H](C)CCCC(C)C,"(2S)-N-((3R)-6-(((1S)-1-cyclopropylprop-2-en-1-yl)(methyl)amino)-6-oxohexan-3-yl)-2,6-dimethylheptanamide",C1(CC1)[C@H](C=C)N(C(CC[C@@H](CC)NC([C@H](CCCC(C)C)C)=O)=O)C,C=C[C@H](C1CC1)N(C)C(=O)CC[C@@H](CC)NC(=O)C(C)CCCC(C)C,C=C[C@@H](C1CC1)N(C)C(=O)CC[C@@H](CC)NC(=O)C(C)CCCC(C)C
74434,O=C(NC[C@@H]1C[C@@H]2CC[C@H](C1)N2C(=O)c1ccon1)c1nccc(Cl)c1Cl,"3,4-dichloro-N-(((1R,3R,5S)-8-((isoxazol-3-yl)carbonyl)-8-azabicyclo[3.2.1]octan-3-yl)methyl)pyridine-2-carboxamide",,O=C(NC[C@H]1C[C@H]2CC[C@@H](C1)N2C(=O)c1ccon1)c1nccc(Cl)c1Cl,
74455,Cc1nc(C)c(C(=O)NC[C@H]2C[C@@](F)(CNC(=O)CSc3ccccc3Cl)C2)o1,"N-(((1R,3r)-3-((2-((2-chlorophenyl)sulfanyl)acetamido)methyl)-3-fluorocyclobutyl)methyl)-2,4-dimethyloxazole-5-carboxamide",,Cc1nc(C)c(C(=O)NC[C@H]2C[C@@](F)(CNC(=O)CSc3ccccc3Cl)C2)o1,
74459,Cc1cnn(CC(=O)N[C@H]2[C@@H]3CN(C(=O)CC4CCC=CCC4)C[C@@H]32)c1,"N-((1R,5S,6S)-3-(2-(cyclohept-4-en-1-yl)-acetyl)-3-azabicyclo[3.1.0]hexan-6-yl)-2-(4-methyl-1H-pyrazol-1-yl)acetamide",,Cc1cnn(CC(=O)N[C@H]2[C@@H]3CN(C(=O)CC4CCC=CCC4)C[C@@H]32)c1,
74473,CO[C@@H](C)C(=O)N1CCCC[C@]12C[C@H](NC(=O)[C@H]1CCCc3nnn(C)c31)C2,"(2S)-N-(5-((2S)-2-methoxy-propionyl)-5-azaspiro[3.5]nonan-2-yl)-9-methyl-7,8,9-triazabicyclo[4.3.0]nona-1(6),7-diene-2-carboxamide",CO[C@H](C(=O)N1C2(CC(C2)NC(=O)[C@@H]2C=3N(N=NC3CCC2)C)CCCC1)C,COC(C)C(=O)N1CCCC[C@]12C[C@H](NC(=O)C1CCCc3nnn(C)c31)C2,COC(C)C(=O)N1CCCCC12CC(NC(=O)C1CCCc3nnn(C)c31)C2
74553,C=C[C@@H](CC)C(=O)N1C[C@H](C)[C@@H](NC(=O)c2ccc(CC)cc2F)[C@H](C)C1,"4-ethyl-N-((3R,4R,5S)-1-((2R)-2-ethyl-1-oxobut-3-en-1-yl)-3,5-dimethylpiperidin-4-yl)-2-fluorobenzene-1-carboxamide",,C=CC(CC)C(=O)N1C[C@@H](C)[C@H](NC(=O)c2ccc(CC)cc2F)[C@@H](C)C1,
74649,CC1(CC(=O)N2CCc3nc[nH]c3[C@@]23CCN(C(=O)[C@@H]2CCC(=O)NC2)C3)CC1,"(5R)-5-(((3S)-2'-(1-methylcyclopropyl)-1-((2S)-3,7,9-triazaspiro[pyrrolidine-3,2'-bicyclo[4.3.0]nona-1(6),7-dien-3-yl)ethane]-1-yl-1'-one)carbonyl)piperidin-2-one",,CC1(CC(=O)N2CCc3[nH]cnc3[C@@]23CCN(C(=O)C2CCC(=O)NC2)C3)CC1,
74735,COc1cnc(C(=O)N2CCC[C@]23CCCN(C(=O)[C@H]2CC24CC(O)C4)C3)nc1,"1-((5S)-7-(((1S)-5-hydroxyspiro[2.3]hexan-1-yl)carbonyl)-1,7-diazaspiro[4.5]decan-1-yl)-1-(5-methoxypyrimidin-2-yl)methanone",OC1CC2(C[C@@H]2C(=O)N2C[C@]3(CCCN3C(=O)C3=NC=C(C=N3)OC)CCC2)C1,COc1cnc(C(=O)N2CCC[C@]23CCCN(C(=O)C2CC24CC(O)C4)C3)nc1,COc1cnc(C(=O)N2CCC[C@@]23CCCN(C(=O)C2CC24CC(O)C4)C3)nc1
74797,Cc1ncc(C(=O)N[C@H]2[C@@H]3CN(C(=O)[C@@H](C)c4ccc(C#N)cc4)C[C@@H]32)cn1,"2-methyl-N-((1R,5S,6S)-3-((2S)-2-(4-(nitrilomethyl)phenyl)-propionyl)-3-azabicyclo[3.1.0]hexan-6-yl)pyrimidine-5-carboxamide",,Cc1ncc(C(=O)N[C@H]2[C@@H]3CN(C(=O)C(C)c4ccc(C#N)cc4)C[C@@H]32)cn1,
74836,CC[C@](C)(CO)C(=O)N[C@@H]1CCCN(C(=O)[C@]2(c3ccccc3)C[C@@H](F)C2)CC1,"(2R)-N-((4R)-1-(((1S,3s)-3-fluoro-1-phenylcyclobutyl)carbonyl)-1-azacycloheptan-4-yl)-2-(hydroxymethyl)-2-methylbutanamide",,CC[C@](C)(CO)C(=O)N[C@@H]1CCCN(C(=O)[C@]2(c3ccccc3)C[C@@H](F)C2)CC1,
74850,Cc1nsc(C(=O)N[C@H]2C[C@]3(CCCCN3C(=O)CCc3cc(Cl)no3)C2)c1N,4-amino-N-(5-(3-(3-chloroisoxazol-5-yl)-propionyl)-5-azaspiro[3.5]nonan-2-yl)-3-methylisothiazole-5-carboxamide,NC=1C(=NSC1C(=O)NC1CC2(C1)N(CCCC2)C(CCC2=CC(=NO2)Cl)=O)C,Cc1nsc(C(=O)N[C@H]2C[C@]3(CCCCN3C(=O)CCc3cc(Cl)no3)C2)c1N,Cc1nsc(C(=O)NC2CC3(CCCCN3C(=O)CCc3cc(Cl)no3)C2)c1N
74862,Cc1ccc(F)c(Br)c1C(=O)N[C@H]1C[C@@](C)(NC(=O)[C@@H]2CCSC2)C1,"(3S)-N-((1R,3s)-3-(2-bromo-3-fluoro-6-methylbenzene-1-carboxamido)-1-methylcyclobutyl)thiolane-3-carboxamide",,Cc1ccc(F)c(Br)c1C(=O)N[C@H]1C[C@@](C)(NC(=O)C2CCSC2)C1,
74878,C[C@@H]1C[C@]2(C(=O)NCCCN(C(=O)C3CCC4(CC3)CC4)C3CC3)C[C@H]12,"N-cyclopropyl-N-(3-((1S,3R,4R)-3-methylbicyclo[2.1.0]pentane-1-carboxamido)propyl)spiro[2.5]octane-6-carboxamide",C1(CC1)N(C(=O)C1CCC2(CC2)CC1)CCCNC(=O)[C@]12C[C@H]([C@H]2C1)C,C[C@@H]1C[C@]2(C(=O)NCCCN(C(=O)C3CCC4(CC3)CC4)C3CC3)C[C@H]12,C[C@@H]1C[C@@]2(C(=O)NCCCN(C(=O)C3CCC4(CC3)CC4)C3CC3)C[C@H]12
74987,Cc1ccc2[nH]c(C(=O)NC[C@H]3C[C@@](F)(CNC(=O)COC(F)F)C3)c(C)c2c1,"N-(((1S,3s)-3-((2-((difluoromethyl)oxy)acetamido)methyl)-3-fluorocyclobutyl)methyl)-3,9-dimethyl-7-azabicyclo[4.3.0]nona-1(6),2,4,8-tetraene-8-carboxamide",,Cc1ccc2[nH]c(C(=O)NC[C@H]3C[C@@](F)(CNC(=O)COC(F)F)C3)c(C)c2c1,
75054,Cc1nnc(CCC(=O)NC[C@H]2CC[C@@](F)(CNC(=O)c3ccc[nH]3)CC2)n1C,"3-(4,5-dimethyl-4H-1,2,4-triazol-3-yl)-N-(((1R,4r)-4-fluoro-4-((1H-pyrrole-2-carboxamido)methyl)cyclohexyl)methyl)propanamide",,Cc1nnc(CCC(=O)NC[C@H]2CC[C@@](F)(CNC(=O)c3ccc[nH]3)CC2)n1C,
75078,CC[C@H](CC(F)F)C(=O)N[C@H]1C[C@](F)(CN=c2[nH]ccc(C#N)c2[N+](=O)[O-])C1,"(2R)-2-(2,2-difluoroethyl)-N-((1R,3s)-3-fluoro-3-(((4-(nitrilomethyl)-3-nitro-1-azacyclohexa-3,5-dien-2-ylidene)amino)methyl)cyclobutyl)butanamide",,CCC(CC(F)F)C(=O)N[C@H]1C[C@](F)(CNc2nccc(C#N)c2[N+](=O)[O-])C1,
75145,CCN1CCC[C@@H]1C(=O)N[C@H]1C[C@](C)(NC(=O)c2cc(C)c(C)cc2Cl)C1,"(2R)-N-((1S,3s)-3-(2-chloro-4,5-dimethylbenzene-1-carboxamido)-3-methylcyclobutyl)-1-ethylpyrrolidine-2-carboxamide",,CCN1CCCC1C(=O)N[C@H]1C[C@](C)(NC(=O)c2cc(C)c(C)cc2Cl)C1,
75151,CCN1C[C@H](C(=O)NC[C@]2(F)C[C@@H](NC(=O)c3ncoc3C3CC3)C2)CCC1=O,"5-cyclopropyl-N-((1R,3s)-3-(((3R)-1-ethyl-6-oxopiperidine-3-carboxamido)methyl)-3-fluorocyclobutyl)oxazole-4-carboxamide",,CCN1CC(C(=O)NC[C@]2(F)C[C@@H](NC(=O)c3ncoc3C3CC3)C2)CCC1=O,
75213,O=C(Cc1ccc(F)cn1)N[C@H]1[C@@H]2CN(C(=O)[C@H](O)c3ccc(Cl)cc3F)C[C@@H]21,"N-((1R,5S,6S)-3-((2R)-2-(4-chloro-2-fluorophenyl)-2-hydroxy-acetyl)-3-azabicyclo[3.1.0]hexan-6-yl)-2-(5-fluoropyridin-2-yl)acetamide",,O=C(Cc1ccc(F)cn1)N[C@H]1[C@@H]2CN(C(=O)C(O)c3ccc(Cl)cc3F)C[C@@H]21,
75259,CC[C@@]1(C)C[C@@H]1C(=O)NC[C@]1(F)C[C@@H](NC(=O)c2cc(S(=O)(=O)N(C)C)c[nH]2)C1,"4-(dimethylsulfamoyl)-N-((1R,3s)-3-(((1S,2S)-2-ethyl-2-methylcyclopropanecarboxamido)methyl)-3-fluorocyclobutyl)-1H-pyrrole-2-carboxamide",,CC[C@@]1(C)CC1C(=O)NC[C@]1(F)C[C@@H](NC(=O)c2cc(S(=O)(=O)N(C)C)c[nH]2)C1,
75263,O=C(N[C@H]1[C@@H]2CN(C(=O)C[C@H]3COC4CC3C4)C[C@@H]21)c1c[nH]c2ncccc12,"N-((1R,5S,6S)-3-(2-((4R)-2-oxabicyclo[3.1.1]heptan-4-yl)-acetyl)-3-azabicyclo[3.1.0]hexan-6-yl)-2,9-diazabicyclo[4.3.0]nona-1,3,5,7-tetraene-7-carboxamide",,O=C(N[C@H]1[C@@H]2CN(C(=O)C[C@H]3COC4CC3C4)C[C@@H]21)c1c[nH]c2ncccc12,
75312,CC(C)(C)[C@@H]1CC[C@H]1C(=O)N[C@H]1[C@@H]2CN(C(=O)CCC(F)(F)F)C[C@@H]21,"(1R,2R)-2-(tert-butyl)-N-((1R,5S,6S)-3-(4,4,4-trifluoro-butyryl)-3-azabicyclo[3.1.0]hexan-6-yl)cyclobutanecarboxamide",,CC(C)(C)[C@@H]1CCC1C(=O)N[C@H]1[C@@H]2CN(C(=O)CCC(F)(F)F)C[C@@H]21,
75353,COCCSCC(=O)NC[C@H]1[C@@H]2CN(C(=O)c3cccc(C(C)=O)c3)C[C@H]12,"N-(((1R,5S,6S)-3-((3-(acetyl)phenyl)carbonyl)-3-azabicyclo[3.1.0]hexan-6-yl)methyl)-2-((2-methoxyethyl)sulfanyl)acetamide",,COCCSCC(=O)NC[C@@H]1[C@H]2CN(C(=O)c3cccc(C(C)=O)c3)C[C@@H]12,
75391,CC[C@]1(C(=O)N[C@H]2CC[C@@H]2NC(=O)c2cc(C)nc3ccnn23)CC[C@@H](O)CC1,"N-((1S,2S)-2-(1-ethyl-4-hydroxycyclohexanecarboxamido)cyclobutyl)-4-methyl-1,5,9-triazabicyclo[4.3.0]nona-2,4,6,8-tetraene-2-carboxamide",C(C)C1(CCC(CC1)O)C(=O)N[C@@H]1[C@H](CC1)NC(=O)C=1N2N=CC=C2N=C(C1)C,CC[C@]1(C(=O)N[C@H]2CC[C@@H]2NC(=O)c2cc(C)nc3ccnn23)CC[C@@H](O)CC1,CCC1(C(=O)N[C@H]2CC[C@@H]2NC(=O)c2cc(C)nc3ccnn23)CCC(O)CC1
75399,CCCCCCNC(=O)[C@@H](c1ccc(F)c2[nH]ncc12)N1C[C@H](C)[S@@](=O)[C@H](C)C1,"(2R)-2-((1R,2R,6S)-2,6-dimethyl-1-oxothiomorpholin-4-yl)-2-(7-fluoro-1H-indazol-4-yl)-N-hexylacetamide",,CCCCCCNC(=O)C(c1ccc(F)c2[nH]ncc12)N1C[C@@H](C)[S@+]([O-])[C@@H](C)C1,
75455,C[C@H]1[C@@H](C)[C@@H]1C(=O)N1CCCCC[C@H]1CNC(=O)C1(C(C)(C)C)CCC1,"1-(tert-butyl)-N-(((2S)-1-(((1R,2R,3S)-2,3-dimethylcyclopropyl)carbonyl)-1-azacycloheptan-2-yl)methyl)cyclobutanecarboxamide",,C[C@@H]1C(C(=O)N2CCCCC[C@H]2CNC(=O)C2(C(C)(C)C)CCC2)[C@@H]1C,
75508,O=C(C[C@@H]1CN(C(=O)CN2CCNC(=O)C2)CC12CC2)NC[C@H]1C[C@@H]2CC[C@@H]2C1,"N-(((1R,3S,5S)-bicyclo[3.2.0]heptan-3-yl)methyl)-2-((7S)-5-(1-oxo-2-(3-oxopiperazin-1-yl)ethyl)-5-azaspiro[2.4]heptan-7-yl)acetamide",,O=C(C[C@@H]1CN(C(=O)CN2CCNC(=O)C2)CC12CC2)NC[C@@H]1C[C@H]2CC[C@H]2C1,
75549,C=CC[C@H](CNC(=O)[C@@H]1O[C@H]2CC[C@H]1C2)C(=O)N[C@@H](C=C)C1CCC1,"(1S,3R,4S)-N-((2R)-2-(((1R)-1-cyclobutylprop-2-en-1-yl)carbamoyl)pent-4-en-1-yl)-2-oxabicyclo[2.2.1]heptane-3-carboxamide",C1(CCC1)[C@@H](C=C)NC(=O)[C@@H](CNC(=O)[C@@H]1O[C@H]2CC[C@H]1C2)CC=C,C=CCC(CNC(=O)C1O[C@H]2CC[C@H]1C2)C(=O)N[C@@H](C=C)C1CCC1,C=CCC(CNC(=O)C1O[C@H]2CC[C@H]1C2)C(=O)N[C@H](C=C)C1CCC1
75667,C[C@](O)(CNC(=O)c1cc(F)cc(Cl)c1)CNC(=O)[C@H]1C[C@H]2CCC[C@H](C2)C1,"(1R,3S,5S)-N-((2R)-2-((3-chloro-5-fluorobenzene-1-carboxamido)methyl)-2-hydroxypropyl)bicyclo[3.3.1]nonane-3-carboxamide",,C[C@](O)(CNC(=O)c1cc(F)cc(Cl)c1)CNC(=O)C1C[C@H]2CCC[C@@H](C1)C2,
75815,O=C(N[C@H]1C[C@@H]2CC[C@H](C1)N2Cc1cccc(I)c1F)c1ccc2cncn2c1,"N-((1R,3S,5S)-8-((2-fluoro-3-iodophenyl)methyl)-8-azabicyclo[3.2.1]octan-3-yl)-1,8-diazabicyclo[4.3.0]nona-2,4,6,8-tetraene-3-carboxamide",,O=C(N[C@@H]1C[C@H]2CC[C@@H](C1)N2Cc1cccc(I)c1F)c1ccc2cncn2c1,
75836,Cc1cc(C(=O)N[C@H]2C[C@@](F)(CNC(=O)C[C@H]3CCC(=O)NC3)C2)cc(N)c1Cl,"3-amino-4-chloro-N-((1R,3r)-3-fluoro-3-((2-((3R)-6-oxopiperidin-3-yl)acetamido)methyl)cyclobutyl)-5-methylbenzene-1-carboxamide",,Cc1cc(C(=O)N[C@H]2C[C@@](F)(CNC(=O)C[C@H]3CCC(=O)NC3)C2)cc(N)c1Cl,
75871,CCc1cc(C(=O)N2C[C@H]3[C@H](CC(=O)N4CC([C@@H]5CCCO5)C4)[C@H]3C2)on1,"2-((1R,5S,6S)-3-((3-ethylisoxazol-5-yl)carbonyl)-3-azabicyclo[3.1.0]hexan-6-yl)-1-(3-((2S)-oxolan-2-yl)-azetidin-1-yl)ethan-1-one",,CCc1cc(C(=O)N2C[C@@H]3[C@@H](CC(=O)N4CC([C@@H]5CCCO5)C4)[C@@H]3C2)on1,
75884,CC(=O)N[C@H](CC(C)C)C(=O)NC1(CNC(=O)C2=C[C@H]3CCC[C@@H]23)CCOCC1,"(2R)-2-acetamido-N-(4-(((1S,5R)-bicyclo[3.2.0]hept-6-ene-6-carboxamido)methyl)-oxan-4-yl)-4-methylpentanamide",C(C)(=O)N[C@@H](C(=O)NC1(CCOCC1)CNC(=O)C=1[C@@H]2CCC[C@H]2C1)CC(C)C,CC(=O)NC(CC(C)C)C(=O)NC1(CNC(=O)C2=C[C@H]3CCC[C@@H]23)CCOCC1,CC(=O)NC(CC(C)C)C(=O)NC1(CNC(=O)C2=C[C@@H]3CCC[C@@H]23)CCOCC1
75902,CC(C)n1nccc1C(=O)N1C[C@@H]2[C@H](C(=O)Nc3nc(Br)cn4ccnc34)[C@@H]2C1,"(1R,5S,6S)-N-(3-bromo-1,4,7-triazabicyclo[4.3.0]nona-2,4,6,8-tetraen-5-yl)-3-((1-(propan-2-yl)-1H-pyrazol-5-yl)carbonyl)-3-azabicyclo[3.1.0]hexane-6-carboxamide",,CC(C)n1nccc1C(=O)N1C[C@@H]2C(C(=O)Nc3nc(Br)cn4ccnc34)[C@@H]2C1,
75914,O=C(C=CCO)N[C@@H]1[C@H]2C[C@H](NC(=O)[C@@H](F)C3CCOCC3)C[C@H]21,"N-((1R,3S,5S,6R)-3-((2S)-2-fluoro-2-(oxan-4-yl)acetamido)bicyclo[3.1.0]hexan-6-yl)-4-hydroxybut-2-enamide",,O=C(C=CCO)N[C@H]1[C@@H]2C[C@@H](NC(=O)C(F)C3CCOCC3)C[C@@H]21,
75931,CN=S1(=O)CCC2(CC1)CN(CC[C@@]13CCC[C@@H]1C3)CCO2,"10-(2-((1S,5R)-bicyclo[3.1.0]hexan-1-yl)ethyl)-N-methyl-3-oxo-7-oxa-3lambda^6-thia-10-azaspiro[5.5]undecan-3-amine",[C@@]12(CCC[C@@H]2C1)CCN1CCOC2(CCS(CC2)(NC)=O)C1,CN=S1(=O)CCC2(CC1)CN(CC[C@@]13CCC[C@@H]1C3)CCO2,CN[SH]1(=O)CCC2(CC1)CN(CC[C@@]13CCC[C@@H]1C3)CCO2
75952,Cn1nnnc1SCC(=O)N1C[C@@H]2C[C@]2(CNC(=O)[C@@H]2[C@H]3CCCCC[C@H]32)C1,"(1R,7S,8R)-N-(((1S,5R)-3-(2-((1-methyl-1H-tetrazol-5-yl)sulfanyl)-acetyl)-3-azabicyclo[3.1.0]hexan-1-yl)methyl)bicyclo[5.1.0]octane-8-carboxamide",,Cn1nnnc1SCC(=O)N1C[C@@H]2C[C@]2(CNC(=O)C2[C@H]3CCCCC[C@@H]23)C1,
75968,CC(C)[C@@H](NC(=O)[C@@H]1[C@H]2CCCCC[C@H]21)C1CCN(C(=O)c2cnsn2)CC1,"(1R,7S,8R)-N-((1R)-2-methyl-1-(1-((1-thia-2,5-diazacyclopenta-2,4-dien-3-yl)carbonyl)piperidin-4-yl)propyl)bicyclo[5.1.0]octane-8-carboxamide",,CC(C)[C@@H](NC(=O)C1[C@H]2CCCCC[C@@H]12)C1CCN(C(=O)c2cnsn2)CC1,
75997,CCCCn1ccc(C(=O)N[C@H]2C[C@@H]3CC[C@H](C2)N3C(=O)C[C@H]2CSCCO2)n1,"1-butyl-N-((1R,3S,5S)-8-(2-((2S)-1-oxa-4-thiacyclohexan-2-yl)-acetyl)-8-azabicyclo[3.2.1]octan-3-yl)-1H-pyrazole-3-carboxamide",,CCCCn1ccc(C(=O)N[C@@H]2C[C@H]3CC[C@@H](C2)N3C(=O)C[C@H]2CSCCO2)n1,
76005,O=C(Nc1ccc(Cc2nc3ccccc3s2)cc1)[C@@H]1[C@H]2CCNCC[C@H]21,"(1R,7S,8R)-N-(4-((benzothiazol-2-yl)methyl)phenyl)-4-azabicyclo[5.1.0]octane-8-carboxamide",,O=C(Nc1ccc(Cc2nc3ccccc3s2)cc1)C1[C@H]2CCNCC[C@@H]12,
76024,C=CCN(CC)[C@H](C(=O)N[C@H](CC(C)C)C(=O)OC)[C@@H]1[C@H]2CCC[C@H]21,"methyl (2R)-2-((2S)-2-((1R,5S,6R)-bicyclo[3.1.0]hexan-6-yl)-2-((prop-2-en-1-yl)(ethyl)amino)acetamido)-4-methylpentanoate",,C=CCN(CC)C(C(=O)NC(CC(C)C)C(=O)OC)[C@H]1[C@@H]2CCC[C@@H]21,
76063,CC=CCC(=O)NC[C@]1(F)C[C@@H](CNC(=O)c2c[nH]c3ncnc(O)c23)C1,"N-(((1S,3r)-1-fluoro-3-((5-hydroxy-2,4,9-triazabicyclo[4.3.0]nona-1,3,5,7-tetraene-7-carboxamido)methyl)cyclobutyl)methyl)pent-3-enamide",,CC=CCC(=O)NC[C@]1(F)C[C@@H](CNC(=O)c2c[nH]c3[nH]cnc(=O)c23)C1,
76089,CC1=C(C(=O)NC[C@H]2C[C@@](F)(CNC(=O)c3ccc(Br)c(O)n3)C2)CCC1,"5-bromo-N-(((1R,3r)-1-fluoro-3-((2-methylcyclopent-1-ene-1-carboxamido)methyl)cyclobutyl)methyl)-6-hydroxypyridine-2-carboxamide",,CC1=C(C(=O)NC[C@H]2C[C@@](F)(CNC(=O)c3ccc(Br)c(=O)[nH]3)C2)CCC1,
76108,C=CCSCC(=O)N1C[C@H]2[C@H](N(C)C(=O)[C@@H](OC)C3CCCC3)[C@H]2C1,"(2S)-2-cyclopentyl-2-methoxy-N-methyl-N-((1R,5S,6S)-3-(1-oxo-2-((prop-2-en-1-yl)sulfanyl)ethyl)-3-azabicyclo[3.1.0]hexan-6-yl)acetamide",,C=CCSCC(=O)N1C[C@@H]2[C@H](C1)[C@H]2N(C)C(=O)C(OC)C1CCCC1,
76124,C#CC[C@@H](C)C(=O)N[C@@H](C)C1(O)CN(C(=O)c2cc3c([nH]2)CCCC3=O)C1,"(2R)-N-((1S)-1-(3-hydroxy-1-((2-oxo-7-azabicyclo[4.3.0]nona-1(6),8-dien-8-yl)carbonyl)-azetidin-3-yl)ethyl)-2-methylpent-4-ynamide",OC1(CN(C1)C(=O)C=1NC=2CCCC(C2C1)=O)[C@H](C)NC([C@@H](CC#C)C)=O,C#CCC(C)C(=O)N[C@@H](C)C1(O)CN(C(=O)c2cc3c([nH]2)CCCC3=O)C1,C#CCC(C)C(=O)N[C@@H](C)C1(O)CN(C(O)c2cc3c(O)cccc3[nH]2)C1
76241,CCc1ccccc1CC(=O)N[C@H]1C[C@@](C)(NC(=O)C[C@@H]2[C@@H](CC)C2(F)F)C1,"N-((1S,3r)-3-(2-((1R,2R)-2-ethyl-3,3-difluorocyclopropyl)acetamido)-3-methylcyclobutyl)-2-(2-ethylphenyl)acetamide",,CCc1ccccc1CC(=O)N[C@H]1C[C@@](C)(NC(=O)C[C@@H]2[C@@H](CC)C2(F)F)C1,
76303,COCC1(CNC(=O)[C@H](NC(=O)[C@H]2C[C@@H]3C[C@@H]3C2)C2(O)CCC2)CC1,"(2R)-2-((1R,3S,5S)-bicyclo[3.1.0]hexane-3-carboxamido)-2-(1-hydroxycyclobutyl)-N-((1-(methoxymethyl)cyclopropyl)methyl)acetamide",,COCC1(CNC(=O)C(NC(=O)C2C[C@@H]3C[C@@H]3C2)C2(O)CCC2)CC1,
76330,O=C(N[C@@]1(CF)CCN(C(=O)[C@H]2C[C@](F)(CO)C2)C1)C1CC2(C1)CC2(F)F,"1,1-difluoro-N-((3S)-1-(((1S,3r)-3-fluoro-3-(hydroxymethyl)cyclobutyl)carbonyl)-3-(fluoromethyl)pyrrolidin-3-yl)spiro[2.3]hexane-5-carboxamide",,O=C(N[C@@]1(CF)CCN(C(=O)C2CC(F)(CO)C2)C1)C1CC2(C1)CC2(F)F,
76338,CC(=O)N[C@H]1C[C@H]2C[C@@H](NC(=O)C[C@@H](CC(N)=O)CC(C)C)C[C@H]2C1,"(3R)-N-((1R,3R,5S,7S)-7-acetamidobicyclo[3.3.0]octan-3-yl)-3-(2-methylpropyl)pentanediamide",,CC(=O)N[C@@H]1C[C@@H]2C[C@H](NC(=O)C[C@@H](CC(N)=O)CC(C)C)C[C@@H]2C1,
76416,CC=CC=CC(=O)NC[C@]1(F)C[C@@H](CNC(=O)C[C@@H](C)CC(F)(F)F)C1,"N-(((1R,3s)-1-fluoro-3-(((3R)-5,5,5-trifluoro-3-methylpentanamido)methyl)cyclobutyl)methyl)hexa-2,4-dienamide",,CC=CC=CC(=O)NC[C@]1(F)C[C@@H](CNC(=O)C[C@@H](C)CC(F)(F)F)C1,
76450,CC1(C)C[S@@](=O)CCN1C(=O)[C@@H]1C[C@@H]2CSC[C@@H](C2)C1,"1-((1S)-3,3-dimethyl-1-oxothiomorpholin-4-yl)-1-((1R,5S,7R)-3-thiabicyclo[3.3.1]nonan-7-yl)methanone",,CC1(C)C[S@@+]([O-])CCN1C(=O)C1C[C@H]2CSC[C@@H](C1)C2,
76526,COc1ccc(OC)c(C(=O)N[C@H](C)[C@@H]2CN(C(=O)[C@H]3C[C@@](C)(O)C3)CCO2)n1,"N-((1R)-1-((2S)-4-(((1S,3r)-3-hydroxy-3-methylcyclobutyl)carbonyl)morpholin-2-yl)ethyl)-3,6-dimethoxypyridine-2-carboxamide",,COc1ccc(OC)c(C(=O)N[C@H](C)[C@@H]2CN(C(=O)C3CC(C)(O)C3)CCO2)n1,
76532,CCOCCC(=O)NC[C@]1(F)C[C@H](CNC(=O)[C@@H]2CCc3c(ncn3C)C2)C1,"3-ethoxy-N-(((1R,3r)-1-fluoro-3-(((3R)-7-methyl-7,9-diazabicyclo[4.3.0]nona-1(6),8-diene-3-carboxamido)methyl)cyclobutyl)methyl)propanamide",,CCOCCC(=O)NC[C@]1(F)C[C@H](CNC(=O)C2CCc3c(ncn3C)C2)C1,
76588,CC(C)Cn1ccc(=NC(=O)[C@@H](CNC(=O)[C@@H]2[C@H]3[C@@H]4CC[C@@H](C4)[C@H]32)CC2CC2)[nH]1,"(2R)-2-(cyclopropylmethyl)-N-(1-(2-methylpropyl)-1,2-diazacyclopent-4-en-3-ylidene)-3-((1R,2S,3R,4R,5S)-tricyclo[3.2.1.0^{2,4}]octane-3-carboxamido)propanamide",,CC(C)Cn1ccc(NC(=O)C(CNC(=O)C2[C@@H]3[C@H]4CC[C@H](C4)[C@H]23)CC2CC2)n1,
76604,NC(=O)CSCC(=O)NC[C@]1(F)C[C@H](NC(=O)[C@@H](O)CC2CCOCC2)C1,"(2S)-N-((1S,3s)-3-((2-((2-amino-2-oxoethyl)sulfanyl)acetamido)methyl)-3-fluorocyclobutyl)-2-hydroxy-3-(oxan-4-yl)propanamide",,NC(=O)CSCC(=O)NC[C@]1(F)C[C@H](NC(=O)C(O)CC2CCOCC2)C1,
76670,Cc1cc(C(=O)N(C)C[C@H]2[C@@H]3CN(C(=O)C[C@@]4(O)CCOC4)C[C@H]23)cn(C)c1=O,"N-(((1R,5S,6S)-3-(2-((3S)-3-hydroxyoxolan-3-yl)-acetyl)-3-azabicyclo[3.1.0]hexan-6-yl)methyl)-1,5,N-trimethyl-6-oxo-1-azacyclohexa-2,4-diene-3-carboxamide",,Cc1cc(C(=O)N(C)C[C@@H]2[C@H]3CN(C(=O)C[C@@]4(O)CCOC4)C[C@@H]23)cn(C)c1=O,
76709,CCc1nc(C(=O)NC[C@]2(F)C[C@@H](CNC(=O)c3cc(Cl)c(Cl)[nH]3)C2)cs1,"N-(((1S,3r)-3-((4,5-dichloro-1H-pyrrole-2-carboxamido)methyl)-1-fluorocyclobutyl)methyl)-2-ethylthiazole-4-carboxamide",,CCc1nc(C(=O)NC[C@]2(F)C[C@@H](CNC(=O)c3cc(Cl)c(Cl)[nH]3)C2)cs1,
76754,C[C@@H]1[C@H](C(=O)N[C@@]23CCC[C@H]2N(C(=O)CN2CCN(C)C(=O)C2)CC3)[C@@H]1C,"(1S,2R,3S)-2,3-dimethyl-N-((1R,5R)-2-(2-(4-methyl-3-oxopiperazin-1-yl)-acetyl)-2-azabicyclo[3.3.0]octan-5-yl)cyclopropanecarboxamide",,C[C@@H]1C(C(=O)N[C@@]23CCC[C@H]2N(C(=O)CN2CCN(C)C(=O)C2)CC3)[C@@H]1C,
76786,Cc1cc(CCC(=O)N[C@H]2C[C@](C)(NC(=O)[C@H](C)N3CCC3)C2)n[nH]1,"N-((1S,3s)-3-((2S)-2-(azetidin-1-yl)propanamido)-3-methylcyclobutyl)-3-(5-methyl-1H-pyrazol-3-yl)propanamide",,Cc1cc(CCC(=O)N[C@H]2C[C@](C)(NC(=O)C(C)N3CCC3)C2)[nH]n1,
76817,C[C@@H](CCC(C)(C)C)C(=O)N1CCC(N(C)C(=O)[C@]2(F)[C@H]3CCC[C@H]32)CC1,"(1R,5S,6S)-6-fluoro-N-methyl-N-(1-((2S)-2,5,5-trimethyl-hexanoyl)piperidin-4-yl)bicyclo[3.1.0]hexane-6-carboxamide",,CC(CCC(C)(C)C)C(=O)N1CCC(N(C)C(=O)[C@@]2(F)[C@@H]3CCC[C@@H]32)CC1,
76916,O=C(NC[C@@H]1CCCN(C(=O)[C@H]2CCc3nnnn3C2)C1)[C@H]1C[C@H]2[C@@H](C1)C2(F)F,"(1R,3S,5S)-6,6-difluoro-N-(((3S)-1-(((3S)-1,7,8,9-tetraazabicyclo[4.3.0]nona-6,8-dien-3-yl)carbonyl)piperidin-3-yl)methyl)bicyclo[3.1.0]hexane-3-carboxamide",,O=C(NC[C@@H]1CCCN(C(=O)C2CCc3nnnn3C2)C1)C1C[C@@H]2[C@H](C1)C2(F)F,
76937,C=C(C)[C@@H]1CCC(C)=C[C@@H]1CC(=O)N1CCc2nc(C(=O)OC)ccc2C1,"methyl 8-(2-((1R,6R)-3-methyl-6-(prop-1-en-2-yl)cyclohex-2-en-1-yl)-acetyl)-2,8-diazabicyclo[4.4.0]deca-1(6),2,4-triene-3-carboxylate",CC1=C[C@H]([C@@H](CC1)C(=C)C)CC(=O)N1CC=2C=CC(=NC2CC1)C(=O)OC,C=C(C)[C@@H]1CCC(C)=C[C@@H]1CC(=O)N1CCc2nc(C(=O)OC)ccc2C1,C=C(C)[C@@H]1CCC(C)=C[C@H]1CC(=O)N1CCc2nc(C(=O)OC)ccc2C1
76978,CC(C)[C@H](NC=O)C(=O)N[C@@H]1C[C@@H]2CC[C@H](C1)N2C(=O)C12CC(C1)[C@H](C)O2,"(2S)-2-formamido-3-methyl-N-((1R,3R,5S)-8-(((3S)-3-methyl-2-oxabicyclo[2.1.1]hexan-1-yl)carbonyl)-8-azabicyclo[3.2.1]octan-3-yl)butanamide",,CC(C)C(NC=O)C(=O)N[C@H]1C[C@H]2CC[C@@H](C1)N2C(=O)C12CC(C1)[C@H](C)O2,
77000,CC(C)(C(=O)N[C@H]1C[C@](C)(NC(=O)[C@H]2CSCCS2)C1)c1cc(F)cc(C#N)c1,"N-((1S,3s)-3-((2S)-1,4-dithiacyclohexane-2-carboxamido)-3-methylcyclobutyl)-2-(3-fluoro-5-(nitrilomethyl)phenyl)-2-methylpropanamide",,CC(C)(C(=O)N[C@H]1C[C@](C)(NC(=O)C2CSCCS2)C1)c1cc(F)cc(C#N)c1,
77005,C[C@H]1[C@@H]2CN([C@@H](C(=O)NCc3cccc(Br)c3)c3cnc4n3CCC4)C[C@H]12,"(2R)-N-((3-bromophenyl)methyl)-2-(1,4-diazabicyclo[3.3.0]octa-2,4-dien-2-yl)-2-((1R,5S,6S)-6-methyl-3-azabicyclo[3.1.0]hexan-3-yl)acetamide",,C[C@@H]1[C@H]2CN(C(C(=O)NCc3cccc(Br)c3)c3cnc4n3CCC4)C[C@@H]12,
77072,Cc1cc(CC(=O)N2CCC[C@]3(CCCN3C(=O)C[C@@H]3C[C@@H](O)C3(C)C)C2)on1,"1-((5S)-1-(2-((1S,3R)-3-hydroxy-2,2-dimethylcyclobutyl)-acetyl)-1,7-diazaspiro[4.5]decan-7-yl)-2-(3-methylisoxazol-5-yl)ethan-1-one",O[C@H]1C([C@@H](C1)CC(=O)N1CCC[C@]12CN(CCC2)C(CC2=CC(=NO2)C)=O)(C)C,Cc1cc(CC(=O)N2CCC[C@]3(CCCN3C(=O)C[C@@H]3C[C@@H](O)C3(C)C)C2)on1,Cc1cc(CC(=O)N2CCC[C@@]3(CCCN3C(=O)C[C@@H]3C[C@@H](O)C3(C)C)C2)on1
77087,COc1c(C)csc1C(=O)N1C[C@H]2[C@H](N(C)C(=O)CCc3cc(Cl)no3)[C@H]2C1,"3-(3-chloroisoxazol-5-yl)-N-((1R,5S,6S)-3-((3-methoxy-4-methylthiophen-2-yl)carbonyl)-3-azabicyclo[3.1.0]hexan-6-yl)-N-methylpropanamide",,COc1c(C)csc1C(=O)N1C[C@@H]2[C@H](C1)[C@H]2N(C)C(=O)CCc1cc(Cl)no1,
77195,CCC1(C(=O)NC[C@H]2C[C@@H]3CC[C@H](C2)N3C(=O)[C@@H](C)[C@H](C)S(C)(=O)=O)CC1,"1-ethyl-N-(((1R,3S,5S)-8-((2R,3S)-2-methyl-3-(methylsulfonyl)-butyryl)-8-azabicyclo[3.2.1]octan-3-yl)methyl)cyclopropanecarboxamide",,CCC1(C(=O)NC[C@@H]2C[C@H]3CC[C@@H](C2)N3C(=O)C(C)[C@H](C)S(C)(=O)=O)CC1,
77239,CO[C@H](CNC(=O)c1cc2cccc(Cl)c2s1)CNC(=O)[C@H]1C[C@@H]2CC[C@H](C1)O2,"(1R,3S,5S)-N-((2S)-3-(7-chloro-1-benzothiophene-2-carboxamido)-2-methoxypropyl)-8-oxabicyclo[3.2.1]octane-3-carboxamide",,CO[C@H](CNC(=O)c1cc2cccc(Cl)c2s1)CNC(=O)C1C[C@H]2CC[C@@H](C1)O2,
77277,CC(C)C1(C(=O)N2CCC(C)(CNC(=O)[C@@]3(C#N)C[C@@H]4C[C@@H]4C3)CC2)CCC1,"(1R,3S,5S)-3-cyano-N-((4-methyl-1-((1-(propan-2-yl)cyclobutyl)carbonyl)piperidin-4-yl)methyl)bicyclo[3.1.0]hexane-3-carboxamide",,CC(C)C1(C(=O)N2CCC(C)(CNC(=O)[C@]3(C#N)C[C@H]4C[C@H]4C3)CC2)CCC1,
77313,CC(=O)OCCN(C)C(=O)[C@@H](F)[C@H](C)CNC(=O)[C@]1(C)C[C@@H]2C[C@@H]2C1,"2-(N-methyl(2S,3R)-2-fluoro-3-(((1R,3R,5S)-3-methylbicyclo[3.1.0]hexane-3-carboxamido)methyl)butanamido)ethyl acetate",,CC(=O)OCCN(C)C(=O)C(F)[C@H](C)CNC(=O)[C@@]1(C)C[C@H]2C[C@H]2C1,
77325,CCCSCC(=O)N[C@H]1CC2(CN(C(=O)/C=C/C(C)(C)SC)C2)n2ccnc21,"2-(propylsulfanyl)-N-((6S)-spiro[1,4-diazabicyclo[3.3.0]octa-2,4-diene-8,3'-((2E)-1-(azetidin-1-yl)-4-methyl-4-(methylsulfanyl)pent-2-ene)]-6-yl-1'-one)acetamide",,CCCSCC(=O)N[C@H]1CC2(CN(C(=O)/C=C/C(C)(C)SC)C2)n2ccnc21,
77364,C[C@@H]1CC[C@@](C)(C(=O)NC[C@]2(F)C[C@H](CNC(=O)c3cc(Br)n(C)n3)C2)C1,"5-bromo-N-(((1S,3s)-3-(((1R,3R)-1,3-dimethylcyclopentanecarboxamido)methyl)-3-fluorocyclobutyl)methyl)-1-methyl-1H-pyrazole-3-carboxamide",,C[C@@H]1CC[C@@](C)(C(=O)NC[C@]2(F)C[C@H](CNC(=O)c3cc(Br)n(C)n3)C2)C1,
77447,C[C@H]1C[C@@H](C(=O)N(C)CCCN(C)C(=O)c2cc[nH]c3nccc2-3)C[C@@H](C)O1,"N-methyl-N-(3-(N-methyl(2R,4R,6S)-2,6-dimethyloxane-4-carboxamido)propyl)-2,9-diazabicyclo[4.3.0]nona-1(9),3,5,7-tetraene-5-carboxamide",,C[C@@H]1CC(C(=O)N(C)CCCN(C)C(=O)c2ccnc3[nH]ccc23)C[C@H](C)O1,
77628,CSCCC(=O)N1[C@H]2CC[C@@H]1C[C@H](NC(=O)c1cnn3c(C)cccc13)C2,"2-methyl-N-((1R,3R,5S)-8-(3-(methylsulfanyl)-propionyl)-8-azabicyclo[3.2.1]octan-3-yl)-1,9-diazabicyclo[4.3.0]nona-2,4,6,8-tetraene-7-carboxamide",,CSCCC(=O)N1[C@@H]2CC[C@H]1C[C@@H](NC(=O)c1cnn3c(C)cccc13)C2,
77666,O=C(CC1=CCCC1)NC[C@H]1C[C@@](F)(CNC(=O)c2nccc(Cl)c2F)C1,"N-(((1S,3s)-3-((4-chloro-3-fluoropyridine-2-carboxamido)methyl)-3-fluorocyclobutyl)methyl)-2-(cyclopent-1-en-1-yl)acetamide",,O=C(CC1=CCCC1)NC[C@H]1C[C@@](F)(CNC(=O)c2nccc(Cl)c2F)C1,
77698,C[C@]1(C(=O)N[C@@H]2[C@H]3C[C@H](NC(=O)Cn4ccc(C5CC5)n4)C[C@H]32)CCNC1=O,"(3S)-N-((1R,3S,5S,6R)-3-(2-(3-cyclopropyl-1H-pyrazol-1-yl)acetamido)bicyclo[3.1.0]hexan-6-yl)-3-methyl-2-oxopyrrolidine-3-carboxamide",,C[C@]1(C(=O)N[C@H]2[C@@H]3C[C@@H](NC(=O)Cn4ccc(C5CC5)n4)C[C@@H]32)CCNC1=O,
77699,CCC(CC)CC(=O)N[C@H]1[C@@H]2CN(C(=O)[C@@H]3Cc4ccccc4S3)C[C@@H]21,"3-ethyl-N-((1R,5S,6S)-3-(((8S)-7-thiabicyclo[4.3.0]nona-1,3,5-trien-8-yl)carbonyl)-3-azabicyclo[3.1.0]hexan-6-yl)pentanamide",,CCC(CC)CC(=O)N[C@H]1[C@@H]2CN(C(=O)C3Cc4ccccc4S3)C[C@@H]21,
77755,CC(=O)N1Cc2ccccc2C[C@@H]1C(=O)N1CC2(C1)OC[C@H]1C[C@H]12,"1-((4R)-4-(3'-oxaspiro[azetidine-3,2'-bicyclo[3.1.0]hexane]-1-ylformyl)-3-azabicyclo[4.4.0]deca-1(10),6,8-trien-3-yl)ethan-1-one",C12C3(OCC2C1)CN(C3)C(=O)[C@@H]3N(CC1=CC=CC=C1C3)C(C)=O,CC(=O)N1Cc2ccccc2CC1C(=O)N1CC2(C1)OC[C@H]1C[C@H]12,CC(=O)N1Cc2ccccc2CC1C(=O)N1CC2(C1)OCC1CC12
77958,CNC(=O)CCCC(=O)N[C@@H]1C[C@H](C)N(C(=O)[C@@H]2[C@H]3CCCCCC[C@H]32)C1,"N'-((3R,5S)-1-(((1R,8S,9R)-bicyclo[6.1.0]nonan-9-yl)carbonyl)-5-methylpyrrolidin-3-yl)-N-methylpentanediamide",,CNC(=O)CCCC(=O)N[C@@H]1C[C@H](C)N(C(=O)C2[C@H]3CCCCCC[C@@H]23)C1,
77983,Cc1cn2nc(N3CCC([C@H](C)NC(=O)C[C@@H]4CC[C@H]5C[C@@H]5C4)CC3)sc2n1,"2-((1S,3R,6S)-bicyclo[4.1.0]heptan-3-yl)-N-((1S)-1-(1-(7-methyl-2-thia-4,5,8-triazabicyclo[3.3.0]octa-1(8),3,6-trien-3-yl)piperidin-4-yl)ethyl)acetamide",[C@@H]12C[C@@H](CC[C@H]2C1)CC(=O)N[C@@H](C)C1CCN(CC1)C=1SC2=NC(=CN2N1)C,Cc1cn2nc(N3CCC([C@H](C)NC(=O)C[C@@H]4CC[C@H]5C[C@@H]5C4)CC3)sc2n1,Cc1cn2nc(N3CCC([C@H](C)NC(=O)C[C@@H]4CC[C@H]5C[C@H]5C4)CC3)sc2n1
78013,CCO[C@H](C(=O)N[C@]1(C)C[C@H](NC(=O)[C@H]2CC[C@@H](O)CN2C)C1)C1CCC1,"(2S)-2-cyclobutyl-2-ethoxy-N-((1S,3r)-3-((2R,5R)-5-hydroxy-1-methylpiperidine-2-carboxamido)-1-methylcyclobutyl)acetamide",,CCOC(C(=O)N[C@]1(C)C[C@H](NC(=O)C2CC[C@@H](O)CN2C)C1)C1CCC1,
78016,COC(=O)c1ncc(N(C)CCN(C(=O)[C@H]2C[C@H]3[C@@H](C2)C3(F)F)C(C)C)nc1C,"methyl 3-methyl-5-((2-(N-(propan-2-yl)(1R,3S,5S)-6,6-difluorobicyclo[3.1.0]hexane-3-carboxamido)ethyl)(methyl)amino)pyrazine-2-carboxylate",,COC(=O)c1ncc(N(C)CCN(C(=O)C2C[C@@H]3[C@H](C2)C3(F)F)C(C)C)nc1C,
78028,CC[C@H](C(=O)N(C)[C@H]1[C@@H]2CN(C(=O)[C@@H](C)CC3CCC3)C[C@@H]21)N(C)C,"(2R)-N-((1R,5S,6S)-3-((2S)-2-(cyclobutylmethyl)-propionyl)-3-azabicyclo[3.1.0]hexan-6-yl)-2-(dimethylamino)-N-methylbutanamide",,CCC(C(=O)N(C)[C@H]1[C@@H]2CN(C(=O)C(C)CC3CCC3)C[C@@H]21)N(C)C,
78124,CN1C[C@H]2[C@@H](C1)[C@@H]2C(=O)N1Cc2n[nH]cc2[C@@H]1C(=O)Nc1cccc(F)c1O,"(6R)-N-(3-fluoro-2-hydroxyphenyl)-7-(((1R,5S,6R)-3-methyl-3-azabicyclo[3.1.0]hexan-6-yl)carbonyl)-2,3,7-triazabicyclo[3.3.0]octa-1,4-diene-6-carboxamide",,CN1C[C@@H]2C(C(=O)N3Cc4[nH]ncc4C3C(=O)Nc3cccc(F)c3O)[C@@H]2C1,
78196,CC(=O)N(C)[C@H](C)C(=O)N(C)[C@H]1[C@@H]2CN(C(=O)[C@@H]3[C@H]4[C@@H]5CC[C@@H](C5)[C@H]43)C[C@@H]21,"(2R)-N-methyl-2-(N-methylacetamido)-N-((1R,5S,6S)-3-(((1R,2S,3R,4R,5S)-tricyclo[3.2.1.0^{2,4}]octan-3-yl)carbonyl)-3-azabicyclo[3.1.0]hexan-6-yl)propanamide",,CC(=O)N(C)C(C)C(=O)N(C)[C@H]1[C@@H]2CN(C(=O)C3[C@@H]4[C@H]5CC[C@H](C5)[C@H]34)C[C@@H]21,
78242,CO[C@@H](C(=O)N1C[C@H]2[C@H](CC(=O)NCC3CCCCCC3)[C@H]2C1)C(C)(C)C,"N-(cycloheptylmethyl)-2-((1R,5S,6S)-3-((2R)-2-methoxy-3,3-dimethyl-butyryl)-3-azabicyclo[3.1.0]hexan-6-yl)acetamide",,COC(C(=O)N1C[C@@H]2[C@@H](CC(=O)NCC3CCCCCC3)[C@@H]2C1)C(C)(C)C,
78335,Cc1ccc(C(=O)N2CCC3(CCN(C(=O)[C@H]4C[C@@H]5CC[C@H](C4)O5)CC3)C2)s1,"1-(5-methylthiophen-2-yl)-1-(8-(((1R,3S,5S)-8-oxabicyclo[3.2.1]octan-3-yl)carbonyl)-2,8-diazaspiro[4.5]decan-2-yl)methanone",,Cc1ccc(C(=O)N2CCC3(CCN(C(=O)C4C[C@H]5CC[C@@H](C4)O5)CC3)C2)s1,
78400,CCc1cn2c(C(=O)N(C)[C@@H](C)CNC(=O)[C@H]3C[C@@H]4CC[C@H](C3)O4)cccc2n1,"8-ethyl-N-methyl-N-((2S)-1-((1R,3S,5S)-8-oxabicyclo[3.2.1]octane-3-carboxamido)propan-2-yl)-1,7-diazabicyclo[4.3.0]nona-2,4,6,8-tetraene-2-carboxamide",,CCc1cn2c(C(=O)N(C)[C@@H](C)CNC(=O)C3C[C@H]4CC[C@@H](C3)O4)cccc2n1,
78406,CC(=O)c1cc(C(=O)NCC[C@@H]2CCN(C(=O)[C@@H]3[C@@H](C)[C@H]3C)C2)cnc1C,"5-(acetyl)-N-(2-((3R)-1-(((1R,2R,3S)-2,3-dimethylcyclopropyl)carbonyl)pyrrolidin-3-yl)ethyl)-6-methylpyridine-3-carboxamide",,CC(=O)c1cc(C(=O)NCC[C@@H]2CCN(C(=O)C3[C@@H](C)[C@H]3C)C2)cnc1C,
78461,CC[C@H](CNC(=O)[C@@H]1[C@H]2CN(CC(F)(F)F)C[C@H]21)NC(=O)C1(OC)CCCC1,"(1R,5S,6R)-N-((2R)-2-(1-methoxycyclopentanecarboxamido)butyl)-3-(2,2,2-trifluoroethyl)-3-azabicyclo[3.1.0]hexane-6-carboxamide",,CC[C@H](CNC(=O)C1[C@H]2CN(CC(F)(F)F)C[C@@H]12)NC(=O)C1(OC)CCCC1,
78566,CC(=CC(=O)N[C@H]1[C@@H]2CN(C(=O)c3cnn4c3NCCC4)C[C@@H]21)c1ccccc1,"3-phenyl-N-((1R,5S,6S)-3-((1,5,9-triazabicyclo[4.3.0]nona-6,8-dien-7-yl)carbonyl)-3-azabicyclo[3.1.0]hexan-6-yl)but-2-enamide",,CC(=CC(=O)N[C@H]1[C@@H]2CN(C(=O)c3cnn4c3NCCC4)C[C@@H]21)c1ccccc1,
78603,CON=CC(=O)N(C)C[C@H]1[C@@H]2CN(C(=O)c3cc4c(F)c(F)c(F)cc4[nH]3)C[C@H]12,"2-(methoxyimino)-N-methyl-N-(((1R,5S,6S)-3-((2,3,4-trifluoro-7-azabicyclo[4.3.0]nona-1(6),2,4,8-tetraen-8-yl)carbonyl)-3-azabicyclo[3.1.0]hexan-6-yl)methyl)acetamide",,CON=CC(=O)N(C)C[C@@H]1[C@H]2CN(C(=O)c3cc4c(F)c(F)c(F)cc4[nH]3)C[C@@H]12,
78649,C[C@H]1C[C@H](NC(=O)c2cncc(F)c2)CN1C(=O)c1cc2c([nH]1)CCCC2=O,"5-fluoro-N-((3S,5S)-5-methyl-1-((2-oxo-7-azabicyclo[4.3.0]nona-1(6),8-dien-8-yl)carbonyl)pyrrolidin-3-yl)pyridine-3-carboxamide",FC=1C=C(C=NC1)C(=O)N[C@@H]1CN([C@H](C1)C)C(=O)C=1NC=2CCCC(C2C1)=O,C[C@H]1C[C@H](NC(=O)c2cncc(F)c2)CN1C(=O)c1cc2c([nH]1)CCCC2=O,C[C@H]1C[C@H](NC(=O)c2cncc(F)c2)CN1C(O)c1cc2c(O)cccc2[nH]1
78730,CN1CCC[C@H]1C(=O)NC[C@]1(F)C[C@H](CNC(=O)c2cncc(N)n2)C1,"6-amino-N-(((1S,3s)-3-fluoro-3-(((2S)-1-methylpyrrolidine-2-carboxamido)methyl)cyclobutyl)methyl)pyrazine-2-carboxamide",,CN1CCCC1C(=O)NC[C@]1(F)C[C@H](CNC(=O)c2cncc(N)n2)C1,
78739,C[C@@H](CCNC(=O)[C@H]1C[C@@H]2CC[C@H](C1)O2)NC(=O)[C@H]1CC2(CCCC2)CO1,"(3R)-N-((2S)-4-((1R,3S,5S)-8-oxabicyclo[3.2.1]octane-3-carboxamido)butan-2-yl)-2-oxaspiro[4.4]nonane-3-carboxamide",,C[C@@H](CCNC(=O)C1C[C@H]2CC[C@@H](C1)O2)NC(=O)C1CC2(CCCC2)CO1,
78744,C#CCCCCC(=O)N(CCC)C1CCN(C(=O)[C@]2(C(F)(F)F)C[C@@H](O)C2)CC1,"N-(1-(((1S,3r)-3-hydroxy-1-(trifluoromethyl)cyclobutyl)carbonyl)piperidin-4-yl)-N-propylhept-6-ynamide",,C#CCCCCC(=O)N(CCC)C1CCN(C(=O)[C@]2(C(F)(F)F)C[C@@H](O)C2)CC1,
78836,Cc1c(Br)c(C(=O)N[C@@H]2COCCN(C(=O)[C@@H]3[C@H]4CC[C@H]43)C2)nn1C,"N-((6S)-4-(((1R,4S,5R)-bicyclo[2.1.0]pentan-5-yl)carbonyl)-1-oxa-4-azacycloheptan-6-yl)-4-bromo-1,5-dimethyl-1H-pyrazole-3-carboxamide",,Cc1c(Br)c(C(=O)N[C@@H]2COCCN(C(=O)C3[C@H]4CC[C@@H]34)C2)nn1C,
78874,COc1ncccc1NC(=O)C[C@H]1[C@@H]2CN(C(=O)CC3CC=CC3)C[C@H]12,"2-((1R,5S,6S)-3-(2-(cyclopent-3-en-1-yl)-acetyl)-3-azabicyclo[3.1.0]hexan-6-yl)-N-(2-methoxypyridin-3-yl)acetamide",,COc1ncccc1NC(=O)C[C@@H]1[C@H]2CN(C(=O)CC3CC=CC3)C[C@@H]12,
78916,CC(C)S[C@H](C)C(=O)N1[C@H]2CC[C@@H]1C[C@@H](CNC(=O)CCn1cccc1)C2,"N-(((1R,3S,5S)-8-((2R)-1-oxo-2-((propan-2-yl)sulfanyl)propyl)-8-azabicyclo[3.2.1]octan-3-yl)methyl)-3-(1H-pyrrol-1-yl)propanamide",,CC(C)SC(C)C(=O)N1[C@@H]2CC[C@H]1C[C@H](CNC(=O)CCn1cccc1)C2,
78968,O=C(N[C@H]1C[C@@H]2CC[C@H](C1)N2C(=O)c1cc(Br)c2cccnn12)[C@H]1C=CCC1,"(1R)-N-((1R,3S,5S)-8-((7-bromo-1,2-diazabicyclo[4.3.0]nona-2,4,6,8-tetraen-9-yl)carbonyl)-8-azabicyclo[3.2.1]octan-3-yl)cyclopent-2-ene-1-carboxamide",,O=C(N[C@@H]1C[C@H]2CC[C@@H](C1)N2C(=O)c1cc(Br)c2cccnn12)C1C=CCC1,
79002,Cc1c(C(=O)N2C[C@H]3[C@H](NC(=O)c4cnns4)[C@H]3C2)sc2ccc(Cl)cc12,"N-((1R,5S,6S)-3-((3-chloro-9-methyl-7-thiabicyclo[4.3.0]nona-1(6),2,4,8-tetraen-8-yl)carbonyl)-3-azabicyclo[3.1.0]hexan-6-yl)-1-thia-2,3-diazacyclopenta-2,4-diene-5-carboxamide",,Cc1c(C(=O)N2C[C@@H]3[C@H](C2)[C@H]3NC(=O)c2cnns2)sc2ccc(Cl)cc12,
79006,Cc1nc[nH]c1C(=O)N[C@H]1C[C@@](C)(NC(=O)C23CC(C2)C3)C1,"N-((1S,3r)-3-(bicyclo[1.1.1]pentane-1-carboxamido)-3-methylcyclobutyl)-4-methyl-1H-imidazole-5-carboxamide",,Cc1[nH]cnc1C(=O)N[C@H]1C[C@@](C)(NC(=O)C23CC(C2)C3)C1,
79016,Cc1ccc(C)c([C@H](C(=O)N2CC(F)(CNC(=O)[C@]34C[C@H]3[C@H](C)C4)C2)C(C)C)c1,"(1R,3R,4S)-N-((1-((2R)-2-(2,5-dimethylphenyl)-3-methyl-butyryl)-3-fluoro-azetidin-3-yl)methyl)-3-methylbicyclo[2.1.0]pentane-1-carboxamide",CC1=C(C=C(C=C1)C)[C@H](C(=O)N1CC(C1)(F)CNC(=O)[C@@]12C[C@H]([C@@H]2C1)C)C(C)C,Cc1ccc(C)c(C(C(=O)N2CC(F)(CNC(=O)[C@@]34C[C@@H](C)[C@@H]3C4)C2)C(C)C)c1,Cc1ccc(C)c(C(C(=O)N2CC(F)(CNC(=O)[C@]34C[C@@H](C)[C@@H]3C4)C2)C(C)C)c1
79031,C=C=C[C@@H](C)C(=O)N1C[C@H]2[C@H](CC(=O)NCc3ccc(O)nn3)[C@H]2C1,"N-((6-hydroxypyridazin-3-yl)methyl)-2-((1R,5S,6S)-3-((2R)-2-methyl-1-oxopenta-3,4-dien-1-yl)-3-azabicyclo[3.1.0]hexan-6-yl)acetamide",,C=C=CC(C)C(=O)N1C[C@@H]2[C@@H](CC(=O)NCc3ccc(=O)[nH]n3)[C@@H]2C1,
79043,C[C@H]1C[C@@H](C)C[C@H](C(=O)N2CC3(CN(C(=O)Cc4cc[nH]n4)CC(C)(C)O3)C2)C1,"1-(2-(((1R,3R,5S)-3,5-dimethylcyclohexyl)carbonyl)-6,6-dimethyl-5-oxa-2,8-diazaspiro[3.5]nonan-8-yl)-2-(1H-pyrazol-3-yl)ethan-1-one",,C[C@@H]1CC(C(=O)N2CC3(CN(C(=O)Cc4cc[nH]n4)CC(C)(C)O3)C2)C[C@H](C)C1,
79054,CC(C)(C)[C@H]1CC[C@](C)(C(=O)NCCCCNC(=O)c2cnc(O)c(F)c2)CC1,N-(4-(4-(tert-butyl)-1-methylcyclohexanecarboxamido)butyl)-5-fluoro-6-hydroxypyridine-3-carboxamide,C(C)(C)(C)C1CCC(CC1)(C(=O)NCCCCNC(=O)C=1C=NC(=C(C1)F)O)C,CC(C)(C)[C@H]1CC[C@](C)(C(=O)NCCCCNC(=O)c2c[nH]c(=O)c(F)c2)CC1,CC1(C(=O)NCCCCNC(=O)c2c[nH]c(=O)c(F)c2)CCC(C(C)(C)C)CC1
79074,CO[C@@H](C)CCC(=O)NC[C@]1(F)C[C@H](NC(=O)[C@H](CC(C)C)C(N)=O)C1,"(2R)-N-((1S,3s)-3-fluoro-3-(((4S)-4-methoxypentanamido)methyl)cyclobutyl)-2-(2-methylpropyl)propanediamide",,CO[C@@H](C)CCC(=O)NC[C@]1(F)C[C@H](NC(=O)C(CC(C)C)C(N)=O)C1,
79075,CCC1(C(=O)N[C@H]2C[C@](C)(NC(=O)[C@H](C)c3ccco3)C2)COC1,"3-ethyl-N-((1S,3s)-3-((2R)-2-(furan-2-yl)propanamido)-3-methylcyclobutyl)-1-oxacyclobutane-3-carboxamide",,CCC1(C(=O)N[C@H]2C[C@](C)(NC(=O)C(C)c3ccco3)C2)COC1,
79112,CS[C@H](C)CC(=O)N[C@@H]1[C@H]2C[C@H](NC(=O)Cn3cccnc3=O)C[C@H]21,"(3R)-3-(methylsulfanyl)-N-((1R,3S,5S,6R)-3-(2-(2-oxo-1,3-diazacyclohexa-3,5-dien-1-yl)acetamido)bicyclo[3.1.0]hexan-6-yl)butanamide",,CS[C@H](C)CC(=O)N[C@H]1[C@@H]2C[C@@H](NC(=O)Cn3cccnc3=O)C[C@@H]21,
79132,CCCc1cc(C(=O)N2[C@H]3CC[C@@H]2C[C@H](NC(=O)[C@H]2CCCCN2C)C3)n[nH]1,"(2R)-1-methyl-N-((1R,3R,5S)-8-((5-propyl-1H-pyrazol-3-yl)carbonyl)-8-azabicyclo[3.2.1]octan-3-yl)piperidine-2-carboxamide",,CCCc1cc(C(=O)N2[C@@H]3CC[C@H]2C[C@@H](NC(=O)C2CCCCN2C)C3)[nH]n1,
79140,CO[C@@H]1C[C@@]2(C(=O)N3C[C@H]4[C@H](CN(C)C(=O)C5CN(C(C)=O)C5)[C@H]4C3)C[C@@H]12,"1-(acetyl)-N-(((1R,5S,6S)-3-(((1S,3R,4R)-3-methoxybicyclo[2.1.0]pentan-1-yl)carbonyl)-3-azabicyclo[3.1.0]hexan-6-yl)methyl)-N-methylazetidine-3-carboxamide",,CO[C@@H]1C[C@@]2(C(=O)N3C[C@@H]4[C@@H](CN(C)C(=O)C5CN(C(C)=O)C5)[C@@H]4C3)C[C@@H]12,
79165,CNC(=O)NC(=O)CN1C[C@H]2[C@H](CNC(=O)[C@H](C(C)C)N(C)C)[C@H]2C1,"(2S)-2-(dimethylamino)-3-methyl-N-(((1R,5S,6S)-3-(2-(methylcarbamoylamino)-2-oxoethyl)-3-azabicyclo[3.1.0]hexan-6-yl)methyl)butanamide",,CNC(=O)NC(=O)CN1C[C@@H]2[C@@H](CNC(=O)C(C(C)C)N(C)C)[C@@H]2C1,
79170,CCC(CC)[C@H](C)C(=O)NC[C@]1(F)C[C@H](CNC(=O)CN2CCN(C)CC2)C1,"(2S)-3-ethyl-N-(((1R,3r)-1-fluoro-3-((2-(4-methylpiperazin-1-yl)acetamido)methyl)cyclobutyl)methyl)-2-methylpentanamide",,CCC(CC)C(C)C(=O)NC[C@]1(F)C[C@H](CNC(=O)CN2CCN(C)CC2)C1,
79192,C[C@@H]1C[C@]2(C(=O)N(C)[C@H](C)CCNC(=O)c3sc(N4CCOCC4)nc3Cl)C[C@H]12,"4-chloro-N-((3R)-3-(N-methyl(1S,3R,4R)-3-methylbicyclo[2.1.0]pentane-1-carboxamido)butyl)-2-(morpholin-4-yl)thiazole-5-carboxamide",ClC=1N=C(SC1C(=O)NCC[C@@H](C)N(C(=O)[C@]12C[C@H]([C@H]2C1)C)C)N1CCOCC1,C[C@@H]1C[C@]2(C(=O)N(C)[C@H](C)CCNC(=O)c3sc(N4CCOCC4)nc3Cl)C[C@H]12,C[C@@H]1C[C@@]2(C(=O)N(C)[C@H](C)CCNC(=O)c3sc(N4CCOCC4)nc3Cl)C[C@H]12
79274,C=C1C[C@@H]1C(=O)N[C@]1(C)C[C@H](NC(=O)CN(C)S(=O)(=O)c2ccc(C)c(C)c2)C1,"(1S)-N-((1S,3r)-3-(2-((3,4-dimethylphenylsulfonyl)(methyl)amino)acetamido)-1-methylcyclobutyl)-2-methylidenecyclopropanecarboxamide",,C=C1CC1C(=O)N[C@]1(C)C[C@H](NC(=O)CN(C)S(=O)(=O)c2ccc(C)c(C)c2)C1,
79288,CC1(C)CO[C@H](C(=O)N[C@]2(C)C[C@H](C(=O)N3CC([C@@H]4CC4(F)F)C3)C2)C1,"(2S)-N-((1R,3s)-3-((3-((1S)-2,2-difluorocyclopropyl)-azetidin-1-yl)carbonyl)-1-methylcyclobutyl)-4,4-dimethyloxolane-2-carboxamide",,CC1(C)COC(C(=O)NC2(C)CC(C(=O)N3CC([C@@H]4CC4(F)F)C3)C2)C1,
79296,Cc1c(C(=O)N2C[C@@H]3CC[C@H](C2)N3C(=O)[C@@H]2[C@H]3C=CS[C@H]32)cccc1C(F)(F)F,"1-(2-methyl-3-(trifluoromethyl)phenyl)-1-((1R,5S)-8-(((1R,5S,6S)-2-thiabicyclo[3.1.0]hex-3-en-6-yl)carbonyl)-3,8-diazabicyclo[3.2.1]octan-3-yl)methanone",CC1=C(C=CC=C1C(F)(F)F)C(=O)N1C[C@H]2CC[C@@H](C1)N2C(=O)[C@@H]2[C@@H]1C=CS[C@@H]21,Cc1c(C(=O)N2C[C@H]3CC[C@@H](C2)N3C(=O)C2[C@H]3C=CS[C@@H]23)cccc1C(F)(F)F,Cc1c(C(=O)N2C[C@H]3CC[C@@H](C2)N3C(=O)C2[C@@H]3C=CS[C@@H]23)cccc1C(F)(F)F
79311,C[C@H](C(=O)N[C@]1(C)C[C@H](C(=O)N[C@H](C)C(=O)NC2CC2)C1)c1ccn(C)c1,"(2S)-N-((1R,3s)-3-(((2R)-1-(cyclopropylamino)-1-oxopropan-2-yl)carbamoyl)-1-methylcyclobutyl)-2-(1-methyl-1H-pyrrol-3-yl)propanamide",,CC(NC(=O)C1CC(C)(NC(=O)C(C)c2ccn(C)c2)C1)C(=O)NC1CC1,
79314,C[C@H]1C[C@]1(F)C(=O)N1C[C@H]2[C@H](CNC(=O)COC[C@@H]3CCCCO3)[C@H]2C1,"N-(((1R,5S,6S)-3-(((1R,2S)-1-fluoro-2-methylcyclopropyl)carbonyl)-3-azabicyclo[3.1.0]hexan-6-yl)methyl)-2-((((2S)-oxan-2-yl)methyl)oxy)acetamide",,C[C@H]1C[C@]1(F)C(=O)N1C[C@@H]2[C@@H](CNC(=O)COC[C@@H]3CCCCO3)[C@@H]2C1,
79344,CC(C)[C@H](NC(=O)[C@@H]1[C@H]2CCCC[C@H]21)C(=O)N1C[C@H]2[C@@H](C1)OCCN2C,"(1R,6S,7R)-N-((2S)-3-methyl-1-((1R,6S)-5-methyl-2-oxa-5,8-diazabicyclo[4.3.0]nonan-8-yl)-1-oxobutan-2-yl)bicyclo[4.1.0]heptane-7-carboxamide",,CC(C)C(NC(=O)C1[C@H]2CCCC[C@@H]12)C(=O)N1C[C@H]2OCCN(C)[C@H]2C1,
79475,COCCNC(=O)[C@]12[C@H]3C[C@@H]1[C@@H]1[C@H](C(=O)N4CCN(CC5CCCC5)CC4)[C@@H]3[C@H]12,"(1S,3R,4S,5R,6S,7R,8R)-5-((4-(cyclopentylmethyl)piperazin-1-yl)carbonyl)-N-(2-methoxyethyl)tetracyclo[4.2.0.0^{3,8}.0^{4,7}]octane-8-carboxamide",,COCCNC(=O)[C@]12[C@H]3[C@H]4C(C(=O)N5CCN(CC6CCCC6)CC5)[C@H]3[C@@H]1C[C@H]42,
79588,O=C(CC1C[C@@H]2C[C@H]2C1)N[C@H]1C[C@H]2CC[C@@H]([C@@H]1F)N2C(=O)c1ccc2c(c1)CC2,"2-((1R,5R)-bicyclo[3.1.0]hexan-3-yl)-N-((1S,2R,3S,5R)-8-((bicyclo[4.2.0]octa-1(6),2,4-trien-3-yl)carbonyl)-2-fluoro-8-azabicyclo[3.2.1]octan-3-yl)acetamide",[C@H]12CC(C[C@H]2C1)CC(=O)N[C@@H]1[C@H]([C@@H]2CC[C@H](C1)N2C(=O)C2=CC=1CCC1C=C2)F,O=C(CC1C[C@@H]2C[C@H]2C1)N[C@H]1C[C@H]2CC[C@@H]([C@@H]1F)N2C(=O)c1ccc2c(c1)CC2,O=C(CC1C[C@H]2C[C@@H]2C1)N[C@H]1C[C@H]2CC[C@@H]([C@@H]1F)N2C(=O)c1ccc2c(c1)CC2
79631,N#C[C@@]1(C(=O)N2C[C@@H]3CC[C@H](C2)N3C(=O)[C@@H]2CCc3nccn3C2)C[C@@H]2C[C@@H]2C1,"(1R,3R,5S)-3-(((1R,5S)-8-(((3R)-1,7-diazabicyclo[4.3.0]nona-6,8-dien-3-yl)carbonyl)-3,8-diazabicyclo[3.2.1]octan-3-yl)carbonyl)bicyclo[3.1.0]hexane-3-carbonitrile",,N#C[C@]1(C(=O)N2C[C@H]3CC[C@@H](C2)N3C(=O)C2CCc3nccn3C2)C[C@H]2C[C@H]2C1,
79633,C[S@@](=O)CC1CN(C(=O)[C@H]2C[C@](O)(c3cn(C4(C(=O)O)CC4)nn3)C2)C1,"1-(4-((1R,3s)-1-hydroxy-3-((3-(((R)-methylsulfinyl)methyl)-azetidin-1-yl)carbonyl)cyclobutyl)-1H-1,2,3-triazol-1-yl)cyclopropanecarboxylic acid",,C[S@@+]([O-])CC1CN(C(=O)C2CC(O)(c3cn(C4(C(=O)O)CC4)nn3)C2)C1,
79677,C=C1CC2(C1)CC(C(=O)N(C)C[C@@H](C)NC(=O)[C@H]1C[C@@H]3CC[C@H](C1)N3C1CC1)C2,"(1R,3S,5S)-8-cyclopropyl-N-((2R)-1-(N-methyl-2-methylidenespiro[3.3]heptane-6-carboxamido)propan-2-yl)-8-azabicyclo[3.2.1]octane-3-carboxamide",,C=C1CC2(C1)CC(C(=O)N(C)C[C@@H](C)NC(=O)C1C[C@H]3CC[C@@H](C1)N3C1CC1)C2,
79726,CCc1cccc(C(=O)N2C[C@H]3[C@H](N(C)C(=O)CS(=O)(=O)CC(C)C)[C@H]3C2)c1N,"N-((1R,5S,6S)-3-((2-amino-3-ethylphenyl)carbonyl)-3-azabicyclo[3.1.0]hexan-6-yl)-N-methyl-2-(2-methylpropylsulfonyl)acetamide",,CCc1cccc(C(=O)N2C[C@@H]3[C@H](C2)[C@H]3N(C)C(=O)CS(=O)(=O)CC(C)C)c1N,
79727,O=C(N[C@H]1[C@@H]2CN(C(=O)c3sc(Cl)cc3Cl)C[C@@H]21)c1ccc([N+](=O)[O-])[nH]1,"N-((1R,5S,6S)-3-((3,5-dichlorothiophen-2-yl)carbonyl)-3-azabicyclo[3.1.0]hexan-6-yl)-5-nitro-1H-pyrrole-2-carboxamide",,O=C(N[C@H]1[C@@H]2CN(C(=O)c3sc(Cl)cc3Cl)C[C@@H]21)c1ccc([N+](=O)[O-])[nH]1,
79841,CNC(=O)NC1CN(C(=O)[C@H](NC(=O)[C@@H]2C[C@@H]3CC[C@@H]3C2)[C@H]2CCOC2)C1,"1-((1-((2R)-2-((1R,3R,5S)-bicyclo[3.2.0]heptane-3-carboxamido)-1-oxo-2-((3R)-oxolan-3-yl)ethyl)-azetidin-3-yl)amino)-N-methylmethanamide",,CNC(=O)NC1CN(C(=O)C(NC(=O)C2C[C@H]3CC[C@H]3C2)[C@H]2CCOC2)C1,
79862,CO[C@@H](C(=O)N[C@@H]1C[C@@H]2CC[C@H](C1)N2C(=O)[C@H](NC(C)=O)C(C)(C)C)C1CCC1,"(2R)-N-((1R,3R,5S)-8-((2R)-2-acetamido-3,3-dimethyl-butyryl)-8-azabicyclo[3.2.1]octan-3-yl)-2-cyclobutyl-2-methoxyacetamide",,COC(C(=O)N[C@H]1C[C@H]2CC[C@@H](C1)N2C(=O)C(NC(C)=O)C(C)(C)C)C1CCC1,
79891,CO[C@@H](CSC)C(=O)N(CCCNC(=O)[C@@H]1[C@H]2CN(C)C[C@H]21)C(C)C,"(2R)-2-methoxy-N-(3-((1R,5S,6R)-3-methyl-3-azabicyclo[3.1.0]hexane-6-carboxamido)propyl)-3-(methylsulfanyl)-N-(propan-2-yl)propanamide",,COC(CSC)C(=O)N(CCCNC(=O)C1[C@H]2CN(C)C[C@@H]12)C(C)C,
79903,COC(=O)N1CCC[C@H]1C(=O)O[C@H](C)c1nc2ccccc2o1,"2-(1R)-1-(benzoxazol-2-yl)ethyl 1-methyl (2S)-pyrrolidine-1,2-dicarboxylate",,COC(=O)N1CCCC1C(=O)O[C@H](C)c1nc2ccccc2o1,
79906,CC1(C)CC[C@@H]1C(=O)N1CCOC[C@@]12COCCN(C(=O)C1=CCSC1)C2,"1-((1S)-2,2-dimethylcyclobutyl)-1-((6R)-11-((1-thiacyclopent-3-en-3-yl)carbonyl)-2,8-dioxa-5,11-diazaspiro[5.6]dodecan-5-yl)methanone",CC1([C@H](CC1)C(=O)N1CCOC[C@]12COCCN(C2)C(=O)C=2CSCC2)C,CC1(C)CCC1C(=O)N1CCOC[C@@]12COCCN(C(=O)C1=CCSC1)C2,CC1(C)CCC1C(=O)N1CCOC[C@]12COCCN(C(=O)C1=CCSC1)C2
80031,CC(C)(C)OC(=O)N1CC[C@]2(C(=O)N[C@@H]3[C@@H]4CN(C(=O)C5(C)CC5)C[C@@H]43)C[C@H]2C1,"tert-butyl (1R,6R)-6-(((1R,5S,6R)-3-((1-methylcyclopropyl)carbonyl)-3-azabicyclo[3.1.0]hexan-6-yl)carbamoyl)-3-azabicyclo[4.1.0]heptane-3-carboxylate",,CC(C)(C)OC(=O)N1CC[C@]2(C(=O)N[C@@H]3[C@@H]4CN(C(=O)C5(C)CC5)C[C@@H]43)C[C@H]2C1,
80166,NC(=O)[C@@H]1CN(C(=O)[C@@H]2[C@H]3CN(Cc4c(F)cncc4F)C[C@H]32)CCO1,"(2S)-4-(((1R,5S,6R)-3-((3,5-difluoropyridin-4-yl)methyl)-3-azabicyclo[3.1.0]hexan-6-yl)carbonyl)morpholine-2-carboxamide",,NC(=O)C1CN(C(=O)C2[C@H]3CN(Cc4c(F)cncc4F)C[C@@H]23)CCO1,
80167,C=CC[C@]1(C(=O)N2CCN(CC3CC3)CC2)CCN(C(=O)C[C@@H]2C[C@H]3C[C@H]3C2)C1,"2-((1R,3R,5S)-bicyclo[3.1.0]hexan-3-yl)-1-((3S)-3-((4-(cyclopropylmethyl)piperazin-1-yl)carbonyl)-3-(prop-2-en-1-yl)pyrrolidin-1-yl)ethan-1-one",,C=CC[C@]1(C(=O)N2CCN(CC3CC3)CC2)CCN(C(=O)C[C@H]2C[C@@H]3C[C@@H]3C2)C1,
80170,NC(=O)NC1(C(=O)N2CC[C@@H]2C(=O)NC[C@@H]2[C@H]3CCC[C@H]32)CCCCC1,"1-amino-N-(1-(((2R)-2-((((1R,5S,6R)-bicyclo[3.1.0]hexan-6-yl)methyl)carbamoyl)-azetidin-1-yl)carbonyl)cyclohexyl)formamide",,NC(=O)NC1(C(=O)N2CCC2C(=O)NC[C@H]2[C@@H]3CCC[C@@H]32)CCCCC1,
80185,Cc1cc(C(=O)N2C[C@@H]3[C@H](C2)[C@@H]3NC(=O)Cc2cc(F)cc(Cl)c2)cc(C)c1O,"2-(3-chloro-5-fluorophenyl)-N-((1R,5S,6R)-3-((4-hydroxy-3,5-dimethylphenyl)carbonyl)-3-azabicyclo[3.1.0]hexan-6-yl)acetamide",,Cc1cc(C(=O)N2C[C@@H]3[C@H](C2)[C@@H]3NC(=O)Cc2cc(F)cc(Cl)c2)cc(C)c1O,
80198,O=C(CN1C(=O)CCC1=O)N[C@@H]1CC[C@H]2C[C@H]1CN2C(=O)[C@@H]1CC[C@H]2C[C@H]2CC1,"N-((1S,2R,5S)-6-(((1R,4R,7S)-bicyclo[5.1.0]octan-4-yl)carbonyl)-6-azabicyclo[3.2.1]octan-2-yl)-2-(2,5-dioxopyrrolidin-1-yl)acetamide",,O=C(Cn1c(O)ccc1O)N[C@@H]1CC[C@H]2C[C@H]1CN2C(=O)C1CC[C@@H]2C[C@@H]2CC1,
80214,Cc1cc(C)cc(C(=O)N[C@H]2C[C@@H]3C[C@H](C2)CN(C(=O)[C@@H]2CCCNC2=O)C3)c1,"3,5-dimethyl-N-((1R,5S,7S)-3-(((3R)-2-oxopiperidin-3-yl)carbonyl)-3-azabicyclo[3.3.1]nonan-7-yl)benzamide",,Cc1cc(C)cc(C(=O)N[C@@H]2C[C@H]3C[C@@H](C2)CN(C(=O)C2CCCNC2=O)C3)c1,
80270,CCO[C@H](C)C(=O)N[C@H]1C[C@](F)(CNC(=O)c2c(F)ccc(Br)c2OC)C1,"(2R)-N-((1S,3r)-3-((3-bromo-6-fluoro-2-methoxybenzene-1-carboxamido)methyl)-3-fluorocyclobutyl)-2-ethoxypropanamide",,CCOC(C)C(=O)N[C@H]1C[C@](F)(CNC(=O)c2c(F)ccc(Br)c2OC)C1,
80296,CC(C)CC(=O)N1C[C@@H]2[C@H](C(=O)Nc3ccc(F)cc3Br)[C@@H]2C1,"(1R,5S,6S)-N-(2-bromo-4-fluorophenyl)-3-(3-methyl-butyryl)-3-azabicyclo[3.1.0]hexane-6-carboxamide",,CC(C)CC(=O)N1C[C@@H]2C(C(=O)Nc3ccc(F)cc3Br)[C@@H]2C1,
80333,CC1(C)CO[C@H](C(=O)N2[C@H]3CC[C@H]2CN(C(=O)[C@]24CC[C@H](CC2)C4(C)C)C3)CO1,"1-((2S)-5,5-dimethyl-1,4-dioxan-2-yl)-1-((1S,5S)-3-((7,7-dimethylbicyclo[2.2.1]heptan-1-yl)carbonyl)-3,8-diazabicyclo[3.2.1]octan-8-yl)methanone",CC1(OC[C@H](OC1)C(=O)N1[C@@H]2CN(C[C@@H]1CC2)C(=O)C21CCC(CC2)C1(C)C)C,CC1(C)COC(C(=O)N2[C@H]3CC[C@H]2CN(C(=O)[C@]24CC[C@H](CC2)C4(C)C)C3)CO1,CC1(C)COC(C(=O)N2[C@H]3CC[C@H]2CN(C(=O)C24CCC(CC2)C4(C)C)C3)CO1
80387,CNC(=O)COCCNC(=O)c1nc(CNC(=O)[C@H]2C[C@@H]3C[C@@H]3C2)oc1C,"2-((2-(2-(((1R,3S,5S)-bicyclo[3.1.0]hexane-3-carboxamido)methyl)-5-methyloxazole-4-carboxamido)ethyl)oxy)-N-methylacetamide",,CNC(=O)COCCNC(=O)c1nc(CNC(=O)C2C[C@@H]3C[C@@H]3C2)oc1C,
80412,CC(C)[C@](C)(N[C@@H]1C[C@@H]2CC[C@H](C1)[C@@H]2O)c1nnnn1-c1ccccc1Cl,"(1R,3R,5S,8R)-3-(((2S)-2-(1-(2-chlorophenyl)-1H-tetrazol-5-yl)-3-methylbutan-2-yl)amino)bicyclo[3.2.1]octan-8-ol",,CC(C)[C@](C)(N[C@H]1C[C@H]2CC[C@@H](C1)[C@H]2O)c1nnnn1-c1ccccc1Cl,
80439,C#CCCCCCCC(=O)NCc1cc(C(=O)N2C[C@H]3[C@H](N(C)C)[C@H]3C2)n[nH]1,"N-((3-(((1R,5S,6S)-6-(dimethylamino)-3-azabicyclo[3.1.0]hexan-3-yl)carbonyl)-1H-pyrazol-5-yl)methyl)non-8-ynamide",,C#CCCCCCCC(=O)NCc1cc(C(=O)N2C[C@@H]3[C@H](C2)[C@H]3N(C)C)[nH]n1,
80456,Cc1ccnc(C(=O)N2C[C@H]3[C@H](N(C)C(=O)c4ncc5ccccn45)[C@H]3C2)c1N,"N-((1R,5S,6S)-3-((3-amino-4-methylpyridin-2-yl)carbonyl)-3-azabicyclo[3.1.0]hexan-6-yl)-N-methyl-1,8-diazabicyclo[4.3.0]nona-2,4,6,8-tetraene-9-carboxamide",,Cc1ccnc(C(=O)N2C[C@@H]3[C@H](C2)[C@H]3N(C)C(=O)c2ncc3ccccn23)c1N,
80551,CCc1nc(C)[nH]c1C(=O)NC[C@H]1C[C@@H]2CC[C@H](C1)N2C(=O)Cn1nccn1,"4-ethyl-2-methyl-N-(((1R,3S,5S)-8-(1-oxo-2-(2H-1,2,3-triazol-2-yl)ethyl)-8-azabicyclo[3.2.1]octan-3-yl)methyl)-1H-imidazole-5-carboxamide",,CCc1[nH]c(C)nc1C(=O)NC[C@@H]1C[C@H]2CC[C@@H](C1)N2C(=O)Cn1nccn1,
80592,Cc1cc(CC(=O)NC[C@]2(F)C[C@@H](NC(=O)[C@@H]3CCc4[nH]nc(O)c4C3)C2)on1,"N-(((1R,3s)-1-fluoro-3-((3R)-9-hydroxy-7,8-diazabicyclo[4.3.0]nona-1(6),8-diene-3-carboxamido)cyclobutyl)methyl)-2-(3-methylisoxazol-5-yl)acetamide",,Cc1cc(CC(=O)NC[C@]2(F)C[C@@H](NC(=O)C3CCc4[nH][nH]c(=O)c4C3)C2)on1,
80608,Cc1ccc(OCC(=O)N2C[C@H]3[C@H](NC(=O)c4ccc(C)nc4O)[C@H]3C2)c(C)c1,"N-((1R,5S,6S)-3-(2-((2,4-dimethylphenyl)oxy)-acetyl)-3-azabicyclo[3.1.0]hexan-6-yl)-2-hydroxy-6-methylpyridine-3-carboxamide",,Cc1ccc(OCC(=O)N2C[C@@H]3[C@H](C2)[C@H]3NC(=O)c2ccc(C)[nH]c2=O)c(C)c1,
80625,CO[C@H]1C[C@@H](C(=O)N2CC[C@@H](NC(=O)C(F)(F)CC(C)C)C[C@@H](O)C2)C[C@H]1OC,"N-((4R,6R)-1-(((1R,3R,4S)-3,4-dimethoxycyclopentyl)carbonyl)-6-hydroxy-1-azacycloheptan-4-yl)-2,2-difluoro-4-methylpentanamide",,CO[C@H]1CC(C(=O)N2CC[C@@H](NC(=O)C(F)(F)CC(C)C)C[C@@H](O)C2)C[C@H]1OC,
80696,CS[C@H](C)CC(=O)N1CCO[C@]2(CC[C@@H](NC(=O)C[C@H]3CSCCS3)CC2)C1,"2-((2S)-1,4-dithiacyclohexan-2-yl)-N-(4-((3R)-3-(methylsulfanyl)-butyryl)-1-oxa-4-azaspiro[5.5]undecan-9-yl)acetamide",S1[C@H](CSCC1)CC(=O)NC1CCC2(CN(CCO2)C(C[C@@H](C)SC)=O)CC1,CS[C@H](C)CC(=O)N1CCO[C@]2(CC[C@@H](NC(=O)C[C@H]3CSCCS3)CC2)C1,CS[C@H](C)CC(=O)N1CCOC2(CCC(NC(=O)C[C@H]3CSCCS3)CC2)C1
80709,CO[C@]1(C(F)(F)F)C[C@H](NC(=O)[C@@H]2C[C@@H](C(=O)O)C23CCC3)C1,"(1R,3R)-3-(((1R,3s)-3-methoxy-3-(trifluoromethyl)cyclobutyl)carbamoyl)spiro[3.3]heptane-1-carboxylic acid",,CO[C@]1(C(F)(F)F)C[C@H](NC(=O)C2CC(C(=O)O)C23CCC3)C1,
80721,Cn1nc(CC(=O)NCCC2CC(NC(=O)[C@@H]3[C@H]4CCCCC[C@H]43)C2)cc1Cl,"N-(2-(3-((1R,7S,8R)-bicyclo[5.1.0]octane-8-carboxamido)cyclobutyl)ethyl)-2-(5-chloro-1-methyl-1H-pyrazol-3-yl)acetamide",,Cn1nc(CC(=O)NCCC2CC(NC(=O)C3[C@H]4CCCCC[C@@H]34)C2)cc1Cl,
80738,C1C[C@]2(C[C@@H](CN3CC[C@@H]4CSC[C@@H]4C3)C2)N1,"(1S,6S)-3-((1-azaspiro[3.3]heptan-6-yl)methyl)-8-thia-3-azabicyclo[4.3.0]nonane",N1CCC12CC(C2)CN2C[C@H]1CSC[C@H]1CC2,C1C[C@]2(C[C@@H](CN3CC[C@@H]4CSC[C@@H]4C3)C2)N1,C1CC2(CC(CN3CC[C@@H]4CSC[C@@H]4C3)C2)N1
80774,CCc1oc(C)cc1C(=O)N1C[C@H]2[C@H](CNC(=O)[C@H]3CC34CCSCC4)[C@H]2C1,"(1S)-N-(((1R,5S,6S)-3-((2-ethyl-5-methylfuran-3-yl)carbonyl)-3-azabicyclo[3.1.0]hexan-6-yl)methyl)-6-thiaspiro[2.5]octane-1-carboxamide",,CCc1oc(C)cc1C(=O)N1C[C@@H]2[C@@H](CNC(=O)C3CC34CCSCC4)[C@@H]2C1,
80842,CN(C[C@H]1[C@@H]2CN(C(=O)[C@@H](F)C3CCC(=O)CC3)C[C@H]12)C(=O)CSc1cn[nH]c1,"N-(((1R,5S,6S)-3-((2S)-2-fluoro-1-oxo-2-(4-oxocyclohexyl)ethyl)-3-azabicyclo[3.1.0]hexan-6-yl)methyl)-N-methyl-2-((1H-pyrazol-4-yl)sulfanyl)acetamide",,CN(C[C@@H]1[C@H]2CN(C(=O)C(F)C3CCC(=O)CC3)C[C@@H]12)C(=O)CSc1cn[nH]c1,
80889,CCN(CCOC)S(=O)(=O)c1ccc(N2[C@H]3CC[C@@H]2C[C@H](CO)C3)cc1Cl,"1-((1R,3R,5S)-8-(3-chloro-4-((2-methoxyethyl)(ethyl)sulfamoyl)phenyl)-8-azabicyclo[3.2.1]octan-3-yl)methanol",,CCN(CCOC)S(=O)(=O)c1ccc(N2[C@@H]3CC[C@H]2C[C@@H](CO)C3)cc1Cl,
80954,Cc1cnc(CC(=O)N2C[C@H]3[C@H](N(C)C(=O)c4ccn5nccc5c4)[C@H]3C2)o1,"N-methyl-N-((1R,5S,6S)-3-(2-(5-methyloxazol-2-yl)-acetyl)-3-azabicyclo[3.1.0]hexan-6-yl)-1,9-diazabicyclo[4.3.0]nona-2,4,6,8-tetraene-4-carboxamide",,Cc1cnc(CC(=O)N2C[C@@H]3[C@H](C2)[C@H]3N(C)C(=O)c2ccn3nccc3c2)o1,
81014,O=C([C@@H]1C[C@@H]2CC[C@@H]2C1)N1CC[C@H]2CCC[C@]21C(=O)NC1(C2CCC2)CC1,"(1R,5R)-2-(((1R,3R,5S)-bicyclo[3.2.0]heptan-3-yl)carbonyl)-N-(1-cyclobutylcyclopropyl)-2-azabicyclo[3.3.0]octane-1-carboxamide",,O=C(C1C[C@H]2CC[C@H]2C1)N1CC[C@H]2CCC[C@]21C(=O)NC1(C2CCC2)CC1,
81016,CNc1cc(Cl)ccc1C(=O)N[C@H]1[C@@H]2CN(C(=O)C3CN(C(N)=O)C3)C[C@@H]21,"N-((1R,5S,6S)-3-((1-((amino)carbonyl)-azetidin-3-yl)carbonyl)-3-azabicyclo[3.1.0]hexan-6-yl)-4-chloro-2-(methylamino)benzamide",,CNc1cc(Cl)ccc1C(=O)N[C@H]1[C@@H]2CN(C(=O)C3CN(C(N)=O)C3)C[C@@H]21,
81024,COC[C@@](C)(O)CC(=O)NC[C@]1(F)C[C@@H](CNC(=O)c2c(Cl)cccc2Cl)C1,"(3S)-N-(((1R,3s)-3-((2,6-dichlorobenzene-1-carboxamido)methyl)-1-fluorocyclobutyl)methyl)-3-hydroxy-4-methoxy-3-methylbutanamide",,COC[C@@](C)(O)CC(=O)NC[C@]1(F)C[C@@H](CNC(=O)c2c(Cl)cccc2Cl)C1,
81030,Cn1ccc(-n2cc([C@@H]3[C@H]4CN(C(=O)C5CCC(=O)CC5)C[C@H]43)nn2)n1,"4-(((1R,5S,6R)-6-(1-(1-methyl-1H-pyrazol-3-yl)-1H-1,2,3-triazol-4-yl)-3-azabicyclo[3.1.0]hexan-3-yl)carbonyl)cyclohexanone",,Cn1ccc(-n2cc([C@H]3[C@@H]4CN(C(=O)C5CCC(=O)CC5)C[C@@H]43)nn2)n1,
81031,Cc1c(C(=O)N[C@H]2[C@@H]3CN(C(=O)[C@H]4CCC(=O)N4C)C[C@@H]32)c(Cl)nn1C,"3-chloro-1,5-dimethyl-N-((1R,5S,6S)-3-(((2R)-1-methyl-5-oxopyrrolidin-2-yl)carbonyl)-3-azabicyclo[3.1.0]hexan-6-yl)-1H-pyrazole-4-carboxamide",,Cc1c(C(=O)N[C@H]2[C@@H]3CN(C(=O)C4CCC(=O)N4C)C[C@@H]32)c(Cl)nn1C,
81077,Cc1ccc(CC(=O)N2C[C@H]3[C@@H](C2)[C@@H]3C(=O)NC[C@@H](C)[C@@H](C)O)s1,"(1R,5S,6R)-N-((2R,3R)-3-hydroxy-2-methylbutyl)-3-(2-(5-methylthiophen-2-yl)-acetyl)-3-azabicyclo[3.1.0]hexane-6-carboxamide",,Cc1ccc(CC(=O)N2C[C@@H]3C(C(=O)NC[C@@H](C)[C@@H](C)O)[C@@H]3C2)s1,
81113,O=C(CN1CCSCC1)N[C@@H]1[C@@H]2CN(C(=O)c3csc(C(F)(F)F)n3)C[C@@H]21,"2-(thiomorpholin-4-yl)-N-((1R,5S,6R)-3-((2-(trifluoromethyl)thiazol-4-yl)carbonyl)-3-azabicyclo[3.1.0]hexan-6-yl)acetamide",,O=C(CN1CCSCC1)N[C@@H]1[C@@H]2CN(C(=O)c3csc(C(F)(F)F)n3)C[C@@H]21,
81127,O=C(CC1CCN(C(=O)c2csnc2Cl)CC1)NC[C@H]1C[C@@H]2CCC[C@@H]2C1,"N-(((1R,3S,5S)-bicyclo[3.3.0]octan-3-yl)methyl)-2-(1-((3-chloroisothiazol-4-yl)carbonyl)piperidin-4-yl)acetamide",,O=C(CC1CCN(C(=O)c2csnc2Cl)CC1)NC[C@@H]1C[C@H]2CCC[C@H]2C1,
81203,O=C(N[C@H]1C[C@@H]2CN(C(=O)c3ccc(Cl)cc3)C[C@@H]2C1)c1coc2c1CSC2,"N-((1R,5S,7S)-3-((4-chlorophenyl)carbonyl)-3-azabicyclo[3.3.0]octan-7-yl)-2-oxa-7-thiabicyclo[3.3.0]octa-1(5),3-diene-4-carboxamide",,O=C(N[C@H]1C[C@@H]2CN(C(=O)c3ccc(Cl)cc3)C[C@@H]2C1)c1coc2c1CSC2,
81272,CO[C@H]1C[C@H](NCCC(=O)Nc2ccc(Oc3ccccc3)cc2)C[C@H]1OC,"3-(((1S,3R,4S)-3,4-dimethoxycyclopentyl)amino)-N-(4-phenoxyphenyl)propanamide",,CO[C@H]1C[C@H](NCCC(=O)Nc2ccc(Oc3ccccc3)cc2)C[C@H]1OC,
81281,Cc1nn2cccnc2c1C(=O)N[C@H]1C[C@@](F)(CNC(=O)c2ccco2)C1,"N-((1S,3s)-3-fluoro-3-((furan-2-carboxamido)methyl)cyclobutyl)-8-methyl-1,5,9-triazabicyclo[4.3.0]nona-2,4,6,8-tetraene-7-carboxamide",,Cc1nn2cccnc2c1C(=O)N[C@H]1C[C@@](F)(CNC(=O)c2ccco2)C1,
81340,Cc1nccnc1C(=O)NC[C@]12CCCC[C@@H]1N(C(=O)[C@@H]1[C@H]3COC[C@H]31)CCC2,"3-methyl-N-(((1S,6R)-2-(((1R,5S,6R)-3-oxabicyclo[3.1.0]hexan-6-yl)carbonyl)-2-azabicyclo[4.4.0]decan-6-yl)methyl)pyrazine-2-carboxamide",,Cc1nccnc1C(=O)NC[C@]12CCCC[C@@H]1N(C(=O)C1[C@H]3COC[C@@H]13)CCC2,
81365,C[C@@H](C(=O)N(C)[C@H]1CN(C(=O)[C@H]2C[C@@](F)(CO)C2)CC12CC2)c1ccc(Cl)s1,"(2S)-2-(5-chlorothiophen-2-yl)-N-((7R)-5-(((1S,3s)-3-fluoro-3-(hydroxymethyl)cyclobutyl)carbonyl)-5-azaspiro[2.4]heptan-7-yl)-N-methylpropanamide",,CC(C(=O)N(C)[C@H]1CN(C(=O)C2CC(F)(CO)C2)CC12CC2)c1ccc(Cl)s1,
81368,COCCCOCC(=O)N1[C@H]2CC[C@H]1CC(C[C@@H](C)NC(=O)[C@H]1[C@@H](C)[C@H]1C)C2,"(1S,2R,3S)-N-((2R)-1-((1S,5S)-8-(2-((3-methoxypropyl)oxy)-acetyl)-8-azabicyclo[3.2.1]octan-3-yl)propan-2-yl)-2,3-dimethylcyclopropanecarboxamide",,COCCCOCC(=O)N1[C@H]2CC[C@H]1CC(C[C@@H](C)NC(=O)C1[C@@H](C)[C@H]1C)C2,
81414,COC1(CCNC(=O)[C@H](C)Sc2ccccn2)CN(C(=O)[C@@H]2[C@H]3CCCC[C@H]32)C1,"(2S)-N-(2-(1-(((1R,6S,7R)-bicyclo[4.1.0]heptan-7-yl)carbonyl)-3-methoxy-azetidin-3-yl)ethyl)-2-((pyridin-2-yl)sulfanyl)propanamide",,COC1(CCNC(=O)C(C)Sc2ccccn2)CN(C(=O)C2[C@H]3CCCC[C@@H]23)C1,
81496,Cc1ccc(C(=O)N[C@H]2C[C@](C)(NC(=O)[C@H](F)n3ccnc3)C2)cc1Br,"3-bromo-N-((1S,3s)-3-((2S)-2-fluoro-2-(1H-imidazol-1-yl)acetamido)-3-methylcyclobutyl)-4-methylbenzene-1-carboxamide",,Cc1ccc(C(=O)N[C@H]2C[C@](C)(NC(=O)C(F)n3ccnc3)C2)cc1Br,
81497,COc1ccc(/C=C/C(=O)N(C)CC(C)(C)NC(=O)C2=C[C@H]3CCC[C@@H]23)cc1Cl,"(2E)-N-(2-((1S,5R)-bicyclo[3.2.0]hept-6-ene-6-carboxamido)-2-methylpropyl)-3-(3-chloro-4-methoxyphenyl)-N-methylprop-2-enamide",[C@H]12CCC[C@H]2C(=C1)C(=O)NC(CN(C(\C=C\C1=CC(=C(C=C1)OC)Cl)=O)C)(C)C,COc1ccc(/C=C/C(=O)N(C)CC(C)(C)NC(=O)C2=C[C@H]3CCC[C@@H]23)cc1Cl,COc1ccc(/C=C/C(=O)N(C)CC(C)(C)NC(=O)C2=C[C@@H]3CCC[C@@H]23)cc1Cl
81531,N=c1nc(CC(=O)NC[C@]2(F)C[C@H](CNC(=O)CCCc3ccsc3)C2)[nH][nH]1,"N-(((1S,3s)-3-fluoro-3-((2-(5-imino-1,2,4-triazacyclopent-3-en-3-yl)acetamido)methyl)cyclobutyl)methyl)-4-(thiophen-3-yl)butanamide",,Nc1n[nH]c(CC(=O)NC[C@]2(F)C[C@H](CNC(=O)CCCc3ccsc3)C2)n1,
81596,Cc1ncncc1C(=O)N[C@H]1C[C@]2(CCCCN2C(=O)C2CC3(CC3)C2)C1,4-methyl-N-(5-((spiro[2.3]hexan-5-yl)carbonyl)-5-azaspiro[3.5]nonan-2-yl)pyrimidine-5-carboxamide,CC1=NC=NC=C1C(=O)NC1CC2(C1)N(CCCC2)C(=O)C2CC1(CC1)C2,Cc1ncncc1C(=O)N[C@H]1C[C@]2(CCCCN2C(=O)C2CC3(CC3)C2)C1,Cc1ncncc1C(=O)NC1CC2(CCCCN2C(=O)C2CC3(CC3)C2)C1
81609,COc1cc(C#N)ccc1CNC(=O)N[C@H]1[C@H]2CC3C[C@H]1C[C@@](O)(C3)C2,"1-(((1S,3S)-5-hydroxyadamantan-2-yl)amino)-N-((2-methoxy-4-(nitrilomethyl)phenyl)methyl)formamide",OC12C[C@H]3C([C@@H](CC(C1)C3)C2)NC(=O)NCC2=C(C=C(C=C2)C#N)OC,COc1cc(C#N)ccc1CNC(=O)N[C@H]1[C@H]2CC3C[C@H]1C[C@@](O)(C3)C2,COc1cc(C#N)ccc1CNC(=O)NC1[C@H]2CC3C[C@H]1CC(O)(C3)C2
81642,C=CCOCC(=O)N1C[C@H]2[C@H](CN(C)C(=O)C3CC4(CC(=C)C4)C3)[C@H]2C1,"N-methyl-6-methylidene-N-(((1R,5S,6S)-3-(1-oxo-2-((prop-2-en-1-yl)oxy)ethyl)-3-azabicyclo[3.1.0]hexan-6-yl)methyl)spiro[3.3]heptane-2-carboxamide",,C=CCOCC(=O)N1C[C@@H]2[C@@H](CN(C)C(=O)C3CC4(CC(=C)C4)C3)[C@@H]2C1,
81671,CC(C)n1nnnc1[C@H](NC[C@@H]1C[C@H]2[C@@H](C1)C2(F)F)C1(C)CCCC1,"(1R)-N-(((1R,3R,5S)-6,6-difluorobicyclo[3.1.0]hexan-3-yl)methyl)-1-(1-methylcyclopentyl)-1-(1-(propan-2-yl)-1H-tetrazol-5-yl)methanamine",,CC(C)n1nnnc1[C@H](NC[C@H]1C[C@@H]2[C@H](C1)C2(F)F)C1(C)CCCC1,
81685,CC(C)c1oncc1C(=O)N[C@H]1C[C@H](F)CN(C(=O)[C@]23C[C@H]2[C@H](C)C3)C1,"N-((3S,5S)-5-fluoro-1-(((1R,3R,4S)-3-methylbicyclo[2.1.0]pentan-1-yl)carbonyl)piperidin-3-yl)-5-(propan-2-yl)isoxazole-4-carboxamide",F[C@H]1C[C@@H](CN(C1)C(=O)[C@@]12C[C@H]([C@@H]2C1)C)NC(=O)C=1C=NOC1C(C)C,CC(C)c1oncc1C(=O)N[C@H]1C[C@H](F)CN(C(=O)[C@@]23C[C@@H](C)[C@@H]2C3)C1,CC(C)c1oncc1C(=O)N[C@H]1C[C@H](F)CN(C(=O)[C@]23C[C@@H](C)[C@@H]2C3)C1
81787,CC(C)(O)C1(CNC(=O)c2coc(Br)n2)CN(C(=O)[C@@H]2[C@H]3COC[C@H]32)C1,"2-bromo-N-((3-(2-hydroxypropan-2-yl)-1-(((1R,5S,6R)-3-oxabicyclo[3.1.0]hexan-6-yl)carbonyl)-azetidin-3-yl)methyl)oxazole-4-carboxamide",,CC(C)(O)C1(CNC(=O)c2coc(Br)n2)CN(C(=O)C2[C@H]3COC[C@@H]23)C1,
81874,Cc1ccc(C(=O)N[C@]2(C)C[C@H](C(=O)N[C@H](C)C3CC4(CCC4)C3)C2)cc1C#N,"3-cyano-4-methyl-N-((1S,3r)-1-methyl-3-(((1R)-1-(spiro[3.3]heptan-2-yl)ethyl)carbamoyl)cyclobutyl)benzamide",,Cc1ccc(C(=O)NC2(C)CC(C(=O)N[C@H](C)C3CC4(CCC4)C3)C2)cc1C#N,
81926,CCOCC(=O)N1CCC[C@@](CC)(NC(=O)[C@H]2C[C@@H]3OC(=O)O[C@@H]3C2)C1,"(1R,5S,7S)-N-((3R)-1-(2-ethoxy-acetyl)-3-ethylpiperidin-3-yl)-3-oxo-2,4-dioxabicyclo[3.3.0]octane-7-carboxamide",,CCOCC(=O)N1CCC[C@@](CC)(NC(=O)C2C[C@@H]3OC(=O)O[C@@H]3C2)C1,
81982,CC1(C)[C@H](c2ccccc2F)CCN1C(=O)[C@@H]1[C@H]2CCNCC[C@H]21,"1-((1R,7S,8R)-4-azabicyclo[5.1.0]octan-8-yl)-1-((3S)-3-(2-fluorophenyl)-2,2-dimethylpyrrolidin-1-yl)methanone",,CC1(C)[C@H](c2ccccc2F)CCN1C(=O)C1[C@H]2CCNCC[C@@H]12,
82025,Cc1n[nH]cc1C(=O)N1C[C@H](NC(=O)[C@@H]2C[C@H]3C=CC[C@@H](C3)C2)[C@H]2CCCC[C@@H]21,"(1R,3S,5S)-N-((1R,6S,9R)-7-((3-methyl-1H-pyrazol-4-yl)carbonyl)-7-azabicyclo[4.3.0]nonan-9-yl)bicyclo[3.3.1]non-6-ene-3-carboxamide",CC1=NNC=C1C(=O)N1[C@H]2CCCC[C@@H]2[C@H](C1)NC(=O)[C@H]1C[C@@H]2CC=C[C@H](C1)C2,Cc1[nH]ncc1C(=O)N1C[C@H](NC(=O)C2C[C@H]3C=CC[C@H](C2)C3)[C@H]2CCCC[C@@H]21,Cc1[nH]ncc1C(=O)N1C[C@H](NC(=O)C2C[C@H]3C=CC[C@@H](C2)C3)[C@H]2CCCC[C@@H]21
82032,C[C@@H]1C[C@]2(C(=O)N[C@@H]3C[C@H]3CNC(=O)CNC(=O)/C=C/c3ccccc3)C[C@H]12,"(1S,3R,4R)-3-methyl-N-((1R,2S)-2-((2-((2E)-3-phenylprop-2-enamido)acetamido)methyl)cyclopropyl)bicyclo[2.1.0]pentane-1-carboxamide",C[C@@H]1C[C@]2(C[C@H]12)C(=O)N[C@H]1[C@@H](C1)CNC(CNC(\C=C\C1=CC=CC=C1)=O)=O,C[C@@H]1C[C@]2(C(=O)N[C@@H]3C[C@H]3CNC(=O)C=NC(=O)CCc3ccccc3)C[C@H]12,C[C@@H]1C[C@@]2(C(=O)N[C@@H]3C[C@H]3CNC(=O)C=NC(=O)CCc3ccccc3)C[C@H]12
82053,Cc1cnccc1[C@H](C)C(=O)N(C)CCCNC(=O)[C@H]1C[C@@H]2CC[C@H](C1)[C@H]2O,"(2S)-N-(3-((1R,3S,5S,8S)-8-hydroxybicyclo[3.2.1]octane-3-carboxamido)propyl)-N-methyl-2-(3-methylpyridin-4-yl)propanamide",,Cc1cnccc1C(C)C(=O)N(C)CCCNC(=O)C1C[C@H]2CC[C@@H](C1)[C@@H]2O,
82055,C=C[C@@H]1CC[C@H]1C(=O)N[C@H]1C[C@@H]2C[C@H](C1)CN(C(=O)c1n[nH]c(C)n1)C2,"(1R,2S)-2-ethenyl-N-((1R,5S,7S)-3-((5-methyl-1H-1,2,4-triazol-3-yl)carbonyl)-3-azabicyclo[3.3.1]nonan-7-yl)cyclobutanecarboxamide",,C=C[C@@H]1CCC1C(=O)N[C@@H]1C[C@H]2C[C@@H](C1)CN(C(=O)c1n[nH]c(C)n1)C2,
82100,C[C@H](CN)C(=O)N1CCC[C@]12CCCN(C(=O)c1c(Cl)ccc(Cl)c1O)CC2,"(2R)-2-(aminomethyl)-1-((5S)-8-((3,6-dichloro-2-hydroxyphenyl)carbonyl)-1,8-diazaspiro[4.6]undecan-1-yl)propan-1-one",NC[C@H](C(=O)N1CCC[C@]12CCN(CCC2)C(=O)C2=C(C(=CC=C2Cl)Cl)O)C,CC(CN)C(=O)N1CCC[C@]12CCCN(C(=O)c1c(Cl)ccc(Cl)c1O)CC2,CC(CN)C(=O)N1CCC[C@@]12CCCN(C(=O)c1c(Cl)ccc(Cl)c1O)CC2
82109,COC(=O)[C@@]1(C)CCCN1C(=O)[C@@H]1[C@H]2CN(C(=O)Cc3c(F)cccc3F)C[C@H]21,"methyl (2R)-1-(((1R,5S,6R)-3-(2-(2,6-difluorophenyl)-acetyl)-3-azabicyclo[3.1.0]hexan-6-yl)carbonyl)-2-methylpyrrolidine-2-carboxylate",,COC(=O)[C@@]1(C)CCCN1C(=O)C1[C@H]2CN(C(=O)Cc3c(F)cccc3F)C[C@@H]12,
82165,C[C@@H](C(=O)N1CCCC[C@]12C[C@H](NC(=O)c1coc(O)n1)C2)n1ccnc1,2-hydroxy-N-(5-((2S)-2-(1H-imidazol-1-yl)-propionyl)-5-azaspiro[3.5]nonan-2-yl)oxazole-4-carboxamide,OC=1OC=C(N1)C(=O)NC1CC2(C1)N(CCCC2)C([C@H](C)N2C=NC=C2)=O,CC(C(=O)N1CCCC[C@]12C[C@H](NC(=O)c1coc(=O)[nH]1)C2)n1ccnc1,CC(C(=O)N1CCCCC12CC(NC(=O)c1coc(=O)[nH]1)C2)n1ccnc1
82226,CC[C@H](C(=O)N1CCC[C@]12CCCN(C(=O)[C@@H]1CCC=CO1)C2)N(CC)CC,"(2R)-2-(diethylamino)-1-((5S)-7-(((2S)-1-oxacyclohex-5-en-2-yl)carbonyl)-1,7-diazaspiro[4.5]decan-1-yl)butan-1-one",C(C)N([C@@H](C(=O)N1CCC[C@]12CN(CCC2)C(=O)[C@H]2OC=CCC2)CC)CC,CCC(C(=O)N1CCC[C@]12CCCN(C(=O)C1CCC=CO1)C2)N(CC)CC,CCC(C(=O)N1CCC[C@@]12CCCN(C(=O)C1CCC=CO1)C2)N(CC)CC
82247,CC[C@@H](C)[C@@H](C)C(=O)NC[C@@H]1C[C@@H]2CC[C@H](C1)N2C(=O)c1ncc(C)cc1O,"(2R,3R)-N-(((1R,3R,5S)-8-((3-hydroxy-5-methylpyridin-2-yl)carbonyl)-8-azabicyclo[3.2.1]octan-3-yl)methyl)-2,3-dimethylpentanamide",,CC[C@@H](C)C(C)C(=O)NC[C@H]1C[C@H]2CC[C@@H](C1)N2C(=O)c1ncc(C)cc1O,
82282,C=C(Cl)CCC(=O)N[C@H]1C[C@@](F)(CNC(=O)C=Cc2scnc2C)C1,"4-chloro-N-((1R,3r)-3-fluoro-3-((3-(4-methylthiazol-5-yl)prop-2-enamido)methyl)cyclobutyl)pent-4-enamide",,C=C(Cl)CCC(=O)N[C@H]1C[C@@](F)(CNC(=O)C=Cc2scnc2C)C1,
82373,CS(=O)(=O)[C@@H](CNC(=O)c1cc(CCO)on1)CNC(=O)[C@H]1C[C@@H]2CCC[C@@H]2C1,"N-((2R)-3-((1R,3S,5S)-bicyclo[3.3.0]octane-3-carboxamido)-2-(methylsulfonyl)propyl)-5-(2-hydroxyethyl)isoxazole-3-carboxamide",,CS(=O)(=O)[C@@H](CNC(=O)c1cc(CCO)on1)CNC(=O)C1C[C@H]2CCC[C@H]2C1,
82407,C[C@@H](C(=O)N[C@H]1C[C@@](C)(NC(=O)C[C@@H]2CCC(C)(C)O2)C1)N(C)C,"(2S)-2-(dimethylamino)-N-((1S,3r)-3-(2-((2S)-5,5-dimethyloxolan-2-yl)acetamido)-3-methylcyclobutyl)propanamide",,CC(C(=O)N[C@H]1C[C@@](C)(NC(=O)C[C@@H]2CCC(C)(C)O2)C1)N(C)C,
82433,COc1cccc(CN2[C@H]3CC[C@@H]2C[C@@H](NC(=O)c2c(O)cccc2F)C3)c1C,"2-fluoro-6-hydroxy-N-((1R,3S,5S)-8-((3-methoxy-2-methylphenyl)methyl)-8-azabicyclo[3.2.1]octan-3-yl)benzamide",,COc1cccc(CN2[C@@H]3CC[C@H]2C[C@H](NC(=O)c2c(O)cccc2F)C3)c1C,
82443,CC[C@@H]1[C@H](NC(=O)[C@@H]2C[C@@H]3CC[C@@H]3C2)CCCN1C(=O)c1cc(O)n(C)n1,"(1R,3R,5S)-N-((2R,3R)-2-ethyl-1-((5-hydroxy-1-methyl-1H-pyrazol-3-yl)carbonyl)piperidin-3-yl)bicyclo[3.2.0]heptane-3-carboxamide",,CC[C@@H]1[C@H](NC(=O)C2C[C@H]3CC[C@H]3C2)CCCN1C(=O)c1cc(=O)n(C)[nH]1,
82553,O=C([C@@H]1CCCN1C(=O)c1ccccc1)N1CCN(C(=O)[C@@H]2[C@H]3CCC[C@H]32)CC1,"1-(4-(((1R,5S,6R)-bicyclo[3.1.0]hexan-6-yl)carbonyl)piperazin-1-yl)-1-((2S)-1-((phenyl)carbonyl)pyrrolidin-2-yl)methanone",,O=C(C1[C@H]2CCC[C@@H]12)N1CCN(C(=O)C2CCCN2C(=O)c2ccccc2)CC1,
82627,O=C(c1cnc(O)c(Cl)c1)N1CCC[C@]2(CCCN2C(=O)[C@H](O)CC2CC2)C1,"(2R)-1-((5S)-7-((5-chloro-6-hydroxypyridin-3-yl)carbonyl)-1,7-diazaspiro[4.5]decan-1-yl)-3-cyclopropyl-2-hydroxypropan-1-one",ClC=1C=C(C=NC1O)C(=O)N1C[C@]2(CCCN2C([C@@H](CC2CC2)O)=O)CCC1,O=C(c1c[nH]c(=O)c(Cl)c1)N1CCC[C@]2(CCCN2C(=O)C(O)CC2CC2)C1,O=C(c1c[nH]c(=O)c(Cl)c1)N1CCC[C@@]2(CCCN2C(=O)C(O)CC2CC2)C1
82669,CNC1(C(=O)N[C@@H]2C[C@H]3[C@@H](C2)C3(F)F)CCC1,"N-((1R,3R,5S)-6,6-difluorobicyclo[3.1.0]hexan-3-yl)-1-(methylamino)cyclobutanecarboxamide",,CNC1(C(=O)N[C@H]2C[C@@H]3[C@H](C2)C3(F)F)CCC1,
82708,CSCC12CC(C(=O)N3[C@H]4CC[C@@H]3C[C@@H](NC(=O)[C@H]3CC[C@H]3C)C4)(CO1)C2,"(1S,2R)-2-methyl-N-((1R,3S,5S)-8-((1-((methylsulfanyl)methyl)-2-oxabicyclo[2.1.1]hexan-4-yl)carbonyl)-8-azabicyclo[3.2.1]octan-3-yl)cyclobutanecarboxamide",,CSCC12CC(C(=O)N3[C@@H]4CC[C@H]3C[C@H](NC(=O)C3CC[C@H]3C)C4)(CO1)C2,
82743,CN(CC1CN(C(=O)C(F)(F)C(F)F)C1)C(=O)C1=C[C@@H]2CCC[C@H]12,"(1R,5S)-N-methyl-N-((1-(2,2,3,3-tetrafluoro-propionyl)-azetidin-3-yl)methyl)bicyclo[3.2.0]hept-6-ene-6-carboxamide",CN(C(=O)C=1[C@H]2CCC[C@@H]2C1)CC1CN(C1)C(C(C(F)F)(F)F)=O,CN(CC1CN(C(=O)C(F)(F)C(F)F)C1)C(=O)C1=C[C@@H]2CCC[C@H]12,CN(CC1CN(C(=O)C(F)(F)C(F)F)C1)C(=O)C1=C[C@H]2CCC[C@H]12
82757,CC[C@H](C)[C@H](NC(=O)C[C@H]1NC(=O)NC1=O)C(=O)N[C@@H]1[C@H]2COC[C@H]21,"(2S,3S)-2-(2-((5R)-2,4-dioxoimidazolidin-5-yl)acetamido)-3-methyl-N-((1R,5S,6R)-3-oxabicyclo[3.1.0]hexan-6-yl)pentanamide",,CC[C@H](C)C(NC(=O)Cc1[nH]c(=O)[nH]c1O)C(=O)N[C@H]1[C@@H]2COC[C@@H]21,
82840,COC(=O)c1ccnc(NC[C@H]2CCCN2C(=O)[C@@H]2C[C@@H]3C[C@@H]3C2)n1,"methyl 2-((((2R)-1-(((1R,3R,5S)-bicyclo[3.1.0]hexan-3-yl)carbonyl)pyrrolidin-2-yl)methyl)amino)pyrimidine-4-carboxylate",,COC(=O)c1ccnc(NC[C@H]2CCCN2C(=O)C2C[C@@H]3C[C@@H]3C2)n1,
82921,C[C@H]1C[C@@H](C(=O)N2C[C@@H]3[C@@H](C[C@H]3NC(=O)C3=CCCCC3)C2)C[C@@H](C)O1,"N-((1R,5S,6R)-3-(((2R,4R,6S)-2,6-dimethyl-oxan-4-yl)carbonyl)-3-azabicyclo[3.2.0]heptan-6-yl)cyclohex-1-ene-1-carboxamide",,C[C@@H]1CC(C(=O)N2C[C@@H]3C[C@@H](NC(=O)C4=CCCCC4)[C@@H]3C2)C[C@H](C)O1,
82941,Cc1cc2sc(C(=O)NC[C@H]3C[C@@](F)(CNC(=O)[C@H](C)OCC4CC4)C3)cc2s1,"N-(((1S,3s)-3-(((2S)-2-(cyclopropylmethoxy)propanamido)methyl)-3-fluorocyclobutyl)methyl)-7-methyl-2,6-dithiabicyclo[3.3.0]octa-1(5),3,7-triene-3-carboxamide",,Cc1cc2sc(C(=O)NC[C@H]3C[C@@](F)(CNC(=O)C(C)OCC4CC4)C3)cc2s1,
82982,CCc1nc(C(=O)N2CCN(C(=O)CC[C@@H]3C[C@H]3CC3CC3)C[C@@H]2COC)co1,"3-((1R,2R)-2-(cyclopropylmethyl)cyclopropyl)-1-((3R)-4-((2-ethyloxazol-4-yl)carbonyl)-3-(methoxymethyl)piperazin-1-yl)propan-1-one",C1(CC1)C[C@@H]1[C@@H](C1)CCC(=O)N1C[C@@H](N(CC1)C(=O)C=1N=C(OC1)CC)COC,CCc1nc(C(=O)N2CCN(C(=O)CC[C@@H]3C[C@H]3CC3CC3)C[C@@H]2COC)co1,CCc1nc(C(=O)N2CCN(C(=O)CC[C@@H]3C[C@@H]3CC3CC3)C[C@@H]2COC)co1
82998,C[C@H](Cc1ccncc1)C(=O)N[C@H]1C=CCN(C(=O)[C@H]2C[C@H]3C=CC[C@@H](C3)C2)C1,"(2R)-N-((3S)-1-(((1R,3R,5S)-bicyclo[3.3.1]non-6-en-3-yl)carbonyl)-1-azacyclohex-4-en-3-yl)-2-((pyridin-4-yl)methyl)propanamide",[C@@H]12C[C@H](C[C@@H](C=CC1)C2)C(=O)N2C[C@H](C=CC2)NC([C@H](C)CC2=CC=NC=C2)=O,CC(Cc1ccncc1)C(=O)N[C@H]1C=CCN(C(=O)C2C[C@H]3C=CC[C@H](C2)C3)C1,CC(Cc1ccncc1)C(=O)N[C@H]1C=CCN(C(=O)C2C[C@H]3C=CC[C@@H](C2)C3)C1
83083,COc1ccccc1[C@H](CNC(=O)C1CC(Cl)(Cl)C1)NC(=O)[C@]1(C)C[C@@H](C#N)C1,"3,3-dichloro-N-((2R)-2-(3-cyano-1-methylcyclobutanecarboxamido)-2-(2-methoxyphenyl)ethyl)cyclobutanecarboxamide",ClC1(CC(C1)C(=O)NC[C@@H](C1=C(C=CC=C1)OC)NC(=O)C1(CC(C1)C#N)C)Cl,COc1ccccc1[C@H](CNC(=O)C1CC(Cl)(Cl)C1)NC(=O)[C@]1(C)C[C@@H](C#N)C1,COc1ccccc1[C@H](CNC(=O)C1CC(Cl)(Cl)C1)NC(=O)C1(C)CC(C#N)C1
83121,CC[C@@H](O)CC(=O)N1C[C@H]2[C@H](CC(=O)NC[C@@H]3OC(=O)CC3(C)C)[C@H]2C1,"N-(((2R)-3,3-dimethyl-5-oxooxolan-2-yl)methyl)-2-((1R,5S,6S)-3-((3R)-3-hydroxy-pentanoyl)-3-azabicyclo[3.1.0]hexan-6-yl)acetamide",,CC[C@@H](O)CC(=O)N1C[C@@H]2[C@@H](CC(=O)NC[C@@H]3OC(=O)CC3(C)C)[C@@H]2C1,
83154,CCOC1(C(=O)N2C[C@H]3[C@H](CN(C)C(=O)CC=C(Cl)Cl)[C@H]3C2)CCSCC1,"4,4-dichloro-N-(((1R,5S,6S)-3-((4-ethoxy-thian-4-yl)carbonyl)-3-azabicyclo[3.1.0]hexan-6-yl)methyl)-N-methylbut-3-enamide",,CCOC1(C(=O)N2C[C@@H]3[C@@H](CN(C)C(=O)CC=C(Cl)Cl)[C@@H]3C2)CCSCC1,
83211,COc1c(C(=O)N2CCO[C@]3(CC[C@@H](NC(=O)/C(Cl)=C/Cl)CC3)C2)ccnc1F,"(2Z)-2,3-dichloro-N-(4-((2-fluoro-3-methoxypyridin-4-yl)carbonyl)-1-oxa-4-azaspiro[5.5]undecan-9-yl)prop-2-enamide",Cl\C(\C(=O)NC1CCC2(CN(CCO2)C(=O)C2=C(C(=NC=C2)F)OC)CC1)=C/Cl,COc1c(C(=O)N2CCO[C@]3(CC[C@@H](NC(=O)/C(Cl)=C/Cl)CC3)C2)ccnc1F,COc1c(C(=O)N2CCOC3(CCC(NC(=O)/C(Cl)=C/Cl)CC3)C2)ccnc1F
83252,CN1CC[C@@H](C(=O)N[C@H]2C[C@](F)(CNC(=O)Cc3ccc(O)cc3)C2)C1=O,"(3S)-N-((1R,3s)-3-fluoro-3-((2-(4-hydroxyphenyl)acetamido)methyl)cyclobutyl)-1-methyl-2-oxopyrrolidine-3-carboxamide",,CN1CCC(C(=O)N[C@H]2C[C@](F)(CNC(=O)Cc3ccc(O)cc3)C2)C1=O,
83323,CCn1nccc1C(=O)N(C)[C@H]1[C@@H]2CN(C(=O)CS(=O)(=O)C3CC3)C[C@@H]21,"N-((1R,5S,6S)-3-(2-(cyclopropylsulfonyl)-acetyl)-3-azabicyclo[3.1.0]hexan-6-yl)-1-ethyl-N-methyl-1H-pyrazole-5-carboxamide",,CCn1nccc1C(=O)N(C)[C@H]1[C@@H]2CN(C(=O)CS(=O)(=O)C3CC3)C[C@@H]21,
83347,C[C@H]1C[C@@H](C)C[C@H](C(=O)N2CC[C@H](C3CC3)[C@H]2CNC(=O)C[C@H](C)C(F)F)C1,"(3S)-N-(((2S,3R)-3-cyclopropyl-1-(((1R,3R,5S)-3,5-dimethylcyclohexyl)carbonyl)pyrrolidin-2-yl)methyl)-3-(difluoromethyl)butanamide",,C[C@@H]1CC(C(=O)N2CC[C@H](C3CC3)[C@H]2CNC(=O)C[C@H](C)C(F)F)C[C@H](C)C1,
83460,O=C(NC[C@H]1[C@@H]2CN(C(=O)C3=C(Cl)CCOC3)C[C@H]12)c1cc(Cl)ncc1O,"2-chloro-N-(((1R,5S,6S)-3-((4-chloro-1-oxacyclohex-3-en-3-yl)carbonyl)-3-azabicyclo[3.1.0]hexan-6-yl)methyl)-5-hydroxypyridine-4-carboxamide",,O=C(NC[C@@H]1[C@H]2CN(C(=O)C3=C(Cl)CCOC3)C[C@@H]12)c1cc(Cl)ncc1O,
83503,C[C@H]1C[C@@H](C)C[C@H](C(=O)NCc2ccccc2CNC(=O)CCCNC(N)=O)C1,"(1R,3R,5S)-N-((2-((4-(carbamoylamino)butanamido)methyl)phenyl)methyl)-3,5-dimethylcyclohexanecarboxamide",,C[C@@H]1CC(C(=O)NCc2ccccc2CNC(=O)CCCNC(N)=O)C[C@H](C)C1,
83507,COCC1(C(=O)N[C@H]2C[C@@](C)(NC(=O)c3nn(C)c4ccc(F)cc34)C2)COC1,"5-fluoro-N-((1S,3r)-3-(3-(methoxymethyl)-1-oxacyclobutane-3-carboxamido)-1-methylcyclobutyl)-1-methyl-1H-indazole-3-carboxamide",,COCC1(C(=O)N[C@H]2C[C@@](C)(NC(=O)c3nn(C)c4ccc(F)cc34)C2)COC1,
83513,CCc1nnc2n1CCC[C@H]2C(=O)OC[C@@H]1C[C@H]2[C@@H](C1)C2(F)F,"((1R,3R,5S)-6,6-difluorobicyclo[3.1.0]hexan-3-yl)methyl (5R)-9-ethyl-1,7,8-triazabicyclo[4.3.0]nona-6,8-diene-5-carboxylate",,CCc1nnc2n1CCCC2C(=O)OC[C@H]1C[C@@H]2[C@H](C1)C2(F)F,
83521,C[C@]1(CO)CCN(C(=O)[C@H]2[C@H]3CN(C(=O)C4CCC(O)CC4)C[C@H]32)C1,"1-((1R,5S,6S)-3-((4-hydroxycyclohexyl)carbonyl)-3-azabicyclo[3.1.0]hexan-6-yl)-1-((3S)-3-(hydroxymethyl)-3-methylpyrrolidin-1-yl)methanone",,C[C@]1(CO)CCN(C(=O)C2[C@H]3CN(C(=O)C4CCC(O)CC4)C[C@@H]23)C1,
83611,Cc1nc(C(=O)NC[C@]2(C)CN(C(=O)[C@H]3C[C@@H]4CC[C@H](C3)[C@H]4O)CCO2)cs1,"N-(((2R)-4-(((1R,3S,5S,8S)-8-hydroxybicyclo[3.2.1]octan-3-yl)carbonyl)-2-methylmorpholin-2-yl)methyl)-2-methylthiazole-4-carboxamide",,Cc1nc(C(=O)NC[C@]2(C)CN(C(=O)C3C[C@H]4CC[C@@H](C3)[C@@H]4O)CCO2)cs1,
83617,CN1CC(C(=O)N[C@]2(C)C[C@H](NC(=O)c3ccc([N+](=O)[O-])cc3Br)C2)C1,"N-((1R,3s)-3-(2-bromo-4-nitrobenzene-1-carboxamido)-1-methylcyclobutyl)-1-methylazetidine-3-carboxamide",,CN1CC(C(=O)N[C@]2(C)C[C@H](NC(=O)c3ccc([N+](=O)[O-])cc3Br)C2)C1,
83746,O=C(N[C@@H]1C=CCN(C(=O)C2(O)CCC2)C1)[C@@H]1C[C@@H]2CC[C@H](C1)C2(F)F,"(1R,3R,5S)-8,8-difluoro-N-((3R)-1-((1-hydroxycyclobutyl)carbonyl)-1-azacyclohex-4-en-3-yl)bicyclo[3.2.1]octane-3-carboxamide",,O=C(N[C@@H]1C=CCN(C(=O)C2(O)CCC2)C1)C1C[C@H]2CC[C@@H](C1)C2(F)F,
83769,COC(=O)[C@H]1CC[C@H]1CNC(=O)[C@]1(NC(=O)[C@@H]2CCC[C@@H](C#N)C2)C[C@@H](O)C1,"methyl (1S,2R)-2-((1-((1R,3R)-3-cyanocyclohexanecarboxamido)-3-hydroxycyclobutanecarboxamido)methyl)cyclobutanecarboxylate",C(#N)[C@H]1C[C@@H](CCC1)C(=O)NC1(CC(C1)O)C(=O)NC[C@H]1[C@H](CC1)C(=O)OC,COC(=O)C1CC[C@H]1CNC(=O)[C@]1(NC(=O)C2CCC[C@@H](C#N)C2)C[C@@H](O)C1,COC(=O)C1CC[C@H]1CNC(=O)C1(NC(=O)C2CCC[C@@H](C#N)C2)CC(O)C1
83807,COC(=O)c1sc(N2C[C@H]3[C@H](CNC(=O)c4cc5c(s4)CCC5)[C@H]3C2)nc1Cl,"methyl 4-chloro-2-((1R,5S,6S)-6-((2-thiabicyclo[3.3.0]octa-1(5),3-diene-3-carboxamido)methyl)-3-azabicyclo[3.1.0]hexan-3-yl)thiazole-5-carboxylate",,COC(=O)c1sc(N2C[C@@H]3[C@@H](CNC(=O)c4cc5c(s4)CCC5)[C@@H]3C2)nc1Cl,
83822,C=C(C)C[C@H](NC(C)=O)C(=O)NC[C@]1(F)C[C@H](NC(=O)c2c(C)cc[nH]c2=N)C1,"(2S)-2-acetamido-N-(((1S,3s)-1-fluoro-3-(2-imino-4-methyl-1-azacyclohexa-3,5-diene-3-carboxamido)cyclobutyl)methyl)-4-methylpent-4-enamide",,C=C(C)CC(NC(C)=O)C(=O)NC[C@]1(F)C[C@H](NC(=O)c2c(C)ccnc2N)C1,
83825,Cc1nc(C(=O)N(C)C)ccc1C(=O)N1C[C@H]2[C@H](NC(=O)[C@H](C)C(C)(C)C)[C@H]2C1,"6,N,N-trimethyl-5-(((1R,5S,6S)-6-((2R)-2,3,3-trimethylbutanamido)-3-azabicyclo[3.1.0]hexan-3-yl)carbonyl)pyridine-2-carboxamide",,Cc1nc(C(=O)N(C)C)ccc1C(=O)N1C[C@@H]2[C@H](C1)[C@H]2NC(=O)C(C)C(C)(C)C,
83892,CCCCCC[C@@H](F)C(=O)N[C@H]1C[C@@H]2CC[C@H](C1)N2C(=O)C1=CCCC(C)(C)C1,"(2R)-N-((1R,3S,5S)-8-((5,5-dimethylcyclohex-1-en-1-yl)carbonyl)-8-azabicyclo[3.2.1]octan-3-yl)-2-fluorooctanamide",,CCCCCCC(F)C(=O)N[C@@H]1C[C@H]2CC[C@@H](C1)N2C(=O)C1=CCCC(C)(C)C1,
83969,Cc1cccc(C(=O)N2[C@H]3CC[C@@H]2C[C@H](NC(=O)[C@@H]2[C@@H](C)[C@H]2C)[C@H]3F)c1O,"(1R,2R,3S)-N-((1S,2R,3S,5R)-2-fluoro-8-((2-hydroxy-3-methylphenyl)carbonyl)-8-azabicyclo[3.2.1]octan-3-yl)-2,3-dimethylcyclopropanecarboxamide",,Cc1cccc(C(=O)N2[C@@H]3CC[C@H]2[C@H](F)[C@@H](NC(=O)C2[C@@H](C)[C@H]2C)C3)c1O,
83983,COc1cccc(C(=O)NC[C@@]23CCC[C@@H](CN2C(=O)CC2C[C@@H]4C[C@H]4C2)C3)n1,"N-(((1R,5S)-6-(2-((1R,5R)-bicyclo[3.1.0]hexan-3-yl)-acetyl)-6-azabicyclo[3.2.1]octan-5-yl)methyl)-6-methoxypyridine-2-carboxamide",[C@H]12CC(C[C@H]2C1)CC(=O)N1[C@]2(CCC[C@@H](C1)C2)CNC(=O)C2=NC(=CC=C2)OC,COc1cccc(C(=O)NC[C@@]23CCC[C@@H](CN2C(=O)CC2C[C@@H]4C[C@H]4C2)C3)n1,COc1cccc(C(=O)NC[C@@]23CCC[C@@H](CN2C(=O)CC2C[C@H]4C[C@@H]4C2)C3)n1
83992,C=CC(C)(C)CC(=O)N1CCC(CC(=O)N2C[C@H]3C[C@@H](O)C[C@H]3C2)CC1,"1-(4-(2-((1R,5S,7R)-7-hydroxy-3-azabicyclo[3.3.0]octan-3-yl)-2-oxoethyl)piperidin-1-yl)-3,3-dimethylpent-4-en-1-one",,C=CC(C)(C)CC(=O)N1CCC(CC(=O)N2C[C@H]3C[C@@H](O)C[C@H]3C2)CC1,
84056,Cc1nc([N+](=O)[O-])cn1CC(=O)NC[C@]1(F)C[C@@H](NC(=O)C[C@H]2COCCO2)C1,"N-(((1R,3s)-3-(2-((2S)-1,4-dioxan-2-yl)acetamido)-1-fluorocyclobutyl)methyl)-2-(2-methyl-4-nitro-1H-imidazol-1-yl)acetamide",,Cc1nc([N+](=O)[O-])cn1CC(=O)NC[C@]1(F)C[C@@H](NC(=O)C[C@H]2COCCO2)C1,
84073,CC(=O)N[C@H]1C[C@](O)(C2CCN(C(=O)Cn3nnc(-c4ccccc4)n3)CC2)C1,"N-((1R,3s)-3-hydroxy-3-(1-(1-oxo-2-(5-phenyl-2H-tetrazol-2-yl)ethyl)piperidin-4-yl)cyclobutyl)acetamide",,CC(=O)N[C@H]1C[C@](O)(C2CCN(C(=O)Cn3nnc(-c4ccccc4)n3)CC2)C1,
84129,O=C(N[C@H]1C[C@](F)(CNc2ncnc(O)c2Br)C1)c1cnc(Cl)cc1Cl,"N-((1S,3r)-3-(((5-bromo-6-hydroxypyrimidin-4-yl)amino)methyl)-3-fluorocyclobutyl)-4,6-dichloropyridine-3-carboxamide",,O=C(N[C@H]1C[C@](F)(CNc2[nH]cnc(=O)c2Br)C1)c1cnc(Cl)cc1Cl,
84184,C[C@H](CCNC(=O)[C@@H]1C[C@@H]2CC[C@H](C1)C2(F)F)NC(=O)c1cnc(N(C)C)cn1,"N-((2R)-4-((1R,3R,5S)-8,8-difluorobicyclo[3.2.1]octane-3-carboxamido)butan-2-yl)-5-(dimethylamino)pyrazine-2-carboxamide",,C[C@H](CCNC(=O)C1C[C@H]2CC[C@@H](C1)C2(F)F)NC(=O)c1cnc(N(C)C)cn1,
84239,C[C@@H]1[C@H](C(=O)NCCOCCCN(C)C(=O)c2ccc(CN(C)C)[nH]2)[C@@H]1C,"5-((dimethylamino)methyl)-N-(3-((2-((1S,2R,3S)-2,3-dimethylcyclopropanecarboxamido)ethyl)oxy)propyl)-N-methyl-1H-pyrrole-2-carboxamide",,C[C@@H]1C(C(=O)NCCOCCCN(C)C(=O)c2ccc(CN(C)C)[nH]2)[C@@H]1C,
84258,CC[C@@H](CN(C)C(=O)C=Cc1cscn1)NC(=O)[C@H]1C[C@@H]2C[C@H](C1)CC(F)(F)C2,"N-((2S)-2-((1R,3S,5S)-7,7-difluorobicyclo[3.3.1]nonane-3-carboxamido)butyl)-N-methyl-3-(thiazol-4-yl)prop-2-enamide",,CC[C@@H](CN(C)C(=O)C=Cc1cscn1)NC(=O)C1C[C@@H]2C[C@H](C1)CC(F)(F)C2,
84288,N#C[C@@H]1C[C@H]1C(=O)NC[C@]1(F)C[C@@H](NC(=O)CSCCCc2ccccc2)C1,"(1R,2R)-2-cyano-N-(((1R,3s)-1-fluoro-3-(2-((3-phenylpropyl)sulfanyl)acetamido)cyclobutyl)methyl)cyclopropanecarboxamide",,N#C[C@@H]1CC1C(=O)NC[C@]1(F)C[C@@H](NC(=O)CSCCCc2ccccc2)C1,
84343,Cc1cc(C(=O)N[C@H]2C[C@@H]3CC[C@H](C2)N3C(=O)[C@@]2(N(C)C)CCCSC2)[nH]c1C,"N-((1R,3S,5S)-8-(((3S)-3-(dimethylamino)-thian-3-yl)carbonyl)-8-azabicyclo[3.2.1]octan-3-yl)-4,5-dimethyl-1H-pyrrole-2-carboxamide",,Cc1cc(C(=O)N[C@@H]2C[C@H]3CC[C@@H](C2)N3C(=O)[C@@]2(N(C)C)CCCSC2)[nH]c1C,
84378,CCN(CC(C)(C)O)C(=O)[C@H](C)[C@@H](C)NC(=O)[C@@H]1[C@H]2CC(=O)C[C@H]21,"(2R,3R)-N-ethyl-N-(2-hydroxy-2-methylpropyl)-2-methyl-3-((1R,5S,6R)-3-oxobicyclo[3.1.0]hexane-6-carboxamido)butanamide",,CCN(CC(C)(C)O)C(=O)C(C)[C@@H](C)NC(=O)C1[C@H]2CC(=O)C[C@@H]12,
84382,Cn1cncc1[C@H](O)C(=O)N[C@@H]1C[C@@H]2CC[C@H](C1)N2C(=O)Cc1c(Cl)cnn1C,"(2S)-N-((1R,3R,5S)-8-(2-(4-chloro-1-methyl-1H-pyrazol-5-yl)-acetyl)-8-azabicyclo[3.2.1]octan-3-yl)-2-hydroxy-2-(1-methyl-1H-imidazol-5-yl)acetamide",,Cn1cncc1C(O)C(=O)N[C@H]1C[C@H]2CC[C@@H](C1)N2C(=O)Cc1c(Cl)cnn1C,
84396,O=C(NCCSCc1cn(-c2ncccc2Br)nn1)[C@@H]1C[C@@H]2CS(=O)(=O)C[C@@H]2C1,"(1R,5S,7R)-N-(2-(((1-(3-bromopyridin-2-yl)-1H-1,2,3-triazol-4-yl)methyl)sulfanyl)ethyl)-3,3-dioxo-3lambda^6-thiabicyclo[3.3.0]octane-7-carboxamide",,O=C(NCCSCc1cn(-c2ncccc2Br)nn1)C1C[C@@H]2CS(=O)(=O)C[C@@H]2C1,
84457,COCC(=O)NCCC(=O)NC[C@]1(F)C[C@@H](NC(=O)[C@@H](C)N2CCNC2=O)C1,"N-(((1S,3r)-1-fluoro-3-((2R)-2-(2-oxoimidazolidin-1-yl)propanamido)cyclobutyl)methyl)-3-(2-methoxyacetamido)propanamide",,COCC(=O)NCCC(=O)NC[C@]1(F)C[C@@H](NC(=O)C(C)N2CCNC2=O)C1,
84470,C[C@H]1C[C@](C)(C(=O)N2CC(N(C)C(=O)C[C@H](C)c3cnn(C)c3)C2)C[C@@H](C)O1,"(3S)-N-methyl-3-(1-methyl-1H-pyrazol-4-yl)-N-(1-(((2R,4S,6S)-2,4,6-trimethyl-oxan-4-yl)carbonyl)-azetidin-3-yl)butanamide",,C[C@@H]1C[C@@](C)(C(=O)N2CC(N(C)C(=O)C[C@H](C)c3cnn(C)c3)C2)C[C@H](C)O1,
84513,CN1CCCCC[C@@H]1C(=O)N1C[C@H]2[C@@H](C1)[C@@H]2C(=O)N1CC[C@H](OCCO)C1,"1-((1R,5S,6R)-6-(((3S)-3-(2-hydroxyethoxy)pyrrolidin-1-yl)carbonyl)-3-azabicyclo[3.1.0]hexan-3-yl)-1-((2R)-1-methyl-1-azacycloheptan-2-yl)methanone",,CN1CCCCCC1C(=O)N1C[C@@H]2C(C(=O)N3CC[C@H](OCCO)C3)[C@@H]2C1,
84518,N#Cc1cc(N2[C@H]3CC[C@@H]2C[C@H](NC(=O)[C@@H]2[C@H]4CCC[C@H]42)C3)ccc1[N+](=O)[O-],"(1R,5S,6R)-N-((1R,3R,5S)-8-(3-(nitrilomethyl)-4-nitrophenyl)-8-azabicyclo[3.2.1]octan-3-yl)bicyclo[3.1.0]hexane-6-carboxamide",,N#Cc1cc(N2[C@@H]3CC[C@H]2C[C@@H](NC(=O)C2[C@H]4CCC[C@@H]24)C3)ccc1[N+](=O)[O-],
84524,CCCc1occc1C(=O)N1[C@H]2CC[C@@H]1C[C@@H](NC(=O)[C@@H]1[C@H]3CCCC[C@H]31)C2,"(1R,6S,7R)-N-((1R,3S,5S)-8-((2-propylfuran-3-yl)carbonyl)-8-azabicyclo[3.2.1]octan-3-yl)bicyclo[4.1.0]heptane-7-carboxamide",,CCCc1occc1C(=O)N1[C@@H]2CC[C@H]1C[C@H](NC(=O)C1[C@H]3CCCC[C@@H]13)C2,
84558,CC(C)(C(=O)NC[C@H]1C[C@](F)(CNC(=O)c2cc(N)nc(Cl)c2)C1)C(F)F,"N-(((1R,3s)-3-((2-amino-6-chloropyridine-4-carboxamido)methyl)-3-fluorocyclobutyl)methyl)-2-(difluoromethyl)-2-methylpropanamide",,CC(C)(C(=O)NC[C@H]1C[C@](F)(CNC(=O)c2cc(N)nc(Cl)c2)C1)C(F)F,
84564,CCCCCc1cc(C(=O)N[C@H]2[C@@H]3CN(c4nc(OC)nc(OC)n4)C[C@@H]32)n[nH]1,"N-((1R,5S,6S)-3-(4,6-dimethoxy-1,3,5-triazin-2-yl)-3-azabicyclo[3.1.0]hexan-6-yl)-5-pentyl-1H-pyrazole-3-carboxamide",,CCCCCc1cc(C(=O)N[C@H]2[C@@H]3CN(c4nc(OC)nc(OC)n4)C[C@@H]32)[nH]n1,
84583,CN(C)c1nc2cc(C(=O)N3C[C@H]4[C@H](NC(=O)/C(Cl)=C/Cl)[C@H]4C3)ccc2o1,"(2Z)-2,3-dichloro-N-((1R,5S,6S)-3-((8-(dimethylamino)-7-oxa-9-azabicyclo[4.3.0]nona-1(6),2,4,8-tetraen-3-yl)carbonyl)-3-azabicyclo[3.1.0]hexan-6-yl)prop-2-enamide",,CN(C)c1nc2cc(C(=O)N3C[C@@H]4[C@H](C3)[C@H]4NC(=O)/C(Cl)=C/Cl)ccc2o1,
84612,Cn1cc(C(=O)N2C[C@H]3[C@H](NC(=O)[C@@]4(C)CC=CCO4)[C@H]3C2)c(C2CCCC2)n1,"(2R)-N-((1R,5S,6S)-3-((3-cyclopentyl-1-methyl-1H-pyrazol-4-yl)carbonyl)-3-azabicyclo[3.1.0]hexan-6-yl)-2-methyl-1-oxacyclohex-4-ene-2-carboxamide",,Cn1cc(C(=O)N2C[C@@H]3[C@H](C2)[C@H]3NC(=O)[C@@]2(C)CC=CCO2)c(C2CCCC2)n1,
84676,C[C@H]1[C@@H]2CN(C(=O)CONC(=O)C[C@@H]3C[C@H]4C[C@H]4C3)C[C@H]12,"2-((1R,3R,5S)-bicyclo[3.1.0]hexan-3-yl)-N-((2-((1R,5S,6S)-6-methyl-3-azabicyclo[3.1.0]hexan-3-yl)-2-oxoethyl)oxy)acetamide",,C[C@@H]1[C@H]2CN(C(=O)CONC(=O)C[C@H]3C[C@@H]4C[C@@H]4C3)C[C@@H]12,
84728,C[C@H]1[C@@H]2CN(C(=O)[C@H]3CCC(C)(C)N(C(=O)[C@H]4CCc5c[nH]nc54)C3)C[C@H]12,"1-((3S)-1-(((8S)-2,3-diazabicyclo[3.3.0]octa-1,4-dien-8-yl)carbonyl)-6,6-dimethylpiperidin-3-yl)-1-((1R,5S,6S)-6-methyl-3-azabicyclo[3.1.0]hexan-3-yl)methanone",,C[C@@H]1[C@H]2CN(C(=O)C3CCC(C)(C)N(C(=O)C4CCc5c[nH]nc54)C3)C[C@@H]12,
84757,CC(=O)C[C@H](C)C(=O)N[C@@H]1[C@H]2COC[C@@H]1CN(C(=O)Cn1cnnn1)C2,"(2S)-2-methyl-4-oxo-N-((1R,5S,9R)-7-(1-oxo-2-(1H-tetrazol-1-yl)ethyl)-3-oxa-7-azabicyclo[3.3.1]nonan-9-yl)pentanamide",,CC(=O)CC(C)C(=O)N[C@H]1[C@@H]2COC[C@H]1CN(C(=O)Cn1cnnn1)C2,
84885,C[C@H]1CCOC[C@H]1C(=O)N[C@H]1C[C@@](C)(NC(=O)c2cc(C(F)F)ccn2)C1,"4-(difluoromethyl)-N-((1R,3s)-1-methyl-3-((3S,4S)-4-methyloxane-3-carboxamido)cyclobutyl)pyridine-2-carboxamide",,C[C@H]1CCOCC1C(=O)N[C@H]1C[C@@](C)(NC(=O)c2cc(C(F)F)ccn2)C1,
84895,CC[C@H](CNC(=O)[C@H]1C[C@@H]2C[C@@H]2C1)NC(=O)c1[nH]ccc1C,"N-((2R)-1-((1R,3S,5S)-bicyclo[3.1.0]hexane-3-carboxamido)butan-2-yl)-3-methyl-1H-pyrrole-2-carboxamide",,CC[C@H](CNC(=O)C1C[C@@H]2C[C@@H]2C1)NC(=O)c1[nH]ccc1C,
84953,CSC[C@@H](O)C(=O)N1C[C@H]2[C@H](CN(C)C(=O)c3c(C)cccc3F)[C@H]2C1,"2-fluoro-N-(((1R,5S,6S)-3-((2S)-2-hydroxy-3-(methylsulfanyl)-propionyl)-3-azabicyclo[3.1.0]hexan-6-yl)methyl)-6,N-dimethylbenzene-1-carboxamide",,CSCC(O)C(=O)N1C[C@@H]2[C@@H](CN(C)C(=O)c3c(C)cccc3F)[C@@H]2C1,
84957,C=C=CCCn1cc(CN2CCC[C@@]23C[C@H]2CC[C@H]3C2)nn1,"1-(penta-3,4-dien-1-yl)-4-((2S)-spiro[pyrrolidine-2,2'-bicyclo[2.2.1]heptane]-1-ylmethyl)-1H-1,2,3-triazole",C(CC=C=C)N1N=NC(=C1)CN1CCC[C@]12C1CCC(C2)C1,C=C=CCCn1cc(CN2CCC[C@@]23C[C@H]2CC[C@H]3C2)nn1,C=C=CCCn1cc(CN2CCC[C@@]23CC2CCC3C2)nn1
84963,CC(C)C(C(=O)NC[C@H]1C[C@](F)(CNC(=O)[C@@H]2CCN(C)[C@H](C)C2)C1)C(C)C,"N-(((1R,3s)-3-(((2R,4R)-1,2-dimethylpiperidine-4-carboxamido)methyl)-3-fluorocyclobutyl)methyl)-3-methyl-2-(propan-2-yl)butanamide",,CC(C)C(C(=O)NC[C@H]1C[C@](F)(CNC(=O)C2CCN(C)[C@H](C)C2)C1)C(C)C,
85010,O=C([C@H]1CC=CCN1C(=O)[C@H]1C[C@H]2[C@@H](C1)C2(F)F)N1CC(O)(CO)C1,"1-((2R)-1-(((1R,3S,5S)-6,6-difluorobicyclo[3.1.0]hexan-3-yl)carbonyl)-1-azacyclohex-4-en-2-yl)-1-(3-hydroxy-3-(hydroxymethyl)-azetidin-1-yl)methanone",,O=C(C1CC=CCN1C(=O)C1C[C@@H]2[C@H](C1)C2(F)F)N1CC(O)(CO)C1,
85033,COc1c(Cl)ncnc1N1C[C@H]2C[C@H](NC(=O)c3cc(Cl)nnc3O)C[C@H]2C1,"6-chloro-N-((1R,5S,7S)-3-(6-chloro-5-methoxypyrimidin-4-yl)-3-azabicyclo[3.3.0]octan-7-yl)-3-hydroxypyridazine-4-carboxamide",,COc1c(Cl)ncnc1N1C[C@H]2C[C@H](NC(=O)c3cc(Cl)n[nH]c3=O)C[C@H]2C1,
85110,O=C(CC1C[C@H]2C[C@@H]2C1)N[C@H]1C[C@H](CN=c2[nH]c3cccc(OC(F)F)c3s2)C1,"2-((1S,5S)-bicyclo[3.1.0]hexan-3-yl)-N-(trans-3-(((5-((difluoromethyl)oxy)-7-thia-9-azabicyclo[4.3.0]nona-1,3,5-trien-8-ylidene)amino)methyl)cyclobutyl)acetamide",[C@@H]12CC(C[C@@H]2C1)CC(=O)N[C@@H]1C[C@H](C1)CN=C1SC2=C(C=CC=C2N1)OC(F)F,O=C(CC1C[C@H]2C[C@@H]2C1)N[C@H]1C[C@H](CNc2nc3cccc(OC(F)F)c3s2)C1,O=C(CC1C[C@@H]2C[C@H]2C1)N[C@H]1C[C@H](CNc2nc3cccc(OC(F)F)c3s2)C1
85193,O=C(C[C@@H]1CCC2(CCC2)O1)NC[C@]1(F)C[C@@H](NC(=O)Cc2ccc(O)cc2)C1,"N-(((1S,3r)-1-fluoro-3-(2-(4-hydroxyphenyl)acetamido)cyclobutyl)methyl)-2-((6S)-5-oxaspiro[3.4]octan-6-yl)acetamide",,O=C(C[C@@H]1CCC2(CCC2)O1)NC[C@]1(F)C[C@@H](NC(=O)Cc2ccc(O)cc2)C1,
85205,CCc1oc(C(=O)N[C@H]2C[C@](C)(NC(=O)c3cc(OC)ccc3F)C2)cc1C,"5-ethyl-N-((1R,3r)-3-(2-fluoro-5-methoxybenzene-1-carboxamido)-3-methylcyclobutyl)-4-methylfuran-2-carboxamide",,CCc1oc(C(=O)N[C@H]2C[C@](C)(NC(=O)c3cc(OC)ccc3F)C2)cc1C,
85294,O=C(CCc1ccc(F)cc1F)NC[C@H]1C[C@@](F)(CNC(=O)Cc2cc[nH]n2)C1,"3-(2,4-difluorophenyl)-N-(((1S,3s)-3-fluoro-3-((2-(1H-pyrazol-3-yl)acetamido)methyl)cyclobutyl)methyl)propanamide",,O=C(CCc1ccc(F)cc1F)NC[C@H]1C[C@@](F)(CNC(=O)Cc2cc[nH]n2)C1,
85433,CCc1cn2c(n1)C[C@H](C(=O)NC[C@]1(F)C[C@@H](CNC(=O)C(F)=C(C)C)C1)CC2,"(4R)-8-ethyl-N-(((1S,3r)-1-fluoro-3-((2-fluoro-3-methylbut-2-enamido)methyl)cyclobutyl)methyl)-1,7-diazabicyclo[4.3.0]nona-6,8-diene-4-carboxamide",,CCc1cn2c(n1)CC(C(=O)NC[C@]1(F)C[C@@H](CNC(=O)C(F)=C(C)C)C1)CC2,
85450,CC[C@H](CNC(=O)COCCOCCO)NC(=O)[C@H]1C[C@H]2C[C@@H](O)C[C@H](C2)C1,"N-((2R)-2-((1R,3S,5S,7R)-7-hydroxybicyclo[3.3.1]nonane-3-carboxamido)butyl)-2-(2-(2-hydroxyethoxy)ethoxy)acetamide",,CC[C@H](CNC(=O)COCCOCCO)NC(=O)C1C[C@@H]2C[C@H](O)C[C@H](C1)C2,
85462,CCO[C@@H](C(=O)NC[C@H]1CC[C@@](F)(CNC(=O)[C@H](C)S(N)(=O)=O)CC1)C1CCC1,"(2S)-2-(sulfamoyl)-N-(((1S,4s)-4-(((2R)-2-cyclobutyl-2-ethoxyacetamido)methyl)-1-fluorocyclohexyl)methyl)propanamide",,CCOC(C(=O)NC[C@H]1CC[C@@](F)(CNC(=O)C(C)S(N)(=O)=O)CC1)C1CCC1,
85472,COC(=O)[C@]1(C(F)F)C[C@@H](NC(=O)C2=C[C@H]3CCC[C@H]23)C1,"methyl 3-((1S,5S)-bicyclo[3.2.0]hept-6-ene-6-carboxamido)-1-(difluoromethyl)cyclobutanecarboxylate",[C@H]12CCC[C@@H]2C(=C1)C(=O)NC1CC(C1)(C(=O)OC)C(F)F,COC(=O)[C@]1(C(F)F)C[C@@H](NC(=O)C2=C[C@H]3CCC[C@H]23)C1,COC(=O)C1(C(F)F)CC(NC(=O)C2=C[C@@H]3CCC[C@H]23)C1
85511,CC1(NC(=O)c2ccnn2CC(F)F)CN(C(=O)[C@@H]2C[C@@H]3CS(=O)(=O)C[C@@H]3C2)C1,"1-(2,2-difluoroethyl)-N-(1-(((1R,5S,7R)-3,3-dioxo-3lambda^6-thiabicyclo[3.3.0]octan-7-yl)carbonyl)-3-methyl-azetidin-3-yl)-1H-pyrazole-5-carboxamide",,CC1(NC(=O)c2ccnn2CC(F)F)CN(C(=O)C2C[C@@H]3CS(=O)(=O)C[C@@H]3C2)C1,
85596,CS(=O)(=O)c1ccc(C(=O)NC[C@]2(F)C[C@H](CNC(=O)c3cnn[nH]3)C2)c(Cl)c1,"N-(((1S,3s)-3-((2-chloro-4-(methylsulfonyl)benzamido)methyl)-3-fluorocyclobutyl)methyl)-1H-1,2,3-triazole-5-carboxamide",,CS(=O)(=O)c1ccc(C(=O)NC[C@]2(F)C[C@H](CNC(=O)c3c[nH]nn3)C2)c(Cl)c1,
85606,Cc1csc(C(=O)N2C[C@H]3[C@H](CNC(=O)c4ccc(C(F)F)c(C)c4)[C@H]3C2)c1,"4-(difluoromethyl)-3-methyl-N-(((1R,5S,6S)-3-((4-methylthiophen-2-yl)carbonyl)-3-azabicyclo[3.1.0]hexan-6-yl)methyl)benzamide",,Cc1csc(C(=O)N2C[C@@H]3[C@@H](CNC(=O)c4ccc(C(F)F)c(C)c4)[C@@H]3C2)c1,
85649,Cc1cc(N2C[C@H]3[C@H](NC(=O)c4cc(F)c(Cl)cc4F)[C@H]3C2)nc(C(C)C)n1,"4-chloro-2,5-difluoro-N-((1R,5S,6S)-3-(6-methyl-2-(propan-2-yl)pyrimidin-4-yl)-3-azabicyclo[3.1.0]hexan-6-yl)benzamide",,Cc1cc(N2C[C@@H]3[C@H](C2)[C@H]3NC(=O)c2cc(F)c(Cl)cc2F)nc(C(C)C)n1,
85662,CS[C@@H](C)CCC(=O)N1C[C@H]2C[C@@H](C(=O)NC3(c4cccs4)CC3)C[C@H]2C1,"(1R,5S,7R)-3-((4S)-4-(methylsulfanyl)-pentanoyl)-N-(1-(thiophen-2-yl)cyclopropyl)-3-azabicyclo[3.3.0]octane-7-carboxamide",,CS[C@@H](C)CCC(=O)N1C[C@H]2CC(C(=O)NC3(c4cccs4)CC3)C[C@H]2C1,
85720,C[C@@H]1C[C@]2(C(=O)NCCN(Cc3ccc(Cl)nc3)C(=O)[C@H](F)n3cccn3)C[C@H]12,"(1S,3R,4R)-N-(2-(N-((6-chloropyridin-3-yl)methyl)(2S)-2-fluoro-2-(1H-pyrazol-1-yl)acetamido)ethyl)-3-methylbicyclo[2.1.0]pentane-1-carboxamide",ClC1=CC=C(C=N1)CN(C([C@@H](N1N=CC=C1)F)=O)CCNC(=O)[C@]12C[C@H]([C@H]2C1)C,C[C@@H]1C[C@]2(C(=O)NCCN(Cc3ccc(Cl)nc3)C(=O)C(F)n3cccn3)C[C@H]12,C[C@@H]1C[C@@]2(C(=O)NCCN(Cc3ccc(Cl)nc3)C(=O)C(F)n3cccn3)C[C@H]12
85743,CC[C@H](C)NC(=O)[C@H]([C@@H]1C[C@H]2[C@@H](C1)C2(F)F)N1CCN(c2nccnc2C)CC1,"(2S)-N-((2S)-butan-2-yl)-2-((1R,3R,5S)-6,6-difluorobicyclo[3.1.0]hexan-3-yl)-2-(4-(3-methylpyrazin-2-yl)piperazin-1-yl)acetamide",,CC[C@H](C)NC(=O)C([C@H]1C[C@@H]2[C@H](C1)C2(F)F)N1CCN(c2nccnc2C)CC1,
85757,Cc1nc2n(n1)C[C@@H](C(=O)N1C[C@H]3[C@H](NC(=O)CCCC(F)(F)CO)[C@H]3C1)CC2,"5,5-difluoro-6-hydroxy-N-((1R,5S,6S)-3-(((3S)-8-methyl-1,7,9-triazabicyclo[4.3.0]nona-6,8-dien-3-yl)carbonyl)-3-azabicyclo[3.1.0]hexan-6-yl)hexanamide",,Cc1nc2n(n1)CC(C(=O)N1C[C@@H]3[C@H](C1)[C@H]3NC(=O)CCCC(F)(F)CO)CC2,
85782,C[S@](=O)C=CC(=O)N[C@]1(C)C[C@H](NC(=O)/C=C/C2CCCCC2)C1,"N-((1R,3s)-3-((2E)-3-cyclohexylprop-2-enamido)-1-methylcyclobutyl)-3-((S)-methylsulfinyl)prop-2-enamide",,C[S@+]([O-])C=CC(=O)N[C@]1(C)C[C@H](NC(=O)/C=C/C2CCCCC2)C1,
85813,COCCCn1cc(C(=O)N2C[C@H]3[C@H](NC(=O)Cc4cnccc4C)[C@H]3C2)cn1,"N-((1R,5S,6S)-3-((1-(3-methoxypropyl)-1H-pyrazol-4-yl)carbonyl)-3-azabicyclo[3.1.0]hexan-6-yl)-2-(4-methylpyridin-3-yl)acetamide",,COCCCn1cc(C(=O)N2C[C@@H]3[C@H](C2)[C@H]3NC(=O)Cc2cnccc2C)cn1,
85828,Cc1ccc([C@H](F)C(=O)N2CC[C@H](N(C)C(=O)[C@@H]3[C@H]4CCC[C@H]43)C2)cc1,"(1R,5S,6R)-N-((3S)-1-((2S)-2-fluoro-2-(4-methylphenyl)-acetyl)pyrrolidin-3-yl)-N-methylbicyclo[3.1.0]hexane-6-carboxamide",,Cc1ccc(C(F)C(=O)N2CC[C@H](N(C)C(=O)C3[C@H]4CCC[C@@H]34)C2)cc1,
85892,Cc1nnc2n1C[C@@H](C(=O)N1C[C@H]3[C@H](NC(=O)C(C)(C)c4ccc(Cl)s4)[C@H]3C1)C2,"2-(5-chlorothiophen-2-yl)-2-methyl-N-((1R,5S,6S)-3-(((7S)-2-methyl-1,3,4-triazabicyclo[3.3.0]octa-2,4-dien-7-yl)carbonyl)-3-azabicyclo[3.1.0]hexan-6-yl)propanamide",,Cc1nnc2n1CC(C(=O)N1C[C@@H]3[C@H](C1)[C@H]3NC(=O)C(C)(C)c1ccc(Cl)s1)C2,
85948,Cc1nn(-c2ccccc2)cc1CN1C[C@H]2[C@@H](C1)[C@@H]2C(=O)N[C@@H](C)CCO,"(1R,5S,6R)-N-((2S)-4-hydroxybutan-2-yl)-3-((3-methyl-1-phenyl-1H-pyrazol-4-yl)methyl)-3-azabicyclo[3.1.0]hexane-6-carboxamide",,Cc1nn(-c2ccccc2)cc1CN1C[C@@H]2C(C(=O)N[C@@H](C)CCO)[C@@H]2C1,
85953,CC1(C)CC(=O)N(CC(=O)N[C@H]2C[C@@](F)(CN=c3ccn4c(Br)cnc4[nH]3)C2)O1,"N-((1R,3r)-3-(((9-bromo-1,5,7-triazabicyclo[4.3.0]nona-2,6,8-trien-4-ylidene)amino)methyl)-3-fluorocyclobutyl)-2-(5,5-dimethyl-3-oxoisoxazolidin-2-yl)acetamide",,CC1(C)CC(=O)N(CC(=O)N[C@H]2C[C@@](F)(CNc3ccn4c(Br)cnc4n3)C2)O1,
85982,CS(=O)(=O)NCCC(=O)N1C[C@@H]2C[C@H]1CN2C(=O)[C@H]1CC[C@@](C)(F)CC1,"1-((1S,4S)-5-(((1R,4s)-4-fluoro-4-methylcyclohexyl)carbonyl)-2,5-diazabicyclo[2.2.1]heptan-2-yl)-3-methylsulfonylaminopropan-1-one",,CC1(F)CCC(C(=O)N2C[C@@H]3C[C@H]2CN3C(=O)CCNS(C)(=O)=O)CC1,
86020,C#CCC(=O)N1C[C@@H]2CC[C@H](C1)[C@H]2NC(=O)C1(c2cccc(Br)c2)CCOCC1,"4-(3-bromophenyl)-N-((1R,5S,8S)-3-(1-oxobut-3-yn-1-yl)-3-azabicyclo[3.2.1]octan-8-yl)oxane-4-carboxamide",,C#CCC(=O)N1C[C@H]2CC[C@@H](C1)[C@@H]2NC(=O)C1(c2cccc(Br)c2)CCOCC1,
86079,CSC(C)(C)CC(=O)NCC[C@@H]1[C@H](C)CCCN1C(=O)[C@H]1C[C@](F)(CO)C1,"N-(2-((2R,3R)-1-(((1S,3r)-3-fluoro-3-(hydroxymethyl)cyclobutyl)carbonyl)-3-methylpiperidin-2-yl)ethyl)-3-methyl-3-(methylsulfanyl)butanamide",,CSC(C)(C)CC(=O)NCC[C@@H]1[C@H](C)CCCN1C(=O)C1CC(F)(CO)C1,
86088,C#CC(C)(C)C(=O)NCc1cn([C@H]2CCN(C(=O)[C@@H]3CC[C@H]4C[C@H]4CC3)C2)nn1,"N-((1-((3S)-1-(((1R,4R,7S)-bicyclo[5.1.0]octan-4-yl)carbonyl)pyrrolidin-3-yl)-1H-1,2,3-triazol-4-yl)methyl)-2,2-dimethylbut-3-ynamide",,C#CC(C)(C)C(=O)NCc1cn([C@H]2CCN(C(=O)C3CC[C@@H]4C[C@@H]4CC3)C2)nn1,
86115,O=C(CSC(F)F)N[C@H]1CCC[C@@H](NC(=O)[C@H]2C[C@@H]3CC[C@H](C2)O3)C1,"2-((difluoromethyl)sulfanyl)-N-((1S,3R)-3-((1R,3S,5S)-8-oxabicyclo[3.2.1]octane-3-carboxamido)cyclohexyl)acetamide",,O=C(CSC(F)F)N[C@H]1CCC[C@@H](NC(=O)C2C[C@H]3CC[C@@H](C2)O3)C1,
86119,Cc1ccc(N)cc1C(=O)N[C@H]1[C@@H]2CN(C(=O)C[C@H]3CCOC3(C)C)C[C@@H]21,"5-amino-N-((1R,5S,6S)-3-(2-((3R)-2,2-dimethyloxolan-3-yl)-acetyl)-3-azabicyclo[3.1.0]hexan-6-yl)-2-methylbenzene-1-carboxamide",,Cc1ccc(N)cc1C(=O)N[C@H]1[C@@H]2CN(C(=O)C[C@H]3CCOC3(C)C)C[C@@H]21,
86124,COC1(CCNC(=O)CCC[C@@H]2CCCC(=O)N2)CN(c2cnc(C#N)cn2)C1,N-(2-(3-methoxy-1-(5-(nitrilomethyl)pyrazin-2-yl)-azetidin-3-yl)ethyl)-4-((2R)-6-oxopiperidin-2-yl)butanamide,COC1(CN(C1)C1=NC=C(N=C1)C#N)CCNC(CCC[C@@H]1NC(CCC1)=O)=O,COC1(CCNC(=O)CCC[C@@H]2CCCC(=O)N2)CN(c2cnc(C#N)cn2)C1,COC1(CCNC(=O)CCC[C@H]2CCCC(=O)N2)CN(c2cnc(C#N)cn2)C1
86135,COc1cc(C(=O)NCC2(O)CC(CNC(=O)[C@]3(C)C[C@@H](C#N)C3)C2)cc(Cl)n1,2-chloro-N-((3-((3-cyano-1-methylcyclobutanecarboxamido)methyl)-1-hydroxycyclobutyl)methyl)-6-methoxypyridine-4-carboxamide,ClC1=NC(=CC(=C1)C(=O)NCC1(CC(C1)CNC(=O)C1(CC(C1)C#N)C)O)OC,COc1cc(C(=O)NCC2(O)CC(CNC(=O)[C@]3(C)C[C@@H](C#N)C3)C2)cc(Cl)n1,COc1cc(C(=O)NCC2(O)CC(CNC(=O)C3(C)CC(C#N)C3)C2)cc(Cl)n1
86141,CC[C@@H](C)ONC(=O)CCCCNC(=O)[C@@H]1[C@H]2CCCCC[C@H]21,"5-((1R,7S,8R)-bicyclo[5.1.0]octane-8-carboxamido)-N-(((2R)-butan-2-yl)oxy)pentanamide",,CC[C@@H](C)ONC(=O)CCCCNC(=O)C1[C@H]2CCCCC[C@@H]12,
86149,Cn1cc(Cl)c(CC(=O)N2[C@H]3CC[C@@H]2C[C@@H](CNC(=O)c2ccnnc2S)C3)n1,"N-(((1R,3S,5S)-8-(2-(4-chloro-1-methyl-1H-pyrazol-3-yl)-acetyl)-8-azabicyclo[3.2.1]octan-3-yl)methyl)-3-sulfanylpyridazine-4-carboxamide",,Cn1cc(Cl)c(CC(=O)N2[C@@H]3CC[C@H]2C[C@H](CNC(=O)c2ccn[nH]c2=S)C3)n1,
86170,CCN(CCOC)C(=O)[C@]1(NC(=O)[C@H]2SCC=C2C)C[C@@H](O)C1,"(2S)-N-((1S,3r)-3-hydroxy-1-((2-methoxyethyl)(ethyl)carbamoyl)cyclobutyl)-3-methyl-1-thiacyclopent-3-ene-2-carboxamide",,CCN(CCOC)C(=O)[C@]1(NC(=O)C2SCC=C2C)C[C@@H](O)C1,
86192,C[C@H](Oc1ccc(F)cc1)C(=O)NC[C@@H]1CN(C(=O)[C@H]2C[C@@](C)(O)C2)C(C)(C)C1,"(2S)-2-((4-fluorophenyl)oxy)-N-(((3R)-1-(((1S,3r)-3-hydroxy-3-methylcyclobutyl)carbonyl)-5,5-dimethylpyrrolidin-3-yl)methyl)propanamide",,CC(Oc1ccc(F)cc1)C(=O)NC[C@@H]1CN(C(=O)C2CC(C)(O)C2)C(C)(C)C1,
86225,O=C(CCC1CCCC1)N1CC[C@H]2[C@H](CCN2C(=O)CC[C@@H]2C[C@H]2CC2CC2)C1,"3-cyclopentyl-1-((1R,6S)-7-(3-((1R,2R)-2-(cyclopropylmethyl)cyclopropyl)-propionyl)-3,7-diazabicyclo[4.3.0]nonan-3-yl)propan-1-one",C1(CCCC1)CCC(=O)N1C[C@H]2CCN([C@H]2CC1)C(CC[C@H]1[C@H](C1)CC1CC1)=O,O=C(CCC1CCCC1)N1CC[C@H]2[C@H](CCN2C(=O)CC[C@@H]2C[C@H]2CC2CC2)C1,O=C(CCC1CCCC1)N1CC[C@H]2[C@H](CCN2C(=O)CC[C@@H]2C[C@@H]2CC2CC2)C1
86234,N#C[C@H]1C[C@@H](C(=O)NC[C@H]2C[C@@H](NC(=O)CC[C@@H]3C[C@H]3CC3CC3)C2)C1,"cis-N-((cis-3-(3-((1R,2R)-2-(cyclopropylmethyl)cyclopropyl)propanamido)cyclobutyl)methyl)-3-cyanocyclobutanecarboxamide",C1(CC1)C[C@@H]1[C@@H](C1)CCC(=O)N[C@H]1C[C@H](C1)CNC(=O)[C@@H]1C[C@@H](C1)C#N,N#CC1CC(C(=O)NC[C@H]2C[C@@H](NC(=O)CC[C@@H]3C[C@H]3CC3CC3)C2)C1,N#CC1CC(C(=O)NC[C@H]2C[C@@H](NC(=O)CC[C@@H]3C[C@@H]3CC3CC3)C2)C1
86262,CCC[C@H]1CN(C(=O)[C@H]2C[C@@H]3CC[C@H](C2)C3=O)C[C@H]1NC(=O)CC[C@H](C)SC,"(4S)-4-(methylsulfanyl)-N-((3S,4S)-1-(((1R,3S,5S)-8-oxobicyclo[3.2.1]octan-3-yl)carbonyl)-4-propylpyrrolidin-3-yl)pentanamide",,CCC[C@H]1CN(C(=O)C2CC3CCC(C2)C3=O)C[C@H]1NC(=O)CC[C@H](C)SC,
86387,O=C(CC[C@H]1NC(=O)NC1=O)NC[C@@]1(CNC(=O)[C@@H]2[C@H]3CCC[C@H]32)CC1(F)F,"N-(((1R)-1-(((1R,5S,6R)-bicyclo[3.1.0]hexane-6-carboxamido)methyl)-2,2-difluorocyclopropyl)methyl)-3-((4R)-2,5-dioxoimidazolidin-4-yl)propanamide",,O=C(CCc1[nH]c(=O)[nH]c1O)NC[C@@]1(CNC(=O)C2[C@H]3CCC[C@@H]23)CC1(F)F,
86432,CSC[C@@H](C)C(=O)NC12CC(CO)(C1)OC21CN(C(=O)C2=CCCSC2)C1,"(2S)-N-(1-(hydroxymethyl)spiro[2-oxabicyclo[2.1.1]hexane-3,3'-(1-(azetidin-1-yl)-1-(1-thiacyclohex-3-en-3-yl)methanone)]-4-yl)-2-methyl-3-(methylsulfanyl)propanamide",,CSCC(C)C(=O)NC12CC(CO)(C1)OC21CN(C(=O)C2=CCCSC2)C1,
86458,C[C@H](CNC(=O)[C@@H](O)CCNC(=O)[C@@]1(C#N)C[C@@H]2C[C@@H]2C1)C(C)(F)F,"(2S)-4-((1R,3S,5S)-3-cyanobicyclo[3.1.0]hexane-3-carboxamido)-N-((2R)-3,3-difluoro-2-methylbutyl)-2-hydroxybutanamide",,C[C@H](CNC(=O)C(O)CCNC(=O)[C@]1(C#N)C[C@H]2C[C@H]2C1)C(C)(F)F,
86469,CC(C)n1nnnc1[C@]1(NCc2cc(Cl)cc(Cl)c2F)C[C@@H]2CS(=O)(=O)C[C@@H]2C1,"(1R,5S,7S)-N-((3,5-dichloro-2-fluorophenyl)methyl)-3,3-dioxo-7-(1-(propan-2-yl)-1H-tetrazol-5-yl)-3lambda^6-thiabicyclo[3.3.0]octan-7-amine",,CC(C)n1nnnc1[C@]1(NCc2cc(Cl)cc(Cl)c2F)C[C@@H]2CS(=O)(=O)C[C@@H]2C1,
86564,COC1CCC(CC(=O)N[C@H]2C[C@@H]3CN(C(=O)[C@H](C)CCN(C)C)C[C@@H]3C2)CC1,"N-((1R,5S,7S)-3-((2R)-4-(dimethylamino)-2-methyl-butyryl)-3-azabicyclo[3.3.0]octan-7-yl)-2-(4-methoxycyclohexyl)acetamide",,COC1CCC(CC(=O)N[C@H]2C[C@@H]3CN(C(=O)C(C)CCN(C)C)C[C@@H]3C2)CC1,
86611,N#C[C@H]1CCC[C@H](CC(=O)N[C@H]2C[C@@](F)(CNC(=O)c3ccc(F)c(Cl)c3)C2)C1,"N-((1R,3r)-3-((3-chloro-4-fluorobenzene-1-carboxamido)methyl)-3-fluorocyclobutyl)-2-((1S,3S)-3-(nitrilomethyl)cyclohexyl)acetamide",,N#C[C@H]1CCC[C@H](CC(=O)N[C@H]2C[C@@](F)(CNC(=O)c3ccc(F)c(Cl)c3)C2)C1,
86636,CN(C)CC[C@H](NC(=O)c1cccc(O)c1F)C(=O)NC[C@@H]1[C@H]2CCC[C@H]21,"N-((2S)-1-((((1R,5S,6R)-bicyclo[3.1.0]hexan-6-yl)methyl)amino)-4-(dimethylamino)-1-oxobutan-2-yl)-2-fluoro-3-hydroxybenzene-1-carboxamide",,CN(C)CCC(NC(=O)c1cccc(O)c1F)C(=O)NC[C@H]1[C@@H]2CCC[C@@H]21,
86655,CO[C@H]1C[C@@H]2CC[C@H](C1)N2c1nc(=N)[nH]c(=NC[C@](C)(CO)c2ccccc2)[nH]1,"(2R)-3-((6-imino-4-((1R,3S,5S)-3-methoxy-8-azabicyclo[3.2.1]octan-8-yl)-1,3,5-triazacyclohex-4-en-2-ylidene)amino)-2-methyl-2-phenylpropan-1-ol",,CO[C@@H]1C[C@H]2CC[C@@H](C1)N2c1nc(N)nc(NC[C@](C)(CO)c2ccccc2)n1,
86660,C[C@@]1(C(=O)N2C[C@H]3[C@H](CNC(=O)C=CC4CCC4)[C@H]3C2)CCCNS1(=O)=O,"3-cyclobutyl-N-(((1R,5S,6S)-3-(((6S)-6-methyl-1,1-dioxo-1lambda^6-thia-2-azacyclohexan-6-yl)carbonyl)-3-azabicyclo[3.1.0]hexan-6-yl)methyl)prop-2-enamide",,C[C@@]1(C(=O)N2C[C@@H]3[C@@H](CNC(=O)C=CC4CCC4)[C@@H]3C2)CCCNS1(=O)=O,
86664,O=C(N[C@H]1C[C@@](F)(CNc2ccc([N+](=O)[O-])cc2-n2cnnn2)C1)C1=CCSC1,"N-((1S,3s)-3-fluoro-3-(((4-nitro-2-(1H-tetrazol-1-yl)phenyl)amino)methyl)cyclobutyl)-1-thiacyclopent-3-ene-3-carboxamide",,O=C(N[C@H]1C[C@@](F)(CNc2ccc([N+](=O)[O-])cc2-n2cnnn2)C1)C1=CCSC1,
86734,C[C@@H](NC(=O)[C@@H](O)C(C)(C)C)C(=O)NC[C@H]1C[C@@H]2CCC[C@@H]2C1,"(2S)-N-((2R)-1-((((1R,3S,5S)-bicyclo[3.3.0]octan-3-yl)methyl)amino)-1-oxopropan-2-yl)-2-hydroxy-3,3-dimethylbutanamide",,CC(NC(=O)C(O)C(C)(C)C)C(=O)NC[C@@H]1C[C@H]2CCC[C@H]2C1,
86771,COC(=O)[C@@H]1CCC[C@H]1NC(=O)[C@H](NC(=O)[C@@H]1[C@H]2CC(=O)C[C@H]21)[C@H]1CCOC1,"methyl (1R,2R)-2-((2R)-2-((1R,5S,6R)-3-oxobicyclo[3.1.0]hexane-6-carboxamido)-2-((3R)-oxolan-3-yl)acetamido)cyclopentanecarboxylate",,COC(=O)C1CCC[C@H]1NC(=O)C(NC(=O)C1[C@H]2CC(=O)C[C@@H]12)[C@H]1CCOC1,
86800,Cc1nc2ccccc2cc1C(=O)N[C@H]1C[C@H](C)N[C@H](C)C1,"N-((2R,4S,6S)-2,6-dimethylpiperidin-4-yl)-2-methylquinoline-3-carboxamide",,Cc1nc2ccccc2cc1C(=O)N[C@@H]1C[C@@H](C)N[C@@H](C)C1,
86802,Cc1cn(CC(=O)N[C@H]2[C@@H]3CN(C(=O)[C@@H]4C[C@@H](F)C(=O)N4C)C[C@@H]32)c(=O)nc1O,"N-((1R,5S,6S)-3-(((2S,4R)-4-fluoro-1-methyl-5-oxopyrrolidin-2-yl)carbonyl)-3-azabicyclo[3.1.0]hexan-6-yl)-2-(4-hydroxy-5-methyl-2-oxo-1,3-diazacyclohexa-3,5-dien-1-yl)acetamide",,Cc1cn(CC(=O)N[C@H]2[C@@H]3CN(C(=O)C4CC(F)C(=O)N4C)C[C@@H]32)c(=O)[nH]c1=O,
86812,Cc1c(C(=O)N[C@H]2C[C@](C)(NC(=O)COc3ccsn3)C2)sc2nccn12,"N-((1S,3s)-3-(2-((isothiazol-3-yl)oxy)acetamido)-3-methylcyclobutyl)-4-methyl-2-thia-5,8-diazabicyclo[3.3.0]octa-1(8),3,6-triene-3-carboxamide",,Cc1c(C(=O)N[C@H]2C[C@](C)(NC(=O)COc3ccsn3)C2)sc2nccn12,
86875,CC(=O)NC1(C(=O)N2CCN(C(=O)[C@H]3C[C@@H]4CC[C@@H]4C3)[C@H](C)C2)CCCC1,"N-(1-(((3R)-4-(((1R,3S,5S)-bicyclo[3.2.0]heptan-3-yl)carbonyl)-3-methylpiperazin-1-yl)carbonyl)cyclopentyl)acetamide",,CC(=O)NC1(C(=O)N2CCN(C(=O)C3C[C@H]4CC[C@H]4C3)[C@H](C)C2)CCCC1,
86958,Cn1ccc([C@H]2NC(=O)N([C@]3(C)C[C@H](NC(=O)OC(C)(C)C)C3)C2=O)n1,"tert-butyl (((1R,3s)-3-methyl-3-((5R)-5-(1-methyl-1H-pyrazol-3-yl)-2,4-dioxoimidazolidin-3-yl)cyclobutyl)amino)formate",,Cn1ccc(-c2[nH]c(=O)n([C@]3(C)C[C@H](NC(=O)OC(C)(C)C)C3)c2O)n1,
87033,C=CCCCCCC(=O)N[C@H]1C[C@@H]2CN(C(=O)c3cnn4c3CCCC4)C[C@@H]2C1,"N-((1R,5S,7S)-3-((1,9-diazabicyclo[4.3.0]nona-6,8-dien-7-yl)carbonyl)-3-azabicyclo[3.3.0]octan-7-yl)oct-7-enamide",,C=CCCCCCC(=O)N[C@H]1C[C@@H]2CN(C(=O)c3cnn4c3CCCC4)C[C@@H]2C1,
87052,CC(C)(C)OC(=O)N1CC(C(=O)N=[S@](C)(=O)N2CCC(C(=O)O)CC2)(C2CC2)C1,1-((R)-N-(1-(tert-butoxyformyl)-3-cyclopropyl-azetidin-3-yl)carbonyl-S-methylsulfonimidoyl)piperidine-4-carboxylic acid,C(C)(C)(C)OC(=O)N1CC(C1)(C1CC1)C(=O)N=[S@](=O)(C)N1CCC(CC1)C(=O)O,CC(C)(C)OC(=O)N1CC(C(=O)N=[S@](C)(=O)N2CCC(C(=O)O)CC2)(C2CC2)C1,CC(C)(C)OC(=O)N1CC(C(=O)N=[S@@](C)(=O)N2CCC(C(=O)O)CC2)(C2CC2)C1
87157,C=C[C@@H](NC(=O)C[C@@H](O)CNC(=O)C=Cc1ccco1)C1CC1,(3R)-N-((1S)-1-cyclopropylprop-2-en-1-yl)-4-(3-(furan-2-yl)prop-2-enamido)-3-hydroxybutanamide,C1(CC1)[C@H](C=C)NC(C[C@H](CNC(C=CC=1OC=CC1)=O)O)=O,C=C[C@@H](NC(=O)C[C@@H](O)CNC(=O)C=Cc1ccco1)C1CC1,C=C[C@H](NC(=O)C[C@@H](O)CNC(=O)C=Cc1ccco1)C1CC1
87244,CCN1CCN(C(=O)[C@H]2[C@H]3CN(C(=O)Cc4cccnc4)C[C@H]32)CC1=O,"1-ethyl-4-(((1R,5S,6S)-3-(1-oxo-2-(pyridin-3-yl)ethyl)-3-azabicyclo[3.1.0]hexan-6-yl)carbonyl)piperazin-2-one",,CCN1CCN(C(=O)C2[C@H]3CN(C(=O)Cc4cccnc4)C[C@@H]23)CC1=O,
87297,CSc1snnc1C(=O)N1C[C@H]2[C@H](CNC(=O)c3nccnc3C)[C@H]2C1,"3-methyl-N-(((1R,5S,6S)-3-((5-(methylsulfanyl)-1-thia-2,3-diazacyclopenta-2,4-dien-4-yl)carbonyl)-3-azabicyclo[3.1.0]hexan-6-yl)methyl)pyrazine-2-carboxamide",,CSc1snnc1C(=O)N1C[C@@H]2[C@@H](CNC(=O)c3nccnc3C)[C@@H]2C1,
87330,CN(C(=O)c1snc(O)c1Cl)[C@H]1[C@@H]2CN(C(=O)[C@H]3CCOc4ccccc43)C[C@@H]21,"4-chloro-3-hydroxy-N-methyl-N-((1R,5S,6S)-3-(((5S)-2-oxabicyclo[4.4.0]deca-1(10),6,8-trien-5-yl)carbonyl)-3-azabicyclo[3.1.0]hexan-6-yl)isothiazole-5-carboxamide",,CN(C(=O)c1s[nH]c(=O)c1Cl)[C@H]1[C@@H]2CN(C(=O)C3CCOc4ccccc43)C[C@@H]21,
87419,C#CCCCCC(=O)N[C@H]1C[C@](F)(CNC(=O)C23CCCN(CCC2)C3)C1,"N-((1S,3r)-3-((1-azabicyclo[3.3.1]nonane-5-carboxamido)methyl)-3-fluorocyclobutyl)hept-6-ynamide",,C#CCCCCC(=O)N[C@H]1C[C@](F)(CNC(=O)C23CCCN(CCC2)C3)C1,
87430,O=C(COC1CN(C(=O)C23CCCN2CCC3)C1)NC[C@]1(F)C[C@H](CO)C1,"2-((1-((1-azabicyclo[3.3.0]octan-5-yl)carbonyl)-azetidin-3-yl)oxy)-N-(((1S,3s)-1-fluoro-3-(hydroxymethyl)cyclobutyl)methyl)acetamide",,O=C(COC1CN(C(=O)C23CCCN2CCC3)C1)NC[C@]1(F)C[C@H](CO)C1,
87455,C[C@H](NC(=O)c1c(CNC(=O)[C@@H]2[C@H]3CCC[C@H]32)cnn1C)c1cccs1,"4-(((1R,5S,6R)-bicyclo[3.1.0]hexane-6-carboxamido)methyl)-1-methyl-N-((1S)-1-(thiophen-2-yl)ethyl)-1H-pyrazole-5-carboxamide",,C[C@H](NC(=O)c1c(CNC(=O)C2[C@H]3CCC[C@@H]23)cnn1C)c1cccs1,
87561,C=C[C@@H](NCC[C@]1(C)CCN(C(=O)OC(C)(C)C)C1)C1CCC1,tert-butyl (3R)-3-(2-(((1S)-1-cyclobutylprop-2-en-1-yl)amino)ethyl)-3-methylpyrrolidine-1-carboxylate,C1(CCC1)[C@H](C=C)NCC[C@]1(CN(CC1)C(=O)OC(C)(C)C)C,C=C[C@@H](NCC[C@]1(C)CCN(C(=O)OC(C)(C)C)C1)C1CCC1,C=C[C@H](NCC[C@]1(C)CCN(C(=O)OC(C)(C)C)C1)C1CCC1
87562,CN1C(=O)OC[C@@H]1C(=O)NCc1ccccc1CNC(=O)[C@H]1CC[C@H]2C[C@H]2CC1,"(4R)-N-((2-(((1R,4S,7S)-bicyclo[5.1.0]octane-4-carboxamido)methyl)phenyl)methyl)-3-methyl-2-oxo-oxazolidine-4-carboxamide",,CN1C(=O)OCC1C(=O)NCc1ccccc1CNC(=O)C1CC[C@@H]2C[C@@H]2CC1,
87575,O=C(Cn1cnnc1)NC[C@H]1[C@@H]2CN(C(=O)[C@@H]3CSC[C@H]3c3ccccc3)C[C@H]12,"N-(((1R,5S,6S)-3-(((3R,4R)-4-phenylthiolan-3-yl)carbonyl)-3-azabicyclo[3.1.0]hexan-6-yl)methyl)-2-(4H-1,2,4-triazol-4-yl)acetamide",,O=C(Cn1cnnc1)NC[C@@H]1[C@H]2CN(C(=O)C3CSC[C@H]3c3ccccc3)C[C@@H]12,
87605,CO[C@H](CNC(=O)[C@H]1C[C@H]2[C@@H](C1)C2(F)F)CC(=O)N(C)CC1(C#N)CCC1,"(1R,3S,5S)-6,6-difluoro-N-((2S)-2-methoxy-4-(((1-(nitrilomethyl)cyclobutyl)methyl)(methyl)amino)-4-oxobutyl)bicyclo[3.1.0]hexane-3-carboxamide",,CO[C@H](CNC(=O)C1C[C@@H]2[C@H](C1)C2(F)F)CC(=O)N(C)CC1(C#N)CCC1,
87625,C[C@H]1C(C(=O)N2C[C@H]3[C@H](NC(=O)c4cc5cc(Cl)ccc5s4)[C@H]3C2)[C@@H]1C,"3-chloro-N-((1R,5S,6S)-3-(((2R,3R)-2,3-dimethylcyclopropyl)carbonyl)-3-azabicyclo[3.1.0]hexan-6-yl)-7-thiabicyclo[4.3.0]nona-1(6),2,4,8-tetraene-8-carboxamide",,C[C@H]1C(C(=O)N2C[C@@H]3[C@H](C2)[C@H]3NC(=O)c2cc3cc(Cl)ccc3s2)[C@@H]1C,
87673,C=C[C@H](CC)CC(=O)N[C@]1(C)C[C@H](NC(=O)CN2CCCC2=O)C1,"(3R)-3-ethyl-N-((1R,3s)-1-methyl-3-(2-(2-oxopyrrolidin-1-yl)acetamido)cyclobutyl)pent-4-enamide",,C=C[C@H](CC)CC(=O)N[C@]1(C)C[C@H](NC(=O)CN2CCCC2=O)C1,
87691,O=C(CCc1csnn1)N[C@H]1[C@@H]2CN(C(=O)c3cccc(C4CC4)n3)C[C@@H]21,"N-((1R,5S,6S)-3-((6-cyclopropylpyridin-2-yl)carbonyl)-3-azabicyclo[3.1.0]hexan-6-yl)-3-(1-thia-2,3-diazacyclopenta-2,4-dien-4-yl)propanamide",,O=C(CCc1csnn1)N[C@H]1[C@@H]2CN(C(=O)c3cccc(C4CC4)n3)C[C@@H]21,
87696,C=CCC(=O)N1CCC[C@]2(CCCN2C(=O)c2cc(Cl)ccc2OCC)C1,"1-((5S)-1-((5-chloro-2-ethoxyphenyl)carbonyl)-1,7-diazaspiro[4.5]decan-7-yl)but-3-en-1-one",ClC=1C=CC(=C(C1)C(=O)N1CCC[C@]12CN(CCC2)C(CC=C)=O)OCC,C=CCC(=O)N1CCC[C@]2(CCCN2C(=O)c2cc(Cl)ccc2OCC)C1,C=CCC(=O)N1CCC[C@@]2(CCCN2C(=O)c2cc(Cl)ccc2OCC)C1
87714,COc1cc(Br)cc(F)c1C(=O)N[C@@H]1[C@@H]2CN(Cc3c(Cl)cc(F)cc3Cl)C[C@@H]21,"4-bromo-N-((1R,5S,6R)-3-((2,6-dichloro-4-fluorophenyl)methyl)-3-azabicyclo[3.1.0]hexan-6-yl)-2-fluoro-6-methoxybenzene-1-carboxamide",,COc1cc(Br)cc(F)c1C(=O)N[C@@H]1[C@@H]2CN(Cc3c(Cl)cc(F)cc3Cl)C[C@@H]21,
87724,Cc1conc1C(=O)N[C@H]1C[C@@](C)(NC(=O)c2cc3oc(Br)cc3s2)C1,"N-((1R,3s)-3-(3-bromo-2-oxa-6-thiabicyclo[3.3.0]octa-1(5),3,7-triene-7-carboxamido)-3-methylcyclobutyl)-4-methylisoxazole-3-carboxamide",,Cc1conc1C(=O)N[C@H]1C[C@@](C)(NC(=O)c2cc3oc(Br)cc3s2)C1,
87745,Cc1nc(CC(=O)N2CCN(C(=O)[C@@H]3[C@H]4CCCC[C@H]43)C[C@@H]2CC(F)(F)F)n[nH]1,"1-((2S)-4-(((1R,6S,7R)-bicyclo[4.1.0]heptan-7-yl)carbonyl)-2-(2,2,2-trifluoroethyl)piperazin-1-yl)-2-(5-methyl-1H-1,2,4-triazol-3-yl)ethan-1-one",,Cc1n[nH]c(CC(=O)N2CCN(C(=O)C3[C@H]4CCCC[C@@H]34)C[C@@H]2CC(F)(F)F)n1,
87752,COc1ccc(C)c(C(=O)N2C[C@H]3[C@H](N(C)C(=O)c4nc(C)nn4C)[C@H]3C2)n1,"N-((1R,5S,6S)-3-((6-methoxy-3-methylpyridin-2-yl)carbonyl)-3-azabicyclo[3.1.0]hexan-6-yl)-1,3,N-trimethyl-1H-1,2,4-triazole-5-carboxamide",,COc1ccc(C)c(C(=O)N2C[C@@H]3[C@H](C2)[C@H]3N(C)C(=O)c2nc(C)nn2C)n1,
87790,CCn1ncc([N+](=O)[O-])c1C(=O)N1CCC[C@]2(CCCN2C(=O)[C@@H](O)COC)C1,"(2S)-1-((5S)-7-((1-ethyl-4-nitro-1H-pyrazol-5-yl)carbonyl)-1,7-diazaspiro[4.5]decan-1-yl)-2-hydroxy-3-methoxypropan-1-one",C(C)N1N=CC(=C1C(=O)N1C[C@]2(CCCN2C([C@H](COC)O)=O)CCC1)[N+](=O)[O-],CCn1ncc([N+](=O)[O-])c1C(=O)N1CCC[C@]2(CCCN2C(=O)C(O)COC)C1,CCn1ncc([N+](=O)[O-])c1C(=O)N1CCC[C@@]2(CCCN2C(=O)C(O)COC)C1
87793,CC(C)(C(=O)NC[C@H]1C[C@@H]2CC[C@H](C1)N2C(=O)[C@@H]1CCCc2cncn21)C1CC1,"2-cyclopropyl-N-(((1R,3S,5S)-8-(((2S)-1,8-diazabicyclo[4.3.0]nona-6,8-dien-2-yl)carbonyl)-8-azabicyclo[3.2.1]octan-3-yl)methyl)-2-methylpropanamide",,CC(C)(C(=O)NC[C@@H]1C[C@H]2CC[C@@H](C1)N2C(=O)C1CCCc2cncn21)C1CC1,
87805,CC12CC(C(=O)N3CCN(C(=O)[C@@H]4[C@H]5COC[C@H]54)C[C@@H]3CC3CC3)(C1)C(C)(C)O2,"1-((2S)-2-(cyclopropylmethyl)-4-(((1R,5S,6R)-3-oxabicyclo[3.1.0]hexan-6-yl)carbonyl)piperazin-1-yl)-1-(1,3,3-trimethyl-2-oxabicyclo[2.1.1]hexan-4-yl)methanone",,CC12CC(C(=O)N3CCN(C(=O)C4[C@H]5COC[C@@H]45)C[C@@H]3CC3CC3)(C1)C(C)(C)O2,
87823,CC(C)(CS(N)(=O)=O)C(=O)N1CCC(NC(=O)C2=C[C@H]3CCCCCC[C@H]23)CC1,"(1S,8S)-N-(1-(2-methyl-1-oxo-2-((sulfamoyl)methyl)propyl)piperidin-4-yl)bicyclo[6.2.0]dec-9-ene-9-carboxamide",CC(C(=O)N1CCC(CC1)NC(=O)C=1[C@H]2CCCCCC[C@H]2C1)(C)CS(N)(=O)=O,CC(C)(CS(N)(=O)=O)C(=O)N1CCC(NC(=O)C2=C[C@H]3CCCCCC[C@H]23)CC1,CC(C)(CS(N)(=O)=O)C(=O)N1CCC(NC(=O)C2=C[C@@H]3CCCCCC[C@H]23)CC1
88024,C[C@H](Oc1ccccc1Cl)C(=O)N[C@@H](C)C12C[C@H]3C[C@@H](C1)C[C@@H](C2)C3,(2S)-N-((1S)-1-(adamantan-1-yl)ethyl)-2-((2-chlorophenyl)oxy)propanamide,C12(CC3CC(CC(C1)C3)C2)[C@H](C)NC([C@H](C)OC2=C(C=CC=C2)Cl)=O,CC(Oc1ccccc1Cl)C(=O)N[C@@H](C)C12C[C@H]3C[C@@H](C1)C[C@@H](C2)C3,CC(Oc1ccccc1Cl)C(=O)N[C@@H](C)C12CC3CC(CC(C3)C1)C2
88066,Cc1ccc(C(=O)N[C@H]2CN(C(=O)[C@H]3C[C@@H]4C[C@@H]4C3)CCC23CCC3)n1C,"N-((5R)-7-(((1R,3S,5S)-bicyclo[3.1.0]hexan-3-yl)carbonyl)-7-azaspiro[3.5]nonan-5-yl)-1,5-dimethyl-1H-pyrrole-2-carboxamide",,Cc1ccc(C(=O)N[C@H]2CN(C(=O)C3C[C@@H]4C[C@@H]4C3)CCC23CCC3)n1C,
88084,CC(C)C1(CNC(=O)[C@@H]2CC[C@H](C)N2C(=O)[C@@H]2[C@H]3[C@@H]4CC[C@@H](C4)[C@H]32)CCCC1,"(2S,5S)-5-methyl-N-((1-(propan-2-yl)cyclopentyl)methyl)-1-(((1R,2S,3R,4R,5S)-tricyclo[3.2.1.0^{2,4}]octan-3-yl)carbonyl)pyrrolidine-2-carboxamide",,CC(C)C1(CNC(=O)C2CC[C@H](C)N2C(=O)C2[C@@H]3[C@H]4CC[C@H](C4)[C@H]23)CCCC1,
88090,CN(C)c1cc(C(=O)N2[C@H]3CC[C@@H]2C[C@H](NC(=O)[C@]2(Cl)CC2(C)C)C3)cc(Cl)n1,"(1S)-1-chloro-N-((1R,3R,5S)-8-((2-chloro-6-(dimethylamino)pyridin-4-yl)carbonyl)-8-azabicyclo[3.2.1]octan-3-yl)-2,2-dimethylcyclopropanecarboxamide",,CN(C)c1cc(C(=O)N2[C@@H]3CC[C@H]2C[C@@H](NC(=O)[C@]2(Cl)CC2(C)C)C3)cc(Cl)n1,
88096,Cn1cnc(C(=O)NC[C@]2(F)C[C@H](NC(=O)Cn3nnnc3C3CC3)C2)cc1=O,"N-(((1R,3r)-3-(2-(5-cyclopropyl-1H-tetrazol-1-yl)acetamido)-1-fluorocyclobutyl)methyl)-1-methyl-6-oxo-1,3-diazacyclohexa-2,4-diene-4-carboxamide",,Cn1cnc(C(=O)NC[C@]2(F)C[C@H](NC(=O)Cn3nnnc3C3CC3)C2)cc1=O,
88151,COC(=O)[C@@H]1[C@H]2CN(C(=NCCCSC)NCc3ccc(F)c(Cl)c3)C[C@H]21,"methyl (1R,5S,6R)-3-((((3-chloro-4-fluorophenyl)methyl)amino)((3-(methylsulfanyl)propyl)imino)methyl)-3-azabicyclo[3.1.0]hexane-6-carboxylate",,COC(=O)C1[C@H]2CN(C(=NCCCSC)NCc3ccc(F)c(Cl)c3)C[C@@H]12,
88258,O=C(CC[C@H]1CCC(=O)N1)NCC1(F)CN(C(=O)[C@H](F)C(F)(F)F)C1,"N-((3-fluoro-1-((2S)-2,3,3,3-tetrafluoro-propionyl)-azetidin-3-yl)methyl)-3-((2S)-5-oxopyrrolidin-2-yl)propanamide",FC1(CN(C1)C([C@@H](C(F)(F)F)F)=O)CNC(CC[C@H]1NC(CC1)=O)=O,O=C(CC[C@H]1CCC(=O)N1)NCC1(F)CN(C(=O)C(F)C(F)(F)F)C1,O=C(CC[C@@H]1CCC(=O)N1)NCC1(F)CN(C(=O)C(F)C(F)(F)F)C1
88314,CCS[C@H](C)C(=O)NC[C@H]1C[C@@H]2CC[C@H](C1)N2C(=O)[C@H]1C[C@H](S(C)(=O)=O)C1,"(2R)-2-(ethylsulfanyl)-N-(((1R,3S,5S)-8-((trans-3-(methylsulfonyl)cyclobutyl)carbonyl)-8-azabicyclo[3.2.1]octan-3-yl)methyl)propanamide",,CCSC(C)C(=O)NC[C@@H]1C[C@H]2CC[C@@H](C1)N2C(=O)C1CC(S(C)(=O)=O)C1,
88357,CCC[C@](C)(O)C(=O)N[C@H]1C[C@](C)(NC(=O)c2ccc(CC(C)C)cc2)C1,"(2S)-2-hydroxy-2-methyl-N-((1S,3s)-3-methyl-3-(4-(2-methylpropyl)benzamido)cyclobutyl)pentanamide",,CCC[C@](C)(O)C(=O)N[C@H]1C[C@](C)(NC(=O)c2ccc(CC(C)C)cc2)C1,
88388,C=C[C@@H](C)C(=O)N[C@@H]1C[C@H]2[C@@H](C1)[C@@H]2NC(=O)c1ccc(F)c(F)c1C,"(2R)-N-((1R,3R,5S,6R)-6-(3,4-difluoro-2-methylbenzene-1-carboxamido)bicyclo[3.1.0]hexan-3-yl)-2-methylbut-3-enamide",,C=CC(C)C(=O)N[C@H]1C[C@@H]2[C@H](C1)[C@H]2NC(=O)c1ccc(F)c(F)c1C,
88392,CN(CC(=O)N[C@H]1C[C@@](C)(NC(=O)[C@@]2(F)CCOC2)C1)[C@@H]1CCSC1,"N-((1S,3r)-3-((3R)-3-fluorooxolane-3-carboxamido)-3-methylcyclobutyl)-2-(((3R)-thiolan-3-yl)(methyl)amino)acetamide",,CN(CC(=O)N[C@H]1C[C@@](C)(NC(=O)[C@@]2(F)CCOC2)C1)[C@@H]1CCSC1,
88410,CCOC[C@H](C)C(=O)NC[C@]1(F)CC[C@H](CNC(=O)C#CC2(C)CC2)CC1,"N-(((1S,4s)-4-(((2S)-3-ethoxy-2-methylpropanamido)methyl)-4-fluorocyclohexyl)methyl)-3-(1-methylcyclopropyl)prop-2-ynamide",,CCOCC(C)C(=O)NC[C@]1(F)CC[C@H](CNC(=O)C#CC2(C)CC2)CC1,
88411,C[C@H](CO)NC(=O)C[C@H]1[C@@H]2CN(C(=O)c3ccc4occc4c3)C[C@H]12,"2-((1R,5S,6S)-3-((1-benzofuran-5-yl)carbonyl)-3-azabicyclo[3.1.0]hexan-6-yl)-N-((2R)-1-hydroxypropan-2-yl)acetamide",,C[C@H](CO)NC(=O)C[C@@H]1[C@H]2CN(C(=O)c3ccc4occc4c3)C[C@@H]12,
88439,CN1N=C[C@H](CC(=O)NCC2(O)CN(C(=O)[C@H]3C[C@@H]4CC[C@H](C3)[C@@H]4O)C2)C1=O,"N-((3-hydroxy-1-(((1R,3S,5S,8R)-8-hydroxybicyclo[3.2.1]octan-3-yl)carbonyl)-azetidin-3-yl)methyl)-2-((4S)-1-methyl-5-oxo-1,2-diazacyclopent-2-en-4-yl)acetamide",,Cn1[nH]cc(CC(=O)NCC2(O)CN(C(=O)C3C[C@H]4CC[C@@H](C3)[C@H]4O)C2)c1=O,
88453,C[C@@H]1[C@H](C(=O)N2CC3CC2(CNC(=O)[C@@H](C)OC2CCCCCC2)C3)[C@@H]1C,"(2R)-2-(cycloheptyloxy)-N-((2-(((1S,2R,3S)-2,3-dimethylcyclopropyl)carbonyl)-2-azabicyclo[2.1.1]hexan-1-yl)methyl)propanamide",,CC(OC1CCCCCC1)C(=O)NCC12CC(CN1C(=O)C1[C@@H](C)[C@H]1C)C2,
88458,O=C(NCc1ccc(CNC(=O)[C@H]2CCCNC2=O)c(F)c1)[C@H]1C[C@@H]2C[C@@H]2C1,"(3S)-N-((4-(((1R,3S,5S)-bicyclo[3.1.0]hexane-3-carboxamido)methyl)-2-fluorophenyl)methyl)-2-oxopiperidine-3-carboxamide",,O=C(NCc1ccc(CNC(=O)C2CCCNC2=O)c(F)c1)C1C[C@@H]2C[C@@H]2C1,
88471,O=C(CCCC1CC1)NC[C@H]1C[C@@](F)(CNC(=O)[C@H]2C[C@](O)(C(F)(F)F)C2)C1,"4-cyclopropyl-N-(((1R,3r)-3-fluoro-3-((3-hydroxy-3-(trifluoromethyl)cyclobutanecarboxamido)methyl)cyclobutyl)methyl)butanamide",,O=C(CCCC1CC1)NC[C@H]1C[C@@](F)(CNC(=O)C2CC(O)(C(F)(F)F)C2)C1,
88487,Cc1cc(CC(=O)NC(C)(C)CCNC(=O)C2=C[C@@H]3CC=CC[C@@H]23)sn1,"N-(4-((1R,6R)-bicyclo[4.2.0]octa-3,7-diene-7-carboxamido)-2-methylbutan-2-yl)-2-(3-methylisothiazol-5-yl)acetamide",[C@@H]12CC=CC[C@H]2C(=C1)C(=O)NCCC(C)(C)NC(CC1=CC(=NS1)C)=O,Cc1cc(CC(=O)NC(C)(C)CCNC(=O)C2=C[C@@H]3CC=CC[C@@H]23)sn1,Cc1cc(CC(=O)NC(C)(C)CCNC(=O)C2=C[C@H]3CC=CC[C@@H]23)sn1
88541,COCCCC(=O)NC[C@H]1C[C@@](F)(CNC(=O)[C@@H](F)CC2CCCCC2)C1,"N-(((1S,3s)-3-(((2S)-3-cyclohexyl-2-fluoropropanamido)methyl)-3-fluorocyclobutyl)methyl)-4-methoxybutanamide",,COCCCC(=O)NC[C@H]1C[C@@](F)(CNC(=O)C(F)CC2CCCCC2)C1,
88608,COc1cncc(C(=O)N[C@]2(C)C[C@H](NC(=O)[C@H]3CC(=O)[C@H]3C)C2)c1,"5-methoxy-N-((1R,3s)-1-methyl-3-((1S,2S)-2-methyl-3-oxocyclobutanecarboxamido)cyclobutyl)pyridine-3-carboxamide",,COc1cncc(C(=O)N[C@]2(C)C[C@H](NC(=O)C3CC(=O)C3C)C2)c1,
88624,C[C@H](C(=O)N[C@]1(C)C[C@H](NC(=O)[C@@H]2C[C@H]2c2ccc(F)nc2)C1)C(F)(F)F,"(2R)-N-((1R,3s)-3-((1R,2R)-2-(6-fluoropyridin-3-yl)cyclopropanecarboxamido)-1-methylcyclobutyl)-2-(trifluoromethyl)propanamide",,CC(C(=O)N[C@]1(C)C[C@H](NC(=O)C2C[C@H]2c2ccc(F)nc2)C1)C(F)(F)F,
88658,C=C[C@@H](N[C@H](c1ccncc1Cl)c1nnnn1-c1ccccc1OC)C1CCC1,(1S)-N-((1R)-(3-chloropyridin-4-yl)(1-(2-methoxyphenyl)-1H-tetrazol-5-yl)methyl)-1-cyclobutylprop-2-en-1-amine,ClC=1C=NC=CC1[C@@H](N[C@@H](C=C)C1CCC1)C1=NN=NN1C1=C(C=CC=C1)OC,C=C[C@@H](N[C@H](c1ccncc1Cl)c1nnnn1-c1ccccc1OC)C1CCC1,C=C[C@H](N[C@H](c1ccncc1Cl)c1nnnn1-c1ccccc1OC)C1CCC1
88707,O=C(NC[C@]1(F)C[C@H](CNC(=O)c2c[nH]nc2-c2ccccc2)C1)c1cnns1,"N-(((1S,3s)-1-fluoro-3-((3-phenyl-1H-pyrazole-4-carboxamido)methyl)cyclobutyl)methyl)-1-thia-2,3-diazacyclopenta-2,4-diene-5-carboxamide",,O=C(NC[C@]1(F)C[C@H](CNC(=O)c2c[nH]nc2-c2ccccc2)C1)c1cnns1,
88719,C#CC1(C(=O)NC[C@]2(F)C[C@@H](CNC(=O)C3(C)CCCCCC3)C2)CC1,"N-(((1S,3r)-3-((1-(ethynyl)cyclopropanecarboxamido)methyl)-3-fluorocyclobutyl)methyl)-1-methylcycloheptanecarboxamide",,C#CC1(C(=O)NC[C@]2(F)C[C@@H](CNC(=O)C3(C)CCCCCC3)C2)CC1,
88733,C[C@@H]1C[C@@H]2C[C@H]2C[C@@H]1C(=O)N1C[C@@H]2CCCN(C(=O)CCCC3CC3)[C@@H]2C1,"4-cyclopropyl-1-((1S,6S)-8-(((1S,3S,4R,6R)-4-methylbicyclo[4.1.0]heptan-3-yl)carbonyl)-2,8-diazabicyclo[4.3.0]nonan-2-yl)butan-1-one",C1(CC1)CCCC(=O)N1[C@@H]2CN(C[C@@H]2CCC1)C(=O)[C@H]1C[C@@H]2C[C@@H]2C[C@H]1C,C[C@@H]1C[C@@H]2C[C@H]2CC1C(=O)N1C[C@@H]2CCCN(C(=O)CCCC3CC3)[C@@H]2C1,C[C@@H]1C[C@H]2C[C@H]2CC1C(=O)N1C[C@@H]2CCCN(C(=O)CCCC3CC3)[C@@H]2C1
88755,C#CC1=CC=C(OC)C(C(=O)N(C)CCCNC(=O)[C@@H]2C[C@@H]3CCC[C@@H](C3)C2)=C1,"(1R,3S,5S)-N-(3-(N-methyl-5-(ethynyl)-2-methoxybenzene-1-carboxamido)propyl)bicyclo[3.3.1]nonane-3-carboxamide",,C#Cc1ccc(OC)c(C(=O)N(C)CCCNC(=O)C2C[C@H]3CCC[C@@H](C2)C3)c1,
88794,O=C(NC[C@H]1[C@@H]2CN(C(=O)c3cnn[nH]3)C[C@H]12)c1n[nH]cc1-c1ccncc1,"4-(pyridin-4-yl)-N-(((1R,5S,6S)-3-((1H-1,2,3-triazol-5-yl)carbonyl)-3-azabicyclo[3.1.0]hexan-6-yl)methyl)-1H-pyrazole-3-carboxamide",,O=C(NC[C@@H]1[C@H]2CN(C(=O)c3c[nH]nn3)C[C@@H]12)c1[nH]ncc1-c1ccncc1,
88804,COCCOCCOCC(=O)N1[C@H]2CC[C@@H]1C[C@@H](CNC(=O)CNS(N)(=O)=O)C2,"2-sulfamoylamino-N-(((1R,3S,5S)-8-(2-((2-((2-methoxyethyl)oxy)ethyl)oxy)-acetyl)-8-azabicyclo[3.2.1]octan-3-yl)methyl)acetamide",,COCCOCCOCC(=O)N1[C@@H]2CC[C@H]1C[C@H](CNC(=O)CNS(N)(=O)=O)C2,
88808,COCCOCCC(=O)NC[C@]1(F)C[C@@H](CNC(=O)[C@@H]2CCS[C@@H](C)C2)C1,"N-(((1S,3r)-1-fluoro-3-(((2S,4R)-2-methylthiane-4-carboxamido)methyl)cyclobutyl)methyl)-3-((2-methoxyethyl)oxy)propanamide",,COCCOCCC(=O)NC[C@]1(F)C[C@@H](CNC(=O)C2CCS[C@@H](C)C2)C1,
88819,Cc1nc(CC(=O)N[C@H]2C[C@](F)(CNC(=O)[C@@H]3CC=CCC3)C2)cs1,"N-((1S,3r)-3-(((1S)-cyclohex-3-ene-1-carboxamido)methyl)-3-fluorocyclobutyl)-2-(2-methylthiazol-4-yl)acetamide",,Cc1nc(CC(=O)N[C@H]2C[C@](F)(CNC(=O)C3CC=CCC3)C2)cs1,
88871,CC(C)(O)CC(=O)N[C@H]1C[C@@H]2C[C@H](C1)CN(C(=O)c1ccc(C#N)s1)C2,"3-hydroxy-3-methyl-N-((1R,5S,7S)-3-((5-(nitrilomethyl)thiophen-2-yl)carbonyl)-3-azabicyclo[3.3.1]nonan-7-yl)butanamide",,CC(C)(O)CC(=O)N[C@@H]1C[C@H]2C[C@@H](C1)CN(C(=O)c1ccc(C#N)s1)C2,
88895,C[C@@H]1CN(C(=O)C[C@@H]2C[C@H]3C[C@H]3C2)CCCN1C(=O)C(F)=Cc1cccnc1,"1-((2R)-4-(2-((1R,3R,5S)-bicyclo[3.1.0]hexan-3-yl)-acetyl)-2-methyl-1,4-diazacycloheptan-1-yl)-2-fluoro-3-(pyridin-3-yl)prop-2-en-1-one",,C[C@@H]1CN(C(=O)C[C@H]2C[C@@H]3C[C@@H]3C2)CCCN1C(=O)C(F)=Cc1cccnc1,
89011,CN(C)C[C@H]1COC[C@@H]1NC(=O)[C@@H]1[C@H]2CN(C(=O)C(C3CC3)C3CC3)C[C@H]21,"(1R,5S,6R)-3-(2,2-dicyclopropyl-acetyl)-N-((3R,4R)-4-((dimethylamino)methyl)oxolan-3-yl)-3-azabicyclo[3.1.0]hexane-6-carboxamide",,CN(C)C[C@H]1COC[C@@H]1NC(=O)C1[C@H]2CN(C(=O)C(C3CC3)C3CC3)C[C@@H]12,
89145,O=C(CCC1CCCCC1)NC[C@]1(F)C[C@H](NC(=O)/C=C/c2cncc(O)c2)C1,"(2E)-N-((1S,3s)-3-((3-cyclohexylpropanamido)methyl)-3-fluorocyclobutyl)-3-(5-hydroxypyridin-3-yl)prop-2-enamide",,O=C(CCC1CCCCC1)NC[C@]1(F)C[C@H](NC(=O)/C=C/c2cncc(O)c2)C1,
89231,CC(C)C(=O)C(=O)N[C@]1(C(=O)NCCC(Cl)Cl)C[C@H](O)C1,"N-((1R,3s)-1-((3,3-dichloropropyl)carbamoyl)-3-hydroxycyclobutyl)-3-methyl-2-oxobutanamide",,CC(C)C(=O)C(=O)N[C@]1(C(=O)NCCC(Cl)Cl)C[C@H](O)C1,
89244,CN1CCC[C@@H](C(=O)N[C@H]2C[C@@H]3CN(Cc4cccc(CO)n4)C[C@@H]3C2)C1,"(3R)-N-((1R,5S,7S)-3-((6-(hydroxymethyl)pyridin-2-yl)methyl)-3-azabicyclo[3.3.0]octan-7-yl)-1-methylpiperidine-3-carboxamide",,CN1CCCC(C(=O)N[C@H]2C[C@@H]3CN(Cc4cccc(CO)n4)C[C@@H]3C2)C1,
89319,Cc1ccc(F)c(C(=O)NC[C@]2(F)C[C@@H](NC(=O)c3cc(Cl)n(C)n3)C2)c1F,"5-chloro-N-((1R,3s)-3-((2,6-difluoro-3-methylbenzene-1-carboxamido)methyl)-3-fluorocyclobutyl)-1-methyl-1H-pyrazole-3-carboxamide",,Cc1ccc(F)c(C(=O)NC[C@]2(F)C[C@@H](NC(=O)c3cc(Cl)n(C)n3)C2)c1F,
89347,CCNC(=O)[C@@H]1CCN(C(=O)[C@@H]2[C@H]3CN([C@@H]4CCNC(C)(C)C4)C[C@H]32)C1,"(3R)-1-(((1R,5S,6R)-3-((4R)-2,2-dimethylpiperidin-4-yl)-3-azabicyclo[3.1.0]hexan-6-yl)carbonyl)-N-ethylpyrrolidine-3-carboxamide",,CCNC(=O)C1CCN(C(=O)C2[C@H]3CN([C@@H]4CCNC(C)(C)C4)C[C@@H]23)C1,
89352,CC(C)(C)CCC(=O)N1C[C@H]2C[C@H](NC(=O)c3ccc(OC(F)F)cn3)C[C@H]2C1,"5-((difluoromethyl)oxy)-N-((1R,5S,7S)-3-(4,4-dimethyl-pentanoyl)-3-azabicyclo[3.3.0]octan-7-yl)pyridine-2-carboxamide",,CC(C)(C)CCC(=O)N1C[C@H]2C[C@H](NC(=O)c3ccc(OC(F)F)cn3)C[C@H]2C1,
89386,CCCN(CCNC(=O)[C@H]1CCN(C(C)=O)C1)C(=O)[C@@H]1[C@H]2CCC[C@H]21,"(3S)-1-(acetyl)-N-(2-(N-propyl(1R,5S,6R)-bicyclo[3.1.0]hexane-6-carboxamido)ethyl)pyrrolidine-3-carboxamide",,CCCN(CCNC(=O)C1CCN(C(C)=O)C1)C(=O)C1[C@H]2CCC[C@@H]12,
89521,CN1CCC[C@H](C(=O)NC[C@H]2[C@@H]3CN(C(=O)CCCCCNC(N)=O)C[C@H]23)C1,"(3S)-N-(((1R,5S,6S)-3-(6-(carbamoylamino)-hexanoyl)-3-azabicyclo[3.1.0]hexan-6-yl)methyl)-1-methylpiperidine-3-carboxamide",,CN1CCCC(C(=O)NC[C@@H]2[C@H]3CN(C(=O)CCCCCNC(N)=O)C[C@@H]23)C1,
89547,COc1cc(C(=O)NC[C@]2(F)C[C@H](CNC(=O)[C@@H](C)CSC)C2)nn1C,"N-(((1S,3s)-1-fluoro-3-(((2R)-2-((methylsulfanyl)methyl)propanamido)methyl)cyclobutyl)methyl)-5-methoxy-1-methyl-1H-pyrazole-3-carboxamide",,COc1cc(C(=O)NC[C@]2(F)C[C@H](CNC(=O)C(C)CSC)C2)nn1C,
89623,C[C@@H]1C[C@]2(C(=O)N3CC[C@]4(CCCN4C(=O)CCc4ccco4)C3)C[C@H]12,"3-(furan-2-yl)-1-((5R)-2-(((1S,3R,4R)-3-methylbicyclo[2.1.0]pentan-1-yl)carbonyl)-2,6-diazaspiro[4.4]nonan-6-yl)propan-1-one",O1C(=CC=C1)CCC(=O)N1[C@@]2(CCN(C2)C(=O)[C@]23C[C@H]([C@H]3C2)C)CCC1,C[C@@H]1C[C@]2(C(=O)N3CC[C@]4(CCCN4C(=O)CCc4ccco4)C3)C[C@H]12,C[C@@H]1C[C@@]2(C(=O)N3CC[C@]4(CCCN4C(=O)CCc4ccco4)C3)C[C@H]12
89651,CCC(CC)N(C)CCC(=O)N[C@H]1[C@@H]2CN(C(=O)c3cn4nc(C)sc4n3)C[C@@H]21,"N-((1R,5S,6S)-3-((3-methyl-2-thia-4,5,8-triazabicyclo[3.3.0]octa-1(8),3,6-trien-7-yl)carbonyl)-3-azabicyclo[3.1.0]hexan-6-yl)-3-((pentan-3-yl)(methyl)amino)propanamide",,CCC(CC)N(C)CCC(=O)N[C@H]1[C@@H]2CN(C(=O)c3cn4nc(C)sc4n3)C[C@@H]21,
89654,Cc1nnsc1C(=O)N1C[C@H]2[C@H](N(C)C(=O)C3=C[C@H]4CC[C@H]3C4)[C@H]2C1,"(1S,4S)-N-methyl-N-((1R,5S,6S)-3-((4-methyl-1-thia-2,3-diazacyclopenta-2,4-dien-5-yl)carbonyl)-3-azabicyclo[3.1.0]hexan-6-yl)bicyclo[2.2.1]hept-2-ene-2-carboxamide",,Cc1nnsc1C(=O)N1C[C@@H]2[C@H](C1)[C@H]2N(C)C(=O)C1=C[C@H]2CC[C@H]1C2,
89661,CCNC(=O)CC(=O)N[C@]1(C)C[C@H](C(=O)N[C@H]2CCCC[C@]2(C)O)C1,"N-ethyl-N'-((1R,3s)-3-(((1S,2S)-2-hydroxy-2-methylcyclohexyl)carbamoyl)-1-methylcyclobutyl)propanediamide",,CCNC(=O)CC(=O)NC1(C)CC(C(=O)N[C@H]2CCCC[C@]2(C)O)C1,
89667,O=C(C[C@@H]1CCOc2ccccc21)NC[C@]1(F)C[C@@H](CNC(=O)C2CCCC2)C1,"N-(((1R,3s)-3-(cyclopentanecarboxamidomethyl)-1-fluorocyclobutyl)methyl)-2-((5S)-2-oxabicyclo[4.4.0]deca-1(10),6,8-trien-5-yl)acetamide",,O=C(C[C@@H]1CCOc2ccccc21)NC[C@]1(F)C[C@@H](CNC(=O)C2CCCC2)C1,
89670,CC/C=C/C[C@@H](C)C(=O)NCC(C)(C)CC(=O)NC[C@@]1(CO)C[C@@H]2C[C@@H]2C1,"(2R,4E)-N-(4-((((1R,3R,5S)-3-(hydroxymethyl)bicyclo[3.1.0]hexan-3-yl)methyl)amino)-2,2-dimethyl-4-oxobutyl)-2-methylhept-4-enamide",,CC/C=C/CC(C)C(=O)NCC(C)(C)CC(=O)NC[C@]1(CO)C[C@H]2C[C@H]2C1,
89675,C#CC[C@@H](Cc1ccccc1)NC(=O)c1cc(O)ccc1C(C)C,5-hydroxy-N-((2R)-1-phenylpent-4-yn-2-yl)-2-(propan-2-yl)benzamide,OC=1C=CC(=C(C(=O)N[C@@H](CC2=CC=CC=C2)CC#C)C1)C(C)C,C#CC[C@@H](Cc1ccccc1)NC(=O)c1cc(O)ccc1C(C)C,C#CC[C@H](Cc1ccccc1)NC(=O)c1cc(O)ccc1C(C)C
89725,C=C[C@H](O)C(=O)N[C@H]1C[C@](F)(CNC(=O)C(C)(C)N2CCCC2)C1,"(2S)-N-((1R,3s)-3-fluoro-3-((2-methyl-2-(pyrrolidin-1-yl)propanamido)methyl)cyclobutyl)-2-hydroxybut-3-enamide",,C=CC(O)C(=O)N[C@H]1C[C@](F)(CNC(=O)C(C)(C)N2CCCC2)C1,
89759,CCC1(C)CC(NC(=O)C[C@H]2[C@@H]3CN(C(=O)c4ocnc4C4CC4)C[C@H]23)C1,"2-((1R,5S,6S)-3-((4-cyclopropyloxazol-5-yl)carbonyl)-3-azabicyclo[3.1.0]hexan-6-yl)-N-(3-ethyl-3-methylcyclobutyl)acetamide",,CCC1(C)CC(NC(=O)C[C@@H]2[C@H]3CN(C(=O)c4ocnc4C4CC4)C[C@@H]23)C1,
89866,COCc1nn[nH]c1C(=O)N1C[C@H]2[C@H](NC(=O)COCCc3cccs3)[C@H]2C1,"N-((1R,5S,6S)-3-((4-(methoxymethyl)-1H-1,2,3-triazol-5-yl)carbonyl)-3-azabicyclo[3.1.0]hexan-6-yl)-2-((2-(thiophen-2-yl)ethyl)oxy)acetamide",,COCc1[nH]nnc1C(=O)N1C[C@@H]2[C@H](C1)[C@H]2NC(=O)COCCc1cccs1,
89869,CN(C)CC1(C(=O)NC[C@H]2[C@@H]3CN(C(=O)Cn4nccn4)C[C@H]23)CC1,"1-((dimethylamino)methyl)-N-(((1R,5S,6S)-3-(1-oxo-2-(2H-1,2,3-triazol-2-yl)ethyl)-3-azabicyclo[3.1.0]hexan-6-yl)methyl)cyclopropanecarboxamide",,CN(C)CC1(C(=O)NC[C@@H]2[C@H]3CN(C(=O)Cn4nccn4)C[C@@H]23)CC1,
89879,CCc1c(C(=O)N[C@H]2C[C@](C)(NC(=O)[C@H]3CCC(C)(C)CO3)C2)nnn1C,"N-((1R,3r)-3-((2R)-5,5-dimethyloxane-2-carboxamido)-3-methylcyclobutyl)-5-ethyl-1-methyl-1H-1,2,3-triazole-4-carboxamide",,CCc1c(C(=O)N[C@H]2C[C@](C)(NC(=O)C3CCC(C)(C)CO3)C2)nnn1C,
89907,C[C@H](Cc1ccc2c(c1)OCO2)N1C[C@H]2[C@@H](C1)[C@@H]2C(=O)N1CCN2CCC[C@@H]2C1,"1-((6R)-1,4-diazabicyclo[4.3.0]nonan-4-yl)-1-((1R,5S,6R)-3-((2R)-1-(7,9-dioxabicyclo[4.3.0]nona-1(6),2,4-trien-3-yl)propan-2-yl)-3-azabicyclo[3.1.0]hexan-6-yl)methanone",,C[C@H](Cc1ccc2c(c1)OCO2)N1C[C@@H]2C(C(=O)N3CCN4CCC[C@@H]4C3)[C@@H]2C1,
89914,Cc1ccc(O)c(C(=O)N[C@H]2C[C@](F)(CNC(=O)[C@H](C)CSC(F)(F)F)C2)c1,"N-((1S,3r)-3-fluoro-3-(((2S)-2-(((trifluoromethyl)sulfanyl)methyl)propanamido)methyl)cyclobutyl)-2-hydroxy-5-methylbenzene-1-carboxamide",,Cc1ccc(O)c(C(=O)N[C@H]2C[C@](F)(CNC(=O)C(C)CSC(F)(F)F)C2)c1,
89993,CC(C)=CC(=O)N[C@H]1C[C@@H]2CCC[C@H](C1)N2C(=O)Nc1ccc2ccccc2c1,"3-methyl-N-((1R,3S,5S)-9-(((naphthalen-2-yl)amino)carbonyl)-9-azabicyclo[3.3.1]nonan-3-yl)but-2-enamide",,CC(C)=CC(=O)N[C@@H]1C[C@H]2CCC[C@@H](C1)N2C(=O)Nc1ccc2ccccc2c1,
90002,NC(=O)C(=O)N1C[C@H]2[C@H](NC(=O)C3=CC4=C(SC=C4)S3)[C@H]2C1,"2-((1R,5S,6S)-6-(2,8-dithiabicyclo[3.3.0]octa-1(5),3,6-triene-3-carboxamido)-3-azabicyclo[3.1.0]hexan-3-yl)-2-oxoacetamide",,NC(=O)C(=O)N1C[C@@H]2[C@H](C1)[C@H]2NC(=O)c1cc2ccsc2s1,
90073,CN1CC2(CC2)C[C@H]1C(=O)N1C[C@@H]2CN(C(=O)[C@@H]3[C@H]4COC[C@H]43)C[C@@H]2C(F)(F)C1,"1-((1S,6R)-5,5-difluoro-8-(((1R,5S,6R)-3-oxabicyclo[3.1.0]hexan-6-yl)carbonyl)-3,8-diazabicyclo[4.3.0]nonan-3-yl)-1-((6S)-5-methyl-5-azaspiro[2.4]heptan-6-yl)methanone",,CN1CC2(CC2)CC1C(=O)N1C[C@@H]2CN(C(=O)C3[C@H]4COC[C@@H]34)C[C@@H]2C(F)(F)C1,
90209,Nc1cc(Cl)nc(Cl)c1C(=O)N1[C@H]2CC[C@@H]1C[C@H](NC(=O)C[C@H]1CCC(=O)N1)C2,"N-((1R,3R,5S)-8-((4-amino-2,6-dichloropyridin-3-yl)carbonyl)-8-azabicyclo[3.2.1]octan-3-yl)-2-((2R)-5-oxopyrrolidin-2-yl)acetamide",,Nc1cc(Cl)nc(Cl)c1C(=O)N1[C@@H]2CC[C@H]1C[C@@H](NC(=O)C[C@H]1CCC(=O)N1)C2,
90244,CCNc1scnc1C(=O)N(C)CCCCNC(=O)CC1C[C@@H]2C[C@H]2C1,"N-(4-(2-((1R,5R)-bicyclo[3.1.0]hexan-3-yl)acetamido)butyl)-5-(ethylamino)-N-methylthiazole-4-carboxamide",[C@H]12CC(C[C@H]2C1)CC(=O)NCCCCN(C(=O)C=1N=CSC1NCC)C,CCNc1scnc1C(=O)N(C)CCCCNC(=O)CC1C[C@@H]2C[C@H]2C1,CCNc1scnc1C(=O)N(C)CCCCNC(=O)CC1C[C@H]2C[C@@H]2C1
90390,CN(CC(=O)NCC1CCN(C(=O)[C@]2(C)C[C@@H](C#N)C2)CC1)[C@@H]1CCSC1,"N-((1-(((1R,3r)-1-methyl-3-(nitrilomethyl)cyclobutyl)carbonyl)piperidin-4-yl)methyl)-2-(((3R)-thiolan-3-yl)(methyl)amino)acetamide",,CN(CC(=O)NCC1CCN(C(=O)[C@]2(C)C[C@@H](C#N)C2)CC1)[C@@H]1CCSC1,
90432,CN(C)C(=O)CCC(=O)N1[C@@H]2COC[C@H]1C[C@@H](NC(=O)[C@H]1CC[C@H](O)C1)C2,"4-((1R,5S,7S)-7-((1S,3S)-3-hydroxycyclopentanecarboxamido)-3-oxa-9-azabicyclo[3.3.1]nonan-9-yl)-N,N-dimethyl-4-oxobutanamide",,CN(C)C(=O)CCC(=O)N1[C@@H]2COC[C@H]1C[C@@H](NC(=O)C1CC[C@H](O)C1)C2,
90470,C[C@@H]1OC(=O)N[C@@H]1C(=O)NC[C@H]1C[C@@](F)(CNC(=O)CCC[C@H]2C[C@H]2C)C1,"(4S,5S)-N-(((1S,3s)-3-fluoro-3-((4-((1S,2R)-2-methylcyclopropyl)butanamido)methyl)cyclobutyl)methyl)-5-methyl-2-oxo-oxazolidine-4-carboxamide",,C[C@@H]1OC(=O)NC1C(=O)NC[C@H]1C[C@@](F)(CNC(=O)CCC[C@H]2C[C@H]2C)C1,
90502,CC[C@H](C(=O)N1C[C@H](C(F)F)[C@@H](NC(=O)[C@]23CCC[C@H]2CCC3)C1)C(C)(C)CC,"N-((3R,4S)-4-(difluoromethyl)-1-((2S)-2-ethyl-3,3-dimethyl-pentanoyl)pyrrolidin-3-yl)bicyclo[3.3.0]octane-1-carboxamide",FC([C@@H]1[C@H](CN(C1)C([C@H](C(CC)(C)C)CC)=O)NC(=O)C12CCCC2CCC1)F,CCC(C(=O)N1C[C@H](NC(=O)[C@]23CCC[C@H]2CCC3)[C@@H](C(F)F)C1)C(C)(C)CC,CCC(C(=O)N1C[C@H](NC(=O)C23CCCC2CCC3)[C@@H](C(F)F)C1)C(C)(C)CC
90518,COc1ccc(C(=O)NC[C@H](C)NC(=O)[C@@H]2[C@H]3COC[C@H]32)c(OC2CCCC2)c1,"(1R,5S,6R)-N-((2S)-1-(2-(cyclopentyloxy)-4-methoxybenzene-1-carboxamido)propan-2-yl)-3-oxabicyclo[3.1.0]hexane-6-carboxamide",,COc1ccc(C(=O)NC[C@H](C)NC(=O)C2[C@H]3COC[C@@H]23)c(OC2CCCC2)c1,
90540,C#C[C@]1(O)C[C@@H](C(=O)N2[C@@H](C(=O)N(C)[C@H](C)CCCC)CCC23CC3)C1,"(5R)-4-(((1R,3s)-3-(ethynyl)-3-hydroxycyclobutyl)carbonyl)-N-((2R)-hexan-2-yl)-N-methyl-4-azaspiro[2.4]heptane-5-carboxamide",,C#CC1(O)CC(C(=O)N2C(C(=O)N(C)[C@H](C)CCCC)CCC23CC3)C1,
90549,CC(C)C(C(=O)N[C@H]1C[C@](F)(CNC(=O)c2cnn(C(C)C)n2)C1)C(C)C,"N-((1R,3s)-3-fluoro-3-((2-(propan-2-yl)-2H-1,2,3-triazole-4-carboxamido)methyl)cyclobutyl)-3-methyl-2-(propan-2-yl)butanamide",,CC(C)C(C(=O)N[C@H]1C[C@](F)(CNC(=O)c2cnn(C(C)C)n2)C1)C(C)C,
90577,Cc1cc(C(=O)N2C[C@H]3[C@H](CNC(=O)[C@H]4CC5(CC5)CO4)[C@H]3C2)c(C)o1,"(6R)-N-(((1R,5S,6S)-3-((2,5-dimethylfuran-3-yl)carbonyl)-3-azabicyclo[3.1.0]hexan-6-yl)methyl)-5-oxaspiro[2.4]heptane-6-carboxamide",,Cc1cc(C(=O)N2C[C@@H]3[C@@H](CNC(=O)C4CC5(CC5)CO4)[C@@H]3C2)c(C)o1,
90596,CC(C)(C)[C@@H](CNC(=O)[C@H]1C[C@@H]2CC[C@H](C1)O2)C(=O)NC1CCCC1,"(1R,3S,5S)-N-((2S)-2-(cyclopentylcarbamoyl)-3,3-dimethylbutyl)-8-oxabicyclo[3.2.1]octane-3-carboxamide",,CC(C)(C)C(CNC(=O)C1C[C@H]2CC[C@@H](C1)O2)C(=O)NC1CCCC1,
90599,NC(=O)Cc1ccccc1NC(=O)[C@@H]1C[C@@H]2C[C@@H]2C1,"2-(2-((1R,3R,5S)-bicyclo[3.1.0]hexane-3-carboxamido)phenyl)acetamide",,NC(=O)Cc1ccccc1NC(=O)C1C[C@@H]2C[C@@H]2C1,
90768,O=C(N[C@H]1[C@@H]2CN(C(=O)c3cnoc3-c3ccoc3)C[C@@H]21)[C@@H]1C[C@H]1c1cncs1,"(1R,2R)-N-((1R,5S,6S)-3-((5-(furan-3-yl)isoxazol-4-yl)carbonyl)-3-azabicyclo[3.1.0]hexan-6-yl)-2-(thiazol-5-yl)cyclopropanecarboxamide",,O=C(N[C@H]1[C@@H]2CN(C(=O)c3cnoc3-c3ccoc3)C[C@@H]21)C1C[C@H]1c1cncs1,
90781,Cc1nc2cccc(C(=O)N[C@]3(C)C[C@H](NC(=O)C[C@H]4CCC[C@@H](C)C4)C3)c2[nH]1,"2-methyl-N-((1R,3s)-1-methyl-3-(2-((1S,3R)-3-methylcyclohexyl)acetamido)cyclobutyl)-1H-benzimidazole-7-carboxamide",,Cc1nc2c(C(=O)N[C@]3(C)C[C@H](NC(=O)C[C@H]4CCC[C@@H](C)C4)C3)cccc2[nH]1,
90798,O=C(CN1C(=O)CCC1=O)NC[C@H]1CCCCN1C(=O)[C@H]1C[C@@](F)(CO)C1,"2-(2,5-dioxopyrrolidin-1-yl)-N-(((2R)-1-(((1S,3s)-3-fluoro-3-(hydroxymethyl)cyclobutyl)carbonyl)piperidin-2-yl)methyl)acetamide",,O=C(Cn1c(O)ccc1O)NC[C@H]1CCCCN1C(=O)C1CC(F)(CO)C1,
90799,CC[C@@H]1[C@@H](NC(=O)CCCC#N)CCCN1C(=O)[C@@H]1[C@H]2COC[C@H]21,"4-cyano-N-((2R,3S)-2-ethyl-1-(((1R,5S,6R)-3-oxabicyclo[3.1.0]hexan-6-yl)carbonyl)piperidin-3-yl)butanamide",,CC[C@@H]1[C@@H](NC(=O)CCCC#N)CCCN1C(=O)C1[C@H]2COC[C@@H]12,
90870,C#C[C@H](CCC)NC(=NC[C@H]1C[C@](OC)(C(F)(F)F)C1)NC(CC)CC,"N-((3S)-hex-1-yn-3-yl)-1-((((1S,3r)-3-methoxy-3-(trifluoromethyl)cyclobutyl)methyl)imino)-N'-(pentan-3-yl)methanediamine",,C#C[C@H](CCC)N=C(NC[C@H]1C[C@](OC)(C(F)(F)F)C1)NC(CC)CC,
90886,CC1(C)C[C@@H]1C(=O)NC[C@]12C[C@@H]1CN(C(=O)[C@H]1C[C@H]3[C@@H](C1)C3(F)F)C2,"(1S)-N-(((1S,5S)-3-(((1R,3S,5S)-6,6-difluorobicyclo[3.1.0]hexan-3-yl)carbonyl)-3-azabicyclo[3.1.0]hexan-1-yl)methyl)-2,2-dimethylcyclopropanecarboxamide",,CC1(C)CC1C(=O)NC[C@]12C[C@@H]1CN(C(=O)C1C[C@@H]3[C@H](C1)C3(F)F)C2,
90943,C[C@]1(O)C[C@@H](C(=O)N2CCN(C(=O)c3cnn(-c4ccccc4)c3)C[C@H]2CF)C1,"1-((2S)-2-(fluoromethyl)-4-((1-phenyl-1H-pyrazol-4-yl)carbonyl)piperazin-1-yl)-1-((1S,3r)-3-hydroxy-3-methylcyclobutyl)methanone",,CC1(O)CC(C(=O)N2CCN(C(=O)c3cnn(-c4ccccc4)c3)C[C@H]2CF)C1,
90962,C[C@H](NC(=O)[C@@H]1[C@H]2COC[C@H]21)c1ccc(-c2ccn(-c3ccccc3)n2)cc1,"(1R,5S,6R)-N-((1S)-1-(4-(1-phenyl-1H-pyrazol-3-yl)phenyl)ethyl)-3-oxabicyclo[3.1.0]hexane-6-carboxamide",,C[C@H](NC(=O)C1[C@H]2COC[C@@H]12)c1ccc(-c2ccn(-c3ccccc3)n2)cc1,
90963,CC[C@H](C)C(=O)N1C[C@H]2[C@H](CNC(=O)CNC(=O)c3cccc(C)c3)[C@H]2C1,"N-(((1R,5S,6S)-3-((2S)-2-methyl-butyryl)-3-azabicyclo[3.1.0]hexan-6-yl)methyl)-2-(3-methylbenzene-1-carboxamido)acetamide",,CCC(C)C(=O)N1C[C@@H]2[C@@H](CNC(=O)CNC(=O)c3cccc(C)c3)[C@@H]2C1,
90984,CCc1ccccc1C(=O)N[C@]1(C)C[C@H](NC(=O)C(C)(C)CC(=O)OC)C1,"methyl 3-(((1S,3r)-3-(2-ethylbenzene-1-carboxamido)-3-methylcyclobutyl)carbamoyl)-3-methylbutanoate",,CCc1ccccc1C(=O)N[C@]1(C)C[C@H](NC(=O)C(C)(C)CC(=O)OC)C1,
90989,C[C@H]1C[C@@]2(C(=O)NCCCCCc3ccc(F)cc3)C[C@@H]12,"(1R,3S,4S)-N-(5-(4-fluorophenyl)pentyl)-3-methylbicyclo[2.1.0]pentane-1-carboxamide",FC1=CC=C(C=C1)CCCCCNC(=O)[C@@]12C[C@@H]([C@@H]2C1)C,C[C@H]1C[C@@]2(C(=O)NCCCCCc3ccc(F)cc3)C[C@@H]12,C[C@H]1C[C@]2(C(=O)NCCCCCc3ccc(F)cc3)C[C@@H]12
91017,C=CC(C)(C)CC(=O)N1[C@H]2CC[C@@H]1C[C@@H](N(C)C(=O)CCc1cc(C)on1)C2,"N-((1R,3S,5S)-8-(3,3-dimethyl-1-oxopent-4-en-1-yl)-8-azabicyclo[3.2.1]octan-3-yl)-N-methyl-3-(5-methylisoxazol-3-yl)propanamide",,C=CC(C)(C)CC(=O)N1[C@@H]2CC[C@H]1C[C@H](N(C)C(=O)CCc1cc(C)on1)C2,
91020,O=C(N[C@H]1[C@@H]2CN(C(=O)Cc3cncnc3O)C[C@@H]21)[C@@H]1CCOC1,"(3R)-N-((1R,5S,6S)-3-(2-(4-hydroxypyrimidin-5-yl)-acetyl)-3-azabicyclo[3.1.0]hexan-6-yl)oxolane-3-carboxamide",,O=C(N[C@H]1[C@@H]2CN(C(=O)Cc3c[nH]cnc3=O)C[C@@H]21)C1CCOC1,
91037,C[C@@H](OCC(=O)N1C[C@H]2[C@H](NC(=O)CN(C)C)[C@H]2C1)c1nccn1C,"2-(dimethylamino)-N-((1R,5S,6S)-3-(2-(((1R)-1-(1-methyl-1H-imidazol-2-yl)ethyl)oxy)-acetyl)-3-azabicyclo[3.1.0]hexan-6-yl)acetamide",,C[C@@H](OCC(=O)N1C[C@@H]2[C@H](C1)[C@H]2NC(=O)CN(C)C)c1nccn1C,
91202,O=CNc1ccc(C(=O)N[C@@H]2[C@H]3C[C@H](NC(=O)C[C@@H](O)C4CCCC4)C[C@H]32)cc1,"(3R)-3-cyclopentyl-N-((1R,3S,5S,6R)-6-(4-formamidobenzene-1-carboxamido)bicyclo[3.1.0]hexan-3-yl)-3-hydroxypropanamide",,O=CNc1ccc(C(=O)N[C@H]2[C@@H]3C[C@@H](NC(=O)C[C@@H](O)C4CCCC4)C[C@@H]32)cc1,
91216,CC(C)[C@H](CO)CCNC(=O)[C@@H]1C[C@@H]2CCC[C@@H]2N1C(=O)CC1C[C@H]2C[C@@H]2C1,"(1S,3S,5S)-2-(2-((1S,5S)-bicyclo[3.1.0]hexan-3-yl)-acetyl)-N-((3R)-3-(hydroxymethyl)-4-methylpentyl)-2-azabicyclo[3.3.0]octane-3-carboxamide",[C@@H]12CC(C[C@@H]2C1)CC(=O)N1[C@H]2CCC[C@H]2C[C@H]1C(=O)NCC[C@H](C(C)C)CO,CC(C)[C@H](CO)CCNC(=O)C1C[C@@H]2CCC[C@@H]2N1C(=O)CC1C[C@H]2C[C@@H]2C1,CC(C)[C@H](CO)CCNC(=O)C1C[C@@H]2CCC[C@@H]2N1C(=O)CC1C[C@@H]2C[C@H]2C1
91256,O=C(CC(=O)c1ccc(O)cc1)N[C@H]1[C@@H]2CN(C(=O)c3cc4ccsc4[nH]3)C[C@@H]21,"3-(4-hydroxyphenyl)-3-oxo-N-((1R,5S,6S)-3-((2-thia-8-azabicyclo[3.3.0]octa-1(5),3,6-trien-7-yl)carbonyl)-3-azabicyclo[3.1.0]hexan-6-yl)propanamide",,O=C(CC(=O)c1ccc(O)cc1)N[C@H]1[C@@H]2CN(C(=O)c3cc4ccsc4[nH]3)C[C@@H]21,
91277,C/C=C/C[C@@H](CC)C(=O)NC[C@H]1C[C@](F)(CNC(=O)[C@@]2(COC)CCC(=O)N2)C1,"(2R,4E)-2-ethyl-N-(((1S,3r)-3-fluoro-3-(((2S)-2-(methoxymethyl)-5-oxopyrrolidine-2-carboxamido)methyl)cyclobutyl)methyl)hex-4-enamide",,C/C=C/CC(CC)C(=O)NC[C@H]1C[C@](F)(CNC(=O)[C@@]2(COC)CCC(=O)N2)C1,
91342,C[C@H]1CCCN1CC(=O)NC[C@H]1CC[C@@](F)(CNC(=O)[C@@](C)(O)C2CCC2)CC1,"(2S)-2-cyclobutyl-N-(((1S,4s)-1-fluoro-4-((2-((2S)-2-methylpyrrolidin-1-yl)acetamido)methyl)cyclohexyl)methyl)-2-hydroxypropanamide",,C[C@H]1CCCN1CC(=O)NC[C@H]1CC[C@@](F)(CNC(=O)[C@@](C)(O)C2CCC2)CC1,
91432,COC(=O)[C@H]1C[C@H](C)N(C(=O)c2cnc(C)cc2Cl)[C@H](C)C1,"methyl (2R,4S,6S)-1-((4-chloro-6-methylpyridin-3-yl)carbonyl)-2,6-dimethylpiperidine-4-carboxylate",,COC(=O)C1C[C@@H](C)N(C(=O)c2cnc(C)cc2Cl)[C@@H](C)C1,
91493,COC[C@H]1C[C@@H]1C(=O)N[C@]1(C)C[C@@H](NC(=O)[C@H](C)c2ccc(C#N)cc2)C1,"(1S,2S)-2-(methoxymethyl)-N-((1S,3s)-1-methyl-3-((2R)-2-(4-(nitrilomethyl)phenyl)propanamido)cyclobutyl)cyclopropanecarboxamide",,COC[C@H]1CC1C(=O)N[C@]1(C)C[C@@H](NC(=O)C(C)c2ccc(C#N)cc2)C1,
91494,CCCN(C)CC(=O)N(CCCCCNC(=O)[C@H]1C[C@@H]2CC[C@H](C1)[C@@H]2O)C(C)C,"N-(5-((1R,3S,5S,8R)-8-hydroxybicyclo[3.2.1]octane-3-carboxamido)pentyl)-2-((methyl)(propyl)amino)-N-(propan-2-yl)acetamide",,CCCN(C)CC(=O)N(CCCCCNC(=O)C1C[C@H]2CC[C@@H](C1)[C@H]2O)C(C)C,
91511,C=C[C@@H](NC(=O)CCCN(C)C(=O)CC1OCCCO1)C1CCC1,"N-((1S)-1-cyclobutylprop-2-en-1-yl)-4-(N-methyl-2-(1,3-dioxan-2-yl)acetamido)butanamide",C1(CCC1)[C@H](C=C)NC(CCCN(C(CC1OCCCO1)=O)C)=O,C=C[C@@H](NC(=O)CCCN(C)C(=O)CC1OCCCO1)C1CCC1,C=C[C@H](NC(=O)CCCN(C)C(=O)CC1OCCCO1)C1CCC1
91516,CC(=O)OCCC(=O)NC[C@]1(C)CCN(C(=O)[C@@H]2C[C@@H]3C[C@H]3C[C@H]2C)C1,"3-((((3S)-3-methyl-1-(((1S,3R,4R,6R)-4-methylbicyclo[4.1.0]heptan-3-yl)carbonyl)pyrrolidin-3-yl)methyl)amino)-3-oxopropyl acetate",C(C)(=O)OCCC(=O)NC[C@]1(CN(CC1)C(=O)[C@@H]1C[C@@H]2C[C@@H]2C[C@H]1C)C,CC(=O)OCCC(=O)NC[C@]1(C)CCN(C(=O)C2C[C@@H]3C[C@H]3C[C@H]2C)C1,CC(=O)OCCC(=O)NC[C@]1(C)CCN(C(=O)C2C[C@@H]3C[C@@H]3C[C@H]2C)C1
91536,C[C@H]1CN(C(=O)Cc2ccc(O)cc2)C[C@H]1NC(=O)[C@@H]1C[C@@H]2CS(=O)(=O)C[C@@H]2C1,"(1R,5S,7R)-N-((3S,4S)-1-(2-(4-hydroxyphenyl)-acetyl)-4-methylpyrrolidin-3-yl)-3,3-dioxo-3lambda^6-thiabicyclo[3.3.0]octane-7-carboxamide",,C[C@H]1CN(C(=O)Cc2ccc(O)cc2)C[C@H]1NC(=O)C1C[C@@H]2CS(=O)(=O)C[C@@H]2C1,
91715,CC[C@H](CC(=O)N[C@H]1C[C@@H]2CN(C(=O)C(C)=C(C)C)C[C@@H]2C1)C1CC1,"(3R)-3-cyclopropyl-N-((1R,5S,7S)-3-(2,3-dimethyl-1-oxobut-2-en-1-yl)-3-azabicyclo[3.3.0]octan-7-yl)pentanamide",,CC[C@H](CC(=O)N[C@H]1C[C@@H]2CN(C(=O)C(C)=C(C)C)C[C@@H]2C1)C1CC1,
91720,CO[C@H](C(=O)N[C@@H]1C[C@H](NC(=O)[C@H]2C[C@H]3[C@@H](C2)C3(C)C)C[C@H]1O)C1CCC1,"(2S)-2-cyclobutyl-N-((1R,2R,4S)-4-((1R,3S,5S)-6,6-dimethylbicyclo[3.1.0]hexane-3-carboxamido)-2-hydroxycyclopentyl)-2-methoxyacetamide",,COC(C(=O)N[C@@H]1C[C@H](NC(=O)C2C[C@@H]3[C@H](C2)C3(C)C)C[C@H]1O)C1CCC1,
91815,CCc1cnoc1C(=O)N[C@]1(C)C[C@@H](NC(=O)[C@H]2CC(=O)NC2(C)C)C1,"N-((1R,3r)-3-((3S)-2,2-dimethyl-5-oxopyrrolidine-3-carboxamido)-1-methylcyclobutyl)-4-ethylisoxazole-5-carboxamide",,CCc1cnoc1C(=O)N[C@]1(C)C[C@@H](NC(=O)C2CC(=O)NC2(C)C)C1,
91816,CCN(CC(=O)N1C[C@H]2[C@H](CN(C)C(=O)[C@H](C)C(F)(F)C(F)F)[C@H]2C1)C1CC1,"(2S)-N-(((1R,5S,6S)-3-(2-((cyclopropyl)(ethyl)amino)-acetyl)-3-azabicyclo[3.1.0]hexan-6-yl)methyl)-3,3,4,4-tetrafluoro-2,N-dimethylbutanamide",,CCN(CC(=O)N1C[C@@H]2[C@@H](CN(C)C(=O)C(C)C(F)(F)C(F)F)[C@@H]2C1)C1CC1,
91851,COCc1ccc(C(=O)N(C)[C@H]2[C@@H]3CN(C(=O)[C@@]4(CO)CC4(F)F)C[C@@H]32)cc1F,"N-((1R,5S,6S)-3-(((1S)-2,2-difluoro-1-(hydroxymethyl)cyclopropyl)carbonyl)-3-azabicyclo[3.1.0]hexan-6-yl)-3-fluoro-4-(methoxymethyl)-N-methylbenzene-1-carboxamide",,COCc1ccc(C(=O)N(C)[C@H]2[C@@H]3CN(C(=O)[C@@]4(CO)CC4(F)F)C[C@@H]32)cc1F,
91873,CC(C)=CCC(=O)N1C[C@H]2[C@H](CN(C)C(=O)C3CN(S(=O)(=O)N(C)C)C3)[C@H]2C1,"1-(dimethylsulfamoyl)-N-methyl-N-(((1R,5S,6S)-3-(4-methyl-1-oxopent-3-en-1-yl)-3-azabicyclo[3.1.0]hexan-6-yl)methyl)azetidine-3-carboxamide",,CC(C)=CCC(=O)N1C[C@@H]2[C@@H](CN(C)C(=O)C3CN(S(=O)(=O)N(C)C)C3)[C@@H]2C1,
91917,C=C[C@H](NC(=O)CC1CC2(C1)CN(C(=O)[C@H]1CCC(F)(F)C1)C2)C1CCC1,"N-((1R)-1-cyclobutylprop-2-en-1-yl)-2-(6-(((1S)-3,3-difluorocyclopentyl)carbonyl)-6-azaspiro[3.3]heptan-2-yl)acetamide",C1(CCC1)[C@@H](C=C)NC(CC1CC2(C1)CN(C2)C(=O)[C@@H]2CC(CC2)(F)F)=O,C=C[C@H](NC(=O)CC1CC2(C1)CN(C(=O)C1CCC(F)(F)C1)C2)C1CCC1,C=C[C@@H](NC(=O)CC1CC2(C1)CN(C(=O)C1CCC(F)(F)C1)C2)C1CCC1
91945,CC(CO)(CO)COC(=O)C1=CN(C(=O)OC(C)(C)C)CCC1,"3-2,2-bis(hydroxymethyl)propyl 1-tert-butyl 1-azacyclohex-2-ene-1,3-dicarboxylate",,CC(CO)(CO)COC(=O)C1=CN(C(=O)OC(C)(C)C)CCC1,
91993,C[C@]1(NC(=O)C2=CCC2)C[C@H](NC(=O)c2cc3cc(Br)cc(F)c3o2)C1,"5-bromo-N-((1R,3r)-3-(cyclobut-1-ene-1-carboxamido)-3-methylcyclobutyl)-7-fluoro-1-benzofuran-2-carboxamide",,C[C@]1(NC(=O)C2=CCC2)C[C@H](NC(=O)c2cc3cc(Br)cc(F)c3o2)C1,
92024,C=CCC1(C(=O)N[C@H]2C[C@]3(CCCCN3C(=O)[C@H]3COCCN3CC)C2)CC1,N-(5-(((3R)-4-ethylmorpholin-3-yl)carbonyl)-5-azaspiro[3.5]nonan-2-yl)-1-(prop-2-en-1-yl)cyclopropanecarboxamide,C(C)N1[C@H](COCC1)C(=O)N1C2(CC(C2)NC(=O)C2(CC2)CC=C)CCCC1,C=CCC1(C(=O)N[C@H]2C[C@]3(CCCCN3C(=O)C3COCCN3CC)C2)CC1,C=CCC1(C(=O)NC2CC3(CCCCN3C(=O)C3COCCN3CC)C2)CC1
92036,COCC12CC(C(=O)N[C@@H]3C[C@@H]4CC[C@H](C3)N4C(=O)CCc3ncc[nH]3)(CO1)C2,"N-((1R,3R,5S)-8-(3-(1H-imidazol-2-yl)-propionyl)-8-azabicyclo[3.2.1]octan-3-yl)-1-(methoxymethyl)-2-oxabicyclo[2.1.1]hexane-4-carboxamide",,COCC12CC(C(=O)N[C@H]3C[C@H]4CC[C@@H](C3)N4C(=O)CCc3ncc[nH]3)(CO1)C2,
92084,CCNC(=O)C(=O)N1[C@H]2CC[C@@H]1C[C@@H](NC(=O)[C@H](Cc1ccccc1)N(C)C)C2,"(2S)-2-(dimethylamino)-N-((1R,3S,5S)-8-(2-(ethylamino)-1,2-dioxoethyl)-8-azabicyclo[3.2.1]octan-3-yl)-3-phenylpropanamide",,CCNC(=O)C(=O)N1[C@@H]2CC[C@H]1C[C@H](NC(=O)C(Cc1ccccc1)N(C)C)C2,
92111,Cc1nc(CC(=O)N2C[C@H]3CN(C(=O)[C@]4(C(F)(F)F)C[C@@H](O)C4)CC[C@H]3C2)n[nH]1,"1-((1S,6R)-3-(((1R,3s)-3-hydroxy-1-(trifluoromethyl)cyclobutyl)carbonyl)-3,8-diazabicyclo[4.3.0]nonan-8-yl)-2-(5-methyl-1H-1,2,4-triazol-3-yl)ethan-1-one",,Cc1n[nH]c(CC(=O)N2C[C@@H]3CCN(C(=O)[C@]4(C(F)(F)F)C[C@@H](O)C4)C[C@@H]3C2)n1,
92124,CCCCCN(C)CCC(=O)N[C@]1(C)C[C@H](NC(=O)[C@H](C)[C@@H](C)CC)C1,"(2R,3S)-2,3-dimethyl-N-((1S,3r)-3-methyl-3-(3-((methyl)(pentyl)amino)propanamido)cyclobutyl)pentanamide",,CCCCCN(C)CCC(=O)N[C@]1(C)C[C@H](NC(=O)C(C)[C@@H](C)CC)C1,
92173,C=CCOc1ccc(C(=O)N2C[C@@H]3[C@H](C(=O)NCc4cc(Br)cs4)[C@@H]3C2)cc1,"(1R,5S,6S)-N-((4-bromothiophen-2-yl)methyl)-3-((4-((prop-2-en-1-yl)oxy)phenyl)carbonyl)-3-azabicyclo[3.1.0]hexane-6-carboxamide",,C=CCOc1ccc(C(=O)N2C[C@@H]3C(C(=O)NCc4cc(Br)cs4)[C@@H]3C2)cc1,
92182,C[C@@H]1CC[C@H]1C(=O)NC[C@@](C)(F)CNC(=O)C=Cc1cccc(F)c1,"(1R,2R)-N-((2R)-2-fluoro-2-((3-(3-fluorophenyl)prop-2-enamido)methyl)propyl)-2-methylcyclobutanecarboxamide",F[C@](CNC(=O)[C@H]1[C@@H](CC1)C)(C)CNC(C=CC1=CC(=CC=C1)F)=O,C[C@@H]1CCC1C(=O)NC[C@@](C)(F)CNC(=O)C=Cc1cccc(F)c1,C[C@@H]1CCC1C(=O)NC[C@](C)(F)CNC(=O)C=Cc1cccc(F)c1
92187,O=C(N[C@H]1C[C@@H](OCC(=O)N2CCOC[C@H]2C(F)F)C1)[C@@H]1[C@H]2[C@@H]3CC[C@@H](C3)[C@H]21,"(1R,2S,3R,4R,5S)-N-(cis-3-((2-((3S)-3-(difluoromethyl)morpholin-4-yl)-2-oxoethyl)oxy)cyclobutyl)tricyclo[3.2.1.0^{2,4}]octane-3-carboxamide",,O=C(N[C@H]1C[C@@H](OCC(=O)N2CCOC[C@H]2C(F)F)C1)C1[C@@H]2[C@H]3CC[C@H](C3)[C@H]12,
92189,COc1cnc(C(=O)N[C@]2(C)C[C@H](NC(=O)c3n[nH]cc3C3CC3)C2)cn1,"N-((1R,3s)-3-(4-cyclopropyl-1H-pyrazole-3-carboxamido)-1-methylcyclobutyl)-5-methoxypyrazine-2-carboxamide",,COc1cnc(C(=O)N[C@]2(C)C[C@H](NC(=O)c3[nH]ncc3C3CC3)C2)cn1,
92255,Cc1nccnc1C(=O)NC1([C@H]2CCN(C(=O)[C@@H]3C[C@@H]4OC(=O)O[C@@H]4C3)C2)CC1,"3-methyl-N-(1-((3S)-1-(((1R,5S,7R)-3-oxo-2,4-dioxabicyclo[3.3.0]octan-7-yl)carbonyl)pyrrolidin-3-yl)cyclopropyl)pyrazine-2-carboxamide",,Cc1nccnc1C(=O)NC1([C@H]2CCN(C(=O)C3C[C@@H]4OC(=O)O[C@@H]4C3)C2)CC1,
92293,Cc1ccc([C@@H](C)C(=O)NC[C@H]2CC[C@@](F)(CNC(=O)C[C@H]3CCCO3)CC2)s1,"(2S)-N-(((1R,4r)-4-fluoro-4-((2-((2R)-oxolan-2-yl)acetamido)methyl)cyclohexyl)methyl)-2-(5-methylthiophen-2-yl)propanamide",,Cc1ccc(C(C)C(=O)NC[C@H]2CC[C@@](F)(CNC(=O)C[C@H]3CCCO3)CC2)s1,
92327,CC[C@@](O)(CC(=O)N[C@H]1C[C@@](C)(NC(=O)c2ccccc2C)C1)c1ccccc1,"(3R)-3-hydroxy-N-((1S,3r)-3-methyl-3-(2-methylbenzene-1-carboxamido)cyclobutyl)-3-phenylpentanamide",,CC[C@@](O)(CC(=O)N[C@H]1C[C@@](C)(NC(=O)c2ccccc2C)C1)c1ccccc1,
92339,CN(C)CC1(CNC(=O)[C@](C)(NC(=O)[C@@H]2[C@H]3[C@@H]4CC[C@@H](C4)[C@H]32)C2CCC2)CCC1,"(2R)-2-cyclobutyl-N-((1-((dimethylamino)methyl)cyclobutyl)methyl)-2-((1R,2S,3R,4R,5S)-tricyclo[3.2.1.0^{2,4}]octane-3-carboxamido)propanamide",,CN(C)CC1(CNC(=O)[C@](C)(NC(=O)C2[C@@H]3[C@H]4CC[C@H](C4)[C@H]23)C2CCC2)CCC1,
92362,CCCCC(=O)N[C@H]1CC2(CN(C(=O)CO[C@@H](C)CC)C2)n2ccnc21,"N-((6S)-spiro[1,4-diazabicyclo[3.3.0]octa-2,4-diene-8,3'-(1-(azetidin-1-yl)-2-(((2S)-butan-2-yl)oxy)ethane)]-6-yl-1'-one)pentanamide",,CCCCC(=O)N[C@H]1CC2(CN(C(=O)CO[C@@H](C)CC)C2)n2ccnc21,
92416,CCCCOCC(=O)NC[C@H]1C[C@](F)(CNC(=O)[C@H](C)S(=O)(=O)CCC)C1,"(2S)-N-(((1R,3s)-3-((2-butoxyacetamido)methyl)-1-fluorocyclobutyl)methyl)-2-(propylsulfonyl)propanamide",,CCCCOCC(=O)NC[C@H]1C[C@](F)(CNC(=O)C(C)S(=O)(=O)CCC)C1,
92444,Cc1cc(C(=O)NC[C@]2(F)C[C@@H](CNC(=O)[C@H]3C[C@H](n4cnnc4)C3)C2)ncn1,"N-(((1R,3s)-1-fluoro-3-((trans-3-(4H-1,2,4-triazol-4-yl)cyclobutanecarboxamido)methyl)cyclobutyl)methyl)-6-methylpyrimidine-4-carboxamide",,Cc1cc(C(=O)NC[C@]2(F)C[C@@H](CNC(=O)C3CC(n4cnnc4)C3)C2)ncn1,
92467,O=C(N[C@H]1C[C@@H]2CCC[C@@H]2C1)[C@@H]1CCN(C(=O)[C@@]23CCC[C@H]2C3(F)F)C12CCC2,"(8R)-N-((1R,3S,5S)-bicyclo[3.3.0]octan-3-yl)-5-(((1R,5R)-6,6-difluorobicyclo[3.1.0]hexan-1-yl)carbonyl)-5-azaspiro[3.4]octane-8-carboxamide",,O=C(N[C@@H]1C[C@H]2CCC[C@H]2C1)C1CCN(C(=O)[C@@]23CCC[C@H]2C3(F)F)C12CCC2,
92482,C[C@@]1(C(=O)N2CCC[C@](O)(CNC(=O)C3=CCCCO3)CC2)C[C@@H]2C[C@@H]2C1,"N-(((4R)-4-hydroxy-1-(((1R,3R,5S)-3-methylbicyclo[3.1.0]hexan-3-yl)carbonyl)-1-azacycloheptan-4-yl)methyl)-1-oxacyclohex-2-ene-2-carboxamide",,C[C@]1(C(=O)N2CCC[C@](O)(CNC(=O)C3=CCCCO3)CC2)C[C@H]2C[C@H]2C1,
92494,CCc1cccc(OCC(=O)N(C)CCCCCNC(=O)[C@]2(C)CCNC2=O)c1,2-((3-ethylphenyl)oxy)-N-methyl-N-(5-((3S)-3-methyl-2-oxopyrrolidine-3-carboxamido)pentyl)acetamide,C(C)C=1C=C(C=CC1)OCC(=O)N(CCCCCNC(=O)[C@@]1(C(NCC1)=O)C)C,CCc1cccc(OCC(=O)N(C)CCCCCNC(=O)[C@]2(C)CCNC2=O)c1,CCc1cccc(OCC(=O)N(C)CCCCCNC(=O)[C@@]2(C)CCNC2=O)c1
92533,CN1C(=O)CC[C@H]1C(=O)N[C@H]1CC2(CN(C(=O)CSC(F)(F)F)C2)n2ccnc21,"(2S)-1-methyl-5-oxo-N-((6S)-spiro[1,4-diazabicyclo[3.3.0]octa-2,4-diene-8,3'-(1-(azetidin-1-yl)-2-((trifluoromethyl)sulfanyl)ethane)]-6-yl-1'-one)pyrrolidine-2-carboxamide",,CN1C(=O)CCC1C(=O)N[C@H]1CC2(CN(C(=O)CSC(F)(F)F)C2)n2ccnc21,
92554,CO[C@@H](C(=O)N1CCC(C)(C)C[C@H]1C(=O)NC[C@]1(F)C[C@H](CO)C1)C1CCC1,"(2S)-1-((2R)-2-cyclobutyl-2-methoxy-acetyl)-N-(((1S,3s)-1-fluoro-3-(hydroxymethyl)cyclobutyl)methyl)-4,4-dimethylpiperidine-2-carboxamide",,COC(C(=O)N1CCC(C)(C)CC1C(=O)NC[C@]1(F)C[C@H](CO)C1)C1CCC1,
92570,O=C(NC[C@@]1(CO)C[C@@H]2CCC[C@@H]2C1)c1cc2occc2[nH]1,"N-(((1R,3R,5S)-3-(hydroxymethyl)bicyclo[3.3.0]octan-3-yl)methyl)-2-oxa-6-azabicyclo[3.3.0]octa-1(5),3,7-triene-7-carboxamide",,O=C(NC[C@]1(CO)C[C@H]2CCC[C@H]2C1)c1cc2occc2[nH]1,
92584,CCCCCCC(=O)N[C@H]1CN(C(=O)[C@H]2C[C@@H]3CC[C@H](C2)[C@H]3O)C2(CCC2)C1,"N-((7R)-5-(((1R,3S,5S,8S)-8-hydroxybicyclo[3.2.1]octan-3-yl)carbonyl)-5-azaspiro[3.4]octan-7-yl)heptanamide",,CCCCCCC(=O)N[C@H]1CN(C(=O)C2C[C@H]3CC[C@@H](C2)[C@@H]3O)C2(CCC2)C1,
92599,Cn1nc(C(=O)N2C[C@H]3[C@H](NC(=O)[C@H]4C[C@@H](O)C4)[C@H]3C2)cc1C1CCCC1,"cis-N-((1R,5S,6S)-3-((5-cyclopentyl-1-methyl-1H-pyrazol-3-yl)carbonyl)-3-azabicyclo[3.1.0]hexan-6-yl)-3-hydroxycyclobutanecarboxamide",,Cn1nc(C(=O)N2C[C@@H]3[C@H](C2)[C@H]3NC(=O)C2CC(O)C2)cc1C1CCCC1,
92636,Nc1ccc(Br)c(C(=O)NCCNC(=O)C2=C[C@@H]3CCCCCC[C@@H]23)c1F,"(1R,8R)-N-(2-(3-amino-6-bromo-2-fluorobenzene-1-carboxamido)ethyl)bicyclo[6.2.0]dec-9-ene-9-carboxamide",NC=1C(=C(C(=CC1)Br)C(=O)NCCNC(=O)C=1[C@@H]2CCCCCC[C@@H]2C1)F,Nc1ccc(Br)c(C(=O)NCCNC(=O)C2=C[C@@H]3CCCCCC[C@@H]23)c1F,Nc1ccc(Br)c(C(=O)NCCNC(=O)C2=C[C@H]3CCCCCC[C@@H]23)c1F
92689,C[C@@H](CC(=O)N[C@H]1C[C@](C)(NC(=O)[C@H]2C[C@H]2C(N)=O)C1)NC(=O)OC(C)(C)C,"tert-butyl (((2S)-4-(((1S,3s)-3-((1S,2R)-2-carbamoylcyclopropanecarboxamido)-3-methylcyclobutyl)amino)-4-oxobutan-2-yl)amino)formate",,C[C@@H](CC(=O)N[C@H]1C[C@](C)(NC(=O)C2CC2C(N)=O)C1)NC(=O)OC(C)(C)C,
92720,O=C(COCCF)NC[C@H]1C[C@](F)(CNC(=O)c2cc3c(Cl)c(Cl)ccc3[nH]2)C1,"N-(((1S,3r)-3-((2,3-dichloro-7-azabicyclo[4.3.0]nona-1(6),2,4,8-tetraene-8-carboxamido)methyl)-3-fluorocyclobutyl)methyl)-2-((2-fluoroethyl)oxy)acetamide",,O=C(COCCF)NC[C@H]1C[C@](F)(CNC(=O)c2cc3c(Cl)c(Cl)ccc3[nH]2)C1,
92752,COc1cncnc1N[C@@H]1CC[C@H]2CN(C(=O)[C@H]3C[C@H]4[C@@H](C3)C4(C)C)C[C@@H]21,"1-((1R,3S,5S)-6,6-dimethylbicyclo[3.1.0]hexan-3-yl)-1-((1R,5R,6R)-6-((5-methoxypyrimidin-4-yl)amino)-3-azabicyclo[3.3.0]octan-3-yl)methanone",,COc1cncnc1N[C@@H]1CC[C@H]2CN(C(=O)C3C[C@@H]4[C@H](C3)C4(C)C)C[C@@H]21,
92918,C=CCNC(=O)c1nc(C(=O)N[C@H](C)CNC(=O)[C@]2(C(F)(F)F)C[C@@H](O)C2)cs1,"N'-((2R)-1-(3-hydroxy-1-(trifluoromethyl)cyclobutanecarboxamido)propan-2-yl)-N-(prop-2-en-1-yl)thiazole-2,4-dicarboxamide",OC1CC(C1)(C(=O)NC[C@@H](C)NC(=O)C=1N=C(SC1)C(=O)NCC=C)C(F)(F)F,C=CCNC(=O)c1nc(C(=O)N[C@H](C)CNC(=O)[C@]2(C(F)(F)F)C[C@@H](O)C2)cs1,C=CCNC(=O)c1nc(C(=O)N[C@H](C)CNC(=O)C2(C(F)(F)F)CC(O)C2)cs1
92941,CC[C@H](C(=O)N[C@]1(C)C[C@@H](NC(=O)[C@@H]2CC=CCO2)C1)C(=O)OC,"methyl (2R)-2-(((1S,3s)-1-methyl-3-((2S)-1-oxacyclohex-4-ene-2-carboxamido)cyclobutyl)carbamoyl)butanoate",,CCC(C(=O)N[C@]1(C)C[C@@H](NC(=O)C2CC=CCO2)C1)C(=O)OC,
92945,CO[C@H](CC(C)C)C(=O)N1CCOC[C@]2(COCCN2C(=O)C[C@H]2CCOC2)C1,"(2R)-2-methoxy-4-methyl-1-((6S)-5-(1-oxo-2-((3R)-oxolan-3-yl)ethyl)-2,8-dioxa-5,11-diazaspiro[5.6]dodecan-11-yl)pentan-1-one",CO[C@@H](C(=O)N1CCOC[C@]2(N(CCOC2)C(C[C@@H]2COCC2)=O)C1)CC(C)C,COC(CC(C)C)C(=O)N1CCOC[C@]2(COCCN2C(=O)C[C@H]2CCOC2)C1,COC(CC(C)C)C(=O)N1CCOC[C@@]2(COCCN2C(=O)C[C@H]2CCOC2)C1
92951,CO[C@H](C)C(=O)N[C@H]1[C@H]2CC[C@@H]1CN(c1cc(C(F)(F)F)nc(C)n1)C2,"(2R)-2-methoxy-N-((1R,5S,8S)-3-(2-methyl-6-(trifluoromethyl)pyrimidin-4-yl)-3-azabicyclo[3.2.1]octan-8-yl)propanamide",,COC(C)C(=O)N[C@@H]1[C@@H]2CC[C@H]1CN(c1cc(C(F)(F)F)nc(C)n1)C2,
92960,O=C(C[C@H]1[C@@H]2CN(C(=O)CCN3CCCCC3)C[C@H]12)N1CC[C@@H](c2ccon2)C1,"1-((1R,5S,6S)-6-(2-((3R)-3-(isoxazol-3-yl)pyrrolidin-1-yl)-2-oxoethyl)-3-azabicyclo[3.1.0]hexan-3-yl)-3-(piperidin-1-yl)propan-1-one",,O=C(C[C@@H]1[C@H]2CN(C(=O)CCN3CCCCC3)C[C@@H]12)N1CC[C@@H](c2ccon2)C1,
93045,Cc1ccc2c(c1C(=O)NC[C@@H]1CN(C(=O)[C@H]3[C@@H](C)[C@H]3C)CCCO1)CCCN2,"N-(((2R)-4-(((1S,2R,3S)-2,3-dimethylcyclopropyl)carbonyl)-1-oxa-4-azacycloheptan-2-yl)methyl)-8-methyl-2-azabicyclo[4.4.0]deca-1(6),7,9-triene-7-carboxamide",,Cc1ccc2c(c1C(=O)NC[C@@H]1CN(C(=O)C3[C@@H](C)[C@H]3C)CCCO1)CCCN2,
93069,Cc1csc(C(=O)N[C@H]2C[C@@H]3CC[C@H](C2)N3C(=O)C2=CCCC[C@H]2C)c1,"4-methyl-N-((1R,3S,5S)-8-(((6R)-6-methylcyclohex-1-en-1-yl)carbonyl)-8-azabicyclo[3.2.1]octan-3-yl)thiophene-2-carboxamide",,Cc1csc(C(=O)N[C@@H]2C[C@H]3CC[C@@H](C2)N3C(=O)C2=CCCC[C@H]2C)c1,
93087,COC[C@](C)(O)CC(=O)N1[C@H]2CC[C@@H]1C[C@H](NC(=O)[C@H]1C[C@@H](O)C1)C2,"cis-3-hydroxy-N-((1R,3R,5S)-8-((3R)-3-hydroxy-4-methoxy-3-methyl-butyryl)-8-azabicyclo[3.2.1]octan-3-yl)cyclobutanecarboxamide",,COC[C@](C)(O)CC(=O)N1[C@@H]2CC[C@H]1C[C@@H](NC(=O)C1CC(O)C1)C2,
93116,C[C@@H]1CN(C(=O)C23CC(C2)C(C)(C)O3)CCCN1C(=O)[C@H]1C[C@H]2[C@@H](C1)C2(C)C,"1-(3,3-dimethyl-2-oxabicyclo[2.1.1]hexan-1-yl)-1-((3R)-4-(((1R,3S,5S)-6,6-dimethylbicyclo[3.1.0]hexan-3-yl)carbonyl)-3-methyl-1,4-diazacycloheptan-1-yl)methanone",,C[C@@H]1CN(C(=O)C23CC(C2)C(C)(C)O3)CCCN1C(=O)C1C[C@@H]2[C@H](C1)C2(C)C,
93153,C[C@H](C(=O)N1CCC[C@@]2(CCCN2C(=O)C2CCN(C)CC2)C1)c1ccsc1,"(2S)-1-((5R)-1-((1-methylpiperidin-4-yl)carbonyl)-1,7-diazaspiro[4.5]decan-7-yl)-2-(thiophen-3-yl)propan-1-one",CN1CCC(CC1)C(=O)N1CCC[C@@]12CN(CCC2)C([C@@H](C)C2=CSC=C2)=O,CC(C(=O)N1CCC[C@@]2(CCCN2C(=O)C2CCN(C)CC2)C1)c1ccsc1,CC(C(=O)N1CCC[C@]2(CCCN2C(=O)C2CCN(C)CC2)C1)c1ccsc1
93169,CC(C)[C@@H](CNC(=O)C(=O)N1CC[C@]12CC[C@H](C)CC2)N1CCCCCC1,N-((2S)-2-(1-azacycloheptan-1-yl)-3-methylbutyl)-2-(7-methyl-1-azaspiro[3.5]nonan-1-yl)-2-oxoacetamide,N1(CCCCCC1)[C@H](CNC(C(=O)N1CCC12CCC(CC2)C)=O)C(C)C,CC(C)[C@@H](CNC(=O)C(=O)N1CC[C@]12CC[C@H](C)CC2)N1CCCCCC1,CC1CCC2(CC1)CCN2C(=O)C(=O)NC[C@H](C(C)C)N1CCCCCC1
93210,C[C@@]1(C(=O)N2C[C@H]3[C@H](NC(=O)C4(c5cccnc5Cl)CC4)[C@H]3C2)CCCS1(=O)=O,"1-(2-chloropyridin-3-yl)-N-((1R,5S,6S)-3-(((2S)-2-methyl-1,1-dioxothiolan-2-yl)carbonyl)-3-azabicyclo[3.1.0]hexan-6-yl)cyclopropanecarboxamide",,C[C@@]1(C(=O)N2C[C@@H]3[C@H](C2)[C@H]3NC(=O)C2(c3cccnc3Cl)CC2)CCCS1(=O)=O,
93255,CCC1(C#CC(=O)N2CCC[C@]23CCCN(C(=O)[C@@H](C)CC(C)(C)C)C3)COC1,"(2S)-1-((5S)-1-(3-(3-ethyl-1-oxacyclobutan-3-yl)-1-oxoprop-2-yn-1-yl)-1,7-diazaspiro[4.5]decan-7-yl)-2,4,4-trimethylpentan-1-one",C(C)C1(COC1)C#CC(=O)N1CCC[C@]12CN(CCC2)C([C@H](CC(C)(C)C)C)=O,CCC1(C#CC(=O)N2CCC[C@]23CCCN(C(=O)C(C)CC(C)(C)C)C3)COC1,CCC1(C#CC(=O)N2CCC[C@@]23CCCN(C(=O)C(C)CC(C)(C)C)C3)COC1
93302,C=C1CC[C@@H]1C(=O)N[C@@H](C)CNC(=O)[C@@H]1C[C@@H]2CC[C@H](C1)C2(F)F,"(1R,3R,5S)-8,8-difluoro-N-((2S)-2-((1S)-2-methylidenecyclobutanecarboxamido)propyl)bicyclo[3.2.1]octane-3-carboxamide",,C=C1CCC1C(=O)N[C@@H](C)CNC(=O)C1C[C@H]2CC[C@@H](C1)C2(F)F,
93306,CC[C@]1(O)CCCN(C(=O)[C@@H]2[C@H]3CN(C(=O)C4C[C@H]5COC[C@@H]5C4)C[C@H]32)C1,"1-((3S)-3-ethyl-3-hydroxypiperidin-1-yl)-1-((1R,5S,6R)-3-(((1R,5R)-3-oxabicyclo[3.3.0]octan-7-yl)carbonyl)-3-azabicyclo[3.1.0]hexan-6-yl)methanone",,CC[C@]1(O)CCCN(C(=O)C2[C@H]3CN(C(=O)C4C[C@H]5COC[C@@H]5C4)C[C@@H]23)C1,
93309,CC(C)C[C@@H](NC(=O)[C@@H]1[C@H]2CCC[C@H]21)C(=O)NC1CC2(C1)CC21CCC1,"(1R,5S,6R)-N-((2R)-1-((dispiro[3.0.3.1]nonan-2-yl)amino)-4-methyl-1-oxopentan-2-yl)bicyclo[3.1.0]hexane-6-carboxamide",,CC(C)CC(NC(=O)C1[C@H]2CCC[C@@H]12)C(=O)NC1CC2(C1)CC21CCC1,
93322,CC(C)(CCC(=O)NC[C@]1(F)C[C@@H](NC(=O)C[C@H]2CCCCC(=O)N2)C1)[N+](=O)[O-],"N-(((1R,3s)-1-fluoro-3-(2-((2R)-7-oxo-1-azacycloheptan-2-yl)acetamido)cyclobutyl)methyl)-4-methyl-4-nitropentanamide",,CC(C)(CCC(=O)NC[C@]1(F)C[C@@H](NC(=O)C[C@H]2CCCCC(=O)N2)C1)[N+](=O)[O-],
93350,Cc1nc(N2C[C@H]3[C@@H](C2)[C@@H]3C(=O)N[C@@H]2CN(C)S(=O)(=O)c3ccsc32)ccc1Cl,"(1R,5S,6R)-3-(5-chloro-6-methylpyridin-2-yl)-N-((5R)-3-methyl-2,2-dioxo-2lambda^6,7-dithia-3-azabicyclo[4.3.0]nona-1(6),8-dien-5-yl)-3-azabicyclo[3.1.0]hexane-6-carboxamide",,Cc1nc(N2C[C@@H]3C(C(=O)N[C@@H]4CN(C)S(=O)(=O)c5ccsc54)[C@@H]3C2)ccc1Cl,
93357,CCC=C(F)C(=O)N1[C@H]2CC[C@@H]1C[C@H](NC(=O)c1cccc(-n3cccn3)c1)C2,"N-((1R,3R,5S)-8-(2-fluoro-1-oxopent-2-en-1-yl)-8-azabicyclo[3.2.1]octan-3-yl)-3-(1H-pyrazol-1-yl)benzamide",,CCC=C(F)C(=O)N1[C@@H]2CC[C@H]1C[C@@H](NC(=O)c1cccc(-n3cccn3)c1)C2,
93362,O=C(N[C@@H]1C[C@@H]2CC[C@H](C1)N2C(=O)c1nocc1Br)[C@@H]1C[C@@H]2CC[C@H]1O2,"(1R,2R,4S)-N-((1R,3R,5S)-8-((4-bromoisoxazol-3-yl)carbonyl)-8-azabicyclo[3.2.1]octan-3-yl)-7-oxabicyclo[2.2.1]heptane-2-carboxamide",,O=C(N[C@H]1C[C@H]2CC[C@@H](C1)N2C(=O)c1nocc1Br)C1C[C@@H]2CC[C@H]1O2,
93363,CC(C)(C)OC(=O)NCC(=O)N[C@]1(C)C[C@@H](NC(=O)[C@@H](C2CC2)S(C)(=O)=O)C1,"tert-butyl ((2-(((1R,3r)-3-((2R)-2-cyclopropyl-2-(methylsulfonyl)acetamido)-1-methylcyclobutyl)amino)-2-oxoethyl)amino)formate",,CC(C)(C)OC(=O)NCC(=O)N[C@]1(C)C[C@@H](NC(=O)C(C2CC2)S(C)(=O)=O)C1,
93392,C[C@H](Oc1ccccc1)C(=O)N1C[C@H]2[C@H](N=c3[nH]nc(C4CC4)o3)[C@H]2C1,"(2S)-1-((1R,5S,6S)-6-((5-cyclopropyl-1-oxa-3,4-diazacyclopent-4-en-2-ylidene)amino)-3-azabicyclo[3.1.0]hexan-3-yl)-2-phenoxypropan-1-one",,CC(Oc1ccccc1)C(=O)N1C[C@@H]2[C@H](C1)[C@H]2Nc1nnc(C2CC2)o1,
93401,C=C[C@H](NC(=O)OC(C)(C)C)C(=O)N[C@H]1[C@@H]2CN(C(=O)C(F)(F)CC3CC3)C[C@@H]21,"tert-butyl (((2S)-1-(((1R,5S,6S)-3-(3-cyclopropyl-2,2-difluoro-propionyl)-3-azabicyclo[3.1.0]hexan-6-yl)amino)-1-oxobut-3-en-2-yl)amino)formate",,C=CC(NC(=O)OC(C)(C)C)C(=O)N[C@H]1[C@@H]2CN(C(=O)C(F)(F)CC3CC3)C[C@@H]21,
93530,CC1(C)[C@H]2C[C@H](C(=O)N3CCO[C@@H](CNC(=O)c4ccc(F)cc4N)C3)C[C@H]21,"2-amino-N-(((2S)-4-(((1R,3S,5S)-6,6-dimethylbicyclo[3.1.0]hexan-3-yl)carbonyl)morpholin-2-yl)methyl)-4-fluorobenzene-1-carboxamide",,CC1(C)[C@@H]2CC(C(=O)N3CCO[C@@H](CNC(=O)c4ccc(F)cc4N)C3)C[C@@H]21,
93560,O=C(NC[C@]1(F)C[C@H](NC(=O)C2(O)CCCCC2)C1)c1ccc(OC2CC2)cc1,"4-(cyclopropoxy)-N-(((1S,3s)-1-fluoro-3-(1-hydroxycyclohexanecarboxamido)cyclobutyl)methyl)benzamide",,O=C(NC[C@]1(F)C[C@H](NC(=O)C2(O)CCCCC2)C1)c1ccc(OC2CC2)cc1,
93575,CC=CCC(=O)N[C@H]1C[C@@](NC(=O)c2cccnc2O)(c2ccccc2)C1,"N-((1R,3r)-3-(2-hydroxypyridine-3-carboxamido)-3-phenylcyclobutyl)pent-3-enamide",,CC=CCC(=O)N[C@H]1C[C@@](NC(=O)c2ccc[nH]c2=O)(c2ccccc2)C1,
93652,C=CCC1(NC(=O)C[C@@H]2CC[C@H]3C[C@H]3C2)CN(C(=O)C=Cc2ccc(C)o2)C1,"2-((1R,3R,6S)-bicyclo[4.1.0]heptan-3-yl)-N-(1-(3-(5-methylfuran-2-yl)-1-oxoprop-2-en-1-yl)-3-(prop-2-en-1-yl)-azetidin-3-yl)acetamide",[C@H]12C[C@@H](CC[C@H]2C1)CC(=O)NC1(CN(C1)C(C=CC=1OC(=CC1)C)=O)CC=C,C=CCC1(NC(=O)C[C@@H]2CC[C@H]3C[C@H]3C2)CN(C(=O)C=Cc2ccc(C)o2)C1,C=CCC1(NC(=O)C[C@@H]2CC[C@H]3C[C@@H]3C2)CN(C(=O)C=Cc2ccc(C)o2)C1
93660,C[C@@H](NC=O)C(=O)N1CC[C@](C)(C(=O)N2C[C@@H]3[C@@H](CO)[C@@H]3C2)C1,"N-((2R)-1-((3S)-3-(((1R,5S,6R)-6-(hydroxymethyl)-3-azabicyclo[3.1.0]hexan-3-yl)carbonyl)-3-methylpyrrolidin-1-yl)-1-oxopropan-2-yl)formamide",,CC(NC=O)C(=O)N1CC[C@](C)(C(=O)N2C[C@@H]3[C@@H](CO)[C@@H]3C2)C1,
93673,Cc1cc(CC(=O)N[C@]2(C)C[C@H](NC(=O)CC3CC(F)(F)C3)C2)ccc1Cl,"2-(4-chloro-3-methylphenyl)-N-((1R,3s)-3-(2-(3,3-difluorocyclobutyl)acetamido)-1-methylcyclobutyl)acetamide",,Cc1cc(CC(=O)N[C@]2(C)C[C@H](NC(=O)CC3CC(F)(F)C3)C2)ccc1Cl,
93736,C[C@H](CNC(=O)[C@]1(c2cccc(F)c2)C[C@@H](NC(=O)OC(C)(C)C)C1)[S@](C)=O,"tert-butyl (((1R,3r)-3-(3-fluorophenyl)-3-(((2R)-2-((S)-methylsulfinyl)propyl)carbamoyl)cyclobutyl)amino)formate",,C[C@H](CNC(=O)[C@]1(c2cccc(F)c2)C[C@@H](NC(=O)OC(C)(C)C)C1)[S@+](C)[O-],
93744,CC[C@H](C)[C@H](NC(C)=O)C(=O)N[C@H]1[C@@H]2CN(CC3CC4(CCC4)C3)C[C@@H]21,"(2S,3S)-2-acetamido-3-methyl-N-((1R,5S,6S)-3-((spiro[3.3]heptan-2-yl)methyl)-3-azabicyclo[3.1.0]hexan-6-yl)pentanamide",,CC[C@H](C)C(NC(C)=O)C(=O)N[C@H]1[C@@H]2CN(CC3CC4(CCC4)C3)C[C@@H]21,
93890,C[C@@H]1CN(C(=O)[C@]2(C)C[C@@H]3C[C@@H]3C2)C[C@H]1CNC(=O)c1cn2cnnc2cn1,"N-(((3R,4S)-4-methyl-1-(((1R,3R,5S)-3-methylbicyclo[3.1.0]hexan-3-yl)carbonyl)pyrrolidin-3-yl)methyl)-1,4,7,8-tetraazabicyclo[4.3.0]nona-2,4,6,8-tetraene-3-carboxamide",,C[C@@H]1CN(C(=O)[C@@]2(C)C[C@H]3C[C@H]3C2)C[C@H]1CNC(=O)c1cn2cnnc2cn1,
93911,O=C(C[C@H]1[C@@H]2CN(C(=O)C3(Cl)CC3)C[C@H]12)N[C@@H]1CCn2ccnc2C1,"2-((1R,5S,6S)-3-((1-chlorocyclopropyl)carbonyl)-3-azabicyclo[3.1.0]hexan-6-yl)-N-((4R)-1,7-diazabicyclo[4.3.0]nona-6,8-dien-4-yl)acetamide",,O=C(C[C@@H]1[C@H]2CN(C(=O)C3(Cl)CC3)C[C@@H]12)N[C@@H]1CCn2ccnc2C1,
93925,C[C@]1(C(=O)N2CC[C@H](C(=O)NC[C@H]3C[C@H](O)[C@H](O)C3)[C@H](O)C2)C[C@H]2CC[C@@H]1O2,"(3S,4S)-N-(((1S,3R,4S)-3,4-dihydroxycyclopentyl)methyl)-3-hydroxy-1-(((1S,2S,4R)-2-methyl-7-oxabicyclo[2.2.1]heptan-2-yl)carbonyl)piperidine-4-carboxamide",,C[C@]1(C(=O)N2CCC(C(=O)NC[C@@H]3C[C@@H](O)[C@@H](O)C3)[C@H](O)C2)C[C@H]2CC[C@@H]1O2,
93944,Cc1cnc(Cl)c(C(=O)N(c2ncnc3cccc(F)c23)[C@@H]2[C@@H]3CNC[C@@H]32)c1,"N-((1R,5S,6R)-3-azabicyclo[3.1.0]hexan-6-yl)-2-chloro-N-(5-fluoroquinazolin-4-yl)-5-methylpyridine-3-carboxamide",,Cc1cnc(Cl)c(C(=O)N(c2ncnc3cccc(F)c23)[C@@H]2[C@@H]3CNC[C@@H]32)c1,
93946,CCn1cc(Cl)c(C(=O)N[C@@H]2[C@H]3CCN(C(=O)c4c[nH]c(=N)o4)CC[C@H]32)n1,"4-chloro-1-ethyl-N-((1R,7S,8R)-4-((2-imino-1-oxa-3-azacyclopent-4-en-5-yl)carbonyl)-4-azabicyclo[5.1.0]octan-8-yl)-1H-pyrazole-3-carboxamide",,CCn1cc(Cl)c(C(=O)N[C@H]2[C@@H]3CCN(C(=O)c4cnc(N)o4)CC[C@@H]32)n1,
93987,O=C(N[C@@H]1C[C@@H]2CC[C@H](C1)N2C(=O)c1ccc(Br)c(Cl)n1)c1ccc(Cl)c(Br)c1,"3-bromo-N-((1R,3R,5S)-8-((5-bromo-6-chloropyridin-2-yl)carbonyl)-8-azabicyclo[3.2.1]octan-3-yl)-4-chlorobenzene-1-carboxamide",,O=C(N[C@H]1C[C@H]2CC[C@@H](C1)N2C(=O)c1ccc(Br)c(Cl)n1)c1ccc(Cl)c(Br)c1,
93990,CC(C)=CC(=O)N1C[C@H]2[C@H](CNC(=O)COC[C@@H]3CCCCO3)[C@H]2C1,"N-(((1R,5S,6S)-3-(3-methyl-1-oxobut-2-en-1-yl)-3-azabicyclo[3.1.0]hexan-6-yl)methyl)-2-((((2S)-oxan-2-yl)methyl)oxy)acetamide",,CC(C)=CC(=O)N1C[C@@H]2[C@@H](CNC(=O)COC[C@@H]3CCCCO3)[C@@H]2C1,
94051,CC(C)(CNC(=O)c1ccc(C#N)cc1)OCCNC(=O)C1=C[C@H]2CC=CC[C@@H]12,"(1S,6R)-N-(2-((2-((4-cyanobenzene-1-carboxamido)methyl)propan-2-yl)oxy)ethyl)bicyclo[4.2.0]octa-3,7-diene-7-carboxamide",C(#N)C1=CC=C(C=C1)C(=O)NCC(C)(C)OCCNC(=O)C=1[C@@H]2CC=CC[C@H]2C1,CC(C)(CNC(=O)c1ccc(C#N)cc1)OCCNC(=O)C1=C[C@H]2CC=CC[C@@H]12,CC(C)(CNC(=O)c1ccc(C#N)cc1)OCCNC(=O)C1=C[C@@H]2CC=CC[C@@H]12
94077,CCc1ncnc(N[C@H]2CC[C@]3(CC2)CN(C(=O)[C@@H]2CC[C@H](F)C2)CCO3)c1F,"1-(3-((6-ethyl-5-fluoropyrimidin-4-yl)amino)-7-oxa-10-azaspiro[5.5]undecan-10-yl)-1-((1R,3S)-3-fluorocyclopentyl)methanone",C(C)C1=C(C(=NC=N1)NC1CCC2(CC1)OCCN(C2)C(=O)[C@H]2C[C@H](CC2)F)F,CCc1ncnc(N[C@H]2CC[C@]3(CC2)CN(C(=O)C2CC[C@H](F)C2)CCO3)c1F,CCc1ncnc(NC2CCC3(CC2)CN(C(=O)C2CC[C@H](F)C2)CCO3)c1F
94135,O=C(N[C@@H]1[C@@H](O)C[C@H]1O)[C@@H]1CN(C(=O)[C@@H]2CC23CCCC3)C[C@H]1F,"(3S,4S)-N-((1R,2R,4S)-2,4-dihydroxycyclobutyl)-4-fluoro-1-((oxo)(1R)-spiro[2.4]heptan-1-ylmethyl)pyrrolidine-3-carboxamide",,O=C(N[C@H]1[C@H](O)C[C@@H]1O)C1CN(C(=O)C2CC23CCCC3)C[C@H]1F,
94144,CN1C[C@H]2[C@@H](C1)[C@@H]2C(=O)N1CCC(CCC(=O)NC[C@H]2CCCNC2=O)CC1,"3-(1-(((1R,5S,6R)-3-methyl-3-azabicyclo[3.1.0]hexan-6-yl)carbonyl)piperidin-4-yl)-N-(((3R)-2-oxopiperidin-3-yl)methyl)propanamide",,CN1C[C@@H]2C(C(=O)N3CCC(CCC(=O)NCC4CCCNC4=O)CC3)[C@@H]2C1,
94280,CCO[C@@H](C(=O)N1[C@H]2CC[C@@H]1C[C@@H](CNC(=O)c1nnc(Cl)cc1N)C2)C(C)C,"4-amino-6-chloro-N-(((1R,3S,5S)-8-((2R)-2-ethoxy-3-methyl-butyryl)-8-azabicyclo[3.2.1]octan-3-yl)methyl)pyridazine-3-carboxamide",,CCOC(C(=O)N1[C@@H]2CC[C@H]1C[C@H](CNC(=O)c1nnc(Cl)cc1N)C2)C(C)C,
94281,CCN(CCC(=O)NC[C@H]1C[C@@](C)(O)C1)C(=O)[C@@H]1CC[C@H]1COC,"3-(N-ethyl(1R,2R)-2-(methoxymethyl)cyclobutanecarboxamido)-N-(((1S,3r)-3-hydroxy-3-methylcyclobutyl)methyl)propanamide",,CCN(CCC(=O)NC[C@H]1C[C@@](C)(O)C1)C(=O)C1CC[C@H]1COC,
94322,CC1=C(C(=O)N[C@]2(C(=O)NC3([C@@H]4CCCOC4)CC3)C[C@H](O)C2)COCC1,"N-((1S,3r)-3-hydroxy-1-((1-((3S)-oxan-3-yl)cyclopropyl)carbamoyl)cyclobutyl)-4-methyl-1-oxacyclohex-3-ene-3-carboxamide",,CC1=C(C(=O)N[C@]2(C(=O)NC3([C@@H]4CCCOC4)CC3)C[C@H](O)C2)COCC1,
94389,CO[C@@H](C)[C@H](O)C(=O)N[C@H]1C[C@](C)(NC(=O)c2cncc(OC(C)C)c2)C1,"(2S,3S)-2-hydroxy-N-((1S,3s)-3-(5-isopropoxypyridine-3-carboxamido)-3-methylcyclobutyl)-3-methoxybutanamide",,COC(C)C(O)C(=O)N[C@H]1C[C@](C)(NC(=O)c2cncc(OC(C)C)c2)C1,
94393,CN(C)CC(C)(C)CC(=O)NCc1csc(C(=O)N[C@H]2C[C@@](C)(O)C2)c1,"4-(dimethylamino)-N-((5-(((1S,3r)-3-hydroxy-3-methylcyclobutyl)carbamoyl)thiophen-3-yl)methyl)-3,3-dimethylbutanamide",,CN(C)CC(C)(C)CC(=O)NCc1csc(C(=O)N[C@H]2C[C@@](C)(O)C2)c1,
94417,NC(=O)[C@H]1CC[C@@H](C(=O)N2CCC(C(=O)N[C@H]3C[C@H](O)[C@H](O)C3)CC2)C1,"1-(((1R,3S)-3-carbamoylcyclopentyl)carbonyl)-N-((1S,3R,4S)-3,4-dihydroxycyclopentyl)piperidine-4-carboxamide",,NC(=O)C1CCC(C(=O)N2CCC(C(=O)N[C@@H]3C[C@@H](O)[C@@H](O)C3)CC2)C1,
94522,CCC[C@@H](NC(N)=O)C(=O)N1CCC[C@]12CCCN(C(=O)CNS(=O)(=O)NC)C2,"1-amino-N-((2R)-1-((5S)-7-(2-methylsulfamoylamino-acetyl)-1,7-diazaspiro[4.5]decan-1-yl)-1-oxopentan-2-yl)formamide",NC(=O)N[C@@H](C(=O)N1CCC[C@]12CN(CCC2)C(CNS(NC)(=O)=O)=O)CCC,CCCC(NC(N)=O)C(=O)N1CCC[C@]12CCCN(C(=O)CNS(=O)(=O)NC)C2,CCCC(NC(N)=O)C(=O)N1CCC[C@@]12CCCN(C(=O)CNS(=O)(=O)NC)C2
94534,C[C@H](C(=O)N[C@@]1(C(=O)N[C@@H]2[C@@H](O)C[C@H]2O)CCSC1)N1CCCC1,"(2R)-N-((3R)-3-(((1R,2R,4S)-2,4-dihydroxycyclobutyl)carbamoyl)thiolan-3-yl)-2-(pyrrolidin-1-yl)propanamide",,CC(C(=O)N[C@@]1(C(=O)N[C@H]2[C@H](O)C[C@@H]2O)CCSC1)N1CCCC1,
94582,CC(=O)NCCC(=O)N1[C@H]2CC[C@@H]1C[C@@H](CNC(=O)c1csc(C)n1)C2,"N-(3-((1R,3S,5S)-3-((2-methylthiazole-4-carboxamido)methyl)-8-azabicyclo[3.2.1]octan-8-yl)-3-oxopropyl)acetamide",,CC(=O)NCCC(=O)N1[C@@H]2CC[C@H]1C[C@H](CNC(=O)c1csc(C)n1)C2,
94619,CC[C@](C)(O)C(=O)NC[C@]1(F)C[C@@H](NC(=O)Cn2nnc(C)n2)C1,"(2S)-N-(((1S,3r)-1-fluoro-3-(2-(5-methyl-2H-tetrazol-2-yl)acetamido)cyclobutyl)methyl)-2-hydroxy-2-methylbutanamide",,CC[C@](C)(O)C(=O)NC[C@]1(F)C[C@@H](NC(=O)Cn2nnc(C)n2)C1,
94698,CC(C)=C(C)CC(=O)N[C@H]1C[C@@H]2C[C@H](C1)CN(C(=O)c1cnns1)C2,"3,4-dimethyl-N-((1R,5S,7S)-3-((1-thia-2,3-diazacyclopenta-2,4-dien-5-yl)carbonyl)-3-azabicyclo[3.3.1]nonan-7-yl)pent-3-enamide",,CC(C)=C(C)CC(=O)N[C@@H]1C[C@H]2C[C@@H](C1)CN(C(=O)c1cnns1)C2,
94820,CONC(=O)CNC(=O)[C@]1(CNC(=O)[C@@H]2[C@H]3CCC[C@H]32)CCCO1,"2-((2R)-2-(((1R,5S,6R)-bicyclo[3.1.0]hexane-6-carboxamido)methyl)oxolane-2-carboxamido)-N-methoxyacetamide",,CONC(=O)CNC(=O)[C@]1(CNC(=O)C2[C@H]3CCC[C@@H]23)CCCO1,
94836,COC(=O)c1cscc1S(=O)(=O)NC[C@]1(CO)C[C@H](OCc2ccccc2)C1,"methyl 4-((((1R,3r)-3-benzyloxy-1-(hydroxymethyl)cyclobutyl)methyl)sulfamoyl)thiophene-3-carboxylate",,COC(=O)c1cscc1S(=O)(=O)NC[C@]1(CO)C[C@H](OCc2ccccc2)C1,
94851,CC(=O)N1CC(C(=O)NC[C@]2(F)C[C@H](NC(=O)[C@H]3CNC(=O)c4ccnn43)C2)C1,"(2R)-N-((1S,3s)-3-((1-(acetyl)azetidine-3-carboxamido)methyl)-3-fluorocyclobutyl)-5-oxo-1,4,9-triazabicyclo[4.3.0]nona-6,8-diene-2-carboxamide",,CC(=O)N1CC(C(=O)NC[C@]2(F)C[C@H](NC(=O)C3CNC(=O)c4ccnn43)C2)C1,
94856,Cc1ccc(CCC(=O)N[C@H]2C[C@](F)(CNC(=O)Cc3ccsc3)C2)cc1Cl,"3-(3-chloro-4-methylphenyl)-N-((1S,3r)-3-fluoro-3-((2-(thiophen-3-yl)acetamido)methyl)cyclobutyl)propanamide",,Cc1ccc(CCC(=O)N[C@H]2C[C@](F)(CNC(=O)Cc3ccsc3)C2)cc1Cl,
94877,CC[C@H](C(=O)N1CCC(C)(CNC(=O)[C@@H]2[C@H]3CCCC[C@H]32)CC1)N(CC)CC,"(1R,6S,7R)-N-((1-((2R)-2-(diethylamino)-butyryl)-4-methylpiperidin-4-yl)methyl)bicyclo[4.1.0]heptane-7-carboxamide",,CCC(C(=O)N1CCC(C)(CNC(=O)C2[C@H]3CCCC[C@@H]23)CC1)N(CC)CC,
94949,CO[C@H]1C[C@@H](CC(=O)NC[C@H](CC(C)C)C(=O)N[C@H]2C[C@@H]3CSC[C@@H]3C2)C1,"(2S)-2-((2-(cis-3-methoxycyclobutyl)acetamido)methyl)-4-methyl-N-((1R,5S,7S)-3-thiabicyclo[3.3.0]octan-7-yl)pentanamide",,CO[C@H]1C[C@@H](CC(=O)NCC(CC(C)C)C(=O)N[C@@H]2C[C@H]3CSC[C@H]3C2)C1,
94951,CP(C)(=O)c1ccc(C(=O)N[C@H]2[C@@H]3CN(C(=O)c4n[nH]cc4Cl)C[C@@H]32)cn1,"N-((1R,5S,6S)-3-((4-chloro-1H-pyrazol-3-yl)carbonyl)-3-azabicyclo[3.1.0]hexan-6-yl)-6-(dimethyloxophosphanyl)pyridine-3-carboxamide",,CP(C)(=O)c1ccc(C(=O)N[C@H]2[C@@H]3CN(C(=O)c4[nH]ncc4Cl)C[C@@H]32)cn1,
95004,COc1nc(N2C[C@H]3[C@@H](C2)[C@@H]3C(=O)Nc2cc(F)cc(C(F)(F)F)c2)ncc1C,"(1R,5S,6R)-N-(3-fluoro-5-(trifluoromethyl)phenyl)-3-(4-methoxy-5-methylpyrimidin-2-yl)-3-azabicyclo[3.1.0]hexane-6-carboxamide",,COc1nc(N2C[C@@H]3C(C(=O)Nc4cc(F)cc(C(F)(F)F)c4)[C@@H]3C2)ncc1C,
95056,CCc1ccc(C)cc1C(=O)NC[C@@H]1CN(C(=O)[C@@H]2[C@H]3CCCC[C@H]32)CC1(F)F,"N-(((3R)-1-(((1R,6S,7R)-bicyclo[4.1.0]heptan-7-yl)carbonyl)-4,4-difluoropyrrolidin-3-yl)methyl)-2-ethyl-5-methylbenzene-1-carboxamide",,CCc1ccc(C)cc1C(=O)NC[C@@H]1CN(C(=O)C2[C@H]3CCCC[C@@H]23)CC1(F)F,
95061,CCOC=CC(=O)N1[C@H]2CC[C@@H]1C[C@@H](N(C)C(=O)c1csc(C)c1C)C2,"N-((1R,3S,5S)-8-(3-ethoxy-1-oxoprop-2-en-1-yl)-8-azabicyclo[3.2.1]octan-3-yl)-4,5,N-trimethylthiophene-3-carboxamide",,CCOC=CC(=O)N1[C@@H]2CC[C@H]1C[C@H](N(C)C(=O)c1csc(C)c1C)C2,
95174,CC[C@@H]1CC[C@@H](C(=O)N[C@]2(C)C[C@@H](NC(=O)C=C(C)C)C2)C1,"(1R,3R)-3-ethyl-N-((1R,3r)-1-methyl-3-(3-methylbut-2-enamido)cyclobutyl)cyclopentanecarboxamide",,CC[C@@H]1CCC(C(=O)N[C@]2(C)C[C@@H](NC(=O)C=C(C)C)C2)C1,
95219,CC/C(C)=C/C(=O)N1C[C@H]2[C@H](CNC(=O)c3nsc4ccc(C)cc34)[C@H]2C1,"3-methyl-N-(((1R,5S,6S)-3-((2E)-3-methyl-1-oxopent-2-en-1-yl)-3-azabicyclo[3.1.0]hexan-6-yl)methyl)-7-thia-8-azabicyclo[4.3.0]nona-1(6),2,4,8-tetraene-9-carboxamide",,CC/C(C)=C/C(=O)N1C[C@@H]2[C@@H](CNC(=O)c3nsc4ccc(C)cc34)[C@@H]2C1,
95298,C=CCC1(C(=O)NC[C@H]2C[C@@H]3CC[C@H](C2)N3C(=O)c2ccc(C)c(F)c2)CC1,"N-(((1R,3S,5S)-8-((3-fluoro-4-methylphenyl)carbonyl)-8-azabicyclo[3.2.1]octan-3-yl)methyl)-1-(prop-2-en-1-yl)cyclopropanecarboxamide",,C=CCC1(C(=O)NC[C@@H]2C[C@H]3CC[C@@H](C2)N3C(=O)c2ccc(C)c(F)c2)CC1,
95333,COC[C@@H](C)CC(=O)NC[C@]1(F)C[C@@H](NC(=O)c2cnc(Cl)n2C)C1,"(3S)-N-(((1S,3r)-3-(2-chloro-1-methyl-1H-imidazole-5-carboxamido)-1-fluorocyclobutyl)methyl)-4-methoxy-3-methylbutanamide",,COC[C@@H](C)CC(=O)NC[C@]1(F)C[C@@H](NC(=O)c2cnc(Cl)n2C)C1,
95376,CC(C)N1CC(C(=O)NC[C@H]2[C@@H]3CN(C(=O)c4cc5cccnc5[nH]4)C[C@H]23)C1,"N-(((1R,5S,6S)-3-((2,9-diazabicyclo[4.3.0]nona-1,3,5,7-tetraen-8-yl)carbonyl)-3-azabicyclo[3.1.0]hexan-6-yl)methyl)-1-(propan-2-yl)azetidine-3-carboxamide",,CC(C)N1CC(C(=O)NC[C@@H]2[C@H]3CN(C(=O)c4cc5cccnc5[nH]4)C[C@@H]23)C1,
95471,C[C@H](CCNC(=O)[C@@H]1[C@H]2CCCC[C@H]21)NC(=O)c1cc(N)cnc1Br,"5-amino-N-((2R)-4-((1R,6S,7R)-bicyclo[4.1.0]heptane-7-carboxamido)butan-2-yl)-2-bromopyridine-3-carboxamide",,C[C@H](CCNC(=O)C1[C@H]2CCCC[C@@H]12)NC(=O)c1cc(N)cnc1Br,
95494,COC(=O)[C@H](C)c1ccc(NC(=O)[C@H]2[C@H]3CN(C(=O)[C@H]4C[C@H]4C4CC4)C[C@H]32)cc1,"methyl (2R)-2-(4-((1R,5S,6S)-3-(((1S,2S)-2-cyclopropylcyclopropyl)carbonyl)-3-azabicyclo[3.1.0]hexane-6-carboxamido)phenyl)propanoate",,COC(=O)C(C)c1ccc(NC(=O)C2[C@H]3CN(C(=O)C4C[C@H]4C4CC4)C[C@@H]23)cc1,
95498,CC(C)C[C@H](C(=O)N1C[C@H]2[C@H](N(C)C(=O)CC(=O)N(C)C)[C@H]2C1)N(C)C,"N-((1R,5S,6S)-3-((2R)-2-(dimethylamino)-4-methyl-pentanoyl)-3-azabicyclo[3.1.0]hexan-6-yl)-N,N',N'-trimethylpropanediamide",,CC(C)CC(C(=O)N1C[C@@H]2[C@H](C1)[C@H]2N(C)C(=O)CC(=O)N(C)C)N(C)C,
95521,CC[C@@H]1CN(C(=O)C23CCN(CC2)CC3)CCN1C(=O)[C@H]1C[C@@](C)(O)C1,"1-(1-azabicyclo[2.2.2]octan-4-yl)-1-((3R)-3-ethyl-4-(((1S,3r)-3-hydroxy-3-methylcyclobutyl)carbonyl)piperazin-1-yl)methanone",,CC[C@@H]1CN(C(=O)C23CCN(CC2)CC3)CCN1C(=O)C1CC(C)(O)C1,
95548,CN1C[C@@H](C(=O)N[C@H]2[C@@H]3CN(c4ncn(C)c(=O)c4Br)C[C@@H]32)CCC1=O,"(3S)-N-((1R,5S,6S)-3-(5-bromo-1-methyl-6-oxo-1,3-diazacyclohexa-2,4-dien-4-yl)-3-azabicyclo[3.1.0]hexan-6-yl)-1-methyl-6-oxopiperidine-3-carboxamide",,CN1CC(C(=O)N[C@H]2[C@@H]3CN(c4ncn(C)c(=O)c4Br)C[C@@H]32)CCC1=O,
95557,COC1(OC)CC(C(=O)N2C[C@H]3C[C@H](NC(=O)c4ccncc4)C[C@H]3C2)C1,"N-((1R,5S,7S)-3-((3,3-dimethoxycyclobutyl)carbonyl)-3-azabicyclo[3.3.0]octan-7-yl)pyridine-4-carboxamide",,COC1(OC)CC(C(=O)N2C[C@H]3C[C@H](NC(=O)c4ccncc4)C[C@H]3C2)C1,
95581,CCOC(=O)[C@]1(C(=O)OCCOCC(F)(F)C(F)F)CCCCO1,"2-2-((2,2,3,3-tetrafluoropropyl)oxy)ethyl 2-ethyl (2S)oxane-2,2-dicarboxylate",,CCOC(=O)[C@]1(C(=O)OCCOCC(F)(F)C(F)F)CCCCO1,
95592,C=C[C@H](NC(=O)CCN(C)C(=O)c1[nH]ccc(=O)c1C)C1CC1,"N-((1R)-1-cyclopropylprop-2-en-1-yl)-3-(N-methyl-3-methyl-4-oxo-1-azacyclohexa-2,5-diene-2-carboxamido)propanamide",C1(CC1)[C@@H](C=C)NC(CCN(C(=O)C=1NC=CC(C1C)=O)C)=O,C=C[C@H](NC(=O)CCN(C)C(=O)c1[nH]ccc(=O)c1C)C1CC1,C=C[C@@H](NC(=O)CCN(C)C(=O)c1[nH]ccc(=O)c1C)C1CC1
95601,CCOc1ncccc1N[C@@]1(c2nnnn2CC)C[C@@H]2CS(=O)(=O)C[C@@H]2C1,"2-ethoxy-N-((1R,5S,7S)-7-(1-ethyl-1H-tetrazol-5-yl)-3,3-dioxo-3lambda^6-thiabicyclo[3.3.0]octan-7-yl)pyridin-3-amine",,CCOc1ncccc1N[C@@]1(c2nnnn2CC)C[C@@H]2CS(=O)(=O)C[C@@H]2C1,
95613,CCn1nc(C(=O)N2C[C@H](C(=O)N[C@H]3C[C@@H]4C[C@@H]4C3)CCC2(C)C)cc1C,"(3R)-N-((1R,3S,5S)-bicyclo[3.1.0]hexan-3-yl)-1-((1-ethyl-5-methyl-1H-pyrazol-3-yl)carbonyl)-6,6-dimethylpiperidine-3-carboxamide",,CCn1nc(C(=O)N2CC(C(=O)N[C@H]3C[C@@H]4C[C@@H]4C3)CCC2(C)C)cc1C,
95642,CC(C)(N=[N+]=[N-])C(=O)N1C[C@H]2[C@H](NC(=O)[C@H]3CCCC(=O)N3)[C@H]2C1,"(2R)-N-((1R,5S,6S)-3-(2-azido-2-methyl-propionyl)-3-azabicyclo[3.1.0]hexan-6-yl)-6-oxopiperidine-2-carboxamide",,CC(C)(N=[N+]=[N-])C(=O)N1C[C@@H]2[C@H](C1)[C@H]2NC(=O)C1CCCC(=O)N1,
95662,Cn1ccc(C(=O)NC[C@]2(F)C[C@@H](NC(=O)[C@@]3(C#N)[C@@H](C#N)C3(C)C)C2)cc1=O,"N-(((1R,3s)-3-((1S,2S)-1,2-dicyano-3,3-dimethylcyclopropanecarboxamido)-1-fluorocyclobutyl)methyl)-1-methyl-6-oxo-1-azacyclohexa-2,4-diene-4-carboxamide",,Cn1ccc(C(=O)NC[C@]2(F)C[C@@H](NC(=O)[C@@]3(C#N)[C@@H](C#N)C3(C)C)C2)cc1=O,
95668,C[C@@H]1C[C@@]2(C(=O)N3[C@H]4CCC[C@H]3CN(C(=O)C[C@@H]3Cc5ccccc5O3)C4)C[C@@H]12,"1-((1S,5S)-9-(((1R,3R,4S)-3-methylbicyclo[2.1.0]pentan-1-yl)carbonyl)-3,9-diazabicyclo[3.3.1]nonan-3-yl)-2-((8S)-7-oxabicyclo[4.3.0]nona-1,3,5-trien-8-yl)ethan-1-one",C[C@@H]1C[C@@]2(C[C@@H]12)C(=O)N1[C@@H]2CN(C[C@@H]1CCC2)C(C[C@H]2OC1=CC=CC=C1C2)=O,C[C@@H]1C[C@@]2(C(=O)N3[C@H]4CCC[C@H]3CN(C(=O)C[C@@H]3Cc5ccccc5O3)C4)C[C@@H]12,C[C@@H]1C[C@]2(C(=O)N3[C@H]4CCC[C@H]3CN(C(=O)C[C@@H]3Cc5ccccc5O3)C4)C[C@@H]12
95782,CC(=O)N1CCC[C@@H]1C(=O)N[C@H]1C[C@@](F)(CNC(=O)[C@@H]2CC3(CCCC3)CO2)C1,"(2R)-1-(acetyl)-N-((1S,3s)-3-fluoro-3-(((3S)-2-oxaspiro[4.4]nonane-3-carboxamido)methyl)cyclobutyl)pyrrolidine-2-carboxamide",,CC(=O)N1CCCC1C(=O)N[C@H]1C[C@@](F)(CNC(=O)C2CC3(CCCC3)CO2)C1,
95783,CSC1CC(N[C@H]2[C@H](C)COC[C@@H]2C)C1,"(3R,4S,5S)-3,5-dimethyl-N-(3-(methylsulfanyl)cyclobutyl)-oxan-4-amine",,CSC1CC(N[C@H]2[C@H](C)COC[C@@H]2C)C1,
95839,C[C@]1(NC(=O)C2=C[C@@H]3CCCCCC[C@H]23)CCN(C(=O)[C@@H]2CC[C@H]3C[C@@H]3C2)C1,"(1R,8S)-N-((3S)-1-(((1R,3R,6S)-bicyclo[4.1.0]heptan-3-yl)carbonyl)-3-methylpyrrolidin-3-yl)bicyclo[6.2.0]dec-9-ene-9-carboxamide",[C@H]12C[C@@H](CC[C@H]2C1)C(=O)N1C[C@@](CC1)(C)NC(=O)C=1[C@H]2CCCCCC[C@@H]2C1,C[C@]1(NC(=O)C2=C[C@@H]3CCCCCC[C@H]23)CCN(C(=O)C2CC[C@H]3C[C@@H]3C2)C1,C[C@]1(NC(=O)C2=C[C@H]3CCCCCC[C@H]23)CCN(C(=O)C2CC[C@H]3C[C@@H]3C2)C1
95876,CCSCC(=O)N1CCO[C@]2(CC[C@@H](Nc3nc(C)nc(C)c3F)CC2)C1,"2-(ethylsulfanyl)-1-(9-((5-fluoro-2,6-dimethylpyrimidin-4-yl)amino)-1-oxa-4-azaspiro[5.5]undecan-4-yl)ethan-1-one",C(C)SCC(=O)N1CCOC2(C1)CCC(CC2)NC2=NC(=NC(=C2F)C)C,CCSCC(=O)N1CCO[C@]2(CC[C@@H](Nc3nc(C)nc(C)c3F)CC2)C1,CCSCC(=O)N1CCOC2(CCC(Nc3nc(C)nc(C)c3F)CC2)C1
95889,O=C(C[C@@H]1C[C@H]2C[C@H]2C1)N[C@H]1C[C@H]1NC(=O)c1c[nH]c2cc(Br)ccc12,"2-((1R,3R,5S)-bicyclo[3.1.0]hexan-3-yl)-N-((1S,2R)-2-(4-bromo-7-azabicyclo[4.3.0]nona-1(6),2,4,8-tetraene-9-carboxamido)cyclopropyl)acetamide",,O=C(C[C@H]1C[C@@H]2C[C@@H]2C1)N[C@H]1C[C@H]1NC(=O)c1c[nH]c2cc(Br)ccc12,
95925,O=C(C=C[C@@H]1CCOC1)N[C@H]1C[C@@H]2CC[C@H](C1)N2C(=O)CCc1ccccc1O,"N-((1R,3S,5S)-8-(3-(2-hydroxyphenyl)-propionyl)-8-azabicyclo[3.2.1]octan-3-yl)-3-((3S)-oxolan-3-yl)prop-2-enamide",,O=C(C=C[C@@H]1CCOC1)N[C@@H]1C[C@H]2CC[C@@H](C1)N2C(=O)CCc1ccccc1O,
95932,O=S1(=O)CC(N=c2ccc(Br)c(S(=O)(=O)NC[C@@H]3[C@H]4CCC[C@H]43)[nH]2)C1,"1-((1R,5S,6R)-bicyclo[3.1.0]hexan-6-yl)-N-(3-bromo-6-((1,1-dioxo-1lambda^6-thiacyclobutan-3-yl)imino)-1-azacyclohexa-2,4-dien-2-ylsulfonyl)methanamine",,O=S1(=O)CC(Nc2ccc(Br)c(S(=O)(=O)NC[C@H]3[C@@H]4CCC[C@@H]43)n2)C1,
95977,CCSCC(=O)N[C@]1(C)C[C@H](NC(=O)[C@H](O)CC(C)(C)C)C1,"(2R)-N-((1R,3s)-3-(2-(ethylsulfanyl)acetamido)-3-methylcyclobutyl)-2-hydroxy-4,4-dimethylpentanamide",,CCSCC(=O)N[C@]1(C)C[C@H](NC(=O)C(O)CC(C)(C)C)C1,
95980,CCO[C@H](C)C(=O)NC12CC(C)(C1)OC21CCN(C(=O)C2=C[C@@H]3CCC[C@H]23)CC1,"(2R)-2-ethoxy-N-(1-methyl-1'-(piperidin-1-yl)-1-((1R,5S)-spiro[2-oxabicyclo[2.1.1]hexane-3,4'-bicyclo[3.2.0]hept-6-en-6-yl)methanone]-4-yl)propanamide",,CCOC(C)C(=O)NC12CC(C)(C1)OC21CCN(C(=O)C2=C[C@@H]3CCC[C@H]23)CC1,
96157,CCC[C@H](C)CC(=O)N[C@H]1C[C@H]2COC[C@@H](C1)N2C(=O)c1sccc1CC,"(3S)-N-((1R,5S,7S)-9-((3-ethylthiophen-2-yl)carbonyl)-3-oxa-9-azabicyclo[3.3.1]nonan-7-yl)-3-methylhexanamide",,CCC[C@H](C)CC(=O)N[C@H]1C[C@H]2COC[C@@H](C1)N2C(=O)c1sccc1CC,
96158,O=C([C@H]1[C@H]2CCC[C@H]2CN1C(=O)[C@H]1C[C@@H]2CCC[C@@H]2C1)N1C[C@@H]2C[C@H]1CS2,"1-((1S,2R,5R)-3-(((1R,3S,5S)-bicyclo[3.3.0]octan-3-yl)carbonyl)-3-azabicyclo[3.3.0]octan-2-yl)-1-((1S,4S)-2-thia-5-azabicyclo[2.2.1]heptan-5-yl)methanone",,O=C(C1C[C@H]2CCC[C@H]2C1)N1C[C@@H]2CCC[C@@H]2C1C(=O)N1C[C@@H]2C[C@H]1CS2,
96159,CC1=NO[C@](C)(CN[C@@H]2C[C@H]3[C@H]4C=C[C@@H](C4)[C@H]32)C1,"(1S,2S,4R,5S,6R)-N-(((5S)-3,5-dimethyl-1-oxa-2-azacyclopent-2-en-5-yl)methyl)tricyclo[4.2.1.0^{2,5}]non-7-en-4-amine",CC1=NO[C@](C1)(C)CN[C@@H]1C[C@H]2[C@@H]3C=C[C@H]([C@H]12)C3,CC1=NO[C@](C)(CN[C@@H]2C[C@@H]3[C@H]2[C@H]2C=C[C@H]3C2)C1,CC1=NO[C@](C)(CN[C@@H]2C[C@@H]3[C@@H]2[C@H]2C=C[C@@H]3C2)C1
96173,CC1(C(=O)N2CCCC[C@]23C[C@H](NC(=O)c2cc(F)cc4nn[nH]c24)C3)COC1,"4-fluoro-N-(5-((3-methyl-1-oxacyclobutan-3-yl)carbonyl)-5-azaspiro[3.5]nonan-2-yl)-7,8,9-triazabicyclo[4.3.0]nona-1,3,5,7-tetraene-2-carboxamide",FC1=CC(=C2NN=NC2=C1)C(=O)NC1CC2(C1)N(CCCC2)C(=O)C2(COC2)C,CC1(C(=O)N2CCCC[C@]23C[C@H](NC(=O)c2cc(F)cc4[nH]nnc24)C3)COC1,CC1(C(=O)N2CCCCC23CC(NC(=O)c2cc(F)cc4[nH]nnc24)C3)COC1
96218,CC[C@H](C)CC(=O)N1C[C@H]2[C@H](NC(=O)c3c(O)nnc4c3CCC4)[C@H]2C1,"4-hydroxy-N-((1R,5S,6S)-3-((3S)-3-methyl-pentanoyl)-3-azabicyclo[3.1.0]hexan-6-yl)-2,3-diazabicyclo[4.3.0]nona-1(6),2,4-triene-5-carboxamide",,CC[C@H](C)CC(=O)N1C[C@@H]2[C@H](C1)[C@H]2NC(=O)c1c2c(n[nH]c1=O)CCC2,
96226,CC(C)NC(=O)[C@H]([C@@H]1[C@H]2CCC[C@H]21)N1C[C@@H]2C[C@H](C)[C@H]2C1,"(2S)-2-((1R,5S,6R)-bicyclo[3.1.0]hexan-6-yl)-2-((1R,5R,6S)-6-methyl-3-azabicyclo[3.2.0]heptan-3-yl)-N-(propan-2-yl)acetamide",,CC(C)NC(=O)C([C@H]1[C@@H]2CCC[C@@H]21)N1C[C@@H]2C[C@H](C)[C@H]2C1,
96320,CP(C)(=O)CCC(=O)N[C@]1(C(=O)NCc2ccccc2)C[C@H](O)C1,"N-((1R,3s)-1-(benzylcarbamoyl)-3-hydroxycyclobutyl)-3-(dimethyloxophosphanyl)propanamide",,CP(C)(=O)CCC(=O)N[C@]1(C(=O)NCc2ccccc2)C[C@H](O)C1,
96341,O=C(N[C@H]1[C@@H]2CN(C(=O)Cc3noc4cc(F)ccc34)C[C@@H]21)C1=CCOC1,"N-((1R,5S,6S)-3-(2-(4-fluoro-7-oxa-8-azabicyclo[4.3.0]nona-1(6),2,4,8-tetraen-9-yl)-acetyl)-3-azabicyclo[3.1.0]hexan-6-yl)-1-oxacyclopent-3-ene-3-carboxamide",,O=C(N[C@H]1[C@@H]2CN(C(=O)Cc3noc4cc(F)ccc34)C[C@@H]21)C1=CCOC1,
96424,O=C(c1ncc2ccccn12)N1CCC[C@]2(CCCN2C(=O)CCC2CCC2)C1,"3-cyclobutyl-1-((5S)-7-((1,8-diazabicyclo[4.3.0]nona-2,4,6,8-tetraen-9-yl)carbonyl)-1,7-diazaspiro[4.5]decan-1-yl)propan-1-one",C1(CCC1)CCC(=O)N1CCC[C@]12CN(CCC2)C(=O)C2=NC=C1C=CC=CN21,O=C(c1ncc2ccccn12)N1CCC[C@]2(CCCN2C(=O)CCC2CCC2)C1,O=C(c1ncc2ccccn12)N1CCC[C@@]2(CCCN2C(=O)CCC2CCC2)C1
96468,CCCCSCC(=O)N[C@@H]1C[C@@H]2C[C@H](NC(=O)COC3(C)CCC3)C[C@@H]2C1,"2-(butylsulfanyl)-N-((1R,3R,5S,7S)-7-(2-((1-methylcyclobutyl)oxy)acetamido)bicyclo[3.3.0]octan-3-yl)acetamide",,CCCCSCC(=O)N[C@H]1C[C@H]2C[C@@H](NC(=O)COC3(C)CCC3)C[C@H]2C1,
96570,COc1ccc2c(CC(=O)N3C[C@H]4[C@@H](C3)[C@@H]4C(=O)N[C@H]3CCCOC3)c[nH]c2c1,"(1R,5S,6R)-3-(2-(4-methoxy-7-azabicyclo[4.3.0]nona-1(6),2,4,8-tetraen-9-yl)-acetyl)-N-((3S)-oxan-3-yl)-3-azabicyclo[3.1.0]hexane-6-carboxamide",,COc1ccc2c(CC(=O)N3C[C@@H]4C(C(=O)N[C@H]5CCCOC5)[C@@H]4C3)c[nH]c2c1,
96594,Cc1nc(C)c(C(=O)N2CCN(C(=O)C3=C[C@@H]4CCC[C@H]34)CC23CCC3)s1,"1-(8-(((1R,5S)-bicyclo[3.2.0]hept-6-en-6-yl)carbonyl)-5,8-diazaspiro[3.5]nonan-5-yl)-1-(2,4-dimethylthiazol-5-yl)methanone",[C@@H]12CCC[C@@H]2C(=C1)C(=O)N1CCN(C2(CCC2)C1)C(=O)C1=C(N=C(S1)C)C,Cc1nc(C)c(C(=O)N2CCN(C(=O)C3=C[C@@H]4CCC[C@H]34)CC23CCC3)s1,Cc1nc(C)c(C(=O)N2CCN(C(=O)C3=C[C@H]4CCC[C@H]34)CC23CCC3)s1
96628,O=C(N[C@@H]1C[C@H]2C=CC[C@H](C2)C1)[C@@H]1CN(C(=O)CC2C[C@@H]3C[C@H]3C2)C2(CCC2)C1,"(7S)-5-(2-((1R,5R)-bicyclo[3.1.0]hexan-3-yl)-acetyl)-N-((1S,3S,5S)-bicyclo[3.3.1]non-6-en-3-yl)-5-azaspiro[3.4]octane-7-carboxamide",[C@H]12CC(C[C@H]2C1)CC(=O)N1C2(CCC2)C[C@@H](C1)C(=O)N[C@H]1C[C@H]2CC=C[C@H](C1)C2,O=C(N[C@@H]1C[C@H]2C=CC[C@H](C2)C1)C1CN(C(=O)CC2C[C@@H]3C[C@H]3C2)C2(CCC2)C1,O=C(N[C@@H]1C[C@H]2C=CC[C@@H](C2)C1)C1CN(C(=O)CC2C[C@H]3C[C@@H]3C2)C2(CCC2)C1
96747,CC1(C)CN(CC(=O)NCCCN2CC[C@H](NC(=O)C[C@@H]3C[C@H]4C[C@H]4C3)C2)C1,"N-(3-((3S)-3-(2-((1R,3R,5S)-bicyclo[3.1.0]hexan-3-yl)acetamido)pyrrolidin-1-yl)propyl)-2-(3,3-dimethyl-azetidin-1-yl)acetamide",,CC1(C)CN(CC(=O)NCCCN2CC[C@H](NC(=O)C[C@H]3C[C@@H]4C[C@@H]4C3)C2)C1,
96761,Cc1nc(NCCc2cncn2C)cc(=NC[C@]2(F)C[C@H](CO)C2)[nH]1,"1-((1R,3r)-3-fluoro-3-(((2-methyl-6-((2-(1-methyl-1H-imidazol-5-yl)ethyl)amino)-1,3-diazacyclohexa-1,5-dien-4-ylidene)amino)methyl)cyclobutyl)methanol",,Cc1nc(NCCc2cncn2C)cc(NC[C@]2(F)C[C@H](CO)C2)n1,
96783,COCCOCCOCC(=O)N1[C@H]2CC[C@@H]1C[C@@H](N(C)C(=O)CC(C)(C)OC)C2,"3-methoxy-N-((1R,3S,5S)-8-(2-((2-((2-methoxyethyl)oxy)ethyl)oxy)-acetyl)-8-azabicyclo[3.2.1]octan-3-yl)-3,N-dimethylbutanamide",,COCCOCCOCC(=O)N1[C@@H]2CC[C@H]1C[C@H](N(C)C(=O)CC(C)(C)OC)C2,
96807,Cc1cccc(CC(=O)N2[C@H]3CC[C@@H]2C[C@@H](N(C)C(=O)c2cncc(C)n2)C3)c1,"6,N-dimethyl-N-((1R,3S,5S)-8-(2-(3-methylphenyl)-acetyl)-8-azabicyclo[3.2.1]octan-3-yl)pyrazine-2-carboxamide",,Cc1cccc(CC(=O)N2[C@@H]3CC[C@H]2C[C@H](N(C)C(=O)c2cncc(C)n2)C3)c1,
96833,CC[C@]1(C)C[C@@H]1C(=O)NC12CC(C)(C1)OC21CCN(C(=O)c2ccc(C)o2)CC1,"(1S,2R)-2-ethyl-2-methyl-N-(1-methylspiro[2-oxabicyclo[2.1.1]hexane-3,4'-(1-(piperidin-1-yl)-1-(5-methylfuran-2-yl)methanone)]-4-yl)cyclopropanecarboxamide",,CC[C@]1(C)CC1C(=O)NC12CC(C)(C1)OC21CCN(C(=O)c2ccc(C)o2)CC1,
96893,C#CC[C@@H](C(=O)N[C@H]1C[C@@H]2C[C@H](C1)CN(C(=O)c1nccn1C)C2)C1CC1,"(2R)-2-cyclopropyl-N-((1R,5S,7S)-3-((1-methyl-1H-imidazol-2-yl)carbonyl)-3-azabicyclo[3.3.1]nonan-7-yl)pent-4-ynamide",,C#CCC(C(=O)N[C@@H]1C[C@H]2C[C@@H](C1)CN(C(=O)c1nccn1C)C2)C1CC1,
96908,CC1=NO[C@](C)(C(=O)N[C@@H]2C[C@@H]3CC[C@H](C2)N3c2cc(CC(C)C)ncn2)C1,"(5S)-3,5-dimethyl-N-((1R,3R,5S)-8-(6-(2-methylpropyl)pyrimidin-4-yl)-8-azabicyclo[3.2.1]octan-3-yl)-1-oxa-2-azacyclopent-2-ene-5-carboxamide",,CC1=NO[C@](C)(C(=O)N[C@H]2C[C@H]3CC[C@@H](C2)N3c2cc(CC(C)C)ncn2)C1,
96925,CC[C@@H]1[C@@H](NC(=O)[C@@H]2[C@H]3COC[C@H]32)CCCN1C(=O)COC,"(1R,5S,6R)-N-((2R,3S)-2-ethyl-1-(2-methoxy-acetyl)piperidin-3-yl)-3-oxabicyclo[3.1.0]hexane-6-carboxamide",,CC[C@@H]1[C@@H](NC(=O)C2[C@H]3COC[C@@H]23)CCCN1C(=O)COC,
96941,O=C(C[C@@H]1CCCC[C@H]1O)N[C@@H]1C[C@H]2[C@@H](C1)[C@@H]2NC(=O)c1ccc2occc2c1,"N-((1R,3R,5S,6R)-6-(1-benzofuran-5-carboxamido)bicyclo[3.1.0]hexan-3-yl)-2-((1S,2R)-2-hydroxycyclohexyl)acetamide",,O=C(C[C@@H]1CCCC[C@H]1O)N[C@H]1C[C@@H]2[C@H](C1)[C@H]2NC(=O)c1ccc2occc2c1,
96974,C[C@H]1CCO[C@H](C(=O)NC[C@H]2CC3(CC3)CN2C(=O)[C@H]2C[C@](O)(C(F)(F)F)C2)C1,"(2S,4S)-N-(((6R)-5-(((1S,3r)-3-hydroxy-3-(trifluoromethyl)cyclobutyl)carbonyl)-5-azaspiro[2.4]heptan-6-yl)methyl)-4-methyloxane-2-carboxamide",,C[C@H]1CCOC(C(=O)NC[C@H]2CC3(CC3)CN2C(=O)C2CC(O)(C(F)(F)F)C2)C1,
96982,Cc1nc(CC(=O)NCCCC(C)(C)NC(=O)CC2C[C@H]3C[C@@H]3C2)n[nH]1,"N-(4-(2-((1S,5S)-bicyclo[3.1.0]hexan-3-yl)acetamido)-4-methylpentyl)-2-(5-methyl-1H-1,2,4-triazol-3-yl)acetamide",[C@@H]12CC(C[C@@H]2C1)CC(=O)NC(CCCNC(CC1=NNC(=N1)C)=O)(C)C,Cc1n[nH]c(CC(=O)NCCCC(C)(C)NC(=O)CC2C[C@H]3C[C@@H]3C2)n1,Cc1n[nH]c(CC(=O)NCCCC(C)(C)NC(=O)CC2C[C@@H]3C[C@H]3C2)n1
97050,Cc1cc(=N[C@H]2[C@@H]3CN(C(=O)[C@H]4CN(C)CCO4)C[C@@H]32)[nH]c(-c2cccnc2)n1,"1-((1R,5S,6S)-6-((6-methyl-2-(pyridin-3-yl)-1,3-diazacyclohexa-1,5-dien-4-ylidene)amino)-3-azabicyclo[3.1.0]hexan-3-yl)-1-((2R)-4-methylmorpholin-2-yl)methanone",,Cc1cc(N[C@H]2[C@@H]3CN(C(=O)C4CN(C)CCO4)C[C@@H]32)nc(-c2cccnc2)n1,
97077,CN1CC(O)(CNC(=O)[C@@H]2[C@H]3CN(C(=O)C[C@H]4CC(C)(C)CO4)C[C@H]32)C1,"(1R,5S,6R)-3-(2-((2R)-4,4-dimethyloxolan-2-yl)-acetyl)-N-((3-hydroxy-1-methyl-azetidin-3-yl)methyl)-3-azabicyclo[3.1.0]hexane-6-carboxamide",,CN1CC(O)(CNC(=O)C2[C@H]3CN(C(=O)C[C@H]4CC(C)(C)CO4)C[C@@H]23)C1,
97083,CON1C[C@H](C(=O)N[C@H](C)/C=C/C(=O)N(C)[C@@H]2C[C@@H](C)C[C@@H](C)C2)CC1=O,"(3R)-N-((2R,3E)-5-(((1R,3R,5S)-3,5-dimethylcyclohexyl)(methyl)amino)-5-oxopent-3-en-2-yl)-1-methoxy-5-oxopyrrolidine-3-carboxamide",,CON1CC(C(=O)N[C@H](C)/C=C/C(=O)N(C)[C@H]2C[C@H](C)C[C@H](C)C2)CC1=O,
97088,Cc1nc2ccccc2cc1C(=O)NC[C@H]1[C@@H]2CN(C(=O)[C@@]34C[C@@H]3[C@H](O)C4)C[C@H]12,"N-(((1R,5S,6S)-3-(((1R,3R,4S)-3-hydroxybicyclo[2.1.0]pentan-1-yl)carbonyl)-3-azabicyclo[3.1.0]hexan-6-yl)methyl)-2-methylquinoline-3-carboxamide",,Cc1nc2ccccc2cc1C(=O)NC[C@@H]1[C@H]2CN(C(=O)[C@]34C[C@@H](O)[C@H]3C4)C[C@@H]12,
97171,CN(C)[C@H]1C[C@@](C)(NC(=O)[C@@H]2CCCN(C(=O)CCc3cnccn3)C2)C1,"(3R)-N-((1R,3s)-3-(dimethylamino)-1-methylcyclobutyl)-1-(1-oxo-3-(pyrazin-2-yl)propyl)piperidine-3-carboxamide",,CN(C)[C@H]1C[C@@](C)(NC(=O)C2CCCN(C(=O)CCc3cnccn3)C2)C1,
97176,CN1C(=O)OC[C@@H]1C(=O)NC[C@]1(F)C[C@@H](NC(=O)C(C)(C)CN2CCOCC2)C1,"(4R)-N-(((1R,3s)-1-fluoro-3-(2-methyl-2-((morpholin-4-yl)methyl)propanamido)cyclobutyl)methyl)-3-methyl-2-oxo-oxazolidine-4-carboxamide",,CN1C(=O)OCC1C(=O)NC[C@]1(F)C[C@@H](NC(=O)C(C)(C)CN2CCOCC2)C1,
97187,C=CC1(C(=O)NC[C@@H]2C[C@@H]3CC[C@H](C2)N3C(=O)C(C)(C)COC)CCC1,"1-ethenyl-N-(((1R,3R,5S)-8-(2-(methoxymethyl)-2-methyl-propionyl)-8-azabicyclo[3.2.1]octan-3-yl)methyl)cyclobutanecarboxamide",,C=CC1(C(=O)NC[C@H]2C[C@H]3CC[C@@H](C2)N3C(=O)C(C)(C)COC)CCC1,
97225,C[C@H]1C[C@H](NC(=O)N[C@H]2C[C@H]3CSC[C@H](C3)C2)[C@H](C)CN1C,"1-(((1R,5S,7S)-3-thiabicyclo[3.3.1]nonan-7-yl)amino)-N-((2S,4S,5R)-1,2,5-trimethylpiperidin-4-yl)formamide",,C[C@@H]1CN(C)[C@@H](C)C[C@@H]1NC(=O)N[C@@H]1C[C@@H]2CSC[C@@H](C2)C1,
97245,C/C=C/C[C@H](CC)C(=O)N1CC[C@@H](CCNC(=O)[C@]2(C(F)(F)F)C[C@@H](O)C2)C1,"N-(2-((3R)-1-((2S,4E)-2-ethyl-1-oxohex-4-en-1-yl)pyrrolidin-3-yl)ethyl)-3-hydroxy-1-(trifluoromethyl)cyclobutanecarboxamide",C(C)[C@H](C(=O)N1C[C@@H](CC1)CCNC(=O)C1(CC(C1)O)C(F)(F)F)C\C=C\C,C/C=C/CC(CC)C(=O)N1CC[C@@H](CCNC(=O)[C@]2(C(F)(F)F)C[C@@H](O)C2)C1,C/C=C/CC(CC)C(=O)N1CC[C@@H](CCNC(=O)C2(C(F)(F)F)CC(O)C2)C1
97288,C=CCCCCCC(=O)N[C@H]1C[C@@](C)(NC(=O)[C@@H]2[C@@H]3CCC(F)(F)[C@@H]32)C1,"N-((1S,3r)-3-((1S,5S,6R)-2,2-difluorobicyclo[3.1.0]hexane-6-carboxamido)-3-methylcyclobutyl)oct-7-enamide",,C=CCCCCCC(=O)N[C@H]1C[C@@](C)(NC(=O)C2[C@@H]3[C@H]2CCC3(F)F)C1,
97365,C[C@@H](C(=O)NC[C@H]1C[C@](F)(CNC(=O)c2c(O)cccc2Cl)C1)N1CCSCC1,"(2S)-N-(((1S,3r)-3-((2-chloro-6-hydroxybenzene-1-carboxamido)methyl)-3-fluorocyclobutyl)methyl)-2-(thiomorpholin-4-yl)propanamide",,CC(C(=O)NC[C@H]1C[C@](F)(CNC(=O)c2c(O)cccc2Cl)C1)N1CCSCC1,
97396,Cc1c(Br)cncc1C(=O)NCC12CCC(CC1)N2C(=O)[C@@H]1[C@H]2COC[C@H]21,"5-bromo-4-methyl-N-((7-(((1R,5S,6R)-3-oxabicyclo[3.1.0]hexan-6-yl)carbonyl)-7-azabicyclo[2.2.1]heptan-1-yl)methyl)pyridine-3-carboxamide",,Cc1c(Br)cncc1C(=O)NCC12CCC(CC1)N2C(=O)C1[C@H]2COC[C@@H]12,
97543,CN(C)CCCC(=O)NC[C@]1(F)C[C@@H](CNC(=O)[C@H](O)c2cnn(C)c2)C1,"4-(dimethylamino)-N-(((1S,3r)-1-fluoro-3-(((2R)-2-hydroxy-2-(1-methyl-1H-pyrazol-4-yl)acetamido)methyl)cyclobutyl)methyl)butanamide",,CN(C)CCCC(=O)NC[C@]1(F)C[C@@H](CNC(=O)C(O)c2cnn(C)c2)C1,
97630,CC[C@]1(C(=O)N(C)C[C@@H]2CCCN2C(=O)CCCF)CC[C@@H](O)CC1,1-ethyl-N-(((2S)-1-(4-fluoro-butyryl)pyrrolidin-2-yl)methyl)-4-hydroxy-N-methylcyclohexanecarboxamide,C(C)C1(CCC(CC1)O)C(=O)N(C)C[C@H]1N(CCC1)C(CCCF)=O,CC[C@]1(C(=O)N(C)C[C@@H]2CCCN2C(=O)CCCF)CC[C@@H](O)CC1,CCC1(C(=O)N(C)C[C@@H]2CCCN2C(=O)CCCF)CCC(O)CC1
97648,CC(COC(=O)[C@@H]1C[C@H](C(F)(F)F)CN1C(=O)OC(C)(C)C)C(C)(C)C,"2-2,3,3-trimethylbutyl 1-tert-butyl (2S,4S)-4-(trifluoromethyl)pyrrolidine-1,2-dicarboxylate",,CC(COC(=O)C1C[C@H](C(F)(F)F)CN1C(=O)OC(C)(C)C)C(C)(C)C,
97744,Cc1cc(CCC(=O)N[C@]2(C)C[C@H](NC(=O)CCCC3CCCC3)C2)no1,"4-cyclopentyl-N-((1S,3r)-3-methyl-3-(3-(5-methylisoxazol-3-yl)propanamido)cyclobutyl)butanamide",,Cc1cc(CCC(=O)N[C@]2(C)C[C@H](NC(=O)CCCC3CCCC3)C2)no1,
97756,CC1(C)[C@H]2C[C@H](C(=O)NCCOC3CN(C(=O)c4c(F)cc(F)cc4F)C3)C[C@H]21,"(1R,3S,5S)-6,6-dimethyl-N-(2-((1-((2,4,6-trifluorophenyl)carbonyl)-azetidin-3-yl)oxy)ethyl)bicyclo[3.1.0]hexane-3-carboxamide",,CC1(C)[C@@H]2CC(C(=O)NCCOC3CN(C(=O)c4c(F)cc(F)cc4F)C3)C[C@@H]21,
97758,O=C(N[C@H]1C[C@@H]2CN(C(=O)COCCF)C[C@@H]2C1)c1cncc2ccc(F)cc12,"6-fluoro-N-((1R,5S,7S)-3-(2-((2-fluoroethyl)oxy)-acetyl)-3-azabicyclo[3.3.0]octan-7-yl)isoquinoline-4-carboxamide",,O=C(N[C@H]1C[C@@H]2CN(C(=O)COCCF)C[C@@H]2C1)c1cncc2ccc(F)cc12,
97903,Cc1c(Cl)cccc1OCC(=O)NC1[C@H]2C[C@H]1CN(C(=O)[C@H]1C[C@@](F)(CO)C1)C2,"2-((3-chloro-2-methylphenyl)oxy)-N-((1S,5S)-3-(((1S,3s)-3-fluoro-3-(hydroxymethyl)cyclobutyl)carbonyl)-3-azabicyclo[3.1.1]heptan-6-yl)acetamide",,Cc1c(Cl)cccc1OCC(=O)NC1[C@H]2C[C@H]1CN(C(=O)C1CC(F)(CO)C1)C2,
97936,CC[C@@H](CNC(=O)c1cccnn1)NC(=O)[C@@H]1C[C@@H]2CSC[C@@H](C2)C1,"N-((2S)-2-((1R,5S,7R)-3-thiabicyclo[3.3.1]nonane-7-carboxamido)butyl)pyridazine-3-carboxamide",,CC[C@@H](CNC(=O)c1cccnn1)NC(=O)C1C[C@H]2CSC[C@@H](C1)C2,
97956,CN(C)C1(CC(=O)NC[C@H](O)C2CCN(C(=O)[C@@H]3[C@H]4COC[C@H]43)CC2)CC1,"2-(1-(dimethylamino)cyclopropyl)-N-((2R)-2-hydroxy-2-(1-(((1R,5S,6R)-3-oxabicyclo[3.1.0]hexan-6-yl)carbonyl)piperidin-4-yl)ethyl)acetamide",,CN(C)C1(CC(=O)NC[C@H](O)C2CCN(C(=O)C3[C@H]4COC[C@@H]34)CC2)CC1,
97973,O=C(Cc1ccc(F)cc1F)N[C@H]1[C@@H]2CN(Cc3ccc4ncccc4c3)C[C@@H]21,"N-((1R,5S,6S)-3-((2-azabicyclo[4.4.0]deca-1,3,5,7,9-pentaen-8-yl)methyl)-3-azabicyclo[3.1.0]hexan-6-yl)-2-(2,4-difluorophenyl)acetamide",,O=C(Cc1ccc(F)cc1F)N[C@H]1[C@@H]2CN(Cc3ccc4ncccc4c3)C[C@@H]21,
97990,C[C@H](NC(=O)C[C@@H]1C[C@H]2C=C[C@H]1C2)C(=O)N(C)[C@H]1C[C@@H]2C[C@@H]2C1,"(2S)-2-(2-((1S,2S,4R)-bicyclo[2.2.1]hept-5-en-2-yl)acetamido)-N-((1R,3S,5S)-bicyclo[3.1.0]hexan-3-yl)-N-methylpropanamide",,CC(NC(=O)C[C@@H]1C[C@H]2C=C[C@H]1C2)C(=O)N(C)[C@@H]1C[C@H]2C[C@H]2C1,
98019,C[C@H]1C[C@@H](C(=O)N2CC[C@@H](CNC(=O)[C@H]3CNC(=O)N3C)C2)C[C@@H](C)O1,"(5R)-N-(((3S)-1-(((2R,4R,6S)-2,6-dimethyl-oxan-4-yl)carbonyl)pyrrolidin-3-yl)methyl)-1-methyl-2-oxoimidazolidine-5-carboxamide",,C[C@@H]1CC(C(=O)N2CC[C@@H](CNC(=O)C3CNC(=O)N3C)C2)C[C@H](C)O1,
98090,Cc1ccc(C(=O)N[C@@H]2C[C@@H]3CC[C@H](C2)N3C(=O)C(=O)C2CCCCC2)nc1F,"N-((1R,3R,5S)-8-(2-cyclohexyl-1,2-dioxoethyl)-8-azabicyclo[3.2.1]octan-3-yl)-6-fluoro-5-methylpyridine-2-carboxamide",,Cc1ccc(C(=O)N[C@H]2C[C@H]3CC[C@@H](C2)N3C(=O)C(=O)C2CCCCC2)nc1F,
98144,CCc1ncc(C(=O)N[C@H]2C[C@](C)(NC(=O)[C@H]3CCc4nnc(O)cc4C3)C2)s1,"2-ethyl-N-((1S,3s)-3-((8S)-4-hydroxy-2,3-diazabicyclo[4.4.0]deca-1(6),2,4-triene-8-carboxamido)-3-methylcyclobutyl)thiazole-5-carboxamide",,CCc1ncc(C(=O)N[C@H]2C[C@](C)(NC(=O)C3CCc4n[nH]c(=O)cc4C3)C2)s1,
98161,CCC(CC)CCC(=O)N[C@H](Cc1ccoc1)C(=O)N[C@@H]1[C@H]2COC[C@H]21,"4-ethyl-N-((2R)-1-(furan-3-yl)-3-(((1R,5S,6R)-3-oxabicyclo[3.1.0]hexan-6-yl)amino)-3-oxopropan-2-yl)hexanamide",,CCC(CC)CCC(=O)NC(Cc1ccoc1)C(=O)N[C@H]1[C@@H]2COC[C@@H]21,
98207,O=C(c1ccncc1)N1CC2(CCN2C(=O)[C@@H]2[C@H]3COC[C@H]32)C1,"1-(5-(((1R,5S,6R)-3-oxabicyclo[3.1.0]hexan-6-yl)carbonyl)-2,5-diazaspiro[3.3]heptan-2-yl)-1-(pyridin-4-yl)methanone",,O=C(c1ccncc1)N1CC2(CCN2C(=O)C2[C@H]3COC[C@@H]23)C1,
98215,C[C@@H]1[C@H](C(=O)N2CC(C)(C)OC3(CN(C(=O)C4=NOCC4)C3)C2)[C@@H]1C,"1-(6,6-dimethyl-2-((1-oxa-2-azacyclopent-2-en-3-yl)carbonyl)-5-oxa-2,8-diazaspiro[3.5]nonan-8-yl)-1-((1S,2R,3S)-2,3-dimethylcyclopropyl)methanone",,C[C@@H]1C(C(=O)N2CC(C)(C)OC3(CN(C(=O)C4=NOCC4)C3)C2)[C@@H]1C,
98248,CC[C@H](C)[C@@H](O)C(=O)N[C@H]1C[C@](F)(CNC(=O)Cc2ccc(S(C)(=O)=O)cc2)C1,"(2R,3S)-N-((1S,3r)-3-fluoro-3-((2-(4-(methylsulfonyl)phenyl)acetamido)methyl)cyclobutyl)-2-hydroxy-3-methylpentanamide",,CCC(C)C(O)C(=O)N[C@H]1C[C@](F)(CNC(=O)Cc2ccc(S(C)(=O)=O)cc2)C1,
98293,CCOCCCC(=O)N1[C@H]2CC[C@@H]1C[C@@H](N(C)C(=O)[C@@H]1CCC[C@H](CF)C1)C2,"(1R,3S)-N-((1R,3S,5S)-8-(4-ethoxy-butyryl)-8-azabicyclo[3.2.1]octan-3-yl)-3-(fluoromethyl)-N-methylcyclohexanecarboxamide",,CCOCCCC(=O)N1[C@@H]2CC[C@H]1C[C@H](N(C)C(=O)C1CCC[C@H](CF)C1)C2,
98300,Cc1[nH]nc(C(=O)N2CCCC[C@]23C[C@H](NC(=O)CN(C)C2CCC2)C3)c1O,2-((cyclobutyl)(methyl)amino)-N-(5-((4-hydroxy-5-methyl-1H-pyrazol-3-yl)carbonyl)-5-azaspiro[3.5]nonan-2-yl)acetamide,C1(CCC1)N(CC(=O)NC1CC2(C1)N(CCCC2)C(=O)C2=NNC(=C2O)C)C,Cc1[nH]nc(C(=O)N2CCCC[C@]23C[C@H](NC(=O)CN(C)C2CCC2)C3)c1O,Cc1[nH]nc(C(=O)N2CCCCC23CC(NC(=O)CN(C)C2CCC2)C3)c1O
98334,CN(C)C(=O)C(=O)N1[C@H]2CC[C@@H]1C[C@H](NC(=O)[C@@H]1C[C@H]1c1ccccc1)C2,"N,N-dimethyl-2-oxo-2-((1R,3R,5S)-3-((1R,2R)-2-phenylcyclopropanecarboxamido)-8-azabicyclo[3.2.1]octan-8-yl)acetamide",,CN(C)C(=O)C(=O)N1[C@@H]2CC[C@H]1C[C@@H](NC(=O)C1C[C@H]1c1ccccc1)C2,
98347,C[C@H]1CN(C(=O)c2cc(CCO)on2)C[C@]1(C)C(=O)N[C@@H]1[C@H]2CCCC[C@H]21,"(3R,4R)-N-((1R,6S,7R)-bicyclo[4.1.0]heptan-7-yl)-1-((5-(2-hydroxyethyl)isoxazol-3-yl)carbonyl)-3,4-dimethylpyrrolidine-3-carboxamide",,C[C@H]1CN(C(=O)c2cc(CCO)on2)C[C@]1(C)C(=O)N[C@H]1[C@@H]2CCCC[C@@H]21,
98429,COC(=O)c1cc(C(=O)NC[C@]2(F)C[C@H](CNC(=O)CN(C)CCO)C2)c(C)o1,"methyl 4-((((1S,3s)-1-fluoro-3-((2-((2-hydroxyethyl)(methyl)amino)acetamido)methyl)cyclobutyl)methyl)carbamoyl)-5-methylfuran-2-carboxylate",,COC(=O)c1cc(C(=O)NC[C@]2(F)C[C@H](CNC(=O)CN(C)CCO)C2)c(C)o1,
98530,CCCc1nc(C(=O)N[C@H]2C[C@@](F)(CNC(=O)[C@H](CC)n3cccn3)C2)co1,"N-((1R,3r)-3-fluoro-3-(((2S)-2-(1H-pyrazol-1-yl)butanamido)methyl)cyclobutyl)-2-propyloxazole-4-carboxamide",,CCCc1nc(C(=O)N[C@H]2C[C@@](F)(CNC(=O)C(CC)n3cccn3)C2)co1,
98598,Cc1nocc1CNC(=O)[C@]1(NC(=O)[C@H]2C[C@@H]2C2CC2)C[C@@H](O)C1,"1-((1S,2R)-2-cyclopropylcyclopropanecarboxamido)-3-hydroxy-N-((3-methylisoxazol-4-yl)methyl)cyclobutanecarboxamide",C1(CC1)[C@@H]1[C@H](C1)C(=O)NC1(CC(C1)O)C(=O)NCC=1C(=NOC1)C,Cc1nocc1CNC(=O)[C@]1(NC(=O)C2C[C@@H]2C2CC2)C[C@@H](O)C1,Cc1nocc1CNC(=O)C1(NC(=O)C2C[C@@H]2C2CC2)CC(O)C1
98616,C=CCN=[S@](C)(=O)NC(=O)c1c(C)nn(-c2cccc(Cl)c2)c1C(F)F,1-(3-chlorophenyl)-5-(difluoromethyl)-3-methyl-N-((R)-N-prop-2-en-1-yl-S-methylsulfonimidoyl)-1H-pyrazole-4-carboxamide,ClC=1C=C(C=CC1)N1N=C(C(=C1C(F)F)C(=O)N[S@](=O)(=NCC=C)C)C,C=CCN=[S@](C)(=O)NC(=O)c1c(C)nn(-c2cccc(Cl)c2)c1C(F)F,C=CCN=[S@@](C)(=O)NC(=O)c1c(C)nn(-c2cccc(Cl)c2)c1C(F)F
98683,C#CCCCC(=O)NC[C@H]1C[C@](F)(CNC(=O)C[C@H]2CCOc3ccccc32)C1,"N-(((1S,3r)-3-fluoro-3-((2-((5R)-2-oxabicyclo[4.4.0]deca-1(10),6,8-trien-5-yl)acetamido)methyl)cyclobutyl)methyl)hex-5-ynamide",,C#CCCCC(=O)NC[C@H]1C[C@](F)(CNC(=O)C[C@H]2CCOc3ccccc32)C1,
98754,Cc1cc(C(=O)N2C[C@H]3CC[C@@H](C2)[C@@H]3C(=O)NC2COC2)c[nH]1,"(1R,5S,8R)-3-((5-methyl-1H-pyrrol-3-yl)carbonyl)-N-(1-oxacyclobutan-3-yl)-3-azabicyclo[3.2.1]octane-8-carboxamide",,Cc1cc(C(=O)N2C[C@H]3CC[C@@H](C2)C3C(=O)NC2COC2)c[nH]1,
98761,C[C@@H](C(=O)N1C[C@H]2[C@H](CN(C)C(=O)c3csc(-c4nc[nH]n4)n3)[C@H]2C1)C(F)F,"N-(((1R,5S,6S)-3-((2S)-2-(difluoromethyl)-propionyl)-3-azabicyclo[3.1.0]hexan-6-yl)methyl)-N-methyl-2-(1H-1,2,4-triazol-3-yl)thiazole-4-carboxamide",,CC(C(=O)N1C[C@@H]2[C@@H](CN(C)C(=O)c3csc(-c4nc[nH]n4)n3)[C@@H]2C1)C(F)F,
98779,CCc1cc(C(=O)N[C@]2(C)C[C@H](NC(=O)[C@@H]3CC3(Cl)Cl)C2)ncn1,"N-((1R,3s)-3-((1S)-2,2-dichlorocyclopropanecarboxamido)-1-methylcyclobutyl)-6-ethylpyrimidine-4-carboxamide",,CCc1cc(C(=O)N[C@]2(C)C[C@H](NC(=O)C3CC3(Cl)Cl)C2)ncn1,
98781,O=C(Nc1cc(Br)cnc1O)[C@H]1[C@H]2CN(C(=O)COc3ccccc3)C[C@H]21,"(1R,5S,6S)-N-(5-bromo-2-hydroxypyridin-3-yl)-3-(1-oxo-2-phenoxyethyl)-3-azabicyclo[3.1.0]hexane-6-carboxamide",,O=C(Nc1cc(Br)c[nH]c1=O)C1[C@H]2CN(C(=O)COc3ccccc3)C[C@@H]12,
98788,COCCCOCCC(=O)N(CC(=O)N1C[C@H]2C[C@H](F)C[C@H]2C1)C1CC1,"N-cyclopropyl-N-(2-((1R,5S,7S)-7-fluoro-3-azabicyclo[3.3.0]octan-3-yl)-2-oxoethyl)-3-((3-methoxypropyl)oxy)propanamide",,COCCCOCCC(=O)N(CC(=O)N1C[C@H]2C[C@H](F)C[C@H]2C1)C1CC1,
98792,O=C(CCF)N[C@@H]1C[C@@H]2CC[C@H](C1)N2C(=O)c1ccc(NC(=O)C2CC2)cc1Cl,"N-((1R,3R,5S)-8-((2-chloro-4-cyclopropanecarboxamidophenyl)carbonyl)-8-azabicyclo[3.2.1]octan-3-yl)-3-fluoropropanamide",,O=C(CCF)N[C@H]1C[C@H]2CC[C@@H](C1)N2C(=O)c1ccc(NC(=O)C2CC2)cc1Cl,
98820,Cc1csc(C(=O)N(C)[C@H]2[C@@H]3CN(C(=O)C4CC(CF)C4)C[C@@H]32)c1,"N-((1R,5S,6S)-3-((3-(fluoromethyl)cyclobutyl)carbonyl)-3-azabicyclo[3.1.0]hexan-6-yl)-4,N-dimethylthiophene-2-carboxamide",,Cc1csc(C(=O)N(C)[C@H]2[C@@H]3CN(C(=O)C4CC(CF)C4)C[C@@H]32)c1,
98825,O=C(Nc1ccc(C(F)(F)F)cn1)C(=O)N1CCC[C@]2(C1)OC[C@H]1C[C@H]12,"2-((3S)-3'-oxaspiro[piperidine-3,2'-bicyclo[3.1.0]hexane]-1-yl)-2-oxo-N-(5-(trifluoromethyl)pyridin-2-yl)acetamide",C12[C@]3(OCC2C1)CN(CCC3)C(C(=O)NC3=NC=C(C=C3)C(F)(F)F)=O,O=C(Nc1ccc(C(F)(F)F)cn1)C(=O)N1CCC[C@]2(C1)OC[C@H]1C[C@H]12,O=C(Nc1ccc(C(F)(F)F)cn1)C(=O)N1CCC[C@]2(C1)OCC1CC12
98881,Cc1c[nH]c(C(=O)N2C[C@H]3[C@H](CC(=O)NCC4CC(F)C4)[C@H]3C2)c1,"N-((3-fluorocyclobutyl)methyl)-2-((1R,5S,6S)-3-((4-methyl-1H-pyrrol-2-yl)carbonyl)-3-azabicyclo[3.1.0]hexan-6-yl)acetamide",,Cc1c[nH]c(C(=O)N2C[C@@H]3[C@@H](CC(=O)NCC4CC(F)C4)[C@@H]3C2)c1,
98906,CC(C)C[C@H](CNC=O)CC(=O)NC[C@H]1C[C@@](F)(CNC(=O)c2sccc2Cl)C1,"(3S)-N-(((1S,3s)-3-((3-chlorothiophene-2-carboxamido)methyl)-3-fluorocyclobutyl)methyl)-3-(formamidomethyl)-5-methylhexanamide",,CC(C)C[C@H](CNC=O)CC(=O)NC[C@H]1C[C@@](F)(CNC(=O)c2sccc2Cl)C1,
98914,C[C@@H](C(=O)NC[C@H]1C[C@@H]2CC[C@H](C1)N2C(=O)C1COC1)c1ccc(Br)s1,"(2S)-2-(5-bromothiophen-2-yl)-N-(((1R,3S,5S)-8-((1-oxacyclobutan-3-yl)carbonyl)-8-azabicyclo[3.2.1]octan-3-yl)methyl)propanamide",,CC(C(=O)NC[C@@H]1C[C@H]2CC[C@@H](C1)N2C(=O)C1COC1)c1ccc(Br)s1,
99002,O=C(NC[C@H]1COCCN(C(=O)c2cscc2Cl)C1)[C@@H]1[C@H]2CCC[C@H]21,"(1R,5S,6R)-N-(((6R)-4-((4-chlorothiophen-3-yl)carbonyl)-1-oxa-4-azacycloheptan-6-yl)methyl)bicyclo[3.1.0]hexane-6-carboxamide",,O=C(NC[C@H]1COCCN(C(=O)c2cscc2Cl)C1)C1[C@H]2CCC[C@@H]12,
99119,Cc1cc(C)c(CC(=O)N2CCC(F)(CNC(=O)[C@H]3C[C@H]4[C@@H](C3)C4(C)C)CC2)s1,"(1R,3S,5S)-N-((1-(2-(3,5-dimethylthiophen-2-yl)-acetyl)-4-fluoropiperidin-4-yl)methyl)-6,6-dimethylbicyclo[3.1.0]hexane-3-carboxamide",,Cc1cc(C)c(CC(=O)N2CCC(F)(CNC(=O)C3C[C@@H]4[C@H](C3)C4(C)C)CC2)s1,
99163,CN1C[C@H]2[C@@H](C1)[C@@H]2C(=O)NC(C)(C)CCC(=O)N[C@@H]1CCCC[C@@H]1O,"(1R,5S,6R)-N-(5-(((1R,2S)-2-hydroxycyclohexyl)amino)-2-methyl-5-oxopentan-2-yl)-3-methyl-3-azabicyclo[3.1.0]hexane-6-carboxamide",,CN1C[C@@H]2C(C(=O)NC(C)(C)CCC(=O)N[C@@H]3CCCC[C@@H]3O)[C@@H]2C1,
99199,CN(CCC(=O)NCC1[C@@H]2CN(C(=O)[C@@H]3C[C@@H]4C[C@@H]4C3)C[C@@H]12)CC(F)(F)F,"N-(((1S,5S)-3-(((1R,3R,5S)-bicyclo[3.1.0]hexan-3-yl)carbonyl)-3-azabicyclo[3.1.0]hexan-6-yl)methyl)-3-((2,2,2-trifluoroethyl)(methyl)amino)propanamide",,CN(CCC(=O)NCC1[C@@H]2CN(C(=O)C3C[C@@H]4C[C@@H]4C3)C[C@@H]12)CC(F)(F)F,
99357,CN(CC1CCN(C(=O)[C@@H]2[C@H]3CCCC[C@H]32)CC1)C(=O)C[C@@H]1CCCCO1,"N-((1-(((1R,6S,7R)-bicyclo[4.1.0]heptan-7-yl)carbonyl)piperidin-4-yl)methyl)-N-methyl-2-((2S)-oxan-2-yl)acetamide",,CN(CC1CCN(C(=O)C2[C@H]3CCCC[C@@H]23)CC1)C(=O)C[C@@H]1CCCCO1,
99411,CC1(C)[C@H]2C[C@H](NC3(c4ccc(F)c(F)c4)CC3)C[C@H]21,"(1R,3S,5S)-N-(1-(3,4-difluorophenyl)cyclopropyl)-6,6-dimethylbicyclo[3.1.0]hexan-3-amine",,CC1(C)[C@@H]2C[C@@H](NC3(c4ccc(F)c(F)c4)CC3)C[C@@H]21,
99416,CC1=C[C@@H]1C(=O)N1[C@H]2CC[C@@H]1C[C@H](NC(=O)c1cnn(CC(C)C)c1)C2,"N-((1R,3R,5S)-8-(((1S)-2-methylcycloprop-2-en-1-yl)carbonyl)-8-azabicyclo[3.2.1]octan-3-yl)-1-(2-methylpropyl)-1H-pyrazole-4-carboxamide",,CC1=CC1C(=O)N1[C@@H]2CC[C@H]1C[C@@H](NC(=O)c1cnn(CC(C)C)c1)C2,
99439,C[C@H]1CN2CCN1C[C@@H]2C(=O)N[C@H]1C[C@@H]2CC[C@H](C1)N2C(=O)Cn1cnnc1O,"(2R,5S)-N-((1R,3S,5S)-8-(2-(3-hydroxy-4H-1,2,4-triazol-4-yl)-acetyl)-8-azabicyclo[3.2.1]octan-3-yl)-5-methyl-1,4-diazabicyclo[2.2.2]octane-2-carboxamide",,C[C@H]1CN2CCN1CC2C(=O)N[C@@H]1C[C@H]2CC[C@@H](C1)N2C(=O)Cn1cn[nH]c1=O,
99467,C=C[C@@H](CC)CC(=O)N[C@@H]1C[C@H]2[C@@H](C1)[C@@H]2NC(=O)c1ccc(C2CC2)o1,"(3S)-N-((1R,3R,5S,6R)-6-(5-cyclopropylfuran-2-carboxamido)bicyclo[3.1.0]hexan-3-yl)-3-ethylpent-4-enamide",,C=C[C@@H](CC)CC(=O)N[C@H]1C[C@@H]2[C@H](C1)[C@H]2NC(=O)c1ccc(C2CC2)o1,
99479,CO[C@H](C)CC(=O)NC(C)(C)CCNC(=O)[C@@H]1CC[C@H]2C[C@H]2CC1,"(3R)-N-(4-((1R,4R,7S)-bicyclo[5.1.0]octane-4-carboxamido)-2-methylbutan-2-yl)-3-methoxybutanamide",,CO[C@H](C)CC(=O)NC(C)(C)CCNC(=O)C1CC[C@@H]2C[C@@H]2CC1,
99487,C[C@@H]1[C@H](C(=O)N2CC[C@@H]2CNC(=O)c2c(Cl)ccc3cc(CO)cnc23)[C@@H]1C,"7-chloro-N-(((2R)-1-(((1S,2R,3S)-2,3-dimethylcyclopropyl)carbonyl)-azetidin-2-yl)methyl)-3-(hydroxymethyl)quinoline-8-carboxamide",,C[C@@H]1C(C(=O)N2CC[C@@H]2CNC(=O)c2c(Cl)ccc3cc(CO)cnc23)[C@@H]1C,
99505,COC[C@@]1(CNC(=O)c2cc[nH]n2)CCCN1C(=O)[C@@H]1[C@H]2COC(C)(C)OC[C@H]21,"N-(((2S)-1-(((1R,7S,8R)-4,4-dimethyl-3,5-dioxabicyclo[5.1.0]octan-8-yl)carbonyl)-2-(methoxymethyl)pyrrolidin-2-yl)methyl)-1H-pyrazole-3-carboxamide",,COC[C@@]1(CNC(=O)c2cc[nH]n2)CCCN1C(=O)C1[C@H]2COC(C)(C)OC[C@@H]12,
99537,Cc1ocnc1C(=O)N1CCN(C(=O)CC2C[C@@H]3C[C@H]3C2)[C@H]2CCC[C@H]21,"2-((1R,5R)-bicyclo[3.1.0]hexan-3-yl)-1-((1S,6R)-5-((5-methyloxazol-4-yl)carbonyl)-2,5-diazabicyclo[4.3.0]nonan-2-yl)ethan-1-one",[C@H]12CC(C[C@H]2C1)CC(=O)N1[C@H]2CCC[C@H]2N(CC1)C(=O)C=1N=COC1C,Cc1ocnc1C(=O)N1CCN(C(=O)CC2C[C@@H]3C[C@H]3C2)[C@H]2CCC[C@H]21,Cc1ocnc1C(=O)N1CCN(C(=O)CC2C[C@H]3C[C@@H]3C2)[C@H]2CCC[C@H]21
99552,O=C(NC[C@H]1[C@@H]2CN(C(=O)c3ccc4cnoc4c3)C[C@H]12)C1C[C@@H]2CC[C@H](C1)S2,"(1R,5S)-N-(((1R,5S,6S)-3-((7-oxa-8-azabicyclo[4.3.0]nona-1(6),2,4,8-tetraen-4-yl)carbonyl)-3-azabicyclo[3.1.0]hexan-6-yl)methyl)-8-thiabicyclo[3.2.1]octane-3-carboxamide",,O=C(NC[C@@H]1[C@H]2CN(C(=O)c3ccc4cnoc4c3)C[C@@H]12)C1C[C@H]2CC[C@@H](C1)S2,
99567,C1=CC[C@@H]2C[C@@](NCC3=CCCOC3)(c3nnnn3CCCC3CC3)C[C@@H]2C1,"(1R,6S,8R)-8-(1-(3-cyclopropylpropyl)-1H-tetrazol-5-yl)-N-((1-oxacyclohex-3-en-3-yl)methyl)bicyclo[4.3.0]non-3-en-8-amine",,C1=CC[C@H]2C[C@](NCC3=CCCOC3)(c3nnnn3CCCC3CC3)C[C@H]2C1,
99693,CC[C@@H](OC)C(=O)NC[C@H]1C[C@@H]2CC[C@H](C1)N2C(=O)COCC1CC1,"(2R)-N-(((1R,3S,5S)-8-(2-(cyclopropylmethoxy)-acetyl)-8-azabicyclo[3.2.1]octan-3-yl)methyl)-2-methoxybutanamide",,CCC(OC)C(=O)NC[C@@H]1C[C@H]2CC[C@@H](C1)N2C(=O)COCC1CC1,
99727,CO[C@H](CC1CCC1)C(=O)NC[C@]1(F)C[C@H](CNC(=O)c2[nH]nnc2C(F)F)C1,"(2R)-3-cyclobutyl-N-(((1R,3r)-3-((4-(difluoromethyl)-1H-1,2,3-triazole-5-carboxamido)methyl)-1-fluorocyclobutyl)methyl)-2-methoxypropanamide",,COC(CC1CCC1)C(=O)NC[C@]1(F)C[C@H](CNC(=O)c2[nH]nnc2C(F)F)C1,
99845,CN1CC[C@@H](C(=O)N[C@H]2[C@@H]3CN(C(=O)c4ccc5cccnn45)C[C@@H]32)S1(=O)=O,"(5S)-N-((1R,5S,6S)-3-((1,2-diazabicyclo[4.3.0]nona-2,4,6,8-tetraen-9-yl)carbonyl)-3-azabicyclo[3.1.0]hexan-6-yl)-2-methyl-1,1-dioxoisothiazolidine-5-carboxamide",,CN1CCC(C(=O)N[C@H]2[C@@H]3CN(C(=O)c4ccc5cccnn45)C[C@@H]32)S1(=O)=O,
99879,Cc1cc(C(F)(F)F)nc(C(=O)NCC[C@@H]2CCCN2C(=O)[C@]23C[C@@H](C)[C@H]2C3)n1,"4-methyl-N-(2-((2S)-1-(((1S,3R,4R)-3-methylbicyclo[2.1.0]pentan-1-yl)carbonyl)pyrrolidin-2-yl)ethyl)-6-(trifluoromethyl)pyrimidine-2-carboxamide",CC1=NC(=NC(=C1)C(F)(F)F)C(=O)NCC[C@H]1N(CCC1)C(=O)[C@]12C[C@H]([C@H]2C1)C,Cc1cc(C(F)(F)F)nc(C(=O)NCC[C@@H]2CCCN2C(=O)[C@]23C[C@@H](C)[C@H]2C3)n1,Cc1cc(C(F)(F)F)nc(C(=O)NCC[C@@H]2CCCN2C(=O)[C@@]23C[C@@H](C)[C@H]2C3)n1
99983,CCC[C@@H](C)CC(=O)N[C@]1(C)C[C@H](NC(=O)C[C@@H]2C(=O)N(C)c3ccccc32)C1,"(3R)-3-methyl-N-((1R,3s)-1-methyl-3-(2-((3S)-1-methyl-2-oxoindolin-3-yl)acetamido)cyclobutyl)hexanamide",,CCC[C@@H](C)CC(=O)N[C@]1(C)C[C@H](NC(=O)Cc2c(O)n(C)c3ccccc23)C1,
99994,CC(C)CS(=O)(=O)CC(=O)N1[C@H]2CC[C@@H]1C[C@H](NC(=O)[C@]1(F)CCS(=O)(=O)C1)C2,"(3R)-3-fluoro-N-((1R,3R,5S)-8-(2-(2-methylpropylsulfonyl)-acetyl)-8-azabicyclo[3.2.1]octan-3-yl)-1,1-dioxothiolane-3-carboxamide",,CC(C)CS(=O)(=O)CC(=O)N1[C@@H]2CC[C@H]1C[C@@H](NC(=O)[C@]1(F)CCS(=O)(=O)C1)C2,
