index,smiles,name,opsin_smiles,std_original,std_opsin
55,CC(C)(C(=O)NC[C@H]1[C@@H]2CN(C(=O)Cc3cnco3)C[C@H]12)c1ccncc1,"2-methyl-N-(((1R,5S,6r)-3-(2-(1,3-oxazol-5-yl)-acetyl)-3-azabicyclo[3.1.0]hexan-6-yl)methyl)-2-(pyridin-4-yl)propanamide",,CC(C)(C(=O)NC[C@@H]1[C@H]2CN(C(=O)Cc3cnco3)C[C@@H]12)c1ccncc1,
69,C[C@H]1C[C@@H](C)[C@@H]1C(=O)NC1(C)CCN(C(=O)c2coc(C(C)(C)C)n2)CC1,"(1r,2R,4S)-N-(1-((2-(tert-butyl)-1,3-oxazol-4-yl)carbonyl)-4-methylpiperidin-4-yl)-2,4-dimethylcyclobutanecarboxamide",,C[C@@H]1C[C@H](C)C1C(=O)NC1(C)CCN(C(=O)c2coc(C(C)(C)C)n2)CC1,
186,CC1=C(C(=O)N2C[C@H]3[C@H](CNC(=O)CCCCCNC(N)=O)[C@H]3C2)CCS1(=O)=O,"6-(carbamoylamino)-N-(((1R,5S,6r)-3-((5-methyl-1,1-dioxo-2H,3H-thiophen-4-yl)carbonyl)-3-azabicyclo[3.1.0]hexan-6-yl)methyl)hexanamide",,CC1=C(C(=O)N2C[C@@H]3[C@@H](CNC(=O)CCCCCNC(N)=O)[C@@H]3C2)CCS1(=O)=O,
340,C=CC[C@H](C(=O)N1[C@H]2CC[C@@H]1C[C@@H](NC(=O)COCc1nccn1C)C2)C(C)C,"2-(((1-methyl-1H-imidazol-2-yl)methyl)oxy)-N-((1R,3R,5S)-8-((2S)-1-oxo-2-(propan-2-yl)pent-4-en-1-yl)-8-azabicyclo[3.2.1]octan-3-yl)acetamide",,C=CCC(C(=O)N1[C@@H]2CC[C@H]1C[C@H](NC(=O)COCc1nccn1C)C2)C(C)C,
384,O=C(N[C@@H]1C[C@@H]2CC[C@H](C1)N2C(=O)C12CC(F)(C1)C2)c1cc2c(F)cccc2[nH]1,"4-fluoro-N-((1R,3r,5S)-8-((3-fluorobicyclo[1.1.1]pentan-1-yl)carbonyl)-8-azabicyclo[3.2.1]octan-3-yl)-1H-indole-2-carboxamide",,O=C(N[C@H]1C[C@H]2CC[C@@H](C1)N2C(=O)C12CC(F)(C1)C2)c1cc2c(F)cccc2[nH]1,
390,CC1(C)CCN(C(=O)CCSc2ccccc2)C[C@H]1NC(=O)[C@H]1C[C@](F)(CO)C1,"(1s,3R)-N-((3S)-4,4-dimethyl-1-(1-oxo-3-(phenylsulfanyl)propyl)piperidin-3-yl)-3-fluoro-3-(hydroxymethyl)cyclobutanecarboxamide",,CC1(C)CCN(C(=O)CCSc2ccccc2)C[C@H]1NC(=O)C1CC(F)(CO)C1,
410,Cc1cc(COCC(=O)N[C@H]2C[C@](F)(CNC(=O)COCCCC(C)C)C2)on1,"N-(((1s,3s)-1-fluoro-3-(2-(((3-methyl-1,2-oxazol-5-yl)methyl)oxy)acetamido)cyclobutyl)methyl)-2-((4-methylpentyl)oxy)acetamide",,Cc1cc(COCC(=O)N[C@H]2C[C@](F)(CNC(=O)COCCCC(C)C)C2)on1,
418,Cc1nc[nH]c1C(=O)N1[C@H]2CC[C@@H]1C[C@](O)(CNC(=O)[C@@]13CC[C@@H]1C3)C2,"(1R,4R)-N-(((1R,3s,5S)-3-hydroxy-8-((4-methyl-1H-imidazol-5-yl)carbonyl)-8-azabicyclo[3.2.1]octan-3-yl)methyl)bicyclo[2.1.0]pentane-1-carboxamide",,Cc1[nH]cnc1C(=O)N1[C@@H]2CC[C@H]1C[C@@](O)(CNC(=O)[C@@]13CC[C@@H]1C3)C2,
463,C[C@]1(NC(=O)c2cnc3cccnc3c2)C[C@@H](NC(=O)c2ccc(O)nc2)C1,"N-((1s,3s)-3-(6-hydroxypyridine-3-carboxamido)-1-methylcyclobutyl)-1,5-naphthyridine-3-carboxamide",,C[C@]1(NC(=O)c2cnc3cccnc3c2)C[C@@H](NC(=O)c2ccc(=O)[nH]c2)C1,
490,C[C@]1(CC(=O)NC[C@@H]2C[C@@H]3CC[C@H](C2)N3C(=O)[C@@H]2CC[C@@H]3C[C@@H]3C2)CCCO1,"N-(((1R,3R,5S)-8-(((1R,3R,6R)-bicyclo[4.1.0]heptan-3-yl)carbonyl)-8-azabicyclo[3.2.1]octan-3-yl)methyl)-2-((2R)-2-methyloxolan-2-yl)acetamide",,C[C@]1(CC(=O)NC[C@H]2C[C@H]3CC[C@@H](C2)N3C(=O)C2CC[C@@H]3C[C@@H]3C2)CCCO1,
639,CS[C@H](C(=O)N1C[C@H]2[C@@H](C1)[C@@H]2C(=O)NCc1ccnc(O)c1)C1CC1,"(1R,5S,6S)-3-((2S)-2-cyclopropyl-2-(methylsulfanyl)-acetyl)-N-((2-hydroxypyridin-4-yl)methyl)-3-azabicyclo[3.1.0]hexane-6-carboxamide",,CSC(C(=O)N1C[C@@H]2C(C(=O)NCc3cc[nH]c(=O)c3)[C@@H]2C1)C1CC1,
760,CC(C)(C)C[C@H]1CCCN1C(=O)[C@@H]1[C@H]2CN(C(=O)C=CC3CCCC3)C[C@H]21,"3-cyclopentyl-1-((1R,5S,6r)-6-(((2R)-2-(2,2-dimethylpropyl)pyrrolidin-1-yl)carbonyl)-3-azabicyclo[3.1.0]hexan-3-yl)prop-2-en-1-one",,CC(C)(C)C[C@H]1CCCN1C(=O)C1[C@H]2CN(C(=O)C=CC3CCCC3)C[C@@H]12,
849,Cc1cc(C(=O)N[C@@H]2C[C@@H]3CC[C@H](C2)N3C(=O)c2c(Cl)c([N+](=O)[O-])nn2C)n[nH]1,"N-((1R,3r,5S)-8-((4-chloro-1-methyl-3-nitro-1H-pyrazol-5-yl)carbonyl)-8-azabicyclo[3.2.1]octan-3-yl)-5-methyl-1H-pyrazole-3-carboxamide",,Cc1cc(C(=O)N[C@H]2C[C@H]3CC[C@@H](C2)N3C(=O)c2c(Cl)c([N+](=O)[O-])nn2C)[nH]n1,
863,COCCN(C)CC(=O)NC[C@H]1[C@@H]2CN(C(=O)C(F)(F)c3cccnc3)C[C@H]12,"N-(((1R,5S,6r)-3-(2,2-difluoro-1-oxo-2-(pyridin-3-yl)ethyl)-3-azabicyclo[3.1.0]hexan-6-yl)methyl)-2-((2-methoxyethyl)(methyl)amino)acetamide",,COCCN(C)CC(=O)NC[C@@H]1[C@H]2CN(C(=O)C(F)(F)c3cccnc3)C[C@@H]12,
914,CCCC(CCC)CC(=O)N[C@]1(C(=O)N[C@@H]2C[C@H](C)OC2=O)C[C@H](O)C1,"N-((1s,3S)-3-hydroxy-1-(((3R,5S)-5-methyl-2-oxooxolan-3-yl)carbamoyl)cyclobutyl)-3-propylhexanamide",,CCCC(CCC)CC(=O)N[C@]1(C(=O)NC2C[C@H](C)OC2=O)C[C@H](O)C1,
941,CC(C)(CNC(=O)CCC(F)(F)F)[C@@H]1CCCN1C(=O)[C@@H]1[C@H]2[C@@H]3CC[C@@H](C3)[C@H]21,"4,4,4-trifluoro-N-(2-methyl-2-((2S)-1-(((1R,2S,3r,4R,5S)-tricyclo[3.2.1.0^{2,4}]octan-3-yl)carbonyl)pyrrolidin-2-yl)propyl)butanamide",,CC(C)(CNC(=O)CCC(F)(F)F)[C@@H]1CCCN1C(=O)C1[C@@H]2[C@H]3CC[C@H](C3)[C@H]12,
957,O=C(NC[C@H]1C[C@@H]2CC[C@H](C1)N2c1nccn2nnnc12)[C@H](O)C1CC1,"(2R)-2-cyclopropyl-2-hydroxy-N-(((1R,3s,5S)-8-(1,4,7,8,9-pentaazabicyclo[4.3.0]nona-2,4,6,8-tetraen-5-yl)-8-azabicyclo[3.2.1]octan-3-yl)methyl)acetamide",,O=C(NC[C@@H]1C[C@H]2CC[C@@H](C1)N2c1nccn2nnnc12)C(O)C1CC1,
1022,COC(=O)c1cc(C(=O)N2C[C@H]3[C@H](N(C)C(=O)[C@H]4CC=CCC4)[C@H]3C2)c(C)s1,"methyl 5-methyl-4-(((1R,5S,6s)-6-(N-methyl(1R)-cyclohex-3-ene-1-carboxamido)-3-azabicyclo[3.1.0]hexan-3-yl)carbonyl)thiophene-2-carboxylate",,COC(=O)c1cc(C(=O)N2C[C@@H]3[C@H](C2)[C@H]3N(C)C(=O)C2CC=CCC2)c(C)s1,
1036,C=CCCC(C)(C)C(=O)N1[C@H]2CC[C@@H]1C[C@@H](NC(=O)[C@@](C)(CC)COC)C2,"(2S)-N-((1R,3s,5S)-8-(2,2-dimethyl-1-oxohex-5-en-1-yl)-8-azabicyclo[3.2.1]octan-3-yl)-2-(methoxymethyl)-2-methylbutanamide",,C=CCCC(C)(C)C(=O)N1[C@@H]2CC[C@H]1C[C@H](NC(=O)[C@@](C)(CC)COC)C2,
1074,CN1CCO[C@H](C(=O)NC[C@]2(F)C[C@H](CNC(=O)C(F)(F)c3ncccn3)C2)C1,"(2S)-N-(((1r,3S)-3-((2,2-difluoro-2-(pyrimidin-2-yl)acetamido)methyl)-1-fluorocyclobutyl)methyl)-4-methylmorpholine-2-carboxamide",,CN1CCOC(C(=O)NC[C@]2(F)C[C@H](CNC(=O)C(F)(F)c3ncccn3)C2)C1,
1099,COC(=O)CC(=O)N[C@H](CNC(=O)[C@H]1C[C@H]2[C@@H](C1)C2(F)F)C(C)(C)C,"methyl 2-(((2S)-1-((1R,3s,5S)-6,6-difluorobicyclo[3.1.0]hexane-3-carboxamido)-3,3-dimethylbutan-2-yl)carbamoyl)acetate",,COC(=O)CC(=O)N[C@H](CNC(=O)C1C[C@@H]2[C@H](C1)C2(F)F)C(C)(C)C,
1130,CO[C@H](CC1CC1)C(=O)N[C@H](C(=O)N[C@@H]1[C@H]2CCC[C@H]21)c1ccco1,"(2R)-N-((1S)-2-(((1R,5S,6r)-bicyclo[3.1.0]hexan-6-yl)amino)-1-(furan-2-yl)-2-oxoethyl)-3-cyclopropyl-2-methoxypropanamide",,COC(CC1CC1)C(=O)NC(C(=O)N[C@H]1[C@@H]2CCC[C@@H]21)c1ccco1,
1228,C[C@@H](O)C(=O)NC12CC(C)(C1)OC21CN(C(=O)CC[C@H]2CCCCN2C)C1,"(2R)-2-hydroxy-N-(1-methylspiro[2-oxabicyclo[2.1.1]hexane-3,3'-(1-(1-azacyclobutan-1-yl)-3-((2R)-1-methylpiperidin-2-yl)propane)]-4-yl-1'-one)propanamide",,CC(O)C(=O)NC12CC(C)(C1)OC21CN(C(=O)CC[C@H]2CCCCN2C)C1,
1293,CN1C[C@H]2[C@@H](C1)[C@@H]2C(=O)N[C@@]1(C)CCN(C(=O)COc2ccon2)C1,"(1R,5S,6r)-3-methyl-N-((3S)-3-methyl-1-(2-((1,2-oxazol-3-yl)oxy)-acetyl)pyrrolidin-3-yl)-3-azabicyclo[3.1.0]hexane-6-carboxamide",,CN1C[C@@H]2C(C(=O)N[C@@]3(C)CCN(C(=O)COc4ccon4)C3)[C@@H]2C1,
1312,CC(C)CCOCC1CCN(C(=O)NC[C@H]2C[C@@H]3CC[C@@H]3C2)CC1,"1-((((1R,3s,5S)-bicyclo[3.2.0]heptan-3-yl)methyl)amino)-1-(4-(((3-methylbutyl)oxy)methyl)piperidin-1-yl)methanone",,CC(C)CCOCC1CCN(C(=O)NC[C@@H]2C[C@H]3CC[C@H]3C2)CC1,
1320,C[C@]1(O)CC[C@@H](C(=O)N2CC(N3C[C@@H](NC(=O)C4=CCCOC4)CC3=O)C2)CC1,"N-((3S)-1-(1-(((1s,4R)-4-hydroxy-4-methylcyclohexyl)carbonyl)azetidin-3-yl)-5-oxopyrrolidin-3-yl)-5,6-dihydro-2H-pyran-3-carboxamide",,CC1(O)CCC(C(=O)N2CC(N3C[C@@H](NC(=O)C4=CCCOC4)CC3=O)C2)CC1,
1338,CC(C)c1conc1C(=O)N[C@@H]1C[C@@H]2CC[C@H](C1)N2C(=O)c1nccn1C(C)C,"4-(propan-2-yl)-N-((1R,3r,5S)-8-((1-(propan-2-yl)-1H-imidazol-2-yl)carbonyl)-8-azabicyclo[3.2.1]octan-3-yl)-1,2-oxazole-3-carboxamide",,CC(C)c1conc1C(=O)N[C@H]1C[C@H]2CC[C@@H](C1)N2C(=O)c1nccn1C(C)C,
1341,CCC(C)(C)C(=O)N[C@H]1C[C@@](C)(NC(=O)[C@@]2(F)CCOC2)C1,"N-((1S,3s)-3-((3R)-3-fluorooxolane-3-carboxamido)-3-methylcyclobutyl)-2,2-dimethylbutanamide",,CCC(C)(C)C(=O)N[C@H]1C[C@@](C)(NC(=O)[C@@]2(F)CCOC2)C1,
1354,CO[C@H]1C[C@H](C(=O)NCC2(NC(=O)c3[nH]nc(C(F)(F)F)c3C)CC2)C[C@H]1OC,"N-(1-(((1s,3R,4S)-3,4-dimethoxycyclopentanecarboxamido)methyl)cyclopropyl)-4-methyl-3-(trifluoromethyl)-1H-pyrazole-5-carboxamide",,CO[C@H]1CC(C(=O)NCC2(NC(=O)c3[nH]nc(C(F)(F)F)c3C)CC2)C[C@H]1OC,
1413,CN1CCC(CC(=O)N2C[C@H]3[C@H](NC(=O)[C@@H]4Cc5cccc(Cl)c54)[C@H]3C2)CC1,"(7R)-5-chloro-N-((1R,5S,6s)-3-(2-(1-methylpiperidin-4-yl)-acetyl)-3-azabicyclo[3.1.0]hexan-6-yl)bicyclo[4.2.0]octa-1,3,5-triene-7-carboxamide",,CN1CCC(CC(=O)N2C[C@@H]3[C@H](C2)[C@H]3NC(=O)C2Cc3cccc(Cl)c32)CC1,
1435,CN([C@@H]1[C@H]2CCC[C@H]21)S(=O)(=O)c1cccnc1NCC1CC2(CCC2)C1,"3-(((1R,5S,6r)-bicyclo[3.1.0]hexan-6-yl)(methyl)sulfamoyl)-N-((spiro[3.3]heptan-2-yl)methyl)pyridin-2-amine",,CN([C@H]1[C@@H]2CCC[C@@H]21)S(=O)(=O)c1cccnc1NCC1CC2(CCC2)C1,
1446,CCc1ccc(C(=O)NCC(C)(C)OCCNC(=O)[C@@H]2[C@H]3CN(C)C[C@H]32)cc1C,"(1R,5S,6r)-N-(2-((1-(4-ethyl-3-methylbenzamido)-2-methylpropan-2-yl)oxy)ethyl)-3-methyl-3-azabicyclo[3.1.0]hexane-6-carboxamide",,CCc1ccc(C(=O)NCC(C)(C)OCCNC(=O)C2[C@H]3CN(C)C[C@@H]23)cc1C,
1465,CCn1cc(C(=O)N[C@H]2C[C@@](C)(NC(=O)C3CC4(C3)NC(=O)NC4=O)C2)c(C)n1,"N-((1s,3s)-3-(1-ethyl-3-methyl-1H-pyrazole-4-carboxamido)-1-methylcyclobutyl)-6,8-dioxo-5,7-diazaspiro[3.4]octane-2-carboxamide",,CCn1cc(C(=O)N[C@H]2C[C@@](C)(NC(=O)C3CC4(C3)NC(=O)NC4=O)C2)c(C)n1,
1466,CCN(C(=O)C=C(C)CNC(=O)[C@@H]1[C@H]2CCC[C@H]21)c1cccc(C)c1,"4-((1R,5S,6r)-bicyclo[3.1.0]hexane-6-carboxamido)-N-ethyl-3-methyl-N-(3-methylphenyl)but-2-enamide",,CCN(C(=O)C=C(C)CNC(=O)C1[C@H]2CCC[C@@H]12)c1cccc(C)c1,
1498,CN(C)C[C@H](CC(=O)N(C)CCN(C)C(=O)[C@@H]1[C@H]2CCCCC[C@H]21)C(F)(F)F,"(3S)-3-((dimethylamino)methyl)-4,4,4-trifluoro-N-methyl-N-(2-(N-methyl(1R,7S,8r)-bicyclo[5.1.0]octane-8-carboxamido)ethyl)butanamide",,CN(C)C[C@H](CC(=O)N(C)CCN(C)C(=O)C1[C@H]2CCCCC[C@@H]12)C(F)(F)F,
1553,C[C@H]1CC[C@@H](C)[C@@H]1NC(=O)C12CCC(CC1)N(C(=O)c1cnn(C)c1Cl)C2,"2-((5-chloro-1-methyl-1H-pyrazol-4-yl)carbonyl)-N-((1r,2R,5S)-2,5-dimethylcyclopentyl)-2-azabicyclo[2.2.2]octane-4-carboxamide",,C[C@@H]1CC[C@H](C)[C@H]1NC(=O)C12CCC(CC1)N(C(=O)c1cnn(C)c1Cl)C2,
1568,CC[C@H](CC(F)F)C(=O)N(C)[C@H]1C[C@@H]2CC[C@H](C1)N2C(=O)CC(C)(C)O,"(2R)-2-ethyl-4,4-difluoro-N-((1R,3s,5S)-8-(3-hydroxy-3-methyl-butyryl)-8-azabicyclo[3.2.1]octan-3-yl)-N-methylbutanamide",,CCC(CC(F)F)C(=O)N(C)[C@@H]1C[C@H]2CC[C@@H](C1)N2C(=O)CC(C)(C)O,
1574,CC1=C(C(=O)N2C[C@H]3[C@H](NC(=O)CCN4CCC(N(C)C)CC4)[C@H]3C2)CCCC1,"3-(4-(dimethylamino)piperidin-1-yl)-N-((1R,5S,6s)-3-((2-methylcyclohex-1-en-1-yl)carbonyl)-3-azabicyclo[3.1.0]hexan-6-yl)propanamide",,CC1=C(C(=O)N2C[C@@H]3[C@H](C2)[C@H]3NC(=O)CCN2CCC(N(C)C)CC2)CCCC1,
1583,Cc1ccccc1OCC(=O)N[C@@H]1C[C@H]2C[C@@H](C1)N(C(=O)[C@@H]1[C@@H](C)[C@H]1C)C2,"N-((1S,3R,5S)-6-(((1r,2R,3S)-2,3-dimethylcyclopropyl)carbonyl)-6-azabicyclo[3.2.1]octan-3-yl)-2-((2-methylphenyl)oxy)acetamide",,Cc1ccccc1OCC(=O)N[C@@H]1C[C@H]2C[C@@H](C1)N(C(=O)C1[C@@H](C)[C@H]1C)C2,
1644,Cc1cncc(C(=O)N2CCCC[C@@H]2CN(C)C(=O)[C@H]2C[C@](O)(C(F)F)C2)c1,"(1s,3S)-3-(difluoromethyl)-3-hydroxy-N-methyl-N-(((2R)-1-((5-methylpyridin-3-yl)carbonyl)piperidin-2-yl)methyl)cyclobutanecarboxamide",,Cc1cncc(C(=O)N2CCCC[C@@H]2CN(C)C(=O)C2CC(O)(C(F)F)C2)c1,
1726,Cc1ccc(Cl)c(C(=O)N[C@H]2C[C@@H](CNC(=O)[C@@H]3C[C@@H]4CS(=O)(=O)C[C@@H]4C3)C2)c1,"(1R,5S,7r)-N-((cis-3-(2-chloro-5-methylbenzamido)cyclobutyl)methyl)-3,3-dioxo-3lambda^6-thiabicyclo[3.3.0]octane-7-carboxamide",,Cc1ccc(Cl)c(C(=O)N[C@H]2C[C@@H](CNC(=O)C3C[C@@H]4CS(=O)(=O)C[C@@H]4C3)C2)c1,
1730,CN(CC1(O)CN(C(=O)c2cc(Cl)c(Cl)n2C)C1)C(=O)[C@H]1C[C@@H]2CC[C@@H]2C1,"(1R,3s,5S)-N-((1-((4,5-dichloro-1-methyl-1H-pyrrol-2-yl)carbonyl)-3-hydroxyazetidin-3-yl)methyl)-N-methylbicyclo[3.2.0]heptane-3-carboxamide",,CN(CC1(O)CN(C(=O)c2cc(Cl)c(Cl)n2C)C1)C(=O)C1C[C@H]2CC[C@H]2C1,
1744,CNc1ccc(F)cc1C(=O)N[C@H]1C[C@@](C)(NC(=O)C[C@H]2CC3(CCC3)CO2)C1,"5-fluoro-N-((1S,3s)-3-methyl-3-(2-((7R)-6-oxaspiro[3.4]octan-7-yl)acetamido)cyclobutyl)-2-(methylamino)benzamide",,CNc1ccc(F)cc1C(=O)N[C@H]1C[C@@](C)(NC(=O)C[C@H]2CC3(CCC3)CO2)C1,
1786,C#CC[C@]1(O)C[C@@H](C(=O)NC[C@H](NC(=O)CCCCCC)C(C)(C)C)C1,"(1s,3S)-N-((2R)-2-(heptanamido)-3,3-dimethylbutyl)-3-hydroxy-3-(prop-2-yn-1-yl)cyclobutanecarboxamide",,C#CCC1(O)CC(C(=O)NC[C@H](NC(=O)CCCCCC)C(C)(C)C)C1,
1932,N#Cc1ccccc1C(=O)N1C[C@H]2[C@@H](C1)[C@@H]2C(=O)N1CC=C[C@H]1CO,"2-(((1R,5S,6r)-6-(((2S)-2-(hydroxymethyl)-2,5-dihydro-1H-pyrrol-1-yl)carbonyl)-3-azabicyclo[3.1.0]hexan-3-yl)carbonyl)benzonitrile",,N#Cc1ccccc1C(=O)N1C[C@@H]2C(C(=O)N3CC=C[C@H]3CO)[C@@H]2C1,
1934,CON1CCC(CC(=O)N2CC[C@](CNC(=O)[C@H]3[C@@H](C)[C@H]3C)(C(C)(C)C)C2)CC1,"(1s,2R,3S)-N-(((3R)-3-(tert-butyl)-1-(2-(1-methoxypiperidin-4-yl)-acetyl)pyrrolidin-3-yl)methyl)-2,3-dimethylcyclopropanecarboxamide",,CON1CCC(CC(=O)N2CC[C@](CNC(=O)C3[C@@H](C)[C@H]3C)(C(C)(C)C)C2)CC1,
1972,CN1C[C@@H](C(=O)N2C[C@H]3[C@H](NC(=O)CC4(C#N)CCCCC4)[C@H]3C2)OCCC1=O,"N-((1R,5S,6R)-3-(((2S)-4-methyl-5-oxo-1,4-oxazepan-2-yl)carbonyl)-3-azabicyclo[3.1.0]hexan-6-yl)-2-(1-(nitrilomethyl)cyclohexyl)acetamide",,CN1CC(C(=O)N2C[C@@H]3[C@H](C2)[C@H]3NC(=O)CC2(C#N)CCCCC2)OCCC1=O,
2006,Cc1sc(CC(F)(F)F)nc1C(=O)N[C@H]1C[C@@](F)(CNC(=O)[C@H]2COCCO2)C1,"N-((1R,3r)-3-(((2R)-1,4-dioxane-2-carboxamido)methyl)-3-fluorocyclobutyl)-5-methyl-2-(2,2,2-trifluoroethyl)-1,3-thiazole-4-carboxamide",,Cc1sc(CC(F)(F)F)nc1C(=O)N[C@H]1C[C@@](F)(CNC(=O)C2COCCO2)C1,
2031,CC1(C)CC(C(=O)N2C[C@H]3[C@@H](C2)[C@@H]3C(=O)NC[C@H]2CC[Si](C)(C)C2)C1,"(1R,5S,6r)-N-(((3R)-1,1-dimethyl-1-silacyclopentan-3-yl)methyl)-3-((3,3-dimethylcyclobutyl)carbonyl)-3-azabicyclo[3.1.0]hexane-6-carboxamide",,CC1(C)CC(C(=O)N2C[C@@H]3C(C(=O)NC[C@H]4CC[Si](C)(C)C4)[C@@H]3C2)C1,
2078,CCCC[C@@H](CC)C(=O)N[C@]1(C(=O)NC[C@H]2CCC3(CC3)C2)C[C@H](O)C1,"(2R)-2-ethyl-N-((1s,3S)-3-hydroxy-1-((((5S)-spiro[2.4]heptan-5-yl)methyl)carbamoyl)cyclobutyl)hexanamide",,CCCCC(CC)C(=O)N[C@]1(C(=O)NC[C@H]2CCC3(CC3)C2)C[C@H](O)C1,
2097,CCN1CCC[C@@H](CNC(=O)[C@@H]2[C@H]3CN(c4nc(C)cc(C)n4)C[C@H]32)C1,"(1R,5S,6r)-3-(4,6-dimethylpyrimidin-2-yl)-N-(((3S)-1-ethylpiperidin-3-yl)methyl)-3-azabicyclo[3.1.0]hexane-6-carboxamide",,CCN1CCC[C@@H](CNC(=O)C2[C@H]3CN(c4nc(C)cc(C)n4)C[C@@H]23)C1,
2108,CC1(C)CO[C@H](CC(=O)NC[C@@H]2CC(C)(C)CN2C(=O)[C@@H]2C[C@@H]3C[C@@H]3C2)C1,"N-(((2S)-1-(((1R,3r,5S)-bicyclo[3.1.0]hexan-3-yl)carbonyl)-4,4-dimethylpyrrolidin-2-yl)methyl)-2-((2S)-4,4-dimethyloxolan-2-yl)acetamide",,CC1(C)CO[C@H](CC(=O)NC[C@@H]2CC(C)(C)CN2C(=O)C2C[C@@H]3C[C@@H]3C2)C1,
2162,CN(C)c1cncc(C(=O)NC2CC3(CCN(C(=O)[C@@H]4[C@H]5CCCC[C@H]54)C3)C2)c1,"N-(6-(((1R,6S,7r)-bicyclo[4.1.0]heptan-7-yl)carbonyl)-6-azaspiro[3.4]octan-2-yl)-5-(dimethylamino)pyridine-3-carboxamide",,CN(C)c1cncc(C(=O)NC2CC3(CCN(C(=O)C4[C@H]5CCCC[C@@H]45)C3)C2)c1,
2214,CCC[C@@H](OC)C(=O)NC[C@H]1C[C@](F)(CNC(=O)C(C)(C)[C@@H]2CCCCO2)C1,"(2R)-N-(((1R,3S)-3-fluoro-3-((2-methyl-2-((2S)-oxan-2-yl)propanamido)methyl)cyclobutyl)methyl)-2-methoxypentanamide",,CCCC(OC)C(=O)NC[C@H]1C[C@](F)(CNC(=O)C(C)(C)[C@@H]2CCCCO2)C1,
2363,CCO[C@@H](C)CCC(=O)N(CCNC(=O)[C@H]1C[C@@H]2C[C@@H]2C1)C1CCCCC1,"(4S)-N-(2-((1R,3s,5S)-bicyclo[3.1.0]hexane-3-carboxamido)ethyl)-N-cyclohexyl-4-ethoxypentanamide",,CCO[C@@H](C)CCC(=O)N(CCNC(=O)C1C[C@@H]2C[C@@H]2C1)C1CCCCC1,
2405,C[C@H]1C[C@H](N=c2nc(N3CCCN(C)CCC3)c3c(ncn3C)[nH]2)C[C@@H](C)O1,"N-((2R,4s,6S)-2,6-dimethyloxan-4-yl)-7-methyl-6-(5-methyl-1,5-diazocan-1-yl)-3H,7H-purin-2-imine",,C[C@@H]1C[C@@H](Nc2nc(N3CCCN(C)CCC3)c3c(ncn3C)n2)C[C@H](C)O1,
2408,CN(C)C(=O)C(=O)NC[C@]1(F)C[C@@H](NC(=O)[C@]2(O)CCSC2)C1,"N'-(((1S,3s)-1-fluoro-3-((3R)-3-hydroxythiolane-3-carboxamido)cyclobutyl)methyl)-N,N-dimethylethanediamide",,CN(C)C(=O)C(=O)NC[C@]1(F)C[C@@H](NC(=O)[C@]2(O)CCSC2)C1,
2419,Cc1cc(C(=O)N[C@H]2[C@@H]3CN(c4nc5ncc(Cl)cc5s4)C[C@@H]32)ccc1[N+](=O)[O-],"N-((1R,5S,6s)-3-(4-chloro-7-thia-2,9-diazabicyclo[4.3.0]nona-1(6),2,4,8-tetraen-8-yl)-3-azabicyclo[3.1.0]hexan-6-yl)-3-methyl-4-nitrobenzamide",,Cc1cc(C(=O)N[C@H]2[C@@H]3CN(c4nc5ncc(Cl)cc5s4)C[C@@H]32)ccc1[N+](=O)[O-],
2434,CC(C)CC[C@@H](NC(=O)c1csc(C#N)c1)C(=O)N1C[C@H]2C[C@H](F)C[C@H]2C1,"5-cyano-N-((2R)-1-((1R,5S,7S)-7-fluoro-3-azabicyclo[3.3.0]octan-3-yl)-5-methyl-1-oxohexan-2-yl)thiophene-3-carboxamide",,CC(C)CCC(NC(=O)c1csc(C#N)c1)C(=O)N1C[C@H]2C[C@H](F)C[C@H]2C1,
2512,CC(C)C[C@@H](C(=O)NC[C@@H]1[C@H]2CCC[C@H]21)N(C)C(=O)CC[C@@H]1CCCCO1,"(2S)-N-(((1R,5S,6r)-bicyclo[3.1.0]hexan-6-yl)methyl)-4-methyl-2-(N-methyl-3-((2S)-oxan-2-yl)propanamido)pentanamide",,CC(C)CC(C(=O)NC[C@H]1[C@@H]2CCC[C@@H]21)N(C)C(=O)CC[C@@H]1CCCCO1,
2544,CCCc1ccccc1C(=O)N[C@H]1C[C@@](C)(NC(=O)c2cc3cccnc3[nH]2)C1,"N-((1s,3s)-1-methyl-3-(2-propylbenzamido)cyclobutyl)-1H-pyrrolo[2,3-b]pyridine-2-carboxamide",,CCCc1ccccc1C(=O)N[C@H]1C[C@@](C)(NC(=O)c2cc3cccnc3[nH]2)C1,
2712,C#CCC1(C(=O)N2CC[C@@H](N(CCC)C(=O)[C@H]3C[C@H]4[C@@H](C3)C4(C)C)C2)CCCC1,"(1R,3s,5S)-6,6-dimethyl-N-((3R)-1-((1-(prop-2-yn-1-yl)cyclopentyl)carbonyl)pyrrolidin-3-yl)-N-propylbicyclo[3.1.0]hexane-3-carboxamide",,C#CCC1(C(=O)N2CC[C@@H](N(CCC)C(=O)C3C[C@@H]4[C@H](C3)C4(C)C)C2)CCCC1,
2718,CC1=C(C(=O)N[C@H]2C[C@@H]3CC[C@H](C2)N3C(=O)c2ccc(I)cc2Cl)CCO1,"N-((1R,3s,5S)-8-((2-chloro-4-iodophenyl)carbonyl)-8-azabicyclo[3.2.1]octan-3-yl)-2-methyl-4,5-dihydrofuran-3-carboxamide",,CC1=C(C(=O)N[C@@H]2C[C@H]3CC[C@@H](C2)N3C(=O)c2ccc(I)cc2Cl)CCO1,
2750,O=C(C=Cc1ccc[nH]1)N1C[C@H]2[C@H](NC(=O)[C@]3(c4ccccc4)CCCO3)[C@H]2C1,"(2R)-N-((1R,5S,6s)-3-(1-oxo-3-(1H-pyrrol-2-yl)prop-2-en-1-yl)-3-azabicyclo[3.1.0]hexan-6-yl)-2-phenyloxolane-2-carboxamide",,O=C(C=Cc1ccc[nH]1)N1C[C@@H]2[C@H](C1)[C@H]2NC(=O)[C@]1(c2ccccc2)CCCO1,
2759,C#Cc1ccc(C(=O)N[C@H]2[C@@H]3CN(C(=O)C4C(C)(C)CCCC4(C)C)C[C@@H]32)nc1,"5-(ethynyl)-N-((1R,5S,6s)-3-((2,2,6,6-tetramethylcyclohexyl)carbonyl)-3-azabicyclo[3.1.0]hexan-6-yl)pyridine-2-carboxamide",,C#Cc1ccc(C(=O)N[C@H]2[C@@H]3CN(C(=O)C4C(C)(C)CCCC4(C)C)C[C@@H]32)nc1,
2788,CCCc1ccccc1NC(=O)[C@@H](CC(C)C)ONC(=O)[C@H]1C[C@@H]2CC[C@H](C1)O2,"(2R)-4-methyl-2-(((1R,3s,5S)-8-oxabicyclo[3.2.1]octane-3-carboxamido)oxy)-N-(2-propylphenyl)pentanamide",,CCCc1ccccc1NC(=O)C(CC(C)C)ONC(=O)C1C[C@H]2CC[C@@H](C1)O2,
2822,CCc1occc1C(=O)N[C@@H](C)CCC(=O)N1C[C@H]2[C@@H](C1)[C@@H]2C(=O)NC,"(1R,5S,6S)-3-((4S)-4-(2-ethylfuran-3-carboxamido)-pentanoyl)-N-methyl-3-azabicyclo[3.1.0]hexane-6-carboxamide",,CCc1occc1C(=O)N[C@@H](C)CCC(=O)N1C[C@@H]2C(C(=O)NC)[C@@H]2C1,
3020,CC(=O)N[C@H](CCC(C)C)C(=O)N[C@H]1C[C@](F)(CNC(=O)COCC(F)F)C1,"(2R)-2-acetamido-N-((1s,3S)-3-((2-((2,2-difluoroethyl)oxy)acetamido)methyl)-3-fluorocyclobutyl)-5-methylhexanamide",,CC(=O)NC(CCC(C)C)C(=O)N[C@H]1C[C@](F)(CNC(=O)COCC(F)F)C1,
3038,O=C(CCc1cncc(F)c1)N[C@H]1C[C@@H]2CN(c3nncs3)C[C@@H]2C1,"3-(5-fluoropyridin-3-yl)-N-((1R,5S,7s)-3-(1,3,4-thiadiazol-2-yl)-3-azabicyclo[3.3.0]octan-7-yl)propanamide",,O=C(CCc1cncc(F)c1)N[C@H]1C[C@@H]2CN(c3nncs3)C[C@@H]2C1,
3110,C[C@@H]1C[C@H](NC(=O)C[C@@H]2C[C@H]3C[C@H]3C2)CN1C(=O)c1cccc(F)n1,"2-((1R,3s,5S)-bicyclo[3.1.0]hexan-3-yl)-N-((3S,5R)-1-((6-fluoropyridin-2-yl)carbonyl)-5-methylpyrrolidin-3-yl)acetamide",,C[C@@H]1C[C@H](NC(=O)C[C@H]2C[C@@H]3C[C@@H]3C2)CN1C(=O)c1cccc(F)n1,
3116,CCOC(=O)O[C@H](C)C(=O)N1C[C@@H]2[C@H](C(=O)NC3(CC#N)CCCC3)[C@@H]2C1,"ethyl (((2R)-1-((1R,5S,6S)-6-((1-(2-nitriloethyl)cyclopentyl)carbamoyl)-3-azabicyclo[3.1.0]hexan-3-yl)-1-oxopropan-2-yl)oxy)formate",,CCOC(=O)OC(C)C(=O)N1C[C@@H]2C(C(=O)NC3(CC#N)CCCC3)[C@@H]2C1,
3189,C[C@H]1C(C(=O)N[C@H](C)CCN(C)C(=O)[C@@H]2[C@H]3CN(C)C[C@H]32)=NO[C@@H]1C,"(4S,5R)-4,5-dimethyl-N-((2R)-4-(N-methyl(1R,5S,6r)-3-methyl-3-azabicyclo[3.1.0]hexane-6-carboxamido)butan-2-yl)-4,5-dihydro-1,2-oxazole-3-carboxamide",,C[C@H](CCN(C)C(=O)C1[C@H]2CN(C)C[C@@H]12)NC(=O)C1=NO[C@H](C)[C@H]1C,
3221,O=C(N[C@H]1CC12CCCC2)[C@@H]1[C@H]2CN(C(=O)C34CCC(CC3)CO4)C[C@H]21,"(1R,5S,6r)-3-(2-oxabicyclo[2.2.2]octan-1-ylformyl)-N-((1S)-spiro[2.4]heptan-1-yl)-3-azabicyclo[3.1.0]hexane-6-carboxamide",,O=C(N[C@H]1CC12CCCC2)C1[C@H]2CN(C(=O)C34CCC(CC3)CO4)C[C@@H]12,
3292,C[C@@H]1CCC[C@]1(NC(=O)Cc1ccon1)C(=O)NC[C@@]1(CO)C[C@@H]2C[C@@H]2C1,"N-((1R,2R)-1-((((1R,3r,5S)-3-(hydroxymethyl)bicyclo[3.1.0]hexan-3-yl)methyl)carbamoyl)-2-methylcyclopentyl)-2-(1,2-oxazol-3-yl)acetamide",,C[C@@H]1CCC[C@]1(NC(=O)Cc1ccon1)C(=O)NC[C@]1(CO)C[C@H]2C[C@H]2C1,
3391,COC(=O)[C@H](C)[C@@H](C)NC(=O)C1=CC[C@H](NC(=O)[C@@H]2[C@H]3[C@@H]4CC[C@@H](C4)[C@H]32)C1,"methyl (2R,3R)-2-methyl-3-((4S)-4-((1R,2S,3r,4R,5S)-tricyclo[3.2.1.0^{2,4}]octane-3-carboxamido)cyclopent-1-ene-1-carboxamido)butanoate",,COC(=O)C(C)[C@@H](C)NC(=O)C1=CC[C@H](NC(=O)C2[C@@H]3[C@H]4CC[C@H](C4)[C@H]23)C1,
3520,CCN(C[C@H]1CCCN1C(=O)[C@H]1CCN1C1CCCC1)C(=O)[C@H]1C[C@](F)(CO)C1,"(1s,3S)-N-(((2R)-1-(((2R)-1-cyclopentylazetidin-2-yl)carbonyl)pyrrolidin-2-yl)methyl)-N-ethyl-3-fluoro-3-(hydroxymethyl)cyclobutanecarboxamide",,CCN(C[C@H]1CCCN1C(=O)C1CCN1C1CCCC1)C(=O)C1CC(F)(CO)C1,
3547,Cc1snnc1C(=O)N1CCCC[C@]12C[C@H](NC(=O)c1ccnc(C(N)=O)c1)C2,"N'-(5-((5-methyl-1,2,3-thiadiazol-4-yl)carbonyl)-5-azaspiro[3.5]nonan-2-yl)pyridine-2,4-dicarboxamide",CC1=C(N=NS1)C(=O)N1C2(CC(C2)NC(=O)C2=CC(=NC=C2)C(=O)N)CCCC1,Cc1snnc1C(=O)N1CCCC[C@]12C[C@H](NC(=O)c1ccnc(C(N)=O)c1)C2,Cc1snnc1C(=O)N1CCCCC12CC(NC(=O)c1ccnc(C(N)=O)c1)C2
3641,Cn1cc([C@@H](NC(=O)[C@@H]2[C@H]3[C@@H]4CC[C@@H](C4)[C@H]32)C(=O)N[C@H]2CNC(=O)C2(C)C)cn1,"(1R,2S,3r,4R,5S)-N-((1R)-2-(((3R)-4,4-dimethyl-5-oxopyrrolidin-3-yl)amino)-1-(1-methyl-1H-pyrazol-4-yl)-2-oxoethyl)tricyclo[3.2.1.0^{2,4}]octane-3-carboxamide",,Cn1cc(C(NC(=O)C2[C@@H]3[C@H]4CC[C@H](C4)[C@H]23)C(=O)N[C@H]2CNC(=O)C2(C)C)cn1,
3644,C[C@@H](C(=O)N[C@]1(C)C[C@H](C(=O)N2CC3(CCCCCC3)C2)C1)c1cncnc1,"(2R)-N-((1s,3S)-3-((2-azaspiro[3.6]decan-2-yl)carbonyl)-1-methylcyclobutyl)-2-(pyrimidin-5-yl)propanamide",,CC(C(=O)NC1(C)CC(C(=O)N2CC3(CCCCCC3)C2)C1)c1cncnc1,
3669,C[C@@H]1CN=C2NC(C(=O)NC[C@@H]3CCCCN3C(=O)[C@H]3C[C@](F)(CO)C3)=NN2C1,"(6R)-N-(((2S)-1-(((1s,3R)-3-fluoro-3-(hydroxymethyl)cyclobutyl)carbonyl)piperidin-2-yl)methyl)-6-methyl-3,5,6,7-tetrahydro[1,2,4]triazolo[1,5-a]pyrimidine-2-carboxamide",,C[C@@H]1CNc2nc(C(=O)NC[C@@H]3CCCCN3C(=O)C3CC(F)(CO)C3)nn2C1,
3671,Cn1[nH]c(=NC(=O)[C@]2(NC(=O)[C@H]3CC[C@@H](C4CC4)C3)C[C@@H](O)C2)cc1C(N)=O,"5-(((1s,3R)-1-((1S,3R)-3-cyclopropylcyclopentanecarboxamido)-3-hydroxycyclobutylcarbonyl)imino)-2-methyl-1H,2H-pyrazole-3-carboxamide",,Cn1nc(NC(=O)[C@]2(NC(=O)C3CC[C@@H](C4CC4)C3)C[C@@H](O)C2)cc1C(N)=O,
3804,CC(C)c1ccccc1NC(=O)N1C[C@H]2C[C@H](NC(=O)[C@@H]3CC(=O)N3)C[C@H]2C1,"(1R,5S,7s)-7-((2S)-4-oxoazetidine-2-carboxamido)-N-(2-(propan-2-yl)phenyl)-3-azabicyclo[3.3.0]octane-3-carboxamide",,CC(C)c1ccccc1NC(=O)N1C[C@H]2C[C@H](NC(=O)C3CC(=O)N3)C[C@H]2C1,
3807,CN1C[C@H]2[C@@H](C1)[C@@H]2C(=O)NC[C@H](O)CC(=O)NC[C@@]1(CO)C[C@@H]2C[C@@H]2C1,"(1R,5S,6r)-N-((2R)-2-hydroxy-4-((((1R,3r,5S)-3-(hydroxymethyl)bicyclo[3.1.0]hexan-3-yl)methyl)amino)-4-oxobutyl)-3-methyl-3-azabicyclo[3.1.0]hexane-6-carboxamide",,CN1C[C@@H]2C(C(=O)NC[C@H](O)CC(=O)NC[C@]3(CO)C[C@H]4C[C@H]4C3)[C@@H]2C1,
3819,CC[S@@](=O)CC(=O)N1CC2(CCN(C(=O)CO)CC2)[C@H]2COC[C@H]21,"1-(2'-((R)-ethylsulfinyl)-1'-(((1R,5S)-3-oxa-6-aza)spiro[piperidine-4,8'-bicyclo[3.3.0]octan-6-yl)ethane]-1-yl-1'-one)-2-hydroxyethan-1-one",,CC[S@@+]([O-])CC(=O)N1CC2(CCN(C(=O)CO)CC2)[C@H]2COC[C@H]21,
3874,CC1(C)CC(=O)N(CC(=O)N[C@]2(C)C[C@@H](NC(=O)C[C@H]3CCCC[C@@H]3F)C2)O1,"N-((1r,3R)-3-(2-(5,5-dimethyl-3-oxo-1,2-oxazolidin-2-yl)acetamido)-3-methylcyclobutyl)-2-((1R,2S)-2-fluorocyclohexyl)acetamide",,CC1(C)CC(=O)N(CC(=O)N[C@]2(C)C[C@@H](NC(=O)C[C@H]3CCCC[C@@H]3F)C2)O1,
3909,O=C(NC[C@]1(CO)CC12CCN(C(=O)c1c[nH]ccc1=O)CC2)[C@@H]1[C@H]2COC[C@H]21,"(1R,5S,6r)-N-(((1S)-1-(hydroxymethyl)-6-((4-oxo-1H-pyridin-3-yl)carbonyl)-6-azaspiro[2.5]octan-1-yl)methyl)-3-oxabicyclo[3.1.0]hexane-6-carboxamide",,O=C(NC[C@]1(CO)CC12CCN(C(=O)c1c[nH]ccc1=O)CC2)C1[C@H]2COC[C@@H]12,
3918,C[C@@]1(C(=O)N2CCC[C@H](N(CCO)C(=O)[C@H]3CC[C@@](C)(F)CC3)C2)CCCCO1,"(1s,4R)-4-fluoro-N-(2-hydroxyethyl)-4-methyl-N-((3S)-1-(((2S)-2-methyloxan-2-yl)carbonyl)piperidin-3-yl)cyclohexanecarboxamide",,CC1(F)CCC(C(=O)N(CCO)[C@H]2CCCN(C(=O)[C@]3(C)CCCCO3)C2)CC1,
3956,O=C(C1=CCC1)N1CCC[C@H](CNC(=O)[C@]2(C(F)(F)F)C[C@@H]3C[C@@H]3C2)C1,"(1R,3s,5S)-N-(((3R)-1-((cyclobut-1-en-1-yl)carbonyl)piperidin-3-yl)methyl)-3-(trifluoromethyl)bicyclo[3.1.0]hexane-3-carboxamide",,O=C(C1=CCC1)N1CCC[C@H](CNC(=O)[C@@]2(C(F)(F)F)C[C@H]3C[C@H]3C2)C1,
4017,CC1=CCS[C@H]1C(=O)N[C@@H](CC(C)(C)C)C(=O)N1C[C@H]2[C@@H](C1)[C@@H]2C(N)=O,"(1R,5S,6S)-3-((2S)-4,4-dimethyl-2-((2R)-3-methyl-2,5-dihydrothiophene-2-carboxamido)-pentanoyl)-3-azabicyclo[3.1.0]hexane-6-carboxamide",,CC1=CCSC1C(=O)NC(CC(C)(C)C)C(=O)N1C[C@@H]2C(C(N)=O)[C@@H]2C1,
4079,Cc1[nH]nc(C(=O)N2CCCN(C(=O)[C@@H]3C[C@H]4[C@@H](C3)C4(F)F)C[C@H]2C)c1Cl,"1-(4-chloro-5-methyl-1H-pyrazol-3-yl)-1-((2R)-4-(((1R,3r,5S)-6,6-difluorobicyclo[3.1.0]hexan-3-yl)carbonyl)-2-methyl-1,4-diazepan-1-yl)methanone",,Cc1[nH]nc(C(=O)N2CCCN(C(=O)C3C[C@@H]4[C@H](C3)C4(F)F)C[C@H]2C)c1Cl,
4109,CN(C(=O)[C@H]1C(C)(C)C1(F)F)[C@H]1[C@@H]2CN(C(=O)CCCC(C)(C)C)C[C@@H]21,"(1R)-N-((1R,5S,6s)-3-(5,5-dimethyl-hexanoyl)-3-azabicyclo[3.1.0]hexan-6-yl)-2,2-difluoro-3,3,N-trimethylcyclopropanecarboxamide",,CN(C(=O)C1C(C)(C)C1(F)F)[C@H]1[C@@H]2CN(C(=O)CCCC(C)(C)C)C[C@@H]21,
4141,C=CCCC[C@H](NC(=O)[C@@H]1[C@H]2CC(=O)C[C@H]21)C(=O)NC1CC(C2CCCC2)C1,"(1R,5S,6r)-N-((2S)-1-((3-cyclopentylcyclobutyl)amino)-1-oxohept-6-en-2-yl)-3-oxobicyclo[3.1.0]hexane-6-carboxamide",,C=CCCCC(NC(=O)C1[C@H]2CC(=O)C[C@@H]12)C(=O)NC1CC(C2CCCC2)C1,
4145,C[C@H]1C[C@@H](C)[C@@H]1C(=O)NCC(C)(C)C1CCN(C(=O)c2cnn(C)c2N)CC1,"(1r,2R,4S)-N-(2-(1-((5-amino-1-methyl-1H-pyrazol-4-yl)carbonyl)piperidin-4-yl)-2-methylpropyl)-2,4-dimethylcyclobutanecarboxamide",,C[C@@H]1C[C@H](C)C1C(=O)NCC(C)(C)C1CCN(C(=O)c2cnn(C)c2N)CC1,
4159,CC(=O)O[C@H](C(=O)N[C@H]1C[C@@](C)(NC(=O)[C@H]2Cc3ccccc3S2)C1)C(F)(F)F,"(2R)-1-(((1S,3S)-3-((2R)-2,3-dihydro-1-benzothiophene-2-carboxamido)-3-methylcyclobutyl)amino)-3,3,3-trifluoro-1-oxopropan-2-yl acetate",,CC(=O)OC(C(=O)N[C@H]1C[C@@](C)(NC(=O)C2Cc3ccccc3S2)C1)C(F)(F)F,
4201,CNC(=O)c1cn(CC(=O)N2C[C@H]3[C@H](NC(=O)c4c[nH]c(=N)cc4C)[C@H]3C2)nn1,"6-imino-4-methyl-N-((1R,5S,6s)-3-(2-(4-(methylcarbamoyl)-1H-1,2,3-triazol-1-yl)-acetyl)-3-azabicyclo[3.1.0]hexan-6-yl)-1H-pyridine-3-carboxamide",,CNC(=O)c1cn(CC(=O)N2C[C@@H]3[C@H](C2)[C@H]3NC(=O)c2cnc(N)cc2C)nn1,
4237,O=C(CC1CC(F)C1)NC[C@H]1C[C@@H]2CC[C@H](C1)N2C(=O)C1CCC2(CC1)N=N2,"N-(((1R,3s,5S)-8-((1,2-diazaspiro[2.5]oct-1-en-6-yl)carbonyl)-8-azabicyclo[3.2.1]octan-3-yl)methyl)-2-(3-fluorocyclobutyl)acetamide",,O=C(CC1CC(F)C1)NC[C@@H]1C[C@H]2CC[C@@H](C1)N2C(=O)C1CCC2(CC1)N=N2,
4242,CCOC(=O)c1cc2cc(C(=O)O[C@H](C)C(=O)Nc3cc(C)no3)ccc2[nH]1,"5-(2R)-1-((3-methyl-1,2-oxazol-5-yl)amino)-1-oxopropan-2-yl 2-ethyl 1H-indole-2,5-dicarboxylate",,CCOC(=O)c1cc2cc(C(=O)OC(C)C(=O)Nc3cc(C)no3)ccc2[nH]1,
4290,C=CCc1ccccc1C(=O)NC[C@@H]1C[C@@H]2C[C@@H]2N1C(=O)[C@@H]1C[C@@H]2C[C@@H]2C1,"N-(((1S,3S,5S)-2-(((1R,3r,5S)-bicyclo[3.1.0]hexan-3-yl)carbonyl)-2-azabicyclo[3.1.0]hexan-3-yl)methyl)-2-(prop-2-en-1-yl)benzamide",,C=CCc1ccccc1C(=O)NC[C@@H]1C[C@@H]2C[C@@H]2N1C(=O)C1C[C@@H]2C[C@@H]2C1,
4299,O=C(NC[C@H]1C[C@@H]2CC[C@H](C1)N2C(=O)CC=C(Cl)Cl)[C@@H](O)C1CC1,"(2S)-2-cyclopropyl-N-(((1R,3s,5S)-8-(4,4-dichloro-1-oxobut-3-en-1-yl)-8-azabicyclo[3.2.1]octan-3-yl)methyl)-2-hydroxyacetamide",,O=C(NC[C@@H]1C[C@H]2CC[C@@H](C1)N2C(=O)CC=C(Cl)Cl)C(O)C1CC1,
4311,COC(=O)C[C@@H](C)CC(=O)N[C@]1(C)C[C@H](NC(=O)C(C)(C)CCSC)C1,"methyl (3S)-4-(((1s,3R)-3-(2,2-dimethyl-4-(methylsulfanyl)butanamido)-1-methylcyclobutyl)carbamoyl)-3-methylbutanoate",,COC(=O)C[C@@H](C)CC(=O)N[C@]1(C)C[C@H](NC(=O)C(C)(C)CCSC)C1,
4369,C[C@H](C(=O)N1C[C@H]2[C@@H](C1)[C@@H]2C(=O)NCCCCCCCN1CCCC1)C1CC1,"(1R,5S,6S)-3-((2S)-2-cyclopropyl-propionyl)-N-(7-(pyrrolidin-1-yl)heptyl)-3-azabicyclo[3.1.0]hexane-6-carboxamide",,CC(C(=O)N1C[C@@H]2C(C(=O)NCCCCCCCN3CCCC3)[C@@H]2C1)C1CC1,
4423,CCCCS(=O)(=O)NCC(=O)N[C@]1(C)C[C@H](NC(=O)[C@]2(CC3CC3)CCCO2)C1,"2-butylsulfonylamino-N-((1S,3s)-3-((2R)-2-(cyclopropylmethyl)oxolane-2-carboxamido)-1-methylcyclobutyl)acetamide",,CCCCS(=O)(=O)NCC(=O)N[C@]1(C)C[C@H](NC(=O)[C@]2(CC3CC3)CCCO2)C1,
4427,CC(C)(F)C(=O)N[C@H]1[C@@H]2CN(C(=O)C[C@H]3C(=O)Nc4cc(Cl)ccc43)C[C@@H]21,"N-((1R,5S,6S)-3-(2-((3R)-6-chloro-2-oxoindolin-3-yl)-acetyl)-3-azabicyclo[3.1.0]hexan-6-yl)-2-fluoro-2-methylpropanamide",,CC(C)(F)C(=O)N[C@H]1[C@@H]2CN(C(=O)Cc3c(O)[nH]c4cc(Cl)ccc34)C[C@@H]21,
4496,O=C(N[C@@H]1[C@@H]2CN(C(=O)C/N=C/c3ccco3)C[C@@H]21)c1ccc2c(n1)OCCO2,"N-((1R,5S,6r)-3-(2-(((1E)-(furan-2-yl)methylidene)amino)-acetyl)-3-azabicyclo[3.1.0]hexan-6-yl)-2,5-dioxa-7-azabicyclo[4.4.0]deca-1(6),7,9-triene-8-carboxamide",,O=C(N[C@@H]1[C@@H]2CN(C(=O)C/N=C/c3ccco3)C[C@@H]21)c1ccc2c(n1)OCCO2,
4661,Cc1ccccc1SCC(=O)N[C@H]1C[C@@H]2CC[C@H](C1)N2C(=O)[C@@H]1C[C@H](F)C(=O)N1,"N-((1R,3R,5S)-8-(((2S,4S)-4-fluoro-5-oxopyrrolidin-2-yl)carbonyl)-8-azabicyclo[3.2.1]octan-3-yl)-2-((2-methylphenyl)sulfanyl)acetamide",,Cc1ccccc1SCC(=O)N[C@@H]1C[C@H]2CC[C@@H](C1)N2C(=O)C1CC(F)C(=O)N1,
4663,Cc1nc2ccccn2c1C(=O)N1CC[C@H](C)N(C(=O)C[C@@H]2C[C@H]3C[C@H]3C2)CC1,"2-((1R,3s,5S)-bicyclo[3.1.0]hexan-3-yl)-1-((7S)-7-methyl-4-((2-methylimidazo[1,2-a]pyridin-3-yl)carbonyl)-1,4-diazepan-1-yl)ethan-1-one",,Cc1nc2ccccn2c1C(=O)N1CC[C@H](C)N(C(=O)C[C@H]2C[C@@H]3C[C@@H]3C2)CC1,
4713,CCOC(C#CC(=O)N1CC2(C[C@H](NC(=O)[C@@H]3[C@H]4COC[C@H]43)CO2)C1)OCC,"(1R,5S,6r)-N-((7S)-2-(4,4-diethoxy-1-oxobut-2-yn-1-yl)-5-oxa-2-azaspiro[3.4]octan-7-yl)-3-oxabicyclo[3.1.0]hexane-6-carboxamide",,CCOC(C#CC(=O)N1CC2(C[C@H](NC(=O)C3[C@H]4COC[C@@H]34)CO2)C1)OCC,
4752,CC(C)[C@@H](C(=O)NCCN(CCCN(C)C)C(=O)[C@@H]1[C@H]2[C@@H]3CC[C@@H](C3)[C@H]21)N(C)C,"(2S)-2-(dimethylamino)-N-(2-(N-(3-(dimethylamino)propyl)(1R,2S,3r,4R,5S)-tricyclo[3.2.1.0^{2,4}]octane-3-carboxamido)ethyl)-3-methylbutanamide",,CC(C)C(C(=O)NCCN(CCCN(C)C)C(=O)C1[C@@H]2[C@H]3CC[C@H](C3)[C@H]12)N(C)C,
4851,C=CCOC(=O)NCC(=O)N[C@@H]1[C@@H](C)CN(C(=O)c2cc[n+]([O-])cc2)C[C@H]1C,"prop-2-en-1-yl ((2-(((3R,4r,5S)-3,5-dimethyl-1-((1-oxidopyridin-1-ium-4-yl)carbonyl)piperidin-4-yl)amino)-2-oxoethyl)amino)formate",,C=CCOC(=O)NCC(=O)N[C@H]1[C@H](C)CN(C(=O)c2cc[n+]([O-])cc2)C[C@@H]1C,
4936,C=C[C@H](O)C(=O)NC[C@H]1C[C@@H]2CC[C@H](C1)N2c1nnc(C(N)=O)s1,"(2S)-N-(((1R,3s,5S)-8-(5-carbamoyl-1,3,4-thiadiazol-2-yl)-8-azabicyclo[3.2.1]octan-3-yl)methyl)-2-hydroxybut-3-enamide",,C=CC(O)C(=O)NC[C@@H]1C[C@H]2CC[C@@H](C1)N2c1nnc(C(N)=O)s1,
4940,C#CCN1CCC[C@H]1C(=O)NC[C@H]1CN(C(=O)[C@H]2C[C@](F)(CO)C2)CCC1(F)F,"(2S)-N-(((3S)-4,4-difluoro-1-(((1s,3R)-3-fluoro-3-(hydroxymethyl)cyclobutyl)carbonyl)piperidin-3-yl)methyl)-1-(prop-2-yn-1-yl)pyrrolidine-2-carboxamide",,C#CCN1CCCC1C(=O)NC[C@H]1CN(C(=O)C2CC(F)(CO)C2)CCC1(F)F,
4999,CC1(C)O[C@H]2C[C@H](C(=O)N[C@H]3C[C@@H](NC(=O)[C@@]4(C)CCCNC4=O)C3)C[C@H]2O1,"(3S)-N-(cis-3-((1R,5S,7s)-3,3-dimethyl-2,4-dioxabicyclo[3.3.0]octane-7-carboxamido)cyclobutyl)-3-methyl-2-oxopiperidine-3-carboxamide",,CC1(C)O[C@H]2CC(C(=O)N[C@H]3C[C@@H](NC(=O)[C@@]4(C)CCCNC4=O)C3)C[C@H]2O1,
5019,CN(C(=O)c1cc(Cl)ns1)[C@H]1C[C@@H]2CC[C@H](C1)N2C(=O)c1cc(O)ccc1F,"3-chloro-N-((1R,3s,5S)-8-((2-fluoro-5-hydroxyphenyl)carbonyl)-8-azabicyclo[3.2.1]octan-3-yl)-N-methyl-1,2-thiazole-5-carboxamide",,CN(C(=O)c1cc(Cl)ns1)[C@@H]1C[C@H]2CC[C@@H](C1)N2C(=O)c1cc(O)ccc1F,
5073,CCC[C@H](OCC)C(=O)N[C@H]1[C@@H]2CN(C(=O)[C@H](COC)C(F)(F)F)C[C@@H]21,"(2S)-2-ethoxy-N-((1R,5S,6R)-3-((2S)-3,3,3-trifluoro-2-(methoxymethyl)-propionyl)-3-azabicyclo[3.1.0]hexan-6-yl)pentanamide",,CCCC(OCC)C(=O)N[C@H]1[C@@H]2CN(C(=O)C(COC)C(F)(F)F)C[C@@H]21,
5144,O=C(COC[C@@H]1CCOC1)NCC1CN(C(=O)[C@@H]2CC[C@H]3[C@@H](CC2)C3(F)F)C1,"N-((1-(((1R,4r,7S)-8,8-difluorobicyclo[5.1.0]octan-4-yl)carbonyl)azetidin-3-yl)methyl)-2-((((3R)-oxolan-3-yl)methyl)oxy)acetamide",,O=C(COC[C@@H]1CCOC1)NCC1CN(C(=O)C2CC[C@@H]3[C@H](CC2)C3(F)F)C1,
5173,Cn1ccc(C(=O)N2C[C@H]3C[C@H](NC(=O)Cc4ccc5sccc5c4)C[C@H]3C2)c1,"2-(1-benzothiophen-5-yl)-N-((1R,5S,7s)-3-((1-methyl-1H-pyrrol-3-yl)carbonyl)-3-azabicyclo[3.3.0]octan-7-yl)acetamide",,Cn1ccc(C(=O)N2C[C@H]3C[C@H](NC(=O)Cc4ccc5sccc5c4)C[C@H]3C2)c1,
5218,CC[C@]1(C(=O)N2CC[C@H](CO)[C@@H](NC(=O)C=C(Cl)Cl)C2)CC[C@@H](O)CC1,"3,3-dichloro-N-((3R,4S)-1-(((1s,4S)-1-ethyl-4-hydroxycyclohexyl)carbonyl)-4-(hydroxymethyl)piperidin-3-yl)prop-2-enamide",,CC[C@]1(C(=O)N2CC[C@H](CO)[C@@H](NC(=O)C=C(Cl)Cl)C2)CC[C@@H](O)CC1,
5453,O=C(N[C@H]1C[C@@H]2CC[C@H](C1)N2C(=O)[C@H]1CSCCS1)C1CS(=O)(=O)C1,"N-((1R,3R,5S)-8-(((2S)-1,4-dithian-2-yl)carbonyl)-8-azabicyclo[3.2.1]octan-3-yl)-1,1-dioxothietane-3-carboxamide",,O=C(N[C@@H]1C[C@H]2CC[C@@H](C1)N2C(=O)C1CSCCS1)C1CS(=O)(=O)C1,
5473,CC1=NOC(=O)[C@@H]1CC(=O)N[C@H]1C[C@@H]2CC[C@H](C1)N2C(=O)C1CCSCC1,"2-((4R)-3-methyl-5-oxo-4H-1,2-oxazol-4-yl)-N-((1R,3s,5S)-8-((thian-4-yl)carbonyl)-8-azabicyclo[3.2.1]octan-3-yl)acetamide",,Cc1[nH]oc(=O)c1CC(=O)N[C@@H]1C[C@H]2CC[C@@H](C1)N2C(=O)C1CCSCC1,
5565,CP(C)(=O)[C@@H](CC(=O)NC[C@H]1C[C@](F)(CNC(=O)C2=CCCCC2)C1)C(F)(F)F,"(3S)-N-(((1s,3R)-3-((cyclohex-1-ene-1-carboxamido)methyl)-3-fluorocyclobutyl)methyl)-3-(dimethyloxophosphanyl)-4,4,4-trifluorobutanamide",,CP(C)(=O)[C@@H](CC(=O)NC[C@H]1C[C@](F)(CNC(=O)C2=CCCCC2)C1)C(F)(F)F,
5653,CC(C)N(CCN(C)C(=O)[C@@H]1C[C@@H]2OC(C)(C)O[C@@H]2C1)C(=O)c1cc[n+]([O-])cc1,"N-(2-(N-methyl(1R,5S,7r)-3,3-dimethyl-2,4-dioxabicyclo[3.3.0]octane-7-carboxamido)ethyl)-1-oxido-N-(propan-2-yl)pyridin-1-ium-4-carboxamide",,CC(C)N(CCN(C)C(=O)C1C[C@@H]2OC(C)(C)O[C@@H]2C1)C(=O)c1cc[n+]([O-])cc1,
5664,C[C@H](C(=O)N1C[C@H]2C[C@@H](C(=O)N3CC=CC3)C[C@H]2C1)N1CCOCC1,"(2R)-1-((1R,5S,7R)-7-(2,5-dihydro-1H-pyrrol-1-ylformyl)-3-azabicyclo[3.3.0]octan-3-yl)-2-(morpholin-4-yl)propan-1-one",,CC(C(=O)N1C[C@H]2CC(C(=O)N3CC=CC3)C[C@H]2C1)N1CCOCC1,
5739,Cc1cc(Br)ccc1C(=O)N1C[C@H]2[C@@H](C1)[C@@H]2C(=O)N(CCCO)CCCO,"(1R,5S,6r)-3-((4-bromo-2-methylphenyl)carbonyl)-N,N-bis(3-hydroxypropyl)-3-azabicyclo[3.1.0]hexane-6-carboxamide",,Cc1cc(Br)ccc1C(=O)N1C[C@@H]2C(C(=O)N(CCCO)CCCO)[C@@H]2C1,
5784,COc1cccc(C(=O)N2C[C@H]3[C@H](NC(=O)c4nc5cc(F)ccc5s4)[C@H]3C2)n1,"5-fluoro-N-((1R,5S,6s)-3-((6-methoxypyridin-2-yl)carbonyl)-3-azabicyclo[3.1.0]hexan-6-yl)-1,3-benzothiazole-2-carboxamide",,COc1cccc(C(=O)N2C[C@@H]3[C@H](C2)[C@H]3NC(=O)c2nc3cc(F)ccc3s2)n1,
5791,C#CC[C@]1(O)C[C@@H](C(=O)N[C@H](CCN(C)C)C(=O)N[C@H]2CCCCC[C@H]2C)C1,"(1s,3S)-N-((2R)-4-(dimethylamino)-1-(((1S,2R)-2-methylcycloheptyl)amino)-1-oxobutan-2-yl)-3-hydroxy-3-(prop-2-yn-1-yl)cyclobutanecarboxamide",,C#CCC1(O)CC(C(=O)NC(CCN(C)C)C(=O)N[C@H]2CCCCC[C@H]2C)C1,
5792,CNS(=O)(=O)CC(=O)N1[C@H]2CC[C@@H]1C[C@@H](CNC(=O)Cc1nnc(C)o1)C2,"2-(5-methyl-1,3,4-oxadiazol-2-yl)-N-(((1R,3s,5S)-8-(2-(methylsulfamoyl)-acetyl)-8-azabicyclo[3.2.1]octan-3-yl)methyl)acetamide",,CNS(=O)(=O)CC(=O)N1[C@@H]2CC[C@H]1C[C@H](CNC(=O)Cc1nnc(C)o1)C2,
5799,O=C(C[C@H](O)c1ccccc1)N[C@H]1C[C@H]2C[C@@H](NC(=O)C[C@H]3CCCO3)C[C@H]2C1,"(3S)-3-hydroxy-N-((2R,3aR,5S,6aS)-5-(2-((2R)-oxolan-2-yl)acetamido)octahydropentalen-2-yl)-3-phenylpropanamide",,O=C(C[C@H]1CCCO1)N[C@@H]1C[C@@H]2C[C@H](NC(=O)C[C@H](O)c3ccccc3)C[C@@H]2C1,
5842,CCc1ccc(C(=O)NC[C@H]2[C@@H]3CN(C(=O)c4cc(F)cc(F)c4N)C[C@H]23)cc1,"N-(((1R,5S,6r)-3-((2-amino-3,5-difluorophenyl)carbonyl)-3-azabicyclo[3.1.0]hexan-6-yl)methyl)-4-ethylbenzamide",,CCc1ccc(C(=O)NC[C@@H]2[C@H]3CN(C(=O)c4cc(F)cc(F)c4N)C[C@@H]23)cc1,
5843,O=C(C[C@H](O)C1CCCC1)N[C@H]1[C@@H]2CN(C(=O)[C@]34COC[C@H]3C4)C[C@@H]21,"(3S)-3-cyclopentyl-3-hydroxy-N-((1R,5S,6R)-3-((1S,5S)-3-oxabicyclo[3.1.0]hexan-1-ylformyl)-3-azabicyclo[3.1.0]hexan-6-yl)propanamide",,O=C(C[C@H](O)C1CCCC1)N[C@H]1[C@@H]2CN(C(=O)[C@]34COC[C@H]3C4)C[C@@H]21,
5887,Cc1ccc(C(=O)N2CCO[C@]3(CC[C@@H](Nc4ncccn4)CC3)C2)c(F)c1Cl,1-(3-chloro-2-fluoro-4-methylphenyl)-1-(9-((pyrimidin-2-yl)amino)-1-oxa-4-azaspiro[5.5]undecan-4-yl)methanone,ClC=1C(=C(C=CC1C)C(=O)N1CCOC2(C1)CCC(CC2)NC2=NC=CC=N2)F,Cc1ccc(C(=O)N2CCO[C@]3(CC[C@@H](Nc4ncccn4)CC3)C2)c(F)c1Cl,Cc1ccc(C(=O)N2CCOC3(CCC(Nc4ncccn4)CC3)C2)c(F)c1Cl
5904,C=Cn1ncc(C(=O)N[C@]2(C(=O)NC3CN(C(C)=O)C3)C[C@H](O)C2)c1N,"N-((1s,3s)-1-((1-(acetyl)azetidin-3-yl)carbamoyl)-3-hydroxycyclobutyl)-5-amino-1-ethenyl-1H-pyrazole-4-carboxamide",,C=Cn1ncc(C(=O)N[C@]2(C(=O)NC3CN(C(C)=O)C3)C[C@H](O)C2)c1N,
5928,CC1(CCC(=O)N2C[C@@H]3C[C@H](NC(=O)c4ccnn4C4CC4)C[C@@H](C3)C2)CC1,"1-cyclopropyl-N-((1R,5S,7s)-3-(3-(1-methylcyclopropyl)-propionyl)-3-azabicyclo[3.3.1]nonan-7-yl)-1H-pyrazole-5-carboxamide",,CC1(CCC(=O)N2C[C@@H]3C[C@@H](C[C@H](NC(=O)c4ccnn4C4CC4)C3)C2)CC1,
5934,CN(CCOCCNC(=O)CC1CC(C2CC2)C1)C(=O)[C@@H]1[C@H]2COC[C@H]21,"2-(3-cyclopropylcyclobutyl)-N-(2-((2-(N-methyl(1R,5S,6r)-3-oxabicyclo[3.1.0]hexane-6-carboxamido)ethyl)oxy)ethyl)acetamide",,CN(CCOCCNC(=O)CC1CC(C2CC2)C1)C(=O)C1[C@H]2COC[C@@H]12,
5957,CC(C)(CC#N)C(=O)N1[C@H](C(=O)NC[C@@]2(CO)C[C@@H]3C[C@@H]3C2)[C@H]2CC[C@@H]1C2,"(1R,3S,4S)-2-(2,2-dimethyl-4-nitrilo-butyryl)-N-(((1R,3r,5S)-3-(hydroxymethyl)bicyclo[3.1.0]hexan-3-yl)methyl)-2-azabicyclo[2.2.1]heptane-3-carboxamide",,CC(C)(CC#N)C(=O)N1C(C(=O)NC[C@]2(CO)C[C@H]3C[C@H]3C2)[C@H]2CC[C@@H]1C2,
5984,O=C(Nc1ccc(F)c(Cl)c1)N[C@H]1C[C@@H]2CC[C@H](C1)N2c1ncc2sccc2n1,"N-(3-chloro-4-fluorophenyl)-1-(((1R,3s,5S)-8-(thieno[3,2-d]pyrimidin-2-yl)-8-azabicyclo[3.2.1]octan-3-yl)amino)formamide",,O=C(Nc1ccc(F)c(Cl)c1)N[C@@H]1C[C@H]2CC[C@@H](C1)N2c1ncc2sccc2n1,
6002,CCC(C)(C)C(=O)N[C@H]1C[C@](C)(NC(=O)[C@@H]2CC[C@H]2C(F)F)C1,"N-((1R,3r)-3-((1R,2R)-2-(difluoromethyl)cyclobutanecarboxamido)-3-methylcyclobutyl)-2,2-dimethylbutanamide",,CCC(C)(C)C(=O)N[C@H]1C[C@](C)(NC(=O)C2CC[C@H]2C(F)F)C1,
6043,CN(C[C@@H]1CCCN1C(=O)c1csc(O)n1)C(=O)[C@H]1C[C@@H]2CC[C@H](C1)N2C1CC1,"(1R,3s,5S)-8-cyclopropyl-N-(((2S)-1-((2-hydroxy-1,3-thiazol-4-yl)carbonyl)pyrrolidin-2-yl)methyl)-N-methyl-8-azabicyclo[3.2.1]octane-3-carboxamide",,CN(C[C@@H]1CCCN1C(=O)c1csc(=O)[nH]1)C(=O)C1C[C@H]2CC[C@@H](C1)N2C1CC1,
6105,O=C(CN1CCC[C@@H]1CO)N[C@H]1C[C@@H]2CC[C@H](C1)N2C(=O)C1(F)CCOCC1,"N-((1R,3s,5S)-8-((4-fluorooxan-4-yl)carbonyl)-8-azabicyclo[3.2.1]octan-3-yl)-2-((2R)-2-(hydroxymethyl)pyrrolidin-1-yl)acetamide",,O=C(CN1CCC[C@@H]1CO)N[C@@H]1C[C@H]2CC[C@@H](C1)N2C(=O)C1(F)CCOCC1,
6123,COC(=O)[C@H](NC(=O)[C@@H]1C[C@@H]2CN(C(=O)[C@@H](C)C(C)C)C[C@@H]2C1)C1(C)CC1,"methyl (2R)-2-((1R,5S,7S)-3-((2S)-2,3-dimethyl-butyryl)-3-azabicyclo[3.3.0]octane-7-carboxamido)-2-(1-methylcyclopropyl)acetate",,COC(=O)C(NC(=O)C1C[C@@H]2CN(C(=O)C(C)C(C)C)C[C@@H]2C1)C1(C)CC1,
6198,CNC(=O)c1cccc(C(=O)N[C@H]2C[C@](F)(CNC(=O)[C@@H](C)COC)C2)c1,"N'-((1R,3s)-3-fluoro-3-(((2S)-3-methoxy-2-methylpropanamido)methyl)cyclobutyl)-N-methylbenzene-1,3-dicarboxamide",,CNC(=O)c1cccc(C(=O)N[C@H]2C[C@](F)(CNC(=O)C(C)COC)C2)c1,
6207,CC(=O)c1ccc(C(=O)NC[C@H]2C[C@@H]3CC[C@H](C2)N3C(=O)[C@@H](F)CC(C)C)o1,"5-(acetyl)-N-(((1R,3R,5S)-8-((2S)-2-fluoro-4-methyl-pentanoyl)-8-azabicyclo[3.2.1]octan-3-yl)methyl)furan-2-carboxamide",,CC(=O)c1ccc(C(=O)NC[C@@H]2C[C@H]3CC[C@@H](C2)N3C(=O)C(F)CC(C)C)o1,
6264,C[C@@H]1[C@@H](NC(=O)CCc2cnn[nH]2)CCN1C(=O)[C@@H]1[C@H]2CCCCCC[C@H]21,"N-((2R,3S)-1-(((1R,8S,9r)-bicyclo[6.1.0]nonan-9-yl)carbonyl)-2-methylpyrrolidin-3-yl)-3-(1H-1,2,3-triazol-5-yl)propanamide",,C[C@@H]1[C@@H](NC(=O)CCc2c[nH]nn2)CCN1C(=O)C1[C@H]2CCCCCC[C@@H]12,
6267,C[C@@H](F)CC(=O)NC[C@]1(F)C[C@@H](CNC(=O)C2(CCC(C)(C)C)CCCCC2)C1,"(3R)-N-(((1s,3S)-3-((1-(3,3-dimethylbutyl)cyclohexanecarboxamido)methyl)-1-fluorocyclobutyl)methyl)-3-fluorobutanamide",,C[C@@H](F)CC(=O)NC[C@]1(F)C[C@@H](CNC(=O)C2(CCC(C)(C)C)CCCCC2)C1,
6288,COCCC(=O)N[C@]1(C)C[C@H](C(=O)N[C@H]2COC[C@@H]2C)C1,"3-methoxy-N-((1S,3s)-1-methyl-3-(((3R,4R)-4-methyloxolan-3-yl)carbamoyl)cyclobutyl)propanamide",,COCCC(=O)NC1(C)CC(C(=O)N[C@H]2COC[C@@H]2C)C1,
6304,COc1ccc(C(=O)N[C@H]2CC[C@@]3(CC2)CN(C(=O)CCCC2CC2)CCO3)o1,N-(4-(4-cyclopropyl-butyryl)-1-oxa-4-azaspiro[5.5]undecan-9-yl)-5-methoxyfuran-2-carboxamide,C1(CC1)CCCC(=O)N1CCOC2(C1)CCC(CC2)NC(=O)C=2OC(=CC2)OC,COc1ccc(C(=O)N[C@H]2CC[C@@]3(CC2)CN(C(=O)CCCC2CC2)CCO3)o1,COc1ccc(C(=O)NC2CCC3(CC2)CN(C(=O)CCCC2CC2)CCO3)o1
6336,Cn1ccc([C@@H]2C[C@H]2C(=O)N[C@H]2C[C@](F)(CNC(=O)C[C@H]3COCCO3)C2)n1,"(1R,2R)-N-((1R,3S)-3-((2-((2S)-1,4-dioxan-2-yl)acetamido)methyl)-3-fluorocyclobutyl)-2-(1-methyl-1H-pyrazol-3-yl)cyclopropanecarboxamide",,Cn1ccc([C@@H]2CC2C(=O)N[C@H]2C[C@](F)(CNC(=O)C[C@H]3COCCO3)C2)n1,
6392,CSCC(=O)NC[C@@H]1C[C@@H]2CC[C@H](C1)N2C(=O)c1cc2ccsc2s1,"N-(((1R,3r,5S)-8-((2,8-dithiabicyclo[3.3.0]octa-1(5),3,6-trien-3-yl)carbonyl)-8-azabicyclo[3.2.1]octan-3-yl)methyl)-2-(methylsulfanyl)acetamide",,CSCC(=O)NC[C@H]1C[C@H]2CC[C@@H](C1)N2C(=O)c1cc2ccsc2s1,
6425,Cc1cc(C(=O)N2CC[C@]3(NC(=O)[C@H]4C[C@@](C)(O)C4)C[C@@H]3C2)ncc1Cl,"(1s,3S)-N-((1R,6R)-3-((5-chloro-4-methylpyridin-2-yl)carbonyl)-3-azabicyclo[4.1.0]heptan-6-yl)-3-hydroxy-3-methylcyclobutanecarboxamide",,Cc1cc(C(=O)N2CC[C@]3(NC(=O)C4CC(C)(O)C4)C[C@@H]3C2)ncc1Cl,
6451,CC(=O)N[C@@H](C)C(=O)N1C[C@H]2[C@H](NC(=O)c3cn(-c4ccccc4Cl)nn3)[C@H]2C1,"N-((2S)-1-((1R,5S,6R)-6-(1-(2-chlorophenyl)-1H-1,2,3-triazole-4-carboxamido)-3-azabicyclo[3.1.0]hexan-3-yl)-1-oxopropan-2-yl)acetamide",,CC(=O)NC(C)C(=O)N1C[C@@H]2[C@H](C1)[C@H]2NC(=O)c1cn(-c2ccccc2Cl)nn1,
6513,CCc1cc2c(c(C(=O)N3C[C@H]4[C@H](CN(C)C(=O)[C@H]5CCSC5)[C@H]4C3)c1)OCC2,"(3R)-N-(((1R,5S,6r)-3-((5-ethyl-2,3-dihydro-1-benzofuran-7-yl)carbonyl)-3-azabicyclo[3.1.0]hexan-6-yl)methyl)-N-methylthiolane-3-carboxamide",,CCc1cc2c(c(C(=O)N3C[C@@H]4[C@@H](CN(C)C(=O)C5CCSC5)[C@@H]4C3)c1)OCC2,
6525,Cc1cn(C)cc1C(=O)N[C@H]1[C@@H]2CN(C(=O)c3ccc4c(c3)CCCN4)C[C@@H]21,"1,4-dimethyl-N-((1R,5S,6s)-3-((1,2,3,4-tetrahydroquinolin-6-yl)carbonyl)-3-azabicyclo[3.1.0]hexan-6-yl)-1H-pyrrole-3-carboxamide",,Cc1cn(C)cc1C(=O)N[C@H]1[C@@H]2CN(C(=O)c3ccc4c(c3)CCCN4)C[C@@H]21,
6548,Cc1cc(F)cc(CC(=O)N2C[C@@H]3CCN(C(=O)[C@H]4C[C@@H]5C[C@@H]5C4)C[C@@H]32)c1,"1-((1R,6S)-3-(((1R,3s,5S)-bicyclo[3.1.0]hexan-3-yl)carbonyl)-3,8-diazabicyclo[4.2.0]octan-8-yl)-2-(3-fluoro-5-methylphenyl)ethan-1-one",,Cc1cc(F)cc(CC(=O)N2C[C@@H]3CCN(C(=O)C4C[C@@H]5C[C@@H]5C4)C[C@@H]32)c1,
6595,CCC(=O)NCC(=O)NC[C@H]1C[C@@H]2CC[C@H](C1)N2C(=O)[C@@H](C)[C@H](C)O,"N-(2-((((1R,3R,5S)-8-((2S,3S)-3-hydroxy-2-methyl-butyryl)-8-azabicyclo[3.2.1]octan-3-yl)methyl)amino)-2-oxoethyl)propanamide",,CCC(=O)NCC(=O)NC[C@@H]1C[C@H]2CC[C@@H](C1)N2C(=O)C(C)[C@H](C)O,
6602,CCOC(=O)[C@H]1C[C@@](F)(CNC(=O)C(=O)Nc2nn(C)c3nccnc23)C1,"ethyl (1r,3r)-3-fluoro-3-((1-((7-methyl-2,5,7,8-tetraazabicyclo[4.3.0]nona-1,3,5,8-tetraen-9-yl)carbamoyl)formamido)methyl)cyclobutanecarboxylate",,CCOC(=O)C1CC(F)(CNC(=O)C(=O)Nc2nn(C)c3nccnc23)C1,
6650,Cc1ccc(O)cc1C(=O)N[C@H](C(=O)N[C@@H]1[C@@H](O)C[C@H]1O)c1ccccc1,"N-((1S)-2-(((1r,2R,4S)-2,4-dihydroxycyclobutyl)amino)-2-oxo-1-phenylethyl)-5-hydroxy-2-methylbenzamide",,Cc1ccc(O)cc1C(=O)NC(C(=O)N[C@H]1[C@H](O)C[C@@H]1O)c1ccccc1,
6652,O=C(N[C@H]1CCN(C(=O)CCc2nccs2)CCC1(F)F)[C@@H]1C[C@@H]2C[C@@H]2C1,"(1R,3r,5S)-N-((4S)-5,5-difluoro-1-(1-oxo-3-(1,3-thiazol-2-yl)propyl)azepan-4-yl)bicyclo[3.1.0]hexane-3-carboxamide",,O=C(N[C@H]1CCN(C(=O)CCc2nccs2)CCC1(F)F)C1C[C@@H]2C[C@@H]2C1,
6723,COc1cc(C)c(C(=O)NC[C@H]2[C@@H]3CN(C(=O)c4ccsc4C)C[C@H]23)cn1,"6-methoxy-4-methyl-N-(((1R,5S,6r)-3-((2-methylthiophen-3-yl)carbonyl)-3-azabicyclo[3.1.0]hexan-6-yl)methyl)pyridine-3-carboxamide",,COc1cc(C)c(C(=O)NC[C@@H]2[C@H]3CN(C(=O)c4ccsc4C)C[C@@H]23)cn1,
6840,Cc1n[nH]c(C)c1C(=O)N[C@@H]1C[C@@H]2CC[C@H](C1)N2C(=O)[C@@H](C)c1ccsn1,"3,5-dimethyl-N-((1R,3S,5S)-8-((2S)-1-oxo-2-(1,2-thiazol-3-yl)propyl)-8-azabicyclo[3.2.1]octan-3-yl)-1H-pyrazole-4-carboxamide",,Cc1n[nH]c(C)c1C(=O)N[C@H]1C[C@H]2CC[C@@H](C1)N2C(=O)C(C)c1ccsn1,
6869,Cc1cc(CCCC(=O)N2[C@H]3CC[C@@H]2C[C@@H](NC(=O)C2(F)CC2)C3)on1,"1-fluoro-N-((1R,3s,5S)-8-(4-(3-methyl-1,2-oxazol-5-yl)-butyryl)-8-azabicyclo[3.2.1]octan-3-yl)cyclopropanecarboxamide",,Cc1cc(CCCC(=O)N2[C@@H]3CC[C@H]2C[C@H](NC(=O)C2(F)CC2)C3)on1,
6880,C[C@]1(O)C[C@@H](C(=O)N2CCC([C@@H]3CCCCN3C(=O)C=C3CCSCC3)CC2)C1,"1-((2S)-2-(1-(((1s,3R)-3-hydroxy-3-methylcyclobutyl)carbonyl)piperidin-4-yl)piperidin-1-yl)-2-(thian-4-ylidene)ethan-1-one",,CC1(O)CC(C(=O)N2CCC([C@@H]3CCCCN3C(=O)C=C3CCSCC3)CC2)C1,
6939,C[C@H](Cc1cccnc1)C(=O)N[C@H]1C[C@](C)(NC(=O)CC2CCCC2)C1,"(2R)-N-((1r,3R)-3-(2-cyclopentylacetamido)-3-methylcyclobutyl)-2-methyl-3-(pyridin-3-yl)propanamide",,CC(Cc1cccnc1)C(=O)N[C@H]1C[C@](C)(NC(=O)CC2CCCC2)C1,
6958,CC=C[C@@H](O)C(=O)NC[C@H]1[C@@H]2CN(C(=O)CC(C)(C)CC)C[C@H]12,"(2R)-N-(((1R,5S,6r)-3-(3,3-dimethyl-pentanoyl)-3-azabicyclo[3.1.0]hexan-6-yl)methyl)-2-hydroxypent-3-enamide",,CC=CC(O)C(=O)NC[C@@H]1[C@H]2CN(C(=O)CC(C)(C)CC)C[C@@H]12,
7018,C[C@@H](C(=O)NCC(F)(F)F)N1C[C@H]2[C@H](CNC(=O)C3CCN(C)CC3)[C@H]2C1,"(2S)-2-((1R,5S,6S)-6-((1-methylpiperidine-4-carboxamido)methyl)-3-azabicyclo[3.1.0]hexan-3-yl)-N-(2,2,2-trifluoroethyl)propanamide",,CC(C(=O)NCC(F)(F)F)N1C[C@@H]2[C@@H](CNC(=O)C3CCN(C)CC3)[C@@H]2C1,
7090,Cc1cnn(C)c1CC(=O)N[C@H]1[C@@H]2CN(C(=O)Cc3ccc(Cl)cc3)C[C@@H]21,"N-((1R,5S,6s)-3-(2-(4-chlorophenyl)-acetyl)-3-azabicyclo[3.1.0]hexan-6-yl)-2-(1,4-dimethyl-1H-pyrazol-5-yl)acetamide",,Cc1cnn(C)c1CC(=O)N[C@H]1[C@@H]2CN(C(=O)Cc3ccc(Cl)cc3)C[C@@H]21,
7093,CC=CC=CC(=O)N1[C@H]2CC[C@@H]1C[C@@H](NC(=O)[C@H]1CC[C@H](C(N)=O)CC1)C2,"trans-N-((1R,3s,5S)-8-(1-oxohexa-2,4-dien-1-yl)-8-azabicyclo[3.2.1]octan-3-yl)cyclohexane-1,4-dicarboxamide",,CC=CC=CC(=O)N1[C@@H]2CC[C@H]1C[C@H](NC(=O)C1CCC(C(N)=O)CC1)C2,
7107,C[C@H](NC(=O)[C@@H]1Cc2nn(C)cc2C(=O)N1)c1cn(CC2CCC2)nn1,"(6S)-N-((1S)-1-(1-(cyclobutylmethyl)-1H-1,2,3-triazol-4-yl)ethyl)-2-methyl-4-oxo-4,5,6,7-tetrahydro-1H-pyrazolo[4,3-c]pyridine-6-carboxamide",C1(CCC1)CN1N=NC(=C1)[C@H](C)NC(=O)[C@@H]1CC2=C(C(N1)=O)CN(N2)C,C[C@H](NC(=O)C1Cc2nn(C)cc2C(=O)N1)c1cn(CC2CCC2)nn1,C[C@H](NC(=O)C1CC2=NN(C)CC2C(=O)N1)c1cn(CC2CCC2)nn1
7244,CCCCC(CCCC)NC(=O)[C@]1(NC(=O)CC2CC(C)C2)C[C@@H](O)C1,"(1s,3s)-3-hydroxy-1-(2-(3-methylcyclobutyl)acetamido)-N-(nonan-5-yl)cyclobutanecarboxamide",,CCCCC(CCCC)NC(=O)[C@]1(NC(=O)CC2CC(C)C2)C[C@@H](O)C1,
7269,CC1(C)C[C@]1(C)C(=O)NCc1occc1C(=O)N1[C@H]2CC[C@@H]1C[C@H](O)C2,"(1S)-N-((3-(((1R,3S,5S)-3-hydroxy-8-azabicyclo[3.2.1]octan-8-yl)carbonyl)furan-2-yl)methyl)-1,2,2-trimethylcyclopropanecarboxamide",,CC1(C)C[C@]1(C)C(=O)NCc1occc1C(=O)N1[C@@H]2CC[C@H]1C[C@@H](O)C2,
7301,CN(CCCN(C)C(=O)[C@]1(C)C[C@@H](C#N)C1)C(=O)COCc1ncnn1C,"(1r,3r)-3-cyano-1,N-dimethyl-N-(3-(N-methyl-2-(((1-methyl-1H-1,2,4-triazol-5-yl)methyl)oxy)acetamido)propyl)cyclobutanecarboxamide",,CN(CCCN(C)C(=O)[C@]1(C)C[C@@H](C#N)C1)C(=O)COCc1ncnn1C,
7373,O=C(N[C@H]1[C@@H]2CN(C(=O)/C=C/c3ccoc3)C[C@@H]21)[C@@H]1C[C@H]1c1ccccn1,"(1R,2R)-N-((1R,5S,6s)-3-((2E)-3-(furan-3-yl)-1-oxoprop-2-en-1-yl)-3-azabicyclo[3.1.0]hexan-6-yl)-2-(pyridin-2-yl)cyclopropanecarboxamide",,O=C(N[C@H]1[C@@H]2CN(C(=O)/C=C/c3ccoc3)C[C@@H]21)C1C[C@H]1c1ccccn1,
7442,CC[C@@H](C(=O)NC[C@]1(F)C[C@@H](NC(=O)[C@@H]2[C@@H](C)C2(F)F)C1)C(C)C,"(2R)-N-(((1R,3S)-3-((1S,3R)-2,2-difluoro-3-methylcyclopropanecarboxamido)-1-fluorocyclobutyl)methyl)-2-ethyl-3-methylbutanamide",,CCC(C(=O)NC[C@]1(F)C[C@@H](NC(=O)C2[C@@H](C)C2(F)F)C1)C(C)C,
7499,CC(=O)NC12CC(CO)(C1)OC21CN(C(=O)c2ncoc2C(C)C)C1,"N-(1-(hydroxymethyl)spiro[2-oxabicyclo[2.1.1]hexane-3,3'-(1-(1-azacyclobutan-1-yl)-1-(5-(propan-2-yl)-1,3-oxazol-4-yl)methanone)]-4-yl)acetamide",,CC(=O)NC12CC(CO)(C1)OC21CN(C(=O)c2ncoc2C(C)C)C1,
7515,C[C@H](C(=O)NC[C@H]1[C@@H]2CN(C(=O)c3ccc(S(N)(=O)=O)o3)C[C@H]12)[C@@H]1CCOC1,"(2S)-2-((3S)-oxolan-3-yl)-N-(((1R,5S,6r)-3-((5-(sulfamoyl)furan-2-yl)carbonyl)-3-azabicyclo[3.1.0]hexan-6-yl)methyl)propanamide",,CC(C(=O)NC[C@@H]1[C@H]2CN(C(=O)c3ccc(S(N)(=O)=O)o3)C[C@@H]12)[C@@H]1CCOC1,
7517,CCc1ccc(C)c(C(=O)NC[C@H]2C[C@](F)(CNC(=O)CCCCOC)C2)c1,"5-ethyl-N-(((1s,3s)-3-fluoro-3-((5-methoxypentanamido)methyl)cyclobutyl)methyl)-2-methylbenzamide",,CCc1ccc(C)c(C(=O)NC[C@H]2C[C@](F)(CNC(=O)CCCCOC)C2)c1,
7542,CC(C)(C)COCC(=O)N[C@H]1[C@@H]2CN(C(=O)Cc3ccc([N+](=O)[O-])cc3Cl)C[C@@H]21,"N-((1R,5S,6s)-3-(2-(2-chloro-4-nitrophenyl)-acetyl)-3-azabicyclo[3.1.0]hexan-6-yl)-2-((2,2-dimethylpropyl)oxy)acetamide",,CC(C)(C)COCC(=O)N[C@H]1[C@@H]2CN(C(=O)Cc3ccc([N+](=O)[O-])cc3Cl)C[C@@H]21,
7598,CC[C@]1(C(=O)N[C@H]2CCN(C(=O)c3cc(F)cc(F)c3)C[C@@H]2F)CC[C@@H](O)CC1,"(1s,4R)-N-((3S,4S)-1-((3,5-difluorophenyl)carbonyl)-3-fluoropiperidin-4-yl)-1-ethyl-4-hydroxycyclohexanecarboxamide",,CC[C@]1(C(=O)N[C@H]2CCN(C(=O)c3cc(F)cc(F)c3)C[C@@H]2F)CC[C@@H](O)CC1,
7676,Cc1ccc(C(=O)NC[C@H]2[C@@H]3CN(C(=O)c4ccc5nn[nH]c5c4O)C[C@H]23)cn1,"N-(((1R,5S,6r)-3-((4-hydroxy-3H-benzotriazol-5-yl)carbonyl)-3-azabicyclo[3.1.0]hexan-6-yl)methyl)-6-methylpyridine-3-carboxamide",,Cc1ccc(C(=O)NC[C@@H]2[C@H]3CN(C(=O)c4ccc5[nH]nnc5c4O)C[C@@H]23)cn1,
7766,Cn1ccc(CCC(=O)N[C@]2(C)C[C@H](NC(=O)CSc3nncs3)C2)n1,"3-(1-methyl-1H-pyrazol-3-yl)-N-((1s,3s)-1-methyl-3-(2-((1,3,4-thiadiazol-2-yl)sulfanyl)acetamido)cyclobutyl)propanamide",,Cn1ccc(CCC(=O)N[C@]2(C)C[C@H](NC(=O)CSc3nncs3)C2)n1,
7772,COC(=O)[C@]1(C)C[C@@H](C(=O)N(C)C[C@@H]2C[C@H](F)CN2C(=O)c2cccc(C)c2)C1,"methyl (1S,3r)-3-((((2S,4S)-4-fluoro-1-((3-methylphenyl)carbonyl)pyrrolidin-2-yl)methyl)(methyl)carbamoyl)-1-methylcyclobutanecarboxylate",,COC(=O)C1(C)CC(C(=O)N(C)C[C@@H]2C[C@H](F)CN2C(=O)c2cccc(C)c2)C1,
7776,COC(=O)[C@H]1C[N@]1Cc1cc(-c2cccc3c2OC(F)(F)O3)ccc1F,"methyl (1S,2R)-1-((5-(2,2-difluoro-1,3-benzodioxol-4-yl)-2-fluorophenyl)methyl)aziridine-2-carboxylate",FC1(OC2=C(O1)C=CC=C2C=2C=CC(=C(C2)C[N@@]2[C@H](C2)C(=O)OC)F)F,COC(=O)C1C[N@]1Cc1cc(-c2cccc3c2OC(F)(F)O3)ccc1F,COC(=O)C1C[N@@]1Cc1cc(-c2cccc3c2OC(F)(F)O3)ccc1F
7848,COC1(CC(=O)N2[C@H]3CC[C@@H]2C[C@H](NC(=O)C(C)(C)CC2CCOCC2)C3)CC1,"N-((1R,3r,5S)-8-(2-(1-methoxycyclopropyl)-acetyl)-8-azabicyclo[3.2.1]octan-3-yl)-2,2-dimethyl-3-(oxan-4-yl)propanamide",,COC1(CC(=O)N2[C@@H]3CC[C@H]2C[C@@H](NC(=O)C(C)(C)CC2CCOCC2)C3)CC1,
7964,CC[C@@H](CCC(=O)N[C@@H]1[C@@H](C)CC[C@H]1C)NC(=O)c1ncc(C)cc1C,"(4S)-N-((1r,2R,5S)-2,5-dimethylcyclopentyl)-4-(3,5-dimethylpyridine-2-carboxamido)hexanamide",,CC[C@@H](CCC(=O)N[C@H]1[C@H](C)CC[C@@H]1C)NC(=O)c1ncc(C)cc1C,
7972,O=C(N[C@H]1C[C@@H](NC(=O)[C@@H]2[C@H]3CC[C@H]32)C1)c1cncn1-c1ccccc1,"N-(cis-3-((1R,4S,5r)-bicyclo[2.1.0]pentane-5-carboxamido)cyclobutyl)-1-phenyl-1H-imidazole-5-carboxamide",,O=C(N[C@H]1C[C@@H](NC(=O)C2[C@H]3CC[C@@H]23)C1)c1cncn1-c1ccccc1,
7991,CCCCn1ccc(C(=O)N[C@H]2C[C@@](C)(NC(=O)CCCc3ccncc3)C2)n1,"1-butyl-N-((1s,3s)-3-methyl-3-(4-(pyridin-4-yl)butanamido)cyclobutyl)-1H-pyrazole-3-carboxamide",,CCCCn1ccc(C(=O)N[C@H]2C[C@@](C)(NC(=O)CCCc3ccncc3)C2)n1,
8078,CC1(C)C[C@@](C)(CNC(=O)[C@@H]2C[C@H]3[C@@H](C2)C3(F)F)CN1C(=O)C1=C(Cl)CCC1,"(1R,3r,5S)-N-(((3S)-1-((2-chlorocyclopent-1-en-1-yl)carbonyl)-3,5,5-trimethylpyrrolidin-3-yl)methyl)-6,6-difluorobicyclo[3.1.0]hexane-3-carboxamide",,CC1(C)C[C@@](C)(CNC(=O)C2C[C@@H]3[C@H](C2)C3(F)F)CN1C(=O)C1=C(Cl)CCC1,
8161,CCCCCNC(=O)c1cccc(S(=O)(=O)N[C@@H]2C[C@@H]3CCC[C@H](C2)N3)c1,"3-(((1R,3r,5S)-9-azabicyclo[3.3.1]nonan-3-yl)sulfamoyl)-N-pentylbenzamide",,CCCCCNC(=O)c1cccc(S(=O)(=O)N[C@H]2C[C@H]3CCC[C@@H](C2)N3)c1,
8250,CC(C)[C@@](C)(CNC(=O)c1ccc(-c2ncon2)cc1)NC(=O)[C@@H]1[C@H]2CCC[C@H]21,"(1R,5S,6r)-N-((2S)-2,3-dimethyl-1-(4-(1,2,4-oxadiazol-3-yl)benzamido)butan-2-yl)bicyclo[3.1.0]hexane-6-carboxamide",,CC(C)[C@@](C)(CNC(=O)c1ccc(-c2ncon2)cc1)NC(=O)C1[C@H]2CCC[C@@H]12,
8288,O=C(N[C@@H]1CCCN(C(=O)CCCCC2CC2)C1)[C@H]1C[C@H]2[C@@H](C1)C2(F)F,"(1R,3s,5S)-N-((3R)-1-(5-cyclopropyl-pentanoyl)piperidin-3-yl)-6,6-difluorobicyclo[3.1.0]hexane-3-carboxamide",,O=C(N[C@@H]1CCCN(C(=O)CCCCC2CC2)C1)C1C[C@@H]2[C@H](C1)C2(F)F,
8371,C[C@H]1C[C@@H](C)[C@@H]1C(=O)N(CCNC(=O)Cn1ncc2ccccc21)C1CC1,"(1r,2R,4S)-N-cyclopropyl-N-(2-(2-(1H-indazol-1-yl)acetamido)ethyl)-2,4-dimethylcyclobutanecarboxamide",,C[C@@H]1C[C@H](C)C1C(=O)N(CCNC(=O)Cn1ncc2ccccc21)C1CC1,
8391,Cc1cc(NC(=O)c2nnn(C)c2C)ccc1NC(=O)[C@@]1(C)C[C@@H]2C[C@@H]2C1,"1,5-dimethyl-N-(3-methyl-4-((1R,3s,5S)-3-methylbicyclo[3.1.0]hexane-3-carboxamido)phenyl)-1H-1,2,3-triazole-4-carboxamide",,Cc1cc(NC(=O)c2nnn(C)c2C)ccc1NC(=O)[C@]1(C)C[C@H]2C[C@H]2C1,
8431,Cc1csc(CC(=O)N2CCc3nc[nH]c3[C@]23CCN(C(=O)C[C@H]2C[C@H]2C)C3)c1,"2-(4-methylthiophen-2-yl)-1-((2R)-spiro[3,7,9-triazabicyclo[4.3.0]nona-1(6),7-diene-2,3'-(1-((3R)-1-azacyclopentan-1-yl)-2-((1R,2R)-2-methylcyclopropyl)ethane)]-3-yl-1'-one)ethan-1-one",,Cc1csc(CC(=O)N2CCc3[nH]cnc3[C@]23CCN(C(=O)C[C@H]2C[C@H]2C)C3)c1,
8482,C[C@@H]1[C@H](C(=O)N[C@H]2CC[C@H](NC(=O)[C@@H]3CCC[C@@H](C)C3)CC2)[C@@H]1C,"(1R,3R)-3-methyl-N-(trans-4-((1s,2R,3S)-2,3-dimethylcyclopropanecarboxamido)cyclohexyl)cyclohexanecarboxamide",,C[C@@H]1CCCC(C(=O)N[C@H]2CC[C@H](NC(=O)C3[C@@H](C)[C@H]3C)CC2)C1,
8709,O=C(NC[C@H]1C[C@@](F)(CNC(=O)[C@@H]2CC23CCCC3)C1)C1C[C@H]2C[C@@H]2C1,"(1R)-N-(((1R,3R)-3-(((1R,5R)-bicyclo[3.1.0]hexane-3-carboxamido)methyl)-1-fluorocyclobutyl)methyl)spiro[2.4]heptane-1-carboxamide",,O=C(NC[C@H]1C[C@@](F)(CNC(=O)C2CC23CCCC3)C1)C1C[C@H]2C[C@@H]2C1,
8710,C#CC[C@]1(O)C[C@@H](C(=O)N2C[C@@H](C)[C@@H](NC(=O)[C@@H]3CCN(CC(C)C)C3)C2)C1,"(3R)-N-((3R,4R)-1-(((1s,3S)-3-hydroxy-3-(prop-2-yn-1-yl)cyclobutyl)carbonyl)-4-methylpyrrolidin-3-yl)-1-(2-methylpropyl)pyrrolidine-3-carboxamide",,C#CCC1(O)CC(C(=O)N2C[C@@H](C)[C@@H](NC(=O)C3CCN(CC(C)C)C3)C2)C1,
8811,COc1ccccc1CCC(=O)NC[C@@H]1CN(C)CCN1C(=O)[C@@H]1C[C@@H]2C[C@@H]2C1,"N-(((2R)-1-(((1R,3r,5S)-bicyclo[3.1.0]hexan-3-yl)carbonyl)-4-methylpiperazin-2-yl)methyl)-3-(2-methoxyphenyl)propanamide",,COc1ccccc1CCC(=O)NC[C@@H]1CN(C)CCN1C(=O)C1C[C@@H]2C[C@@H]2C1,
8949,Cc1csc(CCC(=O)N[C@H]2C[C@@](C)(NC(=O)c3ccc(C)c(O)c3)C2)n1,"N-((1s,3s)-3-(3-hydroxy-4-methylbenzamido)-3-methylcyclobutyl)-3-(4-methyl-1,3-thiazol-2-yl)propanamide",,Cc1csc(CCC(=O)N[C@H]2C[C@@](C)(NC(=O)c3ccc(C)c(O)c3)C2)n1,
9045,O=C(N[C@H]1CCOC12CCN(C(=O)[C@@H]1[C@H]3CC(F)(F)C[C@H]31)CC2)c1cc[nH]n1,"N-((4S)-8-(((1R,5S,6r)-3,3-difluorobicyclo[3.1.0]hexan-6-yl)carbonyl)-1-oxa-8-azaspiro[4.5]decan-4-yl)-1H-pyrazole-3-carboxamide",,O=C(N[C@H]1CCOC12CCN(C(=O)C1[C@H]3CC(F)(F)C[C@@H]13)CC2)c1cc[nH]n1,
9074,O=C(N[C@@H]1C[C@@H]2CC[C@H](C1)N2C(=O)Cc1cccnc1Cl)[C@@H]1C[C@@H]2CCC[C@@H]21,"(1S,5S,6R)-N-((1R,3r,5S)-8-(2-(2-chloropyridin-3-yl)-acetyl)-8-azabicyclo[3.2.1]octan-3-yl)bicyclo[3.2.0]heptane-6-carboxamide",,O=C(N[C@H]1C[C@H]2CC[C@@H](C1)N2C(=O)Cc1cccnc1Cl)C1C[C@@H]2CCC[C@H]12,
9118,CN(C(=O)C(=O)Nc1ccccc1CCC(F)(F)F)[C@@H]1[C@H]2CCC[C@H]21,"N-((1R,5S,6r)-bicyclo[3.1.0]hexan-6-yl)-N-methyl-N'-(2-(3,3,3-trifluoropropyl)phenyl)ethanediamide",,CN(C(=O)C(=O)Nc1ccccc1CCC(F)(F)F)[C@H]1[C@@H]2CCC[C@@H]21,
9147,CC(=O)Nc1ccc(C(=O)N[C@]2(C)C[C@H](NC(=O)[C@H]3COCC[C@@H]3C)C2)c(Cl)c1,"N-(3-chloro-4-(((1S,3s)-1-methyl-3-((3R,4S)-4-methyloxane-3-carboxamido)cyclobutyl)carbamoyl)phenyl)acetamide",,CC(=O)Nc1ccc(C(=O)N[C@]2(C)C[C@H](NC(=O)C3COCC[C@@H]3C)C2)c(Cl)c1,
9163,Cc1cc(O)nnc1C(=O)N[C@H]1C[C@](C)(NC(=O)c2cc[nH]c2)C1,"6-hydroxy-4-methyl-N-((1r,3r)-3-methyl-3-(1H-pyrrole-3-carboxamido)cyclobutyl)pyridazine-3-carboxamide",,Cc1cc(=O)[nH]nc1C(=O)N[C@H]1C[C@](C)(NC(=O)c2cc[nH]c2)C1,
9229,C[C@@]1(CC(=O)NC[C@@H]2[C@H]3CCCC[C@H]32)CCN(C(=O)c2ccc(CO)cc2)C1,"N-(((1R,6S,7r)-bicyclo[4.1.0]heptan-7-yl)methyl)-2-((3S)-1-((4-(hydroxymethyl)phenyl)carbonyl)-3-methylpyrrolidin-3-yl)acetamide",,C[C@@]1(CC(=O)NC[C@H]2[C@@H]3CCCC[C@@H]32)CCN(C(=O)c2ccc(CO)cc2)C1,
9285,C[C@@H](NC(=O)[C@H]1C[C@@H]2CC[C@@H]2C1)C1CN(C(=O)c2cc3ccc(F)cc3[nH]2)C1,"(1R,3s,5S)-N-((1R)-1-(1-((6-fluoro-1H-indol-2-yl)carbonyl)azetidin-3-yl)ethyl)bicyclo[3.2.0]heptane-3-carboxamide",,C[C@@H](NC(=O)C1C[C@H]2CC[C@H]2C1)C1CN(C(=O)c2cc3ccc(F)cc3[nH]2)C1,
9386,CCCCCCCC(=O)N[C@@H]1[C@@H]2CN(C(=O)c3cc(O)cc(F)c3)C[C@@H]21,"N-((1R,5S,6r)-3-((3-fluoro-5-hydroxyphenyl)carbonyl)-3-azabicyclo[3.1.0]hexan-6-yl)octanamide",,CCCCCCCC(=O)N[C@@H]1[C@@H]2CN(C(=O)c3cc(O)cc(F)c3)C[C@@H]21,
9411,O=C(NC[C@H]1[C@@H]2CN(C(=O)c3ccnc(OC(F)F)c3)C[C@H]12)[C@@H]1CC12CC(O)C2,"(1R)-N-(((1R,5S,6r)-3-((2-((difluoromethyl)oxy)pyridin-4-yl)carbonyl)-3-azabicyclo[3.1.0]hexan-6-yl)methyl)-5-hydroxyspiro[2.3]hexane-1-carboxamide",,O=C(NC[C@@H]1[C@H]2CN(C(=O)c3ccnc(OC(F)F)c3)C[C@@H]12)C1CC12CC(O)C2,
9454,N#CC1(C(=O)N2C[C@@H]3C[C@H](NC(=O)c4cc[n+]([O-])cc4)C[C@@H](C3)C2)CCOCC1,"N-((1R,5S,7s)-3-((4-(nitrilomethyl)oxan-4-yl)carbonyl)-3-azabicyclo[3.3.1]nonan-7-yl)-1-oxidopyridin-1-ium-4-carboxamide",,N#CC1(C(=O)N2C[C@@H]3C[C@@H](C[C@H](NC(=O)c4cc[n+]([O-])cc4)C3)C2)CCOCC1,
9461,COC(=O)[C@@H](OC)C(=O)N[C@H](CCC1CC1)C(=O)N[C@@H]1C[C@@H]2CC[C@H](C1)[C@@H]2O,"methyl (2S)-2-(((2R)-4-cyclopropyl-1-(((1R,3r,5S,8R)-8-hydroxybicyclo[3.2.1]octan-3-yl)amino)-1-oxobutan-2-yl)carbamoyl)-2-methoxyacetate",,COC(=O)C(OC)C(=O)NC(CCC1CC1)C(=O)N[C@H]1C[C@H]2CC[C@@H](C1)[C@H]2O,
9470,CCC(C)(C)n1nnnc1[C@H](N[C@@H]1C[C@H]2[C@@H](C1)C2(F)F)C1(CC2CC2)CC1,"(1R,3r,5S)-N-((1R)-(1-(cyclopropylmethyl)cyclopropyl)(1-(2-methylbutan-2-yl)-1H-tetrazol-5-yl)methyl)-6,6-difluorobicyclo[3.1.0]hexan-3-amine",,CCC(C)(C)n1nnnc1[C@H](N[C@H]1C[C@@H]2[C@H](C1)C2(F)F)C1(CC2CC2)CC1,
9502,COC1(CN(C)C)CCN(C(=O)[C@@H]2[C@H]3CN(CC=C(C)C)C[C@H]32)CC1,"1-(4-((dimethylamino)methyl)-4-methoxypiperidin-1-yl)-1-((1R,5S,6r)-3-(3-methylbut-2-en-1-yl)-3-azabicyclo[3.1.0]hexan-6-yl)methanone",,COC1(CN(C)C)CCN(C(=O)C2[C@H]3CN(CC=C(C)C)C[C@@H]23)CC1,
9587,CC[C@@](C)(COC)C(=O)N1C[C@H]2[C@H](N(C)C(=O)c3nn(C)c4c3CSCC4)[C@H]2C1,"N-((1R,5S,6R)-3-((2S)-2-(methoxymethyl)-2-methyl-butyryl)-3-azabicyclo[3.1.0]hexan-6-yl)-7,N-dimethyl-3-thia-7,8-diazabicyclo[4.3.0]nona-1(6),8-diene-9-carboxamide",,CC[C@@](C)(COC)C(=O)N1C[C@@H]2[C@H](C1)[C@H]2N(C)C(=O)c1nn(C)c2c1CSCC2,
9631,C=C[C@](C)(O)C(=O)N[C@H]1C[C@](F)(CNC(=O)Cc2nnn(C(C)(C)C)n2)C1,"(2S)-N-((1s,3R)-3-((2-(2-(tert-butyl)-2H-tetrazol-5-yl)acetamido)methyl)-3-fluorocyclobutyl)-2-hydroxy-2-methylbut-3-enamide",,C=C[C@](C)(O)C(=O)N[C@H]1C[C@](F)(CNC(=O)Cc2nnn(C(C)(C)C)n2)C1,
9636,CCS[C@H](C)C(=O)N1C[C@H]2CN(C(=O)[C@]3(C)CC[C@@H](C(C)(C)C)CC3)C[C@@]2(C)C1,"(2R)-1-((1S,5R)-7-(((1r,4S)-4-(tert-butyl)-1-methylcyclohexyl)carbonyl)-1-methyl-3,7-diazabicyclo[3.3.0]octan-3-yl)-2-(ethylsulfanyl)propan-1-one",,CCSC(C)C(=O)N1C[C@H]2CN(C(=O)[C@]3(C)CC[C@@H](C(C)(C)C)CC3)C[C@@]2(C)C1,
9691,C[C@H]1[C@@H](C)[C@@H]1C(=O)NC[C@H]1COCCN(C(=O)c2nc3cnccc3s2)C1,"(1r,2R,3S)-2,3-dimethyl-N-(((6R)-4-((7-thia-3,9-diazabicyclo[4.3.0]nona-1(6),2,4,8-tetraen-8-yl)carbonyl)-1,4-oxazepan-6-yl)methyl)cyclopropanecarboxamide",,C[C@@H]1C(C(=O)NC[C@H]2COCCN(C(=O)c3nc4cnccc4s3)C2)[C@@H]1C,
9693,C[C@]1(NC(=O)c2cccc(N)c2F)C[C@@H](NC(=O)[C@H]2C[C@H]3CC[C@H]2O3)C1,"(1R,2S,4R)-N-((1s,3R)-3-(3-amino-2-fluorobenzamido)-3-methylcyclobutyl)-7-oxabicyclo[2.2.1]heptane-2-carboxamide",,C[C@]1(NC(=O)c2cccc(N)c2F)C[C@@H](NC(=O)C2C[C@H]3CC[C@H]2O3)C1,
9699,CCS[C@H](C(=O)N[C@]1(C)C[C@H](NC(=O)c2cc3ncccc3s2)C1)C(C)C,"(2S)-2-(ethylsulfanyl)-3-methyl-N-((1s,3R)-1-methyl-3-(7-thia-2-azabicyclo[4.3.0]nona-1,3,5,8-tetraene-8-carboxamido)cyclobutyl)butanamide",,CCSC(C(=O)N[C@]1(C)C[C@H](NC(=O)c2cc3ncccc3s2)C1)C(C)C,
9719,CN1C[C@H]2[C@@H](C1)[C@@H]2C(=O)N1C[C@H](C(=O)N(C)[C@@H](C(N)=O)C2CC2)C(F)(F)C1,"(3R)-N-((1R)-2-amino-1-cyclopropyl-2-oxoethyl)-4,4-difluoro-N-methyl-1-(((1R,5S,6r)-3-methyl-3-azabicyclo[3.1.0]hexan-6-yl)carbonyl)pyrrolidine-3-carboxamide",,CN1C[C@@H]2C(C(=O)N3CC(C(=O)N(C)C(C(N)=O)C4CC4)C(F)(F)C3)[C@@H]2C1,
9771,Cc1c(O)cccc1C(=O)NC[C@@H](F)CNC(=O)[C@H]1Cc2nn(C)cc2C(=O)N1,"(6R)-N-((2R)-2-fluoro-3-(3-hydroxy-2-methylbenzamido)propyl)-2-methyl-4-oxo-4,5,6,7-tetrahydro-1H-pyrazolo[4,3-c]pyridine-6-carboxamide",F[C@@H](CNC(=O)[C@H]1CC2=C(C(N1)=O)CN(N2)C)CNC(C2=C(C(=CC=C2)O)C)=O,Cc1c(O)cccc1C(=O)NC[C@@H](F)CNC(=O)C1Cc2nn(C)cc2C(=O)N1,Cc1c(O)cccc1C(=O)NC[C@@H](F)CNC(=O)C1CC2=NN(C)CC2C(=O)N1
9780,CC(=O)N[C@@H](C(=O)N[C@H]1C[C@@H](C(=O)N2C[C@H]3C[C@@H](O)C[C@H]3C2)C1)C(C)C,"(2R)-2-acetamido-N-(cis-3-(((1R,5S,7S)-7-hydroxy-3-azabicyclo[3.3.0]octan-3-yl)carbonyl)cyclobutyl)-3-methylbutanamide",,CC(=O)NC(C(=O)NC1CC(C(=O)N2C[C@H]3C[C@@H](O)C[C@H]3C2)C1)C(C)C,
9823,CC1CCC(=CC(=O)N[C@H]2C[C@@H]3CC[C@H](C2)N3C(=O)C(C)(C)CO)CC1,"N-((1R,3s,5S)-8-(3-hydroxy-2,2-dimethyl-propionyl)-8-azabicyclo[3.2.1]octan-3-yl)-2-(4-methylcyclohexylidene)acetamide",,CC1CCC(=CC(=O)N[C@@H]2C[C@H]3CC[C@@H](C2)N3C(=O)C(C)(C)CO)CC1,
9849,C[C@]1(NC(=O)[C@H]2CCCC23CCC3)C[C@@H](C(=O)NC[C@H]2CCCSC2)C1,"(5S)-N-((1S,3R)-1-methyl-3-((((3R)-thian-3-yl)methyl)carbamoyl)cyclobutyl)spiro[3.4]octane-5-carboxamide",,CC1(NC(=O)C2CCCC23CCC3)CC(C(=O)NC[C@H]2CCCSC2)C1,
9872,Cc1csc(CC(=O)N[C@H]2CCN(C(=O)[C@@H]3[C@H]4[C@@H]5CC[C@@H](C5)[C@H]43)C[C@@H]2F)c1,"N-((3S,4S)-3-fluoro-1-(((1R,2S,3r,4R,5S)-tricyclo[3.2.1.0^{2,4}]octan-3-yl)carbonyl)piperidin-4-yl)-2-(4-methylthiophen-2-yl)acetamide",,Cc1csc(CC(=O)N[C@H]2CCN(C(=O)C3[C@@H]4[C@H]5CC[C@H](C5)[C@H]34)C[C@@H]2F)c1,
9924,Cn1ccc(C(=O)N2C[C@H]3CCC[C@@](CNC(=O)[C@@H]4C[C@@H]5CC[C@@H]5C4)(C3)C2)n1,"(1R,3r,5S)-N-(((1S,5S)-3-((1-methyl-1H-pyrazol-3-yl)carbonyl)-3-azabicyclo[3.3.1]nonan-1-yl)methyl)bicyclo[3.2.0]heptane-3-carboxamide",,Cn1ccc(C(=O)N2C[C@H]3CCC[C@@](CNC(=O)C4C[C@H]5CC[C@H]5C4)(C3)C2)n1,
9970,CC[C@H](OC)C(=O)N[C@]1(C(=O)NCCc2cnnn2C)C[C@H](O)C1,"(2S)-N-((1s,3R)-3-hydroxy-1-((2-(1-methyl-1H-1,2,3-triazol-5-yl)ethyl)carbamoyl)cyclobutyl)-2-methoxybutanamide",,CCC(OC)C(=O)N[C@]1(C(=O)NCCc2cnnn2C)C[C@H](O)C1,
9993,C[C@@H](OC1CCCC1)C(=O)N[C@]1(C)C[C@H](C(=O)N[C@@H]2CCCC(F)(F)C2)C1,"(2R)-2-(cyclopentyloxy)-N-((1S,3S)-3-(((1R)-3,3-difluorocyclohexyl)carbamoyl)-1-methylcyclobutyl)propanamide",,CC(OC1CCCC1)C(=O)NC1(C)CC(C(=O)N[C@@H]2CCCC(F)(F)C2)C1,
10017,O=C(COC1CC(F)(F)C1)N1C[C@H]2CCN(C(=O)C3=CNC4=NCCC4=C3)[C@H]2C1,"2-((3,3-difluorocyclobutyl)oxy)-1-((1R,5R)-2-((3,7-dihydro-1H-pyrrolo[2,3-b]pyridin-5-yl)carbonyl)-2,7-diazabicyclo[3.3.0]octan-7-yl)ethan-1-one",FC1(CC(C1)OCC(=O)N1C[C@H]2CCN([C@H]2C1)C(=O)C1=CC2=C(NC1)NCC2)F,O=C(COC1CC(F)(F)C1)N1C[C@H]2CCN(C(=O)c3cnc4c(c3)CCN4)[C@H]2C1,O=C(COC1CC(F)(F)C1)N1C[C@H]2CCN(C(=O)C3=CC4CCN=C4NC3)[C@H]2C1
10039,CN(C)CCC(=O)N[C@]1(C(=O)NC[C@H](O)c2ccco2)C[C@H](O)C1,"3-(dimethylamino)-N-((1s,3R)-1-(((2S)-2-(furan-2-yl)-2-hydroxyethyl)carbamoyl)-3-hydroxycyclobutyl)propanamide",,CN(C)CCC(=O)N[C@]1(C(=O)NC[C@H](O)c2ccco2)C[C@H](O)C1,
10043,C[C@H](CC(=O)N1C[C@H]2[C@H](NC(=O)C(C)(C)S(C)(=O)=O)[C@H]2C1)NC(N)=O,"N-((1R,5S,6S)-3-((3R)-3-(carbamoylamino)-butyryl)-3-azabicyclo[3.1.0]hexan-6-yl)-2-methyl-2-(methylsulfonyl)propanamide",,C[C@H](CC(=O)N1C[C@@H]2[C@H](C1)[C@H]2NC(=O)C(C)(C)S(C)(=O)=O)NC(N)=O,
10091,O=S(=O)(NC[C@H]1CCC=CO1)c1[nH]c(=N[C@@H]2C[C@H]3[C@@H](C2)C3(F)F)ccc1Br,"N-(3-bromo-6-(((1R,3r,5S)-6,6-difluorobicyclo[3.1.0]hexan-3-yl)imino)-1H-pyridin-2-ylsulfonyl)-1-((2R)-3,4-dihydro-2H-pyran-2-yl)methanamine",,O=S(=O)(NC[C@H]1CCC=CO1)c1nc(N[C@H]2C[C@@H]3[C@H](C2)C3(F)F)ccc1Br,
10199,C[C@]1(F)CC[C@@H](C(=O)N[C@H]2CCN(C(=O)Cc3cccc(Cl)c3)C2)CC1,"(1s,4R)-N-((3S)-1-(2-(3-chlorophenyl)-acetyl)pyrrolidin-3-yl)-4-fluoro-4-methylcyclohexanecarboxamide",,CC1(F)CCC(C(=O)N[C@H]2CCN(C(=O)Cc3cccc(Cl)c3)C2)CC1,
10207,Cc1ccc(C(=O)N[C@H]2[C@@H]3CN(C(=O)c4ccc5c(c4)CCCC5=O)C[C@@H]32)s1,"5-methyl-N-((1R,5S,6s)-3-((5-oxo-5,6,7,8-tetrahydronaphthalen-2-yl)carbonyl)-3-azabicyclo[3.1.0]hexan-6-yl)thiophene-2-carboxamide",,Cc1ccc(C(=O)N[C@H]2[C@@H]3CN(C(=O)c4ccc5c(c4)CCCC5=O)C[C@@H]32)s1,
10219,Cc1nocc1C(=O)NC[C@]1(F)C[C@H](NC(=O)[C@@H]2Cc3ccccc3[C@H]2C)C1,"N-(((1R,3r)-1-fluoro-3-((1S,2R)-1-methyl-2,3-dihydro-1H-indene-2-carboxamido)cyclobutyl)methyl)-3-methyl-1,2-oxazole-4-carboxamide",,Cc1nocc1C(=O)NC[C@]1(F)C[C@H](NC(=O)C2Cc3ccccc3[C@H]2C)C1,
10257,C[C@@H](C(=O)N1C[C@H]2[C@H](CNC(=O)C3(C#N)CCS(=O)(=O)CC3)[C@H]2C1)c1ccsc1,"4-cyano-1,1-dioxo-N-(((1R,5S,6R)-3-((2R)-1-oxo-2-(thiophen-3-yl)propyl)-3-azabicyclo[3.1.0]hexan-6-yl)methyl)thiane-4-carboxamide",,CC(C(=O)N1C[C@@H]2[C@@H](CNC(=O)C3(C#N)CCS(=O)(=O)CC3)[C@@H]2C1)c1ccsc1,
10280,CP(C)(=O)[C@@H](O)C(=O)NC[C@H]1[C@@H]2CN(C(=O)c3ccc4ncnn4c3)C[C@H]12,"(2R)-2-(dimethyloxophosphanyl)-2-hydroxy-N-(((1R,5S,6r)-3-((1,7,9-triazabicyclo[4.3.0]nona-2,4,6,8-tetraen-3-yl)carbonyl)-3-azabicyclo[3.1.0]hexan-6-yl)methyl)acetamide",,CP(C)(=O)C(=O)C(O)NC[C@@H]1[C@H]2CN(C(=O)c3ccc4ncnn4c3)C[C@@H]12,
10503,O=C(N[C@]1(C(=O)NCC(F)(F)F)C[C@H](O)C1)C1CCCCC1,"N-((1s,3s)-3-hydroxy-1-((2,2,2-trifluoroethyl)carbamoyl)cyclobutyl)cyclohexanecarboxamide",,O=C(N[C@]1(C(=O)NCC(F)(F)F)C[C@H](O)C1)C1CCCCC1,
10570,C[C@H](CN(C)C(=O)c1ccc2cnnc(O)c2c1)NC(=O)[C@H]1C[C@@H]2C[C@@H]2C1,"N-((2R)-2-((1R,3s,5S)-bicyclo[3.1.0]hexane-3-carboxamido)propyl)-4-hydroxy-N-methylphthalazine-6-carboxamide",,C[C@H](CN(C)C(=O)c1ccc2cn[nH]c(=O)c2c1)NC(=O)C1C[C@@H]2C[C@@H]2C1,
10596,CC1(CC(=O)NC[C@H]2C[C@@H]3CC[C@H](C2)N3C(=O)c2cccc3c2CNC3=O)CC1,"2-(1-methylcyclopropyl)-N-(((1R,3s,5S)-8-((1-oxo-2,3-dihydro-1H-isoindol-4-yl)carbonyl)-8-azabicyclo[3.2.1]octan-3-yl)methyl)acetamide",,CC1(CC(=O)NC[C@@H]2C[C@H]3CC[C@@H](C2)N3C(=O)c2cccc3c2CNC3=O)CC1,
10645,CCOc1nc(C)ccc1C(=O)N(C)C[C@H]1[C@@H]2CN(C(=O)[C@](C)(O)COC)C[C@H]12,"2-ethoxy-N-(((1R,5S,6R)-3-((2R)-2-hydroxy-3-methoxy-2-methyl-propionyl)-3-azabicyclo[3.1.0]hexan-6-yl)methyl)-6,N-dimethylpyridine-3-carboxamide",,CCOc1nc(C)ccc1C(=O)N(C)C[C@@H]1[C@H]2CN(C(=O)[C@](C)(O)COC)C[C@@H]12,
10685,CC[C@H](CC(=O)N1C[C@H]2[C@H](NC(=O)c3cc(C4(C)CC4)on3)[C@H]2C1)CC(C)C,"N-((1R,5S,6R)-3-((3S)-3-ethyl-5-methyl-hexanoyl)-3-azabicyclo[3.1.0]hexan-6-yl)-5-(1-methylcyclopropyl)-1,2-oxazole-3-carboxamide",,CC[C@H](CC(=O)N1C[C@@H]2[C@H](C1)[C@H]2NC(=O)c1cc(C2(C)CC2)on1)CC(C)C,
10800,CC=CCCC(=O)N[C@H]1CCO[C@H](CNC(=O)[C@H]2C[C@H]3COC[C@H](C3)C2)C1,"N-((2S,4S)-2-(((1R,5S,7s)-3-oxabicyclo[3.3.1]nonane-7-carboxamido)methyl)oxan-4-yl)hex-4-enamide",,CC=CCCC(=O)N[C@H]1CCO[C@H](CNC(=O)C2C[C@H]3COC[C@@H](C2)C3)C1,
10877,C[C@@H](CS(C)(=O)=O)C(=O)N(C)[C@H]1[C@@H]2CN(C(=O)C(=O)c3cccn3C)C[C@@H]21,"(2R)-2,N-dimethyl-N-((1R,5S,6s)-3-(2-(1-methyl-1H-pyrrol-2-yl)-1,2-dioxoethyl)-3-azabicyclo[3.1.0]hexan-6-yl)-3-(methylsulfonyl)propanamide",,CC(CS(C)(=O)=O)C(=O)N(C)[C@H]1[C@@H]2CN(C(=O)C(=O)c3cccn3C)C[C@@H]21,
10973,CCOC(=O)[C@H]1C[C@](F)(C(=O)N2CC[C@@H]2CNC(=O)[C@@H](C)CSC)C1,"ethyl (1S,3s)-3-fluoro-3-(((2R)-2-(((2R)-2-methyl-3-(methylsulfanyl)propanamido)methyl)azetidin-1-yl)carbonyl)cyclobutanecarboxylate",,CCOC(=O)C1CC(F)(C(=O)N2CC[C@@H]2CNC(=O)C(C)CSC)C1,
10981,C[C@H](C(=O)N1CCO[C@]2(CC[C@@H](Nc3ncc([N+](=O)[O-])cn3)CC2)C1)C(C)(C)C,"(2S)-2,3,3-trimethyl-1-(9-((5-nitropyrimidin-2-yl)amino)-1-oxa-4-azaspiro[5.5]undecan-4-yl)butan-1-one",C[C@H](C(=O)N1CCOC2(C1)CCC(CC2)NC2=NC=C(C=N2)[N+](=O)[O-])C(C)(C)C,CC(C(=O)N1CCO[C@]2(CC[C@@H](Nc3ncc([N+](=O)[O-])cn3)CC2)C1)C(C)(C)C,CC(C(=O)N1CCOC2(CCC(Nc3ncc([N+](=O)[O-])cn3)CC2)C1)C(C)(C)C
11076,COC(=O)c1cnc(N2C[C@H]3[C@H](CNC(=O)CC4CC=CC4)[C@H]3C2)c(Cl)c1,"methyl 5-chloro-6-((1R,5S,6r)-6-((2-(cyclopent-3-en-1-yl)acetamido)methyl)-3-azabicyclo[3.1.0]hexan-3-yl)pyridine-3-carboxylate",,COC(=O)c1cnc(N2C[C@@H]3[C@@H](CNC(=O)CC4CC=CC4)[C@@H]3C2)c(Cl)c1,
11139,C[C@]1(NC(=O)c2ccc(OCC3CC3)cc2)C[C@@H](NC(=O)[C@H](F)CC2CC2)C1,"N-((1S,3s)-3-((2R)-3-cyclopropyl-2-fluoropropanamido)-1-methylcyclobutyl)-4-(cyclopropylmethoxy)benzamide",,C[C@]1(NC(=O)c2ccc(OCC3CC3)cc2)C[C@@H](NC(=O)C(F)CC2CC2)C1,
11266,CN(C[C@@H]1CCCN(C(=O)[C@H]2C[C@H]3[C@@H](C2)C3(C)C)C1)c1ccc(C(F)(F)F)nn1,"1-((1R,3s,5S)-6,6-dimethylbicyclo[3.1.0]hexan-3-yl)-1-((3S)-3-(((6-(trifluoromethyl)pyridazin-3-yl)(methyl)amino)methyl)piperidin-1-yl)methanone",,CN(C[C@@H]1CCCN(C(=O)C2C[C@@H]3[C@H](C2)C3(C)C)C1)c1ccc(C(F)(F)F)nn1,
11341,CCO[C@@H]1CN(C(=O)C=CCO)C[C@H]1CNC(=O)[C@H]1C[C@@](F)(CO)C1,"(1r,3R)-N-(((3R,4S)-4-ethoxy-1-(4-hydroxy-1-oxobut-2-en-1-yl)pyrrolidin-3-yl)methyl)-3-fluoro-3-(hydroxymethyl)cyclobutanecarboxamide",,CCO[C@@H]1CN(C(=O)C=CCO)C[C@H]1CNC(=O)C1CC(F)(CO)C1,
11416,C[C@]1(NC(=O)Cc2cnccn2)C[C@H](NC(=O)c2coc(S(N)(=O)=O)c2)C1,"N-((1r,3r)-1-methyl-3-(5-(sulfamoyl)furan-3-carboxamido)cyclobutyl)-2-(pyrazin-2-yl)acetamide",,C[C@]1(NC(=O)Cc2cnccn2)C[C@H](NC(=O)c2coc(S(N)(=O)=O)c2)C1,
11422,C[C@H](C(=O)N1CC[C@H](C(F)F)C1)C1CCN(C(=O)[C@@H]2[C@H]3CCCC[C@H]32)CC1,"(2S)-2-(1-(((1R,6S,7r)-bicyclo[4.1.0]heptan-7-yl)carbonyl)piperidin-4-yl)-1-((3S)-3-(difluoromethyl)pyrrolidin-1-yl)propan-1-one",,CC(C(=O)N1CC[C@H](C(F)F)C1)C1CCN(C(=O)C2[C@H]3CCCC[C@@H]23)CC1,
11452,C[C@]1(NC(=O)c2cc(O)cc(C(F)(F)F)c2)C[C@H](NC(=O)[C@@H]2C[C@@H]2Cl)C1,"N-((1S,3r)-3-((1S,2S)-2-chlorocyclopropanecarboxamido)-1-methylcyclobutyl)-3-hydroxy-5-(trifluoromethyl)benzamide",,C[C@]1(NC(=O)c2cc(O)cc(C(F)(F)F)c2)C[C@H](NC(=O)C2C[C@@H]2Cl)C1,
11463,CC(C)(C(=O)NC[C@H]1[C@@H]2CN(C(=O)CCC(C)(C)[N+](=O)[O-])C[C@H]12)c1cnco1,"2-methyl-N-(((1R,5S,6r)-3-(4-methyl-4-nitro-pentanoyl)-3-azabicyclo[3.1.0]hexan-6-yl)methyl)-2-(1,3-oxazol-5-yl)propanamide",,CC(C)(C(=O)NC[C@@H]1[C@H]2CN(C(=O)CCC(C)(C)[N+](=O)[O-])C[C@@H]12)c1cnco1,
11508,CSc1cccnc1C(=O)N1CC[C@H](C(F)(F)F)[C@@H](NC(=O)[C@@H]2[C@H]3CCC[C@H]32)C1,"(1R,5S,6r)-N-((3R,4S)-1-((3-(methylsulfanyl)pyridin-2-yl)carbonyl)-4-(trifluoromethyl)piperidin-3-yl)bicyclo[3.1.0]hexane-6-carboxamide",,CSc1cccnc1C(=O)N1CC[C@H](C(F)(F)F)[C@@H](NC(=O)C2[C@H]3CCC[C@@H]23)C1,
11522,CC[C@@]1(C(=O)N2[C@@H]3COC[C@H]2C[C@@H](NC(=O)Cn2ccnn2)C3)CCCO1,"N-((1R,5S,7R)-9-(((2S)-2-ethyloxolan-2-yl)carbonyl)-3-oxa-9-azabicyclo[3.3.1]nonan-7-yl)-2-(1H-1,2,3-triazol-1-yl)acetamide",,CC[C@@]1(C(=O)N2[C@@H]3COC[C@H]2C[C@@H](NC(=O)Cn2ccnn2)C3)CCCO1,
11551,CCC(CC)CCC(=O)N1[C@H]2CC[C@@H]1C[C@@H](NC(=O)[C@@H](CC)NC(C)=O)C2,"(2R)-2-acetamido-N-((1R,3s,5S)-8-(4-ethyl-hexanoyl)-8-azabicyclo[3.2.1]octan-3-yl)butanamide",,CCC(CC)CCC(=O)N1[C@@H]2CC[C@H]1C[C@H](NC(=O)C(CC)NC(C)=O)C2,
11602,C#CCN(C)C/C=C/C(=O)N1C[C@H]2[C@H](CNC(=O)[C@@H](CCC)OCC)[C@H]2C1,"(2R)-2-ethoxy-N-(((1R,5S,6r)-3-((2E)-1-oxo-4-((prop-2-yn-1-yl)(methyl)amino)but-2-en-1-yl)-3-azabicyclo[3.1.0]hexan-6-yl)methyl)pentanamide",,C#CCN(C)C/C=C/C(=O)N1C[C@@H]2[C@@H](CNC(=O)C(CCC)OCC)[C@@H]2C1,
11670,COCC1(CNC(=O)[C@H]2C[C@@](C)(NC(=O)[C@H]3CCOCC3(C)C)C2)CC1,"(4S)-N-((1s,3R)-3-(((1-(methoxymethyl)cyclopropyl)methyl)carbamoyl)-1-methylcyclobutyl)-3,3-dimethyloxane-4-carboxamide",,COCC1(CNC(=O)C2CC(C)(NC(=O)C3CCOCC3(C)C)C2)CC1,
11696,CN(C(=O)Cc1cncs1)[C@H]1CN(C(=O)[C@@H]2C[C@@H]3C[C@@H]3C2)CC12CC2,"N-((7R)-5-(((1R,3r,5S)-bicyclo[3.1.0]hexan-3-yl)carbonyl)-5-azaspiro[2.4]heptan-7-yl)-N-methyl-2-(1,3-thiazol-5-yl)acetamide",,CN(C(=O)Cc1cncs1)[C@H]1CN(C(=O)C2C[C@@H]3C[C@@H]3C2)CC12CC2,
11765,CN(CC(=O)N1[C@H]2CC[C@@H]1C[C@@H](NC(=O)c1csc(Cl)n1)C2)S(N)(=O)=O,"2-chloro-N-((1R,3s,5S)-8-(2-((sulfamoyl)(methyl)amino)-acetyl)-8-azabicyclo[3.2.1]octan-3-yl)-1,3-thiazole-4-carboxamide",,CN(CC(=O)N1[C@@H]2CC[C@H]1C[C@H](NC(=O)c1csc(Cl)n1)C2)S(N)(=O)=O,
11826,Cc1[nH]c(C#N)cc1C(=O)NC[C@]1(F)C[C@H](NC(=O)c2cnn3ccccc23)C1,"N-((1r,3r)-3-((5-cyano-2-methyl-1H-pyrrole-3-carboxamido)methyl)-3-fluorocyclobutyl)pyrazolo[1,5-a]pyridine-3-carboxamide",,Cc1[nH]c(C#N)cc1C(=O)NC[C@]1(F)C[C@H](NC(=O)c2cnn3ccccc23)C1,
11838,Cn1nccc1C(=O)N[C@H]1C[C@](F)(CNC(=O)[C@H]2CCn3c(O)nnc3C2)C1,"(7S)-N-(((1s,3R)-1-fluoro-3-(1-methyl-1H-pyrazole-5-carboxamido)cyclobutyl)methyl)-3-hydroxy-5,6,7,8-tetrahydro[1,2,4]triazolo[4,3-a]pyridine-7-carboxamide",,Cn1nccc1C(=O)N[C@H]1C[C@](F)(CNC(=O)C2CCn3c(n[nH]c3=O)C2)C1,
11924,C#CC[C@]1(O)C[C@@H](C(=O)N[C@@H]2CCN(C(=O)c3csc(=NC)[nH]3)C[C@H]2O)C1,"(1s,3S)-3-hydroxy-N-((3R,4R)-3-hydroxy-1-((2-(methylimino)-3H-1,3-thiazol-4-yl)carbonyl)piperidin-4-yl)-3-(prop-2-yn-1-yl)cyclobutanecarboxamide",,C#CCC1(O)CC(C(=O)N[C@@H]2CCN(C(=O)c3csc(NC)n3)C[C@H]2O)C1,
11938,C[C@H](CN(C)C(=O)[C@@H]1[C@H]2CCCCCC[C@H]21)NC(=O)CCS(N)(=O)=O,"(1R,8S,9r)-N-methyl-N-((2R)-2-(3-(sulfamoyl)propanamido)propyl)bicyclo[6.1.0]nonane-9-carboxamide",,C[C@H](CN(C)C(=O)C1[C@H]2CCCCCC[C@@H]12)NC(=O)CCS(N)(=O)=O,
11961,CC(C)[C@@H](CCNC(=O)[C@H]1C[C@@H]2CC[C@@H]2C1)NC(=O)c1ccn2c1CSCC2,"N-((3R)-1-((1R,3s,5S)-bicyclo[3.2.0]heptane-3-carboxamido)-4-methylpentan-3-yl)-3-thia-6-azabicyclo[4.3.0]nona-1(9),7-diene-9-carboxamide",,CC(C)[C@@H](CCNC(=O)C1C[C@H]2CC[C@H]2C1)NC(=O)c1ccn2c1CSCC2,
11977,C=CCC[C@H](NC(=O)C[C@H]1CCCC[C@H]1NC(=O)[C@@H]1[C@H]2CCCC[C@H]21)C(=O)OC,"methyl (2S)-2-(2-((1R,2R)-2-((1R,6S,7r)-bicyclo[4.1.0]heptane-7-carboxamido)cyclohexyl)acetamido)hex-5-enoate",,C=CCCC(NC(=O)C[C@H]1CCCC[C@H]1NC(=O)C1[C@H]2CCCC[C@@H]12)C(=O)OC,
12026,CC(C)[C@H](C#N)C(=O)N[C@]1(C(=O)NC[C@]2(O)CCO[C@@H]2C)C[C@H](O)C1,"(2R)-2-cyano-N-((1s,3S)-3-hydroxy-1-((((2R,3R)-3-hydroxy-2-methyloxolan-3-yl)methyl)carbamoyl)cyclobutyl)-3-methylbutanamide",,CC(C)C(C#N)C(=O)N[C@]1(C(=O)NC[C@]2(O)CCO[C@@H]2C)C[C@H](O)C1,
12063,CSC(C)(C)C(=O)N[C@H]1C[C@@](F)(CNC(=O)c2nn(CC(F)F)cc2[N+](=O)[O-])C1,"N-((1r,3r)-3-((1-(2,2-difluoroethyl)-4-nitro-1H-pyrazole-3-carboxamido)methyl)-3-fluorocyclobutyl)-2-methyl-2-(methylsulfanyl)propanamide",,CSC(C)(C)C(=O)N[C@H]1C[C@@](F)(CNC(=O)c2nn(CC(F)F)cc2[N+](=O)[O-])C1,
12066,O=C(N[C@H]1[C@@H]2CN(C(=O)Cc3cnn4ccccc34)C[C@@H]21)[C@@H]1C[C@H]1F,"(1S,2R)-2-fluoro-N-((1R,5S,6s)-3-(1-oxo-2-(pyrazolo[1,5-a]pyridin-3-yl)ethyl)-3-azabicyclo[3.1.0]hexan-6-yl)cyclopropanecarboxamide",,O=C(N[C@H]1[C@@H]2CN(C(=O)Cc3cnn4ccccc34)C[C@@H]21)C1C[C@H]1F,
12074,CCC(CC)(C(=O)O)C(=O)N1C[C@@H]2CC[C@H](C1)[C@H]2NCc1cccc(C)c1Cl,"2-(((1R,5S,8s)-8-(((2-chloro-3-methylphenyl)methyl)amino)-3-azabicyclo[3.2.1]octan-3-yl)carbonyl)-2-ethylbutanoic acid",,CCC(CC)(C(=O)O)C(=O)N1C[C@H]2CC[C@@H](C1)[C@@H]2NCc1cccc(C)c1Cl,
12194,C#CC[C@@]1(C(=O)N[C@H]2C[C@@H]3CC[C@H](C2)N3C(=O)C(=O)C(C)(C)C)CCOC1,"(3R)-N-((1R,3s,5S)-8-(3,3-dimethyl-1,2-dioxobutyl)-8-azabicyclo[3.2.1]octan-3-yl)-3-(prop-2-yn-1-yl)oxolane-3-carboxamide",,C#CC[C@@]1(C(=O)N[C@@H]2C[C@H]3CC[C@@H](C2)N3C(=O)C(=O)C(C)(C)C)CCOC1,
12229,CC(=Cc1ccco1)C(=O)N(C)[C@H]1[C@@H]2CN(C(=O)C[C@@H]3COC(C)(C)CO3)C[C@@H]21,"N-((1R,5S,6S)-3-(2-((2R)-5,5-dimethyl-1,4-dioxan-2-yl)-acetyl)-3-azabicyclo[3.1.0]hexan-6-yl)-3-(furan-2-yl)-2,N-dimethylprop-2-enamide",,CC(=Cc1ccco1)C(=O)N(C)[C@H]1[C@@H]2CN(C(=O)C[C@@H]3COC(C)(C)CO3)C[C@@H]21,
12266,CCOCCOCCC(=O)N1C[C@H]2C[C@H](NC(=O)C3CC4(CC(O)C4)C3)C[C@H]2C1,"N-((1R,5S,7s)-3-(3-((2-ethoxyethyl)oxy)-propionyl)-3-azabicyclo[3.3.0]octan-7-yl)-6-hydroxyspiro[3.3]heptane-2-carboxamide",,CCOCCOCCC(=O)N1C[C@H]2C[C@H](NC(=O)C3CC4(CC(O)C4)C3)C[C@H]2C1,
12281,Cn1cnc2c1CCN(C(=O)c1ccc(Cl)o1)[C@]21CCN(C(=O)[C@H]2CC2(C)C)C1,"1-(5-chlorofuran-2-yl)-1-((2S)-7-methylspiro[3,7,9-triazabicyclo[4.3.0]nona-1(6),8-diene-2,3'-(1-((3S)-1-azacyclopentan-1-yl)-1-((1S)-2,2-dimethylcyclopropyl)methanone)]-3-yl)methanone",,Cn1cnc2c1CCN(C(=O)c1ccc(Cl)o1)[C@]21CCN(C(=O)C2CC2(C)C)C1,
12282,CN1CCC(CNC(=O)[C@H]2CCN(C(=O)[C@H]3C[C@@H]4CC[C@@H]4C3)C23CCC3)CC1,"(8S)-5-(((1R,3s,5S)-bicyclo[3.2.0]heptan-3-yl)carbonyl)-N-((1-methylpiperidin-4-yl)methyl)-5-azaspiro[3.4]octane-8-carboxamide",,CN1CCC(CNC(=O)C2CCN(C(=O)C3C[C@H]4CC[C@H]4C3)C23CCC3)CC1,
12311,C[C@@H]1[C@H](C(=O)N[C@@H]2CCCN(C(=O)c3cncc4ccc(F)cc34)CC2)[C@@H]1C,"(1s,2R,3S)-N-((4R)-1-((6-fluoroisoquinolin-4-yl)carbonyl)azepan-4-yl)-2,3-dimethylcyclopropanecarboxamide",,C[C@@H]1C(C(=O)N[C@@H]2CCCN(C(=O)c3cncc4ccc(F)cc34)CC2)[C@@H]1C,
12380,CC(C)C[C@@H]1C[C@H]1C(=O)N(C)CCCN(C)C(=O)[C@H]1C[C@@H]2CC[C@H](C1)O2,"(1R,3s,5S)-N-methyl-N-(3-(N-methyl(1R,2R)-2-(2-methylpropyl)cyclopropanecarboxamido)propyl)-8-oxabicyclo[3.2.1]octane-3-carboxamide",,CC(C)C[C@@H]1CC1C(=O)N(C)CCCN(C)C(=O)C1C[C@H]2CC[C@@H](C1)O2,
12381,CCn1ccc(C(=O)N2C[C@@H]3C[C@H]2[C@H](N(C)C(=O)[C@H]2C[C@H]4[C@@H](C2)C4(F)F)C3)c1C,"(1R,3s,5S)-N-((1S,4S,6R)-2-((1-ethyl-2-methyl-1H-pyrrol-3-yl)carbonyl)-2-azabicyclo[2.2.1]heptan-6-yl)-6,6-difluoro-N-methylbicyclo[3.1.0]hexane-3-carboxamide",,CCn1ccc(C(=O)N2C[C@H]3C[C@@H](N(C)C(=O)C4C[C@@H]5[C@H](C4)C5(F)F)[C@@H]2C3)c1C,
12390,CS(=O)(=O)NCCC(=O)N[C@H]1CC2(CN(C(=O)[C@@H](C#N)C3CC3)C2)n2ccnc21,"3-methylsulfonylamino-N-((6S)-spiro[1,4-diazabicyclo[3.3.0]octa-2,4-diene-8,3'-((2R)-3-(1-azacyclobutan-1-yl)-2cyclopropyl-3-oxopropionitrile)]-6-yl)propanamide",,CS(=O)(=O)NCCC(=O)N[C@H]1CC2(CN(C(=O)C(C#N)C3CC3)C2)n2ccnc21,
12411,O=C(N[C@H]1C[C@@H]2C[C@H]1N(C(=O)C[C@@H]1C[C@H]3C[C@H]3C1)C2)c1ccc2nccnc2n1,"N-((1R,4R,6S)-2-(2-((1R,3s,5S)-bicyclo[3.1.0]hexan-3-yl)-acetyl)-2-azabicyclo[2.2.1]heptan-6-yl)pyrido[2,3-b]pyrazine-6-carboxamide",,O=C(N[C@H]1C[C@@H]2C[C@H]1N(C(=O)C[C@H]1C[C@@H]3C[C@@H]3C1)C2)c1ccc2nccnc2n1,
12435,CCS(=O)(=O)c1ccc(NC(=O)N[C@H]2C[C@H](O)[C@H](O)C2)cc1,"1-(((1s,3R,4S)-3,4-dihydroxycyclopentyl)amino)-N-(4-(ethylsulfonyl)phenyl)formamide",,CCS(=O)(=O)c1ccc(NC(=O)N[C@@H]2C[C@@H](O)[C@@H](O)C2)cc1,
12468,Cc1c(Br)cnn1CC(=O)N1[C@H]2CC[C@@H]1C[C@@H](N(C)C(=O)[C@@H]1CC13CCC3)C2,"(1R)-N-((1R,3s,5S)-8-(2-(4-bromo-5-methyl-1H-pyrazol-1-yl)-acetyl)-8-azabicyclo[3.2.1]octan-3-yl)-N-methylspiro[2.3]hexane-1-carboxamide",,Cc1c(Br)cnn1CC(=O)N1[C@@H]2CC[C@H]1C[C@H](N(C)C(=O)C1CC13CCC3)C2,
12483,C[C@]1(NC(=O)c2cncc3[nH]ccc23)C[C@H](NC(=O)c2n[nH]c3cccnc23)C1,"N-((1r,3r)-3-(3,9-diazabicyclo[4.3.0]nona-1,3,5,7-tetraene-5-carboxamido)-3-methylcyclobutyl)-2,7,8-triazabicyclo[4.3.0]nona-1,3,5,8-tetraene-9-carboxamide",,C[C@]1(NC(=O)c2cncc3[nH]ccc23)C[C@H](NC(=O)c2[nH]nc3cccnc23)C1,
12498,C[C@@H]1CC[C@H](CNC(=O)C#CC(=O)N(C)C)CN1C(=O)[C@H]1C[C@@](F)(CO)C1,"N-(((3R,6R)-1-(((1r,3R)-3-fluoro-3-(hydroxymethyl)cyclobutyl)carbonyl)-6-methylpiperidin-3-yl)methyl)-N',N'-dimethylbut-2-ynediamide",,C[C@@H]1CC[C@H](CNC(=O)C#CC(=O)N(C)C)CN1C(=O)C1CC(F)(CO)C1,
12506,Cc1nc(C(=O)N2C[C@H](F)[C@H](NC(=O)[C@H]3C[C@@H]4CC[C@@H]4C3)C2)ccc1[N+](=O)[O-],"(1R,3s,5S)-N-((3R,4S)-4-fluoro-1-((6-methyl-5-nitropyridin-2-yl)carbonyl)pyrrolidin-3-yl)bicyclo[3.2.0]heptane-3-carboxamide",,Cc1nc(C(=O)N2C[C@H](F)[C@H](NC(=O)C3C[C@H]4CC[C@H]4C3)C2)ccc1[N+](=O)[O-],
12519,O=C(c1cncc(Cl)c1)N1[C@H]2CC[C@@H]1C[C@@H](NC(=O)[C@@]13CC[C@H]1C3)C2,"(1R,4S)-N-((1R,3s,5S)-8-((5-chloropyridin-3-yl)carbonyl)-8-azabicyclo[3.2.1]octan-3-yl)bicyclo[2.1.0]pentane-1-carboxamide",,O=C(c1cncc(Cl)c1)N1[C@@H]2CC[C@H]1C[C@H](NC(=O)[C@@]13CC[C@H]1C3)C2,
12524,CCNC(=O)[C@H](c1csc2ccc(C)cc12)N1C[C@@H]2C[C@H](CO)C[C@@H](C2)C1,"(2S)-N-ethyl-2-((1R,5S,7R)-7-(hydroxymethyl)-3-azabicyclo[3.3.1]nonan-3-yl)-2-(5-methyl-1-benzothiophen-3-yl)acetamide",,CCNC(=O)C(c1csc2ccc(C)cc12)N1C[C@@H]2C[C@H](CO)C[C@@H](C2)C1,
12569,CC[C@@H](C(=O)N1[C@H]2CC[C@@H]1C[C@@H](NC(=O)c1cncnc1)C2)N(C)C,"N-((1R,3R,5S)-8-((2S)-2-(dimethylamino)-butyryl)-8-azabicyclo[3.2.1]octan-3-yl)pyrimidine-5-carboxamide",,CCC(C(=O)N1[C@@H]2CC[C@H]1C[C@H](NC(=O)c1cncnc1)C2)N(C)C,
12645,Cc1nn(C)c(=O)c(C(=O)NC[C@]2(F)CCN(C(=O)[C@@]3(C)C[C@@H]4C[C@@H]4C3)C2)c1C,"N-(((3R)-3-fluoro-1-(((1R,3s,5S)-3-methylbicyclo[3.1.0]hexan-3-yl)carbonyl)pyrrolidin-3-yl)methyl)-2,5,6-trimethyl-3-oxo-2H-pyridazine-4-carboxamide",,Cc1nn(C)c(=O)c(C(=O)NC[C@]2(F)CCN(C(=O)[C@]3(C)C[C@H]4C[C@H]4C3)C2)c1C,
12702,C[C@@H]1COC[C@@H](C(=O)N[C@]2(C)C[C@H](NC(=O)Cc3cccn3C)C2)O1,"(2S,6R)-6-methyl-N-((1s,3R)-1-methyl-3-(2-(1-methyl-1H-pyrrol-2-yl)acetamido)cyclobutyl)-1,4-dioxane-2-carboxamide",,C[C@@H]1COCC(C(=O)N[C@]2(C)C[C@H](NC(=O)Cc3cccn3C)C2)O1,
12715,CN1C(=O)CC[C@@H]1C(=O)N1C[C@H]2[C@H](CC(=O)N3CCC[C@H]3C3CC3)[C@H]2C1,"(5R)-5-(((1R,5S,6S)-6-(2-((2S)-2-cyclopropylpyrrolidin-1-yl)-2-oxoethyl)-3-azabicyclo[3.1.0]hexan-3-yl)carbonyl)-1-methylpyrrolidin-2-one",,CN1C(=O)CCC1C(=O)N1C[C@@H]2[C@@H](CC(=O)N3CCC[C@H]3C3CC3)[C@@H]2C1,
12751,C[C@H](CN(C)C(=O)C1=CNC2=NCCC2=C1)NC(=O)[C@@H]1COc2ccccc2O1,"N-((2R)-2-((2S)-2,3-dihydro-1,4-benzodioxine-2-carboxamido)propyl)-N-methyl-3,7-dihydro-1H-pyrrolo[2,3-b]pyridine-5-carboxamide",O1[C@@H](COC2=C1C=CC=C2)C(=O)N[C@@H](CN(C(=O)C2=CC1=C(NC2)NCC1)C)C,C[C@H](CN(C)C(=O)c1cnc2c(c1)CCN2)NC(=O)C1COc2ccccc2O1,C[C@H](CN(C)C(=O)C1=CC2CCN=C2NC1)NC(=O)C1COc2ccccc2O1
12771,CCN(CC)c1ccc(C(=O)NC[C@H]2C[C@@](F)(CNC(=O)[C@H]3CCO3)C2)cn1,"6-(diethylamino)-N-(((1R,3r)-3-fluoro-3-(((2R)-oxetane-2-carboxamido)methyl)cyclobutyl)methyl)pyridine-3-carboxamide",,CCN(CC)c1ccc(C(=O)NC[C@H]2C[C@@](F)(CNC(=O)C3CCO3)C2)cn1,
12793,C[C@H](CNC(=O)C1=CCCSC1)NC(=O)[C@@H]1[C@H]2COC(C)(C)OC[C@H]21,"(1R,7S,8r)-N-((2R)-1-(5,6-dihydro-2H-thiopyran-3-carboxamido)propan-2-yl)-4,4-dimethyl-3,5-dioxabicyclo[5.1.0]octane-8-carboxamide",,C[C@H](CNC(=O)C1=CCCSC1)NC(=O)C1[C@H]2COC(C)(C)OC[C@@H]12,
12839,C=CCOCC(=O)N1CC(C)(C)[C@@H]1C1CCN(C(=O)[C@H]2C[C@@H]3C[C@@H]3C2)CC1,"1-((2S)-2-(1-(((1R,3s,5S)-bicyclo[3.1.0]hexan-3-yl)carbonyl)piperidin-4-yl)-3,3-dimethylazetidin-1-yl)-2-((prop-2-en-1-yl)oxy)ethan-1-one",,C=CCOCC(=O)N1CC(C)(C)[C@@H]1C1CCN(C(=O)C2C[C@@H]3C[C@@H]3C2)CC1,
12864,CCCC(=O)NC(CC)(CC)CCNC(=O)[C@H]1[C@@H]2CS(=O)(=O)C[C@@H]21,"N-(1-((1R,5S,6s)-3,3-dioxo-3lambda^6-thiabicyclo[3.1.0]hexane-6-carboxamido)-3-ethylpentan-3-yl)butanamide",,CCCC(=O)NC(CC)(CC)CCNC(=O)C1[C@H]2CS(=O)(=O)C[C@@H]12,
13060,CSCC1(C(=O)NCCC2CC(C(=O)N[C@@H]3C[C@H](O)[C@H](O)C3)C2)CCC1,"N-(2-(3-(((1r,3R,4S)-3,4-dihydroxycyclopentyl)carbamoyl)cyclobutyl)ethyl)-1-((methylsulfanyl)methyl)cyclobutanecarboxamide",,CSCC1(C(=O)NCCC2CC(C(=O)N[C@H]3C[C@@H](O)[C@@H](O)C3)C2)CCC1,
13160,CCn1nc(C)cc1C(=O)N1CCC[C@H](NC(=O)[C@H]2C[C@@H]3CC[C@@H]3C2)C1,"(1R,3s,5S)-N-((3S)-1-((1-ethyl-3-methyl-1H-pyrazol-5-yl)carbonyl)piperidin-3-yl)bicyclo[3.2.0]heptane-3-carboxamide",,CCn1nc(C)cc1C(=O)N1CCC[C@H](NC(=O)C2C[C@H]3CC[C@H]3C2)C1,
13182,C[C@H]1CC[C@@H](CNC(=O)c2ccc3nncn3c2)N(C(=O)[C@H]2C[C@](C)(F)C2)C1,"N-(((2S,5S)-1-(((1r,3S)-3-fluoro-3-methylcyclobutyl)carbonyl)-5-methylpiperidin-2-yl)methyl)[1,2,4]triazolo[4,3-a]pyridine-6-carboxamide",,C[C@H]1CC[C@@H](CNC(=O)c2ccc3nncn3c2)N(C(=O)C2CC(C)(F)C2)C1,
13187,C[C@H]1OCCO[C@H]1C(=O)N1C[C@H]2[C@@H](C1)[C@@H]2C(=O)N[C@@H]1[C@H]2CC[C@H]3[C@@H](C2)C[C@H]31,"(1R,5S,6R)-3-(((2R,3R)-3-methyl-1,4-dioxan-2-yl)carbonyl)-N-((1S,2S,5S,6R,7R)-tricyclo[3.3.1.0^{2,7}]nonan-6-yl)-3-azabicyclo[3.1.0]hexane-6-carboxamide",,C[C@H]1OCCOC1C(=O)N1C[C@@H]2C(C(=O)N[C@@H]3[C@H]4CC[C@H]5[C@@H](C4)C[C@H]53)[C@@H]2C1,
13249,CCc1cc(C(=O)N2C[C@H]3[C@H](CN(C)C(=O)CCCC4CC4)[C@H]3C2)ccc1C,"4-cyclopropyl-N-(((1R,5S,6r)-3-((3-ethyl-4-methylphenyl)carbonyl)-3-azabicyclo[3.1.0]hexan-6-yl)methyl)-N-methylbutanamide",,CCc1cc(C(=O)N2C[C@@H]3[C@@H](CN(C)C(=O)CCCC4CC4)[C@@H]3C2)ccc1C,
13263,O=C(NC[C@H]1CC[C@H](CNC(=O)[C@@H]2[C@H]3CCC[C@H]32)CC1)c1c(F)ccc(O)c1O,"(1R,5S,6r)-N-((trans-4-((6-fluoro-2,3-dihydroxybenzamido)methyl)cyclohexyl)methyl)bicyclo[3.1.0]hexane-6-carboxamide",,O=C(NC[C@H]1CC[C@H](CNC(=O)C2[C@H]3CCC[C@@H]23)CC1)c1c(F)ccc(O)c1O,
13295,CN1CCN(C(=O)[C@@H]2C[C@@H]3CC[C@@H]3C2)[C@@H](C(=O)NCCCS(C)(=O)=O)C1,"(2R)-1-(((1R,3r,5S)-bicyclo[3.2.0]heptan-3-yl)carbonyl)-4-methyl-N-(3-(methylsulfonyl)propyl)piperazine-2-carboxamide",,CN1CCN(C(=O)C2C[C@H]3CC[C@H]3C2)C(C(=O)NCCCS(C)(=O)=O)C1,
13306,COCCO[C@H](C)C(=O)N[C@H]1C[C@@](C)(NC(=O)c2cncc(N)c2)C1,"(2R)-N-((1s,3S)-3-(5-aminopyridine-3-carboxamido)-3-methylcyclobutyl)-2-((2-methoxyethyl)oxy)propanamide",,COCCOC(C)C(=O)N[C@H]1C[C@@](C)(NC(=O)c2cncc(N)c2)C1,
13314,CC(C)=CCCC(=O)N[C@H]1C[C@@H]2CC[C@H](C1)N2C(=O)[C@@H]1C2CCN(CC2)S1(=O)=O,"N-((1R,3R,5S)-8-(((3S)-2,2-dioxo-2lambda^6-thia-1-azabicyclo[2.2.2]octan-3-yl)carbonyl)-8-azabicyclo[3.2.1]octan-3-yl)-5-methylhex-4-enamide",,CC(C)=CCCC(=O)N[C@@H]1C[C@H]2CC[C@@H](C1)N2C(=O)C1C2CCN(CC2)S1(=O)=O,
13326,O=C1O[C@@H](C(=O)N[C@H]2C[C@@](F)(CNC(=O)[C@@H]3[C@H]4CCCC[C@H]43)C2)c2ccccc21,"(1R)-N-((1r,3R)-3-(((1R,6S,7r)-bicyclo[4.1.0]heptane-7-carboxamido)methyl)-3-fluorocyclobutyl)-3-oxo-1,3-dihydro-2-benzofuran-1-carboxamide",,O=C(N[C@H]1C[C@@](F)(CNC(=O)C2[C@H]3CCCC[C@@H]23)C1)c1oc(O)c2ccccc12,
13337,CSCC[C@H](NC=O)C(=O)N1CCC[C@H]1CN(C)C(=O)[C@]1(C)C[C@@H](C#N)C1,N-((2S)-1-((2S)-2-((N-methyl-3-cyano-1-methylcyclobutanecarboxamido)methyl)pyrrolidin-1-yl)-4-(methylsulfanyl)-1-oxobutan-2-yl)formamide,CN(C(=O)C1(CC(C1)C#N)C)C[C@H]1N(CCC1)C([C@H](CCSC)NC=O)=O,CSCCC(NC=O)C(=O)N1CCC[C@H]1CN(C)C(=O)[C@]1(C)C[C@@H](C#N)C1,CSCCC(NC=O)C(=O)N1CCC[C@H]1CN(C)C(=O)C1(C)CC(C#N)C1
13448,O=C(N[C@H]1CCN(C(=O)Cn2cc(Cl)cn2)C1)[C@@H]1[C@H]2CC[C@H]21,"(1R,4S,5r)-N-((3S)-1-(2-(4-chloro-1H-pyrazol-1-yl)-acetyl)pyrrolidin-3-yl)bicyclo[2.1.0]pentane-5-carboxamide",,O=C(N[C@H]1CCN(C(=O)Cn2cc(Cl)cn2)C1)C1[C@H]2CC[C@@H]12,
13561,C#CCOCCC(=O)N1CC[C@H](CCC(=O)NC[C@@]2(C)C[C@@H]3C[C@@H]3C2)C1,"N-(((1R,3s,5S)-3-methylbicyclo[3.1.0]hexan-3-yl)methyl)-3-((3S)-1-(1-oxo-3-((prop-2-yn-1-yl)oxy)propyl)pyrrolidin-3-yl)propanamide",,C#CCOCCC(=O)N1CC[C@H](CCC(=O)NC[C@]2(C)C[C@H]3C[C@H]3C2)C1,
13635,CCC[C@@H]1C[C@H]1C(=O)NCC(C)(C)CC1CN(C(=O)[C@@]2(C)C[C@@H]3C[C@@H]3C2)C1,"(1R,2R)-N-(2,2-dimethyl-3-(1-(((1R,3s,5S)-3-methylbicyclo[3.1.0]hexan-3-yl)carbonyl)azetidin-3-yl)propyl)-2-propylcyclopropanecarboxamide",,CCC[C@@H]1CC1C(=O)NCC(C)(C)CC1CN(C(=O)[C@]2(C)C[C@H]3C[C@H]3C2)C1,
13671,C#C[C@]1(O)C[C@@H](C(=O)NC[C@H](CC(C)C)C(=O)N2CC[C@H](N=[N+]=[N-])C2)C1,"(1s,3R)-N-((2S)-2-(((3S)-3-azidopyrrolidin-1-yl)carbonyl)-4-methylpentyl)-3-(ethynyl)-3-hydroxycyclobutanecarboxamide",,C#CC1(O)CC(C(=O)NCC(CC(C)C)C(=O)N2CC[C@H](N=[N+]=[N-])C2)C1,
13672,Cc1ncoc1CN(C)c1ccc(Br)c(S(=O)(=O)N2C[C@H]3C[C@@H](O)C[C@H]3C2)n1,"(1R,5S,7r)-3-(3-bromo-6-(((4-methyl-1,3-oxazol-5-yl)methyl)(methyl)amino)pyridin-2-ylsulfonyl)-3-azabicyclo[3.3.0]octan-7-ol",,Cc1ncoc1CN(C)c1ccc(Br)c(S(=O)(=O)N2C[C@H]3C[C@@H](O)C[C@H]3C2)n1,
13686,CCO[C@H]1C[C@@H](N[C@@H](c2nnnn2Cc2ccco2)[C@@H]2[C@H]3CC=CC[C@H]32)C1,"cis-N-((1R)-((1R,6S,7r)-bicyclo[4.1.0]hept-3-en-7-yl)(1-((furan-2-yl)methyl)-1H-tetrazol-5-yl)methyl)-3-ethoxycyclobutanamine",,CCO[C@H]1C[C@@H](N[C@@H](c2nnnn2Cc2ccco2)[C@H]2[C@@H]3CC=CC[C@@H]32)C1,
13716,C=C[C@H](C)CC(=O)N1[C@H]2CC[C@@H]1C[C@H](NC(=O)c1cncnc1)C2,"N-((1R,3R,5S)-8-((3R)-3-methyl-1-oxopent-4-en-1-yl)-8-azabicyclo[3.2.1]octan-3-yl)pyrimidine-5-carboxamide",,C=C[C@H](C)CC(=O)N1[C@@H]2CC[C@H]1C[C@@H](NC(=O)c1cncnc1)C2,
13807,O=C(Cc1cncc(F)c1)NC[C@@H]1C[C@@H]2CC[C@H](C1)N2C(=O)[C@@H]1C[C@H]1[N+](=O)[O-],"2-(5-fluoropyridin-3-yl)-N-(((1R,3R,5S)-8-(((1R,2R)-2-nitrocyclopropyl)carbonyl)-8-azabicyclo[3.2.1]octan-3-yl)methyl)acetamide",,O=C(Cc1cncc(F)c1)NC[C@H]1C[C@H]2CC[C@@H](C1)N2C(=O)C1CC1[N+](=O)[O-],
13814,O=C(N[C@@H]1CCN(C(=O)c2cc3cscc3s2)C1)[C@H]1C[C@@H]2CC[C@H](C1)O2,"(1R,3s,5S)-N-((3R)-1-((2,7-dithiabicyclo[3.3.0]octa-1(8),3,5-trien-3-yl)carbonyl)pyrrolidin-3-yl)-8-oxabicyclo[3.2.1]octane-3-carboxamide",,O=C(N[C@@H]1CCN(C(=O)c2cc3cscc3s2)C1)C1C[C@H]2CC[C@@H](C1)O2,
13873,CC(=O)N(C)[C@H](C)C(=O)NC1(C2(O)CCN(C(=O)[C@H]3C[C@@H]4CC[C@@H]4C3)CC2)CC1,"(2R)-N-(1-(1-(((1R,3s,5S)-bicyclo[3.2.0]heptan-3-yl)carbonyl)-4-hydroxypiperidin-4-yl)cyclopropyl)-2-(N-methylacetamido)propanamide",,CC(=O)N(C)C(C)C(=O)NC1(C2(O)CCN(C(=O)C3C[C@H]4CC[C@H]4C3)CC2)CC1,
13921,C=CC1(CC(=O)N2C[C@H]3C[C@H](NC(=O)c4cccc5oncc45)C[C@H]3C2)CCC1,"N-((1R,5S,7s)-3-(2-(1-ethenylcyclobutyl)-acetyl)-3-azabicyclo[3.3.0]octan-7-yl)-1,2-benzoxazole-4-carboxamide",,C=CC1(CC(=O)N2C[C@H]3C[C@H](NC(=O)c4cccc5oncc45)C[C@H]3C2)CCC1,
13978,C[C@@]1(C(=O)NC2[C@H]3CC[C@H]2CN(C(=O)c2cc(O)cnc2Cl)C3)C[C@@H]2C[C@@H]2C1,"(1R,3r,5S)-N-((1S,5S)-3-((2-chloro-5-hydroxypyridin-3-yl)carbonyl)-3-azabicyclo[3.2.1]octan-8-yl)-3-methylbicyclo[3.1.0]hexane-3-carboxamide",,C[C@]1(C(=O)NC2[C@H]3CC[C@H]2CN(C(=O)c2cc(O)cnc2Cl)C3)C[C@H]2C[C@H]2C1,
14027,CN(CCCN(C)C(=O)[C@H]1C[C@@H]2CC[C@H](C1)[C@@H]2O)C(=O)CC(=O)NC1CC1,"(1R,3s,5S,8r)-8-hydroxy-N-methyl-N-(3-(N-methyl-2-(cyclopropylcarbamoyl)acetamido)propyl)bicyclo[3.2.1]octane-3-carboxamide",,CN(CCCN(C)C(=O)C1C[C@H]2CC[C@@H](C1)[C@H]2O)C(=O)CC(=O)NC1CC1,
14030,C[C@]1(NC(=O)CCOCC2CC2)C[C@@H](NC(=O)CN2CCOC2=O)C1,"3-(cyclopropylmethoxy)-N-((1s,3s)-1-methyl-3-(2-(2-oxo-1,3-oxazolidin-3-yl)acetamido)cyclobutyl)propanamide",,C[C@]1(NC(=O)CCOCC2CC2)C[C@@H](NC(=O)CN2CCOC2=O)C1,
14045,Cc1n[nH]cc1CC(=O)N[C@H]1C[C@](C)(NC(=O)CCC23CCC(CC2)C3)C1,"3-(bicyclo[2.2.1]heptan-1-yl)-N-((1r,3r)-1-methyl-3-(2-(3-methyl-1H-pyrazol-4-yl)acetamido)cyclobutyl)propanamide",,Cc1[nH]ncc1CC(=O)N[C@H]1C[C@](C)(NC(=O)CCC23CCC(CC2)C3)C1,
14113,CC[C@H](CC(=O)N1C[C@H]2[C@H](NC(=O)C3CCSCC3)[C@H]2C1)C(F)F,"N-((1R,5S,6S)-3-((3R)-3-(difluoromethyl)-pentanoyl)-3-azabicyclo[3.1.0]hexan-6-yl)thiane-4-carboxamide",,CC[C@H](CC(=O)N1C[C@@H]2[C@H](C1)[C@H]2NC(=O)C1CCSCC1)C(F)F,
14118,CCOC(=O)C(C)(C)NC(=O)[C@@H](CNC(=O)[C@@H]1[C@H]2CCC[C@H]21)CC(C)C,"ethyl 2-((2R)-2-(((1R,5S,6r)-bicyclo[3.1.0]hexane-6-carboxamido)methyl)-4-methylpentanamido)-2-methylpropanoate",,CCOC(=O)C(C)(C)NC(=O)C(CNC(=O)C1[C@H]2CCC[C@@H]12)CC(C)C,
14226,C=CC1CCN(CC(=O)N2CCC3(CC2)OCCc2cc(C(=O)OC)sc23)CC1,"methyl spiro[3-oxa-9-thiabicyclo[4.3.0]nona-1(6),7-diene-2,4'-(1-(1-azacyclohexan-1-yl)-2-(4-ethenylpiperidin-1-yl)ethane)]-1'-one-8-carboxylate",,C=CC1CCN(CC(=O)N2CCC3(CC2)OCCc2cc(C(=O)OC)sc23)CC1,
14263,O=C(Nc1cc([N+](=O)[O-])ccn1)[C@H]1[C@H]2CN(Cc3cccc4ccoc34)C[C@H]21,"(1R,5S,6s)-3-((1-benzofuran-7-yl)methyl)-N-(4-nitropyridin-2-yl)-3-azabicyclo[3.1.0]hexane-6-carboxamide",,O=C(Nc1cc([N+](=O)[O-])ccn1)C1[C@H]2CN(Cc3cccc4ccoc34)C[C@@H]12,
14324,Cn1cc(Cl)cc1C(=O)NC[C@H]1C[C@@](F)(CNC(=O)c2cc(F)cnc2O)C1,"N-(((1r,3r)-3-((4-chloro-1-methyl-1H-pyrrole-2-carboxamido)methyl)-1-fluorocyclobutyl)methyl)-5-fluoro-2-hydroxypyridine-3-carboxamide",,Cn1cc(Cl)cc1C(=O)NC[C@H]1C[C@@](F)(CNC(=O)c2cc(F)c[nH]c2=O)C1,
14449,CC[C@H](C)[C@@H](O)C(=O)NC12CCOC(CNC(=O)[C@H]3C[C@H]4CCC[C@H](C4)C3)(C1)C2,"(2R,3S)-N-(1-(((1R,3s,5S)-bicyclo[3.3.1]nonane-3-carboxamido)methyl)-2-oxabicyclo[3.1.1]heptan-5-yl)-2-hydroxy-3-methylpentanamide",,CCC(C)C(O)C(=O)NC12CCOC(CNC(=O)C3C[C@H]4CCC[C@@H](C3)C4)(C1)C2,
14461,C[C@]1(NC(=O)c2cc3nccn3c(O)n2)C[C@H](NC(=O)[C@H](F)C2(O)CCCC2)C1,"N-((1R,3r)-3-((2R)-2-fluoro-2-(1-hydroxycyclopentyl)acetamido)-1-methylcyclobutyl)-5-hydroxyimidazo[1,2-c]pyrimidine-7-carboxamide",,C[C@]1(NC(=O)c2cc3[nH]ccn3c(=O)n2)C[C@H](NC(=O)C(F)C2(O)CCCC2)C1,
14493,CCN(CC)C[C@H](F)C(=O)N[C@H]1[C@@H]2CN(C(=O)CC3(C)OCCO3)C[C@@H]21,"(2S)-3-(diethylamino)-2-fluoro-N-((1R,5S,6s)-3-(2-(2-methyl-1,3-dioxolan-2-yl)-acetyl)-3-azabicyclo[3.1.0]hexan-6-yl)propanamide",,CCN(CC)CC(F)C(=O)N[C@H]1[C@@H]2CN(C(=O)CC3(C)OCCO3)C[C@@H]21,
14577,O=C(NC[C@]1(F)C[C@@H](NC(=O)C2CCC2)C1)c1ccc(F)c2c1OCC2,"N-(((1s,3s)-3-cyclobutanecarboxamido-1-fluorocyclobutyl)methyl)-4-fluoro-2,3-dihydro-1-benzofuran-7-carboxamide",,O=C(NC[C@]1(F)C[C@@H](NC(=O)C2CCC2)C1)c1ccc(F)c2c1OCC2,
14656,O=C(NC[C@H]1C[C@](F)(CNC(=O)C23CC(F)(C2)C3)C1)c1cncc(C(F)(F)F)c1,"N-(((1s,3s)-3-fluoro-3-((3-fluorobicyclo[1.1.1]pentane-1-carboxamido)methyl)cyclobutyl)methyl)-5-(trifluoromethyl)pyridine-3-carboxamide",,O=C(NC[C@H]1C[C@](F)(CNC(=O)C23CC(F)(C2)C3)C1)c1cncc(C(F)(F)F)c1,
14686,CC(C)CSCC(=O)N[C@H]1C[C@](C)(NC(=O)c2ccc(C#N)cc2)C1,"N-((1r,3r)-3-(4-cyanobenzamido)-3-methylcyclobutyl)-2-((2-methylpropyl)sulfanyl)acetamide",,CC(C)CSCC(=O)N[C@H]1C[C@](C)(NC(=O)c2ccc(C#N)cc2)C1,
14722,N#Cc1ccc(C(F)(F)F)nc1NC[C@]1(F)C[C@H](NC(=O)C2=CCCS2)C1,"N-((1r,3r)-3-fluoro-3-(((3-(nitrilomethyl)-6-(trifluoromethyl)pyridin-2-yl)amino)methyl)cyclobutyl)-4,5-dihydrothiophene-2-carboxamide",,N#Cc1ccc(C(F)(F)F)nc1NC[C@]1(F)C[C@H](NC(=O)C2=CCCS2)C1,
14736,CNS(=O)(=O)c1cc(C(=O)N[C@H]2C[C@](C)(NC(=O)[C@@H]3CC[C@H]3C)C2)n(C)c1,"1-methyl-N-((1R,3r)-3-methyl-3-((1R,2R)-2-methylcyclobutanecarboxamido)cyclobutyl)-4-(methylsulfamoyl)-1H-pyrrole-2-carboxamide",,CNS(=O)(=O)c1cc(C(=O)N[C@H]2C[C@](C)(NC(=O)C3CC[C@H]3C)C2)n(C)c1,
14793,CCS(=O)(=O)CCN(C)C(=O)C(=O)N1CCC2(CC1)OC(=O)Nc1ccccc12,"2-(3'-oxa-5'-azaspiro[piperidine-4,2'-bicyclo[4.4.0]deca-1(10),6,8-triene]-1-yl-4'-one)-N-(2-(ethylsulfonyl)ethyl)-N-methyl-2-oxoacetamide",,CCS(=O)(=O)CCN(C)C(=O)C(=O)N1CCC2(CC1)OC(=O)Nc1ccccc12,
14854,Cc1ncnc(O)c1CCC(=O)N1[C@H]2CC[C@@H]1C[C@@H](NC(=O)C1CS(=O)(=O)C1)C2,"N-((1R,3s,5S)-8-(3-(4-hydroxy-6-methylpyrimidin-5-yl)-propionyl)-8-azabicyclo[3.2.1]octan-3-yl)-1,1-dioxothietane-3-carboxamide",,Cc1[nH]cnc(=O)c1CCC(=O)N1[C@@H]2CC[C@H]1C[C@H](NC(=O)C1CS(=O)(=O)C1)C2,
14861,C[C@H]1CN(C(=O)C(C)(C)c2ccsc2)C[C@@H](C)[C@@H]1NC(=O)CS(=O)(=O)N(C)C,"N-((3R,4r,5S)-3,5-dimethyl-1-(2-methyl-1-oxo-2-(thiophen-3-yl)propyl)piperidin-4-yl)-2-(dimethylsulfamoyl)acetamide",,C[C@@H]1CN(C(=O)C(C)(C)c2ccsc2)C[C@H](C)[C@H]1NC(=O)CS(=O)(=O)N(C)C,
14881,C#CCSCC(=O)N1CC[C@@H]2CCN(C(=O)[C@H]3C[C@](O)(C(F)F)C3)C[C@H]2C1,"1-((4aS,8aS)-7-(((1s,3R)-3-(difluoromethyl)-3-hydroxycyclobutyl)carbonyl)decahydro-2,7-naphthyridin-2-yl)-2-((prop-2-yn-1-yl)sulfanyl)ethan-1-one",,C#CCSCC(=O)N1CC[C@@H]2CCN(C(=O)C3CC(O)(C(F)F)C3)C[C@H]2C1,
14952,CC(C)CCN=C(NC[C@@H]1C[C@H]1C)NC[C@]1(O)C[C@H](C(=O)OC(C)(C)C)C1,"tert-butyl (1R,3r)-3-hydroxy-3-(((((3-methylbutyl)imino)((((1R,2R)-2-methylcyclopropyl)methyl)amino)methyl)amino)methyl)cyclobutanecarboxylate",,CC(C)CCN=C(NC[C@@H]1C[C@H]1C)NCC1(O)CC(C(=O)OC(C)(C)C)C1,
14980,CCC(C)(C)CC(=O)NCC1[C@@H]2CN(C(=O)[C@H]3C[C@](OC)(C(F)(F)F)C3)C[C@@H]12,"N-(((1S,5S)-3-(((1s,3S)-3-methoxy-3-(trifluoromethyl)cyclobutyl)carbonyl)-3-azabicyclo[3.1.0]hexan-6-yl)methyl)-3,3-dimethylpentanamide",,CCC(C)(C)CC(=O)NCC1[C@@H]2CN(C(=O)C3CC(OC)(C(F)(F)F)C3)C[C@@H]12,
14998,C#CCCCC(=O)N1[C@H]2CC[C@@H]1C[C@@H](CNC(=O)[C@@H]1CO[C@@H]3COC[C@H]31)C2,"(1S,4S,5R)-N-(((1R,3s,5S)-8-(1-oxohex-5-yn-1-yl)-8-azabicyclo[3.2.1]octan-3-yl)methyl)-2,7-dioxabicyclo[3.3.0]octane-4-carboxamide",,C#CCCCC(=O)N1[C@@H]2CC[C@H]1C[C@H](CNC(=O)C1CO[C@@H]3COC[C@@H]13)C2,
15010,C#CCN1CCC(C(=O)NCC[C@H]2CCCN(C(=O)[C@@H]3[C@H]4CCC[C@H]43)C2)CC1,"N-(2-((3R)-1-(((1R,5S,6r)-bicyclo[3.1.0]hexan-6-yl)carbonyl)piperidin-3-yl)ethyl)-1-(prop-2-yn-1-yl)piperidine-4-carboxamide",,C#CCN1CCC(C(=O)NCC[C@H]2CCCN(C(=O)C3[C@H]4CCC[C@@H]34)C2)CC1,
15012,C#CCCCCC[C@@H](C(=O)Nc1c(C)cccc1C)N1C[C@H]2[C@@H](C1)[C@@H]2C(F)(F)F,"(2S)-N-(2,6-dimethylphenyl)-2-((1R,5S,6S)-6-(trifluoromethyl)-3-azabicyclo[3.1.0]hexan-3-yl)non-8-ynamide",,C#CCCCCCC(C(=O)Nc1c(C)cccc1C)N1C[C@@H]2[C@H](C1)[C@H]2C(F)(F)F,
15021,C=C(C)C[C@H](C)C(=O)N1C[C@H]2[C@H](CN(C)C(=O)C(C)(C)C(F)(F)CC)[C@H]2C1,"N-(((1R,5S,6S)-3-((2S)-2,4-dimethyl-1-oxopent-4-en-1-yl)-3-azabicyclo[3.1.0]hexan-6-yl)methyl)-3,3-difluoro-2,2,N-trimethylpentanamide",,C=C(C)CC(C)C(=O)N1C[C@@H]2[C@@H](CN(C)C(=O)C(C)(C)C(F)(F)CC)[C@@H]2C1,
15101,CCCCNC(=O)[C@H](c1csc(CC)n1)N1C[C@H]2[C@@H](C1)[C@@H]2C(F)(F)F,"(2S)-N-butyl-2-(2-ethyl-1,3-thiazol-4-yl)-2-((1R,5S,6S)-6-(trifluoromethyl)-3-azabicyclo[3.1.0]hexan-3-yl)acetamide",,CCCCNC(=O)C(c1csc(CC)n1)N1C[C@@H]2[C@H](C1)[C@H]2C(F)(F)F,
15170,C#CC[C@]1(O)C[C@@H](C(=O)NC[C@H]2C[C@](F)(CNC(=O)c3nonc3N)C2)C1,"4-amino-N-(((1s,3s)-1-fluoro-3-((3-hydroxy-3-(prop-2-yn-1-yl)cyclobutanecarboxamido)methyl)cyclobutyl)methyl)-1,2,5-oxadiazole-3-carboxamide",,C#CCC1(O)CC(C(=O)NC[C@H]2C[C@](F)(CNC(=O)c3nonc3N)C2)C1,
15173,CC(C)[C@H](C)C(=O)NC[C@H]1[C@@H]2CN(C(=O)[C@@H]3C[C@@]3(C)C(C)C)C[C@H]12,"(2S)-2,3-dimethyl-N-(((1R,5S,6R)-3-(((1R,2S)-2-methyl-2-(propan-2-yl)cyclopropyl)carbonyl)-3-azabicyclo[3.1.0]hexan-6-yl)methyl)butanamide",,CC(C)C(C)C(=O)NC[C@@H]1[C@H]2CN(C(=O)C3C[C@@]3(C)C(C)C)C[C@@H]12,
15175,CC[C@@H](C)C(=O)NCC(=O)N1C[C@H]2[C@H](NC(=O)c3csc(Cl)c3Cl)[C@H]2C1,"(2R)-N-(2-((1R,5S,6S)-6-(4,5-dichlorothiophene-3-carboxamido)-3-azabicyclo[3.1.0]hexan-3-yl)-2-oxoethyl)-2-methylbutanamide",,CCC(C)C(=O)NCC(=O)N1C[C@@H]2[C@H](C1)[C@H]2NC(=O)c1csc(Cl)c1Cl,
15260,O=C(NCC1CN(C(=O)[C@@H]2CC[C@H]3C[C@H]3CC2)C1)[C@H]1CCCC[C@H]1O,"(1S,2R)-N-((1-(((1R,4r,7S)-bicyclo[5.1.0]octan-4-yl)carbonyl)azetidin-3-yl)methyl)-2-hydroxycyclohexanecarboxamide",,O=C(NCC1CN(C(=O)C2CC[C@@H]3C[C@@H]3CC2)C1)C1CCCC[C@H]1O,
15286,CC[C@@]1(C)C=C(C(=O)N(C)[C@H]2[C@@H]3CN(C(=O)c4sccc4Br)C[C@@H]32)C1,"(3R)-N-((1R,5S,6s)-3-((3-bromothiophen-2-yl)carbonyl)-3-azabicyclo[3.1.0]hexan-6-yl)-3-ethyl-3,N-dimethylcyclobut-1-ene-1-carboxamide",,CC[C@@]1(C)C=C(C(=O)N(C)[C@H]2[C@@H]3CN(C(=O)c4sccc4Br)C[C@@H]32)C1,
15299,COCC(C)(C)CN(C)C(=O)[C@H](OC)C1CN(C(=O)[C@@H]2[C@H]3CN(C)C[C@H]32)C1,"(2R)-2-methoxy-N-(3-methoxy-2,2-dimethylpropyl)-N-methyl-2-(1-(((1R,5S,6r)-3-methyl-3-azabicyclo[3.1.0]hexan-6-yl)carbonyl)azetidin-3-yl)acetamide",,COCC(C)(C)CN(C)C(=O)C(OC)C1CN(C(=O)C2[C@H]3CN(C)C[C@@H]23)C1,
15315,CCCC(=O)N1CC2(CN(C(=O)CNS(=O)(=O)NC)Cc3ccccc3O2)C1,"1-(2'-methylsulfamoylamino-1'-((2-oxa-5-aza)spiro[azetidine-3,3'-bicyclo[5.4.0]undeca-1(11),7,9-trien-5-yl)ethane]-1-yl-1'-one)butan-1-one",,CCCC(=O)N1CC2(CN(C(=O)CNS(=O)(=O)NC)Cc3ccccc3O2)C1,
15322,C=CCCCCCC(=O)N(C)C[C@@H](C)C(=O)N[C@H]1C[C@@H]2C[C@@H]2C1,"N-((2R)-2-(((1R,3s,5S)-bicyclo[3.1.0]hexan-3-yl)carbamoyl)propyl)-N-methyloct-7-enamide",,C=CCCCCCC(=O)N(C)CC(C)C(=O)N[C@H]1C[C@@H]2C[C@@H]2C1,
15361,C[C@H](C(=O)N1CCCCCC1)N1C[C@H]2[C@H](CNC(=O)Cc3ccoc3)[C@H]2C1,"N-(((1R,5S,6R)-3-((2R)-1-(azepan-1-yl)-1-oxopropan-2-yl)-3-azabicyclo[3.1.0]hexan-6-yl)methyl)-2-(furan-3-yl)acetamide",,CC(C(=O)N1CCCCCC1)N1C[C@@H]2[C@@H](CNC(=O)Cc3ccoc3)[C@@H]2C1,
15397,CC=CCC(=O)NC[C@@]1(CNC(=O)C2CN(C(=O)NC)C2)C[C@@H]2CCC[C@@H]2C1,"N-(((2r,3aR,6aS)-2-((1-((methylamino)carbonyl)azetidine-3-carboxamido)methyl)octahydropentalen-2-yl)methyl)pent-3-enamide",,CC=CCC(=O)NC[C@]1(CNC(=O)C2CN(C(=O)NC)C2)C[C@H]2CCC[C@H]2C1,
15450,C[C@H](CC(=O)NC[C@]1(F)C[C@H](Nc2cc(C(N)=O)ncn2)C1)CC(C)(C)C,"(3S)-N-(((1r,3S)-3-((6-carbamoylpyrimidin-4-yl)amino)-1-fluorocyclobutyl)methyl)-3,5,5-trimethylhexanamide",,C[C@H](CC(=O)NC[C@]1(F)C[C@H](Nc2cc(C(N)=O)ncn2)C1)CC(C)(C)C,
15519,N#C[C@@]1(C(=O)N[C@H]2C[C@H](NC(=O)Cc3ccon3)C2)C[C@@H]2C[C@@H]2C1,"(1R,3r,5S)-3-cyano-N-(trans-3-(2-(1,2-oxazol-3-yl)acetamido)cyclobutyl)bicyclo[3.1.0]hexane-3-carboxamide",,N#C[C@]1(C(=O)N[C@H]2C[C@H](NC(=O)Cc3ccon3)C2)C[C@H]2C[C@H]2C1,
15558,CCC1(CC)C[C@H](NC(=O)CNC(=O)OC(C)(C)C)CN1C(=O)[C@@H]1C[C@@H]2C[C@@H]2C1,"tert-butyl ((2-(((3S)-1-(((1R,3r,5S)-bicyclo[3.1.0]hexan-3-yl)carbonyl)-5,5-diethylpyrrolidin-3-yl)amino)-2-oxoethyl)amino)formate",,CCC1(CC)C[C@H](NC(=O)CNC(=O)OC(C)(C)C)CN1C(=O)C1C[C@@H]2C[C@@H]2C1,
15563,CCCS(=O)(=O)[C@@H](C)C(=O)N1C[C@H]2[C@H](CNC(=O)C(C)(C)CC(=O)OCC)[C@H]2C1,"ethyl 3-methyl-3-((((1R,5S,6S)-3-((2S)-1-oxo-2-(propylsulfonyl)propyl)-3-azabicyclo[3.1.0]hexan-6-yl)methyl)carbamoyl)butanoate",,CCCS(=O)(=O)C(C)C(=O)N1C[C@@H]2[C@@H](CNC(=O)C(C)(C)CC(=O)OCC)[C@@H]2C1,
15619,Cc1nocc1C(=O)N1CCN(C(=O)[C@@H]2[C@H]3CCCCCC[C@H]32)C2(CC2)C1,"1-(4-(((1R,8S,9r)-bicyclo[6.1.0]nonan-9-yl)carbonyl)-4,7-diazaspiro[2.5]octan-7-yl)-1-(3-methyl-1,2-oxazol-4-yl)methanone",,Cc1nocc1C(=O)N1CCN(C(=O)C2[C@H]3CCCCCC[C@@H]23)C2(CC2)C1,
15632,C=C=C(C)CC(=O)NC12CC(C)(C1)OC21CN(C(=O)C=C(C2CC2)C2CC2)C1,"3-methyl-N-(1-methylspiro[2-oxabicyclo[2.1.1]hexane-3,3'-(1-(1-azacyclobutan-1-yl)-3,3-dicyclopropylprop-2-ene)]-4-yl-1'-one)penta-3,4-dienamide",,C=C=C(C)CC(=O)NC12CC(C)(C1)OC21CN(C(=O)C=C(C2CC2)C2CC2)C1,
15665,CC(C)(CO)C(=O)N1[C@H]2CC[C@@H]1C[C@@H](CNC(=O)[C@H]1CCC(=O)N1)C2,"(2R)-N-(((1R,3s,5S)-8-(3-hydroxy-2,2-dimethyl-propionyl)-8-azabicyclo[3.2.1]octan-3-yl)methyl)-5-oxopyrrolidine-2-carboxamide",,CC(C)(CO)C(=O)N1[C@@H]2CC[C@H]1C[C@H](CNC(=O)C1CCC(=O)N1)C2,
15731,CCn1ccc(CN2C[C@H]3[C@@H](C2)[N@]3S(=O)(=O)c2ccncc2)n1,"(1R,5S,6r)-3-((1-ethyl-1H-pyrazol-3-yl)methyl)-6-(pyridin-4-ylsulfonyl)-3,6-diazabicyclo[3.1.0]hexane",,CCn1ccc(CN2C[C@@H]3[C@H](C2)[N@@]3S(=O)(=O)c2ccncc2)n1,
15931,Cc1ccc(CN2C[C@H]3[C@@H](C2)[C@@H]3C(=O)Nc2scc(O)c2C#N)c(F)c1F,"(1R,5S,6r)-3-((2,3-difluoro-4-methylphenyl)methyl)-N-(4-hydroxy-3-(nitrilomethyl)thiophen-2-yl)-3-azabicyclo[3.1.0]hexane-6-carboxamide",,Cc1ccc(CN2C[C@@H]3C(C(=O)Nc4scc(O)c4C#N)[C@@H]3C2)c(F)c1F,
15949,CCCC[C@H](F)C(=O)N[C@H]1C[C@@H]2CC[C@H](C1)N2C(=O)[C@@]12CC[C@@H](C[C@H]1F)C2,"(2S)-2-fluoro-N-((1R,3R,5S)-8-(((1S,2R,4R)-2-fluorobicyclo[2.2.1]heptan-1-yl)carbonyl)-8-azabicyclo[3.2.1]octan-3-yl)hexanamide",,CCCCC(F)C(=O)N[C@@H]1C[C@H]2CC[C@@H](C1)N2C(=O)[C@@]12CC[C@@H](C[C@H]1F)C2,
15983,O=C(CCSc1ccccc1)NC[C@]1(F)C[C@H](NC(=O)Cc2ccncc2Cl)C1,"N-(((1r,3r)-3-(2-(3-chloropyridin-4-yl)acetamido)-1-fluorocyclobutyl)methyl)-3-(phenylsulfanyl)propanamide",,O=C(CCSc1ccccc1)NC[C@]1(F)C[C@H](NC(=O)Cc2ccncc2Cl)C1,
16026,O=C(N[C@H]1C[C@@](F)(CNC(=O)c2ccccc2Br)C1)C1=NOC2(CCC2)C1,"N-((1r,3r)-3-((2-bromobenzamido)methyl)-3-fluorocyclobutyl)-5-oxa-6-azaspiro[3.4]oct-6-ene-7-carboxamide",,O=C(N[C@H]1C[C@@](F)(CNC(=O)c2ccccc2Br)C1)C1=NOC2(CCC2)C1,
16036,CCO[C@H](C(=O)N[C@H]1CC[C@]2(CC1)CN(C(=O)[C@@H](C)CO)CCO2)C1CCC1,(2S)-2-cyclobutyl-2-ethoxy-N-(4-((2S)-3-hydroxy-2-methyl-propionyl)-1-oxa-4-azaspiro[5.5]undecan-9-yl)acetamide,C1(CCC1)[C@@H](C(=O)NC1CCC2(CN(CCO2)C([C@H](CO)C)=O)CC1)OCC,CCOC(C(=O)N[C@H]1CC[C@]2(CC1)CN(C(=O)C(C)CO)CCO2)C1CCC1,CCOC(C(=O)NC1CCC2(CC1)CN(C(=O)C(C)CO)CCO2)C1CCC1
16122,CN1[C@H]2CCC[C@@H]1C[C@H](N=c1[nH]ccn3cc(C(=O)O)nc13)C2,"8-(((1R,3r,5S)-9-methyl-9-azabicyclo[3.3.1]nonan-3-yl)imino)imidazo[1,2-a]pyrazine-2-carboxylic acid",,CN1[C@@H]2CCC[C@H]1C[C@@H](Nc1nccn3cc(C(=O)O)nc13)C2,
16135,CN(C)c1ccc(CN2C[C@H]3[C@@H](C2)[C@@H]3C(=O)Nc2ncc(Br)nc2I)cc1,"(1R,5S,6r)-N-(5-bromo-3-iodopyrazin-2-yl)-3-((4-(dimethylamino)phenyl)methyl)-3-azabicyclo[3.1.0]hexane-6-carboxamide",,CN(C)c1ccc(CN2C[C@@H]3C(C(=O)Nc4ncc(Br)nc4I)[C@@H]3C2)cc1,
16140,C#CCCCC(=O)NC[C@@H]1CN(C(=O)[C@@H]2CC[C@H]3C[C@H]3CC2)CC12CCOCC2,"N-(((4R)-2-(((1R,4r,7S)-bicyclo[5.1.0]octan-4-yl)carbonyl)-8-oxa-2-azaspiro[4.5]decan-4-yl)methyl)hex-5-ynamide",,C#CCCCC(=O)NC[C@@H]1CN(C(=O)C2CC[C@@H]3C[C@@H]3CC2)CC12CCOCC2,
16194,CN(C(=O)C[C@H]1[C@@H]2CN(C(=O)[C@@H]3CC(C)(C)CO3)C[C@H]12)[C@H]1CCCOC1,"2-((1R,5S,6R)-3-(((2S)-4,4-dimethyloxolan-2-yl)carbonyl)-3-azabicyclo[3.1.0]hexan-6-yl)-N-methyl-N-((3S)-oxan-3-yl)acetamide",,CN(C(=O)C[C@@H]1[C@H]2CN(C(=O)C3CC(C)(C)CO3)C[C@@H]12)[C@H]1CCCOC1,
16211,O=C(CC1CCOCC1)N[C@H]1C[C@@](F)(CNC(=O)c2ccc3nnc(S)n3c2)C1,"N-((1r,3r)-3-fluoro-3-((3-sulfanyl[1,2,4]triazolo[4,3-a]pyridine-6-carboxamido)methyl)cyclobutyl)-2-(oxan-4-yl)acetamide",,O=C(CC1CCOCC1)N[C@H]1C[C@@](F)(CNC(=O)c2ccc3n[nH]c(=S)n3c2)C1,
16213,CC(C)(C)[C@@H](CC(=O)N[C@@H]1[C@H]2CCCCC[C@H]21)NC(=O)c1cc(Cl)cs1,"(3R)-N-((1R,7S,8r)-bicyclo[5.1.0]octan-8-yl)-3-(4-chlorothiophene-2-carboxamido)-4,4-dimethylpentanamide",,CC(C)(C)[C@@H](CC(=O)N[C@H]1[C@@H]2CCCCC[C@@H]21)NC(=O)c1cc(Cl)cs1,
16238,Cc1cc(C)n(NC(=O)[C@@H]2[C@H]3CN(C(=O)c4c(C)ncn4C)C[C@H]32)c(=O)c1,"(1R,5S,6r)-3-((1,4-dimethyl-1H-imidazol-5-yl)carbonyl)-N-(2,4-dimethyl-6-oxo-1H-pyridin-1-yl)-3-azabicyclo[3.1.0]hexane-6-carboxamide",,Cc1cc(C)n(NC(=O)C2[C@H]3CN(C(=O)c4c(C)ncn4C)C[C@@H]23)c(=O)c1,
16276,CCOC(OCC)C(=O)N1[C@H]2CC[C@@H]1C[C@@H](NC(=O)[C@@H]1CCC(=O)N1)C2,"(2S)-N-((1R,3s,5S)-8-(2,2-diethoxy-acetyl)-8-azabicyclo[3.2.1]octan-3-yl)-5-oxopyrrolidine-2-carboxamide",,CCOC(OCC)C(=O)N1[C@@H]2CC[C@H]1C[C@H](NC(=O)C1CCC(=O)N1)C2,
16279,O=C(Nc1cc(I)cc(I)c1)N[C@@H]1[C@@H]2[C@H]3C[C@H]4[C@@H]1[C@H]4[C@@H]32,"N-(3,5-diiodophenyl)-1-(((1R,2R,3R,4R,5R,7S,8R)-tetracyclo[5.1.0.0^{4,8}.0^{3,5}]octan-2-yl)amino)formamide",,O=C(Nc1cc(I)cc(I)c1)N[C@H]1[C@@H]2[C@@H]3C[C@H]4[C@H]([C@@H]32)[C@@H]41,
16282,Cc1ccc(C(=O)N[C@H]2C[C@@H]3CN(C(=O)[C@@H]4CCCc5ncnn54)C[C@@H]3C2)nn1,"6-methyl-N-((1R,5S,7R)-3-(((2S)-1,7,9-triazabicyclo[4.3.0]nona-6,8-dien-2-yl)carbonyl)-3-azabicyclo[3.3.0]octan-7-yl)pyridazine-3-carboxamide",,Cc1ccc(C(=O)N[C@H]2C[C@@H]3CN(C(=O)C4CCCc5ncnn54)C[C@@H]3C2)nn1,
16347,O=C(N[C@@H]1[C@@H]2CN(Cc3ccc4n[nH]cc4c3)C[C@@H]21)c1ccc(F)c(O)c1,"4-fluoro-3-hydroxy-N-((1R,5S,6r)-3-((2H-indazol-5-yl)methyl)-3-azabicyclo[3.1.0]hexan-6-yl)benzamide",,O=C(N[C@@H]1[C@@H]2CN(Cc3ccc4[nH]ncc4c3)C[C@@H]21)c1ccc(F)c(O)c1,
16415,O=C(N[C@H]1C[C@@H]2CN(Cc3cc(F)cnc3Cl)C[C@@H]2C1)c1csc(Br)c1,"5-bromo-N-((1R,5S,7s)-3-((2-chloro-5-fluoropyridin-3-yl)methyl)-3-azabicyclo[3.3.0]octan-7-yl)thiophene-3-carboxamide",,O=C(N[C@H]1C[C@@H]2CN(Cc3cc(F)cnc3Cl)C[C@@H]2C1)c1csc(Br)c1,
16430,C[C@H]1[C@@H](C)[C@@H]1C(=O)N[C@@H](CNC(=O)c1coc(S(N)(=O)=O)c1)C(C)(C)C,"5-(sulfamoyl)-N-((2R)-2-((1r,2R,3S)-2,3-dimethylcyclopropanecarboxamido)-3,3-dimethylbutyl)furan-3-carboxamide",,C[C@@H]1C(C(=O)N[C@@H](CNC(=O)c2coc(S(N)(=O)=O)c2)C(C)(C)C)[C@@H]1C,
16627,C[C@H](NC[C@H]1C[C@](O)(C(F)(F)F)C1)c1ccnn1C(C)(C)C,"(1R,3s)-3-((((1S)-1-(1-(tert-butyl)-1H-pyrazol-5-yl)ethyl)amino)methyl)-1-(trifluoromethyl)cyclobutanol",,C[C@H](NC[C@H]1C[C@](O)(C(F)(F)F)C1)c1ccnn1C(C)(C)C,
16647,C[C@H]1CN(C(=O)CS(=O)(=O)Cc2ccccn2)C[C@H]1NC(=O)[C@H]1C[C@@](F)(CO)C1,"(1r,3S)-3-fluoro-3-(hydroxymethyl)-N-((3S,4S)-4-methyl-1-(1-oxo-2-((pyridin-2-yl)methylsulfonyl)ethyl)pyrrolidin-3-yl)cyclobutanecarboxamide",,C[C@H]1CN(C(=O)CS(=O)(=O)Cc2ccccn2)C[C@H]1NC(=O)C1CC(F)(CO)C1,
16715,Cc1ccc(C(=O)N2CC[C@]3(C2)c2[nH]cnc2CCN3C(=O)[C@@H](C)O)c(F)c1,"(2R)-2-hydroxy-1-((2S)-spiro[3,7,9-triazabicyclo[4.3.0]nona-1(6),7-diene-2,3'-(1-((3S)-1-azacyclopentan-1-yl)-1-(2-fluoro-4-methylphenyl)methanone)]-3-yl)propan-1-one",,Cc1ccc(C(=O)N2CC[C@]3(C2)c2[nH]cnc2CCN3C(=O)C(C)O)c(F)c1,
16736,C#CCC1(C(=O)NCC[C@H]2CCCN(C(=O)[C@@H]3C[C@@H]4C[C@@H]4C3)CC2)CCC1,"N-(2-((4R)-1-(((1R,3r,5S)-bicyclo[3.1.0]hexan-3-yl)carbonyl)azepan-4-yl)ethyl)-1-(prop-2-yn-1-yl)cyclobutanecarboxamide",,C#CCC1(C(=O)NCC[C@H]2CCCN(C(=O)C3C[C@@H]4C[C@@H]4C3)CC2)CCC1,
16772,[N-]=[N+]=N[C@H]1C[C@H](C(=O)N2[C@H]3CC[C@@H]2C[C@H](NC(=O)c2ccc(F)cn2)C3)C1,"5-fluoro-N-((1R,3r,5S)-8-((trans-3-azidocyclobutyl)carbonyl)-8-azabicyclo[3.2.1]octan-3-yl)pyridine-2-carboxamide",,[N-]=[N+]=NC1CC(C(=O)N2[C@@H]3CC[C@H]2C[C@@H](NC(=O)c2ccc(F)cn2)C3)C1,
16773,Cc1ncc(C(=O)N[C@H]2[C@@H]3CN(C(=O)[C@H]4C[C@@H]5CC[C@H](C4)[C@@H]5O)C[C@@H]32)[nH]1,"N-((1R,5S,6s)-3-(((1R,3s,5S,8r)-8-hydroxybicyclo[3.2.1]octan-3-yl)carbonyl)-3-azabicyclo[3.1.0]hexan-6-yl)-2-methyl-1H-imidazole-5-carboxamide",,Cc1nc(C(=O)N[C@H]2[C@@H]3CN(C(=O)C4C[C@H]5CC[C@@H](C4)[C@H]5O)C[C@@H]32)c[nH]1,
16776,Cc1nn(C2CCOCC2)cc1C(=O)N1CCC[C@](C)(NC(=O)[C@H]2[C@@H](C)[C@H]2C)C1,"(1s,2R,3S)-2,3-dimethyl-N-((3S)-3-methyl-1-((3-methyl-1-(oxan-4-yl)-1H-pyrazol-4-yl)carbonyl)piperidin-3-yl)cyclopropanecarboxamide",,Cc1nn(C2CCOCC2)cc1C(=O)N1CCC[C@](C)(NC(=O)C2[C@@H](C)[C@H]2C)C1,
16826,CC[C@H](C)[C@H](C)C(=O)NC[C@H]1C[C@](F)(CNC(=O)CSS(C)(=O)=O)C1,"(2S,3S)-N-(((1s,3R)-3-fluoro-3-((2-(methylsulfonylsulfanyl)acetamido)methyl)cyclobutyl)methyl)-2,3-dimethylpentanamide",,CC[C@H](C)C(C)C(=O)NC[C@H]1C[C@](F)(CNC(=O)CSS(C)(=O)=O)C1,
16847,CC(=O)NC1(C(=O)N[C@H]2C[C@](C)(NC(=O)c3sc(Cl)cc3Cl)C2)CCC1,"N-(1-(((1r,3r)-3-(3,5-dichlorothiophene-2-carboxamido)-3-methylcyclobutyl)carbamoyl)cyclobutyl)acetamide",,CC(=O)NC1(C(=O)N[C@H]2C[C@](C)(NC(=O)c3sc(Cl)cc3Cl)C2)CCC1,
16870,C#CC[C@]1(O)C[C@@H](C(=O)N2C[C@H](CNC(=O)CCCS(N)(=O)=O)CC(C)(C)C2)C1,"4-(sulfamoyl)-N-(((3S)-1-(((1s,3R)-3-hydroxy-3-(prop-2-yn-1-yl)cyclobutyl)carbonyl)-5,5-dimethylpiperidin-3-yl)methyl)butanamide",,C#CCC1(O)CC(C(=O)N2C[C@H](CNC(=O)CCCS(N)(=O)=O)CC(C)(C)C2)C1,
16976,Cc1csc(C)c1C(=O)N1C[C@H]2[C@@H](C1)[C@@H]2C(=O)N1CC(OC(F)F)C1,"1-((1R,5S,6r)-6-((3-((difluoromethyl)oxy)azetidin-1-yl)carbonyl)-3-azabicyclo[3.1.0]hexan-3-yl)-1-(2,4-dimethylthiophen-3-yl)methanone",,Cc1csc(C)c1C(=O)N1C[C@@H]2C(C(=O)N3CC(OC(F)F)C3)[C@@H]2C1,
17054,C=C=CCC(=O)N(C)CC(C)(C)C(=O)NC[C@@H]1[C@H]2CCC[C@H]21,"N-(2-((((1R,5S,6r)-bicyclo[3.1.0]hexan-6-yl)methyl)carbamoyl)-2-methylpropyl)-N-methylpenta-3,4-dienamide",,C=C=CCC(=O)N(C)CC(C)(C)C(=O)NC[C@H]1[C@@H]2CCC[C@@H]21,
17081,CO[C@H](CNC(=O)C[C@H](O)CC(C)C)CC(=O)N1C[C@@H]2[C@@H](CO)[C@@H]2C1,"(3R)-3-hydroxy-N-((2S)-4-((1R,5S,6S)-6-(hydroxymethyl)-3-azabicyclo[3.1.0]hexan-3-yl)-2-methoxy-4-oxobutyl)-5-methylhexanamide",,CO[C@H](CNC(=O)C[C@H](O)CC(C)C)CC(=O)N1C[C@@H]2[C@@H](CO)[C@@H]2C1,
17178,CC=CC=CC(=O)N[C@@H]1C[C@@H]2CC[C@H](C1)N2C(=O)c1cc2n(n1)CCC2,"N-((1R,3r,5S)-8-((1,2-diazabicyclo[3.3.0]octa-2,4-dien-3-yl)carbonyl)-8-azabicyclo[3.2.1]octan-3-yl)hexa-2,4-dienamide",,CC=CC=CC(=O)N[C@H]1C[C@H]2CC[C@@H](C1)N2C(=O)c1cc2n(n1)CCC2,
17200,O=C(NCC1(O)CCC1)[C@H]1[C@H]2CN(C(=O)c3ccc(Br)c(Cl)c3Cl)C[C@H]21,"(1R,5S,6s)-3-((4-bromo-2,3-dichlorophenyl)carbonyl)-N-((1-hydroxycyclobutyl)methyl)-3-azabicyclo[3.1.0]hexane-6-carboxamide",,O=C(NCC1(O)CCC1)C1[C@H]2CN(C(=O)c3ccc(Br)c(Cl)c3Cl)C[C@@H]12,
17221,Cc1ocnc1C(=O)N[C@]1(c2ccccc2)C[C@@H](NC(=O)CC2(C3CC3)CC2)C1,"N-((1r,3r)-3-(2-(1-cyclopropylcyclopropyl)acetamido)-1-phenylcyclobutyl)-5-methyl-1,3-oxazole-4-carboxamide",,Cc1ocnc1C(=O)N[C@]1(c2ccccc2)C[C@@H](NC(=O)CC2(C3CC3)CC2)C1,
17265,C[C@H]1CCO[C@H](C(=O)N[C@H]2[C@@H]3CN(C(=O)Cn4cc5ccccc5n4)C[C@@H]32)C1,"(2S,4S)-N-((1R,5S,6s)-3-(2-(2H-indazol-2-yl)-acetyl)-3-azabicyclo[3.1.0]hexan-6-yl)-4-methyloxane-2-carboxamide",,C[C@H]1CCOC(C(=O)N[C@H]2[C@@H]3CN(C(=O)Cn4cc5ccccc5n4)C[C@@H]32)C1,
17278,CC[C@@H](CN(C)C)C(=O)N[C@]12CO[C@H](C1)[C@H](NC(=O)C[C@@H]1C[C@H]3C[C@H]3C1)C2,"(2S)-N-((1R,4S,6R)-6-(2-((1R,3s,5S)-bicyclo[3.1.0]hexan-3-yl)acetamido)-2-oxabicyclo[2.2.1]heptan-4-yl)-2-((dimethylamino)methyl)butanamide",,CCC(CN(C)C)C(=O)N[C@]12CO[C@H](C1)[C@H](NC(=O)C[C@H]1C[C@@H]3C[C@@H]3C1)C2,
17299,CCc1cc(C(=O)N[C@@H]2[C@H]3C[C@H](NC(=O)[C@@H](O)CN4CCCC4)C[C@H]32)on1,"3-ethyl-N-((1R,3s,5S,6S)-3-((2S)-2-hydroxy-3-(pyrrolidin-1-yl)propanamido)bicyclo[3.1.0]hexan-6-yl)-1,2-oxazole-5-carboxamide",,CCc1cc(C(=O)N[C@H]2[C@@H]3C[C@@H](NC(=O)C(O)CN4CCCC4)C[C@@H]32)on1,
17418,CO[C@H]1C[C@@H](C(=O)N[C@@]23C[C@@H]2CN(C(=O)[C@@H](O)Cc2cnc[nH]2)C3)C[C@H]1OC,"(1r,3R,4S)-N-((1S,5R)-3-((2S)-2-hydroxy-3-(1H-imidazol-5-yl)-propionyl)-3-azabicyclo[3.1.0]hexan-1-yl)-3,4-dimethoxycyclopentanecarboxamide",,CO[C@H]1CC(C(=O)N[C@@]23C[C@@H]2CN(C(=O)C(O)Cc2c[nH]cn2)C3)C[C@H]1OC,
17490,COc1ccc(CCC(=O)N[C@H]2C[C@@](F)(CNC(=O)C(C)(C)F)C2)cc1O,"2-fluoro-N-(((1r,3r)-1-fluoro-3-(3-(3-hydroxy-4-methoxyphenyl)propanamido)cyclobutyl)methyl)-2-methylpropanamide",,COc1ccc(CCC(=O)N[C@H]2C[C@@](F)(CNC(=O)C(C)(C)F)C2)cc1O,
17540,CCCCCc1ccc(C(=O)N[C@]2(C)C[C@@H](NC(=O)C#C[C@@H]3CCCOC3)C2)o1,"N-((1S,3r)-1-methyl-3-(3-((3S)-oxan-3-yl)prop-2-ynamido)cyclobutyl)-5-pentylfuran-2-carboxamide",,CCCCCc1ccc(C(=O)N[C@]2(C)C[C@@H](NC(=O)C#C[C@@H]3CCCOC3)C2)o1,
17552,CCC1=NO[C@@H](CC(=O)N2C[C@H]3[C@H](NC(=O)C4(O)CCCCC4)[C@H]3C2)C1,"N-((1R,5S,6S)-3-(2-((5R)-3-ethyl-4,5-dihydro-1,2-oxazol-5-yl)-acetyl)-3-azabicyclo[3.1.0]hexan-6-yl)-1-hydroxycyclohexanecarboxamide",,CCC1=NO[C@@H](CC(=O)N2C[C@@H]3[C@H](C2)[C@H]3NC(=O)C2(O)CCCCC2)C1,
17702,CC[C@]1(C(=O)N[C@H](CC(=O)N[C@@H]2C[C@H]3[C@@H](C2)C3(F)F)C(C)C)CCCO1,"(2R)-N-((3R)-1-(((1R,3r,5S)-6,6-difluorobicyclo[3.1.0]hexan-3-yl)amino)-4-methyl-1-oxopentan-3-yl)-2-ethyloxolane-2-carboxamide",,CC[C@]1(C(=O)N[C@H](CC(=O)N[C@H]2C[C@@H]3[C@H](C2)C3(F)F)C(C)C)CCCO1,
17714,CCc1nocc1C(=O)NC[C@H]1C[C@@](F)(CNC(=O)C[C@@H](CC)C(C)C)C1,"3-ethyl-N-(((1R,3r)-3-(((3R)-3-ethyl-4-methylpentanamido)methyl)-3-fluorocyclobutyl)methyl)-1,2-oxazole-4-carboxamide",,CCc1nocc1C(=O)NC[C@H]1C[C@@](F)(CNC(=O)C[C@@H](CC)C(C)C)C1,
17839,COc1c(Cl)cc(CN2CCO[C@H](CNC(=O)[C@@H]3[C@H]4COC[C@H]43)C2)cc1Cl,"(1R,5S,6r)-N-(((2R)-4-((3,5-dichloro-4-methoxyphenyl)methyl)morpholin-2-yl)methyl)-3-oxabicyclo[3.1.0]hexane-6-carboxamide",,COc1c(Cl)cc(CN2CCO[C@H](CNC(=O)C3[C@H]4COC[C@@H]34)C2)cc1Cl,
17863,COCn1nccc1C(=O)N[C@H]1C[C@@H]2CC[C@H](C1)N2C(=O)c1cccc(CF)c1,"N-((1R,3s,5S)-8-((3-(fluoromethyl)phenyl)carbonyl)-8-azabicyclo[3.2.1]octan-3-yl)-1-(methoxymethyl)-1H-pyrazole-5-carboxamide",,COCn1nccc1C(=O)N[C@@H]1C[C@H]2CC[C@@H](C1)N2C(=O)c1cccc(CF)c1,
17900,COCCS(=O)(=O)CC(=O)N1CCCC[C@]12C[C@H](NC(=O)[C@@H]1CCC[C@H]3C[C@@H]31)C2,"(1S,2R,6S)-N-(5-(2-(2-methoxyethylsulfonyl)-acetyl)-5-azaspiro[3.5]nonan-2-yl)bicyclo[4.1.0]heptane-2-carboxamide",COCCS(=O)(=O)CC(=O)N1C2(CC(C2)NC(=O)[C@H]2[C@H]3C[C@@H]3CCC2)CCCC1,COCCS(=O)(=O)CC(=O)N1CCCC[C@]12C[C@H](NC(=O)C1CCC[C@H]3C[C@H]13)C2,COCCS(=O)(=O)CC(=O)N1CCCCC12CC(NC(=O)C1CCC[C@H]3C[C@H]13)C2
17969,CCOC(=O)[C@@H]1CCCCN1C(=O)[C@H]1[C@H]2CN(c3nc(C)cc(OC)n3)C[C@H]21,"ethyl (2S)-1-(((1R,5S,6s)-3-(4-methoxy-6-methylpyrimidin-2-yl)-3-azabicyclo[3.1.0]hexan-6-yl)carbonyl)piperidine-2-carboxylate",,CCOC(=O)C1CCCCN1C(=O)C1[C@H]2CN(c3nc(C)cc(OC)n3)C[C@@H]12,
18028,CC1(C)CN(C(=O)[C@H]2C[C@H]2C(N)=O)C[C@@H](CNC(=O)[C@@H]2[C@H]3CCCC[C@H]32)O1,"(1R,6S,7r)-N-(((2R)-4-(((1S,2R)-2-carbamoylcyclopropyl)carbonyl)-6,6-dimethylmorpholin-2-yl)methyl)bicyclo[4.1.0]heptane-7-carboxamide",,CC1(C)CN(C(=O)C2CC2C(N)=O)C[C@@H](CNC(=O)C2[C@H]3CCCC[C@@H]23)O1,
18044,Cc1ccc(COCC(=O)NC[C@H]2[C@@H]3CN(C(=O)C[C@@H](C)C(F)F)C[C@H]23)cc1,"N-(((1R,5S,6R)-3-((3R)-4,4-difluoro-3-methyl-butyryl)-3-azabicyclo[3.1.0]hexan-6-yl)methyl)-2-(((4-methylphenyl)methyl)oxy)acetamide",,Cc1ccc(COCC(=O)NC[C@@H]2[C@H]3CN(C(=O)C[C@@H](C)C(F)F)C[C@@H]23)cc1,
18048,CC(C)n1cccc1C(=O)N[C@H]1CCN(C(=O)[C@H]2C[C@@H]3CC[C@H](C2)[C@H]3O)C[C@@H]1O,"N-((3S,4S)-3-hydroxy-1-(((1R,3s,5S,8R)-8-hydroxybicyclo[3.2.1]octan-3-yl)carbonyl)piperidin-4-yl)-1-(propan-2-yl)-1H-pyrrole-2-carboxamide",,CC(C)n1cccc1C(=O)N[C@H]1CCN(C(=O)C2C[C@H]3CC[C@@H](C2)[C@@H]3O)C[C@@H]1O,
18113,COc1cnc2[nH]c(C(=O)NC[C@H]3[C@@H]4CN(C(=O)c5cc(Cl)c[nH]5)C[C@H]34)cc2c1,"N-(((1R,5S,6r)-3-((4-chloro-1H-pyrrol-2-yl)carbonyl)-3-azabicyclo[3.1.0]hexan-6-yl)methyl)-5-methoxy-1H-pyrrolo[2,3-b]pyridine-2-carboxamide",,COc1cnc2[nH]c(C(=O)NC[C@@H]3[C@H]4CN(C(=O)c5cc(Cl)c[nH]5)C[C@@H]34)cc2c1,
18168,COCCO[C@@H](C)C(=O)N[C@H]1[C@@H]2CN(C(=O)CCc3ccc4c(c3)OCO4)C[C@@H]21,"(2S)-N-((1R,5S,6s)-3-(3-(1,3-benzodioxol-5-yl)-propionyl)-3-azabicyclo[3.1.0]hexan-6-yl)-2-((2-methoxyethyl)oxy)propanamide",,COCCOC(C)C(=O)N[C@H]1[C@@H]2CN(C(=O)CCc3ccc4c(c3)OCO4)C[C@@H]21,
18197,COCC(C)(C)CC(=O)N1C[C@H]2[C@H](CC(=O)NCc3ncccc3F)[C@H]2C1,"N-((3-fluoropyridin-2-yl)methyl)-2-((1R,5S,6s)-3-(4-methoxy-3,3-dimethyl-butyryl)-3-azabicyclo[3.1.0]hexan-6-yl)acetamide",,COCC(C)(C)CC(=O)N1C[C@@H]2[C@@H](CC(=O)NCc3ncccc3F)[C@@H]2C1,
18204,CC(C)(CNC(=O)[C@@H]1CC[C@H]2C[C@H]2CC1)NC(=O)[C@H]1CCCc2n[nH]cc21,"(4S)-N-(1-((1R,4r,7S)-bicyclo[5.1.0]octane-4-carboxamido)-2-methylpropan-2-yl)-4,5,6,7-tetrahydro-2H-indazole-4-carboxamide",,CC(C)(CNC(=O)C1CC[C@@H]2C[C@@H]2CC1)NC(=O)C1CCCc2[nH]ncc21,
18227,CO[C@H]1C[C@@](CO)(NC(=O)[C@H]2c3c[nH]nc3CN2C(=O)CCc2ncnn2C)C1,"(6R)-N-((1s,3S)-1-(hydroxymethyl)-3-methoxycyclobutyl)-7-(3-(1-methyl-1H-1,2,4-triazol-5-yl)-propionyl)-2,3,7-triazabicyclo[3.3.0]octa-1,4-diene-6-carboxamide",,CO[C@H]1C[C@@](CO)(NC(=O)C2c3c[nH]nc3CN2C(=O)CCc2ncnn2C)C1,
18236,O=C(N[C@@H]1[C@@H]2[C@H]3C[C@@H]4[C@H]([C@H]32)[C@@H]41)C(F)(F)c1ccc(F)cc1F,"2-(2,4-difluorophenyl)-2,2-difluoro-N-((1R,3S,4S,5R,6R,7R,8R)-tetracyclo[5.1.0.0^{4,8}.0^{3,5}]octan-6-yl)acetamide",,O=C(N[C@H]1[C@@H]2[C@@H]3C[C@H]4[C@@H]([C@@H]32)[C@@H]41)C(F)(F)c1ccc(F)cc1F,
18245,COCc1cc(C(=O)NC[C@@H]2C=CCN2C(=O)c2cc3c([nH]2)CCCC3=O)no1,"5-(methoxymethyl)-N-(((2S)-1-((2-oxo-7-azabicyclo[4.3.0]nona-1(6),8-dien-8-yl)carbonyl)-2,5-dihydro-1H-pyrrol-2-yl)methyl)-1,2-oxazole-3-carboxamide",COCC1=CC(=NO1)C(=O)NC[C@H]1N(CC=C1)C(=O)C=1NC=2CCCC(C2C1)=O,COCc1cc(C(=O)NC[C@@H]2C=CCN2C(=O)c2cc3c([nH]2)CCCC3=O)no1,COCc1cc(C(=O)NC[C@@H]2C=CCN2C(O)c2cc3c(O)cccc3[nH]2)no1
18404,C[C@H]1C[C@@H](C)C[C@H](NCCCc2cncc(F)c2)C1,"(1r,3R,5S)-N-(3-(5-fluoropyridin-3-yl)propyl)-3,5-dimethylcyclohexanamine",,C[C@@H]1C[C@H](C)C[C@@H](NCCCc2cncc(F)c2)C1,
18451,CN(C)CCn1cc(C(=O)N[C@@H]2C[C@@H]3CC[C@H](C2)N3C(=O)[C@H](O)C(C)(C)C)cn1,"1-(2-(dimethylamino)ethyl)-N-((1R,3R,5S)-8-((2R)-2-hydroxy-3,3-dimethyl-butyryl)-8-azabicyclo[3.2.1]octan-3-yl)-1H-pyrazole-4-carboxamide",,CN(C)CCn1cc(C(=O)N[C@H]2C[C@H]3CC[C@@H](C2)N3C(=O)C(O)C(C)(C)C)cn1,
18458,CC1=NO[C@@](C)(C(=O)NC[C@]2(F)C[C@H](NC(=O)[C@]3(C)CNC(=O)C3)C2)C1,"(5R)-N-(((1S,3R)-1-fluoro-3-((3S)-3-methyl-5-oxopyrrolidine-3-carboxamido)cyclobutyl)methyl)-3,5-dimethyl-4,5-dihydro-1,2-oxazole-5-carboxamide",,CC1=NO[C@@](C)(C(=O)NC[C@]2(F)C[C@H](NC(=O)[C@]3(C)CNC(=O)C3)C2)C1,
18472,Cn1cc(C(=O)N[C@H]2C[C@@](C)(NC(=O)CNC(=O)N3CCCC3)C2)c(O)n1,"3-hydroxy-1-methyl-N-((1s,3s)-3-methyl-3-(2-(pyrrolidin-1-ylcarbonylamino)acetamido)cyclobutyl)-1H-pyrazole-4-carboxamide",,Cn1cc(C(=O)N[C@H]2C[C@@](C)(NC(=O)CNC(=O)N3CCCC3)C2)c(=O)[nH]1,
18519,Cc1ncsc1C(=O)N[C@H]1C[C@](C)(NC(=O)CCc2c(C)noc2Cl)C1,"N-((1r,3r)-3-(3-(5-chloro-3-methyl-1,2-oxazol-4-yl)propanamido)-3-methylcyclobutyl)-4-methyl-1,3-thiazole-5-carboxamide",,Cc1ncsc1C(=O)N[C@H]1C[C@](C)(NC(=O)CCc2c(C)noc2Cl)C1,
18521,CCC1(CC)CCN(C(=O)[C@@H]2[C@H]3CN(S(=O)(=O)N4CCN(C)CC4)C[C@H]32)C1,"1-(3,3-diethylpyrrolidin-1-yl)-1-((1R,5S,6r)-3-(4-methylpiperazin-1-ylsulfonyl)-3-azabicyclo[3.1.0]hexan-6-yl)methanone",,CCC1(CC)CCN(C(=O)C2[C@H]3CN(S(=O)(=O)N4CCN(C)CC4)C[C@@H]23)C1,
18543,C=C1C[C@@H]1C(=O)NC[C@H]1C[C@@H]2CC[C@H](C1)N2C(=O)[C@@H]1COc2cc(C)c(C)cc21,"(1S)-N-(((1R,3R,5S)-8-(((3S)-5,6-dimethyl-2,3-dihydro-1-benzofuran-3-yl)carbonyl)-8-azabicyclo[3.2.1]octan-3-yl)methyl)-2-methylidenecyclopropanecarboxamide",,C=C1CC1C(=O)NC[C@@H]1C[C@H]2CC[C@@H](C1)N2C(=O)C1COc2cc(C)c(C)cc21,
18560,CC(C)[C@@H]1C[C@H](CC(=O)N2C[C@H]3C[C@H](NC(=O)[C@@H](C)N(C)C)C[C@H]3C2)CCO1,"(2R)-2-(dimethylamino)-N-((1R,5S,7S)-3-(1-oxo-2-((2S,4R)-2-(propan-2-yl)oxan-4-yl)ethyl)-3-azabicyclo[3.3.0]octan-7-yl)propanamide",,CC(C)[C@@H]1C[C@H](CC(=O)N2C[C@H]3C[C@H](NC(=O)C(C)N(C)C)C[C@H]3C2)CCO1,
18585,CCc1[nH]nc(C(=O)N[C@]2(C(=O)N[C@H](C)[C@@H](CO)SC)C[C@H](O)C2)c1C,"5-ethyl-N-((1s,3S)-3-hydroxy-1-(((2R,3S)-4-hydroxy-3-(methylsulfanyl)butan-2-yl)carbamoyl)cyclobutyl)-4-methyl-1H-pyrazole-3-carboxamide",,CCc1[nH]nc(C(=O)N[C@]2(C(=O)N[C@H](C)[C@@H](CO)SC)C[C@H](O)C2)c1C,
18665,O=C(NC1CCC(C(=O)N[C@@H]2[C@H]3COC[C@H]32)CC1)c1ccc(Cl)cc1,"4-chloro-N-(4-(((1R,5S,6r)-3-oxabicyclo[3.1.0]hexan-6-yl)carbamoyl)cyclohexyl)benzamide",,O=C(NC1CCC(C(=O)N[C@H]2[C@@H]3COC[C@@H]32)CC1)c1ccc(Cl)cc1,
18696,Cc1ccc(C(=O)NC[C@H]2[C@@H]3CN(C(=O)C[C@@H]4CCC(=O)N4)C[C@H]23)cc1CO,"3-(hydroxymethyl)-4-methyl-N-(((1R,5S,6S)-3-(1-oxo-2-((2S)-5-oxopyrrolidin-2-yl)ethyl)-3-azabicyclo[3.1.0]hexan-6-yl)methyl)benzamide",,Cc1ccc(C(=O)NC[C@@H]2[C@H]3CN(C(=O)C[C@@H]4CCC(=O)N4)C[C@@H]23)cc1CO,
18732,C#C[C@]1(O)C[C@@H](C(=O)N2C[C@H]3C[C@H](NC(=O)CCN4CCOCC4)C[C@H]2C3)C1,"N-((1S,3S,5R)-6-(((1s,3S)-3-(ethynyl)-3-hydroxycyclobutyl)carbonyl)-6-azabicyclo[3.2.1]octan-3-yl)-3-(morpholin-4-yl)propanamide",,C#CC1(O)CC(C(=O)N2C[C@H]3C[C@H](NC(=O)CCN4CCOCC4)C[C@H]2C3)C1,
18775,O=C(N[C@H]1[C@@H]2CN(C(=O)C3CCCCCCC3)C[C@@H]21)[C@@H](O)c1ccsc1,"(2S)-N-((1R,5S,6s)-3-((cyclooctyl)carbonyl)-3-azabicyclo[3.1.0]hexan-6-yl)-2-hydroxy-2-(thiophen-3-yl)acetamide",,O=C(N[C@H]1[C@@H]2CN(C(=O)C3CCCCCCC3)C[C@@H]21)C(O)c1ccsc1,
18795,C[C@]1(F)C[C@H](C(=O)N2CCCC[C@@H](NC(=O)Cc3ccon3)C2)C1,"N-((3R)-1-(((1r,3R)-3-fluoro-3-methylcyclobutyl)carbonyl)azepan-3-yl)-2-(1,2-oxazol-3-yl)acetamide",,CC1(F)CC(C(=O)N2CCCC[C@@H](NC(=O)Cc3ccon3)C2)C1,
18806,O=C(NC[C@H]1CN(C(=O)[C@@H]2C[C@H]3[C@@H](C2)C3(F)F)CCCO1)c1cn(CCO)nn1,"N-(((2S)-4-(((1R,3r,5S)-6,6-difluorobicyclo[3.1.0]hexan-3-yl)carbonyl)-1,4-oxazepan-2-yl)methyl)-1-(2-hydroxyethyl)-1H-1,2,3-triazole-4-carboxamide",,O=C(NC[C@H]1CN(C(=O)C2C[C@@H]3[C@H](C2)C3(F)F)CCCO1)c1cn(CCO)nn1,
18812,CS(=O)(=O)CCC(=O)N[C@H]1CN(C(=O)[C@H]2C[C@](O)(C(F)F)C2)C2(CCC2)C1,"N-((7R)-5-(((1s,3S)-3-(difluoromethyl)-3-hydroxycyclobutyl)carbonyl)-5-azaspiro[3.4]octan-7-yl)-3-(methylsulfonyl)propanamide",,CS(=O)(=O)CCC(=O)N[C@H]1CN(C(=O)C2CC(O)(C(F)F)C2)C2(CCC2)C1,
18866,C[C@]1(O)C[C@@H](NC(=O)C/C=C/CNC(=O)Cn2ncnn2)C1,"(3E)-N-((1s,3s)-3-hydroxy-3-methylcyclobutyl)-5-(2-(2H-tetrazol-2-yl)acetamido)pent-3-enamide",,C[C@]1(O)C[C@@H](NC(=O)C/C=C/CNC(=O)Cn2ncnn2)C1,
18951,Cn1cc([N+](=O)[O-])c(CC(=O)N2CCCC[C@H](NC(=O)[C@@H]3[C@H]4COC[C@H]43)C2)n1,"(1R,5S,6r)-N-((3S)-1-(2-(1-methyl-4-nitro-1H-pyrazol-3-yl)-acetyl)azepan-3-yl)-3-oxabicyclo[3.1.0]hexane-6-carboxamide",,Cn1cc([N+](=O)[O-])c(CC(=O)N2CCCC[C@H](NC(=O)C3[C@H]4COC[C@@H]34)C2)n1,
18954,CNC(=O)N[C@@H](C)C(=O)N1C[C@H](CC(=O)NC[C@H]2C[C@@H]3CC[C@@H]3C2)C2(CC2)C1,"N-(((1R,3s,5S)-bicyclo[3.2.0]heptan-3-yl)methyl)-2-((7R)-5-((2S)-2-(methylcarbamoylamino)-propionyl)-5-azaspiro[2.4]heptan-7-yl)acetamide",,CNC(=O)NC(C)C(=O)N1C[C@H](CC(=O)NC[C@@H]2C[C@H]3CC[C@H]3C2)C2(CC2)C1,
19012,C[C@H](C(=O)N1C[C@H](C)[C@@H](Nc2nc(C#N)ncc2Cl)[C@H](C)C1)C1CCOCC1,"5-chloro-4-(((3R,4S,5S)-3,5-dimethyl-1-((2S)-2-(oxan-4-yl)-propionyl)piperidin-4-yl)amino)pyrimidine-2-carbonitrile",,CC(C(=O)N1C[C@@H](C)[C@H](Nc2nc(C#N)ncc2Cl)[C@@H](C)C1)C1CCOCC1,
19030,CC(=O)N[C@](C)(C(=O)NC[C@]1(F)C[C@@H](NC(=O)Cc2nnc(O)s2)C1)C1CC1,"(2S)-2-acetamido-2-cyclopropyl-N-(((1s,3R)-1-fluoro-3-(2-(5-hydroxy-1,3,4-thiadiazol-2-yl)acetamido)cyclobutyl)methyl)propanamide",,CC(=O)N[C@](C)(C(=O)NC[C@]1(F)C[C@@H](NC(=O)Cc2n[nH]c(=O)s2)C1)C1CC1,
19078,O=C(N[C@H]1C[C@@H]2CC[C@H](C1)N2C(=O)c1snc(Cl)c1Cl)[C@@H]1C[C@@H]1F,"(1S,2S)-N-((1R,3s,5S)-8-((3,4-dichloro-1,2-thiazol-5-yl)carbonyl)-8-azabicyclo[3.2.1]octan-3-yl)-2-fluorocyclopropanecarboxamide",,O=C(N[C@@H]1C[C@H]2CC[C@@H](C1)N2C(=O)c1snc(Cl)c1Cl)C1C[C@@H]1F,
19106,C[C@H](NC(=O)[C@H]1C[C@@H]2CC[C@@H]2C1)C1CN(C(=O)c2cccn3ccnc23)C1,"(1R,3s,5S)-N-((1S)-1-(1-((imidazo[1,2-a]pyridin-8-yl)carbonyl)azetidin-3-yl)ethyl)bicyclo[3.2.0]heptane-3-carboxamide",,C[C@H](NC(=O)C1C[C@H]2CC[C@H]2C1)C1CN(C(=O)c2cccn3ccnc23)C1,
19356,Cc1ccc(C2CCN(c3ccnc(NC[C@@H]4C[C@H]5[C@@H](C4)C5(F)F)n3)CC2)cc1,"N-(((1R,3r,5S)-6,6-difluorobicyclo[3.1.0]hexan-3-yl)methyl)-4-(4-(4-methylphenyl)piperidin-1-yl)pyrimidin-2-amine",,Cc1ccc(C2CCN(c3ccnc(NC[C@H]4C[C@@H]5[C@H](C4)C5(F)F)n3)CC2)cc1,
19414,C=CCCC(=O)N1C[C@H]2C[C@@H](C(=O)N[C@@H](C)c3ncn(C)n3)C[C@H]2C1,"(1R,5S,7r)-N-((1S)-1-(1-methyl-1H-1,2,4-triazol-3-yl)ethyl)-3-(1-oxopent-4-en-1-yl)-3-azabicyclo[3.3.0]octane-7-carboxamide",,C=CCCC(=O)N1C[C@H]2CC(C(=O)N[C@@H](C)c3ncn(C)n3)C[C@H]2C1,
19515,C[C@@H]1C[C@H](NC(=O)c2cccnc2S)CCN1C(=O)[C@H]1C[C@](F)(CO)C1,"N-((2R,4R)-1-(((1s,3S)-3-fluoro-3-(hydroxymethyl)cyclobutyl)carbonyl)-2-methylpiperidin-4-yl)-2-sulfanylpyridine-3-carboxamide",,C[C@@H]1C[C@H](NC(=O)c2ccc[nH]c2=S)CCN1C(=O)C1CC(F)(CO)C1,
19541,CCN=c1[nH]c(C(=O)N[C@@H]2[C@H]3C[C@H](NC(=O)c4cn5c(n4)CCC5)C[C@H]32)cs1,"N-((1R,3s,5S,6r)-3-(1,4-diazabicyclo[3.3.0]octa-2,4-diene-3-carboxamido)bicyclo[3.1.0]hexan-6-yl)-2-(ethylimino)-3H-1,3-thiazole-4-carboxamide",,CCNc1nc(C(=O)N[C@H]2[C@@H]3C[C@@H](NC(=O)c4cn5c(n4)CCC5)C[C@@H]32)cs1,
19574,CC(C)[C@@H](F)C(=O)N1[C@H]2CC[C@@H]1C[C@@H](NC(=O)c1ncc(Br)cc1O)C2,"5-bromo-N-((1R,3S,5S)-8-((2R)-2-fluoro-3-methyl-butyryl)-8-azabicyclo[3.2.1]octan-3-yl)-3-hydroxypyridine-2-carboxamide",,CC(C)C(F)C(=O)N1[C@@H]2CC[C@H]1C[C@H](NC(=O)c1ncc(Br)cc1O)C2,
19688,C[C@@H]1CN(C(=O)[C@@H]2CCCc3ncccc32)CCN1C(=O)[C@@H]1[C@H]2CC(F)(F)C[C@H]21,"1-((3R)-4-(((1R,5S,6r)-3,3-difluorobicyclo[3.1.0]hexan-6-yl)carbonyl)-3-methylpiperazin-1-yl)-1-((5R)-5,6,7,8-tetrahydroquinolin-5-yl)methanone",,C[C@@H]1CN(C(=O)C2CCCc3ncccc32)CCN1C(=O)C1[C@H]2CC(F)(F)C[C@@H]12,
19884,C[C@@H](CC(=O)N1C[C@@H](F)C[C@H]1C(=O)N[C@@H]1[C@H]2CCCCC[C@H]21)n1ccnc1,"(2S,4S)-N-((1R,7S,8r)-bicyclo[5.1.0]octan-8-yl)-4-fluoro-1-((3S)-3-(1H-imidazol-1-yl)-butyryl)pyrrolidine-2-carboxamide",,C[C@@H](CC(=O)N1C[C@@H](F)CC1C(=O)N[C@H]1[C@@H]2CCCCC[C@@H]21)n1ccnc1,
19901,C[C@H]1[C@@H](C)[C@@H]1C(=O)N1CC(C)(NC(=O)c2cccc(Cn3cncn3)c2)C1,"N-(1-(((1r,2R,3S)-2,3-dimethylcyclopropyl)carbonyl)-3-methylazetidin-3-yl)-3-(1H-1,2,4-triazol-1-ylmethyl)benzamide",,C[C@@H]1C(C(=O)N2CC(C)(NC(=O)c3cccc(Cn4cncn4)c3)C2)[C@@H]1C,
19919,C[C@]1(O)C[C@@H](C(=O)N2CC[C@@H](CNC(=O)[C@@H]3C[C@H]4C=C[C@@H]3C4)C23CCC3)C1,"(1S,2R,4S)-N-(((8S)-5-(((1s,3R)-3-hydroxy-3-methylcyclobutyl)carbonyl)-5-azaspiro[3.4]octan-8-yl)methyl)bicyclo[2.2.1]hept-5-ene-2-carboxamide",,CC1(O)CC(C(=O)N2CC[C@@H](CNC(=O)C3C[C@H]4C=C[C@@H]3C4)C23CCC3)C1,
19948,C[C@H](C(=O)N1C[C@H]2[C@@H](C1)[C@@H]2C(N)=O)C1CCN(C(=O)[C@H]2CCC[C@@H](F)C2)CC1,"(1R,5S,6S)-3-((2S)-2-(1-(((1S,3R)-3-fluorocyclohexyl)carbonyl)piperidin-4-yl)-propionyl)-3-azabicyclo[3.1.0]hexane-6-carboxamide",,CC(C(=O)N1C[C@@H]2C(C(N)=O)[C@@H]2C1)C1CCN(C(=O)C2CCC[C@@H](F)C2)CC1,
19981,CNS(=O)(=O)c1ccc(/C=C/C(=O)N[C@H]2C[C@](C)(NC(=O)C#CC3CC3)C2)cc1,"(2E)-N-((1r,3r)-3-(3-cyclopropylprop-2-ynamido)-3-methylcyclobutyl)-3-(4-(methylsulfamoyl)phenyl)prop-2-enamide",,CNS(=O)(=O)c1ccc(/C=C/C(=O)N[C@H]2C[C@](C)(NC(=O)C#CC3CC3)C2)cc1,
20023,COCCC(C)(C)C(=O)N1C[C@H]2C[C@H](NC(=O)C3=C[C@@H]4CCCCC[C@H]34)C[C@H]2C1,"(1S,7S)-N-((1R,5S,7s)-3-(4-methoxy-2,2-dimethyl-butyryl)-3-azabicyclo[3.3.0]octan-7-yl)bicyclo[5.2.0]non-8-ene-8-carboxamide",,COCCC(C)(C)C(=O)N1C[C@H]2C[C@H](NC(=O)C3=C[C@@H]4CCCCC[C@H]34)C[C@H]2C1,
20109,CCc1c(C(=O)N[C@H]2C[C@](C)(NC(=O)CCCc3nccs3)C2)cnn1C,"5-ethyl-1-methyl-N-((1r,3r)-3-methyl-3-(4-(1,3-thiazol-2-yl)butanamido)cyclobutyl)-1H-pyrazole-4-carboxamide",,CCc1c(C(=O)N[C@H]2C[C@](C)(NC(=O)CCCc3nccs3)C2)cnn1C,
20126,C[C@@H](CC1CCC1)C(=O)N1C[C@H]2[C@H](N(C)C(=O)c3ccc([N+](=O)[O-])n3C)[C@H]2C1,"N-((1R,5S,6R)-3-((2S)-3-cyclobutyl-2-methyl-propionyl)-3-azabicyclo[3.1.0]hexan-6-yl)-1,N-dimethyl-5-nitro-1H-pyrrole-2-carboxamide",,CC(CC1CCC1)C(=O)N1C[C@@H]2[C@H](C1)[C@H]2N(C)C(=O)c1ccc([N+](=O)[O-])n1C,
20230,CC(C)NC(=O)C(=O)N[C@]1(C(=O)N2CCO[C@H](C3(C)CC3)C2)C[C@H](O)C1,"N'-((1s,3S)-3-hydroxy-1-(((2R)-2-(1-methylcyclopropyl)morpholin-4-yl)carbonyl)cyclobutyl)-N-(propan-2-yl)ethanediamide",,CC(C)NC(=O)C(=O)N[C@]1(C(=O)N2CCO[C@H](C3(C)CC3)C2)C[C@H](O)C1,
20315,CC(C)S[C@H](C)C(=O)N[C@H]1C[C@]2(CCCCN2C(=O)C2=NO[C@]3(CCOC3)C2)C1,"(2R)-N-(5-(((5S)-1,7-dioxa-2-azaspiro[4.4]non-2-en-3-yl)carbonyl)-5-azaspiro[3.5]nonan-2-yl)-2-((propan-2-yl)sulfanyl)propanamide",O1N=C(C[C@]12COCC2)C(=O)N2C1(CC(C1)NC([C@@H](C)SC(C)C)=O)CCCC2,CC(C)SC(C)C(=O)N[C@H]1C[C@]2(CCCCN2C(=O)C2=NO[C@]3(CCOC3)C2)C1,CC(C)SC(C)C(=O)NC1CC2(CCCCN2C(=O)C2=NO[C@]3(CCOC3)C2)C1
20384,CC[C@H](OC)C(=O)N1C[C@H]2[C@H](N(C)C(=O)c3cc(CF)on3)[C@H]2C1,"5-(fluoromethyl)-N-((1R,5S,6R)-3-((2S)-2-methoxy-butyryl)-3-azabicyclo[3.1.0]hexan-6-yl)-N-methyl-1,2-oxazole-3-carboxamide",,CCC(OC)C(=O)N1C[C@@H]2[C@H](C1)[C@H]2N(C)C(=O)c1cc(CF)on1,
20397,CC[C@]1(C(=O)N2CCC[C@H](N(C)C(=O)CCC3(C)CC3)C2)CC[C@@H](O)CC1,"N-((3S)-1-(((1s,4R)-1-ethyl-4-hydroxycyclohexyl)carbonyl)piperidin-3-yl)-N-methyl-3-(1-methylcyclopropyl)propanamide",,CC[C@]1(C(=O)N2CCC[C@H](N(C)C(=O)CCC3(C)CC3)C2)CC[C@@H](O)CC1,
20399,CN(CC(=O)N[C@H]1[C@@H]2CN(C(=O)Cc3cncc(O)c3)C[C@@H]21)C(=O)c1ccoc1,"N-((1R,5S,6s)-3-(2-(5-hydroxypyridin-3-yl)-acetyl)-3-azabicyclo[3.1.0]hexan-6-yl)-2-(N-methylfuran-3-carboxamido)acetamide",,CN(CC(=O)N[C@H]1[C@@H]2CN(C(=O)Cc3cncc(O)c3)C[C@@H]21)C(=O)c1ccoc1,
20535,CNC(=O)N[C@@H](C)C(=O)N1[C@H]2CC[C@@H]1C[C@@H](CNC(=O)[C@@H](C)SC)C2,"(2R)-N-(((1R,3R,5S)-8-((2S)-2-(methylcarbamoylamino)-propionyl)-8-azabicyclo[3.2.1]octan-3-yl)methyl)-2-(methylsulfanyl)propanamide",,CNC(=O)NC(C)C(=O)N1[C@@H]2CC[C@H]1C[C@H](CNC(=O)C(C)SC)C2,
20596,CC(C)=C(C)C(=O)N[C@H]1C[C@H](F)CN(C(=O)[C@]2(C)C[C@@H](C#N)C2)C1,"N-((3S,5S)-5-fluoro-1-(((1r,3S)-1-methyl-3-(nitrilomethyl)cyclobutyl)carbonyl)piperidin-3-yl)-2,3-dimethylbut-2-enamide",,CC(C)=C(C)C(=O)N[C@H]1C[C@H](F)CN(C(=O)[C@]2(C)C[C@@H](C#N)C2)C1,
20635,C[C@](CCOCCBr)(N[C@@H]1[C@H]2CCCC[C@H]21)c1nnnn1CC1CC1,"(1R,6S,7r)-N-((2R)-4-((2-bromoethyl)oxy)-2-(1-(cyclopropylmethyl)-1H-tetrazol-5-yl)butan-2-yl)bicyclo[4.1.0]heptan-7-amine",,C[C@](CCOCCBr)(N[C@H]1[C@@H]2CCCC[C@@H]21)c1nnnn1CC1CC1,
20643,CCCc1cc(C(=O)N(C)C2CCN(C(=O)[C@H]3C[C@@](C)(O)C3)CC2)ccn1,"N-(1-(((1s,3s)-3-hydroxy-3-methylcyclobutyl)carbonyl)piperidin-4-yl)-N-methyl-2-propylpyridine-4-carboxamide",,CCCc1cc(C(=O)N(C)C2CCN(C(=O)C3CC(C)(O)C3)CC2)ccn1,
20710,C#CC[C@]1(O)C[C@@H](C(=O)N2CC[C@@H]3C[C@]3(C(=O)NC[C@H]3NC(=O)NC3=O)CC2)C1,"(1S,7S)-N-(((4R)-2,5-dioxoimidazolidin-4-yl)methyl)-4-(((1s,3R)-3-hydroxy-3-(prop-2-yn-1-yl)cyclobutyl)carbonyl)-4-azabicyclo[5.1.0]octane-1-carboxamide",,C#CCC1(O)CC(C(=O)N2CC[C@@H]3C[C@]3(C(=O)NCc3[nH]c(=O)[nH]c3O)CC2)C1,
20768,CCOC(=O)CCC(=O)NC[C@]1(F)C[C@H](CNC(=O)C2CC(C)(C(C)(C)C)C2)C1,"ethyl 3-((((1r,3r)-3-((3-(tert-butyl)-3-methylcyclobutanecarboxamido)methyl)-1-fluorocyclobutyl)methyl)carbamoyl)propanoate",,CCOC(=O)CCC(=O)NC[C@]1(F)C[C@H](CNC(=O)C2CC(C)(C(C)(C)C)C2)C1,
20961,Cn1nccc(C(=O)N2CCC[C@@H](NC(=O)[C@@H]3[C@H]4[C@@H]5CC[C@@H](C5)[C@H]43)C2)c1=O,"(1R,2S,3r,4R,5S)-N-((3R)-1-((2-methyl-3-oxo-2H-pyridazin-4-yl)carbonyl)piperidin-3-yl)tricyclo[3.2.1.0^{2,4}]octane-3-carboxamide",,Cn1nccc(C(=O)N2CCC[C@@H](NC(=O)C3[C@@H]4[C@H]5CC[C@H](C5)[C@H]34)C2)c1=O,
20963,C[C@H]1CN(C(=O)[C@@H]2CCc3nnn(C)c3C2)C[C@H]1NC(=O)c1nncs1,"N-((3S,4S)-4-methyl-1-(((5R)-3-methyl-4,5,6,7-tetrahydro-1H-benzotriazol-5-yl)carbonyl)pyrrolidin-3-yl)-1,3,4-thiadiazole-2-carboxamide",C[C@@H]1[C@@H](CN(C1)C(=O)[C@H]1CC2=C(NNN2C)CC1)NC(=O)C=1SC=NN1,C[C@H]1CN(C(=O)C2CCc3nnn(C)c3C2)C[C@H]1NC(=O)c1nncs1,C[C@H]1CN(C(=O)C2CCC3=C(C2)N(C)NN3)C[C@H]1NC(=O)c1nncs1
21039,CCc1cc(C(F)(F)F)ccc1C(=O)N(C)[C@H]1[C@@H]2CN(C(=O)C[C@@H](C)OC)C[C@@H]21,"2-ethyl-N-((1R,5S,6S)-3-((3R)-3-methoxy-butyryl)-3-azabicyclo[3.1.0]hexan-6-yl)-N-methyl-4-(trifluoromethyl)benzamide",,CCc1cc(C(F)(F)F)ccc1C(=O)N(C)[C@H]1[C@@H]2CN(C(=O)C[C@@H](C)OC)C[C@@H]21,
21059,CC1=C(C(=O)N2CCC3(C2)CN(C(=O)[C@H]2C[C@@H]4CC[C@H](C2)C4=O)C3)CC1,"(1R,3s,5S)-3-((6-((2-methylcyclobut-1-en-1-yl)carbonyl)-2,6-diazaspiro[3.4]octan-2-yl)carbonyl)bicyclo[3.2.1]octan-8-one",,CC1=C(C(=O)N2CCC3(C2)CN(C(=O)C2CC4CCC(C2)C4=O)C3)CC1,
21118,NC(=O)C(=O)N[C@H]1COC2(CNC(=O)[C@H]3C[C@@H]4OC(=O)O[C@@H]4C3)CC1C2,"N'-((4R)-1-(((1R,5S,7s)-3-oxo-2,4-dioxabicyclo[3.3.0]octane-7-carboxamido)methyl)-2-oxabicyclo[3.1.1]heptan-4-yl)ethanediamide",,NC(=O)C(=O)N[C@H]1COC2(CNC(=O)C3C[C@@H]4OC(=O)O[C@@H]4C3)CC1C2,
21143,C#CC1(OCC(=O)N[C@H]2C[C@@](C)(NC(=O)[C@H]3CNC(=O)N3)C2)COC1,"2-((3-(ethynyl)oxetan-3-yl)oxy)-N-((1S,3s)-3-methyl-3-((4R)-2-oxoimidazolidine-4-carboxamido)cyclobutyl)acetamide",,C#CC1(OCC(=O)N[C@H]2C[C@@](C)(NC(=O)C3CNC(=O)N3)C2)COC1,
21244,Cc1cc(C(=O)N[C@H]2CCCCCC[C@H]2NC(=O)[C@@H]2[C@H]3CN(C)C[C@H]32)on1,"3-methyl-N-((1S,2R)-2-((1R,5S,6r)-3-methyl-3-azabicyclo[3.1.0]hexane-6-carboxamido)cyclooctyl)-1,2-oxazole-5-carboxamide",,Cc1cc(C(=O)N[C@H]2CCCCCC[C@H]2NC(=O)C2[C@H]3CN(C)C[C@@H]23)on1,
21343,Cc1c(NC(=O)[C@H]2[C@H]3CN(C(=O)c4ccc(Cl)nc4)C[C@H]32)cccc1[N+](=O)[O-],"(1R,5S,6s)-3-((6-chloropyridin-3-yl)carbonyl)-N-(2-methyl-3-nitrophenyl)-3-azabicyclo[3.1.0]hexane-6-carboxamide",,Cc1c(NC(=O)C2[C@H]3CN(C(=O)c4ccc(Cl)nc4)C[C@@H]23)cccc1[N+](=O)[O-],
21387,CC(C)C[C@@H](ONC(=O)c1cc(C2CC2)on1)C(=O)NC[C@@H]1[C@H]2CCCCC[C@H]21,"N-(((2R)-1-((((1R,7S,8r)-bicyclo[5.1.0]octan-8-yl)methyl)amino)-4-methyl-1-oxopentan-2-yl)oxy)-5-cyclopropyl-1,2-oxazole-3-carboxamide",,CC(C)CC(ONC(=O)c1cc(C2CC2)on1)C(=O)NC[C@H]1[C@@H]2CCCCC[C@@H]21,
21469,CCC(C)(C)CCCC(=O)N1[C@H]2CC[C@@H]1C[C@H](NC(=O)c1ccc(C(C)C)s1)C2,"N-((1R,3r,5S)-8-(5,5-dimethyl-1-oxoheptyl)-8-azabicyclo[3.2.1]octan-3-yl)-5-(propan-2-yl)thiophene-2-carboxamide",,CCC(C)(C)CCCC(=O)N1[C@@H]2CC[C@H]1C[C@@H](NC(=O)c1ccc(C(C)C)s1)C2,
21586,COC(=O)[C@]1(C(=O)N[C@H]2C[C@](F)(CNC(=O)CN(C)c3cnccn3)C2)C[C@H]1C,"methyl (1R,2R)-1-(((1s,3S)-3-fluoro-3-((2-((pyrazin-2-yl)(methyl)amino)acetamido)methyl)cyclobutyl)carbamoyl)-2-methylcyclopropanecarboxylate",,COC(=O)[C@]1(C(=O)N[C@H]2C[C@](F)(CNC(=O)CN(C)c3cnccn3)C2)C[C@H]1C,
21606,Cc1ccc(C(=O)N2[C@H]3CCC[C@@H]2C[C@@H](NC(=O)c2ccc(C(F)(F)F)[nH]2)C3)o1,"N-((1R,3s,5S)-9-((5-methylfuran-2-yl)carbonyl)-9-azabicyclo[3.3.1]nonan-3-yl)-5-(trifluoromethyl)-1H-pyrrole-2-carboxamide",,Cc1ccc(C(=O)N2[C@@H]3CCC[C@H]2C[C@H](NC(=O)c2ccc(C(F)(F)F)[nH]2)C3)o1,
21623,O=C(NC[C@]1(F)C[C@H](CNC(=O)[C@@H](F)C[C@@H]2CCOC2)C1)c1nncs1,"N-(((1S,3r)-1-fluoro-3-(((2S)-2-fluoro-3-((3S)-oxolan-3-yl)propanamido)methyl)cyclobutyl)methyl)-1,3,4-thiadiazole-2-carboxamide",,O=C(NC[C@]1(F)C[C@H](CNC(=O)C(F)C[C@@H]2CCOC2)C1)c1nncs1,
21646,C=CCNC(=O)[C@H](C)N1C[C@H]2[C@H](CNC(=O)[C@@H]3CCO[C@H](C)C3)[C@H]2C1,"(2S)-2-((1R,5S,6S)-6-(((2R,4R)-2-methyloxane-4-carboxamido)methyl)-3-azabicyclo[3.1.0]hexan-3-yl)-N-(prop-2-en-1-yl)propanamide",,C=CCNC(=O)C(C)N1C[C@@H]2[C@@H](CNC(=O)C3CCO[C@H](C)C3)[C@@H]2C1,
21705,CC(CC(C)(F)F)C(=O)N1[C@@H]2CC[C@H]1C[C@H](NC(=O)C1=CN=C3NC=CC3=C1)C2,"N-((1R,3s,5S)-8-(4,4-difluoro-2-methyl-pentanoyl)-8-azabicyclo[3.2.1]octan-3-yl)-1H-pyrrolo[2,3-b]pyridine-5-carboxamide",,CC(CC(C)(F)F)C(=O)N1[C@@H]2CC[C@H]1C[C@H](NC(=O)c1cnc3[nH]ccc3c1)C2,
21743,COc1cccc(Cl)c1C(=O)N[C@H]1[C@@H]2CN(C(=O)c3ccc(Cl)c(F)c3)C[C@@H]21,"2-chloro-N-((1R,5S,6s)-3-((4-chloro-3-fluorophenyl)carbonyl)-3-azabicyclo[3.1.0]hexan-6-yl)-6-methoxybenzamide",,COc1cccc(Cl)c1C(=O)N[C@H]1[C@@H]2CN(C(=O)c3ccc(Cl)c(F)c3)C[C@@H]21,
21757,Cc1nccn1CCNC(=O)[C@H]1[C@H]2CN(C(=O)c3ccc(C(C)C)c(Br)c3)C[C@H]21,"(1R,5S,6s)-3-((3-bromo-4-(propan-2-yl)phenyl)carbonyl)-N-(2-(2-methyl-1H-imidazol-1-yl)ethyl)-3-azabicyclo[3.1.0]hexane-6-carboxamide",,Cc1nccn1CCNC(=O)C1[C@H]2CN(C(=O)c3ccc(C(C)C)c(Br)c3)C[C@@H]12,
21766,CC[C@@](C)(CNC(=O)/C=C/CCC(C)C)NC(=O)[C@@H]1[C@H]2CCCC[C@H]21,"(2E)-N-((2S)-2-((1R,6S,7r)-bicyclo[4.1.0]heptane-7-carboxamido)-2-methylbutyl)-6-methylhept-2-enamide",,CC[C@@](C)(CNC(=O)/C=C/CCC(C)C)NC(=O)C1[C@H]2CCCC[C@@H]12,
21770,C[C@H](C(=O)N[C@]1(C)C[C@H](NC(=O)c2[nH]ccc2C2CC2)C1)[C@@H]1CCC(=O)N1,"(2S)-N-((1s,3R)-3-(3-cyclopropyl-1H-pyrrole-2-carboxamido)-1-methylcyclobutyl)-2-((2S)-5-oxopyrrolidin-2-yl)propanamide",,CC(C(=O)N[C@]1(C)C[C@H](NC(=O)c2[nH]ccc2C2CC2)C1)[C@@H]1CCC(=O)N1,
21774,CCCC[C@@H](O)C(=O)N1C[C@H]2[C@H](CNC(=O)c3ccc(CN4CCCC4)o3)[C@H]2C1,"N-(((1R,5S,6R)-3-((2R)-2-hydroxy-hexanoyl)-3-azabicyclo[3.1.0]hexan-6-yl)methyl)-5-(pyrrolidin-1-ylmethyl)furan-2-carboxamide",,CCCCC(O)C(=O)N1C[C@@H]2[C@@H](CNC(=O)c3ccc(CN4CCCC4)o3)[C@@H]2C1,
21783,CSc1ccc(CN[C@@H]2[C@@H]3CN(C(=O)CCC(C)C)C[C@@H]32)s1,"4-methyl-1-((1R,5S,6r)-6-(((5-(methylsulfanyl)thiophen-2-yl)methyl)amino)-3-azabicyclo[3.1.0]hexan-3-yl)pentan-1-one",,CSc1ccc(CN[C@@H]2[C@@H]3CN(C(=O)CCC(C)C)C[C@@H]32)s1,
21834,Cn1cc(C(=O)N2C[C@H]3[C@H](NC(=O)[C@@H](F)C(F)(F)F)[C@H]3C2)nc1-c1ccccn1,"(2R)-2,3,3,3-tetrafluoro-N-((1R,5S,6s)-3-((1-methyl-2-(pyridin-2-yl)-1H-imidazol-4-yl)carbonyl)-3-azabicyclo[3.1.0]hexan-6-yl)propanamide",,Cn1cc(C(=O)N2C[C@@H]3[C@H](C2)[C@H]3NC(=O)C(F)C(F)(F)F)nc1-c1ccccn1,
21907,C[C@@H]1[C@H](C(=O)NC[C@H]2C[C@@](F)(CNC(=O)C(C)(C)O)C2)[C@@H]1C,"(1s,2R,3S)-N-(((1r,3r)-3-fluoro-3-((2-hydroxy-2-methylpropanamido)methyl)cyclobutyl)methyl)-2,3-dimethylcyclopropanecarboxamide",,C[C@@H]1C(C(=O)NC[C@H]2C[C@@](F)(CNC(=O)C(C)(C)O)C2)[C@@H]1C,
21938,C#C[C@@H]1CCCN1[C@H](C(=O)Nc1cccc(OC)c1)[C@H]1C[C@@H]2OC(C)(C)O[C@@H]2C1,"(2S)-2-((1R,5S,7s)-3,3-dimethyl-2,4-dioxabicyclo[3.3.0]octan-7-yl)-2-((2S)-2-(ethynyl)pyrrolidin-1-yl)-N-(3-methoxyphenyl)acetamide",,C#C[C@@H]1CCCN1C(C(=O)Nc1cccc(OC)c1)[C@H]1C[C@@H]2OC(C)(C)O[C@@H]2C1,
21942,CCC[C@@H](C)CC(=O)N1CCO[C@]2(CC[C@H](Nc3ncncc3OC)CC2)C1,(3R)-1-(9-((5-methoxypyrimidin-4-yl)amino)-1-oxa-4-azaspiro[5.5]undecan-4-yl)-3-methylhexan-1-one,COC=1C(=NC=NC1)NC1CCC2(CN(CCO2)C(C[C@@H](CCC)C)=O)CC1,CCC[C@@H](C)CC(=O)N1CCO[C@]2(CC[C@H](Nc3ncncc3OC)CC2)C1,CCC[C@@H](C)CC(=O)N1CCOC2(CCC(Nc3ncncc3OC)CC2)C1
21969,C[C@H](NC(=O)[C@H]1C[C@@H]2C[C@@H]2C1)c1nocc1C(=O)N1CCC(O)(C(N)=O)CC1,"1-((3-((1S)-1-((1R,3s,5S)-bicyclo[3.1.0]hexane-3-carboxamido)ethyl)-1,2-oxazol-4-yl)carbonyl)-4-hydroxypiperidine-4-carboxamide",,C[C@H](NC(=O)C1C[C@@H]2C[C@@H]2C1)c1nocc1C(=O)N1CCC(O)(C(N)=O)CC1,
21986,CC(C)Sc1ccc(C(=O)N[C@H]2C[C@](C)(NC(=O)C[C@H]3CCC[C@@H](C)C3)C2)cc1,"N-((1S,3r)-3-methyl-3-(2-((1S,3R)-3-methylcyclohexyl)acetamido)cyclobutyl)-4-((propan-2-yl)sulfanyl)benzamide",,CC(C)Sc1ccc(C(=O)N[C@H]2C[C@](C)(NC(=O)C[C@H]3CCC[C@@H](C)C3)C2)cc1,
22017,COC1(C)CN(CC(=O)N2[C@@H]3COC[C@H]2C[C@@H](NC(=O)[C@]2(C)CCC[C@H]2O)C3)C1,"(1R,2R)-2-hydroxy-N-((1R,5S,7s)-9-(2-(3-methoxy-3-methylazetidin-1-yl)-acetyl)-3-oxa-9-azabicyclo[3.3.1]nonan-7-yl)-1-methylcyclopentanecarboxamide",,COC1(C)CN(CC(=O)N2[C@@H]3COC[C@H]2C[C@@H](NC(=O)[C@]2(C)CCC[C@H]2O)C3)C1,
22104,CO[C@@](C)(C(=O)NC[C@]1(F)C[C@@H](NC(=O)CCCC(C)(C)C)C1)C1CC1,"N-((1S,3s)-3-(((2R)-2-cyclopropyl-2-methoxypropanamido)methyl)-3-fluorocyclobutyl)-5,5-dimethylhexanamide",,CO[C@@](C)(C(=O)NC[C@]1(F)C[C@@H](NC(=O)CCCC(C)(C)C)C1)C1CC1,
22164,Cn1nccc1COCC(=O)N[C@H]1C[C@@](C)(NC(=O)C2CCC3(CC2)CC3)C1,"2-(((1-methyl-1H-pyrazol-5-yl)methyl)oxy)-N-((1s,3s)-3-methyl-3-(spiro[2.5]octane-6-carboxamido)cyclobutyl)acetamide",,Cn1nccc1COCC(=O)N[C@H]1C[C@@](C)(NC(=O)C2CCC3(CC2)CC3)C1,
22165,CCN(C)CC(=O)N1C[C@H]2[C@H](NC(=O)C=Cc3ccc([N+](=O)[O-])s3)[C@H]2C1,"N-((1R,5S,6s)-3-(2-((ethyl)(methyl)amino)-acetyl)-3-azabicyclo[3.1.0]hexan-6-yl)-3-(5-nitrothiophen-2-yl)prop-2-enamide",,CCN(C)CC(=O)N1C[C@@H]2[C@H](C1)[C@H]2NC(=O)C=Cc1ccc([N+](=O)[O-])s1,
22175,CCCCC/C=C/C=C/C(=O)N1[C@H]2CC[C@@H]1C[C@H](NC(=O)[C@]1(C)COCCO1)C2,"(2S)-2-methyl-N-((1R,3r,5S)-8-((2E,4E)-1-oxodeca-2,4-dien-1-yl)-8-azabicyclo[3.2.1]octan-3-yl)-1,4-dioxane-2-carboxamide",,CCCCC=CC=CCC(=O)N1[C@@H]2CC[C@H]1C[C@@H](NC(=O)[C@]1(C)COCCO1)C2,
22183,CCC[C@H](C(=O)N[C@H](Cc1cc[nH]n1)C(=O)N[C@H]1C[C@@](C)(O)C1)N(C)C,"(2R)-2-(dimethylamino)-N-((2R)-1-(((1s,3S)-3-hydroxy-3-methylcyclobutyl)amino)-1-oxo-3-(1H-pyrazol-3-yl)propan-2-yl)pentanamide",,CCCC(C(=O)NC(Cc1cc[nH]n1)C(=O)N[C@H]1C[C@@](C)(O)C1)N(C)C,
22186,CCCC(C)(C)C(=O)N[C@H]1CC2(CN(C(=O)CC(F)(F)C(F)F)C2)n2ccnc21,"2,2-dimethyl-N-((6S)-spiro[1,4-diazabicyclo[3.3.0]octa-2,4-diene-8,3'-(1-(1-azacyclobutan-1-yl)-3,3,4,4-tetrafluorobutane)]-6-yl-1'-one)pentanamide",,CCCC(C)(C)C(=O)N[C@H]1CC2(CN(C(=O)CC(F)(F)C(F)F)C2)n2ccnc21,
22208,CCC[C@H](C#N)C(=O)N[C@H]1C[C@](C)(NC(=O)CC[C@@H](C)S(C)(=O)=O)C1,"(2R)-2-cyano-N-((1R,3R)-3-methyl-3-((4R)-4-(methylsulfonyl)pentanamido)cyclobutyl)pentanamide",,CCCC(C#N)C(=O)N[C@H]1C[C@](C)(NC(=O)CC[C@@H](C)S(C)(=O)=O)C1,
22292,CO[C@H](C)CCC(=O)N1[C@H]2CC[C@@H]1C[C@@H](CNC(=O)c1cc(Cl)cnc1C)C2,"5-chloro-N-(((1R,3S,5S)-8-((4R)-4-methoxy-pentanoyl)-8-azabicyclo[3.2.1]octan-3-yl)methyl)-2-methylpyridine-3-carboxamide",,CO[C@H](C)CCC(=O)N1[C@@H]2CC[C@H]1C[C@H](CNC(=O)c1cc(Cl)cnc1C)C2,
22295,Cn1nc(CNC(=O)[C@@]2(C)CCCCO2)c2c1CCN(C(=O)[C@@H]1[C@H]3COC[C@H]31)C2,"(2R)-2-methyl-N-((1-methyl-5-(((1R,5S,6r)-3-oxabicyclo[3.1.0]hexan-6-yl)carbonyl)-4,5,6,7-tetrahydro-1H-pyrazolo[4,3-c]pyridin-3-yl)methyl)oxane-2-carboxamide",,Cn1nc(CNC(=O)[C@@]2(C)CCCCO2)c2c1CCN(C(=O)C1[C@H]3COC[C@@H]13)C2,
22412,O=C(C[C@H]1[C@@H]2CN(C(=O)c3cccc(CO)n3)C[C@H]12)N1C[C@H]2CC[C@H]2C1,"1-((1R,5S)-3-azabicyclo[3.2.0]heptan-3-yl)-2-((1R,5S,6s)-3-((6-(hydroxymethyl)pyridin-2-yl)carbonyl)-3-azabicyclo[3.1.0]hexan-6-yl)ethan-1-one",,O=C(C[C@@H]1[C@H]2CN(C(=O)c3cccc(CO)n3)C[C@@H]12)N1C[C@H]2CC[C@H]2C1,
22430,CC/C=C/C[C@H](C)C(=O)N1CCCN(C(=O)[C@H]2C[C@@](F)(CO)C2)[C@@H](C)C1,"(2S,4E)-1-((3S)-4-(((1r,3S)-3-fluoro-3-(hydroxymethyl)cyclobutyl)carbonyl)-3-methyl-1,4-diazepan-1-yl)-2-methylhept-4-en-1-one",,CC/C=C/CC(C)C(=O)N1CCCN(C(=O)C2CC(F)(CO)C2)[C@@H](C)C1,
22435,CC(C)CC[C@@H](O)C(=O)N(C)[C@H]1C[C@@H]2CC[C@H](C1)N2C(=O)C(C)(F)F,"(2R)-N-((1R,3s,5S)-8-(2,2-difluoro-propionyl)-8-azabicyclo[3.2.1]octan-3-yl)-2-hydroxy-5,N-dimethylhexanamide",,CC(C)CCC(O)C(=O)N(C)[C@@H]1C[C@H]2CC[C@@H](C1)N2C(=O)C(C)(F)F,
22475,C=C[C@@H]1CC[C@H]1C(=O)N[C@]1(C)C[C@H](NC(=O)[C@@H](C)c2ccc(F)c(Cl)c2)C1,"(1R,2S)-N-((1R,3S)-3-((2S)-2-(3-chloro-4-fluorophenyl)propanamido)-1-methylcyclobutyl)-2-ethenylcyclobutanecarboxamide",,C=C[C@@H]1CCC1C(=O)N[C@]1(C)C[C@H](NC(=O)C(C)c2ccc(F)c(Cl)c2)C1,
22570,C[C@H]1CC(C)(C(=O)NC[C@@H]2C[C@@H]3CC[C@H](C2)N3C(=O)C(C)(C)CF)C[C@H](C)O1,"(2S,6S)-N-(((1R,3r,5S)-8-(3-fluoro-2,2-dimethyl-propionyl)-8-azabicyclo[3.2.1]octan-3-yl)methyl)-2,4,6-trimethyloxane-4-carboxamide",,C[C@H]1CC(C)(C(=O)NC[C@H]2C[C@H]3CC[C@@H](C2)N3C(=O)C(C)(C)CF)C[C@H](C)O1,
22673,CC[C@@H](O)C(=O)N1CCOC[C@@H]1CC(=O)N[C@@H]1C[C@H](O)[C@H](O)C1,"N-((1r,3R,4S)-3,4-dihydroxycyclopentyl)-2-((3S)-4-((2R)-2-hydroxy-butyryl)morpholin-3-yl)acetamide",,CCC(O)C(=O)N1CCOC[C@@H]1CC(=O)N[C@H]1C[C@@H](O)[C@@H](O)C1,
22676,CCC[C@H](C)CC(=O)N[C@]1(C)C[C@H](NC(=O)[C@H](CC(=O)OC)NC(C)=O)C1,"methyl (3S)-3-acetamido-3-(((1R,3R)-3-methyl-3-((3S)-3-methylhexanamido)cyclobutyl)carbamoyl)propanoate",,CCC[C@H](C)CC(=O)N[C@]1(C)C[C@H](NC(=O)C(CC(=O)OC)NC(C)=O)C1,
22712,O=C(NC[C@]1(F)C[C@@H](NC(=O)c2cncn2-c2ccccc2)C1)c1nsnc1O,"N-(((1s,3s)-1-fluoro-3-(1-phenyl-1H-imidazole-5-carboxamido)cyclobutyl)methyl)-4-hydroxy-1,2,5-thiadiazole-3-carboxamide",,O=C(NC[C@]1(F)C[C@@H](NC(=O)c2cncn2-c2ccccc2)C1)c1ns[nH]c1=O,
22758,CNc1snc(C)c1C(=O)N[C@H]1C[C@@](C)(NC(=O)COCC(C)C)C1,"N-((1s,3s)-3-(2-isobutoxyacetamido)-3-methylcyclobutyl)-3-methyl-5-(methylamino)-1,2-thiazole-4-carboxamide",,CNc1snc(C)c1C(=O)N[C@H]1C[C@@](C)(NC(=O)COCC(C)C)C1,
22782,C#Cc1ccc(C(=O)NC[C@H]2C[C@@](F)(CNC(=O)[C@H]3CSCCS3)C2)cc1,"(2S)-N-(((1r,3S)-3-((4-(ethynyl)benzamido)methyl)-1-fluorocyclobutyl)methyl)-1,4-dithiane-2-carboxamide",,C#Cc1ccc(C(=O)NC[C@H]2C[C@@](F)(CNC(=O)C3CSCCS3)C2)cc1,
22843,CC[C@]1(C(=O)N2C[C@H]3[C@H](NC(=O)Cc4c(C)nc5n4CCCC5)[C@H]3C2)CCOC1,"N-((1R,5S,6R)-3-(((3S)-3-ethyloxolan-3-yl)carbonyl)-3-azabicyclo[3.1.0]hexan-6-yl)-2-(2-methyl-5,6,7,8-tetrahydroimidazo[1,2-a]pyridin-3-yl)acetamide",,CC[C@]1(C(=O)N2C[C@@H]3[C@H](C2)[C@H]3NC(=O)Cc2c(C)nc3n2CCCC3)CCOC1,
22866,CSC[C@H](C)C(=O)N1[C@H]2CC[C@@H]1C[C@H](CNC(=O)c1ccc(CF)cc1)C2,"4-(fluoromethyl)-N-(((1R,3R,5S)-8-((2R)-2-methyl-3-(methylsulfanyl)-propionyl)-8-azabicyclo[3.2.1]octan-3-yl)methyl)benzamide",,CSCC(C)C(=O)N1[C@@H]2CC[C@H]1C[C@@H](CNC(=O)c1ccc(CF)cc1)C2,
22871,C[C@@H](C(=O)NC[C@H]1C[C@@H]2C[C@@H]2C1)n1cc(COc2ccc(F)cc2N)nn1,"(2S)-2-(4-(((2-amino-4-fluorophenyl)oxy)methyl)-1H-1,2,3-triazol-1-yl)-N-(((1R,3s,5S)-bicyclo[3.1.0]hexan-3-yl)methyl)propanamide",,CC(C(=O)NC[C@H]1C[C@@H]2C[C@@H]2C1)n1cc(COc2ccc(F)cc2N)nn1,
22891,CCc1nc(N2[C@H]3CC[C@@H]2C[C@@H](CNC(=O)C2CCC(C)CC2)C3)[nH]c(=N)n1,"N-(((1R,3s,5S)-8-(4-ethyl-6-imino-1H-1,3,5-triazin-2-yl)-8-azabicyclo[3.2.1]octan-3-yl)methyl)-4-methylcyclohexanecarboxamide",,CCc1nc(N)nc(N2[C@@H]3CC[C@H]2C[C@H](CNC(=O)C2CCC(C)CC2)C3)n1,
22892,CCNC(=O)CC(=O)NC[C@H]1C[C@](F)(CNC(=O)C[C@H]2OCCCC2(C)C)C1,"N'-(((1S,3s)-3-((2-((2R)-3,3-dimethyloxan-2-yl)acetamido)methyl)-3-fluorocyclobutyl)methyl)-N-ethylpropanediamide",,CCNC(=O)CC(=O)NC[C@H]1C[C@](F)(CNC(=O)C[C@H]2OCCCC2(C)C)C1,
22909,C[C@@H]1[C@H](C(=O)N2CCCC[C@H](NC(=O)c3ccc4c(c3O)CCCC4)C2)[C@@H]1C,"N-((3S)-1-(((1s,2R,3S)-2,3-dimethylcyclopropyl)carbonyl)azepan-3-yl)-1-hydroxy-5,6,7,8-tetrahydronaphthalene-2-carboxamide",,C[C@@H]1C(C(=O)N2CCCC[C@H](NC(=O)c3ccc4c(c3O)CCCC4)C2)[C@@H]1C,
22929,CCCCO[C@H](C)C(=O)NC[C@H]1C[C@](F)(CNC(=O)c2ccnn2CC(C)C)C1,"(2R)-2-butoxy-N-(((1s,3S)-3-fluoro-3-((1-(2-methylpropyl)-1H-pyrazole-5-carboxamido)methyl)cyclobutyl)methyl)propanamide",,CCCCOC(C)C(=O)NC[C@H]1C[C@](F)(CNC(=O)c2ccnn2CC(C)C)C1,
22944,Cc1nc(C)c(C(=O)N2C[C@H]3[C@H](NC(=O)CNC(=O)C4CCC4)[C@H]3C2)nc1C,"2-cyclobutanecarboxamido-N-((1R,5S,6s)-3-((3,5,6-trimethylpyrazin-2-yl)carbonyl)-3-azabicyclo[3.1.0]hexan-6-yl)acetamide",,Cc1nc(C)c(C(=O)N2C[C@@H]3[C@H](C2)[C@H]3NC(=O)CNC(=O)C2CCC2)nc1C,
23072,CCOC[C@@H]1CCCN(C(=O)[C@@H](NC(=O)OC(C)(C)C)[C@H]2C[C@@H]3C[C@@H]3C2)C1,"tert-butyl (((1S)-1-((1R,3s,5S)-bicyclo[3.1.0]hexan-3-yl)-2-((3R)-3-(ethoxymethyl)piperidin-1-yl)-2-oxoethyl)amino)formate",,CCOC[C@@H]1CCCN(C(=O)C(NC(=O)OC(C)(C)C)[C@H]2C[C@@H]3C[C@@H]3C2)C1,
23089,O=C(O)C#CC(=O)N[C@@H]1[C@H]2COC[C@@H]1CN(C(=O)C1(C(F)(F)F)CCC1)C2,"3-(((1R,5S,9r)-7-((1-(trifluoromethyl)cyclobutyl)carbonyl)-3-oxa-7-azabicyclo[3.3.1]nonan-9-yl)carbamoyl)prop-2-ynoic acid",,O=C(O)C#CC(=O)N[C@H]1[C@@H]2COC[C@H]1CN(C(=O)C1(C(F)(F)F)CCC1)C2,
23108,C=CCCNC(=O)c1cc2c(s1)C1(CCN(C(=O)[C@H](N)CC(N)=O)CC1)OCC2,"N-(but-3-en-1-yl)spiro[3-oxa-9-thiabicyclo[4.3.0]nona-1(6),7-diene-2,4'-((3R)-3-amino-4-(1-azacyclohexan-1-yl)-4-oxobutanamide)]-8-carboxamide",,C=CCCNC(=O)c1cc2c(s1)C1(CCN(C(=O)C(N)CC(N)=O)CC1)OCC2,
23156,C[C@@H]1CCN(C(=O)c2cn(C)cc2C(F)(F)F)C[C@H]1NC(=O)[C@H]1C[C@@H]2C[C@@H]2C1,"(1R,3s,5S)-N-((3S,4R)-4-methyl-1-((1-methyl-4-(trifluoromethyl)-1H-pyrrol-3-yl)carbonyl)piperidin-3-yl)bicyclo[3.1.0]hexane-3-carboxamide",,C[C@@H]1CCN(C(=O)c2cn(C)cc2C(F)(F)F)C[C@H]1NC(=O)C1C[C@@H]2C[C@@H]2C1,
23186,COC1(C(=O)NC[C@H]2C[C@@H]3CC[C@H](C2)N3C(=O)C[C@@H](C)CC(F)(F)F)CC1,"1-methoxy-N-(((1R,3S,5S)-8-((3R)-5,5,5-trifluoro-3-methyl-pentanoyl)-8-azabicyclo[3.2.1]octan-3-yl)methyl)cyclopropanecarboxamide",,COC1(C(=O)NC[C@@H]2C[C@H]3CC[C@@H](C2)N3C(=O)C[C@@H](C)CC(F)(F)F)CC1,
23192,Cn1ccnc1C(=O)N1C[C@@H]2[C@H](C1)[C@@H]2NCc1cc(C(F)(F)F)ccc1O,"1-((1R,5S,6r)-6-(((2-hydroxy-5-(trifluoromethyl)phenyl)methyl)amino)-3-azabicyclo[3.1.0]hexan-3-yl)-1-(1-methyl-1H-imidazol-2-yl)methanone",,Cn1ccnc1C(=O)N1C[C@@H]2[C@H](C1)[C@@H]2NCc1cc(C(F)(F)F)ccc1O,
23248,C#CC(CO)(CO)NC(=O)[C@@H]1C[C@@H]2CN(C(=O)C3Cc4ccccc4C3)C[C@@H]2C1,"(1R,5S,7r)-3-((2,3-dihydro-1H-inden-2-yl)carbonyl)-N-(1-hydroxy-2-(hydroxymethyl)but-3-yn-2-yl)-3-azabicyclo[3.3.0]octane-7-carboxamide",,C#CC(CO)(CO)NC(=O)C1C[C@@H]2CN(C(=O)C3Cc4ccccc4C3)C[C@@H]2C1,
23327,CC[C@H](C(=O)N1CC[C@@H](C2(NC(=O)[C@@H]3[C@H]4COC[C@H]43)CC2)C1)C1CCC(C)CC1,"(1R,5S,6r)-N-(1-((3R)-1-((2S)-2-(4-methylcyclohexyl)-butyryl)pyrrolidin-3-yl)cyclopropyl)-3-oxabicyclo[3.1.0]hexane-6-carboxamide",,CCC(C(=O)N1CC[C@@H](C2(NC(=O)C3[C@H]4COC[C@@H]34)CC2)C1)C1CCC(C)CC1,
23352,C#CC[C@]1(O)C[C@@H](C(=O)NC2(CNC(=O)COCc3ccnc(O)c3)CC2)C1,"(1s,3s)-3-hydroxy-N-(1-((2-((2-hydroxypyridin-4-yl)methoxy)acetamido)methyl)cyclopropyl)-3-(prop-2-yn-1-yl)cyclobutanecarboxamide",,C#CCC1(O)CC(C(=O)NC2(CNC(=O)COCc3cc[nH]c(=O)c3)CC2)C1,
23462,CCc1nc(C(=O)N2C[C@H]3[C@H](NC(=O)[C@H](C)CC4CCC4)[C@H]3C2)c(N)s1,"(2R)-N-((1R,5S,6s)-3-((5-amino-2-ethyl-1,3-thiazol-4-yl)carbonyl)-3-azabicyclo[3.1.0]hexan-6-yl)-3-cyclobutyl-2-methylpropanamide",,CCc1nc(C(=O)N2C[C@@H]3[C@H](C2)[C@H]3NC(=O)C(C)CC2CCC2)c(N)s1,
23465,CC[C@@H]1[C@H](NC(=O)c2cc(C)nnc2O)CCCN1C(=O)[C@@H]1[C@H]2CCCC[C@H]21,"N-((2R,3R)-1-(((1R,6S,7r)-bicyclo[4.1.0]heptan-7-yl)carbonyl)-2-ethylpiperidin-3-yl)-3-hydroxy-6-methylpyridazine-4-carboxamide",,CC[C@@H]1[C@H](NC(=O)c2cc(C)n[nH]c2=O)CCCN1C(=O)C1[C@H]2CCCC[C@@H]12,
23502,CC(C)(C(=O)N[C@H](CO)C1(O)CC1)[C@H]1CCCN1C(=O)[C@H]1C[C@@H]2C[C@@H]2C1,"2-((2R)-1-(((1R,3s,5S)-bicyclo[3.1.0]hexan-3-yl)carbonyl)pyrrolidin-2-yl)-N-((1R)-2-hydroxy-1-(1-hydroxycyclopropyl)ethyl)-2-methylpropanamide",,CC(C)(C(=O)N[C@H](CO)C1(O)CC1)[C@H]1CCCN1C(=O)C1C[C@@H]2C[C@@H]2C1,
23508,CCO[C@@H](C(=O)N1C[C@H]2[C@H](NC(=O)[C@@H]3[C@H]4CC[C@@]3(c3cnco3)C4)[C@H]2C1)C1CC1,"(1R,4S,5R)-N-((1R,5S,6S)-3-((2R)-2-cyclopropyl-2-ethoxy-acetyl)-3-azabicyclo[3.1.0]hexan-6-yl)-1-(1,3-oxazol-5-yl)bicyclo[2.1.1]hexane-5-carboxamide",,CCOC(C(=O)N1C[C@@H]2[C@H](C1)[C@H]2NC(=O)C1[C@H]2CC[C@@]1(c1cnco1)C2)C1CC1,
23537,COC[C@H]1C[C@@H]1C(=O)N1[C@H]2CC[C@@H]1C[C@@H](CNC(=O)C13CC(C)(C1)C3)C2,"N-(((1R,3R,5S)-8-(((1S,2S)-2-(methoxymethyl)cyclopropyl)carbonyl)-8-azabicyclo[3.2.1]octan-3-yl)methyl)-3-methylbicyclo[1.1.1]pentane-1-carboxamide",,COC[C@H]1CC1C(=O)N1[C@@H]2CC[C@H]1C[C@H](CNC(=O)C13CC(C)(C1)C3)C2,
23540,C[C@@H]1CN(C(=O)[C@@H]2C[C@H]3CCC[C@H](C3)C2)C[C@H]1CNC(=O)CO[C@@H]1CCOC1,"N-(((3R,4S)-1-(((1R,3r,5S)-bicyclo[3.3.1]nonan-3-yl)carbonyl)-4-methylpyrrolidin-3-yl)methyl)-2-(((3R)-oxolan-3-yl)oxy)acetamide",,C[C@@H]1CN(C(=O)C2C[C@H]3CCC[C@@H](C2)C3)C[C@H]1CNC(=O)CO[C@@H]1CCOC1,
23580,C[C@@H]1CC[C@H](C(=O)N[C@H]2C[C@@H]3CC[C@H](C2)N3Cc2ncco2)O1,"(2R,5R)-5-methyl-N-((1R,3s,5S)-8-((1,3-oxazol-2-yl)methyl)-8-azabicyclo[3.2.1]octan-3-yl)oxolane-2-carboxamide",,C[C@@H]1CCC(C(=O)N[C@@H]2C[C@H]3CC[C@@H](C2)N3Cc2ncco2)O1,
23865,CCc1cnsc1C(=O)N[C@@H]1C[C@H]2[C@@H](C1)[C@@H]2NC(=O)[C@@H]1CC[C@@H](C2CC2)C1,"N-((1R,3R,5S,6r)-6-((1R,3R)-3-cyclopropylcyclopentanecarboxamido)bicyclo[3.1.0]hexan-3-yl)-4-ethyl-1,2-thiazole-5-carboxamide",,CCc1cnsc1C(=O)N[C@H]1C[C@@H]2[C@H](C1)[C@H]2NC(=O)C1CC[C@@H](C2CC2)C1,
23873,CC(=CC1CCCC1)C(=O)N1[C@H]2CC[C@@H]1C[C@@H](NC(=O)c1c(C)ncn1O)C2,"N-((1R,3s,5S)-8-(3-cyclopentyl-2-methyl-1-oxoprop-2-en-1-yl)-8-azabicyclo[3.2.1]octan-3-yl)-1-hydroxy-4-methyl-1H-imidazole-5-carboxamide",,CC(=CC1CCCC1)C(=O)N1[C@@H]2CC[C@H]1C[C@H](NC(=O)c1c(C)ncn1O)C2,
23897,CC(C)[C@]1(C(=O)N2C[C@H]3[C@H](C)[C@H]3C2)CCCN1C(=O)C[C@H]1OCCC1(C)C,"2-((2R)-3,3-dimethyloxolan-2-yl)-1-((2S)-2-(((1R,5S,6R)-6-methyl-3-azabicyclo[3.1.0]hexan-3-yl)carbonyl)-2-(propan-2-yl)pyrrolidin-1-yl)ethan-1-one",,CC(C)[C@]1(C(=O)N2C[C@@H]3[C@@H](C)[C@@H]3C2)CCCN1C(=O)C[C@H]1OCCC1(C)C,
23971,CN(CCOCCNC(=O)[C@H]1C[C@H]2C=C[C@H]1C2)C(=O)[C@@H]1C[C@@H]2C[C@@H]2C1,"(1R,2S,4S)-N-(2-((2-(N-methyl(1R,3r,5S)-bicyclo[3.1.0]hexane-3-carboxamido)ethyl)oxy)ethyl)bicyclo[2.2.1]hept-5-ene-2-carboxamide",,CN(CCOCCNC(=O)C1C[C@H]2C=C[C@H]1C2)C(=O)C1C[C@@H]2C[C@@H]2C1,
23973,CC(C)N(C)CC(=O)NC[C@]1(F)C[C@H](NC(=O)[C@@H]2CCCS2)C1,"N-(((1S,3r)-1-fluoro-3-((2S)-thiolane-2-carboxamido)cyclobutyl)methyl)-2-((propan-2-yl)(methyl)amino)acetamide",,CC(C)N(C)CC(=O)NC[C@]1(F)C[C@H](NC(=O)C2CCCS2)C1,
23999,O=C(C[C@@H]1C[C@H]2C=C[C@H]1C2)N[C@H]1C[C@@](F)(CNC(=O)c2cc([N+](=O)[O-])n[nH]2)C1,"2-((1S,2S,4R)-bicyclo[2.2.1]hept-5-en-2-yl)-N-((1r,3S)-3-fluoro-3-((3-nitro-1H-pyrazole-5-carboxamido)methyl)cyclobutyl)acetamide",,O=C(C[C@@H]1C[C@H]2C=C[C@H]1C2)N[C@H]1C[C@@](F)(CNC(=O)c2cc([N+](=O)[O-])[nH]n2)C1,
24004,CSCCCCC(=O)N1C[C@H]2[C@H](CNC(=O)CC3CC(CF)C3)[C@H]2C1,"2-(3-(fluoromethyl)cyclobutyl)-N-(((1R,5S,6r)-3-(5-(methylsulfanyl)-pentanoyl)-3-azabicyclo[3.1.0]hexan-6-yl)methyl)acetamide",,CSCCCCC(=O)N1C[C@@H]2[C@@H](CNC(=O)CC3CC(CF)C3)[C@@H]2C1,
24019,CC[C@@H](OC)C(=O)NC[C@H]1C[C@](F)(CNC(=O)[C@@H](C)Oc2ccc(F)cc2Cl)C1,"(2R)-N-(((1S,3S)-3-(((2R)-2-((2-chloro-4-fluorophenyl)oxy)propanamido)methyl)-3-fluorocyclobutyl)methyl)-2-methoxybutanamide",,CCC(OC)C(=O)NC[C@H]1C[C@](F)(CNC(=O)C(C)Oc2ccc(F)cc2Cl)C1,
24098,Nc1cc(Cl)ccc1C(=O)N1[C@H]2CC[C@@H]1C[C@@H](NC(=O)[C@@H]1C[C@H]3C[C@@H]1C[C@H]3O)C2,"(1R,2R,4R,5R)-N-((1R,3s,5S)-8-((2-amino-4-chlorophenyl)carbonyl)-8-azabicyclo[3.2.1]octan-3-yl)-5-hydroxybicyclo[2.2.1]heptane-2-carboxamide",,Nc1cc(Cl)ccc1C(=O)N1[C@@H]2CC[C@H]1C[C@H](NC(=O)C1C[C@H]3C[C@@H]1C[C@H]3O)C2,
24107,CN(C)c1n[nH]c(CNC(=O)[C@@H]2[C@H](CNC(=O)[C@@H]3C[C@@H]4CC[C@@H]4C3)C2(C)C)n1,"(1R,3r,5S)-N-(((1S,2R)-2-(((3-(dimethylamino)-1H-1,2,4-triazol-5-yl)methyl)carbamoyl)-3,3-dimethylcyclopropyl)methyl)bicyclo[3.2.0]heptane-3-carboxamide",,CN(C)c1n[nH]c(CNC(=O)C2[C@H](CNC(=O)C3C[C@H]4CC[C@H]4C3)C2(C)C)n1,
24145,CCc1cnoc1C(=O)N1C[C@H]2[C@H](NC(=O)c3cn4ccc(C)cc4n3)[C@H]2C1,"N-((1R,5S,6s)-3-((4-ethyl-1,2-oxazol-5-yl)carbonyl)-3-azabicyclo[3.1.0]hexan-6-yl)-7-methylimidazo[1,2-a]pyridine-2-carboxamide",,CCc1cnoc1C(=O)N1C[C@@H]2[C@H](C1)[C@H]2NC(=O)c1cn2ccc(C)cc2n1,
24183,CCOC(=O)CC1(C(=O)N2[C@H]3CC[C@@H]2C[C@@H](NC(=O)CCC2CC2)C3)CCCC1,"ethyl 2-(1-(((1R,3s,5S)-3-(3-cyclopropylpropanamido)-8-azabicyclo[3.2.1]octan-8-yl)carbonyl)cyclopentyl)acetate",,CCOC(=O)CC1(C(=O)N2[C@@H]3CC[C@H]2C[C@H](NC(=O)CCC2CC2)C3)CCCC1,
24202,O=C([C@@H]1C[C@]1(F)Cl)N1C[C@H]2CC[C@@H](C1)[C@@H]2C(=O)N1CCn2cncc2C1,"1-((1S,2S)-2-chloro-2-fluorocyclopropyl)-1-((1R,5S,8S)-8-((1,4,8-triazabicyclo[4.3.0]nona-6,8-dien-4-yl)carbonyl)-3-azabicyclo[3.2.1]octan-3-yl)methanone",,O=C(C1[C@@H]2CC[C@H]1CN(C(=O)C1C[C@]1(F)Cl)C2)N1CCn2cncc2C1,
24220,CCc1ncccc1C(=O)N(C)[C@H]1[C@@H]2CN(C(=O)C=C3CCC(C)CC3)C[C@@H]21,"2-ethyl-N-methyl-N-((1R,5S,6s)-3-(2-(4-methylcyclohexylidene)-acetyl)-3-azabicyclo[3.1.0]hexan-6-yl)pyridine-3-carboxamide",,CCc1ncccc1C(=O)N(C)[C@H]1[C@@H]2CN(C(=O)C=C3CCC(C)CC3)C[C@@H]21,
24290,O=C(N[C@@H]1C[C@@H]2C[C@H](NC(=O)C3CS(=O)(=O)C3)C[C@@H]2C1)c1cc(C2CCC2)no1,"3-cyclobutyl-N-((2r,3aR,5s,6aS)-5-(1,1-dioxothietane-3-carboxamido)octahydropentalen-2-yl)-1,2-oxazole-5-carboxamide",,O=C(N[C@@H]1C[C@@H]2C[C@H](NC(=O)C3CS(=O)(=O)C3)C[C@@H]2C1)c1cc(C2CCC2)no1,
24474,Cc1n[nH]c(C)c1CC(=O)NC[C@]1(F)C[C@@H](NC(=O)[C@H]2CCN(S(C)(=O)=O)C2)C1,"2-(3,5-dimethyl-1H-pyrazol-4-yl)-N-(((1R,3s)-1-fluoro-3-((3S)-1-(methylsulfonyl)pyrrolidine-3-carboxamido)cyclobutyl)methyl)acetamide",,Cc1n[nH]c(C)c1CC(=O)NC[C@]1(F)C[C@@H](NC(=O)C2CCN(S(C)(=O)=O)C2)C1,
24533,O=C1NC[C@H](C(=O)N[C@H]2CC[C@H](NC(=O)[C@@H]3[C@H]4COC[C@H]43)C2)N1,"(4R)-N-((1S,3S)-3-((1R,5S,6r)-3-oxabicyclo[3.1.0]hexane-6-carboxamido)cyclopentyl)-2-oxoimidazolidine-4-carboxamide",,O=C1NCC(C(=O)N[C@H]2CC[C@H](NC(=O)C3[C@H]4COC[C@@H]34)C2)N1,
24561,COc1nc(C)cc(N2CC([C@H](C)NC(=O)[C@@H]3[C@H]4CCC[C@H]43)C2)n1,"(1R,5S,6r)-N-((1S)-1-(1-(2-methoxy-6-methylpyrimidin-4-yl)azetidin-3-yl)ethyl)bicyclo[3.1.0]hexane-6-carboxamide",,COc1nc(C)cc(N2CC([C@H](C)NC(=O)C3[C@H]4CCC[C@@H]34)C2)n1,
24580,Cc1ncccc1CCC(=O)N1C[C@@H](CNC(=O)[C@@H]2[C@@H](C)[C@H]2C)C2(CCC2)C1,"(1r,2R,3S)-2,3-dimethyl-N-(((8R)-6-(3-(2-methylpyridin-3-yl)-propionyl)-6-azaspiro[3.4]octan-8-yl)methyl)cyclopropanecarboxamide",,Cc1ncccc1CCC(=O)N1C[C@@H](CNC(=O)C2[C@@H](C)[C@H]2C)C2(CCC2)C1,
24587,Cc1cc(C(=O)N(C)C[C@H]2[C@@H]3CN(C(=O)Cn4cnnn4)C[C@H]23)ncn1,"6,N-dimethyl-N-(((1R,5S,6r)-3-(1-oxo-2-(1H-tetrazol-1-yl)ethyl)-3-azabicyclo[3.1.0]hexan-6-yl)methyl)pyrimidine-4-carboxamide",,Cc1cc(C(=O)N(C)C[C@@H]2[C@H]3CN(C(=O)Cn4cnnn4)C[C@@H]23)ncn1,
24593,CO[C@]1(CO)CCN(C(=O)[C@@H]2C[C@@H]3CN(C(=O)C4(C(C)(F)F)CC4)C[C@@H]3C2)C1,"1-((1R,5S,7r)-3-((1-(1,1-difluoroethyl)cyclopropyl)carbonyl)-3-azabicyclo[3.3.0]octan-7-yl)-1-((3R)-3-(hydroxymethyl)-3-methoxypyrrolidin-1-yl)methanone",,CO[C@]1(CO)CCN(C(=O)C2C[C@@H]3CN(C(=O)C4(C(C)(F)F)CC4)C[C@@H]3C2)C1,
24598,CCCSCCC(=O)N[C@@H]1C[C@H]2[C@@H](C1)[C@@H]2NC(=O)CN(C)C(=O)COC,"N-((1R,3r,5S,6r)-6-(2-(N-methyl-2-methoxyacetamido)acetamido)bicyclo[3.1.0]hexan-3-yl)-3-(propylsulfanyl)propanamide",,CCCSCCC(=O)N[C@H]1C[C@@H]2[C@H](C1)[C@H]2NC(=O)CN(C)C(=O)COC,
24606,CCN(C(=O)CN1C[C@H]2[C@H](CNC(=O)[C@@H]3CCCC[C@@H]3C)[C@H]2C1)c1ccccc1,"N-ethyl-2-((1R,5S,6r)-6-(((1R,2S)-2-methylcyclohexanecarboxamido)methyl)-3-azabicyclo[3.1.0]hexan-3-yl)-N-phenylacetamide",,CCN(C(=O)CN1C[C@@H]2[C@@H](CNC(=O)C3CCCC[C@@H]3C)[C@@H]2C1)c1ccccc1,
24669,C[C@@H]1C[C@@H](CNC(=O)[C@@H]2Cc3cc(Cl)ccc3O2)CN1C(=O)[C@H]1C[C@](F)(CO)C1,"(2S)-5-chloro-N-(((3S,5R)-1-(((1s,3S)-3-fluoro-3-(hydroxymethyl)cyclobutyl)carbonyl)-5-methylpyrrolidin-3-yl)methyl)-2,3-dihydro-1-benzofuran-2-carboxamide",,C[C@@H]1C[C@@H](CNC(=O)C2Cc3cc(Cl)ccc3O2)CN1C(=O)C1CC(F)(CO)C1,
24704,O=C(NCCNC(=O)[C@@H]1C[C@@H]2CC[C@@H]2C1)[C@@H](F)C1CC1,"(2S)-N-(2-((1R,3r,5S)-bicyclo[3.2.0]heptane-3-carboxamido)ethyl)-2-cyclopropyl-2-fluoroacetamide",,O=C(NCCNC(=O)C(F)C1CC1)C1C[C@H]2CC[C@H]2C1,
24731,Cc1sc(Cl)c(C(=O)NC[C@]2(F)C[C@@H](NC(=O)c3cnsn3)C2)c1C,"N-((1s,3s)-3-((2-chloro-4,5-dimethylthiophene-3-carboxamido)methyl)-3-fluorocyclobutyl)-1,2,5-thiadiazole-3-carboxamide",,Cc1sc(Cl)c(C(=O)NC[C@]2(F)C[C@@H](NC(=O)c3cnsn3)C2)c1C,
24738,COc1cnccc1C(=O)N1CC[C@@](C)(CCNC(=O)[C@H]2C[C@](O)(C(F)F)C2)C1,"(1s,3S)-3-(difluoromethyl)-3-hydroxy-N-(2-((3R)-1-((3-methoxypyridin-4-yl)carbonyl)-3-methylpyrrolidin-3-yl)ethyl)cyclobutanecarboxamide",,COc1cnccc1C(=O)N1CC[C@@](C)(CCNC(=O)C2CC(O)(C(F)F)C2)C1,
24760,CC(=O)N[C@@H](C)C(=O)NCCCN(C(=O)[C@H]1[C@@H](C)[C@H]1C)C1CCCC1,"(2S)-2-acetamido-N-(3-(N-cyclopentyl(1s,2R,3S)-2,3-dimethylcyclopropanecarboxamido)propyl)propanamide",,CC(=O)NC(C)C(=O)NCCCN(C(=O)C1[C@@H](C)[C@H]1C)C1CCCC1,
24780,N=c1ccc(C(=O)NC[C@]2(F)C[C@H](NC(=O)c3cc(F)c(Cl)cc3Cl)C2)c[nH]1,"N-(((1r,3r)-3-(2,4-dichloro-5-fluorobenzamido)-1-fluorocyclobutyl)methyl)-6-imino-1H-pyridine-3-carboxamide",,Nc1ccc(C(=O)NC[C@]2(F)C[C@H](NC(=O)c3cc(F)c(Cl)cc3Cl)C2)cn1,
24883,O=C([C@H]1C[C@@H]2C[C@@H]2C1)N1C[C@@H](NC(=O)C2(CO)CC2)CC12CCC2,"N-((7S)-5-(((1R,3s,5S)-bicyclo[3.1.0]hexan-3-yl)carbonyl)-5-azaspiro[3.4]octan-7-yl)-1-(hydroxymethyl)cyclopropanecarboxamide",,O=C(C1C[C@@H]2C[C@@H]2C1)N1C[C@@H](NC(=O)C2(CO)CC2)CC12CCC2,
24940,CCCCCOCC(=O)N[C@]1(C)C[C@@H](NC(=O)CCc2cccc(OC)c2)C1,"3-(3-methoxyphenyl)-N-((1r,3r)-3-methyl-3-(2-(pentyloxy)acetamido)cyclobutyl)propanamide",,CCCCCOCC(=O)N[C@]1(C)C[C@@H](NC(=O)CCc2cccc(OC)c2)C1,
24946,C#CC[C@]1(O)C[C@@H](C(=O)N2CC3(C[C@H](NC(=O)c4ncc[nH]c4=O)CO3)C2)C1,"N-((7S)-2-(((1s,3R)-3-hydroxy-3-(prop-2-yn-1-yl)cyclobutyl)carbonyl)-5-oxa-2-azaspiro[3.4]octan-7-yl)-3-oxo-4H-pyrazine-2-carboxamide",,C#CCC1(O)CC(C(=O)N2CC3(C[C@H](NC(=O)c4ncc[nH]c4=O)CO3)C2)C1,
24957,COc1cc(C(=O)N[C@]2(C)C[C@H](NC(=O)[C@H](C)C[S@](C)=O)C2)ccc1[N+](=O)[O-],"3-methoxy-N-((1R,3s)-1-methyl-3-((2S)-2-methyl-3-((S)-methylsulfinyl)propanamido)cyclobutyl)-4-nitrobenzamide",,COc1cc(C(=O)N[C@]2(C)C[C@H](NC(=O)C(C)C[S@+](C)[O-])C2)ccc1[N+](=O)[O-],
24976,Cc1c[nH]nc1C(=O)NC[C@]1(F)CC[C@H](CNC(=O)c2sc(C)c(C)c2C)CC1,"N-(((1r,4r)-1-fluoro-4-((3,4,5-trimethylthiophene-2-carboxamido)methyl)cyclohexyl)methyl)-4-methyl-1H-pyrazole-3-carboxamide",,Cc1c[nH]nc1C(=O)NC[C@]1(F)CC[C@H](CNC(=O)c2sc(C)c(C)c2C)CC1,
25047,C[C@H]1[C@@H](C)[C@@H]1C(=O)N[C@H]1CCN(C(=O)CC(=O)NCC2CC2)CC(C)(C)C1,"(1r,2R,3S)-N-((4R)-1-(3-(cyclopropylmethylamino)-1,3-dioxopropyl)-6,6-dimethylazepan-4-yl)-2,3-dimethylcyclopropanecarboxamide",,C[C@@H]1C(C(=O)N[C@H]2CCN(C(=O)CC(=O)NCC3CC3)CC(C)(C)C2)[C@@H]1C,
25066,O=C(N[C@]1(C(=O)N2CCCc3nncn32)C[C@H](O)C1)[C@H]1CC2CCC1CC2,"(2S)-N-((1s,3R)-3-hydroxy-1-((1,2,7,8-tetraazabicyclo[4.3.0]nona-6,8-dien-2-yl)carbonyl)cyclobutyl)bicyclo[2.2.2]octane-2-carboxamide",,O=C(N[C@]1(C(=O)N2CCCc3nncn32)C[C@H](O)C1)C1CC2CCC1CC2,
25114,Cc1csc2nc(CC(=O)N3CC[C@H]4[C@@H](CC3)[C@@H]4NC(=O)c3cn(C)cn3)cn12,"1-methyl-N-((1R,7S,8r)-4-(2-(4-methyl-2-thia-5,8-diazabicyclo[3.3.0]octa-1(8),3,6-trien-7-yl)-acetyl)-4-azabicyclo[5.1.0]octan-8-yl)-1H-imidazole-4-carboxamide",,Cc1csc2nc(CC(=O)N3CC[C@@H]4[C@H](CC3)[C@H]4NC(=O)c3cn(C)cn3)cn12,
25163,Nc1cc(C(=O)N[C@H]2C[C@](F)(CNC(=O)[C@H]3CNC(=O)N3)C2)ccc1Cl,"(4R)-N-(((1s,3S)-3-(3-amino-4-chlorobenzamido)-1-fluorocyclobutyl)methyl)-2-oxoimidazolidine-4-carboxamide",,Nc1cc(C(=O)N[C@H]2C[C@](F)(CNC(=O)C3CNC(=O)N3)C2)ccc1Cl,
25250,C#CC[C@]1(O)C[C@@H](C(=O)N2CC3(C[C@@H](NC(=O)c4cnncc4C)CO3)C2)C1,"N-((7R)-2-(((1s,3S)-3-hydroxy-3-(prop-2-yn-1-yl)cyclobutyl)carbonyl)-5-oxa-2-azaspiro[3.4]octan-7-yl)-5-methylpyridazine-4-carboxamide",,C#CCC1(O)CC(C(=O)N2CC3(C[C@@H](NC(=O)c4cnncc4C)CO3)C2)C1,
25281,C#CC[C@]1(O)C[C@@H](C(=O)NC[C@@H]2CN(C(=O)c3ccc(F)cc3)CCCO2)C1,"(1s,3S)-N-(((2R)-4-((4-fluorophenyl)carbonyl)-1,4-oxazepan-2-yl)methyl)-3-hydroxy-3-(prop-2-yn-1-yl)cyclobutanecarboxamide",,C#CCC1(O)CC(C(=O)NC[C@@H]2CN(C(=O)c3ccc(F)cc3)CCCO2)C1,
25334,CCc1nn(C)c(C(=O)N[C@@H]2[C@@H]3CN(C(=O)Nc4ccc(Cl)cc4Cl)C[C@@H]32)c1Br,"4-bromo-N-((1R,5S,6r)-3-(((2,4-dichlorophenyl)amino)carbonyl)-3-azabicyclo[3.1.0]hexan-6-yl)-3-ethyl-1-methyl-1H-pyrazole-5-carboxamide",,CCc1nn(C)c(C(=O)N[C@@H]2[C@@H]3CN(C(=O)Nc4ccc(Cl)cc4Cl)C[C@@H]32)c1Br,
25351,COC(=O)c1cc(C(=O)N[C@]2(C)C[C@@H](NC(=O)CCC3CCCC3)C2)ccc1Cl,"methyl 2-chloro-5-(((1r,3r)-3-(3-cyclopentylpropanamido)-1-methylcyclobutyl)carbamoyl)benzoate",,COC(=O)c1cc(C(=O)N[C@]2(C)C[C@@H](NC(=O)CCC3CCCC3)C2)ccc1Cl,
25352,Nc1c(F)cc(Cl)cc1C(=O)N1[C@H]2CC[C@@H]1C[C@@H](NC(=O)[C@H]1CCNC1=O)C2,"(3S)-N-((1R,3s,5S)-8-((2-amino-5-chloro-3-fluorophenyl)carbonyl)-8-azabicyclo[3.2.1]octan-3-yl)-2-oxopyrrolidine-3-carboxamide",,Nc1c(F)cc(Cl)cc1C(=O)N1[C@@H]2CC[C@H]1C[C@H](NC(=O)C1CCNC1=O)C2,
25387,CN(C(=O)C1CCC=CCC1)[C@H]1[C@@H]2CN(C(=O)[C@]3(CO)CCCO3)C[C@@H]21,"N-((1R,5S,6S)-3-(((2R)-2-(hydroxymethyl)oxolan-2-yl)carbonyl)-3-azabicyclo[3.1.0]hexan-6-yl)-N-methylcyclohept-4-ene-1-carboxamide",,CN(C(=O)C1CCC=CCC1)[C@H]1[C@@H]2CN(C(=O)[C@]3(CO)CCCO3)C[C@@H]21,
25465,CCn1ncc(C(=O)NC[C@]2(F)C[C@@H](CNC(=O)CSC3CC3)C2)c1Cl,"5-chloro-N-(((1s,3s)-3-((2-(cyclopropylsulfanyl)acetamido)methyl)-1-fluorocyclobutyl)methyl)-1-ethyl-1H-pyrazole-4-carboxamide",,CCn1ncc(C(=O)NC[C@]2(F)C[C@@H](CNC(=O)CSC3CC3)C2)c1Cl,
25471,CC1(NC(=O)c2sccc2Cl)CN(C(=O)[C@@H]2CC[C@H]3C[C@H]3CC2)C1,"N-(1-(((1R,4r,7S)-bicyclo[5.1.0]octan-4-yl)carbonyl)-3-methylazetidin-3-yl)-3-chlorothiophene-2-carboxamide",,CC1(NC(=O)c2sccc2Cl)CN(C(=O)C2CC[C@@H]3C[C@@H]3CC2)C1,
25473,CN(C(=O)Cc1cc(C(F)(F)F)n[nH]1)[C@@H]1CN(C(=O)[C@@H]2[C@H]3CCC[C@H]32)CC1(C)C,"N-((3S)-1-(((1R,5S,6r)-bicyclo[3.1.0]hexan-6-yl)carbonyl)-4,4-dimethylpyrrolidin-3-yl)-N-methyl-2-(3-(trifluoromethyl)-1H-pyrazol-5-yl)acetamide",,CN(C(=O)Cc1cc(C(F)(F)F)[nH]n1)[C@@H]1CN(C(=O)C2[C@H]3CCC[C@@H]23)CC1(C)C,
25491,COCC(COC)C(=O)NC[C@]1(F)C[C@H](NC(=O)c2ccc(O)nc2C)C1,"N-(((1r,3r)-1-fluoro-3-(6-hydroxy-2-methylpyridine-3-carboxamido)cyclobutyl)methyl)-3-methoxy-2-(methoxymethyl)propanamide",,COCC(COC)C(=O)NC[C@]1(F)C[C@H](NC(=O)c2ccc(=O)[nH]c2C)C1,
25586,C=C(CN[C@H](c1nnnn1C1CC1)[C@@H]1CC12CCC2)C1CCOCC1,N-((1S)-(1-cyclopropyl-1H-tetrazol-5-yl)-(1R)-spiro[2.3]hexan-1-ylmethyl)-2-(oxan-4-yl)prop-2-en-1-amine,C1(CC1)N1N=NN=C1[C@H](NCC(=C)C1CCOCC1)[C@H]1CC12CCC2,C=C(CN[C@H](c1nnnn1C1CC1)[C@@H]1CC12CCC2)C1CCOCC1,C=C(CN[C@@H](c1nnnn1C1CC1)[C@H]1CC12CCC2)C1CCOCC1
25611,C=CCOCCCC(=O)N(C)[C@H]1[C@@H]2CN(C(=O)Cc3ncc(C)s3)C[C@@H]21,"N-methyl-N-((1R,5S,6s)-3-(2-(5-methyl-1,3-thiazol-2-yl)-acetyl)-3-azabicyclo[3.1.0]hexan-6-yl)-4-((prop-2-en-1-yl)oxy)butanamide",,C=CCOCCCC(=O)N(C)[C@H]1[C@@H]2CN(C(=O)Cc3ncc(C)s3)C[C@@H]21,
25771,C[C@H](CN(C)C(=O)C1(n2cncn2)CC1)N(C)C(=O)[C@]12CC[C@H](CC1)C2(C)C,"7,7,N-trimethyl-N-((2R)-1-(N-methyl-1-(1H-1,2,4-triazol-1-yl)cyclopropanecarboxamido)propan-2-yl)bicyclo[2.2.1]heptane-1-carboxamide",CC1(C2(CCC1CC2)C(=O)N([C@@H](CN(C(=O)C2(CC2)N2N=CN=C2)C)C)C)C,C[C@H](CN(C)C(=O)C1(n2cncn2)CC1)N(C)C(=O)[C@]12CC[C@H](CC1)C2(C)C,C[C@H](CN(C)C(=O)C1(n2cncn2)CC1)N(C)C(=O)C12CCC(CC1)C2(C)C
25832,C#C[C@]1(O)C[C@@H](C(=O)N2CCC3(CC2)CN(C(=O)[C@@H]2C[C@@]4(C)CC[C@@]2(C)O4)C3)C1,"1-(2-(((1R,2R,4R)-1,4-dimethyl-7-oxabicyclo[2.2.1]heptan-2-yl)carbonyl)-2,7-diazaspiro[3.5]nonan-7-yl)-1-((1s,3S)-3-(ethynyl)-3-hydroxycyclobutyl)methanone",,C#CC1(O)CC(C(=O)N2CCC3(CC2)CN(C(=O)C2C[C@@]4(C)CC[C@@]2(C)O4)C3)C1,
25837,CCC=C(F)C(=O)NC[C@H]1C[C@@H]2CC[C@H](C1)N2C(=O)C1C[C@H]2CC[C@H](C1)C2,"N-(((1R,3R,5S)-8-(((1S,5S)-bicyclo[3.2.1]octan-3-yl)carbonyl)-8-azabicyclo[3.2.1]octan-3-yl)methyl)-2-fluoropent-2-enamide",,CCC=C(F)C(=O)NC[C@@H]1C[C@H]2CC[C@@H](C1)N2C(=O)C1C[C@H]2CC[C@H](C1)C2,
25840,COC(=O)[C@@H]1[C@H]2CN(C(=O)C3([C@H](C)NC(=O)[C@H](C)N4CCCC4)CC3)C[C@H]21,"methyl (1R,5S,6S)-3-((1-((1S)-1-((2S)-2-(pyrrolidin-1-yl)propanamido)ethyl)cyclopropyl)carbonyl)-3-azabicyclo[3.1.0]hexane-6-carboxylate",,COC(=O)C1[C@H]2CN(C(=O)C3([C@H](C)NC(=O)C(C)N4CCCC4)CC3)C[C@@H]12,
25841,O=C(CN1Cc2ccccc2C1)N[C@H]1C[C@@H]2CC[C@H](C1)N2C(=O)[C@H]1CSCCS1,"2-(2,3-dihydro-1H-isoindol-2-yl)-N-((1R,3R,5S)-8-(((2S)-1,4-dithian-2-yl)carbonyl)-8-azabicyclo[3.2.1]octan-3-yl)acetamide",,O=C(CN1Cc2ccccc2C1)N[C@@H]1C[C@H]2CC[C@@H](C1)N2C(=O)C1CSCCS1,
25854,C[C@@H]1[C@@H](C(=O)N[C@]2(c3ccccc3)C[C@@H](NC(=O)Cc3cn[nH]c3)C2)C1(F)F,"(1S,3R)-2,2-difluoro-3-methyl-N-((1r,3S)-1-phenyl-3-(2-(1H-pyrazol-4-yl)acetamido)cyclobutyl)cyclopropanecarboxamide",,C[C@@H]1C(C(=O)N[C@]2(c3ccccc3)C[C@@H](NC(=O)Cc3cn[nH]c3)C2)C1(F)F,
25904,CCN(CC(=O)N[C@H]1C[C@H]2CC[C@@H](C1)N2C(=O)C1(F)CCCC1)C1=CC=CC=C1,"2-((ethyl)(phenyl)amino)-N-((1R,3r,5S)-8-((1-fluorocyclopentyl)carbonyl)-8-azabicyclo[3.2.1]octan-3-yl)acetamide",,CCN(CC(=O)N[C@H]1C[C@H]2CC[C@@H](C1)N2C(=O)C1(F)CCCC1)c1ccccc1,
25906,CC(=O)OC[C@H](CO)NC(=O)C[C@H]1[C@@H]2CN(C(=O)c3cc(C)c(O)nn3)C[C@H]12,"(2S)-3-hydroxy-2-(2-((1R,5S,6s)-3-((6-hydroxy-5-methylpyridazin-3-yl)carbonyl)-3-azabicyclo[3.1.0]hexan-6-yl)acetamido)propyl acetate",,CC(=O)OC[C@H](CO)NC(=O)C[C@@H]1[C@H]2CN(C(=O)c3cc(C)c(=O)[nH]n3)C[C@@H]12,
25994,C[C@@H](CCN1CCOC1=O)N=c1[nH]c(N[C@@H]2[C@H]3CCC[C@H]32)nc2cccnc12,"3-((3S)-3-((3-(((1R,5S,6r)-bicyclo[3.1.0]hexan-6-yl)amino)-2,4,7-triazabicyclo[4.4.0]deca-1(10),2,6,8-tetraen-5-ylidene)amino)butyl)-1,3-oxazolidin-2-one",,C[C@@H](CCN1CCOC1=O)Nc1nc(N[C@H]2[C@@H]3CCC[C@@H]32)nc2cccnc12,
26005,O=C1Nc2ccccc2[C@@]12C[C@@H]2c1nc(-c2ccc(CCO)cc2)no1,"(3S)-2'-(3-(4-(2-hydroxyethyl)phenyl)-1,2,4-oxadiazol-5-yl)spiro[indoline-3,1'-cyclopropane]-2-one",OCCC1=CC=C(C=C1)C1=NOC(=N1)C1[C@]2(C1)C(NC1=CC=CC=C12)=O,O=C1Nc2ccccc2[C@@]12C[C@@H]2c1nc(-c2ccc(CCO)cc2)no1,O=C1Nc2ccccc2[C@@]12CC2c1nc(-c2ccc(CCO)cc2)no1
26015,O=C(NCC12CCCC1CCC2)[C@@H]1[C@H]2CN(C(=O)C[C@H]3CCOC3)C[C@H]21,"(1R,5S,6R)-N-((octahydropentalen-3a-yl)methyl)-3-(1-oxo-2-((3R)-oxolan-3-yl)ethyl)-3-azabicyclo[3.1.0]hexane-6-carboxamide",,O=C(NCC12CCCC1CCC2)C1[C@H]2CN(C(=O)C[C@H]3CCOC3)C[C@@H]12,
26019,C[C@@H]1[C@H](C(=O)N2CC(CO)(NC(=O)C[C@@H](C)N3CCc4ccccc43)C2)[C@@H]1C,"(3R)-N-(1-(((1s,2R,3S)-2,3-dimethylcyclopropyl)carbonyl)-3-(hydroxymethyl)azetidin-3-yl)-3-(indolin-1-yl)butanamide",,C[C@@H]1C(C(=O)N2CC(CO)(NC(=O)C[C@@H](C)N3CCc4ccccc43)C2)[C@@H]1C,
26044,O=C(Nc1c(F)cccc1F)C(=O)N[C@H]1C[C@](F)(CNC(=O)[C@@H]2CC2(Cl)Cl)C1,"N'-((1R,3s)-3-(((1S)-2,2-dichlorocyclopropanecarboxamido)methyl)-3-fluorocyclobutyl)-N-(2,6-difluorophenyl)ethanediamide",,O=C(Nc1c(F)cccc1F)C(=O)N[C@H]1C[C@](F)(CNC(=O)C2CC2(Cl)Cl)C1,
26076,O=C(NCC1(CNC(=O)C2(C3CCCCC3)CC2)CCC1)[C@H]1[C@@H]2CS(=O)(=O)C[C@@H]21,"(1R,5S,6s)-N-((1-((1-cyclohexylcyclopropanecarboxamido)methyl)cyclobutyl)methyl)-3,3-dioxo-3lambda^6-thiabicyclo[3.1.0]hexane-6-carboxamide",,O=C(NCC1(CNC(=O)C2(C3CCCCC3)CC2)CCC1)C1[C@H]2CS(=O)(=O)C[C@@H]12,
26083,O=C(N[C@H]1C[C@@H]2C[C@H]1N(C(=O)[C@@H]1[C@H]3CCCCC[C@H]31)C2)c1cccc2nncn12,"N-((1R,4R,6S)-2-(((1R,7S,8r)-bicyclo[5.1.0]octan-8-yl)carbonyl)-2-azabicyclo[2.2.1]heptan-6-yl)[1,2,4]triazolo[4,3-a]pyridine-5-carboxamide",,O=C(N[C@H]1C[C@@H]2C[C@H]1N(C(=O)C1[C@H]3CCCCC[C@@H]13)C2)c1cccc2nncn12,
26103,O=C1CCC(C(=O)N[C@@H]2[C@@H]3CN(C(=O)c4cccnc4F)C[C@@H]32)=NN1,"N-((1R,5S,6r)-3-((2-fluoropyridin-3-yl)carbonyl)-3-azabicyclo[3.1.0]hexan-6-yl)-6-oxo-4,5-dihydro-1H-pyridazine-3-carboxamide",,O=C1CCC(C(=O)N[C@@H]2[C@@H]3CN(C(=O)c4cccnc4F)C[C@@H]32)=NN1,
26132,C=CCC1(C(=O)NC[C@]2(F)C[C@@H](NC(=O)Cn3nc(C)n(C)c3=O)C2)CC1,"N-(((1s,3s)-3-(2-(3,4-dimethyl-5-oxo-1H,4H-1,2,4-triazol-1-yl)acetamido)-1-fluorocyclobutyl)methyl)-1-(prop-2-en-1-yl)cyclopropanecarboxamide",,C=CCC1(C(=O)NC[C@]2(F)C[C@@H](NC(=O)Cn3nc(C)n(C)c3=O)C2)CC1,
26143,O=C(NCC1(O)CN(C(=O)[C@H]2C[C@H]3C[C@@H](O)C[C@H](C3)C2)C1)c1cc(C(F)F)no1,"3-(difluoromethyl)-N-((3-hydroxy-1-(((1R,3s,5S,7r)-7-hydroxybicyclo[3.3.1]nonan-3-yl)carbonyl)azetidin-3-yl)methyl)-1,2-oxazole-5-carboxamide",,O=C(NCC1(O)CN(C(=O)C2C[C@@H]3C[C@H](O)C[C@H](C2)C3)C1)c1cc(C(F)F)no1,
26162,Cc1cc(N)cnc1C(=O)N1C[C@H]2[C@H](NC(=O)[C@H]3C[C@H]3C(N)=O)[C@H]2C1,"(1R,2S)-N'-((1R,5S,6s)-3-((5-amino-3-methylpyridin-2-yl)carbonyl)-3-azabicyclo[3.1.0]hexan-6-yl)cyclopropane-1,2-dicarboxamide",,Cc1cc(N)cnc1C(=O)N1C[C@@H]2[C@H](C1)[C@H]2NC(=O)C1CC1C(N)=O,
26175,COC1(CC(=O)N[C@H]2C[C@@H]3CC[C@H](C2)N3C(=O)C(=O)NCC(F)(F)F)CCCC1,"N-((1R,3s,5S)-8-(1,2-dioxo-2-((2,2,2-trifluoroethyl)amino)ethyl)-8-azabicyclo[3.2.1]octan-3-yl)-2-(1-methoxycyclopentyl)acetamide",,COC1(CC(=O)N[C@@H]2C[C@H]3CC[C@@H](C2)N3C(=O)C(=O)NCC(F)(F)F)CCCC1,
26200,CC(C)C(=O)NC[C@]1(F)CC[C@H](CNC(=O)C(N)=O)CC1,"N-(((1r,4r)-4-fluoro-4-((2-methylpropanamido)methyl)cyclohexyl)methyl)ethanediamide",,CC(C)C(=O)NC[C@]1(F)CC[C@H](CNC(=O)C(N)=O)CC1,
26213,O=C(NC[C@@H]1CCN(C(=O)[C@H]2C[C@H]3COC[C@H](C3)C2)C1)c1ccc([N+](=O)[O-])cc1,"4-nitro-N-(((3S)-1-(((1R,5S,7s)-3-oxabicyclo[3.3.1]nonan-7-yl)carbonyl)pyrrolidin-3-yl)methyl)benzamide",,O=C(NC[C@@H]1CCN(C(=O)C2C[C@H]3COC[C@@H](C2)C3)C1)c1ccc([N+](=O)[O-])cc1,
26222,Cn1nnc2c1C[C@@H](C(=O)NCCOC1CN(C(=O)[C@@H]3C(C)(C)C3(F)F)C1)CC2,"(5S)-N-(2-((1-(((1S)-2,2-difluoro-3,3-dimethylcyclopropyl)carbonyl)azetidin-3-yl)oxy)ethyl)-3-methyl-4,5,6,7-tetrahydro-1H-benzotriazole-5-carboxamide",FC1([C@@H](C1(C)C)C(=O)N1CC(C1)OCCNC(=O)[C@@H]1CC2=C(NNN2C)CC1)F,Cn1nnc2c1CC(C(=O)NCCOC1CN(C(=O)C3C(C)(C)C3(F)F)C1)CC2,CN1NNC2=C1CC(C(=O)NCCOC1CN(C(=O)C3C(C)(C)C3(F)F)C1)CC2
26235,C[C@@H](C(=O)N1CCC2(CC[C@@H]2NC(=O)[C@H]2C[C@](F)(CO)C2)CC1)C(F)(F)F,"(1s,3R)-3-fluoro-3-(hydroxymethyl)-N-((1S)-7-((2S)-3,3,3-trifluoro-2-methyl-propionyl)-7-azaspiro[3.5]nonan-1-yl)cyclobutanecarboxamide",,CC(C(=O)N1CCC2(CC[C@@H]2NC(=O)C2CC(F)(CO)C2)CC1)C(F)(F)F,
26236,CCOC=CC(=O)N[C@@H]1[C@H]2CCN(C(=O)c3sc(C)cc3OC)CC[C@H]21,"3-ethoxy-N-((1R,7S,8r)-4-((3-methoxy-5-methylthiophen-2-yl)carbonyl)-4-azabicyclo[5.1.0]octan-8-yl)prop-2-enamide",,CCOC=CC(=O)N[C@H]1[C@@H]2CCN(C(=O)c3sc(C)cc3OC)CC[C@@H]21,
26275,C[C@]1(NC(=O)CCC#N)C[C@H](NC(=O)c2cccn(C3CC3)c2=O)C1,"3-cyano-N-((1r,3r)-3-(1-cyclopropyl-2-oxo-1H-pyridine-3-carboxamido)-1-methylcyclobutyl)propanamide",,C[C@]1(NC(=O)CCC#N)C[C@H](NC(=O)c2cccn(C3CC3)c2=O)C1,
26314,C[C@H](C(=O)N1C[C@H]2[C@H](NC(=O)C34[C@H]5CC(C[C@H]53)C4(F)F)[C@H]2C1)C(C)(C)C,"(1R,2S)-5,5-difluoro-N-((1R,5S,6R)-3-((2S)-2,3,3-trimethyl-butyryl)-3-azabicyclo[3.1.0]hexan-6-yl)tricyclo[2.2.1.0^{2,6}]heptane-6-carboxamide",,CC(C(=O)N1C[C@@H]2[C@H](C1)[C@H]2NC(=O)C12[C@@H]3CC(C[C@@H]31)C2(F)F)C(C)(C)C,
26315,Cc1cc2c(c(C(=O)N[C@]3(C)C[C@H](NC(=O)CN4CCC[C@H]4C)C3)c1)OCC2,"5-methyl-N-((1S,3s)-1-methyl-3-(2-((2R)-2-methylpyrrolidin-1-yl)acetamido)cyclobutyl)-2,3-dihydro-1-benzofuran-7-carboxamide",,Cc1cc2c(c(C(=O)N[C@]3(C)C[C@H](NC(=O)CN4CCC[C@H]4C)C3)c1)OCC2,
26377,C[C@@H](Cc1cccc(Cl)c1)C(=O)NC[C@H]1C[C@](F)(CNC(=O)[C@@H](C)CC(N)=O)C1,"(2S)-N-(((1R,3R)-3-(((2S)-3-(3-chlorophenyl)-2-methylpropanamido)methyl)-1-fluorocyclobutyl)methyl)-2-methylbutanediamide",,CC(Cc1cccc(Cl)c1)C(=O)NC[C@H]1C[C@](F)(CNC(=O)C(C)CC(N)=O)C1,
26465,O=C(c1ccc(-n2ccnn2)cc1)N1C[C@H]2[C@@H](C1)[C@@H]2C(=O)N1C[C@H]2[C@H](C1)C2(F)F,"1-((1R,5S,6r)-6-(((1R,5R)-6,6-difluoro-3-azabicyclo[3.1.0]hexan-3-yl)carbonyl)-3-azabicyclo[3.1.0]hexan-3-yl)-1-(4-(1H-1,2,3-triazol-1-yl)phenyl)methanone",,O=C(c1ccc(-n2ccnn2)cc1)N1C[C@@H]2C(C(=O)N3C[C@H]4[C@H](C3)C4(F)F)[C@@H]2C1,
26467,C[C@H]1CCC[C@@H](C)[C@@H]1NC(=O)C1=C(F)CN(C(=O)CSC2CC2)CC1,"1-(2-(cyclopropylsulfanyl)-acetyl)-N-((1r,2R,6S)-2,6-dimethylcyclohexyl)-5-fluoro-1,2,3,6-tetrahydropyridine-4-carboxamide",,C[C@@H]1CCC[C@H](C)[C@H]1NC(=O)C1=C(F)CN(C(=O)CSC2CC2)CC1,
26530,CCC(=O)N1C[C@@H]2CC[C@H](C1)[C@H]2NC(=O)[C@H](CSC)NC(=O)OC(C)(C)C,"tert-butyl (((2R)-1-(methylsulfanyl)-3-oxo-3-(((1R,5S,8s)-3-(propionyl)-3-azabicyclo[3.2.1]octan-8-yl)amino)propan-2-yl)amino)formate",,CCC(=O)N1C[C@H]2CC[C@@H](C1)[C@@H]2NC(=O)C(CSC)NC(=O)OC(C)(C)C,
26535,CN1C[C@H]2[C@@H](C1)[C@@H]2C(=O)N1C[C@H](N=[N+]=[N-])C[C@@H]1C(=O)N[C@H]1CCn2cncc2C1,"(2R,4R)-4-azido-N-((4S)-1,8-diazabicyclo[4.3.0]nona-6,8-dien-4-yl)-1-(((1R,5S,6r)-3-methyl-3-azabicyclo[3.1.0]hexan-6-yl)carbonyl)pyrrolidine-2-carboxamide",,CN1C[C@@H]2C(C(=O)N3C[C@H](N=[N+]=[N-])CC3C(=O)N[C@H]3CCn4cncc4C3)[C@@H]2C1,
26641,C[C@]1(NC(=O)c2csc(Cc3ccccc3F)n2)C[C@H](NC(=O)CNC(N)=O)C1,"N-((1r,3r)-3-(2-(carbamoylamino)acetamido)-1-methylcyclobutyl)-2-((2-fluorophenyl)methyl)-1,3-thiazole-4-carboxamide",,C[C@]1(NC(=O)c2csc(Cc3ccccc3F)n2)C[C@H](NC(=O)CNC(N)=O)C1,
26707,C[C@H]1C[C@@](NCC2COC2)(c2nnnn2C2CCCCC2)C[C@@H](C)S1,"(2R,4s,6S)-4-(1-cyclohexyl-1H-tetrazol-5-yl)-2,6-dimethyl-N-((oxetan-3-yl)methyl)thian-4-amine",,C[C@@H]1C[C@](NCC2COC2)(c2nnnn2C2CCCCC2)C[C@H](C)S1,
26721,Cc1cc(F)ccc1CN1C[C@@H]2[C@H](C1)[C@@H]2NC(=O)C[C@@H](C)CC(C)(C)C,"(3S)-N-((1R,5S,6r)-3-((4-fluoro-2-methylphenyl)methyl)-3-azabicyclo[3.1.0]hexan-6-yl)-3,5,5-trimethylhexanamide",,Cc1cc(F)ccc1CN1C[C@@H]2[C@H](C1)[C@@H]2NC(=O)C[C@@H](C)CC(C)(C)C,
26730,Cc1c(C(=O)NC[C@@H]2C[C@H]2CNC(=O)c2coc(CO)c2)[nH]c2c1C(=O)CCC2,"N-(((1R,2R)-2-((5-(hydroxymethyl)furan-3-carboxamido)methyl)cyclopropyl)methyl)-9-methyl-2-oxo-7-azabicyclo[4.3.0]nona-1(6),8-diene-8-carboxamide",OCC1=CC(=CO1)C(=O)NC[C@H]1[C@@H](C1)CNC(=O)C=1NC=2CCCC(C2C1C)=O,Cc1c(C(=O)NC[C@@H]2C[C@H]2CNC(=O)c2coc(CO)c2)[nH]c2c1C(=O)CCC2,Cc1c(C(O)NC[C@@H]2C[C@H]2CNC(=O)c2coc(CO)c2)[nH]c2cccc(O)c12
26748,C=C[C@H](CC(=O)N1C[C@H]2[C@H](CNC(=O)c3ccncc3O)[C@H]2C1)c1ccccc1,"3-hydroxy-N-(((1R,5S,6S)-3-((3S)-1-oxo-3-phenylpent-4-en-1-yl)-3-azabicyclo[3.1.0]hexan-6-yl)methyl)pyridine-4-carboxamide",,C=C[C@H](CC(=O)N1C[C@@H]2[C@@H](CNC(=O)c3ccncc3O)[C@@H]2C1)c1ccccc1,
26757,CCCOc1ccc2ccccc2c1CN(C)C(=O)[C@@H]1CCc2nnn(C)c2C1,"(5R)-3,N-dimethyl-N-((2-propoxynaphthalen-1-yl)methyl)-4,5,6,7-tetrahydro-1H-benzotriazole-5-carboxamide",CN1NNC2=C1C[C@@H](CC2)C(=O)N(CC2=C(C=CC1=CC=CC=C21)OCCC)C,CCCOc1ccc2ccccc2c1CN(C)C(=O)C1CCc2nnn(C)c2C1,CCCOc1ccc2ccccc2c1CN(C)C(=O)C1CCC2=C(C1)N(C)NN2
26793,C[C@H]1[C@@H]2CN(c3nc4ccc(Cl)cc4c(=N[C@H](C)C4CC4)[nH]3)C[C@H]12,"6-chloro-N-((1R)-1-cyclopropylethyl)-2-((1R,5S,6S)-6-methyl-3-azabicyclo[3.1.0]hexan-3-yl)quinazolin-4-imine",,C[C@@H]1[C@H]2CN(c3nc(N[C@H](C)C4CC4)c4cc(Cl)ccc4n3)C[C@@H]12,
26796,Cc1[nH]nc2ncnc(N3C[C@H]4[C@H](CNC(=O)[C@@H]5[C@@H](C)[C@H]5C)[C@H]4C3)c12,"(1r,2R,3S)-2,3-dimethyl-N-(((1R,5S,6r)-3-(3-methyl-2H-pyrazolo[3,4-d]pyrimidin-4-yl)-3-azabicyclo[3.1.0]hexan-6-yl)methyl)cyclopropanecarboxamide",,Cc1[nH]nc2ncnc(N3C[C@@H]4[C@@H](CNC(=O)C5[C@@H](C)[C@H]5C)[C@@H]4C3)c12,
26827,CCCC(CCC)CC(=O)N[C@]1(C(=O)NC[C@H]2OCCC2(C)C)C[C@H](O)C1,"N-((1s,3R)-1-((((2S)-3,3-dimethyloxolan-2-yl)methyl)carbamoyl)-3-hydroxycyclobutyl)-3-propylhexanamide",,CCCC(CCC)CC(=O)N[C@]1(C(=O)NC[C@H]2OCCC2(C)C)C[C@H](O)C1,
26854,CCc1nc(Cl)c(F)c(=N[C@H]2CS(=O)(=O)C[C@H]2NC(=O)[C@@H]2C[C@H](C)O[C@H](C)C2)[nH]1,"(2R,4r,6S)-N-((3S,4R)-4-((6-chloro-2-ethyl-5-fluoro-3H-pyrimidin-4-ylidene)amino)-1,1-dioxothiolan-3-yl)-2,6-dimethyloxane-4-carboxamide",,CCc1nc(Cl)c(F)c(N[C@H]2CS(=O)(=O)C[C@H]2NC(=O)C2C[C@@H](C)O[C@@H](C)C2)n1,
26917,Cc1sncc1C(=O)NC[C@]1(F)C[C@@H](CNC(=O)c2cccc3nn(C)cc23)C1,"N-(((1s,3s)-1-fluoro-3-((2-methyl-2H-indazole-4-carboxamido)methyl)cyclobutyl)methyl)-5-methyl-1,2-thiazole-4-carboxamide",,Cc1sncc1C(=O)NC[C@]1(F)C[C@@H](CNC(=O)c2cccc3nn(C)cc23)C1,
26925,CC[C@H](CCC(=O)N1CCSC(C)(C)C1)NC(=O)[C@H]1C[C@H]2[C@@H](C1)C2(C)C,"(1R,3s,5S)-N-((3R)-6-(2,2-dimethylthiomorpholin-4-yl)-6-oxohexan-3-yl)-6,6-dimethylbicyclo[3.1.0]hexane-3-carboxamide",,CC[C@H](CCC(=O)N1CCSC(C)(C)C1)NC(=O)C1C[C@@H]2[C@H](C1)C2(C)C,
26946,C[C@H]1C[C@H](CNC(=O)[C@H]2C[C@H]3[C@@H](C2)C3(C)C)CN(C(=O)CCOCC2CCC2)C1,"(1R,3s,5S)-N-(((3R,5S)-1-(3-(cyclobutylmethoxy)-propionyl)-5-methylpiperidin-3-yl)methyl)-6,6-dimethylbicyclo[3.1.0]hexane-3-carboxamide",,C[C@H]1C[C@H](CNC(=O)C2C[C@@H]3[C@H](C2)C3(C)C)CN(C(=O)CCOCC2CCC2)C1,
27027,CCCC=C(CC)C(=O)N1C[C@H]2C[C@@H](C(=O)NC[C@@H](C)OC(F)F)C[C@H]2C1,"(1R,5S,7r)-N-((2R)-2-((difluoromethyl)oxy)propyl)-3-(2-ethyl-1-oxohex-2-en-1-yl)-3-azabicyclo[3.3.0]octane-7-carboxamide",,CCCC=C(CC)C(=O)N1C[C@H]2CC(C(=O)NC[C@@H](C)OC(F)F)C[C@H]2C1,
27085,CCN1C[C@@H](NS(=O)(=O)c2cc(C)cnc2N2[C@H]3CC[C@@H]2C[C@H](O)C3)C(C)(C)C1,"(1R,3S,5S)-8-(3-(((3S)-1-ethyl-4,4-dimethylpyrrolidin-3-yl)sulfamoyl)-5-methylpyridin-2-yl)-8-azabicyclo[3.2.1]octan-3-ol",,CCN1C[C@@H](NS(=O)(=O)c2cc(C)cnc2N2[C@@H]3CC[C@H]2C[C@@H](O)C3)C(C)(C)C1,
27111,Cc1cc(C(=O)N2[C@H]3CC[C@@H]2C[C@H](NC(=O)[C@@H]2C[C@H]4CC[C@@H]2O4)C3)c[nH]1,"(1S,2R,4R)-N-((1R,3r,5S)-8-((5-methyl-1H-pyrrol-3-yl)carbonyl)-8-azabicyclo[3.2.1]octan-3-yl)-7-oxabicyclo[2.2.1]heptane-2-carboxamide",,Cc1cc(C(=O)N2[C@@H]3CC[C@H]2C[C@@H](NC(=O)C2C[C@H]4CC[C@@H]2O4)C3)c[nH]1,
27147,C[C@@H]1OCCC[C@H]1C(=O)NC[C@H]1[C@@H]2CN(C(=O)c3sccc3F)C[C@H]12,"(2S,3R)-N-(((1R,5S,6r)-3-((3-fluorothiophen-2-yl)carbonyl)-3-azabicyclo[3.1.0]hexan-6-yl)methyl)-2-methyloxane-3-carboxamide",,C[C@@H]1OCCCC1C(=O)NC[C@@H]1[C@H]2CN(C(=O)c3sccc3F)C[C@@H]12,
27185,CSCCCCCC(=O)N[C@H]1C[C@]2(CCCCN2C(=O)c2ccc(C)c(F)c2)C1,N-(5-((3-fluoro-4-methylphenyl)carbonyl)-5-azaspiro[3.5]nonan-2-yl)-6-(methylsulfanyl)hexanamide,FC=1C=C(C=CC1C)C(=O)N1C2(CC(C2)NC(CCCCCSC)=O)CCCC1,CSCCCCCC(=O)N[C@H]1C[C@]2(CCCCN2C(=O)c2ccc(C)c(F)c2)C1,CSCCCCCC(=O)NC1CC2(CCCCN2C(=O)c2ccc(C)c(F)c2)C1
27226,CCC[C@@H](C(=O)OC)C(=O)N1C[C@H]2[C@@H](C1)[C@@H]2C(=O)NCc1nc(C)cs1,"methyl (2R)-2-(((1R,5S,6R)-6-(((4-methyl-1,3-thiazol-2-yl)methyl)carbamoyl)-3-azabicyclo[3.1.0]hexan-3-yl)carbonyl)pentanoate",,CCCC(C(=O)OC)C(=O)N1C[C@@H]2C(C(=O)NCc3nc(C)cs3)[C@@H]2C1,
27233,Cc1cc([N+](=O)[O-])cc(C(=O)NCC[C@@H](O)CNC(=O)[C@@H]2C[C@@H]3CC[C@@H]3C2)n1,"N-((3R)-4-((1R,3r,5S)-bicyclo[3.2.0]heptane-3-carboxamido)-3-hydroxybutyl)-6-methyl-4-nitropyridine-2-carboxamide",,Cc1cc([N+](=O)[O-])cc(C(=O)NCC[C@@H](O)CNC(=O)C2C[C@H]3CC[C@H]3C2)n1,
27289,C[C@@H]1CC[C@@H](CCC(=O)N[C@H]2C[C@](C)(NC(=O)C=Cc3ccn(C)c3)C2)O1,"3-(1-methyl-1H-pyrrol-3-yl)-N-((1S,3r)-1-methyl-3-(3-((2S,5R)-5-methyloxolan-2-yl)propanamido)cyclobutyl)prop-2-enamide",,C[C@@H]1CC[C@@H](CCC(=O)N[C@H]2C[C@](C)(NC(=O)C=Cc3ccn(C)c3)C2)O1,
27457,CC(C)OCCCNC(=O)[C@@H]1[C@H]2CN(C(=O)[C@H]3CC[C@H](C)CC3)C[C@H]21,"(1R,5S,6r)-N-(3-isopropoxypropyl)-3-((trans-4-methylcyclohexyl)carbonyl)-3-azabicyclo[3.1.0]hexane-6-carboxamide",,CC1CCC(C(=O)N2C[C@@H]3C(C(=O)NCCCOC(C)C)[C@@H]3C2)CC1,
27472,CC[C@@H](C)CC(=O)N(C)C[C@H]1[C@@H]2CN(C(=O)c3cc4ccncc4cc3F)C[C@H]12,"(3R)-N-(((1R,5S,6r)-3-((7-fluoroisoquinolin-6-yl)carbonyl)-3-azabicyclo[3.1.0]hexan-6-yl)methyl)-3,N-dimethylpentanamide",,CC[C@@H](C)CC(=O)N(C)C[C@@H]1[C@H]2CN(C(=O)c3cc4ccncc4cc3F)C[C@@H]12,
27507,CC[C@H](CC(=O)N1C[C@H]2[C@@H](C1)[C@@H]2C(=O)N(CCO)CC(C)(C)C)C1CC1,"(1R,5S,6R)-3-((3R)-3-cyclopropyl-pentanoyl)-N-(2,2-dimethylpropyl)-N-(2-hydroxyethyl)-3-azabicyclo[3.1.0]hexane-6-carboxamide",,CC[C@H](CC(=O)N1C[C@@H]2C(C(=O)N(CCO)CC(C)(C)C)[C@@H]2C1)C1CC1,
27579,CC1(C)CCC(=CC(=O)N[C@@]2(CF)CCN(C(=O)[C@@H]3[C@H]4CCCC[C@H]43)C2)CC1,"N-((3S)-1-(((1R,6S,7r)-bicyclo[4.1.0]heptan-7-yl)carbonyl)-3-(fluoromethyl)pyrrolidin-3-yl)-2-(4,4-dimethylcyclohexylidene)acetamide",,CC1(C)CCC(=CC(=O)N[C@@]2(CF)CCN(C(=O)C3[C@H]4CCCC[C@@H]34)C2)CC1,
27616,CCOCC[C@H](NC(=O)[C@@H](C)n1cccn1)C(=O)N(C)[C@@H]1C[C@@H](C)C[C@@H](C)C1,"(2S)-N-((1r,3R,5S)-3,5-dimethylcyclohexyl)-4-ethoxy-N-methyl-2-((2R)-2-(1H-pyrazol-1-yl)propanamido)butanamide",,CCOCCC(NC(=O)C(C)n1cccn1)C(=O)N(C)[C@H]1C[C@H](C)C[C@H](C)C1,
27658,CN(CCCCCNC(=O)[C@H]1CCCc2nnn(C)c21)C(=O)C[C@H]1CCOC1,"(4S)-3-methyl-N-(5-(N-methyl-2-((3R)-oxolan-3-yl)acetamido)pentyl)-4,5,6,7-tetrahydro-1H-benzotriazole-4-carboxamide",CN1NNC2=C1[C@H](CCC2)C(=O)NCCCCCN(C(C[C@@H]2COCC2)=O)C,CN(CCCCCNC(=O)C1CCCc2nnn(C)c21)C(=O)C[C@H]1CCOC1,CN(CCCCCNC(=O)C1CCCC2=C1N(C)NN2)C(=O)C[C@H]1CCOC1
27663,[N-]=[N+]=NCCCC(=O)N1C[C@H]2[C@H](NC(=O)C(=O)Cc3cccc(F)c3)[C@H]2C1,"N-((1R,5S,6s)-3-(4-azido-butyryl)-3-azabicyclo[3.1.0]hexan-6-yl)-3-(3-fluorophenyl)-2-oxopropanamide",,[N-]=[N+]=NCCCC(=O)N1C[C@@H]2[C@H](C1)[C@H]2NC(=O)C(=O)Cc1cccc(F)c1,
27675,Cc1c(C(=O)N[C@@H]2CCCC[C@H]2NC(=O)[C@H]2[C@@H](C)[C@H]2C)nn(C)c1N,"5-amino-N-((1R,2R)-2-((1s,2R,3S)-2,3-dimethylcyclopropanecarboxamido)cyclohexyl)-1,4-dimethyl-1H-pyrazole-3-carboxamide",,Cc1c(C(=O)N[C@@H]2CCCC[C@H]2NC(=O)C2[C@@H](C)[C@H]2C)nn(C)c1N,
27706,COC(=O)NCCC(=O)N[C@H]1C[C@@H]2CC[C@H](C1)N2C(=O)[C@@H]1CCC(F)(F)C1,"methyl ((3-(((1R,3S,5S)-8-(((1R)-3,3-difluorocyclopentyl)carbonyl)-8-azabicyclo[3.2.1]octan-3-yl)amino)-3-oxopropyl)amino)formate",,COC(=O)NCCC(=O)N[C@@H]1C[C@H]2CC[C@@H](C1)N2C(=O)C1CCC(F)(F)C1,
27711,CC(=O)CCCC(=O)N1CCC(N(CC(C)C)C(=O)[C@H]2C[C@H]3[C@@H](C2)C3(F)F)CC1,"(1R,3s,5S)-N-(1-(1,5-dioxohexyl)piperidin-4-yl)-6,6-difluoro-N-(2-methylpropyl)bicyclo[3.1.0]hexane-3-carboxamide",,CC(=O)CCCC(=O)N1CCC(N(CC(C)C)C(=O)C2C[C@@H]3[C@H](C2)C3(F)F)CC1,
27714,CSc1ccc(C(=O)NCC2(CCNC(=O)[C@H]3[C@@H](C)[C@H]3C)CC2)cc1Br,"3-bromo-N-((1-(2-((1s,2R,3S)-2,3-dimethylcyclopropanecarboxamido)ethyl)cyclopropyl)methyl)-4-(methylsulfanyl)benzamide",,CSc1ccc(C(=O)NCC2(CCNC(=O)C3[C@@H](C)[C@H]3C)CC2)cc1Br,
27767,O=C(NCC(F)F)C(=O)N[C@H]1C[C@@H]2CC[C@H](C1)N2C(=O)[C@@H](F)Cc1ccccc1,"N-(2,2-difluoroethyl)-N'-((1R,3R,5S)-8-((2S)-2-fluoro-1-oxo-3-phenylpropyl)-8-azabicyclo[3.2.1]octan-3-yl)ethanediamide",,O=C(NCC(F)F)C(=O)N[C@@H]1C[C@H]2CC[C@@H](C1)N2C(=O)C(F)Cc1ccccc1,
27777,CC1(C)[C@H]2C[C@H](C(=O)N[C@H]3CCN(C(=O)[C@H]4CC45CCCCC5)C[C@@H]3O)C[C@H]21,"(1R,3s,5S)-N-((3S,4S)-3-hydroxy-1-((oxo)-(1S)-spiro[2.5]octan-1-ylmethyl)piperidin-4-yl)-6,6-dimethylbicyclo[3.1.0]hexane-3-carboxamide",,CC1(C)[C@@H]2CC(C(=O)N[C@H]3CCN(C(=O)C4CC45CCCCC5)C[C@@H]3O)C[C@@H]21,
27787,CCCN1CCC[C@@H]1C(=O)N[C@@H]1C[C@@H]2C[C@H](NC(=O)CCCCCSC)C[C@@H]2C1,"(2R)-N-((2r,3aR,5S,6aS)-5-(6-(methylsulfanyl)hexanamido)octahydropentalen-2-yl)-1-propylpyrrolidine-2-carboxamide",,CCCN1CCCC1C(=O)N[C@H]1C[C@H]2C[C@@H](NC(=O)CCCCCSC)C[C@H]2C1,
27809,CC(C)(C(=O)N1C[C@H]2[C@@H](C1)[C@@H]2c1cn(C2CCOCC2)nn1)C1CCC1,"2-cyclobutyl-2-methyl-1-((1R,5S,6r)-6-(1-(oxan-4-yl)-1H-1,2,3-triazol-4-yl)-3-azabicyclo[3.1.0]hexan-3-yl)propan-1-one",,CC(C)(C(=O)N1C[C@@H]2[C@H](C1)[C@H]2c1cn(C2CCOCC2)nn1)C1CCC1,
27896,O=C(Cn1nc(C2CC2)cc1C(F)F)N1C[C@H]2[C@H](NC(=O)C34CCC(C3)C4)[C@H]2C1,"N-((1R,5S,6s)-3-(2-(3-cyclopropyl-5-(difluoromethyl)-1H-pyrazol-1-yl)-acetyl)-3-azabicyclo[3.1.0]hexan-6-yl)bicyclo[2.1.1]hexane-1-carboxamide",,O=C(Cn1nc(C2CC2)cc1C(F)F)N1C[C@@H]2[C@H](C1)[C@H]2NC(=O)C12CCC(C1)C2,
27997,C[C@@H](O)c1ncc(C(=O)N2[C@H]3CC[C@@H]2C[C@H](NC(=O)C2=CCSC2)C3)s1,"N-((1R,3R,5S)-8-((2-((1R)-1-hydroxyethyl)-1,3-thiazol-5-yl)carbonyl)-8-azabicyclo[3.2.1]octan-3-yl)-2,5-dihydrothiophene-3-carboxamide",,C[C@@H](O)c1ncc(C(=O)N2[C@@H]3CC[C@H]2C[C@@H](NC(=O)C2=CCSC2)C3)s1,
28016,C#CCC1(C(=O)NC[C@H]2CC[C@@](F)(CNC(=O)[C@@H]3C[C@H]3F)CC2)CCCC1,"N-(((1S,4r)-4-fluoro-4-(((1S,2R)-2-fluorocyclopropanecarboxamido)methyl)cyclohexyl)methyl)-1-(prop-2-yn-1-yl)cyclopentanecarboxamide",,C#CCC1(C(=O)NC[C@H]2CC[C@@](F)(CNC(=O)C3C[C@H]3F)CC2)CCCC1,
28042,C[C@@H](F)CC(=O)N1C[C@@H]2C[C@H](NC(=O)c3cnc(C(C)(C)C)s3)C[C@@H](C2)C1,"2-(tert-butyl)-N-((1R,5S,7S)-3-((3R)-3-fluoro-butyryl)-3-azabicyclo[3.3.1]nonan-7-yl)-1,3-thiazole-5-carboxamide",,C[C@@H](F)CC(=O)N1C[C@@H]2C[C@@H](C[C@H](NC(=O)c3cnc(C(C)(C)C)s3)C2)C1,
28077,CCOC(=O)[C@H]1C[C@](F)(C(=O)N(C)C[C@@H](C)NC(=O)CCCn2cccn2)C1,"ethyl (1S,3s)-3-fluoro-3-(((2R)-2-(4-(1H-pyrazol-1-yl)butanamido)propyl)(methyl)carbamoyl)cyclobutanecarboxylate",,CCOC(=O)C1CC(F)(C(=O)N(C)C[C@@H](C)NC(=O)CCCn2cccn2)C1,
28080,O=C(N[C@@H]1C[C@@H]2CC[C@H](C1)N2C(=O)[C@]12OCCC[C@H]1C2(F)F)[C@H]1C2C[C@@H]3C1[C@@H]3C2,"(1S,2R,5S)-N-((1R,3R,5S)-8-(((1R,6R)-7,7-difluoro-2-oxabicyclo[4.1.0]heptan-1-yl)carbonyl)-8-azabicyclo[3.2.1]octan-3-yl)tricyclo[2.2.1.0^{2,6}]heptane-5-carboxamide",,O=C(N[C@H]1C[C@H]2CC[C@@H](C1)N2C(=O)[C@]12OCCC[C@H]1C2(F)F)C1C2C[C@@H]3C1[C@@H]3C2,
28130,O=C(NC[C@H]1C[C@@H]1CNC(=O)[C@H]1C[C@@H]2CC[C@H](C1)O2)c1coc(CO)c1,"(1R,3s,5S)-N-(((1S,2S)-2-((5-(hydroxymethyl)furan-3-carboxamido)methyl)cyclopropyl)methyl)-8-oxabicyclo[3.2.1]octane-3-carboxamide",,O=C(NC[C@H]1C[C@@H]1CNC(=O)C1C[C@H]2CC[C@@H](C1)O2)c1coc(CO)c1,
28143,O=C(N[C@@H]1C[C@H]2[C@@H](C1)[C@@H]2NC(=O)c1cccc2[nH]ccc12)c1ccsc1Cl,"N-((1R,3r,5S,6r)-3-(2-chlorothiophene-3-carboxamido)bicyclo[3.1.0]hexan-6-yl)-1H-indole-4-carboxamide",,O=C(N[C@H]1C[C@@H]2[C@H](C1)[C@H]2NC(=O)c1cccc2[nH]ccc12)c1ccsc1Cl,
28159,CC[C@@H](OC)C(=O)N1CC2(C[C@H](NC(=O)c3cn(CC)nc3C)c3nccn32)C1,"1-ethyl-3-methyl-N-((6S)-spiro[1,4-diazabicyclo[3.3.0]octa-2,4-diene-8,3'-((2R)-1-(1-azacyclobutan-1-yl)-2-methoxybutane)]-6-yl-1'-one)-1H-pyrazole-4-carboxamide",,CCC(OC)C(=O)N1CC2(C[C@H](NC(=O)c3cn(CC)nc3C)c3nccn32)C1,
28214,CCCCC[C@@H](O)C(=O)N[C@@H]1C[C@@H]2C[C@H](NC(=O)c3cc4n(n3)CCO4)C[C@@H]2C1,"(2R)-2-hydroxy-N-((2r,3aR,5S,6aS)-5-(2-oxa-5,6-diazabicyclo[3.3.0]octa-1(8),6-diene-7-carboxamido)octahydropentalen-2-yl)heptanamide",,CCCCCC(O)C(=O)N[C@H]1C[C@H]2C[C@@H](NC(=O)c3cc4n(n3)CCO4)C[C@H]2C1,
28228,O=C(CC1CSC1)N1[C@H]2CCC[C@H]1CN(C(=O)[C@]1(c3ccccc3)C[C@@H](F)C1)C2,"1-((1S,5S)-3-(((1r,3S)-3-fluoro-1-phenylcyclobutyl)carbonyl)-3,9-diazabicyclo[3.3.1]nonan-9-yl)-2-(thietan-3-yl)ethan-1-one",,O=C(CC1CSC1)N1[C@H]2CCC[C@H]1CN(C(=O)[C@]1(c3ccccc3)C[C@@H](F)C1)C2,
28253,C=C1CC[C@H]1C(=O)N1CCO[C@]2(CC[C@H](NC(=O)CSc3ccccn3)CC2)C1,N-(4-(((1R)-2-methylidenecyclobutyl)carbonyl)-1-oxa-4-azaspiro[5.5]undecan-9-yl)-2-((pyridin-2-yl)sulfanyl)acetamide,C=C1[C@@H](CC1)C(=O)N1CCOC2(C1)CCC(CC2)NC(CSC2=NC=CC=C2)=O,C=C1CCC1C(=O)N1CCO[C@]2(CC[C@H](NC(=O)CSc3ccccn3)CC2)C1,C=C1CCC1C(=O)N1CCOC2(CCC(NC(=O)CSc3ccccn3)CC2)C1
28286,Cc1coc(C(=O)N[C@H]2C[C@@H]3CN(C(=O)[C@]45C[C@H]6C[C@H](C(=O)N4)[C@H]5C6)C[C@@H]3C2)c1,"4-methyl-N-((1R,5S,7S)-3-(((1R,3R,6S,7R)-5-oxo-4-azatricyclo[4.2.1.0^{3,7}]nonan-3-yl)carbonyl)-3-azabicyclo[3.3.0]octan-7-yl)furan-2-carboxamide",,Cc1coc(C(=O)N[C@H]2C[C@@H]3CN(C(=O)[C@]45C[C@H]6CC(C(=O)N4)[C@H]5C6)C[C@@H]3C2)c1,
28323,O=C(NCCc1ccc(O)cc1)[C@]1(F)[C@H]2CCCC[C@H]21,"(1R,6S,7s)-7-fluoro-N-(2-(4-hydroxyphenyl)ethyl)bicyclo[4.1.0]heptane-7-carboxamide",,O=C(NCCc1ccc(O)cc1)[C@@]1(F)[C@@H]2CCCC[C@@H]21,
28347,CC(C)Oc1ccc(F)cc1C(=O)NC[C@]1(F)C[C@H](NC(=O)CCCC(N)=O)C1,"N-(((1r,3r)-3-(4-carbamoylbutanamido)-1-fluorocyclobutyl)methyl)-5-fluoro-2-isopropoxybenzamide",,CC(C)Oc1ccc(F)cc1C(=O)NC[C@]1(F)C[C@H](NC(=O)CCCC(N)=O)C1,
28350,CC(C)(CC(=O)N[C@]12CCC[C@H]1N(C(=O)[C@@H]1C[C@@H]3C[C@@H]3C1)CCC2)C(F)F,"N-((4aS,7aR)-1-(((1R,3r,5S)-bicyclo[3.1.0]hexan-3-yl)carbonyl)octahydro-5H-cyclopenta[b]pyridin-4a-yl)-4,4-difluoro-3,3-dimethylbutanamide",,CC(C)(CC(=O)N[C@]12CCC[C@H]1N(C(=O)C1C[C@@H]3C[C@@H]3C1)CCC2)C(F)F,
28378,O=C(N[C@@H]1CCCCN(C(=O)c2cocn2)C1)[C@@H]1CC[C@H]2C[C@H]2CC1,"(1R,4r,7S)-N-((3R)-1-((1,3-oxazol-4-yl)carbonyl)azepan-3-yl)bicyclo[5.1.0]octane-4-carboxamide",,O=C(N[C@@H]1CCCCN(C(=O)c2cocn2)C1)C1CC[C@@H]2C[C@@H]2CC1,
28410,C#CC[C@@H](C)C(=O)NC[C@H]1C[C@@](F)(CNC(=O)[C@H](CCCCCC)NC(C)=O)C1,"(2S)-2-acetamido-N-(((1R,3S)-1-fluoro-3-(((2R)-2-methylpent-4-ynamido)methyl)cyclobutyl)methyl)octanamide",,C#CCC(C)C(=O)NC[C@H]1C[C@@](F)(CNC(=O)C(CCCCCC)NC(C)=O)C1,
28423,CCN1C[C@H](C(=O)N2C[C@H]3[C@H](CNC(=O)C4(N(C)C)CCC4)[C@H]3C2)NC1=O,"1-(dimethylamino)-N-(((1R,5S,6R)-3-(((4R)-1-ethyl-2-oxoimidazolidin-4-yl)carbonyl)-3-azabicyclo[3.1.0]hexan-6-yl)methyl)cyclobutanecarboxamide",,CCN1CC(C(=O)N2C[C@@H]3[C@@H](CNC(=O)C4(N(C)C)CCC4)[C@@H]3C2)NC1=O,
28430,CCN(CC1CCN(C(=O)[C@H]2Cc3ccccc3S2)CC1)C(=O)[C@@H]1[C@@H](C)[C@H]1C,"(1r,2R,3S)-N-((1-(((2R)-2,3-dihydro-1-benzothiophen-2-yl)carbonyl)piperidin-4-yl)methyl)-N-ethyl-2,3-dimethylcyclopropanecarboxamide",,CCN(CC1CCN(C(=O)C2Cc3ccccc3S2)CC1)C(=O)C1[C@@H](C)[C@H]1C,
28512,C[C@@H](NC(=O)c1cccc2nsnc12)C(C)(C)NC(=O)[C@H]1C[C@@H]2CC[C@@H]2C1,"N-((2R)-3-((1R,3s,5S)-bicyclo[3.2.0]heptane-3-carboxamido)-3-methylbutan-2-yl)-2,1,3-benzothiadiazole-4-carboxamide",,C[C@@H](NC(=O)c1cccc2nsnc12)C(C)(C)NC(=O)C1C[C@H]2CC[C@H]2C1,
28528,Cc1ncc(N)cc1C(=O)N1C[C@@H]2CC[C@H](C1)N2C(=O)[C@H]1C[C@@H]2CC[C@H](C1)[C@@H]2O,"1-(5-amino-2-methylpyridin-3-yl)-1-((1R,5S)-8-(((1R,3s,5S,8r)-8-hydroxybicyclo[3.2.1]octan-3-yl)carbonyl)-3,8-diazabicyclo[3.2.1]octan-3-yl)methanone",,Cc1ncc(N)cc1C(=O)N1C[C@H]2CC[C@@H](C1)N2C(=O)C1C[C@H]2CC[C@@H](C1)[C@H]2O,
28549,COc1ccnc(O)c1C(=O)N[C@H]1CCCCCN(C(=O)[C@H]2C[C@@](F)(CO)C2)C1,"N-((3S)-1-(((1r,3S)-3-fluoro-3-(hydroxymethyl)cyclobutyl)carbonyl)azocan-3-yl)-2-hydroxy-4-methoxypyridine-3-carboxamide",,COc1cc[nH]c(=O)c1C(=O)N[C@H]1CCCCCN(C(=O)C2CC(F)(CO)C2)C1,
28557,O=C(COC[C@@H]1CCOC1)N1CC(=C(F)CNC(=O)[C@H]2C[C@@](F)(CO)C2)C1,"(1r,3R)-3-fluoro-N-(2-fluoro-2-(1-(1-oxo-2-((((3R)-oxolan-3-yl)methyl)oxy)ethyl)azetidin-3-ylidene)ethyl)-3-(hydroxymethyl)cyclobutanecarboxamide",,O=C(NCC(F)=C1CN(C(=O)COC[C@@H]2CCOC2)C1)C1CC(F)(CO)C1,
28558,O=C([C@@H](O)C(F)F)N1CCN(C2CCN(C(=O)[C@@H]3[C@H]4[C@@H]5CC[C@@H](C5)[C@H]43)CC2)CC1,"(2R)-3,3-difluoro-2-hydroxy-1-(4-(1-(((1R,2S,3r,4R,5S)-tricyclo[3.2.1.0^{2,4}]octan-3-yl)carbonyl)piperidin-4-yl)piperazin-1-yl)propan-1-one",,O=C(C(O)C(F)F)N1CCN(C2CCN(C(=O)C3[C@@H]4[C@H]5CC[C@H](C5)[C@H]34)CC2)CC1,
28561,O=C(NCCCC1CCN(C(=O)[C@@H]2C[C@@H]3C[C@@H]3C2)CC1)c1ncc(Cl)cc1F,"N-(3-(1-(((1R,3r,5S)-bicyclo[3.1.0]hexan-3-yl)carbonyl)piperidin-4-yl)propyl)-5-chloro-3-fluoropyridine-2-carboxamide",,O=C(NCCCC1CCN(C(=O)C2C[C@@H]3C[C@@H]3C2)CC1)c1ncc(Cl)cc1F,
28588,O=C(NC[C@H]1C[C@@](F)(CNC(=O)[C@@H]2CCCc3scnc32)C1)[C@@H]1CSCCS1,"(4R)-N-(((1R,3R)-3-(((2R)-1,4-dithiane-2-carboxamido)methyl)-1-fluorocyclobutyl)methyl)-4,5,6,7-tetrahydro-1,3-benzothiazole-4-carboxamide",,O=C(NC[C@H]1C[C@@](F)(CNC(=O)C2CCCc3scnc32)C1)C1CSCCS1,
28637,Cc1ccc(C(=O)N2[C@H]3CC[C@@H]2C[C@H](NC(=O)C[C@@H]2CC[C@H](C)C2)C3)cc1CO,"N-((1R,3r,5S)-8-((3-(hydroxymethyl)-4-methylphenyl)carbonyl)-8-azabicyclo[3.2.1]octan-3-yl)-2-((1R,3S)-3-methylcyclopentyl)acetamide",,Cc1ccc(C(=O)N2[C@@H]3CC[C@H]2C[C@@H](NC(=O)C[C@@H]2CC[C@H](C)C2)C3)cc1CO,
28694,CS(=O)(=O)[C@]1(C(=O)N2C[C@@H]3CCC[C@H](C2)N3C(=O)C2(F)CC2)C[C@H](O)C1,"1-(1-fluorocyclopropyl)-1-((1R,5S)-3-(((1s,3s)-3-hydroxy-1-(methylsulfonyl)cyclobutyl)carbonyl)-3,9-diazabicyclo[3.3.1]nonan-9-yl)methanone",,CS(=O)(=O)[C@]1(C(=O)N2C[C@H]3CCC[C@@H](C2)N3C(=O)C2(F)CC2)C[C@H](O)C1,
28695,C#CCN(CC1CC1)C(=O)[C@@H](CC1CCC1)NC(=O)C[C@@H]1C[C@H]2C[C@H]2C1,"(2R)-2-(2-((1R,3s,5S)-bicyclo[3.1.0]hexan-3-yl)acetamido)-3-cyclobutyl-N-(cyclopropylmethyl)-N-(prop-2-yn-1-yl)propanamide",,C#CCN(CC1CC1)C(=O)C(CC1CCC1)NC(=O)C[C@H]1C[C@@H]2C[C@@H]2C1,
28765,CC(C)(C)n1cc(CO[C@@H]2CCCN(C(=O)c3cc4c([nH]3)CCCC4=O)C2)nn1,"8-(((3R)-3-(((1-(tert-butyl)-1H-1,2,3-triazol-4-yl)methyl)oxy)piperidin-1-yl)carbonyl)-7-azabicyclo[4.3.0]nona-1(6),8-dien-2-one",C(C)(C)(C)N1N=NC(=C1)CO[C@H]1CN(CCC1)C(=O)C=1NC=2CCCC(C2C1)=O,CC(C)(C)n1cc(CO[C@@H]2CCCN(C(=O)c3cc4c([nH]3)CCCC4=O)C2)nn1,CC(C)(C)n1cc(CO[C@@H]2CCCN(C(O)c3cc4c(O)cccc4[nH]3)C2)nn1
28816,C#CCSc1cccc(C(=O)N(C)C[C@H]2[C@@H]3CN(C(=O)[C@H](C)SC)C[C@H]23)c1,"N-methyl-N-(((1R,5S,6S)-3-((2S)-2-(methylsulfanyl)-propionyl)-3-azabicyclo[3.1.0]hexan-6-yl)methyl)-3-((prop-2-yn-1-yl)sulfanyl)benzamide",,C#CCSc1cccc(C(=O)N(C)C[C@@H]2[C@H]3CN(C(=O)C(C)SC)C[C@@H]23)c1,
28846,CCCn1ccc(=NC(=O)[C@@H]2[C@H]3CN(C(=O)[C@]45CC[C@H](OC)[C@H]4C5)C[C@H]32)[nH]1,"(1R,5S,6S)-3-(((1S,4S,5S)-4-methoxybicyclo[3.1.0]hexan-1-yl)carbonyl)-N-(1-propyl-1H,2H-pyrazol-3-ylidene)-3-azabicyclo[3.1.0]hexane-6-carboxamide",,CCCn1ccc(NC(=O)C2[C@H]3CN(C(=O)[C@]45CC[C@H](OC)[C@H]4C5)C[C@@H]23)n1,
28889,Cc1nn[nH]c1C(=O)N[C@@H]1C[C@@H]2CC[C@H](C1)N2C(=O)C(C)(C)C(F)F,"N-((1R,3r,5S)-8-(3,3-difluoro-2,2-dimethyl-propionyl)-8-azabicyclo[3.2.1]octan-3-yl)-4-methyl-1H-1,2,3-triazole-5-carboxamide",,Cc1[nH]nnc1C(=O)N[C@H]1C[C@H]2CC[C@@H](C1)N2C(=O)C(C)(C)C(F)F,
28902,CCC[C@@H](C)C(=O)N1CCN(C(=O)c2[nH]c3c(c2C)C(=O)CCC3)[C@@H]2CC[C@H]21,"9-methyl-8-(((1R,6R)-5-((2R)-2-methyl-pentanoyl)-2,5-diazabicyclo[4.2.0]octan-2-yl)carbonyl)-7-azabicyclo[4.3.0]nona-1(6),8-dien-2-one",CC1=C(NC=2CCCC(C12)=O)C(=O)N1[C@@H]2CC[C@H]2N(CC1)C([C@@H](CCC)C)=O,CCCC(C)C(=O)N1CCN(C(O)c2[nH]c3cccc(O)c3c2C)[C@@H]2CC[C@H]21,CCCC(C)C(=O)N1CCN(C(=O)c2[nH]c3c(c2C)C(=O)CCC3)[C@@H]2CC[C@H]21
28916,CS(=O)(=O)[C@]1(C(=O)O)C[C@@H](NCc2cnc3n2CCCCC3)C1,"(1r,3r)-3-(((1,8-diazabicyclo[5.3.0]deca-7,9-dien-10-yl)methyl)amino)-1-(methylsulfonyl)cyclobutanecarboxylic acid",,CS(=O)(=O)[C@]1(C(=O)O)C[C@@H](NCc2cnc3n2CCCCC3)C1,
28950,COc1nccc(N2[C@H]3CC[C@@H]2C[C@H](NC(=O)c2ccc(OCCO)cc2)C3)n1,"4-(2-hydroxyethoxy)-N-((1R,3r,5S)-8-(2-methoxypyrimidin-4-yl)-8-azabicyclo[3.2.1]octan-3-yl)benzamide",,COc1nccc(N2[C@@H]3CC[C@H]2C[C@@H](NC(=O)c2ccc(OCCO)cc2)C3)n1,
29083,CN(C)C1(C(=O)NC[C@H]2CC[C@@](F)(CNC(=O)C3=CCSC3)CC2)CCCCC1,"N-(((1r,4r)-4-((1-(dimethylamino)cyclohexanecarboxamido)methyl)-1-fluorocyclohexyl)methyl)-2,5-dihydrothiophene-3-carboxamide",,CN(C)C1(C(=O)NC[C@H]2CC[C@@](F)(CNC(=O)C3=CCSC3)CC2)CCCCC1,
29095,CCC1=NO[C@@H](CC(=O)N[C@H]2C[C@](C)(NC(=O)c3cc(-c4ccco4)cs3)C2)C1,"2-((5R)-3-ethyl-4,5-dihydro-1,2-oxazol-5-yl)-N-((1r,3R)-3-(4-(furan-2-yl)thiophene-2-carboxamido)-3-methylcyclobutyl)acetamide",,CCC1=NO[C@@H](CC(=O)N[C@H]2C[C@](C)(NC(=O)c3cc(-c4ccco4)cs3)C2)C1,
29120,C#CCN(CC(=O)N[C@@H]1[C@H]2CCCCC[C@H]21)C(=O)Cn1cnc(=N)[nH]1,"N-((1R,7S,8r)-bicyclo[5.1.0]octan-8-yl)-2-(N-(prop-2-yn-1-yl)-2-(3-imino-1H,2H-1,2,4-triazol-1-yl)acetamido)acetamide",,C#CCN(CC(=O)N[C@H]1[C@@H]2CCCCC[C@@H]21)C(=O)Cn1cnc(N)n1,
29124,CCC[C@H](Cl)C(=O)N1C[C@@H]2[C@H](C1)[C@@H]2NC(=O)[C@@H](NC(=O)OC(C)(C)C)C(C)(C)C,"tert-butyl (((2S)-1-(((1R,5S,6S)-3-((2S)-2-chloro-pentanoyl)-3-azabicyclo[3.1.0]hexan-6-yl)amino)-3,3-dimethyl-1-oxobutan-2-yl)amino)formate",,CCCC(Cl)C(=O)N1C[C@@H]2[C@H](C1)[C@@H]2NC(=O)C(NC(=O)OC(C)(C)C)C(C)(C)C,
29160,COc1nc(Cl)cnc1NC(=O)[C@H]1[C@H]2CN(Cc3c(Br)ccc4c3OCO4)C[C@H]21,"(1R,5S,6s)-3-((5-bromo-1,3-benzodioxol-4-yl)methyl)-N-(5-chloro-3-methoxypyrazin-2-yl)-3-azabicyclo[3.1.0]hexane-6-carboxamide",,COc1nc(Cl)cnc1NC(=O)C1[C@H]2CN(Cc3c(Br)ccc4c3OCO4)C[C@@H]12,
29166,COCC(=O)N[C@H]1C[C@@](F)(CNC(=O)[C@@]23CCC[C@]2(C(=O)OC)C3)C1,"methyl (1S,5R)-5-((((1r,3R)-1-fluoro-3-(2-methoxyacetamido)cyclobutyl)methyl)carbamoyl)bicyclo[3.1.0]hexane-1-carboxylate",,COCC(=O)N[C@H]1C[C@@](F)(CNC(=O)[C@@]23CCC[C@]2(C(=O)OC)C3)C1,
29238,C[C@@H](C(=O)N[C@H]1C[C@@](C)(NC(=O)Cc2cc(C3CC3)no2)C1)c1cccc(Cl)c1,"(2R)-2-(3-chlorophenyl)-N-((1s,3S)-3-(2-(3-cyclopropyl-1,2-oxazol-5-yl)acetamido)-3-methylcyclobutyl)propanamide",,CC(C(=O)N[C@H]1C[C@@](C)(NC(=O)Cc2cc(C3CC3)no2)C1)c1cccc(Cl)c1,
29321,COCCCNC(=O)CCC(=O)N1[C@H]2CC[C@@H]1C[C@H](NC(=O)C1=NO[C@@H](C)C1)C2,"N-(3-methoxypropyl)-4-((1R,3r,5S)-3-((5S)-5-methyl-4,5-dihydro-1,2-oxazole-3-carboxamido)-8-azabicyclo[3.2.1]octan-8-yl)-4-oxobutanamide",,COCCCNC(=O)CCC(=O)N1[C@@H]2CC[C@H]1C[C@@H](NC(=O)C1=NO[C@@H](C)C1)C2,
29344,C[C@]1(O)C[C@@H](C(=O)N2CCN(C(=O)c3ccc(Cl)[nH]3)[C@H](c3ccc(F)cc3)C2)C1,"1-(5-chloro-1H-pyrrol-2-yl)-1-((2R)-2-(4-fluorophenyl)-4-(((1s,3S)-3-hydroxy-3-methylcyclobutyl)carbonyl)piperazin-1-yl)methanone",,CC1(O)CC(C(=O)N2CCN(C(=O)c3ccc(Cl)[nH]3)[C@H](c3ccc(F)cc3)C2)C1,
29351,COC(=O)C1(CC(=O)N2CC[C@@](C)(CNC(=O)[C@H]3C[C@@H]4C[C@@H]4C3)C2)CC1,"methyl 1-(2-((3S)-3-(((1R,3s,5S)-bicyclo[3.1.0]hexane-3-carboxamido)methyl)-3-methylpyrrolidin-1-yl)-2-oxoethyl)cyclopropanecarboxylate",,COC(=O)C1(CC(=O)N2CC[C@@](C)(CNC(=O)C3C[C@@H]4C[C@@H]4C3)C2)CC1,
29394,C[C@]1(NC(=O)c2nsnc2O)C[C@H](NC(=O)[C@@H]2CCC[C@@H](C3CC3)O2)C1,"N-((1S,3r)-3-((2S,6S)-6-cyclopropyloxane-2-carboxamido)-1-methylcyclobutyl)-4-hydroxy-1,2,5-thiadiazole-3-carboxamide",,C[C@]1(NC(=O)c2ns[nH]c2=O)C[C@H](NC(=O)C2CCC[C@@H](C3CC3)O2)C1,
29435,C=CC[C@@H](CNC(=O)[C@H]1C[C@@](C)(NC(=O)COCCSC)C1)CC(C)C,"(1s,3R)-3-methyl-N-((2S)-2-(2-methylpropyl)pent-4-en-1-yl)-3-(2-((2-(methylsulfanyl)ethyl)oxy)acetamido)cyclobutanecarboxamide",,C=CC[C@@H](CNC(=O)C1CC(C)(NC(=O)COCCSC)C1)CC(C)C,
29471,CCOC1CC(CC(=O)N2C[C@H]3[C@H](N(C)C(=O)COc4cncc(Cl)n4)[C@H]3C2)C1,"2-((6-chloropyrazin-2-yl)oxy)-N-((1R,5S,6s)-3-(2-(3-ethoxycyclobutyl)-acetyl)-3-azabicyclo[3.1.0]hexan-6-yl)-N-methylacetamide",,CCOC1CC(CC(=O)N2C[C@@H]3[C@H](C2)[C@H]3N(C)C(=O)COc2cncc(Cl)n2)C1,
29489,CSC[C@](C)(NC(=O)[C@@H]1[C@H]2CC(=O)C[C@H]21)C(=O)N[C@H]1CCCn2nccc21,"(1R,5S,6r)-N-((2R)-1-(methylsulfanyl)-2-(((4S)-4,5,6,7-tetrahydropyrazolo[1,5-a]pyridin-4-yl)carbamoyl)propan-2-yl)-3-oxobicyclo[3.1.0]hexane-6-carboxamide",,CSC[C@](C)(NC(=O)C1[C@H]2CC(=O)C[C@@H]12)C(=O)N[C@H]1CCCn2nccc21,
29522,C[C@]1(C(=O)N2CCN(CC3CN(C(=O)[C@@H]4C[C@H]4C4CC4)C3)CC2)C[C@H](C#N)C1,"(1R,3r)-3-((4-((1-(((1R,2S)-2-cyclopropylcyclopropyl)carbonyl)azetidin-3-yl)methyl)piperazin-1-yl)carbonyl)-3-methylcyclobutanecarbonitrile",,C[C@]1(C(=O)N2CCN(CC3CN(C(=O)C4C[C@H]4C4CC4)C3)CC2)C[C@H](C#N)C1,
29596,O=C(NC[C@H]1C[C@@H]2CC[C@H](C1)N2C(=O)C=Cc1cccs1)c1cnc2n1CCC2,"N-(((1R,3s,5S)-8-(1-oxo-3-(thiophen-2-yl)prop-2-en-1-yl)-8-azabicyclo[3.2.1]octan-3-yl)methyl)-1,4-diazabicyclo[3.3.0]octa-2,4-diene-2-carboxamide",,O=C(NC[C@@H]1C[C@H]2CC[C@@H](C1)N2C(=O)C=Cc1cccs1)c1cnc2n1CCC2,
29654,CCn1nccc1C=CC(=O)NC[C@H]1C[C@](F)(CNC(=O)[C@@H]2CCCC[C@@H]2C)C1,"3-(1-ethyl-1H-pyrazol-5-yl)-N-(((1S,3s)-3-fluoro-3-(((1R,2S)-2-methylcyclohexanecarboxamido)methyl)cyclobutyl)methyl)prop-2-enamide",,CCn1nccc1C=CC(=O)NC[C@H]1C[C@](F)(CNC(=O)C2CCCC[C@@H]2C)C1,
29699,CSc1cc(C(=O)N(C)[C@H]2C[C@@H]3CC[C@H](C2)N3C(=O)c2ccco2)oc1C,"N-((1R,3s,5S)-8-((furan-2-yl)carbonyl)-8-azabicyclo[3.2.1]octan-3-yl)-5,N-dimethyl-4-(methylsulfanyl)furan-2-carboxamide",,CSc1cc(C(=O)N(C)[C@@H]2C[C@H]3CC[C@@H](C2)N3C(=O)c2ccco2)oc1C,
29751,Cn1cc([C@@H]2CCO[C@@H]2C(=O)NC[C@H]2[C@@H]3CN(C(=O)C4(CF)CCC4)C[C@H]23)cn1,"(2S,3S)-N-(((1R,5S,6r)-3-((1-(fluoromethyl)cyclobutyl)carbonyl)-3-azabicyclo[3.1.0]hexan-6-yl)methyl)-3-(1-methyl-1H-pyrazol-4-yl)oxolane-2-carboxamide",,Cn1cc([C@@H]2CCOC2C(=O)NC[C@@H]2[C@H]3CN(C(=O)C4(CF)CCC4)C[C@@H]23)cn1,
29782,C#CC[C@]1(O)C[C@@H](C(=O)N2CC(NC(=O)c3ccc(-c4cccc(F)c4)o3)C2)C1,"5-(3-fluorophenyl)-N-(1-(((1s,3s)-3-hydroxy-3-(prop-2-yn-1-yl)cyclobutyl)carbonyl)azetidin-3-yl)furan-2-carboxamide",,C#CCC1(O)CC(C(=O)N2CC(NC(=O)c3ccc(-c4cccc(F)c4)o3)C2)C1,
29797,CCc1nc(C(=O)N2CC(O)(CN(C)C(=O)[C@@H]3[C@H]4C[C@H]4[C@H]4C[C@H]43)C2)cs1,"(1S,2R,4R,5r,6S)-N-((1-((2-ethyl-1,3-thiazol-4-yl)carbonyl)-3-hydroxyazetidin-3-yl)methyl)-N-methyltricyclo[4.1.0.0^{2,4}]heptane-5-carboxamide",,CCc1nc(C(=O)N2CC(O)(CN(C)C(=O)C3[C@H]4C[C@H]4[C@H]4C[C@@H]34)C2)cs1,
29847,COCCC1(NC(=O)CC[C@H](C)SC)CCN(C(=O)[C@@]2(C#N)C[C@@H]3C[C@@H]3C2)CC1,"(4S)-N-(4-(2-methoxyethyl)-1-(((1R,3s,5S)-3-(nitrilomethyl)bicyclo[3.1.0]hexan-3-yl)carbonyl)piperidin-4-yl)-4-(methylsulfanyl)pentanamide",,COCCC1(NC(=O)CC[C@H](C)SC)CCN(C(=O)[C@]2(C#N)C[C@H]3C[C@H]3C2)CC1,
29926,COc1cncc(C(=O)N[C@H]2C[C@](C)(NC(=O)C[C@H]3CCOC3=O)C2)n1,"6-methoxy-N-((1R,3r)-3-methyl-3-(2-((3R)-2-oxooxolan-3-yl)acetamido)cyclobutyl)pyrazine-2-carboxamide",,COc1cncc(C(=O)N[C@H]2C[C@](C)(NC(=O)CC3CCOC3=O)C2)n1,
29956,CN(CCN(C)C1CC1)C(=O)[C@@H]1CC(C)(C)CCN1C(=O)[C@@H]1[C@H]2CCCC[C@H]21,"(2S)-1-(((1R,6S,7r)-bicyclo[4.1.0]heptan-7-yl)carbonyl)-N-(2-((cyclopropyl)(methyl)amino)ethyl)-4,4,N-trimethylpiperidine-2-carboxamide",,CN(CCN(C)C1CC1)C(=O)C1CC(C)(C)CCN1C(=O)C1[C@H]2CCCC[C@@H]12,
29971,C[C@@H](CS(C)(=O)=O)C(=O)NC[C@H]1C[C@@](F)(CNC(=O)[C@@H]2OC(C)(C)OC2(C)C)C1,"(2R)-N-(((1R,3R)-3-fluoro-3-(((4R)-2,2,5,5-tetramethyl-1,3-dioxolane-4-carboxamido)methyl)cyclobutyl)methyl)-2-methyl-3-(methylsulfonyl)propanamide",,CC(CS(C)(=O)=O)C(=O)NC[C@H]1C[C@@](F)(CNC(=O)C2OC(C)(C)OC2(C)C)C1,
29975,CCCC[C@H](O)CC(=O)NC[C@H]1C[C@@H]2CC[C@H](C1)N2C(=O)c1cc(C2CC2)ns1,"(3S)-N-(((1R,3s,5S)-8-((3-cyclopropyl-1,2-thiazol-5-yl)carbonyl)-8-azabicyclo[3.2.1]octan-3-yl)methyl)-3-hydroxyheptanamide",,CCCC[C@H](O)CC(=O)NC[C@@H]1C[C@H]2CC[C@@H](C1)N2C(=O)c1cc(C2CC2)ns1,
30022,Cn1cc(CN2C[C@@H]3[C@H](C(=O)Nc4cccc5nc[nH]c45)[C@@H]3C2)c2cccnc21,"(1R,5S,6s)-N-(1H-benzimidazol-7-yl)-3-((1-methyl-1H-pyrrolo[2,3-b]pyridin-3-yl)methyl)-3-azabicyclo[3.1.0]hexane-6-carboxamide",,Cn1cc(CN2C[C@@H]3C(C(=O)Nc4cccc5[nH]cnc45)[C@@H]3C2)c2cccnc21,
30130,COC[C@H](C)CC(=O)N[C@H]1C[C@@H]2CN(c3cc(=O)n4cc(Cl)ccc4n3)C[C@@H]2C1,"(3R)-N-((1R,5S,7s)-3-(7-chloro-4-oxo-4H-pyrido[1,2-a]pyrimidin-2-yl)-3-azabicyclo[3.3.0]octan-7-yl)-4-methoxy-3-methylbutanamide",,COC[C@H](C)CC(=O)N[C@H]1C[C@@H]2CN(c3cc(=O)n4cc(Cl)ccc4n3)C[C@@H]2C1,
30154,O=C([C@@H]1CN(Cc2cc(Cl)cc(Br)c2F)CC[C@@H]1O)N1C[C@@H]2[C@@H](CO)[C@@H]2C1,"1-((3R,4S)-1-((3-bromo-5-chloro-2-fluorophenyl)methyl)-4-hydroxypiperidin-3-yl)-1-((1R,5S,6R)-6-(hydroxymethyl)-3-azabicyclo[3.1.0]hexan-3-yl)methanone",,O=C(C1CN(Cc2cc(Cl)cc(Br)c2F)CC[C@@H]1O)N1C[C@@H]2[C@@H](CO)[C@@H]2C1,
30163,Cn1c(O)nnc1[C@@H]1[C@H](C2CC2)CCN1C(=O)[C@H]1C[C@@H]2C[C@@H]2C1,"1-((1R,3s,5S)-bicyclo[3.1.0]hexan-3-yl)-1-((2S,3S)-3-cyclopropyl-2-(5-hydroxy-4-methyl-4H-1,2,4-triazol-3-yl)pyrrolidin-1-yl)methanone",,Cn1c([C@@H]2[C@H](C3CC3)CCN2C(=O)C2C[C@@H]3C[C@@H]3C2)n[nH]c1=O,
30175,O=C(N[C@@H]1C[C@@H]2CC[C@H](C1)N2C(=O)[C@H]1CCCSS1)c1nccc2[nH]ccc12,"N-((1R,3R,5S)-8-(((3R)-1,2-dithian-3-yl)carbonyl)-8-azabicyclo[3.2.1]octan-3-yl)-3,7-diazabicyclo[4.3.0]nona-1(6),2,4,8-tetraene-2-carboxamide",,O=C(N[C@H]1C[C@H]2CC[C@@H](C1)N2C(=O)C1CCCSS1)c1nccc2[nH]ccc12,
30230,CCC(CC)(CNC(=O)C=Cc1cccc(C#N)c1)NC(=O)[C@@H]1[C@@H](C)C[C@H]1C,"N-(2-((1r,2R,4S)-2,4-dimethylcyclobutanecarboxamido)-2-ethylbutyl)-3-(3-(nitrilomethyl)phenyl)prop-2-enamide",,CCC(CC)(CNC(=O)C=Cc1cccc(C#N)c1)NC(=O)C1[C@H](C)C[C@@H]1C,
30235,C[C@@H]1CC[C@@H](C(=O)N2C[C@H]3[C@H](NC(=O)c4ccc(-n5nnnc5O)cc4)[C@H]3C2)S1,"4-(5-hydroxy-1H-tetrazol-1-yl)-N-((1R,5S,6R)-3-(((2S,5R)-5-methylthiolan-2-yl)carbonyl)-3-azabicyclo[3.1.0]hexan-6-yl)benzamide",,C[C@@H]1CCC(C(=O)N2C[C@@H]3[C@H](C2)[C@H]3NC(=O)c2ccc(-n3[nH]nnc3=O)cc2)S1,
30288,C#Cc1cc(C(=O)N2C[C@H]3[C@H](CNC(=O)CSS(C)(=O)=O)[C@H]3C2)ccc1C,"N-(((1R,5S,6r)-3-((3-(ethynyl)-4-methylphenyl)carbonyl)-3-azabicyclo[3.1.0]hexan-6-yl)methyl)-2-(methylsulfonylsulfanyl)acetamide",,C#Cc1cc(C(=O)N2C[C@@H]3[C@@H](CNC(=O)CSS(C)(=O)=O)[C@@H]3C2)ccc1C,
30323,CC(C)CC1(C(=O)N2[C@H]3CC[C@@H]2C[C@H](NC(=O)c2ccc4c(c2)CC4)C3)COC1,"N-((1R,3r,5S)-8-((3-(2-methylpropyl)oxetan-3-yl)carbonyl)-8-azabicyclo[3.2.1]octan-3-yl)bicyclo[4.2.0]octa-1(6),2,4-triene-3-carboxamide",,CC(C)CC1(C(=O)N2[C@@H]3CC[C@H]2C[C@@H](NC(=O)c2ccc4c(c2)CC4)C3)COC1,
30329,Cc1ccc(CC(=O)NC[C@]2(F)C[C@H](CNC(=O)[C@H](C3CC3)N(C)C)C2)cn1,"(2S)-2-cyclopropyl-2-(dimethylamino)-N-(((1r,3S)-3-fluoro-3-((2-(6-methylpyridin-3-yl)acetamido)methyl)cyclobutyl)methyl)acetamide",,Cc1ccc(CC(=O)NC[C@]2(F)C[C@H](CNC(=O)C(C3CC3)N(C)C)C2)cn1,
30406,CO[C@@]1(C(=O)N[C@H]2C[C@@](C)(NC(=O)[C@H](CO)N(C)C)C2)CCS(=O)(=O)C1,"(3R)-N-((1R,3S)-3-((2S)-2-(dimethylamino)-3-hydroxypropanamido)-3-methylcyclobutyl)-3-methoxy-1,1-dioxothiolane-3-carboxamide",,CO[C@@]1(C(=O)N[C@H]2C[C@@](C)(NC(=O)C(CO)N(C)C)C2)CCS(=O)(=O)C1,
30408,COc1ccc([C@H](O)C(=O)N2C[C@@H]3CCC[C@H](C2)N3C(=O)[C@@H]2[C@@H](C)[C@H]2C)cc1,"(2S)-1-((1R,5S)-9-(((1r,2R,3S)-2,3-dimethylcyclopropyl)carbonyl)-3,9-diazabicyclo[3.3.1]nonan-3-yl)-2-hydroxy-2-(4-methoxyphenyl)ethan-1-one",,COc1ccc(C(O)C(=O)N2C[C@H]3CCC[C@@H](C2)N3C(=O)C2[C@@H](C)[C@H]2C)cc1,
30426,O=C(NCC1[C@@H]2CN(C(=O)[C@@H]3C[C@@H]4C[C@@H]4C3)C[C@@H]12)c1ccc(-n2ccnc2)nn1,"N-(((1S,5S)-3-(((1R,3r,5S)-bicyclo[3.1.0]hexan-3-yl)carbonyl)-3-azabicyclo[3.1.0]hexan-6-yl)methyl)-6-(1H-imidazol-1-yl)pyridazine-3-carboxamide",,O=C(NCC1[C@@H]2CN(C(=O)C3C[C@@H]4C[C@@H]4C3)C[C@@H]12)c1ccc(-n2ccnc2)nn1,
30434,CCc1nn(C)c(CC(=O)NC[C@@H]2CC3(CC3)CN2C(=O)[C@@H]2[C@H]3CCC[C@H]32)c1Cl,"N-(((6S)-5-(((1R,5S,6r)-bicyclo[3.1.0]hexan-6-yl)carbonyl)-5-azaspiro[2.4]heptan-6-yl)methyl)-2-(4-chloro-3-ethyl-1-methyl-1H-pyrazol-5-yl)acetamide",,CCc1nn(C)c(CC(=O)NC[C@@H]2CC3(CC3)CN2C(=O)C2[C@H]3CCC[C@@H]23)c1Cl,
30484,CCCCNC(=O)[C@@H](CCc1ccc2c(c1)CCO2)N1C[C@H](C)[C@@H](O)[C@H](C)C1,"(2R)-N-butyl-4-(2,3-dihydro-1-benzofuran-5-yl)-2-((3R,4R,5S)-4-hydroxy-3,5-dimethylpiperidin-1-yl)butanamide",,CCCCNC(=O)C(CCc1ccc2c(c1)CCO2)N1C[C@@H](C)[C@H](O)[C@@H](C)C1,
30534,O=C(NC[C@H]1CC12CCN(C(=O)[C@H]1C[C@@H]3CC[C@@H]3C1)CC2)c1cnn[nH]1,"N-(((1S)-6-(((1R,3s,5S)-bicyclo[3.2.0]heptan-3-yl)carbonyl)-6-azaspiro[2.5]octan-1-yl)methyl)-1H-1,2,3-triazole-5-carboxamide",,O=C(NC[C@H]1CC12CCN(C(=O)C1C[C@H]3CC[C@H]3C1)CC2)c1c[nH]nn1,
30552,C#CC(C)(C)CNC(=O)C[C@]1(C)CCN(C(=O)[C@H]2C[C@H]3[C@@H](C2)C3(F)F)C1,"2-((3S)-1-(((1R,3s,5S)-6,6-difluorobicyclo[3.1.0]hexan-3-yl)carbonyl)-3-methylpyrrolidin-3-yl)-N-(2,2-dimethylbut-3-yn-1-yl)acetamide",,C#CC(C)(C)CNC(=O)C[C@]1(C)CCN(C(=O)C2C[C@@H]3[C@H](C2)C3(F)F)C1,
30637,CC[C@@H](CC(C)C)C(=O)N[C@H]1C[C@@H]2CN(C(=O)c3cc(N)c(C)c(N)c3)C[C@@H]2C1,"(2S)-N-((1R,5S,7s)-3-((3,5-diamino-4-methylphenyl)carbonyl)-3-azabicyclo[3.3.0]octan-7-yl)-2-ethyl-4-methylpentanamide",,CCC(CC(C)C)C(=O)N[C@H]1C[C@@H]2CN(C(=O)c3cc(N)c(C)c(N)c3)C[C@@H]2C1,
30661,COc1noc(C(=O)N2C[C@H]3[C@H](CNC(=O)CCc4ccco4)[C@H]3C2)c1Br,"N-(((1R,5S,6r)-3-((4-bromo-3-methoxy-1,2-oxazol-5-yl)carbonyl)-3-azabicyclo[3.1.0]hexan-6-yl)methyl)-3-(furan-2-yl)propanamide",,COc1noc(C(=O)N2C[C@@H]3[C@@H](CNC(=O)CCc4ccco4)[C@@H]3C2)c1Br,
30725,N#CCC1CCN(C(=O)[C@H]2[C@H]3CN(C(=O)[C@H]4C[C@H]4c4ccc(Cl)cc4)C[C@H]32)CC1,"2-(1-(((1R,5S,6R)-3-(((1S,2R)-2-(4-chlorophenyl)cyclopropyl)carbonyl)-3-azabicyclo[3.1.0]hexan-6-yl)carbonyl)piperidin-4-yl)acetonitrile",,N#CCC1CCN(C(=O)C2[C@H]3CN(C(=O)C4C[C@H]4c4ccc(Cl)cc4)C[C@@H]23)CC1,
30829,Cc1cc(C(=O)N[C@H]2C[C@]3(CCCCN3C(=O)CCOCC3CC3)C2)no1,"N-(5-(3-(cyclopropylmethoxy)-propionyl)-5-azaspiro[3.5]nonan-2-yl)-5-methyl-1,2-oxazole-3-carboxamide",C1(CC1)COCCC(=O)N1C2(CC(C2)NC(=O)C2=NOC(=C2)C)CCCC1,Cc1cc(C(=O)N[C@H]2C[C@]3(CCCCN3C(=O)CCOCC3CC3)C2)no1,Cc1cc(C(=O)NC2CC3(CCCCN3C(=O)CCOCC3CC3)C2)no1
30876,O=C(N[C@H]1[C@@H]2CN(C(=O)c3cc(Br)cs3)C[C@@H]21)c1ccccc1-c1cccnc1,"N-((1R,5S,6s)-3-((4-bromothiophen-2-yl)carbonyl)-3-azabicyclo[3.1.0]hexan-6-yl)-2-(pyridin-3-yl)benzamide",,O=C(N[C@H]1[C@@H]2CN(C(=O)c3cc(Br)cs3)C[C@@H]21)c1ccccc1-c1cccnc1,
30945,CC[C@@H](O)C(=O)N[C@H]1C[C@@H]2CC[C@H](C1)N2C(=O)Cc1ccc(C(C)C)cc1,"(2R)-2-hydroxy-N-((1R,3s,5S)-8-(1-oxo-2-(4-(propan-2-yl)phenyl)ethyl)-8-azabicyclo[3.2.1]octan-3-yl)butanamide",,CCC(O)C(=O)N[C@@H]1C[C@H]2CC[C@@H](C1)N2C(=O)Cc1ccc(C(C)C)cc1,
31016,Cc1[nH]c(C#N)cc1C(=O)N1[C@H]2CC[C@@H]1C[C@@H](CNC(=O)C[C@@]1(C)C[C@@]1(F)Cl)C2,"2-((1S,2R)-2-chloro-2-fluoro-1-methylcyclopropyl)-N-(((1R,3s,5S)-8-((2-methyl-5-(nitrilomethyl)-1H-pyrrol-3-yl)carbonyl)-8-azabicyclo[3.2.1]octan-3-yl)methyl)acetamide",,Cc1[nH]c(C#N)cc1C(=O)N1[C@@H]2CC[C@H]1C[C@H](CNC(=O)C[C@@]1(C)C[C@@]1(F)Cl)C2,
31242,CC(C(=O)N(C)C[C@H]1CC[C@H](CNC(=O)[C@H]2C[C@@H]3CC[C@H](C2)[C@@H]3O)CC1)=C1CC1,"2-cyclopropylidene-N-methyl-N-((trans-4-(((1R,3s,5S,8r)-8-hydroxybicyclo[3.2.1]octane-3-carboxamido)methyl)cyclohexyl)methyl)propanamide",,CC(C(=O)N(C)C[C@H]1CC[C@H](CNC(=O)C2C[C@H]3CC[C@@H](C2)[C@H]3O)CC1)=C1CC1,
31372,C[C@]1(NC(=O)C=Cc2cccc(CO)c2)C[C@@H](NC(=O)Cc2ccc(O)cn2)C1,"3-(3-(hydroxymethyl)phenyl)-N-((1s,3s)-3-(2-(5-hydroxypyridin-2-yl)acetamido)-1-methylcyclobutyl)prop-2-enamide",,C[C@]1(NC(=O)C=Cc2cccc(CO)c2)C[C@@H](NC(=O)Cc2ccc(O)cn2)C1,
31380,C[C@@H]1[C@H](C(=O)N(C)CC2(NC(=O)c3ccc(CF)cc3)CC2)[C@@H]1C,"4-(fluoromethyl)-N-(1-((N-methyl(1s,2R,3S)-2,3-dimethylcyclopropanecarboxamido)methyl)cyclopropyl)benzamide",,C[C@@H]1C(C(=O)N(C)CC2(NC(=O)c3ccc(CF)cc3)CC2)[C@@H]1C,
31395,CCS[C@@H](C(=O)N1CCN(C(=O)[C@H]2C[C@](O)(C(F)(F)F)C2)C[C@@H](CO)C1)C(C)C,"(2R)-2-(ethylsulfanyl)-1-((6R)-4-(((1s,3S)-3-hydroxy-3-(trifluoromethyl)cyclobutyl)carbonyl)-6-(hydroxymethyl)-1,4-diazepan-1-yl)-3-methylbutan-1-one",,CCSC(C(=O)N1CCN(C(=O)C2CC(O)(C(F)(F)F)C2)C[C@@H](CO)C1)C(C)C,
31435,CC[C@@H](CCCC(=O)NC[C@H]1C[C@H](O)[C@H](O)C1)NC(=O)CCC1OCCO1,"(5S)-N-(((1s,3R,4S)-3,4-dihydroxycyclopentyl)methyl)-5-(3-(1,3-dioxolan-2-yl)propanamido)heptanamide",,CC[C@@H](CCCC(=O)NC[C@@H]1C[C@@H](O)[C@@H](O)C1)NC(=O)CCC1OCCO1,
31483,CC[S@@](=O)CC(=O)N[C@]1(C)C[C@@H](NC(=O)c2cccc(C(C)(C)C)c2N)C1,"N-((1r,3R)-3-(2-amino-3-(tert-butyl)benzamido)-1-methylcyclobutyl)-2-((R)-ethylsulfinyl)acetamide",,CC[S@@+]([O-])CC(=O)N[C@]1(C)C[C@@H](NC(=O)c2cccc(C(C)(C)C)c2N)C1,
31530,CCn1cnnc1C(=O)N1C[C@H]2[C@H](NC(=O)c3cnc(OC)c(OC)c3)[C@H]2C1,"N-((1R,5S,6s)-3-((4-ethyl-4H-1,2,4-triazol-3-yl)carbonyl)-3-azabicyclo[3.1.0]hexan-6-yl)-5,6-dimethoxypyridine-3-carboxamide",,CCn1cnnc1C(=O)N1C[C@@H]2[C@H](C1)[C@H]2NC(=O)c1cnc(OC)c(OC)c1,
31553,CC12CN(C(=O)CCCC3CC3)C(C(=O)NC[C@H]3C[C@@H]4CC[C@@H]4C3)(C1)C2,"N-(((1R,3s,5S)-bicyclo[3.2.0]heptan-3-yl)methyl)-2-(4-cyclopropyl-butyryl)-4-methyl-2-azabicyclo[2.1.1]hexane-1-carboxamide",,CC12CN(C(=O)CCCC3CC3)C(C(=O)NC[C@@H]3C[C@H]4CC[C@H]4C3)(C1)C2,
31562,C#CCn1c(C(=O)N(C)[C@H]2[C@@H]3CN(C(=O)C4(C)CCC4)C[C@@H]32)cc2ccccc21,"N-methyl-N-((1R,5S,6s)-3-((1-methylcyclobutyl)carbonyl)-3-azabicyclo[3.1.0]hexan-6-yl)-1-(prop-2-yn-1-yl)-1H-indole-2-carboxamide",,C#CCn1c(C(=O)N(C)[C@H]2[C@@H]3CN(C(=O)C4(C)CCC4)C[C@@H]32)cc2ccccc21,
31619,CO[C@@H]1[C@H]2C[C@@H]1CN(C(=O)[C@H]1C[C@@]3(CN1)CC3(F)F)C2,"1-((3S,6R)-1,1-difluoro-5-azaspiro[2.4]heptan-6-yl)-1-((1R,5S,6R)-6-methoxy-3-azabicyclo[3.1.1]heptan-3-yl)methanone",,CO[C@H]1[C@@H]2C[C@H]1CN(C(=O)C1C[C@@]3(CN1)CC3(F)F)C2,
31815,Cn1cc(C(=O)N[C@H]2C[C@](F)(CNc3ccc([N+](=O)[O-])cc3)C2)cn1,"N-((1s,3s)-3-fluoro-3-(((4-nitrophenyl)amino)methyl)cyclobutyl)-1-methyl-1H-pyrazole-4-carboxamide",,Cn1cc(C(=O)N[C@H]2C[C@](F)(CNc3ccc([N+](=O)[O-])cc3)C2)cn1,
31826,CC(C)c1ccc(C(=O)N2C[C@H]3[C@H](CN(C)C(=O)[C@H]4CC45CC5)[C@H]3C2)nc1,"(1S)-N-methyl-N-(((1R,5S,6r)-3-((5-(propan-2-yl)pyridin-2-yl)carbonyl)-3-azabicyclo[3.1.0]hexan-6-yl)methyl)spiro[2.2]pentane-1-carboxamide",,CC(C)c1ccc(C(=O)N2C[C@@H]3[C@@H](CN(C)C(=O)C4CC45CC5)[C@@H]3C2)nc1,
31879,CC(C)c1ccc(C(=O)N[C@@H]2[C@H]3C[C@H](NC(=O)[C@@]4(C)C=CCCC4)C[C@H]32)o1,"N-((1R,3s,5S,6R)-3-((1R)-1-methylcyclohex-2-ene-1-carboxamido)bicyclo[3.1.0]hexan-6-yl)-5-(propan-2-yl)furan-2-carboxamide",,CC(C)c1ccc(C(=O)N[C@H]2[C@@H]3C[C@@H](NC(=O)[C@@]4(C)C=CCCC4)C[C@@H]32)o1,
31892,CC[C@]1(C(=O)NCCCCN(C)C(=O)[C@@]2(C)CCO[C@@H](C)C2)CC[C@@H](O)CC1,"(2S,4S)-N-(4-(1-ethyl-4-hydroxycyclohexanecarboxamido)butyl)-2,4,N-trimethyloxane-4-carboxamide",C(C)C1(CCC(CC1)O)C(=O)NCCCCN(C(=O)[C@@]1(C[C@@H](OCC1)C)C)C,CC[C@]1(C(=O)NCCCCN(C)C(=O)[C@@]2(C)CCO[C@@H](C)C2)CC[C@@H](O)CC1,CCC1(C(=O)NCCCCN(C)C(=O)[C@@]2(C)CCO[C@@H](C)C2)CCC(O)CC1
32044,CCN1C[C@H](C(=O)NC[C@H]2C[C@@](F)(CNC(=O)[C@@](C)(CC)OC)C2)CCC1=O,"(3R)-1-ethyl-N-(((1R,3R)-3-fluoro-3-(((2R)-2-methoxy-2-methylbutanamido)methyl)cyclobutyl)methyl)-6-oxopiperidine-3-carboxamide",,CCN1CC(C(=O)NC[C@H]2C[C@@](F)(CNC(=O)[C@@](C)(CC)OC)C2)CCC1=O,
32208,O=C(CSCC(F)(F)F)N1CC[C@H](c2cn(C[C@H]3C[C@@H]4C[C@@H]4C3)nn2)C12CC2,"1-((7S)-7-(1-(((1R,3s,5S)-bicyclo[3.1.0]hexan-3-yl)methyl)-1H-1,2,3-triazol-4-yl)-4-azaspiro[2.4]heptan-4-yl)-2-((2,2,2-trifluoroethyl)sulfanyl)ethan-1-one",,O=C(CSCC(F)(F)F)N1CC[C@H](c2cn(C[C@H]3C[C@@H]4C[C@@H]4C3)nn2)C12CC2,
32336,COC(=O)N=S1(=O)CCN(c2nc(=NCC[C@@H](C)SC)[nH]c3ccsc23)CC1,"methyl ((bis(2-((2-(((3R)-3-(methylsulfanyl)butyl)imino)thieno[3,2-d]pyrimidin-4-yl)(ethyl)amino)ethyl)(oxo)-lambda^6-sulfanylidene)amino)formate",CS[C@@H](CCN=C1N=C(C2=C(N1)C=CS2)N(CCS(=O)(CCN(C=2C1=C(NC(N2)=NCC[C@@H](C)SC)C=CS1)CC)=NC(=O)OC)CC)C,COC(=O)N=S1(=O)CCN(c2nc(NCC[C@@H](C)SC)nc3ccsc23)CC1,CCN(CCS(=O)(CCN(CC)c1nc(NCC[C@@H](C)SC)nc2ccsc12)=NC(=O)OC)c1nc(NCC[C@@H](C)SC)nc2ccsc12
32392,C[C@@H]1O[C@H]2CC[C@@]1(NC(=O)C1(NC(=O)[C@@H]3[C@H]4CCCC[C@H]43)CC(F)C1)C2,"(1R,6S,7r)-N-(3-fluoro-1-(((1S,3S,4R)-3-methyl-2-oxabicyclo[2.2.1]heptan-4-yl)carbamoyl)cyclobutyl)bicyclo[4.1.0]heptane-7-carboxamide",,C[C@@H]1O[C@H]2CC[C@@]1(NC(=O)C1(NC(=O)C3[C@H]4CCCC[C@@H]34)CC(F)C1)C2,
32435,CC[C@H](C(=O)N[C@H]1[C@@H]2CN(C(=O)C3(OC)CCCCC3)C[C@@H]21)N1C(=O)CCC1=O,"(2R)-2-(2,5-dioxopyrrolidin-1-yl)-N-((1R,5S,6s)-3-((1-methoxycyclohexyl)carbonyl)-3-azabicyclo[3.1.0]hexan-6-yl)butanamide",,CCC(C(=O)N[C@H]1[C@@H]2CN(C(=O)C3(OC)CCCCC3)C[C@@H]21)n1c(O)ccc1O,
32449,CC(C)c1nccn1CC(=O)N[C@H]1C[C@](F)(CNC(=O)CC(C2CC2)C2CC2)C1,"3,3-dicyclopropyl-N-(((1s,3s)-1-fluoro-3-(2-(2-(propan-2-yl)-1H-imidazol-1-yl)acetamido)cyclobutyl)methyl)propanamide",,CC(C)c1nccn1CC(=O)N[C@H]1C[C@](F)(CNC(=O)CC(C2CC2)C2CC2)C1,
32560,CCOc1cc(C(=O)N2[C@H]3CC[C@@H]2C[C@@H](NC(=O)[C@H](CC)C(C)(F)F)C3)[nH]n1,"(2S)-N-((1R,3s,5S)-8-((3-ethoxy-1H-pyrazol-5-yl)carbonyl)-8-azabicyclo[3.2.1]octan-3-yl)-2-ethyl-3,3-difluorobutanamide",,CCOc1cc(C(=O)N2[C@@H]3CC[C@H]2C[C@H](NC(=O)C(CC)C(C)(F)F)C3)[nH]n1,
32568,O=C(NC[C@H]1[C@@H]2CN(C(=O)CSC[C@H]3CCCO3)C[C@H]12)c1csc(O)n1,"2-hydroxy-N-(((1R,5S,6R)-3-(1-oxo-2-((((2R)-oxolan-2-yl)methyl)sulfanyl)ethyl)-3-azabicyclo[3.1.0]hexan-6-yl)methyl)-1,3-thiazole-4-carboxamide",,O=C(NC[C@@H]1[C@H]2CN(C(=O)CSC[C@H]3CCCO3)C[C@@H]12)c1csc(=O)[nH]1,
32632,CO[C@@H](F)C(=O)N1C[C@H]2[C@H](CNC(=O)c3cn(C)c(=O)n(C)c3=O)[C@H]2C1,"N-(((1R,5S,6S)-3-((2S)-2-fluoro-2-methoxy-acetyl)-3-azabicyclo[3.1.0]hexan-6-yl)methyl)-1,3-dimethyl-2,4-dioxo-1H,3H-pyrimidine-5-carboxamide",,COC(F)C(=O)N1C[C@@H]2[C@@H](CNC(=O)c3cn(C)c(=O)n(C)c3=O)[C@@H]2C1,
32635,COc1nc(C)ncc1C(=O)N1CCS(=O)(=O)[C@@H](CCNC(=O)[C@H]2[C@@H](C)[C@H]2C)C1,"(1s,2R,3S)-N-(2-((2S)-4-((4-methoxy-2-methylpyrimidin-5-yl)carbonyl)-1,1-dioxothiomorpholin-2-yl)ethyl)-2,3-dimethylcyclopropanecarboxamide",,COc1nc(C)ncc1C(=O)N1CCS(=O)(=O)[C@@H](CCNC(=O)C2[C@@H](C)[C@H]2C)C1,
32775,CN(C(=O)c1cn(CCNC(=O)[C@@H](O)c2ccccc2)cn1)[C@H]1C[C@@H]2C[C@@H]2C1,"N-((1R,3s,5S)-bicyclo[3.1.0]hexan-3-yl)-1-(2-((2S)-2-hydroxy-2-phenylacetamido)ethyl)-N-methyl-1H-imidazole-4-carboxamide",,CN(C(=O)c1cn(CCNC(=O)C(O)c2ccccc2)cn1)[C@@H]1C[C@H]2C[C@H]2C1,
32829,C#CC[C@]1(O)C[C@@H](C(=O)NCC[C@]2(O)CCN(C(=O)C3(OCC)CCC3)C2)C1,"(1s,3R)-N-(2-((3S)-1-((1-ethoxycyclobutyl)carbonyl)-3-hydroxypyrrolidin-3-yl)ethyl)-3-hydroxy-3-(prop-2-yn-1-yl)cyclobutanecarboxamide",,C#CCC1(O)CC(C(=O)NCC[C@]2(O)CCN(C(=O)C3(OCC)CCC3)C2)C1,
32940,Cc1ccoc1C(=O)N[C@]1(C)C[C@H](NC(=O)CCSCc2ccccn2)C1,"3-methyl-N-((1s,3s)-1-methyl-3-(3-(((pyridin-2-yl)methyl)sulfanyl)propanamido)cyclobutyl)furan-2-carboxamide",,Cc1ccoc1C(=O)N[C@]1(C)C[C@H](NC(=O)CCSCc2ccccn2)C1,
33019,CC(C)(C)O[C@@H]1CCCC[C@H]1NC(=O)N[C@H]1[C@H]2[C@H]3[C@H]2C[C@@H]2[C@@H]1[C@@H]32,"N-((1R,2R)-2-(tert-butoxy)cyclohexyl)-1-(((1S,2R,4S,5R,6R,7S,8R)-tetracyclo[3.3.0.0^{2,8}.0^{4,6}]octan-7-yl)amino)formamide",,CC(C)(C)O[C@@H]1CCCC[C@H]1NC(=O)N[C@@H]1[C@@H]2[C@H]3C[C@@H]4[C@@H]([C@@H]32)[C@@H]41,
33026,Cc1ccc(CN2[C@H]3CC[C@@H]2C[C@H](NC(=O)c2ccc(C(N)=O)cc2)C3)c(Cl)n1,"N-((1R,3r,5S)-8-((2-chloro-6-methylpyridin-3-yl)methyl)-8-azabicyclo[3.2.1]octan-3-yl)benzene-1,4-dicarboxamide",,Cc1ccc(CN2[C@@H]3CC[C@H]2C[C@@H](NC(=O)c2ccc(C(N)=O)cc2)C3)c(Cl)n1,
33084,COc1ccccc1C(=O)N1C[C@H]2[C@H](N(C)C(=O)c3ccc(CO)s3)[C@H]2C1,"5-(hydroxymethyl)-N-((1R,5S,6s)-3-((2-methoxyphenyl)carbonyl)-3-azabicyclo[3.1.0]hexan-6-yl)-N-methylthiophene-2-carboxamide",,COc1ccccc1C(=O)N1C[C@@H]2[C@H](C1)[C@H]2N(C)C(=O)c1ccc(CO)s1,
33121,C[C@H](NC(=O)c1cnn(C2CC2)c1Cl)[C@@H]1CCCN(C(=O)[C@H]2C[C@](F)(CO)C2)C1,"5-chloro-1-cyclopropyl-N-((1S)-1-((3R)-1-(((1s,3S)-3-fluoro-3-(hydroxymethyl)cyclobutyl)carbonyl)piperidin-3-yl)ethyl)-1H-pyrazole-4-carboxamide",,C[C@H](NC(=O)c1cnn(C2CC2)c1Cl)[C@@H]1CCCN(C(=O)C2CC(F)(CO)C2)C1,
33125,C[C@]1(NC(=O)c2ccc3nnnn3c2)C[C@@H](NC(=O)C[C@@H]2CC[C@@H]3C[C@H]23)C1,"N-((1R,3s)-3-(2-((1S,2S,5R)-bicyclo[3.1.0]hexan-2-yl)acetamido)-1-methylcyclobutyl)-1,7,8,9-tetraazabicyclo[4.3.0]nona-2,4,6,8-tetraene-3-carboxamide",,C[C@]1(NC(=O)c2ccc3nnnn3c2)C[C@@H](NC(=O)C[C@@H]2CC[C@@H]3C[C@@H]32)C1,
33137,CC[C@H](C)c1ccc(NC(=O)C(=O)N[C@@H]2C[C@H]3[C@@H](C2)C3(F)F)cc1,"N-(4-((2S)-butan-2-yl)phenyl)-N'-((1R,3r,5S)-6,6-difluorobicyclo[3.1.0]hexan-3-yl)ethanediamide",,CC[C@H](C)c1ccc(NC(=O)C(=O)N[C@H]2C[C@@H]3[C@H](C2)C3(F)F)cc1,
33197,O=C(CC1=CCCCC1)NC[C@H]1[C@@H]2CN(C(=O)CN3CCCS3(=O)=O)C[C@H]12,"2-(cyclohex-1-en-1-yl)-N-(((1R,5S,6r)-3-(2-(1,1-dioxo-1,2-thiazolidin-2-yl)-acetyl)-3-azabicyclo[3.1.0]hexan-6-yl)methyl)acetamide",,O=C(CC1=CCCCC1)NC[C@@H]1[C@H]2CN(C(=O)CN3CCCS3(=O)=O)C[C@@H]12,
33252,C[C@H]1CCC[C@H]1C(=O)N[C@H]1CC[C@]2(CC1)CN(c1nn(C)cc1[N+](=O)[O-])CCO2,"(1R,2S)-2-methyl-N-(4-(1-methyl-4-nitro-1H-pyrazol-3-yl)-1-oxa-4-azaspiro[5.5]undecan-9-yl)cyclopentanecarboxamide",C[C@@H]1[C@@H](CCC1)C(=O)NC1CCC2(CN(CCO2)C2=NN(C=C2[N+](=O)[O-])C)CC1,C[C@H]1CCCC1C(=O)N[C@H]1CC[C@]2(CC1)CN(c1nn(C)cc1[N+](=O)[O-])CCO2,C[C@H]1CCCC1C(=O)NC1CCC2(CC1)CN(c1nn(C)cc1[N+](=O)[O-])CCO2
33259,C=CCC(C)(C)CC(=O)NC[C@]1(F)C[C@@H](NC(=O)C[C@@H]2CCCCN2C)C1,"N-(((1R,3s)-1-fluoro-3-(2-((2S)-1-methylpiperidin-2-yl)acetamido)cyclobutyl)methyl)-3,3-dimethylhex-5-enamide",,C=CCC(C)(C)CC(=O)NC[C@]1(F)C[C@@H](NC(=O)C[C@@H]2CCCCN2C)C1,
33306,C#CCC(CC#C)C(=O)N1C[C@H]2[C@H](N(C)C(=O)C[C@@H](CC)SC)[C@H]2C1,"(3R)-N-methyl-3-(methylsulfanyl)-N-((1R,5S,6s)-3-(1-oxo-2-(prop-2-yn-1-yl)pent-4-yn-1-yl)-3-azabicyclo[3.1.0]hexan-6-yl)pentanamide",,C#CCC(CC#C)C(=O)N1C[C@@H]2[C@H](C1)[C@H]2N(C)C(=O)C[C@@H](CC)SC,
33308,C[C@]1(NC(=O)[C@@H]2[C@H]3COC[C@H]32)CCN(C(=O)[C@H]2CCC[C@@H](C(F)(F)F)C2)C1,"(1R,5S,6r)-N-((3S)-3-methyl-1-(((1S,3R)-3-(trifluoromethyl)cyclohexyl)carbonyl)pyrrolidin-3-yl)-3-oxabicyclo[3.1.0]hexane-6-carboxamide",,C[C@]1(NC(=O)C2[C@H]3COC[C@@H]23)CCN(C(=O)C2CCC[C@@H](C(F)(F)F)C2)C1,
33328,COc1sccc1C(=O)NC[C@H]1C[C@@](F)(CNC(=O)c2cccc([N+](=O)[O-])c2)C1,"N-(((1r,3r)-3-fluoro-3-((3-nitrobenzamido)methyl)cyclobutyl)methyl)-2-methoxythiophene-3-carboxamide",,COc1sccc1C(=O)NC[C@H]1C[C@@](F)(CNC(=O)c2cccc([N+](=O)[O-])c2)C1,
33352,CCC[C@](C)(O)CC(=O)NC[C@]1(F)C[C@@H](CNC(=O)c2cc(C)n(C3CC3)n2)C1,"(3S)-N-(((1s,3R)-3-((1-cyclopropyl-5-methyl-1H-pyrazole-3-carboxamido)methyl)-1-fluorocyclobutyl)methyl)-3-hydroxy-3-methylhexanamide",,CCC[C@](C)(O)CC(=O)NC[C@]1(F)C[C@@H](CNC(=O)c2cc(C)n(C3CC3)n2)C1,
33457,CO[C@]1(C(=O)N2[C@H]3CC[C@@H]2C[C@@H](F)C3)CCN(C(=O)C[C@@H](C)C(C)C)C1,"(3R)-1-((3R)-3-(((1R,3S,5S)-3-fluoro-8-azabicyclo[3.2.1]octan-8-yl)carbonyl)-3-methoxypyrrolidin-1-yl)-3,4-dimethylpentan-1-one",,CO[C@]1(C(=O)N2[C@@H]3CC[C@H]2C[C@H](F)C3)CCN(C(=O)C[C@@H](C)C(C)C)C1,
33481,CN1C[C@H](NC(=O)[C@@H]2[C@H]3CN(C(=O)Cn4ccnn4)C[C@H]32)CC1=O,"(1R,5S,6r)-N-((3R)-1-methyl-5-oxopyrrolidin-3-yl)-3-(1-oxo-2-(1H-1,2,3-triazol-1-yl)ethyl)-3-azabicyclo[3.1.0]hexane-6-carboxamide",,CN1C[C@H](NC(=O)C2[C@H]3CN(C(=O)Cn4ccnn4)C[C@@H]23)CC1=O,
33504,C[C@@H](C(=O)N[C@H]1CN(C(=O)[C@@H]2C[C@@H]3C[C@@H]3C2)CCc2ccccc21)n1ccnc1,"(2S)-N-((2R)-4-(((1R,3r,5S)-bicyclo[3.1.0]hexan-3-yl)carbonyl)-4-azabicyclo[5.4.0]undeca-1(11),7,9-trien-2-yl)-2-(1H-imidazol-1-yl)propanamide",,CC(C(=O)N[C@H]1CN(C(=O)C2C[C@@H]3C[C@@H]3C2)CCc2ccccc21)n1ccnc1,
33673,CCC(=CC(=O)N1C[C@H]2[C@H](CN(C)C(=O)c3c(C)cc(C)nc3C)[C@H]2C1)CC,"N-(((1R,5S,6r)-3-(3-ethyl-1-oxopent-2-en-1-yl)-3-azabicyclo[3.1.0]hexan-6-yl)methyl)-2,4,6,N-tetramethylpyridine-3-carboxamide",,CCC(=CC(=O)N1C[C@@H]2[C@@H](CN(C)C(=O)c3c(C)cc(C)nc3C)[C@@H]2C1)CC,
33679,O=C1C[C@@H](C(=O)NC[C@H]2C[C@@H]3CC[C@H](C2)N3C(=O)c2cncs2)c2ccccc21,"(1R)-3-oxo-N-(((1R,3s,5S)-8-((1,3-thiazol-5-yl)carbonyl)-8-azabicyclo[3.2.1]octan-3-yl)methyl)-2,3-dihydro-1H-indene-1-carboxamide",,O=C1CC(C(=O)NC[C@@H]2C[C@H]3CC[C@@H](C2)N3C(=O)c2cncs2)c2ccccc21,
33736,CCCC[C@@H](C)CCC(=O)NC[C@]1(F)C[C@H](NC(=O)CCCNC(=O)C2CC2)C1,"(4R)-N-(((1r,3R)-3-(4-cyclopropanecarboxamidobutanamido)-1-fluorocyclobutyl)methyl)-4-methyloctanamide",,CCCC[C@@H](C)CCC(=O)NC[C@]1(F)C[C@H](NC(=O)CCCNC(=O)C2CC2)C1,
33785,C#C[C@H]1CN(C(=O)[C@@H]2[C@H]3CN(C(=O)c4n[nH]c(C)c4Cl)C[C@H]32)C[C@@H]1OC,"1-(4-chloro-5-methyl-1H-pyrazol-3-yl)-1-((1R,5S,6r)-6-(((3S,4R)-3-(ethynyl)-4-methoxypyrrolidin-1-yl)carbonyl)-3-azabicyclo[3.1.0]hexan-3-yl)methanone",,C#C[C@H]1CN(C(=O)C2[C@H]3CN(C(=O)c4[nH]nc(C)c4Cl)C[C@@H]23)C[C@@H]1OC,
33818,N#Cc1ccc(Cl)c(C(=O)N[C@H]2C[C@@](F)(CNC(=O)C3(CCO)CC3)C2)c1,"2-chloro-5-cyano-N-((1r,3r)-3-fluoro-3-((1-(2-hydroxyethyl)cyclopropanecarboxamido)methyl)cyclobutyl)benzamide",,N#Cc1ccc(Cl)c(C(=O)N[C@H]2C[C@@](F)(CNC(=O)C3(CCO)CC3)C2)c1,
33960,CC[C@]1(C(=O)NC[C@H]2CCN2C(=O)[C@@H]2CCCC(=O)O2)CC[C@@H](O)CC1,"(1s,4S)-1-ethyl-4-hydroxy-N-(((2R)-1-(((2S)-6-oxooxan-2-yl)carbonyl)azetidin-2-yl)methyl)cyclohexanecarboxamide",,CC[C@]1(C(=O)NC[C@H]2CCN2C(=O)C2CCCC(=O)O2)CC[C@@H](O)CC1,
34057,CCN(CC)CC(=O)NC[C@H]1C[C@@H]2CC[C@H](C1)N2c1nc2ccc(OC)nc2s1,"2-(diethylamino)-N-(((1R,3s,5S)-8-(5-methoxythiazolo[5,4-b]pyridin-2-yl)-8-azabicyclo[3.2.1]octan-3-yl)methyl)acetamide",,CCN(CC)CC(=O)NC[C@@H]1C[C@H]2CC[C@@H](C1)N2c1nc2ccc(OC)nc2s1,
34069,C=CC1(CC(=O)N[C@H]2C[C@@H]3CC[C@H](C2)N3C(=O)/C(Cl)=C/Cl)CCC1,"N-((1R,3s,5S)-8-((2Z)-2,3-dichloro-1-oxoprop-2-en-1-yl)-8-azabicyclo[3.2.1]octan-3-yl)-2-(1-ethenylcyclobutyl)acetamide",,C=CC1(CC(=O)N[C@@H]2C[C@H]3CC[C@@H](C2)N3C(=O)/C(Cl)=C/Cl)CCC1,
34107,CCOC(=O)C1(C(=O)NC[C@]2(F)C[C@H](CNC(=O)[C@H]3C[C@H]4CC[C@H]3C4)C2)CC1,"ethyl 1-((((1S,3r)-3-(((1S,2S,4S)-bicyclo[2.2.1]heptane-2-carboxamido)methyl)-1-fluorocyclobutyl)methyl)carbamoyl)cyclopropanecarboxylate",,CCOC(=O)C1(C(=O)NC[C@]2(F)C[C@H](CNC(=O)C3C[C@H]4CC[C@H]3C4)C2)CC1,
34132,Cc1cc(N(CCCNC(=O)[C@H]2C[C@](F)(CO)C2)C(C)C)nc(C(F)(F)F)n1,"(1s,3s)-3-fluoro-3-(hydroxymethyl)-N-(3-((6-methyl-2-(trifluoromethyl)pyrimidin-4-yl)(propan-2-yl)amino)propyl)cyclobutanecarboxamide",,Cc1cc(N(CCCNC(=O)C2CC(F)(CO)C2)C(C)C)nc(C(F)(F)F)n1,
34162,O=C(NC[C@]1(F)CC[C@H](CNC(=O)c2cnccc2Cl)CC1)C1=C[C@H](O)CCC1,"4-chloro-N-(((1R,4r)-4-fluoro-4-(((3R)-3-hydroxycyclohex-1-ene-1-carboxamido)methyl)cyclohexyl)methyl)pyridine-3-carboxamide",,O=C(NC[C@]1(F)CC[C@H](CNC(=O)c2cnccc2Cl)CC1)C1=C[C@H](O)CCC1,
34166,C=C[C@H](O)C(=O)N1C[C@H]2C[C@H](NC(=O)CSCc3cccs3)C[C@H]2C1,"N-((1R,5S,7R)-3-((2S)-2-hydroxy-1-oxobut-3-en-1-yl)-3-azabicyclo[3.3.0]octan-7-yl)-2-(((thiophen-2-yl)methyl)sulfanyl)acetamide",,C=CC(O)C(=O)N1C[C@H]2C[C@H](NC(=O)CSCc3cccs3)C[C@H]2C1,
34208,C[C@H]1CC[C@]2(CCN2C(=O)C2(F)CN(C(=O)C[C@@H]3CC[C@@H]4C[C@@H]34)C2)CC1,"2-((1R,2S,5R)-bicyclo[3.1.0]hexan-2-yl)-1-(3-fluoro-3-((7-methyl-1-azaspiro[3.5]nonan-1-yl)carbonyl)azetidin-1-yl)ethan-1-one",[C@@H]12[C@@H](CC[C@@H]2C1)CC(=O)N1CC(C1)(C(=O)N1CCC12CCC(CC2)C)F,C[C@H]1CC[C@]2(CCN2C(=O)C2(F)CN(C(=O)C[C@@H]3CC[C@@H]4C[C@H]43)C2)CC1,CC1CCC2(CC1)CCN2C(=O)C1(F)CN(C(=O)C[C@@H]2CC[C@@H]3C[C@H]32)C1
34211,O=C(N[C@@H]1C[C@@H]2CC[C@H](C1)N2C(=O)[C@H]1C=CCC1)c1cccc(-n2cccn2)c1,"N-((1R,3R,5S)-8-(((1R)-cyclopent-2-en-1-yl)carbonyl)-8-azabicyclo[3.2.1]octan-3-yl)-3-(1H-pyrazol-1-yl)benzamide",,O=C(N[C@H]1C[C@H]2CC[C@@H](C1)N2C(=O)C1C=CCC1)c1cccc(-n2cccn2)c1,
34233,CCc1cc(CC(=O)N2C[C@H]3[C@@H](C2)[C@@H]3C(=O)N(CC)C2CCN(C)CC2)on1,"(1R,5S,6r)-N-ethyl-3-(2-(3-ethyl-1,2-oxazol-5-yl)-acetyl)-N-(1-methylpiperidin-4-yl)-3-azabicyclo[3.1.0]hexane-6-carboxamide",,CCc1cc(CC(=O)N2C[C@@H]3C(C(=O)N(CC)C4CCN(C)CC4)[C@@H]3C2)on1,
34287,CCN(CC)CC(=O)N[C@]1(C)C[C@H](C(=O)NC[C@](C)(OC)C2CC2)C1,"N-((1S,3s)-3-(((2R)-2-cyclopropyl-2-methoxypropyl)carbamoyl)-1-methylcyclobutyl)-2-(diethylamino)acetamide",,CCN(CC)CC(=O)NC1(C)CC(C(=O)NC[C@](C)(OC)C2CC2)C1,
34316,C=C[C@@H](CC)CC(=O)N1CCC[C@H](N(C)C(=O)C2C3(CC3)C23CC3)CC1,(5S)-1-((3S)-3-ethyl-1-oxopent-4-en-1-yl)-5-(N-methyldispiro[2.0.2.1]heptane-7-carboxamido)-1-azadispiro[2.0.2.1]heptane,C(C)[C@@H](CC(=O)N1CC12C1([C@H](C1)N(C(=O)C1C3(C14CC4)CC3)C)C2)C=C,C=C[C@@H](CC)CC(=O)N1CCC[C@H](N(C)C(=O)C2C3(CC3)C23CC3)CC1,C=C[C@@H](CC)CC(=O)N1CC12CC21C[C@@H]1N(C)C(=O)C1C2(CC2)C12CC2
34375,Cc1cc(COCC(=O)N2CC[C@@H](CNC(=O)[C@@H]3C[C@H](C)O[C@H](C)C3)C2)on1,"(2R,4r,6S)-2,6-dimethyl-N-(((3S)-1-(2-(((3-methyl-1,2-oxazol-5-yl)methyl)oxy)-acetyl)pyrrolidin-3-yl)methyl)oxane-4-carboxamide",,Cc1cc(COCC(=O)N2CC[C@@H](CNC(=O)C3C[C@@H](C)O[C@@H](C)C3)C2)on1,
34383,CO[C@@H]1CC[C@H](C(=O)N2C[C@H]3[C@@H](C2)[C@@H]3C(=O)N(C)CC(N)=O)C[C@H]1N,"(1R,5S,6S)-N-(2-amino-2-oxoethyl)-3-(((1S,3R,4R)-3-amino-4-methoxycyclohexyl)carbonyl)-N-methyl-3-azabicyclo[3.1.0]hexane-6-carboxamide",,CO[C@@H]1CCC(C(=O)N2C[C@@H]3C(C(=O)N(C)CC(N)=O)[C@@H]3C2)C[C@H]1N,
34394,C[C@@H](F)CC(=O)N[C@]1(C)C[C@@H](NC(=O)[C@@]2(C)CNC(=O)C2)C1,"(3R)-3-fluoro-N-((1R,3R)-1-methyl-3-((3R)-3-methyl-5-oxopyrrolidine-3-carboxamido)cyclobutyl)butanamide",,C[C@@H](F)CC(=O)N[C@]1(C)C[C@@H](NC(=O)[C@@]2(C)CNC(=O)C2)C1,
34420,CN(C[C@H]1[C@@H]2CN(C(=O)CCc3ccc[nH]3)C[C@H]12)C(=O)[C@H]1CCn2ccnc2C1,"(7S)-N-methyl-N-(((1R,5S,6r)-3-(1-oxo-3-(1H-pyrrol-2-yl)propyl)-3-azabicyclo[3.1.0]hexan-6-yl)methyl)-5,6,7,8-tetrahydroimidazo[1,2-a]pyridine-7-carboxamide",,CN(C[C@@H]1[C@H]2CN(C(=O)CCc3ccc[nH]3)C[C@@H]12)C(=O)C1CCn2ccnc2C1,
34426,CCN1CCOC[C@@H]1C(=O)N[C@]1(C)C[C@@H](NC(=O)c2coc(Br)c2)C1,"(3R)-N-((1r,3R)-3-(5-bromofuran-3-carboxamido)-1-methylcyclobutyl)-4-ethylmorpholine-3-carboxamide",,CCN1CCOCC1C(=O)N[C@]1(C)C[C@@H](NC(=O)c2coc(Br)c2)C1,
34432,[N-]=[N+]=NC1(C(=O)N[C@H]2[C@@H]3CN(C(=O)c4c[nH]c(=N)s4)C[C@@H]32)CC1,"1-azido-N-((1R,5S,6s)-3-((2-imino-3H-1,3-thiazol-5-yl)carbonyl)-3-azabicyclo[3.1.0]hexan-6-yl)cyclopropanecarboxamide",,[N-]=[N+]=NC1(C(=O)N[C@H]2[C@@H]3CN(C(=O)c4cnc(N)s4)C[C@@H]32)CC1,
34441,CC[C@@](C)(C(N)=O)C(=O)N[C@H]1C[C@H]2C[C@@H](NC(=O)[C@H](CCSC)NC=O)C[C@H]2C1,"(2S)-2-ethyl-N'-((2R,3aR,5S,6aS)-5-((2S)-2-formamido-4-(methylsulfanyl)butanamido)octahydropentalen-2-yl)-2-methylpropanediamide",,CC[C@@](C)(C(N)=O)C(=O)N[C@H]1C[C@H]2C[C@@H](NC(=O)C(CCSC)NC=O)C[C@H]2C1,
34478,COc1cnc(F)c(C(=O)N(C)C[C@H]2[C@@H]3CN(C(=O)C[C@H](C)N(C)C)C[C@H]23)c1,"N-(((1R,5S,6S)-3-((3S)-3-(dimethylamino)-butyryl)-3-azabicyclo[3.1.0]hexan-6-yl)methyl)-2-fluoro-5-methoxy-N-methylpyridine-3-carboxamide",,COc1cnc(F)c(C(=O)N(C)C[C@@H]2[C@H]3CN(C(=O)C[C@H](C)N(C)C)C[C@@H]23)c1,
34501,Cc1nc(CC(=O)N[C@@H]2C[C@@H]3C[C@H](NC(=O)CCc4cnn[nH]4)C[C@@H]3C2)cs1,"N-((2r,3aR,5r,6aS)-5-(2-(2-methyl-1,3-thiazol-4-yl)acetamido)octahydropentalen-2-yl)-3-(1H-1,2,3-triazol-5-yl)propanamide",,Cc1nc(CC(=O)N[C@H]2C[C@H]3C[C@@H](NC(=O)CCc4c[nH]nn4)C[C@H]3C2)cs1,
34543,CC(C)n1ccc(CC(=O)N[C@H]2C[C@](F)(CNC(=O)[C@H]([C@H](C)O)N(C)C)C2)n1,"(2S,3S)-2-(dimethylamino)-N-(((1s,3R)-1-fluoro-3-(2-(1-(propan-2-yl)-1H-pyrazol-3-yl)acetamido)cyclobutyl)methyl)-3-hydroxybutanamide",,CC(C)n1ccc(CC(=O)N[C@H]2C[C@](F)(CNC(=O)C([C@H](C)O)N(C)C)C2)n1,
34604,CC(C)C[C@@H](C)C[C@H](C)C(=O)N1C[C@H]2CCN(C(=O)[C@@H]3[C@H]4CN(C)C[C@H]43)[C@H]2[C@@H]1C,"(2S,4R)-2,4,6-trimethyl-1-((1R,5R,8S)-8-methyl-2-(((1R,5S,6r)-3-methyl-3-azabicyclo[3.1.0]hexan-6-yl)carbonyl)-2,7-diazabicyclo[3.3.0]octan-7-yl)heptan-1-one",,CC(C)C[C@@H](C)CC(C)C(=O)N1C[C@H]2CCN(C(=O)C3[C@H]4CN(C)C[C@@H]34)[C@H]2[C@@H]1C,
34664,CC1(C(=O)N2[C@H]3CC[C@@H]2C[C@H](NC(=O)[C@H]2CCC=CO2)C3)C[C@@H]2CC[C@H](C1)S2,"(2R)-N-((1R,3r,5S)-8-(((1R,5S)-3-methyl-8-thiabicyclo[3.2.1]octan-3-yl)carbonyl)-8-azabicyclo[3.2.1]octan-3-yl)-3,4-dihydro-2H-pyran-2-carboxamide",,CC1(C(=O)N2[C@@H]3CC[C@H]2C[C@@H](NC(=O)C2CCC=CO2)C3)C[C@H]2CC[C@@H](C1)S2,
34665,Cc1cc(C(=O)NC[C@H]2C[C@@H]3CC[C@H](C2)N3C(=O)c2cc(C)[nH]n2)cnn1,"6-methyl-N-(((1R,3s,5S)-8-((5-methyl-1H-pyrazol-3-yl)carbonyl)-8-azabicyclo[3.2.1]octan-3-yl)methyl)pyridazine-4-carboxamide",,Cc1cc(C(=O)NC[C@@H]2C[C@H]3CC[C@@H](C2)N3C(=O)c2cc(C)[nH]n2)cnn1,
34683,Cc1n[nH]c(C)c1CC(=O)NC1([C@H]2CCN(C(=O)[C@@H]3C[C@H]4[C@@H](C3)C4(F)F)C2)CC1,"N-(1-((3S)-1-(((1R,3r,5S)-6,6-difluorobicyclo[3.1.0]hexan-3-yl)carbonyl)pyrrolidin-3-yl)cyclopropyl)-2-(3,5-dimethyl-1H-pyrazol-4-yl)acetamide",,Cc1n[nH]c(C)c1CC(=O)NC1([C@H]2CCN(C(=O)C3C[C@@H]4[C@H](C3)C4(F)F)C2)CC1,
34739,CC(C)NC1(C(=O)N2C[C@H]3[C@H](N(C)C(=O)C[C@H]4CCN(C)C4)[C@H]3C2)CC1,"N-methyl-2-((3R)-1-methylpyrrolidin-3-yl)-N-((1R,5S,6s)-3-((1-((propan-2-yl)amino)cyclopropyl)carbonyl)-3-azabicyclo[3.1.0]hexan-6-yl)acetamide",,CC(C)NC1(C(=O)N2C[C@@H]3[C@H](C2)[C@H]3N(C)C(=O)C[C@H]2CCN(C)C2)CC1,
34769,C[C@@H]1CCN(C(=O)c2c[nH]c3cccc(C#N)c23)C[C@@H]1NC(=O)[C@H]1C[C@@H]2C[C@@H]2C1,"(1R,3s,5S)-N-((3R,4R)-4-methyl-1-((4-(nitrilomethyl)-1H-indol-3-yl)carbonyl)piperidin-3-yl)bicyclo[3.1.0]hexane-3-carboxamide",,C[C@@H]1CCN(C(=O)c2c[nH]c3cccc(C#N)c23)C[C@@H]1NC(=O)C1C[C@@H]2C[C@@H]2C1,
34779,CC(=Cc1cnc[nH]1)C(=O)N1CC(C)(C)CC[C@@H]1CNC(=O)[C@@]1(C)C[C@@H]2C[C@@H]2C1,"(1R,3s,5S)-N-(((2R)-1-(3-(1H-imidazol-5-yl)-2-methyl-1-oxoprop-2-en-1-yl)-5,5-dimethylpiperidin-2-yl)methyl)-3-methylbicyclo[3.1.0]hexane-3-carboxamide",,CC(=Cc1c[nH]cn1)C(=O)N1CC(C)(C)CC[C@@H]1CNC(=O)[C@]1(C)C[C@H]2C[C@H]2C1,
34814,Cc1snnc1C(=O)N[C@H]1C[C@](F)(CNC(=O)c2cc3cccc(Cl)c3s2)C1,"N-((1s,3s)-3-((7-chloro-1-benzothiophene-2-carboxamido)methyl)-3-fluorocyclobutyl)-5-methyl-1,2,3-thiadiazole-4-carboxamide",,Cc1snnc1C(=O)N[C@H]1C[C@](F)(CNC(=O)c2cc3cccc(Cl)c3s2)C1,
34821,CC/C=C/CC(=O)N[C@@H]1CN(C(=O)[C@H]2C[C@@](C)(O)C2)CC12CCC2,"(3E)-N-((8S)-6-(((1s,3R)-3-hydroxy-3-methylcyclobutyl)carbonyl)-6-azaspiro[3.4]octan-8-yl)hex-3-enamide",,CC/C=C/CC(=O)N[C@@H]1CN(C(=O)C2CC(C)(O)C2)CC12CCC2,
34825,CNC(=O)[C@@H]1[C@H]2CN(C(=O)[C@]3(NC(=O)c4ccc(C)nc4C)C[C@@H](O)C3)C[C@H]21,"(1R,5S,6r)-3-(((1s,3s)-1-(2,6-dimethylpyridine-3-carboxamido)-3-hydroxycyclobutyl)carbonyl)-N-methyl-3-azabicyclo[3.1.0]hexane-6-carboxamide",,CNC(=O)C1[C@H]2CN(C(=O)[C@]3(NC(=O)c4ccc(C)nc4C)C[C@@H](O)C3)C[C@@H]12,
34868,COC(=O)CCC(=O)N1[C@H]2CC[C@@H]1C[C@H](NC(=O)[C@]1(F)CCOC1)C2,"methyl 4-((1R,3r,5S)-3-((3S)-3-fluorooxolane-3-carboxamido)-8-azabicyclo[3.2.1]octan-8-yl)-4-oxobutanoate",,COC(=O)CCC(=O)N1[C@@H]2CC[C@H]1C[C@@H](NC(=O)[C@]1(F)CCOC1)C2,
34871,Cc1cc(C(=O)N[C@H]2C[C@](F)(CNC(=O)[C@@H](O)Cc3cnn(C)c3)C2)ns1,"N-((1R,3s)-3-fluoro-3-(((2S)-2-hydroxy-3-(1-methyl-1H-pyrazol-4-yl)propanamido)methyl)cyclobutyl)-5-methyl-1,2-thiazole-3-carboxamide",,Cc1cc(C(=O)N[C@H]2C[C@](F)(CNC(=O)C(O)Cc3cnn(C)c3)C2)ns1,
34935,CCNC(=O)CC(=O)N1C[C@H]2C[C@H](NC(=O)[C@H](CC)n3cncn3)C[C@H]2C1,"(2S)-N-((1R,5S,7s)-3-(3-(ethylamino)-1,3-dioxopropyl)-3-azabicyclo[3.3.0]octan-7-yl)-2-(1H-1,2,4-triazol-1-yl)butanamide",,CCNC(=O)CC(=O)N1C[C@H]2C[C@H](NC(=O)C(CC)n3cncn3)C[C@H]2C1,
35033,Cc1[nH]nc(C(=O)N(C)[C@H]2CCCN(C(=O)[C@@H]3[C@@H](C)[C@H]3C)C2)c1Cl,"4-chloro-N-((3S)-1-(((1r,2R,3S)-2,3-dimethylcyclopropyl)carbonyl)piperidin-3-yl)-5,N-dimethyl-1H-pyrazole-3-carboxamide",,Cc1[nH]nc(C(=O)N(C)[C@H]2CCCN(C(=O)C3[C@@H](C)[C@H]3C)C2)c1Cl,
35038,COc1ccccc1CC(C)(C)CNC(=O)[C@@H]1Cc2nn(C)cc2C(=O)N1,"(6S)-N-(3-(2-methoxyphenyl)-2,2-dimethylpropyl)-2-methyl-4-oxo-4,5,6,7-tetrahydro-1H-pyrazolo[4,3-c]pyridine-6-carboxamide",COC1=C(C=CC=C1)CC(CNC(=O)[C@@H]1CC2=C(C(N1)=O)CN(N2)C)(C)C,COc1ccccc1CC(C)(C)CNC(=O)C1Cc2nn(C)cc2C(=O)N1,COc1ccccc1CC(C)(C)CNC(=O)C1CC2=NN(C)CC2C(=O)N1
35063,Cc1cccc(OCC(=O)N2C[C@H]3[C@H](NC(=O)C(F)(F)C4(O)CCCC4)[C@H]3C2)c1,"2,2-difluoro-2-(1-hydroxycyclopentyl)-N-((1R,5S,6s)-3-(2-((3-methylphenyl)oxy)-acetyl)-3-azabicyclo[3.1.0]hexan-6-yl)acetamide",,Cc1cccc(OCC(=O)N2C[C@@H]3[C@H](C2)[C@H]3NC(=O)C(F)(F)C2(O)CCCC2)c1,
35082,CCCCSCC(=O)N(CC)CCNC(=O)[C@H]1C[C@H]2C[C@@H](O)C[C@H](C2)C1,"2-(butylsulfanyl)-N-ethyl-N-(2-((1R,3s,5S,7r)-7-hydroxybicyclo[3.3.1]nonane-3-carboxamido)ethyl)acetamide",,CCCCSCC(=O)N(CC)CCNC(=O)C1C[C@@H]2C[C@H](O)C[C@H](C1)C2,
35113,C#Cc1ccnc(C(=O)N(C)C[C@H]2[C@@H]3CN(C(=O)[C@@]4(COC)C=CCC4)C[C@H]23)c1,"4-(ethynyl)-N-(((1R,5S,6R)-3-(((1R)-1-(methoxymethyl)cyclopent-2-en-1-yl)carbonyl)-3-azabicyclo[3.1.0]hexan-6-yl)methyl)-N-methylpyridine-2-carboxamide",,C#Cc1ccnc(C(=O)N(C)C[C@@H]2[C@H]3CN(C(=O)[C@@]4(COC)C=CCC4)C[C@@H]23)c1,
35187,CCOCCNC(=O)[C@@H]([C@H]1[C@@H]2COC[C@@H]21)N(CC(C)C)C1CCCC1,"(2R)-N-(2-ethoxyethyl)-2-((2-methylpropyl)(cyclopentyl)amino)-2-((1R,5S,6s)-3-oxabicyclo[3.1.0]hexan-6-yl)acetamide",,CCOCCNC(=O)C([C@H]1[C@@H]2COC[C@@H]21)N(CC(C)C)C1CCCC1,
35207,Cc1cc(F)ccc1NNC(=O)[C@H]1C[C@H]2CCC[C@H](C2)C1,"1-((1R,3s,5S)-bicyclo[3.3.1]nonan-3-yl)-1-(((4-fluoro-2-methylphenyl)amino)amino)methanone",,Cc1cc(F)ccc1NNC(=O)C1C[C@H]2CCC[C@@H](C1)C2,
35208,CN(CCNC(=O)[C@]1(C)CC[C@@H](C(C)(C)C)CC1)C(=O)[C@]1(C#N)CC1(C)C,"(1r,4R)-4-(tert-butyl)-1-methyl-N-(2-(N-methyl(1R)-1-cyano-2,2-dimethylcyclopropanecarboxamido)ethyl)cyclohexanecarboxamide",,CN(CCNC(=O)[C@]1(C)CC[C@@H](C(C)(C)C)CC1)C(=O)[C@]1(C#N)CC1(C)C,
35262,O=C(CN1CCOCC1=O)NC[C@]1(F)C[C@@H](CNC(=O)[C@@]2(C(F)F)CCCO2)C1,"N-(((1S,3s)-3-(((2R)-2-(difluoromethyl)oxolane-2-carboxamido)methyl)-1-fluorocyclobutyl)methyl)-2-(3-oxomorpholin-4-yl)acetamide",,O=C(CN1CCOCC1=O)NC[C@]1(F)C[C@@H](CNC(=O)[C@@]2(C(F)F)CCCO2)C1,
35275,O=C(NC[C@@H]1CC2(CCC2)CN1C(=O)C1=NOCC1)[C@@H]1CC[C@H]2[C@@H](CC1)C2(F)F,"(1R,4r,7S)-N-(((7S)-6-((4,5-dihydro-1,2-oxazol-3-yl)carbonyl)-6-azaspiro[3.4]octan-7-yl)methyl)-8,8-difluorobicyclo[5.1.0]octane-4-carboxamide",,O=C(NC[C@@H]1CC2(CCC2)CN1C(=O)C1=NOCC1)C1CC[C@@H]2[C@H](CC1)C2(F)F,
35313,CS[C@H](C(=O)N1C[C@H]2[C@H](NC(=O)C3C4(CC4)C34CC4)[C@H]2C1)C(C)C,"N-((1R,5S,6R)-3-((2S)-3-methyl-2-(methylsulfanyl)-butyryl)-3-azabicyclo[3.1.0]hexan-6-yl)dispiro[2.0.2.1]heptane-7-carboxamide",,CSC(C(=O)N1C[C@@H]2[C@H](C1)[C@H]2NC(=O)C1C2(CC2)C12CC2)C(C)C,
35357,C[C@@H](SCc1ccccc1)C(=O)N1C[C@H]2C[C@H](NC(=O)[C@@H]3CNC(=O)N3)C[C@H]2C1,"(4S)-N-((1R,5S,7S)-3-((2R)-2-(benzylsulfanyl)-propionyl)-3-azabicyclo[3.3.0]octan-7-yl)-2-oxoimidazolidine-4-carboxamide",,CC(SCc1ccccc1)C(=O)N1C[C@H]2C[C@H](NC(=O)C3CNC(=O)N3)C[C@H]2C1,
35374,CN1C[C@H]2[C@@H](C1)[C@@H]2C(=O)N1CC[C@@H]2CN(C(=O)CCS(C)(=O)=O)C[C@@H]2CC1,"1-((1R,7S)-4-(((1R,5S,6r)-3-methyl-3-azabicyclo[3.1.0]hexan-6-yl)carbonyl)-4,9-diazabicyclo[5.3.0]decan-9-yl)-3-(methylsulfonyl)propan-1-one",,CN1C[C@@H]2C(C(=O)N3CC[C@@H]4CN(C(=O)CCS(C)(=O)=O)C[C@@H]4CC3)[C@@H]2C1,
35376,C[C@]1(NC(=O)CCc2cnoc2)C[C@@H](NC(=O)c2cc3cc(F)cc(F)c3o2)C1,"N-((1s,3s)-3-(5,7-difluoro-1-benzofuran-2-carboxamido)-1-methylcyclobutyl)-3-(1,2-oxazol-4-yl)propanamide",,C[C@]1(NC(=O)CCc2cnoc2)C[C@@H](NC(=O)c2cc3cc(F)cc(F)c3o2)C1,
35378,C[C@H](Oc1cccc(Cl)c1)C(=O)NC[C@H]1[C@@H]2CN(C(=O)[C@@H]3CCCN3C)C[C@H]12,"(2S)-2-((3-chlorophenyl)oxy)-N-(((1R,5S,6S)-3-(((2S)-1-methylpyrrolidin-2-yl)carbonyl)-3-azabicyclo[3.1.0]hexan-6-yl)methyl)propanamide",,CC(Oc1cccc(Cl)c1)C(=O)NC[C@@H]1[C@H]2CN(C(=O)C3CCCN3C)C[C@@H]12,
35409,CC(C)[C@@H](C(=O)N(C)[C@H]1[C@@H]2CN(C(=O)c3cnccn3)C[C@@H]21)c1cccc(Cl)c1,"(2R)-2-(3-chlorophenyl)-3,N-dimethyl-N-((1R,5S,6s)-3-((pyrazin-2-yl)carbonyl)-3-azabicyclo[3.1.0]hexan-6-yl)butanamide",,CC(C)C(C(=O)N(C)[C@H]1[C@@H]2CN(C(=O)c3cnccn3)C[C@@H]21)c1cccc(Cl)c1,
35470,CCOC1(C(=O)N2[C@H]3CC[C@@H]2C[C@@H](CNC(=O)C[C@H](CC)OC)C3)CCOCC1,"(3S)-N-(((1R,3s,5S)-8-((4-ethoxyoxan-4-yl)carbonyl)-8-azabicyclo[3.2.1]octan-3-yl)methyl)-3-methoxypentanamide",,CCOC1(C(=O)N2[C@@H]3CC[C@H]2C[C@H](CNC(=O)C[C@H](CC)OC)C3)CCOCC1,
35473,Cc1cc(C)c(CC(=O)N[C@@H](C)CCNC(=O)C2=C3CCN=C3NC=C2)c(C)c1,"N-((2S)-4-(3,7-dihydro-1H-pyrrolo[2,3-b]pyridine-4-carboxamido)butan-2-yl)-2-(2,4,6-trimethylphenyl)acetamide",N1CCC2=C1NCC=C2C(=O)NCC[C@H](C)NC(CC2=C(C=C(C=C2C)C)C)=O,Cc1cc(C)c(CC(=O)N[C@@H](C)CCNC(=O)c2ccnc3c2CCN3)c(C)c1,Cc1cc(C)c(CC(=O)N[C@@H](C)CCNC(=O)C2=CCN=C3NCCC23)c(C)c1
35475,CC(C)n1cc(C(=O)N[C@@H]2[C@@H](C)CN(C(=O)CCCc3cc[nH]n3)C[C@H]2C)nn1,"N-((3R,4r,5S)-3,5-dimethyl-1-(1-oxo-4-(1H-pyrazol-3-yl)butyl)piperidin-4-yl)-1-(propan-2-yl)-1H-1,2,3-triazole-4-carboxamide",,CC(C)n1cc(C(=O)N[C@H]2[C@H](C)CN(C(=O)CCCc3cc[nH]n3)C[C@@H]2C)nn1,
35478,O=C(O)C(F)(F)CCN[C@H](c1ccccc1)[C@@H]1CCCc2ccccc21,"2,2-difluoro-4-(((1S)-(phenyl)-(1R)-1,2,3,4-tetrahydronaphthalen-1-ylmethyl)amino)butanoic acid",FC(C(=O)O)(CCN[C@H]([C@H]1CCCC2=CC=CC=C12)C1=CC=CC=C1)F,O=C(O)C(F)(F)CCN[C@H](c1ccccc1)[C@@H]1CCCc2ccccc21,O=C(O)C(F)(F)CCN[C@@H](c1ccccc1)[C@H]1CCCc2ccccc21
35484,CC1(C)C[C@H]1CC(=O)N[C@H]1C[C@@](C)(NC(=O)C[C@@H]2CCc3ccccc32)C1,"2-((1S)-2,3-dihydro-1H-inden-1-yl)-N-((1R,3R)-3-(2-((1S)-2,2-dimethylcyclopropyl)acetamido)-1-methylcyclobutyl)acetamide",,CC1(C)C[C@H]1CC(=O)N[C@H]1C[C@@](C)(NC(=O)C[C@@H]2CCc3ccccc32)C1,
35523,CP(C)(=O)c1ccc(C(=O)NC[C@H](CO)NC(=O)[C@@H]2C[C@@H]3CSC[C@@H](C3)C2)cc1,"(1R,5S,7r)-N-((2R)-1-(4-(dimethyloxophosphanyl)benzamido)-3-hydroxypropan-2-yl)-3-thiabicyclo[3.3.1]nonane-7-carboxamide",,CP(C)(=O)c1ccc(C(=O)NC[C@H](CO)NC(=O)C2C[C@H]3CSC[C@@H](C2)C3)cc1,
35588,Cc1nn(CC(=O)NC[C@]2(F)C[C@H](NC(=O)c3c[nH]nc3[N+](=O)[O-])C2)c(C)c1Cl,"2-(4-chloro-3,5-dimethyl-1H-pyrazol-1-yl)-N-(((1r,3r)-1-fluoro-3-(3-nitro-1H-pyrazole-4-carboxamido)cyclobutyl)methyl)acetamide",,Cc1nn(CC(=O)NC[C@]2(F)C[C@H](NC(=O)c3c[nH]nc3[N+](=O)[O-])C2)c(C)c1Cl,
35631,N=c1[nH]nc(C(=O)N2C[C@H]3[C@H](CC(=O)N4CCC5(CCOCC5)C4)[C@H]3C2)[nH]1,"2-((1R,5S,6s)-3-((5-imino-1H,4H-1,2,4-triazol-3-yl)carbonyl)-3-azabicyclo[3.1.0]hexan-6-yl)-1-(8-oxa-2-azaspiro[4.5]decan-2-yl)ethan-1-one",,Nc1n[nH]c(C(=O)N2C[C@@H]3[C@@H](CC(=O)N4CCC5(CCOCC5)C4)[C@@H]3C2)n1,
35640,O=C(NC[C@]1(c2ccccc2)C[C@@H](F)C1)C(=O)N[C@@H]1CCCNC1,"N-(((1r,3R)-3-fluoro-1-phenylcyclobutyl)methyl)-N'-((3R)-piperidin-3-yl)ethanediamide",,O=C(NC[C@]1(c2ccccc2)C[C@@H](F)C1)C(=O)N[C@@H]1CCCNC1,
35704,CC[C@@H](C(=O)NC[C@H]1C[C@H](F)CN1C(=O)[C@H]1C[C@@H]2C[C@@H]2C1)c1ccccc1,"(2R)-N-(((2R,4S)-1-(((1R,3s,5S)-bicyclo[3.1.0]hexan-3-yl)carbonyl)-4-fluoropyrrolidin-2-yl)methyl)-2-phenylbutanamide",,CCC(C(=O)NC[C@H]1C[C@H](F)CN1C(=O)C1C[C@@H]2C[C@@H]2C1)c1ccccc1,
35740,CSCC[C@@H](O)C(=O)N1C[C@H]2C[C@@H](C(=O)N[C@H]3C[C@@H]3C(C)(C)C)C[C@H]2C1,"(1R,5S,7R)-N-((1S,2R)-2-(tert-butyl)cyclopropyl)-3-((2R)-2-hydroxy-4-(methylsulfanyl)-butyryl)-3-azabicyclo[3.3.0]octane-7-carboxamide",,CSCCC(O)C(=O)N1C[C@H]2CC(C(=O)N[C@H]3C[C@@H]3C(C)(C)C)C[C@H]2C1,
35752,Cc1ncc(C(=O)N2C[C@H]3[C@@H](C2)[C@@H]3C(=O)N[C@@H](C)C(C)(C)C#N)c(=N)[nH]1,"(1R,5S,6r)-N-((2S)-3,3-dimethyl-4-nitrilobutan-2-yl)-3-((6-imino-2-methyl-1H-pyrimidin-5-yl)carbonyl)-3-azabicyclo[3.1.0]hexane-6-carboxamide",,Cc1ncc(C(=O)N2C[C@@H]3C(C(=O)N[C@@H](C)C(C)(C)C#N)[C@@H]3C2)c(N)n1,
35763,C[C@]1(F)C[C@H](C(=O)N2CCC3(CN(C(=O)C4CCCCCC4)C3)C2)C1,"1-cycloheptyl-1-(6-(((1r,3r)-3-fluoro-3-methylcyclobutyl)carbonyl)-2,6-diazaspiro[3.4]octan-2-yl)methanone",,CC1(F)CC(C(=O)N2CCC3(C2)CN(C(=O)C2CCCCCC2)C3)C1,
35987,C#C[C@@H](C)CC1CN(C(=O)[C@H]2C[C@@](C)(NC(=O)c3ccn(C)c3CC)C2)C1,"2-ethyl-1-methyl-N-((1R,3s)-1-methyl-3-((3-((2S)-2-methylbut-3-yn-1-yl)azetidin-1-yl)carbonyl)cyclobutyl)-1H-pyrrole-3-carboxamide",,C#C[C@@H](C)CC1CN(C(=O)C2CC(C)(NC(=O)c3ccn(C)c3CC)C2)C1,
36034,NS(=O)(=O)c1coc(C(=O)NC[C@]2(F)C[C@H](CNC(=O)[C@@H]3C[C@@H]3Cl)C2)c1,"4-(sulfamoyl)-N-(((1S,3r)-3-(((1S,2S)-2-chlorocyclopropanecarboxamido)methyl)-1-fluorocyclobutyl)methyl)furan-2-carboxamide",,NS(=O)(=O)c1coc(C(=O)NC[C@]2(F)C[C@H](CNC(=O)C3C[C@@H]3Cl)C2)c1,
36046,CCCCC1(C(=O)N2C[C@H]3[C@H](NC(=O)c4nn(C)c(N)c4C)[C@H]3C2)CCC1,"5-amino-N-((1R,5S,6s)-3-((1-butylcyclobutyl)carbonyl)-3-azabicyclo[3.1.0]hexan-6-yl)-1,4-dimethyl-1H-pyrazole-3-carboxamide",,CCCCC1(C(=O)N2C[C@@H]3[C@H](C2)[C@H]3NC(=O)c2nn(C)c(N)c2C)CCC1,
36056,Cc1cc(C(=O)N2CC3(C[C@H](NC(=O)[C@H]4C[C@H]4CN(C)C)c4nccn43)C2)cs1,"(1S,2R)-2-((dimethylamino)methyl)-N-((6S)-spiro[1,4-diazabicyclo[3.3.0]octa-2,4-diene-8,3'-(1-(1-azacyclobutan-1-yl)-1-(5-methylthiophen-3-yl)methanone)]-6-yl)cyclopropanecarboxamide",,Cc1cc(C(=O)N2CC3(C[C@H](NC(=O)C4C[C@H]4CN(C)C)c4nccn43)C2)cs1,
36064,CC1(c2cn(CC(=O)N3CC[C@@]4(C[C@@H](O)c5ccccc5O4)C3)nn2)CC1,"1-((3R,5'R)-2'-oxaspiro[pyrrolidine-3,3'-bicyclo[4.4.0]deca-1(10),6,8-triene]-1-yl-5'-ol)-2-(4-(1-methylcyclopropyl)-1H-1,2,3-triazol-1-yl)ethan-1-one",,CC1(c2cn(CC(=O)N3CC[C@@]4(C[C@@H](O)c5ccccc5O4)C3)nn2)CC1,
36076,CC(C)(C)C(=O)N1CC2(C[C@H](NC(=O)c3ccsc3Br)c3nccn32)C1,"2-bromo-N-((6S)-spiro[1,4-diazabicyclo[3.3.0]octa-2,4-diene-8,3'-(1-(1-azacyclobutan-1-yl)-2,2-dimethylpropane)]-6-yl-1'-one)thiophene-3-carboxamide",,CC(C)(C)C(=O)N1CC2(C[C@H](NC(=O)c3ccsc3Br)c3nccn32)C1,
36171,O=C(N[C@@H]1C[C@@H]2CC[C@H](C1)N2C(=O)CC(F)(F)C(F)F)c1cc2ccccn2c1,"N-((1R,3r,5S)-8-(3,3,4,4-tetrafluoro-butyryl)-8-azabicyclo[3.2.1]octan-3-yl)indolizine-2-carboxamide",,O=C(N[C@H]1C[C@H]2CC[C@@H](C1)N2C(=O)CC(F)(F)C(F)F)c1cc2ccccn2c1,
36174,CN1C(=O)CSC1=CC(=O)NC[C@]1(F)C[C@H](CNC(=O)[C@H](F)C2CCOCC2)C1,"(2R)-2-fluoro-N-(((1r,3R)-3-fluoro-3-((2-(3-methyl-4-oxo-1,3-thiazolidin-2-ylidene)acetamido)methyl)cyclobutyl)methyl)-2-(oxan-4-yl)acetamide",,CN1C(=O)CSC1=CC(=O)NC[C@]1(F)C[C@H](CNC(=O)C(F)C2CCOCC2)C1,
36198,Cc1nsc(C)c1C(=O)N1CCC([C@@H]2C[C@H]2NC(=O)[C@H]2CC[C@@](C)(F)CC2)CC1,"(1s,4S)-N-((1R,2S)-2-(1-((3,5-dimethyl-1,2-thiazol-4-yl)carbonyl)piperidin-4-yl)cyclopropyl)-4-fluoro-4-methylcyclohexanecarboxamide",,Cc1nsc(C)c1C(=O)N1CCC([C@@H]2C[C@H]2NC(=O)C2CCC(C)(F)CC2)CC1,
36207,Cc1cnc(C(=O)N2CC[C@]3(CCCN3C(=O)[C@H]3C[C@@H]4CC[C@@H]4C3)C2)cc1C#N,"2-(((5R)-1-(((1R,3s,5S)-bicyclo[3.2.0]heptan-3-yl)carbonyl)-1,7-diazaspiro[4.4]nonan-7-yl)carbonyl)-5-methylpyridine-4-carbonitrile",,Cc1cnc(C(=O)N2CC[C@]3(CCCN3C(=O)C3C[C@H]4CC[C@H]4C3)C2)cc1C#N,
36247,Cc1ccc(C(=O)N[C@]2(C)C[C@H](NC(=O)C[C@@H]3CCCNC(=O)C3)C2)cc1CO,"3-(hydroxymethyl)-4-methyl-N-((1S,3s)-1-methyl-3-(2-((4R)-2-oxoazepan-4-yl)acetamido)cyclobutyl)benzamide",,Cc1ccc(C(=O)N[C@]2(C)C[C@H](NC(=O)C[C@@H]3CCCNC(=O)C3)C2)cc1CO,
36445,CCCN(C(=O)c1cnn(-c2nccs2)c1)[C@H]1CCN(C(=O)[C@@H]2[C@@H](C)[C@H]2C)C1,"N-((3S)-1-(((1r,2R,3S)-2,3-dimethylcyclopropyl)carbonyl)pyrrolidin-3-yl)-N-propyl-1-(1,3-thiazol-2-yl)-1H-pyrazole-4-carboxamide",,CCCN(C(=O)c1cnn(-c2nccs2)c1)[C@H]1CCN(C(=O)C2[C@@H](C)[C@H]2C)C1,
36460,O=C(NC[C@H]1C[C@@](F)(CNC(=O)C2(F)CCCCC2)C1)c1cnc(C2CC2)nc1,"2-cyclopropyl-N-(((1r,3r)-3-fluoro-3-((1-fluorocyclohexanecarboxamido)methyl)cyclobutyl)methyl)pyrimidine-5-carboxamide",,O=C(NC[C@H]1C[C@@](F)(CNC(=O)C2(F)CCCCC2)C1)c1cnc(C2CC2)nc1,
36518,C[C@H](C(=O)N1[C@H]2CC[C@@H]1C[C@@H](NC(=O)C[C@@H]1CCCO1)C2)n1cccn1,"N-((1R,3S,5S)-8-((2R)-1-oxo-2-(1H-pyrazol-1-yl)propyl)-8-azabicyclo[3.2.1]octan-3-yl)-2-((2S)-oxolan-2-yl)acetamide",,CC(C(=O)N1[C@@H]2CC[C@H]1C[C@H](NC(=O)C[C@@H]1CCCO1)C2)n1cccn1,
36526,C[C@]1(NC(=O)c2cnc(=N)[nH]c2)C[C@H](NC(=O)Cc2sccc2Cl)C1,"N-((1r,3r)-3-(2-(3-chlorothiophen-2-yl)acetamido)-1-methylcyclobutyl)-2-imino-1H-pyrimidine-5-carboxamide",,C[C@]1(NC(=O)c2cnc(N)nc2)C[C@H](NC(=O)Cc2sccc2Cl)C1,
36628,C[C@H](CNC(=O)c1ccc2c(n1)NCC(=O)N2)NC(=O)[C@@H]1C[C@@H]2C[C@@H]2C1,"N-((2R)-2-((1R,3r,5S)-bicyclo[3.1.0]hexane-3-carboxamido)propyl)-2-oxo-1,2,3,4-tetrahydropyrido[2,3-b]pyrazine-6-carboxamide",,C[C@H](CNC(O)c1ccc2[nH]c(=O)cnc2n1)NC(=O)C1C[C@@H]2C[C@@H]2C1,
36644,CN(C(=O)c1cc2n(n1)CCC[C@@H]2O)[C@H]1[C@@H]2CN(C(=O)C3CCCCCC3)C[C@@H]21,"(4S)-N-((1R,5S,6s)-3-((cycloheptyl)carbonyl)-3-azabicyclo[3.1.0]hexan-6-yl)-4-hydroxy-N-methyl-4,5,6,7-tetrahydropyrazolo[1,5-a]pyridine-2-carboxamide",,CN(C(=O)c1cc2n(n1)CCC[C@@H]2O)[C@H]1[C@@H]2CN(C(=O)C3CCCCCC3)C[C@@H]21,
36647,CCC(=O)NC12CC(CO)(C1)OC21CN(C(=O)C[C@H](C)c2ccccc2OC)C1,"N-(1-(hydroxymethyl)spiro[2-oxabicyclo[2.1.1]hexane-3,3'-((3S)-1-(1-azacyclobutan-1-yl)-3-(2-methoxyphenyl)butane)]-4-yl-1'-one)propanamide",,CCC(=O)NC12CC(CO)(C1)OC21CN(C(=O)C[C@H](C)c2ccccc2OC)C1,
36667,Cc1cccc(NC(=O)[C@H]2[C@H]3CN(C(=O)c4cnc(C)c(C)c4)C[C@H]32)n1,"(1R,5S,6s)-3-((5,6-dimethylpyridin-3-yl)carbonyl)-N-(6-methylpyridin-2-yl)-3-azabicyclo[3.1.0]hexane-6-carboxamide",,Cc1cccc(NC(=O)C2[C@H]3CN(C(=O)c4cnc(C)c(C)c4)C[C@@H]23)n1,
36764,COc1cncc(C(=O)N[C@]2(CNC(=O)[C@H]3C[C@@H]4CC[C@H](C3)[C@@H]4O)CCOC2)n1,"N-((3S)-3-(((1R,3s,5S,8S)-8-hydroxybicyclo[3.2.1]octane-3-carboxamido)methyl)oxolan-3-yl)-6-methoxypyrazine-2-carboxamide",,COc1cncc(C(=O)N[C@]2(CNC(=O)C3C[C@H]4CC[C@@H](C3)[C@H]4O)CCOC2)n1,
36825,COc1cc(C(=O)N[C@@H](C)[C@@H](C)NC(=O)[C@@H]2C[C@@H]3CC[C@@H]3C2)ccc1C,"(1R,3r,5S)-N-((2R,3S)-3-(3-methoxy-4-methylbenzamido)butan-2-yl)bicyclo[3.2.0]heptane-3-carboxamide",,COc1cc(C(=O)N[C@@H](C)[C@@H](C)NC(=O)C2C[C@H]3CC[C@H]3C2)ccc1C,
36909,COC1(C(F)(F)C(=O)N[C@H]2COC[C@H]2NC(=O)[C@H]2C[C@@H]3C[C@@H]3C2)CCCC1,"N-((3R,4S)-4-((1R,3s,5S)-bicyclo[3.1.0]hexane-3-carboxamido)oxolan-3-yl)-2,2-difluoro-2-(1-methoxycyclopentyl)acetamide",,COC1(C(F)(F)C(=O)N[C@H]2COC[C@H]2NC(=O)C2C[C@@H]3C[C@@H]3C2)CCCC1,
36915,CSC1(C(=O)N[C@H]2C[C@](C)(NC(=O)c3ccc(C(C)C)s3)C2)CC(O)C1,"N-((1r,3r)-3-(3-hydroxy-1-(methylsulfanyl)cyclobutanecarboxamido)-1-methylcyclobutyl)-5-(propan-2-yl)thiophene-2-carboxamide",,CSC1(C(=O)N[C@H]2C[C@](C)(NC(=O)c3ccc(C(C)C)s3)C2)CC(O)C1,
36924,C#CCO[C@@H](C)C(=O)N[C@]1(C)C[C@H](C(=O)NC2(C3CCCC3)CC2)C1,"(2S)-N-((1s,3R)-3-((1-cyclopentylcyclopropyl)carbamoyl)-1-methylcyclobutyl)-2-((prop-2-yn-1-yl)oxy)propanamide",,C#CCOC(C)C(=O)NC1(C)CC(C(=O)NC2(C3CCCC3)CC2)C1,
36939,CC(C)(C)OC(=O)NCc1ccc(NC(=O)[C@H]2C[C@@H]3CC[C@H](C2)S3(=O)=O)cc1,"tert-butyl (((4-((1R,3s,5S)-8,8-dioxo-8lambda^6-thiabicyclo[3.2.1]octane-3-carboxamido)phenyl)methyl)amino)formate",,CC(C)(C)OC(=O)NCc1ccc(NC(=O)C2C[C@H]3CC[C@@H](C2)S3(=O)=O)cc1,
36989,CCCN(OC)C(=O)C1CC(O)(CNC(=O)[C@@H]2[C@H]3COC[C@H]32)C1,"(1R,5S,6r)-N-((1-hydroxy-3-((methoxy)(propyl)carbamoyl)cyclobutyl)methyl)-3-oxabicyclo[3.1.0]hexane-6-carboxamide",,CCCN(OC)C(=O)C1CC(O)(CNC(=O)C2[C@H]3COC[C@@H]23)C1,
36999,C[C@@H](C(=O)N[C@H]1[C@@H]2CN(C(=O)CSCc3cccs3)C[C@@H]21)c1cccc(O)c1,"(2R)-2-(3-hydroxyphenyl)-N-((1R,5S,6s)-3-(1-oxo-2-(((thiophen-2-yl)methyl)sulfanyl)ethyl)-3-azabicyclo[3.1.0]hexan-6-yl)propanamide",,CC(C(=O)N[C@H]1[C@@H]2CN(C(=O)CSCc3cccs3)C[C@@H]21)c1cccc(O)c1,
37029,C[C@@H]1CN(C(=O)c2ccc3nccn3c2)C[C@H]1NC(=O)[C@]1(C(F)(F)F)C[C@@H](O)C1,"(1s,3R)-3-hydroxy-N-((3S,4R)-1-((imidazo[1,2-a]pyridin-6-yl)carbonyl)-4-methylpyrrolidin-3-yl)-1-(trifluoromethyl)cyclobutanecarboxamide",,C[C@@H]1CN(C(=O)c2ccc3nccn3c2)C[C@H]1NC(=O)[C@]1(C(F)(F)F)C[C@@H](O)C1,
37252,CN(C)C1(C(=O)N2C[C@H]3[C@H](CNC(=O)c4cc(F)c(N)c(F)c4)[C@H]3C2)CC1,"4-amino-N-(((1R,5S,6r)-3-((1-(dimethylamino)cyclopropyl)carbonyl)-3-azabicyclo[3.1.0]hexan-6-yl)methyl)-3,5-difluorobenzamide",,CN(C)C1(C(=O)N2C[C@@H]3[C@@H](CNC(=O)c4cc(F)c(N)c(F)c4)[C@@H]3C2)CC1,
37305,C#CC[C@]1(O)C[C@@H](C(=O)N2CC[C@H]3C[C@H]2CN(C(=O)CCOCC2CC2)C3)C1,"3-(cyclopropylmethoxy)-1-((1S,5S)-2-(((1s,3R)-3-hydroxy-3-(prop-2-yn-1-yl)cyclobutyl)carbonyl)-2,7-diazabicyclo[3.3.1]nonan-7-yl)propan-1-one",,C#CCC1(O)CC(C(=O)N2CC[C@H]3C[C@H]2CN(C(=O)CCOCC2CC2)C3)C1,
37379,CC(C)C1=NO[C@@H](C(=O)N[C@H]2C[C@](C)(NC(=O)c3ccc(C(C)C)cc3O)C2)C1,"(5R)-N-((1r,3R)-3-(2-hydroxy-4-(propan-2-yl)benzamido)-3-methylcyclobutyl)-3-(propan-2-yl)-4,5-dihydro-1,2-oxazole-5-carboxamide",,CC(C)C1=NOC(C(=O)N[C@H]2C[C@](C)(NC(=O)c3ccc(C(C)C)cc3O)C2)C1,
37383,O=C(N[C@H]1[C@@H]2CN(C(=O)C3CC(F)C3)C[C@@H]21)c1cc(-c2ccccc2)no1,"N-((1R,5S,6s)-3-((3-fluorocyclobutyl)carbonyl)-3-azabicyclo[3.1.0]hexan-6-yl)-3-phenyl-1,2-oxazole-5-carboxamide",,O=C(N[C@H]1[C@@H]2CN(C(=O)C3CC(F)C3)C[C@@H]21)c1cc(-c2ccccc2)no1,
37409,O=C(NC[C@H]1[C@@H]2CN(C(=O)c3ccc(S(=O)(=O)C(F)(F)F)cc3)C[C@H]12)[C@@H]1C[C@H]1F,"(1S,2R)-2-fluoro-N-(((1R,5S,6r)-3-((4-(trifluoromethylsulfonyl)phenyl)carbonyl)-3-azabicyclo[3.1.0]hexan-6-yl)methyl)cyclopropanecarboxamide",,O=C(NC[C@@H]1[C@H]2CN(C(=O)c3ccc(S(=O)(=O)C(F)(F)F)cc3)C[C@@H]12)C1C[C@H]1F,
37445,CN1CC2(CC2)C[C@H]1C(=O)NC[C@H]1[C@@H]2CN(C(=O)c3n[nH]cc3Cl)C[C@H]12,"(6S)-N-(((1R,5S,6r)-3-((4-chloro-1H-pyrazol-3-yl)carbonyl)-3-azabicyclo[3.1.0]hexan-6-yl)methyl)-5-methyl-5-azaspiro[2.4]heptane-6-carboxamide",,CN1CC2(CC2)CC1C(=O)NC[C@@H]1[C@H]2CN(C(=O)c3[nH]ncc3Cl)C[C@@H]12,
37447,CCC[C@@H](O)C(=O)N1C[C@@H]2C[C@H](NC(=O)c3oc(Br)cc3C)C[C@@H](C2)C1,"5-bromo-N-((1R,5S,7S)-3-((2R)-2-hydroxy-pentanoyl)-3-azabicyclo[3.3.1]nonan-7-yl)-3-methylfuran-2-carboxamide",,CCCC(O)C(=O)N1C[C@@H]2C[C@@H](C[C@H](NC(=O)c3oc(Br)cc3C)C2)C1,
37476,C#C[C@]1(O)C[C@@H](C(=O)N2CC[C@H](CNC(=O)[C@@H]3CCS(=O)(=O)C3(C)C)C23CC3)C1,"(3S)-N-(((7R)-4-(((1s,3S)-3-(ethynyl)-3-hydroxycyclobutyl)carbonyl)-4-azaspiro[2.4]heptan-7-yl)methyl)-2,2-dimethyl-1,1-dioxothiolane-3-carboxamide",,C#CC1(O)CC(C(=O)N2CC[C@H](CNC(=O)C3CCS(=O)(=O)C3(C)C)C23CC3)C1,
37530,Cc1cc(C(=O)N[C@H]2C[C@@H]3CN(C(=O)[C@H]4CCCC45CC5)C[C@@H]3C2)c(F)cc1F,"2,4-difluoro-5-methyl-N-((1R,5S,7R)-3-(((4S)-spiro[2.4]heptan-4-yl)carbonyl)-3-azabicyclo[3.3.0]octan-7-yl)benzamide",,Cc1cc(C(=O)N[C@H]2C[C@@H]3CN(C(=O)C4CCCC45CC5)C[C@@H]3C2)c(F)cc1F,
37568,C[C@H](C1CCCCC1)[C@@H](C(=O)N[C@H]1CCOC1)N1CCc2nn(C)cc2C1,"(2S,3R)-3-cyclohexyl-2-(2-methyl-4,5,6,7-tetrahydro-1H-pyrazolo[4,3-c]pyridin-5-yl)-N-((3S)-oxolan-3-yl)butanamide",C1(CCCCC1)[C@H]([C@@H](C(=O)N[C@@H]1COCC1)N1CC2=C(CC1)NN(C2)C)C,C[C@H](C1CCCCC1)C(C(=O)N[C@H]1CCOC1)N1CCc2nn(C)cc2C1,C[C@H](C1CCCCC1)C(C(=O)N[C@H]1CCOC1)N1CCC2=C(CN(C)N2)C1
37610,C#C[C@]1(O)C[C@@H](C(=O)N2C[C@H]3[C@H](NC(=O)CC4CCCCC4)[C@H]3C2)C1,"2-cyclohexyl-N-((1R,5S,6s)-3-(((1s,3s)-3-(ethynyl)-3-hydroxycyclobutyl)carbonyl)-3-azabicyclo[3.1.0]hexan-6-yl)acetamide",,C#CC1(O)CC(C(=O)N2C[C@@H]3[C@H](C2)[C@H]3NC(=O)CC2CCCCC2)C1,
37671,CS(=O)(=O)CCCC(=O)NC[C@]1(F)C[C@@H](CNC(=O)[C@@H](O)c2cccc(F)c2)C1,"N-(((1R,3s)-1-fluoro-3-(((2S)-2-(3-fluorophenyl)-2-hydroxyacetamido)methyl)cyclobutyl)methyl)-4-(methylsulfonyl)butanamide",,CS(=O)(=O)CCCC(=O)NC[C@]1(F)C[C@@H](CNC(=O)C(O)c2cccc(F)c2)C1,
37880,CC1(C)C(=O)N[C@H]1C1CCN(C(=O)[C@H]2CC[C@@](C)(F)CC2)CC1,"(4S)-4-(1-(((1s,4R)-4-fluoro-4-methylcyclohexyl)carbonyl)piperidin-4-yl)-3,3-dimethylazetidin-2-one",,CC1(F)CCC(C(=O)N2CCC([C@@H]3NC(=O)C3(C)C)CC2)CC1,
37892,O=C(N[C@@]12C[C@@H]3C[C@@H](C[C@@](O)(C3)C1)C2)c1cc2cc([N+](=O)[O-])cnc2[nH]1,"N-((1r,3s,5R,7S)-3-hydroxyadamantan-1-yl)-5-nitro-1H-pyrrolo[2,3-b]pyridine-2-carboxamide",,O=C(N[C@@]12C[C@@H]3C[C@@H](C[C@@](O)(C3)C1)C2)c1cc2cc([N+](=O)[O-])cnc2[nH]1,
37919,Cc1ccoc1C(=O)N1C[C@H]2C[C@@H](C(=O)NCCN3CCNC(=O)C3)C[C@H]2C1,"(1R,5S,7r)-3-((3-methylfuran-2-yl)carbonyl)-N-(2-(3-oxopiperazin-1-yl)ethyl)-3-azabicyclo[3.3.0]octane-7-carboxamide",,Cc1ccoc1C(=O)N1C[C@H]2CC(C(=O)NCCN3CCNC(=O)C3)C[C@H]2C1,
37935,Cc1ocnc1C(=O)N1C[C@H]2[C@H](CNC(=O)[C@H]3CNC(=O)N3)[C@H]2C1,"(4R)-N-(((1R,5S,6r)-3-((5-methyl-1,3-oxazol-4-yl)carbonyl)-3-azabicyclo[3.1.0]hexan-6-yl)methyl)-2-oxoimidazolidine-4-carboxamide",,Cc1ocnc1C(=O)N1C[C@@H]2[C@@H](CNC(=O)C3CNC(=O)N3)[C@@H]2C1,
37962,CSCC[C@@H](O)CC(=O)N1C[C@H]2[C@H](NC(=O)c3cc(C)sn3)[C@H]2C1,"N-((1R,5S,6R)-3-((3S)-3-hydroxy-5-(methylsulfanyl)-pentanoyl)-3-azabicyclo[3.1.0]hexan-6-yl)-5-methyl-1,2-thiazole-3-carboxamide",,CSCC[C@@H](O)CC(=O)N1C[C@@H]2[C@H](C1)[C@H]2NC(=O)c1cc(C)sn1,
38027,O=C(N[C@H]1CC[C@@H]1O)[C@@H]1[C@H]2CN(C(=O)c3nc4ccccc4o3)C[C@H]21,"(1R,5S,6r)-3-((1,3-benzoxazol-2-yl)carbonyl)-N-((1S,2S)-2-hydroxycyclobutyl)-3-azabicyclo[3.1.0]hexane-6-carboxamide",,O=C(N[C@H]1CC[C@@H]1O)C1[C@H]2CN(C(=O)c3nc4ccccc4o3)C[C@@H]12,
38033,Cc1ncccc1CC(=O)NC[C@]1(F)C[C@@H](Nc2cnc(C#N)c(C#N)n2)C1,"N-(((1s,3s)-3-((5,6-bis(nitrilomethyl)pyrazin-2-yl)amino)-1-fluorocyclobutyl)methyl)-2-(2-methylpyridin-3-yl)acetamide",,Cc1ncccc1CC(=O)NC[C@]1(F)C[C@@H](Nc2cnc(C#N)c(C#N)n2)C1,
38053,C[C@@H]1[C@H](C(=O)N2C[C@H]3C[C@@]3(CNC(=O)c3ccc([N+](=O)[O-])cc3F)C2)[C@@H]1C,"N-(((1R,5S)-3-(((1s,2R,3S)-2,3-dimethylcyclopropyl)carbonyl)-3-azabicyclo[3.1.0]hexan-1-yl)methyl)-2-fluoro-4-nitrobenzamide",,C[C@@H]1C(C(=O)N2C[C@H]3C[C@@]3(CNC(=O)c3ccc([N+](=O)[O-])cc3F)C2)[C@@H]1C,
38101,COCCSCc1ccc(C(=O)N2CC(CNC(=O)[C@@H]3[C@@H](C)[C@H]3C)(COC)C2)o1,"(1r,2R,3S)-N-((1-((5-(((2-methoxyethyl)sulfanyl)methyl)furan-2-yl)carbonyl)-3-(methoxymethyl)azetidin-3-yl)methyl)-2,3-dimethylcyclopropanecarboxamide",,COCCSCc1ccc(C(=O)N2CC(CNC(=O)C3[C@@H](C)[C@H]3C)(COC)C2)o1,
38113,Cc1nc(C)c(NC(=O)[C@@H]2C[C@@H]3CN(C(=O)c4cnn(C)c4C)C[C@@H]3C2)c(C)n1,"(1R,5S,7r)-3-((1,5-dimethyl-1H-pyrazol-4-yl)carbonyl)-N-(2,4,6-trimethylpyrimidin-5-yl)-3-azabicyclo[3.3.0]octane-7-carboxamide",,Cc1nc(C)c(NC(=O)C2C[C@@H]3CN(C(=O)c4cnn(C)c4C)C[C@@H]3C2)c(C)n1,
38162,Cc1nscc1C(=O)N[C@]1(C)C[C@H](C(=O)NCCC23CC(CCO2)C3)C1,"3-methyl-N-((1s,3s)-1-methyl-3-((2-(2-oxabicyclo[3.1.1]heptan-1-yl)ethyl)carbamoyl)cyclobutyl)-1,2-thiazole-4-carboxamide",,Cc1nscc1C(=O)NC1(C)CC(C(=O)NCCC23CC(CCO2)C3)C1,
38166,C[C@]1(O)C[C@@H](NC(=O)C23CC(CN2C(=O)c2nc[nH]n2)C3)C1,"N-((1s,3s)-3-hydroxy-3-methylcyclobutyl)-2-((1H-1,2,4-triazol-3-yl)carbonyl)-2-azabicyclo[2.1.1]hexane-1-carboxamide",,C[C@]1(O)C[C@@H](NC(=O)C23CC(CN2C(=O)c2nc[nH]n2)C3)C1,
38272,CN1C[C@H]2[C@@H](C1)[C@@H]2C(=O)N1C[C@@H](CC(=O)N2CC[C@H](OCCO)C2)CC1(C)C,"2-((3R)-5,5-dimethyl-1-(((1R,5S,6r)-3-methyl-3-azabicyclo[3.1.0]hexan-6-yl)carbonyl)pyrrolidin-3-yl)-1-((3S)-3-(2-hydroxyethoxy)pyrrolidin-1-yl)ethan-1-one",,CN1C[C@@H]2C(C(=O)N3C[C@@H](CC(=O)N4CC[C@H](OCCO)C4)CC3(C)C)[C@@H]2C1,
38273,O=C(Nc1cccc(O)c1Cl)[C@H]1[C@H]2CN(Cc3sc(Br)nc3Br)C[C@H]21,"(1R,5S,6s)-N-(2-chloro-3-hydroxyphenyl)-3-((2,4-dibromo-1,3-thiazol-5-yl)methyl)-3-azabicyclo[3.1.0]hexane-6-carboxamide",,O=C(Nc1cccc(O)c1Cl)C1[C@H]2CN(Cc3sc(Br)nc3Br)C[C@@H]12,
38348,Cc1nnc(C(C)C)n1[C@H]1C[C@@H]2CC[C@H](C1)N2C(=O)c1ccc(Cl)c(O)c1,"1-(4-chloro-3-hydroxyphenyl)-1-((1R,3s,5S)-3-(3-methyl-5-(propan-2-yl)-4H-1,2,4-triazol-4-yl)-8-azabicyclo[3.2.1]octan-8-yl)methanone",,Cc1nnc(C(C)C)n1[C@@H]1C[C@H]2CC[C@@H](C1)N2C(=O)c1ccc(Cl)c(O)c1,
38366,CCc1oc(C)cc1C(=O)N(C)CCN(C(=O)[C@H]1C[C@@H]2CC[C@@H]2C1)C(C)C,"2-ethyl-5,N-dimethyl-N-(2-(N-(propan-2-yl)(1R,3s,5S)-bicyclo[3.2.0]heptane-3-carboxamido)ethyl)furan-3-carboxamide",,CCc1oc(C)cc1C(=O)N(C)CCN(C(=O)C1C[C@H]2CC[C@H]2C1)C(C)C,
38407,C[C@]1(F)CC[C@@H](C(=O)N2C[C@@H]3C[C@@]3(CNC(=O)[C@H]3CCCc4ncnn43)C2)CC1,"(2R)-N-(((1R,5R)-3-(((1s,4S)-4-fluoro-4-methylcyclohexyl)carbonyl)-3-azabicyclo[3.1.0]hexan-1-yl)methyl)-1,7,9-triazabicyclo[4.3.0]nona-6,8-diene-2-carboxamide",,CC1(F)CCC(C(=O)N2C[C@@H]3C[C@@]3(CNC(=O)C3CCCc4ncnn43)C2)CC1,
38408,C[C@@H]1[C@H](C(=O)NC[C@H]2CC3(CC3)CN2C(=O)[C@H]2CCn3ccnc3C2)[C@@H]1C,"(1s,2R,3S)-2,3-dimethyl-N-(((6R)-5-(((7S)-5,6,7,8-tetrahydroimidazo[1,2-a]pyridin-7-yl)carbonyl)-5-azaspiro[2.4]heptan-6-yl)methyl)cyclopropanecarboxamide",,C[C@@H]1C(C(=O)NC[C@H]2CC3(CC3)CN2C(=O)C2CCn3ccnc3C2)[C@@H]1C,
38461,COC(C)(C)CCC(=O)N1C[C@@H]2C[C@H](NC(=O)C3CC4(CCCO4)C3)C[C@@H](C2)C1,"N-((1R,5S,7s)-3-(4-methoxy-4-methyl-pentanoyl)-3-azabicyclo[3.3.1]nonan-7-yl)-5-oxaspiro[3.4]octane-2-carboxamide",,COC(C)(C)CCC(=O)N1C[C@@H]2C[C@@H](C[C@H](NC(=O)C3CC4(CCCO4)C3)C2)C1,
38475,O=C(C=Cc1cc[nH]c1)N1CC[C@](F)(C(=O)NC[C@H]2C[C@H](O)[C@H](O)C2)C1,"(3R)-N-(((1s,3R,4S)-3,4-dihydroxycyclopentyl)methyl)-3-fluoro-1-(1-oxo-3-(1H-pyrrol-3-yl)prop-2-en-1-yl)pyrrolidine-3-carboxamide",,O=C(C=Cc1cc[nH]c1)N1CC[C@](F)(C(=O)NC[C@@H]2C[C@@H](O)[C@@H](O)C2)C1,
38517,CS(=O)(=O)CCC(=O)N1CC(C(=O)N[C@H]2C[C@@H]3CSC[C@@H]3C2)(C2CC2)C1,"3-cyclopropyl-1-(3-(methylsulfonyl)-propionyl)-N-((1R,5S,7s)-3-thiabicyclo[3.3.0]octan-7-yl)azetidine-3-carboxamide",,CS(=O)(=O)CCC(=O)N1CC(C(=O)N[C@@H]2C[C@H]3CSC[C@H]3C2)(C2CC2)C1,
38547,O=C(c1cc2n(c1)CCCC2)N1CC[C@H](N(CCO)C(=O)[C@H]2C[C@@H]3CC[C@@H]3C2)C1,"(1R,3s,5S)-N-(2-hydroxyethyl)-N-((3S)-1-((5,6,7,8-tetrahydroindolizin-2-yl)carbonyl)pyrrolidin-3-yl)bicyclo[3.2.0]heptane-3-carboxamide",,O=C(c1cc2n(c1)CCCC2)N1CC[C@H](N(CCO)C(=O)C2C[C@H]3CC[C@H]3C2)C1,
38601,CCCCN=C(N[C@H]1C[C@](F)(CNC(=O)OC(C)(C)C)C1)N1CCS(=O)(=O)CC1,"tert-butyl ((((1s,3s)-3-(((butylimino)(1,1-dioxothiomorpholin-4-yl)methyl)amino)-1-fluorocyclobutyl)methyl)amino)formate",,CCCCN=C(N[C@H]1C[C@](F)(CNC(=O)OC(C)(C)C)C1)N1CCS(=O)(=O)CC1,
38735,CN(C(=O)CC1CC=CC1)[C@@H]1C[C@H]2CC[C@@H](C1)N2C(=O)C[C@H](O)C1=CC=CC=C1,"2-(cyclopent-3-en-1-yl)-N-((1R,3R,5S)-8-((3S)-3-hydroxy-1-oxo-3-phenylpropyl)-8-azabicyclo[3.2.1]octan-3-yl)-N-methylacetamide",,CN(C(=O)CC1CC=CC1)[C@@H]1C[C@H]2CC[C@@H](C1)N2C(=O)C[C@H](O)c1ccccc1,
38756,CC#CCCC(=O)N[C@@H]1C[C@@H]2CC[C@H](C1)N2C(=O)c1ccc(CCCCCC)s1,"N-((1R,3r,5S)-8-((5-hexylthiophen-2-yl)carbonyl)-8-azabicyclo[3.2.1]octan-3-yl)hex-4-ynamide",,CC#CCCC(=O)N[C@H]1C[C@H]2CC[C@@H](C1)N2C(=O)c1ccc(CCCCCC)s1,
38777,CCC(C)(C)[C@H](C)CC(=O)NC[C@H]1CC[C@@](F)(CNC(=O)[C@@H]2C[C@@H]2F)CC1,"(3R)-N-(((1S,4R)-4-fluoro-4-(((1S,2S)-2-fluorocyclopropanecarboxamido)methyl)cyclohexyl)methyl)-3,4,4-trimethylhexanamide",,CCC(C)(C)[C@H](C)CC(=O)NC[C@H]1CC[C@@](F)(CNC(=O)C2C[C@@H]2F)CC1,
38890,CC[C@](C)(COC)C(=O)N1CC2(C[C@H](NC(=O)CN(C)C(N)=O)c3nccn32)C1,"2-((carbamoyl)(methyl)amino)-N-((6S)-spiro[1,4-diazabicyclo[3.3.0]octa-2,4-diene-8,3'-((2R)-1-(1-azacyclobutan-1-yl)-2-(methoxymethyl)-2-methylbutane)]-6-yl-1'-one)acetamide",,CC[C@](C)(COC)C(=O)N1CC2(C[C@H](NC(=O)CN(C)C(N)=O)c3nccn32)C1,
38919,CC[C@@]1(CNC(=O)[C@@H]2CCC3(CC3)N2C(=O)[C@@H]2[C@H]3CCC[C@H]32)CCC(=O)N1,"(5S)-4-(((1R,5S,6r)-bicyclo[3.1.0]hexan-6-yl)carbonyl)-N-(((2S)-2-ethyl-5-oxopyrrolidin-2-yl)methyl)-4-azaspiro[2.4]heptane-5-carboxamide",,CC[C@@]1(CNC(=O)C2CCC3(CC3)N2C(=O)C2[C@H]3CCC[C@@H]23)CCC(=O)N1,
38967,CCCN(C(=O)[C@H]1C[C@@H]2CC[C@H](C1)O2)[C@@H]1CCN(C(=O)c2cc(Cl)c[nH]2)C1,"(1R,3s,5S)-N-((3R)-1-((4-chloro-1H-pyrrol-2-yl)carbonyl)pyrrolidin-3-yl)-N-propyl-8-oxabicyclo[3.2.1]octane-3-carboxamide",,CCCN(C(=O)C1C[C@H]2CC[C@@H](C1)O2)[C@@H]1CCN(C(=O)c2cc(Cl)c[nH]2)C1,
38980,COC(=O)C1CC2(CC(C(=O)NC3(C)CCN(C(=O)[C@H]4C[C@](C)(F)C4)CC3)C2)C1,"methyl 6-((1-(((1r,3r)-3-fluoro-3-methylcyclobutyl)carbonyl)-4-methylpiperidin-4-yl)carbamoyl)spiro[3.3]heptane-2-carboxylate",,COC(=O)C1CC2(CC(C(=O)NC3(C)CCN(C(=O)C4CC(C)(F)C4)CC3)C2)C1,
38993,CC(C)N(C)CC(=O)N1CCCC[C@]12C[C@H](NC(=O)[C@@H]1CCCC1(F)F)C2,"(1S)-2,2-difluoro-N-(5-(1-oxo-2-((propan-2-yl)(methyl)amino)ethyl)-5-azaspiro[3.5]nonan-2-yl)cyclopentanecarboxamide",FC1([C@@H](CCC1)C(=O)NC1CC2(C1)N(CCCC2)C(CN(C)C(C)C)=O)F,CC(C)N(C)CC(=O)N1CCCC[C@]12C[C@H](NC(=O)C1CCCC1(F)F)C2,CC(C)N(C)CC(=O)N1CCCCC12CC(NC(=O)C1CCCC1(F)F)C2
38994,CC1(C)CCC[C@@](O)(C(=O)N2CC3(C2)OC2(C)CC3(NC(=O)CC3CC3)C2)CC1,"2-cyclopropyl-N-(1-methylspiro[2-oxabicyclo[2.1.1]hexane-3,3'-(1-(1-azacyclobutan-1-yl)-1-((1S)-1-hydroxy-4,4-dimethylcycloheptyl)methanone)]-4-yl)acetamide",,CC1(C)CCC[C@@](O)(C(=O)N2CC3(C2)OC2(C)CC3(NC(=O)CC3CC3)C2)CC1,
39092,C[C@@H]1C[C@H]1CCC(=O)N(C)[C@H]1[C@@H]2CN(C(=O)c3cn4cccnc4n3)C[C@@H]21,"N-((1R,5S,6s)-3-((imidazo[1,2-a]pyrimidin-2-yl)carbonyl)-3-azabicyclo[3.1.0]hexan-6-yl)-N-methyl-3-((1R,2R)-2-methylcyclopropyl)propanamide",,C[C@@H]1C[C@H]1CCC(=O)N(C)[C@H]1[C@@H]2CN(C(=O)c3cn4cccnc4n3)C[C@@H]21,
39134,Cc1cc(C)c(C(=O)N[C@]2(C)C[C@H](NC(=O)Cc3ccc(Cl)nc3F)C2)cc1C,"N-((1s,3s)-3-(2-(6-chloro-2-fluoropyridin-3-yl)acetamido)-1-methylcyclobutyl)-2,4,5-trimethylbenzamide",,Cc1cc(C)c(C(=O)N[C@]2(C)C[C@H](NC(=O)Cc3ccc(Cl)nc3F)C2)cc1C,
39153,CCCC(=O)NC12CC(C)(C1)OC21CN(C(=O)[C@H](C)c2ccc(OC)cc2C)C1,"N-(1-methylspiro[2-oxabicyclo[2.1.1]hexane-3,3'-((2R)-1-(1-azacyclobutan-1-yl)-2-(4-methoxy-2-methylphenyl)propane)]-4-yl-1'-one)butanamide",,CCCC(=O)NC12CC(C)(C1)OC21CN(C(=O)C(C)c2ccc(OC)cc2C)C1,
39154,CC(C)C[C@@H]1C[C@H]1C(=O)NC[C@]1(F)C[C@H](CNC(=O)[C@H](C)CC(C)(F)F)C1,"(1R,2R)-N-(((1R,3R)-3-(((2R)-4,4-difluoro-2-methylpentanamido)methyl)-1-fluorocyclobutyl)methyl)-2-(2-methylpropyl)cyclopropanecarboxamide",,CC(C)C[C@@H]1CC1C(=O)NC[C@]1(F)C[C@H](CNC(=O)C(C)CC(C)(F)F)C1,
39320,CO[C@]1(C(F)(F)F)C[C@H](Cn2cc(CCN3CCC[C@@H]3CO)nn2)C1,"1-((2R)-1-(2-(1-(((1s,3S)-3-methoxy-3-(trifluoromethyl)cyclobutyl)methyl)-1H-1,2,3-triazol-4-yl)ethyl)pyrrolidin-2-yl)methanol",,CO[C@]1(C(F)(F)F)C[C@H](Cn2cc(CCN3CCC[C@@H]3CO)nn2)C1,
39381,COC(=O)[C@H]1C[C@H]1C(=O)N[C@]1(C)C[C@@H](NC(=O)c2cc(Br)c(C)cc2C)C1,"methyl (1S,2R)-2-(((1r,3R)-3-(5-bromo-2,4-dimethylbenzamido)-1-methylcyclobutyl)carbamoyl)cyclopropanecarboxylate",,COC(=O)C1CC1C(=O)N[C@]1(C)C[C@@H](NC(=O)c2cc(Br)c(C)cc2C)C1,
39387,CN(C(=O)C=Cc1cccs1)[C@H]1[C@@H]2CN(C(=O)C3=COCCC3)C[C@@H]21,"N-((1R,5S,6s)-3-((3,4-dihydro-2H-pyran-5-yl)carbonyl)-3-azabicyclo[3.1.0]hexan-6-yl)-N-methyl-3-(thiophen-2-yl)prop-2-enamide",,CN(C(=O)C=Cc1cccs1)[C@H]1[C@@H]2CN(C(=O)C3=COCCC3)C[C@@H]21,
39497,C[C@@]1(C(=O)NC[C@]2(F)C[C@H](NC(=O)CCCCC(N)=O)C2)CCCOC1,"(3R)-N-(((1r,3R)-3-(5-carbamoylpentanamido)-1-fluorocyclobutyl)methyl)-3-methyloxane-3-carboxamide",,C[C@@]1(C(=O)NC[C@]2(F)C[C@H](NC(=O)CCCCC(N)=O)C2)CCCOC1,
39552,Cc1cc(C(=O)N[C@H]2C[C@@H]3CN(C(=O)CCCC(C)C)C[C@@H]3C2)cs1,"5-methyl-N-((1R,5S,7s)-3-(5-methyl-hexanoyl)-3-azabicyclo[3.3.0]octan-7-yl)thiophene-3-carboxamide",,Cc1cc(C(=O)N[C@H]2C[C@@H]3CN(C(=O)CCCC(C)C)C[C@@H]3C2)cs1,
39580,O=C(CCc1cc[nH]n1)N[C@H]1C[C@](O)(C2CCN(C(=O)C=C(Cl)Cl)CC2)C1,"N-((1s,3s)-3-(1-(3,3-dichloro-1-oxoprop-2-en-1-yl)piperidin-4-yl)-3-hydroxycyclobutyl)-3-(1H-pyrazol-3-yl)propanamide",,O=C(CCc1cc[nH]n1)N[C@H]1C[C@](O)(C2CCN(C(=O)C=C(Cl)Cl)CC2)C1,
39584,CN1CC(CC(=O)N2C[C@H]3[C@H](N(C)C(=O)c4cc(S(N)(=O)=O)c[nH]4)[C@H]3C2)C1,"4-(sulfamoyl)-N-methyl-N-((1R,5S,6s)-3-(2-(1-methylazetidin-3-yl)-acetyl)-3-azabicyclo[3.1.0]hexan-6-yl)-1H-pyrrole-2-carboxamide",,CN1CC(CC(=O)N2C[C@@H]3[C@H](C2)[C@H]3N(C)C(=O)c2cc(S(N)(=O)=O)c[nH]2)C1,
39644,C=CC1(CNC(=O)[C@@]2(OC)CCN(C(=O)[C@H]3C[C@@H]4CC[C@@H]4C3)C2)CCOCC1,"(3R)-1-(((1R,3s,5S)-bicyclo[3.2.0]heptan-3-yl)carbonyl)-N-((4-ethenyloxan-4-yl)methyl)-3-methoxypyrrolidine-3-carboxamide",,C=CC1(CNC(=O)[C@@]2(OC)CCN(C(=O)C3C[C@H]4CC[C@H]4C3)C2)CCOCC1,
39697,CC(C)[C@@H](O)CC(=O)N[C@H]1C[C@@](F)(CNC(=O)[C@H](O)CNC(=O)OC(C)(C)C)C1,"tert-butyl (((2R)-3-((((1S,3R)-1-fluoro-3-((3S)-3-hydroxy-4-methylpentanamido)cyclobutyl)methyl)amino)-2-hydroxy-3-oxopropyl)amino)formate",,CC(C)[C@@H](O)CC(=O)N[C@H]1C[C@@](F)(CNC(=O)C(O)CNC(=O)OC(C)(C)C)C1,
39752,CC(C)(C)C(=O)N1CSC[C@H]1C(=O)NC[C@H]1[C@@H]2CN(C(=O)[C@@H]3COCCO3)C[C@H]12,"(4R)-3-(2,2-dimethyl-propionyl)-N-(((1R,5S,6S)-3-(((2S)-1,4-dioxan-2-yl)carbonyl)-3-azabicyclo[3.1.0]hexan-6-yl)methyl)-1,3-thiazolidine-4-carboxamide",,CC(C)(C)C(=O)N1CSCC1C(=O)NC[C@@H]1[C@H]2CN(C(=O)C3COCCO3)C[C@@H]12,
39801,Cc1ccc(F)c(CC(=O)N2C[C@H]3C[C@H](NC(=O)[C@H]4[C@@H](C)[C@H]4C)C[C@H]2C3)c1,"(1s,2R,3S)-N-((1S,3S,5R)-6-(2-(2-fluoro-5-methylphenyl)-acetyl)-6-azabicyclo[3.2.1]octan-3-yl)-2,3-dimethylcyclopropanecarboxamide",,Cc1ccc(F)c(CC(=O)N2C[C@H]3C[C@H](NC(=O)C4[C@@H](C)[C@H]4C)C[C@H]2C3)c1,
39817,C#CCCCNC(=O)[C@H]1[C@@H]2[C@@H]3C[C@@H]4[C@@H]1[C@H]2[C@@]34C(=O)N1C[C@H]2C[C@@H]1CO2,"(1S,2R,3R,4R,5R,6S,8R)-1-(((1R,4R)-2-oxa-5-azabicyclo[2.2.1]heptan-5-yl)carbonyl)-N-(pent-4-yn-1-yl)tetracyclo[4.2.0.0^{3,8}.0^{2,5}]octane-4-carboxamide",,C#CCCCNC(=O)C1[C@H]2[C@@H]3[C@H]1[C@@H]1C[C@H]2[C@@]31C(=O)N1C[C@H]2C[C@@H]1CO2,
39841,N[C@H]1C[C@@](F)(CNC(=O)C(=O)NC[C@@H]2CC[C@@H]3C[C@@H]23)C1,"N'-(((1r,3R)-3-amino-1-fluorocyclobutyl)methyl)-N-(((1R,2R,5R)-bicyclo[3.1.0]hexan-2-yl)methyl)ethanediamide",,N[C@H]1C[C@@](F)(CNC(=O)C(=O)NC[C@@H]2CC[C@@H]3C[C@H]32)C1,
39855,O=C(Cc1ccco1)NC[C@H]1CC[C@@](F)(CNC(=O)[C@H]2CCCC2(F)F)CC1,"N-(((1R,4r)-4-(((1R)-2,2-difluorocyclopentanecarboxamido)methyl)-4-fluorocyclohexyl)methyl)-2-(furan-2-yl)acetamide",,O=C(Cc1ccco1)NC[C@H]1CC[C@@](F)(CNC(=O)C2CCCC2(F)F)CC1,
39915,C#CCO[C@@H](C)C(=O)NC[C@H]1C[C@@](F)(CNC(=O)c2cccc(Br)c2N)C1,"(2S)-N-(((1r,3S)-3-((2-amino-3-bromobenzamido)methyl)-3-fluorocyclobutyl)methyl)-2-((prop-2-yn-1-yl)oxy)propanamide",,C#CCOC(C)C(=O)NC[C@H]1C[C@@](F)(CNC(=O)c2cccc(Br)c2N)C1,
39959,O=C([C@H]1C[C@H]2CCC[C@H](C2)C1)N1CCC(C2CCC2)CC1,"1-((1R,3s,5S)-bicyclo[3.3.1]nonan-3-yl)-1-(4-cyclobutylpiperidin-1-yl)methanone",,O=C(C1C[C@H]2CCC[C@@H](C1)C2)N1CCC(C2CCC2)CC1,
40110,CCn1cccc1C(=O)N[C@@H]1C=C[C@H](CNC(=O)[C@H]2C[C@@H]3CC[C@H](C2)O3)C1,"1-ethyl-N-((1S,4R)-4-(((1R,3s,5S)-8-oxabicyclo[3.2.1]octane-3-carboxamido)methyl)cyclopent-2-en-1-yl)-1H-pyrrole-2-carboxamide",,CCn1cccc1C(=O)N[C@@H]1C=C[C@H](CNC(=O)C2C[C@H]3CC[C@@H](C2)O3)C1,
40150,C=C(Cl)C(C)(C)C(=O)N[C@H]1C[C@@H]2CC[C@H](C1)N2C(=O)c1ncoc1C1CCC1,"3-chloro-N-((1R,3s,5S)-8-((5-cyclobutyl-1,3-oxazol-4-yl)carbonyl)-8-azabicyclo[3.2.1]octan-3-yl)-2,2-dimethylbut-3-enamide",,C=C(Cl)C(C)(C)C(=O)N[C@@H]1C[C@H]2CC[C@@H](C1)N2C(=O)c1ncoc1C1CCC1,
40167,COC(=O)[C@H]1CC[C@@](F)(CNC(=NCCC(C)C)NCC2(Cl)CCOCC2)CC1,"methyl (1r,4r)-4-((((((4-chlorooxan-4-yl)methyl)amino)((3-methylbutyl)imino)methyl)amino)methyl)-4-fluorocyclohexanecarboxylate",,COC(=O)C1CCC(F)(CN=C(NCCC(C)C)NCC2(Cl)CCOCC2)CC1,
40210,CN(C(=O)/C=C/c1cccc(Cl)c1Cl)[C@H]1[C@@H]2CN(C(=O)[C@@H]3CC34CC4)C[C@@H]21,"(2E)-3-(2,3-dichlorophenyl)-N-methyl-N-((1R,5S,6S)-3-((oxo)-(1R)-spiro[2.2]pentan-1-ylmethyl)-3-azabicyclo[3.1.0]hexan-6-yl)prop-2-enamide",,CN(C(=O)/C=C/c1cccc(Cl)c1Cl)[C@H]1[C@@H]2CN(C(=O)C3CC34CC4)C[C@@H]21,
40290,C#CC[C@]1(O)C[C@@H](C(=O)N(CCC)CC(=O)NCC2(COC)CC2)C1,"(1s,3s)-3-hydroxy-N-(2-(((1-(methoxymethyl)cyclopropyl)methyl)amino)-2-oxoethyl)-3-(prop-2-yn-1-yl)-N-propylcyclobutanecarboxamide",,C#CCC1(O)CC(C(=O)N(CCC)CC(=O)NCC2(COC)CC2)C1,
40358,CCN(C)CC=CC(=O)NC[C@@H]1[C@H]2CCCC[C@H]21,"N-(((1R,6S,7r)-bicyclo[4.1.0]heptan-7-yl)methyl)-4-((ethyl)(methyl)amino)but-2-enamide",,CCN(C)CC=CC(=O)NC[C@H]1[C@@H]2CCCC[C@@H]21,
40365,CCNC(=O)C[C@H]1CCCN(C(=O)[C@H]2C[C@@H]3CC[C@@H]3C2)C1,"2-((3R)-1-(((1R,3s,5S)-bicyclo[3.2.0]heptan-3-yl)carbonyl)piperidin-3-yl)-N-ethylacetamide",,CCNC(=O)C[C@H]1CCCN(C(=O)C2C[C@H]3CC[C@H]3C2)C1,
40371,CSCCCC(=O)NC[C@H]1C[C@@](F)(CNC(=O)[C@@H]2CCCc3n[nH]cc32)C1,"N-(((1R,3r)-3-fluoro-3-(((4R)-4,5,6,7-tetrahydro-2H-indazole-4-carboxamido)methyl)cyclobutyl)methyl)-4-(methylsulfanyl)butanamide",,CSCCCC(=O)NC[C@H]1C[C@@](F)(CNC(=O)C2CCCc3[nH]ncc32)C1,
40393,CCCN(C)CCC(=O)N[C@@H]1CC12CCN(C(=O)[C@H]1[C@@H](C)[C@H]1C)CC2,"N-((1R)-6-(((1s,2R,3S)-2,3-dimethylcyclopropyl)carbonyl)-6-azaspiro[2.5]octan-1-yl)-3-((methyl)(propyl)amino)propanamide",,CCCN(C)CCC(=O)N[C@@H]1CC12CCN(C(=O)C1[C@@H](C)[C@H]1C)CC2,
40395,COCC(C)(C)NC(=O)[C@@H]1[C@@H]2CC[C@H]1CN(C(=O)COc1ccccc1C#N)C2,"(1R,5S,8r)-N-(1-methoxy-2-methylpropan-2-yl)-3-(2-((2-(nitrilomethyl)phenyl)oxy)-acetyl)-3-azabicyclo[3.2.1]octane-8-carboxamide",,COCC(C)(C)NC(=O)C1[C@@H]2CC[C@H]1CN(C(=O)COc1ccccc1C#N)C2,
40466,COc1cccc(C(=O)N[C@H]2C[C@](F)(CNC(=O)[C@H]3CCN(C)S3(=O)=O)C2)c1F,"(5R)-N-(((1s,3S)-1-fluoro-3-(2-fluoro-3-methoxybenzamido)cyclobutyl)methyl)-2-methyl-1,1-dioxo-1,2-thiazolidine-5-carboxamide",,COc1cccc(C(=O)N[C@H]2C[C@](F)(CNC(=O)C3CCN(C)S3(=O)=O)C2)c1F,
40478,C[C@@H](CCNC(=O)[C@H]1CCc2nnn(C)c2C1)N(C)C(=O)[C@H]1CC[C@@H](C)O1,"(5S)-3-methyl-N-((3S)-3-(N-methyl(2R,5R)-5-methyloxolane-2-carboxamido)butyl)-4,5,6,7-tetrahydro-1H-benzotriazole-5-carboxamide",CN1NNC2=C1C[C@H](CC2)C(=O)NCC[C@H](C)N(C(=O)[C@@H]2O[C@@H](CC2)C)C,C[C@@H]1CCC(C(=O)N(C)[C@@H](C)CCNC(=O)C2CCc3nnn(C)c3C2)O1,C[C@@H]1CCC(C(=O)N(C)[C@@H](C)CCNC(=O)C2CCC3=C(C2)N(C)NN3)O1
40551,CCn1cnc(C(=O)N[C@H]2C[C@H]3COC[C@@H](C2)N3C(=O)c2sccc2C2CC2)c1,"N-((1R,5S,7s)-9-((3-cyclopropylthiophen-2-yl)carbonyl)-3-oxa-9-azabicyclo[3.3.1]nonan-7-yl)-1-ethyl-1H-imidazole-4-carboxamide",,CCn1cnc(C(=O)N[C@H]2C[C@H]3COC[C@@H](C2)N3C(=O)c2sccc2C2CC2)c1,
40611,CC(C)N(CCNC(=O)c1csc(=N)[nH]1)C(=O)CN1CCS[C@@H]2CCCC[C@@H]21,"2-imino-N-(2-(N-(propan-2-yl)-2-((4aS,8aR)-3,4,4a,5,6,7,8,8a-octahydro-4H-1,4-benzothiazin-4-yl)acetamido)ethyl)-3H-1,3-thiazole-4-carboxamide",,CC(C)N(CCNC(=O)c1csc(N)n1)C(=O)CN1CCS[C@@H]2CCCC[C@@H]21,
40677,CC(C)[C@@H]1CC[C@@H](C)C[C@H]1OCC(=O)N[C@H]1[C@@H]2CN(C(=O)C3(C)CC3)C[C@@H]21,"2-(((1R,2S,5R)-5-methyl-2-(propan-2-yl)cyclohexyl)oxy)-N-((1R,5S,6s)-3-((1-methylcyclopropyl)carbonyl)-3-azabicyclo[3.1.0]hexan-6-yl)acetamide",,CC(C)[C@@H]1CC[C@@H](C)C[C@H]1OCC(=O)N[C@H]1[C@@H]2CN(C(=O)C3(C)CC3)C[C@@H]21,
40691,O=C(c1cocn1)N1C[C@H]2[C@H](CNC(=O)[C@]3(Cl)CC3(F)F)[C@H]2C1,"(1R)-1-chloro-2,2-difluoro-N-(((1R,5S,6r)-3-((1,3-oxazol-4-yl)carbonyl)-3-azabicyclo[3.1.0]hexan-6-yl)methyl)cyclopropanecarboxamide",,O=C(c1cocn1)N1C[C@@H]2[C@@H](CNC(=O)[C@]3(Cl)CC3(F)F)[C@@H]2C1,
40716,CCc1occc1C(=O)N1CCN(C(=O)[C@@H]2[C@H]3COC[C@H]32)[C@@H](C2CC2)C1,"1-((3S)-3-cyclopropyl-4-(((1R,5S,6r)-3-oxabicyclo[3.1.0]hexan-6-yl)carbonyl)piperazin-1-yl)-1-(2-ethylfuran-3-yl)methanone",,CCc1occc1C(=O)N1CCN(C(=O)C2[C@H]3COC[C@@H]23)[C@@H](C2CC2)C1,
40837,C=C(C)COCC(=O)N[C@H]1C[C@](C)(NC(=O)[C@H]2CCC[C@@]3(C2)CC3(F)F)C1,"N-((1S,3r)-3-((3R,5S)-1,1-difluorospiro[2.5]octane-5-carboxamido)-3-methylcyclobutyl)-2-((2-methylprop-2-en-1-yl)oxy)acetamide",,C=C(C)COCC(=O)N[C@H]1C[C@](C)(NC(=O)C2CCC[C@@]3(C2)CC3(F)F)C1,
40865,CN(C(=O)[C@@H]1[C@H]2CCCC[C@H]21)C(C)(C)CC(=O)Nc1ccc(O)cc1,"(1R,6S,7r)-N-(4-((4-hydroxyphenyl)amino)-2-methyl-4-oxobutan-2-yl)-N-methylbicyclo[4.1.0]heptane-7-carboxamide",,CN(C(=O)C1[C@H]2CCCC[C@@H]12)C(C)(C)CC(=O)Nc1ccc(O)cc1,
40887,CCCn1nccc1C(=O)N(C)C[C@H](O)CN(C)C(=O)[C@@H]1[C@H]2CCCC[C@H]21,"N-((2R)-2-hydroxy-3-(N-methyl(1R,6S,7r)-bicyclo[4.1.0]heptane-7-carboxamido)propyl)-N-methyl-1-propyl-1H-pyrazole-5-carboxamide",,CCCn1nccc1C(=O)N(C)C[C@H](O)CN(C)C(=O)C1[C@H]2CCCC[C@@H]12,
40900,O=C(C#C[C@H]1CCOC1)N1C[C@H]2[C@@H](C1)[C@@H]2C(=O)N1CC[C@H](c2ncco2)C1,"1-((1R,5S,6R)-6-(((3S)-3-(1,3-oxazol-2-yl)pyrrolidin-1-yl)carbonyl)-3-azabicyclo[3.1.0]hexan-3-yl)-3-((3R)-oxolan-3-yl)prop-2-yn-1-one",,O=C(C#C[C@H]1CCOC1)N1C[C@@H]2C(C(=O)N3CC[C@H](c4ncco4)C3)[C@@H]2C1,
40916,O=C(C[C@@H]1C[C@H]2C[C@H]2C1)N1C[C@H]2CC[C@@H]1[C@@H]2NC(=O)C12CCC(CO)(CC1)CC2,"N-((1R,4R,7R)-2-(2-((1R,3s,5S)-bicyclo[3.1.0]hexan-3-yl)-acetyl)-2-azabicyclo[2.2.1]heptan-7-yl)-4-(hydroxymethyl)bicyclo[2.2.2]octane-1-carboxamide",,O=C(C[C@H]1C[C@@H]2C[C@@H]2C1)N1C[C@H]2CC[C@@H]1[C@@H]2NC(=O)C12CCC(CO)(CC1)CC2,
41098,Cc1ccc(CC(=O)N[C@@H]2C[C@H]3[C@@H](C2)[C@@H]3NC(=O)C[C@]23CCC[C@H]2C3)c(F)c1,"N-((1R,3R,5S,6r)-6-(2-((1R,5S)-bicyclo[3.1.0]hexan-1-yl)acetamido)bicyclo[3.1.0]hexan-3-yl)-2-(2-fluoro-4-methylphenyl)acetamide",,Cc1ccc(CC(=O)N[C@H]2C[C@@H]3[C@H](C2)[C@H]3NC(=O)C[C@]23CCC[C@H]2C3)c(F)c1,
41138,CC=CCC(=O)NC[C@H]1[C@@H]2CN(C(=O)[C@@H]3OCC[C@@H]3c3ccccc3)C[C@H]12,"N-(((1R,5S,6R)-3-(((2R,3R)-3-phenyloxolan-2-yl)carbonyl)-3-azabicyclo[3.1.0]hexan-6-yl)methyl)pent-3-enamide",,CC=CCC(=O)NC[C@@H]1[C@H]2CN(C(=O)C3OCC[C@@H]3c3ccccc3)C[C@@H]12,
41164,Cc1cc(C#N)nc(N2[C@H]3CC[C@@H]2C[C@H](CNC(=O)c2cc(Cl)c(Cl)[nH]2)C3)n1,"4,5-dichloro-N-(((1R,3r,5S)-8-(4-methyl-6-(nitrilomethyl)pyrimidin-2-yl)-8-azabicyclo[3.2.1]octan-3-yl)methyl)-1H-pyrrole-2-carboxamide",,Cc1cc(C#N)nc(N2[C@@H]3CC[C@H]2C[C@@H](CNC(=O)c2cc(Cl)c(Cl)[nH]2)C3)n1,
41199,CC[C@@H]1CC[C@H](C)N(C(=O)c2n[nH]cc2CNC(=O)[C@H]2C[C@@H]3CC[C@H](C2)O3)C1,"(1R,3s,5S)-N-((3-(((2S,5R)-5-ethyl-2-methylpiperidin-1-yl)carbonyl)-1H-pyrazol-4-yl)methyl)-8-oxabicyclo[3.2.1]octane-3-carboxamide",,CC[C@@H]1CC[C@H](C)N(C(=O)c2[nH]ncc2CNC(=O)C2C[C@H]3CC[C@@H](C2)O3)C1,
41201,C=C[C@@H]1CCCN(c2nc(NC[C@@H]3C[C@@H]4CC[C@@H]4C3)c3c(n2)c(C)nn3C)C1,"N-(((1R,3r,5S)-bicyclo[3.2.0]heptan-3-yl)methyl)-3-((3S)-3-ethenylpiperidin-1-yl)-7,9-dimethyl-2,4,7,8-tetraazabicyclo[4.3.0]nona-1,3,5,8-tetraen-5-amine",,C=C[C@@H]1CCCN(c2nc(NC[C@H]3C[C@H]4CC[C@H]4C3)c3c(n2)c(C)nn3C)C1,
41288,Cc1ncnc(C(=O)N2C[C@H]3[C@H](CNC(=O)[C@@]4(CO)CC4(F)F)[C@H]3C2)c1C,"(1S)-N-(((1R,5S,6r)-3-((5,6-dimethylpyrimidin-4-yl)carbonyl)-3-azabicyclo[3.1.0]hexan-6-yl)methyl)-2,2-difluoro-1-(hydroxymethyl)cyclopropanecarboxamide",,Cc1ncnc(C(=O)N2C[C@@H]3[C@@H](CNC(=O)[C@@]4(CO)CC4(F)F)[C@@H]3C2)c1C,
41303,CC(C)CS(=O)(=O)CC(=O)N[C@H]1[C@@H]2CN(C(=O)[C@H](C)NC(=O)CC(F)(F)F)C[C@@H]21,"3,3,3-trifluoro-N-((2S)-1-((1R,5S,6R)-6-(2-(2-methylpropylsulfonyl)acetamido)-3-azabicyclo[3.1.0]hexan-3-yl)-1-oxopropan-2-yl)propanamide",,CC(C)CS(=O)(=O)CC(=O)N[C@H]1[C@@H]2CN(C(=O)C(C)NC(=O)CC(F)(F)F)C[C@@H]21,
41341,C[C@H]1CC2(CCN(C(=O)CCc3csc(=N)[nH]3)CC2)CN1C(=O)[C@H]1C[C@@H]2C[C@@H]2C1,"1-((3S)-2-(((1R,3s,5S)-bicyclo[3.1.0]hexan-3-yl)carbonyl)-3-methyl-2,8-diazaspiro[4.5]decan-8-yl)-3-(2-imino-3H-1,3-thiazol-4-yl)propan-1-one",,C[C@H]1CC2(CCN(C(=O)CCc3csc(N)n3)CC2)CN1C(=O)C1C[C@@H]2C[C@@H]2C1,
41343,O=C(N[C@H]1C[C@@H]2CC[C@H](C1)N2Cc1cccc(Cl)c1Br)c1cc(Cl)cc(Cl)c1O,"N-((1R,3s,5S)-8-((2-bromo-3-chlorophenyl)methyl)-8-azabicyclo[3.2.1]octan-3-yl)-3,5-dichloro-2-hydroxybenzamide",,O=C(N[C@@H]1C[C@H]2CC[C@@H](C1)N2Cc1cccc(Cl)c1Br)c1cc(Cl)cc(Cl)c1O,
41360,CCC(CC)(CCNC(=O)/C=C/C(C)C)NC(=O)[C@H]1C[C@H](OC)[C@H](OC)C1,"(2E)-N-(3-((1s,3R,4S)-3,4-dimethoxycyclopentanecarboxamido)-3-ethylpentyl)-4-methylpent-2-enamide",,CCC(CC)(CCNC(=O)/C=C/C(C)C)NC(=O)C1C[C@H](OC)[C@H](OC)C1,
41374,C#C[C@]1(O)C[C@@H](C(=O)N2CC[C@H](C)N(C(=O)c3cn(CCCC)nc3C)CC2)C1,"1-(1-butyl-3-methyl-1H-pyrazol-4-yl)-1-((7S)-4-(((1s,3R)-3-(ethynyl)-3-hydroxycyclobutyl)carbonyl)-7-methyl-1,4-diazepan-1-yl)methanone",,C#CC1(O)CC(C(=O)N2CC[C@H](C)N(C(=O)c3cn(CCCC)nc3C)CC2)C1,
41381,COCC1(C(=O)N2C[C@H]3[C@H](NC(=O)[C@H]4CCCOC4)[C@H]3C2)CCCCC1,"(3S)-N-((1R,5S,6s)-3-((1-(methoxymethyl)cyclohexyl)carbonyl)-3-azabicyclo[3.1.0]hexan-6-yl)oxane-3-carboxamide",,COCC1(C(=O)N2C[C@@H]3[C@H](C2)[C@H]3NC(=O)C2CCCOC2)CCCCC1,
41432,Cc1nccc(C(=O)N2C[C@H]3[C@H](CC(=O)N4CC5(C4)CC5(F)F)[C@H]3C2)n1,"1-(1,1-difluoro-5-azaspiro[2.3]hexan-5-yl)-2-((1R,5S,6s)-3-((2-methylpyrimidin-4-yl)carbonyl)-3-azabicyclo[3.1.0]hexan-6-yl)ethan-1-one",,Cc1nccc(C(=O)N2C[C@@H]3[C@@H](CC(=O)N4CC5(C4)CC5(F)F)[C@@H]3C2)n1,
41478,CCC1(CC)CCN(C(=O)[C@]2(NC(=O)[C@H]3C[C@H]3C(N)=O)C[C@@H](O)C2)C1,"(1R,2S)-N'-((1s,3R)-1-((3,3-diethylpyrrolidin-1-yl)carbonyl)-3-hydroxycyclobutyl)cyclopropane-1,2-dicarboxamide",,CCC1(CC)CCN(C(=O)[C@]2(NC(=O)C3CC3C(N)=O)C[C@@H](O)C2)C1,
41586,COc1ncc(C(=O)N(C)[C@H]2[C@@H]3CN(C(=O)CCc4ccc(=N)[nH]c4)C[C@@H]32)cn1,"N-((1R,5S,6s)-3-(3-(6-imino-1H-pyridin-3-yl)-propionyl)-3-azabicyclo[3.1.0]hexan-6-yl)-2-methoxy-N-methylpyrimidine-5-carboxamide",,COc1ncc(C(=O)N(C)[C@H]2[C@@H]3CN(C(=O)CCc4ccc(N)nc4)C[C@@H]32)cn1,
41756,CC[C@](C)(COC)C(=O)N[C@H]1C[C@@H]2CC[C@H](C1)N2C(=O)CC[C@@H](C)CC(=O)OC,"methyl (3R)-6-((1R,3S,5S)-3-((2R)-2-(methoxymethyl)-2-methylbutanamido)-8-azabicyclo[3.2.1]octan-8-yl)-3-methyl-6-oxohexanoate",,CC[C@](C)(COC)C(=O)N[C@@H]1C[C@H]2CC[C@@H](C1)N2C(=O)CC[C@@H](C)CC(=O)OC,
41788,CCCn1nnnc1[C@H](NC[C@@]1(C)C[C@@H]2C[C@@H]2C1)c1ccc(OC)cn1,"(1R)-1-(5-methoxypyridin-2-yl)-N-(((1R,3s,5S)-3-methylbicyclo[3.1.0]hexan-3-yl)methyl)-1-(1-propyl-1H-tetrazol-5-yl)methanamine",,CCCn1nnnc1[C@H](NC[C@]1(C)C[C@H]2C[C@H]2C1)c1ccc(OC)cn1,
41840,Cc1ccc(C)n1-c1ccc(C(=O)NCC[C@H](C)N(C)C(=O)[C@H]2[C@@H](C)[C@H]2C)cc1,"4-(2,5-dimethyl-1H-pyrrol-1-yl)-N-((3S)-3-(N-methyl(1s,2R,3S)-2,3-dimethylcyclopropanecarboxamido)butyl)benzamide",,Cc1ccc(C)n1-c1ccc(C(=O)NCC[C@H](C)N(C)C(=O)C2[C@@H](C)[C@H]2C)cc1,
41871,O=C(N[C@H](CNC(=O)[C@@H]1[C@H]2CCCC[C@H]21)C1CCCC1)c1cnns1,"N-((1S)-2-((1R,6S,7r)-bicyclo[4.1.0]heptane-7-carboxamido)-1-cyclopentylethyl)-1,2,3-thiadiazole-5-carboxamide",,O=C(N[C@H](CNC(=O)C1[C@H]2CCCC[C@@H]12)C1CCCC1)c1cnns1,
42082,C[C@H](CNC(=O)[C@H]1C[C@@H]2C[C@@H]2C1)N(C)C(=O)c1ccc(C#N)s1,"N-((2R)-1-((1R,3s,5S)-bicyclo[3.1.0]hexane-3-carboxamido)propan-2-yl)-5-cyano-N-methylthiophene-2-carboxamide",,C[C@H](CNC(=O)C1C[C@@H]2C[C@@H]2C1)N(C)C(=O)c1ccc(C#N)s1,
42112,CC(C)CN(CC(=O)N1C[C@H](CO)C[C@@H]1CO)C(=O)[C@H]1C[C@@H]2CC[C@@H]2C1,"(1R,3s,5S)-N-(2-((2R,4R)-2,4-bis(hydroxymethyl)pyrrolidin-1-yl)-2-oxoethyl)-N-(2-methylpropyl)bicyclo[3.2.0]heptane-3-carboxamide",,CC(C)CN(CC(=O)N1C[C@H](CO)C[C@@H]1CO)C(=O)C1C[C@H]2CC[C@H]2C1,
42113,Cc1ccccc1[C@@H]1C[C@H]1C(=O)N1C[C@H]2[C@H](CN(C)C(=O)C=CC3CC3)[C@H]2C1,"3-cyclopropyl-N-methyl-N-(((1R,5S,6R)-3-(((1R,2R)-2-(2-methylphenyl)cyclopropyl)carbonyl)-3-azabicyclo[3.1.0]hexan-6-yl)methyl)prop-2-enamide",,Cc1ccccc1[C@@H]1CC1C(=O)N1C[C@@H]2[C@@H](CN(C)C(=O)C=CC3CC3)[C@@H]2C1,
42148,C#C[C@]1(O)C[C@@H](C(=O)N2CC(O)(CCNC(=O)C[C@H]3CCO[C@H]3C)C2)C1,"N-(2-(1-(((1s,3S)-3-(ethynyl)-3-hydroxycyclobutyl)carbonyl)-3-hydroxyazetidin-3-yl)ethyl)-2-((2S,3R)-2-methyloxolan-3-yl)acetamide",,C#CC1(O)CC(C(=O)N2CC(O)(CCNC(=O)C[C@H]3CCO[C@H]3C)C2)C1,
42187,CCC1(c2ccc(C(=O)N3C[C@H]4[C@H](NC(=O)[C@@H](C)CC(C)(F)F)[C@H]4C3)cc2)CC1,"(2S)-N-((1R,5S,6s)-3-((4-(1-ethylcyclopropyl)phenyl)carbonyl)-3-azabicyclo[3.1.0]hexan-6-yl)-4,4-difluoro-2-methylpentanamide",,CCC1(c2ccc(C(=O)N3C[C@@H]4[C@H](C3)[C@H]4NC(=O)C(C)CC(C)(F)F)cc2)CC1,
42210,CC(C)OCC(=O)N[C@]1(C)C[C@H](NC(=O)[C@@H](O)Cc2cc(Cl)sc2Cl)C1,"(2S)-3-(2,5-dichlorothiophen-3-yl)-2-hydroxy-N-((1s,3R)-3-(2-isopropoxyacetamido)-3-methylcyclobutyl)propanamide",,CC(C)OCC(=O)N[C@]1(C)C[C@H](NC(=O)C(O)Cc2cc(Cl)sc2Cl)C1,
42260,C[C@H]1[C@@H](C)[C@@H]1C(=O)NCC1(CCNC(=O)COc2cccc(F)n2)CC1,"(1r,2R,3S)-N-((1-(2-(2-((6-fluoropyridin-2-yl)oxy)acetamido)ethyl)cyclopropyl)methyl)-2,3-dimethylcyclopropanecarboxamide",,C[C@@H]1C(C(=O)NCC2(CCNC(=O)COc3cccc(F)n3)CC2)[C@@H]1C,
42297,CC1(C)O[C@H]2C[C@H](C(=O)N[C@]3(CNC(=O)C(C)(C)CC(F)F)CCOC3)C[C@H]2O1,"(1R,5S,7s)-N-((3S)-3-((4,4-difluoro-2,2-dimethylbutanamido)methyl)oxolan-3-yl)-3,3-dimethyl-2,4-dioxabicyclo[3.3.0]octane-7-carboxamide",,CC1(C)O[C@H]2CC(C(=O)N[C@]3(CNC(=O)C(C)(C)CC(F)F)CCOC3)C[C@H]2O1,
42301,Cc1ccc(C=CC(=O)N2C[C@@H](C)N(C(=O)[C@H]3CC[C@@](C)(O)CC3)C[C@@H]2C)o1,"1-((2S,5R)-4-(((1s,4S)-4-hydroxy-4-methylcyclohexyl)carbonyl)-2,5-dimethylpiperazin-1-yl)-3-(5-methylfuran-2-yl)prop-2-en-1-one",,Cc1ccc(C=CC(=O)N2C[C@@H](C)N(C(=O)C3CCC(C)(O)CC3)C[C@@H]2C)o1,
42414,CO[C@H]1C[C@@](CO)(NC(=O)[C@H]2CCN(C(=O)C=CCCC(C)C)C2(C)C)C1,"(3S)-N-((1s,3R)-1-(hydroxymethyl)-3-methoxycyclobutyl)-2,2-dimethyl-1-(6-methyl-1-oxohept-2-en-1-yl)pyrrolidine-3-carboxamide",,CO[C@H]1C[C@@](CO)(NC(=O)C2CCN(C(=O)C=CCCC(C)C)C2(C)C)C1,
42442,N#C[C@H]1C[C@H]1C(=O)N[C@H]1C[C@]2(CCCCN2C(=O)C[C@H]2NC(=O)NC2=O)C1,"(1R,2S)-2-cyano-N-(5-(2-((4R)-2,5-dioxoimidazolidin-4-yl)-acetyl)-5-azaspiro[3.5]nonan-2-yl)cyclopropanecarboxamide",C(#N)[C@@H]1[C@@H](C1)C(=O)NC1CC2(C1)N(CCCC2)C(C[C@H]2NC(NC2=O)=O)=O,N#C[C@H]1CC1C(=O)N[C@H]1C[C@]2(CCCCN2C(=O)Cc2[nH]c(=O)[nH]c2O)C1,N#C[C@H]1CC1C(=O)NC1CC2(CCCCN2C(=O)Cc2[nH]c(=O)[nH]c2O)C1
42464,Cc1nn(C)c(C)c1OCC(=O)N1C[C@H]2[C@H](NC(=O)CO)[C@H]2C1,"2-hydroxy-N-((1R,5S,6s)-3-(1-oxo-2-((1,3,5-trimethyl-1H-pyrazol-4-yl)oxy)ethyl)-3-azabicyclo[3.1.0]hexan-6-yl)acetamide",,Cc1nn(C)c(C)c1OCC(=O)N1C[C@@H]2[C@H](C1)[C@H]2NC(=O)CO,
42525,C[C@@H]1CCN(C(=O)COc2ccccc2C#N)[C@H]1CNC(=O)[C@H]1C[C@](F)(CO)C1,"(1s,3S)-3-fluoro-3-(hydroxymethyl)-N-(((2R,3R)-3-methyl-1-(2-((2-(nitrilomethyl)phenyl)oxy)-acetyl)pyrrolidin-2-yl)methyl)cyclobutanecarboxamide",,C[C@@H]1CCN(C(=O)COc2ccccc2C#N)[C@H]1CNC(=O)C1CC(F)(CO)C1,
42530,C#CC[C@]1(O)C[C@@H](C(=O)N[C@@H](CC2CC2)C(=O)N2CCC[C@@H](CCC)C2)C1,"(1s,3R)-N-((2S)-1-cyclopropyl-3-oxo-3-((3R)-3-propylpiperidin-1-yl)propan-2-yl)-3-hydroxy-3-(prop-2-yn-1-yl)cyclobutanecarboxamide",,C#CCC1(O)CC(C(=O)NC(CC2CC2)C(=O)N2CCC[C@@H](CCC)C2)C1,
42654,NC(=O)C12CC(CNC(=O)c3ccc(F)cc3)(C1)OC21CN(C(=O)CC(F)F)C1,"1-((4-fluorobenzamido)methyl)spiro[2-oxabicyclo[2.1.1]hexane-3,3'-(1-(1-azacyclobutan-1-yl)-3,3-difluoropropane)]-1'-one-4-carboxamide",,NC(=O)C12CC(CNC(=O)c3ccc(F)cc3)(C1)OC21CN(C(=O)CC(F)F)C1,
42684,CO[C@H]1C[C@@H](CCN=C(NCCc2ccccn2)N[C@@H]2C[C@@H](C)C[C@@H](C)C2)C1,"1-((2-(cis-3-methoxycyclobutyl)ethyl)imino)-N'-((1r,3R,5S)-3,5-dimethylcyclohexyl)-N-(2-(pyridin-2-yl)ethyl)methanediamine",,CO[C@H]1C[C@@H](CCN=C(NCCc2ccccn2)N[C@H]2C[C@H](C)C[C@H](C)C2)C1,
42705,CC(=O)OCCC(=O)N1[C@H]2CC[C@@H]1C[C@@H](NC(=O)Cc1ccccc1[N+](=O)[O-])C2,"3-((1R,3s,5S)-3-(2-(2-nitrophenyl)acetamido)-8-azabicyclo[3.2.1]octan-8-yl)-3-oxopropyl acetate",,CC(=O)OCCC(=O)N1[C@@H]2CC[C@H]1C[C@H](NC(=O)Cc1ccccc1[N+](=O)[O-])C2,
42709,Cc1cccn(CC(=O)N[C@]2(C)C[C@@H](NC(=O)C3=NO[C@H](C)C3)C2)c1=O,"2-(3-methyl-2-oxo-1H-pyridin-1-yl)-N-((1R,3r)-1-methyl-3-((5R)-5-methyl-4,5-dihydro-1,2-oxazole-3-carboxamido)cyclobutyl)acetamide",,Cc1cccn(CC(=O)N[C@]2(C)C[C@@H](NC(=O)C3=NO[C@H](C)C3)C2)c1=O,
42779,CCCc1n[nH]cc1C(=O)N(C)[C@H](C(=O)N[C@@H]1[C@H]2CCCCC[C@H]21)C1CC1,"N-((1S)-2-(((1R,7S,8r)-bicyclo[5.1.0]octan-8-yl)amino)-1-cyclopropyl-2-oxoethyl)-N-methyl-3-propyl-1H-pyrazole-4-carboxamide",,CCCc1[nH]ncc1C(=O)N(C)C(C(=O)N[C@H]1[C@@H]2CCCCC[C@@H]21)C1CC1,
42796,Cc1cc(C(=O)N[C@H]2C[C@@H]3CN(C(=O)[C@H]4CN5CCC4CC5)C[C@@H]3C2)sn1,"N-((1R,5S,7S)-3-(((3R)-1-azabicyclo[2.2.2]octan-3-yl)carbonyl)-3-azabicyclo[3.3.0]octan-7-yl)-3-methyl-1,2-thiazole-5-carboxamide",,Cc1cc(C(=O)N[C@H]2C[C@@H]3CN(C(=O)C4CN5CCC4CC5)C[C@@H]3C2)sn1,
42859,COc1cc(C(=O)N[C@H]2[C@@H]3CN(C(=O)C=C(C)C4CC4)C[C@@H]32)c2ccccc2n1,"N-((1R,5S,6s)-3-(3-cyclopropyl-1-oxobut-2-en-1-yl)-3-azabicyclo[3.1.0]hexan-6-yl)-2-methoxyquinoline-4-carboxamide",,COc1cc(C(=O)N[C@H]2[C@@H]3CN(C(=O)C=C(C)C4CC4)C[C@@H]32)c2ccccc2n1,
42892,CC(C)/C=C/CCC(=O)N[C@H]1C[C@](C)(NC(=O)[C@@H]2CCCC2(F)F)C1,"(4E)-N-((1S,3r)-3-((1S)-2,2-difluorocyclopentanecarboxamido)-3-methylcyclobutyl)-6-methylhept-4-enamide",,CC(C)/C=C/CCC(=O)N[C@H]1C[C@](C)(NC(=O)C2CCCC2(F)F)C1,
43047,CC=CCC(=O)NC[C@H]1[C@@H]2CN(C(=O)c3nnn(-c4ccccc4)n3)C[C@H]12,"N-(((1R,5S,6r)-3-((2-phenyl-2H-tetrazol-5-yl)carbonyl)-3-azabicyclo[3.1.0]hexan-6-yl)methyl)pent-3-enamide",,CC=CCC(=O)NC[C@@H]1[C@H]2CN(C(=O)c3nnn(-c4ccccc4)n3)C[C@@H]12,
43164,Cc1cnn(CC(=O)NC[C@]2(F)C[C@H](NC(=O)c3cc4c(F)cccc4s3)C2)c1,"N-(((1r,3r)-1-fluoro-3-(4-fluoro-1-benzothiophene-2-carboxamido)cyclobutyl)methyl)-2-(4-methyl-1H-pyrazol-1-yl)acetamide",,Cc1cnn(CC(=O)NC[C@]2(F)C[C@H](NC(=O)c3cc4c(F)cccc4s3)C2)c1,
43173,CC(=O)N[C@]1(C(=O)N2CC[C@@H](CNC(=O)c3cnn[nH]3)C2)CC[C@H](C)CC1,"N-((1s,4R)-4-methyl-1-(((3S)-3-((1H-1,2,3-triazole-5-carboxamido)methyl)pyrrolidin-1-yl)carbonyl)cyclohexyl)acetamide",,CC(=O)N[C@]1(C(=O)N2CC[C@@H](CNC(=O)c3c[nH]nn3)C2)CC[C@H](C)CC1,
43190,CO[C@@H](C(=O)N1C[C@H]2[C@H](NC(=O)c3ccc(Oc4ccccc4)o3)[C@H]2C1)C(C)C,"N-((1R,5S,6S)-3-((2R)-2-methoxy-3-methyl-butyryl)-3-azabicyclo[3.1.0]hexan-6-yl)-5-phenoxyfuran-2-carboxamide",,COC(C(=O)N1C[C@@H]2[C@H](C1)[C@H]2NC(=O)c1ccc(Oc2ccccc2)o1)C(C)C,
43445,Cc1cc(CCC(=O)N[C@H]2[C@@H]3CN(C(=O)CCc4c(F)cccc4Cl)C[C@@H]32)no1,"N-((1R,5S,6s)-3-(3-(2-chloro-6-fluorophenyl)-propionyl)-3-azabicyclo[3.1.0]hexan-6-yl)-3-(5-methyl-1,2-oxazol-3-yl)propanamide",,Cc1cc(CCC(=O)N[C@H]2[C@@H]3CN(C(=O)CCc4c(F)cccc4Cl)C[C@@H]32)no1,
43498,Cc1oc(Cl)nc1C(=O)N(C1CC1)C1(C(=O)N2CCc3nn(C)cc3C2)CCC1,"2-chloro-N-cyclopropyl-5-methyl-N-(1-((2-methyl-4,5,6,7-tetrahydro-1H-pyrazolo[4,3-c]pyridin-5-yl)carbonyl)cyclobutyl)-1,3-oxazole-4-carboxamide",ClC=1OC(=C(N1)C(=O)N(C1(CCC1)C(=O)N1CC2=C(CC1)NN(C2)C)C2CC2)C,Cc1oc(Cl)nc1C(=O)N(C1CC1)C1(C(=O)N2CCc3nn(C)cc3C2)CCC1,Cc1oc(Cl)nc1C(=O)N(C1CC1)C1(C(=O)N2CCC3=C(CN(C)N3)C2)CCC1
43538,CNC(=O)NCCC(=O)N[C@H]1[C@@H]2CN(C(=O)c3nc(Cl)c(=O)[nH]c3N)C[C@@H]21,"N-((1R,5S,6s)-3-((3-amino-6-chloro-5-oxo-4H-pyrazin-2-yl)carbonyl)-3-azabicyclo[3.1.0]hexan-6-yl)-3-(methylcarbamoylamino)propanamide",,CNC(=O)NCCC(=O)N[C@H]1[C@@H]2CN(C(=O)c3nc(Cl)c(=O)[nH]c3N)C[C@@H]21,
43569,C[C@H](Sc1ncccn1)C(=O)N1CCCC[C@]12C[C@H](NC(=O)C[C@H]1CCOC1)C2,N-(5-((2S)-1-oxo-2-((pyrimidin-2-yl)sulfanyl)propyl)-5-azaspiro[3.5]nonan-2-yl)-2-((3R)-oxolan-3-yl)acetamide,O=C([C@H](C)SC1=NC=CC=N1)N1C2(CC(C2)NC(C[C@@H]2COCC2)=O)CCCC1,CC(Sc1ncccn1)C(=O)N1CCCC[C@]12C[C@H](NC(=O)C[C@H]1CCOC1)C2,CC(Sc1ncccn1)C(=O)N1CCCCC12CC(NC(=O)C[C@H]1CCOC1)C2
43588,Cc1[nH]nc(Cl)c1C(=O)N1CCCO[C@@H](CNC(=O)[C@H]2C[C@@H]3C[C@@H]3C2)C1,"(1R,3s,5S)-N-(((2S)-4-((3-chloro-5-methyl-1H-pyrazol-4-yl)carbonyl)-1,4-oxazepan-2-yl)methyl)bicyclo[3.1.0]hexane-3-carboxamide",,Cc1[nH]nc(Cl)c1C(=O)N1CCCO[C@@H](CNC(=O)C2C[C@@H]3C[C@@H]3C2)C1,
43643,CCCn1cccc1C(=O)NCCCN(CCO)C(=O)[C@H]1C[C@@H]2CC[C@H](C1)[C@@H]2O,"N-(3-(N-(2-hydroxyethyl)(1R,3s,5S,8r)-8-hydroxybicyclo[3.2.1]octane-3-carboxamido)propyl)-1-propyl-1H-pyrrole-2-carboxamide",,CCCn1cccc1C(=O)NCCCN(CCO)C(=O)C1C[C@H]2CC[C@@H](C1)[C@H]2O,
43660,Cc1cccn(CC(=O)N2C[C@H]3[C@H](N(C)C(=O)CC4C[C@@H]5C[C@H]5C4)[C@H]3C2)c1=O,"2-((1S,5S)-bicyclo[3.1.0]hexan-3-yl)-N-methyl-N-((1R,5S,6s)-3-(2-(3-methyl-2-oxo-1H-pyridin-1-yl)-acetyl)-3-azabicyclo[3.1.0]hexan-6-yl)acetamide",,Cc1cccn(CC(=O)N2C[C@@H]3[C@H](C2)[C@H]3N(C)C(=O)CC2C[C@@H]3C[C@H]3C2)c1=O,
43709,Nc1c(Cl)cc(F)cc1C(=O)N1CCCN(C(=O)[C@@H]2[C@@H]3C[C@H]3[C@H]3C[C@H]32)CCC1,"1-(2-amino-3-chloro-5-fluorophenyl)-1-(5-(((1R,2S,4R,5R,6R)-tricyclo[4.1.0.0^{2,4}]heptan-5-yl)carbonyl)-1,5-diazocan-1-yl)methanone",,Nc1c(Cl)cc(F)cc1C(=O)N1CCCN(C(=O)C2[C@@H]3C[C@@H]3[C@@H]3C[C@@H]23)CCC1,
43720,CC(C)c1cc(C(=O)NC[C@H]2C[C@](F)(CNC(=O)C3C[C@H]4CCC[C@@H]4C3)C2)on1,"N-(((1S,3s)-3-fluoro-3-(((3aR,6aR)-octahydropentalene-2-carboxamido)methyl)cyclobutyl)methyl)-3-(propan-2-yl)-1,2-oxazole-5-carboxamide",,CC(C)c1cc(C(=O)NC[C@H]2C[C@](F)(CNC(=O)C3C[C@H]4CCC[C@@H]4C3)C2)on1,
43731,CCC(CC)[C@H](C)C(=O)N1C[C@H]2[C@H](CNC(=O)C3(c4cc(C)on4)CC3)[C@H]2C1,"N-(((1R,5S,6S)-3-((2S)-3-ethyl-2-methyl-pentanoyl)-3-azabicyclo[3.1.0]hexan-6-yl)methyl)-1-(5-methyl-1,2-oxazol-3-yl)cyclopropanecarboxamide",,CCC(CC)C(C)C(=O)N1C[C@@H]2[C@@H](CNC(=O)C3(c4cc(C)on4)CC3)[C@@H]2C1,
43869,COCCCNC(=O)[C@H]([C@@H]1C[C@H]1C1CC1)N1CCC[C@]2(C1)C[C@H](O)C2,"(2S)-2-((1R,2S)-2-cyclopropylcyclopropyl)-2-(2-hydroxy-6-azaspiro[3.5]nonan-6-yl)-N-(3-methoxypropyl)acetamide",C1(CC1)[C@H]1[C@@H](C1)[C@@H](C(=O)NCCCOC)N1CC2(CC(C2)O)CCC1,COCCCNC(=O)C([C@@H]1C[C@H]1C1CC1)N1CCC[C@]2(C1)C[C@H](O)C2,COCCCNC(=O)C([C@@H]1C[C@H]1C1CC1)N1CCCC2(CC(O)C2)C1
43881,C=CCOC(=O)NCC(=O)N1[C@H]2CC[C@@H]1C[C@H](CNC(=O)CCCF)C2,"prop-2-en-1-yl ((2-((1R,3r,5S)-3-((4-fluorobutanamido)methyl)-8-azabicyclo[3.2.1]octan-8-yl)-2-oxoethyl)amino)formate",,C=CCOC(=O)NCC(=O)N1[C@@H]2CC[C@H]1C[C@@H](CNC(=O)CCCF)C2,
43909,CC(=O)CCCC(=O)NC[C@]1(F)C[C@@H](CNC(=O)c2ccnc(CO)c2)C1,"N-(((1s,3s)-1-fluoro-3-((2-(hydroxymethyl)pyridine-4-carboxamido)methyl)cyclobutyl)methyl)-5-oxohexanamide",,CC(=O)CCCC(=O)NC[C@]1(F)C[C@@H](CNC(=O)c2ccnc(CO)c2)C1,
43971,CCc1ncsc1C(=O)NC[C@H]1CC[C@H](CNC(=O)[C@@H]2[C@H]3CCC[C@H]32)CC1,"4-ethyl-N-((trans-4-(((1R,5S,6r)-bicyclo[3.1.0]hexane-6-carboxamido)methyl)cyclohexyl)methyl)-1,3-thiazole-5-carboxamide",,CCc1ncsc1C(=O)NC[C@H]1CC[C@H](CNC(=O)C2[C@H]3CCC[C@@H]23)CC1,
44005,C=C=C[C@H](C)C(=O)N[C@]1(C)C[C@H](NC(=O)[C@@H](C)Cn2ccc(C)n2)C1,"(2S)-2-methyl-N-((1R,3R)-1-methyl-3-((2S)-2-methyl-3-(3-methyl-1H-pyrazol-1-yl)propanamido)cyclobutyl)penta-3,4-dienamide",,C=C=CC(C)C(=O)N[C@]1(C)C[C@H](NC(=O)C(C)Cn2ccc(C)n2)C1,
44217,O=C(C[C@H]1OCCc2ccsc21)NCc1cccc(NC(=O)[C@@H]2[C@H]3COC[C@H]32)c1,"2-((2R)-3-oxa-9-thiabicyclo[4.3.0]nona-1(6),7-dien-2-yl)-N-((3-((1R,5S,6r)-3-oxabicyclo[3.1.0]hexane-6-carboxamido)phenyl)methyl)acetamide",,O=C(C[C@H]1OCCc2ccsc21)NCc1cccc(NC(=O)C2[C@H]3COC[C@@H]23)c1,
44316,C#Cc1cccc(C(=O)N2C[C@H]3[C@H](CC(=O)N(C)C4(C5CC5)CC4)[C@H]3C2)c1C,"N-(1-cyclopropylcyclopropyl)-2-((1R,5S,6s)-3-((3-(ethynyl)-2-methylphenyl)carbonyl)-3-azabicyclo[3.1.0]hexan-6-yl)-N-methylacetamide",,C#Cc1cccc(C(=O)N2C[C@@H]3[C@@H](CC(=O)N(C)C4(C5CC5)CC4)[C@@H]3C2)c1C,
44354,Cc1cnc(C(=O)N[C@]2(C)C[C@H](NC(=O)[C@@H](O)C3CCCCC3)C2)cc1Br,"4-bromo-N-((1R,3s)-3-((2S)-2-cyclohexyl-2-hydroxyacetamido)-1-methylcyclobutyl)-5-methylpyridine-2-carboxamide",,Cc1cnc(C(=O)N[C@]2(C)C[C@H](NC(=O)C(O)C3CCCCC3)C2)cc1Br,
44383,COc1ncccc1CC(=O)N[C@@H]1[C@@H](C)CN(C(=O)CSC(C)(C)C)C[C@H]1C,"N-((3R,4r,5S)-1-(2-((tert-butyl)sulfanyl)-acetyl)-3,5-dimethylpiperidin-4-yl)-2-(2-methoxypyridin-3-yl)acetamide",,COc1ncccc1CC(=O)N[C@H]1[C@H](C)CN(C(=O)CSC(C)(C)C)C[C@@H]1C,
44460,CC(C)(C)COCC(=O)NC[C@]1(F)C[C@@H](CNC(=O)c2cc(O)cc(Cl)c2)C1,"N-(((1s,3s)-3-((3-chloro-5-hydroxybenzamido)methyl)-1-fluorocyclobutyl)methyl)-2-((2,2-dimethylpropyl)oxy)acetamide",,CC(C)(C)COCC(=O)NC[C@]1(F)C[C@@H](CNC(=O)c2cc(O)cc(Cl)c2)C1,
44482,C=CC[C@H](C)C(=O)N[C@H]1[C@@H]2CN(C(=O)CSCc3cn4cc(C)ccc4n3)C[C@@H]21,"(2S)-2-methyl-N-((1R,5S,6s)-3-(2-(((6-methylimidazo[1,2-a]pyridin-2-yl)methyl)sulfanyl)-acetyl)-3-azabicyclo[3.1.0]hexan-6-yl)pent-4-enamide",,C=CCC(C)C(=O)N[C@H]1[C@@H]2CN(C(=O)CSCc3cn4cc(C)ccc4n3)C[C@@H]21,
44492,CCc1ccsc1C(=O)NC[C@H]1COCCN1C(=O)[C@@H]1CC[C@H]2C[C@H]2CC1,"N-(((3S)-4-(((1R,4r,7S)-bicyclo[5.1.0]octan-4-yl)carbonyl)morpholin-3-yl)methyl)-3-ethylthiophene-2-carboxamide",,CCc1ccsc1C(=O)NC[C@H]1COCCN1C(=O)C1CC[C@@H]2C[C@@H]2CC1,
44530,COc1cc(N)c(F)cc1C(=O)N1[C@H]2CC[C@@H]1C[C@H](NC(=O)[C@H](C)[C@H](C)O)C2,"(2R,3S)-N-((1R,3r,5S)-8-((4-amino-5-fluoro-2-methoxyphenyl)carbonyl)-8-azabicyclo[3.2.1]octan-3-yl)-3-hydroxy-2-methylbutanamide",,COc1cc(N)c(F)cc1C(=O)N1[C@@H]2CC[C@H]1C[C@@H](NC(=O)C(C)[C@H](C)O)C2,
44533,Cc1noc(C)c1CC(=O)N1C[C@H]2[C@H](NC(=O)CCc3cn(C)nn3)[C@H]2C1,"N-((1R,5S,6s)-3-(2-(3,5-dimethyl-1,2-oxazol-4-yl)-acetyl)-3-azabicyclo[3.1.0]hexan-6-yl)-3-(1-methyl-1H-1,2,3-triazol-4-yl)propanamide",,Cc1noc(C)c1CC(=O)N1C[C@@H]2[C@H](C1)[C@H]2NC(=O)CCc1cn(C)nn1,
44563,CC(=O)c1cc(C(=O)N2CC[C@@H](NC(=O)[C@@H]3[C@@H](C)[C@H]3C)C2)ccc1OC(C)C,"(1r,2R,3S)-N-((3R)-1-((3-(acetyl)-4-isopropoxyphenyl)carbonyl)pyrrolidin-3-yl)-2,3-dimethylcyclopropanecarboxamide",,CC(=O)c1cc(C(=O)N2CC[C@@H](NC(=O)C3[C@@H](C)[C@H]3C)C2)ccc1OC(C)C,
44719,CCCc1c(C(=O)N[C@]2(CNC(=O)[C@@H]3C[C@@H]4C[C@@H]4C3)CCOC2)nnn1C,"N-((3S)-3-(((1R,3r,5S)-bicyclo[3.1.0]hexane-3-carboxamido)methyl)oxolan-3-yl)-1-methyl-5-propyl-1H-1,2,3-triazole-4-carboxamide",,CCCc1c(C(=O)N[C@]2(CNC(=O)C3C[C@@H]4C[C@@H]4C3)CCOC2)nnn1C,
44761,C=CCOCCNC(=O)[C@H]1C[C@@](C)(NC(=O)[C@H]2OCCC2(C)C)C1,"(2S)-3,3-dimethyl-N-((1s,3R)-1-methyl-3-((2-((prop-2-en-1-yl)oxy)ethyl)carbamoyl)cyclobutyl)oxolane-2-carboxamide",,C=CCOCCNC(=O)C1CC(C)(NC(=O)C2OCCC2(C)C)C1,
44807,C[C@@H](C(=O)NC[C@]1(F)CC[C@H](C(=O)O)CC1)n1ccnc1,"(1S,4r)-4-fluoro-4-(((2S)-2-(1H-imidazol-1-yl)propanamido)methyl)cyclohexanecarboxylic acid",,CC(C(=O)NCC1(F)CCC(C(=O)O)CC1)n1ccnc1,
44829,C[C@@H](C(=O)N[C@H]1C[C@@H]2CN(C(=O)c3cncs3)C[C@@H]2C1)c1ccc(Cl)cc1,"(2R)-2-(4-chlorophenyl)-N-((1R,5S,7s)-3-((1,3-thiazol-5-yl)carbonyl)-3-azabicyclo[3.3.0]octan-7-yl)propanamide",,CC(C(=O)N[C@H]1C[C@@H]2CN(C(=O)c3cncs3)C[C@@H]2C1)c1ccc(Cl)cc1,
44923,COCCC(=O)N[C@H]1C[C@](F)(CNC(=O)[C@@H]2[C@@H]3Cc4cc(Br)ccc4[C@H]32)C1,"N-((1S,3s)-3-(((7R,8R,9R)-3-bromotricyclo[4.4.0.0^{7,9}]deca-1(6),2,4-triene-8-carboxamido)methyl)-3-fluorocyclobutyl)-3-methoxypropanamide",,COCCC(=O)N[C@H]1C[C@](F)(CNC(=O)C2[C@@H]3Cc4cc(Br)ccc4[C@@H]23)C1,
44924,C[C@H]1C[C@@H]1C(=O)N1C[C@@H]2[C@H](C(=O)Nc3cc(-c4ccccc4)no3)[C@@H]2C1,"(1R,5S,6R)-3-(((1S,2S)-2-methylcyclopropyl)carbonyl)-N-(3-phenyl-1,2-oxazol-5-yl)-3-azabicyclo[3.1.0]hexane-6-carboxamide",,C[C@H]1CC1C(=O)N1C[C@@H]2C(C(=O)Nc3cc(-c4ccccc4)no3)[C@@H]2C1,
44947,O=C(CN1C[C@H]2C[C@@H](O)C[C@H]2C1)NCCn1cc(Cl)cn1,"N-(2-(4-chloro-1H-pyrazol-1-yl)ethyl)-2-((1R,5S,7r)-7-hydroxy-3-azabicyclo[3.3.0]octan-3-yl)acetamide",,O=C(CN1C[C@H]2C[C@@H](O)C[C@H]2C1)NCCn1cc(Cl)cn1,
44961,CO[C@H]1C[C@@H](C(=O)N[C@@H]2CN(C(=O)c3cnn(C(C)C)c3Cl)C[C@@H]2O)C[C@H]1OC,"(1r,3R,4S)-N-((3R,4S)-1-((5-chloro-1-(propan-2-yl)-1H-pyrazol-4-yl)carbonyl)-4-hydroxypyrrolidin-3-yl)-3,4-dimethoxycyclopentanecarboxamide",,CO[C@H]1CC(C(=O)N[C@@H]2CN(C(=O)c3cnn(C(C)C)c3Cl)C[C@@H]2O)C[C@H]1OC,
44963,CC(C)C(=O)N[C@]1(C)C[C@@H](NC(=O)c2csc(-c3cccnc3)n2)C1,"2-methyl-N-((1r,3r)-1-methyl-3-(2-(pyridin-3-yl)-1,3-thiazole-4-carboxamido)cyclobutyl)propanamide",,CC(C)C(=O)N[C@]1(C)C[C@@H](NC(=O)c2csc(-c3cccnc3)n2)C1,
45045,O=C(CN1CCOC1=O)NC[C@H]1C[C@](F)(CNC(=O)c2cnc(O)o2)C1,"N-(((1s,3s)-3-fluoro-3-((2-hydroxy-1,3-oxazole-5-carboxamido)methyl)cyclobutyl)methyl)-2-(2-oxo-1,3-oxazolidin-3-yl)acetamide",,O=C(CN1CCOC1=O)NC[C@H]1C[C@](F)(CNC(=O)c2c[nH]c(=O)o2)C1,
45053,Cc1cccc(F)c1CC(=O)N1CCN([C@H]2CCN(C(=O)[C@H]3[C@@H](C)[C@H]3C)C2)CC1,"1-(4-((3S)-1-(((1s,2R,3S)-2,3-dimethylcyclopropyl)carbonyl)pyrrolidin-3-yl)piperazin-1-yl)-2-(2-fluoro-6-methylphenyl)ethan-1-one",,Cc1cccc(F)c1CC(=O)N1CCN([C@H]2CCN(C(=O)C3[C@@H](C)[C@H]3C)C2)CC1,
45083,Cn1nncc1C(=O)N1CCC[C@@H](N(CCF)C(=O)[C@@H]2[C@H]3[C@@H]4CC[C@@H](C4)[C@H]32)C1,"(1R,2S,3r,4R,5S)-N-(2-fluoroethyl)-N-((3R)-1-((1-methyl-1H-1,2,3-triazol-5-yl)carbonyl)piperidin-3-yl)tricyclo[3.2.1.0^{2,4}]octane-3-carboxamide",,Cn1nncc1C(=O)N1CCC[C@@H](N(CCF)C(=O)C2[C@@H]3[C@H]4CC[C@H](C4)[C@H]23)C1,
45141,O=C(Cc1sc(O)nc1O)NC[C@]1(F)C[C@@H](CNC(=O)C(F)(F)CO)C1,"N-(((1s,3s)-3-((2-(2,4-dihydroxy-1,3-thiazol-5-yl)acetamido)methyl)-3-fluorocyclobutyl)methyl)-2,2-difluoro-3-hydroxypropanamide",,O=C(Cc1sc(=O)[nH]c1O)NC[C@]1(F)C[C@@H](CNC(=O)C(F)(F)CO)C1,
45194,O=C([C@@H]1CCS(=O)(=O)N1)N1[C@H]2CC[C@@H]1C[C@H](NC(=O)C1(c3ncco3)CCC1)C2,"N-((1R,3S,5S)-8-(((3S)-1,1-dioxo-1,2-thiazolidin-3-yl)carbonyl)-8-azabicyclo[3.2.1]octan-3-yl)-1-(1,3-oxazol-2-yl)cyclobutanecarboxamide",,O=C(C1CCS(=O)(=O)N1)N1[C@@H]2CC[C@H]1C[C@@H](NC(=O)C1(c3ncco3)CCC1)C2,
45213,C[C@H]1CN(C(=O)C(F)(F)C2CC2)C[C@@H](C)[C@@H]1NC(=O)c1cccc2c1CCC2=O,"N-((3R,4r,5S)-1-(2-cyclopropyl-2,2-difluoro-acetyl)-3,5-dimethylpiperidin-4-yl)-1-oxo-2,3-dihydro-1H-indene-4-carboxamide",,C[C@@H]1CN(C(=O)C(F)(F)C2CC2)C[C@H](C)[C@H]1NC(=O)c1cccc2c1CCC2=O,
45265,CC(C)(NS(=O)(=O)c1cnc(NC[C@@H]2[C@H]3CCCCC[C@H]32)c(Cl)c1)c1cccs1,"N-(((1R,7S,8r)-bicyclo[5.1.0]octan-8-yl)methyl)-3-chloro-5-((2-(thiophen-2-yl)propan-2-yl)sulfamoyl)pyridin-2-amine",,CC(C)(NS(=O)(=O)c1cnc(NC[C@H]2[C@@H]3CCCCC[C@@H]32)c(Cl)c1)c1cccs1,
45275,CC(C)(C(=O)NC[C@H]1C[C@@](C)(O)C1)[C@@H]1CCN(C(=O)CSCC(F)F)C1,"2-((3S)-1-(2-((2,2-difluoroethyl)sulfanyl)-acetyl)pyrrolidin-3-yl)-N-(((1s,3R)-3-hydroxy-3-methylcyclobutyl)methyl)-2-methylpropanamide",,CC(C)(C(=O)NC[C@H]1C[C@@](C)(O)C1)[C@@H]1CCN(C(=O)CSCC(F)F)C1,
45308,Cc1nc(C)c(C(=O)N[C@@H](C)CCNC(=O)[C@H]2[C@@H](C)[C@H]2C)nc1C,"N-((2S)-4-((1s,2R,3S)-2,3-dimethylcyclopropanecarboxamido)butan-2-yl)-3,5,6-trimethylpyrazine-2-carboxamide",,Cc1nc(C)c(C(=O)N[C@@H](C)CCNC(=O)C2[C@@H](C)[C@H]2C)nc1C,
45311,Cc1cc(C(=O)N[C@H]2C[C@](C)(NC(=O)Cn3nc4n(c3=O)CCCC4)C2)cn1C,"1,5-dimethyl-N-((1r,3r)-3-methyl-3-(2-(3-oxo-2,3,5,6,7,8-hexahydro[1,2,4]triazolo[4,3-a]pyridin-2-yl)acetamido)cyclobutyl)-1H-pyrrole-3-carboxamide",,Cc1cc(C(=O)N[C@H]2C[C@](C)(NC(=O)Cn3nc4n(c3=O)CCCC4)C2)cn1C,
45317,C#Cc1cc(F)cc(C(=O)N[C@@H]2[C@H]3C[C@H](NC(=O)[C@H]4CCS4(=O)=O)C[C@H]32)c1,"(2R)-N-((1R,3s,5S,6R)-6-(3-(ethynyl)-5-fluorobenzamido)bicyclo[3.1.0]hexan-3-yl)-1,1-dioxothietane-2-carboxamide",,C#Cc1cc(F)cc(C(=O)N[C@H]2[C@@H]3C[C@@H](NC(=O)C4CCS4(=O)=O)C[C@@H]32)c1,
45472,O=C(N[C@H](CNC(=O)[C@@H]1[C@H]2COC[C@H]21)c1ccccc1F)c1sccc1C1CC1,"(1R,5S,6r)-N-((2S)-2-(3-cyclopropylthiophene-2-carboxamido)-2-(2-fluorophenyl)ethyl)-3-oxabicyclo[3.1.0]hexane-6-carboxamide",,O=C(N[C@H](CNC(=O)C1[C@H]2COC[C@@H]12)c1ccccc1F)c1sccc1C1CC1,
45484,C[S@](=O)C=CC(=O)N[C@]1(C)C[C@@H](NC(=O)c2ccn(CCF)n2)C1,"N-((1r,3S)-3-(1-(2-fluoroethyl)-1H-pyrazole-3-carboxamido)-1-methylcyclobutyl)-3-((S)-methylsulfinyl)prop-2-enamide",,C[S@+]([O-])C=CC(=O)N[C@]1(C)C[C@@H](NC(=O)c2ccn(CCF)n2)C1,
45521,C[C@]1(C#N)CCCN(C(=O)[C@H]2CCC[C@H]2NC(=O)[C@@H]2[C@H]3COC[C@H]32)C1,"(1R,5S,6r)-N-((1R,2S)-2-(((3S)-3-methyl-3-(nitrilomethyl)piperidin-1-yl)carbonyl)cyclopentyl)-3-oxabicyclo[3.1.0]hexane-6-carboxamide",,C[C@]1(C#N)CCCN(C(=O)C2CCC[C@H]2NC(=O)C2[C@H]3COC[C@@H]23)C1,
45536,CC(C)n1cc(C(=O)N[C@H]2C[C@@H]3CC[C@H](C2)N3C(=O)C[C@H]2CC(C)(C)CO2)nn1,"N-((1R,3S,5S)-8-(2-((2R)-4,4-dimethyloxolan-2-yl)-acetyl)-8-azabicyclo[3.2.1]octan-3-yl)-1-(propan-2-yl)-1H-1,2,3-triazole-4-carboxamide",,CC(C)n1cc(C(=O)N[C@@H]2C[C@H]3CC[C@@H](C2)N3C(=O)C[C@H]2CC(C)(C)CO2)nn1,
45645,Cc1ccc(C(=O)N(C)[C@H]2C[C@@H]3CC[C@H](C2)N3C(=O)CC2(O)CCCC2)c(C)n1,"N-((1R,3s,5S)-8-(2-(1-hydroxycyclopentyl)-acetyl)-8-azabicyclo[3.2.1]octan-3-yl)-2,6,N-trimethylpyridine-3-carboxamide",,Cc1ccc(C(=O)N(C)[C@@H]2C[C@H]3CC[C@@H](C2)N3C(=O)CC2(O)CCCC2)c(C)n1,
45673,Cc1ccc2occ(CC(=O)N[C@H]3C[C@@](C)(NC(=O)[C@@H](C)C(C)(F)F)C3)c2c1,"(2R)-3,3-difluoro-2-methyl-N-((1s,3S)-1-methyl-3-(2-(5-methyl-1-benzofuran-3-yl)acetamido)cyclobutyl)butanamide",,Cc1ccc2occ(CC(=O)N[C@H]3C[C@@](C)(NC(=O)C(C)C(C)(F)F)C3)c2c1,
45707,NC(=O)[C@@H]1[C@H]2CN(C(=O)[C@@H](NC(=O)[C@@H]3CCO3)c3ccoc3)C[C@H]21,"(1R,5S,6S)-3-((2S)-2-(furan-3-yl)-2-((2S)-oxetane-2-carboxamido)-acetyl)-3-azabicyclo[3.1.0]hexane-6-carboxamide",,NC(=O)C1[C@H]2CN(C(=O)C(NC(=O)C3CCO3)c3ccoc3)C[C@@H]12,
45762,CC(C)(C)C#CC(=O)N[C@]1(C)C[C@H](NC(=O)[C@H]2C[C@@H]2C2(C)COC2)C1,"4,4-dimethyl-N-((1R,3s)-1-methyl-3-((1S,2S)-2-(3-methyloxetan-3-yl)cyclopropanecarboxamido)cyclobutyl)pent-2-ynamide",,CC(C)(C)C#CC(=O)N[C@]1(C)C[C@H](NC(=O)C2C[C@@H]2C2(C)COC2)C1,
45791,CCCN(C)c1ccc(C(=O)N2C[C@H]3[C@H](NC(=O)[C@@H](CC)SC)[C@H]3C2)cn1,"(2R)-N-((1R,5S,6s)-3-((6-((methyl)(propyl)amino)pyridin-3-yl)carbonyl)-3-azabicyclo[3.1.0]hexan-6-yl)-2-(methylsulfanyl)butanamide",,CCCN(C)c1ccc(C(=O)N2C[C@@H]3[C@H](C2)[C@H]3NC(=O)C(CC)SC)cn1,
45833,CCC1(C)CC(C(=O)N2[C@H]3CC[C@@H]2C[C@H](CNC(=O)[C@H](C)CCCOC)C3)C1,"(2R)-N-(((1R,3r,5S)-8-((3-ethyl-3-methylcyclobutyl)carbonyl)-8-azabicyclo[3.2.1]octan-3-yl)methyl)-5-methoxy-2-methylpentanamide",,CCC1(C)CC(C(=O)N2[C@@H]3CC[C@H]2C[C@@H](CNC(=O)C(C)CCCOC)C3)C1,
45922,C[C@]1(NC(=O)Cn2cccn2)C[C@H](NC(=O)[C@H]2CCC[C@H]2n2cccc2)C1,"N-((1S,3r)-1-methyl-3-((1S,2R)-2-(1H-pyrrol-1-yl)cyclopentanecarboxamido)cyclobutyl)-2-(1H-pyrazol-1-yl)acetamide",,C[C@]1(NC(=O)Cn2cccn2)C[C@H](NC(=O)C2CCC[C@H]2n2cccc2)C1,
45923,C[C@@H]1CC[C@H](C(=O)N[C@]2(C)C[C@@H](NC(=O)C(=O)c3ccc(F)cc3)C2)S1,"(2R,5R)-N-((1r,3R)-3-(2-(4-fluorophenyl)-2-oxoacetamido)-1-methylcyclobutyl)-5-methylthiolane-2-carboxamide",,C[C@@H]1CCC(C(=O)N[C@]2(C)C[C@@H](NC(=O)C(=O)c3ccc(F)cc3)C2)S1,
45956,CCCc1cc(C(=O)NCC[C@H](O)CNC(=O)[C@@H]2[C@H]3CCC[C@H]32)n[nH]1,"N-((3S)-4-((1R,5S,6r)-bicyclo[3.1.0]hexane-6-carboxamido)-3-hydroxybutyl)-5-propyl-1H-pyrazole-3-carboxamide",,CCCc1cc(C(=O)NCC[C@H](O)CNC(=O)C2[C@H]3CCC[C@@H]23)[nH]n1,
46000,CCS[C@@H](C)C(=O)N[C@H]1C[C@](F)(CNC(=O)Cc2cnn(-c3ccccc3)c2)C1,"(2S)-2-(ethylsulfanyl)-N-((1s,3R)-3-fluoro-3-((2-(1-phenyl-1H-pyrazol-4-yl)acetamido)methyl)cyclobutyl)propanamide",,CCSC(C)C(=O)N[C@H]1C[C@](F)(CNC(=O)Cc2cnn(-c3ccccc3)c2)C1,
46111,CCC1=NO[C@H](CC(=O)NC2(C(=O)N[C@@H]3[C@H]4CCCC[C@H]43)CCCC2)C1,"N-(1-(((1R,6S,7r)-bicyclo[4.1.0]heptan-7-yl)carbamoyl)cyclopentyl)-2-((5S)-3-ethyl-4,5-dihydro-1,2-oxazol-5-yl)acetamide",,CCC1=NO[C@H](CC(=O)NC2(C(=O)N[C@H]3[C@@H]4CCCC[C@@H]43)CCCC2)C1,
46128,Cn1cc(N2C[C@@H](NC(=O)N3[C@H]4CC[C@@H]3C[C@@H](F)C4)CCC2=O)cn1,"(1R,3R,5S)-3-fluoro-N-((3S)-1-(1-methyl-1H-pyrazol-4-yl)-6-oxopiperidin-3-yl)-8-azabicyclo[3.2.1]octane-8-carboxamide",,Cn1cc(N2C[C@@H](NC(=O)N3[C@@H]4CC[C@H]3C[C@H](F)C4)CCC2=O)cn1,
46130,CO[C@@H](C(=O)N=c1[nH]n(C)nc1C(=O)O)[C@@H]1CCC(F)(F)C1,"5-(((1R)-((1R)-3,3-difluorocyclopentyl)(methoxy)acetyl)imino)-2-methyl-1H,2H-1,2,3-triazole-4-carboxylic acid",,COC(C(=O)Nc1nn(C)nc1C(=O)O)[C@@H]1CCC(F)(F)C1,
46213,CCC[C@H](OC)C(=O)NC[C@]1(F)C[C@@H](CNC(=O)c2ccc(F)c(N)c2)C1,"(2S)-N-(((1s,3R)-3-((3-amino-4-fluorobenzamido)methyl)-1-fluorocyclobutyl)methyl)-2-methoxypentanamide",,CCCC(OC)C(=O)NC[C@]1(F)C[C@@H](CNC(=O)c2ccc(F)c(N)c2)C1,
46218,COC1(C(=O)NC[C@]2(F)C[C@H](Nc3ncnc4[nH]c(C)c(C)c34)C2)CC1,"N-(((1r,3r)-3-((5,6-dimethyl-7H-pyrrolo[2,3-d]pyrimidin-4-yl)amino)-1-fluorocyclobutyl)methyl)-1-methoxycyclopropanecarboxamide",,COC1(C(=O)NC[C@]2(F)C[C@H](Nc3ncnc4[nH]c(C)c(C)c34)C2)CC1,
46220,CCOCC(=O)NC[C@]1(F)C[C@H](NC(=O)COCc2ccccc2Cl)C1,"N-(((1r,3r)-3-(2-(((2-chlorophenyl)methyl)oxy)acetamido)-1-fluorocyclobutyl)methyl)-2-ethoxyacetamide",,CCOCC(=O)NC[C@]1(F)C[C@H](NC(=O)COCc2ccccc2Cl)C1,
46234,O=C(CCCCc1cnn[nH]1)N[C@H]1C[C@@H]2CC[C@H](C1)N2C(=O)C=CCO,"N-((1R,3s,5S)-8-(4-hydroxy-1-oxobut-2-en-1-yl)-8-azabicyclo[3.2.1]octan-3-yl)-5-(1H-1,2,3-triazol-5-yl)pentanamide",,O=C(CCCCc1c[nH]nn1)N[C@@H]1C[C@H]2CC[C@@H](C1)N2C(=O)C=CCO,
46314,CCN(CC)[C@@H](C(=O)N[C@H](C)CCCNC(=O)[C@H]1C[C@](C)(C(=O)OC)C1)C(C)C,"methyl (1R,3r)-3-(((4R)-4-((2R)-2-(diethylamino)-3-methylbutanamido)pentyl)carbamoyl)-1-methylcyclobutanecarboxylate",,CCN(CC)C(C(=O)N[C@H](C)CCCNC(=O)C1CC(C)(C(=O)OC)C1)C(C)C,
46413,CCOc1ncc(C(=O)N[C@H]2C[C@@](F)(CNC(=O)Cc3nc(=N)[nH][nH]3)C2)s1,"2-ethoxy-N-((1r,3r)-3-fluoro-3-((2-(5-imino-1H,2H-1,2,4-triazol-3-yl)acetamido)methyl)cyclobutyl)-1,3-thiazole-5-carboxamide",,CCOc1ncc(C(=O)N[C@H]2C[C@@](F)(CNC(=O)Cc3n[nH]c(N)n3)C2)s1,
46494,O=C(N[C@H]1C[C@H]2CC[C@H]1C2)C12CC(CN(C(=O)[C@]34CCC[C@H]3CCC4)C1)C2,"N-((1S,2S,4S)-bicyclo[2.2.1]heptan-2-yl)-3-((octahydropentalen-3a-yl)carbonyl)-3-azabicyclo[3.1.1]heptane-1-carboxamide",[C@H]12[C@H](C[C@@H](CC1)C2)NC(=O)C21CN(CC(C2)C1)C(=O)C12CCCC2CCC1,O=C(N[C@H]1C[C@H]2CC[C@H]1C2)C12CC(CN(C(=O)[C@]34CCC[C@H]3CCC4)C1)C2,O=C(N[C@H]1C[C@H]2CC[C@H]1C2)C12CC(CN(C(=O)C34CCCC3CCC4)C1)C2
46522,C=CCn1cc(C(=O)N[C@]2(C)C[C@H](NC(=O)c3cnco3)C2)c2ccccc21,"N-((1s,3s)-3-methyl-3-(1-(prop-2-en-1-yl)-1H-indole-3-carboxamido)cyclobutyl)-1,3-oxazole-5-carboxamide",,C=CCn1cc(C(=O)N[C@]2(C)C[C@H](NC(=O)c3cnco3)C2)c2ccccc21,
46572,CO[C@H]1C[C@@H](F)CN(C(=O)[C@H]2C[C@@](C)(NC(=O)CCCC3CCC3)C2)C1,"4-cyclobutyl-N-((1S,3s)-3-(((3R,5S)-3-fluoro-5-methoxypiperidin-1-yl)carbonyl)-1-methylcyclobutyl)butanamide",,CO[C@H]1C[C@@H](F)CN(C(=O)C2CC(C)(NC(=O)CCCC3CCC3)C2)C1,
46673,COc1cc(C(=O)NC[C@]2(OC)C[C@@H](C(=O)OC)C2)c([N+](=O)[O-])cc1OC,"methyl (1s,3s)-3-((4,5-dimethoxy-2-nitrobenzamido)methyl)-3-methoxycyclobutanecarboxylate",,COC(=O)C1CC(CNC(=O)c2cc(OC)c(OC)cc2[N+](=O)[O-])(OC)C1,
46721,CC(C)CC[C@H](NC(=O)[C@H]1C[C@H]2[C@@H](C1)C2(F)F)C(=O)NC[C@](C)(O)CC(C)C,"(1R,3s,5S)-6,6-difluoro-N-((2S)-1-(((2R)-2-hydroxy-2,4-dimethylpentyl)amino)-5-methyl-1-oxohexan-2-yl)bicyclo[3.1.0]hexane-3-carboxamide",,CC(C)CCC(NC(=O)C1C[C@@H]2[C@H](C1)C2(F)F)C(=O)NC[C@](C)(O)CC(C)C,
46922,C[C@@H]1C[C@H]1CC(=O)N[C@H]1[C@@H]2CN(c3nnc(C(F)(F)F)s3)C[C@@H]21,"2-((1S,2R)-2-methylcyclopropyl)-N-((1R,5S,6s)-3-(5-(trifluoromethyl)-1,3,4-thiadiazol-2-yl)-3-azabicyclo[3.1.0]hexan-6-yl)acetamide",,C[C@@H]1C[C@H]1CC(=O)N[C@H]1[C@@H]2CN(c3nnc(C(F)(F)F)s3)C[C@@H]21,
46925,CSC[C@H](O)C(=O)N[C@@H]1C[C@H]2[C@@H](C1)[C@@H]2NC(=O)C[C@H]1CC=CCN1C,"(2R)-2-hydroxy-N-((1R,3R,5S,6R)-6-(2-((2R)-1-methyl-1,2,3,6-tetrahydropyridin-2-yl)acetamido)bicyclo[3.1.0]hexan-3-yl)-3-(methylsulfanyl)propanamide",,CSCC(O)C(=O)N[C@H]1C[C@@H]2[C@H](C1)[C@H]2NC(=O)C[C@H]1CC=CCN1C,
46988,CO[C@H]1C[C@@H](N[C@H]2CCCC3(CC3)C2)C[C@H]1OC,"(5S)-N-((1r,3R,4S)-3,4-dimethoxycyclopentyl)spiro[2.5]octan-5-amine",,CO[C@H]1C[C@@H](N[C@H]2CCCC3(CC3)C2)C[C@H]1OC,
47042,Cc1ccc(C(=O)NC[C@H]2[C@@H]3CN(C(=O)c4ccc(C)cc4N)C[C@H]23)cc1,"N-(((1R,5S,6r)-3-((2-amino-4-methylphenyl)carbonyl)-3-azabicyclo[3.1.0]hexan-6-yl)methyl)-4-methylbenzamide",,Cc1ccc(C(=O)NC[C@@H]2[C@H]3CN(C(=O)c4ccc(C)cc4N)C[C@@H]23)cc1,
47070,C=CCOC(=O)NCC(=O)N[C@]1(C)C[C@@H](NC(=O)[C@@H]([C@H](C)O)N(C)C)C1,"prop-2-en-1-yl ((2-(((1R,3r)-3-((2R,3S)-2-(dimethylamino)-3-hydroxybutanamido)-1-methylcyclobutyl)amino)-2-oxoethyl)amino)formate",,C=CCOC(=O)NCC(=O)N[C@]1(C)C[C@@H](NC(=O)C([C@H](C)O)N(C)C)C1,
47109,C#CC[C@](C)(NC(=O)[C@@H]1[C@H]2CC(=O)C[C@H]21)C(=O)N[C@@H](CO)c1ccco1,"(1R,5S,6r)-N-((2S)-2-(((1S)-1-(furan-2-yl)-2-hydroxyethyl)carbamoyl)pent-4-yn-2-yl)-3-oxobicyclo[3.1.0]hexane-6-carboxamide",,C#CC[C@](C)(NC(=O)C1[C@H]2CC(=O)C[C@@H]12)C(=O)N[C@@H](CO)c1ccco1,
47118,CCO[C@H](C(=O)NC[C@H]1CCN(C(=O)[C@@H]2[C@H]3CCCC[C@H]32)C[C@H]1O)C1CCCC1,"(2S)-N-(((3S,4R)-1-(((1R,6S,7r)-bicyclo[4.1.0]heptan-7-yl)carbonyl)-3-hydroxypiperidin-4-yl)methyl)-2-cyclopentyl-2-ethoxyacetamide",,CCOC(C(=O)NC[C@H]1CCN(C(=O)C2[C@H]3CCCC[C@@H]23)C[C@H]1O)C1CCCC1,
47199,CCO[C@@H](CC)C(=O)N[C@]1(C)C[C@H](NC(=O)[C@H]2CCc3[nH]nc(O)c3C2)C1,"(2S)-2-ethoxy-N-((1R,3R)-3-((5S)-3-hydroxy-4,5,6,7-tetrahydro-1H-indazole-5-carboxamido)-1-methylcyclobutyl)butanamide",,CCOC(CC)C(=O)N[C@]1(C)C[C@H](NC(=O)C2CCc3[nH][nH]c(=O)c3C2)C1,
47333,C=CC[C@H](CC)C(=O)N[C@H](C(=O)N1CCc2nn(C)cc2C1)c1cccnc1,"(2S)-2-ethyl-N-((1S)-2-(2-methyl-4,5,6,7-tetrahydro-1H-pyrazolo[4,3-c]pyridin-5-yl)-2-oxo-1-(pyridin-3-yl)ethyl)pent-4-enamide",C(C)[C@H](C(=O)N[C@H](C(=O)N1CC2=C(CC1)NN(C2)C)C=2C=NC=CC2)CC=C,C=CCC(CC)C(=O)NC(C(=O)N1CCc2nn(C)cc2C1)c1cccnc1,C=CCC(CC)C(=O)NC(C(=O)N1CCC2=C(CN(C)N2)C1)c1cccnc1
47433,OC[C@@H]1C[C@@H]2CC[C@H](C1)N2c1nc(=NCCc2cnc[nH]2)[nH]c2c1CCC2,"1-((1R,3r,5S)-8-(3-((2-(1H-imidazol-5-yl)ethyl)imino)-2,4-diazabicyclo[4.3.0]nona-1(6),4-dien-5-yl)-8-azabicyclo[3.2.1]octan-3-yl)methanol",,OC[C@H]1C[C@H]2CC[C@@H](C1)N2c1nc(NCCc2c[nH]cn2)nc2c1CCC2,
47467,C=CCC1(NC(=O)[C@@H]2C[C@@H]3CC[C@@H]3C2)CN(C(=O)[C@H](C)C#N)C1,"(1R,3r,5S)-N-(1-((2R)-2-methyl-3-nitrilo-propionyl)-3-(prop-2-en-1-yl)azetidin-3-yl)bicyclo[3.2.0]heptane-3-carboxamide",,C=CCC1(NC(=O)C2C[C@H]3CC[C@H]3C2)CN(C(=O)C(C)C#N)C1,
47468,C[C@]1(CC(=O)NC[C@H]2C[C@H](O)[C@H](O)C2)CCN1C(=O)C=Cc1ccncn1,"N-(((1s,3R,4S)-3,4-dihydroxycyclopentyl)methyl)-2-((2R)-2-methyl-1-(1-oxo-3-(pyrimidin-4-yl)prop-2-en-1-yl)azetidin-2-yl)acetamide",,C[C@]1(CC(=O)NC[C@@H]2C[C@@H](O)[C@@H](O)C2)CCN1C(=O)C=Cc1ccncn1,
47470,C[C@H]1C[C@H](C)C1C(=O)N[C@H]1CC[C@]2(CC1)CN(C(=O)c1n[nH]cc1Cl)CCO2,"(2S,4S)-N-(4-((4-chloro-1H-pyrazol-3-yl)carbonyl)-1-oxa-4-azaspiro[5.5]undecan-9-yl)-2,4-dimethylcyclobutanecarboxamide",ClC=1C(=NNC1)C(=O)N1CCOC2(C1)CCC(CC2)NC(=O)C2[C@H](C[C@@H]2C)C,C[C@H]1C[C@H](C)C1C(=O)N[C@H]1CC[C@]2(CC1)CN(C(=O)c1[nH]ncc1Cl)CCO2,C[C@H]1C[C@H](C)C1C(=O)NC1CCC2(CC1)CN(C(=O)c1[nH]ncc1Cl)CCO2
47481,Cc1cnc(CCC(=O)N2C[C@H]3[C@H](NC(=O)[C@H](O)Cc4cccc(Cl)c4)[C@H]3C2)[nH]1,"(2R)-3-(3-chlorophenyl)-2-hydroxy-N-((1R,5S,6s)-3-(3-(5-methyl-1H-imidazol-2-yl)-propionyl)-3-azabicyclo[3.1.0]hexan-6-yl)propanamide",,Cc1c[nH]c(CCC(=O)N2C[C@@H]3[C@H](C2)[C@H]3NC(=O)C(O)Cc2cccc(Cl)c2)n1,
47485,C=C[C@@H](CC)C(=O)N1[C@H]2CC[C@@H]1C[C@@H](NC(=O)[C@](C)(F)CCCC)C2,"(2R)-N-((1R,3S,5S)-8-((2R)-2-ethyl-1-oxobut-3-en-1-yl)-8-azabicyclo[3.2.1]octan-3-yl)-2-fluoro-2-methylhexanamide",,C=CC(CC)C(=O)N1[C@@H]2CC[C@H]1C[C@H](NC(=O)[C@](C)(F)CCCC)C2,
47521,CCN1CC[C@@H]1C(=O)N[C@H]1C[C@@](F)(CNC(=O)c2c(F)cccc2Cl)C1,"(2R)-N-((1r,3R)-3-((2-chloro-6-fluorobenzamido)methyl)-3-fluorocyclobutyl)-1-ethylazetidine-2-carboxamide",,CCN1CCC1C(=O)N[C@H]1C[C@@](F)(CNC(=O)c2c(F)cccc2Cl)C1,
47575,CCN(C(=O)CCOC(C)C)[C@H]1CCN(C(=O)[C@H]2C[C@](OC)(C(F)(F)F)C2)C1,"N-ethyl-3-isopropoxy-N-((3S)-1-(((1s,3R)-3-methoxy-3-(trifluoromethyl)cyclobutyl)carbonyl)pyrrolidin-3-yl)propanamide",,CCN(C(=O)CCOC(C)C)[C@H]1CCN(C(=O)C2CC(OC)(C(F)(F)F)C2)C1,
47579,O=C(N1CCCC[C@]12C[C@H](NC(=O)[C@]1(Cl)CC1(F)F)C2)C1(O)CC1,"(1R)-1-chloro-2,2-difluoro-N-(5-((1-hydroxycyclopropyl)carbonyl)-5-azaspiro[3.5]nonan-2-yl)cyclopropanecarboxamide",Cl[C@@]1(C(C1)(F)F)C(=O)NC1CC2(C1)N(CCCC2)C(=O)C2(CC2)O,O=C(N1CCCC[C@]12C[C@H](NC(=O)[C@]1(Cl)CC1(F)F)C2)C1(O)CC1,O=C(N1CCCCC12CC(NC(=O)[C@]1(Cl)CC1(F)F)C2)C1(O)CC1
47623,COCc1ccoc1C(=O)N[C@H]1C[C@]2(CCCCN2C(=O)c2scnc2Cl)C1,"N-(5-((4-chloro-1,3-thiazol-5-yl)carbonyl)-5-azaspiro[3.5]nonan-2-yl)-3-(methoxymethyl)furan-2-carboxamide",ClC=1N=CSC1C(=O)N1C2(CC(C2)NC(=O)C=2OC=CC2COC)CCCC1,COCc1ccoc1C(=O)N[C@H]1C[C@]2(CCCCN2C(=O)c2scnc2Cl)C1,COCc1ccoc1C(=O)NC1CC2(CCCCN2C(=O)c2scnc2Cl)C1
47630,O=C(NCCNC(=O)[C@H]1CC(C2CCOCC2)=NO1)[C@@H]1C[C@@H]2CC[C@@H]2C1,"(5R)-N-(2-((1R,3r,5S)-bicyclo[3.2.0]heptane-3-carboxamido)ethyl)-3-(oxan-4-yl)-4,5-dihydro-1,2-oxazole-5-carboxamide",,O=C(NCCNC(=O)C1CC(C2CCOCC2)=NO1)C1C[C@H]2CC[C@H]2C1,
47640,CC(C)C(C)(C)C(=O)N1C[C@H]2[C@H](NC(=O)[C@]3(O)CCCC(C)(C)CC3)[C@H]2C1,"(1S)-1-hydroxy-4,4-dimethyl-N-((1R,5S,6s)-3-(2,2,3-trimethyl-butyryl)-3-azabicyclo[3.1.0]hexan-6-yl)cycloheptanecarboxamide",,CC(C)C(C)(C)C(=O)N1C[C@@H]2[C@H](C1)[C@H]2NC(=O)[C@]1(O)CCCC(C)(C)CC1,
47765,NC(=O)c1cc(C(=O)N[C@H]2C[C@@](F)(CNC(=O)[C@H]3CC34CCCC4)C2)ccc1O,"N-((1S,3r)-3-fluoro-3-(((1S)-spiro[2.4]heptane-1-carboxamido)methyl)cyclobutyl)-4-hydroxybenzene-1,3-dicarboxamide",,NC(=O)c1cc(C(=O)N[C@H]2C[C@@](F)(CNC(=O)C3CC34CCCC4)C2)ccc1O,
47773,COC(=O)c1nc(C(=O)O[C@H]2CCCCC(F)(F)C2)cs1,"4-(1S)-3,3-difluorocycloheptyl 2-methyl 1,3-thiazole-2,4-dicarboxylate",,COC(=O)c1nc(C(=O)O[C@H]2CCCCC(F)(F)C2)cs1,
47776,CC(C)OC(=O)c1c(NC(=O)C(=O)N[C@@H]2[C@H]3CCC[C@H]32)sc2c1CC[C@H](C)C2,"propan-2-yl (6S)-2-(1-(((1R,5S,6r)-bicyclo[3.1.0]hexan-6-yl)carbamoyl)formamido)-6-methyl-4,5,6,7-tetrahydro-1-benzothiophene-3-carboxylate",,CC(C)OC(=O)c1c(NC(=O)C(=O)N[C@H]2[C@@H]3CCC[C@@H]32)sc2c1CC[C@H](C)C2,
47782,C#CC1(C(=O)Nc2ccc(CC)nc2)CCN(C(=O)[C@H]2C[C@H]3[C@@H](C2)C3(C)C)CC1,"1-(((1R,3s,5S)-6,6-dimethylbicyclo[3.1.0]hexan-3-yl)carbonyl)-N-(6-ethylpyridin-3-yl)-4-(ethynyl)piperidine-4-carboxamide",,C#CC1(C(=O)Nc2ccc(CC)nc2)CCN(C(=O)C2C[C@@H]3[C@H](C2)C3(C)C)CC1,
47789,CSC[C@@H](O)C(=O)N(C)[C@H]1C[C@@H]2CC[C@H](C1)N2C(=O)COC(C)(C)C(F)(F)F,"(2S)-2-hydroxy-N-methyl-3-(methylsulfanyl)-N-((1R,3s,5S)-8-(1-oxo-2-((1,1,1-trifluoro-2-methylpropan-2-yl)oxy)ethyl)-8-azabicyclo[3.2.1]octan-3-yl)propanamide",,CSCC(O)C(=O)N(C)[C@@H]1C[C@H]2CC[C@@H](C1)N2C(=O)COC(C)(C)C(F)(F)F,
47834,O=C(C=CCO)N[C@H]1C[C@H]2C[C@@H](NC(=O)c3cccc(F)c3F)C[C@H]2C1,"N-((2s,3aR,5r,6aS)-5-(2,3-difluorobenzamido)octahydropentalen-2-yl)-4-hydroxybut-2-enamide",,O=C(C=CCO)N[C@@H]1C[C@@H]2C[C@H](NC(=O)c3cccc(F)c3F)C[C@@H]2C1,
47880,Cc1cc(C)cc(C(=O)N[C@H]2C[C@@H]3CC[C@H](C2)N3C(=O)Cn2ccncc2=O)c1,"3,5-dimethyl-N-((1R,3s,5S)-8-(1-oxo-2-(2-oxo-1H-pyrazin-1-yl)ethyl)-8-azabicyclo[3.2.1]octan-3-yl)benzamide",,Cc1cc(C)cc(C(=O)N[C@@H]2C[C@H]3CC[C@@H](C2)N3C(=O)Cn2ccncc2=O)c1,
47882,CC(C)[C@@H](O)C(=O)N1C[C@H]2[C@H](CN(C)C(=O)[C@]3(C)CCCOC3)[C@H]2C1,"(3R)-N-(((1R,5S,6R)-3-((2R)-2-hydroxy-3-methyl-butyryl)-3-azabicyclo[3.1.0]hexan-6-yl)methyl)-3,N-dimethyloxane-3-carboxamide",,CC(C)C(O)C(=O)N1C[C@@H]2[C@@H](CN(C)C(=O)[C@]3(C)CCCOC3)[C@@H]2C1,
47951,CC[C@@H](CN(CC)C(=O)c1sccc1OC)NC(=O)[C@@]1(C#N)C[C@@H]2C[C@@H]2C1,"N-((2S)-2-((1R,3s,5S)-3-cyanobicyclo[3.1.0]hexane-3-carboxamido)butyl)-N-ethyl-3-methoxythiophene-2-carboxamide",,CC[C@@H](CN(CC)C(=O)c1sccc1OC)NC(=O)[C@]1(C#N)C[C@H]2C[C@H]2C1,
47983,C[C@H]1C[C@@H](C(=O)N[C@H]2CN(C(=O)COC3CCC3)C(C)(C)C2)C[C@@H](C)O1,"(2R,4r,6S)-N-((3R)-1-(2-(cyclobutoxy)-acetyl)-5,5-dimethylpyrrolidin-3-yl)-2,6-dimethyloxane-4-carboxamide",,C[C@@H]1CC(C(=O)N[C@H]2CN(C(=O)COC3CCC3)C(C)(C)C2)C[C@H](C)O1,
48011,CC1CCC(C)(C(=O)N[C@H]2C[C@](C)(NC(=O)CCCC(F)(F)C(F)(F)F)C2)CC1,"1,4-dimethyl-N-((1r,3r)-3-methyl-3-(5,5,6,6,6-pentafluorohexanamido)cyclobutyl)cyclohexanecarboxamide",,CC1CCC(C)(C(=O)N[C@H]2C[C@](C)(NC(=O)CCCC(F)(F)C(F)(F)F)C2)CC1,
48089,COC=CC(=O)NC(C)(C)C(=O)NC[C@H]1C=CCN1C(=O)[C@@H]1C[C@@H]2CC[C@@H]2C1,"N-(2-((((2R)-1-(((1R,3r,5S)-bicyclo[3.2.0]heptan-3-yl)carbonyl)-2,5-dihydro-1H-pyrrol-2-yl)methyl)carbamoyl)propan-2-yl)-3-methoxyprop-2-enamide",,COC=CC(=O)NC(C)(C)C(=O)NC[C@H]1C=CCN1C(=O)C1C[C@H]2CC[C@H]2C1,
48103,C[C@@H]1CC(C(=O)NC[C@]2(F)C[C@H](CNC(=O)c3cc(C(F)F)cs3)C2)=NO1,"(5R)-N-(((1r,3R)-3-((4-(difluoromethyl)thiophene-2-carboxamido)methyl)-1-fluorocyclobutyl)methyl)-5-methyl-4,5-dihydro-1,2-oxazole-3-carboxamide",,C[C@@H]1CC(C(=O)NC[C@]2(F)C[C@H](CNC(=O)c3cc(C(F)F)cs3)C2)=NO1,
48127,CO[C@@H](C(=O)N1[C@H]2CC[C@@H]1C[C@H](NC(=O)c1scnc1Cl)C2)[C@@H]1CCOC1,"4-chloro-N-((1R,3R,5S)-8-((2R)-2-methoxy-1-oxo-2-((3R)-oxolan-3-yl)ethyl)-8-azabicyclo[3.2.1]octan-3-yl)-1,3-thiazole-5-carboxamide",,COC(C(=O)N1[C@@H]2CC[C@H]1C[C@@H](NC(=O)c1scnc1Cl)C2)[C@@H]1CCOC1,
48189,C[C@H](NC(N)=O)C(=O)N[C@H]1C[C@]2(CCCCN2C(=O)c2ccc(Cl)[nH]2)C1,(2S)-2-(carbamoylamino)-N-(5-((5-chloro-1H-pyrrol-2-yl)carbonyl)-5-azaspiro[3.5]nonan-2-yl)propanamide,C(N)(=O)N[C@H](C(=O)NC1CC2(C1)N(CCCC2)C(=O)C=2NC(=CC2)Cl)C,CC(NC(N)=O)C(=O)N[C@H]1C[C@]2(CCCCN2C(=O)c2ccc(Cl)[nH]2)C1,CC(NC(N)=O)C(=O)NC1CC2(CCCCN2C(=O)c2ccc(Cl)[nH]2)C1
48243,C=CCN1CCC(NC(=O)[C@H]2NCCc3nn(C)cc32)CC1,"(4S)-2-methyl-N-(1-(prop-2-en-1-yl)piperidin-4-yl)-4,5,6,7-tetrahydro-1H-pyrazolo[4,3-c]pyridine-4-carboxamide",CN1NC2=C([C@H](NCC2)C(=O)NC2CCN(CC2)CC=C)C1,C=CCN1CCC(NC(=O)C2NCCc3nn(C)cc32)CC1,C=CCN1CCC(NC(=O)C2NCCC3=C2CN(C)N3)CC1
48294,CC(C)(F)CCC(=O)N1CCO[C@]2(CC[C@H](NC(=O)C#CC3(C)COC3)CC2)C1,N-(4-(4-fluoro-4-methyl-pentanoyl)-1-oxa-4-azaspiro[5.5]undecan-9-yl)-3-(3-methyloxetan-3-yl)prop-2-ynamide,FC(CCC(=O)N1CCOC2(C1)CCC(CC2)NC(C#CC2(COC2)C)=O)(C)C,CC(C)(F)CCC(=O)N1CCO[C@]2(CC[C@H](NC(=O)C#CC3(C)COC3)CC2)C1,CC(C)(F)CCC(=O)N1CCOC2(CCC(NC(=O)C#CC3(C)COC3)CC2)C1
48316,CCC(C)(C)C(=O)N[C@H]1C[C@](F)(CNC(=O)C(C)(C)[C@H]2CCOC2)C1,"N-((1S,3s)-3-fluoro-3-((2-methyl-2-((3R)-oxolan-3-yl)propanamido)methyl)cyclobutyl)-2,2-dimethylbutanamide",,CCC(C)(C)C(=O)N[C@H]1C[C@](F)(CNC(=O)C(C)(C)[C@H]2CCOC2)C1,
48333,COc1cccc(Br)c1C(=O)N[C@@H](C)[C@H](C)NC(=O)C1=CNC2=NCCC2=C1,"N-((2S,3S)-3-(2-bromo-6-methoxybenzamido)butan-2-yl)-3,7-dihydro-1H-pyrrolo[2,3-b]pyridine-5-carboxamide",BrC1=C(C(=O)N[C@H]([C@H](C)NC(=O)C2=CC3=C(NC2)NCC3)C)C(=CC=C1)OC,COc1cccc(Br)c1C(=O)N[C@@H](C)[C@H](C)NC(=O)c1cnc2c(c1)CCN2,COc1cccc(Br)c1C(=O)N[C@@H](C)[C@H](C)NC(=O)C1=CC2CCN=C2NC1
48358,COCCCC(=O)N1C[C@@H](NC(=O)[C@@H]2[C@@H](C)[C@H]2C)CC1(C)C,"(1r,2R,3S)-N-((3S)-1-(4-methoxy-butyryl)-5,5-dimethylpyrrolidin-3-yl)-2,3-dimethylcyclopropanecarboxamide",,COCCCC(=O)N1C[C@@H](NC(=O)C2[C@@H](C)[C@H]2C)CC1(C)C,
48389,Cc1cc(Cl)cc2[nH]c(C(=O)N(C)[C@H]3[C@@H]4CN(C(=O)c5csnc5Cl)C[C@@H]43)cc12,"6-chloro-N-((1R,5S,6s)-3-((3-chloro-1,2-thiazol-4-yl)carbonyl)-3-azabicyclo[3.1.0]hexan-6-yl)-4,N-dimethyl-1H-indole-2-carboxamide",,Cc1cc(Cl)cc2[nH]c(C(=O)N(C)[C@H]3[C@@H]4CN(C(=O)c5csnc5Cl)C[C@@H]43)cc12,
48428,C=C=C(C)CC(=O)N1C[C@H]2[C@H](N(C)C(=O)CCN3CCSC(C)(C)C3)[C@H]2C1,"3-(2,2-dimethylthiomorpholin-4-yl)-N-methyl-N-((1R,5S,6s)-3-(3-methyl-1-oxopenta-3,4-dien-1-yl)-3-azabicyclo[3.1.0]hexan-6-yl)propanamide",,C=C=C(C)CC(=O)N1C[C@@H]2[C@H](C1)[C@H]2N(C)C(=O)CCN1CCSC(C)(C)C1,
48431,CO[C@@H](C)C(=O)N1C[C@H]2[C@H](N(C)C(=O)c3ccc(OC(F)F)nc3Cl)[C@H]2C1,"2-chloro-6-((difluoromethyl)oxy)-N-((1R,5S,6R)-3-((2S)-2-methoxy-propionyl)-3-azabicyclo[3.1.0]hexan-6-yl)-N-methylpyridine-3-carboxamide",,COC(C)C(=O)N1C[C@@H]2[C@H](C1)[C@H]2N(C)C(=O)c1ccc(OC(F)F)nc1Cl,
48468,C#CCSCC(=O)N1C[C@H]2[C@@H](C1)[C@@H]2C(=O)N(C)Cc1cc(C)ccn1,"(1R,5S,6r)-N-methyl-N-((4-methylpyridin-2-yl)methyl)-3-(1-oxo-2-((prop-2-yn-1-yl)sulfanyl)ethyl)-3-azabicyclo[3.1.0]hexane-6-carboxamide",,C#CCSCC(=O)N1C[C@@H]2C(C(=O)N(C)Cc3cc(C)ccn3)[C@@H]2C1,
48496,C#C[C@]1(O)C[C@@H](C(=O)N[C@H](CCC(=O)N(CC2(O)CCC2)C2CC2)C(C)C)C1,"(1s,3S)-3-(ethynyl)-3-hydroxy-N-((3R)-6-(((1-hydroxycyclobutyl)methyl)(cyclopropyl)amino)-2-methyl-6-oxohexan-3-yl)cyclobutanecarboxamide",,C#CC1(O)CC(C(=O)N[C@H](CCC(=O)N(CC2(O)CCC2)C2CC2)C(C)C)C1,
48519,Cn1cc([C@H](NC(=O)C[C@H]2C[C@H]3C=C[C@H]2C3)C(=O)N2[C@H]3CC[C@@H]2C[C@@H](F)C3)nn1,"2-((1S,2R,4R)-bicyclo[2.2.1]hept-5-en-2-yl)-N-((1S)-2-((1R,3R,5S)-3-fluoro-8-azabicyclo[3.2.1]octan-8-yl)-1-(1-methyl-1H-1,2,3-triazol-4-yl)-2-oxoethyl)acetamide",,Cn1cc(C(NC(=O)C[C@H]2C[C@H]3C=C[C@H]2C3)C(=O)N2[C@@H]3CC[C@H]2C[C@H](F)C3)nn1,
48525,CCOC(=O)[C@@]1(C(=O)NC[C@H]2[C@@H]3CN(C(=O)c4ccncn4)C[C@H]23)CCCCO1,"ethyl (2S)-2-((((1R,5S,6r)-3-((pyrimidin-4-yl)carbonyl)-3-azabicyclo[3.1.0]hexan-6-yl)methyl)carbamoyl)oxane-2-carboxylate",,CCOC(=O)[C@@]1(C(=O)NC[C@@H]2[C@H]3CN(C(=O)c4ccncn4)C[C@@H]23)CCCCO1,
48531,CSC1CC(C(=O)N(C)[C@H]2[C@@H]3CN(C(=O)c4cc(N)c(O)c(F)c4)C[C@@H]32)C1,"N-((1R,5S,6s)-3-((3-amino-5-fluoro-4-hydroxyphenyl)carbonyl)-3-azabicyclo[3.1.0]hexan-6-yl)-N-methyl-3-(methylsulfanyl)cyclobutanecarboxamide",,CSC1CC(C(=O)N(C)[C@H]2[C@@H]3CN(C(=O)c4cc(N)c(O)c(F)c4)C[C@@H]32)C1,
48569,CO[C@@H]1C[C@@H]2CC[C@H](C1)N2C(=O)[C@H]1CN(C(=O)/C=C/c2cnc[nH]2)CCC1(F)F,"(2E)-1-((3R)-4,4-difluoro-3-(((1R,3R,5S)-3-methoxy-8-azabicyclo[3.2.1]octan-8-yl)carbonyl)piperidin-1-yl)-3-(1H-imidazol-5-yl)prop-2-en-1-one",,CO[C@H]1C[C@H]2CC[C@@H](C1)N2C(=O)C1CN(C(=O)C=Cc2c[nH]cn2)CCC1(F)F,
48577,CC(C)C[C@@]1(C(=O)N2CC3(CC(NC(=O)[C@]4(C)C[C@@H](C#N)C4)C3)C2)CCNC1=O,"(1r,3R)-3-cyano-1-methyl-N-(2-(((3R)-3-(2-methylpropyl)-2-oxopyrrolidin-3-yl)carbonyl)-2-azaspiro[3.3]heptan-6-yl)cyclobutanecarboxamide",,CC(C)C[C@@]1(C(=O)N2CC3(CC(NC(=O)[C@]4(C)C[C@@H](C#N)C4)C3)C2)CCNC1=O,
48598,Cc1ccc(-c2cncc(C(=O)N[C@]3(C)C[C@@H](NC(=O)C=CBr)C3)c2)cc1,"N-((1r,3r)-3-(3-bromoprop-2-enamido)-1-methylcyclobutyl)-5-(4-methylphenyl)pyridine-3-carboxamide",,Cc1ccc(-c2cncc(C(=O)N[C@]3(C)C[C@@H](NC(=O)C=CBr)C3)c2)cc1,
48658,COC(=O)[C@]1(C(=O)N2CC3(CCN(C(=O)C4=NO[C@@H](C)[C@@H]4C)CC3)C2)[C@H]2CC[C@H]21,"methyl (1R,4S,5r)-5-((7-(((4R,5S)-4,5-dimethyl-4,5-dihydro-1,2-oxazol-3-yl)carbonyl)-2,7-diazaspiro[3.5]nonan-2-yl)carbonyl)bicyclo[2.1.0]pentane-5-carboxylate",,COC(=O)[C@@]1(C(=O)N2CC3(CCN(C(=O)C4=NO[C@@H](C)[C@@H]4C)CC3)C2)[C@@H]2CC[C@@H]21,
48685,CC(C)(C(=O)N[C@@H]1CCCC[C@@H]1NC(=O)[C@@H]1[C@H]2CC[C@H]21)c1ccc(Cl)cc1,"N-((1R,2S)-2-((1R,4S,5r)-bicyclo[2.1.0]pentane-5-carboxamido)cyclohexyl)-2-(4-chlorophenyl)-2-methylpropanamide",,CC(C)(C(=O)N[C@@H]1CCCC[C@@H]1NC(=O)C1[C@H]2CC[C@@H]12)c1ccc(Cl)cc1,
48727,CS(=O)(=O)N1CC(C(=O)N[C@]2(C)C[C@@H](NC(=O)c3ccc4ccnn4c3)C2)C1,"N-((1r,3r)-3-methyl-3-(1-(methylsulfonyl)azetidine-3-carboxamido)cyclobutyl)pyrazolo[1,5-a]pyridine-6-carboxamide",,CS(=O)(=O)N1CC(C(=O)N[C@]2(C)C[C@@H](NC(=O)c3ccc4ccnn4c3)C2)C1,
48794,C=C[C@H]1CN([C@H](C(=O)N[C@@H](C)CC)[C@@H]2[C@H]3CCCCC[C@H]32)CC[C@H]1CC(=O)OC,"methyl 2-((3R,4S)-1-((1S)-1-((1R,7S,8r)-bicyclo[5.1.0]octan-8-yl)-2-(((2S)-butan-2-yl)amino)-2-oxoethyl)-3-ethenylpiperidin-4-yl)acetate",,C=C[C@H]1CN(C(C(=O)N[C@@H](C)CC)[C@H]2[C@@H]3CCCCC[C@@H]32)CC[C@H]1CC(=O)OC,
48807,C#CC[C@@]1(C(=O)N2[C@H]3CC[C@@H]2C[C@@H](NC(=O)C2CCSCC2)C3)CC=CCC1,"N-((1R,3R,5S)-8-(((1S)-1-(prop-2-yn-1-yl)cyclohex-3-en-1-yl)carbonyl)-8-azabicyclo[3.2.1]octan-3-yl)thiane-4-carboxamide",,C#CC[C@@]1(C(=O)N2[C@@H]3CC[C@H]2C[C@H](NC(=O)C2CCSCC2)C3)CC=CCC1,
48808,C=CCCC(=O)NC12CC(C)(C1)OC21CCN(C(=O)[C@@H]2CCCCC(=O)N2)CC1,"N-(1-methylspiro[2-oxabicyclo[2.1.1]hexane-3,4'-((7S)-7-(1-azacyclohexan-1-ylformyl)azepane)]-4-yl-2'-one)pent-4-enamide",,C=CCCC(=O)NC12CC(C)(C1)OC21CCN(C(=O)C2CCCCC(=O)N2)CC1,
48836,C[C@@H](C(=O)NC[C@]1(F)C[C@@H](NC(=O)c2ccns2)C1)[C@@H]1OCCc2sccc21,"(2R)-N-(((1s,3S)-1-fluoro-3-(1,2-thiazole-5-carboxamido)cyclobutyl)methyl)-2-((2S)-3-oxa-7-thiabicyclo[4.3.0]nona-1(6),8-dien-2-yl)propanamide",,CC(C(=O)NC[C@]1(F)C[C@@H](NC(=O)c2ccns2)C1)[C@@H]1OCCc2sccc21,
48896,CC[C@@H](Cc1ccccc1)C(=O)N1C[C@H]2[C@H](NC(=O)c3nncs3)[C@H]2C1,"N-((1R,5S,6R)-3-((2S)-2-benzyl-butyryl)-3-azabicyclo[3.1.0]hexan-6-yl)-1,3,4-thiadiazole-2-carboxamide",,CCC(Cc1ccccc1)C(=O)N1C[C@@H]2[C@H](C1)[C@H]2NC(=O)c1nncs1,
48944,CCC(CC)(CNC(=O)[C@@H]1[C@H]2C[C@H]2[C@H]2C[C@H]21)NC(=O)c1cc(C#N)c(N)cc1O,"(1S,2R,4R,5r,6S)-N-(2-(4-amino-5-cyano-2-hydroxybenzamido)-2-ethylbutyl)tricyclo[4.1.0.0^{2,4}]heptane-5-carboxamide",,CCC(CC)(CNC(=O)C1[C@H]2C[C@H]2[C@H]2C[C@@H]12)NC(=O)c1cc(C#N)c(N)cc1O,
48972,CC(C)[C@@H](C(=O)NC[C@H]1C[C@@](F)(CNC(=O)[C@@H](C(C)C)N(C)C)C1)n1cncn1,"(2R)-2-(dimethylamino)-N-(((1S,3R)-1-fluoro-3-(((2S)-3-methyl-2-(1H-1,2,4-triazol-1-yl)butanamido)methyl)cyclobutyl)methyl)-3-methylbutanamide",,CC(C)C(C(=O)NC[C@]1(F)C[C@H](CNC(=O)C(C(C)C)n2cncn2)C1)N(C)C,
48998,CC(C)(C)S(=O)(=O)CC(=O)N1CCC[C@H](N(CCF)C(=O)[C@H]2C[C@@H]3C[C@@H]3C2)C1,"(1R,3s,5S)-N-((3S)-1-(2-(tert-butylsulfonyl)-acetyl)piperidin-3-yl)-N-(2-fluoroethyl)bicyclo[3.1.0]hexane-3-carboxamide",,CC(C)(C)S(=O)(=O)CC(=O)N1CCC[C@H](N(CCF)C(=O)C2C[C@@H]3C[C@@H]3C2)C1,
49102,CCCCC(CCCC)C(=O)NC[C@H]1C[C@](F)(CNC(=O)[C@@H](C)CC2CCC2)C1,"2-butyl-N-(((1R,3s)-3-(((2S)-3-cyclobutyl-2-methylpropanamido)methyl)-3-fluorocyclobutyl)methyl)hexanamide",,CCCCC(CCCC)C(=O)NC[C@H]1C[C@](F)(CNC(=O)C(C)CC2CCC2)C1,
49124,CC(C)(C)[C@@H](CC(=O)NC[C@]1(C)C[C@@H]2C[C@@H]2C1)NC(=O)c1csc(O)n1,"(3R)-3-(2-hydroxy-1,3-thiazole-4-carboxamido)-4,4-dimethyl-N-(((1R,3r,5S)-3-methylbicyclo[3.1.0]hexan-3-yl)methyl)pentanamide",,CC(C)(C)[C@@H](CC(=O)NC[C@@]1(C)C[C@H]2C[C@H]2C1)NC(=O)c1csc(=O)[nH]1,
49135,Cc1ccc(C)c(OCC(=O)N[C@]2(C)C[C@@H](NC(=O)[C@@H]3C[C@]3(F)Br)C2)c1,"N-((1S,3r)-3-((1S,2S)-2-bromo-2-fluorocyclopropanecarboxamido)-1-methylcyclobutyl)-2-((2,5-dimethylphenyl)oxy)acetamide",,Cc1ccc(C)c(OCC(=O)N[C@]2(C)C[C@@H](NC(=O)C3C[C@]3(F)Br)C2)c1,
49225,CC(C)n1ccc2c(N3C[C@@H]4[C@H](C3)[C@@H]4NC(=O)c3ccsn3)ncnc21,"N-((1R,5S,6r)-3-(7-(propan-2-yl)-7H-pyrrolo[2,3-d]pyrimidin-4-yl)-3-azabicyclo[3.1.0]hexan-6-yl)-1,2-thiazole-3-carboxamide",,CC(C)n1ccc2c(N3C[C@@H]4[C@H](C3)[C@@H]4NC(=O)c3ccsn3)ncnc21,
49254,NC(=O)C[C@@H](O)C(=O)N1[C@H]2CC[C@@H]1C[C@@H](CNC(=O)[C@@H]1C[C@H]3CC[C@@H]1O3)C2,"(3R)-3-hydroxy-4-((1R,3S,5S)-3-(((1S,2R,4R)-7-oxabicyclo[2.2.1]heptane-2-carboxamido)methyl)-8-azabicyclo[3.2.1]octan-8-yl)-4-oxobutanamide",,NC(=O)CC(O)C(=O)N1[C@@H]2CC[C@H]1C[C@H](CNC(=O)C1C[C@H]3CC[C@@H]1O3)C2,
49343,CC[C@@](C)(CNC(=O)c1cnoc1C)NC(=O)[C@@H]1[C@H]2[C@@H]3CC[C@@H](C3)[C@H]21,"5-methyl-N-((2S)-2-methyl-2-((1R,2S,3r,4R,5S)-tricyclo[3.2.1.0^{2,4}]octane-3-carboxamido)butyl)-1,2-oxazole-4-carboxamide",,CC[C@@](C)(CNC(=O)c1cnoc1C)NC(=O)C1[C@@H]2[C@H]3CC[C@H](C3)[C@H]12,
49467,O=C(CSc1ccccc1)N[C@H]1[C@@H]2CN(C(=O)c3cnc(Br)o3)C[C@@H]21,"N-((1R,5S,6s)-3-((2-bromo-1,3-oxazol-5-yl)carbonyl)-3-azabicyclo[3.1.0]hexan-6-yl)-2-(phenylsulfanyl)acetamide",,O=C(CSc1ccccc1)N[C@H]1[C@@H]2CN(C(=O)c3cnc(Br)o3)C[C@@H]21,
49536,CC(C)S(=O)(=O)[C@@H](C)C(=O)N[C@H]1C[C@@](C)(NC(=O)c2nonc2N)C1,"(2S)-N-((1s,3R)-3-(4-amino-1,2,5-oxadiazole-3-carboxamido)-3-methylcyclobutyl)-2-(propan-2-ylsulfonyl)propanamide",,CC(C)S(=O)(=O)C(C)C(=O)N[C@H]1C[C@@](C)(NC(=O)c2nonc2N)C1,
49580,CC=C(CC)C(=O)NC[C@H]1[C@@H]2CN(C(=O)c3ccc(CCNC(C)=O)cc3)C[C@H]12,"N-(((1R,5S,6r)-3-((4-(2-acetamidoethyl)phenyl)carbonyl)-3-azabicyclo[3.1.0]hexan-6-yl)methyl)-2-ethylbut-2-enamide",,CC=C(CC)C(=O)NC[C@@H]1[C@H]2CN(C(=O)c3ccc(CCNC(C)=O)cc3)C[C@@H]12,
49603,C[C@H]1[C@@H](C)[C@@H]1C(=O)N[C@@H]1C[C@H]2CC[C@H]([C@@H]1C)N2C(=O)Cc1ccc(N)cc1,"(1r,2R,3S)-N-((1R,2R,3R,5R)-8-(2-(4-aminophenyl)-acetyl)-2-methyl-8-azabicyclo[3.2.1]octan-3-yl)-2,3-dimethylcyclopropanecarboxamide",,C[C@H]1[C@H]2CC[C@H](C[C@H]1NC(=O)C1[C@@H](C)[C@H]1C)N2C(=O)Cc1ccc(N)cc1,
49649,CC[C@H](C)CC(=O)C(=O)N1C[C@](C)(CNC(=O)[C@H]2C[C@H]3[C@@H](C2)C3(F)F)CC1(C)C,"(1R,3s,5S)-6,6-difluoro-N-(((3S)-3,5,5-trimethyl-1-((4S)-4-methyl-1,2-dioxohexyl)pyrrolidin-3-yl)methyl)bicyclo[3.1.0]hexane-3-carboxamide",,CC[C@H](C)CC(=O)C(=O)N1C[C@](C)(CNC(=O)C2C[C@@H]3[C@H](C2)C3(F)F)CC1(C)C,
49675,CCc1occc1C(=O)N[C@H]1C[C@@H]2C[C@H](C1)CN(C(=O)[C@H]1COC(=O)N1)C2,"2-ethyl-N-((1R,5S,7S)-3-(((4R)-2-oxo-1,3-oxazolidin-4-yl)carbonyl)-3-azabicyclo[3.3.1]nonan-7-yl)furan-3-carboxamide",,CCc1occc1C(=O)N[C@@H]1C[C@H]2C[C@@H](C1)CN(C(=O)C1COC(=O)N1)C2,
49681,CN(C[C@@H]1NCc2ccccc21)C(=O)[C@@H]1C[C@H]2CCC[C@H](C2)C1,"(1R,3r,5S)-N-((1R)-2,3-dihydro-1H-isoindol-1-ylmethyl)-N-methylbicyclo[3.3.1]nonane-3-carboxamide",,CN(C[C@@H]1NCc2ccccc21)C(=O)C1C[C@H]2CCC[C@@H](C1)C2,
49701,CCc1nc(CC(=O)N[C@H]2CCN(C(=O)[C@@]3(C)C[C@@H]4C[C@@H]4C3)CC2(C)C)cs1,"N-((4S)-3,3-dimethyl-1-(((1R,3s,5S)-3-methylbicyclo[3.1.0]hexan-3-yl)carbonyl)piperidin-4-yl)-2-(2-ethyl-1,3-thiazol-4-yl)acetamide",,CCc1nc(CC(=O)N[C@H]2CCN(C(=O)[C@]3(C)C[C@H]4C[C@H]4C3)CC2(C)C)cs1,
49741,C=C(Br)CC(=O)NC[C@H]1C[C@](F)(CNC(=O)[C@@H]2CCCN2CCC)C1,"3-bromo-N-(((1R,3s)-3-fluoro-3-(((2S)-1-propylpyrrolidine-2-carboxamido)methyl)cyclobutyl)methyl)but-3-enamide",,C=C(Br)CC(=O)NC[C@H]1C[C@](F)(CNC(=O)C2CCCN2CCC)C1,
49804,CC1(C)CCN(C(=O)[C@]2(C)C[C@@H](C#N)C2)C[C@@H]1NC(=O)CCc1nccs1,"N-((3R)-4,4-dimethyl-1-(((1r,3R)-1-methyl-3-(nitrilomethyl)cyclobutyl)carbonyl)piperidin-3-yl)-3-(1,3-thiazol-2-yl)propanamide",,CC1(C)CCN(C(=O)[C@]2(C)C[C@@H](C#N)C2)C[C@@H]1NC(=O)CCc1nccs1,
49853,CCCCC[C@H](CC)C(=O)N1C[C@H]2[C@H](CNC(=O)c3c[nH]c(C(=O)OC)c3)[C@H]2C1,"methyl 4-((((1R,5S,6S)-3-((2S)-2-ethyl-1-oxoheptyl)-3-azabicyclo[3.1.0]hexan-6-yl)methyl)carbamoyl)-1H-pyrrole-2-carboxylate",,CCCCCC(CC)C(=O)N1C[C@@H]2[C@@H](CNC(=O)c3c[nH]c(C(=O)OC)c3)[C@@H]2C1,
49858,COc1cncc(C(=O)N2C[C@H]3[C@H](N(C)C(=O)[C@@H]4C[C@H]4C(F)(F)F)[C@H]3C2)c1C,"(1R,2R)-N-((1R,5S,6s)-3-((5-methoxy-4-methylpyridin-3-yl)carbonyl)-3-azabicyclo[3.1.0]hexan-6-yl)-N-methyl-2-(trifluoromethyl)cyclopropanecarboxamide",,COc1cncc(C(=O)N2C[C@@H]3[C@H](C2)[C@H]3N(C)C(=O)C2C[C@H]2C(F)(F)F)c1C,
49881,CCCOCCCC(=O)N[C@H]1[C@@H]2CN(C(=O)c3cnn(C4CCCC4)c3C)C[C@@H]21,"N-((1R,5S,6s)-3-((1-cyclopentyl-5-methyl-1H-pyrazol-4-yl)carbonyl)-3-azabicyclo[3.1.0]hexan-6-yl)-4-propoxybutanamide",,CCCOCCCC(=O)N[C@H]1[C@@H]2CN(C(=O)c3cnn(C4CCCC4)c3C)C[C@@H]21,
49886,CO[C@@H](CCNC(=O)C#CC1CC1)C(=O)NC[C@@]1(CO)C[C@@H]2C[C@@H]2C1,"(2S)-4-(3-cyclopropylprop-2-ynamido)-N-(((1R,3r,5S)-3-(hydroxymethyl)bicyclo[3.1.0]hexan-3-yl)methyl)-2-methoxybutanamide",,COC(CCNC(=O)C#CC1CC1)C(=O)NC[C@]1(CO)C[C@H]2C[C@H]2C1,
49888,CCOc1ccc(C(=O)NC[C@H]2C[C@@](F)(CNC(=O)Cc3cscn3)C2)cc1,"4-ethoxy-N-(((1r,3r)-3-fluoro-3-((2-(1,3-thiazol-4-yl)acetamido)methyl)cyclobutyl)methyl)benzamide",,CCOc1ccc(C(=O)NC[C@H]2C[C@@](F)(CNC(=O)Cc3cscn3)C2)cc1,
49989,CC1=C(C(=O)NC[C@@H]2[C@H]3CN(C(=O)CC(C)C4=CC=CC(F)=C4)C[C@@H]23)C(Cl)=NO1,"3-chloro-N-(((1R,5S,6r)-3-(3-(3-fluorophenyl)-butyryl)-3-azabicyclo[3.1.0]hexan-6-yl)methyl)-5-methyl-1,2-oxazole-4-carboxamide",,Cc1onc(Cl)c1C(=O)NC[C@@H]1[C@H]2CN(C(=O)CC(C)c3cccc(F)c3)C[C@@H]12,
50002,CC[C@H](N[C@@H]1C[C@H](OC)[C@H](OC)C1)c1cccc(C#N)c1O,"3-((1S)-1-(((1r,3R,4S)-3,4-dimethoxycyclopentyl)amino)propyl)-2-hydroxybenzonitrile",,CC[C@H](N[C@@H]1C[C@H](OC)[C@H](OC)C1)c1cccc(C#N)c1O,
50035,CC(C)(C)C[C@H](F)C(=O)N[C@H]1[C@@H]2CN(C(=O)C(C)(C)c3ccccc3)C[C@@H]21,"(2S)-2-fluoro-4,4-dimethyl-N-((1R,5S,6s)-3-(2-methyl-1-oxo-2-phenylpropyl)-3-azabicyclo[3.1.0]hexan-6-yl)pentanamide",,CC(C)(C)CC(F)C(=O)N[C@H]1[C@@H]2CN(C(=O)C(C)(C)c3ccccc3)C[C@@H]21,
50048,C[C@]1(C(=O)N2[C@H]3CC[C@@H]2C[C@@H](CNC(=O)Cn2cccn2)C3)CCCCO1,"N-(((1R,3S,5S)-8-(((2R)-2-methyloxan-2-yl)carbonyl)-8-azabicyclo[3.2.1]octan-3-yl)methyl)-2-(1H-pyrazol-1-yl)acetamide",,C[C@]1(C(=O)N2[C@@H]3CC[C@H]2C[C@H](CNC(=O)Cn2cccn2)C3)CCCCO1,
50081,CN(CC1(F)CCCC1)S(=O)(=O)c1ccc(NC[C@H]2C[C@@H]3CCC[C@@H]3C2)c(F)c1,"2-fluoro-4-(((1-fluorocyclopentyl)methyl)(methyl)sulfamoyl)-N-(((2s,3aR,6aS)-octahydropentalen-2-yl)methyl)aniline",,CN(CC1(F)CCCC1)S(=O)(=O)c1ccc(NC[C@@H]2C[C@H]3CCC[C@H]3C2)c(F)c1,
50084,CC(C)[C@H](O)CC(=O)NC[C@]1(F)C[C@@H](NC(=O)[C@@H]2[C@H]3COC[C@H]32)C1,"(3R)-N-(((1s,3S)-1-fluoro-3-((1R,5S,6r)-3-oxabicyclo[3.1.0]hexane-6-carboxamido)cyclobutyl)methyl)-3-hydroxy-4-methylpentanamide",,CC(C)[C@H](O)CC(=O)NC[C@]1(F)C[C@@H](NC(=O)C2[C@H]3COC[C@@H]23)C1,
50085,c1ccc(-c2cnc(N[C@@H]3[C@@H]4CN(c5ccnc6ccnn56)C[C@@H]43)nc2)cc1,"(1R,5S,6r)-N-(5-phenylpyrimidin-2-yl)-3-(pyrazolo[1,5-a]pyrimidin-7-yl)-3-azabicyclo[3.1.0]hexan-6-amine",,c1ccc(-c2cnc(N[C@@H]3[C@@H]4CN(c5ccnc6ccnn56)C[C@@H]43)nc2)cc1,
50148,C[C@@H](C(=O)OC(C)(C)C)C(=O)N1[C@H]2CC[C@@H]1C[C@H](NC(=O)c1ccc(CO)o1)C2,"tert-butyl (2R)-2-(((1R,3R,5S)-3-(5-(hydroxymethyl)furan-2-carboxamido)-8-azabicyclo[3.2.1]octan-8-yl)carbonyl)propanoate",,CC(C(=O)OC(C)(C)C)C(=O)N1[C@@H]2CC[C@H]1C[C@@H](NC(=O)c1ccc(CO)o1)C2,
50254,Cc1cc(C)cc(OC[C@@H](C)NC(=O)N2CCc3nn(C)c(N)c3C2)c1,"3-amino-N-((2R)-1-((3,5-dimethylphenyl)oxy)propan-2-yl)-2-methyl-4,5,6,7-tetrahydro-1H-pyrazolo[4,3-c]pyridine-5-carboxamide",NC1N(NC2=C1CN(CC2)C(=O)N[C@@H](COC2=CC(=CC(=C2)C)C)C)C,Cc1cc(C)cc(OC[C@@H](C)NC(=O)N2CCc3nn(C)c(N)c3C2)c1,Cc1cc(C)cc(OC[C@@H](C)NC(=O)N2CCC3=C(C2)C(N)N(C)N3)c1
50292,CN(C)[C@H]1[C@@H]2CN(C(=O)[C@@]3(CNC(=O)COc4ccsn4)CCCO3)C[C@@H]21,"N-(((2S)-2-(((1R,5S,6R)-6-(dimethylamino)-3-azabicyclo[3.1.0]hexan-3-yl)carbonyl)oxolan-2-yl)methyl)-2-((1,2-thiazol-3-yl)oxy)acetamide",,CN(C)[C@H]1[C@@H]2CN(C(=O)[C@@]3(CNC(=O)COc4ccsn4)CCCO3)C[C@@H]21,
50385,CO[C@@H]1CN(C(=O)[C@@]2(C)C[C@@H]3C[C@@H]3C2)C[C@H]1NC(=O)c1cnc2ccnn2c1C,"N-((3R,4R)-4-methoxy-1-(((1R,3s,5S)-3-methylbicyclo[3.1.0]hexan-3-yl)carbonyl)pyrrolidin-3-yl)-7-methylpyrazolo[1,5-a]pyrimidine-6-carboxamide",,CO[C@@H]1CN(C(=O)[C@]2(C)C[C@H]3C[C@H]3C2)C[C@H]1NC(=O)c1cnc2ccnn2c1C,
50432,CC(C)C[C@@H](O)C(=O)N1C[C@@H]2[C@H](C1)[C@@H]2NC(=O)Cc1cccc(C(F)(F)F)c1,"N-((1R,5S,6R)-3-((2R)-2-hydroxy-4-methyl-pentanoyl)-3-azabicyclo[3.1.0]hexan-6-yl)-2-(3-(trifluoromethyl)phenyl)acetamide",,CC(C)CC(O)C(=O)N1C[C@@H]2[C@H](C1)[C@@H]2NC(=O)Cc1cccc(C(F)(F)F)c1,
50444,CCc1ocnc1C(=O)N[C@]1(C)C[C@H](NC(=O)c2cnccc2C(F)(F)F)C1,"5-ethyl-N-((1s,3s)-1-methyl-3-(4-(trifluoromethyl)pyridine-3-carboxamido)cyclobutyl)-1,3-oxazole-4-carboxamide",,CCc1ocnc1C(=O)N[C@]1(C)C[C@H](NC(=O)c2cnccc2C(F)(F)F)C1,
50525,CC[C@H]1CC[C@H](C(=O)NC[C@H]2C[C@](F)(CNC(=O)[C@@H]3CCOC3=O)C2)CC1,"(3S)-N-(((1s,3R)-1-fluoro-3-((trans-4-ethylcyclohexanecarboxamido)methyl)cyclobutyl)methyl)-2-oxooxolane-3-carboxamide",,CCC1CCC(C(=O)NC[C@H]2C[C@](F)(CNC(=O)C3CCOC3=O)C2)CC1,
50568,O=C(C=Cc1ccco1)NCCCCNC(=O)[C@H]1C[C@@H]2OC(=O)O[C@@H]2C1,"3-(furan-2-yl)-N-(4-((1R,5S,7s)-3-oxo-2,4-dioxabicyclo[3.3.0]octane-7-carboxamido)butyl)prop-2-enamide",,O=C(C=Cc1ccco1)NCCCCNC(=O)C1C[C@@H]2OC(=O)O[C@@H]2C1,
50614,CCN(CCNC(=O)[C@H]1C[C@@H]2C[C@@H]2C1)C(=O)CNS(=O)(=O)c1ccc(F)c(Cl)c1,"(1R,3s,5S)-N-(2-(N-ethyl-2-(3-chloro-4-fluorophenylsulfonylamino)acetamido)ethyl)bicyclo[3.1.0]hexane-3-carboxamide",,CCN(CCNC(=O)C1C[C@@H]2C[C@@H]2C1)C(=O)CNS(=O)(=O)c1ccc(F)c(Cl)c1,
50747,C[C@H]1[C@@H](C)[C@@H]1C(=O)NCCN(C)C(=O)COc1ccc(C(N)=O)cc1,"4-((2-((2-((1r,2R,3S)-2,3-dimethylcyclopropanecarboxamido)ethyl)(methyl)amino)-2-oxoethyl)oxy)benzamide",,C[C@@H]1C(C(=O)NCCN(C)C(=O)COc2ccc(C(N)=O)cc2)[C@@H]1C,
50749,CC(C)OCC(=O)N1C[C@H]2[C@H](NC(=O)[C@@H](CC(F)(F)F)c3ccccc3)[C@H]2C1,"(2S)-4,4,4-trifluoro-N-((1R,5S,6s)-3-(2-isopropoxy-acetyl)-3-azabicyclo[3.1.0]hexan-6-yl)-2-phenylbutanamide",,CC(C)OCC(=O)N1C[C@@H]2[C@H](C1)[C@H]2NC(=O)C(CC(F)(F)F)c1ccccc1,
50759,O=C(CCCCCF)NCC1(OCCNC(=O)C[C@@H]2C[C@H]3C[C@H]3C2)CCOCC1,"N-((4-((2-(2-((1R,3s,5S)-bicyclo[3.1.0]hexan-3-yl)acetamido)ethyl)oxy)oxan-4-yl)methyl)-6-fluorohexanamide",,O=C(CCCCCF)NCC1(OCCNC(=O)C[C@H]2C[C@@H]3C[C@@H]3C2)CCOCC1,
50768,CN(C)C1CCN(C(=O)[C@@H]2C[C@@H]3CN(C(=O)c4cn(C)c(=O)n4C)C[C@@H]3C2)CC1,"4-(((1R,5S,7r)-7-((4-(dimethylamino)piperidin-1-yl)carbonyl)-3-azabicyclo[3.3.0]octan-3-yl)carbonyl)-1,3-dimethyl-1H,3H-imidazol-2-one",,CN(C)C1CCN(C(=O)C2C[C@@H]3CN(C(=O)c4cn(C)c(=O)n4C)C[C@@H]3C2)CC1,
50788,CCCCCCC(=O)N1C[C@@H](C)[C@H](CNC(=O)[C@@]2(C#N)C[C@@H]3C[C@@H]3C2)C1,"(1R,3s,5S)-3-cyano-N-(((3R,4S)-4-methyl-1-(1-oxoheptyl)pyrrolidin-3-yl)methyl)bicyclo[3.1.0]hexane-3-carboxamide",,CCCCCCC(=O)N1C[C@@H](CNC(=O)[C@]2(C#N)C[C@H]3C[C@H]3C2)[C@H](C)C1,
50834,CCN1C[C@H](C(=O)N2C[C@H]3C[C@H](NC(=O)[C@@H]4CCC[C@@H]5C[C@@H]54)C[C@H]3C2)CCC1=O,"(1S,2R,6R)-N-((1R,5S,7S)-3-(((3R)-1-ethyl-6-oxopiperidin-3-yl)carbonyl)-3-azabicyclo[3.3.0]octan-7-yl)bicyclo[4.1.0]heptane-2-carboxamide",,CCN1CC(C(=O)N2C[C@H]3C[C@H](NC(=O)C4CCC[C@@H]5C[C@H]45)C[C@H]3C2)CCC1=O,
50868,CC(C)c1conc1C(=O)NC[C@H]1[C@@H]2CN(C(=O)c3ccccn3)C[C@H]12,"4-(propan-2-yl)-N-(((1R,5S,6r)-3-((pyridin-2-yl)carbonyl)-3-azabicyclo[3.1.0]hexan-6-yl)methyl)-1,2-oxazole-3-carboxamide",,CC(C)c1conc1C(=O)NC[C@@H]1[C@H]2CN(C(=O)c3ccccn3)C[C@@H]12,
50880,CC(=O)N(C)[C@@H](C)C(=O)N[C@H]1C=C[C@@H](C(=O)N2C[C@H]3[C@H](C)[C@H]3C2)C1,"(2S)-N-((1R,4S)-4-(((1R,5S,6R)-6-methyl-3-azabicyclo[3.1.0]hexan-3-yl)carbonyl)cyclopent-2-en-1-yl)-2-(N-methylacetamido)propanamide",,CC(=O)N(C)C(C)C(=O)N[C@H]1C=CC(C(=O)N2C[C@@H]3[C@@H](C)[C@@H]3C2)C1,
50928,CSc1ccc(N)cc1C(=O)N[C@]1(C)C[C@@H](NC(=O)[C@@H]2CC[C@@H]2c2nc[nH]n2)C1,"5-amino-N-((1R,3r)-1-methyl-3-((1R,2S)-2-(1H-1,2,4-triazol-3-yl)cyclobutanecarboxamido)cyclobutyl)-2-(methylsulfanyl)benzamide",,CSc1ccc(N)cc1C(=O)N[C@]1(C)C[C@@H](NC(=O)C2CC[C@@H]2c2nc[nH]n2)C1,
50971,C1CC(NC(=NC[C@H]2[C@@H]3COC[C@H]23)NC2CCC2)C1,"N,N'-dicyclobutyl-1-((((1R,5S,6s)-3-oxabicyclo[3.1.0]hexan-6-yl)methyl)imino)methanediamine",,C1CC(N=C(NC[C@@H]2[C@H]3COC[C@@H]23)NC2CCC2)C1,
51035,C#CCn1cnnc1C(=O)N[C@]1(C(=O)N[C@@H](C)c2c(C)noc2C)C[C@H](O)C1,"N-((1s,3R)-1-(((1S)-1-(3,5-dimethyl-1,2-oxazol-4-yl)ethyl)carbamoyl)-3-hydroxycyclobutyl)-4-(prop-2-yn-1-yl)-4H-1,2,4-triazole-3-carboxamide",,C#CCn1cnnc1C(=O)N[C@]1(C(=O)N[C@@H](C)c2c(C)noc2C)C[C@H](O)C1,
51044,CNc1scnc1C(=O)NCC(C)(C)OCC(=O)N(C)[C@H]1C[C@@H]2C[C@@H]2C1,"N-(2-((2-(((1R,3s,5S)-bicyclo[3.1.0]hexan-3-yl)(methyl)amino)-2-oxoethyl)oxy)-2-methylpropyl)-5-(methylamino)-1,3-thiazole-4-carboxamide",,CNc1scnc1C(=O)NCC(C)(C)OCC(=O)N(C)[C@@H]1C[C@H]2C[C@H]2C1,
51055,COC(=O)N[C@H]1[C@@H]2CN(C(=O)C3(c4ccno4)CCOCC3)C[C@@H]21,"methyl (((1R,5S,6s)-3-((4-(1,2-oxazol-5-yl)oxan-4-yl)carbonyl)-3-azabicyclo[3.1.0]hexan-6-yl)amino)formate",,COC(=O)N[C@H]1[C@@H]2CN(C(=O)C3(c4ccno4)CCOCC3)C[C@@H]21,
51066,Cc1coc(C)c1C(=O)NC[C@H]1[C@@H]2CN(C(=O)[C@@]3(C4CC4)CCCO3)C[C@H]12,"N-(((1R,5S,6S)-3-(((2S)-2-cyclopropyloxolan-2-yl)carbonyl)-3-azabicyclo[3.1.0]hexan-6-yl)methyl)-2,4-dimethylfuran-3-carboxamide",,Cc1coc(C)c1C(=O)NC[C@@H]1[C@H]2CN(C(=O)[C@@]3(C4CC4)CCCO3)C[C@@H]12,
51222,CN1CC(CCN(C)C(=O)C2=CC[C@H]3CC[C@H]2N3C(=O)[C@@H]2[C@H]3[C@@H]4CC[C@@H](C4)[C@H]32)C1,"(1R,5R)-N-methyl-N-(2-(1-methylazetidin-3-yl)ethyl)-8-(((1R,2S,3r,4R,5S)-tricyclo[3.2.1.0^{2,4}]octan-3-yl)carbonyl)-8-azabicyclo[3.2.1]oct-2-ene-2-carboxamide",,CN1CC(CCN(C)C(=O)C2=CC[C@H]3CC[C@H]2N3C(=O)C2[C@@H]3[C@H]4CC[C@H](C4)[C@H]23)C1,
51225,C=C[C@@H]1CC[C@H]1C(=O)NC[C@H]1C[C@@](F)(CNC(=O)[C@@H]2[C@H]3COC[C@H]32)C1,"(1R,5S,6r)-N-(((1R,3r)-3-(((1R,2S)-2-ethenylcyclobutanecarboxamido)methyl)-1-fluorocyclobutyl)methyl)-3-oxabicyclo[3.1.0]hexane-6-carboxamide",,C=C[C@@H]1CCC1C(=O)NC[C@H]1C[C@@](F)(CNC(=O)C2[C@H]3COC[C@@H]23)C1,
51271,C/C=C/C[C@H](C)C(=O)NC1(CCNC(=O)[C@H]2C[C@H](OC)[C@H](OC)C2)CC1,"(2S,4E)-N-(1-(2-((1s,3R,4S)-3,4-dimethoxycyclopentanecarboxamido)ethyl)cyclopropyl)-2-methylhex-4-enamide",,C/C=C/CC(C)C(=O)NC1(CCNC(=O)C2C[C@H](OC)[C@H](OC)C2)CC1,
51277,Cc1ncnc(O)c1C(=O)N1C[C@@H](C)C[C@]2(C1)OC(=O)Nc1ccc(Cl)c(F)c12,"(2S)-9-chloro-10-fluorospiro[3-oxa-5-azabicyclo[4.4.0]deca-1(6),7,9-triene-2,3'-(1-(4-hydroxy-6-methylpyrimidin-5-yl)-1-((3S,5S)-5-methyl-1-azacyclohexan-1-yl)methanone)]-4-one",,Cc1[nH]cnc(=O)c1C(=O)N1C[C@@H](C)C[C@]2(C1)OC(=O)Nc1ccc(Cl)c(F)c12,
51319,Cn1nnc2c1[C@@H](C(=O)NC[C@H]1CCC[C@@H]1NC(=O)C(C)(C)C)CCC2,"(4S)-N-(((1R,2S)-2-(2,2-dimethylpropanamido)cyclopentyl)methyl)-3-methyl-4,5,6,7-tetrahydro-1H-benzotriazole-4-carboxamide",CC(C(=O)N[C@@H]1[C@H](CCC1)CNC(=O)[C@H]1CCCC=2NNN(C21)C)(C)C,Cn1nnc2c1C(C(=O)NC[C@H]1CCC[C@@H]1NC(=O)C(C)(C)C)CCC2,CN1NNC2=C1C(C(=O)NC[C@H]1CCC[C@@H]1NC(=O)C(C)(C)C)CCC2
51385,CCCC[C@@H](CNC(=O)[C@@H]1C[C@H](C)O[C@H](C)C1)NC(=O)c1csc(Br)c1,"(2R,4r,6S)-N-((2S)-2-(5-bromothiophene-3-carboxamido)hexyl)-2,6-dimethyloxane-4-carboxamide",,CCCC[C@@H](CNC(=O)C1C[C@@H](C)O[C@@H](C)C1)NC(=O)c1csc(Br)c1,
51403,C=CC[C@H](CC(C)C)C(=O)N1CCN(C(=O)[C@@H]2[C@H]3CCC[C@H]32)C[C@H]1CCO,"(2S)-1-((2R)-4-(((1R,5S,6r)-bicyclo[3.1.0]hexan-6-yl)carbonyl)-2-(2-hydroxyethyl)piperazin-1-yl)-2-(2-methylpropyl)pent-4-en-1-one",,C=CCC(CC(C)C)C(=O)N1CCN(C(=O)C2[C@H]3CCC[C@@H]23)C[C@H]1CCO,
51406,C[C@@H](C(=O)N[C@H]1C[C@H]2COC[C@@H](C1)N2C(=O)C(C)(C)CCC#N)c1ccn(C)n1,"(2R)-N-((1R,5S,7s)-9-(2,2-dimethyl-5-nitrilo-pentanoyl)-3-oxa-9-azabicyclo[3.3.1]nonan-7-yl)-2-(1-methyl-1H-pyrazol-3-yl)propanamide",,CC(C(=O)N[C@H]1C[C@H]2COC[C@@H](C1)N2C(=O)C(C)(C)CCC#N)c1ccn(C)n1,
51563,CO[C@]1(C(F)(F)F)C[C@H](CN=c2[nH]c(C)cc(=NCc3cncc(C)c3)[nH]2)C1,"N-(((1s,3s)-3-methoxy-3-(trifluoromethyl)cyclobutyl)methyl)-6-methyl-N'-((5-methylpyridin-3-yl)methyl)-1H,3H-pyrimidine-2,4-diimine",,CO[C@]1(C(F)(F)F)C[C@H](CNc2nc(C)cc(NCc3cncc(C)c3)n2)C1,
51568,C[C@]1(NC(=O)[C@H](CO)NC(=O)C(F)(F)F)C[C@H](NC(=O)c2cn(CCO)nn2)C1,"(2S)-3-hydroxy-N-((1r,3S)-3-(1-(2-hydroxyethyl)-1H-1,2,3-triazole-4-carboxamido)-1-methylcyclobutyl)-2-(2,2,2-trifluoroacetamido)propanamide",,C[C@]1(NC(=O)C(CO)NC(=O)C(F)(F)F)C[C@H](NC(=O)c2cn(CCO)nn2)C1,
51646,Cc1cc(F)c(C(=O)N2C[C@@H](NC(=O)[C@H]3C[C@@](C)(O)C3)CC[C@@H]2C)cc1Br,"(1s,3R)-N-((3S,6S)-1-((5-bromo-2-fluoro-4-methylphenyl)carbonyl)-6-methylpiperidin-3-yl)-3-hydroxy-3-methylcyclobutanecarboxamide",,Cc1cc(F)c(C(=O)N2C[C@@H](NC(=O)C3CC(C)(O)C3)CC[C@@H]2C)cc1Br,
51659,CSCC1(CC(=O)N2C[C@H]3[C@@H](C2)[C@@H]3C(=O)N2CC[C@H](OC(C)=O)C2)CC1,"(3S)-1-(((1R,5S,6r)-3-(2-(1-((methylsulfanyl)methyl)cyclopropyl)-acetyl)-3-azabicyclo[3.1.0]hexan-6-yl)carbonyl)pyrrolidin-3-yl acetate",,CSCC1(CC(=O)N2C[C@@H]3C(C(=O)N4CC[C@H](OC(C)=O)C4)[C@@H]3C2)CC1,
51699,CCCCCCCC(=O)N1CC(CNC(=O)[C@H]2C[C@](C)(F)C2)C1,"(1r,3r)-3-fluoro-3-methyl-N-((1-(1-oxooctyl)azetidin-3-yl)methyl)cyclobutanecarboxamide",,CCCCCCCC(=O)N1CC(CNC(=O)C2CC(C)(F)C2)C1,
51714,O=C(N[C@H]1[C@@H]2CN(C(=O)CN3Cc4ccccc4C3)C[C@@H]21)[C@@H]1CCCN1C1CC1,"(2S)-1-cyclopropyl-N-((1R,5S,6s)-3-(2-(2,3-dihydro-1H-isoindol-2-yl)-acetyl)-3-azabicyclo[3.1.0]hexan-6-yl)pyrrolidine-2-carboxamide",,O=C(N[C@H]1[C@@H]2CN(C(=O)CN3Cc4ccccc4C3)C[C@@H]21)C1CCCN1C1CC1,
51758,C[C@]1(NC(=O)c2cccc3c2CCO3)C[C@H](NC(=O)CC2CCC2)C1,"N-((1r,3r)-3-(2-cyclobutylacetamido)-1-methylcyclobutyl)-2,3-dihydro-1-benzofuran-4-carboxamide",,C[C@]1(NC(=O)c2cccc3c2CCO3)C[C@H](NC(=O)CC2CCC2)C1,
51777,CCO[C@@H](C)C(=O)NC[C@]1(F)C[C@H](CNC(=O)c2cc(Cl)ncc2O)C1,"(2S)-N-(((1r,3S)-3-((2-chloro-5-hydroxypyridine-4-carboxamido)methyl)-1-fluorocyclobutyl)methyl)-2-ethoxypropanamide",,CCOC(C)C(=O)NC[C@]1(F)C[C@H](CNC(=O)c2cc(Cl)ncc2O)C1,
51789,O=C(N[C@H]1CN(C(=O)CCn2ccnn2)CC12CC2)[C@@H]1[C@H]2CCC[C@H]21,"(1R,5S,6r)-N-((7R)-5-(1-oxo-3-(1H-1,2,3-triazol-1-yl)propyl)-5-azaspiro[2.4]heptan-7-yl)bicyclo[3.1.0]hexane-6-carboxamide",,O=C(N[C@H]1CN(C(=O)CCn2ccnn2)CC12CC2)C1[C@H]2CCC[C@@H]12,
51802,NC(=O)c1ccc2c(c1)C1(CCN(C(=O)c3ccc(Cl)c(F)c3)CC1)C(=O)N2,"2-oxospiro[indoline-3,4'-(1-(1-azacyclohexan-1-yl)-1-(4-chloro-3-fluorophenyl)methanone)]-5-carboxamide",,NC(=O)c1ccc2c(c1)C1(CCN(C(=O)c3ccc(Cl)c(F)c3)CC1)C(=O)N2,
51826,CCc1cc(OC)cc(OC)c1C(=O)N[C@H]1C[C@](C)(NC(=O)CCCC(C)C)C1,"2-ethyl-4,6-dimethoxy-N-((1r,3r)-3-methyl-3-(5-methylhexanamido)cyclobutyl)benzamide",,CCc1cc(OC)cc(OC)c1C(=O)N[C@H]1C[C@](C)(NC(=O)CCCC(C)C)C1,
51904,CCC(=O)N1CC[C@H](C(=O)N[C@@H]2[C@H]3C[C@H](NC(=O)[C@@H](CC)NC(N)=O)C[C@H]32)C1,"(3S)-N-((1R,3R,5S,6R)-3-((2R)-2-(carbamoylamino)butanamido)bicyclo[3.1.0]hexan-6-yl)-1-(propionyl)pyrrolidine-3-carboxamide",,CCC(=O)N1CCC(C(=O)N[C@H]2[C@@H]3C[C@@H](NC(=O)C(CC)NC(N)=O)C[C@@H]32)C1,
51914,Cc1ocnc1C(=O)N1[C@H]2CC[C@@H]1C[C@@H](NC(=O)c1cc(F)cc(F)c1F)C2,"2,3,5-trifluoro-N-((1R,3s,5S)-8-((5-methyl-1,3-oxazol-4-yl)carbonyl)-8-azabicyclo[3.2.1]octan-3-yl)benzamide",,Cc1ocnc1C(=O)N1[C@@H]2CC[C@H]1C[C@H](NC(=O)c1cc(F)cc(F)c1F)C2,
51933,CC[C@H](C(=O)NC[C@@H]1CN(C(=O)c2cc3c([nH]2)CCCC3=O)C(C)(C)C1)N(C)C,"(2R)-N-(((3R)-5,5-dimethyl-1-((2-oxo-7-azabicyclo[4.3.0]nona-1(6),8-dien-8-yl)carbonyl)pyrrolidin-3-yl)methyl)-2-(dimethylamino)butanamide",CC1(C[C@@H](CN1C(=O)C=1NC=2CCCC(C2C1)=O)CNC([C@@H](CC)N(C)C)=O)C,CCC(C(=O)NC[C@@H]1CN(C(=O)c2cc3c([nH]2)CCCC3=O)C(C)(C)C1)N(C)C,CCC(C(=O)NC[C@@H]1CN(C(O)c2cc3c(O)cccc3[nH]2)C(C)(C)C1)N(C)C
51960,COc1ccccc1C(=O)N1C[C@H]2[C@@H](C1)[C@@H]2C(=O)NC1(c2ccncc2)CC1,"(1R,5S,6r)-3-((2-methoxyphenyl)carbonyl)-N-(1-(pyridin-4-yl)cyclopropyl)-3-azabicyclo[3.1.0]hexane-6-carboxamide",,COc1ccccc1C(=O)N1C[C@@H]2C(C(=O)NC3(c4ccncc4)CC3)[C@@H]2C1,
52020,Nc1cccc(C(=O)N2C[C@H]3[C@H](CNC(=O)c4ccc(CO)o4)[C@H]3C2)c1C(F)F,"N-(((1R,5S,6r)-3-((3-amino-2-(difluoromethyl)phenyl)carbonyl)-3-azabicyclo[3.1.0]hexan-6-yl)methyl)-5-(hydroxymethyl)furan-2-carboxamide",,Nc1cccc(C(=O)N2C[C@@H]3[C@@H](CNC(=O)c4ccc(CO)o4)[C@@H]3C2)c1C(F)F,
52114,C[C@@H](Cn1cccn1)C(=O)N[C@H]1C[C@](F)(CNC(=O)c2cccc3c2NCC3)C1,"(2S)-N-((1s,3R)-3-fluoro-3-((indoline-7-carboxamido)methyl)cyclobutyl)-2-methyl-3-(1H-pyrazol-1-yl)propanamide",,CC(Cn1cccn1)C(=O)N[C@H]1C[C@](F)(CNC(=O)c2cccc3c2NCC3)C1,
52118,Cc1c(Cl)c(C(=O)N[C@]2(C)C[C@H](NC(=O)c3ccc(OCCO)cc3)C2)nn1C,"4-chloro-N-((1s,3s)-3-(4-(2-hydroxyethoxy)benzamido)-1-methylcyclobutyl)-1,5-dimethyl-1H-pyrazole-3-carboxamide",,Cc1c(Cl)c(C(=O)N[C@]2(C)C[C@H](NC(=O)c3ccc(OCCO)cc3)C2)nn1C,
52155,O=C(CC1CC(CF)C1)N[C@H]1[C@@H]2CN(C(=O)CCc3ccc(Cl)c(Cl)c3)C[C@@H]21,"N-((1R,5S,6s)-3-(3-(3,4-dichlorophenyl)-propionyl)-3-azabicyclo[3.1.0]hexan-6-yl)-2-(3-(fluoromethyl)cyclobutyl)acetamide",,O=C(CC1CC(CF)C1)N[C@H]1[C@@H]2CN(C(=O)CCc3ccc(Cl)c(Cl)c3)C[C@@H]21,
52221,CNC(=O)[C@H](C)CN(C)C(=O)[C@H]1N(C(=O)[C@@H]2C[C@@H]3CC[C@@H]3C2)CCCC1(C)C,"(2R)-2,N-dimethyl-3-(N-methyl(2S)-1-(((1R,3r,5S)-bicyclo[3.2.0]heptan-3-yl)carbonyl)-3,3-dimethylpiperidine-2-carboxamido)propanamide",,CNC(=O)C(C)CN(C)C(=O)C1N(C(=O)C2C[C@H]3CC[C@H]3C2)CCCC1(C)C,
52269,C=CCn1cccc1C(=O)N1C[C@H]2C[C@H](NC(=O)c3sc(C)c(C)c3C)C[C@H]2C1,"3,4,5-trimethyl-N-((1R,5S,7s)-3-((1-(prop-2-en-1-yl)-1H-pyrrol-2-yl)carbonyl)-3-azabicyclo[3.3.0]octan-7-yl)thiophene-2-carboxamide",,C=CCn1cccc1C(=O)N1C[C@H]2C[C@H](NC(=O)c3sc(C)c(C)c3C)C[C@H]2C1,
52334,O=C(NC[C@]1(O)C[C@@H](O)C1)[C@H]1CCN(C(=O)c2n[nH]cc2Cl)CCO1,"(7R)-4-((4-chloro-1H-pyrazol-3-yl)carbonyl)-N-(((1s,3S)-1,3-dihydroxycyclobutyl)methyl)-1,4-oxazepane-7-carboxamide",,O=C(NC[C@]1(O)C[C@@H](O)C1)C1CCN(C(=O)c2[nH]ncc2Cl)CCO1,
52352,COCCC(=O)N1C[C@H]2[C@H](NC(=O)C3(n4cccn4)CCCC3)[C@H]2C1,"N-((1R,5S,6s)-3-(3-methoxy-propionyl)-3-azabicyclo[3.1.0]hexan-6-yl)-1-(1H-pyrazol-1-yl)cyclopentanecarboxamide",,COCCC(=O)N1C[C@@H]2[C@H](C1)[C@H]2NC(=O)C1(n2cccn2)CCCC1,
52370,CCN(Cc1ccoc1)C(=O)C[C@H]1[C@@H]2CN(C(=O)CC3(C)CCC3)C[C@H]12,"N-ethyl-N-((furan-3-yl)methyl)-2-((1R,5S,6s)-3-(2-(1-methylcyclobutyl)-acetyl)-3-azabicyclo[3.1.0]hexan-6-yl)acetamide",,CCN(Cc1ccoc1)C(=O)C[C@@H]1[C@H]2CN(C(=O)CC3(C)CCC3)C[C@@H]12,
52427,CO[C@@](C)(CO)C(=O)N1C[C@H]2[C@H](NC(=O)c3ccc(Br)cn3)[C@H]2C1,"5-bromo-N-((1R,5S,6R)-3-((2S)-3-hydroxy-2-methoxy-2-methyl-propionyl)-3-azabicyclo[3.1.0]hexan-6-yl)pyridine-2-carboxamide",,CO[C@@](C)(CO)C(=O)N1C[C@@H]2[C@H](C1)[C@H]2NC(=O)c1ccc(Br)cn1,
52433,CN(C[C@@]1(C)C[C@@H]2C[C@@H]2C1)C(=O)Cn1cc(-c2ccccc2)nn1,"N-methyl-N-(((1R,3s,5S)-3-methylbicyclo[3.1.0]hexan-3-yl)methyl)-2-(4-phenyl-1H-1,2,3-triazol-1-yl)acetamide",,CN(C[C@]1(C)C[C@H]2C[C@H]2C1)C(=O)Cn1cc(-c2ccccc2)nn1,
52454,Cc1cccc(C(=O)NC[C@]2(F)C[C@@H](CNC(=O)c3ccc(CN(C)C)o3)C2)n1,"N-(((1s,3s)-3-((5-((dimethylamino)methyl)furan-2-carboxamido)methyl)-1-fluorocyclobutyl)methyl)-6-methylpyridine-2-carboxamide",,Cc1cccc(C(=O)NC[C@]2(F)C[C@@H](CNC(=O)c3ccc(CN(C)C)o3)C2)n1,
52460,O=C(N[C@H]1C[C@@H]2CC[C@H](C1)N2C(=O)c1ccncc1)[C@H]1CCCc2c[nH]nc21,"(7S)-N-((1R,3s,5S)-8-((pyridin-4-yl)carbonyl)-8-azabicyclo[3.2.1]octan-3-yl)-4,5,6,7-tetrahydro-2H-indazole-7-carboxamide",,O=C(N[C@@H]1C[C@H]2CC[C@@H](C1)N2C(=O)c1ccncc1)C1CCCc2c[nH]nc21,
52526,CC(=O)OC[C@H](C)C(=O)N1C[C@H]2C[C@@H](C(=O)N3CC(F)(CO)C3)C[C@H]2C1,"(2S)-2-(((1R,5S,7S)-7-((3-fluoro-3-(hydroxymethyl)azetidin-1-yl)carbonyl)-3-azabicyclo[3.3.0]octan-3-yl)carbonyl)propyl acetate",,CC(=O)OCC(C)C(=O)N1C[C@H]2CC(C(=O)N3CC(F)(CO)C3)C[C@H]2C1,
52533,Cc1nc2cc(C(=O)N3C[C@H](C)[C@@H](NC(=O)C(N)=O)[C@H](C)C3)ccc2s1,"N-((3R,4r,5S)-3,5-dimethyl-1-((2-methyl-1,3-benzothiazol-5-yl)carbonyl)piperidin-4-yl)ethanediamide",,Cc1nc2cc(C(=O)N3C[C@@H](C)[C@H](NC(=O)C(N)=O)[C@@H](C)C3)ccc2s1,
52575,C=CC(F)(F)C(=O)NC[C@@]1(CNC(=O)c2nc(C)c(C)s2)C[C@@H]2CCC[C@@H]2C1,"N-(((2r,3aR,6aS)-2-((4,5-dimethyl-1,3-thiazole-2-carboxamido)methyl)octahydropentalen-2-yl)methyl)-2,2-difluorobut-3-enamide",,C=CC(F)(F)C(=O)NC[C@]1(CNC(=O)c2nc(C)c(C)s2)C[C@H]2CCC[C@H]2C1,
52582,C[C@H]1CC(=O)N[C@@H]1C(=O)N[C@H]1C[C@](C)(NC(=O)C2=COCC2)C1,"(2S,3S)-N-((1r,3S)-3-(4,5-dihydrofuran-3-carboxamido)-3-methylcyclobutyl)-3-methyl-5-oxopyrrolidine-2-carboxamide",,C[C@H]1CC(=O)NC1C(=O)N[C@H]1C[C@](C)(NC(=O)C2=COCC2)C1,
52599,O=C(NC[C@]1(F)C[C@@H](NC(=O)c2cnc(C3CCC3)nc2O)C1)c1ccsn1,"N-(((1s,3s)-3-(2-cyclobutyl-4-hydroxypyrimidine-5-carboxamido)-1-fluorocyclobutyl)methyl)-1,2-thiazole-3-carboxamide",,O=C(NC[C@]1(F)C[C@@H](NC(=O)c2c[nH]c(C3CCC3)nc2=O)C1)c1ccsn1,
52686,C[C@@H](C(=O)N[C@@H]1C[C@@H]2CC[C@H](C1)N2C(=O)[C@@H](O)C(F)(F)F)C1CCC1,"(2R)-2-cyclobutyl-N-((1R,3R,5S)-8-((2R)-3,3,3-trifluoro-2-hydroxy-propionyl)-8-azabicyclo[3.2.1]octan-3-yl)propanamide",,CC(C(=O)N[C@H]1C[C@H]2CC[C@@H](C1)N2C(=O)C(O)C(F)(F)F)C1CCC1,
52693,CC1(C)C(CC(=O)N[C@]2(C(=O)NC[C@]3(C)CCCO3)C[C@H](O)C2)C1(C)C,"N-((1s,3R)-3-hydroxy-1-((((2S)-2-methyloxolan-2-yl)methyl)carbamoyl)cyclobutyl)-2-(2,2,3,3-tetramethylcyclopropyl)acetamide",,CC1(C)C(CC(=O)N[C@]2(C(=O)NC[C@]3(C)CCCO3)C[C@H](O)C2)C1(C)C,
52698,CCCc1ccccc1C(=O)N[C@H]1CCCC[C@H]1NC(=O)[C@@H]1[C@@H](C)[C@H]1C,"N-((1S,2R)-2-((1r,2R,3S)-2,3-dimethylcyclopropanecarboxamido)cyclohexyl)-2-propylbenzamide",,CCCc1ccccc1C(=O)N[C@H]1CCCC[C@H]1NC(=O)C1[C@@H](C)[C@H]1C,
52739,O=C(/C=C/CN1CCCCC1)N1C[C@H]2C[C@H](NC(=O)C3(C(F)(F)F)CC3)C[C@H]2C1,"N-((1R,5S,7s)-3-((2E)-1-oxo-4-(piperidin-1-yl)but-2-en-1-yl)-3-azabicyclo[3.3.0]octan-7-yl)-1-(trifluoromethyl)cyclopropanecarboxamide",,O=C(/C=C/CN1CCCCC1)N1C[C@H]2C[C@H](NC(=O)C3(C(F)(F)F)CC3)C[C@H]2C1,
52792,CCC(C)(C)[C@H](O)C(=O)N[C@]1(C(=O)Nc2ccc(O)nc2)C[C@H](O)C1,"(2S)-2-hydroxy-N-((1s,3R)-3-hydroxy-1-((6-hydroxypyridin-3-yl)carbamoyl)cyclobutyl)-3,3-dimethylpentanamide",,CCC(C)(C)C(O)C(=O)N[C@]1(C(=O)Nc2ccc(=O)[nH]c2)C[C@H](O)C1,
52850,CC(C)n1ncc(Br)c1C(=O)N[C@H](C)CCCNC(=O)[C@H]1C[C@@H]2C[C@@H]2C1,"N-((2R)-5-((1R,3s,5S)-bicyclo[3.1.0]hexane-3-carboxamido)pentan-2-yl)-4-bromo-1-(propan-2-yl)-1H-pyrazole-5-carboxamide",,CC(C)n1ncc(Br)c1C(=O)N[C@H](C)CCCNC(=O)C1C[C@@H]2C[C@@H]2C1,
52876,CCC(CC)(CNC(=O)c1c[nH]c2nccc-2c1)C(=O)N[C@H]1C[C@@H]2CCC[C@@H]2C1,"N-(2-ethyl-2-(((2s,3aR,6aS)-octahydropentalen-2-yl)carbamoyl)butyl)-7H-pyrrolo[2,3-b]pyridine-5-carboxamide",,CCC(CC)(CNC(=O)c1cnc2[nH]ccc2c1)C(=O)N[C@@H]1C[C@H]2CCC[C@H]2C1,
52877,NC(=O)CCC1CC(N=c2nc(N3C[C@H]4[C@@H](C3)[C@@H]4C(N)=O)c3c([nH]2)CCC3)C1,"3-(3-((5-((1R,5S,6r)-6-carbamoyl-3-azabicyclo[3.1.0]hexan-3-yl)-2,4-diazabicyclo[4.3.0]nona-1(6),4-dien-3-ylidene)amino)cyclobutyl)propanamide",,NC(=O)CCC1CC(Nc2nc3c(c(N4C[C@@H]5C(C(N)=O)[C@@H]5C4)n2)CCC3)C1,
52920,CC(C)OCC(C)(C)C(=O)N1[C@H]2CC[C@@H]1C[C@@H](NC(=O)[C@H]1CCCCS1)C2,"(2R)-N-((1R,3s,5S)-8-(3-isopropoxy-2,2-dimethyl-propionyl)-8-azabicyclo[3.2.1]octan-3-yl)thiane-2-carboxamide",,CC(C)OCC(C)(C)C(=O)N1[C@@H]2CC[C@H]1C[C@H](NC(=O)C1CCCCS1)C2,
52949,C#CCN(C(=O)[C@H]1C[C@](F)(CO)C1)C1CCN(C(=O)c2cc(OC)nn2C)CC1,"(1s,3s)-3-fluoro-3-(hydroxymethyl)-N-(1-((3-methoxy-1-methyl-1H-pyrazol-5-yl)carbonyl)piperidin-4-yl)-N-(prop-2-yn-1-yl)cyclobutanecarboxamide",,C#CCN(C(=O)C1CC(F)(CO)C1)C1CCN(C(=O)c2cc(OC)nn2C)CC1,
53037,COC[C@H]1CCN(C(=O)[C@@H]2CN(C(=O)[C@]3(C)C[C@@H]4C[C@@H]4C3)C[C@H]2F)C1,"1-((3S,4S)-4-fluoro-1-(((1R,3r,5S)-3-methylbicyclo[3.1.0]hexan-3-yl)carbonyl)pyrrolidin-3-yl)-1-((3S)-3-(methoxymethyl)pyrrolidin-1-yl)methanone",,COC[C@H]1CCN(C(=O)C2CN(C(=O)[C@@]3(C)C[C@H]4C[C@H]4C3)C[C@H]2F)C1,
53049,CC1(C)C(C)(C)C1(C)C(=O)N1C[C@@H](C(=O)N2CCC[C@]3(C2)C[C@H](O)C3)C2(CC2)C1,"1-(2-hydroxy-6-azaspiro[3.5]nonan-6-yl)-1-((7S)-5-((1,2,2,3,3-pentamethylcyclopropyl)carbonyl)-5-azaspiro[2.4]heptan-7-yl)methanone",OC1CC2(C1)CN(CCC2)C(=O)[C@@H]2CN(CC21CC1)C(=O)C1(C(C1(C)C)(C)C)C,CC1(C)C(C)(C)C1(C)C(=O)N1CC(C(=O)N2CCC[C@]3(C2)C[C@H](O)C3)C2(CC2)C1,CC1(C)C(C)(C)C1(C)C(=O)N1CC(C(=O)N2CCCC3(CC(O)C3)C2)C2(CC2)C1
53056,C[C@@H]1[C@H](C(=O)N2C[C@@H](C)[C@@H](NC(=O)CC3C4CC5CC(C4)CC3C5)C2)[C@@H]1C,"2-(adamantan-2-yl)-N-((3R,4R)-1-(((1s,2R,3S)-2,3-dimethylcyclopropyl)carbonyl)-4-methylpyrrolidin-3-yl)acetamide",,C[C@@H]1CN(C(=O)C2[C@@H](C)[C@H]2C)C[C@@H]1NC(=O)CC1C2CC3CC(C2)CC1C3,
53156,Cc1csc2ccc(CC(=O)N[C@H]3C[C@@](C)(NC(=O)C[C@H]4COCCO4)C3)cc12,"N-((1R,3s)-3-(2-((2S)-1,4-dioxan-2-yl)acetamido)-3-methylcyclobutyl)-2-(3-methyl-1-benzothiophen-5-yl)acetamide",,Cc1csc2ccc(CC(=O)N[C@H]3C[C@@](C)(NC(=O)C[C@H]4COCCO4)C3)cc12,
53167,CC[C@H](C)[C@@H](CN(C)C)N=c1[nH]c(=N[C@@H]2[C@H]3CCCCC[C@H]32)[nH]c2ncn(C)c12,"(2S,3S)-2-((2-(((1R,7S,8r)-bicyclo[5.1.0]octan-8-yl)imino)-7-methyl-3,7-dihydro-1H-purin-6-ylidene)amino)-3,N,N-trimethylpentan-1-amine",,CC[C@H](C)[C@@H](CN(C)C)Nc1nc(N[C@H]2[C@@H]3CCCCC[C@@H]32)nc2ncn(C)c12,
53195,CCn1nc(C(=O)NC[C@]2(F)C[C@H](Nc3nccc(CO)n3)C2)cc1C,"1-ethyl-N-(((1r,3r)-1-fluoro-3-((4-(hydroxymethyl)pyrimidin-2-yl)amino)cyclobutyl)methyl)-5-methyl-1H-pyrazole-3-carboxamide",,CCn1nc(C(=O)NC[C@]2(F)C[C@H](Nc3nccc(CO)n3)C2)cc1C,
53197,Cc1snnc1C(=O)N1CCC2(CC[C@@H]2CNC(=O)[C@@H]2[C@H]3CCCC[C@H]32)CC1,"(1R,6S,7r)-N-(((1S)-7-((5-methyl-1,2,3-thiadiazol-4-yl)carbonyl)-7-azaspiro[3.5]nonan-1-yl)methyl)bicyclo[4.1.0]heptane-7-carboxamide",,Cc1snnc1C(=O)N1CCC2(CC[C@@H]2CNC(=O)C2[C@H]3CCCC[C@@H]23)CC1,
53351,C=CCCn1cc(C(=O)NC[C@]2(F)C[C@H](NC(=O)C=CC=CCC)C2)nn1,"1-(but-3-en-1-yl)-N-(((1r,3r)-1-fluoro-3-(hepta-2,4-dienamido)cyclobutyl)methyl)-1H-1,2,3-triazole-4-carboxamide",,C=CCCn1cc(C(=O)NC[C@]2(F)C[C@H](NC(=O)C=CC=CCC)C2)nn1,
53514,CC[C@](C)(OC)C(=O)N1[C@H]2CC[C@@H]1C[C@H](NC(=O)[C@@H](C)[C@@H]1CCCO1)C2,"(2S)-N-((1R,3S,5S)-8-((2S)-2-methoxy-2-methyl-butyryl)-8-azabicyclo[3.2.1]octan-3-yl)-2-((2S)-oxolan-2-yl)propanamide",,CC[C@](C)(OC)C(=O)N1[C@@H]2CC[C@H]1C[C@@H](NC(=O)C(C)[C@@H]1CCCO1)C2,
53527,C[C@]1(CNC(=O)[C@]2(C(F)(F)F)C[C@@H](O)C2)CCCN1C(=O)c1cnc(Cl)cc1N,"(1s,3S)-N-(((2R)-1-((4-amino-6-chloropyridin-3-yl)carbonyl)-2-methylpyrrolidin-2-yl)methyl)-3-hydroxy-1-(trifluoromethyl)cyclobutanecarboxamide",,C[C@]1(CNC(=O)[C@]2(C(F)(F)F)C[C@@H](O)C2)CCCN1C(=O)c1cnc(Cl)cc1N,
53803,Cc1ncc(CN2[C@H]3CC[C@@H]2C[C@@H](NC(=O)c2cc4cccc(O)c4[nH]2)C3)[nH]1,"7-hydroxy-N-((1R,3s,5S)-8-((2-methyl-1H-imidazol-5-yl)methyl)-8-azabicyclo[3.2.1]octan-3-yl)-1H-indole-2-carboxamide",,Cc1nc(CN2[C@@H]3CC[C@H]2C[C@H](NC(=O)c2cc4cccc(O)c4[nH]2)C3)c[nH]1,
53843,COC[C@@]1(C)CCN(c2ccc(S(=O)(=O)NC[C@@H]3C[C@@H]4CC[C@@H]4C3)cc2Br)C1,"1-((1R,3r,5S)-bicyclo[3.2.0]heptan-3-yl)-N-(3-bromo-4-((3S)-3-(methoxymethyl)-3-methylpyrrolidin-1-yl)phenylsulfonyl)methanamine",,COC[C@@]1(C)CCN(c2ccc(S(=O)(=O)NC[C@H]3C[C@H]4CC[C@H]4C3)cc2Br)C1,
53892,N#Cc1[nH]c(=N[C@H]2C[C@](F)(CNC(=O)c3cnc(O)c4ncccc34)C2)sc1Cl,"N-(((1s,3s)-3-((5-chloro-4-(nitrilomethyl)-3H-1,3-thiazol-2-ylidene)amino)-1-fluorocyclobutyl)methyl)-8-hydroxy-1,7-naphthyridine-5-carboxamide",,N#Cc1nc(N[C@H]2C[C@](F)(CNC(=O)c3c[nH]c(=O)c4ncccc34)C2)sc1Cl,
53960,CC(C)(O)CC(=O)N1C[C@H]2[C@H](NC(=O)c3nsnc3O)[C@H]2C1,"4-hydroxy-N-((1R,5S,6s)-3-(3-hydroxy-3-methyl-butyryl)-3-azabicyclo[3.1.0]hexan-6-yl)-1,2,5-thiadiazole-3-carboxamide",,CC(C)(O)CC(=O)N1C[C@@H]2[C@H](C1)[C@H]2NC(=O)c1ns[nH]c1=O,
53985,Cc1nc2ccccc2n1CC(=O)N[C@H]1COC[C@H]1NC(=O)[C@@]1(C)C[C@@H]2C[C@@H]2C1,"2-(2-methyl-1H-benzimidazol-1-yl)-N-((3R,4S)-4-((1R,3s,5S)-3-methylbicyclo[3.1.0]hexane-3-carboxamido)oxolan-3-yl)acetamide",,Cc1nc2ccccc2n1CC(=O)N[C@H]1COC[C@H]1NC(=O)[C@]1(C)C[C@H]2C[C@H]2C1,
54014,CC1(C)CCCC[C@H]1C(=O)NC[C@H]1C[C@@H]2CC[C@H](C1)N2C(=O)C[C@H]1CCC(=O)C1,"(1R)-2,2-dimethyl-N-(((1R,3R,5S)-8-(1-oxo-2-((1S)-3-oxocyclopentyl)ethyl)-8-azabicyclo[3.2.1]octan-3-yl)methyl)cyclohexanecarboxamide",,CC1(C)CCCCC1C(=O)NC[C@@H]1C[C@H]2CC[C@@H](C1)N2C(=O)C[C@H]1CCC(=O)C1,
54025,CC1CC(N(C)[C@H](C(=O)NC2CCOCC2)[C@@H]2C[C@H]3[C@@H](C2)C3(F)F)C1,"(2S)-2-((1R,3r,5S)-6,6-difluorobicyclo[3.1.0]hexan-3-yl)-2-((3-methylcyclobutyl)(methyl)amino)-N-(oxan-4-yl)acetamide",,CC1CC(N(C)C(C(=O)NC2CCOCC2)[C@H]2C[C@@H]3[C@H](C2)C3(F)F)C1,
54099,COc1nc(Cl)ccc1CN1C[C@@H]2[C@H](C(=O)Nc3nc(Cl)c4c[nH]nc4n3)[C@@H]2C1,"(1R,5S,6s)-3-((6-chloro-2-methoxypyridin-3-yl)methyl)-N-(4-chloro-2H-pyrazolo[3,4-d]pyrimidin-6-yl)-3-azabicyclo[3.1.0]hexane-6-carboxamide",,COc1nc(Cl)ccc1CN1C[C@@H]2C(C(=O)Nc3nc(Cl)c4c[nH]nc4n3)[C@@H]2C1,
54125,Cc1cncc(C(=O)N2[C@H]3CC[C@@H]2C[C@@H](NC(=O)c2coc(Br)n2)C3)c1,"2-bromo-N-((1R,3s,5S)-8-((5-methylpyridin-3-yl)carbonyl)-8-azabicyclo[3.2.1]octan-3-yl)-1,3-oxazole-4-carboxamide",,Cc1cncc(C(=O)N2[C@@H]3CC[C@H]2C[C@H](NC(=O)c2coc(Br)n2)C3)c1,
54169,C[C@@H](CNC(=O)C1(NC(=O)[C@@H]2[C@H]3CN(C)C[C@H]32)CCCC1)c1nccs1,"(1R,5S,6r)-3-methyl-N-(1-(((2S)-2-(1,3-thiazol-2-yl)propyl)carbamoyl)cyclopentyl)-3-azabicyclo[3.1.0]hexane-6-carboxamide",,CC(CNC(=O)C1(NC(=O)C2[C@H]3CN(C)C[C@@H]23)CCCC1)c1nccs1,
54210,CC[C@]1(C(=O)N[C@H]2C[C@H]3COC[C@@H](C2)N3C(=O)[C@H](CN(C)C)N(C)C)CCOC1,"(3S)-N-((1R,5S,7R)-9-((2S)-2,3-bis(dimethylamino)-propionyl)-3-oxa-9-azabicyclo[3.3.1]nonan-7-yl)-3-ethyloxolane-3-carboxamide",,CC[C@]1(C(=O)N[C@H]2C[C@H]3COC[C@@H](C2)N3C(=O)C(CN(C)C)N(C)C)CCOC1,
54281,O=C(/C=C/c1ccc(F)cc1F)N[C@@H]1C[C@@H]1C(=O)N1C[C@@H]2[C@@H](CO)[C@@H]2C1,"(2E)-3-(2,4-difluorophenyl)-N-((1R,2S)-2-(((1R,5S,6S)-6-(hydroxymethyl)-3-azabicyclo[3.1.0]hexan-3-yl)carbonyl)cyclopropyl)prop-2-enamide",,O=C(/C=C/c1ccc(F)cc1F)N[C@@H]1CC1C(=O)N1C[C@@H]2[C@@H](CO)[C@@H]2C1,
54301,CC(C)[C@H](C(=O)N1CCC2(CC1)C[C@@H](C)N(C(=O)[C@@H]1[C@H]3CCC[C@H]31)C2)N(C)C,"(2R)-1-((3R)-2-(((1R,5S,6r)-bicyclo[3.1.0]hexan-6-yl)carbonyl)-3-methyl-2,8-diazaspiro[4.5]decan-8-yl)-2-(dimethylamino)-3-methylbutan-1-one",,CC(C)C(C(=O)N1CCC2(CC1)C[C@@H](C)N(C(=O)C1[C@H]3CCC[C@@H]13)C2)N(C)C,
54314,CC1(C)CN(C(=O)[C@H]2C[C@@H]3C[C@@H]3C2)C[C@H]1NC(=O)[C@@H](O)c1ccccc1,"(2S)-N-((3S)-1-(((1R,3s,5S)-bicyclo[3.1.0]hexan-3-yl)carbonyl)-4,4-dimethylpyrrolidin-3-yl)-2-hydroxy-2-phenylacetamide",,CC1(C)CN(C(=O)C2C[C@@H]3C[C@@H]3C2)C[C@H]1NC(=O)C(O)c1ccccc1,
54408,C#Cc1cncc(C(=O)N(CC)C[C@@H]2CCCN2C(=O)[C@H]2C[C@H]3[C@@H](C2)C3(F)F)c1,"N-(((2S)-1-(((1R,3s,5S)-6,6-difluorobicyclo[3.1.0]hexan-3-yl)carbonyl)pyrrolidin-2-yl)methyl)-N-ethyl-5-(ethynyl)pyridine-3-carboxamide",,C#Cc1cncc(C(=O)N(CC)C[C@@H]2CCCN2C(=O)C2C[C@@H]3[C@H](C2)C3(F)F)c1,
54434,C#Cc1ccc(Cl)c(C(=O)N[C@H]2C[C@@](F)(CNC(=O)CS[C@@H]3CCOC3=O)C2)c1,"2-chloro-5-(ethynyl)-N-((1R,3r)-3-fluoro-3-((2-(((3R)-2-oxooxolan-3-yl)sulfanyl)acetamido)methyl)cyclobutyl)benzamide",,C#Cc1ccc(Cl)c(C(=O)N[C@H]2C[C@@](F)(CNC(=O)CSC3CCOC3=O)C2)c1,
54457,Cc1ncnc(C(=O)N2CCC[C@@H](N(C)C(=O)[C@@H]3[C@H]4COC[C@H]43)CC2)c1C,"(1R,5S,6r)-N-((4R)-1-((5,6-dimethylpyrimidin-4-yl)carbonyl)azepan-4-yl)-N-methyl-3-oxabicyclo[3.1.0]hexane-6-carboxamide",,Cc1ncnc(C(=O)N2CCC[C@@H](N(C)C(=O)C3[C@H]4COC[C@@H]34)CC2)c1C,
54459,CC1(C)CC[C@@H]1C(=O)N1Cc2ccccc2OC2(CN(C(=O)C3=NOCC3)C2)C1,"1-(1'-((1S)-2,2-dimethylcyclobutyl)-1'-((2-oxa-5-aza)spiro[azetidine-3,3'-bicyclo[5.4.0]undeca-1(11),7,9-trien-5-yl)methanone]-1-yl)-1-(4,5-dihydro-1,2-oxazol-3-yl)methanone",,CC1(C)CCC1C(=O)N1Cc2ccccc2OC2(CN(C(=O)C3=NOCC3)C2)C1,
54482,CO[C@]1(CNC(=O)[C@H]2C[C@@H]3C[C@@H]3C2)CCN(C(=O)c2ccc3nc[nH]c3n2)C1,"(1R,3s,5S)-N-(((3S)-3-methoxy-1-((2,7,9-triazabicyclo[4.3.0]nona-1,3,5,7-tetraen-3-yl)carbonyl)pyrrolidin-3-yl)methyl)bicyclo[3.1.0]hexane-3-carboxamide",,CO[C@]1(CNC(=O)C2C[C@@H]3C[C@@H]3C2)CCN(C(=O)c2ccc3[nH]cnc3n2)C1,
54496,CCOc1ccc(CNC(=O)[C@@H]2[C@H]3CN(Cc4cc(Br)co4)C[C@H]32)cc1OCC,"(1R,5S,6r)-3-((4-bromofuran-2-yl)methyl)-N-((3,4-diethoxyphenyl)methyl)-3-azabicyclo[3.1.0]hexane-6-carboxamide",,CCOc1ccc(CNC(=O)C2[C@H]3CN(Cc4cc(Br)co4)C[C@@H]23)cc1OCC,
54535,C[C@H]1C[C@H](C(=O)N[C@]2(C)C[C@@H](NC(=O)c3cnn(C4CC4)c3Cl)C2)CCS1,"5-chloro-1-cyclopropyl-N-((1R,3r)-3-methyl-3-((2S,4R)-2-methylthiane-4-carboxamido)cyclobutyl)-1H-pyrazole-4-carboxamide",,C[C@H]1CC(C(=O)N[C@]2(C)C[C@@H](NC(=O)c3cnn(C4CC4)c3Cl)C2)CCS1,
54551,Cc1c(NC(=O)N[C@@H]2[C@H]3CCN(C(=O)OC(C)(C)C)CC[C@H]32)ccnc1Cl,"tert-butyl (1R,7S,8r)-8-(((2-chloro-3-methylpyridin-4-yl)carbamoyl)amino)-4-azabicyclo[5.1.0]octane-4-carboxylate",,Cc1c(NC(=O)N[C@H]2[C@@H]3CCN(C(=O)OC(C)(C)C)CC[C@@H]32)ccnc1Cl,
54577,N=C1NC(=O)[C@@H](CC(=O)N2C[C@H]3[C@H](NC(=O)COc4ccc(CO)cc4)[C@H]3C2)S1,"2-((4-(hydroxymethyl)phenyl)oxy)-N-((1R,5S,6S)-3-(2-((5R)-2-imino-4-oxo-1,3-thiazolidin-5-yl)-acetyl)-3-azabicyclo[3.1.0]hexan-6-yl)acetamide",,N=c1[nH]c(O)c(CC(=O)N2C[C@@H]3[C@H](C2)[C@H]3NC(=O)COc2ccc(CO)cc2)s1,
54688,CCC(F)(F)CC(=O)N[C@H]1[C@@H]2CN(C(=O)Cc3ccc(-n4ccnc4)cc3)C[C@@H]21,"3,3-difluoro-N-((1R,5S,6s)-3-(2-(4-(1H-imidazol-1-yl)phenyl)-acetyl)-3-azabicyclo[3.1.0]hexan-6-yl)pentanamide",,CCC(F)(F)CC(=O)N[C@H]1[C@@H]2CN(C(=O)Cc3ccc(-n4ccnc4)cc3)C[C@@H]21,
54728,O=S(=O)(Cc1ccc(Cl)cc1)N1C[C@H]2[C@@H](C1)[N@]2S(=O)(=O)c1ccc2c(c1)CCC2,"(1R,5S,6r)-3-((4-chlorophenyl)methylsulfonyl)-6-(2,3-dihydro-1H-inden-5-ylsulfonyl)-3,6-diazabicyclo[3.1.0]hexane",,O=S(=O)(Cc1ccc(Cl)cc1)N1C[C@@H]2[C@H](C1)[N@@]2S(=O)(=O)c1ccc2c(c1)CCC2,
54752,C#CCCCC(=O)NC[C@]1(F)CC[C@H](CNC(=O)[C@@H]2C[C@H]2c2ccco2)CC1,"N-(((1R,4r)-1-fluoro-4-(((1R,2R)-2-(furan-2-yl)cyclopropanecarboxamido)methyl)cyclohexyl)methyl)hex-5-ynamide",,C#CCCCC(=O)NC[C@]1(F)CC[C@H](CNC(=O)C2C[C@H]2c2ccco2)CC1,
54781,C[C@@H]1C[C@H](C(=O)N2CCC([C@@H]3CCN(C(=O)[C@H]4CC[C@H]5C[C@H]5CC4)C3)CC2)CO1,"1-((1R,4s,7S)-bicyclo[5.1.0]octan-4-yl)-1-((3S)-3-(1-(((3S,5R)-5-methyloxolan-3-yl)carbonyl)piperidin-4-yl)pyrrolidin-1-yl)methanone",,C[C@@H]1CC(C(=O)N2CCC([C@@H]3CCN(C(=O)C4CC[C@@H]5C[C@@H]5CC4)C3)CC2)CO1,
54817,CO[C@@H]1CC[C@H]1C(=O)N1C[C@H]2[C@H](NC(=O)c3sccc3-c3ccc(F)cc3)[C@H]2C1,"3-(4-fluorophenyl)-N-((1R,5S,6S)-3-(((1R,2R)-2-methoxycyclobutyl)carbonyl)-3-azabicyclo[3.1.0]hexan-6-yl)thiophene-2-carboxamide",,CO[C@@H]1CCC1C(=O)N1C[C@@H]2[C@H](C1)[C@H]2NC(=O)c1sccc1-c1ccc(F)cc1,
54922,CCCC(=O)c1cn(C23CCC(NC(=O)[C@@H]4C[C@@H](C)C[C@@H](C)C4)(CC2)C3)nn1,"(1r,3R,5S)-N-(4-(4-(butyryl)-1H-1,2,3-triazol-1-yl)bicyclo[2.2.1]heptan-1-yl)-3,5-dimethylcyclohexanecarboxamide",,CCCC(=O)c1cn(C23CCC(NC(=O)C4C[C@@H](C)C[C@@H](C)C4)(CC2)C3)nn1,
54965,Cc1nccc(Cl)c1C(=O)N[C@H]1C[C@@](C)(NC(=O)[C@@H]2CCCOC2)C1,"4-chloro-2-methyl-N-((1S,3s)-3-methyl-3-((3R)-oxane-3-carboxamido)cyclobutyl)pyridine-3-carboxamide",,Cc1nccc(Cl)c1C(=O)N[C@H]1C[C@@](C)(NC(=O)C2CCCOC2)C1,
54991,C[C@H]1OC(=O)N[C@H]1C(=O)N[C@H]1C[C@@](C)(NC(=O)c2cc(Br)n(C)n2)C1,"(4R,5R)-N-((1s,3S)-3-(5-bromo-1-methyl-1H-pyrazole-3-carboxamido)-3-methylcyclobutyl)-5-methyl-2-oxo-1,3-oxazolidine-4-carboxamide",,C[C@H]1OC(=O)NC1C(=O)N[C@H]1C[C@@](C)(NC(=O)c2cc(Br)n(C)n2)C1,
55033,C[C@@H]1C[C@@]2(C(=O)N3[C@H]4CC[C@@H]3C[C@H](CNC(=O)C3(CF)CC(F)(F)C3)C4)C[C@@H]12,"3,3-difluoro-1-(fluoromethyl)-N-(((1R,3S,5S)-8-(((1S,3R,4S)-3-methylbicyclo[2.1.0]pentan-1-yl)carbonyl)-8-azabicyclo[3.2.1]octan-3-yl)methyl)cyclobutanecarboxamide",,C[C@@H]1C[C@@]2(C(=O)N3[C@@H]4CC[C@H]3C[C@@H](CNC(=O)C3(CF)CC(F)(F)C3)C4)C[C@@H]12,
55104,CC/C=C/CC(=O)N1CCC(C)(C(=O)N(C)[C@@H]2C[C@@H](C)C[C@@H](C)C2)CC1,"N-((1r,3R,5S)-3,5-dimethylcyclohexyl)-4,N-dimethyl-1-((3E)-1-oxohex-3-en-1-yl)piperidine-4-carboxamide",,CC/C=C/CC(=O)N1CCC(C)(C(=O)N(C)[C@H]2C[C@H](C)C[C@H](C)C2)CC1,
55207,CCc1ccsc1C(=O)N[C@H]1[C@@H]2CN(C(=O)c3cc(N)cc4c3OCCO4)C[C@@H]21,"N-((1R,5S,6s)-3-((7-amino-2,3-dihydro-1,4-benzodioxin-5-yl)carbonyl)-3-azabicyclo[3.1.0]hexan-6-yl)-3-ethylthiophene-2-carboxamide",,CCc1ccsc1C(=O)N[C@H]1[C@@H]2CN(C(=O)c3cc(N)cc4c3OCCO4)C[C@@H]21,
55330,CC(C)CC(=O)N[C@H]1C[C@@H]2CC[C@H](C1)N2C(=O)c1cnc(O)cc1O,"N-((1R,3s,5S)-8-((4,6-dihydroxypyridin-3-yl)carbonyl)-8-azabicyclo[3.2.1]octan-3-yl)-3-methylbutanamide",,CC(C)CC(=O)N[C@@H]1C[C@H]2CC[C@@H](C1)N2C(=O)c1c[nH]c(=O)cc1O,
55334,COC(=O)[C@]1(C(F)F)C[C@@H](N[C@@H]2C[C@@H](OCC(C)C)C2(C)C)C1,"methyl (1S,3s)-1-(difluoromethyl)-3-(((1R,3R)-3-isobutoxy-2,2-dimethylcyclobutyl)amino)cyclobutanecarboxylate",,COC(=O)[C@]1(C(F)F)C[C@@H](N[C@@H]2C[C@@H](OCC(C)C)C2(C)C)C1,
55395,CCc1onc(C(=O)N[C@H]2[C@@H]3CN(C(=O)[C@@H](C)CCCC(C)=O)C[C@@H]32)c1C,"5-ethyl-4-methyl-N-((1R,5S,6R)-3-((2S)-2-methyl-1,6-dioxoheptyl)-3-azabicyclo[3.1.0]hexan-6-yl)-1,2-oxazole-3-carboxamide",,CCc1onc(C(=O)N[C@H]2[C@@H]3CN(C(=O)C(C)CCCC(C)=O)C[C@@H]32)c1C,
55454,O=C(N[C@]1(C(=O)N2C[C@H]3COC[C@@H](C3)C2)C[C@H](O)C1)C1CCC(O)CC1,"4-hydroxy-N-((1s,3R)-3-hydroxy-1-(((1S,5S)-3-oxa-7-azabicyclo[3.3.1]nonan-7-yl)carbonyl)cyclobutyl)cyclohexanecarboxamide",,O=C(N[C@]1(C(=O)N2C[C@H]3COC[C@@H](C3)C2)C[C@H](O)C1)C1CCC(O)CC1,
55480,COc1ccc(S[C@H](C)C(=O)N[C@H]2CCN(C(=O)[C@@H]3C[C@@H]4C[C@@H]4C3)C2)cc1,"(2R)-N-((3S)-1-(((1R,3r,5S)-bicyclo[3.1.0]hexan-3-yl)carbonyl)pyrrolidin-3-yl)-2-((4-methoxyphenyl)sulfanyl)propanamide",,COc1ccc(SC(C)C(=O)N[C@H]2CCN(C(=O)C3C[C@@H]4C[C@@H]4C3)C2)cc1,
55519,O=C(NC[C@]1(F)C[C@@H](CNC(=O)c2ccc[nH]2)C1)C(=O)c1c[nH]c2ccccc12,"N-(((1s,3s)-1-fluoro-3-((1H-pyrrole-2-carboxamido)methyl)cyclobutyl)methyl)-2-(1H-indol-3-yl)-2-oxoacetamide",,O=C(NC[C@]1(F)C[C@@H](CNC(=O)c2ccc[nH]2)C1)C(=O)c1c[nH]c2ccccc12,
55546,Cc1ccccc1-c1noc([C@@H]2CN(C(=O)OC(C)(C)C)C[C@H]3C=NN=C32)n1,"tert-butyl (3aS,7R)-7-(3-(2-methylphenyl)-1,2,4-oxadiazol-5-yl)-4,5,6,7-tetrahydro-1H-pyrazolo[4,3-c]pyridine-5-carboxylate",,Cc1ccccc1-c1noc([C@@H]2CN(C(=O)OC(C)(C)C)C[C@H]3C=NN=C32)n1,
55547,O=C(NCC1CN(C(=O)[C@@H]2C[C@@H]3C[C@@H]3C2)C1)c1cccc2c1C(F)(F)CC2,"N-((1-(((1R,3r,5S)-bicyclo[3.1.0]hexan-3-yl)carbonyl)azetidin-3-yl)methyl)-3,3-difluoro-2,3-dihydro-1H-indene-4-carboxamide",,O=C(NCC1CN(C(=O)C2C[C@@H]3C[C@@H]3C2)C1)c1cccc2c1C(F)(F)CC2,
55558,C[C@@H](C(=O)N1[C@H]2CC[C@@H]1C[C@@H](NC(=O)CCCc1cc[nH]n1)C2)N1CCNC1=O,"N-((1R,3R,5S)-8-((2S)-1-oxo-2-(2-oxoimidazolidin-1-yl)propyl)-8-azabicyclo[3.2.1]octan-3-yl)-4-(1H-pyrazol-3-yl)butanamide",,CC(C(=O)N1[C@@H]2CC[C@H]1C[C@H](NC(=O)CCCc1cc[nH]n1)C2)N1CCNC1=O,
55586,CSCCC(=O)NC[C@]1(F)C[C@@H](CNC(=O)c2cc(F)c(C(C)C)cc2F)C1,"N-(((1s,3s)-3-((2,5-difluoro-4-(propan-2-yl)benzamido)methyl)-1-fluorocyclobutyl)methyl)-3-(methylsulfanyl)propanamide",,CSCCC(=O)NC[C@]1(F)C[C@@H](CNC(=O)c2cc(F)c(C(C)C)cc2F)C1,
55624,CCc1cc(C(=O)N[C@]2(C)C[C@H](C(=O)N3C[C@H]4C[C@@]4(CC)C3)C2)n[nH]1,"5-ethyl-N-((1S,3s)-3-(((1R,5S)-1-ethyl-3-azabicyclo[3.1.0]hexan-3-yl)carbonyl)-1-methylcyclobutyl)-1H-pyrazole-3-carboxamide",,CCc1cc(C(=O)NC2(C)CC(C(=O)N3C[C@H]4C[C@@]4(CC)C3)C2)[nH]n1,
55695,C[C@]1(NC(=O)C2[C@H]3CS(=O)(=O)C[C@H]23)C[C@H](NC(=O)Cc2cc(Cl)cs2)C1,"(1R,5R)-N-((1r,3R)-3-(2-(4-chlorothiophen-2-yl)acetamido)-1-methylcyclobutyl)-3,3-dioxo-3lambda^6-thiabicyclo[3.1.0]hexane-6-carboxamide",,C[C@]1(NC(=O)C2[C@H]3CS(=O)(=O)C[C@H]23)C[C@H](NC(=O)Cc2cc(Cl)cs2)C1,
55832,CCC[C@H](F)C(=O)N1C[C@H]2[C@H](CC(=O)NCc3cnn(CCF)c3)[C@H]2C1,"2-((1R,5S,6R)-3-((2S)-2-fluoro-pentanoyl)-3-azabicyclo[3.1.0]hexan-6-yl)-N-((1-(2-fluoroethyl)-1H-pyrazol-4-yl)methyl)acetamide",,CCCC(F)C(=O)N1C[C@@H]2[C@@H](CC(=O)NCc3cnn(CCF)c3)[C@@H]2C1,
55837,Cc1c(N)cncc1C(=O)NCC(C)(C)NC(=O)[C@@H]1[C@H]2C[C@@H]2[C@H]2C[C@@H]12,"5-amino-4-methyl-N-(2-methyl-2-((1R,2R,4S,5R,6R)-tricyclo[4.1.0.0^{2,4}]heptane-5-carboxamido)propyl)pyridine-3-carboxamide",,Cc1c(N)cncc1C(=O)NCC(C)(C)NC(=O)C1[C@H]2C[C@@H]2[C@H]2C[C@@H]12,
55846,CN(C(=O)[C@@H]1[C@H]2CCCCC[C@H]21)C1C[C@@H]2CC[C@H](C1)N2C(=O)C1OCCO1,"(1R,7S,8r)-N-((1R,5S)-8-((1,3-dioxolan-2-yl)carbonyl)-8-azabicyclo[3.2.1]octan-3-yl)-N-methylbicyclo[5.1.0]octane-8-carboxamide",,CN(C(=O)C1[C@H]2CCCCC[C@@H]12)C1C[C@H]2CC[C@@H](C1)N2C(=O)C1OCCO1,
55891,C=C(C)CCC(=O)N(C)CCN(C)C(=O)[C@@H]1[C@H]2CC(F)(F)C[C@H]21,"4,N-dimethyl-N-(2-(N-methyl(1R,5S,6r)-3,3-difluorobicyclo[3.1.0]hexane-6-carboxamido)ethyl)pent-4-enamide",,C=C(C)CCC(=O)N(C)CCN(C)C(=O)C1[C@H]2CC(F)(F)C[C@@H]12,
55914,NC(=O)c1cc(C(=O)N2C[C@@H]3C[C@@H]3[C@H]2C(=O)N[C@H]2C[C@H](O)[C@H](O)C2)n[nH]1,"(1S,2S,5R)-3-((5-carbamoyl-1H-pyrazol-3-yl)carbonyl)-N-((1s,3R,4S)-3,4-dihydroxycyclopentyl)-3-azabicyclo[3.1.0]hexane-2-carboxamide",,NC(=O)c1cc(C(=O)N2C[C@@H]3C[C@@H]3C2C(=O)N[C@@H]2C[C@@H](O)[C@@H](O)C2)[nH]n1,
55936,CN(C)C1CCC(C(=O)N(C)[C@H]2[C@@H]3CN(C(=O)c4cc(N)ccc4O)C[C@@H]32)CC1,"N-((1R,5S,6s)-3-((5-amino-2-hydroxyphenyl)carbonyl)-3-azabicyclo[3.1.0]hexan-6-yl)-4-(dimethylamino)-N-methylcyclohexanecarboxamide",,CN(C)C1CCC(C(=O)N(C)[C@H]2[C@@H]3CN(C(=O)c4cc(N)ccc4O)C[C@@H]32)CC1,
55994,CC[C@@H]1OCC[C@@H]1C(=O)N1[C@H]2CC[C@@H]1C[C@H](NC(=O)[C@@H]1CC[C@H]3[C@H](C1)C3(F)F)C2,"(1S,3R,6S)-N-((1R,3S,5S)-8-(((2S,3S)-2-ethyloxolan-3-yl)carbonyl)-8-azabicyclo[3.2.1]octan-3-yl)-7,7-difluorobicyclo[4.1.0]heptane-3-carboxamide",,CC[C@@H]1OCCC1C(=O)N1[C@@H]2CC[C@H]1C[C@@H](NC(=O)C1CC[C@H]3[C@H](C1)C3(F)F)C2,
56111,CN(C)Cc1ccsc1C(=O)NC[C@]1(F)C[C@@H](NC(=O)[C@@H]2[C@H]3COC[C@H]32)C1,"(1R,5S,6r)-N-((1s,3s)-3-((3-((dimethylamino)methyl)thiophene-2-carboxamido)methyl)-3-fluorocyclobutyl)-3-oxabicyclo[3.1.0]hexane-6-carboxamide",,CN(C)Cc1ccsc1C(=O)NC[C@]1(F)C[C@@H](NC(=O)C2[C@H]3COC[C@@H]23)C1,
56175,C=C[C@@H](C)CC(=O)N[C@]1(C(=O)N2C[C@H]3[C@@H](C2)[C@@H]3C(=O)NC)CCSC1,"(3S)-3-methyl-N-((3S)-3-(((1R,5S,6S)-6-(methylcarbamoyl)-3-azabicyclo[3.1.0]hexan-3-yl)carbonyl)thiolan-3-yl)pent-4-enamide",,C=C[C@@H](C)CC(=O)N[C@]1(C(=O)N2C[C@@H]3C(C(=O)NC)[C@@H]3C2)CCSC1,
56211,COC1(CC(=O)N(CCCNC(=O)[C@@H]2[C@H]3CN(C)C[C@H]32)C2CC2)CCCCC1,"N-cyclopropyl-2-(1-methoxycyclohexyl)-N-(3-((1R,5S,6r)-3-methyl-3-azabicyclo[3.1.0]hexane-6-carboxamido)propyl)acetamide",,COC1(CC(=O)N(CCCNC(=O)C2[C@H]3CN(C)C[C@@H]23)C2CC2)CCCCC1,
56220,CCc1cc(C(=O)N[C@H](CNC(=O)[C@@H]2[C@H]3[C@@H]4CC[C@@H](C4)[C@H]32)C(C)(C)C)no1,"N-((2S)-3,3-dimethyl-1-((1R,2S,3r,4R,5S)-tricyclo[3.2.1.0^{2,4}]octane-3-carboxamido)butan-2-yl)-5-ethyl-1,2-oxazole-3-carboxamide",,CCc1cc(C(=O)N[C@H](CNC(=O)C2[C@@H]3[C@H]4CC[C@H](C4)[C@H]23)C(C)(C)C)no1,
56256,O=C(NC[C@H]1[C@H]2CCC[C@H]1N(C(=O)[C@@H]1[C@H]3CCC[C@H]31)C2)c1cccc2nn[nH]c12,"N-(((1R,5R,8R)-6-(((1R,5S,6r)-bicyclo[3.1.0]hexan-6-yl)carbonyl)-6-azabicyclo[3.2.1]octan-8-yl)methyl)-3H-benzotriazole-4-carboxamide",,O=C(NC[C@H]1[C@H]2CCC[C@H]1N(C(=O)C1[C@H]3CCC[C@@H]13)C2)c1cccc2[nH]nnc12,
56272,CCn1cc(C(=O)N[C@H]2C[C@@](F)(CNC(=O)/C=C/c3cnc[nH]3)C2)c(C)n1,"1-ethyl-N-((1r,3r)-3-fluoro-3-(((2E)-3-(1H-imidazol-5-yl)prop-2-enamido)methyl)cyclobutyl)-3-methyl-1H-pyrazole-4-carboxamide",,CCn1cc(C(=O)N[C@H]2C[C@@](F)(CNC(=O)C=Cc3c[nH]cn3)C2)c(C)n1,
56465,Cc1cnsc1C(=O)N1C[C@H]2[C@H](CNC(=O)c3cccn4c(CO)nnc34)[C@H]2C1,"3-(hydroxymethyl)-N-(((1R,5S,6r)-3-((4-methyl-1,2-thiazol-5-yl)carbonyl)-3-azabicyclo[3.1.0]hexan-6-yl)methyl)[1,2,4]triazolo[4,3-a]pyridine-8-carboxamide",,Cc1cnsc1C(=O)N1C[C@@H]2[C@@H](CNC(=O)c3cccn4c(CO)nnc34)[C@@H]2C1,
56493,NC[C@]1(c2ccccc2)C[C@@H](NC(=O)c2[nH]nnc2[C@H]2CCNC2)C1,"N-((1r,3S)-3-(aminomethyl)-3-phenylcyclobutyl)-4-((3S)-pyrrolidin-3-yl)-1H-1,2,3-triazole-5-carboxamide",,NC[C@]1(c2ccccc2)C[C@@H](NC(=O)c2[nH]nnc2[C@H]2CCNC2)C1,
56529,CC[C@@]1(C)C[C@@H]1C(=O)N[C@H]1C[C@@](F)(CN=c2[nH]nc(C(N)=O)s2)C1,"5-((((1S,3r)-3-((1S,2S)-2-ethyl-2-methylcyclopropanecarboxamido)-1-fluorocyclobutyl)methyl)imino)-4H-1,3,4-thiadiazole-2-carboxamide",,CC[C@@]1(C)CC1C(=O)N[C@H]1C[C@@](F)(CNc2nnc(C(N)=O)s2)C1,
56563,CC[C@]1(C)C=C(C(=O)NCC(C)(C)CNC(=O)[C@@H]2CC[C@H]3C[C@H]3CC2)C1,"(1R,4r,7S)-N-(3-((3S)-3-ethyl-3-methylcyclobut-1-ene-1-carboxamido)-2,2-dimethylpropyl)bicyclo[5.1.0]octane-4-carboxamide",,CC[C@]1(C)C=C(C(=O)NCC(C)(C)CNC(=O)C2CC[C@@H]3C[C@@H]3CC2)C1,
56566,CCCCCCC(=O)N1CCc2nc(CNC(=O)[C@H]3C[C@@H]4CC[C@H](C3)O4)sc2C1,"(1R,3s,5S)-N-((4-(1-oxoheptyl)-7-thia-4,9-diazabicyclo[4.3.0]nona-1(6),8-dien-8-yl)methyl)-8-oxabicyclo[3.2.1]octane-3-carboxamide",,CCCCCCC(=O)N1CCc2nc(CNC(=O)C3C[C@H]4CC[C@@H](C3)O4)sc2C1,
56568,CNC(=O)CN1C[C@H]2[C@@H](C1)[C@@H]2C(=O)NCCc1cnc(=O)n(C)c1O,"2-((1R,5S,6r)-6-((2-(6-hydroxy-1-methyl-2-oxo-1H-pyrimidin-5-yl)ethyl)carbamoyl)-3-azabicyclo[3.1.0]hexan-3-yl)-N-methylacetamide",,CNC(=O)CN1C[C@@H]2C(C(=O)NCCc3c[nH]c(=O)n(C)c3=O)[C@@H]2C1,
56571,CC[C@H](C)CC[C@@H](O)CC(=O)N[C@]1(C)C[C@H](NC(=O)c2cnc(C)n2C)C1,"(3R,6S)-N-((1s,3S)-3-(1,2-dimethyl-1H-imidazole-5-carboxamido)-1-methylcyclobutyl)-3-hydroxy-6-methyloctanamide",,CC[C@H](C)CC[C@@H](O)CC(=O)N[C@]1(C)C[C@H](NC(=O)c2cnc(C)n2C)C1,
56585,CCC[C@@H]1CCCN(C(=O)[C@@H]2[C@H]3CN(C(=O)C=CC4CC4)C[C@H]32)CC1,"3-cyclopropyl-1-((1R,5S,6r)-6-(((4R)-4-propylazepan-1-yl)carbonyl)-3-azabicyclo[3.1.0]hexan-3-yl)prop-2-en-1-one",,CCC[C@@H]1CCCN(C(=O)C2[C@H]3CN(C(=O)C=CC4CC4)C[C@@H]23)CC1,
56624,COCc1ncsc1C(=O)NC[C@]1(F)C[C@H](NC(=O)CN2C(=O)CCC2=O)C1,"N-(((1r,3r)-3-(2-(2,5-dioxopyrrolidin-1-yl)acetamido)-1-fluorocyclobutyl)methyl)-4-(methoxymethyl)-1,3-thiazole-5-carboxamide",,COCc1ncsc1C(=O)NC[C@]1(F)C[C@H](NC(=O)Cn2c(O)ccc2O)C1,
56639,C=CC(C)(C)C(=O)N(C)C[C@H]1[C@@H]2CN(C(=O)CCc3ccccc3O)C[C@H]12,"N-(((1R,5S,6r)-3-(3-(2-hydroxyphenyl)-propionyl)-3-azabicyclo[3.1.0]hexan-6-yl)methyl)-2,2,N-trimethylbut-3-enamide",,C=CC(C)(C)C(=O)N(C)C[C@@H]1[C@H]2CN(C(=O)CCc3ccccc3O)C[C@@H]12,
56668,O=C(Nc1cc(Cl)cnc1Br)[C@@H]1[C@H]2CN(C(=O)c3ccc4ccnn4c3)C[C@H]21,"(1R,5S,6r)-N-(2-bromo-5-chloropyridin-3-yl)-3-((pyrazolo[1,5-a]pyridin-6-yl)carbonyl)-3-azabicyclo[3.1.0]hexane-6-carboxamide",,O=C(Nc1cc(Cl)cnc1Br)C1[C@H]2CN(C(=O)c3ccc4ccnn4c3)C[C@@H]12,
56672,Cc1c(F)ccc2[nH]c(C(=O)N3CC(CCNC(=O)[C@@H]4[C@H]5CCC[C@H]54)C3)cc12,"(1R,5S,6r)-N-(2-(1-((5-fluoro-4-methyl-1H-indol-2-yl)carbonyl)azetidin-3-yl)ethyl)bicyclo[3.1.0]hexane-6-carboxamide",,Cc1c(F)ccc2[nH]c(C(=O)N3CC(CCNC(=O)C4[C@H]5CCC[C@@H]45)C3)cc12,
56795,O=C(Nc1ncc2[nH]ccc2c1Br)N1CCO[C@]2(CC[C@@H](O)CC2)C1,"N-(5-bromo-3,9-diazabicyclo[4.3.0]nona-1,3,5,7-tetraen-4-yl)-9-hydroxy-1-oxa-4-azaspiro[5.5]undecane-4-carboxamide",BrC=1C(=NC=C2NC=CC12)NC(=O)N1CCOC2(C1)CCC(CC2)O,O=C(Nc1ncc2[nH]ccc2c1Br)N1CCO[C@]2(CC[C@@H](O)CC2)C1,O=C(Nc1ncc2[nH]ccc2c1Br)N1CCOC2(CCC(O)CC2)C1
56858,O=C(Cc1c[nH]c2c(F)cccc12)NC[C@H](CO)NC(=O)[C@H]1C[C@H]2[C@@H](C1)C2(F)F,"N-((2R)-2-((1R,3s,5S)-6,6-difluorobicyclo[3.1.0]hexane-3-carboxamido)-3-hydroxypropyl)-2-(7-fluoro-1H-indol-3-yl)acetamide",,O=C(Cc1c[nH]c2c(F)cccc12)NC[C@H](CO)NC(=O)C1C[C@@H]2[C@H](C1)C2(F)F,
56888,Cc1cc(=NCC23CCC(NC(=O)[C@@H]4[C@@H](C)[C@H]4C)(CC2)CO3)[nH]c(C)c1C#N,"(1r,2R,3S)-N-(1-(((4,6-dimethyl-5-(nitrilomethyl)-1H-pyridin-2-ylidene)amino)methyl)-2-oxabicyclo[2.2.2]octan-4-yl)-2,3-dimethylcyclopropanecarboxamide",,Cc1cc(NCC23CCC(NC(=O)C4[C@@H](C)[C@H]4C)(CC2)CO3)nc(C)c1C#N,
56889,C#CC1(C(=O)N2C[C@H]3[C@H](CN(C)C(=O)C=C4CN5CCC4CC5)[C@H]3C2)CCCC1,"2-(1-azabicyclo[2.2.2]octan-3-ylidene)-N-(((1R,5S,6r)-3-((1-(ethynyl)cyclopentyl)carbonyl)-3-azabicyclo[3.1.0]hexan-6-yl)methyl)-N-methylacetamide",,C#CC1(C(=O)N2C[C@@H]3[C@@H](CN(C)C(=O)C=C4CN5CCC4CC5)[C@@H]3C2)CCCC1,
56940,CC1(C)CO[C@H](CC(=O)N[C@H]2C[C@](F)(CNC(=O)[C@](C)(O)c3ccccc3)C2)C1,"(2R)-N-(((1R,3S)-3-(2-((2S)-4,4-dimethyloxolan-2-yl)acetamido)-1-fluorocyclobutyl)methyl)-2-hydroxy-2-phenylpropanamide",,CC1(C)CO[C@H](CC(=O)N[C@H]2C[C@](F)(CNC(=O)[C@](C)(O)c3ccccc3)C2)C1,
56994,CC12CC(NC(=O)[C@@H]3CCCC[C@H]3O)(C1)C1(CN(C(=O)c3cc(Cl)c(Cl)[nH]3)C1)O2,"(1R,2R)-2-hydroxy-N-(1-methylspiro[2-oxabicyclo[2.1.1]hexane-3,3'-(1-(1-azacyclobutan-1-yl)-1-(4,5-dichloro-1H-pyrrol-2-yl)methanone)]-4-yl)cyclohexanecarboxamide",,CC12CC(NC(=O)C3CCCC[C@H]3O)(C1)C1(CN(C(=O)c3cc(Cl)c(Cl)[nH]3)C1)O2,
57069,Cc1cc(C(=O)N(C)CCNC(=O)[C@]2(C(F)(F)F)C[C@@H](O)C2)nc(C)n1,"N-(2-(3-hydroxy-1-(trifluoromethyl)cyclobutanecarboxamido)ethyl)-2,6,N-trimethylpyrimidine-4-carboxamide",OC1CC(C1)(C(=O)NCCN(C(=O)C1=NC(=NC(=C1)C)C)C)C(F)(F)F,Cc1cc(C(=O)N(C)CCNC(=O)[C@]2(C(F)(F)F)C[C@@H](O)C2)nc(C)n1,Cc1cc(C(=O)N(C)CCNC(=O)C2(C(F)(F)F)CC(O)C2)nc(C)n1
57122,CC1(C)C[C@H]1C(=O)N[C@H]1C[C@@H]2CC[C@H](C1)N2C(=O)c1cc(Br)cc([N+](=O)[O-])c1F,"(1R)-N-((1R,3s,5S)-8-((5-bromo-2-fluoro-3-nitrophenyl)carbonyl)-8-azabicyclo[3.2.1]octan-3-yl)-2,2-dimethylcyclopropanecarboxamide",,CC1(C)CC1C(=O)N[C@@H]1C[C@H]2CC[C@@H](C1)N2C(=O)c1cc(Br)cc([N+](=O)[O-])c1F,
57149,O=C1CC(C(=O)NC[C@H]2C[C@@H]3CC[C@H](C2)N3C(=O)c2cc(O)ncn2)CC(=O)N1,"N-(((1R,3s,5S)-8-((6-hydroxypyrimidin-4-yl)carbonyl)-8-azabicyclo[3.2.1]octan-3-yl)methyl)-2,6-dioxopiperidine-4-carboxamide",,O=C1CC(C(=O)NC[C@@H]2C[C@H]3CC[C@@H](C2)N3C(=O)c2cc(=O)[nH]cn2)CC(=O)N1,
57154,Cc1cccc(CNC(=O)[C@@H]2[C@H]3CN(C(=O)[C@@H](C)Oc4ccccc4)C[C@H]32)c1O,"(1R,5S,6R)-N-((2-hydroxy-3-methylphenyl)methyl)-3-((2R)-1-oxo-2-phenoxypropyl)-3-azabicyclo[3.1.0]hexane-6-carboxamide",,Cc1cccc(CNC(=O)C2[C@H]3CN(C(=O)C(C)Oc4ccccc4)C[C@@H]23)c1O,
57222,CC(C)(C#N)CCC(=O)N1CCC(C)(C)[C@H]1C(=O)N1C[C@H]2C[C@H](F)C[C@H]2C1,"5-((2S)-2-(((1R,5S,7R)-7-fluoro-3-azabicyclo[3.3.0]octan-3-yl)carbonyl)-3,3-dimethylpyrrolidin-1-yl)-2,2-dimethyl-5-oxopentanenitrile",,CC(C)(C#N)CCC(=O)N1CCC(C)(C)C1C(=O)N1C[C@H]2C[C@H](F)C[C@H]2C1,
57262,CC(=O)N[C@@H](COC(C)C)C(=O)N[C@H]1[C@@H]2CN(c3ncccc3S(C)(=O)=O)C[C@@H]21,"(2S)-2-acetamido-3-isopropoxy-N-((1R,5S,6s)-3-(3-(methylsulfonyl)pyridin-2-yl)-3-azabicyclo[3.1.0]hexan-6-yl)propanamide",,CC(=O)NC(COC(C)C)C(=O)N[C@H]1[C@@H]2CN(c3ncccc3S(C)(=O)=O)C[C@@H]21,
57348,COCCC(C)(C)C(=O)NC[C@H]1CCC2(CCN(C(=O)[C@H]3[C@@H](C)[C@H]3C)CC2)O1,"N-(((2R)-8-(((1s,2R,3S)-2,3-dimethylcyclopropyl)carbonyl)-1-oxa-8-azaspiro[4.5]decan-2-yl)methyl)-4-methoxy-2,2-dimethylbutanamide",,COCCC(C)(C)C(=O)NC[C@H]1CCC2(CCN(C(=O)C3[C@@H](C)[C@H]3C)CC2)O1,
57358,C[C@]1(NC(=O)C[C@@H]2CCCCC23CC3)C[C@@H](NC(=O)C[C@@H]2CCOC2=O)C1,"N-((1R,3R)-3-methyl-3-(2-((4S)-spiro[2.5]octan-4-yl)acetamido)cyclobutyl)-2-((3S)-2-oxooxolan-3-yl)acetamide",,C[C@]1(NC(=O)C[C@@H]2CCCCC23CC3)C[C@@H](NC(=O)CC2CCOC2=O)C1,
57384,N#Cc1cc(O)cc(C(=O)N(CCO)[C@@H]2CCN(C(=O)C[C@@H]3C[C@H]4C[C@H]4C3)C2)c1,"N-((3R)-1-(2-((1R,3s,5S)-bicyclo[3.1.0]hexan-3-yl)-acetyl)pyrrolidin-3-yl)-3-cyano-5-hydroxy-N-(2-hydroxyethyl)benzamide",,N#Cc1cc(O)cc(C(=O)N(CCO)[C@@H]2CCN(C(=O)C[C@H]3C[C@@H]4C[C@@H]4C3)C2)c1,
57407,O=C(C=Cc1cc[nH]n1)N[C@@H]1C[C@H]2[C@@H](C1)[C@@H]2NC(=O)[C@H]1CN2CCC[C@H]1C2,"N-((1R,3R,5S,6r)-6-((5R,6R)-1-azabicyclo[3.2.1]octane-6-carboxamido)bicyclo[3.1.0]hexan-3-yl)-3-(1H-pyrazol-3-yl)prop-2-enamide",,O=C(C=Cc1cc[nH]n1)N[C@H]1C[C@@H]2[C@H](C1)[C@H]2NC(=O)C1CN2CCC[C@H]1C2,
57426,C#C[C@]1(O)C[C@@H](C(=O)N2CCN(C(=O)CNS(=O)(=O)NC)[C@@H](C)C2)C1,"1-((2S)-4-(((1s,3R)-3-(ethynyl)-3-hydroxycyclobutyl)carbonyl)-2-methylpiperazin-1-yl)-2-methylsulfamoylaminoethan-1-one",,C#CC1(O)CC(C(=O)N2CCN(C(=O)CNS(=O)(=O)NC)[C@@H](C)C2)C1,
57486,O=C([C@@H]1C[C@H]2CCCCN2C1)N1C[C@H]2CC[C@H]1CN2C(=O)[C@H]1[C@@H]2CS(=O)(=O)C[C@@H]21,"1-((1S,4R)-5-(((1R,5S,6s)-3,3-dioxo-3lambda^6-thiabicyclo[3.1.0]hexan-6-yl)carbonyl)-2,5-diazabicyclo[2.2.2]octan-2-yl)-1-((2R,8aR)-1,2,3,5,6,7,8,8a-octahydroindolizin-2-yl)methanone",,O=C(C1C[C@H]2CCCCN2C1)N1C[C@H]2CC[C@H]1CN2C(=O)C1[C@H]2CS(=O)(=O)C[C@@H]12,
57590,C#Cc1cccc(C(=O)N2C[C@H]3[C@@H](C2)[C@@H]3C(=O)Nc2c(OC)ccnc2Br)c1,"(1R,5S,6r)-N-(2-bromo-4-methoxypyridin-3-yl)-3-((3-(ethynyl)phenyl)carbonyl)-3-azabicyclo[3.1.0]hexane-6-carboxamide",,C#Cc1cccc(C(=O)N2C[C@@H]3C(C(=O)Nc4c(OC)ccnc4Br)[C@@H]3C2)c1,
57729,Cn1ccc(-c2nc([C@@H]3C[C@@H]4C[C@@H]4C3)n(CCC(F)(F)F)n2)n1,"5-((1R,3r,5S)-bicyclo[3.1.0]hexan-3-yl)-3-(1-methyl-1H-pyrazol-3-yl)-1-(3,3,3-trifluoropropyl)-1H-1,2,4-triazole",,Cn1ccc(-c2nc([C@@H]3C[C@@H]4C[C@@H]4C3)n(CCC(F)(F)F)n2)n1,
57896,C=C[C@H](C)C(=O)N[C@]1(C)C[C@H](NC(=O)CCC=CC)C1,"N-((1R,3s)-3-methyl-3-((2S)-2-methylbut-3-enamido)cyclobutyl)hex-4-enamide",,C=CC(C)C(=O)N[C@]1(C)C[C@H](NC(=O)CCC=CC)C1,
57915,CC[C@H](C)C[C@H](NC(=O)c1cnccn1)C(=O)N1CC[C@]12CC[C@H](C)CC2,"N-((2S,4S)-4-methyl-1-(7-methyl-1-azaspiro[3.5]nonan-1-yl)-1-oxohexan-2-yl)pyrazine-2-carboxamide",C[C@H](C[C@@H](C(=O)N1CCC12CCC(CC2)C)NC(=O)C2=NC=CN=C2)CC,CC[C@H](C)CC(NC(=O)c1cnccn1)C(=O)N1CC[C@]12CC[C@H](C)CC2,CC[C@H](C)CC(NC(=O)c1cnccn1)C(=O)N1CCC12CCC(C)CC2
57939,CN(C(=O)c1cnn(-c2ccccc2)c1N)C1CN(C(=O)[C@@H]2[C@H]3COC[C@H]32)C1,"5-amino-N-methyl-N-(1-(((1R,5S,6r)-3-oxabicyclo[3.1.0]hexan-6-yl)carbonyl)azetidin-3-yl)-1-phenyl-1H-pyrazole-4-carboxamide",,CN(C(=O)c1cnn(-c2ccccc2)c1N)C1CN(C(=O)C2[C@H]3COC[C@@H]23)C1,
57955,CSCC1(CC(=O)N[C@H]2CC[C@@H](NC(=O)C3=CNC4=NCCC4=C3)C2)CC1,"N-((1S,3R)-3-(3,7-dihydro-1H-pyrrolo[2,3-b]pyridine-5-carboxamido)cyclopentyl)-2-(1-((methylsulfanyl)methyl)cyclopropyl)acetamide",N1CCC2=C1NCC(=C2)C(=O)N[C@H]2C[C@H](CC2)NC(CC2(CC2)CSC)=O,CSCC1(CC(=O)N[C@H]2CC[C@@H](NC(=O)c3cnc4c(c3)CCN4)C2)CC1,CSCC1(CC(=O)N[C@H]2CC[C@@H](NC(=O)C3=CC4CCN=C4NC3)C2)CC1
58172,O=C(NCCC1(O)CN(C(=O)c2ccc(CCF)cc2)C1)[C@@H]1[C@H]2COC[C@H]21,"(1R,5S,6r)-N-(2-(1-((4-(2-fluoroethyl)phenyl)carbonyl)-3-hydroxyazetidin-3-yl)ethyl)-3-oxabicyclo[3.1.0]hexane-6-carboxamide",,O=C(NCCC1(O)CN(C(=O)c2ccc(CCF)cc2)C1)C1[C@H]2COC[C@@H]12,
58251,O=C(CCC1CC1)N[C@H]1C[C@](F)(CNC(=O)C2=Cc3cc(F)ccc3OC2)C1,"3-cyclopropyl-N-((1s,3s)-3-fluoro-3-((6-fluoro-2H-1-benzopyran-3-carboxamido)methyl)cyclobutyl)propanamide",,O=C(CCC1CC1)N[C@H]1C[C@](F)(CNC(=O)C2=Cc3cc(F)ccc3OC2)C1,
58356,CC(C)[C@@H](CCNC(=O)[C@@H]1CC[C@H]2C[C@H]2CC1)NC(=O)[C@@]1(C#N)C[C@H]2CC[C@H]1C2,"(1R,4r,7S)-N-((3R)-3-((1S,2S,4S)-2-cyanobicyclo[2.2.1]heptane-2-carboxamido)-4-methylpentyl)bicyclo[5.1.0]octane-4-carboxamide",,CC(C)[C@@H](CCNC(=O)C1CC[C@@H]2C[C@@H]2CC1)NC(=O)[C@@]1(C#N)C[C@H]2CC[C@H]1C2,
58390,CO[C@H]1C[C@@H](C(=O)NC2CC3(C2)C[C@H]3NC(=O)c2ccnnc2O)C[C@H]1OC,"N-((1R)-5-((1r,3R,4S)-3,4-dimethoxycyclopentanecarboxamido)spiro[2.3]hexan-1-yl)-3-hydroxypyridazine-4-carboxamide",,CO[C@H]1CC(C(=O)NC2CC3(C2)C[C@H]3NC(=O)c2ccn[nH]c2=O)C[C@H]1OC,
58407,C[C@H](NC(=O)[C@@H]1C[C@@H]2CN(C(=O)[C@@H]3CCCCCN3C)C[C@@H]2C1)C1CCCC1,"(1R,5S,7S)-N-((1S)-1-cyclopentylethyl)-3-(((2S)-1-methylazepan-2-yl)carbonyl)-3-azabicyclo[3.3.0]octane-7-carboxamide",,C[C@H](NC(=O)C1C[C@@H]2CN(C(=O)C3CCCCCN3C)C[C@@H]2C1)C1CCCC1,
58472,O=C1O[C@H]2C[C@@H](C(=O)NC3CN(C(=O)c4ccc(C(F)F)cn4)C3)C[C@H]2O1,"(1R,5S,7r)-N-(1-((5-(difluoromethyl)pyridin-2-yl)carbonyl)azetidin-3-yl)-3-oxo-2,4-dioxabicyclo[3.3.0]octane-7-carboxamide",,O=C1O[C@H]2CC(C(=O)NC3CN(C(=O)c4ccc(C(F)F)cn4)C3)C[C@H]2O1,
58530,C[C@H]1CCO[C@H]1C(=O)N1C[C@H]2C[C@@H](C(=O)N[C@H]3CC[C@H](C)CC3)C[C@H]2C1,"(1R,5S,7R)-3-(((2R,3S)-3-methyloxolan-2-yl)carbonyl)-N-(trans-4-methylcyclohexyl)-3-azabicyclo[3.3.0]octane-7-carboxamide",,C[C@H]1CCOC1C(=O)N1C[C@H]2CC(C(=O)N[C@H]3CC[C@H](C)CC3)C[C@H]2C1,
58575,CO[C@](C)(C(=O)N[C@H]1[C@@H]2CN(C(=O)CN(C)S(=O)(=O)N(C)C)C[C@@H]21)C1CC1,"(2S)-2-cyclopropyl-N-((1R,5S,6s)-3-(2-((dimethylsulfamoyl)(methyl)amino)-acetyl)-3-azabicyclo[3.1.0]hexan-6-yl)-2-methoxypropanamide",,CO[C@](C)(C(=O)N[C@H]1[C@@H]2CN(C(=O)CN(C)S(=O)(=O)N(C)C)C[C@@H]21)C1CC1,
58841,O=C(N[C@H]1C[C@](F)(CNC(=O)C2CCC2)C1)c1cc(C(F)(F)F)cs1,"N-((1s,3s)-3-(cyclobutanecarboxamidomethyl)-3-fluorocyclobutyl)-4-(trifluoromethyl)thiophene-2-carboxamide",,O=C(N[C@H]1C[C@](F)(CNC(=O)C2CCC2)C1)c1cc(C(F)(F)F)cs1,
58965,CCn1nccc1[C@@H](C)NC(=O)[C@]1(NC(=O)C=Cc2cn(C)cn2)C[C@@H](O)C1,"(1s,3S)-N-((1R)-1-(1-ethyl-1H-pyrazol-5-yl)ethyl)-3-hydroxy-1-(3-(1-methyl-1H-imidazol-4-yl)prop-2-enamido)cyclobutanecarboxamide",,CCn1nccc1[C@@H](C)NC(=O)[C@]1(NC(=O)C=Cc2cn(C)cn2)C[C@@H](O)C1,
58981,C[C@@H](CCC(=O)NC[C@@H]1C[C@@H]2CC[C@H](C1)N2C(=O)COC1CC=CC1)CN(C)C,"(4S)-N-(((1R,3r,5S)-8-(2-((cyclopent-3-en-1-yl)oxy)-acetyl)-8-azabicyclo[3.2.1]octan-3-yl)methyl)-5-(dimethylamino)-4-methylpentanamide",,C[C@@H](CCC(=O)NC[C@H]1C[C@H]2CC[C@@H](C1)N2C(=O)COC1CC=CC1)CN(C)C,
59023,O=C1CCC[C@H](CC(=O)N2[C@@H]3COC[C@H]2C[C@@H](NC(=O)c2ccsc2Cl)C3)C1,"2-chloro-N-((1R,5S,7R)-9-(1-oxo-2-((1S)-3-oxocyclohexyl)ethyl)-3-oxa-9-azabicyclo[3.3.1]nonan-7-yl)thiophene-3-carboxamide",,O=C1CCC[C@H](CC(=O)N2[C@@H]3COC[C@H]2C[C@@H](NC(=O)c2ccsc2Cl)C3)C1,
59029,CC(=O)OCC(=O)N1[C@H]2CCC[C@@H]1C[C@@H](NC(=O)c1ccc(Br)c(Cl)c1Cl)C2,"2-((1R,3s,5S)-3-(4-bromo-2,3-dichlorobenzamido)-9-azabicyclo[3.3.1]nonan-9-yl)-2-oxoethyl acetate",,CC(=O)OCC(=O)N1[C@@H]2CCC[C@H]1C[C@H](NC(=O)c1ccc(Br)c(Cl)c1Cl)C2,
59047,Cc1cccc(CSCCCNC(=O)[C@@H]2[C@H]3CN(Cc4ccnn4C)C[C@H]32)c1,"(1R,5S,6r)-3-((1-methyl-1H-pyrazol-5-yl)methyl)-N-(3-(((3-methylphenyl)methyl)sulfanyl)propyl)-3-azabicyclo[3.1.0]hexane-6-carboxamide",,Cc1cccc(CSCCCNC(=O)C2[C@H]3CN(Cc4ccnn4C)C[C@@H]23)c1,
59095,C[C@H](CSC(F)(F)F)C(=O)N[C@@H]1C[C@@H]2CC[C@H](C1)N2C(=O)C1=CCOC1,"(2S)-N-((1R,3r,5S)-8-((2,5-dihydrofuran-3-yl)carbonyl)-8-azabicyclo[3.2.1]octan-3-yl)-2-methyl-3-((trifluoromethyl)sulfanyl)propanamide",,CC(CSC(F)(F)F)C(=O)N[C@H]1C[C@H]2CC[C@@H](C1)N2C(=O)C1=CCOC1,
59103,C[C@H]1CCO[C@H]1CC(=O)NC[C@]1(F)C[C@@H](NC(=O)CCc2cc(Cl)cc(Cl)c2)C1,"3-(3,5-dichlorophenyl)-N-((1R,3s)-3-fluoro-3-((2-((2S,3S)-3-methyloxolan-2-yl)acetamido)methyl)cyclobutyl)propanamide",,C[C@H]1CCO[C@H]1CC(=O)NC[C@]1(F)C[C@@H](NC(=O)CCc2cc(Cl)cc(Cl)c2)C1,
59313,O=C(N[C@H]1[C@@H]2CN(C(=O)/C=C/C3=CC(F)=C(F)C(F)=C3)C[C@@H]21)C1CCC=CCC1,"N-((1R,5S,6s)-3-((2E)-1-oxo-3-(3,4,5-trifluorophenyl)prop-2-en-1-yl)-3-azabicyclo[3.1.0]hexan-6-yl)cyclohept-4-ene-1-carboxamide",,O=C(N[C@H]1[C@@H]2CN(C(=O)/C=C/c3cc(F)c(F)c(F)c3)C[C@@H]21)C1CCC=CCC1,
59319,CCc1c(C(=O)N[C@H]2C[C@](C)(NC(=O)CC3CC4(COC4)C3)C2)nnn1CC,"1,5-diethyl-N-((1r,3r)-3-methyl-3-(2-(2-oxaspiro[3.3]heptan-6-yl)acetamido)cyclobutyl)-1H-1,2,3-triazole-4-carboxamide",,CCc1c(C(=O)N[C@H]2C[C@](C)(NC(=O)CC3CC4(COC4)C3)C2)nnn1CC,
59348,Cc1cccnc1C(=O)N1C[C@@H]2[C@H](C1)[C@@H]2NC(=O)[C@H](C)CS(C)(=O)=O,"(2S)-2-methyl-N-((1R,5S,6r)-3-((3-methylpyridin-2-yl)carbonyl)-3-azabicyclo[3.1.0]hexan-6-yl)-3-(methylsulfonyl)propanamide",,Cc1cccnc1C(=O)N1C[C@@H]2[C@H](C1)[C@@H]2NC(=O)C(C)CS(C)(=O)=O,
59478,C[C@]1(NC(=O)c2c[nH]c(=N)s2)C[C@@H](NC(=O)CCOc2ccc(F)cc2F)C1,"N-((1s,3s)-3-(3-((2,4-difluorophenyl)oxy)propanamido)-1-methylcyclobutyl)-2-imino-3H-1,3-thiazole-5-carboxamide",,C[C@]1(NC(=O)c2cnc(N)s2)C[C@@H](NC(=O)CCOc2ccc(F)cc2F)C1,
59558,CC(C)Cn1nccc1C(=O)NC[C@]1(F)C[C@@H](NC(=O)Cc2c(Cl)cnn2C)C1,"N-(((1s,3s)-3-(2-(4-chloro-1-methyl-1H-pyrazol-5-yl)acetamido)-1-fluorocyclobutyl)methyl)-1-(2-methylpropyl)-1H-pyrazole-5-carboxamide",,CC(C)Cn1nccc1C(=O)NC[C@]1(F)C[C@@H](NC(=O)Cc2c(Cl)cnn2C)C1,
59603,Cc1cc(C(=O)N[C@H]2C[C@@H]3CN(C(=O)c4cc(C#N)c[nH]4)C[C@@H]3C2)c(C)cc1Br,"4-bromo-2,5-dimethyl-N-((1R,5S,7s)-3-((4-(nitrilomethyl)-1H-pyrrol-2-yl)carbonyl)-3-azabicyclo[3.3.0]octan-7-yl)benzamide",,Cc1cc(C(=O)N[C@H]2C[C@@H]3CN(C(=O)c4cc(C#N)c[nH]4)C[C@@H]3C2)c(C)cc1Br,
59681,O=C(N[C@H]1[C@@H]2CN(C(=O)c3coc4c3CSC4)C[C@@H]21)c1coc(C2CC2)n1,"2-cyclopropyl-N-((1R,5S,6s)-3-((2-oxa-7-thiabicyclo[3.3.0]octa-1(5),3-dien-4-yl)carbonyl)-3-azabicyclo[3.1.0]hexan-6-yl)-1,3-oxazole-4-carboxamide",,O=C(N[C@H]1[C@@H]2CN(C(=O)c3coc4c3CSC4)C[C@@H]21)c1coc(C2CC2)n1,
59685,Cn1cc2c(n1)C[C@@H](C(=O)NCC(C)(C)NC(=O)C1=C[S@@](=O)CCC1)NC2=O,"(6S)-2-methyl-N-(2-methyl-2-((1S)-1-oxo-2H,3H,4H-thiopyran-5-carboxamido)propyl)-4-oxo-4,5,6,7-tetrahydro-1H-pyrazolo[4,3-c]pyridine-6-carboxamide",CN1NC2=C(C(N[C@@H](C2)C(=O)NCC(C)(NC(=O)C=2CCC[S@@](C2)=O)C)=O)C1,Cn1cc2c(n1)CC(C(=O)NCC(C)(C)NC(=O)C1=C[S@@+]([O-])CCC1)NC2=O,CN1CC2C(=O)NC(C(=O)NCC(C)(C)NC(=O)C3=C[S@@+]([O-])CCC3)CC2=N1
59730,C=C(Cl)CCC(=O)N[C@]1(C)C[C@H](C(=O)NC23CC(C)(C2)C3)C1,"4-chloro-N-((1s,3s)-1-methyl-3-((3-methylbicyclo[1.1.1]pentan-1-yl)carbamoyl)cyclobutyl)pent-4-enamide",,C=C(Cl)CCC(=O)NC1(C)CC(C(=O)NC23CC(C)(C2)C3)C1,
59785,Cc1cc(C)c(C(=O)N[C@]2(C)C[C@H](NC(=O)Cn3ncc(C#N)c3N)C2)cc1C,"N-((1s,3s)-3-(2-(5-amino-4-(nitrilomethyl)-1H-pyrazol-1-yl)acetamido)-1-methylcyclobutyl)-2,4,5-trimethylbenzamide",,Cc1cc(C)c(C(=O)N[C@]2(C)C[C@H](NC(=O)Cn3ncc(C#N)c3N)C2)cc1C,
59881,C[C@H]1CN(C(=O)[C@@H]2CCN2C)C[C@@H](C)[C@@H]1NC(=O)CCCn1cncn1,"N-((3R,4S,5S)-3,5-dimethyl-1-(((2S)-1-methylazetidin-2-yl)carbonyl)piperidin-4-yl)-4-(1H-1,2,4-triazol-1-yl)butanamide",,C[C@@H]1CN(C(=O)C2CCN2C)C[C@H](C)[C@H]1NC(=O)CCCn1cncn1,
59901,CC1(C(=O)N2[C@H]3CC[C@@H]2C[C@@H](NC(=O)c2ccc(O)nn2)C3)CC2(CC2)C1,"6-hydroxy-N-((1R,3s,5S)-8-((5-methylspiro[2.3]hexan-5-yl)carbonyl)-8-azabicyclo[3.2.1]octan-3-yl)pyridazine-3-carboxamide",,CC1(C(=O)N2[C@@H]3CC[C@H]2C[C@H](NC(=O)c2ccc(=O)[nH]n2)C3)CC2(CC2)C1,
59904,Cn1nnc2c1[C@@H](C(=O)NC[C@@H]1C[C@@H]3C[C@H]1CN3C(=O)C1=COCCO1)CCC2,"(4S)-N-(((1R,4R,5R)-2-((5,6-dihydro-1,4-dioxin-2-yl)carbonyl)-2-azabicyclo[2.2.1]heptan-5-yl)methyl)-3-methyl-4,5,6,7-tetrahydro-1H-benzotriazole-4-carboxamide",O1C(=COCC1)C(=O)N1[C@@H]2C[C@H]([C@H](C1)C2)CNC(=O)[C@H]2CCCC=1NNN(C12)C,Cn1nnc2c1C(C(=O)NC[C@@H]1C[C@@H]3C[C@H]1CN3C(=O)C1=COCCO1)CCC2,CN1NNC2=C1C(C(=O)NC[C@@H]1C[C@@H]3C[C@H]1CN3C(=O)C1=COCCO1)CCC2
60109,CN1CCC[C@@H]1CCC(=O)NC[C@H]1[C@@H]2CN(C(=O)c3ccc4cccnn34)C[C@H]12,"N-(((1R,5S,6r)-3-((1,2-diazabicyclo[4.3.0]nona-2,4,6,8-tetraen-9-yl)carbonyl)-3-azabicyclo[3.1.0]hexan-6-yl)methyl)-3-((2R)-1-methylpyrrolidin-2-yl)propanamide",,CN1CCC[C@@H]1CCC(=O)NC[C@@H]1[C@H]2CN(C(=O)c3ccc4cccnn34)C[C@@H]12,
60165,CCSC1CN(C(=O)[C@H]2C[C@@](C)(NC(=O)CCN(C)CCO)C2)C1,"N-((1s,3s)-3-((3-(ethylsulfanyl)azetidin-1-yl)carbonyl)-1-methylcyclobutyl)-3-((2-hydroxyethyl)(methyl)amino)propanamide",,CCSC1CN(C(=O)C2CC(C)(NC(=O)CCN(C)CCO)C2)C1,
60204,O=C([C@@H]1[C@H]2COC[C@H]21)N1CCN(C(=O)c2ncccn2)[C@@H](C2CCCC2)C1,"1-((2S)-2-cyclopentyl-4-(((1R,5S,6r)-3-oxabicyclo[3.1.0]hexan-6-yl)carbonyl)piperazin-1-yl)-1-(pyrimidin-2-yl)methanone",,O=C(C1[C@H]2COC[C@@H]12)N1CCN(C(=O)c2ncccn2)[C@@H](C2CCCC2)C1,
60232,O=C(NC[C@@H]1C[C@H]2CN(C(=O)c3cncc(Cl)c3)C[C@@H]12)[C@@H]1C[C@@H]2CC[C@@H]2C1,"(1R,3r,5S)-N-(((1R,5S,6R)-3-((5-chloropyridin-3-yl)carbonyl)-3-azabicyclo[3.2.0]heptan-6-yl)methyl)bicyclo[3.2.0]heptane-3-carboxamide",,O=C(NC[C@@H]1C[C@H]2CN(C(=O)c3cncc(Cl)c3)C[C@@H]12)C1C[C@H]2CC[C@H]2C1,
60239,C[C@@H](C(=O)N(C)[C@H]1[C@@H]2CN(C(=O)c3ccc4c(c3)CCC4=O)C[C@@H]21)c1ccsc1,"(2R)-N-methyl-N-((1R,5S,6s)-3-((1-oxo-2,3-dihydro-1H-inden-5-yl)carbonyl)-3-azabicyclo[3.1.0]hexan-6-yl)-2-(thiophen-3-yl)propanamide",,CC(C(=O)N(C)[C@H]1[C@@H]2CN(C(=O)c3ccc4c(c3)CCC4=O)C[C@@H]21)c1ccsc1,
60256,COC(=O)[C@@H]1CC[C@H](C(=O)N[C@H]2C[C@](C)(NC(=O)Cn3nnc(C)n3)C2)O1,"methyl (2S,5R)-5-(((1r,3R)-3-methyl-3-(2-(5-methyl-2H-tetrazol-2-yl)acetamido)cyclobutyl)carbamoyl)oxolane-2-carboxylate",,COC(=O)C1CCC(C(=O)N[C@H]2C[C@](C)(NC(=O)Cn3nnc(C)n3)C2)O1,
60259,C=C1CC(C(=O)NC[C@H]2[C@@H]3CN(C(=O)c4ns[nH]c4=O)C[C@H]23)(C(F)(F)F)C1,"3-methylidene-N-(((1R,5S,6r)-3-((4-oxo-5H-1,2,5-thiadiazol-3-yl)carbonyl)-3-azabicyclo[3.1.0]hexan-6-yl)methyl)-1-(trifluoromethyl)cyclobutanecarboxamide",,C=C1CC(C(=O)NC[C@@H]2[C@H]3CN(C(=O)c4ns[nH]c4=O)C[C@@H]23)(C(F)(F)F)C1,
60319,CC1(C)CO[C@@H](C(=O)N2C[C@H]3[C@H](CNC(=O)COCc4ccccc4Cl)[C@H]3C2)C1,"2-(((2-chlorophenyl)methyl)oxy)-N-(((1R,5S,6R)-3-(((2R)-4,4-dimethyloxolan-2-yl)carbonyl)-3-azabicyclo[3.1.0]hexan-6-yl)methyl)acetamide",,CC1(C)COC(C(=O)N2C[C@@H]3[C@@H](CNC(=O)COCc4ccccc4Cl)[C@@H]3C2)C1,
60324,C#Cc1ccc(C(=O)N[C@H](C)/C=C/C(=O)NC[C@H]2C[C@@H]3CCC[C@@H]3C2)nc1,"5-(ethynyl)-N-((2R,3E)-5-((((2s,3aR,6aS)-octahydropentalen-2-yl)methyl)amino)-5-oxopent-3-en-2-yl)pyridine-2-carboxamide",,C#Cc1ccc(C(=O)N[C@H](C)/C=C/C(=O)NC[C@@H]2C[C@H]3CCC[C@H]3C2)nc1,
60338,CCc1nccnc1C(=O)N1CC[C@](C)(CC(=O)NC[C@]2(O)C[C@@H](O)C2)C1,"N-(((1s,3S)-1,3-dihydroxycyclobutyl)methyl)-2-((3R)-1-((3-ethylpyrazin-2-yl)carbonyl)-3-methylpyrrolidin-3-yl)acetamide",,CCc1nccnc1C(=O)N1CC[C@](C)(CC(=O)NC[C@]2(O)C[C@@H](O)C2)C1,
60360,C[C@H](CCCNC(=O)[C@H]1C[C@@H]2C[C@H](C1)CC(F)(F)C2)NC(=O)COC(C)(C)C,"(1R,3s,5S)-N-((4R)-4-(2-(tert-butoxy)acetamido)pentyl)-7,7-difluorobicyclo[3.3.1]nonane-3-carboxamide",,C[C@H](CCCNC(=O)C1C[C@@H]2C[C@H](C1)CC(F)(F)C2)NC(=O)COC(C)(C)C,
60442,Cc1sc(C)c2sc(C(=O)N[C@H]3C[C@](C)(NC(=O)C=Cc4cncn4C)C3)cc12,"6,8-dimethyl-N-((1r,3r)-3-methyl-3-(3-(1-methyl-1H-imidazol-5-yl)prop-2-enamido)cyclobutyl)-2,7-dithiabicyclo[3.3.0]octa-1(8),3,5-triene-3-carboxamide",,Cc1sc(C)c2sc(C(=O)N[C@H]3C[C@](C)(NC(=O)C=Cc4cncn4C)C3)cc12,
60512,C=CCO[C@@H](C)C(=O)N[C@]1(C)C[C@H](C(=O)N(C)Cc2sccc2C)C1,"(2S)-N-((1s,3R)-1-methyl-3-(((3-methylthiophen-2-yl)methyl)(methyl)carbamoyl)cyclobutyl)-2-((prop-2-en-1-yl)oxy)propanamide",,C=CCOC(C)C(=O)NC1(C)CC(C(=O)N(C)Cc2sccc2C)C1,
60544,CCOC(=O)NCC(=O)N1C[C@H]2[C@H](N(C)C(=O)CCCOCCOC)[C@H]2C1,"ethyl ((2-((1R,5S,6s)-6-(N-methyl-4-((2-methoxyethyl)oxy)butanamido)-3-azabicyclo[3.1.0]hexan-3-yl)-2-oxoethyl)amino)formate",,CCOC(=O)NCC(=O)N1C[C@@H]2[C@H](C1)[C@H]2N(C)C(=O)CCCOCCOC,
60584,C[C@@H]1CC[C@H](NC(=O)C[C@@H]2C=CCC2)CN1C(=O)[C@@H]1C[C@@H]2C[C@@H]2C1,"N-((3S,6R)-1-(((1R,3r,5S)-bicyclo[3.1.0]hexan-3-yl)carbonyl)-6-methylpiperidin-3-yl)-2-((1R)-cyclopent-2-en-1-yl)acetamide",,C[C@@H]1CC[C@H](NC(=O)C[C@@H]2C=CCC2)CN1C(=O)C1C[C@@H]2C[C@@H]2C1,
60594,CO[C@H]1C[C@@H](OC)C[C@H](OC(=O)c2c(C)nn(-c3ccccc3C)c2C)C1,"(1r,3R,5S)-3,5-dimethoxycyclohexyl 3,5-dimethyl-1-(2-methylphenyl)-1H-pyrazole-4-carboxylate",,CO[C@@H]1C[C@H](OC)C[C@@H](OC(=O)c2c(C)nn(-c3ccccc3C)c2C)C1,
60799,CC(C)(C)CC(=O)N[C@@H]1[C@H]2C[C@H](NC(=O)c3n[nH]c4c3COC4)C[C@H]21,"3,3-dimethyl-N-((1R,3s,5S,6r)-3-(3-oxa-6,7-diazabicyclo[3.3.0]octa-1(5),7-diene-8-carboxamido)bicyclo[3.1.0]hexan-6-yl)butanamide",,CC(C)(C)CC(=O)N[C@H]1[C@@H]2C[C@@H](NC(=O)c3[nH]nc4c3COC4)C[C@@H]21,
60837,CC1(C)C[C@H](CNC(=O)c2cnn3ccncc23)CN(C(=O)[C@H]2C[C@@H]3C[C@@H]3C2)C1,"N-(((3R)-1-(((1R,3s,5S)-bicyclo[3.1.0]hexan-3-yl)carbonyl)-5,5-dimethylpiperidin-3-yl)methyl)-1,4,9-triazabicyclo[4.3.0]nona-2,4,6,8-tetraene-7-carboxamide",,CC1(C)C[C@H](CNC(=O)c2cnn3ccncc23)CN(C(=O)C2C[C@@H]3C[C@@H]3C2)C1,
60883,C=C[C@@H](C)CC(=O)N1C[C@H]2[C@H](CC(=O)NCCCCN(C)C)[C@H]2C1,"N-(4-(dimethylamino)butyl)-2-((1R,5S,6R)-3-((3S)-3-methyl-1-oxopent-4-en-1-yl)-3-azabicyclo[3.1.0]hexan-6-yl)acetamide",,C=C[C@@H](C)CC(=O)N1C[C@@H]2[C@@H](CC(=O)NCCCCN(C)C)[C@@H]2C1,
60894,C[C@@]1(C(=O)N[C@H]2CN(C(=O)C=CC=C(Cl)Cl)C3(CCC3)C2)C[C@@H]2C[C@@H]2C1,"(1R,3r,5S)-N-((7R)-5-(5,5-dichloro-1-oxopenta-2,4-dien-1-yl)-5-azaspiro[3.4]octan-7-yl)-3-methylbicyclo[3.1.0]hexane-3-carboxamide",,C[C@]1(C(=O)N[C@H]2CN(C(=O)C=CC=C(Cl)Cl)C3(CCC3)C2)C[C@H]2C[C@H]2C1,
60936,CC1(C)O[C@H]2C[C@H](C(=O)NC[C@H]3CCCN(C(=O)C4CS(=O)(=O)C4)C3)C[C@H]2O1,"(1R,5S,7s)-N-(((3R)-1-((1,1-dioxothietan-3-yl)carbonyl)piperidin-3-yl)methyl)-3,3-dimethyl-2,4-dioxabicyclo[3.3.0]octane-7-carboxamide",,CC1(C)O[C@H]2CC(C(=O)NC[C@H]3CCCN(C(=O)C4CS(=O)(=O)C4)C3)C[C@H]2O1,
60981,O=C(NCC1CN(C(=O)[C@@H]2[C@@H]3C[C@H]3[C@H]3C[C@H]32)C1)c1ccc(OC(F)(F)F)c(Cl)c1,"3-chloro-N-((1-(((1S,2R,4R,5R,6R)-tricyclo[4.1.0.0^{2,4}]heptan-5-yl)carbonyl)azetidin-3-yl)methyl)-4-((trifluoromethyl)oxy)benzamide",,O=C(NCC1CN(C(=O)C2[C@@H]3C[C@@H]3[C@@H]3C[C@@H]23)C1)c1ccc(OC(F)(F)F)c(Cl)c1,
61007,CC(C)NC(=O)NC(=O)[C@@H](C)N1C[C@H]2[C@H](CNC(=O)C3CCC(F)CC3)[C@H]2C1,"(2R)-2-((1R,5S,6R)-6-((4-fluorocyclohexanecarboxamido)methyl)-3-azabicyclo[3.1.0]hexan-3-yl)-N-((propan-2-yl)carbamoyl)propanamide",,CC(C)NC(=O)NC(=O)C(C)N1C[C@@H]2[C@@H](CNC(=O)C3CCC(F)CC3)[C@@H]2C1,
61023,O=C(NC1(CCNC(=O)[C@H]2C[C@@H]3CC[C@H](C2)O3)CCC1)c1cc(F)c[nH]1,"4-fluoro-N-(1-(2-((1R,3s,5S)-8-oxabicyclo[3.2.1]octane-3-carboxamido)ethyl)cyclobutyl)-1H-pyrrole-2-carboxamide",,O=C(NC1(CCNC(=O)C2C[C@H]3CC[C@@H](C2)O3)CCC1)c1cc(F)c[nH]1,
61086,Cc1ccc(C(=O)NC[C@]2(F)C[C@H](NC(=O)C=C3CCN(C)C3)C2)c(F)c1F,"2,3-difluoro-N-(((1r,3r)-1-fluoro-3-(2-(1-methylpyrrolidin-3-ylidene)acetamido)cyclobutyl)methyl)-4-methylbenzamide",,Cc1ccc(C(=O)NC[C@]2(F)C[C@H](NC(=O)C=C3CCN(C)C3)C2)c(F)c1F,
61132,CC(=O)O[C@H](C(=O)N[C@H]1C[C@](F)(CNC(=O)[C@@H]2CC(=O)N(C)C2)C1)C(F)(F)F,"(2R)-1,1,1-trifluoro-3-(((1S,3S)-3-fluoro-3-(((3R)-1-methyl-5-oxopyrrolidine-3-carboxamido)methyl)cyclobutyl)amino)-3-oxopropan-2-yl acetate",,CC(=O)OC(C(=O)N[C@H]1C[C@](F)(CNC(=O)C2CC(=O)N(C)C2)C1)C(F)(F)F,
61166,COc1ccc(COCC(=O)NC[C@H]2[C@@H]3CN(C(=O)COC(F)F)C[C@H]23)cn1,"N-(((1R,5S,6r)-3-(2-((difluoromethyl)oxy)-acetyl)-3-azabicyclo[3.1.0]hexan-6-yl)methyl)-2-(((6-methoxypyridin-3-yl)methyl)oxy)acetamide",,COc1ccc(COCC(=O)NC[C@@H]2[C@H]3CN(C(=O)COC(F)F)C[C@@H]23)cn1,
61236,CCNC(=O)CN(C)C(=O)[C@H]1C=CCN1C(=O)[C@@H]1[C@H]2COC[C@H]21,"N-ethyl-2-(N-methyl(2R)-1-(((1R,5S,6r)-3-oxabicyclo[3.1.0]hexan-6-yl)carbonyl)-2,5-dihydro-1H-pyrrole-2-carboxamido)acetamide",,CCNC(=O)CN(C)C(=O)C1C=CCN1C(=O)C1[C@H]2COC[C@@H]12,
61271,O=C(CSCC(F)(F)F)NC1C[C@@H]2CCC[C@H](C1)N2C(=O)[C@H]1C[C@@H]2CC[C@H](C1)O2,"N-((1R,5S)-9-(((1R,3s,5S)-8-oxabicyclo[3.2.1]octan-3-yl)carbonyl)-9-azabicyclo[3.3.1]nonan-3-yl)-2-((2,2,2-trifluoroethyl)sulfanyl)acetamide",,O=C(CSCC(F)(F)F)NC1C[C@H]2CCC[C@@H](C1)N2C(=O)C1C[C@H]2CC[C@@H](C1)O2,
61285,Cc1cc(C(=O)N2C[C@H]3[C@@H](C2)[C@@H]3C(=O)N[C@H]2CCCC3(CC2)CC3)cs1,"(1R,5S,6r)-3-((5-methylthiophen-3-yl)carbonyl)-N-((6S)-spiro[2.6]nonan-6-yl)-3-azabicyclo[3.1.0]hexane-6-carboxamide",,Cc1cc(C(=O)N2C[C@@H]3C(C(=O)N[C@H]4CCCC5(CC4)CC5)[C@@H]3C2)cs1,
61355,CN(C(=O)Cn1ncn2nccc2c1=O)[C@H]1[C@@H]2CN(C(=O)C(C)(C)CO)C[C@@H]21,"N-((1R,5S,6s)-3-(3-hydroxy-2,2-dimethyl-propionyl)-3-azabicyclo[3.1.0]hexan-6-yl)-N-methyl-2-(5-oxo-1,3,4,9-tetraazabicyclo[4.3.0]nona-2,6,8-trien-4-yl)acetamide",,CN(C(=O)Cn1ncn2nccc2c1=O)[C@H]1[C@@H]2CN(C(=O)C(C)(C)CO)C[C@@H]21,
61402,CC(C)[C@@H](NC(N)=O)C(=O)N[C@H]1[C@@H]2CN(C(=O)[C@H](c3cc[nH]n3)C(C)(C)C)C[C@@H]21,"(2R)-2-(carbamoylamino)-N-((1R,5S,6R)-3-((2S)-3,3-dimethyl-1-oxo-2-(1H-pyrazol-3-yl)butyl)-3-azabicyclo[3.1.0]hexan-6-yl)-3-methylbutanamide",,CC(C)C(NC(N)=O)C(=O)N[C@H]1[C@@H]2CN(C(=O)C(c3cc[nH]n3)C(C)(C)C)C[C@@H]21,
61468,COc1cc(NC(=O)NC[C@]2(F)C[C@H](NC(=O)OC(C)(C)C)C2)ncn1,"tert-butyl (((1r,3r)-3-fluoro-3-((((6-methoxypyrimidin-4-yl)carbamoyl)amino)methyl)cyclobutyl)amino)formate",,COc1cc(NC(=O)NC[C@]2(F)C[C@H](NC(=O)OC(C)(C)C)C2)ncn1,
61471,CC(C)N1CCC[C@H]1CC(=O)N[C@@H]1[C@H]2C[C@H](NC(=O)c3cnc[nH]3)C[C@H]21,"N-((1R,3R,5S,6r)-3-(1H-imidazole-5-carboxamido)bicyclo[3.1.0]hexan-6-yl)-2-((2S)-1-(propan-2-yl)pyrrolidin-2-yl)acetamide",,CC(C)N1CCC[C@H]1CC(=O)N[C@H]1[C@@H]2C[C@@H](NC(=O)c3c[nH]cn3)C[C@@H]21,
61529,C=CCC1(C(=O)N(C)C[C@@H](O)CN(C)C(=O)c2cc3c([nH]2)CCCC3=O)CCC1,"N-((2R)-2-hydroxy-3-(N-methyl-1-(prop-2-en-1-yl)cyclobutanecarboxamido)propyl)-N-methyl-2-oxo-7-azabicyclo[4.3.0]nona-1(6),8-diene-8-carboxamide",O[C@@H](CN(C(=O)C=1NC=2CCCC(C2C1)=O)C)CN(C(=O)C1(CCC1)CC=C)C,C=CCC1(C(=O)N(C)C[C@@H](O)CN(C)C(=O)c2cc3c([nH]2)CCCC3=O)CCC1,C=CCC1(C(=O)N(C)C[C@@H](O)CN(C)C(O)c2cc3c(O)cccc3[nH]2)CCC1
61560,CC(C)(C)/C=C/C(=O)NC[C@]1(F)C[C@@H](CNC(=O)c2cc3c(nn2)CCCC3)C1,"(2E)-N-(((1s,3s)-1-fluoro-3-((5,6,7,8-tetrahydrocinnoline-3-carboxamido)methyl)cyclobutyl)methyl)-4,4-dimethylpent-2-enamide",,CC(C)(C)/C=C/C(=O)NC[C@]1(F)C[C@@H](CNC(=O)c2cc3c(nn2)CCCC3)C1,
61626,Cc1cc(CC(=O)NCCC2CCN(C(=O)[C@@H]3C[C@@H]4CSC[C@@H](C4)C3)CC2)sn1,"2-(3-methyl-1,2-thiazol-5-yl)-N-(2-(1-(((1R,5S,7r)-3-thiabicyclo[3.3.1]nonan-7-yl)carbonyl)piperidin-4-yl)ethyl)acetamide",,Cc1cc(CC(=O)NCCC2CCN(C(=O)C3C[C@H]4CSC[C@@H](C3)C4)CC2)sn1,
61657,Cc1nc(C2CC2)oc1C(=O)N[C@H]1[C@@H]2CN(C(=O)c3cc(C(N)=O)cn3C)C[C@@H]21,"N-((1R,5S,6s)-3-((4-carbamoyl-1-methyl-1H-pyrrol-2-yl)carbonyl)-3-azabicyclo[3.1.0]hexan-6-yl)-2-cyclopropyl-4-methyl-1,3-oxazole-5-carboxamide",,Cc1nc(C2CC2)oc1C(=O)N[C@H]1[C@@H]2CN(C(=O)c3cc(C(N)=O)cn3C)C[C@@H]21,
61682,Cn1cc(C(=O)N[C@@H]2C[C@@H]3C[C@H](NC(=O)C[C@@H]4CCC[C@H]4O)C[C@@H]3C2)ncc1=O,"N-((2S,3aR,5s,6aS)-5-(2-((1S,2R)-2-hydroxycyclopentyl)acetamido)octahydropentalen-2-yl)-4-methyl-5-oxo-4H-pyrazine-2-carboxamide",,Cn1cc(C(=O)N[C@H]2C[C@H]3C[C@@H](NC(=O)C[C@@H]4CCC[C@H]4O)C[C@H]3C2)ncc1=O,
61700,CCC[C@@](C)(O)C(=O)N[C@H]1C[C@](C)(NC(=O)CCC(=O)NN(C)C)C1,"(2R)-N-((1r,3R)-3-(4-(N',N'-dimethylhydrazinyl)-4-oxobutanamido)-3-methylcyclobutyl)-2-hydroxy-2-methylpentanamide",,CCC[C@@](C)(O)C(=O)N[C@H]1C[C@](C)(NC(=O)CCC(=O)NN(C)C)C1,
61756,COc1ncc(C=CC(=O)N2C[C@H]3[C@H](N(C)C(=O)CCCCC(F)F)[C@H]3C2)cn1,"6,6-difluoro-N-((1R,5S,6s)-3-(3-(2-methoxypyrimidin-5-yl)-1-oxoprop-2-en-1-yl)-3-azabicyclo[3.1.0]hexan-6-yl)-N-methylhexanamide",,COc1ncc(C=CC(=O)N2C[C@@H]3[C@H](C2)[C@H]3N(C)C(=O)CCCCC(F)F)cn1,
61769,C[C@@H](C[C@@H](C)NC(=O)C1(C)CCOCC1)NC(=O)[C@@H]1C[C@@H]2C[C@@H]2C1,"N-((2R,4S)-4-((1R,3r,5S)-bicyclo[3.1.0]hexane-3-carboxamido)pentan-2-yl)-4-methyloxane-4-carboxamide",,C[C@H](C[C@H](C)NC(=O)C1C[C@@H]2C[C@@H]2C1)NC(=O)C1(C)CCOCC1,
61795,CC(C)(C)OC(=O)N1CC(O)(c2c[nH]c(=NC[C@@H]3[C@H]4CCCC[C@H]43)s2)C1,"tert-butyl 3-(2-((((1R,6S,7r)-bicyclo[4.1.0]heptan-7-yl)methyl)imino)-3H-1,3-thiazol-5-yl)-3-hydroxyazetidine-1-carboxylate",,CC(C)(C)OC(=O)N1CC(O)(c2cnc(NC[C@H]3[C@@H]4CCCC[C@@H]43)s2)C1,
61818,CO[C@H]1C[C@H](C(=O)N[C@H]2CC[C@H](NC(=O)[C@H]3CCCC(=O)N3C)CC2)C[C@H]1OC,"(2R)-1-methyl-6-oxo-N-(trans-4-((1s,3R,4S)-3,4-dimethoxycyclopentanecarboxamido)cyclohexyl)piperidine-2-carboxamide",,CO[C@H]1CC(C(=O)N[C@H]2CC[C@H](NC(=O)C3CCCC(=O)N3C)CC2)C[C@H]1OC,
61905,C[C@H]1[C@@H](C)[C@@H]1C(=O)N1CC[C@@H](NC(=O)c2ccc(N(C)C)cn2)[C@@H]1C(C)(C)C,"N-((2S,3R)-2-(tert-butyl)-1-(((1r,2R,3S)-2,3-dimethylcyclopropyl)carbonyl)pyrrolidin-3-yl)-5-(dimethylamino)pyridine-2-carboxamide",,C[C@@H]1C(C(=O)N2CC[C@@H](NC(=O)c3ccc(N(C)C)cn3)[C@@H]2C(C)(C)C)[C@@H]1C,
61910,CSC[C@@H](O)C(=O)N[C@H]1C[C@@](C)(NC(=O)C(=O)NCC(F)(F)F)C1,"N-((1R,3s)-3-((2S)-2-hydroxy-3-(methylsulfanyl)propanamido)-1-methylcyclobutyl)-N'-(2,2,2-trifluoroethyl)ethanediamide",,CSCC(O)C(=O)N[C@H]1C[C@@](C)(NC(=O)C(=O)NCC(F)(F)F)C1,
61916,CSc1cccc(C(=O)N[C@H]2C[C@@](F)(CNC(=O)[C@@H]3CCC(C)(C)CO3)C2)c1,"(2S)-N-(((1r,3S)-1-fluoro-3-(3-(methylsulfanyl)benzamido)cyclobutyl)methyl)-5,5-dimethyloxane-2-carboxamide",,CSc1cccc(C(=O)N[C@H]2C[C@@](F)(CNC(=O)C3CCC(C)(C)CO3)C2)c1,
61988,CCOC[C@H](C)C(=O)N(C)[C@H]1C[C@@H]2CC[C@H](C1)N2C(=O)c1cc(CC)ccc1C,"(2S)-3-ethoxy-N-((1R,3s,5S)-8-((5-ethyl-2-methylphenyl)carbonyl)-8-azabicyclo[3.2.1]octan-3-yl)-2,N-dimethylpropanamide",,CCOCC(C)C(=O)N(C)[C@@H]1C[C@H]2CC[C@@H](C1)N2C(=O)c1cc(CC)ccc1C,
62056,C[C@]1(O)C[C@@H](CNC(=O)[C@H]2CCC[C@H]2NC(=O)CCOC2CCC2)C1,"(1S,2R)-2-(3-(cyclobutoxy)propanamido)-N-(((1s,3R)-3-hydroxy-3-methylcyclobutyl)methyl)cyclopentanecarboxamide",,C[C@]1(O)C[C@@H](CNC(=O)C2CCC[C@H]2NC(=O)CCOC2CCC2)C1,
62119,[N-]=[N+]=NCC(=O)N1C[C@H]2[C@@H](C1)[C@@H]2C(=O)N1C[C@H](O)C[C@@H](O)C1,"2-azido-1-((1R,5S,6r)-6-(((3R,5R)-3,5-dihydroxypiperidin-1-yl)carbonyl)-3-azabicyclo[3.1.0]hexan-3-yl)ethan-1-one",,[N-]=[N+]=NCC(=O)N1C[C@@H]2C(C(=O)N3C[C@H](O)C[C@@H](O)C3)[C@@H]2C1,
62168,COCC1(CC(=O)NC[C@]2(F)C[C@@H](NC(=O)c3cc(Br)cn3C)C2)CC1,"N-(((1s,3s)-3-(4-bromo-1-methyl-1H-pyrrole-2-carboxamido)-1-fluorocyclobutyl)methyl)-2-(1-(methoxymethyl)cyclopropyl)acetamide",,COCC1(CC(=O)NC[C@]2(F)C[C@@H](NC(=O)c3cc(Br)cn3C)C2)CC1,
62227,COC(=O)c1csc(CC(=O)N[C@H]2C[C@H](NC(=O)[C@]34CC[C@H](CC3)C4(C)C)C2)c1,"methyl 5-(2-oxo-2-((trans-3-(7,7-dimethylbicyclo[2.2.1]heptane-1-carboxamido)cyclobutyl)amino)ethyl)thiophene-3-carboxylate",O=C(CC1=CC(=CS1)C(=O)OC)N[C@@H]1C[C@H](C1)NC(=O)C12CCC(CC1)C2(C)C,COC(=O)c1csc(CC(=O)N[C@H]2C[C@H](NC(=O)[C@]34CC[C@H](CC3)C4(C)C)C2)c1,COC(=O)c1csc(CC(=O)N[C@H]2C[C@H](NC(=O)C34CCC(CC3)C4(C)C)C2)c1
62291,CC[C@H](CNC(=O)[C@@H]1C[C@H]1c1c(F)cccc1Br)NC(=O)[C@@H]1[C@H]2CCC[C@H]21,"(1R,5S,6r)-N-((2R)-1-((1R,2R)-2-(2-bromo-6-fluorophenyl)cyclopropanecarboxamido)butan-2-yl)bicyclo[3.1.0]hexane-6-carboxamide",,CC[C@H](CNC(=O)C1C[C@H]1c1c(F)cccc1Br)NC(=O)C1[C@H]2CCC[C@@H]12,
62323,CC=CC(=O)N[C@H]1C[C@](F)(CNC(=O)CCCc2nc(C(C)(C)C)no2)C1,"N-((1s,3s)-3-((4-(3-(tert-butyl)-1,2,4-oxadiazol-5-yl)butanamido)methyl)-3-fluorocyclobutyl)but-2-enamide",,CC=CC(=O)N[C@H]1C[C@](F)(CNC(=O)CCCc2nc(C(C)(C)C)no2)C1,
62427,COC(=O)[C@]1(S(C)(=O)=O)C[C@H](NC(=O)NCc2cc3sccc3s2)C1,"methyl (1r,3r)-1-(methylsulfonyl)-3-((((thieno[3,2-b]thiophen-2-yl)methyl)carbamoyl)amino)cyclobutanecarboxylate",,COC(=O)[C@]1(S(C)(=O)=O)C[C@H](NC(=O)NCc2cc3sccc3s2)C1,
62555,Cc1ccc(NC(=O)C[C@H]2[C@@H]3CN(C(=O)c4ncsc4C)C[C@H]23)c(F)c1F,"N-(2,3-difluoro-4-methylphenyl)-2-((1R,5S,6s)-3-((5-methyl-1,3-thiazol-4-yl)carbonyl)-3-azabicyclo[3.1.0]hexan-6-yl)acetamide",,Cc1ccc(NC(=O)C[C@@H]2[C@H]3CN(C(=O)c4ncsc4C)C[C@@H]23)c(F)c1F,
62663,Cc1nn(C)c(N)c1C(=O)NCC[C@H]1CN(C(=O)[C@H]2CC[C@H]3C[C@H]3CC2)CCO1,"5-amino-N-(2-((2S)-4-(((1R,4s,7S)-bicyclo[5.1.0]octan-4-yl)carbonyl)morpholin-2-yl)ethyl)-1,3-dimethyl-1H-pyrazole-4-carboxamide",,Cc1nn(C)c(N)c1C(=O)NCC[C@H]1CN(C(=O)C2CC[C@@H]3C[C@@H]3CC2)CCO1,
62688,CSc1c(C(=O)N2C[C@H]3[C@H](CNC(=O)CCc4c(C)n[nH]c4C)[C@H]3C2)cnn1C,"3-(3,5-dimethyl-1H-pyrazol-4-yl)-N-(((1R,5S,6r)-3-((1-methyl-5-(methylsulfanyl)-1H-pyrazol-4-yl)carbonyl)-3-azabicyclo[3.1.0]hexan-6-yl)methyl)propanamide",,CSc1c(C(=O)N2C[C@@H]3[C@@H](CNC(=O)CCc4c(C)n[nH]c4C)[C@@H]3C2)cnn1C,
62695,CSCCCCCC(=O)N[C@@H]1C[C@H]2[C@@H](C1)[C@@H]2NC(=O)CN1[C@H](C)CC[C@H]1C,"N-((1R,3R,5S,6r)-6-(2-((2R,5R)-2,5-dimethylpyrrolidin-1-yl)acetamido)bicyclo[3.1.0]hexan-3-yl)-6-(methylsulfanyl)hexanamide",,CSCCCCCC(=O)N[C@H]1C[C@@H]2[C@H](C1)[C@H]2NC(=O)CN1[C@H](C)CC[C@H]1C,
62786,CCc1c(OC)cccc1C(=O)N[C@H]1[C@@H]2CN(C(=O)Cc3sccc3Cl)C[C@@H]21,"N-((1R,5S,6s)-3-(2-(3-chlorothiophen-2-yl)-acetyl)-3-azabicyclo[3.1.0]hexan-6-yl)-2-ethyl-3-methoxybenzamide",,CCc1c(OC)cccc1C(=O)N[C@H]1[C@@H]2CN(C(=O)Cc3sccc3Cl)C[C@@H]21,
62842,O=C(NCCOCCNC(=O)[C@H]1[C@@H]2CS(=O)(=O)C[C@@H]21)c1cc(Cl)ccn1,"4-chloro-N-(2-((2-((1R,5S,6s)-3,3-dioxo-3lambda^6-thiabicyclo[3.1.0]hexane-6-carboxamido)ethyl)oxy)ethyl)pyridine-2-carboxamide",,O=C(NCCOCCNC(=O)C1[C@H]2CS(=O)(=O)C[C@@H]12)c1cc(Cl)ccn1,
62858,CCc1n[nH]cc1C(=O)N1[C@H]2CC[C@@H]1C[C@@H](CNC(=O)C1(C#N)CC3(CC3)C1)C2,"5-cyano-N-(((1R,3s,5S)-8-((3-ethyl-1H-pyrazol-4-yl)carbonyl)-8-azabicyclo[3.2.1]octan-3-yl)methyl)spiro[2.3]hexane-5-carboxamide",,CCc1[nH]ncc1C(=O)N1[C@@H]2CC[C@H]1C[C@H](CNC(=O)C1(C#N)CC3(CC3)C1)C2,
62866,Cc1cc(C(=O)N2C[C@H]3[C@H](CNC(=O)c4ccn5ncccc45)[C@H]3C2)c(C)cn1,"N-(((1R,5S,6r)-3-((2,5-dimethylpyridin-4-yl)carbonyl)-3-azabicyclo[3.1.0]hexan-6-yl)methyl)-1,2-diazabicyclo[4.3.0]nona-2,4,6,8-tetraene-7-carboxamide",,Cc1cc(C(=O)N2C[C@@H]3[C@@H](CNC(=O)c4ccn5ncccc45)[C@@H]3C2)c(C)cn1,
62869,C[C@H](Cc1ccc(Cl)cc1)C(=O)NC[C@]1(F)C[C@H](CNC(=O)CSCCC#N)C1,"(2R)-3-(4-chlorophenyl)-N-(((1r,3R)-1-fluoro-3-((2-((3-nitrilopropyl)sulfanyl)acetamido)methyl)cyclobutyl)methyl)-2-methylpropanamide",,CC(Cc1ccc(Cl)cc1)C(=O)NC[C@]1(F)C[C@H](CNC(=O)CSCCC#N)C1,
62954,COCCCOCCC(=O)N[C@H]1C[C@@](F)(CNC(=O)C2[C@H]3CCC[C@H]23)C1,"N-((1S,3r)-3-(((1S,5S)-bicyclo[3.1.0]hexane-6-carboxamido)methyl)-3-fluorocyclobutyl)-3-((3-methoxypropyl)oxy)propanamide",,COCCCOCCC(=O)N[C@H]1C[C@@](F)(CNC(=O)C2[C@H]3CCC[C@H]23)C1,
63099,CO[C@H]1C[C@@H](C(=O)N2CC(N(C)C(=O)[C@H](C)c3cccc(C#N)c3)C2)C[C@H]1OC,"(2R)-N-(1-(((1r,3R,4S)-3,4-dimethoxycyclopentyl)carbonyl)azetidin-3-yl)-N-methyl-2-(3-(nitrilomethyl)phenyl)propanamide",,CO[C@H]1CC(C(=O)N2CC(N(C)C(=O)C(C)c3cccc(C#N)c3)C2)C[C@H]1OC,
63182,Cc1cc(C(=O)N[C@H]2CN(C(=O)[C@H]3[C@@H](C)[C@H]3C)Cc3nccn3C2)n[nH]1,"N-((3R)-5-(((1s,2R,3S)-2,3-dimethylcyclopropyl)carbonyl)-1,5,8-triazabicyclo[5.3.0]deca-7,9-dien-3-yl)-5-methyl-1H-pyrazole-3-carboxamide",,Cc1cc(C(=O)N[C@H]2CN(C(=O)C3[C@@H](C)[C@H]3C)Cc3nccn3C2)[nH]n1,
63198,CC(C)[C@@]1(C)C[C@H]1C(=O)N[C@H]1C[C@](F)(CNC(=O)c2cc[nH]c2)C1,"N-(((1S,3s)-1-fluoro-3-((1R,2R)-2-methyl-2-(propan-2-yl)cyclopropanecarboxamido)cyclobutyl)methyl)-1H-pyrrole-3-carboxamide",,CC(C)[C@@]1(C)CC1C(=O)N[C@H]1C[C@](F)(CNC(=O)c2cc[nH]c2)C1,
63230,C=C(C)COCC(=O)N1C[C@H]2[C@H](NC(=O)[C@H](C3CCCCC3)C(C)(C)C)[C@H]2C1,"(2R)-2-cyclohexyl-3,3-dimethyl-N-((1R,5S,6s)-3-(2-((2-methylprop-2-en-1-yl)oxy)-acetyl)-3-azabicyclo[3.1.0]hexan-6-yl)butanamide",,C=C(C)COCC(=O)N1C[C@@H]2[C@H](C1)[C@H]2NC(=O)C(C1CCCCC1)C(C)(C)C,
63260,CCCCC[C@H](O)C(=O)NC12CC(C)(C1)OC21CN(C(=O)c2cnc(SC)s2)C1,"(2S)-2-hydroxy-N-(1-methylspiro[2-oxabicyclo[2.1.1]hexane-3,3'-(1-(1-azacyclobutan-1-yl)-1-(2-(methylsulfanyl)-1,3-thiazol-5-yl)methanone)]-4-yl)heptanamide",,CCCCCC(O)C(=O)NC12CC(C)(C1)OC21CN(C(=O)c2cnc(SC)s2)C1,
63270,CC[C@H](CNS(=O)(=O)c1ccc(N2C[C@H]3[C@H](C)[C@H]3C2)cc1Cl)N(C)C,"(2R)-N-(2-chloro-4-((1R,5S,6S)-6-methyl-3-azabicyclo[3.1.0]hexan-3-yl)phenylsulfonyl)-N',N'-dimethylbutane-1,2-diamine",,CC[C@H](CNS(=O)(=O)c1ccc(N2C[C@@H]3[C@@H](C)[C@@H]3C2)cc1Cl)N(C)C,
63286,CNc1ccc(C(=O)N[C@@H]2[C@H]3C[C@H](NC(=O)c4cccc[n+]4[O-])C[C@H]32)nc1,"N-((1R,3s,5S,6r)-6-(5-(methylamino)pyridine-2-carboxamido)bicyclo[3.1.0]hexan-3-yl)-1-oxidopyridin-1-ium-2-carboxamide",,CNc1ccc(C(=O)N[C@H]2[C@@H]3C[C@@H](NC(=O)c4cccc[n+]4[O-])C[C@@H]32)nc1,
63379,CCCCS(=O)(=O)N1CCCC[C@@H]1C(=O)NCCN(C)C(=O)[C@H]1[C@@H](C)[C@H]1C,"(2R)-1-(butylsulfonyl)-N-(2-(N-methyl(1s,2R,3S)-2,3-dimethylcyclopropanecarboxamido)ethyl)piperidine-2-carboxamide",,CCCCS(=O)(=O)N1CCCCC1C(=O)NCCN(C)C(=O)C1[C@@H](C)[C@H]1C,
63402,Cc1cncc(C(=O)N2CC[C@@H](CNC(=O)[C@@H]3C[C@@H]4CC[C@@H]4C3)C2)c1Cl,"(1R,3r,5S)-N-(((3S)-1-((4-chloro-5-methylpyridin-3-yl)carbonyl)pyrrolidin-3-yl)methyl)bicyclo[3.2.0]heptane-3-carboxamide",,Cc1cncc(C(=O)N2CC[C@@H](CNC(=O)C3C[C@H]4CC[C@H]4C3)C2)c1Cl,
63467,CC(C)N(C)C(=O)CCC(=O)N1CC[C@@](NC(=O)[C@H]2C[C@@H]3C[C@@H]3C2)(C2CC2)C1,"4-((3R)-3-((1R,3s,5S)-bicyclo[3.1.0]hexane-3-carboxamido)-3-cyclopropylpyrrolidin-1-yl)-N-methyl-4-oxo-N-(propan-2-yl)butanamide",,CC(C)N(C)C(=O)CCC(=O)N1CC[C@@](NC(=O)C2C[C@@H]3C[C@@H]3C2)(C2CC2)C1,
63562,Cc1ncc(CCC(=O)N[C@@](C)(CNC(=O)[C@@H]2[C@H]3[C@@H]4CC[C@@H](C4)[C@H]32)C2CCC2)s1,"N-((2R)-2-cyclobutyl-1-((1R,2S,3r,4R,5S)-tricyclo[3.2.1.0^{2,4}]octane-3-carboxamido)propan-2-yl)-3-(2-methyl-1,3-thiazol-5-yl)propanamide",,Cc1ncc(CCC(=O)N[C@@](C)(CNC(=O)C2[C@@H]3[C@H]4CC[C@H](C4)[C@H]23)C2CCC2)s1,
63566,Cc1oc(Cl)nc1C(=O)N1[C@H]2CC[C@@H]1C[C@@H](CNC(=O)C1C=CC=CC=C1)C2,"N-(((1R,3s,5S)-8-((2-chloro-5-methyl-1,3-oxazol-4-yl)carbonyl)-8-azabicyclo[3.2.1]octan-3-yl)methyl)cyclohepta-2,4,6-triene-1-carboxamide",,Cc1oc(Cl)nc1C(=O)N1[C@@H]2CC[C@H]1C[C@H](CNC(=O)C1=CC=CCC=C1)C2,
63595,COC(=O)C(C)(C)CCC(=O)NC[C@]1(F)C[C@H](CNC(=O)c2cc(Cl)n[nH]2)C1,"methyl 4-((((1r,3r)-3-((3-chloro-1H-pyrazole-5-carboxamido)methyl)-1-fluorocyclobutyl)methyl)carbamoyl)-2,2-dimethylbutanoate",,COC(=O)C(C)(C)CCC(=O)NC[C@]1(F)C[C@H](CNC(=O)c2cc(Cl)[nH]n2)C1,
63622,O=C(Cn1cccc1)NCC[C@@H]1CC[C@@H](NC(=O)[C@]23CCC[C@H]2CCC3)C1,"N-(2-((1S,3R)-3-(octahydropentalene-3a-carboxamido)cyclopentyl)ethyl)-2-(1H-pyrrol-1-yl)acetamide",C1CCC2(CCCC12)C(=O)N[C@H]1C[C@@H](CC1)CCNC(CN1C=CC=C1)=O,O=C(Cn1cccc1)NCC[C@@H]1CC[C@@H](NC(=O)[C@]23CCC[C@H]2CCC3)C1,O=C(Cn1cccc1)NCC[C@@H]1CC[C@@H](NC(=O)C23CCCC2CCC3)C1
63657,Cn1cc(C=CC(=O)N[C@H]2CCC[C@H]2NC(=O)[C@H]2C[C@H]3[C@@H](C2)C3(C)C)nn1,"N-((1S,2R)-2-((1R,3s,5S)-6,6-dimethylbicyclo[3.1.0]hexane-3-carboxamido)cyclopentyl)-3-(1-methyl-1H-1,2,3-triazol-4-yl)prop-2-enamide",,Cn1cc(C=CC(=O)N[C@H]2CCC[C@H]2NC(=O)C2C[C@@H]3[C@H](C2)C3(C)C)nn1,
63724,COCCONC(=O)[C@@H]1C[C@@H]2CN(C(=O)Cn3c(C)ccc3C)C[C@@H]2C1,"(1R,5S,7r)-3-(2-(2,5-dimethyl-1H-pyrrol-1-yl)-acetyl)-N-((2-methoxyethyl)oxy)-3-azabicyclo[3.3.0]octane-7-carboxamide",,COCCONC(=O)C1C[C@@H]2CN(C(=O)Cn3c(C)ccc3C)C[C@@H]2C1,
63759,COc1c(Cl)cccc1C(=O)N[C@H]1C[C@@H]2CCC[C@H](C1)N2Cc1ccc(C)cc1,"3-chloro-2-methoxy-N-((1R,3s,5S)-9-((4-methylphenyl)methyl)-9-azabicyclo[3.3.1]nonan-3-yl)benzamide",,COc1c(Cl)cccc1C(=O)N[C@@H]1C[C@H]2CCC[C@@H](C1)N2Cc1ccc(C)cc1,
63762,CCC(CC)(CCNC(=O)[C@H]1C[C@]1(F)Cl)NC(=O)[C@@H]1[C@H]2CN(C)C[C@H]21,"(1R,5S,6r)-N-(1-((1R,2S)-2-chloro-2-fluorocyclopropanecarboxamido)-3-ethylpentan-3-yl)-3-methyl-3-azabicyclo[3.1.0]hexane-6-carboxamide",,CCC(CC)(CCNC(=O)C1C[C@]1(F)Cl)NC(=O)C1[C@H]2CN(C)C[C@@H]12,
63801,COC[C@H](NC(=O)[C@H]1[C@H]2CN(Cc3ccc(C4CC4)cc3)C[C@H]21)c1ccccc1,"(1R,5S,6s)-3-((4-cyclopropylphenyl)methyl)-N-((1R)-2-methoxy-1-phenylethyl)-3-azabicyclo[3.1.0]hexane-6-carboxamide",,COC[C@H](NC(=O)C1[C@H]2CN(Cc3ccc(C4CC4)cc3)C[C@@H]12)c1ccccc1,
63901,C=CC[C@@H](C(=O)N[C@@H]1C[C@H]2[C@@H](C1)[C@@H]2NC(=O)C1(N(C)C)CCC1)C(C)C,"(2R)-N-((1R,3r,5S,6R)-6-(1-(dimethylamino)cyclobutanecarboxamido)bicyclo[3.1.0]hexan-3-yl)-2-(propan-2-yl)pent-4-enamide",,C=CCC(C(=O)N[C@H]1C[C@@H]2[C@H](C1)[C@H]2NC(=O)C1(N(C)C)CCC1)C(C)C,
63917,CN(C[C@H](O)CNC(=O)[C@@H]1[C@H]2CCCCC[C@H]21)C(=O)c1cc2cncn2c(O)n1,"N-((2R)-3-((1R,7S,8r)-bicyclo[5.1.0]octane-8-carboxamido)-2-hydroxypropyl)-2-hydroxy-N-methyl-1,3,8-triazabicyclo[4.3.0]nona-2,4,6,8-tetraene-4-carboxamide",,CN(C[C@H](O)CNC(=O)C1[C@H]2CCCCC[C@@H]12)C(=O)c1cc2cncn2c(=O)[nH]1,
63932,CN(C(=O)c1cc(-c2cccs2)[nH]n1)[C@H]1[C@@H]2CN(C(=O)c3ccc(=O)oc3)C[C@@H]21,"N-methyl-N-((1R,5S,6s)-3-((2-oxopyran-5-yl)carbonyl)-3-azabicyclo[3.1.0]hexan-6-yl)-5-(thiophen-2-yl)-1H-pyrazole-3-carboxamide",,CN(C(=O)c1cc(-c2cccs2)[nH]n1)[C@H]1[C@@H]2CN(C(=O)c3ccc(=O)oc3)C[C@@H]21,
64049,C[C@@H](CNC(=O)[C@@]1(C)CCCS1)CNC(=O)[C@]1(S(C)(=O)=O)C[C@@H](O)C1,(2R)-N-((2S)-3-(3-hydroxy-1-(methylsulfonyl)cyclobutanecarboxamido)-2-methylpropyl)-2-methylthiolane-2-carboxamide,OC1CC(C1)(C(=O)NC[C@H](CNC(=O)[C@@]1(SCCC1)C)C)S(=O)(=O)C,C[C@@H](CNC(=O)[C@@]1(C)CCCS1)CNC(=O)[C@]1(S(C)(=O)=O)C[C@@H](O)C1,C[C@H](CNC(=O)C1(S(C)(=O)=O)CC(O)C1)CNC(=O)[C@@]1(C)CCCS1
64057,CCc1cccc(CC)c1C(=O)N(C)C[C@H]1[C@@H]2CN(C(=O)Cc3csnn3)C[C@H]12,"2,6-diethyl-N-methyl-N-(((1R,5S,6r)-3-(1-oxo-2-(1,2,3-thiadiazol-4-yl)ethyl)-3-azabicyclo[3.1.0]hexan-6-yl)methyl)benzamide",,CCc1cccc(CC)c1C(=O)N(C)C[C@@H]1[C@H]2CN(C(=O)Cc3csnn3)C[C@@H]12,
64059,O=C(C[C@@H]1C[C@H]2C[C@H]2C1)NC1(CNC(=O)c2cccc3c2[C@H]2CC[C@H]3O2)CC1,"2-((1R,3s,5S)-bicyclo[3.1.0]hexan-3-yl)-N-(1-(((1R,8R)-11-oxatricyclo[6.2.1.0^{2,7}]undeca-2,4,6-triene-3-carboxamido)methyl)cyclopropyl)acetamide",,O=C(C[C@H]1C[C@@H]2C[C@@H]2C1)NC1(CNC(=O)c2cccc3c2[C@H]2CC[C@H]3O2)CC1,
64066,CN(C)CCC(=O)N1[C@H]2CC[C@@H]1C[C@H](NC(=O)c1cnc(Br)s1)C2,"2-bromo-N-((1R,3r,5S)-8-(3-(dimethylamino)-propionyl)-8-azabicyclo[3.2.1]octan-3-yl)-1,3-thiazole-5-carboxamide",,CN(C)CCC(=O)N1[C@@H]2CC[C@H]1C[C@@H](NC(=O)c1cnc(Br)s1)C2,
64076,COC(OC)C(=O)N1C[C@H]2[C@H](CC(=O)N(C3CC3)C(C)(C)CO)[C@H]2C1,"N-cyclopropyl-2-((1R,5S,6s)-3-(2,2-dimethoxy-acetyl)-3-azabicyclo[3.1.0]hexan-6-yl)-N-(1-hydroxy-2-methylpropan-2-yl)acetamide",,COC(OC)C(=O)N1C[C@@H]2[C@@H](CC(=O)N(C3CC3)C(C)(C)CO)[C@@H]2C1,
64153,CO[C@]1(C(F)F)C[C@H](C(=O)N2Cc3ccc(CNC(=O)CSC)cc3C2)C1,"N-((2-(((1s,3s)-3-(difluoromethyl)-3-methoxycyclobutyl)carbonyl)-2,3-dihydro-1H-isoindol-5-yl)methyl)-2-(methylsulfanyl)acetamide",,COC1(C(F)F)CC(C(=O)N2Cc3ccc(CNC(=O)CSC)cc3C2)C1,
64209,CCc1nc(C)[nH]c1C(=O)N[C@@H]1CCN(C(=O)[C@H]2C[C@@](F)(CO)C2)C[C@H]1F,"4-ethyl-N-((3R,4R)-3-fluoro-1-(((1r,3R)-3-fluoro-3-(hydroxymethyl)cyclobutyl)carbonyl)piperidin-4-yl)-2-methyl-1H-imidazole-5-carboxamide",,CCc1[nH]c(C)nc1C(=O)N[C@@H]1CCN(C(=O)C2CC(F)(CO)C2)C[C@H]1F,
64271,C[C@@H]1CN(C(=O)C(F)(F)CO)C[C@@]1(C)CNC(=O)[C@@H]1C[C@H]2[C@@H](C1)C2(F)F,"(1R,3r,5S)-N-(((3R,4S)-1-(2,2-difluoro-3-hydroxy-propionyl)-3,4-dimethylpyrrolidin-3-yl)methyl)-6,6-difluorobicyclo[3.1.0]hexane-3-carboxamide",,C[C@@H]1CN(C(=O)C(F)(F)CO)C[C@@]1(C)CNC(=O)C1C[C@@H]2[C@H](C1)C2(F)F,
64280,C#CCCOCC(=O)N[C@H]1CC[C@H](CNC(=O)[C@@H]2C[C@H](C)O[C@H](C)C2)CC1,"2-((but-3-yn-1-yl)oxy)-N-(trans-4-(((2R,4r,6S)-2,6-dimethyloxane-4-carboxamido)methyl)cyclohexyl)acetamide",,C#CCCOCC(=O)N[C@H]1CC[C@H](CNC(=O)C2C[C@@H](C)O[C@@H](C)C2)CC1,
64290,C#C[C@]1(O)C[C@@H](C(=O)N2CC[C@@](F)(CNC(=O)CCn3cnnn3)C2)C1,"N-(((3R)-1-(((1s,3S)-3-(ethynyl)-3-hydroxycyclobutyl)carbonyl)-3-fluoropyrrolidin-3-yl)methyl)-3-(1H-tetrazol-1-yl)propanamide",,C#CC1(O)CC(C(=O)N2CC[C@@](F)(CNC(=O)CCn3cnnn3)C2)C1,
64347,C[C@]1(NC(=O)c2cncc3ccccc23)C[C@@H](NC(=O)CCCC2CC2)C1,"N-((1s,3s)-3-(4-cyclopropylbutanamido)-1-methylcyclobutyl)isoquinoline-4-carboxamide",,C[C@]1(NC(=O)c2cncc3ccccc23)C[C@@H](NC(=O)CCCC2CC2)C1,
64350,C[C@H]1[C@@H](C)[C@@H]1C(=O)N(C)C[C@H]1CCCCN1C(=O)c1ccnc(OC2CCC2)c1,"(1r,2R,3S)-N-(((2R)-1-((2-(cyclobutoxy)pyridin-4-yl)carbonyl)piperidin-2-yl)methyl)-2,3,N-trimethylcyclopropanecarboxamide",,C[C@@H]1C(C(=O)N(C)C[C@H]2CCCCN2C(=O)c2ccnc(OC3CCC3)c2)[C@@H]1C,
64442,Cc1ccc(F)cc1CN1C[C@H]2C[C@H](NC(=O)c3cc(F)c(F)c(Cl)c3)C[C@H]2C1,"3-chloro-4,5-difluoro-N-((1R,5S,7s)-3-((5-fluoro-2-methylphenyl)methyl)-3-azabicyclo[3.3.0]octan-7-yl)benzamide",,Cc1ccc(F)cc1CN1C[C@H]2C[C@H](NC(=O)c3cc(F)c(F)c(Cl)c3)C[C@H]2C1,
64451,CCC(CC)CCCC(=O)NC[C@H]1[C@@H]2CN(C(=O)C3(CO)CC3)C[C@H]12,"5-ethyl-N-(((1R,5S,6r)-3-((1-(hydroxymethyl)cyclopropyl)carbonyl)-3-azabicyclo[3.1.0]hexan-6-yl)methyl)heptanamide",,CCC(CC)CCCC(=O)NC[C@@H]1[C@H]2CN(C(=O)C3(CO)CC3)C[C@@H]12,
64511,CC(C)CC/C=C/C(=O)NC[C@]1(F)C[C@H](CNC(=O)[C@H]2C[C@H](O)[C@@H](F)C2)C1,"(2E)-N-(((1S,3r)-1-fluoro-3-(((1S,3S,4S)-3-fluoro-4-hydroxycyclopentanecarboxamido)methyl)cyclobutyl)methyl)-6-methylhept-2-enamide",,CC(C)CC/C=C/C(=O)NC[C@]1(F)C[C@H](CNC(=O)C2C[C@H](O)[C@@H](F)C2)C1,
64530,O=C(Cn1cc(Cl)cn1)N[C@@H]1C[C@@H]2CC[C@H](C1)N2C(=O)c1ncc[nH]c1=O,"2-(4-chloro-1H-pyrazol-1-yl)-N-((1R,3r,5S)-8-((3-oxo-4H-pyrazin-2-yl)carbonyl)-8-azabicyclo[3.2.1]octan-3-yl)acetamide",,O=C(Cn1cc(Cl)cn1)N[C@H]1C[C@H]2CC[C@@H](C1)N2C(=O)c1ncc[nH]c1=O,
64539,O=C1CC[C@@H](C(=O)N2C[C@H]3[C@H](CC(=O)N4CCN5CCC4CC5)[C@H]3C2)O1,"(5S)-5-(((1R,5S,6R)-6-(2-(1,4-diazabicyclo[3.2.2]nonan-4-yl)-2-oxoethyl)-3-azabicyclo[3.1.0]hexan-3-yl)carbonyl)oxolan-2-one",,O=C1CCC(C(=O)N2C[C@@H]3[C@@H](CC(=O)N4CCN5CCC4CC5)[C@@H]3C2)O1,
64600,CC[C@H](CCC(=O)N[C@]1(C)C[C@H](C(=O)NC2CC(CCF)C2)C1)OC,"(4R)-N-((1s,3S)-3-((3-(2-fluoroethyl)cyclobutyl)carbamoyl)-1-methylcyclobutyl)-4-methoxyhexanamide",,CC[C@H](CCC(=O)NC1(C)CC(C(=O)NC2CC(CCF)C2)C1)OC,
64686,O=C(NC[C@]1(F)C[C@H](NC(=O)c2cn3ncccc3n2)C1)c1cn(CCF)nn1,"N-((1r,3r)-3-fluoro-3-((1-(2-fluoroethyl)-1H-1,2,3-triazole-4-carboxamido)methyl)cyclobutyl)imidazo[1,2-b]pyridazine-2-carboxamide",,O=C(NC[C@]1(F)C[C@H](NC(=O)c2cn3ncccc3n2)C1)c1cn(CCF)nn1,
64786,Cc1nocc1C(=O)N[C@H]1CC[C@]2(CC1)CN(C(=O)C1=CCOCC1)CCO2,"N-(4-((3,6-dihydro-2H-pyran-4-yl)carbonyl)-1-oxa-4-azaspiro[5.5]undecan-9-yl)-3-methyl-1,2-oxazole-4-carboxamide",O1CCC(=CC1)C(=O)N1CCOC2(C1)CCC(CC2)NC(=O)C=2C(=NOC2)C,Cc1nocc1C(=O)N[C@H]1CC[C@]2(CC1)CN(C(=O)C1=CCOCC1)CCO2,Cc1nocc1C(=O)NC1CCC2(CC1)CN(C(=O)C1=CCOCC1)CCO2
64831,CCc1ccnc(C(=O)N[C@H]2C[C@@](F)(CNC(=O)[C@@H]3CCC[C@H](O)C3)C2)c1,"4-ethyl-N-((1R,3r)-3-fluoro-3-(((1R,3S)-3-hydroxycyclohexanecarboxamido)methyl)cyclobutyl)pyridine-2-carboxamide",,CCc1ccnc(C(=O)N[C@H]2C[C@@](F)(CNC(=O)C3CCC[C@H](O)C3)C2)c1,
64840,CC(C)[C@@]1(C(=O)N2CCC[C@@H](C)[C@H]2CO)CCN(C(=O)[C@H]2C[C@@](C)(O)C2)C1,"1-((1s,3R)-3-hydroxy-3-methylcyclobutyl)-1-((3S)-3-(((2S,3R)-2-(hydroxymethyl)-3-methylpiperidin-1-yl)carbonyl)-3-(propan-2-yl)pyrrolidin-1-yl)methanone",,CC(C)[C@@]1(C(=O)N2CCC[C@@H](C)[C@H]2CO)CCN(C(=O)C2CC(C)(O)C2)C1,
64860,Cc1sc(C(=O)N2CCC[C@H](N(C)C(=O)[C@@H]3[C@@H](C)[C@H]3C)CC2)cc1Br,"(1r,2R,3S)-N-((4S)-1-((4-bromo-5-methylthiophen-2-yl)carbonyl)azepan-4-yl)-2,3,N-trimethylcyclopropanecarboxamide",,Cc1sc(C(=O)N2CCC[C@H](N(C)C(=O)C3[C@@H](C)[C@H]3C)CC2)cc1Br,
64909,CC1=C(C)C[C@@H](C(=O)NC[C@]2(F)C[C@@H](NC(=O)Cn3nc(C)ccc3=O)C2)CC1,"(1S)-N-(((1s,3R)-1-fluoro-3-(2-(3-methyl-6-oxo-1H-pyridazin-1-yl)acetamido)cyclobutyl)methyl)-3,4-dimethylcyclohex-3-ene-1-carboxamide",,CC1=C(C)CC(C(=O)NC[C@]2(F)C[C@@H](NC(=O)Cn3nc(C)ccc3=O)C2)CC1,
64913,N#CC1(C(=O)N[C@H]2[C@@H]3CN(C(=O)C4=CC=NS4)C[C@@H]32)CCC1,"1-cyano-N-((1R,5S,6s)-3-((1,2-thiazol-5-yl)carbonyl)-3-azabicyclo[3.1.0]hexan-6-yl)cyclobutanecarboxamide",,N#CC1(C(=O)N[C@H]2[C@@H]3CN(C(=O)c4ccns4)C[C@@H]32)CCC1,
64922,C[C@@]1(C(=O)N2C[C@H](CNC(=O)C3=C[C@@H]4C[C@H](C3)C[C@H]4O)C(F)(F)C2)C[C@@H]2C[C@@H]2C1,"(1S,5R,7R)-N-(((3S)-4,4-difluoro-1-(((1R,3r,5S)-3-methylbicyclo[3.1.0]hexan-3-yl)carbonyl)pyrrolidin-3-yl)methyl)-7-hydroxybicyclo[3.2.1]oct-2-ene-3-carboxamide",,C[C@]1(C(=O)N2C[C@H](CNC(=O)C3=C[C@@H]4C[C@H](C3)C[C@H]4O)C(F)(F)C2)C[C@H]2C[C@H]2C1,
64925,O=C(c1cnc2c[nH]nc2c1)N1CC2(NC(=O)[C@H]3C[C@](F)(CO)C3)CCC1CC2,"(1s,3s)-3-fluoro-3-(hydroxymethyl)-N-(2-((2,7,8-triazabicyclo[4.3.0]nona-1(9),2,4,6-tetraen-4-yl)carbonyl)-2-azabicyclo[2.2.2]octan-4-yl)cyclobutanecarboxamide",,O=C(NC12CCC(CC1)N(C(=O)c1cnc3c[nH]nc3c1)C2)C1CC(F)(CO)C1,
64972,COCCNC(=O)C(=O)NC[C@]1(O)C[C@@H]2CC[C@H](C1)N2C(=O)CC1CCSCC1,"N'-(((1R,3s,5S)-3-hydroxy-8-(1-oxo-2-(thian-4-yl)ethyl)-8-azabicyclo[3.2.1]octan-3-yl)methyl)-N-(2-methoxyethyl)ethanediamide",,COCCNC(=O)C(=O)NC[C@@]1(O)C[C@H]2CC[C@@H](C1)N2C(=O)CC1CCSCC1,
65048,O=C(CC(F)(F)F)N[C@@H]1C[C@@H]2CC[C@H](C1)N2C(=O)[C@@H]1COc2cc(O)ccc2C1,"3,3,3-trifluoro-N-((1R,3S,5S)-8-(((3S)-7-hydroxy-3,4-dihydro-2H-1-benzopyran-3-yl)carbonyl)-8-azabicyclo[3.2.1]octan-3-yl)propanamide",,O=C(CC(F)(F)F)N[C@H]1C[C@H]2CC[C@@H](C1)N2C(=O)C1COc2cc(O)ccc2C1,
65052,CCN1CCCC[C@@H]1C(=O)NC[C@H]1C[C@@](F)(CNC(=O)Cc2c(C)cnn2C)C1,"(2R)-N-(((1r,3R)-3-((2-(1,4-dimethyl-1H-pyrazol-5-yl)acetamido)methyl)-3-fluorocyclobutyl)methyl)-1-ethylpiperidine-2-carboxamide",,CCN1CCCCC1C(=O)NC[C@H]1C[C@@](F)(CNC(=O)Cc2c(C)cnn2C)C1,
65142,CC(C)[C@@H](C)CC(=O)N[C@]1(C)C[C@H](NC(=O)CC2CC2)C1,"(3S)-N-((1s,3R)-3-(2-cyclopropylacetamido)-1-methylcyclobutyl)-3,4-dimethylpentanamide",,CC(C)[C@@H](C)CC(=O)N[C@]1(C)C[C@H](NC(=O)CC2CC2)C1,
65166,C#CC[C@]1(O)C[C@@H](C(=O)N2CC[C@@](C)(CC(=O)NC[C@]3(C)CCOC3)C2)C1,"2-((3S)-1-(((1s,3R)-3-hydroxy-3-(prop-2-yn-1-yl)cyclobutyl)carbonyl)-3-methylpyrrolidin-3-yl)-N-(((3S)-3-methyloxolan-3-yl)methyl)acetamide",,C#CCC1(O)CC(C(=O)N2CC[C@@](C)(CC(=O)NC[C@]3(C)CCOC3)C2)C1,
65185,CC(C)C12C[C@H]3C[C@@H](CC(NC(=O)[C@@H]4[C@H]5CN([C@@H]6CCS(=O)(=O)C6)C[C@H]54)(C3)C1)C2,"(1R,5S,6R)-3-((3R)-1,1-dioxothiolan-3-yl)-N-((5R,7R)-3-(propan-2-yl)adamantan-1-yl)-3-azabicyclo[3.1.0]hexane-6-carboxamide",,CC(C)C12C[C@H]3C[C@@H](CC(NC(=O)C4[C@H]5CN([C@@H]6CCS(=O)(=O)C6)C[C@@H]45)(C3)C1)C2,
65235,O=C([C@@H]1CCCO1)N1C[C@H]2CC[C@@](C(=O)N[C@@H]3[C@H]4CCC[C@H]43)(C2)C1,"(1R,5S)-N-((1R,5S,6r)-bicyclo[3.1.0]hexan-6-yl)-3-(((2S)-oxolan-2-yl)carbonyl)-3-azabicyclo[3.2.1]octane-1-carboxamide",,O=C(C1CCCO1)N1C[C@H]2CC[C@@](C(=O)N[C@H]3[C@@H]4CCC[C@@H]43)(C2)C1,
65248,COC(=O)c1cnc(NC[C@]2(F)C[C@@H](NC(=O)[C@@]34CCCC[C@@H]3C4)C2)c(Cl)c1,"methyl 6-((((1S,3s)-3-((1R,6R)-bicyclo[4.1.0]heptane-1-carboxamido)-1-fluorocyclobutyl)methyl)amino)-5-chloropyridine-3-carboxylate",,COC(=O)c1cnc(NC[C@]2(F)C[C@@H](NC(=O)[C@@]34CCCC[C@@H]3C4)C2)c(Cl)c1,
65268,Cc1cc(C(=O)N(C)[C@H]2[C@@H]3CN(C(=O)C4CC(=C5CCC5)C4)C[C@@H]32)c(C)o1,"N-((1R,5S,6s)-3-((3-cyclobutylidenecyclobutyl)carbonyl)-3-azabicyclo[3.1.0]hexan-6-yl)-2,5,N-trimethylfuran-3-carboxamide",,Cc1cc(C(=O)N(C)[C@H]2[C@@H]3CN(C(=O)C4CC(=C5CCC5)C4)C[C@@H]32)c(C)o1,
65272,O=C(NCc1nc2c(s1)CCCC2)[C@@H]1[C@H]2CN(Cc3cccc(Br)c3)C[C@H]21,"(1R,5S,6r)-3-((3-bromophenyl)methyl)-N-((4,5,6,7-tetrahydro-1,3-benzothiazol-2-yl)methyl)-3-azabicyclo[3.1.0]hexane-6-carboxamide",,O=C(NCc1nc2c(s1)CCCC2)C1[C@H]2CN(Cc3cccc(Br)c3)C[C@@H]12,
65319,Cc1cc(C)c([N+](=O)[O-])cc1C(=O)NCC1(CNC(=O)[C@@H]2C[C@@H]3C[C@@H]3C2)CCC1,"(1R,3r,5S)-N-((1-((2,4-dimethyl-5-nitrobenzamido)methyl)cyclobutyl)methyl)bicyclo[3.1.0]hexane-3-carboxamide",,Cc1cc(C)c([N+](=O)[O-])cc1C(=O)NCC1(CNC(=O)C2C[C@@H]3C[C@@H]3C2)CCC1,
65374,Cc1noc(C)c1[C@H](C)CC(=O)N1C[C@H]2[C@@H](C1)[C@@H]2C(N)=O,"(1R,5S,6R)-3-((3R)-3-(3,5-dimethyl-1,2-oxazol-4-yl)-butyryl)-3-azabicyclo[3.1.0]hexane-6-carboxamide",,Cc1noc(C)c1[C@H](C)CC(=O)N1C[C@@H]2C(C(N)=O)[C@@H]2C1,
65414,C[C@]1(NC(=O)CSc2cn[nH]c2)C[C@@H](C(=O)N2C[C@@H]3C[C@H]2C[S@@]3=O)C1,"N-((1R,3s)-1-methyl-3-(((1S,2S,4S)-2-oxo-2lambda^4-thia-5-azabicyclo[2.2.1]heptan-5-yl)carbonyl)cyclobutyl)-2-((1H-pyrazol-4-yl)sulfanyl)acetamide",,CC1(NC(=O)CSc2cn[nH]c2)CC(C(=O)N2C[C@@H]3C[C@H]2C[S@+]3[O-])C1,
65460,Cc1cnc(COCC(=O)NC[C@H]2C[C@](F)(CNC(=O)[C@@H]3[C@H]4CCC(=O)[C@H]43)C2)o1,"N-(((1S,3s)-3-fluoro-3-(((1R,5S,6R)-2-oxobicyclo[3.1.0]hexane-6-carboxamido)methyl)cyclobutyl)methyl)-2-(((5-methyl-1,3-oxazol-2-yl)methyl)oxy)acetamide",,Cc1cnc(COCC(=O)NC[C@H]2C[C@](F)(CNC(=O)C3C4C(=O)CC[C@@H]43)C2)o1,
65485,COc1c(F)ccc(C(=O)N[C@]2(C)C[C@H](NC(=O)C(C)(C)C(N)=O)C2)c1F,"N-((1s,3s)-3-(2-carbamoyl-2-methylpropanamido)-1-methylcyclobutyl)-2,4-difluoro-3-methoxybenzamide",,COc1c(F)ccc(C(=O)N[C@]2(C)C[C@H](NC(=O)C(C)(C)C(N)=O)C2)c1F,
65489,Cc1nc(C(=O)NC[C@H]2C[C@@](F)(CNC(=O)[C@@H]3CO[C@@H](C)C3)C2)cs1,"N-(((1S,3r)-3-fluoro-3-(((3S,5S)-5-methyloxolane-3-carboxamido)methyl)cyclobutyl)methyl)-2-methyl-1,3-thiazole-4-carboxamide",,Cc1nc(C(=O)NC[C@H]2C[C@@](F)(CNC(=O)C3CO[C@@H](C)C3)C2)cs1,
65525,C=CC[C@H](CC)NC(=O)C[C@H]1CCCN(C(=O)[C@H]2C[C@@H]3CCC[C@@H]3C2)C1,"N-((3S)-hex-5-en-3-yl)-2-((3R)-1-(((2s,3aR,6aS)-octahydropentalen-2-yl)carbonyl)piperidin-3-yl)acetamide",,C=CC[C@H](CC)NC(=O)C[C@H]1CCCN(C(=O)C2C[C@H]3CCC[C@H]3C2)C1,
65583,O=C(CC1CCCC1)N[C@H]1[C@@H]2CN(C(=O)COC(F)F)C[C@@H]21,"2-cyclopentyl-N-((1R,5S,6s)-3-(2-((difluoromethyl)oxy)-acetyl)-3-azabicyclo[3.1.0]hexan-6-yl)acetamide",,O=C(CC1CCCC1)N[C@H]1[C@@H]2CN(C(=O)COC(F)F)C[C@@H]21,
65669,Cc1cc(C(=O)N[C@H]2C[C@]3(CCCCN3C(=O)c3cccc(Cl)c3F)C2)nn1C,"N-(5-((3-chloro-2-fluorophenyl)carbonyl)-5-azaspiro[3.5]nonan-2-yl)-1,5-dimethyl-1H-pyrazole-3-carboxamide",ClC=1C(=C(C=CC1)C(=O)N1C2(CC(C2)NC(=O)C2=NN(C(=C2)C)C)CCCC1)F,Cc1cc(C(=O)N[C@H]2C[C@]3(CCCCN3C(=O)c3cccc(Cl)c3F)C2)nn1C,Cc1cc(C(=O)NC2CC3(CCCCN3C(=O)c3cccc(Cl)c3F)C2)nn1C
65691,C[C@H]1CN(C(=O)C2(C(F)F)CCCC2)C[C@@H](C)[C@@H]1Nc1ncccn1,"1-(1-(difluoromethyl)cyclopentyl)-1-((3R,4r,5S)-3,5-dimethyl-4-((pyrimidin-2-yl)amino)piperidin-1-yl)methanone",,C[C@@H]1CN(C(=O)C2(C(F)F)CCCC2)C[C@H](C)[C@H]1Nc1ncccn1,
65697,CN(C)CC(=O)NCC(=O)N1C[C@H]2[C@H](CC(=O)NCc3cccnc3)[C@H]2C1,"2-((1R,5S,6s)-3-(2-(2-(dimethylamino)acetamido)-acetyl)-3-azabicyclo[3.1.0]hexan-6-yl)-N-((pyridin-3-yl)methyl)acetamide",,CN(C)CC(=O)NCC(=O)N1C[C@@H]2[C@@H](CC(=O)NCc3cccnc3)[C@@H]2C1,
65700,C[C@H]1C[C@@H](C)C[C@H](N(C)C(=O)[C@H](Cc2cnc[nH]2)NC(=O)[C@@H](CO)C(C)(C)C)C1,"(2R)-N-((2S)-1-(((1r,3R,5S)-3,5-dimethylcyclohexyl)(methyl)amino)-3-(1H-imidazol-5-yl)-1-oxopropan-2-yl)-2-(hydroxymethyl)-3,3-dimethylbutanamide",,C[C@@H]1C[C@H](C)C[C@@H](N(C)C(=O)C(Cc2c[nH]cn2)NC(=O)C(CO)C(C)(C)C)C1,
65718,O=C(N[C@H]1C=CCN(C(=O)[C@@H]2[C@H]3CCC[C@H]32)C1)c1sccc1C(F)F,"N-((3S)-1-(((1R,5S,6r)-bicyclo[3.1.0]hexan-6-yl)carbonyl)-1,2,3,6-tetrahydropyridin-3-yl)-3-(difluoromethyl)thiophene-2-carboxamide",,O=C(N[C@H]1C=CCN(C(=O)C2[C@H]3CCC[C@@H]23)C1)c1sccc1C(F)F,
65725,C#CCn1cccc1C(=O)N[C@]1(C(=O)Nc2ccc(O)cc2)C[C@H](O)C1,"N-((1s,3s)-3-hydroxy-1-((4-hydroxyphenyl)carbamoyl)cyclobutyl)-1-(prop-2-yn-1-yl)-1H-pyrrole-2-carboxamide",,C#CCn1cccc1C(=O)N[C@]1(C(=O)Nc2ccc(O)cc2)C[C@H](O)C1,
65756,Cc1nscc1C(=O)N[C@H]1CN(C(=O)[C@H]2C[C@@H]3C[C@@H]3C2)CCc2ccccc21,"N-((2R)-4-(((1R,3s,5S)-bicyclo[3.1.0]hexan-3-yl)carbonyl)-4-azabicyclo[5.4.0]undeca-1(11),7,9-trien-2-yl)-3-methyl-1,2-thiazole-4-carboxamide",,Cc1nscc1C(=O)N[C@H]1CN(C(=O)C2C[C@@H]3C[C@@H]3C2)CCc2ccccc21,
65762,CN(C(=O)[C@H]1C[C@@H]2CC[C@H](C1)O2)[C@H]1[C@@H]2CN(C(=O)c3ccc(Cl)cc3)C[C@@H]21,"(1R,3s,5S)-N-((1R,5S,6s)-3-((4-chlorophenyl)carbonyl)-3-azabicyclo[3.1.0]hexan-6-yl)-N-methyl-8-oxabicyclo[3.2.1]octane-3-carboxamide",,CN(C(=O)C1C[C@H]2CC[C@@H](C1)O2)[C@H]1[C@@H]2CN(C(=O)c3ccc(Cl)cc3)C[C@@H]21,
65806,CNS(=O)(=O)CCC(=O)N[C@@H]1[C@@H](C)CN(C(=O)CCN2CCN(C)CC2)C[C@H]1C,"N-((3R,4r,5S)-3,5-dimethyl-1-(3-(4-methylpiperazin-1-yl)-propionyl)piperidin-4-yl)-3-(methylsulfamoyl)propanamide",,CNS(=O)(=O)CCC(=O)N[C@H]1[C@H](C)CN(C(=O)CCN2CCN(C)CC2)C[C@@H]1C,
65914,CCCc1ccc(C(=O)N2CCCC[C@H]2CN(C)C(=O)[C@]2(C)C[C@@H](C#N)C2)cc1,"(1r,3S)-3-cyano-1,N-dimethyl-N-(((2S)-1-((4-propylphenyl)carbonyl)piperidin-2-yl)methyl)cyclobutanecarboxamide",,CCCc1ccc(C(=O)N2CCCC[C@H]2CN(C)C(=O)[C@]2(C)C[C@@H](C#N)C2)cc1,
65920,CC[C@@H]1C[C@H](C(=O)N[C@@H]2C[C@H]3[C@@H](C2)C3(F)F)CCN1C(=O)c1ccnc(O)c1,"(2R,4R)-N-((1R,3r,5S)-6,6-difluorobicyclo[3.1.0]hexan-3-yl)-2-ethyl-1-((2-hydroxypyridin-4-yl)carbonyl)piperidine-4-carboxamide",,CC[C@@H]1CC(C(=O)N[C@H]2C[C@@H]3[C@H](C2)C3(F)F)CCN1C(=O)c1cc[nH]c(=O)c1,
65973,O=C(C1CCC(F)(F)CC1)N1C[C@@H]2CC[C@H](C1)[C@@H]2NCc1cc2ccncc2[nH]1,"1-((1R,5S,8r)-8-(((3,9-diazabicyclo[4.3.0]nona-1(6),2,4,7-tetraen-8-yl)methyl)amino)-3-azabicyclo[3.2.1]octan-3-yl)-1-(4,4-difluorocyclohexyl)methanone",,O=C(C1CCC(F)(F)CC1)N1C[C@H]2CC[C@@H](C1)[C@H]2NCc1cc2ccncc2[nH]1,
66040,CN(C[C@H]1[C@@H]2CN(C(=O)CC=C(Cl)Cl)C[C@H]12)C(=O)C=C1CCCCC1,"2-cyclohexylidene-N-(((1R,5S,6r)-3-(4,4-dichloro-1-oxobut-3-en-1-yl)-3-azabicyclo[3.1.0]hexan-6-yl)methyl)-N-methylacetamide",,CN(C[C@@H]1[C@H]2CN(C(=O)CC=C(Cl)Cl)C[C@@H]12)C(=O)C=C1CCCCC1,
66053,CC1CCC(CO)(NC(=O)[C@@H]2[C@H]3CN(C(=O)[C@H]4CCC(=O)N4C)C[C@H]32)CC1,"(1R,5S,6R)-N-(1-(hydroxymethyl)-4-methylcyclohexyl)-3-(((2R)-1-methyl-5-oxopyrrolidin-2-yl)carbonyl)-3-azabicyclo[3.1.0]hexane-6-carboxamide",,CC1CCC(CO)(NC(=O)C2[C@H]3CN(C(=O)C4CCC(=O)N4C)C[C@@H]23)CC1,
66056,Cc1cc(C(=O)N[C@@H]2C[C@@H]3C[C@@H](NC(=O)[C@@H]4[C@H]5CCCC[C@H]54)C[C@@H]32)cnc1C,"N-((1S,3R,5S,6R)-3-((1R,6S,7r)-bicyclo[4.1.0]heptane-7-carboxamido)bicyclo[3.2.0]heptan-6-yl)-5,6-dimethylpyridine-3-carboxamide",,Cc1cc(C(=O)N[C@@H]2C[C@@H]3C[C@@H](NC(=O)C4[C@H]5CCCC[C@@H]45)C[C@@H]32)cnc1C,
66105,COC(=O)[C@]1(C)C[C@@H](C(=O)N2C[C@@H]3C[C@H](NC(=O)CCn4cncn4)[C@H]2C3)C1,"methyl (1R,3r)-1-methyl-3-(((1R,4R,6S)-6-(3-(1H-1,2,4-triazol-1-yl)propanamido)-2-azabicyclo[2.2.1]heptan-2-yl)carbonyl)cyclobutanecarboxylate",,COC(=O)C1(C)CC(C(=O)N2C[C@@H]3C[C@H](NC(=O)CCn4cncn4)[C@H]2C3)C1,
66144,C[C@]1(O)C[C@@H](C(=O)N2CCC[C@@H]3CN(C(=O)c4cncc5c[nH]nc45)CC[C@@H]32)C1,"1-((4aR,8aS)-1-(((1s,3R)-3-hydroxy-3-methylcyclobutyl)carbonyl)decahydro-1,6-naphthyridin-6-yl)-1-(2H-pyrazolo[4,3-c]pyridin-7-yl)methanone",,CC1(O)CC(C(=O)N2CCC[C@@H]3CN(C(=O)c4cncc5c[nH]nc45)CC[C@@H]32)C1,
66171,Cc1nc(C(=O)C(=O)NC[C@H]2C[C@@H](NC(=O)[C@@H]3[C@H]4CCCC[C@H]43)C2)cs1,"N-((cis-3-((1R,6S,7r)-bicyclo[4.1.0]heptane-7-carboxamido)cyclobutyl)methyl)-2-(2-methyl-1,3-thiazol-4-yl)-2-oxoacetamide",,Cc1nc(C(=O)C(=O)NC[C@H]2C[C@@H](NC(=O)C3[C@H]4CCCC[C@@H]34)C2)cs1,
66199,C[C@]1(N)C[C@@H](NC(=O)c2cccc(OCc3ccccc3)c2)C1,"N-((1s,3s)-3-amino-3-methylcyclobutyl)-3-benzyloxybenzamide",,C[C@]1(N)C[C@@H](NC(=O)c2cccc(OCc3ccccc3)c2)C1,
66312,O=C1NCc2c1cccc2C(=O)NC[C@]1(F)C[C@H](NC(=O)[C@@H]2COCCO2)C1,"N-(((1S,3r)-3-((2S)-1,4-dioxane-2-carboxamido)-1-fluorocyclobutyl)methyl)-1-oxo-2,3-dihydro-1H-isoindole-4-carboxamide",,O=C1NCc2c1cccc2C(=O)NC[C@]1(F)C[C@H](NC(=O)C2COCCO2)C1,
66358,CCNC(=O)[C@H]([C@H]1C[C@@]2(CCN2C(=O)OC(C)(C)C)C1)N(CC1CC1)C1CCC1,tert-butyl 6-((1S)-1-((cyclopropylmethyl)(cyclobutyl)amino)-2-(ethylamino)-2-oxoethyl)-1-azaspiro[3.3]heptane-1-carboxylate,C1(CC1)CN([C@H](C(=O)NCC)C1CC2(CCN2C(=O)OC(C)(C)C)C1)C1CCC1,CCNC(=O)C([C@H]1C[C@@]2(CCN2C(=O)OC(C)(C)C)C1)N(CC1CC1)C1CCC1,CCNC(=O)C(C1CC2(CCN2C(=O)OC(C)(C)C)C1)N(CC1CC1)C1CCC1
66385,CC1=NC(C(=O)NCCCNC(=O)[C@@H]2C[C@@H]3C[C@@H]3C2)=C(C)O1,"N-(3-((1R,3r,5S)-bicyclo[3.1.0]hexane-3-carboxamido)propyl)-2,5-dimethyl-1,3-oxazole-4-carboxamide",,Cc1nc(C(=O)NCCCNC(=O)C2C[C@@H]3C[C@@H]3C2)c(C)o1,
66398,Cc1ncoc1CNC(=O)CC[C@H]1CCCN1C(=O)C[C@@H]1C[C@H]2C[C@H]2C1,"3-((2R)-1-(2-((1R,3s,5S)-bicyclo[3.1.0]hexan-3-yl)-acetyl)pyrrolidin-2-yl)-N-((4-methyl-1,3-oxazol-5-yl)methyl)propanamide",,Cc1ncoc1CNC(=O)CC[C@H]1CCCN1C(=O)C[C@H]1C[C@@H]2C[C@@H]2C1,
66476,CN(CC1(O)CN(C(=O)c2ccc(F)cn2)C1)C(=O)Cn1nc2c(n1)CCCC2,"N-((1-((5-fluoropyridin-2-yl)carbonyl)-3-hydroxyazetidin-3-yl)methyl)-N-methyl-2-(4,5,6,7-tetrahydro-1H-benzotriazol-2-yl)acetamide",FC=1C=CC(=NC1)C(=O)N1CC(C1)(O)CN(C(CN1NC2=C(N1)CCCC2)=O)C,CN(CC1(O)CN(C(=O)c2ccc(F)cn2)C1)C(=O)Cn1nc2c(n1)CCCC2,CN(CC1(O)CN(C(=O)c2ccc(F)cn2)C1)C(=O)CN1NC2=C(CCCC2)N1
66546,CN(C)C[C@@H](C(=O)N[C@H]1C[C@@H]2CC[C@H](C1)N2C(=O)c1cncn(C)c1=O)N(C)C,"(2S)-2,3-bis(dimethylamino)-N-((1R,3s,5S)-8-((1-methyl-6-oxo-1H-pyrimidin-5-yl)carbonyl)-8-azabicyclo[3.2.1]octan-3-yl)propanamide",,CN(C)CC(C(=O)N[C@@H]1C[C@H]2CC[C@@H](C1)N2C(=O)c1cncn(C)c1=O)N(C)C,
66567,CCCN(C)C(=O)[C@@H]1C[C@@H]2CN(C(=O)[C@@](C)(O)C3CC3)C[C@@H]2C1,"(1R,5S,7S)-3-((2S)-2-cyclopropyl-2-hydroxy-propionyl)-N-methyl-N-propyl-3-azabicyclo[3.3.0]octane-7-carboxamide",,CCCN(C)C(=O)C1C[C@@H]2CN(C(=O)[C@@](C)(O)C3CC3)C[C@@H]2C1,
66606,CN(C(=O)[C@H]1C[C@@H]2C[C@@H]2C1)[C@@H]1CCCCN(C(=O)c2cncnc2)C1,"(1R,3s,5S)-N-methyl-N-((3R)-1-((pyrimidin-5-yl)carbonyl)azepan-3-yl)bicyclo[3.1.0]hexane-3-carboxamide",,CN(C(=O)C1C[C@@H]2C[C@@H]2C1)[C@@H]1CCCCN(C(=O)c2cncnc2)C1,
66628,C[C@H](NC(N)=O)C(=O)N[C@H]1[C@@H]2CN([C@@H](C)C(=O)Nc3ccc(Cl)cc3)C[C@@H]21,"(2S)-2-(carbamoylamino)-N-((1R,5S,6R)-3-((2S)-1-((4-chlorophenyl)amino)-1-oxopropan-2-yl)-3-azabicyclo[3.1.0]hexan-6-yl)propanamide",,CC(NC(N)=O)C(=O)N[C@H]1[C@@H]2CN(C(C)C(=O)Nc3ccc(Cl)cc3)C[C@@H]21,
66648,CC(C)[C@H](O)CC(=O)N1[C@H]2CC[C@@H]1C[C@@H](NC(=O)c1cncc(C(F)(F)F)c1)C2,"N-((1R,3S,5S)-8-((3R)-3-hydroxy-4-methyl-pentanoyl)-8-azabicyclo[3.2.1]octan-3-yl)-5-(trifluoromethyl)pyridine-3-carboxamide",,CC(C)[C@H](O)CC(=O)N1[C@@H]2CC[C@H]1C[C@H](NC(=O)c1cncc(C(F)(F)F)c1)C2,
66655,Cn1nccc1C(=O)N[C@]1(c2ccccc2)C[C@@H](NC(=O)Cc2nnc(O)s2)C1,"N-((1r,3r)-3-(2-(5-hydroxy-1,3,4-thiadiazol-2-yl)acetamido)-1-phenylcyclobutyl)-1-methyl-1H-pyrazole-5-carboxamide",,Cn1nccc1C(=O)N[C@]1(c2ccccc2)C[C@@H](NC(=O)Cc2n[nH]c(=O)s2)C1,
66703,C[C@H](CNC(=O)[C@]1(NC(=O)[C@@H]2CCOC(=O)CC2)C[C@@H](O)C1)S(C)(=O)=O,"(4S)-N-((1s,3R)-3-hydroxy-1-(((2R)-2-(methylsulfonyl)propyl)carbamoyl)cyclobutyl)-7-oxooxepane-4-carboxamide",,C[C@H](CNC(=O)[C@]1(NC(=O)C2CCOC(=O)CC2)C[C@@H](O)C1)S(C)(=O)=O,
66714,CC1(C(=O)NC[C@]2(F)C[C@H](NC(=O)[C@@]3(C#N)CC34CCC4)C2)CCCCC1,"(1S)-1-cyano-N-((1r,3S)-3-fluoro-3-((1-methylcyclohexanecarboxamido)methyl)cyclobutyl)spiro[2.3]hexane-1-carboxamide",,CC1(C(=O)NC[C@]2(F)C[C@H](NC(=O)[C@@]3(C#N)CC34CCC4)C2)CCCCC1,
66729,CC#CCCCC(=O)N[C@]1(C)C[C@@H](NC(=O)c2cccn3nncc23)C1,"N-((1r,3r)-1-methyl-3-(1,8,9-triazabicyclo[4.3.0]nona-2,4,6,8-tetraene-5-carboxamido)cyclobutyl)hept-5-ynamide",,CC#CCCCC(=O)N[C@]1(C)C[C@@H](NC(=O)c2cccn3nncc23)C1,
66863,COc1ccccc1SCC(=O)NC[C@]1(F)C[C@H](NC(=O)C=C[S@](C)=O)C1,"N-((1r,3S)-3-fluoro-3-((2-((2-methoxyphenyl)sulfanyl)acetamido)methyl)cyclobutyl)-3-((S)-methylsulfinyl)prop-2-enamide",,COc1ccccc1SCC(=O)NC[C@]1(F)C[C@H](NC(=O)C=C[S@+](C)[O-])C1,
66872,N#Cc1cccc(C=CC(=O)N2CCC3(CC2)CCN(C(=O)[C@@H]2[C@H]4CC[C@H]42)C3)c1,"3-(3-(2-(((1R,4S,5r)-bicyclo[2.1.0]pentan-5-yl)carbonyl)-2,8-diazaspiro[4.5]decan-8-yl)-3-oxoprop-1-en-1-yl)benzonitrile",,N#Cc1cccc(C=CC(=O)N2CCC3(CC2)CCN(C(=O)C2[C@H]4CC[C@@H]24)C3)c1,
66877,O=C(N[C@@H]1[C@@H]2CC[C@H]1N(C(=O)[C@@H]1C[C@@H]3C[C@@H]3C1)C2)c1ccn2cnnc2c1,"N-((1R,4R,7R)-2-(((1R,3r,5S)-bicyclo[3.1.0]hexan-3-yl)carbonyl)-2-azabicyclo[2.2.1]heptan-7-yl)[1,2,4]triazolo[4,3-a]pyridine-7-carboxamide",,O=C(N[C@@H]1[C@@H]2CC[C@H]1N(C(=O)C1C[C@@H]3C[C@@H]3C1)C2)c1ccn2cnnc2c1,
66965,COc1cc(C(=O)N2C[C@H]3[C@H](N(C)C(=O)[C@@H]4CCN(C)C(=O)C4)[C@H]3C2)cnc1O,"(4R)-N-((1R,5S,6s)-3-((6-hydroxy-5-methoxypyridin-3-yl)carbonyl)-3-azabicyclo[3.1.0]hexan-6-yl)-1,N-dimethyl-2-oxopiperidine-4-carboxamide",,COc1cc(C(=O)N2C[C@@H]3[C@H](C2)[C@H]3N(C)C(=O)C2CCN(C)C(=O)C2)c[nH]c1=O,
66976,CCc1ccc(C(=O)C(=O)NC[C@]2(F)C[C@H](NC(=O)C(C)(C)C(=O)NC)C2)s1,"N-((1r,3r)-3-((2-(5-ethylthiophen-2-yl)-2-oxoacetamido)methyl)-3-fluorocyclobutyl)-2,2,N'-trimethylpropanediamide",,CCc1ccc(C(=O)C(=O)NC[C@]2(F)C[C@H](NC(=O)C(C)(C)C(=O)NC)C2)s1,
67056,CCOC(=O)[C@]1(C(=O)O[C@H](C)c2cc(F)c(F)cc2Cl)C[C@@H]1C(F)(F)F,"1-(1R)-1-(2-chloro-4,5-difluorophenyl)ethyl 1-ethyl (1S,2S)-2-(trifluoromethyl)cyclopropane-1,1-dicarboxylate",,CCOC(=O)[C@]1(C(=O)O[C@H](C)c2cc(F)c(F)cc2Cl)C[C@@H]1C(F)(F)F,
67091,Cc1nc(C(=O)N[C@]2(C(=O)N3C[C@H]4C[C@]4(CO)C3)C[C@H](O)C2)cs1,"N-((1s,3S)-3-hydroxy-1-(((1R,5S)-1-(hydroxymethyl)-3-azabicyclo[3.1.0]hexan-3-yl)carbonyl)cyclobutyl)-2-methyl-1,3-thiazole-4-carboxamide",,Cc1nc(C(=O)N[C@]2(C(=O)N3C[C@H]4C[C@]4(CO)C3)C[C@H](O)C2)cs1,
67097,COC(=O)[C@@H]1[C@H]2CN(C(=O)CO[C@@H]3CCN(C(=O)CN4C[C@H]5C[C@H]5C4)C3)C[C@H]21,"methyl (1R,5S,6R)-3-(2-(((3R)-1-(2-((1R,5S)-3-azabicyclo[3.1.0]hexan-3-yl)-acetyl)pyrrolidin-3-yl)oxy)-acetyl)-3-azabicyclo[3.1.0]hexane-6-carboxylate",,COC(=O)C1[C@H]2CN(C(=O)CO[C@@H]3CCN(C(=O)CN4C[C@H]5C[C@H]5C4)C3)C[C@@H]12,
67143,CCCSCC(=O)N1CCC2(CCC2)[C@@H](NC(=O)[C@H]2CCCc3nnn(C)c32)C1,"(4S)-3-methyl-N-((5R)-7-(1-oxo-2-(propylsulfanyl)ethyl)-7-azaspiro[3.5]nonan-5-yl)-4,5,6,7-tetrahydro-1H-benzotriazole-4-carboxamide",CN1NNC2=C1[C@H](CCC2)C(=O)N[C@@H]2C1(CCC1)CCN(C2)C(CSCCC)=O,CCCSCC(=O)N1CCC2(CCC2)[C@@H](NC(=O)C2CCCc3nnn(C)c32)C1,CCCSCC(=O)N1CCC2(CCC2)[C@@H](NC(=O)C2CCCC3=C2N(C)NN3)C1
67267,C=C(C)CCC(=O)N[C@]12CCOC[C@@H]1CN(C(=O)c1cc3c([nH]1)CCCC3=O)C2,"4-methyl-N-((1R,6R)-8-((2-oxo-7-azabicyclo[4.3.0]nona-1(6),8-dien-8-yl)carbonyl)-3-oxa-8-azabicyclo[4.3.0]nonan-6-yl)pent-4-enamide",CC(CCC(=O)N[C@@]12CCOC[C@@H]2CN(C1)C(=O)C=1NC=2CCCC(C2C1)=O)=C,C=C(C)CCC(=O)N[C@]12CCOC[C@@H]1CN(C(=O)c1cc3c([nH]1)CCCC3=O)C2,C=C(C)CCC(=O)N[C@]12CCOC[C@@H]1CN(C(O)c1cc3c(O)cccc3[nH]1)C2
67366,CC[C@@H](SC)C(=O)N[C@]1(C(=O)NC[C@]2(O)C[C@@H](O)C2)C[C@H]1C,"(2R)-N-((1R,2R)-1-((((1s,3S)-1,3-dihydroxycyclobutyl)methyl)carbamoyl)-2-methylcyclopropyl)-2-(methylsulfanyl)butanamide",,CCC(SC)C(=O)N[C@]1(C(=O)NC[C@]2(O)C[C@@H](O)C2)C[C@H]1C,
67493,CC[C@H](C)[C@H](NC(=O)[C@@H]1[C@H]2CCCCC[C@H]21)C(=O)N1CCN(CC)C(C)(C)C1,"(1R,7S,8r)-N-((2S,3S)-1-(4-ethyl-3,3-dimethylpiperazin-1-yl)-3-methyl-1-oxopentan-2-yl)bicyclo[5.1.0]octane-8-carboxamide",,CC[C@H](C)C(NC(=O)C1[C@H]2CCCCC[C@@H]12)C(=O)N1CCN(CC)C(C)(C)C1,
67577,CC1(C)CC[C@H](NC(=O)c2cc(CNC(=O)[C@@H]3[C@H]4CCC[C@H]43)no2)C1,"3-(((1R,5S,6r)-bicyclo[3.1.0]hexane-6-carboxamido)methyl)-N-((1S)-3,3-dimethylcyclopentyl)-1,2-oxazole-5-carboxamide",,CC1(C)CC[C@H](NC(=O)c2cc(CNC(=O)C3[C@H]4CCC[C@@H]34)no2)C1,
67592,COC[C@H](C)[C@@H](C)C(=O)NC[C@]1(F)C[C@@H](NC(=O)c2c([N+](=O)[O-])c(C)nn2C)C1,"(2R,3R)-N-(((1s,3S)-3-(1,3-dimethyl-4-nitro-1H-pyrazole-5-carboxamido)-1-fluorocyclobutyl)methyl)-4-methoxy-2,3-dimethylbutanamide",,COC[C@H](C)C(C)C(=O)NC[C@]1(F)C[C@@H](NC(=O)c2c([N+](=O)[O-])c(C)nn2C)C1,
67677,CC(=O)CCCC(=O)N1CCN(C(=O)[C@H]2CCc3nnn(C)c3C2)[C@@H](CF)C1,"1-((3R)-3-(fluoromethyl)-4-(((5S)-3-methyl-4,5,6,7-tetrahydro-1H-benzotriazol-5-yl)carbonyl)piperazin-1-yl)hexane-1,5-dione",FC[C@H]1CN(CCN1C(=O)[C@@H]1CC2=C(NNN2C)CC1)C(CCCC(C)=O)=O,CC(=O)CCCC(=O)N1CCN(C(=O)C2CCc3nnn(C)c3C2)[C@@H](CF)C1,CC(=O)CCCC(=O)N1CCN(C(=O)C2CCC3=C(C2)N(C)NN3)[C@@H](CF)C1
67755,O=C(COc1cc(F)cc(Cl)c1)NC[C@]1(F)C[C@@H](NC(=O)Cc2cscn2)C1,"N-((1s,3s)-3-((2-((3-chloro-5-fluorophenyl)oxy)acetamido)methyl)-3-fluorocyclobutyl)-2-(1,3-thiazol-4-yl)acetamide",,O=C(COc1cc(F)cc(Cl)c1)NC[C@]1(F)C[C@@H](NC(=O)Cc2cscn2)C1,
67757,COc1c[nH]c(C(=O)N[C@H]2C[C@](F)(CNC(=O)C[C@H]3SC(=N)NC3=O)C2)cc1=O,"N-((1S,3s)-3-fluoro-3-((2-((5R)-2-imino-4-oxo-1,3-thiazolidin-5-yl)acetamido)methyl)cyclobutyl)-5-methoxy-4-oxo-1H-pyridine-2-carboxamide",,COc1c[nH]c(C(=O)N[C@H]2C[C@](F)(CNC(=O)Cc3sc(=N)[nH]c3O)C2)cc1=O,
67790,Cc1c(C(=O)NC[C@H]2CCN(C(=O)[C@H]3C[C@@H]4CC[C@H](C3)[C@H]4F)C2)cnn1CCO,"N-(((3R)-1-(((1R,3s,5S,8S)-8-fluorobicyclo[3.2.1]octan-3-yl)carbonyl)pyrrolidin-3-yl)methyl)-1-(2-hydroxyethyl)-5-methyl-1H-pyrazole-4-carboxamide",,Cc1c(C(=O)NC[C@H]2CCN(C(=O)C3C[C@H]4CC[C@@H](C3)[C@@H]4F)C2)cnn1CCO,
67890,CC[C@@]1(C)NC(=O)N(NC(=O)[C@H]2CC[C@H]3C[C@H]3CC2)C1=O,"(1R,4s,7S)-N-((4R)-4-ethyl-4-methyl-2,5-dioxoimidazolidin-1-yl)bicyclo[5.1.0]octane-4-carboxamide",,CC[C@@]1(C)NC(=O)N(NC(=O)C2CC[C@@H]3C[C@@H]3CC2)C1=O,
67929,CC1(O)CCC(C(=O)N2C[C@H]3C[C@@H](C(=O)Nn4ccnn4)C[C@H]3C2)CC1,"(1R,5S,7r)-3-((4-hydroxy-4-methylcyclohexyl)carbonyl)-N-(1H-1,2,3-triazol-1-yl)-3-azabicyclo[3.3.0]octane-7-carboxamide",,CC1(O)CCC(C(=O)N2C[C@H]3CC(C(=O)Nn4ccnn4)C[C@H]3C2)CC1,
68035,CC[C@H](SC)C(=O)N1CC[C@H]2CCC[C@]21C(=O)N[C@@H]1[C@H]2COC[C@H]21,"(1R,5R)-2-((2S)-2-(methylsulfanyl)-butyryl)-N-((1R,5S,6r)-3-oxabicyclo[3.1.0]hexan-6-yl)-2-azabicyclo[3.3.0]octane-1-carboxamide",,CCC(SC)C(=O)N1CC[C@H]2CCC[C@]21C(=O)N[C@H]1[C@@H]2COC[C@@H]21,
68043,O=C(NC[C@H]1C[C@](F)(CNC(=O)C2CCCC2)C1)c1c(Cl)csc1Cl,"2,4-dichloro-N-(((1s,3s)-3-(cyclopentanecarboxamidomethyl)-3-fluorocyclobutyl)methyl)thiophene-3-carboxamide",,O=C(NC[C@H]1C[C@](F)(CNC(=O)C2CCCC2)C1)c1c(Cl)csc1Cl,
68050,C[C@]1(NC(=O)c2cscn2)C[C@H](NC(=O)[C@@H]2C=CCC2)C1,"N-((1S,3r)-3-((1S)-cyclopent-2-ene-1-carboxamido)-1-methylcyclobutyl)-1,3-thiazole-4-carboxamide",,C[C@]1(NC(=O)c2cscn2)C[C@H](NC(=O)C2C=CCC2)C1,
68096,CC(C)N1[C@@H](C)CN(C(=O)NC[C@]2(F)C[C@@H](CNC(=O)OC(C)(C)C)C2)C[C@H]1C,"tert-butyl ((((1s,3s)-3-((3R,5S)-3,5-dimethyl-4-(propan-2-yl)piperazin-1-ylcarbonylaminomethyl)-3-fluorocyclobutyl)methyl)amino)formate",,CC(C)N1[C@H](C)CN(C(=O)NC[C@]2(F)C[C@@H](CNC(=O)OC(C)(C)C)C2)C[C@@H]1C,
68111,CC[C@@H](C(=O)NC[C@H]1C[C@@H]2CC[C@H](C1)N2C(=O)[C@]12CCCC[C@@H]1C2(F)F)N(C)C,"(2S)-N-(((1R,3R,5S)-8-(((1S,6S)-7,7-difluorobicyclo[4.1.0]heptan-1-yl)carbonyl)-8-azabicyclo[3.2.1]octan-3-yl)methyl)-2-(dimethylamino)butanamide",,CCC(C(=O)NC[C@@H]1C[C@H]2CC[C@@H](C1)N2C(=O)[C@]12CCCC[C@@H]1C2(F)F)N(C)C,
68164,CCC[C@@H](CC)C(=O)NC[C@]1(F)C[C@H](CNC(=O)c2cnc(C)n2C)C1,"(2R)-N-(((1r,3R)-3-((1,2-dimethyl-1H-imidazole-5-carboxamido)methyl)-1-fluorocyclobutyl)methyl)-2-ethylpentanamide",,CCCC(CC)C(=O)NC[C@]1(F)C[C@H](CNC(=O)c2cnc(C)n2C)C1,
68251,C[C@@H](O)C(=O)N1CC[C@@]2(C1)c1[nH]cnc1CCN2C(=O)[C@H]1CN2CCN1[C@H](C)C2,"(2R)-1-((3R)-1'-((2R,6R)-6-methyl-1,4-diazabicyclo[2.2.2]octan-2-yl)-1'-(((2R)-3,7,9-triaza)spiro[pyrrolidine-3,2'-bicyclo[4.3.0]nona-1(6),7-dien-3-yl)methanone]-1-yl)-2-hydroxypropan-1-one",,CC(O)C(=O)N1CC[C@@]2(C1)c1[nH]cnc1CCN2C(=O)C1CN2CCN1[C@H](C)C2,
68276,COC[C@H](NC(C)=O)C(=O)N[C@@H]1C[C@@H]2CC[C@H](C1)N2C(=O)c1nnn(C)c1N,"(2S)-2-acetamido-N-((1R,3r,5S)-8-((5-amino-1-methyl-1H-1,2,3-triazol-4-yl)carbonyl)-8-azabicyclo[3.2.1]octan-3-yl)-3-methoxypropanamide",,COCC(NC(C)=O)C(=O)N[C@H]1C[C@H]2CC[C@@H](C1)N2C(=O)c1nnn(C)c1N,
68302,C=C(C)C[C@H](NC(C)=O)C(=O)N[C@H]1[C@@H]2CN(C(=O)c3nnn(C)n3)C[C@@H]21,"(2S)-2-acetamido-4-methyl-N-((1R,5S,6s)-3-((2-methyl-2H-tetrazol-5-yl)carbonyl)-3-azabicyclo[3.1.0]hexan-6-yl)pent-4-enamide",,C=C(C)CC(NC(C)=O)C(=O)N[C@H]1[C@@H]2CN(C(=O)c3nnn(C)n3)C[C@@H]21,
68323,Cc1ccccc1CNC(=O)[C@@H]1[C@H]2CN(c3ccc(C(C)C)nn3)C[C@H]21,"(1R,5S,6r)-N-((2-methylphenyl)methyl)-3-(6-(propan-2-yl)pyridazin-3-yl)-3-azabicyclo[3.1.0]hexane-6-carboxamide",,Cc1ccccc1CNC(=O)C1[C@H]2CN(c3ccc(C(C)C)nn3)C[C@@H]12,
68409,CSc1ccc(NC(=O)[C@H]2[C@H]3CN(C(=O)[C@H](C)n4cncn4)C[C@H]32)cc1,"(1R,5S,6R)-N-(4-(methylsulfanyl)phenyl)-3-((2S)-1-oxo-2-(1H-1,2,4-triazol-1-yl)propyl)-3-azabicyclo[3.1.0]hexane-6-carboxamide",,CSc1ccc(NC(=O)C2[C@H]3CN(C(=O)C(C)n4cncn4)C[C@@H]23)cc1,
68428,CCCCOCC(=O)N1C[C@H]2[C@H](NC(=O)/C=C/c3ccccc3Br)[C@H]2C1,"(2E)-3-(2-bromophenyl)-N-((1R,5S,6s)-3-(2-butoxy-acetyl)-3-azabicyclo[3.1.0]hexan-6-yl)prop-2-enamide",,CCCCOCC(=O)N1C[C@@H]2[C@H](C1)[C@H]2NC(=O)/C=C/c1ccccc1Br,
68458,CSC[C@@H]1CCCN1C(=O)[C@]1(NC(=O)c2ncn(C)n2)C[C@@H](O)C1,"N-((1s,3R)-3-hydroxy-1-(((2S)-2-((methylsulfanyl)methyl)pyrrolidin-1-yl)carbonyl)cyclobutyl)-1-methyl-1H-1,2,4-triazole-3-carboxamide",,CSC[C@@H]1CCCN1C(=O)[C@]1(NC(=O)c2ncn(C)n2)C[C@@H](O)C1,
68541,C#CCCO[C@@H](C)C(=O)N1CCC(F)(CNC(=O)[C@H]2C[C@](O)(C#C)C2)CC1,"(1s,3R)-N-((1-((2S)-2-((but-3-yn-1-yl)oxy)-propionyl)-4-fluoropiperidin-4-yl)methyl)-3-(ethynyl)-3-hydroxycyclobutanecarboxamide",,C#CCCOC(C)C(=O)N1CCC(F)(CNC(=O)C2CC(O)(C#C)C2)CC1,
68610,C#CCCC(=O)NC[C@]1(c2ccccc2)C[C@@H](NC(=O)CSC(C)(C)C)C1,"N-(((1r,3r)-3-(2-((tert-butyl)sulfanyl)acetamido)-1-phenylcyclobutyl)methyl)pent-4-ynamide",,C#CCCC(=O)NC[C@]1(c2ccccc2)C[C@@H](NC(=O)CSC(C)(C)C)C1,
68653,NS(=O)(=O)c1ccc(C(=O)N2C[C@H]3[C@H](CNC(=O)CC4CC(F)C4)[C@H]3C2)c(Cl)c1,"2-(3-fluorocyclobutyl)-N-(((1R,5S,6r)-3-((4-(sulfamoyl)-2-chlorophenyl)carbonyl)-3-azabicyclo[3.1.0]hexan-6-yl)methyl)acetamide",,NS(=O)(=O)c1ccc(C(=O)N2C[C@@H]3[C@@H](CNC(=O)CC4CC(F)C4)[C@@H]3C2)c(Cl)c1,
68673,C[C@]1(C(=O)NCCNC(=O)[C@@H]2[C@H]3CCCCC[C@H]32)Cc2ccccc2NC1=O,"(3R)-N-(2-((1R,7S,8r)-bicyclo[5.1.0]octane-8-carboxamido)ethyl)-3-methyl-2-oxo-1,2,3,4-tetrahydroquinoline-3-carboxamide",,C[C@]1(C(=O)NCCNC(=O)C2[C@H]3CCCCC[C@@H]23)Cc2ccccc2NC1=O,
68792,CCN1C(=O)CC[C@@H]1CC(=O)NC[C@@H]1C[C@@H]2CC[C@H](C1)N2C(=O)C1(C)CC=CC1,"2-((2R)-1-ethyl-5-oxopyrrolidin-2-yl)-N-(((1R,3r,5S)-8-((1-methylcyclopent-3-en-1-yl)carbonyl)-8-azabicyclo[3.2.1]octan-3-yl)methyl)acetamide",,CCN1C(=O)CC[C@@H]1CC(=O)NC[C@H]1C[C@H]2CC[C@@H](C1)N2C(=O)C1(C)CC=CC1,
68838,Cn1c(=O)ccn(CC(=O)NC2CC3(C2)C[C@@H]3NC(=O)[C@@H]2C[C@@H]3CC[C@@H]3C2)c1=O,"N-((1S)-1-((1R,3r,5S)-bicyclo[3.2.0]heptane-3-carboxamido)spiro[2.3]hexan-5-yl)-2-(3-methyl-2,4-dioxo-1H,3H-pyrimidin-1-yl)acetamide",,Cn1c(=O)ccn(CC(=O)NC2CC3(C2)C[C@@H]3NC(=O)C2C[C@H]3CC[C@H]3C2)c1=O,
68863,CC(Cl)=CC(=O)NCCCN(C)CCCNC(=O)[C@H]1C[C@@H]2CC[C@@H]2C1,"N-(3-((3-((1R,3s,5S)-bicyclo[3.2.0]heptane-3-carboxamido)propyl)(methyl)amino)propyl)-3-chlorobut-2-enamide",,CC(Cl)=CC(=O)NCCCN(C)CCCNC(=O)C1C[C@H]2CC[C@H]2C1,
68921,COc1ccc(Br)c(F)c1CN[C@H]1C[C@@H](CC(=O)N2[C@H]3CC[C@@H]2C[C@H](OC)C3)C1,"2-(cis-3-(((3-bromo-2-fluoro-6-methoxyphenyl)methyl)amino)cyclobutyl)-1-((1R,3r,5S)-3-methoxy-8-azabicyclo[3.2.1]octan-8-yl)ethan-1-one",,COc1ccc(Br)c(F)c1CN[C@H]1C[C@@H](CC(=O)N2[C@@H]3CC[C@H]2C[C@@H](OC)C3)C1,
68969,C=Cn1nccc1C(=O)NC[C@H]1[C@@H]2CN(C(=O)C(C)(C)CF)C[C@H]12,"1-ethenyl-N-(((1R,5S,6r)-3-(3-fluoro-2,2-dimethyl-propionyl)-3-azabicyclo[3.1.0]hexan-6-yl)methyl)-1H-pyrazole-5-carboxamide",,C=Cn1nccc1C(=O)NC[C@@H]1[C@H]2CN(C(=O)C(C)(C)CF)C[C@@H]12,
69003,COCCC[C@@H](C)C(=O)NC[C@]1(F)C[C@H](NC(=O)C2=C(C)OCC2)C1,"(2R)-N-(((1r,3R)-1-fluoro-3-(2-methyl-4,5-dihydrofuran-3-carboxamido)cyclobutyl)methyl)-5-methoxy-2-methylpentanamide",,COCCCC(C)C(=O)NC[C@]1(F)C[C@H](NC(=O)C2=C(C)OCC2)C1,
69005,Cc1csc(=O)n1CCC(=O)NC[C@H]1C[C@](F)(CNC(=O)[C@@H]2CCCN2C=O)C1,"N-(((1R,3s)-3-fluoro-3-(((2S)-1-formylpyrrolidine-2-carboxamido)methyl)cyclobutyl)methyl)-3-(4-methyl-2-oxo-3H-1,3-thiazol-3-yl)propanamide",,Cc1csc(=O)n1CCC(=O)NC[C@H]1C[C@](F)(CNC(=O)C2CCCN2C=O)C1,
69045,Cc1cc(CN2C[C@@H]3[C@H](C(=O)Nc4cc(O)nc(Cl)c4)[C@@H]3C2)ccc1[N+](=O)[O-],"(1R,5S,6s)-N-(2-chloro-6-hydroxypyridin-4-yl)-3-((3-methyl-4-nitrophenyl)methyl)-3-azabicyclo[3.1.0]hexane-6-carboxamide",,Cc1cc(CN2C[C@@H]3C(C(=O)Nc4cc(Cl)[nH]c(=O)c4)[C@@H]3C2)ccc1[N+](=O)[O-],
69142,COC(=O)NCC(=O)NC[C@]1(F)C[C@@H](NC(=O)CN2CCSCC2)C1,"methyl ((2-((((1s,3s)-1-fluoro-3-(2-(thiomorpholin-4-yl)acetamido)cyclobutyl)methyl)amino)-2-oxoethyl)amino)formate",,COC(=O)NCC(=O)NC[C@]1(F)C[C@@H](NC(=O)CN2CCSCC2)C1,
69237,OC[C@]1(CN=c2[nH]c3ccc(C(F)(F)F)cc3s2)C[C@@H](OCc2ccccc2)C1,"1-((1r,3r)-3-benzyloxy-1-(((6-(trifluoromethyl)-1,3-benzothiazol-2-ylidene)amino)methyl)cyclobutyl)methanol",,OC[C@]1(CNc2nc3ccc(C(F)(F)F)cc3s2)C[C@@H](OCc2ccccc2)C1,
69368,C#Cc1ccc(C(=O)N2C[C@H]3C[C@@H](C(=O)N(C)CCc4cnn(C)c4)C[C@H]3C2)o1,"(1R,5S,7r)-3-((5-(ethynyl)furan-2-yl)carbonyl)-N-methyl-N-(2-(1-methyl-1H-pyrazol-4-yl)ethyl)-3-azabicyclo[3.3.0]octane-7-carboxamide",,C#Cc1ccc(C(=O)N2C[C@H]3CC(C(=O)N(C)CCc4cnn(C)c4)C[C@H]3C2)o1,
69481,O=C(NC[C@H]1CC[C@H](C(=O)NC[C@H]2CCCOC2)CC1)[C@@H]1[C@H]2CCC[C@H]21,"(1R,5S,6r)-N-((trans-4-((((3R)-oxan-3-yl)methyl)carbamoyl)cyclohexyl)methyl)bicyclo[3.1.0]hexane-6-carboxamide",,O=C(NC[C@H]1CCCOC1)C1CCC(CNC(=O)C2[C@H]3CCC[C@@H]23)CC1,
69532,O=S(=O)(c1ccc(N[C@@H]2[C@H]3CCCC[C@H]32)c(Br)c1)N1CCSC[C@@H]1c1cccs1,"(1R,6S,7r)-N-(2-bromo-4-((3R)-3-(thiophen-2-yl)thiomorpholin-4-ylsulfonyl)phenyl)bicyclo[4.1.0]heptan-7-amine",,O=S(=O)(c1ccc(N[C@H]2[C@@H]3CCCC[C@@H]32)c(Br)c1)N1CCSC[C@@H]1c1cccs1,
69572,Cc1nc([C@H](C)NC(=O)[C@@H]2[C@H]3CN(C(=O)c4cccc(CO)c4)C[C@H]32)n[nH]1,"(1R,5S,6r)-3-((3-(hydroxymethyl)phenyl)carbonyl)-N-((1S)-1-(5-methyl-1H-1,2,4-triazol-3-yl)ethyl)-3-azabicyclo[3.1.0]hexane-6-carboxamide",,Cc1n[nH]c([C@H](C)NC(=O)C2[C@H]3CN(C(=O)c4cccc(CO)c4)C[C@@H]23)n1,
69580,CCc1ncc(C(=O)N[C@H]2C[C@@H]2NC(=O)[C@H]2CCCc3nnn(C)c32)s1,"2-ethyl-N-((1S,2S)-2-((4S)-3-methyl-4,5,6,7-tetrahydro-1H-benzotriazole-4-carboxamido)cyclopropyl)-1,3-thiazole-5-carboxamide",C(C)C=1SC(=CN1)C(=O)N[C@@H]1[C@H](C1)NC(=O)[C@H]1CCCC=2NNN(C21)C,CCc1ncc(C(=O)N[C@H]2C[C@@H]2NC(=O)C2CCCc3nnn(C)c32)s1,CCc1ncc(C(=O)N[C@H]2C[C@@H]2NC(=O)C2CCCC3=C2N(C)NN3)s1
69601,CC(C)S[C@H](C)C(=O)N[C@H]1C[C@](C)(NC(=O)C[C@@H](C)C(F)(F)C(F)(F)F)C1,"(3R)-4,4,5,5,5-pentafluoro-3-methyl-N-((1R,3R)-1-methyl-3-((2R)-2-((propan-2-yl)sulfanyl)propanamido)cyclobutyl)pentanamide",,CC(C)SC(C)C(=O)N[C@H]1C[C@](C)(NC(=O)C[C@@H](C)C(F)(F)C(F)(F)F)C1,
69618,C[C@H]1CC[C@@H](C)N1CC(=O)N1C[C@H]2[C@H](CN=c3cc(C(C)(C)C)nc[nH]3)[C@H]2C1,"1-((1R,5S,6r)-6-(((6-(tert-butyl)-3H-pyrimidin-4-ylidene)amino)methyl)-3-azabicyclo[3.1.0]hexan-3-yl)-2-((2R,5S)-2,5-dimethylpyrrolidin-1-yl)ethan-1-one",,C[C@@H]1CC[C@H](C)N1CC(=O)N1C[C@@H]2[C@@H](CNc3cc(C(C)(C)C)ncn3)[C@@H]2C1,
69620,CCc1nc(C(=O)N[C@H]2C[C@@](C)(NC(=O)[C@@H]3CCCN3S(C)(=O)=O)C2)c(N)s1,"5-amino-2-ethyl-N-((1R,3s)-3-methyl-3-((2S)-1-(methylsulfonyl)pyrrolidine-2-carboxamido)cyclobutyl)-1,3-thiazole-4-carboxamide",,CCc1nc(C(=O)N[C@H]2C[C@@](C)(NC(=O)C3CCCN3S(C)(=O)=O)C2)c(N)s1,
69621,C[C@H](Cc1cccc(Cl)c1)C(=O)N(C)[C@H](C)CNC(=O)[C@@H]1[C@H]2CCC[C@H]21,"(2R)-N-((2R)-1-((1R,5S,6r)-bicyclo[3.1.0]hexane-6-carboxamido)propan-2-yl)-3-(3-chlorophenyl)-2,N-dimethylpropanamide",,CC(Cc1cccc(Cl)c1)C(=O)N(C)[C@H](C)CNC(=O)C1[C@H]2CCC[C@@H]12,
69690,CCC1=NO[C@H](CC(=O)NCC2(C(=O)NC[C@H]3C[C@@H]4CC[C@@H]4C3)CC2)C1,"N-((1-((((1R,3s,5S)-bicyclo[3.2.0]heptan-3-yl)methyl)carbamoyl)cyclopropyl)methyl)-2-((5S)-3-ethyl-4,5-dihydro-1,2-oxazol-5-yl)acetamide",,CCC1=NO[C@H](CC(=O)NCC2(C(=O)NC[C@@H]3C[C@H]4CC[C@H]4C3)CC2)C1,
69734,CN1CC(CCN(C)C(=O)COC2CN(C(=O)[C@H]3C[C@@H]4CC[C@H](C3)O4)C2)C1,"N-methyl-N-(2-(1-methylazetidin-3-yl)ethyl)-2-((1-(((1R,3s,5S)-8-oxabicyclo[3.2.1]octan-3-yl)carbonyl)azetidin-3-yl)oxy)acetamide",,CN1CC(CCN(C)C(=O)COC2CN(C(=O)C3C[C@H]4CC[C@@H](C3)O4)C2)C1,
69790,Cc1ccc2[nH]c(C(=O)NC[C@H]3[C@@H]4CN(C(=O)[C@H]5C[C@H]5C)C[C@H]34)cc2c1F,"4-fluoro-5-methyl-N-(((1R,5S,6S)-3-(((1S,2R)-2-methylcyclopropyl)carbonyl)-3-azabicyclo[3.1.0]hexan-6-yl)methyl)-1H-indole-2-carboxamide",,Cc1ccc2[nH]c(C(=O)NC[C@@H]3[C@H]4CN(C(=O)C5C[C@H]5C)C[C@@H]34)cc2c1F,
69894,C#CCN1CCC(C(=O)NC[C@@H]2C[C@@H]3CC[C@H](C2)N3C(=O)C2CSC2)CC1,"1-(prop-2-yn-1-yl)-N-(((1R,3r,5S)-8-((thietan-3-yl)carbonyl)-8-azabicyclo[3.2.1]octan-3-yl)methyl)piperidine-4-carboxamide",,C#CCN1CCC(C(=O)NC[C@H]2C[C@H]3CC[C@@H](C2)N3C(=O)C2CSC2)CC1,
69921,CO[C@H]1C[C@@H]2CC[C@H](C1)N2C(=O)[C@H]1CN(C(=O)[C@@](C)(O)CC(C)C)CC12CC2,"(2S)-2-hydroxy-1-((7R)-7-(((1R,3S,5S)-3-methoxy-8-azabicyclo[3.2.1]octan-8-yl)carbonyl)-5-azaspiro[2.4]heptan-5-yl)-2,4-dimethylpentan-1-one",,CO[C@@H]1C[C@H]2CC[C@@H](C1)N2C(=O)C1CN(C(=O)[C@@](C)(O)CC(C)C)CC12CC2,
69924,CSCCNC(=O)C1(F)CN(C(=O)[C@@H]2[C@H]3CCCC[C@H]32)C1,"1-(((1R,6S,7r)-bicyclo[4.1.0]heptan-7-yl)carbonyl)-3-fluoro-N-(2-(methylsulfanyl)ethyl)azetidine-3-carboxamide",,CSCCNC(=O)C1(F)CN(C(=O)C2[C@H]3CCCC[C@@H]23)C1,
69958,COc1cc(Cl)c(C)cc1C(=O)N[C@H]1[C@@H]2CN(C(=O)[C@H](C)C#N)C[C@@H]21,"4-chloro-2-methoxy-5-methyl-N-((1R,5S,6S)-3-((2R)-2-methyl-3-nitrilo-propionyl)-3-azabicyclo[3.1.0]hexan-6-yl)benzamide",,COc1cc(Cl)c(C)cc1C(=O)N[C@H]1[C@@H]2CN(C(=O)C(C)C#N)C[C@@H]21,
69988,O=C(CC1CC(F)(F)C1)NCC=C1CCN(C(=O)[C@@H]2[C@H]3CCC[C@H]32)CC1,"N-(2-(1-(((1R,5S,6r)-bicyclo[3.1.0]hexan-6-yl)carbonyl)piperidin-4-ylidene)ethyl)-2-(3,3-difluorocyclobutyl)acetamide",,O=C(CC1CC(F)(F)C1)NCC=C1CCN(C(=O)C2[C@H]3CCC[C@@H]23)CC1,
70096,COCCC(C)(C)C(=O)N1C[C@H]2[C@H](N(C)C(=O)c3cc4c(nn3)OCCS4)[C@H]2C1,"N-((1R,5S,6s)-3-(4-methoxy-2,2-dimethyl-butyryl)-3-azabicyclo[3.1.0]hexan-6-yl)-N-methyl-2-oxa-5-thia-9,10-diazabicyclo[4.4.0]deca-1(6),7,9-triene-8-carboxamide",,COCCC(C)(C)C(=O)N1C[C@@H]2[C@H](C1)[C@H]2N(C)C(=O)c1cc2c(nn1)OCCS2,
70101,CN(CCCCNC(=O)[C@H]1[C@@H]2CS(=O)(=O)C[C@@H]21)C(=O)c1ncoc1-c1ccco1,"N-(4-((1R,5S,6s)-3,3-dioxo-3lambda^6-thiabicyclo[3.1.0]hexane-6-carboxamido)butyl)-5-(furan-2-yl)-N-methyl-1,3-oxazole-4-carboxamide",,CN(CCCCNC(=O)C1[C@H]2CS(=O)(=O)C[C@@H]12)C(=O)c1ncoc1-c1ccco1,
70130,CN(CCC(=O)NC1CC1)C(=O)[C@H](O)C1CN(C(=O)[C@H]2C[C@H]3[C@@H](C2)C3(F)F)C1,"N-cyclopropyl-3-(N-methyl(2R)-2-(1-(((1R,3s,5S)-6,6-difluorobicyclo[3.1.0]hexan-3-yl)carbonyl)azetidin-3-yl)-2-hydroxyacetamido)propanamide",,CN(CCC(=O)NC1CC1)C(=O)C(O)C1CN(C(=O)C2C[C@@H]3[C@H](C2)C3(F)F)C1,
70252,CCCCCNC(=O)[C@@H]1[C@H]2CN(CCCC3(c4ccc(F)cc4)OCCO3)C[C@H]21,"(1R,5S,6r)-3-(3-(2-(4-fluorophenyl)-1,3-dioxolan-2-yl)propyl)-N-pentyl-3-azabicyclo[3.1.0]hexane-6-carboxamide",,CCCCCNC(=O)C1[C@H]2CN(CCCC3(c4ccc(F)cc4)OCCO3)C[C@@H]12,
70279,O=C(N[C@@H]1CN(C(=O)[C@H]2C[C@@](F)(CO)C2)C[C@H]1O)c1cc2n(n1)CCNS2(=O)=O,"N-((3R,4R)-1-(((1r,3R)-3-fluoro-3-(hydroxymethyl)cyclobutyl)carbonyl)-4-hydroxypyrrolidin-3-yl)-2,2-dioxo-2lambda^6-thia-3,6,7-triazabicyclo[4.3.0]nona-1(9),7-diene-8-carboxamide",,O=C(N[C@@H]1CN(C(=O)C2CC(F)(CO)C2)C[C@H]1O)c1cc2n(n1)CCNS2(=O)=O,
70282,CO[C@@H](C(=O)NC[C@]1(F)C[C@@H](CNC(=O)c2c(C)cnnc2O)C1)[C@H]1CCOC1,"(2R)-N-(((1s,3S)-1-fluoro-3-((3-hydroxy-5-methylpyridazine-4-carboxamido)methyl)cyclobutyl)methyl)-2-methoxy-2-((3S)-oxolan-3-yl)acetamide",,COC(C(=O)NC[C@]1(F)C[C@@H](CNC(=O)c2c(C)cn[nH]c2=O)C1)[C@H]1CCOC1,
70315,Cn1cncc1CN[C@H]1[C@@H]2CN(C(=O)c3ccc4ccoc4c3)C[C@@H]21,"1-(1-benzofuran-6-yl)-1-((1R,5S,6s)-6-(((1-methyl-1H-imidazol-5-yl)methyl)amino)-3-azabicyclo[3.1.0]hexan-3-yl)methanone",,Cn1cncc1CN[C@H]1[C@@H]2CN(C(=O)c3ccc4ccoc4c3)C[C@@H]21,
70347,COc1ccc(S(=O)(=O)N[C@H]2C[C@@H]3CCC[C@H](C2)N3Cc2cnn(C)c2Cl)cn1,"(1R,3s,5S)-9-((5-chloro-1-methyl-1H-pyrazol-4-yl)methyl)-N-(6-methoxypyridin-3-ylsulfonyl)-9-azabicyclo[3.3.1]nonan-3-amine",,COc1ccc(S(=O)(=O)N[C@@H]2C[C@H]3CCC[C@@H](C2)N3Cc2cnn(C)c2Cl)cn1,
70360,C[C@@H]1[C@H](C(=O)N2CC[C@]3(CCCCN(C(=O)[C@@H]4CC=CCC4)C3)C2)[C@@H]1C,"1-((1S)-cyclohex-3-en-1-yl)-1-((5S)-2-(((1s,2R,3S)-2,3-dimethylcyclopropyl)carbonyl)-2,7-diazaspiro[4.6]undecan-7-yl)methanone",,C[C@@H]1C(C(=O)N2CC[C@]3(CCCCN(C(=O)C4CC=CCC4)C3)C2)[C@@H]1C,
70436,CO[C@@H]1C[C@@H](CNC(=O)Cn2cnnn2)N(C(=O)C2=C3CCN=C3NC=C2)C1,"N-(((2S,4R)-1-((3,7-dihydro-1H-pyrrolo[2,3-b]pyridin-4-yl)carbonyl)-4-methoxypyrrolidin-2-yl)methyl)-2-(1H-tetrazol-1-yl)acetamide",N1CCC2=C1NCC=C2C(=O)N2[C@@H](C[C@H](C2)OC)CNC(CN2N=NN=C2)=O,CO[C@@H]1C[C@@H](CNC(=O)Cn2cnnn2)N(C(=O)c2ccnc3c2CCN3)C1,CO[C@@H]1C[C@@H](CNC(=O)Cn2cnnn2)N(C(=O)C2=CCN=C3NCCC23)C1
70439,CCOC(=O)[C@@]1(C(=O)N[C@H]2[C@@H]3CN(C(=O)[C@@H]4OCC4(C)C)C[C@@H]32)CCO1,"ethyl (2S)-2-(((1R,5S,6S)-3-(((2R)-3,3-dimethyloxetan-2-yl)carbonyl)-3-azabicyclo[3.1.0]hexan-6-yl)carbamoyl)oxetane-2-carboxylate",,CCOC(=O)[C@@]1(C(=O)N[C@H]2[C@@H]3CN(C(=O)C4OCC4(C)C)C[C@@H]32)CCO1,
70449,C=C[C@@H](COC)NC(=O)[C@]1(NC(=O)CC2(C)OCCO2)C[C@@H](O)C1,"(1s,3R)-3-hydroxy-N-((2S)-1-methoxybut-3-en-2-yl)-1-(2-(2-methyl-1,3-dioxolan-2-yl)acetamido)cyclobutanecarboxamide",,C=C[C@@H](COC)NC(=O)[C@]1(NC(=O)CC2(C)OCCO2)C[C@@H](O)C1,
70475,CC(=CC1CC1)C(=O)N1CCO[C@]2(CC[C@H](NC(=O)[C@H]3CCC4(CC4)C3)CC2)C1,(5S)-N-(4-(3-cyclopropyl-2-methyl-1-oxoprop-2-en-1-yl)-1-oxa-4-azaspiro[5.5]undecan-9-yl)spiro[2.4]heptane-5-carboxamide,C1(CC1)C=C(C(=O)N1CCOC2(C1)CCC(CC2)NC(=O)[C@@H]2CC1(CC1)CC2)C,CC(=CC1CC1)C(=O)N1CCO[C@]2(CC[C@H](NC(=O)C3CCC4(CC4)C3)CC2)C1,CC(=CC1CC1)C(=O)N1CCOC2(CCC(NC(=O)C3CCC4(CC4)C3)CC2)C1
70536,Cn1c(N2CCCN(C3CCOCC3)CC2)nnc1[C@H]1C[C@@](F)(CO)C1,"1-((1r,3r)-1-fluoro-3-(4-methyl-5-(4-(oxan-4-yl)-1,4-diazepan-1-yl)-4H-1,2,4-triazol-3-yl)cyclobutyl)methanol",,Cn1c(N2CCCN(C3CCOCC3)CC2)nnc1[C@H]1C[C@@](F)(CO)C1,
70569,C[C@H](OC1CCCC1)C(=O)N[C@@H]1C[C@H]2[C@@H](C1)[C@@H]2NC(=O)[C@@H]1CCC(C)(C)C1,"(2S)-2-(cyclopentyloxy)-N-((1R,3R,5S,6S)-6-((1R)-3,3-dimethylcyclopentanecarboxamido)bicyclo[3.1.0]hexan-3-yl)propanamide",,CC(OC1CCCC1)C(=O)N[C@H]1C[C@@H]2[C@H](C1)[C@H]2NC(=O)C1CCC(C)(C)C1,
70600,C[C@]1(NC(=O)c2ccccc2F)C[C@@H](C(=O)NC(C2CC2)C2CC2)C1,"N-((1s,3s)-3-((dicyclopropylmethyl)carbamoyl)-1-methylcyclobutyl)-2-fluorobenzamide",,CC1(NC(=O)c2ccccc2F)CC(C(=O)NC(C2CC2)C2CC2)C1,
70747,CC1=NO[C@@H](CC(=O)NC[C@@H](NC(=O)[C@@H]2[C@H]3CC(F)(F)C[C@H]32)c2ccccc2)C1,"N-((2S)-2-((1R,5S,6r)-3,3-difluorobicyclo[3.1.0]hexane-6-carboxamido)-2-phenylethyl)-2-((5R)-3-methyl-4,5-dihydro-1,2-oxazol-5-yl)acetamide",,CC1=NO[C@@H](CC(=O)NC[C@@H](NC(=O)C2[C@H]3CC(F)(F)C[C@@H]23)c2ccccc2)C1,
70854,O=C(NC[C@@H]1CCCN1C(=O)c1cnc2n1CCC2)[C@@H]1C[C@H]2[C@@H](C1)C2(F)F,"(1R,3r,5S)-N-(((2S)-1-((1,4-diazabicyclo[3.3.0]octa-2,4-dien-2-yl)carbonyl)pyrrolidin-2-yl)methyl)-6,6-difluorobicyclo[3.1.0]hexane-3-carboxamide",,O=C(NC[C@@H]1CCCN1C(=O)c1cnc2n1CCC2)C1C[C@@H]2[C@H](C1)C2(F)F,
70916,CC1(C)COC[C@H]1C(=O)NC[C@H]1[C@@H]2CN(C(=O)[C@H]3C=CCS3)C[C@H]12,"(3S)-N-(((1R,5S,6R)-3-(((2R)-2,5-dihydrothiophen-2-yl)carbonyl)-3-azabicyclo[3.1.0]hexan-6-yl)methyl)-4,4-dimethyloxolane-3-carboxamide",,CC1(C)COCC1C(=O)NC[C@@H]1[C@H]2CN(C(=O)C3C=CCS3)C[C@@H]12,
70923,C[C@@H](C(=O)N(C)[C@H]1[C@@H]2CN(C(=O)c3cccc(-c4cccs4)n3)C[C@@H]21)C(F)F,"(2S)-3,3-difluoro-2,N-dimethyl-N-((1R,5S,6s)-3-((6-(thiophen-2-yl)pyridin-2-yl)carbonyl)-3-azabicyclo[3.1.0]hexan-6-yl)propanamide",,CC(C(=O)N(C)[C@H]1[C@@H]2CN(C(=O)c3cccc(-c4cccs4)n3)C[C@@H]21)C(F)F,
71018,COCC1(C(=O)N2CC[C@H]3[C@@H](CC2)[C@@H]3NC(=O)COCc2nc(C)no2)CCC1,"N-((1R,7S,8r)-4-((1-(methoxymethyl)cyclobutyl)carbonyl)-4-azabicyclo[5.1.0]octan-8-yl)-2-(((3-methyl-1,2,4-oxadiazol-5-yl)methyl)oxy)acetamide",,COCC1(C(=O)N2CC[C@@H]3[C@H](CC2)[C@H]3NC(=O)COCc2nc(C)no2)CCC1,
71020,C[C@@H](C[C@@H](C)NC(=O)C#CC1CC1)NC(=O)[C@@]1(C)C[C@H](C)O[C@H](C)C1,"3-cyclopropyl-N-((2R,4S)-4-((2R,4s,6S)-2,4,6-trimethyloxane-4-carboxamido)pentan-2-yl)prop-2-ynamide",,C[C@H](C[C@H](C)NC(=O)[C@]1(C)C[C@@H](C)O[C@@H](C)C1)NC(=O)C#CC1CC1,
71094,CCc1nc(C)[nH]c1C(=O)NC[C@H]1[C@@H]2CN(C(=O)Cc3ncc(Cl)s3)C[C@H]12,"N-(((1R,5S,6r)-3-(2-(5-chloro-1,3-thiazol-2-yl)-acetyl)-3-azabicyclo[3.1.0]hexan-6-yl)methyl)-4-ethyl-2-methyl-1H-imidazole-5-carboxamide",,CCc1[nH]c(C)nc1C(=O)NC[C@@H]1[C@H]2CN(C(=O)Cc3ncc(Cl)s3)C[C@@H]12,
71117,CCC1(C(=O)N2[C@H]3CC[C@@H]2C[C@H](NC(=O)c2ccccc2OC)C3)CCC1,"N-((1R,3r,5S)-8-((1-ethylcyclobutyl)carbonyl)-8-azabicyclo[3.2.1]octan-3-yl)-2-methoxybenzamide",,CCC1(C(=O)N2[C@@H]3CC[C@H]2C[C@@H](NC(=O)c2ccccc2OC)C3)CCC1,
71227,CC(C)(C(=O)N1C[C@H]2[C@H](NC(=O)c3cc[nH]c3)[C@H]2C1)c1ccc([N+](=O)[O-])cc1,"N-((1R,5S,6s)-3-(2-methyl-2-(4-nitrophenyl)-propionyl)-3-azabicyclo[3.1.0]hexan-6-yl)-1H-pyrrole-3-carboxamide",,CC(C)(C(=O)N1C[C@@H]2[C@H](C1)[C@H]2NC(=O)c1cc[nH]c1)c1ccc([N+](=O)[O-])cc1,
71377,C=C[C@H](CCC)CC(=O)N[C@H]1C[C@H]2COC[C@@H](C1)N2C(=O)C(CC)(CC)CC,"(3R)-N-((1R,5S,7s)-9-(2,2-diethyl-butyryl)-3-oxa-9-azabicyclo[3.3.1]nonan-7-yl)-3-ethenylhexanamide",,C=C[C@H](CCC)CC(=O)N[C@H]1C[C@H]2COC[C@@H](C1)N2C(=O)C(CC)(CC)CC,
71519,C[C@@H]1[C@H](C(=O)N[C@]2(CF)CCN(C(=O)c3cc(O)cc([N+](=O)[O-])c3)C2)[C@@H]1C,"(1s,2R,3S)-N-((3R)-3-(fluoromethyl)-1-((3-hydroxy-5-nitrophenyl)carbonyl)pyrrolidin-3-yl)-2,3-dimethylcyclopropanecarboxamide",,C[C@@H]1C(C(=O)N[C@]2(CF)CCN(C(=O)c3cc(O)cc([N+](=O)[O-])c3)C2)[C@@H]1C,
71530,C[C@@]1(CCC(=O)N[C@H]2C[C@@](C)(O)C2)CCCN1C(=O)CN=[N+]=[N-],"3-((2S)-1-(2-azido-acetyl)-2-methylpyrrolidin-2-yl)-N-((1s,3R)-3-hydroxy-3-methylcyclobutyl)propanamide",,C[C@@]1(CCC(=O)N[C@H]2C[C@@](C)(O)C2)CCCN1C(=O)CN=[N+]=[N-],
71545,CC[C@@H]1C[C@@H](O)CN1C(=O)CCNC(=O)[C@@H]1[C@H]2COC[C@H]21,"(1R,5S,6r)-N-(3-((2R,4R)-2-ethyl-4-hydroxypyrrolidin-1-yl)-3-oxopropyl)-3-oxabicyclo[3.1.0]hexane-6-carboxamide",,CC[C@@H]1C[C@@H](O)CN1C(=O)CCNC(=O)C1[C@H]2COC[C@@H]12,
71589,C#CCCCCC(=O)N[C@]1(C)C[C@H](NC(=O)C(=O)c2cc(F)cc(Cl)c2)C1,"N-((1s,3s)-3-(2-(3-chloro-5-fluorophenyl)-2-oxoacetamido)-1-methylcyclobutyl)hept-6-ynamide",,C#CCCCCC(=O)N[C@]1(C)C[C@H](NC(=O)C(=O)c2cc(F)cc(Cl)c2)C1,
71618,CCC(=O)N1C[C@H]2[C@H](N(C)C(=O)CCc3ccc(OC(C)C)cc3)[C@H]2C1,"3-(4-isopropoxyphenyl)-N-methyl-N-((1R,5S,6s)-3-(propionyl)-3-azabicyclo[3.1.0]hexan-6-yl)propanamide",,CCC(=O)N1C[C@@H]2[C@H](C1)[C@H]2N(C)C(=O)CCc1ccc(OC(C)C)cc1,
71719,C=CCCOCC(=O)NC[C@H]1[C@@H]2CN(c3ccc(S(C)(=O)=O)cn3)C[C@H]12,"2-((but-3-en-1-yl)oxy)-N-(((1R,5S,6r)-3-(5-(methylsulfonyl)pyridin-2-yl)-3-azabicyclo[3.1.0]hexan-6-yl)methyl)acetamide",,C=CCCOCC(=O)NC[C@@H]1[C@H]2CN(c3ccc(S(C)(=O)=O)cn3)C[C@@H]12,
71811,CC(=O)N[C@H](CC(C)C)C(=O)N1C[C@@H]2[C@H](C(=O)Nc3c[nH]nc3C#N)[C@@H]2C1,"N-((2R)-4-methyl-1-((1R,5S,6S)-6-((3-(nitrilomethyl)-1H-pyrazol-4-yl)carbamoyl)-3-azabicyclo[3.1.0]hexan-3-yl)-1-oxopentan-2-yl)acetamide",,CC(=O)NC(CC(C)C)C(=O)N1C[C@@H]2C(C(=O)Nc3c[nH]nc3C#N)[C@@H]2C1,
71897,C[C@H]1[C@@H]2CN(c3nc4ccccc4nc3N3C[C@@H]4C[C@H](CO)C[C@@H](C4)C3)C[C@H]12,"1-((1R,5S,7s)-3-(3-((1R,5S,6s)-6-methyl-3-azabicyclo[3.1.0]hexan-3-yl)quinoxalin-2-yl)-3-azabicyclo[3.3.1]nonan-7-yl)methanol",,C[C@@H]1[C@H]2CN(c3nc4ccccc4nc3N3C[C@@H]4C[C@H](CO)C[C@@H](C4)C3)C[C@@H]12,
71898,Cc1ccccc1C=CC(=O)N1C[C@H]2[C@H](CNC(=O)c3cccc(N)c3)[C@H]2C1,"3-amino-N-(((1R,5S,6r)-3-(3-(2-methylphenyl)-1-oxoprop-2-en-1-yl)-3-azabicyclo[3.1.0]hexan-6-yl)methyl)benzamide",,Cc1ccccc1C=CC(=O)N1C[C@@H]2[C@@H](CNC(=O)c3cccc(N)c3)[C@@H]2C1,
71911,Cc1cc(C)c(CC(=O)N(C)[C@H]2[C@@H]3CN(C(=O)c4sc(C)nc4C)C[C@@H]32)c(O)n1,"N-((1R,5S,6s)-3-((2,4-dimethyl-1,3-thiazol-5-yl)carbonyl)-3-azabicyclo[3.1.0]hexan-6-yl)-2-(2-hydroxy-4,6-dimethylpyridin-3-yl)-N-methylacetamide",,Cc1cc(C)c(CC(=O)N(C)[C@H]2[C@@H]3CN(C(=O)c4sc(C)nc4C)C[C@@H]32)c(=O)[nH]1,
71960,C[C@@H]1CCC=C1C(=O)N1C[C@H]2[C@H](N(C)C(=O)c3cnn(C4CCOCC4)c3)[C@H]2C1,"N-methyl-N-((1R,5S,6S)-3-(((5R)-5-methylcyclopent-1-en-1-yl)carbonyl)-3-azabicyclo[3.1.0]hexan-6-yl)-1-(oxan-4-yl)-1H-pyrazole-4-carboxamide",,C[C@@H]1CCC=C1C(=O)N1C[C@@H]2[C@H](C1)[C@H]2N(C)C(=O)c1cnn(C2CCOCC2)c1,
72031,C[C@@H](C(=O)N[C@]1(C)C[C@@H](NC(=O)[C@@]23CCCN(C2)S(=O)(=O)C3)C1)N1CCNC1=O,"(2S)-N-((1R,3S)-3-((1R)-6,6-dioxo-6lambda^6-thia-5-azabicyclo[3.2.1]octane-1-carboxamido)-1-methylcyclobutyl)-2-(2-oxoimidazolidin-1-yl)propanamide",,CC(C(=O)N[C@]1(C)C[C@@H](NC(=O)[C@@]23CCCN(C2)S(=O)(=O)C3)C1)N1CCNC1=O,
72053,O=C(CCC1CCCC1)N[C@@H]1[C@@H]2CN(Cc3cc(Br)cc([N+](=O)[O-])c3O)C[C@@H]21,"N-((1R,5S,6r)-3-((5-bromo-2-hydroxy-3-nitrophenyl)methyl)-3-azabicyclo[3.1.0]hexan-6-yl)-3-cyclopentylpropanamide",,O=C(CCC1CCCC1)N[C@@H]1[C@@H]2CN(Cc3cc(Br)cc([N+](=O)[O-])c3O)C[C@@H]21,
72082,O=C(CSc1nnc2ccccn12)N[C@H]1[C@@H]2CN(C(=O)C[C@@H]3COC(=O)C3)C[C@@H]21,"2-(([1,2,4]triazolo[4,3-a]pyridin-3-yl)sulfanyl)-N-((1R,5S,6R)-3-(1-oxo-2-((3S)-5-oxooxolan-3-yl)ethyl)-3-azabicyclo[3.1.0]hexan-6-yl)acetamide",,O=C(CSc1nnc2ccccn12)N[C@H]1[C@@H]2CN(C(=O)C[C@@H]3COC(=O)C3)C[C@@H]21,
72151,Cc1nnc(C(=O)N(C)[C@H]2[C@@H]3CN(C(=O)c4cc(F)ccc4C4CC4)C[C@@H]32)s1,"N-((1R,5S,6s)-3-((2-cyclopropyl-5-fluorophenyl)carbonyl)-3-azabicyclo[3.1.0]hexan-6-yl)-5,N-dimethyl-1,3,4-thiadiazole-2-carboxamide",,Cc1nnc(C(=O)N(C)[C@H]2[C@@H]3CN(C(=O)c4cc(F)ccc4C4CC4)C[C@@H]32)s1,
72159,CC(C)[C@@H](CCN(C)C(=O)[C@H]1[C@@H](C)[C@H]1C)NC(=O)Cc1ccc(F)c(Cl)c1F,"(1s,2R,3S)-N-((3R)-3-(2-(3-chloro-2,4-difluorophenyl)acetamido)-4-methylpentyl)-2,3,N-trimethylcyclopropanecarboxamide",,CC(C)[C@@H](CCN(C)C(=O)C1[C@@H](C)[C@H]1C)NC(=O)Cc1ccc(F)c(Cl)c1F,
72389,O=C(N[C@H]1[C@@H]2CN(C(=O)c3cc(F)c(Cl)nc3Cl)C[C@@H]21)c1nccc2[nH]ccc12,"N-((1R,5S,6s)-3-((2,6-dichloro-5-fluoropyridin-3-yl)carbonyl)-3-azabicyclo[3.1.0]hexan-6-yl)-3,7-diazabicyclo[4.3.0]nona-1(6),2,4,8-tetraene-2-carboxamide",,O=C(N[C@H]1[C@@H]2CN(C(=O)c3cc(F)c(Cl)nc3Cl)C[C@@H]21)c1nccc2[nH]ccc12,
72459,CC(=O)N[C@H](CC(C)C)C(=O)N[C@H]1C[C@@](C)(NC(=O)[C@H](C)C2=CCCC2)C1,"(2R)-2-acetamido-N-((1S,3S)-3-((2R)-2-(cyclopent-1-en-1-yl)propanamido)-3-methylcyclobutyl)-4-methylpentanamide",,CC(=O)NC(CC(C)C)C(=O)N[C@H]1C[C@@](C)(NC(=O)C(C)C2=CCCC2)C1,
72465,CC[C@@]1(C)CC[C@@H](C(=O)NC[C@H]2C[C@@H]3CC[C@H](C2)N3C(=O)c2cncc(Cl)c2)O1,"(2S,5S)-N-(((1R,3s,5S)-8-((5-chloropyridin-3-yl)carbonyl)-8-azabicyclo[3.2.1]octan-3-yl)methyl)-5-ethyl-5-methyloxolane-2-carboxamide",,CC[C@@]1(C)CCC(C(=O)NC[C@@H]2C[C@H]3CC[C@@H](C2)N3C(=O)c2cncc(Cl)c2)O1,
72487,Cc1cc(=NC(=O)[C@H]2[C@H]3CN(Cc4cccs4)C[C@H]32)[nH]o1,"(1R,5S,6s)-N-(5-methyl-2H-1,2-oxazol-3-ylidene)-3-((thiophen-2-yl)methyl)-3-azabicyclo[3.1.0]hexane-6-carboxamide",,Cc1cc(NC(=O)C2[C@H]3CN(Cc4cccs4)C[C@@H]23)no1,
72512,CCn1nnnc1[C@H](N[C@@H]1[C@@H](C)CC[C@H]1C)[C@@H]1C[C@H]1C1CC1,"(1r,2R,5S)-N-((1R)-((1R,2S)-2-cyclopropylcyclopropyl)(1-ethyl-1H-tetrazol-5-yl)methyl)-2,5-dimethylcyclopentanamine",,CCn1nnnc1[C@H](N[C@H]1[C@H](C)CC[C@@H]1C)[C@@H]1C[C@H]1C1CC1,
72540,NC(=O)[C@@H]1CC[C@H](C(=O)N2C[C@H]3[C@H](CNC(=O)c4ccc(N)c(Cl)c4O)[C@H]3C2)C1,"4-amino-N-(((1R,5S,6S)-3-(((1S,3R)-3-carbamoylcyclopentyl)carbonyl)-3-azabicyclo[3.1.0]hexan-6-yl)methyl)-3-chloro-2-hydroxybenzamide",,NC(=O)C1CCC(C(=O)N2C[C@@H]3[C@@H](CNC(=O)c4ccc(N)c(Cl)c4O)[C@@H]3C2)C1,
72603,Cc1nc(O)sc1C(=O)N1C[C@H]2[C@H](CN(C)C(=O)[C@@H](C)CC(F)F)[C@H]2C1,"(2S)-4,4-difluoro-N-(((1R,5S,6r)-3-((2-hydroxy-4-methyl-1,3-thiazol-5-yl)carbonyl)-3-azabicyclo[3.1.0]hexan-6-yl)methyl)-2,N-dimethylbutanamide",,Cc1[nH]c(=O)sc1C(=O)N1C[C@@H]2[C@@H](CN(C)C(=O)C(C)CC(F)F)[C@@H]2C1,
72636,O=C(NC[C@H]1C[C@H](O)[C@H](O)C1)[C@H]1CCCCCCN1C(=O)CC=C(Cl)Cl,"(2R)-1-(4,4-dichloro-1-oxobut-3-en-1-yl)-N-(((1s,3R,4S)-3,4-dihydroxycyclopentyl)methyl)azocane-2-carboxamide",,O=C(NC[C@@H]1C[C@@H](O)[C@@H](O)C1)C1CCCCCCN1C(=O)CC=C(Cl)Cl,
72857,CCc1nocc1C(=O)N[C@H]1C[C@@H]2C[C@H](C1)CN(C(=O)/C=C/C1CCCCC1)C2,"N-((1R,5S,7s)-3-((2E)-3-cyclohexyl-1-oxoprop-2-en-1-yl)-3-azabicyclo[3.3.1]nonan-7-yl)-3-ethyl-1,2-oxazole-4-carboxamide",,CCc1nocc1C(=O)N[C@@H]1C[C@H]2C[C@@H](C1)CN(C(=O)/C=C/C1CCCCC1)C2,
72948,C[C@@H](CC1CC1)C(=O)N[C@H]1C[C@@](C)(NC(=O)c2cn([C@@H]3CCC[C@H]3O)nn2)C1,"(2S)-3-cyclopropyl-N-((1S,3R)-3-(1-((1R,2R)-2-hydroxycyclopentyl)-1H-1,2,3-triazole-4-carboxamido)-3-methylcyclobutyl)-2-methylpropanamide",,CC(CC1CC1)C(=O)N[C@H]1C[C@@](C)(NC(=O)c2cn([C@@H]3CCC[C@H]3O)nn2)C1,
73013,C#CC[C@]1(O)C[C@@H](C(=O)NC[C@@H](C(=O)N2[C@@H](CC)CC[C@H]2C)C(C)C)C1,"(1s,3R)-N-((2S)-2-(((2S,5R)-2-ethyl-5-methylpyrrolidin-1-yl)carbonyl)-3-methylbutyl)-3-hydroxy-3-(prop-2-yn-1-yl)cyclobutanecarboxamide",,C#CCC1(O)CC(C(=O)NCC(C(=O)N2[C@@H](CC)CC[C@H]2C)C(C)C)C1,
73027,CN(C(=O)CCNC(N)=O)[C@H]1C[C@@H]2CC[C@H](C1)N2C(=O)Cn1ccc(O)nc1=O,"3-(carbamoylamino)-N-((1R,3s,5S)-8-(2-(4-hydroxy-2-oxo-1H-pyrimidin-1-yl)-acetyl)-8-azabicyclo[3.2.1]octan-3-yl)-N-methylpropanamide",,CN(C(=O)CCNC(N)=O)[C@@H]1C[C@H]2CC[C@@H](C1)N2C(=O)Cn1ccc(=O)[nH]c1=O,
73044,CN(C[C@H]1[C@@H]2CN(C(=O)c3ccsc3Cl)C[C@H]12)C(=O)c1nn(C)cc1Cl,"4-chloro-N-(((1R,5S,6r)-3-((2-chlorothiophen-3-yl)carbonyl)-3-azabicyclo[3.1.0]hexan-6-yl)methyl)-1,N-dimethyl-1H-pyrazole-3-carboxamide",,CN(C[C@@H]1[C@H]2CN(C(=O)c3ccsc3Cl)C[C@@H]12)C(=O)c1nn(C)cc1Cl,
73084,CO[C@]1(CNC(=O)[C@@H]2C[C@H](F)C(=O)N2)CCN(C(=O)[C@@H]2[C@H]3[C@@H]4CC[C@@H](C4)[C@H]32)C1,"(2S,4S)-4-fluoro-N-(((3S)-3-methoxy-1-(((1R,2S,3r,4R,5S)-tricyclo[3.2.1.0^{2,4}]octan-3-yl)carbonyl)pyrrolidin-3-yl)methyl)-5-oxopyrrolidine-2-carboxamide",,CO[C@]1(CNC(=O)C2CC(F)C(=O)N2)CCN(C(=O)C2[C@@H]3[C@H]4CC[C@H](C4)[C@H]23)C1,
73109,C/C=C/C[C@H](C)C(=O)NC12CC(C)(C1)OC21CCN(C(=O)[C@H]2C[C@@H]2F)CC1,"(2S,4E)-2-methyl-N-(1-methylspiro[2-oxabicyclo[2.1.1]hexane-3,4'-(1-(1-azacyclohexan-1-yl)-1-((1R,2S)-2-fluorocyclopropyl)methanone)]-4-yl)hex-4-enamide",,C/C=C/CC(C)C(=O)NC12CC(C)(C1)OC21CCN(C(=O)C2C[C@@H]2F)CC1,
73121,O=C(NC[C@]1(F)C[C@H](CNC(=O)C2CCC=CCC2)C1)c1coc(C(F)(F)F)c1,"N-(((1r,3r)-3-((cyclohept-4-ene-1-carboxamido)methyl)-1-fluorocyclobutyl)methyl)-5-(trifluoromethyl)furan-3-carboxamide",,O=C(NC[C@]1(F)C[C@H](CNC(=O)C2CCC=CCC2)C1)c1coc(C(F)(F)F)c1,
73124,Cc1cnn(CC(=O)N[C@@H]2[C@H]3C[C@H](NC(=O)c4cnn(C)c4)C[C@H]32)c1,"2-(4-methyl-1H-pyrazol-1-yl)-N-((1R,3s,5S,6r)-3-(1-methyl-1H-pyrazole-4-carboxamido)bicyclo[3.1.0]hexan-6-yl)acetamide",,Cc1cnn(CC(=O)N[C@H]2[C@@H]3C[C@@H](NC(=O)c4cnn(C)c4)C[C@@H]32)c1,
73155,O=C(c1cc(F)cs1)N1CCN(C(=O)[C@H]2C[C@@H]3CC[C@H](C2)S3(=O)=O)CC1,"1-(4-(((1R,3s,5S)-8,8-dioxo-8lambda^6-thiabicyclo[3.2.1]octan-3-yl)carbonyl)piperazin-1-yl)-1-(4-fluorothiophen-2-yl)methanone",,O=C(c1cc(F)cs1)N1CCN(C(=O)C2C[C@H]3CC[C@@H](C2)S3(=O)=O)CC1,
73187,CC1(C)CC(C)(NC(=O)[C@@H]2[C@H]3CN(C(=O)c4cc[nH]c5nccc4-5)C[C@H]32)C1,"(1R,5S,6r)-3-((7H-pyrrolo[2,3-b]pyridin-4-yl)carbonyl)-N-(1,3,3-trimethylcyclobutyl)-3-azabicyclo[3.1.0]hexane-6-carboxamide",,CC1(C)CC(C)(NC(=O)C2[C@H]3CN(C(=O)c4ccnc5[nH]ccc45)C[C@@H]23)C1,
73258,CC(C)[C@H](C)CC(=O)NC[C@]1(F)C[C@H](NC(=O)CSc2nnnn2C)C1,"(3R)-N-(((1r,3R)-1-fluoro-3-(2-((1-methyl-1H-tetrazol-5-yl)sulfanyl)acetamido)cyclobutyl)methyl)-3,4-dimethylpentanamide",,CC(C)[C@H](C)CC(=O)NC[C@]1(F)C[C@H](NC(=O)CSc2nnnn2C)C1,
73261,Cc1ncsc1C(=O)N1CC2(CO)CC1(C(=O)N1C[C@H]3[C@H](C)[C@H]3C1)C2,"1-(4-(hydroxymethyl)-1-(((1R,5S,6s)-6-methyl-3-azabicyclo[3.1.0]hexan-3-yl)carbonyl)-2-azabicyclo[2.1.1]hexan-2-yl)-1-(4-methyl-1,3-thiazol-5-yl)methanone",,Cc1ncsc1C(=O)N1CC2(CO)CC1(C(=O)N1C[C@@H]3[C@@H](C)[C@@H]3C1)C2,
73311,CC(F)(F)CCCC(=O)N[C@H]1C[C@@H]2C[C@H](C1)CN(C(=O)c1cc(C#N)cs1)C2,"5,5-difluoro-N-((1R,5S,7s)-3-((4-(nitrilomethyl)thiophen-2-yl)carbonyl)-3-azabicyclo[3.3.1]nonan-7-yl)hexanamide",,CC(F)(F)CCCC(=O)N[C@@H]1C[C@H]2C[C@@H](C1)CN(C(=O)c1cc(C#N)cs1)C2,
73350,Cc1ncncc1C(=O)N[C@H](C)CCN(C)C(=O)[C@@H]1[C@H]2COC(C)(C)OC[C@H]21,"4-methyl-N-((2R)-4-(N-methyl(1R,7S,8r)-4,4-dimethyl-3,5-dioxabicyclo[5.1.0]octane-8-carboxamido)butan-2-yl)pyrimidine-5-carboxamide",,Cc1ncncc1C(=O)N[C@H](C)CCN(C)C(=O)C1[C@H]2COC(C)(C)OC[C@@H]12,
73381,CN(C(=O)C[C@@H]1CCC(C)(C)CO1)[C@H]1[C@@H]2CN(C(=O)COCC(F)F)C[C@@H]21,"N-((1R,5S,6s)-3-(2-((2,2-difluoroethyl)oxy)-acetyl)-3-azabicyclo[3.1.0]hexan-6-yl)-2-((2S)-5,5-dimethyloxan-2-yl)-N-methylacetamide",,CN(C(=O)C[C@@H]1CCC(C)(C)CO1)[C@H]1[C@@H]2CN(C(=O)COCC(F)F)C[C@@H]21,
73382,Cc1cc(CC(=O)N(C)[C@H]2C[C@@H]3CC[C@H](C2)N3C(=O)c2ccc(F)cc2O)sn1,"N-((1R,3s,5S)-8-((4-fluoro-2-hydroxyphenyl)carbonyl)-8-azabicyclo[3.2.1]octan-3-yl)-N-methyl-2-(3-methyl-1,2-thiazol-5-yl)acetamide",,Cc1cc(CC(=O)N(C)[C@@H]2C[C@H]3CC[C@@H](C2)N3C(=O)c2ccc(F)cc2O)sn1,
73393,CCOC(=O)[C@H]1C[C@@](F)(C(=O)N[C@@H]2CCC[C@@H](NC(=O)CO[C@@H](C)CC)C2)C1,"ethyl (1R,3r)-3-(((1R,3R)-3-(2-(((2S)-butan-2-yl)oxy)acetamido)cyclohexyl)carbamoyl)-3-fluorocyclobutanecarboxylate",,CCOC(=O)C1CC(F)(C(=O)N[C@@H]2CCC[C@@H](NC(=O)CO[C@@H](C)CC)C2)C1,
73433,CC[C@H](CC(C)C)C(=O)N[C@]1(C)C[C@H](NC(=O)c2ccc(OCC(F)(F)F)o2)C1,"(2R)-2-ethyl-4-methyl-N-((1s,3S)-1-methyl-3-(5-((2,2,2-trifluoroethyl)oxy)furan-2-carboxamido)cyclobutyl)pentanamide",,CCC(CC(C)C)C(=O)N[C@]1(C)C[C@H](NC(=O)c2ccc(OCC(F)(F)F)o2)C1,
73480,C=C(C)C[C@H](C)C(=O)N[C@]1(C)C[C@H](NC(=O)COCC(C)C)C1,"(2S)-N-((1s,3R)-3-(2-isobutoxyacetamido)-1-methylcyclobutyl)-2,4-dimethylpent-4-enamide",,C=C(C)CC(C)C(=O)N[C@]1(C)C[C@H](NC(=O)COCC(C)C)C1,
73481,COCCC[C@@H](C)C(=O)N=S1(=O)CCC2(CC1)CN(C(=O)[C@H]1[C@@H](C)[C@H]1C)CCO2,"(2R)-N-(4-(((1s,2R,3S)-2,3-dimethylcyclopropyl)carbonyl)-9-oxo-1-oxa-9lambda^6-thia-4-azaspiro[5.5]undecan-9-ylidene)-5-methoxy-2-methylpentanamide",,COCCCC(C)C(=O)N=S1(=O)CCC2(CC1)CN(C(=O)C1[C@@H](C)[C@H]1C)CCO2,
73486,CCCOc1ccccc1OC(=O)[C@H]1C[C@](O)(CCC(C)(C)C)C1,"2-propoxyphenyl (1r,3s)-3-(3,3-dimethylbutyl)-3-hydroxycyclobutanecarboxylate",,CCCOc1ccccc1OC(=O)C1CC(O)(CCC(C)(C)C)C1,
73538,CCC1(C(=O)N2CC[C@@]3(C2)c2ncn(C)c2CCN3C(=O)CCCN(C)C)CC1,"4-(dimethylamino)-1-((2R)-7-methylspiro[3,7,9-triazabicyclo[4.3.0]nona-1(6),8-diene-2,3'-(1-((3R)-1-azacyclopentan-1-yl)-1-(1-ethylcyclopropyl)methanone)]-3-yl)butan-1-one",,CCC1(C(=O)N2CC[C@@]3(C2)c2ncn(C)c2CCN3C(=O)CCCN(C)C)CC1,
73697,CCOCC(C)(C)C(=O)N[C@H]1[C@@H]2CN(C(=O)c3n[nH]c4c3CCSC4)C[C@@H]21,"3-ethoxy-2,2-dimethyl-N-((1R,5S,6s)-3-((3-thia-8,9-diazabicyclo[4.3.0]nona-1(6),7-dien-7-yl)carbonyl)-3-azabicyclo[3.1.0]hexan-6-yl)propanamide",,CCOCC(C)(C)C(=O)N[C@H]1[C@@H]2CN(C(=O)c3[nH]nc4c3CCSC4)C[C@@H]21,
73714,CC(C)[C@@H]1OCC[C@@H]1C(=O)N[C@]1(C(=O)NCc2ccncc2)C[C@H](O)C1,"(2S,3S)-N-((1s,3R)-3-hydroxy-1-(((pyridin-4-yl)methyl)carbamoyl)cyclobutyl)-2-(propan-2-yl)oxolane-3-carboxamide",,CC(C)[C@@H]1OCCC1C(=O)N[C@]1(C(=O)NCc2ccncc2)C[C@H](O)C1,
73744,CC[C@H](C)C(=O)N1CCC[C@@H](C(=O)N[C@H]2C[C@@](F)(CNC(=O)C=NOC)C2)C1,"(3R)-N-((1r,3R)-3-fluoro-3-((2-(methoxyimino)acetamido)methyl)cyclobutyl)-1-((2S)-2-methyl-butyryl)piperidine-3-carboxamide",,CCC(C)C(=O)N1CCCC(C(=O)N[C@H]2C[C@@](F)(CNC(=O)C=NOC)C2)C1,
73775,COCCSCc1ccc(C(=O)N[C@H]2[C@@H]3CN(C(=O)c4cc(=O)cc[nH]4)C[C@@H]32)o1,"5-(((2-methoxyethyl)sulfanyl)methyl)-N-((1R,5S,6s)-3-((4-oxo-1H-pyridin-2-yl)carbonyl)-3-azabicyclo[3.1.0]hexan-6-yl)furan-2-carboxamide",,COCCSCc1ccc(C(=O)N[C@H]2[C@@H]3CN(C(=O)c4cc(=O)cc[nH]4)C[C@@H]32)o1,
73800,Cc1ncc(C=CC(=O)NC[C@H]2C[C@](F)(CNC(=O)C[C@@H]3CC[C@H]4C[C@H]34)C2)s1,"N-(((1R,3s)-3-((2-((1S,2S,5S)-bicyclo[3.1.0]hexan-2-yl)acetamido)methyl)-3-fluorocyclobutyl)methyl)-3-(2-methyl-1,3-thiazol-5-yl)prop-2-enamide",,Cc1ncc(C=CC(=O)NC[C@H]2C[C@](F)(CNC(=O)C[C@@H]3CC[C@H]4C[C@H]34)C2)s1,
74121,CC1(C)C[C@H](C(=O)N2C[C@H]3[C@@H](C2)[C@@H]3C(=O)NCCCc2cn[nH]c2)CCO1,"(1R,5S,6R)-3-(((4R)-2,2-dimethyloxan-4-yl)carbonyl)-N-(3-(1H-pyrazol-4-yl)propyl)-3-azabicyclo[3.1.0]hexane-6-carboxamide",,CC1(C)CC(C(=O)N2C[C@@H]3C(C(=O)NCCCc4cn[nH]c4)[C@@H]3C2)CCO1,
74135,C[C@H]1CCCC[C@@]1(CNC(=O)[C@H]1C[C@](F)(CO)C1)NC(=O)C=CI,"(1s,3S)-3-fluoro-3-(hydroxymethyl)-N-(((1R,2S)-1-(3-iodoprop-2-enamido)-2-methylcyclohexyl)methyl)cyclobutanecarboxamide",,C[C@H]1CCCC[C@@]1(CNC(=O)C1CC(F)(CO)C1)NC(=O)C=CI,
74158,CCC[C@H](C(=O)NC[C@]1(O)C[C@@H]2CC[C@H](C1)N2C(=O)C(F)F)S(N)(=O)=O,"(2R)-2-(sulfamoyl)-N-(((1R,3s,5S)-8-(2,2-difluoro-acetyl)-3-hydroxy-8-azabicyclo[3.2.1]octan-3-yl)methyl)pentanamide",,CCCC(C(=O)NC[C@@]1(O)C[C@H]2CC[C@@H](C1)N2C(=O)C(F)F)S(N)(=O)=O,
74218,CC1(NC(=O)[C@H]2C[C@H]3[C@@H](C2)C3(C)C)CCN(C(=O)CCn2cncn2)CC1,"(1R,3s,5S)-6,6-dimethyl-N-(4-methyl-1-(1-oxo-3-(1H-1,2,4-triazol-1-yl)propyl)piperidin-4-yl)bicyclo[3.1.0]hexane-3-carboxamide",,CC1(NC(=O)C2C[C@@H]3[C@H](C2)C3(C)C)CCN(C(=O)CCn2cncn2)CC1,
74257,Cc1n[nH]c(C)c1CNC(=O)[C@H]1C[C@@](C)(NC(=O)[C@H](C)n2ccnc2C)C1,"(1R,3s)-N-((3,5-dimethyl-1H-pyrazol-4-yl)methyl)-3-methyl-3-((2S)-2-(2-methyl-1H-imidazol-1-yl)propanamido)cyclobutanecarboxamide",,Cc1n[nH]c(C)c1CNC(=O)C1CC(C)(NC(=O)C(C)n2ccnc2C)C1,
74271,CCC(CC)CCCC(=O)NC[C@]1(F)C[C@@H](NC(=O)CC[C@@H]2NC(=O)NC2=O)C1,"N-(((1R,3s)-3-(3-((4S)-2,5-dioxoimidazolidin-4-yl)propanamido)-1-fluorocyclobutyl)methyl)-5-ethylheptanamide",,CCC(CC)CCCC(=O)NC[C@]1(F)C[C@@H](NC(=O)CCc2[nH]c(=O)[nH]c2O)C1,
74389,Nc1c(C(=O)NC2(CNC(=O)[C@H]3C[C@@H]4CC[C@H](C3)O4)CCCC2)cnn1CCO,"5-amino-1-(2-hydroxyethyl)-N-(1-(((1R,3s,5S)-8-oxabicyclo[3.2.1]octane-3-carboxamido)methyl)cyclopentyl)-1H-pyrazole-4-carboxamide",,Nc1c(C(=O)NC2(CNC(=O)C3C[C@H]4CC[C@@H](C3)O4)CCCC2)cnn1CCO,
74468,C[C@]1(O)C[C@@H](C(=O)N2CCOC[C@@H]2CC(=O)N2C[C@H]3C[C@H](O)C[C@@H]2C3)C1,"2-((3S)-4-(((1s,3R)-3-hydroxy-3-methylcyclobutyl)carbonyl)morpholin-3-yl)-1-((1R,3S,5S)-3-hydroxy-6-azabicyclo[3.2.1]octan-6-yl)ethan-1-one",,CC1(O)CC(C(=O)N2CCOC[C@@H]2CC(=O)N2C[C@H]3C[C@H](O)C[C@@H]2C3)C1,
74487,C=CC=CCC(=O)N[C@@H]1C[C@H]2CC[C@@H]1CN(C(=O)[C@@H]1[C@H]3CC(=O)C[C@H]31)C2,"N-((1R,5R,6R)-3-(((1R,5S,6r)-3-oxobicyclo[3.1.0]hexan-6-yl)carbonyl)-3-azabicyclo[3.2.2]nonan-6-yl)hexa-3,5-dienamide",,CC=CC=CC(=O)N[C@@H]1C[C@H]2CC[C@@H]1CN(C(=O)C1[C@H]3CC(=O)C[C@@H]13)C2,
74491,COC(=O)c1cccc(C(=O)NC[C@](C)(O)CNC(=O)c2cc(OC)nn2C)n1,methyl 6-(((2R)-2-hydroxy-3-(3-methoxy-1-methyl-1H-pyrazole-5-carboxamido)-2-methylpropyl)carbamoyl)pyridine-2-carboxylate,O[C@](CNC(=O)C1=CC=CC(=N1)C(=O)OC)(CNC(=O)C1=CC(=NN1C)OC)C,COC(=O)c1cccc(C(=O)NC[C@](C)(O)CNC(=O)c2cc(OC)nn2C)n1,COC(=O)c1cccc(C(=O)NC[C@@](C)(O)CNC(=O)c2cc(OC)nn2C)n1
74498,CN(C(=O)[C@@H]1[C@H]2CN(C(=O)CC[C@H]3CCOC3)C[C@H]21)[C@H]1CCOC(C)(C)C1,"(1R,5S,6S)-N-((4S)-2,2-dimethyloxan-4-yl)-N-methyl-3-(1-oxo-3-((3S)-oxolan-3-yl)propyl)-3-azabicyclo[3.1.0]hexane-6-carboxamide",,CN(C(=O)C1[C@H]2CN(C(=O)CC[C@H]3CCOC3)C[C@@H]12)[C@H]1CCOC(C)(C)C1,
74499,Cc1noc(N)c1C(=O)N(C)CCCCNC(=O)[C@]1(C(F)(F)F)C[C@@H](O)C1,"5-amino-N-(4-(3-hydroxy-1-(trifluoromethyl)cyclobutanecarboxamido)butyl)-3,N-dimethyl-1,2-oxazole-4-carboxamide",NC1=C(C(=NO1)C)C(=O)N(C)CCCCNC(=O)C1(CC(C1)O)C(F)(F)F,Cc1noc(N)c1C(=O)N(C)CCCCNC(=O)[C@]1(C(F)(F)F)C[C@@H](O)C1,Cc1noc(N)c1C(=O)N(C)CCCCNC(=O)C1(C(F)(F)F)CC(O)C1
74511,Cc1ccccc1NC(=O)/C=C/[C@H](C)NC(=O)[C@H]1C[C@@H]2CC[C@H](C1)O2,"(2E,4S)-N-(2-methylphenyl)-4-((1R,3s,5S)-8-oxabicyclo[3.2.1]octane-3-carboxamido)pent-2-enamide",,Cc1ccccc1NC(=O)/C=C/[C@H](C)NC(=O)C1C[C@H]2CC[C@@H](C1)O2,
74518,O=C(N[C@H]1[C@@H]2CN(C(=O)[C@@H](O)c3ccc(F)c(F)c3)C[C@@H]21)[C@@H]1[C@H]2CCCCC[C@H]21,"(1R,7S,8r)-N-((1R,5S,6R)-3-((2S)-2-(3,4-difluorophenyl)-2-hydroxy-acetyl)-3-azabicyclo[3.1.0]hexan-6-yl)bicyclo[5.1.0]octane-8-carboxamide",,O=C(N[C@H]1[C@@H]2CN(C(=O)C(O)c3ccc(F)c(F)c3)C[C@@H]21)C1[C@H]2CCCCC[C@@H]12,
74569,O=C(N[C@H]1[C@@H]2CN(C(=O)[C@H]3CCNC3=O)C[C@@H]21)c1coc(-c2ccc(F)cc2)n1,"2-(4-fluorophenyl)-N-((1R,5S,6R)-3-(((3S)-2-oxopyrrolidin-3-yl)carbonyl)-3-azabicyclo[3.1.0]hexan-6-yl)-1,3-oxazole-4-carboxamide",,O=C(N[C@H]1[C@@H]2CN(C(=O)C3CCNC3=O)C[C@@H]21)c1coc(-c2ccc(F)cc2)n1,
74589,O=C(N[C@H]1C[C@@H]2CC[C@H](C1)N2C(=O)C1CC1)c1cc(Cl)cc(F)c1Br,"2-bromo-5-chloro-N-((1R,3s,5S)-8-((cyclopropyl)carbonyl)-8-azabicyclo[3.2.1]octan-3-yl)-3-fluorobenzamide",,O=C(N[C@@H]1C[C@H]2CC[C@@H](C1)N2C(=O)C1CC1)c1cc(Cl)cc(F)c1Br,
74621,COC(=O)[C@H](OC)C(=O)NC[C@]1(C(=O)N(C)[C@H]2C[C@@H]3C[C@@H]3C2)CCCO1,"methyl (2R)-2-((((2S)-2-(((1R,3s,5S)-bicyclo[3.1.0]hexan-3-yl)(methyl)carbamoyl)oxolan-2-yl)methyl)carbamoyl)-2-methoxyacetate",,COC(=O)C(OC)C(=O)NC[C@]1(C(=O)N(C)[C@@H]2C[C@H]3C[C@H]3C2)CCCO1,
74640,Cn1c(C(=O)N[C@H]2C[C@@](F)(CNC(=O)Cc3csc(C4CC4)n3)C2)cnc1O,"N-((1r,3r)-3-((2-(2-cyclopropyl-1,3-thiazol-4-yl)acetamido)methyl)-3-fluorocyclobutyl)-2-hydroxy-1-methyl-1H-imidazole-5-carboxamide",,Cn1c(C(=O)N[C@H]2C[C@@](F)(CNC(=O)Cc3csc(C4CC4)n3)C2)c[nH]c1=O,
74651,Cn1[nH]c(C(=O)N[C@@H]2CCC[C@H]2NC(=O)[C@@H]2[C@H]3COC[C@H]32)nc1=O,"1-methyl-N-((1R,2R)-2-((1R,5S,6r)-3-oxabicyclo[3.1.0]hexane-6-carboxamido)cyclopentyl)-5-oxo-1H,2H-1,2,4-triazole-3-carboxamide",,Cn1[nH]c(C(=O)N[C@@H]2CCC[C@H]2NC(=O)C2[C@H]3COC[C@@H]23)nc1=O,
74716,O=C(CCCCCF)NC[C@H]1[C@@H]2CN(C(=O)c3ccc4nc(S)[nH]c4c3)C[C@H]12,"6-fluoro-N-(((1R,5S,6r)-3-((2-sulfanyl-1H-benzimidazol-6-yl)carbonyl)-3-azabicyclo[3.1.0]hexan-6-yl)methyl)hexanamide",,O=C(CCCCCF)NC[C@@H]1[C@H]2CN(C(=O)c3ccc4[nH]c(=S)[nH]c4c3)C[C@@H]12,
74733,O=C(NCCCCC1CN(C(=O)[C@H]2C[C@@H]3C[C@H](C2)CC(F)(F)C3)C1)[C@@H]1CC1(F)F,"(1S)-N-(4-(1-(((1R,3s,5S)-7,7-difluorobicyclo[3.3.1]nonan-3-yl)carbonyl)azetidin-3-yl)butyl)-2,2-difluorocyclopropanecarboxamide",,O=C(NCCCCC1CN(C(=O)C2C[C@@H]3C[C@H](C2)CC(F)(F)C3)C1)C1CC1(F)F,
74746,CCC(C)(C)[C@@H](C)N1C[C@H]2[C@@H](C1)[C@@H]2C(=O)N(C)[C@H]1CCN(C)C1,"(1R,5S,6R)-3-((2R)-3,3-dimethylpentan-2-yl)-N-methyl-N-((3S)-1-methylpyrrolidin-3-yl)-3-azabicyclo[3.1.0]hexane-6-carboxamide",,CCC(C)(C)[C@@H](C)N1C[C@@H]2C(C(=O)N(C)[C@H]3CCN(C)C3)[C@@H]2C1,
74761,CCc1ncc(C(=O)N2[C@H]3CC[C@@H]2C[C@@H](CNC(=O)c2cc(F)ccc2C)C3)s1,"N-(((1R,3s,5S)-8-((2-ethyl-1,3-thiazol-5-yl)carbonyl)-8-azabicyclo[3.2.1]octan-3-yl)methyl)-5-fluoro-2-methylbenzamide",,CCc1ncc(C(=O)N2[C@@H]3CC[C@H]2C[C@H](CNC(=O)c2cc(F)ccc2C)C3)s1,
74869,C[C@@H](CCCc1cn(C[C@H]2C[C@@H]3C[C@@H]3C2)nn1)C(=O)N1CCC(C(=O)O)CC1,"1-((2S)-5-(1-(((1R,3s,5S)-bicyclo[3.1.0]hexan-3-yl)methyl)-1H-1,2,3-triazol-4-yl)-2-methyl-pentanoyl)piperidine-4-carboxylic acid",,CC(CCCc1cn(C[C@H]2C[C@@H]3C[C@@H]3C2)nn1)C(=O)N1CCC(C(=O)O)CC1,
74889,CC(C)=CCCC(=O)N[C@@H]1[C@@H](C)CN(C(=O)c2cnn(C(C)C)c2F)C[C@H]1C,"N-((3R,4r,5S)-1-((5-fluoro-1-(propan-2-yl)-1H-pyrazol-4-yl)carbonyl)-3,5-dimethylpiperidin-4-yl)-5-methylhex-4-enamide",,CC(C)=CCCC(=O)N[C@H]1[C@H](C)CN(C(=O)c2cnn(C(C)C)c2F)C[C@@H]1C,
74894,C[C@]1(NC(=O)[C@H]2CCCC[C@@H]2F)C[C@@H](C(=O)N[C@@H]2CCC[C@H]2O)C1,"(1R,2S)-2-fluoro-N-((1S,3S)-3-(((1R,2R)-2-hydroxycyclopentyl)carbamoyl)-1-methylcyclobutyl)cyclohexanecarboxamide",,CC1(NC(=O)C2CCCC[C@@H]2F)CC(C(=O)N[C@@H]2CCC[C@H]2O)C1,
74928,COC(=O)c1ncc(NC[C@]2(C)CCN(C(=O)[C@@H]3C[C@@H]4C[C@@H]4C3)C2)nc1C,"methyl 5-((((3S)-1-(((1R,3r,5S)-bicyclo[3.1.0]hexan-3-yl)carbonyl)-3-methylpyrrolidin-3-yl)methyl)amino)-3-methylpyrazine-2-carboxylate",,COC(=O)c1ncc(NC[C@]2(C)CCN(C(=O)C3C[C@@H]4C[C@@H]4C3)C2)nc1C,
74941,CCN(C[C@@H]1CCCN1C(=O)[C@@H]1[C@H]2COC[C@H]21)C(=O)CCCc1cccc(Cl)c1,"4-(3-chlorophenyl)-N-ethyl-N-(((2S)-1-(((1R,5S,6r)-3-oxabicyclo[3.1.0]hexan-6-yl)carbonyl)pyrrolidin-2-yl)methyl)butanamide",,CCN(C[C@@H]1CCCN1C(=O)C1[C@H]2COC[C@@H]12)C(=O)CCCc1cccc(Cl)c1,
74947,CO[C@H](C(=O)N[C@@H]1C[C@@H]2CC[C@H](C1)N2C(=O)c1ccc(N)cn1)C1CC1,"(2S)-N-((1R,3r,5S)-8-((5-aminopyridin-2-yl)carbonyl)-8-azabicyclo[3.2.1]octan-3-yl)-2-cyclopropyl-2-methoxyacetamide",,COC(C(=O)N[C@H]1C[C@H]2CC[C@@H](C1)N2C(=O)c1ccc(N)cn1)C1CC1,
74961,C[C@]1(O)C[C@@H](NC(=O)[C@@H]2[C@H]3[C@H]4C[C@H]2[C@H](NC(=O)c2cccc(CO)n2)[C@@H]34)C1,"N-((1R,2R,4R,5R,6S,7S)-5-(((1s,3S)-3-hydroxy-3-methylcyclobutyl)carbamoyl)tricyclo[2.2.1.0^{2,6}]heptan-7-yl)-6-(hydroxymethyl)pyridine-2-carboxamide",,C[C@]1(O)C[C@@H](NC(=O)C2[C@H]3[C@H]4C[C@H]2[C@H](NC(=O)c2cccc(CO)n2)[C@H]43)C1,
74996,O=C(N[C@@H]1CC12CC(O)C2)[C@@H]1[C@H]2CN(C(=O)c3[nH]ccc3C3CC3)C[C@H]21,"(1R,5S,6r)-3-((3-cyclopropyl-1H-pyrrol-2-yl)carbonyl)-N-((1R)-5-hydroxyspiro[2.3]hexan-1-yl)-3-azabicyclo[3.1.0]hexane-6-carboxamide",,O=C(N[C@@H]1CC12CC(O)C2)C1[C@H]2CN(C(=O)c3[nH]ccc3C3CC3)C[C@@H]12,
74998,Cc1ncc(C(=O)N2CCC(C)(C)C[C@H]2C(=O)N[C@@H]2[C@H]3CCCCC[C@H]32)c(=N)[nH]1,"(2S)-N-((1R,7S,8r)-bicyclo[5.1.0]octan-8-yl)-1-((6-imino-2-methyl-1H-pyrimidin-5-yl)carbonyl)-4,4-dimethylpiperidine-2-carboxamide",,Cc1ncc(C(=O)N2CCC(C)(C)CC2C(=O)N[C@H]2[C@@H]3CCCCC[C@@H]32)c(N)n1,
75017,Cc1nn(C(C)(C)C)c(C)c1C(=O)NC[C@H]1C[C@@](F)(CNC(=O)C(C)(C)C)C1,"1-(tert-butyl)-N-(((1r,3r)-3-((2,2-dimethylpropanamido)methyl)-3-fluorocyclobutyl)methyl)-3,5-dimethyl-1H-pyrazole-4-carboxamide",,Cc1nn(C(C)(C)C)c(C)c1C(=O)NC[C@H]1C[C@@](F)(CNC(=O)C(C)(C)C)C1,
75042,COCc1nc(NCCCC2CC2)cc(=NC[C@@H]2C[C@H]3[C@@H](C2)C3(F)F)[nH]1,"N-(3-cyclopropylpropyl)-6-((((1R,3r,5S)-6,6-difluorobicyclo[3.1.0]hexan-3-yl)methyl)imino)-2-(methoxymethyl)-1H-pyrimidin-4-amine",,COCc1nc(NCCCC2CC2)cc(NC[C@H]2C[C@@H]3[C@H](C2)C3(F)F)n1,
75061,CN1N=C(CC(=O)N[C@]2(C)C[C@H](NC(=O)CN3CCNC(=O)C3)C2)CC1=O,"N-((1s,3s)-1-methyl-3-(2-(3-oxopiperazin-1-yl)acetamido)cyclobutyl)-2-(1-methyl-5-oxo-1H,4H-pyrazol-3-yl)acetamide",,Cn1[nH]c(CC(=O)N[C@]2(C)C[C@H](NC(=O)CN3CCNC(=O)C3)C2)cc1=O,
75101,CC1=NO[C@@H](CC(=O)N2[C@H]3CC[C@@H]2C[C@@H](NC(=O)c2ccc4cc[nH]c4n2)C3)C1,"N-((1R,3S,5S)-8-(2-((5R)-3-methyl-4,5-dihydro-1,2-oxazol-5-yl)-acetyl)-8-azabicyclo[3.2.1]octan-3-yl)-1H-pyrrolo[2,3-b]pyridine-6-carboxamide",,CC1=NO[C@@H](CC(=O)N2[C@@H]3CC[C@H]2C[C@H](NC(=O)c2ccc4cc[nH]c4n2)C3)C1,
75103,O=C1CC[C@H](C(=O)N2C[C@H]3CC[C@@H](C2)[C@@H]3C(=O)N2[C@H]3COC[C@H]2CC(F)C3)N1,"(5R)-5-(((1R,5S,8R)-8-(((1R,5R)-7-fluoro-3-oxa-9-azabicyclo[3.3.1]nonan-9-yl)carbonyl)-3-azabicyclo[3.2.1]octan-3-yl)carbonyl)pyrrolidin-2-one",,O=C1CCC(C(=O)N2C[C@H]3CC[C@@H](C2)C3C(=O)N2[C@H]3COC[C@H]2CC(F)C3)N1,
75132,CCSCC(=O)NC[C@H]1[C@@H]2CN(C(=O)[C@@H]3CCCN3N=O)C[C@H]12,"2-(ethylsulfanyl)-N-(((1R,5S,6S)-3-(((2S)-1-nitrosopyrrolidin-2-yl)carbonyl)-3-azabicyclo[3.1.0]hexan-6-yl)methyl)acetamide",,CCSCC(=O)NC[C@@H]1[C@H]2CN(C(=O)C3CCCN3N=O)C[C@@H]12,
75153,C[C@@H](CSc1ccc(F)cc1)C(=O)N[C@H]1[C@@H]2CN(C(=O)COC(F)(F)F)C[C@@H]21,"(2R)-3-((4-fluorophenyl)sulfanyl)-2-methyl-N-((1R,5S,6s)-3-(1-oxo-2-((trifluoromethyl)oxy)ethyl)-3-azabicyclo[3.1.0]hexan-6-yl)propanamide",,CC(CSc1ccc(F)cc1)C(=O)N[C@H]1[C@@H]2CN(C(=O)COC(F)(F)F)C[C@@H]21,
75173,O=C([C@@H]1[C@H]2CCCC[C@H]21)N1CC2CC(C(=O)NCCCO)(C2)C1,"3-(((1R,6S,7r)-bicyclo[4.1.0]heptan-7-yl)carbonyl)-N-(3-hydroxypropyl)-3-azabicyclo[3.1.1]heptane-1-carboxamide",,O=C(C1[C@H]2CCCC[C@@H]12)N1CC2CC(C(=O)NCCCO)(C2)C1,
75176,CC(C)N(CCCCCNC(=O)c1ncccc1Cl)C(=O)[C@@H]1[C@H]2COC[C@H]21,"3-chloro-N-(5-(N-(propan-2-yl)(1R,5S,6r)-3-oxabicyclo[3.1.0]hexane-6-carboxamido)pentyl)pyridine-2-carboxamide",,CC(C)N(CCCCCNC(=O)c1ncccc1Cl)C(=O)C1[C@H]2COC[C@@H]12,
75199,CN(CC(F)(F)Cl)C(=O)CC1(N(C)C(=O)[C@H]2C[C@@H]3CC[C@H](C2)O3)CC1,"N-(2-chloro-2,2-difluoroethyl)-N-methyl-2-(1-(N-methyl(1R,3s,5S)-8-oxabicyclo[3.2.1]octane-3-carboxamido)cyclopropyl)acetamide",,CN(CC(F)(F)Cl)C(=O)CC1(N(C)C(=O)C2C[C@H]3CC[C@@H](C2)O3)CC1,
75278,CSc1nccc(N2[C@H]3CC[C@@H]2C[C@H](CNC(=O)c2cncn(C)c2=O)C3)n1,"1-methyl-N-(((1R,3r,5S)-8-(2-(methylsulfanyl)pyrimidin-4-yl)-8-azabicyclo[3.2.1]octan-3-yl)methyl)-6-oxo-1H-pyrimidine-5-carboxamide",,CSc1nccc(N2[C@@H]3CC[C@H]2C[C@@H](CNC(=O)c2cncn(C)c2=O)C3)n1,
75292,C[C@H](CC(=O)NC[C@]1(F)C[C@@H](CNC(=O)C=CCn2cncn2)C1)n1ccnc1,"N-(((1S,3s)-3-fluoro-3-(((3R)-3-(1H-imidazol-1-yl)butanamido)methyl)cyclobutyl)methyl)-4-(1H-1,2,4-triazol-1-yl)but-2-enamide",,C[C@H](CC(=O)NC[C@]1(F)C[C@@H](CNC(=O)C=CCn2cncn2)C1)n1ccnc1,
75311,Cc1ccc2c(C(=O)N3C[C@H]4[C@H](NC(=O)Cc5ccnn5C)[C@H]4C3)cnn2c1C,"N-((1R,5S,6s)-3-((6,7-dimethylpyrazolo[1,5-a]pyridin-3-yl)carbonyl)-3-azabicyclo[3.1.0]hexan-6-yl)-2-(1-methyl-1H-pyrazol-5-yl)acetamide",,Cc1ccc2c(C(=O)N3C[C@@H]4[C@H](C3)[C@H]4NC(=O)Cc3ccnn3C)cnn2c1C,
75313,CO[C@@H](CNC(=O)C(SC)SC)C(=O)N1C[C@H]2[C@@H](C1)[C@@H]2C(N)=O,"N-((2S)-3-((1R,5S,6S)-6-carbamoyl-3-azabicyclo[3.1.0]hexan-3-yl)-2-methoxy-3-oxopropyl)-2,2-bis(methylsulfanyl)acetamide",,COC(CNC(=O)C(SC)SC)C(=O)N1C[C@@H]2C(C(N)=O)[C@@H]2C1,
75321,O=C(C[C@H](O)C1CCCC1)NCc1ccoc1C(=O)N[C@H]1C[C@@H]2C[C@@H]2C1,"(3S)-N-((2-(((1R,3s,5S)-bicyclo[3.1.0]hexan-3-yl)carbamoyl)furan-3-yl)methyl)-3-cyclopentyl-3-hydroxypropanamide",,O=C(C[C@H](O)C1CCCC1)NCc1ccoc1C(=O)N[C@H]1C[C@@H]2C[C@@H]2C1,
75337,CCN(C(=O)[C@@H]1C[C@H](C)O[C@H](C)C1)[C@H](C)CNC(=O)c1cc2nc(C)ccc2o1,"N-((2R)-2-(N-ethyl(2R,4r,6S)-2,6-dimethyloxane-4-carboxamido)propyl)-5-methylfuro[3,2-b]pyridine-2-carboxamide",,CCN(C(=O)C1C[C@@H](C)O[C@@H](C)C1)[C@H](C)CNC(=O)c1cc2nc(C)ccc2o1,
75340,CCN(C)CCC(=O)N1C[C@H]2[C@H](CC(=O)NC[C@@H](OC)C(C)C)[C@H]2C1,"2-((1R,5S,6s)-3-(3-((ethyl)(methyl)amino)-propionyl)-3-azabicyclo[3.1.0]hexan-6-yl)-N-((2S)-2-methoxy-3-methylbutyl)acetamide",,CCN(C)CCC(=O)N1C[C@@H]2[C@@H](CC(=O)NC[C@@H](OC)C(C)C)[C@@H]2C1,
75369,Cc1[nH]nc(Cl)c1C(=O)N1CC2(C1)CN(C(=O)[C@@H]1C[C@H]3CCC[C@H](C3)C1)C2,"1-(6-(((1R,3r,5S)-bicyclo[3.3.1]nonan-3-yl)carbonyl)-2,6-diazaspiro[3.3]heptan-2-yl)-1-(3-chloro-5-methyl-1H-pyrazol-4-yl)methanone",,Cc1[nH]nc(Cl)c1C(=O)N1CC2(C1)CN(C(=O)C1C[C@H]3CCC[C@@H](C1)C3)C2,
75370,CC1CCC(O)(C(=O)N[C@H]2C[C@@](F)(CNC(=O)C3(C(C)C)CCC3)C2)CC1,"N-((1r,3r)-3-fluoro-3-((1-(propan-2-yl)cyclobutanecarboxamido)methyl)cyclobutyl)-1-hydroxy-4-methylcyclohexanecarboxamide",,CC1CCC(O)(C(=O)N[C@H]2C[C@@](F)(CNC(=O)C3(C(C)C)CCC3)C2)CC1,
75392,Cc1cscc1C(=O)N1C[C@H]2[C@@H](C1)[C@@H]2c1cn(-c2cccc(C)c2F)nn1,"1-((1R,5S,6r)-6-(1-(2-fluoro-3-methylphenyl)-1H-1,2,3-triazol-4-yl)-3-azabicyclo[3.1.0]hexan-3-yl)-1-(4-methylthiophen-3-yl)methanone",,Cc1cscc1C(=O)N1C[C@@H]2[C@H](C1)[C@H]2c1cn(-c2cccc(C)c2F)nn1,
75393,CC(C)N(CCNC(=O)[C@H]1CCCc2nnn(C)c21)C(=O)c1cncc(CO)c1,"(4S)-3-methyl-N-(2-(N-(propan-2-yl)-5-(hydroxymethyl)pyridine-3-carboxamido)ethyl)-4,5,6,7-tetrahydro-1H-benzotriazole-4-carboxamide",CN1NNC2=C1[C@H](CCC2)C(=O)NCCN(C(=O)C=2C=NC=C(C2)CO)C(C)C,CC(C)N(CCNC(=O)C1CCCc2nnn(C)c21)C(=O)c1cncc(CO)c1,CC(C)N(CCNC(=O)C1CCCC2=C1N(C)NN2)C(=O)c1cncc(CO)c1
75510,C#Cc1ccc(C(=O)N2CC[C@@H](CCNC(=O)[C@]3(C)C[C@@H](C#N)C3)C[C@@H]2C)nc1,"(1r,3R)-3-cyano-N-(2-((2S,4R)-1-((5-(ethynyl)pyridin-2-yl)carbonyl)-2-methylpiperidin-4-yl)ethyl)-1-methylcyclobutanecarboxamide",,C#Cc1ccc(C(=O)N2CC[C@@H](CCNC(=O)[C@]3(C)C[C@@H](C#N)C3)C[C@@H]2C)nc1,
75629,CC[C@@H](C)[C@H](C)C(=O)N[C@H]1C[C@@](F)(CNC(=O)CCc2cc(C)sc2C)C1,"(2S,3R)-N-((1r,3S)-3-((3-(2,5-dimethylthiophen-3-yl)propanamido)methyl)-3-fluorocyclobutyl)-2,3-dimethylpentanamide",,CC[C@@H](C)C(C)C(=O)N[C@H]1C[C@@](F)(CNC(=O)CCc2cc(C)sc2C)C1,
75652,O=C(C[C@H]1CCCO1)N[C@@H]1[C@H]2C[C@H](NC(=O)c3ccns3)C[C@H]21,"2-((2R)-oxolan-2-yl)-N-((1R,3S,5S,6r)-3-(1,2-thiazole-5-carboxamido)bicyclo[3.1.0]hexan-6-yl)acetamide",,O=C(C[C@H]1CCCO1)N[C@H]1[C@@H]2C[C@@H](NC(=O)c3ccns3)C[C@@H]21,
75657,Cc1nccc(C(=O)NC[C@]2(F)C[C@H](CNC(=O)CCc3csnn3)C2)c1O,"N-(((1r,3r)-1-fluoro-3-((3-(1,2,3-thiadiazol-4-yl)propanamido)methyl)cyclobutyl)methyl)-3-hydroxy-2-methylpyridine-4-carboxamide",,Cc1nccc(C(=O)NC[C@]2(F)C[C@H](CNC(=O)CCc3csnn3)C2)c1O,
75732,COC(=O)c1cc(NC[C@@H]2CC[C@H]3[C@@H](CC2)C3(F)F)c2ccccc2n1,"methyl 4-((((1R,4r,7S)-8,8-difluorobicyclo[5.1.0]octan-4-yl)methyl)amino)quinoline-2-carboxylate",,COC(=O)c1cc(NC[C@H]2CC[C@@H]3[C@H](CC2)C3(F)F)c2ccccc2n1,
75779,CC[C@@H](C)OCC(=O)N[C@H]1[C@@H]2CN(C(=O)c3sc(-c4cnn(C)c4)nc3C)C[C@@H]21,"2-(((2R)-butan-2-yl)oxy)-N-((1R,5S,6s)-3-((4-methyl-2-(1-methyl-1H-pyrazol-4-yl)-1,3-thiazol-5-yl)carbonyl)-3-azabicyclo[3.1.0]hexan-6-yl)acetamide",,CC[C@@H](C)OCC(=O)N[C@H]1[C@@H]2CN(C(=O)c3sc(-c4cnn(C)c4)nc3C)C[C@@H]21,
75796,CCn1ncc(Cl)c1C(=O)NC[C@]1(F)C[C@H](CNC(=O)c2cc(C(C)C)on2)C1,"N-(((1r,3r)-3-((4-chloro-1-ethyl-1H-pyrazole-5-carboxamido)methyl)-3-fluorocyclobutyl)methyl)-5-(propan-2-yl)-1,2-oxazole-3-carboxamide",,CCn1ncc(Cl)c1C(=O)NC[C@]1(F)C[C@H](CNC(=O)c2cc(C(C)C)on2)C1,
75882,CN1CCN(C(=O)[C@H]2CC[C@@](C)(F)CC2)C[C@H]1CNC(=O)C[C@@H]1C[C@H]1C(F)(F)F,"N-(((2R)-4-(((1s,4S)-4-fluoro-4-methylcyclohexyl)carbonyl)-1-methylpiperazin-2-yl)methyl)-2-((1S,2R)-2-(trifluoromethyl)cyclopropyl)acetamide",,CN1CCN(C(=O)C2CCC(C)(F)CC2)C[C@H]1CNC(=O)C[C@@H]1C[C@H]1C(F)(F)F,
76019,COc1ccc(C(=O)NC[C@]2(F)C[C@@H](N=c3c(Br)c[nH]cc3[N+](=O)[O-])C2)c(C)c1,"N-(((1s,3s)-3-((3-bromo-5-nitro-1H-pyridin-4-ylidene)amino)-1-fluorocyclobutyl)methyl)-4-methoxy-2-methylbenzamide",,COc1ccc(C(=O)NC[C@]2(F)C[C@@H](Nc3c(Br)cncc3[N+](=O)[O-])C2)c(C)c1,
76053,CCO[C@@H](C)C(=O)N1C[C@H]2[C@@H](C1)[C@@H]2C(=O)NCCOCC1CCC1,"(1R,5S,6S)-N-(2-(cyclobutylmethoxy)ethyl)-3-((2S)-2-ethoxy-propionyl)-3-azabicyclo[3.1.0]hexane-6-carboxamide",,CCOC(C)C(=O)N1C[C@@H]2C(C(=O)NCCOCC3CCC3)[C@@H]2C1,
76061,COc1sccc1C(=O)N1[C@H]2CC[C@@H]1C[C@@H](NC(=O)CC1=CCCC1)C2,"2-(cyclopent-1-en-1-yl)-N-((1R,3s,5S)-8-((2-methoxythiophen-3-yl)carbonyl)-8-azabicyclo[3.2.1]octan-3-yl)acetamide",,COc1sccc1C(=O)N1[C@@H]2CC[C@H]1C[C@H](NC(=O)CC1=CCCC1)C2,
76122,CCc1cc(C(=O)N2C[C@H]3[C@H](CN(C)C(=O)c4n[nH]cc4F)[C@H]3C2)no1,"N-(((1R,5S,6r)-3-((5-ethyl-1,2-oxazol-3-yl)carbonyl)-3-azabicyclo[3.1.0]hexan-6-yl)methyl)-4-fluoro-N-methyl-1H-pyrazole-3-carboxamide",,CCc1cc(C(=O)N2C[C@@H]3[C@@H](CN(C)C(=O)c4[nH]ncc4F)[C@@H]3C2)no1,
76176,Cn1cnnc1CCC(=O)NCC1CN(C(=O)[C@H]2CCc3nnn(C)c3C2)C1,"N-((1-(((5S)-3-methyl-4,5,6,7-tetrahydro-1H-benzotriazol-5-yl)carbonyl)azetidin-3-yl)methyl)-3-(4-methyl-4H-1,2,4-triazol-3-yl)propanamide",CN1NNC2=C1C[C@H](CC2)C(=O)N2CC(C2)CNC(CCC2=NN=CN2C)=O,Cn1cnnc1CCC(=O)NCC1CN(C(=O)C2CCc3nnn(C)c3C2)C1,CN1NNC2=C1CC(C(=O)N1CC(CNC(=O)CCc3nncn3C)C1)CC2
76266,CC(C)(C)c1ccc(CN[C@@H]2[C@H]3CC[C@@H]2CN(C(=O)c2cc(C#N)c[nH]2)C3)cn1,"5-(((1R,5S,8r)-8-(((6-(tert-butyl)pyridin-3-yl)methyl)amino)-3-azabicyclo[3.2.1]octan-3-yl)carbonyl)-1H-pyrrole-3-carbonitrile",,CC(C)(C)c1ccc(CN[C@H]2[C@@H]3CC[C@H]2CN(C(=O)c2cc(C#N)c[nH]2)C3)cn1,
76301,N#Cc1ccc(O)c(C(=O)N2C[C@H]3[C@H](NC(=O)C45CC(C(F)F)(CO4)C5)[C@H]3C2)c1,"4-(difluoromethyl)-N-((1R,5S,6s)-3-((2-hydroxy-5-(nitrilomethyl)phenyl)carbonyl)-3-azabicyclo[3.1.0]hexan-6-yl)-2-oxabicyclo[2.1.1]hexane-1-carboxamide",,N#Cc1ccc(O)c(C(=O)N2C[C@@H]3[C@H](C2)[C@H]3NC(=O)C23CC(C(F)F)(CO2)C3)c1,
76499,C[C@]1(O)C[C@@H](C(=O)NCC[C@@H]2CCCCN2C(=O)c2onc3c2CCCC3)C1,"(1s,3R)-3-hydroxy-3-methyl-N-(2-((2S)-1-((8-oxa-7-azabicyclo[4.3.0]nona-1(9),6-dien-9-yl)carbonyl)piperidin-2-yl)ethyl)cyclobutanecarboxamide",,CC1(O)CC(C(=O)NCC[C@@H]2CCCCN2C(=O)c2onc3c2CCCC3)C1,
76535,O=C1COCC(=O)N1Cc1cn(C[C@@H]2C[C@H]3[C@@H](C2)C3(F)F)nn1,"4-((1-(((1R,3r,5S)-6,6-difluorobicyclo[3.1.0]hexan-3-yl)methyl)-1H-1,2,3-triazol-4-yl)methyl)morpholine-3,5-dione",,O=C1COCC(=O)N1Cc1cn(C[C@H]2C[C@@H]3[C@H](C2)C3(F)F)nn1,
76738,COCc1nc(CC(=O)N(C)C[C@H]2[C@@H]3CN(C(=O)CS(=O)(=O)C4CC4)C[C@H]23)cs1,"N-(((1R,5S,6r)-3-(2-(cyclopropylsulfonyl)-acetyl)-3-azabicyclo[3.1.0]hexan-6-yl)methyl)-2-(2-(methoxymethyl)-1,3-thiazol-4-yl)-N-methylacetamide",,COCc1nc(CC(=O)N(C)C[C@@H]2[C@H]3CN(C(=O)CS(=O)(=O)C4CC4)C[C@@H]23)cs1,
76770,CCc1ncc(C(=O)N[C@H]2C[C@@H]3CN(c4nnc(C(C)(C)C)s4)C[C@@H]3C2)c(C)n1,"N-((1R,5S,7s)-3-(5-(tert-butyl)-1,3,4-thiadiazol-2-yl)-3-azabicyclo[3.3.0]octan-7-yl)-2-ethyl-4-methylpyrimidine-5-carboxamide",,CCc1ncc(C(=O)N[C@H]2C[C@@H]3CN(c4nnc(C(C)(C)C)s4)C[C@@H]3C2)c(C)n1,
76796,CC(C)N(C)C(=O)CCC(=O)N1C[C@H]2[C@H](NC(=O)C(C)(C)C)[C@H]2C1,"4-((1R,5S,6s)-6-(2,2-dimethylpropanamido)-3-azabicyclo[3.1.0]hexan-3-yl)-N-methyl-4-oxo-N-(propan-2-yl)butanamide",,CC(C)N(C)C(=O)CCC(=O)N1C[C@@H]2[C@H](C1)[C@H]2NC(=O)C(C)(C)C,
76819,CCC(CC)C(=O)N1CCCC[C@]12C[C@H](NC(=O)COC1CC=CC1)C2,2-((cyclopent-3-en-1-yl)oxy)-N-(5-(2-ethyl-butyryl)-5-azaspiro[3.5]nonan-2-yl)acetamide,C1(CC=CC1)OCC(=O)NC1CC2(C1)N(CCCC2)C(C(CC)CC)=O,CCC(CC)C(=O)N1CCCC[C@]12C[C@H](NC(=O)COC1CC=CC1)C2,CCC(CC)C(=O)N1CCCCC12CC(NC(=O)COC1CC=CC1)C2
76851,O=C(CCN1CCCCC1=O)N[C@H]1C=CCN(C(=O)[C@H]2CC[C@H]3C[C@H]3CC2)C1,"N-((3S)-1-(((1R,4s,7S)-bicyclo[5.1.0]octan-4-yl)carbonyl)-1,2,3,6-tetrahydropyridin-3-yl)-3-(2-oxopiperidin-1-yl)propanamide",,O=C(CCN1CCCCC1=O)N[C@H]1C=CCN(C(=O)C2CC[C@@H]3C[C@@H]3CC2)C1,
76869,C[C@]1(NC(=O)[C@H](F)[C@H]2CCOC2)C[C@@H](NC(=O)c2cc([N+](=O)[O-])ccc2O)C1,"(2R)-2-fluoro-N-((1s,3S)-3-(2-hydroxy-5-nitrobenzamido)-1-methylcyclobutyl)-2-((3S)-oxolan-3-yl)acetamide",,C[C@]1(NC(=O)C(F)[C@H]2CCOC2)C[C@@H](NC(=O)c2cc([N+](=O)[O-])ccc2O)C1,
76875,CCN(CC(=O)N[C@H]1CCc2c[nH]nc2C1)C(=O)[C@H]1C[C@@H]2CCC[C@@H]2C1,"2-(N-ethyl(2s,3aR,6aS)-octahydropentalene-2-carboxamido)-N-((6S)-4,5,6,7-tetrahydro-2H-indazol-6-yl)acetamide",,CCN(CC(=O)N[C@H]1CCc2c[nH]nc2C1)C(=O)C1C[C@H]2CCC[C@H]2C1,
76996,CN(C)C[C@@H](C(=O)N1C[C@H]2C[C@@H](C(=O)N(C)[C@H]3CCC(C)(C)C3)C[C@H]2C1)N(C)C,"(1R,5S,7S)-3-((2S)-2,3-bis(dimethylamino)-propionyl)-N-((1S)-3,3-dimethylcyclopentyl)-N-methyl-3-azabicyclo[3.3.0]octane-7-carboxamide",,CN(C)CC(C(=O)N1C[C@H]2CC(C(=O)N(C)[C@H]3CCC(C)(C)C3)C[C@H]2C1)N(C)C,
77015,C[C@H](CNC(=O)c1nc2cc(O)ccc2[nH]1)CNC(=O)[C@H]1C[C@@H]2C[C@@H]2C1,"N-((2S)-3-((1R,3s,5S)-bicyclo[3.1.0]hexane-3-carboxamido)-2-methylpropyl)-5-hydroxy-1H-benzimidazole-2-carboxamide",,C[C@H](CNC(=O)c1nc2cc(O)ccc2[nH]1)CNC(=O)C1C[C@@H]2C[C@@H]2C1,
77064,CC(C)c1ccc([C@H]2CCCN2C(=O)C(=O)N2C[C@H]3[C@@H](C2)[C@@H]3C(F)F)cc1,"1-((1R,5S,6R)-6-(difluoromethyl)-3-azabicyclo[3.1.0]hexan-3-yl)-2-((2R)-2-(4-(propan-2-yl)phenyl)pyrrolidin-1-yl)ethane-1,2-dione",,CC(C)c1ccc([C@H]2CCCN2C(=O)C(=O)N2C[C@@H]3[C@H](C2)[C@H]3C(F)F)cc1,
77126,C=CC[C@]1(C(=O)N2CC[C@]23CC[C@H](C)CC3)CCCN1C(=O)CCOC(C)=O,3-((2S)-2-((7-methyl-1-azaspiro[3.5]nonan-1-yl)carbonyl)-2-(prop-2-en-1-yl)pyrrolidin-1-yl)-3-oxopropyl acetate,C(C)(=O)OCCC(=O)N1[C@@](CCC1)(CC=C)C(=O)N1CCC12CCC(CC2)C,C=CC[C@]1(C(=O)N2CC[C@]23CC[C@H](C)CC3)CCCN1C(=O)CCOC(C)=O,C=CC[C@]1(C(=O)N2CCC23CCC(C)CC3)CCCN1C(=O)CCOC(C)=O
77224,COC[C@@]1(NC(=O)c2cccc(C(F)F)n2)CCCN(C(=O)[C@H]2C[C@@H]3C[C@@H]3C2)C1,"N-((3R)-1-(((1R,3s,5S)-bicyclo[3.1.0]hexan-3-yl)carbonyl)-3-(methoxymethyl)piperidin-3-yl)-6-(difluoromethyl)pyridine-2-carboxamide",,COC[C@@]1(NC(=O)c2cccc(C(F)F)n2)CCCN(C(=O)C2C[C@@H]3C[C@@H]3C2)C1,
77269,COc1cccc(F)c1CC(=O)NC[C@H]1[C@@H]2CN(C(=O)C#CC3(C)COC3)C[C@H]12,"2-(2-fluoro-6-methoxyphenyl)-N-(((1R,5S,6r)-3-(3-(3-methyloxetan-3-yl)-1-oxoprop-2-yn-1-yl)-3-azabicyclo[3.1.0]hexan-6-yl)methyl)acetamide",,COc1cccc(F)c1CC(=O)NC[C@@H]1[C@H]2CN(C(=O)C#CC3(C)COC3)C[C@@H]12,
77279,CC(C)C[C@@H](O)[C@@H](C)C(=O)N[C@H]1C[C@@](C)(NC(=O)C=Cc2cn(C)cn2)C1,"(2R,3R)-3-hydroxy-2,5-dimethyl-N-((1s,3S)-3-methyl-3-(3-(1-methyl-1H-imidazol-4-yl)prop-2-enamido)cyclobutyl)hexanamide",,CC(C)C[C@@H](O)C(C)C(=O)N[C@H]1C[C@@](C)(NC(=O)C=Cc2cn(C)cn2)C1,
77347,C#Cc1c[nH]nc1C(=O)NC[C@]1(F)C[C@H](CNC(=O)c2c(C3CC3)cnn2C)C1,"4-cyclopropyl-N-(((1r,3r)-3-((4-(ethynyl)-1H-pyrazole-3-carboxamido)methyl)-3-fluorocyclobutyl)methyl)-1-methyl-1H-pyrazole-5-carboxamide",,C#Cc1c[nH]nc1C(=O)NC[C@]1(F)C[C@H](CNC(=O)c2c(C3CC3)cnn2C)C1,
77354,Cc1csc(=O)n1CC(=O)NC[C@]12CCC[C@H]1CCN2C(=O)[C@H]1C[C@@](F)(CO)C1,"N-(((1S,5S)-2-(((1r,3S)-3-fluoro-3-(hydroxymethyl)cyclobutyl)carbonyl)-2-azabicyclo[3.3.0]octan-1-yl)methyl)-2-(4-methyl-2-oxo-3H-1,3-thiazol-3-yl)acetamide",,Cc1csc(=O)n1CC(=O)NC[C@]12CCC[C@H]1CCN2C(=O)C1CC(F)(CO)C1,
77401,CSC1(C(=O)NC[C@H]2C[C@](F)(CNC(=O)[C@H]3C[C@@H](C(C)=O)C3(C)C)C2)CC1,"(1S,3R)-3-(acetyl)-N-(((1s,3R)-1-fluoro-3-((1-(methylsulfanyl)cyclopropanecarboxamido)methyl)cyclobutyl)methyl)-2,2-dimethylcyclobutanecarboxamide",,CSC1(C(=O)NC[C@H]2C[C@](F)(CNC(=O)C3CC(C(C)=O)C3(C)C)C2)CC1,
77414,CC(C)(C)CCCC(=O)NC[C@]1(F)C[C@@H](NC(=O)C(C)(C)CN2CCOCC2)C1,"N-(((1s,3s)-3-(2,2-dimethyl-3-(morpholin-4-yl)propanamido)-1-fluorocyclobutyl)methyl)-5,5-dimethylhexanamide",,CC(C)(C)CCCC(=O)NC[C@]1(F)C[C@@H](NC(=O)C(C)(C)CN2CCOCC2)C1,
77415,C[C@H](Oc1ccc(F)cc1)C(=O)N[C@H]1C[C@](F)(CNC(=O)Cc2cn(C)nn2)C1,"(2S)-N-((1s,3R)-3-fluoro-3-((2-(1-methyl-1H-1,2,3-triazol-4-yl)acetamido)methyl)cyclobutyl)-2-((4-fluorophenyl)oxy)propanamide",,CC(Oc1ccc(F)cc1)C(=O)N[C@H]1C[C@](F)(CNC(=O)Cc2cn(C)nn2)C1,
77559,C[C@@H]1CN(C(=O)[C@@H]2C[C@H]3[C@@H](C2)C3(F)F)C[C@@]1(C)CNC(=O)[C@H]1CC=CCC1,"(1R)-N-(((3R,4S)-1-(((1R,3r,5S)-6,6-difluorobicyclo[3.1.0]hexan-3-yl)carbonyl)-3,4-dimethylpyrrolidin-3-yl)methyl)cyclohex-3-ene-1-carboxamide",,C[C@@H]1CN(C(=O)C2C[C@@H]3[C@H](C2)C3(F)F)C[C@@]1(C)CNC(=O)C1CC=CCC1,
77638,NC(=O)c1cnc2c(C(=O)N3C[C@H]4[C@H](NC(=O)c5sccc5Cl)[C@H]4C3)cnn2c1,"3-(((1R,5S,6s)-6-(3-chlorothiophene-2-carboxamido)-3-azabicyclo[3.1.0]hexan-3-yl)carbonyl)pyrazolo[1,5-a]pyrimidine-6-carboxamide",,NC(=O)c1cnc2c(C(=O)N3C[C@@H]4[C@H](C3)[C@H]4NC(=O)c3sccc3Cl)cnn2c1,
77707,C=C[C@H](OC)C(=O)N1C[C@H]2[C@H](CN(C)C(=O)CC=C(Cl)Cl)[C@H]2C1,"4,4-dichloro-N-(((1R,5S,6S)-3-((2S)-2-methoxy-1-oxobut-3-en-1-yl)-3-azabicyclo[3.1.0]hexan-6-yl)methyl)-N-methylbut-3-enamide",,C=CC(OC)C(=O)N1C[C@@H]2[C@@H](CN(C)C(=O)CC=C(Cl)Cl)[C@@H]2C1,
77770,NS(=O)(=O)NCC(=O)N1C[C@H]2C[C@H](NC(=O)c3ccc4cc[nH]c4n3)C[C@H]2C1,"N-((1R,5S,7s)-3-(2-sulfamoylamino-acetyl)-3-azabicyclo[3.3.0]octan-7-yl)-1H-pyrrolo[2,3-b]pyridine-6-carboxamide",,NS(=O)(=O)NCC(=O)N1C[C@H]2C[C@H](NC(=O)c3ccc4cc[nH]c4n3)C[C@H]2C1,
77811,CC1(C)[C@H]2C[C@H](C(=O)N3C[C@H]4CN(C(=O)C5=CCCSC5)CC[C@H]43)C[C@H]21,"1-(5,6-dihydro-2H-thiopyran-3-yl)-1-((1R,6R)-7-(((1R,3s,5S)-6,6-dimethylbicyclo[3.1.0]hexan-3-yl)carbonyl)-3,7-diazabicyclo[4.2.0]octan-3-yl)methanone",,CC1(C)[C@@H]2CC(C(=O)N3C[C@H]4CN(C(=O)C5=CCCSC5)CC[C@H]43)C[C@@H]21,
77840,CCN(CCCNC(=O)COCC1CCC1)C(=O)[C@@H]1[C@H]2C[C@H]2[C@H]2C[C@H]21,"2-(cyclobutylmethoxy)-N-(3-(N-ethyl(1R,2S,4S,5r,6R)-tricyclo[4.1.0.0^{2,4}]heptane-5-carboxamido)propyl)acetamide",,CCN(CCCNC(=O)COCC1CCC1)C(=O)C1[C@H]2C[C@H]2[C@H]2C[C@@H]12,
77859,CC1CCC(CN(C)C(=O)[C@@H]2[C@H]3CN(C(=O)c4ccc(Cl)o4)C[C@H]32)CC1,"(1R,5S,6r)-3-((5-chlorofuran-2-yl)carbonyl)-N-methyl-N-((4-methylcyclohexyl)methyl)-3-azabicyclo[3.1.0]hexane-6-carboxamide",,CC1CCC(CN(C)C(=O)C2[C@H]3CN(C(=O)c4ccc(Cl)o4)C[C@@H]23)CC1,
77887,CCC[C@H](C(=O)N[C@H]1C[C@@H]2CN(C(=O)C3(C)CCCCC3)C[C@@H]2C1)N(C)C,"(2R)-2-(dimethylamino)-N-((1R,5S,7s)-3-((1-methylcyclohexyl)carbonyl)-3-azabicyclo[3.3.0]octan-7-yl)pentanamide",,CCCC(C(=O)N[C@H]1C[C@@H]2CN(C(=O)C3(C)CCCCC3)C[C@@H]2C1)N(C)C,
77920,CN(C)C(=O)C(=O)N[C@H]1[C@@H]2CN(C(=O)[C@]3(C(F)(F)F)CCO3)C[C@@H]21,"N,N-dimethyl-N'-((1R,5S,6R)-3-(((2S)-2-(trifluoromethyl)oxetan-2-yl)carbonyl)-3-azabicyclo[3.1.0]hexan-6-yl)ethanediamide",,CN(C)C(=O)C(=O)N[C@H]1[C@@H]2CN(C(=O)[C@]3(C(F)(F)F)CCO3)C[C@@H]21,
77933,NC(=O)[C@@]12CCC[C@@]1(C(=O)N1CCC(CCCNC(=O)[C@@H]3[C@H]4CCC[C@H]43)CC1)C2,"(1R,5R)-5-((4-(3-((1R,5S,6r)-bicyclo[3.1.0]hexane-6-carboxamido)propyl)piperidin-1-yl)carbonyl)bicyclo[3.1.0]hexane-1-carboxamide",,NC(=O)[C@@]12CCC[C@@]1(C(=O)N1CCC(CCCNC(=O)C3[C@H]4CCC[C@@H]34)CC1)C2,
77959,CC[C@@H](OC1CCCC1)C(=O)N[C@H]1C[C@]2(CCCCN2C(=O)[C@@H]2CCC=CO2)C1,"(2R)-2-(cyclopentyloxy)-N-(5-(((2S)-3,4-dihydro-2H-pyran-2-yl)carbonyl)-5-azaspiro[3.5]nonan-2-yl)butanamide",C1(CCCC1)O[C@@H](C(=O)NC1CC2(C1)N(CCCC2)C(=O)[C@H]2OC=CCC2)CC,CCC(OC1CCCC1)C(=O)N[C@H]1C[C@]2(CCCCN2C(=O)C2CCC=CO2)C1,CCC(OC1CCCC1)C(=O)NC1CC2(CCCCN2C(=O)C2CCC=CO2)C1
77970,COc1cc(CCC(=O)N2[C@H]3CC[C@@H]2C[C@@H](NC(=O)[C@H](F)CCC(C)C)C3)on1,"(2R)-2-fluoro-N-((1R,3s,5S)-8-(3-(3-methoxy-1,2-oxazol-5-yl)-propionyl)-8-azabicyclo[3.2.1]octan-3-yl)-5-methylhexanamide",,COc1cc(CCC(=O)N2[C@@H]3CC[C@H]2C[C@H](NC(=O)C(F)CCC(C)C)C3)on1,
77977,C[C@]1(NC(=O)[C@@H]2CCCN(S(N)(=O)=O)C2)C[C@@H](NC(=O)c2cnn(C3CC3)c2)C1,"(3R)-1-(sulfamoyl)-N-((1s,3S)-3-(1-cyclopropyl-1H-pyrazole-4-carboxamido)-1-methylcyclobutyl)piperidine-3-carboxamide",,C[C@]1(NC(=O)C2CCCN(S(N)(=O)=O)C2)C[C@@H](NC(=O)c2cnn(C3CC3)c2)C1,
78084,C[C@@H]1OCC[C@H]1CC(=O)N1C[C@H]2[C@H](CC(=O)N3CCC[C@@](C)(F)C3)[C@H]2C1,"1-((1R,5S,6R)-6-(2-((3R)-3-fluoro-3-methylpiperidin-1-yl)-2-oxoethyl)-3-azabicyclo[3.1.0]hexan-3-yl)-2-((2S,3S)-2-methyloxolan-3-yl)ethan-1-one",,C[C@@H]1OCC[C@H]1CC(=O)N1C[C@@H]2[C@@H](CC(=O)N3CCC[C@@](C)(F)C3)[C@@H]2C1,
78129,CCn1ccc(C(=O)NC[C@H]2[C@@H]3CN(C(=O)C4(CCO)CC4)C[C@H]23)n1,"1-ethyl-N-(((1R,5S,6r)-3-((1-(2-hydroxyethyl)cyclopropyl)carbonyl)-3-azabicyclo[3.1.0]hexan-6-yl)methyl)-1H-pyrazole-3-carboxamide",,CCn1ccc(C(=O)NC[C@@H]2[C@H]3CN(C(=O)C4(CCO)CC4)C[C@@H]23)n1,
78186,CCCn1cc(N[C@H](c2nnnn2Cc2ccco2)[C@@H]2CC23CCC3)ccc1=O,5-(((1S)-(1-((furan-2-yl)methyl)-1H-tetrazol-5-yl)-(1R)-spiro[2.3]hexan-1-ylmethyl)amino)-1-propyl-1H-pyridin-2-one,O1C(=CC=C1)CN1N=NN=C1[C@@H]([C@H]1CC12CCC2)NC=2C=CC(N(C2)CCC)=O,CCCn1cc(N[C@H](c2nnnn2Cc2ccco2)[C@@H]2CC23CCC3)ccc1=O,CCCn1cc(N[C@@H](c2nnnn2Cc2ccco2)[C@H]2CC23CCC3)ccc1=O
78218,C[C@H]1CN(C(=O)[C@H]2CCCC[C@@H]2O)C[C@@H](C(=O)N[C@@H]2[C@@H](O)C[C@H]2O)O1,"(2S,6S)-N-((1r,2R,4S)-2,4-dihydroxycyclobutyl)-4-(((1S,2S)-2-hydroxycyclohexyl)carbonyl)-6-methylmorpholine-2-carboxamide",,C[C@H]1CN(C(=O)C2CCCC[C@@H]2O)CC(C(=O)N[C@H]2[C@H](O)C[C@@H]2O)O1,
78237,NS(=O)(=O)CC(=O)N1CCCC[C@]12C[C@H](NC(=O)c1csc3ncnc(O)c13)C2,"4-hydroxy-N-(5-(2-(sulfamoyl)-acetyl)-5-azaspiro[3.5]nonan-2-yl)thieno[2,3-d]pyrimidine-5-carboxamide",OC=1C2=C(N=CN1)SC=C2C(=O)NC2CC1(C2)N(CCCC1)C(CS(N)(=O)=O)=O,NS(=O)(=O)CC(=O)N1CCCC[C@]12C[C@H](NC(=O)c1csc3[nH]cnc(=O)c13)C2,NS(=O)(=O)CC(=O)N1CCCCC12CC(NC(=O)c1csc3[nH]cnc(=O)c13)C2
78286,CCO[C@H](C)C(=O)N[C@@H]1C[C@@H]2CC[C@H](C1)N2C(=O)C[C@@H]1CCN(C)C1=O,"(2R)-2-ethoxy-N-((1R,3S,5S)-8-(2-((3S)-1-methyl-2-oxopyrrolidin-3-yl)-acetyl)-8-azabicyclo[3.2.1]octan-3-yl)propanamide",,CCOC(C)C(=O)N[C@H]1C[C@H]2CC[C@@H](C1)N2C(=O)CC1CCN(C)C1=O,
78411,Cc1ncc(C=CC(=O)N2CCN(C(=O)[C@@H]3[C@H]4COC[C@H]43)C[C@@H]2C2CCC2)s1,"1-((2S)-2-cyclobutyl-4-(((1R,5S,6r)-3-oxabicyclo[3.1.0]hexan-6-yl)carbonyl)piperazin-1-yl)-3-(2-methyl-1,3-thiazol-5-yl)prop-2-en-1-one",,Cc1ncc(C=CC(=O)N2CCN(C(=O)C3[C@H]4COC[C@@H]34)C[C@@H]2C2CCC2)s1,
78553,Cc1ccc(I)c(C(=O)N2C[C@H]3C[C@H](NC(=O)c4cnc(Br)o4)C[C@H]3C2)c1,"2-bromo-N-((1R,5S,7s)-3-((2-iodo-5-methylphenyl)carbonyl)-3-azabicyclo[3.3.0]octan-7-yl)-1,3-oxazole-5-carboxamide",,Cc1ccc(I)c(C(=O)N2C[C@H]3C[C@H](NC(=O)c4cnc(Br)o4)C[C@H]3C2)c1,
78614,CC[C@H](C)[C@@H](OC)C(=O)N[C@H]1C[C@@](F)(CNC(=O)c2c(Br)cnn2C)C1,"(2R,3S)-N-((1r,3R)-3-((4-bromo-1-methyl-1H-pyrazole-5-carboxamido)methyl)-3-fluorocyclobutyl)-2-methoxy-3-methylpentanamide",,CC[C@H](C)C(OC)C(=O)N[C@H]1C[C@@](F)(CNC(=O)c2c(Br)cnn2C)C1,
78624,CS(=O)(=O)CC(=O)N[C@@H]1[C@H]2C[C@H](NC(=O)[C@@H]3CCCC[C@H]3C3CC3)C[C@H]21,"N-((1R,3s,5S,6R)-3-((1R,2S)-2-cyclopropylcyclohexanecarboxamido)bicyclo[3.1.0]hexan-6-yl)-2-(methylsulfonyl)acetamide",,CS(=O)(=O)CC(=O)N[C@H]1[C@@H]2C[C@@H](NC(=O)C3CCCC[C@H]3C3CC3)C[C@@H]21,
78723,CCCCS(=O)(=O)N[C@@H]1[C@H]2CC[C@@H]1CN(c1ccn3ncc(I)c3n1)C2,"(1R,5S,8r)-N-(butylsulfonyl)-3-(3-iodopyrazolo[1,5-a]pyrimidin-5-yl)-3-azabicyclo[3.2.1]octan-8-amine",,CCCCS(=O)(=O)N[C@H]1[C@@H]2CC[C@H]1CN(c1ccn3ncc(I)c3n1)C2,
78795,O=C(N[C@@H]1CN(C(=O)[C@@H]2C[C@H]2C(F)F)CC12CC2)[C@H]1C[C@H]2[C@@H](C1)C2(F)F,"(1R,3s,5S)-N-((7S)-5-(((1R,2R)-2-(difluoromethyl)cyclopropyl)carbonyl)-5-azaspiro[2.4]heptan-7-yl)-6,6-difluorobicyclo[3.1.0]hexane-3-carboxamide",,O=C(N[C@@H]1CN(C(=O)C2C[C@H]2C(F)F)CC12CC2)C1C[C@@H]2[C@H](C1)C2(F)F,
78832,CC1(C(=O)N[C@H]2[C@@H]3CN(C(=O)C[C@@H]4CN5CCC4CC5)C[C@@H]32)CCCC1,"N-((1R,5S,6R)-3-(2-((3S)-1-azabicyclo[2.2.2]octan-3-yl)-acetyl)-3-azabicyclo[3.1.0]hexan-6-yl)-1-methylcyclopentanecarboxamide",,CC1(C(=O)N[C@H]2[C@@H]3CN(C(=O)C[C@@H]4CN5CCC4CC5)C[C@@H]32)CCCC1,
78874,Cc1noc(CCC(=O)N[C@]2(C(=O)N3CCS[C@H]4CCC[C@@H]43)C[C@H](O)C2)n1,"N-((1s,3R)-3-hydroxy-1-(((1S,6S)-2-thia-5-azabicyclo[4.3.0]nonan-5-yl)carbonyl)cyclobutyl)-3-(3-methyl-1,2,4-oxadiazol-5-yl)propanamide",,Cc1noc(CCC(=O)N[C@]2(C(=O)N3CCS[C@H]4CCC[C@@H]43)C[C@H](O)C2)n1,
78958,Cc1nsc(C)c1C(=O)N1C[C@H]2C[C@@H](C(=O)N3Cc4nncn4[C@H](C)C3)C[C@H]2C1,"1-(3,5-dimethyl-1,2-thiazol-4-yl)-1-((1R,5S,7r)-7-(((5R)-5-methyl-5,6,7,8-tetrahydro[1,2,4]triazolo[4,3-a]pyrazin-7-yl)carbonyl)-3-azabicyclo[3.3.0]octan-3-yl)methanone",,Cc1nsc(C)c1C(=O)N1C[C@H]2CC(C(=O)N3Cc4nncn4[C@H](C)C3)C[C@H]2C1,
79155,CO[C@@H]1CN(C(=O)C2=C3CCN=C3NC=C2)C[C@@H]1NC(=O)C(C)=Cc1ccco1,"N-((3S,4R)-1-((3,7-dihydro-1H-pyrrolo[2,3-b]pyridin-4-yl)carbonyl)-4-methoxypyrrolidin-3-yl)-3-(furan-2-yl)-2-methylprop-2-enamide",N1CCC2=C1NCC=C2C(=O)N2C[C@@H]([C@@H](C2)OC)NC(C(=CC=2OC=CC2)C)=O,CO[C@@H]1CN(C(=O)c2ccnc3c2CCN3)C[C@@H]1NC(=O)C(C)=Cc1ccco1,CO[C@@H]1CN(C(=O)C2=CCN=C3NCCC23)C[C@@H]1NC(=O)C(C)=Cc1ccco1
79174,N#CCCCCCC(=O)N[C@H]1[C@@H]2CN(C(=O)C3(N4CCOCC4)CC3)C[C@@H]21,"6-cyano-N-((1R,5S,6s)-3-((1-(morpholin-4-yl)cyclopropyl)carbonyl)-3-azabicyclo[3.1.0]hexan-6-yl)hexanamide",,N#CCCCCCC(=O)N[C@H]1[C@@H]2CN(C(=O)C3(N4CCOCC4)CC3)C[C@@H]21,
79223,N#CCc1ccc(C(=O)N2C[C@H]3[C@H](CNC(=O)[C@H]4COC5(CCC5)C4)[C@H]3C2)cc1,"(7R)-N-(((1R,5S,6r)-3-((4-(2-nitriloethyl)phenyl)carbonyl)-3-azabicyclo[3.1.0]hexan-6-yl)methyl)-5-oxaspiro[3.4]octane-7-carboxamide",,N#CCc1ccc(C(=O)N2C[C@@H]3[C@@H](CNC(=O)C4COC5(CCC5)C4)[C@@H]3C2)cc1,
79309,CN1C[C@@H](C(=O)N[C@]2(C)C[C@H](NC(=O)C=Cc3cncnc3O)C2)OCCC1=O,"(2S)-N-((1s,3R)-3-(3-(4-hydroxypyrimidin-5-yl)prop-2-enamido)-1-methylcyclobutyl)-4-methyl-5-oxo-1,4-oxazepane-2-carboxamide",,CN1CC(C(=O)N[C@]2(C)C[C@H](NC(=O)C=Cc3c[nH]cnc3=O)C2)OCCC1=O,
79319,Cc1sccc1C(=O)NC[C@@H]1C[C@@H]2CC[C@H](C1)N2C(=O)c1ccccc1,"2-methyl-N-(((1R,3r,5S)-8-((phenyl)carbonyl)-8-azabicyclo[3.2.1]octan-3-yl)methyl)thiophene-3-carboxamide",,Cc1sccc1C(=O)NC[C@H]1C[C@H]2CC[C@@H](C1)N2C(=O)c1ccccc1,
79391,O=C(N[C@H]1C[C@@H]2CN(C(=O)c3nccs3)C[C@@H]2C1)[C@@H]1C[C@H]2CCCCCC[C@H]21,"(1R,8R,9R)-N-((1R,5S,7s)-3-((1,3-thiazol-2-yl)carbonyl)-3-azabicyclo[3.3.0]octan-7-yl)bicyclo[6.2.0]decane-9-carboxamide",,O=C(N[C@H]1C[C@@H]2CN(C(=O)c3nccs3)C[C@@H]2C1)C1C[C@H]2CCCCCC[C@@H]12,
79431,C=C(Cl)C(C)(C)C(=O)NC[C@]1(F)C[C@@H](NC(=O)[C@H](CC(C)(C)C)OC)C1,"(2S)-N-((1s,3R)-3-((3-chloro-2,2-dimethylbut-3-enamido)methyl)-3-fluorocyclobutyl)-2-methoxy-4,4-dimethylpentanamide",,C=C(Cl)C(C)(C)C(=O)NC[C@]1(F)C[C@@H](NC(=O)C(CC(C)(C)C)OC)C1,
79471,CCNC(=O)N1CCC(C(=O)N[C@@H]2C[C@@H]2CNC(=O)[C@H]2C[C@H]3[C@@H](C2)C3(C)C)CC1,"N'-((1R,2R)-2-(((1R,3s,5S)-6,6-dimethylbicyclo[3.1.0]hexane-3-carboxamido)methyl)cyclopropyl)-N-ethylpiperidine-1,4-dicarboxamide",,CCNC(=O)N1CCC(C(=O)N[C@@H]2C[C@@H]2CNC(=O)C2C[C@@H]3[C@H](C2)C3(C)C)CC1,
79495,Cc1nn[nH]c1C(=O)NC[C@@H]1CN(C(=O)[C@H]2C[C@@H]3CC[C@H](C2)[C@@H]3O)CCC1(F)F,"N-(((3R)-4,4-difluoro-1-(((1R,3s,5S,8R)-8-hydroxybicyclo[3.2.1]octan-3-yl)carbonyl)piperidin-3-yl)methyl)-4-methyl-1H-1,2,3-triazole-5-carboxamide",,Cc1[nH]nnc1C(=O)NC[C@@H]1CN(C(=O)C2C[C@H]3CC[C@@H](C2)[C@H]3O)CCC1(F)F,
79501,Cc1ccc2cc(C(=O)N3CCC34CN(C(=O)[C@H]3C[C@@H]5C[C@@H]5C3)C4)oc2c1,"1-(6-(((1R,3s,5S)-bicyclo[3.1.0]hexan-3-yl)carbonyl)-1,6-diazaspiro[3.3]heptan-1-yl)-1-(6-methyl-1-benzofuran-2-yl)methanone",,Cc1ccc2cc(C(=O)N3CCC34CN(C(=O)C3C[C@@H]5C[C@@H]5C3)C4)oc2c1,
79536,Cc1csc(=O)n1CC(=O)N1[C@H]2CC[C@@H]1C[C@@H](CNC(=O)CCOC1CC1)C2,"3-(cyclopropoxy)-N-(((1R,3s,5S)-8-(2-(4-methyl-2-oxo-3H-1,3-thiazol-3-yl)-acetyl)-8-azabicyclo[3.2.1]octan-3-yl)methyl)propanamide",,Cc1csc(=O)n1CC(=O)N1[C@@H]2CC[C@H]1C[C@H](CNC(=O)CCOC1CC1)C2,
79555,C[C@@H]1[C@H](C(=O)N[C@@H]2CN(C(=O)CSC(F)F)Cc3ccccc32)[C@@H]1C,"(1s,2R,3S)-N-((4S)-2-(2-((difluoromethyl)sulfanyl)-acetyl)-1,2,3,4-tetrahydroisoquinolin-4-yl)-2,3-dimethylcyclopropanecarboxamide",,C[C@@H]1C(C(=O)N[C@@H]2CN(C(=O)CSC(F)F)Cc3ccccc32)[C@@H]1C,
79566,CC[C@H](CN(C)C)C(=O)NC[C@H]1CCCC[C@H]1C(=O)NC[C@H]1C[C@@](C)(O)C1,"(2R)-2-((dimethylamino)methyl)-N-(((1S,2R)-2-((((1s,3S)-3-hydroxy-3-methylcyclobutyl)methyl)carbamoyl)cyclohexyl)methyl)butanamide",,CCC(CN(C)C)C(=O)NC[C@H]1CCCCC1C(=O)NC[C@H]1C[C@@](C)(O)C1,
79792,C[C@H]1CCc2nc(C(=O)N[C@H]3C[C@](F)(CNC(=O)CCCCC4CC4)C3)cn2C1,"(6S)-N-((1s,3R)-3-((5-cyclopropylpentanamido)methyl)-3-fluorocyclobutyl)-6-methyl-5,6,7,8-tetrahydroimidazo[1,2-a]pyridine-2-carboxamide",,C[C@H]1CCc2nc(C(=O)N[C@H]3C[C@](F)(CNC(=O)CCCCC4CC4)C3)cn2C1,
79805,COC(=O)[C@@H](C)C(=O)N1C[C@@H]2C[C@H](NC(=O)[C@H]3CC[C@H](N=[N+]=[N-])CC3)C[C@@H](C2)C1,"methyl (2S)-2-(((1R,5S,7R)-7-(trans-4-azidocyclohexanecarboxamido)-3-azabicyclo[3.3.1]nonan-3-yl)carbonyl)propanoate",,COC(=O)C(C)C(=O)N1C[C@@H]2C[C@@H](C[C@H](NC(=O)C3CCC(N=[N+]=[N-])CC3)C2)C1,
79824,NC(=O)NCCC(=O)NC[C@H]1C[C@](F)(CNC(=O)[C@H]2C[C@@H]2F)C1,"3-(carbamoylamino)-N-(((1S,3s)-3-fluoro-3-(((1R,2S)-2-fluorocyclopropanecarboxamido)methyl)cyclobutyl)methyl)propanamide",,NC(=O)NCCC(=O)NC[C@H]1C[C@](F)(CNC(=O)C2C[C@@H]2F)C1,
79866,CC/C=C/C[C@@H](C)C(=O)NC[C@H]1C[C@@](F)(CNC(=O)c2csc(O)n2)C1,"(2R,4E)-N-(((1r,3R)-3-fluoro-3-((2-hydroxy-1,3-thiazole-4-carboxamido)methyl)cyclobutyl)methyl)-2-methylhept-4-enamide",,CC/C=C/CC(C)C(=O)NC[C@H]1C[C@@](F)(CNC(=O)c2csc(=O)[nH]2)C1,
79876,COC[C@H](C)[C@H](C)N=C(NC1CC1)N[C@H]1C[C@@](F)(CNC(=O)OC(C)(C)C)C1,"tert-butyl ((((1S,3r)-3-(((cyclopropylamino)(((2S,3R)-4-methoxy-3-methylbutan-2-yl)imino)methyl)amino)-1-fluorocyclobutyl)methyl)amino)formate",,COC[C@H](C)[C@H](C)N=C(NC1CC1)N[C@H]1C[C@@](F)(CNC(=O)OC(C)(C)C)C1,
79947,O=C(Cc1csnn1)N[C@@H]1C[C@H](NC(=O)[C@H]2C[C@H]3[C@@H](C2)C3(F)F)C[C@H]1O,"N-((1R,2R,4S)-4-((1R,3s,5S)-6,6-difluorobicyclo[3.1.0]hexane-3-carboxamido)-2-hydroxycyclopentyl)-2-(1,2,3-thiadiazol-4-yl)acetamide",,O=C(Cc1csnn1)N[C@@H]1C[C@H](NC(=O)C2C[C@@H]3[C@H](C2)C3(F)F)C[C@H]1O,
79955,CO[C@@H](C(=O)N1C[C@H]2[C@H](NC(=O)c3n[nH]c(C)c3N)[C@H]2C1)[C@@H]1CCCOC1,"4-amino-N-((1R,5S,6S)-3-((2R)-2-methoxy-2-((3R)-oxan-3-yl)-acetyl)-3-azabicyclo[3.1.0]hexan-6-yl)-5-methyl-1H-pyrazole-3-carboxamide",,COC(C(=O)N1C[C@@H]2[C@H](C1)[C@H]2NC(=O)c1[nH]nc(C)c1N)[C@@H]1CCCOC1,
80136,C[C@@H](CC[C@@H]1CCCO1)NC(=O)[C@]1(NC(=O)CCn2cccc2)C[C@@H](O)C1,"(1s,3R)-3-hydroxy-N-((2S)-4-((2R)-oxolan-2-yl)butan-2-yl)-1-(3-(1H-pyrrol-1-yl)propanamido)cyclobutanecarboxamide",,C[C@@H](CC[C@@H]1CCCO1)NC(=O)[C@]1(NC(=O)CCn2cccc2)C[C@@H](O)C1,
80154,CC(=Cc1ccncc1)C(=O)N1C[C@H]2C[C@@]2(NC(=O)[C@@H]2C[C@@H]3CSC[C@@H](C3)C2)C1,"(1R,5S,7r)-N-((1S,5R)-3-(2-methyl-1-oxo-3-(pyridin-4-yl)prop-2-en-1-yl)-3-azabicyclo[3.1.0]hexan-1-yl)-3-thiabicyclo[3.3.1]nonane-7-carboxamide",,CC(=Cc1ccncc1)C(=O)N1C[C@H]2C[C@@]2(NC(=O)C2C[C@H]3CSC[C@@H](C2)C3)C1,
80208,Cc1ccc(C(C)C)cc1C(=O)N1C[C@H]2[C@H](NC(=O)/C(Cl)=C/Cl)[C@H]2C1,"(2Z)-2,3-dichloro-N-((1R,5S,6s)-3-((2-methyl-5-(propan-2-yl)phenyl)carbonyl)-3-azabicyclo[3.1.0]hexan-6-yl)prop-2-enamide",,Cc1ccc(C(C)C)cc1C(=O)N1C[C@@H]2[C@H](C1)[C@H]2NC(=O)/C(Cl)=C/Cl,
80287,Nc1snnc1C(=O)N1CCC[C@@H](CCNC(=O)[C@@H]2[C@H]3CCCC[C@H]32)CC1,"(1R,6S,7r)-N-(2-((4S)-1-((5-amino-1,2,3-thiadiazol-4-yl)carbonyl)azepan-4-yl)ethyl)bicyclo[4.1.0]heptane-7-carboxamide",,Nc1snnc1C(=O)N1CCC[C@@H](CCNC(=O)C2[C@H]3CCCC[C@@H]23)CC1,
80337,C[C@H]1CCC=C1C(=O)N[C@H]1C[C@](F)(CNC(=O)c2ccc(SC(F)F)cc2)C1,"4-((difluoromethyl)sulfanyl)-N-(((1R,3s)-1-fluoro-3-((5S)-5-methylcyclopent-1-ene-1-carboxamido)cyclobutyl)methyl)benzamide",,C[C@H]1CCC=C1C(=O)N[C@H]1C[C@](F)(CNC(=O)c2ccc(SC(F)F)cc2)C1,
80348,COCc1cc(CNC(=O)[C@@H]2C=CCN2C(=O)[C@@H]2[C@H]3CCCCC[C@H]32)no1,"(2S)-1-(((1R,7S,8r)-bicyclo[5.1.0]octan-8-yl)carbonyl)-N-((5-(methoxymethyl)-1,2-oxazol-3-yl)methyl)-2,5-dihydro-1H-pyrrole-2-carboxamide",,COCc1cc(CNC(=O)C2C=CCN2C(=O)C2[C@H]3CCCCC[C@@H]23)no1,
80363,C/C=C/C[C@H](C)C(=O)N1[C@H]2CC[C@@H]1C[C@H](NC(=O)CCOCC(C)C)C2,"3-isobutoxy-N-((1R,3S,5S)-8-((2S,4E)-2-methyl-1-oxohex-4-en-1-yl)-8-azabicyclo[3.2.1]octan-3-yl)propanamide",,C/C=C/CC(C)C(=O)N1[C@@H]2CC[C@H]1C[C@@H](NC(=O)CCOCC(C)C)C2,
80370,C[C@@H](CCC(=O)NC[C@]1(F)C[C@@H](NC(=O)C2(F)C(C)(C)C2(C)C)C1)N(C)C,"(4S)-4-(dimethylamino)-N-(((1s,3R)-1-fluoro-3-(1-fluoro-2,2,3,3-tetramethylcyclopropanecarboxamido)cyclobutyl)methyl)pentanamide",,C[C@@H](CCC(=O)NC[C@]1(F)C[C@@H](NC(=O)C2(F)C(C)(C)C2(C)C)C1)N(C)C,
80469,CNC(=O)CCCCC(=O)N(C)[C@H]1[C@@H]2CN(C(=O)C(F)(F)c3ncccn3)C[C@@H]21,"N'-((1R,5S,6s)-3-(2,2-difluoro-1-oxo-2-(pyrimidin-2-yl)ethyl)-3-azabicyclo[3.1.0]hexan-6-yl)-N,N'-dimethylhexanediamide",,CNC(=O)CCCCC(=O)N(C)[C@H]1[C@@H]2CN(C(=O)C(F)(F)c3ncccn3)C[C@@H]21,
80554,CC(=O)OCCC(=O)N[C@]1(C(=O)N(CC2CC2)CC2CC2)C[C@H](O)C1,"3-(((1s,3s)-1-(dicyclopropylmethylcarbamoyl)-3-hydroxycyclobutyl)amino)-3-oxopropyl acetate",,CC(=O)OCCC(=O)N[C@]1(C(=O)N(CC2CC2)CC2CC2)C[C@H](O)C1,
80577,C[C@]1(NC(=O)c2ncc(F)cc2N)C[C@H](NC(=O)c2cc(S(N)(=O)=O)cs2)C1,"3-amino-5-fluoro-N-((1r,3r)-1-methyl-3-(4-(sulfamoyl)thiophene-2-carboxamido)cyclobutyl)pyridine-2-carboxamide",,C[C@]1(NC(=O)c2ncc(F)cc2N)C[C@H](NC(=O)c2cc(S(N)(=O)=O)cs2)C1,
80604,COc1cccc(C(=O)N[C@](C)(CNC(=O)[C@H]2C[C@@H]3C[C@@H]3C2)C(C)C)c1,"(1R,3s,5S)-N-((2S)-2-(3-methoxybenzamido)-2,3-dimethylbutyl)bicyclo[3.1.0]hexane-3-carboxamide",,COc1cccc(C(=O)N[C@](C)(CNC(=O)C2C[C@@H]3C[C@@H]3C2)C(C)C)c1,
80652,Cc1cccc(C(=O)N[C@H]2[C@@H]3CN(C(=O)C=Cc4ccc(Cl)cc4)C[C@@H]32)c1N,"2-amino-N-((1R,5S,6s)-3-(3-(4-chlorophenyl)-1-oxoprop-2-en-1-yl)-3-azabicyclo[3.1.0]hexan-6-yl)-3-methylbenzamide",,Cc1cccc(C(=O)N[C@H]2[C@@H]3CN(C(=O)C=Cc4ccc(Cl)cc4)C[C@@H]32)c1N,
80682,CC(=O)OC[C@H](C)C(=O)N[C@]1(C)CCCC[C@@H]1C(=O)N[C@@H]1C[C@H](O)[C@H](O)C1,"(2S)-2-(((1R,2S)-2-(((1r,3R,4S)-3,4-dihydroxycyclopentyl)carbamoyl)-1-methylcyclohexyl)carbamoyl)propyl acetate",,CC(=O)OCC(C)C(=O)N[C@]1(C)CCCCC1C(=O)N[C@H]1C[C@@H](O)[C@@H](O)C1,
80769,C=CC[C@H](C)NC(=O)C[C@H]1[C@@H]2CN(C(=O)CCc3cn(C)cn3)C[C@H]12,"2-((1R,5S,6s)-3-(3-(1-methyl-1H-imidazol-4-yl)-propionyl)-3-azabicyclo[3.1.0]hexan-6-yl)-N-((2S)-pent-4-en-2-yl)acetamide",,C=CC[C@H](C)NC(=O)C[C@@H]1[C@H]2CN(C(=O)CCc3cn(C)cn3)C[C@@H]12,
80783,O=C(N[C@@H]1CN(C(=O)c2cc(C(F)(F)F)ncn2)CC12CC2)[C@@H]1C[C@@H]2C[C@@H]2C1,"(1R,3r,5S)-N-((7S)-5-((6-(trifluoromethyl)pyrimidin-4-yl)carbonyl)-5-azaspiro[2.4]heptan-7-yl)bicyclo[3.1.0]hexane-3-carboxamide",,O=C(N[C@@H]1CN(C(=O)c2cc(C(F)(F)F)ncn2)CC12CC2)C1C[C@@H]2C[C@@H]2C1,
80820,O=C(NC[C@]1(F)C[C@H](Nc2ncnc3c(F)c(F)ccc23)C1)C1CSC1,"N-(((1r,3r)-3-((7,8-difluoroquinazolin-4-yl)amino)-1-fluorocyclobutyl)methyl)thietane-3-carboxamide",,O=C(NC[C@]1(F)C[C@H](Nc2ncnc3c(F)c(F)ccc23)C1)C1CSC1,
80852,CCC1(C(=O)N2[C@H]3CC[C@@H]2C[C@@H](NC(=O)C2(CF)CCC2)C3)CC1,"N-((1R,3s,5S)-8-((1-ethylcyclopropyl)carbonyl)-8-azabicyclo[3.2.1]octan-3-yl)-1-(fluoromethyl)cyclobutanecarboxamide",,CCC1(C(=O)N2[C@@H]3CC[C@H]2C[C@H](NC(=O)C2(CF)CCC2)C3)CC1,
80883,O=C(C#CC1CCCCC1)NC[C@@]1(C(=O)N2[C@H]3CC[C@@H]2C[C@@H](F)C3)CCCO1,"3-cyclohexyl-N-(((2R)-2-(((1R,3S,5S)-3-fluoro-8-azabicyclo[3.2.1]octan-8-yl)carbonyl)oxolan-2-yl)methyl)prop-2-ynamide",,O=C(C#CC1CCCCC1)NC[C@@]1(C(=O)N2[C@@H]3CC[C@H]2C[C@H](F)C3)CCCO1,
80889,C#CCOCCOCC(=O)N[C@]1(C)C[C@H](C(=O)NC2([C@H](C)O)CC2)C1,"N-((1R,3s)-3-((1-((1S)-1-hydroxyethyl)cyclopropyl)carbamoyl)-1-methylcyclobutyl)-2-((2-((prop-2-yn-1-yl)oxy)ethyl)oxy)acetamide",,C#CCOCCOCC(=O)NC1(C)CC(C(=O)NC2([C@H](C)O)CC2)C1,
80904,CCCCCCOCC(=O)N1C[C@@H]2C[C@H](NC(=O)C[C@@H]3CCCO3)C[C@@H](C2)C1,"N-((1R,5S,7s)-3-(2-(hexyloxy)-acetyl)-3-azabicyclo[3.3.1]nonan-7-yl)-2-((2S)-oxolan-2-yl)acetamide",,CCCCCCOCC(=O)N1C[C@@H]2C[C@@H](C[C@H](NC(=O)C[C@@H]3CCCO3)C2)C1,
80936,Cc1nnnn1CC(=O)N1CCc2[nH]nc(CNC(=O)[C@@H]3[C@@H](C)C[C@H]3C)c2C1,"(1r,2R,4S)-2,4-dimethyl-N-((5-(2-(5-methyl-1H-tetrazol-1-yl)-acetyl)-4,5,6,7-tetrahydro-1H-pyrazolo[4,3-c]pyridin-3-yl)methyl)cyclobutanecarboxamide",,Cc1nnnn1CC(=O)N1CCc2[nH]nc(CNC(=O)C3[C@H](C)C[C@@H]3C)c2C1,
80938,O=C(Cc1ccco1)N[C@@H]1C[C@H]1CNC(=O)[C@]1(c2ccccc2)C[C@H](O)C1,"2-(furan-2-yl)-N-((1R,2S)-2-((3-hydroxy-1-phenylcyclobutanecarboxamido)methyl)cyclopropyl)acetamide",O1C(=CC=C1)CC(=O)N[C@H]1[C@@H](C1)CNC(=O)C1(CC(C1)O)C1=CC=CC=C1,O=C(Cc1ccco1)N[C@@H]1C[C@H]1CNC(=O)[C@]1(c2ccccc2)C[C@H](O)C1,O=C(Cc1ccco1)N[C@@H]1C[C@H]1CNC(=O)C1(c2ccccc2)CC(O)C1
80951,CC1(C)C[C@H]1CC(=O)N[C@H]1C[C@@H]2CC[C@H](C1)N2C(=O)CCc1csc(=N)[nH]1,"2-((1S)-2,2-dimethylcyclopropyl)-N-((1R,3s,5S)-8-(3-(2-imino-3H-1,3-thiazol-4-yl)-propionyl)-8-azabicyclo[3.2.1]octan-3-yl)acetamide",,CC1(C)C[C@H]1CC(=O)N[C@@H]1C[C@H]2CC[C@@H](C1)N2C(=O)CCc1csc(N)n1,
80975,C[C@H](CC(=O)N[C@H]1C[C@@H]2C[C@H](C1)CN(C(=O)[C@@H](C)n1cccn1)C2)N(C)C,"(3R)-3-(dimethylamino)-N-((1R,5S,7S)-3-((2R)-1-oxo-2-(1H-pyrazol-1-yl)propyl)-3-azabicyclo[3.3.1]nonan-7-yl)butanamide",,CC(C(=O)N1C[C@@H]2C[C@@H](C[C@H](NC(=O)C[C@@H](C)N(C)C)C2)C1)n1cccn1,
80987,C[C@H]1C[C@@H](C)C[C@H]([C@H](C)NCC[C@H](C)CC(C)(C)C)C1,"(3R)-N-((1S)-1-((1r,3R,5S)-3,5-dimethylcyclohexyl)ethyl)-3,5,5-trimethylhexan-1-amine",,C[C@@H]1C[C@H](C)C[C@@H]([C@H](C)NCC[C@H](C)CC(C)(C)C)C1,
81072,CCSCC(=O)N[C@@H]1[C@@H](C)CN(C(=O)c2cnnc(O)c2)C[C@H]1C,"2-(ethylsulfanyl)-N-((3R,4r,5S)-1-((6-hydroxypyridazin-4-yl)carbonyl)-3,5-dimethylpiperidin-4-yl)acetamide",,CCSCC(=O)N[C@H]1[C@H](C)CN(C(=O)c2cn[nH]c(=O)c2)C[C@@H]1C,
81091,C[C@]1(NC(=O)[C@@H]2Cc3cccnc3C2)C[C@@H](NC(=O)[C@@H]2CC(C3CC3)=NO2)C1,"(5S)-3-cyclopropyl-N-((1S,3R)-3-((6R)-6,7-dihydro-5H-cyclopenta[b]pyridine-6-carboxamido)-3-methylcyclobutyl)-4,5-dihydro-1,2-oxazole-5-carboxamide",,C[C@]1(NC(=O)C2Cc3cccnc3C2)C[C@@H](NC(=O)C2CC(C3CC3)=NO2)C1,
81132,C[C@H]1[C@@H]2CN(C(=O)C3(CNC(=O)CCC[C@@H]4CCCO4)CCC3)C[C@H]12,"N-((1-(((1R,5S,6S)-6-methyl-3-azabicyclo[3.1.0]hexan-3-yl)carbonyl)cyclobutyl)methyl)-4-((2R)-oxolan-2-yl)butanamide",,C[C@@H]1[C@H]2CN(C(=O)C3(CNC(=O)CCC[C@@H]4CCCO4)CCC3)C[C@@H]12,
81198,CC[C@@H](CC(=O)N1CCN(CC(=O)NC[C@@H]2[C@H]3CCCC[C@H]32)CC1)C(C)C,"N-(((1R,6S,7r)-bicyclo[4.1.0]heptan-7-yl)methyl)-2-(4-((3S)-3-ethyl-4-methyl-pentanoyl)piperazin-1-yl)acetamide",,CC[C@@H](CC(=O)N1CCN(CC(=O)NC[C@H]2[C@@H]3CCCC[C@@H]32)CC1)C(C)C,
81224,O=C(NC[C@]1(F)CC[C@H](CNC(=O)c2nccc3occc23)CC1)C1=CCCS1,"N-(((1r,4r)-4-((4,5-dihydrothiophene-2-carboxamido)methyl)-4-fluorocyclohexyl)methyl)-7-oxa-3-azabicyclo[4.3.0]nona-1(6),2,4,8-tetraene-2-carboxamide",,O=C(NC[C@]1(F)CC[C@H](CNC(=O)c2nccc3occc23)CC1)C1=CCCS1,
81268,C[C@@H]1N(C(=O)C2(NC(=O)[C@@H]3[C@H]4CCCC[C@H]43)CCCCC2)CCC1(C)C,"(1R,6S,7r)-N-(1-(((2S)-2,3,3-trimethylpyrrolidin-1-yl)carbonyl)cyclohexyl)bicyclo[4.1.0]heptane-7-carboxamide",,C[C@@H]1N(C(=O)C2(NC(=O)C3[C@H]4CCCC[C@@H]34)CCCCC2)CCC1(C)C,
81335,CN1CC[C@H](CCC(=O)N[C@H]2C[C@@H]3CC[C@H](C2)N3C(=O)COCCCF)C1,"N-((1R,3s,5S)-8-(2-((3-fluoropropyl)oxy)-acetyl)-8-azabicyclo[3.2.1]octan-3-yl)-3-((3S)-1-methylpyrrolidin-3-yl)propanamide",,CN1CC[C@H](CCC(=O)N[C@@H]2C[C@H]3CC[C@@H](C2)N3C(=O)COCCCF)C1,
81336,CCN(C)CC=CC(=O)N1C[C@H]2[C@H](CNC(=O)[C@]3(C#N)CC3(C)C)[C@H]2C1,"(1R)-1-cyano-N-(((1R,5S,6r)-3-(4-((ethyl)(methyl)amino)-1-oxobut-2-en-1-yl)-3-azabicyclo[3.1.0]hexan-6-yl)methyl)-2,2-dimethylcyclopropanecarboxamide",,CCN(C)CC=CC(=O)N1C[C@@H]2[C@@H](CNC(=O)[C@]3(C#N)CC3(C)C)[C@@H]2C1,
81486,C[C@H]1[C@@H](C)[C@@H]1C(=O)N[C@H]1CN(C(=O)c2cc(Br)cnc2O)Cc2ccccc21,"(1r,2R,3S)-N-((4R)-2-((5-bromo-2-hydroxypyridin-3-yl)carbonyl)-1,2,3,4-tetrahydroisoquinolin-4-yl)-2,3-dimethylcyclopropanecarboxamide",,C[C@@H]1C(C(=O)N[C@H]2CN(C(=O)c3cc(Br)c[nH]c3=O)Cc3ccccc32)[C@@H]1C,
81509,N=c1ncn(CCC(=O)N[C@@H]2[C@H]3C[C@H](NC(=O)[C@@]4(CO)CCOC4)C[C@H]32)[nH]1,"N-((1R,3s,5S,6R)-3-((3R)-3-(hydroxymethyl)oxolane-3-carboxamido)bicyclo[3.1.0]hexan-6-yl)-3-(3-imino-1H,2H-1,2,4-triazol-1-yl)propanamide",,Nc1ncn(CCC(=O)N[C@H]2[C@@H]3C[C@@H](NC(=O)[C@@]4(CO)CCOC4)C[C@@H]32)n1,
81524,C#C[C@@H]1C[C@H]2CC[C@H]1N(C(=O)[C@@H](CC(F)F)N(C)C(=O)[C@@H]1[C@H]3CCC[C@H]31)C2,"(1R,5S,6r)-N-((2R)-1-((1R,4R,6S)-6-(ethynyl)-2-azabicyclo[2.2.2]octan-2-yl)-4,4-difluoro-1-oxobutan-2-yl)-N-methylbicyclo[3.1.0]hexane-6-carboxamide",,C#C[C@@H]1C[C@H]2CC[C@H]1N(C(=O)C(CC(F)F)N(C)C(=O)C1[C@H]3CCC[C@@H]13)C2,
81542,CSCCCCC(=O)N[C@H]1CCN(C(=O)[C@H]2C[C@@H]3CCC[C@@H]3C2)[C@@H](C)C1,"N-((2S,4S)-2-methyl-1-(((2s,3aR,6aS)-octahydropentalen-2-yl)carbonyl)piperidin-4-yl)-5-(methylsulfanyl)pentanamide",,CSCCCCC(=O)N[C@H]1CCN(C(=O)C2C[C@H]3CCC[C@H]3C2)[C@@H](C)C1,
81552,CCOC(=O)[C@H]1C[C@@](F)(C(=O)N(C)C[C@@](C)(F)c2ccccc2)C1,"ethyl (1S,3r)-3-fluoro-3-(((2S)-2-fluoro-2-phenylpropyl)(methyl)carbamoyl)cyclobutanecarboxylate",,CCOC(=O)C1CC(F)(C(=O)N(C)C[C@@](C)(F)c2ccccc2)C1,
81582,C=CCC1(C(=O)N2C[C@H]3C[C@@H](C(=O)N4CC(O)(C(F)F)C4)C[C@H]3C2)CC=CC1,"1-(3-(difluoromethyl)-3-hydroxyazetidin-1-yl)-1-((1R,5S,7r)-3-((1-(prop-2-en-1-yl)cyclopent-3-en-1-yl)carbonyl)-3-azabicyclo[3.3.0]octan-7-yl)methanone",,C=CCC1(C(=O)N2C[C@H]3CC(C(=O)N4CC(O)(C(F)F)C4)C[C@H]3C2)CC=CC1,
81593,O=C(N[C@@H]1C[C@@H]2CC[C@H](C1)N2C(=O)[C@@H]1C[C@@H]2CCC[C@H]21)C(C(F)(F)F)C(F)(F)F,"N-((1R,3R,5S)-8-(((1S,5R,6R)-bicyclo[3.2.0]heptan-6-yl)carbonyl)-8-azabicyclo[3.2.1]octan-3-yl)-3,3,3-trifluoro-2-(trifluoromethyl)propanamide",,O=C(N[C@H]1C[C@H]2CC[C@@H](C1)N2C(=O)C1C[C@@H]2CCC[C@@H]12)C(C(F)(F)F)C(F)(F)F,
81600,C=CCCC(=O)NC[C@]1(F)C[C@H](CNC(=O)[C@H](O)C2CCC(C(F)(F)F)CC2)C1,"N-(((1R,3r)-1-fluoro-3-(((2R)-2-hydroxy-2-(4-(trifluoromethyl)cyclohexyl)acetamido)methyl)cyclobutyl)methyl)pent-4-enamide",,C=CCCC(=O)NC[C@]1(F)C[C@H](CNC(=O)C(O)C2CCC(C(F)(F)F)CC2)C1,
81646,C[C@H]1CCC[C@@H](C)[C@@H]1NS(=O)(=O)c1nc(N2CCC(C3CCC3)CC2)ccc1Br,"(1r,2R,6S)-N-(3-bromo-6-(4-cyclobutylpiperidin-1-yl)pyridin-2-ylsulfonyl)-2,6-dimethylcyclohexanamine",,C[C@@H]1CCC[C@H](C)[C@H]1NS(=O)(=O)c1nc(N2CCC(C3CCC3)CC2)ccc1Br,
81675,O=C(NC[C@]1(F)C[C@@H](C(=O)O)C1)[C@@H]1CCc2ccnn2C1,"(1S,3s)-3-fluoro-3-(((6R)-4,5,6,7-tetrahydropyrazolo[1,5-a]pyridine-6-carboxamido)methyl)cyclobutanecarboxylic acid",,O=C(O)C1CC(F)(CNC(=O)C2CCc3ccnn3C2)C1,
81704,Cc1cc(C(=O)N2CCC[C@H]3CC4(CC[C@H]32)OCCO4)cnc1C,"1-((4aS,8aR)-decahydro-1',3'-dioxaspiro[quinoline-6,2'-cyclopentane]-1-yl)-1-(5,6-dimethylpyridin-3-yl)methanone",,Cc1cc(C(=O)N2CCC[C@H]3CC4(CC[C@H]32)OCCO4)cnc1C,
81713,C#C[C@]1(O)C[C@@H](C(=O)N2C[C@H]3C[C@@H]2[C@H]3C(=O)NC2CCN(C3CC3)CC2)C1,"(1R,4S,5S)-N-(1-cyclopropylpiperidin-4-yl)-2-(((1s,3S)-3-(ethynyl)-3-hydroxycyclobutyl)carbonyl)-2-azabicyclo[2.1.1]hexane-5-carboxamide",,C#CC1(O)CC(C(=O)N2C[C@H]3C[C@@H]2C3C(=O)NC2CCN(C3CC3)CC2)C1,
81719,CCCC=C[C@@H](O)C(=O)N1C[C@H]2[C@H](CNC(=O)c3cc(=O)c(OC)cn3C)[C@H]2C1,"N-(((1R,5S,6R)-3-((2R)-2-hydroxy-1-oxohept-3-en-1-yl)-3-azabicyclo[3.1.0]hexan-6-yl)methyl)-5-methoxy-1-methyl-4-oxo-1H-pyridine-2-carboxamide",,CCC=CCC(O)C(=O)N1C[C@@H]2[C@@H](CNC(=O)c3cc(=O)c(OC)cn3C)[C@@H]2C1,
81763,C[C@H](CF)CC(=O)N[C@]1(C)C[C@@H](NC(=O)Cc2ccc3c[nH]nc3c2)C1,"(3S)-4-fluoro-N-((1r,3S)-3-(2-(2H-indazol-6-yl)acetamido)-1-methylcyclobutyl)-3-methylbutanamide",,C[C@H](CF)CC(=O)N[C@]1(C)C[C@@H](NC(=O)Cc2ccc3c[nH]nc3c2)C1,
81767,Cc1cc(F)cc(C)c1C(=O)N[C@H]1C[C@](F)(CNC(=O)C[C@@H]2C[C@@H]3COC[C@@H]32)C1,"4-fluoro-N-((1R,3s)-3-fluoro-3-((2-((1S,5R,6S)-3-oxabicyclo[3.2.0]heptan-6-yl)acetamido)methyl)cyclobutyl)-2,6-dimethylbenzamide",,Cc1cc(F)cc(C)c1C(=O)N[C@H]1C[C@](F)(CNC(=O)C[C@@H]2C[C@@H]3COC[C@H]23)C1,
81802,O=C(N[C@@H]1CCN(C(=O)C2(F)CC2)C[C@H](O)C1)[C@@H]1C[C@@H]2CS(=O)(=O)C[C@@H]2C1,"(1R,5S,7r)-N-((4R,6R)-1-((1-fluorocyclopropyl)carbonyl)-6-hydroxyazepan-4-yl)-3,3-dioxo-3lambda^6-thiabicyclo[3.3.0]octane-7-carboxamide",,O=C(N[C@@H]1CCN(C(=O)C2(F)CC2)C[C@H](O)C1)C1C[C@@H]2CS(=O)(=O)C[C@@H]2C1,
81870,Cc1ncccc1C(=O)N1C[C@H]2[C@@H](C1)[C@@H]2C(=O)N(C)[C@H]1CCC[C@@H]1C,"(1R,5S,6r)-N-methyl-N-((1S,2S)-2-methylcyclopentyl)-3-((2-methylpyridin-3-yl)carbonyl)-3-azabicyclo[3.1.0]hexane-6-carboxamide",,Cc1ncccc1C(=O)N1C[C@@H]2C(C(=O)N(C)[C@H]3CCC[C@@H]3C)[C@@H]2C1,
81883,O=C(N[C@H](C(=O)O)[C@H]1C[C@@H]2C[C@@H]2C1)c1cc2c(ccc3ccccc32)[nH]1,"(2S)-2-(11-azatricyclo[8.3.0.0^{2,7}]trideca-1(10),2,4,6,8,12-hexaene-12-carboxamido)-2-((1R,3s,5S)-bicyclo[3.1.0]hexan-3-yl)acetic acid",,O=C(NC(C(=O)O)[C@H]1C[C@@H]2C[C@@H]2C1)c1cc2c(ccc3ccccc32)[nH]1,
81899,CC[C@@H](NC(N)=O)C(=O)N[C@]1(C)C[C@H](NC(=O)c2c[nH]cc2C(F)(F)F)C1,"(2R)-2-(carbamoylamino)-N-((1s,3S)-1-methyl-3-(4-(trifluoromethyl)-1H-pyrrole-3-carboxamido)cyclobutyl)butanamide",,CCC(NC(N)=O)C(=O)N[C@]1(C)C[C@H](NC(=O)c2c[nH]cc2C(F)(F)F)C1,
81977,CCN1CCCC[C@H]1C(=O)N1CCC2(CC1)OC(=O)c1ncccc12,"spiro[8-oxa-2-azabicyclo[4.3.0]nona-1,3,5-triene-7,4'-(1-(1-azacyclohexan-1-yl)-1-((2S)-1-ethylpiperidin-2-yl)methanone)]-9-one",,CCN1CCCCC1C(=O)N1CCC2(CC1)OC(=O)c1ncccc12,
81984,C=CCCC1(C(=O)N2C[C@H]3[C@H](CC(=O)N[C@H](C)CN(CC)CC)[C@H]3C2)CC1,"2-((1R,5S,6s)-3-((1-(but-3-en-1-yl)cyclopropyl)carbonyl)-3-azabicyclo[3.1.0]hexan-6-yl)-N-((2R)-1-(diethylamino)propan-2-yl)acetamide",,C=CCCC1(C(=O)N2C[C@@H]3[C@@H](CC(=O)N[C@H](C)CN(CC)CC)[C@@H]3C2)CC1,
82012,C[C@H](NC(=O)CN[C@]1(c2c(F)cccc2F)C[C@H](O)C1)c1ccccc1Cl,"N-((1S)-1-(2-chlorophenyl)ethyl)-2-(((1s,3R)-1-(2,6-difluorophenyl)-3-hydroxycyclobutyl)amino)acetamide",,C[C@H](NC(=O)CN[C@]1(c2c(F)cccc2F)C[C@H](O)C1)c1ccccc1Cl,
82040,CN(C)CC=CC(=O)N1C[C@H]2C[C@H](NC(=O)C[C@@H]3CCC(F)(F)C3)C[C@H]2C1,"2-((1S)-3,3-difluorocyclopentyl)-N-((1R,5S,7s)-3-(4-(dimethylamino)-1-oxobut-2-en-1-yl)-3-azabicyclo[3.3.0]octan-7-yl)acetamide",,CN(C)CC=CC(=O)N1C[C@H]2C[C@H](NC(=O)C[C@@H]3CCC(F)(F)C3)C[C@H]2C1,
82053,NC(=O)NC[C@@H]1CCCN1C(=O)[C@H]1CCN1C(=O)[C@H]1C[C@H]2[C@@H](C1)C2(F)F,"1-amino-N-(((2S)-1-(((2R)-1-(((1R,3s,5S)-6,6-difluorobicyclo[3.1.0]hexan-3-yl)carbonyl)azetidin-2-yl)carbonyl)pyrrolidin-2-yl)methyl)formamide",,NC(=O)NC[C@@H]1CCCN1C(=O)C1CCN1C(=O)C1C[C@@H]2[C@H](C1)C2(F)F,
82112,CC(C)(C)C(=O)NC[C@@]1(CNC(=O)C2(CCF)CC2)C[C@@H]2CCC[C@@H]2C1,"N-(((2r,3aR,6aS)-2-((1-(2-fluoroethyl)cyclopropanecarboxamido)methyl)octahydropentalen-2-yl)methyl)-2,2-dimethylpropanamide",,CC(C)(C)C(=O)NC[C@]1(CNC(=O)C2(CCF)CC2)C[C@H]2CCC[C@H]2C1,
82114,Cc1ccc(C=CC(=O)NC[C@@H]2CN(C(=O)[C@@H]3C[C@@H]4C[C@@H]4C3)CC23CC3)o1,"N-(((7R)-5-(((1R,3r,5S)-bicyclo[3.1.0]hexan-3-yl)carbonyl)-5-azaspiro[2.4]heptan-7-yl)methyl)-3-(5-methylfuran-2-yl)prop-2-enamide",,Cc1ccc(C=CC(=O)NC[C@@H]2CN(C(=O)C3C[C@@H]4C[C@@H]4C3)CC23CC3)o1,
82132,Cn1cc(C(=O)N[C@@H]2C[C@@H]3CC[C@H](C2)N3C(=O)CCO[C@@H]2CCOC2)nn1,"1-methyl-N-((1R,3R,5S)-8-(1-oxo-3-(((3R)-oxolan-3-yl)oxy)propyl)-8-azabicyclo[3.2.1]octan-3-yl)-1H-1,2,3-triazole-4-carboxamide",,Cn1cc(C(=O)N[C@H]2C[C@H]3CC[C@@H](C2)N3C(=O)CCO[C@@H]2CCOC2)nn1,
82198,CC1=C(C)C[C@@H](C(=O)N[C@]2(C)C[C@H](C(=O)N(C)CC3CN(C)C3)C2)CC1,"(1S)-3,4-dimethyl-N-((1s,3R)-1-methyl-3-(((1-methylazetidin-3-yl)methyl)(methyl)carbamoyl)cyclobutyl)cyclohex-3-ene-1-carboxamide",,CC1=C(C)CC(C(=O)NC2(C)CC(C(=O)N(C)CC3CN(C)C3)C2)CC1,
82206,CC[C@H](C)C(=O)N[C@H]1CC2(CN(C(=O)c3cnnc(C4CC4)c3)C2)n2ccnc21,"(2S)-2-methyl-N-((6S)-spiro[1,4-diazabicyclo[3.3.0]octa-2,4-diene-8,3'-(1-(1-azacyclobutan-1-yl)-1-(6cyclopropylpyridazin-4-yl)methanone)]-6-yl)butanamide",,CCC(C)C(=O)N[C@H]1CC2(CN(C(=O)c3cnnc(C4CC4)c3)C2)n2ccnc21,
82214,CS[C@@H](C)CN(C)C(=O)c1ccnc(CNC(=O)[C@@H]2[C@H]3CCCCC[C@H]32)c1,"2-(((1R,7S,8r)-bicyclo[5.1.0]octane-8-carboxamido)methyl)-N-methyl-N-((2S)-2-(methylsulfanyl)propyl)pyridine-4-carboxamide",,CS[C@@H](C)CN(C)C(=O)c1ccnc(CNC(=O)C2[C@H]3CCCCC[C@@H]23)c1,
82259,CC(C)c1nccn1CC(=O)N1[C@H]2CC[C@@H]1C[C@@H](N(C)C(=O)c1coc(Cl)c1)C2,"5-chloro-N-methyl-N-((1R,3s,5S)-8-(1-oxo-2-(2-(propan-2-yl)-1H-imidazol-1-yl)ethyl)-8-azabicyclo[3.2.1]octan-3-yl)furan-3-carboxamide",,CC(C)c1nccn1CC(=O)N1[C@@H]2CC[C@H]1C[C@H](N(C)C(=O)c1coc(Cl)c1)C2,
82320,CC1(C)C[C@H](CC(=O)N2[C@H]3CC[C@@H]2C[C@H](NC(=O)c2cccnc2Cl)C3)CO1,"2-chloro-N-((1R,3R,5S)-8-(2-((3R)-5,5-dimethyloxolan-3-yl)-acetyl)-8-azabicyclo[3.2.1]octan-3-yl)pyridine-3-carboxamide",,CC1(C)C[C@H](CC(=O)N2[C@@H]3CC[C@H]2C[C@@H](NC(=O)c2cccnc2Cl)C3)CO1,
82404,C[C@H]1[C@@H](C)[C@@H]1C(=O)N[C@]1(C)CCCN(C(=O)c2cccc3ccsc23)C1,"(1r,2R,3S)-N-((3R)-1-((1-benzothiophen-7-yl)carbonyl)-3-methylpiperidin-3-yl)-2,3-dimethylcyclopropanecarboxamide",,C[C@@H]1C(C(=O)N[C@]2(C)CCCN(C(=O)c3cccc4ccsc34)C2)[C@@H]1C,
82437,CCC[C@H](CC)CC(=O)NC[C@]1(F)C[C@H](NC(=O)c2c(Cl)nc3ccccn23)C1,"(3S)-N-(((1r,3S)-3-(2-chloroimidazo[1,2-a]pyridine-3-carboxamido)-1-fluorocyclobutyl)methyl)-3-ethylhexanamide",,CCC[C@H](CC)CC(=O)NC[C@]1(F)C[C@H](NC(=O)c2c(Cl)nc3ccccn23)C1,
82488,CN=c1nc(N2CC=CCC2)[nH]c(=NC[C@]2(c3ccccc3)C[C@@H](F)C2)[nH]1,"N-(((1r,3r)-3-fluoro-1-phenylcyclobutyl)methyl)-N'-methyl-6-(1,2,3,6-tetrahydropyridin-1-yl)-1H,3H-1,3,5-triazine-2,4-diimine",,CNc1nc(NC[C@]2(c3ccccc3)C[C@@H](F)C2)nc(N2CC=CCC2)n1,
82605,O=C(C[C@H]1[C@@H]2CN(C(=O)c3cc(F)cc(F)c3)C[C@H]12)NCC[C@@H]1CCCOC1,"2-((1R,5S,6s)-3-((3,5-difluorophenyl)carbonyl)-3-azabicyclo[3.1.0]hexan-6-yl)-N-(2-((3S)-oxan-3-yl)ethyl)acetamide",,O=C(C[C@@H]1[C@H]2CN(C(=O)c3cc(F)cc(F)c3)C[C@@H]12)NCC[C@@H]1CCCOC1,
82615,CCC(=O)N1CC[C@H](C(=O)N[C@H]2C[C@@H]3CC[C@H](C2)N3C(=O)[C@H]2COC(=O)N2)C1,"(3S)-N-((1R,3S,5S)-8-(((4R)-2-oxo-1,3-oxazolidin-4-yl)carbonyl)-8-azabicyclo[3.2.1]octan-3-yl)-1-(propionyl)pyrrolidine-3-carboxamide",,CCC(=O)N1CCC(C(=O)N[C@@H]2C[C@H]3CC[C@@H](C2)N3C(=O)C2COC(=O)N2)C1,
82625,COC[C@@H](O)C(=O)N[C@H]1C[C@]2(CCCCN2C(=O)[C@@H]2[C@H]3COC[C@H]32)C1,"(2R)-2-hydroxy-3-methoxy-N-(5-(((1R,5S,6r)-3-oxabicyclo[3.1.0]hexan-6-yl)carbonyl)-5-azaspiro[3.5]nonan-2-yl)propanamide",,COCC(O)C(=O)N[C@H]1C[C@]2(CCCCN2C(=O)C2[C@H]3COC[C@@H]23)C1,
82637,COc1cc(NS(C)(=O)=O)ccc1NC(=O)[C@H]1[C@H]2CN(C(=O)c3cccs3)C[C@H]21,"(1R,5S,6s)-N-(2-methoxy-4-methylsulfonylaminophenyl)-3-((thiophen-2-yl)carbonyl)-3-azabicyclo[3.1.0]hexane-6-carboxamide",,COc1cc(NS(C)(=O)=O)ccc1NC(=O)C1[C@H]2CN(C(=O)c3cccs3)C[C@@H]12,
82712,CCNc1cccnc1C(=O)N[C@H]1C[C@@H]2CC[C@H](C1)N2C(=O)C(C)(C)OC,"3-(ethylamino)-N-((1R,3s,5S)-8-(2-methoxy-2-methyl-propionyl)-8-azabicyclo[3.2.1]octan-3-yl)pyridine-2-carboxamide",,CCNc1cccnc1C(=O)N[C@@H]1C[C@H]2CC[C@@H](C1)N2C(=O)C(C)(C)OC,
82766,CC(C)(F)C(=O)N[C@@H]1[C@H]2CCN(C(=O)c3conc3C3CCC3)CC[C@H]21,"N-((1R,7S,8r)-4-((3-cyclobutyl-1,2-oxazol-4-yl)carbonyl)-4-azabicyclo[5.1.0]octan-8-yl)-2-fluoro-2-methylpropanamide",,CC(C)(F)C(=O)N[C@H]1[C@@H]2CCN(C(=O)c3conc3C3CCC3)CC[C@@H]21,
82828,O=C([C@H]1[C@H]2CN(Cc3ccncc3O)C[C@H]21)N1[C@H]2CC[C@@H]1C[C@H](O)C2,"1-((1R,3r,5S)-3-hydroxy-8-azabicyclo[3.2.1]octan-8-yl)-1-((1R,5S,6s)-3-((3-hydroxypyridin-4-yl)methyl)-3-azabicyclo[3.1.0]hexan-6-yl)methanone",,O=C(C1[C@H]2CN(Cc3ccncc3O)C[C@@H]12)N1[C@@H]2CC[C@H]1C[C@@H](O)C2,
82829,CO[C@@H]1C[C@H]1C(=O)NC[C@H]1C[C@](F)(CNC(=O)c2ccccc2N(C)C(C)=O)C1,"N-(((1S,3s)-1-fluoro-3-(((1R,2R)-2-methoxycyclopropanecarboxamido)methyl)cyclobutyl)methyl)-2-(N-methylacetamido)benzamide",,CO[C@@H]1CC1C(=O)NC[C@H]1C[C@](F)(CNC(=O)c2ccccc2N(C)C(C)=O)C1,
82853,C[C@@H]1[C@H](C(=O)N2CCCC[C@@H](NC(=O)c3sccc3-n3cnnn3)C2)[C@@H]1C,"N-((3R)-1-(((1s,2R,3S)-2,3-dimethylcyclopropyl)carbonyl)azepan-3-yl)-3-(1H-tetrazol-1-yl)thiophene-2-carboxamide",,C[C@@H]1C(C(=O)N2CCCC[C@@H](NC(=O)c3sccc3-n3cnnn3)C2)[C@@H]1C,
82940,CCN1CCOC[C@H]1CC(=O)NC[C@]1(F)C[C@H](Nc2cc(F)ncn2)C1,"2-((3R)-4-ethylmorpholin-3-yl)-N-(((1r,3R)-1-fluoro-3-((6-fluoropyrimidin-4-yl)amino)cyclobutyl)methyl)acetamide",,CCN1CCOC[C@H]1CC(=O)NC[C@]1(F)C[C@H](Nc2cc(F)ncn2)C1,
82945,O=C([C@H]1[C@@H]2CS(=O)(=O)C[C@@H]21)N1CC2(CCN(C(=O)C3(C4(O)CCC4)CC3)C2)C1,"1-((1R,5S,6s)-3,3-dioxo-3lambda^6-thiabicyclo[3.1.0]hexan-6-yl)-1-(6-((1-(1-hydroxycyclobutyl)cyclopropyl)carbonyl)-2,6-diazaspiro[3.4]octan-2-yl)methanone",,O=C(C1[C@H]2CS(=O)(=O)C[C@@H]12)N1CC2(CCN(C(=O)C3(C4(O)CCC4)CC3)C2)C1,
82979,Cc1ccoc1CC(=O)N[C@]1(C)C[C@H](NC(=O)[C@@H](C)c2ccc(C#N)cc2)C1,"(2S)-N-((1s,3R)-3-methyl-3-(2-(3-methylfuran-2-yl)acetamido)cyclobutyl)-2-(4-(nitrilomethyl)phenyl)propanamide",,Cc1ccoc1CC(=O)N[C@]1(C)C[C@H](NC(=O)C(C)c2ccc(C#N)cc2)C1,
83045,O=C(C[C@H]1[C@@H]2CN(C(=O)c3ccc(F)c(O)c3)C[C@H]12)N[C@H]1C[C@H](O)[C@H](O)C1,"N-((1s,3R,4S)-3,4-dihydroxycyclopentyl)-2-((1R,5S,6s)-3-((4-fluoro-3-hydroxyphenyl)carbonyl)-3-azabicyclo[3.1.0]hexan-6-yl)acetamide",,O=C(C[C@@H]1[C@H]2CN(C(=O)c3ccc(F)c(O)c3)C[C@@H]12)N[C@@H]1C[C@@H](O)[C@@H](O)C1,
83101,CN1CCO[C@@H](C(=O)N2C[C@H]3[C@H](NC(=O)C4CC(=O)NC(=O)C4)[C@H]3C2)C1,"N-((1R,5S,6S)-3-(((2R)-4-methylmorpholin-2-yl)carbonyl)-3-azabicyclo[3.1.0]hexan-6-yl)-2,6-dioxopiperidine-4-carboxamide",,CN1CCOC(C(=O)N2C[C@@H]3[C@H](C2)[C@H]3NC(=O)C2CC(=O)NC(=O)C2)C1,
83201,C[C@]1(CC(=O)N[C@H]2C[C@H]3C[C@@H](NC(=O)c4c[nH]nc4C(F)F)C[C@H]3C2)CCCO1,"N-((2s,3aR,5R,6aS)-5-(3-(difluoromethyl)-1H-pyrazole-4-carboxamido)octahydropentalen-2-yl)-2-((2R)-2-methyloxolan-2-yl)acetamide",,C[C@]1(CC(=O)N[C@@H]2C[C@@H]3C[C@H](NC(=O)c4c[nH]nc4C(F)F)C[C@@H]3C2)CCCO1,
83206,NC(=O)c1ncc(C(=O)N[C@H]2[C@@H]3CN(C(=O)CCO[C@@H]4CCCOC4)C[C@@H]32)s1,"N'-((1R,5S,6S)-3-(3-(((3R)-oxan-3-yl)oxy)-propionyl)-3-azabicyclo[3.1.0]hexan-6-yl)-1,3-thiazole-2,5-dicarboxamide",,NC(=O)c1ncc(C(=O)N[C@H]2[C@@H]3CN(C(=O)CCO[C@@H]4CCCOC4)C[C@@H]32)s1,
83222,CC1(C)C[C@@H]1CC(=O)N[C@]1(C)C[C@H](NC(=O)C(=O)Nc2ccc(Cl)cc2)C1,"N'-(4-chlorophenyl)-N-((1S,3s)-3-(2-((1R)-2,2-dimethylcyclopropyl)acetamido)-3-methylcyclobutyl)ethanediamide",,CC1(C)C[C@@H]1CC(=O)N[C@]1(C)C[C@H](NC(=O)C(=O)Nc2ccc(Cl)cc2)C1,
83260,CC[C@](C)(CCNC(=O)C1CN(C2COC2)C1)NC(=O)[C@@H]1[C@H]2COC[C@H]21,"N-((3R)-3-methyl-3-((1R,5S,6r)-3-oxabicyclo[3.1.0]hexane-6-carboxamido)pentyl)-1-(oxetan-3-yl)azetidine-3-carboxamide",,CC[C@](C)(CCNC(=O)C1CN(C2COC2)C1)NC(=O)C1[C@H]2COC[C@@H]12,
83265,Cc1cocc1C(=O)N(C)[C@H]1[C@@H]2CN(C(=O)CC3(O)CCCC3)C[C@@H]21,"N-((1R,5S,6s)-3-(2-(1-hydroxycyclopentyl)-acetyl)-3-azabicyclo[3.1.0]hexan-6-yl)-4,N-dimethylfuran-3-carboxamide",,Cc1cocc1C(=O)N(C)[C@H]1[C@@H]2CN(C(=O)CC3(O)CCCC3)C[C@@H]21,
83279,CN(C)c1ccc(CN2C[C@@H]3[C@H](C2)[C@@H]3NC(=O)c2cc3cccnc3[nH]2)c(Cl)c1,"N-((1R,5S,6r)-3-((2-chloro-4-(dimethylamino)phenyl)methyl)-3-azabicyclo[3.1.0]hexan-6-yl)-1H-pyrrolo[2,3-b]pyridine-2-carboxamide",,CN(C)c1ccc(CN2C[C@@H]3[C@H](C2)[C@@H]3NC(=O)c2cc3cccnc3[nH]2)c(Cl)c1,
83285,COc1ccnc(O)c1C(=O)N[C@H]1C[C@@H]2CC[C@H](C1)N2C(=O)[C@@H](C)C1CCC1,"N-((1R,3R,5S)-8-((2S)-2-cyclobutyl-propionyl)-8-azabicyclo[3.2.1]octan-3-yl)-2-hydroxy-4-methoxypyridine-3-carboxamide",,COc1cc[nH]c(=O)c1C(=O)N[C@@H]1C[C@H]2CC[C@@H](C1)N2C(=O)C(C)C1CCC1,
83289,CCCC[C@@H](CNC(=O)CN1CCC(C)(C)CC1)NC(=O)[C@H]1C[C@H]2[C@@H](C1)C2(C)C,"N-((2S)-2-((1R,3s,5S)-6,6-dimethylbicyclo[3.1.0]hexane-3-carboxamido)hexyl)-2-(4,4-dimethylpiperidin-1-yl)acetamide",,CCCC[C@@H](CNC(=O)CN1CCC(C)(C)CC1)NC(=O)C1C[C@@H]2[C@H](C1)C2(C)C,
83291,CC(C)(C)[C@@H]1CC(C(=O)N[C@@H]2CC[C@H](CNC(=O)[C@@H]3C[C@@H]4C[C@@H]4C3)C2)=NO1,"(5S)-N-((1R,3S)-3-(((1R,3r,5S)-bicyclo[3.1.0]hexane-3-carboxamido)methyl)cyclopentyl)-5-(tert-butyl)-4,5-dihydro-1,2-oxazole-3-carboxamide",,CC(C)(C)[C@@H]1CC(C(=O)N[C@@H]2CC[C@H](CNC(=O)C3C[C@@H]4C[C@@H]4C3)C2)=NO1,
83312,CC(C)c1n[nH]cc1C(=O)NCC#CC(=O)N[C@H]1C[C@H](O)[C@H](O)C1,"N-(4-(((1s,3R,4S)-3,4-dihydroxycyclopentyl)amino)-4-oxobut-2-yn-1-yl)-3-(propan-2-yl)-1H-pyrazole-4-carboxamide",,CC(C)c1[nH]ncc1C(=O)NCC#CC(=O)N[C@@H]1C[C@@H](O)[C@@H](O)C1,
83318,CCN1CC[C@@H](N=c2[nH]c(=N[C@H]3C[C@H]4CSC[C@H](C4)C3)[nH]c3cc[nH]c23)C1,"N'-((3R)-1-ethylpyrrolidin-3-yl)-N-((1R,5S,7s)-3-thiabicyclo[3.3.1]nonan-7-yl)-2,4,7-triazabicyclo[4.3.0]nona-1(6),8-diene-3,5-diimine",,CCN1CC[C@@H](Nc2nc(N[C@@H]3C[C@@H]4CSC[C@@H](C4)C3)nc3cc[nH]c23)C1,
83336,CC[C@H](C)[C@H](O)C(=O)N[C@]1(C)C[C@H](NC(=O)[C@H]2CCCN2c2nccs2)C1,"(2S,3S)-2-hydroxy-3-methyl-N-((1S,3R)-1-methyl-3-((2R)-1-(1,3-thiazol-2-yl)pyrrolidine-2-carboxamido)cyclobutyl)pentanamide",,CCC(C)C(O)C(=O)N[C@]1(C)C[C@H](NC(=O)C2CCCN2c2nccs2)C1,
83366,CSc1ccc(CC(=O)N[C@@H]2C[C@@H]3CC[C@H](C2)N3C(=O)C(C)(C)CO)cc1,"N-((1R,3r,5S)-8-(3-hydroxy-2,2-dimethyl-propionyl)-8-azabicyclo[3.2.1]octan-3-yl)-2-(4-(methylsulfanyl)phenyl)acetamide",,CSc1ccc(CC(=O)N[C@H]2C[C@H]3CC[C@@H](C2)N3C(=O)C(C)(C)CO)cc1,
83375,CCCN(C)CC(=O)N1C[C@H]2[C@H](N(C)C(=O)c3c[nH]cc(Br)c3=O)[C@H]2C1,"5-bromo-N-methyl-N-((1R,5S,6s)-3-(2-((methyl)(propyl)amino)-acetyl)-3-azabicyclo[3.1.0]hexan-6-yl)-4-oxo-1H-pyridine-3-carboxamide",,CCCN(C)CC(=O)N1C[C@@H]2[C@H](C1)[C@H]2N(C)C(=O)c1c[nH]cc(Br)c1=O,
83378,CO[C@@H]1CC[C@]2(C(=O)N[C@H]3C[C@@](C)(NC(=O)c4ccc5c(c4)CCO5)C3)C[C@H]12,"N-((1R,3s)-3-((1S,4R,5S)-4-methoxybicyclo[3.1.0]hexane-1-carboxamido)-1-methylcyclobutyl)-2,3-dihydro-1-benzofuran-5-carboxamide",,CO[C@@H]1CC[C@]2(C(=O)N[C@H]3C[C@@](C)(NC(=O)c4ccc5c(c4)CCO5)C3)C[C@H]12,
83394,C#CCOCCC(=O)NC[C@]1(F)C[C@H](NC(=O)c2cc(C#N)cs2)C1,"N-(((1r,3r)-3-(4-cyanothiophene-2-carboxamido)-1-fluorocyclobutyl)methyl)-3-((prop-2-yn-1-yl)oxy)propanamide",,C#CCOCCC(=O)NC[C@]1(F)C[C@H](NC(=O)c2cc(C#N)cs2)C1,
83430,CC(=O)c1cn(CC(=O)NC[C@H]2[C@@H]3CN(C(=O)c4cc(C)ns4)C[C@H]23)nn1,"2-(4-(acetyl)-1H-1,2,3-triazol-1-yl)-N-(((1R,5S,6r)-3-((3-methyl-1,2-thiazol-5-yl)carbonyl)-3-azabicyclo[3.1.0]hexan-6-yl)methyl)acetamide",,CC(=O)c1cn(CC(=O)NC[C@@H]2[C@H]3CN(C(=O)c4cc(C)ns4)C[C@@H]23)nn1,
83436,C[C@H]1C[C@@H](C)C[C@H]([C@H](C(=O)NC(C)(C)C)N2CCO[C@H]3[C@H](OC(C)(C)C)C[C@H]32)C1,"(2R)-2-((1R,6R,8R)-8-(tert-butoxy)-2-oxa-5-azabicyclo[4.2.0]octan-5-yl)-N-(tert-butyl)-2-((1r,3R,5S)-3,5-dimethylcyclohexyl)acetamide",,C[C@@H]1C[C@H](C)C[C@@H](C(C(=O)NC(C)(C)C)N2CCO[C@@H]3[C@H]2C[C@H]3OC(C)(C)C)C1,
83452,CC1=C(C(=O)N2C[C@H]3[C@H](NC(=O)[C@@H](CC4CCCC4)C(C)C)[C@H]3C2)SCCO1,"(2S)-2-(cyclopentylmethyl)-3-methyl-N-((1R,5S,6s)-3-((2-methyl-5,6-dihydro-1,4-oxathiin-3-yl)carbonyl)-3-azabicyclo[3.1.0]hexan-6-yl)butanamide",,CC1=C(C(=O)N2C[C@@H]3[C@H](C2)[C@H]3NC(=O)C(CC2CCCC2)C(C)C)SCCO1,
83493,CC1=NO[C@@H](C(=O)N2C[C@H]3[C@H](N(C)C(=O)CCc4ccc(Cl)cc4Cl)[C@H]3C2)C1,"3-(2,4-dichlorophenyl)-N-methyl-N-((1R,5S,6S)-3-(((5R)-3-methyl-4,5-dihydro-1,2-oxazol-5-yl)carbonyl)-3-azabicyclo[3.1.0]hexan-6-yl)propanamide",,CC1=NOC(C(=O)N2C[C@@H]3[C@H](C2)[C@H]3N(C)C(=O)CCc2ccc(Cl)cc2Cl)C1,
83574,CC[C@H]1CC[C@@H](C(=O)NCCC(=O)NC[C@H]2[C@@H]3COC[C@H]23)O1,"(2S,5S)-5-ethyl-N-(3-((((1R,5S,6s)-3-oxabicyclo[3.1.0]hexan-6-yl)methyl)amino)-3-oxopropyl)oxolane-2-carboxamide",,CC[C@H]1CCC(C(=O)NCCC(=O)NC[C@@H]2[C@H]3COC[C@@H]23)O1,
83624,CCCc1ccc(C(=O)N[C@H]2C[C@H]3C[C@@H](NC(=O)[C@@H](C)OCC4CC4)C[C@H]3C2)[nH]1,"N-((2S,3aR,5r,6aS)-5-((2R)-2-(cyclopropylmethoxy)propanamido)octahydropentalen-2-yl)-5-propyl-1H-pyrrole-2-carboxamide",,CCCc1ccc(C(=O)N[C@@H]2C[C@@H]3C[C@H](NC(=O)C(C)OCC4CC4)C[C@@H]3C2)[nH]1,
83701,Cc1cccnc1CCC(=O)N[C@H]1[C@@H]2CN(C(=O)c3nn(C)c(Cl)c3Cl)C[C@@H]21,"N-((1R,5S,6s)-3-((4,5-dichloro-1-methyl-1H-pyrazol-3-yl)carbonyl)-3-azabicyclo[3.1.0]hexan-6-yl)-3-(3-methylpyridin-2-yl)propanamide",,Cc1cccnc1CCC(=O)N[C@H]1[C@@H]2CN(C(=O)c3nn(C)c(Cl)c3Cl)C[C@@H]21,
83703,O=C([C@@H]1C[C@@H]2C[C@@H]2C1)N1CCN(C(=O)CCc2cc(Cl)cs2)[C@H](CCO)C1,"1-((2R)-4-(((1R,3r,5S)-bicyclo[3.1.0]hexan-3-yl)carbonyl)-2-(2-hydroxyethyl)piperazin-1-yl)-3-(4-chlorothiophen-2-yl)propan-1-one",,O=C(C1C[C@@H]2C[C@@H]2C1)N1CCN(C(=O)CCc2cc(Cl)cs2)[C@H](CCO)C1,
83712,CC[C@@H]1[C@@H](C(=O)N[C@@H]2[C@@H](C)CC[C@H]2C)CCN1C(=O)c1[nH]ccc(=O)c1C,"(2R,3S)-N-((1r,2R,5S)-2,5-dimethylcyclopentyl)-2-ethyl-1-((3-methyl-4-oxo-1H-pyridin-2-yl)carbonyl)pyrrolidine-3-carboxamide",,CC[C@@H]1C(C(=O)N[C@H]2[C@H](C)CC[C@@H]2C)CCN1C(=O)c1[nH]ccc(=O)c1C,
83718,CCN1CC[C@@H](C(=O)N[C@H]2C[C@](C)(NC(=O)c3cc4ccccc4oc3=O)C2)C1,"(3R)-1-ethyl-N-((1r,3R)-3-methyl-3-(2-oxo-2H-1-benzopyran-3-carboxamido)cyclobutyl)pyrrolidine-3-carboxamide",,CCN1CCC(C(=O)N[C@H]2C[C@](C)(NC(=O)c3cc4ccccc4oc3=O)C2)C1,
83737,C[C@@H]1[C@H](C(=O)N[C@H]2CCC3(CCN(C(=O)C(C)(C)OCC(F)(F)F)CC3)C2)[C@@H]1C,"(1s,2R,3S)-2,3-dimethyl-N-((2S)-8-(2-methyl-1-oxo-2-((2,2,2-trifluoroethyl)oxy)propyl)-8-azaspiro[4.5]decan-2-yl)cyclopropanecarboxamide",,C[C@@H]1C(C(=O)N[C@H]2CCC3(CCN(C(=O)C(C)(C)OCC(F)(F)F)CC3)C2)[C@@H]1C,
83742,C#CCC(CC#C)C(=O)N[C@H]1C[C@](C)(NC(=O)c2cc[nH]c(=NC)c2)C1,"N-((1r,3r)-3-methyl-3-(2-(methylimino)-1H-pyridine-4-carboxamido)cyclobutyl)-2-(prop-2-yn-1-yl)pent-4-ynamide",,C#CCC(CC#C)C(=O)N[C@H]1C[C@](C)(NC(=O)c2ccnc(NC)c2)C1,
83779,Cc1sc2ncn(CC(=O)NC(C)(C)CCNC(=O)[C@@H]3[C@H]4CC[C@H]43)c(=O)c2c1C,"N-(4-((1R,4S,5r)-bicyclo[2.1.0]pentane-5-carboxamido)-2-methylbutan-2-yl)-2-(5,6-dimethyl-4-oxo-3,4-dihydrothieno[2,3-d]pyrimidin-3-yl)acetamide",,Cc1sc2ncn(CC(=O)NC(C)(C)CCNC(=O)C3[C@H]4CC[C@@H]34)c(=O)c2c1C,
83823,CCC1(C(=O)N[C@H]2CC[C@]3(CC2)CN(C(=O)CC(C)(C)C)CCO3)CCC1,"N-(4-(3,3-dimethyl-butyryl)-1-oxa-4-azaspiro[5.5]undecan-9-yl)-1-ethylcyclobutanecarboxamide",CC(CC(=O)N1CCOC2(C1)CCC(CC2)NC(=O)C2(CCC2)CC)(C)C,CCC1(C(=O)N[C@H]2CC[C@]3(CC2)CN(C(=O)CC(C)(C)C)CCO3)CCC1,CCC1(C(=O)NC2CCC3(CC2)CN(C(=O)CC(C)(C)C)CCO3)CCC1
83871,CC(C)SCC(=O)N[C@H]1[C@@H]2CN(C(=O)c3cc(N)c(F)cc3F)C[C@@H]21,"N-((1R,5S,6s)-3-((5-amino-2,4-difluorophenyl)carbonyl)-3-azabicyclo[3.1.0]hexan-6-yl)-2-((propan-2-yl)sulfanyl)acetamide",,CC(C)SCC(=O)N[C@H]1[C@@H]2CN(C(=O)c3cc(N)c(F)cc3F)C[C@@H]21,
83885,Cc1cc(C)cc(C(=O)N[C@@H]2CCN(C(=O)[C@H]3C[C@@](C)(O)C3)C[C@H]2C)c1,"N-((3R,4R)-1-(((1s,3S)-3-hydroxy-3-methylcyclobutyl)carbonyl)-3-methylpiperidin-4-yl)-3,5-dimethylbenzamide",,Cc1cc(C)cc(C(=O)N[C@@H]2CCN(C(=O)C3CC(C)(O)C3)C[C@H]2C)c1,
84057,C=CC1(C(=O)N[C@@H]2[C@H]3C[C@H](NC(=O)[C@@H](C)CC(F)F)C[C@H]32)CCCC1,"N-((1R,3s,5S,6S)-3-((2S)-4,4-difluoro-2-methylbutanamido)bicyclo[3.1.0]hexan-6-yl)-1-ethenylcyclopentanecarboxamide",,C=CC1(C(=O)N[C@H]2[C@@H]3C[C@@H](NC(=O)C(C)CC(F)F)C[C@@H]32)CCCC1,
84239,C[C@H](CCNC(=O)c1ccnnc1)CCNC(=O)c1cnc2nccnc2c1,"N-((3S)-3-methyl-5-(pyridazine-4-carboxamido)pentyl)pyrido[2,3-b]pyrazine-7-carboxamide",C[C@H](CCNC(=O)C1=CC=2C(=NC=CN2)N=C1)CCNC(=O)C1=CN=NC=C1,C[C@H](CCNC(=O)c1ccnnc1)CCNC(=O)c1cnc2nccnc2c1,C[C@@H](CCNC(=O)c1ccnnc1)CCNC(=O)c1cnc2nccnc2c1
84296,CCC[C@H](O)CC(=O)N1C[C@H]2[C@H](N(C)C(=O)[C@@H]3[C@H]4COC[C@H]43)[C@H]2C1,"(1R,5S,6r)-N-((1R,5S,6R)-3-((3S)-3-hydroxy-hexanoyl)-3-azabicyclo[3.1.0]hexan-6-yl)-N-methyl-3-oxabicyclo[3.1.0]hexane-6-carboxamide",,CCC[C@H](O)CC(=O)N1C[C@@H]2[C@H](C1)[C@H]2N(C)C(=O)C1[C@H]2COC[C@@H]12,
84306,CC1=C(C(=O)N[C@]2(C)C[C@@H](NC(=O)c3ccc(N4CCC4)nc3)C2)CCCC1,"6-(azetidin-1-yl)-N-((1r,3r)-3-methyl-3-(2-methylcyclohex-1-ene-1-carboxamido)cyclobutyl)pyridine-3-carboxamide",,CC1=C(C(=O)N[C@]2(C)C[C@@H](NC(=O)c3ccc(N4CCC4)nc3)C2)CCCC1,
84393,CO[C@@]1(C)CCCN(C(=O)[C@H]2C[C@@](C)(NC(=O)[C@H](C)C3CCC3)C2)CC1,"(2R)-2-cyclobutyl-N-((1R,3S)-3-(((4S)-4-methoxy-4-methylazepan-1-yl)carbonyl)-1-methylcyclobutyl)propanamide",,CO[C@@]1(C)CCCN(C(=O)C2CC(C)(NC(=O)C(C)C3CCC3)C2)CC1,
84522,O=C(NC[C@@H](F)CO)[C@@H]1[C@H]2CN(C(=O)C3=NO[C@H]4COC[C@@H]34)C[C@H]21,"(1R,5S,6R)-3-(((1R,5R)-2,7-dioxa-3-azabicyclo[3.3.0]oct-3-en-4-yl)carbonyl)-N-((2R)-2-fluoro-3-hydroxypropyl)-3-azabicyclo[3.1.0]hexane-6-carboxamide",,O=C(NC[C@@H](F)CO)C1[C@H]2CN(C(=O)C3=NO[C@H]4COC[C@@H]34)C[C@@H]12,
84529,Nc1cncc(C(=O)NC[C@H]2CN(C(=O)[C@H]3C[C@H]4CCC[C@H](C4)C3)CC23CC3)c1,"5-amino-N-(((7S)-5-(((1R,3s,5S)-bicyclo[3.3.1]nonan-3-yl)carbonyl)-5-azaspiro[2.4]heptan-7-yl)methyl)pyridine-3-carboxamide",,Nc1cncc(C(=O)NC[C@H]2CN(C(=O)C3C[C@H]4CCC[C@@H](C3)C4)CC23CC3)c1,
84534,C#CC[C@]1(O)C[C@@H](C(=O)N(C)[C@H]2[C@@H]3CN(C(=O)c4cc(Cl)ccn4)C[C@@H]32)C1,"(1s,3s)-N-((1R,5S,6s)-3-((4-chloropyridin-2-yl)carbonyl)-3-azabicyclo[3.1.0]hexan-6-yl)-3-hydroxy-N-methyl-3-(prop-2-yn-1-yl)cyclobutanecarboxamide",,C#CCC1(O)CC(C(=O)N(C)[C@H]2[C@@H]3CN(C(=O)c4cc(Cl)ccn4)C[C@@H]32)C1,
84567,CN(CC(=O)N=[S@@](C)(=O)C1CC(CNC(=O)OC(C)(C)C)C1)C1CCCC1,tert-butyl (((3-((S)-N-2-((cyclopentyl)(methyl)amino)-acetyl-S-methylsulfonimidoyl)cyclobutyl)methyl)amino)formate,,CN(CC(=O)N=[S@@](C)(=O)C1CC(CNC(=O)OC(C)(C)C)C1)C1CCCC1,
84592,CC[C@H](C(=O)N1CCC2(CN(C(=O)C[C@@H]3C[C@H]4C[C@H]4C3)C2)C1)n1cccn1,"(2R)-1-(2-(2-((1R,3s,5S)-bicyclo[3.1.0]hexan-3-yl)-acetyl)-2,6-diazaspiro[3.4]octan-6-yl)-2-(1H-pyrazol-1-yl)butan-1-one",,CCC(C(=O)N1CCC2(CN(C(=O)C[C@H]3C[C@@H]4C[C@@H]4C3)C2)C1)n1cccn1,
84614,CSCC[C@H](O)C(=O)N[C@@](C)(CSC)C(=O)N1[C@H]2CC[C@@H]1C[C@H](CO)C2,"(2S)-2-hydroxy-N-((2R)-2-(((1R,3R,5S)-3-(hydroxymethyl)-8-azabicyclo[3.2.1]octan-8-yl)carbonyl)-1-(methylsulfanyl)propan-2-yl)-4-(methylsulfanyl)butanamide",,CSCCC(O)C(=O)N[C@@](C)(CSC)C(=O)N1[C@@H]2CC[C@H]1C[C@@H](CO)C2,
84691,Cc1cc(C(=O)NCC2CCN(C(=O)[C@@H]3C[C@H](C)O[C@H](C)C3)CC2)ncc1Cl,"5-chloro-N-((1-(((2R,4r,6S)-2,6-dimethyloxan-4-yl)carbonyl)piperidin-4-yl)methyl)-4-methylpyridine-2-carboxamide",,Cc1cc(C(=O)NCC2CCN(C(=O)C3C[C@@H](C)O[C@@H](C)C3)CC2)ncc1Cl,
84710,COCc1n[nH]c(=NC[C@]2(F)C[C@H](NC(=O)c3c(F)cccc3NC(N)=O)C2)s1,"2-(carbamoylamino)-6-fluoro-N-((1r,3r)-3-fluoro-3-(((5-(methoxymethyl)-3H-1,3,4-thiadiazol-2-ylidene)amino)methyl)cyclobutyl)benzamide",,COCc1nnc(NC[C@]2(F)C[C@H](NC(=O)c3c(F)cccc3NC(N)=O)C2)s1,
84733,O=C(NCc1ncccc1C(=O)N(CCC1CC1)CC1CC1)[C@@H]1C[C@@H]2CC[C@@H]2C1,"2-(((1R,3r,5S)-bicyclo[3.2.0]heptane-3-carboxamido)methyl)-N-(2-cyclopropylethyl)-N-(cyclopropylmethyl)pyridine-3-carboxamide",,O=C(NCc1ncccc1C(=O)N(CCC1CC1)CC1CC1)C1C[C@H]2CC[C@H]2C1,
84771,CC[C@@H]1CCC[C@H]1C(=O)NC[C@]1(F)CC[C@H](CNC(=O)CC2(OC)CCC2)CC1,"(1R,2R)-2-ethyl-N-(((1r,4R)-1-fluoro-4-((2-(1-methoxycyclobutyl)acetamido)methyl)cyclohexyl)methyl)cyclopentanecarboxamide",,CC[C@@H]1CCCC1C(=O)NC[C@]1(F)CC[C@H](CNC(=O)CC2(OC)CCC2)CC1,
84824,C[C@]1(O)C[C@@H](C(=O)N2C[C@H]3C[C@@H](C2)[C@H](C(=O)NC2CCCCC2)C3)C1,"(1S,5R,6R)-N-cyclohexyl-3-(((1s,3S)-3-hydroxy-3-methylcyclobutyl)carbonyl)-3-azabicyclo[3.2.1]octane-6-carboxamide",,CC1(O)CC(C(=O)N2C[C@@H]3CC(C(=O)NC4CCCCC4)[C@@H](C3)C2)C1,
84869,CCS[C@H](C(=O)N[C@H]1[C@@H]2CN(C(=O)c3nc(C(F)(F)F)ccc3F)C[C@@H]21)C(C)C,"(2S)-2-(ethylsulfanyl)-N-((1R,5S,6s)-3-((3-fluoro-6-(trifluoromethyl)pyridin-2-yl)carbonyl)-3-azabicyclo[3.1.0]hexan-6-yl)-3-methylbutanamide",,CCSC(C(=O)N[C@H]1[C@@H]2CN(C(=O)c3nc(C(F)(F)F)ccc3F)C[C@@H]21)C(C)C,
84883,C#CC[C@]1(O)C[C@@H](C(=O)N[C@H](C)CCC(=O)N[C@H]2CCN3CC[C@H]2C3)C1,"(1s,3S)-N-((2R)-5-(((4S,5S)-1-azabicyclo[3.2.1]octan-4-yl)amino)-5-oxopentan-2-yl)-3-hydroxy-3-(prop-2-yn-1-yl)cyclobutanecarboxamide",,C#CCC1(O)CC(C(=O)N[C@H](C)CCC(=O)N[C@H]2CCN3CC[C@H]2C3)C1,
84916,CC(C)(C(=O)N[C@H]1[C@@H]2CN(C(=O)C3(C#N)CC3)C[C@@H]21)c1ccc(F)c(Cl)c1,"2-(3-chloro-4-fluorophenyl)-2-methyl-N-((1R,5S,6s)-3-((1-(nitrilomethyl)cyclopropyl)carbonyl)-3-azabicyclo[3.1.0]hexan-6-yl)propanamide",,CC(C)(C(=O)N[C@H]1[C@@H]2CN(C(=O)C3(C#N)CC3)C[C@@H]21)c1ccc(F)c(Cl)c1,
84963,C=C(C)CCCC(=O)N[C@]1(C(=O)N(C)Cc2ccn(C)n2)C[C@H](O)C1,"N-((1s,3s)-3-hydroxy-1-(((1-methyl-1H-pyrazol-3-yl)methyl)(methyl)carbamoyl)cyclobutyl)-5-methylhex-5-enamide",,C=C(C)CCCC(=O)N[C@]1(C(=O)N(C)Cc2ccn(C)n2)C[C@H](O)C1,
85179,C=C(C)[C@@](C)(O)C(=O)N[C@H]1C[C@](C)(NC(=O)CN(C)C(=O)C2CC2)C1,"(2R)-2-hydroxy-2,3-dimethyl-N-((1r,3R)-3-methyl-3-(2-(N-methylcyclopropanecarboxamido)acetamido)cyclobutyl)but-3-enamide",,C=C(C)[C@@](C)(O)C(=O)N[C@H]1C[C@](C)(NC(=O)CN(C)C(=O)C2CC2)C1,
85241,CCCc1cc(C(=O)N2[C@H]3CC[C@@H]2C[C@@H](NC(=O)c2cnc(OC)s2)C3)c(C)o1,"2-methoxy-N-((1R,3s,5S)-8-((2-methyl-5-propylfuran-3-yl)carbonyl)-8-azabicyclo[3.2.1]octan-3-yl)-1,3-thiazole-5-carboxamide",,CCCc1cc(C(=O)N2[C@@H]3CC[C@H]2C[C@H](NC(=O)c2cnc(OC)s2)C3)c(C)o1,
85305,C[C@H]1C[C@@H](C)C[C@H](C(=O)NCCC2CN(C(=O)C3Cc4cscc4C3)C2)C1,"(1r,3R,5S)-3,5-dimethyl-N-(2-(1-((3-thiabicyclo[3.3.0]octa-1,4-dien-7-yl)carbonyl)azetidin-3-yl)ethyl)cyclohexanecarboxamide",,C[C@@H]1CC(C(=O)NCCC2CN(C(=O)C3Cc4cscc4C3)C2)C[C@H](C)C1,
85311,Cc1cccc(CCC(=O)N2C[C@@H]3[C@H](C(=O)N4CCN5CCOC[C@@H]5C4)[C@@H]3C2)n1,"3-(6-methylpyridin-2-yl)-1-((1R,5S,6s)-6-(((1S)-3-oxa-6,9-diazabicyclo[4.4.0]decan-9-yl)carbonyl)-3-azabicyclo[3.1.0]hexan-3-yl)propan-1-one",,Cc1cccc(CCC(=O)N2C[C@@H]3C(C(=O)N4CCN5CCOC[C@@H]5C4)[C@@H]3C2)n1,
85329,Cc1cc(C(=O)N2C[C@H]3[C@H](CNC(=O)[C@@H]4CC5CC4C5)[C@H]3C2)nc(C)n1,"(2R)-N-(((1R,5S,6r)-3-((2,6-dimethylpyrimidin-4-yl)carbonyl)-3-azabicyclo[3.1.0]hexan-6-yl)methyl)bicyclo[2.1.1]hexane-2-carboxamide",,Cc1cc(C(=O)N2C[C@@H]3[C@@H](CNC(=O)C4CC5CC4C5)[C@@H]3C2)nc(C)n1,
85336,CC(C)C[C@@H](F)C(=O)NC[C@H]1C[C@@](F)(CNC(=O)[C@H]2CCN2C2CCCC2)C1,"(2R)-N-(((1R,3R)-3-(((2R)-1-cyclopentylazetidine-2-carboxamido)methyl)-3-fluorocyclobutyl)methyl)-2-fluoro-4-methylpentanamide",,CC(C)CC(F)C(=O)NC[C@H]1C[C@@](F)(CNC(=O)C2CCN2C2CCCC2)C1,
85351,C#CC[C@](C)(NC(=O)[C@H](O)CC(N)=O)C(=O)N1C[C@H](C)[C@@H](O)[C@H](C)C1,"(2R)-2-hydroxy-N-((2S)-2-(((3R,4S,5S)-4-hydroxy-3,5-dimethylpiperidin-1-yl)carbonyl)pent-4-yn-2-yl)butanediamide",,C#CC[C@](C)(NC(=O)C(O)CC(N)=O)C(=O)N1C[C@@H](C)[C@H](O)[C@@H](C)C1,
85407,C#CC1(N[C@@H]2C[C@@H]3CC4(CC4)C[C@@H]3C2)CC(F)(F)C1,"(2r,3aR,6aS)-N-(1-(ethynyl)-3,3-difluorocyclobutyl)-1,2,3,3a,4,5,6,6a-octahydrospiro[pentalene-5,1'-cyclopropane]-2-amine",,C#CC1(N[C@@H]2C[C@@H]3CC4(CC4)C[C@@H]3C2)CC(F)(F)C1,
85478,COC[C@@H]1CCCN([C@H](C(=O)NC(C)C)[C@@H]2[C@H]3CCC[C@H]32)C1,"(2S)-2-((1R,5S,6r)-bicyclo[3.1.0]hexan-6-yl)-2-((3R)-3-(methoxymethyl)piperidin-1-yl)-N-(propan-2-yl)acetamide",,COC[C@@H]1CCCN(C(C(=O)NC(C)C)[C@H]2[C@@H]3CCC[C@@H]32)C1,
85493,CC[C@@](C)(CNC(=O)c1cc(Br)co1)NC(=O)[C@@H]1[C@H]2[C@@H]3CC[C@@H](C3)[C@H]21,"4-bromo-N-((2S)-2-methyl-2-((1R,2S,3r,4R,5S)-tricyclo[3.2.1.0^{2,4}]octane-3-carboxamido)butyl)furan-2-carboxamide",,CC[C@@](C)(CNC(=O)c1cc(Br)co1)NC(=O)C1[C@@H]2[C@H]3CC[C@H](C3)[C@H]12,
85537,C[C@@H]1[C@H](C(=O)N2CC[C@H](N3CCC(N=c4[nH]c5cccc(F)c5o4)CC3)C2)[C@@H]1C,"1-((1s,2R,3S)-2,3-dimethylcyclopropyl)-1-((3S)-3-(4-((7-fluoro-1,3-benzoxazol-2-ylidene)amino)piperidin-1-yl)pyrrolidin-1-yl)methanone",,C[C@@H]1C(C(=O)N2CC[C@H](N3CCC(Nc4nc5cccc(F)c5o4)CC3)C2)[C@@H]1C,
85551,O=C([C@H]1CCOC1)N1CCC[C@H](C2CN(C(=O)[C@@H]3[C@H]4CCC[C@H]43)C2)C1,"1-((3R)-3-(1-(((1R,5S,6r)-bicyclo[3.1.0]hexan-6-yl)carbonyl)azetidin-3-yl)piperidin-1-yl)-1-((3S)-oxolan-3-yl)methanone",,O=C(C1CCOC1)N1CCC[C@H](C2CN(C(=O)C3[C@H]4CCC[C@@H]34)C2)C1,
85579,CC(C)N(CCNC(=O)CC(C)(C)N(C)C(=O)C[C@@H]1C[C@H]2C[C@H]2C1)C(C)C,"N-(2-(bis(propan-2-yl)amino)ethyl)-3-methyl-3-(N-methyl-2-((1R,3s,5S)-bicyclo[3.1.0]hexan-3-yl)acetamido)butanamide",,CC(C)N(CCNC(=O)CC(C)(C)N(C)C(=O)C[C@H]1C[C@@H]2C[C@@H]2C1)C(C)C,
85607,CCc1cc[nH]c1C(=O)N(C)CC(C)(C)C(=O)N[C@@H]1C[C@@H]2CC[C@H](C1)[C@@H]2O,"3-ethyl-N-(2-(((1R,3r,5S,8r)-8-hydroxybicyclo[3.2.1]octan-3-yl)carbamoyl)-2-methylpropyl)-N-methyl-1H-pyrrole-2-carboxamide",,CCc1cc[nH]c1C(=O)N(C)CC(C)(C)C(=O)N[C@H]1C[C@H]2CC[C@@H](C1)[C@H]2O,
85651,CCC[C@](C)(O)CC(=O)NC[C@]1(F)C[C@@H](NC(=O)[C@H](C)CC(F)F)C1,"(3S)-N-(((1S,3R)-3-((2R)-4,4-difluoro-2-methylbutanamido)-1-fluorocyclobutyl)methyl)-3-hydroxy-3-methylhexanamide",,CCC[C@](C)(O)CC(=O)NC[C@]1(F)C[C@@H](NC(=O)C(C)CC(F)F)C1,
85667,CO[C@@H]1C[C@@H]2CC[C@H](C1)N2C(=O)[C@H]1CC2(CC2)CN1Cc1cc(F)c(Cl)c(Cl)c1,"1-((6R)-5-((3,4-dichloro-5-fluorophenyl)methyl)-5-azaspiro[2.4]heptan-6-yl)-1-((1R,3R,5S)-3-methoxy-8-azabicyclo[3.2.1]octan-8-yl)methanone",,CO[C@H]1C[C@H]2CC[C@@H](C1)N2C(=O)C1CC2(CC2)CN1Cc1cc(F)c(Cl)c(Cl)c1,
85729,Cc1ncc(CCC(=O)N2CC[C@@H](CO)[C@H](NC(=O)C[C@@H]3C[C@H]4C[C@H]4C3)C2)o1,"2-((1R,3s,5S)-bicyclo[3.1.0]hexan-3-yl)-N-((3S,4R)-4-(hydroxymethyl)-1-(3-(2-methyl-1,3-oxazol-5-yl)-propionyl)piperidin-3-yl)acetamide",,Cc1ncc(CCC(=O)N2CC[C@@H](CO)[C@H](NC(=O)C[C@H]3C[C@@H]4C[C@@H]4C3)C2)o1,
85796,CC(F)(F)C(=O)N1CCOC[C@H](NC(=O)[C@@H]2C[C@H]3C[C@@H]2[C@]2(C3)NC(=O)NC2=O)C1,"(1S,2R,4R,6S)-N-((6R)-4-(2,2-difluoro-propionyl)-1,4-oxazepan-6-yl)spiro[bicyclo[2.2.1]heptane-6,4'-((4S)-1,3-diazacyclopentane-2,5-dione)]-2-carboxamide",,CC(F)(F)C(=O)N1CCOC[C@H](NC(=O)C2C[C@H]3C[C@@H]2[C@]2(C3)NC(=O)NC2=O)C1,
85840,COC(=O)[C@H]1CC[C@H](CC(=O)NC[C@@H](C)NC(=O)[C@H]2C[C@H]3[C@@H](C2)C3(F)F)CC1,"methyl trans-4-(2-(((2R)-2-((1R,3s,5S)-6,6-difluorobicyclo[3.1.0]hexane-3-carboxamido)propyl)amino)-2-oxoethyl)cyclohexanecarboxylate",,COC(=O)C1CCC(CC(=O)NC[C@@H](C)NC(=O)C2C[C@@H]3[C@H](C2)C3(F)F)CC1,
85847,Cc1ccnc(N2[C@H]3CC[C@@H]2C[C@@H](CNC(=O)CCc2cnc(C)s2)C3)n1,"3-(2-methyl-1,3-thiazol-5-yl)-N-(((1R,3s,5S)-8-(4-methylpyrimidin-2-yl)-8-azabicyclo[3.2.1]octan-3-yl)methyl)propanamide",,Cc1ccnc(N2[C@@H]3CC[C@H]2C[C@H](CNC(=O)CCc2cnc(C)s2)C3)n1,
85859,Cc1cc(C)c(C(=O)N[C@@H]2CCN(C(=O)[C@@]3(C)C[C@@H]4C[C@@H]4C3)C[C@H]2O)s1,"N-((3R,4R)-3-hydroxy-1-(((1R,3s,5S)-3-methylbicyclo[3.1.0]hexan-3-yl)carbonyl)piperidin-4-yl)-3,5-dimethylthiophene-2-carboxamide",,Cc1cc(C)c(C(=O)N[C@@H]2CCN(C(=O)[C@]3(C)C[C@H]4C[C@H]4C3)C[C@H]2O)s1,
85865,C[C@H]1[C@@H](C)[C@@H]1C(=O)N1CC2(CN(C(=O)c3cc4ccccc4c(O)n3)CCO2)C1,"1-(2-(((1r,2R,3S)-2,3-dimethylcyclopropyl)carbonyl)-5-oxa-2,8-diazaspiro[3.5]nonan-8-yl)-1-(1-hydroxyisoquinolin-3-yl)methanone",,C[C@@H]1C(C(=O)N2CC3(CN(C(=O)c4cc5ccccc5c(=O)[nH]4)CCO3)C2)[C@@H]1C,
85966,C#CCCCC(=O)N1CCO[C@]2(CC[C@H](N=c3[nH]nc(-c4ccon4)s3)CC2)C1,"1-(9-((5-(1,2-oxazol-3-yl)-3H-1,3,4-thiadiazol-2-ylidene)amino)-1-oxa-4-azaspiro[5.5]undecan-4-yl)hex-5-yn-1-one",O1N=C(C=C1)C1=NNC(S1)=NC1CCC2(CN(CCO2)C(CCCC#C)=O)CC1,C#CCCCC(=O)N1CCO[C@]2(CC[C@H](Nc3nnc(-c4ccon4)s3)CC2)C1,C#CCCCC(=O)N1CCOC2(CCC(Nc3nnc(-c4ccon4)s3)CC2)C1
85980,O=C(NC[C@H]1C[C@](F)(CNC(=O)[C@@]23CCCC[C@@H]2OCC3)C1)c1ccccc1F,"(3aR,7aS)-N-(((1s,3S)-1-fluoro-3-((2-fluorobenzamido)methyl)cyclobutyl)methyl)-2,3,3a,4,5,6,7,7a-octahydro-1-benzofuran-3a-carboxamide",,O=C(NC[C@H]1C[C@](F)(CNC(=O)[C@@]23CCCC[C@@H]2OCC3)C1)c1ccccc1F,
86065,[N-]=[N+]=NCCNC(=O)[C@H](CCC1CCC1)NC(=O)[C@H]1C[C@@H]2CC[C@H](C1)O2,"(2S)-N-(2-azidoethyl)-4-cyclobutyl-2-((1R,3s,5S)-8-oxabicyclo[3.2.1]octane-3-carboxamido)butanamide",,[N-]=[N+]=NCCNC(=O)C(CCC1CCC1)NC(=O)C1C[C@H]2CC[C@@H](C1)O2,
86106,O=C(N[C@H]1C[C@](F)(CN=c2[nH]c(Cl)nc3cccc([N+](=O)[O-])c23)C1)C(F)(F)CO,"N-((1s,3s)-3-(((2-chloro-5-nitroquinazolin-4-ylidene)amino)methyl)-3-fluorocyclobutyl)-2,2-difluoro-3-hydroxypropanamide",,O=C(N[C@H]1C[C@](F)(CNc2nc(Cl)nc3cccc([N+](=O)[O-])c23)C1)C(F)(F)CO,
86209,C[C@H]1[C@@H](C)[C@@H]1C(=O)Nc1cccc(NC(=O)[C@H]2CNC(=O)CC23CCC3)c1,"(5R)-N-(3-((1r,2R,3S)-2,3-dimethylcyclopropanecarboxamido)phenyl)-8-oxo-7-azaspiro[3.5]nonane-5-carboxamide",,C[C@@H]1C(C(=O)Nc2cccc(NC(=O)C3CNC(=O)CC34CCC4)c2)[C@@H]1C,
86225,Cc1ccccc1CN(C(=O)[C@@H]1[C@H]2CN(C(=O)c3ccon3)C[C@H]21)C(C)C,"(1R,5S,6r)-N-((2-methylphenyl)methyl)-3-((1,2-oxazol-3-yl)carbonyl)-N-(propan-2-yl)-3-azabicyclo[3.1.0]hexane-6-carboxamide",,Cc1ccccc1CN(C(=O)C1[C@H]2CN(C(=O)c3ccon3)C[C@@H]12)C(C)C,
86235,CCO[C@H](C(=O)N[C@H]1C[C@@](CNC(=O)C=C(C)C)(c2ccccc2)C1)C1CC1,"N-(((1S,3r)-3-((2S)-2-cyclopropyl-2-ethoxyacetamido)-1-phenylcyclobutyl)methyl)-3-methylbut-2-enamide",,CCOC(C(=O)N[C@H]1C[C@@](CNC(=O)C=C(C)C)(c2ccccc2)C1)C1CC1,
86350,CC1(C)CCN(C(=O)[C@@H]2[C@H]3CN(C(=O)CCOCC4CCC4)C[C@H]32)C1,"3-(cyclobutylmethoxy)-1-((1R,5S,6r)-6-((3,3-dimethylpyrrolidin-1-yl)carbonyl)-3-azabicyclo[3.1.0]hexan-3-yl)propan-1-one",,CC1(C)CCN(C(=O)C2[C@H]3CN(C(=O)CCOCC4CCC4)C[C@@H]23)C1,
86356,CO[C@@H]1C[C@H]1C(=O)N[C@H]1C[C@@](C)(NC(=O)c2ccc(SC)cc2)C1,"N-((1S,3s)-3-((1R,2R)-2-methoxycyclopropanecarboxamido)-1-methylcyclobutyl)-4-(methylsulfanyl)benzamide",,CO[C@@H]1CC1C(=O)N[C@H]1C[C@@](C)(NC(=O)c2ccc(SC)cc2)C1,
86393,O=C(N[C@H]1[C@@H]2CN(C(=O)c3ccc(O)cc3O)C[C@@H]21)c1nc(O)nc(O)c1F,"N-((1R,5S,6s)-3-((2,4-dihydroxyphenyl)carbonyl)-3-azabicyclo[3.1.0]hexan-6-yl)-5-fluoro-2,6-dihydroxypyrimidine-4-carboxamide",,O=C(N[C@H]1[C@@H]2CN(C(=O)c3ccc(O)cc3O)C[C@@H]21)c1[nH]c(=O)[nH]c(=O)c1F,
86405,Cc1cc(C)c(C(=O)N2[C@H]3CC[C@@H]2C[C@H](NC(=O)CN2C(=O)CCC2=O)C3)cn1,"N-((1R,3r,5S)-8-((4,6-dimethylpyridin-3-yl)carbonyl)-8-azabicyclo[3.2.1]octan-3-yl)-2-(2,5-dioxopyrrolidin-1-yl)acetamide",,Cc1cc(C)c(C(=O)N2[C@@H]3CC[C@H]2C[C@@H](NC(=O)Cn2c(O)ccc2O)C3)cn1,
86421,C[C@]1(C(=O)N[C@H]2C[C@@](C)(NC(=O)[C@H]3CCCS3)C2)CC=CCO1,"(2R)-2-methyl-N-((1S,3S)-3-methyl-3-((2R)-thiolane-2-carboxamido)cyclobutyl)-3,6-dihydro-2H-pyran-2-carboxamide",,C[C@]1(C(=O)N[C@H]2C[C@@](C)(NC(=O)C3CCCS3)C2)CC=CCO1,
86446,CSc1nn(C)cc1C(=O)NC[C@H]1[C@@H]2CN(C(=O)C3(O)CCOCC3)C[C@H]12,"N-(((1R,5S,6r)-3-((4-hydroxyoxan-4-yl)carbonyl)-3-azabicyclo[3.1.0]hexan-6-yl)methyl)-1-methyl-3-(methylsulfanyl)-1H-pyrazole-4-carboxamide",,CSc1nn(C)cc1C(=O)NC[C@@H]1[C@H]2CN(C(=O)C3(O)CCOCC3)C[C@@H]12,
86554,CC1(C(=O)N[C@H]2[C@@H]3CN(C(=O)C4([C@H]5CCCCO5)CC4)C[C@@H]32)CCS(=O)(=O)CC1,"4-methyl-N-((1R,5S,6S)-3-((1-((2R)-oxan-2-yl)cyclopropyl)carbonyl)-3-azabicyclo[3.1.0]hexan-6-yl)-1,1-dioxothiane-4-carboxamide",,CC1(C(=O)N[C@H]2[C@@H]3CN(C(=O)C4([C@H]5CCCCO5)CC4)C[C@@H]32)CCS(=O)(=O)CC1,
86557,CN(C(=O)[C@H]1C[C@@H]2CC[C@H](C1)O2)[C@@H](CNC(=O)CN1CCCCC1=O)C1CC1,"(1R,3s,5S)-N-((1R)-1-cyclopropyl-2-(2-(2-oxopiperidin-1-yl)acetamido)ethyl)-N-methyl-8-oxabicyclo[3.2.1]octane-3-carboxamide",,CN(C(=O)C1C[C@H]2CC[C@@H](C1)O2)[C@@H](CNC(=O)CN1CCCCC1=O)C1CC1,
86614,Cn1cccc1C(=O)N1C[C@H]2[C@H](NC(=O)c3ccc(-c4coc(O)n4)cc3)[C@H]2C1,"4-(2-hydroxy-1,3-oxazol-4-yl)-N-((1R,5S,6s)-3-((1-methyl-1H-pyrrol-2-yl)carbonyl)-3-azabicyclo[3.1.0]hexan-6-yl)benzamide",,Cn1cccc1C(=O)N1C[C@@H]2[C@H](C1)[C@H]2NC(=O)c1ccc(-c2coc(=O)[nH]2)cc1,
86642,CCN(CC)[C@H](C)C(=O)NC[C@H]1[C@@H]2CN(C(=O)c3csc(Cl)n3)C[C@H]12,"(2R)-N-(((1R,5S,6r)-3-((2-chloro-1,3-thiazol-4-yl)carbonyl)-3-azabicyclo[3.1.0]hexan-6-yl)methyl)-2-(diethylamino)propanamide",,CCN(CC)C(C)C(=O)NC[C@@H]1[C@H]2CN(C(=O)c3csc(Cl)n3)C[C@@H]12,
86658,O=C(C=Cc1nccs1)N[C@H](CCOCCO)C(=O)N1C[C@H]2C[C@@H](O)C[C@H]2C1,"N-((2R)-1-((1R,5S,7R)-7-hydroxy-3-azabicyclo[3.3.0]octan-3-yl)-4-(2-hydroxyethoxy)-1-oxobutan-2-yl)-3-(1,3-thiazol-2-yl)prop-2-enamide",,O=C(CCc1nccs1)N=C(CCOCCO)C(=O)N1C[C@H]2C[C@@H](O)C[C@H]2C1,
86740,C[C@@]1(C(F)F)C[C@H]1C(=O)N1C[C@H]2C[C@@H](C(=O)NC3CCC(O)CC3)C[C@H]2C1,"(1R,5S,7R)-3-(((1R,2R)-2-(difluoromethyl)-2-methylcyclopropyl)carbonyl)-N-(4-hydroxycyclohexyl)-3-azabicyclo[3.3.0]octane-7-carboxamide",,C[C@@]1(C(F)F)CC1C(=O)N1C[C@H]2CC(C(=O)NC3CCC(O)CC3)C[C@H]2C1,
86854,C[C@H]1C[C@@H](C)C[C@H](N(C)C(=O)[C@H]2C[C@@H](N=[N+]=[N-])CN2C(=O)[C@H](C)n2cccn2)C1,"(2R,4R)-4-azido-N-((1r,3R,5S)-3,5-dimethylcyclohexyl)-N-methyl-1-((2S)-1-oxo-2-(1H-pyrazol-1-yl)propyl)pyrrolidine-2-carboxamide",,CC(C(=O)N1C[C@H](N=[N+]=[N-])CC1C(=O)N(C)[C@H]1C[C@H](C)C[C@H](C)C1)n1cccn1,
86915,CCn1ncc(C(=O)N[C@@H](C)CCNC(=O)[C@@H]2C[C@H](OC)[C@H](OC)C2)c1Cl,"5-chloro-N-((2S)-4-((1r,3R,4S)-3,4-dimethoxycyclopentanecarboxamido)butan-2-yl)-1-ethyl-1H-pyrazole-4-carboxamide",,CCn1ncc(C(=O)N[C@@H](C)CCNC(=O)C2C[C@H](OC)[C@H](OC)C2)c1Cl,
86941,Cn1cnc(C(=O)NC[C@H]2C[C@](F)(CNC(=O)c3cc4ccsc4n3C)C2)c1,"N-(((1s,3s)-1-fluoro-3-((1-methyl-1H-imidazole-4-carboxamido)methyl)cyclobutyl)methyl)-8-methyl-2-thia-8-azabicyclo[3.3.0]octa-1(5),3,6-triene-7-carboxamide",,Cn1cnc(C(=O)NC[C@H]2C[C@](F)(CNC(=O)c3cc4ccsc4n3C)C2)c1,
86966,CCC(C)(C)NC(=O)[C@H](c1cnc(OC)cn1)N1CCS[C@@H]2CCCC[C@@H]21,"(2S)-2-(5-methoxypyrazin-2-yl)-N-(2-methylbutan-2-yl)-2-((4aS,8aR)-3,4,4a,5,6,7,8,8a-octahydro-4H-1,4-benzothiazin-4-yl)acetamide",,CCC(C)(C)NC(=O)C(c1cnc(OC)cn1)N1CCS[C@@H]2CCCC[C@@H]21,
86991,CCc1cc(C(=O)N[C@]2(C)C[C@@H](NC(=O)C3=CCCCO3)C2)n[nH]1,"N-((1r,3r)-3-(3,4-dihydro-2H-pyran-6-carboxamido)-1-methylcyclobutyl)-5-ethyl-1H-pyrazole-3-carboxamide",,CCc1cc(C(=O)N[C@]2(C)C[C@@H](NC(=O)C3=CCCCO3)C2)[nH]n1,
87011,CC/C=C/CC(=O)N[C@H]1C[C@@H]2C[C@H](C1)CN(C(=O)c1cc(C)c(CC)nc1O)C2,"(3E)-N-((1R,5S,7s)-3-((6-ethyl-2-hydroxy-5-methylpyridin-3-yl)carbonyl)-3-azabicyclo[3.3.1]nonan-7-yl)hex-3-enamide",,CC/C=C/CC(=O)N[C@@H]1C[C@H]2C[C@@H](C1)CN(C(=O)c1cc(C)c(CC)[nH]c1=O)C2,
87016,O=C(NC[C@H]1[C@@H]2CN(C(=O)[C@@H]3CC[C@@H]4[C@H](C3)C4(F)F)C[C@H]12)c1occc1Br,"3-bromo-N-(((1R,5S,6R)-3-(((1S,3R,6R)-7,7-difluorobicyclo[4.1.0]heptan-3-yl)carbonyl)-3-azabicyclo[3.1.0]hexan-6-yl)methyl)furan-2-carboxamide",,O=C(NC[C@@H]1[C@H]2CN(C(=O)C3CC[C@@H]4[C@H](C3)C4(F)F)C[C@@H]12)c1occc1Br,
87062,C[C@]1(CC(=O)NC[C@]2(F)C[C@H](CNC(=O)Cc3cccnc3)C2)C[C@H]1F,"N-(((1S,3r)-3-fluoro-3-((2-((1S,2R)-2-fluoro-1-methylcyclopropyl)acetamido)methyl)cyclobutyl)methyl)-2-(pyridin-3-yl)acetamide",,C[C@]1(CC(=O)NC[C@]2(F)C[C@H](CNC(=O)Cc3cccnc3)C2)C[C@H]1F,
87088,CN(C[C@H]1[C@@H]2CN(C(=O)c3cnccn3)C[C@H]12)C(=O)COc1ccn(C)n1,"N-methyl-2-((1-methyl-1H-pyrazol-3-yl)oxy)-N-(((1R,5S,6r)-3-((pyrazin-2-yl)carbonyl)-3-azabicyclo[3.1.0]hexan-6-yl)methyl)acetamide",,CN(C[C@@H]1[C@H]2CN(C(=O)c3cnccn3)C[C@@H]12)C(=O)COc1ccn(C)n1,
87103,CCn1ccc(CC(=O)N(C)C2(C(=O)N3C[C@H](C)[C@@H](O)[C@H](C)C3)CC2)n1,"2-(1-ethyl-1H-pyrazol-3-yl)-N-(1-(((3R,4r,5S)-4-hydroxy-3,5-dimethylpiperidin-1-yl)carbonyl)cyclopropyl)-N-methylacetamide",,CCn1ccc(CC(=O)N(C)C2(C(=O)N3C[C@@H](C)[C@H](O)[C@@H](C)C3)CC2)n1,
87106,Cc1cc([C@@H](C(=O)NCC(C)C)N2C[C@@H]3[C@@H](CO)[C@@H]3C2)ccc1C1CC1,"(2S)-2-(4-cyclopropyl-3-methylphenyl)-2-((1R,5S,6S)-6-(hydroxymethyl)-3-azabicyclo[3.1.0]hexan-3-yl)-N-(2-methylpropyl)acetamide",,Cc1cc(C(C(=O)NCC(C)C)N2C[C@@H]3[C@@H](CO)[C@@H]3C2)ccc1C1CC1,
87161,O=C(NCCC1(O)CCN(C(=O)[C@@H]2[C@H]3CC[C@H]32)CC1)[C@@H]1CCCO1,"(2S)-N-(2-(1-(((1R,4S,5r)-bicyclo[2.1.0]pentan-5-yl)carbonyl)-4-hydroxypiperidin-4-yl)ethyl)oxolane-2-carboxamide",,O=C(NCCC1(O)CCN(C(=O)C2[C@H]3CC[C@@H]23)CC1)C1CCCO1,
87206,Cc1cc(=NC[C@H]2CC[C@H](NC(=O)[C@@H]3[C@H]4[C@@H]5CC[C@@H](C5)[C@H]43)C2)c([N+](=O)[O-])c(C)[nH]1,"(1R,2S,3r,4R,5S)-N-((1S,3S)-3-(((2,6-dimethyl-3-nitro-1H-pyridin-4-ylidene)amino)methyl)cyclopentyl)tricyclo[3.2.1.0^{2,4}]octane-3-carboxamide",,Cc1cc(NC[C@H]2CC[C@H](NC(=O)C3[C@@H]4[C@H]5CC[C@H](C5)[C@H]34)C2)c([N+](=O)[O-])c(C)n1,
87246,CCN(C(=O)[C@@H]1CCCc2ccc(OC)cc21)[C@H](C)CNC(=O)[C@@H]1C[C@@H]2C[C@@H]2C1,"(1R)-N-((2R)-1-((1R,3r,5S)-bicyclo[3.1.0]hexane-3-carboxamido)propan-2-yl)-N-ethyl-7-methoxy-1,2,3,4-tetrahydronaphthalene-1-carboxamide",,CCN(C(=O)C1CCCc2ccc(OC)cc21)[C@H](C)CNC(=O)C1C[C@@H]2C[C@@H]2C1,
87277,CCCCCC(=O)N1C[C@H]2[C@@H](C1)[C@@H]2C(=O)N1CCN(c2nccs2)CC1,"1-((1R,5S,6r)-6-((4-(1,3-thiazol-2-yl)piperazin-1-yl)carbonyl)-3-azabicyclo[3.1.0]hexan-3-yl)hexan-1-one",,CCCCCC(=O)N1C[C@@H]2C(C(=O)N3CCN(c4nccs4)CC3)[C@@H]2C1,
87312,COC(=O)c1oc(C(=O)N2C[C@H]3CC[C@H]2CN3C(=O)[C@H]2[C@@H](C)[C@H]2C)cc1C,"methyl 5-(((1S,4R)-5-(((1s,2R,3S)-2,3-dimethylcyclopropyl)carbonyl)-2,5-diazabicyclo[2.2.2]octan-2-yl)carbonyl)-3-methylfuran-2-carboxylate",,COC(=O)c1oc(C(=O)N2C[C@H]3CC[C@H]2CN3C(=O)C2[C@@H](C)[C@H]2C)cc1C,
87421,CCNC(=O)[C@@H](C)N(CC)C(=O)[C@H]1C[C@@H]2CCC[C@@H]2C1,"(2R)-N-ethyl-2-(N-ethyl(2s,3aR,6aS)-octahydropentalene-2-carboxamido)propanamide",,CCNC(=O)C(C)N(CC)C(=O)C1C[C@H]2CCC[C@H]2C1,
87446,C=C[C@](C)(CC)C(=O)N(C)C[C@H]1[C@@H]2CN(C(=O)c3cccc(C#N)c3)C[C@H]12,"(2S)-2-ethyl-2,N-dimethyl-N-(((1R,5S,6r)-3-((3-(nitrilomethyl)phenyl)carbonyl)-3-azabicyclo[3.1.0]hexan-6-yl)methyl)but-3-enamide",,C=C[C@](C)(CC)C(=O)N(C)C[C@@H]1[C@H]2CN(C(=O)c3cccc(C#N)c3)C[C@@H]12,
87456,COC(=O)[C@]1(C)C[C@@H](C(=O)N2CCC3(CC(NC(=O)CC[C@@H]4CC4(Cl)Cl)C3)C2)C1,"methyl (1R,3r)-3-((2-(3-((1R)-2,2-dichlorocyclopropyl)propanamido)-6-azaspiro[3.4]octan-6-yl)carbonyl)-1-methylcyclobutanecarboxylate",,COC(=O)C1(C)CC(C(=O)N2CCC3(CC(NC(=O)CC[C@@H]4CC4(Cl)Cl)C3)C2)C1,
87604,COC(=O)c1nccnc1N1[C@H]2CC[C@@H]1C[C@H](CNC(=O)C1=C(C)OCCS1)C2,"methyl 3-((1R,3r,5S)-3-((2-methyl-5,6-dihydro-1,4-oxathiine-3-carboxamido)methyl)-8-azabicyclo[3.2.1]octan-8-yl)pyrazine-2-carboxylate",,COC(=O)c1nccnc1N1[C@@H]2CC[C@H]1C[C@@H](CNC(=O)C1=C(C)OCCS1)C2,
87646,C[C@]1(C(=O)N2CCC[C@H](CNC(=O)[C@H]3CC[C@](C)(O)CC3)C2)CC=CCC1,"(1r,4R)-4-hydroxy-4-methyl-N-(((3R)-1-(((1R)-1-methylcyclohex-3-en-1-yl)carbonyl)piperidin-3-yl)methyl)cyclohexanecarboxamide",,CC1(O)CCC(C(=O)NC[C@H]2CCCN(C(=O)[C@@]3(C)CC=CCC3)C2)CC1,
87721,CCCN1C[C@@H](C(=O)N[C@H]2C[C@](F)(CNC(=O)c3scnc3CC)C2)CC1=O,"4-ethyl-N-(((1R,3s)-1-fluoro-3-((3S)-5-oxo-1-propylpyrrolidine-3-carboxamido)cyclobutyl)methyl)-1,3-thiazole-5-carboxamide",,CCCN1CC(C(=O)N[C@H]2C[C@](F)(CNC(=O)c3scnc3CC)C2)CC1=O,
87771,CCS[C@H](C(=O)N[C@H]1C[C@@](C)(NC(=O)C[C@@H]2CC2(C)C)C1)C(C)C,"(2S)-N-((1R,3R)-3-(2-((1S)-2,2-dimethylcyclopropyl)acetamido)-3-methylcyclobutyl)-2-(ethylsulfanyl)-3-methylbutanamide",,CCSC(C(=O)N[C@H]1C[C@@](C)(NC(=O)C[C@@H]2CC2(C)C)C1)C(C)C,
87804,CN(C(=O)c1ncccc1Cl)C1CC(C(=O)N(C)[C@H]2C[C@@H]3C[C@@H]3C2)C1,"N-(3-(((1R,3s,5S)-bicyclo[3.1.0]hexan-3-yl)(methyl)carbamoyl)cyclobutyl)-3-chloro-N-methylpyridine-2-carboxamide",,CN(C(=O)c1ncccc1Cl)C1CC(C(=O)N(C)[C@@H]2C[C@H]3C[C@H]3C2)C1,
87830,Cc1nscc1C(=O)N[C@H]1CC[C@H]1CNC(=O)[C@]1(C(F)(F)F)C[C@@H](O)C1,"N-((1S,2S)-2-((3-hydroxy-1-(trifluoromethyl)cyclobutanecarboxamido)methyl)cyclobutyl)-3-methyl-1,2-thiazole-4-carboxamide",OC1CC(C1)(C(=O)NC[C@H]1[C@H](CC1)NC(=O)C=1C(=NSC1)C)C(F)(F)F,Cc1nscc1C(=O)N[C@H]1CC[C@H]1CNC(=O)[C@]1(C(F)(F)F)C[C@@H](O)C1,Cc1nscc1C(=O)N[C@H]1CC[C@H]1CNC(=O)C1(C(F)(F)F)CC(O)C1
87881,COc1ccc(NC(=O)[C@@H](CCSC)N2CCc3nn(C)cc3C2)c(C)c1,"(2R)-N-(4-methoxy-2-methylphenyl)-2-(2-methyl-4,5,6,7-tetrahydro-1H-pyrazolo[4,3-c]pyridin-5-yl)-4-(methylsulfanyl)butanamide",COC1=CC(=C(C=C1)NC([C@@H](CCSC)N1CC2=C(CC1)NN(C2)C)=O)C,COc1ccc(NC(=O)C(CCSC)N2CCc3nn(C)cc3C2)c(C)c1,COc1ccc(NC(=O)C(CCSC)N2CCC3=C(CN(C)N3)C2)c(C)c1
87923,CCO[C@H](C1CCCC1)[C@@H](C(=O)NC1(C)CC1)N1C[C@H]2[C@H](N(C)C)[C@H]2C1,"(2S,3R)-3-cyclopentyl-2-((1R,5S,6R)-6-(dimethylamino)-3-azabicyclo[3.1.0]hexan-3-yl)-3-ethoxy-N-(1-methylcyclopropyl)propanamide",,CCO[C@H](C1CCCC1)C(C(=O)NC1(C)CC1)N1C[C@@H]2[C@H](C1)[C@H]2N(C)C,
87962,C[C@@H]1OC(=O)N[C@@H]1C(=O)N1CCC[C@]2(CCCC[C@H]2NC(=O)[C@H]2C[C@@H]3C[C@@H]3C2)C1,"(1R,3s,5S)-N-((6R,7R)-2-(((4S,5S)-5-methyl-2-oxo-1,3-oxazolidin-4-yl)carbonyl)-2-azaspiro[5.5]undecan-7-yl)bicyclo[3.1.0]hexane-3-carboxamide",,C[C@@H]1OC(=O)NC1C(=O)N1CCC[C@]2(CCCC[C@H]2NC(=O)C2C[C@@H]3C[C@@H]3C2)C1,
87972,Cn1cnc(C(=O)NCCC2CCN(C(=O)[C@@H]3C[C@@H]4CC[C@H](C3)C4(F)F)CC2)n1,"N-(2-(1-(((1R,3r,5S)-8,8-difluorobicyclo[3.2.1]octan-3-yl)carbonyl)piperidin-4-yl)ethyl)-1-methyl-1H-1,2,4-triazole-3-carboxamide",,Cn1cnc(C(=O)NCCC2CCN(C(=O)C3C[C@H]4CC[C@@H](C3)C4(F)F)CC2)n1,
88069,COCCC1(C(=O)N2C[C@H]3[C@H](CNC(=O)[C@H]4CCS(=O)(=O)N4)[C@H]3C2)CCCC1,"(3R)-N-(((1R,5S,6r)-3-((1-(2-methoxyethyl)cyclopentyl)carbonyl)-3-azabicyclo[3.1.0]hexan-6-yl)methyl)-1,1-dioxo-1,2-thiazolidine-3-carboxamide",,COCCC1(C(=O)N2C[C@@H]3[C@@H](CNC(=O)C4CCS(=O)(=O)N4)[C@@H]3C2)CCCC1,
88070,CCc1oc(C)cc1C(=O)N[C@]1(C)C[C@H](C(=O)NC2CC(CCOC)C2)C1,"2-ethyl-N-((1s,3s)-3-((3-(2-methoxyethyl)cyclobutyl)carbamoyl)-1-methylcyclobutyl)-5-methylfuran-3-carboxamide",,CCc1oc(C)cc1C(=O)NC1(C)CC(C(=O)NC2CC(CCOC)C2)C1,
88133,CN(C)C(C)(C)CC(=O)NC[C@H]1[C@@H]2CN(C(=O)[C@@H](O)c3cccnc3)C[C@H]12,"3-(dimethylamino)-N-(((1R,5S,6S)-3-((2S)-2-hydroxy-1-oxo-2-(pyridin-3-yl)ethyl)-3-azabicyclo[3.1.0]hexan-6-yl)methyl)-3-methylbutanamide",,CN(C)C(C)(C)CC(=O)NC[C@@H]1[C@H]2CN(C(=O)C(O)c3cccnc3)C[C@@H]12,
88167,CC(C)Oc1nccc(C(=O)N2CCN(C(=O)[C@H]3C[C@@](C)(O)C3)[C@@H]3C[C@H]32)c1F,"1-(3-fluoro-2-isopropoxypyridin-4-yl)-1-((1R,6R)-5-(((1s,3S)-3-hydroxy-3-methylcyclobutyl)carbonyl)-2,5-diazabicyclo[4.1.0]heptan-2-yl)methanone",,CC(C)Oc1nccc(C(=O)N2CCN(C(=O)C3CC(C)(O)C3)[C@@H]3C[C@H]32)c1F,
88181,C[C@H](CC1CCN(C(=O)c2cccc(N)c2N)CC1)NC(=O)[C@H]1C[C@@](F)(CO)C1,"(1r,3R)-N-((2R)-1-(1-((2,3-diaminophenyl)carbonyl)piperidin-4-yl)propan-2-yl)-3-fluoro-3-(hydroxymethyl)cyclobutanecarboxamide",,C[C@H](CC1CCN(C(=O)c2cccc(N)c2N)CC1)NC(=O)C1CC(F)(CO)C1,
88183,CC(C)N(CCC(=O)N=c1ccn(CC2CC2)[nH]1)C(=O)[C@@H]1[C@H]2CCCC[C@H]21,"N-(1-(cyclopropylmethyl)-1H,2H-pyrazol-3-ylidene)-3-(N-(propan-2-yl)(1R,6S,7r)-bicyclo[4.1.0]heptane-7-carboxamido)propanamide",,CC(C)N(CCC(=O)Nc1ccn(CC2CC2)n1)C(=O)C1[C@H]2CCCC[C@@H]12,
88186,CO[C@H]1C[C@@H](C)CN(C(=O)C[C@H]2[C@@H]3CN(C(=O)c4ncncc4Cl)C[C@H]23)C1,"2-((1R,5S,6s)-3-((5-chloropyrimidin-4-yl)carbonyl)-3-azabicyclo[3.1.0]hexan-6-yl)-1-((3S,5R)-3-methoxy-5-methylpiperidin-1-yl)ethan-1-one",,CO[C@H]1C[C@@H](C)CN(C(=O)C[C@@H]2[C@H]3CN(C(=O)c4ncncc4Cl)C[C@@H]23)C1,
88230,COc1cnc(SC)nc1N1C[C@@H]2[C@H](C(=O)N(C)CC#N)[C@@H]2C1,"(1R,5S,6s)-3-(5-methoxy-2-(methylsulfanyl)pyrimidin-4-yl)-N-methyl-N-(2-nitriloethyl)-3-azabicyclo[3.1.0]hexane-6-carboxamide",,COc1cnc(SC)nc1N1C[C@@H]2C(C(=O)N(C)CC#N)[C@@H]2C1,
88274,COCc1nc(C)ncc1C(=O)N[C@H]1C[C@](F)(CNC(=O)[C@H]2CCNC2=O)C1,"N-((1R,3s)-3-fluoro-3-(((3S)-2-oxopyrrolidine-3-carboxamido)methyl)cyclobutyl)-4-(methoxymethyl)-2-methylpyrimidine-5-carboxamide",,COCc1nc(C)ncc1C(=O)N[C@H]1C[C@](F)(CNC(=O)C2CCNC2=O)C1,
88309,NC(=O)CCC(=O)N[C@]1(C(=O)NCCC[C@@H]2CCCCO2)C[C@H](O)C1,"N'-((1s,3R)-3-hydroxy-1-((3-((2S)-oxan-2-yl)propyl)carbamoyl)cyclobutyl)butanediamide",,NC(=O)CCC(=O)N[C@]1(C(=O)NCCC[C@@H]2CCCCO2)C[C@H](O)C1,
88331,CC1(C)CCC[C@H]1C(=O)N[C@H]1C[C@](C)(NC(=O)CCc2cccs2)C1,"(1R)-2,2-dimethyl-N-((1r,3R)-3-methyl-3-(3-(thiophen-2-yl)propanamido)cyclobutyl)cyclopentanecarboxamide",,CC1(C)CCCC1C(=O)N[C@H]1C[C@](C)(NC(=O)CCc2cccs2)C1,
88356,CN(C[C@H]1[C@@H]2CN(C(=O)c3cncc(N)n3)C[C@H]12)C(=O)CN1CC=CC1,"N-(((1R,5S,6r)-3-((6-aminopyrazin-2-yl)carbonyl)-3-azabicyclo[3.1.0]hexan-6-yl)methyl)-2-(2,5-dihydro-1H-pyrrol-1-yl)-N-methylacetamide",,CN(C[C@@H]1[C@H]2CN(C(=O)c3cncc(N)n3)C[C@@H]12)C(=O)CN1CC=CC1,
88402,CCN(CCCNC(=O)[C@@H]1C[C@@H]2C[C@@H]2C1)C(=O)COCc1nc[nH]n1,"(1R,3r,5S)-N-(3-(N-ethyl-2-(((1H-1,2,4-triazol-3-yl)methyl)oxy)acetamido)propyl)bicyclo[3.1.0]hexane-3-carboxamide",,CCN(CCCNC(=O)C1C[C@@H]2C[C@@H]2C1)C(=O)COCc1nc[nH]n1,
88431,CCC[C@H](F)C(=O)N[C@@H]1C[C@H]2[C@@H](C1)[C@@H]2NC(=O)c1ncc(Cl)cc1O,"(2S)-N-((1R,3r,5S,6S)-6-(5-chloro-3-hydroxypyridine-2-carboxamido)bicyclo[3.1.0]hexan-3-yl)-2-fluoropentanamide",,CCCC(F)C(=O)N[C@H]1C[C@@H]2[C@H](C1)[C@H]2NC(=O)c1ncc(Cl)cc1O,
88434,CCOC(=O)[C@H]1C[C@](F)(C(=O)N(C)C[C@H]2CCN(C(=O)[C@@H](O)CC(C)C)C2)C1,"ethyl (1S,3s)-3-fluoro-3-((((3R)-1-((2S)-2-hydroxy-4-methyl-pentanoyl)pyrrolidin-3-yl)methyl)(methyl)carbamoyl)cyclobutanecarboxylate",,CCOC(=O)C1CC(F)(C(=O)N(C)C[C@H]2CCN(C(=O)C(O)CC(C)C)C2)C1,
88462,CCOCC(=O)NC[C@]1(F)CC[C@H](CNC(=O)CCNC(=O)C2CCC2)CC1,"3-cyclobutanecarboxamido-N-(((1r,4r)-4-((2-ethoxyacetamido)methyl)-4-fluorocyclohexyl)methyl)propanamide",,CCOCC(=O)NC[C@]1(F)CC[C@H](CNC(=O)CCNC(=O)C2CCC2)CC1,
88469,CN(C(=O)c1cccc(C(N)=O)n1)[C@H]1[C@@H]2CN(C(=O)c3cc([N+](=O)[O-])n[nH]3)C[C@@H]21,"N'-methyl-N'-((1R,5S,6s)-3-((3-nitro-1H-pyrazol-5-yl)carbonyl)-3-azabicyclo[3.1.0]hexan-6-yl)pyridine-2,6-dicarboxamide",,CN(C(=O)c1cccc(C(N)=O)n1)[C@H]1[C@@H]2CN(C(=O)c3cc([N+](=O)[O-])[nH]n3)C[C@@H]21,
88499,CC(=O)N1CCC[C@@H]1C(=O)N1C[C@H]2[C@@H](C1)[C@@H]2C(=O)N1CCC(=O)NC[C@@H]1C,"(2S)-1-(((1R,5S,6R)-3-(((2R)-1-(acetyl)pyrrolidin-2-yl)carbonyl)-3-azabicyclo[3.1.0]hexan-6-yl)carbonyl)-2-methyl-1,4-diazepan-5-one",,CC(=O)N1CCCC1C(=O)N1C[C@@H]2C(C(=O)N3CCC(=O)NC[C@@H]3C)[C@@H]2C1,
88517,O=C(N[C@@H]1[C@H]2C[C@H](NC(=O)[C@@H]3CC34CC4)C[C@H]21)c1snnc1C1CC1,"4-cyclopropyl-N-((1R,3s,5S,6R)-3-((1R)-spiro[2.2]pentane-1-carboxamido)bicyclo[3.1.0]hexan-6-yl)-1,2,3-thiadiazole-5-carboxamide",,O=C(N[C@H]1[C@@H]2C[C@@H](NC(=O)C3CC34CC4)C[C@@H]21)c1snnc1C1CC1,
88620,CCOC(=O)[C@H](OC)C(=O)N[C@]1(C)CCCC[C@H]1C(=O)N[C@@H]1[C@H]2CCC[C@H]21,"ethyl (2R)-2-(((1R,2R)-2-(((1R,5S,6r)-bicyclo[3.1.0]hexan-6-yl)carbamoyl)-1-methylcyclohexyl)carbamoyl)-2-methoxyacetate",,CCOC(=O)C(OC)C(=O)N[C@]1(C)CCCCC1C(=O)N[C@H]1[C@@H]2CCC[C@@H]21,
88631,CC1=N[C@H](C(=O)N2CCC3(CC2)OC2(C)CC3(NC(=O)[C@H]3C[C@@H](C)CO3)C2)CS1,"(2R,4R)-4-methyl-N-(1-methylspiro[2-oxabicyclo[2.1.1]hexane-3,4'-(1-(1-azacyclohexan-1-yl)-1-((4R)-2-methyl-4,5-dihydro-1,3-thiazol-4-yl)methanone)]-4-yl)oxolane-2-carboxamide",,CC1=NC(C(=O)N2CCC3(CC2)OC2(C)CC3(NC(=O)C3C[C@@H](C)CO3)C2)CS1,
88651,Cc1nn(CC(=O)NC[C@H]2CCC3(CN(C(=O)[C@H]4C[C@](F)(CO)C4)C3)O2)c(=O)o1,"N-(((6R)-2-(((1s,3S)-3-fluoro-3-(hydroxymethyl)cyclobutyl)carbonyl)-5-oxa-2-azaspiro[3.4]octan-6-yl)methyl)-2-(5-methyl-2-oxo-3H-1,3,4-oxadiazol-3-yl)acetamide",,Cc1nn(CC(=O)NC[C@H]2CCC3(CN(C(=O)C4CC(F)(CO)C4)C3)O2)c(=O)o1,
88658,NS(=O)(=O)c1ccc(F)c(C(=O)N[C@H]2C[C@@H]3CC[C@H](C2)N3Cc2cnccn2)c1,"5-(sulfamoyl)-2-fluoro-N-((1R,3s,5S)-8-((pyrazin-2-yl)methyl)-8-azabicyclo[3.2.1]octan-3-yl)benzamide",,NS(=O)(=O)c1ccc(F)c(C(=O)N[C@@H]2C[C@H]3CC[C@@H](C2)N3Cc2cnccn2)c1,
88673,C#Cc1ccc(CC(=O)NC[C@]2(O)C[C@@H]3CC[C@H](C2)N3C(=O)CCC(N)=O)cc1,"4-((1R,3s,5S)-3-((2-(4-(ethynyl)phenyl)acetamido)methyl)-3-hydroxy-8-azabicyclo[3.2.1]octan-8-yl)-4-oxobutanamide",,C#Cc1ccc(CC(=O)NC[C@@]2(O)C[C@H]3CC[C@@H](C2)N3C(=O)CCC(N)=O)cc1,
88674,COC1(C(=O)NC[C@]2(F)C[C@@H](NC(=O)c3cccc(SC)c3)C2)CCSCC1,"N-(((1s,3s)-1-fluoro-3-(3-(methylsulfanyl)benzamido)cyclobutyl)methyl)-4-methoxythiane-4-carboxamide",,COC1(C(=O)NC[C@]2(F)C[C@@H](NC(=O)c3cccc(SC)c3)C2)CCSCC1,
88688,Cc1ccc(C)c(C(=O)N2CC(O)([C@H](C)NC(=O)[C@H]3C[C@](F)(CO)C3)C2)c1C,"(1s,3R)-3-fluoro-N-((1S)-1-(3-hydroxy-1-((2,3,6-trimethylphenyl)carbonyl)azetidin-3-yl)ethyl)-3-(hydroxymethyl)cyclobutanecarboxamide",,Cc1ccc(C)c(C(=O)N2CC(O)([C@H](C)NC(=O)C3CC(F)(CO)C3)C2)c1C,
88696,CCCN(CCC)C(=O)[C@]1(c2c(F)cccc2F)C[C@@H](NC(=O)C2[C@H](C)[C@H]2C)C1,"(1R,3r)-1-(2,6-difluorophenyl)-3-((2R,3R)-2,3-dimethylcyclopropanecarboxamido)-N,N-dipropylcyclobutanecarboxamide",,CCCN(CCC)C(=O)[C@]1(c2c(F)cccc2F)C[C@@H](NC(=O)C2[C@H](C)[C@H]2C)C1,
88730,O=C1NC[C@H](C(=O)N[C@H]2[C@@H]3CN(c4nnc(C5CC5)o4)C[C@@H]32)N1,"(4R)-N-((1R,5S,6s)-3-(5-cyclopropyl-1,3,4-oxadiazol-2-yl)-3-azabicyclo[3.1.0]hexan-6-yl)-2-oxoimidazolidine-4-carboxamide",,O=C1NCC(C(=O)N[C@H]2[C@@H]3CN(c4nnc(C5CC5)o4)C[C@@H]32)N1,
88793,Cc1cc(C(=O)N[C@@H](C)CCCNC(=O)[C@H]2C[C@@H]3CC[C@H](C2)O3)nnc1C,"5,6-dimethyl-N-((2S)-5-((1R,3s,5S)-8-oxabicyclo[3.2.1]octane-3-carboxamido)pentan-2-yl)pyridazine-3-carboxamide",,Cc1cc(C(=O)N[C@@H](C)CCCNC(=O)C2C[C@H]3CC[C@@H](C2)O3)nnc1C,
88868,COC[C@H](NC(=O)Cc1nonc1C)C(=O)N1[C@H]2CC[C@@H]1C[C@@H](OC)C2,"N-((2S)-1-methoxy-3-((1R,3R,5S)-3-methoxy-8-azabicyclo[3.2.1]octan-8-yl)-3-oxopropan-2-yl)-2-(4-methyl-1,2,5-oxadiazol-3-yl)acetamide",,COCC(NC(=O)Cc1nonc1C)C(=O)N1[C@@H]2CC[C@H]1C[C@H](OC)C2,
88881,COCC(F)(F)C(=O)NCCc1ccc(CNC(=O)[C@@H]2[C@H]3CCC[C@H]32)cc1,"N-(2-(4-(((1R,5S,6r)-bicyclo[3.1.0]hexane-6-carboxamido)methyl)phenyl)ethyl)-2,2-difluoro-3-methoxypropanamide",,COCC(F)(F)C(=O)NCCc1ccc(CNC(=O)C2[C@H]3CCC[C@@H]23)cc1,
88883,Cc1cc(C)n(CC(=O)NC[C@H]2[C@@H]3CN(C(=O)c4nonc4N)C[C@H]23)n1,"N-(((1R,5S,6r)-3-((4-amino-1,2,5-oxadiazol-3-yl)carbonyl)-3-azabicyclo[3.1.0]hexan-6-yl)methyl)-2-(3,5-dimethyl-1H-pyrazol-1-yl)acetamide",,Cc1cc(C)n(CC(=O)NC[C@@H]2[C@H]3CN(C(=O)c4nonc4N)C[C@@H]23)n1,
88926,CCC(C)(C)OCC(=O)N[C@H]1C[C@](F)(CNC(=O)C2CC3(CCOC3)C2)C1,"N-((1s,3s)-3-fluoro-3-((6-oxaspiro[3.4]octane-2-carboxamido)methyl)cyclobutyl)-2-((2-methylbutan-2-yl)oxy)acetamide",,CCC(C)(C)OCC(=O)N[C@H]1C[C@](F)(CNC(=O)C2CC3(CCOC3)C2)C1,
88993,Cc1ccc(CC(=O)N[C@@H]2[C@@H]3CN(Cc4ccc([N+](=O)[O-])s4)C[C@@H]32)cc1,"2-(4-methylphenyl)-N-((1R,5S,6r)-3-((5-nitrothiophen-2-yl)methyl)-3-azabicyclo[3.1.0]hexan-6-yl)acetamide",,Cc1ccc(CC(=O)N[C@@H]2[C@@H]3CN(Cc4ccc([N+](=O)[O-])s4)C[C@@H]32)cc1,
89015,Cc1ccn(CC(=O)NCc2ocnc2C(=O)N[C@@H]2[C@H]3CCCCC[C@H]32)c1,"N-((4-(((1R,7S,8r)-bicyclo[5.1.0]octan-8-yl)carbamoyl)-1,3-oxazol-5-yl)methyl)-2-(3-methyl-1H-pyrrol-1-yl)acetamide",,Cc1ccn(CC(=O)NCc2ocnc2C(=O)N[C@H]2[C@@H]3CCCCC[C@@H]32)c1,
89040,O=C(NCC1(O)CN(C(=O)C2=C(Cl)CC2)C1)[C@@H]1C[C@@H]2CS(=O)(=O)C[C@@H]2C1,"(1R,5S,7r)-N-((1-((2-chlorocyclobut-1-en-1-yl)carbonyl)-3-hydroxyazetidin-3-yl)methyl)-3,3-dioxo-3lambda^6-thiabicyclo[3.3.0]octane-7-carboxamide",,O=C(NCC1(O)CN(C(=O)C2=C(Cl)CC2)C1)C1C[C@@H]2CS(=O)(=O)C[C@@H]2C1,
89126,COC[C@H](O)C(=O)NC[C@]1(F)CC[C@H](CNC(=O)[C@@H]2[C@H]3CCCO[C@H]32)CC1,"(2S)-N-(((1R,4S)-1-fluoro-4-(((1R,6R,7R)-2-oxabicyclo[4.1.0]heptane-7-carboxamido)methyl)cyclohexyl)methyl)-2-hydroxy-3-methoxypropanamide",,COCC(O)C(=O)NC[C@]1(F)CC[C@H](CNC(=O)C2[C@H]3CCCO[C@@H]23)CC1,
89132,C=CCN=c1[nH]c(C(=O)N(C)[C@H]2C[C@@H]3CC[C@H](C2)N3C(=O)OC(C)(C)C)cs1,"tert-butyl (1R,3s,5S)-3-(N-methyl-2-((prop-2-en-1-yl)imino)-3H-1,3-thiazole-4-carboxamido)-8-azabicyclo[3.2.1]octane-8-carboxylate",,C=CCNc1nc(C(=O)N(C)[C@@H]2C[C@H]3CC[C@@H](C2)N3C(=O)OC(C)(C)C)cs1,
89214,CC1(C)O[C@H]2C[C@@H](C(=O)NC[C@H](CO)NC(=O)c3ncncc3Cl)C[C@H]2O1,"5-chloro-N-((2R)-1-((1R,5S,7r)-3,3-dimethyl-2,4-dioxabicyclo[3.3.0]octane-7-carboxamido)-3-hydroxypropan-2-yl)pyrimidine-4-carboxamide",,CC1(C)O[C@H]2CC(C(=O)NC[C@H](CO)NC(=O)c3ncncc3Cl)C[C@H]2O1,
89241,CC(F)(F)C(C)(C)C(=O)N[C@H]1C[C@H]2C[C@@H](NC(=O)[C@](C)(O)C(C)(C)C)C[C@H]2C1,"(2R)-N-((2r,3aR,5S,6aS)-5-(3,3-difluoro-2,2-dimethylbutanamido)octahydropentalen-2-yl)-2-hydroxy-2,3,3-trimethylbutanamide",,CC(F)(F)C(C)(C)C(=O)N[C@@H]1C[C@@H]2C[C@H](NC(=O)[C@](C)(O)C(C)(C)C)C[C@@H]2C1,
89301,CON=CC(=O)N(C)[C@H]1[C@@H]2CN(C(=O)C3CN(C(=O)OC(C)(C)C)C3)C[C@@H]21,"tert-butyl 3-(((1R,5S,6s)-6-(N-methyl-2-(methoxyimino)acetamido)-3-azabicyclo[3.1.0]hexan-3-yl)carbonyl)azetidine-1-carboxylate",,CON=CC(=O)N(C)[C@H]1[C@@H]2CN(C(=O)C3CN(C(=O)OC(C)(C)C)C3)C[C@@H]21,
89318,CO[C@H]1C[C@H](C(=O)N[C@@H]2C[C@@H]3CC[C@@]2(NC(=O)c2cc(C)c(Cl)s2)C3)C[C@H]1OC,"5-chloro-N-((1R,2R,4S)-2-((1s,3R,4S)-3,4-dimethoxycyclopentanecarboxamido)bicyclo[2.2.1]heptan-1-yl)-4-methylthiophene-2-carboxamide",,CO[C@H]1CC(C(=O)N[C@@H]2C[C@@H]3CC[C@@]2(NC(=O)c2cc(C)c(Cl)s2)C3)C[C@H]1OC,
89320,O=C(N[C@]12C[C@H]1CN(C(=O)[C@@H]1C[C@@H]3C[C@@H]3C1)C2)c1n[nH]c2c1CCSC2,"N-((1R,5S)-3-(((1R,3r,5S)-bicyclo[3.1.0]hexan-3-yl)carbonyl)-3-azabicyclo[3.1.0]hexan-1-yl)-3-thia-8,9-diazabicyclo[4.3.0]nona-1(6),7-diene-7-carboxamide",,O=C(N[C@]12C[C@H]1CN(C(=O)C1C[C@@H]3C[C@@H]3C1)C2)c1[nH]nc2c1CCSC2,
89325,CC[C@H](C)[C@H](C)C(=O)N[C@H]1C[C@]2(CCCCN2C(=O)[C@H]2CCCn3cnnc32)C1,"(2S,3S)-2,3-dimethyl-N-(5-(((8S)-5,6,7,8-tetrahydro[1,2,4]triazolo[4,3-a]pyridin-8-yl)carbonyl)-5-azaspiro[3.5]nonan-2-yl)pentanamide",C[C@H](C(=O)NC1CC2(C1)N(CCCC2)C(=O)[C@@H]2C=1N(CCC2)C=NN1)[C@H](CC)C,CC[C@H](C)C(C)C(=O)N[C@H]1C[C@]2(CCCCN2C(=O)C2CCCn3cnnc32)C1,CC[C@H](C)C(C)C(=O)NC1CC2(CCCCN2C(=O)C2CCCn3cnnc32)C1
89359,Cc1cc(COCC(=O)N2CCC3(CC2)C[C@H]3NC(=O)[C@H]2[C@@H](C)[C@H]2C)on1,"(1s,2R,3S)-2,3-dimethyl-N-((1R)-6-(2-(((3-methyl-1,2-oxazol-5-yl)methyl)oxy)-acetyl)-6-azaspiro[2.5]octan-1-yl)cyclopropanecarboxamide",,Cc1cc(COCC(=O)N2CCC3(CC2)C[C@H]3NC(=O)C2[C@@H](C)[C@H]2C)on1,
89392,CCOC(=O)CCC(=O)OCC(CC)(CC)SC,4-2-ethyl-2-(methylsulfanyl)butyl 1-ethyl butanedioate,,CCOC(=O)CCC(=O)OCC(CC)(CC)SC,
89434,CC1(C(=O)N[C@H]2C[C@@](C)(NC(=O)c3ccc(C4CC4)cc3F)C2)COC1,"N-((1s,3s)-3-(4-cyclopropyl-2-fluorobenzamido)-3-methylcyclobutyl)-3-methyloxetane-3-carboxamide",,CC1(C(=O)N[C@H]2C[C@@](C)(NC(=O)c3ccc(C4CC4)cc3F)C2)COC1,
89459,CC(C)[C@@H](O)C(=O)N1CC[C@](O)([C@@H](C)NC(=O)Cn2nc3c(n2)CCCC3)C1,"N-((1R)-1-((3R)-3-hydroxy-1-((2R)-2-hydroxy-3-methyl-butyryl)pyrrolidin-3-yl)ethyl)-2-(4,5,6,7-tetrahydro-1H-benzotriazol-2-yl)acetamide",O[C@]1(CN(CC1)C([C@@H](C(C)C)O)=O)[C@@H](C)NC(CN1NC2=C(N1)CCCC2)=O,CC(C)C(O)C(=O)N1CC[C@](O)([C@@H](C)NC(=O)Cn2nc3c(n2)CCCC3)C1,CC(C)C(O)C(=O)N1CC[C@](O)([C@@H](C)NC(=O)CN2NC3=C(CCCC3)N2)C1
89510,C[C@H]1[C@@H]2CN(C(=O)c3cnc(CNC(=O)c4cn(C)ccc4=O)nc3)C[C@H]12,"1-methyl-N-((5-(((1R,5S,6s)-6-methyl-3-azabicyclo[3.1.0]hexan-3-yl)carbonyl)pyrimidin-2-yl)methyl)-4-oxo-1H-pyridine-3-carboxamide",,C[C@@H]1[C@H]2CN(C(=O)c3cnc(CNC(=O)c4cn(C)ccc4=O)nc3)C[C@@H]12,
89515,CC(C)(O)C(C)(C)C(=O)NCc1ncccc1C(=O)NC[C@H]1C[C@@H]2CC[C@@H]2C1,"N-((3-((((1R,3s,5S)-bicyclo[3.2.0]heptan-3-yl)methyl)carbamoyl)pyridin-2-yl)methyl)-3-hydroxy-2,2,3-trimethylbutanamide",,CC(C)(O)C(C)(C)C(=O)NCc1ncccc1C(=O)NC[C@@H]1C[C@H]2CC[C@H]2C1,
89692,CCOCCO[C@H](C)C(=O)N[C@H]1C[C@@](C)(NC(=O)c2cc(C(N)=O)cn2C)C1,"(2R)-N-((1s,3S)-3-(4-carbamoyl-1-methyl-1H-pyrrole-2-carboxamido)-3-methylcyclobutyl)-2-((2-ethoxyethyl)oxy)propanamide",,CCOCCOC(C)C(=O)N[C@H]1C[C@@](C)(NC(=O)c2cc(C(N)=O)cn2C)C1,
89748,CN(C)CCCN(CCNC(=O)c1ccsc1)C(=O)[C@H]1C[C@H]2[C@@H](C1)C2(C)C,"N-(2-(N-(3-(dimethylamino)propyl)(1R,3s,5S)-6,6-dimethylbicyclo[3.1.0]hexane-3-carboxamido)ethyl)thiophene-3-carboxamide",,CN(C)CCCN(CCNC(=O)c1ccsc1)C(=O)C1C[C@@H]2[C@H](C1)C2(C)C,
89764,C[C@H]1CN(C(=O)c2cc(Br)c(F)cc2N)C[C@H]1NC(=O)[C@H]1C[C@](F)(CO)C1,"(1s,3R)-N-((3S,4S)-1-((2-amino-5-bromo-4-fluorophenyl)carbonyl)-4-methylpyrrolidin-3-yl)-3-fluoro-3-(hydroxymethyl)cyclobutanecarboxamide",,C[C@H]1CN(C(=O)c2cc(Br)c(F)cc2N)C[C@H]1NC(=O)C1CC(F)(CO)C1,
89835,COc1cccc(NC(=O)CN(C)C(=O)COC(=O)[C@H]2[C@@H]3CS(=O)(=O)C[C@@H]32)c1,"2-((2-((3-methoxyphenyl)amino)-2-oxoethyl)(methyl)amino)-2-oxoethyl (1R,5S,6s)-3,3-dioxo-3lambda^6-thiabicyclo[3.1.0]hexane-6-carboxylate",,COc1cccc(NC(=O)CN(C)C(=O)COC(=O)C2[C@H]3CS(=O)(=O)C[C@@H]23)c1,
89874,Cc1ccc(C(=O)N2[C@H]3CC[C@@H]2C[C@@H](CNC(=O)C[C@H]2C=CCC2)C3)nn1,"2-((1S)-cyclopent-2-en-1-yl)-N-(((1R,3s,5S)-8-((6-methylpyridazin-3-yl)carbonyl)-8-azabicyclo[3.2.1]octan-3-yl)methyl)acetamide",,Cc1ccc(C(=O)N2[C@@H]3CC[C@H]2C[C@H](CNC(=O)C[C@H]2C=CCC2)C3)nn1,
89875,CC(C)[C@H](O)CC(=O)NC[C@H]1[C@@H]2CN(C(=O)c3ccc(-c4cscn4)nc3)C[C@H]12,"(3R)-3-hydroxy-4-methyl-N-(((1R,5S,6r)-3-((6-(1,3-thiazol-4-yl)pyridin-3-yl)carbonyl)-3-azabicyclo[3.1.0]hexan-6-yl)methyl)pentanamide",,CC(C)[C@H](O)CC(=O)NC[C@@H]1[C@H]2CN(C(=O)c3ccc(-c4cscn4)nc3)C[C@@H]12,
89922,C[C@@H](CC(=O)N[C@H]1C[C@H]2C[C@@H](NC(=O)[C@H](C)O)C[C@H]2C1)NC(=O)OC(C)(C)C,"tert-butyl (((2S)-4-(((2R,3aR,5S,6aS)-5-((2S)-2-hydroxypropanamido)octahydropentalen-2-yl)amino)-4-oxobutan-2-yl)amino)formate",,CC(O)C(=O)N[C@H]1C[C@H]2C[C@@H](NC(=O)C[C@H](C)NC(=O)OC(C)(C)C)C[C@H]2C1,
89946,C=CCC(=O)N[C@@H](CNC(=O)[C@@H]1[C@H]2CC[C@H]21)C(C)C,"N-((2R)-1-((1R,4S,5r)-bicyclo[2.1.0]pentane-5-carboxamido)-3-methylbutan-2-yl)but-3-enamide",,C=CCC(=O)N[C@@H](CNC(=O)C1[C@H]2CC[C@@H]12)C(C)C,
89964,CCCC1(C(=O)N2C[C@@H]3C[C@H](NC(=O)CSC(C)C)C[C@@H](C3)C2)CC(=O)C1,"N-((1R,5S,7s)-3-((3-oxo-1-propylcyclobutyl)carbonyl)-3-azabicyclo[3.3.1]nonan-7-yl)-2-((propan-2-yl)sulfanyl)acetamide",,CCCC1(C(=O)N2C[C@@H]3C[C@@H](C[C@H](NC(=O)CSC(C)C)C3)C2)CC(=O)C1,
89976,CCC=CC(=O)N[C@H]1CC[C@]2(CC1)CN(C(=O)[C@@H]1CC[C@]3(CCOC3)O1)CCO2,"N-(4-(((2S,5R)-1,7-dioxaspiro[4.4]nonan-2-yl)carbonyl)-1-oxa-4-azaspiro[5.5]undecan-9-yl)pent-2-enamide",O1[C@@H](CC[C@@]12COCC2)C(=O)N2CCOC1(C2)CCC(CC1)NC(C=CCC)=O,CCC=CC(=O)N[C@H]1CC[C@]2(CC1)CN(C(=O)C1CC[C@]3(CCOC3)O1)CCO2,CCC=CC(=O)NC1CCC2(CC1)CN(C(=O)C1CC[C@]3(CCOC3)O1)CCO2
90001,C#C[C@]1(O)C[C@@H](C(=O)N[C@H](CCNC(=O)[C@H](C)Cc2ccncc2)C(C)C)C1,"(1s,3S)-3-(ethynyl)-3-hydroxy-N-((3R)-4-methyl-1-((2R)-2-methyl-3-(pyridin-4-yl)propanamido)pentan-3-yl)cyclobutanecarboxamide",,C#CC1(O)CC(C(=O)N[C@H](CCNC(=O)C(C)Cc2ccncc2)C(C)C)C1,
90007,O=C(N[C@H]1[C@@H]2CN(c3ncc([N+](=O)[O-])cn3)C[C@@H]21)c1cccc2c1COCC2,"N-((1R,5S,6s)-3-(5-nitropyrimidin-2-yl)-3-azabicyclo[3.1.0]hexan-6-yl)-3,4-dihydro-1H-2-benzopyran-8-carboxamide",,O=C(N[C@H]1[C@@H]2CN(c3ncc([N+](=O)[O-])cn3)C[C@@H]21)c1cccc2c1COCC2,
90009,Cc1cc(C(=O)NC[C@]2(F)C[C@@H](NC(=O)CCc3c(C)ncnc3O)C2)n[nH]1,"N-(((1s,3s)-1-fluoro-3-(3-(4-hydroxy-6-methylpyrimidin-5-yl)propanamido)cyclobutyl)methyl)-5-methyl-1H-pyrazole-3-carboxamide",,Cc1cc(C(=O)NC[C@]2(F)C[C@@H](NC(=O)CCc3c(C)[nH]cnc3=O)C2)[nH]n1,
90027,O=C([C@@H]1C=CCS1)N1[C@H]2CC[C@@H]1C[C@@H](NC(=O)C13C[C@@H]4CC1C[C@H](C4)C3)C2,"(1S,5S)-N-((1R,3R,5S)-8-(((2S)-2,5-dihydrothiophen-2-yl)carbonyl)-8-azabicyclo[3.2.1]octan-3-yl)tricyclo[3.3.1.0^{3,7}]nonane-7-carboxamide",,O=C(C1C=CCS1)N1[C@@H]2CC[C@H]1C[C@H](NC(=O)C13C[C@@H]4CC1C[C@H](C4)C3)C2,
90047,CN(C(=O)c1cncs1)[C@H]1C[C@@H]2CC[C@H](C1)N2C(=O)[C@@H]1CC(=O)NC1(C)C,"N-((1R,3S,5S)-8-(((3R)-2,2-dimethyl-5-oxopyrrolidin-3-yl)carbonyl)-8-azabicyclo[3.2.1]octan-3-yl)-N-methyl-1,3-thiazole-5-carboxamide",,CN(C(=O)c1cncs1)[C@@H]1C[C@H]2CC[C@@H](C1)N2C(=O)C1CC(=O)NC1(C)C,
90095,CC12CC(C(=O)N3[C@H]4CC[C@@H]3C[C@@H](NC(=O)CCc3ccc(F)cc3)C4)(C1)C2,"3-(4-fluorophenyl)-N-((1R,3s,5S)-8-((3-methylbicyclo[1.1.1]pentan-1-yl)carbonyl)-8-azabicyclo[3.2.1]octan-3-yl)propanamide",,CC12CC(C(=O)N3[C@@H]4CC[C@H]3C[C@H](NC(=O)CCc3ccc(F)cc3)C4)(C1)C2,
90173,N#Cc1ccc(C(=O)N2CCN(C(=O)[C@H]3C[C@@H]4CC[C@H](C3)O4)CC2)cc1,"4-((4-(((1R,3s,5S)-8-oxabicyclo[3.2.1]octan-3-yl)carbonyl)piperazin-1-yl)carbonyl)benzonitrile",,N#Cc1ccc(C(=O)N2CCN(C(=O)C3C[C@H]4CC[C@@H](C3)O4)CC2)cc1,
90273,Cc1ccc(CN(CCO)N2C[C@H](C)[C@@H](O)[C@H](C)C2)o1,"(3R,4r,5S)-3,5-dimethyl-1-(((5-methylfuran-2-yl)methyl)(2-hydroxyethyl)amino)piperidin-4-ol",,Cc1ccc(CN(CCO)N2C[C@@H](C)[C@H](O)[C@@H](C)C2)o1,
90279,CC(C)(C)[C@H](C#N)C(=O)N1[C@H]2CC[C@@H]1C[C@H](NC(=O)c1cnn3c1CCC3)C2,"N-((1R,3R,5S)-8-((2R)-2-cyano-3,3-dimethyl-butyryl)-8-azabicyclo[3.2.1]octan-3-yl)-1,2-diazabicyclo[3.3.0]octa-2,4-diene-4-carboxamide",,CC(C)(C)C(C#N)C(=O)N1[C@@H]2CC[C@H]1C[C@@H](NC(=O)c1cnn3c1CCC3)C2,
90363,CC(C)CCC[C@H](C)C(=O)N[C@H]1C[C@@](C)(NC(=O)[C@H](O)C2CCCCC2)C1,"(2S)-N-((1S,3R)-3-((2R)-2-cyclohexyl-2-hydroxyacetamido)-3-methylcyclobutyl)-2,6-dimethylheptanamide",,CC(C)CCCC(C)C(=O)N[C@H]1C[C@@](C)(NC(=O)C(O)C2CCCCC2)C1,
90366,C[C@@H]1CC=C(C(=O)N2C[C@H]3[C@H](NC(=O)C=Cc4ccc(=N)[nH]c4)[C@H]3C2)CC1,"3-(6-imino-1H-pyridin-3-yl)-N-((1R,5S,6R)-3-(((4S)-4-methylcyclohex-1-en-1-yl)carbonyl)-3-azabicyclo[3.1.0]hexan-6-yl)prop-2-enamide",,C[C@@H]1CC=C(C(=O)N2C[C@@H]3[C@H](C2)[C@H]3NC(=O)C=Cc2ccc(N)nc2)CC1,
90373,COC(=O)c1c(C(=O)NC[C@H]2C[C@](F)(CNC(=O)[C@H]3CCCO3)C2)n[nH]c1C,"methyl 3-((((1S,3s)-3-fluoro-3-(((2R)-oxolane-2-carboxamido)methyl)cyclobutyl)methyl)carbamoyl)-5-methyl-1H-pyrazole-4-carboxylate",,COC(=O)c1c(C(=O)NC[C@H]2C[C@](F)(CNC(=O)C3CCCO3)C2)n[nH]c1C,
90389,C[C@@H]1CN(C(=O)CN(C)CCO)C[C@@H]1CNC(=O)[C@H]1C[C@](F)(CO)C1,"(1s,3R)-3-fluoro-N-(((3S,4S)-1-(2-((2-hydroxyethyl)(methyl)amino)-acetyl)-4-methylpyrrolidin-3-yl)methyl)-3-(hydroxymethyl)cyclobutanecarboxamide",,C[C@@H]1CN(C(=O)CN(C)CCO)C[C@@H]1CNC(=O)C1CC(F)(CO)C1,
90414,CN(CC(=O)NC[C@@H](NC(=O)[C@H]1C[C@@H]2CC[C@@H]2C1)c1ccc(F)cc1F)C1CC1,"N-((2S)-2-((1R,3s,5S)-bicyclo[3.2.0]heptane-3-carboxamido)-2-(2,4-difluorophenyl)ethyl)-2-((cyclopropyl)(methyl)amino)acetamide",,CN(CC(=O)NC[C@@H](NC(=O)C1C[C@H]2CC[C@H]2C1)c1ccc(F)cc1F)C1CC1,
90457,C[C@@H](NC(C)(C)C)C(=O)N1C[C@H]2[C@H](NC(=O)c3ccc(-n4cncn4)nc3)[C@H]2C1,"N-((1R,5S,6S)-3-((2R)-2-((tert-butyl)amino)-propionyl)-3-azabicyclo[3.1.0]hexan-6-yl)-6-(1H-1,2,4-triazol-1-yl)pyridine-3-carboxamide",,CC(NC(C)(C)C)C(=O)N1C[C@@H]2[C@H](C1)[C@H]2NC(=O)c1ccc(-n2cncn2)nc1,
90458,CC[C@](C)(C(N)=O)C(=O)N1C[C@H]2[C@H](NC(=O)CC(C)(C)OC)[C@H]2C1,"(2R)-2-(((1R,5S,6S)-6-(3-methoxy-3-methylbutanamido)-3-azabicyclo[3.1.0]hexan-3-yl)carbonyl)-2-methylbutanamide",,CC[C@](C)(C(N)=O)C(=O)N1C[C@@H]2[C@H](C1)[C@H]2NC(=O)CC(C)(C)OC,
90494,O=C(N[C@]1(c2ccccc2)C[C@@H](NC(=O)[C@@H]2CCO[C@H]2C2CC2)C1)[C@@H]1CCCS1,"(2S,3R)-2-cyclopropyl-N-((1S,3R)-3-phenyl-3-((2S)-thiolane-2-carboxamido)cyclobutyl)oxolane-3-carboxamide",,O=C(N[C@]1(c2ccccc2)C[C@@H](NC(=O)C2CCO[C@H]2C2CC2)C1)C1CCCS1,
90505,N#Cc1c(Cl)ncnc1N[C@H]1C[C@](F)(CNC(=O)Cc2csc3ccccc23)C1,"2-(1-benzothiophen-3-yl)-N-(((1s,3s)-3-((6-chloro-5-(nitrilomethyl)pyrimidin-4-yl)amino)-1-fluorocyclobutyl)methyl)acetamide",,N#Cc1c(Cl)ncnc1N[C@H]1C[C@](F)(CNC(=O)Cc2csc3ccccc23)C1,
90513,C=C[C@@H](NC(=O)[C@]1(NC(=O)[C@@H]2C[C@H]3C[C@@H]2C[C@H]3O)C[C@@H](O)C1)C(F)(F)F,"(1R,2R,4R,5R)-5-hydroxy-N-((1s,3S)-3-hydroxy-1-(((2R)-1,1,1-trifluorobut-3-en-2-yl)carbamoyl)cyclobutyl)bicyclo[2.2.1]heptane-2-carboxamide",,C=C[C@@H](NC(=O)[C@]1(NC(=O)C2C[C@H]3C[C@@H]2C[C@H]3O)C[C@@H](O)C1)C(F)(F)F,
90577,CC1CCN(C(=O)C[C@@H](CNC(=O)[C@H]2C[C@@H]3CC[C@@H]3C2)C2CCC2)CC1,"(1R,3s,5S)-N-((2R)-2-cyclobutyl-4-(4-methylpiperidin-1-yl)-4-oxobutyl)bicyclo[3.2.0]heptane-3-carboxamide",,CC1CCN(C(=O)C[C@@H](CNC(=O)C2C[C@H]3CC[C@H]3C2)C2CCC2)CC1,
90616,CC[C@@H](C)/C=C/C(=O)N1[C@H]2CC[C@@H]1C[C@H](NC(=O)Cn1c(C)c(C)sc1=O)C2,"2-(4,5-dimethyl-2-oxo-3H-1,3-thiazol-3-yl)-N-((1R,3R,5S)-8-((2E,4R)-4-methyl-1-oxohex-2-en-1-yl)-8-azabicyclo[3.2.1]octan-3-yl)acetamide",,CC[C@@H](C)/C=C/C(=O)N1[C@@H]2CC[C@H]1C[C@@H](NC(=O)Cn1c(C)c(C)sc1=O)C2,
90656,CO[C@@H](CNC(=O)[C@@H]1[C@H]2CCC[C@H]21)CC(=O)N1Cc2ccnn2C[C@H]1C,"(1R,5S,6r)-N-((2R)-2-methoxy-4-((3R)-3-methyl-1,4,9-triazabicyclo[4.3.0]nona-6,8-dien-4-yl)-4-oxobutyl)bicyclo[3.1.0]hexane-6-carboxamide",,CO[C@@H](CNC(=O)C1[C@H]2CCC[C@@H]12)CC(=O)N1Cc2ccnn2C[C@H]1C,
90670,CCCn1cc(C(=O)N2CCN(C)[C@@H](C(=O)N[C@H]3C[C@@](C)(O)C3)C2)cn1,"(2R)-N-((1s,3S)-3-hydroxy-3-methylcyclobutyl)-1-methyl-4-((1-propyl-1H-pyrazol-4-yl)carbonyl)piperazine-2-carboxamide",,CCCn1cc(C(=O)N2CCN(C)C(C(=O)N[C@H]3C[C@@](C)(O)C3)C2)cn1,
90746,C[C@]1(NC(=O)[C@@H](O)Cc2ccccc2)C[C@H](NC(=O)[C@@H]2CCC(F)(F)C2)C1,"(2S)-N-((1R,3S)-3-((1R)-3,3-difluorocyclopentanecarboxamido)-1-methylcyclobutyl)-2-hydroxy-3-phenylpropanamide",,C[C@]1(NC(=O)C(O)Cc2ccccc2)C[C@H](NC(=O)C2CCC(F)(F)C2)C1,
90769,O=C(NC[C@H]1C[C@@H]2CC[C@H](C1)N2C(=O)[C@@H]1C=CCC1)c1ncc(Cl)cc1F,"5-chloro-N-(((1R,3R,5S)-8-(((1S)-cyclopent-2-en-1-yl)carbonyl)-8-azabicyclo[3.2.1]octan-3-yl)methyl)-3-fluoropyridine-2-carboxamide",,O=C(NC[C@@H]1C[C@H]2CC[C@@H](C1)N2C(=O)C1C=CCC1)c1ncc(Cl)cc1F,
90772,CN(C[C@H]1[C@@H]2CN(C(=O)CC3=CCCC3)C[C@H]12)C(=O)[C@@H](F)Cc1ccccc1,"(2S)-N-(((1R,5S,6r)-3-(2-(cyclopent-1-en-1-yl)-acetyl)-3-azabicyclo[3.1.0]hexan-6-yl)methyl)-2-fluoro-N-methyl-3-phenylpropanamide",,CN(C[C@@H]1[C@H]2CN(C(=O)CC3=CCCC3)C[C@@H]12)C(=O)C(F)Cc1ccccc1,
90876,CCO[C@@H](C(=O)N1C[C@H]2[C@H](NC(=O)CCSc3nnnn3C)[C@H]2C1)C1CCC1,"N-((1R,5S,6S)-3-((2R)-2-cyclobutyl-2-ethoxy-acetyl)-3-azabicyclo[3.1.0]hexan-6-yl)-3-((1-methyl-1H-tetrazol-5-yl)sulfanyl)propanamide",,CCOC(C(=O)N1C[C@@H]2[C@H](C1)[C@H]2NC(=O)CCSc1nnnn1C)C1CCC1,
90918,Cc1nnccc1C(=O)N[C@H]1C[C@](C)(NC(=O)c2cc(C3CCOCC3)on2)C1,"N-((1r,3r)-1-methyl-3-(3-methylpyridazine-4-carboxamido)cyclobutyl)-5-(oxan-4-yl)-1,2-oxazole-3-carboxamide",,Cc1nnccc1C(=O)N[C@H]1C[C@](C)(NC(=O)c2cc(C3CCOCC3)on2)C1,
91001,Cc1cc(Cl)ncc1S(=O)(=O)N1C[C@@H]2CC[C@H](C1)[C@H]2NC(=O)C(C)(F)F,"N-((1R,5S,8s)-3-(6-chloro-4-methylpyridin-3-ylsulfonyl)-3-azabicyclo[3.2.1]octan-8-yl)-2,2-difluoropropanamide",,Cc1cc(Cl)ncc1S(=O)(=O)N1C[C@H]2CC[C@@H](C1)[C@@H]2NC(=O)C(C)(F)F,
91055,C=CC[C@@H](C)C(=O)N[C@H]1[C@@H]2CN(C(=O)C3CN(C(=O)NC)C3)C[C@@H]21,"(2R)-2-methyl-N-((1R,5S,6s)-3-((1-((methylamino)carbonyl)azetidin-3-yl)carbonyl)-3-azabicyclo[3.1.0]hexan-6-yl)pent-4-enamide",,C=CCC(C)C(=O)N[C@H]1[C@@H]2CN(C(=O)C3CN(C(=O)NC)C3)C[C@@H]21,
91104,COC1CCN(C(=O)[C@@H]2CN(C(=O)[C@@H]3[C@H]4CC(=O)C[C@H]43)C(C)(C)C2)CC1,"(1R,5S,6r)-6-(((4S)-4-((4-methoxypiperidin-1-yl)carbonyl)-2,2-dimethylpyrrolidin-1-yl)carbonyl)bicyclo[3.1.0]hexan-3-one",,COC1CCN(C(=O)C2CN(C(=O)C3[C@H]4CC(=O)C[C@@H]34)C(C)(C)C2)CC1,
91145,C[C@H]1C[C@@H](C)C[C@H](C(=O)NC[C@@H]2CN(C(=O)C3=CCCO3)CCCO2)C1,"(1r,3R,5S)-N-(((2R)-4-((4,5-dihydrofuran-2-yl)carbonyl)-1,4-oxazepan-2-yl)methyl)-3,5-dimethylcyclohexanecarboxamide",,C[C@@H]1CC(C(=O)NC[C@@H]2CN(C(=O)C3=CCCO3)CCCO2)C[C@H](C)C1,
91194,CC(C)(C)OC(=O)CSCC(=O)NC[C@H]1[C@@H]2CN(C(=O)[C@@H]3C(C)(C)C3(F)F)C[C@H]12,"tert-butyl 2-((2-((((1R,5S,6S)-3-(((1S)-2,2-difluoro-3,3-dimethylcyclopropyl)carbonyl)-3-azabicyclo[3.1.0]hexan-6-yl)methyl)amino)-2-oxoethyl)sulfanyl)acetate",,CC(C)(C)OC(=O)CSCC(=O)NC[C@@H]1[C@H]2CN(C(=O)C3C(C)(C)C3(F)F)C[C@@H]12,
91197,CSC(C)(C)C(=O)NC[C@]1(F)CC[C@H](CNC(=O)C(C)(C)[C@@H](O)C(C)C)CC1,"(3S)-N-(((1r,4S)-4-fluoro-4-((2-methyl-2-(methylsulfanyl)propanamido)methyl)cyclohexyl)methyl)-3-hydroxy-2,2,4-trimethylpentanamide",,CSC(C)(C)C(=O)NC[C@]1(F)CC[C@H](CNC(=O)C(C)(C)[C@@H](O)C(C)C)CC1,
91202,O=C(NC[C@]1(F)CCN(C(=O)[C@H]2C[C@](O)(C(F)F)C2)C1)[C@H]1Cc2ccccc2O1,"(2R)-N-(((3R)-1-(((1s,3S)-3-(difluoromethyl)-3-hydroxycyclobutyl)carbonyl)-3-fluoropyrrolidin-3-yl)methyl)-2,3-dihydro-1-benzofuran-2-carboxamide",,O=C(NC[C@]1(F)CCN(C(=O)C2CC(O)(C(F)F)C2)C1)C1Cc2ccccc2O1,
91232,Cc1cnn(CCN[C@](C)(c2nnnn2C2(C)CC2)[C@H]2[C@@H]3COC[C@@H]32)c1,"(1S)-N-(2-(4-methyl-1H-pyrazol-1-yl)ethyl)-1-(1-(1-methylcyclopropyl)-1H-tetrazol-5-yl)-1-((1R,5S,6s)-3-oxabicyclo[3.1.0]hexan-6-yl)ethan-1-amine",,Cc1cnn(CCN[C@](C)(c2nnnn2C2(C)CC2)[C@H]2[C@@H]3COC[C@@H]32)c1,
91260,CC(C)(O)[C@H](F)C(=O)N[C@@H]1C[C@@H]2C[C@H](NC(=O)CCc3nncs3)C[C@@H]2C1,"(2S)-2-fluoro-3-hydroxy-3-methyl-N-((2r,3aR,5R,6aS)-5-(3-(1,3,4-thiadiazol-2-yl)propanamido)octahydropentalen-2-yl)butanamide",,CC(C)(O)C(F)C(=O)N[C@H]1C[C@H]2C[C@@H](NC(=O)CCc3nncs3)C[C@H]2C1,
91294,CO[C@H](C(=O)N[C@]1(C)C[C@H](NC(=O)c2c(Cl)ccc(F)c2F)C1)C1CCCC1,"(2S)-N-((1s,3R)-3-(6-chloro-2,3-difluorobenzamido)-1-methylcyclobutyl)-2-cyclopentyl-2-methoxyacetamide",,COC(C(=O)N[C@]1(C)C[C@H](NC(=O)c2c(Cl)ccc(F)c2F)C1)C1CCCC1,
91301,Cc1nc2c([nH]1)CN(C(=O)[C@H]1C[C@@](C)(NC(=O)[C@H]3CC[C@@H](N(C)C)C3)C1)CC2,"(1S,3R)-3-(dimethylamino)-N-((1s,3R)-1-methyl-3-((8-methyl-3,7,9-triazabicyclo[4.3.0]nona-1(6),7-dien-3-yl)carbonyl)cyclobutyl)cyclopentanecarboxamide",,Cc1nc2c([nH]1)CCN(C(=O)C1CC(C)(NC(=O)C3CC[C@@H](N(C)C)C3)C1)C2,
91308,C[C@H](CC(=O)N1[C@@H]2COC[C@H]1C[C@@H](NC(=O)Cn1cccn1)C2)C1CC1,"N-((1R,5S,7S)-9-((3R)-3-cyclopropyl-butyryl)-3-oxa-9-azabicyclo[3.3.1]nonan-7-yl)-2-(1H-pyrazol-1-yl)acetamide",,C[C@H](CC(=O)N1[C@@H]2COC[C@H]1C[C@@H](NC(=O)Cn1cccn1)C2)C1CC1,
91319,Cc1ccoc1CN(C)C(=O)[C@H]1C[C@@](C)(NC(=O)[C@H]2C[C@@H]2Cl)C1,"(1S,3s)-3-((1R,2S)-2-chlorocyclopropanecarboxamido)-3,N-dimethyl-N-((3-methylfuran-2-yl)methyl)cyclobutanecarboxamide",,Cc1ccoc1CN(C)C(=O)C1CC(C)(NC(=O)C2C[C@@H]2Cl)C1,
91348,CN(CC(C)(C)NC(=O)CCN1CCSC(C)(C)C1)C(=O)[C@@H]1[C@H]2CCCCC[C@H]21,"3-(2,2-dimethylthiomorpholin-4-yl)-N-(2-methyl-1-(N-methyl(1R,7S,8r)-bicyclo[5.1.0]octane-8-carboxamido)propan-2-yl)propanamide",,CN(CC(C)(C)NC(=O)CCN1CCSC(C)(C)C1)C(=O)C1[C@H]2CCCCC[C@@H]12,
91411,COC(=O)[C@@H]1[C@H]2CN(C(=O)[C@H](NC(=O)C(=O)C(C)C)C3CCCC3)C[C@H]21,"methyl (1R,5S,6R)-3-((2R)-2-cyclopentyl-2-(3-methyl-2-oxobutanamido)-acetyl)-3-azabicyclo[3.1.0]hexane-6-carboxylate",,COC(=O)C1[C@H]2CN(C(=O)C(NC(=O)C(=O)C(C)C)C3CCCC3)C[C@@H]12,
91426,Cc1cccc(F)c1CC(=O)N1C[C@@H]2CCC[C@H](C1)N2C(=O)[C@@H]1[C@H]2C[C@@H]2[C@H]2C[C@@H]12,"2-(2-fluoro-6-methylphenyl)-1-((1R,5S)-9-(((1R,2R,4R,5R,6S)-tricyclo[4.1.0.0^{2,4}]heptan-5-yl)carbonyl)-3,9-diazabicyclo[3.3.1]nonan-3-yl)ethan-1-one",,Cc1cccc(F)c1CC(=O)N1C[C@H]2CCC[C@@H](C1)N2C(=O)C1[C@H]2C[C@@H]2[C@H]2C[C@@H]12,
91429,CN(C)C[C@H](O)C(=O)NCC1(NC(=O)[C@@H]2[C@H]3CCCCC[C@H]32)CC(F)(F)C1,"(2S)-N-((1-((1R,7S,8r)-bicyclo[5.1.0]octane-8-carboxamido)-3,3-difluorocyclobutyl)methyl)-3-(dimethylamino)-2-hydroxypropanamide",,CN(C)CC(O)C(=O)NCC1(NC(=O)C2[C@H]3CCCCC[C@@H]23)CC(F)(F)C1,
91437,O=C(N[C@H]1C[C@@H]2CC[C@H](C1)N2C(=O)C=CCO)[C@@H]1CCN1Cc1ccccc1,"(2S)-1-benzyl-N-((1R,3s,5S)-8-(4-hydroxy-1-oxobut-2-en-1-yl)-8-azabicyclo[3.2.1]octan-3-yl)azetidine-2-carboxamide",,O=C(N[C@@H]1C[C@H]2CC[C@@H](C1)N2C(=O)C=CCO)C1CCN1Cc1ccccc1,
91495,C=C[C@H](C)C(=O)NC[C@H]1C[C@@](F)(CNC(=O)C=CC2CCCCCC2)C1,"(2S)-N-(((1r,3S)-3-((3-cycloheptylprop-2-enamido)methyl)-3-fluorocyclobutyl)methyl)-2-methylbut-3-enamide",,C=CC(C)C(=O)NC[C@H]1C[C@@](F)(CNC(=O)C=CC2CCCCCC2)C1,
91554,C#CCCCC(=O)N[C@H]1C[C@H]2CC[C@@H]([C@@H]1F)N2C(=O)[C@H]1C[C@](O)(C#C)C1,"N-((1S,2R,3S,5R)-8-(((1s,3R)-3-(ethynyl)-3-hydroxycyclobutyl)carbonyl)-2-fluoro-8-azabicyclo[3.2.1]octan-3-yl)hex-5-ynamide",,C#CCCCC(=O)N[C@H]1C[C@H]2CC[C@@H]([C@@H]1F)N2C(=O)C1CC(O)(C#C)C1,
91566,CC(C)=CCC(=O)N[C@@H]1C[C@@H]2CC[C@H](C1)N2C(=O)CCN(C)c1ccccc1,"4-methyl-N-((1R,3r,5S)-8-(3-((methyl)(phenyl)amino)-propionyl)-8-azabicyclo[3.2.1]octan-3-yl)pent-3-enamide",,CC(C)=CCC(=O)N[C@H]1C[C@H]2CC[C@@H](C1)N2C(=O)CCN(C)c1ccccc1,
91595,C#CCn1cccc1C(=O)N(C)[C@H]1[C@@H]2CN(C(=O)c3cccn3C)C[C@@H]21,"N-methyl-N-((1R,5S,6s)-3-((1-methyl-1H-pyrrol-2-yl)carbonyl)-3-azabicyclo[3.1.0]hexan-6-yl)-1-(prop-2-yn-1-yl)-1H-pyrrole-2-carboxamide",,C#CCn1cccc1C(=O)N(C)[C@H]1[C@@H]2CN(C(=O)c3cccn3C)C[C@@H]21,
91598,CC(C)CC1(C(=O)NC[C@H]2C[C@@H](NC(=O)[C@@H]3C[C@@H]4C[C@@H]4C3)C2)CCC1,"(1R,3r,5S)-N-(cis-3-((1-(2-methylpropyl)cyclobutanecarboxamido)methyl)cyclobutyl)bicyclo[3.1.0]hexane-3-carboxamide",,CC(C)CC1(C(=O)NC[C@H]2C[C@@H](NC(=O)C3C[C@@H]4C[C@@H]4C3)C2)CCC1,
91621,C[C@@]1(C(=O)N[C@H]2C[C@@H](CNC(=O)c3ccc(Br)cc3O)C2)C[C@@H]2C[C@@H]2C1,"(1R,3r,5S)-N-(cis-3-((4-bromo-2-hydroxybenzamido)methyl)cyclobutyl)-3-methylbicyclo[3.1.0]hexane-3-carboxamide",,C[C@]1(C(=O)N[C@H]2C[C@@H](CNC(=O)c3ccc(Br)cc3O)C2)C[C@H]2C[C@H]2C1,
91646,C[C@@H](CC1CCCC1)C(=O)N[C@H]1C[C@@](C)(NC(=O)CCCC(C)(C)C)C1,"N-((1R,3s)-3-((2S)-3-cyclopentyl-2-methylpropanamido)-1-methylcyclobutyl)-5,5-dimethylhexanamide",,CC(CC1CCCC1)C(=O)N[C@H]1C[C@@](C)(NC(=O)CCCC(C)(C)C)C1,
91649,C=C(Cl)C[C@H](NC(=O)[C@@H]1[C@H]2CCC[C@H]21)C(=O)Nc1cccc(F)c1C,"(1R,5S,6r)-N-((2S)-4-chloro-1-((3-fluoro-2-methylphenyl)amino)-1-oxopent-4-en-2-yl)bicyclo[3.1.0]hexane-6-carboxamide",,C=C(Cl)CC(NC(=O)C1[C@H]2CCC[C@@H]12)C(=O)Nc1cccc(F)c1C,
91687,CC[C@@](C)(CO)C(=O)N1[C@H](C(=O)N[C@H]2C[C@@H]3CCC[C@@H]3C2)C[C@@H]2C[C@@H]21,"(1S,3S,5S)-2-((2S)-2-(hydroxymethyl)-2-methyl-butyryl)-N-((2s,3aR,6aS)-octahydropentalen-2-yl)-2-azabicyclo[3.1.0]hexane-3-carboxamide",,CC[C@@](C)(CO)C(=O)N1C(C(=O)N[C@@H]2C[C@H]3CCC[C@H]3C2)C[C@@H]2C[C@@H]21,
91725,Cc1cc(C(=O)NC[C@@H]2CCCN2C(=O)[C@H]2[C@@H](C)[C@H]2C)n(C(C)(C)C)n1,"1-(tert-butyl)-N-(((2S)-1-(((1s,2R,3S)-2,3-dimethylcyclopropyl)carbonyl)pyrrolidin-2-yl)methyl)-3-methyl-1H-pyrazole-5-carboxamide",,Cc1cc(C(=O)NC[C@@H]2CCCN2C(=O)C2[C@@H](C)[C@H]2C)n(C(C)(C)C)n1,
91817,O=C1[C@H](NC(=O)[C@]2(F)C[C@H](C(=O)O)C2)CCCN1CCN1CCOCC1,"(1R,3r)-3-fluoro-3-(((3R)-1-(2-(morpholin-4-yl)ethyl)-2-oxopiperidin-3-yl)carbamoyl)cyclobutanecarboxylic acid",,O=C(O)C1CC(F)(C(=O)NC2CCCN(CCN3CCOCC3)C2=O)C1,
91825,O=C(CC(F)(F)C(F)F)N[C@H]1C[C@@](F)(CNC(=O)C2CCCCCCC2)C1,"N-((1r,3r)-3-(cyclooctanecarboxamidomethyl)-3-fluorocyclobutyl)-3,3,4,4-tetrafluorobutanamide",,O=C(CC(F)(F)C(F)F)N[C@H]1C[C@@](F)(CNC(=O)C2CCCCCCC2)C1,
91896,CCOCCCC(=O)N[C@@H]1[C@@H](C)CN(C(=O)c2c(C)cnc(OC)c2Cl)C[C@H]1C,"N-((3R,4r,5S)-1-((3-chloro-2-methoxy-5-methylpyridin-4-yl)carbonyl)-3,5-dimethylpiperidin-4-yl)-4-ethoxybutanamide",,CCOCCCC(=O)N[C@H]1[C@H](C)CN(C(=O)c2c(C)cnc(OC)c2Cl)C[C@@H]1C,
91919,CO[C@@](C)(C(=O)N[C@H]1[C@@H]2CN(C(=O)CCC(CF)CF)C[C@@H]21)C1CC1,"(2R)-2-cyclopropyl-N-((1R,5S,6s)-3-(5-fluoro-4-(fluoromethyl)-pentanoyl)-3-azabicyclo[3.1.0]hexan-6-yl)-2-methoxypropanamide",,CO[C@@](C)(C(=O)N[C@H]1[C@@H]2CN(C(=O)CCC(CF)CF)C[C@@H]21)C1CC1,
91925,CO[C@@H]1C[C@H]1C(=O)N[C@H]1[C@@H]2CN(C(=O)c3cc4c(cc3Cl)OCO4)C[C@@H]21,"(1R,2R)-N-((1R,5S,6s)-3-((6-chloro-1,3-benzodioxol-5-yl)carbonyl)-3-azabicyclo[3.1.0]hexan-6-yl)-2-methoxycyclopropanecarboxamide",,CO[C@@H]1CC1C(=O)N[C@H]1[C@@H]2CN(C(=O)c3cc4c(cc3Cl)OCO4)C[C@@H]21,
92046,CO[C@H](C)c1ncc(C(=O)N[C@H]2[C@@H]3CN(C(=O)CCc4ccc(=N)[nH]c4)C[C@@H]32)s1,"N-((1R,5S,6s)-3-(3-(6-imino-1H-pyridin-3-yl)-propionyl)-3-azabicyclo[3.1.0]hexan-6-yl)-2-((1R)-1-methoxyethyl)-1,3-thiazole-5-carboxamide",,CO[C@H](C)c1ncc(C(=O)N[C@H]2[C@@H]3CN(C(=O)CCc4ccc(N)nc4)C[C@@H]32)s1,
92109,CCSCC(=O)N1C[C@H]2[C@@H](C1)[C@@H]2C(=O)N[C@@H](C)[C@@H]1COc2ccccc2O1,"(1R,5S,6r)-N-((1S)-1-((2R)-2,3-dihydro-1,4-benzodioxin-2-yl)ethyl)-3-(2-(ethylsulfanyl)-acetyl)-3-azabicyclo[3.1.0]hexane-6-carboxamide",,CCSCC(=O)N1C[C@@H]2C(C(=O)N[C@@H](C)[C@@H]3COc4ccccc4O3)[C@@H]2C1,
92172,CCCN(CC(F)F)C(=O)[C@@H]1[C@H]2CN(C(=O)c3csc(CO)n3)C[C@H]21,"(1R,5S,6r)-N-(2,2-difluoroethyl)-3-((2-(hydroxymethyl)-1,3-thiazol-4-yl)carbonyl)-N-propyl-3-azabicyclo[3.1.0]hexane-6-carboxamide",,CCCN(CC(F)F)C(=O)C1[C@H]2CN(C(=O)c3csc(CO)n3)C[C@@H]12,
92175,C[C@@H]1[C@H](C(=O)N2C[C@@H](NC(=O)c3ccc(F)c(F)c3F)CC[C@H]2C)[C@@H]1C,"N-((3S,6R)-1-(((1s,2R,3S)-2,3-dimethylcyclopropyl)carbonyl)-6-methylpiperidin-3-yl)-2,3,4-trifluorobenzamide",,C[C@@H]1C(C(=O)N2C[C@@H](NC(=O)c3ccc(F)c(F)c3F)CC[C@H]2C)[C@@H]1C,
92421,CCN(C(=O)[C@H]1C[C@H]2[C@@H](C1)C2(C)C)[C@H]1CCN(C(=O)CCCNC(=O)C2CC2)C1,"(1R,3s,5S)-N-((3S)-1-(4-cyclopropanecarboxamido-butyryl)pyrrolidin-3-yl)-N-ethyl-6,6-dimethylbicyclo[3.1.0]hexane-3-carboxamide",,CCN(C(=O)C1C[C@@H]2[C@H](C1)C2(C)C)[C@H]1CCN(C(=O)CCCNC(=O)C2CC2)C1,
92442,C=C(Cl)C(C)(C)C(=O)N1CC2(C[C@@H](NC(=O)C[C@@H](C)OC)c3nccn32)C1,"(3R)-3-methoxy-N-((6R)-spiro[1,4-diazabicyclo[3.3.0]octa-2,4-diene-8,3'-(1-(1-azacyclobutan-1-yl)-3-chloro-2,2-dimethylbut-3-ene)]-6-yl-1'-one)butanamide",,C=C(Cl)C(C)(C)C(=O)N1CC2(C[C@@H](NC(=O)C[C@@H](C)OC)c3nccn32)C1,
92493,CC1(C)CCC[C@@H](C(=O)N[C@H]2C[C@](C)(NC(=O)CCSCC(N)=O)C2)CC1,"(1R)-N-((1r,3R)-3-(3-((2-amino-2-oxoethyl)sulfanyl)propanamido)-3-methylcyclobutyl)-4,4-dimethylcycloheptanecarboxamide",,CC1(C)CCCC(C(=O)N[C@H]2C[C@](C)(NC(=O)CCSCC(N)=O)C2)CC1,
92520,O=C(N[C@@H](C(=O)N1Cc2c[nH]nc2C1)C1CCC1)[C@@H]1C[C@@H]2CC[C@@H]2C1,"(1R,3r,5S)-N-((1R)-1-cyclobutyl-2-oxo-2-(2,3,7-triazabicyclo[3.3.0]octa-1,4-dien-7-yl)ethyl)bicyclo[3.2.0]heptane-3-carboxamide",,O=C(NC(C(=O)N1Cc2c[nH]nc2C1)C1CCC1)C1C[C@H]2CC[C@H]2C1,
92536,CC[C@@](C)(C(=O)N1C[C@H]2[C@H](CNC(=O)c3cc(C#N)n(C)n3)[C@H]2C1)C(F)F,"5-cyano-N-(((1R,5S,6S)-3-((2S)-2-(difluoromethyl)-2-methyl-butyryl)-3-azabicyclo[3.1.0]hexan-6-yl)methyl)-1-methyl-1H-pyrazole-3-carboxamide",,CC[C@@](C)(C(=O)N1C[C@@H]2[C@@H](CNC(=O)c3cc(C#N)n(C)n3)[C@@H]2C1)C(F)F,
92558,Cc1ccn([C@@H](C)C(=O)N2C[C@H](C)[C@@](C)(C(=O)N=c3cc4n([nH]3)CCCC4)C2)n1,"(3R,4R)-3,4-dimethyl-1-((2S)-2-(3-methyl-1H-pyrazol-1-yl)-propionyl)-N-(pyrazolo[1,5-a]pyridin-2-ylidene)pyrrolidine-3-carboxamide",C[C@@]1(CN(C[C@@H]1C)C([C@H](C)N1N=C(C=C1)C)=O)C(=O)N=C1NN2C(C=CC=C2)=C1,Cc1ccn(C(C)C(=O)N2C[C@H](C)[C@@](C)(C(=O)Nc3cc4n(n3)CCCC4)C2)n1,Cc1ccn(C(C)C(=O)N2C[C@H](C)[C@@](C)(C(=O)Nc3cc4ccccn4n3)C2)n1
92570,CC12CC(C(=O)N3CC4(C[C@@H](NC(=O)[C@@]5(C)CC5(F)F)c5nccn54)C3)(C1)C2,"(1R)-2,2-difluoro-1-methyl-N-((6R)-spiro[1,4-diazabicyclo[3.3.0]octa-2,4-diene-8,3'-1-(1-azacyclobutan-1-yl)-1-(3-methylbicyclo[1.1.1]pentan-1-yl)methanone]-6-yl)cyclopropanecarboxamide",,CC12CC(C(=O)N3CC4(C[C@@H](NC(=O)[C@@]5(C)CC5(F)F)c5nccn54)C3)(C1)C2,
92665,CN1C(=O)CC[C@H]1C(=O)N[C@H]1C[C@@](F)(CNC(=O)CN2C[C@@H]3C[C@H]3C2)C1,"(2S)-N-((1R,3S)-3-((2-((1R,5R)-3-azabicyclo[3.1.0]hexan-3-yl)acetamido)methyl)-3-fluorocyclobutyl)-1-methyl-5-oxopyrrolidine-2-carboxamide",,CN1C(=O)CCC1C(=O)N[C@H]1C[C@@](F)(CNC(=O)CN2C[C@@H]3C[C@H]3C2)C1,
92707,C[C@H](NC(=O)[C@@H](c1nnn(C)n1)N(C)[C@H]1C[C@@H]2C[C@@H]2C1)c1ccccc1,"(2R)-2-(((1R,3s,5S)-bicyclo[3.1.0]hexan-3-yl)(methyl)amino)-2-(2-methyl-2H-tetrazol-5-yl)-N-((1S)-1-phenylethyl)acetamide",,C[C@H](NC(=O)C(c1nnn(C)n1)N(C)[C@@H]1C[C@H]2C[C@H]2C1)c1ccccc1,
92711,CSCC(C)(C)C(=O)NC[C@H]1C[C@@](F)(CNC(=O)c2cnc3c(c2)CCCC3)C1,"N-(((1r,3r)-3-fluoro-3-((5,6,7,8-tetrahydroquinoline-3-carboxamido)methyl)cyclobutyl)methyl)-2,2-dimethyl-3-(methylsulfanyl)propanamide",,CSCC(C)(C)C(=O)NC[C@H]1C[C@@](F)(CNC(=O)c2cnc3c(c2)CCCC3)C1,
92741,COCCCOCCC(=O)N[C@]1(C(=O)N(C)CC(C)(C)C#N)C[C@H](O)C1,"N-((1s,3s)-1-((2,2-dimethyl-3-nitrilopropyl)(methyl)carbamoyl)-3-hydroxycyclobutyl)-3-((3-methoxypropyl)oxy)propanamide",,COCCCOCCC(=O)N[C@]1(C(=O)N(C)CC(C)(C)C#N)C[C@H](O)C1,
92752,C[C@H](CC1CCCC1)C(=O)N1C[C@H]2[C@H](N(C)C(=O)c3cnsc3)[C@H]2C1,"N-((1R,5S,6S)-3-((2R)-3-cyclopentyl-2-methyl-propionyl)-3-azabicyclo[3.1.0]hexan-6-yl)-N-methyl-1,2-thiazole-4-carboxamide",,CC(CC1CCCC1)C(=O)N1C[C@@H]2[C@H](C1)[C@H]2N(C)C(=O)c1cnsc1,
92760,Cc1cnc(CNC(=O)[C@@H]2C[C@@H]3CN(C(=O)C(C)(C)CC#N)C[C@@H]3C2)s1,"(1R,5S,7r)-3-(2,2-dimethyl-4-nitrilo-butyryl)-N-((5-methyl-1,3-thiazol-2-yl)methyl)-3-azabicyclo[3.3.0]octane-7-carboxamide",,Cc1cnc(CNC(=O)C2C[C@@H]3CN(C(=O)C(C)(C)CC#N)C[C@@H]3C2)s1,
92761,COC(=O)[C@@]1(C)CC[C@@]1(C)C(=O)N(C)CCCCNC(=O)[C@H]1C[C@@H]2CC[C@@H]2C1,"methyl (1S,2R)-2-((4-((1R,3s,5S)-bicyclo[3.2.0]heptane-3-carboxamido)butyl)(methyl)carbamoyl)-1,2-dimethylcyclobutanecarboxylate",,COC(=O)[C@@]1(C)CC[C@@]1(C)C(=O)N(C)CCCCNC(=O)C1C[C@H]2CC[C@H]2C1,
92778,CSCCCC(=O)N1CCCC[C@]12C[C@H](NC(=O)C=C(C)C)C2,3-methyl-N-(5-(4-(methylsulfanyl)-butyryl)-5-azaspiro[3.5]nonan-2-yl)but-2-enamide,CC(=CC(=O)NC1CC2(C1)N(CCCC2)C(CCCSC)=O)C,CSCCCC(=O)N1CCCC[C@]12C[C@H](NC(=O)C=C(C)C)C2,CSCCCC(=O)N1CCCCC12CC(NC(=O)C=C(C)C)C2
92800,COC1=CC=C(Cl)C(CC(=O)NC[C@H](NC(=O)[C@@H]2C[C@@H]3[C@H](C2)C3(F)F)C(C)C)=C1,"2-(2-chloro-5-methoxyphenyl)-N-((2R)-2-((1R,3s,5S)-6,6-difluorobicyclo[3.1.0]hexane-3-carboxamido)-3-methylbutyl)acetamide",,COc1ccc(Cl)c(CC(=O)NC[C@H](NC(=O)C2C[C@@H]3[C@H](C2)C3(F)F)C(C)C)c1,
92815,CCCC(=O)NCC(=O)N1[C@H]2CC[C@@H]1C[C@H](NC(=O)c1cc(C(N)=O)no1)C2,"N-(2-((1R,3r,5S)-3-(3-carbamoyl-1,2-oxazole-5-carboxamido)-8-azabicyclo[3.2.1]octan-8-yl)-2-oxoethyl)butanamide",,CCCC(=O)NCC(=O)N1[C@@H]2CC[C@H]1C[C@@H](NC(=O)c1cc(C(N)=O)no1)C2,
92830,CO[C@H](C(C)C)[C@@H](O)C(=O)N1C[C@H]2[C@H](CNC(=O)[C@H](C)SC)[C@H]2C1,"(2S)-N-(((1R,5S,6R)-3-((2R,3R)-2-hydroxy-3-methoxy-4-methyl-pentanoyl)-3-azabicyclo[3.1.0]hexan-6-yl)methyl)-2-(methylsulfanyl)propanamide",,COC(C(C)C)C(O)C(=O)N1C[C@@H]2[C@@H](CNC(=O)C(C)SC)[C@@H]2C1,
92887,CCN(C)CC(=O)N[C@H]1C[C@]2(CCCCN2C(=O)c2cc(C3CC3)n(CC)n2)C1,N-(5-((5-cyclopropyl-1-ethyl-1H-pyrazol-3-yl)carbonyl)-5-azaspiro[3.5]nonan-2-yl)-2-((ethyl)(methyl)amino)acetamide,C1(CC1)C1=CC(=NN1CC)C(=O)N1C2(CC(C2)NC(CN(C)CC)=O)CCCC1,CCN(C)CC(=O)N[C@H]1C[C@]2(CCCCN2C(=O)c2cc(C3CC3)n(CC)n2)C1,CCN(C)CC(=O)NC1CC2(CCCCN2C(=O)c2cc(C3CC3)n(CC)n2)C1
92923,C[C@@H](C(=O)N[C@@H]1[C@H]2CCCCC[C@H]21)n1cc(C2CCC(=O)CC2)nn1,"(2S)-N-((1R,7S,8r)-bicyclo[5.1.0]octan-8-yl)-2-(4-(4-oxocyclohexyl)-1H-1,2,3-triazol-1-yl)propanamide",,CC(C(=O)N[C@H]1[C@@H]2CCCCC[C@@H]21)n1cc(C2CCC(=O)CC2)nn1,
93029,CC(C)S(=O)(=O)CC(=O)N[C@]1(C)C[C@H](NC(=O)[C@@H](c2cncn2C)N(C)C)C1,"(2R)-2-(dimethylamino)-2-(1-methyl-1H-imidazol-5-yl)-N-((1s,3S)-3-methyl-3-(2-(propan-2-ylsulfonyl)acetamido)cyclobutyl)acetamide",,CC(C)S(=O)(=O)CC(=O)N[C@]1(C)C[C@H](NC(=O)C(c2cncn2C)N(C)C)C1,
93054,C#CCSCC(=O)N1CC[C@H](C)C[C@@H]1CNC(=O)C[C@@H]1C[C@H]2C[C@H]2C1,"2-((1R,3s,5S)-bicyclo[3.1.0]hexan-3-yl)-N-(((2R,4S)-4-methyl-1-(1-oxo-2-((prop-2-yn-1-yl)sulfanyl)ethyl)piperidin-2-yl)methyl)acetamide",,C#CCSCC(=O)N1CC[C@H](C)C[C@@H]1CNC(=O)C[C@H]1C[C@@H]2C[C@@H]2C1,
93058,O=C(N[C@@H]1CCCN(C(=O)[C@H]2C[C@@H]3C[C@@H]3C2)C1)c1ccc2scnc2c1,"N-((3R)-1-(((1R,3s,5S)-bicyclo[3.1.0]hexan-3-yl)carbonyl)piperidin-3-yl)-1,3-benzothiazole-5-carboxamide",,O=C(N[C@@H]1CCCN(C(=O)C2C[C@@H]3C[C@@H]3C2)C1)c1ccc2scnc2c1,
93118,O=C(C[C@@H]1C[C@H]2C[C@H]2C1)N[C@H]1CC[C@](F)(CNC(=O)c2ccncc2)C1,"2-((1R,3s,5S)-bicyclo[3.1.0]hexan-3-yl)-N-((1S,3R)-3-fluoro-3-((pyridine-4-carboxamido)methyl)cyclopentyl)acetamide",,O=C(C[C@H]1C[C@@H]2C[C@@H]2C1)N[C@H]1CC[C@](F)(CNC(=O)c2ccncc2)C1,
93177,O=C(C[C@H]1CCCS1(=O)=O)N[C@H]1C[C@@H]2CC[C@H](C1)N2C(=O)C=Cc1ccccn1,"2-((2R)-1,1-dioxothiolan-2-yl)-N-((1R,3s,5S)-8-(1-oxo-3-(pyridin-2-yl)prop-2-en-1-yl)-8-azabicyclo[3.2.1]octan-3-yl)acetamide",,O=C(C[C@H]1CCCS1(=O)=O)N[C@@H]1C[C@H]2CC[C@@H](C1)N2C(=O)C=Cc1ccccn1,
93216,Cc1ncc(Br)cc1C(=O)N[C@@H]1[C@H]2COC[C@@H]1CN(C(=O)[C@@H]1CCC[C@H]1C)C2,"5-bromo-2-methyl-N-((1R,5S,9R)-7-(((1R,2R)-2-methylcyclopentyl)carbonyl)-3-oxa-7-azabicyclo[3.3.1]nonan-9-yl)pyridine-3-carboxamide",,Cc1ncc(Br)cc1C(=O)N[C@H]1[C@@H]2COC[C@H]1CN(C(=O)C1CCC[C@H]1C)C2,
93239,CC(C)S(=O)(=O)CC(=O)N(C)C[C@H]1[C@@H]2CN(C(=O)CCNC(N)=O)C[C@H]12,"N-(((1R,5S,6r)-3-(3-(carbamoylamino)-propionyl)-3-azabicyclo[3.1.0]hexan-6-yl)methyl)-N-methyl-2-(propan-2-ylsulfonyl)acetamide",,CC(C)S(=O)(=O)CC(=O)N(C)C[C@@H]1[C@H]2CN(C(=O)CCNC(N)=O)C[C@@H]12,
93240,CC(=O)N[C@@H](COC(C)C)C(=O)NC[C@H]1C[C@](F)(CNC(=O)c2cncn2C)C1,"(2S)-2-acetamido-N-(((1s,3R)-3-fluoro-3-((1-methyl-1H-imidazole-5-carboxamido)methyl)cyclobutyl)methyl)-3-isopropoxypropanamide",,CC(=O)NC(COC(C)C)C(=O)NC[C@H]1C[C@](F)(CNC(=O)c2cncn2C)C1,
93274,O=C(NCCOC1CN(C(=O)[C@@H]2[C@H]3C[C@H]3[C@H]3C[C@H]32)C1)c1csc(Br)c1,"5-bromo-N-(2-((1-(((1R,2S,4S,5r,6R)-tricyclo[4.1.0.0^{2,4}]heptan-5-yl)carbonyl)azetidin-3-yl)oxy)ethyl)thiophene-3-carboxamide",,O=C(NCCOC1CN(C(=O)C2[C@H]3C[C@H]3[C@H]3C[C@@H]23)C1)c1csc(Br)c1,
93301,CC[C@@H](C(=O)N[C@H]1C[C@](C)(NC(=O)[C@H](C)c2ccccc2F)C1)n1ccnc1,"(2S)-N-((1R,3S)-3-((2R)-2-(2-fluorophenyl)propanamido)-3-methylcyclobutyl)-2-(1H-imidazol-1-yl)butanamide",,CCC(C(=O)N[C@H]1C[C@](C)(NC(=O)C(C)c2ccccc2F)C1)n1ccnc1,
93326,C[C@]1(O)C[C@@H](C(=O)N2CC=C[C@@H]2CNC(=O)CCCOc2ccccc2)C1,"N-(((2R)-1-(((1s,3S)-3-hydroxy-3-methylcyclobutyl)carbonyl)-2,5-dihydro-1H-pyrrol-2-yl)methyl)-4-phenoxybutanamide",,CC1(O)CC(C(=O)N2CC=C[C@@H]2CNC(=O)CCCOc2ccccc2)C1,
93350,CC(C)c1cc(C(=O)N[C@H]2C[C@@](C)(NC(=O)[C@H]3CCCC3(F)F)C2)cc(O)n1,"N-((1S,3s)-3-((1R)-2,2-difluorocyclopentanecarboxamido)-3-methylcyclobutyl)-2-hydroxy-6-(propan-2-yl)pyridine-4-carboxamide",,CC(C)c1cc(C(=O)N[C@H]2C[C@@](C)(NC(=O)C3CCCC3(F)F)C2)cc(=O)[nH]1,
93381,CSC(C)(C)/C=C/C(=O)N[C@H]1CC2(CN(C(=O)[C@H](C)CC(C)C)C2)n2ccnc21,"(2E)-4-methyl-4-(methylsulfanyl)-N-((6S)-spiro[1,4-diazabicyclo[3.3.0]octa-2,4-diene-8,3'-((2R)-1-(1-azacyclobutan-1-yl)-2,4-dimethylpentane)]-6-yl-1'-one)pent-2-enamide",,CSC(C)(C)/C=C/C(=O)N[C@H]1CC2(CN(C(=O)C(C)CC(C)C)C2)n2ccnc21,
93413,CC(=O)c1ccc(C(=O)N[C@H]2C[C@@](C)(NC(=O)[C@@H]3CN(C)C[C@H](C)O3)C2)cc1O,"(2S,6S)-N-((1s,3R)-3-(4-(acetyl)-3-hydroxybenzamido)-1-methylcyclobutyl)-4,6-dimethylmorpholine-2-carboxamide",,CC(=O)c1ccc(C(=O)N[C@H]2C[C@@](C)(NC(=O)C3CN(C)C[C@H](C)O3)C2)cc1O,
93478,C=CC1(C(=O)NC[C@]2(F)C[C@@H](NC(=O)c3ccc4c(c3)nnn4CC)C2)CC1,"N-((1s,3s)-3-((1-ethenylcyclopropanecarboxamido)methyl)-3-fluorocyclobutyl)-1-ethyl-1H-benzotriazole-5-carboxamide",,C=CC1(C(=O)NC[C@]2(F)C[C@@H](NC(=O)c3ccc4c(c3)nnn4CC)C2)CC1,
93549,CN1C(=O)CC[C@@H]1C(=O)NC[C@H]1C[C@@](F)(CNC(=O)c2cc3cnccc3[nH]2)C1,"N-(((1R,3r)-1-fluoro-3-(((2R)-1-methyl-5-oxopyrrolidine-2-carboxamido)methyl)cyclobutyl)methyl)-3,7-diazabicyclo[4.3.0]nona-1(6),2,4,8-tetraene-8-carboxamide",,CN1C(=O)CCC1C(=O)NC[C@H]1C[C@@](F)(CNC(=O)c2cc3cnccc3[nH]2)C1,
93551,CC1(c2cc(C(=O)N[C@H]3C[C@@](C)(NC(=O)c4cc(F)ccc4Cl)C3)[nH]n2)CC1,"N-((1s,3s)-3-(2-chloro-5-fluorobenzamido)-3-methylcyclobutyl)-3-(1-methylcyclopropyl)-1H-pyrazole-5-carboxamide",,CC1(c2cc(C(=O)N[C@H]3C[C@@](C)(NC(=O)c4cc(F)ccc4Cl)C3)[nH]n2)CC1,
93618,Cn1ncc(C(=O)N2[C@H]3CC[C@@H]2C[C@H](NC(=O)[C@@H]2C[C@@H]2C(F)F)C3)c1N,"(1R,2S)-N-((1R,3r,5S)-8-((5-amino-1-methyl-1H-pyrazol-4-yl)carbonyl)-8-azabicyclo[3.2.1]octan-3-yl)-2-(difluoromethyl)cyclopropanecarboxamide",,Cn1ncc(C(=O)N2[C@@H]3CC[C@H]2C[C@@H](NC(=O)C2C[C@@H]2C(F)F)C3)c1N,
93781,CC1(C)CC(O)(C(=O)N[C@H]2C[C@@](C)(NC(=O)[C@@H]3CCN3Cc3ccccc3)C2)C1,"(2S)-1-benzyl-N-((1s,3R)-3-(1-hydroxy-3,3-dimethylcyclobutanecarboxamido)-1-methylcyclobutyl)azetidine-2-carboxamide",,CC1(C)CC(O)(C(=O)N[C@H]2C[C@@](C)(NC(=O)C3CCN3Cc3ccccc3)C2)C1,
93791,CN1CCC[C@@H]1CCC(=O)N1C[C@@H](NC(=O)[C@@H]2[C@H]3COC[C@H]32)CC(C)(C)C1,"(1R,5S,6r)-N-((3S)-5,5-dimethyl-1-(3-((2R)-1-methylpyrrolidin-2-yl)-propionyl)piperidin-3-yl)-3-oxabicyclo[3.1.0]hexane-6-carboxamide",,CN1CCC[C@@H]1CCC(=O)N1C[C@@H](NC(=O)C2[C@H]3COC[C@@H]23)CC(C)(C)C1,
93843,CCc1occ(C)c1C(=O)NC[C@]1(F)C[C@H](CNC(=O)C[C@H](O)CCSC)C1,"2-ethyl-N-(((1S,3r)-1-fluoro-3-(((3S)-3-hydroxy-5-(methylsulfanyl)pentanamido)methyl)cyclobutyl)methyl)-4-methylfuran-3-carboxamide",,CCc1occ(C)c1C(=O)NC[C@]1(F)C[C@H](CNC(=O)C[C@H](O)CCSC)C1,
93852,CC[C@@H](NC(=O)CC1CC2(C1)CN(C(=O)[C@@H]1[C@H]3CCC[C@H]31)C2)C(C)(F)F,"2-(2-(((1R,5S,6r)-bicyclo[3.1.0]hexan-6-yl)carbonyl)-2-azaspiro[3.3]heptan-6-yl)-N-((3R)-2,2-difluoropentan-3-yl)acetamide",,CC[C@@H](NC(=O)CC1CC2(C1)CN(C(=O)C1[C@H]3CCC[C@@H]13)C2)C(C)(F)F,
93855,CC1=C(C(=O)N[C@H]2CN(C(=O)[C@@H]3[C@H]4CC(=O)C[C@H]43)CC2(C)C)CCO1,"N-((3R)-4,4-dimethyl-1-(((1R,5S,6r)-3-oxobicyclo[3.1.0]hexan-6-yl)carbonyl)pyrrolidin-3-yl)-2-methyl-4,5-dihydrofuran-3-carboxamide",,CC1=C(C(=O)N[C@H]2CN(C(=O)C3[C@H]4CC(=O)C[C@@H]34)CC2(C)C)CCO1,
93947,C[C@@H]1CCN(C(=O)C2C(C)(C)C2(C)C)[C@H](CNC(=O)[C@H]2CC[C@@](C)(O)CC2)C1,"(1s,4R)-4-hydroxy-4-methyl-N-(((2S,4R)-4-methyl-1-((2,2,3,3-tetramethylcyclopropyl)carbonyl)piperidin-2-yl)methyl)cyclohexanecarboxamide",,C[C@@H]1CCN(C(=O)C2C(C)(C)C2(C)C)[C@H](CNC(=O)C2CCC(C)(O)CC2)C1,
93998,COCc1cc(CNC(=O)[C@@H](C)N(C(=O)[C@H]2C[C@@H]3C[C@@H]3C2)C2CC2)on1,"(2R)-2-(N-cyclopropyl(1R,3s,5S)-bicyclo[3.1.0]hexane-3-carboxamido)-N-((3-(methoxymethyl)-1,2-oxazol-5-yl)methyl)propanamide",,COCc1cc(CNC(=O)C(C)N(C(=O)C2C[C@@H]3C[C@@H]3C2)C2CC2)on1,
94014,CCC[C@H]1CC[C@H](C(=O)N2C[C@H]3[C@H](CNC(=O)[C@H]4CC[C@H](CC)CC4)[C@H]3C2)CC1,"trans-4-ethyl-N-(((1R,5S,6r)-3-((trans-4-propylcyclohexyl)carbonyl)-3-azabicyclo[3.1.0]hexan-6-yl)methyl)cyclohexanecarboxamide",,CCCC1CCC(C(=O)N2C[C@@H]3[C@@H](CNC(=O)C4CCC(CC)CC4)[C@@H]3C2)CC1,
94020,C#CC1(C(=O)N[C@H]2[C@@H]3CN(C(=O)C4=C(C)N(C)c5ncnn5[C@@H]4C)C[C@@H]32)CC1,"1-(ethynyl)-N-((1R,5S,6S)-3-(((7R)-4,5,7-trimethyl-4,7-dihydro[1,2,4]triazolo[1,5-a]pyrimidin-6-yl)carbonyl)-3-azabicyclo[3.1.0]hexan-6-yl)cyclopropanecarboxamide",,C#CC1(C(=O)N[C@H]2[C@@H]3CN(C(=O)C4=C(C)N(C)c5ncnn5[C@@H]4C)C[C@@H]32)CC1,
94093,COc1ccnc(O)c1C(=O)N[C@H]1C[C@@](F)(CNC(=O)c2cnsc2)C1,"N-(((1r,3r)-1-fluoro-3-(2-hydroxy-4-methoxypyridine-3-carboxamido)cyclobutyl)methyl)-1,2-thiazole-4-carboxamide",,COc1cc[nH]c(=O)c1C(=O)N[C@H]1C[C@@](F)(CNC(=O)c2cnsc2)C1,
94120,Cn1ccc(C(=O)NC[C@H]2C[C@@](F)(CNC(=O)[C@H]3OC[C@H]4CCCC[C@H]43)C2)n1,"N-(((1S,3r)-3-fluoro-3-(((1S,3aS,7aR)-1,3,3a,4,5,6,7,7a-octahydro-2-benzofuran-1-carboxamido)methyl)cyclobutyl)methyl)-1-methyl-1H-pyrazole-3-carboxamide",,Cn1ccc(C(=O)NC[C@H]2C[C@@](F)(CNC(=O)C3OC[C@H]4CCCC[C@@H]34)C2)n1,
94176,Cc1cc(C(=O)N[C@H]2C[C@](C)(NC(=O)c3ccc(Cl)o3)C2)nn1C1CCCCC1,"N-((1r,3r)-3-(5-chlorofuran-2-carboxamido)-3-methylcyclobutyl)-1-cyclohexyl-5-methyl-1H-pyrazole-3-carboxamide",,Cc1cc(C(=O)N[C@H]2C[C@](C)(NC(=O)c3ccc(Cl)o3)C2)nn1C1CCCCC1,
94218,C[C@@H](C#N)C(=O)N[C@H]1C[C@](C)(NC(=O)c2cc(Br)c3[nH]cnc3c2)C1,"(2S)-N-((1r,3S)-3-(7-bromo-1H-benzimidazole-5-carboxamido)-3-methylcyclobutyl)-2-cyanopropanamide",,CC(C#N)C(=O)N[C@H]1C[C@](C)(NC(=O)c2cc(Br)c3[nH]cnc3c2)C1,
94250,CC[C@]1(C(=O)NCCCN(CCO)C(=O)C[C@H](C)c2ccco2)CC[C@@H](O)CC1,"(1s,4R)-1-ethyl-4-hydroxy-N-(3-(N-(2-hydroxyethyl)(3S)-3-(furan-2-yl)butanamido)propyl)cyclohexanecarboxamide",,CC[C@]1(C(=O)NCCCN(CCO)C(=O)C[C@H](C)c2ccco2)CC[C@@H](O)CC1,
94257,C[S@@](=O)CC[C@H](O)C(=O)N[C@]1(C)C[C@@H](NC(=O)c2ncccc2N)C1,"(2S)-N-((1r,3S)-3-(3-aminopyridine-2-carboxamido)-1-methylcyclobutyl)-2-hydroxy-4-((R)-methylsulfinyl)butanamide",,C[S@@+]([O-])CCC(O)C(=O)N[C@]1(C)C[C@@H](NC(=O)c2ncccc2N)C1,
94401,Cc1nccn1CC(=O)N[C@@H]1[C@@H]2CN(C(=O)c3ccns3)C[C@@H]21,"2-(2-methyl-1H-imidazol-1-yl)-N-((1R,5S,6r)-3-((1,2-thiazol-5-yl)carbonyl)-3-azabicyclo[3.1.0]hexan-6-yl)acetamide",,Cc1nccn1CC(=O)N[C@@H]1[C@@H]2CN(C(=O)c3ccns3)C[C@@H]21,
94484,Cc1nsc(N)c1C(=O)N1C[C@H]2C[C@H](NC(=O)CCP(C)(C)=O)C[C@H]2C1,"N-((1R,5S,7s)-3-((5-amino-3-methyl-1,2-thiazol-4-yl)carbonyl)-3-azabicyclo[3.3.0]octan-7-yl)-3-(dimethyloxophosphanyl)propanamide",,Cc1nsc(N)c1C(=O)N1C[C@H]2C[C@H](NC(=O)CCP(C)(C)=O)C[C@H]2C1,
94554,CC(=O)N[C@]1(C(=O)N2[C@H]3CC[C@H]2CN(C(=O)[C@H]2CCC(=O)O2)C3)CC[C@H](C)CC1,"N-((1s,4R)-4-methyl-1-(((1S,5S)-3-(((2R)-5-oxooxolan-2-yl)carbonyl)-3,8-diazabicyclo[3.2.1]octan-8-yl)carbonyl)cyclohexyl)acetamide",,CC(=O)N[C@]1(C(=O)N2[C@H]3CC[C@H]2CN(C(=O)C2CCC(=O)O2)C3)CC[C@H](C)CC1,
94593,O=C(NOCC=CCl)[C@@H]1CN(C(=O)[C@@H]2[C@H]3CCC[C@H]32)CCO1,"(2S)-4-(((1R,5S,6r)-bicyclo[3.1.0]hexan-6-yl)carbonyl)-N-((3-chloroprop-2-en-1-yl)oxy)morpholine-2-carboxamide",,O=C(NOCC=CCl)C1CN(C(=O)C2[C@H]3CCC[C@@H]23)CCO1,
94607,CC(C)C1CC(C(=O)NC[C@]2(F)C[C@@H](NC(=O)CCSCC(N)=O)C2)C1,"N-(((1s,3s)-3-(3-((2-amino-2-oxoethyl)sulfanyl)propanamido)-1-fluorocyclobutyl)methyl)-3-(propan-2-yl)cyclobutanecarboxamide",,CC(C)C1CC(C(=O)NC[C@]2(F)C[C@@H](NC(=O)CCSCC(N)=O)C2)C1,
94611,COCCO[C@H](C)C(=O)NC[C@H]1CCCCCN1C(=O)[C@H]1C[C@@](C)(O)C1,"(2R)-N-(((2R)-1-(((1s,3S)-3-hydroxy-3-methylcyclobutyl)carbonyl)azepan-2-yl)methyl)-2-((2-methoxyethyl)oxy)propanamide",,COCCOC(C)C(=O)NC[C@H]1CCCCCN1C(=O)C1CC(C)(O)C1,
94646,CO[C@H]1C[C@@H](C(=O)N[C@H]2CC[C@H](NC(=O)[C@H]3C[C@H]4[C@@H](C3)C4(C)C)C2)C[C@H]1OC,"(1R,3s,5S)-N-((1S,3S)-3-((1r,3R,4S)-3,4-dimethoxycyclopentanecarboxamido)cyclopentyl)-6,6-dimethylbicyclo[3.1.0]hexane-3-carboxamide",,CO[C@H]1CC(C(=O)N[C@H]2CC[C@H](NC(=O)C3C[C@@H]4[C@H](C3)C4(C)C)C2)C[C@H]1OC,
94673,Cc1ccc(C)c(CC(=O)N[C@H]2C[C@@](C)(NC(=O)[C@@H]3C[C@H]3Cl)C2)c1,"N-((1R,3s)-3-((1S,2R)-2-chlorocyclopropanecarboxamido)-3-methylcyclobutyl)-2-(2,5-dimethylphenyl)acetamide",,Cc1ccc(C)c(CC(=O)N[C@H]2C[C@@](C)(NC(=O)C3C[C@H]3Cl)C2)c1,
94726,CN(C[C@H]1[C@@H]2CN(C(=O)c3cscc3S(C)(=O)=O)C[C@H]12)C(=O)CCn1ccnc1,"3-(1H-imidazol-1-yl)-N-methyl-N-(((1R,5S,6r)-3-((4-(methylsulfonyl)thiophen-3-yl)carbonyl)-3-azabicyclo[3.1.0]hexan-6-yl)methyl)propanamide",,CN(C[C@@H]1[C@H]2CN(C(=O)c3cscc3S(C)(=O)=O)C[C@@H]12)C(=O)CCn1ccnc1,
94874,C[C@@H](CC(N)=O)C(=O)NC[C@]1(F)C[C@H](NC(=O)c2cc(Cl)c3c(c2)OCCO3)C1,"(2S)-N-(((1r,3S)-3-(8-chloro-2,3-dihydro-1,4-benzodioxine-6-carboxamido)-1-fluorocyclobutyl)methyl)-2-methylbutanediamide",,CC(CC(N)=O)C(=O)NC[C@]1(F)C[C@H](NC(=O)c2cc(Cl)c3c(c2)OCCO3)C1,
94960,CN1CCN(CC(=O)NC[C@H]2C[C@@](F)(CNC(=O)Cc3cnoc3)C2)CC1=O,"N-(((1r,3r)-1-fluoro-3-((2-(4-methyl-3-oxopiperazin-1-yl)acetamido)methyl)cyclobutyl)methyl)-2-(1,2-oxazol-4-yl)acetamide",,CN1CCN(CC(=O)NC[C@H]2C[C@@](F)(CNC(=O)Cc3cnoc3)C2)CC1=O,
94990,C[C@]1(NC(=O)Cc2cscn2)C[C@@H](C(=O)NCc2n[nH]c3c2CCC3)C1,"N-((1s,3s)-3-(((2,3-diazabicyclo[3.3.0]octa-1(5),3-dien-4-yl)methyl)carbamoyl)-1-methylcyclobutyl)-2-(1,3-thiazol-4-yl)acetamide",,CC1(NC(=O)Cc2cscn2)CC(C(=O)NCc2[nH]nc3c2CCC3)C1,
95000,CSC[C@@H](O)C(=O)N[C@@H]1CCN(C(=O)[C@H]2[C@@H]3C[C@H]2CN(Cc2ccccc2)C3)C1,"(2S)-N-((3R)-1-(((1R,5S,6s)-3-benzyl-3-azabicyclo[3.1.1]heptan-6-yl)carbonyl)pyrrolidin-3-yl)-2-hydroxy-3-(methylsulfanyl)propanamide",,CSCC(O)C(=O)N[C@@H]1CCN(C(=O)C2[C@@H]3C[C@H]2CN(Cc2ccccc2)C3)C1,
95056,CNC(=O)COc1ccc(NC(=O)[C@@H]2C[C@@H]3CC[C@H](C2)[C@@H]3N)c(F)c1,"2-((4-((1R,3r,5S,8r)-8-aminobicyclo[3.2.1]octane-3-carboxamido)-3-fluorophenyl)oxy)-N-methylacetamide",,CNC(=O)COc1ccc(NC(=O)C2C[C@H]3CC[C@@H](C2)[C@H]3N)c(F)c1,
95065,Nc1ccc(C(=O)N2CCC3(CC2)CN(C(=O)[C@@H]2[C@H]4COC[C@H]42)CCO3)nc1,"1-(5-aminopyridin-2-yl)-1-(4-(((1R,5S,6r)-3-oxabicyclo[3.1.0]hexan-6-yl)carbonyl)-1-oxa-4,9-diazaspiro[5.5]undecan-9-yl)methanone",,Nc1ccc(C(=O)N2CCC3(CC2)CN(C(=O)C2[C@H]4COC[C@@H]24)CCO3)nc1,
95108,Cc1c(Cl)c(C(=O)N[C@H]2C[C@@](C)(NC(=O)[C@H]3CCCC34CC4)C2)nn1C,"4-chloro-1,5-dimethyl-N-((1R,3s)-3-methyl-3-((4S)-spiro[2.4]heptane-4-carboxamido)cyclobutyl)-1H-pyrazole-3-carboxamide",,Cc1c(Cl)c(C(=O)N[C@H]2C[C@@](C)(NC(=O)C3CCCC34CC4)C2)nn1C,
95130,NC(=O)C1(C(=O)NC[C@H]2[C@@H]3CN(C(=O)c4cc([C@H]5CCOC5)[nH]n4)C[C@H]23)CC1,"N'-(((1R,5S,6R)-3-((5-((3R)-oxolan-3-yl)-1H-pyrazol-3-yl)carbonyl)-3-azabicyclo[3.1.0]hexan-6-yl)methyl)cyclopropane-1,1-dicarboxamide",,NC(=O)C1(C(=O)NC[C@@H]2[C@H]3CN(C(=O)c4cc([C@H]5CCOC5)[nH]n4)C[C@@H]23)CC1,
95209,CC(C)=CC(=O)N1CC2(C1)OC1(C)CC2(NC(=O)[C@H](C)c2ccc(F)cc2)C1,"(2R)-2-(4-fluorophenyl)-N-(1-methylspiro[2-oxabicyclo[2.1.1]hexane-3,3'-(1-(1-azacyclobutan-1-yl)-3-methylbut-2-ene)]-4-yl-1'-one)propanamide",,CC(C)=CC(=O)N1CC2(C1)OC1(C)CC2(NC(=O)C(C)c2ccc(F)cc2)C1,
95245,COCCC(=O)N[C@H]1C[C@@](C)(NC(=O)[C@@H]2CCCN2Cc2ccsc2)C1,"3-methoxy-N-((1R,3s)-3-methyl-3-((2S)-1-((thiophen-3-yl)methyl)pyrrolidine-2-carboxamido)cyclobutyl)propanamide",,COCCC(=O)N[C@H]1C[C@@](C)(NC(=O)C2CCCN2Cc2ccsc2)C1,
95265,COc1ccc(C(=O)N[C@H]2C[C@@H]3CC[C@H](C2)N3C(=O)C[C@@H](O)CN(C)C)nc1N,"6-amino-N-((1R,3S,5S)-8-((3R)-4-(dimethylamino)-3-hydroxy-butyryl)-8-azabicyclo[3.2.1]octan-3-yl)-5-methoxypyridine-2-carboxamide",,COc1ccc(C(=O)N[C@@H]2C[C@H]3CC[C@@H](C2)N3C(=O)C[C@@H](O)CN(C)C)nc1N,
95287,CCc1cnccc1CNC(=O)[C@@H]1CCN(C(=O)C[C@@H]2C[C@H]3C[C@H]3C2)C12CC2,"(7R)-4-(2-((1R,3s,5S)-bicyclo[3.1.0]hexan-3-yl)-acetyl)-N-((3-ethylpyridin-4-yl)methyl)-4-azaspiro[2.4]heptane-7-carboxamide",,CCc1cnccc1CNC(=O)C1CCN(C(=O)C[C@H]2C[C@@H]3C[C@@H]3C2)C12CC2,
95296,Cc1cc(C(=O)NCC[C@@H]2CCCCN2C(=O)[C@@H]2[C@H]3CCCC[C@H]32)c(O)nn1,"N-(2-((2S)-1-(((1R,6S,7r)-bicyclo[4.1.0]heptan-7-yl)carbonyl)piperidin-2-yl)ethyl)-3-hydroxy-6-methylpyridazine-4-carboxamide",,Cc1cc(C(=O)NCC[C@@H]2CCCCN2C(=O)C2[C@H]3CCCC[C@@H]23)c(=O)[nH]n1,
95348,CC(C)OCC(=O)N[C@H]1CC[C@]2(CC1)CN(C(=O)C[C@@H]1CN(C)C[C@H]1O)CCO2,"N-(4-(2-((3R,4S)-4-hydroxy-1-methylpyrrolidin-3-yl)-acetyl)-1-oxa-4-azaspiro[5.5]undecan-9-yl)-2-isopropoxyacetamide",O[C@H]1[C@@H](CN(C1)C)CC(=O)N1CCOC2(C1)CCC(CC2)NC(COC(C)C)=O,CC(C)OCC(=O)N[C@H]1CC[C@]2(CC1)CN(C(=O)C[C@@H]1CN(C)C[C@H]1O)CCO2,CC(C)OCC(=O)NC1CCC2(CC1)CN(C(=O)C[C@@H]1CN(C)C[C@H]1O)CCO2
95420,C[C@]1(C(F)F)C[C@H]1C(=O)N1[C@H]2CC[C@@H]1C[C@H](CNC(=O)c1cn(C(F)F)cn1)C2,"1-(difluoromethyl)-N-(((1R,3R,5S)-8-(((1R,2S)-2-(difluoromethyl)-2-methylcyclopropyl)carbonyl)-8-azabicyclo[3.2.1]octan-3-yl)methyl)-1H-imidazole-4-carboxamide",,C[C@]1(C(F)F)CC1C(=O)N1[C@@H]2CC[C@H]1C[C@@H](CNC(=O)c1cn(C(F)F)cn1)C2,
95473,CCC1(CC)CC(C(=O)N[C@]2(C)C[C@H](C(=O)Nc3ccc(C)cc3)C2)C1,"(1s,3s)-3-(3,3-diethylcyclobutanecarboxamido)-3-methyl-N-(4-methylphenyl)cyclobutanecarboxamide",,CCC1(CC)CC(C(=O)NC2(C)CC(C(=O)Nc3ccc(C)cc3)C2)C1,
95542,C[C@H]1C[C@@H](C)C[C@H](C(=O)N[C@H](C)C[C@@H](C)NC(=O)[C@@H](C)NC(=O)c2ccoc2)C1,"N-((2R)-1-(((2R,4R)-4-((1r,3R,5S)-3,5-dimethylcyclohexanecarboxamido)pentan-2-yl)amino)-1-oxopropan-2-yl)furan-3-carboxamide",,CC(NC(=O)c1ccoc1)C(=O)N[C@H](C)C[C@@H](C)NC(=O)C1C[C@@H](C)C[C@@H](C)C1,
95558,O=C(N[C@@H]1CCC12CN(C(=O)COC1(C(F)(F)F)COC1)C2)[C@@H]1[C@H]2CCCC[C@H]21,"(1R,6S,7r)-N-((5R)-2-(1-oxo-2-((3-(trifluoromethyl)oxetan-3-yl)oxy)ethyl)-2-azaspiro[3.3]heptan-5-yl)bicyclo[4.1.0]heptane-7-carboxamide",,O=C(N[C@@H]1CCC12CN(C(=O)COC1(C(F)(F)F)COC1)C2)C1[C@H]2CCCC[C@@H]12,
95609,CCc1cnoc1C(=O)N1C[C@@]2(C(=O)NC[C@@H]3C[C@@H]4CC[C@@H]4C3)C[C@H]1CO2,"(1R,4S)-N-(((1R,3r,5S)-bicyclo[3.2.0]heptan-3-yl)methyl)-5-((4-ethyl-1,2-oxazol-5-yl)carbonyl)-2-oxa-5-azabicyclo[2.2.1]heptane-1-carboxamide",,CCc1cnoc1C(=O)N1C[C@@]2(C(=O)NC[C@H]3C[C@H]4CC[C@H]4C3)C[C@H]1CO2,
95724,CO[C@H]1C[C@@H](C(=O)NC[C@@H]2CCN(C(=O)C=C(Cl)Cl)C23CCC3)C[C@H]1OC,"(1r,3R,4S)-N-(((8S)-5-(3,3-dichloro-1-oxoprop-2-en-1-yl)-5-azaspiro[3.4]octan-8-yl)methyl)-3,4-dimethoxycyclopentanecarboxamide",,CO[C@H]1CC(C(=O)NC[C@@H]2CCN(C(=O)C=C(Cl)Cl)C23CCC3)C[C@H]1OC,
95827,C[C@@H]1O[C@H](C)[C@H](C(=O)NC[C@@H]2CN(C(=O)[C@@H]3[C@H]4CCC[C@H]43)CCCO2)[C@@H]1C,"(2R,3R,4S,5S)-N-(((2R)-4-(((1R,5S,6r)-bicyclo[3.1.0]hexan-6-yl)carbonyl)-1,4-oxazepan-2-yl)methyl)-2,4,5-trimethyloxolane-3-carboxamide",,C[C@@H]1O[C@H](C)C(C(=O)NC[C@@H]2CN(C(=O)C3[C@H]4CCC[C@@H]34)CCCO2)[C@@H]1C,
95923,O=C1N[C@H](C(=O)N2[C@H]3CC[C@@H]2C[C@@H](NC(=O)c2ccccc2SCCO)C3)CO1,"2-((2-hydroxyethyl)sulfanyl)-N-((1R,3R,5S)-8-(((4S)-2-oxo-1,3-oxazolidin-4-yl)carbonyl)-8-azabicyclo[3.2.1]octan-3-yl)benzamide",,O=C1NC(C(=O)N2[C@@H]3CC[C@H]2C[C@H](NC(=O)c2ccccc2SCCO)C3)CO1,
96021,CC1(CC(=O)N2C[C@H](O)C[C@H]2CC(=O)N[C@@H]2C[C@H](O)[C@H](O)C2)CCCCC1,"N-((1r,3R,4S)-3,4-dihydroxycyclopentyl)-2-((2S,4R)-4-hydroxy-1-(2-(1-methylcyclohexyl)-acetyl)pyrrolidin-2-yl)acetamide",,CC1(CC(=O)N2C[C@H](O)C[C@H]2CC(=O)N[C@H]2C[C@@H](O)[C@@H](O)C2)CCCCC1,
96079,CO[C@H](F)C(=O)N1C[C@H]2C[C@@H](NC(=O)[C@H]3CC[C@H]4C[C@H]4CC3)C[C@H]1C2,"(1R,4s,7S)-N-((1S,3R,5R)-6-((2R)-2-fluoro-2-methoxy-acetyl)-6-azabicyclo[3.2.1]octan-3-yl)bicyclo[5.1.0]octane-4-carboxamide",,COC(F)C(=O)N1C[C@H]2C[C@@H](NC(=O)C3CC[C@@H]4C[C@@H]4CC3)C[C@H]1C2,
96110,COCC[C@H]1C[C@@H]1C(=O)N1CC[C@@H](C2CC2)[C@H]1C(=O)N1C[C@H]2[C@@H](C1)[C@@H]2C(N)=O,"(1R,5S,6S)-3-(((2S,3S)-3-cyclopropyl-1-(((1S,2R)-2-(2-methoxyethyl)cyclopropyl)carbonyl)pyrrolidin-2-yl)carbonyl)-3-azabicyclo[3.1.0]hexane-6-carboxamide",,COCC[C@H]1CC1C(=O)N1CC[C@@H](C2CC2)C1C(=O)N1C[C@@H]2C(C(N)=O)[C@@H]2C1,
96181,CSCCCNC(=O)[C@H]([C@@H]1[C@H]2CCC[C@H]21)N1CCC12CC(C)(C)OC(C)(C)C2,"(2S)-2-((1R,5S,6r)-bicyclo[3.1.0]hexan-6-yl)-N-(3-(methylsulfanyl)propyl)-2-(6,6,8,8-tetramethyl-7-oxa-1-azaspiro[3.5]nonan-1-yl)acetamide",,CSCCCNC(=O)C([C@H]1[C@@H]2CCC[C@@H]21)N1CCC12CC(C)(C)OC(C)(C)C2,
96289,CCC[C@H](C(=O)N1C[C@H]2[C@H](N(C)C(=O)c3ccc(OC)cn3)[C@H]2C1)C(C)C,"5-methoxy-N-methyl-N-((1R,5S,6R)-3-((2S)-1-oxo-2-(propan-2-yl)pentyl)-3-azabicyclo[3.1.0]hexan-6-yl)pyridine-2-carboxamide",,CCCC(C(=O)N1C[C@@H]2[C@H](C1)[C@H]2N(C)C(=O)c1ccc(OC)cn1)C(C)C,
96292,CCc1cc(C(=O)N2C[C@H]3[C@@H](C2)[C@@H]3C(=O)N2C[C@H](C)[C@@H](N(C)C)C2)on1,"1-((1R,5S,6r)-6-(((3R,4S)-3-(dimethylamino)-4-methylpyrrolidin-1-yl)carbonyl)-3-azabicyclo[3.1.0]hexan-3-yl)-1-(3-ethyl-1,2-oxazol-5-yl)methanone",,CCc1cc(C(=O)N2C[C@@H]3C(C(=O)N4C[C@H](C)[C@@H](N(C)C)C4)[C@@H]3C2)on1,
96322,CCOC(=O)C1(C(=O)N[C@]2(C)C[C@H](NC(=O)OC(C)(C)C)C2)CCOCC1,"ethyl 4-(((1s,3s)-3-(tert-butoxycarbonylamino)-1-methylcyclobutyl)carbamoyl)oxane-4-carboxylate",,CCOC(=O)C1(C(=O)N[C@]2(C)C[C@H](NC(=O)OC(C)(C)C)C2)CCOCC1,
96362,CCc1ccc(C(=O)C(=O)N2CC3CC2(CNC(=O)[C@@H]2[C@H]4COC[C@H]42)C3)s1,"(1R,5S,6r)-N-((2-(2-(5-ethylthiophen-2-yl)-1,2-dioxoethyl)-2-azabicyclo[2.1.1]hexan-1-yl)methyl)-3-oxabicyclo[3.1.0]hexane-6-carboxamide",,CCc1ccc(C(=O)C(=O)N2CC3CC2(CNC(=O)C2[C@H]4COC[C@@H]24)C3)s1,
96370,C=CCC(C)(C)C(=O)N1C[C@H]2CCN(C(=O)[C@H]3CC[C@](C)(O)CC3)[C@H]2C1,"1-((1R,5R)-2-(((1r,4R)-4-hydroxy-4-methylcyclohexyl)carbonyl)-2,7-diazabicyclo[3.3.0]octan-7-yl)-2,2-dimethylpent-4-en-1-one",,C=CCC(C)(C)C(=O)N1C[C@H]2CCN(C(=O)C3CCC(C)(O)CC3)[C@H]2C1,
96372,Nc1ncccc1C(=O)N1CC[C@H](NC(=O)[C@@H]2C[C@@H]3C[C@@H]3C2)C12CC2,"(1R,3r,5S)-N-((7S)-4-((2-aminopyridin-3-yl)carbonyl)-4-azaspiro[2.4]heptan-7-yl)bicyclo[3.1.0]hexane-3-carboxamide",,Nc1ncccc1C(=O)N1CC[C@H](NC(=O)C2C[C@@H]3C[C@@H]3C2)C12CC2,
96478,Cc1ccc(C(=O)N2C[C@@H]3C[C@@H]3[C@H]2C(=O)NC[C@H]2[C@@H]3COC[C@H]23)cn1,"(1S,2S,5R)-3-((6-methylpyridin-3-yl)carbonyl)-N-(((1R,5S,6s)-3-oxabicyclo[3.1.0]hexan-6-yl)methyl)-3-azabicyclo[3.1.0]hexane-2-carboxamide",,Cc1ccc(C(=O)N2C[C@@H]3C[C@@H]3C2C(=O)NC[C@@H]2[C@H]3COC[C@@H]23)cn1,
96489,COCC1(C(=O)N2C[C@H](C)[C@@H](N=c3[nH]c(Cl)ncc3F)[C@H](C)C2)CCC1,"1-((3R,4r,5S)-4-((2-chloro-5-fluoro-3H-pyrimidin-4-ylidene)amino)-3,5-dimethylpiperidin-1-yl)-1-(1-(methoxymethyl)cyclobutyl)methanone",,COCC1(C(=O)N2C[C@@H](C)[C@H](Nc3nc(Cl)ncc3F)[C@@H](C)C2)CCC1,
96516,O=C(CCSC1CCCC1)N[C@@H]1CCCCN(C(=O)[C@@H]2[C@H]3CCCC[C@H]32)C1,"N-((3R)-1-(((1R,6S,7r)-bicyclo[4.1.0]heptan-7-yl)carbonyl)azepan-3-yl)-3-(cyclopentylsulfanyl)propanamide",,O=C(CCSC1CCCC1)N[C@@H]1CCCCN(C(=O)C2[C@H]3CCCC[C@@H]23)C1,
96528,C[C@@H](NC(=O)[C@@H]1[C@H]2CCC[C@H]21)C(C)(C)C(=O)N1CCC[C@@](C)(CO)C1,"(1R,5S,6r)-N-((2R)-3-(((3R)-3-(hydroxymethyl)-3-methylpiperidin-1-yl)carbonyl)-3-methylbutan-2-yl)bicyclo[3.1.0]hexane-6-carboxamide",,C[C@@H](NC(=O)C1[C@H]2CCC[C@@H]12)C(C)(C)C(=O)N1CCC[C@@](C)(CO)C1,
96563,Cn1cncc1[C@@H]1C[C@H]1NC(=O)N[C@H]1C[C@@H]2CCC[C@@H]2C1,"N-((1R,2R)-2-(1-methyl-1H-imidazol-5-yl)cyclopropyl)-1-(((2s,3aR,6aS)-octahydropentalen-2-yl)amino)formamide",,Cn1cncc1[C@@H]1C[C@H]1NC(=O)N[C@@H]1C[C@H]2CCC[C@H]2C1,
96580,C[C@H]1[C@@H](C)[C@@H]1C(=O)NCCN1CCC(NC(=O)CC[S@](C)=O)CC1,"(1r,2R,3S)-2,3-dimethyl-N-(2-(4-(3-((S)-methylsulfinyl)propanamido)piperidin-1-yl)ethyl)cyclopropanecarboxamide",,C[C@@H]1C(C(=O)NCCN2CCC(NC(=O)CC[S@+](C)[O-])CC2)[C@@H]1C,
96623,CC(C)[C@H](C)C(=O)N[C@]1(C)C[C@@H](NC(=O)c2ccc(COC(F)(F)F)cc2)C1,"(2S)-2,3-dimethyl-N-((1r,3S)-1-methyl-3-(4-(((trifluoromethyl)oxy)methyl)benzamido)cyclobutyl)butanamide",,CC(C)C(C)C(=O)N[C@]1(C)C[C@@H](NC(=O)c2ccc(COC(F)(F)F)cc2)C1,
96638,C[C@@H]1C[C@@H]1C(=O)N1C[C@H]2C[C@H](NC(=O)c3c(Cl)cccc3[N+](=O)[O-])C[C@H]2C1,"2-chloro-N-((1R,5S,7R)-3-(((1S,2R)-2-methylcyclopropyl)carbonyl)-3-azabicyclo[3.3.0]octan-7-yl)-6-nitrobenzamide",,C[C@@H]1CC1C(=O)N1C[C@H]2C[C@H](NC(=O)c3c(Cl)cccc3[N+](=O)[O-])C[C@H]2C1,
96651,Cc1cc(CNC(=O)CCc2nc(O)n[nH]2)oc1C(=O)N[C@H]1C[C@@H]2C[C@@H]2C1,"N-((5-(((1R,3s,5S)-bicyclo[3.1.0]hexan-3-yl)carbamoyl)-4-methylfuran-2-yl)methyl)-3-(3-hydroxy-1H-1,2,4-triazol-5-yl)propanamide",,Cc1cc(CNC(=O)CCc2n[nH]c(=O)[nH]2)oc1C(=O)N[C@H]1C[C@@H]2C[C@@H]2C1,
96736,Cc1cc(C(=O)N[C@]2(C)C[C@@H](NC(=O)c3ccc(C(N)=O)[nH]3)C2)n(C)n1,"N'-((1r,3r)-3-(1,3-dimethyl-1H-pyrazole-5-carboxamido)-3-methylcyclobutyl)-1H-pyrrole-2,5-dicarboxamide",,Cc1cc(C(=O)N[C@]2(C)C[C@@H](NC(=O)c3ccc(C(N)=O)[nH]3)C2)n(C)n1,
96864,CC(C)(C)OC(=O)N1C[C@@H]2C=NN=C2[C@H](C(=O)NCCc2cncs2)C1,"tert-butyl (3aR,7R)-7-((2-(1,3-thiazol-5-yl)ethyl)carbamoyl)-4,5,6,7-tetrahydro-1H-pyrazolo[4,3-c]pyridine-5-carboxylate",,CC(C)(C)OC(=O)N1CC(C(=O)NCCc2cncs2)C2=NN=C[C@H]2C1,
96872,C#CCO[C@@H](C)C(=O)N1C[C@H]2C[C@@H](C(=O)NC[C@H](C)c3ccsc3)C[C@H]2C1,"(1R,5S,7S)-3-((2S)-1-oxo-2-((prop-2-yn-1-yl)oxy)propyl)-N-((2R)-2-(thiophen-3-yl)propyl)-3-azabicyclo[3.3.0]octane-7-carboxamide",,C#CCOC(C)C(=O)N1C[C@H]2CC(C(=O)NC[C@H](C)c3ccsc3)C[C@H]2C1,
96924,C[C@H]1CC[C@]2(CCN2C(=O)C[C@@H](NC(=O)COCc2nc[nH]n2)C(F)F)CC1,"N-((2R)-1,1-difluoro-4-(7-methyl-1-azaspiro[3.5]nonan-1-yl)-4-oxobutan-2-yl)-2-(((1H-1,2,4-triazol-3-yl)methyl)oxy)acetamide",FC([C@@H](CC(=O)N1CCC12CCC(CC2)C)NC(COCC2=NNC=N2)=O)F,C[C@H]1CC[C@]2(CCN2C(=O)C[C@@H](NC(=O)COCc2nc[nH]n2)C(F)F)CC1,CC1CCC2(CC1)CCN2C(=O)C[C@@H](NC(=O)COCc1nc[nH]n1)C(F)F
96951,C=CCOCC(=O)N[C@@](C)(CNC(=O)[C@@H]1[C@H]2CCCC[C@H]21)C(C)C,"N-((2R)-1-((1R,6S,7r)-bicyclo[4.1.0]heptane-7-carboxamido)-2,3-dimethylbutan-2-yl)-2-((prop-2-en-1-yl)oxy)acetamide",,C=CCOCC(=O)N[C@@](C)(CNC(=O)C1[C@H]2CCCC[C@@H]12)C(C)C,
96977,C[C@H](C(=O)N[C@H]1C[C@@](C)(NC(=O)c2cccc(CCO)c2)C1)c1ncco1,"(2S)-N-((1s,3R)-3-(3-(2-hydroxyethyl)benzamido)-3-methylcyclobutyl)-2-(1,3-oxazol-2-yl)propanamide",,CC(C(=O)N[C@H]1C[C@@](C)(NC(=O)c2cccc(CCO)c2)C1)c1ncco1,
96985,CCOCCO[C@H](C)C(=O)N1[C@H]2CC[C@@H]1C[C@H](NC(=O)c1cnc3n1CCC3)C2,"N-((1R,3R,5S)-8-((2R)-2-((2-ethoxyethyl)oxy)-propionyl)-8-azabicyclo[3.2.1]octan-3-yl)-1,4-diazabicyclo[3.3.0]octa-2,4-diene-2-carboxamide",,CCOCCOC(C)C(=O)N1[C@@H]2CC[C@H]1C[C@@H](NC(=O)c1cnc3n1CCC3)C2,
97036,C[C@@H]1CCN(C(=O)[C@@]2(C#N)C[C@@H]3C[C@@H]3C2)C[C@H]1NC(=O)C(C1CCC1)C1CCC1,"2,2-dicyclobutyl-N-((3S,4R)-4-methyl-1-(((1R,3s,5S)-3-(nitrilomethyl)bicyclo[3.1.0]hexan-3-yl)carbonyl)piperidin-3-yl)acetamide",,C[C@@H]1CCN(C(=O)[C@]2(C#N)C[C@H]3C[C@H]3C2)C[C@H]1NC(=O)C(C1CCC1)C1CCC1,
97044,CCCCOCC(=O)N1CC[C@H]2[C@@H](CC1)[C@@H]2NC(=O)c1c(F)ccc(OC)c1Cl,"N-((1R,7S,8r)-4-(2-butoxy-acetyl)-4-azabicyclo[5.1.0]octan-8-yl)-2-chloro-6-fluoro-3-methoxybenzamide",,CCCCOCC(=O)N1CC[C@@H]2[C@H](CC1)[C@H]2NC(=O)c1c(F)ccc(OC)c1Cl,
97059,CO[C@H]1C[C@H](C(=O)N(C)[C@@H]2CCN(C(=O)COc3ccccc3)C2)C[C@H]1OC,"(1s,3R,4S)-3,4-dimethoxy-N-methyl-N-((3R)-1-(1-oxo-2-phenoxyethyl)pyrrolidin-3-yl)cyclopentanecarboxamide",,CO[C@H]1CC(C(=O)N(C)[C@@H]2CCN(C(=O)COc3ccccc3)C2)C[C@H]1OC,
97182,C[C@@H](C(=O)N1CCC2(CC1)C[C@H](O)c1nn(C3CCCC3)cc1O2)n1cccc1,"(2S)-1-((5'S)-8cyclopentyl-2'-oxa-7',8'-diazaspiro[piperidine-4,3'-bicyclo[4.3.0]nona-1(9),6-diene]-1-yl-5'-ol)-2-(1H-pyrrol-1-yl)propan-1-one",,CC(C(=O)N1CCC2(CC1)C[C@H](O)c1nn(C3CCCC3)cc1O2)n1cccc1,
97184,CCN1CCOC[C@@H]1CC(=O)N1C[C@@H]2C(CNC(=O)[C@@H]3[C@H]4[C@@H]5CC[C@@H](C5)[C@H]43)[C@H]2C1,"(1R,2S,3r,4R,5S)-N-(((1R,5R)-3-(2-((3S)-4-ethylmorpholin-3-yl)-acetyl)-3-azabicyclo[3.1.0]hexan-6-yl)methyl)tricyclo[3.2.1.0^{2,4}]octane-3-carboxamide",,CCN1CCOC[C@@H]1CC(=O)N1C[C@@H]2C(CNC(=O)C3[C@@H]4[C@H]5CC[C@H](C5)[C@H]34)[C@H]2C1,
97210,O=C(NCC1(F)CN(C(=O)/C=C/c2ccc(Br)cc2)C1)[C@@H]1[C@H]2CCC[C@H]21,"(1R,5S,6r)-N-((1-((2E)-3-(4-bromophenyl)-1-oxoprop-2-en-1-yl)-3-fluoroazetidin-3-yl)methyl)bicyclo[3.1.0]hexane-6-carboxamide",,O=C(NCC1(F)CN(C(=O)/C=C/c2ccc(Br)cc2)C1)C1[C@H]2CCC[C@@H]12,
97212,C[C@@H](OC(=O)[C@@H]1CC2(CCCC2)CCN1C(=O)OC(C)(C)C)c1cccnc1Cl,"7-(1R)-1-(2-chloropyridin-3-yl)ethyl 8-tert-butyl (7S)-8-azaspiro[4.5]decane-7,8-dicarboxylate",,C[C@@H](OC(=O)C1CC2(CCCC2)CCN1C(=O)OC(C)(C)C)c1cccnc1Cl,
97248,C[C@H](Oc1ccc(F)cc1)C(=O)NC[C@H]1[C@H]2CCC[C@H]1N(C(=O)[C@H]1[C@@H](C)[C@H]1C)C2,"(2S)-N-(((1R,5R,8R)-6-(((1s,2R,3S)-2,3-dimethylcyclopropyl)carbonyl)-6-azabicyclo[3.2.1]octan-8-yl)methyl)-2-((4-fluorophenyl)oxy)propanamide",,CC(Oc1ccc(F)cc1)C(=O)NC[C@H]1[C@H]2CCC[C@H]1N(C(=O)C1[C@@H](C)[C@H]1C)C2,
97434,C=C[C@H]1COCCN1C(=O)c1c(CNC(=O)[C@H]2C[C@@](C)(O)C2)cnn1C,"(1s,3R)-N-((5-(((3S)-3-ethenylmorpholin-4-yl)carbonyl)-1-methyl-1H-pyrazol-4-yl)methyl)-3-hydroxy-3-methylcyclobutanecarboxamide",,C=C[C@H]1COCCN1C(=O)c1c(CNC(=O)C2CC(C)(O)C2)cnn1C,
97483,COCCC[C@H](NC(=O)[C@@H]1[C@H]2CCC[C@H]21)C(=O)NC[C@H]1CCC2(CCC2)O1,"(1R,5S,6r)-N-((2S)-5-methoxy-1-((((6R)-5-oxaspiro[3.4]octan-6-yl)methyl)amino)-1-oxopentan-2-yl)bicyclo[3.1.0]hexane-6-carboxamide",,COCCCC(NC(=O)C1[C@H]2CCC[C@@H]12)C(=O)NC[C@H]1CCC2(CCC2)O1,
97542,Cc1n[nH]c(C)c1[C@H](C)CC(=O)N1CCCC(C)(C)[C@@H]1CNC(=O)[C@H]1[C@@H](C)[C@H]1C,"(1s,2R,3S)-N-(((2R)-1-((3R)-3-(3,5-dimethyl-1H-pyrazol-4-yl)-butyryl)-3,3-dimethylpiperidin-2-yl)methyl)-2,3-dimethylcyclopropanecarboxamide",,Cc1n[nH]c(C)c1[C@H](C)CC(=O)N1CCCC(C)(C)[C@@H]1CNC(=O)C1[C@@H](C)[C@H]1C,
97549,O=C(NC1CC(NC(=O)[C@@H]2C[C@@H]3CSC[C@@H](C3)C2)C1)c1cc(C(F)F)no1,"3-(difluoromethyl)-N-(3-((1R,5S,7r)-3-thiabicyclo[3.3.1]nonane-7-carboxamido)cyclobutyl)-1,2-oxazole-5-carboxamide",,O=C(NC1CC(NC(=O)C2C[C@H]3CSC[C@@H](C2)C3)C1)c1cc(C(F)F)no1,
97564,CC[C@H](CC(=O)N[C@H]1C[C@@](C)(NC(=O)c2cncc(F)c2)C1)C(C)(C)C,"(3R)-3-ethyl-N-((1s,3S)-3-(5-fluoropyridine-3-carboxamido)-3-methylcyclobutyl)-4,4-dimethylpentanamide",,CC[C@H](CC(=O)N[C@H]1C[C@@](C)(NC(=O)c2cncc(F)c2)C1)C(C)(C)C,
97575,O=C(CN1C(=O)CCC1=O)N1CCC([C@H]2CCCN2C(=O)[C@@H]2[C@H]3CCC[C@H]32)CC1,"1-(2-(4-((2R)-1-(((1R,5S,6r)-bicyclo[3.1.0]hexan-6-yl)carbonyl)pyrrolidin-2-yl)piperidin-1-yl)-2-oxoethyl)pyrrolidine-2,5-dione",,O=C(Cn1c(O)ccc1O)N1CCC([C@H]2CCCN2C(=O)C2[C@H]3CCC[C@@H]23)CC1,
97578,N#C[C@]1(COC(=O)C2=CNC3=NCCC3=C2)CC2CCC1CC2,"((2S)-2-(nitrilomethyl)bicyclo[2.2.2]octan-2-yl)methyl 3,7-dihydro-1H-pyrrolo[2,3-b]pyridine-5-carboxylate",N1CCC2=C1NCC(=C2)C(=O)OC[C@@]2(C1CCC(C2)CC1)C#N,N#C[C@]1(COC(=O)c2cnc3c(c2)CCN3)CC2CCC1CC2,N#C[C@]1(COC(=O)C2=CC3CCN=C3NC2)CC2CCC1CC2
97592,CO[C@H](F)C(=O)N1C[C@H]2[C@H](N(C)C(=O)Cc3c(C)[nH]c4ccccc34)[C@H]2C1,"N-((1R,5S,6S)-3-((2R)-2-fluoro-2-methoxy-acetyl)-3-azabicyclo[3.1.0]hexan-6-yl)-N-methyl-2-(2-methyl-1H-indol-3-yl)acetamide",,COC(F)C(=O)N1C[C@@H]2[C@H](C1)[C@H]2N(C)C(=O)Cc1c(C)[nH]c2ccccc12,
97717,CN(CC(C)(C)NC(=O)[C@H]1C[C@@H]2CC[C@H](C1)O2)C(=O)CC1(C(F)(F)F)CC1,"(1R,3s,5S)-N-(2-methyl-1-(N-methyl-2-(1-(trifluoromethyl)cyclopropyl)acetamido)propan-2-yl)-8-oxabicyclo[3.2.1]octane-3-carboxamide",,CN(CC(C)(C)NC(=O)C1C[C@H]2CC[C@@H](C1)O2)C(=O)CC1(C(F)(F)F)CC1,
97766,O=C(NCc1cn(C2CN(C(=O)[C@@H]3C[C@@H]4CC[C@@H]4C3)C2)nn1)c1ccc(CO)o1,"N-((1-(1-(((1R,3r,5S)-bicyclo[3.2.0]heptan-3-yl)carbonyl)azetidin-3-yl)-1H-1,2,3-triazol-4-yl)methyl)-5-(hydroxymethyl)furan-2-carboxamide",,O=C(NCc1cn(C2CN(C(=O)C3C[C@H]4CC[C@H]4C3)C2)nn1)c1ccc(CO)o1,
97781,CC[C@H](CC(=O)N[C@@H]1C[C@H]2[C@@H](C1)[C@@H]2NC(=O)c1cnc(SC)s1)CN(C)C,"(3R)-3-((dimethylamino)methyl)-N-((1R,3r,5S,6R)-6-(2-(methylsulfanyl)-1,3-thiazole-5-carboxamido)bicyclo[3.1.0]hexan-3-yl)pentanamide",,CC[C@H](CC(=O)N[C@H]1C[C@@H]2[C@H](C1)[C@H]2NC(=O)c1cnc(SC)s1)CN(C)C,
97800,CO[C@H](C(=O)N[C@H]1C[C@@H]2CC[C@H](C1)N2C(=O)c1cc([N+](=O)[O-])cn1C)C1CC1,"(2S)-2-cyclopropyl-2-methoxy-N-((1R,3s,5S)-8-((1-methyl-4-nitro-1H-pyrrol-2-yl)carbonyl)-8-azabicyclo[3.2.1]octan-3-yl)acetamide",,COC(C(=O)N[C@@H]1C[C@H]2CC[C@@H](C1)N2C(=O)c1cc([N+](=O)[O-])cn1C)C1CC1,
97863,C[C@H]1CN(C(=O)C[C@H]2[C@@H]3CN(C(=O)[C@]4(C)COCCO4)C[C@H]23)C[C@@H](C)N1C,"2-((1R,5S,6R)-3-(((2S)-2-methyl-1,4-dioxan-2-yl)carbonyl)-3-azabicyclo[3.1.0]hexan-6-yl)-1-((3R,5S)-3,4,5-trimethylpiperazin-1-yl)ethan-1-one",,C[C@@H]1CN(C(=O)C[C@@H]2[C@H]3CN(C(=O)[C@]4(C)COCCO4)C[C@@H]23)C[C@H](C)N1C,
97943,O=C(NCC1(CNC(=O)[C@@H]2COCCC2(F)F)CC1)[C@H]1CC[C@H]2C[C@H]2CC1,"(3S)-N-((1-(((1R,4s,7S)-bicyclo[5.1.0]octane-4-carboxamido)methyl)cyclopropyl)methyl)-4,4-difluorooxane-3-carboxamide",,O=C(NCC1(CNC(=O)C2COCCC2(F)F)CC1)C1CC[C@@H]2C[C@@H]2CC1,
97996,C[C@@H](CS(C)(=O)=O)NC(=O)C1(CCNC(=O)[C@@H]2[C@H]3COC[C@H]32)CC1,"(1R,5S,6r)-N-(2-(1-(((2S)-1-(methylsulfonyl)propan-2-yl)carbamoyl)cyclopropyl)ethyl)-3-oxabicyclo[3.1.0]hexane-6-carboxamide",,C[C@@H](CS(C)(=O)=O)NC(=O)C1(CCNC(=O)C2[C@H]3COC[C@@H]23)CC1,
98065,CCc1nc(O)c(C(=O)N[C@H]2C[C@](C)(NC(=O)c3cc(F)cc(F)c3)C2)cc1C,"N-((1r,3r)-3-(3,5-difluorobenzamido)-3-methylcyclobutyl)-6-ethyl-2-hydroxy-5-methylpyridine-3-carboxamide",,CCc1[nH]c(=O)c(C(=O)N[C@H]2C[C@](C)(NC(=O)c3cc(F)cc(F)c3)C2)cc1C,
98069,CC1(C)CO[C@@H]1C(=O)N[C@H]1C[C@@](C)(NC(=O)c2cc(-c3ccccc3)cs2)C1,"(2S)-3,3-dimethyl-N-((1s,3R)-3-methyl-3-(4-phenylthiophene-2-carboxamido)cyclobutyl)oxetane-2-carboxamide",,CC1(C)COC1C(=O)N[C@H]1C[C@@](C)(NC(=O)c2cc(-c3ccccc3)cs2)C1,
98095,COc1ccccc1-c1cc(C(=O)NCCN(C)C(=O)[C@@H]2[C@H]3CCCC[C@H]32)n[nH]1,"5-(2-methoxyphenyl)-N-(2-(N-methyl(1R,6S,7r)-bicyclo[4.1.0]heptane-7-carboxamido)ethyl)-1H-pyrazole-3-carboxamide",,COc1ccccc1-c1cc(C(=O)NCCN(C)C(=O)C2[C@H]3CCCC[C@@H]23)[nH]n1,
98105,O=C(NCC1(F)CCN(C(=O)[C@H]2CCCC23OCCO3)CC1)[C@H]1C[C@@H]2C[C@@H]2C1,"(1R,3s,5S)-N-((1-(((6S)-1,4-dioxaspiro[4.4]nonan-6-yl)carbonyl)-4-fluoropiperidin-4-yl)methyl)bicyclo[3.1.0]hexane-3-carboxamide",,O=C(NCC1(F)CCN(C(=O)C2CCCC23OCCO3)CC1)C1C[C@@H]2C[C@@H]2C1,
98207,Cc1cn(C(C)(C)C(=O)NC[C@H]2C[C@](F)(CNC(=O)CC[C@@H]3CCCO3)C2)cn1,"N-(((1R,3s)-3-fluoro-3-((3-((2S)-oxolan-2-yl)propanamido)methyl)cyclobutyl)methyl)-2-methyl-2-(4-methyl-1H-imidazol-1-yl)propanamide",,Cc1cn(C(C)(C)C(=O)NC[C@H]2C[C@](F)(CNC(=O)CC[C@@H]3CCCO3)C2)cn1,
98275,Cc1ccc(C)c(CNC(=O)[C@@H]2[C@H]3CN(C(=O)[C@@]4(C)C[C@H]5C=C[C@H]4C5)C[C@H]32)c1,"(1R,5S,6S)-N-((2,5-dimethylphenyl)methyl)-3-(((1R,2S,4S)-2-methylbicyclo[2.2.1]hept-5-en-2-yl)carbonyl)-3-azabicyclo[3.1.0]hexane-6-carboxamide",,Cc1ccc(C)c(CNC(=O)C2[C@H]3CN(C(=O)[C@@]4(C)C[C@H]5C=C[C@H]4C5)C[C@@H]23)c1,
98277,CC(C)COCCC(=O)NC[C@H]1[C@@H]2CN(C(=O)[C@@H]3C[C@H]3C(C)(C)C)C[C@H]12,"N-(((1R,5S,6R)-3-(((1R,2R)-2-(tert-butyl)cyclopropyl)carbonyl)-3-azabicyclo[3.1.0]hexan-6-yl)methyl)-3-isobutoxypropanamide",,CC(C)COCCC(=O)NC[C@@H]1[C@H]2CN(C(=O)C3C[C@H]3C(C)(C)C)C[C@@H]12,
98313,COCc1cc(C(=O)N[C@H]2C[C@@](C)(NC(=O)c3cn4cnnc4cn3)C2)on1,"N-((1s,3s)-3-([1,2,4]triazolo[4,3-a]pyrazine-6-carboxamido)-3-methylcyclobutyl)-3-(methoxymethyl)-1,2-oxazole-5-carboxamide",,COCc1cc(C(=O)N[C@H]2C[C@@](C)(NC(=O)c3cn4cnnc4cn3)C2)on1,
98326,CC=C(F)C(=O)N[C@H]1[C@@H]2CN(C(=O)c3ccnc4ccc(OC)cc34)C[C@@H]21,"2-fluoro-N-((1R,5S,6s)-3-((6-methoxyquinolin-4-yl)carbonyl)-3-azabicyclo[3.1.0]hexan-6-yl)but-2-enamide",,CC=C(F)C(=O)N[C@H]1[C@@H]2CN(C(=O)c3ccnc4ccc(OC)cc34)C[C@@H]21,
98370,CC[C@H](C)[C@H](O)CC(=O)N1C[C@H]2[C@@H](C1)[C@@H]2C(=O)N[C@H](CO)c1nncn1C,"(1R,5S,6R)-N-((1S)-2-hydroxy-1-(4-methyl-4H-1,2,4-triazol-3-yl)ethyl)-3-((3R,4S)-3-hydroxy-4-methyl-hexanoyl)-3-azabicyclo[3.1.0]hexane-6-carboxamide",,CC[C@H](C)[C@H](O)CC(=O)N1C[C@@H]2C(C(=O)N[C@H](CO)c3nncn3C)[C@@H]2C1,
98421,Cc1onc(C2CCCC2)c1C(=O)N1C[C@H]2[C@H](NC(=O)[C@H](F)CC(C)C)[C@H]2C1,"(2R)-N-((1R,5S,6s)-3-((3-cyclopentyl-5-methyl-1,2-oxazol-4-yl)carbonyl)-3-azabicyclo[3.1.0]hexan-6-yl)-2-fluoro-4-methylpentanamide",,Cc1onc(C2CCCC2)c1C(=O)N1C[C@@H]2[C@H](C1)[C@H]2NC(=O)C(F)CC(C)C,
98489,CNS(=O)(=O)CC(=O)NCC12CC(NC(=O)[C@H]3C[C@H](OC)[C@H](OC)C3)(CO1)C2,"N-((4-((1s,3R,4S)-3,4-dimethoxycyclopentanecarboxamido)-2-oxabicyclo[2.1.1]hexan-1-yl)methyl)-2-(methylsulfamoyl)acetamide",,CNS(=O)(=O)CC(=O)NCC12CC(NC(=O)C3C[C@H](OC)[C@H](OC)C3)(CO1)C2,
98541,O[C@@H](CN=c1[nH]ccn2cnnc12)c1cccc(OC(F)F)c1,"(1R)-2-(([1,2,4]triazolo[4,3-a]pyrazin-8-ylidene)amino)-1-(3-((difluoromethyl)oxy)phenyl)ethan-1-ol",,O[C@@H](CNc1nccn2cnnc12)c1cccc(OC(F)F)c1,
98586,CO[C@]1(C(F)F)C[C@H](C(=O)N(C)C[C@H]2COCCN2C(=O)Cc2cc[nH]n2)C1,"(1s,3R)-3-(difluoromethyl)-3-methoxy-N-methyl-N-(((3S)-4-(1-oxo-2-(1H-pyrazol-3-yl)ethyl)morpholin-3-yl)methyl)cyclobutanecarboxamide",,COC1(C(F)F)CC(C(=O)N(C)C[C@H]2COCCN2C(=O)Cc2cc[nH]n2)C1,
98625,CCOCCn1nnnc1[C@]1(NCCS(=O)(=O)N(C)C)C[C@@H]2CS(=O)(=O)C[C@@H]2C1,"(1R,5S,7s)-N-(2-(dimethylsulfamoyl)ethyl)-7-(1-(2-ethoxyethyl)-1H-tetrazol-5-yl)-3,3-dioxo-3lambda^6-thiabicyclo[3.3.0]octan-7-amine",,CCOCCn1nnnc1[C@]1(NCCS(=O)(=O)N(C)C)C[C@@H]2CS(=O)(=O)C[C@@H]2C1,
98645,C=C(CNC(=O)[C@@H]1C[C@@H]2CS(=O)(=O)C[C@@H]2C1)CC(F)(F)F,"(1R,5S,7r)-3,3-dioxo-N-(4,4,4-trifluoro-2-methylidenebutyl)-3lambda^6-thiabicyclo[3.3.0]octane-7-carboxamide",,C=C(CNC(=O)C1C[C@@H]2CS(=O)(=O)C[C@@H]2C1)CC(F)(F)F,
98658,CC(C)C[C@@H](C)C(=O)N1C[C@H]2[C@H](CC(=O)NCc3cncn3C(C)C)[C@H]2C1,"2-((1R,5S,6S)-3-((2R)-2,4-dimethyl-pentanoyl)-3-azabicyclo[3.1.0]hexan-6-yl)-N-((1-(propan-2-yl)-1H-imidazol-5-yl)methyl)acetamide",,CC(C)CC(C)C(=O)N1C[C@@H]2[C@@H](CC(=O)NCc3cncn3C(C)C)[C@@H]2C1,
98688,CN(C)C(=O)C#CC(=O)N[C@H]1C[C@](C)(NC(=O)[C@@H]2[C@H]3Cc4ccc(Cl)cc4[C@H]32)C1,"N'-((1R,3r)-3-((7R,8R,9S)-4-chlorotricyclo[4.4.0.0^{7,9}]deca-1(6),2,4-triene-8-carboxamido)-3-methylcyclobutyl)-N,N-dimethylbut-2-ynediamide",,CN(C)C(=O)C#CC(=O)N[C@H]1C[C@](C)(NC(=O)C2[C@H]3Cc4ccc(Cl)cc4[C@@H]23)C1,
98756,CSCCCCC(=O)N1[C@@H]2COC[C@H]1C[C@@H](NC(=O)[C@H]1CCCC[C@@H]1O)C2,"(1S,2S)-2-hydroxy-N-((1R,5S,7s)-9-(5-(methylsulfanyl)-pentanoyl)-3-oxa-9-azabicyclo[3.3.1]nonan-7-yl)cyclohexanecarboxamide",,CSCCCCC(=O)N1[C@@H]2COC[C@H]1C[C@@H](NC(=O)C1CCCC[C@@H]1O)C2,
98825,C[C@H]1CC[C@@H](C)[C@@H]1NC(=O)[C@@H]1[C@H](CNC(=O)[C@@]2(C)CCC(=O)NC2)C1(C)C,"(3S)-N-(((1S,2R)-2-(((1r,2R,5S)-2,5-dimethylcyclopentyl)carbamoyl)-3,3-dimethylcyclopropyl)methyl)-3-methyl-6-oxopiperidine-3-carboxamide",,C[C@@H]1CC[C@H](C)[C@H]1NC(=O)C1[C@H](CNC(=O)[C@@]2(C)CCC(=O)NC2)C1(C)C,
98882,COc1ccc([C@@H](C)NC(=O)N2C[C@H]3[C@@H](Br)[C@H]3C2)cc1F,"(1R,5S,6R)-6-bromo-N-((1R)-1-(3-fluoro-4-methoxyphenyl)ethyl)-3-azabicyclo[3.1.0]hexane-3-carboxamide",,COc1ccc([C@@H](C)NC(=O)N2C[C@@H]3[C@H](Br)[C@@H]3C2)cc1F,
98886,CCNC(=O)CC(=O)NC[C@]1(F)C[C@H](NC(=O)Cn2ncc(Br)c2C)C1,"N'-(((1r,3r)-3-(2-(4-bromo-5-methyl-1H-pyrazol-1-yl)acetamido)-1-fluorocyclobutyl)methyl)-N-ethylpropanediamide",,CCNC(=O)CC(=O)NC[C@]1(F)C[C@H](NC(=O)Cn2ncc(Br)c2C)C1,
98944,O=C(N[C@@H]1CC[C@@H]2CN(C(=O)[C@@H]3[C@H]4CCC[C@H]43)C[C@H]2C1)c1nc(Cl)c(Cl)s1,"N-((3aS,5R,7aS)-2-(((1R,5S,6r)-bicyclo[3.1.0]hexan-6-yl)carbonyl)octahydro-1H-isoindol-5-yl)-4,5-dichloro-1,3-thiazole-2-carboxamide",,O=C(N[C@@H]1CC[C@@H]2CN(C(=O)C3[C@H]4CCC[C@@H]34)C[C@H]2C1)c1nc(Cl)c(Cl)s1,
99047,O=C(N[C@@H]1[C@H]2CC[C@@H]1CN(C(=O)[C@H]1C[C@H]1C1CC1)C2)c1ccc([N+](=O)[O-])o1,"N-((1R,5S,8S)-3-(((1S,2S)-2-cyclopropylcyclopropyl)carbonyl)-3-azabicyclo[3.2.1]octan-8-yl)-5-nitrofuran-2-carboxamide",,O=C(N[C@H]1[C@@H]2CC[C@H]1CN(C(=O)C1C[C@H]1C1CC1)C2)c1ccc([N+](=O)[O-])o1,
99054,Cn1nc([N+](=O)[O-])cc1C(=O)N1CCN(C(=O)[C@@H]2C[C@@H]3CC[C@@H]3C2)[C@@H](CF)C1,"1-((3R)-4-(((1R,3r,5S)-bicyclo[3.2.0]heptan-3-yl)carbonyl)-3-(fluoromethyl)piperazin-1-yl)-1-(1-methyl-3-nitro-1H-pyrazol-5-yl)methanone",,Cn1nc([N+](=O)[O-])cc1C(=O)N1CCN(C(=O)C2C[C@H]3CC[C@H]3C2)[C@@H](CF)C1,
99104,O=C(/C=C/c1ccsc1)N[C@@H]1[C@@H]2CN(Cc3cc(Br)cc(OC(F)(F)F)c3)C[C@@H]21,"(2E)-N-((1R,5S,6r)-3-((3-bromo-5-((trifluoromethyl)oxy)phenyl)methyl)-3-azabicyclo[3.1.0]hexan-6-yl)-3-(thiophen-3-yl)prop-2-enamide",,O=C(/C=C/c1ccsc1)N[C@@H]1[C@@H]2CN(Cc3cc(Br)cc(OC(F)(F)F)c3)C[C@@H]21,
99120,CCCC(=O)NC[C@]1(F)C[C@H](NC(=O)C2(CO)CC2(F)F)C1,"N-(((1r,3r)-3-(2,2-difluoro-1-(hydroxymethyl)cyclopropanecarboxamido)-1-fluorocyclobutyl)methyl)butanamide",,CCCC(=O)NC[C@]1(F)C[C@H](NC(=O)C2(CO)CC2(F)F)C1,
99136,CC(C)(C#N)CCC(=O)N1CCSC[C@H]1CCNC(=O)[C@@H]1[C@H]2CCC[C@H]21,"(1R,5S,6r)-N-(2-((3R)-4-(4,4-dimethyl-5-nitrilo-pentanoyl)thiomorpholin-3-yl)ethyl)bicyclo[3.1.0]hexane-6-carboxamide",,CC(C)(C#N)CCC(=O)N1CCSC[C@H]1CCNC(=O)C1[C@H]2CCC[C@@H]12,
99176,C[C@@H]1CN(C(=O)C=CC2CC2)C[C@H](CCNC(=O)[C@@H]2[C@H]3CN(C)C[C@H]32)O1,"(1R,5S,6r)-N-(2-((2S,6R)-4-(3-cyclopropyl-1-oxoprop-2-en-1-yl)-6-methylmorpholin-2-yl)ethyl)-3-methyl-3-azabicyclo[3.1.0]hexane-6-carboxamide",,C[C@@H]1CN(C(=O)C=CC2CC2)C[C@H](CCNC(=O)C2[C@H]3CN(C)C[C@@H]23)O1,
99310,CC1(C)O[C@H]2C[C@@H](C(=O)N3CCC(F)(CNC(=O)C45CC(F)(C4)C5)CC3)C[C@H]2O1,"N-((1-(((1R,5S,7r)-3,3-dimethyl-2,4-dioxabicyclo[3.3.0]octan-7-yl)carbonyl)-4-fluoropiperidin-4-yl)methyl)-3-fluorobicyclo[1.1.1]pentane-1-carboxamide",,CC1(C)O[C@H]2CC(C(=O)N3CCC(F)(CNC(=O)C45CC(F)(C4)C5)CC3)C[C@H]2O1,
99334,O=C(c1ccc2nncn2c1)N1C[C@H]2[C@H](N=c3[nH]nc(C4CC4)s3)[C@H]2C1,"1-([1,2,4]triazolo[4,3-a]pyridin-6-yl)-1-((1R,5S,6s)-6-((5-cyclopropyl-3H-1,3,4-thiadiazol-2-ylidene)amino)-3-azabicyclo[3.1.0]hexan-3-yl)methanone",,O=C(c1ccc2nncn2c1)N1C[C@@H]2[C@H](C1)[C@H]2Nc1nnc(C2CC2)s1,
99517,C[C@H]1C(C(=O)N[C@H]2C=C[C@@H](C(=O)NC[C@]3(O)C[C@@H](O)C3)C2)[C@@H]1C,"(1S,4R)-N-(((1s,3R)-1,3-dihydroxycyclobutyl)methyl)-4-((2R,3R)-2,3-dimethylcyclopropanecarboxamido)cyclopent-2-ene-1-carboxamide",,C[C@H]1C(C(=O)N[C@H]2C=CC(C(=O)NC[C@]3(O)C[C@@H](O)C3)C2)[C@@H]1C,
99539,COC[C@H](O)CCNC(=O)[C@H]1C[C@@](C)(NC(=O)[C@@H](F)CCC(C)(C)C)C1,"(1R,3S)-3-((2S)-2-fluoro-5,5-dimethylhexanamido)-N-((3R)-3-hydroxy-4-methoxybutyl)-3-methylcyclobutanecarboxamide",,COC[C@H](O)CCNC(=O)C1CC(C)(NC(=O)C(F)CCC(C)(C)C)C1,
99634,C[C@@H](NC(=O)[C@H]1C[C@H]2[C@@H](C1)C2(C)C)C1CC(NC(=O)[C@@H]2CCCN(C)C2)C1,"(3R)-N-(3-((1R)-1-((1R,3s,5S)-6,6-dimethylbicyclo[3.1.0]hexane-3-carboxamido)ethyl)cyclobutyl)-1-methylpiperidine-3-carboxamide",,C[C@@H](NC(=O)C1C[C@@H]2[C@H](C1)C2(C)C)C1CC(NC(=O)C2CCCN(C)C2)C1,
99641,C[C@H](CNc1ncnc2c1nnn2C)CNC(=O)[C@]1(c2ccccc2)C[C@H](O)C1,"(1s,3S)-3-hydroxy-N-((2R)-2-methyl-3-((9-methyl-2,4,7,8,9-pentaazabicyclo[4.3.0]nona-1,3,5,7-tetraen-5-yl)amino)propyl)-1-phenylcyclobutanecarboxamide",,C[C@H](CNc1ncnc2c1nnn2C)CNC(=O)[C@]1(c2ccccc2)C[C@H](O)C1,
99674,C#CCCC(=O)N1C[C@H](C)[C@@H](NC(=O)CCc2ccc(C(C)C)cc2)[C@H](C)C1,"N-((3R,4r,5S)-3,5-dimethyl-1-(1-oxopent-4-yn-1-yl)piperidin-4-yl)-3-(4-(propan-2-yl)phenyl)propanamide",,C#CCCC(=O)N1C[C@@H](C)[C@H](NC(=O)CCc2ccc(C(C)C)cc2)[C@@H](C)C1,
99742,CN(CCCn1cc(CN(C)C2CC2)nn1)C(=O)[C@@H]1[C@H]2[C@@H]3CC[C@@H](C3)[C@H]21,"(1R,2S,3r,4R,5S)-N-(3-(4-(((cyclopropyl)(methyl)amino)methyl)-1H-1,2,3-triazol-1-yl)propyl)-N-methyltricyclo[3.2.1.0^{2,4}]octane-3-carboxamide",,CN(CCCn1cc(CN(C)C2CC2)nn1)C(=O)C1[C@@H]2[C@H]3CC[C@H](C3)[C@H]12,
99898,Cc1cc(C(=O)N[C@H]2[C@@H]3CN(C(=O)CCc4cccc(O)c4)C[C@@H]32)ccc1Br,"4-bromo-N-((1R,5S,6s)-3-(3-(3-hydroxyphenyl)-propionyl)-3-azabicyclo[3.1.0]hexan-6-yl)-3-methylbenzamide",,Cc1cc(C(=O)N[C@H]2[C@@H]3CN(C(=O)CCc4cccc(O)c4)C[C@@H]32)ccc1Br,
99910,Cn1nccc1CN=C(NC1CCC1)N[C@@H]1[C@@H](C(F)(F)F)[C@H]1C(F)(F)F,"N'-((1r,2R,3S)-2,3-bis(trifluoromethyl)cyclopropyl)-N-cyclobutyl-1-(((1-methyl-1H-pyrazol-5-yl)methyl)imino)methanediamine",,Cn1nccc1CN=C(NC1CCC1)N[C@@H]1[C@@H](C(F)(F)F)[C@H]1C(F)(F)F,
99969,Cn1cc(-c2nc(C(=O)NC[C@H]3C[C@@](F)(CNC(=O)C(C)(C)CF)C3)co2)cn1,"N-(((1r,3r)-3-fluoro-3-((3-fluoro-2,2-dimethylpropanamido)methyl)cyclobutyl)methyl)-2-(1-methyl-1H-pyrazol-4-yl)-1,3-oxazole-4-carboxamide",,Cn1cc(-c2nc(C(=O)NC[C@H]3C[C@@](F)(CNC(=O)C(C)(C)CF)C3)co2)cn1,
