index,smiles,name,opsin_smiles,std_original,std_opsin
21,Cc1cc[nH]c1C(=O)NC[C@H]1[C@@H]2CN(C(=O)[C@H](O)c3cn(C)nc3C)C[C@H]12,"N-(((1R,5S,6R)-3-((2R)-2-(1,3-dimethyl-1H-pyrazol-4-yl)-2-hydroxy-acetyl)-3-azabicyclo[3.1.0]hexan-6-yl)methyl)-3-methyl-1H-pyrrole-2-carboxamide",,Cc1cc[nH]c1C(=O)NC[C@@H]1[C@H]2CN(C(=O)C(O)c3cn(C)nc3C)C[C@@H]12,
62,Cc1ccc(=NCCC(=O)N2CC3(CCN(C(=O)[C@@H]4[C@H]5CCCC[C@H]54)C3)C2)[nH]c1,"1-(6-(((1R,6S,7r)-bicyclo[4.1.0]heptan-7-yl)carbonyl)-2,6-diazaspiro[3.4]octan-2-yl)-3-((5-methyl-1H-pyridin-2-ylidene)amino)propan-1-one",,Cc1ccc(NCCC(=O)N2CC3(CCN(C(=O)C4[C@H]5CCCC[C@@H]45)C3)C2)nc1,
102,Cc1cc(Br)ccc1C(=O)N[C@H]1C[C@@](C)(NC(=O)COC2CCOCC2)C1,"4-bromo-2-methyl-N-((1s,3s)-3-methyl-3-(2-((oxan-4-yl)oxy)acetamido)cyclobutyl)benzamide",,Cc1cc(Br)ccc1C(=O)N[C@H]1C[C@@](C)(NC(=O)COC2CCOCC2)C1,
119,O=C(c1cccnc1O)N(c1ncnc2ccc(F)cc12)[C@H]1C[C@@H]2CC[C@H](C1)N2,"N-((1R,3s,5S)-8-azabicyclo[3.2.1]octan-3-yl)-N-(6-fluoroquinazolin-4-yl)-2-hydroxypyridine-3-carboxamide",,O=C(c1ccc[nH]c1=O)N(c1ncnc2ccc(F)cc12)[C@@H]1C[C@H]2CC[C@@H](C1)N2,
128,O=C(COC1CC1)N[C@H]1C[C@@](NC(=O)c2ccc(O)c(F)c2)(c2ccccc2)C1,"2-(cyclopropoxy)-N-((1r,3r)-3-(3-fluoro-4-hydroxybenzamido)-3-phenylcyclobutyl)acetamide",,O=C(COC1CC1)N[C@H]1C[C@@](NC(=O)c2ccc(O)c(F)c2)(c2ccccc2)C1,
177,CCSc1ccc(C(=O)NC[C@]2(F)C[C@H](CNC(=O)C[C@H]3CCC(=O)O3)C2)cc1,"4-(ethylsulfanyl)-N-(((1R,3r)-1-fluoro-3-((2-((2R)-5-oxooxolan-2-yl)acetamido)methyl)cyclobutyl)methyl)benzamide",,CCSc1ccc(C(=O)NC[C@]2(F)C[C@H](CNC(=O)C[C@H]3CCC(=O)O3)C2)cc1,
219,N=c1nc(CCC(=O)NC[C@H]2C[C@@H]3CC[C@H](C2)N3C(=O)CCC(F)(F)F)[nH][nH]1,"3-(5-imino-1H,2H-1,2,4-triazol-3-yl)-N-(((1R,3s,5S)-8-(4,4,4-trifluoro-butyryl)-8-azabicyclo[3.2.1]octan-3-yl)methyl)propanamide",,Nc1n[nH]c(CCC(=O)NC[C@@H]2C[C@H]3CC[C@@H](C2)N3C(=O)CCC(F)(F)F)n1,
228,COc1cccc(C(=O)N2C[C@H]3[C@H](CN(C)C(=O)[C@H]4CC45CCCC5)[C@H]3C2)c1,"(1S)-N-(((1R,5S,6r)-3-((3-methoxyphenyl)carbonyl)-3-azabicyclo[3.1.0]hexan-6-yl)methyl)-N-methylspiro[2.4]heptane-1-carboxamide",,COc1cccc(C(=O)N2C[C@@H]3[C@@H](CN(C)C(=O)C4CC45CCCC5)[C@@H]3C2)c1,
471,Cc1ccc(C(=O)N[C@@H]2[C@H]3CC[C@@H]2CN(C(=O)c2coc4ccccc24)C3)cc1,"N-((1R,5S,8r)-3-((1-benzofuran-3-yl)carbonyl)-3-azabicyclo[3.2.1]octan-8-yl)-4-methylbenzamide",,Cc1ccc(C(=O)N[C@H]2[C@@H]3CC[C@H]2CN(C(=O)c2coc4ccccc24)C3)cc1,
493,CC(=O)c1cncc(C(=O)N2C[C@@H](NC(=O)[C@@H]3[C@H]4CCCC[C@H]43)C3(CCC3)C2)c1,"(1R,6S,7r)-N-((8S)-6-((5-(acetyl)pyridin-3-yl)carbonyl)-6-azaspiro[3.4]octan-8-yl)bicyclo[4.1.0]heptane-7-carboxamide",,CC(=O)c1cncc(C(=O)N2C[C@@H](NC(=O)C3[C@H]4CCCC[C@@H]34)C3(CCC3)C2)c1,
574,CCc1cccc(CC)c1C(=O)N1C[C@H]2[C@H](CNC(=O)C(C)(C)C3CCC3)[C@H]2C1,"2-cyclobutyl-N-(((1R,5S,6r)-3-((2,6-diethylphenyl)carbonyl)-3-azabicyclo[3.1.0]hexan-6-yl)methyl)-2-methylpropanamide",,CCc1cccc(CC)c1C(=O)N1C[C@@H]2[C@@H](CNC(=O)C(C)(C)C3CCC3)[C@@H]2C1,
578,C[C@]1(CC(=O)N[C@]2(C)C[C@H](NC(=O)[C@@H]3CC34CCC4)C2)CC1(Cl)Cl,"2-((1S)-2,2-dichloro-1-methylcyclopropyl)-N-((1S,3R)-1-methyl-3-((1R)-spiro[2.3]hexane-1-carboxamido)cyclobutyl)acetamide",,C[C@]1(CC(=O)N[C@]2(C)C[C@H](NC(=O)C3CC34CCC4)C2)CC1(Cl)Cl,
598,C[C@H]1CC[C@H](C(=O)N[C@@H]2[C@H]3CCC[C@H]32)N(C(=O)c2ccc(C#N)s2)C1,"(2R,5S)-N-((1R,5S,6r)-bicyclo[3.1.0]hexan-6-yl)-5-methyl-1-((5-(nitrilomethyl)thiophen-2-yl)carbonyl)piperidine-2-carboxamide",,C[C@H]1CCC(C(=O)N[C@H]2[C@@H]3CCC[C@@H]32)N(C(=O)c2ccc(C#N)s2)C1,
655,CC(C)(C)c1cccc(C(=O)N2CCC[C@@H](CNC(=O)[C@H]3C[C@@](F)(CO)C3)C2)n1,"(1r,3S)-N-(((3S)-1-((6-(tert-butyl)pyridin-2-yl)carbonyl)piperidin-3-yl)methyl)-3-fluoro-3-(hydroxymethyl)cyclobutanecarboxamide",,CC(C)(C)c1cccc(C(=O)N2CCC[C@@H](CNC(=O)C3CC(F)(CO)C3)C2)n1,
662,CN(CC(=O)N[C@@H]1CCC[C@H]1NC(=O)[C@H]1C[C@@H]2C[C@@H]2C1)C1CCC1,"N-((1R,2R)-2-((1R,3s,5S)-bicyclo[3.1.0]hexane-3-carboxamido)cyclopentyl)-2-((cyclobutyl)(methyl)amino)acetamide",,CN(CC(=O)N[C@@H]1CCC[C@H]1NC(=O)C1C[C@@H]2C[C@@H]2C1)C1CCC1,
667,CO[C@]1(C(F)F)C[C@H](COC(=O)[C@]23C[C@H]2CS(=O)(=O)C3)C1,"((1s,3R)-3-(difluoromethyl)-3-methoxycyclobutyl)methyl (1S,5R)-3,3-dioxo-3lambda^6-thiabicyclo[3.1.0]hexane-1-carboxylate",,CO[C@]1(C(F)F)C[C@H](COC(=O)[C@]23C[C@H]2CS(=O)(=O)C3)C1,
676,Cc1cccnc1C(=O)N1[C@H]2CC[C@@H]1C[C@@H](NC(=O)[C@@H]1CCC(=O)N1C(C)C)C2,"(2S)-N-((1R,3s,5S)-8-((3-methylpyridin-2-yl)carbonyl)-8-azabicyclo[3.2.1]octan-3-yl)-5-oxo-1-(propan-2-yl)pyrrolidine-2-carboxamide",,Cc1cccnc1C(=O)N1[C@@H]2CC[C@H]1C[C@H](NC(=O)C1CCC(=O)N1C(C)C)C2,
909,O=C(N[C@@H]1[C@@H]2CN(C(=O)CO)C[C@@H]21)c1ccc(N2C(=O)C=CC2=O)cc1,"4-(2,5-dioxo-1H-pyrrol-1-yl)-N-((1R,5S,6r)-3-(2-hydroxy-acetyl)-3-azabicyclo[3.1.0]hexan-6-yl)benzamide",,O=C(N[C@@H]1[C@@H]2CN(C(=O)CO)C[C@@H]21)c1ccc(N2C(=O)C=CC2=O)cc1,
1017,Cc1nccn1[C@@H](C)C(=O)N[C@H]1C[C@@](C)(NC(=O)Cc2cnns2)C1,"(2S)-2-(2-methyl-1H-imidazol-1-yl)-N-((1s,3R)-3-methyl-3-(2-(1,2,3-thiadiazol-5-yl)acetamido)cyclobutyl)propanamide",,Cc1nccn1C(C)C(=O)N[C@H]1C[C@@](C)(NC(=O)Cc2cnns2)C1,
1050,C=CCC1(C(=O)N2[C@H]3CC[C@@H]2C[C@@H](NC(=O)C=CC)C3)CC=CC1,"N-((1R,3s,5S)-8-((1-(prop-2-en-1-yl)cyclopent-3-en-1-yl)carbonyl)-8-azabicyclo[3.2.1]octan-3-yl)but-2-enamide",,C=CCC1(C(=O)N2[C@@H]3CC[C@H]2C[C@H](NC(=O)C=CC)C3)CC=CC1,
1079,C#C[C@]1(O)C[C@@H](C(=O)N2CCC[C@](O)(CNC(=O)Cc3c[nH]nc3O)C2)C1,"N-(((3S)-1-(((1s,3R)-3-(ethynyl)-3-hydroxycyclobutyl)carbonyl)-3-hydroxypiperidin-3-yl)methyl)-2-(3-hydroxy-1H-pyrazol-4-yl)acetamide",,C#CC1(O)CC(C(=O)N2CCC[C@](O)(CNC(=O)Cc3c[nH][nH]c3=O)C2)C1,
1127,C[C@@H](O)CC(=O)N1C[C@H]2[C@H](CC(=O)N(C)[C@H](C)C3CCCC3)[C@H]2C1,"N-((1R)-1-cyclopentylethyl)-2-((1R,5S,6S)-3-((3R)-3-hydroxy-butyryl)-3-azabicyclo[3.1.0]hexan-6-yl)-N-methylacetamide",,C[C@H](C1CCCC1)N(C)C(=O)C[C@@H]1[C@H]2CN(C(=O)C[C@@H](C)O)C[C@@H]12,
1203,CNc1cnc(C(=O)N2C[C@H](C(=O)N3CCC[C@]4(C3)C[C@H](O)C4)[C@@H](OC)C2)cn1,"1-((3S,4R)-3-((2-hydroxy-6-azaspiro[3.5]nonan-6-yl)carbonyl)-4-methoxypyrrolidin-1-yl)-1-(5-(methylamino)pyrazin-2-yl)methanone",OC1CC2(C1)CN(CCC2)C(=O)[C@H]2CN(C[C@@H]2OC)C(=O)C2=NC=C(N=C2)NC,CNc1cnc(C(=O)N2CC(C(=O)N3CCC[C@]4(C3)C[C@H](O)C4)[C@@H](OC)C2)cn1,CNc1cnc(C(=O)N2CC(C(=O)N3CCCC4(CC(O)C4)C3)[C@@H](OC)C2)cn1
1279,C[C@@H](O)CN(C(=O)CC(C)(C)N(C)C(=O)C[C@@H]1C[C@H]2C[C@H]2C1)C1CC1,"N-cyclopropyl-N-((2R)-2-hydroxypropyl)-3-methyl-3-(N-methyl-2-((1R,3s,5S)-bicyclo[3.1.0]hexan-3-yl)acetamido)butanamide",,C[C@@H](O)CN(C(=O)CC(C)(C)N(C)C(=O)C[C@H]1C[C@@H]2C[C@@H]2C1)C1CC1,
1389,C[C@@H](C(=O)N1C[C@H]2[C@H](CC(=O)N3CC(c4nn[nH]n4)C3)[C@H]2C1)c1cc[nH]n1,"(2R)-1-((1R,5S,6S)-6-(2-oxo-2-(3-(2H-tetrazol-5-yl)azetidin-1-yl)ethyl)-3-azabicyclo[3.1.0]hexan-3-yl)-2-(1H-pyrazol-3-yl)propan-1-one",,CC(C(=O)N1C[C@@H]2[C@@H](CC(=O)N3CC(c4nn[nH]n4)C3)[C@@H]2C1)c1cc[nH]n1,
1440,O=C(NC[C@@H]1C=CCC1)c1cc(CNC(=O)[C@H]2C[C@@H]3CCC[C@@H]3C2)on1,"N-(((1S)-cyclopent-2-en-1-yl)methyl)-5-(((2s,3aR,6aS)-octahydropentalene-2-carboxamido)methyl)-1,2-oxazole-3-carboxamide",,O=C(NC[C@@H]1C=CCC1)c1cc(CNC(=O)C2C[C@H]3CCC[C@H]3C2)on1,
1445,O=C(N[C@H]1C[C@H]2COC[C@H](C2)C1)[C@@H]1C[C@@]12CCN(C(=O)c1ccc(F)cn1)C2,"(1R,3R)-5-((5-fluoropyridin-2-yl)carbonyl)-N-((1R,5S,7s)-3-oxabicyclo[3.3.1]nonan-7-yl)-5-azaspiro[2.4]heptane-1-carboxamide",,O=C(N[C@@H]1C[C@@H]2COC[C@@H](C2)C1)C1C[C@@]12CCN(C(=O)c1ccc(F)cn1)C2,
1473,O=C(CN1CC(=O)NC1=O)NCC1(NC(=O)[C@H]2C[C@@H]3CC[C@@H]3C2)CCCCCC1,"N-((1-((1R,3s,5S)-bicyclo[3.2.0]heptane-3-carboxamido)cycloheptyl)methyl)-2-(2,4-dioxoimidazolidin-1-yl)acetamide",,O=C(Cn1cc(O)[nH]c1=O)NCC1(NC(=O)C2C[C@H]3CC[C@H]3C2)CCCCCC1,
1475,O=C(N[C@H]1[C@@H]2CN(C(=O)[C@@]3(F)CCOC3)C[C@@H]21)c1cnc2cccnn12,"N-((1R,5S,6S)-3-(((3R)-3-fluorooxolan-3-yl)carbonyl)-3-azabicyclo[3.1.0]hexan-6-yl)imidazo[1,2-b]pyridazine-3-carboxamide",,O=C(N[C@H]1[C@@H]2CN(C(=O)[C@@]3(F)CCOC3)C[C@@H]21)c1cnc2cccnn12,
1479,CCC(=O)N1C[C@H]2[C@H](NC(=O)CCCC(=O)c3ccc(Br)cc3)[C@H]2C1,"5-(4-bromophenyl)-5-oxo-N-((1R,5S,6s)-3-(propionyl)-3-azabicyclo[3.1.0]hexan-6-yl)pentanamide",,CCC(=O)N1C[C@@H]2[C@H](C1)[C@H]2NC(=O)CCCC(=O)c1ccc(Br)cc1,
1523,C#C[C@]1(O)C[C@@H](C(=O)N2CCCN(C(=O)c3ccc(CSC)o3)C[C@H]2C)C1,"1-((3R)-4-(((1s,3S)-3-(ethynyl)-3-hydroxycyclobutyl)carbonyl)-3-methyl-1,4-diazepan-1-yl)-1-(5-((methylsulfanyl)methyl)furan-2-yl)methanone",,C#CC1(O)CC(C(=O)N2CCCN(C(=O)c3ccc(CSC)o3)C[C@H]2C)C1,
1534,CCc1cccc(C(=O)NCC[C@H](C)N(C)C(=O)[C@H]2C[C@@H]3CC[C@@H]3C2)n1,"6-ethyl-N-((3S)-3-(N-methyl(1R,3s,5S)-bicyclo[3.2.0]heptane-3-carboxamido)butyl)pyridine-2-carboxamide",,CCc1cccc(C(=O)NCC[C@H](C)N(C)C(=O)C2C[C@H]3CC[C@H]3C2)n1,
1555,CCCCCN(CCC)CCC(=O)N[C@H]1C[C@@](F)(CNC(=O)c2cncnc2)C1,"N-((1r,3r)-3-fluoro-3-((pyrimidine-5-carboxamido)methyl)cyclobutyl)-3-((pentyl)(propyl)amino)propanamide",,CCCCCN(CCC)CCC(=O)N[C@H]1C[C@@](F)(CNC(=O)c2cncnc2)C1,
1585,C[C@@H]1CCCC[C@H]1OCC(=O)N[C@]1(C)C[C@@H](NC(=O)CCCc2ccccn2)C1,"N-((1R,3r)-3-methyl-3-(2-(((1R,2R)-2-methylcyclohexyl)oxy)acetamido)cyclobutyl)-4-(pyridin-2-yl)butanamide",,C[C@@H]1CCCC[C@H]1OCC(=O)N[C@]1(C)C[C@@H](NC(=O)CCCc2ccccn2)C1,
1598,CCC1CN(C(=O)[C@H]2C[C@](C)(F)C2)CCN1C(=O)CSCCC#N,"3-((2-(2-ethyl-4-(((1r,3r)-3-fluoro-3-methylcyclobutyl)carbonyl)piperazin-1-yl)-2-oxoethyl)sulfanyl)propionitrile",,CCC1CN(C(=O)C2CC(C)(F)C2)CCN1C(=O)CSCCC#N,
1641,CN(C(=O)[C@H]1C[C@@](C)(NC(=O)[C@@H]2CCCN2C2CC2)C1)[C@@H]1CCCNC1=O,"(2S)-1-cyclopropyl-N-((1S,3R)-1-methyl-3-(((3R)-2-oxopiperidin-3-yl)(methyl)carbamoyl)cyclobutyl)pyrrolidine-2-carboxamide",,CN(C(=O)C1CC(C)(NC(=O)C2CCCN2C2CC2)C1)C1CCCNC1=O,
1734,C[C@H](C#N)C(=O)NC[C@H]1[C@@H]2CN(C(=O)c3ccccc3NC(=O)C3CC3)C[C@H]12,"(2R)-2-cyano-N-(((1R,5S,6r)-3-((2-cyclopropanecarboxamidophenyl)carbonyl)-3-azabicyclo[3.1.0]hexan-6-yl)methyl)propanamide",,CC(C#N)C(=O)NC[C@@H]1[C@H]2CN(C(=O)c3ccccc3NC(=O)C3CC3)C[C@@H]12,
1767,O=C(C1CCC2(CCC2)O1)N1C[C@H]2[C@@H](C1)[C@@H]2C(F)F,"1-((1R,5S,6r)-6-(difluoromethyl)-3-azabicyclo[3.1.0]hexan-3-yl)-1-(5-oxaspiro[3.4]octan-6-yl)methanone",,O=C(C1CCC2(CCC2)O1)N1C[C@@H]2[C@H](C1)[C@H]2C(F)F,
1793,CCC[C@@H]1C[C@H]1C(=O)N(C)C[C@H]1[C@@H]2CN(C(=O)c3ccc(C)c(F)c3)C[C@H]12,"(1R,2R)-N-(((1R,5S,6r)-3-((3-fluoro-4-methylphenyl)carbonyl)-3-azabicyclo[3.1.0]hexan-6-yl)methyl)-N-methyl-2-propylcyclopropanecarboxamide",,CCC[C@@H]1CC1C(=O)N(C)C[C@@H]1[C@H]2CN(C(=O)c3ccc(C)c(F)c3)C[C@@H]12,
1834,O=C(C1CC2(CCCO2)C1)N1C[C@H]2[C@H](CNC(=O)[C@]3(O)CCSC3)[C@H]2C1,"(3R)-3-hydroxy-N-(((1R,5S,6r)-3-((5-oxaspiro[3.4]octan-2-yl)carbonyl)-3-azabicyclo[3.1.0]hexan-6-yl)methyl)thiolane-3-carboxamide",,O=C(C1CC2(CCCO2)C1)N1C[C@@H]2[C@@H](CNC(=O)[C@]3(O)CCSC3)[C@@H]2C1,
1896,CC(C)C[C@@H](C)CC(=O)N[C@]1(C(=O)N(C)[C@H]2CCCN(C)C2)C[C@H](O)C1,"(3R)-N-((1s,3R)-3-hydroxy-1-(((3S)-1-methylpiperidin-3-yl)(methyl)carbamoyl)cyclobutyl)-3,5-dimethylhexanamide",,CC(C)C[C@@H](C)CC(=O)N[C@]1(C(=O)N(C)[C@H]2CCCN(C)C2)C[C@H](O)C1,
1907,Cc1nc[nH]c1C[C@@H](O)C(=O)NCC1(CCNC(=O)[C@@H]2[C@@H](C)[C@H]2C)CC1,"(2R)-N-((1-(2-((1r,2R,3S)-2,3-dimethylcyclopropanecarboxamido)ethyl)cyclopropyl)methyl)-2-hydroxy-3-(4-methyl-1H-imidazol-5-yl)propanamide",,Cc1[nH]cnc1CC(O)C(=O)NCC1(CCNC(=O)C2[C@@H](C)[C@H]2C)CC1,
1931,C[C@H](Cn1ccnc1)NC(=O)[C@@H](NC(=O)[C@@H]1[C@H]2CN(C)C[C@H]21)C1(C)CC1,"(2S)-N-((2R)-1-(1H-imidazol-1-yl)propan-2-yl)-2-((1R,5S,6r)-3-methyl-3-azabicyclo[3.1.0]hexane-6-carboxamido)-2-(1-methylcyclopropyl)acetamide",,C[C@H](Cn1ccnc1)NC(=O)C(NC(=O)C1[C@H]2CN(C)C[C@@H]12)C1(C)CC1,
1937,Cc1nnccc1C(=O)NC[C@]1(F)C[C@@H](CNC(=O)c2c(F)cc(F)cc2Cl)C1,"N-(((1s,3s)-3-((2-chloro-4,6-difluorobenzamido)methyl)-1-fluorocyclobutyl)methyl)-3-methylpyridazine-4-carboxamide",,Cc1nnccc1C(=O)NC[C@]1(F)C[C@@H](CNC(=O)c2c(F)cc(F)cc2Cl)C1,
2042,C[C@@H](NC(=O)[C@@H]1C[C@@H]2C[C@@H]2C1)C1CCN(C(=O)CN2CCCCCC2)CC1,"(1R,3r,5S)-N-((1R)-1-(1-(2-(azepan-1-yl)-acetyl)piperidin-4-yl)ethyl)bicyclo[3.1.0]hexane-3-carboxamide",,C[C@@H](NC(=O)C1C[C@@H]2C[C@@H]2C1)C1CCN(C(=O)CN2CCCCCC2)CC1,
2089,C=C(C)CCC(=O)NC[C@H]1C[C@@](F)(CNC(=O)c2ccc3occc3c2)C1,"N-(((1r,3r)-3-((1-benzofuran-5-carboxamido)methyl)-3-fluorocyclobutyl)methyl)-4-methylpent-4-enamide",,C=C(C)CCC(=O)NC[C@H]1C[C@@](F)(CNC(=O)c2ccc3occc3c2)C1,
2106,C[C@H](C(=O)NC[C@]1(F)C[C@H](NC(=O)c2cc3cccnn3n2)C1)N1CCSCC1,"(2R)-N-(((1r,3R)-1-fluoro-3-(1,2,9-triazabicyclo[4.3.0]nona-2,4,6,8-tetraene-8-carboxamido)cyclobutyl)methyl)-2-(thiomorpholin-4-yl)propanamide",,CC(C(=O)NC[C@]1(F)C[C@H](NC(=O)c2cc3cccnn3n2)C1)N1CCSCC1,
2122,Cc1cc(C(=O)NC[C@]2(F)C[C@@H](NC(=O)c3c[nH]c(=N)nc3C(F)(F)F)C2)n[nH]1,"N-((1s,3s)-3-fluoro-3-((5-methyl-1H-pyrazole-3-carboxamido)methyl)cyclobutyl)-2-imino-4-(trifluoromethyl)-1H-pyrimidine-5-carboxamide",,Cc1cc(C(=O)NC[C@]2(F)C[C@@H](NC(=O)c3cnc(N)nc3C(F)(F)F)C2)[nH]n1,
2141,CCc1ncc(C(=O)N[C@@H]2C[C@@H]3CC[C@H](C2)N3C(=O)Cc2csc(COC)n2)s1,"2-ethyl-N-((1R,3r,5S)-8-(2-(2-(methoxymethyl)-1,3-thiazol-4-yl)-acetyl)-8-azabicyclo[3.2.1]octan-3-yl)-1,3-thiazole-5-carboxamide",,CCc1ncc(C(=O)N[C@H]2C[C@H]3CC[C@@H](C2)N3C(=O)Cc2csc(COC)n2)s1,
2145,CC[C@H](SC)C(=O)N[C@H]1C[C@@H]2C[C@H](C1)CN(C(=O)c1ncc(C)cc1F)C2,"(2S)-N-((1R,5S,7s)-3-((3-fluoro-5-methylpyridin-2-yl)carbonyl)-3-azabicyclo[3.3.1]nonan-7-yl)-2-(methylsulfanyl)butanamide",,CCC(SC)C(=O)N[C@@H]1C[C@H]2C[C@@H](C1)CN(C(=O)c1ncc(C)cc1F)C2,
2146,CS[C@@H](C(=O)NC1CC2(C1)CC(NC(=O)[C@@H]1[C@H]3CCCCC[C@H]31)C2)C(C)C,"(2R)-N-(6-((1R,7S,8r)-bicyclo[5.1.0]octane-8-carboxamido)spiro[3.3]heptan-2-yl)-3-methyl-2-(methylsulfanyl)butanamide",,CSC(C(=O)NC1CC2(C1)CC(NC(=O)C1[C@H]3CCCCC[C@@H]13)C2)C(C)C,
2199,COC(=O)[C@]1(C)C[C@@H](C(=O)N2CCN(C(=O)[C@H](C)S(N)(=O)=O)[C@H](CC(F)F)C2)C1,"methyl (1R,3r)-3-(((3R)-3-(2,2-difluoroethyl)-4-((2S)-2-(sulfamoyl)-propionyl)piperazin-1-yl)carbonyl)-1-methylcyclobutanecarboxylate",,COC(=O)C1(C)CC(C(=O)N2CCN(C(=O)C(C)S(N)(=O)=O)[C@H](CC(F)F)C2)C1,
2231,C[C@@H]1C[C@H](C(=O)NC2([C@H]3CCCN(C(=O)[C@H]4C[C@H]5[C@@H](C4)C5(C)C)C3)CC2)CCO1,"(2R,4R)-N-(1-((3S)-1-(((1R,3s,5S)-6,6-dimethylbicyclo[3.1.0]hexan-3-yl)carbonyl)piperidin-3-yl)cyclopropyl)-2-methyloxane-4-carboxamide",,C[C@@H]1CC(C(=O)NC2([C@H]3CCCN(C(=O)C4C[C@@H]5[C@H](C4)C5(C)C)C3)CC2)CCO1,
2245,COCC[C@H](NC(=O)[C@H]1C[C@H]2[C@@H](C1)C2(C)C)C(=O)N(C)C[C@@H](O)C1CCCC1,"(1R,3s,5S)-N-((2S)-1-(((2S)-2-cyclopentyl-2-hydroxyethyl)(methyl)amino)-4-methoxy-1-oxobutan-2-yl)-6,6-dimethylbicyclo[3.1.0]hexane-3-carboxamide",,COCCC(NC(=O)C1C[C@@H]2[C@H](C1)C2(C)C)C(=O)N(C)C[C@@H](O)C1CCCC1,
2254,CC[C@H]1CC[C@@H](CNC(=O)[C@]23CO[C@H](C2)[C@H](NC(=O)[C@@H]2[C@H]4CCC[C@H]42)C3)O1,"(1R,4S,6R)-6-((1R,5S,6r)-bicyclo[3.1.0]hexane-6-carboxamido)-N-(((2S,5S)-5-ethyloxolan-2-yl)methyl)-2-oxabicyclo[2.2.1]heptane-4-carboxamide",,CC[C@H]1CC[C@@H](CNC(=O)[C@]23CO[C@H](C2)[C@H](NC(=O)C2[C@H]4CCC[C@@H]24)C3)O1,
2325,C#C[C@]1(O)C[C@@H](C(=O)N[C@H](C(=O)N[C@H](C)C(F)F)c2ccoc2)C1,"(1s,3R)-N-((1S)-2-(((2R)-1,1-difluoropropan-2-yl)amino)-1-(furan-3-yl)-2-oxoethyl)-3-(ethynyl)-3-hydroxycyclobutanecarboxamide",,C#CC1(O)CC(C(=O)NC(C(=O)N[C@H](C)C(F)F)c2ccoc2)C1,
2334,CCOc1ccc(CN2C[C@H]3[C@@H](C2)[C@@H]3C(=O)N(C)C[C@@]2(C)CCN(C)C2)cc1Cl,"(1R,5S,6r)-3-((3-chloro-4-ethoxyphenyl)methyl)-N-(((3S)-1,3-dimethylpyrrolidin-3-yl)methyl)-N-methyl-3-azabicyclo[3.1.0]hexane-6-carboxamide",,CCOc1ccc(CN2C[C@@H]3C(C(=O)N(C)C[C@@]4(C)CCN(C)C4)[C@@H]3C2)cc1Cl,
2348,O=C(N[C@]1(c2c(F)cccc2F)C[C@H](O)C1)[C@H]1Cc2ccccc2S1(=O)=O,"(2R)-N-((1s,3S)-1-(2,6-difluorophenyl)-3-hydroxycyclobutyl)-1,1-dioxo-2,3-dihydro-1-benzothiophene-2-carboxamide",,O=C(N[C@]1(c2c(F)cccc2F)C[C@H](O)C1)C1Cc2ccccc2S1(=O)=O,
2362,Cc1ccn(-c2ccc(CN[C@H]3C[C@H](C)S(=O)(=O)[C@H](C)C3)c(Br)c2)n1,"(2R,4s,6S)-N-((2-bromo-4-(3-methyl-1H-pyrazol-1-yl)phenyl)methyl)-2,6-dimethyl-1,1-dioxothian-4-amine",,Cc1ccn(-c2ccc(CN[C@@H]3C[C@@H](C)S(=O)(=O)[C@@H](C)C3)c(Br)c2)n1,
2364,Cc1cc(CC(=O)N2[C@H]3CC[C@@H]2C[C@@H](CNC(=O)Cc2cn[nH]c2)C3)sn1,"N-(((1R,3s,5S)-8-(2-(3-methyl-1,2-thiazol-5-yl)-acetyl)-8-azabicyclo[3.2.1]octan-3-yl)methyl)-2-(1H-pyrazol-4-yl)acetamide",,Cc1cc(CC(=O)N2[C@@H]3CC[C@H]2C[C@H](CNC(=O)Cc2cn[nH]c2)C3)sn1,
2401,Cc1conc1CC(=O)N(C)[C@H]1[C@@H]2CN(C(=O)[C@@H]3SCCc4ccccc43)C[C@@H]21,"N-methyl-2-(4-methyl-1,2-oxazol-3-yl)-N-((1R,5S,6S)-3-(((2R)-3-thiabicyclo[4.4.0]deca-1(10),6,8-trien-2-yl)carbonyl)-3-azabicyclo[3.1.0]hexan-6-yl)acetamide",,Cc1conc1CC(=O)N(C)[C@H]1[C@@H]2CN(C(=O)C3SCCc4ccccc43)C[C@@H]21,
2521,COc1cc(CCC(=O)N2C[C@H]3[C@H](CNC(=O)c4scnc4Cl)[C@H]3C2)ccc1O,"4-chloro-N-(((1R,5S,6r)-3-(3-(4-hydroxy-3-methoxyphenyl)-propionyl)-3-azabicyclo[3.1.0]hexan-6-yl)methyl)-1,3-thiazole-5-carboxamide",,COc1cc(CCC(=O)N2C[C@@H]3[C@@H](CNC(=O)c4scnc4Cl)[C@@H]3C2)ccc1O,
2565,Cc1ccc(Cl)cc1C(=O)N1C[C@@H]2CN(C(=O)[C@@H]3C[C@@H]4C[C@@H]4C3)C[C@@H]2C(F)(F)C1,"1-((1S,6R)-8-(((1R,3r,5S)-bicyclo[3.1.0]hexan-3-yl)carbonyl)-5,5-difluoro-3,8-diazabicyclo[4.3.0]nonan-3-yl)-1-(5-chloro-2-methylphenyl)methanone",,Cc1ccc(Cl)cc1C(=O)N1C[C@@H]2CN(C(=O)C3C[C@@H]4C[C@@H]4C3)C[C@@H]2C(F)(F)C1,
2595,O=C(NC[C@H]1CCN(C(=O)C[C@@H]2COCCO2)C1)[C@@H]1[C@H]2CCCCCC[C@H]21,"(1R,8S,9r)-N-(((3R)-1-(2-((2R)-1,4-dioxan-2-yl)-acetyl)pyrrolidin-3-yl)methyl)bicyclo[6.1.0]nonane-9-carboxamide",,O=C(NC[C@H]1CCN(C(=O)C[C@@H]2COCCO2)C1)C1[C@H]2CCCCCC[C@@H]12,
2697,C[C@H](C(=O)NCCCCC1CN(C(=O)[C@@H]2C[C@@H]3C[C@@H]3C2)C1)c1ccc(F)cc1,"(2S)-N-(4-(1-(((1R,3r,5S)-bicyclo[3.1.0]hexan-3-yl)carbonyl)azetidin-3-yl)butyl)-2-(4-fluorophenyl)propanamide",,CC(C(=O)NCCCCC1CN(C(=O)C2C[C@@H]3C[C@@H]3C2)C1)c1ccc(F)cc1,
2701,COC(=O)[C@@H]1[C@H]2CN(C(=O)[C@]3(NC(=O)[C@@H]4CC[C@H]4C#N)CCC[C@H]3C)C[C@H]21,"methyl (1R,5S,6S)-3-(((1S,2R)-1-((1R,2R)-2-cyanocyclobutanecarboxamido)-2-methylcyclopentyl)carbonyl)-3-azabicyclo[3.1.0]hexane-6-carboxylate",,COC(=O)C1[C@H]2CN(C(=O)[C@]3(NC(=O)C4CC[C@H]4C#N)CCC[C@H]3C)C[C@@H]12,
2739,C=CCC(F)(F)C(=O)N1CC(C[C@H](C)NC(=O)[C@H]2CCc3nnn(C)c3C2)C1,"(5S)-N-((2S)-1-(1-(2,2-difluoro-1-oxopent-4-en-1-yl)azetidin-3-yl)propan-2-yl)-3-methyl-4,5,6,7-tetrahydro-1H-benzotriazole-5-carboxamide",FC(C(=O)N1CC(C1)C[C@H](C)NC(=O)[C@@H]1CC2=C(NNN2C)CC1)(CC=C)F,C=CCC(F)(F)C(=O)N1CC(C[C@H](C)NC(=O)C2CCc3nnn(C)c3C2)C1,C=CCC(F)(F)C(=O)N1CC(C[C@H](C)NC(=O)C2CCC3=C(C2)N(C)NN3)C1
2776,C[C@H]1C[C@H](C(=O)N[C@]2(C)C[C@@H](NC(=O)c3cnc(O)c4ccccc34)C2)C(=O)O1,"1-hydroxy-N-((1R,3r)-3-methyl-3-((3R,5S)-5-methyl-2-oxooxolane-3-carboxamido)cyclobutyl)isoquinoline-4-carboxamide",,C[C@H]1CC(C(=O)N[C@]2(C)C[C@@H](NC(=O)c3c[nH]c(=O)c4ccccc34)C2)C(=O)O1,
2839,COCCC(=O)N1C[C@H]2[C@H](N(C)C(=O)c3ccc(COC)o3)[C@H]2C1,"N-((1R,5S,6s)-3-(3-methoxy-propionyl)-3-azabicyclo[3.1.0]hexan-6-yl)-5-(methoxymethyl)-N-methylfuran-2-carboxamide",,COCCC(=O)N1C[C@@H]2[C@H](C1)[C@H]2N(C)C(=O)c1ccc(COC)o1,
2857,CC[C@](C)(OC)C(=O)N1C[C@@H]2C[C@H](NC(=O)c3ccc([N+](=O)[O-])nc3)C[C@@H](C2)C1,"N-((1R,5S,7R)-3-((2S)-2-methoxy-2-methyl-butyryl)-3-azabicyclo[3.3.1]nonan-7-yl)-6-nitropyridine-3-carboxamide",,CC[C@](C)(OC)C(=O)N1C[C@@H]2C[C@@H](C[C@H](NC(=O)c3ccc([N+](=O)[O-])nc3)C2)C1,
2873,CC(=O)NC1(C(=O)NC[C@]2(O)C[C@@H]3CC[C@H](C2)N3C(=O)[C@@H](C#N)C2CC2)CCC1,"N-(1-((((1R,3S,5S)-8-((2R)-2-cyclopropyl-3-nitrilo-propionyl)-3-hydroxy-8-azabicyclo[3.2.1]octan-3-yl)methyl)carbamoyl)cyclobutyl)acetamide",,CC(=O)NC1(C(=O)NC[C@@]2(O)C[C@H]3CC[C@@H](C2)N3C(=O)C(C#N)C2CC2)CCC1,
2973,C[C@]1(F)C[C@H](C(=O)N2CCC3(CC2)C[C@H](NC(=O)Cc2cccnc2)CCO3)C1,"N-((4R)-9-(((1r,3R)-3-fluoro-3-methylcyclobutyl)carbonyl)-1-oxa-9-azaspiro[5.5]undecan-4-yl)-2-(pyridin-3-yl)acetamide",,CC1(F)CC(C(=O)N2CCC3(CC2)C[C@H](NC(=O)Cc2cccnc2)CCO3)C1,
2977,C#CC[C@]1(O)C[C@@H](C(=O)N[C@H](C)CN(C)C(=O)C2(c3ccc(Cl)cc3F)CC2)C1,"(1s,3S)-3-hydroxy-N-((2R)-1-(N-methyl-1-(4-chloro-2-fluorophenyl)cyclopropanecarboxamido)propan-2-yl)-3-(prop-2-yn-1-yl)cyclobutanecarboxamide",,C#CCC1(O)CC(C(=O)N[C@H](C)CN(C)C(=O)C2(c3ccc(Cl)cc3F)CC2)C1,
2980,O=C(N1CCCC[C@]12C[C@H](NC(=O)[C@]1(O)CCOC1)C2)C1(O)CCOCC1,(3S)-3-hydroxy-N-(5-((4-hydroxyoxan-4-yl)carbonyl)-5-azaspiro[3.5]nonan-2-yl)oxolane-3-carboxamide,O[C@@]1(COCC1)C(=O)NC1CC2(C1)N(CCCC2)C(=O)C2(CCOCC2)O,O=C(N1CCCC[C@]12C[C@H](NC(=O)[C@]1(O)CCOC1)C2)C1(O)CCOCC1,O=C(N1CCCCC12CC(NC(=O)[C@]1(O)CCOC1)C2)C1(O)CCOCC1
3014,CCc1cc(C(=O)N2[C@H]3CC[C@@H]2C[C@H](NC(=O)[C@@H](O)CCSC)C3)ccc1C,"(2S)-N-((1R,3r,5S)-8-((3-ethyl-4-methylphenyl)carbonyl)-8-azabicyclo[3.2.1]octan-3-yl)-2-hydroxy-4-(methylsulfanyl)butanamide",,CCc1cc(C(=O)N2[C@@H]3CC[C@H]2C[C@@H](NC(=O)C(O)CCSC)C3)ccc1C,
3033,C[C@H](NC(=O)Cc1nncs1)[C@@H]1CN(C(=O)[C@H]2CC[C@H]3C[C@H]3CC2)CCO1,"N-((1S)-1-((2S)-4-(((1R,4s,7S)-bicyclo[5.1.0]octan-4-yl)carbonyl)morpholin-2-yl)ethyl)-2-(1,3,4-thiadiazol-2-yl)acetamide",,C[C@H](NC(=O)Cc1nncs1)[C@@H]1CN(C(=O)C2CC[C@@H]3C[C@@H]3CC2)CCO1,
3152,CCC1=C(C(=O)N[C@]2(C)C[C@H](C(=O)N(C)C[C@H](C)N(C)C(C)=O)C2)CCCO1,"6-ethyl-N-((1R,3s)-1-methyl-3-(((2S)-2-(N-methylacetamido)propyl)(methyl)carbamoyl)cyclobutyl)-3,4-dihydro-2H-pyran-5-carboxamide",,CCC1=C(C(=O)NC2(C)CC(C(=O)N(C)C[C@H](C)N(C)C(C)=O)C2)CCCO1,
3160,CCC[C@@H](NC(=O)c1cnc(N(C)C)c(Cl)c1)c1cn(C[C@@H]2[C@H]3CCC[C@H]32)nn1,"N-((1R)-1-(1-(((1R,5S,6r)-bicyclo[3.1.0]hexan-6-yl)methyl)-1H-1,2,3-triazol-4-yl)butyl)-5-chloro-6-(dimethylamino)pyridine-3-carboxamide",,CCC[C@@H](NC(=O)c1cnc(N(C)C)c(Cl)c1)c1cn(C[C@H]2[C@@H]3CCC[C@@H]32)nn1,
3265,O=C(CSc1ccc2c(c1)CCC2)NC[C@H]1C[C@@H]2CC[C@H](C1)N2C(=O)C(F)F,"N-(((1R,3s,5S)-8-(2,2-difluoro-acetyl)-8-azabicyclo[3.2.1]octan-3-yl)methyl)-2-((indan-5-yl)sulfanyl)acetamide",,O=C(CSc1ccc2c(c1)CCC2)NC[C@@H]1C[C@H]2CC[C@@H](C1)N2C(=O)C(F)F,
3272,C=CC[C@@H](CO)NC(=O)[C@@H]1[C@H]2CN(C(=O)C3(C)CCN(C)CC3)C[C@H]21,"(1R,5S,6r)-3-((1,4-dimethylpiperidin-4-yl)carbonyl)-N-((2S)-1-hydroxypent-4-en-2-yl)-3-azabicyclo[3.1.0]hexane-6-carboxamide",,C=CC[C@@H](CO)NC(=O)C1[C@H]2CN(C(=O)C3(C)CCN(C)CC3)C[C@@H]12,
3296,CC(C)(CNC(=O)[C@@H]1[C@H]2[C@@H]3CC[C@@H](C3)[C@H]21)C1(O)CN(C(=O)CCc2cn[nH]c2)C1,"(1R,2S,3r,4R,5S)-N-(2-(3-hydroxy-1-(1-oxo-3-(1H-pyrazol-4-yl)propyl)azetidin-3-yl)-2-methylpropyl)tricyclo[3.2.1.0^{2,4}]octane-3-carboxamide",,CC(C)(CNC(=O)C1[C@@H]2[C@H]3CC[C@H](C3)[C@H]12)C1(O)CN(C(=O)CCc2cn[nH]c2)C1,
3402,C=CCO[C@@H](C)C(=O)N[C@]1(C(=O)N2O[C@H]3CC[C@H]2C3)C[C@H](O)C1,"(2S)-N-((1s,3R)-3-hydroxy-1-(((1S,4S)-2-oxa-3-azabicyclo[2.2.1]heptan-3-yl)carbonyl)cyclobutyl)-2-((prop-2-en-1-yl)oxy)propanamide",,C=CCOC(C)C(=O)N[C@]1(C(=O)N2O[C@H]3CC[C@H]2C3)C[C@H](O)C1,
3406,CC1(C)CN(C(=O)[C@H]2C[C@H]3CCC[C@H](C3)C2)[C@@H](CNC(=O)C2(CF)CCC2)CO1,"N-(((3S)-4-(((1R,3s,5S)-bicyclo[3.3.1]nonan-3-yl)carbonyl)-6,6-dimethylmorpholin-3-yl)methyl)-1-(fluoromethyl)cyclobutanecarboxamide",,CC1(C)CN(C(=O)C2C[C@H]3CCC[C@@H](C2)C3)[C@@H](CNC(=O)C2(CF)CCC2)CO1,
3422,COc1ccncc1C(=O)N1C[C@H]2[C@@H](C1)[C@@H]2C(=O)N[C@H]1CCC[C@H](O)C1,"(1R,5S,6r)-N-((1S,3S)-3-hydroxycyclohexyl)-3-((4-methoxypyridin-3-yl)carbonyl)-3-azabicyclo[3.1.0]hexane-6-carboxamide",,COc1ccncc1C(=O)N1C[C@@H]2C(C(=O)N[C@H]3CCC[C@H](O)C3)[C@@H]2C1,
3479,Cc1nnsc1CN1C[C@H]2[C@H](CNC(=O)CCOC3CCOCC3)[C@H]2C1,"N-(((1R,5S,6r)-3-((4-methyl-1,2,3-thiadiazol-5-yl)methyl)-3-azabicyclo[3.1.0]hexan-6-yl)methyl)-3-((oxan-4-yl)oxy)propanamide",,Cc1nnsc1CN1C[C@@H]2[C@@H](CNC(=O)CCOC3CCOCC3)[C@@H]2C1,
3525,O=C(C1=C2CCN=C2NC=C1)N1CC[C@H]([C@@H]2CCCN2)C1,"1-(3,7-dihydro-1H-pyrrolo[2,3-b]pyridin-4-yl)-1-((3S)-3-((2S)-pyrrolidin-2-yl)pyrrolidin-1-yl)methanone",N1CCC2=C1NCC=C2C(=O)N2C[C@H](CC2)[C@H]2NCCC2,O=C(c1ccnc2c1CCN2)N1CC[C@H]([C@@H]2CCCN2)C1,O=C(C1=CCN=C2NCCC12)N1CC[C@H]([C@@H]2CCCN2)C1
3568,CN(C)[C@H](CO)C(=O)N[C@H]1C[C@H]2COC[C@@H](C1)N2C(=O)C[C@H]1CC(C)(C)C(=O)N1,"(2R)-N-((1R,5S,7S)-9-(2-((2R)-4,4-dimethyl-5-oxopyrrolidin-2-yl)-acetyl)-3-oxa-9-azabicyclo[3.3.1]nonan-7-yl)-2-(dimethylamino)-3-hydroxypropanamide",,CN(C)C(CO)C(=O)N[C@H]1C[C@H]2COC[C@@H](C1)N2C(=O)C[C@H]1CC(C)(C)C(=O)N1,
3579,Cc1cncc(CCNC(=O)[C@@H]2C[C@@H]3CN(C(=O)CNC(=O)C4CC4)C[C@@H]3C2)n1,"(1R,5S,7r)-3-(2-cyclopropanecarboxamido-acetyl)-N-(2-(6-methylpyrazin-2-yl)ethyl)-3-azabicyclo[3.3.0]octane-7-carboxamide",,Cc1cncc(CCNC(=O)C2C[C@@H]3CN(C(=O)CNC(=O)C4CC4)C[C@@H]3C2)n1,
3613,CCC(C)(C)C1CCC(CC(=O)N[C@H]2C[C@@](F)(CNC(=O)[C@@H](C)C(C)C)C2)CC1,"(2S)-N-(((1r,3S)-1-fluoro-3-(2-(4-(2-methylbutan-2-yl)cyclohexyl)acetamido)cyclobutyl)methyl)-2,3-dimethylbutanamide",,CCC(C)(C)C1CCC(CC(=O)N[C@H]2C[C@@](F)(CNC(=O)C(C)C(C)C)C2)CC1,
3635,Cc1sccc1C(=O)NC[C@]1(F)C[C@H](CNC(=O)C2=CCCC[C@H]2C)C1,"N-(((1R,3r)-1-fluoro-3-(((6R)-6-methylcyclohex-1-ene-1-carboxamido)methyl)cyclobutyl)methyl)-2-methylthiophene-3-carboxamide",,Cc1sccc1C(=O)NC[C@]1(F)C[C@H](CNC(=O)C2=CCCC[C@H]2C)C1,
3726,C[C@H](CNC(=O)Cc1csc(COc2ccc(Cl)cc2)n1)NC(=O)[C@@H]1[C@H]2CC[C@H]21,"N-((2R)-2-((1R,4S,5r)-bicyclo[2.1.0]pentane-5-carboxamido)propyl)-2-(2-(((4-chlorophenyl)oxy)methyl)-1,3-thiazol-4-yl)acetamide",,C[C@H](CNC(=O)Cc1csc(COc2ccc(Cl)cc2)n1)NC(=O)C1[C@H]2CC[C@@H]12,
3744,CC(C)n1cnc2c(N[C@@H]3C[C@H]4[C@@H](C3)C4(C)C)ncnc21,"N-((1R,3r,5S)-6,6-dimethylbicyclo[3.1.0]hexan-3-yl)-9-(propan-2-yl)-9H-purin-6-amine",,CC(C)n1cnc2c(N[C@H]3C[C@@H]4[C@H](C3)C4(C)C)ncnc21,
3745,CO[C@@H](C)C(=O)N[C@H]1[C@@H]2CN(C(=O)[C@H]3CCC4(CCC4)C3)C[C@@H]21,"(2S)-2-methoxy-N-((1R,5S,6R)-3-(((6S)-spiro[3.4]octan-6-yl)carbonyl)-3-azabicyclo[3.1.0]hexan-6-yl)propanamide",,COC(C)C(=O)N[C@H]1[C@@H]2CN(C(=O)C3CCC4(CCC4)C3)C[C@@H]21,
3763,CCN(CC)CCC(=O)N[C@H]1C[C@@](C)(NC(=O)C2CCC3(CC2)CC(OC)C3)C1,"3-(diethylamino)-N-((1s,3s)-3-(2-methoxyspiro[3.5]nonane-7-carboxamido)-3-methylcyclobutyl)propanamide",,CCN(CC)CCC(=O)N[C@H]1C[C@@](C)(NC(=O)C2CCC3(CC2)CC(OC)C3)C1,
3791,CCc1nc(C(=O)N2[C@H]3CC[C@@H]2C[C@H](NC(=O)C[C@@H]2CC[C@H](C)C2)C3)n[nH]1,"N-((1R,3r,5S)-8-((5-ethyl-1H-1,2,4-triazol-3-yl)carbonyl)-8-azabicyclo[3.2.1]octan-3-yl)-2-((1R,3S)-3-methylcyclopentyl)acetamide",,CCc1n[nH]c(C(=O)N2[C@@H]3CC[C@H]2C[C@@H](NC(=O)C[C@@H]2CC[C@H](C)C2)C3)n1,
3827,CCOCCOCCC(=O)N1C[C@H]2[C@H](NC(=O)c3cc4cc(Cl)ccc4o3)[C@H]2C1,"5-chloro-N-((1R,5S,6s)-3-(3-((2-ethoxyethyl)oxy)-propionyl)-3-azabicyclo[3.1.0]hexan-6-yl)-1-benzofuran-2-carboxamide",,CCOCCOCCC(=O)N1C[C@@H]2[C@H](C1)[C@H]2NC(=O)c1cc2cc(Cl)ccc2o1,
3960,Cc1ccc(S(=O)(=O)CCCN2C[C@H]3[C@H](NC(=O)c4cc(Cl)sc4Cl)[C@H]3C2)cc1,"2,5-dichloro-N-((1R,5S,6s)-3-(3-(4-methylphenylsulfonyl)propyl)-3-azabicyclo[3.1.0]hexan-6-yl)thiophene-3-carboxamide",,Cc1ccc(S(=O)(=O)CCCN2C[C@@H]3[C@H](C2)[C@H]3NC(=O)c2cc(Cl)sc2Cl)cc1,
3996,C=CCOc1ccc(Cl)c(C(=O)N[C@H]2C[C@@](F)(CNC(=O)C(F)F)C2)n1,"3-chloro-N-((1r,3r)-3-((2,2-difluoroacetamido)methyl)-3-fluorocyclobutyl)-6-((prop-2-en-1-yl)oxy)pyridine-2-carboxamide",,C=CCOc1ccc(Cl)c(C(=O)N[C@H]2C[C@@](F)(CNC(=O)C(F)F)C2)n1,
4114,O=C(Cn1ncc2ccccc2c1=O)N[C@H]1[C@@H]2CN(C(=O)C3(CO)CC3)C[C@@H]21,"N-((1R,5S,6s)-3-((1-(hydroxymethyl)cyclopropyl)carbonyl)-3-azabicyclo[3.1.0]hexan-6-yl)-2-(1-oxo-1,2-dihydrophthalazin-2-yl)acetamide",,O=C(Cn1ncc2ccccc2c1=O)N[C@H]1[C@@H]2CN(C(=O)C3(CO)CC3)C[C@@H]21,
4116,C[C@H]1C[C@H](N(C)CCCOC(F)(F)F)C[C@@H](C)O1,"(2R,4s,6S)-2,6,N-trimethyl-N-(3-((trifluoromethyl)oxy)propyl)oxan-4-amine",,C[C@@H]1C[C@@H](N(C)CCCOC(F)(F)F)C[C@H](C)O1,
4213,CO[C@H]1C[C@@H]2CC[C@H](C1)N2C(=O)[C@]1(NC(=O)CCn2cncn2)CCN(C)C1,"N-((3S)-3-(((1R,3R,5S)-3-methoxy-8-azabicyclo[3.2.1]octan-8-yl)carbonyl)-1-methylpyrrolidin-3-yl)-3-(1H-1,2,4-triazol-1-yl)propanamide",,CO[C@@H]1C[C@H]2CC[C@@H](C1)N2C(=O)[C@]1(NC(=O)CCn2cncn2)CCN(C)C1,
4263,CC1=NOC(=O)[C@@H]1CC(=O)NC[C@]1(F)C[C@H](CNC(=O)C(C)=C2CCCC2)C1,"2-cyclopentylidene-N-(((1R,3r)-3-fluoro-3-((2-((4R)-3-methyl-5-oxo-4H-1,2-oxazol-4-yl)acetamido)methyl)cyclobutyl)methyl)propanamide",,CC(C(=O)NC[C@H]1C[C@@](F)(CNC(=O)Cc2c(C)[nH]oc2=O)C1)=C1CCCC1,
4265,CCOC(CC(=O)N1CC2(C[C@@H](NC(=O)C[C@H](C)OC)c3nccn32)C1)OCC,"(3S)-3-methoxy-N-((6R)-spiro[1,4-diazabicyclo[3.3.0]octa-2,4-diene-8,3'-(1-(1-azacyclobutan-1-yl)-3,3-diethoxypropane)]-6-yl-1'-one)butanamide",,CCOC(CC(=O)N1CC2(C[C@@H](NC(=O)C[C@H](C)OC)c3nccn32)C1)OCC,
4293,CO[C@H]1C[C@@](CO)(N[C@@H]2CCCC[C@H](c3ccccc3)C2)C1,"1-((1s,3S)-3-methoxy-1-(((1R,3S)-3-phenylcycloheptyl)amino)cyclobutyl)methanol",,CO[C@H]1C[C@@](CO)(N[C@@H]2CCCC[C@H](c3ccccc3)C2)C1,
4306,O=C(NC[C@]1(F)C[C@H](CNC(=O)c2csc3nccn23)C1)c1cc(Cl)c[nH]1,"N-(((1r,3r)-3-((4-chloro-1H-pyrrole-2-carboxamido)methyl)-3-fluorocyclobutyl)methyl)-2-thia-5,8-diazabicyclo[3.3.0]octa-1(8),3,6-triene-4-carboxamide",,O=C(NC[C@]1(F)C[C@H](CNC(=O)c2csc3nccn23)C1)c1cc(Cl)c[nH]1,
4371,C[C@H](c1ccc(F)cc1)N(C)C(=O)CN(C)[C@H]1C[C@@H]2CC[C@H](C1)N2,"2-(((1R,3s,5S)-8-azabicyclo[3.2.1]octan-3-yl)(methyl)amino)-N-((1R)-1-(4-fluorophenyl)ethyl)-N-methylacetamide",,C[C@H](c1ccc(F)cc1)N(C)C(=O)CN(C)[C@@H]1C[C@H]2CC[C@@H](C1)N2,
4423,C[C@H]1CN(C(=O)c2nnc(O)nc2O)C[C@]2(CCN(C(=O)c3ccccn3)C2)O1,"1-((5R,7S)-9-((3,5-dihydroxy-1,2,4-triazin-6-yl)carbonyl)-7-methyl-6-oxa-2,9-diazaspiro[4.5]decan-2-yl)-1-(pyridin-2-yl)methanone",OC=1N=NC(=C(N1)O)C(=O)N1C[C@@H](O[C@]2(CCN(C2)C(=O)C2=NC=CC=C2)C1)C,C[C@H]1CN(C(=O)c2n[nH]c(=O)[nH]c2=O)C[C@]2(CCN(C(=O)c3ccccn3)C2)O1,C[C@H]1CN(C(=O)c2n[nH]c(=O)[nH]c2=O)C[C@@]2(CCN(C(=O)c3ccccn3)C2)O1
4502,CC1CCN(CCC(=O)N2C[C@H]3[C@H](CNC(=O)c4cc(Cl)ccc4Cl)[C@H]3C2)CC1,"2,5-dichloro-N-(((1R,5S,6r)-3-(3-(4-methylpiperidin-1-yl)-propionyl)-3-azabicyclo[3.1.0]hexan-6-yl)methyl)benzamide",,CC1CCN(CCC(=O)N2C[C@@H]3[C@@H](CNC(=O)c4cc(Cl)ccc4Cl)[C@@H]3C2)CC1,
4517,O=C(C1CSC1)N1CCC2(CC1)CN(C(=O)C=CCn1cncn1)[C@@H]1COC[C@@H]12,"1-((1R,5S)-spiro[3-oxa-6-azabicyclo[3.3.0]octane-8,4'-(1-(1-azacyclohexan-1-yl)-1-(thietan-3-yl)methanone)]-6-yl)-4-(1H-1,2,4-triazol-1-yl)but-2-en-1-one",,O=C(C1CSC1)N1CCC2(CC1)CN(C(=O)C=CCn1cncn1)[C@@H]1COC[C@@H]12,
4553,C[C@H](OC1CCCC1)C(=O)N[C@H]1C[C@](C)(NC(=O)[C@@H](C)n2ccnc2)C1,"(2R)-N-((1S,3R)-3-((2S)-2-(cyclopentyloxy)propanamido)-1-methylcyclobutyl)-2-(1H-imidazol-1-yl)propanamide",,CC(OC1CCCC1)C(=O)N[C@H]1C[C@](C)(NC(=O)C(C)n2ccnc2)C1,
4595,C[C@@H]1[C@H](CO)CCCN1C(=O)[C@]1(NC(=O)c2cc([N+](=O)[O-])c[nH]2)C[C@@H](O)C1,"N-((1s,3S)-3-hydroxy-1-(((2R,3R)-3-(hydroxymethyl)-2-methylpiperidin-1-yl)carbonyl)cyclobutyl)-4-nitro-1H-pyrrole-2-carboxamide",,C[C@@H]1[C@H](CO)CCCN1C(=O)[C@]1(NC(=O)c2cc([N+](=O)[O-])c[nH]2)C[C@@H](O)C1,
4741,CCO[C@@H](C)C(=O)N1[C@H]2CC[C@@H]1C[C@H](NC(=O)c1nnn(C)n1)C2,"N-((1R,3S,5S)-8-((2S)-2-ethoxy-propionyl)-8-azabicyclo[3.2.1]octan-3-yl)-2-methyl-2H-tetrazole-5-carboxamide",,CCOC(C)C(=O)N1[C@@H]2CC[C@H]1C[C@@H](NC(=O)c1nnn(C)n1)C2,
4764,COC(C)CC(=O)N(C)[C@H]1[C@@H]2CN(C(=O)CC3C(C)(C)C3(C)C)C[C@@H]21,"3-methoxy-N-methyl-N-((1R,5S,6s)-3-(1-oxo-2-(2,2,3,3-tetramethylcyclopropyl)ethyl)-3-azabicyclo[3.1.0]hexan-6-yl)butanamide",,COC(C)CC(=O)N(C)[C@H]1[C@@H]2CN(C(=O)CC3C(C)(C)C3(C)C)C[C@@H]21,
4793,CCn1cnnc1C(=O)N1C[C@@H]2C[C@H](NC(=O)[C@H]3CC34CCOCC4)C[C@@H](C2)C1,"(1S)-N-((1R,5S,7s)-3-((4-ethyl-4H-1,2,4-triazol-3-yl)carbonyl)-3-azabicyclo[3.3.1]nonan-7-yl)-6-oxaspiro[2.5]octane-1-carboxamide",,CCn1cnnc1C(=O)N1C[C@@H]2C[C@@H](C[C@H](NC(=O)C3CC34CCOCC4)C2)C1,
4805,CCc1ccc(C(=O)N[C@@H]2[C@@H](C)CN(C(=O)C[C@@H]3CNC(=O)O3)C[C@H]2C)s1,"N-((3R,4R,5S)-3,5-dimethyl-1-(1-oxo-2-((5R)-2-oxo-1,3-oxazolidin-5-yl)ethyl)piperidin-4-yl)-5-ethylthiophene-2-carboxamide",,CCc1ccc(C(=O)N[C@H]2[C@H](C)CN(C(=O)C[C@@H]3CNC(=O)O3)C[C@@H]2C)s1,
4824,CC1(C)C[C@H](NC(=O)[C@@H]2[C@H]3CCC[C@H]32)CN1C(=O)Cc1cnc(C(F)(F)F)s1,"(1R,5S,6r)-N-((3S)-5,5-dimethyl-1-(1-oxo-2-(2-(trifluoromethyl)-1,3-thiazol-5-yl)ethyl)pyrrolidin-3-yl)bicyclo[3.1.0]hexane-6-carboxamide",,CC1(C)C[C@H](NC(=O)C2[C@H]3CCC[C@@H]23)CN1C(=O)Cc1cnc(C(F)(F)F)s1,
4838,CCOc1ncc(C(=O)N2C[C@H]3[C@H](NC(=O)c4cnc(N(C)C)o4)[C@H]3C2)cc1Cl,"N-((1R,5S,6s)-3-((5-chloro-6-ethoxypyridin-3-yl)carbonyl)-3-azabicyclo[3.1.0]hexan-6-yl)-2-(dimethylamino)-1,3-oxazole-5-carboxamide",,CCOc1ncc(C(=O)N2C[C@@H]3[C@H](C2)[C@H]3NC(=O)c2cnc(N(C)C)o2)cc1Cl,
4845,C[C@H](CC#N)C(=O)N1C[C@@H]2C[C@H](C1)CN2C(=O)[C@@H]1[C@H]2CN(C)C[C@H]21,"(3R)-3-(((1R,5S)-6-(((1R,5S,6r)-3-methyl-3-azabicyclo[3.1.0]hexan-6-yl)carbonyl)-3,6-diazabicyclo[3.2.1]octan-3-yl)carbonyl)butyronitrile",,CC(CC#N)C(=O)N1C[C@H]2C[C@@H](C1)N(C(=O)C1[C@H]3CN(C)C[C@@H]13)C2,
4987,O=C(CCc1cccc(O)c1)NCC[C@@H]1CCN(C(=O)[C@@H]2[C@H]3CC(F)(F)C[C@H]32)C1,"N-(2-((3R)-1-(((1R,5S,6r)-3,3-difluorobicyclo[3.1.0]hexan-6-yl)carbonyl)pyrrolidin-3-yl)ethyl)-3-(3-hydroxyphenyl)propanamide",,O=C(CCc1cccc(O)c1)NCC[C@@H]1CCN(C(=O)C2[C@H]3CC(F)(F)C[C@@H]23)C1,
5100,COC(=O)C[C@@H](C)CC(=O)N[C@H]1C[C@]2(CCCCN2C(=O)[C@H]2CC23CC(O)C3)C1,methyl (3S)-4-((5-(((1S)-5-hydroxyspiro[2.3]hexan-1-yl)carbonyl)-5-azaspiro[3.5]nonan-2-yl)carbamoyl)-3-methylbutanoate,OC1CC2(C[C@@H]2C(=O)N2C3(CC(C3)NC(=O)C[C@@H](CC(=O)OC)C)CCCC2)C1,COC(=O)C[C@@H](C)CC(=O)N[C@H]1C[C@]2(CCCCN2C(=O)C2CC23CC(O)C3)C1,COC(=O)C[C@@H](C)CC(=O)NC1CC2(CCCCN2C(=O)C2CC23CC(O)C3)C1
5112,C[C@H](O)CC(=O)N1CCC(CN(C)C(=O)[C@@H]2[C@H]3CNC[C@H]32)CC1,"(1R,5S,6r)-N-((1-((3S)-3-hydroxy-butyryl)piperidin-4-yl)methyl)-N-methyl-3-azabicyclo[3.1.0]hexane-6-carboxamide",,C[C@H](O)CC(=O)N1CCC(CN(C)C(=O)C2[C@H]3CNC[C@@H]23)CC1,
5118,CCOC(=O)CC1CN(C(=O)c2c[nH]nc2CCNC(=O)[C@@H]2[C@H]3COC[C@H]32)C1,"ethyl 2-(1-((3-(2-((1R,5S,6r)-3-oxabicyclo[3.1.0]hexane-6-carboxamido)ethyl)-1H-pyrazol-4-yl)carbonyl)azetidin-3-yl)acetate",,CCOC(=O)CC1CN(C(=O)c2c[nH]nc2CCNC(=O)C2[C@H]3COC[C@@H]23)C1,
5156,CN(CC(=O)NC1CC2(C1)C[C@H]2NC(=O)[C@@H]1[C@H]2CCC[C@H]21)C(=O)c1cccs1,"N-((1R)-1-((1R,5S,6r)-bicyclo[3.1.0]hexane-6-carboxamido)spiro[2.3]hexan-5-yl)-2-(N-methylthiophene-2-carboxamido)acetamide",,CN(CC(=O)NC1CC2(C1)C[C@H]2NC(=O)C1[C@H]2CCC[C@@H]12)C(=O)c1cccs1,
5174,C#C[C@]1(O)C[C@@H](C(=O)N2CC[C@H]3C[C@]3(C(=O)NCC3(C(C)(C)O)CC3)CC2)C1,"(1S,7R)-4-(((1s,3R)-3-(ethynyl)-3-hydroxycyclobutyl)carbonyl)-N-((1-(2-hydroxypropan-2-yl)cyclopropyl)methyl)-4-azabicyclo[5.1.0]octane-1-carboxamide",,C#CC1(O)CC(C(=O)N2CC[C@H]3C[C@]3(C(=O)NCC3(C(C)(C)O)CC3)CC2)C1,
5187,CN(C(=O)[C@@H]1Cc2nn(C)cc2C(=O)N1)[C@H]1CCCC[C@H]1C(=O)O,"(1R,2S)-2-(N-methyl(6S)-2-methyl-4-oxo-4,5,6,7-tetrahydro-1H-pyrazolo[4,3-c]pyridine-6-carboxamido)cyclohexanecarboxylic acid",CN(C(=O)[C@@H]1CC2=C(C(N1)=O)CN(N2)C)[C@@H]2[C@@H](CCCC2)C(=O)O,CN(C(=O)C1Cc2nn(C)cc2C(=O)N1)[C@H]1CCCCC1C(=O)O,CN1CC2C(=O)NC(C(=O)N(C)[C@H]3CCCCC3C(=O)O)CC2=N1
5231,CN(C)[C@@H](CC[S@](C)=O)C(=O)N[C@H]1CCCC[C@@H]1NC(=O)[C@@H]1C[C@@H]2C[C@@H]2C1,"(2S)-N-((1S,2S)-2-((1R,3r,5S)-bicyclo[3.1.0]hexane-3-carboxamido)cyclohexyl)-2-(dimethylamino)-4-((S)-methylsulfinyl)butanamide",,CN(C)C(CC[S@+](C)[O-])C(=O)N[C@H]1CCCC[C@@H]1NC(=O)C1C[C@@H]2C[C@@H]2C1,
5251,CC[C@](C)(OC)C(=O)N[C@H](C)[C@H]1CCN(C(=O)[C@]23CC[C@H](CC2)C3(C)C)C1,"(2S)-N-((1R)-1-((3S)-1-((7,7-dimethylbicyclo[2.2.1]heptan-1-yl)carbonyl)pyrrolidin-3-yl)ethyl)-2-methoxy-2-methylbutanamide",CC1(C2(CCC1CC2)C(=O)N2C[C@H](CC2)[C@@H](C)NC([C@@](CC)(C)OC)=O)C,CC[C@](C)(OC)C(=O)N[C@H](C)[C@H]1CCN(C(=O)[C@]23CC[C@H](CC2)C3(C)C)C1,CC[C@](C)(OC)C(=O)N[C@H](C)[C@H]1CCN(C(=O)C23CCC(CC2)C3(C)C)C1
5263,CN=c1[nH]c(=N[C@H]2C[C@@H]2c2ccc(F)cc2)[nH]c(=N[C@@H]2C[C@@H]3CC[C@H](C2)[C@@H]3O)[nH]1,"(1R,3r,5S,8S)-3-((4-(((1S,2R)-2-(4-fluorophenyl)cyclopropyl)imino)-6-(methylimino)-1,3,5-triazinan-2-ylidene)amino)bicyclo[3.2.1]octan-8-ol",,CNc1nc(N[C@H]2C[C@H]3CC[C@@H](C2)[C@H]3O)nc(N[C@H]2C[C@@H]2c2ccc(F)cc2)n1,
5272,COC(C)CCC(=O)N[C@H]1C[C@H]2CC[C@@H](C1)N2C(=O)C1(CC2=CC=CC=C2)CC1,"N-((1R,3r,5S)-8-((1-benzylcyclopropyl)carbonyl)-8-azabicyclo[3.2.1]octan-3-yl)-4-methoxypentanamide",,COC(C)CCC(=O)N[C@H]1C[C@H]2CC[C@@H](C1)N2C(=O)C1(Cc2ccccc2)CC1,
5279,Cc1nc(CCCC(=O)NC[C@H]2CN(C(=O)[C@@H]3[C@@H](C)[C@H]3C)C[C@H]2O)cs1,"N-(((3S,4S)-1-(((1r,2R,3S)-2,3-dimethylcyclopropyl)carbonyl)-4-hydroxypyrrolidin-3-yl)methyl)-4-(2-methyl-1,3-thiazol-4-yl)butanamide",,Cc1nc(CCCC(=O)NC[C@H]2CN(C(=O)C3[C@@H](C)[C@H]3C)C[C@H]2O)cs1,
5439,CN1C[C@H]2[C@@H](C1)[C@@H]2C(=O)NC[C@@H](O)C(=O)N1CCO[C@H]2COC[C@H]2C1,"(1R,5S,6r)-N-((2R)-3-((1R,7R)-2,9-dioxa-5-azabicyclo[5.3.0]decan-5-yl)-2-hydroxy-3-oxopropyl)-3-methyl-3-azabicyclo[3.1.0]hexane-6-carboxamide",,CN1C[C@@H]2C(C(=O)NCC(O)C(=O)N3CCO[C@H]4COC[C@H]4C3)[C@@H]2C1,
5480,CO[C@@H](C(=O)N[C@H]1C[C@]2(C1)[C@H](C(=O)O)C2(F)F)c1ccccc1Br,"(1R)-5-((2R)-2-(2-bromophenyl)-2-methoxyacetamido)-2,2-difluorospiro[2.3]hexane-1-carboxylic acid",BrC1=C(C=CC=C1)[C@H](C(=O)NC1CC2(C([C@H]2C(=O)O)(F)F)C1)OC,COC(C(=O)N[C@H]1C[C@]2(C1)C(C(=O)O)C2(F)F)c1ccccc1Br,COC(C(=O)NC1CC2(C1)C(C(=O)O)C2(F)F)c1ccccc1Br
5497,C=C(C)COCC(=O)N[C@H]1C[C@@](C)(NC(=O)c2cc(C)c(F)c(C)c2)C1,"N-((1s,3s)-3-(4-fluoro-3,5-dimethylbenzamido)-3-methylcyclobutyl)-2-((2-methylprop-2-en-1-yl)oxy)acetamide",,C=C(C)COCC(=O)N[C@H]1C[C@@](C)(NC(=O)c2cc(C)c(F)c(C)c2)C1,
5587,COc1c(C(=O)NC[C@]2(F)C[C@@H](NC(=O)c3cn(C)nn3)C2)cccc1C(F)F,"N-((1s,3s)-3-((3-(difluoromethyl)-2-methoxybenzamido)methyl)-3-fluorocyclobutyl)-1-methyl-1H-1,2,3-triazole-4-carboxamide",,COc1c(C(=O)NC[C@]2(F)C[C@@H](NC(=O)c3cn(C)nn3)C2)cccc1C(F)F,
5652,Cc1cc(C)cc(N=c2scc(-c3c(C)coc3C)n2[C@H]2C[C@@H]3COC[C@@H]3C2)c1,"4-(2,4-dimethylfuran-3-yl)-N-(3,5-dimethylphenyl)-3-((1R,5S,7s)-3-oxabicyclo[3.3.0]octan-7-yl)-3H-1,3-thiazol-2-imine",,Cc1cc(C)cc(N=c2scc(-c3c(C)coc3C)n2[C@@H]2C[C@H]3COC[C@H]3C2)c1,
5671,C[C@@H]1CC(C(=O)N2CC(O)(CNC(=O)[C@H]3C[C@H]4[C@@H](C3)C4(C)C)C2)=NO1,"(1R,3s,5S)-N-((3-hydroxy-1-(((5R)-5-methyl-4,5-dihydro-1,2-oxazol-3-yl)carbonyl)azetidin-3-yl)methyl)-6,6-dimethylbicyclo[3.1.0]hexane-3-carboxamide",,C[C@@H]1CC(C(=O)N2CC(O)(CNC(=O)C3C[C@@H]4[C@H](C3)C4(C)C)C2)=NO1,
5672,COCCC1(NC(=O)Cn2cccnc2=O)CCN(C(=O)[C@@H]2[C@H]3COC[C@H]32)CC1,"N-(4-(2-methoxyethyl)-1-(((1R,5S,6r)-3-oxabicyclo[3.1.0]hexan-6-yl)carbonyl)piperidin-4-yl)-2-(2-oxo-1H-pyrimidin-1-yl)acetamide",,COCCC1(NC(=O)Cn2cccnc2=O)CCN(C(=O)C2[C@H]3COC[C@@H]23)CC1,
5717,CC1(C)CC=C(C(=O)N2CCOC[C@@H]2CC(=O)N[C@H]2C[C@H](O)[C@H](O)C2)CC1,"N-((1s,3R,4S)-3,4-dihydroxycyclopentyl)-2-((3S)-4-((4,4-dimethylcyclohex-1-en-1-yl)carbonyl)morpholin-3-yl)acetamide",,CC1(C)CC=C(C(=O)N2CCOC[C@@H]2CC(=O)N[C@@H]2C[C@@H](O)[C@@H](O)C2)CC1,
5755,C[C@@H]1C[C@@H]1CC(=O)N1CCO[C@]2(CC[C@H](NC(=O)c3cnco3)CC2)C1,"N-(4-(2-((1R,2R)-2-methylcyclopropyl)-acetyl)-1-oxa-4-azaspiro[5.5]undecan-9-yl)-1,3-oxazole-5-carboxamide",C[C@H]1[C@H](C1)CC(=O)N1CCOC2(C1)CCC(CC2)NC(=O)C2=CN=CO2,C[C@@H]1C[C@@H]1CC(=O)N1CCO[C@]2(CC[C@H](NC(=O)c3cnco3)CC2)C1,C[C@@H]1C[C@@H]1CC(=O)N1CCOC2(CCC(NC(=O)c3cnco3)CC2)C1
5799,COc1c(C)cc(C(=O)N[C@H]2C[C@@H]3CN(C(=O)C4CC(C)(C)C4)C[C@@H]3C2)cc1Cl,"3-chloro-N-((1R,5S,7s)-3-((3,3-dimethylcyclobutyl)carbonyl)-3-azabicyclo[3.3.0]octan-7-yl)-4-methoxy-5-methylbenzamide",,COc1c(C)cc(C(=O)N[C@H]2C[C@@H]3CN(C(=O)C4CC(C)(C)C4)C[C@@H]3C2)cc1Cl,
5804,COc1cc(C(=O)NC[C@H]2C[C@@](F)(CNC(=O)c3cnc(CC4CC4)s3)C2)[nH]n1,"2-(cyclopropylmethyl)-N-(((1r,3r)-1-fluoro-3-((3-methoxy-1H-pyrazole-5-carboxamido)methyl)cyclobutyl)methyl)-1,3-thiazole-5-carboxamide",,COc1cc(C(=O)NC[C@H]2C[C@@](F)(CNC(=O)c3cnc(CC4CC4)s3)C2)[nH]n1,
5813,CC(C)c1ncc(C(=O)N[C@]2(C)C[C@H](NC(=O)C[C@@H]3C[C@H](O)C3(C)C)C2)s1,"N-((1R,3s)-3-(2-((1S,3S)-3-hydroxy-2,2-dimethylcyclobutyl)acetamido)-1-methylcyclobutyl)-2-(propan-2-yl)-1,3-thiazole-5-carboxamide",,CC(C)c1ncc(C(=O)N[C@]2(C)C[C@H](NC(=O)C[C@@H]3C[C@H](O)C3(C)C)C2)s1,
5860,C=C[C@H](C)C(=O)N1CC[C@](F)(C(=O)N[C@]2(C)C[C@H](N(C)C)C2)C1,"(3R)-N-((1s,3S)-3-(dimethylamino)-1-methylcyclobutyl)-3-fluoro-1-((2S)-2-methyl-1-oxobut-3-en-1-yl)pyrrolidine-3-carboxamide",,C=CC(C)C(=O)N1CC[C@](F)(C(=O)N[C@]2(C)C[C@H](N(C)C)C2)C1,
5888,COC(=O)CC(C)(C)CC(=O)N[C@@H]1C[C@H]2CC[C@@H](C1)N2C(=O)[C@H]1CC[C@H](C)CC1,"methyl 3,3-dimethyl-4-(((1R,3s,5S)-8-((trans-4-methylcyclohexyl)carbonyl)-8-azabicyclo[3.2.1]octan-3-yl)carbamoyl)butanoate",,COC(=O)CC(C)(C)CC(=O)N[C@@H]1C[C@H]2CC[C@@H](C1)N2C(=O)C1CCC(C)CC1,
5891,CN(Cc1cn(C)cn1)C(=O)c1cc(CCNC(=O)[C@H]2C[C@@H]3C[C@@H]3C2)on1,"5-(2-((1R,3s,5S)-bicyclo[3.1.0]hexane-3-carboxamido)ethyl)-N-methyl-N-((1-methyl-1H-imidazol-4-yl)methyl)-1,2-oxazole-3-carboxamide",,CN(Cc1cn(C)cn1)C(=O)c1cc(CCNC(=O)C2C[C@@H]3C[C@@H]3C2)on1,
5935,C[C@H]1CCCN(CC(=O)N2C[C@H]3[C@@H](C2)[C@@H]3C(=O)N2Cc3ccccc3C2)C1,"1-((1R,5S,6S)-6-((2,3-dihydro-1H-isoindol-2-yl)carbonyl)-3-azabicyclo[3.1.0]hexan-3-yl)-2-((3S)-3-methylpiperidin-1-yl)ethan-1-one",,C[C@H]1CCCN(CC(=O)N2C[C@@H]3C(C(=O)N4Cc5ccccc5C4)[C@@H]3C2)C1,
5945,Cc1ccc(CC(=O)N[C@@H]2CCC[C@@H]3CN(C(=O)[C@H]4C[C@](O)(C#N)C4)C[C@@H]32)cc1,"N-((3aR,4R,7aS)-2-(((1s,3S)-3-hydroxy-3-(nitrilomethyl)cyclobutyl)carbonyl)octahydro-1H-isoindol-4-yl)-2-(4-methylphenyl)acetamide",,Cc1ccc(CC(=O)N[C@@H]2CCC[C@@H]3CN(C(=O)C4CC(O)(C#N)C4)C[C@@H]32)cc1,
5957,C=CCCCCN1C[C@H]2[C@@H](C1)[C@@H]2C(=O)N(Cc1ccsc1)C[C@H]1CCCO1,"(1R,5S,6r)-3-(hex-5-en-1-yl)-N-(((2R)-oxolan-2-yl)methyl)-N-((thiophen-3-yl)methyl)-3-azabicyclo[3.1.0]hexane-6-carboxamide",,C=CCCCCN1C[C@@H]2C(C(=O)N(Cc3ccsc3)C[C@H]3CCCO3)[C@@H]2C1,
5974,O=C(C=C1CCCCC1)N[C@H]1C[C@@H]2CN(C(=O)[C@@H]3CCCC(F)(F)C3)C[C@@H]2C1,"2-cyclohexylidene-N-((1R,5S,7S)-3-(((1R)-3,3-difluorocyclohexyl)carbonyl)-3-azabicyclo[3.3.0]octan-7-yl)acetamide",,O=C(C=C1CCCCC1)N[C@H]1C[C@@H]2CN(C(=O)C3CCCC(F)(F)C3)C[C@@H]2C1,
6021,CN(C)c1ccc(CCC(=O)N[C@@H]2CCCC[C@H]2NC(=O)[C@H]2C[C@@H]3C[C@@H]3C2)cc1,"N-((1R,2R)-2-((1R,3s,5S)-bicyclo[3.1.0]hexane-3-carboxamido)cyclohexyl)-3-(4-(dimethylamino)phenyl)propanamide",,CN(C)c1ccc(CCC(=O)N[C@@H]2CCCC[C@H]2NC(=O)C2C[C@@H]3C[C@@H]3C2)cc1,
6099,C[C@@H]1C[C@H]2CN(C(=O)C3(C)CCCCCCC3)C[C@H]2N1C(=O)[C@@H]1[C@H]2COC[C@H]21,"1-((1S,3R,5S)-3-methyl-7-((1-methylcyclooctyl)carbonyl)-2,7-diazabicyclo[3.3.0]octan-2-yl)-1-((1R,5S,6r)-3-oxabicyclo[3.1.0]hexan-6-yl)methanone",,C[C@@H]1C[C@H]2CN(C(=O)C3(C)CCCCCCC3)C[C@H]2N1C(=O)C1[C@H]2COC[C@@H]12,
6170,CC1=N[C@](C)(CNC(=O)C[C@H]2C[C@@H](C)N(C(=O)[C@H]3C[C@@](C)(O)C3)C2)CS1,"N-(((4R)-2,4-dimethyl-4,5-dihydro-1,3-thiazol-4-yl)methyl)-2-((3R,5R)-1-(((1s,3S)-3-hydroxy-3-methylcyclobutyl)carbonyl)-5-methylpyrrolidin-3-yl)acetamide",,CC1=N[C@](C)(CNC(=O)C[C@H]2C[C@@H](C)N(C(=O)C3CC(C)(O)C3)C2)CS1,
6247,CC(=CC(=O)N[C@H]1C[C@@](NC(=O)Cc2nc(=N)[nH][nH]2)(c2ccccc2)C1)C(F)F,"4,4-difluoro-N-((1r,3r)-3-(2-(5-imino-1H,2H-1,2,4-triazol-3-yl)acetamido)-3-phenylcyclobutyl)-3-methylbut-2-enamide",,CC(=CC(=O)N[C@H]1C[C@@](NC(=O)Cc2n[nH]c(N)n2)(c2ccccc2)C1)C(F)F,
6256,C=CC(F)(F)C(=O)N1[C@H]2CC[C@@H]1C[C@@H](NC(=O)[C@@H]1CC1(F)F)C2,"(1S)-N-((1R,3s,5S)-8-(2,2-difluoro-1-oxobut-3-en-1-yl)-8-azabicyclo[3.2.1]octan-3-yl)-2,2-difluorocyclopropanecarboxamide",,C=CC(F)(F)C(=O)N1[C@@H]2CC[C@H]1C[C@H](NC(=O)C1CC1(F)F)C2,
6278,COC(=O)c1nc(=NC[C@H]2C[C@@H]3CC[C@H](C2)N3C(=O)[C@@H]2CC23CC3)c(C)c(C)[nH]1,"methyl 5,6-dimethyl-4-((((1R,3S,5S)-8-((oxo)-(1R)-spiro[2.2]pentan-1-ylmethyl)-8-azabicyclo[3.2.1]octan-3-yl)methyl)imino)-1H-pyrimidine-2-carboxylate",,COC(=O)c1nc(C)c(C)c(NC[C@@H]2C[C@H]3CC[C@@H](C2)N3C(=O)C2CC23CC3)n1,
6285,CC1(C)C[C@@H]1C(=O)N[C@H]1[C@@H]2CN(C(=O)C3CC(C)(C)C(C)(C)C3)C[C@@H]21,"(1S)-2,2-dimethyl-N-((1R,5S,6s)-3-((3,3,4,4-tetramethylcyclopentyl)carbonyl)-3-azabicyclo[3.1.0]hexan-6-yl)cyclopropanecarboxamide",,CC1(C)CC1C(=O)N[C@H]1[C@@H]2CN(C(=O)C3CC(C)(C)C(C)(C)C3)C[C@@H]21,
6344,N#C[C@@]1(C(=O)N[C@H]2C[C@@](F)(CNC(=O)c3ccccc3)C2)C[C@H]2C=C[C@H]1C2,"(1R,2R,4S)-N-((1r,3R)-3-(benzamidomethyl)-3-fluorocyclobutyl)-2-cyanobicyclo[2.2.1]hept-5-ene-2-carboxamide",,N#C[C@@]1(C(=O)N[C@H]2C[C@@](F)(CNC(=O)c3ccccc3)C2)C[C@H]2C=C[C@H]1C2,
6356,N#Cc1ccc(C(=O)NCCn2cc(C(=O)NC[C@H]3[C@@H]4COC[C@H]34)nn2)s1,"1-(2-(5-cyanothiophene-2-carboxamido)ethyl)-N-(((1R,5S,6s)-3-oxabicyclo[3.1.0]hexan-6-yl)methyl)-1H-1,2,3-triazole-4-carboxamide",,N#Cc1ccc(C(=O)NCCn2cc(C(=O)NC[C@@H]3[C@H]4COC[C@@H]34)nn2)s1,
6420,O=C(NCC1CCN(C(=O)[C@@H](CC(F)F)C2CCC2)CC1)[C@@H]1C[C@@H]2C[C@@H]2C1,"(1R,3r,5S)-N-((1-((2S)-2-cyclobutyl-4,4-difluoro-butyryl)piperidin-4-yl)methyl)bicyclo[3.1.0]hexane-3-carboxamide",,O=C(NCC1CCN(C(=O)C(CC(F)F)C2CCC2)CC1)C1C[C@@H]2C[C@@H]2C1,
6456,CCn1ncc(Cl)c1C(=O)NC[C@H]1[C@@H]2CN(C(=O)[C@H]3COC4(CO)CC3C4)C[C@H]12,"4-chloro-1-ethyl-N-(((1R,5S,6R)-3-(((4R)-1-(hydroxymethyl)-2-oxabicyclo[3.1.1]heptan-4-yl)carbonyl)-3-azabicyclo[3.1.0]hexan-6-yl)methyl)-1H-pyrazole-5-carboxamide",,CCn1ncc(Cl)c1C(=O)NC[C@@H]1[C@H]2CN(C(=O)C3COC4(CO)CC3C4)C[C@@H]12,
6505,CC=CC(=O)N(C)C[C@H]1[C@@H]2CN(C(=O)C(F)(F)c3cscn3)C[C@H]12,"N-(((1R,5S,6r)-3-(2,2-difluoro-1-oxo-2-(1,3-thiazol-4-yl)ethyl)-3-azabicyclo[3.1.0]hexan-6-yl)methyl)-N-methylbut-2-enamide",,CC=CC(=O)N(C)C[C@@H]1[C@H]2CN(C(=O)C(F)(F)c3cscn3)C[C@@H]12,
6518,CN(C[C@@H]1CCCCN1C(=O)[C@H]1CC[C@@](C)(F)CC1)C(=O)OC(C)(C)C,"tert-butyl ((((2S)-1-(((1s,4R)-4-fluoro-4-methylcyclohexyl)carbonyl)piperidin-2-yl)methyl)(methyl)amino)formate",,CN(C[C@@H]1CCCCN1C(=O)C1CCC(C)(F)CC1)C(=O)OC(C)(C)C,
6530,COc1ccc(C(=O)N[C@H]2C[C@@H]3C[C@@H](NC(=O)C4=C(C)OCC4)C[C@@H]3C2)nn1,"6-methoxy-N-((2s,3aR,5r,6aS)-5-(2-methyl-4,5-dihydrofuran-3-carboxamido)octahydropentalen-2-yl)pyridazine-3-carboxamide",,COc1ccc(C(=O)N[C@@H]2C[C@H]3C[C@H](NC(=O)C4=C(C)OCC4)C[C@H]3C2)nn1,
6579,COCC(C)(C)CC(=O)N1C[C@H]2[C@@H](C1)[C@@H]2C(=O)NC[C@H]1C=CCC1,"(1R,5S,6r)-N-(((1R)-cyclopent-2-en-1-yl)methyl)-3-(4-methoxy-3,3-dimethyl-butyryl)-3-azabicyclo[3.1.0]hexane-6-carboxamide",,COCC(C)(C)CC(=O)N1C[C@@H]2C(C(=O)NC[C@H]3C=CCC3)[C@@H]2C1,
6644,CCCNC(=O)CNC(=O)[C@]1(CNC(=O)[C@H]2C[C@@H]3C[C@@H]3C2)CCCO1,"2-((2R)-2-(((1R,3s,5S)-bicyclo[3.1.0]hexane-3-carboxamido)methyl)oxolane-2-carboxamido)-N-propylacetamide",,CCCNC(=O)CNC(=O)[C@]1(CNC(=O)C2C[C@@H]3C[C@@H]3C2)CCCO1,
6665,O=C(N[C@H]1[C@@H]2CN(C(=O)c3cc(Cl)c(Cl)s3)C[C@@H]21)c1ccnn1CC1CCC1,"1-(cyclobutylmethyl)-N-((1R,5S,6s)-3-((4,5-dichlorothiophen-2-yl)carbonyl)-3-azabicyclo[3.1.0]hexan-6-yl)-1H-pyrazole-5-carboxamide",,O=C(N[C@H]1[C@@H]2CN(C(=O)c3cc(Cl)c(Cl)s3)C[C@@H]21)c1ccnn1CC1CCC1,
6697,Cc1ccc(SCc2nc(-c3ccc(C)o3)nn2[C@H]2C[C@H](C)O[C@H](C)C2)c(C)c1,"1-((2R,4s,6S)-2,6-dimethyloxan-4-yl)-5-(((2,4-dimethylphenyl)sulfanyl)methyl)-3-(5-methylfuran-2-yl)-1H-1,2,4-triazole",,Cc1ccc(SCc2nc(-c3ccc(C)o3)nn2[C@@H]2C[C@@H](C)O[C@@H](C)C2)c(C)c1,
6807,C[C@H](CCC(=O)N(C)[C@H]1[C@@H]2CN(C(=O)c3ccc(CC(N)=O)cc3)C[C@@H]21)N(C)C,"(4R)-N-((1R,5S,6s)-3-((4-(2-amino-2-oxoethyl)phenyl)carbonyl)-3-azabicyclo[3.1.0]hexan-6-yl)-4-(dimethylamino)-N-methylpentanamide",,C[C@H](CCC(=O)N(C)[C@H]1[C@@H]2CN(C(=O)c3ccc(CC(N)=O)cc3)C[C@@H]21)N(C)C,
6851,O=C(COc1ccsn1)NC[C@H]1[C@@H]2CN(C(=O)[C@H]3C[C@@H](N4CCOCC4)C3)C[C@H]12,"N-(((1R,5S,6r)-3-((cis-3-(morpholin-4-yl)cyclobutyl)carbonyl)-3-azabicyclo[3.1.0]hexan-6-yl)methyl)-2-((1,2-thiazol-3-yl)oxy)acetamide",,O=C(COc1ccsn1)NC[C@@H]1[C@H]2CN(C(=O)C3CC(N4CCOCC4)C3)C[C@@H]12,
6881,C[C@@H](N=[N+]=[N-])C(=O)N1C[C@@]2(C(=O)N3C[C@H]4[C@@H](C3)[C@@H]4C(N)=O)C[C@H]1CCO2,"(1R,5S,6R)-3-(((1R,5R)-6-((2R)-2-azido-propionyl)-2-oxa-6-azabicyclo[3.2.1]octan-1-yl)carbonyl)-3-azabicyclo[3.1.0]hexane-6-carboxamide",,CC(N=[N+]=[N-])C(=O)N1C[C@@]2(C(=O)N3C[C@@H]4C(C(N)=O)[C@@H]4C3)C[C@H]1CCO2,
6920,CC(=O)NC(C)(C)C(=O)N1C[C@H]2[C@@H](C1)[C@@H]2C(=O)Nc1nnc(-c2ccncc2)s1,"N-(2-(((1R,5S,6r)-6-((5-(pyridin-4-yl)-1,3,4-thiadiazol-2-yl)carbamoyl)-3-azabicyclo[3.1.0]hexan-3-yl)carbonyl)propan-2-yl)acetamide",,CC(=O)NC(C)(C)C(=O)N1CC2C(C1)C2C(=O)Nc1nnc(-c2ccncc2)s1,
6924,CC(C)N(C[C@H](C)O)C(=O)[C@@H]1[C@H]2CN(C(=O)[C@H](F)n3ccnc3)C[C@H]21,"(1R,5S,6S)-3-((2S)-2-fluoro-2-(1H-imidazol-1-yl)-acetyl)-N-((2S)-2-hydroxypropyl)-N-(propan-2-yl)-3-azabicyclo[3.1.0]hexane-6-carboxamide",,CC(C)N(C[C@H](C)O)C(=O)C1[C@H]2CN(C(=O)C(F)n3ccnc3)C[C@@H]12,
6964,C[C@@H]1[C@H](C(=O)NCc2ncoc2CCNC(=O)C2(C3(O)CCOCC3)CC2)[C@@H]1C,"(1s,2R,3S)-N-((5-(2-(1-(4-hydroxyoxan-4-yl)cyclopropanecarboxamido)ethyl)-1,3-oxazol-4-yl)methyl)-2,3-dimethylcyclopropanecarboxamide",,C[C@@H]1C(C(=O)NCc2ncoc2CCNC(=O)C2(C3(O)CCOCC3)CC2)[C@@H]1C,
6995,CCSCC(=O)N[C@H]1C[C@@](C)(NC(=O)Cc2nc(-c3ccc(F)cc3)oc2C)C1,"N-((1s,3s)-3-(2-(ethylsulfanyl)acetamido)-1-methylcyclobutyl)-2-(2-(4-fluorophenyl)-5-methyl-1,3-oxazol-4-yl)acetamide",,CCSCC(=O)N[C@H]1C[C@@](C)(NC(=O)Cc2nc(-c3ccc(F)cc3)oc2C)C1,
7152,CC1(C)OCCO[C@@H]1CC(=O)NC[C@H]1[C@@H]2CN(C(=O)c3conc3C3CC3)C[C@H]12,"N-(((1R,5S,6r)-3-((3-cyclopropyl-1,2-oxazol-4-yl)carbonyl)-3-azabicyclo[3.1.0]hexan-6-yl)methyl)-2-((2R)-3,3-dimethyl-1,4-dioxan-2-yl)acetamide",,CC1(C)OCCO[C@@H]1CC(=O)NC[C@@H]1[C@H]2CN(C(=O)c3conc3C3CC3)C[C@@H]12,
7176,C=CC[C@@H](NC(C)=O)C(=O)N[C@]1(C)C[C@H](NC(=O)c2cnc([C@H]3CCCO3)s2)C1,"(2R)-2-acetamido-N-((1S,3S)-1-methyl-3-(2-((2R)-oxolan-2-yl)-1,3-thiazole-5-carboxamido)cyclobutyl)pent-4-enamide",,C=CCC(NC(C)=O)C(=O)N[C@]1(C)C[C@H](NC(=O)c2cnc([C@H]3CCCO3)s2)C1,
7194,C#C[C@]1(O)C[C@@H](C(=O)N2CCN(C(=O)CCCCC[C@@H](C)O)[C@@H]3COC[C@@H]32)C1,"(7R)-1-((1S,6R)-5-(((1s,3S)-3-(ethynyl)-3-hydroxycyclobutyl)carbonyl)-8-oxa-2,5-diazabicyclo[4.3.0]nonan-2-yl)-7-hydroxyoctan-1-one",,C#CC1(O)CC(C(=O)N2CCN(C(=O)CCCCC[C@@H](C)O)[C@@H]3COC[C@@H]32)C1,
7268,Cc1cccc(O)c1C(=O)N[C@H]1[C@@H]2CN(C(=O)Cc3ccn(C)n3)C[C@@H]21,"2-hydroxy-6-methyl-N-((1R,5S,6s)-3-(2-(1-methyl-1H-pyrazol-3-yl)-acetyl)-3-azabicyclo[3.1.0]hexan-6-yl)benzamide",,Cc1cccc(O)c1C(=O)N[C@H]1[C@@H]2CN(C(=O)Cc3ccn(C)n3)C[C@@H]21,
7323,CC1(C)CN(C(=O)[C@H]2C[C@@](F)(CO)C2)C[C@H]1CNC(=O)C1(CCF)CCC1,"N-(((3R)-1-(((1r,3R)-3-fluoro-3-(hydroxymethyl)cyclobutyl)carbonyl)-4,4-dimethylpyrrolidin-3-yl)methyl)-1-(2-fluoroethyl)cyclobutanecarboxamide",,CC1(C)CN(C(=O)C2CC(F)(CO)C2)C[C@H]1CNC(=O)C1(CCF)CCC1,
7326,CCS(=O)(=O)NCC(=O)N[C@]1(C)C[C@@H](NC(=O)[C@@H]2C[C@@H]3CC[C@H]2C3)C1,"N-((1R,3r)-3-((1S,2R,4R)-bicyclo[2.2.1]heptane-2-carboxamido)-1-methylcyclobutyl)-2-ethylsulfonylaminoacetamide",,CCS(=O)(=O)NCC(=O)N[C@]1(C)C[C@@H](NC(=O)C2C[C@@H]3CC[C@H]2C3)C1,
7337,O=C(N[C@@H](CNC(=O)[C@]12CCC[C@H]1CCC2)CC(F)(F)F)[C@H](O)CN1CCCC1,"(2R)-2-hydroxy-3-(pyrrolidin-1-yl)-N-((2R)-4,4,4-trifluoro-1-(octahydropentalene-3a-carboxamido)butan-2-yl)propanamide",O[C@@H](C(=O)N[C@@H](CNC(=O)C12CCCC2CCC1)CC(F)(F)F)CN1CCCC1,O=C(N[C@@H](CNC(=O)[C@]12CCC[C@H]1CCC2)CC(F)(F)F)C(O)CN1CCCC1,O=C(N[C@@H](CNC(=O)C12CCCC1CCC2)CC(F)(F)F)C(O)CN1CCCC1
7368,Cc1ccc(Br)c(C(=O)N2C[C@H](O)[C@H](NC(=O)[C@H]3C[C@@](F)(CO)C3)C2)c1N,"(1r,3R)-N-((3R,4S)-1-((2-amino-6-bromo-3-methylphenyl)carbonyl)-4-hydroxypyrrolidin-3-yl)-3-fluoro-3-(hydroxymethyl)cyclobutanecarboxamide",,Cc1ccc(Br)c(C(=O)N2C[C@H](O)[C@H](NC(=O)C3CC(F)(CO)C3)C2)c1N,
7406,CCc1nc(C(=O)NC[C@H]2C[C@](F)(CNC(=O)c3nnn4c3CCC4)C2)cs1,"2-ethyl-N-(((1s,3s)-3-fluoro-3-((1,2,3-triazabicyclo[3.3.0]octa-2,4-diene-4-carboxamido)methyl)cyclobutyl)methyl)-1,3-thiazole-4-carboxamide",,CCc1nc(C(=O)NC[C@H]2C[C@](F)(CNC(=O)c3nnn4c3CCC4)C2)cs1,
7408,CC(C)(C(=O)N[C@H]1[C@@H]2CN(C(=O)c3cnc4ncnn4c3O)C[C@@H]21)C(F)F,"3,3-difluoro-N-((1R,5S,6s)-3-((7-hydroxy[1,2,4]triazolo[1,5-a]pyrimidin-6-yl)carbonyl)-3-azabicyclo[3.1.0]hexan-6-yl)-2,2-dimethylpropanamide",,CC(C)(C(=O)N[C@H]1[C@@H]2CN(C(=O)c3c[nH]c4ncnn4c3=O)C[C@@H]21)C(F)F,
7447,CC1(C)C(NC(=O)Cn2nnc(C3CC3)n2)C(C)(C)C1NC(=O)[C@@H]1[C@H]2CCC[C@H]21,"N-(3-((1R,5S,6r)-bicyclo[3.1.0]hexane-6-carboxamido)-2,2,4,4-tetramethylcyclobutyl)-2-(5-cyclopropyl-2H-tetrazol-2-yl)acetamide",,CC1(C)C(NC(=O)Cn2nnc(C3CC3)n2)C(C)(C)C1NC(=O)C1[C@H]2CCC[C@@H]12,
7478,Cc1ccnn1CC(=O)N1CCN(C(=O)[C@H]2CC[C@@](C)(F)CC2)C[C@H]1C1CCC1,"1-((2R)-2-cyclobutyl-4-(((1s,4S)-4-fluoro-4-methylcyclohexyl)carbonyl)piperazin-1-yl)-2-(5-methyl-1H-pyrazol-1-yl)ethan-1-one",,Cc1ccnn1CC(=O)N1CCN(C(=O)C2CCC(C)(F)CC2)C[C@H]1C1CCC1,
7520,CCC[C@@H](NC(=O)[C@H]1C[C@@H]2CC[C@@H]2C1)C(=O)Nc1cncc(CO)c1,"(1R,3s,5S)-N-((2R)-1-((5-(hydroxymethyl)pyridin-3-yl)amino)-1-oxopentan-2-yl)bicyclo[3.2.0]heptane-3-carboxamide",,CCCC(NC(=O)C1C[C@H]2CC[C@H]2C1)C(=O)Nc1cncc(CO)c1,
7533,C[C@H](CC1=CCCCC1)NC(=O)[C@@H](NC(=O)[C@@H]1[C@H]2CN(C)C[C@H]21)C1CCCCC1,"(2S)-N-((2R)-1-(cyclohex-1-en-1-yl)propan-2-yl)-2-cyclohexyl-2-((1R,5S,6r)-3-methyl-3-azabicyclo[3.1.0]hexane-6-carboxamido)acetamide",,C[C@H](CC1=CCCCC1)NC(=O)C(NC(=O)C1[C@H]2CN(C)C[C@@H]12)C1CCCCC1,
7540,C=C[C@@H]1CC[C@H]1C(=O)NC[C@@H]1C[C@@H]2CC[C@H](C1)N2C(=O)CN1CSCCSC1,"(1R,2S)-N-(((1R,3r,5S)-8-(2-(1,5,3-dithiazepan-3-yl)-acetyl)-8-azabicyclo[3.2.1]octan-3-yl)methyl)-2-ethenylcyclobutanecarboxamide",,C=C[C@@H]1CCC1C(=O)NC[C@H]1C[C@H]2CC[C@@H](C1)N2C(=O)CN1CSCCSC1,
7567,CC1(C)OC[C@@H]([C@@H](O)C(=O)N2[C@H]3CC[C@@H]2C[C@H](CNC(=O)C2CCC2)C3)O1,"N-(((1R,3R,5S)-8-((2R)-2-((4S)-2,2-dimethyl-1,3-dioxolan-4-yl)-2-hydroxy-acetyl)-8-azabicyclo[3.2.1]octan-3-yl)methyl)cyclobutanecarboxamide",,CC1(C)OCC(C(O)C(=O)N2[C@@H]3CC[C@H]2C[C@@H](CNC(=O)C2CCC2)C3)O1,
7568,CC(F)(F)C(=O)N1CC[C@](O)(CCNC(=O)[C@]2(C)C[C@@H]3C[C@@H]3C2)C1,"(1R,3r,5S)-N-(2-((3R)-1-(2,2-difluoro-propionyl)-3-hydroxypyrrolidin-3-yl)ethyl)-3-methylbicyclo[3.1.0]hexane-3-carboxamide",,CC(F)(F)C(=O)N1CC[C@](O)(CCNC(=O)[C@@]2(C)C[C@H]3C[C@H]3C2)C1,
7569,Cc1ncn(C)c1NC(=O)c1c2c(nn1C)CCN(Cc1cc[nH]c1)C2,"N-(1,4-dimethyl-1H-imidazol-5-yl)-2-methyl-5-((1H-pyrrol-3-yl)methyl)-4,5,6,7-tetrahydro-1H-pyrazolo[4,3-c]pyridine-3-carboxamide",CN1C=NC(=C1NC(=O)C1N(NC2=C1CN(CC2)CC2=CNC=C2)C)C,Cc1ncn(C)c1NC(=O)c1c2c(nn1C)CCN(Cc1cc[nH]c1)C2,Cc1ncn(C)c1NC(=O)C1C2=C(CCN(Cc3cc[nH]c3)C2)NN1C
7607,CCCC1=CC=CC(C(=O)N[C@@H]2C[C@H]3CC[C@@H](C2)N3C(=O)CC(C)CN(C)C)=C1,"N-((1R,3s,5S)-8-(4-(dimethylamino)-3-methyl-butyryl)-8-azabicyclo[3.2.1]octan-3-yl)-3-propylbenzamide",,CCCc1cccc(C(=O)N[C@@H]2C[C@H]3CC[C@@H](C2)N3C(=O)CC(C)CN(C)C)c1,
7618,O=C(N[C@H]1C[C@@H]2CC[C@H](C1)N2C(=O)[C@@]12CC[C@@H](CO1)C2)c1cocc1Br,"4-bromo-N-((1R,3R,5S)-8-((1S,4R)-2-oxabicyclo[2.2.1]heptan-1-ylformyl)-8-azabicyclo[3.2.1]octan-3-yl)furan-3-carboxamide",,O=C(N[C@@H]1C[C@H]2CC[C@@H](C1)N2C(=O)[C@@]12CC[C@@H](CO1)C2)c1cocc1Br,
7682,C#CC[C@@H](C)C(=O)N1[C@H]2CC[C@@H]1C[C@@H](NC(=O)CCCCCNC(C)=O)C2,"6-acetamido-N-((1R,3S,5S)-8-((2R)-2-methyl-1-oxopent-4-yn-1-yl)-8-azabicyclo[3.2.1]octan-3-yl)hexanamide",,C#CCC(C)C(=O)N1[C@@H]2CC[C@H]1C[C@H](NC(=O)CCCCCNC(C)=O)C2,
7705,C[C@H]1CC[C@@H](C)[C@@H]1NC(=O)/C=C/C1CCN(C(=O)[C@@H](CO)C(C)(C)C)CC1,"(2E)-N-((1r,2R,5S)-2,5-dimethylcyclopentyl)-3-(1-((2R)-2-(hydroxymethyl)-3,3-dimethyl-butyryl)piperidin-4-yl)prop-2-enamide",,C[C@@H]1CC[C@H](C)[C@H]1NC(=O)/C=C/C1CCN(C(=O)C(CO)C(C)(C)C)CC1,
7767,CCCCCC[C@H](CC)C(=O)N[C@H]1C[C@](C)(NC(=O)[C@@H]2CCC[C@H]2P(C)(C)=O)C1,"(2S)-N-((1S,3S)-3-((1S,2R)-2-(dimethyloxophosphanyl)cyclopentanecarboxamido)-3-methylcyclobutyl)-2-ethyloctanamide",,CCCCCCC(CC)C(=O)N[C@H]1C[C@](C)(NC(=O)C2CCC[C@H]2P(C)(C)=O)C1,
7803,C[C@]1(C(=O)N[C@H]2C[C@](F)(CNC(=O)CCc3ccncc3)C2)C[C@]1(F)Cl,"(1R,2S)-2-chloro-2-fluoro-N-((1s,3S)-3-fluoro-3-((3-(pyridin-4-yl)propanamido)methyl)cyclobutyl)-1-methylcyclopropanecarboxamide",,C[C@]1(C(=O)N[C@H]2C[C@](F)(CNC(=O)CCc3ccncc3)C2)C[C@]1(F)Cl,
7823,CCO[C@]1(C(=O)N[C@@H](CC)CCCC(=O)N2C[C@H]3C[C@@H](O)C[C@H]3C2)CCOC1,"(3R)-3-ethoxy-N-((3S)-7-((1R,5S,7S)-7-hydroxy-3-azabicyclo[3.3.0]octan-3-yl)-7-oxoheptan-3-yl)oxolane-3-carboxamide",,CCO[C@]1(C(=O)N[C@@H](CC)CCCC(=O)N2C[C@H]3C[C@@H](O)C[C@H]3C2)CCOC1,
7869,N#C[C@@]1(C(=O)NCC2(NC(=O)[C@@H]3CCc4[nH]nc(O)c4C3)CC2)C[C@@H]2C[C@@H]2C1,"(5R)-N-(1-(((1R,3r,5S)-3-cyanobicyclo[3.1.0]hexane-3-carboxamido)methyl)cyclopropyl)-3-hydroxy-4,5,6,7-tetrahydro-1H-indazole-5-carboxamide",,N#C[C@]1(C(=O)NCC2(NC(=O)C3CCc4[nH][nH]c(=O)c4C3)CC2)C[C@H]2C[C@H]2C1,
8028,Cc1ncc(CC(=O)N2C[C@H]3[C@H](NC(=O)CCc4cncn4C)[C@H]3C2)s1,"N-((1R,5S,6s)-3-(2-(2-methyl-1,3-thiazol-5-yl)-acetyl)-3-azabicyclo[3.1.0]hexan-6-yl)-3-(1-methyl-1H-imidazol-5-yl)propanamide",,Cc1ncc(CC(=O)N2C[C@@H]3[C@H](C2)[C@H]3NC(=O)CCc2cncn2C)s1,
8049,C[C@]1(O)C[C@@H](C(=O)NC[C@H]2CCN2C(=O)c2cc(O)nc(-c3ccccc3)c2)C1,"(1s,3S)-3-hydroxy-N-(((2R)-1-((2-hydroxy-6-phenylpyridin-4-yl)carbonyl)azetidin-2-yl)methyl)-3-methylcyclobutanecarboxamide",,CC1(O)CC(C(=O)NC[C@H]2CCN2C(=O)c2cc(-c3ccccc3)[nH]c(=O)c2)C1,
8066,Cc1ccn([C@H](C)CC(=O)N2CCCC(NC(=O)[C@@H]3[C@H]4CCCC[C@H]43)CCC2)n1,"(1R,6S,7r)-N-(1-((3R)-3-(3-methyl-1H-pyrazol-1-yl)-butyryl)azocan-5-yl)bicyclo[4.1.0]heptane-7-carboxamide",,Cc1ccn([C@H](C)CC(=O)N2CCCC(NC(=O)C3[C@H]4CCCC[C@@H]34)CCC2)n1,
8069,CC(C)COCC(=O)N[C@H]1CC2(CN(C(=O)CC3=CCCC3)C2)n2ccnc21,"2-isobutoxy-N-((6S)-spiro[1,4-diazabicyclo[3.3.0]octa-2,4-diene-8,3'-(1-(1-azacyclobutan-1-yl)-2-(cyclopent-1-en-1-yl)ethane)]-6-yl-1'-one)acetamide",,CC(C)COCC(=O)N[C@H]1CC2(CN(C(=O)CC3=CCCC3)C2)n2ccnc21,
8115,C[C@@H]1CCCC[C@@H]1C(=O)NC[C@@H]1CCCC[C@@H]1NC(=O)[C@]12CC[C@H](CC1)C2(C)C,"7,7-dimethyl-N-((1S,2S)-2-(((1S,2R)-2-methylcyclohexanecarboxamido)methyl)cyclohexyl)bicyclo[2.2.1]heptane-1-carboxamide",CC1(C2(CCC1CC2)C(=O)N[C@@H]2[C@@H](CCCC2)CNC(=O)[C@@H]2[C@@H](CCCC2)C)C,C[C@@H]1CCCCC1C(=O)NC[C@@H]1CCCC[C@@H]1NC(=O)[C@]12CC[C@H](CC1)C2(C)C,C[C@@H]1CCCCC1C(=O)NC[C@@H]1CCCC[C@@H]1NC(=O)C12CCC(CC1)C2(C)C
8194,CC(C)(C)OC(=O)N[C@H]1C[C@]2(CCCCN2CC(=O)NC2=CC=CC=C2C#N)C1,tert-butyl ((5-(2-((2-(nitrilomethyl)phenyl)amino)-2-oxoethyl)-5-azaspiro[3.5]nonan-2-yl)amino)formate,N#CC1=C(C=CC=C1)NC(CN1C2(CC(C2)NC(=O)OC(C)(C)C)CCCC1)=O,CC(C)(C)OC(=O)N[C@H]1C[C@]2(CCCCN2CC(=O)Nc2ccccc2C#N)C1,CC(C)(C)OC(=O)NC1CC2(CCCCN2CC(=O)Nc2ccccc2C#N)C1
8221,Cn1nc2c(c1C(=O)NC1CCCC1)CN(C(=O)c1c(F)ccc(O)c1F)CC2,"N-cyclopentyl-5-((2,6-difluoro-3-hydroxyphenyl)carbonyl)-2-methyl-4,5,6,7-tetrahydro-1H-pyrazolo[4,3-c]pyridine-3-carboxamide",C1(CCCC1)NC(=O)C1N(NC2=C1CN(CC2)C(=O)C2=C(C(=CC=C2F)O)F)C,Cn1nc2c(c1C(=O)NC1CCCC1)CN(C(=O)c1c(F)ccc(O)c1F)CC2,CN1NC2=C(CN(C(=O)c3c(F)ccc(O)c3F)CC2)C1C(=O)NC1CCCC1
8272,Cc1cc(O)cc(C(=O)N[C@H]2C[C@@](F)(CNC(=O)CCCc3sccc3C)C2)c1,"N-((1r,3r)-3-fluoro-3-((4-(3-methylthiophen-2-yl)butanamido)methyl)cyclobutyl)-3-hydroxy-5-methylbenzamide",,Cc1cc(O)cc(C(=O)N[C@H]2C[C@@](F)(CNC(=O)CCCc3sccc3C)C2)c1,
8289,CNC(=O)c1cccc(CCC(=O)N[C@@H](C)CCNC(=O)C[C@@H]2C[C@H]3C[C@H]3C2)c1,"3-(3-(((2S)-4-(2-((1R,3s,5S)-bicyclo[3.1.0]hexan-3-yl)acetamido)butan-2-yl)amino)-3-oxopropyl)-N-methylbenzamide",,CNC(=O)c1cccc(CCC(=O)N[C@@H](C)CCNC(=O)C[C@H]2C[C@@H]3C[C@@H]3C2)c1,
8294,CC=C(F)C(=O)N[C@@H]1[C@@H](C)CN(C(=O)c2ncn(C(C)C)n2)C[C@H]1C,"N-((3R,4r,5S)-3,5-dimethyl-1-((1-(propan-2-yl)-1H-1,2,4-triazol-3-yl)carbonyl)piperidin-4-yl)-2-fluorobut-2-enamide",,CC=C(F)C(=O)N[C@H]1[C@H](C)CN(C(=O)c2ncn(C(C)C)n2)C[C@@H]1C,
8313,CSCC(=O)N[C@H]1C[C@](C)(NC(=O)c2ccc3[nH]c(=N)[nH]c3c2)C1,"N-((1r,3r)-3-(2-imino-1H,3H-benzimidazole-5-carboxamido)-3-methylcyclobutyl)-2-(methylsulfanyl)acetamide",,CSCC(=O)N[C@H]1C[C@](C)(NC(=O)c2ccc3[nH]c(N)nc3c2)C1,
8314,C[C@H]1C[C@H](n2nc(-c3cncnc3)nc2C(C2CC2)C2CC2)C[C@@H](C)O1,"5-(5-(dicyclopropylmethyl)-1-((2R,4s,6S)-2,6-dimethyloxan-4-yl)-1H-1,2,4-triazol-3-yl)pyrimidine",,C[C@@H]1C[C@@H](n2nc(-c3cncnc3)nc2C(C2CC2)C2CC2)C[C@H](C)O1,
8435,C#CC[C@]1(O)C[C@@H](C(=O)N2C[C@H](NC(=O)CCc3nc(C)no3)[C@@H]3C[C@@H]32)C1,"N-((1S,4R,5S)-2-(((1s,3R)-3-hydroxy-3-(prop-2-yn-1-yl)cyclobutyl)carbonyl)-2-azabicyclo[3.1.0]hexan-4-yl)-3-(3-methyl-1,2,4-oxadiazol-5-yl)propanamide",,C#CCC1(O)CC(C(=O)N2C[C@H](NC(=O)CCc3nc(C)no3)[C@@H]3C[C@@H]32)C1,
8458,O=C(/C=C/c1cncc(O)c1)N1C[C@@H]2CC[C@H](C1)N2C(=O)[C@H]1[C@@H]2CS(=O)(=O)C[C@@H]21,"(2E)-1-((1R,5S)-8-(((1R,5S,6s)-3,3-dioxo-3lambda^6-thiabicyclo[3.1.0]hexan-6-yl)carbonyl)-3,8-diazabicyclo[3.2.1]octan-3-yl)-3-(5-hydroxypyridin-3-yl)prop-2-en-1-one",,O=C(/C=C/c1cncc(O)c1)N1C[C@H]2CC[C@@H](C1)N2C(=O)C1[C@H]2CS(=O)(=O)C[C@@H]12,
8555,C[C@H]1C[C@H](NC(=O)Cc2ccc(Cl)s2)CN1C(=O)[C@H]1C[C@](O)(c2cccnc2)C1,"2-(5-chlorothiophen-2-yl)-N-((3S,5S)-1-(((1s,3R)-3-hydroxy-3-(pyridin-3-yl)cyclobutyl)carbonyl)-5-methylpyrrolidin-3-yl)acetamide",,C[C@H]1C[C@H](NC(=O)Cc2ccc(Cl)s2)CN1C(=O)C1CC(O)(c2cccnc2)C1,
8585,CCCC(CCC)C(=O)N[C@H]1C[C@@](C)(NC(=O)CCN(C)CCCCOC)C1,"N-((1s,3s)-3-(3-((4-methoxybutyl)(methyl)amino)propanamido)-3-methylcyclobutyl)-2-propylpentanamide",,CCCC(CCC)C(=O)N[C@H]1C[C@@](C)(NC(=O)CCN(C)CCCCOC)C1,
8598,CC(C)n1ccc(C(=O)NC[C@@H]2C[C@H]2NC(=O)[C@]2(C)C[C@@H](C#N)C2)n1,"N-(((1S,2R)-2-(3-cyano-1-methylcyclobutanecarboxamido)cyclopropyl)methyl)-1-(propan-2-yl)-1H-pyrazole-3-carboxamide",C(#N)C1CC(C1)(C(=O)N[C@H]1[C@@H](C1)CNC(=O)C1=NN(C=C1)C(C)C)C,CC(C)n1ccc(C(=O)NC[C@@H]2C[C@H]2NC(=O)[C@]2(C)C[C@@H](C#N)C2)n1,CC(C)n1ccc(C(=O)NC[C@@H]2C[C@H]2NC(=O)C2(C)CC(C#N)C2)n1
8642,CCO[C@@H](CC(=O)NC[C@]1(F)C[C@@H](NC(=O)C2=CCCOC2)C1)C(C)C,"(3S)-N-(((1s,3R)-3-(5,6-dihydro-2H-pyran-3-carboxamido)-1-fluorocyclobutyl)methyl)-3-ethoxy-4-methylpentanamide",,CCO[C@@H](CC(=O)NC[C@]1(F)C[C@@H](NC(=O)C2=CCCOC2)C1)C(C)C,
8822,O=C(NC[C@H]1[C@@H]2CN(C(=O)[C@]3(O)CCOC3)C[C@H]12)c1cn2c(Br)cccc2n1,"5-bromo-N-(((1R,5S,6S)-3-(((3S)-3-hydroxyoxolan-3-yl)carbonyl)-3-azabicyclo[3.1.0]hexan-6-yl)methyl)imidazo[1,2-a]pyridine-2-carboxamide",,O=C(NC[C@@H]1[C@H]2CN(C(=O)[C@]3(O)CCOC3)C[C@@H]12)c1cn2c(Br)cccc2n1,
8874,O=C1C[C@@H](C(=O)N2C[C@H](F)[C@H](NC(=O)[C@]3(C(F)(F)F)C[C@@H](O)C3)C2)NC(=O)N1,"(1s,3S)-N-((3R,4S)-1-(((4S)-2,6-dioxo-1,3-diazinan-4-yl)carbonyl)-4-fluoropyrrolidin-3-yl)-3-hydroxy-1-(trifluoromethyl)cyclobutanecarboxamide",,O=C1CC(C(=O)N2C[C@H](F)[C@H](NC(=O)[C@]3(C(F)(F)F)C[C@@H](O)C3)C2)NC(=O)N1,
8915,CC(C)/C=C/CCC(=O)N[C@H]1[C@@H]2CN(C(=O)[C@@H]3C[C@H]3c3cnc[nH]3)C[C@@H]21,"(4E)-N-((1R,5S,6S)-3-(((1R,2R)-2-(1H-imidazol-5-yl)cyclopropyl)carbonyl)-3-azabicyclo[3.1.0]hexan-6-yl)-6-methylhept-4-enamide",,CC(C)/C=C/CCC(=O)N[C@H]1[C@@H]2CN(C(=O)C3C[C@H]3c3c[nH]cn3)C[C@@H]21,
8919,C#CCC1(C(=O)N(C)C[C@H]2[C@@H]3CN(C(=O)c4cn(C)nc4Br)C[C@H]23)CC1,"N-(((1R,5S,6r)-3-((3-bromo-1-methyl-1H-pyrazol-4-yl)carbonyl)-3-azabicyclo[3.1.0]hexan-6-yl)methyl)-N-methyl-1-(prop-2-yn-1-yl)cyclopropanecarboxamide",,C#CCC1(C(=O)N(C)C[C@@H]2[C@H]3CN(C(=O)c4cn(C)nc4Br)C[C@@H]23)CC1,
9041,C[C@@H]1C[C@H]1c1cc(C(=O)N[C@H]2C[C@](C)(NC(=O)c3cn(C)cn3)C2)no1,"N-((1r,3R)-3-methyl-3-(1-methyl-1H-imidazole-4-carboxamido)cyclobutyl)-5-((1R,2R)-2-methylcyclopropyl)-1,2-oxazole-3-carboxamide",,C[C@@H]1C[C@H]1c1cc(C(=O)N[C@H]2C[C@](C)(NC(=O)c3cn(C)cn3)C2)no1,
9043,CCCC1(NC(=O)[C@@H]2[C@H]3CN(S(=O)(=O)c4ccc(Cl)s4)C[C@H]32)CC1,"(1R,5S,6r)-3-(5-chlorothiophen-2-ylsulfonyl)-N-(1-propylcyclopropyl)-3-azabicyclo[3.1.0]hexane-6-carboxamide",,CCCC1(NC(=O)C2[C@H]3CN(S(=O)(=O)c4ccc(Cl)s4)C[C@@H]23)CC1,
9121,C#CCCCOCCNC(=O)C[C@H]1[C@@H]2CN(C(=O)[C@@H](CO)C(F)(F)F)C[C@H]12,"N-(2-((pent-4-yn-1-yl)oxy)ethyl)-2-((1R,5S,6S)-3-((2R)-3,3,3-trifluoro-2-(hydroxymethyl)-propionyl)-3-azabicyclo[3.1.0]hexan-6-yl)acetamide",,C#CCCCOCCNC(=O)C[C@@H]1[C@H]2CN(C(=O)C(CO)C(F)(F)F)C[C@@H]12,
9151,C[C@@H](C(=O)N[C@]1(C(=O)NC[C@]2(C)CCOC2)C[C@H](O)C1)C(F)(F)F,"(2S)-3,3,3-trifluoro-N-((1s,3R)-3-hydroxy-1-((((3S)-3-methyloxolan-3-yl)methyl)carbamoyl)cyclobutyl)-2-methylpropanamide",,CC(C(=O)N[C@]1(C(=O)NC[C@]2(C)CCOC2)C[C@H](O)C1)C(F)(F)F,
9190,CC1(C)C[C@@H](NC(=O)[C@]2(C)C[C@@H]3C[C@@H]3C2)CCN(C(=O)CC[C@H]2CCC(=O)C2)C1,"(1R,3r,5S)-N-((4R)-6,6-dimethyl-1-(1-oxo-3-((1R)-3-oxocyclopentyl)propyl)azepan-4-yl)-3-methylbicyclo[3.1.0]hexane-3-carboxamide",,CC1(C)C[C@@H](NC(=O)[C@@]2(C)C[C@H]3C[C@H]3C2)CCN(C(=O)CC[C@H]2CCC(=O)C2)C1,
9217,O=C(COCC1CC1)N1CC[C@]2(C1)c1[nH]cnc1CCN2C(=O)C1=NOCC1,"1-((3S)-1'-(4,5-dihydro-1,2-oxazol-3-yl)-1'-(((2S)-3,7,9-triaza)spiro[pyrrolidine-3,2'-bicyclo[4.3.0]nona-1(6),7-dien-3-yl)methanone]-1-yl)-2-(cyclopropylmethoxy)ethan-1-one",,O=C(COCC1CC1)N1CC[C@]2(C1)c1[nH]cnc1CCN2C(=O)C1=NOCC1,
9219,COC(=O)[C@]1(NCC(=O)NCCCN(C)c2ccccc2)C[C@@H](O)C1,"methyl (1s,3s)-3-hydroxy-1-((2-((3-((methyl)(phenyl)amino)propyl)amino)-2-oxoethyl)amino)cyclobutanecarboxylate",,COC(=O)[C@]1(NCC(=O)NCCCN(C)c2ccccc2)C[C@@H](O)C1,
9249,CC[C@H](CN(C)C)C(=O)N[C@H]1CN(C(=O)[C@@H]2C[C@@H]3CC[C@@H]3C2)C[C@H]1N=[N+]=[N-],"(2R)-N-((3S,4R)-4-azido-1-(((1R,3r,5S)-bicyclo[3.2.0]heptan-3-yl)carbonyl)pyrrolidin-3-yl)-2-((dimethylamino)methyl)butanamide",,CCC(CN(C)C)C(=O)N[C@H]1CN(C(=O)C2C[C@H]3CC[C@H]3C2)C[C@H]1N=[N+]=[N-],
9264,CO[C@@H]1CC[C@]2(C(=O)N[C@H]3[C@@H]4CN(C(=O)c5c(C#N)cnn5C)C[C@@H]43)C[C@@H]12,"(1S,4R,5R)-4-methoxy-N-((1R,5S,6s)-3-((1-methyl-4-(nitrilomethyl)-1H-pyrazol-5-yl)carbonyl)-3-azabicyclo[3.1.0]hexan-6-yl)bicyclo[3.1.0]hexane-1-carboxamide",,CO[C@@H]1CC[C@]2(C(=O)N[C@H]3[C@@H]4CN(C(=O)c5c(C#N)cnn5C)C[C@@H]43)C[C@@H]12,
9281,Cc1noc(C)c1CC(=O)N(C)[C@H]1[C@@H]2CN(C(=O)C[C@@H](C)c3ccncc3)C[C@@H]21,"2-(3,5-dimethyl-1,2-oxazol-4-yl)-N-methyl-N-((1R,5S,6S)-3-((3R)-1-oxo-3-(pyridin-4-yl)butyl)-3-azabicyclo[3.1.0]hexan-6-yl)acetamide",,Cc1noc(C)c1CC(=O)N(C)[C@H]1[C@@H]2CN(C(=O)C[C@@H](C)c3ccncc3)C[C@@H]21,
9288,NC(=O)CSCCC(=O)N[C@H]1C[C@@H]2CC[C@H](C1)N2C(=O)c1c(N)ccc(F)c1F,"N-((1R,3s,5S)-8-((6-amino-2,3-difluorophenyl)carbonyl)-8-azabicyclo[3.2.1]octan-3-yl)-3-((2-amino-2-oxoethyl)sulfanyl)propanamide",,NC(=O)CSCCC(=O)N[C@@H]1C[C@H]2CC[C@@H](C1)N2C(=O)c1c(N)ccc(F)c1F,
9296,CCOC1(C(=O)NC[C@]2(F)C[C@@H](CNC(=O)[C@H](CC)[C@H](C)O)C2)CCCC1,"1-ethoxy-N-(((1S,3s)-3-(((2R,3S)-2-ethyl-3-hydroxybutanamido)methyl)-1-fluorocyclobutyl)methyl)cyclopentanecarboxamide",,CCOC1(C(=O)NC[C@]2(F)C[C@@H](CNC(=O)C(CC)[C@H](C)O)C2)CCCC1,
9331,Cc1ccc(C(=O)N[C@H]2C[C@@H](CCNC(=O)[C@H]3C[C@H]4[C@@H](C3)C4(C)C)C2)n1C,"N-(cis-3-(2-((1R,3s,5S)-6,6-dimethylbicyclo[3.1.0]hexane-3-carboxamido)ethyl)cyclobutyl)-1,5-dimethyl-1H-pyrrole-2-carboxamide",,Cc1ccc(C(=O)N[C@H]2C[C@@H](CCNC(=O)C3C[C@@H]4[C@H](C3)C4(C)C)C2)n1C,
9384,CC(=Cn1ccnn1)C(=O)N[C@H]1C[C@](C)(NC(=O)Cc2ncn3c2COCC3)C1,"2-methyl-N-((1r,3r)-3-methyl-3-(2-(3-oxa-6,8-diazabicyclo[4.3.0]nona-1(9),7-dien-9-yl)acetamido)cyclobutyl)-3-(1H-1,2,3-triazol-1-yl)prop-2-enamide",,CC(=Cn1ccnn1)C(=O)N[C@H]1C[C@](C)(NC(=O)Cc2ncn3c2COCC3)C1,
9504,Cc1ccccc1CC(=O)N[C@H](C)CCCNC(=O)[C@@H]1C[C@@H](C)C[C@@H](C)C1,"N-((2R)-5-((1r,3R,5S)-3,5-dimethylcyclohexanecarboxamido)pentan-2-yl)-2-(2-methylphenyl)acetamide",,Cc1ccccc1CC(=O)N[C@H](C)CCCNC(=O)C1C[C@@H](C)C[C@@H](C)C1,
9506,C#CC[C@]1(O)C[C@@H](C(=O)N[C@@H]2CCN(C(=O)C3=CCC(F)(F)CC3)C[C@H]2CO)C1,"(1s,3S)-N-((3R,4R)-1-((4,4-difluorocyclohex-1-en-1-yl)carbonyl)-3-(hydroxymethyl)piperidin-4-yl)-3-hydroxy-3-(prop-2-yn-1-yl)cyclobutanecarboxamide",,C#CCC1(O)CC(C(=O)N[C@@H]2CCN(C(=O)C3=CCC(F)(F)CC3)C[C@H]2CO)C1,
9550,N#Cc1cc(C(=O)N2CCCC[C@@H](NC(=O)[C@H]3C[C@H]4[C@@H](C3)C4(F)F)C2)no1,"(1R,3s,5S)-6,6-difluoro-N-((3R)-1-((5-(nitrilomethyl)-1,2-oxazol-3-yl)carbonyl)azepan-3-yl)bicyclo[3.1.0]hexane-3-carboxamide",,N#Cc1cc(C(=O)N2CCCC[C@@H](NC(=O)C3C[C@@H]4[C@H](C3)C4(F)F)C2)no1,
9564,Cc1cc(C(=O)N[C@H]2C[C@@H]3CC[C@H](C2)N3C(=O)C=CC2(C)CCOCC2)cnn1,"6-methyl-N-((1R,3s,5S)-8-(3-(4-methyloxan-4-yl)-1-oxoprop-2-en-1-yl)-8-azabicyclo[3.2.1]octan-3-yl)pyridazine-4-carboxamide",,Cc1cc(C(=O)N[C@@H]2C[C@H]3CC[C@@H](C2)N3C(=O)C=CC2(C)CCOCC2)cnn1,
9658,CC(=O)c1ccc(C(=O)NC[C@]2(F)C[C@H](CNC(=O)c3c(Cl)sc(C)c3C)C2)o1,"5-(acetyl)-N-(((1r,3r)-3-((2-chloro-4,5-dimethylthiophene-3-carboxamido)methyl)-1-fluorocyclobutyl)methyl)furan-2-carboxamide",,CC(=O)c1ccc(C(=O)NC[C@]2(F)C[C@H](CNC(=O)c3c(Cl)sc(C)c3C)C2)o1,
9717,Cc1ccc(C)c(C(=O)N[C@H]2[C@@H]3CN(C(=O)COCC(F)(F)F)C[C@@H]32)c1C,"2,3,6-trimethyl-N-((1R,5S,6s)-3-(1-oxo-2-((2,2,2-trifluoroethyl)oxy)ethyl)-3-azabicyclo[3.1.0]hexan-6-yl)benzamide",,Cc1ccc(C)c(C(=O)N[C@H]2[C@@H]3CN(C(=O)COCC(F)(F)F)C[C@@H]32)c1C,
9737,O=C(C=Cc1ccc[nH]1)N1C[C@H]2[C@@H](C1)[C@@H]2c1cn(Cc2ncccn2)nn1,"1-((1R,5S,6r)-6-(1-((pyrimidin-2-yl)methyl)-1H-1,2,3-triazol-4-yl)-3-azabicyclo[3.1.0]hexan-3-yl)-3-(1H-pyrrol-2-yl)prop-2-en-1-one",,O=C(C=Cc1ccc[nH]1)N1C[C@@H]2[C@H](C1)[C@H]2c1cn(Cc2ncccn2)nn1,
9738,C[C@H](C1CC1)N(C)C(=O)[C@@H]1[C@H]2[C@H]3C[C@H]1[C@@H](NC(=O)[C@H]1C[C@@H]4C[C@@H]4C1)[C@@H]23,"(1R,2R,4R,5R,6S,7R)-7-((1R,3s,5S)-bicyclo[3.1.0]hexane-3-carboxamido)-N-((1R)-1-cyclopropylethyl)-N-methyltricyclo[2.2.1.0^{2,6}]heptane-5-carboxamide",,C[C@H](C1CC1)N(C)C(=O)C1[C@H]2[C@H]3C[C@H]1[C@@H](NC(=O)C1C[C@@H]4C[C@@H]4C1)[C@H]32,
9788,Cc1ccc2cc(C(=O)NC[C@]3(F)C[C@H](NC(=O)c4coc(Cl)n4)C3)[nH]c2c1,"2-chloro-N-((1r,3r)-3-fluoro-3-((6-methyl-1H-indole-2-carboxamido)methyl)cyclobutyl)-1,3-oxazole-4-carboxamide",,Cc1ccc2cc(C(=O)NC[C@]3(F)C[C@H](NC(=O)c4coc(Cl)n4)C3)[nH]c2c1,
9811,CC[C@@H](C)C(=O)N1C[C@H]2[C@H](NC(=O)[C@H]3COCCO3)[C@H]2C1,"(2R)-N-((1R,5S,6S)-3-((2R)-2-methyl-butyryl)-3-azabicyclo[3.1.0]hexan-6-yl)-1,4-dioxane-2-carboxamide",,CCC(C)C(=O)N1C[C@@H]2[C@H](C1)[C@H]2NC(=O)C1COCCO1,
9865,C#CC[C@]1(O)C[C@@H](C(=O)NCCC2(C(=O)N3C[C@@H](CO)O[C@H](C)C3)CCC2)C1,"(1s,3R)-3-hydroxy-N-(2-(1-(((2S,6R)-2-(hydroxymethyl)-6-methylmorpholin-4-yl)carbonyl)cyclobutyl)ethyl)-3-(prop-2-yn-1-yl)cyclobutanecarboxamide",,C#CCC1(O)CC(C(=O)NCCC2(C(=O)N3C[C@@H](CO)O[C@H](C)C3)CCC2)C1,
9871,C#Cc1ccc(C(=O)NC2(CNC(=O)[C@@H]3[C@H]4CCCCC[C@H]43)CCCCC2)cc1,"(1R,7S,8r)-N-((1-(4-(ethynyl)benzamido)cyclohexyl)methyl)bicyclo[5.1.0]octane-8-carboxamide",,C#Cc1ccc(C(=O)NC2(CNC(=O)C3[C@H]4CCCCC[C@@H]34)CCCCC2)cc1,
9919,C[C@@H](C(=O)N(C)C[C@H]1[C@@H]2CN(C(=O)CN(C)C(N)=O)C[C@H]12)C1CCOCC1,"(2R)-N-(((1R,5S,6r)-3-(2-((carbamoyl)(methyl)amino)-acetyl)-3-azabicyclo[3.1.0]hexan-6-yl)methyl)-N-methyl-2-(oxan-4-yl)propanamide",,CC(C(=O)N(C)C[C@@H]1[C@H]2CN(C(=O)CN(C)C(N)=O)C[C@@H]12)C1CCOCC1,
9981,O=C(N[C@@H]1CCCC12CCN(C(=O)CCCCCO)CC2)[C@@H]1[C@H]2[C@@H]3CC[C@@H](C3)[C@H]21,"(1R,2S,3r,4R,5S)-N-((1R)-8-(6-hydroxy-hexanoyl)-8-azaspiro[4.5]decan-1-yl)tricyclo[3.2.1.0^{2,4}]octane-3-carboxamide",,O=C(N[C@@H]1CCCC12CCN(C(=O)CCCCCO)CC2)C1[C@@H]2[C@H]3CC[C@H](C3)[C@H]12,
9994,CC(C)C1(C(=O)N[C@H]2[C@@H]3CN(C(=O)c4ccnc5ccncc45)C[C@@H]32)CCC1,"N-((1R,5S,6s)-3-((1,6-naphthyridin-4-yl)carbonyl)-3-azabicyclo[3.1.0]hexan-6-yl)-1-(propan-2-yl)cyclobutanecarboxamide",,CC(C)C1(C(=O)N[C@H]2[C@@H]3CN(C(=O)c4ccnc5ccncc45)C[C@@H]32)CCC1,
10091,CCc1noc(C(=O)N2[C@H]3CC[C@@H]2C[C@@H](CNC(=O)C(F)=C(C)C2CC2)C3)n1,"3-cyclopropyl-N-(((1R,3s,5S)-8-((3-ethyl-1,2,4-oxadiazol-5-yl)carbonyl)-8-azabicyclo[3.2.1]octan-3-yl)methyl)-2-fluorobut-2-enamide",,CCc1noc(C(=O)N2[C@@H]3CC[C@H]2C[C@H](CNC(=O)C(F)=C(C)C2CC2)C3)n1,
10132,CCC(=CC(=O)NC[C@@H]1C[C@@H]2CC[C@H](C1)N2c1ccnc(Cl)n1)CC,"N-(((1R,3r,5S)-8-(2-chloropyrimidin-4-yl)-8-azabicyclo[3.2.1]octan-3-yl)methyl)-3-ethylpent-2-enamide",,CCC(=CC(=O)NC[C@H]1C[C@H]2CC[C@@H](C1)N2c1ccnc(Cl)n1)CC,
10135,Cc1cccc2c(=O)c(C(=O)NCC3CN(C(=O)[C@]4(F)[C@H]5CCC[C@H]54)C3)c[nH]c12,"N-((1-(((1R,5S,6s)-6-fluorobicyclo[3.1.0]hexan-6-yl)carbonyl)azetidin-3-yl)methyl)-8-methyl-4-oxo-1,4-dihydroquinoline-3-carboxamide",,Cc1cccc2c(=O)c(C(=O)NCC3CN(C(=O)[C@@]4(F)[C@@H]5CCC[C@@H]54)C3)c[nH]c12,
10199,CCC1(NC(=O)[C@@H]2[C@H]3CN(C(=O)[C@@H](O)c4cccnc4)C[C@H]32)CCCC1,"(1R,5S,6S)-N-(1-ethylcyclopentyl)-3-((2S)-2-hydroxy-1-oxo-2-(pyridin-3-yl)ethyl)-3-azabicyclo[3.1.0]hexane-6-carboxamide",,CCC1(NC(=O)C2[C@H]3CN(C(=O)C(O)c4cccnc4)C[C@@H]23)CCCC1,
10295,C[S@](=O)C1CN(C(=O)[C@]2(NC(=O)CCc3ncccn3)C[C@@H](O)C2)C1,"N-((1s,3R)-3-hydroxy-1-((3-((S)-methylsulfinyl)azetidin-1-yl)carbonyl)cyclobutyl)-3-(pyrimidin-2-yl)propanamide",,C[S@+]([O-])C1CN(C(=O)[C@]2(NC(=O)CCc3ncccn3)C[C@@H](O)C2)C1,
10343,C#C[C@]1(O)C[C@@H](C(=O)N[C@H](CC(F)F)C(=O)N[C@@H](C)C2CC2)C1,"(1s,3S)-N-((2R)-1-(((1S)-1-cyclopropylethyl)amino)-4,4-difluoro-1-oxobutan-2-yl)-3-(ethynyl)-3-hydroxycyclobutanecarboxamide",,C#CC1(O)CC(C(=O)NC(CC(F)F)C(=O)N[C@@H](C)C2CC2)C1,
10447,C[C@H]1C[C@@H](C)C[C@H](C(=O)N2C[C@H](NC(=O)CCCCNC(N)=O)CC3(CC3)C2)C1,"5-(carbamoylamino)-N-((7R)-5-(((1r,3R,5S)-3,5-dimethylcyclohexyl)carbonyl)-5-azaspiro[2.5]octan-7-yl)pentanamide",,C[C@@H]1CC(C(=O)N2C[C@H](NC(=O)CCCCNC(N)=O)CC3(CC3)C2)C[C@H](C)C1,
10466,COCC(=O)N[C@H](C(=O)N[C@H]1C[C@@H]2CN(C(=O)C3CCC3)C[C@@H]2C1)C(C)C,"(2S)-N-((1R,5S,7s)-3-((cyclobutyl)carbonyl)-3-azabicyclo[3.3.0]octan-7-yl)-2-(2-methoxyacetamido)-3-methylbutanamide",,COCC(=O)NC(C(=O)N[C@H]1C[C@@H]2CN(C(=O)C3CCC3)C[C@@H]2C1)C(C)C,
10504,CC(C)c1cc(C(=O)N2C[C@H]3[C@H](N(C)C(=O)c4ccc(CO)s4)[C@H]3C2)no1,"5-(hydroxymethyl)-N-methyl-N-((1R,5S,6s)-3-((5-(propan-2-yl)-1,2-oxazol-3-yl)carbonyl)-3-azabicyclo[3.1.0]hexan-6-yl)thiophene-2-carboxamide",,CC(C)c1cc(C(=O)N2C[C@@H]3[C@H](C2)[C@H]3N(C)C(=O)c2ccc(CO)s2)no1,
10512,C[C@@H](C(=O)N1[C@H]2CC[C@@H]1C[C@H](NC(=O)CCSCC(N)=O)C2)P(C)(C)=O,"3-((2-amino-2-oxoethyl)sulfanyl)-N-((1R,3S,5S)-8-((2S)-2-(dimethyloxophosphanyl)-propionyl)-8-azabicyclo[3.2.1]octan-3-yl)propanamide",,CC(C(=O)N1[C@@H]2CC[C@H]1C[C@@H](NC(=O)CCSCC(N)=O)C2)P(C)(C)=O,
10574,Cc1ccnc(C(=O)N2CC(C)(C)C[C@H]2CC(=O)N2C[C@H]3[C@H](N(C)C)[C@H]3C2)c1N,"2-((2S)-1-((3-amino-4-methylpyridin-2-yl)carbonyl)-4,4-dimethylpyrrolidin-2-yl)-1-((1R,5S,6R)-6-(dimethylamino)-3-azabicyclo[3.1.0]hexan-3-yl)ethan-1-one",,Cc1ccnc(C(=O)N2CC(C)(C)C[C@H]2CC(=O)N2C[C@@H]3[C@H](C2)[C@H]3N(C)C)c1N,
10603,CC1(C)OCC[C@H]1C(=O)NC[C@H]1[C@@H]2CN(C(=O)c3ccc(S(C)(=O)=O)[nH]3)C[C@H]12,"(3R)-2,2-dimethyl-N-(((1R,5S,6r)-3-((5-(methylsulfonyl)-1H-pyrrol-2-yl)carbonyl)-3-azabicyclo[3.1.0]hexan-6-yl)methyl)oxolane-3-carboxamide",,CC1(C)OCCC1C(=O)NC[C@@H]1[C@H]2CN(C(=O)c3ccc(S(C)(=O)=O)[nH]3)C[C@@H]12,
10637,Cc1[nH]nc(CO)c1C(=O)N(C)C[C@H]1[C@@H]2CN(C(=O)[C@@H](C)n3cccn3)C[C@H]12,"3-(hydroxymethyl)-5,N-dimethyl-N-(((1R,5S,6R)-3-((2R)-1-oxo-2-(1H-pyrazol-1-yl)propyl)-3-azabicyclo[3.1.0]hexan-6-yl)methyl)-1H-pyrazole-4-carboxamide",,Cc1[nH]nc(CO)c1C(=O)N(C)C[C@@H]1[C@H]2CN(C(=O)C(C)n3cccn3)C[C@@H]12,
10746,CCCCCC(=O)N[C@H]1C[C@@H]2CN(C(=O)CCC(C)(C)OC)C[C@@H]2C1,"N-((1R,5S,7s)-3-(4-methoxy-4-methyl-pentanoyl)-3-azabicyclo[3.3.0]octan-7-yl)hexanamide",,CCCCCC(=O)N[C@H]1C[C@@H]2CN(C(=O)CCC(C)(C)OC)C[C@@H]2C1,
10747,Cc1cc(C(=O)N[C@]2(C)C[C@H](NC(=O)CCCN3CCOC3=O)C2)c(C)cc1Cl,"4-chloro-2,5-dimethyl-N-((1s,3s)-1-methyl-3-(4-(2-oxo-1,3-oxazolidin-3-yl)butanamido)cyclobutyl)benzamide",,Cc1cc(C(=O)N[C@]2(C)C[C@H](NC(=O)CCCN3CCOC3=O)C2)c(C)cc1Cl,
10839,O=C(NC1(CO)CN(C(=O)[C@@H]2[C@H]3[C@@H]4CC[C@@H](C4)[C@H]32)C1)[C@@H]1CS(=O)(=O)CC12CCC2,"(8R)-N-(3-(hydroxymethyl)-1-(((1R,2S,3r,4R,5S)-tricyclo[3.2.1.0^{2,4}]octan-3-yl)carbonyl)azetidin-3-yl)-6,6-dioxo-6lambda^6-thiaspiro[3.4]octane-8-carboxamide",,O=C(NC1(CO)CN(C(=O)C2[C@@H]3[C@H]4CC[C@H](C4)[C@H]23)C1)C1CS(=O)(=O)CC12CCC2,
10852,O=C(NCCc1ccc(OCCN2CCCC2)cc1)[C@@H]1CC[C@H]2C[C@H]2CC1,"(1R,4r,7S)-N-(2-(4-((2-(pyrrolidin-1-yl)ethyl)oxy)phenyl)ethyl)bicyclo[5.1.0]octane-4-carboxamide",,O=C(NCCc1ccc(OCCN2CCCC2)cc1)C1CC[C@@H]2C[C@@H]2CC1,
10865,COC[C@@]1(CNC(=O)CCC(C)C)CCCN1C(=O)[C@H]1C[C@](C)(F)C1,"N-(((2S)-1-(((1r,3S)-3-fluoro-3-methylcyclobutyl)carbonyl)-2-(methoxymethyl)pyrrolidin-2-yl)methyl)-4-methylpentanamide",,COC[C@@]1(CNC(=O)CCC(C)C)CCCN1C(=O)C1CC(C)(F)C1,
10986,O=C(CCF)N[C@H]1C[C@H]2C[C@@H](NC(=O)[C@@H]3CC[C@H](C(F)(F)F)O3)C[C@H]2C1,"3-fluoro-N-((2R,3aR,5r,6aS)-5-((2S,5R)-5-(trifluoromethyl)oxolane-2-carboxamido)octahydropentalen-2-yl)propanamide",,O=C(CCF)N[C@@H]1C[C@@H]2C[C@H](NC(=O)C3CC[C@H](C(F)(F)F)O3)C[C@@H]2C1,
11120,COC[C@@H](C)C(=O)N1C[C@H]2C[C@@H](C(=O)N3CC(C4CCCC4)C3)C[C@H]2C1,"(2R)-1-((1R,5S,7R)-7-((3-cyclopentylazetidin-1-yl)carbonyl)-3-azabicyclo[3.3.0]octan-3-yl)-3-methoxy-2-methylpropan-1-one",,COCC(C)C(=O)N1C[C@H]2CC(C(=O)N3CC(C4CCCC4)C3)C[C@H]2C1,
11122,COc1cc(Br)cc(C(=O)N[C@H]2[C@@H]3CN(C(=O)C4COCCOC4)C[C@@H]32)c1,"3-bromo-N-((1R,5S,6s)-3-((1,4-dioxepan-6-yl)carbonyl)-3-azabicyclo[3.1.0]hexan-6-yl)-5-methoxybenzamide",,COc1cc(Br)cc(C(=O)N[C@H]2[C@@H]3CN(C(=O)C4COCCOC4)C[C@@H]32)c1,
11260,CCCCCOCC(=O)N1CCCO[C@H](CNC(=O)[C@]2(CC)CC[C@H](O)CC2)C1,"(1s,4S)-1-ethyl-4-hydroxy-N-(((2R)-4-(1-oxo-2-(pentyloxy)ethyl)-1,4-oxazepan-2-yl)methyl)cyclohexanecarboxamide",,CCCCCOCC(=O)N1CCCO[C@H](CNC(=O)[C@]2(CC)CC[C@H](O)CC2)C1,
11298,CC(C)[C@@H](O)[C@@H](C)C(=O)N1[C@H]2CC[C@@H]1C[C@@H](NC(=O)c1cc3ccccn3n1)C2,"N-((1R,3S,5S)-8-((2R,3R)-3-hydroxy-2,4-dimethyl-pentanoyl)-8-azabicyclo[3.2.1]octan-3-yl)pyrazolo[1,5-a]pyridine-2-carboxamide",,CC(C)[C@@H](O)C(C)C(=O)N1[C@@H]2CC[C@H]1C[C@H](NC(=O)c1cc3ccccn3n1)C2,
11346,C[C@H]1CN(C(=O)c2cn(C)nn2)C[C@]2(CCN(C(=O)c3cccc(C#N)n3)C2)O1,"6-(((5S,7S)-7-methyl-9-((1-methyl-1H-1,2,3-triazol-4-yl)carbonyl)-6-oxa-2,9-diazaspiro[4.5]decan-2-yl)carbonyl)pyridine-2-carbonitrile",C[C@@H]1O[C@]2(CCN(C2)C(=O)C2=CC=CC(=N2)C#N)CN(C1)C(=O)C=1N=NN(C1)C,C[C@H]1CN(C(=O)c2cn(C)nn2)C[C@]2(CCN(C(=O)c3cccc(C#N)n3)C2)O1,C[C@H]1CN(C(=O)c2cn(C)nn2)C[C@@]2(CCN(C(=O)c3cccc(C#N)n3)C2)O1
11382,C#CCSCC(=O)N(C)[C@H]1[C@@H]2CN(C(=O)c3cc(Cl)ccc3OCC(C)C)C[C@@H]21,"N-((1R,5S,6s)-3-((5-chloro-2-isobutoxyphenyl)carbonyl)-3-azabicyclo[3.1.0]hexan-6-yl)-N-methyl-2-((prop-2-yn-1-yl)sulfanyl)acetamide",,C#CCSCC(=O)N(C)[C@H]1[C@@H]2CN(C(=O)c3cc(Cl)ccc3OCC(C)C)C[C@@H]21,
11391,C[C@]1(NC(=O)C=Cc2cccc(Cl)c2)C[C@H](NC(=O)c2n[nH]c(C3CC3)n2)C1,"3-(3-chlorophenyl)-N-((1r,3r)-3-(5-cyclopropyl-1H-1,2,4-triazole-3-carboxamido)-1-methylcyclobutyl)prop-2-enamide",,C[C@]1(NC(=O)C=Cc2cccc(Cl)c2)C[C@H](NC(=O)c2n[nH]c(C3CC3)n2)C1,
11443,CC1(C)OCCO[C@H]1C(=O)N[C@H]1C[C@@H]2CC[C@H](C1)N2C(=O)CC1(CO)CC1,"(2R)-N-((1R,3s,5S)-8-(2-(1-(hydroxymethyl)cyclopropyl)-acetyl)-8-azabicyclo[3.2.1]octan-3-yl)-3,3-dimethyl-1,4-dioxane-2-carboxamide",,CC1(C)OCCOC1C(=O)N[C@@H]1C[C@H]2CC[C@@H](C1)N2C(=O)CC1(CO)CC1,
11457,O=C(Cc1nnc(O)s1)N1C[C@H]2CC[C@H]1CN2C(=O)[C@@H]1[C@H]2C[C@@H]2[C@H]2C[C@@H]12,"2-(5-hydroxy-1,3,4-thiadiazol-2-yl)-1-((1S,4R)-5-(((1R,2R,4S,5R,6R)-tricyclo[4.1.0.0^{2,4}]heptan-5-yl)carbonyl)-2,5-diazabicyclo[2.2.2]octan-2-yl)ethan-1-one",,O=C(Cc1n[nH]c(=O)s1)N1C[C@H]2CC[C@H]1CN2C(=O)C1[C@H]2C[C@@H]2[C@H]2C[C@@H]12,
11487,C[C@H]1CCC(Cl)=C(C(=O)NC[C@]2(F)C[C@H](NC(=O)COCCc3cccs3)C2)C1,"(5S)-2-chloro-N-(((1r,3S)-1-fluoro-3-(2-((2-(thiophen-2-yl)ethyl)oxy)acetamido)cyclobutyl)methyl)-5-methylcyclohex-1-ene-1-carboxamide",,C[C@H]1CCC(Cl)=C(C(=O)NC[C@]2(F)C[C@H](NC(=O)COCCc3cccs3)C2)C1,
11491,CS[C@@H](C)CCC(=O)N[C@H]1C[C@@](F)(CNC(=O)CCOCc2ccccc2)C1,"(4S)-N-((1r,3S)-3-((3-benzyloxypropanamido)methyl)-3-fluorocyclobutyl)-4-(methylsulfanyl)pentanamide",,CS[C@@H](C)CCC(=O)N[C@H]1C[C@@](F)(CNC(=O)CCOCc2ccccc2)C1,
11497,Cc1nccc(CCC(=O)NC[C@H](O)CN(C)C(=O)[C@H]2C[C@@H]3CC[C@H](C2)[C@@H]3O)n1,"N-((2S)-2-hydroxy-3-(N-methyl(1R,3s,5S,8S)-8-hydroxybicyclo[3.2.1]octane-3-carboxamido)propyl)-3-(2-methylpyrimidin-4-yl)propanamide",,Cc1nccc(CCC(=O)NC[C@H](O)CN(C)C(=O)C2C[C@H]3CC[C@@H](C2)[C@H]3O)n1,
11500,CC[C@H]1CCC[C@@H](C(=O)OCCOCC(OC)OC)N1C(=O)OC(C)(C)C,"2-2-((2,2-dimethoxyethyl)oxy)ethyl 1-tert-butyl (2S,6S)-6-ethylpiperidine-1,2-dicarboxylate",,CC[C@H]1CCCC(C(=O)OCCOCC(OC)OC)N1C(=O)OC(C)(C)C,
11541,C[C@H]1C[C@H]1C(=O)N1CC2(C1)OC1(CNC(=O)c3sccc3Cl)CC2(C(N)=O)C1,"1-((3-chlorothiophene-2-carboxamido)methyl)spiro[2-oxabicyclo[2.1.1]hexane-3,3'-(1-(1-azacyclobutan-1-yl)-1-((1R,2S)-2-methylcyclopropyl)methanone)]-4-carboxamide",,C[C@H]1CC1C(=O)N1CC2(C1)OC1(CNC(=O)c3sccc3Cl)CC2(C(N)=O)C1,
11652,O=C(NC[C@H]1C[C@@H]2CC[C@H](C1)N2C(=O)c1cnc2c(c1)CCC2)c1ccc[nH]1,"N-(((1R,3s,5S)-8-((6,7-dihydro-5H-cyclopenta[b]pyridin-3-yl)carbonyl)-8-azabicyclo[3.2.1]octan-3-yl)methyl)-1H-pyrrole-2-carboxamide",,O=C(NC[C@@H]1C[C@H]2CC[C@@H](C1)N2C(=O)c1cnc2c(c1)CCC2)c1ccc[nH]1,
11724,CCc1cc(C(=O)NC[C@]2(F)C[C@H](NC(=O)[C@@H](CC)CCOC)C2)no1,"5-ethyl-N-(((1S,3r)-3-((2S)-2-ethyl-4-methoxybutanamido)-1-fluorocyclobutyl)methyl)-1,2-oxazole-3-carboxamide",,CCc1cc(C(=O)NC[C@]2(F)C[C@H](NC(=O)C(CC)CCOC)C2)no1,
11726,C[C@H]1CN(C(=O)Cn2cccn2)C[C@@H](C)[C@@H]1NC(=O)c1cc(=O)n(C)o1,"N-((3R,4r,5S)-3,5-dimethyl-1-(1-oxo-2-(1H-pyrazol-1-yl)ethyl)piperidin-4-yl)-2-methyl-3-oxo-2H-1,2-oxazole-5-carboxamide",,C[C@@H]1CN(C(=O)Cn2cccn2)C[C@H](C)[C@H]1NC(=O)c1cc(=O)n(C)o1,
11746,COc1ccc(CC(=O)N[C@H]2C[C@](C)(NC(=O)[C@@H]3CCCS3)C2)c(Cl)c1,"2-(2-chloro-4-methoxyphenyl)-N-((1S,3r)-3-methyl-3-((2S)-thiolane-2-carboxamido)cyclobutyl)acetamide",,COc1ccc(CC(=O)N[C@H]2C[C@](C)(NC(=O)C3CCCS3)C2)c(Cl)c1,
11782,CC[C@](C)(OC)C(=O)N[C@H]1[C@@H]2CN(C(=O)c3n[nH]c4c3CN(C)CC4)C[C@@H]21,"(2S)-2-methoxy-2-methyl-N-((1R,5S,6s)-3-((5-methyl-4,5,6,7-tetrahydro-1H-pyrazolo[4,3-c]pyridin-3-yl)carbonyl)-3-azabicyclo[3.1.0]hexan-6-yl)butanamide",,CC[C@](C)(OC)C(=O)N[C@H]1[C@@H]2CN(C(=O)c3[nH]nc4c3CN(C)CC4)C[C@@H]21,
11826,CO[C@H](C)[C@@H](CC(=O)N1CC[C@@](C)(C#N)C1)NC(=O)[C@@H]1[C@H]2CCC[C@H]21,"(1R,5S,6r)-N-((3R,4R)-4-methoxy-1-((3R)-3-methyl-3-(nitrilomethyl)pyrrolidin-1-yl)-1-oxopentan-3-yl)bicyclo[3.1.0]hexane-6-carboxamide",,CO[C@H](C)[C@@H](CC(=O)N1CC[C@@](C)(C#N)C1)NC(=O)C1[C@H]2CCC[C@@H]12,
11886,CN(CC(C)(C)NC(=O)c1ccc(CO)cc1F)C(=O)[C@@H]1[C@H]2CCCCC[C@H]21,"(1R,7S,8r)-N-(2-(2-fluoro-4-(hydroxymethyl)benzamido)-2-methylpropyl)-N-methylbicyclo[5.1.0]octane-8-carboxamide",,CN(CC(C)(C)NC(=O)c1ccc(CO)cc1F)C(=O)C1[C@H]2CCCCC[C@@H]12,
11950,CO[C@H](C(=O)N1C[C@H]2[C@H](NC(=O)c3cc(S(N)(=O)=O)cc(Cl)c3F)[C@H]2C1)C1CC1,"5-(sulfamoyl)-3-chloro-N-((1R,5S,6R)-3-((2S)-2-cyclopropyl-2-methoxy-acetyl)-3-azabicyclo[3.1.0]hexan-6-yl)-2-fluorobenzamide",,COC(C(=O)N1C[C@@H]2[C@H](C1)[C@H]2NC(=O)c1cc(S(N)(=O)=O)cc(Cl)c1F)C1CC1,
12029,CO[C@@H](C(=O)N[C@H]1C[C@@H]2CC[C@H](C1)N2C(=O)c1cc(F)ccc1C)C1CCC1,"(2R)-2-cyclobutyl-N-((1R,3s,5S)-8-((5-fluoro-2-methylphenyl)carbonyl)-8-azabicyclo[3.2.1]octan-3-yl)-2-methoxyacetamide",,COC(C(=O)N[C@@H]1C[C@H]2CC[C@@H](C1)N2C(=O)c1cc(F)ccc1C)C1CCC1,
12040,C#CC[C@]1(O)C[C@@H](C(=O)NC2(C3CCN(C(=O)C=CC)CC3)CCC2)C1,"(1s,3s)-3-hydroxy-N-(1-(1-(1-oxobut-2-en-1-yl)piperidin-4-yl)cyclobutyl)-3-(prop-2-yn-1-yl)cyclobutanecarboxamide",,C#CCC1(O)CC(C(=O)NC2(C3CCN(C(=O)C=CC)CC3)CCC2)C1,
12041,C[C@]1(NC(=O)C2=C(Cl)CCOC2)C[C@H](NC(=O)CCCCCc2cccs2)C1,"4-chloro-N-((1r,3r)-1-methyl-3-(6-(thiophen-2-yl)hexanamido)cyclobutyl)-5,6-dihydro-2H-pyran-3-carboxamide",,C[C@]1(NC(=O)C2=C(Cl)CCOC2)C[C@H](NC(=O)CCCCCc2cccs2)C1,
12084,CN1CC[C@@H](NC(=O)CCCC(C)(C)NC(=O)[C@H]2C[C@@H]3CC[C@@H]3C2)C1,"5-((1R,3s,5S)-bicyclo[3.2.0]heptane-3-carboxamido)-5-methyl-N-((3R)-1-methylpyrrolidin-3-yl)hexanamide",,CN1CC[C@@H](NC(=O)CCCC(C)(C)NC(=O)C2C[C@H]3CC[C@H]3C2)C1,
12152,CCNC(=O)CCCC(=O)N(C)[C@H]1[C@@H]2CN(C(=O)C3(OC)CCCCC3)C[C@@H]21,"N-ethyl-N'-((1R,5S,6s)-3-((1-methoxycyclohexyl)carbonyl)-3-azabicyclo[3.1.0]hexan-6-yl)-N'-methylpentanediamide",,CCNC(=O)CCCC(=O)N(C)[C@H]1[C@@H]2CN(C(=O)C3(OC)CCCCC3)C[C@@H]21,
12169,CC(C)[C@H](CNC(=O)[C@@H]1[C@H]2CN(C)C[C@H]21)NC(=O)[C@@H](C)Cc1ccncc1,"(1R,5S,6r)-3-methyl-N-((2R)-3-methyl-2-((2S)-2-methyl-3-(pyridin-4-yl)propanamido)butyl)-3-azabicyclo[3.1.0]hexane-6-carboxamide",,CC(Cc1ccncc1)C(=O)N[C@@H](CNC(=O)C1[C@H]2CN(C)C[C@@H]12)C(C)C,
12199,CC(C)(C)SCCCC(=O)NCC[C@H]1CCCN(C(=O)[C@H]2C[C@](O)(C#N)C2)C1,"4-((tert-butyl)sulfanyl)-N-(2-((3R)-1-(((1s,3S)-3-hydroxy-3-(nitrilomethyl)cyclobutyl)carbonyl)piperidin-3-yl)ethyl)butanamide",,CC(C)(C)SCCCC(=O)NCC[C@H]1CCCN(C(=O)C2CC(O)(C#N)C2)C1,
12216,Cc1ccc(Cl)cc1NC(=O)N1[C@H]2CC[C@@H]1C[C@@H](NC(=O)CNC(N)=O)C2,"(1R,3s,5S)-3-(2-(carbamoylamino)acetamido)-N-(5-chloro-2-methylphenyl)-8-azabicyclo[3.2.1]octane-8-carboxamide",,Cc1ccc(Cl)cc1NC(=O)N1[C@@H]2CC[C@H]1C[C@H](NC(=O)CNC(N)=O)C2,
12220,C=C[C@H](C)[C@@H](C)C(=O)N[C@H]1CC[C@@]2(CC1)CN(C(=O)c1cc(Cl)cn1C)CCO2,"(2R,3S)-N-(4-((4-chloro-1-methyl-1H-pyrrol-2-yl)carbonyl)-1-oxa-4-azaspiro[5.5]undecan-9-yl)-2,3-dimethylpent-4-enamide",ClC=1C=C(N(C1)C)C(=O)N1CCOC2(C1)CCC(CC2)NC([C@@H]([C@H](C=C)C)C)=O,C=C[C@H](C)C(C)C(=O)N[C@H]1CC[C@@]2(CC1)CN(C(=O)c1cc(Cl)cn1C)CCO2,C=C[C@H](C)C(C)C(=O)NC1CCC2(CC1)CN(C(=O)c1cc(Cl)cn1C)CCO2
12297,CCNC(=O)CC(=O)NC[C@]1(F)C[C@@H](NC(=O)[C@@H](C)c2cncnc2)C1,"N-ethyl-N'-(((1R,3s)-1-fluoro-3-((2S)-2-(pyrimidin-5-yl)propanamido)cyclobutyl)methyl)propanediamide",,CCNC(=O)CC(=O)NC[C@]1(F)C[C@@H](NC(=O)C(C)c2cncnc2)C1,
12342,CN(C[C@H]1[C@@H]2CN(C(=O)c3cncs3)C[C@H]12)C(=O)[C@@H]1CCCO[C@H]1c1ncc[nH]1,"(2R,3R)-2-(1H-imidazol-2-yl)-N-methyl-N-(((1R,5S,6r)-3-((1,3-thiazol-5-yl)carbonyl)-3-azabicyclo[3.1.0]hexan-6-yl)methyl)oxane-3-carboxamide",,CN(C[C@@H]1[C@H]2CN(C(=O)c3cncs3)C[C@@H]12)C(=O)C1CCCO[C@H]1c1ncc[nH]1,
12537,Cc1cc(F)sc1C(=O)N1C[C@H]2[C@H](N=c3[nH]nc(C(C)(C)C)s3)[C@H]2C1,"1-((1R,5S,6s)-6-((5-(tert-butyl)-3H-1,3,4-thiadiazol-2-ylidene)amino)-3-azabicyclo[3.1.0]hexan-3-yl)-1-(5-fluoro-3-methylthiophen-2-yl)methanone",,Cc1cc(F)sc1C(=O)N1C[C@@H]2[C@H](C1)[C@H]2Nc1nnc(C(C)(C)C)s1,
12558,CC[C@H](O)C(F)(F)C(=O)N[C@H](C)C1CN(C(=O)[C@@H]2C[C@H]3CCC[C@H](C3)C2)C1,"(3S)-N-((1R)-1-(1-(((1R,3r,5S)-bicyclo[3.3.1]nonan-3-yl)carbonyl)azetidin-3-yl)ethyl)-2,2-difluoro-3-hydroxypentanamide",,CC[C@H](O)C(F)(F)C(=O)N[C@H](C)C1CN(C(=O)C2C[C@H]3CCC[C@@H](C2)C3)C1,
12580,C[C@H]1CCCC[C@H]1C(=O)NC[C@H]1CC[C@@](F)(CNC(=O)Cc2csnn2)CC1,"(1R,2S)-N-(((1r,4R)-4-fluoro-4-((2-(1,2,3-thiadiazol-4-yl)acetamido)methyl)cyclohexyl)methyl)-2-methylcyclohexanecarboxamide",,C[C@H]1CCCCC1C(=O)NC[C@H]1CC[C@@](F)(CNC(=O)Cc2csnn2)CC1,
12599,CCc1nc(C#N)cc(=NC[C@H]2[C@@H]3CN(C(=O)[C@]4(C)CCC[C@@H]4C)C[C@H]23)[nH]1,"6-((((1R,5S,6R)-3-(((1R,2S)-1,2-dimethylcyclopentyl)carbonyl)-3-azabicyclo[3.1.0]hexan-6-yl)methyl)imino)-2-ethyl-1H-pyrimidine-4-carbonitrile",,CCc1nc(C#N)cc(NC[C@@H]2[C@H]3CN(C(=O)[C@]4(C)CCC[C@@H]4C)C[C@@H]23)n1,
12627,C[C@@H]1CCN(C(=O)[C@@H]2[C@H]3CCC[C@H]32)[C@H](C(=O)NC[C@@H](C)CN2CCCC2)C1,"(2S,4R)-1-(((1R,5S,6r)-bicyclo[3.1.0]hexan-6-yl)carbonyl)-4-methyl-N-((2R)-2-methyl-3-(pyrrolidin-1-yl)propyl)piperidine-2-carboxamide",,C[C@@H]1CCN(C(=O)C2[C@H]3CCC[C@@H]23)C(C(=O)NC[C@@H](C)CN2CCCC2)C1,
12833,O=C1CN(CC(=O)N2C[C@H]3[C@@H](C2)[C@@H]3c2cn(CCN3CCOCC3)nn2)CCN1,"4-(2-((1R,5S,6r)-6-(1-(2-(morpholin-4-yl)ethyl)-1H-1,2,3-triazol-4-yl)-3-azabicyclo[3.1.0]hexan-3-yl)-2-oxoethyl)piperazin-2-one",,O=C1CN(CC(=O)N2C[C@@H]3[C@H](C2)[C@H]3c2cn(CCN3CCOCC3)nn2)CCN1,
12851,O=C([C@@H]1CC[C@@]2(C1)CC2(F)F)N1C[C@H]2[C@H](CNc3cnc(F)cn3)[C@H]2C1,"1-((3R,5R)-1,1-difluorospiro[2.4]heptan-5-yl)-1-((1R,5S,6R)-6-(((5-fluoropyrazin-2-yl)amino)methyl)-3-azabicyclo[3.1.0]hexan-3-yl)methanone",,O=C(C1CC[C@@]2(C1)CC2(F)F)N1C[C@@H]2[C@@H](CNc3cnc(F)cn3)[C@@H]2C1,
12874,C[C@H]1CN(C(=O)CN2CCCC[C@@H]2C)C[C@@H](C)[C@@H]1NC(=O)c1ncc(N)cc1Cl,"5-amino-3-chloro-N-((3R,4S,5S)-3,5-dimethyl-1-(2-((2S)-2-methylpiperidin-1-yl)-acetyl)piperidin-4-yl)pyridine-2-carboxamide",,C[C@@H]1CN(C(=O)CN2CCCC[C@@H]2C)C[C@H](C)[C@H]1NC(=O)c1ncc(N)cc1Cl,
12904,C[C@H]1CC[C@H]1CC(=O)NC[C@H]1C[C@@](F)(CNC(=O)[C@@H]2CCOC2(C)C)C1,"N-(((1R,3S)-3-(((3R)-2,2-dimethyloxolane-3-carboxamido)methyl)-3-fluorocyclobutyl)methyl)-2-((1S,2S)-2-methylcyclobutyl)acetamide",,C[C@H]1CC[C@H]1CC(=O)NC[C@H]1C[C@@](F)(CNC(=O)C2CCOC2(C)C)C1,
12908,C=CCn1cccc1C(=O)N1C[C@H]2[C@H](CNC(=O)[C@H]3CCN(C)C3)[C@H]2C1,"(3S)-1-methyl-N-(((1R,5S,6r)-3-((1-(prop-2-en-1-yl)-1H-pyrrol-2-yl)carbonyl)-3-azabicyclo[3.1.0]hexan-6-yl)methyl)pyrrolidine-3-carboxamide",,C=CCn1cccc1C(=O)N1C[C@@H]2[C@@H](CNC(=O)C3CCN(C)C3)[C@@H]2C1,
12927,O=C(O)[C@H]1C[C@@H]2C[C@H](C1)CN(C(=O)C1C[C@@H]3C[C@H]3C1)C2,"(1R,5S,7R)-3-(((1S,5S)-bicyclo[3.1.0]hexan-3-yl)carbonyl)-3-azabicyclo[3.3.1]nonane-7-carboxylic acid",,O=C(O)C1C[C@@H]2C[C@H](C1)CN(C(=O)C1C[C@@H]3C[C@H]3C1)C2,
13045,CC(C)c1ccc(SCC(=O)N[C@H]2C[C@](C)(NC(=O)CC[S@](C)=O)C2)cc1,"N-((1r,3S)-1-methyl-3-(2-((4-(propan-2-yl)phenyl)sulfanyl)acetamido)cyclobutyl)-3-((S)-methylsulfinyl)propanamide",,CC(C)c1ccc(SCC(=O)N[C@H]2C[C@](C)(NC(=O)CC[S@+](C)[O-])C2)cc1,
13120,COc1cccc(C(=O)N[C@@H]2C[C@@H]3CC[C@H](C2)N3C(=O)C=C2CC[C@H](C)C2)n1,"6-methoxy-N-((1R,3S,5S)-8-(2-((3S)-3-methylcyclopentylidene)-acetyl)-8-azabicyclo[3.2.1]octan-3-yl)pyridine-2-carboxamide",,COc1cccc(C(=O)N[C@H]2C[C@H]3CC[C@@H](C2)N3C(=O)C=C2CC[C@H](C)C2)n1,
13252,CC[C@H](CC(=O)NC12CC(C)(C1)OC21CN(C(=O)CCn2cnnn2)C1)C1CC1,"(3R)-3-cyclopropyl-N-(1-methylspiro[2-oxabicyclo[2.1.1]hexane-3,3'-(1-(1-azacyclobutan-1-yl)-3-(1H-tetrazol-1-yl)propane)]-4-yl-1'-one)pentanamide",,CC[C@H](CC(=O)NC12CC(C)(C1)OC21CN(C(=O)CCn2cnnn2)C1)C1CC1,
13254,COC[C@H](O)C(=O)N[C@H]1C[C@@H]2CN(c3cc(C)nc(CO)n3)C[C@@H]2C1,"(2S)-2-hydroxy-N-((1R,5S,7s)-3-(2-(hydroxymethyl)-6-methylpyrimidin-4-yl)-3-azabicyclo[3.3.0]octan-7-yl)-3-methoxypropanamide",,COCC(O)C(=O)N[C@H]1C[C@@H]2CN(c3cc(C)nc(CO)n3)C[C@@H]2C1,
13274,CC1(CC(=O)N2CCO[C@@](C)(CNC(=O)[C@H]3C[C@@H]4CC[C@@H]4C3)C2)OCCO1,"(1R,3s,5S)-N-(((2S)-2-methyl-4-(2-(2-methyl-1,3-dioxolan-2-yl)-acetyl)morpholin-2-yl)methyl)bicyclo[3.2.0]heptane-3-carboxamide",,CC1(CC(=O)N2CCO[C@@](C)(CNC(=O)C3C[C@H]4CC[C@H]4C3)C2)OCCO1,
13350,C[C@H](Sc1ccccn1)C(=O)N[C@]1(C)C[C@H](NC(=O)c2ccc(F)c(F)c2)C1,"(2S)-N-((1s,3R)-3-(3,4-difluorobenzamido)-1-methylcyclobutyl)-2-((pyridin-2-yl)sulfanyl)propanamide",,CC(Sc1ccccn1)C(=O)N[C@]1(C)C[C@H](NC(=O)c2ccc(F)c(F)c2)C1,
13383,CC(C)CO[C@@H](C)C(=O)N[C@H]1C[C@@H](C(=O)N[C@@H]2C[C@@H]3CC[C@H](C2)[C@@H]3O)C1,"(2S)-N-(cis-3-(((1R,3r,5S,8R)-8-hydroxybicyclo[3.2.1]octan-3-yl)carbamoyl)cyclobutyl)-2-isobutoxypropanamide",,CC(C)COC(C)C(=O)NC1CC(C(=O)N[C@H]2C[C@H]3CC[C@@H](C2)[C@H]3O)C1,
13509,COc1cc(C(=O)NC[C@]2(F)C[C@H](NC(=O)CN3CCS(=O)CC3)C2)c(F)cn1,"5-fluoro-N-(((1r,3r)-1-fluoro-3-(2-(1-oxothiomorpholin-4-yl)acetamido)cyclobutyl)methyl)-2-methoxypyridine-4-carboxamide",,COc1cc(C(=O)NC[C@]2(F)C[C@H](NC(=O)CN3CC[S+]([O-])CC3)C2)c(F)cn1,
13521,CC[C@H](C)CCC(=O)N[C@@H]1C[C@H]2[C@@H](C1)[C@@H]2NC(=O)[C@]1(O)CCOC1(C)C,"(4S)-N-((1R,3S,5S,6S)-6-((3S)-3-hydroxy-2,2-dimethyloxolane-3-carboxamido)bicyclo[3.1.0]hexan-3-yl)-4-methylhexanamide",,CC[C@H](C)CCC(=O)N[C@H]1C[C@@H]2[C@H](C1)[C@H]2NC(=O)[C@]1(O)CCOC1(C)C,
13567,CCn1c(C(=O)NC[C@H]2[C@@H]3CN(C(=O)CSC[C@@H]4CCCCO4)C[C@H]23)cnc1O,"1-ethyl-2-hydroxy-N-(((1R,5S,6S)-3-(2-((((2S)-oxan-2-yl)methyl)sulfanyl)-acetyl)-3-azabicyclo[3.1.0]hexan-6-yl)methyl)-1H-imidazole-5-carboxamide",,CCn1c(C(=O)NC[C@@H]2[C@H]3CN(C(=O)CSC[C@@H]4CCCCO4)C[C@@H]23)c[nH]c1=O,
13606,CC(C)(C)SCC(=O)N1CC(O)([C@H](F)C(=O)N2[C@H]3CC[C@@H]2C[C@H](CO)C3)C1,"(2S)-2-(1-(2-((tert-butyl)sulfanyl)-acetyl)-3-hydroxyazetidin-3-yl)-2-fluoro-1-((1R,3S,5S)-3-(hydroxymethyl)-8-azabicyclo[3.2.1]octan-8-yl)ethan-1-one",,CC(C)(C)SCC(=O)N1CC(O)(C(F)C(=O)N2[C@@H]3CC[C@H]2C[C@@H](CO)C3)C1,
13613,CC1(C)[C@H]2CC[C@]1(C(=O)N1C[C@H]3C[C@H](NC(=O)CCOCC(F)F)C[C@H]3C1)CC2,"3-((2,2-difluoroethyl)oxy)-N-((1R,5S,7s)-3-((7,7-dimethylbicyclo[2.2.1]heptan-1-yl)carbonyl)-3-azabicyclo[3.3.0]octan-7-yl)propanamide",,CC1(C)[C@H]2CC[C@]1(C(=O)N1C[C@H]3C[C@H](NC(=O)CCOCC(F)F)C[C@H]3C1)CC2,
13741,O=C(N[C@@H]1C[C@@H]2CC[C@H](C1)N2C(=O)C=C1CCOCC1)c1ccccc1C1CC1,"2-cyclopropyl-N-((1R,3r,5S)-8-(2-(oxan-4-ylidene)-acetyl)-8-azabicyclo[3.2.1]octan-3-yl)benzamide",,O=C(N[C@H]1C[C@H]2CC[C@@H](C1)N2C(=O)C=C1CCOCC1)c1ccccc1C1CC1,
13761,Cc1ccnc(C(=O)N2CC[C@]3(C2)CN(C(=O)c2cc(C)cnn2)C[C@@H](C)O3)c1,"1-((5S,7R)-7-methyl-9-((5-methylpyridazin-3-yl)carbonyl)-6-oxa-2,9-diazaspiro[4.5]decan-2-yl)-1-(4-methylpyridin-2-yl)methanone",C[C@H]1O[C@@]2(CCN(C2)C(=O)C2=NC=CC(=C2)C)CN(C1)C(=O)C=1N=NC=C(C1)C,Cc1ccnc(C(=O)N2CC[C@]3(C2)CN(C(=O)c2cc(C)cnn2)C[C@@H](C)O3)c1,Cc1ccnc(C(=O)N2CC[C@@]3(C2)CN(C(=O)c2cc(C)cnn2)C[C@@H](C)O3)c1
13765,CCOC(=O)[C@H]1C[C@](F)(C(=O)N2C[C@@]3(CNC(=O)[C@H](C)[C@H](O)CC)C[C@H]2CO3)C1,"ethyl (1R,3s)-3-fluoro-3-(((1S,4S)-1-(((2R,3R)-3-hydroxy-2-methylpentanamido)methyl)-2-oxa-5-azabicyclo[2.2.1]heptan-5-yl)carbonyl)cyclobutanecarboxylate",,CCOC(=O)C1CC(F)(C(=O)N2C[C@@]3(CNC(=O)C(C)[C@H](O)CC)C[C@H]2CO3)C1,
13787,C#C[C@]1(O)C[C@@H](C(=O)N2C[C@@H](NC(=O)CCCCSC)CC2(C)C)C1,"N-((3S)-1-(((1s,3R)-3-(ethynyl)-3-hydroxycyclobutyl)carbonyl)-5,5-dimethylpyrrolidin-3-yl)-5-(methylsulfanyl)pentanamide",,C#CC1(O)CC(C(=O)N2C[C@@H](NC(=O)CCCCSC)CC2(C)C)C1,
13802,CC(=CC(C)(C)C)C(=O)N1C[C@H]2[C@@H](C1)[C@@H]2C(=O)Nc1cccnc1C1CC1,"(1R,5S,6r)-N-(2-cyclopropylpyridin-3-yl)-3-(2,4,4-trimethyl-1-oxopent-2-en-1-yl)-3-azabicyclo[3.1.0]hexane-6-carboxamide",,CC(=CC(C)(C)C)C(=O)N1C[C@@H]2C(C(=O)Nc3cccnc3C3CC3)[C@@H]2C1,
13852,O=C(CCF)NC[C@H]1[C@@H]2C[C@H]1CN2C(=O)[C@H]1C[C@@H]2CCC[C@@H]2C1,"3-fluoro-N-(((1S,4R,5S)-2-(((2s,3aR,6aS)-octahydropentalen-2-yl)carbonyl)-2-azabicyclo[2.1.1]hexan-5-yl)methyl)propanamide",,O=C(CCF)NC[C@@H]1[C@H]2C[C@@H]1N(C(=O)C1C[C@H]3CCC[C@H]3C1)C2,
13906,CN(C)CC=CC(=O)NCc1ccc(CNC(=O)[C@H]2CC[C@H]3C[C@H]3CC2)cc1,"N-((4-(((1R,4s,7S)-bicyclo[5.1.0]octane-4-carboxamido)methyl)phenyl)methyl)-4-(dimethylamino)but-2-enamide",,CN(C)CC=CC(=O)NCc1ccc(CNC(=O)C2CC[C@@H]3C[C@@H]3CC2)cc1,
14016,CCC1(C(=O)NC[C@]2(F)C[C@H](CO)C2)CCN(C(=O)[C@H]2CCO2)CC1,"4-ethyl-N-(((1r,3R)-1-fluoro-3-(hydroxymethyl)cyclobutyl)methyl)-1-(((2R)-oxetan-2-yl)carbonyl)piperidine-4-carboxamide",,CCC1(C(=O)NC[C@]2(F)C[C@H](CO)C2)CCN(C(=O)C2CCO2)CC1,
14225,CC(=O)NCCC(=O)N1[C@H]2CC[C@@H]1C[C@H](CNC(=O)C[C@H]1CCNC(=O)C1)C2,"N-(((1R,3r,5S)-8-(3-acetamido-propionyl)-8-azabicyclo[3.2.1]octan-3-yl)methyl)-2-((4S)-2-oxopiperidin-4-yl)acetamide",,CC(=O)NCCC(=O)N1[C@@H]2CC[C@H]1C[C@@H](CNC(=O)C[C@H]1CCNC(=O)C1)C2,
14261,C[C@H](CN(C)C(=O)[C@H]1C[C@](O)(c2ccncc2)C1)N(C)C(=O)CCCN(C)C,"(1s,3S)-3-hydroxy-N-methyl-N-((2R)-2-(N-methyl-4-(dimethylamino)butanamido)propyl)-3-(pyridin-4-yl)cyclobutanecarboxamide",,C[C@H](CN(C)C(=O)C1CC(O)(c2ccncc2)C1)N(C)C(=O)CCCN(C)C,
14388,CCOC(=O)[C@@H]1CCN(C(=O)[C@]2(NC(=O)c3ccn(C)c3CC)C[C@@H](O)C2)C1,"ethyl (3R)-1-(((1s,3S)-1-(2-ethyl-1-methyl-1H-pyrrole-3-carboxamido)-3-hydroxycyclobutyl)carbonyl)pyrrolidine-3-carboxylate",,CCOC(=O)C1CCN(C(=O)[C@]2(NC(=O)c3ccn(C)c3CC)C[C@@H](O)C2)C1,
14400,C[C@]1(NC(=O)Cc2ccc3c(c2)CCC3)C[C@H](NC(=O)[C@@]2(Cl)CC2(F)F)C1,"N-((1S,3r)-3-((1S)-1-chloro-2,2-difluorocyclopropanecarboxamido)-1-methylcyclobutyl)-2-(2,3-dihydro-1H-inden-5-yl)acetamide",,C[C@]1(NC(=O)Cc2ccc3c(c2)CCC3)C[C@H](NC(=O)[C@@]2(Cl)CC2(F)F)C1,
14404,CCn1cc2c(n1)[C@H](O)CC1(CCN(N(C)C[C@H](C)C(=O)NC)CC1)O2,"(2S)-3-(((5'R)-8'-ethyl-2'-oxa-7',8'-diazaspiro[piperidine-4,3'-bicyclo[4.3.0]nona-1(9),6-diene]-1-yl-5'-ol)(methyl)amino)-2,N-dimethylpropanamide",,CCn1cc2c(n1)[C@H](O)CC1(CCN(N(C)CC(C)C(=O)NC)CC1)O2,
14465,CCN(CC)S(=O)(=O)c1cccc(C(=O)NCCNC(=O)[C@@H]2[C@H]3C[C@@H]3[C@H]3C[C@@H]23)c1,"(1R,2R,4R,5R,6S)-N-(2-(3-(diethylsulfamoyl)benzamido)ethyl)tricyclo[4.1.0.0^{2,4}]heptane-5-carboxamide",,CCN(CC)S(=O)(=O)c1cccc(C(=O)NCCNC(=O)C2[C@H]3C[C@@H]3[C@H]3C[C@@H]23)c1,
14692,O=C(NC[C@H]1[C@@H]2CN(C(=O)[C@H](O)C3CCC3)C[C@H]12)c1c(Cl)ccc(F)c1F,"6-chloro-N-(((1R,5S,6R)-3-((2R)-2-cyclobutyl-2-hydroxy-acetyl)-3-azabicyclo[3.1.0]hexan-6-yl)methyl)-2,3-difluorobenzamide",,O=C(NC[C@@H]1[C@H]2CN(C(=O)C(O)C3CCC3)C[C@@H]12)c1c(Cl)ccc(F)c1F,
14764,C=C=CCCC(=O)NC[C@H]1[C@@H]2CN(C(=O)c3cccc4scnc34)C[C@H]12,"N-(((1R,5S,6r)-3-((1,3-benzothiazol-4-yl)carbonyl)-3-azabicyclo[3.1.0]hexan-6-yl)methyl)hexa-4,5-dienamide",,C=C=CCCC(=O)NC[C@@H]1[C@H]2CN(C(=O)c3cccc4scnc34)C[C@@H]12,
14786,COc1ccncc1CC(=O)NC[C@]1(F)C[C@@H](CNC(=O)CN2CCCCC2)C1,"N-(((1s,3s)-1-fluoro-3-((2-(piperidin-1-yl)acetamido)methyl)cyclobutyl)methyl)-2-(4-methoxypyridin-3-yl)acetamide",,COc1ccncc1CC(=O)NC[C@]1(F)C[C@@H](CNC(=O)CN2CCCCC2)C1,
14805,CCCc1ncc(C(=O)N2CCC[C@@H](N(C)C(=O)[C@H]3C[C@H]4COC[C@H](C4)C3)C2)s1,"(1R,5S,7s)-N-methyl-N-((3R)-1-((2-propyl-1,3-thiazol-5-yl)carbonyl)piperidin-3-yl)-3-oxabicyclo[3.3.1]nonane-7-carboxamide",,CCCc1ncc(C(=O)N2CCC[C@@H](N(C)C(=O)C3C[C@H]4COC[C@@H](C3)C4)C2)s1,
14860,O=C(CCc1ccoc1)N[C@@H]1CCN(C(=O)[C@H]2C[C@H]3C[C@@H](O)C[C@H](C3)C2)C[C@H]1F,"N-((3R,4R)-3-fluoro-1-(((1R,3s,5S,7R)-7-hydroxybicyclo[3.3.1]nonan-3-yl)carbonyl)piperidin-4-yl)-3-(furan-3-yl)propanamide",,O=C(CCc1ccoc1)N[C@@H]1CCN(C(=O)C2C[C@@H]3C[C@H](O)C[C@H](C2)C3)C[C@H]1F,
14976,Cc1csc(=O)n1CC(=O)N1[C@H]2CC[C@@H]1C[C@@H](NC(=O)CC(=O)OC(C)(C)C)C2,"tert-butyl 2-(((1R,3s,5S)-8-(2-(4-methyl-2-oxo-3H-1,3-thiazol-3-yl)-acetyl)-8-azabicyclo[3.2.1]octan-3-yl)carbamoyl)acetate",,Cc1csc(=O)n1CC(=O)N1[C@@H]2CC[C@H]1C[C@H](NC(=O)CC(=O)OC(C)(C)C)C2,
14980,Cc1cc(C(=O)N[C@H]2C[C@@H]3CN(C(=O)CSc4nncn4C(C)C)C[C@@H]3C2)on1,"3-methyl-N-((1R,5S,7s)-3-(1-oxo-2-((4-(propan-2-yl)-4H-1,2,4-triazol-3-yl)sulfanyl)ethyl)-3-azabicyclo[3.3.0]octan-7-yl)-1,2-oxazole-5-carboxamide",,Cc1cc(C(=O)N[C@H]2C[C@@H]3CN(C(=O)CSc4nncn4C(C)C)C[C@@H]3C2)on1,
15016,Cc1cc(C(=O)N[C@H]2C[C@@H]3CC[C@H](C2)N3C(=O)c2cc(Cl)cnc2O)ccn1,"N-((1R,3s,5S)-8-((5-chloro-2-hydroxypyridin-3-yl)carbonyl)-8-azabicyclo[3.2.1]octan-3-yl)-2-methylpyridine-4-carboxamide",,Cc1cc(C(=O)N[C@@H]2C[C@H]3CC[C@@H](C2)N3C(=O)c2cc(Cl)c[nH]c2=O)ccn1,
15024,COc1cc(CCC(=O)NC[C@](C)(NC(=O)[C@@H]2[C@H]3CCCCC[C@H]32)C2CC2)on1,"N-((2R)-2-((1R,7S,8r)-bicyclo[5.1.0]octane-8-carboxamido)-2-cyclopropylpropyl)-3-(3-methoxy-1,2-oxazol-5-yl)propanamide",,COc1cc(CCC(=O)NC[C@](C)(NC(=O)C2[C@H]3CCCCC[C@@H]23)C2CC2)on1,
15032,CC[C@H](NC(=O)c1ccn(C)c1)C(=O)NC[C@H]1[C@@H]2COC[C@H]12,"1-methyl-N-((2S)-1-((((1R,5S,6s)-3-oxabicyclo[3.1.0]hexan-6-yl)methyl)amino)-1-oxobutan-2-yl)-1H-pyrrole-3-carboxamide",,CCC(NC(=O)c1ccn(C)c1)C(=O)NC[C@@H]1[C@H]2COC[C@@H]12,
15108,CCOc1cc([C@H](C(=O)NC[C@@H]2CCOC2)N2C[C@@H]3[C@@H](CO)[C@@H]3C2)ccn1,"(2R)-2-(2-ethoxypyridin-4-yl)-2-((1R,5S,6R)-6-(hydroxymethyl)-3-azabicyclo[3.1.0]hexan-3-yl)-N-(((3S)-oxolan-3-yl)methyl)acetamide",,CCOc1cc(C(C(=O)NC[C@@H]2CCOC2)N2C[C@@H]3[C@@H](CO)[C@@H]3C2)ccn1,
15169,COCC(C)(C)CC(=O)N[C@H]1C[C@@](C)(NC(=O)CCc2ccc(C(C)C)cc2)C1,"4-methoxy-3,3-dimethyl-N-((1s,3s)-3-methyl-3-(3-(4-(propan-2-yl)phenyl)propanamido)cyclobutyl)butanamide",,COCC(C)(C)CC(=O)N[C@H]1C[C@@](C)(NC(=O)CCc2ccc(C(C)C)cc2)C1,
15211,CCCCC(C)(F)C(=O)N1C[C@H]2[C@H](N(C)C(=O)CC3(OC)CCC3)[C@H]2C1,"N-((1R,5S,6s)-3-(2-fluoro-2-methyl-hexanoyl)-3-azabicyclo[3.1.0]hexan-6-yl)-2-(1-methoxycyclobutyl)-N-methylacetamide",,CCCCC(C)(F)C(=O)N1C[C@@H]2[C@H](C1)[C@H]2N(C)C(=O)CC1(OC)CCC1,
15280,C=C[C@@H]1CC[C@H]1C(=O)N1[C@H]2CC[C@@H]1C[C@@H](NC(=O)CCN(C)c1ccccc1)C2,"N-((1R,3S,5S)-8-(((1R,2S)-2-ethenylcyclobutyl)carbonyl)-8-azabicyclo[3.2.1]octan-3-yl)-3-((methyl)(phenyl)amino)propanamide",,C=C[C@@H]1CCC1C(=O)N1[C@@H]2CC[C@H]1C[C@H](NC(=O)CCN(C)c1ccccc1)C2,
15305,CCC(C)(CC)NC(=O)[C@@H]1[C@H]2CN(Cc3ccc(S(C)(=O)=O)cc3)C[C@H]21,"(1R,5S,6r)-N-(3-methylpentan-3-yl)-3-((4-(methylsulfonyl)phenyl)methyl)-3-azabicyclo[3.1.0]hexane-6-carboxamide",,CCC(C)(CC)NC(=O)C1[C@H]2CN(Cc3ccc(S(C)(=O)=O)cc3)C[C@@H]12,
15351,C=CCO[C@@H](C)C(=O)N[C@H]1C[C@](F)(CNC(=O)[C@@]23CC[C@@](CF)(C2)OC3)C1,"(2S)-N-((1R,3R)-3-fluoro-3-(((1S,4S)-1-(fluoromethyl)-2-oxabicyclo[2.2.1]heptane-4-carboxamido)methyl)cyclobutyl)-2-((prop-2-en-1-yl)oxy)propanamide",,C=CCOC(C)C(=O)N[C@H]1C[C@](F)(CNC(=O)[C@@]23CC[C@@](CF)(C2)OC3)C1,
15441,Cc1ccc(CCC(=O)N[C@H]2C[C@]3(CCCCN3C(=O)[C@@H]3C[C@]34CCOC4)C2)o1,"3-(5-methylfuran-2-yl)-N-(5-((1R,3S)-5-oxaspiro[2.4]heptan-1-ylformyl)-5-azaspiro[3.5]nonan-2-yl)propanamide",CC1=CC=C(O1)CCC(=O)NC1CC2(C1)N(CCCC2)C(=O)[C@@H]2C[C@@]21COCC1,Cc1ccc(CCC(=O)N[C@H]2C[C@]3(CCCCN3C(=O)C3C[C@]34CCOC4)C2)o1,Cc1ccc(CCC(=O)NC2CC3(CCCCN3C(=O)C3C[C@]34CCOC4)C2)o1
15538,CCN1CCCC[C@@H]1C(=O)N1C[C@H]2C[C@H](NC(=O)CC3CC(C(F)F)C3)C[C@H]2C1,"2-(3-(difluoromethyl)cyclobutyl)-N-((1R,5S,7S)-3-(((2R)-1-ethylpiperidin-2-yl)carbonyl)-3-azabicyclo[3.3.0]octan-7-yl)acetamide",,CCN1CCCCC1C(=O)N1C[C@H]2C[C@H](NC(=O)CC3CC(C(F)F)C3)C[C@H]2C1,
15608,CCc1oc(C)cc1C(=O)N1C[C@H]2[C@H](NC(=O)[C@H]3CCOC3=O)[C@H]2C1,"(3R)-N-((1R,5S,6s)-3-((2-ethyl-5-methylfuran-3-yl)carbonyl)-3-azabicyclo[3.1.0]hexan-6-yl)-2-oxooxolane-3-carboxamide",,CCc1oc(C)cc1C(=O)N1C[C@@H]2[C@H](C1)[C@H]2NC(=O)C1CCOC1=O,
15642,C[C@@H](C(=O)NC1CC1)N1C[C@H]2[C@@H](C1)[C@@H]2C(=O)NCc1nc(-c2ncccn2)no1,"(2S)-N-cyclopropyl-2-((1R,5S,6S)-6-(((3-(pyrimidin-2-yl)-1,2,4-oxadiazol-5-yl)methyl)carbamoyl)-3-azabicyclo[3.1.0]hexan-3-yl)propanamide",,CC(C(=O)NC1CC1)N1C[C@@H]2C(C(=O)NCc3nc(-c4ncccn4)no3)[C@@H]2C1,
15750,Cc1ncc(Cl)cc1C(=O)N(C)C[C@H]1[C@@H]2CN(C(=O)CSCC(C)C)C[C@H]12,"5-chloro-2,N-dimethyl-N-(((1R,5S,6r)-3-(2-((2-methylpropyl)sulfanyl)-acetyl)-3-azabicyclo[3.1.0]hexan-6-yl)methyl)pyridine-3-carboxamide",,Cc1ncc(Cl)cc1C(=O)N(C)C[C@@H]1[C@H]2CN(C(=O)CSCC(C)C)C[C@@H]12,
15858,CCn1nncc1C(=O)N[C@@H]1CC(C(=O)NC[C@@H]2[C@H]3CCCC[C@H]32)=C[C@@H]1O,"N-((1R,2S)-4-((((1R,6S,7r)-bicyclo[4.1.0]heptan-7-yl)methyl)carbamoyl)-2-hydroxycyclopent-3-en-1-yl)-1-ethyl-1H-1,2,3-triazole-5-carboxamide",,CCn1nncc1C(=O)N[C@@H]1CC(C(=O)NC[C@H]2[C@@H]3CCCC[C@@H]32)=C[C@@H]1O,
15955,C=C[C@@](C)(CC)C(=O)N[C@H]1C[C@@H]2CC[C@H](C1)N2C(=O)CNc1nccc(OC)n1,"(2R)-2-ethyl-N-((1R,3s,5S)-8-(2-((4-methoxypyrimidin-2-yl)amino)-acetyl)-8-azabicyclo[3.2.1]octan-3-yl)-2-methylbut-3-enamide",,C=C[C@@](C)(CC)C(=O)N[C@@H]1C[C@H]2CC[C@@H](C1)N2C(=O)CNc1nccc(OC)n1,
15960,O=C(CN1C(=O)CNC1=O)NC1CC2(CCN(C(=O)[C@H]3C[C@@](F)(CO)C3)C2)C1,"2-(2,5-dioxoimidazolidin-1-yl)-N-(6-(((1r,3r)-3-fluoro-3-(hydroxymethyl)cyclobutyl)carbonyl)-6-azaspiro[3.4]octan-2-yl)acetamide",,O=C(Cn1c(O)c[nH]c1=O)NC1CC2(CCN(C(=O)C3CC(F)(CO)C3)C2)C1,
16051,O=C(CCOc1ccccc1)NC[C@H]1C[C@@](F)(CNC(=O)Cc2ccsc2Cl)C1,"N-(((1r,3r)-3-((2-(2-chlorothiophen-3-yl)acetamido)methyl)-3-fluorocyclobutyl)methyl)-3-phenoxypropanamide",,O=C(CCOc1ccccc1)NC[C@H]1C[C@@](F)(CNC(=O)Cc2ccsc2Cl)C1,
16053,CSCC(C)(C)CNC(=O)[C@@H]1C[C@@H]2CN(C(=O)COCC3CC3)C[C@@H]2C1,"(1R,5S,7r)-3-(2-(cyclopropylmethoxy)-acetyl)-N-(2,2-dimethyl-3-(methylsulfanyl)propyl)-3-azabicyclo[3.3.0]octane-7-carboxamide",,CSCC(C)(C)CNC(=O)C1C[C@@H]2CN(C(=O)COCC3CC3)C[C@@H]2C1,
16059,C#CC[C@]1(O)C[C@@H](C(=O)N[C@H](C/C=C/C)C(=O)Nn2cnnc2C)C1,"(1s,3S)-3-hydroxy-N-((2R,4E)-1-((3-methyl-4H-1,2,4-triazol-4-yl)amino)-1-oxohex-4-en-2-yl)-3-(prop-2-yn-1-yl)cyclobutanecarboxamide",,C#CCC1(O)CC(C(=O)NC(C/C=C/C)C(=O)Nn2cnnc2C)C1,
16093,COCCCOCC(=O)N[C@H]1[C@@H]2CN(CC(=O)N[C@@H](C)C(C)C)C[C@@H]21,"2-((1R,5S,6R)-6-(2-((3-methoxypropyl)oxy)acetamido)-3-azabicyclo[3.1.0]hexan-3-yl)-N-((2S)-3-methylbutan-2-yl)acetamide",,COCCCOCC(=O)N[C@H]1[C@@H]2CN(CC(=O)N[C@@H](C)C(C)C)C[C@@H]21,
16126,CCOCCOCCC(=O)N[C@H]1C[C@](C)(NC(=O)c2ccncc2Br)C1,"N-((1r,3r)-3-(3-bromopyridine-4-carboxamido)-3-methylcyclobutyl)-3-((2-ethoxyethyl)oxy)propanamide",,CCOCCOCCC(=O)N[C@H]1C[C@](C)(NC(=O)c2ccncc2Br)C1,
16133,Cn1cccc(C(=O)N2C[C@H]3[C@H](CC(=O)N4CC(c5ncccn5)C4)[C@H]3C2)c1=O,"1-methyl-3-(((1R,5S,6s)-6-(2-oxo-2-(3-(pyrimidin-2-yl)azetidin-1-yl)ethyl)-3-azabicyclo[3.1.0]hexan-3-yl)carbonyl)-1H-pyridin-2-one",,Cn1cccc(C(=O)N2C[C@@H]3[C@@H](CC(=O)N4CC(c5ncccn5)C4)[C@@H]3C2)c1=O,
16184,CN1CCOC[C@@H]1CC(=O)NC[C@]1(F)C[C@H](CNC(=O)C2(CF)CCC2)C1,"N-(((1r,3S)-1-fluoro-3-((1-(fluoromethyl)cyclobutanecarboxamido)methyl)cyclobutyl)methyl)-2-((3S)-4-methylmorpholin-3-yl)acetamide",,CN1CCOC[C@@H]1CC(=O)NC[C@]1(F)C[C@H](CNC(=O)C2(CF)CCC2)C1,
16189,CC(C)(C)OC(=O)C1(C(=O)N2[C@H]3CC[C@@H]2C[C@@H](NC(=O)C=C(Cl)Cl)C3)CCCC1,"tert-butyl 1-(((1R,3s,5S)-3-(3,3-dichloroprop-2-enamido)-8-azabicyclo[3.2.1]octan-8-yl)carbonyl)cyclopentanecarboxylate",,CC(C)(C)OC(=O)C1(C(=O)N2[C@@H]3CC[C@H]2C[C@H](NC(=O)C=C(Cl)Cl)C3)CCCC1,
16240,CSCCC(=O)N[C@H]1[C@@H]2CN(C(=O)[C@@H](O)C3CC(F)(F)C3)C[C@@H]21,"N-((1R,5S,6R)-3-((2S)-2-(3,3-difluorocyclobutyl)-2-hydroxy-acetyl)-3-azabicyclo[3.1.0]hexan-6-yl)-3-(methylsulfanyl)propanamide",,CSCCC(=O)N[C@H]1[C@@H]2CN(C(=O)C(O)C3CC(F)(F)C3)C[C@@H]21,
16258,CO[C@H]1C[C@@H](CC(=O)N[C@H]2C[C@@](C)(NC(=O)[C@@H](C)c3ccc(F)cc3)C2)C1,"(2S)-N-((1s,3R)-3-(2-(cis-3-methoxycyclobutyl)acetamido)-1-methylcyclobutyl)-2-(4-fluorophenyl)propanamide",,CO[C@H]1C[C@@H](CC(=O)N[C@H]2C[C@@](C)(NC(=O)C(C)c3ccc(F)cc3)C2)C1,
16274,C#CCCN(C)CC(=O)N[C@H]1C[C@@H]2CC[C@H](C1)N2C(=O)CCCCCCN=[N+]=[N-],"N-((1R,3s,5S)-8-(7-azido-1-oxoheptyl)-8-azabicyclo[3.2.1]octan-3-yl)-2-((but-3-yn-1-yl)(methyl)amino)acetamide",,C#CCCN(C)CC(=O)N[C@@H]1C[C@H]2CC[C@@H](C1)N2C(=O)CCCCCCN=[N+]=[N-],
16303,C[C@H](CNC(=O)C(C)(C)n1cccn1)CN(C)C(=O)[C@@H]1C[C@H]2CCC[C@H](C2)C1,"2-methyl-N-((2R)-2-methyl-3-(N-methyl(1R,3r,5S)-bicyclo[3.3.1]nonane-3-carboxamido)propyl)-2-(1H-pyrazol-1-yl)propanamide",,C[C@H](CNC(=O)C(C)(C)n1cccn1)CN(C)C(=O)C1C[C@H]2CCC[C@@H](C1)C2,
16410,O=C1CCC(C(=O)N[C@H]2C[C@@H]3CN(C(=O)C4=CCCSC4)C[C@@H]3C2)=NN1,"N-((1R,5S,7s)-3-((5,6-dihydro-2H-thiopyran-3-yl)carbonyl)-3-azabicyclo[3.3.0]octan-7-yl)-6-oxo-4,5-dihydro-1H-pyridazine-3-carboxamide",,O=C1CCC(C(=O)N[C@H]2C[C@@H]3CN(C(=O)C4=CCCSC4)C[C@@H]3C2)=NN1,
16441,CCc1cnccc1C(=O)N[C@H]1C[C@@](C)(NC(=O)C23CC(C)(C2)OC3(C)C)C1,"3-ethyl-N-((1s,3s)-3-methyl-3-(1,3,3-trimethyl-2-oxabicyclo[2.1.1]hexane-4-carboxamido)cyclobutyl)pyridine-4-carboxamide",,CCc1cnccc1C(=O)N[C@H]1C[C@@](C)(NC(=O)C23CC(C)(C2)OC3(C)C)C1,
16476,C#Cc1cncc(C(=O)NC[C@H]2[C@@H]3CN(C(=O)[C@H](C)COC)C[C@H]23)c1,"5-(ethynyl)-N-(((1R,5S,6R)-3-((2R)-3-methoxy-2-methyl-propionyl)-3-azabicyclo[3.1.0]hexan-6-yl)methyl)pyridine-3-carboxamide",,C#Cc1cncc(C(=O)NC[C@@H]2[C@H]3CN(C(=O)C(C)COC)C[C@@H]23)c1,
16523,C=CCCC(=O)NC[C@]1(F)C[C@H](CNC(=O)[C@@H](NS(=O)(=O)CCCC)C(C)C)C1,"N-(((1S,3r)-3-(((2S)-2-butylsulfonylamino-3-methylbutanamido)methyl)-1-fluorocyclobutyl)methyl)pent-4-enamide",,C=CCCC(=O)NC[C@]1(F)C[C@H](CNC(=O)C(NS(=O)(=O)CCCC)C(C)C)C1,
16538,Cc1c(Cl)cccc1-n1nnnc1[C@@]1(NC2(CC3CC3)CC2)C[C@@H]2COC[C@@H]2C1,"(1R,5S,7r)-7-(1-(3-chloro-2-methylphenyl)-1H-tetrazol-5-yl)-N-(1-(cyclopropylmethyl)cyclopropyl)-3-oxabicyclo[3.3.0]octan-7-amine",,Cc1c(Cl)cccc1-n1nnnc1[C@]1(NC2(CC3CC3)CC2)C[C@H]2COC[C@H]2C1,
16561,O=C(NC[C@H]1[C@@H]2CN(C(=O)c3cc(Cl)c(Cl)[nH]3)C[C@H]12)[C@H]1C(Cl)(Cl)C12CC2,"(1S)-2,2-dichloro-N-(((1R,5S,6r)-3-((4,5-dichloro-1H-pyrrol-2-yl)carbonyl)-3-azabicyclo[3.1.0]hexan-6-yl)methyl)spiro[2.2]pentane-1-carboxamide",,O=C(NC[C@@H]1[C@H]2CN(C(=O)c3cc(Cl)c(Cl)[nH]3)C[C@@H]12)C1C(Cl)(Cl)C12CC2,
16621,COCCCCC(=O)N(C)[C@H]1[C@@H]2CN(C(=O)[C@H]3Cc4ccccc4O3)C[C@@H]21,"N-((1R,5S,6S)-3-(((2R)-2,3-dihydro-1-benzofuran-2-yl)carbonyl)-3-azabicyclo[3.1.0]hexan-6-yl)-5-methoxy-N-methylpentanamide",,COCCCCC(=O)N(C)[C@H]1[C@@H]2CN(C(=O)C3Cc4ccccc4O3)C[C@@H]21,
16730,CC(C)C(=O)N(C)C[C@H]1[C@@H]2CN(C(=O)c3cc4ncccc4cc3Cl)C[C@H]12,"N-(((1R,5S,6r)-3-((6-chloroquinolin-7-yl)carbonyl)-3-azabicyclo[3.1.0]hexan-6-yl)methyl)-2,N-dimethylpropanamide",,CC(C)C(=O)N(C)C[C@@H]1[C@H]2CN(C(=O)c3cc4ncccc4cc3Cl)C[C@@H]12,
16824,O=C(NC[C@H]1C[C@@](F)(CNC(=O)[C@H]2CCOC2)C1)c1cc2n(n1)CCOC2,"N-(((1S,3r)-3-fluoro-3-(((3S)-oxolane-3-carboxamido)methyl)cyclobutyl)methyl)-3-oxa-6,7-diazabicyclo[4.3.0]nona-1(9),7-diene-8-carboxamide",,O=C(NC[C@H]1C[C@@](F)(CNC(=O)C2CCOC2)C1)c1cc2n(n1)CCOC2,
16856,O=C([C@@H]1[C@H]2CCCC[C@H]21)N1CC[C@H]2[C@@H](C1)CN2C(=O)Cc1cc(Cl)cc(Cl)c1,"1-((1S,6S)-3-(((1R,6S,7r)-bicyclo[4.1.0]heptan-7-yl)carbonyl)-3,7-diazabicyclo[4.2.0]octan-7-yl)-2-(3,5-dichlorophenyl)ethan-1-one",,O=C(C1[C@H]2CCCC[C@@H]12)N1CC[C@H]2[C@@H](C1)CN2C(=O)Cc1cc(Cl)cc(Cl)c1,
16900,CC(=O)N1CCC(C(=O)N[C@@H]2C[C@H]3C[C@H](NC(=O)c4sccc4F)C[C@H]3C2)CC1,"1-(acetyl)-N-((2r,3aR,5s,6aS)-5-(3-fluorothiophene-2-carboxamido)octahydropentalen-2-yl)piperidine-4-carboxamide",,CC(=O)N1CCC(C(=O)N[C@@H]2C[C@H]3C[C@H](NC(=O)c4sccc4F)C[C@H]3C2)CC1,
16958,COCCCCCC(=O)N1[C@H]2CC[C@@H]1C[C@@H](NC(=O)c1ccn(C3CCC3)n1)C2,"1-cyclobutyl-N-((1R,3s,5S)-8-(6-methoxy-hexanoyl)-8-azabicyclo[3.2.1]octan-3-yl)-1H-pyrazole-3-carboxamide",,COCCCCCC(=O)N1[C@@H]2CC[C@H]1C[C@H](NC(=O)c1ccn(C3CCC3)n1)C2,
16987,CC(C)[C@@](C)(O)C(=O)NC[C@H]1C[C@](F)(CNC(=O)CCc2ccccc2C#N)C1,"(2R)-N-(((1s,3S)-3-fluoro-3-((3-(2-(nitrilomethyl)phenyl)propanamido)methyl)cyclobutyl)methyl)-2-hydroxy-2,3-dimethylbutanamide",,CC(C)[C@@](C)(O)C(=O)NC[C@H]1C[C@](F)(CNC(=O)CCc2ccccc2C#N)C1,
17026,C[C@@H]1[C@H](C(=O)NC[C@H]2C[C@H]3CC[C@H]2N3C(=O)c2ccc(N=[N+]=[N-])cc2)[C@@H]1C,"(1s,2R,3S)-N-(((1R,2R,4R)-7-((4-azidophenyl)carbonyl)-7-azabicyclo[2.2.1]heptan-2-yl)methyl)-2,3-dimethylcyclopropanecarboxamide",,C[C@@H]1C(C(=O)NC[C@H]2C[C@H]3CC[C@H]2N3C(=O)c2ccc(N=[N+]=[N-])cc2)[C@@H]1C,
17027,C[C@H](CCN(C)C(=O)c1ccc(C#N)n1C)NC(=O)[C@@H]1[C@H]2CCCCC[C@H]21,"N-((3R)-3-((1R,7S,8r)-bicyclo[5.1.0]octane-8-carboxamido)butyl)-5-cyano-1,N-dimethyl-1H-pyrrole-2-carboxamide",,C[C@H](CCN(C)C(=O)c1ccc(C#N)n1C)NC(=O)C1[C@H]2CCCCC[C@@H]12,
17045,O=C(NCCN(CCOCCO)C(=O)[C@@H]1[C@H]2CCCCCC[C@H]21)c1nncs1,"N-(2-(N-(2-(2-hydroxyethoxy)ethyl)(1R,8S,9r)-bicyclo[6.1.0]nonane-9-carboxamido)ethyl)-1,3,4-thiadiazole-2-carboxamide",,O=C(NCCN(CCOCCO)C(=O)C1[C@H]2CCCCCC[C@@H]12)c1nncs1,
17094,O=C([C@@H]1[C@H]2COC[C@H]21)N1CC[C@@](O)(C(=O)Nc2ccnc(N3CCCC3)c2)C1,"(3S)-3-hydroxy-1-(((1R,5S,6r)-3-oxabicyclo[3.1.0]hexan-6-yl)carbonyl)-N-(2-(pyrrolidin-1-yl)pyridin-4-yl)pyrrolidine-3-carboxamide",,O=C(C1[C@H]2COC[C@@H]12)N1CC[C@@](O)(C(=O)Nc2ccnc(N3CCCC3)c2)C1,
17169,C[C@H]1C[C@]1(C)C(=O)N(C)CCCCCCNC(=O)[C@@]1(C)C[C@@H]2C[C@@H]2C1,"(1R,3s,5S)-3-methyl-N-(6-(N-methyl(1S,2S)-1,2-dimethylcyclopropanecarboxamido)hexyl)bicyclo[3.1.0]hexane-3-carboxamide",,C[C@H]1C[C@]1(C)C(=O)N(C)CCCCCCNC(=O)[C@]1(C)C[C@H]2C[C@H]2C1,
17211,CCc1nc[nH]c(=NCCN[C@H]2C[C@@H]3CC=CC[C@@H]3C2)c1F,"(2s,3aR,7aS)-N-(2-((6-ethyl-5-fluoro-3H-pyrimidin-4-ylidene)amino)ethyl)-2,3,3a,4,7,7a-hexahydro-1H-inden-2-amine",,CCc1ncnc(NCCN[C@@H]2C[C@H]3CC=CC[C@H]3C2)c1F,
17244,Cc1nc(C(C)C)sc1C(=O)NCC[C@]1(O)CCN(C(=O)[C@H]2C[C@@H]3CC[C@@H]3C2)C1,"N-(2-((3S)-1-(((1R,3s,5S)-bicyclo[3.2.0]heptan-3-yl)carbonyl)-3-hydroxypyrrolidin-3-yl)ethyl)-4-methyl-2-(propan-2-yl)-1,3-thiazole-5-carboxamide",,Cc1nc(C(C)C)sc1C(=O)NCC[C@]1(O)CCN(C(=O)C2C[C@H]3CC[C@H]3C2)C1,
17359,C#Cc1ccc(C(=O)N[C@]2(C)C[C@H](NC(=O)CCN3CCCC3=O)C2)c(OC)c1,"4-(ethynyl)-2-methoxy-N-((1s,3s)-1-methyl-3-(3-(2-oxopyrrolidin-1-yl)propanamido)cyclobutyl)benzamide",,C#Cc1ccc(C(=O)N[C@]2(C)C[C@H](NC(=O)CCN3CCCC3=O)C2)c(OC)c1,
17371,CC[C@H](O)CC(=O)N1CCc2nn(C)c(C(=O)N3CCC[C@H]3C(N)=O)c2C1,"(2S)-1-((5-((3S)-3-hydroxy-pentanoyl)-2-methyl-4,5,6,7-tetrahydro-1H-pyrazolo[4,3-c]pyridin-3-yl)carbonyl)pyrrolidine-2-carboxamide",O[C@H](CC(=O)N1CC2=C(CC1)NN(C2C(=O)N2[C@@H](CCC2)C(=O)N)C)CC,CC[C@H](O)CC(=O)N1CCc2nn(C)c(C(=O)N3CCCC3C(N)=O)c2C1,CC[C@H](O)CC(=O)N1CCC2=C(C1)C(C(=O)N1CCCC1C(N)=O)N(C)N2
17379,Cc1ccnc(C(=O)NC[C@]2(F)C[C@@H](NC(=O)[C@H]3CCc4n[nH]c(C)c4C3)C2)c1,"(5S)-N-((1s,3R)-3-fluoro-3-((4-methylpyridine-2-carboxamido)methyl)cyclobutyl)-3-methyl-4,5,6,7-tetrahydro-2H-indazole-5-carboxamide",,Cc1ccnc(C(=O)NC[C@]2(F)C[C@@H](NC(=O)C3CCc4[nH]nc(C)c4C3)C2)c1,
17404,CC(C)(C(=O)NCCCc1ncc[nH]1)[C@H]1CCN(C(=O)[C@@H]2[C@H]3CC(=O)C[C@H]32)C1,"N-(3-(1H-imidazol-2-yl)propyl)-2-methyl-2-((3R)-1-(((1R,5S,6r)-3-oxobicyclo[3.1.0]hexan-6-yl)carbonyl)pyrrolidin-3-yl)propanamide",,CC(C)(C(=O)NCCCc1ncc[nH]1)[C@H]1CCN(C(=O)C2[C@H]3CC(=O)C[C@@H]23)C1,
17457,C[S@](=O)c1ccccc1C(=O)N[C@H]1C[C@@](F)(CNC(=O)CNS(C)(=O)=O)C1,"N-((1r,3S)-3-fluoro-3-((2-methylsulfonylaminoacetamido)methyl)cyclobutyl)-2-((S)-methylsulfinyl)benzamide",,C[S@+]([O-])c1ccccc1C(=O)N[C@H]1C[C@@](F)(CNC(=O)CNS(C)(=O)=O)C1,
17465,C[C@H]1CN(C)C[C@@H](C(=O)N2C[C@H]3[C@H](CNC(=O)[C@@]45CSC[C@H]4C5)[C@H]3C2)O1,"(1S,5S)-N-(((1R,5S,6S)-3-(((2S,6S)-4,6-dimethylmorpholin-2-yl)carbonyl)-3-azabicyclo[3.1.0]hexan-6-yl)methyl)-3-thiabicyclo[3.1.0]hexane-1-carboxamide",,C[C@H]1CN(C)CC(C(=O)N2C[C@@H]3[C@@H](CNC(=O)[C@@]45CSC[C@H]4C5)[C@@H]3C2)O1,
17474,C[C@@H]1C[C@H](C(=O)N2CCO[C@H]3CN(C)C[C@H]32)CN(C(=O)[C@@H]2C[C@@H]3CC[C@@H]3C2)C1,"1-((1R,3r,5S)-bicyclo[3.2.0]heptan-3-yl)-1-((3R,5S)-3-methyl-5-(((1S,6R)-8-methyl-2-oxa-5,8-diazabicyclo[4.3.0]nonan-5-yl)carbonyl)piperidin-1-yl)methanone",,C[C@@H]1CC(C(=O)N2CCO[C@H]3CN(C)C[C@H]32)CN(C(=O)C2C[C@H]3CC[C@H]3C2)C1,
17490,Cc1scnc1C(=O)N[C@]1(c2ccccc2)C[C@@H](NC(=O)CNC(N)=O)C1,"N-((1r,3r)-3-(2-(carbamoylamino)acetamido)-1-phenylcyclobutyl)-5-methyl-1,3-thiazole-4-carboxamide",,Cc1scnc1C(=O)N[C@]1(c2ccccc2)C[C@@H](NC(=O)CNC(N)=O)C1,
17498,Nc1ccc(C(=O)N2C[C@@H]3C[C@H]2[C@@H]3CNC(=O)[C@@H]2[C@H]3CCCC[C@H]32)c(O)c1,"(1R,6S,7r)-N-(((1S,4R,5S)-2-((4-amino-2-hydroxyphenyl)carbonyl)-2-azabicyclo[2.1.1]hexan-5-yl)methyl)bicyclo[4.1.0]heptane-7-carboxamide",,Nc1ccc(C(=O)N2C[C@@H]3C[C@H]2[C@@H]3CNC(=O)C2[C@H]3CCCC[C@@H]23)c(O)c1,
17546,CCC(C)(C)[C@H](O)C(=O)N[C@H]1C[C@@](C)(NC(=O)c2cnn(C)c2C)C1,"(2S)-N-((1s,3R)-3-(1,5-dimethyl-1H-pyrazole-4-carboxamido)-3-methylcyclobutyl)-2-hydroxy-3,3-dimethylpentanamide",,CCC(C)(C)C(O)C(=O)N[C@H]1C[C@@](C)(NC(=O)c2cnn(C)c2C)C1,
17622,Cc1cccc2[nH]cc(C(=O)NC[C@H]3[C@@H]4CN(C(=O)c5snc(O)c5Cl)C[C@H]34)c12,"N-(((1R,5S,6r)-3-((4-chloro-3-hydroxy-1,2-thiazol-5-yl)carbonyl)-3-azabicyclo[3.1.0]hexan-6-yl)methyl)-4-methyl-1H-indole-3-carboxamide",,Cc1cccc2[nH]cc(C(=O)NC[C@@H]3[C@H]4CN(C(=O)c5s[nH]c(=O)c5Cl)C[C@@H]34)c12,
17654,CCN(C(=O)[C@H]1C[C@@H]2CC[C@H](C1)[C@@H]2F)[C@H]1CCCN(C(=O)c2ccncc2)C1,"(1R,3s,5S,8S)-N-ethyl-8-fluoro-N-((3S)-1-((pyridin-4-yl)carbonyl)piperidin-3-yl)bicyclo[3.2.1]octane-3-carboxamide",,CCN(C(=O)C1C[C@H]2CC[C@@H](C1)[C@H]2F)[C@H]1CCCN(C(=O)c2ccncc2)C1,
17693,Cc1nnc(C(=O)N[C@]2(C)C[C@H](NC(=O)[C@@H]3CCC[C@H]3O)C2)s1,"N-((1S,3s)-3-((1R,2R)-2-hydroxycyclopentanecarboxamido)-1-methylcyclobutyl)-5-methyl-1,3,4-thiadiazole-2-carboxamide",,Cc1nnc(C(=O)N[C@]2(C)C[C@H](NC(=O)C3CCC[C@H]3O)C2)s1,
17747,C[C@@H]1CC(=O)NC[C@H]1C(=O)NCc1cc(C(=O)NC[C@H]2C[C@H](O)[C@H](O)C2)no1,"N-(((1s,3R,4S)-3,4-dihydroxycyclopentyl)methyl)-5-(((3S,4R)-4-methyl-6-oxopiperidine-3-carboxamido)methyl)-1,2-oxazole-3-carboxamide",,C[C@@H]1CC(=O)NCC1C(=O)NCc1cc(C(=O)NC[C@@H]2C[C@@H](O)[C@@H](O)C2)no1,
17798,CC1(C)OCC[C@H]1CC(=O)N[C@H]1C[C@H]2COC[C@@H](C1)N2C(=O)C=C[C@@H]1CCOC1,"2-((3S)-2,2-dimethyloxolan-3-yl)-N-((1R,5S,7R)-9-(1-oxo-3-((3S)-oxolan-3-yl)prop-2-en-1-yl)-3-oxa-9-azabicyclo[3.3.1]nonan-7-yl)acetamide",,CC1(C)OCC[C@H]1CC(=O)N[C@H]1C[C@H]2COC[C@@H](C1)N2C(=O)C=C[C@@H]1CCOC1,
17809,O=C(N[C@@H]1CCCCC12CCN(C(=O)c1cnsc1)CC2)[C@@H]1[C@H]2CCCC[C@H]21,"(1R,6S,7r)-N-((7R)-3-((1,2-thiazol-4-yl)carbonyl)-3-azaspiro[5.5]undecan-7-yl)bicyclo[4.1.0]heptane-7-carboxamide",,O=C(N[C@@H]1CCCCC12CCN(C(=O)c1cnsc1)CC2)C1[C@H]2CCCC[C@@H]12,
17824,COCc1cc(CC(=O)N2CCC3(CC2)CC(NC(=O)[C@@H]2[C@H]4COC[C@H]42)C3)no1,"(1R,5S,6r)-N-(7-(2-(5-(methoxymethyl)-1,2-oxazol-3-yl)-acetyl)-7-azaspiro[3.5]nonan-2-yl)-3-oxabicyclo[3.1.0]hexane-6-carboxamide",,COCc1cc(CC(=O)N2CCC3(CC2)CC(NC(=O)C2[C@H]4COC[C@@H]24)C3)no1,
17869,CN(C)CCCCCC(=O)N1C[C@H](NC(=O)[C@@H]2[C@H]3CCC[C@H]32)[C@@H]2CCCC[C@@H]21,"(1R,5S,6r)-N-((3R,3aS,7aS)-1-(6-(dimethylamino)-hexanoyl)octahydro-1H-indol-3-yl)bicyclo[3.1.0]hexane-6-carboxamide",,CN(C)CCCCCC(=O)N1C[C@H](NC(=O)C2[C@H]3CCC[C@@H]23)[C@@H]2CCCC[C@@H]21,
17988,CC(C)c1ccc([C@H](C)N=c2[nH]c(=N[C@@H]3[C@H]4CCCC[C@H]43)c3sccc3[nH]2)cc1,"N'-((1R,6S,7r)-bicyclo[4.1.0]heptan-7-yl)-N-((1S)-1-(4-(propan-2-yl)phenyl)ethyl)-1,3-dihydrothieno[3,2-d]pyrimidine-2,4-diimine",,CC(C)c1ccc([C@H](C)Nc2nc(N[C@H]3[C@@H]4CCCC[C@@H]43)c3sccc3n2)cc1,
18010,Cn1nnc(C(=O)NC[C@]2(F)C[C@H](CNC(=O)CC[C@H]3C[C@H]4CC[C@H]3C4)C2)c1N,"5-amino-N-(((1S,3r)-3-((3-((1S,2S,4S)-bicyclo[2.2.1]heptan-2-yl)propanamido)methyl)-1-fluorocyclobutyl)methyl)-1-methyl-1H-1,2,3-triazole-4-carboxamide",,Cn1nnc(C(=O)NC[C@]2(F)C[C@H](CNC(=O)CC[C@H]3C[C@H]4CC[C@H]3C4)C2)c1N,
18071,[N-]=[N+]=NCCC1(C(=O)N2[C@H]3CC[C@@H]2C[C@@H](CNC(=O)C(=O)NC2CC2)C3)CC1,"N-(((1R,3s,5S)-8-((1-(2-azidoethyl)cyclopropyl)carbonyl)-8-azabicyclo[3.2.1]octan-3-yl)methyl)-N'-cyclopropylethanediamide",,[N-]=[N+]=NCCC1(C(=O)N2[C@@H]3CC[C@H]2C[C@H](CNC(=O)C(=O)NC2CC2)C3)CC1,
18100,CCCC[C@@H](NC(=O)CN(C(=O)[C@@H]1C[C@@H]2CC[C@@H]2C1)C1CC1)C(=O)NC,"(2R)-2-(2-(N-cyclopropyl(1R,3r,5S)-bicyclo[3.2.0]heptane-3-carboxamido)acetamido)-N-methylhexanamide",,CCCCC(NC(=O)CN(C(=O)C1C[C@H]2CC[C@H]2C1)C1CC1)C(=O)NC,
18124,CC1(CC(=O)N[C@H]2C[C@@](F)(CN=c3ncc4ccccc4[nH]3)C2)CC1,"N-((1r,3r)-3-fluoro-3-(((quinazolin-2-ylidene)amino)methyl)cyclobutyl)-2-(1-methylcyclopropyl)acetamide",,CC1(CC(=O)N[C@H]2C[C@@](F)(CNc3ncc4ccccc4n3)C2)CC1,
18196,CC1(C)CC[C@H]1CC(=O)NC[C@]1(F)C[C@H](CNC(=O)C2(c3ccccc3)CC2)C1,"2-((1S)-2,2-dimethylcyclobutyl)-N-(((1r,3S)-1-fluoro-3-((1-phenylcyclopropanecarboxamido)methyl)cyclobutyl)methyl)acetamide",,CC1(C)CC[C@H]1CC(=O)NC[C@]1(F)C[C@H](CNC(=O)C2(c3ccccc3)CC2)C1,
18203,C=C[C@H](O)C(=O)N1C[C@@H]2C[C@H](NC(=O)[C@@H]([C@@H](C)CC)N(C)C)C[C@@H](C2)C1,"(2R,3S)-2-(dimethylamino)-N-((1R,5S,7R)-3-((2S)-2-hydroxy-1-oxobut-3-en-1-yl)-3-azabicyclo[3.3.1]nonan-7-yl)-3-methylpentanamide",,C=CC(O)C(=O)N1C[C@@H]2C[C@@H](C[C@H](NC(=O)C([C@@H](C)CC)N(C)C)C2)C1,
18244,COc1ccc(C(=O)N2C[C@H]3[C@H](CNC(=O)c4ccc(F)cc4OC)[C@H]3C2)nn1,"4-fluoro-2-methoxy-N-(((1R,5S,6r)-3-((6-methoxypyridazin-3-yl)carbonyl)-3-azabicyclo[3.1.0]hexan-6-yl)methyl)benzamide",,COc1ccc(C(=O)N2C[C@@H]3[C@@H](CNC(=O)c4ccc(F)cc4OC)[C@@H]3C2)nn1,
18283,O=C(NC[C@H]1C[C@@H](NC(=O)[C@@H]2[C@H]3CCCC[C@H]32)C1)c1csnn1,"N-((cis-3-((1R,6S,7r)-bicyclo[4.1.0]heptane-7-carboxamido)cyclobutyl)methyl)-1,2,3-thiadiazole-4-carboxamide",,O=C(NC[C@H]1C[C@@H](NC(=O)C2[C@H]3CCCC[C@@H]23)C1)c1csnn1,
18292,CSc1cc([C@@H](C(=O)NCCOCC2CC2)N(C)[C@@H]2C[C@@H](C)C[C@@H](C)C2)n(C)n1,"(2S)-N-(2-(cyclopropylmethoxy)ethyl)-2-(((1r,3R,5S)-3,5-dimethylcyclohexyl)(methyl)amino)-2-(1-methyl-3-(methylsulfanyl)-1H-pyrazol-5-yl)acetamide",,CSc1cc(C(C(=O)NCCOCC2CC2)N(C)[C@H]2C[C@H](C)C[C@H](C)C2)n(C)n1,
18307,CCc1c(C(=O)N[C@H]2CC[C@@H](NC(=O)[C@@H]3C[C@@H]4CC[C@@H]4C3)C2)[nH]c(C)c1C(N)=O,"N-((1S,3R)-3-((1R,3r,5S)-bicyclo[3.2.0]heptane-3-carboxamido)cyclopentyl)-3-ethyl-5-methyl-1H-pyrrole-2,4-dicarboxamide",,CCc1c(C(=O)N[C@H]2CC[C@@H](NC(=O)C3C[C@H]4CC[C@H]4C3)C2)[nH]c(C)c1C(N)=O,
18316,C[C@H](CNC(=O)c1nn(C)c2c1CSCC2)NC(=O)[C@@H]1[C@H]2CC(F)(F)C[C@H]21,"N-((2R)-2-((1R,5S,6r)-3,3-difluorobicyclo[3.1.0]hexane-6-carboxamido)propyl)-7-methyl-3-thia-7,8-diazabicyclo[4.3.0]nona-1(6),8-diene-9-carboxamide",,C[C@H](CNC(=O)c1nn(C)c2c1CSCC2)NC(=O)C1[C@H]2CC(F)(F)C[C@@H]12,
18328,O=C(N[C@@H](CC(F)F)C(=O)N1CCC(F)(F)C1)[C@@H]1[C@H]2[C@@H]3CC[C@@H](C3)[C@H]21,"(1R,2S,3r,4R,5S)-N-((2S)-1-(3,3-difluoropyrrolidin-1-yl)-4,4-difluoro-1-oxobutan-2-yl)tricyclo[3.2.1.0^{2,4}]octane-3-carboxamide",,O=C(NC(CC(F)F)C(=O)N1CCC(F)(F)C1)C1[C@@H]2[C@H]3CC[C@H](C3)[C@H]12,
18392,COCC1CCN(c2nnnn2C[C@@H]2[C@H]3CCCCC[C@H]32)CC1,"1-(1-(((1R,7S,8r)-bicyclo[5.1.0]octan-8-yl)methyl)-1H-tetrazol-5-yl)-4-(methoxymethyl)piperidine",,COCC1CCN(c2nnnn2C[C@H]2[C@@H]3CCCCC[C@@H]32)CC1,
18403,C[C@H]1C[C@@H](C(=O)N2C[C@H]3C[C@@H](C(=O)NCCOC(=O)C4CC4)C[C@H]3C2)CC(=O)N1,"2-((1R,5S,7R)-3-(((2S,4R)-2-methyl-6-oxopiperidin-4-yl)carbonyl)-3-azabicyclo[3.3.0]octane-7-carboxamido)ethyl cyclopropanecarboxylate",,C[C@H]1CC(C(=O)N2C[C@H]3CC(C(=O)NCCOC(=O)C4CC4)C[C@H]3C2)CC(=O)N1,
18448,Cc1cc(CC(=O)N2C[C@H]3[C@H](NC(=O)[C@H]4CCc5nnc(C)n5C4)[C@H]3C2)on1,"(6S)-3-methyl-N-((1R,5S,6s)-3-(2-(3-methyl-1,2-oxazol-5-yl)-acetyl)-3-azabicyclo[3.1.0]hexan-6-yl)-5,6,7,8-tetrahydro[1,2,4]triazolo[4,3-a]pyridine-6-carboxamide",,Cc1cc(CC(=O)N2C[C@@H]3[C@H](C2)[C@H]3NC(=O)C2CCc3nnc(C)n3C2)on1,
18598,C[C@]1(NC(=O)c2ccc(Br)cc2N)C[C@H](NC(=O)C[C@@H]2C[C@H]3C[C@H]3C2)C1,"2-amino-N-((1r,3r)-3-(2-((1R,3s,5S)-bicyclo[3.1.0]hexan-3-yl)acetamido)-1-methylcyclobutyl)-4-bromobenzamide",,C[C@]1(NC(=O)c2ccc(Br)cc2N)C[C@H](NC(=O)C[C@H]2C[C@@H]3C[C@@H]3C2)C1,
18646,CN1CC[C@@](C)(C(=O)N[C@H]2C[C@@](C)(NC(=O)[C@@H]3CCS3(=O)=O)C2)C1,"(3R)-N-((1R,3S)-3-((2S)-1,1-dioxothietane-2-carboxamido)-3-methylcyclobutyl)-1,3-dimethylpyrrolidine-3-carboxamide",,CN1CC[C@@](C)(C(=O)N[C@H]2C[C@@](C)(NC(=O)C3CCS3(=O)=O)C2)C1,
18757,CCc1ccc(C(=O)N2C[C@H]3[C@H](CNC(=O)[C@]4(Cl)CC45CCC5)[C@H]3C2)c(F)c1,"(1S)-1-chloro-N-(((1R,5S,6r)-3-((4-ethyl-2-fluorophenyl)carbonyl)-3-azabicyclo[3.1.0]hexan-6-yl)methyl)spiro[2.3]hexane-1-carboxamide",,CCc1ccc(C(=O)N2C[C@@H]3[C@@H](CNC(=O)[C@]4(Cl)CC45CCC5)[C@@H]3C2)c(F)c1,
18773,CSCC[C@@H](C(=O)N[C@H]1CCCCN(C(=O)[C@H]2C[C@](F)(CO)C2)C1)N(C)C,"(2S)-2-(dimethylamino)-N-((3S)-1-(((1s,3R)-3-fluoro-3-(hydroxymethyl)cyclobutyl)carbonyl)azepan-3-yl)-4-(methylsulfanyl)butanamide",,CSCCC(C(=O)N[C@H]1CCCCN(C(=O)C2CC(F)(CO)C2)C1)N(C)C,
18801,O=C(N[C@H]1C[C@@H]2CN(C(=O)[C@H]3CCCc4nncn43)C[C@@H]2C1)c1cc(O)no1,"3-hydroxy-N-((1R,5S,7S)-3-(((5R)-5,6,7,8-tetrahydro[1,2,4]triazolo[4,3-a]pyridin-5-yl)carbonyl)-3-azabicyclo[3.3.0]octan-7-yl)-1,2-oxazole-5-carboxamide",,O=C(N[C@H]1C[C@@H]2CN(C(=O)C3CCCc4nncn43)C[C@@H]2C1)c1cc(=O)[nH]o1,
18802,O=C(NCC1(F)CCN(C(=O)[C@]23COC[C@H]2CS(=O)(=O)C3)CC1)[C@@H]1[C@H]2COC[C@H]21,"(1R,5S,6r)-N-((1-(((1R,5S)-7,7-dioxo-3-oxa-7lambda^6-thiabicyclo[3.3.0]octan-1-yl)carbonyl)-4-fluoropiperidin-4-yl)methyl)-3-oxabicyclo[3.1.0]hexane-6-carboxamide",,O=C(NCC1(F)CCN(C(=O)[C@]23COC[C@H]2CS(=O)(=O)C3)CC1)C1[C@H]2COC[C@@H]12,
18821,O=C(NCC1CCN(C(=O)CCc2cc(F)ccc2F)CC1)[C@@H]1[C@H]2COC[C@H]21,"(1R,5S,6r)-N-((1-(3-(2,5-difluorophenyl)-propionyl)piperidin-4-yl)methyl)-3-oxabicyclo[3.1.0]hexane-6-carboxamide",,O=C(NCC1CCN(C(=O)CCc2cc(F)ccc2F)CC1)C1[C@H]2COC[C@@H]12,
18849,O=C(N[C@H]1C[C@@H]2CN(C(=O)c3nncn3C3CC3)C[C@@H]2C1)[C@@H]1CC[C@H](F)C1,"(1R,3S)-N-((1R,5S,7s)-3-((4-cyclopropyl-4H-1,2,4-triazol-3-yl)carbonyl)-3-azabicyclo[3.3.0]octan-7-yl)-3-fluorocyclopentanecarboxamide",,O=C(N[C@H]1C[C@@H]2CN(C(=O)c3nncn3C3CC3)C[C@@H]2C1)C1CC[C@H](F)C1,
18855,CCO[C@H]1CCN(C(=O)CC2(NC(=O)[C@@H]3[C@H]4COC[C@H]43)CC2)C1,"(1R,5S,6r)-N-(1-(2-((3S)-3-ethoxypyrrolidin-1-yl)-2-oxoethyl)cyclopropyl)-3-oxabicyclo[3.1.0]hexane-6-carboxamide",,CCO[C@H]1CCN(C(=O)CC2(NC(=O)C3[C@H]4COC[C@@H]34)CC2)C1,
19048,CC[C@@H](CC(=O)N[C@]1(C)C[C@H](C(=O)NCc2nncn2C)C1)C(C)(C)C,"(3S)-3-ethyl-4,4-dimethyl-N-((1s,3R)-1-methyl-3-(((4-methyl-4H-1,2,4-triazol-3-yl)methyl)carbamoyl)cyclobutyl)pentanamide",,CC[C@@H](CC(=O)NC1(C)CC(C(=O)NCc2nncn2C)C1)C(C)(C)C,
19120,COCC[C@@H](C)C(=O)N[C@H]1C[C@](C)(NC(=O)c2cccn3cc(C)nc23)C1,"(2R)-4-methoxy-2-methyl-N-((1r,3R)-3-methyl-3-(2-methylimidazo[1,2-a]pyridine-8-carboxamido)cyclobutyl)butanamide",,COCCC(C)C(=O)N[C@H]1C[C@](C)(NC(=O)c2cccn3cc(C)nc23)C1,
19157,Cc1ccccc1CC(=O)N1C[C@@H]2[C@H](C1)[C@@H]2NC(=O)c1cn[nH]c1,"N-((1R,5S,6r)-3-(2-(2-methylphenyl)-acetyl)-3-azabicyclo[3.1.0]hexan-6-yl)-1H-pyrazole-4-carboxamide",,Cc1ccccc1CC(=O)N1C[C@@H]2[C@H](C1)[C@@H]2NC(=O)c1cn[nH]c1,
19222,C=CC[C@@H](C(=O)N[C@H]1[C@@H]2CN(C(=O)c3ccc(C)cn3)C[C@@H]21)c1ccccc1,"(2R)-N-((1R,5S,6s)-3-((5-methylpyridin-2-yl)carbonyl)-3-azabicyclo[3.1.0]hexan-6-yl)-2-phenylpent-4-enamide",,C=CCC(C(=O)N[C@H]1[C@@H]2CN(C(=O)c3ccc(C)cn3)C[C@@H]21)c1ccccc1,
19277,CC[C@@H](C)CCC(=O)N1CCCN(C(=O)c2cc3c([nH]2)CCCC3=O)[C@H](C)C1,"8-(((2R)-2-methyl-4-((4R)-4-methyl-hexanoyl)-1,4-diazepan-1-yl)carbonyl)-7-azabicyclo[4.3.0]nona-1(6),8-dien-2-one",C[C@H]1N(CCCN(C1)C(CC[C@@H](CC)C)=O)C(=O)C=1NC=2CCCC(C2C1)=O,CC[C@@H](C)CCC(=O)N1CCCN(C(=O)c2cc3c([nH]2)CCCC3=O)[C@H](C)C1,CC[C@@H](C)CCC(=O)N1CCCN(C(O)c2cc3c(O)cccc3[nH]2)[C@H](C)C1
19293,C=CCC(C)(C)C(=O)N[C@H]1C[C@@H]2CN(C(=O)[C@]3(C)C[C@@H](C#N)C3)C[C@@H]2C1,"2,2-dimethyl-N-((1R,5S,7s)-3-(((1r,3r)-1-methyl-3-(nitrilomethyl)cyclobutyl)carbonyl)-3-azabicyclo[3.3.0]octan-7-yl)pent-4-enamide",,C=CCC(C)(C)C(=O)N[C@H]1C[C@@H]2CN(C(=O)[C@]3(C)C[C@@H](C#N)C3)C[C@@H]2C1,
19294,CC[C@H]1C[C@@H]1NC(=O)[C@@H]1C[C@@H]2CN(C(=O)c3cnc(C)nc3C)C[C@@H]2C1,"(1R,5S,7r)-3-((2,4-dimethylpyrimidin-5-yl)carbonyl)-N-((1S,2S)-2-ethylcyclopropyl)-3-azabicyclo[3.3.0]octane-7-carboxamide",,CC[C@H]1C[C@@H]1NC(=O)C1C[C@@H]2CN(C(=O)c3cnc(C)nc3C)C[C@@H]2C1,
19337,O=C(Nc1ccc([C@@H]2CNCCO2)cc1)[C@H]1CC[C@H]2C[C@H]2CC1,"(1R,4s,7S)-N-(4-((2R)-morpholin-2-yl)phenyl)bicyclo[5.1.0]octane-4-carboxamide",,O=C(Nc1ccc([C@@H]2CNCCO2)cc1)C1CC[C@@H]2C[C@@H]2CC1,
19346,CCOc1ccc(C(=O)NC[C@@H](C)NC(=O)[C@@H]2CC[C@H]3C[C@H]3CC2)c(F)c1F,"(1R,4r,7S)-N-((2R)-1-(4-ethoxy-2,3-difluorobenzamido)propan-2-yl)bicyclo[5.1.0]octane-4-carboxamide",,CCOc1ccc(C(=O)NC[C@@H](C)NC(=O)C2CC[C@@H]3C[C@@H]3CC2)c(F)c1F,
19394,C[C@H](CC1CCN(C(=O)[C@@H](C)NC(=O)C(C)(C)C)CC1)NC(=O)[C@H]1C[C@@H]2C[C@@H]2C1,"N-((2R)-1-(4-((2R)-2-((1R,3s,5S)-bicyclo[3.1.0]hexane-3-carboxamido)propyl)piperidin-1-yl)-1-oxopropan-2-yl)-2,2-dimethylpropanamide",,CC(NC(=O)C(C)(C)C)C(=O)N1CCC(C[C@@H](C)NC(=O)C2C[C@@H]3C[C@@H]3C2)CC1,
19417,C#Cc1cnc(C(=O)N2C[C@H]3[C@H](CNC(=O)c4ccnn4C=C)[C@H]3C2)c(C)c1,"1-ethenyl-N-(((1R,5S,6r)-3-((5-(ethynyl)-3-methylpyridin-2-yl)carbonyl)-3-azabicyclo[3.1.0]hexan-6-yl)methyl)-1H-pyrazole-5-carboxamide",,C#Cc1cnc(C(=O)N2C[C@@H]3[C@@H](CNC(=O)c4ccnn4C=C)[C@@H]3C2)c(C)c1,
19433,C=CCC[C@H](NC(=O)[C@@H]1C[C@@H]2CN(C(=O)[C@@H](C)C(CC)CC)C[C@@H]2C1)C(=O)OC,"methyl (2S)-2-((1R,5S,7S)-3-((2S)-3-ethyl-2-methyl-pentanoyl)-3-azabicyclo[3.3.0]octane-7-carboxamido)hex-5-enoate",,C=CCCC(NC(=O)C1C[C@@H]2CN(C(=O)C(C)C(CC)CC)C[C@@H]2C1)C(=O)OC,
19458,CCCC=CC(=O)N[C@H]1C[C@](F)(CNC(=O)c2ccnc3ccnn23)C1,"N-((1s,3s)-3-fluoro-3-((pyrazolo[1,5-a]pyrimidine-7-carboxamido)methyl)cyclobutyl)hex-2-enamide",,CCCC=CC(=O)N[C@H]1C[C@](F)(CNC(=O)c2ccnc3ccnn23)C1,
19478,C[C@@]1(C(=O)NC[C@H]2CN(C(=O)c3nc4ncccn4n3)CC2(F)F)C[C@@H]2C[C@@H]2C1,"(1R,3r,5S)-N-(((3S)-1-(([1,2,4]triazolo[1,5-a]pyrimidin-2-yl)carbonyl)-4,4-difluoropyrrolidin-3-yl)methyl)-3-methylbicyclo[3.1.0]hexane-3-carboxamide",,C[C@]1(C(=O)NC[C@H]2CN(C(=O)c3nc4ncccn4n3)CC2(F)F)C[C@H]2C[C@H]2C1,
19492,C[C@]1(C(=O)N[C@@H]2CCN(C(=O)/C=C/c3ccoc3)C2)C[C@H](C#N)C1,"(1r,3R)-3-cyano-N-((3R)-1-((2E)-3-(furan-3-yl)-1-oxoprop-2-en-1-yl)pyrrolidin-3-yl)-1-methylcyclobutanecarboxamide",,C[C@]1(C(=O)N[C@@H]2CCN(C(=O)/C=C/c3ccoc3)C2)C[C@H](C#N)C1,
19584,C#C[C@]1(O)C[C@@H](C(=O)N2CC[C@H](C)[C@@H](CC(=O)N3CC4(COC(=O)C4)C3)C2)C1,"2-(2-((3R,4S)-1-(((1s,3S)-3-(ethynyl)-3-hydroxycyclobutyl)carbonyl)-4-methylpiperidin-3-yl)-acetyl)-6-oxa-2-azaspiro[3.4]octan-7-one",,C#CC1(O)CC(C(=O)N2CC[C@H](C)[C@@H](CC(=O)N3CC4(COC(=O)C4)C3)C2)C1,
19687,CC(=O)NCCCC(=O)N1C[C@H]2[C@H](CN(C)C(=O)c3cncc(C(F)F)c3)[C@H]2C1,"N-(4-((1R,5S,6r)-6-((N-methyl-5-(difluoromethyl)pyridine-3-carboxamido)methyl)-3-azabicyclo[3.1.0]hexan-3-yl)-4-oxobutyl)acetamide",,CC(=O)NCCCC(=O)N1C[C@@H]2[C@@H](CN(C)C(=O)c3cncc(C(F)F)c3)[C@@H]2C1,
19752,O=C(c1cc2nc[nH]c2cn1)N1C[C@H]2[C@H](Nc3ncnc(O)c3Br)[C@H]2C1,"1-((1R,5S,6s)-6-((5-bromo-6-hydroxypyrimidin-4-yl)amino)-3-azabicyclo[3.1.0]hexan-3-yl)-1-(3,7,9-triazabicyclo[4.3.0]nona-1,3,5,7-tetraen-4-yl)methanone",,O=C(c1cc2[nH]cnc2cn1)N1C[C@@H]2[C@H](C1)[C@H]2Nc1[nH]cnc(=O)c1Br,
19756,C[C@H]1CN(C(=O)c2ccccn2)C[C@@H](C)[C@@H]1NC(=O)Cc1cn(C)cn1,"N-((3R,4r,5S)-3,5-dimethyl-1-((pyridin-2-yl)carbonyl)piperidin-4-yl)-2-(1-methyl-1H-imidazol-4-yl)acetamide",,C[C@@H]1CN(C(=O)c2ccccn2)C[C@H](C)[C@H]1NC(=O)Cc1cn(C)cn1,
19759,COn1cnc(C)c1C(=O)N[C@H]1C[C@](F)(CNC(=O)[C@]23C[C@@H]4C[C@@H]2[C@H]3[C@H]4O)C1,"N-((1S,3s)-3-fluoro-3-(((1R,2R,3S,4S,6R)-3-hydroxytricyclo[2.2.1.0^{2,6}]heptane-1-carboxamido)methyl)cyclobutyl)-1-methoxy-4-methyl-1H-imidazole-5-carboxamide",,COn1cnc(C)c1C(=O)N[C@H]1C[C@](F)(CNC(=O)[C@]23C[C@@H]4C[C@@H]2[C@H]3[C@H]4O)C1,
19802,O=C(NC[C@]1(F)C[C@H](Nc2ccc([N+](=O)[O-])cc2F)C1)c1n[nH]c2c1COCC2,"N-(((1r,3r)-1-fluoro-3-((2-fluoro-4-nitrophenyl)amino)cyclobutyl)methyl)-3-oxa-7,8-diazabicyclo[4.3.0]nona-1(6),8-diene-9-carboxamide",,O=C(NC[C@]1(F)C[C@H](Nc2ccc([N+](=O)[O-])cc2F)C1)c1[nH]nc2c1COCC2,
19832,C[C@H]1[C@@H]2CN(C(=NCCCS(=O)(=O)c3ccccc3)NCCN3CCCC3)C[C@H]12,"N-(((1R,5S,6s)-6-methyl-3-azabicyclo[3.1.0]hexan-3-yl)((3-(phenylsulfonyl)propyl)imino)methyl)-2-(pyrrolidin-1-yl)ethan-1-amine",,C[C@@H]1[C@H]2CN(C(=NCCCS(=O)(=O)c3ccccc3)NCCN3CCCC3)C[C@@H]12,
19868,CC=CC=CC(=O)N1C[C@H]2[C@H](NC(=O)c3n[nH]c(C)n3)[C@H]2C1,"5-methyl-N-((1R,5S,6s)-3-(1-oxohexa-2,4-dien-1-yl)-3-azabicyclo[3.1.0]hexan-6-yl)-1H-1,2,4-triazole-3-carboxamide",,CC=CC=CC(=O)N1C[C@@H]2[C@H](C1)[C@H]2NC(=O)c1n[nH]c(C)n1,
19928,CCN1N=C(C(=O)N2[C@H]3CC[C@@H]2C[C@@H](NC(=O)[C@@H](C)CC(C)(C)C)C3)CCC1=O,"(2S)-N-((1R,3s,5S)-8-((1-ethyl-6-oxo-4,5-dihydro-1H-pyridazin-3-yl)carbonyl)-8-azabicyclo[3.2.1]octan-3-yl)-2,4,4-trimethylpentanamide",,CCN1N=C(C(=O)N2[C@@H]3CC[C@H]2C[C@H](NC(=O)C(C)CC(C)(C)C)C3)CCC1=O,
20167,Cc1[nH]ccc1C(=O)N1C[C@H]2CC[C@@H](C1)[C@@H]2C(=O)NCCN(C)C,"(1R,5S,8r)-N-(2-(dimethylamino)ethyl)-3-((2-methyl-1H-pyrrol-3-yl)carbonyl)-3-azabicyclo[3.2.1]octane-8-carboxamide",,Cc1[nH]ccc1C(=O)N1C[C@H]2CC[C@@H](C1)C2C(=O)NCCN(C)C,
20199,C[C@H]1[C@@H]2CN(C(=O)CCCN(C)C(=O)[C@H]3CC34CCC4)C[C@H]12,"(1S)-N-methyl-N-(4-((1R,5S,6R)-6-methyl-3-azabicyclo[3.1.0]hexan-3-yl)-4-oxobutyl)spiro[2.3]hexane-1-carboxamide",,C[C@@H]1[C@H]2CN(C(=O)CCCN(C)C(=O)C3CC34CCC4)C[C@@H]12,
20241,O=C(CCc1cccnc1Cl)NC[C@]1(F)C[C@@H](NC(=O)CCC2CCCC2)C1,"3-(2-chloropyridin-3-yl)-N-(((1s,3s)-3-(3-cyclopentylpropanamido)-1-fluorocyclobutyl)methyl)propanamide",,O=C(CCc1cccnc1Cl)NC[C@]1(F)C[C@@H](NC(=O)CCC2CCCC2)C1,
20410,CC1(C(=O)N2[C@H]3CC[C@@H]2C[C@H](CNC(=O)c2sc4ncccc4c2Cl)C3)CCC1,"3-chloro-N-(((1R,3r,5S)-8-((1-methylcyclobutyl)carbonyl)-8-azabicyclo[3.2.1]octan-3-yl)methyl)thieno[2,3-b]pyridine-2-carboxamide",,CC1(C(=O)N2[C@@H]3CC[C@H]2C[C@@H](CNC(=O)c2sc4ncccc4c2Cl)C3)CCC1,
20434,CCCC(=O)NC[C@]1(F)C[C@@H](NC(=O)C2(N[C@H](C)CC)Cc3ccccc3C2)C1,"N-(((1S,3s)-3-(2-(((2R)-butan-2-yl)amino)-2,3-dihydro-1H-indene-2-carboxamido)-1-fluorocyclobutyl)methyl)butanamide",,CCCC(=O)NC[C@]1(F)C[C@@H](NC(=O)C2(N[C@H](C)CC)Cc3ccccc3C2)C1,
20473,C/C=C/C[C@@H](C)C(=O)NC[C@]1(F)C[C@H](NC(=O)[C@](O)(C(C)C)C(F)(F)F)C1,"(2R,4E)-N-(((1R,3R)-1-fluoro-3-((2R)-2-hydroxy-3-methyl-2-(trifluoromethyl)butanamido)cyclobutyl)methyl)-2-methylhex-4-enamide",,C/C=C/CC(C)C(=O)NC[C@]1(F)C[C@H](NC(=O)[C@](O)(C(C)C)C(F)(F)F)C1,
20477,COc1cc(Br)c(C)cc1NC(=O)[C@H]1[C@H]2CN(C(=O)c3cc(C)cc(C)n3)C[C@H]21,"(1R,5S,6s)-N-(4-bromo-2-methoxy-5-methylphenyl)-3-((4,6-dimethylpyridin-2-yl)carbonyl)-3-azabicyclo[3.1.0]hexane-6-carboxamide",,COc1cc(Br)c(C)cc1NC(=O)C1[C@H]2CN(C(=O)c3cc(C)cc(C)n3)C[C@@H]12,
20486,CCc1cc(C(=O)Nc2cccc(NC(=O)[C@H]3C[C@@H]4OC(=O)O[C@@H]4C3)c2)no1,"5-ethyl-N-(3-((1R,5S,7s)-3-oxo-2,4-dioxabicyclo[3.3.0]octane-7-carboxamido)phenyl)-1,2-oxazole-3-carboxamide",,CCc1cc(C(=O)Nc2cccc(NC(=O)C3C[C@@H]4OC(=O)O[C@@H]4C3)c2)no1,
20628,O=C(N[C@H]1[C@@H]2CN(C(=O)[C@@H](O)c3ccccc3F)C[C@@H]21)[C@@H]1CC1(Cl)Cl,"(1S)-2,2-dichloro-N-((1R,5S,6R)-3-((2S)-2-(2-fluorophenyl)-2-hydroxy-acetyl)-3-azabicyclo[3.1.0]hexan-6-yl)cyclopropanecarboxamide",,O=C(N[C@H]1[C@@H]2CN(C(=O)C(O)c3ccccc3F)C[C@@H]21)C1CC1(Cl)Cl,
20630,CCCCC1CCC(C(=O)N[C@H]2C[C@@](C)(NC(=O)c3cc(C)on3)C2)CC1,"N-((1s,3s)-3-(4-butylcyclohexanecarboxamido)-1-methylcyclobutyl)-5-methyl-1,2-oxazole-3-carboxamide",,CCCCC1CCC(C(=O)N[C@H]2C[C@@](C)(NC(=O)c3cc(C)on3)C2)CC1,
20642,Nc1cccc(Cl)c1C(=O)NC[C@H]1[C@@H]2CN(C(=O)Cc3cn[nH]c3)C[C@H]12,"2-amino-6-chloro-N-(((1R,5S,6r)-3-(1-oxo-2-(1H-pyrazol-4-yl)ethyl)-3-azabicyclo[3.1.0]hexan-6-yl)methyl)benzamide",,Nc1cccc(Cl)c1C(=O)NC[C@@H]1[C@H]2CN(C(=O)Cc3cn[nH]c3)C[C@@H]12,
20793,CS[C@H](C(=O)NCCSCC(=O)N[C@@H]1[C@H]2CCCC[C@H]21)C1CC1,"(2S)-N-(2-((2-(((1R,6S,7r)-bicyclo[4.1.0]heptan-7-yl)amino)-2-oxoethyl)sulfanyl)ethyl)-2-cyclopropyl-2-(methylsulfanyl)acetamide",,CSC(C(=O)NCCSCC(=O)N[C@H]1[C@@H]2CCCC[C@@H]21)C1CC1,
20804,C=C[C@@H](CCC)CC(=O)NCC1(C(N)=O)CN(C(=O)[C@@H]2[C@H]3COC[C@H]32)C1,"(3S)-N-((3-carbamoyl-1-(((1R,5S,6r)-3-oxabicyclo[3.1.0]hexan-6-yl)carbonyl)azetidin-3-yl)methyl)-3-ethenylhexanamide",,C=C[C@@H](CCC)CC(=O)NCC1(C(N)=O)CN(C(=O)C2[C@H]3COC[C@@H]23)C1,
20806,CCOC(=O)[C@H]1C[C@](F)(C(=O)N(C)CCNC(=O)c2sc3cncn3c2C)C1,"ethyl (1s,3s)-3-fluoro-3-((2-(4-methyl-2-thia-5,7-diazabicyclo[3.3.0]octa-1(8),3,6-triene-3-carboxamido)ethyl)(methyl)carbamoyl)cyclobutanecarboxylate",,CCOC(=O)C1CC(F)(C(=O)N(C)CCNC(=O)c2sc3cncn3c2C)C1,
20871,CC(C)[C@@H](NC(=O)CN1C[C@H]2COC[C@@H](C1)[C@@H]2O)c1ccc(F)cc1,"N-((1R)-1-(4-fluorophenyl)-2-methylpropyl)-2-((1R,5S,9R)-9-hydroxy-3-oxa-7-azabicyclo[3.3.1]nonan-7-yl)acetamide",,CC(C)[C@@H](NC(=O)CN1C[C@H]2COC[C@@H](C1)[C@@H]2O)c1ccc(F)cc1,
20910,COc1ccc(C(=O)N2C[C@@H]3[C@H](C(=O)Nc4ncc(C(F)(F)F)cc4Cl)[C@@H]3C2)s1,"(1R,5S,6s)-N-(3-chloro-5-(trifluoromethyl)pyridin-2-yl)-3-((5-methoxythiophen-2-yl)carbonyl)-3-azabicyclo[3.1.0]hexane-6-carboxamide",,COc1ccc(C(=O)N2C[C@@H]3C(C(=O)Nc4ncc(C(F)(F)F)cc4Cl)[C@@H]3C2)s1,
20934,CCC(F)(F)C(=O)N[C@H]1C[C@@](C)(NC(=O)[C@@H]2C[C@H](F)C(=O)N2)C1,"2,2-difluoro-N-((1R,3s)-3-((2S,4S)-4-fluoro-5-oxopyrrolidine-2-carboxamido)-3-methylcyclobutyl)butanamide",,CCC(F)(F)C(=O)N[C@H]1C[C@@](C)(NC(=O)C2CC(F)C(=O)N2)C1,
20945,CC1(CN=c2[nH]c(N3C[C@@H]4C[C@H](CO)C[C@@H](C4)C3)nc3c2CCCC3)CC1,"1-((1R,5S,7s)-3-(5-(((1-methylcyclopropyl)methyl)imino)-2,4-diazabicyclo[4.4.0]deca-1(6),2-dien-3-yl)-3-azabicyclo[3.3.1]nonan-7-yl)methanol",,CC1(CNc2nc(N3C[C@@H]4C[C@H](CO)C[C@@H](C4)C3)nc3c2CCCC3)CC1,
20966,O=C(NCCOCCCNC(=O)[C@@H]1C[C@@H]2C[C@@H]2C1)c1c[nH]nc1C1CC1,"N-(2-((3-((1R,3r,5S)-bicyclo[3.1.0]hexane-3-carboxamido)propyl)oxy)ethyl)-3-cyclopropyl-1H-pyrazole-4-carboxamide",,O=C(NCCOCCCNC(=O)C1C[C@@H]2C[C@@H]2C1)c1c[nH]nc1C1CC1,
20998,CN(C(=O)[C@@H]1C[C@@H]2C[C@@H]2C1)C1CCCN(C(=O)C2=CN(C3CCCCC3)N=C2)C1,"(1R,3r,5S)-N-(1-((1-cyclohexyl-1H-pyrazol-4-yl)carbonyl)piperidin-3-yl)-N-methylbicyclo[3.1.0]hexane-3-carboxamide",,CN(C(=O)C1C[C@@H]2C[C@@H]2C1)C1CCCN(C(=O)c2cnn(C3CCCCC3)c2)C1,
21004,COC(C)(C)CC(=O)N1C[C@H]2[C@H](CN(C)C(=O)c3ncoc3[C@H]3CCCO3)[C@H]2C1,"N-(((1R,5S,6r)-3-(3-methoxy-3-methyl-butyryl)-3-azabicyclo[3.1.0]hexan-6-yl)methyl)-N-methyl-5-((2R)-oxolan-2-yl)-1,3-oxazole-4-carboxamide",,COC(C)(C)CC(=O)N1C[C@@H]2[C@@H](CN(C)C(=O)c3ncoc3[C@H]3CCCO3)[C@@H]2C1,
21011,CC1(C)C[C@@H](C(=O)NCC[C@@H]2CCCC2(C)C)CN(C(=O)[C@]2(C)C[C@@H]3C[C@@H]3C2)C1,"(3R)-N-(2-((1S)-2,2-dimethylcyclopentyl)ethyl)-5,5-dimethyl-1-(((1R,3r,5S)-3-methylbicyclo[3.1.0]hexan-3-yl)carbonyl)piperidine-3-carboxamide",,CC1(C)CC(C(=O)NCC[C@@H]2CCCC2(C)C)CN(C(=O)[C@@]2(C)C[C@H]3C[C@H]3C2)C1,
21125,Cc1oncc1C(=O)N[C@@H](C)C(=O)N1C[C@H]2[C@H](NC(=O)C3C4CCC3CC4)[C@H]2C1,"N-((2S)-1-((1R,5S,6R)-6-(bicyclo[2.2.1]heptane-7-carboxamido)-3-azabicyclo[3.1.0]hexan-3-yl)-1-oxopropan-2-yl)-5-methyl-1,2-oxazole-4-carboxamide",,Cc1oncc1C(=O)NC(C)C(=O)N1C[C@@H]2[C@H](C1)[C@H]2NC(=O)C1C2CCC1CC2,
21144,CCC(C)=C(C)C(=O)N1C[C@H]2[C@H](NC(=O)[C@@H](C)ONC(=O)OC(C)(C)C)[C@H]2C1,"tert-butyl ((((2R)-1-(((1R,5S,6s)-3-(2,3-dimethyl-1-oxopent-2-en-1-yl)-3-azabicyclo[3.1.0]hexan-6-yl)amino)-1-oxopropan-2-yl)oxy)amino)formate",,CCC(C)=C(C)C(=O)N1C[C@@H]2[C@H](C1)[C@H]2NC(=O)C(C)ONC(=O)OC(C)(C)C,
21150,C=C[C@@H](C)ONC(=O)[C@@H]1C[C@@H]2CN(C(=O)CN3CSCC3=O)C[C@@H]2C1,"(1R,5S,7r)-N-(((2R)-but-3-en-2-yl)oxy)-3-(1-oxo-2-(4-oxo-1,3-thiazolidin-3-yl)ethyl)-3-azabicyclo[3.3.0]octane-7-carboxamide",,C=C[C@@H](C)ONC(=O)C1C[C@@H]2CN(C(=O)CN3CSCC3=O)C[C@@H]2C1,
21303,CN(C)c1cnccc1C(=O)N1C[C@H]2[C@H](NC(=O)[C@@H]3C[C@@H]4CC[C@H]3C4)[C@H]2C1,"(1S,2R,4R)-N-((1R,5S,6s)-3-((3-(dimethylamino)pyridin-4-yl)carbonyl)-3-azabicyclo[3.1.0]hexan-6-yl)bicyclo[2.2.1]heptane-2-carboxamide",,CN(C)c1cnccc1C(=O)N1C[C@@H]2[C@H](C1)[C@H]2NC(=O)C1C[C@@H]2CC[C@H]1C2,
21318,O=C1CC[C@@H]2[C@H]1[C@@H]2C(=O)N[C@H]1[C@@H]2CN(C(=O)CCCC3CCC3)C[C@@H]21,"(1S,5R,6R)-N-((1R,5S,6s)-3-(4-cyclobutyl-butyryl)-3-azabicyclo[3.1.0]hexan-6-yl)-2-oxobicyclo[3.1.0]hexane-6-carboxamide",,O=C1CC[C@@H]2C1C2C(=O)N[C@H]1[C@@H]2CN(C(=O)CCCC3CCC3)C[C@@H]21,
21406,COc1ccc(Cl)c(C)c1C(=O)NC[C@@H]1C[C@@H]2CC[C@H](C1)N2C(=O)CC[S@](C)=O,"3-chloro-6-methoxy-2-methyl-N-(((1R,3S,5S)-8-(3-((S)-methylsulfinyl)-propionyl)-8-azabicyclo[3.2.1]octan-3-yl)methyl)benzamide",,COc1ccc(Cl)c(C)c1C(=O)NC[C@H]1C[C@H]2CC[C@@H](C1)N2C(=O)CC[S@+](C)[O-],
21410,C[C@@H](CC(=O)Nc1ccccc1)NC(=O)C(=O)N=c1cc2n([nH]1)CCCC2,"N-((2S)-4-oxo-4-(phenylamino)butan-2-yl)-N'-(pyrazolo[1,5-a]pyridin-2-ylidene)ethanediamide",O=C(C[C@H](C)NC(C(=O)N=C1NN2C(C=CC=C2)=C1)=O)NC1=CC=CC=C1,C[C@@H](CC(=O)Nc1ccccc1)NC(=O)C(=O)Nc1cc2n(n1)CCCC2,C[C@@H](CC(=O)Nc1ccccc1)NC(=O)C(=O)Nc1cc2ccccn2n1
21443,COc1cnnc(C(=O)N2CC[C@@]3(C2)CN(C(=O)c2nnsc2SC)CCO3)c1,"1-(5-methoxypyridazin-3-yl)-1-((5S)-9-((5-(methylsulfanyl)-1,2,3-thiadiazol-4-yl)carbonyl)-6-oxa-2,9-diazaspiro[4.5]decan-2-yl)methanone",COC=1C=C(N=NC1)C(=O)N1C[C@]2(CC1)OCCN(C2)C(=O)C=2N=NSC2SC,COc1cnnc(C(=O)N2CC[C@@]3(C2)CN(C(=O)c2nnsc2SC)CCO3)c1,COc1cnnc(C(=O)N2CC[C@]3(C2)CN(C(=O)c2nnsc2SC)CCO3)c1
21478,CCOC1(C(=O)N[C@H]2C[C@@](F)(CNC(=O)c3cc(=O)n(C)cn3)C2)CCSCC1,"N-(((1r,3r)-3-(4-ethoxythiane-4-carboxamido)-1-fluorocyclobutyl)methyl)-1-methyl-6-oxo-1H-pyrimidine-4-carboxamide",,CCOC1(C(=O)N[C@H]2C[C@@](F)(CNC(=O)c3cc(=O)n(C)cn3)C2)CCSCC1,
21480,COCCCCC(=O)N(C)[C@H]1C[C@@H]2CC[C@H](C1)N2C(=O)C1CC(C(F)(F)F)C1,"5-methoxy-N-methyl-N-((1R,3s,5S)-8-((3-(trifluoromethyl)cyclobutyl)carbonyl)-8-azabicyclo[3.2.1]octan-3-yl)pentanamide",,COCCCCC(=O)N(C)[C@@H]1C[C@H]2CC[C@@H](C1)N2C(=O)C1CC(C(F)(F)F)C1,
21489,CC(C)(CC(=O)N[C@@H]1C[C@H]2[C@@H](C1)[C@@H]2NC(=O)c1ccc(CO)cc1)C1CC1,"3-cyclopropyl-N-((1R,3r,5S,6r)-6-(4-(hydroxymethyl)benzamido)bicyclo[3.1.0]hexan-3-yl)-3-methylbutanamide",,CC(C)(CC(=O)N[C@H]1C[C@@H]2[C@H](C1)[C@H]2NC(=O)c1ccc(CO)cc1)C1CC1,
21541,COc1ccc(F)c(C(=O)N[C@@H]2C[C@H]2CNC(=O)[C@H]2C[C@@H]3C[C@@H]3C2)c1N,"(1R,3s,5S)-N-(((1S,2R)-2-(2-amino-6-fluoro-3-methoxybenzamido)cyclopropyl)methyl)bicyclo[3.1.0]hexane-3-carboxamide",,COc1ccc(F)c(C(=O)N[C@@H]2C[C@H]2CNC(=O)C2C[C@@H]3C[C@@H]3C2)c1N,
21624,Cc1nc(C2CC2)ncc1C(=O)N1C[C@H]2[C@H](CNC(=O)[C@@H]3CCOC3(C)C)[C@H]2C1,"(3R)-N-(((1R,5S,6r)-3-((2-cyclopropyl-4-methylpyrimidin-5-yl)carbonyl)-3-azabicyclo[3.1.0]hexan-6-yl)methyl)-2,2-dimethyloxolane-3-carboxamide",,Cc1nc(C2CC2)ncc1C(=O)N1C[C@@H]2[C@@H](CNC(=O)C3CCOC3(C)C)[C@@H]2C1,
21662,O=C(NCCCC(=O)N1C[C@@H]2C[C@@H]2[C@H]1CNC(=O)[C@@H]1[C@H]2COC[C@H]21)c1ccsc1,"(1R,5S,6r)-N-(((1S,2S,5R)-3-(1-oxo-4-(thiophene-3-carboxamido)butyl)-3-azabicyclo[3.1.0]hexan-2-yl)methyl)-3-oxabicyclo[3.1.0]hexane-6-carboxamide",,O=C(NCCCC(=O)N1C[C@@H]2C[C@@H]2[C@H]1CNC(=O)C1[C@H]2COC[C@@H]12)c1ccsc1,
21753,CCO[C@@H](C)C(=O)N1[C@H]2CC[C@@H]1C[C@@H](N(C)C(=O)c1occc1Cl)C2,"3-chloro-N-((1R,3R,5S)-8-((2S)-2-ethoxy-propionyl)-8-azabicyclo[3.2.1]octan-3-yl)-N-methylfuran-2-carboxamide",,CCOC(C)C(=O)N1[C@@H]2CC[C@H]1C[C@H](N(C)C(=O)c1occc1Cl)C2,
21817,CCCS(=O)(=O)[C@H](C)C(=O)NC[C@H]1C[C@@H]2CC[C@H](C1)N2C(=O)C(C)(C)O,"(2R)-N-(((1R,3s,5S)-8-(2-hydroxy-2-methyl-propionyl)-8-azabicyclo[3.2.1]octan-3-yl)methyl)-2-(propylsulfonyl)propanamide",,CCCS(=O)(=O)C(C)C(=O)NC[C@@H]1C[C@H]2CC[C@@H](C1)N2C(=O)C(C)(C)O,
21892,O=C(NC[C@@H]1C[C@@H]2C[C@H]1CN2C(=O)[C@@H]1[C@H]2COC[C@H]21)c1ccc2c(c1)CCN2,"N-(((1R,4R,5R)-2-(((1R,5S,6r)-3-oxabicyclo[3.1.0]hexan-6-yl)carbonyl)-2-azabicyclo[2.2.1]heptan-5-yl)methyl)indoline-5-carboxamide",,O=C(NC[C@@H]1C[C@@H]2C[C@H]1CN2C(=O)C1[C@H]2COC[C@@H]12)c1ccc2c(c1)CCN2,
21913,C[C@H](O)c1ncc(C(=O)N2CCOC3(C2)CN(C(=O)[C@H]2CC[C@H]4C[C@H]4CC2)C3)s1,"1-(2-(((1R,4s,7S)-bicyclo[5.1.0]octan-4-yl)carbonyl)-5-oxa-2,8-diazaspiro[3.5]nonan-8-yl)-1-(2-((1S)-1-hydroxyethyl)-1,3-thiazol-5-yl)methanone",,C[C@H](O)c1ncc(C(=O)N2CCOC3(C2)CN(C(=O)C2CC[C@@H]4C[C@@H]4CC2)C3)s1,
22029,CCc1ncoc1C(=O)NC[C@H]1C[C@](F)(CNC(=O)[C@]23C[C@H]2COC32CCC2)C1,"4-ethyl-N-(((1S,3s)-3-fluoro-3-(((1R,5R)-spiro[3-oxabicyclo[3.1.0]hexane-2,1'-cyclobutane]-1-carboxamido)methyl)cyclobutyl)methyl)-1,3-oxazole-5-carboxamide",,CCc1ncoc1C(=O)NC[C@H]1C[C@](F)(CNC(=O)[C@]23C[C@H]2COC32CCC2)C1,
22048,CC[C@]1(C(=O)NCC[C@@H]2CCCN(C(=O)[C@H]3CC(C)(C)CO3)C2)CC[C@@H](O)CC1,"(1s,4R)-N-(2-((3S)-1-(((2R)-4,4-dimethyloxolan-2-yl)carbonyl)piperidin-3-yl)ethyl)-1-ethyl-4-hydroxycyclohexanecarboxamide",,CC[C@]1(C(=O)NCC[C@@H]2CCCN(C(=O)C3CC(C)(C)CO3)C2)CC[C@@H](O)CC1,
22068,Cc1occc1CC(=O)N(C)[C@H]1[C@@H]2CN(C(=O)[C@H]3CN4CCN3[C@@H](C)C4)C[C@@H]21,"N-methyl-N-((1R,5S,6S)-3-(((2R,6S)-6-methyl-1,4-diazabicyclo[2.2.2]octan-2-yl)carbonyl)-3-azabicyclo[3.1.0]hexan-6-yl)-2-(2-methylfuran-3-yl)acetamide",,Cc1occc1CC(=O)N(C)[C@H]1[C@@H]2CN(C(=O)C3CN4CCN3[C@@H](C)C4)C[C@@H]21,
22269,O=C(N[C@H]1C[C@]2(CCCCN2C(=O)c2ncc[nH]2)C1)c1ccnn1C1CCC1,1-cyclobutyl-N-(5-((1H-imidazol-2-yl)carbonyl)-5-azaspiro[3.5]nonan-2-yl)-1H-pyrazole-5-carboxamide,C1(CCC1)N1N=CC=C1C(=O)NC1CC2(C1)N(CCCC2)C(=O)C=2NC=CN2,O=C(N[C@H]1C[C@]2(CCCCN2C(=O)c2ncc[nH]2)C1)c1ccnn1C1CCC1,O=C(NC1CC2(CCCCN2C(=O)c2ncc[nH]2)C1)c1ccnn1C1CCC1
22296,Cc1ncc(C(=O)N[C@H]2C[C@]3(CCCCN3C(=O)[C@H](O)C3CC3)C2)cc1N,5-amino-N-(5-((2R)-2-cyclopropyl-2-hydroxy-acetyl)-5-azaspiro[3.5]nonan-2-yl)-6-methylpyridine-3-carboxamide,NC=1C=C(C=NC1C)C(=O)NC1CC2(C1)N(CCCC2)C([C@H](O)C2CC2)=O,Cc1ncc(C(=O)N[C@H]2C[C@]3(CCCCN3C(=O)C(O)C3CC3)C2)cc1N,Cc1ncc(C(=O)NC2CC3(CCCCN3C(=O)C(O)C3CC3)C2)cc1N
22298,CN1CCN(C[C@@H]2CCCN(C(=O)[C@@H]3[C@H]4CN(Cc5ncccn5)C[C@H]43)C2)CC1,"1-((3S)-3-((4-methylpiperazin-1-yl)methyl)piperidin-1-yl)-1-((1R,5S,6r)-3-((pyrimidin-2-yl)methyl)-3-azabicyclo[3.1.0]hexan-6-yl)methanone",,CN1CCN(C[C@@H]2CCCN(C(=O)C3[C@H]4CN(Cc5ncccn5)C[C@@H]34)C2)CC1,
22324,O=C(C[C@H](O)c1ccccc1)N[C@@H]1CC[C@H]1NC(=O)[C@H]1C[C@H]2[C@@H](C1)C2(F)F,"(3S)-N-((1R,2R)-2-((1R,3s,5S)-6,6-difluorobicyclo[3.1.0]hexane-3-carboxamido)cyclobutyl)-3-hydroxy-3-phenylpropanamide",,O=C(C[C@H](O)c1ccccc1)N[C@@H]1CC[C@H]1NC(=O)C1C[C@@H]2[C@H](C1)C2(F)F,
22439,Cn1nnc2c1[C@H](C(=O)N[C@@H]1CCN(C(=O)c3scnc3C(F)F)C1)CCC2,"(4R)-N-((3R)-1-((4-(difluoromethyl)-1,3-thiazol-5-yl)carbonyl)pyrrolidin-3-yl)-3-methyl-4,5,6,7-tetrahydro-1H-benzotriazole-4-carboxamide",FC(C=1N=CSC1C(=O)N1C[C@@H](CC1)NC(=O)[C@@H]1CCCC=2NNN(C21)C)F,Cn1nnc2c1C(C(=O)N[C@@H]1CCN(C(=O)c3scnc3C(F)F)C1)CCC2,CN1NNC2=C1C(C(=O)N[C@@H]1CCN(C(=O)c3scnc3C(F)F)C1)CCC2
22498,COc1ncnc(OC)c1C(=O)N[C@H]1C[C@@](F)(CNC(=O)CC2C[C@H]3C[C@@H]3C2)C1,"N-((1R,3r)-3-((2-((1R,5R)-bicyclo[3.1.0]hexan-3-yl)acetamido)methyl)-3-fluorocyclobutyl)-4,6-dimethoxypyrimidine-5-carboxamide",,COc1ncnc(OC)c1C(=O)N[C@H]1C[C@@](F)(CNC(=O)CC2C[C@H]3C[C@@H]3C2)C1,
22511,CN(C)C(C)(C)C(=O)NCCCNC(=O)[C@H]1CC[C@H]2C[C@H]2CC1,"N-(3-((1R,4s,7S)-bicyclo[5.1.0]octane-4-carboxamido)propyl)-2-(dimethylamino)-2-methylpropanamide",,CN(C)C(C)(C)C(=O)NCCCNC(=O)C1CC[C@@H]2C[C@@H]2CC1,
22687,CC(C)CC1(C(=O)N2[C@H]3CC[C@@H]2C[C@H](NC(=O)C[C@H](C)CN(C)C)C3)COC1,"(3S)-4-(dimethylamino)-3-methyl-N-((1R,3r,5S)-8-((3-(2-methylpropyl)oxetan-3-yl)carbonyl)-8-azabicyclo[3.2.1]octan-3-yl)butanamide",,CC(C)CC1(C(=O)N2[C@@H]3CC[C@H]2C[C@@H](NC(=O)C[C@H](C)CN(C)C)C3)COC1,
22697,C=C1CC(C(=O)N[C@]2(C)C[C@H](C(=O)N[C@H]3CC34CC(O)C4)C2)C1,"(1s,3R)-N-((1S)-5-hydroxyspiro[2.3]hexan-1-yl)-3-methyl-3-(3-methylidenecyclobutanecarboxamido)cyclobutanecarboxamide",,C=C1CC(C(=O)NC2(C)CC(C(=O)N[C@H]3CC34CC(O)C4)C2)C1,
22723,CS(=O)(=O)[C@H]1C[C@@H]2CC[C@H](C1)N2C(=O)c1ccncc1C(F)(F)F,"1-((1R,3s,5S)-3-(methylsulfonyl)-8-azabicyclo[3.2.1]octan-8-yl)-1-(3-(trifluoromethyl)pyridin-4-yl)methanone",,CS(=O)(=O)[C@@H]1C[C@H]2CC[C@@H](C1)N2C(=O)c1ccncc1C(F)(F)F,
22730,C[C@]1(NC(=O)c2ccc([N+](=O)[O-])s2)C[C@H](NC(=O)C(F)(F)c2cccnc2)C1,"N-((1r,3r)-3-(2,2-difluoro-2-(pyridin-3-yl)acetamido)-1-methylcyclobutyl)-5-nitrothiophene-2-carboxamide",,C[C@]1(NC(=O)c2ccc([N+](=O)[O-])s2)C[C@H](NC(=O)C(F)(F)c2cccnc2)C1,
22764,CCOC(=O)C1CCC(CC(=O)N(CC)CCNC(=O)[C@]2(F)[C@H]3CCC[C@H]32)CC1,"ethyl 4-(2-((2-((1R,5S,6s)-6-fluorobicyclo[3.1.0]hexane-6-carboxamido)ethyl)(ethyl)amino)-2-oxoethyl)cyclohexanecarboxylate",,CCOC(=O)C1CCC(CC(=O)N(CC)CCNC(=O)[C@@]2(F)[C@@H]3CCC[C@@H]32)CC1,
22783,O=C(N[C@H]1CCCN(C(=O)[C@H]2COc3ccc(Br)cc32)C1)[C@@H]1[C@H]2CCCC[C@H]21,"(1R,6S,7r)-N-((3S)-1-(((3R)-5-bromo-2,3-dihydro-1-benzofuran-3-yl)carbonyl)piperidin-3-yl)bicyclo[4.1.0]heptane-7-carboxamide",,O=C(N[C@H]1CCCN(C(=O)C2COc3ccc(Br)cc32)C1)C1[C@H]2CCCC[C@@H]12,
22784,CC[C@@H](C)CCC(=O)N[C@H]1C[C@](O)(C2CCN(C(=O)[C@H]3CC=CCC3)CC2)C1,"(4R)-N-((1S,3S)-3-(1-(((1R)-cyclohex-3-en-1-yl)carbonyl)piperidin-4-yl)-3-hydroxycyclobutyl)-4-methylhexanamide",,CC[C@@H](C)CCC(=O)N[C@H]1C[C@](O)(C2CCN(C(=O)C3CC=CCC3)CC2)C1,
22817,CCS[C@@H](C)C(=O)N1C[C@H]2[C@@H](C1)[C@@H]2C(=O)N(CC)CCOc1c(C)cccc1C,"(1R,5S,6S)-N-(2-((2,6-dimethylphenyl)oxy)ethyl)-N-ethyl-3-((2S)-2-(ethylsulfanyl)-propionyl)-3-azabicyclo[3.1.0]hexane-6-carboxamide",,CCSC(C)C(=O)N1C[C@@H]2C(C(=O)N(CC)CCOc3c(C)cccc3C)[C@@H]2C1,
22866,O=C(CC=C(Cl)Cl)N1CC[C@@]2(C[C@H]2C(=O)N2[C@H]3CC[C@@H]2C[C@@H](F)C3)C1,"4,4-dichloro-1-((1R,3R)-1-(((1R,3S,5S)-3-fluoro-8-azabicyclo[3.2.1]octan-8-yl)carbonyl)-5-azaspiro[2.4]heptan-5-yl)but-3-en-1-one",,O=C(CC=C(Cl)Cl)N1CC[C@@]2(CC2C(=O)N2[C@@H]3CC[C@H]2C[C@H](F)C3)C1,
22876,C[C@@H](CNC(=O)C12CC(CN1C(=O)[C@@H]1[C@H]3COC[C@H]31)C2)OC(F)F,"N-((2S)-2-((difluoromethyl)oxy)propyl)-2-(((1R,5S,6r)-3-oxabicyclo[3.1.0]hexan-6-yl)carbonyl)-2-azabicyclo[2.1.1]hexane-1-carboxamide",,C[C@@H](CNC(=O)C12CC(CN1C(=O)C1[C@H]3COC[C@@H]13)C2)OC(F)F,
22906,C[C@H]1[C@@H]2CN([C@@H](C(=O)N[C@H]3CCOC3)C3=CCCCCC3)C[C@H]12,"(2R)-2-(cyclohept-1-en-1-yl)-2-((1R,5S,6S)-6-methyl-3-azabicyclo[3.1.0]hexan-3-yl)-N-((3S)-oxolan-3-yl)acetamide",,C[C@@H]1[C@H]2CN(C(C(=O)N[C@H]3CCOC3)C3=CCCCCC3)C[C@@H]12,
22918,CC[C@@H](C(=O)N1C[C@H]2[C@@H](C1)[C@@H]2C(=O)N(CC)Cc1ccc(C(C)C)cc1)N(C)C,"(1R,5S,6S)-3-((2S)-2-(dimethylamino)-butyryl)-N-ethyl-N-((4-(propan-2-yl)phenyl)methyl)-3-azabicyclo[3.1.0]hexane-6-carboxamide",,CCC(C(=O)N1C[C@@H]2C(C(=O)N(CC)Cc3ccc(C(C)C)cc3)[C@@H]2C1)N(C)C,
22928,C[C@@]1(Br)C[C@H]1C(=O)N[C@H]1CC[C@]2(CC1)CN(C(=O)c1cc3c([nH]1)CCC3)CCO2,"(1S,2R)-N-(4-((2-azabicyclo[3.3.0]octa-1(5),3-dien-3-yl)carbonyl)-1-oxa-4-azaspiro[5.5]undecan-9-yl)-2-bromo-2-methylcyclopropanecarboxamide",C1=2NC(=CC2CCC1)C(=O)N1CCOC2(C1)CCC(CC2)NC(=O)[C@H]2[C@](C2)(C)Br,C[C@@]1(Br)CC1C(=O)N[C@H]1CC[C@]2(CC1)CN(C(=O)c1cc3c([nH]1)CCC3)CCO2,C[C@@]1(Br)CC1C(=O)NC1CCC2(CC1)CN(C(=O)c1cc3c([nH]1)CCC3)CCO2
22940,C=C[C@@H](CC)CC(=O)N[C@H]1C[C@@H]2CN(C(=O)c3nc4cccnc4s3)C[C@@H]2C1,"(3S)-3-ethyl-N-((1R,5S,7s)-3-((thiazolo[5,4-b]pyridin-2-yl)carbonyl)-3-azabicyclo[3.3.0]octan-7-yl)pent-4-enamide",,C=C[C@@H](CC)CC(=O)N[C@H]1C[C@@H]2CN(C(=O)c3nc4cccnc4s3)C[C@@H]2C1,
22973,CC1(C)C[C@@H]1C(=O)N1C[C@H]2[C@H](NC(=O)c3cocc3C(N)=O)[C@H]2C1,"N-((1R,5S,6R)-3-(((1S)-2,2-dimethylcyclopropyl)carbonyl)-3-azabicyclo[3.1.0]hexan-6-yl)furan-3,4-dicarboxamide",,CC1(C)CC1C(=O)N1C[C@@H]2[C@H](C1)[C@H]2NC(=O)c1cocc1C(N)=O,
23082,CC(=O)NCc1ccc(C(=O)N[C@H]2C[C@](C)(NC(=O)C=CC(=O)N(C)C)C2)o1,"N-((1r,3r)-3-(5-(acetamidomethyl)furan-2-carboxamido)-1-methylcyclobutyl)-N',N'-dimethylbut-2-enediamide",,CC(=O)NCc1ccc(C(=O)N[C@H]2C[C@](C)(NC(=O)C=CC(=O)N(C)C)C2)o1,
23126,CN(C)C1CN(C(=O)[C@@H]2CC[C@H](NC(=O)[C@]3(C)C[C@@H]4C[C@@H]4C3)C2)C1,"(1R,3r,5S)-N-((1S,3R)-3-((3-(dimethylamino)azetidin-1-yl)carbonyl)cyclopentyl)-3-methylbicyclo[3.1.0]hexane-3-carboxamide",,CN(C)C1CN(C(=O)C2CC[C@H](NC(=O)[C@@]3(C)C[C@H]4C[C@H]4C3)C2)C1,
23162,CCS(=O)(=O)NCCC(=O)NC[C@]1(F)C[C@@H](NC(=O)[C@H](C)OCOC)C1,"(2S)-N-((1s,3R)-3-((3-ethylsulfonylaminopropanamido)methyl)-3-fluorocyclobutyl)-2-(methoxymethoxy)propanamide",,CCS(=O)(=O)NCCC(=O)NC[C@]1(F)C[C@@H](NC(=O)C(C)OCOC)C1,
23262,CCc1cccc(NC(=O)[C@H]2[C@H]3CN(Cc4cc5n(n4)CCSC5)C[C@H]32)c1,"(1R,5S,6s)-N-(3-ethylphenyl)-3-((3-thia-6,7-diazabicyclo[4.3.0]nona-1(9),7-dien-8-yl)methyl)-3-azabicyclo[3.1.0]hexane-6-carboxamide",,CCc1cccc(NC(=O)C2[C@H]3CN(Cc4cc5n(n4)CCSC5)C[C@@H]23)c1,
23275,CCC(CC)NC(=O)[C@H]1[C@H]2CN(C(=O)[C@@H](Cl)COC)C[C@H]21,"(1R,5S,6R)-3-((2S)-2-chloro-3-methoxy-propionyl)-N-(pentan-3-yl)-3-azabicyclo[3.1.0]hexane-6-carboxamide",,CCC(CC)NC(=O)C1[C@H]2CN(C(=O)C(Cl)COC)C[C@@H]12,
23372,C[C@@](O)(C(=O)NC[C@H]1C[C@H](O)[C@H](O)C[C@H]1C(=O)N1C[C@H]2C[C@H](F)C[C@H]2C1)C1CC1,"(2S)-2-cyclopropyl-N-(((1S,2R,4R,5S)-2-(((1R,5S,7S)-7-fluoro-3-azabicyclo[3.3.0]octan-3-yl)carbonyl)-4,5-dihydroxycyclohexyl)methyl)-2-hydroxypropanamide",,C[C@@](O)(C(=O)NC[C@H]1C[C@H](O)[C@H](O)CC1C(=O)N1C[C@H]2C[C@H](F)C[C@H]2C1)C1CC1,
23395,CC(C)c1ocnc1C(=O)N1CCC[C@H](NC(=O)[C@H]2C[C@H]3[C@@H](C2)C3(F)F)C1,"(1R,3s,5S)-6,6-difluoro-N-((3S)-1-((5-(propan-2-yl)-1,3-oxazol-4-yl)carbonyl)piperidin-3-yl)bicyclo[3.1.0]hexane-3-carboxamide",,CC(C)c1ocnc1C(=O)N1CCC[C@H](NC(=O)C2C[C@@H]3[C@H](C2)C3(F)F)C1,
23397,CCC[C@H](CC(=O)N[C@H]1CC(C)(C)OC1(C)C)NC(=O)[C@H]1C[C@H]2[C@@H](C1)C2(C)C,"(3R)-3-((1R,3s,5S)-6,6-dimethylbicyclo[3.1.0]hexane-3-carboxamido)-N-((3S)-2,2,5,5-tetramethyloxolan-3-yl)hexanamide",,CCC[C@H](CC(=O)N[C@H]1CC(C)(C)OC1(C)C)NC(=O)C1C[C@@H]2[C@H](C1)C2(C)C,
23451,Cc1cc(Cl)cc(NC(=O)[C@H]2N(C(=O)[C@H]3C[C@@](C)(O)C3)CCC2(C)C)c1,"(2S)-N-(3-chloro-5-methylphenyl)-1-(((1s,3R)-3-hydroxy-3-methylcyclobutyl)carbonyl)-3,3-dimethylpyrrolidine-2-carboxamide",,Cc1cc(Cl)cc(NC(=O)C2N(C(=O)C3CC(C)(O)C3)CCC2(C)C)c1,
23501,C=C(C)C[C@H](C)C(=O)N[C@H]1C[C@@H]2CC[C@H](C1)N2C(=O)c1ccc(OC(C)C)nc1,"(2S)-N-((1R,3s,5S)-8-((6-isopropoxypyridin-3-yl)carbonyl)-8-azabicyclo[3.2.1]octan-3-yl)-2,4-dimethylpent-4-enamide",,C=C(C)CC(C)C(=O)N[C@@H]1C[C@H]2CC[C@@H](C1)N2C(=O)c1ccc(OC(C)C)nc1,
23578,Cc1csc(C(=O)N2[C@H]3CC[C@@H]2C[C@H](CNC(=O)[C@@H](C)[C@@H](C)O)C3)c1Br,"(2S,3R)-N-(((1R,3r,5S)-8-((3-bromo-4-methylthiophen-2-yl)carbonyl)-8-azabicyclo[3.2.1]octan-3-yl)methyl)-3-hydroxy-2-methylbutanamide",,Cc1csc(C(=O)N2[C@@H]3CC[C@H]2C[C@@H](CNC(=O)C(C)[C@@H](C)O)C3)c1Br,
23651,O=C1C[C@H]2[C@@H](C1)[C@@H]2C(=O)N1CC[C@@H]2C[C@]21C(=O)NC1(CCCF)CC1,"(1R,5R)-N-(1-(3-fluoropropyl)cyclopropyl)-2-(((1R,5S,6r)-3-oxobicyclo[3.1.0]hexan-6-yl)carbonyl)-2-azabicyclo[3.1.0]hexane-1-carboxamide",,O=C1C[C@@H]2C(C(=O)N3CC[C@@H]4C[C@]43C(=O)NC3(CCCF)CC3)[C@@H]2C1,
23673,C#C[C@]1(O)C[C@@H](C(=O)N(CCOC)CC(=O)NCCCCC)C1,"(1s,3s)-3-(ethynyl)-3-hydroxy-N-(2-methoxyethyl)-N-(2-oxo-2-(pentylamino)ethyl)cyclobutanecarboxamide",,C#CC1(O)CC(C(=O)N(CCOC)CC(=O)NCCCCC)C1,
23714,Cc1cc([N+](=O)[O-])ncc1C(=O)N[C@]1(C)C[C@H](NC(=O)[C@H](O)C(F)(F)F)C1,"4-methyl-N-((1R,3s)-1-methyl-3-((2S)-3,3,3-trifluoro-2-hydroxypropanamido)cyclobutyl)-6-nitropyridine-3-carboxamide",,Cc1cc([N+](=O)[O-])ncc1C(=O)N[C@]1(C)C[C@H](NC(=O)C(O)C(F)(F)F)C1,
23751,CN1C(=O)CC[C@@H]1CC(=O)NC[C@]1(F)C[C@@H](NC(=O)CCN2CCCCCC2)C1,"3-(azepan-1-yl)-N-((1S,3s)-3-fluoro-3-((2-((2R)-1-methyl-5-oxopyrrolidin-2-yl)acetamido)methyl)cyclobutyl)propanamide",,CN1C(=O)CC[C@@H]1CC(=O)NC[C@]1(F)C[C@@H](NC(=O)CCN2CCCCCC2)C1,
23770,C[C@H]1C[C@H](CNC(=O)COC2CN(C(=O)C=Cc3ccn(C)c3)C2)C[C@@H](C)O1,"N-(((2R,4s,6S)-2,6-dimethyloxan-4-yl)methyl)-2-((1-(3-(1-methyl-1H-pyrrol-3-yl)-1-oxoprop-2-en-1-yl)azetidin-3-yl)oxy)acetamide",,C[C@@H]1C[C@@H](CNC(=O)COC2CN(C(=O)C=Cc3ccn(C)c3)C2)C[C@H](C)O1,
23830,CC(C)(Br)C(=O)N[C@@H]1[C@@H]2CN(c3nc(C(F)(F)F)nc4ccccc34)C[C@@H]21,"2-bromo-2-methyl-N-((1R,5S,6r)-3-(2-(trifluoromethyl)quinazolin-4-yl)-3-azabicyclo[3.1.0]hexan-6-yl)propanamide",,CC(C)(Br)C(=O)N[C@@H]1[C@@H]2CN(c3nc(C(F)(F)F)nc4ccccc34)C[C@@H]21,
23861,Cc1ccc(F)cc1N(C)C(=O)[C@@H]1C[C@H]2C[C@@H]1C[C@H]2NC(=O)[C@H]1C[C@@H]2CC[C@@H]2C1,"(1R,2R,4R,5R)-5-((1R,3s,5S)-bicyclo[3.2.0]heptane-3-carboxamido)-N-(5-fluoro-2-methylphenyl)-N-methylbicyclo[2.2.1]heptane-2-carboxamide",,Cc1ccc(F)cc1N(C)C(=O)C1C[C@H]2C[C@@H]1C[C@H]2NC(=O)C1C[C@H]2CC[C@H]2C1,
23887,C=CC1(C(=O)NC[C@H]2[C@@H]3CN(C(=O)c4cc(N)cnc4C)C[C@H]23)CC1,"N-(((1R,5S,6r)-3-((5-amino-2-methylpyridin-3-yl)carbonyl)-3-azabicyclo[3.1.0]hexan-6-yl)methyl)-1-ethenylcyclopropanecarboxamide",,C=CC1(C(=O)NC[C@@H]2[C@H]3CN(C(=O)c4cc(N)cnc4C)C[C@@H]23)CC1,
23892,O=C(N[C@H]1CC[C@@H](O)CN(C(=O)[C@H]2C[C@@H]3CC[C@H](C2)[C@@H]3O)C1)c1cscc1Cl,"4-chloro-N-((3S,6R)-6-hydroxy-1-(((1R,3s,5S,8R)-8-hydroxybicyclo[3.2.1]octan-3-yl)carbonyl)azepan-3-yl)thiophene-3-carboxamide",,O=C(N[C@H]1CC[C@@H](O)CN(C(=O)C2C[C@H]3CC[C@@H](C2)[C@H]3O)C1)c1cscc1Cl,
23925,CC(C)=CCC(=O)NC[C@H]1[C@@H]2CN(C(=O)[C@@H]3C[C@H]4C=C[C@@H]3C4)C[C@H]12,"N-(((1R,5S,6R)-3-(((1S,2R,4S)-bicyclo[2.2.1]hept-5-en-2-yl)carbonyl)-3-azabicyclo[3.1.0]hexan-6-yl)methyl)-4-methylpent-3-enamide",,CC(C)=CCC(=O)NC[C@@H]1[C@H]2CN(C(=O)C3C[C@H]4C=C[C@@H]3C4)C[C@@H]12,
23977,COCCC[C@@H](C)C(=O)NC[C@]1(F)C[C@@H](NC(=O)CN2C(=O)CN(C)C2=O)C1,"(2R)-N-(((1s,3S)-1-fluoro-3-(2-(3-methyl-2,5-dioxoimidazolidin-1-yl)acetamido)cyclobutyl)methyl)-5-methoxy-2-methylpentanamide",,COCCCC(C)C(=O)NC[C@]1(F)C[C@@H](NC(=O)Cn2c(O)cn(C)c2=O)C1,
23990,C[C@]1(NC(=O)[C@H]2CCC(=O)C2)C[C@H](NC(=O)c2ccc(CSC(F)F)o2)C1,"5-(((difluoromethyl)sulfanyl)methyl)-N-((1S,3r)-3-methyl-3-((1S)-3-oxocyclopentanecarboxamido)cyclobutyl)furan-2-carboxamide",,C[C@]1(NC(=O)C2CCC(=O)C2)C[C@H](NC(=O)c2ccc(CSC(F)F)o2)C1,
24009,NC(=O)[C@@H]1CC[C@@H]1C(=O)N1CCN(CCCNC(=O)[C@H]2C[C@@](F)(CO)C2)CC1,"(1r,3S)-N-(3-(4-(((1S,2R)-2-carbamoylcyclobutyl)carbonyl)piperazin-1-yl)propyl)-3-fluoro-3-(hydroxymethyl)cyclobutanecarboxamide",,NC(=O)C1CCC1C(=O)N1CCN(CCCNC(=O)C2CC(F)(CO)C2)CC1,
24015,CCCC(CCC)C(=O)NC[C@]1(F)C[C@@H](NC(=O)C=C2SCC(=O)N2C)C1,"N-(((1s,3s)-1-fluoro-3-(2-(3-methyl-4-oxo-1,3-thiazolidin-2-ylidene)acetamido)cyclobutyl)methyl)-2-propylpentanamide",,CCCC(CCC)C(=O)NC[C@]1(F)C[C@@H](NC(=O)C=C2SCC(=O)N2C)C1,
24089,CCN(CCNC(=O)[C@@H]1CCc2nc[nH]c2C1)C(=O)[C@@H]1[C@H]2CC(F)(F)C[C@H]21,"(6R)-N-(2-(N-ethyl(1R,5S,6r)-3,3-difluorobicyclo[3.1.0]hexane-6-carboxamido)ethyl)-4,5,6,7-tetrahydro-1H-benzimidazole-6-carboxamide",,CCN(CCNC(=O)C1CCc2[nH]cnc2C1)C(=O)C1[C@H]2CC(F)(F)C[C@@H]12,
24120,CN(C[C@H]1[C@@H]2CN(C(=O)c3cc(C(C)(F)F)n[nH]3)C[C@H]12)C(=O)C(=O)NCC1CC1,"N'-(cyclopropylmethyl)-N-(((1R,5S,6r)-3-((3-(1,1-difluoroethyl)-1H-pyrazol-5-yl)carbonyl)-3-azabicyclo[3.1.0]hexan-6-yl)methyl)-N-methylethanediamide",,CN(C[C@@H]1[C@H]2CN(C(=O)c3cc(C(C)(F)F)[nH]n3)C[C@@H]12)C(=O)C(=O)NCC1CC1,
24159,C=C[C@H](C)CC(=O)N[C@@H]1C[C@@H]2CC[C@H](C1)N2C(=O)c1cc(-c2cccnc2)no1,"(3R)-3-methyl-N-((1R,3r,5S)-8-((3-(pyridin-3-yl)-1,2-oxazol-5-yl)carbonyl)-8-azabicyclo[3.2.1]octan-3-yl)pent-4-enamide",,C=C[C@H](C)CC(=O)N[C@H]1C[C@H]2CC[C@@H](C1)N2C(=O)c1cc(-c2cccnc2)no1,
24188,O=C(c1cc(Cl)c(Cl)[nH]1)N1CCC2(CC1)CN(C(=O)[C@@H]1[C@H]3CCCC[C@H]31)CCO2,"1-(4-(((1R,6S,7r)-bicyclo[4.1.0]heptan-7-yl)carbonyl)-1-oxa-4,9-diazaspiro[5.5]undecan-9-yl)-1-(4,5-dichloro-1H-pyrrol-2-yl)methanone",,O=C(c1cc(Cl)c(Cl)[nH]1)N1CCC2(CC1)CN(C(=O)C1[C@H]3CCCC[C@@H]13)CCO2,
24195,CCCCCCC(=O)N1[C@H]2CC[C@@H]1C[C@@H](NC(=O)CC(F)(F)CC(=O)OC)C2,"methyl 3,3-difluoro-4-(((1R,3s,5S)-8-(1-oxoheptyl)-8-azabicyclo[3.2.1]octan-3-yl)carbamoyl)butanoate",,CCCCCCC(=O)N1[C@@H]2CC[C@H]1C[C@H](NC(=O)CC(F)(F)CC(=O)OC)C2,
24205,O=C(C[C@H]1COC(=O)C1)NC[C@@H]1CN(C(=O)[C@H]2C[C@H]3[C@@H](C2)C3(F)F)CCC1(F)F,"N-(((3R)-1-(((1R,3s,5S)-6,6-difluorobicyclo[3.1.0]hexan-3-yl)carbonyl)-4,4-difluoropiperidin-3-yl)methyl)-2-((3R)-5-oxooxolan-3-yl)acetamide",,O=C(C[C@H]1COC(=O)C1)NC[C@@H]1CN(C(=O)C2C[C@@H]3[C@H](C2)C3(F)F)CCC1(F)F,
24218,CC1(NC(=O)[C@H]2C[C@](O)(C(F)F)C2)CCC(NC(=O)CCCC2=CSC=C2)CC1,"(1s,3s)-3-(difluoromethyl)-3-hydroxy-N-(1-methyl-4-(4-(thiophen-3-yl)butanamido)cyclohexyl)cyclobutanecarboxamide",,CC1(NC(=O)C2CC(O)(C(F)F)C2)CCC(NC(=O)CCCc2ccsc2)CC1,
24229,CCC[C@@H](OCC)C(=O)N1CCN2CCN(C(=O)[C@@H]3[C@H]4COC[C@H]43)C[C@@H]2C1,"(2R)-2-ethoxy-1-((6R)-8-(((1R,5S,6r)-3-oxabicyclo[3.1.0]hexan-6-yl)carbonyl)-1,4,8-triazabicyclo[4.4.0]decan-4-yl)pentan-1-one",,CCCC(OCC)C(=O)N1CCN2CCN(C(=O)C3[C@H]4COC[C@@H]34)C[C@@H]2C1,
24244,COC[C@@H](C)CC(=O)N[C@]1(C)C[C@H](NC(=O)c2cc(Cl)cn2C)C1,"(3S)-N-((1s,3R)-3-(4-chloro-1-methyl-1H-pyrrole-2-carboxamido)-1-methylcyclobutyl)-4-methoxy-3-methylbutanamide",,COC[C@@H](C)CC(=O)N[C@]1(C)C[C@H](NC(=O)c2cc(Cl)cn2C)C1,
24275,Cc1csc2c(N[C@H]3[C@@H]4CN(C(=O)CCC5CC(F)(F)C5)C[C@@H]43)ncnc12,"3-(3,3-difluorocyclobutyl)-1-((1R,5S,6s)-6-((7-methylthieno[3,2-d]pyrimidin-4-yl)amino)-3-azabicyclo[3.1.0]hexan-3-yl)propan-1-one",,Cc1csc2c(N[C@H]3[C@@H]4CN(C(=O)CCC5CC(F)(F)C5)C[C@@H]43)ncnc12,
24353,CC=C(F)C(=O)N1[C@H]2CC[C@@H]1C[C@H](NC(=O)[C@@H](C)Cc1c(C)n[nH]c1C)C2,"(2S)-3-(3,5-dimethyl-1H-pyrazol-4-yl)-N-((1R,3r,5S)-8-(2-fluoro-1-oxobut-2-en-1-yl)-8-azabicyclo[3.2.1]octan-3-yl)-2-methylpropanamide",,CC=C(F)C(=O)N1[C@@H]2CC[C@H]1C[C@@H](NC(=O)C(C)Cc1c(C)n[nH]c1C)C2,
24356,CN(CCCNC(=O)[C@H]1CCCc2nnn(C)c21)C(=O)c1cc(Cl)c(F)cc1O,"(4S)-3-methyl-N-(3-(N-methyl-5-chloro-4-fluoro-2-hydroxybenzamido)propyl)-4,5,6,7-tetrahydro-1H-benzotriazole-4-carboxamide",CN1NNC2=C1[C@H](CCC2)C(=O)NCCCN(C(C2=C(C=C(C(=C2)Cl)F)O)=O)C,CN(CCCNC(=O)C1CCCc2nnn(C)c21)C(=O)c1cc(Cl)c(F)cc1O,CN(CCCNC(=O)C1CCCC2=C1N(C)NN2)C(=O)c1cc(Cl)c(F)cc1O
24374,C=CCC[C@H](O)CNC(=O)[C@@H]1[C@H]2CN(C(=O)c3oc(C)nc3C)C[C@H]21,"(1R,5S,6r)-3-((2,4-dimethyl-1,3-oxazol-5-yl)carbonyl)-N-((2S)-2-hydroxyhex-5-en-1-yl)-3-azabicyclo[3.1.0]hexane-6-carboxamide",,C=CCC[C@H](O)CNC(=O)C1[C@H]2CN(C(=O)c3oc(C)nc3C)C[C@@H]12,
24479,CCc1ccsc1C(=O)NC[C@H]1C[C@@](F)(CNC(=O)c2cc(C(=O)OC)on2)C1,"methyl 3-((((1r,3r)-3-((3-ethylthiophene-2-carboxamido)methyl)-1-fluorocyclobutyl)methyl)carbamoyl)-1,2-oxazole-5-carboxylate",,CCc1ccsc1C(=O)NC[C@H]1C[C@@](F)(CNC(=O)c2cc(C(=O)OC)on2)C1,
24511,Cn1c(C(=O)N[C@H]2CCN(C(=O)[C@H]3C[C@@](C)(O)C3)C23CCC3)ccc1[N+](=O)[O-],"N-((8S)-5-(((1s,3R)-3-hydroxy-3-methylcyclobutyl)carbonyl)-5-azaspiro[3.4]octan-8-yl)-1-methyl-5-nitro-1H-pyrrole-2-carboxamide",,Cn1c(C(=O)N[C@H]2CCN(C(=O)C3CC(C)(O)C3)C23CCC3)ccc1[N+](=O)[O-],
24521,O=C(N[C@@H]1C[C@H]2[C@@H](C1)[C@@H]2NC(=O)[C@@H]1CC[C@@H]1c1ccccc1)c1cccnn1,"N-((1R,3R,5S,6r)-6-((1R,2S)-2-phenylcyclobutanecarboxamido)bicyclo[3.1.0]hexan-3-yl)pyridazine-3-carboxamide",,O=C(N[C@H]1C[C@@H]2[C@H](C1)[C@H]2NC(=O)C1CC[C@@H]1c1ccccc1)c1cccnn1,
24546,CCCC(CCC)C(=O)NC[C@]1(F)C[C@@H](NC(=O)[C@@H]2CNC(=O)N2C)C1,"N-(((1R,3s)-1-fluoro-3-((4S)-3-methyl-2-oxoimidazolidine-4-carboxamido)cyclobutyl)methyl)-2-propylpentanamide",,CCCC(CCC)C(=O)NC[C@]1(F)C[C@@H](NC(=O)C2CNC(=O)N2C)C1,
24737,Cc1cnc(F)c(C(=O)N2C[C@H]3C[C@H](NC(=O)C[C@H]4SC(=N)NC4=O)C[C@H]3C2)c1,"N-((1R,5S,7s)-3-((2-fluoro-5-methylpyridin-3-yl)carbonyl)-3-azabicyclo[3.3.0]octan-7-yl)-2-((5R)-2-imino-4-oxo-1,3-thiazolidin-5-yl)acetamide",,Cc1cnc(F)c(C(=O)N2C[C@H]3C[C@H](NC(=O)Cc4sc(=N)[nH]c4O)C[C@H]3C2)c1,
24778,CCC=CC(=O)N[C@H](C(=O)N1C[C@H]2[C@@H](C1)[C@@H]2C(=O)NC)C(C)C,"N-((2S)-3-methyl-1-((1R,5S,6S)-6-(methylcarbamoyl)-3-azabicyclo[3.1.0]hexan-3-yl)-1-oxobutan-2-yl)pent-2-enamide",,CCCCC(=O)N=C(C(=O)N1C[C@@H]2C(C(=O)NC)[C@@H]2C1)C(C)C,
24822,CCO[C@H]1C[C@H](n2cc([C@H]3CN(C(=O)[C@@H]4CC[C@H]5C[C@H]5CC4)CCO3)nn2)C1,"1-((1R,4r,7S)-bicyclo[5.1.0]octan-4-yl)-1-((2R)-2-(1-(trans-3-ethoxycyclobutyl)-1H-1,2,3-triazol-4-yl)morpholin-4-yl)methanone",,CCO[C@H]1C[C@H](n2cc([C@H]3CN(C(=O)C4CC[C@@H]5C[C@@H]5CC4)CCO3)nn2)C1,
25011,CC[C@@H](C)C(=O)N(C)[C@H]1[C@@H]2CN(C(=O)CN(C)C(=O)OCc3ccccc3)C[C@@H]21,"benzyl ((2-((1R,5S,6s)-6-(N-methyl(2R)-2-methylbutanamido)-3-azabicyclo[3.1.0]hexan-3-yl)-2-oxoethyl)(methyl)amino)formate",,CCC(C)C(=O)N(C)[C@H]1[C@@H]2CN(C(=O)CN(C)C(=O)OCc3ccccc3)C[C@@H]21,
25040,CC[C@H](C)CC[C@H](O)CC(=O)N1CC[C@H](C)[C@H](NC(=O)[C@@H]2[C@H]3CCC[C@H]32)C1,"(1R,5S,6r)-N-((3S,4S)-1-((3S,6S)-3-hydroxy-6-methyl-1-oxooctyl)-4-methylpiperidin-3-yl)bicyclo[3.1.0]hexane-6-carboxamide",,CC[C@H](C)CC[C@H](O)CC(=O)N1CC[C@H](C)[C@H](NC(=O)C2[C@H]3CCC[C@@H]23)C1,
25044,C[C@@H]1OC2(CNC(=O)C3(C)COC3)CC1(NC(=O)[C@H]1C[C@H]3[C@@H](C1)C3(C)C)C2,"N-(((3S)-4-((1R,3s,5S)-6,6-dimethylbicyclo[3.1.0]hexane-3-carboxamido)-3-methyl-2-oxabicyclo[2.1.1]hexan-1-yl)methyl)-3-methyloxetane-3-carboxamide",,C[C@@H]1OC2(CNC(=O)C3(C)COC3)CC1(NC(=O)C1C[C@@H]3[C@H](C1)C3(C)C)C2,
25054,Cc1cc(C(=O)NC[C@]2(F)C[C@H](Nc3ncnc(C)c3C#N)C2)cc(O)n1,"N-(((1r,3r)-1-fluoro-3-((6-methyl-5-(nitrilomethyl)pyrimidin-4-yl)amino)cyclobutyl)methyl)-2-hydroxy-6-methylpyridine-4-carboxamide",,Cc1cc(C(=O)NC[C@]2(F)C[C@H](Nc3ncnc(C)c3C#N)C2)cc(=O)[nH]1,
25079,COc1nn(C)cc1C(=O)N[C@H]1C[C@](F)(CNC(=O)[C@@]2(C)CCNC(=O)C2)C1,"(4S)-N-(((1s,3R)-1-fluoro-3-(3-methoxy-1-methyl-1H-pyrazole-4-carboxamido)cyclobutyl)methyl)-4-methyl-2-oxopiperidine-4-carboxamide",,COc1nn(C)cc1C(=O)N[C@H]1C[C@](F)(CNC(=O)[C@@]2(C)CCNC(=O)C2)C1,
25095,CCOC(=O)[C@H]1C[C@@](F)(C(=O)NC[C@H]2CCN2C(=O)c2cc(CC)ccn2)C1,"ethyl (1R,3r)-3-((((2R)-1-((4-ethylpyridin-2-yl)carbonyl)azetidin-2-yl)methyl)carbamoyl)-3-fluorocyclobutanecarboxylate",,CCOC(=O)C1CC(F)(C(=O)NC[C@H]2CCN2C(=O)c2cc(CC)ccn2)C1,
25254,CC(F)(F)C(C)(C)CC(=O)NCC1(O)CN(C(=O)[C@@H]2C[C@H]3[C@@H](C2)C3(F)F)C1,"N-((1-(((1R,3r,5S)-6,6-difluorobicyclo[3.1.0]hexan-3-yl)carbonyl)-3-hydroxyazetidin-3-yl)methyl)-4,4-difluoro-3,3-dimethylpentanamide",,CC(F)(F)C(C)(C)CC(=O)NCC1(O)CN(C(=O)C2C[C@@H]3[C@H](C2)C3(F)F)C1,
25336,CC1(C(=O)N2CC[C@H]([C@@H](F)C(=O)N3C[C@H]4C[C@@H](O)C[C@H]4C3)C2)CCC(=O)CC1,"4-(((3S)-3-((1R)-1-fluoro-2-((1R,5S,7R)-7-hydroxy-3-azabicyclo[3.3.0]octan-3-yl)-2-oxoethyl)pyrrolidin-1-yl)carbonyl)-4-methylcyclohexanone",,CC1(C(=O)N2CC[C@H](C(F)C(=O)N3C[C@H]4C[C@@H](O)C[C@H]4C3)C2)CCC(=O)CC1,
25398,CN1C(=O)CC[C@H]1CC(=O)N1CC=C[C@@H](NC(=O)[C@@H]2[C@H]3CCCC[C@H]32)C1,"(1R,6S,7r)-N-((3R)-1-(2-((2S)-1-methyl-5-oxopyrrolidin-2-yl)-acetyl)-1,2,3,6-tetrahydropyridin-3-yl)bicyclo[4.1.0]heptane-7-carboxamide",,CN1C(=O)CC[C@H]1CC(=O)N1CC=C[C@@H](NC(=O)C2[C@H]3CCCC[C@@H]23)C1,
25408,COC1(C(=O)NC[C@@H]2C[C@@H]3CC[C@H](C2)N3C(=O)COC(C)=O)CCC(F)(F)CC1,"2-((1R,3r,5S)-3-((4,4-difluoro-1-methoxycyclohexanecarboxamido)methyl)-8-azabicyclo[3.2.1]octan-8-yl)-2-oxoethyl acetate",,COC1(C(=O)NC[C@H]2C[C@H]3CC[C@@H](C2)N3C(=O)COC(C)=O)CCC(F)(F)CC1,
25512,COC(=O)N=S1(=O)CCN(C(=O)N[C@H](CF)c2ccc(F)cc2F)CC1,"methyl ((bis(2-((((1S)-1-(2,4-difluorophenyl)-2-fluoroethyl)carbamoyl)(ethyl)amino)ethyl)(oxo)-lambda^6-sulfanylidene)amino)formate",FC1=C(C=CC(=C1)F)[C@@H](CF)NC(=O)N(CCS(=O)(CCN(C(N[C@H](CF)C1=C(C=C(C=C1)F)F)=O)CC)=NC(=O)OC)CC,COC(=O)N=S1(=O)CCN(C(=O)N[C@H](CF)c2ccc(F)cc2F)CC1,CCN(CCS(=O)(CCN(CC)C(=O)N[C@H](CF)c1ccc(F)cc1F)=NC(=O)OC)C(=O)N[C@H](CF)c1ccc(F)cc1F
25523,CCOC1(CC(=O)N[C@]2(C(=O)N3C[C@H](N(C)C)C(C)(C)C3)C[C@H](O)C2)CC1,"N-((1s,3S)-1-(((3R)-3-(dimethylamino)-4,4-dimethylpyrrolidin-1-yl)carbonyl)-3-hydroxycyclobutyl)-2-(1-ethoxycyclopropyl)acetamide",,CCOC1(CC(=O)N[C@]2(C(=O)N3C[C@H](N(C)C)C(C)(C)C3)C[C@H](O)C2)CC1,
25573,CC(C)[C@@H](O)C(=O)N1C[C@H]2[C@H](NC(=O)CCn3cccn3)[C@H]2C1,"N-((1R,5S,6S)-3-((2R)-2-hydroxy-3-methyl-butyryl)-3-azabicyclo[3.1.0]hexan-6-yl)-3-(1H-pyrazol-1-yl)propanamide",,CC(C)C(O)C(=O)N1C[C@@H]2[C@H](C1)[C@H]2NC(=O)CCn1cccn1,
25581,CC(C)(C)C[C@H]1C[C@@H]1C(=O)N1C[C@H]2[C@@H](C1)[C@@H]2C(=O)NC[C@]12CO[C@H](C1)[C@H](O)C2,"(1R,5S,6S)-3-(((1S,2R)-2-(2,2-dimethylpropyl)cyclopropyl)carbonyl)-N-(((1R,4R,6R)-6-hydroxy-2-oxabicyclo[2.2.1]heptan-4-yl)methyl)-3-azabicyclo[3.1.0]hexane-6-carboxamide",,CC(C)(C)C[C@H]1CC1C(=O)N1C[C@@H]2C(C(=O)NC[C@]34CO[C@H](C3)[C@H](O)C4)[C@@H]2C1,
25712,CCC[C@@H](C#N)C(=O)N[C@]1(C)C[C@H](C(=O)N2C[C@H](CO)C(C)(C)C2)C1,"(2S)-2-cyano-N-((1S,3R)-3-(((3R)-3-(hydroxymethyl)-4,4-dimethylpyrrolidin-1-yl)carbonyl)-1-methylcyclobutyl)pentanamide",,CCCC(C#N)C(=O)NC1(C)CC(C(=O)N2C[C@H](CO)C(C)(C)C2)C1,
25716,C[C@H](CC1CC1)C(=O)N[C@@H]1CC=C(C(=O)N[C@H]2C[C@H]3COC[C@H](C3)C2)C1,"(2R)-3-cyclopropyl-2-methyl-N-((1R)-3-(((1R,5S,7s)-3-oxabicyclo[3.3.1]nonan-7-yl)carbamoyl)cyclopent-3-en-1-yl)propanamide",,CC(CC1CC1)C(=O)N[C@@H]1CC=C(C(=O)N[C@@H]2C[C@@H]3COC[C@@H](C3)C2)C1,
25742,C[C@H]1CC[C@@](C)(C(=O)NC[C@]2(F)C[C@H](Nc3ccc([N+](=O)[O-])cn3)C2)C1,"(1R,3S)-N-(((1r,3R)-1-fluoro-3-((5-nitropyridin-2-yl)amino)cyclobutyl)methyl)-1,3-dimethylcyclopentanecarboxamide",,C[C@H]1CC[C@@](C)(C(=O)NC[C@]2(F)C[C@H](Nc3ccc([N+](=O)[O-])cn3)C2)C1,
25750,CCc1cccc([C@@H](NC[C@@H]2C[C@H]3[C@@H](C2)C3(F)F)c2nnnn2CCCF)n1,"(1R)-N-(((1R,3r,5S)-6,6-difluorobicyclo[3.1.0]hexan-3-yl)methyl)-1-(6-ethylpyridin-2-yl)-1-(1-(3-fluoropropyl)-1H-tetrazol-5-yl)methanamine",,CCc1cccc([C@@H](NC[C@H]2C[C@@H]3[C@H](C2)C3(F)F)c2nnnn2CCCF)n1,
25808,CCc1ccc(C(=O)N2C[C@H]3[C@H](NC(=O)[C@H]4COCCN4CC(F)F)[C@H]3C2)nc1,"(3R)-4-(2,2-difluoroethyl)-N-((1R,5S,6s)-3-((5-ethylpyridin-2-yl)carbonyl)-3-azabicyclo[3.1.0]hexan-6-yl)morpholine-3-carboxamide",,CCc1ccc(C(=O)N2C[C@@H]3[C@H](C2)[C@H]3NC(=O)C2COCCN2CC(F)F)nc1,
25839,C/C=C/C[C@H](CC)C(=O)N[C@H]1C[C@](F)(CNC(=O)c2ccnc(NC(C)=O)c2)C1,"(2S,4E)-N-((1s,3R)-3-((2-acetamidopyridine-4-carboxamido)methyl)-3-fluorocyclobutyl)-2-ethylhex-4-enamide",,C/C=C/CC(CC)C(=O)N[C@H]1C[C@](F)(CNC(=O)c2ccnc(NC(C)=O)c2)C1,
25880,C[C@H](CNC(=O)c1cccc(=O)n1O)CNC(=O)[C@@H]1C[C@@H]2C[C@@H]2C1,"N-((2S)-3-((1R,3r,5S)-bicyclo[3.1.0]hexane-3-carboxamido)-2-methylpropyl)-1-hydroxy-6-oxo-1H-pyridine-2-carboxamide",,C[C@H](CNC(=O)c1cccc(=O)n1O)CNC(=O)C1C[C@@H]2C[C@@H]2C1,
25938,Cc1cc(C(=O)NC[C@@H]2C[C@@H]3CC[C@H](C2)N3C(=O)c2cnc(S)[nH]2)n[nH]1,"5-methyl-N-(((1R,3r,5S)-8-((2-sulfanyl-1H-imidazol-5-yl)carbonyl)-8-azabicyclo[3.2.1]octan-3-yl)methyl)-1H-pyrazole-3-carboxamide",,Cc1cc(C(=O)NC[C@H]2C[C@H]3CC[C@@H](C2)N3C(=O)c2c[nH]c(=S)[nH]2)[nH]n1,
25945,COC[C@@](C)(OC)C(=O)N[C@H]1C[C@](F)(CNC(=O)c2cc(C)no2)C1,"(2R)-N-((1s,3S)-3-fluoro-3-((3-methyl-1,2-oxazole-5-carboxamido)methyl)cyclobutyl)-2,3-dimethoxy-2-methylpropanamide",,COC[C@@](C)(OC)C(=O)N[C@H]1C[C@](F)(CNC(=O)c2cc(C)no2)C1,
25963,Cc1c(F)cccc1C(=O)N1C[C@H]2[C@H](NC(=O)[C@@H]3CC(=O)N(C)C3)[C@H]2C1,"(3R)-N-((1R,5S,6s)-3-((3-fluoro-2-methylphenyl)carbonyl)-3-azabicyclo[3.1.0]hexan-6-yl)-1-methyl-5-oxopyrrolidine-3-carboxamide",,Cc1c(F)cccc1C(=O)N1C[C@@H]2[C@H](C1)[C@H]2NC(=O)C1CC(=O)N(C)C1,
26012,CC(C)(CNC(=O)c1cc(O)nc(Cl)c1)[C@@H]1CCCN1C(=O)[C@@H]1C[C@@H]2CC[C@@H]2C1,"N-(2-((2S)-1-(((1R,3r,5S)-bicyclo[3.2.0]heptan-3-yl)carbonyl)pyrrolidin-2-yl)-2-methylpropyl)-2-chloro-6-hydroxypyridine-4-carboxamide",,CC(C)(CNC(=O)c1cc(Cl)[nH]c(=O)c1)[C@@H]1CCCN1C(=O)C1C[C@H]2CC[C@H]2C1,
26023,CC[C@@](C)(C(=O)O)N(C)C(=O)[C@@H]1C[C@@H]2CC[C@@H]2C1,"(2S)-2-methyl-2-(N-methyl(1R,3r,5S)-bicyclo[3.2.0]heptane-3-carboxamido)butanoic acid",,CC[C@@](C)(C(=O)O)N(C)C(=O)C1C[C@H]2CC[C@H]2C1,
26051,C[C@]1(NC(=O)CC[C@@H]2CC2(F)F)C[C@@H](NC(=O)[C@@H]2CCC(=O)N2)C1,"3-((1R)-2,2-difluorocyclopropyl)-N-((1R,3S)-1-methyl-3-((2S)-5-oxopyrrolidine-2-carboxamido)cyclobutyl)propanamide",,C[C@]1(NC(=O)CC[C@@H]2CC2(F)F)C[C@@H](NC(=O)C2CCC(=O)N2)C1,
26278,O=C(NC[C@H]1[C@@H]2CN(C(=O)C=Cc3cc[nH]c3)C[C@H]12)c1ccc2ncsc2c1,"N-(((1R,5S,6r)-3-(1-oxo-3-(1H-pyrrol-3-yl)prop-2-en-1-yl)-3-azabicyclo[3.1.0]hexan-6-yl)methyl)-1,3-benzothiazole-6-carboxamide",,O=C(NC[C@@H]1[C@H]2CN(C(=O)C=Cc3cc[nH]c3)C[C@@H]12)c1ccc2ncsc2c1,
26294,C=CC[C@H](CC(=O)N1C[C@@H]2[C@@H](CO)[C@@H]2C1)NC(=O)Cn1nnc(C)n1,"N-((3R)-1-((1R,5S,6R)-6-(hydroxymethyl)-3-azabicyclo[3.1.0]hexan-3-yl)-1-oxohex-5-en-3-yl)-2-(5-methyl-2H-tetrazol-2-yl)acetamide",,C=CC[C@H](CC(=O)N1C[C@@H]2[C@@H](CO)[C@@H]2C1)NC(=O)Cn1nnc(C)n1,
26296,Cc1ccncc1C=CC(=O)NC[C@]1(F)C[C@H](NC(=O)CCC(C)C)C1,"N-((1r,3r)-3-fluoro-3-((3-(4-methylpyridin-3-yl)prop-2-enamido)methyl)cyclobutyl)-4-methylpentanamide",,Cc1ccncc1C=CC(=O)NC[C@]1(F)C[C@H](NC(=O)CCC(C)C)C1,
26304,O=C(NCCCOCCOCCNC(=O)C1(CO)CCOCC1)[C@@H]1C[C@@H]2C[C@@H]2C1,"N-(2-((2-((3-((1R,3r,5S)-bicyclo[3.1.0]hexane-3-carboxamido)propyl)oxy)ethyl)oxy)ethyl)-4-(hydroxymethyl)oxane-4-carboxamide",,O=C(NCCCOCCOCCNC(=O)C1(CO)CCOCC1)C1C[C@@H]2C[C@@H]2C1,
26309,CO[C@](C)(C(=O)N[C@H]1C[C@@H]2CN(C(=O)CC[C@H]3CCC(=O)NC3)C[C@@H]2C1)C1CC1,"(2S)-2-cyclopropyl-2-methoxy-N-((1R,5S,7S)-3-(1-oxo-3-((3R)-6-oxopiperidin-3-yl)propyl)-3-azabicyclo[3.3.0]octan-7-yl)propanamide",,CO[C@](C)(C(=O)N[C@H]1C[C@@H]2CN(C(=O)CC[C@H]3CCC(=O)NC3)C[C@@H]2C1)C1CC1,
26320,CC1(OCC(=O)N[C@H]2C[C@@](F)(CNC(=O)c3ccnnc3)C2)CCCC1,"N-((1r,3r)-3-fluoro-3-((pyridazine-4-carboxamido)methyl)cyclobutyl)-2-((1-methylcyclopentyl)oxy)acetamide",,CC1(OCC(=O)N[C@H]2C[C@@](F)(CNC(=O)c3ccnnc3)C2)CCCC1,
26340,CCn1nc(C(=O)N2C[C@@H]3[C@H](C(=O)Nc4c(Br)c(C(C)C)nn4C)[C@@H]3C2)cc1C,"(1R,5S,6s)-N-(4-bromo-1-methyl-3-(propan-2-yl)-1H-pyrazol-5-yl)-3-((1-ethyl-5-methyl-1H-pyrazol-3-yl)carbonyl)-3-azabicyclo[3.1.0]hexane-6-carboxamide",,CCn1nc(C(=O)N2C[C@@H]3C(C(=O)Nc4c(Br)c(C(C)C)nn4C)[C@@H]3C2)cc1C,
26344,COCc1nc(O)cc(N2C[C@H]3C[C@H](NC(=O)C4(N(C)C)CC4)C[C@H]3C2)n1,"1-(dimethylamino)-N-((1R,5S,7s)-3-(6-hydroxy-2-(methoxymethyl)pyrimidin-4-yl)-3-azabicyclo[3.3.0]octan-7-yl)cyclopropanecarboxamide",,COCc1nc(=O)cc(N2C[C@H]3C[C@H](NC(=O)C4(N(C)C)CC4)C[C@H]3C2)[nH]1,
26377,NC(=O)[C@@H]1COC[C@@H]1C(=O)NC1(C(=O)N(CC2CC2)CC2CC2)CCC1,"(3R,4S)-N-(1-(dicyclopropylmethylcarbamoyl)cyclobutyl)oxolane-3,4-dicarboxamide",C1(CC1)C(C1CC1)NC(=O)C1(CCC1)NC(=O)[C@H]1COC[C@H]1C(=O)N,NC(=O)C1COCC1C(=O)NC1(C(=O)N(CC2CC2)CC2CC2)CCC1,NC(=O)C1COCC1C(=O)NC1(C(=O)NC(C2CC2)C2CC2)CCC1
26410,CC[C@@H](CNC(=O)[C@H]1C[C@H]2[C@@H](C1)C2(C)C)NC(=O)C=C(C)C1CC1,"(1R,3s,5S)-N-((2S)-2-(3-cyclopropylbut-2-enamido)butyl)-6,6-dimethylbicyclo[3.1.0]hexane-3-carboxamide",,CC[C@@H](CNC(=O)C1C[C@@H]2[C@H](C1)C2(C)C)NC(=O)C=C(C)C1CC1,
26471,CC(C)C[C@H](F)C(=O)NCCC1(NC(=O)[C@H]2C[C@@H]3C[C@@H]3C2)CC1,"(2S)-N-(2-(1-((1R,3s,5S)-bicyclo[3.1.0]hexane-3-carboxamido)cyclopropyl)ethyl)-2-fluoro-4-methylpentanamide",,CC(C)CC(F)C(=O)NCCC1(NC(=O)C2C[C@@H]3C[C@@H]3C2)CC1,
26474,CN=c1[nH]cc(C(=O)NCCCN2CCN(C(=O)[C@]3(F)[C@H]4CCCC[C@H]43)CC2)o1,"N-(3-(4-(((1R,6S,7s)-7-fluorobicyclo[4.1.0]heptan-7-yl)carbonyl)piperazin-1-yl)propyl)-2-(methylimino)-3H-1,3-oxazole-5-carboxamide",,CNc1ncc(C(=O)NCCCN2CCN(C(=O)[C@@]3(F)[C@@H]4CCCC[C@@H]43)CC2)o1,
26550,C[C@]1(NC(=O)[C@@H]2CN3CCCC[C@H]3CO2)C[C@H](NC(=O)c2cc(F)ccc2N)C1,"(1S,4S)-N-((1r,3S)-3-(2-amino-5-fluorobenzamido)-1-methylcyclobutyl)-3-oxa-6-azabicyclo[4.4.0]decane-4-carboxamide",,C[C@]1(NC(=O)C2CN3CCCC[C@H]3CO2)C[C@H](NC(=O)c2cc(F)ccc2N)C1,
26616,Cc1cc(=O)c(C(=O)N2CCC[C@@H](C(=O)N3C[C@H]4[C@H](C)[C@H]4C3)C2)c[nH]1,"2-methyl-5-(((3R)-3-(((1R,5S,6S)-6-methyl-3-azabicyclo[3.1.0]hexan-3-yl)carbonyl)piperidin-1-yl)carbonyl)-1H-pyridin-4-one",,Cc1cc(=O)c(C(=O)N2CCCC(C(=O)N3C[C@@H]4[C@@H](C)[C@@H]4C3)C2)c[nH]1,
26648,O=C(CCc1ccc(OC(F)F)cc1)N[C@@H]1[C@H]2C[C@@H]1N(C(=O)[C@@H]1[C@H]3CCC[C@H]31)C2,"N-((1S,4S,5R)-2-(((1R,5S,6r)-bicyclo[3.1.0]hexan-6-yl)carbonyl)-2-azabicyclo[2.1.1]hexan-5-yl)-3-(4-((difluoromethyl)oxy)phenyl)propanamide",,O=C(CCc1ccc(OC(F)F)cc1)N[C@@H]1[C@H]2C[C@@H]1N(C(=O)C1[C@H]3CCC[C@@H]13)C2,
26665,COCc1ccccc1[C@H](C(=O)N[C@@H]1CCOC1)N1C[C@@H]2[C@@H](CO)[C@@H]2C1,"(2R)-2-((1R,5S,6R)-6-(hydroxymethyl)-3-azabicyclo[3.1.0]hexan-3-yl)-2-(2-(methoxymethyl)phenyl)-N-((3R)-oxolan-3-yl)acetamide",,COCc1ccccc1C(C(=O)N[C@@H]1CCOC1)N1C[C@@H]2[C@@H](CO)[C@@H]2C1,
26671,CCC[C@@H](CNC(=O)[C@]12CCC[C@H]1CCC2)NC(=O)c1ccc(C#N)[nH]1,5-cyano-N-((2S)-1-(octahydropentalene-3a-carboxamido)pentan-2-yl)-1H-pyrrole-2-carboxamide,C(#N)C1=CC=C(N1)C(=O)N[C@H](CNC(=O)C12CCCC2CCC1)CCC,CCC[C@@H](CNC(=O)[C@]12CCC[C@H]1CCC2)NC(=O)c1ccc(C#N)[nH]1,CCC[C@@H](CNC(=O)C12CCCC1CCC2)NC(=O)c1ccc(C#N)[nH]1
26680,Nc1ccc(C(=O)NC[C@]2(F)C[C@H](CNC(=O)c3cc(F)c[nH]3)C2)nc1Cl,"5-amino-6-chloro-N-(((1r,3r)-1-fluoro-3-((4-fluoro-1H-pyrrole-2-carboxamido)methyl)cyclobutyl)methyl)pyridine-2-carboxamide",,Nc1ccc(C(=O)NC[C@]2(F)C[C@H](CNC(=O)c3cc(F)c[nH]3)C2)nc1Cl,
26712,C[C@H]1CC[C@@H](C)[C@@H]1NC(=O)[C@]1(C)C[C@H](O)CN1C(=O)c1n[nH]c2c1COC2,"(2S,4S)-N-((1r,2R,5S)-2,5-dimethylcyclopentyl)-4-hydroxy-2-methyl-1-((3-oxa-6,7-diazabicyclo[3.3.0]octa-1(5),7-dien-8-yl)carbonyl)pyrrolidine-2-carboxamide",,C[C@@H]1CC[C@H](C)[C@H]1NC(=O)[C@]1(C)C[C@H](O)CN1C(=O)c1[nH]nc2c1COC2,
26752,Cc1nc(Cl)ccc1NC(=O)[C@H]1[C@H]2CN(Cc3scc4c3OCCO4)C[C@H]21,"(1R,5S,6s)-N-(6-chloro-2-methylpyridin-3-yl)-3-((2,5-dioxa-8-thiabicyclo[4.3.0]nona-1(9),6-dien-7-yl)methyl)-3-azabicyclo[3.1.0]hexane-6-carboxamide",,Cc1nc(Cl)ccc1NC(=O)C1[C@H]2CN(Cc3scc4c3OCCO4)C[C@@H]12,
26817,O=C(C1COCCO1)N1C[C@@H]2C[C@H]1CN2C(=O)[C@]1(C(F)(F)F)C[C@@H](O)C1,"1-(1,4-dioxan-2-yl)-1-((1S,4S)-5-(((1s,3R)-3-hydroxy-1-(trifluoromethyl)cyclobutyl)carbonyl)-2,5-diazabicyclo[2.2.1]heptan-2-yl)methanone",,O=C(C1COCCO1)N1C[C@@H]2C[C@H]1CN2C(=O)[C@]1(C(F)(F)F)C[C@@H](O)C1,
26826,Cc1cc(C)n([C@@H](C)C(=O)N(C)CCCN(C)C(=O)[C@@H]2[C@H]3CN(C)C[C@H]32)n1,"(2S)-2-(3,5-dimethyl-1H-pyrazol-1-yl)-N-methyl-N-(3-(N-methyl(1R,5S,6r)-3-methyl-3-azabicyclo[3.1.0]hexane-6-carboxamido)propyl)propanamide",,Cc1cc(C)n(C(C)C(=O)N(C)CCCN(C)C(=O)C2[C@H]3CN(C)C[C@@H]23)n1,
26835,CC(C)[C@H](C(=O)N1[C@H]2CC[C@@H]1C[C@@H](N(C)C(=O)CCCN=[N+]=[N-])C2)n1cnnc1,"4-azido-N-methyl-N-((1R,3S,5S)-8-((2R)-3-methyl-1-oxo-2-(4H-1,2,4-triazol-4-yl)butyl)-8-azabicyclo[3.2.1]octan-3-yl)butanamide",,CC(C)C(C(=O)N1[C@@H]2CC[C@H]1C[C@H](N(C)C(=O)CCCN=[N+]=[N-])C2)n1cnnc1,
26861,N#C[C@@]1(C(=O)N[C@H]2C[C@](F)(CNC(=O)c3c(Cl)cccc3Cl)C2)CCCO1,"(2R)-2-cyano-N-((1s,3S)-3-((2,6-dichlorobenzamido)methyl)-3-fluorocyclobutyl)oxolane-2-carboxamide",,N#C[C@@]1(C(=O)N[C@H]2C[C@](F)(CNC(=O)c3c(Cl)cccc3Cl)C2)CCCO1,
26906,Cc1cc(C(=O)N[C@H]2[C@@H]3CN(C(=O)C[C@@H]4CCCCO4)C[C@@H]32)ccc1C#N,"4-cyano-3-methyl-N-((1R,5S,6R)-3-(2-((2S)-oxan-2-yl)-acetyl)-3-azabicyclo[3.1.0]hexan-6-yl)benzamide",,Cc1cc(C(=O)N[C@H]2[C@@H]3CN(C(=O)C[C@@H]4CCCCO4)C[C@@H]32)ccc1C#N,
26964,O=C(NC[C@@H]1[C@H]2CC[C@H](C2)N1C(=O)[C@H]1[C@H]2CC[C@H]3[C@@H](C2)C[C@H]31)c1ccoc1,"N-(((1R,3S,4S)-2-(((1S,2S,5S,6S,7R)-tricyclo[3.3.1.0^{2,7}]nonan-6-yl)carbonyl)-2-azabicyclo[2.2.1]heptan-3-yl)methyl)furan-3-carboxamide",[C@@H]12[C@@H]3CC[C@H]([C@@H]([C@@H]3C1)C(=O)N1[C@@H]3CC[C@H]([C@H]1CNC(=O)C1=COC=C1)C3)C2,O=C(NC[C@@H]1[C@H]2CC[C@H](C2)N1C(=O)C1[C@H]2CC[C@H]3[C@@H](C2)C[C@@H]13)c1ccoc1,O=C(NC[C@@H]1[C@H]2CC[C@H](C2)N1C(=O)[C@H]1[C@H]2CC[C@H]3[C@@H](C2)C[C@H]31)c1ccoc1
26998,CC[C@@H](CNC(=O)CS(=O)(=O)NC1CC1)NC(=O)[C@@H]1C[C@@H]2OC(=O)O[C@@H]2C1,"2-(cyclopropylsulfamoyl)-N-((2S)-2-((1R,5S,7r)-3-oxo-2,4-dioxabicyclo[3.3.0]octane-7-carboxamido)butyl)acetamide",,CC[C@@H](CNC(=O)CS(=O)(=O)NC1CC1)NC(=O)C1C[C@@H]2OC(=O)O[C@@H]2C1,
27031,Cc1csc(C(=O)N[C@H]2C[C@@](C)(NC(=O)Cc3ccn(C)n3)C2)c1,"4-methyl-N-((1s,3s)-3-methyl-3-(2-(1-methyl-1H-pyrazol-3-yl)acetamido)cyclobutyl)thiophene-2-carboxamide",,Cc1csc(C(=O)N[C@H]2C[C@@](C)(NC(=O)Cc3ccn(C)n3)C2)c1,
27114,C=C(Br)CC(=O)N[C@H]1[C@@H]2CN(C(=O)c3occc3COc3ccccc3)C[C@@H]21,"3-bromo-N-((1R,5S,6s)-3-((3-(phenoxymethyl)furan-2-yl)carbonyl)-3-azabicyclo[3.1.0]hexan-6-yl)but-3-enamide",,C=C(Br)CC(=O)N[C@H]1[C@@H]2CN(C(=O)c3occc3COc3ccccc3)C[C@@H]21,
27189,CCCCC(=O)NC[C@@H]1C[C@H](C(F)(F)F)CN1C(=O)[C@@H]1[C@H]2CCC[C@H]21,"N-(((2S,4S)-1-(((1R,5S,6r)-bicyclo[3.1.0]hexan-6-yl)carbonyl)-4-(trifluoromethyl)pyrrolidin-2-yl)methyl)pentanamide",,CCCCC(=O)NC[C@@H]1C[C@H](C(F)(F)F)CN1C(=O)C1[C@H]2CCC[C@@H]12,
27228,O=C(NCCCN(C(=O)[C@H]1C[C@@H]2CCC[C@@H]2C1)C1CC1)c1ccc2ccnn2c1,"N-(3-(N-cyclopropyl(2s,3aR,6aS)-octahydropentalene-2-carboxamido)propyl)pyrazolo[1,5-a]pyridine-6-carboxamide",,O=C(NCCCN(C(=O)C1C[C@H]2CCC[C@H]2C1)C1CC1)c1ccc2ccnn2c1,
27265,CCOC(=O)C1(CNC(=O)[C@@H]2[C@@H]3CC[C@H]2CN(C(=O)[C@H](C)CC(C)=O)C3)CC1,"ethyl 1-(((1R,5S,8R)-3-((2R)-2-methyl-1,4-dioxopentyl)-3-azabicyclo[3.2.1]octane-8-carboxamido)methyl)cyclopropanecarboxylate",,CCOC(=O)C1(CNC(=O)C2[C@@H]3CC[C@H]2CN(C(=O)C(C)CC(C)=O)C3)CC1,
27268,C[C@]1(C(=O)N2[C@H]3CC[C@@H]2C[C@@H](CNC(=O)CCCc2ccsc2)C3)C[C@H](C#N)C1,"N-(((1R,3s,5S)-8-(((1r,3r)-1-methyl-3-(nitrilomethyl)cyclobutyl)carbonyl)-8-azabicyclo[3.2.1]octan-3-yl)methyl)-4-(thiophen-3-yl)butanamide",,C[C@]1(C(=O)N2[C@@H]3CC[C@H]2C[C@H](CNC(=O)CCCc2ccsc2)C3)C[C@H](C#N)C1,
27369,CCN(C(=O)[C@@H]1CN2CCC1CC2)[C@@H]1CCCN(C(=O)[C@@H]2[C@@H](C)[C@H]2C)C1,"(3S)-N-((3R)-1-(((1r,2R,3S)-2,3-dimethylcyclopropyl)carbonyl)piperidin-3-yl)-N-ethyl-1-azabicyclo[2.2.2]octane-3-carboxamide",,CCN(C(=O)C1CN2CCC1CC2)[C@@H]1CCCN(C(=O)C2[C@@H](C)[C@H]2C)C1,
27426,CC(F)(F)CCC(=O)N1CC2(CC(CC(=O)N[C@@H]3[C@H]4CCCCC[C@H]43)C2)C1,"N-((1R,7S,8r)-bicyclo[5.1.0]octan-8-yl)-2-(2-(4,4-difluoro-pentanoyl)-2-azaspiro[3.3]heptan-6-yl)acetamide",,CC(F)(F)CCC(=O)N1CC2(CC(CC(=O)N[C@H]3[C@@H]4CCCCC[C@@H]43)C2)C1,
27507,O=C(N[C@H]1C[C@@H]2CN(C(=O)[C@@H](O)C3CC3)C[C@@H]2C1)c1cc(C2CC2)on1,"5-cyclopropyl-N-((1R,5S,7R)-3-((2S)-2-cyclopropyl-2-hydroxy-acetyl)-3-azabicyclo[3.3.0]octan-7-yl)-1,2-oxazole-3-carboxamide",,O=C(N[C@H]1C[C@@H]2CN(C(=O)C(O)C3CC3)C[C@@H]2C1)c1cc(C2CC2)on1,
27568,CCCN(CCC)C(=O)CCC(=O)NC[C@H](CO)NC(=O)[C@@]1(C)C[C@@H]2C[C@@H]2C1,"N'-((2R)-3-hydroxy-2-((1R,3s,5S)-3-methylbicyclo[3.1.0]hexane-3-carboxamido)propyl)-N,N-dipropylbutanediamide",,CCCN(CCC)C(=O)CCC(=O)NC[C@H](CO)NC(=O)[C@]1(C)C[C@H]2C[C@H]2C1,
27581,C[C@]1(F)C[C@H](C(=O)N[C@@H]2CN(C(=O)c3cnco3)Cc3nccn3C2)C1,"(1r,3S)-3-fluoro-3-methyl-N-((3S)-5-((1,3-oxazol-5-yl)carbonyl)-1,5,8-triazabicyclo[5.3.0]deca-7,9-dien-3-yl)cyclobutanecarboxamide",,CC1(F)CC(C(=O)N[C@@H]2CN(C(=O)c3cnco3)Cc3nccn3C2)C1,
27707,CC(=O)Nc1ncc(C)cc1N[C@@]12C[C@@H]3C[C@@H](C[C@@](O)(C3)C1)C2,"N-(3-(((1r,3s,5R,7S)-3-hydroxyadamantan-1-yl)amino)-5-methylpyridin-2-yl)acetamide",,CC(=O)Nc1ncc(C)cc1N[C@@]12C[C@@H]3C[C@@H](C[C@@](O)(C3)C1)C2,
27745,Cc1c(Cl)cccc1C(=O)N[C@H]1C[C@](F)(CNC(=O)c2n[nH]c(C3CC3)n2)C1,"N-(((1s,3s)-3-(3-chloro-2-methylbenzamido)-1-fluorocyclobutyl)methyl)-5-cyclopropyl-1H-1,2,4-triazole-3-carboxamide",,Cc1c(Cl)cccc1C(=O)N[C@H]1C[C@](F)(CNC(=O)c2n[nH]c(C3CC3)n2)C1,
27791,COC[C@H](C)n1cc(C(=O)N[C@H]2[C@@H]3CN(C(=O)Cc4csc(C)c4)C[C@@H]32)c(C)n1,"1-((2S)-1-methoxypropan-2-yl)-3-methyl-N-((1R,5S,6s)-3-(2-(5-methylthiophen-3-yl)-acetyl)-3-azabicyclo[3.1.0]hexan-6-yl)-1H-pyrazole-4-carboxamide",,COC[C@H](C)n1cc(C(=O)N[C@H]2[C@@H]3CN(C(=O)Cc4csc(C)c4)C[C@@H]32)c(C)n1,
27799,C[C@H]1c2c[nH]nc2CC[C@H]1C(=O)N1C[C@H]2[C@H](CNC(=O)Cc3cncnc3)[C@H]2C1,"N-(((1R,5S,6R)-3-(((4R,5R)-4-methyl-4,5,6,7-tetrahydro-2H-indazol-5-yl)carbonyl)-3-azabicyclo[3.1.0]hexan-6-yl)methyl)-2-(pyrimidin-5-yl)acetamide",,C[C@H]1c2c[nH]nc2CCC1C(=O)N1C[C@@H]2[C@@H](CNC(=O)Cc3cncnc3)[C@@H]2C1,
27807,C[C@@H](O)[C@H](NC(=O)[C@@H]1C[C@@H]2CC[C@@H]2C1)C(=O)NCC(Cl)=CCl,"(1R,3r,5S)-N-((2S,3R)-1-((2,3-dichloroprop-2-en-1-yl)amino)-3-hydroxy-1-oxobutan-2-yl)bicyclo[3.2.0]heptane-3-carboxamide",,C[C@@H](O)C(NC(=O)C1C[C@H]2CC[C@H]2C1)C(=O)NCC(Cl)=CCl,
27812,CCCC(C)=CC(=O)N1[C@H]2CC[C@@H]1C[C@@H](NC(=O)CCCCNC(C)=O)C2,"5-acetamido-N-((1R,3s,5S)-8-(3-methyl-1-oxohex-2-en-1-yl)-8-azabicyclo[3.2.1]octan-3-yl)pentanamide",,CCCC(C)=CC(=O)N1[C@@H]2CC[C@H]1C[C@H](NC(=O)CCCCNC(C)=O)C2,
27847,CO[C@H](C(=O)N1CC2(C[C@@H](NC(=O)C3=NOCC3)c3nccn32)C1)C(C)C,"N-((6R)-spiro[1,4-diazabicyclo[3.3.0]octa-2,4-diene-8,3'-((2S)-1-(1-azacyclobutan-1-yl)-2-methoxy-3-methylbutane)]-6-yl-1'-one)-4,5-dihydro-1,2-oxazole-3-carboxamide",,COC(C(=O)N1CC2(C[C@@H](NC(=O)C3=NOCC3)c3nccn32)C1)C(C)C,
27882,CC(C)N(CCC(=O)N1CCc2nn(C)cc2C1)C(=O)c1ccc(CO)s1,"5-(hydroxymethyl)-N-(3-(2-methyl-4,5,6,7-tetrahydro-1H-pyrazolo[4,3-c]pyridin-5-yl)-3-oxopropyl)-N-(propan-2-yl)thiophene-2-carboxamide",OCC1=CC=C(S1)C(=O)N(C(C)C)CCC(=O)N1CC2=C(CC1)NN(C2)C,CC(C)N(CCC(=O)N1CCc2nn(C)cc2C1)C(=O)c1ccc(CO)s1,CC(C)N(CCC(=O)N1CCC2=C(CN(C)N2)C1)C(=O)c1ccc(CO)s1
27899,CCc1ncsc1C(=O)N1C[C@H]2[C@H](CC(=O)N3C[C@H]4CC[C@@]4(C)C3)[C@H]2C1,"2-((1R,5S,6s)-3-((4-ethyl-1,3-thiazol-5-yl)carbonyl)-3-azabicyclo[3.1.0]hexan-6-yl)-1-((1R,5S)-1-methyl-3-azabicyclo[3.2.0]heptan-3-yl)ethan-1-one",,CCc1ncsc1C(=O)N1C[C@@H]2[C@@H](CC(=O)N3C[C@H]4CC[C@@]4(C)C3)[C@@H]2C1,
27910,COc1ccc(C[C@H](C)C(=O)N[C@@H]2CN(C(=O)[C@H]3C[C@@](C)(O)C3)C[C@@H]2O)cc1F,"(2S)-3-(3-fluoro-4-methoxyphenyl)-N-((3R,4S)-4-hydroxy-1-(((1s,3R)-3-hydroxy-3-methylcyclobutyl)carbonyl)pyrrolidin-3-yl)-2-methylpropanamide",,COc1ccc(CC(C)C(=O)N[C@@H]2CN(C(=O)C3CC(C)(O)C3)C[C@@H]2O)cc1F,
27952,CCOc1cncc(C(=O)N2C[C@@H]3[C@H](C(=O)N(CCCCCO)C(C)C)[C@@H]3C2)c1,"(1R,5S,6s)-3-((5-ethoxypyridin-3-yl)carbonyl)-N-(5-hydroxypentyl)-N-(propan-2-yl)-3-azabicyclo[3.1.0]hexane-6-carboxamide",,CCOc1cncc(C(=O)N2C[C@@H]3C(C(=O)N(CCCCCO)C(C)C)[C@@H]3C2)c1,
27985,O=C(N[C@H]1C[C@@H]2CN(Cc3cc(Br)ncc3Br)C[C@@H]2C1)c1cscc1Br,"4-bromo-N-((1R,5S,7s)-3-((2,5-dibromopyridin-4-yl)methyl)-3-azabicyclo[3.3.0]octan-7-yl)thiophene-3-carboxamide",,O=C(N[C@H]1C[C@@H]2CN(Cc3cc(Br)ncc3Br)C[C@@H]2C1)c1cscc1Br,
28049,C#C[C@]1(O)C[C@@H](C(=O)N[C@H](CCSC)C(=O)N[C@@]2(C)CC2(C)C)C1,"(1s,3S)-3-(ethynyl)-3-hydroxy-N-((2R)-4-(methylsulfanyl)-1-oxo-1-(((1S)-1,2,2-trimethylcyclopropyl)amino)butan-2-yl)cyclobutanecarboxamide",,C#CC1(O)CC(C(=O)NC(CCSC)C(=O)N[C@@]2(C)CC2(C)C)C1,
28056,Cc1cnc(CC(=O)NC[C@H]2C[C@@](F)(CNC(=O)[C@@H]3CCc4nc[nH]c4C3)C2)o1,"N-(((1R,3r)-3-fluoro-3-(((6R)-4,5,6,7-tetrahydro-1H-benzimidazole-6-carboxamido)methyl)cyclobutyl)methyl)-2-(5-methyl-1,3-oxazol-2-yl)acetamide",,Cc1cnc(CC(=O)NC[C@H]2C[C@@](F)(CNC(=O)C3CCc4[nH]cnc4C3)C2)o1,
28074,N=c1cc(C(=O)N[C@H]2C[C@](F)(CNC(=O)COc3ccccc3Cl)C2)cc[nH]1,"N-((1s,3s)-3-((2-((2-chlorophenyl)oxy)acetamido)methyl)-3-fluorocyclobutyl)-2-imino-1H-pyridine-4-carboxamide",,Nc1cc(C(=O)N[C@H]2C[C@](F)(CNC(=O)COc3ccccc3Cl)C2)ccn1,
28108,Cc1cc(C(=O)N2CCC[C@]2(C)CNC(=O)[C@H]2[C@@H](C)[C@H]2C)nnc1C,"(1s,2R,3S)-N-(((2R)-1-((5,6-dimethylpyridazin-3-yl)carbonyl)-2-methylpyrrolidin-2-yl)methyl)-2,3-dimethylcyclopropanecarboxamide",,Cc1cc(C(=O)N2CCC[C@]2(C)CNC(=O)C2[C@@H](C)[C@H]2C)nnc1C,
28133,CCC1=NO[C@@H](CNC(=O)[C@]2(NC(=O)c3cc(Cl)no3)C[C@@H](O)C2)C1,"3-chloro-N-((1s,3S)-1-((((5R)-3-ethyl-4,5-dihydro-1,2-oxazol-5-yl)methyl)carbamoyl)-3-hydroxycyclobutyl)-1,2-oxazole-5-carboxamide",,CCC1=NO[C@@H](CNC(=O)[C@]2(NC(=O)c3cc(Cl)no3)C[C@@H](O)C2)C1,
28207,Cc1sc(=O)n(CC(=O)N[C@H]2C[C@](F)(CNC(=O)c3nccc(Cl)c3F)C2)c1C,"N-((1s,3s)-3-((4-chloro-3-fluoropyridine-2-carboxamido)methyl)-3-fluorocyclobutyl)-2-(4,5-dimethyl-2-oxo-3H-1,3-thiazol-3-yl)acetamide",,Cc1sc(=O)n(CC(=O)N[C@H]2C[C@](F)(CNC(=O)c3nccc(Cl)c3F)C2)c1C,
28257,Cc1cnsc1C(=O)N1CC[C@@H](CNC(=O)[C@H]2CC[C@@](C)(O)CC2)C1,"(1s,4R)-4-hydroxy-4-methyl-N-(((3S)-1-((4-methyl-1,2-thiazol-5-yl)carbonyl)pyrrolidin-3-yl)methyl)cyclohexanecarboxamide",,Cc1cnsc1C(=O)N1CC[C@@H](CNC(=O)C2CCC(C)(O)CC2)C1,
28362,CCCOCC(=O)N1[C@H]2CC[C@@H]1C[C@@H](NC(=O)[C@@]1(COC)CCCNS1(=O)=O)C2,"(6S)-6-(methoxymethyl)-1,1-dioxo-N-((1R,3s,5S)-8-(1-oxo-2-propoxyethyl)-8-azabicyclo[3.2.1]octan-3-yl)-1,2-thiazinane-6-carboxamide",,CCCOCC(=O)N1[C@@H]2CC[C@H]1C[C@H](NC(=O)[C@@]1(COC)CCCNS1(=O)=O)C2,
28384,CCc1nc(C)ncc1C(=O)N1C[C@H]2[C@H](N(C)C(=O)[C@@H]3C[C@@H]3C(F)F)[C@H]2C1,"(1R,2S)-2-(difluoromethyl)-N-((1R,5S,6s)-3-((4-ethyl-2-methylpyrimidin-5-yl)carbonyl)-3-azabicyclo[3.1.0]hexan-6-yl)-N-methylcyclopropanecarboxamide",,CCc1nc(C)ncc1C(=O)N1C[C@@H]2[C@H](C1)[C@H]2N(C)C(=O)C1C[C@@H]1C(F)F,
28421,C[C@@H]1OCC[C@@H]1N(C(=O)[C@H]1CC=CC[C@H]1NC(=O)[C@@H]1C[C@@H]2CC[C@@H]2C1)C1CC1,"(1R,3r,5S)-N-((1R,6S)-6-(((2S,3S)-2-methyloxolan-3-yl)(cyclopropyl)carbamoyl)cyclohex-3-en-1-yl)bicyclo[3.2.0]heptane-3-carboxamide",,C[C@@H]1OCC[C@@H]1N(C(=O)C1CC=CC[C@H]1NC(=O)C1C[C@H]2CC[C@H]2C1)C1CC1,
28472,O=C(N[C@H]1CCN(C(=O)c2cc3c(F)cccc3s2)C1)[C@@H]1[C@H]2CCCC[C@H]21,"(1R,6S,7r)-N-((3S)-1-((4-fluoro-1-benzothiophen-2-yl)carbonyl)pyrrolidin-3-yl)bicyclo[4.1.0]heptane-7-carboxamide",,O=C(N[C@H]1CCN(C(=O)c2cc3c(F)cccc3s2)C1)C1[C@H]2CCCC[C@@H]12,
28575,CC(C)CN(CC(=O)NC[C@@]1(C)C[C@@H]2C[C@@H]2C1)C(=O)C[C@]1(O)CCCOC1,"2-((3R)-3-hydroxyoxan-3-yl)-N-(2-((((1R,3s,5S)-3-methylbicyclo[3.1.0]hexan-3-yl)methyl)amino)-2-oxoethyl)-N-(2-methylpropyl)acetamide",,CC(C)CN(CC(=O)NC[C@]1(C)C[C@H]2C[C@H]2C1)C(=O)C[C@]1(O)CCCOC1,
28645,Cc1nc(C(=O)N[C@@H]2CN(C(=O)C[C@@H]3C[C@H]4C[C@H]4C3)C[C@H]2CC2CC2)cs1,"N-((3S,4R)-1-(2-((1R,3s,5S)-bicyclo[3.1.0]hexan-3-yl)-acetyl)-4-(cyclopropylmethyl)pyrrolidin-3-yl)-2-methyl-1,3-thiazole-4-carboxamide",,Cc1nc(C(=O)N[C@@H]2CN(C(=O)C[C@H]3C[C@@H]4C[C@@H]4C3)C[C@H]2CC2CC2)cs1,
28715,CC(C)c1ncc(Cl)c(C(=O)N2CCC[C@H]2CNC(=O)[C@H]2C[C@@H]3CC[C@H](C2)O3)n1,"(1R,3s,5S)-N-(((2S)-1-((5-chloro-2-(propan-2-yl)pyrimidin-4-yl)carbonyl)pyrrolidin-2-yl)methyl)-8-oxabicyclo[3.2.1]octane-3-carboxamide",,CC(C)c1ncc(Cl)c(C(=O)N2CCC[C@H]2CNC(=O)C2C[C@H]3CC[C@@H](C2)O3)n1,
28756,Cc1cncc(CC(=O)N[C@H]2[C@@H]3CN(C(=O)c4ccc(-c5ccco5)o4)C[C@@H]32)c1,"N-((1R,5S,6s)-3-((5-(furan-2-yl)furan-2-yl)carbonyl)-3-azabicyclo[3.1.0]hexan-6-yl)-2-(5-methylpyridin-3-yl)acetamide",,Cc1cncc(CC(=O)N[C@H]2[C@@H]3CN(C(=O)c4ccc(-c5ccco5)o4)C[C@@H]32)c1,
28778,C[C@]1(NC(=O)c2cc(Cl)c(F)cc2F)C[C@@H](NC(=O)Cc2cscn2)C1,"5-chloro-2,4-difluoro-N-((1s,3s)-1-methyl-3-(2-(1,3-thiazol-4-yl)acetamido)cyclobutyl)benzamide",,C[C@]1(NC(=O)c2cc(Cl)c(F)cc2F)C[C@@H](NC(=O)Cc2cscn2)C1,
28787,CCc1c[nH]nc1C(=O)N1C[C@H]2[C@H](NC(=O)c3cnc(C(C)C)o3)[C@H]2C1,"N-((1R,5S,6s)-3-((4-ethyl-1H-pyrazol-3-yl)carbonyl)-3-azabicyclo[3.1.0]hexan-6-yl)-2-(propan-2-yl)-1,3-oxazole-5-carboxamide",,CCc1c[nH]nc1C(=O)N1C[C@@H]2[C@H](C1)[C@H]2NC(=O)c1cnc(C(C)C)o1,
28814,CN1CCc2cc(C(=O)N3C[C@H]4C[C@H](NC(=O)CC(=O)N(C)C)C[C@H]4C3)sc2C1,"N',N'-dimethyl-N-((1R,5S,7s)-3-((4-methyl-7-thia-4-azabicyclo[4.3.0]nona-1(6),8-dien-8-yl)carbonyl)-3-azabicyclo[3.3.0]octan-7-yl)propanediamide",,CN1CCc2cc(C(=O)N3C[C@H]4C[C@H](NC(=O)CC(=O)N(C)C)C[C@H]4C3)sc2C1,
28817,COc1cc(N2[C@H]3CC[C@@H]2C[C@H](NC(=O)c2cnn[nH]2)C3)nc(C(F)(F)F)n1,"N-((1R,3r,5S)-8-(6-methoxy-2-(trifluoromethyl)pyrimidin-4-yl)-8-azabicyclo[3.2.1]octan-3-yl)-1H-1,2,3-triazole-5-carboxamide",,COc1cc(N2[C@@H]3CC[C@H]2C[C@@H](NC(=O)c2c[nH]nn2)C3)nc(C(F)(F)F)n1,
28855,CCCCCCCC[C@@H](C)C(=O)N[C@]1(C)C[C@H](NC(=O)c2ccc(O)c(N)n2)C1,"(2R)-N-((1s,3S)-3-(6-amino-5-hydroxypyridine-2-carboxamido)-1-methylcyclobutyl)-2-methyldecanamide",,CCCCCCCCC(C)C(=O)N[C@]1(C)C[C@H](NC(=O)c2ccc(O)c(N)n2)C1,
28938,CCOc1ccsc1C(=O)N[C@@H]1[C@@H]2CN(C(=O)Nc3cccc(Br)c3)C[C@@H]21,"N-((1R,5S,6r)-3-(((3-bromophenyl)amino)carbonyl)-3-azabicyclo[3.1.0]hexan-6-yl)-3-ethoxythiophene-2-carboxamide",,CCOc1ccsc1C(=O)N[C@@H]1[C@@H]2CN(C(=O)Nc3cccc(Br)c3)C[C@@H]21,
28953,C[C@H]1C[C@@H](C(=O)N2[C@H]3CCC[C@@H]2CN(C(=O)[C@@H](C)C(C)(F)F)C3)C[C@@H](C)O1,"(2R)-1-((1R,5S)-9-(((2R,4r,6S)-2,6-dimethyloxan-4-yl)carbonyl)-3,9-diazabicyclo[3.3.1]nonan-3-yl)-3,3-difluoro-2-methylbutan-1-one",,CC(C(=O)N1C[C@H]2CCC[C@@H](C1)N2C(=O)C1C[C@@H](C)O[C@@H](C)C1)C(C)(F)F,
28966,CN=c1[nH]c(C(=O)N2C[C@H]3[C@H](CN(C)C(=O)[C@@]4(O)CCCC(C)(C)C4)[C@H]3C2)cs1,"(1R)-1-hydroxy-3,3,N-trimethyl-N-(((1R,5S,6r)-3-((2-(methylimino)-3H-1,3-thiazol-4-yl)carbonyl)-3-azabicyclo[3.1.0]hexan-6-yl)methyl)cyclohexanecarboxamide",,CNc1nc(C(=O)N2C[C@@H]3[C@@H](CN(C)C(=O)[C@@]4(O)CCCC(C)(C)C4)[C@@H]3C2)cs1,
29019,CC[C@@H](CC(=O)N1C[C@@H]2C[C@H](NC(=O)C3(O)CCC3)C[C@@H](C2)C1)C1CCC1,"N-((1R,5S,7R)-3-((3S)-3-cyclobutyl-pentanoyl)-3-azabicyclo[3.3.1]nonan-7-yl)-1-hydroxycyclobutanecarboxamide",,CC[C@@H](CC(=O)N1C[C@@H]2C[C@@H](C[C@H](NC(=O)C3(O)CCC3)C2)C1)C1CCC1,
29078,Cc1ccc(C)c(C(=O)NC[C@H]2C[C@](F)(CNC(=O)[C@@H]3CCC3(C)C)C2)c1,"N-(((1S,3s)-3-(((1R)-2,2-dimethylcyclobutanecarboxamido)methyl)-3-fluorocyclobutyl)methyl)-2,5-dimethylbenzamide",,Cc1ccc(C)c(C(=O)NC[C@H]2C[C@](F)(CNC(=O)C3CCC3(C)C)C2)c1,
29151,CCC[C@H](C(=O)N1[C@H]2CC[C@@H]1C[C@H](CNC(=O)c1cc(F)n(C)n1)C2)C(C)C,"5-fluoro-1-methyl-N-(((1R,3S,5S)-8-((2S)-1-oxo-2-(propan-2-yl)pentyl)-8-azabicyclo[3.2.1]octan-3-yl)methyl)-1H-pyrazole-3-carboxamide",,CCCC(C(=O)N1[C@@H]2CC[C@H]1C[C@@H](CNC(=O)c1cc(F)n(C)n1)C2)C(C)C,
29173,CC(C)[C@@H](O)CC(=O)N1CCC[C@@H]1CNC(=O)[C@@]1(C)C[C@H](C)O[C@H](C)C1,"(2R,4s,6S)-N-(((2R)-1-((3S)-3-hydroxy-4-methyl-pentanoyl)pyrrolidin-2-yl)methyl)-2,4,6-trimethyloxane-4-carboxamide",,CC(C)[C@@H](O)CC(=O)N1CCC[C@@H]1CNC(=O)[C@]1(C)C[C@@H](C)O[C@@H](C)C1,
29176,CSc1nc(C)cc(=NC[C@]2(F)C[C@@H](NC(=O)c3cc(O)nc(C)n3)C2)[nH]1,"N-((1s,3s)-3-fluoro-3-(((6-methyl-2-(methylsulfanyl)-3H-pyrimidin-4-ylidene)amino)methyl)cyclobutyl)-6-hydroxy-2-methylpyrimidine-4-carboxamide",,CSc1nc(C)cc(NC[C@]2(F)C[C@@H](NC(=O)c3cc(=O)[nH]c(C)n3)C2)n1,
29184,CCOC(=O)[C@H]1C[C@@H]1C(=O)N1C[C@H]2[C@H](NC(=O)c3ccc(CO)o3)[C@H]2C1,"ethyl (1S,2S)-2-(((1R,5S,6R)-6-(5-(hydroxymethyl)furan-2-carboxamido)-3-azabicyclo[3.1.0]hexan-3-yl)carbonyl)cyclopropanecarboxylate",,CCOC(=O)C1CC1C(=O)N1C[C@@H]2[C@H](C1)[C@H]2NC(=O)c1ccc(CO)o1,
29237,C[C@H]1CC(C)(C)CN1C(=O)[C@]1(NC(=O)[C@@H]2[C@H]3CN(C)C[C@H]32)CC1(C)C,"(1R,5S,6r)-N-((1S)-2,2-dimethyl-1-(((2S)-2,4,4-trimethylpyrrolidin-1-yl)carbonyl)cyclopropyl)-3-methyl-3-azabicyclo[3.1.0]hexane-6-carboxamide",,C[C@H]1CC(C)(C)CN1C(=O)[C@]1(NC(=O)C2[C@H]3CN(C)C[C@@H]23)CC1(C)C,
29247,C#C[C@]1(O)C[C@@H](C(=O)NC[C@H](CC(=O)N[C@H](CO)c2cnn(C)c2)OC)C1,"(1s,3R)-3-(ethynyl)-3-hydroxy-N-((2S)-4-(((1S)-2-hydroxy-1-(1-methyl-1H-pyrazol-4-yl)ethyl)amino)-2-methoxy-4-oxobutyl)cyclobutanecarboxamide",,C#CC1(O)CC(C(=O)NC[C@H](CC(=O)N[C@H](CO)c2cnn(C)c2)OC)C1,
29263,C[C@@H](CCNC(=O)[C@H]1C[C@H]2[C@@H](C1)C2(C)C)NC(=O)C[C@H]1CCCCN1C,"(1R,3s,5S)-6,6-dimethyl-N-((3S)-3-(2-((2R)-1-methylpiperidin-2-yl)acetamido)butyl)bicyclo[3.1.0]hexane-3-carboxamide",,C[C@@H](CCNC(=O)C1C[C@@H]2[C@H](C1)C2(C)C)NC(=O)C[C@H]1CCCCN1C,
29275,CC(=O)N[C@](C)(CO)C(=O)N(C)CCCCN(C)C(=O)[C@@H]1C[C@@H]2CSC[C@@H](C2)C1,"(2R)-2-acetamido-3-hydroxy-2,N-dimethyl-N-(4-(N-methyl(1R,5S,7r)-3-thiabicyclo[3.3.1]nonane-7-carboxamido)butyl)propanamide",,CC(=O)N[C@](C)(CO)C(=O)N(C)CCCCN(C)C(=O)C1C[C@H]2CSC[C@@H](C1)C2,
29279,COC1(CNC(=O)N2[C@H]3CC[C@@H]2C[C@H](O)C3)CC1,"(1R,3r,5S)-3-hydroxy-N-((1-methoxycyclopropyl)methyl)-8-azabicyclo[3.2.1]octane-8-carboxamide",,COC1(CNC(=O)N2[C@@H]3CC[C@H]2C[C@@H](O)C3)CC1,
29323,CN(C)Cc1ccc(C(=O)N2C[C@H]3[C@@H](C2)[C@@H]3C(=O)O)o1,"(1R,5S,6r)-3-((5-((dimethylamino)methyl)furan-2-yl)carbonyl)-3-azabicyclo[3.1.0]hexane-6-carboxylic acid",,CN(C)Cc1ccc(C(=O)N2C[C@@H]3C(C(=O)O)[C@@H]3C2)o1,
29369,C#CC[C@]1(O)C[C@@H](C(=O)N2C[C@@H](NC(=O)c3ccsc3OCC)C(C)(C)C2)C1,"2-ethoxy-N-((3S)-1-(((1s,3R)-3-hydroxy-3-(prop-2-yn-1-yl)cyclobutyl)carbonyl)-4,4-dimethylpyrrolidin-3-yl)thiophene-3-carboxamide",,C#CCC1(O)CC(C(=O)N2C[C@@H](NC(=O)c3ccsc3OCC)C(C)(C)C2)C1,
29407,O=C(NC[C@]1(F)C[C@H](NC(=O)[C@@]2(c3ccccc3)CCOC2)C1)c1cc(O)cs1,"(3R)-N-((1r,3R)-3-fluoro-3-((4-hydroxythiophene-2-carboxamido)methyl)cyclobutyl)-3-phenyloxolane-3-carboxamide",,O=C(NC[C@]1(F)C[C@H](NC(=O)[C@@]2(c3ccccc3)CCOC2)C1)c1cc(O)cs1,
29412,COC[C@@H](C(=O)N[C@H]1[C@@H]2CN(C(=O)c3cccc(N=S(C)(C)=O)c3)C[C@@H]21)N(C)C,"(2S)-N-((1R,5S,6s)-3-((3-((dimethyl(oxo)-lambda^6-sulfanylidene)amino)phenyl)carbonyl)-3-azabicyclo[3.1.0]hexan-6-yl)-2-(dimethylamino)-3-methoxypropanamide",,COCC(C(=O)N[C@H]1[C@@H]2CN(C(=O)c3cccc(N=S(C)(C)=O)c3)C[C@@H]21)N(C)C,
29581,C[C@H](CC(=O)N[C@]1(C)C[C@@H](NC(=O)c2cnc(C3CC3)[nH]2)C1)c1cccnc1,"(3R)-N-((1r,3R)-3-(2-cyclopropyl-1H-imidazole-5-carboxamido)-1-methylcyclobutyl)-3-(pyridin-3-yl)butanamide",,C[C@H](CC(=O)N[C@]1(C)C[C@@H](NC(=O)c2c[nH]c(C3CC3)n2)C1)c1cccnc1,
29584,C=CCCCCCC(=O)N[C@H]1C[C@]2(CCCCN2C(=O)CNC(=O)[C@H]2C[C@H]2C)C1,"N-(5-(2-((1S,2R)-2-methylcyclopropanecarboxamido)-acetyl)-5-azaspiro[3.5]nonan-2-yl)oct-7-enamide",C[C@H]1[C@H](C1)C(=O)NCC(=O)N1C2(CC(C2)NC(CCCCCC=C)=O)CCCC1,C=CCCCCCC(=O)N[C@H]1C[C@]2(CCCCN2C(=O)CNC(=O)C2C[C@H]2C)C1,C=CCCCCCC(=O)NC1CC2(CCCCN2C(=O)CNC(=O)C2C[C@H]2C)C1
29640,CN(C)Cc1c[nH]c(C(=O)NC[C@H]2C[C@@H]3CC[C@H](C2)N3C(=O)CCCN=[N+]=[N-])c1,"N-(((1R,3s,5S)-8-(4-azido-butyryl)-8-azabicyclo[3.2.1]octan-3-yl)methyl)-4-((dimethylamino)methyl)-1H-pyrrole-2-carboxamide",,CN(C)Cc1c[nH]c(C(=O)NC[C@@H]2C[C@H]3CC[C@@H](C2)N3C(=O)CCCN=[N+]=[N-])c1,
29700,CCC1(CC)C[C@@H](NC(=O)c2ncccc2N)CN1C(=O)[C@H]1C[C@@](F)(CO)C1,"3-amino-N-((3R)-5,5-diethyl-1-(((1r,3R)-3-fluoro-3-(hydroxymethyl)cyclobutyl)carbonyl)pyrrolidin-3-yl)pyridine-2-carboxamide",,CCC1(CC)C[C@@H](NC(=O)c2ncccc2N)CN1C(=O)C1CC(F)(CO)C1,
29761,COC[C@@H](OC)C(=O)N1[C@H]2CC[C@@H]1C[C@@H](NC(=O)c1c(C)cc(C#N)cc1C)C2,"4-cyano-N-((1R,3S,5S)-8-((2R)-2,3-dimethoxy-propionyl)-8-azabicyclo[3.2.1]octan-3-yl)-2,6-dimethylbenzamide",,COCC(OC)C(=O)N1[C@@H]2CC[C@H]1C[C@H](NC(=O)c1c(C)cc(C#N)cc1C)C2,
29825,CC(C)[C@@H](C#N)C(=O)N1CC=C(C(=O)NC[C@@H]2[C@H]3CCC[C@H]32)C1,"N-(((1R,5S,6r)-bicyclo[3.1.0]hexan-6-yl)methyl)-1-((2S)-2-cyano-3-methyl-butyryl)-2,5-dihydro-1H-pyrrole-3-carboxamide",,CC(C)C(C#N)C(=O)N1CC=C(C(=O)NC[C@H]2[C@@H]3CCC[C@@H]32)C1,
29887,CC[C@](Nc1cn[nH]c1)(c1nnnn1-c1ccc(F)cc1)[C@@H]1C[C@H](C)O[C@H](C)C1,"N-((1R)-1-((2R,4r,6S)-2,6-dimethyloxan-4-yl)-1-(1-(4-fluorophenyl)-1H-tetrazol-5-yl)propyl)-1H-pyrazol-4-amine",,CC[C@](Nc1cn[nH]c1)(c1nnnn1-c1ccc(F)cc1)[C@H]1C[C@@H](C)O[C@@H](C)C1,
29936,Cc1cc(-c2nc([C@H]3C[C@@](F)(CO)C3)n(CCOC(C)C)n2)c(C)o1,"1-((1r,3r)-3-(3-(2,5-dimethylfuran-3-yl)-1-(2-isopropoxyethyl)-1H-1,2,4-triazol-5-yl)-1-fluorocyclobutyl)methanol",,Cc1cc(-c2nc([C@H]3C[C@@](F)(CO)C3)n(CCOC(C)C)n2)c(C)o1,
29950,CN(C[C@@H]1CCCN1C(=O)[C@H]1C[C@H]2COC[C@H](C2)C1)C(=O)[C@@H]1C[C@H]1c1ccco1,"(1R,2R)-2-(furan-2-yl)-N-methyl-N-(((2S)-1-(((1R,5S,7s)-3-oxabicyclo[3.3.1]nonan-7-yl)carbonyl)pyrrolidin-2-yl)methyl)cyclopropanecarboxamide",,CN(C[C@@H]1CCCN1C(=O)C1C[C@H]2COC[C@@H](C1)C2)C(=O)C1C[C@H]1c1ccco1,
30023,C=CCC(CC=C)N=c1cc(C)[nH]c(=NC[C@@H]2[C@H]3CCCC[C@H]32)[nH]1,"N-(((1R,6S,7r)-bicyclo[4.1.0]heptan-7-yl)methyl)-N'-(hepta-1,6-dien-4-yl)-6-methyl-1H,3H-pyrimidine-2,4-diimine",,C=CCC(CC=C)Nc1cc(C)nc(NC[C@H]2[C@@H]3CCCC[C@@H]32)n1,
30062,CC(C)OCC(=O)NC[C@H]1C[C@@](F)(CNC(=O)[C@@]23CC[C@@](CF)(C2)OC3)C1,"N-(((1S,3r)-3-fluoro-3-(((1S,4S)-1-(fluoromethyl)-2-oxabicyclo[2.2.1]heptane-4-carboxamido)methyl)cyclobutyl)methyl)-2-isopropoxyacetamide",,CC(C)OCC(=O)NC[C@H]1C[C@@](F)(CNC(=O)[C@@]23CC[C@@](CF)(C2)OC3)C1,
30118,Cc1nc(C(=O)N2CCOC[C@@H]2CCNC(=O)[C@@H]2[C@H]3COC[C@H]32)c(C)s1,"(1R,5S,6r)-N-(2-((3S)-4-((2,5-dimethyl-1,3-thiazol-4-yl)carbonyl)morpholin-3-yl)ethyl)-3-oxabicyclo[3.1.0]hexane-6-carboxamide",,Cc1nc(C(=O)N2CCOC[C@@H]2CCNC(=O)C2[C@H]3COC[C@@H]23)c(C)s1,
30180,COc1cccc(NC(=O)N[C@H]2C[C@@H]3CC[C@@H]3C2)c1OC,"1-(((1R,3s,5S)-bicyclo[3.2.0]heptan-3-yl)amino)-N-(2,3-dimethoxyphenyl)formamide",,COc1cccc(NC(=O)N[C@@H]2C[C@H]3CC[C@H]3C2)c1OC,
30242,C=CC[C@@H](CNC(=O)c1ccc(Cl)o1)NC(=O)[C@]1(C(F)(F)F)C[C@@H]2C[C@@H]2C1,"5-chloro-N-((2S)-2-((1R,3s,5S)-3-(trifluoromethyl)bicyclo[3.1.0]hexane-3-carboxamido)pent-4-en-1-yl)furan-2-carboxamide",,C=CC[C@@H](CNC(=O)c1ccc(Cl)o1)NC(=O)[C@@]1(C(F)(F)F)C[C@H]2C[C@H]2C1,
30261,O=C(NCCC1CC(F)(F)C1)[C@@H]1C[C@@H]2CN(C(=O)C3CN(C4CCC4)C3)C[C@@H]2C1,"(1R,5S,7r)-3-((1-cyclobutylazetidin-3-yl)carbonyl)-N-(2-(3,3-difluorocyclobutyl)ethyl)-3-azabicyclo[3.3.0]octane-7-carboxamide",,O=C(NCCC1CC(F)(F)C1)C1C[C@@H]2CN(C(=O)C3CN(C4CCC4)C3)C[C@@H]2C1,
30311,Cc1cnc(C)c(C(=O)N2C[C@@H]3[C@H](C(=O)N4C[C@@H](F)C[C@H]4C#N)[C@@H]3C2)n1,"(2S,4S)-1-(((1R,5S,6s)-3-((3,6-dimethylpyrazin-2-yl)carbonyl)-3-azabicyclo[3.1.0]hexan-6-yl)carbonyl)-4-fluoropyrrolidine-2-carbonitrile",,Cc1cnc(C)c(C(=O)N2C[C@@H]3C(C(=O)N4C[C@@H](F)C[C@H]4C#N)[C@@H]3C2)n1,
30335,O=C(NC1CC2(CCN(C(=O)c3cc(C(F)F)cs3)C2)C1)[C@@H]1[C@H]2COC[C@H]21,"(1R,5S,6r)-N-(6-((4-(difluoromethyl)thiophen-2-yl)carbonyl)-6-azaspiro[3.4]octan-2-yl)-3-oxabicyclo[3.1.0]hexane-6-carboxamide",,O=C(NC1CC2(CCN(C(=O)c3cc(C(F)F)cs3)C2)C1)C1[C@H]2COC[C@@H]12,
30370,CCOCCCCC(=O)N1CC[C@H](NC(=O)[C@H]2C[C@H]3COC[C@H](C3)C2)C1,"(1R,5S,7s)-N-((3S)-1-(5-ethoxy-pentanoyl)pyrrolidin-3-yl)-3-oxabicyclo[3.3.1]nonane-7-carboxamide",,CCOCCCCC(=O)N1CC[C@H](NC(=O)C2C[C@H]3COC[C@@H](C2)C3)C1,
30459,C[C@H](C(=O)N[C@]1(C)C[C@H](NC(=O)C(C)(C)CCCc2ccccc2)C1)[C@@H](C)O,"N-((1R,3s)-3-((2S,3R)-3-hydroxy-2-methylbutanamido)-3-methylcyclobutyl)-2,2-dimethyl-5-phenylpentanamide",,CC(C(=O)N[C@]1(C)C[C@H](NC(=O)C(C)(C)CCCc2ccccc2)C1)[C@@H](C)O,
30471,Cn1ncc(C(=O)N2C[C@@H]3[C@H](C2)[C@@H]3NC(=O)CSc2ccncc2)c1C(F)(F)F,"N-((1R,5S,6r)-3-((1-methyl-5-(trifluoromethyl)-1H-pyrazol-4-yl)carbonyl)-3-azabicyclo[3.1.0]hexan-6-yl)-2-((pyridin-4-yl)sulfanyl)acetamide",,Cn1ncc(C(=O)N2C[C@@H]3[C@H](C2)[C@@H]3NC(=O)CSc2ccncc2)c1C(F)(F)F,
30557,Cn1cc(C(=O)C(=O)N[C@H]2C[C@@](C)(NC(=O)C3C4(CC4)C34CC4)C2)cn1,"N-((1s,3s)-3-(dispiro[2.0.2.1]heptane-7-carboxamido)-3-methylcyclobutyl)-2-(1-methyl-1H-pyrazol-4-yl)-2-oxoacetamide",,Cn1cc(C(=O)C(=O)N[C@H]2C[C@@](C)(NC(=O)C3C4(CC4)C34CC4)C2)cn1,
30604,CCCCC[C@@H]1CC[C@H](C(=O)N[C@H]2C[C@@](C)(NC(=O)C=CCOC)C2)O1,"(2R,5R)-N-((1s,3S)-3-(4-methoxybut-2-enamido)-3-methylcyclobutyl)-5-pentyloxolane-2-carboxamide",,CCCCC[C@@H]1CCC(C(=O)N[C@H]2C[C@@](C)(NC(=O)C=CCOC)C2)O1,
30686,C[C@]1(NC(=O)[C@@H]2CCc3nc[nH]c3C2)C[C@H](NC(=O)C2(F)CCCCCC2)C1,"(6R)-N-((1r,3R)-3-(1-fluorocycloheptanecarboxamido)-1-methylcyclobutyl)-4,5,6,7-tetrahydro-1H-benzimidazole-6-carboxamide",,C[C@]1(NC(=O)C2CCc3[nH]cnc3C2)C[C@H](NC(=O)C2(F)CCCCCC2)C1,
30743,CC1(C(=O)N2CCC3(CCC3)[C@@H](NC(=O)[C@H]3C[C@H]4CCC[C@H](C4)C3)C2)CC1,"(1R,3s,5S)-N-((5R)-7-((1-methylcyclopropyl)carbonyl)-7-azaspiro[3.5]nonan-5-yl)bicyclo[3.3.1]nonane-3-carboxamide",,CC1(C(=O)N2CCC3(CCC3)[C@@H](NC(=O)C3C[C@H]4CCC[C@@H](C3)C4)C2)CC1,
30770,CC1(C)[C@H](CNC(=O)[C@H]2CCC(=O)N2C2CC2)CCN1C(=O)[C@H]1C[C@](F)(CO)C1,"(2R)-1-cyclopropyl-N-(((3S)-1-(((1s,3R)-3-fluoro-3-(hydroxymethyl)cyclobutyl)carbonyl)-2,2-dimethylpyrrolidin-3-yl)methyl)-5-oxopyrrolidine-2-carboxamide",,CC1(C)[C@H](CNC(=O)C2CCC(=O)N2C2CC2)CCN1C(=O)C1CC(F)(CO)C1,
30787,CCCS(=O)(=O)[C@@H](C)C(=O)N[C@]1(C)C[C@@H](NC(=O)[C@H]2C3C[C@@H]4C2[C@@H]4C3)C1,"(2S)-N-((1S,3S)-1-methyl-3-((1S,2R,5S)-tricyclo[2.2.1.0^{2,6}]heptane-5-carboxamido)cyclobutyl)-2-(propylsulfonyl)propanamide",,CCCS(=O)(=O)C(C)C(=O)N[C@]1(C)C[C@@H](NC(=O)C2C3C[C@@H]4C2[C@@H]4C3)C1,
30802,C[C@@H](CCn1cccn1)OC(=O)[C@H]1C[C@H]2[C@@H](C1)C2(C)C,"(2S)-4-(1H-pyrazol-1-yl)butan-2-yl (1R,3s,5S)-6,6-dimethylbicyclo[3.1.0]hexane-3-carboxylate",,C[C@@H](CCn1cccn1)OC(=O)C1C[C@@H]2[C@H](C1)C2(C)C,
30829,CCC(C)(C)C(=O)N1C[C@H]2[C@H](N(C)C(=O)[C@@H]3CC34CCCCCC4)[C@H]2C1,"(1R)-N-((1R,5S,6s)-3-(2,2-dimethyl-butyryl)-3-azabicyclo[3.1.0]hexan-6-yl)-N-methylspiro[2.6]nonane-1-carboxamide",,CCC(C)(C)C(=O)N1C[C@@H]2[C@H](C1)[C@H]2N(C)C(=O)C1CC12CCCCCC2,
30874,C=CCCOCC(=O)N[C@]1(C)C[C@@H](NC(=O)CCc2ccc3c(c2)CCCO3)C1,"N-((1r,3r)-3-(2-((but-3-en-1-yl)oxy)acetamido)-3-methylcyclobutyl)-3-(3,4-dihydro-2H-1-benzopyran-6-yl)propanamide",,C=CCCOCC(=O)N[C@]1(C)C[C@@H](NC(=O)CCc2ccc3c(c2)CCCO3)C1,
30926,C[C@H](CN(C)C(=O)[C@H]1C[C@@H]2C[C@@H]2C1)N(C)C(=O)CC1CC(=O)NC(=O)C1,"(1R,3s,5S)-N-methyl-N-((2R)-2-(N-methyl-2-(2,6-dioxopiperidin-4-yl)acetamido)propyl)bicyclo[3.1.0]hexane-3-carboxamide",,C[C@H](CN(C)C(=O)C1C[C@@H]2C[C@@H]2C1)N(C)C(=O)CC1CC(=O)NC(=O)C1,
30957,Cn1cc(C(=O)NC[C@]2(F)C[C@H](CNC(=O)c3ccncn3)C2)c2ccccc21,"N-(((1r,3r)-1-fluoro-3-((pyrimidine-4-carboxamido)methyl)cyclobutyl)methyl)-1-methyl-1H-indole-3-carboxamide",,Cn1cc(C(=O)NC[C@]2(F)C[C@H](CNC(=O)c3ccncn3)C2)c2ccccc21,
30993,CN(C(=O)[C@@H]1C[C@H]2[C@@H](C1)C2(F)F)[C@@H]1CCCC[C@@H]1NC(=O)C1CCSCC1,"N-((1S,2R)-2-(N-methyl(1R,3r,5S)-6,6-difluorobicyclo[3.1.0]hexane-3-carboxamido)cyclohexyl)thiane-4-carboxamide",,CN(C(=O)C1C[C@@H]2[C@H](C1)C2(F)F)[C@@H]1CCCC[C@@H]1NC(=O)C1CCSCC1,
31003,C=CCC1(C(=O)N2C[C@H]3[C@H](NC(=O)C4(C(F)(F)F)CCOCC4)[C@H]3C2)COC1,"N-((1R,5S,6s)-3-((3-(prop-2-en-1-yl)oxetan-3-yl)carbonyl)-3-azabicyclo[3.1.0]hexan-6-yl)-4-(trifluoromethyl)oxane-4-carboxamide",,C=CCC1(C(=O)N2C[C@@H]3[C@H](C2)[C@H]3NC(=O)C2(C(F)(F)F)CCOCC2)COC1,
31061,CCN(CC)C[C@H](C)N1C[C@H]2[C@@H](C1)[C@@H]2C(=O)NCCCc1nn[nH]n1,"(1R,5S,6S)-3-((2S)-1-(diethylamino)propan-2-yl)-N-(3-(2H-tetrazol-5-yl)propyl)-3-azabicyclo[3.1.0]hexane-6-carboxamide",,CCN(CC)C[C@H](C)N1C[C@@H]2C(C(=O)NCCCc3nn[nH]n3)[C@@H]2C1,
31082,CC(C)(C)c1ncc(C(=O)N[C@H]2[C@@H]3CN(C(=O)[C@@](C)(O)C(F)(F)F)C[C@@H]32)o1,"2-(tert-butyl)-N-((1R,5S,6S)-3-((2R)-3,3,3-trifluoro-2-hydroxy-2-methyl-propionyl)-3-azabicyclo[3.1.0]hexan-6-yl)-1,3-oxazole-5-carboxamide",,CC(C)(C)c1ncc(C(=O)N[C@H]2[C@@H]3CN(C(=O)[C@@](C)(O)C(F)(F)F)C[C@@H]32)o1,
31103,C=C(C)CCCC(=O)NC[C@H]1C[C@@](F)(CNC(=O)c2ccc(Br)c(O)n2)C1,"N-(((1r,3r)-3-((5-bromo-6-hydroxypyridine-2-carboxamido)methyl)-3-fluorocyclobutyl)methyl)-5-methylhex-5-enamide",,C=C(C)CCCC(=O)NC[C@H]1C[C@@](F)(CNC(=O)c2ccc(Br)c(=O)[nH]2)C1,
31148,Cc1nc(SCCC(=O)NC[C@H]2CCN(C(=O)[C@H]3CC[C@@](C)(O)CC3)C2)n[nH]1,"N-(((3R)-1-(((1s,4S)-4-hydroxy-4-methylcyclohexyl)carbonyl)pyrrolidin-3-yl)methyl)-3-((5-methyl-1H-1,2,4-triazol-3-yl)sulfanyl)propanamide",,Cc1n[nH]c(SCCC(=O)NC[C@H]2CCN(C(=O)C3CCC(C)(O)CC3)C2)n1,
31225,O=C(CC1C2CC3CC(C2)CC1C3)NC[C@H]1[C@@H]2CN(C[C@@H]3CCCCO3)C[C@H]12,"2-(adamantan-2-yl)-N-(((1R,5S,6S)-3-(((2S)-oxan-2-yl)methyl)-3-azabicyclo[3.1.0]hexan-6-yl)methyl)acetamide",,O=C(CC1C2CC3CC(C2)CC1C3)NC[C@@H]1[C@H]2CN(C[C@@H]3CCCCO3)C[C@@H]12,
31264,COc1ccc2cc(C(=O)N[C@]3(C)C[C@@H](NC(=O)[C@H]4C[C@@H]5CC[C@@H]5C4)C3)[nH]c2n1,"N-((1r,3r)-3-((1R,3s,5S)-bicyclo[3.2.0]heptane-3-carboxamido)-1-methylcyclobutyl)-6-methoxy-1H-pyrrolo[2,3-b]pyridine-2-carboxamide",,COc1ccc2cc(C(=O)N[C@]3(C)C[C@@H](NC(=O)C4C[C@H]5CC[C@H]5C4)C3)[nH]c2n1,
31282,CCc1ncccc1C(=O)N[C@H]1C[C@@](C)(NC(=O)C=Cc2nc(C)cs2)C1,"2-ethyl-N-((1s,3s)-3-methyl-3-(3-(4-methyl-1,3-thiazol-2-yl)prop-2-enamido)cyclobutyl)pyridine-3-carboxamide",,CCc1ncccc1C(=O)N[C@H]1C[C@@](C)(NC(=O)C=Cc2nc(C)cs2)C1,
31312,CC(C)(C)OC(=O)N[C@H](C(=O)NS(=O)(=O)N1CCCCCCC1)[C@H]1C[C@@H]2C[C@@H]2C1,"tert-butyl (((1S)-2-(azocan-1-ylsulfonylamino)-1-((1R,3s,5S)-bicyclo[3.1.0]hexan-3-yl)-2-oxoethyl)amino)formate",,CC(C)(C)OC(=O)NC(C(=O)NS(=O)(=O)N1CCCCCCC1)[C@H]1C[C@@H]2C[C@@H]2C1,
31340,O=C([C@@H]1CCCn2cnnc21)N1C[C@H]2[C@H](N=c3[nH]c4c(F)cc(Cl)cc4s3)[C@H]2C1,"1-((1R,5S,6S)-6-((6-chloro-4-fluoro-1,3-benzothiazol-2-ylidene)amino)-3-azabicyclo[3.1.0]hexan-3-yl)-1-((8R)-5,6,7,8-tetrahydro[1,2,4]triazolo[4,3-a]pyridin-8-yl)methanone",,O=C(C1CCCn2cnnc21)N1C[C@@H]2[C@H](C1)[C@H]2Nc1nc2c(F)cc(Cl)cc2s1,
31397,C[C@H]1CC=CC[C@@H]1C(=O)N[C@]1(C(=O)Nc2ccccc2N=[N+]=[N-])C[C@H](O)C1,"(1S,6S)-N-((1s,3R)-1-((2-azidophenyl)carbamoyl)-3-hydroxycyclobutyl)-6-methylcyclohex-3-ene-1-carboxamide",,C[C@H]1CC=CCC1C(=O)N[C@]1(C(=O)Nc2ccccc2N=[N+]=[N-])C[C@H](O)C1,
31427,CC=C(C=CC(=O)N1CCC2(CCC2)[C@H](NC(=O)[C@H]2C[C@@H]3C[C@@H]3C2)C1)CC,"(1R,3s,5S)-N-((5S)-7-(4-ethyl-1-oxohexa-2,4-dien-1-yl)-7-azaspiro[3.5]nonan-5-yl)bicyclo[3.1.0]hexane-3-carboxamide",,CC=C(C=CC(=O)N1CCC2(CCC2)[C@H](NC(=O)C2C[C@@H]3C[C@@H]3C2)C1)CC,
31486,Cc1cnc(C)c(C(=O)NC[C@H]2[C@@H]3CN(C(=O)CN4CC[C@H]4C)C[C@H]23)c1,"2,5-dimethyl-N-(((1R,5S,6R)-3-(2-((2R)-2-methylazetidin-1-yl)-acetyl)-3-azabicyclo[3.1.0]hexan-6-yl)methyl)pyridine-3-carboxamide",,Cc1cnc(C)c(C(=O)NC[C@@H]2[C@H]3CN(C(=O)CN4CC[C@H]4C)C[C@@H]23)c1,
31519,COCC(F)(F)C(=O)NC[C@H]1C[C@@H]2CC[C@H](C1)N2C(=O)CN1CC[C@](C)(O)C1,"2,2-difluoro-N-(((1R,3R,5S)-8-(2-((3S)-3-hydroxy-3-methylpyrrolidin-1-yl)-acetyl)-8-azabicyclo[3.2.1]octan-3-yl)methyl)-3-methoxypropanamide",,COCC(F)(F)C(=O)NC[C@@H]1C[C@H]2CC[C@@H](C1)N2C(=O)CN1CC[C@](C)(O)C1,
31521,CC(C)COCC(=O)NC[C@]1(F)C[C@H](NC(=O)[C@@H](C)n2cc(Br)cn2)C1,"(2R)-2-(4-bromo-1H-pyrazol-1-yl)-N-((1r,3R)-3-fluoro-3-((2-isobutoxyacetamido)methyl)cyclobutyl)propanamide",,CC(C)COCC(=O)NC[C@]1(F)C[C@H](NC(=O)C(C)n2cc(Br)cn2)C1,
31557,Cc1ccc([C@@H]2C[C@H]2C(=O)NC[C@]2(F)C[C@H](CNC(=O)C3=CCCC3)C2)cc1,"N-(((1R,3r)-3-fluoro-3-(((1R,2R)-2-(4-methylphenyl)cyclopropanecarboxamido)methyl)cyclobutyl)methyl)cyclopent-1-ene-1-carboxamide",,Cc1ccc([C@@H]2CC2C(=O)NC[C@]2(F)C[C@H](CNC(=O)C3=CCCC3)C2)cc1,
31599,COC1CC(CCC(=O)N2C[C@H]3C[C@H](NC(=O)[C@H]4CCCNS4(=O)=O)C[C@H]3C2)C1,"(6R)-N-((1R,5S,7s)-3-(3-(3-methoxycyclobutyl)-propionyl)-3-azabicyclo[3.3.0]octan-7-yl)-1,1-dioxo-1,2-thiazinane-6-carboxamide",,COC1CC(CCC(=O)N2C[C@H]3C[C@H](NC(=O)C4CCCNS4(=O)=O)C[C@H]3C2)C1,
31607,CN(C)C(=O)C(C)(C)C(=O)NCCc1cc(C(=O)NC[C@]2(F)C[C@H](CO)C2)no1,"N'-(2-(3-((((1r,3r)-1-fluoro-3-(hydroxymethyl)cyclobutyl)methyl)carbamoyl)-1,2-oxazol-5-yl)ethyl)-2,2,N,N-tetramethylpropanediamide",,CN(C)C(=O)C(C)(C)C(=O)NCCc1cc(C(=O)NC[C@]2(F)C[C@H](CO)C2)no1,
31616,CSCCNC(=O)[C@@H]([C@@H]1[C@H]2CCC[C@H]21)N1CCC(Cc2cnn[nH]2)CC1,"(2R)-2-((1R,5S,6r)-bicyclo[3.1.0]hexan-6-yl)-N-(2-(methylsulfanyl)ethyl)-2-(4-((1H-1,2,3-triazol-5-yl)methyl)piperidin-1-yl)acetamide",,CSCCNC(=O)C([C@H]1[C@@H]2CCC[C@@H]21)N1CCC(Cc2c[nH]nn2)CC1,
31659,COc1ccc(F)c(CN2CCc3nn(C)c(C(=O)Nc4ncco4)c3C2)c1Br,"5-((2-bromo-6-fluoro-3-methoxyphenyl)methyl)-2-methyl-N-(1,3-oxazol-2-yl)-4,5,6,7-tetrahydro-1H-pyrazolo[4,3-c]pyridine-3-carboxamide",BrC1=C(C(=CC=C1OC)F)CN1CC2=C(CC1)NN(C2C(=O)NC=2OC=CN2)C,COc1ccc(F)c(CN2CCc3nn(C)c(C(=O)Nc4ncco4)c3C2)c1Br,COc1ccc(F)c(CN2CCC3=C(C2)C(C(=O)Nc2ncco2)N(C)N3)c1Br
31683,COCC(C)(C)CC(=O)NC[C@H]1C[C@@](F)(CNC(=O)CCCn2cncn2)C1,"N-(((1r,3r)-3-fluoro-3-((4-(1H-1,2,4-triazol-1-yl)butanamido)methyl)cyclobutyl)methyl)-4-methoxy-3,3-dimethylbutanamide",,COCC(C)(C)CC(=O)NC[C@H]1C[C@@](F)(CNC(=O)CCCn2cncn2)C1,
31689,C[C@@](CNC(=O)C1(CC2CC2)CCC1)(NC(=O)[C@@H]1[C@H]2[C@@H]3CC[C@@H](C3)[C@H]21)C1CC1,"(1R,2S,3r,4R,5S)-N-((2R)-2-cyclopropyl-1-(1-(cyclopropylmethyl)cyclobutanecarboxamido)propan-2-yl)tricyclo[3.2.1.0^{2,4}]octane-3-carboxamide",,C[C@@](CNC(=O)C1(CC2CC2)CCC1)(NC(=O)C1[C@@H]2[C@H]3CC[C@H](C3)[C@H]12)C1CC1,
31724,CO[C@H]1C[C@@H]2CC[C@H](C1)N2S(=O)(=O)c1cccc(N2CCC(P(C)(C)=O)CC2)n1,"(1R,3s,5S)-8-(6-(4-(dimethyloxophosphanyl)piperidin-1-yl)pyridin-2-ylsulfonyl)-3-methoxy-8-azabicyclo[3.2.1]octane",,CO[C@@H]1C[C@H]2CC[C@@H](C1)N2S(=O)(=O)c1cccc(N2CCC(P(C)(C)=O)CC2)n1,
31792,CO[C@H](C)CCC(=O)NC[C@]1(O)C[C@@H]2CC[C@H](C1)N2C(=O)[C@H]1C[C@@](C)(O)C1,"(4R)-N-(((1R,3s,5S)-3-hydroxy-8-(((1s,3S)-3-hydroxy-3-methylcyclobutyl)carbonyl)-8-azabicyclo[3.2.1]octan-3-yl)methyl)-4-methoxypentanamide",,CO[C@H](C)CCC(=O)NC[C@@]1(O)C[C@H]2CC[C@@H](C1)N2C(=O)C1CC(C)(O)C1,
31948,CC[C@H](C)[C@@H](OC)C(=O)N[C@H]1[C@@H]2CN(c3nccc(OC4CCOCC4)n3)C[C@@H]21,"(2R,3S)-2-methoxy-3-methyl-N-((1R,5S,6s)-3-(4-((oxan-4-yl)oxy)pyrimidin-2-yl)-3-azabicyclo[3.1.0]hexan-6-yl)pentanamide",,CC[C@H](C)C(OC)C(=O)N[C@H]1[C@@H]2CN(c3nccc(OC4CCOCC4)n3)C[C@@H]21,
32097,CN1CC[C@H](C(=O)N[C@H]2C[C@@](C)(NC(=O)c3ccc(Cl)s3)C2)C1=O,"(3R)-N-((1s,3S)-3-(5-chlorothiophene-2-carboxamido)-3-methylcyclobutyl)-1-methyl-2-oxopyrrolidine-3-carboxamide",,CN1CCC(C(=O)N[C@H]2C[C@@](C)(NC(=O)c3ccc(Cl)s3)C2)C1=O,
32124,CC[C@@H](SC)C(=O)N[C@H]1C[C@@H]2C[C@H](C1)CN(C(=O)c1cccc(CO)c1C)C2,"(2R)-N-((1R,5S,7s)-3-((3-(hydroxymethyl)-2-methylphenyl)carbonyl)-3-azabicyclo[3.3.1]nonan-7-yl)-2-(methylsulfanyl)butanamide",,CCC(SC)C(=O)N[C@@H]1C[C@H]2C[C@@H](C1)CN(C(=O)c1cccc(CO)c1C)C2,
32133,COC(=O)C[C@@H](C)CC(=O)NC[C@]1(F)C[C@H](CNC(=O)CC2CC3(CCC3)C2)C1,"methyl (3S)-4-((((1r,3S)-1-fluoro-3-((2-(spiro[3.3]heptan-2-yl)acetamido)methyl)cyclobutyl)methyl)carbamoyl)-3-methylbutanoate",,COC(=O)C[C@@H](C)CC(=O)NC[C@]1(F)C[C@H](CNC(=O)CC2CC3(CCC3)C2)C1,
32218,COC(=O)NCC(=O)NCC1(C(=O)N[C@H]2C[C@@H]3CCC[C@@H]3C2)CC2(CC2)C1,"methyl ((2-(((5-(((2s,3aR,6aS)-octahydropentalen-2-yl)carbamoyl)spiro[2.3]hexan-5-yl)methyl)amino)-2-oxoethyl)amino)formate",,COC(=O)NCC(=O)NCC1(C(=O)N[C@@H]2C[C@H]3CCC[C@H]3C2)CC2(CC2)C1,
32343,CCc1occ(C(F)(F)F)c1C(=O)N1C[C@H]2[C@H](N(C)C(=O)[C@H]3CCCN3C)[C@H]2C1,"(2R)-N-((1R,5S,6s)-3-((2-ethyl-4-(trifluoromethyl)furan-3-yl)carbonyl)-3-azabicyclo[3.1.0]hexan-6-yl)-1,N-dimethylpyrrolidine-2-carboxamide",,CCc1occ(C(F)(F)F)c1C(=O)N1C[C@@H]2[C@H](C1)[C@H]2N(C)C(=O)C1CCCN1C,
32379,C[C@H](OC(C)(C)C)C(=O)N1C[C@H]2[C@H](CC(=O)N3CC[C@@](C)(O)C3)[C@H]2C1,"(2S)-2-(tert-butoxy)-1-((1R,5S,6R)-6-(2-((3R)-3-hydroxy-3-methylpyrrolidin-1-yl)-2-oxoethyl)-3-azabicyclo[3.1.0]hexan-3-yl)propan-1-one",,CC(OC(C)(C)C)C(=O)N1C[C@@H]2[C@@H](CC(=O)N3CC[C@@](C)(O)C3)[C@@H]2C1,
32469,CCCCC[C@](C)(CC)C(=O)NC[C@]1(F)C[C@H](NC(=O)c2nnc(C)s2)C1,"(2S)-2-ethyl-N-(((1r,3S)-1-fluoro-3-(5-methyl-1,3,4-thiadiazole-2-carboxamido)cyclobutyl)methyl)-2-methylheptanamide",,CCCCC[C@](C)(CC)C(=O)NC[C@]1(F)C[C@H](NC(=O)c2nnc(C)s2)C1,
32500,O=C([C@@H]1[C@H]2CN(c3ccnc4ccnn34)C[C@H]21)N1CCC[C@H](c2ccccc2)C1,"1-((3R)-3-phenylpiperidin-1-yl)-1-((1R,5S,6r)-3-(pyrazolo[1,5-a]pyrimidin-7-yl)-3-azabicyclo[3.1.0]hexan-6-yl)methanone",,O=C(C1[C@H]2CN(c3ccnc4ccnn34)C[C@@H]12)N1CCC[C@H](c2ccccc2)C1,
32522,CCOC(=O)c1cnc(N2C[C@H]3[C@H](CNC(=O)C[C@@H]4COC(=O)C4)[C@H]3C2)nc1,"ethyl 2-((1R,5S,6r)-6-((2-((3S)-5-oxooxolan-3-yl)acetamido)methyl)-3-azabicyclo[3.1.0]hexan-3-yl)pyrimidine-5-carboxylate",,CCOC(=O)c1cnc(N2C[C@@H]3[C@@H](CNC(=O)C[C@@H]4COC(=O)C4)[C@@H]3C2)nc1,
32586,CC=CCCC(=O)N[C@H]1[C@@H]2CN(C(=O)[C@@]3(C)CCC(=O)C3)C[C@@H]21,"N-((1R,5S,6R)-3-(((1S)-1-methyl-3-oxocyclopentyl)carbonyl)-3-azabicyclo[3.1.0]hexan-6-yl)hex-4-enamide",,CC=CCCC(=O)N[C@H]1[C@@H]2CN(C(=O)[C@@]3(C)CCC(=O)C3)C[C@@H]21,
32589,O=C(NC[C@@H]1CC2(CCNCC2)O1)[C@H]1C[C@@H]2C[C@H](C1)CC(F)(F)C2,"(1R,3s,5S)-7,7-difluoro-N-(((2S)-1-oxa-7-azaspiro[3.5]nonan-2-yl)methyl)bicyclo[3.3.1]nonane-3-carboxamide",,O=C(NC[C@@H]1CC2(CCNCC2)O1)C1C[C@@H]2C[C@H](C1)CC(F)(F)C2,
32683,N#C[C@]1(O)C[C@@H](C(=O)NC[C@H]2CC[C@H](CNC(=O)CCN3CCOCC3)CC2)C1,"(1s,3s)-3-cyano-3-hydroxy-N-((trans-4-((3-(morpholin-4-yl)propanamido)methyl)cyclohexyl)methyl)cyclobutanecarboxamide",,N#CC1(O)CC(C(=O)NC[C@H]2CC[C@H](CNC(=O)CCN3CCOCC3)CC2)C1,
32689,N#C[C@]1(C(=O)N2CCC3(CN(C(=O)[C@H]4CC[C@H]5C[C@H]5CC4)C3)C2)CCCOC1,"(3R)-3-((2-(((1R,4s,7S)-bicyclo[5.1.0]octan-4-yl)carbonyl)-2,6-diazaspiro[3.4]octan-6-yl)carbonyl)oxane-3-carbonitrile",,N#C[C@]1(C(=O)N2CCC3(CN(C(=O)C4CC[C@@H]5C[C@@H]5CC4)C3)C2)CCCOC1,
32697,CN(CC(=O)N1C[C@H]2CC[C@@H](C1)[C@@H]2C(=O)N1C[C@H]2[C@@H](C1)C2(C)C)C(=O)C(=O)O,"1-((2-((1R,5S,8r)-8-(((1R,5S)-6,6-dimethyl-3-azabicyclo[3.1.0]hexan-3-yl)carbonyl)-3-azabicyclo[3.2.1]octan-3-yl)-2-oxoethyl)(methyl)carbamoyl)formic acid",,CN(CC(=O)N1C[C@H]2CC[C@@H](C1)C2C(=O)N1C[C@@H]2[C@H](C1)C2(C)C)C(=O)C(=O)O,
32721,CCCCCC(C)(CC)C(=O)N[C@H]1C[C@@](C)(NC(=O)C2=CN(CC3CC3)N=N2)C1,"N-((1s,3s)-3-(1-(cyclopropylmethyl)-1H-1,2,3-triazole-4-carboxamido)-3-methylcyclobutyl)-2-ethyl-2-methylheptanamide",,CCCCCC(C)(CC)C(=O)N[C@H]1C[C@@](C)(NC(=O)c2cn(CC3CC3)nn2)C1,
32759,CCCOC(=O)[C@H](C)N[C@@H](C)[C@@H]1C[C@@H](C)C[C@@H](C)C1,"propyl (2S)-2-(((1S)-1-((1r,3R,5S)-3,5-dimethylcyclohexyl)ethyl)amino)propanoate",,CCCOC(=O)C(C)N[C@@H](C)[C@H]1C[C@H](C)C[C@H](C)C1,
32830,CC1(C)[C@H]2CC[C@@H](CC(=O)N3[C@H]4CC[C@@H]3C[C@@H](NC(=O)[C@@H](O)C3CC3)C4)[C@@H]1C2,"(2S)-2-cyclopropyl-N-((1R,3R,5S)-8-(2-((1S,2S,5S)-6,6-dimethylbicyclo[3.1.1]heptan-2-yl)-acetyl)-8-azabicyclo[3.2.1]octan-3-yl)-2-hydroxyacetamide",,CC1(C)[C@H]2CC[C@@H](CC(=O)N3[C@@H]4CC[C@H]3C[C@H](NC(=O)C(O)C3CC3)C4)[C@@H]1C2,
33007,C[C@]1(NC(=O)C=Cc2cc[nH]n2)C[C@H](NC(=O)[C@@H]2CCCN2c2ccncn2)C1,"N-((1S,3r)-1-methyl-3-((2S)-1-(pyrimidin-4-yl)pyrrolidine-2-carboxamido)cyclobutyl)-3-(1H-pyrazol-3-yl)prop-2-enamide",,C[C@]1(NC(=O)C=Cc2cc[nH]n2)C[C@H](NC(=O)C2CCCN2c2ccncn2)C1,
33032,C=C1CCN(C(=O)[C@H]2C[C@@H]3CCC[C@@H]3C2)[C@H](C(=O)NC2(CC)CC2)C1,"(2S)-N-(1-ethylcyclopropyl)-4-methylidene-1-(((2s,3aR,6aS)-octahydropentalen-2-yl)carbonyl)piperidine-2-carboxamide",,C=C1CCN(C(=O)C2C[C@H]3CCC[C@H]3C2)C(C(=O)NC2(CC)CC2)C1,
33041,Cc1cccc2c(C(=O)N3C[C@H]4[C@H](NC(=O)c5cc(C(C)C)on5)[C@H]4C3)csc12,"N-((1R,5S,6s)-3-((7-methyl-1-benzothiophen-3-yl)carbonyl)-3-azabicyclo[3.1.0]hexan-6-yl)-5-(propan-2-yl)-1,2-oxazole-3-carboxamide",,Cc1cccc2c(C(=O)N3C[C@@H]4[C@H](C3)[C@H]4NC(=O)c3cc(C(C)C)on3)csc12,
33043,O=C(CCc1ncc(F)cn1)N[C@H]1C[C@@H]2CN(c3ccccc3[N+](=O)[O-])C[C@@H]2C1,"3-(5-fluoropyrimidin-2-yl)-N-((1R,5S,7s)-3-(2-nitrophenyl)-3-azabicyclo[3.3.0]octan-7-yl)propanamide",,O=C(CCc1ncc(F)cn1)N[C@H]1C[C@@H]2CN(c3ccccc3[N+](=O)[O-])C[C@@H]2C1,
33093,COC[C@](C)(O)CC(=O)N1C[C@H]2[C@H](NC(=O)C=C3CCN(C)CC3)[C@H]2C1,"N-((1R,5S,6S)-3-((3R)-3-hydroxy-4-methoxy-3-methyl-butyryl)-3-azabicyclo[3.1.0]hexan-6-yl)-2-(1-methylpiperidin-4-ylidene)acetamide",,COC[C@](C)(O)CC(=O)N1C[C@@H]2[C@H](C1)[C@H]2NC(=O)C=C1CCN(C)CC1,
33150,Cc1ccc(CONC(=O)c2conc2[C@H](C)NC(=O)[C@H]2C[C@@H]3C[C@@H]3C2)cc1,"3-((1S)-1-((1R,3s,5S)-bicyclo[3.1.0]hexane-3-carboxamido)ethyl)-N-(((4-methylphenyl)methyl)oxy)-1,2-oxazole-4-carboxamide",,Cc1ccc(CONC(=O)c2conc2[C@H](C)NC(=O)C2C[C@@H]3C[C@@H]3C2)cc1,
33393,C=CC[C@@H](C(=O)N1C[C@H]2[C@H](CNC(=O)C(C)(C)c3ccccc3C)[C@H]2C1)C(C)C,"2-methyl-2-(2-methylphenyl)-N-(((1R,5S,6R)-3-((2R)-1-oxo-2-(propan-2-yl)pent-4-en-1-yl)-3-azabicyclo[3.1.0]hexan-6-yl)methyl)propanamide",,C=CCC(C(=O)N1C[C@@H]2[C@@H](CNC(=O)C(C)(C)c3ccccc3C)[C@@H]2C1)C(C)C,
33408,Cc1c[nH]nc1C(=O)NC[C@H]1CC[C@@](F)(CNC(=O)c2cc(N)ccc2Cl)CC1,"N-(((1r,4r)-4-((5-amino-2-chlorobenzamido)methyl)-4-fluorocyclohexyl)methyl)-4-methyl-1H-pyrazole-3-carboxamide",,Cc1c[nH]nc1C(=O)NC[C@H]1CC[C@@](F)(CNC(=O)c2cc(N)ccc2Cl)CC1,
33424,Cc1ccc(C#N)cc1NC(=O)[C@H]1CCOC[C@H]1NC(=O)C[C@@H]1C[C@H]2C[C@H]2C1,"(3S,4S)-3-(2-((1R,3s,5S)-bicyclo[3.1.0]hexan-3-yl)acetamido)-N-(2-methyl-5-(nitrilomethyl)phenyl)oxane-4-carboxamide",,Cc1ccc(C#N)cc1NC(=O)C1CCOC[C@H]1NC(=O)C[C@H]1C[C@@H]2C[C@@H]2C1,
33469,CCN(CCNC(=O)[C@@H]1[C@H]2CC(=O)C[C@H]21)C(=O)CN1CCSCC1,"(1R,5S,6r)-N-(2-(N-ethyl-2-(thiomorpholin-4-yl)acetamido)ethyl)-3-oxobicyclo[3.1.0]hexane-6-carboxamide",,CCN(CCNC(=O)C1[C@H]2CC(=O)C[C@@H]12)C(=O)CN1CCSCC1,
33480,CCOC[C@@H](C(=O)NC[C@]1(F)C[C@@H](CO)C1)n1cc(COC2CCOCC2)nn1,"(2S)-3-ethoxy-N-(((1s,3R)-1-fluoro-3-(hydroxymethyl)cyclobutyl)methyl)-2-(4-(((oxan-4-yl)oxy)methyl)-1H-1,2,3-triazol-1-yl)propanamide",,CCOCC(C(=O)NC[C@]1(F)C[C@@H](CO)C1)n1cc(COC2CCOCC2)nn1,
33482,COCCN(C)CC(=O)N1CCC[C@H]1[C@@H](C)NC(=O)[C@@H]1CCCc2nnn(C)c21,"(4R)-N-((1R)-1-((2S)-1-(2-((2-methoxyethyl)(methyl)amino)-acetyl)pyrrolidin-2-yl)ethyl)-3-methyl-4,5,6,7-tetrahydro-1H-benzotriazole-4-carboxamide",COCCN(CC(=O)N1[C@@H](CCC1)[C@@H](C)NC(=O)[C@@H]1CCCC=2NNN(C21)C)C,COCCN(C)CC(=O)N1CCC[C@H]1[C@@H](C)NC(=O)C1CCCc2nnn(C)c21,COCCN(C)CC(=O)N1CCC[C@H]1[C@@H](C)NC(=O)C1CCCC2=C1N(C)NN2
33497,Cc1ncccc1C(=O)N1CC[C@@H](CC(=O)NC[C@H]2C[C@@H]3CCC[C@@H]3C2)C1(C)C,"2-((3S)-2,2-dimethyl-1-((2-methylpyridin-3-yl)carbonyl)pyrrolidin-3-yl)-N-(((2s,3aR,6aS)-octahydropentalen-2-yl)methyl)acetamide",,Cc1ncccc1C(=O)N1CC[C@@H](CC(=O)NC[C@@H]2C[C@H]3CCC[C@H]3C2)C1(C)C,
33500,CCOCC1(C(=O)NC[C@]2(F)C[C@H](NC(=O)C[C@H]3C(=O)ON=C3C)C2)CC1,"1-(ethoxymethyl)-N-(((1R,3r)-1-fluoro-3-(2-((4R)-3-methyl-5-oxo-4H-1,2-oxazol-4-yl)acetamido)cyclobutyl)methyl)cyclopropanecarboxamide",,CCOCC1(C(=O)NC[C@]2(F)C[C@H](NC(=O)Cc3c(C)[nH]oc3=O)C2)CC1,
33553,C[C@@H](NS(C)(=O)=O)C(=O)N1C[C@H]2[C@H](N(C)C(=O)C[C@@H]3CNC(=O)C3)[C@H]2C1,"N-methyl-N-((1R,5S,6S)-3-((2R)-2-methylsulfonylamino-propionyl)-3-azabicyclo[3.1.0]hexan-6-yl)-2-((3R)-5-oxopyrrolidin-3-yl)acetamide",,CC(NS(C)(=O)=O)C(=O)N1C[C@@H]2[C@H](C1)[C@H]2N(C)C(=O)C[C@@H]1CNC(=O)C1,
33556,CC(=O)c1cc(C(=O)NC[C@H](CC(C)C)NC(=O)[C@H]2C[C@@H]3CC[C@H](C2)O3)co1,"(1R,3s,5S)-N-((2S)-1-(5-(acetyl)furan-3-carboxamido)-4-methylpentan-2-yl)-8-oxabicyclo[3.2.1]octane-3-carboxamide",,CC(=O)c1cc(C(=O)NC[C@H](CC(C)C)NC(=O)C2C[C@H]3CC[C@@H](C2)O3)co1,
33566,CCOC1CC(CC(=O)N2C[C@H]3[C@H](NC(=O)CCc4ccc(Cl)c(Cl)c4)[C@H]3C2)C1,"3-(3,4-dichlorophenyl)-N-((1R,5S,6s)-3-(2-(3-ethoxycyclobutyl)-acetyl)-3-azabicyclo[3.1.0]hexan-6-yl)propanamide",,CCOC1CC(CC(=O)N2C[C@@H]3[C@H](C2)[C@H]3NC(=O)CCc2ccc(Cl)c(Cl)c2)C1,
33577,CC[C@@]1(C(=O)N[C@@H]2[C@H]3COC[C@H]32)CCCN1C(=O)C[C@H]1CCCNC1=O,"(2S)-2-ethyl-N-((1R,5S,6r)-3-oxabicyclo[3.1.0]hexan-6-yl)-1-(1-oxo-2-((3R)-2-oxopiperidin-3-yl)ethyl)pyrrolidine-2-carboxamide",,CC[C@@]1(C(=O)N[C@H]2[C@@H]3COC[C@@H]32)CCCN1C(=O)CC1CCCNC1=O,
33647,C[C@H]1C[C@@H]1C(=O)NCC(=O)N[C@H]1C[C@](F)(CNC(=O)C2(F)CCCC2)C1,"1-fluoro-N-(((1R,3s)-1-fluoro-3-(2-((1S,2S)-2-methylcyclopropanecarboxamido)acetamido)cyclobutyl)methyl)cyclopentanecarboxamide",,C[C@H]1CC1C(=O)NCC(=O)N[C@H]1C[C@](F)(CNC(=O)C2(F)CCCC2)C1,
33648,Cc1occc1C(=O)N(C)[C@H]1[C@@H]2CN(C(=O)c3occ4c3CCC4)C[C@@H]21,"2,N-dimethyl-N-((1R,5S,6s)-3-((3-oxabicyclo[3.3.0]octa-1,4-dien-2-yl)carbonyl)-3-azabicyclo[3.1.0]hexan-6-yl)furan-3-carboxamide",,Cc1occc1C(=O)N(C)[C@H]1[C@@H]2CN(C(=O)c3occ4c3CCC4)C[C@@H]21,
33651,Cc1ccc(OCC(=O)NC[C@H]2[C@@H]3CN(C(=O)CC4CC(F)(F)C4)C[C@H]23)cc1C,"N-(((1R,5S,6r)-3-(2-(3,3-difluorocyclobutyl)-acetyl)-3-azabicyclo[3.1.0]hexan-6-yl)methyl)-2-((3,4-dimethylphenyl)oxy)acetamide",,Cc1ccc(OCC(=O)NC[C@@H]2[C@H]3CN(C(=O)CC4CC(F)(F)C4)C[C@@H]23)cc1C,
33689,COc1cc(C(F)(F)F)[nH]c(=NC[C@]2(F)C[C@@H](NC(=O)CCC3(C)CC3)C2)n1,"N-((1s,3s)-3-fluoro-3-(((4-methoxy-6-(trifluoromethyl)-1H-pyrimidin-2-ylidene)amino)methyl)cyclobutyl)-3-(1-methylcyclopropyl)propanamide",,COc1cc(C(F)(F)F)nc(NC[C@]2(F)C[C@@H](NC(=O)CCC3(C)CC3)C2)n1,
33925,O=C1O[C@H]2C[C@@H](C(=O)N3CC[C@@H](NCCO)C3)C[C@H]2O1,"(1R,5S,7r)-7-(((3R)-3-((2-hydroxyethyl)amino)pyrrolidin-1-yl)carbonyl)-2,4-dioxabicyclo[3.3.0]octan-3-one",,O=C1O[C@H]2CC(C(=O)N3CC[C@@H](NCCO)C3)C[C@H]2O1,
33941,CO[C@H]1C[C@H](C(=O)N2C[C@H]3CC[C@H]2CN3C(=O)Cc2cccc(C)c2)C[C@H]1OC,"1-((1R,4S)-5-(((1s,3R,4S)-3,4-dimethoxycyclopentyl)carbonyl)-2,5-diazabicyclo[2.2.2]octan-2-yl)-2-(3-methylphenyl)ethan-1-one",,CO[C@H]1CC(C(=O)N2C[C@H]3CC[C@H]2CN3C(=O)Cc2cccc(C)c2)C[C@H]1OC,
34004,CO[C@](C)(CC1CCC1)C(=O)N1C[C@H]2[C@H](NC(=O)Cc3cccnc3)[C@H]2C1,"N-((1R,5S,6S)-3-((2R)-3-cyclobutyl-2-methoxy-2-methyl-propionyl)-3-azabicyclo[3.1.0]hexan-6-yl)-2-(pyridin-3-yl)acetamide",,CO[C@](C)(CC1CCC1)C(=O)N1C[C@@H]2[C@H](C1)[C@H]2NC(=O)Cc1cccnc1,
34015,Cc1ccc(C(=O)N[C@H]2[C@@H]3CN(CCS(=O)(=O)c4ccc(Cl)cc4)C[C@@H]32)n1C,"N-((1R,5S,6s)-3-(2-(4-chlorophenylsulfonyl)ethyl)-3-azabicyclo[3.1.0]hexan-6-yl)-1,5-dimethyl-1H-pyrrole-2-carboxamide",,Cc1ccc(C(=O)N[C@H]2[C@@H]3CN(CCS(=O)(=O)c4ccc(Cl)cc4)C[C@@H]32)n1C,
34043,Cc1c[nH]c(C#N)nc1=NCCCC(C)(C)NC(=O)[C@H]1[C@@H](C)[C@H]1C,"(1s,2R,3S)-2,3-dimethyl-N-(2-methyl-5-((5-methyl-2-(nitrilomethyl)-1H-pyrimidin-4-ylidene)amino)pentan-2-yl)cyclopropanecarboxamide",,Cc1cnc(C#N)nc1NCCCC(C)(C)NC(=O)C1[C@@H](C)[C@H]1C,
34065,CC[S@@](=O)CC(=O)NCc1ccc(C(=O)NC[C@]2(F)C[C@H](CO)C2)nc1,"2-((R)-ethylsulfinyl)-N-((6-((((1r,3R)-1-fluoro-3-(hydroxymethyl)cyclobutyl)methyl)carbamoyl)pyridin-3-yl)methyl)acetamide",,CC[S@@+]([O-])CC(=O)NCc1ccc(C(=O)NC[C@]2(F)C[C@H](CO)C2)nc1,
34068,CP(C)(=O)CC(=O)N[C@H]1C[C@H]2COC[C@@H](C1)N2C(=O)c1cc(F)c(F)c(F)c1,"2-(dimethyloxophosphanyl)-N-((1R,5S,7s)-9-((3,4,5-trifluorophenyl)carbonyl)-3-oxa-9-azabicyclo[3.3.1]nonan-7-yl)acetamide",,CP(C)(=O)CC(=O)N[C@H]1C[C@H]2COC[C@@H](C1)N2C(=O)c1cc(F)c(F)c(F)c1,
34120,O=C(C[C@@H]1[C@H]2CCC[C@H]2N1C(=O)C[C@H]1C[C@@H]1C1CC1)N[C@H]1C[C@@H]2CCC[C@@H]2C1,"2-((1S,5R,7R)-6-(2-((1R,2R)-2-cyclopropylcyclopropyl)-acetyl)-6-azabicyclo[3.2.0]heptan-7-yl)-N-((2s,3aR,6aS)-octahydropentalen-2-yl)acetamide",,O=C(C[C@@H]1[C@H]2CCC[C@H]2N1C(=O)C[C@H]1C[C@@H]1C1CC1)N[C@@H]1C[C@H]2CCC[C@H]2C1,
34160,C=CC[C@H](CNC(=O)[C@@H]1CCCc2nnn(C)c21)NC(=O)CCCC(F)F,"(4R)-N-((2R)-2-(5,5-difluoropentanamido)pent-4-en-1-yl)-3-methyl-4,5,6,7-tetrahydro-1H-benzotriazole-4-carboxamide",FC(CCCC(=O)N[C@@H](CNC(=O)[C@@H]1CCCC=2NNN(C21)C)CC=C)F,C=CC[C@H](CNC(=O)C1CCCc2nnn(C)c21)NC(=O)CCCC(F)F,C=CC[C@H](CNC(=O)C1CCCC2=C1N(C)NN2)NC(=O)CCCC(F)F
34256,COc1ccc([C@]2(C(=O)N[C@H]3C[C@H](NC(=O)CCNC(N)=O)C3)C[C@H](O)C2)cc1,"(1r,3r)-3-hydroxy-1-(4-methoxyphenyl)-N-(trans-3-(3-(carbamoylamino)propanamido)cyclobutyl)cyclobutanecarboxamide",,COc1ccc([C@]2(C(=O)N[C@H]3C[C@H](NC(=O)CCNC(N)=O)C3)C[C@H](O)C2)cc1,
34294,Cc1cc([N+](=O)[O-])cc(Cl)c1NC(=O)[C@@H]1[C@H]2CN(C(=O)C(Cl)(Cl)Cl)C[C@H]21,"(1R,5S,6r)-N-(2-chloro-6-methyl-4-nitrophenyl)-3-(2,2,2-trichloro-acetyl)-3-azabicyclo[3.1.0]hexane-6-carboxamide",,Cc1cc([N+](=O)[O-])cc(Cl)c1NC(=O)C1[C@H]2CN(C(=O)C(Cl)(Cl)Cl)C[C@@H]12,
34299,CCOC(=O)[C@H]1C[C@](F)(C(=O)N2C[C@@H](NC(=O)c3cc[nH]c3C(C)C)[C@H](C)C2)C1,"ethyl (1R,3s)-3-fluoro-3-(((3R,4S)-3-methyl-4-(2-(propan-2-yl)-1H-pyrrole-3-carboxamido)pyrrolidin-1-yl)carbonyl)cyclobutanecarboxylate",,CCOC(=O)C1CC(F)(C(=O)N2C[C@@H](C)[C@H](NC(=O)c3cc[nH]c3C(C)C)C2)C1,
34341,COC(=O)[C@H]1[C@H]2C[C@H]2CN1C(=O)C[C@H]1[C@@H]2CN(C(=O)c3c[nH]nc3OC)C[C@H]12,"methyl (1S,2R,5R)-3-(2-((1R,5S,6s)-3-((3-methoxy-1H-pyrazol-4-yl)carbonyl)-3-azabicyclo[3.1.0]hexan-6-yl)-acetyl)-3-azabicyclo[3.1.0]hexane-2-carboxylate",,COC(=O)C1[C@H]2C[C@H]2CN1C(=O)C[C@@H]1[C@H]2CN(C(=O)c3c[nH]nc3OC)C[C@@H]12,
34415,Cc1cncc2cc(C(=O)N3CCC[C@](C)(CNC(=O)[C@@H]4[C@H]5COC[C@H]54)C3)sc12,"(1R,5S,6r)-N-(((3R)-3-methyl-1-((5-methyl-7-thia-3-azabicyclo[4.3.0]nona-1,3,5,8-tetraen-8-yl)carbonyl)piperidin-3-yl)methyl)-3-oxabicyclo[3.1.0]hexane-6-carboxamide",,Cc1cncc2cc(C(=O)N3CCC[C@](C)(CNC(=O)C4[C@H]5COC[C@@H]45)C3)sc12,
34431,Cc1cnc(N2C[C@H]3[C@H](NC(=O)[C@@]4(C)CCC(=O)N4)[C@H]3C2)c([N+](=O)[O-])c1,"(2R)-2-methyl-N-((1R,5S,6s)-3-(5-methyl-3-nitropyridin-2-yl)-3-azabicyclo[3.1.0]hexan-6-yl)-5-oxopyrrolidine-2-carboxamide",,Cc1cnc(N2C[C@@H]3[C@H](C2)[C@H]3NC(=O)[C@@]2(C)CCC(=O)N2)c([N+](=O)[O-])c1,
34434,C[C@@H]1S[C@@H](C)S[C@H](C)N1C(=O)[C@@H]1[C@@H]2CCC[C@H](NC(=O)OC(C)(C)C)[C@H]21,"tert-butyl (((1R,2S,6R,7R)-7-(((2R,4R,6S)-2,4,6-trimethyl-1,3,5-dithiazinan-5-yl)carbonyl)bicyclo[4.1.0]heptan-2-yl)amino)formate",,C[C@@H]1S[C@@H](C)N(C(=O)C2[C@@H]3[C@@H](NC(=O)OC(C)(C)C)CCC[C@@H]23)[C@@H](C)S1,
34491,Cn1nccc1CCC(=O)N[C@H]1CCN(C(=O)[C@]23CC[C@H](CC2)C3(C)C)C12CC2,"N-((7S)-4-((7,7-dimethylbicyclo[2.2.1]heptan-1-yl)carbonyl)-4-azaspiro[2.4]heptan-7-yl)-3-(1-methyl-1H-pyrazol-5-yl)propanamide",CC1(C2(CCC1CC2)C(=O)N2C1(CC1)[C@H](CC2)NC(CCC2=CC=NN2C)=O)C,Cn1nccc1CCC(=O)N[C@H]1CCN(C(=O)[C@]23CC[C@H](CC2)C3(C)C)C12CC2,Cn1nccc1CCC(=O)N[C@H]1CCN(C(=O)C23CCC(CC2)C3(C)C)C12CC2
34500,C=C[C@@H](C)CCNC(=O)[C@H]1C[C@@](C)(NC(=O)c2ccc(C#N)cn2)C1,"5-cyano-N-((1R,3s)-1-methyl-3-(((3S)-3-methylpent-4-en-1-yl)carbamoyl)cyclobutyl)pyridine-2-carboxamide",,C=C[C@@H](C)CCNC(=O)C1CC(C)(NC(=O)c2ccc(C#N)cn2)C1,
34551,CCN(CC(C)(C)CNC(=O)[C@@H]1C[C@H]1C1CC1)C(=O)[C@H]1[C@@H](C)[C@H]1C,"(1s,2R,3S)-N-(3-((1R,2S)-2-cyclopropylcyclopropanecarboxamido)-2,2-dimethylpropyl)-N-ethyl-2,3-dimethylcyclopropanecarboxamide",,CCN(CC(C)(C)CNC(=O)C1C[C@H]1C1CC1)C(=O)C1[C@@H](C)[C@H]1C,
34556,Cn1cncc1C(=O)N1CCN(C(=O)[C@H]2C[C@@](C)(O)C2)CC12CCC2,"1-(8-(((1s,3s)-3-hydroxy-3-methylcyclobutyl)carbonyl)-5,8-diazaspiro[3.5]nonan-5-yl)-1-(1-methyl-1H-imidazol-5-yl)methanone",,Cn1cncc1C(=O)N1CCN(C(=O)C2CC(C)(O)C2)CC12CCC2,
34588,C#CC[C@H](O)C(=O)N[C@H]1C[C@@](F)(CNC(=O)Cc2ccc(Cl)c(F)c2)C1,"(2S)-N-((1r,3S)-3-((2-(4-chloro-3-fluorophenyl)acetamido)methyl)-3-fluorocyclobutyl)-2-hydroxypent-4-ynamide",,C#CCC(O)C(=O)N[C@H]1C[C@@](F)(CNC(=O)Cc2ccc(Cl)c(F)c2)C1,
34589,CS[C@H](C(=O)NC[C@]1(O)C[C@@H]2CC[C@H](C1)N2C(=O)C=CC1CCC1)C1CC1,"(2S)-N-(((1R,3s,5S)-8-(3-cyclobutyl-1-oxoprop-2-en-1-yl)-3-hydroxy-8-azabicyclo[3.2.1]octan-3-yl)methyl)-2-cyclopropyl-2-(methylsulfanyl)acetamide",,CSC(C(=O)NC[C@@]1(O)C[C@H]2CC[C@@H](C1)N2C(=O)C=CC1CCC1)C1CC1,
34621,CC(C)CCCC(=O)NC[C@]1(F)C[C@H](NC(=O)[C@H]2[C@@H]3CS(=O)(=O)C[C@@H]32)C1,"N-(((1r,3r)-3-((1R,5S,6s)-3,3-dioxo-3lambda^6-thiabicyclo[3.1.0]hexane-6-carboxamido)-1-fluorocyclobutyl)methyl)-5-methylhexanamide",,CC(C)CCCC(=O)NC[C@]1(F)C[C@H](NC(=O)C2[C@H]3CS(=O)(=O)C[C@@H]23)C1,
34649,Cn1cc([C@@H](O)CNC(=O)[C@@H]2[C@H]3CN(C(=O)[C@@H]4CCOC4(C)C)C[C@H]32)cn1,"(1R,5S,6R)-3-(((3R)-2,2-dimethyloxolan-3-yl)carbonyl)-N-((2R)-2-hydroxy-2-(1-methyl-1H-pyrazol-4-yl)ethyl)-3-azabicyclo[3.1.0]hexane-6-carboxamide",,Cn1cc([C@@H](O)CNC(=O)C2[C@H]3CN(C(=O)C4CCOC4(C)C)C[C@@H]23)cn1,
34681,CN(C(=O)[C@@H]1C[C@@H]2OC(=O)O[C@@H]2C1)C1CC(NC(=O)c2cnsc2)C1,"N-(3-(N-methyl(1R,5S,7r)-3-oxo-2,4-dioxabicyclo[3.3.0]octane-7-carboxamido)cyclobutyl)-1,2-thiazole-4-carboxamide",,CN(C(=O)C1C[C@@H]2OC(=O)O[C@@H]2C1)C1CC(NC(=O)c2cnsc2)C1,
34743,C[C@H](C(=O)N1CCC[C@@H](CCNC(=O)[C@H]2CC[C@](C)(O)CC2)C1)C1CCCC1,"(1r,4S)-N-(2-((3S)-1-((2S)-2-cyclopentyl-propionyl)piperidin-3-yl)ethyl)-4-hydroxy-4-methylcyclohexanecarboxamide",,CC(C(=O)N1CCC[C@@H](CCNC(=O)C2CCC(C)(O)CC2)C1)C1CCCC1,
34844,Cc1cc(Br)c(C(=O)N2C[C@H]3[C@H](NC(=O)c4csc(Cl)c4)[C@H]3C2)s1,"N-((1R,5S,6s)-3-((3-bromo-5-methylthiophen-2-yl)carbonyl)-3-azabicyclo[3.1.0]hexan-6-yl)-5-chlorothiophene-3-carboxamide",,Cc1cc(Br)c(C(=O)N2C[C@@H]3[C@H](C2)[C@H]3NC(=O)c2csc(Cl)c2)s1,
34913,Cn1ncc(Br)c1CC(=O)N1C[C@H]2[C@H](NC(=O)CC(C)(C)CC(F)F)[C@H]2C1,"N-((1R,5S,6s)-3-(2-(4-bromo-1-methyl-1H-pyrazol-5-yl)-acetyl)-3-azabicyclo[3.1.0]hexan-6-yl)-5,5-difluoro-3,3-dimethylpentanamide",,Cn1ncc(Br)c1CC(=O)N1C[C@@H]2[C@H](C1)[C@H]2NC(=O)CC(C)(C)CC(F)F,
34925,C[C@]1(NC(=O)c2cnc(C3CC3)s2)C[C@H](NC(=O)c2ccsc2Cl)C1,"N-((1r,3r)-3-(2-chlorothiophene-3-carboxamido)-1-methylcyclobutyl)-2-cyclopropyl-1,3-thiazole-5-carboxamide",,C[C@]1(NC(=O)c2cnc(C3CC3)s2)C[C@H](NC(=O)c2ccsc2Cl)C1,
34947,Cc1ncc(C(=O)N[C@@H]2[C@@H](C)CN(C(=O)Cc3[nH]cnc3C)C[C@H]2C)o1,"N-((3R,4r,5S)-3,5-dimethyl-1-(2-(4-methyl-1H-imidazol-5-yl)-acetyl)piperidin-4-yl)-2-methyl-1,3-oxazole-5-carboxamide",,Cc1ncc(C(=O)N[C@H]2[C@H](C)CN(C(=O)Cc3[nH]cnc3C)C[C@@H]2C)o1,
34955,CO[C@H](CNC(=O)[C@]1(NC(=O)[C@H]2CC[C@H](O)CN2C)C[C@@H](O)C1)C1CC1,"(2R,5S)-N-((1s,3S)-1-(((2S)-2-cyclopropyl-2-methoxyethyl)carbamoyl)-3-hydroxycyclobutyl)-5-hydroxy-1-methylpiperidine-2-carboxamide",,CO[C@H](CNC(=O)[C@]1(NC(=O)C2CC[C@H](O)CN2C)C[C@@H](O)C1)C1CC1,
34971,C=C=CCC(=O)NC[C@]1(F)C[C@@H](NC(=O)[C@@H]2CC(=O)N(CCN(C)C)C2)C1,"N-(((1S,3s)-3-((3R)-1-(2-(dimethylamino)ethyl)-5-oxopyrrolidine-3-carboxamido)-1-fluorocyclobutyl)methyl)penta-3,4-dienamide",,C=C=CCC(=O)NC[C@]1(F)C[C@@H](NC(=O)C2CC(=O)N(CCN(C)C)C2)C1,
34983,CN(C(=O)C#CC1CC1)[C@H]1[C@@H]2CN(C(=O)[C@@H]3Cc4nn(C)cc4C(=O)N3)C[C@@H]21,"3-cyclopropyl-N-methyl-N-((1R,5S,6R)-3-(((6S)-2-methyl-4-oxo-4,5,6,7-tetrahydro-1H-pyrazolo[4,3-c]pyridin-6-yl)carbonyl)-3-azabicyclo[3.1.0]hexan-6-yl)prop-2-ynamide",,CN(C(=O)C#CC1CC1)[C@H]1[C@@H]2CN(C(=O)C3Cc4nn(C)cc4C(=O)N3)C[C@@H]21,
35007,COc1cccc(C(=O)NCCCCNC(=O)[C@@H]2C[C@H]3[C@@H](C2)C3(F)F)c1N,"(1R,3r,5S)-N-(4-(2-amino-3-methoxybenzamido)butyl)-6,6-difluorobicyclo[3.1.0]hexane-3-carboxamide",,COc1cccc(C(=O)NCCCCNC(=O)C2C[C@@H]3[C@H](C2)C3(F)F)c1N,
35008,CCc1oc(C)cc1C(=O)N[C@]1(C)C[C@H](C(=O)N[C@H]2C[C@](C)(OC)C2(C)C)C1,"2-ethyl-N-((1R,3s)-3-(((1S,3S)-3-methoxy-2,2,3-trimethylcyclobutyl)carbamoyl)-1-methylcyclobutyl)-5-methylfuran-3-carboxamide",,CCc1oc(C)cc1C(=O)NC1(C)CC(C(=O)N[C@H]2C[C@](C)(OC)C2(C)C)C1,
35040,CCn1cc(CCNC(=O)[C@@H]2C[C@@H]3CN(C(=O)CS(C)(=O)=O)C[C@@H]3C2)cn1,"(1R,5S,7r)-N-(2-(1-ethyl-1H-pyrazol-4-yl)ethyl)-3-(2-(methylsulfonyl)-acetyl)-3-azabicyclo[3.3.0]octane-7-carboxamide",,CCn1cc(CCNC(=O)C2C[C@@H]3CN(C(=O)CS(C)(=O)=O)C[C@@H]3C2)cn1,
35051,CN(CCCNC(=O)C[C@H]1[C@@H]2CN(C(=O)C(=O)C3CCCC3)C[C@H]12)C1CC1,"2-((1R,5S,6s)-3-(2-cyclopentyl-1,2-dioxoethyl)-3-azabicyclo[3.1.0]hexan-6-yl)-N-(3-((cyclopropyl)(methyl)amino)propyl)acetamide",,CN(CCCNC(=O)C[C@@H]1[C@H]2CN(C(=O)C(=O)C3CCCC3)C[C@@H]12)C1CC1,
35110,CN(C)C(=O)C(=O)N1CC[C@]2(C1)c1ncn(C)c1CCN2C(=O)c1coc(Cl)c1,"2-((3S)-1'-(5-chlorofuran-3-yl)-1'-(((2S)-7-methyl-3,7,9-triaza)spiro[pyrrolidine-3,2'-bicyclo[4.3.0]nona-1(6),8-dien-3-yl)methanone]-1-yl)-N,N-dimethyl-2-oxoacetamide",,CN(C)C(=O)C(=O)N1CC[C@]2(C1)c1ncn(C)c1CCN2C(=O)c1coc(Cl)c1,
35142,Cc1ncn(C)c1C(=O)N1C[C@H]2[C@H](N(C)C(=O)c3ccc(C(C)C)o3)[C@H]2C1,"N-((1R,5S,6s)-3-((1,4-dimethyl-1H-imidazol-5-yl)carbonyl)-3-azabicyclo[3.1.0]hexan-6-yl)-N-methyl-5-(propan-2-yl)furan-2-carboxamide",,Cc1ncn(C)c1C(=O)N1C[C@@H]2[C@H](C1)[C@H]2N(C)C(=O)c1ccc(C(C)C)o1,
35193,C[C@](NC(=O)c1cccc2cc[nH]c12)(C(=O)N[C@@H]1C[C@H](O)[C@H](O)C1)C1CCC1,"N-((2R)-2-cyclobutyl-1-(((1r,3R,4S)-3,4-dihydroxycyclopentyl)amino)-1-oxopropan-2-yl)-1H-indole-7-carboxamide",,C[C@](NC(=O)c1cccc2cc[nH]c12)(C(=O)N[C@H]1C[C@@H](O)[C@@H](O)C1)C1CCC1,
35256,Cn1nncc1C(=O)N[C@H]1[C@@H]2CN(C(=O)[C@H]3CCCC3(F)F)C[C@@H]21,"N-((1R,5S,6S)-3-(((1R)-2,2-difluorocyclopentyl)carbonyl)-3-azabicyclo[3.1.0]hexan-6-yl)-1-methyl-1H-1,2,3-triazole-5-carboxamide",,Cn1nncc1C(=O)N[C@H]1[C@@H]2CN(C(=O)C3CCCC3(F)F)C[C@@H]21,
35273,C[C@H](O)c1ncc(C(=O)N[C@H]2C[C@@](C)(NC(=O)c3cnccn3)C2)s1,"2-((1S)-1-hydroxyethyl)-N-((1s,3R)-3-methyl-3-(pyrazine-2-carboxamido)cyclobutyl)-1,3-thiazole-5-carboxamide",,C[C@H](O)c1ncc(C(=O)N[C@H]2C[C@@](C)(NC(=O)c3cnccn3)C2)s1,
35295,CC(=CC(=O)NC[C@]12CCC[C@H]1CN(C(=O)C[C@@H]1C[C@H]3C[C@H]3C1)C2)C(C)C,"N-(((1S,5R)-3-(2-((1R,3s,5S)-bicyclo[3.1.0]hexan-3-yl)-acetyl)-3-azabicyclo[3.3.0]octan-1-yl)methyl)-3,4-dimethylpent-2-enamide",,CC(=CC(=O)NC[C@]12CCC[C@H]1CN(C(=O)C[C@H]1C[C@@H]3C[C@@H]3C1)C2)C(C)C,
35301,CC(=CC(=O)N1CC[C@]2(C[C@H]2C(=O)N2[C@H]3CC[C@@H]2C[C@@H](F)C3)C1)c1ccccc1,"1-((1R,3S)-1-(((1R,3S,5S)-3-fluoro-8-azabicyclo[3.2.1]octan-8-yl)carbonyl)-5-azaspiro[2.4]heptan-5-yl)-3-phenylbut-2-en-1-one",,CC(=CC(=O)N1CC[C@]2(CC2C(=O)N2[C@@H]3CC[C@H]2C[C@H](F)C3)C1)c1ccccc1,
35337,Cc1ccccc1-n1cc(C(=O)N[C@H]2[C@@H]3CN(C(=O)c4csc(=N)[nH]4)C[C@@H]32)cn1,"N-((1R,5S,6s)-3-((2-imino-3H-1,3-thiazol-4-yl)carbonyl)-3-azabicyclo[3.1.0]hexan-6-yl)-1-(2-methylphenyl)-1H-pyrazole-4-carboxamide",,Cc1ccccc1-n1cc(C(=O)N[C@H]2[C@@H]3CN(C(=O)c4csc(N)n4)C[C@@H]32)cn1,
35344,Cc1cnccc1[C@H](C)C(=O)N[C@@H]1C[C@H](O)[C@@H](NC(=O)[C@@H]2[C@H]3CN(C)C[C@H]32)C1,"(2S)-N-((1S,3S,4S)-3-hydroxy-4-((1R,5S,6r)-3-methyl-3-azabicyclo[3.1.0]hexane-6-carboxamido)cyclopentyl)-2-(3-methylpyridin-4-yl)propanamide",,Cc1cnccc1C(C)C(=O)N[C@H]1C[C@H](NC(=O)C2[C@H]3CN(C)C[C@@H]23)[C@@H](O)C1,
35375,CCOC(=O)c1ccc(C(=O)NC2CN(C(=O)[C@@H]3[C@H]4CC(F)(F)C[C@H]43)C2)cc1,"ethyl 4-((1-(((1R,5S,6r)-3,3-difluorobicyclo[3.1.0]hexan-6-yl)carbonyl)azetidin-3-yl)carbamoyl)benzoate",,CCOC(=O)c1ccc(C(=O)NC2CN(C(=O)C3[C@H]4CC(F)(F)C[C@@H]34)C2)cc1,
35465,COc1cscc1[C@@H](C(=O)N[C@@H]1CCOC1)N1[C@H]2CC[C@@H]1C[C@@H](F)C2,"(2S)-2-((1R,3R,5S)-3-fluoro-8-azabicyclo[3.2.1]octan-8-yl)-2-(4-methoxythiophen-3-yl)-N-((3R)-oxolan-3-yl)acetamide",,COc1cscc1C(C(=O)N[C@@H]1CCOC1)N1[C@@H]2CC[C@H]1C[C@H](F)C2,
35505,C[C@]1(NC(=O)[C@@H]2CC=CCO2)C[C@H](NC(=O)c2cccc(OCCF)c2)C1,"(2S)-N-((1r,3S)-3-(3-((2-fluoroethyl)oxy)benzamido)-1-methylcyclobutyl)-3,6-dihydro-2H-pyran-2-carboxamide",,C[C@]1(NC(=O)C2CC=CCO2)C[C@H](NC(=O)c2cccc(OCCF)c2)C1,
35527,C[C@]1(NC(=O)C2CC3(CCOC3)C2)C[C@H](NC(=O)CCCN=[N+]=[N-])C1,"N-((1r,3r)-3-(4-azidobutanamido)-1-methylcyclobutyl)-6-oxaspiro[3.4]octane-2-carboxamide",,C[C@]1(NC(=O)C2CC3(CCOC3)C2)C[C@H](NC(=O)CCCN=[N+]=[N-])C1,
35529,COc1cccc(C(=O)NC[C@H]2C[C@H](CNC(=O)[C@H]3C[C@@H]4CC[C@@H]4C3)C2)c1,"(1R,3s,5S)-N-((trans-3-((3-methoxybenzamido)methyl)cyclobutyl)methyl)bicyclo[3.2.0]heptane-3-carboxamide",,COc1cccc(C(=O)NC[C@H]2C[C@H](CNC(=O)C3C[C@H]4CC[C@H]4C3)C2)c1,
35629,CCOCCNC(=O)[C@@H](c1nn(C)c(Cl)c1Br)N1[C@H]2CC[C@@H]1C[C@@H](F)C2,"(2R)-2-(4-bromo-5-chloro-1-methyl-1H-pyrazol-3-yl)-N-(2-ethoxyethyl)-2-((1R,3S,5S)-3-fluoro-8-azabicyclo[3.2.1]octan-8-yl)acetamide",,CCOCCNC(=O)C(c1nn(C)c(Cl)c1Br)N1[C@@H]2CC[C@H]1C[C@H](F)C2,
35703,O=C(CCOC1CC1)NC[C@]1(F)CCCN(C(=O)[C@H]2C[C@](F)(CO)C2)C1,"3-(cyclopropoxy)-N-(((3R)-3-fluoro-1-(((1s,3S)-3-fluoro-3-(hydroxymethyl)cyclobutyl)carbonyl)piperidin-3-yl)methyl)propanamide",,O=C(CCOC1CC1)NC[C@]1(F)CCCN(C(=O)C2CC(F)(CO)C2)C1,
35817,COCc1cc(C(=O)N2C[C@H]3[C@H](CC(=O)N(CCCO)OC)[C@H]3C2)on1,"N-(3-hydroxypropyl)-N-methoxy-2-((1R,5S,6s)-3-((3-(methoxymethyl)-1,2-oxazol-5-yl)carbonyl)-3-azabicyclo[3.1.0]hexan-6-yl)acetamide",,COCc1cc(C(=O)N2C[C@@H]3[C@@H](CC(=O)N(CCCO)OC)[C@@H]3C2)on1,
35838,CCCCC[C@@H](O)CC(=O)N[C@H]1C[C@](F)(CNC(=O)c2cocc2C(N)=O)C1,"(3R)-N-((1s,3S)-3-((4-carbamoylfuran-3-carboxamido)methyl)-3-fluorocyclobutyl)-3-hydroxyoctanamide",,CCCCC[C@@H](O)CC(=O)N[C@H]1C[C@](F)(CNC(=O)c2cocc2C(N)=O)C1,
35895,O=C(CCC1CCC1)N[C@@H]1C[C@@H]2CC[C@H](C1)N2C(=O)c1cnc(-c2ccsc2)s1,"3-cyclobutyl-N-((1R,3r,5S)-8-((2-(thiophen-3-yl)-1,3-thiazol-5-yl)carbonyl)-8-azabicyclo[3.2.1]octan-3-yl)propanamide",,O=C(CCC1CCC1)N[C@H]1C[C@H]2CC[C@@H](C1)N2C(=O)c1cnc(-c2ccsc2)s1,
35948,CCN(c1ccc(F)c(C)c1)[C@H](C(=O)NC[C@H]1CCOC1)[C@@H]1[C@H]2CCCC[C@H]21,"(2S)-2-((1R,6S,7r)-bicyclo[4.1.0]heptan-7-yl)-2-((4-fluoro-3-methylphenyl)(ethyl)amino)-N-(((3R)-oxolan-3-yl)methyl)acetamide",,CCN(c1ccc(F)c(C)c1)C(C(=O)NC[C@H]1CCOC1)[C@H]1[C@@H]2CCCC[C@@H]21,
36012,CC(C)(C)C(=O)NCC(=O)N1C[C@@H](F)C[C@H]1CNC(=O)[C@@H]1[C@H]2CCCCC[C@H]21,"N-(2-((2S,4S)-2-(((1R,7S,8r)-bicyclo[5.1.0]octane-8-carboxamido)methyl)-4-fluoropyrrolidin-1-yl)-2-oxoethyl)-2,2-dimethylpropanamide",,CC(C)(C)C(=O)NCC(=O)N1C[C@@H](F)C[C@H]1CNC(=O)C1[C@H]2CCCCC[C@@H]12,
36032,CC[C@H](C(=O)N[C@]1(C)C[C@@H](NC(=O)CC[C@H](C)SC)C1)N1CCc2ccccc21,"(4S)-N-((1R,3S)-3-((2R)-2-(indolin-1-yl)butanamido)-3-methylcyclobutyl)-4-(methylsulfanyl)pentanamide",,CCC(C(=O)N[C@]1(C)C[C@@H](NC(=O)CC[C@H](C)SC)C1)N1CCc2ccccc21,
36048,COc1cc(O)ncc1C(=O)N[C@H]1C[C@@](F)(CNC(=O)[C@@H](C)C(C)(C)C)C1,"N-((1S,3r)-3-fluoro-3-(((2S)-2,3,3-trimethylbutanamido)methyl)cyclobutyl)-6-hydroxy-4-methoxypyridine-3-carboxamide",,COc1cc(=O)[nH]cc1C(=O)N[C@H]1C[C@@](F)(CNC(=O)C(C)C(C)(C)C)C1,
36069,C#CCC1(C(=O)N2[C@H]3CC[C@@H]2C[C@](O)(CNC(=O)CCCCOCC)C3)CCC1,"5-ethoxy-N-(((1R,3s,5S)-3-hydroxy-8-((1-(prop-2-yn-1-yl)cyclobutyl)carbonyl)-8-azabicyclo[3.2.1]octan-3-yl)methyl)pentanamide",,C#CCC1(C(=O)N2[C@@H]3CC[C@H]2C[C@@](O)(CNC(=O)CCCCOCC)C3)CCC1,
36099,CC1(C)CCC[C@@](O)(C(=O)N[C@H]2C[C@](C)(NC(=O)C=Cc3cccc(O)c3)C2)C1,"(1S)-1-hydroxy-N-((1r,3S)-3-(3-(3-hydroxyphenyl)prop-2-enamido)-3-methylcyclobutyl)-3,3-dimethylcyclohexanecarboxamide",,CC1(C)CCC[C@@](O)(C(=O)N[C@H]2C[C@](C)(NC(=O)C=Cc3cccc(O)c3)C2)C1,
36135,CCc1nc(C(=O)N[C@H]2C[C@]3(CCCCN3C(=O)C3CSC3)C2)n[nH]1,"5-ethyl-N-(5-((thietan-3-yl)carbonyl)-5-azaspiro[3.5]nonan-2-yl)-1H-1,2,4-triazole-3-carboxamide",C(C)C1=NC(=NN1)C(=O)NC1CC2(C1)N(CCCC2)C(=O)C2CSC2,CCc1n[nH]c(C(=O)N[C@H]2C[C@]3(CCCCN3C(=O)C3CSC3)C2)n1,CCc1n[nH]c(C(=O)NC2CC3(CCCCN3C(=O)C3CSC3)C2)n1
36169,COc1cccc2cc(C(=O)NCC[C@@H]3CSCCN3C(=O)[C@H]3[C@@H](C)[C@H]3C)oc12,"N-(2-((3R)-4-(((1s,2R,3S)-2,3-dimethylcyclopropyl)carbonyl)thiomorpholin-3-yl)ethyl)-7-methoxy-1-benzofuran-2-carboxamide",,COc1cccc2cc(C(=O)NCC[C@@H]3CSCCN3C(=O)C3[C@@H](C)[C@H]3C)oc12,
36173,CO[C@H]1C[C@@H](C(=O)N[C@@H](C)CC2CN(C(=O)C=Cc3cn(C)nn3)C2)C[C@H]1OC,"(1r,3R,4S)-3,4-dimethoxy-N-((2S)-1-(1-(3-(1-methyl-1H-1,2,3-triazol-4-yl)-1-oxoprop-2-en-1-yl)azetidin-3-yl)propan-2-yl)cyclopentanecarboxamide",,CO[C@H]1CC(C(=O)N[C@@H](C)CC2CN(C(=O)C=Cc3cn(C)nn3)C2)C[C@H]1OC,
36258,CCC=C(CCC)C(=O)NC[C@@H]1Cc2ccccc2CN1C(=O)[C@H]1[C@@H](C)[C@H]1C,"N-(((3S)-2-(((1s,2R,3S)-2,3-dimethylcyclopropyl)carbonyl)-1,2,3,4-tetrahydroisoquinolin-3-yl)methyl)-2-propylpent-2-enamide",,CCC=C(CCC)C(=O)NC[C@@H]1Cc2ccccc2CN1C(=O)C1[C@@H](C)[C@H]1C,
36325,Nc1cccc(Cl)c1C(=O)NC[C@]1(F)C[C@H](NC(=O)c2cc3cccnc3o2)C1,"N-((1r,3r)-3-((2-amino-6-chlorobenzamido)methyl)-3-fluorocyclobutyl)-7-oxa-5-azabicyclo[4.3.0]nona-1,3,5,8-tetraene-8-carboxamide",,Nc1cccc(Cl)c1C(=O)NC[C@]1(F)C[C@H](NC(=O)c2cc3cccnc3o2)C1,
36338,CS[C@@H](C)C(=O)N1CC2(C1)OC1(CO)CC2(NC(=O)c2nc(C)sc2C)C1,"N-(1-(hydroxymethyl)spiro[2-oxabicyclo[2.1.1]hexane-3,3'-((2S)-1-(1-azacyclobutan-1-yl)-2-(methylsulfanyl)propane)]-4-yl-1'-one)-2,5-dimethyl-1,3-thiazole-4-carboxamide",,CSC(C)C(=O)N1CC2(C1)OC1(CO)CC2(NC(=O)c2nc(C)sc2C)C1,
36342,CC1(C)CN(CC(=O)N[C@H]2C[C@](C)(NC(=O)Cn3cc([N+](=O)[O-])cn3)C2)C1,"2-(3,3-dimethylazetidin-1-yl)-N-((1r,3r)-3-methyl-3-(2-(4-nitro-1H-pyrazol-1-yl)acetamido)cyclobutyl)acetamide",,CC1(C)CN(CC(=O)N[C@H]2C[C@](C)(NC(=O)Cn3cc([N+](=O)[O-])cn3)C2)C1,
36355,Cc1cc(CCCC(=O)NC[C@H]2[C@@H]3CN(C(=O)[C@@H]4C[C@H]4[N+](=O)[O-])C[C@H]23)on1,"4-(3-methyl-1,2-oxazol-5-yl)-N-(((1R,5S,6R)-3-(((1R,2R)-2-nitrocyclopropyl)carbonyl)-3-azabicyclo[3.1.0]hexan-6-yl)methyl)butanamide",,Cc1cc(CCCC(=O)NC[C@@H]2[C@H]3CN(C(=O)C4CC4[N+](=O)[O-])C[C@@H]23)on1,
36382,CO[C@@H]1CN(C(=O)[C@H]2C[C@@](C)(O)C2)C[C@@H]1NC(=O)CCOc1cccnc1,"N-((3S,4R)-1-(((1s,3S)-3-hydroxy-3-methylcyclobutyl)carbonyl)-4-methoxypyrrolidin-3-yl)-3-((pyridin-3-yl)oxy)propanamide",,CO[C@@H]1CN(C(=O)C2CC(C)(O)C2)C[C@@H]1NC(=O)CCOc1cccnc1,
36422,COCc1nocc1C(=O)NC1C[C@@H]2CN(C(=O)[C@@]3(C#N)C[C@@H]4C[C@@H]4C3)C[C@H]2C1,"3-(methoxymethyl)-N-((1S,5S)-3-(((1R,3s,5S)-3-(nitrilomethyl)bicyclo[3.1.0]hexan-3-yl)carbonyl)-3-azabicyclo[3.3.0]octan-7-yl)-1,2-oxazole-4-carboxamide",,COCc1nocc1C(=O)NC1C[C@@H]2CN(C(=O)[C@]3(C#N)C[C@H]4C[C@H]4C3)C[C@H]2C1,
36493,NC(=O)C1(C(=O)N2C[C@H]3C[C@@H](C(=O)N4CC(OCC(F)F)C4)C[C@H]3C2)CCC1,"1-(((1R,5S,7r)-7-((3-((2,2-difluoroethyl)oxy)azetidin-1-yl)carbonyl)-3-azabicyclo[3.3.0]octan-3-yl)carbonyl)cyclobutanecarboxamide",,NC(=O)C1(C(=O)N2C[C@H]3CC(C(=O)N4CC(OCC(F)F)C4)C[C@H]3C2)CCC1,
36514,C#CCN(CCC(=O)NCc1nccc(C)c1F)C(=O)[C@H]1C[C@@H]2C[C@@H]2C1,"N-((3-fluoro-4-methylpyridin-2-yl)methyl)-3-(N-(prop-2-yn-1-yl)(1R,3s,5S)-bicyclo[3.1.0]hexane-3-carboxamido)propanamide",,C#CCN(CCC(=O)NCc1nccc(C)c1F)C(=O)C1C[C@@H]2C[C@@H]2C1,
36516,O=C(c1cc2cccnn2c1)N1C[C@H]2[C@H](CC(=O)N3CC4CC3C4)[C@H]2C1,"1-(2-azabicyclo[2.1.1]hexan-2-yl)-2-((1R,5S,6s)-3-((1,2-diazabicyclo[4.3.0]nona-2,4,6,8-tetraen-8-yl)carbonyl)-3-azabicyclo[3.1.0]hexan-6-yl)ethan-1-one",,O=C(c1cc2cccnn2c1)N1C[C@@H]2[C@@H](CC(=O)N3CC4CC3C4)[C@@H]2C1,
36565,CC(C)C[C@@H](O)C(=O)N1CCO[C@@H](C(=O)NC[C@@H]2[C@H]3CCCC[C@H]32)C1,"(2R)-N-(((1R,6S,7r)-bicyclo[4.1.0]heptan-7-yl)methyl)-4-((2R)-2-hydroxy-4-methyl-pentanoyl)morpholine-2-carboxamide",,CC(C)CC(O)C(=O)N1CCOC(C(=O)NC[C@H]2[C@@H]3CCCC[C@@H]32)C1,
36584,O=C(NC[C@]1(F)C[C@H](NC(=O)C(F)(F)C(F)F)C1)c1nnn(-c2ccccc2)n1,"N-(((1r,3r)-1-fluoro-3-(2,2,3,3-tetrafluoropropanamido)cyclobutyl)methyl)-2-phenyl-2H-tetrazole-5-carboxamide",,O=C(NC[C@]1(F)C[C@H](NC(=O)C(F)(F)C(F)F)C1)c1nnn(-c2ccccc2)n1,
36601,C[C@]1(O)C[C@@H](C(=O)N2CCN(C(=O)CCc3sccc3Br)[C@@H]3C[C@H]32)C1,"3-(3-bromothiophen-2-yl)-1-((1R,6R)-5-(((1s,3S)-3-hydroxy-3-methylcyclobutyl)carbonyl)-2,5-diazabicyclo[4.1.0]heptan-2-yl)propan-1-one",,CC1(O)CC(C(=O)N2CCN(C(=O)CCc3sccc3Br)[C@@H]3C[C@H]32)C1,
36614,CN(C)[C@H]1CCN(C(=O)[C@H]2C[C@@](C)(NC(=O)C34CC(CO)(C3)C4)C2)C1,"N-((1R,3s)-3-(((3S)-3-(dimethylamino)pyrrolidin-1-yl)carbonyl)-1-methylcyclobutyl)-3-(hydroxymethyl)bicyclo[1.1.1]pentane-1-carboxamide",,CN(C)[C@H]1CCN(C(=O)C2CC(C)(NC(=O)C34CC(CO)(C3)C4)C2)C1,
36625,C#CC[C@]1(O)C[C@@H](C(=O)NC23CC(NC(=O)[C@@H](COC)OC)(C2)C3)C1,"(1s,3S)-N-(3-((2R)-2,3-dimethoxypropanamido)bicyclo[1.1.1]pentan-1-yl)-3-hydroxy-3-(prop-2-yn-1-yl)cyclobutanecarboxamide",,C#CCC1(O)CC(C(=O)NC23CC(NC(=O)C(COC)OC)(C2)C3)C1,
36645,CCCCONC(=O)C[C@@H]1CN(C(=O)[C@]23CCC[C@H]2CCC3)CCO1,N-butoxy-2-((2R)-4-((octahydropentalen-3a-yl)carbonyl)morpholin-2-yl)acetamide,C(CCC)ONC(C[C@@H]1CN(CCO1)C(=O)C12CCCC2CCC1)=O,CCCCONC(=O)C[C@@H]1CN(C(=O)[C@]23CCC[C@H]2CCC3)CCO1,CCCCONC(=O)C[C@@H]1CN(C(=O)C23CCCC2CCC3)CCO1
36691,C=CC1(C(=O)N[C@@H]2[C@@H](O)C[C@H]2O)CCN(C(=O)C2CC(C)(C)C2)CC1,"N-((1r,2R,4S)-2,4-dihydroxycyclobutyl)-1-((3,3-dimethylcyclobutyl)carbonyl)-4-ethenylpiperidine-4-carboxamide",,C=CC1(C(=O)N[C@H]2[C@H](O)C[C@@H]2O)CCN(C(=O)C2CC(C)(C)C2)CC1,
36742,Cn1cncc1[C@@H](O)C(=O)NC[C@H]1C[C@](F)(CNC(=O)CCn2ccnc2)C1,"N-(((1S,3s)-1-fluoro-3-(((2R)-2-hydroxy-2-(1-methyl-1H-imidazol-5-yl)acetamido)methyl)cyclobutyl)methyl)-3-(1H-imidazol-1-yl)propanamide",,Cn1cncc1C(O)C(=O)NC[C@H]1C[C@](F)(CNC(=O)CCn2ccnc2)C1,
36747,O=C(NCCc1cccnc1)[C@@H]1CC[C@H](NC(=O)[C@@H]2[C@H]3CCCCC[C@H]32)C1,"(1R,7S,8r)-N-((1S,3R)-3-((2-(pyridin-3-yl)ethyl)carbamoyl)cyclopentyl)bicyclo[5.1.0]octane-8-carboxamide",,O=C(NCCc1cccnc1)C1CC[C@H](NC(=O)C2[C@H]3CCCCC[C@@H]23)C1,
36788,CCCCCC(C)(C)C(=O)N[C@H]1C[C@](F)(CNC(=O)C2CC3(C2)CC2(CC2)C3)C1,"N-((1s,3s)-3-((dispiro[3.1.2.1]nonane-2-carboxamido)methyl)-3-fluorocyclobutyl)-2,2-dimethylheptanamide",,CCCCCC(C)(C)C(=O)N[C@H]1C[C@](F)(CNC(=O)C2CC3(C2)CC2(CC2)C3)C1,
36813,CN(C)CC[C@H](O)C(=O)N1C[C@H]2[C@H](CNC(=O)c3ccc4cccnc4n3)[C@H]2C1,"N-(((1R,5S,6S)-3-((2S)-4-(dimethylamino)-2-hydroxy-butyryl)-3-azabicyclo[3.1.0]hexan-6-yl)methyl)-1,8-naphthyridine-2-carboxamide",,CN(C)CCC(O)C(=O)N1C[C@@H]2[C@@H](CNC(=O)c3ccc4cccnc4n3)[C@@H]2C1,
36827,Cc1nc(N2C[C@H]3[C@H](NC(=O)C(F)(F)C4(O)CCOCC4)[C@H]3C2)ccc1[N+](=O)[O-],"2,2-difluoro-2-(4-hydroxyoxan-4-yl)-N-((1R,5S,6s)-3-(6-methyl-5-nitropyridin-2-yl)-3-azabicyclo[3.1.0]hexan-6-yl)acetamide",,Cc1nc(N2C[C@@H]3[C@H](C2)[C@H]3NC(=O)C(F)(F)C2(O)CCOCC2)ccc1[N+](=O)[O-],
36838,O=C(C[C@@H]1OCCc2ccccc21)N1C[C@H]2[C@H](NCc3c(F)cccc3Br)[C@H]2C1,"1-((1R,5S,6R)-6-(((2-bromo-6-fluorophenyl)methyl)amino)-3-azabicyclo[3.1.0]hexan-3-yl)-2-((1S)-3,4-dihydro-1H-2-benzopyran-1-yl)ethan-1-one",,O=C(C[C@@H]1OCCc2ccccc21)N1C[C@@H]2[C@H](C1)[C@H]2NCc1c(F)cccc1Br,
36862,Cc1cnoc1C(=O)NC[C@H]1C[C@@H]2CC[C@H](C1)N2C(=O)C1CCN(C)CC1,"4-methyl-N-(((1R,3s,5S)-8-((1-methylpiperidin-4-yl)carbonyl)-8-azabicyclo[3.2.1]octan-3-yl)methyl)-1,2-oxazole-5-carboxamide",,Cc1cnoc1C(=O)NC[C@@H]1C[C@H]2CC[C@@H](C1)N2C(=O)C1CCN(C)CC1,
36955,C[C@H]1CCC[C@H]1C(=O)N[C@@H]1[C@H]2COC[C@@H]1CN(C(=O)Cc1ccc(F)cc1Cl)C2,"(1R,2S)-N-((1R,5S,9r)-7-(2-(2-chloro-4-fluorophenyl)-acetyl)-3-oxa-7-azabicyclo[3.3.1]nonan-9-yl)-2-methylcyclopentanecarboxamide",,C[C@H]1CCCC1C(=O)N[C@H]1[C@@H]2COC[C@H]1CN(C(=O)Cc1ccc(F)cc1Cl)C2,
37016,C=C=CCC(=O)N1C[C@@H](O)[C@H](NC(=O)[C@H]2C[C@H]3C[C@@H](O)C[C@H](C3)C2)C1,"(1R,3s,5S,7R)-7-hydroxy-N-((3R,4R)-4-hydroxy-1-(1-oxopenta-3,4-dien-1-yl)pyrrolidin-3-yl)bicyclo[3.3.1]nonane-3-carboxamide",,C=C=CCC(=O)N1C[C@@H](O)[C@H](NC(=O)C2C[C@@H]3C[C@H](O)C[C@H](C2)C3)C1,
37026,CC(C)(C)c1nnn(CC(=O)N2CC[C@@H]2Cn2cc([C@@H]3[C@H]4CCCC[C@H]43)nn2)n1,"1-((2R)-2-((4-((1R,6S,7r)-bicyclo[4.1.0]heptan-7-yl)-1H-1,2,3-triazol-1-yl)methyl)azetidin-1-yl)-2-(5-(tert-butyl)-2H-tetrazol-2-yl)ethan-1-one",,CC(C)(C)c1nnn(CC(=O)N2CC[C@@H]2Cn2cc([C@H]3[C@@H]4CCCC[C@@H]43)nn2)n1,
37189,CCc1cc(C(=O)N(C)[C@H](C)CN(C)C(=O)[C@@H]2[C@H]3CCCCC[C@H]32)cc(O)n1,"2-ethyl-6-hydroxy-N-methyl-N-((2R)-1-(N-methyl(1R,7S,8r)-bicyclo[5.1.0]octane-8-carboxamido)propan-2-yl)pyridine-4-carboxamide",,CCc1cc(C(=O)N(C)[C@H](C)CN(C)C(=O)C2[C@H]3CCCCC[C@@H]23)cc(=O)[nH]1,
37207,C[C@H]1CC[C@@H](C)[C@@H]1N[C@H](c1nc(-c2cnn(C)c2)cs1)c1nnnn1CC(F)F,"(1r,2R,5S)-N-((1S)-(1-(2,2-difluoroethyl)-1H-tetrazol-5-yl)(4-(1-methyl-1H-pyrazol-4-yl)-1,3-thiazol-2-yl)methyl)-2,5-dimethylcyclopentanamine",,C[C@@H]1CC[C@H](C)[C@H]1N[C@H](c1nc(-c2cnn(C)c2)cs1)c1nnnn1CC(F)F,
37381,CO[C@H](C)C(=O)N1C[C@H]2[C@H](CNC(=O)c3noc4c3CCc3ccccc3-4)[C@H]2C1,"N-(((1R,5S,6R)-3-((2R)-2-methoxy-propionyl)-3-azabicyclo[3.1.0]hexan-6-yl)methyl)-13-oxa-12-azatricyclo[8.3.0.0^{2,7}]trideca-1(10),2,4,6,11-pentaene-11-carboxamide",,COC(C)C(=O)N1C[C@@H]2[C@@H](CNC(=O)c3noc4c3CCc3ccccc3-4)[C@@H]2C1,
37452,O=C(CC(F)(F)F)NCC(=O)N1[C@H]2CC[C@@H]1C[C@H](CNC(=O)[C@@H](F)C(F)(F)F)C2,"(2R)-2,3,3,3-tetrafluoro-N-(((1R,3r,5S)-8-(1-oxo-2-(3,3,3-trifluoropropanamido)ethyl)-8-azabicyclo[3.2.1]octan-3-yl)methyl)propanamide",,O=C(CC(F)(F)F)NCC(=O)N1[C@@H]2CC[C@H]1C[C@@H](CNC(=O)C(F)C(F)(F)F)C2,
37459,CC(C)N1CC(NC(=O)[C@]2(NC(=O)C3=CC(C)(C)C3)C[C@@H](O)C2)C1,"N-((1s,3s)-3-hydroxy-1-((1-(propan-2-yl)azetidin-3-yl)carbamoyl)cyclobutyl)-3,3-dimethylcyclobut-1-ene-1-carboxamide",,CC(C)N1CC(NC(=O)[C@]2(NC(=O)C3=CC(C)(C)C3)C[C@@H](O)C2)C1,
37533,C[C@]1(C(=O)NC[C@H]2C[C@@H]3CC[C@H](C2)N3C(=O)c2ccc(NC=O)cc2)C[C@@H]1Br,"(1R,2S)-2-bromo-N-(((1R,3s,5S)-8-((4-formamidophenyl)carbonyl)-8-azabicyclo[3.2.1]octan-3-yl)methyl)-1-methylcyclopropanecarboxamide",,C[C@]1(C(=O)NC[C@@H]2C[C@H]3CC[C@@H](C2)N3C(=O)c2ccc(NC=O)cc2)C[C@@H]1Br,
37595,CC1(CC(=O)N2CCO[C@]3(CC[C@H](NC(=O)C(=O)NCCC(N)=O)CC3)C2)CC1,N'-(3-amino-3-oxopropyl)-N-(4-(2-(1-methylcyclopropyl)-acetyl)-1-oxa-4-azaspiro[5.5]undecan-9-yl)ethanediamide,NC(CCNC(C(=O)NC1CCC2(CN(CCO2)C(CC2(CC2)C)=O)CC1)=O)=O,CC1(CC(=O)N2CCO[C@]3(CC[C@H](NC(=O)C(=O)NCCC(N)=O)CC3)C2)CC1,CC1(CC(=O)N2CCOC3(CCC(NC(=O)C(=O)NCCC(N)=O)CC3)C2)CC1
37638,Cc1nc(NC[C@]2(F)C[C@H](NC(=O)[C@]3(C)CCCCC3(F)F)C2)cc2nncn12,"(1S)-2,2-difluoro-N-((1r,3S)-3-fluoro-3-(((2-methyl-1,3,7,8-tetraazabicyclo[4.3.0]nona-2,4,6,8-tetraen-4-yl)amino)methyl)cyclobutyl)-1-methylcyclohexanecarboxamide",,Cc1nc(NC[C@]2(F)C[C@H](NC(=O)[C@]3(C)CCCCC3(F)F)C2)cc2nncn12,
37650,O=C(N[C@H]1CC[C@]2(CC1)CN(C(=O)C1CC(F)C1)CCO2)c1csc2nccn12,"N-(4-((3-fluorocyclobutyl)carbonyl)-1-oxa-4-azaspiro[5.5]undecan-9-yl)-2-thia-5,8-diazabicyclo[3.3.0]octa-1(8),3,6-triene-4-carboxamide",FC1CC(C1)C(=O)N1CCOC2(C1)CCC(CC2)NC(=O)C2=CSC1=NC=CN21,O=C(N[C@H]1CC[C@]2(CC1)CN(C(=O)C1CC(F)C1)CCO2)c1csc2nccn12,O=C(NC1CCC2(CC1)CN(C(=O)C1CC(F)C1)CCO2)c1csc2nccn12
37698,CO[C@@H]1CN(C(=O)[C@H]2CC[C@H]3C[C@H]3CC2)C[C@@H]1NC(=O)c1cnc2n1CCC2,"N-((3S,4R)-1-(((1R,4s,7S)-bicyclo[5.1.0]octan-4-yl)carbonyl)-4-methoxypyrrolidin-3-yl)-1,4-diazabicyclo[3.3.0]octa-2,4-diene-2-carboxamide",,CO[C@@H]1CN(C(=O)C2CC[C@@H]3C[C@@H]3CC2)C[C@@H]1NC(=O)c1cnc2n1CCC2,
37789,CCC(CC)CCC(=O)N[C@]1(C)C[C@H](C(=O)NC[C@@]2(O)CCCC2(C)C)C1,"4-ethyl-N-((1S,3s)-3-((((1R)-1-hydroxy-2,2-dimethylcyclopentyl)methyl)carbamoyl)-1-methylcyclobutyl)hexanamide",,CCC(CC)CCC(=O)NC1(C)CC(C(=O)NC[C@@]2(O)CCCC2(C)C)C1,
37800,CC[C@H](C)CC(=O)NC[C@]1(F)C[C@@H](CNC(=O)[C@H](C)Oc2cccc(C)c2C)C1,"(3S)-N-(((1R,3R)-3-(((2S)-2-((2,3-dimethylphenyl)oxy)propanamido)methyl)-1-fluorocyclobutyl)methyl)-3-methylpentanamide",,CC[C@H](C)CC(=O)NC[C@]1(F)C[C@@H](CNC(=O)C(C)Oc2cccc(C)c2C)C1,
37801,CC1(C)O[C@H]2C[C@H](Nc3ccc(I)cc3F)C[C@H]2O1,"(1R,5S,7s)-N-(2-fluoro-4-iodophenyl)-3,3-dimethyl-2,4-dioxabicyclo[3.3.0]octan-7-amine",,CC1(C)O[C@H]2C[C@H](Nc3ccc(I)cc3F)C[C@H]2O1,
37859,O=C(N[C@@H]1CN(C(=O)C[C@@H]2C[C@H]3C[C@H]3C2)C2(CCOCC2)C1)C1=C[C@H]2CCC[C@@H]12,"(1R,5R)-N-((3S)-1-(2-((1R,3s,5S)-bicyclo[3.1.0]hexan-3-yl)-acetyl)-8-oxa-1-azaspiro[4.5]decan-3-yl)bicyclo[3.2.0]hept-6-ene-6-carboxamide",,O=C(N[C@@H]1CN(C(=O)C[C@H]2C[C@@H]3C[C@@H]3C2)C2(CCOCC2)C1)C1=C[C@H]2CCC[C@@H]12,
37865,CN1CC(C)(C)C[C@@H]1C(=O)N[C@@H]1[C@H]2C[C@H](NC(=O)[C@H]3CC(C)(C)CO3)C[C@H]21,"(2R)-N-((1R,3S,5S,6R)-3-((2R)-4,4-dimethyloxolane-2-carboxamido)bicyclo[3.1.0]hexan-6-yl)-1,4,4-trimethylpyrrolidine-2-carboxamide",,CN1CC(C)(C)CC1C(=O)N[C@H]1[C@@H]2C[C@@H](NC(=O)C3CC(C)(C)CO3)C[C@@H]21,
37877,O=C(N[C@H]1[C@@H]2CN(C(=O)c3cnoc3-c3ccccc3F)C[C@@H]21)c1cncnc1,"N-((1R,5S,6s)-3-((5-(2-fluorophenyl)-1,2-oxazol-4-yl)carbonyl)-3-azabicyclo[3.1.0]hexan-6-yl)pyrimidine-5-carboxamide",,O=C(N[C@H]1[C@@H]2CN(C(=O)c3cnoc3-c3ccccc3F)C[C@@H]21)c1cncnc1,
37907,Cc1csc(C(F)(F)C(=O)N2CCN(C(=O)[C@@H]3C[C@@H]4C[C@@H]4C3)[C@@H](CO)C2)n1,"1-((3R)-4-(((1R,3r,5S)-bicyclo[3.1.0]hexan-3-yl)carbonyl)-3-(hydroxymethyl)piperazin-1-yl)-2,2-difluoro-2-(4-methyl-1,3-thiazol-2-yl)ethan-1-one",,Cc1csc(C(F)(F)C(=O)N2CCN(C(=O)C3C[C@@H]4C[C@@H]4C3)[C@@H](CO)C2)n1,
38004,CN(C)[C@@H](COC(C)(C)C)C(=O)N1C[C@H]2[C@H](CNC(=O)C3CCC(F)CC3)[C@H]2C1,"N-(((1R,5S,6S)-3-((2S)-3-(tert-butoxy)-2-(dimethylamino)-propionyl)-3-azabicyclo[3.1.0]hexan-6-yl)methyl)-4-fluorocyclohexanecarboxamide",,CN(C)C(COC(C)(C)C)C(=O)N1C[C@@H]2[C@@H](CNC(=O)C3CCC(F)CC3)[C@@H]2C1,
38051,Cc1ccc(F)c(OCC(=O)N[C@]23CCCN(C(=O)[C@H]4C[C@@H]5C[C@@H]5C4)C[C@@H]2C3)c1,"N-((1S,7S)-3-(((1R,3s,5S)-bicyclo[3.1.0]hexan-3-yl)carbonyl)-3-azabicyclo[5.1.0]octan-7-yl)-2-((2-fluoro-5-methylphenyl)oxy)acetamide",,Cc1ccc(F)c(OCC(=O)N[C@]23CCCN(C(=O)C4C[C@@H]5C[C@@H]5C4)C[C@@H]2C3)c1,
38070,Cc1ccc(C=CC(=O)NC[C@H]2CN(C(=O)[C@@H]3C[C@@H]4OC(=O)O[C@@H]4C3)CCO2)s1,"3-(5-methylthiophen-2-yl)-N-(((2S)-4-(((1R,5S,7r)-3-oxo-2,4-dioxabicyclo[3.3.0]octan-7-yl)carbonyl)morpholin-2-yl)methyl)prop-2-enamide",,Cc1ccc(C=CC(=O)NC[C@H]2CN(C(=O)C3C[C@@H]4OC(=O)O[C@@H]4C3)CCO2)s1,
38074,Cc1ccccc1C(=O)N1C[C@@H]2CC[C@H](C1)[C@H]2NC(=O)c1cccc(CO)c1,"3-(hydroxymethyl)-N-((1R,5S,8s)-3-((2-methylphenyl)carbonyl)-3-azabicyclo[3.2.1]octan-8-yl)benzamide",,Cc1ccccc1C(=O)N1C[C@H]2CC[C@@H](C1)[C@@H]2NC(=O)c1cccc(CO)c1,
38144,CC(C)(CCNC(=O)C[C@@H]1CCCCC1(F)F)NC(=O)[C@@H]1[C@H]2CCC[C@H]21,"N-(3-((1R,5S,6r)-bicyclo[3.1.0]hexane-6-carboxamido)-3-methylbutyl)-2-((1S)-2,2-difluorocyclohexyl)acetamide",,CC(C)(CCNC(=O)C[C@@H]1CCCCC1(F)F)NC(=O)C1[C@H]2CCC[C@@H]12,
38183,C=C(C)C(C)(C)C(=O)N[C@@H]1C[C@@H]2CC[C@H](C1)N2C(=O)C1(NC(C)=O)CCC1,"N-((1R,3r,5S)-8-((1-acetamidocyclobutyl)carbonyl)-8-azabicyclo[3.2.1]octan-3-yl)-2,2,3-trimethylbut-3-enamide",,C=C(C)C(C)(C)C(=O)N[C@H]1C[C@H]2CC[C@@H](C1)N2C(=O)C1(NC(C)=O)CCC1,
38192,C=CCCOCC(=O)NC[C@]1(F)C[C@H](NC(=O)c2ccc3[nH]cc(C#N)c3c2)C1,"2-((but-3-en-1-yl)oxy)-N-(((1r,3r)-3-(3-cyano-1H-indole-5-carboxamido)-1-fluorocyclobutyl)methyl)acetamide",,C=CCCOCC(=O)NC[C@]1(F)C[C@H](NC(=O)c2ccc3[nH]cc(C#N)c3c2)C1,
38212,CCOC(=O)C[C@@H](C)C(=O)N[C@]1(C(=O)N(C)CCCCN(C)C)C[C@H](O)C1,"ethyl (3R)-3-(((1s,3S)-1-((4-(dimethylamino)butyl)(methyl)carbamoyl)-3-hydroxycyclobutyl)carbamoyl)butanoate",,CCOC(=O)CC(C)C(=O)N[C@]1(C(=O)N(C)CCCCN(C)C)C[C@H](O)C1,
38213,CC[C@]1(C)C[C@@H]1C(=O)NC[C@]1(F)C[C@H](NC(=O)c2cc(F)c(F)c(O)c2F)C1,"N-((1S,3r)-3-(((1S,2R)-2-ethyl-2-methylcyclopropanecarboxamido)methyl)-3-fluorocyclobutyl)-2,4,5-trifluoro-3-hydroxybenzamide",,CC[C@]1(C)CC1C(=O)NC[C@]1(F)C[C@H](NC(=O)c2cc(F)c(F)c(O)c2F)C1,
38225,CNS(=O)(=O)CC(=O)NC[C@@H]1C[C@@H]2CC[C@H](C1)N2C(=O)C(C)(C)[C@H]1CCCO1,"N-(((1R,3R,5S)-8-(2-methyl-1-oxo-2-((2R)-oxolan-2-yl)propyl)-8-azabicyclo[3.2.1]octan-3-yl)methyl)-2-(methylsulfamoyl)acetamide",,CNS(=O)(=O)CC(=O)NC[C@H]1C[C@H]2CC[C@@H](C1)N2C(=O)C(C)(C)[C@H]1CCCO1,
38243,CCOc1ccnc(N[C@H]2C[C@](F)(CNC(=O)[C@@H]3CC[C@@H]([C@@H]4CCCO4)O3)C2)n1,"(2S,5S)-N-(((1s,3R)-3-((4-ethoxypyrimidin-2-yl)amino)-1-fluorocyclobutyl)methyl)-5-((2S)-oxolan-2-yl)oxolane-2-carboxamide",,CCOc1ccnc(N[C@H]2C[C@](F)(CNC(=O)C3CC[C@@H]([C@@H]4CCCO4)O3)C2)n1,
38332,CC[C@@H](C)C(=O)N[C@H]1C[C@@H]2C[C@H](C1)CN(C(=O)c1[nH]c(C)c(S(N)(=O)=O)c1C)C2,"(2R)-2-methyl-N-((1R,5S,7s)-3-((4-(sulfamoyl)-3,5-dimethyl-1H-pyrrol-2-yl)carbonyl)-3-azabicyclo[3.3.1]nonan-7-yl)butanamide",,CCC(C)C(=O)N[C@@H]1C[C@H]2C[C@@H](C1)CN(C(=O)c1[nH]c(C)c(S(N)(=O)=O)c1C)C2,
38339,CCOCCO[C@H](C)C(=O)NC[C@]1(F)C[C@@H](NC(=O)[C@@H](O)P(C)(C)=O)C1,"(2R)-N-(((1R,3S)-3-((2S)-2-(dimethyloxophosphanyl)-2-hydroxyacetamido)-1-fluorocyclobutyl)methyl)-2-((2-ethoxyethyl)oxy)propanamide",,CCOCCOC(C)C(=O)NC[C@]1(F)C[C@@H](NC(=O)C(O)P(C)(C)=O)C1,
38396,CO[C@](C)(CO)C(=O)N[C@@H]1C[C@H]2[C@@H](C1)[C@@H]2NC(=O)[C@H]1CCC(=O)N1C,"(2R)-3-hydroxy-2-methoxy-2-methyl-N-((1R,3R,5S,6R)-6-((2R)-1-methyl-5-oxopyrrolidine-2-carboxamido)bicyclo[3.1.0]hexan-3-yl)propanamide",,CO[C@](C)(CO)C(=O)N[C@H]1C[C@@H]2[C@H](C1)[C@H]2NC(=O)C1CCC(=O)N1C,
38426,CSCCC(C)(C)C(=O)N[C@H]1[C@@H]2CN(C(=O)C[C@@H]3CCCCC(=O)N3)C[C@@H]21,"2,2-dimethyl-4-(methylsulfanyl)-N-((1R,5S,6R)-3-(1-oxo-2-((2S)-7-oxoazepan-2-yl)ethyl)-3-azabicyclo[3.1.0]hexan-6-yl)butanamide",,CSCCC(C)(C)C(=O)N[C@H]1[C@@H]2CN(C(=O)C[C@@H]3CCCCC(=O)N3)C[C@@H]21,
38482,CCC(=O)N1CC[C@H](C(=O)N[C@H]2CC[C@]3(CC2)CN(C(=O)[C@@H]2C[C@@H]2C)CCO3)C1,"(3S)-N-(4-(((1R,2S)-2-methylcyclopropyl)carbonyl)-1-oxa-4-azaspiro[5.5]undecan-9-yl)-1-(propionyl)pyrrolidine-3-carboxamide",C[C@@H]1[C@@H](C1)C(=O)N1CCOC2(C1)CCC(CC2)NC(=O)[C@@H]2CN(CC2)C(CC)=O,CCC(=O)N1CCC(C(=O)N[C@H]2CC[C@]3(CC2)CN(C(=O)C2C[C@@H]2C)CCO3)C1,CCC(=O)N1CCC(C(=O)NC2CCC3(CC2)CN(C(=O)C2C[C@@H]2C)CCO3)C1
38501,CC[C@](C)(O)C(=O)NC[C@]1(F)C[C@H](CNC(=O)c2cc(F)cc(Cl)c2)C1,"(2S)-N-(((1r,3S)-3-((3-chloro-5-fluorobenzamido)methyl)-1-fluorocyclobutyl)methyl)-2-hydroxy-2-methylbutanamide",,CC[C@](C)(O)C(=O)NC[C@]1(F)C[C@H](CNC(=O)c2cc(F)cc(Cl)c2)C1,
38536,Cc1cc(C(=O)N2CCC[C@@H](CCNC(=O)[C@H]3C[C@@H]4CC[C@H](C3)O4)CC2)ns1,"(1R,3s,5S)-N-(2-((4S)-1-((5-methyl-1,2-thiazol-3-yl)carbonyl)azepan-4-yl)ethyl)-8-oxabicyclo[3.2.1]octane-3-carboxamide",,Cc1cc(C(=O)N2CCC[C@@H](CCNC(=O)C3C[C@H]4CC[C@@H](C3)O4)CC2)ns1,
38554,C#CCC(C)(C)C(=O)N[C@H]1C[C@@](C)(NC(=O)[C@@H](C)C(=O)OC(C)(C)C)C1,"tert-butyl (2R)-2-(((1s,3S)-3-(2,2-dimethylpent-4-ynamido)-1-methylcyclobutyl)carbamoyl)propanoate",,C#CCC(C)(C)C(=O)N[C@H]1C[C@@](C)(NC(=O)C(C)C(=O)OC(C)(C)C)C1,
38557,COC(=O)C(C(=O)OC)[C@@H](C)N[C@H]1C[C@H](C)S(=O)(=O)[C@H](C)C1,"dimethyl 2-((1R)-1-(((2R,4s,6S)-2,6-dimethyl-1,1-dioxothian-4-yl)amino)ethyl)propanedioate",,COC(=O)C(C(=O)OC)[C@@H](C)N[C@@H]1C[C@@H](C)S(=O)(=O)[C@@H](C)C1,
38591,CC=C(C)C(=O)NC[C@H]1C[C@@](F)(CNC(=O)[C@@]2(C#N)CC23CCCC3)C1,"N-(((1S,3r)-3-(((1S)-1-cyanospiro[2.4]heptane-1-carboxamido)methyl)-3-fluorocyclobutyl)methyl)-2-methylbut-2-enamide",,CC=C(C)C(=O)NC[C@H]1C[C@@](F)(CNC(=O)[C@@]2(C#N)CC23CCCC3)C1,
38621,CN1C[C@H]2[C@@H](C1)[C@@H]2C(=O)N[C@H]1CN(C(=O)c2cccc(F)c2)CC2(CCC2)C1,"(1R,5S,6r)-N-((8R)-6-((3-fluorophenyl)carbonyl)-6-azaspiro[3.5]nonan-8-yl)-3-methyl-3-azabicyclo[3.1.0]hexane-6-carboxamide",,CN1C[C@@H]2C(C(=O)N[C@H]3CN(C(=O)c4cccc(F)c4)CC4(CCC4)C3)[C@@H]2C1,
38746,C=C=C[C@H](C)C(=O)N1C[C@@H]2C[C@H](NC(=O)C3CC(=C4CC4)C3)C[C@@H](C2)C1,"3-cyclopropylidene-N-((1R,5S,7R)-3-((2S)-2-methyl-1-oxopenta-3,4-dien-1-yl)-3-azabicyclo[3.3.1]nonan-7-yl)cyclobutanecarboxamide",,C=C=CC(C)C(=O)N1C[C@@H]2C[C@@H](C[C@H](NC(=O)C3CC(=C4CC4)C3)C2)C1,
38770,CCCCC[C@H](O)C(=O)N(C)C[C@H]1[C@@H]2CN(C(=O)[C@@H](NC(C)=O)C(C)(C)C)C[C@H]12,"(2S)-N-(((1R,5S,6S)-3-((2S)-2-acetamido-3,3-dimethyl-butyryl)-3-azabicyclo[3.1.0]hexan-6-yl)methyl)-2-hydroxy-N-methylheptanamide",,CCCCCC(O)C(=O)N(C)C[C@@H]1[C@H]2CN(C(=O)C(NC(C)=O)C(C)(C)C)C[C@@H]12,
38777,CC(C)=C(Br)C(=O)N1CC2(C[C@H](NC(=O)c3nccc(C)n3)c3nccn32)C1,"4-methyl-N-((6S)-spiro[1,4-diazabicyclo[3.3.0]octa-2,4-diene-8,3'-(1-(1-azacyclobutan-1-yl)-2-bromo-3-methylbut-2-ene)]-6-yl-1'-one)pyrimidine-2-carboxamide",,CC(C)=C(Br)C(=O)N1CC2(C[C@H](NC(=O)c3nccc(C)n3)c3nccn32)C1,
38830,CCCOCCC(=O)NC[C@H](C1CC1)N(C)C(=O)[C@@H]1Cc2nn(C)cc2C(=O)N1,"N-((2S)-2-cyclopropyl-2-(N-methyl(6S)-2-methyl-4-oxo-4,5,6,7-tetrahydro-1H-pyrazolo[4,3-c]pyridine-6-carboxamido)ethyl)-3-propoxypropanamide",C1(CC1)[C@@H](CNC(CCOCCC)=O)N(C(=O)[C@@H]1CC2=C(C(N1)=O)CN(N2)C)C,CCCOCCC(=O)NC[C@H](C1CC1)N(C)C(=O)C1Cc2nn(C)cc2C(=O)N1,CCCOCCC(=O)NC[C@H](C1CC1)N(C)C(=O)C1CC2=NN(C)CC2C(=O)N1
38847,COCCN(CCNC(=O)[C@H](C1CC1)[C@@H]1CCCO1)C(=O)[C@H]1CC[C@H]2C[C@H]2CC1,"(2R)-2-cyclopropyl-N-(2-(N-(2-methoxyethyl)(1R,4s,7S)-bicyclo[5.1.0]octane-4-carboxamido)ethyl)-2-((2S)-oxolan-2-yl)acetamide",,COCCN(CCNC(=O)C(C1CC1)[C@@H]1CCCO1)C(=O)C1CC[C@@H]2C[C@@H]2CC1,
38880,O=C([C@H]1CSCCN1C(=O)c1cc(F)c(Cl)c(Br)c1)N1C[C@@H]2[C@@H](CO)[C@@H]2C1,"1-(3-bromo-4-chloro-5-fluorophenyl)-1-((3S)-3-(((1R,5S,6S)-6-(hydroxymethyl)-3-azabicyclo[3.1.0]hexan-3-yl)carbonyl)thiomorpholin-4-yl)methanone",,O=C(C1CSCCN1C(=O)c1cc(F)c(Cl)c(Br)c1)N1C[C@@H]2[C@@H](CO)[C@@H]2C1,
38999,CC(C)[C@@H](C)C(=O)N[C@]1(C)C[C@H](NC(=O)C2CCc3ccccc3CC2)C1,"(2R)-2,3-dimethyl-N-((1s,3S)-1-methyl-3-(6,7,8,9-tetrahydro-5H-benzo[7]annulene-7-carboxamido)cyclobutyl)butanamide",,CC(C)C(C)C(=O)N[C@]1(C)C[C@H](NC(=O)C2CCc3ccccc3CC2)C1,
39038,CN(C[C@H]1[C@@H]2CN(C(=O)CNC=O)C[C@H]12)C(=O)c1cccc2c1ncn2C,"N-(2-((1R,5S,6r)-6-((N-methyl-1-methyl-1H-benzimidazole-4-carboxamido)methyl)-3-azabicyclo[3.1.0]hexan-3-yl)-2-oxoethyl)formamide",,CN(C[C@@H]1[C@H]2CN(C(=O)CNC=O)C[C@@H]12)C(=O)c1cccc2c1ncn2C,
39045,O=C(NC[C@]1(F)C[C@@H](NC(=O)C2CC(CCO)C2)C1)c1cnc2n1CCCCC2,"N-(((1s,3s)-1-fluoro-3-(3-(2-hydroxyethyl)cyclobutanecarboxamido)cyclobutyl)methyl)-1,8-diazabicyclo[5.3.0]deca-7,9-diene-10-carboxamide",,O=C(NC[C@]1(F)C[C@@H](NC(=O)C2CC(CCO)C2)C1)c1cnc2n1CCCCC2,
39083,Cc1ocnc1CC(=O)N1[C@H]2CC[C@@H]1C[C@H](CNC(=O)[C@@H]1CCCN1N=O)C2,"(2S)-N-(((1R,3r,5S)-8-(2-(5-methyl-1,3-oxazol-4-yl)-acetyl)-8-azabicyclo[3.2.1]octan-3-yl)methyl)-1-nitrosopyrrolidine-2-carboxamide",,Cc1ocnc1CC(=O)N1[C@@H]2CC[C@H]1C[C@@H](CNC(=O)C1CCCN1N=O)C2,
39119,O=C(N[C@@]12C[C@@H]1CN(C(=O)c1cc(O)ncn1)C2)[C@@H]1C[C@H]2[C@@H](C1)C2(F)F,"(1R,3r,5S)-6,6-difluoro-N-((1S,5R)-3-((6-hydroxypyrimidin-4-yl)carbonyl)-3-azabicyclo[3.1.0]hexan-1-yl)bicyclo[3.1.0]hexane-3-carboxamide",,O=C(N[C@@]12C[C@@H]1CN(C(=O)c1cc(=O)[nH]cn1)C2)C1C[C@@H]2[C@H](C1)C2(F)F,
39137,Cc1ncoc1C(=O)N1[C@H]2CC[C@@H]1C[C@](O)(CNC(=O)c1ccoc1C(C)C)C2,"N-(((1R,3s,5S)-3-hydroxy-8-((4-methyl-1,3-oxazol-5-yl)carbonyl)-8-azabicyclo[3.2.1]octan-3-yl)methyl)-2-(propan-2-yl)furan-3-carboxamide",,Cc1ncoc1C(=O)N1[C@@H]2CC[C@H]1C[C@@](O)(CNC(=O)c1ccoc1C(C)C)C2,
39155,COc1ccccc1OCC(=O)NC[C@H](CNC(=O)[C@H]1[C@@H](C)[C@H]1C)OC,"N-((2S)-3-((1s,2R,3S)-2,3-dimethylcyclopropanecarboxamido)-2-methoxypropyl)-2-((2-methoxyphenyl)oxy)acetamide",,COc1ccccc1OCC(=O)NC[C@H](CNC(=O)C1[C@@H](C)[C@H]1C)OC,
39183,Cn1ncnc1CCC(=O)N[C@H]1C[C@]2(C(=O)NC[C@@H]3[C@H]4CCC[C@H]43)CO[C@H]1C2,"N-((1S,4R,6S)-4-((((1R,5S,6r)-bicyclo[3.1.0]hexan-6-yl)methyl)carbamoyl)-2-oxabicyclo[2.2.1]heptan-6-yl)-3-(1-methyl-1H-1,2,4-triazol-5-yl)propanamide",,Cn1ncnc1CCC(=O)N[C@H]1C[C@]2(C(=O)NC[C@H]3[C@@H]4CCC[C@@H]43)CO[C@H]1C2,
39333,C#CC[C@]1(O)C[C@@H](C(=O)NCCC2(O)CN(C(=O)c3cnn4ccn(C)c34)C2)C1,"(1s,3s)-3-hydroxy-N-(2-(3-hydroxy-1-((6-methyl-1,2,6-triazabicyclo[3.3.0]octa-2,4,7-trien-4-yl)carbonyl)azetidin-3-yl)ethyl)-3-(prop-2-yn-1-yl)cyclobutanecarboxamide",,C#CCC1(O)CC(C(=O)NCCC2(O)CN(C(=O)c3cnn4ccn(C)c34)C2)C1,
39402,CC[C@@H](C(=O)N1[C@@H](C(=O)N[C@@H]2C[C@@H]3CC[C@H](C2)[C@@H]3O)[C@@H]2C[C@@H](O)[C@H]1C2)C(C)C,"(1R,3R,4S,6R)-2-((2R)-2-ethyl-3-methyl-butyryl)-6-hydroxy-N-((1R,3r,5S,8R)-8-hydroxybicyclo[3.2.1]octan-3-yl)-2-azabicyclo[2.2.1]heptane-3-carboxamide",,CCC(C(=O)N1C(C(=O)N[C@H]2C[C@H]3CC[C@@H](C2)[C@H]3O)[C@@H]2C[C@@H](O)[C@H]1C2)C(C)C,
39519,Cc1ccc(CC(=O)N(C)CCCN(C)C(=O)[C@]2(C)C[C@@H]3C[C@@H]3C2)o1,"N-methyl-N-(3-(N-methyl(1R,3r,5S)-3-methylbicyclo[3.1.0]hexane-3-carboxamido)propyl)-2-(5-methylfuran-2-yl)acetamide",,Cc1ccc(CC(=O)N(C)CCCN(C)C(=O)[C@@]2(C)C[C@H]3C[C@H]3C2)o1,
39524,O=C(N[C@H]1C[C@@](F)(CNC(=O)[C@@H]2CCC[C@@H]2O)C1)c1ccc(-n2ccnc2)nc1,"N-((1R,3r)-3-fluoro-3-(((1R,2S)-2-hydroxycyclopentanecarboxamido)methyl)cyclobutyl)-6-(1H-imidazol-1-yl)pyridine-3-carboxamide",,O=C(N[C@H]1C[C@@](F)(CNC(=O)C2CCC[C@@H]2O)C1)c1ccc(-n2ccnc2)nc1,
39604,CCC(CC)C(=O)N[C@]1(C)C[C@H](NC(=O)c2ccc(-n3c(C)cnc3O)cc2)C1,"2-ethyl-N-((1s,3s)-3-(4-(2-hydroxy-5-methyl-1H-imidazol-1-yl)benzamido)-1-methylcyclobutyl)butanamide",,CCC(CC)C(=O)N[C@]1(C)C[C@H](NC(=O)c2ccc(-n3c(C)c[nH]c3=O)cc2)C1,
39628,Cc1cc(C(=O)N2CCC[C@](O)(CN(C)C(=O)C[C@@H]3C[C@H]4C[C@H]4C3)C2)c(C)cn1,"2-((1R,3s,5S)-bicyclo[3.1.0]hexan-3-yl)-N-(((3S)-1-((2,5-dimethylpyridin-4-yl)carbonyl)-3-hydroxypiperidin-3-yl)methyl)-N-methylacetamide",,Cc1cc(C(=O)N2CCC[C@](O)(CN(C)C(=O)C[C@H]3C[C@@H]4C[C@@H]4C3)C2)c(C)cn1,
39755,C=CCO[C@H](C)C(=O)NC12CC(CNC(=O)[C@H]3C[C@@H]4CC[C@H](C3)[C@@H]4O)(C1)O[C@@H]2C,"(2R)-N-((3R)-1-(((1R,3s,5S,8R)-8-hydroxybicyclo[3.2.1]octane-3-carboxamido)methyl)-3-methyl-2-oxabicyclo[2.1.1]hexan-4-yl)-2-((prop-2-en-1-yl)oxy)propanamide",,C=CCOC(C)C(=O)NC12CC(CNC(=O)C3C[C@H]4CC[C@@H](C3)[C@H]4O)(C1)O[C@@H]2C,
39780,CC(=O)c1ccc(N[C@H](C)[C@@H](NC(=O)[C@@H]2[C@H]3COC[C@H]32)c2ccccc2)nc1,"(1R,5S,6r)-N-((1S,2R)-2-((5-(acetyl)pyridin-2-yl)amino)-1-phenylpropyl)-3-oxabicyclo[3.1.0]hexane-6-carboxamide",,CC(=O)c1ccc(N[C@H](C)[C@@H](NC(=O)C2[C@H]3COC[C@@H]23)c2ccccc2)nc1,
39803,CC(C)COCC(=O)NC[C@]1(c2ccccc2)C[C@@H](NC(=O)[C@@H]2CC[C@@H](C)S2)C1,"2-isobutoxy-N-(((1S,3r)-3-((2S,5R)-5-methylthiolane-2-carboxamido)-1-phenylcyclobutyl)methyl)acetamide",,CC(C)COCC(=O)NC[C@]1(c2ccccc2)C[C@@H](NC(=O)C2CC[C@@H](C)S2)C1,
39834,O=C1C[C@@H](C(=O)N2C[C@H]3[C@H](NC(=O)C4(n5cncn5)CC4)[C@H]3C2)CN1O,"N-((1R,5S,6S)-3-(((3R)-1-hydroxy-5-oxopyrrolidin-3-yl)carbonyl)-3-azabicyclo[3.1.0]hexan-6-yl)-1-(1H-1,2,4-triazol-1-yl)cyclopropanecarboxamide",,O=C1CC(C(=O)N2C[C@@H]3[C@H](C2)[C@H]3NC(=O)C2(n3cncn3)CC2)CN1O,
39860,C[C@]1(NC(=O)CCCc2ccncc2)C[C@H](NC(=O)[C@@]2(F)CC=CCC2)C1,"N-((1S,3r)-3-((1S)-1-fluorocyclohex-3-ene-1-carboxamido)-1-methylcyclobutyl)-4-(pyridin-4-yl)butanamide",,C[C@]1(NC(=O)CCCc2ccncc2)C[C@H](NC(=O)[C@@]2(F)CC=CCC2)C1,
39889,CC[S@@](=O)CC(=O)N[C@@H]1CC2(CN(C(=O)CC(=O)NC3CC3)C2)n2ccnc21,"3-(N-((6R)-1',4'-diazaspiro[azetidine-3,8'-bicyclo[3.3.0]octa-2,4-dien-6-yl)-2-((R)-ethylsulfinyl)acetamide]-1-yl)-N-cyclopropyl-3-oxopropanamide",,CC[S@@+]([O-])CC(=O)N[C@@H]1CC2(CN(C(=O)CC(=O)NC3CC3)C2)n2ccnc21,
39959,O=C(N[C@@H]1C[C@@H]2CC[C@H](C1)N2C(=O)Cn1ccc(C(F)F)n1)[C@@H]1CCC12CCC2,"(1R)-N-((1R,3r,5S)-8-(2-(3-(difluoromethyl)-1H-pyrazol-1-yl)-acetyl)-8-azabicyclo[3.2.1]octan-3-yl)spiro[3.3]heptane-1-carboxamide",,O=C(N[C@H]1C[C@H]2CC[C@@H](C1)N2C(=O)Cn1ccc(C(F)F)n1)C1CCC12CCC2,
40033,O=C(N[C@H]1CN(C(=O)c2cocn2)C[C@H]1CO)[C@H]1C[C@@H]2CCC[C@@H]2C1,"(2s,3aR,6aS)-N-((3R,4R)-4-(hydroxymethyl)-1-((1,3-oxazol-4-yl)carbonyl)pyrrolidin-3-yl)octahydropentalene-2-carboxamide",,O=C(N[C@H]1CN(C(=O)c2cocn2)C[C@H]1CO)C1C[C@H]2CCC[C@H]2C1,
40047,NC(=O)c1ncc(C(=O)N2C[C@H]3[C@H](NC(=O)c4ccc(NC5CC5)nc4)[C@H]3C2)s1,"5-(((1R,5S,6s)-6-(6-(cyclopropylamino)pyridine-3-carboxamido)-3-azabicyclo[3.1.0]hexan-3-yl)carbonyl)-1,3-thiazole-2-carboxamide",,NC(=O)c1ncc(C(=O)N2C[C@@H]3[C@H](C2)[C@H]3NC(=O)c2ccc(NC3CC3)nc2)s1,
40078,CN(C[C@H]1[C@@H]2CN(C(=O)c3cc(CO)n(C)n3)C[C@H]12)C(=O)CSCC(N)=O,"2-((2-((((1R,5S,6r)-3-((5-(hydroxymethyl)-1-methyl-1H-pyrazol-3-yl)carbonyl)-3-azabicyclo[3.1.0]hexan-6-yl)methyl)(methyl)amino)-2-oxoethyl)sulfanyl)acetamide",,CN(C[C@@H]1[C@H]2CN(C(=O)c3cc(CO)n(C)n3)C[C@@H]12)C(=O)CSCC(N)=O,
40142,C1C[C@H]2[C@@H](C1)[C@@H]2N=c1[nH]c(N[C@@H]2[C@H]3COC[C@H]32)nc2c1COC2,"5-(((1R,5S,6r)-bicyclo[3.1.0]hexan-6-yl)imino)-N-((1R,5S,6r)-3-oxabicyclo[3.1.0]hexan-6-yl)-8-oxa-2,4-diazabicyclo[4.3.0]nona-1(6),2-dien-3-amine",,C1C[C@@H]2[C@H](C1)[C@H]2Nc1nc(N[C@H]2[C@@H]3COC[C@@H]32)nc2c1COC2,
40210,C[C@H](O)CN(CCNC(=O)c1ccc(F)c(O)c1F)C(=O)[C@H]1C[C@H]2[C@@H](C1)C2(C)C,"(1R,3s,5S)-N-(2-(2,4-difluoro-3-hydroxybenzamido)ethyl)-N-((2S)-2-hydroxypropyl)-6,6-dimethylbicyclo[3.1.0]hexane-3-carboxamide",,C[C@H](O)CN(CCNC(=O)c1ccc(F)c(O)c1F)C(=O)C1C[C@@H]2[C@H](C1)C2(C)C,
40219,CCCCS[C@@H](C)C(=O)NC12CC(C)(C1)OC21CN(C(=O)CN2CCCCC2)C1,"(2S)-2-(butylsulfanyl)-N-(1-methylspiro[2-oxabicyclo[2.1.1]hexane-3,3'-(1-(1-azacyclobutan-1-yl)-2-(piperidin-1-yl)ethane)]-4-yl-1'-one)propanamide",,CCCCSC(C)C(=O)NC12CC(C)(C1)OC21CN(C(=O)CN2CCCCC2)C1,
40225,C[C@H]1CC[C@@H](C)[C@@H]1NC(=O)C1=NO[C@H](CNC(=O)CN2CCC[C@@H]2C)C1,"(5S)-N-((1r,2R,5S)-2,5-dimethylcyclopentyl)-5-((2-((2S)-2-methylpyrrolidin-1-yl)acetamido)methyl)-4,5-dihydro-1,2-oxazole-3-carboxamide",,C[C@@H]1CC[C@H](C)[C@H]1NC(=O)C1=NO[C@H](CNC(=O)CN2CCC[C@@H]2C)C1,
40268,CO[C@@H](C)CCC(=O)N[C@@H]1CCC[C@H](CC(=O)N2CC[C@]23CC[C@H](C)CC3)C1,"(4S)-4-methoxy-N-((1R,3S)-3-(2-(7-methyl-1-azaspiro[3.5]nonan-1-yl)-2-oxoethyl)cyclohexyl)pentanamide",CO[C@H](CCC(=O)N[C@H]1C[C@H](CCC1)CC(=O)N1CCC12CCC(CC2)C)C,CO[C@@H](C)CCC(=O)N[C@@H]1CCC[C@H](CC(=O)N2CC[C@]23CC[C@H](C)CC3)C1,CO[C@@H](C)CCC(=O)N[C@@H]1CCC[C@H](CC(=O)N2CCC23CCC(C)CC3)C1
40310,Cc1c(F)cc(Br)cc1C(=O)N[C@H]1C[C@@H]2CN(Cc3cc(Br)ncc3F)C[C@@H]2C1,"5-bromo-N-((1R,5S,7s)-3-((2-bromo-5-fluoropyridin-4-yl)methyl)-3-azabicyclo[3.3.0]octan-7-yl)-3-fluoro-2-methylbenzamide",,Cc1c(F)cc(Br)cc1C(=O)N[C@H]1C[C@@H]2CN(Cc3cc(Br)ncc3F)C[C@@H]2C1,
40373,CO[C@]1(C(F)(F)F)C[C@](CNC(=O)CC2CN(C)C2)(NC(=O)c2[nH]ccc2C)C1,"N-(((1s,3s)-3-methoxy-1-(3-methyl-1H-pyrrole-2-carboxamido)-3-(trifluoromethyl)cyclobutyl)methyl)-2-(1-methylazetidin-3-yl)acetamide",,CO[C@]1(C(F)(F)F)C[C@](CNC(=O)CC2CN(C)C2)(NC(=O)c2[nH]ccc2C)C1,
40422,CC(=O)N1CCC[C@@H]1C(=O)N[C@]1(c2ccccc2)C[C@@H](NC(=O)CP(C)(C)=O)C1,"(2R)-1-(acetyl)-N-((1r,3R)-3-(2-(dimethyloxophosphanyl)acetamido)-1-phenylcyclobutyl)pyrrolidine-2-carboxamide",,CC(=O)N1CCCC1C(=O)N[C@]1(c2ccccc2)C[C@@H](NC(=O)CP(C)(C)=O)C1,
40472,CC[C@H](C[C@@H](C)O)NC(=O)[C@H]1C[C@@](C)(NC(=O)[C@@H](O)CN(C)C)C1,"(1R,3S)-3-((2S)-3-(dimethylamino)-2-hydroxypropanamido)-N-((3R,5R)-5-hydroxyhexan-3-yl)-3-methylcyclobutanecarboxamide",,CC[C@H](C[C@@H](C)O)NC(=O)C1CC(C)(NC(=O)C(O)CN(C)C)C1,
40473,CC1=NOC2(C1)CC(C(=O)N[C@H]1C[C@](C)(NC(=O)C3CC(C)(F)C3)C1)C2,"N-((1r,3r)-3-(3-fluoro-3-methylcyclobutanecarboxamido)-3-methylcyclobutyl)-7-methyl-5-oxa-6-azaspiro[3.4]oct-6-ene-2-carboxamide",,CC1=NOC2(C1)CC(C(=O)N[C@H]1C[C@](C)(NC(=O)C3CC(C)(F)C3)C1)C2,
40487,CCCc1ccc(S(=O)(=O)N2C[C@@H]3[C@H](C2)[C@@H]3NC(=O)c2ccc(OC)nc2)cc1,"6-methoxy-N-((1R,5S,6r)-3-(4-propylphenylsulfonyl)-3-azabicyclo[3.1.0]hexan-6-yl)pyridine-3-carboxamide",,CCCc1ccc(S(=O)(=O)N2C[C@@H]3[C@H](C2)[C@@H]3NC(=O)c2ccc(OC)nc2)cc1,
40552,Nc1nc(Cl)cc(Cl)c1C(=O)NC[C@]1(F)C[C@@H](CNC(=O)CC2CC=CC2)C1,"2-amino-4,6-dichloro-N-(((1s,3s)-3-((2-(cyclopent-3-en-1-yl)acetamido)methyl)-1-fluorocyclobutyl)methyl)pyridine-3-carboxamide",,Nc1nc(Cl)cc(Cl)c1C(=O)NC[C@]1(F)C[C@@H](CNC(=O)CC2CC=CC2)C1,
40644,C#C[C@H]1C[C@H]1C(=O)NC[C@H]1[C@@H]2CN(C(=O)c3c(C)nc4sc(C)cn34)C[C@H]12,"(1R,2S)-N-(((1R,5S,6r)-3-((3,7-dimethyl-2-thia-5,8-diazabicyclo[3.3.0]octa-1(8),3,6-trien-6-yl)carbonyl)-3-azabicyclo[3.1.0]hexan-6-yl)methyl)-2-(ethynyl)cyclopropanecarboxamide",,C#C[C@H]1CC1C(=O)NC[C@@H]1[C@H]2CN(C(=O)c3c(C)nc4sc(C)cn34)C[C@@H]12,
40645,CSc1ccc(C)c(C(=O)N2[C@H]3CC[C@@H]2C[C@H](NC(=O)[C@H]2CCO[C@H]2C)C3)c1,"(2S,3S)-2-methyl-N-((1R,3r,5S)-8-((2-methyl-5-(methylsulfanyl)phenyl)carbonyl)-8-azabicyclo[3.2.1]octan-3-yl)oxolane-3-carboxamide",,CSc1ccc(C)c(C(=O)N2[C@@H]3CC[C@H]2C[C@@H](NC(=O)C2CCO[C@H]2C)C3)c1,
40658,CC[C@H](CC(=O)NC[C@H]1[C@@H]2CN(C(=O)[C@@H](C)N(C)C)C[C@H]12)OC,"(3R)-N-(((1R,5S,6R)-3-((2R)-2-(dimethylamino)-propionyl)-3-azabicyclo[3.1.0]hexan-6-yl)methyl)-3-methoxypentanamide",,CC[C@H](CC(=O)NC[C@@H]1[C@H]2CN(C(=O)C(C)N(C)C)C[C@@H]12)OC,
40678,O=C(NCCOCCOCCCNC(=O)[C@H]1[C@@H]2CS(=O)(=O)C[C@@H]21)c1cncnc1,"N-(2-((2-((3-((1R,5S,6s)-3,3-dioxo-3lambda^6-thiabicyclo[3.1.0]hexane-6-carboxamido)propyl)oxy)ethyl)oxy)ethyl)pyrimidine-5-carboxamide",,O=C(NCCOCCOCCCNC(=O)C1[C@H]2CS(=O)(=O)C[C@@H]12)c1cncnc1,
40745,COc1ccc(C(=O)NC[C@]2(F)C[C@H](Nc3cc(OC)ncn3)C2)c(F)c1,"2-fluoro-N-(((1r,3r)-1-fluoro-3-((6-methoxypyrimidin-4-yl)amino)cyclobutyl)methyl)-4-methoxybenzamide",,COc1ccc(C(=O)NC[C@]2(F)C[C@H](Nc3cc(OC)ncn3)C2)c(F)c1,
40823,O=C(N[C@H]1C[C@]2(C(=O)NCCN3CCCC3)CO[C@H]1C2)[C@H]1C[C@@H]2C[C@@H]2C1,"(1S,4R,6S)-6-((1R,3s,5S)-bicyclo[3.1.0]hexane-3-carboxamido)-N-(2-(pyrrolidin-1-yl)ethyl)-2-oxabicyclo[2.2.1]heptane-4-carboxamide",,O=C(N[C@H]1C[C@]2(C(=O)NCCN3CCCC3)CO[C@H]1C2)C1C[C@@H]2C[C@@H]2C1,
40857,O=C(N[C@]1(C(=O)NCCn2cnc(CO)c2)C[C@H](O)C1)[C@@H](O)Cn1cncn1,"(2S)-2-hydroxy-N-((1s,3R)-3-hydroxy-1-((2-(4-(hydroxymethyl)-1H-imidazol-1-yl)ethyl)carbamoyl)cyclobutyl)-3-(1H-1,2,4-triazol-1-yl)propanamide",,O=C(N[C@]1(C(=O)NCCn2cnc(CO)c2)C[C@H](O)C1)C(O)Cn1cncn1,
40927,C[C@H]1COc2ccccc2[C@H]1C(=O)N[C@H]1C[C@@](F)(CNC(=O)c2cnc(S)[nH]2)C1,"N-(((1S,3r)-1-fluoro-3-((3R,4S)-3-methyl-3,4-dihydro-2H-1-benzopyran-4-carboxamido)cyclobutyl)methyl)-2-sulfanyl-1H-imidazole-5-carboxamide",,C[C@H]1COc2ccccc2C1C(=O)N[C@H]1C[C@@](F)(CNC(=O)c2c[nH]c(=S)[nH]2)C1,
40956,CC(C)(C)C(=O)C(=O)NC[C@]1(F)CC[C@H](CNC(=O)[C@H]2C[C@@]23CC3(F)F)CC1,"N-(((1S,4r)-4-(((1S,3R)-4,4-difluorospiro[2.2]pentane-1-carboxamido)methyl)-1-fluorocyclohexyl)methyl)-3,3-dimethyl-2-oxobutanamide",,CC(C)(C)C(=O)C(=O)NC[C@]1(F)CC[C@H](CNC(=O)C2C[C@@]23CC3(F)F)CC1,
41017,CCc1ccc(C(=O)C(=O)N2CC[C@H](CN(C)C(=O)C[C@@H]3C[C@H]4C[C@H]4C3)C2)s1,"2-((1R,3s,5S)-bicyclo[3.1.0]hexan-3-yl)-N-(((3R)-1-(2-(5-ethylthiophen-2-yl)-1,2-dioxoethyl)pyrrolidin-3-yl)methyl)-N-methylacetamide",,CCc1ccc(C(=O)C(=O)N2CC[C@H](CN(C)C(=O)C[C@H]3C[C@@H]4C[C@@H]4C3)C2)s1,
41135,COc1c(F)cc(F)cc1C(=O)N[C@H]1C[C@H]2C[C@@H](NC(=O)[C@H](C)N(C)C)C[C@H]2C1,"N-((2R,3aR,5r,6aS)-5-((2S)-2-(dimethylamino)propanamido)octahydropentalen-2-yl)-3,5-difluoro-2-methoxybenzamide",,COc1c(F)cc(F)cc1C(=O)N[C@@H]1C[C@@H]2C[C@H](NC(=O)C(C)N(C)C)C[C@@H]2C1,
41228,CCCNC(=O)NC(=O)CN1C[C@H]2[C@H](CNC(=O)CC[C@H](C)OC)[C@H]2C1,"(4S)-4-methoxy-N-(((1R,5S,6r)-3-(2-oxo-2-(propylcarbamoylamino)ethyl)-3-azabicyclo[3.1.0]hexan-6-yl)methyl)pentanamide",,CCCNC(=O)NC(=O)CN1C[C@@H]2[C@@H](CNC(=O)CC[C@H](C)OC)[C@@H]2C1,
41314,C[C@]1(NC(=O)Cn2cc(CO)nn2)C[C@@H](C(=O)NC[C@@]23CC[C@@H](CO2)C3)C1,"2-(4-(hydroxymethyl)-1H-1,2,3-triazol-1-yl)-N-((1R,3s)-1-methyl-3-(((1S,4R)-2-oxabicyclo[2.2.1]heptan-1-ylmethyl)carbamoyl)cyclobutyl)acetamide",,CC1(NC(=O)Cn2cc(CO)nn2)CC(C(=O)NC[C@@]23CC[C@@H](CO2)C3)C1,
41342,C=C(C)CCC(=O)N[C@H]1C[C@](O)(C2CCN(C(=O)C=CC=C(Cl)Cl)CC2)C1,"N-((1s,3s)-3-(1-(5,5-dichloro-1-oxopenta-2,4-dien-1-yl)piperidin-4-yl)-3-hydroxycyclobutyl)-4-methylpent-4-enamide",,C=C(C)CCC(=O)N[C@H]1C[C@](O)(C2CCN(C(=O)C=CC=C(Cl)Cl)CC2)C1,
41407,CO[C@H](CNC(=O)[C@@H]1[C@H]2CCCC[C@H]21)CC(=O)NOCCc1ccccc1,"(1R,6S,7r)-N-((2S)-2-methoxy-4-oxo-4-(((2-phenylethyl)oxy)amino)butyl)bicyclo[4.1.0]heptane-7-carboxamide",,CO[C@H](CNC(=O)C1[C@H]2CCCC[C@@H]12)CC(=O)NOCCc1ccccc1,
41442,CN1C[C@@](C)(C(=O)N2C[C@H]3[C@H](NC(=O)CCCC(F)(F)CO)[C@H]3C2)CC1=O,"N-((1R,5S,6R)-3-(((3S)-1,3-dimethyl-5-oxopyrrolidin-3-yl)carbonyl)-3-azabicyclo[3.1.0]hexan-6-yl)-5,5-difluoro-6-hydroxyhexanamide",,CN1C[C@@](C)(C(=O)N2C[C@@H]3[C@H](C2)[C@H]3NC(=O)CCCC(F)(F)CO)CC1=O,
41443,C[C@@H](NC(=O)[C@H]1C[C@H]2[C@@H](C1)C2(C)C)c1cn(CCN(C)S(C)(=O)=O)nn1,"(1R,3s,5S)-6,6-dimethyl-N-((1R)-1-(1-(2-((methyl)(methylsulfonyl)amino)ethyl)-1H-1,2,3-triazol-4-yl)ethyl)bicyclo[3.1.0]hexane-3-carboxamide",,C[C@@H](NC(=O)C1C[C@@H]2[C@H](C1)C2(C)C)c1cn(CCN(C)S(C)(=O)=O)nn1,
41447,C[C@@H]1[C@H](C(=O)NCC2(C)CCN(C(=O)C3=C(Cl)CC[C@@H](C)C3)CC2)[C@@H]1C,"(1s,2R,3S)-N-((1-(((5R)-2-chloro-5-methylcyclohex-1-en-1-yl)carbonyl)-4-methylpiperidin-4-yl)methyl)-2,3-dimethylcyclopropanecarboxamide",,C[C@@H]1CCC(Cl)=C(C(=O)N2CCC(C)(CNC(=O)C3[C@@H](C)[C@H]3C)CC2)C1,
41518,CON(CCO)C(=O)[C@@H]1[C@H]2CN(C(=O)[C@@H]3CC(C)(C)CCO3)C[C@H]21,"(1R,5S,6S)-3-(((2S)-4,4-dimethyloxan-2-yl)carbonyl)-N-(2-hydroxyethyl)-N-methoxy-3-azabicyclo[3.1.0]hexane-6-carboxamide",,CON(CCO)C(=O)C1[C@H]2CN(C(=O)C3CC(C)(C)CCO3)C[C@@H]12,
41522,CCN1C(=O)CC[C@H]1C(=O)N[C@@H]1C[C@@H]2CC[C@H](C1)N2C(=O)[C@@H](C)NC(N)=O,"(2S)-N-((1R,3R,5S)-8-((2R)-2-(carbamoylamino)-propionyl)-8-azabicyclo[3.2.1]octan-3-yl)-1-ethyl-5-oxopyrrolidine-2-carboxamide",,CCN1C(=O)CCC1C(=O)N[C@H]1C[C@H]2CC[C@@H](C1)N2C(=O)C(C)NC(N)=O,
41567,COc1ccc(C[C@H](O)C(=O)N[C@H]2C[C@](F)(CNC(=O)c3cc[nH]c3)C2)cc1,"(2S)-N-((1s,3R)-3-fluoro-3-((1H-pyrrole-3-carboxamido)methyl)cyclobutyl)-2-hydroxy-3-(4-methoxyphenyl)propanamide",,COc1ccc(CC(O)C(=O)N[C@H]2C[C@](F)(CNC(=O)c3cc[nH]c3)C2)cc1,
41594,C=C1CCN(C(=O)C[C@@H](C)C(C)(C)NC(=O)[C@H]2C[C@@H]3C[C@@H]3C2)C1,"(1R,3s,5S)-N-((3R)-2,3-dimethyl-5-(3-methylidenepyrrolidin-1-yl)-5-oxopentan-2-yl)bicyclo[3.1.0]hexane-3-carboxamide",,C=C1CCN(C(=O)C[C@@H](C)C(C)(C)NC(=O)C2C[C@@H]3C[C@@H]3C2)C1,
41608,O=C1C[C@H](C(=O)N2C[C@@H]3[C@H](C(=O)NC[C@H]4CCOC4)[C@@H]3C2)CN1,"(1R,5S,6R)-N-(((3R)-oxolan-3-yl)methyl)-3-(((3S)-5-oxopyrrolidin-3-yl)carbonyl)-3-azabicyclo[3.1.0]hexane-6-carboxamide",,O=C1CC(C(=O)N2C[C@@H]3C(C(=O)NC[C@H]4CCOC4)[C@@H]3C2)CN1,
41665,O=C(N[C@@H]1[C@H]2CC[C@@H]1CN(C(=O)CN1C(=O)C=CC1=O)C2)c1cc(Cl)cnc1O,"5-chloro-N-((1R,5S,8r)-3-(2-(2,5-dioxo-1H-pyrrol-1-yl)-acetyl)-3-azabicyclo[3.2.1]octan-8-yl)-2-hydroxypyridine-3-carboxamide",,O=C(N[C@H]1[C@@H]2CC[C@H]1CN(C(=O)CN1C(=O)C=CC1=O)C2)c1cc(Cl)c[nH]c1=O,
41705,CCOC[C@@H](C)C(=O)NC[C@H]1C[C@@](F)(CNC(=O)[C@H]2OCC[C@H]2C(C)C)C1,"(2R)-3-ethoxy-N-(((1S,3R)-3-fluoro-3-(((2S,3S)-3-(propan-2-yl)oxolane-2-carboxamido)methyl)cyclobutyl)methyl)-2-methylpropanamide",,CCOCC(C)C(=O)NC[C@H]1C[C@@](F)(CNC(=O)C2OCC[C@H]2C(C)C)C1,
41810,C[C@@]1(C(=O)N2CC3(CC(NC(=O)CCCCc4cnn[nH]4)C3)C2)C[C@@H]2C[C@@H]2C1,"N-(2-(((1R,3r,5S)-3-methylbicyclo[3.1.0]hexan-3-yl)carbonyl)-2-azaspiro[3.3]heptan-6-yl)-5-(1H-1,2,3-triazol-5-yl)pentanamide",,C[C@]1(C(=O)N2CC3(CC(NC(=O)CCCCc4c[nH]nn4)C3)C2)C[C@H]2C[C@H]2C1,
41842,C[C@]1(O)C[C@@H](C(=O)N2CCC3(CC[C@H]3NC(=O)c3cccc4c3COC4)CC2)C1,"N-((1R)-7-(((1s,3S)-3-hydroxy-3-methylcyclobutyl)carbonyl)-7-azaspiro[3.5]nonan-1-yl)-1,3-dihydro-2-benzofuran-4-carboxamide",,CC1(O)CC(C(=O)N2CCC3(CC[C@H]3NC(=O)c3cccc4c3COC4)CC2)C1,
41869,COc1cc(C(=O)N2C[C@@H]3[C@H](C2)[C@@H]3NCc2cc(Cl)c(O)c(OC)c2)ccc1O,"1-((1R,5S,6r)-6-(((3-chloro-4-hydroxy-5-methoxyphenyl)methyl)amino)-3-azabicyclo[3.1.0]hexan-3-yl)-1-(4-hydroxy-3-methoxyphenyl)methanone",,COc1cc(C(=O)N2C[C@@H]3[C@H](C2)[C@@H]3NCc2cc(Cl)c(O)c(OC)c2)ccc1O,
41898,Cn1nncc1C(=O)N1CCC[C@H]1CNC(=O)[C@H]1CCCc2nnn(C)c21,"(4S)-3-methyl-N-(((2S)-1-((1-methyl-1H-1,2,3-triazol-5-yl)carbonyl)pyrrolidin-2-yl)methyl)-4,5,6,7-tetrahydro-1H-benzotriazole-4-carboxamide",CN1NNC2=C1[C@H](CCC2)C(=O)NC[C@H]2N(CCC2)C(=O)C2=CN=NN2C,Cn1nncc1C(=O)N1CCC[C@H]1CNC(=O)C1CCCc2nnn(C)c21,CN1NNC2=C1C(C(=O)NC[C@@H]1CCCN1C(=O)c1cnnn1C)CCC2
41914,C=CC[C@H](CNC(=O)[C@H]1C[C@](O)(CCC(C)(C)C)C1)NC(=O)C[C@H]1C=CCCC1,"(1r,3S)-N-((2R)-2-(2-((1S)-cyclohex-2-en-1-yl)acetamido)pent-4-en-1-yl)-3-(3,3-dimethylbutyl)-3-hydroxycyclobutanecarboxamide",,C=CC[C@H](CNC(=O)C1CC(O)(CCC(C)(C)C)C1)NC(=O)C[C@H]1C=CCCC1,
41942,CC(C)[C@H]1C[C@H](C(=O)N[C@H]2C[C@](F)(CNC(=O)c3cnc(N)c(Cl)c3)C2)CCO1,"6-amino-5-chloro-N-(((1S,3s)-1-fluoro-3-((2R,4R)-2-(propan-2-yl)oxane-4-carboxamido)cyclobutyl)methyl)pyridine-3-carboxamide",,CC(C)[C@H]1CC(C(=O)N[C@H]2C[C@](F)(CNC(=O)c3cnc(N)c(Cl)c3)C2)CCO1,
42147,C=C(Br)CN1C[C@H]2[C@H](NC(=O)[C@@H](CC)c3ccc(OC)cc3)[C@H]2C1,"(2S)-N-((1R,5S,6s)-3-(2-bromoprop-2-en-1-yl)-3-azabicyclo[3.1.0]hexan-6-yl)-2-(4-methoxyphenyl)butanamide",,C=C(Br)CN1C[C@@H]2[C@H](C1)[C@H]2NC(=O)C(CC)c1ccc(OC)cc1,
42189,C[C@H]1CN(C(=O)[C@]2(C)C=CCC2)C[C@@H](C)[C@@H]1Nc1ncnc2c1nnn2C1CC1,"1-((3R,4S,5S)-4-((9-cyclopropyl-2,4,7,8,9-pentaazabicyclo[4.3.0]nona-1,3,5,7-tetraen-5-yl)amino)-3,5-dimethylpiperidin-1-yl)-1-((1S)-1-methylcyclopent-2-en-1-yl)methanone",,C[C@@H]1CN(C(=O)[C@]2(C)C=CCC2)C[C@H](C)[C@H]1Nc1ncnc2c1nnn2C1CC1,
42247,CC(=O)OC1(C(=O)NC[C@H]2[C@@H]3CN(C(=O)Cc4cn5cc(C)sc5n4)C[C@H]23)CC1,"1-((((1R,5S,6r)-3-(2-(3-methyl-2-thia-5,8-diazabicyclo[3.3.0]octa-1(8),3,6-trien-7-yl)-acetyl)-3-azabicyclo[3.1.0]hexan-6-yl)methyl)carbamoyl)cyclopropyl acetate",,CC(=O)OC1(C(=O)NC[C@@H]2[C@H]3CN(C(=O)Cc4cn5cc(C)sc5n4)C[C@@H]23)CC1,
42252,C[C@H](c1ccc(F)cc1)[C@@H](C)C(=O)NC[C@]1(F)C[C@@H](NC(=O)c2ccncn2)C1,"(2R,3S)-N-(((1s,3S)-1-fluoro-3-(pyrimidine-4-carboxamido)cyclobutyl)methyl)-3-(4-fluorophenyl)-2-methylbutanamide",,CC(C(=O)NC[C@]1(F)C[C@@H](NC(=O)c2ccncn2)C1)[C@H](C)c1ccc(F)cc1,
42283,C=CC1(C(=O)NC[C@]2(F)C[C@@H](CNC(=O)c3sc(CC)nc3C)C2)CCC1,"N-(((1s,3s)-3-((1-ethenylcyclobutanecarboxamido)methyl)-3-fluorocyclobutyl)methyl)-2-ethyl-4-methyl-1,3-thiazole-5-carboxamide",,C=CC1(C(=O)NC[C@]2(F)C[C@@H](CNC(=O)c3sc(CC)nc3C)C2)CCC1,
42285,Cn1nc(C(=O)N[C@]2(C(=O)NCC3(O)CC=CC3)C[C@H](O)C2)cc1CO,"N-((1s,3s)-3-hydroxy-1-(((1-hydroxycyclopent-3-en-1-yl)methyl)carbamoyl)cyclobutyl)-5-(hydroxymethyl)-1-methyl-1H-pyrazole-3-carboxamide",,Cn1nc(C(=O)N[C@]2(C(=O)NCC3(O)CC=CC3)C[C@H](O)C2)cc1CO,
42290,C[C@H](C(=O)NC[C@]1(F)C[C@@H](NC(=O)c2csc(-c3nc[nH]n3)n2)C1)[C@@H](C)O,"(2S,3R)-N-(((1s,3R)-1-fluoro-3-(2-(1H-1,2,4-triazol-3-yl)-1,3-thiazole-4-carboxamido)cyclobutyl)methyl)-3-hydroxy-2-methylbutanamide",,CC(C(=O)NC[C@]1(F)C[C@@H](NC(=O)c2csc(-c3nc[nH]n3)n2)C1)[C@@H](C)O,
42401,Cc1cc(C(=O)NC[C@]2(F)C[C@@H](CNC(=O)Cc3cccc(C#N)c3)C2)ncn1,"N-(((1s,3s)-1-fluoro-3-((2-(3-(nitrilomethyl)phenyl)acetamido)methyl)cyclobutyl)methyl)-6-methylpyrimidine-4-carboxamide",,Cc1cc(C(=O)NC[C@]2(F)C[C@@H](CNC(=O)Cc3cccc(C#N)c3)C2)ncn1,
42461,C[C@]1(NC(=O)[C@@H]2CCCc3nc[nH]c32)C[C@H](NC(=O)c2cc(F)ccc2N)C1,"(7R)-N-((1r,3R)-3-(2-amino-5-fluorobenzamido)-1-methylcyclobutyl)-4,5,6,7-tetrahydro-1H-benzimidazole-7-carboxamide",,C[C@]1(NC(=O)C2CCCc3[nH]cnc32)C[C@H](NC(=O)c2cc(F)ccc2N)C1,
42504,CC[C@@H]1C[C@@H]1C(=O)NC[C@H]1[C@@H]2CN(C(=O)c3cc(SC)oc3C)C[C@H]12,"(1S,2R)-2-ethyl-N-(((1R,5S,6r)-3-((2-methyl-5-(methylsulfanyl)furan-3-yl)carbonyl)-3-azabicyclo[3.1.0]hexan-6-yl)methyl)cyclopropanecarboxamide",,CC[C@@H]1CC1C(=O)NC[C@@H]1[C@H]2CN(C(=O)c3cc(SC)oc3C)C[C@@H]12,
42505,C[C@]1(O)CC[C@@H](C(=O)NC[C@H]2CCN2C(=O)COc2ccc(Cl)cc2Cl)CC1,"(1s,4S)-N-(((2R)-1-(2-((2,4-dichlorophenyl)oxy)-acetyl)azetidin-2-yl)methyl)-4-hydroxy-4-methylcyclohexanecarboxamide",,CC1(O)CCC(C(=O)NC[C@H]2CCN2C(=O)COc2ccc(Cl)cc2Cl)CC1,
42516,C[C@@H](NC(=O)[C@H]1[C@@H]2[C@@H]3C[C@@H]4[C@@H]1[C@H]2[C@@]34C(=O)N[C@H]1CCCC[C@H]1O)C1CC1,"(1R,2S,3S,5R,6R,7R,8R)-N'-((1R)-1-cyclopropylethyl)-N-((1S,2R)-2-hydroxycyclohexyl)tetracyclo[4.2.0.0^{3,8}.0^{2,5}]octane-2,7-dicarboxamide",,C[C@@H](NC(=O)C1[C@H]2[C@@H]3[C@H]1[C@@H]1C[C@H]2[C@@]31C(=O)N[C@H]1CCCC[C@H]1O)C1CC1,
42521,CC1(C)CC[C@H](CNC(=O)CCC2(NC(=O)[C@@H]3[C@H]4CC(=O)C[C@H]43)CCC2)O1,"N-(((2R)-5,5-dimethyloxolan-2-yl)methyl)-3-(1-((1R,5S,6r)-3-oxobicyclo[3.1.0]hexane-6-carboxamido)cyclobutyl)propanamide",,CC1(C)CC[C@H](CNC(=O)CCC2(NC(=O)C3[C@H]4CC(=O)C[C@@H]34)CCC2)O1,
42554,CO[C@H](F)C(=O)NC1CC2(C1)C[C@@H]2NC(=O)c1cc2c([nH]1)CCCC2=O,"(2R)-2-fluoro-2-methoxy-N-((1S)-1-(2-oxo-7-azabicyclo[4.3.0]nona-1(6),8-diene-8-carboxamido)spiro[2.3]hexan-5-yl)acetamide",F[C@H](C(=O)NC1CC2(C[C@@H]2NC(=O)C=2NC=3CCCC(C3C2)=O)C1)OC,COC(F)C(=O)NC1CC2(C1)C[C@@H]2NC(=O)c1cc2c([nH]1)CCCC2=O,COC(F)C(=O)NC1CC2(C1)C[C@@H]2NC(O)c1cc2c(O)cccc2[nH]1
42569,CC(C)C[C@H](F)C(=O)NC12CC(CO)(C1)OC21CN(C(=O)c2ccnn2C)C1,"(2S)-2-fluoro-N-(1-(hydroxymethyl)spiro[2-oxabicyclo[2.1.1]hexane-3,3'-(1-(1-azacyclobutan-1-yl)-1-(1-methyl-1H-pyrazol-5-yl)methanone)]-4-yl)-4-methylpentanamide",,CC(C)CC(F)C(=O)NC12CC(CO)(C1)OC21CN(C(=O)c2ccnn2C)C1,
42654,C[C@H](O)CN(CCNC(=O)[C@@H]1[C@H]2CCC[C@H]21)C(=O)c1cccc(N2CC=CC2)c1,"(1R,5S,6r)-N-(2-(N-((2S)-2-hydroxypropyl)-3-(2,5-dihydro-1H-pyrrol-1-yl)benzamido)ethyl)bicyclo[3.1.0]hexane-6-carboxamide",,C[C@H](O)CN(CCNC(=O)C1[C@H]2CCC[C@@H]12)C(=O)c1cccc(N2CC=CC2)c1,
42709,C=C(C)C(C)(C)C(=O)N[C@H]1C[C@@H]2CN(C(=O)[C@@H]3CNC(=O)C[C@H]3C)C[C@@H]2C1,"2,2,3-trimethyl-N-((1R,5S,7R)-3-(((3S,4R)-4-methyl-6-oxopiperidin-3-yl)carbonyl)-3-azabicyclo[3.3.0]octan-7-yl)but-3-enamide",,C=C(C)C(C)(C)C(=O)N[C@H]1C[C@@H]2CN(C(=O)C3CNC(=O)C[C@H]3C)C[C@@H]2C1,
42747,Cc1c(C(F)(F)F)n[nH]c1C(=O)N1[C@H]2CC[C@@H]1C[C@H](NC(=O)[C@H](F)C(F)(F)F)C2,"(2S)-2,3,3,3-tetrafluoro-N-((1R,3r,5S)-8-((4-methyl-3-(trifluoromethyl)-1H-pyrazol-5-yl)carbonyl)-8-azabicyclo[3.2.1]octan-3-yl)propanamide",,Cc1c(C(=O)N2[C@@H]3CC[C@H]2C[C@@H](NC(=O)C(F)C(F)(F)F)C3)n[nH]c1C(F)(F)F,
42817,Cc1cc(C#N)cc(C(=O)N2C[C@H]3[C@H](CNC(=O)[C@H](F)C4CCC4)[C@H]3C2)c1,"(2R)-2-cyclobutyl-2-fluoro-N-(((1R,5S,6r)-3-((3-methyl-5-(nitrilomethyl)phenyl)carbonyl)-3-azabicyclo[3.1.0]hexan-6-yl)methyl)acetamide",,Cc1cc(C#N)cc(C(=O)N2C[C@@H]3[C@@H](CNC(=O)C(F)C4CCC4)[C@@H]3C2)c1,
42913,O=C(C=CC1CC1)NC[C@H]1C[C@@](F)(CNC(=O)C2CC(n3ccnc3)C2)C1,"3-cyclopropyl-N-(((1r,3r)-3-fluoro-3-((3-(1H-imidazol-1-yl)cyclobutanecarboxamido)methyl)cyclobutyl)methyl)prop-2-enamide",,O=C(C=CC1CC1)NC[C@H]1C[C@@](F)(CNC(=O)C2CC(n3ccnc3)C2)C1,
42937,COCC1(C(=O)N[C@H]2C[C@@H]3CN(C(=O)C[C@@]4(C)CCS(=O)(=O)N4)C[C@@H]3C2)CC1,"1-(methoxymethyl)-N-((1R,5S,7R)-3-(2-((3S)-3-methyl-1,1-dioxo-1,2-thiazolidin-3-yl)-acetyl)-3-azabicyclo[3.3.0]octan-7-yl)cyclopropanecarboxamide",,COCC1(C(=O)N[C@H]2C[C@@H]3CN(C(=O)C[C@@]4(C)CCS(=O)(=O)N4)C[C@@H]3C2)CC1,
42945,CC(C)(F)C(=O)N1CC[C@@]1(C)C(=O)N1C[C@@H]2[C@@H](CO)[C@@H]2C1,"2-fluoro-1-((2S)-2-(((1R,5S,6S)-6-(hydroxymethyl)-3-azabicyclo[3.1.0]hexan-3-yl)carbonyl)-2-methylazetidin-1-yl)-2-methylpropan-1-one",,CC(C)(F)C(=O)N1CC[C@@]1(C)C(=O)N1C[C@@H]2[C@@H](CO)[C@@H]2C1,
42953,C/C=C/C[C@@H](CC)C(=O)NC[C@H]1[C@@H]2CN(C(=O)c3cccc(C(F)F)n3)C[C@H]12,"(2R,4E)-N-(((1R,5S,6r)-3-((6-(difluoromethyl)pyridin-2-yl)carbonyl)-3-azabicyclo[3.1.0]hexan-6-yl)methyl)-2-ethylhex-4-enamide",,C/C=C/CC(CC)C(=O)NC[C@@H]1[C@H]2CN(C(=O)c3cccc(C(F)F)n3)C[C@@H]12,
42999,CCc1ccc(C(=O)N2CC(CNC(=O)[C@H]3CC[C@](C)(O)CC3)C2)cc1CC,"(1r,4r)-N-((1-((3,4-diethylphenyl)carbonyl)azetidin-3-yl)methyl)-4-hydroxy-4-methylcyclohexanecarboxamide",,CCc1ccc(C(=O)N2CC(CNC(=O)C3CCC(C)(O)CC3)C2)cc1CC,
43042,CN1CCN(C(=O)[C@H]2C[C@@H]3C[C@@H]3C2)[C@@H](C(=O)N(C)Cc2cnco2)C1,"(2R)-1-(((1R,3s,5S)-bicyclo[3.1.0]hexan-3-yl)carbonyl)-4,N-dimethyl-N-((1,3-oxazol-5-yl)methyl)piperazine-2-carboxamide",,CN1CCN(C(=O)C2C[C@@H]3C[C@@H]3C2)C(C(=O)N(C)Cc2cnco2)C1,
43081,CC(C)C(C)(C)C(=O)N1C[C@H]2[C@H](N(C)C(=O)c3ncnc4c3CCC4)[C@H]2C1,"N-methyl-N-((1R,5S,6s)-3-(2,2,3-trimethyl-butyryl)-3-azabicyclo[3.1.0]hexan-6-yl)-2,4-diazabicyclo[4.3.0]nona-1(6),2,4-triene-5-carboxamide",,CC(C)C(C)(C)C(=O)N1C[C@@H]2[C@H](C1)[C@H]2N(C)C(=O)c1ncnc2c1CCC2,
43147,C#CCCCCCCCNC(=O)C#CCNC(=O)[C@@H]1[C@H]2CCCCC[C@H]21,"4-((1R,7S,8r)-bicyclo[5.1.0]octane-8-carboxamido)-N-(non-8-yn-1-yl)but-2-ynamide",,C#CCCCCCCCNC(=O)C#CCNC(=O)C1[C@H]2CCCCC[C@@H]12,
43211,Cc1cccnc1C(F)(F)C(=O)N[C@@H]1C[C@H]1CNC(=O)[C@]1(C)C[C@@H](C#N)C1,"N-((1R,2S)-2-((3-cyano-1-methylcyclobutanecarboxamido)methyl)cyclopropyl)-2,2-difluoro-2-(3-methylpyridin-2-yl)acetamide",C(#N)C1CC(C1)(C(=O)NC[C@H]1[C@@H](C1)NC(C(C1=NC=CC=C1C)(F)F)=O)C,Cc1cccnc1C(F)(F)C(=O)N[C@@H]1C[C@H]1CNC(=O)[C@]1(C)C[C@@H](C#N)C1,Cc1cccnc1C(F)(F)C(=O)N[C@@H]1C[C@H]1CNC(=O)C1(C)CC(C#N)C1
43311,O=C(N[C@@H]1[C@H]2COC[C@H]21)c1n[nH]c2c1CN(C(=O)c1ncccn1)CC2,"N-((1R,5S,6r)-3-oxabicyclo[3.1.0]hexan-6-yl)-5-((pyrimidin-2-yl)carbonyl)-4,5,6,7-tetrahydro-1H-pyrazolo[4,3-c]pyridine-3-carboxamide",,O=C(N[C@H]1[C@@H]2COC[C@@H]21)c1[nH]nc2c1CN(C(=O)c1ncccn1)CC2,
43374,CCc1nnc2n1CCC[C@@H]2C(=O)N(C)[C@H]1C[C@@H]2CC[C@H](C1)N2C(=O)CNC=O,"(8S)-3-ethyl-N-((1R,3s,5S)-8-(2-formamido-acetyl)-8-azabicyclo[3.2.1]octan-3-yl)-N-methyl-5,6,7,8-tetrahydro[1,2,4]triazolo[4,3-a]pyridine-8-carboxamide",,CCc1nnc2n1CCCC2C(=O)N(C)[C@@H]1C[C@H]2CC[C@@H](C1)N2C(=O)CNC=O,
43392,C#CC[C@H](C)C(=O)N[C@H]1C[C@@](NC(=O)C=CC(=O)NC2CC2)(c2ccccc2)C1,"N'-cyclopropyl-N-((1S,3r)-3-((2S)-2-methylpent-4-ynamido)-1-phenylcyclobutyl)but-2-enediamide",,C#CCC(C)C(=O)N[C@H]1C[C@@](NC(=O)C=CC(=O)NC2CC2)(c2ccccc2)C1,
43493,CCOC(=O)c1ccc(CNC(=O)[C@@H]2[C@H]3CN(c4nc(C)ncc4F)C[C@H]32)nc1,"ethyl 6-(((1R,5S,6r)-3-(5-fluoro-2-methylpyrimidin-4-yl)-3-azabicyclo[3.1.0]hexane-6-carboxamido)methyl)pyridine-3-carboxylate",,CCOC(=O)c1ccc(CNC(=O)C2[C@H]3CN(c4nc(C)ncc4F)C[C@@H]23)nc1,
43496,C[C@@H]([C@H]1CN(Cc2ccccc2)CCO1)N(C)C(=O)[C@@H]1C[C@H](O)[C@H](O)C1,"(1r,3R,4S)-N-((1S)-1-((2R)-4-benzylmorpholin-2-yl)ethyl)-3,4-dihydroxy-N-methylcyclopentanecarboxamide",,C[C@@H]([C@H]1CN(Cc2ccccc2)CCO1)N(C)C(=O)C1C[C@@H](O)[C@@H](O)C1,
43503,C=C1CC2(C1)CC(C(=O)N1CCCC[C@]13C[C@H](NC(=O)[C@H]1C=CCC1)C3)C2,(1R)-N-(5-((6-methylidenespiro[3.3]heptan-2-yl)carbonyl)-5-azaspiro[3.5]nonan-2-yl)cyclopent-2-ene-1-carboxamide,C=C1CC2(CC(C2)C(=O)N2C3(CC(C3)NC(=O)[C@H]3C=CCC3)CCCC2)C1,C=C1CC2(C1)CC(C(=O)N1CCCC[C@]13C[C@H](NC(=O)C1C=CCC1)C3)C2,C=C1CC2(C1)CC(C(=O)N1CCCCC13CC(NC(=O)C1C=CCC1)C3)C2
43522,CNS(=O)(=O)c1ccc(C(=O)N2C[C@H]3[C@H](CNC(=O)c4ccc(C)nn4)[C@H]3C2)o1,"6-methyl-N-(((1R,5S,6r)-3-((5-(methylsulfamoyl)furan-2-yl)carbonyl)-3-azabicyclo[3.1.0]hexan-6-yl)methyl)pyridazine-3-carboxamide",,CNS(=O)(=O)c1ccc(C(=O)N2C[C@@H]3[C@@H](CNC(=O)c4ccc(C)nn4)[C@@H]3C2)o1,
43566,CC(C)n1ccc(C(=O)N2C[C@H]3C[C@@H](C(=O)NCC45CCN(CC4)C5)C[C@H]3C2)n1,"(1R,5S,7r)-N-((1-azabicyclo[2.2.1]heptan-4-yl)methyl)-3-((1-(propan-2-yl)-1H-pyrazol-3-yl)carbonyl)-3-azabicyclo[3.3.0]octane-7-carboxamide",,CC(C)n1ccc(C(=O)N2C[C@H]3CC(C(=O)NCC45CCN(CC4)C5)C[C@H]3C2)n1,
43580,Cc1ccc(C(=O)N2C[C@@H](NC(=O)[C@@H]3[C@H]4[C@@H]5CC[C@@H](C5)[C@H]43)[C@H](C3CC3)C2)c(C)n1,"(1R,2S,3r,4R,5S)-N-((3S,4R)-4-cyclopropyl-1-((2,6-dimethylpyridin-3-yl)carbonyl)pyrrolidin-3-yl)tricyclo[3.2.1.0^{2,4}]octane-3-carboxamide",,Cc1ccc(C(=O)N2C[C@@H](NC(=O)C3[C@@H]4[C@H]5CC[C@H](C5)[C@H]34)[C@H](C3CC3)C2)c(C)n1,
43639,CN1CC[C@H](C(=O)N(C)C[C@H]2[C@@H]3CN(C(=O)COC(=O)CO)C[C@H]23)CC1=O,"2-((1R,5S,6r)-6-((N-methyl(4S)-1-methyl-2-oxopiperidine-4-carboxamido)methyl)-3-azabicyclo[3.1.0]hexan-3-yl)-2-oxoethyl 2-hydroxyacetate",,CN1CCC(C(=O)N(C)C[C@@H]2[C@H]3CN(C(=O)COC(=O)CO)C[C@@H]23)CC1=O,
43663,C=C[C@](C)(O)CC(=O)N[C@H]1C[C@@H]2CC[C@H](C1)N2C(=O)c1scnc1C1CCCC1,"(3R)-N-((1R,3s,5S)-8-((4-cyclopentyl-1,3-thiazol-5-yl)carbonyl)-8-azabicyclo[3.2.1]octan-3-yl)-3-hydroxy-3-methylpent-4-enamide",,C=C[C@](C)(O)CC(=O)N[C@@H]1C[C@H]2CC[C@@H](C1)N2C(=O)c1scnc1C1CCCC1,
43732,CC[C@H](CCC(=O)Nc1ccc(C)cc1O)NC(=O)[C@@H]1[C@H]2CN(C)C[C@H]21,"(4R)-N-(2-hydroxy-4-methylphenyl)-4-((1R,5S,6r)-3-methyl-3-azabicyclo[3.1.0]hexane-6-carboxamido)hexanamide",,CC[C@H](CCC(=O)Nc1ccc(C)cc1O)NC(=O)C1[C@H]2CN(C)C[C@@H]12,
43740,C#CCOCCN(C)C(=O)C1(NC(=O)[C@@H]2[C@H]3CCC[C@H]32)CSC1,"3-((1R,5S,6r)-bicyclo[3.1.0]hexane-6-carboxamido)-N-methyl-N-(2-((prop-2-yn-1-yl)oxy)ethyl)thietane-3-carboxamide",,C#CCOCCN(C)C(=O)C1(NC(=O)C2[C@H]3CCC[C@@H]23)CSC1,
43791,C[C@H](NC(=O)C1(C(F)F)CCC1)C1CN(C(=O)[C@H]2C[C@@](F)(CO)C2)C1,"1-(difluoromethyl)-N-((1S)-1-(1-(((1r,3S)-3-fluoro-3-(hydroxymethyl)cyclobutyl)carbonyl)azetidin-3-yl)ethyl)cyclobutanecarboxamide",,C[C@H](NC(=O)C1(C(F)F)CCC1)C1CN(C(=O)C2CC(F)(CO)C2)C1,
43812,C[C@@H](NC(=O)C1CCOCC1)C(=O)N[C@H]1C[C@](F)(CNC(=O)C[C@@H]2CCOC2)C1,"N-((2R)-1-(((1R,3S)-3-fluoro-3-((2-((3S)-oxolan-3-yl)acetamido)methyl)cyclobutyl)amino)-1-oxopropan-2-yl)oxane-4-carboxamide",,CC(NC(=O)C1CCOCC1)C(=O)N[C@H]1C[C@](F)(CNC(=O)C[C@@H]2CCOC2)C1,
43937,COC(=O)CCCC(=O)N1C[C@H]2[C@@H](C1)[C@@H]2C(=O)Nc1cncc2ccccc12,"methyl 5-((1R,5S,6r)-6-((isoquinolin-4-yl)carbamoyl)-3-azabicyclo[3.1.0]hexan-3-yl)-5-oxopentanoate",,COC(=O)CCCC(=O)N1C[C@@H]2C(C(=O)Nc3cncc4ccccc34)[C@@H]2C1,
43957,CC(C)NC(=O)C(=O)N[C@H]1C[C@@](F)(CNC(=O)c2cc(Cn3cccn3)on2)C1,"N'-((1r,3r)-3-fluoro-3-((5-(1H-pyrazol-1-ylmethyl)-1,2-oxazole-3-carboxamido)methyl)cyclobutyl)-N-(propan-2-yl)ethanediamide",,CC(C)NC(=O)C(=O)N[C@H]1C[C@@](F)(CNC(=O)c2cc(Cn3cccn3)on2)C1,
44058,CC12CC(NC(=O)[C@H]3CCCO3)(C1)C1(CN(C(=O)C3(n4cccn4)CC3)C1)O2,"(2R)-N-(1-methylspiro[2-oxabicyclo[2.1.1]hexane-3,3'-(1-(1-azacyclobutan-1-yl)-1-(1-(1H-pyrazol-1-yl)cyclopropyl)methanone)]-4-yl)oxolane-2-carboxamide",,CC12CC(NC(=O)C3CCCO3)(C1)C1(CN(C(=O)C3(n4cccn4)CC3)C1)O2,
44071,C[C@H]1CC[C@H](C(=O)N[C@@H]2C[C@@H]3CC[C@H](C2)N3C(=O)[C@@H]2[C@@H]3CCC(=O)[C@H]32)CC1,"trans-4-methyl-N-((1R,3R,5S)-8-(((1R,5R,6R)-2-oxobicyclo[3.1.0]hexan-6-yl)carbonyl)-8-azabicyclo[3.2.1]octan-3-yl)cyclohexanecarboxamide",,CC1CCC(C(=O)N[C@H]2C[C@H]3CC[C@@H](C2)N3C(=O)C2C3C(=O)CC[C@H]32)CC1,
44076,Cc1ccc(C)c(OCC(=O)N2[C@H]3CC[C@@H]2C[C@H](NC(=O)[C@@H](F)Br)C3)c1,"(2S)-2-bromo-N-((1R,3r,5S)-8-(2-((2,5-dimethylphenyl)oxy)-acetyl)-8-azabicyclo[3.2.1]octan-3-yl)-2-fluoroacetamide",,Cc1ccc(C)c(OCC(=O)N2[C@@H]3CC[C@H]2C[C@@H](NC(=O)C(F)Br)C3)c1,
44142,CCc1cc(C(=O)N2C[C@H]3[C@H](N(C)C(=O)CCN4CCN(C)CC4)[C@H]3C2)no1,"N-((1R,5S,6s)-3-((5-ethyl-1,2-oxazol-3-yl)carbonyl)-3-azabicyclo[3.1.0]hexan-6-yl)-N-methyl-3-(4-methylpiperazin-1-yl)propanamide",,CCc1cc(C(=O)N2C[C@@H]3[C@H](C2)[C@H]3N(C)C(=O)CCN2CCN(C)CC2)no1,
44174,CCc1ccc(C(=O)NCc2nocc2C(=O)N=c2cc3n([nH]2)CCCC3)nc1,"3-((5-ethylpyridine-2-carboxamido)methyl)-N-(pyrazolo[1,5-a]pyridin-2-ylidene)-1,2-oxazole-4-carboxamide",C(C)C=1C=CC(=NC1)C(=O)NCC1=NOC=C1C(=O)N=C1NN2C(C=CC=C2)=C1,CCc1ccc(C(=O)NCc2nocc2C(=O)Nc2cc3n(n2)CCCC3)nc1,CCc1ccc(C(=O)NCc2nocc2C(=O)Nc2cc3ccccn3n2)nc1
44187,C[C@@H]1CC(=O)N[C@@H]1C(=O)NC[C@]1(F)C[C@H](CNC(=O)c2cc3n(n2)CCO3)C1,"N-(((1S,3r)-3-fluoro-3-(((2S,3R)-3-methyl-5-oxopyrrolidine-2-carboxamido)methyl)cyclobutyl)methyl)-2-oxa-5,6-diazabicyclo[3.3.0]octa-1(8),6-diene-7-carboxamide",,C[C@@H]1CC(=O)NC1C(=O)NC[C@]1(F)C[C@H](CNC(=O)c2cc3n(n2)CCO3)C1,
44246,Cc1cc(NC(=O)[C@@H]2C[C@@H]3CC[C@H](C2)[C@@H]3NC(=O)OC(C)(C)C)n(CC2CC2)n1,"tert-butyl (((1R,3r,5S,8r)-3-((1-(cyclopropylmethyl)-3-methyl-1H-pyrazol-5-yl)carbamoyl)bicyclo[3.2.1]octan-8-yl)amino)formate",,Cc1cc(NC(=O)C2C[C@H]3CC[C@@H](C2)[C@H]3NC(=O)OC(C)(C)C)n(CC2CC2)n1,
44311,C[C@H](NC(=O)[C@]1(NC(=O)OC(C)(C)C)C[C@@H](O)C1)c1nnc2n1CCC2,"tert-butyl (((1s,3R)-3-hydroxy-1-(((1S)-1-(1,3,4-triazabicyclo[3.3.0]octa-2,4-dien-2-yl)ethyl)carbamoyl)cyclobutyl)amino)formate",,C[C@H](NC(=O)[C@]1(NC(=O)OC(C)(C)C)C[C@@H](O)C1)c1nnc2n1CCC2,
44367,CC#CCCC(=O)N[C@H]1C[C@@H]2C[C@H](C1)CN(C(=O)c1c(C)sc(C)c1C#N)C2,"N-((1R,5S,7s)-3-((2,5-dimethyl-4-(nitrilomethyl)thiophen-3-yl)carbonyl)-3-azabicyclo[3.3.1]nonan-7-yl)hex-4-ynamide",,CC#CCCC(=O)N[C@@H]1C[C@H]2C[C@@H](C1)CN(C(=O)c1c(C)sc(C)c1C#N)C2,
44376,C[C@@H]1OCC[C@H]1CC(=O)N[C@]1(C(=O)N2CC[C@@](C)(CN(C)C)C2)C[C@H](O)C1,"N-((1s,3R)-1-(((3S)-3-((dimethylamino)methyl)-3-methylpyrrolidin-1-yl)carbonyl)-3-hydroxycyclobutyl)-2-((2S,3S)-2-methyloxolan-3-yl)acetamide",,C[C@@H]1OCC[C@H]1CC(=O)N[C@]1(C(=O)N2CC[C@@](C)(CN(C)C)C2)C[C@H](O)C1,
44408,C[C@H]1C[C@H](N[C@]2(c3ncccn3)CCOC2)C[C@@H](C)S1(=O)=O,"(3S)-N-((2R,4s,6S)-2,6-dimethyl-1,1-dioxothian-4-yl)-3-(pyrimidin-2-yl)oxolan-3-amine",,C[C@@H]1C[C@@H](N[C@]2(c3ncccn3)CCOC2)C[C@H](C)S1(=O)=O,
44462,Cc1nc(O)cc(C(=O)N[C@H]2C[C@@](C)(NC(=O)CCC(C)(F)F)C2)n1,"N-((1s,3s)-3-(4,4-difluoropentanamido)-3-methylcyclobutyl)-6-hydroxy-2-methylpyrimidine-4-carboxamide",,Cc1nc(=O)cc(C(=O)N[C@H]2C[C@@](C)(NC(=O)CCC(C)(F)F)C2)[nH]1,
44498,CCSCc1cc(C(=O)N[C@H]2C[C@@](C)(NC(=O)c3ccsc3Cl)C2)no1,"N-((1s,3s)-3-(2-chlorothiophene-3-carboxamido)-3-methylcyclobutyl)-5-((ethylsulfanyl)methyl)-1,2-oxazole-3-carboxamide",,CCSCc1cc(C(=O)N[C@H]2C[C@@](C)(NC(=O)c3ccsc3Cl)C2)no1,
44523,C=C=CCCC(=O)NC[C@H]1C[C@](F)(CNC(=O)c2c([N+](=O)[O-])cnn2C)C1,"N-(((1s,3s)-3-fluoro-3-((1-methyl-4-nitro-1H-pyrazole-5-carboxamido)methyl)cyclobutyl)methyl)hexa-4,5-dienamide",,C=C=CCCC(=O)NC[C@H]1C[C@](F)(CNC(=O)c2c([N+](=O)[O-])cnn2C)C1,
44605,CC[C@H](C)CCCC(=O)NCCOCC(=O)NC[C@@H]1[C@H]2CCCC[C@H]21,"(5S)-N-(2-((2-((((1R,6S,7r)-bicyclo[4.1.0]heptan-7-yl)methyl)amino)-2-oxoethyl)oxy)ethyl)-5-methylheptanamide",,CC[C@H](C)CCCC(=O)NCCOCC(=O)NC[C@H]1[C@@H]2CCCC[C@@H]21,
44619,C[C@@H](CC(=O)N[C@H]1C[C@](C)(NC(=O)C=C(C2CC2)C2CC2)C1)P(C)(C)=O,"(3S)-N-((1r,3S)-3-(3,3-dicyclopropylprop-2-enamido)-3-methylcyclobutyl)-3-(dimethyloxophosphanyl)butanamide",,C[C@@H](CC(=O)N[C@H]1C[C@](C)(NC(=O)C=C(C2CC2)C2CC2)C1)P(C)(C)=O,
44631,C[C@@H]1[C@@H](C(=O)N2[C@H]3CC[C@@H]2C[C@@H](CNC(=O)c2ccc4c(c2)CCN4)C3)C1(F)F,"N-(((1R,3R,5S)-8-(((1S,3R)-2,2-difluoro-3-methylcyclopropyl)carbonyl)-8-azabicyclo[3.2.1]octan-3-yl)methyl)indoline-5-carboxamide",,C[C@@H]1C(C(=O)N2[C@@H]3CC[C@H]2C[C@H](CNC(=O)c2ccc4c(c2)CCN4)C3)C1(F)F,
44702,CCc1noc(CCC(=O)NCCCC[C@@H](C)NC(=O)[C@@H]2C[C@H](C)O[C@H](C)C2)n1,"N-((5R)-5-((2R,4r,6S)-2,6-dimethyloxane-4-carboxamido)hexyl)-3-(3-ethyl-1,2,4-oxadiazol-5-yl)propanamide",,CCc1noc(CCC(=O)NCCCC[C@@H](C)NC(=O)C2C[C@@H](C)O[C@@H](C)C2)n1,
44717,C=CCCC1(C(=O)NC[C@H]2CCN(C(=O)[C@@H]3[C@H]4CCC[C@H]43)C2)CCCC1,"N-(((3R)-1-(((1R,5S,6r)-bicyclo[3.1.0]hexan-6-yl)carbonyl)pyrrolidin-3-yl)methyl)-1-(but-3-en-1-yl)cyclopentanecarboxamide",,C=CCCC1(C(=O)NC[C@H]2CCN(C(=O)C3[C@H]4CCC[C@@H]34)C2)CCCC1,
44752,O=C(NC[C@H]1C[C@@H]2C[C@@H]2C1)N1Cc2cnc(C3CC3)nc2C1,"N-(((1R,3s,5S)-bicyclo[3.1.0]hexan-3-yl)methyl)-3-cyclopropyl-2,4,8-triazabicyclo[4.3.0]nona-1(6),2,4-triene-8-carboxamide",,O=C(NC[C@H]1C[C@@H]2C[C@@H]2C1)N1Cc2cnc(C3CC3)nc2C1,
44826,C[C@@H](NC(N)=O)C(=O)NC[C@]1(F)C[C@H](NC(=O)C#CC2(C)COC2)C1,"N-((1R,3r)-3-(((2R)-2-(carbamoylamino)propanamido)methyl)-3-fluorocyclobutyl)-3-(3-methyloxetan-3-yl)prop-2-ynamide",,CC(NC(N)=O)C(=O)NC[C@]1(F)C[C@H](NC(=O)C#CC2(C)COC2)C1,
44834,Cc1n[nH]c(C)c1C(=O)N(C)CCCCCNC(=O)[C@@H]1[C@@H]2C[C@H]2[C@H]2C[C@H]21,"3,5,N-trimethyl-N-(5-((1R,2S,4R,5R,6R)-tricyclo[4.1.0.0^{2,4}]heptane-5-carboxamido)pentyl)-1H-pyrazole-4-carboxamide",,Cc1n[nH]c(C)c1C(=O)N(C)CCCCCNC(=O)C1[C@@H]2C[C@@H]2[C@@H]2C[C@@H]12,
44936,COC(C)(C)C(=O)NC[C@H]1C[C@](F)(CNC(=O)c2ccc(C3CCC3)cc2)C1,"N-(((1s,3s)-3-((4-cyclobutylbenzamido)methyl)-3-fluorocyclobutyl)methyl)-2-methoxy-2-methylpropanamide",,COC(C)(C)C(=O)NC[C@H]1C[C@](F)(CNC(=O)c2ccc(C3CCC3)cc2)C1,
45055,Cc1csc(CCCC(=O)N[C@]2(C)C[C@@H](NC(=O)COc3cccc(F)c3)C2)n1,"N-((1r,3r)-3-(2-((3-fluorophenyl)oxy)acetamido)-1-methylcyclobutyl)-4-(4-methyl-1,3-thiazol-2-yl)butanamide",,Cc1csc(CCCC(=O)N[C@]2(C)C[C@@H](NC(=O)COc3cccc(F)c3)C2)n1,
45092,Cc1c(F)ccc(Cl)c1C(=O)NC[C@@H]1C[C@@H]2CC[C@H](C1)N2C(=O)C[C@H]1CC1(C)C,"6-chloro-N-(((1R,3R,5S)-8-(2-((1R)-2,2-dimethylcyclopropyl)-acetyl)-8-azabicyclo[3.2.1]octan-3-yl)methyl)-3-fluoro-2-methylbenzamide",,Cc1c(F)ccc(Cl)c1C(=O)NC[C@H]1C[C@H]2CC[C@@H](C1)N2C(=O)C[C@H]1CC1(C)C,
45107,COc1cc(C(=O)N(C)C[C@H]2[C@@H]3CN(C(=O)c4cnc(C)[nH]4)C[C@H]23)sc1Cl,"5-chloro-4-methoxy-N-methyl-N-(((1R,5S,6r)-3-((2-methyl-1H-imidazol-5-yl)carbonyl)-3-azabicyclo[3.1.0]hexan-6-yl)methyl)thiophene-2-carboxamide",,COc1cc(C(=O)N(C)C[C@@H]2[C@H]3CN(C(=O)c4c[nH]c(C)n4)C[C@@H]23)sc1Cl,
45127,O=C(CC[C@H]1CC1(F)F)N[C@H]1C[C@@H](CNC(=O)[C@H]2C[C@@H]3C[C@@H]3C2)C1,"N-(cis-3-(((1R,3s,5S)-bicyclo[3.1.0]hexane-3-carboxamido)methyl)cyclobutyl)-3-((1S)-2,2-difluorocyclopropyl)propanamide",,O=C(CC[C@H]1CC1(F)F)N[C@H]1C[C@@H](CNC(=O)C2C[C@@H]3C[C@@H]3C2)C1,
45144,CC=C(CC)C(=O)NC[C@]1(F)C[C@H](NC(=O)c2ccc(S(=O)(=O)NOC)cc2)C1,"2-ethyl-N-(((1r,3r)-1-fluoro-3-(4-(methoxysulfamoyl)benzamido)cyclobutyl)methyl)but-2-enamide",,CC=C(CC)C(=O)NC[C@]1(F)C[C@H](NC(=O)c2ccc(S(=O)(=O)NOC)cc2)C1,
45215,COc1n[nH]cc1C(=O)N[C@]1(C)C[C@@H](NC(=O)[C@@H]2CC(c3ccncc3)=NO2)C1,"(5S)-N-((1r,3S)-3-(3-methoxy-1H-pyrazole-4-carboxamido)-3-methylcyclobutyl)-3-(pyridin-4-yl)-4,5-dihydro-1,2-oxazole-5-carboxamide",,COc1[nH]ncc1C(=O)N[C@]1(C)C[C@@H](NC(=O)C2CC(c3ccncc3)=NO2)C1,
45317,CC(Cl)(Cl)C(=O)N1C[C@H]2[C@H](NC(=O)[C@H]3CC[C@H](N=[N+]=[N-])CC3)[C@H]2C1,"trans-4-azido-N-((1R,5S,6s)-3-(2,2-dichloro-propionyl)-3-azabicyclo[3.1.0]hexan-6-yl)cyclohexanecarboxamide",,CC(Cl)(Cl)C(=O)N1C[C@@H]2[C@H](C1)[C@H]2NC(=O)C1CCC(N=[N+]=[N-])CC1,
45348,CCOC(=O)[C@H]1CCCN(CC(=O)N[C@H]2[C@@H]3CN(C(=O)C#CC4CCC4)C[C@@H]32)C1,"ethyl (3S)-1-(2-(((1R,5S,6s)-3-(3-cyclobutyl-1-oxoprop-2-yn-1-yl)-3-azabicyclo[3.1.0]hexan-6-yl)amino)-2-oxoethyl)piperidine-3-carboxylate",,CCOC(=O)C1CCCN(CC(=O)N[C@H]2[C@@H]3CN(C(=O)C#CC4CCC4)C[C@@H]32)C1,
45382,O=C(NC1(CF)CCCC1)[C@@H]1C[C@@H]2CN(C(=O)Cn3c(O)nnc3O)C[C@@H]2C1,"(1R,5S,7r)-3-(2-(3,5-dihydroxy-4H-1,2,4-triazol-4-yl)-acetyl)-N-(1-(fluoromethyl)cyclopentyl)-3-azabicyclo[3.3.0]octane-7-carboxamide",,O=C(NC1(CF)CCCC1)C1C[C@@H]2CN(C(=O)Cn3c(=O)[nH][nH]c3=O)C[C@@H]2C1,
45383,Cc1c(C(=O)N2CCCN(C(=O)[C@@H]3[C@@H](C)[C@H]3C)CC2)ccc(Cl)c1Cl,"1-(3,4-dichloro-2-methylphenyl)-1-(4-(((1r,2R,3S)-2,3-dimethylcyclopropyl)carbonyl)-1,4-diazepan-1-yl)methanone",,Cc1c(C(=O)N2CCCN(C(=O)C3[C@@H](C)[C@H]3C)CC2)ccc(Cl)c1Cl,
45406,C=CC[C@H](CNC(=O)COC1CCCC1)C(=O)N[C@H]1C[C@H](O)[C@H](O)C1,"(2R)-2-((2-(cyclopentyloxy)acetamido)methyl)-N-((1s,3R,4S)-3,4-dihydroxycyclopentyl)pent-4-enamide",,C=CCC(CNC(=O)COC1CCCC1)C(=O)N[C@@H]1C[C@@H](O)[C@@H](O)C1,
45416,C[C@H](NC(=O)[C@H]1[C@H]2CN(C(=O)c3ccccc3C#N)C[C@H]21)c1cc(F)cc(F)c1,"(1R,5S,6s)-N-((1S)-1-(3,5-difluorophenyl)ethyl)-3-((2-(nitrilomethyl)phenyl)carbonyl)-3-azabicyclo[3.1.0]hexane-6-carboxamide",,C[C@H](NC(=O)C1[C@H]2CN(C(=O)c3ccccc3C#N)C[C@@H]12)c1cc(F)cc(F)c1,
45424,COc1ccc(O)cc1C(=O)N[C@H]1C[C@@](C)(NC(=O)[C@H](OC)[C@H]2CCCO2)C1,"5-hydroxy-2-methoxy-N-((1S,3s)-3-((2R)-2-methoxy-2-((2R)-oxolan-2-yl)acetamido)-3-methylcyclobutyl)benzamide",,COc1ccc(O)cc1C(=O)N[C@H]1C[C@@](C)(NC(=O)C(OC)[C@H]2CCCO2)C1,
45489,Cc1noc(C(=O)N2C[C@H]3C[C@H](NC(=O)C[C@@H]4CCCC5(CCC5)O4)C[C@H]3C2)n1,"N-((1R,5S,7s)-3-((3-methyl-1,2,4-oxadiazol-5-yl)carbonyl)-3-azabicyclo[3.3.0]octan-7-yl)-2-((6S)-5-oxaspiro[3.5]nonan-6-yl)acetamide",,Cc1noc(C(=O)N2C[C@H]3C[C@H](NC(=O)C[C@@H]4CCCC5(CCC5)O4)C[C@H]3C2)n1,
45508,CN(C)C[C@]1(C)CCN(C(=O)[C@H]2CN(C(=O)[C@@H]3[C@H]4CC(=O)C[C@H]43)CC(C)(C)C2)C1,"(1R,5S,6r)-6-(((3R)-3-(((3S)-3-((dimethylamino)methyl)-3-methylpyrrolidin-1-yl)carbonyl)-5,5-dimethylpiperidin-1-yl)carbonyl)bicyclo[3.1.0]hexan-3-one",,CN(C)C[C@]1(C)CCN(C(=O)C2CN(C(=O)C3[C@H]4CC(=O)C[C@@H]34)CC(C)(C)C2)C1,
45742,COCc1cc(CC(=O)N[C@H]2C[C@@H]3CC[C@H](C2)N3C(=O)[C@H](C)CO)no1,"N-((1R,3S,5S)-8-((2R)-3-hydroxy-2-methyl-propionyl)-8-azabicyclo[3.2.1]octan-3-yl)-2-(5-(methoxymethyl)-1,2-oxazol-3-yl)acetamide",,COCc1cc(CC(=O)N[C@@H]2C[C@H]3CC[C@@H](C2)N3C(=O)C(C)CO)no1,
45776,CO[C@]1(C(F)(F)F)C[C@H](NC(=O)NCc2ccc(CN3CCCC[C@@H]3C)cc2)C1,"N-((1s,3R)-3-methoxy-3-(trifluoromethyl)cyclobutyl)-1-(((4-(((2S)-2-methylpiperidin-1-yl)methyl)phenyl)methyl)amino)formamide",,CO[C@]1(C(F)(F)F)C[C@H](NC(=O)NCc2ccc(CN3CCCC[C@@H]3C)cc2)C1,
45780,CC[C@@](C)(OC)C(=O)N[C@H]1[C@@H]2CN(C(=O)c3c(C)cc(C)cc3C)C[C@@H]21,"(2R)-2-methoxy-2-methyl-N-((1R,5S,6s)-3-((2,4,6-trimethylphenyl)carbonyl)-3-azabicyclo[3.1.0]hexan-6-yl)butanamide",,CC[C@@](C)(OC)C(=O)N[C@H]1[C@@H]2CN(C(=O)c3c(C)cc(C)cc3C)C[C@@H]21,
45836,Cc1cc(C(=O)N[C@]2(C)C[C@@H](NC(=O)CCN(C)CCO)C2)c(C)[nH]1,"N-((1r,3r)-3-(3-((2-hydroxyethyl)(methyl)amino)propanamido)-1-methylcyclobutyl)-2,5-dimethyl-1H-pyrrole-3-carboxamide",,Cc1cc(C(=O)N[C@]2(C)C[C@@H](NC(=O)CCN(C)CCO)C2)c(C)[nH]1,
45842,Cn1ccc(CN2C[C@H]3[C@H](NC(=O)[C@@H]4COc5ccc(F)cc5C4)[C@H]3C2)cc1=O,"(3S)-6-fluoro-N-((1R,5S,6s)-3-((1-methyl-2-oxo-1H-pyridin-4-yl)methyl)-3-azabicyclo[3.1.0]hexan-6-yl)-3,4-dihydro-2H-1-benzopyran-3-carboxamide",,Cn1ccc(CN2C[C@@H]3[C@H](C2)[C@H]3NC(=O)C2COc3ccc(F)cc3C2)cc1=O,
45915,O=C(NCC1=CCN(C(=O)Cc2cnc(C3CC3)[nH]2)CC1)[C@H]1C[C@@H]2CCC[C@@H]2C1,"(2s,3aR,6aS)-N-((1-(2-(2-cyclopropyl-1H-imidazol-5-yl)-acetyl)-1,2,3,6-tetrahydropyridin-4-yl)methyl)octahydropentalene-2-carboxamide",,O=C(NCC1=CCN(C(=O)Cc2c[nH]c(C3CC3)n2)CC1)C1C[C@H]2CCC[C@H]2C1,
45942,CCc1cc(C(=O)N2C[C@H]3[C@H](CNC(=O)C[C@@H]4CCCO4)[C@H]3C2)cc2c[nH]nc12,"N-(((1R,5S,6r)-3-((7-ethyl-2H-indazol-5-yl)carbonyl)-3-azabicyclo[3.1.0]hexan-6-yl)methyl)-2-((2S)-oxolan-2-yl)acetamide",,CCc1cc(C(=O)N2C[C@@H]3[C@@H](CNC(=O)C[C@@H]4CCCO4)[C@@H]3C2)cc2c[nH]nc12,
45989,O=C(NC[C@]1(F)C[C@H](CNC(=O)C23CCC(CC2)OC3)C1)c1ccc(CO)nc1,"N-(((1r,3r)-1-fluoro-3-((2-oxabicyclo[2.2.2]octane-4-carboxamido)methyl)cyclobutyl)methyl)-6-(hydroxymethyl)pyridine-3-carboxamide",,O=C(NC[C@]1(F)C[C@H](CNC(=O)C23CCC(CC2)OC3)C1)c1ccc(CO)nc1,
45993,C[C@H](C(=O)NC[C@H]1C[C@@H]2CC[C@H](C1)N2C(=O)c1ccc(=O)n(O)c1)[C@H]1CCCO1,"(2S)-N-(((1R,3s,5S)-8-((1-hydroxy-6-oxo-1H-pyridin-3-yl)carbonyl)-8-azabicyclo[3.2.1]octan-3-yl)methyl)-2-((2R)-oxolan-2-yl)propanamide",,CC(C(=O)NC[C@@H]1C[C@H]2CC[C@@H](C1)N2C(=O)c1ccc(=O)n(O)c1)[C@H]1CCCO1,
46036,CNC(=O)C1(N[C@H](c2nnnn2Cc2ccccc2)[C@H]2[C@@H]3COC[C@@H]32)CC1,"1-(((1S)-(1-benzyl-1H-tetrazol-5-yl)((1R,5S,6s)-3-oxabicyclo[3.1.0]hexan-6-yl)methyl)amino)-N-methylcyclopropanecarboxamide",,CNC(=O)C1(N[C@H](c2nnnn2Cc2ccccc2)[C@H]2[C@@H]3COC[C@@H]32)CC1,
46061,CSc1cc(F)ccc1C(=O)N[C@H]1C[C@]2(CCCCN2C(=O)CN(C)C(N)=O)C1,N-(5-(2-((carbamoyl)(methyl)amino)-acetyl)-5-azaspiro[3.5]nonan-2-yl)-4-fluoro-2-(methylsulfanyl)benzamide,C(N)(=O)N(CC(=O)N1C2(CC(C2)NC(C2=C(C=C(C=C2)F)SC)=O)CCCC1)C,CSc1cc(F)ccc1C(=O)N[C@H]1C[C@]2(CCCCN2C(=O)CN(C)C(N)=O)C1,CSc1cc(F)ccc1C(=O)NC1CC2(CCCCN2C(=O)CN(C)C(N)=O)C1
46076,Cc1ccc(C(=O)N2[C@H]3CC[C@@H]2C[C@@H](NC(=O)c2ccccc2S)C3)s1,"N-((1R,3s,5S)-8-((5-methylthiophen-2-yl)carbonyl)-8-azabicyclo[3.2.1]octan-3-yl)-2-sulfanylbenzamide",,Cc1ccc(C(=O)N2[C@@H]3CC[C@H]2C[C@H](NC(=O)c2ccccc2S)C3)s1,
46101,Cc1cc(CC(=O)N[C@H]2C[C@@](C)(NC(=O)c3ccn4[nH]c(=N)nc4c3)C2)on1,"N-((1s,3s)-3-(8-imino-1,7,9-triazabicyclo[4.3.0]nona-2,4,6-triene-4-carboxamido)-3-methylcyclobutyl)-2-(3-methyl-1,2-oxazol-5-yl)acetamide",,Cc1cc(CC(=O)N[C@H]2C[C@@](C)(NC(=O)c3ccn4nc(N)nc4c3)C2)on1,
46134,O=C(C[C@@H]1C[C@H]2C[C@H]2C1)NC[C@@H](O)C(=O)NCc1cn(C2CC2)cn1,"(2R)-3-(2-((1R,3s,5S)-bicyclo[3.1.0]hexan-3-yl)acetamido)-N-((1-cyclopropyl-1H-imidazol-4-yl)methyl)-2-hydroxypropanamide",,O=C(C[C@H]1C[C@@H]2C[C@@H]2C1)NCC(O)C(=O)NCc1cn(C2CC2)cn1,
46171,COCCCn1nnnc1[C@@]1(NCCc2ncc(C)o2)C[C@H](C)N(C)[C@H](C)C1,"(2R,4r,6S)-4-(1-(3-methoxypropyl)-1H-tetrazol-5-yl)-1,2,6-trimethyl-N-(2-(5-methyl-1,3-oxazol-2-yl)ethyl)piperidin-4-amine",,COCCCn1nnnc1[C@]1(NCCc2ncc(C)o2)C[C@@H](C)N(C)[C@@H](C)C1,
46173,CSC[C@@H](C)C(=O)N1CCn2ncc(CNC(=O)[C@@H]3[C@@H](C)[C@H]3C)c2C1,"(1r,2R,3S)-2,3-dimethyl-N-((4-((2S)-2-methyl-3-(methylsulfanyl)-propionyl)-1,4,9-triazabicyclo[4.3.0]nona-6,8-dien-7-yl)methyl)cyclopropanecarboxamide",,CSCC(C)C(=O)N1CCn2ncc(CNC(=O)C3[C@@H](C)[C@H]3C)c2C1,
46215,CC(C)[C@@H]1C[C@H](NC(=O)[C@H]2C[C@@](C)(NC(=O)[C@@H]3CC(=O)NC(=O)N3)C2)CO1,"(4S)-N-((1R,3R)-1-methyl-3-(((3S,5S)-5-(propan-2-yl)oxolan-3-yl)carbamoyl)cyclobutyl)-2,6-dioxo-1,3-diazinane-4-carboxamide",,CC(C)[C@@H]1C[C@H](NC(=O)C2CC(C)(NC(=O)C3CC(=O)NC(=O)N3)C2)CO1,
46281,O=C(N[C@H]1C[C@]2(CCN(C(=O)CO)C2)Oc2ccccc21)c1c[nH]cc(Cl)c1=O,"5-chloro-N-((2S,4S)-3,4-dihydrospiro[2H-1-benzopyrane-2,3'-(1-((3S)-1-azacyclopentan-1-yl)-2-hydroxyethane)]-4-yl-1'-one)-4-oxo-1H-pyridine-3-carboxamide",,O=C(N[C@H]1C[C@]2(CCN(C(=O)CO)C2)Oc2ccccc21)c1c[nH]cc(Cl)c1=O,
46294,C=C1CC[C@@]1(C(=O)NC[C@H]1C[C@](F)(CNC(=O)c2cccs2)C1)C(=O)OC,"methyl (1R)-1-((((1s,3S)-3-fluoro-3-((thiophene-2-carboxamido)methyl)cyclobutyl)methyl)carbamoyl)-2-methylidenecyclobutanecarboxylate",,C=C1CC[C@@]1(C(=O)NC[C@H]1C[C@](F)(CNC(=O)c2cccs2)C1)C(=O)OC,
46345,CN1CCN(C(=O)[C@@H]2[C@H]3CN(Cc4cnc5ccccc5c4Cl)C[C@H]32)CC1(C)C,"1-((1R,5S,6r)-3-((4-chloroquinolin-3-yl)methyl)-3-azabicyclo[3.1.0]hexan-6-yl)-1-(3,3,4-trimethylpiperazin-1-yl)methanone",,CN1CCN(C(=O)C2[C@H]3CN(Cc4cnc5ccccc5c4Cl)C[C@@H]23)CC1(C)C,
46352,CO[C@H](C)C(=O)N[C@H]1C[C@@](F)(CNC(=O)COc2cc(F)ccc2Br)C1,"(2R)-N-((1r,3R)-3-((2-((2-bromo-5-fluorophenyl)oxy)acetamido)methyl)-3-fluorocyclobutyl)-2-methoxypropanamide",,COC(C)C(=O)N[C@H]1C[C@@](F)(CNC(=O)COc2cc(F)ccc2Br)C1,
46356,CCCC(C)(C)CC(=O)N1C[C@H]2[C@H](CNC(=O)[C@]3(C)CCCC3(F)F)[C@H]2C1,"(1S)-N-(((1R,5S,6r)-3-(3,3-dimethyl-hexanoyl)-3-azabicyclo[3.1.0]hexan-6-yl)methyl)-2,2-difluoro-1-methylcyclopentanecarboxamide",,CCCC(C)(C)CC(=O)N1C[C@@H]2[C@@H](CNC(=O)[C@]3(C)CCCC3(F)F)[C@@H]2C1,
46438,NC(=O)c1ccc(C(=O)N2C[C@H](CNC(=O)[C@@H]3[C@H]4COC[C@H]43)C3(CCC3)C2)[nH]1,"5-(((8S)-8-(((1R,5S,6r)-3-oxabicyclo[3.1.0]hexane-6-carboxamido)methyl)-6-azaspiro[3.4]octan-6-yl)carbonyl)-1H-pyrrole-2-carboxamide",,NC(=O)c1ccc(C(=O)N2C[C@H](CNC(=O)C3[C@H]4COC[C@@H]34)C3(CCC3)C2)[nH]1,
46490,CCc1c[nH]c(C(=O)N2C[C@H]3[C@H](NC(=O)[C@H](C)ONC(=O)OC(C)(C)C)[C@H]3C2)c1,"tert-butyl ((((2S)-1-(((1R,5S,6s)-3-((4-ethyl-1H-pyrrol-2-yl)carbonyl)-3-azabicyclo[3.1.0]hexan-6-yl)amino)-1-oxopropan-2-yl)oxy)amino)formate",,CCc1c[nH]c(C(=O)N2C[C@@H]3[C@H](C2)[C@H]3NC(=O)C(C)ONC(=O)OC(C)(C)C)c1,
46513,CCONC(=O)CN=C(N[C@H](C)c1ccc(Br)cc1)N1C[C@@H]2[C@@H](CF)[C@@H]2C1,"2-(((((1R)-1-(4-bromophenyl)ethyl)amino)((1R,5S,6R)-6-(fluoromethyl)-3-azabicyclo[3.1.0]hexan-3-yl)methylidene)amino)-N-ethoxyacetamide",,CCONC(=O)CN=C(N[C@H](C)c1ccc(Br)cc1)N1C[C@@H]2[C@@H](CF)[C@@H]2C1,
46519,CN(C(=O)CO[C@@H]1CCOC1)[C@H]1[C@@H]2CN(C(=O)c3ccc(SC(F)(F)F)o3)C[C@@H]21,"N-methyl-2-(((3R)-oxolan-3-yl)oxy)-N-((1R,5S,6s)-3-((5-((trifluoromethyl)sulfanyl)furan-2-yl)carbonyl)-3-azabicyclo[3.1.0]hexan-6-yl)acetamide",,CN(C(=O)CO[C@@H]1CCOC1)[C@H]1[C@@H]2CN(C(=O)c3ccc(SC(F)(F)F)o3)C[C@@H]21,
46526,CC(C)Cc1nnc(N2CC3(CN(C(=O)[C@@H]4[C@H]5[C@@H]6CC[C@@H](C6)[C@H]54)C3)C2)s1,"1-(6-(5-(2-methylpropyl)-1,3,4-thiadiazol-2-yl)-2,6-diazaspiro[3.3]heptan-2-yl)-1-((1R,2S,3r,4R,5S)-tricyclo[3.2.1.0^{2,4}]octan-3-yl)methanone",,CC(C)Cc1nnc(N2CC3(CN(C(=O)C4[C@@H]5[C@H]6CC[C@H](C6)[C@H]45)C3)C2)s1,
46634,Cc1ncc(C(=O)N2C[C@H]3[C@H](CNC(=O)Cc4nc[nH]n4)[C@H]3C2)[nH]1,"N-(((1R,5S,6r)-3-((2-methyl-1H-imidazol-5-yl)carbonyl)-3-azabicyclo[3.1.0]hexan-6-yl)methyl)-2-(1H-1,2,4-triazol-3-yl)acetamide",,Cc1nc(C(=O)N2C[C@@H]3[C@@H](CNC(=O)Cc4nc[nH]n4)[C@@H]3C2)c[nH]1,
46638,O=C(Cn1cc(CO)nn1)N[C@@H]1C[C@@H]2CC[C@H](C1)N2C(=O)[C@@H]1CC2CC1C2,"N-((1R,3R,5S)-8-(((2R)-bicyclo[2.1.1]hexan-2-yl)carbonyl)-8-azabicyclo[3.2.1]octan-3-yl)-2-(4-(hydroxymethyl)-1H-1,2,3-triazol-1-yl)acetamide",,O=C(Cn1cc(CO)nn1)N[C@H]1C[C@H]2CC[C@@H](C1)N2C(=O)C1CC2CC1C2,
46661,Nc1ccc(C(=O)N2C[C@H]3[C@@H](C2)[C@@H]3C(=O)NC2CN(C3CCC3)C2)nc1F,"(1R,5S,6r)-3-((5-amino-6-fluoropyridin-2-yl)carbonyl)-N-(1-cyclobutylazetidin-3-yl)-3-azabicyclo[3.1.0]hexane-6-carboxamide",,Nc1ccc(C(=O)N2C[C@@H]3C(C(=O)NC4CN(C5CCC5)C4)[C@@H]3C2)nc1F,
46681,CP(C)(=O)CC(=O)N[C@H]1C[C@](C)(NC(=O)c2nnn3c2CCCCC3)C1,"2-(dimethyloxophosphanyl)-N-((1r,3r)-3-methyl-3-(1,9,10-triazabicyclo[5.3.0]deca-7,9-diene-8-carboxamido)cyclobutyl)acetamide",,CP(C)(=O)CC(=O)N[C@H]1C[C@](C)(NC(=O)c2nnn3c2CCCCC3)C1,
46685,CS(=O)(=O)Cc1cc(C(=O)NC[C@H]2[C@@H]3CN(C(=O)C4(CC(F)F)CC4)C[C@H]23)no1,"N-(((1R,5S,6r)-3-((1-(2,2-difluoroethyl)cyclopropyl)carbonyl)-3-azabicyclo[3.1.0]hexan-6-yl)methyl)-5-((methylsulfonyl)methyl)-1,2-oxazole-3-carboxamide",,CS(=O)(=O)Cc1cc(C(=O)NC[C@@H]2[C@H]3CN(C(=O)C4(CC(F)F)CC4)C[C@@H]23)no1,
46709,CCn1ccc(CN2[C@H]3CC[C@@H]2C[C@@H](NC(=O)c2cc(C)cc(O)c2)C3)n1,"N-((1R,3s,5S)-8-((1-ethyl-1H-pyrazol-3-yl)methyl)-8-azabicyclo[3.2.1]octan-3-yl)-3-hydroxy-5-methylbenzamide",,CCn1ccc(CN2[C@@H]3CC[C@H]2C[C@H](NC(=O)c2cc(C)cc(O)c2)C3)n1,
46719,COCc1ccc(C(=O)N[C@@H]2[C@H]3CCN(C(=O)c4cnc(C)c(C)c4)CC[C@H]32)o1,"N-((1R,7S,8r)-4-((5,6-dimethylpyridin-3-yl)carbonyl)-4-azabicyclo[5.1.0]octan-8-yl)-5-(methoxymethyl)furan-2-carboxamide",,COCc1ccc(C(=O)N[C@H]2[C@@H]3CCN(C(=O)c4cnc(C)c(C)c4)CC[C@@H]32)o1,
46740,C#C[C@@H](CC)NC(=O)C[C@H]1[C@@H]2CN(C(=O)c3ccc(C)c(C#N)c3)C[C@H]12,"2-((1R,5S,6s)-3-((4-methyl-3-(nitrilomethyl)phenyl)carbonyl)-3-azabicyclo[3.1.0]hexan-6-yl)-N-((3R)-pent-1-yn-3-yl)acetamide",,C#C[C@@H](CC)NC(=O)C[C@@H]1[C@H]2CN(C(=O)c3ccc(C)c(C#N)c3)C[C@@H]12,
46828,CC(=Cc1ccccn1)C(=O)N[C@@H]1C[C@@H]2CC[C@H](C1)N2C(=O)[C@@](C)(F)C(C)(C)F,"N-((1R,3R,5S)-8-((2R)-2,3-difluoro-2,3-dimethyl-butyryl)-8-azabicyclo[3.2.1]octan-3-yl)-2-methyl-3-(pyridin-2-yl)prop-2-enamide",,CC(=Cc1ccccn1)C(=O)N[C@H]1C[C@H]2CC[C@@H](C1)N2C(=O)[C@@](C)(F)C(C)(C)F,
46894,Cc1nnn(CC(=O)N2[C@H]3CC[C@@H]2C[C@H](NC(=O)[C@H]2CC(C4CC4)=NO2)C3)n1,"(5R)-3-cyclopropyl-N-((1R,3r,5S)-8-(2-(5-methyl-2H-tetrazol-2-yl)-acetyl)-8-azabicyclo[3.2.1]octan-3-yl)-4,5-dihydro-1,2-oxazole-5-carboxamide",,Cc1nnn(CC(=O)N2[C@@H]3CC[C@H]2C[C@@H](NC(=O)C2CC(C4CC4)=NO2)C3)n1,
46900,COC1(C(=O)N[C@@H]2CCN(C(=O)[C@H]3CC[C@@](C)(F)CC3)CC[C@@H]2CO)CCC1,"N-((4R,5S)-1-(((1s,4S)-4-fluoro-4-methylcyclohexyl)carbonyl)-5-(hydroxymethyl)azepan-4-yl)-1-methoxycyclobutanecarboxamide",,COC1(C(=O)N[C@@H]2CCN(C(=O)C3CCC(C)(F)CC3)CC[C@@H]2CO)CCC1,
46949,COC(=O)[C@@H]1C[C@H](O)C[C@H](C(=O)OC)N1C(=O)c1nnn(CC(N)=O)c1C,"dimethyl (2R,4s,6S)-1-((1-(2-amino-2-oxoethyl)-5-methyl-1H-1,2,3-triazol-4-yl)carbonyl)-4-hydroxypiperidine-2,6-dicarboxylate",,COC(=O)C1CC(O)CC(C(=O)OC)N1C(=O)c1nnn(CC(N)=O)c1C,
46950,CC(C)CCSCC(=O)N[C@H]1C[C@@](C)(NC(=O)CNC(=O)[C@@H]2C[C@@H]2C)C1,"N-((1s,3S)-1-methyl-3-(2-((3-methylbutyl)sulfanyl)acetamido)cyclobutyl)-2-((1R,2S)-2-methylcyclopropanecarboxamido)acetamide",,CC(C)CCSCC(=O)N[C@H]1C[C@@](C)(NC(=O)CNC(=O)C2C[C@@H]2C)C1,
47003,CN(C)CCCC(=O)N[C@@H]1C[C@H]2[C@@H](C1)[C@@H]2NC(=O)c1c2c(nn1C)CCC2,"4-(dimethylamino)-N-((1R,3r,5S,6r)-6-(3-methyl-2,3-diazabicyclo[3.3.0]octa-1,4-diene-4-carboxamido)bicyclo[3.1.0]hexan-3-yl)butanamide",,CN(C)CCCC(=O)N[C@H]1C[C@@H]2[C@H](C1)[C@H]2NC(=O)c1c2c(nn1C)CCC2,
47071,Cc1nnc(C(=O)NC[C@]2(F)C[C@H](NC(=O)C[C@H]3CCN(C)C3)C2)s1,"N-(((1R,3r)-1-fluoro-3-(2-((3R)-1-methylpyrrolidin-3-yl)acetamido)cyclobutyl)methyl)-5-methyl-1,3,4-thiadiazole-2-carboxamide",,Cc1nnc(C(=O)NC[C@]2(F)C[C@H](NC(=O)C[C@H]3CCN(C)C3)C2)s1,
47086,C[C@@H](NC(=O)c1cc(CF)on1)C1(O)CN(C(=O)[C@@H]2CC[C@H]3[C@@H](CC2)C3(F)F)C1,"N-((1R)-1-(1-(((1R,4r,7S)-8,8-difluorobicyclo[5.1.0]octan-4-yl)carbonyl)-3-hydroxyazetidin-3-yl)ethyl)-5-(fluoromethyl)-1,2-oxazole-3-carboxamide",,C[C@@H](NC(=O)c1cc(CF)on1)C1(O)CN(C(=O)C2CC[C@@H]3[C@H](CC2)C3(F)F)C1,
47131,CCc1ccccc1NC(=O)[C@@H]([C@@H]1[C@H]2CCC[C@H]21)N(C)Cc1nncn1CC,"(2R)-2-((1R,5S,6r)-bicyclo[3.1.0]hexan-6-yl)-2-(((4-ethyl-4H-1,2,4-triazol-3-yl)methyl)(methyl)amino)-N-(2-ethylphenyl)acetamide",,CCc1ccccc1NC(=O)C([C@H]1[C@@H]2CCC[C@@H]21)N(C)Cc1nncn1CC,
47227,N#Cc1ccc(Cl)c(C(=O)NC[C@H](NC(=O)[C@@H]2[C@H]3CCCC[C@H]32)C2CCCC2)c1,"(1R,6S,7r)-N-((1R)-2-(2-chloro-5-cyanobenzamido)-1-cyclopentylethyl)bicyclo[4.1.0]heptane-7-carboxamide",,N#Cc1ccc(Cl)c(C(=O)NC[C@H](NC(=O)C2[C@H]3CCCC[C@@H]23)C2CCCC2)c1,
47261,COC1(CC(=O)NC[C@]2(F)C[C@@H](NC(=O)CN3CCN(C)C(=O)C3)C2)CCC1,"N-(((1s,3s)-1-fluoro-3-(2-(4-methyl-3-oxopiperazin-1-yl)acetamido)cyclobutyl)methyl)-2-(1-methoxycyclobutyl)acetamide",,COC1(CC(=O)NC[C@]2(F)C[C@@H](NC(=O)CN3CCN(C)C(=O)C3)C2)CCC1,
47279,CCC=CC=CC(=O)N(C)C[C@@]1(C)CCC[C@@H]1NC(=O)[C@H]1C[C@H](OC)[C@H](OC)C1,"N-(((1R,2S)-2-((1s,3R,4S)-3,4-dimethoxycyclopentanecarboxamido)-1-methylcyclopentyl)methyl)-N-methylhepta-2,4-dienamide",,CC=CC=CCC(=O)N(C)C[C@@]1(C)CCC[C@@H]1NC(=O)C1C[C@H](OC)[C@H](OC)C1,
47313,COc1ccc(NC(=O)[C@@H]2[C@H]3CN(Cc4ccc(Cl)cn4)C[C@H]32)c(C(F)(F)F)c1,"(1R,5S,6r)-3-((5-chloropyridin-2-yl)methyl)-N-(4-methoxy-2-(trifluoromethyl)phenyl)-3-azabicyclo[3.1.0]hexane-6-carboxamide",,COc1ccc(NC(=O)C2[C@H]3CN(Cc4ccc(Cl)cn4)C[C@@H]23)c(C(F)(F)F)c1,
47336,C[C@@H](CN(C)C(=O)c1ccc(-c2ccccc2)nc1)NC(=O)[C@H]1C[C@@H]2C[C@@H]2C1,"N-((2S)-2-((1R,3s,5S)-bicyclo[3.1.0]hexane-3-carboxamido)propyl)-N-methyl-6-phenylpyridine-3-carboxamide",,C[C@@H](CN(C)C(=O)c1ccc(-c2ccccc2)nc1)NC(=O)C1C[C@@H]2C[C@@H]2C1,
47386,CC(C)CC(=O)N1CCCC[C@]12C[C@H](NC(=O)C1CC3(CSC3)C1)C2,N-(5-(3-methyl-butyryl)-5-azaspiro[3.5]nonan-2-yl)-2-thiaspiro[3.3]heptane-6-carboxamide,CC(CC(=O)N1C2(CC(C2)NC(=O)C2CC3(CSC3)C2)CCCC1)C,CC(C)CC(=O)N1CCCC[C@]12C[C@H](NC(=O)C1CC3(CSC3)C1)C2,CC(C)CC(=O)N1CCCCC12CC(NC(=O)C1CC3(CSC3)C1)C2
47438,CCOCC(=O)N1C[C@H]2[C@@H](C1)[C@@H]2C(=O)N[C@@](C)(CCO)COC,"(1R,5S,6r)-3-(2-ethoxy-acetyl)-N-((2S)-4-hydroxy-1-methoxy-2-methylbutan-2-yl)-3-azabicyclo[3.1.0]hexane-6-carboxamide",,CCOCC(=O)N1C[C@@H]2C(C(=O)N[C@@](C)(CCO)COC)[C@@H]2C1,
47529,C[C@H](C(=O)N1CCN(C(=O)[C@H]2CC[C@](C)(O)CC2)C[C@H]1C)c1ccccc1Cl,"(2S)-2-(2-chlorophenyl)-1-((2R)-4-(((1r,4R)-4-hydroxy-4-methylcyclohexyl)carbonyl)-2-methylpiperazin-1-yl)propan-1-one",,CC(C(=O)N1CCN(C(=O)C2CCC(C)(O)CC2)C[C@H]1C)c1ccccc1Cl,
47569,COC1(OC)CC(C(=O)NC[C@H]2[C@@H]3CN(C(=O)C4(c5ncco5)CCC4)C[C@H]23)C1,"3,3-dimethoxy-N-(((1R,5S,6r)-3-((1-(1,3-oxazol-2-yl)cyclobutyl)carbonyl)-3-azabicyclo[3.1.0]hexan-6-yl)methyl)cyclobutanecarboxamide",,COC1(OC)CC(C(=O)NC[C@@H]2[C@H]3CN(C(=O)C4(c5ncco5)CCC4)C[C@@H]23)C1,
47745,C[C@H](C(=O)N1C[C@H]2[C@H](N(C)C(=O)CCc3nc4ccccc4s3)[C@H]2C1)P(C)(C)=O,"3-(1,3-benzothiazol-2-yl)-N-((1R,5S,6S)-3-((2R)-2-(dimethyloxophosphanyl)-propionyl)-3-azabicyclo[3.1.0]hexan-6-yl)-N-methylpropanamide",,CC(C(=O)N1C[C@@H]2[C@H](C1)[C@H]2N(C)C(=O)CCc1nc2ccccc2s1)P(C)(C)=O,
47818,CCOCCN=C(NCc1cn(C2CC2)c(=O)nc1O)N[C@H]1C[C@](C)(F)C1,"1-cyclopropyl-5-(((((2-ethoxyethyl)imino)(((1r,3r)-3-fluoro-3-methylcyclobutyl)amino)methyl)amino)methyl)-4-hydroxy-1H-pyrimidin-2-one",,CCOCCN=C(NCc1cn(C2CC2)c(=O)[nH]c1=O)N[C@H]1C[C@](C)(F)C1,
47939,COc1cc(C(=O)N2C[C@H]3[C@H](CN(C)C(=O)C=C(C)Cl)[C@H]3C2)ccc1O,"3-chloro-N-(((1R,5S,6r)-3-((4-hydroxy-3-methoxyphenyl)carbonyl)-3-azabicyclo[3.1.0]hexan-6-yl)methyl)-N-methylbut-2-enamide",,COc1cc(C(=O)N2C[C@@H]3[C@@H](CN(C)C(=O)C=C(C)Cl)[C@@H]3C2)ccc1O,
48045,C[C@H](CC(=O)NC[C@]1(F)C[C@H](CNC(=O)C[C@@H]2CN3CCC2CC3)C1)P(C)(C)=O,"(3R)-N-(((1S,3R)-3-((2-((3S)-1-azabicyclo[2.2.2]octan-3-yl)acetamido)methyl)-1-fluorocyclobutyl)methyl)-3-(dimethyloxophosphanyl)butanamide",,C[C@H](CC(=O)NC[C@]1(F)C[C@H](CNC(=O)C[C@@H]2CN3CCC2CC3)C1)P(C)(C)=O,
48065,CC(C)[C@H](O)C(=O)N[C@]1(C)C[C@@H](NC(=O)CCc2ccc3c(n2)NCCC3)C1,"(2S)-2-hydroxy-3-methyl-N-((1r,3S)-1-methyl-3-(3-(5,6,7,8-tetrahydro-1,8-naphthyridin-2-yl)propanamido)cyclobutyl)butanamide",,CC(C)C(O)C(=O)N[C@]1(C)C[C@@H](NC(=O)CCc2ccc3c(n2)NCCC3)C1,
48067,Cc1nc(CC(=O)N[C@@]23CCN(C(=O)[C@H]4C[C@@](C)(O)C4)CC[C@@H]2C3)n[nH]1,"N-((1S,7R)-4-(((1s,3R)-3-hydroxy-3-methylcyclobutyl)carbonyl)-4-azabicyclo[5.1.0]octan-1-yl)-2-(5-methyl-1H-1,2,4-triazol-3-yl)acetamide",,Cc1n[nH]c(CC(=O)N[C@@]23CCN(C(=O)C4CC(C)(O)C4)CC[C@@H]2C3)n1,
48108,CNC(=O)C1CCN(c2cc(C)c(S(=O)(=O)N3[C@H]4CC[C@@H]3C[C@@H](F)C4)cn2)CC1,"1-(5-((1R,3s,5S)-3-fluoro-8-azabicyclo[3.2.1]octan-8-ylsulfonyl)-4-methylpyridin-2-yl)-N-methylpiperidine-4-carboxamide",,CNC(=O)C1CCN(c2cc(C)c(S(=O)(=O)N3[C@@H]4CC[C@H]3C[C@H](F)C4)cn2)CC1,
48114,CN(CC[C@@H](NC(=O)Cn1nnc(=N)[nH]1)C(C)(C)C)C(=O)[C@H]1C[C@@H]2C[C@@H]2C1,"N-((3R)-4,4-dimethyl-1-(N-methyl(1R,3s,5S)-bicyclo[3.1.0]hexane-3-carboxamido)pentan-3-yl)-2-(5-imino-1H,2H-tetrazol-2-yl)acetamide",,CN(CC[C@@H](NC(=O)Cn1nnc(N)n1)C(C)(C)C)C(=O)C1C[C@@H]2C[C@@H]2C1,
48167,CN1CCC(C(=O)N[C@@H]2C[C@@H]3CC[C@H](C2)N3Cc2c(F)cccc2Br)CC1,"N-((1R,3r,5S)-8-((2-bromo-6-fluorophenyl)methyl)-8-azabicyclo[3.2.1]octan-3-yl)-1-methylpiperidine-4-carboxamide",,CN1CCC(C(=O)N[C@H]2C[C@H]3CC[C@@H](C2)N3Cc2c(F)cccc2Br)CC1,
48192,CC(C)[C@H](C(=O)N1[C@H]2CC[C@@H]1C[C@@H](NC(=O)CC(F)(F)F)C2)c1cccnc1,"3,3,3-trifluoro-N-((1R,3R,5S)-8-((2S)-3-methyl-1-oxo-2-(pyridin-3-yl)butyl)-8-azabicyclo[3.2.1]octan-3-yl)propanamide",,CC(C)C(C(=O)N1[C@@H]2CC[C@H]1C[C@H](NC(=O)CC(F)(F)F)C2)c1cccnc1,
48292,C=CCC(=O)N1[C@H]2CC[C@@H]1C[C@@H](N(C)C(=O)c1cc(CCC)[nH]n1)C2,"N-methyl-N-((1R,3s,5S)-8-(1-oxobut-3-en-1-yl)-8-azabicyclo[3.2.1]octan-3-yl)-5-propyl-1H-pyrazole-3-carboxamide",,C=CCC(=O)N1[C@@H]2CC[C@H]1C[C@H](N(C)C(=O)c1cc(CCC)[nH]n1)C2,
48327,CCc1n[nH]cc1C(=O)N[C@@H]1C[C@@H]2C[C@H](NC(=O)C3C4CCC3CC4)C[C@@H]2C1,"N-((2r,3aR,5s,6aS)-5-(bicyclo[2.2.1]heptane-7-carboxamido)octahydropentalen-2-yl)-3-ethyl-1H-pyrazole-4-carboxamide",,CCc1[nH]ncc1C(=O)N[C@@H]1C[C@@H]2C[C@H](NC(=O)C3C4CCC3CC4)C[C@@H]2C1,
48370,O=C(NC[C@H]1[C@@H]2CN(C(=O)[C@@H]3C[C@H]3c3cncs3)C[C@H]12)c1nnn2c1CCCC2,"N-(((1R,5S,6R)-3-(((1R,2R)-2-(1,3-thiazol-5-yl)cyclopropyl)carbonyl)-3-azabicyclo[3.1.0]hexan-6-yl)methyl)-1,8,9-triazabicyclo[4.3.0]nona-6,8-diene-7-carboxamide",,O=C(NC[C@@H]1[C@H]2CN(C(=O)C3C[C@H]3c3cncs3)C[C@@H]12)c1nnn2c1CCCC2,
48373,O=C(CN1C[C@H]2C=C[C@H]1C2)N[C@H]1CCCN(C(=O)[C@H]2C[C@](F)(CO)C2)CC1,"2-((1R,4R)-2-azabicyclo[2.2.1]hept-5-en-2-yl)-N-((4S)-1-(((1s,3R)-3-fluoro-3-(hydroxymethyl)cyclobutyl)carbonyl)azepan-4-yl)acetamide",,O=C(CN1C[C@H]2C=C[C@H]1C2)N[C@H]1CCCN(C(=O)C2CC(F)(CO)C2)CC1,
48414,CCCCC[C@H](CC)C(=O)N1CCO[C@]2(CC[C@@H](Nc3ccncn3)CC2)C1,(2S)-2-ethyl-1-(9-((pyrimidin-4-yl)amino)-1-oxa-4-azaspiro[5.5]undecan-4-yl)heptan-1-one,C(C)[C@H](C(=O)N1CCOC2(C1)CCC(CC2)NC2=NC=NC=C2)CCCCC,CCCCCC(CC)C(=O)N1CCO[C@]2(CC[C@@H](Nc3ccncn3)CC2)C1,CCCCCC(CC)C(=O)N1CCOC2(CCC(Nc3ccncn3)CC2)C1
48500,CCSCC(=O)NC[C@H]1CC[C@@](F)(CNC(=O)c2conc2C)CC1,"2-(ethylsulfanyl)-N-(((1r,4r)-4-fluoro-4-((3-methyl-1,2-oxazole-4-carboxamido)methyl)cyclohexyl)methyl)acetamide",,CCSCC(=O)NC[C@H]1CC[C@@](F)(CNC(=O)c2conc2C)CC1,
48522,Cc1cc(C(=O)NC[C@H]2[C@@H]3CN(C(=O)[C@@H]4Cc5nnsc5S4)C[C@H]23)n(C)n1,"N-(((1R,5S,6S)-3-(((7S)-2,8-dithia-3,4-diazabicyclo[3.3.0]octa-1(5),3-dien-7-yl)carbonyl)-3-azabicyclo[3.1.0]hexan-6-yl)methyl)-1,3-dimethyl-1H-pyrazole-5-carboxamide",,Cc1cc(C(=O)NC[C@@H]2[C@H]3CN(C(=O)C4Cc5nnsc5S4)C[C@@H]23)n(C)n1,
48523,CCCc1nc(C(=O)N2[C@@H]3COC[C@H]2C[C@@H](NC(=O)[C@@]2(OC)CCSC2)C3)cs1,"(3S)-3-methoxy-N-((1R,5S,7s)-9-((2-propyl-1,3-thiazol-4-yl)carbonyl)-3-oxa-9-azabicyclo[3.3.1]nonan-7-yl)thiolane-3-carboxamide",,CCCc1nc(C(=O)N2[C@@H]3COC[C@H]2C[C@@H](NC(=O)[C@@]2(OC)CCSC2)C3)cs1,
48543,CS[C@]1(C(=O)N[C@@H](C(N)=O)c2cnn(C)c2)C[C@@H](N)C1,"(1r,3R)-3-amino-N-((1R)-2-amino-1-(1-methyl-1H-pyrazol-4-yl)-2-oxoethyl)-1-(methylsulfanyl)cyclobutanecarboxamide",,CS[C@]1(C(=O)NC(C(N)=O)c2cnn(C)c2)C[C@@H](N)C1,
48544,Cc1cnc(C(=O)N[C@H](CC(=O)N2C[C@H]3[C@H](N(C)C)[C@H]3C2)C2CC2)c(C)c1,"N-((1R)-1-cyclopropyl-3-((1R,5S,6S)-6-(dimethylamino)-3-azabicyclo[3.1.0]hexan-3-yl)-3-oxopropyl)-3,5-dimethylpyridine-2-carboxamide",,Cc1cnc(C(=O)N[C@H](CC(=O)N2C[C@@H]3[C@H](C2)[C@H]3N(C)C)C2CC2)c(C)c1,
48574,CSc1ccc(C(=O)NC23CC(C)(C2)OC32CCN(C(=O)c3cocn3)CC2)s1,"N-(1-methylspiro[2-oxabicyclo[2.1.1]hexane-3,4'-(1-(1-azacyclohexan-1-yl)-1-(1,3-oxazol-4-yl)methanone)]-4-yl)-5-(methylsulfanyl)thiophene-2-carboxamide",,CSc1ccc(C(=O)NC23CC(C)(C2)OC32CCN(C(=O)c3cocn3)CC2)s1,
48598,C=CCCC(=O)N[C@H]1C[C@@H]2C[C@H](C1)CN(C(=O)CCc1ccccc1C(N)=O)C2,"N-((1R,5S,7s)-3-(3-(2-carbamoylphenyl)-propionyl)-3-azabicyclo[3.3.1]nonan-7-yl)pent-4-enamide",,C=CCCC(=O)N[C@@H]1C[C@H]2C[C@@H](C1)CN(C(=O)CCc1ccccc1C(N)=O)C2,
48619,C[C@H]1OCC[C@H]1C(=O)N[C@]1(C(=O)N2C[C@H](O)[C@H](O)C2)C[C@H](O)C1,"(2R,3R)-N-((1s,3S)-1-(((3R,4S)-3,4-dihydroxypyrrolidin-1-yl)carbonyl)-3-hydroxycyclobutyl)-2-methyloxolane-3-carboxamide",,C[C@H]1OCCC1C(=O)N[C@]1(C(=O)N2C[C@@H](O)[C@@H](O)C2)C[C@H](O)C1,
48645,CN(C(=O)c1cc2cc(F)cc(F)c2[nH]1)[C@H]1[C@@H]2CN(C(=O)C3(C)CCC3)C[C@@H]21,"5,7-difluoro-N-methyl-N-((1R,5S,6s)-3-((1-methylcyclobutyl)carbonyl)-3-azabicyclo[3.1.0]hexan-6-yl)-1H-indole-2-carboxamide",,CN(C(=O)c1cc2cc(F)cc(F)c2[nH]1)[C@H]1[C@@H]2CN(C(=O)C3(C)CCC3)C[C@@H]21,
48672,O=C(N[C@@H]1CN(C(=O)c2ccnc3ncccc23)C[C@@H]1O)[C@@H]1[C@H]2CCCC[C@H]21,"(1R,6S,7r)-N-((3R,4S)-4-hydroxy-1-((1,8-naphthyridin-4-yl)carbonyl)pyrrolidin-3-yl)bicyclo[4.1.0]heptane-7-carboxamide",,O=C(N[C@@H]1CN(C(=O)c2ccnc3ncccc23)C[C@@H]1O)C1[C@H]2CCCC[C@@H]12,
48711,C#CCOCCCNC(=O)[C@@H]1C[C@@H]2CN(C(=O)CCN(C)CCC)C[C@@H]2C1,"(1R,5S,7r)-3-(3-((methyl)(propyl)amino)-propionyl)-N-(3-((prop-2-yn-1-yl)oxy)propyl)-3-azabicyclo[3.3.0]octane-7-carboxamide",,C#CCOCCCNC(=O)C1C[C@@H]2CN(C(=O)CCN(C)CCC)C[C@@H]2C1,
48830,CCC[C@@H](CC)C(=O)NC[C@H]1CC[C@H](N(C)C(=O)[C@H]2C[C@](C)(C(=O)OC)C2)CC1,"methyl (1R,3r)-1-methyl-3-((trans-4-(((2R)-2-ethylpentanamido)methyl)cyclohexyl)(methyl)carbamoyl)cyclobutanecarboxylate",,CCCC(CC)C(=O)NC[C@H]1CC[C@H](N(C)C(=O)C2CC(C)(C(=O)OC)C2)CC1,
48849,CC(C)OC(=O)N[C@H](C(=O)N=[S@@](C)(=O)CC1CN(C(=O)OC(C)(C)C)C1)C(C)C,tert-butyl 3-(((S)-N-(2S)-2-isopropoxycarbonylamino-3-methyl-butyryl-S-methylsulfonimidoyl)methyl)azetidine-1-carboxylate,,CC(C)OC(=O)N=C(C(=O)N[SH](C)(=O)CC1CN(C(=O)OC(C)(C)C)C1)C(C)C,
48872,CCc1ccc(C(=O)N2C[C@H]3[C@H](CNC(=O)CC(C)(C)C#N)[C@H]3C2)c(C)c1,"3-cyano-N-(((1R,5S,6r)-3-((4-ethyl-2-methylphenyl)carbonyl)-3-azabicyclo[3.1.0]hexan-6-yl)methyl)-3-methylbutanamide",,CCc1ccc(C(=O)N2C[C@@H]3[C@@H](CNC(=O)CC(C)(C)C#N)[C@@H]3C2)c(C)c1,
48875,CC[C@H](C(=O)NC[C@@H]1C[C@@H]2CC[C@H](C1)N2C(=O)c1ncn(C(C)C)n1)N(C)C,"(2R)-2-(dimethylamino)-N-(((1R,3r,5S)-8-((1-(propan-2-yl)-1H-1,2,4-triazol-3-yl)carbonyl)-8-azabicyclo[3.2.1]octan-3-yl)methyl)butanamide",,CCC(C(=O)NC[C@H]1C[C@H]2CC[C@@H](C1)N2C(=O)c1ncn(C(C)C)n1)N(C)C,
48907,CCCCCc1nc(C(=O)NC2(C)CN(C(=O)[C@@H]3C[C@@H]4CSC[C@@H](C4)C3)C2)cs1,"N-(3-methyl-1-(((1R,5S,7r)-3-thiabicyclo[3.3.1]nonan-7-yl)carbonyl)azetidin-3-yl)-2-pentyl-1,3-thiazole-4-carboxamide",,CCCCCc1nc(C(=O)NC2(C)CN(C(=O)C3C[C@H]4CSC[C@@H](C3)C4)C2)cs1,
48910,C[C@H](CN(C)C(=O)[C@]1(C)C[C@@H](C#N)C1)N(C)C(=O)[C@@H]1CCS(=O)(=O)N1,"(3S)-N-methyl-N-((2R)-1-(N-methyl-3-cyano-1-methylcyclobutanecarboxamido)propan-2-yl)-1,1-dioxo-1,2-thiazolidine-3-carboxamide",CN(C(=O)[C@H]1NS(CC1)(=O)=O)[C@@H](CN(C(=O)C1(CC(C1)C#N)C)C)C,C[C@H](CN(C)C(=O)[C@]1(C)C[C@@H](C#N)C1)N(C)C(=O)C1CCS(=O)(=O)N1,C[C@H](CN(C)C(=O)C1(C)CC(C#N)C1)N(C)C(=O)C1CCS(=O)(=O)N1
48978,CN1C[C@@H](C(=O)N[C@H](CCC2CC2)C(=O)N(C)[C@H]2C[C@@H]3C[C@@H]3C2)NC1=O,"(4S)-N-((2R)-1-(((1R,3s,5S)-bicyclo[3.1.0]hexan-3-yl)(methyl)amino)-4-cyclopropyl-1-oxobutan-2-yl)-1-methyl-2-oxoimidazolidine-4-carboxamide",,CN1CC(C(=O)NC(CCC2CC2)C(=O)N(C)[C@@H]2C[C@H]3C[C@H]3C2)NC1=O,
48994,Cc1ccc(C(=O)N[C@H]2[C@@H]3CN(C(=O)CC(F)(F)C(F)F)C[C@@H]32)c(O)c1C,"2-hydroxy-3,4-dimethyl-N-((1R,5S,6s)-3-(3,3,4,4-tetrafluoro-butyryl)-3-azabicyclo[3.1.0]hexan-6-yl)benzamide",,Cc1ccc(C(=O)N[C@H]2[C@@H]3CN(C(=O)CC(F)(F)C(F)F)C[C@@H]32)c(O)c1C,
49071,Cc1nc(C2CC2)oc1C(=O)NC1(CO)CN(C(=O)C[C@@H]2C[C@H]3C[C@H]3C2)C1,"N-(1-(2-((1R,3s,5S)-bicyclo[3.1.0]hexan-3-yl)-acetyl)-3-(hydroxymethyl)azetidin-3-yl)-2-cyclopropyl-4-methyl-1,3-oxazole-5-carboxamide",,Cc1nc(C2CC2)oc1C(=O)NC1(CO)CN(C(=O)C[C@H]2C[C@@H]3C[C@@H]3C2)C1,
49095,Cc1[nH]ccc1C(=O)NC[C@H]1C[C@@](F)(CNC(=O)C23CCC(F)(CC2)CC3)C1,"N-(((1r,3r)-3-fluoro-3-((4-fluorobicyclo[2.2.2]octane-1-carboxamido)methyl)cyclobutyl)methyl)-2-methyl-1H-pyrrole-3-carboxamide",,Cc1[nH]ccc1C(=O)NC[C@H]1C[C@@](F)(CNC(=O)C23CCC(F)(CC2)CC3)C1,
49108,C=CCO[C@@H](C)C(=O)N1C[C@H]2[C@H](N(C)C(=O)c3ccnc4[nH]ncc34)[C@H]2C1,"N-methyl-N-((1R,5S,6R)-3-((2S)-1-oxo-2-((prop-2-en-1-yl)oxy)propyl)-3-azabicyclo[3.1.0]hexan-6-yl)-2,8,9-triazabicyclo[4.3.0]nona-1,3,5,7-tetraene-5-carboxamide",,C=CCOC(C)C(=O)N1C[C@@H]2[C@H](C1)[C@H]2N(C)C(=O)c1ccnc2[nH]ncc12,
49127,CNS(=O)(=O)CC(=O)N(C)[C@H]1C[C@@H]2CC[C@H](C1)N2C(=O)C(O)CC(C)C,"N-((1R,3s,5S)-8-(2-hydroxy-4-methyl-pentanoyl)-8-azabicyclo[3.2.1]octan-3-yl)-N-methyl-2-(methylsulfamoyl)acetamide",,CNS(=O)(=O)CC(=O)N(C)[C@@H]1C[C@H]2CC[C@@H](C1)N2C(=O)C(O)CC(C)C,
49129,CCOc1cccc(CCC(=O)N2C[C@@H](NC(=O)[C@@H]3[C@@H](C)[C@H]3C)[C@H](SC)C2)c1,"(1r,2R,3S)-N-((3R,4R)-1-(3-(3-ethoxyphenyl)-propionyl)-4-(methylsulfanyl)pyrrolidin-3-yl)-2,3-dimethylcyclopropanecarboxamide",,CCOc1cccc(CCC(=O)N2C[C@@H](NC(=O)C3[C@@H](C)[C@H]3C)[C@H](SC)C2)c1,
49156,C#CCSCC(=O)NC[C@]1(F)C[C@H](Nc2cc(OC(F)F)ccc2[N+](=O)[O-])C1,"N-(((1r,3r)-3-((5-((difluoromethyl)oxy)-2-nitrophenyl)amino)-1-fluorocyclobutyl)methyl)-2-((prop-2-yn-1-yl)sulfanyl)acetamide",,C#CCSCC(=O)NC[C@]1(F)C[C@H](Nc2cc(OC(F)F)ccc2[N+](=O)[O-])C1,
49176,CCOC(=O)[C@H]1C[C@](F)(Cn2cc(CSCCNC(=O)[C@H](C)[C@H](C)O)nn2)C1,"ethyl (1S,3s)-3-fluoro-3-((4-(((2-((2R,3S)-3-hydroxy-2-methylbutanamido)ethyl)sulfanyl)methyl)-1H-1,2,3-triazol-1-yl)methyl)cyclobutanecarboxylate",,CCOC(=O)C1CC(F)(Cn2cc(CSCCNC(=O)C(C)[C@H](C)O)nn2)C1,
49262,C=C1CC(C(=O)N2C[C@H]3[C@H](CNC(=O)[C@H](NC(=O)OC(C)(C)C)[C@H](C)O)[C@H]3C2)C1,"tert-butyl (((2R,3S)-3-hydroxy-1-((((1R,5S,6r)-3-((3-methylidenecyclobutyl)carbonyl)-3-azabicyclo[3.1.0]hexan-6-yl)methyl)amino)-1-oxobutan-2-yl)amino)formate",,C=C1CC(C(=O)N2C[C@@H]3[C@@H](CNC(=O)C(NC(=O)OC(C)(C)C)[C@H](C)O)[C@@H]3C2)C1,
49319,Cc1scnc1C(=O)N1C[C@H]2C[C@H](NC(=O)[C@H]3CCCOCC3)C[C@H]2C1,"(4S)-N-((1R,5S,7s)-3-((5-methyl-1,3-thiazol-4-yl)carbonyl)-3-azabicyclo[3.3.0]octan-7-yl)oxepane-4-carboxamide",,Cc1scnc1C(=O)N1C[C@H]2C[C@H](NC(=O)C3CCCOCC3)C[C@H]2C1,
49354,O=C(C1CCNC12CCS(=O)(=O)CC2)N1C[C@H]2[C@H](Br)[C@H]2C1,"1-((1R,5S,6s)-6-bromo-3-azabicyclo[3.1.0]hexan-3-yl)-1-(8,8-dioxo-8lambda^6-thia-1-azaspiro[4.5]decan-4-yl)methanone",,O=C(C1CCNC12CCS(=O)(=O)CC2)N1C[C@@H]2[C@@H](Br)[C@@H]2C1,
49373,COc1ccnc(N2C[C@@H]3CC[C@H](C2)[C@H]3NC(=O)Cc2cc(Cl)ccc2OC)n1,"2-(5-chloro-2-methoxyphenyl)-N-((1R,5S,8s)-3-(4-methoxypyrimidin-2-yl)-3-azabicyclo[3.2.1]octan-8-yl)acetamide",,COc1ccnc(N2C[C@H]3CC[C@@H](C2)[C@@H]3NC(=O)Cc2cc(Cl)ccc2OC)n1,
49466,C[C@]1(O)C[C@@H](CNC(=O)CO[C@H]2C[C@@H](NC(=O)c3cnnn3C3CC3)C2)C1,"2-((cis-3-(1-cyclopropyl-1H-1,2,3-triazole-5-carboxamido)cyclobutyl)oxy)-N-(((1s,3s)-3-hydroxy-3-methylcyclobutyl)methyl)acetamide",,C[C@]1(O)C[C@@H](CNC(=O)CO[C@H]2C[C@@H](NC(=O)c3cnnn3C3CC3)C2)C1,
49486,CC[C@@]1(C(=O)NC[C@H]2C[C@@](F)(CNC(=O)c3cc(C(N)=O)co3)C2)CCC[C@@H]1O,"N-(((1R,3r)-3-(((1R,2S)-1-ethyl-2-hydroxycyclopentanecarboxamido)methyl)-1-fluorocyclobutyl)methyl)furan-2,4-dicarboxamide",,CC[C@@]1(C(=O)NC[C@H]2C[C@@](F)(CNC(=O)c3cc(C(N)=O)co3)C2)CCC[C@@H]1O,
49557,C#C[C@]1(O)C[C@@H](C(=O)NC[C@@H]2C[C@@H](NC(=O)C[C@H](CC)CN(C)C)CCO2)C1,"(1s,3R)-N-(((2S,4S)-4-((3S)-3-((dimethylamino)methyl)pentanamido)oxan-2-yl)methyl)-3-(ethynyl)-3-hydroxycyclobutanecarboxamide",,C#CC1(O)CC(C(=O)NC[C@@H]2C[C@@H](NC(=O)C[C@H](CC)CN(C)C)CCO2)C1,
49580,CC(=O)NC1(CC(=O)N(C)[C@H]2[C@@H]3CN(C(=O)[C@H](O)P(C)(C)=O)C[C@@H]32)CCCCC1,"2-(1-acetamidocyclohexyl)-N-((1R,5S,6S)-3-((2R)-2-(dimethyloxophosphanyl)-2-hydroxy-acetyl)-3-azabicyclo[3.1.0]hexan-6-yl)-N-methylacetamide",,CC(=O)NC1(CC(=O)N(C)[C@H]2[C@@H]3CN(C(=O)C(O)P(C)(C)=O)C[C@@H]32)CCCCC1,
49647,C[C@@H]1C[C@H](NC(=O)CCCN2C(=O)CNC2=O)CN(C(=O)[C@H]2C[C@@](F)(CO)C2)C1,"4-(2,5-dioxoimidazolidin-1-yl)-N-((3S,5R)-1-(((1r,3S)-3-fluoro-3-(hydroxymethyl)cyclobutyl)carbonyl)-5-methylpiperidin-3-yl)butanamide",,C[C@@H]1C[C@H](NC(=O)CCCn2c(O)c[nH]c2=O)CN(C(=O)C2CC(F)(CO)C2)C1,
49679,CC(C)[C@@H](CCNC(=O)[C@@H]1CCc2nnn(C)c2C1)NC(=O)[C@H]1C2C[C@@H]3C1[C@@H]3C2,"(5R)-3-methyl-N-((3R)-4-methyl-3-((1S,2R,5S)-tricyclo[2.2.1.0^{2,6}]heptane-5-carboxamido)pentyl)-4,5,6,7-tetrahydro-1H-benzotriazole-5-carboxamide",CN1NNC2=C1C[C@@H](CC2)C(=O)NCC[C@H](C(C)C)NC(=O)[C@H]2C1C[C@@H]3[C@@H](C23)C1,CC(C)[C@@H](CCNC(=O)C1CCc2nnn(C)c2C1)NC(=O)C1C2C[C@@H]3C1[C@@H]3C2,CC(C)[C@@H](CCNC(=O)C1CCC2=C(C1)N(C)NN2)NC(=O)C1C2C[C@@H]3C1[C@@H]3C2
49688,C[C@H]1[C@@H](C)[C@@H]1C(=O)N1CC(CCNC(=O)COc2ccccc2C#N)C1,"N-(2-(1-(((1r,2R,3S)-2,3-dimethylcyclopropyl)carbonyl)azetidin-3-yl)ethyl)-2-((2-(nitrilomethyl)phenyl)oxy)acetamide",,C[C@@H]1C(C(=O)N2CC(CCNC(=O)COc3ccccc3C#N)C2)[C@@H]1C,
49720,O=C(Cn1cccc1C(=O)O)N[C@]1(c2ccccc2)C[C@H](O)C1,"1-(2-(((1s,3s)-3-hydroxy-1-phenylcyclobutyl)amino)-2-oxoethyl)-1H-pyrrole-2-carboxylic acid",,O=C(Cn1cccc1C(=O)O)N[C@]1(c2ccccc2)C[C@H](O)C1,
49744,CC1(C)CN(C(=O)c2csc(C3CC3)n2)CCN(C(=O)[C@@H]2[C@@H]3C[C@H]3[C@H]3C[C@H]32)C1,"1-(2-cyclopropyl-1,3-thiazol-4-yl)-1-(6,6-dimethyl-4-(((1S,2R,4R,5R,6R)-tricyclo[4.1.0.0^{2,4}]heptan-5-yl)carbonyl)-1,4-diazepan-1-yl)methanone",,CC1(C)CN(C(=O)c2csc(C3CC3)n2)CCN(C(=O)C2[C@@H]3C[C@@H]3[C@@H]3C[C@@H]23)C1,
49747,C[C@](CNC(=O)CSc1cc(F)ccc1F)(NC(=O)C[C@@H]1C[C@H]2C[C@H]2C1)C1CC1,"2-((1R,3s,5S)-bicyclo[3.1.0]hexan-3-yl)-N-((2S)-2-cyclopropyl-1-(2-((2,5-difluorophenyl)sulfanyl)acetamido)propan-2-yl)acetamide",,C[C@](CNC(=O)CSc1cc(F)ccc1F)(NC(=O)C[C@H]1C[C@@H]2C[C@@H]2C1)C1CC1,
49785,C[C@H]1CCN1CC(=O)N(C)C[C@H]1[C@@H]2CN(C(=O)C(C)(F)F)C[C@H]12,"N-(((1R,5S,6r)-3-(2,2-difluoro-propionyl)-3-azabicyclo[3.1.0]hexan-6-yl)methyl)-N-methyl-2-((2S)-2-methylazetidin-1-yl)acetamide",,C[C@H]1CCN1CC(=O)N(C)C[C@@H]1[C@H]2CN(C(=O)C(C)(F)F)C[C@@H]12,
49803,C[C@]1(C(F)F)C[C@@H]1NC(=O)CCCC1(NC(=O)[C@H]2C[C@@H]3CC[C@@H]3C2)CCC1,"4-(1-((1R,3s,5S)-bicyclo[3.2.0]heptane-3-carboxamido)cyclobutyl)-N-((1S,2S)-2-(difluoromethyl)-2-methylcyclopropyl)butanamide",,C[C@]1(C(F)F)C[C@@H]1NC(=O)CCCC1(NC(=O)C2C[C@H]3CC[C@H]3C2)CCC1,
49805,O=C(N[C@H]1[C@@H]2CN(C(=O)c3ncoc3C3CC3)C[C@@H]21)c1cc2c[nH]nc2s1,"N-((1R,5S,6s)-3-((5-cyclopropyl-1,3-oxazol-4-yl)carbonyl)-3-azabicyclo[3.1.0]hexan-6-yl)-2-thia-7,8-diazabicyclo[3.3.0]octa-1(8),3,5-triene-3-carboxamide",,O=C(N[C@H]1[C@@H]2CN(C(=O)c3ncoc3C3CC3)C[C@@H]21)c1cc2c[nH]nc2s1,
49829,CC(C)c1cc(C(=O)N2CCC[C@@H](CCC(=O)N3C[C@H]4[C@H](N(C)C)[C@H]4C3)C2)n[nH]1,"1-((1R,5S,6R)-6-(dimethylamino)-3-azabicyclo[3.1.0]hexan-3-yl)-3-((3S)-1-((5-(propan-2-yl)-1H-pyrazol-3-yl)carbonyl)piperidin-3-yl)propan-1-one",,CC(C)c1cc(C(=O)N2CCC[C@@H](CCC(=O)N3C[C@@H]4[C@H](C3)[C@H]4N(C)C)C2)[nH]n1,
49841,O=C(N[C@@H]1CC2(CN(C(=O)c3ccc(Cl)cn3)C2)n2ccnc21)c1cnsc1,"N-((6R)-spiro[1,4-diazabicyclo[3.3.0]octa-2,4-diene-8,3'-(1-(1-azacyclobutan-1-yl)-1-(5-chloropyridin-2-yl)methanone)]-6-yl)-1,2-thiazole-4-carboxamide",,O=C(N[C@@H]1CC2(CN(C(=O)c3ccc(Cl)cn3)C2)n2ccnc21)c1cnsc1,
49937,CCCC[C@@](C)(F)C(=O)NCCCN(C(=O)[C@H]1C[C@](C)(C(=O)OC)C1)C1CC1,"methyl (1R,3r)-3-((3-((2R)-2-fluoro-2-methylhexanamido)propyl)(cyclopropyl)carbamoyl)-1-methylcyclobutanecarboxylate",,CCCC[C@@](C)(F)C(=O)NCCCN(C(=O)C1CC(C)(C(=O)OC)C1)C1CC1,
50001,CC(=CC(=O)N[C@H]1C[C@@](F)(CNC(=O)[C@@H]2CCC(=O)C2)C1)c1cccc(Cl)c1,"3-(3-chlorophenyl)-N-((1R,3r)-3-fluoro-3-(((1R)-3-oxocyclopentanecarboxamido)methyl)cyclobutyl)but-2-enamide",,CC(=CC(=O)N[C@H]1C[C@@](F)(CNC(=O)C2CCC(=O)C2)C1)c1cccc(Cl)c1,
50102,C[C@H](NC(=O)[C@H]1C[C@H]2[C@@H](C1)C2(F)F)[C@@H]1CN(C(=O)c2ccc(=O)n(C)n2)CCO1,"(1R,3s,5S)-6,6-difluoro-N-((1S)-1-((2S)-4-((1-methyl-6-oxo-1H-pyridazin-3-yl)carbonyl)morpholin-2-yl)ethyl)bicyclo[3.1.0]hexane-3-carboxamide",,C[C@H](NC(=O)C1C[C@@H]2[C@H](C1)C2(F)F)[C@@H]1CN(C(=O)c2ccc(=O)n(C)n2)CCO1,
50186,Cc1c[nH]cc1C(=O)N1[C@H]2CC[C@@H]1C[C@H](NC(=O)[C@@H](N)CN)C2,"(2S)-2,3-diamino-N-((1R,3r,5S)-8-((4-methyl-1H-pyrrol-3-yl)carbonyl)-8-azabicyclo[3.2.1]octan-3-yl)propanamide",,Cc1c[nH]cc1C(=O)N1[C@@H]2CC[C@H]1C[C@@H](NC(=O)C(N)CN)C2,
50197,C[C@@H]1C[C@H](C(=O)N2CCC(=CCNC(=O)[C@H]3CCCc4nnn(C)c43)CC2)CO1,"(4S)-3-methyl-N-(2-(1-(((3S,5R)-5-methyloxolan-3-yl)carbonyl)piperidin-4-ylidene)ethyl)-4,5,6,7-tetrahydro-1H-benzotriazole-4-carboxamide",CN1NNC2=C1[C@H](CCC2)C(=O)NCC=C2CCN(CC2)C(=O)[C@@H]2CO[C@@H](C2)C,C[C@@H]1CC(C(=O)N2CCC(=CCNC(=O)C3CCCc4nnn(C)c43)CC2)CO1,C[C@@H]1CC(C(=O)N2CCC(=CCNC(=O)C3CCCC4=C3N(C)NN4)CC2)CO1
50204,CN1C[C@](C)(C(=O)N2C[C@H]3[C@H](CNC(=O)C(C4CC4)C4CC4)[C@H]3C2)CC1=O,"2,2-dicyclopropyl-N-(((1R,5S,6R)-3-(((3R)-1,3-dimethyl-5-oxopyrrolidin-3-yl)carbonyl)-3-azabicyclo[3.1.0]hexan-6-yl)methyl)acetamide",,CN1C[C@](C)(C(=O)N2C[C@@H]3[C@@H](CNC(=O)C(C4CC4)C4CC4)[C@@H]3C2)CC1=O,
50290,Cc1sccc1CC(=O)N[C@H]1C[C@@H]2CC[C@H](C1)N2C(=O)CCOCC(F)F,"N-((1R,3s,5S)-8-(3-((2,2-difluoroethyl)oxy)-propionyl)-8-azabicyclo[3.2.1]octan-3-yl)-2-(2-methylthiophen-3-yl)acetamide",,Cc1sccc1CC(=O)N[C@@H]1C[C@H]2CC[C@@H](C1)N2C(=O)CCOCC(F)F,
50294,CCCn1cc(C(=O)N2C[C@@H]3C[C@@]3(CNC(=O)[C@]34CC[C@H](CC3)C4(C)C)C2)nn1,"7,7-dimethyl-N-(((1R,5R)-3-((1-propyl-1H-1,2,3-triazol-4-yl)carbonyl)-3-azabicyclo[3.1.0]hexan-1-yl)methyl)bicyclo[2.2.1]heptane-1-carboxamide",CC1(C2(CCC1CC2)C(=O)NC[C@@]21CN(C[C@@H]1C2)C(=O)C=2N=NN(C2)CCC)C,CCCn1cc(C(=O)N2C[C@@H]3C[C@@]3(CNC(=O)[C@]34CC[C@H](CC3)C4(C)C)C2)nn1,CCCn1cc(C(=O)N2C[C@@H]3C[C@@]3(CNC(=O)C34CCC(CC3)C4(C)C)C2)nn1
50375,CC(C)OCCCC(=O)N[C@H]1C[C@@](F)(CNC(=O)c2ncccc2S(C)(=O)=O)C1,"N-((1r,3r)-3-fluoro-3-((3-(methylsulfonyl)pyridine-2-carboxamido)methyl)cyclobutyl)-4-isopropoxybutanamide",,CC(C)OCCCC(=O)N[C@H]1C[C@@](F)(CNC(=O)c2ncccc2S(C)(=O)=O)C1,
50445,CCC(=O)N[C@H](C)C(=O)N1CC[C@@]2(C1)c1[nH]cnc1CCN2C(=O)C1(F)CCC1,"N-((2R)-1-((3R)-1'-(1-fluorocyclobutyl)-1'-(((2R)-3,7,9-triaza)spiro[pyrrolidine-3,2'-bicyclo[4.3.0]nona-1(6),7-dien-3-yl)methanone]-1-yl)-1-oxopropan-2-yl)propanamide",,CCC(=O)NC(C)C(=O)N1CC[C@@]2(C1)c1[nH]cnc1CCN2C(=O)C1(F)CCC1,
50468,CC[C@@H]1CN(C(=O)[C@H]2[C@@H](C)[C@H]2C)CC[C@H]1NC(=O)c1nc(Cl)ccc1Cl,"3,6-dichloro-N-((3R,4R)-1-(((1s,2R,3S)-2,3-dimethylcyclopropyl)carbonyl)-3-ethylpiperidin-4-yl)pyridine-2-carboxamide",,CC[C@@H]1CN(C(=O)C2[C@@H](C)[C@H]2C)CC[C@H]1NC(=O)c1nc(Cl)ccc1Cl,
50517,C#CC[C@]1(O)C[C@@H](C(=O)NC[C@@]2(OC)CCN(C(=O)C3(C(C)(F)F)CC3)C2)C1,"(1s,3R)-N-(((3S)-1-((1-(1,1-difluoroethyl)cyclopropyl)carbonyl)-3-methoxypyrrolidin-3-yl)methyl)-3-hydroxy-3-(prop-2-yn-1-yl)cyclobutanecarboxamide",,C#CCC1(O)CC(C(=O)NC[C@@]2(OC)CCN(C(=O)C3(C(C)(F)F)CC3)C2)C1,
50614,CC(=O)N[C@H](C)C(=O)NC[C@H]1C[C@@](F)(CNC(=O)Cn2ncnn2)C1,"(2R)-2-acetamido-N-(((1r,3R)-3-fluoro-3-((2-(2H-tetrazol-2-yl)acetamido)methyl)cyclobutyl)methyl)propanamide",,CC(=O)NC(C)C(=O)NC[C@H]1C[C@@](F)(CNC(=O)Cn2ncnn2)C1,
50645,C[C@H]1[C@@H]2CN(S(=O)(=O)c3cccnc3NC[C@@H]3CCCOC3)C[C@H]12,"3-((1R,5S,6R)-6-methyl-3-azabicyclo[3.1.0]hexan-3-ylsulfonyl)-N-(((3S)-oxan-3-yl)methyl)pyridin-2-amine",,C[C@@H]1[C@H]2CN(S(=O)(=O)c3cccnc3NC[C@@H]3CCCOC3)C[C@@H]12,
50710,Cc1cc(C(=O)N[C@@H](C)CN(C)C(=O)C2=C3CCN=C3NC=C2)c(Cl)cc1F,"N-((2S)-2-(2-chloro-4-fluoro-5-methylbenzamido)propyl)-N-methyl-3,7-dihydro-1H-pyrrolo[2,3-b]pyridine-4-carboxamide",ClC1=C(C(=O)N[C@H](CN(C(=O)C=2C3=C(NCC2)NCC3)C)C)C=C(C(=C1)F)C,Cc1cc(C(=O)N[C@@H](C)CN(C)C(=O)c2ccnc3c2CCN3)c(Cl)cc1F,Cc1cc(C(=O)N[C@@H](C)CN(C)C(=O)C2=CCN=C3NCCC23)c(Cl)cc1F
50718,O=C(NC[C@@H]1CC2(CC2)CN1C(=O)Cc1cccc(O)c1)[C@@H]1[C@H]2CC(F)(F)C[C@H]21,"(1R,5S,6r)-3,3-difluoro-N-(((6S)-5-(2-(3-hydroxyphenyl)-acetyl)-5-azaspiro[2.4]heptan-6-yl)methyl)bicyclo[3.1.0]hexane-6-carboxamide",,O=C(NC[C@@H]1CC2(CC2)CN1C(=O)Cc1cccc(O)c1)C1[C@H]2CC(F)(F)C[C@@H]12,
50757,CC1(C)CN(C(=O)[C@@H]2[C@H]3CCC[C@H]32)CC[C@H]1NC(=O)C[C@@H]1CCCOC1,"N-((4R)-1-(((1R,5S,6r)-bicyclo[3.1.0]hexan-6-yl)carbonyl)-3,3-dimethylpiperidin-4-yl)-2-((3S)-oxan-3-yl)acetamide",,CC1(C)CN(C(=O)C2[C@H]3CCC[C@@H]23)CC[C@H]1NC(=O)C[C@@H]1CCCOC1,
50834,CN(C(=O)CC(C)(F)F)[C@H]1[C@@H]2CN(C(=O)Cc3ccon3)C[C@@H]21,"3,3-difluoro-N-methyl-N-((1R,5S,6s)-3-(2-(1,2-oxazol-3-yl)-acetyl)-3-azabicyclo[3.1.0]hexan-6-yl)butanamide",,CN(C(=O)CC(C)(F)F)[C@H]1[C@@H]2CN(C(=O)Cc3ccon3)C[C@@H]21,
51049,CCc1csc([C@@H]2CCCN(C(=O)C(=O)NC[C@@H]3[C@H]4CNC[C@H]43)C2)n1,"N-(((1R,5S,6r)-3-azabicyclo[3.1.0]hexan-6-yl)methyl)-2-((3R)-3-(4-ethyl-1,3-thiazol-2-yl)piperidin-1-yl)-2-oxoacetamide",,CCc1csc([C@@H]2CCCN(C(=O)C(=O)NC[C@H]3[C@@H]4CNC[C@@H]43)C2)n1,
51058,O=C(NCC1CC1)C(=O)N[C@H]1[C@@H]2CN(C(=O)c3cnc4cccnc4c3)C[C@@H]21,"N-(cyclopropylmethyl)-N'-((1R,5S,6s)-3-((1,5-naphthyridin-3-yl)carbonyl)-3-azabicyclo[3.1.0]hexan-6-yl)ethanediamide",,O=C(NCC1CC1)C(=O)N[C@H]1[C@@H]2CN(C(=O)c3cnc4cccnc4c3)C[C@@H]21,
51064,C=CCn1cc(C(=O)N2C[C@H]3[C@H](CN(C)C(=O)Cc4ccccc4C)[C@H]3C2)nn1,"N-methyl-2-(2-methylphenyl)-N-(((1R,5S,6r)-3-((1-(prop-2-en-1-yl)-1H-1,2,3-triazol-4-yl)carbonyl)-3-azabicyclo[3.1.0]hexan-6-yl)methyl)acetamide",,C=CCn1cc(C(=O)N2C[C@@H]3[C@@H](CN(C)C(=O)Cc4ccccc4C)[C@@H]3C2)nn1,
51068,CSCCOCC(=O)N1C[C@H]2[C@H](NC(=O)C3CCC=CCC3)[C@H]2C1,"N-((1R,5S,6s)-3-(2-((2-(methylsulfanyl)ethyl)oxy)-acetyl)-3-azabicyclo[3.1.0]hexan-6-yl)cyclohept-4-ene-1-carboxamide",,CSCCOCC(=O)N1C[C@@H]2[C@H](C1)[C@H]2NC(=O)C1CCC=CCC1,
51069,CC(=O)OCC(C)(C)CC(=O)NC[C@H]1[C@@H]2CN(C(=O)[C@@]3(C)CC=C(C)CC3)C[C@H]12,"4-((((1R,5S,6R)-3-(((1R)-1,4-dimethylcyclohex-3-en-1-yl)carbonyl)-3-azabicyclo[3.1.0]hexan-6-yl)methyl)amino)-2,2-dimethyl-4-oxobutyl acetate",,CC(=O)OCC(C)(C)CC(=O)NC[C@@H]1[C@H]2CN(C(=O)[C@@]3(C)CC=C(C)CC3)C[C@@H]12,
51243,CCCC#CC(C)(C)NC(=O)c1ccn(CCNC(=O)[C@]23CCC[C@H]2CCC3)c1,N-(2-methylhept-3-yn-2-yl)-1-(2-(octahydropentalene-3a-carboxamido)ethyl)-1H-pyrrole-3-carboxamide,CC(C)(C#CCCC)NC(=O)C1=CN(C=C1)CCNC(=O)C12CCCC2CCC1,CCCC#CC(C)(C)NC(=O)c1ccn(CCNC(=O)[C@]23CCC[C@H]2CCC3)c1,CCCC#CC(C)(C)NC(=O)c1ccn(CCNC(=O)C23CCCC2CCC3)c1
51449,C[C@H]1CC[C@H]1CC(=O)NC[C@H]1[C@@H]2CN(C(=O)[C@H]3Cc4ccccc4O3)C[C@H]12,"N-(((1R,5S,6R)-3-(((2R)-2,3-dihydro-1-benzofuran-2-yl)carbonyl)-3-azabicyclo[3.1.0]hexan-6-yl)methyl)-2-((1S,2S)-2-methylcyclobutyl)acetamide",,C[C@H]1CC[C@H]1CC(=O)NC[C@@H]1[C@H]2CN(C(=O)C3Cc4ccccc4O3)C[C@@H]12,
51472,O=C(NCC[C@H]1CCCN(C(=O)C(F)=CC2CC2)C1)[C@H]1C[C@@H]2C[C@@H]2C1,"(1R,3s,5S)-N-(2-((3R)-1-(3-cyclopropyl-2-fluoro-1-oxoprop-2-en-1-yl)piperidin-3-yl)ethyl)bicyclo[3.1.0]hexane-3-carboxamide",,O=C(NCC[C@H]1CCCN(C(=O)C(F)=CC2CC2)C1)C1C[C@@H]2C[C@@H]2C1,
51475,Cn1ccnc1[C@]1(O)C[C@@H](NC[C@@H]2[C@H](C(=O)OC(C)(C)C)C2(C)C)C1,"tert-butyl (1S,2R)-2-((((1s,3S)-3-hydroxy-3-(1-methyl-1H-imidazol-2-yl)cyclobutyl)amino)methyl)-3,3-dimethylcyclopropanecarboxylate",,Cn1ccnc1[C@]1(O)C[C@@H](NC[C@@H]2C(C(=O)OC(C)(C)C)C2(C)C)C1,
51505,C[C@H](CCO)CCNC(=O)[C@@H]1[C@H]2CN(C(=O)C#CC3CCC3)C[C@H]21,"(1R,5S,6r)-3-(3-cyclobutyl-1-oxoprop-2-yn-1-yl)-N-((3S)-5-hydroxy-3-methylpentyl)-3-azabicyclo[3.1.0]hexane-6-carboxamide",,C[C@H](CCO)CCNC(=O)C1[C@H]2CN(C(=O)C#CC3CCC3)C[C@@H]12,
51521,CC(C)[C@H](C(=O)N1C[C@H]2[C@H](N(C)C(=O)Cc3ccoc3)[C@H]2C1)c1ccccc1,"2-(furan-3-yl)-N-methyl-N-((1R,5S,6R)-3-((2S)-3-methyl-1-oxo-2-phenylbutyl)-3-azabicyclo[3.1.0]hexan-6-yl)acetamide",,CC(C)C(C(=O)N1C[C@@H]2[C@H](C1)[C@H]2N(C)C(=O)Cc1ccoc1)c1ccccc1,
51648,O=C1Nc2ccccc2[C@@]12CCN(C[C@H](O)COCc1cccs1)C2,"(3R)-spiro[indoline-3,3'-((2S)-1-((3R)-1-azacyclopentan-1-yl)-3-(((thiophen-2-yl)methyl)oxy)propane)]-2'-ol-2-one",,O=C1Nc2ccccc2[C@@]12CCN(C[C@H](O)COCc1cccs1)C2,
51685,Cc1occc1C(=O)N1C[C@H]2[C@@H](C1)[C@@H]2C(=O)NC[C@]1(O)CCCN(C)C1=O,"(1R,5S,6r)-N-(((3R)-3-hydroxy-1-methyl-2-oxopiperidin-3-yl)methyl)-3-((2-methylfuran-3-yl)carbonyl)-3-azabicyclo[3.1.0]hexane-6-carboxamide",,Cc1occc1C(=O)N1C[C@@H]2C(C(=O)NC[C@]3(O)CCCN(C)C3=O)[C@@H]2C1,
51707,CC1(C(=O)N2C[C@H](C(=O)N[C@H]3C[C@H]4COC[C@H](C4)C3)C3(CC3)C2)CCC1,"(7R)-5-((1-methylcyclobutyl)carbonyl)-N-((1R,5S,7s)-3-oxabicyclo[3.3.1]nonan-7-yl)-5-azaspiro[2.4]heptane-7-carboxamide",,CC1(C(=O)N2CC(C(=O)N[C@@H]3C[C@@H]4COC[C@@H](C4)C3)C3(CC3)C2)CCC1,
51755,Cc1cc([C@@H](C)C(=O)N(C)C2CN(C(=O)[C@@H]3[C@H]4CCCCC[C@H]43)C2)c(C)o1,"(2R)-N-(1-(((1R,7S,8r)-bicyclo[5.1.0]octan-8-yl)carbonyl)azetidin-3-yl)-2-(2,5-dimethylfuran-3-yl)-N-methylpropanamide",,Cc1cc(C(C)C(=O)N(C)C2CN(C(=O)C3[C@H]4CCCCC[C@@H]34)C2)c(C)o1,
51763,COC(=O)[C@@]12CCC[C@@]1(C(=O)N1C[C@H]3[C@H](CN(C)C(=O)CCNC(N)=O)[C@H]3C1)C2,"methyl (1R,5R)-5-(((1R,5S,6R)-6-((N-methyl-3-(carbamoylamino)propanamido)methyl)-3-azabicyclo[3.1.0]hexan-3-yl)carbonyl)bicyclo[3.1.0]hexane-1-carboxylate",,COC(=O)[C@@]12CCC[C@@]1(C(=O)N1C[C@@H]3[C@@H](CN(C)C(=O)CCNC(N)=O)[C@@H]3C1)C2,
51781,CC(C)[C@@H](C(=O)N1C[C@@]2(C(=O)N3C[C@H]4C[C@H](F)C[C@H]4C3)C[C@H]1CCO2)C1CCC1,"(2R)-2-cyclobutyl-1-((1R,5R)-1-(((1R,5S,7S)-7-fluoro-3-azabicyclo[3.3.0]octan-3-yl)carbonyl)-2-oxa-6-azabicyclo[3.2.1]octan-6-yl)-3-methylbutan-1-one",,CC(C)C(C(=O)N1C[C@@]2(C(=O)N3C[C@H]4C[C@H](F)C[C@H]4C3)C[C@H]1CCO2)C1CCC1,
51790,CCc1cc(C(=O)N[C@H]2C[C@](F)(CNC(=O)Cn3cccn3)C2)c(C)nn1,"6-ethyl-N-((1s,3s)-3-fluoro-3-((2-(1H-pyrazol-1-yl)acetamido)methyl)cyclobutyl)-3-methylpyridazine-4-carboxamide",,CCc1cc(C(=O)N[C@H]2C[C@](F)(CNC(=O)Cn3cccn3)C2)c(C)nn1,
51802,O=C1C[C@H]2[C@@H](C1)[C@@H]2C(=O)N[C@H]1C[C@@H](CCC(=O)NC[C@@H](F)CO)C1,"(1R,5S,6r)-N-(cis-3-(3-(((2R)-2-fluoro-3-hydroxypropyl)amino)-3-oxopropyl)cyclobutyl)-3-oxobicyclo[3.1.0]hexane-6-carboxamide",,O=C1C[C@@H]2C(C(=O)N[C@H]3C[C@@H](CCC(=O)NC[C@@H](F)CO)C3)[C@@H]2C1,
51825,N#Cc1c[nH]c(C(=O)N[C@H]2C[C@@H]3CC[C@H](C2)N3C(=O)c2cnns2)c1,"4-cyano-N-((1R,3s,5S)-8-((1,2,3-thiadiazol-5-yl)carbonyl)-8-azabicyclo[3.2.1]octan-3-yl)-1H-pyrrole-2-carboxamide",,N#Cc1c[nH]c(C(=O)N[C@@H]2C[C@H]3CC[C@@H](C2)N3C(=O)c2cnns2)c1,
51904,Cc1cc(NC2C[C@H]3C[C@@H]3C2)ncc1S(=O)(=O)NC[C@@H]1C[C@@H]2CC[C@H](C1)C2(F)F,"N-((1R,5R)-bicyclo[3.1.0]hexan-3-yl)-5-((((1R,3r,5S)-8,8-difluorobicyclo[3.2.1]octan-3-yl)methyl)sulfamoyl)-4-methylpyridin-2-amine",,Cc1cc(NC2C[C@H]3C[C@@H]3C2)ncc1S(=O)(=O)NC[C@H]1C[C@H]2CC[C@@H](C1)C2(F)F,
51941,C[C@@H]1CCC[C@@H]1C(=O)N[C@@H]1[C@H]2C[C@H](NC(=O)c3nccnc3C(N)=O)C[C@H]21,"N-((1R,3R,5S,6r)-6-((1S,2R)-2-methylcyclopentanecarboxamido)bicyclo[3.1.0]hexan-3-yl)pyrazine-2,3-dicarboxamide",,C[C@@H]1CCCC1C(=O)N[C@H]1[C@@H]2C[C@@H](NC(=O)c3nccnc3C(N)=O)C[C@@H]21,
52053,CCCCCC(=O)N1CCC2(CCC[C@@H]2CNC(=O)[C@H]2[C@@H](C)[C@H]2C)CC1,"(1s,2R,3S)-N-(((1S)-8-(hexanoyl)-8-azaspiro[4.5]decan-1-yl)methyl)-2,3-dimethylcyclopropanecarboxamide",,CCCCCC(=O)N1CCC2(CCC[C@@H]2CNC(=O)C2[C@@H](C)[C@H]2C)CC1,
52148,Cc1ccn(C[C@@H](C)C(=O)N2C[C@H]3[C@H](NC(=O)Cc4cc(C)[nH]n4)[C@H]3C2)n1,"2-(5-methyl-1H-pyrazol-3-yl)-N-((1R,5S,6S)-3-((2R)-2-methyl-3-(3-methyl-1H-pyrazol-1-yl)-propionyl)-3-azabicyclo[3.1.0]hexan-6-yl)acetamide",,Cc1cc(CC(=O)N[C@H]2[C@@H]3CN(C(=O)C(C)Cn4ccc(C)n4)C[C@@H]32)[nH]n1,
52165,CON=CC(=O)NC[C@]1(F)C[C@@H](NC(=O)[C@@H](O)CC(C)C)C1,"(2S)-N-((1s,3R)-3-fluoro-3-((2-(methoxyimino)acetamido)methyl)cyclobutyl)-2-hydroxy-4-methylpentanamide",,CON=CC(=O)NC[C@]1(F)C[C@@H](NC(=O)C(O)CC(C)C)C1,
52183,O=C(N[C@H]1[C@@H]2CN(C(=O)[C@@H](F)C3CCC3)C[C@@H]21)c1ccc(-c2cnccn2)cn1,"N-((1R,5S,6R)-3-((2S)-2-cyclobutyl-2-fluoro-acetyl)-3-azabicyclo[3.1.0]hexan-6-yl)-5-(pyrazin-2-yl)pyridine-2-carboxamide",,O=C(N[C@H]1[C@@H]2CN(C(=O)C(F)C3CCC3)C[C@@H]21)c1ccc(-c2cnccn2)cn1,
52199,C[C@@H]1CCC=C1C(=O)N1C[C@H]2[C@H](CN(C)C(=O)c3cn4ccsc4n3)[C@H]2C1,"N-methyl-N-(((1R,5S,6R)-3-(((5R)-5-methylcyclopent-1-en-1-yl)carbonyl)-3-azabicyclo[3.1.0]hexan-6-yl)methyl)-2-thia-5,8-diazabicyclo[3.3.0]octa-1(8),3,6-triene-7-carboxamide",,C[C@@H]1CCC=C1C(=O)N1C[C@@H]2[C@@H](CN(C)C(=O)c3cn4ccsc4n3)[C@@H]2C1,
52294,COc1ccc(C(=O)NC[C@]2(F)C[C@@H](NC(=O)c3n[nH]c4c3C[C@H](C)CC4)C2)s1,"(5R)-N-((1s,3S)-3-fluoro-3-((5-methoxythiophene-2-carboxamido)methyl)cyclobutyl)-5-methyl-4,5,6,7-tetrahydro-1H-indazole-3-carboxamide",,COc1ccc(C(=O)NC[C@]2(F)C[C@@H](NC(=O)c3[nH]nc4c3C[C@H](C)CC4)C2)s1,
52334,CO[C@]1(C(=O)N[C@H]2C[C@H]3C[C@@H](NC(=O)C(=O)N(C)C)C[C@H]3C2)CCCOC1,"(3R)-N-((2s,3aR,5R,6aS)-5-(1-(dimethylcarbamoyl)formamido)octahydropentalen-2-yl)-3-methoxyoxane-3-carboxamide",,CO[C@]1(C(=O)N[C@H]2C[C@H]3C[C@@H](NC(=O)C(=O)N(C)C)C[C@H]3C2)CCCOC1,
52539,C#CCC1(C(=O)O[C@H]2C[C@@H](OC)C2)CCCN(C(=O)OC(C)(C)C)C1,"1-tert-butyl 3-cis-3-methoxycyclobutyl 3-(prop-2-yn-1-yl)piperidine-1,3-dicarboxylate",,C#CCC1(C(=O)O[C@H]2C[C@@H](OC)C2)CCCN(C(=O)OC(C)(C)C)C1,
52599,CC(C)C[C@H](CNC(=O)[C@@H]1CC[C@H]2C[C@H]2CC1)NC(=O)CN(C)C1CCC1,"(1R,4r,7S)-N-((2R)-2-(2-((cyclobutyl)(methyl)amino)acetamido)-4-methylpentyl)bicyclo[5.1.0]octane-4-carboxamide",,CC(C)C[C@H](CNC(=O)C1CC[C@@H]2C[C@@H]2CC1)NC(=O)CN(C)C1CCC1,
52624,CCCCCOCC(=O)NC[C@H]1C[C@@H]2CC[C@H](C1)N2C(=O)[C@H]1CCS1(=O)=O,"N-(((1R,3S,5S)-8-(((2R)-1,1-dioxothietan-2-yl)carbonyl)-8-azabicyclo[3.2.1]octan-3-yl)methyl)-2-(pentyloxy)acetamide",,CCCCCOCC(=O)NC[C@@H]1C[C@H]2CC[C@@H](C1)N2C(=O)C1CCS1(=O)=O,
52648,N#Cc1cc(F)c(C(=O)N2C[C@@H]3[C@H](C2)[C@@H]3NC(=O)c2cnc(O)nc2O)c(Cl)c1,"N-((1R,5S,6r)-3-((2-chloro-6-fluoro-4-(nitrilomethyl)phenyl)carbonyl)-3-azabicyclo[3.1.0]hexan-6-yl)-2,4-dihydroxypyrimidine-5-carboxamide",,N#Cc1cc(F)c(C(=O)N2C[C@@H]3[C@H](C2)[C@@H]3NC(=O)c2c[nH]c(=O)[nH]c2=O)c(Cl)c1,
52650,Cn1ccnc1CC(=O)NC[C@]1(F)C[C@@H](CNC(=O)[C@]2(O)CCCC(C)(C)C2)C1,"N-(((1R,3s)-1-fluoro-3-(((1S)-1-hydroxy-3,3-dimethylcyclohexanecarboxamido)methyl)cyclobutyl)methyl)-2-(1-methyl-1H-imidazol-2-yl)acetamide",,Cn1ccnc1CC(=O)NC[C@]1(F)C[C@@H](CNC(=O)[C@]2(O)CCCC(C)(C)C2)C1,
52842,C#CC[C@]1(C(=O)N2[C@H]3CC[C@@H]2C[C@H](CNC(=O)[C@@H](CC)CC(C)C)C3)CCCO1,"(2S)-2-ethyl-4-methyl-N-(((1R,3S,5S)-8-(((2S)-2-(prop-2-yn-1-yl)oxolan-2-yl)carbonyl)-8-azabicyclo[3.2.1]octan-3-yl)methyl)pentanamide",,C#CC[C@]1(C(=O)N2[C@@H]3CC[C@H]2C[C@@H](CNC(=O)C(CC)CC(C)C)C3)CCCO1,
52867,CC1(C)[C@H]2CC[C@@H](C2)[C@H]1C(=O)N1C[C@H]2[C@H](CNC(=O)c3coc(C(N)=O)c3)[C@H]2C1,"N'-(((1R,5S,6R)-3-(((1S,2R,4S)-3,3-dimethylbicyclo[2.2.1]heptan-2-yl)carbonyl)-3-azabicyclo[3.1.0]hexan-6-yl)methyl)furan-2,4-dicarboxamide",,CC1(C)C(C(=O)N2C[C@@H]3[C@@H](CNC(=O)c4coc(C(N)=O)c4)[C@@H]3C2)[C@H]2CC[C@H]1C2,
52931,C=C[C@@H](C)CC(=O)N[C@H]1CC[C@@]2(CC1)CN(C(=O)CCCCC[C@@H](C)O)CCO2,(3S)-N-(4-((7R)-7-hydroxy-1-oxooctyl)-1-oxa-4-azaspiro[5.5]undecan-9-yl)-3-methylpent-4-enamide,O[C@@H](CCCCCC(=O)N1CCOC2(C1)CCC(CC2)NC(C[C@@H](C=C)C)=O)C,C=C[C@@H](C)CC(=O)N[C@H]1CC[C@@]2(CC1)CN(C(=O)CCCCC[C@@H](C)O)CCO2,C=C[C@@H](C)CC(=O)NC1CCC2(CC1)CN(C(=O)CCCCC[C@@H](C)O)CCO2
52932,C=CC(=O)N1CCC2(CC1)OC1(C)CC2(NC(=O)CSSC)C1,"N-(1-methylspiro[2-oxabicyclo[2.1.1]hexane-3,4'-(1-(1-azacyclohexan-1-yl)prop-2-ene)]-4-yl-1'-one)-2-(methylsulfanylsulfanyl)acetamide",,C=CC(=O)N1CCC2(CC1)OC1(C)CC2(NC(=O)CSSC)C1,
52949,Cc1cc(C)cc(C(=O)N(NS(=O)(=O)N(C)C2CCCCCC2)C(C)(C)C)c1,"N-(tert-butyl)-N-((cycloheptyl)(methyl)sulfamoylamino)-3,5-dimethylbenzamide",C(C)(C)(C)N(C(C1=CC(=CC(=C1)C)C)=O)N(S(NC)(=O)=O)C1CCCCCC1,Cc1cc(C)cc(C(=O)N(NS(=O)(=O)N(C)C2CCCCCC2)C(C)(C)C)c1,CNS(=O)(=O)N(C1CCCCCC1)N(C(=O)c1cc(C)cc(C)c1)C(C)(C)C
52963,CCOCCC(=O)N1C[C@H]2[C@H](CNC(=O)c3cc(O)cc(F)c3F)[C@H]2C1,"N-(((1R,5S,6r)-3-(3-ethoxy-propionyl)-3-azabicyclo[3.1.0]hexan-6-yl)methyl)-2,3-difluoro-5-hydroxybenzamide",,CCOCCC(=O)N1C[C@@H]2[C@@H](CNC(=O)c3cc(O)cc(F)c3F)[C@@H]2C1,
52965,C[C@H]1C[C@H](S(=O)(=O)N(C)[C@@H]2CNC(=O)C23CC3)C[C@@H](C)O1,"(7S)-7-(((2R,4s,6S)-2,6-dimethyloxan-4-ylsulfonyl)(methyl)amino)-5-azaspiro[2.4]heptan-4-one",,C[C@@H]1C[C@@H](S(=O)(=O)N(C)[C@@H]2CNC(=O)C23CC3)C[C@H](C)O1,
52993,COCC[C@H]1CN(C(=O)[C@H]2C[C@@H]3CC[C@@H]3C2)CCN1C(=O)c1cc(OC)ccn1,"1-((2S)-4-(((1R,3s,5S)-bicyclo[3.2.0]heptan-3-yl)carbonyl)-2-(2-methoxyethyl)piperazin-1-yl)-1-(4-methoxypyridin-2-yl)methanone",,COCC[C@H]1CN(C(=O)C2C[C@H]3CC[C@H]3C2)CCN1C(=O)c1cc(OC)ccn1,
53118,CCN1CCC[C@@H]2[C@H]1CCCN2C(=O)NC[C@H]1C[C@@H]2C[C@@H]2C1,"1-((((1R,3s,5S)-bicyclo[3.1.0]hexan-3-yl)methyl)amino)-1-((4aR,8aR)-5-ethyldecahydro-1,5-naphthyridin-1-yl)methanone",,CCN1CCC[C@@H]2[C@H]1CCCN2C(=O)NC[C@H]1C[C@@H]2C[C@@H]2C1,
53170,CO[C@H]1C[C@@H](C(=O)NCc2csc(CNC(=O)[C@@H](C)CC(C)(C)C)n2)C[C@H]1OC,"(1r,3R,4S)-3,4-dimethoxy-N-((2-(((2S)-2,4,4-trimethylpentanamido)methyl)-1,3-thiazol-4-yl)methyl)cyclopentanecarboxamide",,CO[C@H]1CC(C(=O)NCc2csc(CNC(=O)C(C)CC(C)(C)C)n2)C[C@H]1OC,
53177,Cc1conc1C(=O)N[C@@H]1C[C@H]2[C@@H](C1)[C@@H]2NC(=O)c1c(C)nn(C)c1Cl,"N-((1R,3r,5S,6r)-6-(5-chloro-1,3-dimethyl-1H-pyrazole-4-carboxamido)bicyclo[3.1.0]hexan-3-yl)-4-methyl-1,2-oxazole-3-carboxamide",,Cc1conc1C(=O)N[C@H]1C[C@@H]2[C@H](C1)[C@H]2NC(=O)c1c(C)nn(C)c1Cl,
53192,C[C@@H]1CN(C(=O)[C@]2(C)C[C@@H](C#N)C2)C[C@@H]1NC(=O)[C@H](F)CC1CCC1,"(2R)-3-cyclobutyl-2-fluoro-N-((3R,4R)-4-methyl-1-(((1r,3R)-1-methyl-3-(nitrilomethyl)cyclobutyl)carbonyl)pyrrolidin-3-yl)propanamide",,C[C@@H]1CN(C(=O)[C@]2(C)C[C@@H](C#N)C2)C[C@@H]1NC(=O)C(F)CC1CCC1,
53196,C=Cc1cc(F)cc(C(=O)N2C[C@H]3[C@H](NC(=O)[C@H](C(C)C)n4cnnc4)[C@H]3C2)c1,"(2S)-N-((1R,5S,6s)-3-((3-ethenyl-5-fluorophenyl)carbonyl)-3-azabicyclo[3.1.0]hexan-6-yl)-3-methyl-2-(4H-1,2,4-triazol-4-yl)butanamide",,C=Cc1cc(F)cc(C(=O)N2C[C@@H]3[C@H](C2)[C@H]3NC(=O)C(C(C)C)n2cnnc2)c1,
53287,O=C(NC[C@]1(F)C[C@H](NC(=O)[C@@H]2C[C@@H]2Cl)C1)c1sccc1-n1cccc1,"N-(((1S,3r)-3-((1S,2S)-2-chlorocyclopropanecarboxamido)-1-fluorocyclobutyl)methyl)-3-(1H-pyrrol-1-yl)thiophene-2-carboxamide",,O=C(NC[C@]1(F)C[C@H](NC(=O)C2C[C@@H]2Cl)C1)c1sccc1-n1cccc1,
53290,Nc1ccnc(C(=O)N2CC[C@]3(CCCN3C(=O)C[C@@H]3C[C@H]4C[C@H]4C3)C2)c1,"1-((5R)-7-((4-aminopyridin-2-yl)carbonyl)-1,7-diazaspiro[4.4]nonan-1-yl)-2-((1R,3s,5S)-bicyclo[3.1.0]hexan-3-yl)ethan-1-one",,Nc1ccnc(C(=O)N2CC[C@]3(CCCN3C(=O)C[C@H]3C[C@@H]4C[C@@H]4C3)C2)c1,
53325,C[C@H](CC1CN(C(=O)C2CSC2)C1)NC(=O)[C@@H]1CC[C@H]2[C@@H](CC1)C2(F)F,"(1R,4r,7S)-8,8-difluoro-N-((2R)-1-(1-((thietan-3-yl)carbonyl)azetidin-3-yl)propan-2-yl)bicyclo[5.1.0]octane-4-carboxamide",,C[C@H](CC1CN(C(=O)C2CSC2)C1)NC(=O)C1CC[C@@H]2[C@H](CC1)C2(F)F,
53331,C=CC1CN(C(=O)COC2(C)CN(C(=O)[C@@H]3[C@H]4CN(C)C[C@H]43)C2)C1,"1-(3-ethenylazetidin-1-yl)-2-((3-methyl-1-(((1R,5S,6r)-3-methyl-3-azabicyclo[3.1.0]hexan-6-yl)carbonyl)azetidin-3-yl)oxy)ethan-1-one",,C=CC1CN(C(=O)COC2(C)CN(C(=O)C3[C@H]4CN(C)C[C@@H]34)C2)C1,
53424,C[C@@H](CC(=O)N1CCCC2(CCN(C(=O)[C@H]3C[C@@H]4C[C@@H]4C3)CC2)C1)CC(C)(C)C,"(3R)-1-(9-(((1R,3s,5S)-bicyclo[3.1.0]hexan-3-yl)carbonyl)-2,9-diazaspiro[5.5]undecan-2-yl)-3,5,5-trimethylhexan-1-one",,C[C@@H](CC(=O)N1CCCC2(CCN(C(=O)C3C[C@@H]4C[C@@H]4C3)CC2)C1)CC(C)(C)C,
53459,C[C@]1(C(=O)N[C@H]2[C@@H]3CN(C(=O)C#CC4CC4)C[C@@H]32)CC=CCO1,"(2R)-N-((1R,5S,6s)-3-(3-cyclopropyl-1-oxoprop-2-yn-1-yl)-3-azabicyclo[3.1.0]hexan-6-yl)-2-methyl-3,6-dihydro-2H-pyran-2-carboxamide",,C[C@]1(C(=O)N[C@H]2[C@@H]3CN(C(=O)C#CC4CC4)C[C@@H]32)CC=CCO1,
53494,C=CCC(CC=C)C(=O)N1C[C@H]2[C@H](CNc3ncc(C(=O)OC)cc3Cl)[C@H]2C1,"methyl 5-chloro-6-((((1R,5S,6r)-3-(1-oxo-2-(prop-2-en-1-yl)pent-4-en-1-yl)-3-azabicyclo[3.1.0]hexan-6-yl)methyl)amino)pyridine-3-carboxylate",,C=CCC(CC=C)C(=O)N1C[C@@H]2[C@@H](CNc3ncc(C(=O)OC)cc3Cl)[C@@H]2C1,
53498,CCO[C@H](C)C(=O)N[C@@]12CC[C@@H](C1)N(C(=O)[C@]1(c3ccccc3)C[C@@H](F)C1)C2,"(2R)-2-ethoxy-N-((1S,4S)-2-(((1r,3S)-3-fluoro-1-phenylcyclobutyl)carbonyl)-2-azabicyclo[2.2.1]heptan-4-yl)propanamide",,CCOC(C)C(=O)N[C@@]12CC[C@@H](C1)N(C(=O)[C@]1(c3ccccc3)C[C@@H](F)C1)C2,
53508,C[C@H]1N(C(=O)[C@@H]2[C@H]3CN(Cc4ccc(CC(=O)O)cc4)C[C@H]32)CCC1(C)C,"2-(4-(((1R,5S,6r)-6-(((2R)-2,3,3-trimethylpyrrolidin-1-yl)carbonyl)-3-azabicyclo[3.1.0]hexan-3-yl)methyl)phenyl)acetic acid",,C[C@H]1N(C(=O)C2[C@H]3CN(Cc4ccc(CC(=O)O)cc4)C[C@@H]23)CCC1(C)C,
53532,CC(C)(C)CC1CC(C(=O)N2C[C@H]3[C@H](CNC(=O)CCc4cnoc4)[C@H]3C2)C1,"N-(((1R,5S,6r)-3-((3-(2,2-dimethylpropyl)cyclobutyl)carbonyl)-3-azabicyclo[3.1.0]hexan-6-yl)methyl)-3-(1,2-oxazol-4-yl)propanamide",,CC(C)(C)CC1CC(C(=O)N2C[C@@H]3[C@@H](CNC(=O)CCc4cnoc4)[C@@H]3C2)C1,
53572,COCC(=O)NCCNC(=O)[C@@H](CC(F)F)N(C)C(=O)[C@@H]1[C@H]2CCC[C@H]21,"(2R)-4,4-difluoro-N-(2-(2-methoxyacetamido)ethyl)-2-(N-methyl(1R,5S,6r)-bicyclo[3.1.0]hexane-6-carboxamido)butanamide",,COCC(=O)NCCNC(=O)C(CC(F)F)N(C)C(=O)C1[C@H]2CCC[C@@H]12,
53613,CC(C)[C@@H](C(=O)N1C[C@H]2[C@H](CNC(=O)c3ccc(Br)cc3O)[C@H]2C1)N(C)C,"4-bromo-N-(((1R,5S,6S)-3-((2S)-2-(dimethylamino)-3-methyl-butyryl)-3-azabicyclo[3.1.0]hexan-6-yl)methyl)-2-hydroxybenzamide",,CC(C)C(C(=O)N1C[C@@H]2[C@@H](CNC(=O)c3ccc(Br)cc3O)[C@@H]2C1)N(C)C,
53639,CCSc1ccc(C(=O)NC[C@@H]2C[C@@H]3CC[C@H](C2)N3C(=O)CCN(C)CC)cn1,"N-(((1R,3r,5S)-8-(3-((ethyl)(methyl)amino)-propionyl)-8-azabicyclo[3.2.1]octan-3-yl)methyl)-6-(ethylsulfanyl)pyridine-3-carboxamide",,CCSc1ccc(C(=O)NC[C@H]2C[C@H]3CC[C@@H](C2)N3C(=O)CCN(C)CC)cn1,
53676,C[C@@H]1[C@H](C(=O)N2CC[C@@H](C3CC3)[C@@H]2Cn2cc(CC(C)(C)O)nn2)[C@@H]1C,"1-((2R,3S)-3-cyclopropyl-2-((4-(2-hydroxy-2-methylpropyl)-1H-1,2,3-triazol-1-yl)methyl)pyrrolidin-1-yl)-1-((1s,2R,3S)-2,3-dimethylcyclopropyl)methanone",,C[C@@H]1C(C(=O)N2CC[C@@H](C3CC3)[C@@H]2Cn2cc(CC(C)(C)O)nn2)[C@@H]1C,
53689,COC(=O)[C@@H]1[C@H]2CN(C(=O)[C@@H](NC(=O)[C@H]3COCCN3C)c3cnn(C)c3)C[C@H]21,"methyl (1R,5S,6S)-3-((2S)-2-(1-methyl-1H-pyrazol-4-yl)-2-((3R)-4-methylmorpholine-3-carboxamido)-acetyl)-3-azabicyclo[3.1.0]hexane-6-carboxylate",,COC(=O)C1[C@H]2CN(C(=O)C(NC(=O)C3COCCN3C)c3cnn(C)c3)C[C@@H]12,
53750,O=C1CN(CCc2ccsc2Br)C(=O)N1C[C@H]1C[C@@H]2CC[C@@H]2C1,"3-(((1R,3s,5S)-bicyclo[3.2.0]heptan-3-yl)methyl)-1-(2-(2-bromothiophen-3-yl)ethyl)imidazolidine-2,4-dione",,O=c1n(CCc2ccsc2Br)cc(O)n1C[C@@H]1C[C@H]2CC[C@H]2C1,
53754,NS(=O)(=O)N1CC(C(=O)N2C[C@H]3[C@H](CNC(=O)CSc4ccc(O)cc4)[C@H]3C2)C1,"2-((4-hydroxyphenyl)sulfanyl)-N-(((1R,5S,6r)-3-((1-(sulfamoyl)azetidin-3-yl)carbonyl)-3-azabicyclo[3.1.0]hexan-6-yl)methyl)acetamide",,NS(=O)(=O)N1CC(C(=O)N2C[C@@H]3[C@@H](CNC(=O)CSc4ccc(O)cc4)[C@@H]3C2)C1,
53767,Cc1cc(C(F)(F)F)c(C(=O)N[C@H]2C[C@](C)(NC(=O)CCCC#N)C2)c(O)n1,"N-((1r,3r)-3-(4-cyanobutanamido)-3-methylcyclobutyl)-2-hydroxy-6-methyl-4-(trifluoromethyl)pyridine-3-carboxamide",,Cc1cc(C(F)(F)F)c(C(=O)N[C@H]2C[C@](C)(NC(=O)CCCC#N)C2)c(=O)[nH]1,
53868,O=C(N[C@@H]1[C@@H]2CN(Cc3ccc(Br)cc3Br)C[C@@H]21)c1ccc2ncnn2c1,"N-((1R,5S,6r)-3-((2,4-dibromophenyl)methyl)-3-azabicyclo[3.1.0]hexan-6-yl)-1,7,9-triazabicyclo[4.3.0]nona-2,4,6,8-tetraene-3-carboxamide",,O=C(N[C@@H]1[C@@H]2CN(Cc3ccc(Br)cc3Br)C[C@@H]21)c1ccc2ncnn2c1,
53965,COc1ccc(-c2nc(-c3cccc(=O)n3C)n([C@@H]3[C@@H](C)CCC[C@H]3C)n2)cn1,"6-(1-((1r,2R,6S)-2,6-dimethylcyclohexyl)-3-(6-methoxypyridin-3-yl)-1H-1,2,4-triazol-5-yl)-1-methyl-1H-pyridin-2-one",,COc1ccc(-c2nc(-c3cccc(=O)n3C)n([C@H]3[C@H](C)CCC[C@@H]3C)n2)cn1,
54022,CSc1cn(C)nc1C(=O)N[C@H]1C[C@](C)(NC(=O)C=Cc2ccco2)C1,"N-((1r,3r)-3-(3-(furan-2-yl)prop-2-enamido)-3-methylcyclobutyl)-1-methyl-4-(methylsulfanyl)-1H-pyrazole-3-carboxamide",,CSc1cn(C)nc1C(=O)N[C@H]1C[C@](C)(NC(=O)C=Cc2ccco2)C1,
54077,Cc1cc(C(=O)N2C[C@@H]3C[C@H](NC(=O)C4(c5ccccc5)CC4)C[C@@H](C3)C2)sn1,"N-((1R,5S,7s)-3-((3-methyl-1,2-thiazol-5-yl)carbonyl)-3-azabicyclo[3.3.1]nonan-7-yl)-1-phenylcyclopropanecarboxamide",,Cc1cc(C(=O)N2C[C@@H]3C[C@@H](C[C@H](NC(=O)C4(c5ccccc5)CC4)C3)C2)sn1,
54084,CC(C)[C@@H](CC(=O)N1C[C@H]2[C@H](C)[C@H]2C1)NC(=O)C(C)(C)C1(O)CCC1,"2-(1-hydroxycyclobutyl)-2-methyl-N-((3R)-4-methyl-1-((1R,5S,6S)-6-methyl-3-azabicyclo[3.1.0]hexan-3-yl)-1-oxopentan-3-yl)propanamide",,CC(C)[C@@H](CC(=O)N1C[C@@H]2[C@@H](C)[C@@H]2C1)NC(=O)C(C)(C)C1(O)CCC1,
54142,C=CCCC(F)(F)C(=O)N1C[C@H]2[C@H](N(C)C(=O)c3cc(C)c(C)nc3O)[C@H]2C1,"N-((1R,5S,6s)-3-(2,2-difluoro-1-oxohex-5-en-1-yl)-3-azabicyclo[3.1.0]hexan-6-yl)-2-hydroxy-5,6,N-trimethylpyridine-3-carboxamide",,C=CCCC(F)(F)C(=O)N1C[C@@H]2[C@H](C1)[C@H]2N(C)C(=O)c1cc(C)c(C)[nH]c1=O,
54189,C#CCO[C@H](C)C(=O)N1[C@H]2CC[C@@H]1C[C@H](CNC(=O)/C=C/C1CCCCC1)C2,"(2E)-3-cyclohexyl-N-(((1R,3R,5S)-8-((2R)-1-oxo-2-((prop-2-yn-1-yl)oxy)propyl)-8-azabicyclo[3.2.1]octan-3-yl)methyl)prop-2-enamide",,C#CCOC(C)C(=O)N1[C@@H]2CC[C@H]1C[C@@H](CNC(=O)/C=C/C1CCCCC1)C2,
54202,CCC[C@@H](O)CN(C)C(=O)[C@@H]1C[C@@H]2CN(C(=O)C3(O)CCCCCC3)C[C@@H]2C1,"(1R,5S,7r)-3-((1-hydroxycycloheptyl)carbonyl)-N-((2R)-2-hydroxypentyl)-N-methyl-3-azabicyclo[3.3.0]octane-7-carboxamide",,CCC[C@@H](O)CN(C)C(=O)C1C[C@@H]2CN(C(=O)C3(O)CCCCCC3)C[C@@H]2C1,
54226,C[C@H](NS(C)(=O)=O)C(=O)N(CCNC(=O)[C@]1(C)C[C@@H]2C[C@@H]2C1)C1CC1,"(2S)-N-cyclopropyl-N-(2-((1R,3r,5S)-3-methylbicyclo[3.1.0]hexane-3-carboxamido)ethyl)-2-methylsulfonylaminopropanamide",,CC(NS(C)(=O)=O)C(=O)N(CCNC(=O)[C@@]1(C)C[C@H]2C[C@H]2C1)C1CC1,
54289,O=C(N[C@@H]1CCCCN(C(=O)[C@@H]2C[C@H]3CCC[C@H](C3)C2)C1)c1c[nH]cc(F)c1=O,"N-((3R)-1-(((1R,3r,5S)-bicyclo[3.3.1]nonan-3-yl)carbonyl)azepan-3-yl)-5-fluoro-4-oxo-1H-pyridine-3-carboxamide",,O=C(N[C@@H]1CCCCN(C(=O)C2C[C@H]3CCC[C@@H](C2)C3)C1)c1c[nH]cc(F)c1=O,
54308,CCC[C@H](C(=O)NC[C@]1(F)C[C@@H](NC(=O)c2sncc2C)C1)C(C)C,"(2S)-N-(((1s,3R)-1-fluoro-3-(4-methyl-1,2-thiazole-5-carboxamido)cyclobutyl)methyl)-2-(propan-2-yl)pentanamide",,CCCC(C(=O)NC[C@]1(F)C[C@@H](NC(=O)c2sncc2C)C1)C(C)C,
54355,CC[C@H](C)[C@H](C)C(=O)NC[C@]1(F)C[C@H](CNC(=O)C[C@H]2CCCSC2)C1,"(2S,3S)-N-(((1R,3S)-1-fluoro-3-((2-((3R)-thian-3-yl)acetamido)methyl)cyclobutyl)methyl)-2,3-dimethylpentanamide",,CC[C@H](C)C(C)C(=O)NC[C@]1(F)C[C@H](CNC(=O)C[C@H]2CCCSC2)C1,
54363,CSC1(C(=O)N[C@H]2C[C@@](C)(NC(=O)c3cnc(NC(C)=O)o3)C2)CC1,"2-acetamido-N-((1s,3s)-1-methyl-3-(1-(methylsulfanyl)cyclopropanecarboxamido)cyclobutyl)-1,3-oxazole-5-carboxamide",,CSC1(C(=O)N[C@H]2C[C@@](C)(NC(=O)c3cnc(NC(C)=O)o3)C2)CC1,
54383,COC(=O)CC(=O)N[C@H]1[C@@H]2CN(C(=O)C3([C@H]4CCCCO4)CCOCC3)C[C@@H]21,"methyl 2-(((1R,5S,6S)-3-((4-((2R)-oxan-2-yl)oxan-4-yl)carbonyl)-3-azabicyclo[3.1.0]hexan-6-yl)carbamoyl)acetate",,COC(=O)CC(=O)N[C@H]1[C@@H]2CN(C(=O)C3([C@H]4CCCCO4)CCOCC3)C[C@@H]21,
54462,C[C@@]1(C(=O)N2[C@H]3CC[C@@H]2C[C@@H](CN2CCOCC2)C3)CC(C2CCC2)=NO1,"1-((5S)-3-cyclobutyl-5-methyl-4,5-dihydro-1,2-oxazol-5-yl)-1-((1R,3R,5S)-3-((morpholin-4-yl)methyl)-8-azabicyclo[3.2.1]octan-8-yl)methanone",,C[C@@]1(C(=O)N2[C@@H]3CC[C@H]2C[C@H](CN2CCOCC2)C3)CC(C2CCC2)=NO1,
54484,NC(=O)C1(NC(=O)[C@@H]2C[C@H]3CCC[C@H](C3)C2)CCCCC1,"(1R,3r,5S)-N-(1-carbamoylcyclohexyl)bicyclo[3.3.1]nonane-3-carboxamide",,NC(=O)C1(NC(=O)C2C[C@H]3CCC[C@@H](C2)C3)CCCCC1,
54554,COc1ccc(CC(=O)NCC2(C3(O)CN(C(=O)[C@@H]4[C@@H](C)[C@H]4C)C3)CC2)c(Cl)c1,"2-(2-chloro-4-methoxyphenyl)-N-((1-(1-(((1r,2R,3S)-2,3-dimethylcyclopropyl)carbonyl)-3-hydroxyazetidin-3-yl)cyclopropyl)methyl)acetamide",,COc1ccc(CC(=O)NCC2(C3(O)CN(C(=O)C4[C@@H](C)[C@H]4C)C3)CC2)c(Cl)c1,
54585,CCN(C)[C@@]1(C)CCN(C(=O)[C@H](C)CNC(=O)[C@H]2C[C@H]3[C@@H](C2)C3(C)C)C1,"(1R,3s,5S)-N-((2R)-2-(((3S)-3-((ethyl)(methyl)amino)-3-methylpyrrolidin-1-yl)carbonyl)propyl)-6,6-dimethylbicyclo[3.1.0]hexane-3-carboxamide",,CCN(C)[C@@]1(C)CCN(C(=O)C(C)CNC(=O)C2C[C@@H]3[C@H](C2)C3(C)C)C1,
54605,CCc1nc[nH]c1C(=O)N1[C@H]2CC[C@@H]1C[C@@H](N(C)C(=O)[C@@H](CC)COC)C2,"(2S)-N-((1R,3s,5S)-8-((4-ethyl-1H-imidazol-5-yl)carbonyl)-8-azabicyclo[3.2.1]octan-3-yl)-2-(methoxymethyl)-N-methylbutanamide",,CCc1[nH]cnc1C(=O)N1[C@@H]2CC[C@H]1C[C@H](N(C)C(=O)C(CC)COC)C2,
54702,O=C(C[C@H]1C[C@H](NCc2ccc3ccccc3c2Br)C1)N1C[C@@H]2[C@@H](CO)[C@@H]2C1,"1-((1R,5S,6r)-6-(hydroxymethyl)-3-azabicyclo[3.1.0]hexan-3-yl)-2-(trans-3-(((1-bromonaphthalen-2-yl)methyl)amino)cyclobutyl)ethan-1-one",,O=C(C[C@H]1C[C@H](NCc2ccc3ccccc3c2Br)C1)N1C[C@@H]2[C@@H](CO)[C@@H]2C1,
54721,CC1(C)C=C(C(=O)N[C@H]2C[C@@](C)(NC(=O)c3cn([C@H]4CCOC4)cn3)C2)C1,"N-((1s,3R)-3-(3,3-dimethylcyclobut-1-ene-1-carboxamido)-1-methylcyclobutyl)-1-((3S)-oxolan-3-yl)-1H-imidazole-4-carboxamide",,CC1(C)C=C(C(=O)N[C@H]2C[C@@](C)(NC(=O)c3cn([C@H]4CCOC4)cn3)C2)C1,
54751,CN1CCCC[C@H]1CCC(=O)N1CCN(C(=O)[C@H]2C[C@](C)(F)C2)[C@H](C2CC2)C1,"1-((3R)-3-cyclopropyl-4-(((1r,3R)-3-fluoro-3-methylcyclobutyl)carbonyl)piperazin-1-yl)-3-((2S)-1-methylpiperidin-2-yl)propan-1-one",,CN1CCCC[C@H]1CCC(=O)N1CCN(C(=O)C2CC(C)(F)C2)[C@H](C2CC2)C1,
54757,C[C@@H](C(=O)N1C[C@H]2[C@H](CNC(=O)C=Cc3cncc(F)c3)[C@H]2C1)N(C)C,"N-(((1R,5S,6S)-3-((2S)-2-(dimethylamino)-propionyl)-3-azabicyclo[3.1.0]hexan-6-yl)methyl)-3-(5-fluoropyridin-3-yl)prop-2-enamide",,CC(C(=O)N1C[C@@H]2[C@@H](CNC(=O)C=Cc3cncc(F)c3)[C@@H]2C1)N(C)C,
54811,CO[C@]1(C(=O)N[C@H]2[C@@H]3CN(C(=O)[C@]45CC[C@@H](N=[N+]=[N-])[C@H]4C5)C[C@@H]32)CCSC1,"(3S)-N-((1R,5S,6R)-3-(((1S,4R,5S)-4-azidobicyclo[3.1.0]hexan-1-yl)carbonyl)-3-azabicyclo[3.1.0]hexan-6-yl)-3-methoxythiolane-3-carboxamide",,CO[C@]1(C(=O)N[C@H]2[C@@H]3CN(C(=O)[C@]45CC[C@@H](N=[N+]=[N-])[C@H]4C5)C[C@@H]32)CCSC1,
54817,O=C(NC1CCC1)[C@@H]1CC2(CCN1C(=O)[C@H]1C[C@H]3[C@@H](C1)C3(F)F)CC2,"(5S)-N-cyclobutyl-6-(((1R,3s,5S)-6,6-difluorobicyclo[3.1.0]hexan-3-yl)carbonyl)-6-azaspiro[2.5]octane-5-carboxamide",,O=C(NC1CCC1)C1CC2(CCN1C(=O)C1C[C@@H]3[C@H](C1)C3(F)F)CC2,
54822,Cc1nc2ccc(C(=O)N[C@]3(C)C[C@H](NC(=O)C4=C[C@H]5CCC[C@@H]45)C3)cc2o1,"N-((1S,3s)-3-((1R,5R)-bicyclo[3.2.0]hept-6-ene-6-carboxamido)-1-methylcyclobutyl)-2-methyl-1,3-benzoxazole-6-carboxamide",,Cc1nc2ccc(C(=O)N[C@]3(C)C[C@H](NC(=O)C4=C[C@H]5CCC[C@@H]45)C3)cc2o1,
54831,CO[C@@H](CC(=O)N1C[C@H]2[C@H](NC(=O)Cc3cnn(C(F)F)c3)[C@H]2C1)C(F)(F)F,"2-(1-(difluoromethyl)-1H-pyrazol-4-yl)-N-((1R,5S,6R)-3-((3S)-4,4,4-trifluoro-3-methoxy-butyryl)-3-azabicyclo[3.1.0]hexan-6-yl)acetamide",,CO[C@@H](CC(=O)N1C[C@@H]2[C@H](C1)[C@H]2NC(=O)Cc1cnn(C(F)F)c1)C(F)(F)F,
54844,CC(C)Cc1c[nH]c(C(=O)N[C@]2(C)C[C@@H](NC(=O)C[C@@H](C)C(F)(F)F)C2)c1,"N-((1R,3r)-1-methyl-3-((3R)-4,4,4-trifluoro-3-methylbutanamido)cyclobutyl)-4-(2-methylpropyl)-1H-pyrrole-2-carboxamide",,CC(C)Cc1c[nH]c(C(=O)N[C@]2(C)C[C@@H](NC(=O)C[C@@H](C)C(F)(F)F)C2)c1,
54881,CCC(C)(C)CC(=O)N[C@]1(C(=O)NC[C@@]2(F)CCOC2)C[C@H](O)C1,"N-((1s,3R)-1-((((3S)-3-fluorooxolan-3-yl)methyl)carbamoyl)-3-hydroxycyclobutyl)-3,3-dimethylpentanamide",,CCC(C)(C)CC(=O)N[C@]1(C(=O)NC[C@@]2(F)CCOC2)C[C@H](O)C1,
54903,C#CC[C@H](C)C(=O)N1[C@H]2CC[C@@H]1C[C@@H](CNC(=O)c1ccc(Br)cn1)C2,"5-bromo-N-(((1R,3R,5S)-8-((2S)-2-methyl-1-oxopent-4-yn-1-yl)-8-azabicyclo[3.2.1]octan-3-yl)methyl)pyridine-2-carboxamide",,C#CCC(C)C(=O)N1[C@@H]2CC[C@H]1C[C@H](CNC(=O)c1ccc(Br)cn1)C2,
54927,CNc1cnc(Cl)cc1C(=O)N[C@H]1C[C@](F)(CNC(=O)c2cc(C)[nH]n2)C1,"2-chloro-N-((1s,3s)-3-fluoro-3-((5-methyl-1H-pyrazole-3-carboxamido)methyl)cyclobutyl)-5-(methylamino)pyridine-4-carboxamide",,CNc1cnc(Cl)cc1C(=O)N[C@H]1C[C@](F)(CNC(=O)c2cc(C)[nH]n2)C1,
54930,C[C@@H](CCCNC(=O)[C@@H]1C[C@H]2[C@@H](C1)C2(F)F)NC(=O)CSCc1cccs1,"(1R,3r,5S)-6,6-difluoro-N-((4S)-4-(2-(((thiophen-2-yl)methyl)sulfanyl)acetamido)pentyl)bicyclo[3.1.0]hexane-3-carboxamide",,C[C@@H](CCCNC(=O)C1C[C@@H]2[C@H](C1)C2(F)F)NC(=O)CSCc1cccs1,
55011,C[C@@H]1CC[C@@H](C(=O)NC[C@H]2C[C@@](F)(CNC(=O)C(=O)NCC(F)F)C2)C(=O)N1,"(3S,6R)-N-(((1r,3S)-3-((1-((2,2-difluoroethyl)carbamoyl)formamido)methyl)-3-fluorocyclobutyl)methyl)-6-methyl-2-oxopiperidine-3-carboxamide",,C[C@@H]1CCC(C(=O)NC[C@H]2C[C@@](F)(CNC(=O)C(=O)NCC(F)F)C2)C(=O)N1,
55052,C[C@H]1[C@@H](C)[C@@H]1C(=O)N1[C@@H]2CN(C(=O)C=CC3CCOCC3)C[C@@H]2C[C@H]1C,"1-((1S,3R,5S)-2-(((1r,2R,3S)-2,3-dimethylcyclopropyl)carbonyl)-3-methyl-2,7-diazabicyclo[3.3.0]octan-7-yl)-3-(oxan-4-yl)prop-2-en-1-one",,C[C@@H]1C(C(=O)N2[C@H](C)C[C@H]3CN(C(=O)C=CC4CCOCC4)C[C@H]32)[C@@H]1C,
55059,C[C@@H]1C[C@H]1C(=O)N[C@]1(C)C[C@H](NC(=O)c2cnc(O)c(C(F)(F)F)c2)C1,"6-hydroxy-N-((1S,3s)-3-methyl-3-((1R,2R)-2-methylcyclopropanecarboxamido)cyclobutyl)-5-(trifluoromethyl)pyridine-3-carboxamide",,C[C@@H]1CC1C(=O)N[C@]1(C)C[C@H](NC(=O)c2c[nH]c(=O)c(C(F)(F)F)c2)C1,
55063,C[C@H]1OCCO[C@H]1C(=O)N[C@]1(C)C[C@H](C(=O)NCCCCCO)C1,"(2R,3R)-N-((1s,3S)-3-((5-hydroxypentyl)carbamoyl)-1-methylcyclobutyl)-3-methyl-1,4-dioxane-2-carboxamide",,C[C@H]1OCCOC1C(=O)NC1(C)CC(C(=O)NCCCCCO)C1,
55064,C[C@H](CCNC(=O)[C@H](O)C1CCCC1)NC(=O)[C@H]1C[C@@H]2CC[C@H](C1)[C@@H]2O,"(2R)-2-cyclopentyl-2-hydroxy-N-((3R)-3-((1R,3s,5S,8R)-8-hydroxybicyclo[3.2.1]octane-3-carboxamido)butyl)acetamide",,C[C@H](CCNC(=O)C(O)C1CCCC1)NC(=O)C1C[C@H]2CC[C@@H](C1)[C@H]2O,
55086,Cn1ccnc1CC(=O)N[C@]1(C)C[C@@H](NC(=O)[C@@]2(Cl)C[C@@H]2C(=O)OC(C)(C)C)C1,"tert-butyl (1R,2R)-2-chloro-2-(((1r,3R)-3-methyl-3-(2-(1-methyl-1H-imidazol-2-yl)acetamido)cyclobutyl)carbamoyl)cyclopropanecarboxylate",,Cn1ccnc1CC(=O)N[C@]1(C)C[C@@H](NC(=O)[C@@]2(Cl)CC2C(=O)OC(C)(C)C)C1,
55096,CNc1nsnc1C(=O)N1C[C@@H]2[C@H](C(=O)Nc3cccc(S(N)(=O)=O)c3)[C@@H]2C1,"(1R,5S,6s)-3-((4-(methylamino)-1,2,5-thiadiazol-3-yl)carbonyl)-N-(3-(sulfamoyl)phenyl)-3-azabicyclo[3.1.0]hexane-6-carboxamide",,CNc1nsnc1C(=O)N1C[C@@H]2C(C(=O)Nc3cccc(S(N)(=O)=O)c3)[C@@H]2C1,
55097,CCn1cc(Cl)cc1C(=O)N(C)CCNC(=O)[C@]1(C(F)(F)F)C[C@@H]2C[C@@H]2C1,"4-chloro-1-ethyl-N-methyl-N-(2-((1R,3s,5S)-3-(trifluoromethyl)bicyclo[3.1.0]hexane-3-carboxamido)ethyl)-1H-pyrrole-2-carboxamide",,CCn1cc(Cl)cc1C(=O)N(C)CCNC(=O)[C@@]1(C(F)(F)F)C[C@H]2C[C@H]2C1,
55114,Cc1cc(CCC(=O)N2C[C@H]3[C@H](NC(=O)CCC(=O)Nc4nccs4)[C@H]3C2)on1,"N-((1R,5S,6s)-3-(3-(3-methyl-1,2-oxazol-5-yl)-propionyl)-3-azabicyclo[3.1.0]hexan-6-yl)-N'-(1,3-thiazol-2-yl)butanediamide",,Cc1cc(CCC(=O)N2C[C@@H]3[C@H](C2)[C@H]3NC(=O)CCC(=O)Nc2nccs2)on1,
55172,O=C(NC[C@@H]1C[C@@H]2CC[C@H](C1)N2C(=O)c1cc2c(Cl)cccn2n1)c1ccns1,"N-(((1R,3r,5S)-8-((4-chloropyrazolo[1,5-a]pyridin-2-yl)carbonyl)-8-azabicyclo[3.2.1]octan-3-yl)methyl)-1,2-thiazole-5-carboxamide",,O=C(NC[C@H]1C[C@H]2CC[C@@H](C1)N2C(=O)c1cc2c(Cl)cccn2n1)c1ccns1,
55193,C[C@H](CC(F)(F)F)C(=O)N[C@@H]1CC2(CN(C(=O)Cc3cscn3)C2)n2ccnc21,"(2R)-4,4,4-trifluoro-2-methyl-N-((6R)-spiro[1,4-diazabicyclo[3.3.0]octa-2,4-diene-8,3'-(1-(1-azacyclobutan-1-yl)-2-(1,3-thiazol-4-yl)ethane)]-6-yl-1'-one)butanamide",,CC(CC(F)(F)F)C(=O)N[C@@H]1CC2(CN(C(=O)Cc3cscn3)C2)n2ccnc21,
55204,CSCc1ccc(C(=O)N[C@]2(C)C[C@@H](NC(=O)C[C@@H]3CCCCCO3)C2)o1,"N-((1S,3r)-1-methyl-3-(2-((2S)-oxepan-2-yl)acetamido)cyclobutyl)-5-((methylsulfanyl)methyl)furan-2-carboxamide",,CSCc1ccc(C(=O)N[C@]2(C)C[C@@H](NC(=O)C[C@@H]3CCCCCO3)C2)o1,
55226,CCC[C@@H](O)CC(=O)N[C@@H](CC)CNC(=O)[C@]1(NC(=O)OC(C)(C)C)C[C@@H](O)C1,"tert-butyl (((1s,3R)-3-hydroxy-1-(((2S)-2-((3R)-3-hydroxyhexanamido)butyl)carbamoyl)cyclobutyl)amino)formate",,CCC[C@@H](O)CC(=O)N[C@@H](CC)CNC(=O)[C@]1(NC(=O)OC(C)(C)C)C[C@@H](O)C1,
55287,Nc1ncccc1C(=O)NC[C@H]1C[C@](F)(CNC(=O)c2csc(C(F)F)c2)C1,"2-amino-N-(((1s,3s)-3-((5-(difluoromethyl)thiophene-3-carboxamido)methyl)-3-fluorocyclobutyl)methyl)pyridine-3-carboxamide",,Nc1ncccc1C(=O)NC[C@H]1C[C@](F)(CNC(=O)c2csc(C(F)F)c2)C1,
55306,COC1=CC=C(C(=O)N[C@H]2CCCCN(C(=O)[C@H]3C[C@@H]4CCC[C@@H](C4)C3)C2)N=C1,"N-((3S)-1-(((1R,3r,5S)-bicyclo[3.3.1]nonan-3-yl)carbonyl)azepan-3-yl)-5-methoxypyridine-2-carboxamide",,COc1ccc(C(=O)N[C@H]2CCCCN(C(=O)C3C[C@H]4CCC[C@@H](C3)C4)C2)nc1,
55443,C[C@H](O)[C@@H]1C[C@@H]1C(=O)N[C@H]1C[C@]2(CCCCN2C(=O)[C@]2(C)CCCO2)C1,"(1S,2R)-2-((1S)-1-hydroxyethyl)-N-(5-(((2S)-2-methyloxolan-2-yl)carbonyl)-5-azaspiro[3.5]nonan-2-yl)cyclopropanecarboxamide",O[C@@H](C)[C@H]1[C@H](C1)C(=O)NC1CC2(C1)N(CCCC2)C(=O)[C@]2(OCCC2)C,C[C@H](O)[C@@H]1CC1C(=O)N[C@H]1C[C@]2(CCCCN2C(=O)[C@]2(C)CCCO2)C1,C[C@H](O)[C@@H]1CC1C(=O)NC1CC2(CCCCN2C(=O)[C@]2(C)CCCO2)C1
55463,CCc1cccc(C(=O)N2CCC[C@@](C)(C(=O)N3C[C@H]4[C@H](C)[C@H]4C3)C2)n1,"1-(6-ethylpyridin-2-yl)-1-((3R)-3-methyl-3-(((1R,5S,6S)-6-methyl-3-azabicyclo[3.1.0]hexan-3-yl)carbonyl)piperidin-1-yl)methanone",,CCc1cccc(C(=O)N2CCC[C@@](C)(C(=O)N3C[C@@H]4[C@@H](C)[C@@H]4C3)C2)n1,
55560,CCC[C@@H](C(=O)NC[C@H]1C[C@@](F)(CNC(=O)c2coc(Br)c2)C1)C(C)C,"(2R)-N-(((1r,3R)-3-((5-bromofuran-3-carboxamido)methyl)-3-fluorocyclobutyl)methyl)-2-(propan-2-yl)pentanamide",,CCCC(C(=O)NC[C@H]1C[C@@](F)(CNC(=O)c2coc(Br)c2)C1)C(C)C,
55665,C/C=C/C[C@H](CC)C(=O)N1CC=C[C@H](NC(=O)[C@@H]2[C@H]3CCCCC[C@H]32)C1,"(1R,7S,8r)-N-((3S)-1-((2S,4E)-2-ethyl-1-oxohex-4-en-1-yl)-1,2,3,6-tetrahydropyridin-3-yl)bicyclo[5.1.0]octane-8-carboxamide",,C/C=C/CC(CC)C(=O)N1CC=C[C@H](NC(=O)C2[C@H]3CCCCC[C@@H]23)C1,
55680,O=C(NC[C@@H]1C[C@@H]2CC[C@H](C1)N2C(=O)[C@H]1CC1(Cl)Cl)c1cc(O)nc(O)n1,"N-(((1R,3R,5S)-8-(((1R)-2,2-dichlorocyclopropyl)carbonyl)-8-azabicyclo[3.2.1]octan-3-yl)methyl)-2,6-dihydroxypyrimidine-4-carboxamide",,O=C(NC[C@H]1C[C@H]2CC[C@@H](C1)N2C(=O)C1CC1(Cl)Cl)c1cc(=O)[nH]c(=O)[nH]1,
55756,CNC(=O)CCN1CCC[C@H](C(=O)N2CCC3(CC2)C(=O)Nc2ccccc23)C1,"3-((3S)-3-((7'-azaspiro[piperidine-4,9'-bicyclo[4.3.0]nona-1,3,5-triene]-1-yl-8'-one)carbonyl)piperidin-1-yl)-N-methylpropanamide",,CNC(=O)CCN1CCCC(C(=O)N2CCC3(CC2)C(=O)Nc2ccccc23)C1,
55816,C[C@H]1CCCCN1CCC(=O)N[C@H]1C[C@@H]2C[C@H](C1)CN(C(=O)C1=CCCS1)C2,"N-((1R,5S,7s)-3-((4,5-dihydrothiophen-2-yl)carbonyl)-3-azabicyclo[3.3.1]nonan-7-yl)-3-((2S)-2-methylpiperidin-1-yl)propanamide",,C[C@H]1CCCCN1CCC(=O)N[C@@H]1C[C@H]2C[C@@H](C1)CN(C(=O)C1=CCCS1)C2,
55850,CC[C@@H](C)[C@H](CNC(=O)N1C[C@H]2[C@@H](C1)[C@]2(C)C(=O)OC)OC,"methyl (1R,5S,6R)-3-(((2R,3R)-2-methoxy-3-methylpentyl)carbamoyl)-6-methyl-3-azabicyclo[3.1.0]hexane-6-carboxylate",,CC[C@@H](C)[C@H](CNC(=O)N1C[C@@H]2[C@H](C1)[C@@]2(C)C(=O)OC)OC,
55859,COc1cc(C(=O)N2CC[C@](O)(CN(C)C(=O)[C@H]3CC[C@H]4C[C@H]4CC3)C2)nn1C,"(1R,4s,7S)-N-(((3S)-3-hydroxy-1-((5-methoxy-1-methyl-1H-pyrazol-3-yl)carbonyl)pyrrolidin-3-yl)methyl)-N-methylbicyclo[5.1.0]octane-4-carboxamide",,COc1cc(C(=O)N2CC[C@](O)(CN(C)C(=O)C3CC[C@@H]4C[C@@H]4CC3)C2)nn1C,
55868,COC[C@@H](OC)C(=O)N[C@H]1C[C@@](F)(CNC(=O)c2cc(Br)c(F)cc2C)C1,"(2R)-N-((1r,3R)-3-((5-bromo-4-fluoro-2-methylbenzamido)methyl)-3-fluorocyclobutyl)-2,3-dimethoxypropanamide",,COCC(OC)C(=O)N[C@H]1C[C@@](F)(CNC(=O)c2cc(Br)c(F)cc2C)C1,
55898,Cc1conc1C(=O)N[C@H]1C[C@@](C)(NC(=O)c2cnc(C3CC3)nc2C)C1,"N-((1s,3s)-3-(2-cyclopropyl-4-methylpyrimidine-5-carboxamido)-3-methylcyclobutyl)-4-methyl-1,2-oxazole-3-carboxamide",,Cc1conc1C(=O)N[C@H]1C[C@@](C)(NC(=O)c2cnc(C3CC3)nc2C)C1,
55948,C#CCOCCOCCOCC(=O)N(C)[C@H]1[C@@H]2CN(C(=O)COCCCC)C[C@@H]21,"N-((1R,5S,6s)-3-(2-butoxy-acetyl)-3-azabicyclo[3.1.0]hexan-6-yl)-N-methyl-2-((2-((2-((prop-2-yn-1-yl)oxy)ethyl)oxy)ethyl)oxy)acetamide",,C#CCOCCOCCOCC(=O)N(C)[C@H]1[C@@H]2CN(C(=O)COCCCC)C[C@@H]21,
56050,CO[C@H]1C[C@H](CNC(=O)[C@H]2CC[C@@](C)(F)CC2)N(C(=O)CCc2ccc(Cl)s2)C1,"(1s,4S)-N-(((2R,4S)-1-(3-(5-chlorothiophen-2-yl)-propionyl)-4-methoxypyrrolidin-2-yl)methyl)-4-fluoro-4-methylcyclohexanecarboxamide",,CO[C@H]1C[C@H](CNC(=O)C2CCC(C)(F)CC2)N(C(=O)CCc2ccc(Cl)s2)C1,
56181,Cc1cc(C)nc(N(C(=O)c2n[nH]c3c(C)cccc23)[C@H]2C[C@@H]3CC[C@H](C2)N3)n1,"N-((1R,3s,5S)-8-azabicyclo[3.2.1]octan-3-yl)-N-(4,6-dimethylpyrimidin-2-yl)-7-methyl-1H-indazole-3-carboxamide",,Cc1cc(C)nc(N(C(=O)c2[nH]nc3c(C)cccc23)[C@@H]2C[C@H]3CC[C@@H](C2)N3)n1,
56213,COCO[C@@H](C)C(=O)N1CC[C@H](C)N(C(=O)[C@@H]2[C@H]3CN(C)C[C@H]32)CC1,"(2S)-2-(methoxymethoxy)-1-((5S)-5-methyl-4-(((1R,5S,6r)-3-methyl-3-azabicyclo[3.1.0]hexan-6-yl)carbonyl)-1,4-diazepan-1-yl)propan-1-one",,COCOC(C)C(=O)N1CC[C@H](C)N(C(=O)C2[C@H]3CN(C)C[C@@H]23)CC1,
56297,CC1(C)CN(C(=O)[C@@H]2[C@H]3CCCCCC[C@H]32)C[C@H]1NC(=O)CCOCC(F)F,"N-((3S)-1-(((1R,8S,9r)-bicyclo[6.1.0]nonan-9-yl)carbonyl)-4,4-dimethylpyrrolidin-3-yl)-3-((2,2-difluoroethyl)oxy)propanamide",,CC1(C)CN(C(=O)C2[C@H]3CCCCCC[C@@H]23)C[C@H]1NC(=O)CCOCC(F)F,
56368,CCN1CCOC[C@@H]1C(=O)NC[C@]1(F)C[C@H](CNC(=O)C[C@@H]2CCCC[C@H]2O)C1,"(3R)-4-ethyl-N-(((1S,3R)-1-fluoro-3-((2-((1S,2R)-2-hydroxycyclohexyl)acetamido)methyl)cyclobutyl)methyl)morpholine-3-carboxamide",,CCN1CCOCC1C(=O)NC[C@]1(F)C[C@H](CNC(=O)C[C@@H]2CCCC[C@H]2O)C1,
56381,N#C[C@@]1(C(=O)N2[C@H]3CC[C@@H]2C[C@H](CNC(=O)CCCCC(F)(F)F)C3)CCCO1,"6,6,6-trifluoro-N-(((1R,3R,5S)-8-(((2R)-2-(nitrilomethyl)oxolan-2-yl)carbonyl)-8-azabicyclo[3.2.1]octan-3-yl)methyl)hexanamide",,N#C[C@@]1(C(=O)N2[C@@H]3CC[C@H]2C[C@@H](CNC(=O)CCCCC(F)(F)F)C3)CCCO1,
56384,CCSC[C@H](NC(=O)[C@@H](C)CC#N)C(=O)N=c1cc2n([nH]1)CCCC2,"(2S)-3-cyano-N-((2R)-1-(ethylsulfanyl)-3-oxo-3-((pyrazolo[1,5-a]pyridin-2-ylidene)amino)propan-2-yl)-2-methylpropanamide",C(#N)C[C@@H](C(=O)N[C@@H](CSCC)C(N=C1NN2C(C=CC=C2)=C1)=O)C,CCSCC(NC(=O)C(C)CC#N)C(=O)Nc1cc2n(n1)CCCC2,CCSCC(NC(=O)C(C)CC#N)C(=O)Nc1cc2ccccn2n1
56397,CNC(=O)[C@@H]1[C@H]2CN(C(=O)[C@@H]3CN(C(=O)[C@@H]4CCOCC4(C)C)C[C@H]3OC)C[C@H]21,"(1R,5S,6R)-3-(((3R,4S)-1-(((4R)-3,3-dimethyloxan-4-yl)carbonyl)-4-methoxypyrrolidin-3-yl)carbonyl)-N-methyl-3-azabicyclo[3.1.0]hexane-6-carboxamide",,CNC(=O)C1[C@H]2CN(C(=O)C3CN(C(=O)C4CCOCC4(C)C)C[C@H]3OC)C[C@@H]12,
56448,CCNC(=O)[C@@H]([C@H]1C[C@@H]2C[C@@H]2C1)N1CCN(CC(=O)OC)CC1,"methyl 2-(4-((1R)-1-((1R,3s,5S)-bicyclo[3.1.0]hexan-3-yl)-2-(ethylamino)-2-oxoethyl)piperazin-1-yl)acetate",,CCNC(=O)C([C@H]1C[C@@H]2C[C@@H]2C1)N1CCN(CC(=O)OC)CC1,
56508,CCc1cccc(F)c1NC(=O)[C@@H]1[C@H]2CN(C(=O)c3cccc(=O)o3)C[C@H]21,"(1R,5S,6r)-N-(2-ethyl-6-fluorophenyl)-3-((2-oxopyran-6-yl)carbonyl)-3-azabicyclo[3.1.0]hexane-6-carboxamide",,CCc1cccc(F)c1NC(=O)C1[C@H]2CN(C(=O)c3cccc(=O)o3)C[C@@H]12,
56537,COC(=O)CS(=O)(=O)CC(=O)N1C[C@H]2[C@H](CN(C)C(=O)[C@@H](C)n3cccn3)[C@H]2C1,"methyl 2-(2-((1R,5S,6r)-6-((N-methyl(2R)-2-(1H-pyrazol-1-yl)propanamido)methyl)-3-azabicyclo[3.1.0]hexan-3-yl)-2-oxoethylsulfonyl)acetate",,COC(=O)CS(=O)(=O)CC(=O)N1C[C@@H]2[C@@H](CN(C)C(=O)C(C)n3cccn3)[C@@H]2C1,
56561,COc1c(Cl)ccnc1C(=O)N1[C@H]2CC[C@@H]1C[C@H](NC(=O)[C@@H]1CCC=CO1)C2,"(2S)-N-((1R,3r,5S)-8-((4-chloro-3-methoxypyridin-2-yl)carbonyl)-8-azabicyclo[3.2.1]octan-3-yl)-3,4-dihydro-2H-pyran-2-carboxamide",,COc1c(Cl)ccnc1C(=O)N1[C@@H]2CC[C@H]1C[C@@H](NC(=O)C1CCC=CO1)C2,
56569,CO[C@H]1C[C@@H](C(=O)NC[C@H](CO)CNC(=O)Cc2csc(C3CC3)n2)C[C@H]1OC,"(1r,3R,4S)-N-((2R)-3-(2-(2-cyclopropyl-1,3-thiazol-4-yl)acetamido)-2-(hydroxymethyl)propyl)-3,4-dimethoxycyclopentanecarboxamide",,CO[C@H]1CC(C(=O)NC[C@H](CO)CNC(=O)Cc2csc(C3CC3)n2)C[C@H]1OC,
56608,CCn1cc(CC(=O)NCCSCc2cn(C[C@H]3C[C@@H]4C[C@@H]4C3)nn2)cn1,"N-(2-(((1-(((1R,3s,5S)-bicyclo[3.1.0]hexan-3-yl)methyl)-1H-1,2,3-triazol-4-yl)methyl)sulfanyl)ethyl)-2-(1-ethyl-1H-pyrazol-4-yl)acetamide",,CCn1cc(CC(=O)NCCSCc2cn(C[C@H]3C[C@@H]4C[C@@H]4C3)nn2)cn1,
56732,CN(C)[C@H]1C[C@H](C(=O)N2CC[C@H](N3CCC(NC(=O)[C@H]4C[C@@](C)(O)C4)CC3)C2)C1,"(1s,3R)-3-hydroxy-3-methyl-N-(1-((3S)-1-((trans-3-(dimethylamino)cyclobutyl)carbonyl)pyrrolidin-3-yl)piperidin-4-yl)cyclobutanecarboxamide",,CN(C)C1CC(C(=O)N2CC[C@H](N3CCC(NC(=O)C4CC(C)(O)C4)CC3)C2)C1,
56739,Cc1nsc(N)c1C(=O)N[C@H](CNC(=O)[C@@H]1[C@H]2COC[C@H]21)c1cccc(Cl)c1,"5-amino-N-((1S)-1-(3-chlorophenyl)-2-((1R,5S,6r)-3-oxabicyclo[3.1.0]hexane-6-carboxamido)ethyl)-3-methyl-1,2-thiazole-4-carboxamide",,Cc1nsc(N)c1C(=O)N[C@H](CNC(=O)C1[C@H]2COC[C@@H]12)c1cccc(Cl)c1,
57027,O=C(N[C@@H]1[C@H]2C[C@@H]3CN(C(=O)CCCCC(F)F)[C@@H]1[C@H]3C2)[C@@H]1[C@H]2CCC[C@H]21,"(1R,5S,6r)-N-((1S,2R,3R,6S,7S)-4-(6,6-difluoro-hexanoyl)-4-azatricyclo[4.2.1.0^{3,7}]nonan-2-yl)bicyclo[3.1.0]hexane-6-carboxamide",,O=C(N[C@@H]1[C@H]2C[C@@H]3CN(C(=O)CCCCC(F)F)[C@@H]1[C@H]3C2)C1[C@H]2CCC[C@@H]12,
57049,Cc1conc1CC(=O)N[C@H]1C[C@](F)(CNC(=O)[C@@H]2CCCN3CCCC[C@H]23)C1,"N-((1S,3s)-3-fluoro-3-(((1R,9aR)-1,2,3,6,7,8,9,9a-octahydro-4H-quinolizine-1-carboxamido)methyl)cyclobutyl)-2-(4-methyl-1,2-oxazol-3-yl)acetamide",,Cc1conc1CC(=O)N[C@H]1C[C@](F)(CNC(=O)C2CCCN3CCCC[C@H]23)C1,
57078,O=C(CSCc1ccc(F)cc1)N[C@@H]1CN(C(=O)[C@@H]2[C@H]3COC[C@H]32)CC2(CC2)C1,"2-(((4-fluorophenyl)methyl)sulfanyl)-N-((7S)-5-(((1R,5S,6r)-3-oxabicyclo[3.1.0]hexan-6-yl)carbonyl)-5-azaspiro[2.5]octan-7-yl)acetamide",,O=C(CSCc1ccc(F)cc1)N[C@@H]1CN(C(=O)C2[C@H]3COC[C@@H]23)CC2(CC2)C1,
57224,C#CC[C@]1(O)C[C@@H](C(=O)N[C@@H](CC)CNC(=O)CCCCOCC)C1,"(1s,3R)-N-((2S)-1-(5-ethoxypentanamido)butan-2-yl)-3-hydroxy-3-(prop-2-yn-1-yl)cyclobutanecarboxamide",,C#CCC1(O)CC(C(=O)N[C@@H](CC)CNC(=O)CCCCOCC)C1,
57271,O=C(N[C@@H]1[C@H]2CCN(C(=O)C3=COCCC3)[C@H]21)[C@@H]1C[C@H]2CCC[C@H](C2)C1,"(1R,3r,5S)-N-((1R,5R,6R)-2-((3,4-dihydro-2H-pyran-5-yl)carbonyl)-2-azabicyclo[3.1.0]hexan-6-yl)bicyclo[3.3.1]nonane-3-carboxamide",,O=C(N[C@@H]1[C@H]2CCN(C(=O)C3=COCCC3)[C@H]21)C1C[C@H]2CCC[C@@H](C1)C2,
57413,CC(=O)c1cccc(C(=O)N2CC3(C2)OC2(C)CC3(NC(=O)CCC(N)=O)C2)c1,"N-(1-methylspiro[2-oxabicyclo[2.1.1]hexane-3,3'-(1-(3-(1-azacyclobutan-1-ylformyl)phenyl)ethane)]-4-yl-1'-one)butanediamide",,CC(=O)c1cccc(C(=O)N2CC3(C2)OC2(C)CC3(NC(=O)CCC(N)=O)C2)c1,
57444,C=C[C@@H](CC(=O)N1CCC[C@@](C)(CNC(=O)[C@@H]2[C@H]3COC[C@H]32)C1)c1ccccc1,"(1R,5S,6r)-N-(((3S)-3-methyl-1-((3R)-1-oxo-3-phenylpent-4-en-1-yl)piperidin-3-yl)methyl)-3-oxabicyclo[3.1.0]hexane-6-carboxamide",,C=C[C@@H](CC(=O)N1CCC[C@@](C)(CNC(=O)C2[C@H]3COC[C@@H]23)C1)c1ccccc1,
57570,CCC(=O)N1C[C@H]2[C@H](CNC(=O)CNC(=O)N[C@@H](C)c3ccco3)[C@H]2C1,"2-((((1S)-1-(furan-2-yl)ethyl)carbamoyl)amino)-N-(((1R,5S,6r)-3-(propionyl)-3-azabicyclo[3.1.0]hexan-6-yl)methyl)acetamide",,CCC(=O)N1C[C@@H]2[C@@H](CNC(=O)CNC(=O)N[C@@H](C)c3ccco3)[C@@H]2C1,
57660,O=C(CCn1cc(C[C@]2(O)C[C@@H](C(=O)O)C2)nn1)NCc1cnn2ccccc12,"(1s,3s)-3-hydroxy-3-((1-(3-oxo-3-(((pyrazolo[1,5-a]pyridin-3-yl)methyl)amino)propyl)-1H-1,2,3-triazol-4-yl)methyl)cyclobutanecarboxylic acid",,O=C(CCn1cc(CC2(O)CC(C(=O)O)C2)nn1)NCc1cnn2ccccc12,
57744,Cc1cc(C(=O)N(C)[C@H]2C[C@@H]3CC[C@H](C2)N3C(=O)C23CCC(CC2)CO3)co1,"5,N-dimethyl-N-((1R,3s,5S)-8-(2-oxabicyclo[2.2.2]octan-1-ylformyl)-8-azabicyclo[3.2.1]octan-3-yl)furan-3-carboxamide",,Cc1cc(C(=O)N(C)[C@@H]2C[C@H]3CC[C@@H](C2)N3C(=O)C23CCC(CC2)CO3)co1,
57754,CCC[C@H](O)CC(=O)N1CCN(C(=O)[C@H]2C[C@](F)(CO)C2)[C@@H](c2ccccn2)C1,"(3S)-1-((3R)-4-(((1s,3S)-3-fluoro-3-(hydroxymethyl)cyclobutyl)carbonyl)-3-(pyridin-2-yl)piperazin-1-yl)-3-hydroxyhexan-1-one",,CCC[C@H](O)CC(=O)N1CCN(C(=O)C2CC(F)(CO)C2)[C@@H](c2ccccn2)C1,
57834,COC(=O)[C@H]1C[C@@H](C(=O)NC[C@H]2[C@@H]3CN(C(=O)C4=NN(C)C(=O)CC4)C[C@H]23)C1,"methyl cis-3-((((1R,5S,6r)-3-((1-methyl-6-oxo-4,5-dihydro-1H-pyridazin-3-yl)carbonyl)-3-azabicyclo[3.1.0]hexan-6-yl)methyl)carbamoyl)cyclobutanecarboxylate",,COC(=O)C1CC(C(=O)NC[C@@H]2[C@H]3CN(C(=O)C4=NN(C)C(=O)CC4)C[C@@H]23)C1,
57897,COC[C@H](C)CC(=O)N[C@H]1C[C@](F)(CNC(=O)c2ncoc2C(F)(F)F)C1,"(3R)-N-((1s,3S)-3-fluoro-3-((5-(trifluoromethyl)-1,3-oxazole-4-carboxamido)methyl)cyclobutyl)-4-methoxy-3-methylbutanamide",,COC[C@H](C)CC(=O)N[C@H]1C[C@](F)(CNC(=O)c2ncoc2C(F)(F)F)C1,
57919,O=C(NC[C@H]1[C@@H]2CN(C(=O)c3ncc(Cl)nc3Cl)C[C@H]12)c1onc2ccccc12,"N-(((1R,5S,6r)-3-((3,5-dichloropyrazin-2-yl)carbonyl)-3-azabicyclo[3.1.0]hexan-6-yl)methyl)-8-oxa-7-azabicyclo[4.3.0]nona-1(9),2,4,6-tetraene-9-carboxamide",,O=C(NC[C@@H]1[C@H]2CN(C(=O)c3ncc(Cl)nc3Cl)C[C@@H]12)c1onc2ccccc12,
57941,CC(=O)N[C@H](CC(C)C)C(=O)NC[C@H]1[C@H]2CCC[C@H]1N(C(=O)[C@@H]1[C@H]3COC[C@H]31)C2,"(2R)-2-acetamido-4-methyl-N-(((1R,5R,8R)-6-(((1R,5S,6r)-3-oxabicyclo[3.1.0]hexan-6-yl)carbonyl)-6-azabicyclo[3.2.1]octan-8-yl)methyl)pentanamide",,CC(=O)NC(CC(C)C)C(=O)NC[C@H]1[C@H]2CCC[C@H]1N(C(=O)C1[C@H]3COC[C@@H]13)C2,
57950,CCCC[C@H](O)C(=O)N1C[C@H]2C[C@H](NC(=O)C(C)(C)CN(C)C)C[C@H]2C1,"3-(dimethylamino)-N-((1R,5S,7R)-3-((2S)-2-hydroxy-hexanoyl)-3-azabicyclo[3.3.0]octan-7-yl)-2,2-dimethylpropanamide",,CCCCC(O)C(=O)N1C[C@H]2C[C@H](NC(=O)C(C)(C)CN(C)C)C[C@H]2C1,
57961,CN1CCN(C(=O)c2ccc[nH]2)C[C@H]1C(=O)N[C@H]1C[C@@](C)(O)C1,"(2S)-N-((1s,3R)-3-hydroxy-3-methylcyclobutyl)-1-methyl-4-((1H-pyrrol-2-yl)carbonyl)piperazine-2-carboxamide",,CN1CCN(C(=O)c2ccc[nH]2)CC1C(=O)N[C@H]1C[C@@](C)(O)C1,
57994,C#CC1(O)CCN([C@H](C)C(=O)N[C@H]2C[C@@](CN)(c3ccccc3)C2)CC1,"(2R)-N-((1r,3R)-3-(aminomethyl)-3-phenylcyclobutyl)-2-(4-(ethynyl)-4-hydroxypiperidin-1-yl)propanamide",,C#CC1(O)CCN(C(C)C(=O)N[C@H]2C[C@@](CN)(c3ccccc3)C2)CC1,
58022,CC(C)(C)OC(=O)[C@H]1C[C@@](O)(CNC(=O)C(=O)Nc2cc(F)cc(Br)c2)C1,"tert-butyl (1r,3r)-3-((1-((3-bromo-5-fluorophenyl)carbamoyl)formamido)methyl)-3-hydroxycyclobutanecarboxylate",,CC(C)(C)OC(=O)C1CC(O)(CNC(=O)C(=O)Nc2cc(F)cc(Br)c2)C1,
58130,CC(C)C[C@H](F)C(=O)N1C[C@H]2[C@H](NC(=O)c3cc(F)ccc3NS(C)(=O)=O)[C@H]2C1,"5-fluoro-N-((1R,5S,6R)-3-((2S)-2-fluoro-4-methyl-pentanoyl)-3-azabicyclo[3.1.0]hexan-6-yl)-2-methylsulfonylaminobenzamide",,CC(C)CC(F)C(=O)N1C[C@@H]2[C@H](C1)[C@H]2NC(=O)c1cc(F)ccc1NS(C)(=O)=O,
58168,CC1CC(C)(C(=O)NC[C@]2(F)C[C@@H](CNC(=O)[C@@H]3CCOCC3(C)C)C2)C1,"(4R)-N-(((1s,3S)-3-((1,3-dimethylcyclobutanecarboxamido)methyl)-3-fluorocyclobutyl)methyl)-3,3-dimethyloxane-4-carboxamide",,CC1CC(C)(C(=O)NC[C@]2(F)C[C@@H](CNC(=O)C3CCOCC3(C)C)C2)C1,
58177,O=C(CSCC(=O)c1ccc(Cl)cc1)N[C@H]1[C@@H]2CN(C(=O)[C@]3(F)CCOC3)C[C@@H]21,"2-((2-(4-chlorophenyl)-2-oxoethyl)sulfanyl)-N-((1R,5S,6R)-3-(((3S)-3-fluorooxolan-3-yl)carbonyl)-3-azabicyclo[3.1.0]hexan-6-yl)acetamide",,O=C(CSCC(=O)c1ccc(Cl)cc1)N[C@H]1[C@@H]2CN(C(=O)[C@]3(F)CCOC3)C[C@@H]21,
58232,O=C(N[C@H]1C[C@@H]2CN(Cc3c(Br)cccc3[N+](=O)[O-])C[C@@H]2C1)c1ccc(Br)cc1,"4-bromo-N-((1R,5S,7s)-3-((2-bromo-6-nitrophenyl)methyl)-3-azabicyclo[3.3.0]octan-7-yl)benzamide",,O=C(N[C@H]1C[C@@H]2CN(Cc3c(Br)cccc3[N+](=O)[O-])C[C@@H]2C1)c1ccc(Br)cc1,
58247,C[C@H](C(=O)N[C@H]1CCC[C@H]1CN(C)C(=O)[C@@H]1C[C@@H]2CC[C@@H]2C1)C(F)(F)F,"(2R)-3,3,3-trifluoro-2-methyl-N-((1S,2S)-2-((N-methyl(1R,3r,5S)-bicyclo[3.2.0]heptane-3-carboxamido)methyl)cyclopentyl)propanamide",,CC(C(=O)N[C@H]1CCC[C@H]1CN(C)C(=O)C1C[C@H]2CC[C@H]2C1)C(F)(F)F,
58258,CN(C)c1ccc(C(=O)N2C[C@H](F)[C@H](NC(=O)[C@@]3(C)C[C@@H]4C[C@@H]4C3)C2)c(F)c1,"(1R,3s,5S)-N-((3R,4S)-1-((4-(dimethylamino)-2-fluorophenyl)carbonyl)-4-fluoropyrrolidin-3-yl)-3-methylbicyclo[3.1.0]hexane-3-carboxamide",,CN(C)c1ccc(C(=O)N2C[C@H](F)[C@H](NC(=O)[C@]3(C)C[C@H]4C[C@H]4C3)C2)c(F)c1,
58264,CCc1nnsc1C(=O)N(C)[C@H]1C[C@@H]2CC[C@H](C1)N2C(=O)C1=C[C@H]2CC[C@H]1C2,"N-((1R,3R,5S)-8-(((1S,4S)-bicyclo[2.2.1]hept-2-en-2-yl)carbonyl)-8-azabicyclo[3.2.1]octan-3-yl)-4-ethyl-N-methyl-1,2,3-thiadiazole-5-carboxamide",,CCc1nnsc1C(=O)N(C)[C@@H]1C[C@H]2CC[C@@H](C1)N2C(=O)C1=C[C@H]2CC[C@H]1C2,
58290,Cc1ccc(CN(CCO)S(=O)(=O)c2ccc(C(=O)N3[C@H]4CC[C@@H]3CC4)cc2)s1,1-(7-azabicyclo[2.2.1]heptan-7-yl)-1-(4-(((5-methylthiophen-2-yl)methyl)(2-hydroxyethyl)sulfamoyl)phenyl)methanone,C12CCC(CC1)N2C(=O)C2=CC=C(C=C2)S(N(CCO)CC=2SC(=CC2)C)(=O)=O,Cc1ccc(CN(CCO)S(=O)(=O)c2ccc(C(=O)N3[C@H]4CC[C@@H]3CC4)cc2)s1,Cc1ccc(CN(CCO)S(=O)(=O)c2ccc(C(=O)N3C4CCC3CC4)cc2)s1
58293,CNS(=O)(=O)c1cccc(C(=O)NC[C@H](O)CCNC(=O)[C@@H]2C[C@@H]3C[C@@H]3C2)c1,"(1R,3r,5S)-N-((3R)-3-hydroxy-4-(3-(methylsulfamoyl)benzamido)butyl)bicyclo[3.1.0]hexane-3-carboxamide",,CNS(=O)(=O)c1cccc(C(=O)NC[C@H](O)CCNC(=O)C2C[C@@H]3C[C@@H]3C2)c1,
58314,Cc1ccc(O)cc1CN1C[C@H]2[C@@H](C1)[C@@H]2C(=O)NCCc1cccc(Cl)c1,"(1R,5S,6r)-N-(2-(3-chlorophenyl)ethyl)-3-((5-hydroxy-2-methylphenyl)methyl)-3-azabicyclo[3.1.0]hexane-6-carboxamide",,Cc1ccc(O)cc1CN1C[C@@H]2C(C(=O)NCCc3cccc(Cl)c3)[C@@H]2C1,
58354,O=C(N1C[C@H]2[C@@H](C1)[C@@H]2c1cn(CCF)nn1)C1(CC2CCCC2)CCCC1,"1-(1-(cyclopentylmethyl)cyclopentyl)-1-((1R,5S,6r)-6-(1-(2-fluoroethyl)-1H-1,2,3-triazol-4-yl)-3-azabicyclo[3.1.0]hexan-3-yl)methanone",,O=C(N1C[C@@H]2[C@H](C1)[C@H]2c1cn(CCF)nn1)C1(CC2CCCC2)CCCC1,
58413,CCN(CCNC(=O)[C@H](Sc1ccccc1)C(C)C)C(=O)[C@H]1[C@@H](C)[C@H]1C,"(2R)-N-(2-(N-ethyl(1s,2R,3S)-2,3-dimethylcyclopropanecarboxamido)ethyl)-3-methyl-2-(phenylsulfanyl)butanamide",,CCN(CCNC(=O)C(Sc1ccccc1)C(C)C)C(=O)C1[C@@H](C)[C@H]1C,
58430,CO[C@H]1C[C@@H]2CC[C@H](C1)N2C(=O)c1cc(CNC(=O)[C@H](C)n2nccc2C)no1,"(2S)-N-((5-(((1R,3R,5S)-3-methoxy-8-azabicyclo[3.2.1]octan-8-yl)carbonyl)-1,2-oxazol-3-yl)methyl)-2-(5-methyl-1H-pyrazol-1-yl)propanamide",,CO[C@@H]1C[C@H]2CC[C@@H](C1)N2C(=O)c1cc(CNC(=O)C(C)n2nccc2C)no1,
58441,O=C(N[C@H]1C[C@H]2COC[C@@H](C1)N2C(=O)[C@@H](O)c1cccc(F)c1)C1CC1,"N-((1R,5S,7R)-9-((2S)-2-(3-fluorophenyl)-2-hydroxy-acetyl)-3-oxa-9-azabicyclo[3.3.1]nonan-7-yl)cyclopropanecarboxamide",,O=C(N[C@H]1C[C@H]2COC[C@@H](C1)N2C(=O)C(O)c1cccc(F)c1)C1CC1,
58474,CC1(C)[C@H]2C[C@H](C(=O)N[C@H]3C[C@@H](NC(=O)/C=C/c4nc5ccccc5s4)C3)C[C@H]21,"(1R,3s,5S)-N-(cis-3-((2E)-3-(1,3-benzothiazol-2-yl)prop-2-enamido)cyclobutyl)-6,6-dimethylbicyclo[3.1.0]hexane-3-carboxamide",,CC1(C)[C@@H]2CC(C(=O)N[C@H]3C[C@@H](NC(=O)/C=C/c4nc5ccccc5s4)C3)C[C@@H]21,
58696,CO[C@]1(C(=O)N[C@H]2C[C@](O)(C3CCN(C(=O)[C@H](C)C(F)F)CC3)C2)CCSC1,"(3S)-N-((1R,3R)-3-(1-((2S)-3,3-difluoro-2-methyl-propionyl)piperidin-4-yl)-3-hydroxycyclobutyl)-3-methoxythiolane-3-carboxamide",,CO[C@]1(C(=O)N[C@H]2C[C@](O)(C3CCN(C(=O)C(C)C(F)F)CC3)C2)CCSC1,
58740,Cn1cc(NC(=O)[C@]2(NC(=O)C[C@@H]3CC3(C)C)C[C@@H](O)C2)c(O)n1,"(1s,3R)-1-(2-((1S)-2,2-dimethylcyclopropyl)acetamido)-3-hydroxy-N-(3-hydroxy-1-methyl-1H-pyrazol-4-yl)cyclobutanecarboxamide",,Cn1cc(NC(=O)[C@]2(NC(=O)C[C@@H]3CC3(C)C)C[C@@H](O)C2)c(=O)[nH]1,
58743,C[C@H]1[C@@H]2CN(C(=O)C3=CC[C@H]4CC[C@H]3N4C(=O)[C@H]3CCC(=O)N3)C[C@H]12,"(5R)-5-(((1R,5R)-2-(((1R,5S,6S)-6-methyl-3-azabicyclo[3.1.0]hexan-3-yl)carbonyl)-8-azabicyclo[3.2.1]oct-2-en-8-yl)carbonyl)pyrrolidin-2-one",,C[C@@H]1[C@H]2CN(C(=O)C3=CC[C@H]4CC[C@H]3N4C(=O)C3CCC(=O)N3)C[C@@H]12,
58755,C=CC1(CC(=O)NC[C@H]2C[C@H]3CC[C@@H](C2)N3C(=O)CCCN2CCCCC2)CC1,"2-(1-ethenylcyclopropyl)-N-(((1R,3r,5S)-8-(1-oxo-4-(piperidin-1-yl)butyl)-8-azabicyclo[3.2.1]octan-3-yl)methyl)acetamide",,C=CC1(CC(=O)NC[C@H]2C[C@H]3CC[C@@H](C2)N3C(=O)CCCN2CCCCC2)CC1,
58757,Cc1cc(=NCc2nc3c(s2)CCC3)[nH]c(N2[C@H]3CC[C@@H]2C[C@H](O)C3)n1,"(1R,3r,5S)-8-(4-methyl-6-(((2-thia-4-azabicyclo[3.3.0]octa-1(5),3-dien-3-yl)methyl)imino)-1H-pyrimidin-2-yl)-8-azabicyclo[3.2.1]octan-3-ol",,Cc1cc(NCc2nc3c(s2)CCC3)nc(N2[C@@H]3CC[C@H]2C[C@@H](O)C3)n1,
58784,C[C@@]1(C(=O)NC[C@H]2C[C@@](F)(CNC(=O)Cc3cc(F)cc(Cl)c3)C2)C[C@@H]1F,"(1S,2S)-N-(((1r,3S)-3-((2-(3-chloro-5-fluorophenyl)acetamido)methyl)-3-fluorocyclobutyl)methyl)-2-fluoro-1-methylcyclopropanecarboxamide",,C[C@@]1(C(=O)NC[C@H]2C[C@@](F)(CNC(=O)Cc3cc(F)cc(Cl)c3)C2)C[C@@H]1F,
58823,C#CC[C@]1(O)C[C@@H](C(=O)N2CCC[C@H]2CN(C)C(=O)c2cccc(CO)c2C)C1,"N-(((2S)-1-(((1s,3R)-3-hydroxy-3-(prop-2-yn-1-yl)cyclobutyl)carbonyl)pyrrolidin-2-yl)methyl)-3-(hydroxymethyl)-2,N-dimethylbenzamide",,C#CCC1(O)CC(C(=O)N2CCC[C@H]2CN(C)C(=O)c2cccc(CO)c2C)C1,
58862,O=C([C@@H]1[C@H]2COC[C@H]21)N1CCC2(CC1)CN(C(=O)[C@@H]1C[C@@H]3C[C@@H]3C1)[C@@H]1COC[C@@H]12,"1-((1R,3r,5S)-bicyclo[3.1.0]hexan-3-yl)-1-((1R,5S)-spiro[3-oxa-6-azabicyclo[3.3.0]octane-8,4'-1-(1-azacyclohexan-1-yl)-1-((1R,5S,6r)-3-oxabicyclo[3.1.0]hexan-6-yl)methanone]-6-yl)methanone",,O=C(C1[C@H]2COC[C@@H]12)N1CCC2(CC1)CN(C(=O)C1C[C@@H]3C[C@@H]3C1)[C@@H]1COC[C@@H]12,
58867,CC1(C)[C@H]2C[C@H](C(=O)NCC3(F)CCN(C(=O)[C@H]4CN5CCN4CC5)CC3)C[C@H]21,"(1R,3s,5S)-N-((1-(((2R)-1,4-diazabicyclo[2.2.2]octan-2-yl)carbonyl)-4-fluoropiperidin-4-yl)methyl)-6,6-dimethylbicyclo[3.1.0]hexane-3-carboxamide",,CC1(C)[C@@H]2CC(C(=O)NCC3(F)CCN(C(=O)C4CN5CCN4CC5)CC3)C[C@@H]21,
58871,COc1ccccc1-n1nc(CCO)nc1[C@@H]1CC[C@H]2C[C@H]2CC1,"2-(5-((1R,4r,7S)-bicyclo[5.1.0]octan-4-yl)-1-(2-methoxyphenyl)-1H-1,2,4-triazol-3-yl)ethan-1-ol",,COc1ccccc1-n1nc(CCO)nc1[C@H]1CC[C@@H]2C[C@@H]2CC1,
58928,COC1(C(=O)N[C@H]2C[C@@](F)(CNC(=O)COc3ccc(C)cc3C)C2)CCCC1,"N-((1r,3r)-3-((2-((2,4-dimethylphenyl)oxy)acetamido)methyl)-3-fluorocyclobutyl)-1-methoxycyclopentanecarboxamide",,COC1(C(=O)N[C@H]2C[C@@](F)(CNC(=O)COc3ccc(C)cc3C)C2)CCCC1,
58987,CO[C@H]1C[C@H](C(=O)NCCN2CCN(C(=O)C3CCOCC3)CC2)C[C@H]1OC,"(1s,3R,4S)-3,4-dimethoxy-N-(2-(4-((oxan-4-yl)carbonyl)piperazin-1-yl)ethyl)cyclopentanecarboxamide",,CO[C@H]1CC(C(=O)NCCN2CCN(C(=O)C3CCOCC3)CC2)C[C@H]1OC,
59013,C#CCC(C)(C)C(=O)N[C@@H]1[C@H]2C[C@H](NC(=O)[C@H](CC)NC(C)=O)C[C@H]21,"N-((1R,3s,5S,6S)-3-((2S)-2-acetamidobutanamido)bicyclo[3.1.0]hexan-6-yl)-2,2-dimethylpent-4-ynamide",,C#CCC(C)(C)C(=O)N[C@H]1[C@@H]2C[C@@H](NC(=O)C(CC)NC(C)=O)C[C@@H]21,
59014,C=C[C@H](CC)CC(=O)N1[C@H]2CC[C@@H]1C[C@@H](NC(=O)CCCCCC#N)C2,"6-cyano-N-((1R,3S,5S)-8-((3R)-3-ethyl-1-oxopent-4-en-1-yl)-8-azabicyclo[3.2.1]octan-3-yl)hexanamide",,C=C[C@H](CC)CC(=O)N1[C@@H]2CC[C@H]1C[C@H](NC(=O)CCCCCC#N)C2,
59028,CC[C@H](CN(C)C(=O)c1ccc(OC)cc1C)NC(=O)[C@H]1C[C@@H]2CC[C@H](C1)[C@@H]2O,"(1R,3s,5S,8R)-8-hydroxy-N-((2R)-1-(N-methyl-4-methoxy-2-methylbenzamido)butan-2-yl)bicyclo[3.2.1]octane-3-carboxamide",,CC[C@H](CN(C)C(=O)c1ccc(OC)cc1C)NC(=O)C1C[C@H]2CC[C@@H](C1)[C@H]2O,
59052,CO[C@H]1CCC[C@@H](CC(=O)NC[C@]2(F)C[C@H](NC(=O)c3ccc(CO)cc3)C2)C1,"N-(((1r,3R)-1-fluoro-3-(4-(hydroxymethyl)benzamido)cyclobutyl)methyl)-2-((1R,3S)-3-methoxycyclohexyl)acetamide",,CO[C@H]1CCC[C@@H](CC(=O)NC[C@]2(F)C[C@H](NC(=O)c3ccc(CO)cc3)C2)C1,
59057,Cc1cc(CCCC(=O)N2CCC3(C2)CN(C(=O)[C@H]2C[C@@](F)(CO)C2)C3)c(C)s1,"4-(2,5-dimethylthiophen-3-yl)-1-(2-(((1r,3r)-3-fluoro-3-(hydroxymethyl)cyclobutyl)carbonyl)-2,6-diazaspiro[3.4]octan-6-yl)butan-1-one",,Cc1cc(CCCC(=O)N2CCC3(C2)CN(C(=O)C2CC(F)(CO)C2)C3)c(C)s1,
59061,CN1CCO[C@@H](C(=O)N2CC[C@H]3[C@H](CCN3C(=O)[C@H]3CC[C@@](C)(F)CC3)C2)C1,"1-((1s,4R)-4-fluoro-4-methylcyclohexyl)-1-((1R,6S)-3-(((2R)-4-methylmorpholin-2-yl)carbonyl)-3,7-diazabicyclo[4.3.0]nonan-7-yl)methanone",,CN1CCOC(C(=O)N2CC[C@H]3[C@H](CCN3C(=O)C3CCC(C)(F)CC3)C2)C1,
59108,O=C(N[C@@H]1CCS(=O)(=O)C1)[C@H]1C[C@H](F)CN1C(=O)[C@@H]1[C@H]2COC[C@H]21,"(2R,4S)-N-((3R)-1,1-dioxothiolan-3-yl)-4-fluoro-1-(((1R,5S,6r)-3-oxabicyclo[3.1.0]hexan-6-yl)carbonyl)pyrrolidine-2-carboxamide",,O=C(N[C@@H]1CCS(=O)(=O)C1)C1C[C@H](F)CN1C(=O)C1[C@H]2COC[C@@H]12,
59148,CC[C@@H](C)CCC(=O)N[C@]1(C(=O)Nc2cnn(CC)c2)C[C@H](O)C1,"(4R)-N-((1s,3S)-1-((1-ethyl-1H-pyrazol-4-yl)carbamoyl)-3-hydroxycyclobutyl)-4-methylhexanamide",,CC[C@@H](C)CCC(=O)N[C@]1(C(=O)Nc2cnn(CC)c2)C[C@H](O)C1,
59279,CC[C@@H](C(=O)N[C@H]1C[C@@](CNC(=O)C(C)(F)F)(c2ccccc2)C1)[C@H](C)O,"(2R,3S)-N-((1r,3R)-3-((2,2-difluoropropanamido)methyl)-3-phenylcyclobutyl)-2-ethyl-3-hydroxybutanamide",,CCC(C(=O)N[C@H]1C[C@@](CNC(=O)C(C)(F)F)(c2ccccc2)C1)[C@H](C)O,
59304,COC(=O)C1=NO[C@@H](C(=O)N2[C@H]3CC[C@@H]2C[C@H](NC(=O)c2cnsn2)C3)C1,"methyl (5R)-5-(((1R,3R,5S)-3-(1,2,5-thiadiazole-3-carboxamido)-8-azabicyclo[3.2.1]octan-8-yl)carbonyl)-4,5-dihydro-1,2-oxazole-3-carboxylate",,COC(=O)C1=NOC(C(=O)N2[C@@H]3CC[C@H]2C[C@@H](NC(=O)c2cnsn2)C3)C1,
59316,C[C@H](CC(=O)NC[C@]1(F)C[C@H](NC(=O)c2cc(Br)cs2)C1)n1cccc1,"(3R)-N-(((1r,3R)-3-(4-bromothiophene-2-carboxamido)-1-fluorocyclobutyl)methyl)-3-(1H-pyrrol-1-yl)butanamide",,C[C@H](CC(=O)NC[C@]1(F)C[C@H](NC(=O)c2cc(Br)cs2)C1)n1cccc1,
59327,COC(=O)[C@H](OC)C(=O)N1C[C@H]2[C@H](NC(=O)c3cc(OC)ns3)[C@H]2C1,"methyl (2R)-2-methoxy-3-((1R,5S,6S)-6-(3-methoxy-1,2-thiazole-5-carboxamido)-3-azabicyclo[3.1.0]hexan-3-yl)-3-oxopropanoate",,COC(=O)C(OC)C(=O)N1C[C@@H]2[C@H](C1)[C@H]2NC(=O)c1cc(OC)ns1,
59340,C[C@@H]1C[C@@H](NC(=O)[C@@H]2[C@H]3[C@@H]4CC[C@@H](C4)[C@H]32)CN(C(=O)Cc2ccc(O)nc2)C1,"(1R,2S,3r,4R,5S)-N-((3R,5R)-1-(2-(6-hydroxypyridin-3-yl)-acetyl)-5-methylpiperidin-3-yl)tricyclo[3.2.1.0^{2,4}]octane-3-carboxamide",,C[C@@H]1C[C@@H](NC(=O)C2[C@@H]3[C@H]4CC[C@H](C4)[C@H]23)CN(C(=O)Cc2ccc(=O)[nH]c2)C1,
59346,CCCCC(CCCC)C(=O)N1C[C@H]2[C@H](NC(=O)[C@H]3CCN(C)C3=O)[C@H]2C1,"(3R)-N-((1R,5S,6s)-3-(2-butyl-hexanoyl)-3-azabicyclo[3.1.0]hexan-6-yl)-1-methyl-2-oxopyrrolidine-3-carboxamide",,CCCCC(CCCC)C(=O)N1C[C@@H]2[C@H](C1)[C@H]2NC(=O)C1CCN(C)C1=O,
59389,CCc1nc(C)ncc1C(=O)N[C@@H](C)C1(O)CN(C(=O)[C@@H]2[C@H]3CC(F)(F)C[C@H]32)C1,"N-((1S)-1-(1-(((1R,5S,6r)-3,3-difluorobicyclo[3.1.0]hexan-6-yl)carbonyl)-3-hydroxyazetidin-3-yl)ethyl)-4-ethyl-2-methylpyrimidine-5-carboxamide",,CCc1nc(C)ncc1C(=O)N[C@@H](C)C1(O)CN(C(=O)C2[C@H]3CC(F)(F)C[C@@H]23)C1,
59400,C[C@H]1CCC[C@@H]1C(=O)N1[C@H]2CC[C@@H]1C[C@H](NC(=O)c1coc(C(F)F)c1)C2,"5-(difluoromethyl)-N-((1R,3S,5S)-8-(((1S,2S)-2-methylcyclopentyl)carbonyl)-8-azabicyclo[3.2.1]octan-3-yl)furan-3-carboxamide",,C[C@H]1CCCC1C(=O)N1[C@@H]2CC[C@H]1C[C@@H](NC(=O)c1coc(C(F)F)c1)C2,
59444,CN1CCOC[C@@H]1C(=O)NC[C@]1(F)C[C@@H](CNC(=O)COc2ccc(F)nc2)C1,"(3R)-N-(((1s,3S)-1-fluoro-3-((2-((6-fluoropyridin-3-yl)oxy)acetamido)methyl)cyclobutyl)methyl)-4-methylmorpholine-3-carboxamide",,CN1CCOCC1C(=O)NC[C@]1(F)C[C@@H](CNC(=O)COc2ccc(F)nc2)C1,
59508,Cn1ncnc1CCC(=O)N[C@@H]1CS(=O)(=O)C[C@H]1NC(=O)[C@]1(C)C[C@@H]2C[C@@H]2C1,"3-(1-methyl-1H-1,2,4-triazol-5-yl)-N-((3S,4S)-4-((1R,3r,5S)-3-methylbicyclo[3.1.0]hexane-3-carboxamido)-1,1-dioxothiolan-3-yl)propanamide",,Cn1ncnc1CCC(=O)N[C@@H]1CS(=O)(=O)C[C@H]1NC(=O)[C@@]1(C)C[C@H]2C[C@H]2C1,
59517,CC(C)[C@H](C(=O)N(C)C[C@H]1[C@@H]2CN(C(=O)C3=CSCS3)C[C@H]12)c1ccccc1,"(2S)-N-(((1R,5S,6r)-3-((2H-1,3-dithiol-4-yl)carbonyl)-3-azabicyclo[3.1.0]hexan-6-yl)methyl)-3,N-dimethyl-2-phenylbutanamide",,CC(C)C(C(=O)N(C)C[C@@H]1[C@H]2CN(C(=O)C3=CSCS3)C[C@@H]12)c1ccccc1,
59525,CC(C)[C@](C)(O)C(=O)N1C[C@H]2[C@H](N(C)C(=O)c3cc(Br)n[nH]3)[C@H]2C1,"3-bromo-N-((1R,5S,6R)-3-((2S)-2-hydroxy-2,3-dimethyl-butyryl)-3-azabicyclo[3.1.0]hexan-6-yl)-N-methyl-1H-pyrazole-5-carboxamide",,CC(C)[C@](C)(O)C(=O)N1C[C@@H]2[C@H](C1)[C@H]2N(C)C(=O)c1cc(Br)[nH]n1,
59529,Cc1c(C(=O)N(C)C[C@H]2[C@@H]3CN(C(=O)CNC(N)=O)C[C@H]23)oc2ccc(Cl)cc12,"N-(((1R,5S,6r)-3-(2-(carbamoylamino)-acetyl)-3-azabicyclo[3.1.0]hexan-6-yl)methyl)-5-chloro-3,N-dimethyl-1-benzofuran-2-carboxamide",,Cc1c(C(=O)N(C)C[C@@H]2[C@H]3CN(C(=O)CNC(N)=O)C[C@@H]23)oc2ccc(Cl)cc12,
59578,C=C[C@@H](CC)CC(=O)N[C@H]1C[C@](C)(NC(=O)c2ccc(CN(C)CCC)o2)C1,"(3S)-3-ethyl-N-((1r,3S)-3-methyl-3-(5-(((methyl)(propyl)amino)methyl)furan-2-carboxamido)cyclobutyl)pent-4-enamide",,C=C[C@@H](CC)CC(=O)N[C@H]1C[C@](C)(NC(=O)c2ccc(CN(C)CCC)o2)C1,
59591,C[C@H]1[C@@H](C)[C@@H]1C(=O)N1CC(C)(c2cn(-c3ccc(Cl)cc3)nn2)C1,"1-(3-(1-(4-chlorophenyl)-1H-1,2,3-triazol-4-yl)-3-methylazetidin-1-yl)-1-((1r,2R,3S)-2,3-dimethylcyclopropyl)methanone",,C[C@@H]1C(C(=O)N2CC(C)(c3cn(-c4ccc(Cl)cc4)nn3)C2)[C@@H]1C,
59660,C=C[C@H]1CN(C(=O)[C@]2(C)CC[C@@H](C(C)(C)C)CC2)C[C@H]1NC(=O)[C@]1(C)CCCO1,"(2S)-N-((3S,4S)-1-(((1r,4S)-4-(tert-butyl)-1-methylcyclohexyl)carbonyl)-4-ethenylpyrrolidin-3-yl)-2-methyloxolane-2-carboxamide",,C=C[C@H]1CN(C(=O)[C@]2(C)CC[C@@H](C(C)(C)C)CC2)C[C@H]1NC(=O)[C@]1(C)CCCO1,
59721,C=C(Cl)C(C)(C)C(=O)N[C@H]1C[C@@](C)(NC(=O)CCCOc2ccc(C)cc2)C1,"3-chloro-2,2-dimethyl-N-((1s,3s)-3-methyl-3-(4-((4-methylphenyl)oxy)butanamido)cyclobutyl)but-3-enamide",,C=C(Cl)C(C)(C)C(=O)N[C@H]1C[C@@](C)(NC(=O)CCCOc2ccc(C)cc2)C1,
59757,CCCc1ccc(C(=O)N2C[C@H]3[C@H](NC(=O)[C@@H](O)c4cnn(C)c4)[C@H]3C2)[nH]1,"(2S)-2-hydroxy-2-(1-methyl-1H-pyrazol-4-yl)-N-((1R,5S,6s)-3-((5-propyl-1H-pyrrol-2-yl)carbonyl)-3-azabicyclo[3.1.0]hexan-6-yl)acetamide",,CCCc1ccc(C(=O)N2C[C@@H]3[C@H](C2)[C@H]3NC(=O)C(O)c2cnn(C)c2)[nH]1,
59788,Cc1cscc1C(=O)N1[C@H]2CC[C@@H]1C[C@](O)(CNC(=O)CC(C)(F)F)C2,"3,3-difluoro-N-(((1R,3s,5S)-3-hydroxy-8-((4-methylthiophen-3-yl)carbonyl)-8-azabicyclo[3.2.1]octan-3-yl)methyl)butanamide",,Cc1cscc1C(=O)N1[C@@H]2CC[C@H]1C[C@@](O)(CNC(=O)CC(C)(F)F)C2,
59826,CC(C)(C#N)C(=O)N[C@H]1C[C@](C)(NC(=O)[C@@H]2CCS(=O)(=O)C23CCC3)C1,"2-cyano-N-((1S,3r)-3-((8S)-5,5-dioxo-5lambda^6-thiaspiro[3.4]octane-8-carboxamido)-3-methylcyclobutyl)-2-methylpropanamide",,CC(C)(C#N)C(=O)N[C@H]1C[C@](C)(NC(=O)C2CCS(=O)(=O)C23CCC3)C1,
59847,C[C@@H](O)C1(NC(=O)C[C@H]2[C@@H]3CN(C(=O)[C@]4(C)C=CCC4)C[C@H]23)CC1,"N-(1-((1R)-1-hydroxyethyl)cyclopropyl)-2-((1R,5S,6R)-3-(((1S)-1-methylcyclopent-2-en-1-yl)carbonyl)-3-azabicyclo[3.1.0]hexan-6-yl)acetamide",,C[C@@H](O)C1(NC(=O)C[C@@H]2[C@H]3CN(C(=O)[C@]4(C)C=CCC4)C[C@@H]23)CC1,
59883,O=C(N[C@@H]1C[C@H]1NC(=O)[C@H]1C[C@@H]2C[C@@H]2C1)c1cccc2cc(F)ccc12,"N-((1R,2R)-2-((1R,3s,5S)-bicyclo[3.1.0]hexane-3-carboxamido)cyclopropyl)-6-fluoronaphthalene-1-carboxamide",,O=C(N[C@@H]1C[C@H]1NC(=O)C1C[C@@H]2C[C@@H]2C1)c1cccc2cc(F)ccc12,
59906,CC(=O)c1ccc(N2[C@H]3CC[C@@H]2C[C@H](NC(=O)[C@@H]2CCO[C@H]2C)C3)nc1,"(2S,3R)-N-((1R,3r,5S)-8-(5-(acetyl)pyridin-2-yl)-8-azabicyclo[3.2.1]octan-3-yl)-2-methyloxolane-3-carboxamide",,CC(=O)c1ccc(N2[C@@H]3CC[C@H]2C[C@@H](NC(=O)C2CCO[C@H]2C)C3)nc1,
59988,CSc1ncc(C(=O)NC[C@@H]2C[C@@H]3CC[C@H](C2)N3C(=O)CN2CCCOC2=O)s1,"2-(methylsulfanyl)-N-(((1R,3r,5S)-8-(1-oxo-2-(2-oxo-1,3-oxazinan-3-yl)ethyl)-8-azabicyclo[3.2.1]octan-3-yl)methyl)-1,3-thiazole-5-carboxamide",,CSc1ncc(C(=O)NC[C@H]2C[C@H]3CC[C@@H](C2)N3C(=O)CN2CCCOC2=O)s1,
60084,O=C(CNC(=O)NC1CC1)NC[C@H]1C[C@@](F)(CNC(=O)c2nocc2Br)C1,"N-(((1r,3r)-3-((4-bromo-1,2-oxazole-3-carboxamido)methyl)-3-fluorocyclobutyl)methyl)-2-(cyclopropylcarbamoylamino)acetamide",,O=C(CNC(=O)NC1CC1)NC[C@H]1C[C@@](F)(CNC(=O)c2nocc2Br)C1,
60101,Cc1cc([C@@H](C)C(=O)NC[C@]2(F)C[C@H](CNC(=O)[C@@H](C)C3CC3)C2)c(C)o1,"(2R)-N-(((1S,3R)-3-(((2S)-2-cyclopropylpropanamido)methyl)-1-fluorocyclobutyl)methyl)-2-(2,5-dimethylfuran-3-yl)propanamide",,Cc1cc(C(C)C(=O)NC[C@]2(F)C[C@H](CNC(=O)C(C)C3CC3)C2)c(C)o1,
60112,O=C(N[C@H]1C[C@@H]2CC[C@H](C1)N2C(=O)C1(O)CC1)[C@H]1OC2CCC1CC2,"(3S)-N-((1R,3s,5S)-8-((1-hydroxycyclopropyl)carbonyl)-8-azabicyclo[3.2.1]octan-3-yl)-2-oxabicyclo[2.2.2]octane-3-carboxamide",,O=C(N[C@@H]1C[C@H]2CC[C@@H](C1)N2C(=O)C1(O)CC1)C1OC2CCC1CC2,
60139,CCOC(=O)[C@]1(C(C)C)C[C@@H]1C(=O)O[C@H](C)c1cccc(OC(F)F)c1,"2-(1R)-1-(3-((difluoromethyl)oxy)phenyl)ethyl 1-ethyl (1S,2S)-1-(propan-2-yl)cyclopropane-1,2-dicarboxylate",,CCOC(=O)[C@]1(C(C)C)CC1C(=O)O[C@H](C)c1cccc(OC(F)F)c1,
60154,C#Cc1cc(C(=O)NC[C@@H](C)CNC(=O)[C@]2(S(C)(=O)=O)C[C@@H](O)C2)ccc1C,3-(ethynyl)-N-((2R)-3-(3-hydroxy-1-(methylsulfonyl)cyclobutanecarboxamido)-2-methylpropyl)-4-methylbenzamide,C(#C)C=1C=C(C(=O)NC[C@H](CNC(=O)C2(CC(C2)O)S(=O)(=O)C)C)C=CC1C,C#Cc1cc(C(=O)NC[C@@H](C)CNC(=O)[C@]2(S(C)(=O)=O)C[C@@H](O)C2)ccc1C,C#Cc1cc(C(=O)NC[C@@H](C)CNC(=O)C2(S(C)(=O)=O)CC(O)C2)ccc1C
60288,CCc1nc[nH]c1C(=O)N1[C@H]2CC[C@@H]1C[C@](O)(CNC(=O)C[C@@H]1CC1(C)C)C2,"2-((1S)-2,2-dimethylcyclopropyl)-N-(((1R,3s,5S)-8-((4-ethyl-1H-imidazol-5-yl)carbonyl)-3-hydroxy-8-azabicyclo[3.2.1]octan-3-yl)methyl)acetamide",,CCc1[nH]cnc1C(=O)N1[C@@H]2CC[C@H]1C[C@@](O)(CNC(=O)C[C@@H]1CC1(C)C)C2,
60424,O=C(C#CC1CCC1)NC[C@]1(F)C[C@@H](CNC(=O)CCCCC2CC2)C1,"N-(((1s,3s)-3-((3-cyclobutylprop-2-ynamido)methyl)-3-fluorocyclobutyl)methyl)-5-cyclopropylpentanamide",,O=C(C#CC1CCC1)NC[C@]1(F)C[C@@H](CNC(=O)CCCCC2CC2)C1,
60436,C=C(C)CC(=O)N1CC[C@H](CCNC(=O)[C@@H]2C[C@H]3[C@@H](C2)C3(F)F)C1,"(1R,3r,5S)-6,6-difluoro-N-(2-((3S)-1-(3-methyl-1-oxobut-3-en-1-yl)pyrrolidin-3-yl)ethyl)bicyclo[3.1.0]hexane-3-carboxamide",,C=C(C)CC(=O)N1CC[C@H](CCNC(=O)C2C[C@@H]3[C@H](C2)C3(F)F)C1,
60488,C[C@]1(O)C[C@@H](C(=O)N2C[C@H](C(=O)NC[C@@H]3CCC4(CCC4)O3)C(F)(F)C2)C1,"(3R)-4,4-difluoro-1-(((1s,3S)-3-hydroxy-3-methylcyclobutyl)carbonyl)-N-(((6S)-5-oxaspiro[3.4]octan-6-yl)methyl)pyrrolidine-3-carboxamide",,CC1(O)CC(C(=O)N2CC(C(=O)NC[C@@H]3CCC4(CCC4)O3)C(F)(F)C2)C1,
60502,COc1cc(C(=O)N2C[C@@H]3[C@H](C(=O)N4CCC[C@H](C(N)=O)C4)[C@@H]3C2)n(C)n1,"(3S)-1-(((1R,5S,6s)-3-((3-methoxy-1-methyl-1H-pyrazol-5-yl)carbonyl)-3-azabicyclo[3.1.0]hexan-6-yl)carbonyl)piperidine-3-carboxamide",,COc1cc(C(=O)N2C[C@@H]3C(C(=O)N4CCCC(C(N)=O)C4)[C@@H]3C2)n(C)n1,
60523,CC(=O)N(C)CCCC(=O)N1C[C@H](C(=O)N[C@]2(C)C[C@H](N(C)C)C2)CC12CCC2,"N-(4-((7R)-7-(((1s,3S)-3-(dimethylamino)-1-methylcyclobutyl)carbamoyl)-5-azaspiro[3.4]octan-5-yl)-4-oxobutyl)-N-methylacetamide",,CC(=O)N(C)CCCC(=O)N1CC(C(=O)N[C@]2(C)C[C@H](N(C)C)C2)CC12CCC2,
60536,COc1cc(-n2nc(C(F)F)nc2[C@H]2CC[C@@](C)(F)CC2)ccc1Cl,"1-(4-chloro-3-methoxyphenyl)-3-(difluoromethyl)-5-((1s,4s)-4-fluoro-4-methylcyclohexyl)-1H-1,2,4-triazole",,COc1cc(-n2nc(C(F)F)nc2[C@H]2CC[C@@](C)(F)CC2)ccc1Cl,
60576,C[C@H]1C[C@@H](NC(=O)C=Cc2cnc[nH]2)CN1C(=O)C1=C2CCN=C2NC=C1,"N-((3R,5S)-1-((3,7-dihydro-1H-pyrrolo[2,3-b]pyridin-4-yl)carbonyl)-5-methylpyrrolidin-3-yl)-3-(1H-imidazol-5-yl)prop-2-enamide",N1CCC2=C1NCC=C2C(=O)N2C[C@@H](C[C@@H]2C)NC(C=CC2=CN=CN2)=O,C[C@H]1C[C@@H](NC(=O)C=Cc2c[nH]cn2)CN1C(=O)c1ccnc2c1CCN2,C[C@H]1C[C@@H](NC(=O)C=Cc2c[nH]cn2)CN1C(=O)C1=CCN=C2NCCC12
60605,CNC(=O)C[C@@H]1CCN1C(=O)[C@H]1N(C(=O)[C@@H]2[C@H]3[C@@H]4CC[C@@H](C4)[C@H]32)CCC1(C)C,"2-((2S)-1-(((2S)-3,3-dimethyl-1-(((1R,2S,3r,4R,5S)-tricyclo[3.2.1.0^{2,4}]octan-3-yl)carbonyl)pyrrolidin-2-yl)carbonyl)azetidin-2-yl)-N-methylacetamide",,CNC(=O)C[C@@H]1CCN1C(=O)C1N(C(=O)C2[C@@H]3[C@H]4CC[C@H](C4)[C@H]23)CCC1(C)C,
60668,O=C1C[C@H]2[C@@H](C1)[C@@H]2C(=O)NCCNC(=O)[C@]1(CO)CCCO1,"(2R)-2-(hydroxymethyl)-N-(2-((1R,5S,6r)-3-oxobicyclo[3.1.0]hexane-6-carboxamido)ethyl)oxolane-2-carboxamide",,O=C1C[C@@H]2C(C(=O)NCCNC(=O)[C@]3(CO)CCCO3)[C@@H]2C1,
60738,C#CC[C@]1(O)C[C@@H](C(=O)N2C[C@@H](C(=O)NC[C@@H]3C(C)(C)C3(F)F)C(F)(F)C2)C1,"(3S)-N-(((1S)-2,2-difluoro-3,3-dimethylcyclopropyl)methyl)-4,4-difluoro-1-(((1s,3R)-3-hydroxy-3-(prop-2-yn-1-yl)cyclobutyl)carbonyl)pyrrolidine-3-carboxamide",,C#CCC1(O)CC(C(=O)N2CC(C(=O)NC[C@@H]3C(C)(C)C3(F)F)C(F)(F)C2)C1,
60804,CC(C)[C@@H](CNC(=O)[C@H]1C[C@@](C)(O)C1)C(=O)N1CCC2(CCCC2)C1,"(1s,3R)-N-((2S)-2-((2-azaspiro[4.4]nonan-2-yl)carbonyl)-3-methylbutyl)-3-hydroxy-3-methylcyclobutanecarboxamide",,CC(C)C(CNC(=O)C1CC(C)(O)C1)C(=O)N1CCC2(CCCC2)C1,
60852,CC(C)(C)C1CC(NC(=O)C2=CCCN(C(=O)[C@@H]3[C@H]4CCC[C@H]43)C2)C1,"1-(((1R,5S,6r)-bicyclo[3.1.0]hexan-6-yl)carbonyl)-N-(3-(tert-butyl)cyclobutyl)-1,2,5,6-tetrahydropyridine-3-carboxamide",,CC(C)(C)C1CC(NC(=O)C2=CCCN(C(=O)C3[C@H]4CCC[C@@H]34)C2)C1,
60963,CCOC(=O)C[C@@H](NC[C@]1(O)[C@@H]2[C@@H]3[C@@H]4C[C@H]5[C@H]3C[C@H]2[C@@H]5[C@H]41)C1CCCCC1,"ethyl (3R)-3-cyclohexyl-3-((((1S,2R,3S,4S,5S,6S,8R,9S,10S)-4-hydroxypentacyclo[6.3.0.0^{3,10}.0^{5,9}.0^{2,6}]undecan-4-yl)methyl)amino)propanoate",,CCOC(=O)C[C@@H](NC[C@@]1(O)[C@H]2[C@H]3C[C@H]4[C@H]5C[C@@H]([C@@H]42)[C@H]1[C@@H]53)C1CCCCC1,
61072,COC(=O)[C@H](C)CCNC(=O)[C@H]1CNC(=O)CN1C(=O)[C@@H]1[C@H]2CCCC[C@H]21,"methyl (2R)-4-((2R)-1-(((1R,6S,7r)-bicyclo[4.1.0]heptan-7-yl)carbonyl)-5-oxopiperazine-2-carboxamido)-2-methylbutanoate",,COC(=O)C(C)CCNC(=O)C1CNC(=O)CN1C(=O)C1[C@H]2CCCC[C@@H]12,
61074,O=C(N[C@@H]1CC2(CN(C(=O)CO)C2)n2ccnc21)C1CC2(C1)CC21CCC1,"N-((6R)-spiro[1,4-diazabicyclo[3.3.0]octa-2,4-diene-8,3'-(1-(1-azacyclobutan-1-yl)-2-hydroxyethane)]-6-yl-1'-one)dispiro[3.0.3.1]nonane-2-carboxamide",,O=C(N[C@@H]1CC2(CN(C(=O)CO)C2)n2ccnc21)C1CC2(C1)CC21CCC1,
61107,CO[C@@H]1C[C@H]1C(=O)NC[C@]1(F)C[C@H](NC(=O)c2ccc3ccccc3c2O)C1,"N-((1R,3r)-3-fluoro-3-(((1R,2R)-2-methoxycyclopropanecarboxamido)methyl)cyclobutyl)-1-hydroxynaphthalene-2-carboxamide",,CO[C@@H]1CC1C(=O)NC[C@]1(F)C[C@H](NC(=O)c2ccc3ccccc3c2O)C1,
61109,COC(=O)CCC(=O)N1C[C@H]2[C@H](CN(C)C(=O)[C@H](O)C3CC(F)(F)C3)[C@H]2C1,"methyl 4-((1R,5S,6r)-6-((N-methyl(2R)-2-(3,3-difluorocyclobutyl)-2-hydroxyacetamido)methyl)-3-azabicyclo[3.1.0]hexan-3-yl)-4-oxobutanoate",,COC(=O)CCC(=O)N1C[C@@H]2[C@@H](CN(C)C(=O)C(O)C3CC(F)(F)C3)[C@@H]2C1,
61141,CO[C@H]1CC[C@@H](C(=O)NC[C@H]2CC[C@H]2C(=O)N[C@@H]2[C@H]3COC[C@H]32)CC1,"cis-4-methoxy-N-(((1S,2R)-2-(((1R,5S,6r)-3-oxabicyclo[3.1.0]hexan-6-yl)carbamoyl)cyclobutyl)methyl)cyclohexanecarboxamide",,COC1CCC(C(=O)NC[C@H]2CCC2C(=O)N[C@H]2[C@@H]3COC[C@@H]32)CC1,
61298,CCc1nc(C)n(C)c1C(=O)NC[C@H]1CC[C@@](F)(CNC(=O)c2cnsn2)CC1,"N-(((1r,4r)-4-((4-ethyl-1,2-dimethyl-1H-imidazole-5-carboxamido)methyl)-1-fluorocyclohexyl)methyl)-1,2,5-thiadiazole-3-carboxamide",,CCc1nc(C)n(C)c1C(=O)NC[C@H]1CC[C@@](F)(CNC(=O)c2cnsn2)CC1,
61440,Cc1cc(C(=O)N[C@H]2C[C@@H](OCC(=O)N[C@@H]3[C@H]4COC[C@H]43)C2)c[nH]1,"N-(cis-3-((2-(((1R,5S,6r)-3-oxabicyclo[3.1.0]hexan-6-yl)amino)-2-oxoethyl)oxy)cyclobutyl)-5-methyl-1H-pyrrole-3-carboxamide",,Cc1cc(C(=O)N[C@H]2C[C@@H](OCC(=O)N[C@H]3[C@@H]4COC[C@@H]43)C2)c[nH]1,
61450,Cc1occc1C(=O)N1C[C@H]2C[C@@H](C(=O)NCC[C@@H]3CCN(C)C3=O)C[C@H]2C1,"(1R,5S,7r)-N-(2-((3R)-1-methyl-2-oxopyrrolidin-3-yl)ethyl)-3-((2-methylfuran-3-yl)carbonyl)-3-azabicyclo[3.3.0]octane-7-carboxamide",,Cc1occc1C(=O)N1C[C@H]2CC(C(=O)NCCC3CCN(C)C3=O)C[C@H]2C1,
61489,COCC=CC(=O)N1CCCC[C@]12C[C@H](NC(=O)Cc1ccc(C)c(Cl)c1)C2,2-(3-chloro-4-methylphenyl)-N-(5-(4-methoxy-1-oxobut-2-en-1-yl)-5-azaspiro[3.5]nonan-2-yl)acetamide,ClC=1C=C(C=CC1C)CC(=O)NC1CC2(C1)N(CCCC2)C(C=CCOC)=O,COCC=CC(=O)N1CCCC[C@]12C[C@H](NC(=O)Cc1ccc(C)c(Cl)c1)C2,COCC=CC(=O)N1CCCCC12CC(NC(=O)Cc1ccc(C)c(Cl)c1)C2
61571,COc1cccc(C(=O)N(C)[C@H]2[C@@H]3CN(C(=O)[C@H]4CCN(C)C4=O)C[C@@H]32)c1,"3-methoxy-N-methyl-N-((1R,5S,6R)-3-(((3S)-1-methyl-2-oxopyrrolidin-3-yl)carbonyl)-3-azabicyclo[3.1.0]hexan-6-yl)benzamide",,COc1cccc(C(=O)N(C)[C@H]2[C@@H]3CN(C(=O)C4CCN(C)C4=O)C[C@@H]32)c1,
61606,C[C@@]1(C#CC(=O)NC[C@H]2C[C@@](F)(CNC(=O)c3ccc(N)c(F)c3)C2)CCCO1,"N-(((1r,3S)-3-((4-amino-3-fluorobenzamido)methyl)-3-fluorocyclobutyl)methyl)-3-((2S)-2-methyloxolan-2-yl)prop-2-ynamide",,C[C@@]1(C#CC(=O)NC[C@H]2C[C@@](F)(CNC(=O)c3ccc(N)c(F)c3)C2)CCCO1,
61649,Cn1cc([N+](=O)[O-])c(CNc2nc3ccccc3[nH]c2=N[C@H]2C[C@H]3CC[C@H]2C3)n1,"3-(((1S,2S,4S)-bicyclo[2.2.1]heptan-2-yl)imino)-N-((1-methyl-4-nitro-1H-pyrazol-3-yl)methyl)quinoxalin-2-amine",[C@H]12[C@H](C[C@@H](CC1)C2)N=C2C(N=C1C=CC=CC1=N2)NCC2=NN(C=C2[N+](=O)[O-])C,Cn1cc([N+](=O)[O-])c(CNc2nc3ccccc3nc2N[C@H]2C[C@H]3CC[C@H]2C3)n1,Cn1cc([N+](=O)[O-])c(CNC2N=c3ccccc3=NC2=N[C@H]2C[C@H]3CC[C@H]2C3)n1
61657,CSC(C)(C)CC(=O)N1C[C@H]2[C@H](NC(=O)C(C)(C)c3ccc(F)c(F)c3)[C@H]2C1,"2-(3,4-difluorophenyl)-2-methyl-N-((1R,5S,6s)-3-(3-methyl-3-(methylsulfanyl)-butyryl)-3-azabicyclo[3.1.0]hexan-6-yl)propanamide",,CSC(C)(C)CC(=O)N1C[C@@H]2[C@H](C1)[C@H]2NC(=O)C(C)(C)c1ccc(F)c(F)c1,
61699,CC(C)c1nccc(C(=O)NC[C@]2(F)C[C@H](CNC(=O)C[C@]3(C)CCCO3)C2)n1,"N-(((1S,3r)-1-fluoro-3-((2-((2S)-2-methyloxolan-2-yl)acetamido)methyl)cyclobutyl)methyl)-2-(propan-2-yl)pyrimidine-4-carboxamide",,CC(C)c1nccc(C(=O)NC[C@]2(F)C[C@H](CNC(=O)C[C@]3(C)CCCO3)C2)n1,
61710,CN(C[C@H]1[C@@H]2CN(C(=O)[C@]34COC[C@H]3C4(F)F)C[C@H]12)C(=O)C1(F)C(C)(C)C1(C)C,"N-(((1R,5S,6R)-3-(((1R,5S)-6,6-difluoro-3-oxabicyclo[3.1.0]hexan-1-yl)carbonyl)-3-azabicyclo[3.1.0]hexan-6-yl)methyl)-1-fluoro-2,2,3,3,N-pentamethylcyclopropanecarboxamide",,CN(C[C@@H]1[C@H]2CN(C(=O)[C@]34COC[C@H]3C4(F)F)C[C@@H]12)C(=O)C1(F)C(C)(C)C1(C)C,
61789,CCO[C@@H](C)CCC(=O)N1C[C@H]2[C@H](CC(=O)NC(CC)(CC)CC)[C@H]2C1,"2-((1R,5S,6R)-3-((4S)-4-ethoxy-pentanoyl)-3-azabicyclo[3.1.0]hexan-6-yl)-N-(3-ethylpentan-3-yl)acetamide",,CCO[C@@H](C)CCC(=O)N1C[C@@H]2[C@@H](CC(=O)NC(CC)(CC)CC)[C@@H]2C1,
61820,CCN(Cc1nccn1C)C(=O)[C@@H]1[C@H]2CN(C(=O)CCc3ccccc3F)C[C@H]21,"(1R,5S,6r)-N-ethyl-3-(3-(2-fluorophenyl)-propionyl)-N-((1-methyl-1H-imidazol-2-yl)methyl)-3-azabicyclo[3.1.0]hexane-6-carboxamide",,CCN(Cc1nccn1C)C(=O)C1[C@H]2CN(C(=O)CCc3ccccc3F)C[C@@H]12,
61857,C[C@]1(NC(=O)c2nccc(Cl)c2Cl)C[C@H](NC(=O)c2c(F)cccc2F)C1,"3,4-dichloro-N-((1r,3r)-3-(2,6-difluorobenzamido)-1-methylcyclobutyl)pyridine-2-carboxamide",,C[C@]1(NC(=O)c2nccc(Cl)c2Cl)C[C@H](NC(=O)c2c(F)cccc2F)C1,
61869,C[C@H]1CN(C(=O)[C@H]2C[C@@](F)(CO)C2)C[C@H]1NC(=O)C1CN(C2CCOCC2)C1,"N-((3S,4S)-1-(((1r,3S)-3-fluoro-3-(hydroxymethyl)cyclobutyl)carbonyl)-4-methylpyrrolidin-3-yl)-1-(oxan-4-yl)azetidine-3-carboxamide",,C[C@H]1CN(C(=O)C2CC(F)(CO)C2)C[C@H]1NC(=O)C1CN(C2CCOCC2)C1,
61904,Cc1cncnc1C(=O)N(C)C[C@H]1[C@@H]2CN(C(=O)C3CSC3)C[C@H]12,"5,N-dimethyl-N-(((1R,5S,6r)-3-((thietan-3-yl)carbonyl)-3-azabicyclo[3.1.0]hexan-6-yl)methyl)pyrimidine-4-carboxamide",,Cc1cncnc1C(=O)N(C)C[C@@H]1[C@H]2CN(C(=O)C3CSC3)C[C@@H]12,
61914,CN(C)CC1(O)CN(C(=O)[C@H]2C[C@@](C)(NC(=O)[C@@H](O)C3CCCC3)C2)C1,"(2S)-2-cyclopentyl-N-((1s,3R)-3-((3-((dimethylamino)methyl)-3-hydroxyazetidin-1-yl)carbonyl)-1-methylcyclobutyl)-2-hydroxyacetamide",,CN(C)CC1(O)CN(C(=O)C2CC(C)(NC(=O)C(O)C3CCCC3)C2)C1,
62043,CC(C)Cc1cc(N[C@H]2C[C@](F)(CNC(=O)[C@@H]3CCCC(F)(F)C3)C2)ncn1,"(1R)-3,3-difluoro-N-(((1s,3S)-1-fluoro-3-((6-(2-methylpropyl)pyrimidin-4-yl)amino)cyclobutyl)methyl)cyclohexanecarboxamide",,CC(C)Cc1cc(N[C@H]2C[C@](F)(CNC(=O)C3CCCC(F)(F)C3)C2)ncn1,
62100,Cc1cncc(C(=O)N2CC[C@H](NC(=O)[C@@H]3C[C@@H]4CS(=O)(=O)C[C@@H]4C3)[C@@H](O)C2)c1,"(1R,5S,7r)-N-((3S,4S)-3-hydroxy-1-((5-methylpyridin-3-yl)carbonyl)piperidin-4-yl)-3,3-dioxo-3lambda^6-thiabicyclo[3.3.0]octane-7-carboxamide",,Cc1cncc(C(=O)N2CC[C@H](NC(=O)C3C[C@@H]4CS(=O)(=O)C[C@@H]4C3)[C@@H](O)C2)c1,
62125,CC(Cl)=CC(=O)N1[C@H]2CC[C@@H]1C[C@@H](CNC(=O)C[C@H](O)Cc1ccccc1)C2,"(3R)-N-(((1R,3s,5S)-8-(3-chloro-1-oxobut-2-en-1-yl)-8-azabicyclo[3.2.1]octan-3-yl)methyl)-3-hydroxy-4-phenylbutanamide",,CC(Cl)=CC(=O)N1[C@@H]2CC[C@H]1C[C@H](CNC(=O)C[C@H](O)Cc1ccccc1)C2,
62210,Cc1cnoc1C(=O)NCCN1CCN(C(=O)[C@@H]2[C@H]3C[C@H]3[C@H]3C[C@H]32)CC12CCC2,"4-methyl-N-(2-(8-(((1S,2R,4R,5r,6S)-tricyclo[4.1.0.0^{2,4}]heptan-5-yl)carbonyl)-5,8-diazaspiro[3.5]nonan-5-yl)ethyl)-1,2-oxazole-5-carboxamide",,Cc1cnoc1C(=O)NCCN1CCN(C(=O)C2[C@H]3C[C@H]3[C@H]3C[C@@H]23)CC12CCC2,
62231,C[C@]1(NC(=O)/C=C/c2cccc(F)c2Cl)C[C@H](NC(=O)c2ccc(F)cn2)C1,"(2E)-3-(2-chloro-3-fluorophenyl)-N-((1r,3r)-3-(5-fluoropyridine-2-carboxamido)-1-methylcyclobutyl)prop-2-enamide",,C[C@]1(NC(=O)/C=C/c2cccc(F)c2Cl)C[C@H](NC(=O)c2ccc(F)cn2)C1,
62339,C[C@H]1CN(C)C[C@H](C(=O)NC[C@]2(F)C[C@@H](CNC(=O)c3cc(CCO)on3)C2)O1,"(2R,6S)-N-(((1s,3S)-1-fluoro-3-((5-(2-hydroxyethyl)-1,2-oxazole-3-carboxamido)methyl)cyclobutyl)methyl)-4,6-dimethylmorpholine-2-carboxamide",,C[C@H]1CN(C)CC(C(=O)NC[C@]2(F)C[C@@H](CNC(=O)c3cc(CCO)on3)C2)O1,
62349,CC1(C)CCC(O)(C(=O)NC[C@]2(F)C[C@H](CNC(=O)C[C@@H]3CC=CCC3)C2)CC1,"N-(((1S,3r)-3-((2-((1S)-cyclohex-3-en-1-yl)acetamido)methyl)-1-fluorocyclobutyl)methyl)-1-hydroxy-4,4-dimethylcyclohexanecarboxamide",,CC1(C)CCC(O)(C(=O)NC[C@]2(F)C[C@H](CNC(=O)C[C@@H]3CC=CCC3)C2)CC1,
62497,CCC[C@@H]1C[C@H]1C(=O)NC[C@H]1C[C@](F)(CNC(=O)CC2(C)CC2)C1,"(1R,2R)-N-(((1s,3S)-3-fluoro-3-((2-(1-methylcyclopropyl)acetamido)methyl)cyclobutyl)methyl)-2-propylcyclopropanecarboxamide",,CCC[C@@H]1CC1C(=O)NC[C@H]1C[C@](F)(CNC(=O)CC2(C)CC2)C1,
62519,COC1(OC)CC(C(=O)N[C@H]2CN(C(=O)[C@@H]3C[C@@H]4CC[C@@H]4C3)C[C@@H]2C2CC2)C1,"N-((3R,4S)-1-(((1R,3r,5S)-bicyclo[3.2.0]heptan-3-yl)carbonyl)-4-cyclopropylpyrrolidin-3-yl)-3,3-dimethoxycyclobutanecarboxamide",,COC1(OC)CC(C(=O)N[C@H]2CN(C(=O)C3C[C@H]4CC[C@H]4C3)C[C@@H]2C2CC2)C1,
62579,CCCCC1(C(=O)N2C[C@H]3[C@H](N(C)C(=O)c4cnc5snc(C)c5c4)[C@H]3C2)CC1,"N-((1R,5S,6s)-3-((1-butylcyclopropyl)carbonyl)-3-azabicyclo[3.1.0]hexan-6-yl)-9,N-dimethyl-7-thia-5,8-diazabicyclo[4.3.0]nona-1(6),2,4,8-tetraene-3-carboxamide",,CCCCC1(C(=O)N2C[C@@H]3[C@H](C2)[C@H]3N(C)C(=O)c2cnc3snc(C)c3c2)CC1,
62642,COCC(=O)NCCC(=O)N1CC[C@@H](CNC(=O)[C@@]2(C(=O)OC)[C@H]3CC[C@H]32)C1,"methyl (1R,4S,5r)-5-((((3S)-1-(3-(2-methoxyacetamido)-propionyl)pyrrolidin-3-yl)methyl)carbamoyl)bicyclo[2.1.0]pentane-5-carboxylate",,COCC(=O)NCCC(=O)N1CC[C@@H](CNC(=O)[C@]2(C(=O)OC)[C@@H]3CC[C@@H]32)C1,
62666,C[C@@H](CF)CC(=O)N1[C@H]2CC[C@@H]1C[C@H](CNC(=O)c1cccnn1)C2,"N-(((1R,3R,5S)-8-((3R)-4-fluoro-3-methyl-butyryl)-8-azabicyclo[3.2.1]octan-3-yl)methyl)pyridazine-3-carboxamide",,C[C@@H](CF)CC(=O)N1[C@@H]2CC[C@H]1C[C@@H](CNC(=O)c1cccnn1)C2,
62674,CN(C(=O)Cc1cn[nH]c1)[C@H]1C[C@@H]2CC[C@H](C1)N2C(=O)[C@@H]1COCCO1,"N-((1R,3R,5S)-8-(((2S)-1,4-dioxan-2-yl)carbonyl)-8-azabicyclo[3.2.1]octan-3-yl)-N-methyl-2-(1H-pyrazol-4-yl)acetamide",,CN(C(=O)Cc1cn[nH]c1)[C@@H]1C[C@H]2CC[C@@H](C1)N2C(=O)C1COCCO1,
62727,C=C(Cl)C(C)(C)C(=O)N(C)C[C@H]1[C@@H]2CN(C(=O)Cc3cc(CC)no3)C[C@H]12,"3-chloro-N-(((1R,5S,6r)-3-(2-(3-ethyl-1,2-oxazol-5-yl)-acetyl)-3-azabicyclo[3.1.0]hexan-6-yl)methyl)-2,2,N-trimethylbut-3-enamide",,C=C(Cl)C(C)(C)C(=O)N(C)C[C@@H]1[C@H]2CN(C(=O)Cc3cc(CC)no3)C[C@@H]12,
62823,COc1ccc(C(=O)N2C[C@H]3[C@H](CNC(=O)[C@]4(C)CCCS4)[C@H]3C2)c2[nH]ncc12,"(2S)-N-(((1R,5S,6r)-3-((4-methoxy-1H-indazol-7-yl)carbonyl)-3-azabicyclo[3.1.0]hexan-6-yl)methyl)-2-methylthiolane-2-carboxamide",,COc1ccc(C(=O)N2C[C@@H]3[C@@H](CNC(=O)[C@]4(C)CCCS4)[C@@H]3C2)c2[nH]ncc12,
62842,CCCC[C@H](C)C(=O)N1C[C@H]2[C@H](NC(=O)c3c(O)cc(=O)n4c3COCC4)[C@H]2C1,"9-hydroxy-N-((1R,5S,6R)-3-((2S)-2-methyl-hexanoyl)-3-azabicyclo[3.1.0]hexan-6-yl)-7-oxo-3-oxa-6-azabicyclo[4.4.0]deca-1(10),8-diene-10-carboxamide",,CCCCC(C)C(=O)N1C[C@@H]2[C@H](C1)[C@H]2NC(=O)c1c(O)cc(=O)n2c1COCC2,
62959,CC[C@H](C)[C@@H](C(=O)N1CCC[C@H](C(=O)N[C@@H]2[C@H]3CCC[C@H]32)CC1)N(C)C,"(4S)-N-((1R,5S,6r)-bicyclo[3.1.0]hexan-6-yl)-1-((2S,3S)-2-(dimethylamino)-3-methyl-pentanoyl)azepane-4-carboxamide",,CC[C@H](C)C(C(=O)N1CCCC(C(=O)N[C@H]2[C@@H]3CCC[C@@H]32)CC1)N(C)C,
62975,Cc1c(CC(=O)N(C)C[C@H]2[C@@H]3CN(C(=O)[C@@]4(O)CCOC4(C)C)C[C@H]23)ncn1C,"2-(1,5-dimethyl-1H-imidazol-4-yl)-N-(((1R,5S,6R)-3-(((3R)-3-hydroxy-2,2-dimethyloxolan-3-yl)carbonyl)-3-azabicyclo[3.1.0]hexan-6-yl)methyl)-N-methylacetamide",,Cc1c(CC(=O)N(C)C[C@@H]2[C@H]3CN(C(=O)[C@@]4(O)CCOC4(C)C)C[C@@H]23)ncn1C,
62978,Cc1oncc1C(=O)N1C[C@H]2[C@H](CNC(=O)c3sc(Br)c(C)c3C)[C@H]2C1,"5-bromo-3,4-dimethyl-N-(((1R,5S,6r)-3-((5-methyl-1,2-oxazol-4-yl)carbonyl)-3-azabicyclo[3.1.0]hexan-6-yl)methyl)thiophene-2-carboxamide",,Cc1oncc1C(=O)N1C[C@@H]2[C@@H](CNC(=O)c3sc(Br)c(C)c3C)[C@@H]2C1,
62981,O=C(NC[C@]1(F)C[C@H](N=c2ccnc(Cc3ccccc3)[nH]2)C1)C1CSC1,"N-(((1r,3r)-3-((2-benzyl-3H-pyrimidin-4-ylidene)amino)-1-fluorocyclobutyl)methyl)thietane-3-carboxamide",,O=C(NC[C@]1(F)C[C@H](Nc2ccnc(Cc3ccccc3)n2)C1)C1CSC1,
63000,CC(=O)c1ccc(CC(=O)N2C[C@H]3[C@H](CNC(=O)CC4(C)CC4)[C@H]3C2)s1,"N-(((1R,5S,6r)-3-(2-(5-(acetyl)thiophen-2-yl)-acetyl)-3-azabicyclo[3.1.0]hexan-6-yl)methyl)-2-(1-methylcyclopropyl)acetamide",,CC(=O)c1ccc(CC(=O)N2C[C@@H]3[C@@H](CNC(=O)CC4(C)CC4)[C@@H]3C2)s1,
63033,CCN(C[C@@H]1CCCN1C(=O)c1cccc(C)c1F)C(=O)[C@@H]1[C@H]2COC[C@H]21,"(1R,5S,6r)-N-ethyl-N-(((2S)-1-((2-fluoro-3-methylphenyl)carbonyl)pyrrolidin-2-yl)methyl)-3-oxabicyclo[3.1.0]hexane-6-carboxamide",,CCN(C[C@@H]1CCCN1C(=O)c1cccc(C)c1F)C(=O)C1[C@H]2COC[C@@H]12,
63074,Cc1cccc(C(=O)N[C@H]2C[C@@H]3CC[C@H](C2)N3C(=O)CC[C@@H]2CCCO2)c1O,"2-hydroxy-3-methyl-N-((1R,3R,5S)-8-(1-oxo-3-((2S)-oxolan-2-yl)propyl)-8-azabicyclo[3.2.1]octan-3-yl)benzamide",,Cc1cccc(C(=O)N[C@@H]2C[C@H]3CC[C@@H](C2)N3C(=O)CC[C@@H]2CCCO2)c1O,
63079,CC[C@H](OC)C(=O)N[C@H]1C[C@](C)(NC(=O)c2ccc(O)c3ncccc23)C1,"(2S)-N-((1r,3S)-3-(8-hydroxyquinoline-5-carboxamido)-3-methylcyclobutyl)-2-methoxybutanamide",,CCC(OC)C(=O)N[C@H]1C[C@](C)(NC(=O)c2ccc(O)c3ncccc23)C1,
63095,Cn1ncc(CNC(=O)[C@@H]2C[C@@H]3CC[C@@H]3C2)c1C(=O)N1CCC(C)(F)CC1,"(1R,3r,5S)-N-((5-((4-fluoro-4-methylpiperidin-1-yl)carbonyl)-1-methyl-1H-pyrazol-4-yl)methyl)bicyclo[3.2.0]heptane-3-carboxamide",,Cn1ncc(CNC(=O)C2C[C@H]3CC[C@H]3C2)c1C(=O)N1CCC(C)(F)CC1,
63126,CCCN(CC(=O)NOCC[C@H](C)O)C(=O)[C@H]1C[C@@H]2CC[C@@H]2C1,"N-((3S)-3-hydroxybutoxy)-2-(N-propyl(1R,3s,5S)-bicyclo[3.2.0]heptane-3-carboxamido)acetamide",,CCCN(CC(=O)NOCC[C@H](C)O)C(=O)C1C[C@H]2CC[C@H]2C1,
63208,CCc1cccc(C(=O)N[C@H]2CCN(C(=O)[C@@H]3C[C@@H]4CSC[C@@H](C4)C3)[C@H](C)C2)n1,"6-ethyl-N-((2R,4S)-2-methyl-1-(((1R,5S,7r)-3-thiabicyclo[3.3.1]nonan-7-yl)carbonyl)piperidin-4-yl)pyridine-2-carboxamide",,CCc1cccc(C(=O)N[C@H]2CCN(C(=O)C3C[C@H]4CSC[C@@H](C3)C4)[C@H](C)C2)n1,
63219,C[C@H](NC(=O)c1ccco1)C(=O)N[C@H]1[C@@H]2CN(C(=O)[C@@H](F)CC3CCC3)C[C@@H]21,"N-((2S)-1-(((1R,5S,6R)-3-((2S)-3-cyclobutyl-2-fluoro-propionyl)-3-azabicyclo[3.1.0]hexan-6-yl)amino)-1-oxopropan-2-yl)furan-2-carboxamide",,CC(NC(=O)c1ccco1)C(=O)N[C@H]1[C@@H]2CN(C(=O)C(F)CC3CCC3)C[C@@H]21,
63276,CN(C(=O)[C@H]1CC[C@H]2C[C@H]2CC1)[C@H]1CCN(C(=O)c2ccn3c(O)nnc3c2)C1,"(1R,4s,7S)-N-((3S)-1-((3-hydroxy[1,2,4]triazolo[4,3-a]pyridin-7-yl)carbonyl)pyrrolidin-3-yl)-N-methylbicyclo[5.1.0]octane-4-carboxamide",,CN(C(=O)C1CC[C@@H]2C[C@@H]2CC1)[C@H]1CCN(C(=O)c2ccn3c(=O)[nH]nc3c2)C1,
63325,C[C@H](C(=O)N1C[C@H]2[C@@H](C1)[C@@H]2C(=O)NC1[C@H]2CCC[C@H]1CC2)c1cnn(C)c1,"(1R,5S,6S)-N-((1S,5S)-bicyclo[3.2.1]octan-8-yl)-3-((2S)-2-(1-methyl-1H-pyrazol-4-yl)-propionyl)-3-azabicyclo[3.1.0]hexane-6-carboxamide",,CC(C(=O)N1C[C@@H]2C(C(=O)NC3[C@H]4CCC[C@H]3CC4)[C@@H]2C1)c1cnn(C)c1,
63335,Cc1c[nH]nc1C(=O)N1C[C@@H](NC(=O)[C@H]2C[C@@](C)(O)C2)C(C)(C)C1,"(1s,3R)-N-((3S)-4,4-dimethyl-1-((4-methyl-1H-pyrazol-3-yl)carbonyl)pyrrolidin-3-yl)-3-hydroxy-3-methylcyclobutanecarboxamide",,Cc1c[nH]nc1C(=O)N1C[C@@H](NC(=O)C2CC(C)(O)C2)C(C)(C)C1,
63375,C[C@H](CNC(=O)CCCC(C)(C)C)NC(=O)[C@@H]1[C@H]2CCCC[C@H]21,"N-((2R)-2-((1R,6S,7r)-bicyclo[4.1.0]heptane-7-carboxamido)propyl)-5,5-dimethylhexanamide",,C[C@H](CNC(=O)CCCC(C)(C)C)NC(=O)C1[C@H]2CCCC[C@@H]12,
63391,O=C([C@H]1C=CCS1)N1CC[C@](CF)(C(=O)N2[C@H]3CC[C@@H]2C[C@@H](F)C3)C1,"1-((2R)-2,5-dihydrothiophen-2-yl)-1-((3R)-3-(((1R,3S,5S)-3-fluoro-8-azabicyclo[3.2.1]octan-8-yl)carbonyl)-3-(fluoromethyl)pyrrolidin-1-yl)methanone",,O=C(C1C=CCS1)N1CC[C@](CF)(C(=O)N2[C@@H]3CC[C@H]2C[C@H](F)C3)C1,
63404,C[C@H](CC(N)=O)C(=O)N1CCO[C@]2(CC[C@@H](NC(=O)CCCC(F)F)CC2)C1,"N-(4-((2R)-4-amino-2-methyl-1,4-dioxobutyl)-1-oxa-4-azaspiro[5.5]undecan-9-yl)-5,5-difluoropentanamide",NC(C[C@H](C(=O)N1CCOC2(C1)CCC(CC2)NC(CCCC(F)F)=O)C)=O,CC(CC(N)=O)C(=O)N1CCO[C@]2(CC[C@@H](NC(=O)CCCC(F)F)CC2)C1,CC(CC(N)=O)C(=O)N1CCOC2(CCC(NC(=O)CCCC(F)F)CC2)C1
63418,O=C(NC[C@@H]1C[C@@H]2CC[C@H](C1)N2C(=O)c1ccc(Cl)cn1)[C@@H]1C[C@@H]1F,"(1S,2S)-N-(((1R,3r,5S)-8-((5-chloropyridin-2-yl)carbonyl)-8-azabicyclo[3.2.1]octan-3-yl)methyl)-2-fluorocyclopropanecarboxamide",,O=C(NC[C@H]1C[C@H]2CC[C@@H](C1)N2C(=O)c1ccc(Cl)cn1)C1C[C@@H]1F,
63502,Cc1nc(C)c(C(=O)N[C@H](CCN(C)C(=O)[C@@H]2C[C@H]3[C@@H](C2)C3(F)F)C(C)(C)C)o1,"N-((3R)-4,4-dimethyl-1-(N-methyl(1R,3r,5S)-6,6-difluorobicyclo[3.1.0]hexane-3-carboxamido)pentan-3-yl)-2,4-dimethyl-1,3-oxazole-5-carboxamide",,Cc1nc(C)c(C(=O)N[C@H](CCN(C)C(=O)C2C[C@@H]3[C@H](C2)C3(F)F)C(C)(C)C)o1,
63545,C#CCCCNC(=O)[C@@H]1[C@H]2CN(C(=O)c3ccc4cnn(C)c4c3)C[C@H]21,"(1R,5S,6r)-3-((1-methyl-1H-indazol-6-yl)carbonyl)-N-(pent-4-yn-1-yl)-3-azabicyclo[3.1.0]hexane-6-carboxamide",,C#CCCCNC(=O)C1[C@H]2CN(C(=O)c3ccc4cnn(C)c4c3)C[C@@H]12,
63551,O=C(Nc1nnc(SCc2ccccc2)s1)N[C@]1(c2ccccc2F)C[C@@H](F)C1,"N-(5-(benzylsulfanyl)-1,3,4-thiadiazol-2-yl)-1-(((1r,3r)-3-fluoro-1-(2-fluorophenyl)cyclobutyl)amino)formamide",,O=C(Nc1nnc(SCc2ccccc2)s1)N[C@]1(c2ccccc2F)C[C@@H](F)C1,
63651,C[C@]1(NC(=O)C2=CCCSC2)C[C@@H](NC(=O)c2cnc(C(F)F)s2)C1,"2-(difluoromethyl)-N-((1s,3s)-3-(5,6-dihydro-2H-thiopyran-3-carboxamido)-3-methylcyclobutyl)-1,3-thiazole-5-carboxamide",,C[C@]1(NC(=O)C2=CCCSC2)C[C@@H](NC(=O)c2cnc(C(F)F)s2)C1,
63775,COc1ncnc(N(Cc2ccc(F)cc2C)[C@@H]2C[C@@H]3CC[C@H](C2)N3)c1C,"(1R,3r,5S)-N-((4-fluoro-2-methylphenyl)methyl)-N-(6-methoxy-5-methylpyrimidin-4-yl)-8-azabicyclo[3.2.1]octan-3-amine",,COc1ncnc(N(Cc2ccc(F)cc2C)[C@H]2C[C@H]3CC[C@@H](C2)N3)c1C,
63780,CC1CC(CC(=O)NC[C@H]2C[C@@](F)(CNC(=O)CCC(=O)NN(C)C)C2)C1,"4-(N',N'-dimethylhydrazinyl)-N-(((1r,3r)-1-fluoro-3-((2-(3-methylcyclobutyl)acetamido)methyl)cyclobutyl)methyl)-4-oxobutanamide",,CC1CC(CC(=O)NC[C@H]2C[C@@](F)(CNC(=O)CCC(=O)NN(C)C)C2)C1,
63784,CC(C)(C(=O)N[C@H]1C[C@@H]2C[C@H](C1)CN(C(=O)c1cccnc1)C2)C1=CCSCC1,"2-(3,6-dihydro-2H-thiopyran-4-yl)-2-methyl-N-((1R,5S,7s)-3-((pyridin-3-yl)carbonyl)-3-azabicyclo[3.3.1]nonan-7-yl)propanamide",,CC(C)(C(=O)N[C@@H]1C[C@H]2C[C@@H](C1)CN(C(=O)c1cccnc1)C2)C1=CCSCC1,
63825,CCN1CC[C@H](CN(C)C(=O)CC2(OC)CN(C(=O)[C@H]3C[C@@H]4CCC[C@@H]4C3)C2)C1,"N-(((3S)-1-ethylpyrrolidin-3-yl)methyl)-2-(3-methoxy-1-(((2s,3aR,6aS)-octahydropentalen-2-yl)carbonyl)azetidin-3-yl)-N-methylacetamide",,CCN1CC[C@H](CN(C)C(=O)CC2(OC)CN(C(=O)C3C[C@H]4CCC[C@H]4C3)C2)C1,
63839,CCC[C@H]1CC[C@H](C(=O)N2CC[C@@](CNC(=O)[C@H]3[C@@H](C)[C@H]3C)(OC)C2)CC1,"(1s,2R,3S)-N-(((3S)-3-methoxy-1-((trans-4-propylcyclohexyl)carbonyl)pyrrolidin-3-yl)methyl)-2,3-dimethylcyclopropanecarboxamide",,CCCC1CCC(C(=O)N2CC[C@@](CNC(=O)C3[C@@H](C)[C@H]3C)(OC)C2)CC1,
63894,NC(=O)N1CC[C@@H](CNC(=O)c2csc(CNC(=O)[C@@H]3[C@H]4[C@@H]5CC[C@@H](C5)[C@H]43)c2)C1,"N-(((3S)-1-((amino)carbonyl)pyrrolidin-3-yl)methyl)-5-(((1R,2S,3r,4R,5S)-tricyclo[3.2.1.0^{2,4}]octane-3-carboxamido)methyl)thiophene-3-carboxamide",,NC(=O)N1CC[C@@H](CNC(=O)c2csc(CNC(=O)C3[C@@H]4[C@H]5CC[C@H](C5)[C@H]34)c2)C1,
64067,COc1ccc(C(=O)N[C@H]2C[C@](F)(CNC(=O)CCCC(C)(C)C)C2)c(F)n1,"N-((1s,3s)-3-((5,5-dimethylhexanamido)methyl)-3-fluorocyclobutyl)-2-fluoro-6-methoxypyridine-3-carboxamide",,COc1ccc(C(=O)N[C@H]2C[C@](F)(CNC(=O)CCCC(C)(C)C)C2)c(F)n1,
64195,CCOC(=O)[C@H](OC)C(=O)NC[C@]1(F)C[C@H](CNC(=O)Cn2nc(C)cc2C)C1,"ethyl (2R)-2-((((1r,3R)-3-((2-(3,5-dimethyl-1H-pyrazol-1-yl)acetamido)methyl)-1-fluorocyclobutyl)methyl)carbamoyl)-2-methoxyacetate",,CCOC(=O)C(OC)C(=O)NC[C@]1(F)C[C@H](CNC(=O)Cn2nc(C)cc2C)C1,
64213,O=C(C[C@@H]1CCCC12CC2)N[C@H]1CC[C@]2(CC1)CN(C(=O)C1CCCC1)CCO2,N-(4-((cyclopentyl)carbonyl)-1-oxa-4-azaspiro[5.5]undecan-9-yl)-2-((4S)-spiro[2.4]heptan-4-yl)acetamide,C1(CCCC1)C(=O)N1CCOC2(C1)CCC(CC2)NC(C[C@H]2C1(CC1)CCC2)=O,O=C(C[C@@H]1CCCC12CC2)N[C@H]1CC[C@]2(CC1)CN(C(=O)C1CCCC1)CCO2,O=C(C[C@@H]1CCCC12CC2)NC1CCC2(CC1)CN(C(=O)C1CCCC1)CCO2
64222,C[C@H]1CN(C(=O)C2=CCCN(C(=O)[C@@H]3[C@H]4CCC[C@H]43)C2)C[C@]1(C)CO,"1-(1-(((1R,5S,6r)-bicyclo[3.1.0]hexan-6-yl)carbonyl)-1,2,5,6-tetrahydropyridin-3-yl)-1-((3R,4R)-3-(hydroxymethyl)-3,4-dimethylpyrrolidin-1-yl)methanone",,C[C@H]1CN(C(=O)C2=CCCN(C(=O)C3[C@H]4CCC[C@@H]34)C2)C[C@]1(C)CO,
64252,COCC(COC)CC(=O)N(C)C[C@H]1[C@@H]2CN(C(=O)[C@@H](OC)C(C)C)C[C@H]12,"4-methoxy-N-(((1R,5S,6S)-3-((2S)-2-methoxy-3-methyl-butyryl)-3-azabicyclo[3.1.0]hexan-6-yl)methyl)-3-(methoxymethyl)-N-methylbutanamide",,COCC(COC)CC(=O)N(C)C[C@@H]1[C@H]2CN(C(=O)C(OC)C(C)C)C[C@@H]12,
64288,CCc1cc(C(=O)N(C)C[C@H]2[C@@H]3CN(C(=O)CCCCOC)C[C@H]23)ncn1,"6-ethyl-N-(((1R,5S,6r)-3-(5-methoxy-pentanoyl)-3-azabicyclo[3.1.0]hexan-6-yl)methyl)-N-methylpyrimidine-4-carboxamide",,CCc1cc(C(=O)N(C)C[C@@H]2[C@H]3CN(C(=O)CCCCOC)C[C@@H]23)ncn1,
64304,C#CC[C@]1(O)C[C@@H](C(=O)N[C@H]2CC[C@@H](NC(=O)CCc3ccc(Cl)s3)CC2)C1,"(1s,3s)-N-(cis-4-(3-(5-chlorothiophen-2-yl)propanamido)cyclohexyl)-3-hydroxy-3-(prop-2-yn-1-yl)cyclobutanecarboxamide",,C#CCC1(O)CC(C(=O)N[C@H]2CC[C@@H](NC(=O)CCc3ccc(Cl)s3)CC2)C1,
64358,O=C(NC[C@H]1[C@@H]2CN(C(=O)[C@@H](F)c3ccccc3)C[C@H]12)c1cnn(CC2CC2)c1,"1-(cyclopropylmethyl)-N-(((1R,5S,6S)-3-((2S)-2-fluoro-1-oxo-2-phenylethyl)-3-azabicyclo[3.1.0]hexan-6-yl)methyl)-1H-pyrazole-4-carboxamide",,O=C(NC[C@@H]1[C@H]2CN(C(=O)C(F)c3ccccc3)C[C@@H]12)c1cnn(CC2CC2)c1,
64400,C[C@H]1C[C@H](CCNCc2ccc3c(c2)NC(=O)[C@H](C)O3)C[C@@H](C)O1,"(2S)-6-(((2-((2R,4s,6S)-2,6-dimethyloxan-4-yl)ethyl)amino)methyl)-2-methyl-1,4-benzoxazin-3-one",,CC1Oc2ccc(CNCC[C@@H]3C[C@@H](C)O[C@@H](C)C3)cc2NC1=O,
64436,COC(=O)CC[S@](C)(=O)=NC(=O)Cc1csc(NC(=O)c2ccoc2C)n1,"methyl 3-((S)-N-2-(2-(2-methylfuran-3-carboxamido)-1,3-thiazol-4-yl)-acetyl-S-methylsulfonimidoyl)propanoate",,COC(=O)CC[S@](C)(=O)=NC(=O)Cc1csc(NC(=O)c2ccoc2C)n1,
64467,CC=C(C)C(=O)N(C)C[C@H]1[C@@H]2CN(C(=O)[C@@H]3CC=Cc4ccccc43)C[C@H]12,"N-(((1R,5S,6R)-3-((1R)-1,2-dihydronaphthalen-1-ylformyl)-3-azabicyclo[3.1.0]hexan-6-yl)methyl)-2,N-dimethylbut-2-enamide",,CC=C(C)C(=O)N(C)C[C@@H]1[C@H]2CN(C(=O)C3CC=Cc4ccccc43)C[C@@H]12,
64508,CSCC[C@@H](NC(=O)[C@@H]1[C@H]2[C@@H]3CC[C@@H](C3)[C@H]21)C(=O)Nc1ccc(F)cc1CO,"(1R,2S,3r,4R,5S)-N-((2R)-1-((4-fluoro-2-(hydroxymethyl)phenyl)amino)-4-(methylsulfanyl)-1-oxobutan-2-yl)tricyclo[3.2.1.0^{2,4}]octane-3-carboxamide",,CSCCC(NC(=O)C1[C@@H]2[C@H]3CC[C@H](C3)[C@H]12)C(=O)Nc1ccc(F)cc1CO,
64541,CC1=C(C(=O)NCC#CCNC(=O)[C@@H]2[C@@H](C)[C@H]2C)CCO1,"N-(4-((1r,2R,3S)-2,3-dimethylcyclopropanecarboxamido)but-2-yn-1-yl)-2-methyl-4,5-dihydrofuran-3-carboxamide",,CC1=C(C(=O)NCC#CCNC(=O)C2[C@@H](C)[C@H]2C)CCO1,
64555,Cn1ccc([C@H]2CCCN2C(=O)[C@@H]2[C@H]3C[C@H](NC(=O)OC(C)(C)C)C[C@H]32)n1,"tert-butyl (((1R,3S,5S,6r)-6-(((2R)-2-(1-methyl-1H-pyrazol-3-yl)pyrrolidin-1-yl)carbonyl)bicyclo[3.1.0]hexan-3-yl)amino)formate",,Cn1ccc([C@H]2CCCN2C(=O)C2[C@H]3C[C@H](NC(=O)OC(C)(C)C)C[C@@H]23)n1,
64557,CC[C@H](C(=O)N(C)C[C@H]1[C@@H]2CN(C(=O)c3cc(C(C)(F)F)n[nH]3)C[C@H]12)N(C)C,"(2R)-N-(((1R,5S,6r)-3-((3-(1,1-difluoroethyl)-1H-pyrazol-5-yl)carbonyl)-3-azabicyclo[3.1.0]hexan-6-yl)methyl)-2-(dimethylamino)-N-methylbutanamide",,CCC(C(=O)N(C)C[C@@H]1[C@H]2CN(C(=O)c3cc(C(C)(F)F)[nH]n3)C[C@@H]12)N(C)C,
64559,C[C@@H](NC(=O)CSc1ccccc1O)C1CCN(C(=O)[C@H]2C[C@@H]3C[C@@H]3C2)CC1,"N-((1R)-1-(1-(((1R,3s,5S)-bicyclo[3.1.0]hexan-3-yl)carbonyl)piperidin-4-yl)ethyl)-2-((2-hydroxyphenyl)sulfanyl)acetamide",,C[C@@H](NC(=O)CSc1ccccc1O)C1CCN(C(=O)C2C[C@@H]3C[C@@H]3C2)CC1,
64682,CN(C[C@H]1[C@@H]2CN(C(=O)c3sccc3CO)C[C@H]12)C(=O)c1ccc([N+](=O)[O-])cc1,"N-(((1R,5S,6r)-3-((3-(hydroxymethyl)thiophen-2-yl)carbonyl)-3-azabicyclo[3.1.0]hexan-6-yl)methyl)-N-methyl-4-nitrobenzamide",,CN(C[C@@H]1[C@H]2CN(C(=O)c3sccc3CO)C[C@@H]12)C(=O)c1ccc([N+](=O)[O-])cc1,
64705,CC(C)=C(F)C(=O)N1C[C@H]2[C@H](CN(C)C(=O)[C@H]3CCOC3(C)C)[C@H]2C1,"(3S)-N-(((1R,5S,6r)-3-(2-fluoro-3-methyl-1-oxobut-2-en-1-yl)-3-azabicyclo[3.1.0]hexan-6-yl)methyl)-2,2,N-trimethyloxolane-3-carboxamide",,CC(C)=C(F)C(=O)N1C[C@@H]2[C@@H](CN(C)C(=O)C3CCOC3(C)C)[C@@H]2C1,
64744,O=C(NCC[C@@H]1CN(C(=O)[C@]2(F)[C@H]3CCC[C@H]32)CCO1)c1cc[nH]c1,"N-(2-((2R)-4-(((1R,5S,6s)-6-fluorobicyclo[3.1.0]hexan-6-yl)carbonyl)morpholin-2-yl)ethyl)-1H-pyrrole-3-carboxamide",,O=C(NCC[C@@H]1CN(C(=O)[C@@]2(F)[C@@H]3CCC[C@@H]32)CCO1)c1cc[nH]c1,
64749,CC(C)C#CC(=O)NC[C@]1(F)C[C@@H](NC(=O)Cc2c[nH]c3cc(Br)ccc23)C1,"N-(((1s,3s)-3-(2-(6-bromo-1H-indol-3-yl)acetamido)-1-fluorocyclobutyl)methyl)-4-methylpent-2-ynamide",,CC(C)C#CC(=O)NC[C@]1(F)C[C@@H](NC(=O)Cc2c[nH]c3cc(Br)ccc23)C1,
64762,Cc1cnc(O)c(CNC(=O)[C@H]2CC3(CCN2C(=O)[C@@H]2[C@H]4CCC[C@H]42)CC3)c1,"(5R)-6-(((1R,5S,6r)-bicyclo[3.1.0]hexan-6-yl)carbonyl)-N-((2-hydroxy-5-methylpyridin-3-yl)methyl)-6-azaspiro[2.5]octane-5-carboxamide",,Cc1c[nH]c(=O)c(CNC(=O)C2CC3(CCN2C(=O)C2[C@H]4CCC[C@@H]24)CC3)c1,
64803,CCCc1cc(=N[C@@H]2[C@@H](C)CN(C(=O)[C@@H]3CO[C@@H]4COC[C@H]43)C[C@H]2C)[nH]c(Cl)n1,"1-((3R,4S,5S)-4-((2-chloro-6-propyl-3H-pyrimidin-4-ylidene)amino)-3,5-dimethylpiperidin-1-yl)-1-((1S,4S,5R)-2,7-dioxabicyclo[3.3.0]octan-4-yl)methanone",,CCCc1cc(N[C@H]2[C@H](C)CN(C(=O)C3CO[C@@H]4COC[C@@H]34)C[C@@H]2C)nc(Cl)n1,
64856,COc1ccnc(C(=O)N[C@H]2[C@@H]3CN(C(=O)[C@H]4CCn5cncc5C4)C[C@@H]32)c1F,"N-((1R,5S,6R)-3-(((4S)-1,8-diazabicyclo[4.3.0]nona-6,8-dien-4-yl)carbonyl)-3-azabicyclo[3.1.0]hexan-6-yl)-3-fluoro-4-methoxypyridine-2-carboxamide",,COc1ccnc(C(=O)N[C@H]2[C@@H]3CN(C(=O)C4CCn5cncc5C4)C[C@@H]32)c1F,
64885,C#CC[C@]1(O)C[C@@H](C(=O)NC2CN(C(=O)C[C@H]3CC(c4ccccc4)=NO3)C2)C1,"(1s,3S)-3-hydroxy-N-(1-(1-oxo-2-((5R)-3-phenyl-4,5-dihydro-1,2-oxazol-5-yl)ethyl)azetidin-3-yl)-3-(prop-2-yn-1-yl)cyclobutanecarboxamide",,C#CCC1(O)CC(C(=O)NC2CN(C(=O)C[C@H]3CC(c4ccccc4)=NO3)C2)C1,
64930,CCSCCC(=O)NC[C@H]1C[C@@H]2CC[C@H](C1)N2C(=O)c1cc(C)c(O)c(N)c1,"N-(((1R,3s,5S)-8-((3-amino-4-hydroxy-5-methylphenyl)carbonyl)-8-azabicyclo[3.2.1]octan-3-yl)methyl)-3-(ethylsulfanyl)propanamide",,CCSCCC(=O)NC[C@@H]1C[C@H]2CC[C@@H](C1)N2C(=O)c1cc(C)c(O)c(N)c1,
64935,CCNC(=O)C(=O)NC[C@H]1C[C@](F)(CNC(=O)c2csc3c(OC)cccc23)C1,"N-ethyl-N'-(((1s,3s)-3-fluoro-3-((7-methoxy-1-benzothiophene-3-carboxamido)methyl)cyclobutyl)methyl)ethanediamide",,CCNC(=O)C(=O)NC[C@H]1C[C@](F)(CNC(=O)c2csc3c(OC)cccc23)C1,
64948,O=C(CCC1=CCCCC1)N1C[C@H]2[C@@H](C1)[C@@H]2C(=O)N1CC[C@@H]1C1CCC1,"1-((1R,5S,6r)-6-(((2R)-2-cyclobutylazetidin-1-yl)carbonyl)-3-azabicyclo[3.1.0]hexan-3-yl)-3-(cyclohex-1-en-1-yl)propan-1-one",,O=C(CCC1=CCCCC1)N1C[C@@H]2C(C(=O)N3CC[C@@H]3C3CCC3)[C@@H]2C1,
64988,O=C(N[C@@H]1CCOC[C@H]1C(=O)N1CCN2CCC1CC2)[C@@H]1C[C@@H]2CC[C@@H]2C1,"(1R,3r,5S)-N-((3S,4R)-3-((1,4-diazabicyclo[3.2.2]nonan-4-yl)carbonyl)oxan-4-yl)bicyclo[3.2.0]heptane-3-carboxamide",,O=C(N[C@@H]1CCOCC1C(=O)N1CCN2CCC1CC2)C1C[C@H]2CC[C@H]2C1,
64991,CO[C@@H](C(=O)N1C[C@H]2[C@H](Nc3cc(=O)n4cc(Cl)ccc4n3)[C@H]2C1)C1CCC1,"7-chloro-2-(((1R,5S,6S)-3-((2R)-2-cyclobutyl-2-methoxy-acetyl)-3-azabicyclo[3.1.0]hexan-6-yl)amino)-4H-pyrido[1,2-a]pyrimidin-4-one",,COC(C(=O)N1C[C@@H]2[C@H](C1)[C@H]2Nc1cc(=O)n2cc(Cl)ccc2n1)C1CCC1,
65002,CC=C(CC)C(=O)N[C@H]1C[C@@](C)(NC(=O)C[C@@H](c2ccccc2)n2cnnn2)C1,"2-ethyl-N-((1R,3s)-3-methyl-3-((3S)-3-phenyl-3-(1H-tetrazol-1-yl)propanamido)cyclobutyl)but-2-enamide",,CC=C(CC)C(=O)N[C@H]1C[C@@](C)(NC(=O)C[C@@H](c2ccccc2)n2cnnn2)C1,
65044,CCc1ccc([C@@H](C)C(=O)N[C@]2(C)C[C@H](NC(=O)CN3CCCC3=O)C2)cc1,"(2R)-2-(4-ethylphenyl)-N-((1s,3S)-1-methyl-3-(2-(2-oxopyrrolidin-1-yl)acetamido)cyclobutyl)propanamide",,CCc1ccc(C(C)C(=O)N[C@]2(C)C[C@H](NC(=O)CN3CCCC3=O)C2)cc1,
65099,Cc1ncnc(N2C[C@@H]3[C@H](C(=O)NC4CC(O)C4)[C@@H]3C2)c1Br,"(1R,5S,6s)-3-(5-bromo-6-methylpyrimidin-4-yl)-N-(3-hydroxycyclobutyl)-3-azabicyclo[3.1.0]hexane-6-carboxamide",,Cc1ncnc(N2C[C@@H]3C(C(=O)NC4CC(O)C4)[C@@H]3C2)c1Br,
65178,COC1(C(=O)N2C[C@H]3[C@H](CC(=O)NC[C@@H](O)C(F)(F)F)[C@H]3C2)CCCC1,"2-((1R,5S,6s)-3-((1-methoxycyclopentyl)carbonyl)-3-azabicyclo[3.1.0]hexan-6-yl)-N-((2R)-3,3,3-trifluoro-2-hydroxypropyl)acetamide",,COC1(C(=O)N2C[C@@H]3[C@@H](CC(=O)NC[C@@H](O)C(F)(F)F)[C@@H]3C2)CCCC1,
65242,C=C(Cl)CCC(=O)N[C@H]1C[C@@H]2C[C@H](C1)CN(C(=O)[C@@H](O)CN(C)C)C2,"4-chloro-N-((1R,5S,7R)-3-((2S)-3-(dimethylamino)-2-hydroxy-propionyl)-3-azabicyclo[3.3.1]nonan-7-yl)pent-4-enamide",,C=C(Cl)CCC(=O)N[C@@H]1C[C@H]2C[C@@H](C1)CN(C(=O)C(O)CN(C)C)C2,
65245,CC[C@@H](C(=O)N(C)[C@H]1C[C@@H]2CC[C@H](C1)N2C(=O)[C@@H]1Cc2ccccc2O1)N(C)C,"(2S)-N-((1R,3R,5S)-8-(((2S)-2,3-dihydro-1-benzofuran-2-yl)carbonyl)-8-azabicyclo[3.2.1]octan-3-yl)-2-(dimethylamino)-N-methylbutanamide",,CCC(C(=O)N(C)[C@@H]1C[C@H]2CC[C@@H](C1)N2C(=O)C1Cc2ccccc2O1)N(C)C,
65298,COCCn1nccc1C(=O)N1C[C@H]2[C@H](CN(C)C(=O)CCc3ccon3)[C@H]2C1,"N-(((1R,5S,6r)-3-((1-(2-methoxyethyl)-1H-pyrazol-5-yl)carbonyl)-3-azabicyclo[3.1.0]hexan-6-yl)methyl)-N-methyl-3-(1,2-oxazol-3-yl)propanamide",,COCCn1nccc1C(=O)N1C[C@@H]2[C@@H](CN(C)C(=O)CCc3ccon3)[C@@H]2C1,
65397,Cc1cc(NC(=O)[C@H]2[C@H]3CN(Cc4cccc(O)c4F)C[C@H]32)c(C)cc1O,"(1R,5S,6s)-3-((2-fluoro-3-hydroxyphenyl)methyl)-N-(4-hydroxy-2,5-dimethylphenyl)-3-azabicyclo[3.1.0]hexane-6-carboxamide",,Cc1cc(NC(=O)C2[C@H]3CN(Cc4cccc(O)c4F)C[C@@H]23)c(C)cc1O,
65469,CO[C@H](C(=O)N[C@H]1CCN(C(=O)[C@]23CC[C@H](CC2)C3(C)C)[C@@H]1C)C1CCC1,"(2S)-2-cyclobutyl-N-((2R,3S)-1-((7,7-dimethylbicyclo[2.2.1]heptan-1-yl)carbonyl)-2-methylpyrrolidin-3-yl)-2-methoxyacetamide",C1(CCC1)[C@@H](C(=O)N[C@@H]1[C@H](N(CC1)C(=O)C12CCC(CC1)C2(C)C)C)OC,COC(C(=O)N[C@H]1CCN(C(=O)[C@]23CC[C@H](CC2)C3(C)C)[C@@H]1C)C1CCC1,COC(C(=O)N[C@H]1CCN(C(=O)C23CCC(CC2)C3(C)C)[C@@H]1C)C1CCC1
65499,C=CCOCCN=C(NC[C@H]1[C@@H]2COC[C@H]12)N1CCCC1,"N-(((1R,5S,6s)-3-oxabicyclo[3.1.0]hexan-6-yl)methyl)-1-((2-((prop-2-en-1-yl)oxy)ethyl)imino)-1-(pyrrolidin-1-yl)methanamine",,C=CCOCCN=C(NC[C@@H]1[C@H]2COC[C@@H]12)N1CCCC1,
65527,O=C(C=C1CCC1)N[C@@H]1C[C@@H]2C[C@H](NC(=O)CCCc3ccsc3)C[C@@H]2C1,"N-((2s,3aR,5r,6aS)-5-(2-cyclobutylideneacetamido)octahydropentalen-2-yl)-4-(thiophen-3-yl)butanamide",,O=C(C=C1CCC1)N[C@@H]1C[C@@H]2C[C@H](NC(=O)CCCc3ccsc3)C[C@@H]2C1,
65603,O=C(c1ccc2cc[nH]c2c1F)N1CCN(C(=O)[C@@H]2C[C@@H]3CC[C@@H]3C2)CC1,"1-(4-(((1R,3r,5S)-bicyclo[3.2.0]heptan-3-yl)carbonyl)piperazin-1-yl)-1-(7-fluoro-1H-indol-6-yl)methanone",,O=C(c1ccc2cc[nH]c2c1F)N1CCN(C(=O)C2C[C@H]3CC[C@H]3C2)CC1,
65613,CCc1ccc(C(=O)N[C@@H]2[C@H]3CCN(C(=O)c4n[nH]c(C)c4C)CC[C@H]32)s1,"N-((1R,7S,8r)-4-((4,5-dimethyl-1H-pyrazol-3-yl)carbonyl)-4-azabicyclo[5.1.0]octan-8-yl)-5-ethylthiophene-2-carboxamide",,CCc1ccc(C(=O)N[C@H]2[C@@H]3CCN(C(=O)c4[nH]nc(C)c4C)CC[C@@H]32)s1,
65623,Cc1n[nH]cc1C(=O)N[C@H]1C[C@@H]2CN(C(=O)[C@@H]3CCS[C@@H](C)C3)C[C@@H]2C1,"3-methyl-N-((1R,5S,7S)-3-(((2S,4R)-2-methylthian-4-yl)carbonyl)-3-azabicyclo[3.3.0]octan-7-yl)-1H-pyrazole-4-carboxamide",,Cc1[nH]ncc1C(=O)N[C@H]1C[C@@H]2CN(C(=O)C3CCS[C@@H](C)C3)C[C@@H]2C1,
65699,CCc1ocnc1C(=O)N1C[C@H]2[C@H](NC(=O)[C@@](C)(O)Cc3ccccc3)[C@H]2C1,"(2S)-N-((1R,5S,6s)-3-((5-ethyl-1,3-oxazol-4-yl)carbonyl)-3-azabicyclo[3.1.0]hexan-6-yl)-2-hydroxy-2-methyl-3-phenylpropanamide",,CCc1ocnc1C(=O)N1C[C@@H]2[C@H](C1)[C@H]2NC(=O)[C@@](C)(O)Cc1ccccc1,
65705,CC#CC(C)(C)NC(=O)c1c2c(nn1C)CCN(C(=O)OC(C)(C)C)C2,"tert-butyl 2-methyl-3-((2-methylpent-3-yn-2-yl)carbamoyl)-4,5,6,7-tetrahydro-1H-pyrazolo[4,3-c]pyridine-5-carboxylate",CN1NC2=C(CN(CC2)C(=O)OC(C)(C)C)C1C(NC(C)(C#CC)C)=O,CC#CC(C)(C)NC(=O)c1c2c(nn1C)CCN(C(=O)OC(C)(C)C)C2,CC#CC(C)(C)NC(=O)C1C2=C(CCN(C(=O)OC(C)(C)C)C2)NN1C
65719,Cc1ccc(C(=O)N2C[C@H]3[C@H](NC(=O)CC4(C(F)F)CC4)[C@H]3C2)nc1,"2-(1-(difluoromethyl)cyclopropyl)-N-((1R,5S,6s)-3-((5-methylpyridin-2-yl)carbonyl)-3-azabicyclo[3.1.0]hexan-6-yl)acetamide",,Cc1ccc(C(=O)N2C[C@@H]3[C@H](C2)[C@H]3NC(=O)CC2(C(F)F)CC2)nc1,
65731,O=C(N[C@@H]1C[C@H]2[C@@H](C1)C2(F)F)[C@@H]1CN(C(=O)C[C@]23CCC[C@H]2C3)CC12CCC2,"(8S)-6-(2-((1R,5S)-bicyclo[3.1.0]hexan-1-yl)-acetyl)-N-((1R,3r,5S)-6,6-difluorobicyclo[3.1.0]hexan-3-yl)-6-azaspiro[3.4]octane-8-carboxamide",,O=C(N[C@H]1C[C@@H]2[C@H](C1)C2(F)F)C1CN(C(=O)C[C@]23CCC[C@H]2C3)CC12CCC2,
65732,COC1CCC(C)(C(=O)N2CCN(CCNC(=O)[C@H]3[C@@H](C)[C@H]3C)CC2)CC1,"(1s,2R,3S)-N-(2-(4-((4-methoxy-1-methylcyclohexyl)carbonyl)piperazin-1-yl)ethyl)-2,3-dimethylcyclopropanecarboxamide",,COC1CCC(C)(C(=O)N2CCN(CCNC(=O)C3[C@@H](C)[C@H]3C)CC2)CC1,
65739,CO[C@H]1C[C@H](C(=O)N[C@@H]2C[C@@H]3C[C@H]2N(C(=O)C=Cc2cncn2C)C3)C[C@H]1OC,"(1s,3R,4S)-3,4-dimethoxy-N-((1R,4R,6R)-2-(3-(1-methyl-1H-imidazol-5-yl)-1-oxoprop-2-en-1-yl)-2-azabicyclo[2.2.1]heptan-6-yl)cyclopentanecarboxamide",,CO[C@H]1CC(C(=O)N[C@@H]2C[C@@H]3C[C@H]2N(C(=O)C=Cc2cncn2C)C3)C[C@H]1OC,
65766,CCCn1cc(C(=O)N[C@H]2C[C@@](C)(NC(=O)c3ccc(CO)cc3OC)C2)nn1,"N-((1s,3s)-3-(4-(hydroxymethyl)-2-methoxybenzamido)-3-methylcyclobutyl)-1-propyl-1H-1,2,3-triazole-4-carboxamide",,CCCn1cc(C(=O)N[C@H]2C[C@@](C)(NC(=O)c3ccc(CO)cc3OC)C2)nn1,
65819,CCCc1cnnc(C(=O)NC(C)(C)CNC(=O)[C@@H]2[C@H]3CCCCC[C@H]32)c1,"N-(1-((1R,7S,8r)-bicyclo[5.1.0]octane-8-carboxamido)-2-methylpropan-2-yl)-5-propylpyridazine-3-carboxamide",,CCCc1cnnc(C(=O)NC(C)(C)CNC(=O)C2[C@H]3CCCCC[C@@H]23)c1,
65882,O=C1O[C@H]2C[C@H](C(=O)NC3CN(C(=O)CCCC4CCCCC4)C3)C[C@H]2O1,"(1R,5S,7s)-N-(1-(4-cyclohexyl-butyryl)azetidin-3-yl)-3-oxo-2,4-dioxabicyclo[3.3.0]octane-7-carboxamide",,O=C1O[C@H]2CC(C(=O)NC3CN(C(=O)CCCC4CCCCC4)C3)C[C@H]2O1,
66010,COc1ccc(NC(=O)[C@H]([C@@H]2C[C@H]3C[C@H]2[C@@H]2C[C@H]32)N2[C@H]3CC[C@@H]2C[C@H](O)C3)cc1,"(2S)-2-((1R,3S,5S)-3-hydroxy-8-azabicyclo[3.2.1]octan-8-yl)-N-(4-methoxyphenyl)-2-((1R,2R,4R,5S,6R)-tricyclo[3.2.1.0^{2,4}]octan-6-yl)acetamide",,COc1ccc(NC(=O)C([C@@H]2C[C@H]3C[C@H]2[C@@H]2C[C@H]32)N2[C@@H]3CC[C@H]2C[C@@H](O)C3)cc1,
66097,CCOc1ccc(CN2C[C@H]3[C@@H](C2)[C@@H]3C(=O)NCc2cccc(OC)c2)cc1Cl,"(1R,5S,6r)-3-((3-chloro-4-ethoxyphenyl)methyl)-N-((3-methoxyphenyl)methyl)-3-azabicyclo[3.1.0]hexane-6-carboxamide",,CCOc1ccc(CN2C[C@@H]3C(C(=O)NCc4cccc(OC)c4)[C@@H]3C2)cc1Cl,
66267,CC1(C)CCC[C@@H](C(=O)N[C@H]2C[C@](C)(NC(=O)C3CC4(C3)CC3(CCC3)C4)C2)C1,"N-((1R,3r)-3-((1R)-3,3-dimethylcyclohexanecarboxamido)-1-methylcyclobutyl)dispiro[3.1.3.1]decane-2-carboxamide",,CC1(C)CCCC(C(=O)N[C@H]2C[C@](C)(NC(=O)C3CC4(C3)CC3(CCC3)C4)C2)C1,
66275,CCCC[C@H](C)C(=O)N1C[C@H]2[C@H](CC(=O)N3C[C@@H]4OC(=O)N[C@@H]4C3)[C@H]2C1,"(1S,5R)-7-(2-((1R,5S,6R)-3-((2S)-2-methyl-hexanoyl)-3-azabicyclo[3.1.0]hexan-6-yl)-acetyl)-2-oxa-4,7-diazabicyclo[3.3.0]octan-3-one",,CCCCC(C)C(=O)N1C[C@@H]2[C@@H](CC(=O)N3C[C@@H]4OC(=O)N[C@@H]4C3)[C@@H]2C1,
66330,C=C[C@@](C)(CC)C(=O)N[C@H]1C[C@@](C)(NC(=O)Cn2nc(C)n(C)c2=O)C1,"(2R)-N-((1s,3S)-3-(2-(3,4-dimethyl-5-oxo-1H,4H-1,2,4-triazol-1-yl)acetamido)-3-methylcyclobutyl)-2-ethyl-2-methylbut-3-enamide",,C=C[C@@](C)(CC)C(=O)N[C@H]1C[C@@](C)(NC(=O)Cn2nc(C)n(C)c2=O)C1,
66487,O=C(CC1CCN(CC(F)(F)F)CC1)N[C@H]1C[C@@H]2CN(C(=O)C=CCF)C[C@@H]2C1,"N-((1R,5S,7s)-3-(4-fluoro-1-oxobut-2-en-1-yl)-3-azabicyclo[3.3.0]octan-7-yl)-2-(1-(2,2,2-trifluoroethyl)piperidin-4-yl)acetamide",,O=C(CC1CCN(CC(F)(F)F)CC1)N[C@H]1C[C@@H]2CN(C(=O)C=CCF)C[C@@H]2C1,
66500,Cc1sccc1C(=O)N1C[C@H]2[C@H](CNC(=O)c3nccnc3N)[C@H]2C1,"3-amino-N-(((1R,5S,6r)-3-((2-methylthiophen-3-yl)carbonyl)-3-azabicyclo[3.1.0]hexan-6-yl)methyl)pyrazine-2-carboxamide",,Cc1sccc1C(=O)N1C[C@@H]2[C@@H](CNC(=O)c3nccnc3N)[C@@H]2C1,
66507,C[C@@H]1C[C@@]2(C(=O)N3C[C@H]4[C@H](NC(=O)c5ccnnc5S)[C@H]4C3)C[C@@H]12,"N-((1R,5S,6R)-3-(((1S,3R,4S)-3-methylbicyclo[2.1.0]pentan-1-yl)carbonyl)-3-azabicyclo[3.1.0]hexan-6-yl)-3-sulfanylpyridazine-4-carboxamide",,C[C@@H]1C[C@@]2(C(=O)N3C[C@@H]4[C@H](C3)[C@H]4NC(=O)c3ccn[nH]c3=S)C[C@@H]12,
66563,COC(=O)[C@]1(C)C[C@@H](C(=O)N(C)CCCN(C)C(=O)c2ccc3cc[nH]c3n2)C1,"methyl (1r,3r)-1-methyl-3-((3-(N-methyl-1H-pyrrolo[2,3-b]pyridine-6-carboxamido)propyl)(methyl)carbamoyl)cyclobutanecarboxylate",,COC(=O)C1(C)CC(C(=O)N(C)CCCN(C)C(=O)c2ccc3cc[nH]c3n2)C1,
66628,C[C@@H](OCC(F)(F)F)C(=O)NC(C)(C)CNC(=O)[C@@H]1[C@H]2COC(C)(C)OC[C@H]21,"(2R)-N-(1-((1R,7S,8r)-4,4-dimethyl-3,5-dioxabicyclo[5.1.0]octane-8-carboxamido)-2-methylpropan-2-yl)-2-((2,2,2-trifluoroethyl)oxy)propanamide",,CC(OCC(F)(F)F)C(=O)NC(C)(C)CNC(=O)C1[C@H]2COC(C)(C)OC[C@@H]12,
66630,CC(C)C(C)(C)C(=O)NC[C@H]1[C@@H]2CN(C(=O)C3CN(c4ncc(F)cn4)C3)C[C@H]12,"N-(((1R,5S,6r)-3-((1-(5-fluoropyrimidin-2-yl)azetidin-3-yl)carbonyl)-3-azabicyclo[3.1.0]hexan-6-yl)methyl)-2,2,3-trimethylbutanamide",,CC(C)C(C)(C)C(=O)NC[C@@H]1[C@H]2CN(C(=O)C3CN(c4ncc(F)cn4)C3)C[C@@H]12,
66679,Cc1n[nH]c(=N[C@H]2CC[C@@]3(CC2)CN(C(=O)C2=COCCC2)CCO3)s1,"1-(3,4-dihydro-2H-pyran-5-yl)-1-(9-((5-methyl-3H-1,3,4-thiadiazol-2-ylidene)amino)-1-oxa-4-azaspiro[5.5]undecan-4-yl)methanone",O1CCCC(=C1)C(=O)N1CCOC2(C1)CCC(CC2)N=C2SC(=NN2)C,Cc1nnc(N[C@H]2CC[C@@]3(CC2)CN(C(=O)C2=COCCC2)CCO3)s1,Cc1nnc(NC2CCC3(CC2)CN(C(=O)C2=COCCC2)CCO3)s1
66770,CC(C)[C@H](NC(=O)[C@@H]1[C@H]2CCC[C@H]21)C(=O)N[C@H]1C[C@@H](CO)[C@@H]2C[C@H]12,"(1R,5S,6r)-N-((2S)-1-(((1S,2S,4R,5R)-4-(hydroxymethyl)bicyclo[3.1.0]hexan-2-yl)amino)-3-methyl-1-oxobutan-2-yl)bicyclo[3.1.0]hexane-6-carboxamide",,CC(C)C(NC(=O)C1[C@H]2CCC[C@@H]12)C(=O)N[C@H]1C[C@@H](CO)[C@@H]2C[C@@H]21,
66799,C[C@H](NS(C)(=O)=O)C(=O)NC[C@]1(F)C[C@@H](NC(=O)C2(c3ccccc3)CCC2)C1,"(2S)-N-(((1s,3R)-1-fluoro-3-(1-phenylcyclobutanecarboxamido)cyclobutyl)methyl)-2-methylsulfonylaminopropanamide",,CC(NS(C)(=O)=O)C(=O)NC[C@]1(F)C[C@@H](NC(=O)C2(c3ccccc3)CCC2)C1,
66806,C[C@]1(NC(=O)[C@@H]2CCCCO2)C[C@H](NC(=O)CSCCC(F)(F)F)C1,"(2S)-N-((1r,3S)-1-methyl-3-(2-((3,3,3-trifluoropropyl)sulfanyl)acetamido)cyclobutyl)oxane-2-carboxamide",,C[C@]1(NC(=O)C2CCCCO2)C[C@H](NC(=O)CSCCC(F)(F)F)C1,
66829,Cn1nncc1CC(=O)N[C@]1(C)C[C@H](NC(=O)[C@H]2C[C@H](Oc3ccccc3)C2)C1,"2-(1-methyl-1H-1,2,3-triazol-5-yl)-N-((1s,3s)-1-methyl-3-(trans-3-phenoxycyclobutanecarboxamido)cyclobutyl)acetamide",,Cn1nncc1CC(=O)N[C@]1(C)C[C@H](NC(=O)C2CC(Oc3ccccc3)C2)C1,
66863,C[C@H](F)CC(=O)N1CCOC[C@@](F)(CNC(=O)[C@]23CC[C@H](CC2)C3(C)C)C1,"N-(((6R)-6-fluoro-4-((3S)-3-fluoro-butyryl)-1,4-oxazepan-6-yl)methyl)-7,7-dimethylbicyclo[2.2.1]heptane-1-carboxamide",F[C@@]1(CN(CCOC1)C(C[C@H](C)F)=O)CNC(=O)C12CCC(CC1)C2(C)C,C[C@H](F)CC(=O)N1CCOC[C@@](F)(CNC(=O)[C@]23CC[C@H](CC2)C3(C)C)C1,C[C@H](F)CC(=O)N1CCOC[C@@](F)(CNC(=O)C23CCC(CC2)C3(C)C)C1
66915,O=C(NCc1cccnc1CNC(=O)[C@@H]1[C@H]2COC[C@H]21)[C@@H]1CCCSC1,"(1R,5S,6r)-N-((3-(((3S)-thiane-3-carboxamido)methyl)pyridin-2-yl)methyl)-3-oxabicyclo[3.1.0]hexane-6-carboxamide",,O=C(NCc1cccnc1CNC(=O)C1[C@H]2COC[C@@H]12)C1CCCSC1,
66945,CC(C)CN1N=C(C(=O)N2[C@H]3CC[C@@H]2C[C@H](NC(=O)C2(C)CSC2)C3)CCC1=O,"3-methyl-N-((1R,3r,5S)-8-((1-(2-methylpropyl)-6-oxo-4,5-dihydro-1H-pyridazin-3-yl)carbonyl)-8-azabicyclo[3.2.1]octan-3-yl)thietane-3-carboxamide",,CC(C)CN1N=C(C(=O)N2[C@@H]3CC[C@H]2C[C@@H](NC(=O)C2(C)CSC2)C3)CCC1=O,
67065,CCC(CC)N(C)CCC(=O)NC[C@]1(F)C[C@@H](NC(=O)C[C@](C)(O)C(F)(F)F)C1,"(3S)-4,4,4-trifluoro-N-((1s,3R)-3-fluoro-3-((3-((pentan-3-yl)(methyl)amino)propanamido)methyl)cyclobutyl)-3-hydroxy-3-methylbutanamide",,CCC(CC)N(C)CCC(=O)NC[C@]1(F)C[C@@H](NC(=O)C[C@](C)(O)C(F)(F)F)C1,
67096,CS(C)(=O)=NC(=O)C(=O)N1C[C@H]2[C@H](NC(=O)Cc3cccc([N+](=O)[O-])c3)[C@H]2C1,"N-((1R,5S,6s)-3-(2-((dimethyl(oxo)-lambda^6-sulfanylidene)amino)-1,2-dioxoethyl)-3-azabicyclo[3.1.0]hexan-6-yl)-2-(3-nitrophenyl)acetamide",,CS(C)(=O)=NC(=O)C(=O)N1C[C@@H]2[C@H](C1)[C@H]2NC(=O)Cc1cccc([N+](=O)[O-])c1,
67119,CO[C@H]1C[C@@H](C(=O)N2CCC(NC(=O)CCc3ccccc3)CC2)C[C@H]1OC,"N-(1-(((1r,3R,4S)-3,4-dimethoxycyclopentyl)carbonyl)piperidin-4-yl)-3-phenylpropanamide",,CO[C@H]1CC(C(=O)N2CCC(NC(=O)CCc3ccccc3)CC2)C[C@H]1OC,
67158,CCCC(=O)NC[C@H]1[C@@H]2CN(C(=O)c3[nH]cc4c3CCCC4)C[C@H]12,"N-(((1R,5S,6r)-3-((oxo)-4,5,6,7-tetrahydro-2H-isoindol-1-ylmethyl)-3-azabicyclo[3.1.0]hexan-6-yl)methyl)butanamide",,CCCC(=O)NC[C@@H]1[C@H]2CN(C(=O)c3[nH]cc4c3CCCC4)C[C@@H]12,
67208,CC[C@@H](C(=O)N1C[C@@H](F)C[C@@H]1CNC(=O)[C@@H]1[C@H]2CCCCC[C@H]21)[C@@H]1CCC(=O)N1,"(1R,7S,8r)-N-(((2R,4S)-4-fluoro-1-((2R)-1-oxo-2-((2S)-5-oxopyrrolidin-2-yl)butyl)pyrrolidin-2-yl)methyl)bicyclo[5.1.0]octane-8-carboxamide",,CCC(C(=O)N1C[C@@H](F)C[C@@H]1CNC(=O)C1[C@H]2CCCCC[C@@H]12)[C@@H]1CCC(=O)N1,
67402,CCc1cc(CNC(=O)CC[C@@H]2CCCCN2C(=O)[C@H]2C[C@@H]3CCC[C@@H]3C2)no1,"N-((5-ethyl-1,2-oxazol-3-yl)methyl)-3-((2S)-1-(((2s,3aR,6aS)-octahydropentalen-2-yl)carbonyl)piperidin-2-yl)propanamide",,CCc1cc(CNC(=O)CC[C@@H]2CCCCN2C(=O)C2C[C@H]3CCC[C@H]3C2)no1,
67443,COC(=O)[C@]1(C)C[C@@H](C(=O)NC[C@@H]2CCCC[C@H]2NC(=O)C(F)(F)CC2CC2)C1,"methyl (1S,3r)-3-((((1S,2R)-2-(3-cyclopropyl-2,2-difluoropropanamido)cyclohexyl)methyl)carbamoyl)-1-methylcyclobutanecarboxylate",,COC(=O)C1(C)CC(C(=O)NC[C@@H]2CCCC[C@H]2NC(=O)C(F)(F)CC2CC2)C1,
67483,CN(C)S(=O)(=O)c1ccc(NC(=O)[C@H]2[C@H]3CN(C(=O)CCCCBr)C[C@H]32)c(O)c1,"(1R,5S,6s)-3-(5-bromo-pentanoyl)-N-(4-(dimethylsulfamoyl)-2-hydroxyphenyl)-3-azabicyclo[3.1.0]hexane-6-carboxamide",,CN(C)S(=O)(=O)c1ccc(NC(=O)C2[C@H]3CN(C(=O)CCCCBr)C[C@@H]23)c(O)c1,
67489,CCCCC[C@H](O)[C@H](C)C(=O)N[C@H]1C[C@@](C)(NC(=O)[C@H]2Cc3cccnc3C2)C1,"(2S,3S)-N-((1R,3R)-3-((6S)-6,7-dihydro-5H-cyclopenta[b]pyridine-6-carboxamido)-3-methylcyclobutyl)-3-hydroxy-2-methyloctanamide",,CCCCC[C@H](O)C(C)C(=O)N[C@H]1C[C@@](C)(NC(=O)C2Cc3cccnc3C2)C1,
67546,CC(C)N1CC2(CN(C(=O)[C@@H]3[C@H]4CN(C(=O)COc5ccn(C)n5)C[C@H]43)C2)C1,"2-((1-methyl-1H-pyrazol-3-yl)oxy)-1-((1R,5S,6r)-6-((6-(propan-2-yl)-2,6-diazaspiro[3.3]heptan-2-yl)carbonyl)-3-azabicyclo[3.1.0]hexan-3-yl)ethan-1-one",,CC(C)N1CC2(CN(C(=O)C3[C@H]4CN(C(=O)COc5ccn(C)n5)C[C@@H]34)C2)C1,
67570,Cc1cc(CNC(=O)[C@@H]2CN(C(=O)[C@H]3C[C@@](C)(O)C3)C[C@H]2F)n[nH]1,"(3S,4S)-4-fluoro-1-(((1s,3R)-3-hydroxy-3-methylcyclobutyl)carbonyl)-N-((5-methyl-1H-pyrazol-3-yl)methyl)pyrrolidine-3-carboxamide",,Cc1cc(CNC(=O)C2CN(C(=O)C3CC(C)(O)C3)C[C@H]2F)[nH]n1,
67595,CN(CC(=O)NC[C@]1(F)C[C@H](CNC(=O)[C@H]2C[C@H](N(C)C)C2)C1)c1ccccc1,"N-(((1r,3r)-1-fluoro-3-((trans-3-(dimethylamino)cyclobutanecarboxamido)methyl)cyclobutyl)methyl)-2-((methyl)(phenyl)amino)acetamide",,CN(CC(=O)NC[C@]1(F)C[C@H](CNC(=O)C2CC(N(C)C)C2)C1)c1ccccc1,
67646,COC(=O)[C@H](N1C[C@H]2[C@@H](C1)[C@@H]2C(=O)N[C@@H](C)CN(C)C)C(F)(F)F,"methyl (2S)-2-((1R,5S,6S)-6-(((2S)-1-(dimethylamino)propan-2-yl)carbamoyl)-3-azabicyclo[3.1.0]hexan-3-yl)-3,3,3-trifluoropropanoate",,COC(=O)C(N1C[C@@H]2C(C(=O)N[C@@H](C)CN(C)C)[C@@H]2C1)C(F)(F)F,
67651,C[C@H](C(=O)N1CC[C@H](CN(C)C(=O)[C@H]2C[C@H]3[C@@H](C2)C3(F)F)C1)C(F)F,"(1R,3s,5S)-N-(((3R)-1-((2R)-3,3-difluoro-2-methyl-propionyl)pyrrolidin-3-yl)methyl)-6,6-difluoro-N-methylbicyclo[3.1.0]hexane-3-carboxamide",,CC(C(=O)N1CC[C@H](CN(C)C(=O)C2C[C@@H]3[C@H](C2)C3(F)F)C1)C(F)F,
67679,C[C@H]1O[C@H]2CC[C@@]1(C(=O)NC[C@H]1[C@@H]3CN(C(=O)c4cc5ccccn5c4)C[C@H]13)C2,"(1S,3R,4R)-N-(((1R,5S,6r)-3-((indolizin-2-yl)carbonyl)-3-azabicyclo[3.1.0]hexan-6-yl)methyl)-3-methyl-2-oxabicyclo[2.2.1]heptane-4-carboxamide",,C[C@H]1O[C@H]2CC[C@@]1(C(=O)NC[C@@H]1[C@H]3CN(C(=O)c4cc5ccccn5c4)C[C@@H]13)C2,
67722,CO[C@H](CSC)C(=O)N[C@H]1C[C@@H](CNC(=O)Cn2nc3c(n2)CCCC3)C1,"(2S)-N-(cis-3-((2-(4,5,6,7-tetrahydro-1H-benzotriazol-2-yl)acetamido)methyl)cyclobutyl)-2-methoxy-3-(methylsulfanyl)propanamide",N1N(NC2=C1CCCC2)CC(=O)NC[C@H]2C[C@H](C2)NC([C@@H](CSC)OC)=O,COC(CSC)C(=O)N[C@H]1C[C@@H](CNC(=O)Cn2nc3c(n2)CCCC3)C1,COC(CSC)C(=O)N[C@H]1C[C@@H](CNC(=O)CN2NC3=C(CCCC3)N2)C1
67970,CC(C)(CNC(=O)[C@@H]1[C@H]2C[C@H]2[C@H]2C[C@H]21)OCCNC(=O)COCc1ccccn1,"(1R,2S,4S,5r,6R)-N-(2-methyl-2-((2-(2-(((pyridin-2-yl)methyl)oxy)acetamido)ethyl)oxy)propyl)tricyclo[4.1.0.0^{2,4}]heptane-5-carboxamide",,CC(C)(CNC(=O)C1[C@H]2C[C@H]2[C@H]2C[C@@H]12)OCCNC(=O)COCc1ccccn1,
67971,C[C@@H]1c2c[nH]nc2CC[C@@H]1C(=O)N[C@H]1CN(C(=O)[C@H]2C[C@](F)(CO)C2)CC1(C)C,"(4S,5S)-N-((3R)-1-(((1s,3S)-3-fluoro-3-(hydroxymethyl)cyclobutyl)carbonyl)-4,4-dimethylpyrrolidin-3-yl)-4-methyl-4,5,6,7-tetrahydro-2H-indazole-5-carboxamide",,C[C@@H]1c2c[nH]nc2CCC1C(=O)N[C@H]1CN(C(=O)C2CC(F)(CO)C2)CC1(C)C,
67988,CC(C)[C@@H](C(=O)N1[C@H]2CC[C@@H]1C[C@@H](NC(=O)CCCS(N)(=O)=O)C2)n1cccc1,"4-(sulfamoyl)-N-((1R,3R,5S)-8-((2S)-3-methyl-1-oxo-2-(1H-pyrrol-1-yl)butyl)-8-azabicyclo[3.2.1]octan-3-yl)butanamide",,CC(C)C(C(=O)N1[C@@H]2CC[C@H]1C[C@H](NC(=O)CCCS(N)(=O)=O)C2)n1cccc1,
67995,Cc1sc(Cl)nc1C(=O)N1C[C@H]2[C@H](NC(=O)[C@H](O)CCC(C)C)[C@H]2C1,"(2R)-N-((1R,5S,6s)-3-((2-chloro-5-methyl-1,3-thiazol-4-yl)carbonyl)-3-azabicyclo[3.1.0]hexan-6-yl)-2-hydroxy-5-methylhexanamide",,Cc1sc(Cl)nc1C(=O)N1C[C@@H]2[C@H](C1)[C@H]2NC(=O)C(O)CCC(C)C,
68093,C[C@@H](CCCNC(=O)[C@@H]1[C@H]2COC[C@H]21)NC(=O)CCOC1CC1,"(1R,5S,6r)-N-((4S)-4-(3-(cyclopropoxy)propanamido)pentyl)-3-oxabicyclo[3.1.0]hexane-6-carboxamide",,C[C@@H](CCCNC(=O)C1[C@H]2COC[C@@H]12)NC(=O)CCOC1CC1,
68161,Cc1cnc2n1CCN(C(=O)[C@H]1C[C@@](C)(NC(=O)[C@@H]3C[C@]3(C)C(F)F)C1)C2,"(1R,2S)-2-(difluoromethyl)-2-methyl-N-((1s,3S)-1-methyl-3-((3-methyl-5,6,7,8-tetrahydroimidazo[1,2-a]pyrazin-7-yl)carbonyl)cyclobutyl)cyclopropanecarboxamide",,Cc1cnc2n1CCN(C(=O)C1CC(C)(NC(=O)C3C[C@]3(C)C(F)F)C1)C2,
68218,CCn1ccnc1CN=C(N[C@@H](C)Cc1ccccc1)N1C[C@@H]2[C@@H](CF)[C@@H]2C1,"(2S)-N-((((1-ethyl-1H-imidazol-2-yl)methyl)imino)((1R,5S,6S)-6-(fluoromethyl)-3-azabicyclo[3.1.0]hexan-3-yl)methyl)-1-phenylpropan-2-amine",,CCn1ccnc1CN=C(N[C@@H](C)Cc1ccccc1)N1C[C@@H]2[C@@H](CF)[C@@H]2C1,
68273,CC12CC(NC(=O)C=CC3CCC3)(C1)C1(CN(C(=O)[C@H]3CCCO3)C1)O2,"3-cyclobutyl-N-(1-methylspiro[2-oxabicyclo[2.1.1]hexane-3,3'-(1-(1-azacyclobutan-1-yl)-1-((2R)-oxolan-2-yl)methanone)]-4-yl)prop-2-enamide",,CC12CC(NC(=O)C=CC3CCC3)(C1)C1(CN(C(=O)C3CCCO3)C1)O2,
68542,C[C@H](C(=O)N1CC(CNC(=O)[C@@H]2C[C@@H]3C[C@@H]3C2)(C(N)=O)C1)c1cncnc1,"3-(((1R,3r,5S)-bicyclo[3.1.0]hexane-3-carboxamido)methyl)-1-((2S)-1-oxo-2-(pyrimidin-5-yl)propyl)azetidine-3-carboxamide",,CC(C(=O)N1CC(CNC(=O)C2C[C@@H]3C[C@@H]3C2)(C(N)=O)C1)c1cncnc1,
68659,Cc1ncc(CC(=O)N[C@H]2CN(C(=O)[C@@]3(C#N)C[C@@H]4C[C@@H]4C3)CC[C@H]2F)s1,"N-((3S,4R)-4-fluoro-1-(((1R,3s,5S)-3-(nitrilomethyl)bicyclo[3.1.0]hexan-3-yl)carbonyl)piperidin-3-yl)-2-(2-methyl-1,3-thiazol-5-yl)acetamide",,Cc1ncc(CC(=O)N[C@H]2CN(C(=O)[C@]3(C#N)C[C@H]4C[C@H]4C3)CC[C@H]2F)s1,
68691,O=C(COCc1cccnc1)N1CCN(C(=O)C2=CNC3=NCCC3=C2)[C@@H]2C[C@@H]21,"1-((1S,6R)-5-((3,7-dihydro-1H-pyrrolo[2,3-b]pyridin-5-yl)carbonyl)-2,5-diazabicyclo[4.1.0]heptan-2-yl)-2-(((pyridin-3-yl)methyl)oxy)ethan-1-one",N1CCC2=C1NCC(=C2)C(=O)N2CCN([C@H]1C[C@@H]21)C(COCC=2C=NC=CC2)=O,O=C(c1cnc2c(c1)CCN2)N1CCN(C(=O)COCc2cccnc2)[C@H]2C[C@H]21,O=C(C1=CC2CCN=C2NC1)N1CCN(C(=O)COCc2cccnc2)[C@H]2C[C@H]21
68720,Cc1ccc(C=CCC(=O)N[C@H]2CCN(C(=O)[C@H]3CC[C@@](C)(O)CC3)C2)cc1,"N-((3S)-1-(((1s,4R)-4-hydroxy-4-methylcyclohexyl)carbonyl)pyrrolidin-3-yl)-4-(4-methylphenyl)but-3-enamide",,Cc1ccc(C=CCC(=O)N[C@H]2CCN(C(=O)C3CCC(C)(O)CC3)C2)cc1,
68739,CO[C@@]1(CNC(=O)c2cocn2)CCN(C(=O)[C@H]2C[C@](O)(C(F)F)C2)C1,"N-(((3R)-1-(((1s,3S)-3-(difluoromethyl)-3-hydroxycyclobutyl)carbonyl)-3-methoxypyrrolidin-3-yl)methyl)-1,3-oxazole-4-carboxamide",,CO[C@@]1(CNC(=O)c2cocn2)CCN(C(=O)C2CC(O)(C(F)F)C2)C1,
68742,CC[C@@H](C(=O)N1C[C@H]2[C@@H](C1)[C@@H]2C(=O)N[C@@H]1CNC(=O)C12CC2)C(C)C,"(1R,5S,6R)-3-((2R)-2-ethyl-3-methyl-butyryl)-N-((7S)-4-oxo-5-azaspiro[2.4]heptan-7-yl)-3-azabicyclo[3.1.0]hexane-6-carboxamide",,CCC(C(=O)N1C[C@@H]2C(C(=O)N[C@@H]3CNC(=O)C34CC4)[C@@H]2C1)C(C)C,
68872,CN(C[C@H]1CCCN1C(=O)OC(C)(C)C)C(=O)[C@@]1(Br)[C@H]2CCCC[C@H]21,"tert-butyl (2R)-2-((N-methyl(1R,6S,7r)-7-bromobicyclo[4.1.0]heptane-7-carboxamido)methyl)pyrrolidine-1-carboxylate",,CN(C[C@H]1CCCN1C(=O)OC(C)(C)C)C(=O)[C@]1(Br)[C@@H]2CCCC[C@@H]21,
68988,O=C(N[C@H]1[C@@H]2CN(C(=O)[C@]3(F)CCS(=O)(=O)C3)C[C@@H]21)c1csc(-c2nc[nH]n2)n1,"N-((1R,5S,6S)-3-(((3R)-3-fluoro-1,1-dioxothiolan-3-yl)carbonyl)-3-azabicyclo[3.1.0]hexan-6-yl)-2-(1H-1,2,4-triazol-3-yl)-1,3-thiazole-4-carboxamide",,O=C(N[C@H]1[C@@H]2CN(C(=O)[C@]3(F)CCS(=O)(=O)C3)C[C@@H]21)c1csc(-c2nc[nH]n2)n1,
68994,Cc1cc(C(=O)N2CC3(C[C@@H](NC(=O)CNC(=O)C4CC4)c4nccn43)C2)cs1,"2-cyclopropanecarboxamido-N-((6R)-spiro[1,4-diazabicyclo[3.3.0]octa-2,4-diene-8,3'-(1-(1-azacyclobutan-1-yl)-1-(5-methylthiophen-3-yl)methanone)]-6-yl)acetamide",,Cc1cc(C(=O)N2CC3(C[C@@H](NC(=O)CNC(=O)C4CC4)c4nccn43)C2)cs1,
69073,CNC(=O)c1ccc(=NC(=O)[C@@H](OC)c2ccc(C)cc2)[nH]n1,6-(((1S)-(methoxy)(4-methylphenyl)acetyl)imino)-N-methyl-1H-pyridazine-3-carboxamide,,CNC(=O)c1ccc(NC(=O)C(OC)c2ccc(C)cc2)nn1,
69108,Cc1ccn2c(C(=O)N3CC[C@@H](NC(=O)[C@@H]4[C@H]5COC[C@H]54)C34CCC4)cnc2c1,"(1R,5S,6r)-N-((8R)-5-((7-methylimidazo[1,2-a]pyridin-3-yl)carbonyl)-5-azaspiro[3.4]octan-8-yl)-3-oxabicyclo[3.1.0]hexane-6-carboxamide",,Cc1ccn2c(C(=O)N3CC[C@@H](NC(=O)C4[C@H]5COC[C@@H]45)C34CCC4)cnc2c1,
69155,C[C@H]1[C@@H](C)[C@@H]1C(=O)NC[C@H]1C[C@H]2CC[C@H]1N2C(=O)CCc1nccs1,"(1r,2R,3S)-2,3-dimethyl-N-(((1R,2R,4R)-7-(1-oxo-3-(1,3-thiazol-2-yl)propyl)-7-azabicyclo[2.2.1]heptan-2-yl)methyl)cyclopropanecarboxamide",,C[C@@H]1C(C(=O)NC[C@H]2C[C@H]3CC[C@H]2N3C(=O)CCc2nccs2)[C@@H]1C,
69244,CCc1ccc(C(=O)NCCC2(C(=O)N(C)[C@H]3C[C@H](C)O[C@H](C)C3)CCC2)nc1,"N-(2-(1-(((2R,4s,6S)-2,6-dimethyloxan-4-yl)(methyl)carbamoyl)cyclobutyl)ethyl)-5-ethylpyridine-2-carboxamide",,CCc1ccc(C(=O)NCCC2(C(=O)N(C)[C@@H]3C[C@@H](C)O[C@@H](C)C3)CCC2)nc1,
69285,C#C[C@]1(O)C[C@@H](C(=O)N2CC[C@H](C3CC(NC(=O)C4(C=C)CCOCC4)C3)C2)C1,"4-ethenyl-N-(3-((3R)-1-(((1s,3S)-3-(ethynyl)-3-hydroxycyclobutyl)carbonyl)pyrrolidin-3-yl)cyclobutyl)oxane-4-carboxamide",,C#CC1(O)CC(C(=O)N2CC[C@H](C3CC(NC(=O)C4(C=C)CCOCC4)C3)C2)C1,
69382,O=C(Cc1cocn1)N[C@H]1[C@@H]2CN(C(=O)COC3CC=CC3)C[C@@H]21,"N-((1R,5S,6s)-3-(2-((cyclopent-3-en-1-yl)oxy)-acetyl)-3-azabicyclo[3.1.0]hexan-6-yl)-2-(1,3-oxazol-4-yl)acetamide",,O=C(Cc1cocn1)N[C@H]1[C@@H]2CN(C(=O)COC3CC=CC3)C[C@@H]21,
69404,CC(C)(CC(=O)NC[C@H]1C[C@@](F)(CNC(=O)c2ccc(N)c(Cl)n2)C1)C1CC1,"N-(((1r,3r)-3-((5-amino-6-chloropyridine-2-carboxamido)methyl)-3-fluorocyclobutyl)methyl)-3-cyclopropyl-3-methylbutanamide",,CC(C)(CC(=O)NC[C@H]1C[C@@](F)(CNC(=O)c2ccc(N)c(Cl)n2)C1)C1CC1,
69425,Cc1nnn(CC(=O)NC[C@H]2[C@@H]3CN(c4cc(O)nc(O)n4)C[C@H]23)n1,"N-(((1R,5S,6r)-3-(2,6-dihydroxypyrimidin-4-yl)-3-azabicyclo[3.1.0]hexan-6-yl)methyl)-2-(5-methyl-2H-tetrazol-2-yl)acetamide",,Cc1nnn(CC(=O)NC[C@@H]2[C@H]3CN(c4cc(=O)[nH]c(=O)[nH]4)C[C@@H]23)n1,
69506,CN(C[C@H]1[C@@H]2CN(C(=O)[C@@H]3CCC(=O)N3C3CC3)C[C@H]12)C(=O)C1(C(F)(F)F)CC1,"N-(((1R,5S,6S)-3-(((2S)-1-cyclopropyl-5-oxopyrrolidin-2-yl)carbonyl)-3-azabicyclo[3.1.0]hexan-6-yl)methyl)-N-methyl-1-(trifluoromethyl)cyclopropanecarboxamide",,CN(C[C@@H]1[C@H]2CN(C(=O)C3CCC(=O)N3C3CC3)C[C@@H]12)C(=O)C1(C(F)(F)F)CC1,
69528,O=C(N[C@H]1[C@@H]2CN(C(=O)c3csc(CO)n3)C[C@@H]21)[C@H](O)CC1CCCC1,"(2R)-3-cyclopentyl-2-hydroxy-N-((1R,5S,6s)-3-((2-(hydroxymethyl)-1,3-thiazol-4-yl)carbonyl)-3-azabicyclo[3.1.0]hexan-6-yl)propanamide",,O=C(N[C@H]1[C@@H]2CN(C(=O)c3csc(CO)n3)C[C@@H]21)C(O)CC1CCCC1,
69575,CCc1c[nH]nc1C(=O)N[C@](C)(CC)CNC(=O)[C@@H]1C[C@H](OC)[C@H](OC)C1,"N-((2R)-1-((1r,3R,4S)-3,4-dimethoxycyclopentanecarboxamido)-2-methylbutan-2-yl)-4-ethyl-1H-pyrazole-3-carboxamide",,CCc1c[nH]nc1C(=O)N[C@](C)(CC)CNC(=O)C1C[C@H](OC)[C@H](OC)C1,
69671,O=C(c1ccccn1)N1C[C@H]2C[C@H](NC(=O)[C@]34CCCC[C@@H]3C4)C[C@H]2C1,"(1S,6R)-N-((1R,5S,7s)-3-((pyridin-2-yl)carbonyl)-3-azabicyclo[3.3.0]octan-7-yl)bicyclo[4.1.0]heptane-1-carboxamide",,O=C(c1ccccn1)N1C[C@H]2C[C@H](NC(=O)[C@]34CCCC[C@@H]3C4)C[C@H]2C1,
69675,CCn1ccnc1C(=O)N[C@H](CC(=O)N[C@@H]1[C@H]2CCCCC[C@H]21)C1CC1,"N-((1R)-3-(((1R,7S,8r)-bicyclo[5.1.0]octan-8-yl)amino)-1-cyclopropyl-3-oxopropyl)-1-ethyl-1H-imidazole-2-carboxamide",,CCn1ccnc1C(=O)N[C@H](CC(=O)N[C@H]1[C@@H]2CCCCC[C@@H]21)C1CC1,
69702,COC(=O)[C@H]1C=C[C@H]1C(=O)N[C@]1(C)C[C@H](C(=O)NCCC(F)=C(F)F)C1,"methyl (1S,4R)-4-(((1s,3S)-1-methyl-3-((3,4,4-trifluorobut-3-en-1-yl)carbamoyl)cyclobutyl)carbamoyl)cyclobut-2-ene-1-carboxylate",,COC(=O)C1C=CC1C(=O)NC1(C)CC(C(=O)NCCC(F)=C(F)F)C1,
69737,CC[C@H]1CCCC[C@H]1C(=O)NC[C@H]1C[C@](F)(CNC(=O)C2CC3(CSC3)C2)C1,"N-(((1S,3s)-3-(((1R,2S)-2-ethylcyclohexanecarboxamido)methyl)-1-fluorocyclobutyl)methyl)-2-thiaspiro[3.3]heptane-6-carboxamide",,CC[C@H]1CCCCC1C(=O)NC[C@H]1C[C@](F)(CNC(=O)C2CC3(CSC3)C2)C1,
69782,CCOC1(C(=O)N2[C@H]3CC[C@@H]2C[C@@H](CNC(=O)c2n[nH]c(CC)c2Cl)C3)CCC1,"4-chloro-N-(((1R,3s,5S)-8-((1-ethoxycyclobutyl)carbonyl)-8-azabicyclo[3.2.1]octan-3-yl)methyl)-5-ethyl-1H-pyrazole-3-carboxamide",,CCOC1(C(=O)N2[C@@H]3CC[C@H]2C[C@H](CNC(=O)c2[nH]nc(CC)c2Cl)C3)CCC1,
69808,CC(C)c1nocc1C(=O)NC[C@]1(F)C[C@@H](NC(=O)COC2CCC2)C1,"N-(((1s,3s)-3-(2-(cyclobutoxy)acetamido)-1-fluorocyclobutyl)methyl)-3-(propan-2-yl)-1,2-oxazole-4-carboxamide",,CC(C)c1nocc1C(=O)NC[C@]1(F)C[C@@H](NC(=O)COC2CCC2)C1,
69832,CO[C@@H](C)CC(=O)N1[C@H]2CC[C@@H]1C[C@@H](CNC(=O)[C@@H]1CC=Cc3ccccc31)C2,"(1R)-N-(((1R,3R,5S)-8-((3S)-3-methoxy-butyryl)-8-azabicyclo[3.2.1]octan-3-yl)methyl)-1,2-dihydronaphthalene-1-carboxamide",,CO[C@@H](C)CC(=O)N1[C@@H]2CC[C@H]1C[C@H](CNC(=O)C1CC=Cc3ccccc31)C2,
69833,CC1(C)C[C@H](NC(=O)CC2(C)CC2)CN(C(=O)[C@H]2C[C@@H]3C[C@@H]3C2)C1,"N-((3S)-1-(((1R,3s,5S)-bicyclo[3.1.0]hexan-3-yl)carbonyl)-5,5-dimethylpiperidin-3-yl)-2-(1-methylcyclopropyl)acetamide",,CC1(C)C[C@H](NC(=O)CC2(C)CC2)CN(C(=O)C2C[C@@H]3C[C@@H]3C2)C1,
69851,CC1=NO[C@H](CCNC(=O)[C@@H]2[C@H]3CN(C(=O)c4cnn5ccccc45)C[C@H]32)C1,"(1R,5S,6r)-N-(2-((5R)-3-methyl-4,5-dihydro-1,2-oxazol-5-yl)ethyl)-3-((pyrazolo[1,5-a]pyridin-3-yl)carbonyl)-3-azabicyclo[3.1.0]hexane-6-carboxamide",,CC1=NO[C@H](CCNC(=O)C2[C@H]3CN(C(=O)c4cnn5ccccc45)C[C@@H]23)C1,
69921,CCC(=O)c1ccc(C(=O)NC2(CNC(=O)[C@H]3C[C@@H]4CC[C@@H]4C3)CCC2)cc1,"(1R,3s,5S)-N-((1-(4-(propionyl)benzamido)cyclobutyl)methyl)bicyclo[3.2.0]heptane-3-carboxamide",,CCC(=O)c1ccc(C(=O)NC2(CNC(=O)C3C[C@H]4CC[C@H]4C3)CCC2)cc1,
69984,CCc1nccnc1C(=O)N1C[C@H]2[C@@H](C1)[C@@H]2C(=O)N1CC(n2cccn2)C1,"1-(3-ethylpyrazin-2-yl)-1-((1R,5S,6r)-6-((3-(1H-pyrazol-1-yl)azetidin-1-yl)carbonyl)-3-azabicyclo[3.1.0]hexan-3-yl)methanone",,CCc1nccnc1C(=O)N1C[C@@H]2C(C(=O)N3CC(n4cccn4)C3)[C@@H]2C1,
69999,COC[C@@]1(CNC(=O)[C@@H]2[C@H]3COC[C@H]32)CCCN1C(=O)Cc1cc(C2CC2)no1,"(1R,5S,6r)-N-(((2S)-1-(2-(3-cyclopropyl-1,2-oxazol-5-yl)-acetyl)-2-(methoxymethyl)pyrrolidin-2-yl)methyl)-3-oxabicyclo[3.1.0]hexane-6-carboxamide",,COC[C@@]1(CNC(=O)C2[C@H]3COC[C@@H]23)CCCN1C(=O)Cc1cc(C2CC2)no1,
70044,CC(C)Cn1cc(C(=O)N[C@]23C[C@H]2CN(C(=O)[C@H]2C[C@@](C)(O)C2)C3)cn1,"N-((1R,5S)-3-(((1s,3S)-3-hydroxy-3-methylcyclobutyl)carbonyl)-3-azabicyclo[3.1.0]hexan-1-yl)-1-(2-methylpropyl)-1H-pyrazole-4-carboxamide",,CC(C)Cn1cc(C(=O)N[C@]23C[C@H]2CN(C(=O)C2CC(C)(O)C2)C3)cn1,
70059,C[C@@H](CF)CC(=O)N[C@H]1CC[C@]2(CC1)CN(C(=O)c1cnn(CCO)c1)CCO2,(3R)-4-fluoro-N-(4-((1-(2-hydroxyethyl)-1H-pyrazol-4-yl)carbonyl)-1-oxa-4-azaspiro[5.5]undecan-9-yl)-3-methylbutanamide,FC[C@@H](CC(=O)NC1CCC2(CN(CCO2)C(=O)C=2C=NN(C2)CCO)CC1)C,C[C@@H](CF)CC(=O)N[C@H]1CC[C@]2(CC1)CN(C(=O)c1cnn(CCO)c1)CCO2,C[C@@H](CF)CC(=O)NC1CCC2(CC1)CN(C(=O)c1cnn(CCO)c1)CCO2
70060,Cc1scnc1C(=O)N[C@@H]1C[C@@H]2CC[C@H](C1)N2C(=O)[C@@H]1CC(C)(C)CN1C,"5-methyl-N-((1R,3S,5S)-8-(((2S)-1,4,4-trimethylpyrrolidin-2-yl)carbonyl)-8-azabicyclo[3.2.1]octan-3-yl)-1,3-thiazole-4-carboxamide",,Cc1scnc1C(=O)N[C@H]1C[C@H]2CC[C@@H](C1)N2C(=O)C1CC(C)(C)CN1C,
70079,CCN(CC)[C@H](C)C(=O)N[C@]1(C)C[C@@H](NC(=O)c2noc3c2COCC3)C1,"(2R)-2-(diethylamino)-N-((1r,3R)-3-(3,7-dioxa-8-azabicyclo[4.3.0]nona-1(6),8-diene-9-carboxamido)-1-methylcyclobutyl)propanamide",,CCN(CC)C(C)C(=O)N[C@]1(C)C[C@@H](NC(=O)c2noc3c2COCC3)C1,
70192,CC[C@@H](O)[C@H](C)C(=O)N1C[C@H]2[C@H](CN(C)C(=O)c3cccnn3)[C@H]2C1,"N-(((1R,5S,6S)-3-((2S,3R)-3-hydroxy-2-methyl-pentanoyl)-3-azabicyclo[3.1.0]hexan-6-yl)methyl)-N-methylpyridazine-3-carboxamide",,CC[C@@H](O)C(C)C(=O)N1C[C@@H]2[C@@H](CN(C)C(=O)c3cccnn3)[C@@H]2C1,
70244,CCn1cc(CC(=O)N2CCC(C)(C(=O)N(C)[C@H]3C[C@@H]4C[C@@H]4C3)CC2)cn1,"N-((1R,3s,5S)-bicyclo[3.1.0]hexan-3-yl)-1-(2-(1-ethyl-1H-pyrazol-4-yl)-acetyl)-4,N-dimethylpiperidine-4-carboxamide",,CCn1cc(CC(=O)N2CCC(C)(C(=O)N(C)[C@@H]3C[C@H]4C[C@H]4C3)CC2)cn1,
70277,CC[C@@H](C(=O)N[C@H]1C[C@](C)(NC(=O)c2cncc(Cl)c2)C1)C(C)(C)CC,"(2R)-N-((1r,3R)-3-(5-chloropyridine-3-carboxamido)-3-methylcyclobutyl)-2-ethyl-3,3-dimethylpentanamide",,CCC(C(=O)N[C@H]1C[C@](C)(NC(=O)c2cncc(Cl)c2)C1)C(C)(C)CC,
70283,COc1cc(C)ccc1NC(=O)C[C@H]1[C@@H]2CN(C(=O)c3ccn(C)c(=O)c3)C[C@H]12,"N-(2-methoxy-4-methylphenyl)-2-((1R,5S,6s)-3-((1-methyl-2-oxo-1H-pyridin-4-yl)carbonyl)-3-azabicyclo[3.1.0]hexan-6-yl)acetamide",,COc1cc(C)ccc1NC(=O)C[C@@H]1[C@H]2CN(C(=O)c3ccn(C)c(=O)c3)C[C@@H]12,
70300,CCc1nnc(N2C[C@H]3[C@H](NC(=O)CC45CCC(CC4)C5)[C@H]3C2)nc1CC,"2-(bicyclo[2.2.1]heptan-1-yl)-N-((1R,5S,6s)-3-(5,6-diethyl-1,2,4-triazin-3-yl)-3-azabicyclo[3.1.0]hexan-6-yl)acetamide",,CCc1nnc(N2C[C@@H]3[C@H](C2)[C@H]3NC(=O)CC23CCC(CC2)C3)nc1CC,
70312,Cc1cccc(-n2cc([C@]3(O)C[C@@H](C(=O)N4CC[C@H](C(=O)O)C4)C3)nn2)c1,"(3S)-1-(((1s,3R)-3-hydroxy-3-(1-(3-methylphenyl)-1H-1,2,3-triazol-4-yl)cyclobutyl)carbonyl)pyrrolidine-3-carboxylic acid",,Cc1cccc(-n2cc(C3(O)CC(C(=O)N4CCC(C(=O)O)C4)C3)nn2)c1,
70318,Cc1cnc(Cl)c(C(=O)NC[C@H]2C[C@@H]3CC[C@H](C2)N3C(=O)c2ccno2)c1,"2-chloro-5-methyl-N-(((1R,3s,5S)-8-((1,2-oxazol-5-yl)carbonyl)-8-azabicyclo[3.2.1]octan-3-yl)methyl)pyridine-3-carboxamide",,Cc1cnc(Cl)c(C(=O)NC[C@@H]2C[C@H]3CC[C@@H](C2)N3C(=O)c2ccno2)c1,
70323,CC[C@@]1(NC(=O)C=Cc2ccnn2C)CCCN(C(=O)[C@@H]2[C@H]3CCC[C@H]32)C1,"N-((3R)-1-(((1R,5S,6r)-bicyclo[3.1.0]hexan-6-yl)carbonyl)-3-ethylpiperidin-3-yl)-3-(1-methyl-1H-pyrazol-5-yl)prop-2-enamide",,CC[C@@]1(NC(=O)C=Cc2ccnn2C)CCCN(C(=O)C2[C@H]3CCC[C@@H]23)C1,
70333,Cc1ncc([N+](=O)[O-])n1CC(=O)N[C@@H]1C[C@@H]2CC[C@H](C1)N2C(=O)c1cnn[nH]1,"2-(2-methyl-5-nitro-1H-imidazol-1-yl)-N-((1R,3r,5S)-8-((1H-1,2,3-triazol-5-yl)carbonyl)-8-azabicyclo[3.2.1]octan-3-yl)acetamide",,Cc1ncc([N+](=O)[O-])n1CC(=O)N[C@H]1C[C@H]2CC[C@@H](C1)N2C(=O)c1c[nH]nn1,
70393,C[C@]1(O)CC[C@@H](C(=O)N2CCCC[C@@H]2CCNC(=O)CCCn2cccn2)CC1,"N-(2-((2R)-1-(((1s,4S)-4-hydroxy-4-methylcyclohexyl)carbonyl)piperidin-2-yl)ethyl)-4-(1H-pyrazol-1-yl)butanamide",,CC1(O)CCC(C(=O)N2CCCC[C@@H]2CCNC(=O)CCCn2cccn2)CC1,
70478,CC[C@H](CC(=O)N[C@@H]1CC(F)(F)C1(C)C)NC(=O)[C@@H]1C[C@@H]2CC[C@@H]2C1,"(3R)-3-((1R,3r,5S)-bicyclo[3.2.0]heptane-3-carboxamido)-N-((1R)-3,3-difluoro-2,2-dimethylcyclobutyl)pentanamide",,CC[C@H](CC(=O)N[C@@H]1CC(F)(F)C1(C)C)NC(=O)C1C[C@H]2CC[C@H]2C1,
70542,Cn1nnc2c1[C@@H](C(=O)N1CC=C[C@H](NC(=O)C3=C(Cl)CCOC3)C1)CCC2,"4-chloro-N-((3S)-1-(((4S)-3-methyl-4,5,6,7-tetrahydro-1H-benzotriazol-4-yl)carbonyl)-1,2,3,6-tetrahydropyridin-3-yl)-5,6-dihydro-2H-pyran-3-carboxamide",ClC1=C(COCC1)C(=O)N[C@@H]1CN(CC=C1)C(=O)[C@H]1CCCC=2NNN(C21)C,Cn1nnc2c1C(C(=O)N1CC=C[C@H](NC(=O)C3=C(Cl)CCOC3)C1)CCC2,CN1NNC2=C1C(C(=O)N1CC=C[C@H](NC(=O)C3=C(Cl)CCOC3)C1)CCC2
70661,CCC[C@H](OC)C(=O)NC12CC(CO)(C1)OC21CN(C(=O)C[C@@H]2CC(C)=NO2)C1,"(2S)-N-(1-(hydroxymethyl)spiro[2-oxabicyclo[2.1.1]hexane-3,3'-(1-(1-azacyclobutan-1-yl)-2-((5S)-3-methyl-4,5-dihydro-1,2-oxazol-5-yl)ethane)]-4-yl-1'-one)-2-methoxypentanamide",,CCCC(OC)C(=O)NC12CC(CO)(C1)OC21CN(C(=O)C[C@@H]2CC(C)=NO2)C1,
70701,CCC1=C(C(=O)N2[C@H]3CC[C@@H]2C[C@@H](CNC(=O)Cc2cnc(C)o2)C3)CCCO1,"N-(((1R,3s,5S)-8-((6-ethyl-3,4-dihydro-2H-pyran-5-yl)carbonyl)-8-azabicyclo[3.2.1]octan-3-yl)methyl)-2-(2-methyl-1,3-oxazol-5-yl)acetamide",,CCC1=C(C(=O)N2[C@@H]3CC[C@H]2C[C@H](CNC(=O)Cc2cnc(C)o2)C3)CCCO1,
70742,C/C=C/C[C@@H](C)C(=O)N(C)[C@H]1C[C@@H]2CC[C@H](C1)N2C(=O)c1cnccc1N(C)C,"(2R,4E)-N-((1R,3s,5S)-8-((4-(dimethylamino)pyridin-3-yl)carbonyl)-8-azabicyclo[3.2.1]octan-3-yl)-2,N-dimethylhex-4-enamide",,C/C=C/CC(C)C(=O)N(C)[C@@H]1C[C@H]2CC[C@@H](C1)N2C(=O)c1cnccc1N(C)C,
70805,CS[C@@H](C)C(=O)N(C)[C@H]1C[C@@H]2CC[C@H](C1)N2C(=O)C1CN(C(=O)N(C)C)C1,"(2S)-N-((1R,3s,5S)-8-((1-((dimethylamino)carbonyl)azetidin-3-yl)carbonyl)-8-azabicyclo[3.2.1]octan-3-yl)-N-methyl-2-(methylsulfanyl)propanamide",,CSC(C)C(=O)N(C)[C@@H]1C[C@H]2CC[C@@H](C1)N2C(=O)C1CN(C(=O)N(C)C)C1,
70820,CN(CC(=O)N1C[C@@H](CNC(=O)[C@H]2C[C@@](C)(O)C2)C(C)(C)C1)c1ccc(Cl)cn1,"(1s,3S)-N-(((3R)-1-(2-((5-chloropyridin-2-yl)(methyl)amino)-acetyl)-4,4-dimethylpyrrolidin-3-yl)methyl)-3-hydroxy-3-methylcyclobutanecarboxamide",,CN(CC(=O)N1C[C@@H](CNC(=O)C2CC(C)(O)C2)C(C)(C)C1)c1ccc(Cl)cn1,
70878,COc1cccc2c1C[C@@H](N(C)C(=O)[C@]1(C)CC[C@@H](C(C)(C)C)CC1)C2,"(1r,4S)-4-(tert-butyl)-N-((2S)-4-methoxy-2,3-dihydro-1H-inden-2-yl)-1,N-dimethylcyclohexanecarboxamide",,COc1cccc2c1C[C@@H](N(C)C(=O)[C@]1(C)CC[C@@H](C(C)(C)C)CC1)C2,
70902,Cc1ccc(-n2cc([C@@H]3[C@H]4CN(C(=O)CSc5nncn5C)C[C@H]43)nn2)c(Cl)c1,"1-((1R,5S,6r)-6-(1-(2-chloro-4-methylphenyl)-1H-1,2,3-triazol-4-yl)-3-azabicyclo[3.1.0]hexan-3-yl)-2-((4-methyl-4H-1,2,4-triazol-3-yl)sulfanyl)ethan-1-one",,Cc1ccc(-n2cc([C@H]3[C@@H]4CN(C(=O)CSc5nncn5C)C[C@@H]43)nn2)c(Cl)c1,
70910,Cc1ccc(Br)c(C(=O)N[C@]2(C)C[C@@H](NC(=O)C3=CCC[C@@H]3C)C2)c1,"2-bromo-5-methyl-N-((1S,3r)-1-methyl-3-((5S)-5-methylcyclopent-1-ene-1-carboxamido)cyclobutyl)benzamide",,Cc1ccc(Br)c(C(=O)N[C@]2(C)C[C@@H](NC(=O)C3=CCC[C@@H]3C)C2)c1,
71008,COCC1(C(=O)N[C@H]2CN(C(=O)[C@H]3C[C@@H]4OC(=O)O[C@@H]4C3)C(C)(C)C2)CCCC1,"N-((3R)-5,5-dimethyl-1-(((1R,5S,7s)-3-oxo-2,4-dioxabicyclo[3.3.0]octan-7-yl)carbonyl)pyrrolidin-3-yl)-1-(methoxymethyl)cyclopentanecarboxamide",,COCC1(C(=O)N[C@H]2CN(C(=O)C3C[C@@H]4OC(=O)O[C@@H]4C3)C(C)(C)C2)CCCC1,
71012,CCC(=O)N1CCCC[C@@H]1C(=O)N1C[C@@H](C)[C@@H](CNC(=O)[C@H]2C[C@@](F)(CO)C2)C1,"(1r,3S)-3-fluoro-3-(hydroxymethyl)-N-(((3S,4S)-4-methyl-1-(((2R)-1-(propionyl)piperidin-2-yl)carbonyl)pyrrolidin-3-yl)methyl)cyclobutanecarboxamide",,CCC(=O)N1CCCCC1C(=O)N1C[C@H](CNC(=O)C2CC(F)(CO)C2)[C@H](C)C1,
71033,CC(=CC(=O)N1[C@@H]2COC[C@H]1C[C@@H](NC(=O)CC1=NNC(=O)C1)C2)C(F)F,"N-((1R,5S,7s)-9-(4,4-difluoro-3-methyl-1-oxobut-2-en-1-yl)-3-oxa-9-azabicyclo[3.3.1]nonan-7-yl)-2-(5-oxo-1H,4H-pyrazol-3-yl)acetamide",,CC(=CC(=O)N1[C@@H]2COC[C@H]1C[C@@H](NC(=O)Cc1cc(=O)[nH][nH]1)C2)C(F)F,
71039,Cc1c(C(=O)N[C@@H]2C[C@H]3[C@@H](C2)[C@@H]3NC(=O)CCCC(=O)N(C)C)nnn1C,"N-((1R,3r,5S,6r)-6-(4-(dimethylcarbamoyl)butanamido)bicyclo[3.1.0]hexan-3-yl)-1,5-dimethyl-1H-1,2,3-triazole-4-carboxamide",,Cc1c(C(=O)N[C@H]2C[C@@H]3[C@H](C2)[C@H]3NC(=O)CCCC(=O)N(C)C)nnn1C,
71118,CN(C)CCCCC(=O)N1C[C@H]2[C@H](CNC(=O)[C@H]3CCN(C4CC4)C3=O)[C@H]2C1,"(3R)-1-cyclopropyl-N-(((1R,5S,6r)-3-(5-(dimethylamino)-pentanoyl)-3-azabicyclo[3.1.0]hexan-6-yl)methyl)-2-oxopyrrolidine-3-carboxamide",,CN(C)CCCCC(=O)N1C[C@@H]2[C@@H](CNC(=O)C3CCN(C4CC4)C3=O)[C@@H]2C1,
71164,CCc1cc(C(=O)N[C@H]2C[C@@](C)(NC(=O)[C@@H]3C[C@H](O)[C@@H](F)C3)C2)n[nH]1,"5-ethyl-N-((1S,3s)-3-((1R,3S,4S)-3-fluoro-4-hydroxycyclopentanecarboxamido)-3-methylcyclobutyl)-1H-pyrazole-3-carboxamide",,CCc1cc(C(=O)N[C@H]2C[C@@](C)(NC(=O)C3C[C@H](O)[C@@H](F)C3)C2)[nH]n1,
71196,O=C(C[C@H]1CCS(=O)(=O)C1)NC[C@H]1C[C@@](F)(CNC(=O)c2cnn3ccsc23)C1,"2-((3S)-1,1-dioxothiolan-3-yl)-N-(((1r,3S)-3-fluoro-3-((2-thia-5,6-diazabicyclo[3.3.0]octa-1(8),3,6-triene-8-carboxamido)methyl)cyclobutyl)methyl)acetamide",,O=C(C[C@H]1CCS(=O)(=O)C1)NC[C@H]1C[C@@](F)(CNC(=O)c2cnn3ccsc23)C1,
71219,CC[C@@H]1C[C@@H]1C(=O)NC[C@]1(F)C[C@H](NC(=O)c2cc(=O)c3ccc(Cl)cc3o2)C1,"7-chloro-N-((1S,3r)-3-(((1S,2R)-2-ethylcyclopropanecarboxamido)methyl)-3-fluorocyclobutyl)-4-oxo-4H-1-benzopyran-2-carboxamide",,CC[C@@H]1CC1C(=O)NC[C@]1(F)C[C@H](NC(=O)c2cc(=O)c3ccc(Cl)cc3o2)C1,
71233,Cc1ncc(Cl)c(C(=O)N[C@H]2[C@@H]3CN(C(=O)C=Cc4ccc(C(F)F)o4)C[C@@H]32)n1,"5-chloro-N-((1R,5S,6s)-3-(3-(5-(difluoromethyl)furan-2-yl)-1-oxoprop-2-en-1-yl)-3-azabicyclo[3.1.0]hexan-6-yl)-2-methylpyrimidine-4-carboxamide",,Cc1ncc(Cl)c(C(=O)N[C@H]2[C@@H]3CN(C(=O)C=Cc4ccc(C(F)F)o4)C[C@@H]32)n1,
71255,CC1(NC(=O)[C@@H]2C[C@@H]3CS(=O)(=O)C[C@@H]3C2)CCN(C(=O)CCCC(N)=O)CC1,"(1R,5S,7r)-N-(1-(5-amino-1,5-dioxopentyl)-4-methylpiperidin-4-yl)-3,3-dioxo-3lambda^6-thiabicyclo[3.3.0]octane-7-carboxamide",,CC1(NC(=O)C2C[C@@H]3CS(=O)(=O)C[C@@H]3C2)CCN(C(=O)CCCC(N)=O)CC1,
71279,CO[C@@H]1CCCC[C@H]1C(=O)N1CC2(C1)OC1(CO)CC2(NC(=O)[C@@H](C)CSC)C1,"(2R)-N-(1-(hydroxymethyl)spiro[2-oxabicyclo[2.1.1]hexane-3,3'-(1-(1-azacyclobutan-1-yl)-1-((1R,2R)-2-methoxycyclohexyl)methanone)]-4-yl)-2-methyl-3-(methylsulfanyl)propanamide",,CO[C@@H]1CCCCC1C(=O)N1CC2(C1)OC1(CO)CC2(NC(=O)C(C)CSC)C1,
71365,COCC(COC)NC(=O)[C@@H]1[C@H]2CN(C(=O)c3ccc(C)c(F)c3F)C[C@H]21,"(1R,5S,6r)-3-((2,3-difluoro-4-methylphenyl)carbonyl)-N-(1,3-dimethoxypropan-2-yl)-3-azabicyclo[3.1.0]hexane-6-carboxamide",,COCC(COC)NC(=O)C1[C@H]2CN(C(=O)c3ccc(C)c(F)c3F)C[C@@H]12,
71377,COc1nc(C)cc(=NC[C@H]2C[C@@H]3CC[C@H](C2)N3C(=O)C[C@H]2CC(C)(C)CO2)[nH]1,"2-((2R)-4,4-dimethyloxolan-2-yl)-1-((1R,3S,5S)-3-(((2-methoxy-6-methyl-3H-pyrimidin-4-ylidene)amino)methyl)-8-azabicyclo[3.2.1]octan-8-yl)ethan-1-one",,COc1nc(C)cc(NC[C@@H]2C[C@H]3CC[C@@H](C2)N3C(=O)C[C@H]2CC(C)(C)CO2)n1,
71418,CN(C[C@@H]1CCCN1C(=O)[C@@H]1C[C@H]2[C@@H](C1)C2(F)F)C(=O)CC(F)(F)CS(C)(=O)=O,"N-(((2S)-1-(((1R,3r,5S)-6,6-difluorobicyclo[3.1.0]hexan-3-yl)carbonyl)pyrrolidin-2-yl)methyl)-3,3-difluoro-N-methyl-4-(methylsulfonyl)butanamide",,CN(C[C@@H]1CCCN1C(=O)C1C[C@@H]2[C@H](C1)C2(F)F)C(=O)CC(F)(F)CS(C)(=O)=O,
71515,CCCCC1(C(=O)N(C)C[C@H]2[C@@H]3CN(C(=O)C[C@H]4CC(C)(C)CO4)C[C@H]23)CC1,"1-butyl-N-(((1R,5S,6R)-3-(2-((2R)-4,4-dimethyloxolan-2-yl)-acetyl)-3-azabicyclo[3.1.0]hexan-6-yl)methyl)-N-methylcyclopropanecarboxamide",,CCCCC1(C(=O)N(C)C[C@@H]2[C@H]3CN(C(=O)C[C@H]4CC(C)(C)CO4)C[C@@H]23)CC1,
71518,CCN(C)C(=O)[C@H](C)N1C[C@H]2[C@@H](C1)[C@@H]2C(=O)N(C)[C@H](C)C(C)(C)C,"(2S)-2-((1R,5S,6S)-6-(((2R)-3,3-dimethylbutan-2-yl)(methyl)carbamoyl)-3-azabicyclo[3.1.0]hexan-3-yl)-N-ethyl-N-methylpropanamide",,CCN(C)C(=O)C(C)N1C[C@@H]2C(C(=O)N(C)[C@H](C)C(C)(C)C)[C@@H]2C1,
71544,CN(C(=O)[C@H]1C[C@H](CF)C1)[C@H](CNC(=O)[C@@H]1[C@H]2[C@@H]3CC[C@@H](C3)[C@H]21)C1CC1,"(1R,2S,3r,4R,5S)-N-((2S)-2-cyclopropyl-2-(N-methyltrans-3-(fluoromethyl)cyclobutanecarboxamido)ethyl)tricyclo[3.2.1.0^{2,4}]octane-3-carboxamide",,CN(C(=O)C1CC(CF)C1)[C@H](CNC(=O)C1[C@@H]2[C@H]3CC[C@H](C3)[C@H]12)C1CC1,
71706,C=CCCCC(=O)NC[C@H]1[C@@H]2CN(C(=O)Cc3csc(CC)n3)C[C@H]12,"N-(((1R,5S,6r)-3-(2-(2-ethyl-1,3-thiazol-4-yl)-acetyl)-3-azabicyclo[3.1.0]hexan-6-yl)methyl)hex-5-enamide",,C=CCCCC(=O)NC[C@@H]1[C@H]2CN(C(=O)Cc3csc(CC)n3)C[C@@H]12,
71719,O=C(N[C@@H]1CC[C@@H]2CN(c3ncncc3Br)C[C@H]2C1)[C@@H]1CC[C@H]2[C@@H](CC1)C2(F)F,"(1R,4r,7S)-N-((3aS,5R,7aS)-2-(5-bromopyrimidin-4-yl)octahydro-1H-isoindol-5-yl)-8,8-difluorobicyclo[5.1.0]octane-4-carboxamide",,O=C(N[C@@H]1CC[C@@H]2CN(c3ncncc3Br)C[C@H]2C1)C1CC[C@@H]2[C@H](CC1)C2(F)F,
71727,CC(C)C(=O)N(C)CC(=O)N1C[C@H]2[C@@H](C1)[C@@H]2C(=O)N[C@@H]1CCCOC1,"2,N-dimethyl-N-(2-((1R,5S,6r)-6-(((3R)-oxan-3-yl)carbamoyl)-3-azabicyclo[3.1.0]hexan-3-yl)-2-oxoethyl)propanamide",,CC(C)C(=O)N(C)CC(=O)N1C[C@@H]2C(C(=O)N[C@@H]3CCCOC3)[C@@H]2C1,
71740,C[C@]1(NC(=O)C[C@@H]2CC[C@H]3C[C@H]23)C[C@H](NC(=O)C=Cc2ccc(O)cc2)C1,"N-((1S,3r)-3-(2-((1S,2S,5S)-bicyclo[3.1.0]hexan-2-yl)acetamido)-3-methylcyclobutyl)-3-(4-hydroxyphenyl)prop-2-enamide",,C[C@]1(NC(=O)C[C@@H]2CC[C@H]3C[C@H]23)C[C@H](NC(=O)C=Cc2ccc(O)cc2)C1,
71746,CCCCC[C@@H](F)C(=O)N[C@]1(C)C[C@H](C(=O)N2C[C@H](OC)C[C@@H]2CF)C1,"(2R)-2-fluoro-N-((1S,3S)-3-(((2R,4R)-2-(fluoromethyl)-4-methoxypyrrolidin-1-yl)carbonyl)-1-methylcyclobutyl)heptanamide",,CCCCCC(F)C(=O)NC1(C)CC(C(=O)N2C[C@H](OC)C[C@@H]2CF)C1,
71788,COc1cncc(C(=O)N2CC(CNC(=O)[C@@H]3[C@H]4CCCC[C@H]43)C2)c1C,"(1R,6S,7r)-N-((1-((5-methoxy-4-methylpyridin-3-yl)carbonyl)azetidin-3-yl)methyl)bicyclo[4.1.0]heptane-7-carboxamide",,COc1cncc(C(=O)N2CC(CNC(=O)C3[C@H]4CCCC[C@@H]34)C2)c1C,
71842,COC1CC(CCC(=O)N2C[C@H]3[C@H](CC(=O)NCC[C@H]4C=CCC4)[C@H]3C2)C1,"N-(2-((1S)-cyclopent-2-en-1-yl)ethyl)-2-((1R,5S,6s)-3-(3-(3-methoxycyclobutyl)-propionyl)-3-azabicyclo[3.1.0]hexan-6-yl)acetamide",,COC1CC(CCC(=O)N2C[C@@H]3[C@@H](CC(=O)NCC[C@H]4C=CCC4)[C@@H]3C2)C1,
71847,O=C(N[C@H]1C[C@@H]2CN(C(=O)[C@@H](F)Cc3ccccc3)C[C@@H]2C1)c1ccns1,"N-((1R,5S,7R)-3-((2S)-2-fluoro-1-oxo-3-phenylpropyl)-3-azabicyclo[3.3.0]octan-7-yl)-1,2-thiazole-5-carboxamide",,O=C(N[C@H]1C[C@@H]2CN(C(=O)C(F)Cc3ccccc3)C[C@@H]2C1)c1ccns1,
71861,CSc1ccc(C)c(C(=O)N[C@H]2[C@@H]3CN(C(=O)[C@@H]4CCC[C@H](C#N)C4)C[C@@H]32)c1,"2-methyl-5-(methylsulfanyl)-N-((1R,5S,6S)-3-(((1R,3S)-3-(nitrilomethyl)cyclohexyl)carbonyl)-3-azabicyclo[3.1.0]hexan-6-yl)benzamide",,CSc1ccc(C)c(C(=O)N[C@H]2[C@@H]3CN(C(=O)C4CCC[C@H](C#N)C4)C[C@@H]32)c1,
71948,C[C@]1(NC(=O)C2CN(c3nncs3)C2)C[C@H](NC(=O)c2occc2F)C1,"N-((1r,3r)-3-(3-fluorofuran-2-carboxamido)-1-methylcyclobutyl)-1-(1,3,4-thiadiazol-2-yl)azetidine-3-carboxamide",,C[C@]1(NC(=O)C2CN(c3nncs3)C2)C[C@H](NC(=O)c2occc2F)C1,
72003,C[C@@H]1[C@H](C(=O)N2CC[C@H](CNC(=O)c3csc(S)n3)C(F)(F)C2)[C@@H]1C,"N-(((4R)-1-(((1s,2R,3S)-2,3-dimethylcyclopropyl)carbonyl)-3,3-difluoropiperidin-4-yl)methyl)-2-sulfanyl-1,3-thiazole-4-carboxamide",,C[C@@H]1C(C(=O)N2CC[C@H](CNC(=O)c3csc(=S)[nH]3)C(F)(F)C2)[C@@H]1C,
72050,COC(=O)Cc1ccnc(NC[C@]2(F)C[C@@H](NC(=O)[C@H]3CC=CCC3)C2)n1,"methyl 2-(2-((((1S,3s)-3-((1R)-cyclohex-3-ene-1-carboxamido)-1-fluorocyclobutyl)methyl)amino)pyrimidin-4-yl)acetate",,COC(=O)Cc1ccnc(NC[C@]2(F)C[C@@H](NC(=O)C3CC=CCC3)C2)n1,
72124,CC(=O)N[C@H](C)C(=O)N1C[C@@H]2CC[C@H](C1)[C@H]2NCc1cc([N+](=O)[O-])cc(Br)c1O,"N-((2R)-1-((1R,5S,8S)-8-(((3-bromo-2-hydroxy-5-nitrophenyl)methyl)amino)-3-azabicyclo[3.2.1]octan-3-yl)-1-oxopropan-2-yl)acetamide",,CC(=O)NC(C)C(=O)N1C[C@H]2CC[C@@H](C1)[C@@H]2NCc1cc([N+](=O)[O-])cc(Br)c1O,
72126,Cc1cc(C(=O)N[C@H]2[C@@H]3CN(c4nc(Cl)nc5c4SCC5)C[C@@H]32)cc2nn[nH]c12,"N-((1R,5S,6s)-3-(2-chloro-6,7-dihydrothieno[3,2-d]pyrimidin-4-yl)-3-azabicyclo[3.1.0]hexan-6-yl)-7-methyl-1H-benzotriazole-5-carboxamide",,Cc1cc(C(=O)N[C@H]2[C@@H]3CN(c4nc(Cl)nc5c4SCC5)C[C@@H]32)cc2[nH]nnc12,
72219,O=C(CC(=O)NC1CC1)NC[C@]1(F)CC[C@H](CNC(=O)c2scnc2Cl)CC1,"N-(((1r,4r)-4-((4-chloro-1,3-thiazole-5-carboxamido)methyl)-1-fluorocyclohexyl)methyl)-N'-cyclopropylpropanediamide",,O=C(CC(=O)NC1CC1)NC[C@]1(F)CC[C@H](CNC(=O)c2scnc2Cl)CC1,
72313,Cc1noc(C)c1CC(=O)N(C)[C@H]1[C@@H]2CN(C(=O)C3=CCc4ccccc43)C[C@@H]21,"2-(3,5-dimethyl-1,2-oxazol-4-yl)-N-((1R,5S,6s)-3-((1H-inden-3-yl)carbonyl)-3-azabicyclo[3.1.0]hexan-6-yl)-N-methylacetamide",,Cc1noc(C)c1CC(=O)N(C)[C@H]1[C@@H]2CN(C(=O)C3=CCc4ccccc43)C[C@@H]21,
72314,CCN(C[C@@H](C)NC(=O)c1n[nH]c2ccc(C)cc12)C(=O)[C@H]1C[C@@H]2CC[C@@H]2C1,"N-((2R)-1-(N-ethyl(1R,3s,5S)-bicyclo[3.2.0]heptane-3-carboxamido)propan-2-yl)-5-methyl-1H-indazole-3-carboxamide",,CCN(C[C@@H](C)NC(=O)c1[nH]nc2ccc(C)cc12)C(=O)C1C[C@H]2CC[C@H]2C1,
72335,Cc1cn(C)nc1CNC(=O)CCNC(=O)[C@]12CCC[C@H]1CCC2,"N-((1,4-dimethyl-1H-pyrazol-3-yl)methyl)-3-(octahydropentalene-3a-carboxamido)propanamide",CN1N=C(C(=C1)C)CNC(CCNC(=O)C12CCCC2CCC1)=O,Cc1cn(C)nc1CNC(=O)CCNC(=O)[C@]12CCC[C@H]1CCC2,Cc1cn(C)nc1CNC(=O)CCNC(=O)C12CCCC1CCC2
72373,CC=CCCC(=O)NC[C@]1(F)C[C@H](CNC(=O)c2csc([C@@H]3CCCO3)n2)C1,"N-(((1S,3r)-1-fluoro-3-((2-((2S)-oxolan-2-yl)-1,3-thiazole-4-carboxamido)methyl)cyclobutyl)methyl)hex-4-enamide",,CC=CCCC(=O)NC[C@]1(F)C[C@H](CNC(=O)c2csc([C@@H]3CCCO3)n2)C1,
72441,O=C(N[C@H]1C[C@@H]2CN(Cc3c(F)ccc(Cl)c3F)C[C@@H]2C1)c1ccc(F)c(Cl)c1,"3-chloro-N-((1R,5S,7s)-3-((3-chloro-2,6-difluorophenyl)methyl)-3-azabicyclo[3.3.0]octan-7-yl)-4-fluorobenzamide",,O=C(N[C@H]1C[C@@H]2CN(Cc3c(F)ccc(Cl)c3F)C[C@@H]2C1)c1ccc(F)c(Cl)c1,
72597,O=C(N[C@@H]1C[C@@H]2CC[C@H](C1)N2C(=O)C1CCCC1)c1cc2ccc(Br)nc2[nH]1,"6-bromo-N-((1R,3r,5S)-8-((cyclopentyl)carbonyl)-8-azabicyclo[3.2.1]octan-3-yl)-1H-pyrrolo[2,3-b]pyridine-2-carboxamide",,O=C(N[C@H]1C[C@H]2CC[C@@H](C1)N2C(=O)C1CCCC1)c1cc2ccc(Br)nc2[nH]1,
72600,O=C(NC[C@]1(c2ccccc2)C[C@H](O)C1)[C@H]1CCO[C@]2(CCOC2)C1,"(5S,9S)-N-(((1s,3R)-3-hydroxy-1-phenylcyclobutyl)methyl)-2,6-dioxaspiro[4.5]decane-9-carboxamide",,O=C(NC[C@]1(c2ccccc2)C[C@H](O)C1)C1CCO[C@]2(CCOC2)C1,
72653,CC1=NO[C@H](C(=O)N2C[C@H]3[C@H](CN(C)C(=O)CSCc4ccccc4)[C@H]3C2)[C@H]1C,"2-(benzylsulfanyl)-N-(((1R,5S,6S)-3-(((4S,5S)-3,4-dimethyl-4,5-dihydro-1,2-oxazol-5-yl)carbonyl)-3-azabicyclo[3.1.0]hexan-6-yl)methyl)-N-methylacetamide",,CC1=NOC(C(=O)N2C[C@@H]3[C@@H](CN(C)C(=O)CSCc4ccccc4)[C@@H]3C2)[C@H]1C,
72667,COC[C@@H]1CC[C@H](C(=O)N2[C@H]3CC[C@@H]2C[C@H](CNC(=O)CCCCCF)C3)C1,"6-fluoro-N-(((1R,3S,5S)-8-(((1S,3R)-3-(methoxymethyl)cyclopentyl)carbonyl)-8-azabicyclo[3.2.1]octan-3-yl)methyl)hexanamide",,COC[C@@H]1CCC(C(=O)N2[C@@H]3CC[C@H]2C[C@@H](CNC(=O)CCCCCF)C3)C1,
72682,C#CCNC(=O)CC(=O)NCC[C@H]1CCCCN1C(=O)[C@@H]1[C@H]2CC(=O)C[C@H]21,"N'-(2-((2R)-1-(((1R,5S,6r)-3-oxobicyclo[3.1.0]hexan-6-yl)carbonyl)piperidin-2-yl)ethyl)-N-(prop-2-yn-1-yl)propanediamide",,C#CCNC(=O)CC(=O)NCC[C@H]1CCCCN1C(=O)C1[C@H]2CC(=O)C[C@@H]12,
72720,C[C@@H](NC(=O)[C@@H]1C[C@@H]2C[C@@H]2C1)[C@H]1CCCN1C(=O)c1cc(O)cc(=O)o1,"(1R,3r,5S)-N-((1R)-1-((2R)-1-((4-hydroxy-2-oxopyran-6-yl)carbonyl)pyrrolidin-2-yl)ethyl)bicyclo[3.1.0]hexane-3-carboxamide",,C[C@@H](NC(=O)C1C[C@@H]2C[C@@H]2C1)[C@H]1CCCN1C(=O)c1cc(=O)cc(O)o1,
72743,COC(=O)[C@H](C)[C@H](C)NC(=O)[C@@H]1[C@H]2CN(C(=O)CCCn3ccnc3)C[C@H]21,"methyl (2R,3S)-3-((1R,5S,6r)-3-(4-(1H-imidazol-1-yl)-butyryl)-3-azabicyclo[3.1.0]hexane-6-carboxamido)-2-methylbutanoate",,COC(=O)C(C)[C@H](C)NC(=O)C1[C@H]2CN(C(=O)CCCn3ccnc3)C[C@@H]12,
72771,CCC(CC)C[C@H](F)C(=O)N1C[C@H]2[C@H](CNC(=O)[C@@H]3NC(=O)O[C@H]3C)[C@H]2C1,"(4R,5S)-N-(((1R,5S,6S)-3-((2S)-4-ethyl-2-fluoro-hexanoyl)-3-azabicyclo[3.1.0]hexan-6-yl)methyl)-5-methyl-2-oxo-1,3-oxazolidine-4-carboxamide",,CCC(CC)CC(F)C(=O)N1C[C@@H]2[C@@H](CNC(=O)C3NC(=O)O[C@H]3C)[C@@H]2C1,
72788,CC(=O)N[C@](C)(C(=O)NC[C@]1(F)C[C@H](NC(=O)C[C@H]2OCCC2(C)C)C1)C1CC1,"(2S)-2-acetamido-2-cyclopropyl-N-(((1R,3S)-3-(2-((2R)-3,3-dimethyloxolan-2-yl)acetamido)-1-fluorocyclobutyl)methyl)propanamide",,CC(=O)N[C@](C)(C(=O)NC[C@]1(F)C[C@H](NC(=O)C[C@H]2OCCC2(C)C)C1)C1CC1,
72819,Cc1ccc(C(=O)N2CC[C@H](C)C[C@@H]2CNC(=O)[C@@H]2[C@H]3CCC[C@H]32)nn1,"(1R,5S,6r)-N-(((2R,4S)-4-methyl-1-((6-methylpyridazin-3-yl)carbonyl)piperidin-2-yl)methyl)bicyclo[3.1.0]hexane-6-carboxamide",,Cc1ccc(C(=O)N2CC[C@H](C)C[C@@H]2CNC(=O)C2[C@H]3CCC[C@@H]23)nn1,
72839,NC(=O)c1ccc(CC(=O)N[C@H]2[C@@H]3CN(C(=O)[C@H](F)CC4CC4)C[C@@H]32)cc1,"4-(2-(((1R,5S,6S)-3-((2R)-3-cyclopropyl-2-fluoro-propionyl)-3-azabicyclo[3.1.0]hexan-6-yl)amino)-2-oxoethyl)benzamide",,NC(=O)c1ccc(CC(=O)N[C@H]2[C@@H]3CN(C(=O)C(F)CC4CC4)C[C@@H]32)cc1,
72938,O=C(N[C@H]1CN(C(=O)[C@H]2C[C@](O)(C(F)(F)F)C2)CC12CC2)[C@@H]1CCc2nccn21,"(8S)-N-((7R)-5-(((1s,3S)-3-hydroxy-3-(trifluoromethyl)cyclobutyl)carbonyl)-5-azaspiro[2.4]heptan-7-yl)-1,4-diazabicyclo[3.3.0]octa-2,4-diene-8-carboxamide",,O=C(N[C@H]1CN(C(=O)C2CC(O)(C(F)(F)F)C2)CC12CC2)C1CCc2nccn21,
72989,O=C(N[C@H]1C[C@@H]2C[C@@H]2C1)[C@@H]1[C@H]2C[C@H](O)[C@H](C2)N1C(=O)c1cnc(Cl)s1,"(1S,3S,4R,6S)-N-((1R,3s,5S)-bicyclo[3.1.0]hexan-3-yl)-2-((2-chloro-1,3-thiazol-5-yl)carbonyl)-6-hydroxy-2-azabicyclo[2.2.1]heptane-3-carboxamide",,O=C(N[C@H]1C[C@@H]2C[C@@H]2C1)C1[C@H]2C[C@H](O)[C@H](C2)N1C(=O)c1cnc(Cl)s1,
73011,C[C@@H]1CCc2nc(C(=O)N3[C@H]4CC[C@@H]3C[C@@H](NC(=O)Cc3cnc[nH]3)C4)cn2C1,"2-(1H-imidazol-5-yl)-N-((1R,3S,5S)-8-(((6R)-6-methyl-5,6,7,8-tetrahydroimidazo[1,2-a]pyridin-2-yl)carbonyl)-8-azabicyclo[3.2.1]octan-3-yl)acetamide",,C[C@@H]1CCc2nc(C(=O)N3[C@@H]4CC[C@H]3C[C@H](NC(=O)Cc3c[nH]cn3)C4)cn2C1,
73085,C[C@H]1C[C@H]1C(=O)N1C[C@H]2[C@H](NC(=O)/C=C/C(=O)c3ccc(F)c(F)c3)[C@H]2C1,"(2E)-4-(3,4-difluorophenyl)-N-((1R,5S,6S)-3-(((1R,2S)-2-methylcyclopropyl)carbonyl)-3-azabicyclo[3.1.0]hexan-6-yl)-4-oxobut-2-enamide",,C[C@H]1CC1C(=O)N1C[C@@H]2[C@H](C1)[C@H]2NC(=O)/C=C/C(=O)c1ccc(F)c(F)c1,
73171,CN(C(=O)CSCC(N)=O)[C@H]1C[C@@H]2CC[C@H](C1)N2C(=O)C1(O)CCSCC1,"2-((2-(((1R,3s,5S)-8-((4-hydroxythian-4-yl)carbonyl)-8-azabicyclo[3.2.1]octan-3-yl)(methyl)amino)-2-oxoethyl)sulfanyl)acetamide",,CN(C(=O)CSCC(N)=O)[C@@H]1C[C@H]2CC[C@@H](C1)N2C(=O)C1(O)CCSCC1,
73190,CCN(C[C@@H](C)NC(=O)[C@@H]1[C@H]2CCCC[C@H]21)C(=O)c1ccc(OC(F)F)cc1F,"(1R,6S,7r)-N-((2R)-1-(N-ethyl-4-((difluoromethyl)oxy)-2-fluorobenzamido)propan-2-yl)bicyclo[4.1.0]heptane-7-carboxamide",,CCN(C[C@@H](C)NC(=O)C1[C@H]2CCCC[C@@H]12)C(=O)c1ccc(OC(F)F)cc1F,
73201,CC(C)[C@H](Cc1ccccc1)C(=O)N[C@H](C)CNC(=O)[C@H]1C[C@H]2COC[C@H](C2)C1,"(2S)-2-benzyl-3-methyl-N-((2R)-1-((1R,5S,7s)-3-oxabicyclo[3.3.1]nonane-7-carboxamido)propan-2-yl)butanamide",,CC(C)C(Cc1ccccc1)C(=O)N[C@H](C)CNC(=O)C1C[C@H]2COC[C@@H](C1)C2,
73261,C#C[C@]1(O)C[C@@H](C(=O)N2CCN(C(=O)C(C)(C)C(N)=O)C[C@@H]2CC)C1,"2-(((3S)-3-ethyl-4-(((1s,3R)-3-(ethynyl)-3-hydroxycyclobutyl)carbonyl)piperazin-1-yl)carbonyl)-2-methylpropanamide",,C#CC1(O)CC(C(=O)N2CCN(C(=O)C(C)(C)C(N)=O)C[C@@H]2CC)C1,
73368,COc1ccccc1CCC(=O)N[C@H]1C[C@@](F)(CN=c2[nH]cnc(Cl)c2F)C1,"N-((1r,3r)-3-(((6-chloro-5-fluoro-3H-pyrimidin-4-ylidene)amino)methyl)-3-fluorocyclobutyl)-3-(2-methoxyphenyl)propanamide",,COc1ccccc1CCC(=O)N[C@H]1C[C@@](F)(CNc2ncnc(Cl)c2F)C1,
73416,CC[C@H](C(=O)N1CCc2c(ncn2C)[C@@]12CCN(C(=O)CC=C(Cl)Cl)C2)[C@@H](C)O,"1-((3S,3'R)-2'-ethyl-3'-hydroxy-1'-(((2S)-7-methyl-3,7,9-triaza)spiro[pyrrolidine-3,2'-bicyclo[4.3.0]nona-1(6),8-dien-3-yl)butane]-1-yl-1'-one)-4,4-dichlorobut-3-en-1-one",,CCC(C(=O)N1CCc2c(ncn2C)[C@@]12CCN(C(=O)CC=C(Cl)Cl)C2)[C@@H](C)O,
73472,CC=CCC(=O)N[C@H]1C[C@@](C)(NC(=O)CN2CCC(C(F)(F)F)CC2)C1,"N-((1s,3s)-3-methyl-3-(2-(4-(trifluoromethyl)piperidin-1-yl)acetamido)cyclobutyl)pent-3-enamide",,CC=CCC(=O)N[C@H]1C[C@@](C)(NC(=O)CN2CCC(C(F)(F)F)CC2)C1,
73499,CC(C)[C@H](CNC(=O)[C@H]1C[C@H]2CCC[C@H](C2)C1)NC(=O)c1ccn2cnnc2c1,"N-((2R)-1-((1R,3s,5S)-bicyclo[3.3.1]nonane-3-carboxamido)-3-methylbutan-2-yl)[1,2,4]triazolo[4,3-a]pyridine-7-carboxamide",,CC(C)[C@H](CNC(=O)C1C[C@H]2CCC[C@@H](C1)C2)NC(=O)c1ccn2cnnc2c1,
73653,COc1cncc(CCC(=O)N[C@]2(C)C[C@H](NC(=O)C3(F)CCOCC3)C2)c1,"N-((1s,3s)-3-(4-fluorooxane-4-carboxamido)-1-methylcyclobutyl)-3-(5-methoxypyridin-3-yl)propanamide",,COc1cncc(CCC(=O)N[C@]2(C)C[C@H](NC(=O)C3(F)CCOCC3)C2)c1,
73807,Cc1oc(C)c(C(=O)N[C@H]2C[C@@](C)(NC(=O)[C@@H]3CC[C@@H](F)C3)C2)c1C,"N-((1S,3s)-3-((1R,3R)-3-fluorocyclopentanecarboxamido)-3-methylcyclobutyl)-2,4,5-trimethylfuran-3-carboxamide",,Cc1oc(C)c(C(=O)N[C@H]2C[C@@](C)(NC(=O)C3CC[C@@H](F)C3)C2)c1C,
73883,C[C@@H](O)C(=O)N[C@]1(C)C[C@H](NC(=O)C[C@](C)(C(F)F)N(C)C)C1,"(3R)-3-(dimethylamino)-4,4-difluoro-N-((1S,3S)-3-((2R)-2-hydroxypropanamido)-3-methylcyclobutyl)-3-methylbutanamide",,CC(O)C(=O)N[C@]1(C)C[C@H](NC(=O)C[C@](C)(C(F)F)N(C)C)C1,
73915,Cc1nsc(Br)c1C(=O)N[C@@H]1C[C@H]1CNC(=O)[C@@H]1C[C@H]2CCC[C@H](C2)C1,"N-((1R,2S)-2-(((1R,3r,5S)-bicyclo[3.3.1]nonane-3-carboxamido)methyl)cyclopropyl)-5-bromo-3-methyl-1,2-thiazole-4-carboxamide",,Cc1nsc(Br)c1C(=O)N[C@@H]1C[C@H]1CNC(=O)C1C[C@H]2CCC[C@@H](C1)C2,
73969,C=CC[C@H](C)C(=O)N1[C@H]2CC[C@@H]1C[C@H](NC(=O)Cc1n[nH]cc1Br)C2,"2-(4-bromo-1H-pyrazol-3-yl)-N-((1R,3S,5S)-8-((2S)-2-methyl-1-oxopent-4-en-1-yl)-8-azabicyclo[3.2.1]octan-3-yl)acetamide",,C=CCC(C)C(=O)N1[C@@H]2CC[C@H]1C[C@@H](NC(=O)Cc1[nH]ncc1Br)C2,
73994,C#CC[C@H](O)C(=O)NC[C@]1(F)C[C@@H](NC(=O)Cc2c(C)[nH]c3ccnn3c2=O)C1,"(2S)-N-(((1s,3R)-1-fluoro-3-(2-(5-methyl-7-oxo-4,7-dihydropyrazolo[1,5-a]pyrimidin-6-yl)acetamido)cyclobutyl)methyl)-2-hydroxypent-4-ynamide",,C#CCC(O)C(=O)NC[C@]1(F)C[C@@H](NC(=O)Cc2c(C)[nH]c3ccnn3c2=O)C1,
74056,Cc1coc2ccc(C(=O)NC[C@@H]3CCN3C(=O)[C@H]3C[C@@H]4OC(=O)O[C@@H]4C3)cc12,"3-methyl-N-(((2S)-1-(((1R,5S,7s)-3-oxo-2,4-dioxabicyclo[3.3.0]octan-7-yl)carbonyl)azetidin-2-yl)methyl)-1-benzofuran-5-carboxamide",,Cc1coc2ccc(C(=O)NC[C@@H]3CCN3C(=O)C3C[C@@H]4OC(=O)O[C@@H]4C3)cc12,
74197,O=C(N[C@@H]1C[C@@H]2CC[C@H](C1)N2C(=O)[C@H]1CCCC2(CCC2)O1)c1ccc(CO)o1,"5-(hydroxymethyl)-N-((1R,3R,5S)-8-(((6R)-5-oxaspiro[3.5]nonan-6-yl)carbonyl)-8-azabicyclo[3.2.1]octan-3-yl)furan-2-carboxamide",,O=C(N[C@H]1C[C@H]2CC[C@@H](C1)N2C(=O)C1CCCC2(CCC2)O1)c1ccc(CO)o1,
74200,CCN1CC[C@H]1C(=O)N[C@H]1C[C@@H]2C[C@H](C1)CN(C(=O)c1cnc(OC)cc1C)C2,"(2S)-1-ethyl-N-((1R,5S,7s)-3-((6-methoxy-4-methylpyridin-3-yl)carbonyl)-3-azabicyclo[3.3.1]nonan-7-yl)azetidine-2-carboxamide",,CCN1CCC1C(=O)N[C@@H]1C[C@H]2C[C@@H](C1)CN(C(=O)c1cnc(OC)cc1C)C2,
74206,C[C@@H](Cn1cc(C[C@]2(O)C[C@@H](C(=O)O)C2)nn1)NC(=O)COc1ccc(Br)cc1,"(1R,3s)-3-((1-((2S)-2-(2-((4-bromophenyl)oxy)acetamido)propyl)-1H-1,2,3-triazol-4-yl)methyl)-3-hydroxycyclobutanecarboxylic acid",,C[C@@H](Cn1cc(CC2(O)CC(C(=O)O)C2)nn1)NC(=O)COc1ccc(Br)cc1,
74219,COC(=O)c1ccc(N(CCNC(=O)[C@@H]2[C@@H](C)[C@H]2C)C2CCCCCC2)nc1,"methyl 6-((2-((1r,2R,3S)-2,3-dimethylcyclopropanecarboxamido)ethyl)(cycloheptyl)amino)pyridine-3-carboxylate",,COC(=O)c1ccc(N(CCNC(=O)C2[C@@H](C)[C@H]2C)C2CCCCCC2)nc1,
74255,CSc1ccc([C@H](C(=O)Nc2ccc(F)cc2)N2CCS[C@H]3CCCC[C@H]32)cc1,"(2R)-N-(4-fluorophenyl)-2-(4-(methylsulfanyl)phenyl)-2-((4aR,8aS)-3,4,4a,5,6,7,8,8a-octahydro-4H-1,4-benzothiazin-4-yl)acetamide",,CSc1ccc(C(C(=O)Nc2ccc(F)cc2)N2CCS[C@H]3CCCC[C@H]32)cc1,
74393,OCCn1cc(-c2nc([C@H]3CC[C@H]4C[C@H]4CC3)n(CC(F)(F)F)n2)cn1,"2-(4-(5-((1R,4s,7S)-bicyclo[5.1.0]octan-4-yl)-1-(2,2,2-trifluoroethyl)-1H-1,2,4-triazol-3-yl)-1H-pyrazol-1-yl)ethan-1-ol",,OCCn1cc(-c2nc([C@@H]3CC[C@@H]4C[C@@H]4CC3)n(CC(F)(F)F)n2)cn1,
74400,CCN(CCCNC(=O)[C@@]1(C)C[C@@H]2C[C@@H]2C1)C(=O)COCc1cc(C)on1,"(1R,3s,5S)-N-(3-(N-ethyl-2-(((5-methyl-1,2-oxazol-3-yl)methyl)oxy)acetamido)propyl)-3-methylbicyclo[3.1.0]hexane-3-carboxamide",,CCN(CCCNC(=O)[C@]1(C)C[C@H]2C[C@H]2C1)C(=O)COCc1cc(C)on1,
74443,O=C(CN1C(=O)CCCC1=O)NC[C@@H]1C[C@@H]2CC[C@H](C1)N2C(=O)COCC(F)F,"N-(((1R,3r,5S)-8-(2-((2,2-difluoroethyl)oxy)-acetyl)-8-azabicyclo[3.2.1]octan-3-yl)methyl)-2-(2,6-dioxopiperidin-1-yl)acetamide",,O=C(CN1C(=O)CCCC1=O)NC[C@H]1C[C@H]2CC[C@@H](C1)N2C(=O)COCC(F)F,
74457,O=C(c1ncncc1F)N1C[C@@H]2CN(C(=O)c3ncc[nH]c3=O)C[C@@H]2C(F)(F)C1,"3-(((1R,6R)-5,5-difluoro-3-((5-fluoropyrimidin-4-yl)carbonyl)-3,8-diazabicyclo[4.3.0]nonan-8-yl)carbonyl)-1H-pyrazin-2-one",FC1(CN(C[C@H]2CN(C[C@H]12)C(=O)C=1C(NC=CN1)=O)C(=O)C1=NC=NC=C1F)F,O=C(c1ncncc1F)N1C[C@@H]2CN(C(=O)c3ncc[nH]c3=O)C[C@@H]2C(F)(F)C1,O=C(c1ncncc1F)N1C[C@H]2CN(C(=O)c3ncc[nH]c3=O)C[C@@H]2C(F)(F)C1
74483,CC(C)(C(=O)N1[C@H]2CC[C@@H]1C[C@H](NC(=O)c1cc(O)cc(O)n1)C2)c1ccsc1,"4,6-dihydroxy-N-((1R,3r,5S)-8-(2-methyl-1-oxo-2-(thiophen-3-yl)propyl)-8-azabicyclo[3.2.1]octan-3-yl)pyridine-2-carboxamide",,CC(C)(C(=O)N1[C@@H]2CC[C@H]1C[C@@H](NC(=O)c1cc(=O)cc(O)[nH]1)C2)c1ccsc1,
74507,Cc1ocnc1C(=O)NC[C@@H]1C[C@@H]2CC[C@H](C1)N2C(=O)c1coc(Br)c1,"N-(((1R,3r,5S)-8-((5-bromofuran-3-yl)carbonyl)-8-azabicyclo[3.2.1]octan-3-yl)methyl)-5-methyl-1,3-oxazole-4-carboxamide",,Cc1ocnc1C(=O)NC[C@H]1C[C@H]2CC[C@@H](C1)N2C(=O)c1coc(Br)c1,
74510,CCc1cnoc1C(=O)N1CC(N(C)C(=O)[C@H]2C[C@](O)(C#N)C2)C1,"(1s,3s)-3-cyano-N-(1-((4-ethyl-1,2-oxazol-5-yl)carbonyl)azetidin-3-yl)-3-hydroxy-N-methylcyclobutanecarboxamide",,CCc1cnoc1C(=O)N1CC(N(C)C(=O)C2CC(O)(C#N)C2)C1,
74581,Cn1cccc(C(=O)N[C@H]2C[C@](C)(NC(=O)CC3C[C@@H]4C[C@H]4C3)C2)c1=O,"N-((1S,3r)-3-(2-((1S,5S)-bicyclo[3.1.0]hexan-3-yl)acetamido)-3-methylcyclobutyl)-1-methyl-2-oxo-1H-pyridine-3-carboxamide",,Cn1cccc(C(=O)N[C@H]2C[C@](C)(NC(=O)CC3C[C@@H]4C[C@H]4C3)C2)c1=O,
74594,CC(C)C(C)(C)C(=O)N[C@H]1[C@@H]2CN(C(=O)c3sc4ncccc4c3Cl)C[C@@H]21,"N-((1R,5S,6s)-3-((3-chlorothieno[2,3-b]pyridin-2-yl)carbonyl)-3-azabicyclo[3.1.0]hexan-6-yl)-2,2,3-trimethylbutanamide",,CC(C)C(C)(C)C(=O)N[C@H]1[C@@H]2CN(C(=O)c3sc4ncccc4c3Cl)C[C@@H]21,
74662,COc1ccc(F)c(C(=O)N[C@]2(C)C[C@H](NC(=O)[C@@H]3CCn4ncnc4C3)C2)n1,"(4R)-N-((1s,3S)-3-(3-fluoro-6-methoxypyridine-2-carboxamido)-3-methylcyclobutyl)-1,7,9-triazabicyclo[4.3.0]nona-6,8-diene-4-carboxamide",,COc1ccc(F)c(C(=O)N[C@]2(C)C[C@H](NC(=O)C3CCn4ncnc4C3)C2)n1,
74722,C#CCOCCOCC(=O)N1CCN(C(=O)[C@H]2C[C@H]3[C@@H](C2)C3(F)F)[C@@H](C)C1,"1-((3S)-4-(((1R,3s,5S)-6,6-difluorobicyclo[3.1.0]hexan-3-yl)carbonyl)-3-methylpiperazin-1-yl)-2-((2-((prop-2-yn-1-yl)oxy)ethyl)oxy)ethan-1-one",,C#CCOCCOCC(=O)N1CCN(C(=O)C2C[C@@H]3[C@H](C2)C3(F)F)[C@@H](C)C1,
74784,CN(C(=O)CSc1cn[nH]c1)[C@H]1C[C@@H]2CC[C@H](C1)N2C(=O)C(C)(C)n1ccnn1,"N-methyl-N-((1R,3s,5S)-8-(2-methyl-1-oxo-2-(1H-1,2,3-triazol-1-yl)propyl)-8-azabicyclo[3.2.1]octan-3-yl)-2-((1H-pyrazol-4-yl)sulfanyl)acetamide",,CN(C(=O)CSc1cn[nH]c1)[C@@H]1C[C@H]2CC[C@@H](C1)N2C(=O)C(C)(C)n1ccnn1,
74833,O=C(NC[C@]1(F)C[C@@H](CNC(=O)[C@@H](O)C(F)(F)F)C1)c1cncc2sccc12,"N-(((1S,3s)-1-fluoro-3-(((2R)-3,3,3-trifluoro-2-hydroxypropanamido)methyl)cyclobutyl)methyl)-7-thia-4-azabicyclo[4.3.0]nona-1,3,5,8-tetraene-2-carboxamide",,O=C(NC[C@]1(F)C[C@@H](CNC(=O)C(O)C(F)(F)F)C1)c1cncc2sccc12,
74872,CCc1nocc1C(=O)N[C@H]1C[C@](F)(CNC(=O)C(F)(F)c2cccc(C)c2)C1,"N-((1s,3s)-3-((2,2-difluoro-2-(3-methylphenyl)acetamido)methyl)-3-fluorocyclobutyl)-3-ethyl-1,2-oxazole-4-carboxamide",,CCc1nocc1C(=O)N[C@H]1C[C@](F)(CNC(=O)C(F)(F)c2cccc(C)c2)C1,
74911,O=C(CCC1CC1)NC[C@]1(F)C[C@H](CNC(=O)c2sc(F)cc2Cl)C1,"N-(((1r,3r)-3-((3-chloro-5-fluorothiophene-2-carboxamido)methyl)-1-fluorocyclobutyl)methyl)-3-cyclopropylpropanamide",,O=C(CCC1CC1)NC[C@]1(F)C[C@H](CNC(=O)c2sc(F)cc2Cl)C1,
75000,Cc1ccc(C(=O)N(C)C[C@H]2[C@@H]3CN(C(=O)CN4CC[C@H](C)C4)C[C@H]23)c(Cl)c1,"2-chloro-4,N-dimethyl-N-(((1R,5S,6S)-3-(2-((3S)-3-methylpyrrolidin-1-yl)-acetyl)-3-azabicyclo[3.1.0]hexan-6-yl)methyl)benzamide",,Cc1ccc(C(=O)N(C)C[C@@H]2[C@H]3CN(C(=O)CN4CC[C@H](C)C4)C[C@@H]23)c(Cl)c1,
75002,NC(=O)NCC(=O)N1[C@H]2CC[C@@H]1C[C@@H](NC(=O)c1ccc(CO)nc1)C2,"1-amino-N-(2-((1R,3s,5S)-3-(6-(hydroxymethyl)pyridine-3-carboxamido)-8-azabicyclo[3.2.1]octan-8-yl)-2-oxoethyl)formamide",,NC(=O)NCC(=O)N1[C@@H]2CC[C@H]1C[C@H](NC(=O)c1ccc(CO)nc1)C2,
75121,C[C@@]1(C(=O)N2CC[C@H]2CNC(=O)c2cn(CCCC#N)nn2)C[C@@H]2C[C@@H]2C1,"N-(((2S)-1-(((1R,3r,5S)-3-methylbicyclo[3.1.0]hexan-3-yl)carbonyl)azetidin-2-yl)methyl)-1-(4-nitrilobutyl)-1H-1,2,3-triazole-4-carboxamide",,C[C@]1(C(=O)N2CC[C@H]2CNC(=O)c2cn(CCCC#N)nn2)C[C@H]2C[C@H]2C1,
75147,CCCN(C(=O)[C@]12CC[C@H](CC1)C2(C)C)[C@H]1CCN(C(=O)C=Cc2ccc[nH]2)C1,"7,7-dimethyl-N-((3S)-1-(1-oxo-3-(1H-pyrrol-2-yl)prop-2-en-1-yl)pyrrolidin-3-yl)-N-propylbicyclo[2.2.1]heptane-1-carboxamide",CC1(C2(CCC1CC2)C(=O)N(CCC)[C@@H]2CN(CC2)C(C=CC=2NC=CC2)=O)C,CCCN(C(=O)[C@]12CC[C@H](CC1)C2(C)C)[C@H]1CCN(C(=O)C=Cc2ccc[nH]2)C1,CCCN(C(=O)C12CCC(CC1)C2(C)C)[C@H]1CCN(C(=O)C=Cc2ccc[nH]2)C1
75180,CC(=O)Nc1cccnc1C(=O)N1C[C@H]2[C@H](C)[C@H]2C1,"N-(2-(((1R,5S,6s)-6-methyl-3-azabicyclo[3.1.0]hexan-3-yl)carbonyl)pyridin-3-yl)acetamide",,CC(=O)Nc1cccnc1C(=O)N1C[C@@H]2[C@@H](C)[C@@H]2C1,
75224,CC[C@@H]1CCCC[C@H]1C(=O)NC[C@H]1[C@@H]2CN(C(=O)C3=C(C)OCCS3(=O)=O)C[C@H]12,"(1R,2R)-2-ethyl-N-(((1R,5S,6r)-3-((6-methyl-4,4-dioxo-2H,3H-1,4-oxathiin-5-yl)carbonyl)-3-azabicyclo[3.1.0]hexan-6-yl)methyl)cyclohexanecarboxamide",,CC[C@@H]1CCCCC1C(=O)NC[C@@H]1[C@H]2CN(C(=O)C3=C(C)OCCS3(=O)=O)C[C@@H]12,
75233,CC(C)n1ccc(CC(=O)N[C@H]2CN(C(=O)[C@@H]3[C@H]4CN(C)C[C@H]43)C[C@H]2C)n1,"N-((3R,4R)-4-methyl-1-(((1R,5S,6r)-3-methyl-3-azabicyclo[3.1.0]hexan-6-yl)carbonyl)pyrrolidin-3-yl)-2-(1-(propan-2-yl)-1H-pyrazol-3-yl)acetamide",,CC(C)n1ccc(CC(=O)N[C@H]2CN(C(=O)C3[C@H]4CN(C)C[C@@H]34)C[C@H]2C)n1,
75244,CC(=O)CCCC(=O)N(C)CCCCCCNC(=O)[C@H]1C[C@@H]2CC[C@@H]2C1,"N-(6-((1R,3s,5S)-bicyclo[3.2.0]heptane-3-carboxamido)hexyl)-N-methyl-5-oxohexanamide",,CC(=O)CCCC(=O)N(C)CCCCCCNC(=O)C1C[C@H]2CC[C@H]2C1,
75308,CC(C)Oc1ccc(C(=O)N[C@H]2C[C@@H]3CC[C@H](C2)N3C(=O)Cn2cccn2)cc1,"4-isopropoxy-N-((1R,3s,5S)-8-(1-oxo-2-(1H-pyrazol-1-yl)ethyl)-8-azabicyclo[3.2.1]octan-3-yl)benzamide",,CC(C)Oc1ccc(C(=O)N[C@@H]2C[C@H]3CC[C@@H](C2)N3C(=O)Cn2cccn2)cc1,
75346,Cc1nn(C)c(Cl)c1/C=C/C(=O)N[C@H]1[C@@H]2CN(C(=O)c3cc(F)cc(Cl)c3)C[C@@H]21,"(2E)-3-(5-chloro-1,3-dimethyl-1H-pyrazol-4-yl)-N-((1R,5S,6s)-3-((3-chloro-5-fluorophenyl)carbonyl)-3-azabicyclo[3.1.0]hexan-6-yl)prop-2-enamide",,Cc1nn(C)c(Cl)c1/C=C/C(=O)N[C@H]1[C@@H]2CN(C(=O)c3cc(F)cc(Cl)c3)C[C@@H]21,
75349,O=C(N[C@H]1[C@@H]2CN(C(=O)c3cc4cc(Cl)ccc4[nH]3)C[C@@H]21)c1snnc1C1CC1,"N-((1R,5S,6s)-3-((5-chloro-1H-indol-2-yl)carbonyl)-3-azabicyclo[3.1.0]hexan-6-yl)-4-cyclopropyl-1,2,3-thiadiazole-5-carboxamide",,O=C(N[C@H]1[C@@H]2CN(C(=O)c3cc4cc(Cl)ccc4[nH]3)C[C@@H]21)c1snnc1C1CC1,
75350,Cc1cc(C(=O)N2C[C@H]3[C@H](NC(=O)C4(C)CSC4)[C@H]3C2)ccc1-n1cccn1,"3-methyl-N-((1R,5S,6s)-3-((3-methyl-4-(1H-pyrazol-1-yl)phenyl)carbonyl)-3-azabicyclo[3.1.0]hexan-6-yl)thietane-3-carboxamide",,Cc1cc(C(=O)N2C[C@@H]3[C@H](C2)[C@H]3NC(=O)C2(C)CSC2)ccc1-n1cccn1,
75471,O=C(Cn1cc(Cl)cn1)N1CCC[C@H](CCNC(=O)[C@]2(C(F)(F)F)C[C@@H](O)C2)C1,"(1s,3S)-N-(2-((3R)-1-(2-(4-chloro-1H-pyrazol-1-yl)-acetyl)piperidin-3-yl)ethyl)-3-hydroxy-1-(trifluoromethyl)cyclobutanecarboxamide",,O=C(Cn1cc(Cl)cn1)N1CCC[C@H](CCNC(=O)[C@]2(C(F)(F)F)C[C@@H](O)C2)C1,
75494,Cn1cc(CC(=O)NC2CC3(C2)CN(C(=O)[C@H]2C[C@@H]4CC[C@H](C2)[C@H]4O)C3)nn1,"N-(2-(((1R,3s,5S,8s)-8-hydroxybicyclo[3.2.1]octan-3-yl)carbonyl)-2-azaspiro[3.3]heptan-6-yl)-2-(1-methyl-1H-1,2,3-triazol-4-yl)acetamide",,Cn1cc(CC(=O)NC2CC3(C2)CN(C(=O)C2C[C@H]4CC[C@@H](C2)[C@@H]4O)C3)nn1,
75513,Cc1c(Cl)ccc(C(=O)N2C[C@H](NC(=O)[C@H]3C[C@@](C)(O)C3)C[C@H]2C)c1Cl,"(1s,3S)-N-((3R,5R)-1-((2,4-dichloro-3-methylphenyl)carbonyl)-5-methylpyrrolidin-3-yl)-3-hydroxy-3-methylcyclobutanecarboxamide",,Cc1c(Cl)ccc(C(=O)N2C[C@H](NC(=O)C3CC(C)(O)C3)C[C@H]2C)c1Cl,
75565,Cc1csc(C=CC(=O)N2C[C@@H]3CC[C@]3(CNC(=O)[C@H]3C[C@@](C)(O)C3)C2)n1,"(1s,3R)-3-hydroxy-3-methyl-N-(((1S,5R)-3-(3-(4-methyl-1,3-thiazol-2-yl)-1-oxoprop-2-en-1-yl)-3-azabicyclo[3.2.0]heptan-1-yl)methyl)cyclobutanecarboxamide",,Cc1csc(C=CC(=O)N2C[C@@H]3CC[C@]3(CNC(=O)C3CC(C)(O)C3)C2)n1,
75770,C[C@@H](C[C@H](C)NC(=O)[C@H]1CC[C@@](C)(O)CC1)NC(=O)C1(c2cccs2)CCCC1,"(1s,4R)-4-hydroxy-4-methyl-N-((2S,4S)-4-(1-(thiophen-2-yl)cyclopentanecarboxamido)pentan-2-yl)cyclohexanecarboxamide",,C[C@@H](C[C@H](C)NC(=O)C1(c2cccs2)CCCC1)NC(=O)C1CCC(C)(O)CC1,
75845,C[C@@H]1[C@H](C(=O)NC[C@]2(NC(=O)C=CC(=O)c3cnn(C)c3)CCOC2)[C@@H]1C,"(1s,2R,3S)-2,3-dimethyl-N-(((3R)-3-(4-(1-methyl-1H-pyrazol-4-yl)-4-oxobut-2-enamido)oxolan-3-yl)methyl)cyclopropanecarboxamide",,C[C@@H]1C(C(=O)NC[C@]2(NC(=O)C=CC(=O)c3cnn(C)c3)CCOC2)[C@@H]1C,
75900,Cc1ccccc1[C@H](NC(=O)C(=O)N[C@]1(C)C[C@@H](N)C1)C1CCC(C)CC1,"N'-((1r,3R)-3-amino-1-methylcyclobutyl)-N-((1R)-(4-methylcyclohexyl)(2-methylphenyl)methyl)ethanediamide",,Cc1ccccc1[C@H](NC(=O)C(=O)N[C@]1(C)C[C@@H](N)C1)C1CCC(C)CC1,
75902,CCC(=O)N1CCCC[C@@H]1C(=O)NCCCN(CCO)C(=O)[C@@H]1[C@H]2COC[C@H]21,"(2R)-N-(3-(N-(2-hydroxyethyl)(1R,5S,6r)-3-oxabicyclo[3.1.0]hexane-6-carboxamido)propyl)-1-(propionyl)piperidine-2-carboxamide",,CCC(=O)N1CCCCC1C(=O)NCCCN(CCO)C(=O)C1[C@H]2COC[C@@H]12,
75926,C[C@@H]1C[C@H]1CCC(=O)NC[C@]1(F)C[C@@H](NC(=O)/C=C/c2cc(Br)cs2)C1,"(2E)-3-(4-bromothiophen-2-yl)-N-((1S,3s)-3-fluoro-3-((3-((1R,2R)-2-methylcyclopropyl)propanamido)methyl)cyclobutyl)prop-2-enamide",,C[C@@H]1C[C@H]1CCC(=O)NC[C@]1(F)C[C@@H](NC(=O)/C=C/c2cc(Br)cs2)C1,
76016,C1=C(CN[C@@]2(c3nnnn3C[C@@H]3CCOC3)C[C@@H]3C[C@@H]3C2)OCCO1,"(1R,3s,5S)-N-((5,6-dihydro-1,4-dioxin-2-yl)methyl)-3-(1-(((3S)-oxolan-3-yl)methyl)-1H-tetrazol-5-yl)bicyclo[3.1.0]hexan-3-amine",,C1=C(CN[C@]2(c3nnnn3C[C@@H]3CCOC3)C[C@H]3C[C@H]3C2)OCCO1,
76066,O=C(N[C@@H]1C[C@@H]2CC[C@H](C1)N2C(=O)[C@@H]1CN2CCN1CC2)c1nccc(Cl)c1F,"4-chloro-N-((1R,3S,5S)-8-(((2S)-1,4-diazabicyclo[2.2.2]octan-2-yl)carbonyl)-8-azabicyclo[3.2.1]octan-3-yl)-3-fluoropyridine-2-carboxamide",,O=C(N[C@H]1C[C@H]2CC[C@@H](C1)N2C(=O)C1CN2CCN1CC2)c1nccc(Cl)c1F,
76086,O=C(N[C@@H]1C[C@H]2[C@@H](C1)[C@@H]2NC(=O)C1(F)CCC1)C1=C[C@H]2C=C[C@@H](C1)C2,"(1R,5R)-N-((1R,3r,5S,6R)-6-(1-fluorocyclobutanecarboxamido)bicyclo[3.1.0]hexan-3-yl)bicyclo[3.2.1]octa-2,6-diene-3-carboxamide",,O=C(N[C@H]1C[C@@H]2[C@H](C1)[C@H]2NC(=O)C1(F)CCC1)C1=C[C@H]2C=C[C@@H](C1)C2,
76093,CP(C)(=O)c1ccc(C(=O)N[C@H]2C[C@@H]3C[C@H](C2)CN(C(=O)CCC(F)(F)F)C3)o1,"5-(dimethyloxophosphanyl)-N-((1R,5S,7s)-3-(4,4,4-trifluoro-butyryl)-3-azabicyclo[3.3.1]nonan-7-yl)furan-2-carboxamide",,CP(C)(=O)c1ccc(C(=O)N[C@@H]2C[C@H]3C[C@@H](C2)CN(C(=O)CCC(F)(F)F)C3)o1,
76190,CC(=O)N[C@@H](C(=O)N[C@H]1C[C@](C)(NC(=O)[C@@H](C)C2CC2)C1)c1ccccc1,"(2S)-N-((1R,3S)-3-((2R)-2-acetamido-2-phenylacetamido)-1-methylcyclobutyl)-2-cyclopropylpropanamide",,CC(=O)NC(C(=O)N[C@H]1C[C@](C)(NC(=O)C(C)C2CC2)C1)c1ccccc1,
76194,CC(C)[C@H](O)C(=O)NC[C@]1(F)C[C@@H](NC(=O)c2c(F)ccc3n[nH]cc23)C1,"(2S)-N-(((1s,3R)-1-fluoro-3-(5-fluoro-2H-indazole-4-carboxamido)cyclobutyl)methyl)-2-hydroxy-3-methylbutanamide",,CC(C)C(O)C(=O)NC[C@]1(F)C[C@@H](NC(=O)c2c(F)ccc3[nH]ncc23)C1,
76205,O=C(c1cc2[nH]ccc2s1)N1CCC[C@@H](CNC(=O)[C@H]2C[C@](F)(CO)C2)C1,"(1s,3R)-3-fluoro-3-(hydroxymethyl)-N-(((3S)-1-((2-thia-6-azabicyclo[3.3.0]octa-1(5),3,7-trien-3-yl)carbonyl)piperidin-3-yl)methyl)cyclobutanecarboxamide",,O=C(NC[C@@H]1CCCN(C(=O)c2cc3[nH]ccc3s2)C1)C1CC(F)(CO)C1,
76237,CCC(C)(CC)CNC(=O)[C@]1(NC(=O)[C@H]2C[C@H]3[C@@H](C2)C3(C)C)CCN(C)C1,"(3S)-3-((1R,3s,5S)-6,6-dimethylbicyclo[3.1.0]hexane-3-carboxamido)-N-(2-ethyl-2-methylbutyl)-1-methylpyrrolidine-3-carboxamide",,CCC(C)(CC)CNC(=O)[C@]1(NC(=O)C2C[C@@H]3[C@H](C2)C3(C)C)CCN(C)C1,
76299,C[C@H]1C[C@@H](CNC(=O)c2ccc(F)c(Cl)n2)CN1C(=O)[C@H]1C[C@](O)(C#N)C1,"6-chloro-5-fluoro-N-(((3S,5S)-1-(((1s,3R)-3-hydroxy-3-(nitrilomethyl)cyclobutyl)carbonyl)-5-methylpyrrolidin-3-yl)methyl)pyridine-2-carboxamide",,C[C@H]1C[C@@H](CNC(=O)c2ccc(F)c(Cl)n2)CN1C(=O)C1CC(O)(C#N)C1,
76353,O=C(COC1CC=CC1)NC[C@]1(F)C[C@H](NC(=O)CC[C@H]2CCCOC2)C1,"N-((1r,3R)-3-((2-((cyclopent-3-en-1-yl)oxy)acetamido)methyl)-3-fluorocyclobutyl)-3-((3R)-oxan-3-yl)propanamide",,O=C(COC1CC=CC1)NC[C@]1(F)C[C@H](NC(=O)CC[C@H]2CCCOC2)C1,
76395,CC(C)C[C@@](C)(CNC(=O)[C@@H]1C[C@@H]2C[C@@H]2C1)NC(=O)C12CC(F)(C1)C2,"(1R,3r,5S)-N-((2S)-2-(3-fluorobicyclo[1.1.1]pentane-1-carboxamido)-2,4-dimethylpentyl)bicyclo[3.1.0]hexane-3-carboxamide",,CC(C)C[C@@](C)(CNC(=O)C1C[C@@H]2C[C@@H]2C1)NC(=O)C12CC(F)(C1)C2,
76416,CN(CC1(O)CN(C(=O)[C@H]2CC[C@H](C)CC2)C1)C(=O)c1cc2c([nH]1)CCCC2=O,"N-((3-hydroxy-1-((trans-4-methylcyclohexyl)carbonyl)azetidin-3-yl)methyl)-N-methyl-2-oxo-7-azabicyclo[4.3.0]nona-1(6),8-diene-8-carboxamide",OC1(CN(C1)C(=O)[C@@H]1CC[C@H](CC1)C)CN(C(=O)C=1NC=2CCCC(C2C1)=O)C,CC1CCC(C(=O)N2CC(O)(CN(C)C(=O)c3cc4c([nH]3)CCCC4=O)C2)CC1,CC1CCC(C(=O)N2CC(O)(CN(C)C(O)c3cc4c(O)cccc4[nH]3)C2)CC1
76466,CC[C@@H](C)CC(=O)N1Cc2ccccc2OC2(C1)CN(C(=O)[C@H](F)C(C)(C)O)C2,"(3R)-3-methyl-1-(spiro[2-oxa-5-azabicyclo[5.4.0]undeca-1(11),7,9-triene-3,3'-((2R)-1-(1-azacyclobutan-1-yl)-2-fluoro-3-hydroxy-3-methylbutane)]-5-yl-1'-one)pentan-1-one",,CC[C@@H](C)CC(=O)N1Cc2ccccc2OC2(C1)CN(C(=O)C(F)C(C)(C)O)C2,
76476,CC(C)(C(N)=O)C(=O)NC[C@H]1CN(C(=O)C2=CNC3=NCCC3=C2)CCCO1,"N'-(((2S)-4-((3,7-dihydro-1H-pyrrolo[2,3-b]pyridin-5-yl)carbonyl)-1,4-oxazepan-2-yl)methyl)-2,2-dimethylpropanediamide",N1CCC2=C1NCC(=C2)C(=O)N2C[C@@H](OCCC2)CNC(C(C(=O)N)(C)C)=O,CC(C)(C(N)=O)C(=O)NC[C@H]1CN(C(=O)c2cnc3c(c2)CCN3)CCCO1,CC(C)(C(N)=O)C(=O)NC[C@H]1CN(C(=O)C2=CC3CCN=C3NC2)CCCO1
76493,C[C@H]1C[C@@H](C)C[C@H](C(=O)N2CC[C@H](C)N(C(=O)CCOCC(F)F)CC2)C1,"3-((2,2-difluoroethyl)oxy)-1-((7S)-4-(((1r,3R,5S)-3,5-dimethylcyclohexyl)carbonyl)-7-methyl-1,4-diazepan-1-yl)propan-1-one",,C[C@@H]1CC(C(=O)N2CC[C@H](C)N(C(=O)CCOCC(F)F)CC2)C[C@H](C)C1,
76507,C[C@H]1[C@@H](C)[C@@H]1C(=O)NC[C@H](CNC(=O)c1cccc2c1NCC2)c1ccccc1,"N-((2R)-3-((1r,2R,3S)-2,3-dimethylcyclopropanecarboxamido)-2-phenylpropyl)indoline-7-carboxamide",,C[C@@H]1C(C(=O)NC[C@H](CNC(=O)c2cccc3c2NCC3)c2ccccc2)[C@@H]1C,
76544,C=CCCN=C(NCCOCCS)N[C@H]1CC[C@]2(CC1)NC(=O)N(C)C2=O,"8-((((but-3-en-1-yl)imino)((2-((2-sulfanylethyl)oxy)ethyl)amino)methyl)amino)-3-methyl-1,3-diazaspiro[4.5]decane-2,4-dione",C(CC=C)N=C(NCCOCCS)NC1CCC2(C(N(C(N2)=O)C)=O)CC1,C=CCCN=C(NCCOCCS)N[C@H]1CC[C@]2(CC1)NC(=O)N(C)C2=O,C=CCCN=C(NCCOCCS)NC1CCC2(CC1)NC(=O)N(C)C2=O
76569,Cc1cnc2c(C(=O)NC[C@@H]3C[C@@H]4CC[C@H](C3)N4C(=O)CC3CCC3)cnn2c1,"N-(((1R,3r,5S)-8-(2-cyclobutyl-acetyl)-8-azabicyclo[3.2.1]octan-3-yl)methyl)-6-methylpyrazolo[1,5-a]pyrimidine-3-carboxamide",,Cc1cnc2c(C(=O)NC[C@H]3C[C@H]4CC[C@@H](C3)N4C(=O)CC3CCC3)cnn2c1,
76609,CC[C@@H](CC(=O)N[C@H]1C[C@@](F)(CNC(=O)Cc2csc3nccn23)C1)C1CC1,"(3S)-3-cyclopropyl-N-((1r,3S)-3-fluoro-3-((2-(2-thia-5,8-diazabicyclo[3.3.0]octa-1(8),3,6-trien-4-yl)acetamido)methyl)cyclobutyl)pentanamide",,CC[C@@H](CC(=O)N[C@H]1C[C@@](F)(CNC(=O)Cc2csc3nccn23)C1)C1CC1,
76742,Cc1cc(C(=O)N[C@@H]2C[C@@H]3CC[C@H](C2)N3C(=O)/C=C/c2cnccn2)n[nH]1,"5-methyl-N-((1R,3r,5S)-8-((2E)-1-oxo-3-(pyrazin-2-yl)prop-2-en-1-yl)-8-azabicyclo[3.2.1]octan-3-yl)-1H-pyrazole-3-carboxamide",,Cc1cc(C(=O)N[C@H]2C[C@H]3CC[C@@H](C2)N3C(=O)/C=C/c2cnccn2)[nH]n1,
76781,CCC(F)(F)CC(=O)NC[C@]1(F)C[C@@H](NC(=O)C(C)(C)c2ccc(O)cc2)C1,"3,3-difluoro-N-(((1s,3s)-1-fluoro-3-(2-(4-hydroxyphenyl)-2-methylpropanamido)cyclobutyl)methyl)pentanamide",,CCC(F)(F)CC(=O)NC[C@]1(F)C[C@@H](NC(=O)C(C)(C)c2ccc(O)cc2)C1,
76798,COC(C)(C)CC(=O)N1C[C@H](C)[C@@H](NC(=O)COCCCC(C)C)[C@H](C)C1,"N-((3R,4r,5S)-1-(3-methoxy-3-methyl-butyryl)-3,5-dimethylpiperidin-4-yl)-2-((4-methylpentyl)oxy)acetamide",,COC(C)(C)CC(=O)N1C[C@@H](C)[C@H](NC(=O)COCCCC(C)C)[C@@H](C)C1,
76817,CC(=CC(=O)N[C@@H]1[C@H]2C[C@H](NC(=O)[C@@H]3CSCC(=O)N3)C[C@H]21)c1ccccc1,"N-((1R,3s,5S,6R)-3-((3R)-5-oxothiomorpholine-3-carboxamido)bicyclo[3.1.0]hexan-6-yl)-3-phenylbut-2-enamide",,CC(=CC(=O)N[C@H]1[C@@H]2C[C@@H](NC(=O)C3CSCC(=O)N3)C[C@@H]21)c1ccccc1,
76860,OCCn1cc(-c2nc([C@@H]3C[C@@H]4C[C@@H]4C3)n(-c3cccc4ccccc34)n2)cn1,"2-(4-(5-((1R,3r,5S)-bicyclo[3.1.0]hexan-3-yl)-1-(naphthalen-1-yl)-1H-1,2,4-triazol-3-yl)-1H-pyrazol-1-yl)ethan-1-ol",,OCCn1cc(-c2nc([C@@H]3C[C@@H]4C[C@@H]4C3)n(-c3cccc4ccccc34)n2)cn1,
76864,Cn1nnnc1CCCN[C@@]1(c2nnnn2C2CC2)C[C@@H]2CC=CC[C@@H]2C1,"(2s,3aR,7aS)-2-(1-cyclopropyl-1H-tetrazol-5-yl)-N-(3-(1-methyl-1H-tetrazol-5-yl)propyl)-2,3,3a,4,7,7a-hexahydro-1H-inden-2-amine",,Cn1nnnc1CCCN[C@]1(c2nnnn2C2CC2)C[C@H]2CC=CC[C@H]2C1,
76880,CC(C)S[C@H](C)C(=O)N1CCCC[C@]12C[C@H](NC(=O)CC(F)(F)F)C2,"3,3,3-trifluoro-N-(5-((2R)-1-oxo-2-((propan-2-yl)sulfanyl)propyl)-5-azaspiro[3.5]nonan-2-yl)propanamide",FC(CC(=O)NC1CC2(C1)N(CCCC2)C([C@@H](C)SC(C)C)=O)(F)F,CC(C)SC(C)C(=O)N1CCCC[C@]12C[C@H](NC(=O)CC(F)(F)F)C2,CC(C)SC(C)C(=O)N1CCCCC12CC(NC(=O)CC(F)(F)F)C2
76954,C[C@H](O)[C@@H](C(=O)N1CC[C@H](CNC(=O)[C@H]2C[C@](F)(CO)C2)C(F)(F)CC1)N(C)C,"(1s,3S)-N-(((4R)-1-((2S,3S)-2-(dimethylamino)-3-hydroxy-butyryl)-5,5-difluoroazepan-4-yl)methyl)-3-fluoro-3-(hydroxymethyl)cyclobutanecarboxamide",,C[C@H](O)C(C(=O)N1CC[C@H](CNC(=O)C2CC(F)(CO)C2)C(F)(F)CC1)N(C)C,
76958,O=C(NCCCCNC(=O)[C@H]1C[C@H]2[C@@H](C1)C2(F)F)c1cnoc1C1CCOCC1,"N-(4-((1R,3s,5S)-6,6-difluorobicyclo[3.1.0]hexane-3-carboxamido)butyl)-5-(oxan-4-yl)-1,2-oxazole-4-carboxamide",,O=C(NCCCCNC(=O)C1C[C@@H]2[C@H](C1)C2(F)F)c1cnoc1C1CCOCC1,
76976,CC1(CC(=O)N[C@H]2C[C@@H]3CC[C@H](C2)N3C(=O)CO[C@H]2CCOC2)CCOCC1,"2-(4-methyloxan-4-yl)-N-((1R,3R,5S)-8-(1-oxo-2-(((3S)-oxolan-3-yl)oxy)ethyl)-8-azabicyclo[3.2.1]octan-3-yl)acetamide",,CC1(CC(=O)N[C@@H]2C[C@H]3CC[C@@H](C2)N3C(=O)CO[C@H]2CCOC2)CCOCC1,
77041,CC(C)(C(=O)N[C@@H]1C[C@H]2[C@@H](C1)[C@@H]2NC(=O)c1cnc(S)[nH]1)C1CCC1,"2-cyclobutyl-2-methyl-N-((1R,3r,5S,6r)-6-(2-sulfanyl-1H-imidazole-5-carboxamido)bicyclo[3.1.0]hexan-3-yl)propanamide",,CC(C)(C(=O)N[C@H]1C[C@@H]2[C@H](C1)[C@H]2NC(=O)c1c[nH]c(=S)[nH]1)C1CCC1,
77050,CCc1ccc(F)cc1C(=O)N1CCCC[C@@H]1CNC(=O)[C@H]1C[C@](C)(F)C1,"(1r,3R)-N-(((2R)-1-((2-ethyl-5-fluorophenyl)carbonyl)piperidin-2-yl)methyl)-3-fluoro-3-methylcyclobutanecarboxamide",,CCc1ccc(F)cc1C(=O)N1CCCC[C@@H]1CNC(=O)C1CC(C)(F)C1,
77052,C#CC(C)(C)C(=O)N[C@@H]1CN(C(=O)[C@H]2CC[C@@](C)(F)CC2)Cc2ccnn2C1,"N-((3R)-5-(((1s,4S)-4-fluoro-4-methylcyclohexyl)carbonyl)-1,5,10-triazabicyclo[5.3.0]deca-7,9-dien-3-yl)-2,2-dimethylbut-3-ynamide",,C#CC(C)(C)C(=O)N[C@@H]1CN(C(=O)C2CCC(C)(F)CC2)Cc2ccnn2C1,
77111,CC[C@@H](CC(=O)N(C)[C@H]1[C@@H]2CN(C(=O)Cc3ccc(F)c(F)c3)C[C@@H]21)C(C)(C)C,"(3S)-N-((1R,5S,6s)-3-(2-(3,4-difluorophenyl)-acetyl)-3-azabicyclo[3.1.0]hexan-6-yl)-3-ethyl-4,4,N-trimethylpentanamide",,CC[C@@H](CC(=O)N(C)[C@H]1[C@@H]2CN(C(=O)Cc3ccc(F)c(F)c3)C[C@@H]21)C(C)(C)C,
77236,CCC1(CNC(=O)C[C@H]2[C@@H]3CN(C(=O)c4cccc(=O)o4)C[C@H]23)CCOCC1,"N-((4-ethyloxan-4-yl)methyl)-2-((1R,5S,6s)-3-((2-oxopyran-6-yl)carbonyl)-3-azabicyclo[3.1.0]hexan-6-yl)acetamide",,CCC1(CNC(=O)C[C@@H]2[C@H]3CN(C(=O)c4cccc(=O)o4)C[C@@H]23)CCOCC1,
77287,C[C@H]1C[C@@H](C)C[C@H](C(=O)N2CC(C3(NC(=O)CCOCC(F)(F)F)CC3)C2)C1,"N-(1-(1-(((1r,3R,5S)-3,5-dimethylcyclohexyl)carbonyl)azetidin-3-yl)cyclopropyl)-3-((2,2,2-trifluoroethyl)oxy)propanamide",,C[C@@H]1CC(C(=O)N2CC(C3(NC(=O)CCOCC(F)(F)F)CC3)C2)C[C@H](C)C1,
77291,CC[C@@](C)(COC)C(=O)N[C@H]1C[C@](F)(CNC(=O)c2cc3sccc3n2C)C1,"(2S)-N-((1s,3R)-3-fluoro-3-((6-methyl-2-thia-6-azabicyclo[3.3.0]octa-1(5),3,7-triene-7-carboxamido)methyl)cyclobutyl)-2-(methoxymethyl)-2-methylbutanamide",,CC[C@@](C)(COC)C(=O)N[C@H]1C[C@](F)(CNC(=O)c2cc3sccc3n2C)C1,
77303,O=C(NC[C@H]1[C@@H]2CN(C(=O)c3cc(C4CC4)sn3)C[C@H]12)[C@H]1CSCCS1,"(2S)-N-(((1R,5S,6r)-3-((5-cyclopropyl-1,2-thiazol-3-yl)carbonyl)-3-azabicyclo[3.1.0]hexan-6-yl)methyl)-1,4-dithiane-2-carboxamide",,O=C(NC[C@@H]1[C@H]2CN(C(=O)c3cc(C4CC4)sn3)C[C@@H]12)C1CSCCS1,
77308,CSCC1(C(=O)N[C@H]2C[C@](C)(NC(=O)c3ccc4nc(O)[nH]c4c3)C2)CC1,"2-hydroxy-N-((1r,3r)-1-methyl-3-(1-((methylsulfanyl)methyl)cyclopropanecarboxamido)cyclobutyl)-1H-benzimidazole-6-carboxamide",,CSCC1(C(=O)N[C@H]2C[C@](C)(NC(=O)c3ccc4[nH]c(=O)[nH]c4c3)C2)CC1,
77336,CCN(C(=O)c1cnc2c(c1)CCOC2)[C@@H]1CCN(C(=O)C[C@@H]2C[C@H]3C[C@H]3C2)C1,"N-((3R)-1-(2-((1R,3s,5S)-bicyclo[3.1.0]hexan-3-yl)-acetyl)pyrrolidin-3-yl)-N-ethyl-3-oxa-10-azabicyclo[4.4.0]deca-1(6),7,9-triene-8-carboxamide",,CCN(C(=O)c1cnc2c(c1)CCOC2)[C@@H]1CCN(C(=O)C[C@H]2C[C@@H]3C[C@@H]3C2)C1,
77394,CCC(CC)[C@H](C)NC(=O)[C@]1(C)CCCN(C(=O)[C@H]2C[C@@H]3CC[C@@H]3C2)C1,"(3R)-1-(((1R,3s,5S)-bicyclo[3.2.0]heptan-3-yl)carbonyl)-N-((2S)-3-ethylpentan-2-yl)-3-methylpiperidine-3-carboxamide",,CCC(CC)[C@H](C)NC(=O)[C@]1(C)CCCN(C(=O)C2C[C@H]3CC[C@H]3C2)C1,
77481,CO[C@]1(C(=O)N[C@H]2[C@@H]3CN(C(=O)CNC(=O)C4CCCC4)C[C@@H]32)CCC(C)(C)C1,"(1R)-N-((1R,5S,6s)-3-(2-cyclopentanecarboxamido-acetyl)-3-azabicyclo[3.1.0]hexan-6-yl)-1-methoxy-3,3-dimethylcyclopentanecarboxamide",,CO[C@]1(C(=O)N[C@H]2[C@@H]3CN(C(=O)CNC(=O)C4CCCC4)C[C@@H]32)CCC(C)(C)C1,
77494,C#CC[C@@H](CO)NC(=O)C1=C[C@]2(CCN(C(=O)[C@H]3C[C@](O)(CC#C)C3)C2)C1,"(4R)-6-(((1s,3S)-3-hydroxy-3-(prop-2-yn-1-yl)cyclobutyl)carbonyl)-N-((2S)-1-hydroxypent-4-yn-2-yl)-6-azaspiro[3.4]oct-1-ene-2-carboxamide",,C#CC[C@@H](CO)NC(=O)C1=C[C@]2(CCN(C(=O)C3CC(O)(CC#C)C3)C2)C1,
77524,Cc1sc(O)nc1C(=O)N[C@@H]1C[C@H]2[C@@H](C1)[C@@H]2NC(=O)C1(C(C)(C)O)CC1,"2-hydroxy-N-((1R,3r,5S,6r)-6-(1-(2-hydroxypropan-2-yl)cyclopropanecarboxamido)bicyclo[3.1.0]hexan-3-yl)-5-methyl-1,3-thiazole-4-carboxamide",,Cc1sc(=O)[nH]c1C(=O)N[C@H]1C[C@@H]2[C@H](C1)[C@H]2NC(=O)C1(C(C)(C)O)CC1,
77629,C[C@H](CS(C)(=O)=O)C(=O)N1C[C@H]2[C@@H](C1)[C@@H]2c1cn(Cc2cn(C)nc2Cl)nn1,"(2S)-1-((1R,5S,6S)-6-(1-((3-chloro-1-methyl-1H-pyrazol-4-yl)methyl)-1H-1,2,3-triazol-4-yl)-3-azabicyclo[3.1.0]hexan-3-yl)-2-methyl-3-(methylsulfonyl)propan-1-one",,CC(CS(C)(=O)=O)C(=O)N1C[C@@H]2[C@H](C1)[C@H]2c1cn(Cc2cn(C)nc2Cl)nn1,
77707,CN(C)C(=O)C=CC(=O)N[C@]1(C)C[C@@H](NC(=O)[C@@H]2CC(=O)N(CC3CC3)C2)C1,"N'-((1R,3r)-3-((3R)-1-(cyclopropylmethyl)-5-oxopyrrolidine-3-carboxamido)-1-methylcyclobutyl)-N,N-dimethylbut-2-enediamide",,CN(C)C(=O)C=CC(=O)N[C@]1(C)C[C@@H](NC(=O)C2CC(=O)N(CC3CC3)C2)C1,
77708,O=C(CN1C[C@H]2C[C@H]2C1)N[C@]1(C(=O)NCC[C@]23CCC[C@H]2C3)C[C@H](O)C1,"2-((1R,5S)-3-azabicyclo[3.1.0]hexan-3-yl)-N-((1s,3S)-1-((2-((1R,5S)-bicyclo[3.1.0]hexan-1-yl)ethyl)carbamoyl)-3-hydroxycyclobutyl)acetamide",,O=C(CN1C[C@H]2C[C@H]2C1)N[C@]1(C(=O)NCC[C@]23CCC[C@H]2C3)C[C@H](O)C1,
77759,COC(=O)[C@@](C)(F)C(=O)N1CCN(C(=O)[C@@H]2[C@@H](C)[C@H]2C)CC1,"methyl (2S)-2-((4-(((1r,2R,3S)-2,3-dimethylcyclopropyl)carbonyl)piperazin-1-yl)carbonyl)-2-fluoropropanoate",,COC(=O)[C@@](C)(F)C(=O)N1CCN(C(=O)C2[C@@H](C)[C@H]2C)CC1,
77778,CCn1cc(CC(=O)N2CCc3nc[nH]c3[C@]23CCN(C(=O)[C@@H]2C[C@@H]2F)C3)cn1,"2-(1-ethyl-1H-pyrazol-4-yl)-1-((2R)-spiro[3,7,9-triazabicyclo[4.3.0]nona-1(6),7-diene-2,3'-(1-((3R)-1-azacyclopentan-1-yl)-1-((1S,2S)-2-fluorocyclopropyl)methanone)]-3-yl)ethan-1-one",,CCn1cc(CC(=O)N2CCc3[nH]cnc3[C@]23CCN(C(=O)C2C[C@@H]2F)C3)cn1,
77794,COC(CCCC(=O)N[C@H]1[C@@H]2CN(C(=O)Cc3cn4c(n3)CCCC4)C[C@@H]21)OC,"5,5-dimethoxy-N-((1R,5S,6s)-3-(1-oxo-2-(5,6,7,8-tetrahydroimidazo[1,2-a]pyridin-2-yl)ethyl)-3-azabicyclo[3.1.0]hexan-6-yl)pentanamide",,COC(CCCC(=O)N[C@H]1[C@@H]2CN(C(=O)Cc3cn4c(n3)CCCC4)C[C@@H]21)OC,
77799,C[C@H]1C[C@](C)(C(=O)N2CC(O)(CCNC(=O)c3nn(C)cc3N)C2)C[C@@H](C)O1,"4-amino-N-(2-(3-hydroxy-1-(((2R,4s,6S)-2,4,6-trimethyloxan-4-yl)carbonyl)azetidin-3-yl)ethyl)-1-methyl-1H-pyrazole-3-carboxamide",,C[C@@H]1C[C@@](C)(C(=O)N2CC(O)(CCNC(=O)c3nn(C)cc3N)C2)C[C@H](C)O1,
77875,O=C(COc1ccsn1)N[C@@H](CCC1CC1)C(=O)N[C@@H]1C[C@H]2[C@@H](C1)C2(F)F,"(2S)-4-cyclopropyl-N-((1R,3r,5S)-6,6-difluorobicyclo[3.1.0]hexan-3-yl)-2-(2-((1,2-thiazol-3-yl)oxy)acetamido)butanamide",,O=C(COc1ccsn1)NC(CCC1CC1)C(=O)N[C@H]1C[C@@H]2[C@H](C1)C2(F)F,
78130,C[C@]1(F)CC[C@@H](C(=O)N2CC[C@H](NC(=O)[C@@H]3C[C@H]3c3cccc(F)c3F)C2)CC1,"(1R,2R)-2-(2,3-difluorophenyl)-N-((3S)-1-(((1s,4R)-4-fluoro-4-methylcyclohexyl)carbonyl)pyrrolidin-3-yl)cyclopropanecarboxamide",,CC1(F)CCC(C(=O)N2CC[C@H](NC(=O)C3C[C@H]3c3cccc(F)c3F)C2)CC1,
78162,CNC1=CC=CC=C1C(=O)N[C@H]1C[C@@](C)(NC(=O)C(CC2CCCCC2)OC)C1,"N-((1s,3s)-3-(3-cyclohexyl-2-methoxypropanamido)-3-methylcyclobutyl)-2-(methylamino)benzamide",,CNc1ccccc1C(=O)N[C@H]1C[C@@](C)(NC(=O)C(CC2CCCCC2)OC)C1,
78186,N=c1ncc(C(=O)NC[C@]2(F)C[C@H](NC(=O)[C@@H]3C[C@@H]3C(F)F)C2)c[nH]1,"N-(((1R,3r)-3-((1R,2S)-2-(difluoromethyl)cyclopropanecarboxamido)-1-fluorocyclobutyl)methyl)-2-imino-1H-pyrimidine-5-carboxamide",,Nc1ncc(C(=O)NC[C@]2(F)C[C@H](NC(=O)C3C[C@@H]3C(F)F)C2)cn1,
78294,CNC(=O)NCCC(=O)N1CC[C@](C)(CC(=O)N2[C@H]3CC[C@@H]2C[C@H](CO)C3)C1,"1-((3-((3R)-3-(2-((1R,3R,5S)-3-(hydroxymethyl)-8-azabicyclo[3.2.1]octan-8-yl)-2-oxoethyl)-3-methylpyrrolidin-1-yl)-3-oxopropyl)amino)-N-methylformamide",,CNC(=O)NCCC(=O)N1CC[C@](C)(CC(=O)N2[C@@H]3CC[C@H]2C[C@@H](CO)C3)C1,
78384,O=C(NC[C@@H]1CCCCN(C(=O)[C@]2(C(F)(F)F)C[C@@H](O)C2)C1)[C@H]1CC2(CC2)CO1,"(6R)-N-(((3S)-1-(((1s,3R)-3-hydroxy-1-(trifluoromethyl)cyclobutyl)carbonyl)azepan-3-yl)methyl)-5-oxaspiro[2.4]heptane-6-carboxamide",,O=C(NC[C@@H]1CCCCN(C(=O)[C@]2(C(F)(F)F)C[C@@H](O)C2)C1)C1CC2(CC2)CO1,
78395,Cc1cnc(NCC2(N(C)C)CCC2)c(S(=O)(=O)N[C@@H]2[C@H]3CCCC[C@H]32)c1,"3-(((1R,6S,7r)-bicyclo[4.1.0]heptan-7-yl)sulfamoyl)-N-((1-(dimethylamino)cyclobutyl)methyl)-5-methylpyridin-2-amine",,Cc1cnc(NCC2(N(C)C)CCC2)c(S(=O)(=O)N[C@H]2[C@@H]3CCCC[C@@H]32)c1,
78475,CCOCCO[C@H](C)C(=O)N[C@H]1[C@@H]2CN(C(=O)c3cc(C4(O)COC4)on3)C[C@@H]21,"(2R)-2-((2-ethoxyethyl)oxy)-N-((1R,5S,6s)-3-((5-(3-hydroxyoxetan-3-yl)-1,2-oxazol-3-yl)carbonyl)-3-azabicyclo[3.1.0]hexan-6-yl)propanamide",,CCOCCOC(C)C(=O)N[C@H]1[C@@H]2CN(C(=O)c3cc(C4(O)COC4)on3)C[C@@H]21,
78552,CC[C@H](C)[C@@H](CO)CNC(=O)C[C@@H](NC(=O)[C@]12CCC[C@H]1CCC2)C(C)C,"(3R)-N-((2R,3S)-2-(hydroxymethyl)-3-methylpentyl)-4-methyl-3-(octahydropentalene-3a-carboxamido)pentanamide",OC[C@@H](CNC(C[C@H](C(C)C)NC(=O)C12CCCC2CCC1)=O)[C@H](CC)C,CC[C@H](C)[C@@H](CO)CNC(=O)C[C@@H](NC(=O)[C@]12CCC[C@H]1CCC2)C(C)C,CC[C@H](C)[C@@H](CO)CNC(=O)C[C@@H](NC(=O)C12CCCC1CCC2)C(C)C
78554,C[C@H](c1ccncc1)n1cc([C@@H]2CCCCN2C(=O)[C@@]2(C#N)C[C@@H]3C[C@@H]3C2)nn1,"(1R,3s,5S)-3-(((2S)-2-(1-((1R)-1-(pyridin-4-yl)ethyl)-1H-1,2,3-triazol-4-yl)piperidin-1-yl)carbonyl)bicyclo[3.1.0]hexane-3-carbonitrile",,C[C@H](c1ccncc1)n1cc([C@@H]2CCCCN2C(=O)[C@]2(C#N)C[C@H]3C[C@H]3C2)nn1,
78661,C=CCc1cccc(C(=O)N2C[C@H]3[C@@H](C2)[C@@H]3C(=O)N2CC[C@@H](C(=O)OC)[C@@H]2C)c1,"methyl (2S,3R)-2-methyl-1-(((1R,5S,6r)-3-((3-(prop-2-en-1-yl)phenyl)carbonyl)-3-azabicyclo[3.1.0]hexan-6-yl)carbonyl)pyrrolidine-3-carboxylate",,C=CCc1cccc(C(=O)N2C[C@@H]3C(C(=O)N4CCC(C(=O)OC)[C@@H]4C)[C@@H]3C2)c1,
78724,COCCN(CCNC(=O)[C@H]1C[C@@H]2CC[C@@H]2C1)C(=O)CCc1c(C)ncnc1O,"(1R,3s,5S)-N-(2-(N-(2-methoxyethyl)-3-(4-hydroxy-6-methylpyrimidin-5-yl)propanamido)ethyl)bicyclo[3.2.0]heptane-3-carboxamide",,COCCN(CCNC(=O)C1C[C@H]2CC[C@H]2C1)C(=O)CCc1c(C)[nH]cnc1=O,
78766,O=C(CN1CCOC1=O)N1CC[C@]2(C1)CN(C(=O)[C@@H]1[C@H]3[C@@H]4CC[C@@H](C4)[C@H]31)CCO2,"3-(2-oxo-2-((5R)-9-(((1R,2S,3r,4R,5S)-tricyclo[3.2.1.0^{2,4}]octan-3-yl)carbonyl)-6-oxa-2,9-diazaspiro[4.5]decan-2-yl)ethyl)-1,3-oxazolidin-2-one",,O=C(CN1CCOC1=O)N1CC[C@]2(C1)CN(C(=O)C1[C@@H]3[C@H]4CC[C@H](C4)[C@H]13)CCO2,
78774,CCN=c1[nH]cc(C(=O)N[C@H]2[C@@H]3CN(C(=O)c4scnc4C)C[C@@H]32)s1,"2-(ethylimino)-N-((1R,5S,6s)-3-((4-methyl-1,3-thiazol-5-yl)carbonyl)-3-azabicyclo[3.1.0]hexan-6-yl)-3H-1,3-thiazole-5-carboxamide",,CCNc1ncc(C(=O)N[C@H]2[C@@H]3CN(C(=O)c4scnc4C)C[C@@H]32)s1,
78784,CCOc1cc(C(=O)N[C@H]2[C@@H]3CN(Cc4cc(Cl)ccc4F)C[C@@H]32)[nH]n1,"N-((1R,5S,6s)-3-((5-chloro-2-fluorophenyl)methyl)-3-azabicyclo[3.1.0]hexan-6-yl)-3-ethoxy-1H-pyrazole-5-carboxamide",,CCOc1cc(C(=O)N[C@H]2[C@@H]3CN(Cc4cc(Cl)ccc4F)C[C@@H]32)[nH]n1,
78788,Cc1ccc(F)c(CC(=O)N[C@H]2C[C@]3(CCCCN3C(=O)[C@@H]3C[C@@H]3F)C2)c1,"2-(2-fluoro-5-methylphenyl)-N-(5-(((1S,2S)-2-fluorocyclopropyl)carbonyl)-5-azaspiro[3.5]nonan-2-yl)acetamide",FC1=C(C=C(C=C1)C)CC(=O)NC1CC2(C1)N(CCCC2)C(=O)[C@H]2[C@H](C2)F,Cc1ccc(F)c(CC(=O)N[C@H]2C[C@]3(CCCCN3C(=O)C3C[C@@H]3F)C2)c1,Cc1ccc(F)c(CC(=O)NC2CC3(CCCCN3C(=O)C3C[C@@H]3F)C2)c1
78826,CCC1=NO[C@@H](CC(=O)N[C@]2(C)C[C@H](C(=O)NC3(CCF)CC3)C2)C1,"2-((5R)-3-ethyl-4,5-dihydro-1,2-oxazol-5-yl)-N-((1s,3S)-3-((1-(2-fluoroethyl)cyclopropyl)carbamoyl)-1-methylcyclobutyl)acetamide",,CCC1=NO[C@@H](CC(=O)NC2(C)CC(C(=O)NC3(CCF)CC3)C2)C1,
78849,C=C1C[C@@H]1C(=O)N1[C@@H]2COC[C@H]1C[C@@H](NC(=O)[C@H]1CC13CCCC3)C2,"(1S)-N-((1R,5S,7R)-9-(((1S)-2-methylidenecyclopropyl)carbonyl)-3-oxa-9-azabicyclo[3.3.1]nonan-7-yl)spiro[2.4]heptane-1-carboxamide",,C=C1CC1C(=O)N1[C@@H]2COC[C@H]1C[C@@H](NC(=O)C1CC13CCCC3)C2,
78854,Cc1nc(C)c(C(=O)NC[C@H]2C[C@@H]3CC[C@H](C2)N3C(=O)c2ccoc2)o1,"N-(((1R,3s,5S)-8-((furan-3-yl)carbonyl)-8-azabicyclo[3.2.1]octan-3-yl)methyl)-2,4-dimethyl-1,3-oxazole-5-carboxamide",,Cc1nc(C)c(C(=O)NC[C@@H]2C[C@H]3CC[C@@H](C2)N3C(=O)c2ccoc2)o1,
78867,C=C[C@](C)(O)CC(=O)N1C[C@H]2[C@H](NC(=O)c3[nH]nc([N+](=O)[O-])c3Cl)[C@H]2C1,"4-chloro-N-((1R,5S,6S)-3-((3R)-3-hydroxy-3-methyl-1-oxopent-4-en-1-yl)-3-azabicyclo[3.1.0]hexan-6-yl)-3-nitro-1H-pyrazole-5-carboxamide",,C=C[C@](C)(O)CC(=O)N1C[C@@H]2[C@H](C1)[C@H]2NC(=O)c1[nH]nc([N+](=O)[O-])c1Cl,
78941,CCCC[C@H](O)[C@H](C)C(=O)NC[C@H]1[C@@H]2CN(C(=O)[C@H]3CC(C)(C)CO3)C[C@H]12,"(2S,3S)-N-(((1R,5S,6R)-3-(((2R)-4,4-dimethyloxolan-2-yl)carbonyl)-3-azabicyclo[3.1.0]hexan-6-yl)methyl)-3-hydroxy-2-methylheptanamide",,CCCC[C@H](O)C(C)C(=O)NC[C@@H]1[C@H]2CN(C(=O)C3CC(C)(C)CO3)C[C@@H]12,
78996,CN(Cc1nnc(C2CC2)o1)C(=O)c1cc2c([nH]1)CCCC2=O,"N-((5-cyclopropyl-1,3,4-oxadiazol-2-yl)methyl)-N-methyl-2-oxo-7-azabicyclo[4.3.0]nona-1(6),8-diene-8-carboxamide",C1(CC1)C1=NN=C(O1)CN(C(=O)C=1NC=2CCCC(C2C1)=O)C,CN(Cc1nnc(C2CC2)o1)C(=O)c1cc2c([nH]1)CCCC2=O,CN(Cc1nnc(C2CC2)o1)C(O)c1cc2c(O)cccc2[nH]1
79034,CCn1nnc(C(=O)N[C@H]2C[C@@H]3CC[C@H](C2)N3C(=O)c2csc(C#N)c2)c1C,"1-ethyl-5-methyl-N-((1R,3s,5S)-8-((5-(nitrilomethyl)thiophen-3-yl)carbonyl)-8-azabicyclo[3.2.1]octan-3-yl)-1H-1,2,3-triazole-4-carboxamide",,CCn1nnc(C(=O)N[C@@H]2C[C@H]3CC[C@@H](C2)N3C(=O)c2csc(C#N)c2)c1C,
79119,CCC[C@@H](NC(=O)[C@H](C#N)C(C)(C)C)C(=O)N[C@]1(C)C[C@H](N(C)C)C1,"(2R)-2-((2S)-2-cyano-3,3-dimethylbutanamido)-N-((1s,3S)-3-(dimethylamino)-1-methylcyclobutyl)pentanamide",,CCCC(NC(=O)C(C#N)C(C)(C)C)C(=O)N[C@]1(C)C[C@H](N(C)C)C1,
79177,C[C@H]1CN(C(=O)COCCCF)C[C@@H](C)[C@@H]1NC(=O)c1cnccn1,"N-((3R,4r,5S)-1-(2-((3-fluoropropyl)oxy)-acetyl)-3,5-dimethylpiperidin-4-yl)pyrazine-2-carboxamide",,C[C@@H]1CN(C(=O)COCCCF)C[C@H](C)[C@H]1NC(=O)c1cnccn1,
79240,FC(F)(F)[C@@H]1[C@@H](N[C@@H]2CC[C@@H]3COCC[C@H]3C2)[C@@H]1C(F)(F)F,"(4aR,6R,8aS)-N-((1r,2R,3S)-2,3-bis(trifluoromethyl)cyclopropyl)-3,4,4a,5,6,7,8,8a-octahydro-1H-2-benzopyran-6-amine",,FC(F)(F)[C@@H]1[C@@H](N[C@@H]2CC[C@@H]3COCC[C@H]3C2)[C@@H]1C(F)(F)F,
79263,Cc1cc(N2C[C@H]3[C@H](NC(=O)[C@H]4CCCc5nc[nH]c54)[C@H]3C2)nc(CC2CC2)n1,"(7S)-N-((1R,5S,6s)-3-(2-(cyclopropylmethyl)-6-methylpyrimidin-4-yl)-3-azabicyclo[3.1.0]hexan-6-yl)-4,5,6,7-tetrahydro-1H-benzimidazole-7-carboxamide",,Cc1cc(N2C[C@@H]3[C@H](C2)[C@H]3NC(=O)C2CCCc3[nH]cnc32)nc(CC2CC2)n1,
79284,O=C(N[C@@H]1C[C@@H]2CC[C@H](C1)N2C(=O)CC1CCCCCC1)[C@@H](O)CC(F)F,"(2S)-N-((1R,3r,5S)-8-(2-cycloheptyl-acetyl)-8-azabicyclo[3.2.1]octan-3-yl)-4,4-difluoro-2-hydroxybutanamide",,O=C(N[C@H]1C[C@H]2CC[C@@H](C1)N2C(=O)CC1CCCCCC1)C(O)CC(F)F,
79559,C#C[C@]1(O)C[C@@H](C(=O)N2CC[C@H](CCC(=O)NCCN(C)[C@H](C)CC)C2)C1,"N-(2-(((2R)-butan-2-yl)(methyl)amino)ethyl)-3-((3S)-1-(((1s,3R)-3-(ethynyl)-3-hydroxycyclobutyl)carbonyl)pyrrolidin-3-yl)propanamide",,C#CC1(O)CC(C(=O)N2CC[C@H](CCC(=O)NCCN(C)[C@H](C)CC)C2)C1,
79575,CN1C[C@H]2[C@@H](C1)[C@@H]2C(=O)N1CCO[C@@H](CCNC(=O)[C@@H]2C3C[C@@H]4C2[C@@H]4C3)C1,"(1S,2R,5R)-N-(2-((2S)-4-(((1R,5S,6r)-3-methyl-3-azabicyclo[3.1.0]hexan-6-yl)carbonyl)morpholin-2-yl)ethyl)tricyclo[2.2.1.0^{2,6}]heptane-5-carboxamide",,CN1C[C@@H]2C(C(=O)N3CCO[C@@H](CCNC(=O)C4C5C[C@@H]6C4[C@@H]6C5)C3)[C@@H]2C1,
79593,CCC1(C(=O)NCC(C)(C)OCC(=O)NC[C@H]2C[C@@H]3CCC[C@@H]3C2)CCC1,"1-ethyl-N-(2-methyl-2-((2-((((2s,3aR,6aS)-octahydropentalen-2-yl)methyl)amino)-2-oxoethyl)oxy)propyl)cyclobutanecarboxamide",,CCC1(C(=O)NCC(C)(C)OCC(=O)NC[C@@H]2C[C@H]3CCC[C@H]3C2)CCC1,
79597,C[C@H]1CCC(=CC(=O)N[C@H]2C[C@](C)(NC(=O)C=CSc3nc[nH]n3)C2)C1,"N-((1S,3r)-1-methyl-3-(2-((3S)-3-methylcyclopentylidene)acetamido)cyclobutyl)-3-((1H-1,2,4-triazol-3-yl)sulfanyl)prop-2-enamide",,C[C@H]1CCC(=CC(=O)N[C@H]2C[C@](C)(NC(=O)C=CSc3nc[nH]n3)C2)C1,
79695,CSC1(C(=O)N2[C@H]3CC[C@@H]2C[C@H](NC(=O)[C@H]2CC[C@@H](NC(C)=O)CC2)C3)CC1,"cis-4-acetamido-N-((1R,3r,5S)-8-((1-(methylsulfanyl)cyclopropyl)carbonyl)-8-azabicyclo[3.2.1]octan-3-yl)cyclohexanecarboxamide",,CSC1(C(=O)N2[C@@H]3CC[C@H]2C[C@@H](NC(=O)C2CCC(NC(C)=O)CC2)C3)CC1,
79934,C#Cc1cnc(C(=O)N(C)CCCNC(=O)[C@@H]2[C@@H]3C[C@H]3[C@H]3C[C@H]32)c(C)c1,"5-(ethynyl)-3,N-dimethyl-N-(3-((1S,2R,4R,5R,6R)-tricyclo[4.1.0.0^{2,4}]heptane-5-carboxamido)propyl)pyridine-2-carboxamide",,C#Cc1cnc(C(=O)N(C)CCCNC(=O)C2[C@@H]3C[C@@H]3[C@@H]3C[C@@H]23)c(C)c1,
80016,C[C@]1(NC(=O)c2cnn[nH]2)C[C@@H](C(=O)N2CC[C@H]3C[C@@H]32)C1,"N-((1R,3s)-3-(((1S,5S)-2-azabicyclo[3.1.0]hexan-2-yl)carbonyl)-1-methylcyclobutyl)-1H-1,2,3-triazole-5-carboxamide",,CC1(NC(=O)c2c[nH]nn2)CC(C(=O)N2CC[C@H]3C[C@@H]32)C1,
80072,Cc1nc(CC2CC2)oc1C(=O)N1CC[C@H]2[C@@H](CC1)[C@@H]2NC(=O)C=C1CCC1,"2-cyclobutylidene-N-((1R,7S,8r)-4-((2-(cyclopropylmethyl)-4-methyl-1,3-oxazol-5-yl)carbonyl)-4-azabicyclo[5.1.0]octan-8-yl)acetamide",,Cc1nc(CC2CC2)oc1C(=O)N1CC[C@@H]2[C@H](CC1)[C@H]2NC(=O)C=C1CCC1,
80074,CCOC1(C(=O)N(C)C[C@@H]2C[C@H](F)CN2C(=O)[C@H]2C[C@@H]3C[C@@H]3C2)CCC1,"N-(((2S,4S)-1-(((1R,3s,5S)-bicyclo[3.1.0]hexan-3-yl)carbonyl)-4-fluoropyrrolidin-2-yl)methyl)-1-ethoxy-N-methylcyclobutanecarboxamide",,CCOC1(C(=O)N(C)C[C@@H]2C[C@H](F)CN2C(=O)C2C[C@@H]3C[C@@H]3C2)CCC1,
80126,CC[C@@H](OC)C(=O)NC[C@H]1C[C@@H]2CC[C@H](C1)N2C(=O)c1cccc(CSC)c1,"(2R)-2-methoxy-N-(((1R,3s,5S)-8-((3-((methylsulfanyl)methyl)phenyl)carbonyl)-8-azabicyclo[3.2.1]octan-3-yl)methyl)butanamide",,CCC(OC)C(=O)NC[C@@H]1C[C@H]2CC[C@@H](C1)N2C(=O)c1cccc(CSC)c1,
80140,Fc1cc(F)c2c(c1)OCC[C@@H]2N=c1[nH]c2ccccc2nc1N[C@@H]1C=CCC1,"N-((1S)-cyclopent-2-en-1-yl)-3-(((4S)-5,7-difluoro-3,4-dihydro-2H-1-benzopyran-4-yl)imino)quinoxalin-2-amine",[C@H]1(C=CCC1)NC1N=C2C=CC=CC2=NC1=N[C@H]1CCOC2=C1C(=CC(=C2)F)F,Fc1cc(F)c2c(c1)OCC[C@@H]2Nc1nc2ccccc2nc1N[C@@H]1C=CCC1,Fc1cc(F)c2c(c1)OCC[C@@H]2N=C1N=c2ccccc2=NC1N[C@@H]1C=CCC1
80163,Cc1cc(O)nc(C)c1C(=O)NC[C@H](NC(=O)[C@@H]1[C@H]2CCCC[C@H]21)C(C)C,"N-((2R)-2-((1R,6S,7r)-bicyclo[4.1.0]heptane-7-carboxamido)-3-methylbutyl)-6-hydroxy-2,4-dimethylpyridine-3-carboxamide",,Cc1cc(=O)[nH]c(C)c1C(=O)NC[C@H](NC(=O)C1[C@H]2CCCC[C@@H]12)C(C)C,
80188,Cc1cccc(-n2cc(CN(O)C(=O)[C@@H]3C[C@@H](C)C[C@@H](C)C3)nn2)c1C,"(1r,3R,5S)-N-((1-(2,3-dimethylphenyl)-1H-1,2,3-triazol-4-yl)methyl)-N-hydroxy-3,5-dimethylcyclohexanecarboxamide",,Cc1cccc(-n2cc(CN(O)C(=O)C3C[C@@H](C)C[C@@H](C)C3)nn2)c1C,
80212,COC(=O)C1(C)CC(C(=O)N2C[C@H]3[C@H](NC(=O)C4(C(C)C)CCC4)[C@H]3C2)C1,"methyl 1-methyl-3-(((1R,5S,6s)-6-(1-(propan-2-yl)cyclobutanecarboxamido)-3-azabicyclo[3.1.0]hexan-3-yl)carbonyl)cyclobutanecarboxylate",,COC(=O)C1(C)CC(C(=O)N2C[C@@H]3[C@H](C2)[C@H]3NC(=O)C2(C(C)C)CCC2)C1,
80216,Cc1ncc(CC(=O)N[C@]2(C)C[C@H](C(=O)NCC3(C4CC4)CC3)C2)s1,"N-((1s,3s)-3-(((1-cyclopropylcyclopropyl)methyl)carbamoyl)-1-methylcyclobutyl)-2-(2-methyl-1,3-thiazol-5-yl)acetamide",,Cc1ncc(CC(=O)NC2(C)CC(C(=O)NCC3(C4CC4)CC3)C2)s1,
80274,COC1=CC=CC(CC(=O)N[C@H]2C[C@H]3CC[C@@H](C2)N3C(=O)C(C)C2CCC2)=C1F,"N-((1R,3r,5S)-8-(2-cyclobutyl-propionyl)-8-azabicyclo[3.2.1]octan-3-yl)-2-(2-fluoro-3-methoxyphenyl)acetamide",,COc1cccc(CC(=O)N[C@H]2C[C@H]3CC[C@@H](C2)N3C(=O)C(C)C2CCC2)c1F,
80290,COCc1cc(C(=O)N(C)[C@@H](C)CN(C)C(=O)[C@H]2C[C@H]3COC[C@H](C3)C2)n[nH]1,"5-(methoxymethyl)-N-methyl-N-((2S)-1-(N-methyl(1R,5S,7s)-3-oxabicyclo[3.3.1]nonane-7-carboxamido)propan-2-yl)-1H-pyrazole-3-carboxamide",,COCc1cc(C(=O)N(C)[C@@H](C)CN(C)C(=O)C2C[C@H]3COC[C@@H](C2)C3)[nH]n1,
80398,C[C@]1(NC(=O)c2cccc3nsnc23)C[C@@H](NC(=O)C2=C[C@@H]3CCCCC[C@@H]23)C1,"N-((1S,3s)-3-((1S,7R)-bicyclo[5.2.0]non-8-ene-8-carboxamido)-1-methylcyclobutyl)-2,1,3-benzothiadiazole-4-carboxamide",,C[C@]1(NC(=O)c2cccc3nsnc23)C[C@@H](NC(=O)C2=C[C@@H]3CCCCC[C@@H]23)C1,
80405,C#C[C@]1(O)C[C@@H](C(=O)N[C@@H](CC)CCCC(=O)NCC2(O)CSC2)C1,"(1s,3R)-3-(ethynyl)-3-hydroxy-N-((3S)-7-(((3-hydroxythietan-3-yl)methyl)amino)-7-oxoheptan-3-yl)cyclobutanecarboxamide",,C#CC1(O)CC(C(=O)N[C@@H](CC)CCCC(=O)NCC2(O)CSC2)C1,
80449,Cn1c(C(=O)N2[C@H]3CC[C@@H]2C[C@H](NC(=O)C2CCC=CCC2)C3)cnc1Cl,"N-((1R,3r,5S)-8-((2-chloro-1-methyl-1H-imidazol-5-yl)carbonyl)-8-azabicyclo[3.2.1]octan-3-yl)cyclohept-4-ene-1-carboxamide",,Cn1c(C(=O)N2[C@@H]3CC[C@H]2C[C@@H](NC(=O)C2CCC=CCC2)C3)cnc1Cl,
80628,CC1(C)CN(C(=O)[C@@H]2[C@H]3CCCC[C@H]32)[C@@H](CNC(=O)c2c(O)cccc2F)CO1,"N-(((3S)-4-(((1R,6S,7r)-bicyclo[4.1.0]heptan-7-yl)carbonyl)-6,6-dimethylmorpholin-3-yl)methyl)-2-fluoro-6-hydroxybenzamide",,CC1(C)CN(C(=O)C2[C@H]3CCCC[C@@H]23)[C@@H](CNC(=O)c2c(O)cccc2F)CO1,
80729,CCOc1ccc(F)c(C(=O)NC[C@]2(F)C[C@H](NC(=O)c3ccns3)C2)c1F,"N-((1r,3r)-3-((3-ethoxy-2,6-difluorobenzamido)methyl)-3-fluorocyclobutyl)-1,2-thiazole-5-carboxamide",,CCOc1ccc(F)c(C(=O)NC[C@]2(F)C[C@H](NC(=O)c3ccns3)C2)c1F,
80762,C[C@@]1(CNC(=O)C2=C3CCN=C3NC=C2)COc2ccccc21,"N-(((3R)-3-methyl-2,3-dihydro-1-benzofuran-3-yl)methyl)-3,7-dihydro-1H-pyrrolo[2,3-b]pyridine-4-carboxamide",C[C@]1(COC2=C1C=CC=C2)CNC(=O)C=2C1=C(NCC2)NCC1,C[C@@]1(CNC(=O)c2ccnc3c2CCN3)COc2ccccc21,C[C@@]1(CNC(=O)C2=CCN=C3NCCC23)COc2ccccc21
80793,O=C(C1CC1)N1C[C@H]2C[C@@H](C(=O)N3CC=CC34CCCCC4)C[C@H]2C1,"1-((1R,5S,7r)-7-((1-azaspiro[4.5]dec-3-en-1-yl)carbonyl)-3-azabicyclo[3.3.0]octan-3-yl)-1-cyclopropylmethanone",,O=C(C1CC1)N1C[C@H]2CC(C(=O)N3CC=CC34CCCCC4)C[C@H]2C1,
80803,C[C@]1(NC(=O)[C@H]2CCCN2C2CC2)C[C@H](NC(=O)c2sccc2OC(F)F)C1,"(2R)-1-cyclopropyl-N-((1r,3R)-3-(3-((difluoromethyl)oxy)thiophene-2-carboxamido)-1-methylcyclobutyl)pyrrolidine-2-carboxamide",,C[C@]1(NC(=O)C2CCCN2C2CC2)C[C@H](NC(=O)c2sccc2OC(F)F)C1,
80861,CC(C)[C@H]1CC[C@H](C(=O)N[C@H]2C[C@@H]3CN(C(=O)[C@H](C)S(N)(=O)=O)C[C@@H]3C2)CC1,"trans-4-(propan-2-yl)-N-((1R,5S,7R)-3-((2S)-2-(sulfamoyl)-propionyl)-3-azabicyclo[3.3.0]octan-7-yl)cyclohexanecarboxamide",,CC(C)C1CCC(C(=O)N[C@H]2C[C@@H]3CN(C(=O)C(C)S(N)(=O)=O)C[C@@H]3C2)CC1,
80965,O=C(N[C@@H]1C[C@H]2CN(C(=O)CC3CCSCC3)C[C@@H]21)[C@@H]1[C@H]2[C@@H]3CC[C@@H](C3)[C@H]21,"(1R,2S,3r,4R,5S)-N-((1R,5R,6R)-3-(1-oxo-2-(thian-4-yl)ethyl)-3-azabicyclo[3.2.0]heptan-6-yl)tricyclo[3.2.1.0^{2,4}]octane-3-carboxamide",,O=C(N[C@@H]1C[C@H]2CN(C(=O)CC3CCSCC3)C[C@@H]21)C1[C@@H]2[C@H]3CC[C@H](C3)[C@H]12,
81018,CCCCCC(=O)N1CCC(N(CC)C(=O)[C@H]2CCCc3nnn(C)c32)CC1,"(4S)-N-ethyl-N-(1-(hexanoyl)piperidin-4-yl)-3-methyl-4,5,6,7-tetrahydro-1H-benzotriazole-4-carboxamide",C(C)N(C(=O)[C@H]1CCCC=2NNN(C21)C)C2CCN(CC2)C(CCCCC)=O,CCCCCC(=O)N1CCC(N(CC)C(=O)C2CCCc3nnn(C)c32)CC1,CCCCCC(=O)N1CCC(N(CC)C(=O)C2CCCC3=C2N(C)NN3)CC1
81071,CC(C)Sc1ncccc1C(=O)N[C@H]1C[C@@H]2CN(C(=O)CC(F)(F)F)C[C@@H]2C1,"2-((propan-2-yl)sulfanyl)-N-((1R,5S,7s)-3-(3,3,3-trifluoro-propionyl)-3-azabicyclo[3.3.0]octan-7-yl)pyridine-3-carboxamide",,CC(C)Sc1ncccc1C(=O)N[C@H]1C[C@@H]2CN(C(=O)CC(F)(F)F)C[C@@H]2C1,
81080,C[C@H]1C[C@@H](C)C[C@H](C(=O)N[C@H]2CN(C(=O)c3ccc(F)nc3)CC3(CCC3)C2)C1,"(1r,3R,5S)-N-((8R)-6-((6-fluoropyridin-3-yl)carbonyl)-6-azaspiro[3.5]nonan-8-yl)-3,5-dimethylcyclohexanecarboxamide",,C[C@@H]1CC(C(=O)N[C@H]2CN(C(=O)c3ccc(F)nc3)CC3(CCC3)C2)C[C@H](C)C1,
81122,C[C@@H](N=c1[nH]c(=NC[C@@H]2C[C@@H]3CC[C@@H]3C2)[nH]c2c1CCCCC2)c1cnn[nH]1,"N-(((1R,3r,5S)-bicyclo[3.2.0]heptan-3-yl)methyl)-N'-((1R)-1-(1H-1,2,3-triazol-5-yl)ethyl)-8,10-diazabicyclo[5.4.0]undec-1(7)-ene-9,11-diimine",,C[C@@H](Nc1nc(NC[C@H]2C[C@H]3CC[C@H]3C2)nc2c1CCCCC2)c1c[nH]nn1,
81150,O=C(c1ccc(Br)cc1)N1C[C@@H]2CC[C@H](C1)[C@@H]2NCc1ccc(O)cc1O,"1-(4-bromophenyl)-1-((1R,5S,8r)-8-(((2,4-dihydroxyphenyl)methyl)amino)-3-azabicyclo[3.2.1]octan-3-yl)methanone",,O=C(c1ccc(Br)cc1)N1C[C@H]2CC[C@@H](C1)[C@H]2NCc1ccc(O)cc1O,
81190,CCN1CCN(c2ccnc(N[C@@H]3[C@H]4CCCCC[C@H]43)n2)C[C@H]1c1nccn1C,"N-((1R,7S,8r)-bicyclo[5.1.0]octan-8-yl)-4-((3S)-4-ethyl-3-(1-methyl-1H-imidazol-2-yl)piperazin-1-yl)pyrimidin-2-amine",,CCN1CCN(c2ccnc(N[C@H]3[C@@H]4CCCCC[C@@H]43)n2)C[C@H]1c1nccn1C,
81253,N=c1[nH]c(CCC(=O)NCC[C@@H]2CN(C(=O)[C@H]3C[C@@](F)(CO)C3)CCCO2)cs1,"N-(2-((2R)-4-(((1r,3R)-3-fluoro-3-(hydroxymethyl)cyclobutyl)carbonyl)-1,4-oxazepan-2-yl)ethyl)-3-(2-imino-3H-1,3-thiazol-4-yl)propanamide",,Nc1nc(CCC(=O)NCC[C@@H]2CN(C(=O)C3CC(F)(CO)C3)CCCO2)cs1,
81275,CP(C)(=O)COCC(=O)N1CCC[C@H]1C1(NC(=O)[C@H]2C[C@@H]3CC[C@@H]3C2)CC1,"(1R,3s,5S)-N-(1-((2S)-1-(2-(((dimethyloxophosphanyl)methyl)oxy)-acetyl)pyrrolidin-2-yl)cyclopropyl)bicyclo[3.2.0]heptane-3-carboxamide",,CP(C)(=O)COCC(=O)N1CCC[C@H]1C1(NC(=O)C2C[C@H]3CC[C@H]3C2)CC1,
81283,C[C@H](NC(=O)c1nnsc1-c1ccccc1)[C@@H]1CCCN1C(=O)[C@H]1C[C@@](C)(O)C1,"N-((1S)-1-((2S)-1-(((1s,3R)-3-hydroxy-3-methylcyclobutyl)carbonyl)pyrrolidin-2-yl)ethyl)-5-phenyl-1,2,3-thiadiazole-4-carboxamide",,C[C@H](NC(=O)c1nnsc1-c1ccccc1)[C@@H]1CCCN1C(=O)C1CC(C)(O)C1,
81336,Cc1nscc1CC(=O)N1C[C@H]2[C@H](CC(=O)NCCCN(C)C(C)C)[C@H]2C1,"2-((1R,5S,6s)-3-(2-(3-methyl-1,2-thiazol-4-yl)-acetyl)-3-azabicyclo[3.1.0]hexan-6-yl)-N-(3-((propan-2-yl)(methyl)amino)propyl)acetamide",,Cc1nscc1CC(=O)N1C[C@@H]2[C@@H](CC(=O)NCCCN(C)C(C)C)[C@@H]2C1,
81352,O=C(N[C@@]12C[C@@H]1CN(C(=O)CCSC1CCCC1)C2)[C@@H]1C[C@@H]2C[C@@H]2C1,"(1R,3r,5S)-N-((1S,5R)-3-(3-(cyclopentylsulfanyl)-propionyl)-3-azabicyclo[3.1.0]hexan-1-yl)bicyclo[3.1.0]hexane-3-carboxamide",,O=C(N[C@@]12C[C@@H]1CN(C(=O)CCSC1CCCC1)C2)C1C[C@@H]2C[C@@H]2C1,
81393,CCc1cc(C(=O)N(C)[C@H]2[C@@H]3CN(C(=O)c4nc(C)oc4C)C[C@@H]32)nn1C,"N-((1R,5S,6s)-3-((2,5-dimethyl-1,3-oxazol-4-yl)carbonyl)-3-azabicyclo[3.1.0]hexan-6-yl)-5-ethyl-1,N-dimethyl-1H-pyrazole-3-carboxamide",,CCc1cc(C(=O)N(C)[C@H]2[C@@H]3CN(C(=O)c4nc(C)oc4C)C[C@@H]32)nn1C,
81450,C[C@@H](C(=O)NC[C@]1(F)C[C@H](NC(=O)CCCNC(N)=O)C1)C1CCCC1,"4-(carbamoylamino)-N-((1R,3r)-3-(((2R)-2-cyclopentylpropanamido)methyl)-3-fluorocyclobutyl)butanamide",,CC(C(=O)NC[C@]1(F)C[C@H](NC(=O)CCCNC(N)=O)C1)C1CCCC1,
81466,CC[C@@H](CC(C)C)C(=O)N[C@H]1C[C@@H]2CC[C@H](C1)N2C(=O)CCCCC#N,"(2S)-2-ethyl-4-methyl-N-((1R,3s,5S)-8-(6-nitrilo-hexanoyl)-8-azabicyclo[3.2.1]octan-3-yl)pentanamide",,CCC(CC(C)C)C(=O)N[C@@H]1C[C@H]2CC[C@@H](C1)N2C(=O)CCCCC#N,
81575,CN=c1[nH]c(C(=O)N[C@H]2C[C@](C)(NC(=O)c3coc4c(F)cc(F)cc34)C2)cs1,"N-((1r,3r)-3-(5,7-difluoro-1-benzofuran-3-carboxamido)-3-methylcyclobutyl)-2-(methylimino)-3H-1,3-thiazole-4-carboxamide",,CNc1nc(C(=O)N[C@H]2C[C@](C)(NC(=O)c3coc4c(F)cc(F)cc34)C2)cs1,
81653,Cc1c(N)cc(O)cc1C(=O)N[C@H]1C[C@@](C)(NC(=O)Cc2ccccc2)C1,"3-amino-5-hydroxy-2-methyl-N-((1s,3s)-3-methyl-3-(2-phenylacetamido)cyclobutyl)benzamide",,Cc1c(N)cc(O)cc1C(=O)N[C@H]1C[C@@](C)(NC(=O)Cc2ccccc2)C1,
81693,Cc1nc(C(=O)N[C@@H]2[C@@H]3CN(C(=O)c4ccnc(Cl)n4)C[C@@H]32)cs1,"N-((1R,5S,6r)-3-((2-chloropyrimidin-4-yl)carbonyl)-3-azabicyclo[3.1.0]hexan-6-yl)-2-methyl-1,3-thiazole-4-carboxamide",,Cc1nc(C(=O)N[C@@H]2[C@@H]3CN(C(=O)c4ccnc(Cl)n4)C[C@@H]32)cs1,
81705,CCC1(NC(=O)[C@@H]2CCCS2(=O)=O)CCN(C(=O)[C@]2(C)C[C@@H](C#N)C2)CC1,"(2S)-N-(4-ethyl-1-(((1r,3S)-1-methyl-3-(nitrilomethyl)cyclobutyl)carbonyl)piperidin-4-yl)-1,1-dioxothiolane-2-carboxamide",,CCC1(NC(=O)C2CCCS2(=O)=O)CCN(C(=O)[C@]2(C)C[C@@H](C#N)C2)CC1,
81724,COc1ccc(NS(C)(=O)=O)cc1N=c1[nH]ccn2ccnc12,"3-((imidazo[1,2-a]pyrazin-8-ylidene)amino)-4-methoxy-N-(methylsulfonyl)aniline",,COc1ccc(NS(C)(=O)=O)cc1Nc1nccn2ccnc12,
81785,C[C@H]1[C@@H]2CN(C(=O)C[C@@H](NC(=O)C3CCC4(CC3)CC4)C(F)(F)F)C[C@H]12,"N-((2R)-1,1,1-trifluoro-4-((1R,5S,6S)-6-methyl-3-azabicyclo[3.1.0]hexan-3-yl)-4-oxobutan-2-yl)spiro[2.5]octane-6-carboxamide",,C[C@@H]1[C@H]2CN(C(=O)C[C@@H](NC(=O)C3CCC4(CC3)CC4)C(F)(F)F)C[C@@H]12,
81803,C[C@@H]1CCO[C@@H]1C(=O)N1C[C@H]2[C@H](NC(=O)c3cn4c(n3)COCC4)[C@H]2C1,"N-((1R,5S,6R)-3-(((2S,3R)-3-methyloxolan-2-yl)carbonyl)-3-azabicyclo[3.1.0]hexan-6-yl)-3-oxa-6,9-diazabicyclo[4.3.0]nona-1(9),7-diene-8-carboxamide",,C[C@@H]1CCOC1C(=O)N1C[C@@H]2[C@H](C1)[C@H]2NC(=O)c1cn2c(n1)COCC2,
81825,CC[C@H](C)C(=O)N1CC[C@H]2CCC[C@@]21C(=O)N[C@@H]1C[C@@H]2CC[C@H](C1)[C@@H]2O,"(1S,5R)-N-((1R,3r,5S,8S)-8-hydroxybicyclo[3.2.1]octan-3-yl)-2-((2S)-2-methyl-butyryl)-2-azabicyclo[3.3.0]octane-1-carboxamide",,CCC(C)C(=O)N1CC[C@H]2CCC[C@@]21C(=O)N[C@H]1C[C@H]2CC[C@@H](C1)[C@H]2O,
81835,C=C[C@@]1(C(=O)N[C@]2(CO)C[C@H](OC)C2)CCN(C(=O)CC2OCCCO2)C1,"(3S)-1-(2-(1,3-dioxan-2-yl)-acetyl)-3-ethenyl-N-((1s,3R)-1-(hydroxymethyl)-3-methoxycyclobutyl)pyrrolidine-3-carboxamide",,C=C[C@@]1(C(=O)N[C@]2(CO)C[C@H](OC)C2)CCN(C(=O)CC2OCCCO2)C1,
81879,C[C@@H]1[C@H](C(=O)N2C[C@H](NC(=O)c3ccc[nH]3)[C@@H]3CCCC[C@H]32)[C@@H]1C,"N-((3R,3aS,7aR)-1-(((1s,2R,3S)-2,3-dimethylcyclopropyl)carbonyl)octahydro-1H-indol-3-yl)-1H-pyrrole-2-carboxamide",,C[C@@H]1C(C(=O)N2C[C@H](NC(=O)c3ccc[nH]3)[C@@H]3CCCC[C@H]32)[C@@H]1C,
81886,C#CCC1(C(=O)NC[C@@H]2C[C@@H]3CC[C@H](C2)N3C(=O)[C@H]2CO[C@@H](C)C2)CCCCC1,"N-(((1R,3R,5S)-8-(((3R,5S)-5-methyloxolan-3-yl)carbonyl)-8-azabicyclo[3.2.1]octan-3-yl)methyl)-1-(prop-2-yn-1-yl)cyclohexanecarboxamide",,C#CCC1(C(=O)NC[C@H]2C[C@H]3CC[C@@H](C2)N3C(=O)C2CO[C@@H](C)C2)CCCCC1,
81932,CCN(CCNC(=O)[C@]1(S(C)(=O)=O)C[C@@H](O)C1)C(=O)[C@@H]1C[C@@H](O)CN1C(C)=O,"(2S,4R)-1-(acetyl)-N-ethyl-4-hydroxy-N-(2-(3-hydroxy-1-(methylsulfonyl)cyclobutanecarboxamido)ethyl)pyrrolidine-2-carboxamide",C(C)(=O)N1[C@@H](C[C@H](C1)O)C(=O)N(CCNC(=O)C1(CC(C1)O)S(=O)(=O)C)CC,CCN(CCNC(=O)[C@]1(S(C)(=O)=O)C[C@@H](O)C1)C(=O)C1C[C@@H](O)CN1C(C)=O,CCN(CCNC(=O)C1(S(C)(=O)=O)CC(O)C1)C(=O)C1C[C@@H](O)CN1C(C)=O
82115,O=C(CCc1nc[nH]n1)N[C@H]1C[C@]2(CCCCN2C(=O)c2cnnc(O)c2)C1,"N-(5-((6-hydroxypyridazin-4-yl)carbonyl)-5-azaspiro[3.5]nonan-2-yl)-3-(1H-1,2,4-triazol-3-yl)propanamide",OC1=CC(=CN=N1)C(=O)N1C2(CC(C2)NC(CCC2=NNC=N2)=O)CCCC1,O=C(CCc1nc[nH]n1)N[C@H]1C[C@]2(CCCCN2C(=O)c2cn[nH]c(=O)c2)C1,O=C(CCc1nc[nH]n1)NC1CC2(CCCCN2C(=O)c2cn[nH]c(=O)c2)C1
82134,C#CC[C@]1(O)C[C@@H](C(=O)N2CC[C@@H]3CCC[C@@]32C(=O)NC[C@@H]2CNC(=O)CO2)C1,"(1S,5S)-2-(((1s,3R)-3-hydroxy-3-(prop-2-yn-1-yl)cyclobutyl)carbonyl)-N-(((2R)-5-oxomorpholin-2-yl)methyl)-2-azabicyclo[3.3.0]octane-1-carboxamide",,C#CCC1(O)CC(C(=O)N2CC[C@@H]3CCC[C@@]32C(=O)NC[C@@H]2CNC(=O)CO2)C1,
82198,COCCSCC(=O)N1[C@H]2C[C@H]1CN(C(=O)[C@H]1C[C@@](C)(O)C1)C2,"1-((1S,5S)-3-(((1s,3R)-3-hydroxy-3-methylcyclobutyl)carbonyl)-3,6-diazabicyclo[3.1.1]heptan-6-yl)-2-((2-methoxyethyl)sulfanyl)ethan-1-one",,COCCSCC(=O)N1[C@H]2C[C@H]1CN(C(=O)C1CC(C)(O)C1)C2,
82261,CCC[C@@H]1C[C@H]1C(=O)NC[C@]1(F)C[C@H](CNC(=O)Cn2nnnc2C2CC2)C1,"(1R,2R)-N-(((1r,3R)-3-((2-(5-cyclopropyl-1H-tetrazol-1-yl)acetamido)methyl)-1-fluorocyclobutyl)methyl)-2-propylcyclopropanecarboxamide",,CCC[C@@H]1CC1C(=O)NC[C@]1(F)C[C@H](CNC(=O)Cn2nnnc2C2CC2)C1,
82268,C[C@@H]1[C@H](C(=O)N2CC(O)(CNC(=O)c3nn(C(F)F)cc3Cl)C2)[C@@H]1C,"4-chloro-1-(difluoromethyl)-N-((1-(((1s,2R,3S)-2,3-dimethylcyclopropyl)carbonyl)-3-hydroxyazetidin-3-yl)methyl)-1H-pyrazole-3-carboxamide",,C[C@@H]1C(C(=O)N2CC(O)(CNC(=O)c3nn(C(F)F)cc3Cl)C2)[C@@H]1C,
82287,O=C1O[C@H]2C[C@@H](C(=O)N3C[C@H]4CC[C@H]3CN4C(=O)C3CC(F)(F)C3)C[C@H]2O1,"(1R,5S,7r)-7-(((1S,4R)-5-((3,3-difluorocyclobutyl)carbonyl)-2,5-diazabicyclo[2.2.2]octan-2-yl)carbonyl)-2,4-dioxabicyclo[3.3.0]octan-3-one",,O=C1O[C@H]2CC(C(=O)N3C[C@H]4CC[C@H]3CN4C(=O)C3CC(F)(F)C3)C[C@H]2O1,
82306,Cc1cnc(C(=O)N[C@]2(C(=O)NC[C@@H]3CC4(CC4)C(=O)O3)C[C@H](O)C2)c(F)c1,"3-fluoro-N-((1s,3R)-3-hydroxy-1-((((6S)-4-oxo-5-oxaspiro[2.4]heptan-6-yl)methyl)carbamoyl)cyclobutyl)-5-methylpyridine-2-carboxamide",,Cc1cnc(C(=O)N[C@]2(C(=O)NC[C@@H]3CC4(CC4)C(=O)O3)C[C@H](O)C2)c(F)c1,
82436,O=C(CC[C@@H]1CCC(=O)N1)NC[C@H]1[C@@H]2CN(C(=O)[C@H]3CC3(Cl)Cl)C[C@H]12,"N-(((1R,5S,6R)-3-(((1R)-2,2-dichlorocyclopropyl)carbonyl)-3-azabicyclo[3.1.0]hexan-6-yl)methyl)-3-((2S)-5-oxopyrrolidin-2-yl)propanamide",,O=C(CC[C@@H]1CCC(=O)N1)NC[C@@H]1[C@H]2CN(C(=O)C3CC3(Cl)Cl)C[C@@H]12,
82512,CCC[C@H](OC)C(=O)NC1(C(=O)NC[C@@]2(CO)C[C@@H]3C[C@@H]3C2)CC(F)(F)C1,"(2S)-N-(3,3-difluoro-1-((((1R,3r,5S)-3-(hydroxymethyl)bicyclo[3.1.0]hexan-3-yl)methyl)carbamoyl)cyclobutyl)-2-methoxypentanamide",,CCCC(OC)C(=O)NC1(C(=O)NC[C@]2(CO)C[C@H]3C[C@H]3C2)CC(F)(F)C1,
82525,Cc1cc(C(=O)N(C)[C@H]2CN(C(=O)[C@@H]3[C@H]4COC[C@H]43)CC2(C)C)ccc1C(C)C,"N-((3R)-4,4-dimethyl-1-(((1R,5S,6r)-3-oxabicyclo[3.1.0]hexan-6-yl)carbonyl)pyrrolidin-3-yl)-3,N-dimethyl-4-(propan-2-yl)benzamide",,Cc1cc(C(=O)N(C)[C@H]2CN(C(=O)C3[C@H]4COC[C@@H]34)CC2(C)C)ccc1C(C)C,
82620,CC(C)c1nc(C(=O)NC[C@H]2C[C@](F)(CNC(=O)Cc3cccnc3Cl)C2)co1,"N-(((1s,3s)-3-((2-(2-chloropyridin-3-yl)acetamido)methyl)-3-fluorocyclobutyl)methyl)-2-(propan-2-yl)-1,3-oxazole-4-carboxamide",,CC(C)c1nc(C(=O)NC[C@H]2C[C@](F)(CNC(=O)Cc3cccnc3Cl)C2)co1,
82699,COC(C(=O)N(CC1CC1)C1CCN(C(=O)[C@H]2[C@@H]3CCCCC[C@@H]32)CC1)C1CC1,"N-(1-(((1R,7S,8r)-bicyclo[5.1.0]octan-8-yl)carbonyl)piperidin-4-yl)-2-cyclopropyl-N-(cyclopropylmethyl)-2-methoxyacetamide",,COC(C(=O)N(CC1CC1)C1CCN(C(=O)C2[C@H]3CCCCC[C@@H]23)CC1)C1CC1,
82743,COC(=O)[C@H]1C[C@](NC(=O)c2cnc(C(C)C)[nH]2)(C(=O)OC)C1,"dimethyl (1s,3s)-1-(2-(propan-2-yl)-1H-imidazole-5-carboxamido)cyclobutane-1,3-dicarboxylate",,COC(=O)C1CC(NC(=O)c2c[nH]c(C(C)C)n2)(C(=O)OC)C1,
82790,CCCCC1(C(=O)N2[C@H]3CC[C@@H]2C[C@H](CNC(=O)c2ccc(=O)n(C)n2)C3)CC1,"N-(((1R,3r,5S)-8-((1-butylcyclopropyl)carbonyl)-8-azabicyclo[3.2.1]octan-3-yl)methyl)-1-methyl-6-oxo-1H-pyridazine-3-carboxamide",,CCCCC1(C(=O)N2[C@@H]3CC[C@H]2C[C@@H](CNC(=O)c2ccc(=O)n(C)n2)C3)CC1,
82843,C[C@]1(NC(=O)c2ncc[nH]c2=O)C[C@@H](NC(=O)CC[C@H]2CCCC(=O)N2)C1,"N-((1S,3s)-1-methyl-3-(3-((2R)-6-oxopiperidin-2-yl)propanamido)cyclobutyl)-3-oxo-4H-pyrazine-2-carboxamide",,C[C@]1(NC(=O)c2ncc[nH]c2=O)C[C@@H](NC(=O)CC[C@H]2CCCC(=O)N2)C1,
82862,CC[C@@H](C)CCCC(=O)N1C[C@H]2[C@@H](C1)[C@@H]2C(=O)N1CCN2C(=O)OC[C@H]2C1,"(6R)-4-(((1R,5S,6R)-3-((5R)-5-methyl-1-oxoheptyl)-3-azabicyclo[3.1.0]hexan-6-yl)carbonyl)-8-oxa-1,4-diazabicyclo[4.3.0]nonan-9-one",,CC[C@@H](C)CCCC(=O)N1C[C@@H]2C(C(=O)N3CCN4C(=O)OC[C@H]4C3)[C@@H]2C1,
82902,CC(C)CCC(=O)NCC(=O)N(C)[C@H]1[C@@H]2CN(C(=O)[C@@H]3CC34CCSCC4)C[C@@H]21,"4-methyl-N-(2-oxo-2-(((1R,5S,6S)-3-((oxo)-(1R)-6-thiaspiro[2.5]octan-1-ylmethyl)-3-azabicyclo[3.1.0]hexan-6-yl)(methyl)amino)ethyl)pentanamide",,CC(C)CCC(=O)NCC(=O)N(C)[C@H]1[C@@H]2CN(C(=O)C3CC34CCSCC4)C[C@@H]21,
82912,C[C@@H]1CN(C(=O)C(C)(C)CF)C[C@@]2(CCN(C(=O)[C@@H]3[C@H]4CCC[C@H]43)C2)O1,"1-((5S,7R)-2-(((1R,5S,6r)-bicyclo[3.1.0]hexan-6-yl)carbonyl)-7-methyl-6-oxa-2,9-diazaspiro[4.5]decan-9-yl)-3-fluoro-2,2-dimethylpropan-1-one",,C[C@@H]1CN(C(=O)C(C)(C)CF)C[C@@]2(CCN(C(=O)C3[C@H]4CCC[C@@H]34)C2)O1,
82936,CN(C)CC1(C(=O)N(C)[C@H]2C[C@@H]3CC[C@H](C2)N3C(=O)C2(n3cccn3)CC2)CC1,"1-((dimethylamino)methyl)-N-methyl-N-((1R,3s,5S)-8-((1-(1H-pyrazol-1-yl)cyclopropyl)carbonyl)-8-azabicyclo[3.2.1]octan-3-yl)cyclopropanecarboxamide",,CN(C)CC1(C(=O)N(C)[C@@H]2C[C@H]3CC[C@@H](C2)N3C(=O)C2(n3cccn3)CC2)CC1,
82982,N#Cc1c[nH]ccc1=NC[C@H]1[C@@H]2CN(C(=O)[C@@H]3CCCC[C@@H]3O)C[C@H]12,"4-((((1R,5S,6R)-3-(((1R,2S)-2-hydroxycyclohexyl)carbonyl)-3-azabicyclo[3.1.0]hexan-6-yl)methyl)imino)-1H-pyridine-3-carbonitrile",,N#Cc1cnccc1NC[C@@H]1[C@H]2CN(C(=O)C3CCCC[C@@H]3O)C[C@@H]12,
82998,CC12CCC(C(=O)NC[C@@H]3C=CCN3C(=O)[C@@H]3[C@H]4CCCC[C@H]43)(CC1)C(C)(C)O2,"N-(((2S)-1-(((1R,6S,7r)-bicyclo[4.1.0]heptan-7-yl)carbonyl)-2,5-dihydro-1H-pyrrol-2-yl)methyl)-1,3,3-trimethyl-2-oxabicyclo[2.2.2]octane-4-carboxamide",,CC12CCC(C(=O)NC[C@@H]3C=CCN3C(=O)C3[C@H]4CCCC[C@@H]34)(CC1)C(C)(C)O2,
83027,CS[C@H](C(=O)N[C@H]1C[C@](C)(NC(=O)CN(C)C2CCCC2)C1)C1CC1,"(2S)-N-((1r,3S)-3-(2-((cyclopentyl)(methyl)amino)acetamido)-3-methylcyclobutyl)-2-cyclopropyl-2-(methylsulfanyl)acetamide",,CSC(C(=O)N[C@H]1C[C@](C)(NC(=O)CN(C)C2CCCC2)C1)C1CC1,
83130,Cc1cnn(CC(=O)N2CCC[C@H]2[C@H]2CCN(C(=O)[C@@H]3C[C@@H]4C[C@@H]4C3)C2)c1,"1-((2S)-2-((3S)-1-(((1R,3r,5S)-bicyclo[3.1.0]hexan-3-yl)carbonyl)pyrrolidin-3-yl)pyrrolidin-1-yl)-2-(4-methyl-1H-pyrazol-1-yl)ethan-1-one",,Cc1cnn(CC(=O)N2CCC[C@H]2[C@H]2CCN(C(=O)C3C[C@@H]4C[C@@H]4C3)C2)c1,
83180,Cc1cc(F)ncc1NC(=O)[C@@H]1COCCN(C(=O)[C@H]2C[C@H]3[C@@H](C2)C3(F)F)C1,"(6S)-4-(((1R,3s,5S)-6,6-difluorobicyclo[3.1.0]hexan-3-yl)carbonyl)-N-(6-fluoro-4-methylpyridin-3-yl)-1,4-oxazepane-6-carboxamide",,Cc1cc(F)ncc1NC(=O)C1COCCN(C(=O)C2C[C@@H]3[C@H](C2)C3(F)F)C1,
83197,Cc1cccnc1C(=O)NC[C@@H]1C[C@@H]2CC[C@H](C1)N2C(=O)CN1CC[C@@H]1C,"3-methyl-N-(((1R,3S,5S)-8-(2-((2S)-2-methylazetidin-1-yl)-acetyl)-8-azabicyclo[3.2.1]octan-3-yl)methyl)pyridine-2-carboxamide",,Cc1cccnc1C(=O)NC[C@H]1C[C@H]2CC[C@@H](C1)N2C(=O)CN1CC[C@@H]1C,
83215,CC(=O)NCC(=O)NCC(=O)NC[C@]1(F)C[C@H](CNC(=O)[C@@H]2C(F)(F)C23CC3)C1,"2-acetamido-N-(2-((((1R,3r)-3-(((1R)-2,2-difluorospiro[2.2]pentane-1-carboxamido)methyl)-1-fluorocyclobutyl)methyl)amino)-2-oxoethyl)acetamide",,CC(=O)NCC(=O)NCC(=O)NC[C@]1(F)C[C@H](CNC(=O)C2C(F)(F)C23CC3)C1,
83231,C#CC[C@]1(O)C[C@@H](C(=O)N[C@@H]2CCN(C(=O)C(=O)C(C)(C)CC)C2(C)C)C1,"(1s,3S)-N-((3R)-1-(3,3-dimethyl-1,2-dioxopentyl)-2,2-dimethylpyrrolidin-3-yl)-3-hydroxy-3-(prop-2-yn-1-yl)cyclobutanecarboxamide",,C#CCC1(O)CC(C(=O)N[C@@H]2CCN(C(=O)C(=O)C(C)(C)CC)C2(C)C)C1,
83232,O=C(C=Cc1cccs1)NC[C@H]1C[C@@](F)(CNC(=O)[C@H]2C[C@@H]3CC[C@H](C2)O3)C1,"N-(((1r,3r)-3-fluoro-3-(((1R,3s,5S)-8-oxabicyclo[3.2.1]octane-3-carboxamido)methyl)cyclobutyl)methyl)-3-(thiophen-2-yl)prop-2-enamide",,O=C(C=Cc1cccs1)NC[C@H]1C[C@@](F)(CNC(=O)C2C[C@H]3CC[C@@H](C2)O3)C1,
83269,C=CCCC[C@@H](NC(=O)[C@H]1C[C@@H]2CC[C@H](C1)O2)C(=O)NCC1(C(=O)OC)CCC1,"methyl 1-(((2R)-2-((1R,3s,5S)-8-oxabicyclo[3.2.1]octane-3-carboxamido)hept-6-enamido)methyl)cyclobutanecarboxylate",,C=CCCCC(NC(=O)C1C[C@H]2CC[C@@H](C1)O2)C(=O)NCC1(C(=O)OC)CCC1,
83273,CCCN(CCNC(=O)[C@H]1CC[C@@](C)(F)CC1)C(=O)C[C@@H]1COC(C)(C)CO1,"(1s,4S)-4-fluoro-4-methyl-N-(2-(N-propyl-2-((2R)-5,5-dimethyl-1,4-dioxan-2-yl)acetamido)ethyl)cyclohexanecarboxamide",,CCCN(CCNC(=O)C1CCC(C)(F)CC1)C(=O)C[C@@H]1COC(C)(C)CO1,
83288,CCCCCCCC(=O)N1C[C@H]2[C@H](NC(=O)c3ccc(C)nc3N)[C@H]2C1,"2-amino-6-methyl-N-((1R,5S,6s)-3-(1-oxooctyl)-3-azabicyclo[3.1.0]hexan-6-yl)pyridine-3-carboxamide",,CCCCCCCC(=O)N1C[C@@H]2[C@H](C1)[C@H]2NC(=O)c1ccc(C)nc1N,
83315,CC(=O)N1CC[C@@H](C(=O)NC[C@H]2C[C@](F)(CNC(=O)[C@@H]3CCC4(CCC4)O3)C2)C1,"(3R)-1-(acetyl)-N-(((1R,3S)-3-fluoro-3-(((6S)-5-oxaspiro[3.4]octane-6-carboxamido)methyl)cyclobutyl)methyl)pyrrolidine-3-carboxamide",,CC(=O)N1CCC(C(=O)NC[C@H]2C[C@](F)(CNC(=O)C3CCC4(CCC4)O3)C2)C1,
83341,NC(=O)CCC(=O)N[C@@H]1C[C@@H]2C[C@H](NC(=O)[C@H]3C[C@@H]4CC[C@H](C3)N4C3CC3)[C@H]1C2,"N'-((1S,2R,4R,6S)-6-((1R,3s,5S)-8-cyclopropyl-8-azabicyclo[3.2.1]octane-3-carboxamido)bicyclo[2.2.1]heptan-2-yl)butanediamide",,NC(=O)CCC(=O)N[C@@H]1C[C@H]2C[C@@H]1[C@@H](NC(=O)C1C[C@H]3CC[C@@H](C1)N3C1CC1)C2,
83423,CC[C@@H](C(=O)N1C[C@H]2[C@H](Nc3ncc4c(n3)CCCC4)[C@H]2C1)c1ccc(F)cc1,"(2R)-2-(4-fluorophenyl)-1-((1R,5S,6S)-6-((5,6,7,8-tetrahydroquinazolin-2-yl)amino)-3-azabicyclo[3.1.0]hexan-3-yl)butan-1-one",,CCC(C(=O)N1C[C@@H]2[C@H](C1)[C@H]2Nc1ncc2c(n1)CCCC2)c1ccc(F)cc1,
83426,CC(C)c1cc(C(=O)N(C)CCCCCNC(=O)[C@@H]2[C@H]3[C@@H]4CC[C@@H](C4)[C@H]32)n[nH]1,"N-methyl-5-(propan-2-yl)-N-(5-((1R,2S,3r,4R,5S)-tricyclo[3.2.1.0^{2,4}]octane-3-carboxamido)pentyl)-1H-pyrazole-3-carboxamide",,CC(C)c1cc(C(=O)N(C)CCCCCNC(=O)C2[C@@H]3[C@H]4CC[C@H](C4)[C@H]23)[nH]n1,
83429,CN(C)c1nc(C(=O)N2C[C@H]3[C@H](NC(=O)C[C@@H]4CCOC4(C)C)[C@H]3C2)co1,"N-((1R,5S,6s)-3-((2-(dimethylamino)-1,3-oxazol-4-yl)carbonyl)-3-azabicyclo[3.1.0]hexan-6-yl)-2-((3S)-2,2-dimethyloxolan-3-yl)acetamide",,CN(C)c1nc(C(=O)N2C[C@@H]3[C@H](C2)[C@H]3NC(=O)C[C@@H]2CCOC2(C)C)co1,
83444,CC[C@@H](C#N)C(=O)N1CCC(CNC(=O)[C@H]2CC[C@H]3C[C@H]3CC2)(C2CCC2)CC1,"(1R,4s,7S)-N-((1-((2S)-2-cyano-butyryl)-4-cyclobutylpiperidin-4-yl)methyl)bicyclo[5.1.0]octane-4-carboxamide",,CCC(C#N)C(=O)N1CCC(CNC(=O)C2CC[C@@H]3C[C@@H]3CC2)(C2CCC2)CC1,
83532,COc1ccc(C(=O)N[C@H]2[C@@H]3CN(C(=O)COCCCF)C[C@@H]32)cc1Br,"3-bromo-N-((1R,5S,6s)-3-(2-((3-fluoropropyl)oxy)-acetyl)-3-azabicyclo[3.1.0]hexan-6-yl)-4-methoxybenzamide",,COc1ccc(C(=O)N[C@H]2[C@@H]3CN(C(=O)COCCCF)C[C@@H]32)cc1Br,
83610,CN(C(=O)C[C@H]1CC=CCC1)[C@H]1[C@@H]2CN(C(=O)C(C)(C)Nc3ccccn3)C[C@@H]21,"2-((1R)-cyclohex-3-en-1-yl)-N-methyl-N-((1R,5S,6s)-3-(2-methyl-1-oxo-2-((pyridin-2-yl)amino)propyl)-3-azabicyclo[3.1.0]hexan-6-yl)acetamide",,CN(C(=O)C[C@H]1CC=CCC1)[C@H]1[C@@H]2CN(C(=O)C(C)(C)Nc3ccccn3)C[C@@H]21,
83641,CC=C(F)C(=O)N[C@H]1[C@@H]2CN(C(=O)CCN3C=NN=N3)C[C@@H]21,"2-fluoro-N-((1R,5S,6s)-3-(1-oxo-3-(1H-tetrazol-1-yl)propyl)-3-azabicyclo[3.1.0]hexan-6-yl)but-2-enamide",,CC=C(F)C(=O)N[C@H]1[C@@H]2CN(C(=O)CCn3cnnn3)C[C@@H]21,
83743,CC(C)=CCCC(=O)N1C[C@H]2[C@H](NC(=O)[C@@]3(Br)CC34CCC4)[C@H]2C1,"(1R)-1-bromo-N-((1R,5S,6s)-3-(5-methyl-1-oxohex-4-en-1-yl)-3-azabicyclo[3.1.0]hexan-6-yl)spiro[2.3]hexane-1-carboxamide",,CC(C)=CCCC(=O)N1C[C@@H]2[C@H](C1)[C@H]2NC(=O)[C@@]1(Br)CC12CCC2,
83744,CC(F)(F)C(=O)N[C@H]1[C@@H]2CN(C(=O)C34CCC(CO)(CC3)C4)C[C@@H]21,"2,2-difluoro-N-((1R,5S,6s)-3-((4-(hydroxymethyl)bicyclo[2.2.1]heptan-1-yl)carbonyl)-3-azabicyclo[3.1.0]hexan-6-yl)propanamide",,CC(F)(F)C(=O)N[C@H]1[C@@H]2CN(C(=O)C34CCC(CO)(CC3)C4)C[C@@H]21,
83754,CC[C@]1(C(=O)N2CC=C[C@H](NC(=O)Cc3ccc(F)cc3C)C2)CC[C@@H](O)CC1,"N-((3S)-1-(((1s,4R)-1-ethyl-4-hydroxycyclohexyl)carbonyl)-1,2,3,6-tetrahydropyridin-3-yl)-2-(4-fluoro-2-methylphenyl)acetamide",,CC[C@]1(C(=O)N2CC=C[C@H](NC(=O)Cc3ccc(F)cc3C)C2)CC[C@@H](O)CC1,
83793,C[C@H]1CCCn2c(CC(=O)N3C[C@H]4[C@H](CNC(=O)C=C5CC5)[C@H]4C3)cnc21,"2-cyclopropylidene-N-(((1R,5S,6S)-3-(2-((8S)-8-methyl-5,6,7,8-tetrahydroimidazo[1,2-a]pyridin-3-yl)-acetyl)-3-azabicyclo[3.1.0]hexan-6-yl)methyl)acetamide",,C[C@H]1CCCn2c(CC(=O)N3C[C@@H]4[C@@H](CNC(=O)C=C5CC5)[C@@H]4C3)cnc21,
83818,CN(C)[C@H](CO)C(=O)N[C@]1(C)C[C@@H](NC(=O)c2ccnn2C(F)F)C1,"(2R)-N-((1r,3R)-3-(1-(difluoromethyl)-1H-pyrazole-5-carboxamido)-1-methylcyclobutyl)-2-(dimethylamino)-3-hydroxypropanamide",,CN(C)C(CO)C(=O)N[C@]1(C)C[C@@H](NC(=O)c2ccnn2C(F)F)C1,
83870,Cc1cc(C(F)F)n(CC(=O)N2C[C@H]3[C@H](CNC(=O)COC(F)(F)F)[C@H]3C2)n1,"N-(((1R,5S,6r)-3-(2-(5-(difluoromethyl)-3-methyl-1H-pyrazol-1-yl)-acetyl)-3-azabicyclo[3.1.0]hexan-6-yl)methyl)-2-((trifluoromethyl)oxy)acetamide",,Cc1cc(C(F)F)n(CC(=O)N2C[C@@H]3[C@@H](CNC(=O)COC(F)(F)F)[C@@H]3C2)n1,
83889,C[C@@H]1CCC[C@]1(NC(=O)[C@@H]1[C@H]2CC(=O)C[C@H]21)C(=O)NCC1(C(N)=O)CC1,"(1R,5S,6r)-N-((1R,2R)-1-(((1-carbamoylcyclopropyl)methyl)carbamoyl)-2-methylcyclopentyl)-3-oxobicyclo[3.1.0]hexane-6-carboxamide",,C[C@@H]1CCC[C@]1(NC(=O)C1[C@H]2CC(=O)C[C@@H]12)C(=O)NCC1(C(N)=O)CC1,
84040,CC(C)(CNC(=O)[C@]1(NC(=O)C(Cl)Cl)C[C@@H](O)C1)C1=CCCC1,"(1s,3s)-N-(2-(cyclopent-1-en-1-yl)-2-methylpropyl)-1-(2,2-dichloroacetamido)-3-hydroxycyclobutanecarboxamide",,CC(C)(CNC(=O)[C@]1(NC(=O)C(Cl)Cl)C[C@@H](O)C1)C1=CCCC1,
84062,CCSCCC(=O)N1C[C@H]2[C@H](N(C)C(=O)c3cnc4n3CCC4)[C@H]2C1,"N-((1R,5S,6s)-3-(3-(ethylsulfanyl)-propionyl)-3-azabicyclo[3.1.0]hexan-6-yl)-N-methyl-1,4-diazabicyclo[3.3.0]octa-2,4-diene-2-carboxamide",,CCSCCC(=O)N1C[C@@H]2[C@H](C1)[C@H]2N(C)C(=O)c1cnc2n1CCC2,
84065,Cc1c(C(=O)N2CC[C@H]3[C@@H](CC2)[C@@H]3NC(=O)c2cn(C)nc2C(F)F)cnn1C,"3-(difluoromethyl)-N-((1R,7S,8r)-4-((1,5-dimethyl-1H-pyrazol-4-yl)carbonyl)-4-azabicyclo[5.1.0]octan-8-yl)-1-methyl-1H-pyrazole-4-carboxamide",,Cc1c(C(=O)N2CC[C@@H]3[C@H](CC2)[C@H]3NC(=O)c2cn(C)nc2C(F)F)cnn1C,
84068,CCc1nnsc1C(=O)N1C[C@H](C)[C@@H](NC(=O)CNC(=O)CNC(C)=O)[C@H](C)C1,"2-acetamido-N-(2-(((3R,4r,5S)-1-((4-ethyl-1,2,3-thiadiazol-5-yl)carbonyl)-3,5-dimethylpiperidin-4-yl)amino)-2-oxoethyl)acetamide",,CCc1nnsc1C(=O)N1C[C@@H](C)[C@H](NC(=O)CNC(=O)CNC(C)=O)[C@@H](C)C1,
84108,C#CCSCC(=O)N(C)[C@H]1C[C@@H]2CC[C@H](C1)N2C(=O)c1ccc(C2CC2)nc1C,"N-((1R,3s,5S)-8-((6-cyclopropyl-2-methylpyridin-3-yl)carbonyl)-8-azabicyclo[3.2.1]octan-3-yl)-N-methyl-2-((prop-2-yn-1-yl)sulfanyl)acetamide",,C#CCSCC(=O)N(C)[C@@H]1C[C@H]2CC[C@@H](C1)N2C(=O)c1ccc(C2CC2)nc1C,
84199,CC[C@@H](O)C(=O)N[C@H]1C[C@H]2COC[C@@H](C1)N2C(=O)CCSC(F)(F)F,"(2R)-2-hydroxy-N-((1R,5S,7s)-9-(1-oxo-3-((trifluoromethyl)sulfanyl)propyl)-3-oxa-9-azabicyclo[3.3.1]nonan-7-yl)butanamide",,CCC(O)C(=O)N[C@H]1C[C@H]2COC[C@@H](C1)N2C(=O)CCSC(F)(F)F,
84217,O=C(N[C@H]1C[C@](F)(CNC(=O)[C@@H]2CCCc3n[nH]cc32)C1)[C@@H](O)C1CC1,"(2S)-2-cyclopropyl-N-((1S,3R)-3-fluoro-3-(((4R)-4,5,6,7-tetrahydro-2H-indazole-4-carboxamido)methyl)cyclobutyl)-2-hydroxyacetamide",,O=C(NC[C@]1(F)C[C@@H](NC(=O)C(O)C2CC2)C1)C1CCCc2[nH]ncc21,
84325,CN(C)[C@@H](C(=O)NCC1(CCCNC(=O)C[C@@H]2C[C@H]3C[C@H]3C2)CCCC1)C1CC1,"(2R)-N-((1-(3-(2-((1R,3s,5S)-bicyclo[3.1.0]hexan-3-yl)acetamido)propyl)cyclopentyl)methyl)-2-cyclopropyl-2-(dimethylamino)acetamide",,CN(C)C(C(=O)NCC1(CCCNC(=O)C[C@H]2C[C@@H]3C[C@@H]3C2)CCCC1)C1CC1,
84333,CC(C)(CC(=O)N1C[C@@H](CNC(=O)[C@@H]2[C@H]3COC[C@H]32)CC12CCC2)C1CC1,"(1R,5S,6r)-N-(((7R)-5-(3-cyclopropyl-3-methyl-butyryl)-5-azaspiro[3.4]octan-7-yl)methyl)-3-oxabicyclo[3.1.0]hexane-6-carboxamide",,CC(C)(CC(=O)N1C[C@@H](CNC(=O)C2[C@H]3COC[C@@H]23)CC12CCC2)C1CC1,
84353,CN(C(=O)C[C@H]1CCS(=O)(=O)C1)[C@@H]1CN(C(=O)[C@H]2C[C@@](C)(O)C2)CC1(C)C,"2-((3S)-1,1-dioxothiolan-3-yl)-N-((3S)-1-(((1s,3R)-3-hydroxy-3-methylcyclobutyl)carbonyl)-4,4-dimethylpyrrolidin-3-yl)-N-methylacetamide",,CN(C(=O)C[C@H]1CCS(=O)(=O)C1)[C@@H]1CN(C(=O)C2CC(C)(O)C2)CC1(C)C,
84416,CCCC1CC(C(=O)N[C@H]2[C@@H]3CN(C(=O)c4c(Cl)cnn4C)C[C@@H]32)C1,"N-((1R,5S,6s)-3-((4-chloro-1-methyl-1H-pyrazol-5-yl)carbonyl)-3-azabicyclo[3.1.0]hexan-6-yl)-3-propylcyclobutanecarboxamide",,CCCC1CC(C(=O)N[C@H]2[C@@H]3CN(C(=O)c4c(Cl)cnn4C)C[C@@H]32)C1,
84423,C[C@@H](C(=O)NC[C@]1(F)CC[C@H](CNC(=O)c2cc(Cl)c[nH]2)CC1)n1ccnn1,"(2S)-N-(((1r,4S)-4-((4-chloro-1H-pyrrole-2-carboxamido)methyl)-1-fluorocyclohexyl)methyl)-2-(1H-1,2,3-triazol-1-yl)propanamide",,CC(C(=O)NC[C@]1(F)CC[C@H](CNC(=O)c2cc(Cl)c[nH]2)CC1)n1ccnn1,
84449,C[C@H](C(=O)N1[C@H]2CC[C@@H]1C[C@H](NC(=O)[C@]13CCCCN1CCC3)C2)n1ccnc1,"(8aR)-N-((1R,3R,5S)-8-((2R)-2-(1H-imidazol-1-yl)-propionyl)-8-azabicyclo[3.2.1]octan-3-yl)-1,2,3,5,6,7,8,8a-octahydroindolizine-8a-carboxamide",,CC(C(=O)N1[C@@H]2CC[C@H]1C[C@@H](NC(=O)[C@]13CCCCN1CCC3)C2)n1ccnc1,
84504,CC(C)c1nc(C(=O)NCc2ncccc2CNC(=O)[C@H]2C[C@@H]3C[C@@H]3C2)cs1,"N-((3-(((1R,3s,5S)-bicyclo[3.1.0]hexane-3-carboxamido)methyl)pyridin-2-yl)methyl)-2-(propan-2-yl)-1,3-thiazole-4-carboxamide",,CC(C)c1nc(C(=O)NCc2ncccc2CNC(=O)C2C[C@@H]3C[C@@H]3C2)cs1,
84508,C=C[C@@H]1CC[C@H]1C(=O)N(C)C[C@H]1[C@@H]2CN(C(=O)c3cc(C)nc4ccnn34)C[C@H]12,"(1R,2S)-2-ethenyl-N-methyl-N-(((1R,5S,6r)-3-((5-methylpyrazolo[1,5-a]pyrimidin-7-yl)carbonyl)-3-azabicyclo[3.1.0]hexan-6-yl)methyl)cyclobutanecarboxamide",,C=C[C@@H]1CCC1C(=O)N(C)C[C@@H]1[C@H]2CN(C(=O)c3cc(C)nc4ccnn34)C[C@@H]12,
84526,Cc1nc(C(=O)NC[C@@H]2CN(C(=O)[C@H]3CC[C@@](C)(F)CC3)C3(CCC3)C2)cs1,"N-(((7R)-5-(((1s,4S)-4-fluoro-4-methylcyclohexyl)carbonyl)-5-azaspiro[3.4]octan-7-yl)methyl)-2-methyl-1,3-thiazole-4-carboxamide",,Cc1nc(C(=O)NC[C@@H]2CN(C(=O)C3CCC(C)(F)CC3)C3(CCC3)C2)cs1,
84543,C[C@H](C1CC1)N(C(=O)CCCCCCNC(=O)[C@H]1C[C@@H]2CC[C@H](C1)O2)C1CC1,"N-cyclopropyl-N-((1R)-1-cyclopropylethyl)-7-((1R,3s,5S)-8-oxabicyclo[3.2.1]octane-3-carboxamido)heptanamide",,C[C@H](C1CC1)N(C(=O)CCCCCCNC(=O)C1C[C@H]2CC[C@@H](C1)O2)C1CC1,
84613,Cc1occc1CC(=O)N[C@H]1C[C@](F)(CNC(=O)C2=Cc3ccccc3[C@@H]2C)C1,"N-((1R,3s)-3-fluoro-3-(((1S)-1-methyl-1H-indene-2-carboxamido)methyl)cyclobutyl)-2-(2-methylfuran-3-yl)acetamide",,Cc1occc1CC(=O)N[C@H]1C[C@](F)(CNC(=O)C2=Cc3ccccc3[C@@H]2C)C1,
84689,CC(C)=C(F)C(=O)N1C[C@H]2[C@H](NC(=O)[C@H]3CCC(=O)N3C3CC3)[C@H]2C1,"(2R)-1-cyclopropyl-N-((1R,5S,6s)-3-(2-fluoro-3-methyl-1-oxobut-2-en-1-yl)-3-azabicyclo[3.1.0]hexan-6-yl)-5-oxopyrrolidine-2-carboxamide",,CC(C)=C(F)C(=O)N1C[C@@H]2[C@H](C1)[C@H]2NC(=O)C1CCC(=O)N1C1CC1,
84693,CCCN(CCNC(=O)[C@H]1C[C@H]2[C@@H](C1)C2(C)C)C(=O)c1ccnc(NC(C)=O)c1,"2-acetamido-N-(2-((1R,3s,5S)-6,6-dimethylbicyclo[3.1.0]hexane-3-carboxamido)ethyl)-N-propylpyridine-4-carboxamide",,CCCN(CCNC(=O)C1C[C@@H]2[C@H](C1)C2(C)C)C(=O)c1ccnc(NC(C)=O)c1,
84774,Cc1cc(C)c(C(=O)N[C@H]2C[C@](C)(NC(=O)C(F)=C3CCCCC3)C2)s1,"N-((1r,3r)-3-(2-cyclohexylidene-2-fluoroacetamido)-3-methylcyclobutyl)-3,5-dimethylthiophene-2-carboxamide",,Cc1cc(C)c(C(=O)N[C@H]2C[C@](C)(NC(=O)C(F)=C3CCCCC3)C2)s1,
84840,O=C(Cc1cnn(C2CC2)c1)N[C@H]1C[C@@H]2CC[C@H](C1)N2C(=O)c1ccc(=O)oc1,"2-(1-cyclopropyl-1H-pyrazol-4-yl)-N-((1R,3s,5S)-8-((2-oxopyran-5-yl)carbonyl)-8-azabicyclo[3.2.1]octan-3-yl)acetamide",,O=C(Cc1cnn(C2CC2)c1)N[C@@H]1C[C@H]2CC[C@@H](C1)N2C(=O)c1ccc(=O)oc1,
84851,CO[C@@H]1C[C@H](CNC(=O)CCCF)N(C(=O)[C@@H]2[C@H]3CN(C)C[C@H]32)C1,"4-fluoro-N-(((2R,4R)-4-methoxy-1-(((1R,5S,6r)-3-methyl-3-azabicyclo[3.1.0]hexan-6-yl)carbonyl)pyrrolidin-2-yl)methyl)butanamide",,CO[C@@H]1C[C@H](CNC(=O)CCCF)N(C(=O)C2[C@H]3CN(C)C[C@@H]23)C1,
84907,Cc1cccc(C(=O)NCC(=O)N[C@H]2C[C@@](F)(CNC(=O)C(F)=CC3CC3)C2)c1,"N-(2-(((1r,3r)-3-((3-cyclopropyl-2-fluoroprop-2-enamido)methyl)-3-fluorocyclobutyl)amino)-2-oxoethyl)-3-methylbenzamide",,Cc1cccc(C(=O)NCC(=O)N[C@H]2C[C@@](F)(CNC(=O)C(F)=CC3CC3)C2)c1,
84939,Cc1csc(CC(=O)N2C[C@H]3C[C@@H](C(=O)NC[C@H]4CNC(=O)C4)C[C@H]3C2)c1,"(1R,5S,7r)-3-(2-(4-methylthiophen-2-yl)-acetyl)-N-(((3R)-5-oxopyrrolidin-3-yl)methyl)-3-azabicyclo[3.3.0]octane-7-carboxamide",,Cc1csc(CC(=O)N2C[C@H]3CC(C(=O)NC[C@H]4CNC(=O)C4)C[C@H]3C2)c1,
84974,CN(C(=O)[C@H]1CCCC1(C)C)[C@H]1[C@@H]2CN(C(=O)C(C(F)(F)F)C(F)(F)F)C[C@@H]21,"(1S)-2,2,N-trimethyl-N-((1R,5S,6s)-3-(3,3,3-trifluoro-1-oxo-2-(trifluoromethyl)propyl)-3-azabicyclo[3.1.0]hexan-6-yl)cyclopentanecarboxamide",,CN(C(=O)C1CCCC1(C)C)[C@H]1[C@@H]2CN(C(=O)C(C(F)(F)F)C(F)(F)F)C[C@@H]21,
85019,CCN(CC)CC(=O)N[C@H]1C[C@](C)(NC(=O)CSCc2ccccc2)C1,"N-((1r,3r)-3-(2-(benzylsulfanyl)acetamido)-3-methylcyclobutyl)-2-(diethylamino)acetamide",,CCN(CC)CC(=O)N[C@H]1C[C@](C)(NC(=O)CSCc2ccccc2)C1,
85079,C=CC[C@@H](NC(=O)COCCCC)C(=O)N(C)[C@H]1C[C@@H]2C[C@@H]2C1,"(2R)-N-((1R,3s,5S)-bicyclo[3.1.0]hexan-3-yl)-2-(2-butoxyacetamido)-N-methylpent-4-enamide",,C=CCC(NC(=O)COCCCC)C(=O)N(C)[C@@H]1C[C@H]2C[C@H]2C1,
85085,Cn1nnc(/C=C/C(=O)NC[C@H]2[C@@H]3CN(C(=O)c4cccc(F)c4F)C[C@H]23)n1,"(2E)-N-(((1R,5S,6r)-3-((2,3-difluorophenyl)carbonyl)-3-azabicyclo[3.1.0]hexan-6-yl)methyl)-3-(2-methyl-2H-tetrazol-5-yl)prop-2-enamide",,Cn1nnc(/C=C/C(=O)NC[C@@H]2[C@H]3CN(C(=O)c4cccc(F)c4F)C[C@@H]23)n1,
85099,CC(C)CC(=O)NCC(=O)NCCNC(=O)[C@H]1C[C@H]2COC[C@H](C2)C1,"3-methyl-N-(2-((2-((1R,5S,7s)-3-oxabicyclo[3.3.1]nonane-7-carboxamido)ethyl)amino)-2-oxoethyl)butanamide",,CC(C)CC(=O)NCC(=O)NCCNC(=O)C1C[C@H]2COC[C@@H](C1)C2,
85116,CO[C@H](C)C(=O)N[C@H]1CC[C@@]2(CC1)CN(C(=O)Cc1nc[nH]n1)CCO2,"(2R)-2-methoxy-N-(4-(1-oxo-2-(1H-1,2,4-triazol-3-yl)ethyl)-1-oxa-4-azaspiro[5.5]undecan-9-yl)propanamide",CO[C@@H](C(=O)NC1CCC2(CN(CCO2)C(CC2=NNC=N2)=O)CC1)C,COC(C)C(=O)N[C@H]1CC[C@@]2(CC1)CN(C(=O)Cc1nc[nH]n1)CCO2,COC(C)C(=O)NC1CCC2(CC1)CN(C(=O)Cc1nc[nH]n1)CCO2
85158,CCc1nc(C)[nH]c1C(=O)N1[C@H]2CC[C@@H]1C[C@@H](CNC(=O)C1=C[C@H]3CCC[C@H]13)C2,"(1R,5S)-N-(((1R,3s,5S)-8-((4-ethyl-2-methyl-1H-imidazol-5-yl)carbonyl)-8-azabicyclo[3.2.1]octan-3-yl)methyl)bicyclo[3.2.0]hept-6-ene-6-carboxamide",,CCc1[nH]c(C)nc1C(=O)N1[C@@H]2CC[C@H]1C[C@H](CNC(=O)C1=C[C@H]3CCC[C@H]13)C2,
85266,C[C@@]1(C(=O)N2C[C@@H](C(=O)N[C@H]3CCn4ncnc4C3)C3(CC3)C2)C[C@@H]2C[C@@H]2C1,"(7S)-5-(((1R,3r,5S)-3-methylbicyclo[3.1.0]hexan-3-yl)carbonyl)-N-((4S)-1,7,9-triazabicyclo[4.3.0]nona-6,8-dien-4-yl)-5-azaspiro[2.4]heptane-7-carboxamide",,C[C@]1(C(=O)N2CC(C(=O)N[C@H]3CCn4ncnc4C3)C3(CC3)C2)C[C@H]2C[C@H]2C1,
85267,O=C([C@@H](O)C1CC1)N1CC2(C[C@H](NC(=O)[C@H]3C[C@H](O)C3)c3nccn32)C1,"trans-3-hydroxy-N-((6S)-spiro[1,4-diazabicyclo[3.3.0]octa-2,4-diene-8,3'-((2S)-1-(1-azacyclobutan-1-yl)-2cyclopropyl-2-hydroxyethane)]-6-yl-1'-one)cyclobutanecarboxamide",,O=C(N[C@H]1CC2(CN(C(=O)C(O)C3CC3)C2)n2ccnc21)C1CC(O)C1,
85318,C[C@@H](C(=O)NC(C)(C)CCNC(=O)[C@@H]1[C@H]2CN(C)C[C@H]21)C(=O)OC(C)(C)C,"tert-butyl (2S)-2-((2-methyl-4-((1R,5S,6r)-3-methyl-3-azabicyclo[3.1.0]hexane-6-carboxamido)butan-2-yl)carbamoyl)propanoate",,CC(C(=O)NC(C)(C)CCNC(=O)C1[C@H]2CN(C)C[C@@H]12)C(=O)OC(C)(C)C,
85323,Cc1nc(=N)[nH]cc1C(=O)N1C[C@H]2[C@H](NC(=O)C3(c4cc[nH]n4)CC3)[C@H]2C1,"N-((1R,5S,6s)-3-((2-imino-4-methyl-1H-pyrimidin-5-yl)carbonyl)-3-azabicyclo[3.1.0]hexan-6-yl)-1-(1H-pyrazol-3-yl)cyclopropanecarboxamide",,Cc1nc(N)ncc1C(=O)N1C[C@@H]2[C@H](C1)[C@H]2NC(=O)C1(c2cc[nH]n2)CC1,
85330,Cc1cc(CC(=O)N2[C@H]3CC[C@@H]2C[C@@H](NC(=O)c2cc(Cl)c(O)cc2O)C3)no1,"5-chloro-2,4-dihydroxy-N-((1R,3s,5S)-8-(2-(5-methyl-1,2-oxazol-3-yl)-acetyl)-8-azabicyclo[3.2.1]octan-3-yl)benzamide",,Cc1cc(CC(=O)N2[C@@H]3CC[C@H]2C[C@H](NC(=O)c2cc(Cl)c(O)cc2O)C3)no1,
85335,Cc1cccc([C@H](C)C(=O)N2C[C@H]3[C@H](NC(=O)[C@@]4(C)C[C@@H]4C)[C@H]3C2)c1,"(1S,2S)-1,2-dimethyl-N-((1R,5S,6R)-3-((2S)-2-(3-methylphenyl)-propionyl)-3-azabicyclo[3.1.0]hexan-6-yl)cyclopropanecarboxamide",,Cc1cccc(C(C)C(=O)N2C[C@@H]3[C@H](C2)[C@H]3NC(=O)[C@@]2(C)C[C@@H]2C)c1,
85362,O=C(NC[C@H]1[C@@H]2CN(C(=O)c3ns[nH]c3=O)C[C@H]12)c1ccnc(C2CC2)c1,"2-cyclopropyl-N-(((1R,5S,6r)-3-((4-oxo-5H-1,2,5-thiadiazol-3-yl)carbonyl)-3-azabicyclo[3.1.0]hexan-6-yl)methyl)pyridine-4-carboxamide",,O=C(NC[C@@H]1[C@H]2CN(C(=O)c3ns[nH]c3=O)C[C@@H]12)c1ccnc(C2CC2)c1,
85371,CN(C(=O)c1csnn1)[C@H]1C[C@@H]2CC[C@H](C1)N2C(=O)C[C@H]1CCC(F)(F)C1,"N-((1R,3S,5S)-8-(2-((1R)-3,3-difluorocyclopentyl)-acetyl)-8-azabicyclo[3.2.1]octan-3-yl)-N-methyl-1,2,3-thiadiazole-4-carboxamide",,CN(C(=O)c1csnn1)[C@@H]1C[C@H]2CC[C@@H](C1)N2C(=O)C[C@H]1CCC(F)(F)C1,
85465,C[C@@H](CNC(=O)c1sccc1S(C)(=O)=O)CNC(=O)[C@@H]1CCCc2nnn(C)c21,"(4R)-3-methyl-N-((2R)-2-methyl-3-(3-(methylsulfonyl)thiophene-2-carboxamido)propyl)-4,5,6,7-tetrahydro-1H-benzotriazole-4-carboxamide",CN1NNC2=C1[C@@H](CCC2)C(=O)NC[C@H](CNC(=O)C=2SC=CC2S(=O)(=O)C)C,C[C@@H](CNC(=O)c1sccc1S(C)(=O)=O)CNC(=O)C1CCCc2nnn(C)c21,C[C@@H](CNC(=O)c1sccc1S(C)(=O)=O)CNC(=O)C1CCCC2=C1N(C)NN2
85524,CC[C@@H](C(=O)N1[C@H]2CC[C@@H]1C[C@H](NC(=O)c1snc(Cl)c1Cl)C2)N(CC)CC,"3,4-dichloro-N-((1R,3S,5S)-8-((2S)-2-(diethylamino)-butyryl)-8-azabicyclo[3.2.1]octan-3-yl)-1,2-thiazole-5-carboxamide",,CCC(C(=O)N1[C@@H]2CC[C@H]1C[C@@H](NC(=O)c1snc(Cl)c1Cl)C2)N(CC)CC,
85533,C=C/C=C/CCN=c1[nH]c2cc(Cl)c(S(=O)(=O)N[C@@H]3[C@@H](C)CCC[C@H]3C)cc2s1,"(1r,2R,6S)-N-(5-chloro-2-(((3E)-hexa-3,5-dien-1-yl)imino)-1,3-benzothiazol-6-ylsulfonyl)-2,6-dimethylcyclohexanamine",,C=C/C=C/CCNc1nc2cc(Cl)c(S(=O)(=O)N[C@H]3[C@H](C)CCC[C@@H]3C)cc2s1,
85588,O=C(NC[C@]1(F)C[C@H](CNC(=O)[C@H]2CCNC2=O)C1)c1nsnc1O,"N-(((1S,3r)-1-fluoro-3-(((3S)-2-oxopyrrolidine-3-carboxamido)methyl)cyclobutyl)methyl)-4-hydroxy-1,2,5-thiadiazole-3-carboxamide",,O=C(NC[C@]1(F)C[C@H](CNC(=O)C2CCNC2=O)C1)c1ns[nH]c1=O,
85683,Cc1nc2nccc(C(=O)N[C@@H](CNC(=O)[C@@H]3[C@H]4[C@@H]5CC[C@@H](C5)[C@H]43)C(C)C)n2n1,"2-methyl-N-((2R)-3-methyl-1-((1R,2S,3r,4R,5S)-tricyclo[3.2.1.0^{2,4}]octane-3-carboxamido)butan-2-yl)[1,2,4]triazolo[1,5-a]pyrimidine-7-carboxamide",,Cc1nc2nccc(C(=O)N[C@@H](CNC(=O)C3[C@@H]4[C@H]5CC[C@H](C5)[C@H]34)C(C)C)n2n1,
85731,COc1ccc(C(=O)N2[C@H]3CC[C@@H]2C[C@@H](N(C)C(=O)c2cccn2C)C3)o1,"N-((1R,3s,5S)-8-((5-methoxyfuran-2-yl)carbonyl)-8-azabicyclo[3.2.1]octan-3-yl)-1,N-dimethyl-1H-pyrrole-2-carboxamide",,COc1ccc(C(=O)N2[C@@H]3CC[C@H]2C[C@H](N(C)C(=O)c2cccn2C)C3)o1,
85815,Cc1nc(C)n(O)c1C(=O)N[C@H]1C[C@](F)(CNC(=O)CCN2CCC(O)CC2)C1,"N-((1s,3s)-3-fluoro-3-((3-(4-hydroxypiperidin-1-yl)propanamido)methyl)cyclobutyl)-1-hydroxy-2,4-dimethyl-1H-imidazole-5-carboxamide",,Cc1nc(C)n(O)c1C(=O)N[C@H]1C[C@](F)(CNC(=O)CCN2CCC(O)CC2)C1,
85820,Cc1nc(C)c(C(=O)N2[C@H]3CC[C@@H]2C[C@@H](NC(=O)c2cc(Cl)ncn2)C3)s1,"6-chloro-N-((1R,3s,5S)-8-((2,4-dimethyl-1,3-thiazol-5-yl)carbonyl)-8-azabicyclo[3.2.1]octan-3-yl)pyrimidine-4-carboxamide",,Cc1nc(C)c(C(=O)N2[C@@H]3CC[C@H]2C[C@H](NC(=O)c2cc(Cl)ncn2)C3)s1,
85892,CCC[C@@H](C)CC(=O)N[C@H]1C[C@@](F)(CNc2ncnc3c2nnn3C(C)C)C1,"(3R)-N-((1r,3R)-3-fluoro-3-(((9-(propan-2-yl)-2,4,7,8,9-pentaazabicyclo[4.3.0]nona-1,3,5,7-tetraen-5-yl)amino)methyl)cyclobutyl)-3-methylhexanamide",,CCC[C@@H](C)CC(=O)N[C@H]1C[C@@](F)(CNc2ncnc3c2nnn3C(C)C)C1,
85898,CC1=C(C(=O)N[C@]2(C)C[C@H](NC(=O)C(C3CC3)N(C)C)C2)SC2=CC(F)=CC=C12,"N-((1s,3s)-3-(2-cyclopropyl-2-(dimethylamino)acetamido)-1-methylcyclobutyl)-6-fluoro-3-methyl-1-benzothiophene-2-carboxamide",,Cc1c(C(=O)N[C@]2(C)C[C@H](NC(=O)C(C3CC3)N(C)C)C2)sc2cc(F)ccc12,
85953,CC1(C)C[C@]1(Cl)C(=O)N[C@@H]1C[C@@H]2CC[C@H](C1)N2C(=O)Cc1cncnc1,"(1R)-1-chloro-2,2-dimethyl-N-((1R,3r,5S)-8-(1-oxo-2-(pyrimidin-5-yl)ethyl)-8-azabicyclo[3.2.1]octan-3-yl)cyclopropanecarboxamide",,CC1(C)C[C@]1(Cl)C(=O)N[C@H]1C[C@H]2CC[C@@H](C1)N2C(=O)Cc1cncnc1,
85977,CN1CC[C@@](C)(C(=O)N2[C@H]3CC[C@@H]2C[C@@H](NC(=O)CCC(F)(F)F)C3)C1=O,"N-((1R,3S,5S)-8-(((3R)-1,3-dimethyl-2-oxopyrrolidin-3-yl)carbonyl)-8-azabicyclo[3.2.1]octan-3-yl)-4,4,4-trifluorobutanamide",,CN1CC[C@@](C)(C(=O)N2[C@@H]3CC[C@H]2C[C@H](NC(=O)CCC(F)(F)F)C3)C1=O,
85980,C[C@H]1CN2CCN1C[C@H]2C(=O)N1CC(NC(=O)[C@]2(c3ccccc3)C[C@@H](F)C2)C1,"(1r,3S)-3-fluoro-N-(1-(((2S,5S)-5-methyl-1,4-diazabicyclo[2.2.2]octan-2-yl)carbonyl)azetidin-3-yl)-1-phenylcyclobutanecarboxamide",,C[C@H]1CN2CCN1CC2C(=O)N1CC(NC(=O)[C@]2(c3ccccc3)C[C@@H](F)C2)C1,
86015,Cc1ccc(C(=O)N2C[C@H]3C[C@@H](C(=O)N[C@@H](C)c4nc(C)no4)C[C@H]3C2)cn1,"(1R,5S,7r)-N-((1S)-1-(3-methyl-1,2,4-oxadiazol-5-yl)ethyl)-3-((6-methylpyridin-3-yl)carbonyl)-3-azabicyclo[3.3.0]octane-7-carboxamide",,Cc1ccc(C(=O)N2C[C@H]3CC(C(=O)N[C@@H](C)c4nc(C)no4)C[C@H]3C2)cn1,
86032,C=CC[C@@H](CNC(=O)c1ccc(CC)cc1C)NC(=O)[C@@H]1[C@H]2COC[C@H]21,"(1R,5S,6r)-N-((2S)-1-(4-ethyl-2-methylbenzamido)pent-4-en-2-yl)-3-oxabicyclo[3.1.0]hexane-6-carboxamide",,C=CC[C@@H](CNC(=O)c1ccc(CC)cc1C)NC(=O)C1[C@H]2COC[C@@H]12,
86074,Cc1cc(F)c(C(=O)NCC2(CNC(=O)[C@@]3(C)C[C@H](C)O[C@H](C)C3)CC2)c(Cl)c1,"(2R,4s,6S)-N-((1-((2-chloro-6-fluoro-4-methylbenzamido)methyl)cyclopropyl)methyl)-2,4,6-trimethyloxane-4-carboxamide",,Cc1cc(F)c(C(=O)NCC2(CNC(=O)[C@]3(C)C[C@@H](C)O[C@@H](C)C3)CC2)c(Cl)c1,
86079,CC(C)n1cnc(C(=O)N2CC(CC(C)(C)CNC(=O)[C@@H]3[C@H]4CCC[C@H]43)C2)c1,"(1R,5S,6r)-N-(2,2-dimethyl-3-(1-((1-(propan-2-yl)-1H-imidazol-4-yl)carbonyl)azetidin-3-yl)propyl)bicyclo[3.1.0]hexane-6-carboxamide",,CC(C)n1cnc(C(=O)N2CC(CC(C)(C)CNC(=O)C3[C@H]4CCC[C@@H]34)C2)c1,
86088,Cn1ccc(CCC(=O)N[C@H]2C[C@@](C)(NC(=O)c3cnc(C4CC4)nc3O)C2)c1,"N-((1s,3s)-3-(2-cyclopropyl-4-hydroxypyrimidine-5-carboxamido)-3-methylcyclobutyl)-3-(1-methyl-1H-pyrrol-3-yl)propanamide",,Cn1ccc(CCC(=O)N[C@H]2C[C@@](C)(NC(=O)c3c[nH]c(C4CC4)nc3=O)C2)c1,
86156,COc1cc(F)ccc1NC(=O)[C@@H]1CCCN1C(=O)[C@H]1C[C@H]2[C@@H](C1)C2(F)F,"(2S)-1-(((1R,3s,5S)-6,6-difluorobicyclo[3.1.0]hexan-3-yl)carbonyl)-N-(4-fluoro-2-methoxyphenyl)pyrrolidine-2-carboxamide",,COc1cc(F)ccc1NC(=O)C1CCCN1C(=O)C1C[C@@H]2[C@H](C1)C2(F)F,
86183,CNC(=O)[C@H](NC(=O)C[C@H]1[C@@H]2CN(C(=O)[C@@H](C)CC(=O)OC)C[C@H]12)C(C)C,"methyl (3S)-3-(((1R,5S,6R)-6-(2-(((2R)-3-methyl-1-(methylamino)-1-oxobutan-2-yl)amino)-2-oxoethyl)-3-azabicyclo[3.1.0]hexan-3-yl)carbonyl)butanoate",,CNC(=O)C(NC(=O)C[C@@H]1[C@H]2CN(C(=O)C(C)CC(=O)OC)C[C@@H]12)C(C)C,
86271,CC(=O)N[C@@H]1C[C@@H]2CC[C@H](C1)N2C(=O)Cc1ccc([S@@](C)=O)cc1,"N-((1R,3R,5S)-8-(2-(4-((R)-methylsulfinyl)phenyl)-acetyl)-8-azabicyclo[3.2.1]octan-3-yl)acetamide",,CC(=O)N[C@H]1C[C@H]2CC[C@@H](C1)N2C(=O)Cc1ccc([S@@+](C)[O-])cc1,
86326,Cn1ccnc1C(=O)N[C@@H]1[C@@H]2CN(Cc3ccc(Br)cc3OC(F)(F)F)C[C@@H]21,"N-((1R,5S,6r)-3-((4-bromo-2-((trifluoromethyl)oxy)phenyl)methyl)-3-azabicyclo[3.1.0]hexan-6-yl)-1-methyl-1H-imidazole-2-carboxamide",,Cn1ccnc1C(=O)N[C@@H]1[C@@H]2CN(Cc3ccc(Br)cc3OC(F)(F)F)C[C@@H]21,
86345,Cc1nc(-c2ncc[nH]2)sc1C(=O)N[C@H]1C[C@@H](NC(=O)[C@@H]2CC[C@H]3C[C@H]3CC2)C1,"N-(cis-3-((1R,4r,7S)-bicyclo[5.1.0]octane-4-carboxamido)cyclobutyl)-2-(1H-imidazol-2-yl)-4-methyl-1,3-thiazole-5-carboxamide",,Cc1nc(-c2ncc[nH]2)sc1C(=O)N[C@H]1C[C@@H](NC(=O)C2CC[C@@H]3C[C@@H]3CC2)C1,
86372,O=C(CC=CCc1ccccc1)NCCCNC(=O)[C@H]1C[C@H]2CCC[C@H](C2)C1,"N-(3-((1R,3s,5S)-bicyclo[3.3.1]nonane-3-carboxamido)propyl)-5-phenylpent-3-enamide",,O=C(CC=CCc1ccccc1)NCCCNC(=O)C1C[C@H]2CCC[C@@H](C1)C2,
86454,CO[C@H](F)C(=O)N[C@@H]1C[C@@H]2CC[C@H](C1)N2C(=O)c1cc2ccc(SC)cc2[nH]1,"(2R)-2-fluoro-2-methoxy-N-((1R,3r,5S)-8-((6-(methylsulfanyl)-1H-indol-2-yl)carbonyl)-8-azabicyclo[3.2.1]octan-3-yl)acetamide",,COC(F)C(=O)N[C@H]1C[C@H]2CC[C@@H](C1)N2C(=O)c1cc2ccc(SC)cc2[nH]1,
86497,CN(C[C@H]1[C@@H]2CN(C(=O)C[C@@H]3CCOC3)C[C@H]12)C(=O)c1nn(C)cc1[N+](=O)[O-],"1,N-dimethyl-4-nitro-N-(((1R,5S,6S)-3-(1-oxo-2-((3S)-oxolan-3-yl)ethyl)-3-azabicyclo[3.1.0]hexan-6-yl)methyl)-1H-pyrazole-3-carboxamide",,CN(C[C@@H]1[C@H]2CN(C(=O)C[C@@H]3CCOC3)C[C@@H]12)C(=O)c1nn(C)cc1[N+](=O)[O-],
86577,CC(C)(C)[C@H](O)C(=O)N1C[C@H]2C[C@H](NC(=O)Cn3nnc4ccccc43)C[C@H]2C1,"2-(1H-benzotriazol-1-yl)-N-((1R,5S,7R)-3-((2S)-2-hydroxy-3,3-dimethyl-butyryl)-3-azabicyclo[3.3.0]octan-7-yl)acetamide",,CC(C)(C)C(O)C(=O)N1C[C@H]2C[C@H](NC(=O)Cn3nnc4ccccc43)C[C@H]2C1,
86605,O=C(C1=CCCC1)N1CC[C@H]2CCN(C(=O)[C@H]3C[C@](F)(CO)C3)C[C@H]2C1,"1-(cyclopent-1-en-1-yl)-1-((4aR,8aS)-7-(((1s,3R)-3-fluoro-3-(hydroxymethyl)cyclobutyl)carbonyl)decahydro-2,7-naphthyridin-2-yl)methanone",,O=C(C1=CCCC1)N1CC[C@H]2CCN(C(=O)C3CC(F)(CO)C3)C[C@H]2C1,
86610,CC[C@H]1[C@H](C(=O)N2C[C@H]3[C@@H](C2)[C@@H]3C(=O)N[C@H]2C[C@H]3COC[C@H](C3)C2)CCN1C,"(1R,5S,6R)-3-(((2S,3R)-2-ethyl-1-methylpyrrolidin-3-yl)carbonyl)-N-((1R,5S,7s)-3-oxabicyclo[3.3.1]nonan-7-yl)-3-azabicyclo[3.1.0]hexane-6-carboxamide",,CC[C@H]1C(C(=O)N2C[C@@H]3C(C(=O)N[C@@H]4C[C@@H]5COC[C@@H](C5)C4)[C@@H]3C2)CCN1C,
86828,CS(=O)(=O)C=CC(=O)N1C[C@H]2C[C@H](NC(=O)c3ccc(C4CC4)s3)C[C@H]2C1,"5-cyclopropyl-N-((1R,5S,7s)-3-(3-(methylsulfonyl)-1-oxoprop-2-en-1-yl)-3-azabicyclo[3.3.0]octan-7-yl)thiophene-2-carboxamide",,CS(=O)(=O)C=CC(=O)N1C[C@H]2C[C@H](NC(=O)c3ccc(C4CC4)s3)C[C@H]2C1,
86836,CN(C)C1(CC(=O)N2[C@@H]3COC[C@H]2C[C@@H](NC(=O)C2CCS(=O)CC2)C3)COC1,"N-((1R,5S,7s)-9-(2-(3-(dimethylamino)oxetan-3-yl)-acetyl)-3-oxa-9-azabicyclo[3.3.1]nonan-7-yl)-1-oxothiane-4-carboxamide",,CN(C)C1(CC(=O)N2[C@@H]3COC[C@H]2C[C@@H](NC(=O)C2CC[S+]([O-])CC2)C3)COC1,
86881,COCC1(C(=O)N2C[C@H]3[C@H](C)[C@H]3C2)CN(C(=O)C(C)=CC2CCCC2)C1,"3-cyclopentyl-1-(3-(methoxymethyl)-3-(((1R,5S,6s)-6-methyl-3-azabicyclo[3.1.0]hexan-3-yl)carbonyl)azetidin-1-yl)-2-methylprop-2-en-1-one",,COCC1(C(=O)N2C[C@@H]3[C@@H](C)[C@@H]3C2)CN(C(=O)C(C)=CC2CCCC2)C1,
86888,Cc1cc(Cl)ncc1S(=O)(=O)[N@]1[C@H]2CN(Cc3cc(O)ccc3Cl)C[C@H]21,"4-chloro-3-(((1R,5S,6r)-6-(6-chloro-4-methylpyridin-3-ylsulfonyl)-3,6-diazabicyclo[3.1.0]hexan-3-yl)methyl)phenol",,Cc1cc(Cl)ncc1S(=O)(=O)[N@@]1[C@@H]2CN(Cc3cc(O)ccc3Cl)C[C@@H]21,
86903,C[C@]1(F)C[C@H](NC(=NCCCCl)NC[C@H]2CCC[C@@H](C(F)(F)F)O2)C1,"1-((3-chloropropyl)imino)-N-((1r,3R)-3-fluoro-3-methylcyclobutyl)-N'-(((2R,6S)-6-(trifluoromethyl)oxan-2-yl)methyl)methanediamine",,C[C@]1(F)C[C@H](N=C(NCCCCl)NC[C@H]2CCC[C@@H](C(F)(F)F)O2)C1,
86998,COc1ccc([C@H]2CCCN(C(=O)[C@@H]3[C@H]4COC(C)(C)OC[C@H]43)C2)cc1,"1-((1R,7S,8r)-4,4-dimethyl-3,5-dioxabicyclo[5.1.0]octan-8-yl)-1-((3R)-3-(4-methoxyphenyl)piperidin-1-yl)methanone",,COc1ccc([C@H]2CCCN(C(=O)C3[C@H]4COC(C)(C)OC[C@@H]34)C2)cc1,
87133,CN(C)[C@H]1[C@@H]2CN(C(=O)[C@@]3(F)CCCN(C(=O)c4csc(=N)[nH]4)C3)C[C@@H]21,"1-((3R)-3-(((1R,5S,6S)-6-(dimethylamino)-3-azabicyclo[3.1.0]hexan-3-yl)carbonyl)-3-fluoropiperidin-1-yl)-1-(2-imino-3H-1,3-thiazol-4-yl)methanone",,CN(C)[C@H]1[C@@H]2CN(C(=O)[C@@]3(F)CCCN(C(=O)c4csc(N)n4)C3)C[C@@H]21,
87134,O=C(Cc1ccc2c(c1)OCO2)N1C[C@@H]2[C@H](C1)[C@@H]2NS(=O)(=O)CCCCl,"2-(1,3-benzodioxol-5-yl)-1-((1R,5S,6r)-6-(3-chloropropylsulfonylamino)-3-azabicyclo[3.1.0]hexan-3-yl)ethan-1-one",,O=C(Cc1ccc2c(c1)OCO2)N1C[C@@H]2[C@H](C1)[C@@H]2NS(=O)(=O)CCCCl,
87270,C[C@]1(NC(=O)c2cc(-c3ccccn3)ns2)C[C@H](NC(=O)C=Cc2cscn2)C1,"N-((1r,3r)-1-methyl-3-(3-(1,3-thiazol-4-yl)prop-2-enamido)cyclobutyl)-3-(pyridin-2-yl)-1,2-thiazole-5-carboxamide",,C[C@]1(NC(=O)c2cc(-c3ccccn3)ns2)C[C@H](NC(=O)C=Cc2cscn2)C1,
87323,C[C@@H](OC1CCCC1)C(=O)N[C@]1(C)C[C@H](C(=O)NC[C@H](O)C2(Cl)CC2)C1,"(2R)-N-((1R,3S)-3-(((2S)-2-(1-chlorocyclopropyl)-2-hydroxyethyl)carbamoyl)-1-methylcyclobutyl)-2-(cyclopentyloxy)propanamide",,CC(OC1CCCC1)C(=O)NC1(C)CC(C(=O)NC[C@H](O)C2(Cl)CC2)C1,
87347,CC1(C)C[C@H]1C(=O)N1CCN(C(=O)[C@H]2C[C@@H]3CC[C@@H]3C2)C[C@@]2(C)CCC[C@H]12,"1-((1R,3s,5S)-bicyclo[3.2.0]heptan-3-yl)-1-((1S,7R)-2-(((1R)-2,2-dimethylcyclopropyl)carbonyl)-7-methyl-2,5-diazabicyclo[5.3.0]decan-5-yl)methanone",,CC1(C)CC1C(=O)N1CCN(C(=O)C2C[C@H]3CC[C@H]3C2)C[C@@]2(C)CCC[C@H]12,
87491,C[C@H]1C[C@H](N(C)C(=O)c2csc(F)c2)C[C@@H](C)O1,"N-((2R,4s,6S)-2,6-dimethyloxan-4-yl)-5-fluoro-N-methylthiophene-3-carboxamide",,C[C@@H]1C[C@@H](N(C)C(=O)c2csc(F)c2)C[C@H](C)O1,
87534,CCC(F)(F)C(=O)N[C@H]1C[C@@H]2CN(C(=O)c3cc(C)cnc3F)C[C@@H]2C1,"2,2-difluoro-N-((1R,5S,7s)-3-((2-fluoro-5-methylpyridin-3-yl)carbonyl)-3-azabicyclo[3.3.0]octan-7-yl)butanamide",,CCC(F)(F)C(=O)N[C@H]1C[C@@H]2CN(C(=O)c3cc(C)cnc3F)C[C@@H]2C1,
87552,C[C@]1(CCNC(=O)[C@H]2C[C@@H]3CC[C@@H]3C2)CCN(C(=O)c2ccns2)C1,"(1R,3s,5S)-N-(2-((3S)-3-methyl-1-((1,2-thiazol-5-yl)carbonyl)pyrrolidin-3-yl)ethyl)bicyclo[3.2.0]heptane-3-carboxamide",,C[C@]1(CCNC(=O)C2C[C@H]3CC[C@H]3C2)CCN(C(=O)c2ccns2)C1,
87560,O=C(N[C@H]1C[C@](F)(CNC(=O)C2CC3(CC(F)C3)C2)C1)c1cccc(Cl)c1O,"N-(((1s,3s)-3-(3-chloro-2-hydroxybenzamido)-1-fluorocyclobutyl)methyl)-6-fluorospiro[3.3]heptane-2-carboxamide",,O=C(N[C@H]1C[C@](F)(CNC(=O)C2CC3(CC(F)C3)C2)C1)c1cccc(Cl)c1O,
87577,C[C@H]1CN(C(=O)C=Cc2ccco2)C[C@@H](C)[C@@H]1NC(=O)[C@H](C)Cc1cccnc1,"(2R)-N-((3R,4r,5S)-1-(3-(furan-2-yl)-1-oxoprop-2-en-1-yl)-3,5-dimethylpiperidin-4-yl)-2-methyl-3-(pyridin-3-yl)propanamide",,CC(Cc1cccnc1)C(=O)N[C@H]1[C@H](C)CN(C(=O)C=Cc2ccco2)C[C@@H]1C,
87617,C[C@H](C(=O)NCc1nc2c(s1)CCN(C(=O)[C@H]1C[C@](F)(CO)C1)C2)[C@H]1CCOC1,"(2S)-N-((3-(((1s,3R)-3-fluoro-3-(hydroxymethyl)cyclobutyl)carbonyl)-7-thia-3,9-diazabicyclo[4.3.0]nona-1(6),8-dien-8-yl)methyl)-2-((3R)-oxolan-3-yl)propanamide",,CC(C(=O)NCc1nc2c(s1)CCN(C(=O)C1CC(F)(CO)C1)C2)[C@H]1CCOC1,
87645,CC(C)(C)C[C@H](NC(=O)[C@H]1C[C@H]2[C@@H](C1)C2(C)C)C(=O)NC[C@@]1(CO)CC1(C)C,"(1R,3s,5S)-N-((2S)-1-((((1R)-1-(hydroxymethyl)-2,2-dimethylcyclopropyl)methyl)amino)-4,4-dimethyl-1-oxopentan-2-yl)-6,6-dimethylbicyclo[3.1.0]hexane-3-carboxamide",,CC(C)(C)CC(NC(=O)C1C[C@@H]2[C@H](C1)C2(C)C)C(=O)NC[C@@]1(CO)CC1(C)C,
87649,CC(C)C[C@@](C)(O)C(=O)N1C[C@H]2[C@@H](C1)[C@@H]2C(=O)N1CC(C(C)(C)C#N)C1,"2-(1-(((1R,5S,6R)-3-((2R)-2-hydroxy-2,4-dimethyl-pentanoyl)-3-azabicyclo[3.1.0]hexan-6-yl)carbonyl)azetidin-3-yl)-2-methylpropionitrile",,CC(C)C[C@@](C)(O)C(=O)N1C[C@@H]2C(C(=O)N3CC(C(C)(C)C#N)C3)[C@@H]2C1,
87707,CC[C@H](OC)C(=O)N[C@H]1C[C@](F)(CNC(=O)c2nn(C)nc2Br)C1,"(2S)-N-((1s,3R)-3-((5-bromo-2-methyl-2H-1,2,3-triazole-4-carboxamido)methyl)-3-fluorocyclobutyl)-2-methoxybutanamide",,CCC(OC)C(=O)N[C@H]1C[C@](F)(CNC(=O)c2nn(C)nc2Br)C1,
87709,C#CCC1(C(=O)N[C@H]2CC=C(C(=O)N[C@@H]3C[C@H]4[C@@H](C3)C4(F)F)C2)CCC1,"(4S)-N-((1R,3r,5S)-6,6-difluorobicyclo[3.1.0]hexan-3-yl)-4-(1-(prop-2-yn-1-yl)cyclobutanecarboxamido)cyclopent-1-ene-1-carboxamide",,C#CCC1(C(=O)N[C@H]2CC=C(C(=O)N[C@H]3C[C@@H]4[C@H](C3)C4(F)F)C2)CCC1,
87815,CC1(C)[C@H]2C[C@H](C(=O)NCc3cnn4c3CN(C(=O)[C@@H]3CC3(F)F)CC4)C[C@H]21,"(1R,3s,5S)-N-((4-(((1S)-2,2-difluorocyclopropyl)carbonyl)-1,4,9-triazabicyclo[4.3.0]nona-6,8-dien-7-yl)methyl)-6,6-dimethylbicyclo[3.1.0]hexane-3-carboxamide",,CC1(C)[C@@H]2CC(C(=O)NCc3cnn4c3CN(C(=O)C3CC3(F)F)CC4)C[C@@H]21,
87849,O=C(C[C@@H]1C[C@H]2C[C@H]2C1)NC[C@H]1CC[C@H](NC(=O)[C@@H]2C[C@H]2C2CCOCC2)CC1,"2-((1R,3s,5S)-bicyclo[3.1.0]hexan-3-yl)-N-((trans-4-((1R,2S)-2-(oxan-4-yl)cyclopropanecarboxamido)cyclohexyl)methyl)acetamide",,O=C(C[C@H]1C[C@@H]2C[C@@H]2C1)NC[C@H]1CC[C@H](NC(=O)C2C[C@H]2C2CCOCC2)CC1,
87906,CCCN(C(=O)[C@@H]1[C@@H](C)[C@H]1C)C1CCN(C(=O)[C@H](C)c2cccnc2)CC1,"(1r,2R,3S)-2,3-dimethyl-N-(1-((2R)-1-oxo-2-(pyridin-3-yl)propyl)piperidin-4-yl)-N-propylcyclopropanecarboxamide",,CCCN(C(=O)C1[C@@H](C)[C@H]1C)C1CCN(C(=O)C(C)c2cccnc2)CC1,
87985,CCS[C@H]1CCC[C@@H]1NC(=O)[C@]1(N)CC[C@H](C)CC1,"(1r,4S)-1-amino-N-((1S,2S)-2-(ethylsulfanyl)cyclopentyl)-4-methylcyclohexanecarboxamide",,CCS[C@H]1CCC[C@@H]1NC(=O)[C@]1(N)CC[C@H](C)CC1,
87993,CCc1c[nH]c(C(=O)NC23CC(C)(C2)OC32CCN(C(=O)CC[C@@H](C)O)CC2)c1,"4-ethyl-N-(1-methylspiro[2-oxabicyclo[2.1.1]hexane-3,4'-((4R)-1-(1-azacyclohexan-1-yl)-4-hydroxypentane)]-4-yl-1'-one)-1H-pyrrole-2-carboxamide",,CCc1c[nH]c(C(=O)NC23CC(C)(C2)OC32CCN(C(=O)CC[C@@H](C)O)CC2)c1,
88039,CCC[C@H](C#N)C(=O)NC[C@H]1C[C@@](F)(CNC(=O)c2c(C)noc2C(C)C)C1,"(2R)-2-cyano-N-(((1r,3R)-3-fluoro-3-((3-methyl-5-(propan-2-yl)-1,2-oxazole-4-carboxamido)methyl)cyclobutyl)methyl)pentanamide",,CCCC(C#N)C(=O)NC[C@H]1C[C@@](F)(CNC(=O)c2c(C)noc2C(C)C)C1,
88072,C[C@@]1(C(=O)NC[C@H]2[C@@H]3CN(C(=O)c4ccc(C#N)cn4)C[C@H]23)C[C@H]2CC[C@H]1C2,"(1S,2R,4S)-2-methyl-N-(((1R,5S,6r)-3-((5-(nitrilomethyl)pyridin-2-yl)carbonyl)-3-azabicyclo[3.1.0]hexan-6-yl)methyl)bicyclo[2.2.1]heptane-2-carboxamide",,C[C@@]1(C(=O)NC[C@@H]2[C@H]3CN(C(=O)c4ccc(C#N)cn4)C[C@@H]23)C[C@H]2CC[C@H]1C2,
88092,NC(=O)c1ccc(C(=O)N[C@@H]2[C@H]3C[C@H](NC(=O)c4nccc5occc45)C[C@H]32)s1,"N-((1R,3s,5S,6r)-3-(7-oxa-3-azabicyclo[4.3.0]nona-1(6),2,4,8-tetraene-2-carboxamido)bicyclo[3.1.0]hexan-6-yl)thiophene-2,5-dicarboxamide",,NC(=O)c1ccc(C(=O)N[C@H]2[C@@H]3C[C@@H](NC(=O)c4nccc5occc45)C[C@@H]32)s1,
88096,Cn1nccc1CC(=O)N[C@H]1C[C@@](F)(CNC(=O)Cn2ncn(C)c2=O)C1,"N-((1r,3r)-3-fluoro-3-((2-(4-methyl-5-oxo-1H,4H-1,2,4-triazol-1-yl)acetamido)methyl)cyclobutyl)-2-(1-methyl-1H-pyrazol-5-yl)acetamide",,Cn1nccc1CC(=O)N[C@H]1C[C@@](F)(CNC(=O)Cn2ncn(C)c2=O)C1,
88163,C[C@H]1C[C@@H](C(=O)N2CCN(C(=O)CCCn3ccnc3)C[C@](C)(F)C2)C[C@@H](C)O1,"1-((6S)-4-(((2R,4r,6S)-2,6-dimethyloxan-4-yl)carbonyl)-6-fluoro-6-methyl-1,4-diazepan-1-yl)-4-(1H-imidazol-1-yl)butan-1-one",,C[C@@H]1CC(C(=O)N2CCN(C(=O)CCCn3ccnc3)C[C@](C)(F)C2)C[C@H](C)O1,
88193,C[C@@H](C(=O)N[C@H]1C[C@](C)(NC(=O)CC23COC(CF)(C2)C3)C1)C1CCC1,"(2R)-2-cyclobutyl-N-((1r,3R)-3-(2-(1-(fluoromethyl)-2-oxabicyclo[2.1.1]hexan-4-yl)acetamido)-3-methylcyclobutyl)propanamide",,CC(C(=O)N[C@H]1C[C@](C)(NC(=O)CC23COC(CF)(C2)C3)C1)C1CCC1,
88238,CC(C)(C)OC(=O)C[C@H](O)C(=O)OCCSc1ccccc1,1-2-(phenylsulfanyl)ethyl 4-tert-butyl (2S)-2-hydroxybutanedioate,,CC(C)(C)OC(=O)CC(O)C(=O)OCCSc1ccccc1,
88241,CN(C)[C@@H](C(=O)N[C@H]1C[C@@H]2CC[C@H](C1)N2C(=O)C1(CF)CC(F)(F)C1)C(C)(C)C,"(2R)-N-((1R,3s,5S)-8-((3,3-difluoro-1-(fluoromethyl)cyclobutyl)carbonyl)-8-azabicyclo[3.2.1]octan-3-yl)-2-(dimethylamino)-3,3-dimethylbutanamide",,CN(C)C(C(=O)N[C@@H]1C[C@H]2CC[C@@H](C1)N2C(=O)C1(CF)CC(F)(F)C1)C(C)(C)C,
88508,O=C(CC1CCC1)N[C@H]1[C@@H]2CN(C(=O)c3cc(Br)c4c(c3)OCO4)C[C@@H]21,"N-((1R,5S,6s)-3-((7-bromo-1,3-benzodioxol-5-yl)carbonyl)-3-azabicyclo[3.1.0]hexan-6-yl)-2-cyclobutylacetamide",,O=C(CC1CCC1)N[C@H]1[C@@H]2CN(C(=O)c3cc(Br)c4c(c3)OCO4)C[C@@H]21,
88520,O=C(N[C@H]1C[C@@H]2CN(Cc3ccc(Br)c(Cl)c3Cl)C[C@@H]2C1)c1ccc(Br)nc1Br,"2,6-dibromo-N-((1R,5S,7s)-3-((4-bromo-2,3-dichlorophenyl)methyl)-3-azabicyclo[3.3.0]octan-7-yl)pyridine-3-carboxamide",,O=C(N[C@H]1C[C@@H]2CN(Cc3ccc(Br)c(Cl)c3Cl)C[C@@H]2C1)c1ccc(Br)nc1Br,
88528,C[C@]1(CNC(=O)c2ncc(F)cc2F)CC(F)(F)CN1C(=O)[C@H]1C[C@](O)(C#N)C1,"N-(((2R)-4,4-difluoro-1-(((1s,3S)-3-hydroxy-3-(nitrilomethyl)cyclobutyl)carbonyl)-2-methylpyrrolidin-2-yl)methyl)-3,5-difluoropyridine-2-carboxamide",,C[C@]1(CNC(=O)c2ncc(F)cc2F)CC(F)(F)CN1C(=O)C1CC(O)(C#N)C1,
88538,C#CC[C@]1(O)C[C@@H](C(=O)N2C[C@@H]3CCN(C(=O)CCC(C)(F)F)C[C@@H]32)C1,"4,4-difluoro-1-((1R,6S)-8-(((1s,3S)-3-hydroxy-3-(prop-2-yn-1-yl)cyclobutyl)carbonyl)-3,8-diazabicyclo[4.2.0]octan-3-yl)pentan-1-one",,C#CCC1(O)CC(C(=O)N2C[C@@H]3CCN(C(=O)CCC(C)(F)F)C[C@@H]32)C1,
88549,CN(C)CCC(=O)N1C[C@@H]2[C@H](C1)[C@@H]2NC(=O)Cc1cc(F)cc(Cl)c1,"2-(3-chloro-5-fluorophenyl)-N-((1R,5S,6r)-3-(3-(dimethylamino)-propionyl)-3-azabicyclo[3.1.0]hexan-6-yl)acetamide",,CN(C)CCC(=O)N1C[C@@H]2[C@H](C1)[C@@H]2NC(=O)Cc1cc(F)cc(Cl)c1,
88581,Cn1ncc2ccc(CCC(=O)N3CC[C@]4(C3)C(=O)Nc3ccccc34)cc21,"(3S)-spiro[indoline-3,3'-(1-((3S)-1-azacyclopentan-1-yl)-3-(1-methyl-1H-indazol-6-yl)propane)]-2,1'-dione",,Cn1ncc2ccc(CCC(=O)N3CC[C@]4(C3)C(=O)Nc3ccccc34)cc21,
88582,Nc1snnc1C(=O)N1CC[C@@H](OCC(=O)NC[C@@H]2[C@H]3CCCCC[C@H]32)C1,"2-(((3R)-1-((5-amino-1,2,3-thiadiazol-4-yl)carbonyl)pyrrolidin-3-yl)oxy)-N-(((1R,7S,8r)-bicyclo[5.1.0]octan-8-yl)methyl)acetamide",,Nc1snnc1C(=O)N1CC[C@@H](OCC(=O)NC[C@H]2[C@@H]3CCCCC[C@@H]32)C1,
88647,O=C1CCC[C@H](CC(=O)N[C@]2(C(=O)Nc3cnn(C(F)F)c3)C[C@H](O)C2)N1,"N-((1s,3S)-1-((1-(difluoromethyl)-1H-pyrazol-4-yl)carbamoyl)-3-hydroxycyclobutyl)-2-((2R)-6-oxopiperidin-2-yl)acetamide",,O=C1CCC[C@H](CC(=O)N[C@]2(C(=O)Nc3cnn(C(F)F)c3)C[C@H](O)C2)N1,
88663,O=C(N[C@@H]1CCN(C(=O)[C@@H]2C[C@@H]3CSC[C@@H](C3)C2)C[C@H]1CO)[C@@H]1C[C@@H](F)C(=O)N1,"(2S,4R)-4-fluoro-N-((3R,4R)-3-(hydroxymethyl)-1-(((1R,5S,7r)-3-thiabicyclo[3.3.1]nonan-7-yl)carbonyl)piperidin-4-yl)-5-oxopyrrolidine-2-carboxamide",,O=C1NC(C(=O)N[C@@H]2CCN(C(=O)C3C[C@H]4CSC[C@@H](C3)C4)C[C@H]2CO)CC1F,
88681,COCC[C@H](C)C(=O)N1[C@H]2CC[C@@H]1C[C@@H](NC(=O)C13CCC(C(F)F)(CC1)C3)C2,"4-(difluoromethyl)-N-((1R,3R,5S)-8-((2S)-4-methoxy-2-methyl-butyryl)-8-azabicyclo[3.2.1]octan-3-yl)bicyclo[2.2.1]heptane-1-carboxamide",,COCCC(C)C(=O)N1[C@@H]2CC[C@H]1C[C@H](NC(=O)C13CCC(C(F)F)(CC1)C3)C2,
88702,COCc1cc(C(=O)N[C@H]2[C@@H]3CN(C(=O)c4ncncc4Br)C[C@@H]32)no1,"N-((1R,5S,6s)-3-((5-bromopyrimidin-4-yl)carbonyl)-3-azabicyclo[3.1.0]hexan-6-yl)-5-(methoxymethyl)-1,2-oxazole-3-carboxamide",,COCc1cc(C(=O)N[C@H]2[C@@H]3CN(C(=O)c4ncncc4Br)C[C@@H]32)no1,
88775,C#CC[C@H](O)C(=O)NC[C@]1(F)C[C@H](CNC(=O)[C@H](C2CC2)N2CCCC2)C1,"(2S)-N-(((1S,3S)-3-(((2S)-2-cyclopropyl-2-(pyrrolidin-1-yl)acetamido)methyl)-1-fluorocyclobutyl)methyl)-2-hydroxypent-4-ynamide",,C#CCC(O)C(=O)NC[C@]1(F)C[C@H](CNC(=O)C(C2CC2)N2CCCC2)C1,
88828,CSCCCCC(=O)N[C@H]1C[C@@H]2CC[C@H](C1)N2C(=O)c1sccc1-n1cnnn1,"5-(methylsulfanyl)-N-((1R,3s,5S)-8-((3-(1H-tetrazol-1-yl)thiophen-2-yl)carbonyl)-8-azabicyclo[3.2.1]octan-3-yl)pentanamide",,CSCCCCC(=O)N[C@@H]1C[C@H]2CC[C@@H](C1)N2C(=O)c1sccc1-n1cnnn1,
88835,CN(C(=O)C[C@@H]1CCNC(=O)C1)[C@H]1[C@@H]2CN(C(=O)CCC3CCCCC3)C[C@@H]21,"N-((1R,5S,6s)-3-(3-cyclohexyl-propionyl)-3-azabicyclo[3.1.0]hexan-6-yl)-N-methyl-2-((4R)-2-oxopiperidin-4-yl)acetamide",,CN(C(=O)C[C@@H]1CCNC(=O)C1)[C@H]1[C@@H]2CN(C(=O)CCC3CCCCC3)C[C@@H]21,
88876,O=C(NC[C@H]1[C@@H]2CN(C(=O)c3csc(Cl)n3)C[C@H]12)c1cc2n(n1)C[C@@H](F)C2,"(7S)-N-(((1R,5S,6r)-3-((2-chloro-1,3-thiazol-4-yl)carbonyl)-3-azabicyclo[3.1.0]hexan-6-yl)methyl)-7-fluoro-1,2-diazabicyclo[3.3.0]octa-2,4-diene-3-carboxamide",,O=C(NC[C@@H]1[C@H]2CN(C(=O)c3csc(Cl)n3)C[C@@H]12)c1cc2n(n1)C[C@@H](F)C2,
88976,Clc1cncc(CN2CCS[C@H]3CCCC[C@H]32)c1Cl,"(4aR,8aS)-4-((4,5-dichloropyridin-3-yl)methyl)-3,4,4a,5,6,7,8,8a-octahydro-4H-1,4-benzothiazine",,Clc1cncc(CN2CCS[C@H]3CCCC[C@H]32)c1Cl,
89077,O=C(C[C@@H]1C[C@H]2C[C@H]2C1)NC1C[C@@H]2C(NC(=O)c3cccc(F)c3)[C@H]2C1,"2-((1R,3s,5S)-bicyclo[3.1.0]hexan-3-yl)-N-((1S,5S)-6-(3-fluorobenzamido)bicyclo[3.1.0]hexan-3-yl)acetamide",,O=C(C[C@H]1C[C@@H]2C[C@@H]2C1)NC1C[C@@H]2C(NC(=O)c3cccc(F)c3)[C@H]2C1,
89092,C=CC[C@@H](CNC(=O)c1cc(Cl)c(Cl)n1C)NC(=O)[C@H]1[C@@H](C)[C@H]1C,"4,5-dichloro-N-((2S)-2-((1s,2R,3S)-2,3-dimethylcyclopropanecarboxamido)pent-4-en-1-yl)-1-methyl-1H-pyrrole-2-carboxamide",,C=CC[C@@H](CNC(=O)c1cc(Cl)c(Cl)n1C)NC(=O)C1[C@@H](C)[C@H]1C,
89127,Cc1cc(N[C@H]2C[C@@](F)(CNC(=O)c3ccncc3)C2)n2nc(C)cc2n1,"N-(((1r,3r)-3-((2,5-dimethylpyrazolo[1,5-a]pyrimidin-7-yl)amino)-1-fluorocyclobutyl)methyl)pyridine-4-carboxamide",,Cc1cc(N[C@H]2C[C@@](F)(CNC(=O)c3ccncc3)C2)n2nc(C)cc2n1,
89162,CCCn1ncc(C(=O)N2C[C@H]3[C@H](CNC(=O)C4=CCCCCC4)[C@H]3C2)c1C,"N-(((1R,5S,6r)-3-((5-methyl-1-propyl-1H-pyrazol-4-yl)carbonyl)-3-azabicyclo[3.1.0]hexan-6-yl)methyl)cyclohept-1-ene-1-carboxamide",,CCCn1ncc(C(=O)N2C[C@@H]3[C@@H](CNC(=O)C4=CCCCCC4)[C@@H]3C2)c1C,
89234,NC(=O)[C@H](NC(=O)[C@H](CCC1CCC1)NC(=O)[C@@H]1[C@H]2CCC[C@H]21)C1CC1,"(2S)-N-((1R)-2-amino-1-cyclopropyl-2-oxoethyl)-2-((1R,5S,6r)-bicyclo[3.1.0]hexane-6-carboxamido)-4-cyclobutylbutanamide",,NC(=O)C(NC(=O)C(CCC1CCC1)NC(=O)C1[C@H]2CCC[C@@H]12)C1CC1,
89309,CCC[C@H](C(=O)N[C@H]1C[C@@](C)(NC(=O)CC[C@@H](C)OC)C1)C(C)C,"(2S)-N-((1S,3R)-3-((4R)-4-methoxypentanamido)-3-methylcyclobutyl)-2-(propan-2-yl)pentanamide",,CCCC(C(=O)N[C@H]1C[C@@](C)(NC(=O)CC[C@@H](C)OC)C1)C(C)C,
89326,Cc1ccn2ncc(C(=O)N3C[C@H]4[C@H](CNC(=O)CC(F)F)[C@H]4C3)c2c1,"3,3-difluoro-N-(((1R,5S,6r)-3-((5-methylpyrazolo[1,5-a]pyridin-3-yl)carbonyl)-3-azabicyclo[3.1.0]hexan-6-yl)methyl)propanamide",,Cc1ccn2ncc(C(=O)N3C[C@@H]4[C@@H](CNC(=O)CC(F)F)[C@@H]4C3)c2c1,
89335,c1ccc2[nH]c(=N[C@@H]3C[C@H]3C3CCCC3)c(NCC3CCCCCCC3)nc2c1,"N-(cyclooctylmethyl)-3-(((1R,2S)-2-cyclopentylcyclopropyl)imino)quinoxalin-2-amine",C1(CCCCCCC1)CNC1N=C2C=CC=CC2=NC1=N[C@H]1[C@@H](C1)C1CCCC1,c1ccc2nc(N[C@@H]3C[C@H]3C3CCCC3)c(NCC3CCCCCCC3)nc2c1,c1ccc2c(c1)=NC(=N[C@@H]1C[C@H]1C1CCCC1)C(NCC1CCCCCCC1)N=2
89349,CCCCCC[C@@H](C)CC(=O)NCCOCCNC(=O)[C@H]1C[C@@H]2CC[C@@H]2C1,"(3R)-N-(2-((2-((1R,3s,5S)-bicyclo[3.2.0]heptane-3-carboxamido)ethyl)oxy)ethyl)-3-methylnonanamide",,CCCCCC[C@@H](C)CC(=O)NCCOCCNC(=O)C1C[C@H]2CC[C@H]2C1,
89463,C#CC[C@]1(O)C[C@@H](C(=O)NC[C@H]2CCCN2C(=O)[C@H](O)c2ccc(Cl)c(Cl)c2)C1,"(1s,3S)-N-(((2R)-1-((2R)-2-(3,4-dichlorophenyl)-2-hydroxy-acetyl)pyrrolidin-2-yl)methyl)-3-hydroxy-3-(prop-2-yn-1-yl)cyclobutanecarboxamide",,C#CCC1(O)CC(C(=O)NC[C@H]2CCCN2C(=O)C(O)c2ccc(Cl)c(Cl)c2)C1,
89469,C=C1Cn2c(nnc2C(=O)N(C)CCCNC(=O)[C@H]2C[C@@H]3C[C@@H]3C2)S1,"N-(3-((1R,3s,5S)-bicyclo[3.1.0]hexane-3-carboxamido)propyl)-N-methyl-3-methylidene-2-thia-5,7,8-triazabicyclo[3.3.0]octa-1(8),6-diene-6-carboxamide",,C=C1Cn2c(nnc2C(=O)N(C)CCCNC(=O)C2C[C@@H]3C[C@@H]3C2)S1,
89495,O=C([C@@H]1CCC2(CCC2)C1)N(CCC(=O)N1[C@H]2CC[C@@H]1C[C@H](O)C2)CC1CC1,"(6R)-N-(cyclopropylmethyl)-N-(3-((1R,3R,5S)-3-hydroxy-8-azabicyclo[3.2.1]octan-8-yl)-3-oxopropyl)spiro[3.4]octane-6-carboxamide",,O=C(C1CCC2(CCC2)C1)N(CCC(=O)N1[C@@H]2CC[C@H]1C[C@@H](O)C2)CC1CC1,
89546,CCOCCO[C@H](C)C(=O)NCCN(CC1CC1)C(=O)[C@H]1C[C@@H]2CC[C@@H]2C1,"(2R)-N-(2-(N-(cyclopropylmethyl)(1R,3s,5S)-bicyclo[3.2.0]heptane-3-carboxamido)ethyl)-2-((2-ethoxyethyl)oxy)propanamide",,CCOCCOC(C)C(=O)NCCN(CC1CC1)C(=O)C1C[C@H]2CC[C@H]2C1,
89557,CC1(CC(=O)NC[C@]2(F)C[C@H](N=c3[nH]ccn4nnnc34)C2)CC1,"N-(((1r,3r)-1-fluoro-3-((1,4,7,8,9-pentaazabicyclo[4.3.0]nona-2,6,8-trien-5-ylidene)amino)cyclobutyl)methyl)-2-(1-methylcyclopropyl)acetamide",,CC1(CC(=O)NC[C@]2(F)C[C@H](Nc3nccn4nnnc34)C2)CC1,
89564,O=C(COCC1CCOCC1)N[C@H]1C[C@@H]2CN(C(=O)CCOC3CC3)C[C@@H]2C1,"N-((1R,5S,7s)-3-(3-(cyclopropoxy)-propionyl)-3-azabicyclo[3.3.0]octan-7-yl)-2-(((oxan-4-yl)methyl)oxy)acetamide",,O=C(COCC1CCOCC1)N[C@H]1C[C@@H]2CN(C(=O)CCOC3CC3)C[C@@H]2C1,
89587,CCCC[C@@](C)(F)C(=O)N1C[C@H]2[C@H](CN(C)C(=O)c3ccnc4ncnn34)[C@H]2C1,"N-(((1R,5S,6R)-3-((2R)-2-fluoro-2-methyl-hexanoyl)-3-azabicyclo[3.1.0]hexan-6-yl)methyl)-N-methyl[1,2,4]triazolo[1,5-a]pyrimidine-7-carboxamide",,CCCC[C@@](C)(F)C(=O)N1C[C@@H]2[C@@H](CN(C)C(=O)c3ccnc4ncnn34)[C@@H]2C1,
89591,C[C@H]1NC2(C(=O)NC[C@H]3C[C@](O)(C(F)F)C3)CC1C2,"(3R)-N-(((1s,3S)-3-(difluoromethyl)-3-hydroxycyclobutyl)methyl)-3-methyl-2-azabicyclo[2.1.1]hexane-1-carboxamide",,C[C@H]1NC2(C(=O)NC[C@H]3C[C@](O)(C(F)F)C3)CC1C2,
89651,O=C(CC[C@H]1C[C@@H](NC(=O)[C@@H]2[C@H]3COC[C@H]32)C1)NC[C@H]1C[C@H]2C=C[C@@H]1O2,"3-(cis-3-((1R,5S,6r)-3-oxabicyclo[3.1.0]hexane-6-carboxamido)cyclobutyl)-N-(((1S,2R,4S)-7-oxabicyclo[2.2.1]hept-5-en-2-yl)methyl)propanamide",,O=C(CC[C@H]1C[C@@H](NC(=O)C2[C@H]3COC[C@@H]23)C1)NC[C@H]1C[C@H]2C=C[C@@H]1O2,
89688,Cc1ccc(F)cc1CC(=O)NC[C@H]1CCN(C(=O)[C@H]2C[C@@H]3C[C@@H]3C2)C1(C)C,"N-(((3R)-1-(((1R,3s,5S)-bicyclo[3.1.0]hexan-3-yl)carbonyl)-2,2-dimethylpyrrolidin-3-yl)methyl)-2-(5-fluoro-2-methylphenyl)acetamide",,Cc1ccc(F)cc1CC(=O)NC[C@H]1CCN(C(=O)C2C[C@@H]3C[C@@H]3C2)C1(C)C,
89717,CCc1c(C)cccc1C(=O)NC[C@]12C[C@H]1CN(C(=O)[C@@H]1[C@H]3CCC[C@H]31)C2,"N-(((1S,5R)-3-(((1R,5S,6r)-bicyclo[3.1.0]hexan-6-yl)carbonyl)-3-azabicyclo[3.1.0]hexan-1-yl)methyl)-2-ethyl-3-methylbenzamide",,CCc1c(C)cccc1C(=O)NC[C@]12C[C@H]1CN(C(=O)C1[C@H]3CCC[C@@H]13)C2,
89746,CN(C(=O)COCC1CC1)[C@H]1C[C@@H]2CC[C@H](C1)N2C(=O)[C@H](O)c1ccsc1,"2-(cyclopropylmethoxy)-N-((1R,3S,5S)-8-((2R)-2-hydroxy-1-oxo-2-(thiophen-3-yl)ethyl)-8-azabicyclo[3.2.1]octan-3-yl)-N-methylacetamide",,CN(C(=O)COCC1CC1)[C@@H]1C[C@H]2CC[C@@H](C1)N2C(=O)C(O)c1ccsc1,
89794,CCn1cc(Cl)c(C(=O)NC2(CNC(=O)[C@@H]3[C@@H](C)[C@H]3C)CCCC2)n1,"4-chloro-N-(1-(((1r,2R,3S)-2,3-dimethylcyclopropanecarboxamido)methyl)cyclopentyl)-1-ethyl-1H-pyrazole-3-carboxamide",,CCn1cc(Cl)c(C(=O)NC2(CNC(=O)C3[C@@H](C)[C@H]3C)CCCC2)n1,
89813,CC1(C)O[C@H]2C[C@H](NC(=O)Nc3cnc4c(F)cccc4c3)C[C@H]2O1,"N-((1R,5S,7s)-3,3-dimethyl-2,4-dioxabicyclo[3.3.0]octan-7-yl)-1-((8-fluoroquinolin-3-yl)amino)formamide",,CC1(C)O[C@H]2C[C@H](NC(=O)Nc3cnc4c(F)cccc4c3)C[C@H]2O1,
89831,C[C@H]1[C@@H](C)[C@@H]1C(=O)N1CC[C@]2(CN(C(=O)c3ccc4ccccc4c3)CCO2)C1,"1-((5R)-2-(((1r,2R,3S)-2,3-dimethylcyclopropyl)carbonyl)-6-oxa-2,9-diazaspiro[4.5]decan-9-yl)-1-(naphthalen-2-yl)methanone",,C[C@@H]1C(C(=O)N2CC[C@]3(CN(C(=O)c4ccc5ccccc5c4)CCO3)C2)[C@@H]1C,
89857,O=C(CC(C1CC1)C1CC1)NC[C@]1(F)C[C@@H](NC(=O)c2ccnc3c2CCO3)C1,"3,3-dicyclopropyl-N-(((1s,3s)-1-fluoro-3-(7-oxa-5-azabicyclo[4.3.0]nona-1,3,5-triene-2-carboxamido)cyclobutyl)methyl)propanamide",,O=C(CC(C1CC1)C1CC1)NC[C@]1(F)C[C@@H](NC(=O)c2ccnc3c2CCO3)C1,
89959,C[C@@H]1CC[C@H](CC(=O)N[C@]2(C)C[C@@H](NC(=O)c3cccc(OCC(F)F)c3)C2)C1,"N-((1r,3S)-3-(3-((2,2-difluoroethyl)oxy)benzamido)-1-methylcyclobutyl)-2-((1S,3R)-3-methylcyclopentyl)acetamide",,C[C@@H]1CC[C@H](CC(=O)N[C@]2(C)C[C@@H](NC(=O)c3cccc(OCC(F)F)c3)C2)C1,
89971,Cc1ccc(CCC(=O)N[C@H]2C[C@](C)(NC(=O)C[C@H]3CCCC[C@H]3C)C2)c(C)c1,"3-(2,4-dimethylphenyl)-N-((1R,3r)-3-methyl-3-(2-((1R,2R)-2-methylcyclohexyl)acetamido)cyclobutyl)propanamide",,Cc1ccc(CCC(=O)N[C@H]2C[C@](C)(NC(=O)C[C@H]3CCCC[C@H]3C)C2)c(C)c1,
90001,C#CC[C@H](O)C(=O)NC[C@]1(F)C[C@@H](CNC(=O)c2c[nH]c(=N)s2)C1,"(2S)-N-(((1s,3R)-1-fluoro-3-((2-imino-3H-1,3-thiazole-5-carboxamido)methyl)cyclobutyl)methyl)-2-hydroxypent-4-ynamide",,C#CCC(O)C(=O)NC[C@]1(F)C[C@@H](CNC(=O)c2cnc(N)s2)C1,
90052,COC(CCCC(=O)NC1CC(C)(CNC(=O)[C@H]2C[C@@H]3CC[C@@H]3C2)C1)OC,"N-(3-(((1R,3s,5S)-bicyclo[3.2.0]heptane-3-carboxamido)methyl)-3-methylcyclobutyl)-5,5-dimethoxypentanamide",,COC(CCCC(=O)NC1CC(C)(CNC(=O)C2C[C@H]3CC[C@H]3C2)C1)OC,
90062,CC(=O)OC[C@@H](CO)NC(=O)[C@@H]1C[C@@H]2CN(C(=O)c3ncnc(C)c3C)C[C@@H]2C1,"(2R)-2-((1R,5S,7r)-3-((5,6-dimethylpyrimidin-4-yl)carbonyl)-3-azabicyclo[3.3.0]octane-7-carboxamido)-3-hydroxypropyl acetate",,CC(=O)OC[C@@H](CO)NC(=O)C1C[C@@H]2CN(C(=O)c3ncnc(C)c3C)C[C@@H]2C1,
90069,CC[C@@H]1CN(C(=O)[C@@H]2[C@H]3COC[C@H]32)CC[C@@H]1NC(=O)Cc1ccccc1[N+](=O)[O-],"N-((3R,4S)-3-ethyl-1-(((1R,5S,6r)-3-oxabicyclo[3.1.0]hexan-6-yl)carbonyl)piperidin-4-yl)-2-(2-nitrophenyl)acetamide",,CC[C@@H]1CN(C(=O)C2[C@H]3COC[C@@H]23)CC[C@@H]1NC(=O)Cc1ccccc1[N+](=O)[O-],
90073,Cc1cccnc1CNC(=O)[C@H]1[C@H]2CN(C(=O)/C=C/c3ccc(O)cc3Cl)C[C@H]21,"(1R,5S,6s)-3-((2E)-3-(2-chloro-4-hydroxyphenyl)-1-oxoprop-2-en-1-yl)-N-((3-methylpyridin-2-yl)methyl)-3-azabicyclo[3.1.0]hexane-6-carboxamide",,Cc1cccnc1CNC(=O)C1[C@H]2CN(C(=O)C=Cc3ccc(O)cc3Cl)C[C@@H]12,
90118,CC(C)(C(=O)NC[C@]1(F)C[C@@H](NC(=O)[C@@]2(C#N)CCCOC2)C1)c1cscc1Cl,"2-(4-chlorothiophen-3-yl)-N-(((1S,3s)-3-((3R)-3-cyanooxane-3-carboxamido)-1-fluorocyclobutyl)methyl)-2-methylpropanamide",,CC(C)(C(=O)NC[C@]1(F)C[C@@H](NC(=O)[C@@]2(C#N)CCCOC2)C1)c1cscc1Cl,
90127,Cn1c(C(=O)N2[C@H]3CC[C@@H]2C[C@](O)(CNC(=O)CNC(N)=O)C3)cnc1[N+](=O)[O-],"2-(carbamoylamino)-N-(((1R,3s,5S)-3-hydroxy-8-((1-methyl-2-nitro-1H-imidazol-5-yl)carbonyl)-8-azabicyclo[3.2.1]octan-3-yl)methyl)acetamide",,Cn1c(C(=O)N2[C@@H]3CC[C@H]2C[C@@](O)(CNC(=O)CNC(N)=O)C3)cnc1[N+](=O)[O-],
90245,O=C(NC[C@H]1C[C@@](F)(CNC(=O)c2c(Cl)cnn2C2CCCC2)C1)c1cc[nH]c1,"4-chloro-1-cyclopentyl-N-(((1r,3r)-1-fluoro-3-((1H-pyrrole-3-carboxamido)methyl)cyclobutyl)methyl)-1H-pyrazole-5-carboxamide",,O=C(NC[C@H]1C[C@@](F)(CNC(=O)c2c(Cl)cnn2C2CCCC2)C1)c1cc[nH]c1,
90256,O=C(NC1CN(C(=O)c2csc3c(F)cccc23)C1)[C@@H]1[C@@H]2C[C@H]2[C@H]2C[C@H]21,"(1R,2S,4R,5R,6R)-N-(1-((7-fluoro-1-benzothiophen-3-yl)carbonyl)azetidin-3-yl)tricyclo[4.1.0.0^{2,4}]heptane-5-carboxamide",,O=C(NC1CN(C(=O)c2csc3c(F)cccc23)C1)C1[C@@H]2C[C@@H]2[C@@H]2C[C@@H]12,
90326,C[C@@H]1[C@H](C(=O)N[C@@H]2CCC[C@H]2CNC(=O)C2=CCCCCC2)[C@@H]1C,"N-(((1S,2R)-2-((1s,2R,3S)-2,3-dimethylcyclopropanecarboxamido)cyclopentyl)methyl)cyclohept-1-ene-1-carboxamide",,C[C@@H]1C(C(=O)N[C@@H]2CCC[C@H]2CNC(=O)C2=CCCCCC2)[C@@H]1C,
90360,CN(C)c1ccc2cc(CN3C[C@H]4[C@@H](C3)[N@]4S(=O)(=O)CC3CC3)ccc2c1,"6-(((1R,5S,6r)-6-(cyclopropylmethylsulfonyl)-3,6-diazabicyclo[3.1.0]hexan-3-yl)methyl)-N,N-dimethylnaphthalen-2-amine",,CN(C)c1ccc2cc(CN3C[C@@H]4[C@H](C3)[N@@]4S(=O)(=O)CC3CC3)ccc2c1,
90385,C[C@@H](Sc1nncn1C)C(=O)N[C@H]1C[C@](C)(NC(=O)c2ccsn2)C1,"(2R)-N-((1r,3R)-3-methyl-3-(1,2-thiazole-3-carboxamido)cyclobutyl)-2-((4-methyl-4H-1,2,4-triazol-3-yl)sulfanyl)propanamide",,CC(Sc1nncn1C)C(=O)N[C@H]1C[C@](C)(NC(=O)c2ccsn2)C1,
90527,C#C[C@]1(O)C[C@@H](C(=O)N[C@H](C(=O)N2CCC(CC)CC2)C2(O)CCC2)C1,"(1s,3R)-N-((1S)-2-(4-ethylpiperidin-1-yl)-1-(1-hydroxycyclobutyl)-2-oxoethyl)-3-(ethynyl)-3-hydroxycyclobutanecarboxamide",,C#CC1(O)CC(C(=O)NC(C(=O)N2CCC(CC)CC2)C2(O)CCC2)C1,
90570,O=C([C@@H]1[C@H]2COC[C@H]21)N1C[C@H](F)C[C@@H](NCc2cccc3c2OCCO3)C1,"1-((3R,5R)-3-(((2,3-dihydro-1,4-benzodioxin-5-yl)methyl)amino)-5-fluoropiperidin-1-yl)-1-((1R,5S,6r)-3-oxabicyclo[3.1.0]hexan-6-yl)methanone",,O=C(C1[C@H]2COC[C@@H]12)N1C[C@H](F)C[C@@H](NCc2cccc3c2OCCO3)C1,
90592,Cc1csc(N[C@@H](C)C(=O)N(C)CCOCCNC(=O)[C@@H]2[C@H]3CCCCC[C@H]32)n1,"(2S)-N-(2-((2-((1R,7S,8r)-bicyclo[5.1.0]octane-8-carboxamido)ethyl)oxy)ethyl)-N-methyl-2-((4-methyl-1,3-thiazol-2-yl)amino)propanamide",,Cc1csc(NC(C)C(=O)N(C)CCOCCNC(=O)C2[C@H]3CCCCC[C@@H]23)n1,
90605,C[C@H](C(=O)N[C@H]1C[C@@H]2C[C@H](C1)CN(C(=O)c1coc(C#N)c1)C2)N1CCSCC1,"(2R)-N-((1R,5S,7s)-3-((5-(nitrilomethyl)furan-3-yl)carbonyl)-3-azabicyclo[3.3.1]nonan-7-yl)-2-(thiomorpholin-4-yl)propanamide",,CC(C(=O)N[C@@H]1C[C@H]2C[C@@H](C1)CN(C(=O)c1coc(C#N)c1)C2)N1CCSCC1,
90659,Cc1nn(C)c(C(=O)N2C[C@H]3[C@H](CNC(=O)c4ccsc4C#N)[C@H]3C2)c1Br,"N-(((1R,5S,6r)-3-((4-bromo-1,3-dimethyl-1H-pyrazol-5-yl)carbonyl)-3-azabicyclo[3.1.0]hexan-6-yl)methyl)-2-cyanothiophene-3-carboxamide",,Cc1nn(C)c(C(=O)N2C[C@@H]3[C@@H](CNC(=O)c4ccsc4C#N)[C@@H]3C2)c1Br,
90665,C[C@H](C(=O)N[C@H]1C[C@](C)(NC(=O)c2cc3c(cc2N)OCO3)C1)N1CCNC1=O,"(2R)-N-((1r,3R)-3-(6-amino-1,3-benzodioxole-5-carboxamido)-3-methylcyclobutyl)-2-(2-oxoimidazolidin-1-yl)propanamide",,CC(C(=O)N[C@H]1C[C@](C)(NC(=O)c2cc3c(cc2N)OCO3)C1)N1CCNC1=O,
90669,CCC1C[C@@H]2CC[C@H](C1)N2C(=O)[C@H](F)CC(C)(C)NC(=O)[C@@H]1[C@H]2CCC[C@H]21,"(1R,5S,6r)-N-((4R)-5-((1R,5S)-3-ethyl-8-azabicyclo[3.2.1]octan-8-yl)-4-fluoro-2-methyl-5-oxopentan-2-yl)bicyclo[3.1.0]hexane-6-carboxamide",,CCC1C[C@H]2CC[C@@H](C1)N2C(=O)C(F)CC(C)(C)NC(=O)C1[C@H]2CCC[C@@H]12,
90739,CO[C@H](C(=O)N1C[C@H]2[C@H](CC(=O)NOC[C@@H](O)CO)[C@H]2C1)C1CCC1,"2-((1R,5S,6R)-3-((2S)-2-cyclobutyl-2-methoxy-acetyl)-3-azabicyclo[3.1.0]hexan-6-yl)-N-((2S)-2,3-dihydroxypropoxy)acetamide",,COC(C(=O)N1C[C@@H]2[C@@H](CC(=O)NOC[C@@H](O)CO)[C@@H]2C1)C1CCC1,
90907,C[C@H]1C[C@H](NCc2ccc3c(c2)NC(=O)[C@@H](C)O3)C[C@@H](C)S1(=O)=O,"(2R)-6-((((2R,4s,6S)-2,6-dimethyl-1,1-dioxothian-4-yl)amino)methyl)-2-methyl-1,4-benzoxazin-3-one",,CC1Oc2ccc(CN[C@@H]3C[C@@H](C)S(=O)(=O)[C@@H](C)C3)cc2NC1=O,
90986,CCCC[C@@H](CNC(=O)c1scnc1CC)NC(=O)[C@@H]1C[C@H](C)O[C@H](C)C1,"N-((2S)-2-((2R,4r,6S)-2,6-dimethyloxane-4-carboxamido)hexyl)-4-ethyl-1,3-thiazole-5-carboxamide",,CCCC[C@@H](CNC(=O)c1scnc1CC)NC(=O)C1C[C@@H](C)O[C@@H](C)C1,
91128,O=C(N[C@H]1C[C@@H]2CC[C@H](C1)N2C(=O)Cn1cncn1)[C@@H]1CCc2cncn2C1,"(3R)-N-((1R,3s,5S)-8-(1-oxo-2-(1H-1,2,4-triazol-1-yl)ethyl)-8-azabicyclo[3.2.1]octan-3-yl)-1,8-diazabicyclo[4.3.0]nona-6,8-diene-3-carboxamide",,O=C(N[C@@H]1C[C@H]2CC[C@@H](C1)N2C(=O)Cn1cncn1)C1CCc2cncn2C1,
91170,CC1(C(=O)NC[C@@]2(C)CN(C(=O)[C@H]3C[C@H]4[C@@H](C3)C4(C)C)CCO2)CCC1,"N-(((2S)-4-(((1R,3s,5S)-6,6-dimethylbicyclo[3.1.0]hexan-3-yl)carbonyl)-2-methylmorpholin-2-yl)methyl)-1-methylcyclobutanecarboxamide",,CC1(C(=O)NC[C@@]2(C)CN(C(=O)C3C[C@@H]4[C@H](C3)C4(C)C)CCO2)CCC1,
91190,C[C@H](CC(=O)N1C[C@H]2[C@H](N(C)C(=O)C3CN(c4nncs4)C3)[C@H]2C1)c1ccco1,"N-((1R,5S,6S)-3-((3R)-3-(furan-2-yl)-butyryl)-3-azabicyclo[3.1.0]hexan-6-yl)-N-methyl-1-(1,3,4-thiadiazol-2-yl)azetidine-3-carboxamide",,C[C@H](CC(=O)N1C[C@@H]2[C@H](C1)[C@H]2N(C)C(=O)C1CN(c2nncs2)C1)c1ccco1,
91225,CCCCCCCC(=O)N[C@H]1[C@@H]2CN(C(=O)c3cnn4ncccc34)C[C@@H]21,"N-((1R,5S,6s)-3-((1,2,9-triazabicyclo[4.3.0]nona-2,4,6,8-tetraen-7-yl)carbonyl)-3-azabicyclo[3.1.0]hexan-6-yl)octanamide",,CCCCCCCC(=O)N[C@H]1[C@@H]2CN(C(=O)c3cnn4ncccc34)C[C@@H]21,
91272,COc1sccc1C(=O)N1C[C@](C)(C(=O)N2C[C@H]3C[C@@H](O)C[C@H]3C2)CC1(C)C,"1-((4R)-4-(((1R,5S,7R)-7-hydroxy-3-azabicyclo[3.3.0]octan-3-yl)carbonyl)-2,2,4-trimethylpyrrolidin-1-yl)-1-(2-methoxythiophen-3-yl)methanone",,COc1sccc1C(=O)N1C[C@](C)(C(=O)N2C[C@H]3C[C@@H](O)C[C@H]3C2)CC1(C)C,
91369,Cc1coc(C(=O)N[C@]2(C)C[C@H](C(=O)Nc3ccc(C)nc3O)C2)c1,"N-((1s,3s)-3-((2-hydroxy-6-methylpyridin-3-yl)carbamoyl)-1-methylcyclobutyl)-4-methylfuran-2-carboxamide",,Cc1coc(C(=O)NC2(C)CC(C(=O)Nc3ccc(C)[nH]c3=O)C2)c1,
91389,C[C@H](O)C(=O)N[C@@H]1CN(C(=O)[C@H]2CC[C@@](C)(F)CC2)C2(CCCC2)C1,"(2S)-N-((3S)-1-(((1s,4R)-4-fluoro-4-methylcyclohexyl)carbonyl)-1-azaspiro[4.4]nonan-3-yl)-2-hydroxypropanamide",,CC(O)C(=O)N[C@@H]1CN(C(=O)C2CCC(C)(F)CC2)C2(CCCC2)C1,
91420,CN1CC=CC[C@H]1CC(=O)N[C@H]1C[C@](C)(NC(=O)c2cn([C@@H]3CCOC3)cn2)C1,"2-((2S)-1-methyl-1,2,3,6-tetrahydropyridin-2-yl)-N-((1R,3S)-3-methyl-3-(1-((3R)-oxolan-3-yl)-1H-imidazole-4-carboxamido)cyclobutyl)acetamide",,CN1CC=CC[C@H]1CC(=O)N[C@H]1C[C@](C)(NC(=O)c2cn([C@@H]3CCOC3)cn2)C1,
91442,CO[C@H]1C[C@H](C(=O)N2CC=C(CNC(=O)C3CCCCCCC3)CC2)C[C@H]1OC,"N-((1-(((1s,3R,4S)-3,4-dimethoxycyclopentyl)carbonyl)-1,2,3,6-tetrahydropyridin-4-yl)methyl)cyclooctanecarboxamide",,CO[C@H]1CC(C(=O)N2CC=C(CNC(=O)C3CCCCCCC3)CC2)C[C@H]1OC,
91445,CC(=O)c1cc(C(=O)N[C@H]2C[C@@](F)(CNC(=O)Cc3cccnc3C)C2)n(C)c1,"4-(acetyl)-N-((1r,3r)-3-fluoro-3-((2-(2-methylpyridin-3-yl)acetamido)methyl)cyclobutyl)-1-methyl-1H-pyrrole-2-carboxamide",,CC(=O)c1cc(C(=O)N[C@H]2C[C@@](F)(CNC(=O)Cc3cccnc3C)C2)n(C)c1,
91496,CCC[C@@H](C)C(=O)NC[C@]1(F)C[C@H](CNC(=O)[C@@H](C)c2ccc(Br)s2)C1,"(2R)-N-(((1R,3R)-3-(((2R)-2-(5-bromothiophen-2-yl)propanamido)methyl)-1-fluorocyclobutyl)methyl)-2-methylpentanamide",,CCCC(C)C(=O)NC[C@]1(F)C[C@H](CNC(=O)C(C)c2ccc(Br)s2)C1,
91586,C[C@@H]1[C@H](C(=O)NCC[C@@H]2CCCN(C(=O)c3cnn4ccc(C#N)cc34)C2)[C@@H]1C,"(1s,2R,3S)-2,3-dimethyl-N-(2-((3S)-1-((5-(nitrilomethyl)pyrazolo[1,5-a]pyridin-3-yl)carbonyl)piperidin-3-yl)ethyl)cyclopropanecarboxamide",,C[C@@H]1C(C(=O)NCC[C@@H]2CCCN(C(=O)c3cnn4ccc(C#N)cc34)C2)[C@@H]1C,
91652,CN1CC[C@@H](CC(=O)NC2CN(C(=O)[C@H]3C[C@](O)(c4cccnc4)C3)C2)C1,"N-(1-(((1s,3R)-3-hydroxy-3-(pyridin-3-yl)cyclobutyl)carbonyl)azetidin-3-yl)-2-((3S)-1-methylpyrrolidin-3-yl)acetamide",,CN1CC[C@@H](CC(=O)NC2CN(C(=O)C3CC(O)(c4cccnc4)C3)C2)C1,
91672,Cn1ccc(C(=O)N[C@H]2C[C@@H]3C[C@H](C2)CN(C(=O)[C@@H]2C[C@H]4C[C@@H]2CC4(F)F)C3)n1,"N-((1R,5S,7S)-3-(((1R,2R,4R)-5,5-difluorobicyclo[2.2.1]heptan-2-yl)carbonyl)-3-azabicyclo[3.3.1]nonan-7-yl)-1-methyl-1H-pyrazole-3-carboxamide",,Cn1ccc(C(=O)N[C@@H]2C[C@H]3C[C@@H](C2)CN(C(=O)C2C[C@H]4C[C@@H]2CC4(F)F)C3)n1,
91715,COCCC[C@@H](NC(=O)[C@@H]1[C@H]2COC[C@H]21)C(=O)N1CC(C)(F)C1,"(1R,5S,6r)-N-((2R)-1-(3-fluoro-3-methylazetidin-1-yl)-5-methoxy-1-oxopentan-2-yl)-3-oxabicyclo[3.1.0]hexane-6-carboxamide",,COCCCC(NC(=O)C1[C@H]2COC[C@@H]12)C(=O)N1CC(C)(F)C1,
91805,COc1cccc(OCCC(=O)NC[C@H]2[C@@H]3CN(C(=O)c4cc(C)sn4)C[C@H]23)c1,"3-((3-methoxyphenyl)oxy)-N-(((1R,5S,6r)-3-((5-methyl-1,2-thiazol-3-yl)carbonyl)-3-azabicyclo[3.1.0]hexan-6-yl)methyl)propanamide",,COc1cccc(OCCC(=O)NC[C@@H]2[C@H]3CN(C(=O)c4cc(C)sn4)C[C@@H]23)c1,
91816,Cc1ncc(CCC(=O)N2[C@H]3CC[C@@H]2C[C@H](NC(=O)C[C@@H]2C[C@H]2C(F)(F)F)C3)o1,"N-((1R,3r,5S)-8-(3-(2-methyl-1,3-oxazol-5-yl)-propionyl)-8-azabicyclo[3.2.1]octan-3-yl)-2-((1S,2R)-2-(trifluoromethyl)cyclopropyl)acetamide",,Cc1ncc(CCC(=O)N2[C@@H]3CC[C@H]2C[C@@H](NC(=O)C[C@@H]2C[C@H]2C(F)(F)F)C3)o1,
91896,O=C(NC[C@]1(F)C[C@H](NC(=O)c2ccc(CCO)cc2)C1)c1cnsc1,"N-(((1r,3r)-1-fluoro-3-(4-(2-hydroxyethyl)benzamido)cyclobutyl)methyl)-1,2-thiazole-4-carboxamide",,O=C(NC[C@]1(F)C[C@H](NC(=O)c2ccc(CCO)cc2)C1)c1cnsc1,
91933,CN(CCn1cc([C@H]2[C@@H]3COC[C@@H]32)nn1)C(=O)[C@@H]1CCCc2c[nH]nc21,"(7R)-N-methyl-N-(2-(4-((1R,5S,6s)-3-oxabicyclo[3.1.0]hexan-6-yl)-1H-1,2,3-triazol-1-yl)ethyl)-4,5,6,7-tetrahydro-2H-indazole-7-carboxamide",,CN(CCn1cc([C@H]2[C@@H]3COC[C@@H]32)nn1)C(=O)C1CCCc2c[nH]nc21,
91962,O=C(C[C@@H]1[C@H]2CCC[C@H]2N1C(=O)[C@@H]1[C@H]2CCCC[C@H]21)NC[C@H]1CC2(CC2)CO1,"2-((1S,5R,7R)-6-(((1R,6S,7r)-bicyclo[4.1.0]heptan-7-yl)carbonyl)-6-azabicyclo[3.2.0]heptan-7-yl)-N-(((6R)-5-oxaspiro[2.4]heptan-6-yl)methyl)acetamide",,O=C(C[C@@H]1[C@H]2CCC[C@H]2N1C(=O)C1[C@H]2CCCC[C@@H]12)NC[C@H]1CC2(CC2)CO1,
91995,C[C@]1(NC(=O)CC23COC(CF)(C2)C3)C[C@H](NC(=O)c2cnc3n2CCCC3)C1,"2-(1-(fluoromethyl)-2-oxabicyclo[2.1.1]hexan-4-yl)-N-((1r,3r)-1-methyl-3-(5,6,7,8-tetrahydroimidazo[1,2-a]pyridine-3-carboxamido)cyclobutyl)acetamide",,C[C@]1(NC(=O)CC23COC(CF)(C2)C3)C[C@H](NC(=O)c2cnc3n2CCCC3)C1,
92008,COC(=O)CC(=O)N[C@@H]1CC[C@H](CNC(=O)[C@H]2C[C@H]3[C@@H](C2)C3(C)C)C1,"methyl 2-(((1R,3S)-3-(((1R,3s,5S)-6,6-dimethylbicyclo[3.1.0]hexane-3-carboxamido)methyl)cyclopentyl)carbamoyl)acetate",,COC(=O)CC(=O)N[C@@H]1CC[C@H](CNC(=O)C2C[C@@H]3[C@H](C2)C3(C)C)C1,
92038,CCS[C@@H](C)C(=O)N1C[C@@]2(C(=O)N3CCc4nn(C)cc4C3)C[C@H]1CCO2,"(2S)-2-(ethylsulfanyl)-1-((1R,5R)-1-((2-methyl-4,5,6,7-tetrahydro-1H-pyrazolo[4,3-c]pyridin-5-yl)carbonyl)-2-oxa-6-azabicyclo[3.2.1]octan-6-yl)propan-1-one",C(C)S[C@H](C(=O)N1[C@@H]2CCO[C@@](C1)(C2)C(=O)N2CC1=C(CC2)NN(C1)C)C,CCSC(C)C(=O)N1C[C@@]2(C(=O)N3CCc4nn(C)cc4C3)C[C@H]1CCO2,CCSC(C)C(=O)N1C[C@@]2(C(=O)N3CCC4=C(CN(C)N4)C3)C[C@H]1CCO2
92095,CN(C)c1cnc(C(=O)NC(C)(C)CCNC(=O)[C@H]2C[C@@H]3CC[C@H](C2)O3)nc1,"5-(dimethylamino)-N-(2-methyl-4-((1R,3s,5S)-8-oxabicyclo[3.2.1]octane-3-carboxamido)butan-2-yl)pyrimidine-2-carboxamide",,CN(C)c1cnc(C(=O)NC(C)(C)CCNC(=O)C2C[C@H]3CC[C@@H](C2)O3)nc1,
92097,C#CCC1(C(=O)N2C[C@H]3[C@H](CNC(=O)C[C@H](CC)OC)[C@H]3C2)CCC1,"(3S)-3-methoxy-N-(((1R,5S,6r)-3-((1-(prop-2-yn-1-yl)cyclobutyl)carbonyl)-3-azabicyclo[3.1.0]hexan-6-yl)methyl)pentanamide",,C#CCC1(C(=O)N2C[C@@H]3[C@@H](CNC(=O)C[C@H](CC)OC)[C@@H]3C2)CCC1,
92105,CCCCSCCC(=O)N(C)[C@H]1[C@@H]2CN(C(=O)c3c(C)ccc(C)c3O)C[C@@H]21,"3-(butylsulfanyl)-N-((1R,5S,6s)-3-((2-hydroxy-3,6-dimethylphenyl)carbonyl)-3-azabicyclo[3.1.0]hexan-6-yl)-N-methylpropanamide",,CCCCSCCC(=O)N(C)[C@H]1[C@@H]2CN(C(=O)c3c(C)ccc(C)c3O)C[C@@H]21,
92154,O=C(Cc1cscn1)N1C[C@H]2[C@H](CC(=O)N3C[C@@H]4C[C@@H]4[C@@H]4C[C@@H]43)[C@H]2C1,"1-((1R,5S,6s)-6-(2-((1S,2S,4S,7R)-5-azatricyclo[5.1.0.0^{2,4}]octan-5-yl)-2-oxoethyl)-3-azabicyclo[3.1.0]hexan-3-yl)-2-(1,3-thiazol-4-yl)ethan-1-one",,O=C(Cc1cscn1)N1C[C@@H]2[C@@H](CC(=O)N3C[C@@H]4C[C@@H]4[C@@H]4C[C@@H]43)[C@@H]2C1,
92201,C=C[C@@H](COC)NC(=O)[C@H]1CC=C[C@H](NC(=O)[C@H]2C[C@@H]3CCC[C@@H]3C2)C1,"(2s,3aR,6aS)-N-((1R,5S)-5-(((2S)-1-methoxybut-3-en-2-yl)carbamoyl)cyclohex-2-en-1-yl)octahydropentalene-2-carboxamide",,C=C[C@@H](COC)NC(=O)C1CC=C[C@H](NC(=O)C2C[C@H]3CCC[C@H]3C2)C1,
92253,CC1(C)NC(=O)C[C@@H]1C(=O)NC[C@H]1C[C@@H]2CC[C@H](C1)N2C(=O)c1ccnnc1S,"(3S)-2,2-dimethyl-5-oxo-N-(((1R,3s,5S)-8-((3-sulfanylpyridazin-4-yl)carbonyl)-8-azabicyclo[3.2.1]octan-3-yl)methyl)pyrrolidine-3-carboxamide",,CC1(C)NC(=O)CC1C(=O)NC[C@@H]1C[C@H]2CC[C@@H](C1)N2C(=O)c1ccn[nH]c1=S,
92418,O=C(COc1cccnc1)N[C@H]1[C@@H]2CN(C(=O)[C@@H]3CCCc4scnc43)C[C@@H]21,"2-((pyridin-3-yl)oxy)-N-((1R,5S,6S)-3-(((4R)-4,5,6,7-tetrahydro-1,3-benzothiazol-4-yl)carbonyl)-3-azabicyclo[3.1.0]hexan-6-yl)acetamide",,O=C(COc1cccnc1)N[C@H]1[C@@H]2CN(C(=O)C3CCCc4scnc43)C[C@@H]21,
92433,CC[C@](C)(O)C(=O)N1CCO[C@]2(CC[C@H](NC(=O)[C@H]3C[C@@H](C(=O)OC)C3)CC2)C1,methyl cis-3-((4-((2S)-2-hydroxy-2-methyl-butyryl)-1-oxa-4-azaspiro[5.5]undecan-9-yl)carbamoyl)cyclobutanecarboxylate,O[C@](C(=O)N1CCOC2(C1)CCC(CC2)NC(=O)[C@H]2C[C@H](C2)C(=O)OC)(CC)C,CC[C@](C)(O)C(=O)N1CCO[C@]2(CC[C@H](NC(=O)C3CC(C(=O)OC)C3)CC2)C1,CC[C@](C)(O)C(=O)N1CCOC2(CCC(NC(=O)C3CC(C(=O)OC)C3)CC2)C1
92437,O=C(CC1CCSCC1)N1CC[C@@H]2C[C@@]21C(=O)N[C@@H]1[C@H]2CCCC[C@H]21,"(1S,5R)-N-((1R,6S,7r)-bicyclo[4.1.0]heptan-7-yl)-2-(1-oxo-2-(thian-4-yl)ethyl)-2-azabicyclo[3.1.0]hexane-1-carboxamide",,O=C(CC1CCSCC1)N1CC[C@@H]2C[C@@]21C(=O)N[C@H]1[C@@H]2CCCC[C@@H]21,
92445,COC[C@H](C)N=C(N[C@@H]1CC1(F)F)N[C@H]1CC[C@]2(CC1)NC(=O)N(C)C2=O,"8-(((((1R)-2,2-difluorocyclopropyl)amino)(((2S)-1-methoxypropan-2-yl)imino)methyl)amino)-3-methyl-1,3-diazaspiro[4.5]decane-2,4-dione",FC1([C@@H](C1)NC(=N[C@H](COC)C)NC1CCC2(C(N(C(N2)=O)C)=O)CC1)F,COC[C@H](C)N=C(N[C@@H]1CC1(F)F)N[C@H]1CC[C@]2(CC1)NC(=O)N(C)C2=O,COC[C@H](C)N=C(NC1CCC2(CC1)NC(=O)N(C)C2=O)N[C@@H]1CC1(F)F
92481,C#CC1(C(=O)O[C@@H]2CCCC(F)(F)C2)CCN(C(=O)OC(C)(C)C)CC1,"4-(1R)-3,3-difluorocyclohexyl 1-tert-butyl 4-(ethynyl)piperidine-1,4-dicarboxylate",,C#CC1(C(=O)O[C@@H]2CCCC(F)(F)C2)CCN(C(=O)OC(C)(C)C)CC1,
92715,COCCN(CCNC(=O)[C@@H]1C[C@@H]2C[C@@H]2C[C@@H]1C)C(=O)[C@@]1(C)C[C@H](C)O[C@H](C)C1,"(2R,4s,6S)-N-(2-methoxyethyl)-2,4,6-trimethyl-N-(2-((1S,3R,4S,6R)-4-methylbicyclo[4.1.0]heptane-3-carboxamido)ethyl)oxane-4-carboxamide",,COCCN(CCNC(=O)C1C[C@@H]2C[C@@H]2C[C@@H]1C)C(=O)[C@]1(C)C[C@@H](C)O[C@@H](C)C1,
92742,O=C(N[C@H](Cc1ccccc1Br)C(=O)O)[C@@H]1C[C@@H]2CSC[C@@H](C2)C1,"(2R)-3-(2-bromophenyl)-2-((1R,5S,7r)-3-thiabicyclo[3.3.1]nonane-7-carboxamido)propanoic acid",,O=C(NC(Cc1ccccc1Br)C(=O)O)C1C[C@H]2CSC[C@@H](C1)C2,
92751,C#C[C@H](NC(=O)CCN(CC1CC1)C(=O)[C@@H]1C[C@@H]2CC[C@@H]2C1)[C@H]1CCOC1,"3-(N-(cyclopropylmethyl)(1R,3r,5S)-bicyclo[3.2.0]heptane-3-carboxamido)-N-((1R)-1-((3R)-oxolan-3-yl)prop-2-yn-1-yl)propanamide",,C#C[C@H](NC(=O)CCN(CC1CC1)C(=O)C1C[C@H]2CC[C@H]2C1)[C@H]1CCOC1,
92813,COCC[C@@H](C)C(=O)N1CCO[C@]2(CC[C@H](NC(=O)[C@@H]3C[C@H]3C(F)(F)F)CC2)C1,"(1R,2R)-N-(4-((2R)-4-methoxy-2-methyl-butyryl)-1-oxa-4-azaspiro[5.5]undecan-9-yl)-2-(trifluoromethyl)cyclopropanecarboxamide",COCC[C@H](C(=O)N1CCOC2(C1)CCC(CC2)NC(=O)[C@H]2[C@@H](C2)C(F)(F)F)C,COCCC(C)C(=O)N1CCO[C@]2(CC[C@H](NC(=O)C3C[C@H]3C(F)(F)F)CC2)C1,COCCC(C)C(=O)N1CCOC2(CCC(NC(=O)C3C[C@H]3C(F)(F)F)CC2)C1
92814,CN1CC[C@](NC(=O)[C@H]2C[C@@H]3CCC[C@@H]3C2)(C(=O)N[C@@H](CO)c2cnn(C)c2)C1,"(3R)-N-((1R)-2-hydroxy-1-(1-methyl-1H-pyrazol-4-yl)ethyl)-1-methyl-3-((2s,3aR,6aS)-octahydropentalene-2-carboxamido)pyrrolidine-3-carboxamide",,CN1CC[C@](NC(=O)C2C[C@H]3CCC[C@H]3C2)(C(=O)N[C@@H](CO)c2cnn(C)c2)C1,
92941,CC(C)c1conc1C(=O)NCCN(C(=O)[C@@H]1C[C@H]2CCC[C@H](C2)C1)C(C)C,"4-(propan-2-yl)-N-(2-(N-(propan-2-yl)(1R,3r,5S)-bicyclo[3.3.1]nonane-3-carboxamido)ethyl)-1,2-oxazole-3-carboxamide",,CC(C)c1conc1C(=O)NCCN(C(=O)C1C[C@H]2CCC[C@@H](C1)C2)C(C)C,
92955,CCc1cnc(C(=O)N2C[C@H]3[C@H](NC(=O)[C@H](C)C(F)F)[C@H]3C2)nc1,"(2S)-N-((1R,5S,6s)-3-((5-ethylpyrimidin-2-yl)carbonyl)-3-azabicyclo[3.1.0]hexan-6-yl)-3,3-difluoro-2-methylpropanamide",,CCc1cnc(C(=O)N2C[C@@H]3[C@H](C2)[C@H]3NC(=O)C(C)C(F)F)nc1,
92977,FC[C@@H]1[C@H]2CN(c3nccc(=N[C@@H]4CCCOC4)[nH]3)C[C@H]21,"2-((1R,5S,6R)-6-(fluoromethyl)-3-azabicyclo[3.1.0]hexan-3-yl)-N-((3R)-oxan-3-yl)-3H-pyrimidin-4-imine",,FC[C@@H]1[C@H]2CN(c3nccc(N[C@@H]4CCCOC4)n3)C[C@@H]12,
92984,CS(=O)(=O)N1CCN(CC(=O)N[C@H]2C[C@@](F)(CNC(=O)CCC3CC3)C2)CC1,"3-cyclopropyl-N-(((1r,3r)-1-fluoro-3-(2-(4-(methylsulfonyl)piperazin-1-yl)acetamido)cyclobutyl)methyl)propanamide",,CS(=O)(=O)N1CCN(CC(=O)N[C@H]2C[C@@](F)(CNC(=O)CCC3CC3)C2)CC1,
93069,COc1ccc(C(=O)N[C@H]2[C@@H]3CN(C(=O)c4cncc5ccccc45)C[C@@H]32)nn1,"N-((1R,5S,6s)-3-((isoquinolin-4-yl)carbonyl)-3-azabicyclo[3.1.0]hexan-6-yl)-6-methoxypyridazine-3-carboxamide",,COc1ccc(C(=O)N[C@H]2[C@@H]3CN(C(=O)c4cncc5ccccc45)C[C@@H]32)nn1,
93150,CC1(C)CO[C@@H](CC(=O)NC[C@H]2C[C@@](F)(CNC(=O)CC(C)(C)C3CC3)C2)C1,"3-cyclopropyl-N-(((1R,3r)-3-((2-((2R)-4,4-dimethyloxolan-2-yl)acetamido)methyl)-1-fluorocyclobutyl)methyl)-3-methylbutanamide",,CC1(C)CO[C@@H](CC(=O)NC[C@H]2C[C@@](F)(CNC(=O)CC(C)(C)C3CC3)C2)C1,
93276,Cn1cc([C@H](O)C(=O)NC[C@H]2C[C@@](F)(CNC(=O)[C@@H]3CCCC(F)(F)C3)C2)cn1,"(2S)-N-(((1R,3S)-3-(((1R)-3,3-difluorocyclohexanecarboxamido)methyl)-3-fluorocyclobutyl)methyl)-2-hydroxy-2-(1-methyl-1H-pyrazol-4-yl)acetamide",,Cn1cc(C(O)C(=O)NC[C@H]2C[C@@](F)(CNC(=O)C3CCCC(F)(F)C3)C2)cn1,
93307,O=C(C=Cc1ncc[nH]1)N[C@@]12CCCC[C@@H]1CN(C(=O)[C@H]1C[C@@H]3CC[C@@H]3C1)C2,"N-((3aS,7aR)-2-(((1R,3s,5S)-bicyclo[3.2.0]heptan-3-yl)carbonyl)octahydro-1H-isoindol-3a-yl)-3-(1H-imidazol-2-yl)prop-2-enamide",,O=C(C=Cc1ncc[nH]1)N[C@@]12CCCC[C@@H]1CN(C(=O)C1C[C@H]3CC[C@H]3C1)C2,
93364,CN1CC[C@H](CCC(=O)N2[C@H]3CC[C@@H]2C[C@@H](NC(=O)c2cc(Cl)ccc2N)C3)C1,"2-amino-5-chloro-N-((1R,3R,5S)-8-(3-((3S)-1-methylpyrrolidin-3-yl)-propionyl)-8-azabicyclo[3.2.1]octan-3-yl)benzamide",,CN1CC[C@H](CCC(=O)N2[C@@H]3CC[C@H]2C[C@H](NC(=O)c2cc(Cl)ccc2N)C3)C1,
93404,CC(C)(C)[C@H]1CC(C(=O)NC[C@]2(F)C[C@@H](CNC(=O)c3c[nH]ccc3=O)C2)=NO1,"(5R)-5-(tert-butyl)-N-(((1s,3S)-1-fluoro-3-((4-oxo-1H-pyridine-3-carboxamido)methyl)cyclobutyl)methyl)-4,5-dihydro-1,2-oxazole-3-carboxamide",,CC(C)(C)[C@H]1CC(C(=O)NC[C@]2(F)C[C@@H](CNC(=O)c3c[nH]ccc3=O)C2)=NO1,
93455,C#CCC(CC#C)C(=O)NC1([C@@H]2CCN(C(=O)[C@@]3(C#N)C[C@@H]4C[C@@H]4C3)C2)CC1,"N-(1-((3R)-1-(((1R,3s,5S)-3-(nitrilomethyl)bicyclo[3.1.0]hexan-3-yl)carbonyl)pyrrolidin-3-yl)cyclopropyl)-2-(prop-2-yn-1-yl)pent-4-ynamide",,C#CCC(CC#C)C(=O)NC1([C@@H]2CCN(C(=O)[C@]3(C#N)C[C@H]4C[C@H]4C3)C2)CC1,
93550,CN(C)[C@H](CCO)C(=O)N1C[C@H]2[C@H](NC(=O)c3cc(N)ccc3Cl)[C@H]2C1,"5-amino-2-chloro-N-((1R,5S,6S)-3-((2R)-2-(dimethylamino)-4-hydroxy-butyryl)-3-azabicyclo[3.1.0]hexan-6-yl)benzamide",,CN(C)C(CCO)C(=O)N1C[C@@H]2[C@H](C1)[C@H]2NC(=O)c1cc(N)ccc1Cl,
93559,C[C@@H](C(=O)N[C@H]1C[C@](C)(NC(=O)c2cccc3oc(=N)[nH]c23)C1)S(C)(=O)=O,"(2S)-N-((1r,3S)-3-(2-imino-1,3-benzoxazole-4-carboxamido)-3-methylcyclobutyl)-2-(methylsulfonyl)propanamide",,CC(C(=O)N[C@H]1C[C@](C)(NC(=O)c2cccc3oc(N)nc23)C1)S(C)(=O)=O,
93563,C[C@]1(CNC(=O)c2coc(C(F)(F)F)n2)C[C@@H](NC(=O)C(F)F)C1,"N-(((1s,3s)-3-(2,2-difluoroacetamido)-1-methylcyclobutyl)methyl)-2-(trifluoromethyl)-1,3-oxazole-4-carboxamide",,C[C@]1(CNC(=O)c2coc(C(F)(F)F)n2)C[C@@H](NC(=O)C(F)F)C1,
93661,NC(=O)N1CC(C(=O)N2C[C@H]3[C@H](CC(=O)N[C@H]4COC5(CCC5)C4)[C@H]3C2)C1,"2-((1R,5S,6s)-3-((1-((amino)carbonyl)azetidin-3-yl)carbonyl)-3-azabicyclo[3.1.0]hexan-6-yl)-N-((7R)-5-oxaspiro[3.4]octan-7-yl)acetamide",,NC(=O)N1CC(C(=O)N2C[C@@H]3[C@@H](CC(=O)N[C@H]4COC5(CCC5)C4)[C@@H]3C2)C1,
93730,Nc1cc(Cl)nnc1C(=O)N1[C@H]2CC[C@@H]1C[C@@H](CNC(=O)c1ccnnc1S)C2,"N-(((1R,3s,5S)-8-((4-amino-6-chloropyridazin-3-yl)carbonyl)-8-azabicyclo[3.2.1]octan-3-yl)methyl)-3-sulfanylpyridazine-4-carboxamide",,Nc1cc(Cl)nnc1C(=O)N1[C@@H]2CC[C@H]1C[C@H](CNC(=O)c1ccn[nH]c1=S)C2,
93831,O=C(CC1OCCCO1)N[C@H]1[C@@H]2CN(C(=O)Cc3cccc(Cl)c3F)C[C@@H]21,"N-((1R,5S,6s)-3-(2-(3-chloro-2-fluorophenyl)-acetyl)-3-azabicyclo[3.1.0]hexan-6-yl)-2-(1,3-dioxan-2-yl)acetamide",,O=C(CC1OCCCO1)N[C@H]1[C@@H]2CN(C(=O)Cc3cccc(Cl)c3F)C[C@@H]21,
93953,C#Cc1cnn(C)c1C(=O)N[C@H]1C[C@](C)(NC(=O)[C@@H](CC)NC(N)=O)C1,"N-((1R,3r)-3-((2R)-2-(carbamoylamino)butanamido)-3-methylcyclobutyl)-4-(ethynyl)-1-methyl-1H-pyrazole-5-carboxamide",,C#Cc1cnn(C)c1C(=O)N[C@H]1C[C@](C)(NC(=O)C(CC)NC(N)=O)C1,
93985,C[C@H](CNC(=O)CC=C(Cl)Cl)CNC(=O)[C@@H]1C[C@@H]2CC[C@H](C1)C2(F)F,"4,4-dichloro-N-((2R)-3-((1R,3r,5S)-8,8-difluorobicyclo[3.2.1]octane-3-carboxamido)-2-methylpropyl)but-3-enamide",,C[C@H](CNC(=O)CC=C(Cl)Cl)CNC(=O)C1C[C@H]2CC[C@@H](C1)C2(F)F,
94020,COCc1ccc(C(=O)N2C[C@@]3(CNC(=O)[C@@H]4[C@@H](C)[C@H]4C)CC[C@H]2C3)o1,"(1r,2R,3S)-N-(((1S,4S)-2-((5-(methoxymethyl)furan-2-yl)carbonyl)-2-azabicyclo[2.2.1]heptan-4-yl)methyl)-2,3-dimethylcyclopropanecarboxamide",,COCc1ccc(C(=O)N2C[C@@]3(CNC(=O)C4[C@@H](C)[C@H]4C)CC[C@H]2C3)o1,
94083,C=Cn1nccc1C(=O)N1C[C@@H](CNC(=O)[C@@]2(C)C[C@@H]3C[C@@H]3C2)C2(CCC2)C1,"(1R,3s,5S)-N-(((8R)-6-((1-ethenyl-1H-pyrazol-5-yl)carbonyl)-6-azaspiro[3.4]octan-8-yl)methyl)-3-methylbicyclo[3.1.0]hexane-3-carboxamide",,C=Cn1nccc1C(=O)N1C[C@@H](CNC(=O)[C@]2(C)C[C@H]3C[C@H]3C2)C2(CCC2)C1,
94109,Cc1ccc(C#N)cc1C(=O)N1C[C@H]2C[C@H](NC(=O)[C@]34CCCC[C@@H]3C4)C[C@H]2C1,"(1S,6R)-N-((1R,5S,7s)-3-((2-methyl-5-(nitrilomethyl)phenyl)carbonyl)-3-azabicyclo[3.3.0]octan-7-yl)bicyclo[4.1.0]heptane-1-carboxamide",,Cc1ccc(C#N)cc1C(=O)N1C[C@H]2C[C@H](NC(=O)[C@]34CCCC[C@@H]3C4)C[C@H]2C1,
94156,C#CC[C@]1(O)C[C@@H](C(=O)N(C)CCOCCN(C)C(=O)[C@H](C(C)C)N(C)C)C1,"(1s,3R)-3-hydroxy-N-methyl-N-(2-((2-(N-methyl(2S)-2-(dimethylamino)-3-methylbutanamido)ethyl)oxy)ethyl)-3-(prop-2-yn-1-yl)cyclobutanecarboxamide",,C#CCC1(O)CC(C(=O)N(C)CCOCCN(C)C(=O)C(C(C)C)N(C)C)C1,
94202,Cc1cc(C(=O)NC[C@H]2[C@@H]3CN(C(=O)COc4cccc(O)c4)C[C@H]23)c(O)nn1,"3-hydroxy-N-(((1R,5S,6r)-3-(2-((3-hydroxyphenyl)oxy)-acetyl)-3-azabicyclo[3.1.0]hexan-6-yl)methyl)-6-methylpyridazine-4-carboxamide",,Cc1cc(C(=O)NC[C@@H]2[C@H]3CN(C(=O)COc4cccc(O)c4)C[C@@H]23)c(=O)[nH]n1,
94347,Cc1ccc(C#N)cc1C(=O)N1C[C@H]2[C@H](NC(=O)/C=C/c3ccoc3)[C@H]2C1,"(2E)-3-(furan-3-yl)-N-((1R,5S,6s)-3-((2-methyl-5-(nitrilomethyl)phenyl)carbonyl)-3-azabicyclo[3.1.0]hexan-6-yl)prop-2-enamide",,Cc1ccc(C#N)cc1C(=O)N1C[C@@H]2[C@H](C1)[C@H]2NC(=O)/C=C/c1ccoc1,
94379,CC1=NO[C@@H](C(=O)NC23CC(C)(C2)OC32CN(C(=O)C3(F)C(C)(C)C3(C)C)C2)C1,"(5R)-3-methyl-N-(1-methylspiro[2-oxabicyclo[2.1.1]hexane-3,3'-(1-(1-azacyclobutan-1-yl)-1-(1-fluoro-2,2,3,3-tetramethylcyclopropyl)methanone)]-4-yl)-4,5-dihydro-1,2-oxazole-5-carboxamide",,CC1=NOC(C(=O)NC23CC(C)(C2)OC32CN(C(=O)C3(F)C(C)(C)C3(C)C)C2)C1,
94415,C[C@@H](NC(=O)c1cnc(C2CC2)nc1)C(C)(C)NC(=O)C1=CNC2=NCCC2=C1,"N-((3R)-3-(2-cyclopropylpyrimidine-5-carboxamido)-2-methylbutan-2-yl)-3,7-dihydro-1H-pyrrolo[2,3-b]pyridine-5-carboxamide",C1(CC1)C1=NC=C(C=N1)C(=O)N[C@@H](C(C)(C)NC(=O)C1=CC2=C(NC1)NCC2)C,C[C@@H](NC(=O)c1cnc(C2CC2)nc1)C(C)(C)NC(=O)c1cnc2c(c1)CCN2,C[C@@H](NC(=O)c1cnc(C2CC2)nc1)C(C)(C)NC(=O)C1=CC2CCN=C2NC1
94447,COC(=O)N(C)CCCC(=O)N[C@H]1C[C@](C)(NC(=O)[C@@H]2CCCS[C@H]2C)C1,"methyl ((4-(((1S,3r)-3-methyl-3-((2S,3S)-2-methylthiane-3-carboxamido)cyclobutyl)amino)-4-oxobutyl)(methyl)amino)formate",,COC(=O)N(C)CCCC(=O)N[C@H]1C[C@](C)(NC(=O)C2CCCS[C@H]2C)C1,
94478,Cc1[nH]nc(C(=O)N[C@H]2C[C@](C)(NC(=O)CN3[C@@H](C)CC[C@H]3C)C2)c1C,"N-((1r,3r)-3-(2-((2R,5S)-2,5-dimethylpyrrolidin-1-yl)acetamido)-3-methylcyclobutyl)-4,5-dimethyl-1H-pyrazole-3-carboxamide",,Cc1[nH]nc(C(=O)N[C@H]2C[C@](C)(NC(=O)CN3[C@H](C)CC[C@@H]3C)C2)c1C,
94495,C=CC[C@@H](CC)C(=O)N[C@]1(C(=O)N[C@H]2CCC2(C)C)C[C@H](O)C1,"(2R)-N-((1s,3S)-1-(((1S)-2,2-dimethylcyclobutyl)carbamoyl)-3-hydroxycyclobutyl)-2-ethylpent-4-enamide",,C=CCC(CC)C(=O)N[C@]1(C(=O)N[C@H]2CCC2(C)C)C[C@H](O)C1,
94571,Cc1cnc(C(=O)N2C[C@H]3[C@H](CNC(=O)c4cc(N)cc(O)c4)[C@H]3C2)cc1Cl,"3-amino-N-(((1R,5S,6r)-3-((4-chloro-5-methylpyridin-2-yl)carbonyl)-3-azabicyclo[3.1.0]hexan-6-yl)methyl)-5-hydroxybenzamide",,Cc1cnc(C(=O)N2C[C@@H]3[C@@H](CNC(=O)c4cc(N)cc(O)c4)[C@@H]3C2)cc1Cl,
94574,CO[C@H]1C[C@H](NC(=O)C(=O)N[C@H](C)Cc2ccccc2F)C[C@H]1OC,"N-((1s,3R,4S)-3,4-dimethoxycyclopentyl)-N'-((2R)-1-(2-fluorophenyl)propan-2-yl)ethanediamide",,CO[C@H]1C[C@H](NC(=O)C(=O)N[C@H](C)Cc2ccccc2F)C[C@H]1OC,
94611,CCC(C)(C)C(=O)N[C@H]1C[C@@](F)(CNC(=O)C[C@H](C)[C@@H]2CCCO2)C1,"N-((1S,3r)-3-fluoro-3-(((3S)-3-((2S)-oxolan-2-yl)butanamido)methyl)cyclobutyl)-2,2-dimethylbutanamide",,CCC(C)(C)C(=O)N[C@H]1C[C@@](F)(CNC(=O)C[C@H](C)[C@@H]2CCCO2)C1,
94652,C=CCC1(C(=O)NC[C@@H]2CCC[C@@H]3CN(C(=O)[C@H]4C[C@H]5[C@@H](C4)C5(C)C)C[C@@H]32)CC1,"N-(((3aR,4R,7aS)-2-(((1R,3s,5S)-6,6-dimethylbicyclo[3.1.0]hexan-3-yl)carbonyl)octahydro-1H-isoindol-4-yl)methyl)-1-(prop-2-en-1-yl)cyclopropanecarboxamide",,C=CCC1(C(=O)NC[C@@H]2CCC[C@@H]3CN(C(=O)C4C[C@@H]5[C@H](C4)C5(C)C)C[C@@H]32)CC1,
94712,O=C(N[C@]1(c2ccccc2)C[C@@H](NC(=O)C2CC(F)C2)C1)c1cnc(C2CC2)o1,"2-cyclopropyl-N-((1r,3r)-3-(3-fluorocyclobutanecarboxamido)-1-phenylcyclobutyl)-1,3-oxazole-5-carboxamide",,O=C(N[C@]1(c2ccccc2)C[C@@H](NC(=O)C2CC(F)C2)C1)c1cnc(C2CC2)o1,
94779,CC(C)/C=C/C(=O)N[C@H]1C[C@H]2COC[C@@H](C1)N2C(=O)c1ccc2n[nH]cc2n1,"(2E)-4-methyl-N-((1R,5S,7s)-9-((2,7,8-triazabicyclo[4.3.0]nona-1(9),2,4,6-tetraen-3-yl)carbonyl)-3-oxa-9-azabicyclo[3.3.1]nonan-7-yl)pent-2-enamide",,CC(C)/C=C/C(=O)N[C@H]1C[C@H]2COC[C@@H](C1)N2C(=O)c1ccc2[nH]ncc2n1,
94815,O=C(NC[C@]1(F)CCCN(C(=O)C2CC(CCO)C2)C1)[C@@H]1[C@H]2COC[C@H]21,"(1R,5S,6r)-N-(((3R)-3-fluoro-1-((3-(2-hydroxyethyl)cyclobutyl)carbonyl)piperidin-3-yl)methyl)-3-oxabicyclo[3.1.0]hexane-6-carboxamide",,O=C(NC[C@]1(F)CCCN(C(=O)C2CC(CCO)C2)C1)C1[C@H]2COC[C@@H]12,
94839,CCOC(=O)[C@H]1C[C@@](F)(C(=O)N[C@H]2C[C@@H](NC(=O)C[C@@H]3CC(CC)=NO3)C2)C1,"ethyl (1R,3r)-3-((cis-3-(2-((5S)-3-ethyl-4,5-dihydro-1,2-oxazol-5-yl)acetamido)cyclobutyl)carbamoyl)-3-fluorocyclobutanecarboxylate",,CCOC(=O)C1CC(F)(C(=O)N[C@H]2C[C@@H](NC(=O)C[C@@H]3CC(CC)=NO3)C2)C1,
94893,O=C1CC[C@@H](C(=O)NC[C@H]2C[C@](F)(CNC(=O)C[C@H](O)c3ccccc3)C2)CN1,"(3R)-N-(((1R,3S)-3-fluoro-3-(((3S)-3-hydroxy-3-phenylpropanamido)methyl)cyclobutyl)methyl)-6-oxopiperidine-3-carboxamide",,O=C1CCC(C(=O)NC[C@H]2C[C@](F)(CNC(=O)C[C@H](O)c3ccccc3)C2)CN1,
94926,C=CCCCCCCCC(=O)N[C@H]1C[C@@](F)(CNC(=O)[C@H]2CCN(C)C2)C1,"N-((1S,3r)-3-fluoro-3-(((3S)-1-methylpyrrolidine-3-carboxamido)methyl)cyclobutyl)dec-9-enamide",,C=CCCCCCCCC(=O)N[C@H]1C[C@@](F)(CNC(=O)C2CCN(C)C2)C1,
94996,C[C@]1(NC(=O)c2cc(Cl)no2)C[C@H](NC(=O)c2ccsc2Br)C1,"N-((1r,3r)-3-(2-bromothiophene-3-carboxamido)-1-methylcyclobutyl)-3-chloro-1,2-oxazole-5-carboxamide",,C[C@]1(NC(=O)c2cc(Cl)no2)C[C@H](NC(=O)c2ccsc2Br)C1,
95006,CN(C[C@H]1[C@@H]2CN(C(=O)c3cc(C4CC4)no3)C[C@H]12)C(=O)C1=C(Cl)CCOC1,"4-chloro-N-(((1R,5S,6r)-3-((3-cyclopropyl-1,2-oxazol-5-yl)carbonyl)-3-azabicyclo[3.1.0]hexan-6-yl)methyl)-N-methyl-5,6-dihydro-2H-pyran-3-carboxamide",,CN(C[C@@H]1[C@H]2CN(C(=O)c3cc(C4CC4)no3)C[C@@H]12)C(=O)C1=C(Cl)CCOC1,
95039,CON1C[C@@H](C(=O)N[C@H]2C[C@](C)(NC(=O)Cn3cc(CO)nn3)C2)CC1=O,"(3S)-N-((1r,3S)-3-(2-(4-(hydroxymethyl)-1H-1,2,3-triazol-1-yl)acetamido)-3-methylcyclobutyl)-1-methoxy-5-oxopyrrolidine-3-carboxamide",,CON1CC(C(=O)N[C@H]2C[C@](C)(NC(=O)Cn3cc(CO)nn3)C2)CC1=O,
95054,CO[C@]1(C(F)(F)F)C[C@H](C(=O)N2C[C@@H]3C[C@H]2[C@@H]3NC(=O)Cc2ccco2)C1,"2-(furan-2-yl)-N-((1S,4S,5R)-2-(((1s,3R)-3-methoxy-3-(trifluoromethyl)cyclobutyl)carbonyl)-2-azabicyclo[2.1.1]hexan-5-yl)acetamide",,COC1(C(F)(F)F)CC(C(=O)N2C[C@@H]3C[C@H]2[C@@H]3NC(=O)Cc2ccco2)C1,
95087,Cc1c(Br)ccc(F)c1C(=O)N1C[C@H]2[C@H](CN(C)C(=O)C[C@H]3C=CCC3)[C@H]2C1,"N-(((1R,5S,6r)-3-((3-bromo-6-fluoro-2-methylphenyl)carbonyl)-3-azabicyclo[3.1.0]hexan-6-yl)methyl)-2-((1S)-cyclopent-2-en-1-yl)-N-methylacetamide",,Cc1c(Br)ccc(F)c1C(=O)N1C[C@@H]2[C@@H](CN(C)C(=O)C[C@H]3C=CCC3)[C@@H]2C1,
95195,CC[C@H](CNC(=O)c1cnn(CCF)c1)NC(=O)[C@@H]1C[C@@H]2C[C@@H]2C1,"N-((2R)-2-((1R,3r,5S)-bicyclo[3.1.0]hexane-3-carboxamido)butyl)-1-(2-fluoroethyl)-1H-pyrazole-4-carboxamide",,CC[C@H](CNC(=O)c1cnn(CCF)c1)NC(=O)C1C[C@@H]2C[C@@H]2C1,
95296,CC(C)(C)/C=C/CC(=O)N1CC(C)(NC(=O)[C@H]2C[C@H]3C[C@@H](O)C[C@H](C3)C2)C1,"(1R,3s,5S,7r)-N-(1-((3E)-5,5-dimethyl-1-oxohex-3-en-1-yl)-3-methylazetidin-3-yl)-7-hydroxybicyclo[3.3.1]nonane-3-carboxamide",,CC(C)(C)/C=C/CC(=O)N1CC(C)(NC(=O)C2C[C@@H]3C[C@H](O)C[C@H](C2)C3)C1,
95322,CN1C(=O)[C@H](F)C[C@H]1C(=O)N1C[C@H]2[C@H](NC(=O)c3cnc(NC4CC4)s3)[C@H]2C1,"2-(cyclopropylamino)-N-((1R,5S,6R)-3-(((2S,4R)-4-fluoro-1-methyl-5-oxopyrrolidin-2-yl)carbonyl)-3-azabicyclo[3.1.0]hexan-6-yl)-1,3-thiazole-5-carboxamide",,CN1C(=O)C(F)CC1C(=O)N1C[C@@H]2[C@H](C1)[C@H]2NC(=O)c1cnc(NC2CC2)s1,
95343,COc1cc(OC)c(CN(C)c2ccnc(NC[C@H]3[C@@H]4COC[C@H]34)n2)c(OC)c1,"N'-methyl-N-(((1R,5S,6s)-3-oxabicyclo[3.1.0]hexan-6-yl)methyl)-N'-((2,4,6-trimethoxyphenyl)methyl)pyrimidine-2,4-diamine",,COc1cc(OC)c(CN(C)c2ccnc(NC[C@@H]3[C@H]4COC[C@@H]34)n2)c(OC)c1,
95345,COc1c[nH]nc1C(=O)N[C@]1(C)C[C@@H](NC(=O)c2ccc(C)o2)C1,"4-methoxy-N-((1r,3r)-1-methyl-3-(5-methylfuran-2-carboxamido)cyclobutyl)-1H-pyrazole-3-carboxamide",,COc1c[nH]nc1C(=O)N[C@]1(C)C[C@@H](NC(=O)c2ccc(C)o2)C1,
95414,O=C(NC[C@H](O)c1ccccc1)[C@@H]1[C@H]2CN(C(=O)[C@H]3C[C@H]3Cl)C[C@H]21,"(1R,5S,6R)-3-(((1R,2R)-2-chlorocyclopropyl)carbonyl)-N-((2R)-2-hydroxy-2-phenylethyl)-3-azabicyclo[3.1.0]hexane-6-carboxamide",,O=C(NC[C@H](O)c1ccccc1)C1[C@H]2CN(C(=O)C3C[C@H]3Cl)C[C@@H]12,
95462,Cc1n[nH]c(C)c1CCC(=O)N1[C@H]2CC[C@@H]1C[C@@H](CNC(=O)c1cnsn1)C2,"N-(((1R,3s,5S)-8-(3-(3,5-dimethyl-1H-pyrazol-4-yl)-propionyl)-8-azabicyclo[3.2.1]octan-3-yl)methyl)-1,2,5-thiadiazole-3-carboxamide",,Cc1n[nH]c(C)c1CCC(=O)N1[C@@H]2CC[C@H]1C[C@H](CNC(=O)c1cnsn1)C2,
95497,O=C(N[C@H]1[C@@H]2CN(C(=O)[C@@H]3CC4(CCO3)CC4)C[C@@H]21)c1cc[nH]n1,"N-((1R,5S,6R)-3-(((5S)-6-oxaspiro[2.5]octan-5-yl)carbonyl)-3-azabicyclo[3.1.0]hexan-6-yl)-1H-pyrazole-3-carboxamide",,O=C(N[C@H]1[C@@H]2CN(C(=O)C3CC4(CCO3)CC4)C[C@@H]21)c1cc[nH]n1,
95634,CC1(C(=O)N[C@H]2C[C@](C)(NC(=O)c3cnc([C@H]4CCCO4)s3)C2)COC1,"N-((1r,3R)-1-methyl-3-(3-methyloxetane-3-carboxamido)cyclobutyl)-2-((2R)-oxolan-2-yl)-1,3-thiazole-5-carboxamide",,CC1(C(=O)N[C@H]2C[C@](C)(NC(=O)c3cnc([C@H]4CCCO4)s3)C2)COC1,
95647,O[C@@H]1C[C@H]2CN(c3nc(NC[C@@H]4C[C@H]5[C@@H](C4)C5(F)F)c4ncsc4n3)CCN2C1,"(7R,8aS)-2-(2-((((1R,3r,5S)-6,6-difluorobicyclo[3.1.0]hexan-3-yl)methyl)amino)-7-thia-3,5,9-triazabicyclo[4.3.0]nona-1,3,5,8-tetraen-4-yl)-1,2,3,4,6,7,8,8a-octahydropyrrolo[1,2-a]pyrazin-7-ol",,O[C@@H]1C[C@H]2CN(c3nc(NC[C@H]4C[C@@H]5[C@H](C4)C5(F)F)c4ncsc4n3)CCN2C1,
95663,O=C(N[C@H]1C[C@@H]2CN(C(=O)C=Cc3ccsc3)C[C@@H]2C1)c1snnc1C1CC1,"4-cyclopropyl-N-((1R,5S,7s)-3-(1-oxo-3-(thiophen-3-yl)prop-2-en-1-yl)-3-azabicyclo[3.3.0]octan-7-yl)-1,2,3-thiadiazole-5-carboxamide",,O=C(N[C@H]1C[C@@H]2CN(C(=O)C=Cc3ccsc3)C[C@@H]2C1)c1snnc1C1CC1,
95699,C[C@H](CNC(=O)c1ccc2c(c1)OC(C)(C)OC2)NC(=O)[C@H]1CC[C@H]2C[C@H]2CC1,"N-((2R)-2-((1R,4s,7S)-bicyclo[5.1.0]octane-4-carboxamido)propyl)-2,2-dimethyl-4H-1,3-benzodioxine-7-carboxamide",,C[C@H](CNC(=O)c1ccc2c(c1)OC(C)(C)OC2)NC(=O)C1CC[C@@H]2C[C@@H]2CC1,
95708,CCNc1cccnc1C(=O)NC[C@]1(F)C[C@@H](NC(=O)C[C@H]2CCC[C@H]2C)C1,"3-(ethylamino)-N-(((1S,3s)-1-fluoro-3-(2-((1R,2R)-2-methylcyclopentyl)acetamido)cyclobutyl)methyl)pyridine-2-carboxamide",,CCNc1cccnc1C(=O)NC[C@]1(F)C[C@@H](NC(=O)C[C@H]2CCC[C@H]2C)C1,
95714,CCC(CC)(CC)CNC(=O)[C@@H]1[C@H]2CN(C(=O)c3cc[nH]c3C3CC3)C[C@H]21,"(1R,5S,6r)-3-((2-cyclopropyl-1H-pyrrol-3-yl)carbonyl)-N-(2,2-diethylbutyl)-3-azabicyclo[3.1.0]hexane-6-carboxamide",,CCC(CC)(CC)CNC(=O)C1[C@H]2CN(C(=O)c3cc[nH]c3C3CC3)C[C@@H]12,
95742,CN(C(=O)[C@@H]1C[C@@H]2C[C@@H]2C1)[C@@H](CNC(=O)C[C@H]1CCCCO1)C1CC1,"(1R,3r,5S)-N-((1R)-1-cyclopropyl-2-(2-((2R)-oxan-2-yl)acetamido)ethyl)-N-methylbicyclo[3.1.0]hexane-3-carboxamide",,CN(C(=O)C1C[C@@H]2C[C@@H]2C1)[C@@H](CNC(=O)C[C@H]1CCCCO1)C1CC1,
95743,COc1ncc(C(=O)N2CC[C@H](C)[C@@H](CNC(=O)C3=C4CCN=C4NC=C3)C2)s1,"N-(((3S,4S)-1-((2-methoxy-1,3-thiazol-5-yl)carbonyl)-4-methylpiperidin-3-yl)methyl)-3,7-dihydro-1H-pyrrolo[2,3-b]pyridine-4-carboxamide",COC=1SC(=CN1)C(=O)N1C[C@@H]([C@H](CC1)C)CNC(=O)C=1C2=C(NCC1)NCC2,COc1ncc(C(=O)N2CC[C@H](C)[C@@H](CNC(=O)c3ccnc4c3CCN4)C2)s1,COc1ncc(C(=O)N2CC[C@H](C)[C@@H](CNC(=O)C3=CCN=C4NCCC34)C2)s1
95761,CC(=O)NCC(=O)NCC(=O)N(C)C[C@H](O)CN(C)C(=O)[C@@H]1[C@@H](C)[C@H]1C,"2-acetamido-N-(2-(((2R)-2-hydroxy-3-(N-methyl(1r,2R,3S)-2,3-dimethylcyclopropanecarboxamido)propyl)(methyl)amino)-2-oxoethyl)acetamide",,CC(=O)NCC(=O)NCC(=O)N(C)C[C@H](O)CN(C)C(=O)C1[C@@H](C)[C@H]1C,
95815,Cc1cc(C(=O)N[C@@H]2CC23CCC(NC(=O)[C@@H]2[C@H]4CCC[C@H]42)CC3)nc(C)n1,"N-((1R)-6-((1R,5S,6r)-bicyclo[3.1.0]hexane-6-carboxamido)spiro[2.5]octan-1-yl)-2,6-dimethylpyrimidine-4-carboxamide",,Cc1cc(C(=O)N[C@@H]2CC23CCC(NC(=O)C2[C@H]4CCC[C@@H]24)CC3)nc(C)n1,
95851,CCS[C@@H](C)C(=O)N[C@@H]1C[C@H]2[C@@H](C1)[C@@H]2NC(=O)c1cc(C)cc(C)c1C,"(2S)-2-(ethylsulfanyl)-N-((1R,3r,5S,6S)-6-(2,3,5-trimethylbenzamido)bicyclo[3.1.0]hexan-3-yl)propanamide",,CCSC(C)C(=O)N[C@H]1C[C@@H]2[C@H](C1)[C@H]2NC(=O)c1cc(C)cc(C)c1C,
95870,O=C(N[C@H]1C[C@@H]2CN(C(=O)c3cncc(Cl)c3)C[C@@H]2C1)C1C2(CC2)C12CC2,"N-((1R,5S,7s)-3-((5-chloropyridin-3-yl)carbonyl)-3-azabicyclo[3.3.0]octan-7-yl)dispiro[2.0.2.1]heptane-7-carboxamide",,O=C(N[C@H]1C[C@@H]2CN(C(=O)c3cncc(Cl)c3)C[C@@H]2C1)C1C2(CC2)C12CC2,
95927,CNS(=O)(=O)CC(=O)N1C[C@H](CNC(=O)[C@H]2C[C@H]3C[C@@H](O)C[C@H](C3)C2)C(C)(C)C1,"(1R,3s,5S,7S)-N-(((3S)-4,4-dimethyl-1-(2-(methylsulfamoyl)-acetyl)pyrrolidin-3-yl)methyl)-7-hydroxybicyclo[3.3.1]nonane-3-carboxamide",,CNS(=O)(=O)CC(=O)N1C[C@H](CNC(=O)C2C[C@@H]3C[C@H](O)C[C@H](C2)C3)C(C)(C)C1,
95956,Cc1nc([C@](O)(CC(=O)N2C[C@H]3[C@H](NC(=O)C=CCO)[C@H]3C2)C(F)(F)F)oc1C,"N-((1R,5S,6S)-3-((3R)-3-(4,5-dimethyl-1,3-oxazol-2-yl)-4,4,4-trifluoro-3-hydroxy-butyryl)-3-azabicyclo[3.1.0]hexan-6-yl)-4-hydroxybut-2-enamide",,Cc1nc([C@](O)(CC(=O)N2C[C@@H]3[C@H](C2)[C@H]3NC(=O)C=CCO)C(F)(F)F)oc1C,
95967,C[C@@H](OC[C@@H]1CCCO1)C(=O)NC[C@]1(F)C[C@@H](CNC(=O)c2nc(=O)n(C)[nH]2)C1,"(2R)-N-(((1s,3S)-1-fluoro-3-((1-methyl-5-oxo-1H,2H-1,2,4-triazole-3-carboxamido)methyl)cyclobutyl)methyl)-2-((((2S)-oxolan-2-yl)methyl)oxy)propanamide",,CC(OC[C@@H]1CCCO1)C(=O)NC[C@]1(F)C[C@@H](CNC(=O)c2nc(=O)n(C)[nH]2)C1,
96039,C=CCCC(=O)N1CCC([C@]2(O)C[C@@H](NC(=O)CO[C@H](C)CC)C2)CC1,"2-(((2R)-butan-2-yl)oxy)-N-((1s,3S)-3-hydroxy-3-(1-(1-oxopent-4-en-1-yl)piperidin-4-yl)cyclobutyl)acetamide",,C=CCCC(=O)N1CCC([C@]2(O)C[C@@H](NC(=O)CO[C@H](C)CC)C2)CC1,
96214,CO[C@@H]1C[C@@H](CNC(=O)[C@@H](CO)C(C)(C)C)N(C(=O)[C@@H]2[C@H]3COC[C@H]32)C1,"(2R)-2-(hydroxymethyl)-N-(((2S,4R)-4-methoxy-1-(((1R,5S,6r)-3-oxabicyclo[3.1.0]hexan-6-yl)carbonyl)pyrrolidin-2-yl)methyl)-3,3-dimethylbutanamide",,CO[C@@H]1C[C@@H](CNC(=O)C(CO)C(C)(C)C)N(C(=O)C2[C@H]3COC[C@@H]23)C1,
96379,CCn1nc(C)cc1C(=O)N[C@]1(C)C[C@H](NC(=O)C2(NC(C)=O)CCCCC2)C1,"N-((1s,3s)-3-(1-acetamidocyclohexanecarboxamido)-1-methylcyclobutyl)-1-ethyl-3-methyl-1H-pyrazole-5-carboxamide",,CCn1nc(C)cc1C(=O)N[C@]1(C)C[C@H](NC(=O)C2(NC(C)=O)CCCCC2)C1,
96464,Cc1csc2c(C(=O)N(C)[C@H]3[C@@H]4CN(C(=O)c5c[nH]c(C#N)c5)C[C@@H]43)ncnc12,"7,N-dimethyl-N-((1R,5S,6s)-3-((5-(nitrilomethyl)-1H-pyrrol-3-yl)carbonyl)-3-azabicyclo[3.1.0]hexan-6-yl)thieno[3,2-d]pyrimidine-4-carboxamide",,Cc1csc2c(C(=O)N(C)[C@H]3[C@@H]4CN(C(=O)c5c[nH]c(C#N)c5)C[C@@H]43)ncnc12,
96483,Cc1ccc([C@@H](C)C(=O)N[C@H](C)CNC(=O)[C@@H]2C[C@@H]3CC[C@H](C2)C3(F)F)cc1,"(2R)-N-((2R)-1-((1R,3r,5S)-8,8-difluorobicyclo[3.2.1]octane-3-carboxamido)propan-2-yl)-2-(4-methylphenyl)propanamide",,Cc1ccc(C(C)C(=O)N[C@H](C)CNC(=O)C2C[C@H]3CC[C@@H](C2)C3(F)F)cc1,
96562,CSCC(=O)N1[C@H]2CC[C@@H]1C[C@@H](NC(=O)c1cc(Br)cc([N+](=O)[O-])c1F)C2,"5-bromo-2-fluoro-N-((1R,3s,5S)-8-(2-(methylsulfanyl)-acetyl)-8-azabicyclo[3.2.1]octan-3-yl)-3-nitrobenzamide",,CSCC(=O)N1[C@@H]2CC[C@H]1C[C@H](NC(=O)c1cc(Br)cc([N+](=O)[O-])c1F)C2,
96575,C[C@H](NC(=O)Nc1ccccc1)C(=O)N[C@]1(C)C[C@@H](NC(=O)[C@H]2COCCO2)C1,"(2S)-N-((1R,3S)-3-((2R)-1,4-dioxane-2-carboxamido)-1-methylcyclobutyl)-2-(phenylcarbamoylamino)propanamide",,CC(NC(=O)Nc1ccccc1)C(=O)N[C@]1(C)C[C@@H](NC(=O)C2COCCO2)C1,
96612,COc1cc(OC)c2c(c1)N(C(=O)[C@H]1C[C@@H]3CC[C@H](C1)[C@@H]3O)CC2,"1-(4,6-dimethoxyindolin-1-yl)-1-((1R,3s,5S,8r)-8-hydroxybicyclo[3.2.1]octan-3-yl)methanone",,COc1cc(OC)c2c(c1)N(C(=O)C1C[C@H]3CC[C@@H](C1)[C@H]3O)CC2,
96664,COc1cc(F)c(F)cc1C(=O)N[C@]1(C)C[C@H](NC(=O)CCCN=[N+]=[N-])C1,"N-((1s,3s)-3-(4-azidobutanamido)-1-methylcyclobutyl)-4,5-difluoro-2-methoxybenzamide",,COc1cc(F)c(F)cc1C(=O)N[C@]1(C)C[C@H](NC(=O)CCCN=[N+]=[N-])C1,
96669,CC(=CC(=O)N[C@H]1[C@@H]2CN(C(=O)[C@H]3CN4CCN3[C@@H](C)C4)C[C@@H]21)C(C)(C)C,"3,4,4-trimethyl-N-((1R,5S,6S)-3-(((2R,6S)-6-methyl-1,4-diazabicyclo[2.2.2]octan-2-yl)carbonyl)-3-azabicyclo[3.1.0]hexan-6-yl)pent-2-enamide",,CC(=CC(=O)N[C@H]1[C@@H]2CN(C(=O)C3CN4CCN3[C@@H](C)C4)C[C@@H]21)C(C)(C)C,
96741,Cc1cccc2sc(C(=O)N[C@H]3C[C@H](NC(=O)[C@@H]4C[C@@H](C)C[C@@H](C)C4)C3)c(Cl)c12,"3-chloro-4-methyl-N-(trans-3-((1r,3R,5S)-3,5-dimethylcyclohexanecarboxamido)cyclobutyl)-1-benzothiophene-2-carboxamide",,Cc1cccc2sc(C(=O)N[C@H]3C[C@H](NC(=O)C4C[C@@H](C)C[C@@H](C)C4)C3)c(Cl)c12,
96749,O=C(NC[C@@]1(CO)CC12CCN(C(=O)c1ccoc1)CC2)[C@@H]1[C@H]2CC(F)(F)C[C@H]21,"(1R,5S,6r)-3,3-difluoro-N-(((1R)-6-((furan-3-yl)carbonyl)-1-(hydroxymethyl)-6-azaspiro[2.5]octan-1-yl)methyl)bicyclo[3.1.0]hexane-6-carboxamide",,O=C(NC[C@@]1(CO)CC12CCN(C(=O)c1ccoc1)CC2)C1[C@H]2CC(F)(F)C[C@@H]12,
96771,CC[C@H](CC(F)F)C(=O)N[C@H]1C[C@@H]2CN(C(=O)C3([C@@H]4CCCO4)CC3)C[C@@H]2C1,"(2R)-2-ethyl-4,4-difluoro-N-((1R,5S,7R)-3-((1-((2S)-oxolan-2-yl)cyclopropyl)carbonyl)-3-azabicyclo[3.3.0]octan-7-yl)butanamide",,CCC(CC(F)F)C(=O)N[C@H]1C[C@@H]2CN(C(=O)C3([C@@H]4CCCO4)CC3)C[C@@H]2C1,
96806,CC[C@@H](C)NC(=NCC1CN(C(=O)OC)C1)NC[C@]1(F)CC[C@@H](C(=O)OC)CC1,"methyl 3-((((((2R)-butan-2-yl)amino)((((1s,4S)-1-fluoro-4-((methoxy)carbonyl)cyclohexyl)methyl)amino)methylidene)amino)methyl)azetidine-1-carboxylate",,CC[C@@H](C)N=C(NCC1CN(C(=O)OC)C1)NCC1(F)CCC(C(=O)OC)CC1,
96855,CN(C)CCC1(C(=O)N2C[C@H]3[C@H](NC(=O)c4cnsc4)[C@H]3C2)CC1,"N-((1R,5S,6s)-3-((1-(2-(dimethylamino)ethyl)cyclopropyl)carbonyl)-3-azabicyclo[3.1.0]hexan-6-yl)-1,2-thiazole-4-carboxamide",,CN(C)CCC1(C(=O)N2C[C@@H]3[C@H](C2)[C@H]3NC(=O)c2cnsc2)CC1,
96867,C[C@@H]1[C@H](C(=O)N2CCC[C@@H]2C(C)(C)CNC(=O)CCc2cnoc2)[C@@H]1C,"N-(2-((2R)-1-(((1s,2R,3S)-2,3-dimethylcyclopropyl)carbonyl)pyrrolidin-2-yl)-2-methylpropyl)-3-(1,2-oxazol-4-yl)propanamide",,C[C@@H]1C(C(=O)N2CCC[C@@H]2C(C)(C)CNC(=O)CCc2cnoc2)[C@@H]1C,
96883,COc1cc(CCC(=O)N2C[C@H]3[C@H](NC(=O)[C@@H](C)C#N)[C@H]3C2)ccc1Cl,"(2S)-N-((1R,5S,6s)-3-(3-(4-chloro-3-methoxyphenyl)-propionyl)-3-azabicyclo[3.1.0]hexan-6-yl)-2-cyanopropanamide",,COc1cc(CCC(=O)N2C[C@@H]3[C@H](C2)[C@H]3NC(=O)C(C)C#N)ccc1Cl,
96924,C=CC1(CC(=O)NC[C@]2(F)C[C@@H](CNC(=O)C/C=C/c3ccccc3)C2)CC1,"(3E)-N-(((1s,3s)-3-((2-(1-ethenylcyclopropyl)acetamido)methyl)-3-fluorocyclobutyl)methyl)-4-phenylbut-3-enamide",,C=CC1(CC(=O)NC[C@]2(F)C[C@@H](CNC(=O)C/C=C/c3ccccc3)C2)CC1,
96960,CCc1ccc(C(=O)N2C[C@H]3[C@H](CNC(=O)c4nn(C)cc4N)[C@H]3C2)cn1,"4-amino-N-(((1R,5S,6r)-3-((6-ethylpyridin-3-yl)carbonyl)-3-azabicyclo[3.1.0]hexan-6-yl)methyl)-1-methyl-1H-pyrazole-3-carboxamide",,CCc1ccc(C(=O)N2C[C@@H]3[C@@H](CNC(=O)c4nn(C)cc4N)[C@@H]3C2)cn1,
97052,CN(C(=O)CN1CCOCC1=O)[C@H]1[C@@H]2CN(C(=O)C[C@H](O)C3CCCC3)C[C@@H]21,"N-((1R,5S,6R)-3-((3S)-3-cyclopentyl-3-hydroxy-propionyl)-3-azabicyclo[3.1.0]hexan-6-yl)-N-methyl-2-(3-oxomorpholin-4-yl)acetamide",,CN(C(=O)CN1CCOCC1=O)[C@H]1[C@@H]2CN(C(=O)C[C@H](O)C3CCCC3)C[C@@H]21,
97108,CCCc1nc(C(=O)NC[C@]2(F)C[C@H](N=c3cc(Cl)nc(C(F)(F)F)[nH]3)C2)co1,"N-(((1r,3r)-3-((6-chloro-2-(trifluoromethyl)-3H-pyrimidin-4-ylidene)amino)-1-fluorocyclobutyl)methyl)-2-propyl-1,3-oxazole-4-carboxamide",,CCCc1nc(C(=O)NC[C@]2(F)C[C@H](Nc3cc(Cl)nc(C(F)(F)F)n3)C2)co1,
97155,CC(C)C[C@@H](C)OCCC(=O)N1[C@H]2CC[C@@H]1C[C@@H](NC(=O)[C@H](C)N(C)C)C2,"(2S)-2-(dimethylamino)-N-((1R,3S,5S)-8-(3-(((2R)-4-methylpentan-2-yl)oxy)-propionyl)-8-azabicyclo[3.2.1]octan-3-yl)propanamide",,CC(C)C[C@@H](C)OCCC(=O)N1[C@@H]2CC[C@H]1C[C@H](NC(=O)C(C)N(C)C)C2,
97222,C[C@H]1C[C@](C)(C(=O)N2CC[C@](CF)(NC(=O)COC[C@H]3CCCO3)C2)C[C@@H](C)O1,"N-((3S)-3-(fluoromethyl)-1-(((2R,4s,6S)-2,4,6-trimethyloxan-4-yl)carbonyl)pyrrolidin-3-yl)-2-((((2R)-oxolan-2-yl)methyl)oxy)acetamide",,C[C@@H]1C[C@@](C)(C(=O)N2CC[C@](CF)(NC(=O)COC[C@H]3CCCO3)C2)C[C@H](C)O1,
97246,CSc1ccc(C(=O)N[C@]2(C)C[C@@H](NC(=O)C3CC(C)(C)CC(C)(C)C3)C2)cc1,"N-((1r,3r)-1-methyl-3-(3,3,5,5-tetramethylcyclohexanecarboxamido)cyclobutyl)-4-(methylsulfanyl)benzamide",,CSc1ccc(C(=O)N[C@]2(C)C[C@@H](NC(=O)C3CC(C)(C)CC(C)(C)C3)C2)cc1,
97249,CC(=O)N1CC2(CCN(C(=O)c3cc4n(n3)C[C@H](F)C4)CC2)[C@@H]2COC[C@@H]21,"1-((1S,5R)-spiro[3-oxa-6-azabicyclo[3.3.0]octane-8,4'-1-(1-azacyclohexan-1-yl)-1-((7R)-7-fluoro-1,2-diazabicyclo[3.3.0]octa-2,4-dien-3-yl)methanone]-6-yl)ethan-1-one",,CC(=O)N1CC2(CCN(C(=O)c3cc4n(n3)C[C@H](F)C4)CC2)[C@@H]2COC[C@@H]21,
97289,COCCCNC(=O)[C@H]1CCN(C(=O)[C@H]2C[C@@H]3C[C@@H]3C2)O1,"(5R)-2-(((1R,3s,5S)-bicyclo[3.1.0]hexan-3-yl)carbonyl)-N-(3-methoxypropyl)-1,2-oxazolidine-5-carboxamide",,COCCCNC(=O)C1CCN(C(=O)C2C[C@@H]3C[C@@H]3C2)O1,
97315,COC[C@H](CC(C)C)C(=O)NC[C@]1(F)C[C@H](CNC(=O)COc2ccccc2)C1,"(2S)-N-(((1r,3S)-1-fluoro-3-((2-phenoxyacetamido)methyl)cyclobutyl)methyl)-2-(methoxymethyl)-4-methylpentanamide",,COCC(CC(C)C)C(=O)NC[C@]1(F)C[C@H](CNC(=O)COc2ccccc2)C1,
97328,CC(C)(CCC#N)C(=O)N1CC[C@](O)(CCNC(=O)[C@@H]2C[C@@H]3CC[C@@H]3C2)C1,"(1R,3r,5S)-N-(2-((3R)-1-(2,2-dimethyl-5-nitrilo-pentanoyl)-3-hydroxypyrrolidin-3-yl)ethyl)bicyclo[3.2.0]heptane-3-carboxamide",,CC(C)(CCC#N)C(=O)N1CC[C@](O)(CCNC(=O)C2C[C@H]3CC[C@H]3C2)C1,
97348,C[C@H](CCNC(=O)[C@H]1C[C@@H]2CC[C@H](C1)O2)NC(=O)CC1CC(C)(C)OC(C)(C)C1,"(1R,3s,5S)-N-((3R)-3-(2-(2,2,6,6-tetramethyloxan-4-yl)acetamido)butyl)-8-oxabicyclo[3.2.1]octane-3-carboxamide",,C[C@H](CCNC(=O)C1C[C@H]2CC[C@@H](C1)O2)NC(=O)CC1CC(C)(C)OC(C)(C)C1,
97450,O=C([C@@H]1[C@H]2COC[C@H]21)N1CC[C@H]2[C@H](CCN2C(=O)c2nncc3c2CCCC3)C1,"1-((1R,6S)-3-(((1R,5S,6r)-3-oxabicyclo[3.1.0]hexan-6-yl)carbonyl)-3,7-diazabicyclo[4.3.0]nonan-7-yl)-1-(5,6,7,8-tetrahydrophthalazin-1-yl)methanone",,O=C(C1[C@H]2COC[C@@H]12)N1CC[C@H]2[C@H](CCN2C(=O)c2nncc3c2CCCC3)C1,
97500,O=C(Nc1ncc(F)cc1Cl)[C@@H]1[C@H]2CN(C(=O)c3ccnc(F)c3F)C[C@H]21,"(1R,5S,6r)-N-(3-chloro-5-fluoropyridin-2-yl)-3-((2,3-difluoropyridin-4-yl)carbonyl)-3-azabicyclo[3.1.0]hexane-6-carboxamide",,O=C(Nc1ncc(F)cc1Cl)C1[C@H]2CN(C(=O)c3ccnc(F)c3F)C[C@@H]12,
97572,Cc1nnc(CCCC(=O)NC[C@](C)(O)CNC(=O)[C@H]2C[C@H]3[C@@H](C2)C3(F)F)n1C,"N-((2S)-3-((1R,3s,5S)-6,6-difluorobicyclo[3.1.0]hexane-3-carboxamido)-2-hydroxy-2-methylpropyl)-4-(4,5-dimethyl-4H-1,2,4-triazol-3-yl)butanamide",,Cc1nnc(CCCC(=O)NC[C@](C)(O)CNC(=O)C2C[C@@H]3[C@H](C2)C3(F)F)n1C,
97640,Cn1nnc2c1[C@H](C(=O)N1CC[C@H]([C@H]3CCCN3C(=O)c3ccoc3)C1)CCC2,"1-(furan-3-yl)-1-((2R)-2-((3S)-1-(((4R)-3-methyl-4,5,6,7-tetrahydro-1H-benzotriazol-4-yl)carbonyl)pyrrolidin-3-yl)pyrrolidin-1-yl)methanone",O1C=C(C=C1)C(=O)N1[C@H](CCC1)[C@@H]1CN(CC1)C(=O)[C@@H]1CCCC=2NNN(C21)C,Cn1nnc2c1C(C(=O)N1CC[C@H]([C@H]3CCCN3C(=O)c3ccoc3)C1)CCC2,CN1NNC2=C1C(C(=O)N1CC[C@H]([C@H]3CCCN3C(=O)c3ccoc3)C1)CCC2
97646,O=C(N=c1cc(C2CC2)[nH][nH]1)[C@@H]1[C@H]2[C@H]3C[C@H]4[C@@H]1[C@@H]2[C@@]43C(=O)N[C@H]1CCCC[C@@H]1O,"(1S,2r,3S,5R,6S,7S,8R)-N'-(5-cyclopropyl-1H,2H-pyrazol-3-ylidene)-N-((1S,2S)-2-hydroxycyclohexyl)tetracyclo[4.2.0.0^{3,8}.0^{2,5}]octane-2,7-dicarboxamide",,O=C(Nc1cc(C2CC2)[nH]n1)C1[C@@H]2[C@@H]3[C@H]1[C@@H]1C[C@H]2[C@@]31C(=O)N[C@H]1CCCC[C@@H]1O,
97682,CCO[C@@H](C)C(=O)N1C[C@H]2[C@H](NC(=O)C[C@H](C)CNC(=O)OC(C)(C)C)[C@H]2C1,"tert-butyl (((2S)-4-(((1R,5S,6R)-3-((2S)-2-ethoxy-propionyl)-3-azabicyclo[3.1.0]hexan-6-yl)amino)-2-methyl-4-oxobutyl)amino)formate",,CCOC(C)C(=O)N1C[C@@H]2[C@H](C1)[C@H]2NC(=O)C[C@H](C)CNC(=O)OC(C)(C)C,
97693,CC/C=C/CC(=O)N(C)[C@H]1[C@@H]2CN(C(=O)Cc3cccnc3)C[C@@H]21,"(3E)-N-methyl-N-((1R,5S,6s)-3-(1-oxo-2-(pyridin-3-yl)ethyl)-3-azabicyclo[3.1.0]hexan-6-yl)hex-3-enamide",,CC/C=C/CC(=O)N(C)[C@H]1[C@@H]2CN(C(=O)Cc3cccnc3)C[C@@H]21,
97791,CC[C@@](C)(CCC(C)C)C(=O)N1C[C@H]2[C@H](NC(=O)C(C)(C)C#N)[C@H]2C1,"2-cyano-N-((1R,5S,6R)-3-((2S)-2-ethyl-2,5-dimethyl-hexanoyl)-3-azabicyclo[3.1.0]hexan-6-yl)-2-methylpropanamide",,CC[C@@](C)(CCC(C)C)C(=O)N1C[C@@H]2[C@H](C1)[C@H]2NC(=O)C(C)(C)C#N,
97821,CC(C)CC1(C(=O)N2[C@@H]3CC[C@@H](C3)[C@H]2CC(=O)N2[C@H]3CC[C@@H]2C[C@@H](F)C3)CC1,"1-((1R,3S,5S)-3-fluoro-8-azabicyclo[3.2.1]octan-8-yl)-2-((1R,3R,4S)-2-((1-(2-methylpropyl)cyclopropyl)carbonyl)-2-azabicyclo[2.2.1]heptan-3-yl)ethan-1-one",,CC(C)CC1(C(=O)N2[C@@H]3CC[C@@H](C3)[C@H]2CC(=O)N2[C@@H]3CC[C@H]2C[C@H](F)C3)CC1,
97856,CCCSCC(=O)NC[C@]12CC[C@@H]1CCN2C(=O)[C@H]1CC[C@@](C)(F)CC1,"N-(((1S,5R)-2-(((1s,4R)-4-fluoro-4-methylcyclohexyl)carbonyl)-2-azabicyclo[3.2.0]heptan-1-yl)methyl)-2-(propylsulfanyl)acetamide",,CCCSCC(=O)NC[C@]12CC[C@@H]1CCN2C(=O)C1CCC(C)(F)CC1,
97918,CO[C@H](C(=O)N1C[C@H]2[C@@H](C1)[C@@H]2C(=O)N1C[C@@H]2CNC[C@H]1COC2)c1ccccc1,"(2S)-2-methoxy-1-((1R,5S,6S)-6-(((1S,5S)-3-oxa-7,9-diazabicyclo[3.3.2]decan-9-yl)carbonyl)-3-azabicyclo[3.1.0]hexan-3-yl)-2-phenylethan-1-one",,COC(C(=O)N1C[C@@H]2C(C(=O)N3C[C@@H]4CNC[C@H]3COC4)[C@@H]2C1)c1ccccc1,
97950,C[C@H](Sc1ccnc2cc(Cl)ccc12)C(=O)N1C[C@H]2[C@H](NC(=O)CC3CC3)[C@H]2C1,"N-((1R,5S,6R)-3-((2S)-2-((7-chloroquinolin-4-yl)sulfanyl)-propionyl)-3-azabicyclo[3.1.0]hexan-6-yl)-2-cyclopropylacetamide",,CC(Sc1ccnc2cc(Cl)ccc12)C(=O)N1C[C@@H]2[C@H](C1)[C@H]2NC(=O)CC1CC1,
97991,CCS(=O)(=O)NCCC(=O)NC[C@]1(F)C[C@@H](NC(=O)[C@@H](C)c2c(C)n[nH]c2C)C1,"(2S)-2-(3,5-dimethyl-1H-pyrazol-4-yl)-N-((1s,3R)-3-((3-ethylsulfonylaminopropanamido)methyl)-3-fluorocyclobutyl)propanamide",,CCS(=O)(=O)NCCC(=O)NC[C@]1(F)C[C@@H](NC(=O)C(C)c2c(C)n[nH]c2C)C1,
98004,COc1ccc(CC(=O)N2CCC[C@@H]2CN(C)C(=O)[C@@H]2[C@H]3CCCC[C@H]32)c(Cl)c1,"(1R,6S,7r)-N-(((2R)-1-(2-(2-chloro-4-methoxyphenyl)-acetyl)pyrrolidin-2-yl)methyl)-N-methylbicyclo[4.1.0]heptane-7-carboxamide",,COc1ccc(CC(=O)N2CCC[C@@H]2CN(C)C(=O)C2[C@H]3CCCC[C@@H]23)c(Cl)c1,
98043,C[C@@H](CC(N)=O)N(C)C(=O)[C@]1(NC(=O)Cc2ccn(C)n2)C[C@@H](O)C1,(3S)-3-(N-methyl-3-hydroxy-1-(2-(1-methyl-1H-pyrazol-3-yl)acetamido)cyclobutanecarboxamido)butanamide,CN(C(=O)C1(CC(C1)O)NC(CC1=NN(C=C1)C)=O)[C@H](CC(=O)N)C,C[C@@H](CC(N)=O)N(C)C(=O)[C@]1(NC(=O)Cc2ccn(C)n2)C[C@@H](O)C1,C[C@@H](CC(N)=O)N(C)C(=O)C1(NC(=O)Cc2ccn(C)n2)CC(O)C1
98051,Cc1cnncc1C(=O)N1C[C@H]2C[C@H](NC(=O)Nc3ccc(Cl)cc3)C[C@H]2C1,"1-((4-chlorophenyl)amino)-N-((1R,5S,7s)-3-((5-methylpyridazin-4-yl)carbonyl)-3-azabicyclo[3.3.0]octan-7-yl)formamide",,Cc1cnncc1C(=O)N1C[C@H]2C[C@H](NC(=O)Nc3ccc(Cl)cc3)C[C@H]2C1,
98099,CC[C@]1(C(=O)N2CCC([C@@H]3CCN(C(=O)C=CBr)C3)CC2)CC[C@@H](O)CC1,"3-bromo-1-((3S)-3-(1-(((1s,4R)-1-ethyl-4-hydroxycyclohexyl)carbonyl)piperidin-4-yl)pyrrolidin-1-yl)prop-2-en-1-one",,CC[C@]1(C(=O)N2CCC([C@@H]3CCN(C(=O)C=CBr)C3)CC2)CC[C@@H](O)CC1,
98126,CC[C@]1(C(=O)N[C@H]2CCN(C(=O)COc3ccc(F)nc3)[C@H]2C)CC[C@@H](O)CC1,"(1s,4R)-1-ethyl-N-((2S,3S)-1-(2-((6-fluoropyridin-3-yl)oxy)-acetyl)-2-methylpyrrolidin-3-yl)-4-hydroxycyclohexanecarboxamide",,CC[C@]1(C(=O)N[C@H]2CCN(C(=O)COc3ccc(F)nc3)[C@H]2C)CC[C@@H](O)CC1,
98199,CC1(C)O[C@H]2C[C@H](C(=O)NC[C@H](CO)NC(=O)c3nc4ccccc4[nH]3)C[C@H]2O1,"N-((2R)-1-((1R,5S,7s)-3,3-dimethyl-2,4-dioxabicyclo[3.3.0]octane-7-carboxamido)-3-hydroxypropan-2-yl)-1H-benzimidazole-2-carboxamide",,CC1(C)O[C@H]2CC(C(=O)NC[C@H](CO)NC(=O)c3nc4ccccc4[nH]3)C[C@H]2O1,
98200,C[C@@]12CC[C@@](CC(=O)N3[C@H]4CC[C@@H]3C[C@H](NC(=O)C(N)=O)C4)(CO1)C2,"N-((1R,3R,5S)-8-(2-((1S,4R)-1-methyl-2-oxabicyclo[2.2.1]heptan-4-yl)-acetyl)-8-azabicyclo[3.2.1]octan-3-yl)ethanediamide",,C[C@@]12CC[C@@](CC(=O)N3[C@@H]4CC[C@H]3C[C@@H](NC(=O)C(N)=O)C4)(CO1)C2,
98244,CC(C)(C#CC(=O)N[C@@H]1CCCC[C@H]1F)CNC(=O)[C@@H]1C[C@@H]2CC[C@@H]2C1,"5-((1R,3r,5S)-bicyclo[3.2.0]heptane-3-carboxamido)-N-((1R,2R)-2-fluorocyclohexyl)-4,4-dimethylpent-2-ynamide",,CC(C)(C#CC(=O)N[C@@H]1CCCC[C@H]1F)CNC(=O)C1C[C@H]2CC[C@H]2C1,
98275,C#CC[C@H](O)C(=O)N1C[C@H]2[C@@H](C1)[C@@H]2C(=O)N1CC[C@H](C(=O)NC)[C@@H]1C,"(2S,3S)-1-(((1R,5S,6S)-3-((2S)-2-hydroxy-1-oxopent-4-yn-1-yl)-3-azabicyclo[3.1.0]hexan-6-yl)carbonyl)-2,N-dimethylpyrrolidine-3-carboxamide",,C#CCC(O)C(=O)N1C[C@@H]2C(C(=O)N3CCC(C(=O)NC)[C@@H]3C)[C@@H]2C1,
98289,COc1ccc(CO)cc1C(=O)N[C@]1(C)C[C@H](NC(=O)CN2CCCNC2=O)C1,"5-(hydroxymethyl)-2-methoxy-N-((1s,3s)-1-methyl-3-(2-(2-oxo-1,3-diazinan-1-yl)acetamido)cyclobutyl)benzamide",,COc1ccc(CO)cc1C(=O)N[C@]1(C)C[C@H](NC(=O)CN2CCCNC2=O)C1,
98310,CC(C)[C@@H](CNC(=O)Cc1ccccc1)NC(=O)[C@H]1C[C@H]2COC[C@H](C2)C1,"N-((2S)-3-methyl-2-((1R,5S,7s)-3-oxabicyclo[3.3.1]nonane-7-carboxamido)butyl)-2-phenylacetamide",,CC(C)[C@@H](CNC(=O)Cc1ccccc1)NC(=O)C1C[C@H]2COC[C@@H](C1)C2,
98327,Cc1c(C=CC(=O)N2C[C@H]3[C@H](NC(=O)Cc4ccc(O)cc4Cl)[C@H]3C2)cnn1C,"2-(2-chloro-4-hydroxyphenyl)-N-((1R,5S,6s)-3-(3-(1,5-dimethyl-1H-pyrazol-4-yl)-1-oxoprop-2-en-1-yl)-3-azabicyclo[3.1.0]hexan-6-yl)acetamide",,Cc1c(C=CC(=O)N2C[C@@H]3[C@H](C2)[C@H]3NC(=O)Cc2ccc(O)cc2Cl)cnn1C,
98379,C#CC1(C(=O)N[C@H]2C[C@@H]3CN(C(=O)c4ccncc4N(C)C)C[C@@H]3C2)CCCC1,"N-((1R,5S,7s)-3-((3-(dimethylamino)pyridin-4-yl)carbonyl)-3-azabicyclo[3.3.0]octan-7-yl)-1-(ethynyl)cyclopentanecarboxamide",,C#CC1(C(=O)N[C@H]2C[C@@H]3CN(C(=O)c4ccncc4N(C)C)C[C@@H]3C2)CCCC1,
98394,O=C(C=CC1CC1)N[C@H]1CC[C@@]2(CC1)CN(C(=O)CC1CCC1)CCO2,N-(4-(2-cyclobutyl-acetyl)-1-oxa-4-azaspiro[5.5]undecan-9-yl)-3-cyclopropylprop-2-enamide,C1(CCC1)CC(=O)N1CCOC2(C1)CCC(CC2)NC(C=CC2CC2)=O,O=C(C=CC1CC1)N[C@H]1CC[C@@]2(CC1)CN(C(=O)CC1CCC1)CCO2,O=C(C=CC1CC1)NC1CCC2(CC1)CN(C(=O)CC1CCC1)CCO2
98443,O=C(NCC[C@H]1CN(C(=O)[C@H]2C[C@@H]3C[C@@H]3C2)CCCO1)c1coc(Br)n1,"N-(2-((2S)-4-(((1R,3s,5S)-bicyclo[3.1.0]hexan-3-yl)carbonyl)-1,4-oxazepan-2-yl)ethyl)-2-bromo-1,3-oxazole-4-carboxamide",,O=C(NCC[C@H]1CN(C(=O)C2C[C@@H]3C[C@@H]3C2)CCCO1)c1coc(Br)n1,
98551,C[S@@](=O)c1ccccc1C(=O)NCCOC1CN(C(=O)[C@@H]2C[C@H]3[C@@H](C2)C3(F)F)C1,"N-(2-((1-(((1R,3r,5S)-6,6-difluorobicyclo[3.1.0]hexan-3-yl)carbonyl)azetidin-3-yl)oxy)ethyl)-2-((R)-methylsulfinyl)benzamide",,C[S@@+]([O-])c1ccccc1C(=O)NCCOC1CN(C(=O)C2C[C@@H]3[C@H](C2)C3(F)F)C1,
98572,CO[C@@H]1CC[C@@]2(C(=O)N[C@H]3C[C@@H]4CC[C@H](C3)N4C(=O)Cc3cncc(C)c3)C[C@H]12,"(1R,4R,5S)-4-methoxy-N-((1R,3s,5S)-8-(2-(5-methylpyridin-3-yl)-acetyl)-8-azabicyclo[3.2.1]octan-3-yl)bicyclo[3.1.0]hexane-1-carboxamide",,CO[C@@H]1CC[C@@]2(C(=O)N[C@@H]3C[C@H]4CC[C@@H](C3)N4C(=O)Cc3cncc(C)c3)C[C@H]12,
98580,CC[C@H]1C[C@@H]1C(=O)N[C@H]1C[C@](F)(CNC(=O)Cn2cc(C(=O)NC)nn2)C1,"1-(2-((((1R,3s)-3-((1S,2S)-2-ethylcyclopropanecarboxamido)-1-fluorocyclobutyl)methyl)amino)-2-oxoethyl)-N-methyl-1H-1,2,3-triazole-4-carboxamide",,CC[C@H]1CC1C(=O)N[C@H]1C[C@](F)(CNC(=O)Cn2cc(C(=O)NC)nn2)C1,
98627,CSc1ccc(C(=O)CCC(=O)N2C[C@H]3[C@H](NC(=O)CC4CC=CC4)[C@H]3C2)cc1,"2-(cyclopent-3-en-1-yl)-N-((1R,5S,6s)-3-(4-(4-(methylsulfanyl)phenyl)-1,4-dioxobutyl)-3-azabicyclo[3.1.0]hexan-6-yl)acetamide",,CSc1ccc(C(=O)CCC(=O)N2C[C@@H]3[C@H](C2)[C@H]3NC(=O)CC2CC=CC2)cc1,
98651,CCCCC[C@H](O)C(=O)N[C@]1(C)C[C@@H](NC(=O)[C@H](C)n2ccc(C(F)(F)F)n2)C1,"(2S)-2-hydroxy-N-((1S,3S)-1-methyl-3-((2S)-2-(3-(trifluoromethyl)-1H-pyrazol-1-yl)propanamido)cyclobutyl)heptanamide",,CCCCCC(O)C(=O)N[C@]1(C)C[C@@H](NC(=O)C(C)n2ccc(C(F)(F)F)n2)C1,
98669,CCC[C@](C)(O)C(=O)N1[C@H]2CC[C@@H]1C[C@H](CNC(=O)c1cncc3c1CCC3)C2,"N-(((1R,3S,5S)-8-((2S)-2-hydroxy-2-methyl-pentanoyl)-8-azabicyclo[3.2.1]octan-3-yl)methyl)-3-azabicyclo[4.3.0]nona-1(6),2,4-triene-5-carboxamide",,CCC[C@](C)(O)C(=O)N1[C@@H]2CC[C@H]1C[C@@H](CNC(=O)c1cncc3c1CCC3)C2,
98677,CN(C(=O)[C@@H]1CCn2nncc2C1)C1CCN(C(=O)[C@H]2C[C@@](C)(O)C2)CC1,"(4R)-N-(1-(((1s,3S)-3-hydroxy-3-methylcyclobutyl)carbonyl)piperidin-4-yl)-N-methyl-1,8,9-triazabicyclo[4.3.0]nona-6,8-diene-4-carboxamide",,CN(C(=O)C1CCn2nncc2C1)C1CCN(C(=O)C2CC(C)(O)C2)CC1,
98775,CC1=C(C(=O)N(C)[C@H]2[C@@H]3CN(C(=O)c4cc([N+](=O)[O-])c[nH]4)C[C@@H]32)CCC1,"2,N-dimethyl-N-((1R,5S,6s)-3-((4-nitro-1H-pyrrol-2-yl)carbonyl)-3-azabicyclo[3.1.0]hexan-6-yl)cyclopent-1-ene-1-carboxamide",,CC1=C(C(=O)N(C)[C@H]2[C@@H]3CN(C(=O)c4cc([N+](=O)[O-])c[nH]4)C[C@@H]32)CCC1,
98791,CC(C)[C@@H](C(=O)N[C@]1(C)C[C@H](NC(=O)C2(n3ccnn3)CC2)C1)n1cnnc1,"(2S)-3-methyl-N-((1s,3R)-1-methyl-3-(1-(1H-1,2,3-triazol-1-yl)cyclopropanecarboxamido)cyclobutyl)-2-(4H-1,2,4-triazol-4-yl)butanamide",,CC(C)C(C(=O)N[C@]1(C)C[C@H](NC(=O)C2(n3ccnn3)CC2)C1)n1cnnc1,
98797,C[C@@H](C(=O)N[C@H]1CC[C@@H]1C(=O)N[C@H]1C[C@H]2COC[C@H](C2)C1)c1ccnn1C,"(2R)-2-(1-methyl-1H-pyrazol-5-yl)-N-((1S,2S)-2-(((1R,5S,7s)-3-oxabicyclo[3.3.1]nonan-7-yl)carbamoyl)cyclobutyl)propanamide",,CC(C(=O)N[C@H]1CCC1C(=O)N[C@@H]1C[C@@H]2COC[C@@H](C2)C1)c1ccnn1C,
98866,CN(C)Cc1cc(C(=O)N[C@H]2C[C@@H]3C[C@H](C2)CN(C(=O)[C@@H]2C[C@@H]2C(F)F)C3)no1,"N-((1R,5S,7S)-3-(((1R,2S)-2-(difluoromethyl)cyclopropyl)carbonyl)-3-azabicyclo[3.3.1]nonan-7-yl)-5-((dimethylamino)methyl)-1,2-oxazole-3-carboxamide",,CN(C)Cc1cc(C(=O)N[C@@H]2C[C@H]3C[C@@H](C2)CN(C(=O)C2C[C@@H]2C(F)F)C3)no1,
98879,O=C(NCC[C@@H]1CCN(C(=O)CC2CSC2)C1)[C@@H]1C[C@H]2CCC[C@H](C2)C1,"(1R,3r,5S)-N-(2-((3R)-1-(1-oxo-2-(thietan-3-yl)ethyl)pyrrolidin-3-yl)ethyl)bicyclo[3.3.1]nonane-3-carboxamide",,O=C(NCC[C@@H]1CCN(C(=O)CC2CSC2)C1)C1C[C@H]2CCC[C@@H](C1)C2,
98916,Cc1ccc(CCC(=O)N[C@@H]2CCC[C@H](C(=O)N[C@H]3C[C@H](O)[C@H](O)C3)CC2)o1,"N-((1R,4S)-4-(((1s,3R,4S)-3,4-dihydroxycyclopentyl)carbamoyl)cycloheptyl)-3-(5-methylfuran-2-yl)propanamide",,Cc1ccc(CCC(=O)N[C@@H]2CCCC(C(=O)N[C@@H]3C[C@@H](O)[C@@H](O)C3)CC2)o1,
98937,CCCC[C@H](CNC(=O)[C@@H]1C[C@@H]2CC[C@@H]2C1)NC(=O)Cc1csc2cc(C)sc12,"(1R,3r,5S)-N-((2R)-2-(2-(5-methylthieno[3,2-b]thiophen-3-yl)acetamido)hexyl)bicyclo[3.2.0]heptane-3-carboxamide",,CCCC[C@H](CNC(=O)C1C[C@H]2CC[C@H]2C1)NC(=O)Cc1csc2cc(C)sc12,
98941,Cc1cc(C(=O)N(C)[C@H]2C[C@@H]3CC[C@H](C2)N3C(=O)c2cc[nH]c2)nc(O)n1,"2-hydroxy-6,N-dimethyl-N-((1R,3s,5S)-8-((1H-pyrrol-3-yl)carbonyl)-8-azabicyclo[3.2.1]octan-3-yl)pyrimidine-4-carboxamide",,Cc1cc(C(=O)N(C)[C@@H]2C[C@H]3CC[C@@H](C2)N3C(=O)c2cc[nH]c2)[nH]c(=O)n1,
99123,CN(C)C[C@H](C(=O)N[C@H]1[C@@H]2CN(C(=O)c3nc4ncccn4n3)C[C@@H]21)N(C)C,"(2R)-N-((1R,5S,6s)-3-(([1,2,4]triazolo[1,5-a]pyrimidin-2-yl)carbonyl)-3-azabicyclo[3.1.0]hexan-6-yl)-2,3-bis(dimethylamino)propanamide",,CN(C)CC(C(=O)N[C@H]1[C@@H]2CN(C(=O)c3nc4ncccn4n3)C[C@@H]21)N(C)C,
99156,Cc1nc(NCc2cc(C(C)C)ccn2)cc(N2C[C@@H]3C[C@H](CO)C[C@@H](C3)C2)n1,"1-((1R,5S,7s)-3-(2-methyl-6-(((4-(propan-2-yl)pyridin-2-yl)methyl)amino)pyrimidin-4-yl)-3-azabicyclo[3.3.1]nonan-7-yl)methanol",,Cc1nc(NCc2cc(C(C)C)ccn2)cc(N2C[C@@H]3C[C@H](CO)C[C@@H](C3)C2)n1,
99182,CO[C@@H](C(=O)NC[C@H]1[C@@H]2CN(C(=O)c3c(C)cccc3N)C[C@H]12)c1cccnc1,"(2R)-N-(((1R,5S,6r)-3-((2-amino-6-methylphenyl)carbonyl)-3-azabicyclo[3.1.0]hexan-6-yl)methyl)-2-methoxy-2-(pyridin-3-yl)acetamide",,COC(C(=O)NC[C@@H]1[C@H]2CN(C(=O)c3c(C)cccc3N)C[C@@H]12)c1cccnc1,
99204,C=CCC(CC=C)C(=O)NC[C@]1(O)C[C@@H]2CC[C@H](C1)N2C(=O)C[C@@H]1COC(=O)C1,"N-(((1R,3R,5S)-3-hydroxy-8-(1-oxo-2-((3S)-5-oxooxolan-3-yl)ethyl)-8-azabicyclo[3.2.1]octan-3-yl)methyl)-2-(prop-2-en-1-yl)pent-4-enamide",,C=CCC(CC=C)C(=O)NC[C@@]1(O)C[C@H]2CC[C@@H](C1)N2C(=O)C[C@@H]1COC(=O)C1,
99305,CN(C)C[C@@H](O)C(=O)N[C@]1(C)C[C@@H](NC(=O)c2cc([N+](=O)[O-])ccc2N(C)C)C1,"(2R)-3-(dimethylamino)-N-((1r,3R)-3-(2-(dimethylamino)-5-nitrobenzamido)-1-methylcyclobutyl)-2-hydroxypropanamide",,CN(C)CC(O)C(=O)N[C@]1(C)C[C@@H](NC(=O)c2cc([N+](=O)[O-])ccc2N(C)C)C1,
99353,Cc1c(C(=O)N2C[C@H]3[C@H](CNC(=O)c4c[nH]c(=O)cn4)[C@H]3C2)cnn1C(C)(C)C,"N-(((1R,5S,6r)-3-((1-(tert-butyl)-5-methyl-1H-pyrazol-4-yl)carbonyl)-3-azabicyclo[3.1.0]hexan-6-yl)methyl)-5-oxo-4H-pyrazine-2-carboxamide",,Cc1c(C(=O)N2C[C@@H]3[C@@H](CNC(=O)c4c[nH]c(=O)cn4)[C@@H]3C2)cnn1C(C)(C)C,
99355,CCOC(=O)CC(=O)N1C[C@H]2[C@H](CN(C)C(=O)[C@@H]3C[C@H]3c3ccc(F)cc3)[C@H]2C1,"ethyl 3-((1R,5S,6r)-6-((N-methyl(1R,2R)-2-(4-fluorophenyl)cyclopropanecarboxamido)methyl)-3-azabicyclo[3.1.0]hexan-3-yl)-3-oxopropanoate",,CCOC(=O)CC(=O)N1C[C@@H]2[C@@H](CN(C)C(=O)C3C[C@H]3c3ccc(F)cc3)[C@@H]2C1,
99383,COCC[C@@]1(NC(=O)Cc2cccc(C(C)C)c2)CCN(C(=O)[C@@H]2[C@@H](C)[C@H]2C)C1,"N-((3S)-1-(((1r,2R,3S)-2,3-dimethylcyclopropyl)carbonyl)-3-(2-methoxyethyl)pyrrolidin-3-yl)-2-(3-(propan-2-yl)phenyl)acetamide",,COCC[C@@]1(NC(=O)Cc2cccc(C(C)C)c2)CCN(C(=O)C2[C@@H](C)[C@H]2C)C1,
99505,C[S@](=O)C=CC(=O)N1[C@H]2CC[C@@H]1C[C@H](NC(=O)c1cc(-c3ccccc3)[nH]n1)C2,"N-((1R,3S,5S)-8-(3-((S)-methylsulfinyl)-1-oxoprop-2-en-1-yl)-8-azabicyclo[3.2.1]octan-3-yl)-5-phenyl-1H-pyrazole-3-carboxamide",,C[S@+]([O-])C=CC(=O)N1[C@@H]2CC[C@H]1C[C@@H](NC(=O)c1cc(-c3ccccc3)[nH]n1)C2,
99554,Cc1cc(C(=O)N2[C@@H]3COC[C@H]2C[C@@H](NC(=O)C(C)(C)CF)C3)nn1CCO,"3-fluoro-N-((1R,5S,7s)-9-((1-(2-hydroxyethyl)-5-methyl-1H-pyrazol-3-yl)carbonyl)-3-oxa-9-azabicyclo[3.3.1]nonan-7-yl)-2,2-dimethylpropanamide",,Cc1cc(C(=O)N2[C@@H]3COC[C@H]2C[C@@H](NC(=O)C(C)(C)CF)C3)nn1CCO,
99616,COCc1nn[nH]c1C(=O)N[C@@H]1C[C@@H]2CC[C@H](C1)N2C(=O)c1ccc(O)cc1C,"N-((1R,3r,5S)-8-((4-hydroxy-2-methylphenyl)carbonyl)-8-azabicyclo[3.2.1]octan-3-yl)-4-(methoxymethyl)-1H-1,2,3-triazole-5-carboxamide",,COCc1[nH]nnc1C(=O)N[C@H]1C[C@H]2CC[C@@H](C1)N2C(=O)c1ccc(O)cc1C,
99620,O=C(N[C@H]1[C@@H]2CN(C(=O)[C@@H]3C[C@@H]3c3nc[nH]n3)C[C@@H]21)c1nocc1C1CC1,"4-cyclopropyl-N-((1R,5S,6S)-3-(((1R,2S)-2-(1H-1,2,4-triazol-3-yl)cyclopropyl)carbonyl)-3-azabicyclo[3.1.0]hexan-6-yl)-1,2-oxazole-3-carboxamide",,O=C(N[C@H]1[C@@H]2CN(C(=O)C3C[C@@H]3c3nc[nH]n3)C[C@@H]21)c1nocc1C1CC1,
99650,O=C(N[C@H](CO)CNC(=O)[C@@H]1[C@H]2CCC[C@H]21)c1n[nH]c(C2CC2)c1Cl,"N-((2S)-1-((1R,5S,6r)-bicyclo[3.1.0]hexane-6-carboxamido)-3-hydroxypropan-2-yl)-4-chloro-5-cyclopropyl-1H-pyrazole-3-carboxamide",,O=C(N[C@H](CO)CNC(=O)C1[C@H]2CCC[C@@H]12)c1[nH]nc(C2CC2)c1Cl,
99653,CCc1[nH]c(=N)sc1C(=O)N1CCC([C@H](C)CNC(=O)[C@@H]2[C@@H](C)[C@H]2C)CC1,"(1r,2R,3S)-N-((2S)-2-(1-((4-ethyl-2-imino-3H-1,3-thiazol-5-yl)carbonyl)piperidin-4-yl)propyl)-2,3-dimethylcyclopropanecarboxamide",,CCc1nc(N)sc1C(=O)N1CCC([C@H](C)CNC(=O)C2[C@@H](C)[C@H]2C)CC1,
99654,CC12CCC(C(=O)N[C@H]3C[C@@H]4C[C@@H](NC(=O)[C@@H]5C[C@H]5F)C[C@@H]4C3)(CC1)CO2,"N-((2R,3aR,5r,6aS)-5-((1S,2R)-2-fluorocyclopropanecarboxamido)octahydropentalen-2-yl)-1-methyl-2-oxabicyclo[2.2.2]octane-4-carboxamide",,CC12CCC(C(=O)N[C@@H]3C[C@H]4C[C@H](NC(=O)C5C[C@H]5F)C[C@H]4C3)(CC1)CO2,
99716,O=C(CO[C@@H]1CC1(F)F)N1C[C@H]2[C@H](NC(=O)C3(F)CCCC3)[C@H]2C1,"N-((1R,5S,6S)-3-(2-(((1R)-2,2-difluorocyclopropyl)oxy)-acetyl)-3-azabicyclo[3.1.0]hexan-6-yl)-1-fluorocyclopentanecarboxamide",,O=C(CO[C@@H]1CC1(F)F)N1C[C@@H]2[C@H](C1)[C@H]2NC(=O)C1(F)CCCC1,
99725,CC(C)(C)CC[C@]1(O)C[C@@H](C(=O)N2CCN(C3CC3)[C@@H](c3nn[nH]n3)C2)C1,"1-((3R)-4-cyclopropyl-3-(2H-tetrazol-5-yl)piperazin-1-yl)-1-((1r,3S)-3-(3,3-dimethylbutyl)-3-hydroxycyclobutyl)methanone",,CC(C)(C)CCC1(O)CC(C(=O)N2CCN(C3CC3)[C@@H](c3nn[nH]n3)C2)C1,
99785,CC(C)(C)c1ncc(C(=O)NC[C@]2(F)C[C@@H](NC(=O)C3(n4cncn4)CC3)C2)s1,"2-(tert-butyl)-N-(((1s,3s)-1-fluoro-3-(1-(1H-1,2,4-triazol-1-yl)cyclopropanecarboxamido)cyclobutyl)methyl)-1,3-thiazole-5-carboxamide",,CC(C)(C)c1ncc(C(=O)NC[C@]2(F)C[C@@H](NC(=O)C3(n4cncn4)CC3)C2)s1,
99786,C[C@@H]1CN(C(=O)Cn2cc(Cl)cn2)C[C@H]1CC(=O)N1C[C@H]2[C@H](C)[C@H]2C1,"2-((3S,4S)-1-(2-(4-chloro-1H-pyrazol-1-yl)-acetyl)-4-methylpyrrolidin-3-yl)-1-((1R,5S,6R)-6-methyl-3-azabicyclo[3.1.0]hexan-3-yl)ethan-1-one",,C[C@@H]1[C@H]2CN(C(=O)C[C@@H]3CN(C(=O)Cn4cc(Cl)cn4)C[C@H]3C)C[C@@H]12,
99787,Cc1cc(=O)c(C(=O)N[C@H]2C[C@@](C)(NC(=O)c3ccc(=N)[nH]n3)C2)cn1C,"N-((1s,3s)-3-(1,6-dimethyl-4-oxo-1H-pyridine-3-carboxamido)-1-methylcyclobutyl)-6-imino-1H-pyridazine-3-carboxamide",,Cc1cc(=O)c(C(=O)N[C@H]2C[C@@](C)(NC(=O)c3ccc(N)nn3)C2)cn1C,
99789,O=C(N[C@H]1C[C@@H]2CC[C@H](C1)N2C(=O)[C@@]12CCC[C@@H](C1)OC2)C1(CC(F)F)CCC1,"1-(2,2-difluoroethyl)-N-((1R,3R,5S)-8-((1S,5S)-6-oxabicyclo[3.2.1]octan-1-ylformyl)-8-azabicyclo[3.2.1]octan-3-yl)cyclobutanecarboxamide",,O=C(N[C@@H]1C[C@H]2CC[C@@H](C1)N2C(=O)[C@@]12CCC[C@@H](C1)OC2)C1(CC(F)F)CCC1,
99834,Cc1ccccc1-c1nnc(N(C)[C@@H]2[C@H]3CCC[C@H]32)n1Cc1ccc(F)cc1F,"N-((1R,5S,6r)-bicyclo[3.1.0]hexan-6-yl)-4-((2,4-difluorophenyl)methyl)-N-methyl-5-(2-methylphenyl)-4H-1,2,4-triazol-3-amine",,Cc1ccccc1-c1nnc(N(C)[C@H]2[C@@H]3CCC[C@@H]32)n1Cc1ccc(F)cc1F,
99969,Cc1cc(Cl)ncc1CN1C[C@H]2[C@@H](C1)[C@@H]2C(=O)NC[C@H]1CC[C@H](CO)CC1,"(1R,5S,6r)-3-((6-chloro-4-methylpyridin-3-yl)methyl)-N-((trans-4-(hydroxymethyl)cyclohexyl)methyl)-3-azabicyclo[3.1.0]hexane-6-carboxamide",,Cc1cc(Cl)ncc1CN1C[C@@H]2C(C(=O)NC[C@H]3CC[C@H](CO)CC3)[C@@H]2C1,
