index,smiles,name,opsin_smiles,std_original,std_opsin
6,CC(C)C1(C(=O)N2[C@H]3CC[C@@H]2C[C@@H](NC(=O)CCOC[C@H]2CCCO2)C3)CC1,,,CC(C)C1(C(=O)N2[C@@H]3CC[C@H]2C[C@H](NC(=O)CCOC[C@H]2CCCO2)C3)CC1,
23,C[C@@H]1CCN1CC(=O)NC[C@H]1CCCC2(CCN(C(=O)[C@H]3C[C@@](C)(O)C3)CC2)O1,"N-(((2R)-9-(((1s,3S)-3-hydroxy-3-methylcyclobutyl)carbonyl)-1-oxa-9-azaspiro[5.5]undecan-2-yl)methyl)-2-((2R)-2-methylazetidin-1-yl)acetamide",,C[C@@H]1CCN1CC(=O)NC[C@H]1CCCC2(CCN(C(=O)C3CC(C)(O)C3)CC2)O1,
280,CC=C(C)C(=O)N1[C@H]2CC[C@@H]1C[C@H](NC(=O)CCCCCCCC)C2,,,CC=C(C)C(=O)N1[C@@H]2CC[C@H]1C[C@@H](NC(=O)CCCCCCCC)C2,
325,COCCCOCC(=O)NC[C@H]1[C@@H]2CN(C(=O)c3cc(F)c(F)cc3N)C[C@H]12,,,COCCCOCC(=O)NC[C@@H]1[C@H]2CN(C(=O)c3cc(F)c(F)cc3N)C[C@@H]12,
343,O=C(c1ccc(C(F)F)cc1F)N1CCCN(C(=O)[C@@H]2[C@@H]3C[C@H]3[C@H]3C[C@H]32)CC1,"(4-(difluoromethyl)-2-fluorophenyl)(4-(((1S,2R,4R,5R,6R)-tricyclo[4.1.0.0^{2,4}]heptan-5-yl)carbonyl)-1,4-diazepan-1-yl)methanone",,O=C(c1ccc(C(F)F)cc1F)N1CCCN(C(=O)C2[C@@H]3C[C@@H]3[C@@H]3C[C@@H]23)CC1,
520,C[C@H](CC(=O)N[C@@H]1[C@H]2C[C@H](NC(=O)C(C)(C)N3CCCC3)C[C@H]21)P(C)(C)=O,,,C[C@H](CC(=O)N[C@H]1[C@@H]2C[C@@H](NC(=O)C(C)(C)N3CCCC3)C[C@@H]21)P(C)(C)=O,
527,C[C@H](CC(=O)N1[C@H]2CC[C@@H]1C[C@@H](N(C)C(=O)c1ccc3nn[nH]c3c1)C2)C(F)F,"N-((1R,3S,5S)-8-((3R)-4,4-difluoro-3-methylbutanoyl)-8-azabicyclo[3.2.1]octan-3-yl)-N-methyl-3H-benzotriazole-5-carboxamide",,C[C@H](CC(=O)N1[C@@H]2CC[C@H]1C[C@H](N(C)C(=O)c1ccc3[nH]nnc3c1)C2)C(F)F,
597,O=C(N[C@H]1C[C@@H]2CC[C@H](C1)N2C(=O)c1ccc([C@H]2CCOC2)s1)C1=COCC1,"N-((1R,3R,5S)-8-((5-((3S)-oxolan-3-yl)thiophen-2-yl)carbonyl)-8-azabicyclo[3.2.1]octan-3-yl)-4,5-dihydrofuran-3-carboxamide",,O=C(N[C@@H]1C[C@H]2CC[C@@H](C1)N2C(=O)c1ccc(C2CCOC2)s1)C1=COCC1,
643,CC1(C)CC(CCNc2ccc(S(=O)(=O)N[C@H]3C[C@@H]4C[C@@H]4C3)cc2Br)C1,,,CC1(C)CC(CCNc2ccc(S(=O)(=O)N[C@H]3C[C@@H]4C[C@@H]4C3)cc2Br)C1,
679,C[C@@H]1[C@H](C(=O)NC[C@@H]2CN(C(=O)COc3c(F)cccc3F)CCO2)[C@@H]1C,,,C[C@@H]1C(C(=O)NC[C@@H]2CN(C(=O)COc3c(F)cccc3F)CCO2)[C@@H]1C,
700,C[C@@H](C(=O)NC[C@]1(F)C[C@H](CNC(=O)CCCC(C)(C)C)C1)c1cncs1,"N-(((1S,3r)-3-fluoro-3-(((2S)-2-(1,3-thiazol-5-yl)propanamido)methyl)cyclobutyl)methyl)-5,5-dimethylhexanamide",,CC(C(=O)NC[C@]1(F)C[C@H](CNC(=O)CCCC(C)(C)C)C1)c1cncs1,
781,CCC[C@H](CNC(=O)C[C@H]1CCCN1C)C(=O)NC[C@H]1C[C@H](O)[C@H](O)C1,,,CCCC(CNC(=O)C[C@H]1CCCN1C)C(=O)NC[C@@H]1C[C@@H](O)[C@@H](O)C1,
784,C#CCCCC(=O)N[C@H]1CC[C@H](CNC(=O)[C@@H]2CC[C@H]3[C@@H](CC2)C3(F)F)CC1,,,C#CCCCC(=O)N[C@H]1CC[C@H](CNC(=O)C2CC[C@@H]3[C@H](CC2)C3(F)F)CC1,
1012,CCOC(=O)CCCC(=O)N1C[C@H]2[C@H](CC(=O)NCc3cnc(CC)s3)[C@H]2C1,,,CCOC(=O)CCCC(=O)N1C[C@@H]2[C@@H](CC(=O)NCc3cnc(CC)s3)[C@@H]2C1,
1040,CN1CCC[C@H](CC(=O)N[C@H]2C[C@](F)(CNC(=O)[C@@H]3CSCCS3)C2)C1,"N-((1S,3S)-3-(((2R)-1,4-dithiane-2-carboxamido)methyl)-3-fluorocyclobutyl)-2-((3R)-1-methylpiperidin-3-yl)acetamide",,CN1CCC[C@H](CC(=O)N[C@H]2C[C@](F)(CNC(=O)C3CSCCS3)C2)C1,
1094,Cc1csnc1C(=O)N1C[C@H]2[C@H](CC(=O)N[C@@H]3COC4(CCCC4)C3)[C@H]2C1,,,Cc1csnc1C(=O)N1C[C@@H]2[C@@H](CC(=O)N[C@@H]3COC4(CCCC4)C3)[C@@H]2C1,
1122,CC(C)(CC(=O)N1C[C@H]2[C@H](CC(=O)N3CCC[C@H]3CN=[N+]=[N-])[C@H]2C1)C(F)F,,,CC(C)(CC(=O)N1C[C@@H]2[C@@H](CC(=O)N3CCC[C@H]3CN=[N+]=[N-])[C@@H]2C1)C(F)F,
1128,COc1cc(NC(=O)[C@]23[C@@H]4C[C@@H]2[C@H]2[C@H](C(=O)N5C[C@@H]6C[C@H]6C5)[C@@H]4[C@H]23)c(C)cc1Br,"(1S,2R,3R,4R,5S,6R,8R)-4-(((1R,5R)-3-azabicyclo[3.1.0]hexan-3-yl)carbonyl)-N-(4-bromo-5-methoxy-2-methylphenyl)tetracyclo[4.2.0.0^{3,8}.0^{2,5}]octane-1-carboxamide",,COc1cc(NC(=O)[C@@]23[C@@H]4[C@H]5C(C(=O)N6C[C@@H]7C[C@H]7C6)[C@@H]4[C@H]2C[C@H]53)c(C)cc1Br,
1141,CCCCc1cc(C(=O)N[C@]2(C)C[C@H](NC(=O)c3cnc4sccn34)C2)c(C)o1,"N-((1s,3s)-3-(5-butyl-2-methylfuran-3-carboxamido)-3-methylcyclobutyl)-2-thia-5,8-diazabicyclo[3.3.0]octa-1(8),3,6-triene-6-carboxamide",,CCCCc1cc(C(=O)N[C@]2(C)C[C@H](NC(=O)c3cnc4sccn34)C2)c(C)o1,
1149,CC[C@@H]1CC[C@@H](C(=O)NC[C@H]2[C@@H]3CN(Cc4nncn4-c4ccccc4)C[C@H]23)O1,,,CC[C@@H]1CCC(C(=O)NC[C@@H]2[C@H]3CN(Cc4nncn4-c4ccccc4)C[C@@H]23)O1,
1153,Cc1ccc(-n2[nH]c(C(=O)N[C@H]3C[C@@H]4CN(C(=O)CCF)C[C@@H]4C3)cc2=O)cc1,,,Cc1ccc(-n2[nH]c(C(=O)N[C@H]3C[C@@H]4CN(C(=O)CCF)C[C@@H]4C3)cc2=O)cc1,
1272,COCc1cc(C(=O)N[C@]2(C(=O)NCC(=O)N3CCCC3)C[C@H](O)C2)n[nH]1,"N-((1s,3s)-3-hydroxy-1-((2-oxo-2-(pyrrolidin-1-yl)ethyl)carbamoyl)cyclobutyl)-5-(methoxymethyl)-1H-pyrazole-3-carboxamide",,COCc1cc(C(=O)N[C@]2(C(=O)NCC(=O)N3CCCC3)C[C@H](O)C2)[nH]n1,
1296,Cc1cnc(C(=O)NCCOCCCN(C)C(=O)[C@@H]2C[C@@H]3C[C@@H]3C2)cc1C,,,Cc1cnc(C(=O)NCCOCCCN(C)C(=O)C2C[C@@H]3C[C@@H]3C2)cc1C,
1303,C=CCOCC(=O)N(C)C[C@H]1[C@@H]2CN(C(=O)Cc3cnc(C(F)(F)F)s3)C[C@H]12,,,C=CCOCC(=O)N(C)C[C@@H]1[C@H]2CN(C(=O)Cc3cnc(C(F)(F)F)s3)C[C@@H]12,
1339,CCO[C@@H]1C[C@H]1C(=O)N[C@@H]1C[C@@H]2CC[C@H](C1)N2C(=O)[C@@H](C)CSC,"(1R,2R)-2-ethoxy-N-((1R,3R,5S)-8-((2R)-2-methyl-3-(methylsulfanyl)propanoyl)-8-azabicyclo[3.2.1]octan-3-yl)cyclopropanecarboxamide",,CCO[C@@H]1CC1C(=O)N[C@H]1C[C@H]2CC[C@@H](C1)N2C(=O)C(C)CSC,
1428,CC(C)(CO)C(=O)N[C@H]1C[C@@](F)(CNC(=O)[C@H]2CC2(Cl)Cl)C1,"N-((1R,3r)-3-(((1R)-2,2-dichlorocyclopropanecarboxamido)methyl)-3-fluorocyclobutyl)-3-hydroxy-2,2-dimethylpropanamide",,CC(C)(CO)C(=O)N[C@H]1C[C@@](F)(CNC(=O)C2CC2(Cl)Cl)C1,
1475,C#CC[C@]1(O)C[C@@H](C(=O)N[C@@]2(CF)CCN(C(=O)CN(C)C(C)C)C2)C1,"(1s,3R)-N-((3S)-3-(fluoromethyl)-1-(2-(methyl(propan-2-yl)amino)acetyl)pyrrolidin-3-yl)-3-hydroxy-3-(prop-2-yn-1-yl)cyclobutanecarboxamide",,C#CCC1(O)CC(C(=O)N[C@@]2(CF)CCN(C(=O)CN(C)C(C)C)C2)C1,
1493,C[C@H]1CN(C(=O)CCCNC(N)=O)C[C@@H](C)[C@@H]1NC(=O)c1cnc(N(C)C)o1,,,C[C@@H]1CN(C(=O)CCCNC(N)=O)C[C@H](C)[C@H]1NC(=O)c1cnc(N(C)C)o1,
1509,CC(C)C[C@@](C)(O)C(=O)NC[C@H]1C[C@@](F)(CNC(=O)C(C)(C)C2CCCC2)C1,"(2R)-N-(((1r,3R)-3-((2-cyclopentyl-2-methylpropanamido)methyl)-3-fluorocyclobutyl)methyl)-2-hydroxy-2,4-dimethylpentanamide",,CC(C)C[C@@](C)(O)C(=O)NC[C@H]1C[C@@](F)(CNC(=O)C(C)(C)C2CCCC2)C1,
1543,COC(=O)NCCCC(=O)N[C@H]1C[C@@](C)(NC(=O)c2cc(C)n(CCO)n2)C1,"methyl (4-(((1s,3s)-3-(1-(2-hydroxyethyl)-5-methyl-1H-pyrazole-3-carboxamido)-3-methylcyclobutyl)amino)-4-oxobutyl)carbamate",,COC(=O)NCCCC(=O)N[C@H]1C[C@@](C)(NC(=O)c2cc(C)n(CCO)n2)C1,
1553,CN(C)S(=O)(=O)c1cccnc1C(=O)N[C@H]1C[C@](C)(NC(=O)C(F)=CC2CC2)C1,"N-((1r,3r)-3-(3-cyclopropyl-2-fluoroprop-2-enamido)-3-methylcyclobutyl)-3-(dimethylsulfamoyl)pyridine-2-carboxamide",,CN(C)S(=O)(=O)c1cccnc1C(=O)N[C@H]1C[C@](C)(NC(=O)C(F)=CC2CC2)C1,
1641,CC(C)C[C@H](CNC(=O)[C@H]1C[C@@H]2C[C@@H]2C1)NC(=O)CP(=O)(C(C)C)C(C)C,,,CC(C)C[C@H](CNC(=O)C1C[C@@H]2C[C@@H]2C1)NC(=O)CP(=O)(C(C)C)C(C)C,
1709,Nc1cc(F)c(F)cc1C(=O)N[C@H]1C[C@](F)(CNC(=O)[C@@]23CCC[C@@H](CO2)C3)C1,"(1R,5S)-N-(((1s,3R)-3-(2-amino-4,5-difluorobenzamido)-1-fluorocyclobutyl)methyl)-6-oxabicyclo[3.2.1]octane-5-carboxamide",,Nc1cc(F)c(F)cc1C(=O)N[C@H]1C[C@](F)(CNC(=O)[C@@]23CCC[C@@H](CO2)C3)C1,
1945,O=C(Nc1cccc2c[nH]nc12)[C@H]1[C@H]2CN(Cc3c(F)cc(I)cc3F)C[C@H]21,,,O=C(Nc1cccc2c[nH]nc12)C1[C@H]2CN(Cc3c(F)cc(I)cc3F)C[C@@H]12,
2001,C#CC[C@]1(O)C[C@@H](C(=O)NCCO[C@H]2CCN(C(=O)c3nccc(Cl)c3C)C2)C1,"(1s,3R)-N-(2-(((3S)-1-((4-chloro-3-methylpyridin-2-yl)carbonyl)pyrrolidin-3-yl)oxy)ethyl)-3-hydroxy-3-(prop-2-yn-1-yl)cyclobutanecarboxamide",,C#CCC1(O)CC(C(=O)NCCO[C@H]2CCN(C(=O)c3nccc(Cl)c3C)C2)C1,
2010,CCOc1ccsc1C(=O)N1C[C@H]2CC[C@@H]1[C@@H]2NC(=O)[C@H]1C[C@H]2[C@@H](C1)C2(C)C,,,CCOc1ccsc1C(=O)N1C[C@H]2CC[C@@H]1[C@@H]2NC(=O)C1C[C@@H]2[C@H](C1)C2(C)C,
2104,CN(C(=O)[C@@H]1CC12CC(NC(=O)[C@@H]1[C@H]3CCC[C@H]31)C2)[C@H]1C[C@@H](O)C1,,,CN(C(=O)C1CC12CC(NC(=O)C1[C@H]3CCC[C@@H]13)C2)[C@H]1C[C@@H](O)C1,
2152,CSC(C)(C)/C=C/C(=O)N1C[C@H]2[C@H](NC(=O)[C@@H](C)CN(C)C)[C@H]2C1,,,CSC(C)(C)/C=C/C(=O)N1C[C@@H]2[C@H](C1)[C@H]2NC(=O)C(C)CN(C)C,
2157,C[C@H]1C[C@@H](CNC(=O)[C@]2(NC(=O)Cc3cnns3)C[C@@H](O)C2)CCO1,"(1s,3R)-3-hydroxy-N-(((2S,4S)-2-methyloxan-4-yl)methyl)-1-(2-(1,2,3-thiadiazol-5-yl)acetamido)cyclobutanecarboxamide",,C[C@H]1C[C@@H](CNC(=O)[C@]2(NC(=O)Cc3cnns3)C[C@@H](O)C2)CCO1,
2205,CCCN(C(=O)C(=O)C(C)(C)CC)[C@@H](C)C(=O)N1C[C@@H]2[C@@H](CO)[C@@H]2C1,"N-((2S)-1-((1R,5S,6S)-6-(hydroxymethyl)-3-azabicyclo[3.1.0]hexan-3-yl)-1-oxopropan-2-yl)-3,3-dimethyl-2-oxo-N-propylpentanamide",,CCCN(C(=O)C(=O)C(C)(C)CC)C(C)C(=O)N1C[C@@H]2[C@@H](CO)[C@@H]2C1,
2218,CC(C)(C(=O)N1C[C@H]2[C@H](CC(=O)N3CCC[C@@H](CCO)CC3)[C@H]2C1)C1(O)CCC1,,,CC(C)(C(=O)N1C[C@@H]2[C@@H](CC(=O)N3CCC[C@@H](CCO)CC3)[C@@H]2C1)C1(O)CCC1,
2230,COc1cc(F)cc(C(=O)N[C@@H]2[C@H]3CCN(C(=O)CSCCC(C)C)CC[C@H]32)c1,,,COc1cc(F)cc(C(=O)N[C@H]2[C@@H]3CCN(C(=O)CSCCC(C)C)CC[C@@H]32)c1,
2313,C=CC1(C(=O)N(C)C[C@H]2[C@@H]3CN(C(=O)[C@@H](C)n4cccn4)C[C@H]23)CC1,"1-ethenyl-N-methyl-N-(((1R,5S,6R)-3-((2R)-2-(1H-pyrazol-1-yl)propanoyl)-3-azabicyclo[3.1.0]hexan-6-yl)methyl)cyclopropanecarboxamide",,C=CC1(C(=O)N(C)C[C@@H]2[C@H]3CN(C(=O)C(C)n4cccn4)C[C@@H]23)CC1,
2339,CO[C@]1(COC(=O)[C@@H]2C[C@@H]3CS(=O)(=O)C[C@@H]3C2)CCN(C(=O)OC(C)(C)C)C1,,,CO[C@]1(COC(=O)C2C[C@@H]3CS(=O)(=O)C[C@@H]3C2)CCN(C(=O)OC(C)(C)C)C1,
2344,C[C@]1(O)CCN(C(=O)[C@H]2[C@H]3CN(C(=O)C45CC(C4)C5)C[C@H]32)C1,,,C[C@]1(O)CCN(C(=O)C2[C@H]3CN(C(=O)C45CC(C4)C5)C[C@@H]23)C1,
2460,COC(=O)C[C@@H](C)C(=O)NC[C@H]1C[C@@](F)(CNC(=O)C(C)(C)N2CCCC2)C1,"methyl (3R)-3-((((1r,3R)-3-fluoro-3-((2-methyl-2-(pyrrolidin-1-yl)propanamido)methyl)cyclobutyl)methyl)carbamoyl)butanoate",,COC(=O)CC(C)C(=O)NC[C@H]1C[C@@](F)(CNC(=O)C(C)(C)N2CCCC2)C1,
2471,O=C(Cn1cc([N+](=O)[O-])cn1)N[C@H]1C[C@]2(CCCCN2C(=O)Cc2ccns2)C1,"2-(4-nitro-1H-pyrazol-1-yl)-N-(5-(2-(1,2-thiazol-5-yl)acetyl)-5-azaspiro[3.5]nonan-2-yl)acetamide",[N+](=O)([O-])C=1C=NN(C1)CC(=O)NC1CC2(C1)N(CCCC2)C(CC2=CC=NS2)=O,O=C(Cn1cc([N+](=O)[O-])cn1)N[C@H]1C[C@]2(CCCCN2C(=O)Cc2ccns2)C1,O=C(Cn1cc([N+](=O)[O-])cn1)NC1CC2(CCCCN2C(=O)Cc2ccns2)C1
2565,CN(C[C@]12CCC[C@H]1OCC2)S(=O)(=O)[C@@H]1C[C@H]2[C@@H](C1)C2(F)F,,,CN(C[C@]12CCC[C@H]1OCC2)S(=O)(=O)[C@H]1C[C@@H]2[C@H](C1)C2(F)F,
2569,NS(=O)(=O)NCC(=O)N[C@H]1C[C@](F)(CNC(=O)[C@@H]2C[C@H]2C2CC2)C1,"N-((1S,3s)-3-(((1R,2S)-2-cyclopropylcyclopropanecarboxamido)methyl)-3-fluorocyclobutyl)-2-(sulfamoylamino)acetamide",,NS(=O)(=O)NCC(=O)N[C@H]1C[C@](F)(CNC(=O)C2C[C@H]2C2CC2)C1,
2573,C#C[C@]1(O)C[C@@H](C(=O)NC[C@](F)(C(=O)N(CC)CC(=C)C)C(C)C)C1,"(1s,3R)-N-((2S)-2-(ethyl(2-methylprop-2-en-1-yl)carbamoyl)-2-fluoro-3-methylbutyl)-3-ethynyl-3-hydroxycyclobutanecarboxamide",,C#CC1(O)CC(C(=O)NC[C@](F)(C(=O)N(CC)CC(=C)C)C(C)C)C1,
2655,CO[C@]1(C(F)(F)F)C[C@H](C(=O)NCCCOC2CCN(C(=O)[C@@H](C)CF)CC2)C1,"(1s,3S)-N-(3-((1-((2R)-3-fluoro-2-methylpropanoyl)piperidin-4-yl)oxy)propyl)-3-methoxy-3-(trifluoromethyl)cyclobutanecarboxamide",,COC1(C(F)(F)F)CC(C(=O)NCCCOC2CCN(C(=O)C(C)CF)CC2)C1,
2690,Cc1c(C(=O)N2CC[C@@H]3C[C@@H](C(=O)NC[C@]45CCC[C@H]4CCC5)[C@@H]3C2)ccn1C,"(1R,6S,8R)-3-((1,2-dimethyl-1H-pyrrol-3-yl)carbonyl)-N-((octahydropentalen-3a-yl)methyl)-3-azabicyclo[4.2.0]octane-8-carboxamide",CN1C(=C(C=C1)C(=O)N1C[C@H]2[C@@H](C[C@H]2CC1)C(=O)NCC12CCCC2CCC1)C,Cc1c(C(=O)N2CC[C@@H]3CC(C(=O)NC[C@]45CCC[C@H]4CCC5)[C@@H]3C2)ccn1C,Cc1c(C(=O)N2CC[C@@H]3CC(C(=O)NCC45CCCC4CCC5)[C@@H]3C2)ccn1C
2722,C[C@H](CN)C(=O)N1C[C@@H]2COC[C@H](C1)[C@@H]2NC(=O)c1nccnc1C(N)=O,"N-((1R,5S,9R)-7-((2R)-3-amino-2-methylpropanoyl)-3-oxa-7-azabicyclo[3.3.1]nonan-9-yl)pyrazine-2,3-dicarboxamide",,CC(CN)C(=O)N1C[C@H]2COC[C@@H](C1)[C@H]2NC(=O)c1nccnc1C(N)=O,
2724,C=CCOCCCC(=O)N[C@H](CCC(C)C)C(=O)N[C@H]1C[C@@H]2CCC[C@@H]2C1,,,C=CCOCCCC(=O)NC(CCC(C)C)C(=O)N[C@@H]1C[C@H]2CCC[C@H]2C1,
2758,CC[C@H](C)[C@H](C)CNC(=O)[C@]1(NC(=O)C2=CCSC2)C[C@@H](O)C1,"N-((1s,3R)-1-(((2S,3S)-2,3-dimethylpentyl)carbamoyl)-3-hydroxycyclobutyl)-2,5-dihydrothiophene-3-carboxamide",,CC[C@H](C)[C@H](C)CNC(=O)[C@]1(NC(=O)C2=CCSC2)C[C@@H](O)C1,
2895,CC[C@H](Cc1ccccc1)C(=O)N[C@]1(C)C[C@@H](NC(=O)C[C@@H]2CCOC2)C1,"(2R)-2-benzyl-N-((1S,3R)-1-methyl-3-(2-((3S)-oxolan-3-yl)acetamido)cyclobutyl)butanamide",,CCC(Cc1ccccc1)C(=O)N[C@]1(C)C[C@@H](NC(=O)C[C@@H]2CCOC2)C1,
3069,CCCC[C@@](C)(F)C(=O)N1CC=C(CCNC(=O)[C@H]2C[C@@H]3CC[C@H](C2)O3)CC1,,,CCCC[C@@](C)(F)C(=O)N1CC=C(CCNC(=O)C2C[C@H]3CC[C@@H](C2)O3)CC1,
3085,C=CCCCCC(=O)NCCC1CCN(C(=O)[C@H]2C[C@](OC)(C(F)F)C2)CC1,"N-(2-(1-(((1s,3s)-3-(difluoromethyl)-3-methoxycyclobutyl)carbonyl)piperidin-4-yl)ethyl)hept-6-enamide",,C=CCCCCC(=O)NCCC1CCN(C(=O)C2CC(OC)(C(F)F)C2)CC1,
3087,CCc1cnc(C(=O)N[C@H]2C[C@@H]3CC[C@H](C2)N3C(=O)c2n[nH]c(CC)c2F)s1,,,CCc1cnc(C(=O)N[C@@H]2C[C@H]3CC[C@@H](C2)N3C(=O)c2[nH]nc(CC)c2F)s1,
3108,CCc1ccc(C(=O)N2C[C@H]3[C@H](NC(=O)C[C@@H](C)CC)[C@H]3C2)cc1C#N,,,CCc1ccc(C(=O)N2C[C@@H]3[C@H](C2)[C@H]3NC(=O)C[C@@H](C)CC)cc1C#N,
3186,CN(C)C[C@H](O)CC(=O)N[C@]1(C)C[C@H](C(=O)N(C)CC(C)(C)CN(C)C)C1,"(3R)-4-(dimethylamino)-N-((1s,3S)-3-((3-(dimethylamino)-2,2-dimethylpropyl)(methyl)carbamoyl)-1-methylcyclobutyl)-3-hydroxybutanamide",,CN(C)C[C@H](O)CC(=O)NC1(C)CC(C(=O)N(C)CC(C)(C)CN(C)C)C1,
3190,CC[C@]1(C(=O)NCC2CN(C(=O)C[C@@H]3CC[C@@H]4C[C@@H]34)C2)CC[C@@H](O)CC1,"(1s,4R)-N-((1-(2-((1R,2S,5R)-bicyclo[3.1.0]hexan-2-yl)acetyl)azetidin-3-yl)methyl)-1-ethyl-4-hydroxycyclohexanecarboxamide",,CC[C@]1(C(=O)NCC2CN(C(=O)C[C@@H]3CC[C@@H]4C[C@H]43)C2)CC[C@@H](O)CC1,
3248,CN1CCC(C(=O)NC[C@]2(F)C[C@H](CNC(=O)[C@@H]3CC3(F)F)C2)CC1,"N-(((1S,3r)-3-(((1S)-2,2-difluorocyclopropanecarboxamido)methyl)-1-fluorocyclobutyl)methyl)-1-methylpiperidine-4-carboxamide",,CN1CCC(C(=O)NC[C@]2(F)C[C@H](CNC(=O)C3CC3(F)F)C2)CC1,
3279,C[C@]1(NC(=O)[C@H]2CCCn3nccc32)C[C@H](NC(=O)CCc2cn[nH]c2)C1,"(4S)-N-((1r,3S)-1-methyl-3-(3-(1H-pyrazol-4-yl)propanamido)cyclobutyl)-4,5,6,7-tetrahydropyrazolo[1,5-a]pyridine-4-carboxamide",,C[C@]1(NC(=O)C2CCCn3nccc32)C[C@H](NC(=O)CCc2cn[nH]c2)C1,
3281,O=C(N[C@H]1[C@@H]2CN(C(=O)c3cnc(S)nc3)C[C@@H]21)c1ncncc1F,,,O=C(N[C@H]1[C@@H]2CN(C(=O)c3cnc(=S)[nH]c3)C[C@@H]21)c1ncncc1F,
3296,O=C(O)[C@H]1C[C@@](F)(C(=O)N2CC[C@@H]2[C@H]2CCOC2)C1,"(1R,3r)-3-fluoro-3-(((2R)-2-((3R)-oxolan-3-yl)azetidin-1-yl)carbonyl)cyclobutanecarboxylic acid",,O=C(O)C1CC(F)(C(=O)N2CC[C@@H]2[C@H]2CCOC2)C1,
3325,COc1ccc(CC(=O)N2C[C@H]3[C@H](NC(=O)[C@H](O)CC(C)C)[C@H]3C2)cc1[N+](=O)[O-],,,COc1ccc(CC(=O)N2C[C@@H]3[C@H](C2)[C@H]3NC(=O)C(O)CC(C)C)cc1[N+](=O)[O-],
3384,CCOc1nc(C(=O)N[C@@H](C)C2CN(C(=O)[C@@H]3C[C@@H](C)C[C@@H](C)C3)C2)co1,,,CCOc1nc(C(=O)N[C@@H](C)C2CN(C(=O)C3C[C@@H](C)C[C@@H](C)C3)C2)co1,
3385,NC(=O)CCC(=O)NC[C@@H]1C[C@@H]2CC[C@H](C1)N2C(=O)COCC1(F)CC1,,,NC(=O)CCC(=O)NC[C@H]1C[C@H]2CC[C@@H](C1)N2C(=O)COCC1(F)CC1,
3457,C[C@@H](C(=O)N[C@H]1C[C@](C)(NC(=O)C=C(Cl)Cl)C1)c1cc2ccccc2nc1O,"3,3-dichloro-N-((1R,3r)-3-((2R)-2-(2-hydroxyquinolin-3-yl)propanamido)-1-methylcyclobutyl)prop-2-enamide",,CC(C(=O)N[C@H]1C[C@](C)(NC(=O)C=C(Cl)Cl)C1)c1cc2ccccc2[nH]c1=O,
3524,O=C(NCc1cccc(N2CCCCC2=O)c1)[C@@H]1[C@H]2CCCC[C@H]21,,,O=C(NCc1cccc(N2CCCCC2=O)c1)C1[C@H]2CCCC[C@@H]12,
3652,Cc1cc(Cl)ccc1OCC(=O)N1[C@H]2CCC[C@H]1CN(C(=O)[C@@H]1[C@@H](C)[C@H]1C)C2,,,Cc1cc(Cl)ccc1OCC(=O)N1[C@H]2CCC[C@H]1CN(C(=O)C1[C@@H](C)[C@H]1C)C2,
3676,CC[C@H](C)[C@@H](C(=O)N1CCC[C@]2(C1)C[C@H](O)C2)N(C)C(=O)COCCCN=[N+]=[N-],"2-((3-azidopropyl)oxy)-N-((2S,3S)-1-(2-hydroxy-6-azaspiro[3.5]nonan-6-yl)-3-methyl-1-oxopentan-2-yl)-N-methylacetamide",N(=[N+]=[N-])CCCOCC(=O)N(C)[C@H](C(=O)N1CC2(CC(C2)O)CCC1)[C@H](CC)C,CC[C@H](C)C(C(=O)N1CCC[C@]2(C1)C[C@H](O)C2)N(C)C(=O)COCCCN=[N+]=[N-],CC[C@H](C)C(C(=O)N1CCCC2(CC(O)C2)C1)N(C)C(=O)COCCCN=[N+]=[N-]
3730,COc1ccc(CC[C@H](C2CC2)N2C[C@H]3[C@@H](C2)[C@@H]3C(=O)N2[C@H]3CC[C@@H]2CC3)cc1,"(7-azabicyclo[2.2.1]heptan-7-yl)((1R,5S,6R)-3-((1R)-1-cyclopropyl-3-(4-methoxyphenyl)propyl)-3-azabicyclo[3.1.0]hexan-6-yl)methanone",,COc1ccc(CC[C@H](C2CC2)N2C[C@@H]3C(C(=O)N4[C@H]5CC[C@@H]4CC5)[C@@H]3C2)cc1,
3742,CC(=O)N1CC[C@@](C)(C(=O)NC[C@]2(F)C[C@H](CNC(=O)[C@@H](C)n3cccc3)C2)C1,"(3R)-1-acetyl-N-(((1R,3R)-1-fluoro-3-(((2R)-2-(1H-pyrrol-1-yl)propanamido)methyl)cyclobutyl)methyl)-3-methylpyrrolidine-3-carboxamide",,CC(=O)N1CC[C@@](C)(C(=O)NC[C@]2(F)C[C@H](CNC(=O)C(C)n3cccc3)C2)C1,
3745,CN=c1cc(C(=O)N[C@H]2C[C@@H]3CC[C@H](C2)N3C(=O)CCc2cc(C)no2)cc[nH]1,,,CNc1cc(C(=O)N[C@@H]2C[C@H]3CC[C@@H](C2)N3C(=O)CCc2cc(C)no2)ccn1,
3766,COc1cccc(OCC(=O)N[C@H]2CCC[C@]2(C)CN(C)C(=O)[C@H]2[C@@H](C)[C@H]2C)c1,,,COc1cccc(OCC(=O)N[C@H]2CCC[C@]2(C)CN(C)C(=O)C2[C@@H](C)[C@H]2C)c1,
3793,CC1(C)CN(C(=O)CCCC(N)=O)C[C@H]1NC(=O)[C@H]1C[C@H]2[C@@H](C1)C2(C)C,,,CC1(C)CN(C(=O)CCCC(N)=O)C[C@H]1NC(=O)C1C[C@@H]2[C@H](C1)C2(C)C,
3880,Cn1cccc1C=CC(=O)NCC1(F)CCN(C(=O)[C@@H]2[C@H]3CC(F)(F)C[C@H]32)CC1,,,Cn1cccc1C=CC(=O)NCC1(F)CCN(C(=O)C2[C@H]3CC(F)(F)C[C@@H]23)CC1,
3948,CC(C)=CCC(=O)NC[C@H]1C[C@](F)(CNC(=O)c2sc(F)cc2C)C1,"N-(((1s,3s)-3-fluoro-3-((5-fluoro-3-methylthiophene-2-carboxamido)methyl)cyclobutyl)methyl)-4-methylpent-3-enamide",,CC(C)=CCC(=O)NC[C@H]1C[C@](F)(CNC(=O)c2sc(F)cc2C)C1,
4020,C[C@]1(C(=O)N[C@H]2C[C@@](C)(NC(=O)CCOc3cc(Cl)cc(Cl)c3)C2)C=CCCC1,"(1R)-N-((1s,3S)-3-(3-((3,5-dichlorophenyl)oxy)propanamido)-3-methylcyclobutyl)-1-methylcyclohex-2-ene-1-carboxamide",,C[C@]1(C(=O)N[C@H]2C[C@@](C)(NC(=O)CCOc3cc(Cl)cc(Cl)c3)C2)C=CCCC1,
4177,CC[C@@H](NC(N)=O)C(=O)NC[C@H]1CC[C@@](F)(CNC(=O)C(=O)NCC2CC2)CC1,"N-((2R)-1-((((1r,4R)-4-((1-((cyclopropylmethyl)carbamoyl)formamido)methyl)-4-fluorocyclohexyl)methyl)amino)-1-oxobutan-2-yl)urea",,CCC(NC(N)=O)C(=O)NC[C@H]1CC[C@@](F)(CNC(=O)C(=O)NCC2CC2)CC1,
4182,COCCCC(C)(C)NC(=O)[C@H]1CCN(C(=O)[C@H]2C[C@H]3[C@@H](C2)C3(C)C)C[C@H]1O,,,COCCCC(C)(C)NC(=O)C1CCN(C(=O)C2C[C@@H]3[C@H](C2)C3(C)C)C[C@H]1O,
4203,O=C(NC[C@H]1C[C@@H]2CC[C@H](C1)N2C(=O)COC(F)F)c1sncc1Br,,,O=C(NC[C@@H]1C[C@H]2CC[C@@H](C1)N2C(=O)COC(F)F)c1sncc1Br,
4211,Cn1ncc(C(=O)N[C@]2(C)C[C@H](NC(=O)Cn3cc(Cl)cn3)C2)c1F,"N-((1s,3s)-3-(2-(4-chloro-1H-pyrazol-1-yl)acetamido)-1-methylcyclobutyl)-5-fluoro-1-methyl-1H-pyrazole-4-carboxamide",,Cn1ncc(C(=O)N[C@]2(C)C[C@H](NC(=O)Cn3cc(Cl)cn3)C2)c1F,
4243,CN1C(=O)c2ccccc2[C@H]1CC(=O)NCC1(NC(=O)[C@@H]2C[C@@H]3C[C@@H]3C2)CC1,,,CN1C(=O)c2ccccc2[C@H]1CC(=O)NCC1(NC(=O)C2C[C@@H]3C[C@@H]3C2)CC1,
4314,O=C(NC[C@]1(F)C[C@@H](CNC(=O)[C@H]2C=CCC2)C1)[C@H]1CCOC2(CCCC2)C1,"(9S)-N-(((1S,3R)-3-(((1R)-cyclopent-2-ene-1-carboxamido)methyl)-1-fluorocyclobutyl)methyl)-6-oxaspiro[4.5]decane-9-carboxamide",,O=C(NC[C@H]1C[C@](F)(CNC(=O)C2CCOC3(CCCC3)C2)C1)C1C=CCC1,
4329,CCOC(=O)[C@H]1C[C@](F)(C(=O)N2C[C@H]3[C@@H](NC(=O)C4(C)CCC4)CCC[C@H]3C2)C1,"ethyl (1R,3s)-3-fluoro-3-(((3aS,4S,7aR)-4-(1-methylcyclobutanecarboxamido)octahydro-1H-isoindol-2-yl)carbonyl)cyclobutanecarboxylate",,CCOC(=O)C1CC(F)(C(=O)N2C[C@@H]3CCC[C@H](NC(=O)C4(C)CCC4)[C@@H]3C2)C1,
4371,C[C@@H]1CCCC[C@]1(CO)NC(=O)[C@H]1CN(C(=O)[C@H]2C[C@@H]3C[C@@H]3C2)CCO1,,,C[C@@H]1CCCC[C@]1(CO)NC(=O)C1CN(C(=O)C2C[C@@H]3C[C@@H]3C2)CCO1,
4377,C[C@@H](C(=O)N1CCC(CN2CCN(C(=O)[C@H]3C[C@](F)(CO)C3)CC2)CC1)N(C)C,"(2S)-2-(dimethylamino)-1-(4-((4-(((1s,3R)-3-fluoro-3-(hydroxymethyl)cyclobutyl)carbonyl)piperazin-1-yl)methyl)piperidin-1-yl)propan-1-one",,CC(C(=O)N1CCC(CN2CCN(C(=O)C3CC(F)(CO)C3)CC2)CC1)N(C)C,
4414,COC(=O)CCCCC(=O)NC[C@]1(F)C[C@@H](NC(=O)c2csc(Cl)n2)C1,"methyl 5-((((1s,3s)-3-(2-chloro-1,3-thiazole-4-carboxamido)-1-fluorocyclobutyl)methyl)carbamoyl)pentanoate",,COC(=O)CCCCC(=O)NC[C@]1(F)C[C@@H](NC(=O)c2csc(Cl)n2)C1,
4428,COC(=O)c1oc(C(=O)N2C[C@H]3C[C@H](NC(=O)[C@@H](C)OC)C[C@H]3C2)cc1C,,,COC(=O)c1oc(C(=O)N2C[C@H]3C[C@H](NC(=O)C(C)OC)C[C@H]3C2)cc1C,
4486,CC[C@@]1(C(=O)N2C[C@H]3[C@H](N(C)C(=O)Cc4csc(C(C)C)n4)[C@H]3C2)CCNC1=O,"N-((1R,5S,6S)-3-(((3R)-3-ethyl-2-oxopyrrolidin-3-yl)carbonyl)-3-azabicyclo[3.1.0]hexan-6-yl)-N-methyl-2-(2-(propan-2-yl)-1,3-thiazol-4-yl)acetamide",,CC[C@@]1(C(=O)N2C[C@@H]3[C@H](C2)[C@H]3N(C)C(=O)Cc2csc(C(C)C)n2)CCNC1=O,
4510,C[C@@H](CCCNC(=O)[C@@H]1CC1(F)F)NC(=O)[C@H]1C[C@H]2[C@@H](C1)C2(C)C,,,C[C@@H](CCCNC(=O)C1CC1(F)F)NC(=O)C1C[C@@H]2[C@H](C1)C2(C)C,
4570,COC(=O)c1sccc1NC(=O)[C@@H]1[C@H]2CN(C(=O)c3ccnc(Br)c3)C[C@H]21,,,COC(=O)c1sccc1NC(=O)C1[C@H]2CN(C(=O)c3ccnc(Br)c3)C[C@@H]12,
4595,C[C@H](CNC(=O)[C@H]1[C@@H]2C[C@H]1CN2C(=O)[C@H]1C[C@@H]2CCC[C@@H]2C1)C(F)F,,,C[C@H](CNC(=O)C1[C@H]2C[C@@H]1N(C(=O)C1C[C@H]3CCC[C@H]3C1)C2)C(F)F,
4596,CCC[C@@](C)(O)C(=O)N1[C@H]2CC[C@@H]1C[C@@H](NC(=O)c1c(C)nnn1CC)C2,"1-ethyl-N-((1R,3S,5S)-8-((2R)-2-hydroxy-2-methylpentanoyl)-8-azabicyclo[3.2.1]octan-3-yl)-4-methyl-1H-1,2,3-triazole-5-carboxamide",,CCC[C@@](C)(O)C(=O)N1[C@@H]2CC[C@H]1C[C@H](NC(=O)c1c(C)nnn1CC)C2,
4604,O=C(N[C@H]1[C@@H]2CN(C(=O)c3ccc4nc[nH]c4n3)C[C@@H]21)[C@@H]1C[C@@H]1C(F)(F)F,,,O=C(N[C@H]1[C@@H]2CN(C(=O)c3ccc4[nH]cnc4n3)C[C@@H]21)C1C[C@@H]1C(F)(F)F,
4618,C[C@@H](CN(C)C(=O)[C@H]1C[C@H]2COC[C@H](C2)C1)NC(=O)C[C@H]1CC2(CC2)CO1,,,C[C@@H](CN(C)C(=O)C1C[C@H]2COC[C@@H](C1)C2)NC(=O)C[C@H]1CC2(CC2)CO1,
4667,CC[C@@H](CC(=O)N1C[C@H]2[C@H](NC(=O)c3cc4cc(F)ccc4[nH]3)[C@H]2C1)CN(C)C,"N-((1R,5S,6R)-3-((3S)-3-((dimethylamino)methyl)pentanoyl)-3-azabicyclo[3.1.0]hexan-6-yl)-5-fluoro-1H-indole-2-carboxamide",,CC[C@@H](CC(=O)N1C[C@@H]2[C@H](C1)[C@H]2NC(=O)c1cc2cc(F)ccc2[nH]1)CN(C)C,
4710,COCCNC(=O)[C@H]([C@@H]1C[C@@H](C)C[C@@H](C)C1)N1CCc2c(ccc(Cl)c2Cl)[C@H]1C,,,COCCNC(=O)C([C@H]1C[C@H](C)C[C@H](C)C1)N1CCc2c(ccc(Cl)c2Cl)[C@H]1C,
4718,CCc1nc(Cl)c(F)c(=NC[C@]2(F)C[C@@H](NC(=O)CN3C[C@H]4C[C@@H]4C3)C2)[nH]1,"2-((1S,5S)-3-azabicyclo[3.1.0]hexan-3-yl)-N-((1s,3R)-3-(((6-chloro-2-ethyl-5-fluoro-3H-pyrimidin-4-ylidene)amino)methyl)-3-fluorocyclobutyl)acetamide",,CCc1nc(Cl)c(F)c(NC[C@]2(F)C[C@@H](NC(=O)CN3C[C@H]4C[C@@H]4C3)C2)n1,
4829,CSc1nc(C(F)F)cc(=NC[C@]2(F)C[C@H](NC(=O)CN3C(=O)CCC3=O)C2)[nH]1,"N-((1r,3r)-3-(((6-(difluoromethyl)-2-(methylsulfanyl)-3H-pyrimidin-4-ylidene)amino)methyl)-3-fluorocyclobutyl)-2-(2,5-dioxopyrrolidin-1-yl)acetamide",,CSc1nc(NC[C@]2(F)C[C@H](NC(=O)Cn3c(O)ccc3O)C2)cc(C(F)F)n1,
4897,CC(C)(C)C1=CC=CC=C1OCC(=O)N1CCCN(C(=O)[C@@H]2C[C@@H]3C[C@@H]3C2)CC1,,,CC(C)(C)c1ccccc1OCC(=O)N1CCCN(C(=O)C2C[C@@H]3C[C@@H]3C2)CC1,
4922,CC1(C)[C@@H](O)C[C@H]1CC(=O)NC[C@H]1C[C@](F)(CNC(=O)c2ccnnc2)C1,"N-(((1s,3R)-3-fluoro-3-((pyridazine-4-carboxamido)methyl)cyclobutyl)methyl)-2-((1S,3S)-3-hydroxy-2,2-dimethylcyclobutyl)acetamide",,CC1(C)[C@H](CC(=O)NC[C@H]2C[C@](F)(CNC(=O)c3ccnnc3)C2)C[C@@H]1O,
4970,CN(C(=O)CCCC(N)=O)[C@H]1[C@@H]2CN(C(=O)c3cnn(C)c3C(F)(F)F)C[C@@H]21,,,CN(C(=O)CCCC(N)=O)[C@H]1[C@@H]2CN(C(=O)c3cnn(C)c3C(F)(F)F)C[C@@H]21,
5026,CC[C@H](CCC(=O)N(C)Cc1ccsc1)NC(=O)[C@@H]1[C@H]2CCCC[C@H]21,,,CC[C@H](CCC(=O)N(C)Cc1ccsc1)NC(=O)C1[C@H]2CCCC[C@@H]12,
5061,CCCCCCC(=O)N[C@]1(C)C[C@@H](NC(=O)c2cc(F)nc(OC)c2)C1,"N-((1r,3r)-3-(2-fluoro-6-methoxypyridine-4-carboxamido)-1-methylcyclobutyl)heptanamide",,CCCCCCC(=O)N[C@]1(C)C[C@@H](NC(=O)c2cc(F)nc(OC)c2)C1,
5117,C#CC[C@@]1(C(=O)N2[C@H]3CC[C@@H]2C[C@H](CNC(=O)C=C(C)C(F)F)C3)CCCO1,"4,4-difluoro-3-methyl-N-(((1R,3R,5S)-8-(((2R)-2-(prop-2-yn-1-yl)oxolan-2-yl)carbonyl)-8-azabicyclo[3.2.1]octan-3-yl)methyl)but-2-enamide",,C#CC[C@@]1(C(=O)N2[C@@H]3CC[C@H]2C[C@@H](CNC(=O)C=C(C)C(F)F)C3)CCCO1,
5144,CSc1cccc(CC(=O)N2C[C@H]3[C@@H](C2)[N@]3S(=O)(=O)c2ccc(Cl)cn2)c1,,,CSc1cccc(CC(=O)N2C[C@@H]3[C@H](C2)[N@@]3S(=O)(=O)c2ccc(Cl)cn2)c1,
5147,CO[C@H]1C[C@@H](C(=O)N[C@]2(C)CCN(C(=O)c3snc(O)c3Cl)C2)C[C@H]1OC,,,CO[C@H]1CC(C(=O)N[C@]2(C)CCN(C(=O)c3s[nH]c(=O)c3Cl)C2)C[C@H]1OC,
5158,COc1cc(C)c(CN2[C@H]3CCC[C@@H]2C[C@@H](NC(=O)c2cccnc2)C3)cn1,,,COc1cc(C)c(CN2[C@@H]3CCC[C@H]2C[C@H](NC(=O)c2cccnc2)C3)cn1,
5308,CO[C@H](CO)C(=O)N[C@@H]1C[C@H]2[C@@H](C1)[C@@H]2NC(=O)[C@]1(C#N)C[C@H]2C=C[C@H]1C2,"(2R)-N-((1R,3R,5S,6R)-6-((1R,2R,4S)-2-cyanobicyclo[2.2.1]hept-5-ene-2-carboxamido)bicyclo[3.1.0]hexan-3-yl)-3-hydroxy-2-methoxypropanamide",,COC(CO)C(=O)N[C@H]1C[C@@H]2[C@H](C1)[C@H]2NC(=O)[C@]1(C#N)C[C@H]2C=C[C@H]1C2,
5429,O=C(NC[C@]1(O)C[C@H](C(=O)O)C1)C(=O)N1CCC[C@H]1CF,"(1S,3r)-3-((2-((2S)-2-(fluoromethyl)pyrrolidin-1-yl)-2-oxoacetamido)methyl)-3-hydroxycyclobutanecarboxylic acid",,O=C(NCC1(O)CC(C(=O)O)C1)C(=O)N1CCC[C@H]1CF,
5513,Cc1noc(CN2C[C@H]3[C@H](CNC(=O)c4ccn5c(C)cnc5c4)[C@H]3C2)n1,,,Cc1noc(CN2C[C@@H]3[C@@H](CNC(=O)c4ccn5c(C)cnc5c4)[C@@H]3C2)n1,
5585,CCCSCC(=O)N1C[C@H]2[C@H](N(C)C(=O)[C@@H]3C[C@H]3CC)[C@H]2C1,,,CCCSCC(=O)N1C[C@@H]2[C@H](C1)[C@H]2N(C)C(=O)C1C[C@H]1CC,
5621,C[C@@H](C(=O)NC[C@H]1C[C@@](F)(CNC(=O)c2ncncc2Cl)C1)c1ccc(Cl)cc1,"(2R)-2-(4-chlorophenyl)-N-(((1r,3R)-3-((5-chloropyrimidine-4-carboxamido)methyl)-3-fluorocyclobutyl)methyl)propanamide",,CC(C(=O)NC[C@H]1C[C@@](F)(CNC(=O)c2ncncc2Cl)C1)c1ccc(Cl)cc1,
5663,CCCCC[C@@H](O)C(=O)NC[C@H]1C[C@@](F)(CNC(=O)c2csc([C@H](C)OC)n2)C1,"(2R)-N-(((1S,3R)-3-fluoro-3-((2-((1S)-1-methoxyethyl)-1,3-thiazole-4-carboxamido)methyl)cyclobutyl)methyl)-2-hydroxyheptanamide",,CCCCCC(O)C(=O)NC[C@H]1C[C@@](F)(CNC(=O)c2csc([C@H](C)OC)n2)C1,
5691,C#CCCCCC(=O)NC[C@H]1C[C@@](F)(CNC(=O)C[C@@]23CC[C@@](C)(C2)OC3)C1,"N-(((1R,3r)-3-fluoro-3-((2-((1S,4R)-1-methyl-2-oxabicyclo[2.2.1]heptan-4-yl)acetamido)methyl)cyclobutyl)methyl)hept-6-ynamide",,C#CCCCCC(=O)NC[C@H]1C[C@@](F)(CNC(=O)C[C@@]23CC[C@@](C)(C2)OC3)C1,
5701,O=C([C@@H]1C[C@@H]2C[C@@H]2C1)N1CC(N2C[C@H](NC(=O)C3(CC4CC4)CCC3)CC2=O)C1,,,O=C(C1C[C@@H]2C[C@@H]2C1)N1CC(N2C[C@H](NC(=O)C3(CC4CC4)CCC3)CC2=O)C1,
5722,COc1nccc(=N[C@@H]2[C@@H]3CN(C(=O)CCNC(C)=O)C[C@@H]32)[nH]1,,,COc1nccc(N[C@@H]2[C@@H]3CN(C(=O)CCNC(C)=O)C[C@@H]32)n1,
5736,C[C@H](CS(C)(=O)=O)C(=O)N[C@H]1C[C@@](C)(NC(=O)C[C@@H]2CCCS(=O)(=O)C2)C1,"(2S)-N-((1R,3R)-3-(2-((3S)-1,1-dioxo-1lambda^6-thian-3-yl)acetamido)-3-methylcyclobutyl)-2-methyl-3-(methylsulfonyl)propanamide",,CC(CS(C)(=O)=O)C(=O)N[C@H]1C[C@@](C)(NC(=O)C[C@@H]2CCCS(=O)(=O)C2)C1,
5742,C[C@H](C(=O)NC[C@H]1[C@@H]2CN(C(=O)c3cccc4c3CCN4)C[C@H]12)c1cccs1,,,CC(C(=O)NC[C@@H]1[C@H]2CN(C(=O)c3cccc4c3CCN4)C[C@@H]12)c1cccs1,
5744,CC1([C@@](C)(O)CNC(=O)[C@]2(CNC(=O)[C@@H]3[C@H]4CC(=O)C[C@H]43)CC23CCC3)CC1,,,CC1([C@@](C)(O)CNC(=O)[C@]2(CNC(=O)C3[C@H]4CC(=O)C[C@@H]34)CC23CCC3)CC1,
5850,C#Cc1ccc(C(=O)N[C@]2(C)C[C@H](NC(=O)c3cncnc3C(C)C)C2)cc1Cl,"N-((1s,3s)-3-(3-chloro-4-ethynylbenzamido)-3-methylcyclobutyl)-4-(propan-2-yl)pyrimidine-5-carboxamide",,C#Cc1ccc(C(=O)N[C@]2(C)C[C@H](NC(=O)c3cncnc3C(C)C)C2)cc1Cl,
5881,CC(C)(C)[C@H](C#N)C(=O)NC[C@]1(F)C[C@@H](CNC(=O)c2ccncc2C2CC2)C1,"(2R)-2-cyano-N-(((1s,3S)-3-((3-cyclopropylpyridine-4-carboxamido)methyl)-1-fluorocyclobutyl)methyl)-3,3-dimethylbutanamide",,CC(C)(C)C(C#N)C(=O)NC[C@]1(F)C[C@@H](CNC(=O)c2ccncc2C2CC2)C1,
5961,C[C@]1(C(=O)N[C@H]2C[C@@H]3C[C@H](C2)CN(C(=O)c2ccc(F)cc2O)C3)CCCCO1,,,C[C@]1(C(=O)N[C@@H]2C[C@H]3C[C@@H](C2)CN(C(=O)c2ccc(F)cc2O)C3)CCCCO1,
6052,CNc1cnccc1C(=O)N1C[C@H]2[C@H](CC(=O)NC[C@H]3CCCN3C)[C@H]2C1,,,CNc1cnccc1C(=O)N1C[C@@H]2[C@@H](CC(=O)NC[C@H]3CCCN3C)[C@@H]2C1,
6075,CC[C@@H](O)C(F)(F)C(=O)NC[C@H]1[C@@H]2CN(C(=O)C[C@@H](CNC=O)CC(C)C)C[C@H]12,"(3R)-2,2-difluoro-N-(((1R,5S,6S)-3-((3S)-3-(formamidomethyl)-5-methylhexanoyl)-3-azabicyclo[3.1.0]hexan-6-yl)methyl)-3-hydroxypentanamide",,CC[C@@H](O)C(F)(F)C(=O)NC[C@@H]1[C@H]2CN(C(=O)C[C@@H](CNC=O)CC(C)C)C[C@@H]12,
6121,C=CC[C@H](CC(=O)N1CCCC[C@@H]1CC=C)NC(=O)[C@H]1C[C@@](C)(O)C1,"(1s,3S)-3-hydroxy-3-methyl-N-((3R)-1-oxo-1-((2R)-2-(prop-2-en-1-yl)piperidin-1-yl)hex-5-en-3-yl)cyclobutanecarboxamide",,C=CC[C@H](CC(=O)N1CCCC[C@@H]1CC=C)NC(=O)C1CC(C)(O)C1,
6175,C=C[C@H](C)CC(=O)N[C@]1(C)C[C@@H](NC(=O)[C@@H]2CCCCN2C(=O)C2CCCC2)C1,"(3R)-N-((1S,3R)-3-((2S)-1-(cyclopentylcarbonyl)piperidine-2-carboxamido)-1-methylcyclobutyl)-3-methylpent-4-enamide",,C=C[C@H](C)CC(=O)N[C@]1(C)C[C@@H](NC(=O)C2CCCCN2C(=O)C2CCCC2)C1,
6267,C[C@H]1CCCN(C(=O)C(=O)N2[C@H]3CC[C@@H]2C[C@H](NC(=O)C(F)(F)CO)C3)C1,"2,2-difluoro-3-hydroxy-N-((1R,3S,5S)-8-(2-((3S)-3-methylpiperidin-1-yl)-1,2-dioxoethyl)-8-azabicyclo[3.2.1]octan-3-yl)propanamide",,C[C@H]1CCCN(C(=O)C(=O)N2[C@@H]3CC[C@H]2C[C@@H](NC(=O)C(F)(F)CO)C3)C1,
6313,CN(C)[C@H](CNC(=O)[C@@H]1[C@H]2COC[C@H]21)C(=O)N1[C@H]2COC[C@H]1C2,,,CN(C)C(CNC(=O)C1[C@H]2COC[C@@H]12)C(=O)N1[C@H]2COC[C@H]1C2,
6315,CO[C@H]1C[C@@H](C(=O)N[C@@H]2CCN(C(=O)c3cn(C)c(=O)cn3)C[C@H]2F)C[C@H]1OC,,,CO[C@H]1CC(C(=O)N[C@@H]2CCN(C(=O)c3cn(C)c(=O)cn3)C[C@H]2F)C[C@H]1OC,
6318,O=C(Cc1cc[nH]n1)N[C@H]1[C@@H]2CN(C(=O)Cc3cccc(Cl)c3)C[C@@H]21,,,O=C(Cc1cc[nH]n1)N[C@H]1[C@@H]2CN(C(=O)Cc3cccc(Cl)c3)C[C@@H]21,
6449,Cc1ccoc1C(=O)NC[C@H]1C[C@](F)(CNC(=O)CC(F)F)C1,"N-(((1s,3s)-3-((3,3-difluoropropanamido)methyl)-3-fluorocyclobutyl)methyl)-3-methylfuran-2-carboxamide",,Cc1ccoc1C(=O)NC[C@H]1C[C@](F)(CNC(=O)CC(F)F)C1,
6450,COC(=O)CCCC(=O)NC1(CCCNC(=O)[C@@H]2[C@H]3C[C@@H]3[C@H]3C[C@@H]23)CC1,"methyl 4-((1-(3-((1R,2R,4R,5R,6S)-tricyclo[4.1.0.0^{2,4}]heptane-5-carboxamido)propyl)cyclopropyl)carbamoyl)butanoate",,COC(=O)CCCC(=O)NC1(CCCNC(=O)C2[C@H]3C[C@@H]3[C@H]3C[C@@H]23)CC1,
6479,CN(C[C@H]1CC1(C)C)C(=O)[C@@H]1[C@H]2CN(C(=O)c3cc(S(N)(=O)=O)ccc3F)C[C@H]21,,,CN(C[C@H]1CC1(C)C)C(=O)C1[C@H]2CN(C(=O)c3cc(S(N)(=O)=O)ccc3F)C[C@@H]12,
6521,CN(C[C@H]1[C@@H]2CN(C(=O)C=C(C3CC3)C3CC3)C[C@H]12)C(=O)[C@H]1CCC1(C)C,,,CN(C[C@@H]1[C@H]2CN(C(=O)C=C(C3CC3)C3CC3)C[C@@H]12)C(=O)C1CCC1(C)C,
6571,CONC(=O)C(=O)N[C@H]1CN(C(=O)[C@@H]2[C@H]3CCCC[C@H]32)C[C@@H]1SC,,,CONC(=O)C(=O)N[C@H]1CN(C(=O)C2[C@H]3CCCC[C@@H]23)C[C@@H]1SC,
6599,Cn1ncnc1COCC(=O)N[C@]1(C)C[C@@H](NC(=O)[C@H](O)c2ccco2)C1,"(2R)-2-(furan-2-yl)-2-hydroxy-N-((1r,3R)-3-methyl-3-(2-(((1-methyl-1H-1,2,4-triazol-5-yl)methyl)oxy)acetamido)cyclobutyl)acetamide",,Cn1ncnc1COCC(=O)N[C@]1(C)C[C@@H](NC(=O)C(O)c2ccco2)C1,
6615,COCCC(=O)N[C@H]1C[C@@H]2CC[C@H](C1)N2C(=O)Cn1cccc([N+](=O)[O-])c1=O,,,COCCC(=O)N[C@@H]1C[C@H]2CC[C@@H](C1)N2C(=O)Cn1cccc([N+](=O)[O-])c1=O,
6657,O=C(N[C@H]1[C@@H]2CN(C(=O)C3(CCO)CC3)C[C@@H]21)C1CN([C@@H]2CCOC2)C1,,,O=C(N[C@H]1[C@@H]2CN(C(=O)C3(CCO)CC3)C[C@@H]21)C1CN([C@@H]2CCOC2)C1,
6659,CN1C[C@H]2[C@@H](C1)[C@@H]2C(=O)N1C[C@@H](C(=O)NC[C@H]2COCC2(C)C)C2(CC2)C1,,,CN1C[C@@H]2C(C(=O)N3CC(C(=O)NC[C@H]4COCC4(C)C)C4(CC4)C3)[C@@H]2C1,
6703,CC(C)C1(C(=O)N(C)C[C@H]2[C@@H]3CN(C(=O)[C@H](CO)N(C)C)C[C@H]23)CC1,"N-(((1R,5S,6S)-3-((2S)-2-(dimethylamino)-3-hydroxypropanoyl)-3-azabicyclo[3.1.0]hexan-6-yl)methyl)-N-methyl-1-(propan-2-yl)cyclopropanecarboxamide",,CC(C)C1(C(=O)N(C)C[C@@H]2[C@H]3CN(C(=O)C(CO)N(C)C)C[C@@H]23)CC1,
6730,Cc1nn(C)c(Cl)c1C(=O)N[C@@H]1C[C@@H]2C[C@H](NC(=O)C=CCF)C[C@@H]2C1,,,Cc1nn(C)c(Cl)c1C(=O)N[C@H]1C[C@H]2C[C@@H](NC(=O)C=CCF)C[C@H]2C1,
6737,CC(C)=C(C)C(=O)N[C@H]1[C@@H]2CN(C(=O)c3cc(F)c(Br)cc3Cl)C[C@@H]21,,,CC(C)=C(C)C(=O)N[C@H]1[C@@H]2CN(C(=O)c3cc(F)c(Br)cc3Cl)C[C@@H]21,
6797,CC[C@H](CC(=O)NC[C@@H]1C[C@@H]2CC[C@H](C1)N2C(=O)[C@@]1(O)C[C@H]2CC[C@H]1C2)OC,"(3R)-N-(((1R,3R,5S)-8-(((1S,2R,4S)-2-hydroxybicyclo[2.2.1]heptan-2-yl)carbonyl)-8-azabicyclo[3.2.1]octan-3-yl)methyl)-3-methoxypentanamide",,CC[C@H](CC(=O)NC[C@H]1C[C@H]2CC[C@@H](C1)N2C(=O)[C@@]1(O)C[C@H]2CC[C@H]1C2)OC,
6840,CCOC(=O)[C@H]1C[C@](F)(C(=O)NC[C@]2(C)CCCN(C(=O)CC[C@@H](C)SC)C2)C1,"ethyl (1R,3s)-3-fluoro-3-((((3S)-3-methyl-1-((4R)-4-(methylsulfanyl)pentanoyl)piperidin-3-yl)methyl)carbamoyl)cyclobutanecarboxylate",,CCOC(=O)C1CC(F)(C(=O)NC[C@]2(C)CCCN(C(=O)CC[C@@H](C)SC)C2)C1,
6884,Cc1ccnc2sc(C(=O)NC[C@]3(F)C[C@H](CNC(=O)[C@@H]4C[C@@H]4C#N)C3)c(C)c12,"N-(((1R,3r)-3-(((1R,2S)-2-cyanocyclopropanecarboxamido)methyl)-1-fluorocyclobutyl)methyl)-3,4-dimethylthieno[2,3-b]pyridine-2-carboxamide",,Cc1ccnc2sc(C(=O)NC[C@]3(F)C[C@H](CNC(=O)C4C[C@@H]4C#N)C3)c(C)c12,
6955,C[C@@H]1SCCC[C@H]1C(=O)NC[C@H]1C[C@@](F)(CNC(=O)[C@H]2C[C@@H](N3CCCC3)C2)C1,"(2S,3S)-N-(((1r,3S)-3-((cis-3-(pyrrolidin-1-yl)cyclobutanecarboxamido)methyl)-3-fluorocyclobutyl)methyl)-2-methylthiane-3-carboxamide",,C[C@@H]1SCCCC1C(=O)NC[C@H]1C[C@@](F)(CNC(=O)C2CC(N3CCCC3)C2)C1,
6992,CC(C)(CCNC(=O)[C@@H]1C[C@H]2[C@@H](C1)C2(F)F)NC(=O)c1ccc2[nH]ccc2n1,,,CC(C)(CCNC(=O)C1C[C@@H]2[C@H](C1)C2(F)F)NC(=O)c1ccc2[nH]ccc2n1,
6998,CC1(C)OCc2c1n[nH]c2C(=O)N[C@]1(C)C[C@H](NC(=O)[C@H]2CCOC2)C1,"4,4-dimethyl-N-((1R,3s)-1-methyl-3-((3S)-oxolane-3-carboxamido)cyclobutyl)-3-oxa-6,7-diazabicyclo[3.3.0]octa-1(8),5-diene-8-carboxamide",,CC1(C)OCc2c(C(=O)N[C@]3(C)C[C@H](NC(=O)C4CCOC4)C3)n[nH]c21,
7008,O=C(NC[C@H]1CCC[C@@H]1c1ccccc1)N[C@H]1[C@H]2CC3C[C@H]1C[C@](O)(C3)C2,"N-((1S,3S)-5-hydroxyadamantan-2-yl)-N'-(((1S,2S)-2-phenylcyclopentyl)methyl)urea",OC12C[C@H]3C([C@@H](CC(C1)C3)C2)NC(=O)NC[C@@H]2[C@H](CCC2)C2=CC=CC=C2,O=C(NC[C@H]1CCC[C@@H]1c1ccccc1)N[C@H]1[C@H]2CC3C[C@H]1C[C@](O)(C3)C2,O=C(NC[C@H]1CCC[C@@H]1c1ccccc1)NC1[C@H]2CC3C[C@H]1CC(O)(C3)C2
7034,C#C[C@]1(O)C[C@@H](C(=O)NCc2csc(C(=O)N[C@@H]3C[C@H]3CC(C)C)c2)C1,"4-(((1s,3S)-3-ethynyl-3-hydroxycyclobutanecarboxamido)methyl)-N-((1R,2R)-2-(2-methylpropyl)cyclopropyl)thiophene-2-carboxamide",,C#CC1(O)CC(C(=O)NCc2csc(C(=O)N[C@@H]3C[C@H]3CC(C)C)c2)C1,
7074,CCOC(=O)c1cnc(NC(=O)[C@H]2[C@H]3CN(C(=O)[C@@H]4CCN(C)C4)C[C@H]32)[nH]1,"ethyl 2-((1R,5S,6S)-3-(((3R)-1-methylpyrrolidin-3-yl)carbonyl)-3-azabicyclo[3.1.0]hexane-6-carboxamido)-1H-imidazole-5-carboxylate",,CCOC(=O)c1c[nH]c(NC(=O)C2[C@H]3CN(C(=O)C4CCN(C)C4)C[C@@H]23)n1,
7086,CN(C)CC/C(Cl)=C/C(=O)N[C@]1(C)C[C@H](NC(=O)Cc2ccco2)C1,"(2Z)-3-chloro-5-(dimethylamino)-N-((1s,3s)-3-(2-(furan-2-yl)acetamido)-1-methylcyclobutyl)pent-2-enamide",,CN(C)CC/C(Cl)=C/C(=O)N[C@]1(C)C[C@H](NC(=O)Cc2ccco2)C1,
7233,C=C=C[C@@H](C)C(=O)N[C@H]1C[C@@](C)(NC(=O)Cn2cnc([N+](=O)[O-])n2)C1,"(2R)-2-methyl-N-((1s,3S)-3-methyl-3-(2-(3-nitro-1H-1,2,4-triazol-1-yl)acetamido)cyclobutyl)penta-3,4-dienamide",,C=C=CC(C)C(=O)N[C@H]1C[C@@](C)(NC(=O)Cn2cnc([N+](=O)[O-])n2)C1,
7297,Nc1cccc([N+](=O)[O-])c1C(=O)N1C[C@H]2[C@H](CNC(=O)[C@H]3CCCN3C=O)[C@H]2C1,,,Nc1cccc([N+](=O)[O-])c1C(=O)N1C[C@@H]2[C@@H](CNC(=O)C3CCCN3C=O)[C@@H]2C1,
7367,CCOC(=O)c1cc(C(=O)N[C@@](C)(CO)CNC(=O)[C@@H]2C[C@@H]3CC[C@@H]3C2)n(C)n1,,,CCOC(=O)c1cc(C(=O)N[C@@](C)(CO)CNC(=O)C2C[C@H]3CC[C@H]3C2)n(C)n1,
7425,CCCc1cc(NS(=O)(=O)c2ccccc2S(=O)(=O)N[C@H]2C[C@](C)(F)C2)n(C)n1,"N'-((1r,3r)-3-fluoro-3-methylcyclobutyl)-N-(1-methyl-3-propyl-1H-pyrazol-5-yl)benzene-1,2-disulfonamide",,CCCc1cc(NS(=O)(=O)c2ccccc2S(=O)(=O)N[C@H]2C[C@](C)(F)C2)n(C)n1,
7491,CCn1nnc(C(=O)N(C)[C@H]2[C@@H]3CN(C(=O)c4sccc4CN(C)C)C[C@@H]32)c1C,,,CCn1nnc(C(=O)N(C)[C@H]2[C@@H]3CN(C(=O)c4sccc4CN(C)C)C[C@@H]32)c1C,
7576,C[C@H]1CN(C(=O)[C@]2(F)[C@H]3CCC[C@H]32)CCN1C(=O)c1cccc(C(F)(F)F)c1O,,,C[C@H]1CN(C(=O)[C@@]2(F)[C@@H]3CCC[C@@H]32)CCN1C(=O)c1cccc(C(F)(F)F)c1O,
7661,CC(C)[C@H](CNC(=O)c1ccc(OC2CCCC2)nc1)NC(=O)[C@@H]1[C@H]2CC[C@H]21,,,CC(C)[C@H](CNC(=O)c1ccc(OC2CCCC2)nc1)NC(=O)C1[C@H]2CC[C@@H]12,
7690,Cc1cn2c(CC(=O)NCCOCCNC(=O)[C@H]3[C@@H](C)[C@H]3C)csc2n1,,,Cc1cn2c(CC(=O)NCCOCCNC(=O)C3[C@@H](C)[C@H]3C)csc2n1,
7715,O=C(NC[C@H]1[C@@H]2CN(C(=O)[C@H]3CSCCS3)C[C@H]12)c1nncs1,"N-(((1R,5S,6S)-3-(((2S)-1,4-dithian-2-yl)carbonyl)-3-azabicyclo[3.1.0]hexan-6-yl)methyl)-1,3,4-thiadiazole-2-carboxamide",,O=C(NC[C@@H]1[C@H]2CN(C(=O)C3CSCCS3)C[C@@H]12)c1nncs1,
7733,Cc1cn2c(n1)CN(C(=O)[C@H]1CCN(C(=O)[C@@H]3C[C@@H]4CC[C@@H]4C3)C(C)(C)C1)CC2,,,Cc1cn2c(n1)CN(C(=O)C1CCN(C(=O)C3C[C@H]4CC[C@H]4C3)C(C)(C)C1)CC2,
7763,C[C@@H](NC(=O)[C@H]1C[C@@](F)(CO)C1)[C@]1(O)CCN(C(=O)Cc2c(F)cccc2Cl)C1,"(1r,3R)-N-((1R)-1-((3S)-1-(2-(2-chloro-6-fluorophenyl)acetyl)-3-hydroxypyrrolidin-3-yl)ethyl)-3-fluoro-3-(hydroxymethyl)cyclobutanecarboxamide",,C[C@@H](NC(=O)C1CC(F)(CO)C1)[C@]1(O)CCN(C(=O)Cc2c(F)cccc2Cl)C1,
7834,CCC[C@@H](CC)C(=O)N[C@@H]1C[C@H]2CC[C@H]1N(C(=O)[C@@H]1[C@H]3COC[C@H]31)C2,,,CCCC(CC)C(=O)N[C@@H]1C[C@H]2CC[C@H]1N(C(=O)C1[C@H]3COC[C@@H]13)C2,
7845,O=C(N[C@H]1C[C@]2(CCCCN2C(=O)c2ccc(CO)o2)C1)[C@@H]1CC[C@@H]2[C@@H]1C2(F)F,"(1R,2R,5R)-6,6-difluoro-N-(5-((5-(hydroxymethyl)furan-2-yl)carbonyl)-5-azaspiro[3.5]nonan-2-yl)bicyclo[3.1.0]hexane-2-carboxamide",FC1([C@@H]2CC[C@H]([C@@H]12)C(=O)NC1CC2(C1)N(CCCC2)C(=O)C=2OC(=CC2)CO)F,O=C(N[C@H]1C[C@]2(CCCCN2C(=O)c2ccc(CO)o2)C1)C1CC[C@@H]2[C@@H]1C2(F)F,O=C(NC1CC2(CCCCN2C(=O)c2ccc(CO)o2)C1)C1CC[C@@H]2[C@@H]1C2(F)F
7956,O=C(CNC(=O)C1CCC1)NC[C@H]1C[C@@](F)(CNC(=O)c2cc(Cl)ccn2)C1,"N-(((1r,3r)-3-((4-chloropyridine-2-carboxamido)methyl)-3-fluorocyclobutyl)methyl)-2-cyclobutanecarboxamidoacetamide",,O=C(CNC(=O)C1CCC1)NC[C@H]1C[C@@](F)(CNC(=O)c2cc(Cl)ccn2)C1,
7969,CN(C)Cc1cccc(C(=O)N2C[C@H]3[C@H](CNC(=O)C4CC5(CCO5)C4)[C@H]3C2)c1,,,CN(C)Cc1cccc(C(=O)N2C[C@@H]3[C@@H](CNC(=O)C4CC5(CCO5)C4)[C@@H]3C2)c1,
7972,N#C[C@]1(O)C[C@@H](C(=O)N2CCN(C(=O)c3cnco3)C[C@H](O)C2)C1,"(1S,3s)-1-hydroxy-3-(((6R)-6-hydroxy-4-((1,3-oxazol-5-yl)carbonyl)-1,4-diazepan-1-yl)carbonyl)cyclobutanecarbonitrile",,N#CC1(O)CC(C(=O)N2CCN(C(=O)c3cnco3)C[C@H](O)C2)C1,
8022,CC(C)(CNC(=O)[C@H]1C[C@H]2[C@@H](C1)C2(C)C)NC(=O)c1cc(F)c(F)c(F)c1F,,,CC(C)(CNC(=O)C1C[C@@H]2[C@H](C1)C2(C)C)NC(=O)c1cc(F)c(F)c(F)c1F,
8045,CC[C@@H](C)[C@@H](C)C(=O)NC[C@]1(F)C[C@@H](Nc2ncc(C(C)=O)cc2C)C1,"(2R,3R)-N-(((1s,3S)-3-((5-acetyl-3-methylpyridin-2-yl)amino)-1-fluorocyclobutyl)methyl)-2,3-dimethylpentanamide",,CC[C@@H](C)C(C)C(=O)NC[C@]1(F)C[C@@H](Nc2ncc(C(C)=O)cc2C)C1,
8114,C[C@]1(O)C[C@@H](C(=O)N[C@@H]2CC[C@H]2NC(=O)c2scc(Br)c2Cl)C1,"4-bromo-3-chloro-N-((1R,2R)-2-((1s,3S)-3-hydroxy-3-methylcyclobutanecarboxamido)cyclobutyl)thiophene-2-carboxamide",,CC1(O)CC(C(=O)N[C@@H]2CC[C@H]2NC(=O)c2scc(Br)c2Cl)C1,
8229,O=C(NCc1c(Cl)cccc1[N+](=O)[O-])[C@@H]1[C@H]2CN(C(=O)C[C@@H]3COCCO3)C[C@H]21,"(1R,5S,6R)-N-((2-chloro-6-nitrophenyl)methyl)-3-(2-((2R)-1,4-dioxan-2-yl)acetyl)-3-azabicyclo[3.1.0]hexane-6-carboxamide",,O=C(NCc1c(Cl)cccc1[N+](=O)[O-])C1[C@H]2CN(C(=O)C[C@@H]3COCCO3)C[C@@H]12,
8338,C#CC[C@]1(O)C[C@@H](C(=O)N[C@H]2CN(C(=O)[C@H](COC)OC)CC23CC3)C1,"(1s,3S)-N-((7R)-5-((2S)-2,3-dimethoxypropanoyl)-5-azaspiro[2.4]heptan-7-yl)-3-hydroxy-3-(prop-2-yn-1-yl)cyclobutanecarboxamide",,C#CCC1(O)CC(C(=O)N[C@H]2CN(C(=O)C(COC)OC)CC23CC3)C1,
8383,CCC(F)(F)C(=O)N1[C@@H](CC(=O)N(C)[C@@H]2C[C@@H](C)C[C@@H](C)C2)[C@H]2CCC[C@H]21,,,CCC(F)(F)C(=O)N1[C@@H]2CCC[C@@H]2[C@@H]1CC(=O)N(C)[C@H]1C[C@H](C)C[C@H](C)C1,
8505,CC(=O)c1cc(C(=O)NC[C@]2(F)C[C@H](CNC(=O)C3CC[C@H]4C[C@@H]4CC3)C2)no1,"5-acetyl-N-(((1S,3r)-3-(((1S,7S)-bicyclo[5.1.0]octane-4-carboxamido)methyl)-1-fluorocyclobutyl)methyl)-1,2-oxazole-3-carboxamide",,CC(=O)c1cc(C(=O)NC[C@]2(F)C[C@H](CNC(=O)C3CC[C@H]4C[C@@H]4CC3)C2)no1,
8530,COC(=O)[C@H]1C(F)(F)[C@]12C[C@@H](NC(=O)c1cnn(CCN)c1)C2,"methyl (1S)-5-(1-(2-aminoethyl)-1H-pyrazole-4-carboxamido)-2,2-difluorospiro[2.3]hexane-1-carboxylate",NCCN1N=CC(=C1)C(=O)NC1CC2(C([C@@H]2C(=O)OC)(F)F)C1,COC(=O)C1C(F)(F)[C@]12C[C@@H](NC(=O)c1cnn(CCN)c1)C2,COC(=O)C1C(F)(F)C12CC(NC(=O)c1cnn(CCN)c1)C2
8584,CCO[C@H]1C[C@H](C)N(C(=O)Cc2scnc2-c2ccccc2)[C@H](C)C1,,,CCO[C@@H]1C[C@@H](C)N(C(=O)Cc2scnc2-c2ccccc2)[C@@H](C)C1,
8602,CC1(C)C[C@@](C)(CO)CN1C(=O)C[C@H]1[C@@H]2CN(C(=O)COC3CCCC3)C[C@H]12,,,CC1(C)C[C@@](C)(CO)CN1C(=O)C[C@@H]1[C@H]2CN(C(=O)COC3CCCC3)C[C@@H]12,
8605,C[C@H](CC(C)(C)C)NC(=O)[C@@H]1C[C@H](NC(=O)[C@]23CCC[C@H]2CCC3)CCO1,"(2S,4R)-N-((2R)-4,4-dimethylpentan-2-yl)-4-(octahydropentalene-3a-carboxamido)oxane-2-carboxamide",CC(C[C@@H](C)NC(=O)[C@H]1OCC[C@H](C1)NC(=O)C12CCCC2CCC1)(C)C,C[C@H](CC(C)(C)C)NC(=O)C1C[C@H](NC(=O)[C@]23CCC[C@H]2CCC3)CCO1,C[C@H](CC(C)(C)C)NC(=O)C1C[C@H](NC(=O)C23CCCC2CCC3)CCO1
8673,CCC[C@H](NC(C)=O)C(=O)N1C[C@H]2C[C@@H](C(=O)N[C@@H](C)Cn3cnnc3)C[C@H]2C1,"N-((2S)-1-oxo-1-((1R,5S,7S)-7-(((2S)-1-(4H-1,2,4-triazol-4-yl)propan-2-yl)carbamoyl)-3-azabicyclo[3.3.0]octan-3-yl)pentan-2-yl)acetamide",,CCCC(NC(C)=O)C(=O)N1C[C@H]2CC(C(=O)N[C@@H](C)Cn3cnnc3)C[C@H]2C1,
8699,NC(=O)C1(CNC(=O)[C@@H]2[C@H]3CCCCC[C@H]32)CN(C(=O)C(F)(F)C2(O)CCC2)C1,,,NC(=O)C1(CNC(=O)C2[C@H]3CCCCC[C@@H]23)CN(C(=O)C(F)(F)C2(O)CCC2)C1,
8722,COCCOCC(=O)NC[C@]1(C)CN(C(=O)[C@H]2C[C@H]3COC[C@H](C3)C2)C(C)(C)C1,,,COCCOCC(=O)NC[C@]1(C)CN(C(=O)C2C[C@H]3COC[C@@H](C2)C3)C(C)(C)C1,
8746,CN1C[C@H]2[C@@H](C1)[C@@H]2C(=O)N1CC[C@H](NC(=O)[C@H]2CC(C)(C)CN2C)CC(C)(C)C1,,,CN1C[C@@H]2C(C(=O)N3CC[C@H](NC(=O)C4CC(C)(C)CN4C)CC(C)(C)C3)[C@@H]2C1,
8940,CC1(C#CC(=O)N[C@H]2[C@@H]3CN(C(=O)c4ccc([C@H]5CCC5(C)C)cc4)C[C@@H]32)CC1,"N-((1R,5S,6R)-3-((4-((1S)-2,2-dimethylcyclobutyl)phenyl)carbonyl)-3-azabicyclo[3.1.0]hexan-6-yl)-3-(1-methylcyclopropyl)prop-2-ynamide",,CC1(C#CC(=O)N[C@H]2[C@@H]3CN(C(=O)c4ccc(C5CCC5(C)C)cc4)C[C@@H]32)CC1,
8949,Cn1ccc(C=CC(=O)N2C[C@H]3[C@H](NC(=O)c4cnoc4C4CCC4)[C@H]3C2)c1,,,Cn1ccc(C=CC(=O)N2C[C@@H]3[C@H](C2)[C@H]3NC(=O)c2cnoc2C2CCC2)c1,
8986,O=C(NC[C@]1(F)C[C@@H](Nc2ncncc2Br)C1)[C@H](O)C1CCC1,"(2R)-N-(((1s,3S)-3-((5-bromopyrimidin-4-yl)amino)-1-fluorocyclobutyl)methyl)-2-cyclobutyl-2-hydroxyacetamide",,O=C(NC[C@]1(F)C[C@@H](Nc2ncncc2Br)C1)C(O)C1CCC1,
9047,COCc1ccc(C(=O)N[C@H](C)CCN(C)C(=O)[C@@H]2[C@H]3CCCCC[C@H]32)s1,,,COCc1ccc(C(=O)N[C@H](C)CCN(C)C(=O)C2[C@H]3CCCCC[C@@H]23)s1,
9054,CO[C@H]1C[C@H]2C[C@H]1CN(C(=O)[C@@H]1C=CCCN1C(=O)[C@@H]1[C@H]3CN(C)C[C@H]31)C2,,,CO[C@H]1C[C@H]2C[C@H]1CN(C(=O)C1C=CCCN1C(=O)C1[C@H]3CN(C)C[C@@H]13)C2,
9112,Cc1[nH]c2ccc(F)cc2c1C(=O)NC[C@@H]1CCCCN1C(=O)[C@@H]1C[C@@H]2C[C@@H]2C1,,,Cc1[nH]c2ccc(F)cc2c1C(=O)NC[C@@H]1CCCCN1C(=O)C1C[C@@H]2C[C@@H]2C1,
9147,CCOc1oc(C)nc1C(=O)N1CC2CC1(CNC(=O)[C@@H]1[C@H]3COC[C@H]31)C2,,,CCOc1oc(C)nc1C(=O)N1CC2CC1(CNC(=O)C1[C@H]3COC[C@@H]13)C2,
9187,CC[C@@H](O)[C@H](C)C(=O)N[C@H]1C[C@](C)(NC(=O)c2sc3ccccc3c2C)C1,"(2S,3R)-3-hydroxy-2-methyl-N-((1r,3S)-3-methyl-3-(3-methyl-1-benzothiophene-2-carboxamido)cyclobutyl)pentanamide",,CC[C@@H](O)C(C)C(=O)N[C@H]1C[C@](C)(NC(=O)c2sc3ccccc3c2C)C1,
9192,C=CC=C(C)C(=O)N[C@H](CN(C)C)C(=O)N1CCC[C@]2(C1)C[C@H](O)C2,"N-((2R)-1-(dimethylamino)-3-(2-hydroxy-6-azaspiro[3.5]nonan-6-yl)-3-oxopropan-2-yl)-2-methylpenta-2,4-dienamide",CN(C[C@H](C(=O)N1CC2(CC(C2)O)CCC1)NC(C(=CC=C)C)=O)C,C=CCC(C)C(=O)N=C(CN(C)C)C(=O)N1CCC[C@]2(C1)C[C@H](O)C2,C=CCC(C)C(=O)N=C(CN(C)C)C(=O)N1CCCC2(CC(O)C2)C1
9196,N=c1[nH]c2ccc(C(=O)N3C[C@H]4[C@H](NC(=O)c5ccncn5)[C@H]4C3)cc2s1,,,Nc1nc2ccc(C(=O)N3C[C@@H]4[C@H](C3)[C@H]4NC(=O)c3ccncn3)cc2s1,
9227,C=CC[C@@H](NC(=O)c1ccc(=N)[nH]n1)C(=O)N(C)[C@H]1C[C@@H]2C[C@@H]2C1,,,C=CCC(NC(=O)c1ccc(N)nn1)C(=O)N(C)[C@@H]1C[C@H]2C[C@H]2C1,
9234,CCC(CC)[C@@H](OC)C(=O)NCCN(C)C(=O)[C@@H]1[C@H]2COC[C@H]21,,,CCC(CC)C(OC)C(=O)NCCN(C)C(=O)C1[C@H]2COC[C@@H]12,
9235,CC(C)(C)OC(=O)NCCC(=O)N1C[C@@H]2[C@H](C1)[C@@H]2NC(=O)Cc1cncnc1,,,CC(C)(C)OC(=O)NCCC(=O)N1C[C@@H]2[C@H](C1)[C@@H]2NC(=O)Cc1cncnc1,
9273,COCC1CC2(CCN2C(=O)[C@H]2C[C@@](C)(NC(=O)CCc3ccco3)C2)C1,"3-(furan-2-yl)-N-((1s,3s)-3-((6-(methoxymethyl)-1-azaspiro[3.3]heptan-1-yl)carbonyl)-1-methylcyclobutyl)propanamide",,COCC1CC2(CCN2C(=O)C2CC(C)(NC(=O)CCc3ccco3)C2)C1,
9298,CC[C@@H](C)CCC(=O)N[C@H]1C[C@@H]2C[C@H](C1)CN(C(=O)CC1(OC)CCCC1)C2,,,CC[C@@H](C)CCC(=O)N[C@@H]1C[C@H]2C[C@@H](C1)CN(C(=O)CC1(OC)CCCC1)C2,
9326,CC(=O)c1ccc(C(=O)N[C@]2(C)C[C@H](NC(=O)c3ccnc(C)c3)C2)c(O)n1,"6-acetyl-2-hydroxy-N-((1s,3s)-1-methyl-3-(2-methylpyridine-4-carboxamido)cyclobutyl)pyridine-3-carboxamide",,CC(=O)c1ccc(C(=O)N[C@]2(C)C[C@H](NC(=O)c3ccnc(C)c3)C2)c(=O)[nH]1,
9443,C[C@@H](C(=O)N1C[C@H]2[C@H](NC(=O)c3c(F)ccc(Br)c3F)[C@H]2C1)C(C)(F)F,"3-bromo-N-((1R,5S,6R)-3-((2S)-3,3-difluoro-2-methylbutanoyl)-3-azabicyclo[3.1.0]hexan-6-yl)-2,6-difluorobenzamide",,CC(C(=O)N1C[C@@H]2[C@H](C1)[C@H]2NC(=O)c1c(F)ccc(Br)c1F)C(C)(F)F,
9531,CCN1N=CC(C(=O)N[C@]2(C)C[C@H](NC(=O)CC3=CC=CC4=C3SC=C4)C2)=C1C,"N-((1s,3s)-3-(2-(1-benzothiophen-7-yl)acetamido)-1-methylcyclobutyl)-1-ethyl-5-methyl-1H-pyrazole-4-carboxamide",,CCn1ncc(C(=O)N[C@]2(C)C[C@H](NC(=O)Cc3cccc4ccsc34)C2)c1C,
9536,C=CC[C@@H](OC)C(=O)N1C[C@H]2[C@H](CN(C)C(=O)C=Cc3cnn(C)c3)[C@H]2C1,"N-(((1R,5S,6R)-3-((2R)-2-methoxypent-4-enoyl)-3-azabicyclo[3.1.0]hexan-6-yl)methyl)-N-methyl-3-(1-methyl-1H-pyrazol-4-yl)prop-2-enamide",,C=CCC(OC)C(=O)N1C[C@@H]2[C@@H](CN(C)C(=O)C=Cc3cnn(C)c3)[C@@H]2C1,
9635,C#CC[C@]1(O)C[C@@H](C(=O)N2CC[C@H](CNC(=O)[C@H]3C4C[C@@H]5C3[C@@H]5C4)C2)C1,"(1R,3S,6S)-N-(((3R)-1-(((1s,3S)-3-hydroxy-3-(prop-2-yn-1-yl)cyclobutyl)carbonyl)pyrrolidin-3-yl)methyl)tricyclo[2.2.1.0^{2,6}]heptane-3-carboxamide",,C#CCC1(O)CC(C(=O)N2CC[C@H](CNC(=O)C3C4C[C@@H]5C3[C@@H]5C4)C2)C1,
9640,CO[C@]1(C(F)(F)F)C[C@H](C(=O)N[C@H](CCNC(=O)c2cnsc2)C(C)C)C1,"N-((3R)-3-((1s,3S)-3-methoxy-3-(trifluoromethyl)cyclobutanecarboxamido)-4-methylpentyl)-1,2-thiazole-4-carboxamide",,COC1(C(F)(F)F)CC(C(=O)N[C@H](CCNC(=O)c2cnsc2)C(C)C)C1,
9663,C#C[C@@H](C)NC(=O)[C@]1(c2c(F)cccc2F)C[C@@H](NC(=O)CCOC)C1,"(1r,3R)-N-((2R)-but-3-yn-2-yl)-1-(2,6-difluorophenyl)-3-(3-methoxypropanamido)cyclobutanecarboxamide",,C#C[C@@H](C)NC(=O)[C@]1(c2c(F)cccc2F)C[C@@H](NC(=O)CCOC)C1,
9695,CO[C@H]1C[C@@H](C(=O)NCC[C@@H](C)N(C)C(=O)CCC2CCCCC2)C[C@H]1OC,,,CO[C@H]1CC(C(=O)NCC[C@@H](C)N(C)C(=O)CCC2CCCCC2)C[C@H]1OC,
9810,Cc1n[nH]cc1C(=O)N[C@@H]1C[C@@H]2CC[C@H](C1)N2C(=O)c1cccnc1CO,,,Cc1[nH]ncc1C(=O)N[C@H]1C[C@H]2CC[C@@H](C1)N2C(=O)c1cccnc1CO,
9819,Cc1nn(CC(=O)N2CCC[C@@H](N(CCF)C(=O)[C@@H]3[C@@H](C)[C@H]3C)C2)cc1Br,,,Cc1nn(CC(=O)N2CCC[C@@H](N(CCF)C(=O)C3[C@@H](C)[C@H]3C)C2)cc1Br,
9873,C/C=C/C(=O)N1[C@H]2CCC[C@@H]1C[C@@H](NC(=O)c1cccc(SC)c1)C2,,,C/C=C/C(=O)N1[C@@H]2CCC[C@H]1C[C@H](NC(=O)c1cccc(SC)c1)C2,
9889,CC[C@@H]1CCN(C(=O)c2cc(O)ncc2F)[C@@H]1CNC(=O)[C@@H]1[C@H]2CCC[C@H]21,,,CC[C@@H]1CCN(C(=O)c2cc(=O)[nH]cc2F)[C@@H]1CNC(=O)C1[C@H]2CCC[C@@H]12,
9917,C[C@H]1COC[C@H](CC(=O)N[C@H]2C[C@](F)(CNC(=O)CN(C)S(C)(=O)=O)C2)O1,"N-((1s,3R)-3-fluoro-3-((2-(N-methylmethanesulfonamido)acetamido)methyl)cyclobutyl)-2-((2S,6S)-6-methyl-1,4-dioxan-2-yl)acetamide",,C[C@H]1COC[C@H](CC(=O)N[C@H]2C[C@](F)(CNC(=O)CN(C)S(C)(=O)=O)C2)O1,
10001,COc1cccc(C(=O)NC[C@]2(F)C[C@@H](C(=O)O)C2)c1O,"(1s,3s)-3-fluoro-3-((2-hydroxy-3-methoxybenzamido)methyl)cyclobutanecarboxylic acid",,COc1cccc(C(=O)NCC2(F)CC(C(=O)O)C2)c1O,
10005,CCCC[C@@H](F)C(=O)N1C[C@@H](C)N(C(=O)[C@H]2C[C@H]3[C@@H](C2)C3(C)C)C[C@@H]1C,,,CCCCC(F)C(=O)N1C[C@@H](C)N(C(=O)C2C[C@@H]3[C@H](C2)C3(C)C)C[C@@H]1C,
10089,C#C[C@@H](C)NC(=O)[C@@H]1C[C@@H]2CN(C(=O)Cc3ncn(C)c3C)C[C@@H]2C1,,,C#C[C@@H](C)NC(=O)C1C[C@@H]2CN(C(=O)Cc3ncn(C)c3C)C[C@@H]2C1,
10114,COc1ccc(CCC(=O)N[C@H]2C[C@@H]3CN(C(=O)CCS(C)(=O)=O)C[C@@H]3C2)cc1,,,COc1ccc(CCC(=O)N[C@H]2C[C@@H]3CN(C(=O)CCS(C)(=O)=O)C[C@@H]3C2)cc1,
10143,CC(C)[C@@]1(C)C[C@@H]1C(=O)N[C@H]1[C@@H]2CN(CC(F)(F)C(F)F)C[C@@H]21,,,CC(C)[C@@]1(C)CC1C(=O)N[C@H]1[C@@H]2CN(CC(F)(F)C(F)F)C[C@@H]21,
10253,Cc1nnc(N2CCN(C(=O)[C@@H]3[C@H]4[C@@H]5CC[C@@H](C5)[C@H]43)C[C@@](C)(F)C2)s1,,,Cc1nnc(N2CCN(C(=O)C3[C@@H]4[C@H]5CC[C@H](C5)[C@H]34)C[C@@](C)(F)C2)s1,
10256,O=C(c1ccccc1)N1CCC[C@H]2[C@@H]1CCN2C(=O)[C@H]1CC[C@H]2C[C@H]2CC1,,,O=C(c1ccccc1)N1CCC[C@H]2[C@@H]1CCN2C(=O)C1CC[C@@H]2C[C@@H]2CC1,
10259,Cc1cccn2cc(CC(=O)N3C[C@H]4[C@H](CN(C)C(=O)C(=O)N(C)C)[C@H]4C3)nc12,,,Cc1cccn2cc(CC(=O)N3C[C@@H]4[C@@H](CN(C)C(=O)C(=O)N(C)C)[C@@H]4C3)nc12,
10273,CN1CC[C@H](C(=O)N2C[C@H]3[C@H](NC(=O)Cc4cn5c(n4)CCCC5)[C@H]3C2)C1,"N-((1R,5S,6R)-3-(((3S)-1-methylpyrrolidin-3-yl)carbonyl)-3-azabicyclo[3.1.0]hexan-6-yl)-2-(5,6,7,8-tetrahydroimidazo[1,2-a]pyridin-2-yl)acetamide",,CN1CCC(C(=O)N2C[C@@H]3[C@H](C2)[C@H]3NC(=O)Cc2cn3c(n2)CCCC3)C1,
10295,Cn1cc(S(=O)(=O)N2C[C@@H]3[C@H](C(=O)NCCNC(=O)OC(C)(C)C)[C@@H]3C2)cn1,,,Cn1cc(S(=O)(=O)N2C[C@@H]3C(C(=O)NCCNC(=O)OC(C)(C)C)[C@@H]3C2)cn1,
10316,C=C(C)c1ccccc1NC(=O)[C@H]1[C@H]2CN(Cc3c(Br)cc(Br)c(O)c3Br)C[C@H]21,,,C=C(C)c1ccccc1NC(=O)C1[C@H]2CN(Cc3c(Br)cc(Br)c(O)c3Br)C[C@@H]12,
10330,Cc1ccc(C(=O)N2C[C@H]3[C@H](NC(=O)C4CC(CCO)C4)[C@H]3C2)c(F)c1Cl,,,Cc1ccc(C(=O)N2C[C@@H]3[C@H](C2)[C@H]3NC(=O)C2CC(CCO)C2)c(F)c1Cl,
10337,O=C(N[C@]1(CO)C[C@H]2CCC[C@@H]21)[C@@H]1C[C@@H]2CN(C(=O)c3c[nH]c(=O)cn3)C[C@@H]2C1,,,O=C(N[C@]1(CO)C[C@H]2CCC[C@@H]21)C1C[C@@H]2CN(C(=O)c3c[nH]c(=O)cn3)C[C@@H]2C1,
10365,CCC(=O)N[C@]1(C(=O)N2[C@H]3CC[C@@H]2C[C@@H](OC)C3)C[C@H]1C,"N-((1R,2R)-1-(((1R,3S,5S)-3-methoxy-8-azabicyclo[3.2.1]octan-8-yl)carbonyl)-2-methylcyclopropyl)propanamide",,CCC(=O)N[C@]1(C(=O)N2[C@@H]3CC[C@H]2C[C@H](OC)C3)C[C@H]1C,
10456,CNC(=O)NCC(=O)NC1(CCNC(=O)[C@@H]2[C@H]3C[C@@H]3[C@H]3C[C@@H]23)CCC1,"N-methyl-N'-(2-oxo-2-((1-(2-((1R,2R,4R,5R,6S)-tricyclo[4.1.0.0^{2,4}]heptane-5-carboxamido)ethyl)cyclobutyl)amino)ethyl)urea",,CNC(=O)NCC(=O)NC1(CCNC(=O)C2[C@H]3C[C@@H]3[C@H]3C[C@@H]23)CCC1,
10529,CO[C@H](C(=O)N1C[C@H]2[C@H](CNC(=O)c3nc(O)c(C)s3)[C@H]2C1)c1ccccc1F,"N-(((1R,5S,6S)-3-((2S)-2-(2-fluorophenyl)-2-methoxyacetyl)-3-azabicyclo[3.1.0]hexan-6-yl)methyl)-4-hydroxy-5-methyl-1,3-thiazole-2-carboxamide",,COC(C(=O)N1C[C@@H]2[C@@H](CNC(=O)c3nc(O)c(C)s3)[C@@H]2C1)c1ccccc1F,
10572,CCc1cc(C(=O)N(C)[C@H]2C[C@@H]3CC[C@H](C2)N3C(=O)[C@@H](CC)n2ccnc2)on1,"3-ethyl-N-((1R,3S,5S)-8-((2R)-2-(1H-imidazol-1-yl)butanoyl)-8-azabicyclo[3.2.1]octan-3-yl)-N-methyl-1,2-oxazole-5-carboxamide",,CCc1cc(C(=O)N(C)[C@@H]2C[C@H]3CC[C@@H](C2)N3C(=O)C(CC)n2ccnc2)on1,
10755,O=C(C[C@@H]1CC1(Cl)Cl)N1C[C@H]2[C@H](CN=c3[nH]cnc(Cl)c3CO)[C@H]2C1,"1-((1R,5S,6R)-6-(((6-chloro-5-(hydroxymethyl)-3H-pyrimidin-4-ylidene)amino)methyl)-3-azabicyclo[3.1.0]hexan-3-yl)-2-((1R)-2,2-dichlorocyclopropyl)ethan-1-one",,O=C(C[C@@H]1CC1(Cl)Cl)N1C[C@@H]2[C@@H](CNc3ncnc(Cl)c3CO)[C@@H]2C1,
10842,CC(C)[C@@H](C)CC(=O)N[C@@H]1Cc2ccccc2N(C(=O)[C@@H]2[C@H]3[C@@H]4CC[C@@H](C4)[C@H]32)C1,,,CC(C)[C@@H](C)CC(=O)N[C@@H]1Cc2ccccc2N(C(=O)C2[C@@H]3[C@H]4CC[C@H](C4)[C@H]23)C1,
10924,O=C(C[C@H]1COC(=O)C1)N[C@@H]1C[C@@H]2CC[C@H](C1)N2C(=O)[C@@H]1CCCCO1,"N-((1R,3S,5S)-8-(((2S)-oxan-2-yl)carbonyl)-8-azabicyclo[3.2.1]octan-3-yl)-2-((3R)-5-oxooxolan-3-yl)acetamide",,O=C(C[C@H]1COC(=O)C1)N[C@H]1C[C@H]2CC[C@@H](C1)N2C(=O)C1CCCCO1,
10974,CCOC1CC2(C1)C[C@@H]2C(=O)N1CCN(C(=O)[C@H]2C[C@@](C)(O)C2)[C@@H](C)C1,"((2S)-4-(((1S)-5-ethoxyspiro[2.3]hexan-1-yl)carbonyl)-2-methylpiperazin-1-yl)((1s,3R)-3-hydroxy-3-methylcyclobutyl)methanone",,CCOC1CC2(C1)CC2C(=O)N1CCN(C(=O)C2CC(C)(O)C2)[C@@H](C)C1,
10977,CC(C)Oc1ccc(F)c(F)c1-c1ccc(CNC(=O)[C@@H]2[C@H]3COC[C@H]32)cn1,,,CC(C)Oc1ccc(F)c(F)c1-c1ccc(CNC(=O)C2[C@H]3COC[C@@H]23)cn1,
11006,CCCCCC(=O)NC[C@]1(O)C[C@@H]2CC[C@H](C1)N2C(=O)[C@H]1CCCC(F)(F)CC1,"N-(((1R,3R,5S)-8-(((1S)-4,4-difluorocycloheptyl)carbonyl)-3-hydroxy-8-azabicyclo[3.2.1]octan-3-yl)methyl)hexanamide",,CCCCCC(=O)NC[C@@]1(O)C[C@H]2CC[C@@H](C1)N2C(=O)C1CCCC(F)(F)CC1,
11051,CC[C@H](SC)C(=O)N1CCC[C@@H]1CCCNC(=O)C[C@@H]1C[C@H]2C[C@H]2C1,,,CCC(SC)C(=O)N1CCC[C@@H]1CCCNC(=O)C[C@H]1C[C@@H]2C[C@@H]2C1,
11062,O=C(N1C[C@H]2[C@H](NCc3c(Cl)[nH]c4ccccc34)[C@H]2C1)C(Cl)(Cl)Cl,,,O=C(N1C[C@@H]2[C@H](C1)[C@H]2NCc1c(Cl)[nH]c2ccccc12)C(Cl)(Cl)Cl,
11107,C=CCCO[C@@H](C)C(=O)NC[C@]1(F)C[C@H](CNC(=O)c2ncc(Br)cn2)C1,"(2S)-N-(((1r,3S)-3-((5-bromopyrimidine-2-carboxamido)methyl)-1-fluorocyclobutyl)methyl)-2-((but-3-en-1-yl)oxy)propanamide",,C=CCCOC(C)C(=O)NC[C@]1(F)C[C@H](CNC(=O)c2ncc(Br)cn2)C1,
11126,C[C@H](N=c1ccc2c(Br)c[nH]c2[nH]1)[C@@H](c1ccccc1)N1CCOCC1,"3-bromo-N-((1R,2S)-1-(morpholin-4-yl)-1-phenylpropan-2-yl)-1H-pyrrolo[2,3-b]pyridin-6-imine",BrC=1CNC2=NC(C=CC21)=N[C@H]([C@@H](C2=CC=CC=C2)N2CCOCC2)C,C[C@H](Nc1ccc2c(Br)c[nH]c2n1)[C@@H](c1ccccc1)N1CCOCC1,C[C@H](N=c1ccc2c([nH]1)=NCC=2Br)[C@@H](c1ccccc1)N1CCOCC1
11140,CC(C)=C(C)CC(=O)N[C@]1(C(=O)N[C@H]2CCC3(CCCC3)C2)C[C@H](O)C1,"N-((1s,3R)-3-hydroxy-1-(((2S)-spiro[4.4]nonan-2-yl)carbamoyl)cyclobutyl)-3,4-dimethylpent-3-enamide",,CC(C)=C(C)CC(=O)N[C@]1(C(=O)N[C@H]2CCC3(CCCC3)C2)C[C@H](O)C1,
11170,CC(=O)N1CCCC[C@H]1CC(=O)N1C[C@H]2[C@H](NC(=O)CN3C[C@H]4C[C@H]4C3)[C@H]2C1,"N-((1R,5S,6R)-3-(2-((2S)-1-acetylpiperidin-2-yl)acetyl)-3-azabicyclo[3.1.0]hexan-6-yl)-2-((1R,5S)-3-azabicyclo[3.1.0]hexan-3-yl)acetamide",,CC(=O)N1CCCC[C@H]1CC(=O)N1C[C@@H]2[C@H](C1)[C@H]2NC(=O)CN1C[C@H]2C[C@H]2C1,
11196,C[C@]1(NC(=O)c2cccc3c2OCC3)C[C@H](NC(=O)c2cccnn2)C1,"N-((1r,3r)-3-(2,3-dihydro-1-benzofuran-7-carboxamido)-3-methylcyclobutyl)pyridazine-3-carboxamide",,C[C@]1(NC(=O)c2cccc3c2OCC3)C[C@H](NC(=O)c2cccnn2)C1,
11203,C[C@H]1CN(C(=O)[C@@H]2C[C@@H]3CC[C@@H]3C2)[C@H]1C(=O)NCC(F)(F)CC1CC1,,,C[C@H]1CN(C(=O)C2C[C@H]3CC[C@H]3C2)C1C(=O)NCC(F)(F)CC1CC1,
11224,C[C@@H]1[C@H](C(=O)N2C[C@@H]3C(CNC(=O)c4cnc([C@@H]5CCOC5)s4)[C@H]3C2)[C@@H]1C,,,C[C@@H]1C(C(=O)N2C[C@@H]3C(CNC(=O)c4cnc([C@@H]5CCOC5)s4)[C@H]3C2)[C@@H]1C,
11248,CC(C)OCC(=O)N[C@H]1C[C@@](C)(NC(=O)C[C@@H]2CCN(C)C2=O)C1,"N-((1s,3R)-3-(2-isopropoxyacetamido)-1-methylcyclobutyl)-2-((3S)-1-methyl-2-oxopyrrolidin-3-yl)acetamide",,CC(C)OCC(=O)N[C@H]1C[C@@](C)(NC(=O)CC2CCN(C)C2=O)C1,
11311,CO[C@]1(CNC(=O)N2CCC[C@@]3(COCC(=O)N3)C2)C[C@@H](C)C[C@@H](C)C1,,,CO[C@@]1(CNC(=O)N2CCC[C@@]3(COCC(=O)N3)C2)C[C@H](C)C[C@H](C)C1,
11322,CC[C@H](C)c1nccc(N2C[C@H]3[C@H](CNC(=O)[C@@H]4CC=CCO4)[C@H]3C2)n1,"(2S)-N-(((1R,5S,6S)-3-(2-((2S)-butan-2-yl)pyrimidin-4-yl)-3-azabicyclo[3.1.0]hexan-6-yl)methyl)-3,6-dihydro-2H-pyran-2-carboxamide",,CCC(C)c1nccc(N2C[C@@H]3[C@@H](CNC(=O)C4CC=CCO4)[C@@H]3C2)n1,
11335,CCc1ccnc(CNC(=O)N2C[C@H](C)[S@@](=O)[C@H](C)C2)c1,,,CCc1ccnc(CNC(=O)N2C[C@@H](C)[S@+]([O-])[C@@H](C)C2)c1,
11406,Cc1ccc2[nH]cc(C(=O)N[C@H]3C[C@@](C)(NC(=O)[C@H]4C[C@H](CF)C4)C3)c(=O)c2c1,"6-methyl-N-((1s,3s)-3-methyl-3-(trans-3-(fluoromethyl)cyclobutanecarboxamido)cyclobutyl)-4-oxo-1,4-dihydroquinoline-3-carboxamide",,Cc1ccc2[nH]cc(C(=O)N[C@H]3C[C@@](C)(NC(=O)C4CC(CF)C4)C3)c(=O)c2c1,
11407,CCC(=O)N[C@H](C)C(=O)NC[C@H]1C[C@](F)(CNC(=O)Cn2nc(O)ccc2=O)C1,"(2R)-N-(((1s,3S)-3-fluoro-3-((2-(3-hydroxy-6-oxo-1,6-dihydropyridazin-1-yl)acetamido)methyl)cyclobutyl)methyl)-2-propanamidopropanamide",,CCC(=O)NC(C)C(=O)NC[C@H]1C[C@](F)(CNC(=O)Cn2[nH]c(=O)ccc2=O)C1,
11510,C#CC[C@]1(O)C[C@@H](C(=O)N2CC[C@H](CN(C)c3ccc(C(=O)OCC)cn3)C2)C1,"ethyl 6-((((3R)-1-(((1s,3S)-3-hydroxy-3-(prop-2-yn-1-yl)cyclobutyl)carbonyl)pyrrolidin-3-yl)methyl)(methyl)amino)pyridine-3-carboxylate",,C#CCC1(O)CC(C(=O)N2CC[C@H](CN(C)c3ccc(C(=O)OCC)cn3)C2)C1,
11538,C#CCCCC(=O)NC1(CNC(=O)[C@H]2C[C@](OC)(C(F)(F)F)C2)CCCCC1,"N-(1-(((1s,3s)-3-methoxy-3-(trifluoromethyl)cyclobutanecarboxamido)methyl)cyclohexyl)hex-5-ynamide",,C#CCCCC(=O)NC1(CNC(=O)C2CC(OC)(C(F)(F)F)C2)CCCCC1,
11614,CCc1ccc(CN[C@@H]2[C@@H]3CN(C(=O)c4cccc5c4CCN5C)C[C@@H]32)s1,,,CCc1ccc(CN[C@@H]2[C@@H]3CN(C(=O)c4cccc5c4CCN5C)C[C@@H]32)s1,
11664,COCC12COC(C(=O)N3CC(CNC(=O)c4cc5c([nH]4)CCCC5=O)C3)(C1)C2,"N-((1-((4-(methoxymethyl)-2-oxabicyclo[2.1.1]hexan-1-yl)carbonyl)azetidin-3-yl)methyl)-4-oxo-4,5,6,7-tetrahydro-1H-indole-2-carboxamide",COCC12COC(C1)(C2)C(=O)N2CC(C2)CNC(=O)C=2NC=1CCCC(C1C2)=O,COCC12COC(C(=O)N3CC(CNC(=O)c4cc5c([nH]4)CCCC5=O)C3)(C1)C2,COCC12COC(C(=O)N3CC(CNC(O)c4cc5c(O)cccc5[nH]4)C3)(C1)C2
11688,CN(C(=O)C1=CCC[C@@H]1P(C)(C)=O)[C@H]1[C@@H]2CN(C(=O)CCC3CCCC3)C[C@@H]21,,,CN(C(=O)C1=CCC[C@@H]1P(C)(C)=O)[C@H]1[C@@H]2CN(C(=O)CCC3CCCC3)C[C@@H]21,
11692,CO[C@H]1C[C@@H](C(=O)Nc2ccc([N+](=O)[O-])cc2CO)N(C(=O)[C@@H]2[C@H]3COC[C@H]32)C1,,,CO[C@H]1CC(C(=O)Nc2ccc([N+](=O)[O-])cc2CO)N(C(=O)C2[C@H]3COC[C@@H]23)C1,
11742,C[C@H](C(=O)NC[C@]1(c2ccccc2)C[C@H](O)C1)n1cc(-c2cc[nH]n2)nn1,"(2R)-N-(((1s,3S)-3-hydroxy-1-phenylcyclobutyl)methyl)-2-(4-(1H-pyrazol-3-yl)-1H-1,2,3-triazol-1-yl)propanamide",,CC(C(=O)NC[C@]1(c2ccccc2)C[C@H](O)C1)n1cc(-c2cc[nH]n2)nn1,
11873,COC1(C(=O)N[C@@H]2CCCN(C(=O)[C@H]3C[C@](F)(CO)C3)[C@@H]2C)CCCC1,"N-((2R,3R)-1-(((1s,3S)-3-fluoro-3-(hydroxymethyl)cyclobutyl)carbonyl)-2-methylpiperidin-3-yl)-1-methoxycyclopentanecarboxamide",,COC1(C(=O)N[C@@H]2CCCN(C(=O)C3CC(F)(CO)C3)[C@@H]2C)CCCC1,
11914,CON=CC(=O)NC[C@H]1[C@@H]2CN(c3nc(C)ns3)C[C@H]12,,,CON=CC(=O)NC[C@@H]1[C@H]2CN(c3nc(C)ns3)C[C@@H]12,
11999,CC[C@@H](OC)C(=O)NC[C@H]1C[C@@](F)(CNC(=O)COCc2ccnn2C)C1,"(2R)-N-(((1r,3R)-3-fluoro-3-((2-(((1-methyl-1H-pyrazol-5-yl)methyl)oxy)acetamido)methyl)cyclobutyl)methyl)-2-methoxybutanamide",,CCC(OC)C(=O)NC[C@H]1C[C@@](F)(CNC(=O)COCc2ccnn2C)C1,
12078,C#CC[C@]1(O)C[C@@H](C(=O)N2CCC(F)(C(=O)N[C@@H]3COC[C@@H]3CC)CC2)C1,"N-((3S,4R)-4-ethyloxolan-3-yl)-4-fluoro-1-(((1s,3R)-3-hydroxy-3-(prop-2-yn-1-yl)cyclobutyl)carbonyl)piperidine-4-carboxamide",,C#CCC1(O)CC(C(=O)N2CCC(F)(C(=O)N[C@@H]3COC[C@@H]3CC)CC2)C1,
12098,CNC(=O)N1CCC[C@@H]1C(=O)N1C[C@H]2[C@H](CNC(=O)c3cnc(C)[nH]c3=N)[C@H]2C1,"6-imino-2-methyl-N-(((1R,5S,6R)-3-(((2R)-1-(methylcarbamoyl)pyrrolidin-2-yl)carbonyl)-3-azabicyclo[3.1.0]hexan-6-yl)methyl)-1,6-dihydropyrimidine-5-carboxamide",,CNC(=O)N1CCCC1C(=O)N1C[C@@H]2[C@@H](CNC(=O)c3cnc(C)nc3N)[C@@H]2C1,
12174,CN(CCOCCN(C)c1ccccc1[N+](=O)[O-])C(=O)[C@@H]1[C@H]2[C@@H]3CC[C@@H](C3)[C@H]21,,,CN(CCOCCN(C)c1ccccc1[N+](=O)[O-])C(=O)C1[C@@H]2[C@H]3CC[C@H](C3)[C@H]12,
12207,O=C([C@@H]1CCCCN1C(=O)[C@@H]1[C@H]2CCC[C@H]21)N1CCO[C@H](CF)C1,,,O=C(C1CCCCN1C(=O)C1[C@H]2CCC[C@@H]12)N1CCO[C@H](CF)C1,
12254,Nc1c(Cl)cnc(C(=O)NC2CCN(C(=O)[C@H]3C[C@@](F)(CO)C3)CC2)c1Cl,"4-amino-3,5-dichloro-N-(1-(((1r,3r)-3-fluoro-3-(hydroxymethyl)cyclobutyl)carbonyl)piperidin-4-yl)pyridine-2-carboxamide",,Nc1c(Cl)cnc(C(=O)NC2CCN(C(=O)C3CC(F)(CO)C3)CC2)c1Cl,
12289,CC(=CC1CC1)C(=O)N[C@]1(C)C[C@@H](NC(=O)c2cnn3c2CCC3)C1,"3-cyclopropyl-N-((1r,3r)-3-(1,2-diazabicyclo[3.3.0]octa-2,4-diene-4-carboxamido)-1-methylcyclobutyl)-2-methylprop-2-enamide",,CC(=CC1CC1)C(=O)N[C@]1(C)C[C@@H](NC(=O)c2cnn3c2CCC3)C1,
12349,Cc1coc(C(=O)NC[C@]2(O)C[C@@H]3CC[C@H](C2)N3C(=O)CC[C@@H]2CC2(Cl)Cl)c1,"N-(((1R,3S,5S)-8-(3-((1R)-2,2-dichlorocyclopropyl)propanoyl)-3-hydroxy-8-azabicyclo[3.2.1]octan-3-yl)methyl)-4-methylfuran-2-carboxamide",,Cc1coc(C(=O)NC[C@@]2(O)C[C@H]3CC[C@@H](C2)N3C(=O)CC[C@@H]2CC2(Cl)Cl)c1,
12398,CCCCCCN(C)CC(=O)N1C[C@H]2[C@H](NC(=O)c3c(C)cc(O)cc3C)[C@H]2C1,,,CCCCCCN(C)CC(=O)N1C[C@@H]2[C@H](C1)[C@H]2NC(=O)c1c(C)cc(O)cc1C,
12482,CC[C@@](C)(C#N)C(=O)N[C@H]1CCN(C(=O)[C@H]2C[C@](OC)(C(F)F)C2)[C@H]1C,"(2S)-2-cyano-N-((2S,3S)-1-(((1s,3R)-3-(difluoromethyl)-3-methoxycyclobutyl)carbonyl)-2-methylpyrrolidin-3-yl)-2-methylbutanamide",,CC[C@@](C)(C#N)C(=O)N[C@H]1CCN(C(=O)C2CC(OC)(C(F)F)C2)[C@H]1C,
12527,CC(C)c1nn(C)cc1C(=O)NC[C@H]1C[C@@](F)(CNC(=O)[C@H]2C[C@](F)(CO)C2)C1,"N-(((1r,3r)-3-fluoro-3-(((1s,3s)-3-fluoro-3-(hydroxymethyl)cyclobutanecarboxamido)methyl)cyclobutyl)methyl)-1-methyl-3-(propan-2-yl)-1H-pyrazole-4-carboxamide",,CC(C)c1nn(C)cc1C(=O)NC[C@H]1C[C@@](F)(CNC(=O)C2CC(F)(CO)C2)C1,
12611,Cc1c(C#N)cccc1C(=O)N[C@]1(C)C[C@H](C(=O)N[C@H]2CCN(C)C[C@H]2C)C1,"3-cyano-N-((1R,3s)-3-(((3R,4S)-1,3-dimethylpiperidin-4-yl)carbamoyl)-1-methylcyclobutyl)-2-methylbenzamide",,Cc1c(C#N)cccc1C(=O)NC1(C)CC(C(=O)N[C@H]2CCN(C)C[C@H]2C)C1,
12661,Cc1snnc1C(=O)N1C[C@H]2[C@H](N(C)C(=O)C[C@@H]3CCCCN3C)[C@H]2C1,,,Cc1snnc1C(=O)N1C[C@@H]2[C@H](C1)[C@H]2N(C)C(=O)C[C@@H]1CCCCN1C,
12683,CNC(=O)C(C)(C)C(=O)NC[C@]1(F)C[C@H](NC(=O)c2ccc(F)s2)C1,"N'-(((1r,3r)-1-fluoro-3-(5-fluorothiophene-2-carboxamido)cyclobutyl)methyl)-N,2,2-trimethylpropanediamide",,CNC(=O)C(C)(C)C(=O)NC[C@]1(F)C[C@H](NC(=O)c2ccc(F)s2)C1,
12705,C#CCCC(=O)N[C@]1(CNC(=O)C2=C[C@H]3C=C[C@@H](C2)C3)C[C@@](OC)(C(F)(F)F)C1,"N-((1s,3S)-1-(((1R,5R)-bicyclo[3.2.1]octa-2,6-diene-3-carboxamido)methyl)-3-methoxy-3-(trifluoromethyl)cyclobutyl)pent-4-ynamide",,C#CCCC(=O)N[C@]1(CNC(=O)C2=C[C@H]3C=C[C@@H](C2)C3)C[C@@](OC)(C(F)(F)F)C1,
12713,CCO[C@@H](CC(=O)N[C@]1(C)C[C@H](NC(=O)[C@@H](SC)C2CC2)C1)C(C)C,"(3S)-N-((1R,3R)-3-((2S)-2-cyclopropyl-2-(methylsulfanyl)acetamido)-1-methylcyclobutyl)-3-ethoxy-4-methylpentanamide",,CCO[C@@H](CC(=O)N[C@]1(C)C[C@H](NC(=O)C(SC)C2CC2)C1)C(C)C,
12722,O=C(CO[C@H]1CCOC1)NC[C@H]1[C@@H]2CN(C(=O)[C@H]3CCN(CCO)C(=O)C3)C[C@H]12,"N-(((1R,5S,6S)-3-(((4S)-1-(2-hydroxyethyl)-2-oxopiperidin-4-yl)carbonyl)-3-azabicyclo[3.1.0]hexan-6-yl)methyl)-2-(((3S)-oxolan-3-yl)oxy)acetamide",,O=C(CO[C@H]1CCOC1)NC[C@@H]1[C@H]2CN(C(=O)C3CCN(CCO)C(=O)C3)C[C@@H]12,
12780,C=CCC(F)(F)C(=O)N1[C@H]2CC[C@@H]1C[C@H](NC(=O)c1cn3cc[nH]c(=O)c3n1)C2,,,C=CCC(F)(F)C(=O)N1[C@@H]2CC[C@H]1C[C@@H](NC(=O)c1cn3cc[nH]c(=O)c3n1)C2,
12785,N#Cc1cccc(CNC(=O)C[C@H]2[C@@H]3CN(C(=O)C4[C@@H]5CC(=O)C[C@@H]45)C[C@H]23)c1,"N-((3-cyanophenyl)methyl)-2-((1R,5S,6S)-3-(((1R,5R)-3-oxobicyclo[3.1.0]hexan-6-yl)carbonyl)-3-azabicyclo[3.1.0]hexan-6-yl)acetamide",,N#Cc1cccc(CNC(=O)C[C@@H]2[C@H]3CN(C(=O)C4[C@@H]5CC(=O)C[C@@H]45)C[C@@H]23)c1,
12883,CS(=O)(=O)CCCC(=O)N1C[C@H]2[C@H](CNC(=O)C3(c4cccs4)CCCC3)[C@H]2C1,,,CS(=O)(=O)CCCC(=O)N1C[C@@H]2[C@@H](CNC(=O)C3(c4cccs4)CCCC3)[C@@H]2C1,
12900,C[C@@H]1[C@H](C(=O)NC2CC3(C2)C[C@@H]3NC(=O)c2ccc(C3CC3)s2)[C@@H]1C,,,C[C@@H]1C(C(=O)NC2CC3(C2)C[C@@H]3NC(=O)c2ccc(C3CC3)s2)[C@@H]1C,
13036,CCn1nncc1C(=O)N1C[C@H]2C[C@@H](C(=O)N(C)C[C@@H]3C[C@H]3C)C[C@H]2C1,,,CCn1nncc1C(=O)N1C[C@H]2CC(C(=O)N(C)C[C@@H]3C[C@H]3C)C[C@H]2C1,
13090,Cn1nc(C(=O)N[C@H]2C[C@](F)(CNC(=O)[C@H](O)C(C)(C)C)C2)c(C(F)(F)F)c1Cl,"5-chloro-N-((1S,3s)-3-fluoro-3-(((2R)-2-hydroxy-3,3-dimethylbutanamido)methyl)cyclobutyl)-1-methyl-4-(trifluoromethyl)-1H-pyrazole-3-carboxamide",,Cn1nc(C(=O)N[C@H]2C[C@](F)(CNC(=O)C(O)C(C)(C)C)C2)c(C(F)(F)F)c1Cl,
13145,CC(=O)N[C@H]1C[C@](O)(C2CCN(C(=O)c3ccc4nnn(C)c4n3)CC2)C1,"N-((1s,3s)-3-hydroxy-3-(1-((9-methyl-2,7,8,9-tetraazabicyclo[4.3.0]nona-1(6),2,4,7-tetraen-3-yl)carbonyl)piperidin-4-yl)cyclobutyl)acetamide",,CC(=O)N[C@H]1C[C@](O)(C2CCN(C(=O)c3ccc4nnn(C)c4n3)CC2)C1,
13186,CC1CCN(C(=O)C(=O)NC23CC(C2)N(C(=O)[C@@]2(C)C[C@@H]4C[C@@H]4C2)C3)CC1,,,CC1CCN(C(=O)C(=O)NC23CC(C2)N(C(=O)[C@]2(C)C[C@H]4C[C@H]4C2)C3)CC1,
13287,CC1=C(C)C[C@@H](C(=O)N2[C@H]3CC[C@@H]2C[C@@H](CNC(=O)C2(O)CCSCC2)C3)CC1,"N-(((1R,3R,5S)-8-(((1S)-3,4-dimethylcyclohex-3-en-1-yl)carbonyl)-8-azabicyclo[3.2.1]octan-3-yl)methyl)-4-hydroxythiane-4-carboxamide",,CC1=C(C)CC(C(=O)N2[C@@H]3CC[C@H]2C[C@H](CNC(=O)C2(O)CCSCC2)C3)CC1,
13293,CSCC(C)(C)C(=O)N1CCC[C@@H](C2(NC(=O)[C@@H]3C[C@@H]4CC[C@@H]4C3)CC2)C1,,,CSCC(C)(C)C(=O)N1CCC[C@@H](C2(NC(=O)C3C[C@H]4CC[C@H]4C3)CC2)C1,
13351,C=CC[C@]1(NC(=O)[C@H]2C[C@H](OC)[C@H](OC)C2)CCCN(C(=O)Cc2cccs2)C1,,,C=CC[C@]1(NC(=O)C2C[C@H](OC)[C@H](OC)C2)CCCN(C(=O)Cc2cccs2)C1,
13361,C[C@H](CC(=O)N[C@H]1C[C@@](F)(CNC(=O)c2cccc3ccn(C)c23)C1)NC(N)=O,"(3R)-3-(carbamoylamino)-N-((1r,3R)-3-fluoro-3-((1-methyl-1H-indole-7-carboxamido)methyl)cyclobutyl)butanamide",,C[C@H](CC(=O)N[C@H]1C[C@@](F)(CNC(=O)c2cccc3ccn(C)c23)C1)NC(N)=O,
13370,C[C@@H](S)C(=O)N[C@@H]1C[C@@H]2CC[C@H](C1)N2C(=O)C1(c2cnccn2)CC1,,,CC(S)C(=O)N[C@H]1C[C@H]2CC[C@@H](C1)N2C(=O)C1(c2cnccn2)CC1,
13464,Cc1nscc1C(=O)N1C[C@@H]2C[C@H](NC(=O)[C@H](C)c3c(C)noc3C)C[C@@H](C2)C1,,,Cc1nscc1C(=O)N1C[C@@H]2C[C@@H](C[C@H](NC(=O)C(C)c3c(C)noc3C)C2)C1,
13497,CCC[C@H](NC(C)=O)C(=O)N[C@]1(C(=O)NCCc2ccncc2)C[C@H](O)C1,"(2S)-2-acetamido-N-((1s,3R)-3-hydroxy-1-((2-(pyridin-4-yl)ethyl)carbamoyl)cyclobutyl)pentanamide",,CCCC(NC(C)=O)C(=O)N[C@]1(C(=O)NCCc2ccncc2)C[C@H](O)C1,
13500,CC(C)C(=O)N(C)CC(=O)N1C[C@H]2[C@H](N(C)C(=O)[C@H](C)c3cccs3)[C@H]2C1,,,CC(C)C(=O)N(C)CC(=O)N1C[C@@H]2[C@H](C1)[C@H]2N(C)C(=O)C(C)c1cccs1,
13502,Cc1ccc(C(=O)N[C@H]2C[C@@H]3CN(C(=O)C4(CCS(N)(=O)=O)CCC4)C[C@@H]3C2)s1,,,Cc1ccc(C(=O)N[C@H]2C[C@@H]3CN(C(=O)C4(CCS(N)(=O)=O)CCC4)C[C@@H]3C2)s1,
13530,CCCC(C)(C)C(=O)N[C@H]1C[C@@H]2CN(C(=O)c3c(C)nc4ncccn34)C[C@@H]2C1,,,CCCC(C)(C)C(=O)N[C@H]1C[C@@H]2CN(C(=O)c3c(C)nc4ncccn34)C[C@@H]2C1,
13557,CC(C)CCOC(=O)CC(=O)N1CCCC[C@H](NC(=O)[C@@H]2[C@H]3COC[C@H]32)C1,,,CC(C)CCOC(=O)CC(=O)N1CCCC[C@H](NC(=O)C2[C@H]3COC[C@@H]23)C1,
13793,CCC(F)(F)C(C)(C)C(=O)N1[C@H]2CC[C@@H]1C[C@H](CNC(=O)c1cc(OC)ns1)C2,,,CCC(F)(F)C(C)(C)C(=O)N1[C@@H]2CC[C@H]1C[C@@H](CNC(=O)c1cc(OC)ns1)C2,
13847,COC[C@](C)(OC)C(=O)N1C[C@H]2[C@@H](C1)[C@@H]2C(=O)NCP(C)(C)=O,"(1R,5S,6S)-3-((2S)-2,3-dimethoxy-2-methylpropanoyl)-N-((dimethyloxophosphanyl)methyl)-3-azabicyclo[3.1.0]hexane-6-carboxamide",,COC[C@](C)(OC)C(=O)N1C[C@@H]2C(C(=O)NCP(C)(C)=O)[C@@H]2C1,
13859,COC(=O)[C@H]1[C@@H](C(=O)OC)[C@]12C[C@H]2C(=O)N1[C@H]2CC[C@@H]1C[C@H](CO)C2,,,COC(=O)C1C(C(=O)OC)C12CC2C(=O)N1[C@@H]2CC[C@H]1C[C@@H](CO)C2,
13883,C[C@H](CC(=O)N[C@H]1CCCN(C(=O)[C@H]2C[C@](O)(CCC(C)(C)C)C2)CC1)C(F)F,"(3R)-N-((4S)-1-(((1r,3R)-3-(3,3-dimethylbutyl)-3-hydroxycyclobutyl)carbonyl)azepan-4-yl)-4,4-difluoro-3-methylbutanamide",,C[C@H](CC(=O)N[C@H]1CCCN(C(=O)C2CC(O)(CCC(C)(C)C)C2)CC1)C(F)F,
13901,Cc1nc(N[C@@H](C)c2cc[nH]n2)cc(N[C@@H]2[C@H]3COC[C@H]32)n1,,,Cc1nc(N[C@H]2[C@@H]3COC[C@@H]32)cc(N[C@@H](C)c2cc[nH]n2)n1,
14019,CCCC[C@@H](C)CCC(=O)N[C@@H]1[C@@H]2CN(C(=O)c3cccc(C#N)c3OC)C[C@@H]21,,,CCCC[C@@H](C)CCC(=O)N[C@@H]1[C@@H]2CN(C(=O)c3cccc(C#N)c3OC)C[C@@H]21,
14020,C=Cc1cncc(C(=O)NC[C@H]2C[C@@](F)(CNC(=O)C3(CCCC)CCC3)C2)c1,"N-(((1r,3r)-3-((1-butylcyclobutanecarboxamido)methyl)-3-fluorocyclobutyl)methyl)-5-ethenylpyridine-3-carboxamide",,C=Cc1cncc(C(=O)NC[C@H]2C[C@@](F)(CNC(=O)C3(CCCC)CCC3)C2)c1,
14028,C#CCOc1ccc(CN[C@H]2[C@@H]3CN(C(=O)CCC(N)=O)C[C@@H]32)cc1,,,C#CCOc1ccc(CN[C@H]2[C@@H]3CN(C(=O)CCC(N)=O)C[C@@H]32)cc1,
14073,CN(C)[C@H](Cc1ccccc1)C(=O)N[C@]1(C)C[C@H](NC(=O)c2cnc(N)cn2)C1,"(2R)-N-((1s,3S)-3-(5-aminopyrazine-2-carboxamido)-1-methylcyclobutyl)-2-(dimethylamino)-3-phenylpropanamide",,CN(C)C(Cc1ccccc1)C(=O)N[C@]1(C)C[C@H](NC(=O)c2cnc(N)cn2)C1,
14082,O=C(N[C@H]1[C@@H]2CN(C(=O)[C@H](O)c3ccco3)C[C@@H]21)[C@H]1CCCc2nc[nH]c21,"(7S)-N-((1R,5S,6S)-3-((2R)-2-(furan-2-yl)-2-hydroxyacetyl)-3-azabicyclo[3.1.0]hexan-6-yl)-4,5,6,7-tetrahydro-1H-benzimidazole-7-carboxamide",,O=C(N[C@H]1[C@@H]2CN(C(=O)C(O)c3ccco3)C[C@@H]21)C1CCCc2[nH]cnc21,
14088,CCCN(CC(=O)OC)C(=O)[C@@H]1C[C@@H]2CN(C(=O)CN3CSCC3=O)C[C@@H]2C1,,,CCCN(CC(=O)OC)C(=O)C1C[C@@H]2CN(C(=O)CN3CSCC3=O)C[C@@H]2C1,
14161,C#CCOCCC(=O)N1CCC[C@H](NC(=O)[C@@H]2C[C@@H]3C[C@@H]3C2)[C@H]1C,,,C#CCOCCC(=O)N1CCC[C@H](NC(=O)C2C[C@@H]3C[C@@H]3C2)[C@H]1C,
14288,C[C@H]1[C@@H](C)[C@@H]1C(=O)NC[C@@H]1CC2(CC2)CN1C(=O)CSS(C)(=O)=O,,,C[C@@H]1C(C(=O)NC[C@@H]2CC3(CC3)CN2C(=O)CSS(C)(=O)=O)[C@@H]1C,
14317,C[C@]1(O)C[C@@H](C(=O)N[C@H]2CN(C(=O)c3cc4sc(Cl)cc4[nH]3)CC23CCC3)C1,"(1s,3S)-N-((8R)-6-((3-chloro-2-thia-6-azabicyclo[3.3.0]octa-1(5),3,7-trien-7-yl)carbonyl)-6-azaspiro[3.4]octan-8-yl)-3-hydroxy-3-methylcyclobutanecarboxamide",,CC1(O)CC(C(=O)N[C@H]2CN(C(=O)c3cc4sc(Cl)cc4[nH]3)CC23CCC3)C1,
14373,O=C([C@@H]1[C@H]2CN(Cc3cc(Cl)ccc3Cl)C[C@H]21)N1CCC[C@H]1c1ccccc1F,,,O=C(C1[C@H]2CN(Cc3cc(Cl)ccc3Cl)C[C@@H]12)N1CCC[C@H]1c1ccccc1F,
14391,CCC[C@@H](F)C(=O)NCc1cc(C)c(C(=O)N2C[C@H]3[C@@H](C2)[C@@H]3C(N)=O)o1,"(2R)-N-((5-(((1R,5S,6R)-6-carbamoyl-3-azabicyclo[3.1.0]hexan-3-yl)carbonyl)-4-methylfuran-2-yl)methyl)-2-fluoropentanamide",,CCCC(F)C(=O)NCc1cc(C)c(C(=O)N2C[C@@H]3C(C(N)=O)[C@@H]3C2)o1,
14400,CN1C(=O)CC[C@H]1C(=O)N1CCCC[C@]12C[C@H](NC(=O)COC1(C)CCCC1)C2,N-(5-(((2S)-1-methyl-5-oxopyrrolidin-2-yl)carbonyl)-5-azaspiro[3.5]nonan-2-yl)-2-((1-methylcyclopentyl)oxy)acetamide,CN1[C@@H](CCC1=O)C(=O)N1C2(CC(C2)NC(COC2(CCCC2)C)=O)CCCC1,CN1C(=O)CCC1C(=O)N1CCCC[C@]12C[C@H](NC(=O)COC1(C)CCCC1)C2,CN1C(=O)CCC1C(=O)N1CCCCC12CC(NC(=O)COC1(C)CCCC1)C2
14432,Cc1cn2cc(C(=O)NC[C@]3(F)C[C@@H](CNC(=O)C[C@H](C)C4CC4)C3)sc2n1,"N-(((1R,3s)-3-(((3S)-3-cyclopropylbutanamido)methyl)-1-fluorocyclobutyl)methyl)-7-methyl-2-thia-5,8-diazabicyclo[3.3.0]octa-1(8),3,6-triene-3-carboxamide",,Cc1cn2cc(C(=O)NC[C@]3(F)C[C@@H](CNC(=O)C[C@H](C)C4CC4)C3)sc2n1,
14477,O=C(C[C@H]1CCCC[C@@H]1O)N1CC([C@H]2CCCCN(C(=O)[C@H]3C[C@@H]4C[C@@H]4C3)C2)C1,,,O=C(C[C@H]1CCCC[C@@H]1O)N1CC([C@H]2CCCCN(C(=O)C3C[C@@H]4C[C@@H]4C3)C2)C1,
14537,CCC(CC)N(C)CCC(=O)NC[C@H]1[C@@H]2CN(C(=O)C[C@H]3CCC(=O)N3C)C[C@H]12,"3-(methyl(pentan-3-yl)amino)-N-(((1R,5S,6R)-3-(2-((2R)-1-methyl-5-oxopyrrolidin-2-yl)acetyl)-3-azabicyclo[3.1.0]hexan-6-yl)methyl)propanamide",,CCC(CC)N(C)CCC(=O)NC[C@@H]1[C@H]2CN(C(=O)C[C@H]3CCC(=O)N3C)C[C@@H]12,
14553,CN(CCCCNC(=O)[C@H]1C[C@@H]2CC[C@H](C1)[C@@H]2O)C(=O)c1[nH]ncc1C#N,,,CN(CCCCNC(=O)C1C[C@H]2CC[C@@H](C1)[C@H]2O)C(=O)c1[nH]ncc1C#N,
14560,COC(=O)[C@@H]1C[C@H]1C(=O)NCC1(F)CCN(C(=O)[C@H]2C[C@@H]3CC[C@H](C2)[C@H]3F)CC1,,,COC(=O)C1CC1C(=O)NCC1(F)CCN(C(=O)C2C[C@H]3CC[C@@H](C2)[C@@H]3F)CC1,
14658,CCS[C@@H](C)C(=O)NCC[C@@H]1CN(C(=O)[C@H]2C[C@](O)(C(F)(F)F)C2)C[C@H]1C,"(2S)-2-(ethylsulfanyl)-N-(2-((3S,4S)-1-(((1s,3R)-3-hydroxy-3-(trifluoromethyl)cyclobutyl)carbonyl)-4-methylpyrrolidin-3-yl)ethyl)propanamide",,CCSC(C)C(=O)NCC[C@@H]1CN(C(=O)C2CC(O)(C(F)(F)F)C2)C[C@H]1C,
14660,Cc1ccc2c(Cl)c(C(=O)N[C@H]3[C@@H]4CN(C(=O)c5nc(O)c(C)s5)C[C@@H]43)sc2c1,,,Cc1ccc2c(Cl)c(C(=O)N[C@H]3[C@@H]4CN(C(=O)c5nc(O)c(C)s5)C[C@@H]43)sc2c1,
14670,CCC[C@H](CC)NC(=O)[C@H]1C[C@@](C)(NC(=O)[C@@H](C)CC)C1,"(1R,3R)-N-((3S)-hexan-3-yl)-3-methyl-3-((2S)-2-methylbutanamido)cyclobutanecarboxamide",,CCC[C@H](CC)NC(=O)C1CC(C)(NC(=O)C(C)CC)C1,
14742,C[C@H]1[C@@H](C)[C@@H]1C(=O)NC1CC(CNC(=O)[C@H](O)CC2CCCCC2)C1,,,C[C@@H]1C(C(=O)NC2CC(CNC(=O)C(O)CC3CCCCC3)C2)[C@@H]1C,
14743,CO[C@H](C)CCC(=O)N[C@@H]1CCN(C(=O)[C@]2(c3ccccc3)C[C@@H](F)C2)C[C@H]1O,"(4R)-N-((3R,4R)-1-(((1r,3R)-3-fluoro-1-phenylcyclobutyl)carbonyl)-3-hydroxypiperidin-4-yl)-4-methoxypentanamide",,CO[C@H](C)CCC(=O)N[C@@H]1CCN(C(=O)[C@]2(c3ccccc3)C[C@@H](F)C2)C[C@H]1O,
14744,Nc1cc2c(cc1C(=O)N1CC=C[C@H]1CNC(=O)[C@@H]1[C@H]3COC[C@H]31)OCO2,,,Nc1cc2c(cc1C(=O)N1CC=C[C@H]1CNC(=O)C1[C@H]3COC[C@@H]13)OCO2,
14756,Cc1cc(C(=O)N2C[C@H]3[C@H](NC(=O)Cc4c(O)ncnc4O)[C@H]3C2)ccc1Br,,,Cc1cc(C(=O)N2C[C@@H]3[C@H](C2)[C@H]3NC(=O)Cc2c(O)[nH]cnc2=O)ccc1Br,
14792,CC(C)(CNC(=O)[C@H]1C[C@H]2[C@@H](C1)C2(F)F)[C@@H]1CCCCN1C(=O)CNC(N)=O,,,CC(C)(CNC(=O)C1C[C@@H]2[C@H](C1)C2(F)F)[C@@H]1CCCCN1C(=O)CNC(N)=O,
14816,CC1(CC(=O)N[C@H]2C[C@](C)(NC(=O)C[C@@H]3COC(C)(C)CO3)C2)CCCC1,"2-((2R)-5,5-dimethyl-1,4-dioxan-2-yl)-N-((1r,3R)-1-methyl-3-(2-(1-methylcyclopentyl)acetamido)cyclobutyl)acetamide",,CC1(CC(=O)N[C@H]2C[C@](C)(NC(=O)C[C@@H]3COC(C)(C)CO3)C2)CCCC1,
14865,O=C(CCc1ccc(O)c(Cl)c1)N[C@H]1[C@@H]2CN(C(=O)C3=C[C@H]4CC[C@H]3C4)C[C@@H]21,"N-((1R,5S,6R)-3-(((1S,4S)-bicyclo[2.2.1]hept-2-en-2-yl)carbonyl)-3-azabicyclo[3.1.0]hexan-6-yl)-3-(3-chloro-4-hydroxyphenyl)propanamide",,O=C(CCc1ccc(O)c(Cl)c1)N[C@H]1[C@@H]2CN(C(=O)C3=C[C@H]4CC[C@H]3C4)C[C@@H]21,
14881,C=C[C@H](O)C(=O)NC[C@]1(F)C[C@@H](CNC(=O)CCc2nnc(C)n2C)C1,"(2S)-N-(((1s,3R)-3-((3-(4,5-dimethyl-4H-1,2,4-triazol-3-yl)propanamido)methyl)-1-fluorocyclobutyl)methyl)-2-hydroxybut-3-enamide",,C=CC(O)C(=O)NC[C@]1(F)C[C@@H](CNC(=O)CCc2nnc(C)n2C)C1,
14928,COc1cc(OC)cc(C(=O)NC[C@H]2[C@H]3CCC[C@H]2N(C(=O)[C@H]2[C@@H](C)[C@H]2C)C3)c1,,,COc1cc(OC)cc(C(=O)NC[C@H]2[C@H]3CCC[C@H]2N(C(=O)C2[C@@H](C)[C@H]2C)C3)c1,
14941,CN(C)CC[C@H](O)C(=O)N[C@H]1[C@@H]2CN(C(=O)[C@H](CO)c3ccc(Cl)cc3)C[C@@H]21,"(2S)-N-((1R,5S,6R)-3-((2S)-2-(4-chlorophenyl)-3-hydroxypropanoyl)-3-azabicyclo[3.1.0]hexan-6-yl)-4-(dimethylamino)-2-hydroxybutanamide",,CN(C)CCC(O)C(=O)N[C@H]1[C@@H]2CN(C(=O)C(CO)c3ccc(Cl)cc3)C[C@@H]21,
14989,C#Cc1cccc(N[C@@H](C)C(=O)NCC2CN(C(=O)[C@H]3[C@@H](C)[C@H]3C)C2)c1,,,C#Cc1cccc(NC(C)C(=O)NCC2CN(C(=O)C3[C@@H](C)[C@H]3C)C2)c1,
14991,Cc1oncc1C(=O)N1C[C@H]2[C@H](CNC(=O)c3ncoc3C3CC3)[C@H]2C1,,,Cc1oncc1C(=O)N1C[C@@H]2[C@@H](CNC(=O)c3ncoc3C3CC3)[C@@H]2C1,
15001,COCC1(C(=O)N[C@H]2C[C@@H]3CC[C@H](C2)N3C(=O)C[C@@H]2CC(C)=NO2)CC=CC1,"1-(methoxymethyl)-N-((1R,3R,5S)-8-(2-((5S)-3-methyl-4,5-dihydro-1,2-oxazol-5-yl)acetyl)-8-azabicyclo[3.2.1]octan-3-yl)cyclopent-3-ene-1-carboxamide",,COCC1(C(=O)N[C@@H]2C[C@H]3CC[C@@H](C2)N3C(=O)C[C@@H]2CC(C)=NO2)CC=CC1,
15148,CCN(CC)CC=CC(=O)N[C@]1(C(=O)N2CCO[C@H]3COC[C@H]3C2)C[C@H](O)C1,"4-(diethylamino)-N-((1s,3S)-1-(((1R,7R)-2,9-dioxa-5-azabicyclo[5.3.0]decan-5-yl)carbonyl)-3-hydroxycyclobutyl)but-2-enamide",,CCN(CC)CC=CC(=O)N[C@]1(C(=O)N2CCO[C@H]3COC[C@H]3C2)C[C@H](O)C1,
15168,C[C@]1(NC(=O)c2cn3ccnc3s2)C[C@H](NC(=O)[C@@H]2C[C@H]2Cl)C1,"N-((1S,3r)-3-((1S,2R)-2-chlorocyclopropanecarboxamido)-1-methylcyclobutyl)-2-thia-5,8-diazabicyclo[3.3.0]octa-1(8),3,6-triene-3-carboxamide",,C[C@]1(NC(=O)c2cn3ccnc3s2)C[C@H](NC(=O)C2C[C@H]2Cl)C1,
15187,CC[C@](C)(CNC(=O)N1C[C@H](C)[C@@](O)(c2ccccc2)[C@H](C)C1)N1CCOCC1,"(3R,4S,5S)-4-hydroxy-3,5-dimethyl-N-((2R)-2-methyl-2-(morpholin-4-yl)butyl)-4-phenylpiperidine-1-carboxamide",,CC[C@](C)(CNC(=O)N1C[C@@H](C)[C@](O)(c2ccccc2)[C@@H](C)C1)N1CCOCC1,
15200,O=C(Cn1cnc([N+](=O)[O-])c1)NC[C@]1(F)C[C@@H](NC(=O)Cc2ccsc2)C1,"N-((1s,3s)-3-fluoro-3-((2-(4-nitro-1H-imidazol-1-yl)acetamido)methyl)cyclobutyl)-2-(thiophen-3-yl)acetamide",,O=C(Cn1cnc([N+](=O)[O-])c1)NC[C@]1(F)C[C@@H](NC(=O)Cc2ccsc2)C1,
15230,CC(C)(C)c1ncc(C(=O)N[C@H]2[C@@H]3CN(C(=O)C45CSC(C4)C5)C[C@@H]32)o1,,,CC(C)(C)c1ncc(C(=O)N[C@H]2[C@@H]3CN(C(=O)C45CSC(C4)C5)C[C@@H]32)o1,
15348,CCCN(C(=O)[C@@H]1[C@H]2CN(C[C@@H]3CC=CCC3)C[C@H]21)[C@@H](C)C(C)C,"(1R,5S,6S)-3-(((1S)-cyclohex-3-en-1-yl)methyl)-N-((2S)-3-methylbutan-2-yl)-N-propyl-3-azabicyclo[3.1.0]hexane-6-carboxamide",,CCCN(C(=O)C1[C@H]2CN(C[C@@H]3CC=CCC3)C[C@@H]12)[C@@H](C)C(C)C,
15349,C[C@@H](C#N)CN(C)C(=O)C1(NC(=O)[C@H]2C[C@@H]3C[C@@H]3C2)CC1,,,C[C@@H](C#N)CN(C)C(=O)C1(NC(=O)C2C[C@@H]3C[C@@H]3C2)CC1,
15508,Cc1ccnc2nc(C(=O)N[C@H]3C[C@@H]4CC[C@H](C3)N4C(=O)[C@H]3COC(=O)C3)nn12,"7-methyl-N-((1R,3S,5S)-8-(((3R)-5-oxooxolan-3-yl)carbonyl)-8-azabicyclo[3.2.1]octan-3-yl)[1,2,4]triazolo[1,5-a]pyrimidine-2-carboxamide",,Cc1ccnc2nc(C(=O)N[C@@H]3C[C@H]4CC[C@@H](C3)N4C(=O)C3COC(=O)C3)nn12,
15511,CCOC[C@@H](N=[N+]=[N-])C(=O)N(CCC(=O)N[C@@H]1[C@@H](C)CC[C@H]1C)C1CC1,,,CCOCC(N=[N+]=[N-])C(=O)N(CCC(=O)N[C@H]1[C@H](C)CC[C@@H]1C)C1CC1,
15512,CC[C@]1(C(=O)NCCOC2CN(C(=O)C3=CCCSC3)C2)CC[C@@H](O)CC1,"(1s,4s)-N-(2-((1-((5,6-dihydro-2H-thiopyran-3-yl)carbonyl)azetidin-3-yl)oxy)ethyl)-1-ethyl-4-hydroxycyclohexanecarboxamide",,CC[C@]1(C(=O)NCCOC2CN(C(=O)C3=CCCSC3)C2)CC[C@@H](O)CC1,
15517,C[C@H]1CC[C@@H](C)N1[C@@H](C)C(=O)N1C[C@H]2[C@H](Nc3ncnc4ccccc34)[C@H]2C1,"(2S)-2-((2R,5S)-2,5-dimethylpyrrolidin-1-yl)-1-((1R,5S,6R)-6-((quinazolin-4-yl)amino)-3-azabicyclo[3.1.0]hexan-3-yl)propan-1-one",,CC(C(=O)N1C[C@@H]2[C@H](C1)[C@H]2Nc1ncnc2ccccc12)N1[C@H](C)CC[C@@H]1C,
15556,Cc1c(N)cc(O)cc1C(=O)N1C[C@H]2[C@H](NC(=O)CC3CCC(C)(O)CC3)[C@H]2C1,,,Cc1c(N)cc(O)cc1C(=O)N1C[C@@H]2[C@H](C1)[C@H]2NC(=O)CC1CCC(C)(O)CC1,
15577,CC1=CC[C@H](C(=O)N[C@]2(C)C[C@H](NC(=O)CCc3ccc(N)cn3)C2)CC1,"(1R)-N-((1s,3S)-3-(3-(5-aminopyridin-2-yl)propanamido)-1-methylcyclobutyl)-4-methylcyclohex-3-ene-1-carboxamide",,CC1=CCC(C(=O)N[C@]2(C)C[C@H](NC(=O)CCc3ccc(N)cn3)C2)CC1,
15586,C[C@@H](NC(=O)[C@H]1OCC[C@H]1C)C1CN(C(=O)[C@H]2C[C@@H]3C[C@@H]3C2)C1,,,C[C@@H]1CCOC1C(=O)N[C@H](C)C1CN(C(=O)C2C[C@@H]3C[C@@H]3C2)C1,
15618,CCCCO[C@H](C)C(=O)N1[C@H]2CC[C@@H]1C[C@@H](N(C)C(=O)c1ccsc1)C2,"N-((1R,3S,5S)-8-((2R)-2-butoxypropanoyl)-8-azabicyclo[3.2.1]octan-3-yl)-N-methylthiophene-3-carboxamide",,CCCCOC(C)C(=O)N1[C@@H]2CC[C@H]1C[C@H](N(C)C(=O)c1ccsc1)C2,
15748,CC(C)(C)OC(=O)N1C[C@@H](CC(=O)N2C[C@H]3[C@@H](Br)[C@H]3C2)CC12CCC2,"tert-butyl (7R)-7-(2-((1R,5S,6R)-6-bromo-3-azabicyclo[3.1.0]hexan-3-yl)-2-oxoethyl)-5-azaspiro[3.4]octane-5-carboxylate",,CC(C)(C)OC(=O)N1C[C@@H](CC(=O)N2C[C@@H]3[C@H](Br)[C@@H]3C2)CC12CCC2,
15797,Cc1cccc(C(=O)N[C@H]2C[C@@](F)(CNC(=O)[C@@]34CCO[C@H]3CCOC4)C2)n1,"N-((1R,3r)-3-(((1R,6S)-3,7-dioxabicyclo[4.3.0]nonane-1-carboxamido)methyl)-3-fluorocyclobutyl)-6-methylpyridine-2-carboxamide",,Cc1cccc(C(=O)N[C@H]2C[C@@](F)(CNC(=O)[C@@]34CCO[C@H]3CCOC4)C2)n1,
15860,C[C@]1(O)C[C@@H](C(=O)NC[C@@H]2OCC[C@H]2C(=O)N2CCC[C@@H]2CC(N)=O)C1,"(1s,3S)-N-(((2R,3R)-3-(((2R)-2-(2-amino-2-oxoethyl)pyrrolidin-1-yl)carbonyl)oxolan-2-yl)methyl)-3-hydroxy-3-methylcyclobutanecarboxamide",,CC1(O)CC(C(=O)NC[C@@H]2OCCC2C(=O)N2CCC[C@@H]2CC(N)=O)C1,
15882,COCc1nc(C)c(C(=O)N2C[C@H]3[C@H](N(C)C(=O)C4=CCC(F)(F)CC4)[C@H]3C2)s1,,,COCc1nc(C)c(C(=O)N2C[C@@H]3[C@H](C2)[C@H]3N(C)C(=O)C2=CCC(F)(F)CC2)s1,
15913,Cn1nc([C@H](N[C@H]2C[C@@H]3C[C@H](C2)CS(=O)(=O)C3)c2nnnn2C2COC2)cc1Cl,,,Cn1nc([C@H](N[C@@H]2C[C@H]3C[C@@H](C2)CS(=O)(=O)C3)c2nnnn2C2COC2)cc1Cl,
15992,CCCCSCCC(=O)NC[C@]1(F)C[C@@H](NC(=O)[C@H]2C[C@@H]2c2ccncc2)C1,"3-(butylsulfanyl)-N-(((1R,3s)-1-fluoro-3-((1S,2S)-2-(pyridin-4-yl)cyclopropanecarboxamido)cyclobutyl)methyl)propanamide",,CCCCSCCC(=O)NC[C@]1(F)C[C@@H](NC(=O)C2C[C@@H]2c2ccncc2)C1,
16028,CCn1cc(CN2C[C@H]3[C@@H](C2)[C@@H]3C(=O)N2C[C@H]3C[C@@H](O)C[C@H]3C2)c2ccccc21,,,CCn1cc(CN2C[C@@H]3C(C(=O)N4C[C@H]5C[C@@H](O)C[C@H]5C4)[C@@H]3C2)c2ccccc21,
16078,C[C@]1(NC(=O)C2(C3CCOCC3)CC2)C[C@H](NC(=O)CCC2CC(F)(F)C2)C1,"N-((1r,3r)-3-(3-(3,3-difluorocyclobutyl)propanamido)-1-methylcyclobutyl)-1-(oxan-4-yl)cyclopropanecarboxamide",,C[C@]1(NC(=O)C2(C3CCOCC3)CC2)C[C@H](NC(=O)CCC2CC(F)(F)C2)C1,
16162,O=C(C=CCO)NCc1ccc(CNC(=O)[C@@H]2[C@H]3CC(F)(F)C[C@H]32)cc1F,,,O=C(C=CCO)NCc1ccc(CNC(=O)C2[C@H]3CC(F)(F)C[C@@H]23)cc1F,
16211,O=C(NC[C@@H]1CCN(C(=O)[C@H]2C[C@@](F)(CO)C2)C1)c1cnoc1-c1ccc(Cl)s1,"5-(5-chlorothiophen-2-yl)-N-(((3S)-1-(((1r,3S)-3-fluoro-3-(hydroxymethyl)cyclobutyl)carbonyl)pyrrolidin-3-yl)methyl)-1,2-oxazole-4-carboxamide",,O=C(NC[C@@H]1CCN(C(=O)C2CC(F)(CO)C2)C1)c1cnoc1-c1ccc(Cl)s1,
16276,COc1ccnc(C(=O)N2C[C@@H](NC(=O)[C@H]3[C@@H](C)[C@H]3C)C[C@H]2CO)c1,,,COc1ccnc(C(=O)N2C[C@@H](NC(=O)C3[C@@H](C)[C@H]3C)C[C@H]2CO)c1,
16308,CC[C@@H](O)C(=O)NC[C@H]1CCCN1C(=O)[C@H]1C[C@@](F)(c2cccc(F)c2)C1,"(2R)-N-(((2R)-1-(((1r,3R)-3-fluoro-3-(3-fluorophenyl)cyclobutyl)carbonyl)pyrrolidin-2-yl)methyl)-2-hydroxybutanamide",,CCC(O)C(=O)NC[C@H]1CCCN1C(=O)C1CC(F)(c2cccc(F)c2)C1,
16323,COC[C@]1(C(=O)N2C[C@H]3[C@H](CNC(=O)CCC(N)=O)[C@H]3C2)CC1(F)F,"N-(((1R,5S,6S)-3-(((1S)-2,2-difluoro-1-(methoxymethyl)cyclopropyl)carbonyl)-3-azabicyclo[3.1.0]hexan-6-yl)methyl)butanediamide",,COC[C@]1(C(=O)N2C[C@@H]3[C@@H](CNC(=O)CCC(N)=O)[C@@H]3C2)CC1(F)F,
16381,CCOC(=O)[C@H]1C[C@@](F)(C(=O)NCC2CN(C(=O)[C@H]3CC[C@@H](N=[N+]=[N-])CC3)C2)C1,"ethyl (1r,3r)-3-(((1-((cis-4-azidocyclohexyl)carbonyl)azetidin-3-yl)methyl)carbamoyl)-3-fluorocyclobutanecarboxylate",,CCOC(=O)C1CC(F)(C(=O)NCC2CN(C(=O)C3CCC(N=[N+]=[N-])CC3)C2)C1,
16462,O=C(N[C@@H]1C[C@H]2[C@@H](C1)[C@@H]2NC(=O)C1CC2(CCC2=O)C1)c1sccc1Cl,,,O=C(N[C@H]1C[C@@H]2[C@H](C1)[C@H]2NC(=O)C1CC2(CCC2=O)C1)c1sccc1Cl,
16485,CCCN(C)c1ccc(C(=O)N2CCN(C(=O)[C@H]3C[C@@](C)(O)C3)CC2)cc1,"(4-(((1s,3s)-3-hydroxy-3-methylcyclobutyl)carbonyl)piperazin-1-yl)(4-(methyl(propyl)amino)phenyl)methanone",,CCCN(C)c1ccc(C(=O)N2CCN(C(=O)C3CC(C)(O)C3)CC2)cc1,
16570,CN1CCOC[C@@H]1C(=O)N1C[C@H]2[C@H](NC(=O)CCc3ccon3)[C@H]2C1,"N-((1R,5S,6S)-3-(((3R)-4-methylmorpholin-3-yl)carbonyl)-3-azabicyclo[3.1.0]hexan-6-yl)-3-(1,2-oxazol-3-yl)propanamide",,CN1CCOCC1C(=O)N1C[C@@H]2[C@H](C1)[C@H]2NC(=O)CCc1ccon1,
16626,Cc1nn(C)c(N)c1C(=O)N1C[C@H]2[C@H](CNC(=O)c3ccc(C(N)=O)cc3)[C@H]2C1,,,Cc1nn(C)c(N)c1C(=O)N1C[C@@H]2[C@@H](CNC(=O)c3ccc(C(N)=O)cc3)[C@@H]2C1,
16637,Cc1nc(N2C[C@@H]3C[C@H](C2)N3C(=O)[C@@H]2[C@H]3COC[C@H]32)nc2ccc(Br)cc12,,,Cc1nc(N2C[C@H]3C[C@@H](C2)N3C(=O)C2[C@H]3COC[C@@H]23)nc2ccc(Br)cc12,
16651,C=C=C[C@H](C)C(=O)N[C@H]1C[C@@](C)(NC(=O)CCCc2ccccc2Br)C1,"(2S)-N-((1s,3R)-3-(4-(2-bromophenyl)butanamido)-3-methylcyclobutyl)-2-methylpenta-3,4-dienamide",,C=C=CC(C)C(=O)N[C@H]1C[C@@](C)(NC(=O)CCCc2ccccc2Br)C1,
16655,C[C@H](O)CCCCCC(=O)N1[C@H]2CC[C@@H]1C[C@@H](CNC(=O)C1CC(Cl)(Cl)C1)C2,"3,3-dichloro-N-(((1R,3R,5S)-8-((7S)-7-hydroxyoctanoyl)-8-azabicyclo[3.2.1]octan-3-yl)methyl)cyclobutanecarboxamide",,C[C@H](O)CCCCCC(=O)N1[C@@H]2CC[C@H]1C[C@H](CNC(=O)C1CC(Cl)(Cl)C1)C2,
16667,CC1(C)CCC[C@H](C(=O)N[C@H]2CCCC[C@H]2C(=O)NC[C@]2(F)C[C@H](CO)C2)C1,"(1S)-N-((1S,2R)-2-((((1r,3R)-1-fluoro-3-(hydroxymethyl)cyclobutyl)methyl)carbamoyl)cyclohexyl)-3,3-dimethylcyclohexanecarboxamide",,CC1(C)CCCC(C(=O)N[C@H]2CCCCC2C(=O)NC[C@]2(F)C[C@H](CO)C2)C1,
16716,O=C([C@@H]1CCC[C@@H]2C[C@H]21)N1C[C@H]2[C@H](CNC(=O)C34CC5C[C@H]3[C@H]4C5)[C@H]2C1,"(2R,6S)-N-(((1R,5S,6R)-3-(((1R,2R,6R)-bicyclo[4.1.0]heptan-2-yl)carbonyl)-3-azabicyclo[3.1.0]hexan-6-yl)methyl)tricyclo[2.2.1.0^{2,6}]heptane-1-carboxamide",,O=C(C1CCC[C@@H]2C[C@@H]12)N1C[C@@H]2[C@@H](CNC(=O)C34CC5C[C@@H]3[C@@H]4C5)[C@@H]2C1,
16762,C=C1CC[C@H]1C(=O)NC[C@]1(F)C[C@H](NC(=O)c2ccc(N3CC[C@H](O)C3)cc2)C1,"N-((1R,3S)-3-fluoro-3-(((1R)-2-methylidenecyclobutanecarboxamido)methyl)cyclobutyl)-4-((3S)-3-hydroxypyrrolidin-1-yl)benzamide",,C=C1CCC1C(=O)NC[C@]1(F)C[C@H](NC(=O)c2ccc(N3CC[C@H](O)C3)cc2)C1,
16764,CCCC(=O)NC[C@]1(NC(=O)c2cc[nH]c3nccc2-3)C[C@](OC)(C(F)(F)F)C1,"N-(((1s,3s)-3-methoxy-1-(7H-pyrrolo[2,3-b]pyridine-4-carboxamido)-3-(trifluoromethyl)cyclobutyl)methyl)butanamide",,CCCC(=O)NC[C@]1(NC(=O)c2ccnc3[nH]ccc23)C[C@](OC)(C(F)(F)F)C1,
16801,CO[C@@H]1CN(c2nc3c(c(N4C[C@H]5C[C@@H](O)C[C@H]5C4)n2)CCCC3)C[C@H]1F,"(1R,5S,7R)-3-(2-((3R,4R)-3-fluoro-4-methoxypyrrolidin-1-yl)-5,6,7,8-tetrahydroquinazolin-4-yl)-3-azabicyclo[3.3.0]octan-7-ol",,CO[C@@H]1CN(c2nc3c(c(N4C[C@H]5C[C@@H](O)C[C@H]5C4)n2)CCCC3)C[C@H]1F,
16886,COCc1ccoc1C(=O)NC[C@@H]1C[C@@H]2CC[C@H](C1)N2C(=O)c1cc(O)nn1C,,,COCc1ccoc1C(=O)NC[C@H]1C[C@H]2CC[C@@H](C1)N2C(=O)c1cc(=O)[nH]n1C,
16894,CCO[C@H](CC)C(=O)NC[C@H]1C[C@@H]2CC[C@H](C1)N2C(=O)CCc1ccc(Cl)s1,,,CCOC(CC)C(=O)NC[C@@H]1C[C@H]2CC[C@@H](C1)N2C(=O)CCc1ccc(Cl)s1,
17031,CC1(C(=O)N[C@H]2[C@@H]3CN(C(=O)c4ccccc4C4(C#N)CC4)C[C@@H]32)CCCC1,,,CC1(C(=O)N[C@H]2[C@@H]3CN(C(=O)c4ccccc4C4(C#N)CC4)C[C@@H]32)CCCC1,
17112,C#CC(C)(C)C(=O)N1[C@H]2CC[C@@H]1C[C@H](NC(=O)[C@H](F)C1CCCCC1)C2,,,C#CC(C)(C)C(=O)N1[C@@H]2CC[C@H]1C[C@@H](NC(=O)C(F)C1CCCCC1)C2,
17135,CC(C)[C@H](C(=O)N[C@]1(C)C[C@@H](NC(=O)[C@H](C)CC(N)=O)C1)n1cccc1,"(2R)-2-methyl-N-((1R,3R)-3-methyl-3-((2R)-3-methyl-2-(1H-pyrrol-1-yl)butanamido)cyclobutyl)butanediamide",,CC(CC(N)=O)C(=O)N[C@H]1C[C@](C)(NC(=O)C(C(C)C)n2cccc2)C1,
17208,CC(=O)NC[C@H]1C[C@@H]2CC[C@H](C1)N2C(=O)NC[C@H]1CCCN(c2ncccn2)C1,"N-(((1R,3S,5S)-8-((((3R)-1-(pyrimidin-2-yl)piperidin-3-yl)methyl)carbamoyl)-8-azabicyclo[3.2.1]octan-3-yl)methyl)acetamide",,CC(=O)NC[C@@H]1C[C@H]2CC[C@@H](C1)N2C(=O)NC[C@H]1CCCN(c2ncccn2)C1,
17247,CO[C@H]1C[C@H](C(=O)N2C[C@H]3CN(C(=O)C4C5(CC5)C45CC5)C[C@H]3C2)C[C@H]1OC,,,CO[C@H]1CC(C(=O)N2C[C@@H]3CN(C(=O)C4C5(CC5)C45CC5)C[C@@H]3C2)C[C@H]1OC,
17253,C[C@H]1C[C@@H](C(=O)N2CC[C@@H](NC(=O)c3ccc4c(c3)CC4)C23CC3)C[C@@H](C)O1,,,C[C@@H]1CC(C(=O)N2CC[C@@H](NC(=O)c3ccc4c(c3)CC4)C23CC3)C[C@H](C)O1,
17257,C=C[C@H](O)C(=O)N[C@H]1CC[C@]2(CC1)CN(C(=O)[C@@H](C1CC1)N(C)C)CCO2,(2S)-N-(4-((2R)-2-cyclopropyl-2-(dimethylamino)acetyl)-1-oxa-4-azaspiro[5.5]undecan-9-yl)-2-hydroxybut-3-enamide,C1(CC1)[C@H](C(=O)N1CCOC2(C1)CCC(CC2)NC([C@H](C=C)O)=O)N(C)C,C=CC(O)C(=O)N[C@H]1CC[C@]2(CC1)CN(C(=O)C(C1CC1)N(C)C)CCO2,C=CC(O)C(=O)NC1CCC2(CC1)CN(C(=O)C(C1CC1)N(C)C)CCO2
17387,CSc1ncc(N)c(C(=O)N[C@H]2[C@@H]3CN(C(=O)c4cc5n(c4)CCOC5)C[C@@H]32)n1,,,CSc1ncc(N)c(C(=O)N[C@H]2[C@@H]3CN(C(=O)c4cc5n(c4)CCOC5)C[C@@H]32)n1,
17395,Cc1ccc(O)c(C(=O)N2C[C@H]3[C@H](CC(=O)N(C)[C@H]4CC[C@H](CO)CC4)[C@H]3C2)c1,,,Cc1ccc(O)c(C(=O)N2C[C@@H]3[C@@H](CC(=O)N(C)[C@H]4CC[C@H](CO)CC4)[C@@H]3C2)c1,
17494,CC(F)(F)C(=O)NC[C@H]1C[C@@](F)(CNC(=O)C2(c3ccccc3)CC2)C1,"2,2-difluoro-N-(((1r,3r)-3-fluoro-3-((1-phenylcyclopropanecarboxamido)methyl)cyclobutyl)methyl)propanamide",,CC(F)(F)C(=O)NC[C@H]1C[C@@](F)(CNC(=O)C2(c3ccccc3)CC2)C1,
17511,C[C@H](C(=O)N[C@H]1C[C@@](F)(CNC(=O)[C@@H]2CCC(C)(C)OC2)C1)n1cccc1,"(2R)-N-((1R,3R)-3-(((3R)-6,6-dimethyloxane-3-carboxamido)methyl)-3-fluorocyclobutyl)-2-(1H-pyrrol-1-yl)propanamide",,CC(C(=O)N[C@H]1C[C@@](F)(CNC(=O)C2CCC(C)(C)OC2)C1)n1cccc1,
17524,Cc1nn[nH]c1C(=O)N1CCC(C2(NC(=O)[C@H]3C[C@H]4[C@@H](C3)C4(C)C)CC2)CC1,,,Cc1[nH]nnc1C(=O)N1CCC(C2(NC(=O)C3C[C@@H]4[C@H](C3)C4(C)C)CC2)CC1,
17547,CC1(C)C(=O)C[C@H]1C(=O)N[C@H]1C[C@]2(CCCCN2C(=O)[C@@H]2CC(=O)NC(=O)N2)C1,"(1R)-N-(5-(((4S)-2,6-dioxo-1,3-diazinan-4-yl)carbonyl)-5-azaspiro[3.5]nonan-2-yl)-2,2-dimethyl-3-oxocyclobutanecarboxamide",O=C1NC(C[C@H](N1)C(=O)N1C2(CC(C2)NC(=O)[C@H]2C(C(C2)=O)(C)C)CCCC1)=O,CC1(C)C(=O)CC1C(=O)N[C@H]1C[C@]2(CCCCN2C(=O)C2CC(=O)NC(=O)N2)C1,CC1(C)C(=O)CC1C(=O)NC1CC2(CCCCN2C(=O)C2CC(=O)NC(=O)N2)C1
17552,Cc1ccccc1CC(=O)NCC1(CNC(=O)[C@@H]2[C@H]3CC(F)(F)C[C@H]32)CCC1,,,Cc1ccccc1CC(=O)NCC1(CNC(=O)C2[C@H]3CC(F)(F)C[C@@H]23)CCC1,
17679,CCn1cnc(C(=O)N[C@@H](C)[C@@]2(O)CCN(C(=O)[C@]3(C)C[C@@H](C#N)C3)C2)n1,"N-((1S)-1-((3R)-1-(((1r,3R)-3-cyano-1-methylcyclobutyl)carbonyl)-3-hydroxypyrrolidin-3-yl)ethyl)-1-ethyl-1H-1,2,4-triazole-3-carboxamide",,CCn1cnc(C(=O)N[C@@H](C)[C@@]2(O)CCN(C(=O)[C@]3(C)C[C@@H](C#N)C3)C2)n1,
17753,Cc1cnc2nccc(C(=O)N3[C@H]4CC[C@@H]3C[C@@H](NC(=O)[C@@H](O)C(C)C)C4)c2c1,,,Cc1cnc2nccc(C(=O)N3[C@@H]4CC[C@H]3C[C@H](NC(=O)C(O)C(C)C)C4)c2c1,
17776,CCCN1CCC[C@H]1C(=O)N(C)[C@H]1[C@@H]2CN(C(=O)[C@H](F)C3CCCCC3)C[C@@H]21,"(2S)-N-((1R,5S,6S)-3-((2R)-2-cyclohexyl-2-fluoroacetyl)-3-azabicyclo[3.1.0]hexan-6-yl)-N-methyl-1-propylpyrrolidine-2-carboxamide",,CCCN1CCCC1C(=O)N(C)[C@H]1[C@@H]2CN(C(=O)C(F)C3CCCCC3)C[C@@H]21,
17813,O=C(NCCO[C@@H]1CCN(C(=O)[C@H]2C[C@@H]3C[C@@H]3C2)C1)[C@@H]1CCC[C@H]2C[C@@H]21,,,O=C(NCCO[C@@H]1CCN(C(=O)C2C[C@@H]3C[C@@H]3C2)C1)C1CCC[C@H]2C[C@H]12,
17858,Cc1ccc2oc(C(=O)N[C@H]3C[C@@](C)(NC(=O)CCC(F)(F)F)C3)cc2c1,"5-methyl-N-((1s,3s)-3-methyl-3-(4,4,4-trifluorobutanamido)cyclobutyl)-1-benzofuran-2-carboxamide",,Cc1ccc2oc(C(=O)N[C@H]3C[C@@](C)(NC(=O)CCC(F)(F)F)C3)cc2c1,
17889,COc1c(Cl)cccc1C(=O)NC[C@]1(F)C[C@@H](NC(=O)c2ccon2)C1,"N-((1s,3s)-3-((3-chloro-2-methoxybenzamido)methyl)-3-fluorocyclobutyl)-1,2-oxazole-3-carboxamide",,COc1c(Cl)cccc1C(=O)NC[C@]1(F)C[C@@H](NC(=O)c2ccon2)C1,
17923,CC[C@H](COC)N(C)C(=O)[C@@H](CNC(=O)[C@@H]1[C@H]2CCCCC[C@H]21)C(C)C,,,CC[C@H](COC)N(C)C(=O)C(CNC(=O)C1[C@H]2CCCCC[C@@H]12)C(C)C,
18014,CS(=O)(=O)NCCC(=O)N[C@H]1[C@@H]2CN(C(=O)[C@H](Cc3ccsc3)NC=O)C[C@@H]21,"N-((1R,5S,6R)-3-((2S)-2-formamido-3-(thiophen-3-yl)propanoyl)-3-azabicyclo[3.1.0]hexan-6-yl)-3-methanesulfonamidopropanamide",,CS(=O)(=O)NCCC(=O)N[C@H]1[C@@H]2CN(C(=O)C(Cc3ccsc3)NC=O)C[C@@H]21,
18081,CC(C)n1nnnc1[C@@](C)(Nc1ccc(CN(C)C)c(Cl)c1)[C@H]1[C@@H]2COC[C@@H]21,,,CC(C)n1nnnc1[C@@](C)(Nc1ccc(CN(C)C)c(Cl)c1)[C@H]1[C@@H]2COC[C@@H]21,
18107,CO[C@H]1C[C@@H](C(=O)NCCCCNC(=O)c2ccc3cc(C)cn3c2)C[C@H]1OC,,,CO[C@H]1CC(C(=O)NCCCCNC(=O)c2ccc3cc(C)cn3c2)C[C@H]1OC,
18117,CN(C[C@@H]1C[C@H](F)CN1C(=O)C=Cc1ccncc1)C(=O)[C@H]1CC[C@H]2C[C@H]2CC1,,,CN(C[C@@H]1C[C@H](F)CN1C(=O)C=Cc1ccncc1)C(=O)C1CC[C@@H]2C[C@@H]2CC1,
18156,Cc1cc[nH]c(=N)c1C(=O)NC[C@@](C)(NC(=O)[C@H]1C[C@@H]2CC[C@H](C1)[C@@H]2O)C1CC1,,,Cc1ccnc(N)c1C(=O)NC[C@@](C)(NC(=O)C1C[C@H]2CC[C@@H](C1)[C@H]2O)C1CC1,
18204,CC(C)=C(F)C(=O)N[C@H]1C[C@@H]2CC[C@H](C1)N2C(=O)[C@@H](C)c1ccc(Br)s1,"N-((1R,3S,5S)-8-((2R)-2-(5-bromothiophen-2-yl)propanoyl)-8-azabicyclo[3.2.1]octan-3-yl)-2-fluoro-3-methylbut-2-enamide",,CC(C)=C(F)C(=O)N[C@@H]1C[C@H]2CC[C@@H](C1)N2C(=O)C(C)c1ccc(Br)s1,
18245,C=C(C)CC(=O)N1CC[C@H]2CC[C@@H](C1)N2C(=O)[C@@H]1C[C@@H]2CC[C@H](C1)C2(F)F,,,C=C(C)CC(=O)N1CC[C@H]2CC[C@@H](C1)N2C(=O)C1C[C@H]2CC[C@@H](C1)C2(F)F,
18254,Cc1ccc(CCNC(=O)[C@@H]2C[C@@H]3CN(C(=O)C4=CCCCCC4)C[C@@H]3C2)cc1,,,Cc1ccc(CCNC(=O)C2C[C@@H]3CN(C(=O)C4=CCCCCC4)C[C@@H]3C2)cc1,
18313,COC(=O)N=S1(=O)CCN(Cc2ccc(C(C)C)cc2)CC1,methyl ((bis(2-(ethyl((4-(propan-2-yl)phenyl)methyl)amino)ethyl))(oxo)-lambda^6-sulfanylidene)carbamate,C(C)N(CCS(=O)(CCN(CC)CC1=CC=C(C=C1)C(C)C)=NC(OC)=O)CC1=CC=C(C=C1)C(C)C,COC(=O)N=S1(=O)CCN(Cc2ccc(C(C)C)cc2)CC1,CCN(CCS(=O)(CCN(CC)Cc1ccc(C(C)C)cc1)=NC(=O)OC)Cc1ccc(C(C)C)cc1
18433,CN(C(=O)c1cc(=O)n(C)o1)[C@H]1[C@@H]2CN(C(=O)c3coc(Br)c3)C[C@@H]21,,,CN(C(=O)c1cc(=O)n(C)o1)[C@H]1[C@@H]2CN(C(=O)c3coc(Br)c3)C[C@@H]21,
18466,CC[C@H](C(=O)NC[C@H]1C[C@@H](C(=O)NC[C@@H]2[C@H]3CCCC[C@H]32)C1)C(F)(F)F,,,CCC(C(=O)NCC1CC(C(=O)NC[C@H]2[C@@H]3CCCC[C@@H]32)C1)C(F)(F)F,
18519,CC(C)[C@@H](C(=O)N1[C@@H]2COC[C@H]1C[C@@H](NC(=O)CCN1CCC1)C2)n1cccc1,"3-(azetidin-1-yl)-N-((1R,5S,7R)-9-((2S)-3-methyl-2-(1H-pyrrol-1-yl)butanoyl)-3-oxa-9-azabicyclo[3.3.1]nonan-7-yl)propanamide",,CC(C)C(C(=O)N1[C@@H]2COC[C@H]1C[C@@H](NC(=O)CCN1CCC1)C2)n1cccc1,
18610,CC(C)(C)[C@@H](CC(=O)NOCc1ccccc1)NC(=O)[C@@H]1[C@H]2CCCCC[C@H]21,,,CC(C)(C)[C@@H](CC(=O)NOCc1ccccc1)NC(=O)C1[C@H]2CCCCC[C@@H]12,
18671,C[C@@H]1CCc2ncc(C(=O)N[C@H]3C[C@](C)(NC(=O)CCNS(C)(=O)=O)C3)n2C1,"(6R)-N-((1r,3R)-3-(3-methanesulfonamidopropanamido)-3-methylcyclobutyl)-6-methyl-5,6,7,8-tetrahydroimidazo[1,2-a]pyridine-3-carboxamide",,C[C@@H]1CCc2ncc(C(=O)N[C@H]3C[C@](C)(NC(=O)CCNS(C)(=O)=O)C3)n2C1,
18725,CCCCC(=O)N1CC[C@@H](C)[C@H](CNC(=O)[C@H]2C[C@](O)(C(F)F)C2)C1,"(1s,3S)-3-(difluoromethyl)-3-hydroxy-N-(((3R,4R)-4-methyl-1-(pentanoyl)piperidin-3-yl)methyl)cyclobutanecarboxamide",,CCCCC(=O)N1CC[C@@H](C)[C@H](CNC(=O)C2CC(O)(C(F)F)C2)C1,
18769,CC(=O)N1CCC(C(=O)NC[C@H]2C[C@](F)(CNC(=O)C[C@H](C)C3CC3)C2)CC1,"1-acetyl-N-(((1R,3s)-3-(((3S)-3-cyclopropylbutanamido)methyl)-3-fluorocyclobutyl)methyl)piperidine-4-carboxamide",,CC(=O)N1CCC(C(=O)NC[C@H]2C[C@](F)(CNC(=O)C[C@H](C)C3CC3)C2)CC1,
18798,O=C(NC[C@H](CO)NC(=O)[C@]1(C(F)(F)F)C[C@@H](O)C1)C1=NN(CCO)C(=O)CC1,"N-((2R)-3-hydroxy-2-((1s,3S)-3-hydroxy-1-(trifluoromethyl)cyclobutanecarboxamido)propyl)-1-(2-hydroxyethyl)-6-oxo-1,4,5,6-tetrahydropyridazine-3-carboxamide",,O=C(NC[C@H](CO)NC(=O)[C@]1(C(F)(F)F)C[C@@H](O)C1)C1=NN(CCO)C(=O)CC1,
18799,C#C[C@]1(O)C[C@@H](C(=O)N2CCC(C3CN(C(=O)c4cc(F)cnc4O)C3)CC2)C1,"(3-(1-(((1s,3s)-3-ethynyl-3-hydroxycyclobutyl)carbonyl)piperidin-4-yl)azetidin-1-yl)(5-fluoro-2-hydroxypyridin-3-yl)methanone",,C#CC1(O)CC(C(=O)N2CCC(C3CN(C(=O)c4cc(F)c[nH]c4=O)C3)CC2)C1,
18818,COc1cnnc(OC)c1C(=O)N1[C@H]2CC[C@H]1[C@@H](CNC(=O)[C@@H]1[C@@H](C)[C@H]1C)C2,,,COc1cnnc(OC)c1C(=O)N1[C@H]2CC[C@H]1[C@@H](CNC(=O)C1[C@@H](C)[C@H]1C)C2,
18934,Cc1nc2ccccc2cc1C(=O)NC[C@H]1C[C@@H]2CC[C@H](C1)N2c1ccncn1,,,Cc1nc2ccccc2cc1C(=O)NC[C@@H]1C[C@H]2CC[C@@H](C1)N2c1ccncn1,
18943,C#CC[C@]1(O)C[C@@H](C(=O)N2C[C@@H](N(C)C(=O)[C@@H](OC)C(CC)CC)C3(CC3)C2)C1,"(2S)-3-ethyl-N-((7S)-5-(((1s,3R)-3-hydroxy-3-(prop-2-yn-1-yl)cyclobutyl)carbonyl)-5-azaspiro[2.4]heptan-7-yl)-2-methoxy-N-methylpentanamide",,C#CCC1(O)CC(C(=O)N2C[C@@H](N(C)C(=O)C(OC)C(CC)CC)C3(CC3)C2)C1,
18989,COc1cc(NC(=O)[C@H]2[C@H]3CN(C(=O)[C@@H]4C[C@H](O)CN4)C[C@H]32)cc(C#N)n1,"(1R,5S,6R)-N-(2-cyano-6-methoxypyridin-4-yl)-3-(((2S,4S)-4-hydroxypyrrolidin-2-yl)carbonyl)-3-azabicyclo[3.1.0]hexane-6-carboxamide",,COc1cc(NC(=O)C2[C@H]3CN(C(=O)C4C[C@H](O)CN4)C[C@@H]23)cc(C#N)n1,
19014,C#CC[C@]1(O)C[C@@H](C(=O)NC[C@H](F)CNC(=O)c2cc(C)cs2)C1,"N-((2S)-2-fluoro-3-((1s,3R)-3-hydroxy-3-(prop-2-yn-1-yl)cyclobutanecarboxamido)propyl)-4-methylthiophene-2-carboxamide",,C#CCC1(O)CC(C(=O)NC[C@H](F)CNC(=O)c2cc(C)cs2)C1,
19034,O=C(Cc1ccc(O)c(F)c1)N[C@H]1C[C@@](F)(CNC(=O)[C@@H]2C[C@]23CC3(F)F)C1,"N-((1R,3r)-3-(((1R,3S)-4,4-difluorospiro[2.2]pentane-1-carboxamido)methyl)-3-fluorocyclobutyl)-2-(3-fluoro-4-hydroxyphenyl)acetamide",,O=C(Cc1ccc(O)c(F)c1)N[C@H]1C[C@@](F)(CNC(=O)C2C[C@]23CC3(F)F)C1,
19066,C#Cc1cccc(C(=O)NC[C@]2(F)C[C@H](NC(=O)Cc3ccc(C)s3)C2)c1Cl,"2-chloro-3-ethynyl-N-(((1r,3r)-1-fluoro-3-(2-(5-methylthiophen-2-yl)acetamido)cyclobutyl)methyl)benzamide",,C#Cc1cccc(C(=O)NC[C@]2(F)C[C@H](NC(=O)Cc3ccc(C)s3)C2)c1Cl,
19144,CC[C@H](CNC(=O)[C@@H]1[C@H]2COC[C@H]21)NC(=O)c1cccc(Cc2ccccc2)c1,,,CC[C@H](CNC(=O)C1[C@H]2COC[C@@H]12)NC(=O)c1cccc(Cc2ccccc2)c1,
19148,CCC(=CC(=O)N(C)C[C@H]1[C@@H]2CN(C(=O)c3n[nH]cc3C)C[C@H]12)c1ccccc1,,,CCC(=CC(=O)N(C)C[C@@H]1[C@H]2CN(C(=O)c3[nH]ncc3C)C[C@@H]12)c1ccccc1,
19234,Cc1c(C(=O)N2CCC[C@H]([C@@H](C)C(=O)NC[C@@H]3[C@H]4CCC[C@H]43)C2)[nH]ccc1=O,,,Cc1c(C(=O)N2CCC[C@H](C(C)C(=O)NC[C@H]3[C@@H]4CCC[C@@H]43)C2)[nH]ccc1=O,
19299,NC(=O)c1ccccc1C(=O)N1CC(CO)(NC(=O)[C@@H]2[C@H]3CCCCCC[C@H]32)C1,,,NC(=O)c1ccccc1C(=O)N1CC(CO)(NC(=O)C2[C@H]3CCCCCC[C@@H]23)C1,
19370,CC1(C(=O)N[C@H]2CC[C@]3(CC2)CN(C(=O)CC2(C#N)CCC2)CCO3)CCCC1,N-(4-(2-(1-cyanocyclobutyl)acetyl)-1-oxa-4-azaspiro[5.5]undecan-9-yl)-1-methylcyclopentanecarboxamide,C(#N)C1(CCC1)CC(=O)N1CCOC2(C1)CCC(CC2)NC(=O)C2(CCCC2)C,CC1(C(=O)N[C@H]2CC[C@]3(CC2)CN(C(=O)CC2(C#N)CCC2)CCO3)CCCC1,CC1(C(=O)NC2CCC3(CC2)CN(C(=O)CC2(C#N)CCC2)CCO3)CCCC1
19399,C[C@@H](NC(=O)[C@H]1C[C@@H]2CC[C@H](C1)[C@H]2O)[C@@H](CO)NC(=O)c1sccc1C#N,,,C[C@@H](NC(=O)C1C[C@H]2CC[C@@H](C1)[C@@H]2O)[C@@H](CO)NC(=O)c1sccc1C#N,
19414,CN(C[C@@H]1CCCN1C(=O)[C@]12CCC[C@H]1CCC2)C(=O)c1sccc1CO,3-(hydroxymethyl)-N-methyl-N-(((2S)-1-((octahydropentalen-3a-yl)carbonyl)pyrrolidin-2-yl)methyl)thiophene-2-carboxamide,OCC1=C(SC=C1)C(=O)N(C[C@H]1N(CCC1)C(=O)C12CCCC2CCC1)C,CN(C[C@@H]1CCCN1C(=O)[C@]12CCC[C@H]1CCC2)C(=O)c1sccc1CO,CN(C[C@@H]1CCCN1C(=O)C12CCCC1CCC2)C(=O)c1sccc1CO
19506,CN1CCCC[C@@H]1C(=O)N[C@@H]1[C@@H]2CN(Cc3ccccc3Cl)C[C@@H]21,,,CN1CCCCC1C(=O)N[C@@H]1[C@@H]2CN(Cc3ccccc3Cl)C[C@@H]21,
19533,C#C[C@]1(O)C[C@@H](C(=O)NCC[C@@H](O)CNC(=O)[C@H](O)CC(C)(C)C)C1,"(1s,3S)-3-ethynyl-3-hydroxy-N-((3R)-3-hydroxy-4-((2R)-2-hydroxy-4,4-dimethylpentanamido)butyl)cyclobutanecarboxamide",,C#CC1(O)CC(C(=O)NCC[C@@H](O)CNC(=O)C(O)CC(C)(C)C)C1,
19534,CCO[C@@H](C)C(=O)N1C[C@H]2C[C@@H](C(=O)Nc3ccccc3COC)C[C@H]2C1,"(1R,5S,7S)-3-((2S)-2-ethoxypropanoyl)-N-(2-(methoxymethyl)phenyl)-3-azabicyclo[3.3.0]octane-7-carboxamide",,CCOC(C)C(=O)N1C[C@H]2CC(C(=O)Nc3ccccc3COC)C[C@H]2C1,
19572,Cn1cncc1CC(=O)N[C@H]1C[C@@H]2CN(C(=O)[C@]3(C4CCC4)CC3(F)F)C[C@@H]2C1,"N-((1R,5S,7S)-3-(((1R)-1-cyclobutyl-2,2-difluorocyclopropyl)carbonyl)-3-azabicyclo[3.3.0]octan-7-yl)-2-(1-methyl-1H-imidazol-5-yl)acetamide",,Cn1cncc1CC(=O)N[C@H]1C[C@@H]2CN(C(=O)[C@]3(C4CCC4)CC3(F)F)C[C@@H]2C1,
19584,CN(C(=O)c1n[nH]c(C(C)(C)C)n1)C1CN(C(=O)[C@H]2C[C@H]3C[C@@H](O)C[C@H](C3)C2)C1,,,CN(C(=O)c1n[nH]c(C(C)(C)C)n1)C1CN(C(=O)C2C[C@@H]3C[C@H](O)C[C@H](C2)C3)C1,
19615,CN1CCOC[C@H]1CC(=O)N1C[C@H]2[C@H](NC(=O)Cc3ccc(O)c(F)c3)[C@H]2C1,"2-(3-fluoro-4-hydroxyphenyl)-N-((1R,5S,6S)-3-(2-((3R)-4-methylmorpholin-3-yl)acetyl)-3-azabicyclo[3.1.0]hexan-6-yl)acetamide",,CN1CCOC[C@H]1CC(=O)N1C[C@@H]2[C@H](C1)[C@H]2NC(=O)Cc1ccc(O)c(F)c1,
19688,CC[C@@H](C)[C@@H](O)C(=O)N1[C@H]2CC[C@@H]1C[C@H](NC(=O)[C@]1(C)CCC(C)=C(C)C1)C2,"(1R)-N-((1R,3R,5S)-8-((2R,3R)-2-hydroxy-3-methylpentanoyl)-8-azabicyclo[3.2.1]octan-3-yl)-1,3,4-trimethylcyclohex-3-ene-1-carboxamide",,CCC(C)C(O)C(=O)N1[C@@H]2CC[C@H]1C[C@@H](NC(=O)[C@]1(C)CCC(C)=C(C)C1)C2,
19736,O=C(CCCCCCNC(=O)[C@H]1C[C@@H]2CCC[C@@H]2C1)N[C@H]1CCc2c[nH]nc2C1,,,O=C(CCCCCCNC(=O)C1C[C@H]2CCC[C@H]2C1)N[C@H]1CCc2c[nH]nc2C1,
19738,C[C@H](CCN(C)C)C(=O)NC[C@H]1[C@@H]2CN(C(=O)[C@H]3C[C@@H](O)C3)C[C@H]12,,,CC(CCN(C)C)C(=O)NC[C@@H]1[C@H]2CN(C(=O)C3CC(O)C3)C[C@@H]12,
19817,C#C[C@]1(O)C[C@@H](C(=O)NCC2(CNC(=O)[C@@H](CC)SC)CCC2)C1,"(1s,3S)-3-ethynyl-3-hydroxy-N-((1-(((2R)-2-(methylsulfanyl)butanamido)methyl)cyclobutyl)methyl)cyclobutanecarboxamide",,C#CC1(O)CC(C(=O)NCC2(CNC(=O)C(CC)SC)CCC2)C1,
19854,O=C(NC[C@H]1CCOCC12CCCC2)N[C@H]1C[C@@H]2C[C@@H]2C1,,,O=C(NC[C@H]1CCOCC12CCCC2)N[C@H]1C[C@@H]2C[C@@H]2C1,
19874,CC(C)C[C@@H](C(N)=O)C(=O)N[C@H]1C[C@](F)(CNC(=O)[C@H]2CCc3ccccc32)C1,"(2S)-N'-((1R,3R)-3-(((1S)-2,3-dihydro-1H-indene-1-carboxamido)methyl)-3-fluorocyclobutyl)-2-(2-methylpropyl)propanediamide",,CC(C)CC(C(N)=O)C(=O)N[C@H]1C[C@](F)(CNC(=O)C2CCc3ccccc32)C1,
19937,CC=C(F)C(=O)NC[C@]1(O)C[C@@H]2CC[C@H](C1)N2C(=O)c1sccc1S(C)(=O)=O,,,CC=C(F)C(=O)NC[C@@]1(O)C[C@H]2CC[C@@H](C1)N2C(=O)c1sccc1S(C)(=O)=O,
20043,CC(C)(O)[C@H](NC(=O)C1CC2(CC(=O)C2)C1)C(=O)N1C[C@@H]2[C@@H](CO)[C@@H]2C1,"N-((2S)-3-hydroxy-1-((1R,5S,6S)-6-(hydroxymethyl)-3-azabicyclo[3.1.0]hexan-3-yl)-3-methyl-1-oxobutan-2-yl)-6-oxospiro[3.3]heptane-2-carboxamide",,CC(C)(O)C(NC(=O)C1CC2(CC(=O)C2)C1)C(=O)N1C[C@@H]2[C@@H](CO)[C@@H]2C1,
20045,COC(=O)[C@]12CC[C@](C(=O)N[C@H](C)c3ccc(F)cc3Cl)(C1)C2,methyl 4-(((1R)-1-(2-chloro-4-fluorophenyl)ethyl)carbamoyl)bicyclo[2.1.1]hexane-1-carboxylate,ClC1=C(C=CC(=C1)F)[C@@H](C)NC(=O)C12CCC(C1)(C2)C(=O)OC,COC(=O)[C@]12CC[C@](C(=O)N[C@H](C)c3ccc(F)cc3Cl)(C1)C2,COC(=O)C12CCC(C(=O)N[C@H](C)c3ccc(F)cc3Cl)(C1)C2
20107,COCO[C@@H](C)C(=O)N1C[C@](C)(CNC(=O)[C@H]2CC[C@@](C)(F)CC2)CC1(C)C,"(1s,4R)-4-fluoro-N-(((3S)-1-((2S)-2-(methoxymethoxy)propanoyl)-3,5,5-trimethylpyrrolidin-3-yl)methyl)-4-methylcyclohexanecarboxamide",,COCOC(C)C(=O)N1C[C@](C)(CNC(=O)C2CCC(C)(F)CC2)CC1(C)C,
20153,NC[C@H]1[C@@H]2CN(C(=O)c3ccc(Oc4ccccc4[N+](=O)[O-])cc3)C[C@H]12,,,NC[C@@H]1[C@H]2CN(C(=O)c3ccc(Oc4ccccc4[N+](=O)[O-])cc3)C[C@@H]12,
20189,Cc1cncc(C(=O)N[C@H]2C[C@@](F)(CNC(=O)[C@@H](C)N3CCNC3=O)C2)n1,"N-((1R,3r)-3-fluoro-3-(((2R)-2-(2-oxoimidazolidin-1-yl)propanamido)methyl)cyclobutyl)-6-methylpyrazine-2-carboxamide",,Cc1cncc(C(=O)N[C@H]2C[C@@](F)(CNC(=O)C(C)N3CCNC3=O)C2)n1,
20218,O=C(NC[C@@H]1CCN(C(=O)/C=C/c2cccc(F)c2Cl)C1)[C@@H]1[C@H]2CCC[C@H]21,,,O=C(NC[C@@H]1CCN(C(=O)/C=C/c2cccc(F)c2Cl)C1)C1[C@H]2CCC[C@@H]12,
20240,CC[C@H](NC(=O)C[C@H]1[C@@H]2CN(C(=O)Cc3ccc(O)nc3)C[C@H]12)c1ncnn1C,,,CC[C@H](NC(=O)C[C@@H]1[C@H]2CN(C(=O)Cc3ccc(=O)[nH]c3)C[C@@H]12)c1ncnn1C,
20280,CC(C)C[C@H](F)C(=O)N(C)CC1(CNC(=O)[C@@H]2C[C@@H]3CC[C@@H]3C2)CC1,,,CC(C)CC(F)C(=O)N(C)CC1(CNC(=O)C2C[C@H]3CC[C@H]3C2)CC1,
20323,CC(=O)NCCC(=O)N1C[C@@H](C)[C@H](CNC(=O)[C@@]2(C)C[C@@H]3C[C@@H]3C2)C1,,,CC(=O)NCCC(=O)N1C[C@@H](CNC(=O)[C@]2(C)C[C@H]3C[C@H]3C2)[C@H](C)C1,
20335,O=C(N[C@@H](CCO)C1CC1)[C@@H]1[C@H]2CN(C(=O)C3(O)CCCC3)C[C@H]21,,,O=C(N[C@@H](CCO)C1CC1)C1[C@H]2CN(C(=O)C3(O)CCCC3)C[C@@H]12,
20359,O=C(Nc1cnc2[nH]ncc2c1)[C@@H]1[C@H]2CN(c3ncnc4cc(Br)ccc34)C[C@H]21,,,O=C(Nc1cnc2[nH]ncc2c1)C1[C@H]2CN(c3ncnc4cc(Br)ccc34)C[C@@H]12,
20364,CCCC(=O)N1CCC(N2CCN(C(=O)[C@H]3C[C@](C)(C(=O)OC)C3)CC2=O)CC1,"methyl (1r,3r)-3-((4-(1-butanoylpiperidin-4-yl)-3-oxopiperazin-1-yl)carbonyl)-1-methylcyclobutanecarboxylate",,CCCC(=O)N1CCC(N2CCN(C(=O)C3CC(C)(C(=O)OC)C3)CC2=O)CC1,
20366,CCc1cscc1C(=O)NCC[C@H]1CCCCN1C(=O)[C@H]1C[C@H]2COC[C@H](C2)C1,,,CCc1cscc1C(=O)NCC[C@H]1CCCCN1C(=O)C1C[C@H]2COC[C@@H](C1)C2,
20583,Cc1cccn2cc(C(=O)NC[C@H]3C[C@@H]3NC(=O)[C@@H]3[C@H]4CN(C)C[C@H]43)cc12,,,Cc1cccn2cc(C(=O)NC[C@H]3C[C@@H]3NC(=O)C3[C@H]4CN(C)C[C@@H]34)cc12,
20768,CC(C)(CF)C(=O)NC[C@]1(F)C[C@H](CNC(=O)/C=C(/F)c2ccccc2)C1,"(2E)-3-fluoro-N-(((1r,3r)-3-fluoro-3-((3-fluoro-2,2-dimethylpropanamido)methyl)cyclobutyl)methyl)-3-phenylprop-2-enamide",,CC(C)(CF)C(=O)NC[C@]1(F)C[C@H](CNC(=O)/C=C(/F)c2ccccc2)C1,
20780,CCCC1(CNC(=O)[C@@H]2[C@H]3CN(C(=O)C[C@@H](C)N4CCCCC4)C[C@H]32)CCC1,"(1R,5S,6R)-3-((3R)-3-(piperidin-1-yl)butanoyl)-N-((1-propylcyclobutyl)methyl)-3-azabicyclo[3.1.0]hexane-6-carboxamide",,CCCC1(CNC(=O)C2[C@H]3CN(C(=O)C[C@@H](C)N4CCCCC4)C[C@@H]23)CCC1,
20882,C[C@@H](CC(=O)NC[C@]1(F)C[C@@H](NC(=O)c2c[nH]nc2-c2cccs2)C1)C(F)(F)F,"(3S)-4,4,4-trifluoro-N-(((1s,3R)-1-fluoro-3-(3-(thiophen-2-yl)-1H-pyrazole-4-carboxamido)cyclobutyl)methyl)-3-methylbutanamide",,C[C@@H](CC(=O)NC[C@]1(F)C[C@@H](NC(=O)c2c[nH]nc2-c2cccs2)C1)C(F)(F)F,
20915,CCCn1cc(C(=O)N[C@]2(C)C[C@@H](NC(=O)C3[C@H]4CCC[C@H]34)C2)nn1,"N-((1S,3r)-3-((1S,5S)-bicyclo[3.1.0]hexane-6-carboxamido)-1-methylcyclobutyl)-1-propyl-1H-1,2,3-triazole-4-carboxamide",,CCCn1cc(C(=O)N[C@]2(C)C[C@@H](NC(=O)C3[C@H]4CCC[C@H]34)C2)nn1,
20926,Cc1ccc(NC(=O)[C@H]2[C@H]3CN(Cc4cncc(Cl)c4Cl)C[C@H]32)c(C(N)=O)c1,,,Cc1ccc(NC(=O)C2[C@H]3CN(Cc4cncc(Cl)c4Cl)C[C@@H]23)c(C(N)=O)c1,
20932,O=C(c1cccc2[nH]ccc12)N1CC[C@@H]2CN(C(=O)[C@H]3C[C@@H]4C[C@@H]4C3)[C@H]2C1,,,O=C(c1cccc2[nH]ccc12)N1CC[C@@H]2CN(C(=O)C3C[C@@H]4C[C@@H]4C3)[C@H]2C1,
21032,Cc1nn(-c2cncc3nnnn23)c(C)c1CC(=O)N1CC[C@]12CC[C@H](C)CC2,"2-(3,5-dimethyl-1-(1,4,7,8,9-pentaazabicyclo[4.3.0]nona-2,4,6,8-tetraen-2-yl)-1H-pyrazol-4-yl)-1-(7-methyl-1-azaspiro[3.5]nonan-1-yl)ethan-1-one",CC1=NN(C(=C1CC(=O)N1CCC12CCC(CC2)C)C)C=2N1N=NN=C1C=NC2,Cc1nn(-c2cncc3nnnn23)c(C)c1CC(=O)N1CC[C@]12CC[C@H](C)CC2,Cc1nn(-c2cncc3nnnn23)c(C)c1CC(=O)N1CCC12CCC(C)CC2
21108,Cc1ccc([C@@H](CF)N[C@@H](c2nnnn2C2CCC2)[C@H]2[C@@H]3COC[C@@H]32)cc1,,,Cc1ccc([C@@H](CF)N[C@@H](c2nnnn2C2CCC2)[C@H]2[C@@H]3COC[C@@H]32)cc1,
21178,C[C@@H]1[C@H](C(=O)N[C@@H]2[C@H]3CCCCC[C@H]32)CCCN1C(=O)c1ccc(Cl)s1,,,C[C@@H]1C(C(=O)N[C@H]2[C@@H]3CCCCC[C@@H]32)CCCN1C(=O)c1ccc(Cl)s1,
21346,CC(C)COCCCN1CC(=O)N(C[C@H]2C[C@@H]3CCC[C@@H]3C2)C1=O,,,CC(C)COCCCn1cc(O)n(C[C@@H]2C[C@H]3CCC[C@H]3C2)c1=O,
21360,CO[C@@H](C(=O)N1[C@H]2CC[C@@H]1C[C@@H](NC(=O)c1ccccc1C1(C)CC1)C2)C1CC1,"N-((1R,3S,5S)-8-((2R)-2-cyclopropyl-2-methoxyacetyl)-8-azabicyclo[3.2.1]octan-3-yl)-2-(1-methylcyclopropyl)benzamide",,COC(C(=O)N1[C@@H]2CC[C@H]1C[C@H](NC(=O)c1ccccc1C1(C)CC1)C2)C1CC1,
21392,C[C@H](C(=O)N[C@H]1C[C@](F)(CNC(=O)C(C)(C)C(F)F)C1)C(C)(F)F,"(2R)-N-((1s,3S)-3-((3,3-difluoro-2,2-dimethylpropanamido)methyl)-3-fluorocyclobutyl)-3,3-difluoro-2-methylbutanamide",,CC(C(=O)N[C@H]1C[C@](F)(CNC(=O)C(C)(C)C(F)F)C1)C(C)(F)F,
21396,CN1CC=C(C(=O)N2C[C@H]3[C@H](CNC(=O)c4nnc(O)nc4O)[C@H]3C2)C1,,,CN1CC=C(C(=O)N2C[C@@H]3[C@@H](CNC(=O)c4n[nH]c(=O)[nH]c4=O)[C@@H]3C2)C1,
21490,C[C@H]1Oc2ccc(C(=O)NC[C@H]3C[C@@](F)(CNC(=O)C(C)(Cl)Cl)C3)cc2[C@H]1C,"(2R,3R)-N-(((1r,3R)-3-((2,2-dichloropropanamido)methyl)-3-fluorocyclobutyl)methyl)-2,3-dimethyl-2,3-dihydro-1-benzofuran-5-carboxamide",,C[C@@H]1c2cc(C(=O)NC[C@H]3C[C@@](F)(CNC(=O)C(C)(Cl)Cl)C3)ccc2O[C@@H]1C,
21492,C[C@H](CNC(=O)[C@H]1CC[C@@](C)(F)CC1)NC(=O)[C@@H]1CCOC2(CCCC2)C1,"(9R)-N-((2R)-1-((1s,4S)-4-fluoro-4-methylcyclohexanecarboxamido)propan-2-yl)-6-oxaspiro[4.5]decane-9-carboxamide",,C[C@H](CNC(=O)C1CCC(C)(F)CC1)NC(=O)C1CCOC2(CCCC2)C1,
21573,C[C@]1(NC(=O)CN2CCCCS2(=O)=O)C[C@H](NC(=O)CCn2cccn2)C1,"N-((1r,3r)-3-(2-(1,1-dioxo-1lambda^6-1,2-thiazinan-2-yl)acetamido)-3-methylcyclobutyl)-3-(1H-pyrazol-1-yl)propanamide",,C[C@]1(NC(=O)CN2CCCCS2(=O)=O)C[C@H](NC(=O)CCn2cccn2)C1,
21585,C[C@]1(C(=O)N2[C@H]3CC[C@@H]2C[C@H](CNC(=O)c2cc([N+](=O)[O-])n[nH]2)C3)CCCOC1,"N-(((1R,3S,5S)-8-(((3S)-3-methyloxan-3-yl)carbonyl)-8-azabicyclo[3.2.1]octan-3-yl)methyl)-3-nitro-1H-pyrazole-5-carboxamide",,C[C@]1(C(=O)N2[C@@H]3CC[C@H]2C[C@@H](CNC(=O)c2cc([N+](=O)[O-])[nH]n2)C3)CCCOC1,
21637,CO[C@@H](F)C(=O)NC[C@]1(F)C[C@@H](CNC(=O)C(C)(C)C(N)=O)C1,"N-(((1R,3s)-3-fluoro-3-(((2S)-2-fluoro-2-methoxyacetamido)methyl)cyclobutyl)methyl)-2,2-dimethylpropanediamide",,COC(F)C(=O)NC[C@]1(F)C[C@@H](CNC(=O)C(C)(C)C(N)=O)C1,
21724,C[C@H](NC(=O)c1ccc(F)cc1)C(=O)N1C[C@@H]2[C@H](C(=O)NC3CSC3)[C@@H]2C1,"(1R,5S,6R)-3-((2S)-2-(4-fluorobenzamido)propanoyl)-N-(thietan-3-yl)-3-azabicyclo[3.1.0]hexane-6-carboxamide",,CC(NC(=O)c1ccc(F)cc1)C(=O)N1C[C@@H]2C(C(=O)NC3CSC3)[C@@H]2C1,
21738,CC(C)SCC(=O)N1C[C@H]2[C@H](CNC(=O)COCC=Cc3ccccc3)[C@H]2C1,,,CC(C)SCC(=O)N1C[C@@H]2[C@@H](CNC(=O)COCC=Cc3ccccc3)[C@@H]2C1,
21790,CCCCCOC1CN(C(=O)C2(SC)CN(C(=O)[C@@H]3C[C@@H]4CC[C@@H]4C3)C2)C1,,,CCCCCOC1CN(C(=O)C2(SC)CN(C(=O)C3C[C@H]4CC[C@H]4C3)C2)C1,
21805,CC1=NO[C@@H](C(=O)N2C[C@H]3[C@H](NC(=O)C4(CO)CC(C)(C)C4)[C@H]3C2)C1,"1-(hydroxymethyl)-3,3-dimethyl-N-((1R,5S,6S)-3-(((5R)-3-methyl-4,5-dihydro-1,2-oxazol-5-yl)carbonyl)-3-azabicyclo[3.1.0]hexan-6-yl)cyclobutanecarboxamide",,CC1=NOC(C(=O)N2C[C@@H]3[C@H](C2)[C@H]3NC(=O)C2(CO)CC(C)(C)C2)C1,
21827,CN(C(=O)[C@H]1C[C@@H](N=[N+]=[N-])CN1C(=O)/C=C/C(C)(C)C)[C@H]1C[C@@H]2C[C@@H]2C1,,,CN(C(=O)C1C[C@@H](N=[N+]=[N-])CN1C(=O)/C=C/C(C)(C)C)[C@@H]1C[C@H]2C[C@H]2C1,
21838,CC(C)O[C@]1(C(=O)NC[C@]2(F)C[C@H](CNC(=O)[C@H](O)C3CC3)C2)CCOC1,"(3R)-N-(((1R,3R)-3-(((2R)-2-cyclopropyl-2-hydroxyacetamido)methyl)-1-fluorocyclobutyl)methyl)-3-isopropoxyoxolane-3-carboxamide",,CC(C)O[C@]1(C(=O)NC[C@]2(F)C[C@H](CNC(=O)C(O)C3CC3)C2)CCOC1,
21856,CC(C)(CC(=O)N[C@H]1[C@@H]2CN(C(=O)c3nccc4ccccc34)C[C@@H]21)C1CC1,,,CC(C)(CC(=O)N[C@H]1[C@@H]2CN(C(=O)c3nccc4ccccc34)C[C@@H]21)C1CC1,
21859,O=C1C[C@H]2[C@@H](C1)[C@@H]2C(=O)N1C[C@H](O)[C@@H](NC(=O)CCCn2ccnn2)C1,,,O=C1C[C@@H]2C(C(=O)N3C[C@H](NC(=O)CCCn4ccnn4)[C@@H](O)C3)[C@@H]2C1,
21864,C[C@@H](CCC(=O)N[C@H]1C[C@@H]2CN(C(=O)CN3CCS(=O)(=O)CC3)C[C@@H]2C1)N(C)C,,,C[C@@H](CCC(=O)N[C@H]1C[C@@H]2CN(C(=O)CN3CCS(=O)(=O)CC3)C[C@@H]2C1)N(C)C,
21921,CC(C)Oc1cccc(C(=O)N(C)[C@H]2[C@@H]3CN(C(=O)Cc4ccon4)C[C@@H]32)n1,,,CC(C)Oc1cccc(C(=O)N(C)[C@H]2[C@@H]3CN(C(=O)Cc4ccon4)C[C@@H]32)n1,
22034,COC[C@]1(CNC(=O)[C@@H]2C[C@@H]3CC[C@H](C2)C3(F)F)CCCN1C(=O)C=C(Cl)Cl,,,COC[C@]1(CNC(=O)C2C[C@H]3CC[C@@H](C2)C3(F)F)CCCN1C(=O)C=C(Cl)Cl,
22064,CC1(C)[C@H]2CC[C@]1(C(=O)N1C[C@H]3CC[C@@H](C1)C3CNC(=O)CCC1CC1)CC2,"3-cyclopropyl-N-(((1R,5S)-3-((7,7-dimethylbicyclo[2.2.1]heptan-1-yl)carbonyl)-3-azabicyclo[3.2.1]octan-8-yl)methyl)propanamide",C1(CC1)CCC(=O)NCC1[C@@H]2CN(C[C@H]1CC2)C(=O)C21CCC(CC2)C1(C)C,CC1(C)[C@H]2CC[C@]1(C(=O)N1C[C@H]3CC[C@@H](C1)C3CNC(=O)CCC1CC1)CC2,CC1(C)C2CCC1(C(=O)N1C[C@H]3CC[C@@H](C1)C3CNC(=O)CCC1CC1)CC2
22077,C#CCC(CC#C)C(=O)N1C[C@H]2[C@H](CNC(=O)c3cc4n(n3)[C@@H](C)CCC4)[C@H]2C1,,,C#CCC(CC#C)C(=O)N1C[C@@H]2[C@@H](CNC(=O)c3cc4n(n3)[C@@H](C)CCC4)[C@@H]2C1,
22101,Cc1nccc(C(=O)N[C@@H]2C[C@H]3[C@@H](C2)[C@@H]3NC(=O)CCc2cccc(C#N)c2)n1,,,Cc1nccc(C(=O)N[C@H]2C[C@@H]3[C@H](C2)[C@H]3NC(=O)CCc2cccc(C#N)c2)n1,
22111,C#CC[C@@]1(C(=O)N[C@H]2C[C@](F)(CNC(=O)C[C@H](C)CN(C)C)C2)CCCCO1,"(2R)-N-((1R,3S)-3-(((3S)-4-(dimethylamino)-3-methylbutanamido)methyl)-3-fluorocyclobutyl)-2-(prop-2-yn-1-yl)oxane-2-carboxamide",,C#CC[C@@]1(C(=O)N[C@H]2C[C@](F)(CNC(=O)C[C@H](C)CN(C)C)C2)CCCCO1,
22132,COC(=O)[C@@H]1CC[C@H](C(=O)N2C[C@H]3CCN(C(=O)[C@@H]4[C@@H](C)[C@H]4C)CC[C@H]3C2)C1,,,COC(=O)C1CCC(C(=O)N2C[C@H]3CCN(C(=O)C4[C@@H](C)[C@H]4C)CC[C@H]3C2)C1,
22158,CO[C@H]1C[C@H](C(=O)N[C@@H]2CCN(C(=O)Cn3nnc(=N)[nH]3)C[C@H]2O)C[C@H]1OC,,,CO[C@H]1CC(C(=O)N[C@@H]2CCN(C(=O)Cn3nnc(N)n3)C[C@H]2O)C[C@H]1OC,
22191,Cn1cc([C@@H](NC(=O)[C@H]2C[C@@H]3CC[C@@H]3C2)C(=O)N2CC(C(C)(C)O)C2)cn1,,,Cn1cc(C(NC(=O)C2C[C@H]3CC[C@H]3C2)C(=O)N2CC(C(C)(C)O)C2)cn1,
22199,CCCS(=O)(=O)N[C@H](C)C(=O)N[C@@H](CNC(=O)[C@H]1C[C@](C)(F)C1)CC(C)C,"(2R)-N-((2R)-1-((1r,3R)-3-fluoro-3-methylcyclobutanecarboxamido)-4-methylpentan-2-yl)-2-(propane-1-sulfonamido)propanamide",,CCCS(=O)(=O)NC(C)C(=O)N[C@@H](CNC(=O)C1CC(C)(F)C1)CC(C)C,
22248,COCC=CC(=O)NC[C@H]1CC[C@@](F)(CNC(=O)CCC2CC(F)(F)C2)CC1,"N-(((1r,4r)-4-((3-(3,3-difluorocyclobutyl)propanamido)methyl)-4-fluorocyclohexyl)methyl)-4-methoxybut-2-enamide",,COCC=CC(=O)NC[C@H]1CC[C@@](F)(CNC(=O)CCC2CC(F)(F)C2)CC1,
22300,CCc1noc(C(=O)N2CCN(C(=O)[C@@H]3C[C@@H](C)C[C@@H](C)C3)CC2)c1C,,,CCc1noc(C(=O)N2CCN(C(=O)C3C[C@@H](C)C[C@@H](C)C3)CC2)c1C,
22359,CC(C)[C@@H](NC(N)=O)C(=O)NC[C@]1(F)C[C@@H](NC(=O)C[C@@H](C)C(F)(F)F)C1,"N-((2R)-1-((((1S,3S)-1-fluoro-3-((3R)-4,4,4-trifluoro-3-methylbutanamido)cyclobutyl)methyl)amino)-3-methyl-1-oxobutan-2-yl)urea",,CC(C)C(NC(N)=O)C(=O)NC[C@]1(F)C[C@@H](NC(=O)C[C@@H](C)C(F)(F)F)C1,
22384,CC1(C)CO[C@H](C(=O)NC[C@@H]2C[C@@H]3CC[C@H](C2)N3C(=O)CCC2CC(F)(F)C2)C1,,,CC1(C)COC(C(=O)NC[C@H]2C[C@H]3CC[C@@H](C2)N3C(=O)CCC2CC(F)(F)C2)C1,
22394,CCCC(CCC)C(=O)N1[C@H]2CC[C@@H]1C[C@@H](CNC(=O)[C@H]1OCC[C@H]1CC)C2,,,CCCC(CCC)C(=O)N1[C@@H]2CC[C@H]1C[C@H](CNC(=O)C1OCC[C@H]1CC)C2,
22463,C[C@@](CNC(=O)[C@H]1C[C@@H]2C[C@H](C1)CC(F)(F)C2)(NC(=O)[C@H]1CNC(=O)C1)C1CC1,,,C[C@@](CNC(=O)C1C[C@@H]2C[C@H](C1)CC(F)(F)C2)(NC(=O)C1CNC(=O)C1)C1CC1,
22484,Cc1cccc(C)c1OCCC(=O)N[C@H]1[C@@H]2CN(C(=O)CCC3(C)CC3)C[C@@H]21,,,Cc1cccc(C)c1OCCC(=O)N[C@H]1[C@@H]2CN(C(=O)CCC3(C)CC3)C[C@@H]21,
22592,CC=CC=CC(=O)NC[C@]1(F)C[C@H](CNC(=O)c2ccc3c(c2)CCCC3=O)C1,"N-(((1r,3r)-1-fluoro-3-((1-oxo-1,2,3,4-tetrahydronaphthalene-6-carboxamido)methyl)cyclobutyl)methyl)hexa-2,4-dienamide",,CC=CC=CC(=O)NC[C@]1(F)C[C@H](CNC(=O)c2ccc3c(c2)CCCC3=O)C1,
22765,C[C@@H](O)C(=O)N(C)CC(CO)(CO)NC(=O)[C@H]1C[C@@H]2CC[C@H](C1)[C@H]2O,,,CC(O)C(=O)N(C)CC(CO)(CO)NC(=O)C1C[C@H]2CC[C@@H](C1)[C@@H]2O,
22845,CC1(CC(=O)NC2CC3(C2)CC(C(=O)N[C@@H]2[C@H]4CCCCC[C@H]42)C3)CCCCC1,,,CC1(CC(=O)NC2CC3(C2)CC(C(=O)N[C@H]2[C@@H]4CCCCC[C@@H]42)C3)CCCCC1,
22887,CNC(=O)CCC(=O)NC[C@]1(O)C[C@@H]2CC[C@H](C1)N2C(=O)c1coc(N(C)C)n1,,,CNC(=O)CCC(=O)NC[C@@]1(O)C[C@H]2CC[C@@H](C1)N2C(=O)c1coc(N(C)C)n1,
23090,C[C@H]1[C@@H]2CN(C(=O)[C@]3(C)CCN(C(=O)[C@H]4CCC(=O)N4)C3)C[C@H]12,"(5R)-5-(((3R)-3-methyl-3-(((1R,5S,6S)-6-methyl-3-azabicyclo[3.1.0]hexan-3-yl)carbonyl)pyrrolidin-1-yl)carbonyl)pyrrolidin-2-one",,C[C@@H]1[C@H]2CN(C(=O)[C@]3(C)CCN(C(=O)C4CCC(=O)N4)C3)C[C@@H]12,
23131,CCc1cscc1NC(=O)N[C@H]1C[C@H](OC)[C@H](OC)C1,,,CCc1cscc1NC(=O)N[C@H]1C[C@H](OC)[C@H](OC)C1,
23155,CN(C(=O)[C@H]1COCC[C@H]1NC(=O)[C@H]1C[C@@H]2CC[C@H](C1)O2)C1(C)CCCC1,,,CN(C(=O)C1COCC[C@H]1NC(=O)C1C[C@H]2CC[C@@H](C1)O2)C1(C)CCCC1,
23276,CCN(CCNC(=O)[C@@H]1[C@@H](C)[C@H]1C)C(=O)C(C)(C)Cc1ccc(C#N)cc1,,,CCN(CCNC(=O)C1[C@@H](C)[C@H]1C)C(=O)C(C)(C)Cc1ccc(C#N)cc1,
23284,Cc1ccoc1C(=O)N1[C@H]2CC[C@@H]1C[C@@H](N(C)C(=O)CC13COC(CF)(C1)C3)C2,,,Cc1ccoc1C(=O)N1[C@@H]2CC[C@H]1C[C@H](N(C)C(=O)CC13COC(CF)(C1)C3)C2,
23363,C[C@@H]1CNC(=O)CN1C(=O)CC1(CNC(=O)[C@H]2C[C@@H]3CC[C@H](C2)O3)CC1,,,C[C@@H]1CNC(=O)CN1C(=O)CC1(CNC(=O)C2C[C@H]3CC[C@@H](C2)O3)CC1,
23371,C=C=C(C)CC(=O)N1C[C@H]2[C@H](CNC(=O)c3cc(S(N)(=O)=O)cs3)[C@H]2C1,,,C=C=C(C)CC(=O)N1C[C@@H]2[C@@H](CNC(=O)c3cc(S(N)(=O)=O)cs3)[C@@H]2C1,
23399,NC(=O)C(=O)N1CC[C@H]1c1cn(C[C@H]2C[C@@H]3C[C@@H]3C2)nn1,,,NC(=O)C(=O)N1CC[C@H]1c1cn(C[C@H]2C[C@@H]3C[C@@H]3C2)nn1,
23437,Cc1ccc(-c2nn(C)cc2C(=O)NCC2CN(C(=O)[C@H]3C[C@@](F)(CO)C3)C2)o1,"N-((1-(((1r,3r)-3-fluoro-3-(hydroxymethyl)cyclobutyl)carbonyl)azetidin-3-yl)methyl)-1-methyl-3-(5-methylfuran-2-yl)-1H-pyrazole-4-carboxamide",,Cc1ccc(-c2nn(C)cc2C(=O)NCC2CN(C(=O)C3CC(F)(CO)C3)C2)o1,
23441,C=C[C@H]1C[C@H]1C(=O)NC[C@H]1C[C@](F)(CNC(=O)[C@H]2CCN(c3ccccc3)C2)C1,"(3S)-N-(((1S,3R)-3-(((1R,2R)-2-ethenylcyclopropanecarboxamido)methyl)-1-fluorocyclobutyl)methyl)-1-phenylpyrrolidine-3-carboxamide",,C=C[C@H]1CC1C(=O)NC[C@H]1C[C@](F)(CNC(=O)C2CCN(c3ccccc3)C2)C1,
23448,CC(C)=CCC(=O)NC[C@]1(F)C[C@@H](CNC(=O)C[C@H]2CC3(CC3)CO2)C1,"N-(((1S,3s)-1-fluoro-3-((2-((6R)-5-oxaspiro[2.4]heptan-6-yl)acetamido)methyl)cyclobutyl)methyl)-4-methylpent-3-enamide",,CC(C)=CCC(=O)NC[C@]1(F)C[C@@H](CNC(=O)C[C@H]2CC3(CC3)CO2)C1,
23454,Cc1cccc(CCC(=O)NC[C@H]2C[C@@H]3CC[C@H](C2)N3c2nnc(C3CC3)o2)c1,,,Cc1cccc(CCC(=O)NC[C@@H]2C[C@H]3CC[C@@H](C2)N3c2nnc(C3CC3)o2)c1,
23492,C[C@@H](CC(=O)N(C)[C@H]1[C@@H]2CN(C(=O)c3ccc(CO)cc3)C[C@@H]21)c1cccnc1,,,C[C@@H](CC(=O)N(C)[C@H]1[C@@H]2CN(C(=O)c3ccc(CO)cc3)C[C@@H]21)c1cccnc1,
23522,CNC(=O)[C@H]1C=C[C@H](NC(=O)[C@H]2C[C@@](C)(NC(=O)CSCC(F)F)C2)C1,"(1R,4R)-4-((1s,3S)-3-(2-((2,2-difluoroethyl)sulfanyl)acetamido)-3-methylcyclobutanecarboxamido)-N-methylcyclopent-2-ene-1-carboxamide",,CNC(=O)C1C=C[C@H](NC(=O)C2CC(C)(NC(=O)CSCC(F)F)C2)C1,
23557,O=C(N[C@H]1C[C@](F)(CN=c2nc(C3CC3)[nH]s2)C1)[C@@H]1CCCC2(CC2)C1,"(5R)-N-((1s,3S)-3-(((3-cyclopropyl-2H-1,2,4-thiadiazol-5-ylidene)amino)methyl)-3-fluorocyclobutyl)spiro[2.5]octane-5-carboxamide",,O=C(N[C@H]1C[C@](F)(CNc2nc(C3CC3)ns2)C1)C1CCCC2(CC2)C1,
23620,COC1(C(=O)NC[C@H]2C[C@](F)(CNC(=O)c3cnc(N)c(N)c3)C2)CC1,"5,6-diamino-N-(((1s,3s)-1-fluoro-3-((1-methoxycyclopropanecarboxamido)methyl)cyclobutyl)methyl)pyridine-3-carboxamide",,COC1(C(=O)NC[C@H]2C[C@](F)(CNC(=O)c3cnc(N)c(N)c3)C2)CC1,
23706,CO[C@@H](CCSC)C(=O)NC[C@H]1C[C@@](F)(CNC(=O)[C@@H](C)N2CCSCC2)C1,"(2S)-N-(((1R,3S)-3-fluoro-3-(((2R)-2-(thiomorpholin-4-yl)propanamido)methyl)cyclobutyl)methyl)-2-methoxy-4-(methylsulfanyl)butanamide",,COC(CCSC)C(=O)NC[C@H]1C[C@@](F)(CNC(=O)C(C)N2CCSCC2)C1,
23723,CC[C@H]1OCC[C@@H]1C(=O)N[C@H]1C[C@](F)(CNC(=O)c2[nH]c(C)c(C(C)=O)c2C)C1,"4-acetyl-N-(((1R,3s)-3-((2R,3S)-2-ethyloxolane-3-carboxamido)-1-fluorocyclobutyl)methyl)-3,5-dimethyl-1H-pyrrole-2-carboxamide",,CC[C@H]1OCCC1C(=O)N[C@H]1C[C@](F)(CNC(=O)c2[nH]c(C)c(C(C)=O)c2C)C1,
23749,CC(C)(C(=O)N1C[C@@H]2C[C@H](NC(=O)CCc3nc[nH]n3)C[C@@H](C2)C1)n1cccn1,,,CC(C)(C(=O)N1C[C@@H]2C[C@@H](C[C@H](NC(=O)CCc3nc[nH]n3)C2)C1)n1cccn1,
23764,CC1(C)CN(C(=O)CC2(CO)CCC2)C[C@H]1NC(=O)C[C@@H]1C[C@H]2C[C@H]2C1,,,CC1(C)CN(C(=O)CC2(CO)CCC2)C[C@H]1NC(=O)C[C@H]1C[C@@H]2C[C@@H]2C1,
23810,COC(=O)c1ccnc(NC(=O)[C@@H]2[C@H]3CN(C(=O)c4cc(F)ccc4Br)C[C@H]32)c1,,,COC(=O)c1ccnc(NC(=O)C2[C@H]3CN(C(=O)c4cc(F)ccc4Br)C[C@@H]23)c1,
23819,Cc1oncc1C(=O)N1CCC2(CC1)C[C@]2(CO)CNC(=O)[C@H]1C[C@@H]2CC[C@@H]2C1,,,Cc1oncc1C(=O)N1CCC2(CC1)C[C@]2(CO)CNC(=O)C1C[C@H]2CC[C@H]2C1,
23862,C=C=CCC(=O)N[C@H]1[C@@H]2CN(C(=O)Cc3c(Cl)ccc(O)c3Cl)C[C@@H]21,,,C=C=CCC(=O)N[C@H]1[C@@H]2CN(C(=O)Cc3c(Cl)ccc(O)c3Cl)C[C@@H]21,
23919,Cc1nccnc1C(=O)N[C@H]1C[C@](F)(CNC(=O)c2cc(C3CC3)ns2)C1,"3-cyclopropyl-N-(((1s,3s)-1-fluoro-3-(3-methylpyrazine-2-carboxamido)cyclobutyl)methyl)-1,2-thiazole-5-carboxamide",,Cc1nccnc1C(=O)N[C@H]1C[C@](F)(CNC(=O)c2cc(C3CC3)ns2)C1,
23993,CCc1ccc(C(=O)N(C)C2CC(NC(=O)[C@H]3CC[C@H]4C[C@H]4CC3)C2)c(C)n1,,,CCc1ccc(C(=O)N(C)C2CC(NC(=O)C3CC[C@@H]4C[C@@H]4CC3)C2)c(C)n1,
23997,C[C@H]1CN(C(=O)[C@@H]2[C@H]3CC(=O)C[C@H]32)C[C@@H]1CC(=O)N1CCC[C@H]1C1CC1,,,C[C@H]1CN(C(=O)C2[C@H]3CC(=O)C[C@@H]23)C[C@@H]1CC(=O)N1CCC[C@H]1C1CC1,
24021,C#C[C@]1(O)C[C@@H](C(=O)NC[C@@H](C)CNC(=O)[C@H]2CCCN(CC(C)C)C2)C1,"(3S)-N-((2R)-3-((1s,3S)-3-ethynyl-3-hydroxycyclobutanecarboxamido)-2-methylpropyl)-1-(2-methylpropyl)piperidine-3-carboxamide",,C#CC1(O)CC(C(=O)NC[C@@H](C)CNC(=O)C2CCCN(CC(C)C)C2)C1,
24063,CC1(C)C[C@@H]1CC(=O)N[C@H]1C[C@@H]2C[C@H](C1)CN(C(=O)Cn1ncnn1)C2,,,CC1(C)C[C@@H]1CC(=O)N[C@@H]1C[C@H]2C[C@@H](C1)CN(C(=O)Cn1ncnn1)C2,
24101,COC(=O)c1cccc(S(=O)(=O)N2C[C@@H]3CC[C@H](C2)[C@H]3NC(=O)CC(C)(C)C)c1,,,COC(=O)c1cccc(S(=O)(=O)N2C[C@H]3CC[C@@H](C2)[C@@H]3NC(=O)CC(C)(C)C)c1,
24128,COc1nscc1C(=O)NCC1(OC)CN(C(=O)[C@H]2C[C@@H]3OC(C)(C)O[C@@H]3C2)C1,,,COc1nscc1C(=O)NCC1(OC)CN(C(=O)C2C[C@@H]3OC(C)(C)O[C@@H]3C2)C1,
24160,C[C@H]1[C@@H](C)[C@@H]1C(=O)N1C[C@@H]2CC[C@H](C1)[C@H](NC(=O)c1ccc([N+](=O)[O-])n1C)C2,,,C[C@@H]1C(C(=O)N2C[C@@H]3CC[C@H](C2)[C@H](NC(=O)c2ccc([N+](=O)[O-])n2C)C3)[C@@H]1C,
24178,O=C(N[C@@H]1C[C@@H]2C[C@H]1N(C(=O)C1(CCF)CCOCC1)C2)[C@@H]1[C@H]2[C@@H]3CC[C@@H](C3)[C@H]21,,,O=C(N[C@@H]1C[C@@H]2C[C@H]1N(C(=O)C1(CCF)CCOCC1)C2)C1[C@@H]2[C@H]3CC[C@H](C3)[C@H]12,
24221,C[C@H]1CCC[C@](O)(C(=O)NC[C@H]2C[C@@H]3CC[C@H](C2)N3C(=O)[C@H]2CC2(C)C)CC1,"(1R,4S)-N-(((1R,3R,5S)-8-(((1S)-2,2-dimethylcyclopropyl)carbonyl)-8-azabicyclo[3.2.1]octan-3-yl)methyl)-1-hydroxy-4-methylcycloheptanecarboxamide",,C[C@H]1CCC[C@](O)(C(=O)NC[C@@H]2C[C@H]3CC[C@@H](C2)N3C(=O)C2CC2(C)C)CC1,
24224,CNc1ccc([N+](=O)[O-])cc1C(=O)N[C@H]1C[C@](C)(NC(=O)c2cc(O)n(C)n2)C1,"5-hydroxy-1-methyl-N-((1r,3r)-1-methyl-3-(2-(methylamino)-5-nitrobenzamido)cyclobutyl)-1H-pyrazole-3-carboxamide",,CNc1ccc([N+](=O)[O-])cc1C(=O)N[C@H]1C[C@](C)(NC(=O)c2cc(=O)n(C)[nH]2)C1,
24255,CC(=C(F)C(=O)N(C)C[C@H]1[C@@H]2CN(C(=O)C[C@H](C)C3CC3)C[C@H]12)C1CC1,"3-cyclopropyl-N-(((1R,5S,6S)-3-((3S)-3-cyclopropylbutanoyl)-3-azabicyclo[3.1.0]hexan-6-yl)methyl)-2-fluoro-N-methylbut-2-enamide",,CC(=C(F)C(=O)N(C)C[C@@H]1[C@H]2CN(C(=O)C[C@H](C)C3CC3)C[C@@H]12)C1CC1,
24260,CCC1(C(=O)N2[C@H]3CC[C@@H]2C[C@H](CNC(=O)C2(c4oncc4C)CC2)C3)CC1,,,CCC1(C(=O)N2[C@@H]3CC[C@H]2C[C@@H](CNC(=O)C2(c4oncc4C)CC2)C3)CC1,
24325,O=C(C[C@]1(O)CCOC1)N[C@]1(c2ccccc2)C[C@@H](NC(=O)c2cscn2)C1,"2-((3R)-3-hydroxyoxolan-3-yl)-N-((1r,3R)-1-phenyl-3-(1,3-thiazole-4-carboxamido)cyclobutyl)acetamide",,O=C(C[C@]1(O)CCOC1)N[C@]1(c2ccccc2)C[C@@H](NC(=O)c2cscn2)C1,
24341,CSc1nc(C(=O)N[C@@H]2[C@@H](C)CN(C(=O)c3cnc4n3CCOC4)C[C@H]2C)cs1,,,CSc1nc(C(=O)N[C@H]2[C@H](C)CN(C(=O)c3cnc4n3CCOC4)C[C@@H]2C)cs1,
24355,CC(C)(C(=O)N[C@@H]1CS(=O)(=O)C[C@@H]1NC(=O)[C@H]1C[C@](F)(CO)C1)c1ccccn1,"N-((3S,4R)-4-((1s,3S)-3-fluoro-3-(hydroxymethyl)cyclobutanecarboxamido)-1,1-dioxo-1lambda^6-thiolan-3-yl)-2-methyl-2-(pyridin-2-yl)propanamide",,CC(C)(C(=O)N[C@@H]1CS(=O)(=O)C[C@@H]1NC(=O)C1CC(F)(CO)C1)c1ccccn1,
24369,CNS(=O)(=O)c1cc(C(=O)NCC#CCNC(=O)[C@H]2C[C@](C)(C(=O)OC)C2)co1,"methyl (1r,3r)-1-methyl-3-((4-(5-(methylsulfamoyl)furan-3-carboxamido)but-2-yn-1-yl)carbamoyl)cyclobutanecarboxylate",,CNS(=O)(=O)c1cc(C(=O)NCC#CCNC(=O)C2CC(C)(C(=O)OC)C2)co1,
24430,C[C@H](CF)CC(=O)N1[C@H]2CC[C@@H]1C[C@](O)(CNC(=O)c1cscc1S(C)(=O)=O)C2,"N-(((1R,3R,5S)-8-((3S)-4-fluoro-3-methylbutanoyl)-3-hydroxy-8-azabicyclo[3.2.1]octan-3-yl)methyl)-4-(methylsulfonyl)thiophene-3-carboxamide",,C[C@H](CF)CC(=O)N1[C@@H]2CC[C@H]1C[C@@](O)(CNC(=O)c1cscc1S(C)(=O)=O)C2,
24623,Cc1nc(C(=O)N[C@H]2C[C@@](C)(NC(=O)c3cc(Br)c(Cl)s3)C2)n[nH]1,"N-((1s,3s)-3-(4-bromo-5-chlorothiophene-2-carboxamido)-3-methylcyclobutyl)-5-methyl-1H-1,2,4-triazole-3-carboxamide",,Cc1n[nH]c(C(=O)N[C@H]2C[C@@](C)(NC(=O)c3cc(Br)c(Cl)s3)C2)n1,
24627,Cc1conc1CC(=O)N[C@H]1[C@@H]2CN(C(=O)[C@@H](F)CC3CCOCC3)C[C@@H]21,"N-((1R,5S,6R)-3-((2S)-2-fluoro-3-(oxan-4-yl)propanoyl)-3-azabicyclo[3.1.0]hexan-6-yl)-2-(4-methyl-1,2-oxazol-3-yl)acetamide",,Cc1conc1CC(=O)N[C@H]1[C@@H]2CN(C(=O)C(F)CC3CCOCC3)C[C@@H]21,
24670,C[C@H](CF)C(=O)N(C)C1CC(NC(=O)[C@H]2C[C@](O)(c3cccc(Cl)c3)C2)C1,"(2S)-N-(3-((1s,3R)-3-(3-chlorophenyl)-3-hydroxycyclobutanecarboxamido)cyclobutyl)-3-fluoro-N,2-dimethylpropanamide",,CC(CF)C(=O)N(C)C1CC(NC(=O)C2CC(O)(c3cccc(Cl)c3)C2)C1,
24829,CCN1C[C@@H](COC(=O)[C@H]2[C@@H]3CS(=O)(=O)C[C@@H]32)OC1=O,,,CCN1C[C@@H](COC(=O)C2[C@H]3CS(=O)(=O)C[C@@H]23)OC1=O,
24861,CN(C)CCCN(CCNC(=O)[C@@H]1[C@H]2CCC[C@H]21)C(=O)c1cccnn1,,,CN(C)CCCN(CCNC(=O)C1[C@H]2CCC[C@@H]12)C(=O)c1cccnn1,
24881,C[C@H]1[C@@H](C)[C@@H]1C(=O)N(C)C[C@H]1[C@@H]2CN(C(=O)c3ncccc3C(F)(F)F)C[C@H]12,,,C[C@@H]1C(C(=O)N(C)C[C@@H]2[C@H]3CN(C(=O)c4ncccc4C(F)(F)F)C[C@@H]23)[C@@H]1C,
24887,CC[S@@](=O)CC(=O)NC[C@H](CO)NC(=O)[C@@H]1C[C@H](C)O[C@H](C)C1,,,CC[S@@+]([O-])CC(=O)NC[C@H](CO)NC(=O)C1C[C@@H](C)O[C@@H](C)C1,
24894,Cc1csc([C@H](C)C(=O)N[C@H]2[C@@H]3CN(C(=O)CSc4c(C)n[nH]c4C)C[C@@H]32)n1,,,Cc1csc(C(C)C(=O)N[C@H]2[C@@H]3CN(C(=O)CSc4c(C)n[nH]c4C)C[C@@H]32)n1,
24909,CC=C(CC)C(=O)N[C@@]1(CF)CCN(C(=O)[C@]2(CC)CC[C@H](O)CC2)C1,"2-ethyl-N-((3S)-1-(((1s,4R)-1-ethyl-4-hydroxycyclohexyl)carbonyl)-3-(fluoromethyl)pyrrolidin-3-yl)but-2-enamide",,CC=C(CC)C(=O)N[C@@]1(CF)CCN(C(=O)[C@]2(CC)CC[C@H](O)CC2)C1,
25008,COc1ccc(C(=O)N[C@H]2[C@@H]3CN(C(=O)c4cc(C)c(C)c(F)c4)C[C@@H]32)s1,,,COc1ccc(C(=O)N[C@H]2[C@@H]3CN(C(=O)c4cc(C)c(C)c(F)c4)C[C@@H]32)s1,
25092,Cc1cc(C(=O)N2C[C@H](C)[C@@H](NC(=O)C3=COCCC3)[C@H](C)C2)c(F)cc1Cl,,,Cc1cc(C(=O)N2C[C@@H](C)[C@H](NC(=O)C3=COCCC3)[C@@H](C)C2)c(F)cc1Cl,
25131,C#C[C@]1(O)C[C@@H](C(=O)N2CCCC[C@@H](C(=O)N3CC4(C3)CC3(CCC3)C4)C2)C1,"(2-azadispiro[3.1.3.1]decan-2-yl)((3R)-1-(((1s,3S)-3-ethynyl-3-hydroxycyclobutyl)carbonyl)azepan-3-yl)methanone",,C#CC1(O)CC(C(=O)N2CCCCC(C(=O)N3CC4(C3)CC3(CCC3)C4)C2)C1,
25167,CN(C)[C@@H](C(=O)N[C@H]1[C@@H]2CN(C(=O)CCc3ncco3)C[C@@H]21)C1CCCCC1,,,CN(C)C(C(=O)N[C@H]1[C@@H]2CN(C(=O)CCc3ncco3)C[C@@H]21)C1CCCCC1,
25224,CCN(CCCF)C(=O)C[C@H]1[C@@H]2CN(C(=O)C[C@H]3COC[C@@H](C)O3)C[C@H]12,"N-ethyl-N-(3-fluoropropyl)-2-((1R,5S,6R)-3-(2-((2S,6R)-6-methyl-1,4-dioxan-2-yl)acetyl)-3-azabicyclo[3.1.0]hexan-6-yl)acetamide",,CCN(CCCF)C(=O)C[C@@H]1[C@H]2CN(C(=O)C[C@H]3COC[C@@H](C)O3)C[C@@H]12,
25247,C[C@]1(C(=O)NC[C@H]2C[C@@H]3CC[C@H](C2)N3C(=O)c2cnc(Cl)s2)CCCOC1,,,C[C@]1(C(=O)NC[C@@H]2C[C@H]3CC[C@@H](C2)N3C(=O)c2cnc(Cl)s2)CCCOC1,
25262,O=C(NC[C@H]1[C@@H]2CN(C(=O)c3ncccc3C(F)(F)F)C[C@H]12)c1ccccc1Cl,,,O=C(NC[C@@H]1[C@H]2CN(C(=O)c3ncccc3C(F)(F)F)C[C@@H]12)c1ccccc1Cl,
25330,C[C@]1(NC(=O)[C@@H]2CN3CCC2CC3)C[C@@H](NC(=O)CN2CSCC2=O)C1,"(3S)-N-((1s,3R)-1-methyl-3-(2-(4-oxo-1,3-thiazolidin-3-yl)acetamido)cyclobutyl)-1-azabicyclo[2.2.2]octane-3-carboxamide",,C[C@]1(NC(=O)C2CN3CCC2CC3)C[C@@H](NC(=O)CN2CSCC2=O)C1,
25342,CC(C)Cn1cc(C(=O)NC[C@H]2C[C@](F)(CNC(=O)c3ccc(N)cn3)C2)cn1,"5-amino-N-(((1s,3s)-1-fluoro-3-((1-(2-methylpropyl)-1H-pyrazole-4-carboxamido)methyl)cyclobutyl)methyl)pyridine-2-carboxamide",,CC(C)Cn1cc(C(=O)NC[C@H]2C[C@](F)(CNC(=O)c3ccc(N)cn3)C2)cn1,
25350,CCO[C@H](C)CCC(=O)N[C@@H]1CCCN(C(=O)[C@H]2C[C@@](C)(O)C2)[C@@H]1C,"(4R)-4-ethoxy-N-((2R,3R)-1-(((1s,3S)-3-hydroxy-3-methylcyclobutyl)carbonyl)-2-methylpiperidin-3-yl)pentanamide",,CCO[C@H](C)CCC(=O)N[C@@H]1CCCN(C(=O)C2CC(C)(O)C2)[C@@H]1C,
25359,COCCC[C@H](C)C(=O)N1C[C@H](NC(=O)[C@@H]2[C@@H](C)[C@H]2C)[C@H]2CCCC[C@H]21,,,COCCCC(C)C(=O)N1C[C@H](NC(=O)C2[C@@H](C)[C@H]2C)[C@H]2CCCC[C@H]21,
25370,O=C1OCC[C@@H]2CN(C(=O)C34CC(NC(=O)[C@@H]5[C@H]6CCCC[C@H]65)(C3)C4)C[C@H]12,,,O=C1OCC[C@@H]2CN(C(=O)C34CC(NC(=O)C5[C@H]6CCCC[C@@H]56)(C3)C4)CC12,
25391,C[C@H]1CCC[C@@H](C)[C@@H]1N(C)C(=O)C(C)(C)Oc1cccc(Br)c1,,,C[C@@H]1CCC[C@H](C)[C@H]1N(C)C(=O)C(C)(C)Oc1cccc(Br)c1,
25534,CCc1ccc(C(=O)N2CCCC[C@@H]2CCNC(=O)[C@@H]2[C@H]3CCC[C@H]32)nc1,,,CCc1ccc(C(=O)N2CCCC[C@@H]2CCNC(=O)C2[C@H]3CCC[C@@H]23)nc1,
25567,Cc1ccc(C(N)=O)cc1C(=O)N1CC[C@H]2C[C@H]1CN2C(=O)[C@@H]1[C@H]2CCCC[C@H]21,,,Cc1ccc(C(N)=O)cc1C(=O)N1CC[C@H]2C[C@H]1CN2C(=O)C1[C@H]2CCCC[C@@H]12,
25570,C[C@]1(NC(=O)[C@H]2C[C@@H](O)C2)C[C@@H](C(=O)NCC2CC3(CCCO3)C2)C1,"(1s,3s)-3-(cis-3-hydroxycyclobutanecarboxamido)-3-methyl-N-((5-oxaspiro[3.4]octan-2-yl)methyl)cyclobutanecarboxamide",,CC1(NC(=O)C2CC(O)C2)CC(C(=O)NCC2CC3(CCCO3)C2)C1,
25586,CC1(C(=O)NCc2ccc(C(=O)NC[C@H]3[C@@H]4COC[C@H]34)o2)CCC(O)CC1,,,CC1(C(=O)NCc2ccc(C(=O)NC[C@@H]3[C@H]4COC[C@@H]34)o2)CCC(O)CC1,
25606,COCC(C)(C)C(=O)N1CC[C@@H]2CN(C(=O)[C@@H]3C[C@H](OC)[C@H](OC)C3)C[C@@H]2CC1,,,COCC(C)(C)C(=O)N1CC[C@@H]2CN(C(=O)C3C[C@H](OC)[C@H](OC)C3)C[C@@H]2CC1,
25607,Cc1ccc(OCCC(=O)N2C[C@H]3CC[C@@H](C2)[C@@H]3C(=O)Nc2cncnc2)cc1,,,Cc1ccc(OCCC(=O)N2C[C@H]3CC[C@@H](C2)C3C(=O)Nc2cncnc2)cc1,
25625,Cc1c(C(=O)N[C@]2(C(=O)O)[C@H]3CCC[C@H]32)noc1-c1ccccc1,,,Cc1c(C(=O)N[C@@]2(C(=O)O)[C@@H]3CCC[C@@H]32)noc1-c1ccccc1,
25697,COc1ncc(Cl)cc1C(=O)N1C[C@@]2(NC(=O)[C@@H]3C[C@@H]4CC[C@@H]4C3)CC[C@H]1C2,,,COc1ncc(Cl)cc1C(=O)N1C[C@@]2(NC(=O)C3C[C@H]4CC[C@H]4C3)CC[C@H]1C2,
25714,CCC[C@H](F)C(=O)N[C@H]1C[C@@](C)(NC(=O)Cn2cc(CO)nn2)C1,"(2S)-2-fluoro-N-((1s,3R)-3-(2-(4-(hydroxymethyl)-1H-1,2,3-triazol-1-yl)acetamido)-3-methylcyclobutyl)pentanamide",,CCCC(F)C(=O)N[C@H]1C[C@@](C)(NC(=O)Cn2cc(CO)nn2)C1,
25715,C=CC[C@H](CNC(=O)Cc1conc1C)NC(=O)[C@@]1(C)C[C@@H]2C[C@@H]2C1,,,C=CC[C@H](CNC(=O)Cc1conc1C)NC(=O)[C@]1(C)C[C@H]2C[C@H]2C1,
25825,C[C@@H](CC(=O)N[C@H]1C[C@H](CCNC(=O)C[C@@H]2C[C@H]3C[C@H]3C2)C1)c1ccccc1,,,C[C@@H](CC(=O)N[C@H]1C[C@H](CCNC(=O)C[C@H]2C[C@@H]3C[C@@H]3C2)C1)c1ccccc1,
25830,O=C(Cc1c[nH]c2cnc(Cl)cc12)N[C@H]1C[C@](F)(CNC(=O)c2ccsn2)C1,"2-(4-chloro-3,9-diazabicyclo[4.3.0]nona-1,3,5,7-tetraen-7-yl)-N-((1s,3s)-3-fluoro-3-((1,2-thiazole-3-carboxamido)methyl)cyclobutyl)acetamide",,O=C(Cc1c[nH]c2cnc(Cl)cc12)N[C@H]1C[C@](F)(CNC(=O)c2ccsn2)C1,
25860,CC[C@@]1(C(=O)N[C@H]2[C@@H]3CN(C(=O)c4c(Cl)ccc5c[nH]nc45)C[C@@H]32)CC1(F)F,,,CC[C@@]1(C(=O)N[C@H]2[C@@H]3CN(C(=O)c4c(Cl)ccc5c[nH]nc45)C[C@@H]32)CC1(F)F,
25879,C#Cc1ccnc(C(=O)N2CC[C@@H]3CN(C(=O)[C@@H]4C[C@H](OC)[C@H](OC)C4)C[C@@H]32)c1,,,C#Cc1ccnc(C(=O)N2CC[C@@H]3CN(C(=O)C4C[C@H](OC)[C@H](OC)C4)C[C@@H]32)c1,
25914,C=C(C)CC(=O)N[C@H]1[C@@H]2CN(C(=O)Cc3cc(F)cc(C(F)(F)F)c3)C[C@@H]21,,,C=C(C)CC(=O)N[C@H]1[C@@H]2CN(C(=O)Cc3cc(F)cc(C(F)(F)F)c3)C[C@@H]21,
25932,CC(=O)N[C@](C)(C(=O)N[C@H]1C[C@](C)(NC(=O)C[C@@H](O)C2CCCC2)C1)C(C)C,"(2S)-2-acetamido-N-((1R,3S)-3-((3R)-3-cyclopentyl-3-hydroxypropanamido)-3-methylcyclobutyl)-2,3-dimethylbutanamide",,CC(=O)N[C@](C)(C(=O)N[C@H]1C[C@](C)(NC(=O)C[C@@H](O)C2CCCC2)C1)C(C)C,
26038,O=C(N[C@@H]1[C@H]2CC[C@@H]1CN(c1ncnc3c(Br)csc13)C2)c1cccc(Cl)c1Br,,,O=C(N[C@H]1[C@@H]2CC[C@H]1CN(c1ncnc3c(Br)csc13)C2)c1cccc(Cl)c1Br,
26105,CO[C@@](C)(CO)C(=O)NC[C@H]1C[C@@H]2CC[C@H](C1)N2C(=O)c1ccsc1C(F)(F)F,,,CO[C@@](C)(CO)C(=O)NC[C@@H]1C[C@H]2CC[C@@H](C1)N2C(=O)c1ccsc1C(F)(F)F,
26137,COC[C@@H](CC(C)C)C(=O)N[C@H]1C[C@](F)(CNC(=O)[C@@H]2CCc3cnnn3C2)C1,"(2R)-N-((1S,3S)-3-fluoro-3-(((3R)-1,8,9-triazabicyclo[4.3.0]nona-6,8-diene-3-carboxamido)methyl)cyclobutyl)-2-(methoxymethyl)-4-methylpentanamide",,COCC(CC(C)C)C(=O)N[C@H]1C[C@](F)(CNC(=O)C2CCc3cnnn3C2)C1,
26194,Cc1[nH]nc2c(C(=O)N3CCN(C(=O)[C@@H]4[C@@H](C)[C@H]4C)C[C@@H](O)C3)cccc12,,,Cc1[nH]nc2c(C(=O)N3CCN(C(=O)C4[C@@H](C)[C@H]4C)C[C@@H](O)C3)cccc12,
26205,C[C@]1(NC(=O)c2cccc3[nH]ccc23)C[C@@H](C(=O)N2CC[C@@](F)(C#N)C2)C1,"N-((1R,3s)-3-(((3S)-3-cyano-3-fluoropyrrolidin-1-yl)carbonyl)-1-methylcyclobutyl)-1H-indole-4-carboxamide",,CC1(NC(=O)c2cccc3[nH]ccc23)CC(C(=O)N2CC[C@@](F)(C#N)C2)C1,
26262,CC(C)n1ncc(Br)c1C(=O)N1C[C@H]2[C@H](NC(=O)[C@H](C)C3=CCCC3)[C@H]2C1,,,CC(C(=O)N[C@H]1[C@@H]2CN(C(=O)c3c(Br)cnn3C(C)C)C[C@@H]21)C1=CCCC1,
26294,CCC(CC)CCC(=O)NC[C@@H]1C[C@@H]2CC[C@H](C1)N2C(=O)C=C(C)c1cccs1,,,CCC(CC)CCC(=O)NC[C@H]1C[C@H]2CC[C@@H](C1)N2C(=O)C=C(C)c1cccs1,
26350,C[C@H]1[C@H](NC(=O)C2(C)CCCCC2)CCCN1C(=O)[C@H]1C[C@@H]2CC[C@H](C1)S2(=O)=O,,,C[C@H]1[C@H](NC(=O)C2(C)CCCCC2)CCCN1C(=O)C1C[C@H]2CC[C@@H](C1)S2(=O)=O,
26358,COC(=O)[C@]1(C(=O)N2CC[C@@H](CNC(=O)Cc3ccc(F)cc3C)C2)[C@H]2CC[C@H]21,,,COC(=O)[C@@]1(C(=O)N2CC[C@@H](CNC(=O)Cc3ccc(F)cc3C)C2)[C@@H]2CC[C@@H]21,
26361,C[C@@H]1C[C@]2(C(=O)N3C[C@H]4[C@H](NC(=O)C[C@H]5CC6CCC5CC6)[C@H]4C3)C[C@H]12,"2-((2R)-bicyclo[2.2.2]octan-2-yl)-N-((1R,5S,6S)-3-(((1R,3R,4R)-3-methylbicyclo[2.1.0]pentan-1-yl)carbonyl)-3-azabicyclo[3.1.0]hexan-6-yl)acetamide",,C[C@@H]1C[C@]2(C(=O)N3C[C@@H]4[C@H](C3)[C@H]4NC(=O)C[C@H]3CC4CCC3CC4)C[C@H]12,
26441,CCc1ccc(CC(=O)N[C@H]2C[C@@H]3CC[C@H](C2)N3C(=O)Cn2nnc(=O)[nH]2)cc1,,,CCc1ccc(CC(=O)N[C@@H]2C[C@H]3CC[C@@H](C2)N3C(=O)Cn2nnc(=O)[nH]2)cc1,
26473,CCCOCCC(=O)N1[C@H]2CC[C@@H]1C[C@@H](CNC(=O)C13CC(C(C)(C)C)(C1)C3)C2,,,CCCOCCC(=O)N1[C@@H]2CC[C@H]1C[C@H](CNC(=O)C13CC(C(C)(C)C)(C1)C3)C2,
26536,Cc1cc(C(=O)N(C)[C@H](C)CCNC(=O)[C@@H]2[C@H]3CC(=O)C[C@H]32)ns1,,,Cc1cc(C(=O)N(C)[C@H](C)CCNC(=O)C2[C@H]3CC(=O)C[C@@H]23)ns1,
26603,C=C1CC2(C1)CN(C(=O)[C@]1(NC(=O)CCCC#CC)C[C@@H](O)C1)C2,"N-((1s,3s)-3-hydroxy-1-((6-methylidene-2-azaspiro[3.3]heptan-2-yl)carbonyl)cyclobutyl)hept-5-ynamide",,C=C1CC2(C1)CN(C(=O)[C@]1(NC(=O)CCCC#CC)C[C@@H](O)C1)C2,
26708,COC[C@@H](C)C(=O)N1CCCC2(C1)CN(C(=O)[C@@H]1C[C@@H]3OC(=O)O[C@@H]3C1)C2,,,COCC(C)C(=O)N1CCCC2(C1)CN(C(=O)C1C[C@@H]3OC(=O)O[C@@H]3C1)C2,
26720,C=CCNC(=O)[C@@H](c1occc1CC)N1C[C@@]2(C)C[S@](=N)(=O)C[C@@]2(C)C1,"(2R)-2-(3-ethylfuran-2-yl)-2-((1R,3S,5S)-3-imino-1,5-dimethyl-3-oxo-3lambda^6-thia-7-azabicyclo[3.3.0]octan-7-yl)-N-(prop-2-en-1-yl)acetamide",,C=CCNC(=O)C(c1occc1CC)N1C[C@@]2(C)C[S@](=N)(=O)C[C@@]2(C)C1,
26731,CN(C(=O)[C@@H]1CCCC(C)(C)O1)[C@H]1[C@@H]2CN(C(=O)c3ccc(Cl)c(N)c3Cl)C[C@@H]21,,,CN(C(=O)C1CCCC(C)(C)O1)[C@H]1[C@@H]2CN(C(=O)c3ccc(Cl)c(N)c3Cl)C[C@@H]21,
26838,CC(C)(C)C[C@H](NC(=O)[C@@H]1[C@H]2COC[C@H]21)C(=O)NC[C@@H]1CC12CC2,,,CC(C)(C)CC(NC(=O)C1[C@H]2COC[C@@H]12)C(=O)NC[C@@H]1CC12CC2,
26868,C[C@H]1CCn2ncc(C(=O)N[C@]3(C)C[C@H](NC(=O)C4=CCCCC4)C3)c2C1,"(5S)-N-((1s,3R)-3-(cyclohex-1-ene-1-carboxamido)-1-methylcyclobutyl)-5-methyl-4,5,6,7-tetrahydropyrazolo[1,5-a]pyridine-3-carboxamide",,C[C@H]1CCn2ncc(C(=O)N[C@]3(C)C[C@H](NC(=O)C4=CCCCC4)C3)c2C1,
26881,C=CCC1(C(=O)N[C@@H]2C[C@@H]3CC[C@H](C2)N3C(=O)[C@H]2C3CCN2CC3)CC1,"N-((1R,3R,5S)-8-(((7R)-1-azabicyclo[2.2.1]heptan-7-yl)carbonyl)-8-azabicyclo[3.2.1]octan-3-yl)-1-(prop-2-en-1-yl)cyclopropanecarboxamide",,C=CCC1(C(=O)N[C@H]2C[C@H]3CC[C@@H](C2)N3C(=O)C2C3CCN2CC3)CC1,
26895,CO[C@@H](CNC(=O)[C@H]1C[C@@H]2CCC[C@@H]2C1)Cn1cc(CCSC)nn1,,,CO[C@@H](CNC(=O)C1C[C@H]2CCC[C@H]2C1)Cn1cc(CCSC)nn1,
26956,CCc1cscc1C(=O)N[C@]1(C)C[C@H](NC(=O)C2(C(F)(F)F)CC2)C1,"4-ethyl-N-((1s,3s)-1-methyl-3-(1-(trifluoromethyl)cyclopropanecarboxamido)cyclobutyl)thiophene-3-carboxamide",,CCc1cscc1C(=O)N[C@]1(C)C[C@H](NC(=O)C2(C(F)(F)F)CC2)C1,
26961,C[C@@]1(C(=O)N[C@H]2C[C@@](F)(CNC(=O)c3cc(Br)ccn3)C2)C=CCCC1,"4-bromo-N-(((1S,3r)-1-fluoro-3-((1S)-1-methylcyclohex-2-ene-1-carboxamido)cyclobutyl)methyl)pyridine-2-carboxamide",,C[C@@]1(C(=O)N[C@H]2C[C@@](F)(CNC(=O)c3cc(Br)ccn3)C2)C=CCCC1,
27004,CO[C@@H]1CCC[C@@H](C(=O)NC[C@]2(F)C[C@H](NC(=O)c3c(C)cccc3O)C2)C1,"N-((1R,3r)-3-fluoro-3-(((1R,3R)-3-methoxycyclohexanecarboxamido)methyl)cyclobutyl)-2-hydroxy-6-methylbenzamide",,CO[C@@H]1CCCC(C(=O)NC[C@]2(F)C[C@H](NC(=O)c3c(C)cccc3O)C2)C1,
27086,C[C@]1(CNC(=O)[C@H]2C[C@H]3[C@@H](C2)C3(F)F)CN(C(=O)[C@H](O)CC2CCCC2)CCO1,,,C[C@]1(CNC(=O)C2C[C@@H]3[C@H](C2)C3(F)F)CN(C(=O)C(O)CC2CCCC2)CCO1,
27088,Cc1scc(C(=O)NC/C=C/CNC(=O)[C@H]2CC[C@@](C)(O)CC2)c1C,"N-((2E)-4-((1s,4s)-4-hydroxy-4-methylcyclohexanecarboxamido)but-2-en-1-yl)-4,5-dimethylthiophene-3-carboxamide",,Cc1scc(C(=O)NC/C=C/CNC(=O)C2CCC(C)(O)CC2)c1C,
27186,Cn1nncc1C(=O)NC[C@]1(F)C[C@@H](NC(=O)c2ccc3c(c2)C(=O)OC3)C1,"N-(((1s,3s)-1-fluoro-3-(3-oxo-1,3-dihydro-2-benzofuran-5-carboxamido)cyclobutyl)methyl)-1-methyl-1H-1,2,3-triazole-5-carboxamide",,Cn1nncc1C(=O)NC[C@]1(F)C[C@@H](NC(=O)c2ccc3c(c2)C(=O)OC3)C1,
27187,O=C(Nc1ncc(Cl)cc1Br)[C@@H]1[C@H]2CN(C(=O)[C@H]3C[C@@H]3c3ccccc3)C[C@H]21,"(1R,5S,6S)-N-(3-bromo-5-chloropyridin-2-yl)-3-(((1S,2S)-2-phenylcyclopropyl)carbonyl)-3-azabicyclo[3.1.0]hexane-6-carboxamide",,O=C(Nc1ncc(Cl)cc1Br)C1[C@H]2CN(C(=O)C3C[C@@H]3c3ccccc3)C[C@@H]12,
27202,CC[C@H](NC(=O)[C@@H]1[C@H]2CN(C(=O)c3cc(C#N)ccc3Cl)C[C@H]21)C(=O)OC,,,CCC(NC(=O)C1[C@H]2CN(C(=O)c3cc(C#N)ccc3Cl)C[C@@H]12)C(=O)OC,
27240,CNC(=O)C1(C(=O)N[C@H]2[C@@H]3CN(C(=O)c4cnc5[nH]c(=N)sc5c4)C[C@@H]32)CCC1,,,CNC(=O)C1(C(=O)N[C@H]2[C@@H]3CN(C(=O)c4cnc5nc(N)sc5c4)C[C@@H]32)CCC1,
27250,CCCC1(C(=O)NC[C@H]2[C@@H]3CN(C(=O)[C@H]4CCCC45CCOCC5)C[C@H]23)CCC1,"N-(((1R,5S,6S)-3-((1S)-8-oxaspiro[4.5]decan-1-ylcarbonyl)-3-azabicyclo[3.1.0]hexan-6-yl)methyl)-1-propylcyclobutanecarboxamide",,CCCC1(C(=O)NC[C@@H]2[C@H]3CN(C(=O)C4CCCC45CCOCC5)C[C@@H]23)CCC1,
27281,C[C@H]1CN2CCN1[C@H](C(=O)N1C[C@H]3[C@H](NC(=O)COC4CC(F)(F)C4)[C@H]3C1)C2,"2-((3,3-difluorocyclobutyl)oxy)-N-((1R,5S,6R)-3-(((2S,6S)-6-methyl-1,4-diazabicyclo[2.2.2]octan-2-yl)carbonyl)-3-azabicyclo[3.1.0]hexan-6-yl)acetamide",,C[C@H]1CN2CCN1C(C(=O)N1C[C@@H]3[C@H](C1)[C@H]3NC(=O)COC1CC(F)(F)C1)C2,
27327,COc1ncc(C=CC(=O)N[C@H]2C[C@@H]3CC[C@H](C2)N3C(=O)CCOC2CC2)cn1,,,COc1ncc(C=CC(=O)N[C@@H]2C[C@H]3CC[C@@H](C2)N3C(=O)CCOC2CC2)cn1,
27364,COc1ccc(SCCCC(=O)N(C)C[C@H]2[C@@H]3CN(C(=O)[C@@H]4C[C@H]4F)C[C@H]23)cc1,"N-(((1R,5S,6S)-3-(((1S,2R)-2-fluorocyclopropyl)carbonyl)-3-azabicyclo[3.1.0]hexan-6-yl)methyl)-4-((4-methoxyphenyl)sulfanyl)-N-methylbutanamide",,COc1ccc(SCCCC(=O)N(C)C[C@@H]2[C@H]3CN(C(=O)C4C[C@H]4F)C[C@@H]23)cc1,
27452,CC[C@H]1COC[C@H]1NC(=O)[C@H]1C[C@@](C)(NC(=O)Cc2ccccc2O)C1,"(1s,3R)-N-((3S,4R)-4-ethyloxolan-3-yl)-3-(2-(2-hydroxyphenyl)acetamido)-3-methylcyclobutanecarboxamide",,CC[C@H]1COC[C@H]1NC(=O)C1CC(C)(NC(=O)Cc2ccccc2O)C1,
27535,CC(C)(C(=O)N1[C@H]2CC[C@@H]1C[C@@H](NC(=O)[C@@H]1CCc3c[nH]nc31)C2)c1cscn1,,,CC(C)(C(=O)N1[C@@H]2CC[C@H]1C[C@H](NC(=O)C1CCc3c[nH]nc31)C2)c1cscn1,
27643,CNS(=O)(=O)CC(=O)N[C@H]1C[C@](C)(NC(=O)[C@]23C[C@@H]4C[C@@H]2[C@H]3[C@H]4O)C1,"N-((1R,3r)-3-((1R,2R,3S,4S,6R)-3-hydroxytricyclo[2.2.1.0^{2,6}]heptane-1-carboxamido)-3-methylcyclobutyl)-2-(methylsulfamoyl)acetamide",,CNS(=O)(=O)CC(=O)N[C@H]1C[C@](C)(NC(=O)[C@]23C[C@@H]4C[C@@H]2[C@H]3[C@H]4O)C1,
27665,CCCC[C@@H](C(=O)N[C@H]1[C@@H]2CN(C(=O)c3ccc(C4CC4)nc3C)C[C@@H]21)N(C)C,,,CCCCC(C(=O)N[C@H]1[C@@H]2CN(C(=O)c3ccc(C4CC4)nc3C)C[C@@H]21)N(C)C,
27694,CCn1cc(C(=O)N2C[C@H]3[C@H](CN(C)C(=O)[C@H]4CCc5c[nH]nc5C4)[C@H]3C2)nn1,,,CCn1cc(C(=O)N2C[C@@H]3[C@@H](CN(C)C(=O)C4CCc5c[nH]nc5C4)[C@@H]3C2)nn1,
27712,C[C@H](CC(F)(F)F)C(=O)NC[C@H]1C[C@@H]2CC[C@H](C1)N2C(=O)COc1cccnc1,,,CC(CC(F)(F)F)C(=O)NC[C@@H]1C[C@H]2CC[C@@H](C1)N2C(=O)COc1cccnc1,
27782,CO[C@H](CSC)C(=O)N1C[C@H]2[C@@H](C1)[C@@H]2C(=O)NCCc1ccccc1,"(1R,5S,6S)-3-((2S)-2-methoxy-3-(methylsulfanyl)propanoyl)-N-(2-phenylethyl)-3-azabicyclo[3.1.0]hexane-6-carboxamide",,COC(CSC)C(=O)N1C[C@@H]2C(C(=O)NCCc3ccccc3)[C@@H]2C1,
27823,CCS(=O)(=O)CC(=O)N1[C@H]2CC[C@@H]1C[C@H](NC(=O)c1cc(C)c(CO)cn1)C2,,,CCS(=O)(=O)CC(=O)N1[C@@H]2CC[C@H]1C[C@@H](NC(=O)c1cc(C)c(CO)cn1)C2,
27877,CC[C@@H]1CN(C(=O)[C@@H]2C[C@H](OC)[C@H](OC)C2)CCN1C(=O)CNS(=O)(=O)CC,,,CC[C@@H]1CN(C(=O)C2C[C@H](OC)[C@H](OC)C2)CCN1C(=O)CNS(=O)(=O)CC,
27933,CC(C)N(C)CCCC(=O)NC[C@@H]1[C@@H](C)CCN1C(=O)[C@H]1CC[C@@](C)(F)CC1,"N-(((2S,3S)-1-(((1s,4R)-4-fluoro-4-methylcyclohexyl)carbonyl)-3-methylpyrrolidin-2-yl)methyl)-4-(methyl(propan-2-yl)amino)butanamide",,CC(C)N(C)CCCC(=O)NC[C@@H]1[C@@H](C)CCN1C(=O)C1CCC(C)(F)CC1,
27946,CCS[C@H](C(=O)N1C[C@H]2[C@H](NC(=O)C34C5C6C3C3C4C5C63C#N)[C@H]2C1)C(C)C,"4-cyano-N-((1R,5S,6R)-3-((2S)-2-(ethylsulfanyl)-3-methylbutanoyl)-3-azabicyclo[3.1.0]hexan-6-yl)cubane-1-carboxamide",,CCSC(C(=O)N1C[C@@H]2[C@H](C1)[C@H]2NC(=O)C12C3C4C1C1C2C3C41C#N)C(C)C,
27963,COc1ccc(CN[C@@H]2C[C@H](O)[C@H](O)C2)cc1OCCN1CCOCC1,,,COc1ccc(CN[C@H]2C[C@@H](O)[C@@H](O)C2)cc1OCCN1CCOCC1,
28000,CN(CCC(C)(C)NC(=O)CCc1ccccn1)C(=O)[C@H]1C[C@@H]2CC[C@@H]2C1,,,CN(CCC(C)(C)NC(=O)CCc1ccccn1)C(=O)C1C[C@H]2CC[C@H]2C1,
28066,CC(C)(C)OC(=O)N1CCC[C@H]1c1nn[nH]c1C(=O)N[C@H]1C[C@](O)(C(F)(F)F)C1,"tert-butyl (2S)-2-(5-(((1s,3R)-3-hydroxy-3-(trifluoromethyl)cyclobutyl)carbamoyl)-1H-1,2,3-triazol-4-yl)pyrrolidine-1-carboxylate",,CC(C)(C)OC(=O)N1CCC[C@H]1c1[nH]nnc1C(=O)N[C@H]1C[C@](O)(C(F)(F)F)C1,
28137,N=C1NC(=O)[C@H](CC(=O)N[C@H]2[C@@H]3CN(C(=O)Cc4cncnc4O)C[C@@H]32)S1,,,N=c1[nH]c(O)c(CC(=O)N[C@H]2[C@@H]3CN(C(=O)Cc4c[nH]cnc4=O)C[C@@H]32)s1,
28189,CNC(=O)CCCC(=O)N1C[C@H]2C[C@H](NC(=O)c3cccc(F)c3C)C[C@H]2C1,,,CNC(=O)CCCC(=O)N1C[C@H]2C[C@H](NC(=O)c3cccc(F)c3C)C[C@H]2C1,
28235,CS[C@H](C)[C@@H](C)N(C)C(=O)C[C@H]1[C@@H]2CN(C(=O)c3c[nH]ccc3=O)C[C@H]12,,,CS[C@H](C)[C@@H](C)N(C)C(=O)C[C@@H]1[C@H]2CN(C(=O)c3c[nH]ccc3=O)C[C@@H]12,
28364,C[C@H]1C[C@@H](NCCc2ccc(Cl)cc2)C[C@@H](C)O1,,,C[C@@H]1C[C@H](NCCc2ccc(Cl)cc2)C[C@H](C)O1,
28412,COC(=O)c1ncc(F)cc1NC(=O)[C@@H]1CN(C(=O)[C@@H]2[C@H]3COC[C@H]32)CCO1,,,COC(=O)c1ncc(F)cc1NC(=O)C1CN(C(=O)C2[C@H]3COC[C@@H]23)CCO1,
28450,CO[C@@H]1CC[C@]2(C(=O)N[C@@H]3C[C@H]4[C@@H](C3)[C@@H]4NC(=O)c3nonc3N)C[C@@H]12,,,CO[C@@H]1CC[C@]2(C(=O)N[C@H]3C[C@@H]4[C@H](C3)[C@H]4NC(=O)c3nonc3N)C[C@@H]12,
28459,CO[C@H]1C[C@H](C(=O)NC[C@H]2C[C@@H](NC(=O)[C@@H](C)OCC(F)(F)F)C2)C[C@H]1OC,,,CO[C@H]1CC(C(=O)NC[C@H]2C[C@@H](NC(=O)C(C)OCC(F)(F)F)C2)C[C@H]1OC,
28490,COc1cc(C(=O)N2CC3=C(C2)CN(C(=O)[C@H]2C[C@](O)(C(F)F)C2)C3)[nH]n1,"(7-(((1s,3s)-3-(difluoromethyl)-3-hydroxycyclobutyl)carbonyl)-3,7-diazabicyclo[3.3.0]oct-1(5)-en-3-yl)(3-methoxy-1H-pyrazol-5-yl)methanone",,COc1cc(C(=O)N2CC3=C(C2)CN(C(=O)C2CC(O)(C(F)F)C2)C3)[nH]n1,
28492,C[C@H](C(=O)N1C[C@H]2[C@H](CN(C)C(=O)[C@H]3CCN(C)C3)[C@H]2C1)N1C(=O)CCC1=O,"(3S)-N-(((1R,5S,6R)-3-((2R)-2-(2,5-dioxopyrrolidin-1-yl)propanoyl)-3-azabicyclo[3.1.0]hexan-6-yl)methyl)-N,1-dimethylpyrrolidine-3-carboxamide",,CC(C(=O)N1C[C@@H]2[C@@H](CN(C)C(=O)C3CCN(C)C3)[C@@H]2C1)n1c(O)ccc1O,
28500,CCc1ccnc(C(=O)N[C@H]2C[C@@](C)(NC(=O)C3CN(C4CCC4)C3)C2)c1,"N-((1s,3s)-3-(1-cyclobutylazetidine-3-carboxamido)-3-methylcyclobutyl)-4-ethylpyridine-2-carboxamide",,CCc1ccnc(C(=O)N[C@H]2C[C@@](C)(NC(=O)C3CN(C4CCC4)C3)C2)c1,
28510,C#CC[C@]1(O)C[C@@H](C(=O)N[C@H](CC)CCCC(=O)N2C[C@@H](C)CC[C@@H]2CC)C1,"(1s,3S)-N-((3R)-7-((2S,5S)-2-ethyl-5-methylpiperidin-1-yl)-7-oxoheptan-3-yl)-3-hydroxy-3-(prop-2-yn-1-yl)cyclobutanecarboxamide",,C#CCC1(O)CC(C(=O)N[C@H](CC)CCCC(=O)N2C[C@@H](C)CC[C@@H]2CC)C1,
28546,C[C@@H](CC1CC1)C(=O)N1C[C@H]2[C@H](CN(C)C(=O)c3ccc4cnoc4c3)[C@H]2C1,"N-(((1R,5S,6S)-3-((2S)-3-cyclopropyl-2-methylpropanoyl)-3-azabicyclo[3.1.0]hexan-6-yl)methyl)-N-methyl-1,2-benzoxazole-6-carboxamide",,CC(CC1CC1)C(=O)N1C[C@@H]2[C@@H](CN(C)C(=O)c3ccc4cnoc4c3)[C@@H]2C1,
28581,C[C@@]1(C(=O)N[C@H]2C[C@](C)(NC(=O)CS(=O)(=O)c3ccccc3F)C2)COC(=O)C1,"(3S)-N-((1r,3S)-3-(2-((2-fluorophenyl)sulfonyl)acetamido)-3-methylcyclobutyl)-3-methyl-5-oxooxolane-3-carboxamide",,C[C@@]1(C(=O)N[C@H]2C[C@](C)(NC(=O)CS(=O)(=O)c3ccccc3F)C2)COC(=O)C1,
28648,COc1cc(Br)cc(CC(=O)N2C[C@H]3[C@H](N(C)C(=O)c4coc(C)c4)[C@H]3C2)c1,,,COc1cc(Br)cc(CC(=O)N2C[C@@H]3[C@H](C2)[C@H]3N(C)C(=O)c2coc(C)c2)c1,
28709,Cc1cc(O)ncc1C(=O)N1CC(NC(=O)[C@H]2C[C@](O)(C(F)(F)F)C2)C1,"(1s,3s)-3-hydroxy-N-(1-((6-hydroxy-4-methylpyridin-3-yl)carbonyl)azetidin-3-yl)-3-(trifluoromethyl)cyclobutanecarboxamide",,Cc1cc(=O)[nH]cc1C(=O)N1CC(NC(=O)C2CC(O)(C(F)(F)F)C2)C1,
28751,CCc1[nH]nc(C(=O)N2C[C@@H]3COC[C@H](C2)[C@@H]3NC(=O)c2sc(=N)[nH]c2C)c1F,,,CCc1[nH]nc(C(=O)N2C[C@H]3COC[C@@H](C2)[C@H]3NC(=O)c2sc(N)nc2C)c1F,
28771,NC(=O)NCC(=O)N1C[C@H]2[C@@H](C1)[C@@H]2C(=O)N1CCC[C@@H](C(=O)c2ccccc2)C1,,,NC(=O)NCC(=O)N1C[C@@H]2C(C(=O)N3CCCC(C(=O)c4ccccc4)C3)[C@@H]2C1,
28781,O=C(N[C@@H]1CCOC[C@H]1O)c1coc(CNC(=O)[C@@H]2[C@H]3[C@@H]4CC[C@@H](C4)[C@H]32)c1,,,O=C(N[C@@H]1CCOC[C@H]1O)c1coc(CNC(=O)C2[C@@H]3[C@H]4CC[C@H](C4)[C@H]23)c1,
28786,COCC(=O)NC[C@]12CCCC[C@@H]1N(C(=O)[C@H]1C[C@](O)(C(F)F)C1)CCC2,"N-(((4aR,8aS)-1-(((1s,3R)-3-(difluoromethyl)-3-hydroxycyclobutyl)carbonyl)decahydroquinolin-4a-yl)methyl)-2-methoxyacetamide",,COCC(=O)NC[C@]12CCCC[C@@H]1N(C(=O)C1CC(O)(C(F)F)C1)CCC2,
28863,C[C@]1(CC(=O)N2C[C@H]3[C@H](CNC(=O)c4c(F)cc(F)c(F)c4F)[C@H]3C2)CCCO1,"2,3,4,6-tetrafluoro-N-(((1R,5S,6R)-3-(2-((2R)-2-methyloxolan-2-yl)acetyl)-3-azabicyclo[3.1.0]hexan-6-yl)methyl)benzamide",,C[C@]1(CC(=O)N2C[C@@H]3[C@@H](CNC(=O)c4c(F)cc(F)c(F)c4F)[C@@H]3C2)CCCO1,
28889,COC(=O)[C@H]1[C@H](C(=O)NC(C)(C)CNC(=O)c2ccc(OC)nc2)[C@H]1C(=O)OC,,,COC(=O)C1C(C(=O)NC(C)(C)CNC(=O)c2ccc(OC)nc2)C1C(=O)OC,
28998,CC1(C)CN(C(=O)N[C@H]2[C@H]3CC[C@@H]2C[C@H](CO)C3)CC[C@@H]1CO,,,CC1(C)CN(C(=O)N[C@@H]2[C@@H]3CC[C@H]2C[C@@H](CO)C3)CC[C@@H]1CO,
29051,CCC[C@H](C)C(=O)N(C)CCOCCCNC(=O)[C@H]1C[C@@H]2CC[C@H](C1)[C@@H]2O,,,CCCC(C)C(=O)N(C)CCOCCCNC(=O)C1C[C@H]2CC[C@@H](C1)[C@H]2O,
29074,CCc1ccsc1C(=O)N[C@H]1C[C@H]2COC[C@@H](C1)N2C(=O)[C@@H](CC)N(CC)CC,"N-((1R,5S,7S)-9-((2R)-2-(diethylamino)butanoyl)-3-oxa-9-azabicyclo[3.3.1]nonan-7-yl)-3-ethylthiophene-2-carboxamide",,CCc1ccsc1C(=O)N[C@H]1C[C@H]2COC[C@@H](C1)N2C(=O)C(CC)N(CC)CC,
29160,Cc1ccc(C)c(C(=O)N2CCC[C@H](NC(=O)[C@@H]3C[C@@H](C)C[C@@H](C)C3)CC2)n1,,,Cc1ccc(C)c(C(=O)N2CCC[C@H](NC(=O)C3C[C@@H](C)C[C@@H](C)C3)CC2)n1,
29260,O=C(NCCO[C@H]1CCN(C(=O)c2cscc2C(F)F)C1)[C@H]1C[C@@H]2C[C@@H]2C1,,,O=C(NCCO[C@H]1CCN(C(=O)c2cscc2C(F)F)C1)C1C[C@@H]2C[C@@H]2C1,
29321,CCC(=O)CCC(=O)N[C@]1(C)C[C@H](C(=O)N2CCCOC(C)(C)C2)C1,"N-((1s,3s)-3-((2,2-dimethyl-1,4-oxazepan-4-yl)carbonyl)-1-methylcyclobutyl)-4-oxohexanamide",,CCC(=O)CCC(=O)NC1(C)CC(C(=O)N2CCCOC(C)(C)C2)C1,
29424,O=C(N[C@@H]1[C@H]2C[C@H](NC(=O)c3cccn4cnnc34)C[C@H]21)c1cnc(S)[nH]1,,,O=C(N[C@H]1[C@@H]2C[C@@H](NC(=O)c3cccn4cnnc34)C[C@@H]21)c1c[nH]c(=S)[nH]1,
29435,C[C@H](c1ccon1)N(C)C(=O)[C@@H]1[C@H]2CN(C(=O)c3c(F)cccc3Cl)C[C@H]21,,,C[C@H](c1ccon1)N(C)C(=O)C1[C@H]2CN(C(=O)c3c(F)cccc3Cl)C[C@@H]12,
29462,CC(=O)NCC(=O)N1C[C@H]2[C@H](NC(=O)c3cccc(-c4ccc(O)nn4)c3)[C@H]2C1,,,CC(=O)NCC(=O)N1C[C@@H]2[C@H](C1)[C@H]2NC(=O)c1cccc(-c2ccc(=O)[nH]n2)c1,
29531,CNC(=O)NCC(=O)N[C@H]1C[C@@](C)(NC(=O)[C@@H]2CC[C@@H]2C)C1,"N-methyl-N'-(2-(((1S,3s)-3-methyl-3-((1R,2S)-2-methylcyclobutanecarboxamido)cyclobutyl)amino)-2-oxoethyl)urea",,CNC(=O)NCC(=O)N[C@H]1C[C@@](C)(NC(=O)C2CC[C@@H]2C)C1,
29538,CN(CC(=O)N1C[C@H]2[C@H](NC(=O)[C@H]3CNC(=O)C3)[C@H]2C1)S(N)(=O)=O,,,CN(CC(=O)N1C[C@@H]2[C@H](C1)[C@H]2NC(=O)C1CNC(=O)C1)S(N)(=O)=O,
29616,O=C(N[C@H]1C[C@@](F)(CNC(=O)[C@@H]2C=CCC2)C1)c1cc(Br)cc([N+](=O)[O-])c1,"3-bromo-N-((1S,3r)-3-(((1S)-cyclopent-2-ene-1-carboxamido)methyl)-3-fluorocyclobutyl)-5-nitrobenzamide",,O=C(N[C@H]1C[C@@](F)(CNC(=O)C2C=CCC2)C1)c1cc(Br)cc([N+](=O)[O-])c1,
29625,Cc1c(C(=O)NC2CC(F)(CNC(=O)c3nccn3C)C2)[nH]c2c1C(=O)CCC2,"N-(3-fluoro-3-((1-methyl-1H-imidazole-2-carboxamido)methyl)cyclobutyl)-3-methyl-4-oxo-4,5,6,7-tetrahydro-1H-indole-2-carboxamide",FC1(CC(C1)NC(=O)C=1NC=2CCCC(C2C1C)=O)CNC(=O)C=1N(C=CN1)C,Cc1c(C(=O)NC2CC(F)(CNC(=O)c3nccn3C)C2)[nH]c2c1C(=O)CCC2,Cc1c(C(O)NC2CC(F)(CNC(=O)c3nccn3C)C2)[nH]c2cccc(O)c12
29632,Cc1ccn(CC(=O)N2CCC[C@@H](NC(=O)[C@@H]3[C@H]4CC[C@H]43)CC2)c(=O)c1,,,Cc1ccn(CC(=O)N2CCC[C@@H](NC(=O)C3[C@H]4CC[C@@H]34)CC2)c(=O)c1,
29715,O=C(CCc1nnc(C2CC2)o1)NCCOCCCNC(=O)[C@H]1C[C@@H]2CC[C@@H]2C1,,,O=C(CCc1nnc(C2CC2)o1)NCCOCCCNC(=O)C1C[C@H]2CC[C@H]2C1,
29746,C#CCCC(=O)N1[C@H]2CC[C@@H]1C[C@H](NC(=O)c1nc3c(Br)cccn3n1)C2,,,C#CCCC(=O)N1[C@@H]2CC[C@H]1C[C@@H](NC(=O)c1nc3c(Br)cccn3n1)C2,
29774,C#CC[C@]1(O)C[C@@H](C(=O)N(C)C[C@H](C)CNC(=O)c2cc3n(n2)CC2(CC2)C3)C1,"N-((2R)-2-methyl-3-(N-methyl(1s,3S)-3-hydroxy-3-(prop-2-yn-1-yl)cyclobutanecarboxamido)propyl)spiro[1,2-diazabicyclo[3.3.0]octa-2,4-diene-7,1'-cyclopropane]-3-carboxamide",,C#CCC1(O)CC(C(=O)N(C)C[C@H](C)CNC(=O)c2cc3n(n2)CC2(CC2)C3)C1,
29784,C#Cc1ccc(C(=O)N(C)C[C@@H]2COCCN2C(=O)[C@@H]2C[C@@H](C)C[C@@H](C)C2)cc1,,,C#Cc1ccc(C(=O)N(C)C[C@@H]2COCCN2C(=O)C2C[C@@H](C)C[C@@H](C)C2)cc1,
29797,C[C@H]1CN(C(=O)CSC(F)F)C[C@@H](C)[C@@H]1NC(=O)c1cccc2nccnc12,,,C[C@@H]1CN(C(=O)CSC(F)F)C[C@H](C)[C@H]1NC(=O)c1cccc2nccnc12,
29820,O=C(NC[C@@H](NC(=O)[C@@H]1[C@H]2CCCC[C@H]21)C1CC1)c1ccncc1-n1cccn1,,,O=C(NC[C@@H](NC(=O)C1[C@H]2CCCC[C@@H]12)C1CC1)c1ccncc1-n1cccn1,
29910,C#CC[C@]1(O)C[C@@H](C(=O)N2CC[C@]3(C[C@@H]3C(=O)Nc3cc(C)ccc3CC)C2)C1,"(1S,3S)-N-(2-ethyl-5-methylphenyl)-5-(((1s,3R)-3-hydroxy-3-(prop-2-yn-1-yl)cyclobutyl)carbonyl)-5-azaspiro[2.4]heptane-1-carboxamide",,C#CCC1(O)CC(C(=O)N2CC[C@]3(CC3C(=O)Nc3cc(C)ccc3CC)C2)C1,
29911,C#CC[C@H](O)C(=O)NC[C@H]1C[C@@H]2CC[C@H](C1)N2C(=O)c1ccc(CO)cc1,,,C#CCC(O)C(=O)NC[C@@H]1C[C@H]2CC[C@@H](C1)N2C(=O)c1ccc(CO)cc1,
30001,CC(C)C[C@@H](CNC(=O)[C@H]1[C@@H](C)[C@H]1C)NC(=O)C1(F)CCC1,,,CC(C)C[C@@H](CNC(=O)C1[C@@H](C)[C@H]1C)NC(=O)C1(F)CCC1,
30025,COc1ccc(CC(=O)N2CC[C@@H](C3(NC(=O)[C@H]4C[C@@H]5C[C@@H]5C4)CC3)C2)nc1,,,COc1ccc(CC(=O)N2CC[C@@H](C3(NC(=O)C4C[C@@H]5C[C@@H]5C4)CC3)C2)nc1,
30116,CC[C@@H]1C[C@H](NC(=O)[C@@H]2C[C@@]23CCN(C(=O)[C@H]2C[C@@H]4CCC[C@@H]4C2)C3)CCO1,,,CC[C@@H]1C[C@H](NC(=O)C2C[C@@]23CCN(C(=O)C2C[C@H]4CCC[C@H]4C2)C3)CCO1,
30121,Cc1nc(CC(=O)N[C@H]2CO[C@@]3(CCN(C(=O)[C@]4(C)C[C@@H](C#N)C4)C3)C2)n[nH]1,"N-((3R,5S)-7-(((1r,3S)-3-cyano-1-methylcyclobutyl)carbonyl)-1-oxa-7-azaspiro[4.4]nonan-3-yl)-2-(5-methyl-1H-1,2,4-triazol-3-yl)acetamide",,Cc1n[nH]c(CC(=O)N[C@H]2CO[C@@]3(CCN(C(=O)[C@]4(C)C[C@@H](C#N)C4)C3)C2)n1,
30147,C[C@H](C(=O)N1C[C@H](C(=O)NC[C@]2(F)C[C@H](CO)C2)C2(CCC2)C1)c1ccccc1,"(8R)-N-(((1r,3R)-1-fluoro-3-(hydroxymethyl)cyclobutyl)methyl)-6-((2S)-2-phenylpropanoyl)-6-azaspiro[3.4]octane-8-carboxamide",,CC(C(=O)N1CC(C(=O)NC[C@]2(F)C[C@H](CO)C2)C2(CCC2)C1)c1ccccc1,
30148,CO[C@H]1C[C@@H]2CC[C@H](C1)N2c1cc(NCc2cc(N)ccc2Cl)nc(C)n1,,,CO[C@@H]1C[C@H]2CC[C@@H](C1)N2c1cc(NCc2cc(N)ccc2Cl)nc(C)n1,
30151,Cc1nc(C(=O)OC[C@]23CC[C@](C)(CC2)OC3)nn1-c1ccccn1,"(1-methyl-2-oxabicyclo[2.2.2]octan-4-yl)methyl 5-methyl-1-(pyridin-2-yl)-1H-1,2,4-triazole-3-carboxylate",CC1=NC(=NN1C1=NC=CC=C1)C(=O)OCC12COC(CC1)(CC2)C,Cc1nc(C(=O)OC[C@]23CC[C@](C)(CC2)OC3)nn1-c1ccccn1,Cc1nc(C(=O)OCC23CCC(C)(CC2)OC3)nn1-c1ccccn1
30250,C[C@@H](O)[C@H](C(=O)NC[C@]1(F)C[C@H](NC(=O)c2cn3cc(Cl)cnc3n2)C1)N(C)C,"(2R,3R)-N-(((1r,3R)-3-(6-chloroimidazo[1,2-a]pyrimidine-2-carboxamido)-1-fluorocyclobutyl)methyl)-2-(dimethylamino)-3-hydroxybutanamide",,C[C@@H](O)C(C(=O)NC[C@]1(F)C[C@H](NC(=O)c2cn3cc(Cl)cnc3n2)C1)N(C)C,
30324,CCc1cc(Cl)ccc1C(=O)N1CCC[C@@H]1C(C)(C)CNC(=O)[C@@H]1[C@H]2COC[C@H]21,,,CCc1cc(Cl)ccc1C(=O)N1CCC[C@@H]1C(C)(C)CNC(=O)C1[C@H]2COC[C@@H]12,
30332,C#CCN(C(=O)[C@@H]1[C@@H](C)[C@H]1C)C1CCN(C(=O)Cc2cnccc2C)CC1,,,C#CCN(C(=O)C1[C@@H](C)[C@H]1C)C1CCN(C(=O)Cc2cnccc2C)CC1,
30338,CCCCO[C@@H](C)C(=O)N[C@]1(C)C[C@@H](NC(=O)Cc2ccc(CO)cc2)C1,"(2S)-2-butoxy-N-((1r,3S)-3-(2-(4-(hydroxymethyl)phenyl)acetamido)-1-methylcyclobutyl)propanamide",,CCCCOC(C)C(=O)N[C@]1(C)C[C@@H](NC(=O)Cc2ccc(CO)cc2)C1,
30368,C#C[C@]1(O)C[C@@H](C(=O)N2CC[C@@](N=[N+]=[N-])(C(=O)N3CC[C@@]34CCN(C)C4)C2)C1,"((3S)-3-azido-3-(((4R)-6-methyl-1,6-diazaspiro[3.4]octan-1-yl)carbonyl)pyrrolidin-1-yl)((1s,3R)-3-ethynyl-3-hydroxycyclobutyl)methanone",,C#CC1(O)CC(C(=O)N2CC[C@@](N=[N+]=[N-])(C(=O)N3CC[C@@]34CCN(C)C4)C2)C1,
30430,CCCC[C@H](O)CC(=O)N(C)[C@H]1[C@@H]2CN(C(=O)c3coc4cc(C)ccc34)C[C@@H]21,,,CCCC[C@H](O)CC(=O)N(C)[C@H]1[C@@H]2CN(C(=O)c3coc4cc(C)ccc34)C[C@@H]21,
30449,COCCCC(=O)N1[C@H]2CC[C@@H]1C[C@@H](CNC(=O)Cn1nnc(C(C)(C)C)n1)C2,,,COCCCC(=O)N1[C@@H]2CC[C@H]1C[C@H](CNC(=O)Cn1nnc(C(C)(C)C)n1)C2,
30490,C[C@]1(NC(=O)c2cnc(C3CCOCC3)nc2)C[C@H](NC(=O)c2coc(O)n2)C1,"2-hydroxy-N-((1r,3r)-3-methyl-3-(2-(oxan-4-yl)pyrimidine-5-carboxamido)cyclobutyl)-1,3-oxazole-4-carboxamide",,C[C@]1(NC(=O)c2cnc(C3CCOCC3)nc2)C[C@H](NC(=O)c2coc(=O)[nH]2)C1,
30501,Cc1nnc2ccc(C(=O)N[C@H]3C[C@](C)(NC(=O)[C@]45C[C@@H]4COC5(C)C)C3)cn12,"N-((1R,3r)-3-((1R,5S)-2,2-dimethyl-3-oxabicyclo[3.1.0]hexane-1-carboxamido)-3-methylcyclobutyl)-3-methyl[1,2,4]triazolo[4,3-a]pyridine-6-carboxamide",,Cc1nnc2ccc(C(=O)N[C@H]3C[C@](C)(NC(=O)[C@]45C[C@@H]4COC5(C)C)C3)cn12,
30534,CCc1cc(C(=O)N[C@H]2[C@@H]3CN(c4nnc(C)c(C)c4C#N)C[C@@H]32)nn1CCO,,,CCc1cc(C(=O)N[C@H]2[C@@H]3CN(c4nnc(C)c(C)c4C#N)C[C@@H]32)nn1CCO,
30555,Cc1cnn(CC(=O)N[C@H]2[C@@H]3CN(C(=O)C(F)(F)C45CC(C4)C5)C[C@@H]32)c1,,,Cc1cnn(CC(=O)N[C@H]2[C@@H]3CN(C(=O)C(F)(F)C45CC(C4)C5)C[C@@H]32)c1,
30567,CC1=C(C)C[C@H](C(=O)N[C@H](CNC(=O)[C@]2(C(F)(F)F)C[C@@H](O)C2)C2CCC2)CC1,"(1R)-N-((1S)-1-cyclobutyl-2-((1s,3R)-3-hydroxy-1-(trifluoromethyl)cyclobutanecarboxamido)ethyl)-3,4-dimethylcyclohex-3-ene-1-carboxamide",,CC1=C(C)CC(C(=O)N[C@H](CNC(=O)[C@]2(C(F)(F)F)C[C@@H](O)C2)C2CCC2)CC1,
30575,CC(C)NC(=O)C(=O)N1C[C@H]2[C@H](N(C)C(=O)[C@@H]3CCCC(C)(C)O3)[C@H]2C1,,,CC(C)NC(=O)C(=O)N1C[C@@H]2[C@H](C1)[C@H]2N(C)C(=O)C1CCCC(C)(C)O1,
30588,Cc1c(Cl)cc(C(=O)N[C@H]2C[C@@](C)(NC(=O)c3ccccc3)C2)cc1Br,"N-((1s,3s)-3-benzamido-3-methylcyclobutyl)-3-bromo-5-chloro-4-methylbenzamide",,Cc1c(Cl)cc(C(=O)N[C@H]2C[C@@](C)(NC(=O)c3ccccc3)C2)cc1Br,
30590,C[C@]1(NC(=O)CC[C@H]2NC(=O)NC2=O)C[C@H](NC(=O)CCc2ccc(F)nc2)C1,"N-((1R,3r)-3-(3-((4R)-2,5-dioxoimidazolidin-4-yl)propanamido)-3-methylcyclobutyl)-3-(6-fluoropyridin-3-yl)propanamide",,C[C@]1(NC(=O)CCc2[nH]c(=O)[nH]c2O)C[C@H](NC(=O)CCc2ccc(F)nc2)C1,
30602,CN(C(=O)[C@@H]1CSCN1C(=O)[C@@]1(C#N)C[C@@H]2C[C@@H]2C1)[C@@H]1CCC[C@@H](O)C1,,,CN(C(=O)C1CSCN1C(=O)[C@]1(C#N)C[C@H]2C[C@H]2C1)[C@@H]1CCC[C@@H](O)C1,
30617,CS[C@H]1C[C@H](C(=O)N[C@H]2[C@@H]3CN(C(=O)[C@@H]4OCC[C@@H]4Cn4ccnc4)C[C@@H]32)C1,"trans-N-((1R,5S,6S)-3-(((2R,3R)-3-(1H-imidazol-1-ylmethyl)oxolan-2-yl)carbonyl)-3-azabicyclo[3.1.0]hexan-6-yl)-3-(methylsulfanyl)cyclobutanecarboxamide",,CSC1CC(C(=O)N[C@H]2[C@@H]3CN(C(=O)C4OCC[C@@H]4Cn4ccnc4)C[C@@H]32)C1,
30650,Cc1ncsc1C(=O)N1C[C@H]2CC[C@@H](C1)[C@@H]2C(=O)NC[C@@H](C)O,,,Cc1ncsc1C(=O)N1C[C@H]2CC[C@@H](C1)C2C(=O)NC[C@@H](C)O,
30706,Cc1cc(CNC(=O)[C@H]2C[C@@H]2[C@H](C)NC(=O)[C@@H]2[C@H]3CN(C)C[C@H]32)n[nH]1,,,Cc1cc(CNC(=O)C2C[C@@H]2[C@H](C)NC(=O)C2[C@H]3CN(C)C[C@@H]23)[nH]n1,
30753,CCOC1(CO)CN(C(=O)[C@H]2C[C@@H]2[C@@H](C)NC(=O)[C@]2(C)C[C@@H]3C[C@@H]3C2)C1,,,CCOC1(CO)CN(C(=O)C2C[C@@H]2[C@@H](C)NC(=O)[C@@]2(C)C[C@H]3C[C@H]3C2)C1,
30763,CCCC(CCC)CCCC(=O)N(C)[C@H]1[C@@H]2CN(C(=O)[C@H]([C@H](C)O)N(C)C)C[C@@H]21,"N-((1R,5S,6R)-3-((2S,3S)-2-(dimethylamino)-3-hydroxybutanoyl)-3-azabicyclo[3.1.0]hexan-6-yl)-N-methyl-5-propyloctanamide",,CCCC(CCC)CCCC(=O)N(C)[C@H]1[C@@H]2CN(C(=O)C([C@H](C)O)N(C)C)C[C@@H]21,
30859,CCc1ccc([C@@H](C)N[C@@H]2C[C@H](F)[C@H](F)C2)cc1,,,CCc1ccc([C@@H](C)N[C@H]2C[C@@H](F)[C@@H](F)C2)cc1,
30917,C[C@H]1CCC(=CC(=O)N[C@]2(C)C[C@H](NC(=O)[C@@H]3C[C@@H]4C[C@@H]4C3)C2)C1,,,C[C@H]1CCC(=CC(=O)N[C@]2(C)C[C@H](NC(=O)C3C[C@@H]4C[C@@H]4C3)C2)C1,
30944,CC(C)CCCCC(=O)N1C[C@H]2[C@H](CN(C)C(=O)[C@H](C)C3CCCCCC3)[C@H]2C1,,,CC(C)CCCCC(=O)N1C[C@@H]2[C@@H](CN(C)C(=O)C(C)C3CCCCCC3)[C@@H]2C1,
31003,CCc1cc(C)c(C(=O)N2C[C@H]3[C@H](NC(=O)CCc4cncn4C)[C@H]3C2)o1,,,CCc1cc(C)c(C(=O)N2C[C@@H]3[C@H](C2)[C@H]3NC(=O)CCc2cncn2C)o1,
31030,C=CCOc1ccc(C(=O)N2C[C@H]3[C@H](NC(=O)[C@H](C)Cn4ccnc4)[C@H]3C2)cc1,,,C=CCOc1ccc(C(=O)N2C[C@@H]3[C@H](C2)[C@H]3NC(=O)C(C)Cn2ccnc2)cc1,
31059,Cc1ccc(CC(=O)N[C@H]2C[C@@](C)(NC(=O)c3ccc(N)cn3)C2)s1,"N-((1s,3s)-3-(5-aminopyridine-2-carboxamido)-3-methylcyclobutyl)-2-(5-methylthiophen-2-yl)acetamide",,Cc1ccc(CC(=O)N[C@H]2C[C@@](C)(NC(=O)c3ccc(N)cn3)C2)s1,
31140,CC[C@@H](C(=O)N[C@H]1C[C@](C)(NC(=O)Cn2cnnc2)C1)N(C)Cc1ccccc1,"(2S)-2-(benzyl(methyl)amino)-N-((1r,3S)-3-methyl-3-(2-(4H-1,2,4-triazol-4-yl)acetamido)cyclobutyl)butanamide",,CCC(C(=O)N[C@H]1C[C@](C)(NC(=O)Cn2cnnc2)C1)N(C)Cc1ccccc1,
31154,CC(C)(CC(=O)N1C[C@H]2[C@H](NC(=O)C3CC(C4CC4)C3)[C@H]2C1)C(F)F,,,CC(C)(CC(=O)N1C[C@@H]2[C@H](C1)[C@H]2NC(=O)C1CC(C2CC2)C1)C(F)F,
31228,CC(C)Oc1c(C(=O)N[C@H]2C[C@@](F)(CNC(=O)[C@@H]3C[C@H]3C)C2)cccc1[N+](=O)[O-],"N-((1R,3r)-3-fluoro-3-(((1R,2R)-2-methylcyclopropanecarboxamido)methyl)cyclobutyl)-2-isopropoxy-3-nitrobenzamide",,CC(C)Oc1c(C(=O)N[C@H]2C[C@@](F)(CNC(=O)C3C[C@H]3C)C2)cccc1[N+](=O)[O-],
31252,O=C1C[C@H](CC(=O)N2C[C@H]3[C@H](CC(=O)N4CCC(O)(CO)CC4)[C@H]3C2)C(=O)N1,"(3R)-3-(2-((1R,5S,6S)-6-(2-(4-hydroxy-4-(hydroxymethyl)piperidin-1-yl)-2-oxoethyl)-3-azabicyclo[3.1.0]hexan-3-yl)-2-oxoethyl)pyrrolidine-2,5-dione",,O=C(C[C@@H]1[C@H]2CN(C(=O)Cc3cc(O)[nH]c3O)C[C@@H]12)N1CCC(O)(CO)CC1,
31305,CC(C)(C)NC(=O)CNC(=O)[C@@H]1C[C@@H]2CN(C(=O)c3ccc(O)c(F)c3)C[C@@H]2C1,,,CC(C)(C)NC(=O)CNC(=O)C1C[C@@H]2CN(C(=O)c3ccc(O)c(F)c3)C[C@@H]2C1,
31314,Cc1cc(N2CC[C@H](c3cc[nH]n3)C2)nc(=NC[C@]2(F)C[C@H](CO)C2)[nH]1,"((1S,3r)-3-fluoro-3-(((6-methyl-4-((3S)-3-(1H-pyrazol-3-yl)pyrrolidin-1-yl)-1H-pyrimidin-2-ylidene)amino)methyl)cyclobutyl)methanol",,Cc1cc(N2CC[C@H](c3cc[nH]n3)C2)nc(NC[C@]2(F)C[C@H](CO)C2)n1,
31333,CCS(=O)(=O)NCCC(=O)N1C[C@H]2[C@H](CN(C)C(=O)C34CCCC3CCC4)[C@H]2C1,,,CCS(=O)(=O)NCCC(=O)N1C[C@@H]2[C@@H](CN(C)C(=O)C34CCCC3CCC4)[C@@H]2C1,
31347,CCc1occc1C(=O)N1C[C@H]2[C@@H](C1)[C@@H]2C(=O)N[C@@H](C)C(C)C,,,CCc1occc1C(=O)N1C[C@@H]2C(C(=O)N[C@@H](C)C(C)C)[C@@H]2C1,
31370,C[C@]1(O)C[C@@H](C(=O)N2C[C@H]3[C@H](CNC(=O)c4cc(Cl)c(Cl)s4)C[C@H]3C2)C1,"4,5-dichloro-N-(((1R,5S,6R)-3-(((1s,3S)-3-hydroxy-3-methylcyclobutyl)carbonyl)-3-azabicyclo[3.2.0]heptan-6-yl)methyl)thiophene-2-carboxamide",,CC1(O)CC(C(=O)N2C[C@@H]3C[C@@H](CNC(=O)c4cc(Cl)c(Cl)s4)[C@@H]3C2)C1,
31371,COC(=O)[C@]1(C(=O)NC[C@H](NC(=O)c2cc(OC)ncn2)C(C)(C)C)[C@H]2CC[C@H]21,,,COC(=O)[C@@]1(C(=O)NC[C@H](NC(=O)c2cc(OC)ncn2)C(C)(C)C)[C@@H]2CC[C@@H]21,
31376,C[C@@H](C(=O)NC[C@H]1C[C@@](C)(O)C1)C1CCN(C(=O)C[C@H]2CC(=O)NC2=O)CC1,"(2R)-2-(1-(2-((3R)-2,5-dioxopyrrolidin-3-yl)acetyl)piperidin-4-yl)-N-(((1s,3S)-3-hydroxy-3-methylcyclobutyl)methyl)propanamide",,CC(C(=O)NC[C@H]1C[C@@](C)(O)C1)C1CCN(C(=O)Cc2cc(O)[nH]c2O)CC1,
31383,CCN(C(=O)C[C@H]1CCCC(=O)C1)[C@H](C)CNC(=O)C[C@@H]1C[C@H]2C[C@H]2C1,,,CCN(C(=O)C[C@H]1CCCC(=O)C1)[C@H](C)CNC(=O)C[C@H]1C[C@@H]2C[C@@H]2C1,
31427,O=C(Nc1cccc(-n2cccn2)c1)[C@H]1[C@H]2CN(C(=O)c3ccc(CO)o3)C[C@H]21,,,O=C(Nc1cccc(-n2cccn2)c1)C1[C@H]2CN(C(=O)c3ccc(CO)o3)C[C@@H]12,
31526,CCO[C@@H](CC)C(=O)N[C@@H]1C[C@@H]2CC[C@H](C1)N2C(=O)C1CC(F)(F)C1,,,CCOC(CC)C(=O)N[C@H]1C[C@H]2CC[C@@H](C1)N2C(=O)C1CC(F)(F)C1,
31545,Cn1nc(C(=O)N[C@]2(C)C[C@@H](NC(=O)C3=CCOC3)C2)cc1CO,"N-((1r,3r)-3-(2,5-dihydrofuran-3-carboxamido)-1-methylcyclobutyl)-5-(hydroxymethyl)-1-methyl-1H-pyrazole-3-carboxamide",,Cn1nc(C(=O)N[C@]2(C)C[C@@H](NC(=O)C3=CCOC3)C2)cc1CO,
31570,COC1(C(=O)N[C@@H]2C[C@@H]3CC[C@H](C2)N3C(=O)C2=Cc3ccccc3[C@H]2C)CC1,"1-methoxy-N-((1R,3R,5S)-8-(((1R)-1-methyl-1H-inden-2-yl)carbonyl)-8-azabicyclo[3.2.1]octan-3-yl)cyclopropanecarboxamide",,COC1(C(=O)N[C@H]2C[C@H]3CC[C@@H](C2)N3C(=O)C2=Cc3ccccc3[C@H]2C)CC1,
31622,CCC[C@@H](C(=O)N[C@H]1C[C@@H]2CN(C(=O)c3cnc(=N)[nH]c3)C[C@@H]2C1)N(C)C,,,CCCC(C(=O)N[C@H]1C[C@@H]2CN(C(=O)c3cnc(N)nc3)C[C@@H]2C1)N(C)C,
31663,Cc1cc(C(=O)N[C@H]2C[C@](C)(NC(=O)c3nc(Cl)oc3C)C2)c(C)cn1,"2-chloro-N-((1r,3r)-3-(2,5-dimethylpyridine-4-carboxamido)-1-methylcyclobutyl)-5-methyl-1,3-oxazole-4-carboxamide",,Cc1cc(C(=O)N[C@H]2C[C@](C)(NC(=O)c3nc(Cl)oc3C)C2)c(C)cn1,
31747,CO[C@H]1C[C@@](CO)(NC(=O)C2=CCCN(C(=O)C(C)(C)C3CC3)C2)C1,"1-(2-cyclopropyl-2-methylpropanoyl)-N-((1s,3s)-1-(hydroxymethyl)-3-methoxycyclobutyl)-1,2,5,6-tetrahydropyridine-3-carboxamide",,CO[C@H]1C[C@@](CO)(NC(=O)C2=CCCN(C(=O)C(C)(C)C3CC3)C2)C1,
31821,CN1CCC[C@@]1(C)C(=O)NC[C@]1(F)C[C@@H](NC(=O)[C@@H]2CC(C3CC3)=NO2)C1,"(5S)-3-cyclopropyl-N-((1R,3R)-3-(((2S)-1,2-dimethylpyrrolidine-2-carboxamido)methyl)-3-fluorocyclobutyl)-4,5-dihydro-1,2-oxazole-5-carboxamide",,CN1CCC[C@@]1(C)C(=O)NC[C@]1(F)C[C@@H](NC(=O)C2CC(C3CC3)=NO2)C1,
31981,Cc1cnn(CC(=O)N2CC[C@@](F)(CNC(=O)[C@@H]3[C@@H](C)[C@H]3C)C2)c1,,,Cc1cnn(CC(=O)N2CC[C@@](F)(CNC(=O)C3[C@@H](C)[C@H]3C)C2)c1,
32023,CCc1cc(C(=O)N[C@]2(C)C[C@H](NC(=O)COCC(F)(F)F)C2)c(C)o1,"5-ethyl-2-methyl-N-((1s,3s)-1-methyl-3-(2-((2,2,2-trifluoroethyl)oxy)acetamido)cyclobutyl)furan-3-carboxamide",,CCc1cc(C(=O)N[C@]2(C)C[C@H](NC(=O)COCC(F)(F)F)C2)c(C)o1,
32293,C#C[C@]1(O)C[C@@H](C(=O)NC2(CC(=O)N3CCO[C@@H](C(=C)C)C3)CC2)C1,"(1s,3R)-3-ethynyl-3-hydroxy-N-(1-(2-oxo-2-((2S)-2-(prop-1-en-2-yl)morpholin-4-yl)ethyl)cyclopropyl)cyclobutanecarboxamide",,C#CC1(O)CC(C(=O)NC2(CC(=O)N3CCO[C@@H](C(=C)C)C3)CC2)C1,
32298,COc1ccc2c(c1)OC[C@H](C(=O)N[C@]1(C)C[C@@H](NC(=O)[C@@]34CC[C@H]3C4)C1)C2,"(3R)-N-((1R,3R)-3-((1R,4S)-bicyclo[2.1.0]pentane-1-carboxamido)-1-methylcyclobutyl)-7-methoxy-3,4-dihydro-2H-1-benzopyran-3-carboxamide",,COc1ccc2c(c1)OCC(C(=O)N[C@]1(C)C[C@@H](NC(=O)[C@@]34CC[C@H]3C4)C1)C2,
32337,Cc1ccc(C(=O)N[C@H]2C[C@@](C)(NC(=O)[C@@H]3C[C@H]3C3CCCC3)C2)c(N)n1,"2-amino-N-((1S,3s)-3-((1R,2S)-2-cyclopentylcyclopropanecarboxamido)-3-methylcyclobutyl)-6-methylpyridine-3-carboxamide",,Cc1ccc(C(=O)N[C@H]2C[C@@](C)(NC(=O)C3C[C@H]3C3CCCC3)C2)c(N)n1,
32373,C[C@H](O)CCCC(=O)N1CCCC[C@]12C[C@H](NC(=O)c1cc(N)ccc1F)C2,5-amino-2-fluoro-N-(5-((5S)-5-hydroxyhexanoyl)-5-azaspiro[3.5]nonan-2-yl)benzamide,NC=1C=CC(=C(C(=O)NC2CC3(C2)N(CCCC3)C(CCC[C@H](C)O)=O)C1)F,C[C@H](O)CCCC(=O)N1CCCC[C@]12C[C@H](NC(=O)c1cc(N)ccc1F)C2,C[C@H](O)CCCC(=O)N1CCCCC12CC(NC(=O)c1cc(N)ccc1F)C2
32408,CCCCC/C=C/CC(=O)N[C@]1(C)C[C@H](NC(=O)[C@H]2CC2(Cl)Cl)C1,"(3E)-N-((1S,3s)-3-((1R)-2,2-dichlorocyclopropanecarboxamido)-1-methylcyclobutyl)non-3-enamide",,CCCCC/C=C/CC(=O)N[C@]1(C)C[C@H](NC(=O)C2CC2(Cl)Cl)C1,
32571,C[C@H]1C[C@H](NC(=O)c2cc(Cl)c[nH]2)CN(C(=O)[C@H]2C[C@H]3[C@@H](C2)C3(F)F)C1,,,C[C@H]1C[C@H](NC(=O)c2cc(Cl)c[nH]2)CN(C(=O)C2C[C@@H]3[C@H](C2)C3(F)F)C1,
32615,CCOC[C@H](C)CNC(=O)[C@@H]1[C@H]2CN(C(=O)C[C@@H]3CCC[C@H]3O)C[C@H]21,"(1R,5S,6S)-N-((2R)-3-ethoxy-2-methylpropyl)-3-(2-((1S,2R)-2-hydroxycyclopentyl)acetyl)-3-azabicyclo[3.1.0]hexane-6-carboxamide",,CCOC[C@H](C)CNC(=O)C1[C@H]2CN(C(=O)C[C@@H]3CCC[C@H]3O)C[C@@H]12,
32691,CCc1nc(C)[nH]c1C(=O)NC1CN(C(=O)[C@H]2C[C@H]3COC[C@H](C3)C2)C1,,,CCc1[nH]c(C)nc1C(=O)NC1CN(C(=O)C2C[C@H]3COC[C@@H](C2)C3)C1,
32837,C[C@H](CC1CCCC1)C(=O)N[C@]1(C(=O)N2CCN(C3CC3)CC2)C[C@H](O)C1,"(2R)-3-cyclopentyl-N-((1s,3S)-1-((4-cyclopropylpiperazin-1-yl)carbonyl)-3-hydroxycyclobutyl)-2-methylpropanamide",,CC(CC1CCCC1)C(=O)N[C@]1(C(=O)N2CCN(C3CC3)CC2)C[C@H](O)C1,
32901,CC(C)(CC#N)C(=O)N[C@H]1C[C@@](C)(NC(=O)c2cnc(-c3ccccc3)cn2)C1,"3-cyano-2,2-dimethyl-N-((1s,3s)-3-methyl-3-(5-phenylpyrazine-2-carboxamido)cyclobutyl)propanamide",,CC(C)(CC#N)C(=O)N[C@H]1C[C@@](C)(NC(=O)c2cnc(-c3ccccc3)cn2)C1,
32913,C=C[C@@](C)(O)CC(=O)NCCC(C)(C)C(=O)NC[C@H]1C[C@H](O)[C@H](O)C1,,,C=C[C@@](C)(O)CC(=O)NCCC(C)(C)C(=O)NC[C@@H]1C[C@@H](O)[C@@H](O)C1,
32947,C#CCNC(=O)CC(=O)N[C@H]1C[C@](C)(NC(=O)c2ccc(S(N)(=O)=O)c(F)c2)C1,"N'-((1r,3r)-3-(3-fluoro-4-sulfamoylbenzamido)-3-methylcyclobutyl)-N-(prop-2-yn-1-yl)propanediamide",,C#CCNC(=O)CC(=O)N[C@H]1C[C@](C)(NC(=O)c2ccc(S(N)(=O)=O)c(F)c2)C1,
32988,COCCOC[C@@H](C)NC(=O)[C@H]1CC2(CCC2)CN1C(=O)[C@H]1C[C@@H]2CC[C@H](C1)O2,,,COCCOC[C@@H](C)NC(=O)C1CC2(CCC2)CN1C(=O)C1C[C@H]2CC[C@@H](C1)O2,
32998,COc1cccc(OC)c1C(=O)N[C@@H]1C[C@@H]2CC[C@H](C1)N2C(=O)CC1CSC1,,,COc1cccc(OC)c1C(=O)N[C@H]1C[C@H]2CC[C@@H](C1)N2C(=O)CC1CSC1,
33025,CC[C@H](C)OCC(=O)N[C@]1(C)C[C@@H](NC(=O)c2csc(CO)n2)C1,"2-(((2S)-butan-2-yl)oxy)-N-((1r,3S)-3-(2-(hydroxymethyl)-1,3-thiazole-4-carboxamido)-1-methylcyclobutyl)acetamide",,CC[C@H](C)OCC(=O)N[C@]1(C)C[C@@H](NC(=O)c2csc(CO)n2)C1,
33049,CC#CCCC(=O)N[C@H]1C[C@@H]2C[C@H](C1)CN(C(=O)c1c(C)nn(C3CC3)c1Cl)C2,,,CC#CCCC(=O)N[C@@H]1C[C@H]2C[C@@H](C1)CN(C(=O)c1c(C)nn(C3CC3)c1Cl)C2,
33053,CC(C)(C(=O)N[C@@H]1C[C@H]2C[C@H](NC(=O)c3ccc[nH]3)C[C@H]2C1)C1CCCC1,,,CC(C)(C(=O)N[C@@H]1C[C@H]2C[C@H](NC(=O)c3ccc[nH]3)C[C@H]2C1)C1CCCC1,
33112,C[C@@H]1CCCN(C(=O)[C@]23CCN(C(=O)[C@@H]4[C@H]5CC(=O)C[C@H]54)CC[C@H]2C3)[C@@H]1CO,,,C[C@@H]1CCCN(C(=O)[C@]23CCN(C(=O)C4[C@H]5CC(=O)C[C@@H]45)CC[C@H]2C3)[C@@H]1CO,
33160,CCC(=O)N1CCC[C@H](C(=O)N2C[C@@H](C)[C@@H](NC(=O)[C@H]3C[C@](C)(F)C3)C2)C1,"(1r,3R)-3-fluoro-3-methyl-N-((3R,4R)-4-methyl-1-(((3S)-1-propanoylpiperidin-3-yl)carbonyl)pyrrolidin-3-yl)cyclobutanecarboxamide",,CCC(=O)N1CCCC(C(=O)N2C[C@@H](C)[C@@H](NC(=O)C3CC(C)(F)C3)C2)C1,
33168,CC1(C)C[C@]1(C)NC(=O)c1csc(CNC(=O)[C@@H]2[C@H]3[C@@H]4CC[C@@H](C4)[C@H]32)c1,,,CC1(C)C[C@]1(C)NC(=O)c1csc(CNC(=O)C2[C@@H]3[C@H]4CC[C@H](C4)[C@H]23)c1,
33178,CC[C@@H](C(=O)N1[C@H]2CC[C@@H]1C[C@@H](CNC(=O)[C@@H]1[C@H]3[C@@H]4CC[C@@H](C4)[C@H]31)C2)C(C)(F)F,,,CCC(C(=O)N1[C@@H]2CC[C@H]1C[C@H](CNC(=O)C1[C@@H]3[C@H]4CC[C@H](C4)[C@H]13)C2)C(C)(F)F,
33200,CC(C)[C@@H]1CN(C(=O)[C@@]2(C)C[C@@H]3C[C@@H]3C2)CCN1C(=O)CCCNC(=O)C1CC1,,,CC(C)[C@@H]1CN(C(=O)[C@]2(C)C[C@H]3C[C@H]3C2)CCN1C(=O)CCCNC(=O)C1CC1,
33212,C[C@]1(NC(=O)C(F)=Cc2cccnc2)C[C@H](NC(=O)[C@H]2CCCNS2(=O)=O)C1,"N-((1R,3r)-3-((6R)-1,1-dioxo-1lambda^6-1,2-thiazinane-6-carboxamido)-1-methylcyclobutyl)-2-fluoro-3-(pyridin-3-yl)prop-2-enamide",,C[C@]1(NC(=O)C(F)=Cc2cccnc2)C[C@H](NC(=O)C2CCCNS2(=O)=O)C1,
33234,O=C1C[C@H]2[C@@H](C1)[C@@H]2C(=O)N1CCC[C@@](F)(C(=O)N2CC=C[C@H](O)C2)C1,,,O=C1C[C@@H]2C(C(=O)N3CCC[C@@](F)(C(=O)N4CC=C[C@H](O)C4)C3)[C@@H]2C1,
33236,CO[C@H](CC1CCCCC1)C(=O)N[C@H]1C[C@@H]2CC[C@H](C1)N2C(=O)C#CC1CC1,,,COC(CC1CCCCC1)C(=O)N[C@@H]1C[C@H]2CC[C@@H](C1)N2C(=O)C#CC1CC1,
33259,C[C@H]1C[C@@H](CO)CN1C(=O)[C@H]1C[C@@](C)(NC(=O)c2cc(F)c[nH]2)C1,"4-fluoro-N-((1R,3s)-3-(((2S,4R)-4-(hydroxymethyl)-2-methylpyrrolidin-1-yl)carbonyl)-1-methylcyclobutyl)-1H-pyrrole-2-carboxamide",,C[C@H]1C[C@@H](CO)CN1C(=O)C1CC(C)(NC(=O)c2cc(F)c[nH]2)C1,
33297,Cc1ccccc1OCC(=O)N1C[C@H]2[C@H](CNC(=O)[C@@H]3C[C@H]4C=C[C@@H]3O4)[C@H]2C1,,,Cc1ccccc1OCC(=O)N1C[C@@H]2[C@@H](CNC(=O)C3C[C@H]4C=C[C@@H]3O4)[C@@H]2C1,
33317,C#CC[C@]1(O)C[C@@H](C(=O)N[C@H]2CCC[C@H]2CN(C)C(=O)C=CC(=O)NC2CC2)C1,"(1s,3R)-3-hydroxy-N-((1S,2S)-2-((N-methyl-3-(cyclopropylcarbamoyl)prop-2-enamido)methyl)cyclopentyl)-3-(prop-2-yn-1-yl)cyclobutanecarboxamide",,C#CCC1(O)CC(C(=O)N[C@H]2CCC[C@H]2CN(C)C(=O)C=CC(=O)NC2CC2)C1,
33347,CN(C(=O)[C@@H]1Cc2ccc(Cl)cc21)[C@H]1C[C@@H]2CC[C@H](C1)N2C(=O)c1nnn(C)n1,,,CN(C(=O)C1Cc2ccc(Cl)cc21)[C@@H]1C[C@H]2CC[C@@H](C1)N2C(=O)c1nnn(C)n1,
33378,CN(C[C@H]1[C@@H]2CN(C(=O)COCC(F)F)C[C@H]12)C(=O)CCCCc1ccccc1,,,CN(C[C@@H]1[C@H]2CN(C(=O)COCC(F)F)C[C@@H]12)C(=O)CCCCc1ccccc1,
33412,C[C@@]1(C(=O)N[C@@H]2C[C@@H]3CC[C@H](C2)N3C(=O)c2ccnc3ccnn23)CCNC1=O,,,C[C@@]1(C(=O)N[C@H]2C[C@H]3CC[C@@H](C2)N3C(=O)c2ccnc3ccnn23)CCNC1=O,
33418,CC1(C)CCCC[C@@H]1C(=O)NCC1CC(NC(=O)[C@H]2C[C@](O)(C(F)(F)F)C2)C1,"(1S)-N-((3-((1s,3R)-3-hydroxy-3-(trifluoromethyl)cyclobutanecarboxamido)cyclobutyl)methyl)-2,2-dimethylcyclohexanecarboxamide",,CC1(C)CCCCC1C(=O)NCC1CC(NC(=O)C2CC(O)(C(F)(F)F)C2)C1,
33440,COC(=O)[C@@H]1[C@H]2CN(C(=NCc3ccc4c(c3)ncn4C)NC(C)C)C[C@H]21,,,COC(=O)C1[C@H]2CN(C(=NC(C)C)NCc3ccc4c(c3)ncn4C)C[C@@H]12,
33462,COc1cccc(Cl)c1C(=O)N[C@H]1C[C@@](C)(NC(=O)CSC[C@@H]2CCCO2)C1,"2-chloro-6-methoxy-N-((1R,3s)-3-methyl-3-(2-((((2S)-oxolan-2-yl)methyl)sulfanyl)acetamido)cyclobutyl)benzamide",,COc1cccc(Cl)c1C(=O)N[C@H]1C[C@@](C)(NC(=O)CSC[C@@H]2CCCO2)C1,
33483,CO[C@@H](C(=O)N(CCNC(=O)[C@]1(C)C[C@@H](C#N)C1)C(C)C)[C@H]1CCOC1,"(2R)-N-(2-((1r,3R)-3-cyano-1-methylcyclobutanecarboxamido)ethyl)-2-methoxy-2-((3S)-oxolan-3-yl)-N-(propan-2-yl)acetamide",,COC(C(=O)N(CCNC(=O)[C@]1(C)C[C@@H](C#N)C1)C(C)C)[C@H]1CCOC1,
33507,C[C@H](CCNc1cccc(F)c1C#N)NC(=O)[C@]1(c2ccccc2)C[C@H](O)C1,"(1s,3S)-N-((2R)-4-((2-cyano-3-fluorophenyl)amino)butan-2-yl)-3-hydroxy-1-phenylcyclobutanecarboxamide",,C[C@H](CCNc1cccc(F)c1C#N)NC(=O)[C@]1(c2ccccc2)C[C@H](O)C1,
33653,CC[C@H](O)Cn1cc(C(=O)N2C[C@H]3[C@H](NC(=O)[C@H]4CCC(=O)NC4)[C@H]3C2)nn1,"(3S)-N-((1R,5S,6R)-3-((1-((2S)-2-hydroxybutyl)-1H-1,2,3-triazol-4-yl)carbonyl)-3-azabicyclo[3.1.0]hexan-6-yl)-6-oxopiperidine-3-carboxamide",,CC[C@H](O)Cn1cc(C(=O)N2C[C@@H]3[C@H](C2)[C@H]3NC(=O)C2CCC(=O)NC2)nn1,
33662,Cc1cc(C(C)(C)C(=O)N2C[C@H]3[C@H](CNC(=O)[C@H](C)n4cc(Cl)cn4)[C@H]3C2)cs1,,,Cc1cc(C(C)(C)C(=O)N2C[C@@H]3[C@@H](CNC(=O)C(C)n4cc(Cl)cn4)[C@@H]3C2)cs1,
33726,Cc1occc1C(=O)N1CC[C@@H](C(C)C)C[C@H]1CNC(=O)[C@H]1C[C@@H]2CC[C@H](C1)O2,,,Cc1occc1C(=O)N1CC[C@@H](C(C)C)C[C@H]1CNC(=O)C1C[C@H]2CC[C@@H](C1)O2,
33733,CC1(C)CC[C@@H]1CC(=O)NC[C@H]1[C@@H]2CN(C(=O)c3sccc3-n3ccnn3)C[C@H]12,,,CC1(C)CC[C@@H]1CC(=O)NC[C@@H]1[C@H]2CN(C(=O)c3sccc3-n3ccnn3)C[C@@H]12,
33847,CC[C@@H](CC(=O)N1CCN(C(=O)[C@H]2C[C@](O)(C(F)(F)F)C2)[C@H](CC)C1)C(F)F,"(3S)-3-(difluoromethyl)-1-((3R)-3-ethyl-4-(((1s,3S)-3-hydroxy-3-(trifluoromethyl)cyclobutyl)carbonyl)piperazin-1-yl)pentan-1-one",,CC[C@@H](CC(=O)N1CCN(C(=O)C2CC(O)(C(F)(F)F)C2)[C@H](CC)C1)C(F)F,
33848,O=C(N[C@H]1C[C@@](F)(CNc2ncc([N+](=O)[O-])cn2)C1)c1ccc2nc(Cl)nn2c1,"8-chloro-N-((1r,3r)-3-fluoro-3-(((5-nitropyrimidin-2-yl)amino)methyl)cyclobutyl)-1,7,9-triazabicyclo[4.3.0]nona-2,4,6,8-tetraene-3-carboxamide",,O=C(N[C@H]1C[C@@](F)(CNc2ncc([N+](=O)[O-])cn2)C1)c1ccc2nc(Cl)nn2c1,
33863,CN(C(=O)[C@H](O)C1CN(C(=O)[C@@H]2[C@H]3[C@@H]4CC[C@@H](C4)[C@H]32)C1)C1CSC1,,,CN(C(=O)C(O)C1CN(C(=O)C2[C@@H]3[C@H]4CC[C@H](C4)[C@H]23)C1)C1CSC1,
33868,O=C(N[C@@H]1[C@@H]2CN(c3ncnc4cc[nH]c34)C[C@@H]21)c1ccc(O)c(F)c1,,,O=C(N[C@@H]1[C@@H]2CN(c3ncnc4cc[nH]c34)C[C@@H]21)c1ccc(O)c(F)c1,
33948,CCN(CCNC(=O)[C@@H]1[C@H]2CN(C(=O)[C@H](O)c3cnn(C)c3)C[C@H]21)CC(C)C,"(1R,5S,6R)-N-(2-(ethyl(2-methylpropyl)amino)ethyl)-3-((2R)-2-hydroxy-2-(1-methyl-1H-pyrazol-4-yl)acetyl)-3-azabicyclo[3.1.0]hexane-6-carboxamide",,CCN(CCNC(=O)C1[C@H]2CN(C(=O)C(O)c3cnn(C)c3)C[C@@H]12)CC(C)C,
33962,C#C[C@]1(O)C[C@@H](C(=O)NC[C@@H](F)CNC(=O)CN2CC(C)(C)C2)C1,"(1s,3S)-N-((2R)-3-(2-(3,3-dimethylazetidin-1-yl)acetamido)-2-fluoropropyl)-3-ethynyl-3-hydroxycyclobutanecarboxamide",,C#CC1(O)CC(C(=O)NC[C@@H](F)CNC(=O)CN2CC(C)(C)C2)C1,
33978,Cc1csc(C(=O)NC[C@]2(F)C[C@@H](CNC(=O)[C@H]3COCC[C@@H]3C)C2)c1,"(3R,4S)-N-(((1s,3S)-3-fluoro-3-((4-methylthiophene-2-carboxamido)methyl)cyclobutyl)methyl)-4-methyloxane-3-carboxamide",,Cc1csc(C(=O)NC[C@]2(F)C[C@@H](CNC(=O)C3COCC[C@@H]3C)C2)c1,
33979,O=C(COc1ccccc1)NCC(=O)N1C[C@H]2[C@H](NC(=O)[C@@H]3C[C@H]3CF)[C@H]2C1,,,O=C(COc1ccccc1)NCC(=O)N1C[C@@H]2[C@H](C1)[C@H]2NC(=O)C1C[C@H]1CF,
33982,CCC=CC=CC(=O)N1C[C@H]2[C@H](CNC(=O)c3ccc(C(C)(F)F)cc3)[C@H]2C1,,,CC=CC=CCC(=O)N1C[C@@H]2[C@@H](CNC(=O)c3ccc(C(C)(F)F)cc3)[C@@H]2C1,
34064,CCN(C[C@H](C)NC(=O)c1ccc(C(C)(C)C#N)cc1)C(=O)[C@@H]1[C@H]2CCCC[C@H]21,,,CCN(C[C@H](C)NC(=O)c1ccc(C(C)(C)C#N)cc1)C(=O)C1[C@H]2CCCC[C@@H]12,
34108,CC(C)(C[C@H](F)C(=O)NC[C@]1(F)C[C@H](CO)C1)NC(=O)CCc1ccc[nH]1,"(2S)-2-fluoro-N-(((1r,3S)-1-fluoro-3-(hydroxymethyl)cyclobutyl)methyl)-4-methyl-4-(3-(1H-pyrrol-2-yl)propanamido)pentanamide",,CC(C)(CC(F)C(=O)NC[C@]1(F)C[C@H](CO)C1)NC(=O)CCc1ccc[nH]1,
34134,Cc1nn(C)c(C)c1NC(=O)[C@@H]1[C@H]2CN(C(=O)c3ccc4ncoc4c3)C[C@H]21,,,Cc1nn(C)c(C)c1NC(=O)C1[C@H]2CN(C(=O)c3ccc4ncoc4c3)C[C@@H]12,
34297,C[C@]1(NC(=O)C2=CCCCC2)C[C@@H](NC(=O)c2cc(O)ncc2F)C1,"N-((1s,3s)-3-(cyclohex-1-ene-1-carboxamido)-3-methylcyclobutyl)-5-fluoro-2-hydroxypyridine-4-carboxamide",,C[C@]1(NC(=O)C2=CCCCC2)C[C@@H](NC(=O)c2cc(=O)[nH]cc2F)C1,
34323,C=CCC1(C(=O)N[C@H]2C[C@](C)(NC(=O)Cn3ccc(O)nc3=O)C2)COC1,"N-((1r,3r)-3-(2-(4-hydroxy-2-oxo-1,2-dihydropyrimidin-1-yl)acetamido)-3-methylcyclobutyl)-3-(prop-2-en-1-yl)oxetane-3-carboxamide",,C=CCC1(C(=O)N[C@H]2C[C@](C)(NC(=O)Cn3ccc(=O)[nH]c3=O)C2)COC1,
34325,O=C(Cn1c(O)nc2ccccc21)N[C@@H]1CC[C@H]1NC(=O)[C@H]1C[C@](F)(CO)C1,"N-((1R,2R)-2-((1s,3S)-3-fluoro-3-(hydroxymethyl)cyclobutanecarboxamido)cyclobutyl)-2-(2-hydroxy-1H-benzimidazol-1-yl)acetamide",,O=C(Cn1c(=O)[nH]c2ccccc21)N[C@@H]1CC[C@H]1NC(=O)C1CC(F)(CO)C1,
34329,Cc1nnc(S)c(C(=O)Nc2ccc3cc([S@](=N)(=O)O)ccc3c2)c1C,"N-(6-((S)-hydroxysulfonimidoyl)naphthalen-2-yl)-5,6-dimethyl-3-sulfanylpyridazine-4-carboxamide",,Cc1n[nH]c(=S)c(C(=O)Nc2ccc3cc([S@](=N)(=O)O)ccc3c2)c1C,
34370,Cc1scc(C(=O)N2CC[C@](O)(CCNC(=O)[C@H]3CC[C@@](C)(F)CC3)C2)c1C,"(1s,4S)-N-(2-((3R)-1-((4,5-dimethylthiophen-3-yl)carbonyl)-3-hydroxypyrrolidin-3-yl)ethyl)-4-fluoro-4-methylcyclohexanecarboxamide",,Cc1scc(C(=O)N2CC[C@](O)(CCNC(=O)C3CCC(C)(F)CC3)C2)c1C,
34449,CC(C)(C)SCC(=O)N1CC[C@H]2[C@H](CCCN2C(=O)[C@H]2C[C@H]3[C@@H](C2)C3(C)C)C1,,,CC(C)(C)SCC(=O)N1CC[C@H]2[C@H](CCCN2C(=O)C2C[C@@H]3[C@H](C2)C3(C)C)C1,
34452,CC[C@H](C(=O)N1C[C@@H]2C[C@H](C1)C2NC(=O)[C@@H]1[C@H]2CCC[C@H]21)c1ccccc1,,,CCC(C(=O)N1C[C@H]2C[C@@H](C1)C2NC(=O)C1[C@H]2CCC[C@@H]12)c1ccccc1,
34457,CO[C@H]1C[C@H](NC(=O)[C@H]2[C@@H](C)[C@H]2C)CN(C(=O)c2ccc(-c3csnn3)cc2)C1,,,CO[C@H]1C[C@H](NC(=O)C2[C@@H](C)[C@H]2C)CN(C(=O)c2ccc(-c3csnn3)cc2)C1,
34471,COCC(C)(C)C(=O)NC[C@@H]1CN(C(=O)[C@H]2CC[C@H]3C[C@H]3CC2)CC12CCC2,,,COCC(C)(C)C(=O)NC[C@@H]1CN(C(=O)C2CC[C@@H]3C[C@@H]3CC2)CC12CCC2,
34554,CC[C@@H](CC(=O)N1CC[C@H]2[C@@H](C1)[C@@H]2NC(=O)[C@@H]1[C@H]2COC[C@H]21)OC,,,CC[C@@H](CC(=O)N1CC[C@H]2[C@@H](C1)[C@@H]2NC(=O)C1[C@H]2COC[C@@H]12)OC,
34609,CC(C)N(CCN(C)C(=O)C[C@@H]1C[C@H]2C[C@H]2C1)C(=O)c1n[nH]cc1F,,,CC(C)N(CCN(C)C(=O)C[C@H]1C[C@@H]2C[C@@H]2C1)C(=O)c1[nH]ncc1F,
34626,CC1CCC(OCCCC(=O)NC[C@]2(F)C[C@H](CNC(=O)[C@H]3CC3(F)F)C2)CC1,"N-(((1R,3r)-3-(((1R)-2,2-difluorocyclopropanecarboxamido)methyl)-1-fluorocyclobutyl)methyl)-4-((4-methylcyclohexyl)oxy)butanamide",,CC1CCC(OCCCC(=O)NC[C@]2(F)C[C@H](CNC(=O)C3CC3(F)F)C2)CC1,
34706,CCOc1cccc(CC(=O)NCC2(CN(C)C(=O)[C@@H]3[C@@H](C)[C@H]3C)CC2)c1,,,CCOc1cccc(CC(=O)NCC2(CN(C)C(=O)C3[C@@H](C)[C@H]3C)CC2)c1,
34712,O=C([C@H]1C[C@@H]2C[C@@H]2C1)N1CCn2c(CNC(=O)C(F)(F)C(F)F)nnc2C1,,,O=C(C1C[C@@H]2C[C@@H]2C1)N1CCn2c(CNC(=O)C(F)(F)C(F)F)nnc2C1,
34849,C[C@@H]1Cc2cccc(C(=O)N[C@]3(C)C[C@@H](NC(=O)[C@H]4CCS4(=O)=O)C3)c2O1,"(2R)-N-((1R,3R)-3-((2R)-1,1-dioxo-1lambda^6-thietane-2-carboxamido)-1-methylcyclobutyl)-2-methyl-2,3-dihydro-1-benzofuran-7-carboxamide",,C[C@@H]1Cc2cccc(C(=O)N[C@]3(C)C[C@@H](NC(=O)C4CCS4(=O)=O)C3)c2O1,
34882,Cc1ccc(C(=O)N[C@]2(C(=O)NC[C@@H]3CC34CC4)C[C@H](O)C2)c(O)n1,"2-hydroxy-N-((1s,3S)-3-hydroxy-1-(((1R)-spiro[2.2]pentan-1-ylmethyl)carbamoyl)cyclobutyl)-6-methylpyridine-3-carboxamide",,Cc1ccc(C(=O)N[C@]2(C(=O)NC[C@@H]3CC34CC4)C[C@H](O)C2)c(=O)[nH]1,
34887,COCC(COC)C(=O)N[C@H]1CC[C@]2(CC1)CN(C(=O)c1cocc1C)CCO2,3-methoxy-2-(methoxymethyl)-N-(4-((4-methylfuran-3-yl)carbonyl)-1-oxa-4-azaspiro[5.5]undecan-9-yl)propanamide,COCC(C(=O)NC1CCC2(CN(CCO2)C(=O)C2=COC=C2C)CC1)COC,COCC(COC)C(=O)N[C@H]1CC[C@]2(CC1)CN(C(=O)c1cocc1C)CCO2,COCC(COC)C(=O)NC1CCC2(CC1)CN(C(=O)c1cocc1C)CCO2
34890,COc1ccc(C)c(OC)c1C(=O)N1CC[C@@H](NC(=O)[C@@H]2[C@H]3COC[C@H]32)[C@H](F)C1,,,COc1ccc(C)c(OC)c1C(=O)N1CC[C@@H](NC(=O)C2[C@H]3COC[C@@H]23)[C@H](F)C1,
34929,O=C1Cc2ccc(C(=O)N3CC[C@H](NC(=O)[C@H]4C[C@H]5COC[C@H](C5)C4)C3)cc2N1,,,O=C(N[C@H]1CCN(C(=O)c2ccc3cc(O)[nH]c3c2)C1)C1C[C@H]2COC[C@@H](C1)C2,
34956,C=CCC(C)(C)CC(=O)N[C@@H]1[C@@H](C)CN(C(=O)c2cccnc2N(C)C)C[C@H]1C,,,C=CCC(C)(C)CC(=O)N[C@H]1[C@H](C)CN(C(=O)c2cccnc2N(C)C)C[C@@H]1C,
34961,O=C(N[C@H]1C[C@@H]2CN(C(=O)[C@@H]3CC4CC3C4)C[C@@H]2C1)[C@@H](O)c1ccc(Cl)cc1F,"(2S)-N-((1R,5S,7S)-3-(((2R)-bicyclo[2.1.1]hexan-2-yl)carbonyl)-3-azabicyclo[3.3.0]octan-7-yl)-2-(4-chloro-2-fluorophenyl)-2-hydroxyacetamide",,O=C(N[C@H]1C[C@@H]2CN(C(=O)C3CC4CC3C4)C[C@@H]2C1)C(O)c1ccc(Cl)cc1F,
34986,CN=c1cc(C(=O)N2C[C@H]3C[C@@H](C(=O)N4CC(O)C4)C[C@H]3C2)cc[nH]1,,,CNc1cc(C(=O)N2C[C@H]3CC(C(=O)N4CC(O)C4)C[C@H]3C2)ccn1,
34987,CN(CCCNC(=O)c1cn2cccc(Cl)c2n1)C(=O)[C@H]1C[C@@H]2CC[C@H](C1)[C@H]2O,,,CN(CCCNC(=O)c1cn2cccc(Cl)c2n1)C(=O)C1C[C@H]2CC[C@@H](C1)[C@@H]2O,
35072,CC(=O)c1ccc(C(=O)N2CCC=C[C@@H]2C(=O)N[C@H]2C[C@@H]3CCC[C@@H]3C2)[nH]1,,,CC(=O)c1ccc(C(=O)N2CCC=CC2C(=O)N[C@@H]2C[C@H]3CCC[C@H]3C2)[nH]1,
35174,O=C(N[C@H]1C[C@@](F)(CNC(=O)[C@H]2COc3ccccc32)C1)c1ccc(O)nc1Cl,"2-chloro-N-((1R,3r)-3-(((3R)-2,3-dihydro-1-benzofuran-3-carboxamido)methyl)-3-fluorocyclobutyl)-6-hydroxypyridine-3-carboxamide",,O=C(N[C@H]1C[C@@](F)(CNC(=O)C2COc3ccccc32)C1)c1ccc(=O)[nH]c1Cl,
35193,O=C(NC[C@@H]1COCCN1C(=O)C=CC1CCCCCC1)[C@@H]1C[C@@H]2C[C@@H]2C1,,,O=C(NC[C@@H]1COCCN1C(=O)C=CC1CCCCCC1)C1C[C@@H]2C[C@@H]2C1,
35311,CC[C@]1(C(=O)N[C@H]2C[C@@H](NC(=O)c3cc(C)c(C#N)c(C)c3)C2)CC[C@@H](O)CC1,"N-(cis-3-((1s,4s)-1-ethyl-4-hydroxycyclohexanecarboxamido)cyclobutyl)-4-cyano-3,5-dimethylbenzamide",,CC[C@]1(C(=O)N[C@H]2C[C@@H](NC(=O)c3cc(C)c(C#N)c(C)c3)C2)CC[C@@H](O)CC1,
35391,C[C@H](C(=O)N1C[C@H]2[C@H](CNC(=O)[C@@H]3C[C@]34CCO[C@H](C)C4)[C@H]2C1)c1ccccc1,"(1R,3R,5R)-5-methyl-N-(((1R,5S,6S)-3-((2S)-2-phenylpropanoyl)-3-azabicyclo[3.1.0]hexan-6-yl)methyl)-6-oxaspiro[2.5]octane-1-carboxamide",,CC(C(=O)N1C[C@@H]2[C@@H](CNC(=O)C3C[C@]34CCO[C@H](C)C4)[C@@H]2C1)c1ccccc1,
35414,CCOC(=O)[C@@](C)(F)C(=O)N[C@H]1C[C@](F)(CNC(=O)C[C@H]2CC2(Cl)Cl)C1,"ethyl (2S)-2-(((1R,3R)-3-((2-((1S)-2,2-dichlorocyclopropyl)acetamido)methyl)-3-fluorocyclobutyl)carbamoyl)-2-fluoropropanoate",,CCOC(=O)[C@@](C)(F)C(=O)N[C@H]1C[C@](F)(CNC(=O)C[C@H]2CC2(Cl)Cl)C1,
35439,CN(C)C[C@](O)(C(=O)N[C@H]1C[C@@](C)(NC(=O)c2cnc[nH]2)C1)C(F)(F)F,"(2S)-2-((dimethylamino)methyl)-3,3,3-trifluoro-2-hydroxy-N-((1s,3R)-3-(1H-imidazole-5-carboxamido)-3-methylcyclobutyl)propanamide",,CN(C)C[C@](O)(C(=O)N[C@H]1C[C@@](C)(NC(=O)c2c[nH]cn2)C1)C(F)(F)F,
35501,CC(C)(C)c1[nH]cnc1C(=O)N1C[C@H]2[C@H](NC(=O)C3=NO[C@]4(CCOC4)C3)[C@H]2C1,,,CC(C)(C)c1[nH]cnc1C(=O)N1C[C@@H]2[C@H](C1)[C@H]2NC(=O)C1=NO[C@]2(CCOC2)C1,
35561,CC(C)O[C@H](C)C(=O)N1C[C@@H]2COC[C@H](C1)[C@@H]2NC(=O)c1cc(F)c(F)cc1F,"2,4,5-trifluoro-N-((1R,5S,9R)-7-((2R)-2-isopropoxypropanoyl)-3-oxa-7-azabicyclo[3.3.1]nonan-9-yl)benzamide",,CC(C)OC(C)C(=O)N1C[C@H]2COC[C@@H](C1)[C@H]2NC(=O)c1cc(F)c(F)cc1F,
35576,CC[C@@H](C)[C@H](C(=O)NC[C@H]1C[C@@](C)(O)C1)N(C)C(=O)CCOC(C)C,"(2R,3R)-N-(((1s,3S)-3-hydroxy-3-methylcyclobutyl)methyl)-3-methyl-2-(N-methyl-3-isopropoxypropanamido)pentanamide",,CC[C@@H](C)C(C(=O)NC[C@H]1C[C@@](C)(O)C1)N(C)C(=O)CCOC(C)C,
35749,O=C1NC[C@H](C(=O)N2CCN(C(=O)[C@@H]3[C@H]4CCCC[C@H]43)C[C@H]2CO)N1,,,O=C1NCC(C(=O)N2CCN(C(=O)C3[C@H]4CCCC[C@@H]34)C[C@H]2CO)N1,
35755,CCCC[C@H](C)C(=O)NC[C@H]1[C@@H]2CN(C(=O)Cc3cc(F)ccc3Cl)C[C@H]12,,,CCCCC(C)C(=O)NC[C@@H]1[C@H]2CN(C(=O)Cc3cc(F)ccc3Cl)C[C@@H]12,
35807,Cc1ccc(CC(=O)N2C[C@H]3C[C@H](NC(=O)Cn4cc[n+](C)c4)C[C@H]3C2)cn1,,,Cc1ccc(CC(=O)N2C[C@H]3C[C@H](NC(=O)Cn4cc[n+](C)c4)C[C@H]3C2)cn1,
35816,CCCC(=O)N[C@@H]1[C@H]2CCN(C(=O)C3(C#N)CCSCC3)CC[C@H]21,,,CCCC(=O)N[C@H]1[C@@H]2CCN(C(=O)C3(C#N)CCSCC3)CC[C@@H]21,
35895,CO[C@]1(C(F)F)C[C@H](C(=O)NCCCN(C)C(=O)c2cc3sccc3n2C)C1,"N-(3-((1s,3s)-3-(difluoromethyl)-3-methoxycyclobutanecarboxamido)propyl)-N,6-dimethyl-2-thia-6-azabicyclo[3.3.0]octa-1(5),3,7-triene-7-carboxamide",,COC1(C(F)F)CC(C(=O)NCCCN(C)C(=O)c2cc3sccc3n2C)C1,
35908,CC(C)(C(=O)N1C[C@H]2CC[C@@](C(=O)N[C@@H]3[C@H]4CCC[C@H]43)(C2)C1)C1CC1,,,CC(C)(C(=O)N1C[C@H]2CC[C@@](C(=O)N[C@H]3[C@@H]4CCC[C@@H]43)(C2)C1)C1CC1,
35946,C[C@H](Cc1ccccc1)C(=O)N1C[C@H]2[C@H](NC(=O)CC3CC=CC3)[C@H]2C1,"2-(cyclopent-3-en-1-yl)-N-((1R,5S,6S)-3-((2R)-2-methyl-3-phenylpropanoyl)-3-azabicyclo[3.1.0]hexan-6-yl)acetamide",,CC(Cc1ccccc1)C(=O)N1C[C@@H]2[C@H](C1)[C@H]2NC(=O)CC1CC=CC1,
35956,CCC(C)(C)N[C@@H](C)C(=O)N1[C@H]2CC[C@@H]1C[C@@H](N(C)C(=O)Cn1cncc1C)C2,"N-methyl-2-(5-methyl-1H-imidazol-1-yl)-N-((1R,3R,5S)-8-((2S)-2-((2-methylbutan-2-yl)amino)propanoyl)-8-azabicyclo[3.2.1]octan-3-yl)acetamide",,CCC(C)(C)NC(C)C(=O)N1[C@@H]2CC[C@H]1C[C@H](N(C)C(=O)Cn1cncc1C)C2,
35979,CC(C)Cc1oncc1C(=O)N[C@@H]1C[C@@H]2CC[C@H](C1)N2C(=O)[C@@H](C(C)C)N(C)C,"N-((1R,3R,5S)-8-((2R)-2-(dimethylamino)-3-methylbutanoyl)-8-azabicyclo[3.2.1]octan-3-yl)-5-(2-methylpropyl)-1,2-oxazole-4-carboxamide",,CC(C)Cc1oncc1C(=O)N[C@H]1C[C@H]2CC[C@@H](C1)N2C(=O)C(C(C)C)N(C)C,
36000,Cn1cc(C(=O)NC[C@]2(F)C[C@@H](NC(=O)[C@@]34CCC[C@@H]3C4(F)F)C2)cn1,"N-(((1S,3s)-3-((1R,5S)-6,6-difluorobicyclo[3.1.0]hexane-1-carboxamido)-1-fluorocyclobutyl)methyl)-1-methyl-1H-pyrazole-4-carboxamide",,Cn1cc(C(=O)NC[C@]2(F)C[C@@H](NC(=O)[C@@]34CCC[C@@H]3C4(F)F)C2)cn1,
36003,C[C@]1(O)C[C@@H](C(=O)N[C@@H]2CCN(C(=O)Cc3ccc(Cl)nc3)C2)C1,"(1s,3S)-N-((3R)-1-(2-(6-chloropyridin-3-yl)acetyl)pyrrolidin-3-yl)-3-hydroxy-3-methylcyclobutanecarboxamide",,CC1(O)CC(C(=O)N[C@@H]2CCN(C(=O)Cc3ccc(Cl)nc3)C2)C1,
36092,CN(C[C@H]1[C@@H]2CN(C(=O)[C@@H](F)CC3CCC3)C[C@H]12)C(=O)CCCNC(=O)C1CC1,"N-(((1R,5S,6S)-3-((2S)-3-cyclobutyl-2-fluoropropanoyl)-3-azabicyclo[3.1.0]hexan-6-yl)methyl)-4-cyclopropanecarboxamido-N-methylbutanamide",,CN(C[C@@H]1[C@H]2CN(C(=O)C(F)CC3CCC3)C[C@@H]12)C(=O)CCCNC(=O)C1CC1,
36140,Cc1ccc2c(c1)C[C@@H](C(=O)N1[C@H]3CC[C@@H]1C[C@H](NC(=O)[C@]14COC[C@H]1C4)C3)S2,"(1S,5S)-N-((1R,3S,5S)-8-(((2S)-5-methyl-2,3-dihydro-1-benzothiophen-2-yl)carbonyl)-8-azabicyclo[3.2.1]octan-3-yl)-3-oxabicyclo[3.1.0]hexane-1-carboxamide",,Cc1ccc2c(c1)CC(C(=O)N1[C@@H]3CC[C@H]1C[C@@H](NC(=O)[C@]14COC[C@H]1C4)C3)S2,
36149,C#C[C@H](CNC(=O)[C@H]1C[C@@](C)(NC(=O)[C@@H]2CC=CCO2)C1)C(C)C,"(2S)-N-((1S,3R)-1-methyl-3-(((2R)-2-(propan-2-yl)but-3-yn-1-yl)carbamoyl)cyclobutyl)-3,6-dihydro-2H-pyran-2-carboxamide",,C#C[C@H](CNC(=O)C1CC(C)(NC(=O)C2CC=CCO2)C1)C(C)C,
36173,COC(=O)C(C)(C)ONC(=O)[C@H](F)C1(O)CN(C(=O)[C@@H]2[C@H]3COC[C@H]32)C1,,,COC(=O)C(C)(C)ONC(=O)C(F)C1(O)CN(C(=O)C2[C@H]3COC[C@@H]23)C1,
36231,CO[C@H]1C[C@H](C(=O)NCCN2CCN(C(=O)C3(Br)CC3)CC2)C[C@H]1OC,,,CO[C@H]1CC(C(=O)NCCN2CCN(C(=O)C3(Br)CC3)CC2)C[C@H]1OC,
36232,O=C(CC(F)(F)F)N[C@H]1C[C@@H]2CC[C@H](C1)N2C(=O)C1(F)CCCCC1,,,O=C(CC(F)(F)F)N[C@@H]1C[C@H]2CC[C@@H](C1)N2C(=O)C1(F)CCCCC1,
36282,CN(C)C1(C(=O)N[C@H]2C[C@@](C)(NC(=O)CCCOC3CCOCC3)C2)CC1,"1-(dimethylamino)-N-((1s,3s)-3-methyl-3-(4-((oxan-4-yl)oxy)butanamido)cyclobutyl)cyclopropanecarboxamide",,CN(C)C1(C(=O)N[C@H]2C[C@@](C)(NC(=O)CCCOC3CCOCC3)C2)CC1,
36303,C#CC[C@@H](NC(=O)C[C@H]1[C@@H]2CN(C(=O)c3cncc(C=C)c3)C[C@H]12)C(=O)NC,,,C#CCC(NC(=O)C[C@@H]1[C@H]2CN(C(=O)c3cncc(C=C)c3)C[C@@H]12)C(=O)NC,
36369,Cc1cn(C)nc1C(=O)N[C@@H]1CN(C(=O)[C@H]2C[C@](O)(C(F)(F)F)C2)CC[C@@H]1C,"N-((3S,4S)-1-(((1s,3R)-3-hydroxy-3-(trifluoromethyl)cyclobutyl)carbonyl)-4-methylpiperidin-3-yl)-1,4-dimethyl-1H-pyrazole-3-carboxamide",,Cc1cn(C)nc1C(=O)N[C@@H]1CN(C(=O)C2CC(O)(C(F)(F)F)C2)CC[C@@H]1C,
36378,CO[C@@]1(C(=O)N2C[C@H]3[C@H](NC(=O)Cc4cc(F)ccc4Cl)[C@H]3C2)CCSC1,"2-(2-chloro-5-fluorophenyl)-N-((1R,5S,6S)-3-(((3R)-3-methoxythiolan-3-yl)carbonyl)-3-azabicyclo[3.1.0]hexan-6-yl)acetamide",,CO[C@@]1(C(=O)N2C[C@@H]3[C@H](C2)[C@H]3NC(=O)Cc2cc(F)ccc2Cl)CCSC1,
36391,CC(C(=O)N[C@]1(C)C[C@H](NC(=O)[C@H]2OC[C@H]3CCC[C@@H]2C3)C1)=C1CCCC1,"2-cyclopentylidene-N-((1R,3s)-1-methyl-3-((1R,2S,5S)-3-oxabicyclo[3.3.1]nonane-2-carboxamido)cyclobutyl)propanamide",,CC(C(=O)N[C@]1(C)C[C@H](NC(=O)C2OC[C@H]3CCC[C@@H]2C3)C1)=C1CCCC1,
36463,C[C@H](C[C@H]1CCCO1)C(=O)NC[C@]1(F)C[C@H](CNC(=O)Cc2ccno2)C1,"(2R)-N-(((1r,3R)-1-fluoro-3-((2-(1,2-oxazol-5-yl)acetamido)methyl)cyclobutyl)methyl)-2-methyl-3-((2R)-oxolan-2-yl)propanamide",,CC(C[C@H]1CCCO1)C(=O)NC[C@]1(F)C[C@H](CNC(=O)Cc2ccno2)C1,
36465,CCC[C@](C)(O)C(=O)NC[C@H]1C[C@](F)(CNC(=O)CC2CC(OCC)C2)C1,"(2S)-N-(((1s,3R)-3-((2-(3-ethoxycyclobutyl)acetamido)methyl)-3-fluorocyclobutyl)methyl)-2-hydroxy-2-methylpentanamide",,CCC[C@](C)(O)C(=O)NC[C@H]1C[C@](F)(CNC(=O)CC2CC(OCC)C2)C1,
36487,C[C@@H](CNC(=O)[C@H]1C[C@H]2[C@@H](C1)C2(C)C)NC(=O)CSCc1csc(=N)[nH]1,,,C[C@@H](CNC(=O)C1C[C@@H]2[C@H](C1)C2(C)C)NC(=O)CSCc1csc(N)n1,
36499,Cn1ccnc1[C@@H]1OCC[C@H]1C(=O)N[C@H]1C[C@@](C)(NC(=O)CCc2cncs2)C1,"(2R,3R)-2-(1-methyl-1H-imidazol-2-yl)-N-((1s,3S)-3-methyl-3-(3-(1,3-thiazol-5-yl)propanamido)cyclobutyl)oxolane-3-carboxamide",,Cn1ccnc1[C@@H]1OCCC1C(=O)N[C@H]1C[C@@](C)(NC(=O)CCc2cncs2)C1,
36537,Cc1ccc(Cl)cc1C(=O)N[C@H]1C[C@](F)(CNC(=O)C=CCN2CCCC2)C1,"5-chloro-N-((1s,3s)-3-fluoro-3-((4-(pyrrolidin-1-yl)but-2-enamido)methyl)cyclobutyl)-2-methylbenzamide",,Cc1ccc(Cl)cc1C(=O)N[C@H]1C[C@](F)(CNC(=O)C=CCN2CCCC2)C1,
36568,CC=CC=CC(=O)NC[C@]1(F)C[C@H](CNC(=O)c2cc(F)cc(F)c2OC)C1,"N-(((1r,3r)-3-((3,5-difluoro-2-methoxybenzamido)methyl)-1-fluorocyclobutyl)methyl)hexa-2,4-dienamide",,CC=CC=CC(=O)NC[C@]1(F)C[C@H](CNC(=O)c2cc(F)cc(F)c2OC)C1,
36584,CCc1cccnc1C(=O)N[C@H]1[C@@H]2CN(C(=O)CCc3ccc[nH]3)C[C@@H]21,,,CCc1cccnc1C(=O)N[C@H]1[C@@H]2CN(C(=O)CCc3ccc[nH]3)C[C@@H]21,
36614,CC(=CC1CC1)C(=O)N[C@@H]1C[C@@H]2C[C@H](NC(=O)[C@@H](C)C(F)(F)F)C[C@@H]2C1,,,CC(=CC1CC1)C(=O)N[C@@H]1C[C@@H]2C[C@H](NC(=O)C(C)C(F)(F)F)C[C@@H]2C1,
36637,CC(=O)NCC(=O)N[C@@H]1C[C@@H]2C[C@H](NC(=O)[C@@H]3CCc4nncn4C3)C[C@@H]2C1,,,CC(=O)NCC(=O)N[C@@H]1C[C@@H]2C[C@H](NC(=O)C3CCc4nncn4C3)C[C@@H]2C1,
36642,Cc1cc(C(=O)N2CC[C@@H](C)[C@@H]2C(=O)N2[C@H]3CC[C@@H]2C[C@@H](F)C3)ncn1,"((2R,3R)-2-(((1R,3S,5S)-3-fluoro-8-azabicyclo[3.2.1]octan-8-yl)carbonyl)-3-methylpyrrolidin-1-yl)(6-methylpyrimidin-4-yl)methanone",,Cc1cc(C(=O)N2CC[C@@H](C)C2C(=O)N2[C@@H]3CC[C@H]2C[C@H](F)C3)ncn1,
36705,Cc1noc(N)c1C(=O)N[C@H]1C[C@@H]2CC[C@H](C1)N2C(=O)CC[C@H]1CCCN(C)C1,"5-amino-3-methyl-N-((1R,3S,5S)-8-(3-((3R)-1-methylpiperidin-3-yl)propanoyl)-8-azabicyclo[3.2.1]octan-3-yl)-1,2-oxazole-4-carboxamide",,Cc1noc(N)c1C(=O)N[C@@H]1C[C@H]2CC[C@@H](C1)N2C(=O)CC[C@H]1CCCN(C)C1,
36713,O=C(NCc1cc(F)ccc1F)[C@@H]1[C@H]2CN(C(=O)CC[C@H]3CC3(F)F)C[C@H]21,"(1R,5S,6S)-3-(3-((1S)-2,2-difluorocyclopropyl)propanoyl)-N-((2,5-difluorophenyl)methyl)-3-azabicyclo[3.1.0]hexane-6-carboxamide",,O=C(NCc1cc(F)ccc1F)C1[C@H]2CN(C(=O)CC[C@H]3CC3(F)F)C[C@@H]12,
36740,CN1CCN(CC(=O)N[C@H](CNC(=O)[C@@H]2C[C@@H]3C[C@@H]3C2)c2ccccc2)CC1=O,,,CN1CCN(CC(=O)N[C@H](CNC(=O)C2C[C@@H]3C[C@@H]3C2)c2ccccc2)CC1=O,
36831,C=C1C[C@@H]1C(=O)NC[C@]1(F)C[C@@H](CNC(=O)[C@@H](C)Sc2ccc(OC)cc2)C1,"(1S)-N-(((1S,3R)-1-fluoro-3-(((2R)-2-((4-methoxyphenyl)sulfanyl)propanamido)methyl)cyclobutyl)methyl)-2-methylidenecyclopropanecarboxamide",,C=C1CC1C(=O)NC[C@]1(F)C[C@@H](CNC(=O)C(C)Sc2ccc(OC)cc2)C1,
36933,C[C@H](OCC1CC1)C(=O)NCc1cccc(C(=O)N[C@@H]2[C@H]3CCCC[C@H]32)n1,,,CC(OCC1CC1)C(=O)NCc1cccc(C(=O)N[C@H]2[C@@H]3CCCC[C@@H]32)n1,
36934,Cc1ccc(C(=O)N[C@@H]2COCC[C@@H]2NC(=O)[C@@H]2[C@H]3CCC[C@H]32)c(N)n1,,,Cc1ccc(C(=O)N[C@@H]2COCC[C@@H]2NC(=O)C2[C@H]3CCC[C@@H]23)c(N)n1,
36939,Cc1ccc(CN(C)CC(=O)N2C[C@H]3[C@@H](C2)[C@@H]3C(=O)N(C)CC2(CO)CC2)cc1,,,Cc1ccc(CN(C)CC(=O)N2C[C@@H]3C(C(=O)N(C)CC4(CO)CC4)[C@@H]3C2)cc1,
36992,CO[C@H](CC(C)C)C(=O)N[C@]1(C)C[C@H](C(=O)N[C@@H]2CCS(=O)(=O)C2)C1,"(2R)-N-((1S,3S)-3-(((3R)-1,1-dioxo-1lambda^6-thiolan-3-yl)carbamoyl)-1-methylcyclobutyl)-2-methoxy-4-methylpentanamide",,COC(CC(C)C)C(=O)NC1(C)CC(C(=O)N[C@@H]2CCS(=O)(=O)C2)C1,
37107,C[C@@H](Cc1ccccc1)C(=O)N1[C@H]2CC[C@@H]1C[C@H](NC(=O)C1=C[C@@H](O)CCC1)C2,"(3S)-3-hydroxy-N-((1R,3S,5S)-8-((2S)-2-methyl-3-phenylpropanoyl)-8-azabicyclo[3.2.1]octan-3-yl)cyclohex-1-ene-1-carboxamide",,CC(Cc1ccccc1)C(=O)N1[C@@H]2CC[C@H]1C[C@@H](NC(=O)C1=C[C@@H](O)CCC1)C2,
37222,Cc1ccc(OCCCC(=O)N2C[C@H]3[C@H](CNC(=O)C(=O)N(C)C)[C@H]3C2)cc1,,,Cc1ccc(OCCCC(=O)N2C[C@@H]3[C@@H](CNC(=O)C(=O)N(C)C)[C@@H]3C2)cc1,
37263,COc1cncc(C(=O)N[C@H]2C[C@@](C)(NC(=O)c3cc4c(s3)CN(C)CC4)C2)n1,"N-((1s,3s)-3-(6-methoxypyrazine-2-carboxamido)-1-methylcyclobutyl)-4-methyl-7-thia-4-azabicyclo[4.3.0]nona-1(6),8-diene-8-carboxamide",,COc1cncc(C(=O)N[C@H]2C[C@@](C)(NC(=O)c3cc4c(s3)CN(C)CC4)C2)n1,
37273,CC(C)(C)[C@@H](CNC(=O)[C@H](O)c1ccccn1)NC(=O)[C@H]1C[C@](F)(CO)C1,"(2R)-N-((2S)-2-((1s,3R)-3-fluoro-3-(hydroxymethyl)cyclobutanecarboxamido)-3,3-dimethylbutyl)-2-hydroxy-2-(pyridin-2-yl)acetamide",,CC(C)(C)[C@@H](CNC(=O)C(O)c1ccccn1)NC(=O)C1CC(F)(CO)C1,
37283,O=C(NC[C@@H]1CCN(C(=O)[C@@H]2C=CCS2)C12CCC2)[C@@H]1[C@H]2CCCCC[C@H]21,,,O=C(NC[C@@H]1CCN(C(=O)C2C=CCS2)C12CCC2)C1[C@H]2CCCCC[C@@H]12,
37319,CN1C[C@H]2[C@@H](C1)[C@@H]2C(=O)NC[C@H]1CN(C(=O)[C@H]2CCS(=O)(=O)C2)C2(CCC2)C1,,,CN1C[C@@H]2C(C(=O)NC[C@H]3CN(C(=O)C4CCS(=O)(=O)C4)C4(CCC4)C3)[C@@H]2C1,
37403,Cc1nccn1CCC(=O)N1[C@H]2CC[C@@H]1C[C@@H](CNC(=O)[C@]1(C)C[C@@H](C#N)C1)C2,,,Cc1nccn1CCC(=O)N1[C@@H]2CC[C@H]1C[C@H](CNC(=O)[C@]1(C)C[C@@H](C#N)C1)C2,
37455,NC(=O)c1ccnc(C(=O)NC[C@]2(F)C[C@@H](CNC(=O)c3cnns3)C2)c1,"N-(((1s,3s)-1-fluoro-3-((1,2,3-thiadiazole-5-carboxamido)methyl)cyclobutyl)methyl)pyridine-2,4-dicarboxamide",,NC(=O)c1ccnc(C(=O)NC[C@]2(F)C[C@@H](CNC(=O)c3cnns3)C2)c1,
37490,Cn1nc(C(F)F)cc1C(=O)N1C[C@H]2[C@H](NC(=O)c3cccnc3)[C@H]2C1,,,Cn1nc(C(F)F)cc1C(=O)N1C[C@@H]2[C@H](C1)[C@H]2NC(=O)c1cccnc1,
37491,CC(C)CCCC(=O)N[C@@H](CNC(=O)[C@@H]1[C@@H](C)[C@H]1C)c1ccccc1Br,,,CC(C)CCCC(=O)N[C@@H](CNC(=O)C1[C@@H](C)[C@H]1C)c1ccccc1Br,
37502,CSCCCC(=O)N[C@H]1C[C@]2(CCCCN2C(=O)[C@@H]2C[C@]23CCCOC3)C1,"4-(methylsulfanyl)-N-(5-((1R,3R)-5-oxaspiro[2.5]octan-1-ylcarbonyl)-5-azaspiro[3.5]nonan-2-yl)butanamide",CSCCCC(=O)NC1CC2(C1)N(CCCC2)C(=O)[C@@H]2C[C@@]21COCCC1,CSCCCC(=O)N[C@H]1C[C@]2(CCCCN2C(=O)C2C[C@]23CCCOC3)C1,CSCCCC(=O)NC1CC2(CCCCN2C(=O)C2C[C@]23CCCOC3)C1
37533,Cc1nc(C2CC2)oc1C(=O)N1C[C@H]2[C@H](NC(=O)C3(C(F)F)CCCCC3)[C@H]2C1,,,Cc1nc(C2CC2)oc1C(=O)N1C[C@@H]2[C@H](C1)[C@H]2NC(=O)C1(C(F)F)CCCCC1,
37590,CC(C)[C@@H](CNC(=O)[C@H]1C[C@H]2[C@@H](C1)C2(F)F)NC(=O)CCc1ccon1,,,CC(C)[C@@H](CNC(=O)C1C[C@@H]2[C@H](C1)C2(F)F)NC(=O)CCc1ccon1,
37649,CCCOCC(=O)N[C@H]1C[C@@](F)(CNC(=O)/C=C/c2ccc(S(N)(=O)=O)cc2)C1,"(2E)-N-(((1r,3r)-1-fluoro-3-(2-propoxyacetamido)cyclobutyl)methyl)-3-(4-sulfamoylphenyl)prop-2-enamide",,CCCOCC(=O)N[C@H]1C[C@@](F)(CNC(=O)/C=C/c2ccc(S(N)(=O)=O)cc2)C1,
37736,C[C@@H]1CCN(C(=O)[C@]23[C@H]4C[C@@H]2[C@@H]2[C@H](C(=O)N[C@H]5CC[C@@H](F)CC5)[C@@H]4[C@H]23)CC1(F)F,"(1R,2S,3S,4S,5S,6S,8R)-N-(cis-4-fluorocyclohexyl)-1-(((4R)-3,3-difluoro-4-methylpiperidin-1-yl)carbonyl)tetracyclo[4.2.0.0^{3,8}.0^{2,5}]octane-4-carboxamide",,C[C@@H]1CCN(C(=O)[C@]23[C@H]4[C@H]5C(C(=O)N[C@H]6CC[C@@H](F)CC6)[C@H]4[C@@H]2C[C@H]53)CC1(F)F,
37779,Cc1ncc(CCC(=O)N2C[C@@H]3C[C@H](NC(=O)C4CN(C(N)=O)C4)C[C@@H](C3)C2)o1,,,Cc1ncc(CCC(=O)N2C[C@@H]3C[C@@H](C[C@H](NC(=O)C4CN(C(N)=O)C4)C3)C2)o1,
37788,O=C(N[C@@H]1CN(C(=O)[C@@H]2[C@H]3CCC[C@H]32)[C@@H]2CCCC[C@H]12)[C@@H](O)C1CCC1,,,O=C(N[C@@H]1CN(C(=O)C2[C@H]3CCC[C@@H]23)[C@@H]2CCCC[C@@H]21)C(O)C1CCC1,
37858,Cc1scc(C(=O)N[C@H]2C[C@](F)(CNC(=O)[C@H]3C[C@@]3(C)c3ccccc3)C2)c1N,"4-amino-N-((1R,3s)-3-fluoro-3-(((1S,2R)-2-methyl-2-phenylcyclopropanecarboxamido)methyl)cyclobutyl)-5-methylthiophene-3-carboxamide",,Cc1scc(C(=O)N[C@H]2C[C@](F)(CNC(=O)C3C[C@@]3(C)c3ccccc3)C2)c1N,
37911,Cc1cc[nH]c(=N)c1C(=O)N[C@H]1C[C@@](C)(NC(=O)[C@@H]2CN3CCC[C@H]2CC3)C1,"(5S,6S)-N-((1s,3R)-3-(2-imino-4-methyl-1,2-dihydropyridine-3-carboxamido)-1-methylcyclobutyl)-1-azabicyclo[3.2.2]nonane-6-carboxamide",,Cc1ccnc(N)c1C(=O)N[C@H]1C[C@@](C)(NC(=O)C2CN3CCC[C@H]2CC3)C1,
37960,CC1(C)C[C@H](CCNC(=O)CC2(CNC(=O)[C@@H]3C[C@@H]4CC[C@@H]4C3)CC2)CO1,,,CC1(C)C[C@H](CCNC(=O)CC2(CNC(=O)C3C[C@H]4CC[C@H]4C3)CC2)CO1,
37968,C[C@]1(NC(=O)[C@@H]2C[C@H]3C=C[C@@H]2O3)C[C@@H](C(=O)N2CC(OC(F)F)C2)C1,"(1S,2R,4S)-N-((1s,3S)-3-((3-((difluoromethyl)oxy)azetidin-1-yl)carbonyl)-1-methylcyclobutyl)-7-oxabicyclo[2.2.1]hept-5-ene-2-carboxamide",,CC1(NC(=O)C2C[C@H]3C=C[C@@H]2O3)CC(C(=O)N2CC(OC(F)F)C2)C1,
37971,Cc1nn(CC(=O)N[C@H]2C[C@@H]3C[C@H](C2)CN(C(=O)c2ccc[nH]2)C3)c(=O)o1,,,Cc1nn(CC(=O)N[C@@H]2C[C@H]3C[C@@H](C2)CN(C(=O)c2ccc[nH]2)C3)c(=O)o1,
38011,CCN1CCOC[C@@H]1C(=O)NC[C@]1(F)C[C@H](CNC(=O)C(C)(C)C(C)C)C1,"(3R)-4-ethyl-N-(((1r,3R)-1-fluoro-3-((2,2,3-trimethylbutanamido)methyl)cyclobutyl)methyl)morpholine-3-carboxamide",,CCN1CCOCC1C(=O)NC[C@]1(F)C[C@H](CNC(=O)C(C)(C)C(C)C)C1,
38023,Cc1nc(C(=O)N[C@]2(C)C[C@H](NC(=O)c3ccccc3C(C)C)C2)sc1C,"4,5-dimethyl-N-((1s,3s)-1-methyl-3-(2-(propan-2-yl)benzamido)cyclobutyl)-1,3-thiazole-2-carboxamide",,Cc1nc(C(=O)N[C@]2(C)C[C@H](NC(=O)c3ccccc3C(C)C)C2)sc1C,
38045,O=C(NC[C@@H]1CCC2(CN(C(=O)CC3CCC3)C2)O1)[C@@H]1[C@H]2CCCCC[C@H]21,,,O=C(NC[C@@H]1CCC2(CN(C(=O)CC3CCC3)C2)O1)C1[C@H]2CCCCC[C@@H]12,
38067,C[C@@H](NC(=O)[C@@H]1[C@H]2[C@@H]3CC[C@@H](C3)[C@H]21)C(C)(C)C(=O)NC1CCC2(CCC2)CC1,,,C[C@@H](NC(=O)C1[C@@H]2[C@H]3CC[C@H](C3)[C@H]12)C(C)(C)C(=O)NC1CCC2(CCC2)CC1,
38279,CC[C@@H](NC(=O)[C@]1(NC(=O)[C@H]2C[C@@H]3C[C@@H]3C2)C[C@@H](O)C1)c1cccnc1,,,CC[C@@H](NC(=O)[C@]1(NC(=O)C2C[C@@H]3C[C@@H]3C2)C[C@@H](O)C1)c1cccnc1,
38302,N#CCOc1ccccc1C(=O)NC[C@]1(F)C[C@H](NC(=O)[C@]23CCCC[C@H]2C3)C1,"(1S,6S)-N-((1r,3S)-3-fluoro-3-((2-((2-nitriloethyl)oxy)benzamido)methyl)cyclobutyl)bicyclo[4.1.0]heptane-1-carboxamide",,N#CCOc1ccccc1C(=O)NC[C@]1(F)C[C@H](NC(=O)[C@]23CCCC[C@H]2C3)C1,
38372,Cc1c(CN2C[C@@H]3[C@H](C(=O)N4Cc5cccc(Cl)c5C4)[C@@H]3C2)nc2ccccn12,,,Cc1c(CN2C[C@@H]3C(C(=O)N4Cc5cccc(Cl)c5C4)[C@@H]3C2)nc2ccccn12,
38389,C[C@@H](CC(=O)N1CC(C)(NC(=O)[C@H]2C[C@H]3[C@@H](C2)C3(C)C)C1)C(C)(C)C,,,C[C@@H](CC(=O)N1CC(C)(NC(=O)C2C[C@@H]3[C@H](C2)C3(C)C)C1)C(C)(C)C,
38390,CSC[C@H](C)C(=O)N[C@H]1C[C@](F)(CNC(=O)c2ccc3cc(C)cn3c2)C1,"(2R)-N-((1s,3S)-3-fluoro-3-((2-methylindolizine-6-carboxamido)methyl)cyclobutyl)-2-methyl-3-(methylsulfanyl)propanamide",,CSCC(C)C(=O)N[C@H]1C[C@](F)(CNC(=O)c2ccc3cc(C)cn3c2)C1,
38518,C[C@H](Cc1ccncc1)C(=O)NC[C@]1(F)C[C@H](CNC(=O)c2csnn2)C1,"(2R)-N-(((1r,3R)-1-fluoro-3-((1,2,3-thiadiazole-4-carboxamido)methyl)cyclobutyl)methyl)-2-methyl-3-(pyridin-4-yl)propanamide",,CC(Cc1ccncc1)C(=O)NC[C@]1(F)C[C@H](CNC(=O)c2csnn2)C1,
38526,Cc1ncc(C(=O)NCCCOCCN(C)C(=O)[C@H]2C[C@@H]3C[C@@H]3C2)cc1Cl,,,Cc1ncc(C(=O)NCCCOCCN(C)C(=O)C2C[C@@H]3C[C@@H]3C2)cc1Cl,
38561,O=C(N[C@@H](CNC(=O)[C@H]1C[C@@H]2CC[C@H](C1)O2)C1CCCC1)c1ccnnc1S,,,O=C(N[C@@H](CNC(=O)C1C[C@H]2CC[C@@H](C1)O2)C1CCCC1)c1ccn[nH]c1=S,
38623,CN(C)C1CCC(C(=O)NC[C@]2(F)C[C@@H](CNC(=O)CCC#N)C2)CC1,"N-(((1s,3s)-3-((3-cyanopropanamido)methyl)-1-fluorocyclobutyl)methyl)-4-(dimethylamino)cyclohexanecarboxamide",,CN(C)C1CCC(C(=O)NC[C@]2(F)C[C@@H](CNC(=O)CCC#N)C2)CC1,
38635,C=C[C@H](C)CC(=O)N[C@H]1[C@@H]2CN(C(=O)c3ccc(OC)c(C(C)C)c3)C[C@@H]21,,,C=C[C@H](C)CC(=O)N[C@H]1[C@@H]2CN(C(=O)c3ccc(OC)c(C(C)C)c3)C[C@@H]21,
38656,CC(C)[C@@H](C(=O)N1C[C@H]2[C@H](CN(C)C(=O)c3cnncc3O)[C@H]2C1)n1cnnc1,"5-hydroxy-N-methyl-N-(((1R,5S,6S)-3-((2S)-3-methyl-2-(4H-1,2,4-triazol-4-yl)butanoyl)-3-azabicyclo[3.1.0]hexan-6-yl)methyl)pyridazine-4-carboxamide",,CC(C)C(C(=O)N1C[C@@H]2[C@@H](CN(C)C(=O)c3c[nH]ncc3=O)[C@@H]2C1)n1cnnc1,
38687,CNC(=O)NC1(C(=O)N2C[C@H]3[C@H](Nc4ncc5ccccc5n4)[C@H]3C2)CCCC1,,,CNC(=O)NC1(C(=O)N2C[C@@H]3[C@H](C2)[C@H]3Nc2ncc3ccccc3n2)CCCC1,
38716,CC=C[C@H](O)C(=O)N1C[C@H]2C[C@H](NC(=O)[C@H](CC)c3cccc(Cl)c3)C[C@H]2C1,"(2R)-2-(3-chlorophenyl)-N-((1R,5S,7R)-3-((2S)-2-hydroxypent-3-enoyl)-3-azabicyclo[3.3.0]octan-7-yl)butanamide",,CC=CC(O)C(=O)N1C[C@H]2C[C@H](NC(=O)C(CC)c3cccc(Cl)c3)C[C@H]2C1,
38860,Cc1cc(C(F)F)oc1C(=O)N[C@]1(C)C[C@@H](NC(=O)c2ccc(CO)o2)C1,"5-(difluoromethyl)-N-((1r,3r)-3-(5-(hydroxymethyl)furan-2-carboxamido)-1-methylcyclobutyl)-3-methylfuran-2-carboxamide",,Cc1cc(C(F)F)oc1C(=O)N[C@]1(C)C[C@@H](NC(=O)c2ccc(CO)o2)C1,
38870,CSc1ncc(C(=O)NC[C@@H]2C[C@@H]3CC[C@H](C2)N3C(=O)C=CCO)n1C,,,CSc1ncc(C(=O)NC[C@H]2C[C@H]3CC[C@@H](C2)N3C(=O)C=CCO)n1C,
38876,CN(C)CCOCC(=O)N[C@H](CCN(C)C(=O)[C@H]1C[C@@H]2CC[C@H](C1)O2)C(C)(C)C,,,CN(C)CCOCC(=O)N[C@H](CCN(C)C(=O)C1C[C@H]2CC[C@@H](C1)O2)C(C)(C)C,
38889,Cc1ccc(/C=C/C(=O)N[C@H]2[C@@H]3CN(C(=O)c4c(Cl)noc4C)C[C@@H]32)c(C)c1,,,Cc1ccc(C=CC(=O)N[C@H]2[C@@H]3CN(C(=O)c4c(Cl)noc4C)C[C@@H]32)c(C)c1,
38938,CCC(=O)N1CCC[C@@H]1[C@@H]1CCCN1C(=O)[C@@H]1[C@H]2CC(=O)C[C@H]21,,,CCC(=O)N1CCC[C@@H]1[C@@H]1CCCN1C(=O)C1[C@H]2CC(=O)C[C@@H]12,
38955,C[C@H](C(=O)NC(C)(C)C[C@H](F)C(=O)N[C@@H]1[C@H]2COC[C@H]21)c1cnn(C)c1,,,CC(C(=O)NC(C)(C)CC(F)C(=O)N[C@H]1[C@@H]2COC[C@@H]21)c1cnn(C)c1,
38961,C[C@H]1[C@H](NC(=O)c2cnc3c[nH]nc3c2)CCCN1C(=O)[C@@H]1C[C@@H]2C[C@@H]2C1,,,C[C@H]1[C@H](NC(=O)c2cnc3c[nH]nc3c2)CCCN1C(=O)C1C[C@@H]2C[C@@H]2C1,
39094,Cc1ncoc1C(=O)NC(C)(C)CCC(=O)N1[C@H]2CC[C@@H]1C[C@@H](F)C2,,,Cc1ncoc1C(=O)NC(C)(C)CCC(=O)N1[C@@H]2CC[C@H]1C[C@H](F)C2,
39099,COc1cc(CN2C[C@@H]3[C@H](C2)[C@@H]3NS(=O)(=O)Cc2cc(Cl)cc(Cl)c2)ccc1O,,,COc1cc(CN2C[C@@H]3[C@H](C2)[C@@H]3NS(=O)(=O)Cc2cc(Cl)cc(Cl)c2)ccc1O,
39140,CSC[C@@H](C)C(=O)N1[C@H]2CC[C@@H]1C[C@H](NC(=O)[C@@H](C)Cc1ccc(F)cc1)C2,"(2S)-3-(4-fluorophenyl)-2-methyl-N-((1R,3S,5S)-8-((2S)-2-methyl-3-(methylsulfanyl)propanoyl)-8-azabicyclo[3.2.1]octan-3-yl)propanamide",,CSCC(C)C(=O)N1[C@@H]2CC[C@H]1C[C@@H](NC(=O)C(C)Cc1ccc(F)cc1)C2,
39205,COCc1ncc(C(=O)N[C@H]2[C@@H]3CN(C(=O)CC[C@@H]4CCCOC4)C[C@@H]32)s1,"2-(methoxymethyl)-N-((1R,5S,6R)-3-(3-((3S)-oxan-3-yl)propanoyl)-3-azabicyclo[3.1.0]hexan-6-yl)-1,3-thiazole-5-carboxamide",,COCc1ncc(C(=O)N[C@H]2[C@@H]3CN(C(=O)CC[C@@H]4CCCOC4)C[C@@H]32)s1,
39392,C#CCn1cccc1C(=O)N[C@]1(C(=O)N[C@H](C#C)C2CC2)C[C@H](O)C1,"N-((1s,3R)-1-(((1S)-1-cyclopropylprop-2-yn-1-yl)carbamoyl)-3-hydroxycyclobutyl)-1-(prop-2-yn-1-yl)-1H-pyrrole-2-carboxamide",,C#CCn1cccc1C(=O)N[C@]1(C(=O)N[C@H](C#C)C2CC2)C[C@H](O)C1,
39455,C[C@H]1[C@@H](C)[C@@H]1C(=O)N1CCC(O)(CCNC(=O)CN2CCCCCC2)CC1,,,C[C@@H]1C(C(=O)N2CCC(O)(CCNC(=O)CN3CCCCCC3)CC2)[C@@H]1C,
39472,CCN(C(=O)CC[C@@H](C)NC(=O)[C@H]1C[C@H]2[C@@H](C1)C2(C)C)[C@H]1CCN(C)C1,,,CCN(C(=O)CC[C@@H](C)NC(=O)C1C[C@@H]2[C@H](C1)C2(C)C)[C@H]1CCN(C)C1,
39478,CN(C[C@H]1CN(C(=O)C(C)(C)CC#N)CCO1)C(=O)[C@@H]1C[C@H]2CCC[C@H](C2)C1,,,CN(C[C@H]1CN(C(=O)C(C)(C)CC#N)CCO1)C(=O)C1C[C@H]2CCC[C@@H](C1)C2,
39497,C[C@H]1C[C@@H]1C(=O)N[C@H]1C[C@H]2COC[C@@H](C1)N2C(=O)c1cc([N+](=O)[O-])n(C)n1,,,C[C@H]1CC1C(=O)N[C@H]1C[C@H]2COC[C@@H](C1)N2C(=O)c1cc([N+](=O)[O-])n(C)n1,
39498,O=C(c1ccc(F)c(Cl)c1)N1C[C@H]2[C@H](N=c3cc(Cl)nc([C@H]4CCCO4)[nH]3)[C@H]2C1,,,O=C(c1ccc(F)c(Cl)c1)N1C[C@@H]2[C@H](C1)[C@H]2Nc1cc(Cl)nc([C@H]2CCCO2)n1,
39506,CC1(C)O[C@H]2C[C@H](C(=O)N3CC(CO)(NC(=O)c4ccc(F)s4)C3)C[C@H]2O1,,,CC1(C)O[C@H]2CC(C(=O)N3CC(CO)(NC(=O)c4ccc(F)s4)C3)C[C@H]2O1,
39549,C#CC1(C(=O)N[C@H]2C[C@@H]3CN(C(=O)C=C(C)C(C)(C)C)C[C@@H]3C2)CCCC1,,,C#CC1(C(=O)N[C@H]2C[C@@H]3CN(C(=O)C=C(C)C(C)(C)C)C[C@@H]3C2)CCCC1,
39559,C[C@H]1CC=CC[C@@H]1C(=O)N1C[C@H]2[C@@H](C1)[C@@H]2C(=O)Nc1cccnc1OC(F)F,"(1R,5S,6S)-N-(2-((difluoromethyl)oxy)pyridin-3-yl)-3-(((1S,6S)-6-methylcyclohex-3-en-1-yl)carbonyl)-3-azabicyclo[3.1.0]hexane-6-carboxamide",,C[C@H]1CC=CCC1C(=O)N1C[C@@H]2C(C(=O)Nc3cccnc3OC(F)F)[C@@H]2C1,
39567,CN1C(=O)CSC1=CC(=O)N(C)[C@H]1[C@@H]2CN(C(=O)COC[C@@H]3CCCO3)C[C@@H]21,"N-methyl-2-(3-methyl-4-oxo-1,3-thiazolidin-2-ylidene)-N-((1R,5S,6R)-3-(2-((((2S)-oxolan-2-yl)methyl)oxy)acetyl)-3-azabicyclo[3.1.0]hexan-6-yl)acetamide",,CN1C(=O)CSC1=CC(=O)N(C)[C@H]1[C@@H]2CN(C(=O)COC[C@@H]3CCCO3)C[C@@H]21,
39581,CC(C)(CC(=O)N[C@]1(C)C[C@H](NC(=O)c2cc(Br)c[nH]2)C1)CC(F)(F)F,"N-((1s,3s)-3-(4-bromo-1H-pyrrole-2-carboxamido)-1-methylcyclobutyl)-5,5,5-trifluoro-3,3-dimethylpentanamide",,CC(C)(CC(=O)N[C@]1(C)C[C@H](NC(=O)c2cc(Br)c[nH]2)C1)CC(F)(F)F,
39624,C#CC[C@]1(O)C[C@@H](C(=O)NCC2(NC(=O)[C@@H]3C[C@]3(C)Br)CC2)C1,"(1s,3R)-N-((1-((1S,2S)-2-bromo-2-methylcyclopropanecarboxamido)cyclopropyl)methyl)-3-hydroxy-3-(prop-2-yn-1-yl)cyclobutanecarboxamide",,C#CCC1(O)CC(C(=O)NCC2(NC(=O)C3C[C@]3(C)Br)CC2)C1,
39653,CCC[C@@H](C(=O)N[C@H]1C[C@]2(CCCCN2C(=O)[C@H](C)COCC)C1)C(C)C,(2R)-N-(5-((2R)-3-ethoxy-2-methylpropanoyl)-5-azaspiro[3.5]nonan-2-yl)-2-(propan-2-yl)pentanamide,C(C)OC[C@H](C(=O)N1C2(CC(C2)NC([C@H](CCC)C(C)C)=O)CCCC1)C,CCCC(C(=O)N[C@H]1C[C@]2(CCCCN2C(=O)C(C)COCC)C1)C(C)C,CCCC(C(=O)NC1CC2(CCCCN2C(=O)C(C)COCC)C1)C(C)C
39771,COCCSCc1ccc(C(=O)N[C@@H](CO)CNC(=O)[C@@H]2[C@H]3CCC[C@H]32)o1,,,COCCSCc1ccc(C(=O)N[C@@H](CO)CNC(=O)C2[C@H]3CCC[C@@H]23)o1,
39817,C[C@H]1C[C@](C)(C(=O)NCCO[C@@H]2CCN(C(=O)CN3CSCC3=O)C2)C[C@@H](C)O1,,,C[C@@H]1C[C@@](C)(C(=O)NCCO[C@@H]2CCN(C(=O)CN3CSCC3=O)C2)C[C@H](C)O1,
39829,CCc1nc(-c2ccc(C(=O)N[C@H]3C[C@@](C)(NC(=O)[C@@H](C)COC)C3)cc2)n[nH]1,"4-(5-ethyl-1H-1,2,4-triazol-3-yl)-N-((1R,3s)-3-((2S)-3-methoxy-2-methylpropanamido)-3-methylcyclobutyl)benzamide",,CCc1n[nH]c(-c2ccc(C(=O)N[C@H]3C[C@@](C)(NC(=O)C(C)COC)C3)cc2)n1,
39857,CN(C(=O)[C@@H]1CCOC1)[C@H]1[C@@H]2CN(C(=O)C[C@]3(O)CCOc4ccccc43)C[C@@H]21,"(3R)-N-((1R,5S,6S)-3-(2-((4R)-4-hydroxy-3,4-dihydro-2H-1-benzopyran-4-yl)acetyl)-3-azabicyclo[3.1.0]hexan-6-yl)-N-methyloxolane-3-carboxamide",,CN(C(=O)C1CCOC1)[C@H]1[C@@H]2CN(C(=O)C[C@]3(O)CCOc4ccccc43)C[C@@H]21,
39873,C[C@@H]1CN(C(=O)[C@@H]2[C@H]3COC[C@H]32)CCN1C(=O)CCc1cccc2cnccc12,,,C[C@@H]1CN(C(=O)C2[C@H]3COC[C@@H]23)CCN1C(=O)CCc1cccc2cnccc12,
39880,CC=C[C@H](O)C(=O)NC[C@]1(O)C[C@@H]2CC[C@H](C1)N2C(=O)c1cc(C)cnc1N,,,CC=CC(O)C(=O)NC[C@@]1(O)C[C@H]2CC[C@@H](C1)N2C(=O)c1cc(C)cnc1N,
39941,C[C@]1(NC(=O)CCS(=O)(=O)C(F)(F)F)C[C@@H](NC(=O)[C@H]2CCC3(CC3)C2)C1,"N-((1R,3s)-1-methyl-3-((5S)-spiro[2.4]heptane-5-carboxamido)cyclobutyl)-3-((trifluoromethyl)sulfonyl)propanamide",,C[C@]1(NC(=O)CCS(=O)(=O)C(F)(F)F)C[C@@H](NC(=O)C2CCC3(CC3)C2)C1,
39976,C[C@@H]1CCN(C(=O)[C@H]2C[C@@H]3C[C@@H]3C2)C[C@@H]1CNC(=O)c1onc2c1CCCC2,,,C[C@@H]1CCN(C(=O)C2C[C@@H]3C[C@@H]3C2)C[C@@H]1CNC(=O)c1onc2c1CCCC2,
39986,NC(=O)N[C@H](CO)C(=O)N=S1(=O)CCC2(CC1)CN(C(=O)C1=CCCS1)CCO2,N-((2R)-1-hydroxy-3-oxo-3-((1-oxo-1lambda^6-thian-1-ylidene)amino)propan-2-yl)urea,OC[C@H](C(N=S1(CCCCC1)=O)=O)NC(=O)N,NC(=O)N=C(CO)C(=O)N[SH]1(=O)CCC2(CC1)CN(C(=O)C1=CCCS1)CCO2,NC(=O)N=C(CO)C(=O)N[SH]1(=O)CCCCC1
40040,C=C=CCC(=O)NCC=C1CCN(C(=O)[C@@H]2[C@H]3CCCCC[C@H]32)CC1,,,C=C=CCC(=O)NCC=C1CCN(C(=O)C2[C@H]3CCCCC[C@@H]23)CC1,
40068,O=C(N[C@@H]1[C@H]2CCCC[C@H]21)c1ccc(NS(=O)(=O)C(F)(F)F)cc1,,,O=C(N[C@H]1[C@@H]2CCCC[C@@H]21)c1ccc(NS(=O)(=O)C(F)(F)F)cc1,
40089,CCO[C@@H]1C[C@H]1C(=O)N(C)[C@H]1[C@@H]2CN(C(=O)CS(=O)(=O)c3ccccc3Cl)C[C@@H]21,,,CCO[C@@H]1CC1C(=O)N(C)[C@H]1[C@@H]2CN(C(=O)CS(=O)(=O)c3ccccc3Cl)C[C@@H]21,
40114,C/C=C/CCNC(=O)[C@@H]1[C@H]2CN(C(=O)[C@]34CC[C@@H](OC)[C@H]3C4)C[C@H]21,"(1R,5S,6S)-3-(((1S,4R,5S)-4-methoxybicyclo[3.1.0]hexan-1-yl)carbonyl)-N-((3E)-pent-3-en-1-yl)-3-azabicyclo[3.1.0]hexane-6-carboxamide",,C/C=C/CCNC(=O)C1[C@H]2CN(C(=O)[C@]34CC[C@@H](OC)[C@H]3C4)C[C@@H]12,
40257,CCC1(CC)NC(=O)N(CC(=O)N[C@]2(C)C[C@@H](NC(=O)[C@](C)(F)CC)C2)C1=O,"(2R)-N-((1r,3R)-3-(2-(4,4-diethyl-2,5-dioxoimidazolidin-1-yl)acetamido)-3-methylcyclobutyl)-2-fluoro-2-methylbutanamide",,CCC1(CC)NC(=O)N(CC(=O)N[C@]2(C)C[C@@H](NC(=O)[C@](C)(F)CC)C2)C1=O,
40268,O=C(COCCF)N[C@H]1CCN(C(=O)[C@H]2C[C@@H]3CC[C@H](C2)C3=O)C12CC2,,,O=C(COCCF)N[C@H]1CCN(C(=O)C2CC3CCC(C2)C3=O)C12CC2,
40272,CC(C)OCCC(=O)N[C@H]1C[C@](C)(NC(=O)COc2ccc(Cl)cc2F)C1,"N-((1r,3r)-3-(2-((4-chloro-2-fluorophenyl)oxy)acetamido)-3-methylcyclobutyl)-3-isopropoxypropanamide",,CC(C)OCCC(=O)N[C@H]1C[C@](C)(NC(=O)COc2ccc(Cl)cc2F)C1,
40286,O=C(c1ccco1)N1CCN(C2CCN(C(=O)[C@@H]3[C@@H]4C[C@H]4[C@H]4C[C@H]43)CC2)C(=O)C1,"4-((furan-2-yl)carbonyl)-1-(1-(((1S,2R,4R,5R,6R)-tricyclo[4.1.0.0^{2,4}]heptan-5-yl)carbonyl)piperidin-4-yl)piperazin-2-one",,O=C(c1ccco1)N1CCN(C2CCN(C(=O)C3[C@@H]4C[C@@H]4[C@@H]4C[C@@H]34)CC2)C(=O)C1,
40293,CCc1ccccc1CC(=O)N1C[C@@H]2C[C@H](NC(=O)CC(Cl)Cl)C[C@@H](C2)C1,,,CCc1ccccc1CC(=O)N1C[C@@H]2C[C@@H](C[C@H](NC(=O)CC(Cl)Cl)C2)C1,
40298,C=C[C@H](O)C(=O)NC[C@@H](C)C1CCN(C(=O)[C@H]2C[C@](O)(c3cccnc3)C2)CC1,"(2S)-2-hydroxy-N-((2S)-2-(1-(((1s,3R)-3-hydroxy-3-(pyridin-3-yl)cyclobutyl)carbonyl)piperidin-4-yl)propyl)but-3-enamide",,C=CC(O)C(=O)NC[C@@H](C)C1CCN(C(=O)C2CC(O)(c3cccnc3)C2)CC1,
40499,CC1(C)[C@@H](C(=O)NOC[C@@H](O)CO)C[C@H]1NC(=O)[C@H]1C[C@@H]2CCC[C@@H]2C1,,,CC1(C)C(C(=O)NOC[C@@H](O)CO)C[C@H]1NC(=O)C1C[C@H]2CCC[C@H]2C1,
40549,CCc1sc(C(=O)N[C@H]2COCCN(C(=O)[C@H]3C[C@](O)(C#N)C3)C2)cc1C,"N-((6R)-4-(((1s,3S)-3-cyano-3-hydroxycyclobutyl)carbonyl)-1,4-oxazepan-6-yl)-5-ethyl-4-methylthiophene-2-carboxamide",,CCc1sc(C(=O)N[C@H]2COCCN(C(=O)C3CC(O)(C#N)C3)C2)cc1C,
40576,Cc1nc(=N)[nH]cc1C(=O)N[C@H]1[C@@H]2CN(C(=O)[C@@H]3C[C@H]4CCCCCC[C@@H]43)C[C@@H]21,"N-((1R,5S,6S)-3-(((1R,8S,9R)-bicyclo[6.2.0]decan-9-yl)carbonyl)-3-azabicyclo[3.1.0]hexan-6-yl)-2-imino-4-methyl-1,2-dihydropyrimidine-5-carboxamide",,Cc1nc(N)ncc1C(=O)N[C@H]1[C@@H]2CN(C(=O)C3C[C@H]4CCCCCC[C@H]34)C[C@@H]21,
40579,CC[C@@H]1CCN(C(=O)CC2(C)CC2)[C@@H]1C(=O)N[C@H]1C[C@H]2COC[C@H](C2)C1,,,CC[C@@H]1CCN(C(=O)CC2(C)CC2)C1C(=O)N[C@@H]1C[C@@H]2COC[C@@H](C2)C1,
40589,CS(=O)(=O)c1cccc(C(=O)NCCOCCNC(=O)[C@@H]2C[C@@H]3CC[C@@H]3C2)c1F,,,CS(=O)(=O)c1cccc(C(=O)NCCOCCNC(=O)C2C[C@H]3CC[C@H]3C2)c1F,
40594,COCc1ncc(C(=O)N[C@H]2C[C@](F)(CNC(=O)[C@@H]3[C@H]4CCCO[C@H]43)C2)s1,"N-((1S,3s)-3-fluoro-3-(((1R,6R,7R)-2-oxabicyclo[4.1.0]heptane-7-carboxamido)methyl)cyclobutyl)-2-(methoxymethyl)-1,3-thiazole-5-carboxamide",,COCc1ncc(C(=O)N[C@H]2C[C@](F)(CNC(=O)C3[C@H]4CCCO[C@@H]34)C2)s1,
40695,CCCCC[C@H](O)CC(=O)N[C@H]1C[C@](F)(CNC(=O)CCc2cnn(C)c2C)C1,"(3S)-N-((1s,3R)-3-((3-(1,5-dimethyl-1H-pyrazol-4-yl)propanamido)methyl)-3-fluorocyclobutyl)-3-hydroxyoctanamide",,CCCCC[C@H](O)CC(=O)N[C@H]1C[C@](F)(CNC(=O)CCc2cnn(C)c2C)C1,
40706,Cc1oc2ncnc(O)c2c1C(=O)N[C@H]1CCCC[C@@H]1NC(=O)[C@H]1C[C@@](C)(O)C1,"4-hydroxy-N-((1S,2S)-2-((1s,3R)-3-hydroxy-3-methylcyclobutanecarboxamido)cyclohexyl)-6-methylfuro[2,3-d]pyrimidine-5-carboxamide",,Cc1oc2[nH]cnc(=O)c2c1C(=O)N[C@H]1CCCC[C@@H]1NC(=O)C1CC(C)(O)C1,
40708,CCCc1cc(C(=O)N2[C@H]3CC[C@@H]2C[C@@H](NC(=O)C=CC(=O)N(C)C)C3)nn1C,,,CCCc1cc(C(=O)N2[C@@H]3CC[C@H]2C[C@H](NC(=O)C=CC(=O)N(C)C)C3)nn1C,
40774,CCO[C@@H](C(=O)N1C[C@H]2[C@H](CNC(=O)[C@H](C)c3ccn(C)n3)[C@H]2C1)C1CC1,"(2R)-N-(((1R,5S,6R)-3-((2R)-2-cyclopropyl-2-ethoxyacetyl)-3-azabicyclo[3.1.0]hexan-6-yl)methyl)-2-(1-methyl-1H-pyrazol-3-yl)propanamide",,CCOC(C(=O)N1C[C@@H]2[C@@H](CNC(=O)C(C)c3ccn(C)n3)[C@@H]2C1)C1CC1,
40840,Cc1ccc(CCC(=O)N[C@H]2C[C@@H]3CC[C@H](C2)N3C(=O)c2ccc(I)c(Cl)c2)s1,,,Cc1ccc(CCC(=O)N[C@@H]2C[C@H]3CC[C@@H](C2)N3C(=O)c2ccc(I)c(Cl)c2)s1,
40916,Cn1cc([C@@H]2C[C@H]2C(=O)N2[C@H]3CC[C@@H]2C[C@H](NC(=O)CSC(F)F)C3)cn1,"2-((difluoromethyl)sulfanyl)-N-((1R,3R,5S)-8-(((1R,2R)-2-(1-methyl-1H-pyrazol-4-yl)cyclopropyl)carbonyl)-8-azabicyclo[3.2.1]octan-3-yl)acetamide",,Cn1cc([C@@H]2CC2C(=O)N2[C@@H]3CC[C@H]2C[C@@H](NC(=O)CSC(F)F)C3)cn1,
40922,CC[S@@](=O)CC(=O)NC[C@H]1[C@@H]2CN(C(=O)c3cnc(N(C)C)cn3)C[C@H]12,,,CC[S@@+]([O-])CC(=O)NC[C@@H]1[C@H]2CN(C(=O)c3cnc(N(C)C)cn3)C[C@@H]12,
40962,CCCn1cc(Cl)c(C(=O)N2C[C@H]3[C@H](NC(=O)C4[C@H]5COC[C@H]45)[C@H]3C2)n1,,,CCCn1cc(Cl)c(C(=O)N2C[C@@H]3[C@H](C2)[C@H]3NC(=O)C2[C@H]3COC[C@H]23)n1,
40981,CCCN(C(=O)CCc1cocn1)[C@H]1CCN(C(=O)[C@H]2C[C@@H]3CC[C@H](C2)C3=O)C1,,,CCCN(C(=O)CCc1cocn1)[C@H]1CCN(C(=O)C2CC3CCC(C2)C3=O)C1,
41032,COc1ccc(CC(=O)N2C[C@H]3[C@H](NC(=O)CC[C@@H](C)SC)[C@H]3C2)c(Cl)c1,,,COc1ccc(CC(=O)N2C[C@@H]3[C@H](C2)[C@H]3NC(=O)CC[C@@H](C)SC)c(Cl)c1,
41045,CC(=O)N1CC(C(=O)N[C@@H]2[C@H]3C[C@H](NC(=O)CC[C@H]4CC4(C)C)C[C@H]32)C1,,,CC(=O)N1CC(C(=O)N[C@H]2[C@@H]3C[C@@H](NC(=O)CC[C@H]4CC4(C)C)C[C@@H]32)C1,
41056,COCCN(C)CC(=O)N(C)[C@H]1[C@@H]2CN(C(=O)c3cc(F)c(N)cc3OC)C[C@@H]21,,,COCCN(C)CC(=O)N(C)[C@H]1[C@@H]2CN(C(=O)c3cc(F)c(N)cc3OC)C[C@@H]21,
41080,O=C(CCC(F)(F)F)N1CCCN(C(=O)[C@H]2C[C@@](F)(CO)C2)CC1,"4,4,4-trifluoro-1-(4-(((1r,3r)-3-fluoro-3-(hydroxymethyl)cyclobutyl)carbonyl)-1,4-diazepan-1-yl)butan-1-one",,O=C(CCC(F)(F)F)N1CCCN(C(=O)C2CC(F)(CO)C2)CC1,
41141,COc1cc(CN2C[C@H]3[C@H](NC(=O)[C@H](C)c4ccco4)[C@H]3C2)on1,,,COc1cc(CN2C[C@@H]3[C@H](C2)[C@H]3NC(=O)C(C)c2ccco2)on1,
41148,O=C(CNC(=O)C(F)(F)C(F)(F)F)N1CCN(C(=O)[C@@H]2[C@H]3CC[C@H]32)CC1,,,O=C(CNC(=O)C(F)(F)C(F)(F)F)N1CCN(C(=O)C2[C@H]3CC[C@@H]23)CC1,
41194,C[C@]1(F)CC[C@@H](C(=O)N[C@H]2C[C@@H](NC(=O)c3nnc4n3CCCCC4)C2)CC1,"N-(cis-3-((1s,4s)-4-fluoro-4-methylcyclohexanecarboxamido)cyclobutyl)-1,8,9-triazabicyclo[5.3.0]deca-7,9-diene-10-carboxamide",,CC1(F)CCC(C(=O)N[C@H]2C[C@@H](NC(=O)c3nnc4n3CCCCC4)C2)CC1,
41254,CCCC1(C(=O)N2C[C@H]3[C@H](CNC(=O)/C=C/c4c(F)ccc(Cl)c4F)[C@H]3C2)CC1,,,CCCC1(C(=O)N2C[C@@H]3[C@@H](CNC(=O)/C=C/c4c(F)ccc(Cl)c4F)[C@@H]3C2)CC1,
41261,COc1cc(CCN(C)C(=O)C(=O)NC[C@@H]2C[C@@H]3CC[C@@H]3C2)ccc1O,,,COc1cc(CCN(C)C(=O)C(=O)NC[C@H]2C[C@H]3CC[C@H]3C2)ccc1O,
41369,CC(C)(C(=O)N1C[C@H]2[C@H](NC(=O)CCn3ccnc3)[C@H]2C1)[C@@H]1CCCCO1,"3-(1H-imidazol-1-yl)-N-((1R,5S,6R)-3-(2-methyl-2-((2S)-oxan-2-yl)propanoyl)-3-azabicyclo[3.1.0]hexan-6-yl)propanamide",,CC(C)(C(=O)N1C[C@@H]2[C@H](C1)[C@H]2NC(=O)CCn1ccnc1)[C@@H]1CCCCO1,
41386,CC[C@](C)(CNC(=O)[C@@H](CO)C(F)(F)F)C(=O)N(C)[C@H]1C[C@@H]2C[C@@H]2C1,,,CC[C@](C)(CNC(=O)C(CO)C(F)(F)F)C(=O)N(C)[C@@H]1C[C@H]2C[C@H]2C1,
41400,CC(C)C1CC(NC(=O)CONC(=O)[C@]2(C)C[C@@H]3C[C@@H]3C2)C1,,,CC(C)C1CC(NC(=O)CONC(=O)[C@@]2(C)C[C@H]3C[C@H]3C2)C1,
41402,CC(C)C[C@@H](C)CC(=O)NCCOCCNC(=O)[C@H]1CC[C@@](C)(O)CC1,"(3R)-N-(2-(2-((1s,4S)-4-hydroxy-4-methylcyclohexanecarboxamido)ethoxy)ethyl)-3,5-dimethylhexanamide",,CC(C)C[C@@H](C)CC(=O)NCCOCCNC(=O)C1CCC(C)(O)CC1,
41546,C[C@@H]1[C@H](C(=O)N(C)[C@H]2C[C@@H]3C[C@@H]3C2)CCCN1C(=O)C1CC(=C2CC2)C1,,,C[C@@H]1C(C(=O)N(C)[C@@H]2C[C@H]3C[C@H]3C2)CCCN1C(=O)C1CC(=C2CC2)C1,
41643,C=C1CC(C(=O)N[C@@H]2C[C@@H]3CC[C@H](C2)N3C(=O)CCc2cnco2)(C(F)(F)F)C1,,,C=C1CC(C(=O)N[C@H]2C[C@H]3CC[C@@H](C2)N3C(=O)CCc2cnco2)(C(F)(F)F)C1,
41729,C[C@@H](CNC(=O)[C@@H]1[C@H]2CC[C@H]21)CN(C)C(=O)C12CC3CC(CC(C3)C1)C2,,,C[C@@H](CNC(=O)C1[C@H]2CC[C@@H]12)CN(C)C(=O)C12CC3CC(CC(C3)C1)C2,
41739,C=CCCc1ccc(C(=O)NCCN(C(=O)[C@H]2C[C@@H]3C[C@@H]3C2)C2CC2)cc1,,,C=CCCc1ccc(C(=O)NCCN(C(=O)C2C[C@@H]3C[C@@H]3C2)C2CC2)cc1,
41754,O=C(CC1CC(=O)NC(=O)C1)NC[C@@H]1CN(C(=O)[C@@H]2[C@H]3COC[C@H]32)CCO1,,,O=C(CC1CC(=O)NC(=O)C1)NC[C@@H]1CN(C(=O)C2[C@H]3COC[C@@H]23)CCO1,
41762,Cc1cc[nH]c1C(=O)N1C[C@@H]2C[C@H](NC(=O)[C@@H]3CC4(CCC4)CO3)C[C@@H](C2)C1,,,Cc1cc[nH]c1C(=O)N1C[C@@H]2C[C@@H](C[C@H](NC(=O)C3CC4(CCC4)CO3)C2)C1,
41840,O=C(N[C@@H]1C[C@H](O)[C@H](O)C1)[C@@H]1[C@H]2C[C@H](O)[C@H](C2)N1C(=O)Cn1cnnc1O,,,O=C(N[C@H]1C[C@@H](O)[C@@H](O)C1)C1[C@H]2C[C@H](O)[C@H](C2)N1C(=O)Cn1cn[nH]c1=O,
41856,C[C@H](CC1CN(C(=O)[C@@H]2C[C@H]3[C@@H](C2)C3(F)F)C1)NC(=O)c1coc(Br)c1,,,C[C@H](CC1CN(C(=O)C2C[C@@H]3[C@H](C2)C3(F)F)C1)NC(=O)c1coc(Br)c1,
41951,Cc1cc(=NC[C@H]2[C@@H]3COC[C@H]23)[nH]c(N2CC[C@H](CC(C)(C)C)C2)n1,,,Cc1cc(NC[C@@H]2[C@H]3COC[C@@H]23)nc(N2CC[C@H](CC(C)(C)C)C2)n1,
41982,Cc1[nH]c2ccc(C(=O)N3C[C@H]4[C@H](CNC(=O)C(F)=CC5CC5)[C@H]4C3)cc2c1C,,,Cc1[nH]c2ccc(C(=O)N3C[C@@H]4[C@@H](CNC(=O)C(F)=CC5CC5)[C@@H]4C3)cc2c1C,
41998,C[C@H]1CCN(c2nc(Cl)nc3c2CCC3)C[C@H]1NC(=O)[C@H]1C[C@](F)(CO)C1,"(1s,3R)-N-((3S,4S)-1-(3-chloro-2,4-diazabicyclo[4.3.0]nona-1(6),2,4-trien-5-yl)-4-methylpiperidin-3-yl)-3-fluoro-3-(hydroxymethyl)cyclobutanecarboxamide",,C[C@H]1CCN(c2nc(Cl)nc3c2CCC3)C[C@H]1NC(=O)C1CC(F)(CO)C1,
42089,Cc1cc(C(=O)N2C[C@H]3[C@H](N(C)C(=O)c4cccc(Cl)c4C)[C@H]3C2)c(C)cc1Cl,,,Cc1cc(C(=O)N2C[C@@H]3[C@H](C2)[C@H]3N(C)C(=O)c2cccc(Cl)c2C)c(C)cc1Cl,
42099,CN1CCN(CC(=O)N[C@@H]2C[C@@H]3C[C@H]2N(C(=O)[C@H]2C[C@@H]4CC[C@H](C2)[C@@H]4O)C3)CC1,,,CN1CCN(CC(=O)N[C@@H]2C[C@@H]3C[C@H]2N(C(=O)C2C[C@H]4CC[C@@H](C2)[C@H]4O)C3)CC1,
42123,COC[C@@]1(C)C[C@@H]1C(=O)N[C@H]1C[C@](C)(NC(=O)CCCc2ccncc2)C1,"(1S,2S)-2-(methoxymethyl)-2-methyl-N-((1r,3S)-3-methyl-3-(4-(pyridin-4-yl)butanamido)cyclobutyl)cyclopropanecarboxamide",,COC[C@@]1(C)CC1C(=O)N[C@H]1C[C@](C)(NC(=O)CCCc2ccncc2)C1,
42139,C=CC[C@]1(C(=O)NC[C@@H](O)CC(F)(F)F)CCCN1C(=O)[C@@H]1[C@H]2CCCCC[C@H]21,,,C=CC[C@]1(C(=O)NC[C@@H](O)CC(F)(F)F)CCCN1C(=O)C1[C@H]2CCCCC[C@@H]12,
42206,Cc1cc(C(=O)N2C[C@H]3[C@H](N(C)C(=O)CCc4ccsc4)[C@H]3C2)ns1,,,Cc1cc(C(=O)N2C[C@@H]3[C@H](C2)[C@H]3N(C)C(=O)CCc2ccsc2)ns1,
42262,C[C@H]1C[C@@H](C(=O)N2CCN(C(=O)c3ccc(=O)oc3)[C@H]3CCC[C@H]32)C[C@@H](C)O1,,,C[C@@H]1CC(C(=O)N2CCN(C(=O)c3ccc(=O)oc3)[C@H]3CCC[C@H]32)C[C@H](C)O1,
42512,C[C@H]1C[C@@H](C(=O)N2CCN(C(=O)CC3=NN(C)C(=O)C3)[C@H]3CCC[C@H]32)C[C@@H](C)O1,,,C[C@@H]1CC(C(=O)N2CCN(C(=O)Cc3cc(=O)n(C)[nH]3)[C@H]3CCC[C@H]32)C[C@H](C)O1,
42565,COc1cc(NC(=O)[C@@H]2[C@H]3CN(C(=O)CCc4ccc(C)cn4)C[C@H]32)cnc1Br,,,COc1cc(NC(=O)C2[C@H]3CN(C(=O)CCc4ccc(C)cn4)C[C@@H]23)cnc1Br,
42596,CC(C)c1cc(CC(=O)N2C[C@H]3[C@H](N(C)C(=O)c4ccncc4)[C@H]3C2)on1,,,CC(C)c1cc(CC(=O)N2C[C@@H]3[C@H](C2)[C@H]3N(C)C(=O)c2ccncc2)on1,
42628,CSc1ccccc1C(=O)N[C@@H]1[C@@H]2CN(C(=O)c3ccc(F)c(Cl)c3F)C[C@@H]21,,,CSc1ccccc1C(=O)N[C@@H]1[C@@H]2CN(C(=O)c3ccc(F)c(Cl)c3F)C[C@@H]21,
42644,CN(CCNC(=O)CC[C@@H]1CCN(C(=O)[C@@H]2[C@H]3CCCCC[C@H]32)C1)C1CC1,,,CN(CCNC(=O)CC[C@@H]1CCN(C(=O)C2[C@H]3CCCCC[C@@H]23)C1)C1CC1,
42753,Cc1cc(C)cc(CCC(=O)NC[C@]2(F)C[C@@H](Nc3cc(F)ncn3)C2)c1,"3-(3,5-dimethylphenyl)-N-(((1s,3s)-1-fluoro-3-((6-fluoropyrimidin-4-yl)amino)cyclobutyl)methyl)propanamide",,Cc1cc(C)cc(CCC(=O)NC[C@]2(F)C[C@@H](Nc3cc(F)ncn3)C2)c1,
42757,Cc1ccccc1C=CC(=O)N[C@]1(C(=O)N2CCCC[C@@H]2CF)C[C@H](O)C1,"N-((1s,3S)-1-(((2R)-2-(fluoromethyl)piperidin-1-yl)carbonyl)-3-hydroxycyclobutyl)-3-(2-methylphenyl)prop-2-enamide",,Cc1ccccc1C=CC(=O)N[C@]1(C(=O)N2CCCC[C@@H]2CF)C[C@H](O)C1,
42846,Cn1cc(CCC(=O)N2CCC(C)(C)[C@@H](C(=O)N3C[C@H]4C[C@H](F)C[C@H]4C3)C2)nn1,"1-((3R)-3-(((1R,5S,7S)-7-fluoro-3-azabicyclo[3.3.0]octan-3-yl)carbonyl)-4,4-dimethylpiperidin-1-yl)-3-(1-methyl-1H-1,2,3-triazol-4-yl)propan-1-one",,Cn1cc(CCC(=O)N2CCC(C)(C)C(C(=O)N3C[C@H]4C[C@H](F)C[C@H]4C3)C2)nn1,
42857,C[C@H](CF)CC(=O)NC[C@H]1C[C@@H]2CC[C@H](C1)N2C(=O)c1ncc(Cl)cc1F,,,C[C@H](CF)CC(=O)NC[C@@H]1C[C@H]2CC[C@@H](C1)N2C(=O)c1ncc(Cl)cc1F,
42877,C[S+](C)CC[C@@H](O)C(=O)N1[C@H]2CC[C@@H]1C[C@@H](CNC(=O)Cc1ccns1)C2,"N-(((1R,3S,5S)-8-((2R)-4-(dimethylsulfaniumyl)-2-hydroxybutanoyl)-8-azabicyclo[3.2.1]octan-3-yl)methyl)-2-(1,2-thiazol-5-yl)acetamide",,C[S+](C)CCC(O)C(=O)N1[C@@H]2CC[C@H]1C[C@H](CNC(=O)Cc1ccns1)C2,
42915,O=C(CC=C(Cl)Cl)N[C@@H]1[C@H]2C[C@H](NC(=O)c3ocnc3C3CCC3)C[C@H]21,,,O=C(CC=C(Cl)Cl)N[C@H]1[C@@H]2C[C@@H](NC(=O)c3ocnc3C3CCC3)C[C@@H]21,
42980,CCN1CCC(C(=O)N[C@@H]2[C@H]3C[C@H](NC(=O)C4(C(C)C)CCC4)C[C@H]32)CC1,,,CCN1CCC(C(=O)N[C@H]2[C@@H]3C[C@@H](NC(=O)C4(C(C)C)CCC4)C[C@@H]32)CC1,
43149,C=C1CC2(C1)CC(C(=O)N1CCCC[C@]13C[C@H](NC(=O)[C@@H]1CSCCS1)C3)C2,"(2R)-N-(5-((6-methylidenespiro[3.3]heptan-2-yl)carbonyl)-5-azaspiro[3.5]nonan-2-yl)-1,4-dithiane-2-carboxamide",C=C1CC2(CC(C2)C(=O)N2C3(CC(C3)NC(=O)[C@H]3SCCSC3)CCCC2)C1,C=C1CC2(C1)CC(C(=O)N1CCCC[C@]13C[C@H](NC(=O)C1CSCCS1)C3)C2,C=C1CC2(C1)CC(C(=O)N1CCCCC13CC(NC(=O)C1CSCCS1)C3)C2
43150,CC(C(=O)N1CCCC[C@]12C[C@H](NC(=O)c1cc(C(N)=O)no1)C2)=C1CCCC1,"N'-(5-(2-cyclopentylidenepropanoyl)-5-azaspiro[3.5]nonan-2-yl)-1,2-oxazole-3,5-dicarboxamide",C1(CCCC1)=C(C(=O)N1C2(CC(C2)NC(=O)C2=CC(=NO2)C(=O)N)CCCC1)C,CC(C(=O)N1CCCC[C@]12C[C@H](NC(=O)c1cc(C(N)=O)no1)C2)=C1CCCC1,CC(C(=O)N1CCCCC12CC(NC(=O)c1cc(C(N)=O)no1)C2)=C1CCCC1
43166,CCCC[C@@H](CC)C(=O)N[C@H]1C[C@H]2C[C@@H](NC(=O)C3=C(C)OCC3)C[C@H]2C1,,,CCCCC(CC)C(=O)N[C@H]1C[C@H]2C[C@@H](NC(=O)C3=C(C)OCC3)C[C@H]2C1,
43172,C=CCO[C@H](C)C(=O)N(C)C[C@H]1[C@@H]2CN(C(=O)c3cc(C)c(C)o3)C[C@H]12,,,C=CCOC(C)C(=O)N(C)C[C@@H]1[C@H]2CN(C(=O)c3cc(C)c(C)o3)C[C@@H]12,
43225,O=C(N[C@@H]1[C@H]2C[C@@H]1N(C(=O)[C@@H]1[C@H]3CCCC[C@H]31)C2)[C@@H]1CCSC1,,,O=C(N[C@@H]1[C@H]2C[C@@H]1N(C(=O)C1[C@H]3CCCC[C@@H]13)C2)C1CCSC1,
43239,Cc1csc(C(=O)N[C@]2(C)C[C@@H](NC(=O)c3nn(C(F)F)cc3Cl)C2)c1C,"4-chloro-1-(difluoromethyl)-N-((1r,3r)-3-(3,4-dimethylthiophene-2-carboxamido)-3-methylcyclobutyl)-1H-pyrazole-3-carboxamide",,Cc1csc(C(=O)N[C@]2(C)C[C@@H](NC(=O)c3nn(C(F)F)cc3Cl)C2)c1C,
43242,Cc1nc2ncccc2cc1C(=O)N[C@]1(C)C[C@@H](NC(=O)C2(C)CC(F)(F)C2)C1,"N-((1r,3r)-3-(3,3-difluoro-1-methylcyclobutanecarboxamido)-1-methylcyclobutyl)-2-methyl-1,8-naphthyridine-3-carboxamide",,Cc1nc2ncccc2cc1C(=O)N[C@]1(C)C[C@@H](NC(=O)C2(C)CC(F)(F)C2)C1,
43252,Cc1nonc1CC(=O)N[C@H]1C[C@@H]2C[C@H](C1)CN(C(=O)[C@@H]1CCC[C@H]1C1CC1)C2,"N-((1R,5S,7S)-3-(((1R,2S)-2-cyclopropylcyclopentyl)carbonyl)-3-azabicyclo[3.3.1]nonan-7-yl)-2-(4-methyl-1,2,5-oxadiazol-3-yl)acetamide",,Cc1nonc1CC(=O)N[C@@H]1C[C@H]2C[C@@H](C1)CN(C(=O)C1CCC[C@H]1C1CC1)C2,
43351,Cc1c[nH]c2ncc(C(=O)NC[C@]3(F)C[C@@H](NC(=O)CCc4ccco4)C3)cc12,"N-(((1s,3s)-1-fluoro-3-(3-(furan-2-yl)propanamido)cyclobutyl)methyl)-3-methyl-1H-pyrrolo[2,3-b]pyridine-5-carboxamide",,Cc1c[nH]c2ncc(C(=O)NC[C@]3(F)C[C@@H](NC(=O)CCc4ccco4)C3)cc12,
43390,C#CCSCC(=O)NC[C@H]1C[C@](F)(CNC(=O)[C@@]2(OC)CCCC(C)(C)CC2)C1,"N-(((1S,3s)-3-fluoro-3-(((1R)-1-methoxy-4,4-dimethylcycloheptanecarboxamido)methyl)cyclobutyl)methyl)-2-((prop-2-yn-1-yl)sulfanyl)acetamide",,C#CCSCC(=O)NC[C@H]1C[C@](F)(CNC(=O)[C@@]2(OC)CCCC(C)(C)CC2)C1,
43405,CN(C(=O)[C@@H]1CCCN1C=O)[C@H]1[C@@H]2CN(C(=O)COc3cnc(Cl)cn3)C[C@@H]21,,,CN(C(=O)C1CCCN1C=O)[C@H]1[C@@H]2CN(C(=O)COc3cnc(Cl)cn3)C[C@@H]21,
43516,CN(C(=O)CCS(C)(=O)=O)[C@H]1[C@@H]2CN(C(=O)c3cnc(-c4ccccn4)s3)C[C@@H]21,,,CN(C(=O)CCS(C)(=O)=O)[C@H]1[C@@H]2CN(C(=O)c3cnc(-c4ccccn4)s3)C[C@@H]21,
43614,CCCC[C@@](C)(F)C(=O)N1[C@H]2CC[C@@H]1C[C@@H](CNC(=O)c1c(Cl)noc1C)C2,"3-chloro-N-(((1R,3S,5S)-8-((2R)-2-fluoro-2-methylhexanoyl)-8-azabicyclo[3.2.1]octan-3-yl)methyl)-5-methyl-1,2-oxazole-4-carboxamide",,CCCC[C@@](C)(F)C(=O)N1[C@@H]2CC[C@H]1C[C@H](CNC(=O)c1c(Cl)noc1C)C2,
43694,O=C(CC(=O)N1CCOCC[C@@H]1C(=O)N[C@@H]1[C@H]2CCCC[C@H]21)NC1CC1,,,O=C(CC(=O)N1CCOCCC1C(=O)N[C@H]1[C@@H]2CCCC[C@@H]21)NC1CC1,
43719,Cc1nn(C)cc1CC(=O)N[C@H]1C[C@@](F)(CNC(=O)Cc2cnn(C)c2)C1,"N-(((1r,3r)-3-(2-(1,3-dimethyl-1H-pyrazol-4-yl)acetamido)-1-fluorocyclobutyl)methyl)-2-(1-methyl-1H-pyrazol-4-yl)acetamide",,Cc1nn(C)cc1CC(=O)N[C@H]1C[C@@](F)(CNC(=O)Cc2cnn(C)c2)C1,
43786,CN(C(=O)c1cnc2nccn2c1)[C@H]1[C@@H]2CN(C(=O)[C@@]3(C)CCCS3(=O)=O)C[C@@H]21,"N-methyl-N-((1R,5S,6S)-3-(((2R)-2-methyl-1,1-dioxo-1lambda^6-thiolan-2-yl)carbonyl)-3-azabicyclo[3.1.0]hexan-6-yl)imidazo[1,2-a]pyrimidine-6-carboxamide",,CN(C(=O)c1cnc2nccn2c1)[C@H]1[C@@H]2CN(C(=O)[C@@]3(C)CCCS3(=O)=O)C[C@@H]21,
43794,CC(=O)N(C)CCCCC(=O)N[C@H]1C[C@@](F)(CNC(=O)[C@H]2CCCCC2(F)F)C1,"N-((1R,3r)-3-(((1R)-2,2-difluorocyclohexanecarboxamido)methyl)-3-fluorocyclobutyl)-5-(N-methylacetamido)pentanamide",,CC(=O)N(C)CCCCC(=O)N[C@H]1C[C@@](F)(CNC(=O)C2CCCCC2(F)F)C1,
43886,CC(=O)N1C[C@H]2CC[C@@H](C1)[C@@H]2C(=O)N1CCC[C@H](O)[C@@H]1C,,,CC(=O)N1C[C@H]2CC[C@@H](C1)C2C(=O)N1CCC[C@H](O)[C@@H]1C,
43890,CCC(=O)N1CCCC[C@@H]1C(=O)NCC[C@H](C)N(C)C(=O)[C@H]1C[C@@](C)(O)C1,"(2R)-N-((3S)-3-(N-methyl(1s,3R)-3-hydroxy-3-methylcyclobutanecarboxamido)butyl)-1-propanoylpiperidine-2-carboxamide",,CCC(=O)N1CCCCC1C(=O)NCC[C@H](C)N(C)C(=O)C1CC(C)(O)C1,
43892,COC(=O)c1ccc(CNC(=O)[C@@H]2[C@H]3CN([C@@H]4CCO[C@H]4C)C[C@H]32)o1,"methyl 5-(((1R,5S,6R)-3-((2S,3R)-2-methyloxolan-3-yl)-3-azabicyclo[3.1.0]hexane-6-carboxamido)methyl)furan-2-carboxylate",,COC(=O)c1ccc(CNC(=O)C2[C@H]3CN([C@@H]4CCO[C@H]4C)C[C@@H]23)o1,
43898,CN(C(=O)c1cccc(C2CC2)n1)[C@H]1CCN(C(=O)[C@]2(F)[C@H]3CCC[C@H]32)C1,,,CN(C(=O)c1cccc(C2CC2)n1)[C@H]1CCN(C(=O)[C@@]2(F)[C@@H]3CCC[C@@H]32)C1,
43962,C#CC[C@H](O)C(=O)N1CCCC[C@]12C[C@H](NC(=O)[C@@H]1CCCN(C(C)C)C1)C2,(3R)-N-(5-((2S)-2-hydroxypent-4-ynoyl)-5-azaspiro[3.5]nonan-2-yl)-1-(propan-2-yl)piperidine-3-carboxamide,O[C@H](C(=O)N1C2(CC(C2)NC(=O)[C@H]2CN(CCC2)C(C)C)CCCC1)CC#C,C#CCC(O)C(=O)N1CCCC[C@]12C[C@H](NC(=O)C1CCCN(C(C)C)C1)C2,C#CCC(O)C(=O)N1CCCCC12CC(NC(=O)C1CCCN(C(C)C)C1)C2
44001,C[C@@H](C(=O)N[C@]1(C)C[C@H](C(=O)N[C@@H]2CCN(CCCO)C2)C1)n1cccn1,"(2S)-N-((1S,3R)-3-(((3R)-1-(3-hydroxypropyl)pyrrolidin-3-yl)carbamoyl)-1-methylcyclobutyl)-2-(1H-pyrazol-1-yl)propanamide",,CC(C(=O)NC1(C)CC(C(=O)N[C@@H]2CCN(CCCO)C2)C1)n1cccn1,
44009,COc1nc(C)ccc1C(=O)N1CC[C@@H](O)[C@H](NC(=O)[C@@H]2C[C@H](C)O[C@H](C)C2)C1,,,COc1nc(C)ccc1C(=O)N1CC[C@@H](O)[C@H](NC(=O)C2C[C@@H](C)O[C@@H](C)C2)C1,
44010,O=C(NCCOCCNC(=O)[C@H]1C[C@H]2[C@@H](C1)C2(F)F)c1ccc2cccnc2c1,,,O=C(NCCOCCNC(=O)C1C[C@@H]2[C@H](C1)C2(F)F)c1ccc2cccnc2c1,
44050,C[C@@H](CC(=O)NC[C@]1(F)C[C@H](NC(=O)[C@]2(C)CCCNC2=O)C1)c1cccnc1,"(3S)-N-(((1R,3S)-1-fluoro-3-((3R)-3-methyl-2-oxopiperidine-3-carboxamido)cyclobutyl)methyl)-3-(pyridin-3-yl)butanamide",,C[C@@H](CC(=O)NC[C@]1(F)C[C@H](NC(=O)[C@]2(C)CCCNC2=O)C1)c1cccnc1,
44079,CS[C@H](C)C(=O)N1CCCC[C@]12C[C@H](NC(=O)C1=NOC3(CCC3)C1)C2,N-(5-((2R)-2-(methylsulfanyl)propanoyl)-5-azaspiro[3.5]nonan-2-yl)-5-oxa-6-azaspiro[3.4]oct-6-ene-7-carboxamide,CS[C@@H](C(=O)N1C2(CC(C2)NC(=O)C2=NOC3(CCC3)C2)CCCC1)C,CSC(C)C(=O)N1CCCC[C@]12C[C@H](NC(=O)C1=NOC3(CCC3)C1)C2,CSC(C)C(=O)N1CCCCC12CC(NC(=O)C1=NOC3(CCC3)C1)C2
44086,CCCC[C@H](CNC(=O)[C@]1(C(F)(F)F)C[C@@H](O)C1)NC(=O)Cc1coc(C)n1,"(1s,3S)-3-hydroxy-N-((2R)-2-(2-(2-methyl-1,3-oxazol-4-yl)acetamido)hexyl)-1-(trifluoromethyl)cyclobutanecarboxamide",,CCCC[C@H](CNC(=O)[C@]1(C(F)(F)F)C[C@@H](O)C1)NC(=O)Cc1coc(C)n1,
44105,CO[C@@H]1CCCC[C@@H]1C(=O)N[C@@H]1C[C@@H]2CC[C@H](C1)N2C(=O)C#C[C@@H]1CCCCO1,"(1S,2R)-2-methoxy-N-((1R,3S,5S)-8-(3-((2S)-oxan-2-yl)prop-2-ynoyl)-8-azabicyclo[3.2.1]octan-3-yl)cyclohexanecarboxamide",,CO[C@@H]1CCCCC1C(=O)N[C@H]1C[C@H]2CC[C@@H](C1)N2C(=O)C#C[C@@H]1CCCCO1,
44268,COc1ccc(C)c(C(=O)N2C[C@H]3[C@H](CNC(=O)c4ncncc4C#N)[C@H]3C2)c1,,,COc1ccc(C)c(C(=O)N2C[C@@H]3[C@@H](CNC(=O)c4ncncc4C#N)[C@@H]3C2)c1,
44407,CCC=C(F)C(=O)NCc1c[nH]nc1C(=O)N[C@@H]1C[C@H](O)[C@H](O)C1,,,CCC=C(F)C(=O)NCc1c[nH]nc1C(=O)N[C@H]1C[C@@H](O)[C@@H](O)C1,
44526,CC1=C(C(=O)N[C@H]2C[C@@](F)(CNC(=O)CCc3cncn3C)C2)C(=O)OC1(C)C,"N-((1r,3r)-3-fluoro-3-((3-(1-methyl-1H-imidazol-5-yl)propanamido)methyl)cyclobutyl)-4,5,5-trimethyl-2-oxo-5H-furan-3-carboxamide",,CC1=C(C(=O)N[C@H]2C[C@@](F)(CNC(=O)CCc3cncn3C)C2)C(=O)OC1(C)C,
44535,CC=CC=CC(=O)N1[C@H]2CC[C@@H]1C[C@H](NC(=O)c1ccnn1C(F)(F)F)C2,,,CC=CC=CC(=O)N1[C@@H]2CC[C@H]1C[C@@H](NC(=O)c1ccnn1C(F)(F)F)C2,
44577,CN(C(=O)CCc1c(F)cccc1Cl)[C@H]1[C@@H]2CN(C(=O)c3cnc(S)n3C)C[C@@H]21,,,CN(C(=O)CCc1c(F)cccc1Cl)[C@H]1[C@@H]2CN(C(=O)c3c[nH]c(=S)n3C)C[C@@H]21,
44626,C[C@H](C(=O)N1C[C@H]2[C@H](NC(=O)c3c[nH]c(=NCC(F)(F)F)cn3)[C@H]2C1)C1CC1,"N-((1R,5S,6R)-3-((2S)-2-cyclopropylpropanoyl)-3-azabicyclo[3.1.0]hexan-6-yl)-5-((2,2,2-trifluoroethyl)imino)-4H-pyrazine-2-carboxamide",,CC(C(=O)N1C[C@@H]2[C@H](C1)[C@H]2NC(=O)c1cnc(NCC(F)(F)F)cn1)C1CC1,
44685,C[C@H](CC(=O)NC[C@@]1(C)CN(C(=O)[C@]2(C)C[C@@H]3C[C@@H]3C2)CCO1)C(F)F,,,C[C@H](CC(=O)NC[C@@]1(C)CN(C(=O)[C@@]2(C)C[C@H]3C[C@H]3C2)CCO1)C(F)F,
44705,Cc1ccn(C[C@H](C)C(=O)N[C@H]2C[C@](C)(NC(=O)Cc3noc(C)c3C#N)C2)n1,"(2S)-N-((1r,3S)-3-(2-(4-cyano-5-methyl-1,2-oxazol-3-yl)acetamido)-3-methylcyclobutyl)-2-methyl-3-(3-methyl-1H-pyrazol-1-yl)propanamide",,Cc1ccn(CC(C)C(=O)N[C@H]2C[C@](C)(NC(=O)Cc3noc(C)c3C#N)C2)n1,
44849,CN1CC=C(CNC(=O)[C@]2(NC(=O)c3cc(F)ccc3O)C[C@@H](O)C2)CC1,"5-fluoro-2-hydroxy-N-((1s,3s)-3-hydroxy-1-(((1-methyl-1,2,3,6-tetrahydropyridin-4-yl)methyl)carbamoyl)cyclobutyl)benzamide",,CN1CC=C(CNC(=O)[C@]2(NC(=O)c3cc(F)ccc3O)C[C@@H](O)C2)CC1,
44850,C[C@@H](OCC(F)(F)F)C(=O)N[C@H]1C[C@](F)(CNC(=O)C#C[C@H]2CCCCO2)C1,"N-(((1S,3S)-1-fluoro-3-((2R)-2-((2,2,2-trifluoroethyl)oxy)propanamido)cyclobutyl)methyl)-3-((2R)-oxan-2-yl)prop-2-ynamide",,CC(OCC(F)(F)F)C(=O)N[C@H]1C[C@](F)(CNC(=O)C#C[C@H]2CCCCO2)C1,
44987,CCc1ccc(C(=O)N[C@H]2C[C@](C)(NC(=O)C[C@@H](O)C(C)(C)C)C2)cc1,"4-ethyl-N-((1R,3r)-3-((3R)-3-hydroxy-4,4-dimethylpentanamido)-3-methylcyclobutyl)benzamide",,CCc1ccc(C(=O)N[C@H]2C[C@](C)(NC(=O)C[C@@H](O)C(C)(C)C)C2)cc1,
45013,O=C([C@@H]1CCC[C@]12CCN(Cc1cncc(F)c1)C2)N1C[C@@H]2[C@@H](CO)[C@@H]2C1,"((5S,6R)-2-((5-fluoropyridin-3-yl)methyl)-2-azaspiro[4.4]nonan-6-yl)((1R,5S,6R)-6-(hydroxymethyl)-3-azabicyclo[3.1.0]hexan-3-yl)methanone",,O=C(C1CCC[C@]12CCN(Cc1cncc(F)c1)C2)N1C[C@@H]2[C@@H](CO)[C@@H]2C1,
45051,Cc1cnn(CC(=O)N[C@H]2CN(C(=O)[C@H]3C[C@@H]4CC[C@@H]4C3)C3(CCCC3)C2)c1,,,Cc1cnn(CC(=O)N[C@H]2CN(C(=O)C3C[C@H]4CC[C@H]4C3)C3(CCCC3)C2)c1,
45063,CCOCCOCC(=O)N[C@]1(C)C[C@H](NC(=O)[C@@H]2[C@H](C(F)F)C2(C)C)C1,"N-((1S,3s)-3-((1R,2S)-2-(difluoromethyl)-3,3-dimethylcyclopropanecarboxamido)-1-methylcyclobutyl)-2-((2-ethoxyethyl)oxy)acetamide",,CCOCCOCC(=O)N[C@]1(C)C[C@H](NC(=O)C2[C@H](C(F)F)C2(C)C)C1,
45155,CNC(=O)[C@@H]1[C@H]2CN(c3nc4ccsc4c(=N[C@H]4CC[C@H]5CCC[C@@H]4O5)[nH]3)C[C@H]21,"(1R,5S,6S)-N-methyl-3-(4-(((1S,2S,5R)-9-oxabicyclo[3.3.1]nonan-2-yl)imino)-3,4-dihydrothieno[3,2-d]pyrimidin-2-yl)-3-azabicyclo[3.1.0]hexane-6-carboxamide",,CNC(=O)C1[C@H]2CN(c3nc(N[C@H]4CC[C@H]5CCC[C@@H]4O5)c4sccc4n3)C[C@@H]12,
45195,CNS(=O)(=O)c1ccc(C(=O)N[C@H]2C[C@@H]3CC[C@H](C2)N3C(=O)CSC(C)=O)cc1,,,CNS(=O)(=O)c1ccc(C(=O)N[C@@H]2C[C@H]3CC[C@@H](C2)N3C(=O)CSC(C)=O)cc1,
45224,O=C1CC[C@@H](C(=O)NCCCCCCNC(=O)[C@@H]2CC[C@H]3C[C@H]3CC2)CCO1,,,O=C1CCC(C(=O)NCCCCCCNC(=O)C2CC[C@@H]3C[C@@H]3CC2)CCO1,
45262,C[C@@H](CCNC(=O)[C@H]1C[C@@](C)(O)C1)NC(=O)Cc1nnc(O)s1,"(1s,3R)-3-hydroxy-N-((3S)-3-(2-(5-hydroxy-1,3,4-thiadiazol-2-yl)acetamido)butyl)-3-methylcyclobutanecarboxamide",,C[C@@H](CCNC(=O)C1CC(C)(O)C1)NC(=O)Cc1n[nH]c(=O)s1,
45391,C[C@H](CF)CC(=O)N1CCO[C@]2(CC[C@@H](NC(=O)[C@H]3COCCO3)CC2)C1,"(2R)-N-(4-((3S)-4-fluoro-3-methylbutanoyl)-1-oxa-4-azaspiro[5.5]undecan-9-yl)-1,4-dioxane-2-carboxamide",FC[C@H](CC(=O)N1CCOC2(C1)CCC(CC2)NC(=O)[C@@H]2OCCOC2)C,C[C@H](CF)CC(=O)N1CCO[C@]2(CC[C@@H](NC(=O)C3COCCO3)CC2)C1,C[C@H](CF)CC(=O)N1CCOC2(CCC(NC(=O)C3COCCO3)CC2)C1
45469,C[C@@H](NC(=O)c1ccc2c(c1)CCO2)C1CC(NC(=O)[C@H]2C[C@@H]3CCC[C@@H]3C2)C1,,,C[C@@H](NC(=O)c1ccc2c(c1)CCO2)C1CC(NC(=O)C2C[C@H]3CCC[C@H]3C2)C1,
45478,CCCOCC(=O)N[C@H]1C[C@@H]2CN(c3ccc4c(n3)CCCC4=O)C[C@@H]2C1,,,CCCOCC(=O)N[C@H]1C[C@@H]2CN(c3ccc4c(n3)CCCC4=O)C[C@@H]2C1,
45513,CCOC1(C(=O)N[C@H]2C[C@@](F)(CNC(=O)c3n[nH]cc3CC)C2)CCC1,"N-(((1r,3r)-3-(1-ethoxycyclobutanecarboxamido)-1-fluorocyclobutyl)methyl)-4-ethyl-1H-pyrazole-3-carboxamide",,CCOC1(C(=O)N[C@H]2C[C@@](F)(CNC(=O)c3[nH]ncc3CC)C2)CCC1,
45534,C[C@@H]1CC[C@@H](CC(=O)NC[C@]2(F)C[C@@H](NC(=O)c3ccccn3)C2)OC1,"N-(((1s,3R)-1-fluoro-3-(pyridine-2-carboxamido)cyclobutyl)methyl)-2-((2S,5R)-5-methyloxan-2-yl)acetamide",,C[C@@H]1CC[C@@H](CC(=O)NC[C@]2(F)C[C@@H](NC(=O)c3ccccn3)C2)OC1,
45566,CO[C@]1(C(F)F)C[C@H](C(=O)N2C[C@H](O)C[C@H]2CNC(=O)[C@@H]2CC2(F)F)C1,"(1S)-N-(((2S,4R)-1-(((1s,3R)-3-(difluoromethyl)-3-methoxycyclobutyl)carbonyl)-4-hydroxypyrrolidin-2-yl)methyl)-2,2-difluorocyclopropanecarboxamide",,COC1(C(F)F)CC(C(=O)N2C[C@H](O)C[C@H]2CNC(=O)C2CC2(F)F)C1,
45583,Cc1cc(F)ccc1NC(=O)/C=C/CC1(NC(=O)[C@H]2C[C@@H]3CC[C@H](C2)O3)CCC1,,,Cc1cc(F)ccc1NC(=O)/C=C/CC1(NC(=O)C2C[C@H]3CC[C@@H](C2)O3)CCC1,
45591,COC(=O)[C@@H]1C[C@@H]1C(=O)NC[C@@H]1C[C@@H]2CC[C@H](C1)N2C(=O)C1=CS(=O)(=O)CCC1,,,COC(=O)C1CC1C(=O)NC[C@H]1C[C@H]2CC[C@@H](C1)N2C(=O)C1=CS(=O)(=O)CCC1,
45668,CC(=O)OCC(=O)N1C[C@H]2C[C@@H](C(=O)NCC[C@H]3CCC(C)(C)C3)C[C@H]2C1,,,CC(=O)OCC(=O)N1C[C@H]2CC(C(=O)NCC[C@H]3CCC(C)(C)C3)C[C@H]2C1,
45704,CC1(C)CCC[C@H](C(=O)N[C@H]2C[C@@](C)(NC(=O)c3cc4cccc(Cl)c4[nH]3)C2)O1,"7-chloro-N-((1S,3s)-3-((2R)-6,6-dimethyloxane-2-carboxamido)-1-methylcyclobutyl)-1H-indole-2-carboxamide",,CC1(C)CCCC(C(=O)N[C@H]2C[C@@](C)(NC(=O)c3cc4cccc(Cl)c4[nH]3)C2)O1,
45772,COc1cc(N2C[C@@H]3[C@H](C2)[C@@H]3NC(=O)c2c(I)ccnc2F)nc(OC)n1,,,COc1cc(N2C[C@@H]3[C@H](C2)[C@@H]3NC(=O)c2c(I)ccnc2F)nc(OC)n1,
45817,CO[C@H](C)CCC(=O)NC[C@H]1[C@@H]2CN(C(=O)Cc3ncc(C)[nH]3)C[C@H]12,,,CO[C@H](C)CCC(=O)NC[C@@H]1[C@H]2CN(C(=O)Cc3nc(C)c[nH]3)C[C@@H]12,
45853,CC[C@@H](OC)C(=O)NC[C@H]1C[C@](F)(CNC(=O)C(=O)Nc2ccc(Cl)cc2)C1,"N'-(4-chlorophenyl)-N-(((1S,3s)-1-fluoro-3-(((2R)-2-methoxybutanamido)methyl)cyclobutyl)methyl)ethanediamide",,CCC(OC)C(=O)NC[C@H]1C[C@](F)(CNC(=O)C(=O)Nc2ccc(Cl)cc2)C1,
45866,O=C(C=CC1CC1)N[C@@H]1CN(C(=O)[C@H]2CC[C@H]3C[C@H]3CC2)CCC12CCC2,,,O=C(C=CC1CC1)N[C@@H]1CN(C(=O)C2CC[C@@H]3C[C@@H]3CC2)CCC12CCC2,
45876,CCOC(=O)[C@H](NC(=O)[C@@H]1C[C@@H]2CN(C(=O)c3cc(O)n(C)n3)C[C@@H]2C1)C1CC1,,,CCOC(=O)C(NC(=O)C1C[C@@H]2CN(C(=O)c3cc(=O)n(C)[nH]3)C[C@@H]2C1)C1CC1,
45878,C#CC[C@]1(O)C[C@@H](C(=O)NCCCN(CCO)C(=O)[C@H]2CCCN2C2CC2)C1,"(2R)-1-cyclopropyl-N-(3-((1s,3S)-3-hydroxy-3-(prop-2-yn-1-yl)cyclobutanecarboxamido)propyl)-N-(2-hydroxyethyl)pyrrolidine-2-carboxamide",,C#CCC1(O)CC(C(=O)NCCCN(CCO)C(=O)C2CCCN2C2CC2)C1,
45913,O=C(N[C@H]1CCC12CN(C(=O)[C@@H]1[C@H]3CCC[C@H]31)C2)c1c[nH]c2cccnc2c1=O,,,O=C(N[C@H]1CCC12CN(C(=O)C1[C@H]3CCC[C@@H]13)C2)c1c[nH]c2cccnc2c1=O,
45975,CCn1nccc1CN(C)C(=O)[C@@H]1[C@H]2CN(C(=O)[C@@H](C)n3cc(C)cn3)C[C@H]21,"(1R,5S,6R)-N-((1-ethyl-1H-pyrazol-5-yl)methyl)-N-methyl-3-((2R)-2-(4-methyl-1H-pyrazol-1-yl)propanoyl)-3-azabicyclo[3.1.0]hexane-6-carboxamide",,CCn1nccc1CN(C)C(=O)C1[C@H]2CN(C(=O)C(C)n3cc(C)cn3)C[C@@H]12,
46023,O=C(N[C@H]1[C@@H]2CN(C(=O)c3cc4c(s3)CCOC4)C[C@@H]21)c1cccc(O)n1,,,O=C(N[C@H]1[C@@H]2CN(C(=O)c3cc4c(s3)CCOC4)C[C@@H]21)c1cccc(=O)[nH]1,
46029,C=C(Cl)C[C@@H](NC(=O)[C@@H]1C[C@@H]2CC[C@@H]2C1)C(=O)N1CCC12CCC(O)CC2,,,C=C(Cl)CC(NC(=O)C1C[C@H]2CC[C@H]2C1)C(=O)N1CCC12CCC(O)CC2,
46035,CCCN1CCCN(C(=O)[C@H]2CC23CC(NC(=O)[C@@H]2[C@H]4COC[C@H]42)C3)CC1,,,CCCN1CCCN(C(=O)C2CC23CC(NC(=O)C2[C@H]4COC[C@@H]24)C3)CC1,
46115,Cc1cc(CO)cc(NC(=O)[C@H]2[C@@H]3[C@@H]4C[C@@H]5[C@@H]2[C@H]3[C@@]45C(=O)Nc2cn(C)cn2)c1,"(1S,2R,3R,4R,5R,6S,8R)-N'-(3-(hydroxymethyl)-5-methylphenyl)-N-(1-methyl-1H-imidazol-4-yl)tetracyclo[4.2.0.0^{3,8}.0^{2,5}]octane-1,4-dicarboxamide",,Cc1cc(CO)cc(NC(=O)C2[C@H]3[C@@H]4[C@H]2[C@@H]2C[C@H]3[C@@]42C(=O)Nc2cn(C)cn2)c1,
46134,CC1(C)OCc2c1n[nH]c2C(=O)N1C[C@H]2[C@H](CNC(=O)C=Cc3cc[nH]n3)[C@H]2C1,,,CC1(C)OCc2c(C(=O)N3C[C@@H]4[C@@H](CNC(=O)C=Cc5cc[nH]n5)[C@@H]4C3)n[nH]c21,
46135,C[C@]1(NC(=O)C2CCC3(CC2)CC3)C[C@@H](NC(=O)C2=C[C@@H]3CCC[C@H]23)C1,"N-((1R,3s)-3-((1S,5S)-bicyclo[3.2.0]hept-6-ene-6-carboxamido)-1-methylcyclobutyl)spiro[2.5]octane-6-carboxamide",,C[C@]1(NC(=O)C2CCC3(CC2)CC3)C[C@@H](NC(=O)C2=C[C@@H]3CCC[C@H]23)C1,
46176,O=C(NC[C@H]1C[C@@](F)(CNC(=O)C(F)(F)C(F)F)C1)c1ccc2scnc2c1,"N-(((1r,3r)-3-fluoro-3-((2,2,3,3-tetrafluoropropanamido)methyl)cyclobutyl)methyl)-1,3-benzothiazole-5-carboxamide",,O=C(NC[C@H]1C[C@@](F)(CNC(=O)C(F)(F)C(F)F)C1)c1ccc2scnc2c1,
46182,Cc1cc2cc(C(=O)N[C@H]3[C@@H]4CN(Cc5c(C)cccc5Cl)C[C@@H]43)oc2cc1C,,,Cc1cc2cc(C(=O)N[C@H]3[C@@H]4CN(Cc5c(C)cccc5Cl)C[C@@H]43)oc2cc1C,
46183,CC[C@@H](CCOC)C(=O)NC[C@]1(F)C[C@@H](NC(=O)[C@H]2C[C@@H](S(C)(=O)=O)C2)C1,"(2S)-N-(((1s,3R)-3-(cis-3-(methylsulfonyl)cyclobutanecarboxamido)-1-fluorocyclobutyl)methyl)-2-ethyl-4-methoxybutanamide",,CCC(CCOC)C(=O)NC[C@]1(F)C[C@@H](NC(=O)C2CC(S(C)(=O)=O)C2)C1,
46321,Cc1cc(C(=O)N[C@H]2C[C@@H]3CC[C@H](C2)N3Cc2ccc(N(C)C)s2)nn1C,,,Cc1cc(C(=O)N[C@@H]2C[C@H]3CC[C@@H](C2)N3Cc2ccc(N(C)C)s2)nn1C,
46332,Cc1nc(C(=O)N2C[C@H]3[C@H](CN(C)C(=O)CCSc4ccccn4)[C@H]3C2)c(C)o1,,,Cc1nc(C(=O)N2C[C@@H]3[C@@H](CN(C)C(=O)CCSc4ccccn4)[C@@H]3C2)c(C)o1,
46337,O=C1C[C@H]2[C@@H](C1)[C@@H]2C(=O)N1CC[C@H]2CN(C(=O)c3ccnc(C4CC4)c3)C[C@H]2C1,,,O=C1C[C@@H]2C(C(=O)N3CC[C@H]4CN(C(=O)c5ccnc(C6CC6)c5)C[C@H]4C3)[C@@H]2C1,
46358,Nc1c(F)cccc1C(=O)N[C@H]1C[C@]2(CCCCN2C(=O)c2cocn2)C1,"2-amino-3-fluoro-N-(5-((1,3-oxazol-4-yl)carbonyl)-5-azaspiro[3.5]nonan-2-yl)benzamide",NC1=C(C(=O)NC2CC3(C2)N(CCCC3)C(=O)C=3N=COC3)C=CC=C1F,Nc1c(F)cccc1C(=O)N[C@H]1C[C@]2(CCCCN2C(=O)c2cocn2)C1,Nc1c(F)cccc1C(=O)NC1CC2(CCCCN2C(=O)c2cocn2)C1
46378,Cc1ccc(/C=C/C(=O)NC[C@]2(F)C[C@@H](NC(=O)C=CCF)C2)cc1C,"N-((1s,3s)-3-(((2E)-3-(3,4-dimethylphenyl)prop-2-enamido)methyl)-3-fluorocyclobutyl)-4-fluorobut-2-enamide",,Cc1ccc(/C=C/C(=O)NC[C@]2(F)C[C@@H](NC(=O)C=CCF)C2)cc1C,
46393,O=C(NC[C@H]1CCN1C(=O)[C@H]1C[C@@H]2CC[C@@H]2C1)c1ccc2cnccc2n1,,,O=C(NC[C@H]1CCN1C(=O)C1C[C@H]2CC[C@H]2C1)c1ccc2cnccc2n1,
46396,O=C(NC[C@H]1[C@@H]2CN(C(=O)C[C@H]3CCCC4(CCC4)O3)C[C@H]12)c1coc(Cl)n1,"2-chloro-N-(((1R,5S,6R)-3-(2-((6R)-5-oxaspiro[3.5]nonan-6-yl)acetyl)-3-azabicyclo[3.1.0]hexan-6-yl)methyl)-1,3-oxazole-4-carboxamide",,O=C(NC[C@@H]1[C@H]2CN(C(=O)C[C@H]3CCCC4(CCC4)O3)C[C@@H]12)c1coc(Cl)n1,
46469,CC(C)[C@H](C(=O)N1CC([C@@H](C)NC(=O)[C@@H]2C[C@@H]3C[C@@H]3C2)C1)n1cnnc1,,,CC(C)C(C(=O)N1CC([C@@H](C)NC(=O)C2C[C@@H]3C[C@@H]3C2)C1)n1cnnc1,
46672,O=C(N[C@@H]1[C@H]2CC[C@@H]1CN(C(=O)c1cnon1)C2)c1ccon1,,,O=C(N[C@H]1[C@@H]2CC[C@H]1CN(C(=O)c1cnon1)C2)c1ccon1,
46722,C[C@@H]1CN(C(=O)[C@@H]2[C@H]3CCCC[C@H]32)C[C@@]1(C)CNC(=O)C(C)(C)OCC(F)(F)F,,,C[C@@H]1CN(C(=O)C2[C@H]3CCCC[C@@H]23)C[C@@]1(C)CNC(=O)C(C)(C)OCC(F)(F)F,
46764,COCc1ccc(C(=O)N[C@H]2C[C@@](NC(=O)CC3CCC3)(c3ccccc3)C2)o1,"N-((1r,3r)-3-(2-cyclobutylacetamido)-3-phenylcyclobutyl)-5-(methoxymethyl)furan-2-carboxamide",,COCc1ccc(C(=O)N[C@H]2C[C@@](NC(=O)CC3CCC3)(c3ccccc3)C2)o1,
46768,O=C(N[C@H]1C[C@]2(CCCCN2C(=O)Cc2ccno2)C1)c1cccc2nc[nH]c12,"N-(5-(2-(1,2-oxazol-5-yl)acetyl)-5-azaspiro[3.5]nonan-2-yl)-1H-benzimidazole-7-carboxamide",O1N=CC=C1CC(=O)N1C2(CC(C2)NC(=O)C2=CC=CC3=C2NC=N3)CCCC1,O=C(N[C@H]1C[C@]2(CCCCN2C(=O)Cc2ccno2)C1)c1cccc2[nH]cnc12,O=C(NC1CC2(CCCCN2C(=O)Cc2ccno2)C1)c1cccc2[nH]cnc12
46817,Cc1cscc1C(=O)N1C[C@H]2C[C@@H](C(=O)NCCF)C[C@H]2C1,,,Cc1cscc1C(=O)N1C[C@H]2CC(C(=O)NCCF)C[C@H]2C1,
46836,C#C[C@]1(O)C[C@@H](C(=O)N2CCN(C(=O)c3cc(C(C)(C)C)[nH]c3C)[C@@H](C)[C@@H]2C)C1,"(5-(tert-butyl)-2-methyl-1H-pyrrol-3-yl)((2S,3S)-4-(((1s,3R)-3-ethynyl-3-hydroxycyclobutyl)carbonyl)-2,3-dimethylpiperazin-1-yl)methanone",,C#CC1(O)CC(C(=O)N2CCN(C(=O)c3cc(C(C)(C)C)[nH]c3C)[C@@H](C)[C@@H]2C)C1,
46870,CC(C)C[C@H](C(N)=O)C(=O)N1[C@H]2CC[C@@H]1C[C@@H](NC(=O)C=C(C1CC1)C1CC1)C2,"(2R)-2-(((1R,3S,5S)-3-(3,3-dicyclopropylprop-2-enamido)-8-azabicyclo[3.2.1]octan-8-yl)carbonyl)-4-methylpentanamide",,CC(C)CC(C(N)=O)C(=O)N1[C@@H]2CC[C@H]1C[C@H](NC(=O)C=C(C1CC1)C1CC1)C2,
46935,CN1C[C@H]2[C@@H](C1)[C@@H]2C(=O)N1CCCCC[C@H]1C(=O)NC[C@@]1(C)CCC(=O)N1C,,,CN1C[C@@H]2C(C(=O)N3CCCCCC3C(=O)NC[C@@]3(C)CCC(=O)N3C)[C@@H]2C1,
47050,CCc1ncc(C(=O)N2CC[C@H]3[C@@H](CC2)[C@@H]3NC(=O)c2nnsc2C)s1,,,CCc1ncc(C(=O)N2CC[C@@H]3[C@H](CC2)[C@H]3NC(=O)c2nnsc2C)s1,
47057,CCN1CCOC[C@@H]1C(=O)NC[C@H](CC(C)C)C(=O)N[C@@H]1C[C@H]2[C@@H](C1)C2(F)F,,,CCN1CCOCC1C(=O)NCC(CC(C)C)C(=O)N[C@H]1C[C@@H]2[C@H](C1)C2(F)F,
47090,CC(C)Oc1n[nH]cc1C(=O)NC[C@]1(F)C[C@@H](NC(=O)C(F)F)C1,"N-(((1s,3s)-3-(2,2-difluoroacetamido)-1-fluorocyclobutyl)methyl)-3-isopropoxy-1H-pyrazole-4-carboxamide",,CC(C)Oc1[nH]ncc1C(=O)NC[C@]1(F)C[C@@H](NC(=O)C(F)F)C1,
47127,CC(=C(F)C(=O)NCC[C@H]1CCN(C(=O)[C@@H]2[C@H]3COC[C@H]32)CCC1(F)F)C1CC1,,,CC(=C(F)C(=O)NCC[C@H]1CCN(C(=O)C2[C@H]3COC[C@@H]23)CCC1(F)F)C1CC1,
47134,C[C@H](NC(=O)[C@]1(C(F)(F)F)C[C@@H](O)C1)[C@@H](C)NC(=O)c1cnn2cccc(Cl)c12,"4-chloro-N-((2R,3S)-3-((1s,3R)-3-hydroxy-1-(trifluoromethyl)cyclobutanecarboxamido)butan-2-yl)pyrazolo[1,5-a]pyridine-3-carboxamide",,C[C@H](NC(=O)[C@]1(C(F)(F)F)C[C@@H](O)C1)[C@@H](C)NC(=O)c1cnn2cccc(Cl)c12,
47197,CC(C)(C)c1ncc(C(=O)N2C[C@H]3[C@H](NC(=O)c4cc(Cl)ccn4)[C@H]3C2)o1,,,CC(C)(C)c1ncc(C(=O)N2C[C@@H]3[C@H](C2)[C@H]3NC(=O)c2cc(Cl)ccn2)o1,
47220,Cc1cc(N)c(Br)cc1C(=O)N1CCN(C(=O)[C@@H]2C[C@@H]3C[C@@H]3C2)CC1,,,Cc1cc(N)c(Br)cc1C(=O)N1CCN(C(=O)C2C[C@@H]3C[C@@H]3C2)CC1,
47289,O=C(CCC1CCCC1)N[C@@H]1C[C@@H]2CC[C@@]1(NC(=O)[C@H]1C[C@@](F)(CO)C1)C2,"3-cyclopentyl-N-((1R,2R,4S)-1-((1r,3R)-3-fluoro-3-(hydroxymethyl)cyclobutanecarboxamido)bicyclo[2.2.1]heptan-2-yl)propanamide",,O=C(CCC1CCCC1)N[C@@H]1C[C@@H]2CC[C@@]1(NC(=O)C1CC(F)(CO)C1)C2,
47305,CC=CC(=O)N[C@]1(C)C[C@@H](NC(=O)[C@H](C)SCC)C1,"N-((1S,3r)-3-((2S)-2-(ethylsulfanyl)propanamido)-1-methylcyclobutyl)but-2-enamide",,CC=CC(=O)N[C@]1(C)C[C@@H](NC(=O)C(C)SCC)C1,
47407,CS(=O)(=O)N1CCN(CC(=O)NCCCOCCNC(=O)[C@@H]2C[C@@H]3C[C@@H]3C2)CC1,,,CS(=O)(=O)N1CCN(CC(=O)NCCCOCCNC(=O)C2C[C@@H]3C[C@@H]3C2)CC1,
47413,CC=CCC(=O)N(C)[C@H]1C[C@@H]2CC[C@H](C1)N2C(=O)c1ccn(CC(F)F)n1,,,CC=CCC(=O)N(C)[C@@H]1C[C@H]2CC[C@@H](C1)N2C(=O)c1ccn(CC(F)F)n1,
47434,COCc1ccoc1C(=O)N[C@]1(C)C[C@H](NC(=O)C2=NN(C)C(=O)CC2)C1,"N-((1s,3s)-3-(3-(methoxymethyl)furan-2-carboxamido)-3-methylcyclobutyl)-1-methyl-6-oxo-1,4,5,6-tetrahydropyridazine-3-carboxamide",,COCc1ccoc1C(=O)N[C@]1(C)C[C@H](NC(=O)C2=NN(C)C(=O)CC2)C1,
47518,COc1cncc(C(=O)N2[C@H]3CC[C@@H]2C[C@@H](NC(=O)C2CC(OC)C2)C3)c1,,,COc1cncc(C(=O)N2[C@@H]3CC[C@H]2C[C@H](NC(=O)C2CC(OC)C2)C3)c1,
47547,C[C@]1(NC(=O)Cc2ccc(Br)cc2)C[C@@H](NC(=O)C2(O)CCC2)C1,"2-(4-bromophenyl)-N-((1s,3s)-3-(1-hydroxycyclobutanecarboxamido)-1-methylcyclobutyl)acetamide",,C[C@]1(NC(=O)Cc2ccc(Br)cc2)C[C@@H](NC(=O)C2(O)CCC2)C1,
47548,C#Cc1cnc(C(=O)NC[C@@H](C)NC(=O)[C@@H]2C[C@H](OC)[C@H](OC)C2)c(C)c1,,,C#Cc1cnc(C(=O)NC[C@@H](C)NC(=O)C2C[C@H](OC)[C@H](OC)C2)c(C)c1,
47662,CC[C@H]1CCC[C@@H]1C(=O)N1[C@H]2CC[C@@H]1C[C@@H](CNC(=O)c1ccc(C)cc1C)C2,"N-(((1R,3R,5S)-8-(((1S,2S)-2-ethylcyclopentyl)carbonyl)-8-azabicyclo[3.2.1]octan-3-yl)methyl)-2,4-dimethylbenzamide",,CC[C@H]1CCCC1C(=O)N1[C@@H]2CC[C@H]1C[C@H](CNC(=O)c1ccc(C)cc1C)C2,
47815,CN(CC(=O)N[C@H]1C[C@@](F)(CNC(=O)c2cnc(C3OCCO3)s2)C1)C1CCC1,"2-(cyclobutyl(methyl)amino)-N-((1r,3r)-3-((2-(1,3-dioxolan-2-yl)-1,3-thiazole-5-carboxamido)methyl)-3-fluorocyclobutyl)acetamide",,CN(CC(=O)N[C@H]1C[C@@](F)(CNC(=O)c2cnc(C3OCCO3)s2)C1)C1CCC1,
47818,O=C(N[C@@H](CNC(=O)[C@H]1C[C@H]2C[C@@H](O)C[C@H](C2)C1)C1CCC1)c1sccc1Cl,,,O=C(N[C@@H](CNC(=O)C1C[C@@H]2C[C@H](O)C[C@H](C1)C2)C1CCC1)c1sccc1Cl,
47846,COc1cc(C(=O)N(C)C[C@H]2[C@@H]3CN(C(=O)C4(C#N)CC4)C[C@H]23)ccc1Cl,,,COc1cc(C(=O)N(C)C[C@@H]2[C@H]3CN(C(=O)C4(C#N)CC4)C[C@@H]23)ccc1Cl,
48014,C[C@]1(NC(=O)[C@H]2CC[C@H](C(F)(F)F)C2)C[C@H](NC(=O)c2ccc(F)c(N)c2)C1,"3-amino-4-fluoro-N-((1S,3r)-3-methyl-3-((1S,3S)-3-(trifluoromethyl)cyclopentanecarboxamido)cyclobutyl)benzamide",,C[C@]1(NC(=O)C2CC[C@H](C(F)(F)F)C2)C[C@H](NC(=O)c2ccc(F)c(N)c2)C1,
48095,Nc1cc(C(=O)N[C@H]2C[C@H]3C[C@@H](NC(=O)C4=CCCSC4)C[C@H]3C2)cc(Cl)n1,,,Nc1cc(C(=O)N[C@H]2C[C@H]3C[C@@H](NC(=O)C4=CCCSC4)C[C@H]3C2)cc(Cl)n1,
48099,C[C@@H](CC(=O)NC[C@@H]1CN(C(=O)[C@H]2C[C@](F)(CO)C2)CC12CCC2)N(C)C,"(3S)-3-(dimethylamino)-N-(((8R)-6-(((1s,3S)-3-fluoro-3-(hydroxymethyl)cyclobutyl)carbonyl)-6-azaspiro[3.4]octan-8-yl)methyl)butanamide",,C[C@@H](CC(=O)NC[C@@H]1CN(C(=O)C2CC(F)(CO)C2)CC12CCC2)N(C)C,
48104,N[C@H]1[C@@H]2CN(C(=O)C(=O)N3C[C@@H](CO)[C@H](c4ccsc4)C3)C[C@H]12,"1-((1R,5S,6R)-6-amino-3-azabicyclo[3.1.0]hexan-3-yl)-2-((3S,4R)-3-(hydroxymethyl)-4-(thiophen-3-yl)pyrrolidin-1-yl)ethane-1,2-dione",,N[C@@H]1[C@H]2CN(C(=O)C(=O)N3C[C@@H](CO)[C@H](c4ccsc4)C3)C[C@@H]12,
48131,C[C@]1(NC(=O)C[C@@H]2C[C@@H](O)C23CCC3)C[C@@H](NC(=O)c2ccccc2Cl)C1,"N-((1s,3R)-3-(2-chlorobenzamido)-1-methylcyclobutyl)-2-((1S,3R)-3-hydroxyspiro[3.3]heptan-1-yl)acetamide",,C[C@]1(NC(=O)C[C@@H]2C[C@@H](O)C23CCC3)C[C@@H](NC(=O)c2ccccc2Cl)C1,
48138,O=C([C@H]1[C@H]2CN(S(=O)(=O)c3cccs3)C[C@H]21)N1CCC[C@@](O)(C(F)(F)F)C1,,,O=C(C1[C@H]2CN(S(=O)(=O)c3cccs3)C[C@@H]12)N1CCC[C@@](O)(C(F)(F)F)C1,
48140,C[C@H]1C[C@H](N(C)C(=O)C(=O)NCc2ccc(C(C)(C)C)nc2)C[C@@H](C)O1,,,C[C@@H]1C[C@@H](N(C)C(=O)C(=O)NCc2ccc(C(C)(C)C)nc2)C[C@H](C)O1,
48225,Cc1cc(CCC(=O)N[C@H]2C[C@](C)(NC(=O)C[C@@H]3C[C@H]4C=C[C@H]3C4)C2)on1,"N-((1S,3r)-3-(2-((1S,2S,4R)-bicyclo[2.2.1]hept-5-en-2-yl)acetamido)-3-methylcyclobutyl)-3-(3-methyl-1,2-oxazol-5-yl)propanamide",,Cc1cc(CCC(=O)N[C@H]2C[C@](C)(NC(=O)C[C@@H]3C[C@H]4C=C[C@H]3C4)C2)on1,
48247,Cc1cc(C(=O)N(C)C[C@H]2[C@@H]3CN(C(=O)[C@H]4CCCC[C@H]4N=[N+]=[N-])C[C@H]23)ccn1,"N-(((1R,5S,6S)-3-(((1S,2R)-2-azidocyclohexyl)carbonyl)-3-azabicyclo[3.1.0]hexan-6-yl)methyl)-N,2-dimethylpyridine-4-carboxamide",,Cc1cc(C(=O)N(C)C[C@@H]2[C@H]3CN(C(=O)C4CCCC[C@H]4N=[N+]=[N-])C[C@@H]23)ccn1,
48249,C[C@H]1CC(C(=O)NC[C@]2(F)C[C@H](NC(=O)Cn3cc(CO)nn3)C2)=NO1,"(5S)-N-(((1r,3S)-1-fluoro-3-(2-(4-(hydroxymethyl)-1H-1,2,3-triazol-1-yl)acetamido)cyclobutyl)methyl)-5-methyl-4,5-dihydro-1,2-oxazole-3-carboxamide",,C[C@H]1CC(C(=O)NC[C@]2(F)C[C@H](NC(=O)Cn3cc(CO)nn3)C2)=NO1,
48275,Cc1nc2cc(C(=O)N[C@]3(C)C[C@@H](NC(=O)Cc4cc[nH]c(=N)c4)C3)cnc2[nH]1,"N-((1r,3r)-3-(2-(2-imino-1,2-dihydropyridin-4-yl)acetamido)-1-methylcyclobutyl)-8-methyl-2,7,9-triazabicyclo[4.3.0]nona-1(6),2,4,7-tetraene-4-carboxamide",,Cc1nc2cc(C(=O)N[C@]3(C)C[C@@H](NC(=O)Cc4ccnc(N)c4)C3)cnc2[nH]1,
48297,CC(=Cc1cccnc1)C(=O)N[C@H]1[C@@H]2CN(C(=O)C=C3CN4CCC3CC4)C[C@@H]21,,,CC(=Cc1cccnc1)C(=O)N[C@H]1[C@@H]2CN(C(=O)C=C3CN4CCC3CC4)C[C@@H]21,
48328,Cc1ccc(C(=O)N[C@H]2C[C@@](C)(NC(=O)CCc3cccc(O)n3)C2)nn1,"N-((1s,3s)-3-(3-(6-hydroxypyridin-2-yl)propanamido)-3-methylcyclobutyl)-6-methylpyridazine-3-carboxamide",,Cc1ccc(C(=O)N[C@H]2C[C@@](C)(NC(=O)CCc3cccc(=O)[nH]3)C2)nn1,
48364,CCCC[C@@H](CNC(=O)[C@H]1C[C@@H]2C[C@@H]2C1)NC(=O)C=Cc1ccnn1C,,,CCCC[C@@H](CNC(=O)C1C[C@@H]2C[C@@H]2C1)NC(=O)C=Cc1ccnn1C,
48549,CC(C)c1ncc(C(=O)N2C[C@H]3[C@H](NC(=O)c4n[nH]c5nccc(Cl)c45)[C@H]3C2)[nH]1,,,CC(C)c1nc(C(=O)N2C[C@@H]3[C@H](C2)[C@H]3NC(=O)c2[nH]nc3nccc(Cl)c23)c[nH]1,
48566,Cc1ccc(C(=O)NC[C@H]2C[C@@H]3CC[C@H](C2)N3C(=O)C(C)(C)[C@@H](C)O)cc1Cl,"3-chloro-N-(((1R,3S,5S)-8-((3R)-3-hydroxy-2,2-dimethylbutanoyl)-8-azabicyclo[3.2.1]octan-3-yl)methyl)-4-methylbenzamide",,Cc1ccc(C(=O)NC[C@@H]2C[C@H]3CC[C@@H](C2)N3C(=O)C(C)(C)[C@@H](C)O)cc1Cl,
48743,Cc1nc(C(=O)NC[C@]2(F)C[C@H](CNC(=O)c3ccc([C@H]4CCOC4)s3)C2)co1,"N-(((1S,3r)-1-fluoro-3-((5-((3S)-oxolan-3-yl)thiophene-2-carboxamido)methyl)cyclobutyl)methyl)-2-methyl-1,3-oxazole-4-carboxamide",,Cc1nc(C(=O)NC[C@]2(F)C[C@H](CNC(=O)c3ccc(C4CCOC4)s3)C2)co1,
48764,C=CCC(CC=C)C(=O)N1CC2(C[C@H](C(=O)N[C@H]3C[C@H](O)[C@H](O)C3)CO2)C1,,,C=CCC(CC=C)C(=O)N1CC2(CC(C(=O)N[C@@H]3C[C@@H](O)[C@@H](O)C3)CO2)C1,
48770,CCC(CC)[C@H](C)C(=O)NCc1occc1C(=O)N1C[C@H]2C[C@H](F)C[C@H]2C1,"(2S)-3-ethyl-N-((3-(((1R,5S,7R)-7-fluoro-3-azabicyclo[3.3.0]octan-3-yl)carbonyl)furan-2-yl)methyl)-2-methylpentanamide",,CCC(CC)C(C)C(=O)NCc1occc1C(=O)N1C[C@H]2C[C@H](F)C[C@H]2C1,
48811,COc1cnc(C(=O)N2CC[C@H]3[C@H](CCN3C(=O)[C@@H]3C[C@@H]4C[C@@H]4C3)C2)c(OC)n1,,,COc1cnc(C(=O)N2CC[C@H]3[C@H](CCN3C(=O)C3C[C@@H]4C[C@@H]4C3)C2)c(OC)n1,
48830,Nc1c(Cl)cnc(C(=O)N2[C@H]3CC[C@@H]2C[C@H](NC(=O)[C@H]2C[C@@H](O)C2)C3)c1Cl,,,Nc1c(Cl)cnc(C(=O)N2[C@@H]3CC[C@H]2C[C@@H](NC(=O)C2CC(O)C2)C3)c1Cl,
48957,COC(=O)CCC(=O)N1C[C@H]2[C@@H](C1)[C@@H]2c1cn(-c2ccncc2F)nn1,,,COC(=O)CCC(=O)N1C[C@@H]2[C@H](C1)[C@H]2c1cn(-c2ccncc2F)nn1,
48964,COCc1cncc(C(=O)N[C@H]2[C@@H]3CN(C(=O)c4csc(Br)c4)C[C@@H]32)c1,,,COCc1cncc(C(=O)N[C@H]2[C@@H]3CN(C(=O)c4csc(Br)c4)C[C@@H]32)c1,
49008,C/C=C/C[C@@H](C)C(=O)N[C@H]1[C@@H]2CN(C(=O)CCc3cc(C)n(C)n3)C[C@@H]21,,,C/C=C/CC(C)C(=O)N[C@H]1[C@@H]2CN(C(=O)CCc3cc(C)n(C)n3)C[C@@H]21,
49027,C#C[C@]1(O)C[C@@H](C(=O)NC[C@H](O)CNC(=O)[C@@H]2C[C@H](F)CN2C)C1,"(2S,4S)-N-((2S)-3-((1s,3R)-3-ethynyl-3-hydroxycyclobutanecarboxamido)-2-hydroxypropyl)-4-fluoro-1-methylpyrrolidine-2-carboxamide",,C#CC1(O)CC(C(=O)NC[C@H](O)CNC(=O)C2C[C@H](F)CN2C)C1,
49042,CN1CCc2nc(C(=O)N3CC4(CCN(C(=O)[C@H]5C[C@](F)(CO)C5)C4)C3)sc2C1,"(6-(((1s,3s)-3-fluoro-3-(hydroxymethyl)cyclobutyl)carbonyl)-2,6-diazaspiro[3.4]octan-2-yl)(4-methyl-7-thia-4,9-diazabicyclo[4.3.0]nona-1(6),8-dien-8-yl)methanone",,CN1CCc2nc(C(=O)N3CC4(CCN(C(=O)C5CC(F)(CO)C5)C4)C3)sc2C1,
49143,CCC[C@@H](CC)NC(=O)[C@@H]1[C@H]2CN(C(=O)C[C@H]3C(=O)N(C)c4ccccc43)C[C@H]21,"(1R,5S,6R)-N-((3R)-hexan-3-yl)-3-(2-((3R)-1-methyl-2-oxoindolin-3-yl)acetyl)-3-azabicyclo[3.1.0]hexane-6-carboxamide",,CCC[C@@H](CC)NC(=O)C1[C@H]2CN(C(=O)Cc3c(O)n(C)c4ccccc34)C[C@@H]12,
49150,CC[C@@H](CNC(=O)[C@H]1[C@@H](C)[C@H]1C)NC(=O)C(C)(C)c1ccc(F)cc1,,,CC[C@@H](CNC(=O)C1[C@@H](C)[C@H]1C)NC(=O)C(C)(C)c1ccc(F)cc1,
49325,CN(C(=O)[C@H]1C[C@H]2CCC[C@H](C2)C1)[C@@H]1CN(C(=O)C(C)(C)C#N)CC12CC2,,,CN(C(=O)C1C[C@H]2CCC[C@@H](C1)C2)[C@@H]1CN(C(=O)C(C)(C)C#N)CC12CC2,
49345,C[C@@H]1CCCC=C1C(=O)N[C@@H]1C[C@@H]2CC[C@H](C1)N2C(=O)C1=NOC2(CCC2)C1,,,C[C@@H]1CCCC=C1C(=O)N[C@H]1C[C@H]2CC[C@@H](C1)N2C(=O)C1=NOC2(CCC2)C1,
49409,COC[C@]1(C)CCCN(C(=O)C2([C@@H]3CCCN3C(=O)[C@H]3C[C@@H]4C[C@@H]4C3)CC2)C1,,,COC[C@]1(C)CCCN(C(=O)C2([C@@H]3CCCN3C(=O)C3C[C@@H]4C[C@@H]4C3)CC2)C1,
49429,Cc1ccc(C(=O)N[C@H]2C[C@](C)(NC(=O)C=CC3(C)CCOCC3)C2)c(N)c1C,"2-amino-3,4-dimethyl-N-((1r,3r)-3-methyl-3-(3-(4-methyloxan-4-yl)prop-2-enamido)cyclobutyl)benzamide",,Cc1ccc(C(=O)N[C@H]2C[C@](C)(NC(=O)C=CC3(C)CCOCC3)C2)c(N)c1C,
49478,Cc1cc(C)c(CC(=O)N[C@H]2C[C@@H]3CC[C@H](C2)N3C(=O)Cc2cccs2)c(O)n1,,,Cc1cc(C)c(CC(=O)N[C@@H]2C[C@H]3CC[C@@H](C2)N3C(=O)Cc2cccs2)c(=O)[nH]1,
49491,C[C@]1(NC(=O)c2csc3c2CCCC3)C[C@@H](NC(=O)c2c[nH]c(=O)cn2)C1,"N-((1s,3s)-3-methyl-3-(4,5,6,7-tetrahydro-1-benzothiophene-3-carboxamido)cyclobutyl)-5-oxo-4,5-dihydropyrazine-2-carboxamide",,C[C@]1(NC(=O)c2csc3c2CCCC3)C[C@@H](NC(=O)c2c[nH]c(=O)cn2)C1,
49517,O=C(N[C@@H]1CCSC12CN(C(=O)CC1=CCOCC1)C2)[C@@H]1[C@H]2CCCC[C@H]21,,,O=C(N[C@@H]1CCSC12CN(C(=O)CC1=CCOCC1)C2)C1[C@H]2CCCC[C@@H]12,
49533,C#CC[C@H](O)C(=O)N(C)[C@H]1C[C@@H]2CC[C@H](C1)N2C(=O)c1cccc2c1CCC2,,,C#CCC(O)C(=O)N(C)[C@@H]1C[C@H]2CC[C@@H](C1)N2C(=O)c1cccc2c1CCC2,
49534,CCOC(=O)[C@H]1C[C@@](F)(C(=O)N2CC[C@@H]3CCN(C(=O)[C@H]4CC45CC5)C[C@@H]3C2)C1,"ethyl (1R,3r)-3-fluoro-3-(((4aS,8aR)-7-((1S)-spiro[2.2]pentan-1-ylcarbonyl)decahydro-2,7-naphthyridin-2-yl)carbonyl)cyclobutanecarboxylate",,CCOC(=O)C1CC(F)(C(=O)N2CC[C@@H]3CCN(C(=O)C4CC45CC5)C[C@@H]3C2)C1,
49663,COc1ccc(C)c(C(=O)N[C@H]2[C@@H]3CN(C(=O)c4cccc(=O)n4C)C[C@@H]32)n1,,,COc1ccc(C)c(C(=O)N[C@H]2[C@@H]3CN(C(=O)c4cccc(=O)n4C)C[C@@H]32)n1,
49695,CS(=O)(=O)c1cc(NC[C@@H]2CCCCN2C(=O)[C@H]2C[C@@H]3C[C@@H]3C2)ncn1,,,CS(=O)(=O)c1cc(NC[C@@H]2CCCCN2C(=O)C2C[C@@H]3C[C@@H]3C2)ncn1,
49712,CC[C@@H](C)n1ccc(=NC(=O)[C@H]2CCC=C[C@H]2NC(=O)[C@H]2C[C@@](C)(O)C2)[nH]1,"(1S,2R)-N-(1-((2R)-butan-2-yl)-1H,2H-pyrazol-3-ylidene)-2-((1s,3S)-3-hydroxy-3-methylcyclobutanecarboxamido)cyclohex-3-ene-1-carboxamide",,CC[C@@H](C)n1ccc(NC(=O)C2CCC=C[C@H]2NC(=O)C2CC(C)(O)C2)n1,
49737,COc1ccsc1C(=O)NC[C@]1(F)CC[C@H](CNC(=O)c2ccns2)CC1,"N-(((1r,4r)-4-fluoro-4-((3-methoxythiophene-2-carboxamido)methyl)cyclohexyl)methyl)-1,2-thiazole-5-carboxamide",,COc1ccsc1C(=O)NC[C@]1(F)CC[C@H](CNC(=O)c2ccns2)CC1,
49809,Cc1nnc2n1CC[C@]2(C)C(=O)N1C[C@H]2[C@H](CNC(=O)CC3CC=CC3)[C@H]2C1,"2-(cyclopent-3-en-1-yl)-N-(((1R,5S,6S)-3-(((6S)-2,6-dimethyl-1,3,4-triazabicyclo[3.3.0]octa-2,4-dien-6-yl)carbonyl)-3-azabicyclo[3.1.0]hexan-6-yl)methyl)acetamide",,Cc1nnc2n1CC[C@]2(C)C(=O)N1C[C@@H]2[C@@H](CNC(=O)CC3CC=CC3)[C@@H]2C1,
49851,CC(=O)NC1(CC(=O)N2C[C@H]3[C@H](CC(=O)NCC4CCSCC4)[C@H]3C2)CC1,,,CC(=O)NC1(CC(=O)N2C[C@@H]3[C@@H](CC(=O)NCC4CCSCC4)[C@@H]3C2)CC1,
49883,O=C1C[C@@H](C(=O)N[C@H]2C[C@]3(CCCCN3C(=O)c3n[nH]c4c3CCCC4)C2)CO1,"(3R)-5-oxo-N-(5-((4,5,6,7-tetrahydro-1H-indazol-3-yl)carbonyl)-5-azaspiro[3.5]nonan-2-yl)oxolane-3-carboxamide",O=C1C[C@H](CO1)C(=O)NC1CC2(C1)N(CCCC2)C(=O)C2=NNC=1CCCCC21,O=C1CC(C(=O)N[C@H]2C[C@]3(CCCCN3C(=O)c3[nH]nc4c3CCCC4)C2)CO1,O=C1CC(C(=O)NC2CC3(CCCCN3C(=O)c3[nH]nc4c3CCCC4)C2)CO1
49892,C#CCCCOCCNC(=O)C(C)(C)[C@@H]1CCN(C(=O)[C@@H]2[C@H]3[C@@H]4CC[C@@H](C4)[C@H]32)C1,,,C#CCCCOCCNC(=O)C(C)(C)[C@@H]1CCN(C(=O)C2[C@@H]3[C@H]4CC[C@H](C4)[C@H]23)C1,
49948,Cn1cc(SC(F)(F)C(=O)NC[C@H]2C[C@H]2NC(=O)[C@@H]2[C@H]3[C@@H]4CC[C@@H](C4)[C@H]32)cn1,,,Cn1cc(SC(F)(F)C(=O)NC[C@H]2C[C@H]2NC(=O)C2[C@@H]3[C@H]4CC[C@H](C4)[C@H]23)cn1,
50042,C[C@H]1[C@@H](C)[C@@H]1C(=O)N[C@@H]1CN(C(=O)Cc2ccsc2Cl)CC1(C)C,,,C[C@@H]1C(C(=O)N[C@@H]2CN(C(=O)Cc3ccsc3Cl)CC2(C)C)[C@@H]1C,
50102,C[C@@H]1[C@@H](C(=O)N(C)[C@H]2C[C@@H]3CC[C@H](C2)N3C(=O)C2(CCF)CCC2)C1(F)F,,,C[C@@H]1C(C(=O)N(C)[C@@H]2C[C@H]3CC[C@@H](C2)N3C(=O)C2(CCF)CCC2)C1(F)F,
50104,CC1(C)[C@@H](C(=O)N[C@H]2C[C@@H]3CC[C@H](C2)N3C(=O)c2cnc(O)s2)CC1(F)F,,,CC1(C)C(C(=O)N[C@@H]2C[C@H]3CC[C@@H](C2)N3C(=O)c2c[nH]c(=O)s2)CC1(F)F,
50140,CC(C)n1ccnc1C(=O)NC[C@@H]1C[C@@H]2CC[C@H](C1)N2C(=O)CCc1nccs1,,,CC(C)n1ccnc1C(=O)NC[C@H]1C[C@H]2CC[C@@H](C1)N2C(=O)CCc1nccs1,
50240,NC(=O)c1ccc(F)nc1NC(=O)[C@@H]1[C@H]2CN(Cc3cccc4c3OCC4)C[C@H]21,,,NC(=O)c1ccc(F)nc1NC(=O)C1[C@H]2CN(Cc3cccc4c3OCC4)C[C@@H]12,
50311,CN(CCOCCNC(=O)c1cnc(Cl)n1C)C(=O)[C@H]1C[C@](F)(CO)C1,"2-chloro-1-methyl-N-(2-(2-(N-methyl(1s,3s)-3-fluoro-3-(hydroxymethyl)cyclobutanecarboxamido)ethoxy)ethyl)-1H-imidazole-5-carboxamide",,CN(CCOCCNC(=O)c1cnc(Cl)n1C)C(=O)C1CC(F)(CO)C1,
50348,Cc1ccc(C(=O)N2C[C@@H](O)[C@@H](O)[C@@H]2CNC(=O)[C@H]2CC[C@@](C)(F)CC2)cc1,"(1s,4R)-N-(((2S,3S,4R)-3,4-dihydroxy-1-((4-methylphenyl)carbonyl)pyrrolidin-2-yl)methyl)-4-fluoro-4-methylcyclohexanecarboxamide",,Cc1ccc(C(=O)N2C[C@@H](O)[C@@H](O)[C@@H]2CNC(=O)C2CCC(C)(F)CC2)cc1,
50354,COc1ccc(CN2[C@H]3CCC[C@@H]2C[C@@H](NC(=O)C(C)(C)Br)C3)cn1,,,COc1ccc(CN2[C@@H]3CCC[C@H]2C[C@H](NC(=O)C(C)(C)Br)C3)cn1,
50362,CN1CCC[C@H](C(=O)NC[C@]2(F)C[C@@H](CNC(=O)Cn3ncc(Br)n3)C2)C1,"(3S)-N-(((1s,3R)-3-((2-(4-bromo-2H-1,2,3-triazol-2-yl)acetamido)methyl)-1-fluorocyclobutyl)methyl)-1-methylpiperidine-3-carboxamide",,CN1CCCC(C(=O)NC[C@]2(F)C[C@@H](CNC(=O)Cn3ncc(Br)n3)C2)C1,
50370,CN(CCCNC(=O)c1ccc([C@@H]2CCC(=O)N2)cc1)C(=O)[C@@]1(C)C[C@@H]2C[C@@H]2C1,,,CN(CCCNC(=O)c1ccc([C@@H]2CCC(=O)N2)cc1)C(=O)[C@]1(C)C[C@H]2C[C@H]2C1,
50373,CCC(CC)CC(=O)NC[C@@H]1CN(C(=O)[C@H]2C[C@@H]3CC[C@@H]3C2)C[C@H]1O,,,CCC(CC)CC(=O)NC[C@@H]1CN(C(=O)C2C[C@H]3CC[C@H]3C2)C[C@H]1O,
50516,C=CCCC[C@H](NC(=O)c1c[nH]nc1Cl)C(=O)N[C@]1(C)C[C@H](N(C)C)C1,"3-chloro-N-((2S)-1-(((1s,3R)-3-(dimethylamino)-1-methylcyclobutyl)amino)-1-oxohept-6-en-2-yl)-1H-pyrazole-4-carboxamide",,C=CCCCC(NC(=O)c1c[nH]nc1Cl)C(=O)N[C@]1(C)C[C@H](N(C)C)C1,
50529,COc1ccccc1C=CC(=O)N[C@H]1C[C@@](C)(NC(=O)c2cc(Cl)ns2)C1,"N-((1s,3s)-3-(3-chloro-1,2-thiazole-5-carboxamido)-3-methylcyclobutyl)-3-(2-methoxyphenyl)prop-2-enamide",,COc1ccccc1C=CC(=O)N[C@H]1C[C@@](C)(NC(=O)c2cc(Cl)ns2)C1,
50566,CC#CCCCC(=O)N1C[C@H]2[C@H](NC(=O)C[C@@H]3CC(C)(C)OC3=O)[C@H]2C1,,,CC#CCCCC(=O)N1C[C@@H]2[C@H](C1)[C@H]2NC(=O)CC1CC(C)(C)OC1=O,
50627,CN(C(=O)[C@@H]1CCCc2ncnn21)[C@H]1C[C@@H]2CC[C@H](C1)N2C(=O)c1ccon1,,,CN(C(=O)C1CCCc2ncnn21)[C@@H]1C[C@H]2CC[C@@H](C1)N2C(=O)c1ccon1,
50651,CO[C@H]1C[C@@H](C(=O)N[C@H]2C[C@H]2NC(=O)C2=C(C)OCCC2)C[C@H]1OC,,,CO[C@H]1CC(C(=O)N[C@H]2C[C@H]2NC(=O)C2=C(C)OCCC2)C[C@H]1OC,
50734,NC(=O)NC1(C(=O)N[C@H]2[C@@H]3CN(C(=O)c4cnn(CCO)c4)C[C@@H]32)CC1,,,NC(=O)NC1(C(=O)N[C@H]2[C@@H]3CN(C(=O)c4cnn(CCO)c4)C[C@@H]32)CC1,
50828,CCOC(C)(C)C(=O)N(C)C[C@H]1[C@@H]2CN(C(=O)[C@H](CCSC)NC=O)C[C@H]12,"2-ethoxy-N-(((1R,5S,6S)-3-((2S)-2-formamido-4-(methylsulfanyl)butanoyl)-3-azabicyclo[3.1.0]hexan-6-yl)methyl)-N,2-dimethylpropanamide",,CCOC(C)(C)C(=O)N(C)C[C@@H]1[C@H]2CN(C(=O)C(CCSC)NC=O)C[C@@H]12,
50943,CC[C@@](C)(OC)C(=O)NC[C@H]1C[C@](F)(CNC(=O)[C@@H]2CS[C@@]3(C)CCC(=O)N23)C1,"(2R)-N-(((1S,3S)-3-fluoro-3-(((1S,4R)-1-methyl-6-oxo-2-thia-5-azabicyclo[3.3.0]octane-4-carboxamido)methyl)cyclobutyl)methyl)-2-methoxy-2-methylbutanamide",,CC[C@@](C)(OC)C(=O)NC[C@H]1C[C@](F)(CNC(=O)C2CS[C@@]3(C)CCC(=O)N23)C1,
50946,COc1ccc(Cl)c(C(=O)NC[C@H]2C[C@@](F)(CNC(=O)[C@@H]3C[C@@H]3F)C2)c1N,"2-amino-6-chloro-N-(((1S,3r)-3-fluoro-3-(((1S,2S)-2-fluorocyclopropanecarboxamido)methyl)cyclobutyl)methyl)-3-methoxybenzamide",,COc1ccc(Cl)c(C(=O)NC[C@H]2C[C@@](F)(CNC(=O)C3C[C@@H]3F)C2)c1N,
50994,CCS[C@@H](C(=O)N[C@H](C)CC1CN(C(=O)[C@H]2C[C@@](C)(O)C2)C1)C(C)C,"(2R)-2-(ethylsulfanyl)-N-((2R)-1-(1-(((1s,3S)-3-hydroxy-3-methylcyclobutyl)carbonyl)azetidin-3-yl)propan-2-yl)-3-methylbutanamide",,CCSC(C(=O)N[C@H](C)CC1CN(C(=O)C2CC(C)(O)C2)C1)C(C)C,
51154,CC(=CC(=O)N1CCNC(=O)[C@H]1CCO)CNC(=O)[C@@H]1C[C@@H]2CC[C@@H]2C1,,,CC(=CC(=O)N1CCNC(=O)C1CCO)CNC(=O)C1C[C@H]2CC[C@H]2C1,
51156,C[C@@H](C(=O)NC[C@]1(O)C[C@@H]2CC[C@H](C1)N2C(=O)c1nn(C)cc1Cl)n1ccnn1,,,CC(C(=O)NC[C@@]1(O)C[C@H]2CC[C@@H](C1)N2C(=O)c1nn(C)cc1Cl)n1ccnn1,
51161,CCC#CC(C)(C)NC(=O)[C@@H]1C[C@@H]2CN(C(=O)c3ccncn3)C[C@@H]2C1,,,CCC#CC(C)(C)NC(=O)C1C[C@@H]2CN(C(=O)c3ccncn3)C[C@@H]2C1,
51178,C[C@@H]1C[C@@H](C(=O)N2CC(F)(F)[C@H]2C2CC2)N(C(=O)[C@H]2C[C@@H]3CC[C@@H]3C2)C1,,,C[C@@H]1CC(C(=O)N2CC(F)(F)[C@H]2C2CC2)N(C(=O)C2C[C@H]3CC[C@H]3C2)C1,
51222,CCN(CC)C(=O)[C@H](C)NC(=O)[C@@H](CC(F)F)N(C)C(=O)[C@H]1C[C@H]2[C@@H](C1)C2(F)F,,,CCN(CC)C(=O)C(C)NC(=O)C(CC(F)F)N(C)C(=O)C1C[C@@H]2[C@H](C1)C2(F)F,
51231,O=C(CCc1cn[nH]c1)NC[C@]1(F)C[C@H](NC(=O)c2ccn3nnnc3c2)C1,"N-(((1r,3r)-1-fluoro-3-(1,7,8,9-tetraazabicyclo[4.3.0]nona-2,4,6,8-tetraene-4-carboxamido)cyclobutyl)methyl)-3-(1H-pyrazol-4-yl)propanamide",,O=C(CCc1cn[nH]c1)NC[C@]1(F)C[C@H](NC(=O)c2ccn3nnnc3c2)C1,
51287,C[C@@H]1C[C@@H](C(=O)NC[C@@H]2C[C@@H]3CC[C@H](C2)N3C(=O)Cc2cnsc2)CCS1(=O)=O,,,C[C@@H]1CC(C(=O)NC[C@H]2C[C@H]3CC[C@@H](C2)N3C(=O)Cc2cnsc2)CCS1(=O)=O,
51346,CCN1C[C@@H](C(=O)NC[C@H]2[C@@H]3C[C@H]2CN3C(=O)[C@@H]2C[C@@H]3C[C@@H]3C2)c2ccccc21,,,CCN1CC(C(=O)NC[C@@H]2[C@H]3C[C@@H]2N(C(=O)C2C[C@@H]4C[C@@H]4C2)C3)c2ccccc21,
51361,O=C(N[C@@H]1CCCN(C(=O)[C@@H]2[C@H]3CCCCC[C@H]32)C1)c1ccc(F)cc1,,,O=C(N[C@@H]1CCCN(C(=O)C2[C@H]3CCCCC[C@@H]23)C1)c1ccc(F)cc1,
51376,CSCCCC(=O)NC[C@]1(F)C[C@H](NC(=O)Cc2c(Cl)cccc2Cl)C1,"N-(((1r,3r)-3-(2-(2,6-dichlorophenyl)acetamido)-1-fluorocyclobutyl)methyl)-4-(methylsulfanyl)butanamide",,CSCCCC(=O)NC[C@]1(F)C[C@H](NC(=O)Cc2c(Cl)cccc2Cl)C1,
51417,CC1(C)C[C@H](C(=O)N[C@@H](c2nn[nH]n2)C2CC2)CN1C(=O)[C@H]1C[C@@](C)(O)C1,"(3S)-N-((1R)-(cyclopropyl)(2H-tetrazol-5-yl)methyl)-1-(((1s,3R)-3-hydroxy-3-methylcyclobutyl)carbonyl)-5,5-dimethylpyrrolidine-3-carboxamide",,CC1(O)CC(C(=O)N2CC(C(=O)N[C@@H](c3nn[nH]n3)C3CC3)CC2(C)C)C1,
51438,CCCOCCC(=O)N1C[C@H]2[C@@H](C1)[C@@H]2C(=O)N1CCC(C)(F)CC1,,,CCCOCCC(=O)N1C[C@@H]2C(C(=O)N3CCC(C)(F)CC3)[C@@H]2C1,
51460,Cc1c(F)cncc1C(=O)N1CC[C@](C)(NC(=O)[C@H]2C[C@@](C)(O)C2)C1,"(1s,3R)-N-((3S)-1-((5-fluoro-4-methylpyridin-3-yl)carbonyl)-3-methylpyrrolidin-3-yl)-3-hydroxy-3-methylcyclobutanecarboxamide",,Cc1c(F)cncc1C(=O)N1CC[C@](C)(NC(=O)C2CC(C)(O)C2)C1,
51538,C[C@@H]1CCC[C@]1(C)NC(=O)[C@@H]1[C@H]2CN(C(=O)CO[C@H]3CCOC3)C[C@H]21,"(1R,5S,6S)-N-((1S,2R)-1,2-dimethylcyclopentyl)-3-(2-(((3S)-oxolan-3-yl)oxy)acetyl)-3-azabicyclo[3.1.0]hexane-6-carboxamide",,C[C@@H]1CCC[C@]1(C)NC(=O)C1[C@H]2CN(C(=O)CO[C@H]3CCOC3)C[C@@H]12,
51560,C[C@]1(NC(=O)c2ccc([C@H]3CCOC3)s2)C[C@@H](NC(=O)CN2CCOCC2)C1,"N-((1s,3R)-1-methyl-3-(2-(morpholin-4-yl)acetamido)cyclobutyl)-5-((3S)-oxolan-3-yl)thiophene-2-carboxamide",,C[C@]1(NC(=O)c2ccc(C3CCOC3)s2)C[C@@H](NC(=O)CN2CCOCC2)C1,
51654,CCc1nc(CC(=O)NCC2(NC(=O)[C@H]3C[C@H]4[C@@H](C3)C4(F)F)CCOCC2)cs1,,,CCc1nc(CC(=O)NCC2(NC(=O)C3C[C@@H]4[C@H](C3)C4(F)F)CCOCC2)cs1,
51667,O=C(CCC(F)(F)F)NC[C@]1(F)C[C@@H](NC(=O)CSCC(=O)N2CCOCC2)C1,"4,4,4-trifluoro-N-(((1s,3s)-1-fluoro-3-(2-((2-(morpholin-4-yl)-2-oxoethyl)sulfanyl)acetamido)cyclobutyl)methyl)butanamide",,O=C(CCC(F)(F)F)NC[C@]1(F)C[C@@H](NC(=O)CSCC(=O)N2CCOCC2)C1,
51678,C[C@@]1(C(=O)N2[C@H]3CC[C@@H]2C[C@](O)(CNC(=O)C2CCCCC2)C3)COC(=O)C1,"N-(((1R,3R,5S)-3-hydroxy-8-(((3S)-3-methyl-5-oxooxolan-3-yl)carbonyl)-8-azabicyclo[3.2.1]octan-3-yl)methyl)cyclohexanecarboxamide",,C[C@@]1(C(=O)N2[C@@H]3CC[C@H]2C[C@@](O)(CNC(=O)C2CCCCC2)C3)COC(=O)C1,
51692,CCc1sc(C(=O)N[C@H]2C[C@@](C)(NC(=O)c3ccn4ncc(C)c4n3)C2)cc1C,"N-((1s,3s)-3-(5-ethyl-4-methylthiophene-2-carboxamido)-1-methylcyclobutyl)-3-methylpyrazolo[1,5-a]pyrimidine-5-carboxamide",,CCc1sc(C(=O)N[C@H]2C[C@@](C)(NC(=O)c3ccn4ncc(C)c4n3)C2)cc1C,
51768,CN(C(=O)[C@@H]1CCc2ccccc2O1)[C@H]1[C@@H]2CN(C(=O)CCSCC(N)=O)C[C@@H]21,,,CN(C(=O)C1CCc2ccccc2O1)[C@H]1[C@@H]2CN(C(=O)CCSCC(N)=O)C[C@@H]21,
51888,O=C(N[C@H]1[C@@H]2CN(C(=O)c3cc(Cl)ccc3F)C[C@@H]21)[C@@H](O)c1ccco1,,,O=C(N[C@H]1[C@@H]2CN(C(=O)c3cc(Cl)ccc3F)C[C@@H]21)C(O)c1ccco1,
51932,COC(=O)N[C@@H](CC(C)C)C(=O)N[C@H]1C[C@](C)(NC(=O)COC2CC2)C1,"methyl ((2S)-1-(((1r,3S)-3-(2-(cyclopropoxy)acetamido)-3-methylcyclobutyl)amino)-4-methyl-1-oxopentan-2-yl)carbamate",,COC(=O)NC(CC(C)C)C(=O)N[C@H]1C[C@](C)(NC(=O)COC2CC2)C1,
51933,Cc1ccc(C(=O)NC[C@]2(F)C[C@H](NC(=O)C[C@H]3C[C@H]3C)C2)cc1[N+](=O)[O-],"N-(((1R,3r)-1-fluoro-3-(2-((1R,2R)-2-methylcyclopropyl)acetamido)cyclobutyl)methyl)-4-methyl-3-nitrobenzamide",,Cc1ccc(C(=O)NC[C@]2(F)C[C@H](NC(=O)C[C@H]3C[C@H]3C)C2)cc1[N+](=O)[O-],
51997,C[C@@H]1C[C@@H](CNC(=O)C2CCC(C)(C)CC2)CN(C(=O)[C@H]2C[C@@H]3C[C@@H]3C2)C1,,,C[C@@H]1C[C@@H](CNC(=O)C2CCC(C)(C)CC2)CN(C(=O)C2C[C@@H]3C[C@@H]3C2)C1,
52044,CC[C@@H](C)n1nccc1C(=O)NC[C@H]1C[C@@H]2CC[C@H](C1)N2c1ncccn1,,,CC[C@@H](C)n1nccc1C(=O)NC[C@@H]1C[C@H]2CC[C@@H](C1)N2c1ncccn1,
52128,Cc1ncnc(C(=O)NC[C@]2(F)C[C@H](NC(=O)CN3C(=O)CN(C)C3=O)C2)c1C,"N-(((1r,3r)-1-fluoro-3-(2-(3-methyl-2,5-dioxoimidazolidin-1-yl)acetamido)cyclobutyl)methyl)-5,6-dimethylpyrimidine-4-carboxamide",,Cc1ncnc(C(=O)NC[C@]2(F)C[C@H](NC(=O)Cn3c(O)cn(C)c3=O)C2)c1C,
52144,COCc1cccc(C(=O)N[C@@H]2CC[C@H](C)N(C(=O)[C@H]3C[C@](F)(CO)C3)C2)c1,"N-((3R,6S)-1-(((1s,3R)-3-fluoro-3-(hydroxymethyl)cyclobutyl)carbonyl)-6-methylpiperidin-3-yl)-3-(methoxymethyl)benzamide",,COCc1cccc(C(=O)N[C@@H]2CC[C@H](C)N(C(=O)C3CC(F)(CO)C3)C2)c1,
52167,O=C(N[C@H]1[C@@H]2CN(C(=O)[C@@H]3C[C@@H]3C(F)(F)F)C[C@@H]21)C1=C(Cl)CCOC1,"4-chloro-N-((1R,5S,6S)-3-(((1R,2S)-2-(trifluoromethyl)cyclopropyl)carbonyl)-3-azabicyclo[3.1.0]hexan-6-yl)-5,6-dihydro-2H-pyran-3-carboxamide",,O=C(N[C@H]1[C@@H]2CN(C(=O)C3C[C@@H]3C(F)(F)F)C[C@@H]21)C1=C(Cl)CCOC1,
52182,CO[C@H](C)CCC(=O)N[C@]1(C(=O)N[C@@H](C)c2ccnc(F)c2)C[C@H](O)C1,"(4R)-N-((1s,3R)-1-(((1S)-1-(2-fluoropyridin-4-yl)ethyl)carbamoyl)-3-hydroxycyclobutyl)-4-methoxypentanamide",,CO[C@H](C)CCC(=O)N[C@]1(C(=O)N[C@@H](C)c2ccnc(F)c2)C[C@H](O)C1,
52225,CCOCCC(=O)N[C@H]1C[C@@](C)(NC(=O)Cc2c([N+](=O)[O-])ccc(OC)c2F)C1,"3-ethoxy-N-((1s,3s)-3-(2-(2-fluoro-3-methoxy-6-nitrophenyl)acetamido)-3-methylcyclobutyl)propanamide",,CCOCCC(=O)N[C@H]1C[C@@](C)(NC(=O)Cc2c([N+](=O)[O-])ccc(OC)c2F)C1,
52264,Cn1ccc(C(=O)N2C[C@H]3[C@H](NC(=O)Cn4cnc(Br)c4)[C@H]3C2)cc1=O,,,Cn1ccc(C(=O)N2C[C@@H]3[C@H](C2)[C@H]3NC(=O)Cn2cnc(Br)c2)cc1=O,
52370,CCCC1(C(=O)NC[C@@H]2C[C@@H]3CC[C@H](C2)N3C(=O)[C@H](COC)CC(C)C)CC1,"N-(((1R,3S,5S)-8-((2S)-2-(methoxymethyl)-4-methylpentanoyl)-8-azabicyclo[3.2.1]octan-3-yl)methyl)-1-propylcyclopropanecarboxamide",,CCCC1(C(=O)NC[C@H]2C[C@H]3CC[C@@H](C2)N3C(=O)C(COC)CC(C)C)CC1,
52386,O=C(C=CSc1nc[nH]n1)NCC1(NC(=O)[C@@H]2C[C@@H]3OC(=O)O[C@@H]3C2)CC1,,,O=C(C=CSc1nc[nH]n1)NCC1(NC(=O)C2C[C@@H]3OC(=O)O[C@@H]3C2)CC1,
52408,CCOc1ncc(C(=O)N[C@H]2C[C@](C)(NC(=O)c3csc(=N)[nH]3)C2)s1,"2-ethoxy-N-((1r,3r)-3-(2-imino-1,3-thiazole-4(3H)-carboxamido)-3-methylcyclobutyl)-1,3-thiazole-5-carboxamide",,CCOc1ncc(C(=O)N[C@H]2C[C@](C)(NC(=O)c3csc(N)n3)C2)s1,
52473,Cc1sccc1CC(=O)N[C@H]1[C@@H]2CN(C(=O)c3cnn4ccc(Cl)c(F)c34)C[C@@H]21,,,Cc1sccc1CC(=O)N[C@H]1[C@@H]2CN(C(=O)c3cnn4ccc(Cl)c(F)c34)C[C@@H]21,
52489,O=C(N[C@@H]1COC[C@H]1O)c1sccc1CNC(=O)[C@H]1C[C@@H]2CC[C@H](C1)O2,,,O=C(N[C@@H]1COC[C@H]1O)c1sccc1CNC(=O)C1C[C@H]2CC[C@@H](C1)O2,
52537,CC(C)C[C@](C)(CNC(=O)[C@@H]1C[C@@H]2C[C@@H]2C1)NC(=O)CCN1CCP(C)(=O)CC1,,,CC(C)C[C@](C)(CNC(=O)C1C[C@@H]2C[C@@H]2C1)NC(=O)CCN1CCP(C)(=O)CC1,
52597,CC(C)(C(=O)N[C@@H](CO)CCF)C1=CCN(C(=O)[C@@H]2[C@H]3CCCCC[C@H]32)C1,,,CC(C)(C(=O)N[C@@H](CO)CCF)C1=CCN(C(=O)C2[C@H]3CCCCC[C@@H]23)C1,
52619,Cc1ncc(C(=O)N[C@H]2C[C@](F)(CNC(=O)C[C@@H](C)[C@@H](C)C(C)C)C2)o1,"N-((1S,3s)-3-fluoro-3-(((3R,4S)-3,4,5-trimethylhexanamido)methyl)cyclobutyl)-2-methyl-1,3-oxazole-5-carboxamide",,Cc1ncc(C(=O)N[C@H]2C[C@](F)(CNC(=O)C[C@@H](C)[C@@H](C)C(C)C)C2)o1,
52643,COC(=O)NCC(=O)N1C[C@H]2[C@H](CNC(=O)c3cc(F)cc(Cl)c3N)[C@H]2C1,,,COC(=O)NCC(=O)N1C[C@@H]2[C@@H](CNC(=O)c3cc(F)cc(Cl)c3N)[C@@H]2C1,
52728,CC(=O)N[C@](C)(C(=O)NC[C@H]1C[C@@](F)(CNC(=O)C[C@@H](C)C(F)(F)F)C1)C(C)C,"(3R)-N-(((1S,3R)-3-(((2S)-2-acetamido-2,3-dimethylbutanamido)methyl)-1-fluorocyclobutyl)methyl)-4,4,4-trifluoro-3-methylbutanamide",,CC(=O)N[C@](C)(C(=O)NC[C@H]1C[C@@](F)(CNC(=O)C[C@@H](C)C(F)(F)F)C1)C(C)C,
52732,CC[C@H](Cc1cccs1)N[C@]1(C(=O)OC)C[C@H](C(=O)OC)C1,"dimethyl (1s,3S)-1-(((2R)-1-(thiophen-2-yl)butan-2-yl)amino)cyclobutane-1,3-dicarboxylate",,CC[C@H](Cc1cccs1)NC1(C(=O)OC)CC(C(=O)OC)C1,
52776,C#CC[C@]1(O)C[C@@H](C(=O)NC[C@H](CCOC)NC(=O)c2cc(COC)no2)C1,"N-((2S)-1-((1s,3R)-3-hydroxy-3-(prop-2-yn-1-yl)cyclobutanecarboxamido)-4-methoxybutan-2-yl)-3-(methoxymethyl)-1,2-oxazole-5-carboxamide",,C#CCC1(O)CC(C(=O)NC[C@H](CCOC)NC(=O)c2cc(COC)no2)C1,
52802,CCC1(C(=O)N[C@@H]2C[C@@H]3CC[C@H](C2)N3C(=O)[C@@H]2CC[C@H](C)O2)CCCC1,"1-ethyl-N-((1R,3S,5S)-8-(((2S,5S)-5-methyloxolan-2-yl)carbonyl)-8-azabicyclo[3.2.1]octan-3-yl)cyclopentanecarboxamide",,CCC1(C(=O)N[C@H]2C[C@H]3CC[C@@H](C2)N3C(=O)C2CC[C@H](C)O2)CCCC1,
52814,CN1CCC[C@H](CN(C)C(=O)[C@@H]2[C@H]3CN(C(=O)c4ccc(F)cc4Br)C[C@H]32)C1,,,CN1CCC[C@H](CN(C)C(=O)C2[C@H]3CN(C(=O)c4ccc(F)cc4Br)C[C@@H]23)C1,
52890,O=C(COCC1CC1)N[C@H](CNC(=O)[C@H]1C[C@@](F)(CO)C1)CC(F)(F)F,"2-(cyclopropylmethoxy)-N-((2S)-4,4,4-trifluoro-1-((1r,3S)-3-fluoro-3-(hydroxymethyl)cyclobutanecarboxamido)butan-2-yl)acetamide",,O=C(COCC1CC1)N[C@H](CNC(=O)C1CC(F)(CO)C1)CC(F)(F)F,
52910,CCC(CC)(OC)C(=O)N1C[C@H]2[C@H](CNC(=O)CCn3ccnc3)[C@H]2C1,,,CCC(CC)(OC)C(=O)N1C[C@@H]2[C@@H](CNC(=O)CCn3ccnc3)[C@@H]2C1,
52929,Cc1cnn(Cc2cc(C(=O)N[C@H]3C[C@@](F)(CNC(=O)C(C)(F)F)C3)no2)c1,"N-((1r,3r)-3-((2,2-difluoropropanamido)methyl)-3-fluorocyclobutyl)-5-((4-methyl-1H-pyrazol-1-yl)methyl)-1,2-oxazole-3-carboxamide",,Cc1cnn(Cc2cc(C(=O)N[C@H]3C[C@@](F)(CNC(=O)C(C)(F)F)C3)no2)c1,
52984,CCC1(C)CC(C(=O)N2C[C@H]3[C@H](CN(C)C(=O)c4sccc4C#N)[C@H]3C2)C1,,,CCC1(C)CC(C(=O)N2C[C@@H]3[C@@H](CN(C)C(=O)c4sccc4C#N)[C@@H]3C2)C1,
53008,CNC(=O)N1CC(C(=O)N[C@@H](C)CCN(C)C(=O)[C@H]2C[C@@H]3CC[C@@H]3C2)C1,,,CNC(=O)N1CC(C(=O)N[C@@H](C)CCN(C)C(=O)C2C[C@H]3CC[C@H]3C2)C1,
53010,O=C(NC[C@H]1C[C@@H]2CC[C@H](C1)N2C(=O)Cc1ccoc1)[C@@H]1CCCc2ccnn21,,,O=C(NC[C@@H]1C[C@H]2CC[C@@H](C1)N2C(=O)Cc1ccoc1)C1CCCc2ccnn21,
53017,CN(C)Cc1cc(C(=O)N2C[C@H]3[C@H](CNC(=O)c4ccnnc4)[C@H]3C2)ccc1F,,,CN(C)Cc1cc(C(=O)N2C[C@@H]3[C@@H](CNC(=O)c4ccnnc4)[C@@H]3C2)ccc1F,
53023,C=CC1(C(=O)N[C@H]2CN(C(=O)[C@@H]3[C@H]4[C@@H]5CC[C@@H](C5)[C@H]43)C[C@@H]3C[C@@H]32)CCC1,,,C=CC1(C(=O)N[C@H]2CN(C(=O)C3[C@@H]4[C@H]5CC[C@H](C5)[C@H]34)C[C@@H]3C[C@@H]32)CCC1,
53136,CCC[C@H](C(=O)NC[C@]1(F)CCCN(C(=O)[C@H]2C[C@@H]3CC[C@@H]3C2)CC1)N(C)C,,,CCCC(C(=O)NC[C@]1(F)CCCN(C(=O)C2C[C@H]3CC[C@H]3C2)CC1)N(C)C,
53157,C#C[C@H]1[C@@H]2CN(c3nnc(C[C@H](C)SC)n3CCc3ccccc3)C[C@H]12,"(1R,5S,6R)-6-ethynyl-3-(5-((2S)-2-(methylsulfanyl)propyl)-4-(2-phenylethyl)-4H-1,2,4-triazol-3-yl)-3-azabicyclo[3.1.0]hexane",,C#C[C@@H]1[C@H]2CN(c3nnc(C[C@H](C)SC)n3CCc3ccccc3)C[C@@H]12,
53189,COC(=O)C(C)(C)C(=O)NC[C@H]1C[C@@](F)(CNC(=O)[C@H](C)n2cc(C)cn2)C1,"methyl 2-((((1S,3r)-3-fluoro-3-(((2S)-2-(4-methyl-1H-pyrazol-1-yl)propanamido)methyl)cyclobutyl)methyl)carbamoyl)-2-methylpropanoate",,COC(=O)C(C)(C)C(=O)NC[C@H]1C[C@@](F)(CNC(=O)C(C)n2cc(C)cn2)C1,
53219,CC[C@@H](C(=O)NC[C@H]1[C@@H]2CN(Cc3nnc(C(C)(C)C)o3)C[C@H]12)N1CCCC1=O,,,CCC(C(=O)NC[C@@H]1[C@H]2CN(Cc3nnc(C(C)(C)C)o3)C[C@@H]12)N1CCCC1=O,
53284,CSCC(=O)NC[C@H]1C[C@H]2CC[C@H]1N(C(=O)[C@H]1C[C@@H]3CC[C@H](C1)[C@H]3O)C2,,,CSCC(=O)NC[C@H]1C[C@H]2CC[C@H]1N(C(=O)C1C[C@H]3CC[C@@H](C1)[C@@H]3O)C2,
53378,Cc1cc(C(=O)NCC(=O)NC[C@]2(F)C[C@H](NC(=O)c3ccc(F)s3)C2)c(C)o1,"N-(2-((((1r,3r)-1-fluoro-3-(5-fluorothiophene-2-carboxamido)cyclobutyl)methyl)amino)-2-oxoethyl)-2,5-dimethylfuran-3-carboxamide",,Cc1cc(C(=O)NCC(=O)NC[C@]2(F)C[C@H](NC(=O)c3ccc(F)s3)C2)c(C)o1,
53390,CCN1CCO[C@H](CNC(=O)C(=O)N[C@H]2C[C@@H]3OC(=O)O[C@@H]3C2)C1,,,CCN1CCO[C@H](CNC(=O)C(=O)N[C@H]2C[C@@H]3OC(=O)O[C@@H]3C2)C1,
53395,C[C@H]1[C@@H]2CN(C(=O)C(=O)NC3=CC=C(Cl)C=C3Br)C[C@H]12,,,C[C@@H]1[C@H]2CN(C(=O)C(=O)Nc3ccc(Cl)cc3Br)C[C@@H]12,
53434,Cn1nc(C(=O)N2CC3(CC3)C[C@H]2C(=O)NC[C@@H]2[C@H]3CCCCC[C@H]32)cc1C#N,,,Cn1nc(C(=O)N2CC3(CC3)CC2C(=O)NC[C@H]2[C@@H]3CCCCC[C@@H]32)cc1C#N,
53436,C#CC[C@]1(O)C[C@@H](C(=O)N2CC[C@@H](C)C[C@H]2CNC(=O)Cc2ccc(F)cn2)C1,"2-(5-fluoropyridin-2-yl)-N-(((2S,4R)-1-(((1s,3R)-3-hydroxy-3-(prop-2-yn-1-yl)cyclobutyl)carbonyl)-4-methylpiperidin-2-yl)methyl)acetamide",,C#CCC1(O)CC(C(=O)N2CC[C@@H](C)C[C@H]2CNC(=O)Cc2ccc(F)cn2)C1,
53475,CCCn1ncc(C(=O)N2[C@H]3CC[C@@H]2C[C@H](NC(=O)C[C@](C)(O)CCC)C3)c1C,,,CCCn1ncc(C(=O)N2[C@@H]3CC[C@H]2C[C@@H](NC(=O)C[C@](C)(O)CCC)C3)c1C,
53494,C[C@@H](CN1CCCC[C@H]1C)N1C[C@H]2[C@@H](C1)[C@@H]2C(=O)N[C@@H]1C[C@H]2CO[C@H](C)CN2C1,"(1R,5S,6S)-N-((1S,4R,8R)-4-methyl-3-oxa-6-azabicyclo[4.3.0]nonan-8-yl)-3-((2S)-1-((2R)-2-methylpiperidin-1-yl)propan-2-yl)-3-azabicyclo[3.1.0]hexane-6-carboxamide",,C[C@@H]1CN2C[C@H](NC(=O)C3[C@H]4CN([C@@H](C)CN5CCCC[C@H]5C)C[C@@H]34)C[C@H]2CO1,
53582,CO[C@]1(C(F)F)C[C@H](C(=O)N2[C@H]3CC[C@H]2CN(C(=O)C[C@H](C)F)CC3)C1,"(3S)-1-((1S,6S)-9-(((1s,3R)-3-(difluoromethyl)-3-methoxycyclobutyl)carbonyl)-3,9-diazabicyclo[4.2.1]nonan-3-yl)-3-fluorobutan-1-one",,COC1(C(F)F)CC(C(=O)N2[C@H]3CC[C@H]2CN(C(=O)C[C@H](C)F)CC3)C1,
53691,COc1ccc(C(=O)N[C@@H]2[C@@H]3CN(Cc4cccc5ccoc45)C[C@@H]32)s1,,,COc1ccc(C(=O)N[C@@H]2[C@@H]3CN(Cc4cccc5ccoc45)C[C@@H]32)s1,
53719,CCCOCC(=O)N[C@H]1C[C@](F)(CNC(=O)[C@H]2CC(=O)N(C)[C@H]2c2cccs2)C1,"N-((1R,3s)-3-fluoro-3-(((2R,3S)-1-methyl-5-oxo-2-(thiophen-2-yl)pyrrolidine-3-carboxamido)methyl)cyclobutyl)-2-propoxyacetamide",,CCCOCC(=O)N[C@H]1C[C@](F)(CNC(=O)C2CC(=O)N(C)[C@H]2c2cccs2)C1,
53776,CC(C)(C)O[C@H]1C[C@@H]1C(=O)N[C@]1(C)C[C@H](C(=O)N2C[C@@H](O)C3(CCCC3)C2)C1,"(1S,2S)-2-(tert-butoxy)-N-((1R,3R)-3-(((4S)-4-hydroxy-2-azaspiro[4.4]nonan-2-yl)carbonyl)-1-methylcyclobutyl)cyclopropanecarboxamide",,CC1(NC(=O)C2C[C@@H]2OC(C)(C)C)CC(C(=O)N2C[C@@H](O)C3(CCCC3)C2)C1,
53802,COC1(C(=O)NC[C@H]2C[C@@](F)(CNC(=O)c3cc(C#N)ccc3Cl)C2)CC1,"2-chloro-5-cyano-N-(((1r,3r)-1-fluoro-3-((1-methoxycyclopropanecarboxamido)methyl)cyclobutyl)methyl)benzamide",,COC1(C(=O)NC[C@H]2C[C@@](F)(CNC(=O)c3cc(C#N)ccc3Cl)C2)CC1,
53841,C[C@H](C(=O)N1CCO[C@]2(CC[C@H](NC(=O)[C@H]3CCC3(F)F)CC2)C1)n1cccn1,"(1R)-2,2-difluoro-N-(4-((2R)-2-(1H-pyrazol-1-yl)propanoyl)-1-oxa-4-azaspiro[5.5]undecan-9-yl)cyclobutanecarboxamide",FC1([C@H](CC1)C(=O)NC1CCC2(CN(CCO2)C([C@@H](C)N2N=CC=C2)=O)CC1)F,CC(C(=O)N1CCO[C@]2(CC[C@H](NC(=O)C3CCC3(F)F)CC2)C1)n1cccn1,CC(C(=O)N1CCOC2(CCC(NC(=O)C3CCC3(F)F)CC2)C1)n1cccn1
53915,CC(C)(C)OC(=O)[C@H]1C[C@](C)(C(=O)N2CC(NC(=O)CC3C(C)(C)C3(C)C)C2)C1,"tert-butyl (1r,3r)-3-methyl-3-((3-(2-(2,2,3,3-tetramethylcyclopropyl)acetamido)azetidin-1-yl)carbonyl)cyclobutanecarboxylate",,CC(C)(C)OC(=O)C1CC(C)(C(=O)N2CC(NC(=O)CC3C(C)(C)C3(C)C)C2)C1,
53982,CC1=NO[C@H](CC(=O)N[C@H]2C[C@]3(CCCCN3C(=O)CCCS(N)(=O)=O)C2)C1,"2-((5S)-3-methyl-4,5-dihydro-1,2-oxazol-5-yl)-N-(5-(4-sulfamoylbutanoyl)-5-azaspiro[3.5]nonan-2-yl)acetamide",CC1=NO[C@@H](C1)CC(=O)NC1CC2(C1)N(CCCC2)C(CCCS(N)(=O)=O)=O,CC1=NO[C@H](CC(=O)N[C@H]2C[C@]3(CCCCN3C(=O)CCCS(N)(=O)=O)C2)C1,CC1=NO[C@H](CC(=O)NC2CC3(CCCCN3C(=O)CCCS(N)(=O)=O)C2)C1
54007,CO[C@]1(C(F)(F)F)C[C@H](C(=O)NCCN(CC2CC2)C(=O)[C@H](C)OCC2CC2)C1,"(1s,3R)-N-(2-(N-(cyclopropylmethyl)(2S)-2-(cyclopropylmethoxy)propanamido)ethyl)-3-methoxy-3-(trifluoromethyl)cyclobutanecarboxamide",,COC1(C(F)(F)F)CC(C(=O)NCCN(CC2CC2)C(=O)C(C)OCC2CC2)C1,
54012,CSCC(C)(C)C(=O)NC[C@]1(F)C[C@H](NC(=O)c2cc(CO)oc2C)C1,"N-(((1r,3r)-1-fluoro-3-(5-(hydroxymethyl)-2-methylfuran-3-carboxamido)cyclobutyl)methyl)-2,2-dimethyl-3-(methylsulfanyl)propanamide",,CSCC(C)(C)C(=O)NC[C@]1(F)C[C@H](NC(=O)c2cc(CO)oc2C)C1,
54027,C[C@@H](N=C1NS(=O)(=O)c2ccccc21)C(=O)N[C@H]1C[C@@H]2CS(=O)(=O)C[C@@H]2C1,,,CC(N=C1NS(=O)(=O)c2ccccc21)C(=O)N[C@H]1C[C@@H]2CS(=O)(=O)C[C@@H]2C1,
54033,C=C[C@H](O)C(=O)NC12CCC(C(=O)NC[C@@]3(CO)C[C@@H]4C[C@@H]4C3)(CC1)C2,,,C=CC(O)C(=O)NC12CCC(C(=O)NC[C@]3(CO)C[C@H]4C[C@H]4C3)(CC1)C2,
54152,CCC[C@H](C(=O)N1CC(COC)(C(=O)NC[C@@H]2[C@H]3CCCCC[C@H]32)C1)N(C)C,,,CCCC(C(=O)N1CC(COC)(C(=O)NC[C@H]2[C@@H]3CCCCC[C@@H]32)C1)N(C)C,
54255,CO[C@H]1CN(C(=O)[C@@H]2[C@H]3CCC[C@H]32)C[C@H]1NC(=O)C1(CC(C)C)CC1,,,CO[C@H]1CN(C(=O)C2[C@H]3CCC[C@@H]23)C[C@H]1NC(=O)C1(CC(C)C)CC1,
54270,C[C@@]1(C(=O)N[C@H]2CC[C@H]2CNC(=O)C2(Oc3ccc(F)cc3)CC2)C[C@@H]2C[C@@H]2C1,,,C[C@]1(C(=O)N[C@H]2CC[C@H]2CNC(=O)C2(Oc3ccc(F)cc3)CC2)C[C@H]2C[C@H]2C1,
54308,CSC=CC(=O)N(Cc1nccs1)[C@H]1CC12CCN(C(=O)[C@H]1C[C@@H]3C[C@@H]3C1)CC2,,,CSC=CC(=O)N(Cc1nccs1)[C@H]1CC12CCN(C(=O)C1C[C@@H]3C[C@@H]3C1)CC2,
54411,O=C(N[C@H]1C[C@@H]2CC[C@H](C1)N2C(=O)[C@@H](O)C1CC1)c1cnc2c(c1)CCC2,"N-((1R,3R,5S)-8-((2S)-2-cyclopropyl-2-hydroxyacetyl)-8-azabicyclo[3.2.1]octan-3-yl)-6,7-dihydro-5H-cyclopenta[b]pyridine-3-carboxamide",,O=C(N[C@@H]1C[C@H]2CC[C@@H](C1)N2C(=O)C(O)C1CC1)c1cnc2c(c1)CCC2,
54429,CCCCn1cc(C(=O)N2C[C@H]3[C@H](NC(=O)c4ccccc4CCC)[C@H]3C2)nn1,,,CCCCn1cc(C(=O)N2C[C@@H]3[C@H](C2)[C@H]3NC(=O)c2ccccc2CCC)nn1,
54439,C[C@H](CC(C)(C)C)C(=O)N1[C@H](CNC(=O)[C@@H]2[C@H]3CC(=O)C[C@H]32)C[C@@H]2CCC[C@@H]21,,,CC(CC(C)(C)C)C(=O)N1[C@H](CNC(=O)C2[C@H]3CC(=O)C[C@@H]23)C[C@@H]2CCC[C@@H]21,
54471,N=c1sccn1CC(=O)N[C@H]1C[C@](F)(CN=c2[nH]cnc3c2CCCC3)C1,"N-((1s,3s)-3-(((2,4-diazabicyclo[4.4.0]deca-1(6),2-dien-5-ylidene)amino)methyl)-3-fluorocyclobutyl)-2-(2-imino-2,3-dihydro-1,3-thiazol-3-yl)acetamide",,N=c1sccn1CC(=O)N[C@H]1C[C@](F)(CNc2ncnc3c2CCCC3)C1,
54480,CCC[C@]1(NC(=O)c2cc(C(C)(C)C)no2)CCCN(C(=O)[C@@H]2[C@H]3CCC[C@H]32)C1,,,CCC[C@]1(NC(=O)c2cc(C(C)(C)C)no2)CCCN(C(=O)C2[C@H]3CCC[C@@H]23)C1,
54525,O=C(N[C@@H]1C[C@H]2[C@@H](C1)[C@@H]2NC(=O)[C@@H]1CC(C2CC2)=NO1)c1ccc2c(c1)CCO2,,,O=C(N[C@H]1C[C@@H]2[C@H](C1)[C@H]2NC(=O)C1CC(C2CC2)=NO1)c1ccc2c(c1)CCO2,
54529,CS(=O)(=O)c1cccc(OCC(=O)NC[C@]2(F)C[C@@H](NC(=O)C3CC3)C2)c1,"N-(((1s,3s)-3-cyclopropanecarboxamido-1-fluorocyclobutyl)methyl)-2-((3-(methylsulfonyl)phenyl)oxy)acetamide",,CS(=O)(=O)c1cccc(OCC(=O)NC[C@]2(F)C[C@@H](NC(=O)C3CC3)C2)c1,
54554,CCC1=C(C(=O)NCC[C@@H]2CCN(C(=O)[C@H]3C[C@@H]4CC[C@@H]4C3)C2)CCCO1,,,CCC1=C(C(=O)NCC[C@@H]2CCN(C(=O)C3C[C@H]4CC[C@H]4C3)C2)CCCO1,
54576,CC1=CN=CC=C1C(=O)N1C[C@@H]2[C@@H](CNC(=O)CSCC3=CC(Cl)=CC=C3)[C@@H]2C1,,,Cc1cnccc1C(=O)N1C[C@@H]2[C@@H](CNC(=O)CSCc3cccc(Cl)c3)[C@@H]2C1,
54673,O=C1OCCN1Cc1cn(CCCN(C(=O)[C@]2(F)[C@H]3CCCC[C@H]32)C2CC2)nn1,,,O=C1OCCN1Cc1cn(CCCN(C(=O)[C@@]2(F)[C@@H]3CCCC[C@@H]32)C2CC2)nn1,
54684,Cc1ccc(C(=O)N2CCC[C@H]2CC(=O)N2C[C@H]3[C@@H](C2)[C@@H]3C(N)=O)[nH]1,"(1R,5S,6S)-3-(2-((2S)-1-((5-methyl-1H-pyrrol-2-yl)carbonyl)pyrrolidin-2-yl)acetyl)-3-azabicyclo[3.1.0]hexane-6-carboxamide",,Cc1ccc(C(=O)N2CCC[C@H]2CC(=O)N2C[C@@H]3C(C(N)=O)[C@@H]3C2)[nH]1,
54714,C[C@H]1C[C@@H](C)C[C@]2(C1)NC(=O)N(CC(=O)OC[C@H]1C[C@H]1C(F)F)C2=O,,,C[C@@H]1C[C@H](C)C[C@@]2(C1)NC(=O)N(CC(=O)OC[C@H]1C[C@H]1C(F)F)C2=O,
54720,C=C[C@@H](C)CC(=O)N1CCC[C@H]2[C@@H]1CCN2C(=O)[C@H]1C[C@](O)(C(F)F)C1,"(3S)-1-((3aS,7aS)-1-(((1s,3R)-3-(difluoromethyl)-3-hydroxycyclobutyl)carbonyl)octahydro-1H-pyrrolo[3,2-b]pyridin-4-yl)-3-methylpent-4-en-1-one",,C=C[C@@H](C)CC(=O)N1CCC[C@H]2[C@@H]1CCN2C(=O)C1CC(O)(C(F)F)C1,
54768,CN(C(=O)[C@H]1C[C@](F)(CO)C1)[C@@H](CNC(=O)C[C@@H]1CC1(Cl)Cl)Cc1ccccc1,"(1s,3S)-N-((2R)-1-(2-((1R)-2,2-dichlorocyclopropyl)acetamido)-3-phenylpropan-2-yl)-3-fluoro-3-(hydroxymethyl)-N-methylcyclobutanecarboxamide",,CN(C(=O)C1CC(F)(CO)C1)[C@@H](CNC(=O)C[C@@H]1CC1(Cl)Cl)Cc1ccccc1,
54839,Cc1csc(C=CC(=O)N2[C@H]3CC[C@@H]2C[C@@H](NC(=O)c2cc(F)cs2)C3)n1,,,Cc1csc(C=CC(=O)N2[C@@H]3CC[C@H]2C[C@H](NC(=O)c2cc(F)cs2)C3)n1,
54844,CCC(CC)[C@@H](C)C(=O)N1C[C@H]2[C@H](CNC(=O)[C@@H]3CCc4nnc(O)n4C3)[C@H]2C1,"(6R)-N-(((1R,5S,6R)-3-((2R)-3-ethyl-2-methylpentanoyl)-3-azabicyclo[3.1.0]hexan-6-yl)methyl)-3-hydroxy-5,6,7,8-tetrahydro[1,2,4]triazolo[4,3-a]pyridine-6-carboxamide",,CCC(CC)C(C)C(=O)N1C[C@@H]2[C@@H](CNC(=O)C3CCc4n[nH]c(=O)n4C3)[C@@H]2C1,
54855,CNS(=O)(=O)NCC(=O)N1C[C@H]2[C@H](N(C)C(=O)c3sc(C)nc3C)[C@H]2C1,,,CNS(=O)(=O)NCC(=O)N1C[C@@H]2[C@H](C1)[C@H]2N(C)C(=O)c1sc(C)nc1C,
54892,CC(C)[C@@H]1[C@H](C(=O)N2CCN(C)C[C@H]2CO)CCN1C(=O)[C@@H]1C[C@@H]2CC[C@@H]2C1,,,CC(C)[C@@H]1C(C(=O)N2CCN(C)C[C@H]2CO)CCN1C(=O)C1C[C@H]2CC[C@H]2C1,
54897,Cn1ccnc1C(=O)N[C@H]1C[C@](F)(CNC(=O)c2csc(-c3ncccn3)n2)C1,"N-(((1s,3s)-1-fluoro-3-(1-methyl-1H-imidazole-2-carboxamido)cyclobutyl)methyl)-2-(pyrimidin-2-yl)-1,3-thiazole-4-carboxamide",,Cn1ccnc1C(=O)N[C@H]1C[C@](F)(CNC(=O)c2csc(-c3ncccn3)n2)C1,
54900,CCCn1cc(C(=O)N2C[C@H]3[C@H](CC(=O)N4CCC[C@@H](N=[N+]=[N-])C4)[C@H]3C2)nn1,,,CCCn1cc(C(=O)N2C[C@@H]3[C@@H](CC(=O)N4CCC[C@@H](N=[N+]=[N-])C4)[C@@H]3C2)nn1,
54923,COc1cc(C(=O)NC[C@@H](CC(C)C)C(=O)N(C)[C@H]2C[C@H](C)O[C@H](C)C2)sn1,,,COc1cc(C(=O)NCC(CC(C)C)C(=O)N(C)[C@@H]2C[C@@H](C)O[C@@H](C)C2)sn1,
55004,CC(C)CC1(C(=O)N[C@@H]2CC[C@H](CCC(=O)NC[C@H]3C[C@@H]4CCC[C@@H]4C3)C2)CC1,,,CC(C)CC1(C(=O)N[C@@H]2CC[C@H](CCC(=O)NC[C@@H]3C[C@H]4CCC[C@H]4C3)C2)CC1,
55007,C=C(Br)CC(=O)N[C@H]1CCCC[C@H]1CNC(=O)[C@H]1C[C@@H]2C[C@@H]2C1,,,C=C(Br)CC(=O)N[C@H]1CCCC[C@H]1CNC(=O)C1C[C@@H]2C[C@@H]2C1,
55085,CNc1ccccc1C(=O)N[C@H]1C[C@](F)(CNC(=O)[C@@H]2NC(=O)[C@@H]3C[C@@H]32)C1,"(1S,2R,5R)-N-(((1s,3S)-1-fluoro-3-(2-(methylamino)benzamido)cyclobutyl)methyl)-4-oxo-3-azabicyclo[3.1.0]hexane-2-carboxamide",,CNc1ccccc1C(=O)N[C@H]1C[C@](F)(CNC(=O)C2NC(=O)C3C[C@@H]32)C1,
55180,C=CCN1C[C@H](C(=O)N2C[C@H]3[C@@H](C2)[C@@H]3C(=O)N[C@@H](CC(C)C)C(N)=O)CC1=O,"(1R,5S,6R)-N-((2S)-1-amino-4-methyl-1-oxopentan-2-yl)-3-(((3R)-5-oxo-1-(prop-2-en-1-yl)pyrrolidin-3-yl)carbonyl)-3-azabicyclo[3.1.0]hexane-6-carboxamide",,C=CCN1CC(C(=O)N2C[C@@H]3C(C(=O)NC(CC(C)C)C(N)=O)[C@@H]3C2)CC1=O,
55199,CCN(C(=O)c1nnc2ccccc2c1N)C1CCN(C(=O)[C@@H]2[C@@H](C)[C@H]2C)CC1,,,CCN(C(=O)c1nnc2ccccc2c1N)C1CCN(C(=O)C2[C@@H](C)[C@H]2C)CC1,
55268,Cc1nc(C)c(NC(=O)[C@H]2C[C@@H]2C2CN(C(=O)[C@H]3C[C@@H]4CC[C@@H]4C3)C2)c(C)n1,,,Cc1nc(C)c(NC(=O)C2C[C@@H]2C2CN(C(=O)C3C[C@H]4CC[C@H]4C3)C2)c(C)n1,
55392,CC(C)(C)OC(=O)N1C[C@H]2[C@@H](C1)[C@@H]2C(=O)NC[C@H]1CCC(c2ccccc2)=NO1,,,CC(C)(C)OC(=O)N1C[C@@H]2C(C(=O)NC[C@H]3CCC(c4ccccc4)=NO3)[C@@H]2C1,
55447,CC[C@]1(C(=O)N2CCC(F)(F)[C@@H](CNC(=O)[C@]3(C)CC3(F)F)C2)CC[C@@H](O)CC1,"(1S)-N-(((3S)-1-(((1s,4R)-1-ethyl-4-hydroxycyclohexyl)carbonyl)-4,4-difluoropiperidin-3-yl)methyl)-2,2-difluoro-1-methylcyclopropanecarboxamide",,CC[C@]1(C(=O)N2CCC(F)(F)[C@@H](CNC(=O)[C@]3(C)CC3(F)F)C2)CC[C@@H](O)CC1,
55469,CCOC1(C(=O)N2CC[C@H]3[C@@H](CC2)[C@@H]3NC(=O)c2cn(C)nc2C)CCC1,,,CCOC1(C(=O)N2CC[C@@H]3[C@H](CC2)[C@H]3NC(=O)c2cn(C)nc2C)CCC1,
55517,CO[C@H](C(=O)N[C@@H]1CN(C(=O)[C@]2(NC(C)=O)CC[C@@H](C)CC2)CC[C@H]1O)C(C)C,"(2S)-N-((3R,4R)-1-(((1s,4S)-1-acetamido-4-methylcyclohexyl)carbonyl)-4-hydroxypiperidin-3-yl)-2-methoxy-3-methylbutanamide",,COC(C(=O)N[C@@H]1CN(C(=O)[C@]2(NC(C)=O)CC[C@@H](C)CC2)CC[C@H]1O)C(C)C,
55527,COCn1ccc(C(=O)N[C@H]2[C@@H]3CN(C(=O)c4c(Cl)noc4C)C[C@@H]32)n1,,,COCn1ccc(C(=O)N[C@H]2[C@@H]3CN(C(=O)c4c(Cl)noc4C)C[C@@H]32)n1,
55587,CCc1ccc(C(=O)N2C[C@H]3[C@H](CNC(=O)[C@H]4CCCC(C)(C)C4)[C@H]3C2)nc1,,,CCc1ccc(C(=O)N2C[C@@H]3[C@@H](CNC(=O)C4CCCC(C)(C)C4)[C@@H]3C2)nc1,
55662,C[C@@H]1[C@H](C(=O)N(C)CCN2CCN(C(=O)[C@H](O)c3cncn3C)CC2)[C@@H]1C,,,C[C@@H]1C(C(=O)N(C)CCN2CCN(C(=O)C(O)c3cncn3C)CC2)[C@@H]1C,
55694,C[C@@H]1CCC[C@@H](C(=O)N[C@H]2C[C@@](C)(NC(=O)C(=O)c3ccccc3)C2)C1,"(1R,3R)-3-methyl-N-((1s,3S)-3-methyl-3-(2-oxo-2-phenylacetamido)cyclobutyl)cyclohexanecarboxamide",,C[C@@H]1CCCC(C(=O)N[C@H]2C[C@@](C)(NC(=O)C(=O)c3ccccc3)C2)C1,
55777,O=S(=O)(NC[C@@H]1[C@H]2CCCCCC[C@H]21)[C@@H]1C[C@H]2[C@@H](C1)C2(F)F,,,O=S(=O)(NC[C@H]1[C@@H]2CCCCCC[C@@H]21)[C@H]1C[C@@H]2[C@H](C1)C2(F)F,
55956,O=C(CCCn1ccnc1)NC1([C@H]2CCCN2C(=O)[C@@H]2C[C@@H]3C[C@@H]3C2)CC1,,,O=C(CCCn1ccnc1)NC1([C@H]2CCCN2C(=O)C2C[C@@H]3C[C@@H]3C2)CC1,
56033,C#CC1(C(=O)NC[C@@H]2OCCC2(C)C)CN(C(=O)C[C@@H]2C[C@H]3C[C@H]3C2)C1,,,C#CC1(C(=O)NC[C@@H]2OCCC2(C)C)CN(C(=O)C[C@H]2C[C@@H]3C[C@@H]3C2)C1,
56197,CNC(=O)NCC(=O)N[C@H]1C[C@]2(CCCCN2C(=O)[C@@H](C)[C@H](C)n2cccn2)C1,"N-methyl-N'-(2-((5-((2S,3S)-2-methyl-3-(1H-pyrazol-1-yl)butanoyl)-5-azaspiro[3.5]nonan-2-yl)amino)-2-oxoethyl)urea",CNC(=O)NCC(=O)NC1CC2(C1)N(CCCC2)C([C@H]([C@H](C)N2N=CC=C2)C)=O,CNC(=O)NCC(=O)N[C@H]1C[C@]2(CCCCN2C(=O)C(C)[C@H](C)n2cccn2)C1,CNC(=O)NCC(=O)NC1CC2(CCCCN2C(=O)C(C)[C@H](C)n2cccn2)C1
56346,O=C(CC1CC=CC1)N[C@H]1C[C@H]2COC[C@@H](C1)N2C(=O)CC=C(Cl)Cl,,,O=C(CC1CC=CC1)N[C@H]1C[C@H]2COC[C@@H](C1)N2C(=O)CC=C(Cl)Cl,
56377,CC[C@@H](Oc1ccccc1F)C(=O)N[C@H]1C[C@@](C)(NC(=O)CCCC(C)C)C1,"N-((1S,3s)-3-((2R)-2-((2-fluorophenyl)oxy)butanamido)-1-methylcyclobutyl)-5-methylhexanamide",,CCC(Oc1ccccc1F)C(=O)N[C@H]1C[C@@](C)(NC(=O)CCCC(C)C)C1,
56394,Cc1nn(CC(=O)N[C@]2(C)C[C@@H](NC(=O)c3nc(=O)n(C)[nH]3)C2)c(C)c1C,"N-((1r,3r)-1-methyl-3-(1-methyl-5-oxo-1H-1,2,4-triazole-3(2H)-carboxamido)cyclobutyl)-2-(3,4,5-trimethyl-1H-pyrazol-1-yl)acetamide",,Cc1nn(CC(=O)N[C@]2(C)C[C@@H](NC(=O)c3nc(=O)n(C)[nH]3)C2)c(C)c1C,
56459,CC[C@H](Oc1ccccc1F)C(=O)N[C@H]1C[C@](F)(CN=c2ccnc(CO)[nH]2)C1,"(2S)-N-((1s,3R)-3-fluoro-3-(((2-(hydroxymethyl)-3H-pyrimidin-4-ylidene)amino)methyl)cyclobutyl)-2-((2-fluorophenyl)oxy)butanamide",,CCC(Oc1ccccc1F)C(=O)N[C@H]1C[C@](F)(CNc2ccnc(CO)n2)C1,
56571,Cc1ccc(OCC(=O)N[C@H]2C[C@](F)(CNC(=O)[C@H]3C[C@]3(C)C(F)(F)F)C2)cc1,"N-((1R,3s)-3-fluoro-3-(((1S,2S)-2-methyl-2-(trifluoromethyl)cyclopropanecarboxamido)methyl)cyclobutyl)-2-((4-methylphenyl)oxy)acetamide",,Cc1ccc(OCC(=O)N[C@H]2C[C@](F)(CNC(=O)C3C[C@]3(C)C(F)(F)F)C2)cc1,
56619,CCCC1(C(=O)N[C@@H]2C[C@@H]3C[C@H](NC(=O)C[C@@H]4CC(C)(C)CO4)C[C@@H]3C2)CCC1,,,CCCC1(C(=O)N[C@H]2C[C@H]3C[C@@H](NC(=O)C[C@@H]4CC(C)(C)CO4)C[C@H]3C2)CCC1,
56745,CC(C)CC1(C(=O)N2CC(OCC(=O)NC[C@@H]3[C@H]4CCCCC[C@H]43)C2)CC1,,,CC(C)CC1(C(=O)N2CC(OCC(=O)NC[C@H]3[C@@H]4CCCCC[C@@H]43)C2)CC1,
56756,C=C1CC(C)(C(=O)N[C@H]2C[C@](F)(CNC(=O)[C@@H](CC)c3ccccc3)C2)C1,"N-((1R,3s)-3-fluoro-3-(((2S)-2-phenylbutanamido)methyl)cyclobutyl)-1-methyl-3-methylidenecyclobutanecarboxamide",,C=C1CC(C)(C(=O)N[C@H]2C[C@](F)(CNC(=O)C(CC)c3ccccc3)C2)C1,
56842,CS(=O)(=O)[C@]1(C(=O)N2C[C@@H]3C[C@]3(NC(=O)C3(C#N)CCOCC3)C2)C[C@H](O)C1,"4-cyano-N-((1R,5S)-3-(((1s,3S)-3-hydroxy-1-(methylsulfonyl)cyclobutyl)carbonyl)-3-azabicyclo[3.1.0]hexan-1-yl)oxane-4-carboxamide",,CS(=O)(=O)[C@]1(C(=O)N2C[C@@H]3C[C@]3(NC(=O)C3(C#N)CCOCC3)C2)C[C@H](O)C1,
56871,CC1(C)CC[C@]12CCN(C(=O)C(=O)N[C@@H]1C[C@@H]3OC(=O)O[C@@H]3C1)C2,,,CC1(C)CC[C@]12CCN(C(=O)C(=O)N[C@@H]1C[C@@H]3OC(=O)O[C@@H]3C1)C2,
57041,O=C(NC[C@@H]1C[C@@H]2CC[C@H](C1)N2C(=O)CCF)[C@@H]1COc2ccc(Br)cc21,,,O=C(NC[C@H]1C[C@H]2CC[C@@H](C1)N2C(=O)CCF)C1COc2ccc(Br)cc21,
57107,CN(C(=O)c1cn2ccc(Br)cc2n1)[C@H]1[C@@H]2CN(C(=O)C3=COCCO3)C[C@@H]21,,,CN(C(=O)c1cn2ccc(Br)cc2n1)[C@H]1[C@@H]2CN(C(=O)C3=COCCO3)C[C@@H]21,
57126,CC1(C)CCC[C@@H](C(=O)N[C@H]2C[C@]3(CCCCN3C(=O)C3(O)CCOCC3)C2)C1,"(1R)-N-(5-((4-hydroxyoxan-4-yl)carbonyl)-5-azaspiro[3.5]nonan-2-yl)-3,3-dimethylcyclohexanecarboxamide",OC1(CCOCC1)C(=O)N1C2(CC(C2)NC(=O)[C@H]2CC(CCC2)(C)C)CCCC1,CC1(C)CCCC(C(=O)N[C@H]2C[C@]3(CCCCN3C(=O)C3(O)CCOCC3)C2)C1,CC1(C)CCCC(C(=O)NC2CC3(CCCCN3C(=O)C3(O)CCOCC3)C2)C1
57129,CCC1(C(=O)N2C[C@H]3[C@H](CNC(=O)/C=C/c4ccc(S(C)(=O)=O)o4)[C@H]3C2)COC1,,,CCC1(C(=O)N2C[C@@H]3[C@@H](CNC(=O)/C=C/c4ccc(S(C)(=O)=O)o4)[C@@H]3C2)COC1,
57170,CCOC[C@@H](O)CN(C)C(=O)[C@@H]1C[C@@H]2CN(C(=O)C(C)(C)CCCF)C[C@@H]2C1,,,CCOC[C@@H](O)CN(C)C(=O)C1C[C@@H]2CN(C(=O)C(C)(C)CCCF)C[C@@H]2C1,
57182,CN(C(=O)[C@H]1CC=CCC1)[C@H]1[C@@H]2CN(C(=O)c3cc(N)cc4c3OCCO4)C[C@@H]21,,,CN(C(=O)C1CC=CCC1)[C@H]1[C@@H]2CN(C(=O)c3cc(N)cc4c3OCCO4)C[C@@H]21,
57204,CCN1C(=O)CC[C@@H]1CC(=O)N[C@H]1C[C@@](C)(NC(=O)CCF)C1,"N-((1S,3s)-3-(2-((2R)-1-ethyl-5-oxopyrrolidin-2-yl)acetamido)-1-methylcyclobutyl)-3-fluoropropanamide",,CCN1C(=O)CC[C@@H]1CC(=O)N[C@H]1C[C@@](C)(NC(=O)CCF)C1,
57253,C[C@]1(NC(=O)c2csc(=N)[nH]2)C[C@@H](NC(=O)c2cc(-c3ccccc3)[nH]n2)C1,"2-imino-N-((1s,3s)-1-methyl-3-(5-phenyl-1H-pyrazole-3-carboxamido)cyclobutyl)-1,3-thiazole-4(3H)-carboxamide",,C[C@]1(NC(=O)c2csc(N)n2)C[C@@H](NC(=O)c2cc(-c3ccccc3)[nH]n2)C1,
57258,CN(C[C@H]1[C@@H]2CN(C(=O)c3ccc(Cl)nc3N)C[C@H]12)C(=O)C[C@H]1CCC(F)(F)C1,,,CN(C[C@@H]1[C@H]2CN(C(=O)c3ccc(Cl)nc3N)C[C@@H]12)C(=O)C[C@H]1CCC(F)(F)C1,
57301,O=C(C[C@H]1CCCC[C@H]1F)N[C@H]1C[C@](F)(CNC(=O)c2cnccc2Cl)C1,"N-((1s,3S)-3-((4-chloropyridine-3-carboxamido)methyl)-3-fluorocyclobutyl)-2-((1R,2R)-2-fluorocyclohexyl)acetamide",,O=C(C[C@H]1CCCC[C@H]1F)N[C@H]1C[C@](F)(CNC(=O)c2cnccc2Cl)C1,
57311,CCN(C)CC(=O)N(CC)C1CCN(C(=O)[C@H]2C[C@@H]3CC[C@H](C2)[C@@H]3O)CC1,,,CCN(C)CC(=O)N(CC)C1CCN(C(=O)C2C[C@H]3CC[C@@H](C2)[C@H]3O)CC1,
57324,Cc1ccnc(C(=O)N[C@H]2C[C@](F)(CNC(=O)c3cccc(CC(C)C)c3)C2)n1,"N-((1s,3s)-3-fluoro-3-((3-(2-methylpropyl)benzamido)methyl)cyclobutyl)-4-methylpyrimidine-2-carboxamide",,Cc1ccnc(C(=O)N[C@H]2C[C@](F)(CNC(=O)c3cccc(CC(C)C)c3)C2)n1,
57365,C[C@H]1CN(C(=O)C[C@H]2[C@@H]3CN(C(=O)COc4ccsc4)C[C@H]23)CC(=O)N1C,,,C[C@H]1CN(C(=O)C[C@@H]2[C@H]3CN(C(=O)COc4ccsc4)C[C@@H]23)CC(=O)N1C,
57429,O=C(c1ncccc1F)N1C[C@H]2[C@H](NC(=O)C3(c4ccc(Cl)cc4)CCC3)[C@H]2C1,,,O=C(c1ncccc1F)N1C[C@@H]2[C@H](C1)[C@H]2NC(=O)C1(c2ccc(Cl)cc2)CCC1,
57491,COc1nccc(C(=O)N2CC[C@H]3CN(C(=O)[C@@H]4[C@H]5CCCC[C@H]54)[C@H]3C2)n1,,,COc1nccc(C(=O)N2CC[C@H]3CN(C(=O)C4[C@H]5CCCC[C@@H]45)[C@H]3C2)n1,
57509,Cc1cc(Cl)cc(C(=O)N[C@]2(C)C[C@H](NC(=O)c3cc(C)n(C(C)C)n3)C2)c1,"N-((1s,3s)-3-(3-chloro-5-methylbenzamido)-3-methylcyclobutyl)-5-methyl-1-(propan-2-yl)-1H-pyrazole-3-carboxamide",,Cc1cc(Cl)cc(C(=O)N[C@]2(C)C[C@H](NC(=O)c3cc(C)n(C(C)C)n3)C2)c1,
57535,CO[C@H]1C[C@@](CO)(NC(=O)[C@H]2C[C@@H]2C2CN(C(=O)[C@H](C)C3CCC3)C2)C1,"(1S,2R)-2-(1-((2R)-2-cyclobutylpropanoyl)azetidin-3-yl)-N-((1s,3R)-1-(hydroxymethyl)-3-methoxycyclobutyl)cyclopropanecarboxamide",,CO[C@H]1C[C@@](CO)(NC(=O)C2C[C@@H]2C2CN(C(=O)C(C)C3CCC3)C2)C1,
57602,Cc1noc(C(=O)N(C)[C@H]2C[C@@H]3CC[C@H](C2)N3C(=O)[C@@H]2COC(=O)O2)c1C,"N,3,4-trimethyl-N-((1R,3R,5S)-8-(((4S)-2-oxo-1,3-dioxolan-4-yl)carbonyl)-8-azabicyclo[3.2.1]octan-3-yl)-1,2-oxazole-5-carboxamide",,Cc1noc(C(=O)N(C)[C@@H]2C[C@H]3CC[C@@H](C2)N3C(=O)C2COC(=O)O2)c1C,
57628,C#CCO[C@@H](C)C(=O)N1C[C@H]2[C@H](CC(=O)Nc3cccc(OC)c3F)[C@H]2C1,"N-(2-fluoro-3-methoxyphenyl)-2-((1R,5S,6R)-3-((2S)-2-((prop-2-yn-1-yl)oxy)propanoyl)-3-azabicyclo[3.1.0]hexan-6-yl)acetamide",,C#CCOC(C)C(=O)N1C[C@@H]2[C@@H](CC(=O)Nc3cccc(OC)c3F)[C@@H]2C1,
57662,O=C(OCC(=O)[C@H]1C[C@@H]2C[C@@H]2C1)c1ccc(-c2ccccc2)cc1,,,O=C(OCC(=O)C1C[C@@H]2C[C@@H]2C1)c1ccc(-c2ccccc2)cc1,
57701,C=CC[C@H](C(=O)N1CCC[C@H]1CNC(=O)[C@H]1C[C@H]2[C@@H](C1)C2(F)F)C(C)(C)C,,,C=CCC(C(=O)N1CCC[C@H]1CNC(=O)C1C[C@@H]2[C@H](C1)C2(F)F)C(C)(C)C,
57764,C[C@@H]1[C@H](C(=O)NC2CCN(C(=O)c3cnn4c(=O)cc[nH]c34)CC2)[C@@H]1C,,,C[C@@H]1C(C(=O)NC2CCN(C(=O)c3c[nH]n4c(=O)ccnc34)CC2)[C@@H]1C,
57796,CC(C)CCCC(=O)NC[C@H]1C[C@](F)(CNC(=O)c2cc(N)ccc2Cl)C1,"N-(((1s,3s)-3-((5-amino-2-chlorobenzamido)methyl)-3-fluorocyclobutyl)methyl)-5-methylhexanamide",,CC(C)CCCC(=O)NC[C@H]1C[C@](F)(CNC(=O)c2cc(N)ccc2Cl)C1,
57800,CC(C)(C)OC(=O)N[C@@H]1[C@H](C(=O)N[C@H]2[C@@H]3CN(C(=O)c4ccsc4)C[C@@H]32)C1(C)C,,,CC(C)(C)OC(=O)N[C@@H]1C(C(=O)N[C@H]2[C@@H]3CN(C(=O)c4ccsc4)C[C@@H]32)C1(C)C,
57803,O=C(NC[C@@H]1CN(C(=O)[C@@H]2COCCO2)Cc2ccccc21)[C@@H]1[C@H]2CCCC[C@H]21,,,O=C(NC[C@@H]1CN(C(=O)C2COCCO2)Cc2ccccc21)C1[C@H]2CCCC[C@@H]12,
57847,C[C@H](CO)CCNC(=O)[C@@H]1[C@H]2CN(C(=O)[C@H]3CC[C@@H](O)CN3C)C[C@H]21,"(1R,5S,6R)-3-(((2R,5R)-5-hydroxy-1-methylpiperidin-2-yl)carbonyl)-N-((3S)-4-hydroxy-3-methylbutyl)-3-azabicyclo[3.1.0]hexane-6-carboxamide",,C[C@H](CO)CCNC(=O)C1[C@H]2CN(C(=O)C3CC[C@@H](O)CN3C)C[C@@H]12,
57849,CC1(C)C[C@H](CC(=O)N2C[C@H]3[C@@H](C2)[C@@H]3C(N)=O)CN1C(=O)c1cnc(O)c(F)c1,"(1R,5S,6R)-3-(2-((3R)-1-((5-fluoro-6-hydroxypyridin-3-yl)carbonyl)-5,5-dimethylpyrrolidin-3-yl)acetyl)-3-azabicyclo[3.1.0]hexane-6-carboxamide",,CC1(C)C[C@H](CC(=O)N2C[C@@H]3C(C(N)=O)[C@@H]3C2)CN1C(=O)c1c[nH]c(=O)c(F)c1,
57861,CC(C)(C)C(=O)NC[C@H]1C[C@@](F)(CNC(=O)COC2CCC(F)(F)CC2)C1,"N-(((1r,3r)-3-((2-((4,4-difluorocyclohexyl)oxy)acetamido)methyl)-3-fluorocyclobutyl)methyl)-2,2-dimethylpropanamide",,CC(C)(C)C(=O)NC[C@H]1C[C@@](F)(CNC(=O)COC2CCC(F)(F)CC2)C1,
57903,O=C(N[C@@H]1C[C@@H]2CC[C@H](C1)N2C(=O)c1cccc(Cl)c1F)[C@@H]1CCCS(=O)(=O)C1,,,O=C(N[C@H]1C[C@H]2CC[C@@H](C1)N2C(=O)c1cccc(Cl)c1F)C1CCCS(=O)(=O)C1,
57949,CN(C[C@H]1[C@@H]2CN(C(=O)C3([C@@H]4CCCO4)CC3)C[C@H]12)C(=O)c1ccccc1CO,"2-(hydroxymethyl)-N-methyl-N-(((1R,5S,6S)-3-((1-((2S)-oxolan-2-yl)cyclopropyl)carbonyl)-3-azabicyclo[3.1.0]hexan-6-yl)methyl)benzamide",,CN(C[C@@H]1[C@H]2CN(C(=O)C3([C@@H]4CCCO4)CC3)C[C@@H]12)C(=O)c1ccccc1CO,
58063,CCc1ncsc1C(=O)N1C[C@@H]2C[C@H](NC(=O)C[C@@H](C)N(C)C)C[C@@H](C2)C1,,,CCc1ncsc1C(=O)N1C[C@@H]2C[C@@H](C[C@H](NC(=O)C[C@@H](C)N(C)C)C2)C1,
58068,CC(C)=C[C@@H]1[C@H](C(=O)NC[C@@H]2CC[C@H](NC(=O)[C@H]3C[C@](F)(CO)C3)C2)C1(C)C,"(1s,3R)-N-((1S,3R)-3-(((1S,3R)-2,2-dimethyl-3-(2-methylprop-1-en-1-yl)cyclopropanecarboxamido)methyl)cyclopentyl)-3-fluoro-3-(hydroxymethyl)cyclobutanecarboxamide",,CC(C)=C[C@@H]1C(C(=O)NC[C@@H]2CC[C@H](NC(=O)C3CC(F)(CO)C3)C2)C1(C)C,
58095,C=CC(C)(C)CC(=O)NC[C@]1(F)C[C@@H](CNC(=O)C2=C([N+](=O)[O-])C(C)=CC=C2)C1,"N-(((1s,3s)-1-fluoro-3-((3-methyl-2-nitrobenzamido)methyl)cyclobutyl)methyl)-3,3-dimethylpent-4-enamide",,C=CC(C)(C)CC(=O)NC[C@]1(F)C[C@@H](CNC(=O)c2cccc(C)c2[N+](=O)[O-])C1,
58131,CCc1ncncc1C(=O)N1C[C@H]2[C@H](CC(=O)N[C@@H](C)CN3CCOCC3)[C@H]2C1,,,CCc1ncncc1C(=O)N1C[C@@H]2[C@@H](CC(=O)N[C@@H](C)CN3CCOCC3)[C@@H]2C1,
58172,CC[C@](C)(C(=O)NC[C@]1(F)C[C@@H](NC(=O)C2(C(F)(F)F)CCCC2)C1)C(F)F,"(2R)-2-(difluoromethyl)-N-(((1s,3S)-1-fluoro-3-(1-(trifluoromethyl)cyclopentanecarboxamido)cyclobutyl)methyl)-2-methylbutanamide",,CC[C@](C)(C(=O)NC[C@]1(F)C[C@@H](NC(=O)C2(C(F)(F)F)CCCC2)C1)C(F)F,
58182,CC[C@@H]1C[C@H](CC(=O)N2C[C@H]3[C@H](CN=c4nc(C)c([N+](=O)[O-])c[nH]4)[C@H]3C2)CCO1,"2-((2R,4R)-2-ethyloxan-4-yl)-1-((1R,5S,6R)-6-(((4-methyl-5-nitro-1H-pyrimidin-2-ylidene)amino)methyl)-3-azabicyclo[3.1.0]hexan-3-yl)ethan-1-one",,CC[C@@H]1C[C@H](CC(=O)N2C[C@@H]3[C@@H](CNc4ncc([N+](=O)[O-])c(C)n4)[C@@H]3C2)CCO1,
58224,Cc1ccc(C=CC(=O)N2CC3(CCOCC3)C[C@@H]2CNC(=O)[C@H]2[C@@H](C)[C@H]2C)o1,,,Cc1ccc(C=CC(=O)N2CC3(CCOCC3)C[C@@H]2CNC(=O)C2[C@@H](C)[C@H]2C)o1,
58243,CC(C)(C)OC(=O)NC[C@H]1[C@@H]2CN(C(=O)CC[C@]3(C)CC3(F)F)C[C@H]12,"tert-butyl (((1R,5S,6R)-3-(3-((1R)-2,2-difluoro-1-methylcyclopropyl)propanoyl)-3-azabicyclo[3.1.0]hexan-6-yl)methyl)carbamate",,CC(C)(C)OC(=O)NC[C@@H]1[C@H]2CN(C(=O)CC[C@]3(C)CC3(F)F)C[C@@H]12,
58295,Cc1c(C(=O)N2CCC[C@@]2(C)CNC(=O)C2=CCOCC2)[nH]c2c1C(=O)CCC2,"N-(((2S)-2-methyl-1-((3-methyl-4-oxo-4,5,6,7-tetrahydro-1H-indol-2-yl)carbonyl)pyrrolidin-2-yl)methyl)-3,6-dihydro-2H-pyran-4-carboxamide",C[C@@]1(N(CCC1)C(=O)C=1NC=2CCCC(C2C1C)=O)CNC(=O)C=1CCOCC1,Cc1c(C(=O)N2CCC[C@@]2(C)CNC(=O)C2=CCOCC2)[nH]c2c1C(=O)CCC2,Cc1c(C(O)N2CCC[C@@]2(C)CNC(=O)C2=CCOCC2)[nH]c2cccc(O)c12
58329,CCOc1cccc(CC(=O)NC[C@H]2C[C@@](F)(CNC(=O)c3cccs3)C2)n1,"2-(6-ethoxypyridin-2-yl)-N-(((1r,3r)-3-fluoro-3-((thiophene-2-carboxamido)methyl)cyclobutyl)methyl)acetamide",,CCOc1cccc(CC(=O)NC[C@H]2C[C@@](F)(CNC(=O)c3cccs3)C2)n1,
58391,C=C[C@@H]1C[C@H]1C(=O)NC[C@H]1C[C@@H]2CC[C@H](C1)N2C(=O)CCC=C(C)C,,,C=C[C@@H]1CC1C(=O)NC[C@@H]1C[C@H]2CC[C@@H](C1)N2C(=O)CCC=C(C)C,
58414,C=C[C@@H]1C[C@H]1C(=O)NC[C@]1(F)C[C@H](NC(=O)c2c[nH]ccc2=O)C1,"N-((1R,3r)-3-(((1R,2S)-2-ethenylcyclopropanecarboxamido)methyl)-3-fluorocyclobutyl)-4-oxo-1H-pyridine-3-carboxamide",,C=C[C@@H]1CC1C(=O)NC[C@]1(F)C[C@H](NC(=O)c2c[nH]ccc2=O)C1,
58435,Cc1noc(C)c1C(=O)N1C[C@H]2[C@@H](C1)[C@@H]2C(=O)NC[C@@H]1CC[Si](C)(C)C1,,,Cc1noc(C)c1C(=O)N1C[C@@H]2C(C(=O)NC[C@@H]3CC[Si](C)(C)C3)[C@@H]2C1,
58543,CC[C@]1(C(=O)NCc2nc(C(=O)NC[C@@H]3[C@H]4CCCC[C@H]43)c(C)o2)CNC(=O)C1,,,CC[C@]1(C(=O)NCc2nc(C(=O)NC[C@H]3[C@@H]4CCCC[C@@H]43)c(C)o2)CNC(=O)C1,
58594,CN(CCC(C)(C)NC(=O)[C@H]1COCCO1)C(=O)[C@@H]1[C@H]2CCCC[C@H]21,,,CN(CCC(C)(C)NC(=O)C1COCCO1)C(=O)C1[C@H]2CCCC[C@@H]12,
58605,C[C@@]1(COC(=O)Cc2cc(Br)ccc2I)[C@H]2COC[C@H]21,,,C[C@]1(COC(=O)Cc2cc(Br)ccc2I)[C@@H]2COC[C@@H]21,
58658,Cc1cc(O)ncc1C(=O)N[C@H]1C[C@](C)(NC(=O)[C@@H]2CC2(Cl)Cl)C1,"N-((1S,3r)-3-((1S)-2,2-dichlorocyclopropanecarboxamido)-3-methylcyclobutyl)-6-hydroxy-4-methylpyridine-3-carboxamide",,Cc1cc(=O)[nH]cc1C(=O)N[C@H]1C[C@](C)(NC(=O)C2CC2(Cl)Cl)C1,
58833,CNS(=O)(=O)CCC(=O)N1CCC[C@@]2(C1)CN(C(=O)[C@@H]1[C@H]3CCC[C@H]31)CCO2,,,CNS(=O)(=O)CCC(=O)N1CCC[C@@]2(C1)CN(C(=O)C1[C@H]3CCC[C@@H]13)CCO2,
58924,CCC(=CC(=O)N1C[C@H]2[C@H](NC(=O)c3cc(F)c(F)c(N)c3Cl)[C@H]2C1)CC,,,CCC(=CC(=O)N1C[C@@H]2[C@H](C1)[C@H]2NC(=O)c1cc(F)c(F)c(N)c1Cl)CC,
58993,CC[C@H](C)OCC(=O)N1[C@H]2CC[C@@H]1C[C@@H](CNC(=O)c1cnc3sc(C)cn13)C2,"N-(((1R,3R,5S)-8-(2-(((2S)-butan-2-yl)oxy)acetyl)-8-azabicyclo[3.2.1]octan-3-yl)methyl)-3-methyl-2-thia-5,8-diazabicyclo[3.3.0]octa-1(8),3,6-triene-6-carboxamide",,CC[C@H](C)OCC(=O)N1[C@@H]2CC[C@H]1C[C@H](CNC(=O)c1cnc3sc(C)cn13)C2,
59035,C[C@]1(NC(=O)C[C@@H]2CCCC3(CC3)C2)C[C@H](NC(=O)[C@H]2CCc3nn[nH]c3C2)C1,"N-((1S,3R)-1-methyl-3-((6S)-4,5,6,7-tetrahydro-1H-benzotriazole-6-carboxamido)cyclobutyl)-2-((5R)-spiro[2.5]octan-5-yl)acetamide",,C[C@]1(NC(=O)C[C@@H]2CCCC3(CC3)C2)C[C@H](NC(=O)C2CCc3[nH]nnc3C2)C1,
59073,CCCCn1ncc(C(=O)NC[C@@H]2C[C@@H](O)CN2C(=O)[C@@H]2C[C@@H]3C[C@@H]3C2)c1CC,,,CCCCn1ncc(C(=O)NC[C@@H]2C[C@@H](O)CN2C(=O)C2C[C@@H]3C[C@@H]3C2)c1CC,
59081,CN(C)[C@H]1[C@@H]2CN(C(=O)c3ccoc3CNC(=O)c3ccc(CO)cc3)C[C@@H]21,,,CN(C)[C@H]1[C@@H]2CN(C(=O)c3ccoc3CNC(=O)c3ccc(CO)cc3)C[C@@H]21,
59115,Cc1n[nH]c(C)c1C[C@@H](C)C(=O)NC[C@H]1[C@@H]2CN(C(=O)C(C)(C)OC(C)C)C[C@H]12,,,Cc1n[nH]c(C)c1CC(C)C(=O)NC[C@@H]1[C@H]2CN(C(=O)C(C)(C)OC(C)C)C[C@@H]12,
59138,C[C@]1(NC(=O)c2cnn3ccc(Cl)c(F)c23)C[C@H](NC(=O)[C@@]23C=C[C@@H](CC2)C3)C1,"N-((1S,3r)-3-((1S,4S)-bicyclo[2.2.1]hept-2-ene-1-carboxamido)-1-methylcyclobutyl)-5-chloro-4-fluoropyrazolo[1,5-a]pyridine-3-carboxamide",,C[C@]1(NC(=O)c2cnn3ccc(Cl)c(F)c23)C[C@H](NC(=O)[C@@]23C=C[C@@H](CC2)C3)C1,
59167,CN(C)C(=O)C1(C(=O)NC[C@]2(F)C[C@H](NC(=O)[C@H]3CCCN3C3CC3)C2)CC1,"N'-(((1R,3r)-3-((2R)-1-cyclopropylpyrrolidine-2-carboxamido)-1-fluorocyclobutyl)methyl)-N,N-dimethylcyclopropane-1,1-dicarboxamide",,CN(C)C(=O)C1(C(=O)NC[C@]2(F)C[C@H](NC(=O)C3CCCN3C3CC3)C2)CC1,
59249,C=CC/C=C/CCC(=O)N1C[C@H]2[C@H](N(C)C(=O)CCSc3ccc(Cl)cc3)[C@H]2C1,,,C=CC/C=C/CCC(=O)N1C[C@@H]2[C@H](C1)[C@H]2N(C)C(=O)CCSc1ccc(Cl)cc1,
59316,O=C([C@@H]1[C@H]2CN(Cc3c(F)cc(Cl)cc3Cl)C[C@H]21)N1C[C@H]2C[C@H]2C1,,,O=C(C1[C@H]2CN(Cc3c(F)cc(Cl)cc3Cl)C[C@@H]12)N1C[C@H]2C[C@H]2C1,
59411,CN(C)[C@@H]1CN(C(=O)[C@H]2C[C@@](C)(NC(=O)C=CC3(C)COC3)C2)CC1(C)C,"N-((1R,3s)-3-(((3S)-3-(dimethylamino)-4,4-dimethylpyrrolidin-1-yl)carbonyl)-1-methylcyclobutyl)-3-(3-methyloxetan-3-yl)prop-2-enamide",,CN(C)[C@@H]1CN(C(=O)C2CC(C)(NC(=O)C=CC3(C)COC3)C2)CC1(C)C,
59421,O=C(NC[C@H]1C[C@@H]2CC[C@H](C1)N2C(=O)CCC1CCOCC1)c1ccncc1,,,O=C(NC[C@@H]1C[C@H]2CC[C@@H](C1)N2C(=O)CCC1CCOCC1)c1ccncc1,
59429,C#CCN(C(=O)[C@H]1C[C@@](F)(CO)C1)C1CCN(C(=O)CCC)CC1,"(1r,3r)-N-(1-butanoylpiperidin-4-yl)-3-fluoro-3-(hydroxymethyl)-N-(prop-2-yn-1-yl)cyclobutanecarboxamide",,C#CCN(C(=O)C1CC(F)(CO)C1)C1CCN(C(=O)CCC)CC1,
59547,CCn1cc(C(=O)NC[C@H]2C[C@](F)(CNC(=O)[C@H]3CCC[C@H]3C)C2)c(C(C)C)n1,"1-ethyl-N-(((1R,3s)-3-fluoro-3-(((1S,2R)-2-methylcyclopentanecarboxamido)methyl)cyclobutyl)methyl)-3-(propan-2-yl)-1H-pyrazole-4-carboxamide",,CCn1cc(C(=O)NC[C@H]2C[C@](F)(CNC(=O)C3CCC[C@H]3C)C2)c(C(C)C)n1,
59602,Cc1nc2c(N[C@H]3C[C@@](F)(CNC(=O)c4cccn4C(C)C)C3)ncnc2s1,"N-(((1r,3r)-1-fluoro-3-((8-methyl-7-thia-3,5,9-triazabicyclo[4.3.0]nona-1,3,5,8-tetraen-2-yl)amino)cyclobutyl)methyl)-1-(propan-2-yl)-1H-pyrrole-2-carboxamide",,Cc1nc2c(N[C@H]3C[C@@](F)(CNC(=O)c4cccn4C(C)C)C3)ncnc2s1,
59617,O=C(NC[C@]1(F)C[C@@H](CNC(=O)[C@H]2C[C@@H]3CC[C@@H]3C2)C1)c1ccn2c1CCCC2,,,O=C(NC[C@]1(F)C[C@@H](CNC(=O)C2C[C@H]3CC[C@H]3C2)C1)c1ccn2c1CCCC2,
59633,COc1c(C(=O)N2C[C@H]3[C@H](CNC(=O)[C@@H]4[C@@H](C)[C@H]4C)[C@H]3C2)ccnc1Cl,,,COc1c(C(=O)N2C[C@@H]3[C@@H](CNC(=O)C4[C@@H](C)[C@H]4C)[C@@H]3C2)ccnc1Cl,
59738,CC#CCCC(=O)N[C@H]1C[C@@H]2C[C@H](C1)CN(C(=O)C(=O)c1c(C)nn(C)c1C)C2,,,CC#CCCC(=O)N[C@@H]1C[C@H]2C[C@@H](C1)CN(C(=O)C(=O)c1c(C)nn(C)c1C)C2,
59762,Cc1nocc1C(=O)N[C@H]1C[C@@](C)(NC(=O)CSC(C)(C)C)C1,"N-((1s,3s)-3-(2-((tert-butyl)sulfanyl)acetamido)-3-methylcyclobutyl)-3-methyl-1,2-oxazole-4-carboxamide",,Cc1nocc1C(=O)N[C@H]1C[C@@](C)(NC(=O)CSC(C)(C)C)C1,
59770,CCCCS(=O)(=O)N[C@H](C)C(=O)N[C@H]1[C@@H]2CN(C(=O)c3cn(C4CC4)nn3)C[C@@H]21,,,CCCCS(=O)(=O)NC(C)C(=O)N[C@H]1[C@@H]2CN(C(=O)c3cn(C4CC4)nn3)C[C@@H]21,
59800,Cc1c(F)cc(C(=O)N2C[C@@H]3CC[C@H](C2)[C@H]3NC(=O)c2ccsn2)cc1F,,,Cc1c(F)cc(C(=O)N2C[C@H]3CC[C@@H](C2)[C@@H]3NC(=O)c2ccsn2)cc1F,
59856,CSCCCC(=O)N[C@H]1C[C@@](C)(NC(=O)[C@H](n2ccnn2)C(C)(C)C)C1,"(2R)-3,3-dimethyl-N-((1s,3S)-1-methyl-3-(4-(methylsulfanyl)butanamido)cyclobutyl)-2-(1H-1,2,3-triazol-1-yl)butanamide",,CSCCCC(=O)N[C@H]1C[C@@](C)(NC(=O)C(n2ccnn2)C(C)(C)C)C1,
59901,CC[C@H](OC)C(=O)N1C[C@@H]2C[C@H](NC(=O)Cc3ccccc3SC)C[C@@H](C2)C1,"N-((1R,5S,7R)-3-((2S)-2-methoxybutanoyl)-3-azabicyclo[3.3.1]nonan-7-yl)-2-(2-(methylsulfanyl)phenyl)acetamide",,CCC(OC)C(=O)N1C[C@@H]2C[C@@H](C[C@H](NC(=O)Cc3ccccc3SC)C2)C1,
59970,COC(=O)[C@](C)(F)C(=O)NC[C@H]1[C@@H]2CN(C(=O)[C@H](O)c3ccco3)C[C@H]12,"methyl (2R)-2-fluoro-2-((((1R,5S,6R)-3-((2R)-2-(furan-2-yl)-2-hydroxyacetyl)-3-azabicyclo[3.1.0]hexan-6-yl)methyl)carbamoyl)propanoate",,COC(=O)[C@](C)(F)C(=O)NC[C@@H]1[C@H]2CN(C(=O)C(O)c3ccco3)C[C@@H]12,
59977,CC(=O)Nc1cccc(C(=O)N[C@H]2C[C@](C)(NC(=O)c3ccn(C(C)C)n3)C2)n1,"N-(6-(((1r,3r)-3-methyl-3-(1-(propan-2-yl)-1H-pyrazole-3-carboxamido)cyclobutyl)carbamoyl)pyridin-2-yl)acetamide",,CC(=O)Nc1cccc(C(=O)N[C@H]2C[C@](C)(NC(=O)c3ccn(C(C)C)n3)C2)n1,
60044,C#CC[C@]1(O)C[C@@H](C(=O)NCCCCNC(=O)c2cn(C)nc2Cl)C1,"3-chloro-N-(4-((1s,3s)-3-hydroxy-3-(prop-2-yn-1-yl)cyclobutanecarboxamido)butyl)-1-methyl-1H-pyrazole-4-carboxamide",,C#CCC1(O)CC(C(=O)NCCCCNC(=O)c2cn(C)nc2Cl)C1,
60050,COC(=O)CC(=O)N[C@]1(C)C[C@@H](NC(=O)Cc2coc(-c3cccs3)n2)C1,"methyl 2-(((1r,3r)-1-methyl-3-(2-(2-(thiophen-2-yl)-1,3-oxazol-4-yl)acetamido)cyclobutyl)carbamoyl)acetate",,COC(=O)CC(=O)N[C@]1(C)C[C@@H](NC(=O)Cc2coc(-c3cccs3)n2)C1,
60118,C[C@H](C#N)CNC(=O)[C@@H](O)CCNC(=O)[C@H]1C[C@@H]2CC[C@@H]2C1,,,C[C@H](C#N)CNC(=O)C(O)CCNC(=O)C1C[C@H]2CC[C@H]2C1,
60119,O=C([C@@H]1C[C@@H]2CC[C@@H]2C1)N1CC[C@H]1CC1CC1,,,O=C(C1C[C@H]2CC[C@H]2C1)N1CC[C@H]1CC1CC1,
60127,CCCC1CC(C(=O)N2C[C@@H]3C[C@H](NC(=O)[C@@H](F)CCC(C)(C)C)C[C@@H](C3)C2)C1,,,CCCC1CC(C(=O)N2C[C@@H]3C[C@@H](C[C@H](NC(=O)C(F)CCC(C)(C)C)C3)C2)C1,
60133,CC[C@H](C(=O)N1C[C@H]2[C@@H](C1)[C@@H]2C(=O)N1C[C@@H]2CCCN2C(=O)[C@H]1C)N1CCCC1,"(3R,6S)-3-methyl-4-(((1R,5S,6R)-3-((2R)-2-(pyrrolidin-1-yl)butanoyl)-3-azabicyclo[3.1.0]hexan-6-yl)carbonyl)-1,4-diazabicyclo[4.3.0]nonan-2-one",,CCC(C(=O)N1C[C@@H]2C(C(=O)N3C[C@@H]4CCCN4C(=O)C3C)[C@@H]2C1)N1CCCC1,
60160,CC(CO)(CO)NC(=O)[C@@H]1[C@H]2CN(C[C@H]3C[C@H]4C=C[C@@H]3C4)C[C@H]21,"(1R,5S,6S)-3-(((1S,2S,4S)-bicyclo[2.2.1]hept-5-en-2-yl)methyl)-N-(1,3-dihydroxy-2-methylpropan-2-yl)-3-azabicyclo[3.1.0]hexane-6-carboxamide",,CC(CO)(CO)NC(=O)C1[C@H]2CN(C[C@H]3C[C@H]4C=C[C@@H]3C4)C[C@@H]12,
60215,CCc1cc(Cl)ccc1C(=O)NCC[C@@H](F)Cn1cc([C@H]2[C@@H]3COC[C@@H]32)nn1,,,CCc1cc(Cl)ccc1C(=O)NCC[C@@H](F)Cn1cc([C@H]2[C@@H]3COC[C@@H]32)nn1,
60233,C[C@]1(NC(=O)C=C(Cl)Cl)C[C@H](NC(=O)[C@@]23CC[C@@H](O2)c2ccccc23)C1,"3,3-dichloro-N-((1S,3r)-1-methyl-3-((1S,8R)-11-oxatricyclo[6.2.1.0^{2,7}]undeca-2,4,6-triene-1-carboxamido)cyclobutyl)prop-2-enamide",,C[C@]1(NC(=O)C=C(Cl)Cl)C[C@H](NC(=O)[C@@]23CC[C@@H](O2)c2ccccc23)C1,
60246,CC[C@@H](C(=O)N[C@H]1C[C@@](F)(CNC(=O)C[C@H](C)CC(C)C)C1)C(C)C,"(3R)-N-(((1R,3R)-3-((2R)-2-ethyl-3-methylbutanamido)-1-fluorocyclobutyl)methyl)-3,5-dimethylhexanamide",,CCC(C(=O)N[C@H]1C[C@@](F)(CNC(=O)C[C@H](C)CC(C)C)C1)C(C)C,
60293,C[C@@]1(C(=O)N[C@H]2CN(C(=O)Cc3ccc(CO)cc3)C[C@@H]3C[C@@H]32)C[C@@H]2C[C@@H]2C1,,,C[C@]1(C(=O)N[C@H]2CN(C(=O)Cc3ccc(CO)cc3)C[C@@H]3C[C@@H]32)C[C@H]2C[C@H]2C1,
60295,C[C@@H](CNC(=O)CN(C)CC(C)(C)C)CC(=O)NC[C@@H]1[C@H]2CCCCC[C@H]21,,,C[C@@H](CNC(=O)CN(C)CC(C)(C)C)CC(=O)NC[C@H]1[C@@H]2CCCCC[C@@H]21,
60305,Cc1ncc(CN2C[C@H]3[C@H](CNC(=O)c4cc(-c5ccco5)[nH]n4)[C@H]3C2)s1,,,Cc1ncc(CN2C[C@@H]3[C@@H](CNC(=O)c4cc(-c5ccco5)[nH]n4)[C@@H]3C2)s1,
60308,O=C(C[C@]1(O)CCOC1)N1CCCC2(CCN(C(=O)[C@@H]3[C@H]4COC[C@H]43)CC2)C1,,,O=C(C[C@]1(O)CCOC1)N1CCCC2(CCN(C(=O)C3[C@H]4COC[C@@H]34)CC2)C1,
60325,O=C(NCCOCCNC(=O)[C@H]1C[C@](O)(C(F)F)C1)[C@@H]1CC[C@H]1c1ccccc1,"(1s,3S)-3-(difluoromethyl)-3-hydroxy-N-(2-((2-((1R,2R)-2-phenylcyclobutanecarboxamido)ethyl)oxy)ethyl)cyclobutanecarboxamide",,O=C(NCCOCCNC(=O)C1CC[C@H]1c1ccccc1)C1CC(O)(C(F)F)C1,
60419,C[C@H](NC(=O)CSc1nccn1C(C)(C)C)[C@@H](CO)NC(=O)[C@@H]1[C@@H](C)[C@H]1C,,,C[C@H](NC(=O)CSc1nccn1C(C)(C)C)[C@@H](CO)NC(=O)C1[C@@H](C)[C@H]1C,
60434,O=C(CC1CCCC1)NC[C@]1(F)C[C@@H](NC(=O)Cc2ccc(OC(F)F)cc2)C1,"N-((1s,3s)-3-((2-cyclopentylacetamido)methyl)-3-fluorocyclobutyl)-2-(4-((difluoromethyl)oxy)phenyl)acetamide",,O=C(CC1CCCC1)NC[C@]1(F)C[C@@H](NC(=O)Cc2ccc(OC(F)F)cc2)C1,
60487,COCCNC(=O)C(=O)NC[C@H]1CC[C@@](F)(CNC(=O)[C@H](F)CC2CCC2)CC1,"N'-(((1R,4r)-4-(((2R)-3-cyclobutyl-2-fluoropropanamido)methyl)-4-fluorocyclohexyl)methyl)-N-(2-methoxyethyl)ethanediamide",,COCCNC(=O)C(=O)NC[C@H]1CC[C@@](F)(CNC(=O)C(F)CC2CCC2)CC1,
60549,CCO[C@@H](CC)C(=O)N[C@]1(C)C[C@H](C(=O)N(C)[C@H]2CCOC(C)(C)C2)C1,"(2S)-N-((1R,3R)-3-(((4S)-2,2-dimethyloxan-4-yl)(methyl)carbamoyl)-1-methylcyclobutyl)-2-ethoxybutanamide",,CCOC(CC)C(=O)NC1(C)CC(C(=O)N(C)[C@H]2CCOC(C)(C)C2)C1,
60618,CN(C[C@H]1[C@@H]2CN(C(=O)[C@@H]3C[C@@H]4C[C@@H]4C3)C[C@H]12)C(=O)c1cccc(CF)c1,,,CN(C[C@@H]1[C@H]2CN(C(=O)C3C[C@@H]4C[C@@H]4C3)C[C@@H]12)C(=O)c1cccc(CF)c1,
60717,C[C@H](CNC(=O)[C@@H]1[C@H]2CCC[C@H]21)NC(=O)c1cc(SC(F)(F)F)c[nH]1,,,C[C@H](CNC(=O)C1[C@H]2CCC[C@@H]12)NC(=O)c1cc(SC(F)(F)F)c[nH]1,
60739,O=C(O)C1=C[C@H](O)[C@H](NC(=O)[C@@H]2C[C@H]3[C@@H](C2)C3(F)F)C1,,,O=C(O)C1=C[C@H](O)[C@H](NC(=O)C2C[C@@H]3[C@H](C2)C3(F)F)C1,
60748,CO[C@]1(CNC(=O)NCCn2cnc(C)c2C)C[C@@H](C)C[C@@H](C)C1,,,CO[C@@]1(CNC(=O)NCCn2cnc(C)c2C)C[C@H](C)C[C@H](C)C1,
60754,C[C@H](NC=O)C(=O)N1CC[C@]2(C)CN(C(=O)[C@@H]3C[C@H]4CCC[C@H](C4)C3)C[C@H]12,,,CC(NC=O)C(=O)N1CC[C@]2(C)CN(C(=O)C3C[C@H]4CCC[C@@H](C3)C4)C[C@H]12,
60797,CCOc1ccsc1C(=O)N1[C@H]2CC[C@@H]1C[C@H](NC(=O)c1cnn[nH]1)C2,,,CCOc1ccsc1C(=O)N1[C@@H]2CC[C@H]1C[C@@H](NC(=O)c1c[nH]nn1)C2,
60845,O=C(C[C@@H]1CC=CCC1)NC[C@]1(O)C[C@@H]2CC[C@H](C1)N2C(=O)C(F)(F)CC1CC1,,,O=C(C[C@@H]1CC=CCC1)NC[C@@]1(O)C[C@H]2CC[C@@H](C1)N2C(=O)C(F)(F)CC1CC1,
60874,CC1=C(C(=O)N[C@H]2[C@@H]3CN(C(=O)COc4cccc(Cl)c4Cl)C[C@@H]32)SCCO1,,,CC1=C(C(=O)N[C@H]2[C@@H]3CN(C(=O)COc4cccc(Cl)c4Cl)C[C@@H]32)SCCO1,
60956,CCCC=CC(=O)N1CCO[C@]2(CC[C@@H](NC(=O)C3=CS(=O)(=O)CCC3)CC2)C1,"N-(4-(hex-2-enoyl)-1-oxa-4-azaspiro[5.5]undecan-9-yl)-1,1-dioxo-2H,3H,4H-1lambda^6-thiopyran-5-carboxamide",C(C=CCCC)(=O)N1CCOC2(C1)CCC(CC2)NC(=O)C=2CCCS(C2)(=O)=O,CCCC=CC(=O)N1CCO[C@]2(CC[C@@H](NC(=O)C3=CS(=O)(=O)CCC3)CC2)C1,CCCC=CC(=O)N1CCOC2(CCC(NC(=O)C3=CS(=O)(=O)CCC3)CC2)C1
61092,COC(=O)[C@](C)(F)C(=O)NC[C@]1(F)C[C@@H](NC(=O)c2ccc3c(c2)COC3)C1,"methyl (2R)-2-((((1s,3S)-3-(1,3-dihydro-2-benzofuran-5-carboxamido)-1-fluorocyclobutyl)methyl)carbamoyl)-2-fluoropropanoate",,COC(=O)[C@](C)(F)C(=O)NC[C@]1(F)C[C@@H](NC(=O)c2ccc3c(c2)COC3)C1,
61171,C[C@]1(NC(=O)C2CCCCC2)C[C@H](NC(=O)[C@@H]2S[C@H]3C=C[C@H]2CC3)C1,"(1R,3R,4R)-N-((1r,3R)-3-cyclohexanecarboxamido-3-methylcyclobutyl)-2-thiabicyclo[2.2.2]oct-5-ene-3-carboxamide",,C[C@]1(NC(=O)C2CCCCC2)C[C@H](NC(=O)C2S[C@H]3C=C[C@H]2CC3)C1,
61246,CN(C)C1(C(=O)N2C[C@H]3[C@@H](C2)[C@@H]3C(=O)NC2([C@H]3CCCO3)CC2)CC1,,,CN(C)C1(C(=O)N2C[C@@H]3C(C(=O)NC4([C@H]5CCCO5)CC4)[C@@H]3C2)CC1,
61258,C[C@H](C(=O)N1C[C@H]2C[C@H](NC(=O)c3cc(S(N)(=O)=O)c[nH]3)C[C@H]2C1)[C@@H]1CCCO1,"N-((1R,5S,7R)-3-((2S)-2-((2S)-oxolan-2-yl)propanoyl)-3-azabicyclo[3.3.0]octan-7-yl)-4-sulfamoyl-1H-pyrrole-2-carboxamide",,CC(C(=O)N1C[C@H]2C[C@H](NC(=O)c3cc(S(N)(=O)=O)c[nH]3)C[C@H]2C1)[C@@H]1CCCO1,
61501,CC1(C)[C@H]2C[C@H](C(=O)N[C@@H]3CC[C@H]3NC(=O)c3coc4c(F)cc(F)cc34)C[C@H]21,,,CC1(C)[C@@H]2CC(C(=O)N[C@@H]3CC[C@H]3NC(=O)c3coc4c(F)cc(F)cc34)C[C@@H]21,
61581,C=C1CCC(C(=O)N2C[C@H]3C[C@@H](C(=O)N(CC)CCOCC)C[C@H]3C2)CC1,,,C=C1CCC(C(=O)N2C[C@H]3CC(C(=O)N(CC)CCOCC)C[C@H]3C2)CC1,
61671,CCn1ncnc1C(=O)N1CC[C@@H](C)[C@@H](CNC(=O)[C@@H]2[C@H]3COC[C@H]32)C1,,,CCn1ncnc1C(=O)N1CC[C@@H](C)[C@@H](CNC(=O)C2[C@H]3COC[C@@H]23)C1,
61726,Cn1cc(C(F)(F)F)nc1C(=O)NC1(CNC(=O)[C@@H]2[C@H]3CCC[C@H]32)CCCC1,,,Cn1cc(C(F)(F)F)nc1C(=O)NC1(CNC(=O)C2[C@H]3CCC[C@@H]23)CCCC1,
61780,CCOc1ccccc1C=CC(=O)N[C@H]1C[C@@](C)(NC(=O)[C@H]2CCCS[C@@H]2C)C1,"3-(2-ethoxyphenyl)-N-((1S,3s)-3-methyl-3-((2R,3R)-2-methylthiane-3-carboxamido)cyclobutyl)prop-2-enamide",,CCOc1ccccc1C=CC(=O)N[C@H]1C[C@@](C)(NC(=O)C2CCCS[C@@H]2C)C1,
61787,CCS[C@H](C)C(=O)NC[C@H]1C[C@](F)(CNC(=O)c2cc(C)c(O)nn2)C1,"(2R)-2-(ethylsulfanyl)-N-(((1s,3S)-3-fluoro-3-((6-hydroxy-5-methylpyridazine-3-carboxamido)methyl)cyclobutyl)methyl)propanamide",,CCSC(C)C(=O)NC[C@H]1C[C@](F)(CNC(=O)c2cc(C)c(=O)[nH]n2)C1,
61794,CC(C)OCCCC(=O)N[C@H]1C[C@@](F)(CNC(=O)c2ccccc2Br)C1,"N-((1r,3r)-3-((2-bromobenzamido)methyl)-3-fluorocyclobutyl)-4-isopropoxybutanamide",,CC(C)OCCCC(=O)N[C@H]1C[C@@](F)(CNC(=O)c2ccccc2Br)C1,
61914,Cn1ccnc1C(=O)N[C@H]1C[C@@H]2C[C@@H](NC(=O)c3cnn4ccccc34)C[C@@H]2C1,,,Cn1ccnc1C(=O)N[C@@H]1C[C@H]2C[C@H](NC(=O)c3cnn4ccccc34)C[C@H]2C1,
62054,Cc1cc(C)c(C(=O)N2C[C@@H]3CC[C@H](C2)[C@H]3NC(=O)c2ccccc2)cc1C,,,Cc1cc(C)c(C(=O)N2C[C@H]3CC[C@@H](C2)[C@@H]3NC(=O)c2ccccc2)cc1C,
62058,CCN(CCC(=O)NCC[C@@H]1COC[C@H]1O)C(=O)[C@H]1C[C@@H]2CCC[C@@H]2C1,,,CCN(CCC(=O)NCC[C@@H]1COC[C@H]1O)C(=O)C1C[C@H]2CCC[C@H]2C1,
62084,O=C(N[C@H]1CCC[C@H]1Cn1cc([C@H]2[C@@H]3COC[C@@H]32)nn1)c1csnc1C(F)F,,,O=C(N[C@H]1CCC[C@H]1Cn1cc([C@H]2[C@@H]3COC[C@@H]32)nn1)c1csnc1C(F)F,
62097,CCCN(C(=O)Cn1cccnc1=O)[C@@H](C)C(=O)NC[C@@H]1[C@H]2CCC[C@H]21,,,CCCN(C(=O)Cn1cccnc1=O)C(C)C(=O)NC[C@H]1[C@@H]2CCC[C@@H]21,
62155,O=C(C[C@]12CCC[C@H]1C2)N[C@H]1C[C@](F)(CNC(=O)c2ncoc2-c2cccs2)C1,"2-((1R,5S)-bicyclo[3.1.0]hexan-1-yl)-N-((1s,3S)-3-fluoro-3-((5-(thiophen-2-yl)-1,3-oxazole-4-carboxamido)methyl)cyclobutyl)acetamide",,O=C(C[C@]12CCC[C@H]1C2)N[C@H]1C[C@](F)(CNC(=O)c2ncoc2-c2cccs2)C1,
62204,O=C(N[C@@H]1CCC[C@@H](NC(=O)C2(O)CC2)C1)[C@H]1C[C@@H]2C[C@@H]2C1,,,O=C(N[C@@H]1CCC[C@@H](NC(=O)C2(O)CC2)C1)C1C[C@@H]2C[C@@H]2C1,
62220,O=C(C[C@@H]1CCOC1)N1C[C@@H]2C[C@H](NC(=O)C(F)(F)c3ccccn3)C[C@@H](C2)C1,"2,2-difluoro-N-((1R,5S,7R)-3-(2-((3S)-oxolan-3-yl)acetyl)-3-azabicyclo[3.3.1]nonan-7-yl)-2-(pyridin-2-yl)acetamide",,O=C(C[C@@H]1CCOC1)N1C[C@@H]2C[C@@H](C[C@H](NC(=O)C(F)(F)c3ccccn3)C2)C1,
62226,CC/C=C/CC(=O)N(C)C[C@H]1[C@@H]2CN(C(=O)[C@]3(F)C[C@@H](C(=O)OCC)C3)C[C@H]12,,,CC/C=C/CC(=O)N(C)C[C@@H]1[C@H]2CN(C(=O)C3(F)CC(C(=O)OCC)C3)C[C@@H]12,
62248,CC1(C)CCC=C(C(=O)NC[C@H]2C[C@](F)(CNC(=O)[C@@H]3CC34CCOCC4)C2)C1,"(1R)-N-(((1s,3S)-3-((5,5-dimethylcyclohex-1-ene-1-carboxamido)methyl)-1-fluorocyclobutyl)methyl)-6-oxaspiro[2.5]octane-1-carboxamide",,CC1(C)CCC=C(C(=O)NC[C@H]2C[C@](F)(CNC(=O)C3CC34CCOCC4)C2)C1,
62294,Cc1nc[nH]c1CC(=O)N[C@H]1C[C@@](C)(NC(=O)CC(C)(C)C(C)(F)F)C1,"4,4-difluoro-3,3-dimethyl-N-((1s,3s)-1-methyl-3-(2-(4-methyl-1H-imidazol-5-yl)acetamido)cyclobutyl)pentanamide",,Cc1[nH]cnc1CC(=O)N[C@H]1C[C@@](C)(NC(=O)CC(C)(C)C(C)(F)F)C1,
62297,CCCC[C@H](O)CCC(=O)N[C@H]1C[C@@H]2CN(C(=O)c3nncn3CC)C[C@@H]2C1,,,CCCC[C@H](O)CCC(=O)N[C@H]1C[C@@H]2CN(C(=O)c3nncn3CC)C[C@@H]2C1,
62320,O=C(N[C@H]1[C@@H]2CN(C(=O)COc3ccc(F)cc3F)C[C@@H]21)c1ncnc(O)c1F,,,O=C(N[C@H]1[C@@H]2CN(C(=O)COc3ccc(F)cc3F)C[C@@H]21)c1[nH]cnc(=O)c1F,
62437,CCNC(=O)C(=O)NC[C@H]1C[C@@H]2CC[C@H](C1)N2C(=O)C[C@@H](C)N1CCCC1=O,"N-ethyl-N'-(((1R,3S,5S)-8-((3R)-3-(2-oxopyrrolidin-1-yl)butanoyl)-8-azabicyclo[3.2.1]octan-3-yl)methyl)ethanediamide",,CCNC(=O)C(=O)NC[C@@H]1C[C@H]2CC[C@@H](C1)N2C(=O)C[C@@H](C)N1CCCC1=O,
62461,COC[C@H]1CC[C@@H]1C(=O)N(CCN(C)C(=O)[C@@H]1C[C@@H]2CC[C@@H]2C1)C(C)C,,,COC[C@H]1CCC1C(=O)N(CCN(C)C(=O)C1C[C@H]2CC[C@H]2C1)C(C)C,
62509,CC(C)(C)C#CC(=O)N1CC[C@H](NC(=O)[C@@H]2[C@H]3CCCCC[C@H]32)C12CCC2,,,CC(C)(C)C#CC(=O)N1CC[C@H](NC(=O)C2[C@H]3CCCCC[C@@H]23)C12CCC2,
62522,CNc1ccc(C(=O)N2C[C@H]3[C@H](CNC(=O)C4=CC(C)(C)C4)[C@H]3C2)cc1,,,CNc1ccc(C(=O)N2C[C@@H]3[C@@H](CNC(=O)C4=CC(C)(C)C4)[C@@H]3C2)cc1,
62529,C#CC[C@]1(O)C[C@@H](C(=O)NC[C@H]2CCCN(C(=O)C3(CC(F)F)CC3)C2)C1,"(1s,3S)-N-(((3R)-1-((1-(2,2-difluoroethyl)cyclopropyl)carbonyl)piperidin-3-yl)methyl)-3-hydroxy-3-(prop-2-yn-1-yl)cyclobutanecarboxamide",,C#CCC1(O)CC(C(=O)NC[C@H]2CCCN(C(=O)C3(CC(F)F)CC3)C2)C1,
62546,NC(=O)CSCC(=O)N1C[C@H]2[C@H](NC(=O)Cc3ccc(-n4ccnc4)cc3)[C@H]2C1,,,NC(=O)CSCC(=O)N1C[C@@H]2[C@H](C1)[C@H]2NC(=O)Cc1ccc(-n2ccnc2)cc1,
62609,CSc1nc(N2C[C@H]3[C@H](CNC(=O)C(C)(C)C(C)(F)F)[C@H]3C2)ncc1C,,,CSc1nc(N2C[C@@H]3[C@@H](CNC(=O)C(C)(C)C(C)(F)F)[C@@H]3C2)ncc1C,
62612,C[C@@H]1CCC[C@@H]1C(=O)NC[C@H]1[C@@H]2CN(C(=O)C3CCC(C(=O)N(C)C)CC3)C[C@H]12,,,C[C@@H]1CCCC1C(=O)NC[C@@H]1[C@H]2CN(C(=O)C3CCC(C(=O)N(C)C)CC3)C[C@@H]12,
62701,O=C(C[C@H]1CCCN(C(=O)[C@@]23CC[C@@H](C[C@@H]2F)C3)C1)N[C@@H]1[C@H]2CCC[C@H]21,,,O=C(C[C@H]1CCCN(C(=O)[C@@]23CC[C@@H](C[C@@H]2F)C3)C1)N[C@H]1[C@@H]2CCC[C@@H]21,
62736,C[C@H]1C[C@@H](C(=O)N(C)[C@H](CC(F)F)C(=O)N[C@@H]2[C@H]3COC[C@H]32)CC(=O)N1,,,C[C@H]1CC(C(=O)N(C)C(CC(F)F)C(=O)N[C@H]2[C@@H]3COC[C@@H]32)CC(=O)N1,
62855,CC[C@@H](C)CC(=O)C(=O)N1C[C@@H]2C[C@H](NC(=O)C3=C[C@H]4CC[C@@H](C3)C4)C[C@@H](C2)C1,"(1S,5R)-N-((1R,5S,7S)-3-((4R)-4-methyl-1,2-dioxohexyl)-3-azabicyclo[3.3.1]nonan-7-yl)bicyclo[3.2.1]oct-2-ene-3-carboxamide",,CC[C@@H](C)CC(=O)C(=O)N1C[C@@H]2C[C@@H](C[C@H](NC(=O)C3=C[C@H]4CC[C@@H](C3)C4)C2)C1,
62976,CC(C)C[C@@H](NC(=O)[C@H]1C[C@@H]2CC[C@H](C1)O2)C(=O)N(C)C[C@@H]1CC1(C)C,,,CC(C)CC(NC(=O)C1C[C@H]2CC[C@@H](C1)O2)C(=O)N(C)C[C@@H]1CC1(C)C,
63118,C[C@@H](C(=O)NC[C@]1(C(=O)N[C@@H]2[C@H]3COC[C@H]32)CCCO1)C(F)F,,,CC(C(=O)NC[C@]1(C(=O)N[C@H]2[C@@H]3COC[C@@H]32)CCCO1)C(F)F,
63307,C=C(C)c1cn([C@@H]2CC[C@@H](C(=O)NC[C@@H]3[C@H]4CCCCCC[C@H]43)C2)nn1,,,C=C(C)c1cn([C@@H]2CCC(C(=O)NC[C@H]3[C@@H]4CCCCCC[C@@H]43)C2)nn1,
63338,CC(C)Oc1cc(F)ccc1N(C(=O)[C@@H]1[C@H]2COC[C@H]21)C1C[C@@H]2CC[C@H](C1)N2,,,CC(C)Oc1cc(F)ccc1N(C(=O)C1[C@H]2COC[C@@H]12)C1C[C@H]2CC[C@@H](C1)N2,
63527,C[C@@H]1[C@H](C(=O)N2C[C@H]3C[C@H]2CC[C@@H]3NC(=O)Cc2cn3ccccc3n2)[C@@H]1C,,,C[C@@H]1C(C(=O)N2C[C@H]3C[C@H]2CC[C@@H]3NC(=O)Cc2cn3ccccc3n2)[C@@H]1C,
63561,C[C@H]1OC2(C(=O)N[C@H]3C[C@@H]4CC[C@H](C3)N4C(=O)C[C@@H]3CC=CCC3)CCC1CC2,"(3R)-N-((1R,3R,5S)-8-(2-((1S)-cyclohex-3-en-1-yl)acetyl)-8-azabicyclo[3.2.1]octan-3-yl)-3-methyl-2-oxabicyclo[2.2.2]octane-1-carboxamide",,C[C@H]1OC2(C(=O)N[C@@H]3C[C@H]4CC[C@@H](C3)N4C(=O)C[C@@H]3CC=CCC3)CCC1CC2,
63587,C[C@@H]1CCCN(C(=O)[C@H](NC(=O)C[C@@H]2C[C@H]3C[C@H]3C2)C2CCC2)[C@H]1CO,,,C[C@@H]1CCCN(C(=O)C(NC(=O)C[C@H]2C[C@@H]3C[C@@H]3C2)C2CCC2)[C@H]1CO,
63688,CN(Cc1cccc(CNC(=O)[C@H]2C[C@@H]3CC[C@H](C2)[C@@H]3F)c1)C(=O)[C@@H]1C[C@@H]1F,,,CN(Cc1cccc(CNC(=O)C2C[C@H]3CC[C@@H](C2)[C@H]3F)c1)C(=O)C1C[C@@H]1F,
63704,CCN(C)CC(=O)N1[C@H]2CC[C@@H]1C[C@](O)(CNC(=O)[C@@H]1CCCn3ccnc31)C2,,,CCN(C)CC(=O)N1[C@@H]2CC[C@H]1C[C@@](O)(CNC(=O)C1CCCn3ccnc31)C2,
63706,CCc1onc(C(=O)N[C@]2(c3ccccc3)C[C@@H](NC(=O)[C@H]3CCCO3)C2)c1C,"5-ethyl-4-methyl-N-((1R,3r)-3-((2R)-oxolane-2-carboxamido)-1-phenylcyclobutyl)-1,2-oxazole-3-carboxamide",,CCc1onc(C(=O)N[C@]2(c3ccccc3)C[C@@H](NC(=O)C3CCCO3)C2)c1C,
63726,Cn1cc([N+](=O)[O-])cc1C(=O)N[C@H]1[C@@H]2CN(C(=O)C3[C@@H]4COC[C@@H]34)C[C@@H]21,"1-methyl-4-nitro-N-((1R,5S,6S)-3-(((1R,5R)-3-oxabicyclo[3.1.0]hexan-6-yl)carbonyl)-3-azabicyclo[3.1.0]hexan-6-yl)-1H-pyrrole-2-carboxamide",,Cn1cc([N+](=O)[O-])cc1C(=O)N[C@H]1[C@@H]2CN(C(=O)C3[C@@H]4COC[C@@H]34)C[C@@H]21,
63783,CCOC(=O)C=CC(=O)NC[C@]1(F)C[C@@H](CNC(=O)[C@H](C)c2ccc(F)cc2)C1,"ethyl 3-((((1S,3s)-1-fluoro-3-(((2R)-2-(4-fluorophenyl)propanamido)methyl)cyclobutyl)methyl)carbamoyl)prop-2-enoate",,CCOC(=O)C=CC(=O)NC[C@]1(F)C[C@@H](CNC(=O)C(C)c2ccc(F)cc2)C1,
63825,CC=CC(=O)NC[C@]1(F)C[C@H](N=c2[nH]nc(C(C)(C)C)o2)C1,"N-(((1r,3r)-3-((5-(tert-butyl)-3H-1,3,4-oxadiazol-2-ylidene)amino)-1-fluorocyclobutyl)methyl)but-2-enamide",,CC=CC(=O)NC[C@]1(F)C[C@H](Nc2nnc(C(C)(C)C)o2)C1,
63830,Cc1cc(C(=O)N(C)C2CCC(NC(=O)[C@H]3C[C@@H]4CC[C@H](C3)O4)CC2)sc1C,,,Cc1cc(C(=O)N(C)C2CCC(NC(=O)C3C[C@H]4CC[C@@H](C3)O4)CC2)sc1C,
63862,COC(=O)C[C@@H](C)CC(=O)N1C[C@H]2[C@H](NC(=O)c3ccccc3SC(C)C)[C@H]2C1,"methyl (3S)-3-methyl-5-oxo-5-((1R,5S,6R)-6-(2-((propan-2-yl)sulfanyl)benzamido)-3-azabicyclo[3.1.0]hexan-3-yl)pentanoate",,COC(=O)C[C@@H](C)CC(=O)N1C[C@@H]2[C@H](C1)[C@H]2NC(=O)c1ccccc1SC(C)C,
63887,O=C(C#C[C@@H]1CCCOC1)N[C@H]1C[C@@H]2CN(C(=O)c3cnn(C4CC4)c3)C[C@@H]2C1,,,O=C(C#C[C@@H]1CCCOC1)N[C@H]1C[C@@H]2CN(C(=O)c3cnn(C4CC4)c3)C[C@@H]2C1,
63915,CN(C[C@H]1[C@@H]2CN(C(=O)C3=NOCC3)C[C@H]12)C(=O)CC(C)(C)c1ccccc1,,,CN(C[C@@H]1[C@H]2CN(C(=O)C3=NOCC3)C[C@@H]12)C(=O)CC(C)(C)c1ccccc1,
63920,C=CC1(C(=O)N2CCC[C@H](CCNC(=O)[C@@H]3[C@H]4CN(C)C[C@H]43)CC2)CCOCC1,,,C=CC1(C(=O)N2CCC[C@H](CCNC(=O)C3[C@H]4CN(C)C[C@@H]34)CC2)CCOCC1,
63999,CC1(C)CN(C(=O)C2COCCOC2)C[C@@H](CNC(=O)[C@H]2C[C@H]3[C@@H](C2)C3(C)C)O1,,,CC1(C)CN(C(=O)C2COCCOC2)C[C@@H](CNC(=O)C2C[C@@H]3[C@H](C2)C3(C)C)O1,
64053,CCc1cc(C(=O)NC[C@]2(F)C[C@@H](NC(=O)[C@@]3(C)C[C@H]4CC[C@@H]3O4)C2)cc(O)n1,"2-ethyl-N-(((1R,3s)-1-fluoro-3-((1S,2S,4R)-2-methyl-7-oxabicyclo[2.2.1]heptane-2-carboxamido)cyclobutyl)methyl)-6-hydroxypyridine-4-carboxamide",,CCc1cc(C(=O)NC[C@]2(F)C[C@@H](NC(=O)[C@@]3(C)C[C@H]4CC[C@@H]3O4)C2)cc(=O)[nH]1,
64087,CC(C)[C@@H](C(=O)N[C@@H]1CCC[C@H]1NC(=O)[C@@H]1C[C@@H]2C[C@@H]2C1)c1ccn(C)n1,,,CC(C)C(C(=O)N[C@@H]1CCC[C@H]1NC(=O)C1C[C@@H]2C[C@@H]2C1)c1ccn(C)n1,
64128,C[C@H]1C[C@@H](NC(=O)[C@H]2C[C@](O)(C(F)F)C2)CN1C(=O)CCN1C(=O)CCC1=O,"(1s,3S)-3-(difluoromethyl)-N-((3R,5S)-1-(3-(2,5-dioxopyrrolidin-1-yl)propanoyl)-5-methylpyrrolidin-3-yl)-3-hydroxycyclobutanecarboxamide",,C[C@H]1C[C@@H](NC(=O)C2CC(O)(C(F)F)C2)CN1C(=O)CCn1c(O)ccc1O,
64140,CC(=O)N[C@H](CC(C)C)C(=O)NCCC1CCN(C(=O)[C@H]2[C@@H](C)[C@H]2C)CC1,,,CC(=O)NC(CC(C)C)C(=O)NCCC1CCN(C(=O)C2[C@@H](C)[C@H]2C)CC1,
64231,CC(=O)N(C)CC(=O)NC[C@H]1[C@@H]2CN(C(=O)CCC34CCC(CC3)C4)C[C@H]12,,,CC(=O)N(C)CC(=O)NC[C@@H]1[C@H]2CN(C(=O)CCC34CCC(CC3)C4)C[C@@H]12,
64286,O=C(NC[C@@H]1C[C@@H]2CC[C@H](C1)N2C(=O)[C@@H]1CC2CC1C2)c1cn2ccccc2n1,"N-(((1R,3R,5S)-8-(((2R)-bicyclo[2.1.1]hexan-2-yl)carbonyl)-8-azabicyclo[3.2.1]octan-3-yl)methyl)imidazo[1,2-a]pyridine-2-carboxamide",,O=C(NC[C@H]1C[C@H]2CC[C@@H](C1)N2C(=O)C1CC2CC1C2)c1cn2ccccc2n1,
64290,CCCc1nc(C(=O)N[C@@H]2C[C@@H]3C[C@H](NC(=O)c4ccccc4O)C[C@@H]3C2)cs1,,,CCCc1nc(C(=O)N[C@@H]2C[C@@H]3C[C@H](NC(=O)c4ccccc4O)C[C@@H]3C2)cs1,
64295,C[C@H](C(=O)N1CCC[C@@H](CNC(=O)[C@H]2C[C@@](C)(O)C2)C1)N1CCN(C)CC1,"(1s,3R)-3-hydroxy-3-methyl-N-(((3S)-1-((2R)-2-(4-methylpiperazin-1-yl)propanoyl)piperidin-3-yl)methyl)cyclobutanecarboxamide",,CC(C(=O)N1CCC[C@@H](CNC(=O)C2CC(C)(O)C2)C1)N1CCN(C)CC1,
64373,CC(C)[C@@H](NC(=O)c1ccc(F)c2ccoc12)[C@H](C)NC(=O)[C@H]1C[C@@](F)(CO)C1,"4-fluoro-N-((2S,3R)-2-((1r,3S)-3-fluoro-3-(hydroxymethyl)cyclobutanecarboxamido)-4-methylpentan-3-yl)-1-benzofuran-7-carboxamide",,CC(C)[C@@H](NC(=O)c1ccc(F)c2ccoc12)[C@H](C)NC(=O)C1CC(F)(CO)C1,
64376,CN1CC[C@]2(CCN([C@H](C(=O)NCCC3(C)CC3)[C@@H]3[C@H]4CCCCC[C@H]43)C2)C1=O,,,CN1CC[C@]2(CCN(C(C(=O)NCCC3(C)CC3)[C@H]3[C@@H]4CCCCC[C@@H]43)C2)C1=O,
64495,CCN1CCN(CCC(=O)N[C@H]2C[C@](C)(NC(=O)c3ccsc3)C2)CC1,"3-(4-ethylpiperazin-1-yl)-N-((1r,3r)-3-methyl-3-(thiophene-3-carboxamido)cyclobutyl)propanamide",,CCN1CCN(CCC(=O)N[C@H]2C[C@](C)(NC(=O)c3ccsc3)C2)CC1,
64539,CN1C[C@H]2[C@@H](C1)[C@@H]2C(=O)N1CCN(CC(=O)NCC2(CC3CCC3)CC2)CC1,,,CN1C[C@@H]2C(C(=O)N3CCN(CC(=O)NCC4(CC5CCC5)CC4)CC3)[C@@H]2C1,
64551,C[C@]1(NC(=O)COCc2ccncc2)C[C@H](NC(=O)[C@H]2CN3CCC2CC3)C1,"N-((1R,3r)-3-((3R)-1-azabicyclo[2.2.2]octane-3-carboxamido)-1-methylcyclobutyl)-2-(((pyridin-4-yl)methyl)oxy)acetamide",,C[C@]1(NC(=O)COCc2ccncc2)C[C@H](NC(=O)C2CN3CCC2CC3)C1,
64572,COC1(C(=O)N2[C@H]3CC[C@@H]2C[C@@H](N(C)C(=O)Cc2conc2C)C3)CC1,,,COC1(C(=O)N2[C@@H]3CC[C@H]2C[C@H](N(C)C(=O)Cc2conc2C)C3)CC1,
64601,COCC=CC(=O)N[C@@H]1C[C@H]2C[C@H](NC(=O)c3nc[nH]c4nccc3-4)C[C@H]2C1,,,COCC=CC(=O)N[C@H]1C[C@@H]2C[C@@H](NC(=O)c3ncnc4[nH]ccc34)C[C@@H]2C1,
64629,N=c1[nH]c(=NC[C@@H]2CCCCS2)[nH]c(=N[C@H]2C[C@@H]3C[C@@H]3C2)[nH]1,,,Nc1nc(NC[C@@H]2CCCCS2)nc(N[C@H]2C[C@@H]3C[C@@H]3C2)n1,
64642,C=CC/C=C/CCC(=O)N[C@@H]1[C@H]2CCN(C(=O)C(C)(C)C(=O)OC)CC[C@H]21,,,C=CC/C=C/CCC(=O)N[C@H]1[C@@H]2CCN(C(=O)C(C)(C)C(=O)OC)CC[C@@H]21,
64666,O=C(N[C@@H]1CN(C(=O)[C@H]2C[C@H]3CCC[C@H](C3)C2)C[C@@H]1F)c1cc[nH]n1,,,O=C(N[C@@H]1CN(C(=O)C2C[C@H]3CCC[C@@H](C2)C3)C[C@@H]1F)c1cc[nH]n1,
64684,CC1=NO[C@@H](CC(=O)NC[C@]2(F)C[C@H](CNC(=O)[C@H]3CCO3)C2)C1,"N-(((1R,3R)-1-fluoro-3-(((2R)-oxetane-2-carboxamido)methyl)cyclobutyl)methyl)-2-((5R)-3-methyl-4,5-dihydro-1,2-oxazol-5-yl)acetamide",,CC1=NO[C@@H](CC(=O)NC[C@]2(F)C[C@H](CNC(=O)C3CCO3)C2)C1,
64695,Cc1c(C(=O)N2[C@H]3CC[C@@H]2C[C@@H](NC(=O)[C@@H]2CC=CCO2)C3)ccn1CC1CC1,,,Cc1c(C(=O)N2[C@@H]3CC[C@H]2C[C@H](NC(=O)C2CC=CCO2)C3)ccn1CC1CC1,
64713,Cc1noc(CCCC(=O)N2CCO[C@H](CCCNC(=O)[C@@H]3[C@H]4COC[C@H]43)C2)n1,,,Cc1noc(CCCC(=O)N2CCO[C@H](CCCNC(=O)C3[C@H]4COC[C@@H]34)C2)n1,
64714,C[C@]1(O)C[C@@H](C(=O)N[C@@]23CCC[C@@H]2CN(C(=O)Cc2ccc4[nH]ccc4c2)C3)C1,"(1s,3R)-3-hydroxy-N-((1S,5R)-3-(2-(1H-indol-5-yl)acetyl)-3-azabicyclo[3.3.0]octan-1-yl)-3-methylcyclobutanecarboxamide",,CC1(O)CC(C(=O)N[C@@]23CCC[C@@H]2CN(C(=O)Cc2ccc4[nH]ccc4c2)C3)C1,
64810,CO[C@@H]1CCC[C@H]1NC(=O)[C@@H]1[C@H]2CN(C(=O)c3cnc(C)[nH]c3=N)C[C@H]21,,,CO[C@@H]1CCC[C@H]1NC(=O)C1[C@H]2CN(C(=O)c3cnc(C)nc3N)C[C@@H]12,
64827,CC(=O)c1cn(CC(=O)N[C@H]2C[C@@H]3CC[C@H](C2)N3C(=O)[C@]2(C)CCCCO2)nn1,"2-(4-acetyl-1H-1,2,3-triazol-1-yl)-N-((1R,3R,5S)-8-(((2S)-2-methyloxan-2-yl)carbonyl)-8-azabicyclo[3.2.1]octan-3-yl)acetamide",,CC(=O)c1cn(CC(=O)N[C@@H]2C[C@H]3CC[C@@H](C2)N3C(=O)[C@]2(C)CCCCO2)nn1,
65090,Cc1[nH]nc([C@H](C(=O)Nc2ccc3c(c2)OCCO3)N2C[C@H]3[C@H](C)[C@H]3C2)c1C,"(2R)-N-(2,3-dihydro-1,4-benzodioxin-6-yl)-2-(4,5-dimethyl-1H-pyrazol-3-yl)-2-((1R,5S,6S)-6-methyl-3-azabicyclo[3.1.0]hexan-3-yl)acetamide",,Cc1[nH]nc(C(C(=O)Nc2ccc3c(c2)OCCO3)N2C[C@@H]3[C@@H](C)[C@@H]3C2)c1C,
65123,C[C@H](O)[C@@H]1C[C@@H]1C(=O)N1C[C@H]2[C@H](CNC(=O)c3cnc4ncccn34)[C@H]2C1,"N-(((1R,5S,6S)-3-(((1S,2R)-2-((1S)-1-hydroxyethyl)cyclopropyl)carbonyl)-3-azabicyclo[3.1.0]hexan-6-yl)methyl)imidazo[1,2-a]pyrimidine-3-carboxamide",,C[C@H](O)[C@@H]1CC1C(=O)N1C[C@@H]2[C@@H](CNC(=O)c3cnc4ncccn34)[C@@H]2C1,
65239,C#CCCN(C)CC(=O)N1C[C@H]2[C@@H](C1)[C@@H]2C(=O)NC[C@@H]1C(C)(C)C1(F)F,,,C#CCCN(C)CC(=O)N1C[C@@H]2C(C(=O)NC[C@@H]3C(C)(C)C3(F)F)[C@@H]2C1,
65242,C#C[C@]1(O)C[C@@H](C(=O)NCCOCCN(C)C(=O)c2ccccc2C2(C)CC2)C1,"N-(2-(2-((1s,3s)-3-ethynyl-3-hydroxycyclobutanecarboxamido)ethoxy)ethyl)-N-methyl-2-(1-methylcyclopropyl)benzamide",,C#CC1(O)CC(C(=O)NCCOCCN(C)C(=O)c2ccccc2C2(C)CC2)C1,
65264,CC(=O)Nc1nc(C(=O)N[C@H]2C[C@@H]3C[C@H](C2)CN(C(=O)C(N)=O)C3)cs1,,,CC(=O)Nc1nc(C(=O)N[C@@H]2C[C@H]3C[C@@H](C2)CN(C(=O)C(N)=O)C3)cs1,
65296,C#Cc1ccc(C(=O)N[C@H]2C[C@@H]2NC(=O)[C@@H]2C[C@@H]3CSC[C@@H](C3)C2)c(F)c1,,,C#Cc1ccc(C(=O)N[C@H]2C[C@@H]2NC(=O)C2C[C@H]3CSC[C@@H](C2)C3)c(F)c1,
65310,CCOCCC1(C(=O)NC[C@H]2[C@@H]3CN(C(=O)c4ccnc(F)c4Cl)C[C@H]23)CCC1,,,CCOCCC1(C(=O)NC[C@@H]2[C@H]3CN(C(=O)c4ccnc(F)c4Cl)C[C@@H]23)CCC1,
65431,C=CCCC(=O)N1[C@@H]2CN(C(=O)[C@H]3C[C@@](F)(CO)C3)C[C@@H]2C[C@H]1C,"1-((1S,3R,5S)-7-(((1r,3S)-3-fluoro-3-(hydroxymethyl)cyclobutyl)carbonyl)-3-methyl-2,7-diazabicyclo[3.3.0]octan-2-yl)pent-4-en-1-one",,C=CCCC(=O)N1[C@H](C)C[C@H]2CN(C(=O)C3CC(F)(CO)C3)C[C@H]21,
65466,O=C(C[C@@H]1[C@H]2CCC[C@H]2N1C(=O)[C@@H]1[C@H]2CCCC[C@H]21)N1CCC[C@@H]1[C@H]1CCOC1,,,O=C(C[C@@H]1[C@H]2CCC[C@H]2N1C(=O)C1[C@H]2CCCC[C@@H]12)N1CCC[C@@H]1[C@H]1CCOC1,
65470,COCC[C@H](C)C(=O)NC[C@H]1C[C@](F)(CNC(=O)C[C@H]2CCC(=O)N2C)C1,"(2S)-N-(((1S,3R)-3-fluoro-3-((2-((2R)-1-methyl-5-oxopyrrolidin-2-yl)acetamido)methyl)cyclobutyl)methyl)-4-methoxy-2-methylbutanamide",,COCCC(C)C(=O)NC[C@H]1C[C@](F)(CNC(=O)C[C@H]2CCC(=O)N2C)C1,
65603,Cc1cc(CC(=O)N2C[C@H]3C[C@H](NC(=O)/C=C/c4ccccc4)C[C@H]3C2)ccn1,,,Cc1cc(CC(=O)N2C[C@H]3C[C@H](NC(=O)/C=C/c4ccccc4)C[C@H]3C2)ccn1,
65626,CC(C)(C)OC(=O)CCC(=O)N1CC[C@](F)(C(=O)N2C[C@@H]3[C@@H](CO)[C@@H]3C2)C1,"tert-butyl 4-((3R)-3-fluoro-3-(((1R,5S,6R)-6-(hydroxymethyl)-3-azabicyclo[3.1.0]hexan-3-yl)carbonyl)pyrrolidin-1-yl)-4-oxobutanoate",,CC(C)(C)OC(=O)CCC(=O)N1CC[C@](F)(C(=O)N2C[C@@H]3[C@@H](CO)[C@@H]3C2)C1,
65633,C[C@H]1CN(C(=O)C2(C(C)(C)C)CCC2)C[C@@H](C)[C@@H]1NC(=O)c1ccc(C#N)o1,,,C[C@@H]1CN(C(=O)C2(C(C)(C)C)CCC2)C[C@H](C)[C@H]1NC(=O)c1ccc(C#N)o1,
65669,CO[C@H]1C[C@@](CO)(NC(=O)[C@H]2CN(C)CCN2C(=O)CCSC)C1,"(2R)-N-((1s,3S)-1-(hydroxymethyl)-3-methoxycyclobutyl)-4-methyl-1-(3-(methylsulfanyl)propanoyl)piperazine-2-carboxamide",,CO[C@H]1C[C@@](CO)(NC(=O)C2CN(C)CCN2C(=O)CCSC)C1,
65688,O=C(N[C@H]1[C@@H]2CN(C(=O)Cc3cccc(Cl)c3F)C[C@@H]21)[C@@H]1CCCCCS1(=O)=O,,,O=C(N[C@H]1[C@@H]2CN(C(=O)Cc3cccc(Cl)c3F)C[C@@H]21)C1CCCCCS1(=O)=O,
65823,Cc1ccc(C(=O)N2CCCC3(C2)CN(C(=O)[C@H]2C[C@@H]4CC[C@H](C2)O4)C3)s1,,,Cc1ccc(C(=O)N2CCCC3(C2)CN(C(=O)C2C[C@H]4CC[C@@H](C2)O4)C3)s1,
65902,CC(=CC(=O)N[C@@H]1C[C@@H]2CC[C@H](C1)N2C(=O)C=CC1CCC1)c1ccccc1Cl,,,CC(=CC(=O)N[C@H]1C[C@H]2CC[C@@H](C1)N2C(=O)C=CC1CCC1)c1ccccc1Cl,
66033,Cc1nscc1C(=O)N(C)[C@H]1C[C@@H]2CC[C@H](C1)N2C(=O)Cc1ccc(F)cn1,,,Cc1nscc1C(=O)N(C)[C@@H]1C[C@H]2CC[C@@H](C1)N2C(=O)Cc1ccc(F)cn1,
66088,CO[C@@H]1C[C@H]1C(=O)NC[C@H]1C[C@@](F)(CNC(=O)CNC(=O)c2cc(C)nn2C)C1,"N-(2-((((1R,3r)-1-fluoro-3-(((1R,2R)-2-methoxycyclopropanecarboxamido)methyl)cyclobutyl)methyl)amino)-2-oxoethyl)-1,3-dimethyl-1H-pyrazole-5-carboxamide",,CO[C@@H]1CC1C(=O)NC[C@H]1C[C@@](F)(CNC(=O)CNC(=O)c2cc(C)nn2C)C1,
66144,COc1ccc(CC(=O)NC[C@@H]2CCC[C@H]2NC(=O)[C@H]2C[C@](F)(CO)C2)cc1O,"N-(((1S,2R)-2-((1s,3S)-3-fluoro-3-(hydroxymethyl)cyclobutanecarboxamido)cyclopentyl)methyl)-2-(3-hydroxy-4-methoxyphenyl)acetamide",,COc1ccc(CC(=O)NC[C@@H]2CCC[C@H]2NC(=O)C2CC(F)(CO)C2)cc1O,
66170,CN1CC[C@H](C(=O)N[C@H]2[C@@H]3CN(C(=O)CCc4ncccn4)C[C@@H]32)CC1=O,,,CN1CCC(C(=O)N[C@H]2[C@@H]3CN(C(=O)CCc4ncccn4)C[C@@H]32)CC1=O,
66260,CCCC(=O)N1[C@H](CNC(=O)[C@H]2C[C@](C)(F)C2)C[C@@H]2CCC[C@@H]21,"(1r,3S)-N-(((1S,3S,5S)-2-butanoyl-2-azabicyclo[3.3.0]octan-3-yl)methyl)-3-fluoro-3-methylcyclobutanecarboxamide",,CCCC(=O)N1[C@H](CNC(=O)C2CC(C)(F)C2)C[C@@H]2CCC[C@@H]21,
66267,CC(C)(CCCO)NC(=O)[C@]1(NC(=O)C[C@@H]2CSCCO2)C[C@@H](O)C1,"(1s,3S)-3-hydroxy-N-(5-hydroxy-2-methylpentan-2-yl)-1-(2-((2R)-1,4-oxathian-2-yl)acetamido)cyclobutanecarboxamide",,CC(C)(CCCO)NC(=O)[C@]1(NC(=O)C[C@@H]2CSCCO2)C[C@@H](O)C1,
66347,C#Cc1cncc(C(=O)N2C[C@H]3[C@H](CNC(=O)[C@@H]4CCC[C@H]4OC)[C@H]3C2)c1,,,C#Cc1cncc(C(=O)N2C[C@@H]3[C@@H](CNC(=O)C4CCC[C@H]4OC)[C@@H]3C2)c1,
66415,Cc1csc(C(=O)N2[C@@H]3COC[C@H]2C[C@@H](NC(=O)[C@H](F)C[C@H]2CCOC2)C3)c1Cl,,,Cc1csc(C(=O)N2[C@@H]3COC[C@H]2C[C@@H](NC(=O)C(F)C[C@H]2CCOC2)C3)c1Cl,
66458,CCSCCC(=O)N1[C@H]2CC[C@@H]1C[C@@H](N(C)C(=O)[C@H]1CC[C@@H](N(C)C)CC1)C2,,,CCSCCC(=O)N1[C@@H]2CC[C@H]1C[C@H](N(C)C(=O)C1CCC(N(C)C)CC1)C2,
66462,COC(=O)CC(=O)N1C[C@H]2[C@H](CN(C)C(=O)CSc3ccc(C)cc3C)[C@H]2C1,,,COC(=O)CC(=O)N1C[C@@H]2[C@@H](CN(C)C(=O)CSc3ccc(C)cc3C)[C@@H]2C1,
66481,Cc1ccc(C(=O)N2CC[C@]2(C)CC(=O)NC[C@H]2C[C@@](C)(O)C2)c(F)c1,"2-((2R)-1-((2-fluoro-4-methylphenyl)carbonyl)-2-methylazetidin-2-yl)-N-(((1s,3S)-3-hydroxy-3-methylcyclobutyl)methyl)acetamide",,Cc1ccc(C(=O)N2CC[C@]2(C)CC(=O)NC[C@H]2C[C@@](C)(O)C2)c(F)c1,
66583,CS[C@@H](C)CCC(=O)N[C@H]1C[C@](F)(CNC(=O)CCNC(=O)c2ccncc2)C1,"(4S)-N-((1s,3R)-3-fluoro-3-((3-(pyridine-4-carboxamido)propanamido)methyl)cyclobutyl)-4-(methylsulfanyl)pentanamide",,CS[C@@H](C)CCC(=O)N[C@H]1C[C@](F)(CNC(=O)CCNC(=O)c2ccncc2)C1,
66620,CCC[C@@](C)(O)C(=O)NC[C@]1(F)C[C@H](CNC(=O)C=Cc2ccccc2F)C1,"(2R)-N-(((1r,3R)-1-fluoro-3-((3-(2-fluorophenyl)prop-2-enamido)methyl)cyclobutyl)methyl)-2-hydroxy-2-methylpentanamide",,CCC[C@@](C)(O)C(=O)NC[C@]1(F)C[C@H](CNC(=O)C=Cc2ccccc2F)C1,
66692,C=C1CCC(C(=O)N[C@H]2[C@@H]3CN(C(=O)c4c[nH]c(C(F)(F)F)c4)C[C@@H]32)CC1,,,C=C1CCC(C(=O)N[C@H]2[C@@H]3CN(C(=O)c4c[nH]c(C(F)(F)F)c4)C[C@@H]32)CC1,
66753,CC1=C(C(=O)NC[C@H]2[C@@H]3CN(C(=O)[C@@]4(C)CCc5ccccc54)C[C@H]23)CCC1,"2-methyl-N-(((1R,5S,6S)-3-(((1S)-1-methylindan-1-yl)carbonyl)-3-azabicyclo[3.1.0]hexan-6-yl)methyl)cyclopent-1-ene-1-carboxamide",,CC1=C(C(=O)NC[C@@H]2[C@H]3CN(C(=O)[C@@]4(C)CCc5ccccc54)C[C@@H]23)CCC1,
66767,CN(CC[C@@H]1CCCCN1C(=O)[C@@H]1C[C@@H]2C[C@@H]2C1)C(=O)c1cc2ncccn2n1,,,CN(CC[C@@H]1CCCCN1C(=O)C1C[C@@H]2C[C@@H]2C1)C(=O)c1cc2ncccn2n1,
66820,Cc1nnc(CC(=O)N(CCNC(=O)[C@@H]2[C@H]3COC[C@H]32)C2CC2)s1,,,Cc1nnc(CC(=O)N(CCNC(=O)C2[C@H]3COC[C@@H]23)C2CC2)s1,
66828,CO[C@]1(C(F)(F)F)C[C@H](C(=O)NC[C@H](NC(=O)Cc2ccoc2)[C@@H]2CCOC2)C1,"(1s,3S)-N-((2R)-2-(2-(furan-3-yl)acetamido)-2-((3S)-oxolan-3-yl)ethyl)-3-methoxy-3-(trifluoromethyl)cyclobutanecarboxamide",,COC1(C(F)(F)F)CC(C(=O)NC[C@H](NC(=O)Cc2ccoc2)[C@@H]2CCOC2)C1,
66829,C[C@]1(C(=O)NC[C@H]2CN(C(=O)c3ccc(O)nc3Cl)CCO2)C[C@H](C#N)C1,"(1r,3S)-N-(((2S)-4-((2-chloro-6-hydroxypyridin-3-yl)carbonyl)morpholin-2-yl)methyl)-3-cyano-1-methylcyclobutanecarboxamide",,C[C@]1(C(=O)NC[C@H]2CN(C(=O)c3ccc(=O)[nH]c3Cl)CCO2)C[C@H](C#N)C1,
67019,O=C(NC[C@]1(F)C[C@H](NC(=O)[C@H]2CCCOC2)C1)c1c(F)cc(F)cc1Cl,"(3S)-N-((1r,3S)-3-((2-chloro-4,6-difluorobenzamido)methyl)-3-fluorocyclobutyl)oxane-3-carboxamide",,O=C(NC[C@]1(F)C[C@H](NC(=O)C2CCCOC2)C1)c1c(F)cc(F)cc1Cl,
67066,Cn1nccc1[C@H](O)C(=O)N1[C@H]2CC[C@@H]1C[C@@H](NC(=O)c1ncnc(O)c1Cl)C2,"5-chloro-6-hydroxy-N-((1R,3R,5S)-8-((2S)-2-hydroxy-2-(1-methyl-1H-pyrazol-5-yl)acetyl)-8-azabicyclo[3.2.1]octan-3-yl)pyrimidine-4-carboxamide",,Cn1nccc1C(O)C(=O)N1[C@@H]2CC[C@H]1C[C@H](NC(=O)c1[nH]cnc(=O)c1Cl)C2,
67102,C[C@H]1CN(C(=O)[C@]2(C(F)(F)F)C[C@@H](O)C2)CC[C@H]1NC(=O)CCCNS(C)(=O)=O,"N-((3S,4R)-1-(((1s,3R)-3-hydroxy-1-(trifluoromethyl)cyclobutyl)carbonyl)-3-methylpiperidin-4-yl)-4-methanesulfonamidobutanamide",,C[C@H]1CN(C(=O)[C@]2(C(F)(F)F)C[C@@H](O)C2)CC[C@H]1NC(=O)CCCNS(C)(=O)=O,
67122,COCC[C@@H](CNC(=O)[C@H]1C[C@H]2CCC[C@H](C2)C1)NC(=O)Cn1cnnn1,,,COCC[C@@H](CNC(=O)C1C[C@H]2CCC[C@@H](C1)C2)NC(=O)Cn1cnnn1,
67134,Cc1scc(C(=O)N[C@H]2C[C@](C)(NC(=O)CN3[C@H](C)CC[C@H]3C)C2)c1C,"N-((1R,3r)-3-(2-((2R,5R)-2,5-dimethylpyrrolidin-1-yl)acetamido)-3-methylcyclobutyl)-4,5-dimethylthiophene-3-carboxamide",,Cc1scc(C(=O)N[C@H]2C[C@](C)(NC(=O)CN3[C@H](C)CC[C@H]3C)C2)c1C,
67210,CCCN(C)CCC(=O)N[C@H]1C[C@@](F)(CNC(=O)CCCNS(C)(=O)=O)C1,"N-(((1r,3r)-1-fluoro-3-(3-(methyl(propyl)amino)propanamido)cyclobutyl)methyl)-4-methanesulfonamidobutanamide",,CCCN(C)CCC(=O)N[C@H]1C[C@@](F)(CNC(=O)CCCNS(C)(=O)=O)C1,
67234,CC[C@H](C)CCCC(=O)N1[C@H]2CC[C@@H]1C[C@@H](NC(=O)CC1(NC(C)=O)CC1)C2,"2-(1-acetamidocyclopropyl)-N-((1R,3R,5S)-8-((5S)-5-methylheptanoyl)-8-azabicyclo[3.2.1]octan-3-yl)acetamide",,CC[C@H](C)CCCC(=O)N1[C@@H]2CC[C@H]1C[C@H](NC(=O)CC1(NC(C)=O)CC1)C2,
67382,COc1cccc2sc(C(=O)N[C@H](C)[C@@H]3CCCN3C(=O)[C@H]3C[C@@](C)(O)C3)cc12,"N-((1R)-1-((2S)-1-(((1s,3R)-3-hydroxy-3-methylcyclobutyl)carbonyl)pyrrolidin-2-yl)ethyl)-4-methoxy-1-benzothiophene-2-carboxamide",,COc1cccc2sc(C(=O)N[C@H](C)[C@@H]3CCCN3C(=O)C3CC(C)(O)C3)cc12,
67461,O=C(NCc1ccc2c(c1)CCN(C(=O)[C@]1(C(F)(F)F)C[C@@H](O)C1)C2)[C@@H]1C[C@H]1Cl,"(1S,2R)-2-chloro-N-((2-(((1s,3R)-3-hydroxy-1-(trifluoromethyl)cyclobutyl)carbonyl)-1,2,3,4-tetrahydroisoquinolin-6-yl)methyl)cyclopropanecarboxamide",,O=C(NCc1ccc2c(c1)CCN(C(=O)[C@]1(C(F)(F)F)C[C@@H](O)C1)C2)C1C[C@H]1Cl,
67517,CCNC(=O)CCCC(=O)N[C@@H]1C[C@@H]2CC[C@H](C1)N2C(=O)CNC(=O)C(F)(F)F,,,CCNC(=O)CCCC(=O)N[C@H]1C[C@H]2CC[C@@H](C1)N2C(=O)CNC(=O)C(F)(F)F,
67526,CCC[C@H](F)C(=O)N1C[C@H]2[C@H](CC(=O)N3C[C@@H](O)CC3(CC)CC)[C@H]2C1,"(2S)-1-((1R,5S,6R)-6-(2-((4S)-2,2-diethyl-4-hydroxypyrrolidin-1-yl)-2-oxoethyl)-3-azabicyclo[3.1.0]hexan-3-yl)-2-fluoropentan-1-one",,CCCC(F)C(=O)N1C[C@@H]2[C@@H](CC(=O)N3C[C@@H](O)CC3(CC)CC)[C@@H]2C1,
67573,CN(C)[C@H]1[C@@H]2CN(C(=O)c3cccnc3CNC(=O)C[C@H]3CCOC3=O)C[C@@H]21,"N-((3-(((1R,5S,6S)-6-(dimethylamino)-3-azabicyclo[3.1.0]hexan-3-yl)carbonyl)pyridin-2-yl)methyl)-2-((3R)-2-oxooxolan-3-yl)acetamide",,CN(C)[C@H]1[C@@H]2CN(C(=O)c3cccnc3CNC(=O)CC3CCOC3=O)C[C@@H]21,
67611,CC[C@H](CCOC)C(=O)NC[C@]1(F)C[C@H](NC(=O)Cc2ccc(C(N)=O)nc2)C1,"(2R)-N-(((1r,3R)-3-(2-(6-carbamoylpyridin-3-yl)acetamido)-1-fluorocyclobutyl)methyl)-2-ethyl-4-methoxybutanamide",,CCC(CCOC)C(=O)NC[C@]1(F)C[C@H](NC(=O)Cc2ccc(C(N)=O)nc2)C1,
67713,C#CC[C@]1(O)C[C@@H](C(=O)N2CCC(C(C)(C)NC(=O)c3n[nH]c(C)c3C)CC2)C1,"N-(2-(1-(((1s,3s)-3-hydroxy-3-(prop-2-yn-1-yl)cyclobutyl)carbonyl)piperidin-4-yl)propan-2-yl)-4,5-dimethyl-1H-pyrazole-3-carboxamide",,C#CCC1(O)CC(C(=O)N2CCC(C(C)(C)NC(=O)c3[nH]nc(C)c3C)CC2)C1,
67726,CCOC(=O)[C@H]1C[C@@](F)(C(=O)NCCN(CC)C(=O)c2cnc(OC)c(C)c2)C1,"ethyl (1r,3r)-3-((2-(N-ethyl-6-methoxy-5-methylpyridine-3-carboxamido)ethyl)carbamoyl)-3-fluorocyclobutanecarboxylate",,CCOC(=O)C1CC(F)(C(=O)NCCN(CC)C(=O)c2cnc(OC)c(C)c2)C1,
67760,CCc1cccc(C)c1C(=O)N1C[C@H]2C[C@H](NC(=O)c3snnc3C)C[C@H]2C1,,,CCc1cccc(C)c1C(=O)N1C[C@H]2C[C@H](NC(=O)c3snnc3C)C[C@H]2C1,
67788,C=C(C)CN1C[C@H]2[C@H](CNC(=O)[C@@H]3CCC[C@H]4CCCN43)[C@H]2C1,,,C=C(C)CN1C[C@@H]2[C@@H](CNC(=O)C3CCC[C@H]4CCCN34)[C@@H]2C1,
67805,CC[C@H](SC)C(=O)N1C[C@H]2[C@@H](C1)[C@@H]2C(=O)N(C)Cc1nncn1C,"(1R,5S,6S)-N-methyl-N-((4-methyl-4H-1,2,4-triazol-3-yl)methyl)-3-((2S)-2-(methylsulfanyl)butanoyl)-3-azabicyclo[3.1.0]hexane-6-carboxamide",,CCC(SC)C(=O)N1C[C@@H]2C(C(=O)N(C)Cc3nncn3C)[C@@H]2C1,
68044,CCN1CC[C@H]1C(=O)NC[C@@H]1C[C@@H]2CCC[C@@H]2N1C(=O)[C@@H]1[C@H]2CC(=O)C[C@H]21,,,CCN1CCC1C(=O)NC[C@@H]1C[C@@H]2CCC[C@@H]2N1C(=O)C1[C@H]2CC(=O)C[C@@H]12,
68058,O=C(Cc1cccc(C(F)F)c1)NC[C@H]1CCN(C(=O)[C@@H]2[C@H]3CCC[C@H]32)C1,,,O=C(Cc1cccc(C(F)F)c1)NC[C@H]1CCN(C(=O)C2[C@H]3CCC[C@@H]23)C1,
68080,Cc1coc(C(C)(C)C)c1C(=O)N[C@H]1[C@@H]2CN(C(=O)CNc3ncccn3)C[C@@H]21,,,Cc1coc(C(C)(C)C)c1C(=O)N[C@H]1[C@@H]2CN(C(=O)CNc3ncccn3)C[C@@H]21,
68111,CO[C@H]1C[C@@H]2CC[C@H](C1)N2C(=O)[C@@H]1[C@H]2[C@H]3C[C@H]1[C@@H](NC(=O)[C@@](C)(O)CC(C)C)[C@@H]23,"(2S)-2-hydroxy-N-((1R,2R,3R,4R,5R,6S)-5-(((1R,3S,5S)-3-methoxy-8-azabicyclo[3.2.1]octan-8-yl)carbonyl)tricyclo[2.2.1.0^{2,6}]heptan-3-yl)-2,4-dimethylpentanamide",,CO[C@@H]1C[C@H]2CC[C@@H](C1)N2C(=O)C1[C@H]2[C@H]3C[C@H]1[C@@H](NC(=O)[C@@](C)(O)CC(C)C)[C@H]32,
68133,O=C(N[C@H]1[C@@H]2CN(C(=O)[C@H](O)Cn3cncn3)C[C@@H]21)c1ccccc1NCCO,"N-((1R,5S,6S)-3-((2R)-2-hydroxy-3-(1H-1,2,4-triazol-1-yl)propanoyl)-3-azabicyclo[3.1.0]hexan-6-yl)-2-((2-hydroxyethyl)amino)benzamide",,O=C(N[C@H]1[C@@H]2CN(C(=O)C(O)Cn3cncn3)C[C@@H]21)c1ccccc1NCCO,
68141,CC(C)(O)CC(=O)N1[C@H]2CC[C@@H]1C[C@@H](NC(=O)c1cc(C3(O)COC3)on1)C2,,,CC(C)(O)CC(=O)N1[C@@H]2CC[C@H]1C[C@H](NC(=O)c1cc(C3(O)COC3)on1)C2,
68150,CCc1ocnc1C(=O)NC[C@@]1(C)CCN(C(=O)[C@]23CCC[C@H]2CCC3)C1,"5-ethyl-N-(((3R)-3-methyl-1-((octahydropentalen-3a-yl)carbonyl)pyrrolidin-3-yl)methyl)-1,3-oxazole-4-carboxamide",C(C)C1=C(N=CO1)C(=O)NC[C@@]1(CN(CC1)C(=O)C12CCCC2CCC1)C,CCc1ocnc1C(=O)NC[C@@]1(C)CCN(C(=O)[C@]23CCC[C@H]2CCC3)C1,CCc1ocnc1C(=O)NC[C@@]1(C)CCN(C(=O)C23CCCC2CCC3)C1
68215,CC[C@H](CN(C)C(=O)[C@@H]1[C@H]2COC[C@H]21)NC(=O)C1(CCC(C)(C)C)CCCCC1,,,CC[C@H](CN(C)C(=O)C1[C@H]2COC[C@@H]12)NC(=O)C1(CCC(C)(C)C)CCCCC1,
68221,CCC(=O)N1C[C@H]2[C@H](CN(C)C(=O)C(C)CC(F)(F)F)[C@H]2C1,,,CCC(=O)N1C[C@@H]2[C@@H](CN(C)C(=O)C(C)CC(F)(F)F)[C@@H]2C1,
68370,COCc1n[nH]c(CNC(=O)/C=C/[C@H]2CCCN2C(=O)[C@H]2C[C@@](C)(O)C2)n1,"(2E)-3-((2R)-1-(((1s,3S)-3-hydroxy-3-methylcyclobutyl)carbonyl)pyrrolidin-2-yl)-N-((3-(methoxymethyl)-1H-1,2,4-triazol-5-yl)methyl)prop-2-enamide",,COCc1n[nH]c(CNC(=O)/C=C/[C@H]2CCCN2C(=O)C2CC(C)(O)C2)n1,
68381,C[C@]1(NC(=O)CCOC2CC2)C[C@H](NC(=O)[C@@H]2C[C@@H]2c2cccs2)C1,"3-(cyclopropoxy)-N-((1R,3r)-1-methyl-3-((1R,2S)-2-(thiophen-2-yl)cyclopropanecarboxamido)cyclobutyl)propanamide",,C[C@]1(NC(=O)CCOC2CC2)C[C@H](NC(=O)C2C[C@@H]2c2cccs2)C1,
68398,C[C@@]1(C(=O)N2CCOC3(C2)CN(C(=O)[C@H]2C[C@@](F)(CO)C2)C3)CC1(Cl)Cl,"(8-(((1S)-2,2-dichloro-1-methylcyclopropyl)carbonyl)-5-oxa-2,8-diazaspiro[3.5]nonan-2-yl)((1r,3S)-3-fluoro-3-(hydroxymethyl)cyclobutyl)methanone",,C[C@@]1(C(=O)N2CCOC3(CN(C(=O)C4CC(F)(CO)C4)C3)C2)CC1(Cl)Cl,
68518,O=C([C@@H]1[C@@H]2C[C@H]2[C@H]2C[C@H]21)N1CCn2nc(CNC(=O)C3(CO)CCCC3)cc2C1,"1-(hydroxymethyl)-N-((4-(((1S,2R,4R,5R,6R)-tricyclo[4.1.0.0^{2,4}]heptan-5-yl)carbonyl)-1,4,9-triazabicyclo[4.3.0]nona-6,8-dien-8-yl)methyl)cyclopentanecarboxamide",,O=C(C1[C@@H]2C[C@@H]2[C@@H]2C[C@@H]12)N1CCn2nc(CNC(=O)C3(CO)CCCC3)cc2C1,
68540,CCn1cc(C(=O)N[C@H]2C[C@@](F)(CNC(=O)[C@@H](C)c3cc(C)oc3C)C2)cn1,"N-((1S,3r)-3-(((2S)-2-(2,5-dimethylfuran-3-yl)propanamido)methyl)-3-fluorocyclobutyl)-1-ethyl-1H-pyrazole-4-carboxamide",,CCn1cc(C(=O)N[C@H]2C[C@@](F)(CNC(=O)C(C)c3cc(C)oc3C)C2)cn1,
68577,CCCCCC(=O)N[C@H]1C[C@]2(CCCCN2C(=O)[C@@H]2CCS2(=O)=O)C1,"N-(5-(((2S)-1,1-dioxo-1lambda^6-thietan-2-yl)carbonyl)-5-azaspiro[3.5]nonan-2-yl)hexanamide",O=S1([C@@H](CC1)C(=O)N1C2(CC(C2)NC(CCCCC)=O)CCCC1)=O,CCCCCC(=O)N[C@H]1C[C@]2(CCCCN2C(=O)C2CCS2(=O)=O)C1,CCCCCC(=O)NC1CC2(CCCCN2C(=O)C2CCS2(=O)=O)C1
68604,C[C@H](CCNC(=O)[C@]1(C(F)(F)F)C[C@@H](O)C1)N(C)C(=O)C1([C@@H]2CCCO2)CCC1,"(1s,3S)-3-hydroxy-N-((3R)-3-(N-methyl-1-((2S)-oxolan-2-yl)cyclobutanecarboxamido)butyl)-1-(trifluoromethyl)cyclobutanecarboxamide",,C[C@H](CCNC(=O)[C@]1(C(F)(F)F)C[C@@H](O)C1)N(C)C(=O)C1([C@@H]2CCCO2)CCC1,
68644,Cc1cc(C)c(Br)c(C(=O)NC[C@]2(F)C[C@H](CNC(=O)[C@@H](C)C(F)F)C2)c1,"2-bromo-N-(((1R,3r)-3-(((2R)-3,3-difluoro-2-methylpropanamido)methyl)-1-fluorocyclobutyl)methyl)-3,5-dimethylbenzamide",,Cc1cc(C)c(Br)c(C(=O)NC[C@]2(F)C[C@H](CNC(=O)C(C)C(F)F)C2)c1,
68655,CSCCCn1nnnc1[C@@]1(NC2Cc3ccccc3C2)C[C@@H]2C[C@@H]2C1,,,CSCCCn1nnnc1[C@]1(NC2Cc3ccccc3C2)C[C@H]2C[C@H]2C1,
68718,CC1(C)CCN(C(=O)[C@@H]2CCC[C@@H](C#N)C2)C[C@H]1C(=O)N[C@@H]1[C@H]2CCC[C@H]21,,,CC1(C)CCN(C(=O)C2CCC[C@@H](C#N)C2)CC1C(=O)N[C@H]1[C@@H]2CCC[C@@H]21,
68815,O=C(CC1CCC=CCC1)NCCN1CCN(C(=O)[C@@H]2C[C@@H]3CC[C@@H]3C2)CC1,,,O=C(CC1CCC=CCC1)NCCN1CCN(C(=O)C2C[C@H]3CC[C@H]3C2)CC1,
68934,Cc1ccc2c(C(=O)N[C@]3(C)C[C@@H](NC(=O)COCP(C)(C)=O)C3)n[nH]c2c1,"N-((1r,3r)-3-(2-(((dimethyloxophosphanyl)methyl)oxy)acetamido)-1-methylcyclobutyl)-6-methyl-1H-indazole-3-carboxamide",,Cc1ccc2c(C(=O)N[C@]3(C)C[C@@H](NC(=O)COCP(C)(C)=O)C3)[nH]nc2c1,
68942,C[C@H](CC(=O)N(C)[C@H]1[C@@H]2CN(C(=O)[C@@H]3[C@H]4CCC[C@H]43)C[C@@H]21)c1ccc(F)cc1F,,,C[C@H](CC(=O)N(C)[C@H]1[C@@H]2CN(C(=O)C3[C@H]4CCC[C@@H]34)C[C@@H]21)c1ccc(F)cc1F,
68973,O=C(C=CCCCCCCCO)NC[C@]1(F)C[C@@H](NC(=O)CCc2ccoc2)C1,"N-(((1s,3s)-1-fluoro-3-(3-(furan-3-yl)propanamido)cyclobutyl)methyl)-10-hydroxydec-2-enamide",,O=C(C=CCCCCCCCO)NC[C@]1(F)C[C@@H](NC(=O)CCc2ccoc2)C1,
68974,C=CCCC(=O)N[C@@H]1C[C@@H]2CC[C@H](C1)N2C(=O)c1cnc(C(C)C)s1,,,C=CCCC(=O)N[C@H]1C[C@H]2CC[C@@H](C1)N2C(=O)c1cnc(C(C)C)s1,
68995,CCOC(=O)N(C)CCCC(=O)NC[C@]1(F)C[C@H](NC(=O)[C@H]2CO[C@@H](C)C2)C1,"ethyl (4-((((1R,3r)-1-fluoro-3-((3R,5S)-5-methyloxolane-3-carboxamido)cyclobutyl)methyl)amino)-4-oxobutyl)(methyl)carbamate",,CCOC(=O)N(C)CCCC(=O)NC[C@]1(F)C[C@H](NC(=O)C2CO[C@@H](C)C2)C1,
69009,C[C@]1(O)C[C@@H](C(=O)N2CCN3CCN(C(=O)CC[C@@H]4CCCO4)C[C@H]3C2)C1,"1-((6S)-8-(((1s,3R)-3-hydroxy-3-methylcyclobutyl)carbonyl)-1,4,8-triazabicyclo[4.4.0]decan-4-yl)-3-((2S)-oxolan-2-yl)propan-1-one",,CC1(O)CC(C(=O)N2CCN3CCN(C(=O)CC[C@@H]4CCCO4)C[C@H]3C2)C1,
69030,CSc1ccc(C(=O)N(C)[C@H]2[C@@H]3CN(C(=O)c4cc(=O)cc(Cl)[nH]4)C[C@@H]32)o1,,,CSc1ccc(C(=O)N(C)[C@H]2[C@@H]3CN(C(=O)c4cc(=O)cc(Cl)[nH]4)C[C@@H]32)o1,
69058,C=CC[C@@H](NC(=O)[C@@H]1CN(C(=O)[C@@H]2[C@H]3CCCCC[C@H]32)C(C)(C)C1)C1CC1,,,C=CC[C@@H](NC(=O)C1CN(C(=O)C2[C@H]3CCCCC[C@@H]23)C(C)(C)C1)C1CC1,
69164,CN1CCN(CCC(=O)N2C[C@@H]3[C@H](C(=O)Nc4ccc([N+](=O)[O-])nc4)[C@@H]3C2)CC1,,,CN1CCN(CCC(=O)N2C[C@@H]3C(C(=O)Nc4ccc([N+](=O)[O-])nc4)[C@@H]3C2)CC1,
69211,C#CC[C@]1(O)C[C@@H](C(=O)NC(C)(C)CCNC(=O)c2ccc(N)cc2OC)C1,"4-amino-N-(3-((1s,3s)-3-hydroxy-3-(prop-2-yn-1-yl)cyclobutanecarboxamido)-3-methylbutyl)-2-methoxybenzamide",,C#CCC1(O)CC(C(=O)NC(C)(C)CCNC(=O)c2ccc(N)cc2OC)C1,
69245,Cc1cc(C)n2ncc(C(=O)N[C@@H]3CN(C(=O)[C@@H]4[C@H]5CCCC[C@H]54)C[C@@H]3C)c2n1,,,Cc1cc(C)n2ncc(C(=O)N[C@@H]3CN(C(=O)C4[C@H]5CCCC[C@@H]45)C[C@@H]3C)c2n1,
69316,CCc1ncc(C(=O)NC[C@@]2(OC)CCN(C(=O)[C@@H]3[C@H]4CN(C)C[C@H]43)C2)o1,,,CCc1ncc(C(=O)NC[C@@]2(OC)CCN(C(=O)C3[C@H]4CN(C)C[C@@H]34)C2)o1,
69409,CC[C@H](CCCC(=O)NC[C@H]1C[C@@H]2CC[C@@H]2C1)NC(=O)[C@](C)(CC)CO,,,CC[C@H](CCCC(=O)NC[C@@H]1C[C@H]2CC[C@H]2C1)NC(=O)[C@](C)(CC)CO,
69436,Cc1ocnc1CNC(=O)[C@H]1CCN(C(=O)[C@@H]2[C@H]3CCC[C@H]32)C1,,,Cc1ocnc1CNC(=O)C1CCN(C(=O)C2[C@H]3CCC[C@@H]23)C1,
69439,CCSCCC(=O)N(C)C[C@H]1[C@@H]2CN(C(=O)c3nn(C)c4c3COCC4)C[C@H]12,,,CCSCCC(=O)N(C)C[C@@H]1[C@H]2CN(C(=O)c3nn(C)c4c3COCC4)C[C@@H]12,
69480,CCC(C)(C)OCC(=O)NC[C@]1(F)C[C@H](CNC(=O)C2(C)CCCCC2)C1,"N-(((1r,3r)-1-fluoro-3-((1-methylcyclohexanecarboxamido)methyl)cyclobutyl)methyl)-2-((2-methylbutan-2-yl)oxy)acetamide",,CCC(C)(C)OCC(=O)NC[C@]1(F)C[C@H](CNC(=O)C2(C)CCCCC2)C1,
69483,COCCOCCCC(=O)N[C@H](CCN(C)C(=O)[C@H]1C[C@](F)(CO)C1)C(C)C,"4-((2-methoxyethyl)oxy)-N-((3R)-4-methyl-1-(N-methyl(1s,3S)-3-fluoro-3-(hydroxymethyl)cyclobutanecarboxamido)pentan-3-yl)butanamide",,COCCOCCCC(=O)N[C@H](CCN(C)C(=O)C1CC(F)(CO)C1)C(C)C,
69504,CSCCC(=O)N1[C@H]2CCC[C@@H]1C[C@@H](NC(=O)Cc1ccccc1C)C2,,,CSCCC(=O)N1[C@@H]2CCC[C@H]1C[C@H](NC(=O)Cc1ccccc1C)C2,
69546,CC1(C)CC(CCN[C@H]2C[C@@]3(C2)[C@H](CO)C3(F)F)CC(C)(C)C1,"((1R)-2,2-difluoro-5-((2-(3,3,5,5-tetramethylcyclohexyl)ethyl)amino)spiro[2.3]hexan-1-yl)methanol",FC1([C@H](C12CC(C2)NCCC2CC(CC(C2)(C)C)(C)C)CO)F,CC1(C)CC(CCN[C@H]2C[C@@]3(C2)[C@H](CO)C3(F)F)CC(C)(C)C1,CC1(C)CC(CCNC2CC3(C2)[C@H](CO)C3(F)F)CC(C)(C)C1
69554,CC[C@@H](SC)C(=O)NC[C@]1(F)C[C@@H](CNC(=O)CCC(=O)c2ccc(O)cc2)C1,"N-(((1S,3s)-3-fluoro-3-(((2R)-2-(methylsulfanyl)butanamido)methyl)cyclobutyl)methyl)-4-(4-hydroxyphenyl)-4-oxobutanamide",,CCC(SC)C(=O)NC[C@]1(F)C[C@@H](CNC(=O)CCC(=O)c2ccc(O)cc2)C1,
69564,C#CC[C@]1(O)C[C@@H](C(=O)N2C[C@@H]3CN(C(=O)[C@@H]4CCCC(C)(C)O4)C[C@]3(C)C2)C1,"((1S,5R)-7-(((2S)-6,6-dimethyloxan-2-yl)carbonyl)-1-methyl-3,7-diazabicyclo[3.3.0]octan-3-yl)((1s,3R)-3-hydroxy-3-(prop-2-yn-1-yl)cyclobutyl)methanone",,C#CCC1(O)CC(C(=O)N2C[C@@H]3CN(C(=O)C4CCCC(C)(C)O4)C[C@]3(C)C2)C1,
69676,COC(=O)c1cc(C(=O)N2C[C@H]3[C@H](CNC(=O)Cc4n[nH]c(C)n4)[C@H]3C2)c[nH]1,,,COC(=O)c1cc(C(=O)N2C[C@@H]3[C@@H](CNC(=O)Cc4n[nH]c(C)n4)[C@@H]3C2)c[nH]1,
69702,COCc1ncsc1C(=O)N1C[C@H]2[C@H](CNC(=O)C3(n4cccn4)CCC3)[C@H]2C1,,,COCc1ncsc1C(=O)N1C[C@@H]2[C@@H](CNC(=O)C3(n4cccn4)CCC3)[C@@H]2C1,
69781,C[C@H]1[C@@H](C)[C@@H]1C(=O)N1CCN(C(=O)c2ccc(C(F)(F)F)cc2O)C2(CC2)C1,,,C[C@@H]1C(C(=O)N2CCN(C(=O)c3ccc(C(F)(F)F)cc3O)C3(CC3)C2)[C@@H]1C,
69850,O=C(N[C@H]1C[C@@H](NC(=O)[C@@H]2CC[C@H]3[C@@H](CC2)C3(F)F)C1)c1coc2c1COC2,,,O=C(N[C@H]1C[C@@H](NC(=O)C2CC[C@@H]3[C@H](CC2)C3(F)F)C1)c1coc2c1COC2,
69911,Nc1ccc(F)cc1C(=O)N[C@@H]1[C@H]2C[C@H](NC(=O)[C@@H]3C[C@H]4CC[C@H]3O4)C[C@H]21,,,Nc1ccc(F)cc1C(=O)N[C@H]1[C@@H]2C[C@@H](NC(=O)C3C[C@H]4CC[C@H]3O4)C[C@@H]21,
70016,CCCC=C(CC)C(=O)NC[C@H]1[C@@H]2CN(C(=O)[C@@H]3CCCN3C(C)=O)C[C@H]12,"N-(((1R,5S,6S)-3-(((2S)-1-acetylpyrrolidin-2-yl)carbonyl)-3-azabicyclo[3.1.0]hexan-6-yl)methyl)-2-ethylhex-2-enamide",,CCCC=C(CC)C(=O)NC[C@@H]1[C@H]2CN(C(=O)C3CCCN3C(C)=O)C[C@@H]12,
70123,C#C[C@]1(O)C[C@@H](C(=O)N2CC[C@@](CF)(NC(=O)Cc3cc(C)cc(C)c3)C2)C1,"2-(3,5-dimethylphenyl)-N-((3R)-1-(((1s,3S)-3-ethynyl-3-hydroxycyclobutyl)carbonyl)-3-(fluoromethyl)pyrrolidin-3-yl)acetamide",,C#CC1(O)CC(C(=O)N2CC[C@@](CF)(NC(=O)Cc3cc(C)cc(C)c3)C2)C1,
70139,CC(Cl)=CC(=O)N1[C@H]2CC[C@@H]1C[C@@H](N(C)C(=O)Cc1cc(C3CC3)nn1C)C2,,,CC(Cl)=CC(=O)N1[C@@H]2CC[C@H]1C[C@H](N(C)C(=O)Cc1cc(C3CC3)nn1C)C2,
70161,C[C@@H]1[C@H](NC(=O)[C@@H]2[C@H]3COC[C@H]32)C[C@H]2CC[C@H]1N2C(=O)CCn1ccccc1=O,,,C[C@H]1[C@H]2CC[C@H](C[C@H]1NC(=O)C1[C@H]3COC[C@@H]13)N2C(=O)CCn1ccccc1=O,
70261,C=CC[C@H](CC(C)C)C(=O)N1C[C@H]2[C@H](CNC(=O)c3cc(Cl)c[nH]3)[C@H]2C1,"4-chloro-N-(((1R,5S,6S)-3-((2S)-2-(2-methylpropyl)pent-4-enoyl)-3-azabicyclo[3.1.0]hexan-6-yl)methyl)-1H-pyrrole-2-carboxamide",,C=CCC(CC(C)C)C(=O)N1C[C@@H]2[C@@H](CNC(=O)c3cc(Cl)c[nH]3)[C@@H]2C1,
70305,COc1cccc([C@@H](C#N)N[C@H](C)[C@H]2[C@@H]3COC[C@@H]32)c1OC,,,COc1cccc([C@@H](C#N)N[C@H](C)[C@H]2[C@@H]3COC[C@@H]32)c1OC,
70309,C=C(C)CCN1CC[C@@H](NC(=O)[C@@H]2CC[C@H]3C[C@H]3CC2)C(C)(C)C1,,,C=C(C)CCN1CC[C@@H](NC(=O)C2CC[C@@H]3C[C@@H]3CC2)C(C)(C)C1,
70362,Cc1nocc1C(=O)N[C@@H]1C[C@@H]2CC[C@H](C1)N2C(=O)c1cccc2c(Br)n[nH]c12,,,Cc1nocc1C(=O)N[C@H]1C[C@H]2CC[C@@H](C1)N2C(=O)c1cccc2c(Br)[nH]nc12,
70372,CCCN(CCNC(=O)CCN(C)CCO)C(=O)[C@H]1[C@H](C(=O)OC)[C@@H]1C(=O)OC,,,CCCN(CCNC(=O)CCN(C)CCO)C(=O)C1C(C(=O)OC)C1C(=O)OC,
70409,Nc1ccc(F)c(C(=O)N2CC3(CC[C@H]3NC(=O)[C@@H]3[C@H]4CCCC[C@H]43)C2)c1,,,Nc1ccc(F)c(C(=O)N2CC3(CC[C@H]3NC(=O)C3[C@H]4CCCC[C@@H]34)C2)c1,
70429,CN(C[C@H]1[C@@H]2CN(C(=O)CCCC#N)C[C@H]12)C(=O)Cc1coc(C(F)F)n1,,,CN(C[C@@H]1[C@H]2CN(C(=O)CCCC#N)C[C@@H]12)C(=O)Cc1coc(C(F)F)n1,
70483,NC(=O)[C@@H]1[C@H]2CCN(C(=O)[C@@H]3[C@H]4CN(C(=O)c5ncc6ccccn56)C[C@H]43)C[C@H]21,,,NC(=O)C1[C@H]2CCN(C(=O)C3[C@H]4CN(C(=O)c5ncc6ccccn56)C[C@@H]34)C[C@@H]12,
70542,CC(C)Cc1ncccc1NC(=O)C(=O)NC[C@]1(F)C[C@@H](CO)C1,"N'-(((1s,3s)-1-fluoro-3-(hydroxymethyl)cyclobutyl)methyl)-N-(2-(2-methylpropyl)pyridin-3-yl)ethanediamide",,CC(C)Cc1ncccc1NC(=O)C(=O)NC[C@]1(F)C[C@@H](CO)C1,
70576,Cn1cnc(C(=O)NCC2(O)CCN(C(=O)[C@@H]3[C@H]4COC(C)(C)OC[C@H]43)CC2)c1,,,Cn1cnc(C(=O)NCC2(O)CCN(C(=O)C3[C@H]4COC(C)(C)OC[C@@H]34)CC2)c1,
70596,O=C(c1cccc([N+](=O)[O-])c1O)N1C[C@H](NC(=O)[C@H]2C[C@](F)(CO)C2)C2(CC2)C1,"(1s,3S)-3-fluoro-N-((7R)-5-((2-hydroxy-3-nitrophenyl)carbonyl)-5-azaspiro[2.4]heptan-7-yl)-3-(hydroxymethyl)cyclobutanecarboxamide",,O=C(N[C@H]1CN(C(=O)c2cccc([N+](=O)[O-])c2O)CC12CC2)C1CC(F)(CO)C1,
70603,Cc1noc(C)c1[C@H](C)C(=O)N1C[C@H]2[C@H](NC(=O)c3c[nH]c(C#N)c3)[C@H]2C1,"5-cyano-N-((1R,5S,6R)-3-((2S)-2-(3,5-dimethyl-1,2-oxazol-4-yl)propanoyl)-3-azabicyclo[3.1.0]hexan-6-yl)-1H-pyrrole-3-carboxamide",,Cc1noc(C)c1C(C)C(=O)N1C[C@@H]2[C@H](C1)[C@H]2NC(=O)c1c[nH]c(C#N)c1,
70642,C[C@H]1[C@@H](C)[C@@H]1C(=O)NC[C@](C)(NC(=O)CC1(O)CCC1)C1CC1,,,C[C@@H]1C(C(=O)NC[C@](C)(NC(=O)CC2(O)CCC2)C2CC2)[C@@H]1C,
70655,CCCNC(=O)CCC(=O)N1C[C@H]2[C@H](N(C)C(=O)[C@H]3CN4CCCN3CC4)[C@H]2C1,,,CCCNC(=O)CCC(=O)N1C[C@@H]2[C@H](C1)[C@H]2N(C)C(=O)C1CN2CCCN1CC2,
70684,O=C(Cc1ccc(Cl)nc1)N[C@H]1C[C@@H]2CN(C(=O)c3cncs3)C[C@@H]2C1,,,O=C(Cc1ccc(Cl)nc1)N[C@H]1C[C@@H]2CN(C(=O)c3cncs3)C[C@@H]2C1,
70721,CNC(=O)[C@@H]1[C@H]2CN(C(=O)[C@H]3CCCC[C@]3(C)NC(=O)C3CCC3)C[C@H]21,"(1R,5S,6S)-3-(((1S,2S)-2-cyclobutanecarboxamido-2-methylcyclohexyl)carbonyl)-N-methyl-3-azabicyclo[3.1.0]hexane-6-carboxamide",,CNC(=O)C1[C@H]2CN(C(=O)C3CCCC[C@]3(C)NC(=O)C3CCC3)C[C@@H]12,
70722,CC[C@@H](O)[C@H](C)C(=O)NC[C@]1(F)C[C@H](CNC(=O)c2cc(C)cc(OC)c2C)C1,"(2S,3R)-N-(((1r,3S)-1-fluoro-3-((3-methoxy-2,5-dimethylbenzamido)methyl)cyclobutyl)methyl)-3-hydroxy-2-methylpentanamide",,CC[C@@H](O)C(C)C(=O)NC[C@]1(F)C[C@H](CNC(=O)c2cc(C)cc(OC)c2C)C1,
70724,CCN(C(=O)[C@@H]1[C@H]2CCCC[C@H]21)[C@@H]1CCCN(C(=O)C(C)(C)c2cscn2)CC1,,,CCN(C(=O)C1[C@H]2CCCC[C@@H]12)[C@@H]1CCCN(C(=O)C(C)(C)c2cscn2)CC1,
70743,O=C(NC[C@@H]1C[C@]12CC2(F)F)[C@@H]1C[C@@H]2CN(C(=O)c3n[nH]c(O)n3)C[C@@H]2C1,,,O=C(NC[C@@H]1C[C@]12CC2(F)F)C1C[C@@H]2CN(C(=O)c3n[nH]c(=O)[nH]3)C[C@@H]2C1,
70761,C[C@@H]1C[C@@H](N(C)C(=O)C(=O)N[C@H]2CC[C@]3(CC2)CNCCO3)CCO1,"N'-methyl-N'-((2R,4S)-2-methyloxan-4-yl)-N-(1-oxa-4-azaspiro[5.5]undecan-9-yl)ethanediamide",CN(C(C(=O)NC1CCC2(CNCCO2)CC1)=O)[C@@H]1C[C@H](OCC1)C,C[C@@H]1C[C@@H](N(C)C(=O)C(=O)N[C@H]2CC[C@]3(CC2)CNCCO3)CCO1,C[C@@H]1C[C@@H](N(C)C(=O)C(=O)NC2CCC3(CC2)CNCCO3)CCO1
70763,CC1(C)[C@H]2C[C@H](C(=O)NC[C@@H]3COCCN3C(=O)CCc3nc(=N)[nH][nH]3)C[C@H]21,,,CC1(C)[C@@H]2CC(C(=O)NC[C@@H]3COCCN3C(=O)CCc3n[nH]c(N)n3)C[C@@H]21,
70773,C[C@]1(O)C[C@@H](C(=O)N2CC[C@@](CF)(NC(=O)CCOCC3CCC3)C2)C1,"3-(cyclobutylmethoxy)-N-((3R)-3-(fluoromethyl)-1-(((1s,3S)-3-hydroxy-3-methylcyclobutyl)carbonyl)pyrrolidin-3-yl)propanamide",,CC1(O)CC(C(=O)N2CC[C@@](CF)(NC(=O)CCOCC3CCC3)C2)C1,
70790,Cn1cnc2cc(C(=O)NC[C@]3(F)C[C@@H](NC(=O)CC(C)(C)C4CC4)C3)ccc21,"N-(((1s,3s)-3-(3-cyclopropyl-3-methylbutanamido)-1-fluorocyclobutyl)methyl)-1-methyl-1H-benzimidazole-5-carboxamide",,Cn1cnc2cc(C(=O)NC[C@]3(F)C[C@@H](NC(=O)CC(C)(C)C4CC4)C3)ccc21,
70803,C[C@@H]1OCC[C@H]1C(=O)NC[C@]1(F)C[C@H](CNC(=O)c2cccc3occc23)C1,"N-(((1R,3r)-3-fluoro-3-(((2S,3R)-2-methyloxolane-3-carboxamido)methyl)cyclobutyl)methyl)-1-benzofuran-4-carboxamide",,C[C@@H]1OCCC1C(=O)NC[C@]1(F)C[C@H](CNC(=O)c2cccc3occc23)C1,
70871,O=C(C[C@@H]1CCOC1)NC[C@]1(F)C[C@H](NC(=O)C=Cc2cccs2)C1,"N-((1S,3r)-3-fluoro-3-((2-((3S)-oxolan-3-yl)acetamido)methyl)cyclobutyl)-3-(thiophen-2-yl)prop-2-enamide",,O=C(C[C@@H]1CCOC1)NC[C@]1(F)C[C@H](NC(=O)C=Cc2cccs2)C1,
70903,CN(C(=O)[C@@H]1C[C@@H]2CN(C(=O)[C@H]3C[C@H]3C(N)=O)C[C@@H]2C1)C(CF)CF,"(1R,5S,7S)-3-(((1S,2R)-2-carbamoylcyclopropyl)carbonyl)-N-(1,3-difluoropropan-2-yl)-N-methyl-3-azabicyclo[3.3.0]octane-7-carboxamide",,CN(C(=O)C1C[C@@H]2CN(C(=O)C3CC3C(N)=O)C[C@@H]2C1)C(CF)CF,
70905,CO[C@H](C(=O)NC[C@]1(F)CC[C@H](CNC(=O)C(C)(F)F)CC1)C(C)(C)C,"(2S)-N-(((1r,4S)-4-((2,2-difluoropropanamido)methyl)-1-fluorocyclohexyl)methyl)-2-methoxy-3,3-dimethylbutanamide",,COC(C(=O)NC[C@]1(F)CC[C@H](CNC(=O)C(C)(F)F)CC1)C(C)(C)C,
70911,Cc1cc(C(=O)N[C@H]2C[C@@](F)(CNC(=O)c3nocc3C)C2)cc(O)n1,"N-(((1r,3r)-1-fluoro-3-(2-hydroxy-6-methylpyridine-4-carboxamido)cyclobutyl)methyl)-4-methyl-1,2-oxazole-3-carboxamide",,Cc1cc(C(=O)N[C@H]2C[C@@](F)(CNC(=O)c3nocc3C)C2)cc(=O)[nH]1,
71003,Cc1ccc(NC(=O)[C@H]2C[C@@](C)(NC(=O)c3c[nH]c4cccnc34)C2)c(C)c1O,"N-((1s,3s)-3-((3-hydroxy-2,4-dimethylphenyl)carbamoyl)-1-methylcyclobutyl)-1H-pyrrolo[3,2-b]pyridine-3-carboxamide",,Cc1ccc(NC(=O)C2CC(C)(NC(=O)c3c[nH]c4cccnc34)C2)c(C)c1O,
71048,C[C@H](O)CC(=O)N[C@H]1[C@H]2C[C@H](CN(C(=O)[C@H]3C[C@H]4C[C@@H](O)C[C@H](C4)C3)C2)[C@H]1CO,,,C[C@H](O)CC(=O)N[C@H]1[C@H]2C[C@H](CN(C(=O)C3C[C@@H]4C[C@H](O)C[C@H](C3)C4)C2)[C@H]1CO,
71077,C=CCN(C)CCN(CC)C(=O)[C@]1(NC(=O)[C@@H]2CCCCN2C)C[C@@H](O)C1,"(2S)-N-((1s,3R)-1-(ethyl(2-(methyl(prop-2-en-1-yl)amino)ethyl)carbamoyl)-3-hydroxycyclobutyl)-1-methylpiperidine-2-carboxamide",,C=CCN(C)CCN(CC)C(=O)[C@]1(NC(=O)C2CCCCN2C)C[C@@H](O)C1,
71129,CC=CCCC(=O)N[C@H]1C[C@](C)(NC(=O)C[C@](O)(c2ccccc2)C(F)(F)F)C1,"N-((1S,3r)-3-methyl-3-((3S)-4,4,4-trifluoro-3-hydroxy-3-phenylbutanamido)cyclobutyl)hex-4-enamide",,CC=CCCC(=O)N[C@H]1C[C@](C)(NC(=O)C[C@](O)(c2ccccc2)C(F)(F)F)C1,
71289,CC(C)C[C@@](C)(CNC(=O)[C@H]1C[C@](C)(F)C1)NC(=O)c1cccc2cccnc12,"N-((2S)-1-((1r,3S)-3-fluoro-3-methylcyclobutanecarboxamido)-2,4-dimethylpentan-2-yl)quinoline-8-carboxamide",,CC(C)C[C@@](C)(CNC(=O)C1CC(C)(F)C1)NC(=O)c1cccc2cccnc12,
71330,Cc1nc(CC(=O)N[C@H]2C[C@@H]3CN(C(=O)CCc4cccs4)C[C@@H]3C2)n[nH]1,,,Cc1n[nH]c(CC(=O)N[C@H]2C[C@@H]3CN(C(=O)CCc4cccs4)C[C@@H]3C2)n1,
71333,CCN(CCNC(=O)c1cc2nc(F)ccc2o1)C(=O)[C@@H]1[C@H]2[C@@H]3CC[C@@H](C3)[C@H]21,,,CCN(CCNC(=O)c1cc2nc(F)ccc2o1)C(=O)C1[C@@H]2[C@H]3CC[C@H](C3)[C@H]12,
71399,CC(C)[C@@H](C)CC(=O)N[C@@H]1C[C@H]2[C@@H](C1)[C@@H]2NC(=O)CC1(n2cccn2)CC1,,,CC(C)[C@@H](C)CC(=O)N[C@H]1C[C@@H]2[C@H](C1)[C@H]2NC(=O)CC1(n2cccn2)CC1,
71423,CC[C@H](C#N)C(=O)NC[C@]1(F)C[C@@H](NC(=O)COc2cccc(F)c2)C1,"(2R)-2-cyano-N-(((1s,3S)-1-fluoro-3-(2-((3-fluorophenyl)oxy)acetamido)cyclobutyl)methyl)butanamide",,CCC(C#N)C(=O)NC[C@]1(F)C[C@@H](NC(=O)COc2cccc(F)c2)C1,
71451,NC(=O)C(=O)NC[C@]1(F)C[C@H](CNC(=O)[C@@H]2C[C@H]2c2c(F)cccc2Cl)C1,"N'-(((1R,3r)-3-(((1R,2R)-2-(2-chloro-6-fluorophenyl)cyclopropanecarboxamido)methyl)-1-fluorocyclobutyl)methyl)ethanediamide",,NC(=O)C(=O)NC[C@]1(F)C[C@H](CNC(=O)C2C[C@H]2c2c(F)cccc2Cl)C1,
71467,C=C[C@]1(C(=O)N[C@]2(CO)C[C@H](OC)C2)CCN(C(=O)c2cncnc2)C1,"(3R)-3-ethenyl-N-((1s,3S)-1-(hydroxymethyl)-3-methoxycyclobutyl)-1-((pyrimidin-5-yl)carbonyl)pyrrolidine-3-carboxamide",,C=C[C@]1(C(=O)N[C@]2(CO)C[C@H](OC)C2)CCN(C(=O)c2cncnc2)C1,
71675,Cc1nn(-c2ccc(Cl)cc2)c(C)c1C(=O)N1C[C@H]2[C@@H](C1)[C@@H]2C(F)F,,,Cc1nn(-c2ccc(Cl)cc2)c(C)c1C(=O)N1C[C@@H]2[C@H](C1)[C@H]2C(F)F,
71751,Cc1n[nH]cc1C(=O)N[C@H]1C[C@@H]2CN(c3ncnn4cc(Br)cc34)C[C@@H]2C1,,,Cc1[nH]ncc1C(=O)N[C@H]1C[C@@H]2CN(c3ncnn4cc(Br)cc34)C[C@@H]2C1,
71831,CCC(CC)(CO)C(=O)N1C[C@H]2C[C@@H](CN(C(=O)[C@@H]3[C@H]4CCCCC[C@H]43)C2)C1,,,CCC(CC)(CO)C(=O)N1C[C@H]2C[C@@H](CN(C(=O)C3[C@H]4CCCCC[C@@H]34)C2)C1,
71833,CCC[C@H](C)CN(C)c1nc(=N[C@H]2C[C@H]3COC[C@H](C3)C2)[nH]c2c1COC2,,,CCC[C@H](C)CN(C)c1nc(N[C@@H]2C[C@@H]3COC[C@@H](C3)C2)nc2c1COC2,
71862,Cc1cc(NC(=O)[C@H]2[C@H]3CN(Cc4ccncc4O)C[C@H]32)ccc1I,,,Cc1cc(NC(=O)C2[C@H]3CN(Cc4ccncc4O)C[C@@H]23)ccc1I,
71877,CCCc1nc(C(=O)NC[C@H]2[C@@H]3CN(C(=O)c4ccc(C(C)(C)C)[nH]4)C[C@H]23)cs1,,,CCCc1nc(C(=O)NC[C@@H]2[C@H]3CN(C(=O)c4ccc(C(C)(C)C)[nH]4)C[C@@H]23)cs1,
71896,COc1cc(NC(=O)CN2C[C@H]3[C@H](NC(=O)C(=O)C(C)(C)C)[C@H]3C2)cc(OC)c1,,,COc1cc(NC(=O)CN2C[C@@H]3[C@H](C2)[C@H]3NC(=O)C(=O)C(C)(C)C)cc(OC)c1,
71923,CCC[C@H]1CN(C(=O)[C@@H]2[C@H]3COC[C@H]32)CCN1C(=O)[C@H]1CC[C@H](C)CC1,,,CCC[C@H]1CN(C(=O)C2[C@H]3COC[C@@H]23)CCN1C(=O)C1CCC(C)CC1,
72028,CN(CCNC(=O)CSc1ccc(S(N)(=O)=O)cc1)C(=O)[C@@H]1[C@H]2COC[C@H]21,,,CN(CCNC(=O)CSc1ccc(S(N)(=O)=O)cc1)C(=O)C1[C@H]2COC[C@@H]12,
72074,CC(C)C(=O)NC1=CC=C(Cl)C(C(=O)NC[C@H](C)CNC(=O)[C@@H]2C[C@@H]3C[C@@H]3C2)=C1,,,CC(C)C(=O)Nc1ccc(Cl)c(C(=O)NC[C@H](C)CNC(=O)C2C[C@@H]3C[C@@H]3C2)c1,
72166,Nc1c(O)ccc(Cl)c1C(=O)N[C@H]1C[C@](F)(CNC(=O)C2=CS(=O)(=O)CCC2)C1,"N-(((1s,3s)-3-(2-amino-6-chloro-3-hydroxybenzamido)-1-fluorocyclobutyl)methyl)-1,1-dioxo-2H,3H,4H-1lambda^6-thiopyran-5-carboxamide",,Nc1c(O)ccc(Cl)c1C(=O)N[C@H]1C[C@](F)(CNC(=O)C2=CS(=O)(=O)CCC2)C1,
72186,C#CC1=CC=C(CCC(=O)N(C)[C@H]2[C@@H]3CN(C(=O)C=C4CCCCC4)C[C@@H]32)C=C1,,,C#Cc1ccc(CCC(=O)N(C)[C@H]2[C@@H]3CN(C(=O)C=C4CCCCC4)C[C@@H]32)cc1,
72228,O=C(Cn1nccn1)N[C@H]1[C@@H]2CN(C(=O)c3cnn4c3OCC4)C[C@@H]21,,,O=C(Cn1nccn1)N[C@H]1[C@@H]2CN(C(=O)c3cnn4c3OCC4)C[C@@H]21,
72259,COCCCCCC(=O)N1CC[C@](CNC(=O)[C@@H]2C[C@H](OC)[C@H](OC)C2)(OC)C1,,,COCCCCCC(=O)N1CC[C@](CNC(=O)C2C[C@H](OC)[C@H](OC)C2)(OC)C1,
72273,C#Cc1ccc(C(=O)NC[C@@H](CNC(=O)[C@H]2C[C@](OC)(C(F)(F)F)C2)OC)cc1,"4-ethynyl-N-((2R)-2-methoxy-3-((1s,3S)-3-methoxy-3-(trifluoromethyl)cyclobutanecarboxamido)propyl)benzamide",,C#Cc1ccc(C(=O)NC[C@@H](CNC(=O)C2CC(OC)(C(F)(F)F)C2)OC)cc1,
72313,O=C(N[C@@H]1C=CCN(C(=O)[C@@H]2CC[C@H]3C[C@H]3CC2)C1)[C@@H](c1ccccc1)C1CC1,,,O=C(N[C@@H]1C=CCN(C(=O)C2CC[C@@H]3C[C@@H]3CC2)C1)C(c1ccccc1)C1CC1,
72330,CC(C)c1nccc(C(=O)N[C@]2(C)C[C@@H](NC(=O)[C@H]3CCCN(C(C)C)C3)C2)n1,"N-((1S,3r)-1-methyl-3-((3S)-1-(propan-2-yl)piperidine-3-carboxamido)cyclobutyl)-2-(propan-2-yl)pyrimidine-4-carboxamide",,CC(C)c1nccc(C(=O)N[C@]2(C)C[C@@H](NC(=O)C3CCCN(C(C)C)C3)C2)n1,
72423,CN(C)CCC1(C(=O)NCCCC(=O)NC[C@@H]2[C@H]3CCCCC[C@H]32)CC1,,,CN(C)CCC1(C(=O)NCCCC(=O)NC[C@H]2[C@@H]3CCCCC[C@@H]32)CC1,
72466,CCO[C@@H](C(=O)N[C@H]1C[C@@H]2CN(C(=O)c3cnc(CC)nc3O)C[C@@H]2C1)C(C)C,,,CCOC(C(=O)N[C@H]1C[C@@H]2CN(C(=O)c3c[nH]c(CC)nc3=O)C[C@@H]2C1)C(C)C,
72542,CN(C)C(=O)CNC(=O)C[C@H]1[C@H]2CCC[C@H]2N1C(=O)[C@H]1C[C@@H]2C[C@@H]2C1,,,CN(C)C(=O)CNC(=O)C[C@H]1[C@H]2CCC[C@H]2N1C(=O)C1C[C@@H]2C[C@@H]2C1,
72601,C#CCCOCC(=O)NC[C@]1(F)C[C@H](CNC(=O)C2(C#N)CC2)C1,"2-((but-3-yn-1-yl)oxy)-N-(((1r,3r)-3-((1-cyanocyclopropanecarboxamido)methyl)-1-fluorocyclobutyl)methyl)acetamide",,C#CCCOCC(=O)NC[C@]1(F)C[C@H](CNC(=O)C2(C#N)CC2)C1,
72683,CC1(C(=O)NC[C@H]2N(C(=O)[C@H]3C[C@@](C)(O)C3)CCCC2(C)C)CCCCCCC1,"N-(((2S)-1-(((1s,3R)-3-hydroxy-3-methylcyclobutyl)carbonyl)-3,3-dimethylpiperidin-2-yl)methyl)-1-methylcyclooctanecarboxamide",,CC1(O)CC(C(=O)N2CCCC(C)(C)[C@H]2CNC(=O)C2(C)CCCCCCC2)C1,
72696,C[C@H](CC(=O)N1CC[C@@H]1CC(=O)N1[C@H]2CC[C@@H]1C[C@@H](F)C2)CN(C)C,"(3R)-4-(dimethylamino)-1-((2R)-2-(2-((1R,3S,5S)-3-fluoro-8-azabicyclo[3.2.1]octan-8-yl)-2-oxoethyl)azetidin-1-yl)-3-methylbutan-1-one",,C[C@H](CC(=O)N1CC[C@@H]1CC(=O)N1[C@@H]2CC[C@H]1C[C@H](F)C2)CN(C)C,
72734,Cc1sc(=O)n(CC(=O)N[C@H](C)CN(C)C(=O)[C@@H]2[C@H]3CCC[C@H]32)c1C,,,Cc1sc(=O)n(CC(=O)N[C@H](C)CN(C)C(=O)C2[C@H]3CCC[C@@H]23)c1C,
72762,CCC[C@H](C(=O)O)C(=O)N[C@H]1C[C@](O)(c2ccc(F)cc2)C1,"(2S)-2-(((1s,3R)-3-(4-fluorophenyl)-3-hydroxycyclobutyl)carbamoyl)pentanoic acid",,CCCC(C(=O)O)C(=O)N[C@H]1C[C@](O)(c2ccc(F)cc2)C1,
72788,C[C@]1(NC(=O)[C@H]2CCCS2(=O)=O)C[C@@H](NC(=O)CCCC2CCC2)C1,"(2R)-N-((1s,3S)-3-(4-cyclobutylbutanamido)-1-methylcyclobutyl)-1,1-dioxo-1lambda^6-thiolane-2-carboxamide",,C[C@]1(NC(=O)C2CCCS2(=O)=O)C[C@@H](NC(=O)CCCC2CCC2)C1,
72811,O=C(NC[C@H]1C[C@@H]2CC[C@H](C1)N2C(=O)C[C@@H]1CCCO1)c1sncc1Br,"4-bromo-N-(((1R,3R,5S)-8-(2-((2S)-oxolan-2-yl)acetyl)-8-azabicyclo[3.2.1]octan-3-yl)methyl)-1,2-thiazole-5-carboxamide",,O=C(NC[C@@H]1C[C@H]2CC[C@@H](C1)N2C(=O)C[C@@H]1CCCO1)c1sncc1Br,
72812,O=C(NC[C@]1(O)CCN(C(=O)C(F)(F)C2(O)CCC2)C1)[C@H]1C[C@H]2COC[C@H](C2)C1,,,O=C(NC[C@]1(O)CCN(C(=O)C(F)(F)C2(O)CCC2)C1)C1C[C@H]2COC[C@@H](C1)C2,
72836,COc1nc(C(=O)N2[C@H]3CC[C@@H]2C[C@@H](CNC(=O)CCc2ncc[nH]2)C3)co1,,,COc1nc(C(=O)N2[C@@H]3CC[C@H]2C[C@H](CNC(=O)CCc2ncc[nH]2)C3)co1,
72838,COC[C@@]1(C(=O)N[C@H]2C[C@@H]3CN(C(=O)c4cnn(C)c4C#N)C[C@@H]3C2)C=CCC1,,,COC[C@@]1(C(=O)N[C@H]2C[C@@H]3CN(C(=O)c4cnn(C)c4C#N)C[C@@H]3C2)C=CCC1,
72892,C[C@H](CN(C)C(=O)[C@H]1CC[C@@](C)(O)CC1)NC(=O)[C@H](F)c1ccccc1,"(1s,4S)-N-((2R)-2-((2R)-2-fluoro-2-phenylacetamido)propyl)-4-hydroxy-N,4-dimethylcyclohexanecarboxamide",,C[C@H](CN(C)C(=O)C1CCC(C)(O)CC1)NC(=O)C(F)c1ccccc1,
72969,Cc1cc(C(=O)N(C)[C@H]2[C@@H]3CN(C(=O)c4ccc(Cl)cc4)C[C@@H]32)cnc1C,,,Cc1cc(C(=O)N(C)[C@H]2[C@@H]3CN(C(=O)c4ccc(Cl)cc4)C[C@@H]32)cnc1C,
72983,C=CC(C)(C)CC(=O)N1[C@H]2CC[C@@H]1C[C@@H](CNC(=O)c1cc(C(C)(C)C)on1)C2,,,C=CC(C)(C)CC(=O)N1[C@@H]2CC[C@H]1C[C@H](CNC(=O)c1cc(C(C)(C)C)on1)C2,
73027,CCN(C)C[C@H]1CCN(C(=O)/C(C)=C/CNC(=O)[C@]2(C)C[C@@H]3C[C@@H]3C2)C1,,,CCN(C)C[C@H]1CCN(C(=O)/C(C)=C/CNC(=O)[C@@]2(C)C[C@H]3C[C@H]3C2)C1,
73065,CCNC(=O)C(=O)N1CCC(C)(NC(=O)[C@@H]2[C@H]3COC[C@H]32)C1,,,CCNC(=O)C(=O)N1CCC(C)(NC(=O)C2[C@H]3COC[C@@H]23)C1,
73164,Cc1ccc(SCC(=O)N2C[C@H]3[C@H](CNC(=O)CCN4CCCC4)[C@H]3C2)c(C)c1,,,Cc1ccc(SCC(=O)N2C[C@@H]3[C@@H](CNC(=O)CCN4CCCC4)[C@@H]3C2)c(C)c1,
73184,C#C[C@]1(O)C[C@@H](C(=O)N[C@@]23CCN(C(=O)c4cnc(N(C)C)c(Cl)c4)C[C@H]2C3)C1,"(1s,3R)-N-((1R,6S)-3-((5-chloro-6-(dimethylamino)pyridin-3-yl)carbonyl)-3-azabicyclo[4.1.0]heptan-6-yl)-3-ethynyl-3-hydroxycyclobutanecarboxamide",,C#CC1(O)CC(C(=O)N[C@@]23CCN(C(=O)c4cnc(N(C)C)c(Cl)c4)C[C@H]2C3)C1,
73219,C[C@@](O)(CCO)CNC(=O)CCOC1CN(C(=O)[C@@H]2[C@H]3CC(=O)C[C@H]32)C1,,,C[C@@](O)(CCO)CNC(=O)CCOC1CN(C(=O)C2[C@H]3CC(=O)C[C@@H]23)C1,
73292,O=C1C[C@H]2[C@@H](C1)[C@@H]2C(=O)NCc1c[nH]nc1C(=O)NC[C@]1(CO)CC12CCC2,,,O=C1C[C@@H]2C(C(=O)NCc3c[nH]nc3C(=O)NC[C@]3(CO)CC34CCC4)[C@@H]2C1,
73296,C[C@H]1CCN(C(=O)[C@@H]2[C@H]3CN(C)C[C@H]32)C[C@@H]1NC(=O)CSc1nc[nH]n1,,,C[C@H]1CCN(C(=O)C2[C@H]3CN(C)C[C@@H]23)C[C@@H]1NC(=O)CSc1nc[nH]n1,
73442,COc1ccc(C(=O)N[C@H]2[C@@H]3CN(C(=O)c4cc(Cl)c(O)c(Cl)c4)C[C@@H]32)c(F)c1,,,COc1ccc(C(=O)N[C@H]2[C@@H]3CN(C(=O)c4cc(Cl)c(O)c(Cl)c4)C[C@@H]32)c(F)c1,
73504,Cc1ccc(-n2nc([C@H]3CCCO3)nc2[C@H]2C[C@](C)(F)C2)cc1Cl,"1-(3-chloro-4-methylphenyl)-5-((1r,3R)-3-fluoro-3-methylcyclobutyl)-3-((2R)-oxolan-2-yl)-1H-1,2,4-triazole",,Cc1ccc(-n2nc([C@H]3CCCO3)nc2[C@H]2C[C@](C)(F)C2)cc1Cl,
73512,CNC(=O)[C@@H]1[C@H]2CN(C(=O)CCOC3CN(C(=O)C4(C(C)C)CC4)C3)C[C@H]21,,,CNC(=O)C1[C@H]2CN(C(=O)CCOC3CN(C(=O)C4(C(C)C)CC4)C3)C[C@@H]12,
73528,CCc1c[nH]nc1C(=O)NCC(=O)NCC(=O)N[C@H]1C[C@H](O)[C@H](O)C1,,,CCc1c[nH]nc1C(=O)NCC(=O)NCC(=O)N[C@@H]1C[C@@H](O)[C@@H](O)C1,
73614,Cn1ncc(Br)c1C(=O)N1C[C@H]2[C@H](NC(=O)C3=Cc4ccccc4[C@@H]3O)[C@H]2C1,,,Cn1ncc(Br)c1C(=O)N1C[C@@H]2[C@H](C1)[C@H]2NC(=O)C1=Cc2ccccc2[C@@H]1O,
73623,O=C(CN1CCCCC1)N[C@H]1[C@@H]2CN(C(=O)c3ncn4ccccc34)C[C@@H]21,,,O=C(CN1CCCCC1)N[C@H]1[C@@H]2CN(C(=O)c3ncn4ccccc34)C[C@@H]21,
73627,C=CCOCC(=O)NC[C@H]1C[C@](F)(CNC(=O)C[C@H](OCC)C(=C)C)C1,"(3S)-3-ethoxy-N-(((1s,3R)-1-fluoro-3-((2-((prop-2-en-1-yl)oxy)acetamido)methyl)cyclobutyl)methyl)-4-methylpent-4-enamide",,C=CCOCC(=O)NC[C@H]1C[C@](F)(CNC(=O)C[C@H](OCC)C(=C)C)C1,
73694,CO[C@H]1C[C@@H](C(=O)NCCCC[C@@H](CO)NC(=O)C(C)(C)C2CCC2)C[C@H]1OC,,,CO[C@H]1CC(C(=O)NCCCC[C@@H](CO)NC(=O)C(C)(C)C2CCC2)C[C@H]1OC,
73734,CC[C@@H]1[C@@H](CC(=O)N[C@H]2[C@@H]3CN(C(=O)c4cc5ccc(C)cc5[nH]4)C[C@@H]32)C1(F)F,,,CC[C@@H]1[C@@H](CC(=O)N[C@H]2[C@@H]3CN(C(=O)c4cc5ccc(C)cc5[nH]4)C[C@@H]32)C1(F)F,
73764,CC(C)(C)c1ncc(C(=O)N[C@H]2[C@@H]3CN(C(=O)c4coc(C(C)(C)C)n4)C[C@@H]32)[nH]1,,,CC(C)(C)c1nc(C(=O)N[C@H]2[C@@H]3CN(C(=O)c4coc(C(C)(C)C)n4)C[C@@H]32)c[nH]1,
73774,CC(C)(C)CC[C@]1(O)C[C@@H](C(=O)N2C[C@H](NC(=O)C[C@@H]3C=CCC3)C3(CC3)C2)C1,"2-((1R)-cyclopent-2-en-1-yl)-N-((7R)-5-(((1r,3S)-3-(3,3-dimethylbutyl)-3-hydroxycyclobutyl)carbonyl)-5-azaspiro[2.4]heptan-7-yl)acetamide",,CC(C)(C)CCC1(O)CC(C(=O)N2C[C@H](NC(=O)C[C@@H]3C=CCC3)C3(CC3)C2)C1,
73781,Cc1nocc1C(=O)N1C[C@H]2[C@H](NC(=O)C3CC(C4CCCC4)C3)[C@H]2C1,,,Cc1nocc1C(=O)N1C[C@@H]2[C@H](C1)[C@H]2NC(=O)C1CC(C2CCCC2)C1,
73783,N#C[C@H]1C[C@@H](C(=O)NC[C@H]2[C@@H]3CN(C(=O)[C@@]4(C5CCOCC5)CC4(F)F)C[C@H]23)C1,"cis-3-cyano-N-(((1R,5S,6S)-3-(((1S)-2,2-difluoro-1-(oxan-4-yl)cyclopropyl)carbonyl)-3-azabicyclo[3.1.0]hexan-6-yl)methyl)cyclobutanecarboxamide",,N#CC1CC(C(=O)NC[C@@H]2[C@H]3CN(C(=O)[C@@]4(C5CCOCC5)CC4(F)F)C[C@@H]23)C1,
73792,CCC1=NO[C@@H](CC(=O)N[C@@H]2[C@H]3C[C@H](NC(=O)c4cncs4)C[C@H]32)C1,,,CCC1=NO[C@@H](CC(=O)N[C@H]2[C@@H]3C[C@@H](NC(=O)c4cncs4)C[C@@H]32)C1,
73795,Cc1ccc2ccc(C(=O)N3[C@H]4CC[C@@H]3C[C@@H](NC(=O)C3(CO)CC3)C4)nc2c1,,,Cc1ccc2ccc(C(=O)N3[C@@H]4CC[C@H]3C[C@H](NC(=O)C3(CO)CC3)C4)nc2c1,
73914,CCCCn1cc(C(=O)N[C@H]2C[C@@](C)(NC(=O)C3(C4CCC4)CC3)C2)nn1,"1-butyl-N-((1s,3s)-3-(1-cyclobutylcyclopropanecarboxamido)-3-methylcyclobutyl)-1H-1,2,3-triazole-4-carboxamide",,CCCCn1cc(C(=O)N[C@H]2C[C@@](C)(NC(=O)C3(C4CCC4)CC3)C2)nn1,
74029,CCc1nnc(N2C[C@H]3C[C@H](NC(=O)CC4(OC)CC4)C[C@H]3C2)s1,,,CCc1nnc(N2C[C@H]3C[C@H](NC(=O)CC4(OC)CC4)C[C@H]3C2)s1,
74036,NC(=O)c1cccc(CC(=O)N[C@@H]2C[C@@H]2CNC(=O)[C@@H]2C[C@H]3CCC[C@H](C3)C2)c1,,,NC(=O)c1cccc(CC(=O)N[C@@H]2C[C@@H]2CNC(=O)C2C[C@H]3CCC[C@@H](C2)C3)c1,
74050,C[C@@H](/C=C/c1ccccc1)C(=O)N[C@H](C)CCN(C)C(=O)[C@H]1CC[C@@](C)(F)CC1,"(2S,3E)-2-methyl-N-((2R)-4-(N-methyl(1s,4S)-4-fluoro-4-methylcyclohexanecarboxamido)butan-2-yl)-4-phenylbut-3-enamide",,CC(/C=C/c1ccccc1)C(=O)N[C@H](C)CCN(C)C(=O)C1CCC(C)(F)CC1,
74067,CCc1ccc(OC)cc1C(=O)N[C@H]1C[C@](C)(NC(=O)CS(=O)(=O)CCOC)C1,"2-ethyl-5-methoxy-N-((1r,3r)-3-(2-((2-methoxyethyl)sulfonyl)acetamido)-3-methylcyclobutyl)benzamide",,CCc1ccc(OC)cc1C(=O)N[C@H]1C[C@](C)(NC(=O)CS(=O)(=O)CCOC)C1,
74207,CC1(C)CN(C(=O)[C@H]2C[C@@H]3CC[C@H](C2)[C@@H]3O)CC[C@@H]1NC(=O)CCCC1CCC1,,,CC1(C)CN(C(=O)C2C[C@H]3CC[C@@H](C2)[C@H]3O)CC[C@@H]1NC(=O)CCCC1CCC1,
74229,CC[C@@H]1CCN(C(=O)c2[nH]cnc2C)[C@H]1CNC(=O)[C@H]1C[C@@H]2C[C@@H]2C1,,,CC[C@@H]1CCN(C(=O)c2[nH]cnc2C)[C@H]1CNC(=O)C1C[C@@H]2C[C@@H]2C1,
74295,CN(C)CCCC(=O)N1C[C@H]2[C@H](Nc3nc4cccc(F)c4o3)[C@H]2C1,,,CN(C)CCCC(=O)N1C[C@@H]2[C@H](C1)[C@H]2Nc1nc2cccc(F)c2o1,
74349,CCC1=C(C(=O)N[C@@H]2CCC[C@@H](NC(=O)[C@H]3CC[C@](C)(O)CC3)C2)CCCO1,"6-ethyl-N-((1R,3R)-3-((1r,4R)-4-hydroxy-4-methylcyclohexanecarboxamido)cyclohexyl)-3,4-dihydro-2H-pyran-5-carboxamide",,CCC1=C(C(=O)N[C@@H]2CCC[C@@H](NC(=O)C3CCC(C)(O)CC3)C2)CCCO1,
74390,Cc1csc(Cl)c1C(=O)N1C[C@H]2[C@H](CN(C)C(=O)[C@H](C(C)C)N(C)C)[C@H]2C1,,,Cc1csc(Cl)c1C(=O)N1C[C@@H]2[C@@H](CN(C)C(=O)C(C(C)C)N(C)C)[C@@H]2C1,
74429,COC[C@H](O)C(=O)N1C[C@H]2[C@H](NC(=O)c3cccc(OC(C)C)n3)[C@H]2C1,"N-((1R,5S,6R)-3-((2S)-2-hydroxy-3-methoxypropanoyl)-3-azabicyclo[3.1.0]hexan-6-yl)-6-isopropoxypyridine-2-carboxamide",,COCC(O)C(=O)N1C[C@@H]2[C@H](C1)[C@H]2NC(=O)c1cccc(OC(C)C)n1,
74430,COC(=O)CC(=O)N[C@H]1[C@@H]2CN(C(=O)C3=C(Cl)SC=C3)C[C@@H]21,,,COC(=O)CC(=O)N[C@H]1[C@@H]2CN(C(=O)c3ccsc3Cl)C[C@@H]21,
74491,C[C@H]1CNCCN1C(=O)[C@H]1[C@H]2CN(C(=O)Cc3ccn(C)n3)C[C@H]21,,,C[C@H]1CNCCN1C(=O)C1[C@H]2CN(C(=O)Cc3ccn(C)n3)C[C@@H]12,
74547,CC(=Cc1ccccn1)C(=O)N1CC[C@H]2CCN(C(=O)[C@H]3C[C@@](C)(O)C3)C[C@@H]21,"1-((1R,6R)-3-(((1s,3S)-3-hydroxy-3-methylcyclobutyl)carbonyl)-3,9-diazabicyclo[4.3.0]nonan-9-yl)-2-methyl-3-(pyridin-2-yl)prop-2-en-1-one",,CC(=Cc1ccccn1)C(=O)N1CC[C@H]2CCN(C(=O)C3CC(C)(O)C3)C[C@@H]21,
74573,O=C(CSC(F)F)NC[C@H]1C[C@@](F)(CNC(=O)c2cnc3nccn3c2)C1,"2-((difluoromethyl)sulfanyl)-N-(((1r,3r)-3-fluoro-3-((imidazo[1,2-a]pyrimidine-6-carboxamido)methyl)cyclobutyl)methyl)acetamide",,O=C(CSC(F)F)NC[C@H]1C[C@@](F)(CNC(=O)c2cnc3nccn3c2)C1,
74581,CC(=O)N[C@](C)(C(=O)NC[C@]1(F)C[C@@H](CNC(=O)C[C@@H]2CCNC2=O)C1)C(C)C,"(2S)-2-acetamido-N-(((1R,3R)-1-fluoro-3-((2-((3S)-2-oxopyrrolidin-3-yl)acetamido)methyl)cyclobutyl)methyl)-2,3-dimethylbutanamide",,CC(=O)N[C@](C)(C(=O)NC[C@]1(F)C[C@@H](CNC(=O)CC2CCNC2=O)C1)C(C)C,
74586,C[C@H]1CC[C@H](C(=O)N[C@@H]2Cc3ccccc3N(C(=O)[C@@H]3[C@H]4CCC[C@H]43)C2)CC1,,,CC1CCC(C(=O)N[C@@H]2Cc3ccccc3N(C(=O)C3[C@H]4CCC[C@@H]34)C2)CC1,
74592,O=C(CCCc1cccnc1)N[C@@H]1COC[C@H]1CNC(=O)[C@@H]1[C@H]2[C@@H]3CC[C@@H](C3)[C@H]21,,,O=C(CCCc1cccnc1)N[C@@H]1COC[C@H]1CNC(=O)C1[C@@H]2[C@H]3CC[C@H](C3)[C@H]12,
74606,COc1cnc(C(=O)NC[C@H]2C[C@@H]3CC[C@H](C2)N3C(=O)C2(CSC)CC2)c(F)c1,,,COc1cnc(C(=O)NC[C@@H]2C[C@H]3CC[C@@H](C2)N3C(=O)C2(CSC)CC2)c(F)c1,
74642,CSCCCNC(=O)[C@@H](c1cnc2ccsc2c1)N1C[C@H]2[C@@H](C1)[C@@H]2C(F)(F)F,"(2R)-N-(3-(methylsulfanyl)propyl)-2-(7-thia-2-azabicyclo[4.3.0]nona-1,3,5,8-tetraen-4-yl)-2-((1R,5S,6R)-6-(trifluoromethyl)-3-azabicyclo[3.1.0]hexan-3-yl)acetamide",,CSCCCNC(=O)C(c1cnc2ccsc2c1)N1C[C@@H]2[C@H](C1)[C@H]2C(F)(F)F,
74704,C[C@@H]1C[C@H](NC(=O)c2conc2CNC(=O)[C@H]2C[C@@H]3C[C@@H]3C2)C(=O)O1,,,C[C@@H]1CC(NC(=O)c2conc2CNC(=O)C2C[C@@H]3C[C@@H]3C2)C(=O)O1,
74720,CC(C)N(C)CCCC(=O)N1[C@H]2CC[C@@H]1C[C@H](NC(=O)[C@@H]1COCCN1C)C2,,,CC(C)N(C)CCCC(=O)N1[C@@H]2CC[C@H]1C[C@@H](NC(=O)C1COCCN1C)C2,
74730,CC(C)(NC(=O)[C@H](CNC(=O)[C@H]1C[C@@H]2CC[C@@H]2C1)CC1CC1)[C@H]1CCOC1,,,CC(C)(NC(=O)C(CNC(=O)C1C[C@H]2CC[C@H]2C1)CC1CC1)[C@H]1CCOC1,
74781,CN(C)C1CC(CC(=O)N[C@@H]2C[C@H]3[C@@H](C2)[C@@H]3NC(=O)c2cc[nH]c(=N)c2)C1,,,CN(C)C1CC(CC(=O)N[C@H]2C[C@@H]3[C@H](C2)[C@H]3NC(=O)c2ccnc(N)c2)C1,
74787,Cc1c(Br)ccc(C(=O)N[C@@H]2[C@H]3CC[C@@H]2CN(C(=O)C2(O)CCOCC2)C3)c1C,,,Cc1c(Br)ccc(C(=O)N[C@H]2[C@@H]3CC[C@H]2CN(C(=O)C2(O)CCOCC2)C3)c1C,
74796,Cc1ccc(C)c(C(=O)N2CCCC[C@]23C[C@H](NC(=O)COC(F)F)C3)c1,"2-((difluoromethyl)oxy)-N-(5-((2,5-dimethylphenyl)carbonyl)-5-azaspiro[3.5]nonan-2-yl)acetamide",FC(OCC(=O)NC1CC2(C1)N(CCCC2)C(=O)C2=C(C=CC(=C2)C)C)F,Cc1ccc(C)c(C(=O)N2CCCC[C@]23C[C@H](NC(=O)COC(F)F)C3)c1,Cc1ccc(C)c(C(=O)N2CCCCC23CC(NC(=O)COC(F)F)C3)c1
74936,Cc1cc([C@H](C)N(C)C(=O)[C@@H]2[C@H]3CN(C(=O)COC(C)C)C[C@H]32)no1,,,Cc1cc([C@H](C)N(C)C(=O)C2[C@H]3CN(C(=O)COC(C)C)C[C@@H]23)no1,
74943,CCc1c[nH]c(C(=O)N2C[C@H]3[C@H](N(C)C(=O)c4ccn([C@H]5CC5(F)F)n4)[C@H]3C2)c1,,,CCc1c[nH]c(C(=O)N2C[C@@H]3[C@H](C2)[C@H]3N(C)C(=O)c2ccn([C@H]3CC3(F)F)n2)c1,
74956,C=CCSCC(=O)N1[C@H]2CC[C@@H]1C[C@H](CNC(=O)CCc1nc(C)c(C)[nH]1)C2,,,C=CCSCC(=O)N1[C@@H]2CC[C@H]1C[C@@H](CNC(=O)CCc1nc(C)c(C)[nH]1)C2,
74981,CCC[C@H](CNC(=O)CC(C)=C(C)C)C(=O)N[C@H]1C[C@@H]2C[C@@H]2C1,,,CCCC(CNC(=O)CC(C)=C(C)C)C(=O)N[C@H]1C[C@@H]2C[C@@H]2C1,
75012,C#CC[C@]1(O)C[C@@H](C(=O)N[C@H]2[C@H]3C[C@@H]4[C@H]2[C@@H]4[C@@H]3C(=O)N[C@@H](C)C(C)(C)CO)C1,"(1S,2R,3S,4S,5S,6S)-N-((2S)-4-hydroxy-3,3-dimethylbutan-2-yl)-5-((1s,3R)-3-hydroxy-3-(prop-2-yn-1-yl)cyclobutanecarboxamido)tricyclo[2.2.1.0^{2,6}]heptane-3-carboxamide",,C#CCC1(O)CC(C(=O)N[C@@H]2[C@H]3[C@H]4C[C@H]2C(C(=O)N[C@@H](C)C(C)(C)CO)[C@H]43)C1,
75084,C[C@@H](NC(C)(C)C)C(=O)N[C@H]1C[C@@](C)(NC(=O)CCc2cccc([N+](=O)[O-])c2)C1,"(2R)-2-((tert-butyl)amino)-N-((1s,3S)-3-methyl-3-(3-(3-nitrophenyl)propanamido)cyclobutyl)propanamide",,CC(NC(C)(C)C)C(=O)N[C@H]1C[C@@](C)(NC(=O)CCc2cccc([N+](=O)[O-])c2)C1,
75091,NC(=O)C(=O)NC[C@]1(F)C[C@@H](NC(=O)CCSc2cc(F)ccc2F)C1,"N'-(((1s,3s)-3-(3-((2,5-difluorophenyl)sulfanyl)propanamido)-1-fluorocyclobutyl)methyl)ethanediamide",,NC(=O)C(=O)NC[C@]1(F)C[C@@H](NC(=O)CCSc2cc(F)ccc2F)C1,
75111,Cn1nnc(C(=O)N[C@H]2[C@@H]3CN(C(=O)Cc4ccno4)C[C@@H]32)n1,,,Cn1nnc(C(=O)N[C@H]2[C@@H]3CN(C(=O)Cc4ccno4)C[C@@H]32)n1,
75128,COCC[C@@H](C)C(=O)N[C@H]1C[C@](F)(CNC(=O)c2c(O)nnc3c2CCC3)C1,"(2R)-N-((1s,3S)-3-fluoro-3-((4-hydroxy-2,3-diazabicyclo[4.3.0]nona-1(6),2,4-triene-5-carboxamido)methyl)cyclobutyl)-4-methoxy-2-methylbutanamide",,COCCC(C)C(=O)N[C@H]1C[C@](F)(CNC(=O)c2c3c(n[nH]c2=O)CCC3)C1,
75141,CCC1(C(=O)NC[C@]2(F)C[C@@H](NC(=O)CCc3ccnn3C)C2)CCCCC1,"1-ethyl-N-(((1s,3s)-1-fluoro-3-(3-(1-methyl-1H-pyrazol-5-yl)propanamido)cyclobutyl)methyl)cyclohexanecarboxamide",,CCC1(C(=O)NC[C@]2(F)C[C@@H](NC(=O)CCc3ccnn3C)C2)CCCCC1,
75180,CCCCC1(C(=O)NC2CC(CNC(=O)[C@@H]3C[C@H](C)O[C@H](C)C3)C2)CC1,,,CCCCC1(C(=O)NC2CC(CNC(=O)C3C[C@@H](C)O[C@@H](C)C3)C2)CC1,
75195,CCCCC1(C(=O)N2[C@H]3CC[C@@H]2C[C@@H](CNC(=O)[C@@H](C)CS(C)(=O)=O)C3)CCC1,,,CCCCC1(C(=O)N2[C@@H]3CC[C@H]2C[C@H](CNC(=O)C(C)CS(C)(=O)=O)C3)CCC1,
75300,CCc1cnoc1C(=O)N[C@@H]1C[C@@H]1CNC(=O)[C@H]1C[C@@H]2CC[C@H](C1)[C@H]2O,,,CCc1cnoc1C(=O)N[C@@H]1C[C@@H]1CNC(=O)C1C[C@H]2CC[C@@H](C1)[C@@H]2O,
75328,CCn1ccnc1C=CC(=O)N[C@H]1C[C@](C)(NC(=O)CCOCCCOC)C1,"3-(1-ethyl-1H-imidazol-2-yl)-N-((1r,3r)-3-(3-((3-methoxypropyl)oxy)propanamido)-3-methylcyclobutyl)prop-2-enamide",,CCn1ccnc1C=CC(=O)N[C@H]1C[C@](C)(NC(=O)CCOCCCOC)C1,
75494,Cc1coc(C)c1C(=O)N1CCCC[C@]12C[C@H](NC(=O)[C@]1(C)CCC[C@H]1O)C2,"(1R,2R)-N-(5-((2,4-dimethylfuran-3-yl)carbonyl)-5-azaspiro[3.5]nonan-2-yl)-2-hydroxy-1-methylcyclopentanecarboxamide",CC=1OC=C(C1C(=O)N1C2(CC(C2)NC(=O)[C@]2([C@@H](CCC2)O)C)CCCC1)C,Cc1coc(C)c1C(=O)N1CCCC[C@]12C[C@H](NC(=O)[C@]1(C)CCC[C@H]1O)C2,Cc1coc(C)c1C(=O)N1CCCCC12CC(NC(=O)[C@]1(C)CCC[C@H]1O)C2
75590,O=C(N[C@@H]1C[C@@H]2CC[C@H](C1)N2C(=O)C1(CF)COC1)c1ccoc1Br,,,O=C(N[C@H]1C[C@H]2CC[C@@H](C1)N2C(=O)C1(CF)COC1)c1ccoc1Br,
75641,C[C@]1(NC(=O)COc2ccccc2)C[C@H](NC(=O)[C@@H]2CCC[C@@H](C#N)C2)C1,"N-((1R,3r)-3-((1R,3R)-3-cyanocyclohexanecarboxamido)-1-methylcyclobutyl)-2-phenoxyacetamide",,C[C@]1(NC(=O)COc2ccccc2)C[C@H](NC(=O)C2CCC[C@@H](C#N)C2)C1,
75646,CCc1sccc1C(=O)N[C@H]1C[C@@H]2CC[C@H](C1)N2C(=O)[C@@H]1OC[C@@H]2CCC[C@@H]21,"2-ethyl-N-((1R,3S,5S)-8-(((1S,2R,5R)-3-oxabicyclo[3.3.0]octan-2-yl)carbonyl)-8-azabicyclo[3.2.1]octan-3-yl)thiophene-3-carboxamide",,CCc1sccc1C(=O)N[C@@H]1C[C@H]2CC[C@@H](C1)N2C(=O)C1OC[C@@H]2CCC[C@H]12,
75666,CO[C@H]1C[C@H](C(=O)N2[C@H]3CC[C@@H]2C[C@H](CNC(=O)c2cnco2)C3)N(C(C)=O)C1,"N-(((1R,3R,5S)-8-(((2R,4S)-1-acetyl-4-methoxypyrrolidin-2-yl)carbonyl)-8-azabicyclo[3.2.1]octan-3-yl)methyl)-1,3-oxazole-5-carboxamide",,CO[C@H]1CC(C(=O)N2[C@@H]3CC[C@H]2C[C@@H](CNC(=O)c2cnco2)C3)N(C(C)=O)C1,
75874,O=C(NC[C@]1(c2ccccc2)C[C@@H](NC(=O)[C@@H]2CC2(Cl)Cl)C1)[C@@H](O)C1CCC1,"(2S)-2-cyclobutyl-N-(((1S,3S)-3-((1S)-2,2-dichlorocyclopropanecarboxamido)-1-phenylcyclobutyl)methyl)-2-hydroxyacetamide",,O=C(NC[C@]1(c2ccccc2)C[C@@H](NC(=O)C2CC2(Cl)Cl)C1)C(O)C1CCC1,
75938,CCc1ncc(Cl)c(C(=O)N2C[C@H]3C[C@H](NC(=O)[C@H]4CCCC(=O)N4)C[C@H]3C2)n1,,,CCc1ncc(Cl)c(C(=O)N2C[C@H]3C[C@H](NC(=O)C4CCCC(=O)N4)C[C@H]3C2)n1,
76042,CN(C[C@H]1[C@@H]2CN(C(=O)C=CCF)C[C@H]12)C(=O)C#C[C@@H]1CCOC1,,,CN(C[C@@H]1[C@H]2CN(C(=O)C=CCF)C[C@@H]12)C(=O)C#C[C@@H]1CCOC1,
76079,CC[C@]1(C(=O)NC[C@H]2[C@@H]3CN(C(=O)C=Cc4cccc(F)c4)C[C@H]23)CCCCO1,,,CC[C@]1(C(=O)NC[C@@H]2[C@H]3CN(C(=O)C=Cc4cccc(F)c4)C[C@@H]23)CCCCO1,
76119,C[C@H]1CN(C(=O)[C@@H]2CCCC23CC3)C[C@@H](C)[C@@H]1NC(=O)[C@@H]1C[C@@H]2C=C[C@H]1CC2,"(1R,2R,4R)-N-((3R,4R,5S)-3,5-dimethyl-1-(((4R)-spiro[2.4]heptan-4-yl)carbonyl)piperidin-4-yl)bicyclo[2.2.2]oct-5-ene-2-carboxamide",,C[C@@H]1CN(C(=O)C2CCCC23CC3)C[C@H](C)[C@H]1NC(=O)C1C[C@@H]2C=C[C@H]1CC2,
76136,Cc1ncc(C(=O)NC[C@H]2C[C@@H]3CC[C@H](C2)N3C(=O)c2scc(C)c2Cl)o1,,,Cc1ncc(C(=O)NC[C@@H]2C[C@H]3CC[C@@H](C2)N3C(=O)c2scc(C)c2Cl)o1,
76193,COCCN(C)C(=O)[C@@H]1C[C@H]2C=C[C@H]1N(C(=O)[C@@H]1C[C@@H]3CC[C@@H]3C1)C2,,,COCCN(C)C(=O)C1C[C@H]2C=C[C@H]1N(C(=O)C1C[C@H]3CC[C@H]3C1)C2,
76213,CC[C@H](O)C(=O)N[C@H]1C[C@](F)(CNC(=O)CC[C@H]2CCCO2)C1,"(2S)-N-((1S,3R)-3-fluoro-3-((3-((2R)-oxolan-2-yl)propanamido)methyl)cyclobutyl)-2-hydroxybutanamide",,CCC(O)C(=O)N[C@H]1C[C@](F)(CNC(=O)CC[C@H]2CCCO2)C1,
76220,C=C1CC(C)(C(=O)N2C[C@H]3[C@H](N(C)C(=O)CC4(C)CCCCC4)[C@H]3C2)C1,,,C=C1CC(C)(C(=O)N2C[C@@H]3[C@H](C2)[C@H]3N(C)C(=O)CC2(C)CCCCC2)C1,
76331,C#C[C@]1(O)C[C@@H](C(=O)N[C@@H](C)C2(C(=O)N(C)CC3CCCCCC3)CC2)C1,"(1s,3R)-N-((1S)-1-(1-(cycloheptylmethyl(methyl)carbamoyl)cyclopropyl)ethyl)-3-ethynyl-3-hydroxycyclobutanecarboxamide",,C#CC1(O)CC(C(=O)N[C@@H](C)C2(C(=O)N(C)CC3CCCCCC3)CC2)C1,
76339,CCCN(CCNC(=O)C1=NN[C@H](C(F)(F)F)C1)C(=O)[C@@H]1[C@@H](C)[C@H]1C,,,CCCN(CCNC(=O)C1=NN[C@H](C(F)(F)F)C1)C(=O)C1[C@@H](C)[C@H]1C,
76386,COc1ccc(CC(=O)N[C@]2(C)C[C@@H](NC(=O)C3=C[C@H]4CCC[C@@H]34)C2)c(Cl)c1,"N-((1R,3r)-3-((1R,5R)-bicyclo[3.2.0]hept-6-ene-6-carboxamido)-1-methylcyclobutyl)-2-(2-chloro-4-methoxyphenyl)acetamide",,COc1ccc(CC(=O)N[C@]2(C)C[C@@H](NC(=O)C3=C[C@H]4CCC[C@@H]34)C2)c(Cl)c1,
76390,C[C@H](CC(=O)NCCC1(NC(=O)[C@@H]2[C@H]3CN(C)C[C@H]32)CCC1)P(C)(C)=O,,,C[C@H](CC(=O)NCCC1(NC(=O)C2[C@H]3CN(C)C[C@@H]23)CCC1)P(C)(C)=O,
76415,CCc1ccc(C(=O)NCC[C@](C)(CC)NC(=O)[C@H]2C[C@@H]3C[C@@H]3C2)[nH]1,,,CCc1ccc(C(=O)NCC[C@](C)(CC)NC(=O)C2C[C@@H]3C[C@@H]3C2)[nH]1,
76425,O=C(c1cc2ccc(Cl)cc2[nH]1)N1C[C@H]2[C@H](Nc3cc(C(F)F)ncn3)[C@H]2C1,,,O=C(c1cc2ccc(Cl)cc2[nH]1)N1C[C@@H]2[C@H](C1)[C@H]2Nc1cc(C(F)F)ncn1,
76466,Cc1nc(Br)oc1C(=O)NC[C@]1(F)C[C@H](NC(=O)C2CCC2)C1,"2-bromo-N-(((1r,3r)-3-cyclobutanecarboxamido-1-fluorocyclobutyl)methyl)-4-methyl-1,3-oxazole-5-carboxamide",,Cc1nc(Br)oc1C(=O)NC[C@]1(F)C[C@H](NC(=O)C2CCC2)C1,
76522,Cc1cccc(F)c1C(=O)N[C@H]1[C@@H]2CN(C(=O)c3cc4c(F)cccc4[nH]3)C[C@@H]21,,,Cc1cccc(F)c1C(=O)N[C@H]1[C@@H]2CN(C(=O)c3cc4c(F)cccc4[nH]3)C[C@@H]21,
76699,C[C@@H](C(=O)N1C[C@H]2[C@@H](C1)[C@@H]2C(=O)N1CCN2C[C@H](O)C[C@H]2C1)S(N)(=O)=O,"(2S)-1-((1R,5S,6S)-6-(((7R,8aS)-7-hydroxy-1,2,3,4,6,7,8,8a-octahydropyrrolo[1,2-a]pyrazin-2-yl)carbonyl)-3-azabicyclo[3.1.0]hexan-3-yl)-1-oxopropane-2-sulfonamide",,CC(C(=O)N1C[C@@H]2C(C(=O)N3CCN4C[C@H](O)C[C@H]4C3)[C@@H]2C1)S(N)(=O)=O,
76766,CN(C)[C@@H](C(=O)NC[C@H]1C[C@@H]2CC[C@H](C1)N2C(=O)CC1(C)CC1)C(C)(C)C,,,CN(C)C(C(=O)NC[C@@H]1C[C@H]2CC[C@@H](C1)N2C(=O)CC1(C)CC1)C(C)(C)C,
76769,CC(C)C[C@@H](C(N)=O)N(C)C(=O)[C@@H]1C[C@@H]2CN(C(=O)[C@@]3(C)CNC(=O)C3)C[C@@H]2C1,"(2S)-4-methyl-2-(N-methyl(1R,5S,7R)-3-(((3R)-3-methyl-5-oxopyrrolidin-3-yl)carbonyl)-3-azabicyclo[3.3.0]octane-7-carboxamido)pentanamide",,CC(C)CC(C(N)=O)N(C)C(=O)C1C[C@@H]2CN(C(=O)[C@@]3(C)CNC(=O)C3)C[C@@H]2C1,
76776,COc1ncccc1C(=O)N[C@H]1CC[C@@H](NC(=O)[C@@H]2[C@H]3CCCCC[C@H]32)CC1,,,COc1ncccc1C(=O)N[C@H]1CC[C@@H](NC(=O)C2[C@H]3CCCCC[C@@H]23)CC1,
76783,COc1ccc(Cl)c(C(=O)N[C@]2(C)C[C@H](NC(=O)CCS(C)(=O)=O)C2)n1,"3-chloro-6-methoxy-N-((1s,3s)-1-methyl-3-(3-(methylsulfonyl)propanamido)cyclobutyl)pyridine-2-carboxamide",,COc1ccc(Cl)c(C(=O)N[C@]2(C)C[C@H](NC(=O)CCS(C)(=O)=O)C2)n1,
76829,C#C[C@]1(O)C[C@@H](C(=O)N[C@]2(C(=O)N3CCN(CC#CC)CC3)C[C@H](O)C2)C1,"(1s,3s)-N-((1s,3s)-1-((4-(but-2-yn-1-yl)piperazin-1-yl)carbonyl)-3-hydroxycyclobutyl)-3-ethynyl-3-hydroxycyclobutanecarboxamide",,C#CC1(O)CC(C(=O)N[C@]2(C(=O)N3CCN(CC#CC)CC3)C[C@H](O)C2)C1,
76830,Cc1nc(C)n(CCCC(=O)N2[C@H]3CC[C@@H]2C[C@@H](NC(=O)C(C)(Cl)Cl)C3)n1,,,Cc1nc(C)n(CCCC(=O)N2[C@@H]3CC[C@H]2C[C@H](NC(=O)C(C)(Cl)Cl)C3)n1,
76964,COc1c(C(=O)N2C[C@H]3[C@@H](C2)[C@@H]3C(=O)N=c2cc[nH][nH]2)cccc1[N+](=O)[O-],,,COc1c(C(=O)N2C[C@@H]3C(C(=O)Nc4cc[nH]n4)[C@@H]3C2)cccc1[N+](=O)[O-],
76973,Cc1nc(C)c(C(=O)N2CC[C@H]3CN(C(=O)[C@@H]4C[C@@H]5CS(=O)(=O)C[C@@H]5C4)C[C@H]32)[nH]1,,,Cc1nc(C(=O)N2CC[C@H]3CN(C(=O)C4C[C@@H]5CS(=O)(=O)C[C@@H]5C4)C[C@H]32)c(C)[nH]1,
77221,COc1cc(C(=O)N[C@]2(C)C[C@H](NC(=O)[C@@]3(C)CC3(F)F)C2)c2occc2c1,"N-((1S,3s)-3-((1R)-2,2-difluoro-1-methylcyclopropanecarboxamido)-1-methylcyclobutyl)-5-methoxy-1-benzofuran-7-carboxamide",,COc1cc(C(=O)N[C@]2(C)C[C@H](NC(=O)[C@@]3(C)CC3(F)F)C2)c2occc2c1,
77222,Cc1cc(C(=O)N[C@@H]2C[C@@H]3CC[C@H](C2)N3C(=O)[C@@H](C)S(N)(=O)=O)ccc1C1CC1,"4-cyclopropyl-3-methyl-N-((1R,3R,5S)-8-((2R)-2-sulfamoylpropanoyl)-8-azabicyclo[3.2.1]octan-3-yl)benzamide",,Cc1cc(C(=O)N[C@H]2C[C@H]3CC[C@@H](C2)N3C(=O)C(C)S(N)(=O)=O)ccc1C1CC1,
77229,CC(=O)c1cc(N2[C@H]3CC[C@@H]2C[C@@H](CNC(=O)[C@H](F)C(F)(F)F)C3)ncn1,,,CC(=O)c1cc(N2[C@@H]3CC[C@H]2C[C@H](CNC(=O)C(F)C(F)(F)F)C3)ncn1,
77259,C[C@]1(NC(=O)c2ccc(F)c3cccnc23)C[C@H](NC(=O)c2cncc(O)c2)C1,"5-fluoro-N-((1r,3r)-3-(5-hydroxypyridine-3-carboxamido)-1-methylcyclobutyl)quinoline-8-carboxamide",,C[C@]1(NC(=O)c2ccc(F)c3cccnc23)C[C@H](NC(=O)c2cncc(O)c2)C1,
77356,CNC(=O)[C@@H]1[C@H]2CN(C(=O)CN(CCOC)C(=O)C3=CC[C@@H](C)CC3)C[C@H]21,"(1R,5S,6S)-3-(2-(N-(2-methoxyethyl)(4S)-4-methylcyclohex-1-ene-1-carboxamido)acetyl)-N-methyl-3-azabicyclo[3.1.0]hexane-6-carboxamide",,CNC(=O)C1[C@H]2CN(C(=O)CN(CCOC)C(=O)C3=CC[C@@H](C)CC3)C[C@@H]12,
77366,O=C(C[C@@H]1C[C@H]2C[C@H]2C1)NC12CC(NC(=O)[C@@H]3CC[C@H]4[C@H](C3)C4(F)F)(C1)C2,,,O=C(C[C@H]1C[C@@H]2C[C@@H]2C1)NC12CC(NC(=O)C3CC[C@H]4[C@H](C3)C4(F)F)(C1)C2,
77370,CC(C)CCO[C@@H](C)C(=O)N[C@@H]1CCCC12CN(C(=O)[C@H]1C[C@H]3[C@@H](C1)C3(F)F)C2,,,CC(C)CCOC(C)C(=O)N[C@@H]1CCCC12CN(C(=O)C1C[C@@H]3[C@H](C1)C3(F)F)C2,
77380,Cn1ccnc1C(=O)N[C@H]1C[C@](C)(NC(=O)Cc2csc(C(C)(C)C)n2)C1,"N-((1r,3r)-3-(2-(2-(tert-butyl)-1,3-thiazol-4-yl)acetamido)-3-methylcyclobutyl)-1-methyl-1H-imidazole-2-carboxamide",,Cn1ccnc1C(=O)N[C@H]1C[C@](C)(NC(=O)Cc2csc(C(C)(C)C)n2)C1,
77430,CNC(=O)CCC(=O)N1C[C@H]2[C@H](CNC(=O)Cc3ccc4cnccc4c3)[C@H]2C1,,,CNC(=O)CCC(=O)N1C[C@@H]2[C@@H](CNC(=O)Cc3ccc4cnccc4c3)[C@@H]2C1,
77598,C[C@H]1[C@@H](C)[C@@H]1C(=O)NC[C@]1(CNC(=O)CSCCC#N)CC12CCC2,,,C[C@@H]1C(C(=O)NC[C@]2(CNC(=O)CSCCC#N)CC23CCC3)[C@@H]1C,
77615,C[C@H]1CCCC[C@@]1(CNC(=O)C1(S(C)(=O)=O)CCC1)NC(=O)[C@@H]1C[C@@H]2C[C@@H]2C1,,,C[C@H]1CCCC[C@@]1(CNC(=O)C1(S(C)(=O)=O)CCC1)NC(=O)C1C[C@@H]2C[C@@H]2C1,
77704,C=CC1(CC(=O)NC[C@]2(F)C[C@@H](NC(=O)[C@@H]3CCC[C@H](C(F)(F)F)C3)C2)CC1,"2-(1-ethenylcyclopropyl)-N-(((1S,3s)-1-fluoro-3-((1R,3S)-3-(trifluoromethyl)cyclohexanecarboxamido)cyclobutyl)methyl)acetamide",,C=CC1(CC(=O)NC[C@]2(F)C[C@@H](NC(=O)C3CCC[C@H](C(F)(F)F)C3)C2)CC1,
77727,CC(C)(CO)C(=O)NC[C@@H]1C[C@@H]2CC[C@H](C1)N2C(=O)CSCc1cccnc1,,,CC(C)(CO)C(=O)NC[C@H]1C[C@H]2CC[C@@H](C1)N2C(=O)CSCc1cccnc1,
77782,C[C@](O)(C(=O)N[C@H]1C[C@@H]2CN(C(=O)c3cncc(F)c3)C[C@@H]2C1)C(F)(F)F,,,C[C@](O)(C(=O)N[C@H]1C[C@@H]2CN(C(=O)c3cncc(F)c3)C[C@@H]2C1)C(F)(F)F,
77864,CCCC(C)=CC(=O)N[C@@H]1C[C@@H]2CC[C@H](C1)N2C(=O)Cc1cncc(O)c1,,,CCCC(C)=CC(=O)N[C@H]1C[C@H]2CC[C@@H](C1)N2C(=O)Cc1cncc(O)c1,
77963,C#C[C@]1(O)C[C@@H](C(=O)N(C)[C@H](C)CNC(=O)C[C@@H]2CCOC2(C)C)C1,"(1s,3S)-N-((2R)-1-(2-((3S)-2,2-dimethyloxolan-3-yl)acetamido)propan-2-yl)-3-ethynyl-3-hydroxy-N-methylcyclobutanecarboxamide",,C#CC1(O)CC(C(=O)N(C)[C@H](C)CNC(=O)C[C@@H]2CCOC2(C)C)C1,
77987,C=C[C@H](OC)C(=O)N[C@H]1C[C@@H]2CC[C@H](C1)N2C(=O)c1csc(C#N)c1,,,C=CC(OC)C(=O)N[C@@H]1C[C@H]2CC[C@@H](C1)N2C(=O)c1csc(C#N)c1,
77989,CCN1C[C@@H](C(=O)N2C[C@H]3[C@H](CNC(=O)C=C4SCC(=O)N4C)[C@H]3C2)CCC1=O,"N-(((1R,5S,6S)-3-(((3S)-1-ethyl-6-oxopiperidin-3-yl)carbonyl)-3-azabicyclo[3.1.0]hexan-6-yl)methyl)-2-(3-methyl-4-oxo-1,3-thiazolidin-2-ylidene)acetamide",,CCN1CC(C(=O)N2C[C@@H]3[C@@H](CNC(=O)C=C4SCC(=O)N4C)[C@@H]3C2)CCC1=O,
78051,CC[C@@H](CC(=O)NC[C@]1(F)C[C@H](NC(=O)[C@@H]2CCCN2CC)C1)c1ccccc1,"(3S)-N-(((1S,3S)-3-((2S)-1-ethylpyrrolidine-2-carboxamido)-1-fluorocyclobutyl)methyl)-3-phenylpentanamide",,CC[C@@H](CC(=O)NC[C@]1(F)C[C@H](NC(=O)C2CCCN2CC)C1)c1ccccc1,
78053,CC(C)CC1(C(=O)N[C@H]2C[C@]3(CCCCN3C(=O)CCc3cnc(O)[nH]3)C2)CC1,N-(5-(3-(2-hydroxy-1H-imidazol-5-yl)propanoyl)-5-azaspiro[3.5]nonan-2-yl)-1-(2-methylpropyl)cyclopropanecarboxamide,OC=1NC(=CN1)CCC(=O)N1C2(CC(C2)NC(=O)C2(CC2)CC(C)C)CCCC1,CC(C)CC1(C(=O)N[C@H]2C[C@]3(CCCCN3C(=O)CCc3c[nH]c(=O)[nH]3)C2)CC1,CC(C)CC1(C(=O)NC2CC3(CCCCN3C(=O)CCc3c[nH]c(=O)[nH]3)C2)CC1
78125,Cc1cc(Cl)cc2cc(C(=O)N3C[C@H]4[C@H](NC(=O)C(C)(C)C(C)C)[C@H]4C3)[nH]c12,,,Cc1cc(Cl)cc2cc(C(=O)N3C[C@@H]4[C@H](C3)[C@H]4NC(=O)C(C)(C)C(C)C)[nH]c12,
78149,C[C@H](CNC(=O)c1ccccc1-c1ncn(C)n1)NC(=O)[C@@H]1C[C@@H]2C[C@@H]2C1,,,C[C@H](CNC(=O)c1ccccc1-c1ncn(C)n1)NC(=O)C1C[C@@H]2C[C@@H]2C1,
78338,CO[C@H](C)[C@H](NC(=O)Cc1csnn1)C(=O)NC[C@H]1C[C@@H]2CC[C@@H]2C1,,,CO[C@H](C)C(NC(=O)Cc1csnn1)C(=O)NC[C@@H]1C[C@H]2CC[C@H]2C1,
78357,CCC1(C(=O)NC[C@H]2[C@@H]3CN(C(=O)C4CN(C(=O)C5CCCCC5)C4)C[C@H]23)CC1,,,CCC1(C(=O)NC[C@@H]2[C@H]3CN(C(=O)C4CN(C(=O)C5CCCCC5)C4)C[C@@H]23)CC1,
78397,Cn1cc([C@H](NC(=O)C2CCCC2)C(=O)N[C@@H]2[C@@H](O)C[C@H]2O)cn1,,,Cn1cc(C(NC(=O)C2CCCC2)C(=O)N[C@H]2[C@H](O)C[C@@H]2O)cn1,
78419,COc1cccc(-c2csc(NC(=O)[C@@H]3C[C@@H]4CC[C@@H]4C3)n2)c1,,,COc1cccc(-c2csc(NC(=O)C3C[C@H]4CC[C@H]4C3)n2)c1,
78525,CC(=CC(=O)NC[C@H]1C[C@@H]2CC[C@@H]2C1)CNC(=O)CC1CC2(CCC2)C1,,,CC(=CC(=O)NC[C@@H]1C[C@H]2CC[C@H]2C1)CNC(=O)CC1CC2(CCC2)C1,
78579,CC(C)(C)C#CC(=O)N[C@H]1C[C@@](C)(NC(=O)c2cn(Cc3cccnc3)nn2)C1,"4,4-dimethyl-N-((1s,3s)-3-methyl-3-(1-((pyridin-3-yl)methyl)-1H-1,2,3-triazole-4-carboxamido)cyclobutyl)pent-2-ynamide",,CC(C)(C)C#CC(=O)N[C@H]1C[C@@](C)(NC(=O)c2cn(Cc3cccnc3)nn2)C1,
78588,COc1cc(NC(=O)[C@H]2[C@H]3CN(C(=O)c4ccc(CCO)cc4)C[C@H]32)ccc1Br,,,COc1cc(NC(=O)C2[C@H]3CN(C(=O)c4ccc(CCO)cc4)C[C@@H]23)ccc1Br,
78629,CN1C[C@H](N(C)C(=O)[C@@H](CC2CCC2)NC(=O)[C@@H]2C[C@@H]3CC[C@@H]3C2)CCC1=O,,,CN1C[C@H](N(C)C(=O)C(CC2CCC2)NC(=O)C2C[C@H]3CC[C@H]3C2)CCC1=O,
78672,CSc1ccc(CC(=O)N2CCCC[C@]23C[C@H](NC(=O)[C@H]2C[C@H]2C)C3)cc1,"(1S,2R)-2-methyl-N-(5-(2-(4-(methylsulfanyl)phenyl)acetyl)-5-azaspiro[3.5]nonan-2-yl)cyclopropanecarboxamide",C[C@H]1[C@H](C1)C(=O)NC1CC2(C1)N(CCCC2)C(CC2=CC=C(C=C2)SC)=O,CSc1ccc(CC(=O)N2CCCC[C@]23C[C@H](NC(=O)C2C[C@H]2C)C3)cc1,CSc1ccc(CC(=O)N2CCCCC23CC(NC(=O)C2C[C@H]2C)C3)cc1
78689,O=S1(=O)CCCN1CCCN=C(NC[C@H]1C[C@@H]2CC[C@@H]2C1)NC[C@@H]1CCCO1,,,O=S1(=O)CCCN1CCCN=C(NC[C@@H]1C[C@H]2CC[C@H]2C1)NC[C@@H]1CCCO1,
78700,CN(C)[C@H]1[C@@H]2CN(c3ccnc(N[C@@H]4CC(=O)N(c5ccccc5F)C4)n3)C[C@@H]21,"(4R)-4-((4-((1R,5S,6S)-6-(dimethylamino)-3-azabicyclo[3.1.0]hexan-3-yl)pyrimidin-2-yl)amino)-1-(2-fluorophenyl)pyrrolidin-2-one",,CN(C)[C@H]1[C@@H]2CN(c3ccnc(N[C@@H]4CC(=O)N(c5ccccc5F)C4)n3)C[C@@H]21,
78793,CCOC(=O)[C@@]1(C(=O)N[C@H]2C[C@](C)(NC(=O)[C@@H]3CC34CCCCC4)C2)CC12CC2,"ethyl (1S)-1-(((1R,3S)-3-methyl-3-((1R)-spiro[2.5]octane-1-carboxamido)cyclobutyl)carbamoyl)spiro[2.2]pentane-1-carboxylate",,CCOC(=O)[C@@]1(C(=O)N[C@H]2C[C@](C)(NC(=O)C3CC34CCCCC4)C2)CC12CC2,
78843,Cn1cnnc1CCNc1nccc(=NC[C@]2(F)CC[C@H](CO)CC2)[nH]1,"((1r,4r)-4-fluoro-4-(((2-((2-(4-methyl-4H-1,2,4-triazol-3-yl)ethyl)amino)-3H-pyrimidin-4-ylidene)amino)methyl)cyclohexyl)methanol",,Cn1cnnc1CCNc1nccc(NC[C@]2(F)CC[C@H](CO)CC2)n1,
78846,C#C[C@]1(O)C[C@@H](C(=O)NC[C@@H]2CCN2C(=O)CN2CCS(=O)(=O)CC2)C1,"(1s,3R)-N-(((2S)-1-(2-(1,1-dioxo-1lambda^6-thiomorpholin-4-yl)acetyl)azetidin-2-yl)methyl)-3-ethynyl-3-hydroxycyclobutanecarboxamide",,C#CC1(O)CC(C(=O)NC[C@@H]2CCN2C(=O)CN2CCS(=O)(=O)CC2)C1,
78866,CC(C)N1CC(C(=O)N[C@H]2C[C@](C)(NC(=O)CN3CCc4sccc4C3)C2)C1,"N-((1r,3r)-3-methyl-3-(2-(7-thia-3-azabicyclo[4.3.0]nona-1(6),8-dien-3-yl)acetamido)cyclobutyl)-1-(propan-2-yl)azetidine-3-carboxamide",,CC(C)N1CC(C(=O)N[C@H]2C[C@](C)(NC(=O)CN3CCc4sccc4C3)C2)C1,
78878,CC1(C)CC1C(=O)NC[C@]1(F)CC[C@H](CNC(=O)CC[C@H]2CC[C@@H](O)CC2)CC1,"N-(((1r,4r)-4-((3-(cis-4-hydroxycyclohexyl)propanamido)methyl)-1-fluorocyclohexyl)methyl)-2,2-dimethylcyclopropanecarboxamide",,CC1(C)CC1C(=O)NC[C@]1(F)CC[C@H](CNC(=O)CC[C@H]2CC[C@@H](O)CC2)CC1,
78895,O=C(NCC1(F)CN(C(=O)C2(F)CC=CC2)C1)[C@@H]1[C@H]2C[C@@H]2[C@H]2C[C@@H]12,"(1R,2R,4R,5R,6S)-N-((3-fluoro-1-((1-fluorocyclopent-3-en-1-yl)carbonyl)azetidin-3-yl)methyl)tricyclo[4.1.0.0^{2,4}]heptane-5-carboxamide",,O=C(NCC1(F)CN(C(=O)C2(F)CC=CC2)C1)C1[C@H]2C[C@@H]2[C@H]2C[C@@H]12,
78921,O=C(C[C@H]1C[C@H]2CC[C@H]1O2)N[C@H]1C[C@](F)(CNC(=O)c2ccnnc2O)C1,"N-((1s,3S)-3-fluoro-3-((3-hydroxypyridazine-4-carboxamido)methyl)cyclobutyl)-2-((1R,2R,4R)-7-oxabicyclo[2.2.1]heptan-2-yl)acetamide",,O=C(C[C@H]1C[C@H]2CC[C@H]1O2)N[C@H]1C[C@](F)(CNC(=O)c2ccn[nH]c2=O)C1,
78944,Cn1cc(CN2C[C@H]3[C@H](CNC(=O)CCCN4C(=O)CNC4=O)[C@H]3C2)nn1,,,Cn1cc(CN2C[C@@H]3[C@@H](CNC(=O)CCCn4c(O)c[nH]c4=O)[C@@H]3C2)nn1,
78972,CN(CC1(O)CN(C(=O)[C@@H]2[C@H]3COC[C@H]32)C1)C(=O)c1csc(C(F)F)n1,,,CN(CC1(O)CN(C(=O)C2[C@H]3COC[C@@H]23)C1)C(=O)c1csc(C(F)F)n1,
78998,CO[C@@H](C(=O)NC[C@]1(F)C[C@@H](NC(=O)[C@@H]2C[C@H]2c2ccccc2F)C1)C(C)C,"(2R)-N-(((1S,3S)-1-fluoro-3-((1R,2R)-2-(2-fluorophenyl)cyclopropanecarboxamido)cyclobutyl)methyl)-2-methoxy-3-methylbutanamide",,COC(C(=O)NC[C@]1(F)C[C@@H](NC(=O)C2C[C@H]2c2ccccc2F)C1)C(C)C,
79003,COC[C@]1(C)CCN1C(=O)[C@@H]1[C@H]2CN(C(=O)[C@H](C)C3CCCC3)C[C@H]21,"(2R)-2-cyclopentyl-1-((1R,5S,6R)-6-(((2S)-2-(methoxymethyl)-2-methylazetidin-1-yl)carbonyl)-3-azabicyclo[3.1.0]hexan-3-yl)propan-1-one",,COC[C@]1(C)CCN1C(=O)C1[C@H]2CN(C(=O)C(C)C3CCCC3)C[C@@H]12,
79010,CN(C(=O)CC[C@@H]1CCN(C(=O)[C@]2(C)CCC(=O)C2)C1)[C@H]1C[C@@H]2C[C@@H]2C1,,,CN(C(=O)CC[C@@H]1CCN(C(=O)[C@]2(C)CCC(=O)C2)C1)[C@@H]1C[C@H]2C[C@H]2C1,
79036,CCCC[C@H](O)C(=O)N[C@]1(C)C[C@H](C(=O)N2CCC[C@H](CC(N)=O)C2)C1,"(2S)-N-((1S,3R)-3-(((3R)-3-(2-amino-2-oxoethyl)piperidin-1-yl)carbonyl)-1-methylcyclobutyl)-2-hydroxyhexanamide",,CCCCC(O)C(=O)NC1(C)CC(C(=O)N2CCC[C@H](CC(N)=O)C2)C1,
79051,CC[C@H](COC)C(=O)NC[C@@H]1CCN(C(=O)[C@H]2C[C@](F)(CO)C2)C1(C)C,"(2R)-N-(((3S)-1-(((1s,3R)-3-fluoro-3-(hydroxymethyl)cyclobutyl)carbonyl)-2,2-dimethylpyrrolidin-3-yl)methyl)-2-(methoxymethyl)butanamide",,CCC(COC)C(=O)NC[C@@H]1CCN(C(=O)C2CC(F)(CO)C2)C1(C)C,
79087,CSC1(C(=O)N2CCC[C@@H](C3(NC(=O)[C@H]4C[C@H]5C[C@@H](O)C[C@H](C5)C4)CC3)C2)CC1,,,CSC1(C(=O)N2CCC[C@@H](C3(NC(=O)C4C[C@@H]5C[C@H](O)C[C@H](C4)C5)CC3)C2)CC1,
79194,COC(=O)CC(C)(C)C(=O)N1[C@H]2CC[C@@H]1C[C@@H](NC(=O)CCC[C@H]1CCCO1)C2,,,COC(=O)CC(C)(C)C(=O)N1[C@@H]2CC[C@H]1C[C@H](NC(=O)CCC[C@H]1CCCO1)C2,
79282,CCc1ccc(C=CC(=O)N2CCN(C(=O)[C@@H]3[C@H]4CCC[C@H]43)C[C@@](C)(F)C2)cc1,,,CCc1ccc(C=CC(=O)N2CCN(C(=O)C3[C@H]4CCC[C@@H]34)C[C@@](C)(F)C2)cc1,
79398,CCn1nc(C(=O)NC(C)(C)[C@H](C)NC(=O)[C@@H]2[C@H]3[C@@H]4CC[C@@H](C4)[C@H]32)ccc1=O,,,CCn1nc(C(=O)NC(C)(C)[C@H](C)NC(=O)C2[C@@H]3[C@H]4CC[C@H](C4)[C@H]23)ccc1=O,
79481,O=C(NCC1(F)CN(C(=O)[C@@H]2[C@H]3CC(F)(F)C[C@H]32)C1)c1cnsc1,,,O=C(NCC1(F)CN(C(=O)C2[C@H]3CC(F)(F)C[C@@H]23)C1)c1cnsc1,
79568,Cc1nc(C(=O)N[C@@H]2C[C@@H](C)N(C(=O)[C@@H]3[C@H]4COC[C@H]43)C2)c2n1CCCC2,,,Cc1nc(C(=O)N[C@@H]2C[C@@H](C)N(C(=O)C3[C@H]4COC[C@@H]34)C2)c2n1CCCC2,
79639,CC(C)(C)SCC(=O)N[C@H]1C[C@](F)(CNC(=O)c2c[nH]c(C#N)c2)C1,"2-((tert-butyl)sulfanyl)-N-((1s,3s)-3-((5-cyano-1H-pyrrole-3-carboxamido)methyl)-3-fluorocyclobutyl)acetamide",,CC(C)(C)SCC(=O)N[C@H]1C[C@](F)(CNC(=O)c2c[nH]c(C#N)c2)C1,
79657,C=C[C@](C)(O)CC(=O)N1[C@H]2CC[C@@H]1C[C@H](CNC(=O)CC(F)(F)C(C)(F)F)C2,"3,3,4,4-tetrafluoro-N-(((1R,3R,5S)-8-((3R)-3-hydroxy-3-methylpent-4-enoyl)-8-azabicyclo[3.2.1]octan-3-yl)methyl)pentanamide",,C=C[C@](C)(O)CC(=O)N1[C@@H]2CC[C@H]1C[C@@H](CNC(=O)CC(F)(F)C(C)(F)F)C2,
79662,CC[C@](C)(CO)C(=O)N[C@H]1C[C@](C)(NC(=O)CCCCCc2cccc(O)c2)C1,"N-((1R,3r)-3-((2R)-2-(hydroxymethyl)-2-methylbutanamido)-1-methylcyclobutyl)-6-(3-hydroxyphenyl)hexanamide",,CC[C@](C)(CO)C(=O)N[C@H]1C[C@](C)(NC(=O)CCCCCc2cccc(O)c2)C1,
79746,CCc1cnccc1C(=O)N1C[C@H]2C[C@H](NC(=O)C34CCC(CC3)C4)C[C@H]2C1,,,CCc1cnccc1C(=O)N1C[C@H]2C[C@H](NC(=O)C34CCC(CC3)C4)C[C@H]2C1,
79779,CN1C[C@H]2[C@@H](C1)[C@@H]2C(=O)N[C@]1(C(=O)N2CC3(CCN3C)C2)C[C@H](O)C1,,,CN1C[C@@H]2C(C(=O)N[C@]3(C(=O)N4CC5(CCN5C)C4)C[C@H](O)C3)[C@@H]2C1,
79801,CCCCCC(=O)N1C[C@H]2[C@H](NC(=O)c3cc(C)cc(C)c3O)[C@H]2C1,,,CCCCCC(=O)N1C[C@@H]2[C@H](C1)[C@H]2NC(=O)c1cc(C)cc(C)c1O,
79824,Cc1cc(C(=O)NC[C@]2(F)C[C@H](CNC(=O)[C@H]3CCC(=O)N3)C2)c(Br)s1,"(2R)-N-(((1r,3R)-3-((2-bromo-5-methylthiophene-3-carboxamido)methyl)-3-fluorocyclobutyl)methyl)-5-oxopyrrolidine-2-carboxamide",,Cc1cc(C(=O)NC[C@]2(F)C[C@H](CNC(=O)C3CCC(=O)N3)C2)c(Br)s1,
79837,O=C(CCC1CCN(C(=O)[C@H]2C[C@@H]3CC[C@H](C2)O3)CC1)N1CC[C@]2(C=CCO2)C1,,,O=C(CCC1CCN(C(=O)C2C[C@H]3CC[C@@H](C2)O3)CC1)N1CC[C@]2(C=CCO2)C1,
79921,C[C@@H]1CCN(CC(=O)N[C@H](CC2CCCC2)C(=O)N[C@H]2C[C@H](O)[C@H](O)C2)C1,,,C[C@@H]1CCN(CC(=O)NC(CC2CCCC2)C(=O)N[C@@H]2C[C@@H](O)[C@@H](O)C2)C1,
79944,CN=c1[nH]c(C(=O)NC[C@]2(F)C[C@@H](NC(=O)c3cn(C)nc3C3CCC3)C2)cs1,"N-(((1s,3s)-3-(3-cyclobutyl-1-methyl-1H-pyrazole-4-carboxamido)-1-fluorocyclobutyl)methyl)-2-(methylimino)-1,3-thiazole-4(3H)-carboxamide",,CNc1nc(C(=O)NC[C@]2(F)C[C@@H](NC(=O)c3cn(C)nc3C3CCC3)C2)cs1,
79978,Cc1ccc2nc(N3C[C@H]4[C@H](NC(=O)c5nccc6[nH]ccc56)[C@H]4C3)sc2n1,,,Cc1ccc2nc(N3C[C@@H]4[C@H](C3)[C@H]4NC(=O)c3nccc4[nH]ccc34)sc2n1,
80031,Cc1noc(NC(=O)[C@@H]2[C@H]3CN(c4ncccn4)C[C@H]32)c1Cl,,,Cc1noc(NC(=O)C2[C@H]3CN(c4ncccn4)C[C@@H]23)c1Cl,
80177,C#CC[C@]1(O)C[C@@H](C(=O)N2CCC[C@@H]3CCN(C(=O)c4coc(CC)n4)C[C@@H]32)C1,"(2-ethyl-1,3-oxazol-4-yl)((4aR,8aR)-1-(((1s,3S)-3-hydroxy-3-(prop-2-yn-1-yl)cyclobutyl)carbonyl)decahydro-1,7-naphthyridin-7-yl)methanone",,C#CCC1(O)CC(C(=O)N2CCC[C@@H]3CCN(C(=O)c4coc(CC)n4)C[C@@H]32)C1,
80220,C[C@@H]1CN(C(=O)[C@@H]2[C@H]3CCC[C@H]32)C[C@]2(CCN(C(=O)[C@H](O)c3ccccn3)C2)O1,,,C[C@@H]1CN(C(=O)C2[C@H]3CCC[C@@H]23)C[C@]2(CCN(C(=O)C(O)c3ccccn3)C2)O1,
80280,C#C[C@]1(O)C[C@@H](C(=O)NC[C@@H]2CCCN2C(=O)[C@@H](C)CF)C1,"(1s,3R)-3-ethynyl-N-(((2S)-1-((2R)-3-fluoro-2-methylpropanoyl)pyrrolidin-2-yl)methyl)-3-hydroxycyclobutanecarboxamide",,C#CC1(O)CC(C(=O)NC[C@@H]2CCCN2C(=O)C(C)CF)C1,
80315,CO[C@@H](C)CC(=O)N1C[C@@H](NC(=O)[C@H]2C[C@](OC)(C(F)(F)F)C2)[C@H](C(F)(F)F)C1,"(1s,3R)-3-methoxy-N-((3S,4R)-1-((3S)-3-methoxybutanoyl)-4-(trifluoromethyl)pyrrolidin-3-yl)-3-(trifluoromethyl)cyclobutanecarboxamide",,CO[C@@H](C)CC(=O)N1C[C@@H](C(F)(F)F)[C@H](NC(=O)C2CC(OC)(C(F)(F)F)C2)C1,
80369,CC(C)(C(=O)N1C[C@H]2[C@H](NC(=O)C[C@](C)(O)c3ccccc3)[C@H]2C1)c1ccns1,,,CC(C)(C(=O)N1C[C@@H]2[C@H](C1)[C@H]2NC(=O)C[C@](C)(O)c1ccccc1)c1ccns1,
80378,COc1cc(C(=O)N2[C@H]3CC[C@@H]2C[C@H](CNC(=O)c2n[nH]cc2Br)C3)ccc1F,,,COc1cc(C(=O)N2[C@@H]3CC[C@H]2C[C@@H](CNC(=O)c2[nH]ncc2Br)C3)ccc1F,
80386,O=C(N[C@]1(C(=O)N[C@@H]2CCC[C@@H](O)CC2)C[C@H](O)C1)[C@H]1C[C@H](O)[C@@H](F)C1,"(1S,3S,4S)-3-fluoro-4-hydroxy-N-((1s,3R)-3-hydroxy-1-(((1R,4R)-4-hydroxycycloheptyl)carbamoyl)cyclobutyl)cyclopentanecarboxamide",,O=C(N[C@]1(C(=O)N[C@@H]2CCC[C@@H](O)CC2)C[C@H](O)C1)C1C[C@H](O)[C@@H](F)C1,
80387,CSC[C@@H](C)C(=O)N[C@H]1C[C@](C)(NC(=O)c2cn(C)nc2C)C1,"(2S)-N-((1r,3S)-3-(1,3-dimethyl-1H-pyrazole-4-carboxamido)-3-methylcyclobutyl)-2-methyl-3-(methylsulfanyl)propanamide",,CSCC(C)C(=O)N[C@H]1C[C@](C)(NC(=O)c2cn(C)nc2C)C1,
80413,CCCc1cnc(N2C[C@@H]3[C@H](C(=O)NCCOc4ccccc4Cl)[C@@H]3C2)nc1,,,CCCc1cnc(N2C[C@@H]3C(C(=O)NCCOc4ccccc4Cl)[C@@H]3C2)nc1,
80483,COC1(OC)CC(C(=O)N2C[C@H]3C[C@H](NC(=O)CP(C)(C)=O)C[C@H]3C2)C1,,,COC1(OC)CC(C(=O)N2C[C@H]3C[C@H](NC(=O)CP(C)(C)=O)C[C@H]3C2)C1,
80527,CC1(C)COCC[C@@H]1C(=O)NC[C@@H]1C[C@@H]2CC[C@H](C1)N2C(=O)[C@@H]1CC12CCCC2,"(4S)-3,3-dimethyl-N-(((1R,3R,5S)-8-((1R)-spiro[2.4]heptan-1-ylcarbonyl)-8-azabicyclo[3.2.1]octan-3-yl)methyl)oxane-4-carboxamide",,CC1(C)COCCC1C(=O)NC[C@H]1C[C@H]2CC[C@@H](C1)N2C(=O)C1CC12CCCC2,
80529,Cn1cnc2c1CC[C@H](C(=O)N1[C@H]3CC[C@@H]1C[C@@H](NC(=O)C=C(Cl)Cl)C3)C2,"3,3-dichloro-N-((1R,3R,5S)-8-(((5S)-1-methyl-4,5,6,7-tetrahydro-1H-benzimidazol-5-yl)carbonyl)-8-azabicyclo[3.2.1]octan-3-yl)prop-2-enamide",,Cn1cnc2c1CCC(C(=O)N1[C@@H]3CC[C@H]1C[C@H](NC(=O)C=C(Cl)Cl)C3)C2,
80552,O=C(NC[C@H](CC1CC1)C(=O)N[C@@H]1C[C@@H]2CC[C@H](C1)[C@@H]2O)c1sccc1Cl,,,O=C(NCC(CC1CC1)C(=O)N[C@H]1C[C@H]2CC[C@@H](C1)[C@H]2O)c1sccc1Cl,
80561,Cn1nccc1[C@H](O)C(=O)N1C[C@H]2C[C@H](NC(=O)[C@H](F)[C@@H]3CCOC3)C[C@H]2C1,"(2R)-2-fluoro-N-((1R,5S,7R)-3-((2S)-2-hydroxy-2-(1-methyl-1H-pyrazol-5-yl)acetyl)-3-azabicyclo[3.3.0]octan-7-yl)-2-((3R)-oxolan-3-yl)acetamide",,Cn1nccc1C(O)C(=O)N1C[C@H]2C[C@H](NC(=O)C(F)[C@@H]3CCOC3)C[C@H]2C1,
80585,CN(C[C@H]1[C@@H]2CN(C(=O)c3cn[nH]c3)C[C@H]12)C(=O)c1ccc(F)cc1Cl,,,CN(C[C@@H]1[C@H]2CN(C(=O)c3cn[nH]c3)C[C@@H]12)C(=O)c1ccc(F)cc1Cl,
80592,CCc1c(C)nc2ncnn2c1N[C@H]1C[C@](F)(CNC(=O)[C@@H]2CCCSS2)C1,"(3S)-N-(((1s,3R)-3-((6-ethyl-5-methyl[1,2,4]triazolo[1,5-a]pyrimidin-7-yl)amino)-1-fluorocyclobutyl)methyl)-1,2-dithiane-3-carboxamide",,CCc1c(C)nc2ncnn2c1N[C@H]1C[C@](F)(CNC(=O)C2CCCSS2)C1,
80620,C[C@]1(NC(=O)[C@@H](F)C(F)(F)F)C[C@@H](C(=O)N2[C@H]3CCC[C@H]2COC3)C1,"(2R)-2,3,3,3-tetrafluoro-N-((1R,3S)-1-methyl-3-(((1S,5S)-3-oxa-9-azabicyclo[3.3.1]nonan-9-yl)carbonyl)cyclobutyl)propanamide",,CC1(NC(=O)C(F)C(F)(F)F)CC(C(=O)N2[C@H]3CCC[C@H]2COC3)C1,
80665,O=C(Cc1cnns1)N[C@H]1CCCCCN(C(=O)[C@@H]2C[C@H]3CCC[C@H](C3)C2)C1,,,O=C(Cc1cnns1)N[C@H]1CCCCCN(C(=O)C2C[C@H]3CCC[C@@H](C2)C3)C1,
80792,O=C(Cc1cnccc1C(F)(F)F)N[C@@H]1CN(C(=O)[C@H]2C[C@@](F)(CO)C2)C[C@H]1O,"N-((3R,4R)-1-(((1r,3R)-3-fluoro-3-(hydroxymethyl)cyclobutyl)carbonyl)-4-hydroxypyrrolidin-3-yl)-2-(4-(trifluoromethyl)pyridin-3-yl)acetamide",,O=C(Cc1cnccc1C(F)(F)F)N[C@@H]1CN(C(=O)C2CC(F)(CO)C2)C[C@H]1O,
80797,C[C@]1(NC(=O)CN2C(=O)CNC2=O)C[C@H](NC(=O)[C@H]2CCc3nncn3CC2)C1,"2-(2,5-dioxoimidazolidin-1-yl)-N-((1S,3r)-1-methyl-3-((4S)-1,8,9-triazabicyclo[5.3.0]deca-7,9-diene-4-carboxamido)cyclobutyl)acetamide",,C[C@]1(NC(=O)Cn2c(O)c[nH]c2=O)C[C@H](NC(=O)C2CCc3nncn3CC2)C1,
80824,C[C@H](CC(N)=O)C(=O)NC[C@@H]1CN(C(=O)c2cc3c([nH]2)CCCC3=O)CCN1C,"(2R)-2-methyl-N-(((2R)-1-methyl-4-((4-oxo-4,5,6,7-tetrahydro-1H-indol-2-yl)carbonyl)piperazin-2-yl)methyl)butanediamide",C[C@@H](C(=O)NC[C@H]1N(CCN(C1)C(=O)C=1NC=2CCCC(C2C1)=O)C)CC(=O)N,CC(CC(N)=O)C(=O)NC[C@@H]1CN(C(=O)c2cc3c([nH]2)CCCC3=O)CCN1C,CC(CC(N)=O)C(=O)NC[C@@H]1CN(C(O)c2cc3c(O)cccc3[nH]2)CCN1C
80844,CCn1nc(C)cc1C(=O)NC[C@]1(F)C[C@H](CNC(=O)CC(C)C)C1,"1-ethyl-N-(((1r,3r)-1-fluoro-3-((3-methylbutanamido)methyl)cyclobutyl)methyl)-3-methyl-1H-pyrazole-5-carboxamide",,CCn1nc(C)cc1C(=O)NC[C@]1(F)C[C@H](CNC(=O)CC(C)C)C1,
80922,CC(=O)N1C[C@@H](O)C[C@@H]1C(=O)N[C@H]1C[C@@](C)(NC(=O)CCn2c(C)ccc2C)C1,"(2R,4S)-1-acetyl-N-((1s,3S)-3-(3-(2,5-dimethyl-1H-pyrrol-1-yl)propanamido)-3-methylcyclobutyl)-4-hydroxypyrrolidine-2-carboxamide",,CC(=O)N1C[C@@H](O)CC1C(=O)N[C@H]1C[C@@](C)(NC(=O)CCn2c(C)ccc2C)C1,
80973,COCC1(O)CN(C(=O)[C@]2(F)CCCN(C(=O)[C@H]3C[C@@H]4C[C@@H]4C3)C2)C1,,,COCC1(O)CN(C(=O)[C@]2(F)CCCN(C(=O)C3C[C@@H]4C[C@@H]4C3)C2)C1,
80997,C[C@H](NC(=O)[C@]12CC[C@H](CC1)C2(C)C)[C@H]1CCCN(c2nc(C(C)(C)C)ns2)C1,"N-((1S)-1-((3S)-1-(3-(tert-butyl)-1,2,4-thiadiazol-5-yl)piperidin-3-yl)ethyl)-7,7-dimethylbicyclo[2.2.1]heptane-1-carboxamide",C(C)(C)(C)C1=NSC(=N1)N1C[C@H](CCC1)[C@H](C)NC(=O)C12CCC(CC1)C2(C)C,C[C@H](NC(=O)[C@]12CC[C@H](CC1)C2(C)C)[C@H]1CCCN(c2nc(C(C)(C)C)ns2)C1,C[C@H](NC(=O)C12CCC(CC1)C2(C)C)[C@H]1CCCN(c2nc(C(C)(C)C)ns2)C1
81034,C[C@H](CC1CC1)C(=O)N[C@H](CCC1CCC1)C(=O)NC[C@@H]1[C@H]2CCC[C@H]21,,,CC(CC1CC1)C(=O)NC(CCC1CCC1)C(=O)NC[C@H]1[C@@H]2CCC[C@@H]21,
81072,CCN(C)CC(=O)N[C@H]1C[C@@H]2CC[C@H](C1)N2C(=O)[C@@H](C)N1CCCCCC1,"N-((1R,3S,5S)-8-((2R)-2-(azepan-1-yl)propanoyl)-8-azabicyclo[3.2.1]octan-3-yl)-2-(ethyl(methyl)amino)acetamide",,CCN(C)CC(=O)N[C@@H]1C[C@H]2CC[C@@H](C1)N2C(=O)C(C)N1CCCCCC1,
81098,O=C([C@@H]1[C@H]2C[C@H]2[C@H]2C[C@H]21)N1CCC[C@H]1Cc1c(F)cccc1Cl,,,O=C(C1[C@H]2C[C@H]2[C@H]2C[C@@H]12)N1CCC[C@H]1Cc1c(F)cccc1Cl,
81185,CCc1ccc(F)cc1C(=O)N(C)C[C@H]1[C@@H]2CN(C(=O)Cc3cccn3C)C[C@H]12,,,CCc1ccc(F)cc1C(=O)N(C)C[C@@H]1[C@H]2CN(C(=O)Cc3cccn3C)C[C@@H]12,
81187,CCCCS[C@H](C)C(=O)NC[C@]1(F)C[C@H](NC(=O)COc2ccc(F)cc2Cl)C1,"(2R)-2-(butylsulfanyl)-N-(((1r,3R)-3-(2-((2-chloro-4-fluorophenyl)oxy)acetamido)-1-fluorocyclobutyl)methyl)propanamide",,CCCCSC(C)C(=O)NC[C@]1(F)C[C@H](NC(=O)COc2ccc(F)cc2Cl)C1,
81261,C#CCCC(=O)N[C@H]1C[C@@](F)(CNC(=O)CCSCc2cn3ccccc3n2)C1,"N-((1r,3r)-3-fluoro-3-((3-(((imidazo[1,2-a]pyridin-2-yl)methyl)sulfanyl)propanamido)methyl)cyclobutyl)pent-4-ynamide",,C#CCCC(=O)N[C@H]1C[C@@](F)(CNC(=O)CCSCc2cn3ccccc3n2)C1,
81262,CC(C)(O)CC(=O)NC[C@]1(F)C[C@H](CNC(=O)c2csc(-c3nc[nH]n3)n2)C1,"N-(((1r,3r)-1-fluoro-3-((2-(1H-1,2,4-triazol-3-yl)-1,3-thiazole-4-carboxamido)methyl)cyclobutyl)methyl)-3-hydroxy-3-methylbutanamide",,CC(C)(O)CC(=O)NC[C@]1(F)C[C@H](CNC(=O)c2csc(-c3nc[nH]n3)n2)C1,
81312,CCc1ccnc(C(=O)N2C[C@@H]3[C@H](C(=O)Nc4cccc(C(=O)OC)n4)[C@@H]3C2)c1,,,CCc1ccnc(C(=O)N2C[C@@H]3C(C(=O)Nc4cccc(C(=O)OC)n4)[C@@H]3C2)c1,
81419,Cc1cc(C(=O)N[C@]2(C)C[C@@H](NC(=O)CCCc3ccc(Cl)cc3)C2)ccn1,"N-((1r,3r)-3-(4-(4-chlorophenyl)butanamido)-1-methylcyclobutyl)-2-methylpyridine-4-carboxamide",,Cc1cc(C(=O)N[C@]2(C)C[C@@H](NC(=O)CCCc3ccc(Cl)cc3)C2)ccn1,
81448,Cc1cc(C(=O)N[C@H]2C[C@](C)(NC(=O)[C@H]3CCCn4ccnc43)C2)nc(C)n1,"(8S)-N-((1r,3S)-3-(2,6-dimethylpyrimidine-4-carboxamido)-1-methylcyclobutyl)-5,6,7,8-tetrahydroimidazo[1,2-a]pyridine-8-carboxamide",,Cc1cc(C(=O)N[C@H]2C[C@](C)(NC(=O)C3CCCn4ccnc43)C2)nc(C)n1,
81539,Cn1cnc(C(=O)N[C@@H]2CC[C@H]2NC(=O)[C@H]2C[C@@H]3CC[C@H](C2)[C@H]3O)cc1=O,,,Cn1cnc(C(=O)N[C@@H]2CC[C@H]2NC(=O)C2C[C@H]3CC[C@@H](C2)[C@@H]3O)cc1=O,
81545,COCC(=O)N[C@@H]1C[C@@H]2CC[C@H](C1)N2C(=O)c1cnc2scnc2c1,,,COCC(=O)N[C@H]1C[C@H]2CC[C@@H](C1)N2C(=O)c1cnc2scnc2c1,
81548,CCn1cnnc1C(=O)NC[C@H]1C[C@](F)(CNC(=O)[C@@H]2C[C@H]2C2CCCC2)C1,"N-(((1S,3s)-3-(((1R,2S)-2-cyclopentylcyclopropanecarboxamido)methyl)-3-fluorocyclobutyl)methyl)-4-ethyl-4H-1,2,4-triazole-3-carboxamide",,CCn1cnnc1C(=O)NC[C@H]1C[C@](F)(CNC(=O)C2C[C@H]2C2CCCC2)C1,
81590,C=C(C)CCC(=O)NC[C@H]1C[C@@](F)(CNC(=O)CCCN2CCOC2=O)C1,"N-(((1r,3r)-3-fluoro-3-((4-(2-oxo-1,3-oxazolidin-3-yl)butanamido)methyl)cyclobutyl)methyl)-4-methylpent-4-enamide",,C=C(C)CCC(=O)NC[C@H]1C[C@@](F)(CNC(=O)CCCN2CCOC2=O)C1,
81608,O=C(N[C@H]1[C@@H]2CN(C(=O)C3(c4ccsc4)CC3)C[C@@H]21)c1ccnc(O)c1,,,O=C(N[C@H]1[C@@H]2CN(C(=O)C3(c4ccsc4)CC3)C[C@@H]21)c1cc[nH]c(=O)c1,
81629,Cc1cc(C(=O)NC[C@@H]2C[C@@H]3CC[C@H](C2)N3C(=O)C2=C[C@H](C)CC2)ccn1,"2-methyl-N-(((1R,3R,5S)-8-(((3R)-3-methylcyclopent-1-en-1-yl)carbonyl)-8-azabicyclo[3.2.1]octan-3-yl)methyl)pyridine-4-carboxamide",,Cc1cc(C(=O)NC[C@H]2C[C@H]3CC[C@@H](C2)N3C(=O)C2=C[C@H](C)CC2)ccn1,
81671,O=C(NC[C@@H]1C[C@@H]2CC[C@@H]2C1)N1CCc2nccc(Br)c2C1,,,O=C(NC[C@H]1C[C@H]2CC[C@H]2C1)N1CCc2nccc(Br)c2C1,
81688,C=C(C)CNC(=NCCc1nc(C)cs1)NC[C@H]1C[C@@H]2C[C@@H]2C1,,,C=C(C)CN=C(NCCc1nc(C)cs1)NC[C@H]1C[C@@H]2C[C@@H]2C1,
81836,O=C(NC[C@H]1[C@@H]2CN(C(=O)Cc3ccc4c(c3)OCCCO4)C[C@H]12)C1=CCCS1,,,O=C(NC[C@@H]1[C@H]2CN(C(=O)Cc3ccc4c(c3)OCCCO4)C[C@@H]12)C1=CCCS1,
81849,CN1CCC[C@@H](CC(=O)N2CCC3(CC2)C[C@H]3C(=O)N[C@@H]2[C@H]3CCC[C@H]32)C1,,,CN1CCC[C@@H](CC(=O)N2CCC3(CC2)CC3C(=O)N[C@H]2[C@@H]3CCC[C@@H]32)C1,
81859,C[C@H](C[C@H]1CCCO1)C(=O)NCCN(C(=O)[C@H]1C[C@](F)(CO)C1)C1CC1,"(2R)-N-(2-(N-cyclopropyl(1s,3S)-3-fluoro-3-(hydroxymethyl)cyclobutanecarboxamido)ethyl)-2-methyl-3-((2R)-oxolan-2-yl)propanamide",,CC(C[C@H]1CCCO1)C(=O)NCCN(C(=O)C1CC(F)(CO)C1)C1CC1,
81884,C#C[C@]1(O)C[C@@H](C(=O)NC(C)(C)[C@H](C)NC(=O)c2cc3sccc3s2)C1,"N-((2S)-3-((1s,3R)-3-ethynyl-3-hydroxycyclobutanecarboxamido)-3-methylbutan-2-yl)thieno[3,2-b]thiophene-2-carboxamide",,C#CC1(O)CC(C(=O)NC(C)(C)[C@H](C)NC(=O)c2cc3sccc3s2)C1,
81897,O=C(CCc1cccnc1)N1CCC2(CCCN(C(=O)[C@@H]3[C@H]4CC[C@H]43)C2)CC1,,,O=C(CCc1cccnc1)N1CCC2(CCCN(C(=O)C3[C@H]4CC[C@@H]34)C2)CC1,
81919,C=CC1(C(=O)N2C[C@H](C)[C@@H](NC(=O)COc3c(C)cc(C)cc3C)[C@H](C)C2)CC1,,,C=CC1(C(=O)N2C[C@@H](C)[C@H](NC(=O)COc3c(C)cc(C)cc3C)[C@@H](C)C2)CC1,
81944,CN1C[C@@H]2CCN(C(=O)[C@H]3C[C@@](C)(NC(=O)Cn4ncn(C)c4=O)C3)[C@H]2C1,"N-((1S,3s)-1-methyl-3-(((1R,5S)-7-methyl-2,7-diazabicyclo[3.3.0]octan-2-yl)carbonyl)cyclobutyl)-2-(4-methyl-5-oxo-4,5-dihydro-1H-1,2,4-triazol-1-yl)acetamide",,CN1C[C@@H]2CCN(C(=O)C3CC(C)(NC(=O)Cn4ncn(C)c4=O)C3)[C@H]2C1,
81994,O=C(CN1CCCCC1)NC[C@H]1C[C@](F)(CNC(=O)c2cccc3sncc23)C1,"N-(((1s,3s)-3-((1,2-benzothiazole-4-carboxamido)methyl)-3-fluorocyclobutyl)methyl)-2-(piperidin-1-yl)acetamide",,O=C(CN1CCCCC1)NC[C@H]1C[C@](F)(CNC(=O)c2cccc3sncc23)C1,
82008,CCCn1nc(C)cc1C(=O)N[C@H]1C[C@@](F)(CNC(=O)CN=S(C)(C)=O)C1,"N-((1r,3r)-3-((2-((dimethyl(oxo)-lambda^6-sulfanylidene)amino)acetamido)methyl)-3-fluorocyclobutyl)-3-methyl-1-propyl-1H-pyrazole-5-carboxamide",,CCCn1nc(C)cc1C(=O)N[C@H]1C[C@@](F)(CNC(=O)C=N[SH](C)(C)=O)C1,
82032,OC[C@]1(F)C[C@@H](c2nc(-c3cncc(F)c3)nn2-c2ccc3c(c2)CCO3)C1,"((1s,3s)-3-(1-(2,3-dihydro-1-benzofuran-5-yl)-3-(5-fluoropyridin-3-yl)-1H-1,2,4-triazol-5-yl)-1-fluorocyclobutyl)methanol",,OC[C@]1(F)C[C@@H](c2nc(-c3cncc(F)c3)nn2-c2ccc3c(c2)CCO3)C1,
82079,O=C(NCC1CCN(C(=O)[C@H]2C[C@@](F)(CO)C2)CC1)[C@@H]1C[C@@H]1c1nc[nH]n1,"(1R,2S)-N-((1-(((1r,3R)-3-fluoro-3-(hydroxymethyl)cyclobutyl)carbonyl)piperidin-4-yl)methyl)-2-(1H-1,2,4-triazol-3-yl)cyclopropanecarboxamide",,O=C(NCC1CCN(C(=O)C2CC(F)(CO)C2)CC1)C1C[C@@H]1c1nc[nH]n1,
82206,CCC(C)=C(C)C(=O)N1C[C@H]2C[C@@H](C(=O)N(CCF)C[C@H](C)O)C[C@H]2C1,,,CCC(C)=C(C)C(=O)N1C[C@H]2CC(C(=O)N(CCF)C[C@H](C)O)C[C@H]2C1,
82225,CN(C(=O)[C@@H]1CNC(=O)C1)[C@H]1[C@@H]2CN(C(=O)Cc3cscn3)C[C@@H]21,,,CN(C(=O)C1CNC(=O)C1)[C@H]1[C@@H]2CN(C(=O)Cc3cscn3)C[C@@H]21,
82235,CCC[C@H](CC(=O)O)NC(=O)[C@@H]1[C@H]2CN(c3ccc(CC(=O)O)cn3)C[C@H]21,,,CCC[C@H](CC(=O)O)NC(=O)C1[C@H]2CN(c3ccc(CC(=O)O)cn3)C[C@@H]12,
82332,CC(=O)c1ccccc1C(=O)NC[C@H]1C[C@](F)(CNC(=O)c2cc(C#N)c[nH]2)C1,"N-(((1s,3s)-3-((2-acetylbenzamido)methyl)-1-fluorocyclobutyl)methyl)-4-cyano-1H-pyrrole-2-carboxamide",,CC(=O)c1ccccc1C(=O)NC[C@H]1C[C@](F)(CNC(=O)c2cc(C#N)c[nH]2)C1,
82347,CO[C@@H](C(=O)N1C[C@H]2[C@H](N(C)C(=O)c3ccsc3)[C@H]2C1)C1CCCCC1,"N-((1R,5S,6S)-3-((2R)-2-cyclohexyl-2-methoxyacetyl)-3-azabicyclo[3.1.0]hexan-6-yl)-N-methylthiophene-3-carboxamide",,COC(C(=O)N1C[C@@H]2[C@H](C1)[C@H]2N(C)C(=O)c1ccsc1)C1CCCCC1,
82402,C=C=C[C@H](C)C(=O)N1[C@H]2CC[C@@H]1C[C@](O)(CNC(=O)c1ccc3c(c1)OCC3)C2,"N-(((1R,3R,5S)-3-hydroxy-8-((2S)-2-methylpenta-3,4-dienoyl)-8-azabicyclo[3.2.1]octan-3-yl)methyl)-2,3-dihydro-1-benzofuran-6-carboxamide",,C=C=CC(C)C(=O)N1[C@@H]2CC[C@H]1C[C@@](O)(CNC(=O)c1ccc3c(c1)OCC3)C2,
82419,CC#CCCC(=O)N[C@H]1CC[C@]2(CC1)CN(C(=O)CCNC(=O)COC)CCO2,N-(4-(3-(2-methoxyacetamido)propanoyl)-1-oxa-4-azaspiro[5.5]undecan-9-yl)hex-4-ynamide,COCC(=O)NCCC(=O)N1CCOC2(C1)CCC(CC2)NC(CCC#CC)=O,CC#CCCC(=O)N[C@H]1CC[C@]2(CC1)CN(C(=O)CCNC(=O)COC)CCO2,CC#CCCC(=O)NC1CCC2(CC1)CN(C(=O)CCNC(=O)COC)CCO2
82420,CCCN(CCNC(=O)c1cccnc1OCC(C)C)C(=O)[C@H]1C[C@](C)(F)C1,"2-isobutoxy-N-(2-(N-propyl(1r,3r)-3-fluoro-3-methylcyclobutanecarboxamido)ethyl)pyridine-3-carboxamide",,CCCN(CCNC(=O)c1cccnc1OCC(C)C)C(=O)C1CC(C)(F)C1,
82553,CN(C)c1ccc(N)c(C(=O)N[C@H]2[C@@H]3CN(C(=O)[C@H](O)CF)C[C@@H]32)c1,"2-amino-5-(dimethylamino)-N-((1R,5S,6R)-3-((2S)-3-fluoro-2-hydroxypropanoyl)-3-azabicyclo[3.1.0]hexan-6-yl)benzamide",,CN(C)c1ccc(N)c(C(=O)N[C@H]2[C@@H]3CN(C(=O)C(O)CF)C[C@@H]32)c1,
82643,CN(CC[C@H](NC(=O)[C@H]1C[C@@H]2OC(=O)O[C@@H]2C1)C(C)(C)C)C(=O)C(C)(C)C,,,CN(CC[C@H](NC(=O)C1C[C@@H]2OC(=O)O[C@@H]2C1)C(C)(C)C)C(=O)C(C)(C)C,
82665,Cc1cn2nc(N(C)C[C@H]3CCCCN3C(=O)C[C@@H]3C[C@H]4C[C@H]4C3)sc2n1,,,Cc1cn2nc(N(C)C[C@H]3CCCCN3C(=O)C[C@H]3C[C@@H]4C[C@@H]4C3)sc2n1,
82927,C[C@]1(NC(=O)c2ccc(C(N)=O)cc2)C[C@H](NC(=O)CCN2CCOCC2=O)C1,"N-((1r,3r)-1-methyl-3-(3-(3-oxomorpholin-4-yl)propanamido)cyclobutyl)benzene-1,4-dicarboxamide",,C[C@]1(NC(=O)c2ccc(C(N)=O)cc2)C[C@H](NC(=O)CCN2CCOCC2=O)C1,
82948,C=C1CC[C@H]1C(=O)N1[C@H]2CC[C@@H]1C[C@](O)(CNC(=O)c1ccc3scnc3c1)C2,"N-(((1R,3S,5S)-3-hydroxy-8-(((1R)-2-methylidenecyclobutyl)carbonyl)-8-azabicyclo[3.2.1]octan-3-yl)methyl)-1,3-benzothiazole-5-carboxamide",,C=C1CCC1C(=O)N1[C@@H]2CC[C@H]1C[C@@](O)(CNC(=O)c1ccc3scnc3c1)C2,
83023,Cc1nc[nH]c(=NC[C@@H]2CC[C@H](NC(=O)[C@@H]3CC[C@H]4[C@@H](CC3)C4(F)F)C2)c1C#N,,,Cc1ncnc(NC[C@@H]2CC[C@H](NC(=O)C3CC[C@@H]4[C@H](CC3)C4(F)F)C2)c1C#N,
83170,COCc1cc[nH]c1C(=O)NCC1(O)CN(C(=O)[C@@H]2[C@H]3CCCCCC[C@H]32)C1,,,COCc1cc[nH]c1C(=O)NCC1(O)CN(C(=O)C2[C@H]3CCCCCC[C@@H]23)C1,
83210,Cc1cc(F)cnc1C(=O)N[C@H]1CC[C@@H](NC(=O)[C@H]2C[C@@](F)(CO)C2)C1,"5-fluoro-N-((1S,3R)-3-((1r,3R)-3-fluoro-3-(hydroxymethyl)cyclobutanecarboxamido)cyclopentyl)-3-methylpyridine-2-carboxamide",,Cc1cc(F)cnc1C(=O)N[C@H]1CC[C@@H](NC(=O)C2CC(F)(CO)C2)C1,
83279,CCOC1(C(=O)N[C@H]2C[C@@H]3CN(C(=O)c4coc(C(C)C)n4)C[C@@H]3C2)CCCC1,,,CCOC1(C(=O)N[C@H]2C[C@@H]3CN(C(=O)c4coc(C(C)C)n4)C[C@@H]3C2)CCCC1,
83353,COCc1ccoc1C(=O)N1[C@H]2CC[C@@H]1C[C@@H](NC(=O)[C@@]13COC[C@@H]1C3)C2,,,COCc1ccoc1C(=O)N1[C@@H]2CC[C@H]1C[C@H](NC(=O)[C@@]13COC[C@@H]1C3)C2,
83538,COC(=O)[C@H](C)[C@H](C)NC(=O)[C@]1(NC(=O)[C@@H](O)CC2CCCC2)C[C@@H](O)C1,"methyl (2R,3S)-3-((1s,3R)-1-((2S)-3-cyclopentyl-2-hydroxypropanamido)-3-hydroxycyclobutanecarboxamido)-2-methylbutanoate",,COC(=O)C(C)[C@H](C)NC(=O)[C@]1(NC(=O)C(O)CC2CCCC2)C[C@@H](O)C1,
83567,C=C(C)CCCC(=O)N[C@@H]1C[C@@H]2CC[C@H](C1)N2C(=O)[C@H]1CCC(=O)[C@@H](C)C1,"5-methyl-N-((1R,3S,5S)-8-(((1S,3S)-3-methyl-4-oxocyclohexyl)carbonyl)-8-azabicyclo[3.2.1]octan-3-yl)hex-5-enamide",,C=C(C)CCCC(=O)N[C@H]1C[C@H]2CC[C@@H](C1)N2C(=O)C1CCC(=O)C(C)C1,
83579,Cc1cc(C(=O)NC[C@]2(F)C[C@H](NC(=O)CC[C@@H]3CCC(=O)N3)C2)ccn1,"N-(((1S,3r)-1-fluoro-3-(3-((2S)-5-oxopyrrolidin-2-yl)propanamido)cyclobutyl)methyl)-2-methylpyridine-4-carboxamide",,Cc1cc(C(=O)NC[C@]2(F)C[C@H](NC(=O)CC[C@@H]3CCC(=O)N3)C2)ccn1,
83617,C=CCn1cc(C(=O)N2CCC([C@@H](F)CNC(=O)[C@@H]3[C@H]4CCCC[C@H]43)CC2)cn1,,,C=CCn1cc(C(=O)N2CCC([C@@H](F)CNC(=O)C3[C@H]4CCCC[C@@H]34)CC2)cn1,
83645,NC(=O)NC1(C(=O)N2C[C@H]3C[C@H](NC(=O)Cn4ncccc4=O)C[C@H]3C2)CC1,,,NC(=O)NC1(C(=O)N2C[C@H]3C[C@H](NC(=O)Cn4ncccc4=O)C[C@H]3C2)CC1,
83748,C[C@H]1CN(c2ccc(S(=O)(=O)NC(C)(C)CCS(C)(=O)=O)c(Br)c2)C[C@@H](C)[S@@]1=O,,,C[C@@H]1CN(c2ccc(S(=O)(=O)NC(C)(C)CCS(C)(=O)=O)c(Br)c2)C[C@H](C)[S@@+]1[O-],
83773,CC[C@@H]1C[C@@H](N2C[C@H]3[C@@H](C2)[C@@H]3C(=O)N2CC[C@H](CS(N)(=O)=O)C2)CCN1,"1-((3S)-1-(((1R,5S,6S)-3-((2R,4S)-2-ethylpiperidin-4-yl)-3-azabicyclo[3.1.0]hexan-6-yl)carbonyl)pyrrolidin-3-yl)methanesulfonamide",,CC[C@@H]1C[C@@H](N2C[C@@H]3C(C(=O)N4CC[C@H](CS(N)(=O)=O)C4)[C@@H]3C2)CCN1,
83788,Cn1ccc(S(=O)(=O)[N@]2[C@H]3CN(C(=O)c4ccc(C5CC5)c(Br)c4)C[C@H]32)n1,,,Cn1ccc(S(=O)(=O)[N@@]2[C@@H]3CN(C(=O)c4ccc(C5CC5)c(Br)c4)C[C@@H]32)n1,
83812,c1nc2ccc(N[C@H](c3nnnn3CC3CC3)[C@H]3[C@@H]4COC[C@@H]43)cn2n1,,,c1nc2ccc(N[C@H](c3nnnn3CC3CC3)[C@H]3[C@@H]4COC[C@@H]43)cn2n1,
83829,Cc1oc(C#N)cc1C(=O)N1CCC[C@@]1(C)CNC(=O)[C@@H]1C[C@H](C)O[C@H](C)C1,,,Cc1oc(C#N)cc1C(=O)N1CCC[C@@]1(C)CNC(=O)C1C[C@@H](C)O[C@@H](C)C1,
83887,CC(C)(C#N)C(=O)NC[C@]1(F)C[C@@H](NC(=O)[C@H]2CCCc3cccnc32)C1,"2-cyano-N-(((1R,3s)-1-fluoro-3-((8S)-5,6,7,8-tetrahydroquinoline-8-carboxamido)cyclobutyl)methyl)-2-methylpropanamide",,CC(C)(C#N)C(=O)NC[C@]1(F)C[C@@H](NC(=O)C2CCCc3cccnc32)C1,
83905,Cn1ccc2nc(N3C[C@@H]4[C@H](C3)[C@@H]4NC(=O)c3cc(F)cc(Br)c3Cl)nc(Cl)c21,,,Cn1ccc2nc(N3C[C@@H]4[C@H](C3)[C@@H]4NC(=O)c3cc(F)cc(Br)c3Cl)nc(Cl)c21,
83958,CC(C)OCCCC(=O)NCC1[C@H]2CN(C(=O)[C@H]3C[C@@H]4OC(C)(C)O[C@@H]4C3)C[C@H]12,,,CC(C)OCCCC(=O)NCC1[C@H]2CN(C(=O)C3C[C@@H]4OC(C)(C)O[C@@H]4C3)C[C@H]12,
83978,CS[C@H]1C[C@H](C(=O)N[C@H]2C[C@@H]3CC[C@H](C2)N3C(=O)C2(C#N)CC(F)(F)C2)C1,,,CSC1CC(C(=O)N[C@@H]2C[C@H]3CC[C@@H](C2)N3C(=O)C2(C#N)CC(F)(F)C2)C1,
84135,C#C[C@H](C)NC(=O)C[C@H]1[C@@H]2CN(C(=O)c3nnccc3C)C[C@H]12,,,C#C[C@H](C)NC(=O)C[C@@H]1[C@H]2CN(C(=O)c3nnccc3C)C[C@@H]12,
84211,CCC[C@@H](C)C(=O)NC[C@]1(F)C[C@H](CNC(=O)c2cc(C(C)C)cnc2O)C1,"(2R)-N-(((1r,3R)-1-fluoro-3-((2-hydroxy-5-(propan-2-yl)pyridine-3-carboxamido)methyl)cyclobutyl)methyl)-2-methylpentanamide",,CCCC(C)C(=O)NC[C@]1(F)C[C@H](CNC(=O)c2cc(C(C)C)c[nH]c2=O)C1,
84289,COc1nccnc1C(=O)N[C@@H]1C[C@H]2[C@@H](C1)[C@@H]2NC(=O)[C@@H](C(C)C)N(C)C,,,COc1nccnc1C(=O)N[C@H]1C[C@@H]2[C@H](C1)[C@H]2NC(=O)C(C(C)C)N(C)C,
84404,CC1(C)[C@H]2C[C@H](C(=O)N3CC4(CO)CC3(C(=O)N[C@H](CO)C3(O)CC3)C4)C[C@H]21,,,CC1(C)[C@@H]2CC(C(=O)N3CC4(CO)CC3(C(=O)N[C@H](CO)C3(O)CC3)C4)C[C@@H]21,
84436,COC[C@@](C)(O)C(=O)NC[C@H](O)C(=O)N1CC[C@]12CC[C@H](C)CC2,(2R)-2-hydroxy-N-((2S)-2-hydroxy-3-(7-methyl-1-azaspiro[3.5]nonan-1-yl)-3-oxopropyl)-3-methoxy-2-methylpropanamide,O[C@@](C(=O)NC[C@@H](C(=O)N1CCC12CCC(CC2)C)O)(COC)C,COC[C@@](C)(O)C(=O)NCC(O)C(=O)N1CC[C@]12CC[C@H](C)CC2,COC[C@@](C)(O)C(=O)NCC(O)C(=O)N1CCC12CCC(C)CC2
84459,Cc1ccc([N+](=O)[O-])cc1C(=O)N1CC[C@@H](NC(=O)[C@H]2C[C@](C)(F)C2)C1,"(1r,3R)-3-fluoro-3-methyl-N-((3R)-1-((2-methyl-5-nitrophenyl)carbonyl)pyrrolidin-3-yl)cyclobutanecarboxamide",,Cc1ccc([N+](=O)[O-])cc1C(=O)N1CC[C@@H](NC(=O)C2CC(C)(F)C2)C1,
84502,CC1(C)CC(C(=O)N[C@H]2C[C@@](C)(NC(=O)[C@H](O)C3CCC3)C2)CC1(C)C,"N-((1S,3s)-3-((2R)-2-cyclobutyl-2-hydroxyacetamido)-3-methylcyclobutyl)-3,3,4,4-tetramethylcyclopentanecarboxamide",,CC1(C)CC(C(=O)N[C@H]2C[C@@](C)(NC(=O)C(O)C3CCC3)C2)CC1(C)C,
84530,C[C@H](C(=O)N[C@@H]1C[C@@H]2C[C@H](NC(=O)CCCN=[N+]=[N-])C[C@@H]2C1)c1cccc(F)c1,,,CC(C(=O)N[C@H]1C[C@H]2C[C@@H](NC(=O)CCCN=[N+]=[N-])C[C@H]2C1)c1cccc(F)c1,
84560,Cc1sc(C(=O)N[C@H]2C[C@](F)(CNC(=O)[C@H](C)CO)C2)cc1CS(C)(=O)=O,"N-((1S,3s)-3-fluoro-3-(((2R)-3-hydroxy-2-methylpropanamido)methyl)cyclobutyl)-5-methyl-4-((methylsulfonyl)methyl)thiophene-2-carboxamide",,Cc1sc(C(=O)N[C@H]2C[C@](F)(CNC(=O)C(C)CO)C2)cc1CS(C)(=O)=O,
84609,COc1ccnc(C(=O)N2C[C@H]3C[C@@]3(NC(=O)[C@@H]3[C@H]4COC[C@H]43)C2)c1C,,,COc1ccnc(C(=O)N2C[C@H]3C[C@@]3(NC(=O)C3[C@H]4COC[C@@H]34)C2)c1C,
84639,CCc1ccc(C(=O)C(=O)N2C[C@H]3[C@H](CNC(=O)Cc4c(C)noc4Cl)[C@H]3C2)s1,,,CCc1ccc(C(=O)C(=O)N2C[C@@H]3[C@@H](CNC(=O)Cc4c(C)noc4Cl)[C@@H]3C2)s1,
84644,Cc1cccc(C)c1[C@@H](O)C(=O)N[C@H]1[C@@H]2CN(C(=O)C3CCC4(CC3)CC4)C[C@@H]21,,,Cc1cccc(C)c1C(O)C(=O)N[C@H]1[C@@H]2CN(C(=O)C3CCC4(CC3)CC4)C[C@@H]21,
84745,Cc1cccc(C(=O)N[C@@H]2C[C@@H]3C[C@H](NC(=O)C[C@@H]4C[C@H]5C[C@H]5C4)[C@H]2C3)c1F,,,Cc1cccc(C(=O)N[C@@H]2C[C@H]3C[C@@H]2[C@@H](NC(=O)C[C@H]2C[C@@H]4C[C@@H]4C2)C3)c1F,
84756,CCN1CC[C@H]1C(=O)N[C@H]1[C@@H]2CN(C(=O)[C@H](C)N3CCOCC3)C[C@@H]21,"(2S)-1-ethyl-N-((1R,5S,6R)-3-((2S)-2-(morpholin-4-yl)propanoyl)-3-azabicyclo[3.1.0]hexan-6-yl)azetidine-2-carboxamide",,CCN1CCC1C(=O)N[C@H]1[C@@H]2CN(C(=O)C(C)N3CCOCC3)C[C@@H]21,
84840,COc1ccnc(C(=O)NC[C@H]2C[C@](F)(CNC(=O)c3occc3C)C2)c1,"N-(((1s,3s)-3-fluoro-3-((3-methylfuran-2-carboxamido)methyl)cyclobutyl)methyl)-4-methoxypyridine-2-carboxamide",,COc1ccnc(C(=O)NC[C@H]2C[C@](F)(CNC(=O)c3occc3C)C2)c1,
84858,Cc1cc(C(=O)N2[C@H]3CC[C@@H]2C[C@@H](NC(=O)c2ccno2)C3)cc(Cl)n1,,,Cc1cc(C(=O)N2[C@@H]3CC[C@H]2C[C@H](NC(=O)c2ccno2)C3)cc(Cl)n1,
84944,CCc1ccc(NC(=O)N2C[C@@H]3CC[C@H](C2)[C@H]3NC(=O)[C@H]2C[C@H]2C)cc1,,,CCc1ccc(NC(=O)N2C[C@H]3CC[C@@H](C2)[C@@H]3NC(=O)C2C[C@H]2C)cc1,
84972,COc1cc(Cl)cc(CN2C[C@H]3[C@@H](C2)[C@@H]3C(=O)NC[C@@H](O)c2ccccc2Cl)c1,,,COc1cc(Cl)cc(CN2C[C@@H]3C(C(=O)NC[C@@H](O)c4ccccc4Cl)[C@@H]3C2)c1,
84995,CC1(O)CC(C(=O)NCCN(CC2CC2)C(=O)[C@H]2CC[C@@](C)(F)CC2)C1,"(1s,4s)-N-(cyclopropylmethyl)-4-fluoro-N-(2-(3-hydroxy-3-methylcyclobutanecarboxamido)ethyl)-4-methylcyclohexanecarboxamide",,CC1(O)CC(C(=O)NCCN(CC2CC2)C(=O)C2CCC(C)(F)CC2)C1,
85033,CC1(C)CN(C(=O)[C@@H]2[C@H]3[C@H]4C[C@H]5[C@@H]2[C@@H]3[C@@]54C(=O)N[C@@H]2[C@H]3COC[C@H]32)C1,,,CC1(C)CN(C(=O)C2[C@@H]3[C@@H]4[C@H]2[C@@H]2C[C@H]3[C@@]42C(=O)N[C@H]2[C@@H]3COC[C@@H]32)C1,
85077,C=C(C)C[C@H](NC(=O)C[C@@H]1CCOC1)C(=O)N(C)[C@@H]1C[C@@H](C)C[C@@H](C)C1,,,C=C(C)CC(NC(=O)C[C@@H]1CCOC1)C(=O)N(C)[C@H]1C[C@H](C)C[C@H](C)C1,
85093,C[C@@H]1[C@H](C(=O)N[C@@H]2[C@H]3C[C@@H]4CN(C(=O)c5cc(Cl)c(F)c(Cl)c5)[C@@H]2[C@H]4C3)[C@@H]1C,,,C[C@@H]1C(C(=O)N[C@@H]2[C@H]3C[C@@H]4CN(C(=O)c5cc(Cl)c(F)c(Cl)c5)[C@@H]2[C@H]4C3)[C@@H]1C,
85169,CCC=C(CCC)C(=O)N[C@H]1C[C@@](C)(NC(=O)c2nc(Cl)cs2)C1,"N-((1s,3s)-3-(4-chloro-1,3-thiazole-2-carboxamido)-3-methylcyclobutyl)-2-propylpent-2-enamide",,CCC=C(CCC)C(=O)N[C@H]1C[C@@](C)(NC(=O)c2nc(Cl)cs2)C1,
85203,O=C(CCCC(F)(F)CO)N1[C@H]2CC[C@@H]1C[C@H](CNC(=O)C1(C(F)F)CCC1)C2,,,O=C(CCCC(F)(F)CO)N1[C@@H]2CC[C@H]1C[C@@H](CNC(=O)C1(C(F)F)CCC1)C2,
85260,CN1C(=O)C[C@H](C(=O)N[C@H]2C[C@H]3COC[C@@H](C2)N3)c2ccccc21,,,CN1C(=O)CC(C(=O)N[C@H]2C[C@H]3COC[C@@H](C2)N3)c2ccccc21,
85274,CC(C)(NC(=O)[C@H]1C[C@](F)(CO)C1)[C@H]1CCCN1C(=O)CCCCCF,"(1s,3S)-3-fluoro-N-(2-((2R)-1-(6-fluorohexanoyl)pyrrolidin-2-yl)propan-2-yl)-3-(hydroxymethyl)cyclobutanecarboxamide",,CC(C)(NC(=O)C1CC(F)(CO)C1)[C@H]1CCCN1C(=O)CCCCCF,
85302,Cc1ccoc1C(=O)N1C[C@@]2(NC(=O)[C@H]3C[C@H]4CCC[C@H](C4)C3)CCC[C@@]2(F)C1,,,Cc1ccoc1C(=O)N1C[C@]2(F)CCC[C@]2(NC(=O)C2C[C@H]3CCC[C@@H](C2)C3)C1,
85358,Cc1ccc(C(=O)N[C@@H]2[C@H]3C[C@H](NC(=O)[C@@H](C)CC(C)(C)C)C[C@H]32)c(N)c1,,,Cc1ccc(C(=O)N[C@H]2[C@@H]3C[C@@H](NC(=O)C(C)CC(C)(C)C)C[C@@H]32)c(N)c1,
85384,COC[C@H](NC(=O)[C@H]1CCCC(=O)N1)C(=O)NC[C@H]1C[C@@H]2CC[C@@H]2C1,,,COCC(NC(=O)C1CCCC(=O)N1)C(=O)NC[C@@H]1C[C@H]2CC[C@H]2C1,
85432,C[C@H]1C[C@](C)(C(=O)N2CCOC[C@@H](CNC(=O)C3(F)CCC3)C2)C[C@@H](C)O1,,,C[C@@H]1C[C@@](C)(C(=O)N2CCOC[C@@H](CNC(=O)C3(F)CCC3)C2)C[C@H](C)O1,
85434,C=CCC(C)(C)C(=O)N[C@H]1CN(C(=O)[C@@H]2C[C@H](C)O[C@H](C)C2)CC[C@H]1F,,,C=CCC(C)(C)C(=O)N[C@H]1CN(C(=O)C2C[C@@H](C)O[C@@H](C)C2)CC[C@H]1F,
85436,CCC(=O)N[C@H](C)C(=O)N[C@H]1C[C@@H]2CN(C(=O)c3ccc(C)cn3)C[C@@H]2C1,,,CCC(=O)NC(C)C(=O)N[C@H]1C[C@@H]2CN(C(=O)c3ccc(C)cn3)C[C@@H]2C1,
85483,Cn1nnc(C(=O)N2[C@H]3CC[C@@H]2C[C@H](CNC(=O)c2cnnc(C4CC4)c2)C3)n1,,,Cn1nnc(C(=O)N2[C@@H]3CC[C@H]2C[C@@H](CNC(=O)c2cnnc(C4CC4)c2)C3)n1,
85504,Cn1ccc(CC(=O)NC[C@]2(F)C[C@@H](CNC(=O)C[C@H]3CCCC[C@H]3F)C2)n1,"N-(((1S,3s)-1-fluoro-3-((2-((1R,2R)-2-fluorocyclohexyl)acetamido)methyl)cyclobutyl)methyl)-2-(1-methyl-1H-pyrazol-3-yl)acetamide",,Cn1ccc(CC(=O)NC[C@]2(F)C[C@@H](CNC(=O)C[C@H]3CCCC[C@H]3F)C2)n1,
85557,C=CCCn1cc(C(=O)N[C@H]2C[C@@](F)(CNC(=O)c3ccc(F)cc3F)C2)nn1,"1-(but-3-en-1-yl)-N-((1r,3r)-3-((2,4-difluorobenzamido)methyl)-3-fluorocyclobutyl)-1H-1,2,3-triazole-4-carboxamide",,C=CCCn1cc(C(=O)N[C@H]2C[C@@](F)(CNC(=O)c3ccc(F)cc3F)C2)nn1,
85636,CC(C)c1ccc(/C=C/CC(=O)N[C@H]2[C@@H]3CN(C(=O)[C@H](C)C#N)C[C@@H]32)cc1,"(3E)-N-((1R,5S,6S)-3-((2R)-2-methyl-3-nitrilopropanoyl)-3-azabicyclo[3.1.0]hexan-6-yl)-4-(4-(propan-2-yl)phenyl)but-3-enamide",,CC(C#N)C(=O)N1C[C@@H]2[C@H](C1)[C@H]2NC(=O)C/C=C/c1ccc(C(C)C)cc1,
85647,CN(C)CCCCCCNC(=O)[C@@H]1[C@H]2CCN(C(=O)[C@H]3C[C@@H]4CC[C@H](C3)O4)C[C@H]21,,,CN(C)CCCCCCNC(=O)C1[C@H]2CCN(C(=O)C3C[C@H]4CC[C@@H](C3)O4)C[C@@H]12,
85690,CN(CCOCCCO)C(=O)N[C@H]1C[C@H]2CSC[C@H](C2)C1,,,CN(CCOCCCO)C(=O)N[C@@H]1C[C@@H]2CSC[C@@H](C2)C1,
85794,CCO[C@@H](CNC(=O)[C@]1(NC(=O)Cc2ccccc2F)C[C@@H](O)C1)C1CCC1,"(1s,3S)-N-((2R)-2-cyclobutyl-2-ethoxyethyl)-1-(2-(2-fluorophenyl)acetamido)-3-hydroxycyclobutanecarboxamide",,CCO[C@@H](CNC(=O)[C@]1(NC(=O)Cc2ccccc2F)C[C@@H](O)C1)C1CCC1,
85825,CCN(C(=O)[C@@H]1C[C@@H]2C[C@@H]2C1)[C@H](C)CNC(=O)Cc1ccc(-n2cnnn2)cc1,,,CCN(C(=O)C1C[C@@H]2C[C@@H]2C1)[C@H](C)CNC(=O)Cc1ccc(-n2cnnn2)cc1,
85837,CC(C)c1c[nH]nc1C(=O)NC[C@]1(C)CCN(C(=O)[C@H]2C[C@](F)(CO)C2)C1,"N-(((3S)-1-(((1s,3R)-3-fluoro-3-(hydroxymethyl)cyclobutyl)carbonyl)-3-methylpyrrolidin-3-yl)methyl)-4-(propan-2-yl)-1H-pyrazole-3-carboxamide",,CC(C)c1c[nH]nc1C(=O)NC[C@]1(C)CCN(C(=O)C2CC(F)(CO)C2)C1,
85934,COc1cc(Cl)c(Cl)cc1C(=O)N[C@H]1[C@@H]2CN(C(=O)[C@@]34C[C@@H](O)[C@@H]3C4)C[C@@H]21,"4,5-dichloro-N-((1R,5S,6R)-3-(((1S,3R,4R)-3-hydroxybicyclo[2.1.0]pentan-1-yl)carbonyl)-3-azabicyclo[3.1.0]hexan-6-yl)-2-methoxybenzamide",,COc1cc(Cl)c(Cl)cc1C(=O)N[C@H]1[C@@H]2CN(C(=O)[C@@]34C[C@@H](O)[C@@H]3C4)C[C@@H]21,
86013,CO[C@@H](CCSC)C(=O)NC[C@H]1C[C@@](F)(CNC(=O)[C@@H]2CC(F)(F)CS2)C1,"(2S)-N-(((1S,3S)-3-(((2S)-4,4-difluorothiolane-2-carboxamido)methyl)-3-fluorocyclobutyl)methyl)-2-methoxy-4-(methylsulfanyl)butanamide",,COC(CCSC)C(=O)NC[C@H]1C[C@@](F)(CNC(=O)C2CC(F)(F)CS2)C1,
86081,O=C(NC[C@@H](O)CNC(=O)[C@@H]1[C@H]2COC[C@H]21)[C@@H](F)C1CCCCCC1,,,O=C(NC[C@@H](O)CNC(=O)C1[C@H]2COC[C@@H]12)C(F)C1CCCCCC1,
86107,COC(=O)[C@@H](C)C(=O)N1[C@H]2CC[C@@H]1C[C@H](NC(=O)c1cnc(O)n(C)c1=O)C2,"methyl (2S)-2-(((1R,3S,5S)-3-(2-hydroxy-1-methyl-6-oxo-1,6-dihydropyrimidine-5-carboxamido)-8-azabicyclo[3.2.1]octan-8-yl)carbonyl)propanoate",,COC(=O)C(C)C(=O)N1[C@@H]2CC[C@H]1C[C@@H](NC(=O)c1c[nH]c(=O)n(C)c1=O)C2,
86157,CC(=Cc1ccco1)C(=O)N[C@]1(C)C[C@@H](NC(=O)c2cc(C)ccc2C)C1,"N-((1r,3r)-3-(2,5-dimethylbenzamido)-1-methylcyclobutyl)-3-(furan-2-yl)-2-methylprop-2-enamide",,CC(=Cc1ccco1)C(=O)N[C@]1(C)C[C@@H](NC(=O)c2cc(C)ccc2C)C1,
86360,COC1(C(=O)N[C@H]2[C@@H]3CN(C(=O)Cc4ccccc4)C[C@@H]32)CCC(C)(C)CC1,,,COC1(C(=O)N[C@H]2[C@@H]3CN(C(=O)Cc4ccccc4)C[C@@H]32)CCC(C)(C)CC1,
86372,Cc1cc(C(=O)NC[C@@H]2[C@@H](C)CCCN2C(=O)[C@H]2C[C@H]3[C@@H](C2)C3(F)F)c(C)o1,,,Cc1cc(C(=O)NC[C@@H]2[C@@H](C)CCCN2C(=O)C2C[C@@H]3[C@H](C2)C3(F)F)c(C)o1,
86433,CCCCS[C@@H](C)C(=O)NCCCCCn1cc(C[C@]2(O)C[C@@H](C(=O)O)C2)nn1,"(1R,3s)-3-((1-(5-((2S)-2-(butylsulfanyl)propanamido)pentyl)-1H-1,2,3-triazol-4-yl)methyl)-3-hydroxycyclobutanecarboxylic acid",,CCCCSC(C)C(=O)NCCCCCn1cc(CC2(O)CC(C(=O)O)C2)nn1,
86462,CN(C(=O)C=CC1CC1)[C@H]1[C@@H]2CN(C(=O)c3ccncc3Cl)C[C@@H]21,,,CN(C(=O)C=CC1CC1)[C@H]1[C@@H]2CN(C(=O)c3ccncc3Cl)C[C@@H]21,
86523,CO[C@@H](CCNC(=O)[C@H]1C[C@@H]2C[C@@H]2C1)CNC(=O)C1CN(C(C)C)C1,,,CO[C@@H](CCNC(=O)C1C[C@@H]2C[C@@H]2C1)CNC(=O)C1CN(C(C)C)C1,
86524,CC(C)Nc1nnccc1C(=O)N[C@H]1C[C@](C)(NC(=O)Cc2ccn(C)n2)C1,"N-((1r,3r)-3-methyl-3-(2-(1-methyl-1H-pyrazol-3-yl)acetamido)cyclobutyl)-3-((propan-2-yl)amino)pyridazine-4-carboxamide",,CC(C)Nc1nnccc1C(=O)N[C@H]1C[C@](C)(NC(=O)Cc2ccn(C)n2)C1,
86553,CC1(C)COC[C@H](C(=O)NC[C@]2(F)C[C@@H](NC(=O)c3cn4cccnc4n3)C2)O1,"N-((1S,3s)-3-(((2R)-6,6-dimethyl-1,4-dioxane-2-carboxamido)methyl)-3-fluorocyclobutyl)imidazo[1,2-a]pyrimidine-2-carboxamide",,CC1(C)COCC(C(=O)NC[C@]2(F)C[C@@H](NC(=O)c3cn4cccnc4n3)C2)O1,
86595,CC[C@@H](CC(=O)O)NC(=O)[C@H]1C[C@](O)(c2cn(CCO[C@@H]3CCOC3)nn2)C1,"(3S)-3-((1S,3R)-3-hydroxy-3-(1-(2-(((3R)-oxolan-3-yl)oxy)ethyl)-1H-1,2,3-triazol-4-yl)cyclobutanecarboxamido)pentanoic acid",,CC[C@@H](CC(=O)O)NC(=O)C1CC(O)(c2cn(CCO[C@@H]3CCOC3)nn2)C1,
86726,CCCCCCC(=O)NC[C@H]1C[C@@](F)(CNC(=O)C[C@H]2COC3(CCC3)CO2)C1,"N-(((1S,3r)-3-((2-((7S)-5,8-dioxaspiro[3.5]nonan-7-yl)acetamido)methyl)-3-fluorocyclobutyl)methyl)heptanamide",,CCCCCCC(=O)NC[C@H]1C[C@@](F)(CNC(=O)C[C@H]2COC3(CCC3)CO2)C1,
86785,CC(C)CC(C)(C)C(=O)N1C[C@H](C)[C@@H](NC(=O)c2nocc2Cl)[C@H](C)C1,,,CC(C)CC(C)(C)C(=O)N1C[C@@H](C)[C@H](NC(=O)c2nocc2Cl)[C@@H](C)C1,
86924,O=C(N[C@@H]1C[C@@H]2CC[C@H](C1)N2C(=O)c1csc(O)n1)[C@@H]1CS(=O)(=O)CCO1,,,O=C(N[C@H]1C[C@H]2CC[C@@H](C1)N2C(=O)c1csc(=O)[nH]1)C1CS(=O)(=O)CCO1,
86925,COC(=O)[C@H]1CC[C@H](NC(=O)N[C@H]2CC[C@@](C)(F)CC2)CC1,"methyl trans-4-((((1s,4s)-4-fluoro-4-methylcyclohexyl)carbamoyl)amino)cyclohexanecarboxylate",,COC(=O)C1CCC(NC(=O)N[C@H]2CC[C@@](C)(F)CC2)CC1,
86935,CSC[C@H](O)C(=O)N1C[C@H]2C[C@@H](C(=O)N3C[C@H]4C[C@@H]3[C@@H]3C[C@H]43)C[C@H]2C1,"(2R)-1-((1R,5S,7R)-7-(((1S,2R,4R,5R)-6-azatricyclo[3.2.1.0^{2,4}]octan-6-yl)carbonyl)-3-azabicyclo[3.3.0]octan-3-yl)-2-hydroxy-3-(methylsulfanyl)propan-1-one",,CSCC(O)C(=O)N1C[C@H]2CC(C(=O)N3C[C@H]4C[C@@H]3[C@@H]3C[C@H]43)C[C@H]2C1,
86948,Cc1ncc(C(=O)NC[C@]2(F)C[C@H](NC(=O)[C@@H]3CCCN3c3ccccc3)C2)o1,"N-(((1S,3r)-1-fluoro-3-((2S)-1-phenylpyrrolidine-2-carboxamido)cyclobutyl)methyl)-2-methyl-1,3-oxazole-5-carboxamide",,Cc1ncc(C(=O)NC[C@]2(F)C[C@H](NC(=O)C3CCCN3c3ccccc3)C2)o1,
86984,CN([C@H](C(=O)NC1CCCCC1)c1cc(-c2ccccc2)no1)[C@@H]1[C@H]2COC[C@H]21,,,CN(C(C(=O)NC1CCCCC1)c1cc(-c2ccccc2)no1)[C@H]1[C@@H]2COC[C@@H]21,
87004,Cc1cnn(CCCC(=O)N[C@]2(C)C[C@H](NC(=O)C(C)(C)[C@H](O)C(C)C)C2)c1,"(3R)-3-hydroxy-2,2,4-trimethyl-N-((1s,3S)-3-methyl-3-(4-(4-methyl-1H-pyrazol-1-yl)butanamido)cyclobutyl)pentanamide",,Cc1cnn(CCCC(=O)N[C@]2(C)C[C@H](NC(=O)C(C)(C)[C@H](O)C(C)C)C2)c1,
87022,C[C@@H](NC(=O)C[C@H]1[C@@H]2CN(C(=O)[C@@H]3CC=CCC3)C[C@H]12)c1cnccn1,"2-((1R,5S,6R)-3-(((1S)-cyclohex-3-en-1-yl)carbonyl)-3-azabicyclo[3.1.0]hexan-6-yl)-N-((1R)-1-(pyrazin-2-yl)ethyl)acetamide",,C[C@@H](NC(=O)C[C@@H]1[C@H]2CN(C(=O)C3CC=CCC3)C[C@@H]12)c1cnccn1,
87035,CC(C)OCC1(C(=O)NC[C@H]2C[C@@](F)(CNC(=O)CCCCN(C)C)C2)CC1,"N-(((1r,3r)-3-((5-(dimethylamino)pentanamido)methyl)-3-fluorocyclobutyl)methyl)-1-(isopropoxymethyl)cyclopropanecarboxamide",,CC(C)OCC1(C(=O)NC[C@H]2C[C@@](F)(CNC(=O)CCCCN(C)C)C2)CC1,
87043,CCCC(=O)N1CSC[C@@H]1C(=O)NCCCn1cc([C@H]2[C@@H]3COC[C@@H]32)nn1,,,CCCC(=O)N1CSCC1C(=O)NCCCn1cc([C@H]2[C@@H]3COC[C@@H]32)nn1,
87056,CO[C@]1(C(F)(F)F)C[C@H](C(=O)N(C)[C@H]2C[C@@H]3CC[C@H](C2)N3C(=O)CC2(O)CC2)C1,,,COC1(C(F)(F)F)CC(C(=O)N(C)[C@@H]2C[C@H]3CC[C@@H](C2)N3C(=O)CC2(O)CC2)C1,
87068,Cc1nc(C(=O)NC[C@H]2[C@@H]3CN(C(=O)CCC(F)F)C[C@H]23)c(C)s1,,,Cc1nc(C(=O)NC[C@@H]2[C@H]3CN(C(=O)CCC(F)F)C[C@@H]23)c(C)s1,
87081,Cc1cc(C(=O)N2[C@H]3CC[C@@H]2C[C@@H](CNC(=O)Cc2csnn2)C3)c(O)nc1C,,,Cc1cc(C(=O)N2[C@@H]3CC[C@H]2C[C@H](CNC(=O)Cc2csnn2)C3)c(=O)[nH]c1C,
87091,CC1(C)O[C@H]2C[C@H](NC(=O)C(F)(F)CCn3cc(-c4ccncc4)nn3)C[C@H]2O1,,,CC1(C)O[C@H]2C[C@H](NC(=O)C(F)(F)CCn3cc(-c4ccncc4)nn3)C[C@H]2O1,
87135,Cc1[nH]c(CN2C[C@@H]3[C@H](C(=O)N[C@H]4COc5ccccc54)[C@@H]3C2)c(C)c1[N+](=O)[O-],,,Cc1[nH]c(CN2C[C@@H]3C(C(=O)N[C@H]4COc5ccccc54)[C@@H]3C2)c(C)c1[N+](=O)[O-],
87206,C[C@H](C(=O)NC[C@]1(F)C[C@@H](NC(=O)[C@H](O)CN(C)C)C1)C1CC1,"(2R)-N-((1R,3S)-3-(((2S)-2-cyclopropylpropanamido)methyl)-3-fluorocyclobutyl)-3-(dimethylamino)-2-hydroxypropanamide",,CC(C(=O)NC[C@]1(F)C[C@@H](NC(=O)C(O)CN(C)C)C1)C1CC1,
87237,COc1cccc(Cl)c1CC(=O)NC[C@@]1(F)CCN(C(=O)[C@H]2C[C@@](C)(O)C2)C1,"2-(2-chloro-6-methoxyphenyl)-N-(((3S)-3-fluoro-1-(((1s,3R)-3-hydroxy-3-methylcyclobutyl)carbonyl)pyrrolidin-3-yl)methyl)acetamide",,COc1cccc(Cl)c1CC(=O)NC[C@@]1(F)CCN(C(=O)C2CC(C)(O)C2)C1,
87311,COCC12CCC(C(=O)N3C[C@H]4C[C@H](NC(=O)C5CC(F)C5)C[C@H]4C3)(CC1)CO2,,,COCC12CCC(C(=O)N3C[C@H]4C[C@H](NC(=O)C5CC(F)C5)C[C@H]4C3)(CC1)CO2,
87340,C=CCC1(CC(=O)N[C@]2(C)C[C@@H](NC(=O)c3ccnn3C(C)C)C2)CCCC1,"N-((1r,3r)-1-methyl-3-(1-(propan-2-yl)-1H-pyrazole-5-carboxamido)cyclobutyl)-2-(1-(prop-2-en-1-yl)cyclopentyl)acetamide",,C=CCC1(CC(=O)N[C@]2(C)C[C@@H](NC(=O)c3ccnn3C(C)C)C2)CCCC1,
87361,CCCn1cc(C(=O)NC[C@H]2[C@@H]3CN(C(=O)Cc4c(C)cccc4C)C[C@H]23)cn1,,,CCCn1cc(C(=O)NC[C@@H]2[C@H]3CN(C(=O)Cc4c(C)cccc4C)C[C@@H]23)cn1,
87492,O=C(C=Cc1ccccc1)N[C@H]1C[C@](F)(CNC(=O)c2ccnc3[nH]cnc23)C1,"N-((1s,3s)-3-fluoro-3-((2,7,9-triazabicyclo[4.3.0]nona-1,3,5,7-tetraene-5-carboxamido)methyl)cyclobutyl)-3-phenylprop-2-enamide",,O=C(C=Cc1ccccc1)N[C@H]1C[C@](F)(CNC(=O)c2ccnc3[nH]cnc23)C1,
87526,COCC[C@H](CNC(=O)C1(CCOC)CC1)NC(=O)[C@@H]1[C@H]2CCC[C@H]21,,,COCC[C@H](CNC(=O)C1(CCOC)CC1)NC(=O)C1[C@H]2CCC[C@@H]12,
87536,CCCCC1(C(=O)N2CCO[C@]3(CC[C@@H](NC(=O)[C@@]4(C)CCOC4)CC3)C2)CC1,(3S)-N-(4-((1-butylcyclopropyl)carbonyl)-1-oxa-4-azaspiro[5.5]undecan-9-yl)-3-methyloxolane-3-carboxamide,C(CCC)C1(CC1)C(=O)N1CCOC2(C1)CCC(CC2)NC(=O)[C@@]2(COCC2)C,CCCCC1(C(=O)N2CCO[C@]3(CC[C@@H](NC(=O)[C@@]4(C)CCOC4)CC3)C2)CC1,CCCCC1(C(=O)N2CCOC3(CCC(NC(=O)[C@@]4(C)CCOC4)CC3)C2)CC1
87548,CC1(CC(=O)NC[C@H]2[C@@H]3CN(C(=O)[C@]4(C)CCCC(F)(F)C4)C[C@H]23)OCCO1,"N-(((1R,5S,6R)-3-(((1R)-3,3-difluoro-1-methylcyclohexyl)carbonyl)-3-azabicyclo[3.1.0]hexan-6-yl)methyl)-2-(2-methyl-1,3-dioxolan-2-yl)acetamide",,CC1(CC(=O)NC[C@@H]2[C@H]3CN(C(=O)[C@]4(C)CCCC(F)(F)C4)C[C@@H]23)OCCO1,
87591,CC[C@](C)(CO)CNC(=O)[C@H](CNC(=O)[C@]12CCC[C@H]1CCC2)OC,(2S)-N-((2S)-2-(hydroxymethyl)-2-methylbutyl)-2-methoxy-3-(octahydropentalene-3a-carboxamido)propanamide,OC[C@](CNC([C@H](CNC(=O)C12CCCC2CCC1)OC)=O)(CC)C,CC[C@](C)(CO)CNC(=O)C(CNC(=O)[C@]12CCC[C@H]1CCC2)OC,CC[C@](C)(CO)CNC(=O)C(CNC(=O)C12CCCC1CCC2)OC
87616,Cc1cc(CC(=O)N2C[C@@H]3COC[C@H](C2)[C@@H]3NC(=O)[C@H]2CCNC(=O)C2)no1,,,Cc1cc(CC(=O)N2C[C@H]3COC[C@@H](C2)[C@H]3NC(=O)C2CCNC(=O)C2)no1,
87644,CN(C(=O)[C@H](CO)C(F)(F)F)C(C)(C)CC(=O)N1[C@H]2CC[C@@H]1C[C@H](O)C2,"(2S)-3,3,3-trifluoro-N-(4-((1R,3S,5S)-3-hydroxy-8-azabicyclo[3.2.1]octan-8-yl)-2-methyl-4-oxobutan-2-yl)-2-(hydroxymethyl)-N-methylpropanamide",,CN(C(=O)C(CO)C(F)(F)F)C(C)(C)CC(=O)N1[C@@H]2CC[C@H]1C[C@@H](O)C2,
87730,N#C[C@@H]1CCC[C@H]1NC(=O)[C@]12CCC[C@H]1CN(C(=O)[C@@H]1C[C@@H]3CC[C@@H]3C1)C2,,,N#C[C@@H]1CCC[C@H]1NC(=O)[C@]12CCC[C@H]1CN(C(=O)C1C[C@H]3CC[C@H]3C1)C2,
87794,O=C(CSC(F)F)NC[C@H]1[C@@H]2CN(C(=O)c3cccnc3SC(F)(F)F)C[C@H]12,,,O=C(CSC(F)F)NC[C@@H]1[C@H]2CN(C(=O)c3cccnc3SC(F)(F)F)C[C@@H]12,
87815,CN(CCC(C)(C)C)C(=O)[C@H]1C[C@@](C)(NC(=O)CCC2=CCCCC2)C1,"(1s,3s)-3-(3-(cyclohex-1-en-1-yl)propanamido)-N-(3,3-dimethylbutyl)-N,3-dimethylcyclobutanecarboxamide",,CN(CCC(C)(C)C)C(=O)C1CC(C)(NC(=O)CCC2=CCCCC2)C1,
88114,CC[C@H](CC(F)(F)F)C(=O)N1[C@H]2CC[C@@H]1C[C@@H](NC(=O)C1SCCS1)C2,"N-((1R,3S,5S)-8-((2R)-2-ethyl-4,4,4-trifluorobutanoyl)-8-azabicyclo[3.2.1]octan-3-yl)-1,3-dithiolane-2-carboxamide",,CCC(CC(F)(F)F)C(=O)N1[C@@H]2CC[C@H]1C[C@H](NC(=O)C1SCCS1)C2,
88299,CCc1c(C(=O)NC[C@]2(F)CC[C@H](CNC(=O)[C@@H](CC)OC)CC2)nnn1C,"5-ethyl-N-(((1R,4r)-1-fluoro-4-(((2R)-2-methoxybutanamido)methyl)cyclohexyl)methyl)-1-methyl-1H-1,2,3-triazole-4-carboxamide",,CCc1c(C(=O)NC[C@]2(F)CC[C@H](CNC(=O)C(CC)OC)CC2)nnn1C,
88315,O=C(NC[C@]1(F)C[C@H](CNC(=O)[C@H]2CCOC2)C1)c1cc2c(nn1)CCCC2,"N-(((1S,3r)-1-fluoro-3-(((3S)-oxolane-3-carboxamido)methyl)cyclobutyl)methyl)-5,6,7,8-tetrahydrocinnoline-3-carboxamide",,O=C(NC[C@]1(F)C[C@H](CNC(=O)C2CCOC2)C1)c1cc2c(nn1)CCCC2,
88433,O=C(Cc1sc(O)nc1O)NC1[C@H]2C[C@H]1CN(C(=O)[C@H]1C[C@@H]3C[C@@H]3C1)C2,,,O=C(Cc1sc(=O)[nH]c1O)NC1[C@H]2C[C@H]1CN(C(=O)C1C[C@@H]3C[C@@H]3C1)C2,
88546,O=C(Cc1cccs1)NC[C@H]1[C@@H]2CN(C(=O)c3cc(F)cc4c3CCC4)C[C@H]12,,,O=C(Cc1cccs1)NC[C@@H]1[C@H]2CN(C(=O)c3cc(F)cc4c3CCC4)C[C@@H]12,
88554,O=C(NC[C@]1(F)C[C@@H](Nc2ncnc3sccc23)C1)C1=C[C@H]2CCC[C@@H]12,"(1R,5R)-N-(((1s,3S)-1-fluoro-3-((thieno[2,3-d]pyrimidin-4-yl)amino)cyclobutyl)methyl)bicyclo[3.2.0]hept-6-ene-6-carboxamide",,O=C(NC[C@]1(F)C[C@@H](Nc2ncnc3sccc23)C1)C1=C[C@H]2CCC[C@@H]12,
88644,Cc1nc(O)sc1C(=O)N[C@]1(C)C[C@H](NC(=O)[C@@H]2C[C@H]3CC[C@H]2C3)C1,"N-((1S,3s)-3-((1S,2R,4S)-bicyclo[2.2.1]heptane-2-carboxamido)-1-methylcyclobutyl)-2-hydroxy-4-methyl-1,3-thiazole-5-carboxamide",,Cc1[nH]c(=O)sc1C(=O)N[C@]1(C)C[C@H](NC(=O)C2C[C@H]3CC[C@H]2C3)C1,
88663,CCC/C=C/CN1C[C@H]2[C@@H](C1)[C@@H]2C(=O)N(C)CCCc1c(C)n[nH]c1C,,,CCC/C=C/CN1C[C@@H]2C(C(=O)N(C)CCCc3c(C)n[nH]c3C)[C@@H]2C1,
88698,CC(C)(C)C[C@H](F)C(=O)N[C@H]1C=CCN(C(=O)[C@H]2C[C@@H]3CCC[C@@H]3C2)C1,,,CC(C)(C)CC(F)C(=O)N[C@H]1C=CCN(C(=O)C2C[C@H]3CCC[C@H]3C2)C1,
88735,CC(C)CCCCC(=O)N(C)C[C@@H]1CCCN1C(=O)[C@@H]1[C@H]2[C@@H]3CC[C@@H](C3)[C@H]21,,,CC(C)CCCCC(=O)N(C)C[C@@H]1CCCN1C(=O)C1[C@@H]2[C@H]3CC[C@H](C3)[C@H]12,
88805,COCCCNC(=O)CCC(=O)NC[C@H]1[C@@H]2CN(C(=O)[C@@H]3CC(=O)N(O)C3)C[C@H]12,"N'-(((1R,5S,6R)-3-(((3R)-1-hydroxy-5-oxopyrrolidin-3-yl)carbonyl)-3-azabicyclo[3.1.0]hexan-6-yl)methyl)-N-(3-methoxypropyl)butanediamide",,COCCCNC(=O)CCC(=O)NC[C@@H]1[C@H]2CN(C(=O)C3CC(=O)N(O)C3)C[C@@H]12,
89000,COCCC[C@@H](C)C(=O)NC[C@]1(F)C[C@H](CNC(=O)c2nc(O)sc2C)C1,"(2R)-N-(((1r,3R)-1-fluoro-3-((2-hydroxy-5-methyl-1,3-thiazole-4-carboxamido)methyl)cyclobutyl)methyl)-5-methoxy-2-methylpentanamide",,COCCCC(C)C(=O)NC[C@]1(F)C[C@H](CNC(=O)c2[nH]c(=O)sc2C)C1,
89040,O=C(C[C@H]1CCCN(C(=O)c2cc([N+](=O)[O-])n[nH]2)C1)NC[C@@H]1[C@H]2CCCCC[C@H]21,,,O=C(C[C@H]1CCCN(C(=O)c2cc([N+](=O)[O-])[nH]n2)C1)NC[C@H]1[C@@H]2CCCCC[C@@H]21,
89084,C[C@H]1CCN(C(=O)[C@H]2C[C@](F)(CO)C2)C[C@@H]1CNC(=O)CN1OC(C)(C)CC1=O,"2-(5,5-dimethyl-3-oxo-1,2-oxazolidin-2-yl)-N-(((3S,4S)-1-(((1s,3R)-3-fluoro-3-(hydroxymethyl)cyclobutyl)carbonyl)-4-methylpiperidin-3-yl)methyl)acetamide",,C[C@H]1CCN(C(=O)C2CC(F)(CO)C2)C[C@@H]1CNC(=O)CN1OC(C)(C)CC1=O,
89109,Cc1nnnn1CC(=O)N1[C@H]2CC[C@@H]1C[C@@H](N(C)C(=O)[C@@H]1[C@H]3COC[C@H]31)C2,,,Cc1nnnn1CC(=O)N1[C@@H]2CC[C@H]1C[C@H](N(C)C(=O)C1[C@H]3COC[C@@H]13)C2,
89216,COCc1csc(C(=O)N[C@@H]2CC23CCN(C(=O)[C@@H]2[C@@H](C)[C@H]2C)CC3)c1,,,COCc1csc(C(=O)N[C@@H]2CC23CCN(C(=O)C2[C@@H](C)[C@H]2C)CC3)c1,
89282,CC(C)(CNC(=O)c1ccc2nc(S)oc2c1)CNC(=O)[C@]1(C)C[C@@H](C#N)C1,"N-(3-((1r,3r)-3-cyano-1-methylcyclobutanecarboxamido)-2,2-dimethylpropyl)-2-sulfanyl-1,3-benzoxazole-6-carboxamide",,CC(C)(CNC(=O)c1ccc2[nH]c(=S)oc2c1)CNC(=O)[C@]1(C)C[C@@H](C#N)C1,
89325,CC(C)Cn1ccc2c(C(=O)N[C@@H](C)CNC(=O)[C@H]3[C@@H](C)[C@H]3C)cccc21,,,CC(C)Cn1ccc2c(C(=O)N[C@@H](C)CNC(=O)C3[C@@H](C)[C@H]3C)cccc21,
89360,CCn1cccc1C(=O)NCCN1CCN(C(=O)[C@H]2C[C@@H]3OC(=O)O[C@@H]3C2)CC1,,,CCn1cccc1C(=O)NCCN1CCN(C(=O)C2C[C@@H]3OC(=O)O[C@@H]3C2)CC1,
89394,C[C@@]1(NC(=O)c2cccc3ncoc23)CCCN(C(=O)[C@@H]2[C@H]3COC[C@H]32)C1,,,C[C@@]1(NC(=O)c2cccc3ncoc23)CCCN(C(=O)C2[C@H]3COC[C@@H]23)C1,
89406,CCCN(CCNC(=O)[C@@H]1[C@H]2CCCC[C@H]21)C(=O)C(F)=C1CCC1,,,CCCN(CCNC(=O)C1[C@H]2CCCC[C@@H]12)C(=O)C(F)=C1CCC1,
89413,CCC(C)(C)CC(=O)NC[C@]1(F)C[C@H](NC(=O)Cc2ccccc2Br)C1,"N-(((1r,3r)-3-(2-(2-bromophenyl)acetamido)-1-fluorocyclobutyl)methyl)-3,3-dimethylpentanamide",,CCC(C)(C)CC(=O)NC[C@]1(F)C[C@H](NC(=O)Cc2ccccc2Br)C1,
89525,C[C@@H]1C[C@@H](NC(=O)[C@H]2CC[C@H]3C[C@H]3CC2)c2ncnn21,,,C[C@@H]1C[C@@H](NC(=O)C2CC[C@@H]3C[C@@H]3CC2)c2ncnn21,
89542,CC(C)C[C@H](ONC(=O)[C@@H]1C[C@@H]2CC[C@@H]2C1)C(=O)NC[C@@H](C)[C@H](C)O,,,CC(C)CC(ONC(=O)C1C[C@H]2CC[C@H]2C1)C(=O)NC[C@@H](C)[C@H](C)O,
89558,N#Cc1ccc([C@H]2CN(N3C[C@H]4C[C@@H](O)C[C@H]4C3)CCO2)cc1,"4-((2S)-4-((1R,5S,7S)-7-hydroxy-3-azabicyclo[3.3.0]octan-3-yl)morpholin-2-yl)benzonitrile",,N#Cc1ccc([C@H]2CN(N3C[C@H]4C[C@@H](O)C[C@H]4C3)CCO2)cc1,
89566,CC(C)C1(C(=O)NC[C@]2(F)C[C@@H](NC(=O)c3cccc4[nH]cc(Cl)c34)C2)CC1,"3-chloro-N-((1s,3s)-3-fluoro-3-((1-(propan-2-yl)cyclopropanecarboxamido)methyl)cyclobutyl)-1H-indole-4-carboxamide",,CC(C)C1(C(=O)NC[C@]2(F)C[C@@H](NC(=O)c3cccc4[nH]cc(Cl)c34)C2)CC1,
89662,COC(=O)N=S1(=O)CCN([C@H](C(=O)NCCC#N)C2CCCCCC2)CC1,methyl ((bis(2-(((1S)-1-cycloheptyl-2-((3-nitrilopropyl)amino)-2-oxoethyl)(ethyl)amino)ethyl))(oxo)-lambda^6-sulfanylidene)carbamate,C1(CCCCCC1)[C@@H](C(=O)NCCC#N)N(CCS(=O)(CCN([C@H](C(NCCC#N)=O)C1CCCCCC1)CC)=NC(OC)=O)CC,COC(=O)N=S1(=O)CCN(C(C(=O)NCCC#N)C2CCCCCC2)CC1,CCN(CCS(=O)(CCN(CC)C(C(=O)NCCC#N)C1CCCCCC1)=NC(=O)OC)C(C(=O)NCCC#N)C1CCCCCC1
89663,C#CC[C@]1(O)C[C@@H](C(=O)N2CCC[C@@]3(NC(=O)Cc4cnc(C)o4)CCC[C@@H]23)C1,"N-((4aS,7aR)-1-(((1s,3S)-3-hydroxy-3-(prop-2-yn-1-yl)cyclobutyl)carbonyl)octahydro-5H-cyclopenta[b]pyridin-4a-yl)-2-(2-methyl-1,3-oxazol-5-yl)acetamide",,C#CCC1(O)CC(C(=O)N2CCC[C@@]3(NC(=O)Cc4cnc(C)o4)CCC[C@@H]23)C1,
89709,Cc1occc1CC(=O)N1[C@H]2CC[C@@H]1C[C@@H](N(C)C(=O)C[C@H](C)n1cccn1)C2,,,Cc1occc1CC(=O)N1[C@@H]2CC[C@H]1C[C@H](N(C)C(=O)C[C@H](C)n1cccn1)C2,
89756,CC(C)=C(Br)C(=O)N1C[C@H](NC(=O)[C@@H]2C[C@@H]3C[C@@H]3C2)CC12CCOCC2,,,CC(C)=C(Br)C(=O)N1C[C@H](NC(=O)C2C[C@@H]3C[C@@H]3C2)CC12CCOCC2,
89758,CCC[C@@H](NC(=O)[C@H]1C[C@@](C)(O)C1)C(=O)N1CCC(C2(C)CC2)CC1,"(1s,3S)-3-hydroxy-3-methyl-N-((2R)-1-(4-(1-methylcyclopropyl)piperidin-1-yl)-1-oxopentan-2-yl)cyclobutanecarboxamide",,CCCC(NC(=O)C1CC(C)(O)C1)C(=O)N1CCC(C2(C)CC2)CC1,
89773,CCOc1ccc(N)c(C(=O)N2C[C@H]3[C@H](CN(C)C(=O)C=NOC)[C@H]3C2)c1,,,CCOc1ccc(N)c(C(=O)N2C[C@@H]3[C@@H](CN(C)C(=O)C=NOC)[C@@H]3C2)c1,
89865,C=CCC1(C(=O)N2[C@H]3CC[C@@H]2C[C@@H](CNC(=O)[C@@H](OC(C)=O)C(F)(F)F)C3)CC1,,,C=CCC1(C(=O)N2[C@@H]3CC[C@H]2C[C@H](CNC(=O)C(OC(C)=O)C(F)(F)F)C3)CC1,
90042,O=C(NC1(CNC(=O)[C@]2(F)[C@H]3CCCC[C@H]32)CC1)c1ccn(C2CCCCC2)n1,,,O=C(NC1(CNC(=O)[C@@]2(F)[C@@H]3CCCC[C@@H]32)CC1)c1ccn(C2CCCCC2)n1,
90117,CCc1conc1CC(=O)N[C@@H]1C[C@@H](C(=O)N(C)[C@@H]2C[C@@H](C)C[C@@H](C)C2)C1(C)C,,,CCc1conc1CC(=O)N[C@@H]1CC(C(=O)N(C)[C@H]2C[C@H](C)C[C@H](C)C2)C1(C)C,
90147,Cc1cccc(C(=O)N2C[C@H]3[C@H](CNC(=O)Cc4cnnn4C)[C@H]3C2)c1F,,,Cc1cccc(C(=O)N2C[C@@H]3[C@@H](CNC(=O)Cc4cnnn4C)[C@@H]3C2)c1F,
90151,O=C(NCCC1(O)CCCC1)[C@@H](CO)NC(=O)[C@@H]1[C@H]2[C@@H]3CC[C@@H](C3)[C@H]21,,,O=C(NCCC1(O)CCCC1)C(CO)NC(=O)C1[C@@H]2[C@H]3CC[C@H](C3)[C@H]12,
90181,C[C@]1(NC(=O)c2cc3c(cc2N)OCO3)C[C@H](NC(=O)c2sccc2C(F)F)C1,"6-amino-N-((1r,3r)-3-(3-(difluoromethyl)thiophene-2-carboxamido)-1-methylcyclobutyl)-1,3-benzodioxole-5-carboxamide",,C[C@]1(NC(=O)c2cc3c(cc2N)OCO3)C[C@H](NC(=O)c2sccc2C(F)F)C1,
90259,Cc1ccc(Cl)c(C(=O)N[C@H]2[C@@H]3CN(C(=O)c4cc(C5CCCC5)[nH]n4)C[C@@H]32)c1,,,Cc1ccc(Cl)c(C(=O)N[C@H]2[C@@H]3CN(C(=O)c4cc(C5CCCC5)[nH]n4)C[C@@H]32)c1,
90279,C=C[C@H](CC)CC(=O)N1C[C@H]2[C@H](NC(=O)c3ccccc3OC3CCCC3)[C@H]2C1,"2-(cyclopentyloxy)-N-((1R,5S,6S)-3-((3R)-3-ethylpent-4-enoyl)-3-azabicyclo[3.1.0]hexan-6-yl)benzamide",,C=C[C@H](CC)CC(=O)N1C[C@@H]2[C@H](C1)[C@H]2NC(=O)c1ccccc1OC1CCCC1,
90285,COC1CC2(C1)C[C@H]2NC(=O)C[C@H]1[C@@H]2CN(C(=O)c3cc(F)cnc3O)C[C@H]12,,,COC1CC2(C1)C[C@H]2NC(=O)C[C@@H]1[C@H]2CN(C(=O)c3cc(F)c[nH]c3=O)C[C@@H]12,
90327,CCN(C(=O)CCCCCN(C)C)[C@H](C)C(=O)N1[C@H]2CC[C@@H]1C[C@@H](OC)C2,"6-(dimethylamino)-N-ethyl-N-((2R)-1-((1R,3S,5S)-3-methoxy-8-azabicyclo[3.2.1]octan-8-yl)-1-oxopropan-2-yl)hexanamide",,CCN(C(=O)CCCCCN(C)C)C(C)C(=O)N1[C@@H]2CC[C@H]1C[C@H](OC)C2,
90353,CC[C@H](C)[C@H](O)C(=O)N(C)[C@H]1[C@@H]2CN(C(=O)C=Cc3ccc(C)c(Cl)c3)C[C@@H]21,,,CCC(C)C(O)C(=O)N(C)[C@H]1[C@@H]2CN(C(=O)C=Cc3ccc(C)c(Cl)c3)C[C@@H]21,
90403,C#CCC(C)(C)C(=O)N[C@H]1C[C@@H]2CC[C@H](C1)N2C(=O)[C@H](C)NC1(CO)CCCC1,"N-((1R,3R,5S)-8-((2S)-2-((1-(hydroxymethyl)cyclopentyl)amino)propanoyl)-8-azabicyclo[3.2.1]octan-3-yl)-2,2-dimethylpent-4-ynamide",,C#CCC(C)(C)C(=O)N[C@@H]1C[C@H]2CC[C@@H](C1)N2C(=O)C(C)NC1(CO)CCCC1,
90461,C[C@H](S)C(=O)N[C@@H]1[C@H]2COC[C@@H]1CN(C(=O)c1ccc(-n3cccn3)cc1)C2,,,CC(S)C(=O)N[C@H]1[C@@H]2COC[C@H]1CN(C(=O)c1ccc(-n3cccn3)cc1)C2,
90528,C[C@@H]1C[C@]1(C#N)C(=O)N1CCn2ncc(CN(C)C(=O)[C@H]3C[C@](F)(CO)C3)c2C1,"(1s,3R)-N-((4-(((1S,2R)-1-cyano-2-methylcyclopropyl)carbonyl)-1,4,9-triazabicyclo[4.3.0]nona-6,8-dien-7-yl)methyl)-3-fluoro-3-(hydroxymethyl)-N-methylcyclobutanecarboxamide",,C[C@@H]1C[C@]1(C#N)C(=O)N1CCn2ncc(CN(C)C(=O)C3CC(F)(CO)C3)c2C1,
90537,Cc1[nH]nc(Cl)c1C(=O)N1C[C@H]2[C@H](NC(=O)[C@]3(C)CCNC(=O)C3)[C@H]2C1,,,Cc1[nH]nc(Cl)c1C(=O)N1C[C@@H]2[C@H](C1)[C@H]2NC(=O)[C@]1(C)CCNC(=O)C1,
90558,CSc1c(C(=O)N[C@]2(C)C[C@@H](NC(=O)[C@@H](C)[C@H](O)C(C)C)C2)cnn1C,"N-((1S,3r)-3-((2S,3R)-3-hydroxy-2,4-dimethylpentanamido)-1-methylcyclobutyl)-1-methyl-5-(methylsulfanyl)-1H-pyrazole-4-carboxamide",,CSc1c(C(=O)N[C@]2(C)C[C@@H](NC(=O)C(C)[C@H](O)C(C)C)C2)cnn1C,
90573,CC(C)C[C@H](C)CC(=O)N[C@]1(C)C[C@H](NC(=O)c2cc(N)c(F)cn2)C1,"(3S)-N-((1s,3R)-3-(4-amino-5-fluoropyridine-2-carboxamido)-1-methylcyclobutyl)-3,5-dimethylhexanamide",,CC(C)C[C@H](C)CC(=O)N[C@]1(C)C[C@H](NC(=O)c2cc(N)c(F)cn2)C1,
90609,CCc1cc(C(=O)N[C@]2(C)C[C@H](NC(=O)[C@@H]3CCCN3N=O)C2)nn1CCO,"5-ethyl-1-(2-hydroxyethyl)-N-((1R,3s)-1-methyl-3-((2S)-1-nitrosopyrrolidine-2-carboxamido)cyclobutyl)-1H-pyrazole-3-carboxamide",,CCc1cc(C(=O)N[C@]2(C)C[C@H](NC(=O)C3CCCN3N=O)C2)nn1CCO,
90691,C#CC[C@]1(O)C[C@@H](C(=O)N2CCCO[C@@H](CCNC(=O)[C@@H](C)C(CC)CC)C2)C1,"(2S)-3-ethyl-N-(2-((2S)-4-(((1s,3R)-3-hydroxy-3-(prop-2-yn-1-yl)cyclobutyl)carbonyl)-1,4-oxazepan-2-yl)ethyl)-2-methylpentanamide",,C#CCC1(O)CC(C(=O)N2CCCO[C@@H](CCNC(=O)C(C)C(CC)CC)C2)C1,
90698,CCOC(=O)c1c(C=CC(=O)N2[C@@H](C)C[C@@H](C(=O)O)C[C@H]2C)c(C)n(CC)c1C,,,CCOC(=O)c1c(C=CC(=O)N2[C@H](C)CC(C(=O)O)C[C@@H]2C)c(C)n(CC)c1C,
90711,CCOC(=O)CC(=O)N[C@H]1CCC[C@H](NC(=O)[C@]2(C(F)(F)F)C[C@@H](O)C2)C1,"ethyl 2-(((1S,3S)-3-((1s,3R)-3-hydroxy-1-(trifluoromethyl)cyclobutanecarboxamido)cyclohexyl)carbamoyl)acetate",,CCOC(=O)CC(=O)N[C@H]1CCC[C@H](NC(=O)[C@]2(C(F)(F)F)C[C@@H](O)C2)C1,
90740,CS[C@@H](C(=O)N1[C@H]2CC[C@@H]1C[C@@H](NC(=O)c1ccc(S(N)(=O)=O)o1)C2)C(C)C,"N-((1R,3S,5S)-8-((2R)-3-methyl-2-(methylsulfanyl)butanoyl)-8-azabicyclo[3.2.1]octan-3-yl)-5-sulfamoylfuran-2-carboxamide",,CSC(C(=O)N1[C@@H]2CC[C@H]1C[C@H](NC(=O)c1ccc(S(N)(=O)=O)o1)C2)C(C)C,
90794,CC1CCC(C(=O)N[C@H]2C[C@](F)(CNC(=O)C3=CCOCC3)C2)CC1,"N-(((1s,3s)-1-fluoro-3-(4-methylcyclohexanecarboxamido)cyclobutyl)methyl)-3,6-dihydro-2H-pyran-4-carboxamide",,CC1CCC(C(=O)N[C@H]2C[C@](F)(CNC(=O)C3=CCOCC3)C2)CC1,
90799,CC(C)Cn1nccc1C(=O)N[C@]1(C)C[C@H](NC(=O)C[C@H]2COC(=O)C2)C1,"N-((1S,3s)-1-methyl-3-(2-((3R)-5-oxooxolan-3-yl)acetamido)cyclobutyl)-1-(2-methylpropyl)-1H-pyrazole-5-carboxamide",,CC(C)Cn1nccc1C(=O)N[C@]1(C)C[C@H](NC(=O)C[C@H]2COC(=O)C2)C1,
90814,C[C@@H](CF)CC(=O)NC[C@]1(F)C[C@@H](NC(=O)CCN2CCNC(=O)C2)C1,"(3R)-4-fluoro-N-(((1s,3S)-1-fluoro-3-(3-(3-oxopiperazin-1-yl)propanamido)cyclobutyl)methyl)-3-methylbutanamide",,C[C@@H](CF)CC(=O)NC[C@]1(F)C[C@@H](NC(=O)CCN2CCNC(=O)C2)C1,
90827,C[C@H](NC(=O)C1=CC2(CN(C(=O)[C@@H]3[C@H]4CN(C)C[C@H]43)C2)OC1)c1cccs1,,,C[C@H](NC(=O)C1=CC2(CN(C(=O)C3[C@H]4CN(C)C[C@@H]34)C2)OC1)c1cccs1,
90871,COC(=O)[C@H]1C(F)(F)[C@]12C[C@@H](NC(=O)[C@@H]1CCN[C@H](C(F)(F)F)C1)C2,"methyl (1S)-2,2-difluoro-5-((2S,4R)-2-(trifluoromethyl)piperidine-4-carboxamido)spiro[2.3]hexane-1-carboxylate",FC1([C@@H](C12CC(C2)NC(=O)[C@H]2C[C@H](NCC2)C(F)(F)F)C(=O)OC)F,COC(=O)C1C(F)(F)[C@]12C[C@@H](NC(=O)C1CCN[C@H](C(F)(F)F)C1)C2,COC(=O)C1C(F)(F)C12CC(NC(=O)C1CCN[C@H](C(F)(F)F)C1)C2
90876,CC(C)CCCN=c1ccc(S(=O)(=O)NC[C@@H]2C[C@@H](C)C[C@@H](C)C2)c[nH]1,,,CC(C)CCCNc1ccc(S(=O)(=O)NC[C@H]2C[C@H](C)C[C@H](C)C2)cn1,
90885,COC(=O)C(C1CC1)S(=O)(=O)N[C@H]1C2CC3CC1C[C@@](O)(C3)C2,methyl 2-cyclopropyl-2-((5-hydroxyadamantan-2-yl)sulfamoyl)acetate,C1(CC1)C(C(=O)OC)S(NC1C2CC3CC(CC1C3)(C2)O)(=O)=O,COC(=O)C(C1CC1)S(=O)(=O)N[C@H]1C2CC3CC1C[C@@](O)(C3)C2,COC(=O)C(C1CC1)S(=O)(=O)NC1C2CC3CC1CC(O)(C3)C2
90915,CO[C@@H](C(=O)NC[C@]1(F)C[C@@H](CNC(=O)Cc2c[nH]nc2C)C1)C1CCOCC1,"(2R)-N-(((1s,3S)-1-fluoro-3-((2-(3-methyl-1H-pyrazol-4-yl)acetamido)methyl)cyclobutyl)methyl)-2-methoxy-2-(oxan-4-yl)acetamide",,COC(C(=O)NC[C@]1(F)C[C@@H](CNC(=O)Cc2c[nH]nc2C)C1)C1CCOCC1,
90920,C[C@H](O)c1ccccc1C(=O)N1[C@H]2CC[C@@H]1C[C@H](NC(=O)[C@H]1CCC[C@H]1C)C2,"(1S,2R)-N-((1R,3S,5S)-8-((2-((1S)-1-hydroxyethyl)phenyl)carbonyl)-8-azabicyclo[3.2.1]octan-3-yl)-2-methylcyclopentanecarboxamide",,C[C@H](O)c1ccccc1C(=O)N1[C@@H]2CC[C@H]1C[C@@H](NC(=O)C1CCC[C@H]1C)C2,
90933,C#C[C@]1(O)C[C@@H](C(=O)N2CC[C@H]3C[C@H]2CN(C(=O)CCC(=O)N(CC)CC)C3)C1,"N,N-diethyl-4-((1S,5S)-2-(((1s,3R)-3-ethynyl-3-hydroxycyclobutyl)carbonyl)-2,7-diazabicyclo[3.3.1]nonan-7-yl)-4-oxobutanamide",,C#CC1(O)CC(C(=O)N2CC[C@H]3C[C@H]2CN(C(=O)CCC(=O)N(CC)CC)C3)C1,
91001,C[C@@]1(CNC(=O)[C@H]2C[C@@H]3C[C@@H]3C2)COCCN(C(=O)COc2ccccc2O)C1,,,C[C@@]1(CNC(=O)C2C[C@@H]3C[C@@H]3C2)COCCN(C(=O)COc2ccccc2O)C1,
91034,C=CCSCC(=O)N1[C@H]2CC[C@@H]1C[C@H](NC(=O)C[C@@H]1COC[C@H]1O)C2,,,C=CCSCC(=O)N1[C@@H]2CC[C@H]1C[C@@H](NC(=O)C[C@@H]1COC[C@H]1O)C2,
91079,O=C(N[C@@H]1[C@@H]2CN(Cc3c(F)cc(Br)cc3Br)C[C@@H]21)c1cccc(Cl)c1[N+](=O)[O-],,,O=C(N[C@@H]1[C@@H]2CN(Cc3c(F)cc(Br)cc3Br)C[C@@H]21)c1cccc(Cl)c1[N+](=O)[O-],
91097,CC(C)C1(C(=O)N[C@H]2C[C@@H]2C2CCN(C(=O)[C@@H]3[C@H]4CCCC[C@H]43)CC2)CCC1,,,CC(C)C1(C(=O)N[C@H]2C[C@@H]2C2CCN(C(=O)C3[C@H]4CCCC[C@@H]34)CC2)CCC1,
91106,O=C(NCc1cnn(CCF)c1)[C@@H]1C[C@@H]2CN(C(=O)C3(Cl)CCC3)C[C@@H]2C1,,,O=C(NCc1cnn(CCF)c1)C1C[C@@H]2CN(C(=O)C3(Cl)CCC3)C[C@@H]2C1,
91166,COCc1cccc(C(=O)N2C[C@H]3[C@H](NC(=O)CCCNC(=O)C4CC4)[C@H]3C2)c1,,,COCc1cccc(C(=O)N2C[C@@H]3[C@H](C2)[C@H]3NC(=O)CCCNC(=O)C2CC2)c1,
91169,CCc1ncoc1C(=O)N[C@H]1C[C@@](C)(NC(=O)[C@H](CCSC)NC(C)=O)C1,"N-((1R,3s)-3-((2S)-2-acetamido-4-(methylsulfanyl)butanamido)-3-methylcyclobutyl)-4-ethyl-1,3-oxazole-5-carboxamide",,CCc1ncoc1C(=O)N[C@H]1C[C@@](C)(NC(=O)C(CCSC)NC(C)=O)C1,
91177,CCCn1cc(C(=O)NC[C@@](C)(F)CNC(=O)[C@@H]2C[C@@H](C)C[C@@H](C)C2)c(C)n1,,,CCCn1cc(C(=O)NC[C@@](C)(F)CNC(=O)C2C[C@@H](C)C[C@@H](C)C2)c(C)n1,
91211,Cc1n[nH]c(C)c1C[C@H](C)C(=O)N(C)CCOCCCNC(=O)[C@H]1C[C@@H]2C[C@@H]2C1,,,Cc1n[nH]c(C)c1CC(C)C(=O)N(C)CCOCCCNC(=O)C1C[C@@H]2C[C@@H]2C1,
91285,CCC(CC)N(CC)C(=O)C[C@H]1[C@@H]2CN(C(=O)C=C(C)COC)C[C@H]12,,,CCC(CC)N(CC)C(=O)C[C@@H]1[C@H]2CN(C(=O)C=C(C)COC)C[C@@H]12,
91370,O=C(NCCc1noc2cc(F)ccc12)[C@@H]1[C@H]2CN(CC(F)(F)F)C[C@H]21,,,O=C(NCCc1noc2cc(F)ccc12)C1[C@H]2CN(CC(F)(F)F)C[C@@H]12,
91394,Cc1noc2ncc(C(=O)N[C@H]3[C@@H]4CN(C(=O)[C@H](F)CC5CCC5)C[C@@H]43)cc12,"N-((1R,5S,6S)-3-((2R)-3-cyclobutyl-2-fluoropropanoyl)-3-azabicyclo[3.1.0]hexan-6-yl)-3-methylisoxazolo[5,4-b]pyridine-5-carboxamide",,Cc1noc2ncc(C(=O)N[C@H]3[C@@H]4CN(C(=O)C(F)CC5CCC5)C[C@@H]43)cc12,
91451,CC(=Cn1ccnn1)C(=O)NC[C@H]1CCC[C@@H](NC(=O)[C@@H]2C[C@H]3[C@@H](C2)C3(F)F)C1,,,CC(=Cn1ccnn1)C(=O)NC[C@H]1CCC[C@@H](NC(=O)C2C[C@@H]3[C@H](C2)C3(F)F)C1,
91463,O=C(c1cc(C(F)(F)F)no1)N1CCN(C(=O)[C@H]2C[C@@](F)(CO)C2)[C@H]2C[C@@H]21,"((1S,6S)-5-(((1r,3S)-3-fluoro-3-(hydroxymethyl)cyclobutyl)carbonyl)-2,5-diazabicyclo[4.1.0]heptan-2-yl)(3-(trifluoromethyl)-1,2-oxazol-5-yl)methanone",,O=C(c1cc(C(F)(F)F)no1)N1CCN(C(=O)C2CC(F)(CO)C2)[C@H]2C[C@@H]21,
91500,CC(C)C1CC(C(=O)N[C@@H]2[C@H]3C[C@H](NC(=O)[C@@H]4COc5ccccc54)C[C@H]32)C1,,,CC(C)C1CC(C(=O)N[C@H]2[C@@H]3C[C@@H](NC(=O)C4COc5ccccc54)C[C@@H]32)C1,
91533,O=C(CCn1cc(Cl)cn1)N[C@H]1C[C@@H]2CC[C@H](C1)N2C(=O)[C@H]1CCCC2(CC2)C1,"3-(4-chloro-1H-pyrazol-1-yl)-N-((1R,3R,5S)-8-(((5S)-spiro[2.5]octan-5-yl)carbonyl)-8-azabicyclo[3.2.1]octan-3-yl)propanamide",,O=C(CCn1cc(Cl)cn1)N[C@@H]1C[C@H]2CC[C@@H](C1)N2C(=O)C1CCCC2(CC2)C1,
91566,C=CC=CCC(=O)N[C@]1(C)C[C@@H](NC(=O)c2cncc3nnn(C)c23)C1,"N-((1r,3r)-1-methyl-3-(7-methyl-3,7,8,9-tetraazabicyclo[4.3.0]nona-1,3,5,8-tetraene-5-carboxamido)cyclobutyl)hexa-3,5-dienamide",,CC=CC=CC(=O)N[C@]1(C)C[C@@H](NC(=O)c2cncc3nnn(C)c23)C1,
91592,CN1C(=O)CSC1=CC(=O)N[C@H]1C[C@@](F)(CNC(=O)c2cscc2C(N)=O)C1,"N-((1r,3r)-3-((4-carbamoylthiophene-3-carboxamido)methyl)-3-fluorocyclobutyl)-2-(3-methyl-4-oxo-1,3-thiazolidin-2-ylidene)acetamide",,CN1C(=O)CSC1=CC(=O)N[C@H]1C[C@@](F)(CNC(=O)c2cscc2C(N)=O)C1,
91694,CCC(C)(C)C(=O)N[C@H]1C[C@H]2C[C@@H](NC(=O)c3cc([N+](=O)[O-])cnc3N)C[C@H]2C1,,,CCC(C)(C)C(=O)N[C@H]1C[C@H]2C[C@@H](NC(=O)c3cc([N+](=O)[O-])cnc3N)C[C@H]2C1,
91725,O=C(c1cccc2nc(O)[nH]c12)N1C[C@H]2C[C@H]1CCN2C(=O)[C@H]1C[C@@H]2CC[C@@H]2C1,,,O=C(c1cccc2[nH]c(=O)[nH]c12)N1C[C@H]2C[C@H]1CCN2C(=O)C1C[C@H]2CC[C@H]2C1,
91776,Cn1nncc1C(=O)N1CCC[C@@]2(CCCN2C(=O)[C@@H]2[C@H]3COC[C@H]32)CC1,,,Cn1nncc1C(=O)N1CCC[C@@]2(CCCN2C(=O)C2[C@H]3COC[C@@H]23)CC1,
91785,Cn1c(=O)oc2c(C(=O)NC[C@H]3[C@@H]4CN(c5cc(Cl)ncn5)C[C@H]34)cccc21,,,Cn1c(=O)oc2c(C(=O)NC[C@@H]3[C@H]4CN(c5cc(Cl)ncn5)C[C@@H]34)cccc21,
91816,O=C(NC[C@H]1C[C@](F)(CNC(=O)[C@@H](O)CC(F)F)C1)c1cccc(C(F)(F)F)c1,"N-(((1R,3s)-3-(((2S)-4,4-difluoro-2-hydroxybutanamido)methyl)-3-fluorocyclobutyl)methyl)-3-(trifluoromethyl)benzamide",,O=C(NC[C@H]1C[C@](F)(CNC(=O)C(O)CC(F)F)C1)c1cccc(C(F)(F)F)c1,
91846,Cc1ccn2cc(C(=O)N[C@H]3[C@@H]4CN(C(=O)/C=C/c5ccc(Cl)s5)C[C@@H]43)nc2c1,,,Cc1ccn2cc(C(=O)N[C@H]3[C@@H]4CN(C(=O)/C=C/c5ccc(Cl)s5)C[C@@H]43)nc2c1,
91866,C#CCCCC(=O)N1C[C@@H]2CC[C@H](C1)[C@H]2NC(=O)c1ccnc2ccccc12,,,C#CCCCC(=O)N1C[C@H]2CC[C@@H](C1)[C@@H]2NC(=O)c1ccnc2ccccc12,
91884,CNC(=O)[C@@H]1CCN1C(=O)[C@@H]1[C@H]2CN(C(=O)[C@H]3OCC[C@H]3C(C)C)C[C@H]21,"(2S)-N-methyl-1-(((1R,5S,6S)-3-(((2S,3S)-3-(propan-2-yl)oxolan-2-yl)carbonyl)-3-azabicyclo[3.1.0]hexan-6-yl)carbonyl)azetidine-2-carboxamide",,CNC(=O)C1CCN1C(=O)C1[C@H]2CN(C(=O)C3OCC[C@H]3C(C)C)C[C@@H]12,
91887,N#Cc1cc(F)c(N[C@H]2C[C@](F)(CNC(=O)c3ccc(F)s3)C2)c([N+](=O)[O-])c1,"N-(((1s,3s)-3-((4-cyano-2-fluoro-6-nitrophenyl)amino)-1-fluorocyclobutyl)methyl)-5-fluorothiophene-2-carboxamide",,N#Cc1cc(F)c(N[C@H]2C[C@](F)(CNC(=O)c3ccc(F)s3)C2)c([N+](=O)[O-])c1,
91897,CC(C)(C)C(=O)N1CCC[C@H]1C(=O)NC[C@]1(F)C[C@H](CNC(=O)[C@H]2C[C@H](O)C2)C1,"(2S)-1-(2,2-dimethylpropanoyl)-N-(((1r,3S)-1-fluoro-3-((trans-3-hydroxycyclobutanecarboxamido)methyl)cyclobutyl)methyl)pyrrolidine-2-carboxamide",,CC(C)(C)C(=O)N1CCCC1C(=O)NC[C@]1(F)C[C@H](CNC(=O)C2CC(O)C2)C1,
91925,CS[C@H]1C[C@H](C(=O)N[C@H]2CC[C@@]3(CC2)CN(C(=O)c2ncn(C)c2C)CCO3)C1,"trans-N-(4-((1,5-dimethyl-1H-imidazol-4-yl)carbonyl)-1-oxa-4-azaspiro[5.5]undecan-9-yl)-3-(methylsulfanyl)cyclobutanecarboxamide",CN1C=NC(=C1C)C(=O)N1CCOC2(C1)CCC(CC2)NC(=O)[C@@H]2C[C@H](C2)SC,CSC1CC(C(=O)N[C@H]2CC[C@@]3(CC2)CN(C(=O)c2ncn(C)c2C)CCO3)C1,CSC1CC(C(=O)NC2CCC3(CC2)CN(C(=O)c2ncn(C)c2C)CCO3)C1
91929,COCCO[C@H](C)C(=O)N(C)CC[C@@H](NC(=O)[C@H]1C[C@](C)(C(=O)OC)C1)C(C)C,"methyl (1R,3r)-1-methyl-3-(((3R)-4-methyl-1-(N-methyl(2R)-2-((2-methoxyethyl)oxy)propanamido)pentan-3-yl)carbamoyl)cyclobutanecarboxylate",,COCCOC(C)C(=O)N(C)CC[C@@H](NC(=O)C1CC(C)(C(=O)OC)C1)C(C)C,
91975,C[C@@H](CNC(=O)[C@@H]1[C@H]2[C@@H]3CC[C@@H](C3)[C@H]21)N(C)C(=O)[C@@H]1C[C@H]1c1cccc(Cl)c1,,,C[C@@H](CNC(=O)C1[C@@H]2[C@H]3CC[C@H](C3)[C@H]12)N(C)C(=O)C1C[C@H]1c1cccc(Cl)c1,
91988,C=C(C)CCC(=O)N[C@H]1CC[C@@]2(CC1)CN(C(=O)C1CC3(C1)C[C@H]3F)CCO2,N-(4-(((1R)-1-fluorospiro[2.3]hexan-5-yl)carbonyl)-1-oxa-4-azaspiro[5.5]undecan-9-yl)-4-methylpent-4-enamide,F[C@@H]1CC12CC(C2)C(=O)N2CCOC1(C2)CCC(CC1)NC(CCC(=C)C)=O,C=C(C)CCC(=O)N[C@H]1CC[C@@]2(CC1)CN(C(=O)C1CC3(C1)C[C@H]3F)CCO2,C=C(C)CCC(=O)NC1CCC2(CC1)CN(C(=O)C1CC3(C1)C[C@H]3F)CCO2
92009,CC(F)(F)c1ccc(C(=O)N2[C@H]3CC[C@@H]2C[C@H](CN2CC4(COC4)C2)C3)cc1,,,CC(F)(F)c1ccc(C(=O)N2[C@@H]3CC[C@H]2C[C@@H](CN2CC4(COC4)C2)C3)cc1,
92064,CCc1ccc(S(=O)(=O)N2C[C@H]3[C@@H](C2)[C@@H]3C(=O)N[C@@H](CC)c2ccc(C)o2)cc1,,,CCc1ccc(S(=O)(=O)N2C[C@@H]3C(C(=O)N[C@@H](CC)c4ccc(C)o4)[C@@H]3C2)cc1,
92090,COC1(C(=O)N2CC(C[C@@H](F)C(=O)NC[C@@H]3[C@H]4CCCCC[C@H]43)C2)CC(C)(C)C1,,,COC1(C(=O)N2CC(CC(F)C(=O)NC[C@H]3[C@@H]4CCCCC[C@@H]43)C2)CC(C)(C)C1,
92145,C[C@H]1C[C@@H](C(=O)N(C)C[C@H]2COCCN2C(=O)CC[C@H](O)C(C)(C)C)C[C@@H](C)O1,,,C[C@@H]1CC(C(=O)N(C)C[C@H]2COCCN2C(=O)CC[C@H](O)C(C)(C)C)C[C@H](C)O1,
92188,CC(C)[C@@H](C(=O)N[C@]1(C)C[C@@H](NC(=O)CC[C@H]2CCCO2)C1)c1cnn(C)c1,"(2R)-3-methyl-2-(1-methyl-1H-pyrazol-4-yl)-N-((1R,3R)-1-methyl-3-(3-((2R)-oxolan-2-yl)propanamido)cyclobutyl)butanamide",,CC(C)C(C(=O)N[C@]1(C)C[C@@H](NC(=O)CC[C@H]2CCCO2)C1)c1cnn(C)c1,
92194,CCOC(C)(C)C(=O)N[C@H]1[C@@H]2CN(C(=O)COCc3ocnc3C(=O)OC)C[C@@H]21,,,CCOC(C)(C)C(=O)N[C@H]1[C@@H]2CN(C(=O)COCc3ocnc3C(=O)OC)C[C@@H]21,
92214,C=CCOC(=O)NCC(=O)N1C[C@@H](NC(=O)[C@@]2(C)C[C@@H]3C[C@@H]3C2)[C@H](OC)C1,,,C=CCOC(=O)NCC(=O)N1C[C@@H](NC(=O)[C@]2(C)C[C@H]3C[C@H]3C2)[C@H](OC)C1,
92240,C[C@H](CC(=O)NC[C@H]1[C@@H]2CN(C(=O)[C@@H]3CN(C)CCO3)C[C@H]12)[C@@H]1CCCO1,"(3R)-N-(((1R,5S,6S)-3-(((2S)-4-methylmorpholin-2-yl)carbonyl)-3-azabicyclo[3.1.0]hexan-6-yl)methyl)-3-((2S)-oxolan-2-yl)butanamide",,C[C@H](CC(=O)NC[C@@H]1[C@H]2CN(C(=O)C3CN(C)CCO3)C[C@@H]12)[C@@H]1CCCO1,
92372,CCCCC(F)(F)C(=O)N1CC([C@@H]2C[C@H]2C(=O)N[C@@H]2[C@H]3COC[C@H]32)C1,,,CCCCC(F)(F)C(=O)N1CC([C@@H]2CC2C(=O)N[C@H]2[C@@H]3COC[C@@H]32)C1,
92421,Cc1ocnc1CC(=O)N1CC[C@]12C[C@@H](c1ncc[nH]1)C2,"1-(6-(1H-imidazol-2-yl)-1-azaspiro[3.3]heptan-1-yl)-2-(5-methyl-1,3-oxazol-4-yl)ethan-1-one",N1C(=NC=C1)C1CC2(CCN2C(CC=2N=COC2C)=O)C1,Cc1ocnc1CC(=O)N1CC[C@]12C[C@@H](c1ncc[nH]1)C2,Cc1ocnc1CC(=O)N1CCC12CC(c1ncc[nH]1)C2
92602,CC1(C)[C@H]2CC[C@]1(C(=O)NC1(CNC(=O)CCCCF)CCCC1)CC2,"N-(1-((5-fluoropentanamido)methyl)cyclopentyl)-7,7-dimethylbicyclo[2.2.1]heptane-1-carboxamide",FCCCCC(=O)NCC1(CCCC1)NC(=O)C12CCC(CC1)C2(C)C,CC1(C)[C@H]2CC[C@]1(C(=O)NC1(CNC(=O)CCCCF)CCCC1)CC2,CC1(C)C2CCC1(C(=O)NC1(CNC(=O)CCCCF)CCCC1)CC2
92648,O=C(CC(F)(F)F)NC1CC2(C1)CC(C(=O)NC[C@@H]1C[C@@H]3CC[C@@H]3C1)C2,,,O=C(CC(F)(F)F)NC1CC2(C1)CC(C(=O)NC[C@H]1C[C@H]3CC[C@H]3C1)C2,
92789,O=C1CCCC[C@H](C(=O)NC[C@]2(F)C[C@H](NC(=O)[C@@H]3CC34CCC4)C2)N1,"(2R)-N-(((1R,3R)-1-fluoro-3-((1R)-spiro[2.3]hexane-1-carboxamido)cyclobutyl)methyl)-7-oxoazepane-2-carboxamide",,O=C1CCCCC(C(=O)NC[C@]2(F)C[C@H](NC(=O)C3CC34CCC4)C2)N1,
92894,O=C(c1ccc(O)c(I)c1)N1C[C@H]2[C@H](NS(=O)(=O)c3cc(Cl)ccc3Cl)[C@H]2C1,,,O=C(c1ccc(O)c(I)c1)N1C[C@@H]2[C@H](C1)[C@H]2NS(=O)(=O)c1cc(Cl)ccc1Cl,
92921,Cc1cocc1C(=O)N[C@H]1C[C@](F)(CNC(=O)[C@H]2CC23CC(O)C3)C1,"N-((1R,3s)-3-fluoro-3-(((1S)-5-hydroxyspiro[2.3]hexane-1-carboxamido)methyl)cyclobutyl)-4-methylfuran-3-carboxamide",,Cc1cocc1C(=O)N[C@H]1C[C@](F)(CNC(=O)C2CC23CC(O)C3)C1,
92940,C[C@@H](CO)C(=O)N1C[C@H]2[C@@H](C1)[C@@H]2C(=O)NCCC1(C)CC1,"(1R,5S,6S)-3-((2S)-3-hydroxy-2-methylpropanoyl)-N-(2-(1-methylcyclopropyl)ethyl)-3-azabicyclo[3.1.0]hexane-6-carboxamide",,CC(CO)C(=O)N1C[C@@H]2C(C(=O)NCCC3(C)CC3)[C@@H]2C1,
92967,O=C(C[C@@H]1CCCO1)NC[C@]1(F)C[C@H](CNC(=O)c2ccc3cnccc3n2)C1,"N-(((1r,3S)-1-fluoro-3-((1,6-naphthyridine-2-carboxamido)methyl)cyclobutyl)methyl)-2-((2S)-oxolan-2-yl)acetamide",,O=C(C[C@@H]1CCCO1)NC[C@]1(F)C[C@H](CNC(=O)c2ccc3cnccc3n2)C1,
92992,C#C[C@]1(O)C[C@@H](C(=O)N2CCC[C@@H](N(C)C(=O)[C@@H]3CCC[C@H]3C(C)C)C2)C1,"(1R,2S)-N-((3R)-1-(((1s,3S)-3-ethynyl-3-hydroxycyclobutyl)carbonyl)piperidin-3-yl)-N-methyl-2-(propan-2-yl)cyclopentanecarboxamide",,C#CC1(O)CC(C(=O)N2CCC[C@@H](N(C)C(=O)C3CCC[C@H]3C(C)C)C2)C1,
92999,CCCCC(F)(F)C(=O)N1C[C@H]2[C@H](NC(=O)CN(C)C(=O)C3CC3)[C@H]2C1,,,CCCCC(F)(F)C(=O)N1C[C@@H]2[C@H](C1)[C@H]2NC(=O)CN(C)C(=O)C1CC1,
93049,CCC(=O)N[C@H](C)C(=O)NC[C@]1(F)C[C@H](CNC(=O)c2occ(C)c2C)C1,"(2R)-N-(((1r,3R)-3-((3,4-dimethylfuran-2-carboxamido)methyl)-1-fluorocyclobutyl)methyl)-2-propanamidopropanamide",,CCC(=O)NC(C)C(=O)NC[C@]1(F)C[C@H](CNC(=O)c2occ(C)c2C)C1,
93135,C[C@H]1C(C(=O)N[C@]2(C(=O)N3CCC[C@H](CN(C)C)C3)C[C@H](O)C2)=NO[C@@H]1C,"(4S,5R)-N-((1s,3R)-1-(((3R)-3-((dimethylamino)methyl)piperidin-1-yl)carbonyl)-3-hydroxycyclobutyl)-4,5-dimethyl-4,5-dihydro-1,2-oxazole-3-carboxamide",,C[C@H]1ON=C(C(=O)N[C@]2(C(=O)N3CCC[C@H](CN(C)C)C3)C[C@H](O)C2)[C@@H]1C,
93172,CC[C@@]1(C(=O)NC[C@]2(F)C[C@@H](NC(=O)c3cnc(S)[nH]3)C2)CCC[C@H]1O,"N-((1S,3s)-3-(((1R,2R)-1-ethyl-2-hydroxycyclopentanecarboxamido)methyl)-3-fluorocyclobutyl)-2-sulfanyl-1H-imidazole-5-carboxamide",,CC[C@@]1(C(=O)NC[C@]2(F)C[C@@H](NC(=O)c3c[nH]c(=S)[nH]3)C2)CCC[C@H]1O,
93185,CCC[C@@H](C(=O)NC1CC2(CCCN(C(=O)[C@@H]3[C@H]4CN(C)C[C@H]43)C2)C1)N(C)C,,,CCCC(C(=O)NC1CC2(CCCN(C(=O)C3[C@H]4CN(C)C[C@@H]34)C2)C1)N(C)C,
93188,N=c1[nH]c(CSCC(=O)N[C@H]2CCCN(C(=O)C[C@@H]3C[C@H]4C[C@H]4C3)C2)cs1,,,Nc1nc(CSCC(=O)N[C@H]2CCCN(C(=O)C[C@H]3C[C@@H]4C[C@@H]4C3)C2)cs1,
93215,CNC(=O)CCCC(=O)N1CCC(OCCCNC(=O)C[C@@H]2C[C@H]3C[C@H]3C2)CC1,,,CNC(=O)CCCC(=O)N1CCC(OCCCNC(=O)C[C@H]2C[C@@H]3C[C@@H]3C2)CC1,
93256,Cc1ccc(CC(=O)N[C@@H]2[C@@H](C)CN(C(=O)c3ccn4ccnc4n3)C[C@H]2C)o1,,,Cc1ccc(CC(=O)N[C@H]2[C@H](C)CN(C(=O)c3ccn4ccnc4n3)C[C@@H]2C)o1,
93296,CCCOCC(=O)NC[C@]1(F)CC[C@H](CNC(=O)[C@H](OCC)[C@H]2CCOC2)CC1,"(2R)-2-ethoxy-N-(((1r,4R)-4-fluoro-4-((2-propoxyacetamido)methyl)cyclohexyl)methyl)-2-((3S)-oxolan-3-yl)acetamide",,CCCOCC(=O)NC[C@]1(F)CC[C@H](CNC(=O)C(OCC)[C@H]2CCOC2)CC1,
93307,C[C@]1(NC(=O)c2cc(O)ncn2)C[C@@H](C(=O)NCC2CC2)C1,"N-((1s,3s)-3-(cyclopropylmethylcarbamoyl)-1-methylcyclobutyl)-6-hydroxypyrimidine-4-carboxamide",,CC1(NC(=O)c2cc(=O)[nH]cn2)CC(C(=O)NCC2CC2)C1,
93348,CCC(=O)C1(C(=O)N2C[C@H]3C[C@H](NC(=O)[C@H](C)CC(C)C)C[C@H]3C2)CC1,,,CCC(=O)C1(C(=O)N2C[C@H]3C[C@H](NC(=O)C(C)CC(C)C)C[C@H]3C2)CC1,
93406,CCn1cccc(NC(=O)N2C[C@@H]3C[C@H](C(=O)OC)C[C@@H](C3)C2)c1=O,,,CCn1cccc(NC(=O)N2C[C@@H]3CC(C(=O)OC)C[C@@H](C3)C2)c1=O,
93428,CC1CCN(CC(=O)NC[C@]2(F)C[C@H](NC(=O)COC[C@@H]3CCCO3)C2)CC1,"N-(((1S,3r)-1-fluoro-3-(2-((((2S)-oxolan-2-yl)methyl)oxy)acetamido)cyclobutyl)methyl)-2-(4-methylpiperidin-1-yl)acetamide",,CC1CCN(CC(=O)NC[C@]2(F)C[C@H](NC(=O)COC[C@@H]3CCCO3)C2)CC1,
93431,CCCC(=O)N1CCCC[C@@H]1C(=O)NC[C@]1(F)C[C@H](Nc2ncnc(Cl)c2Br)C1,"(2R)-N-(((1r,3R)-3-((5-bromo-6-chloropyrimidin-4-yl)amino)-1-fluorocyclobutyl)methyl)-1-butanoylpiperidine-2-carboxamide",,CCCC(=O)N1CCCCC1C(=O)NC[C@]1(F)C[C@H](Nc2ncnc(Cl)c2Br)C1,
93433,CN(CC(=O)N1C[C@H]2[C@H](CNC(=O)C3(C#N)CCC3)[C@H]2C1)Cc1ccccc1Cl,,,CN(CC(=O)N1C[C@@H]2[C@@H](CNC(=O)C3(C#N)CCC3)[C@@H]2C1)Cc1ccccc1Cl,
93459,Cc1ccc(OCC(=O)NC[C@H]2[C@@H]3CN(C(=O)Cc4conc4C)C[C@H]23)c(F)c1,,,Cc1ccc(OCC(=O)NC[C@@H]2[C@H]3CN(C(=O)Cc4conc4C)C[C@@H]23)c(F)c1,
93498,CC=C[C@H](O)C(=O)N1[C@@H]2COC[C@H]1C[C@@H](NC(=O)/C=C/C(C)C)C2,"(2E)-N-((1R,5S,7R)-9-((2S)-2-hydroxypent-3-enoyl)-3-oxa-9-azabicyclo[3.3.1]nonan-7-yl)-4-methylpent-2-enamide",,CC=CC(O)C(=O)N1[C@@H]2COC[C@H]1C[C@@H](NC(=O)/C=C/C(C)C)C2,
93530,Cc1cc(Cl)cc(C(=O)N2C[C@H]3C[C@H](NC(=O)CCn4ccnc4C)C[C@H]3C2)c1,,,Cc1cc(Cl)cc(C(=O)N2C[C@H]3C[C@H](NC(=O)CCn4ccnc4C)C[C@H]3C2)c1,
93633,O=C(N[C@H]1[C@@H]2CN(C(=O)c3cc(F)n[nH]3)C[C@@H]21)[C@@H]1CCC2(CCC2)O1,,,O=C(N[C@H]1[C@@H]2CN(C(=O)c3cc(F)[nH]n3)C[C@@H]21)C1CCC2(CCC2)O1,
93691,Cc1nc(O)nc(C)c1CC(=O)N[C@]1(C)C[C@@H](NC(=O)c2c(C)[nH][nH]c2=N)C1,"2-(2-hydroxy-4,6-dimethylpyrimidin-5-yl)-N-((1r,3r)-3-(3-imino-5-methyl-2,3-dihydro-1H-pyrazole-4-carboxamido)-1-methylcyclobutyl)acetamide",,Cc1nc(=O)[nH]c(C)c1CC(=O)N[C@]1(C)C[C@@H](NC(=O)c2c(C)n[nH]c2N)C1,
93747,COc1cc(C(=O)N[C@H]2[C@@H]3CN(C(=O)c4nc(C)ccc4F)C[C@@H]32)cc(Cl)n1,,,COc1cc(C(=O)N[C@H]2[C@@H]3CN(C(=O)c4nc(C)ccc4F)C[C@@H]32)cc(Cl)n1,
93788,CCc1[nH]nc(Cl)c1C(=O)N[C@@H]1COCC[C@@H]1NC(=O)[C@H]1C[C@@H]2CC[C@H](C1)[C@H]2O,,,CCc1[nH]nc(Cl)c1C(=O)N[C@@H]1COCC[C@@H]1NC(=O)C1C[C@H]2CC[C@@H](C1)[C@@H]2O,
93792,CC[C@@H]1OCCC[C@H]1C(=O)NC[C@]1(F)C[C@@H](CNC(=O)C2(CO)COC2)C1,"(2S,3R)-2-ethyl-N-(((1s,3S)-1-fluoro-3-((3-(hydroxymethyl)oxetane-3-carboxamido)methyl)cyclobutyl)methyl)oxane-3-carboxamide",,CC[C@@H]1OCCCC1C(=O)NC[C@]1(F)C[C@@H](CNC(=O)C2(CO)COC2)C1,
93813,CC(C)(C(=O)N[C@H]1C[C@](C)(NC(=O)c2cccc3ccsc23)C1)[C@@]1(C)CC1(F)F,"N-((1r,3R)-3-(1-benzothiophene-7-carboxamido)-3-methylcyclobutyl)-2-((1R)-2,2-difluoro-1-methylcyclopropyl)-2-methylpropanamide",,CC(C)(C(=O)N[C@H]1C[C@](C)(NC(=O)c2cccc3ccsc23)C1)[C@@]1(C)CC1(F)F,
93834,CCc1oc(C)cc1C(=O)N[C@H](CC)CN(C)C(=O)[C@H]1C[C@@H]2C[C@@H]2C1,,,CCc1oc(C)cc1C(=O)N[C@H](CC)CN(C)C(=O)C1C[C@@H]2C[C@@H]2C1,
93852,CC(C)C[C@@H](CC(=O)NC[C@@H]1[C@H]2CCC[C@H]21)NC(=O)[C@@H]1CCCSC1,,,CC(C)C[C@@H](CC(=O)NC[C@H]1[C@@H]2CCC[C@@H]21)NC(=O)C1CCCSC1,
93862,Cc1nc(C(=O)NC[C@]2(F)C[C@H](NC(=O)[C@H](C)NC(N)=O)C2)c(C)n1C1CC1,"N-(((1S,3r)-3-((2S)-2-(carbamoylamino)propanamido)-1-fluorocyclobutyl)methyl)-1-cyclopropyl-2,5-dimethyl-1H-imidazole-4-carboxamide",,Cc1nc(C(=O)NC[C@]2(F)C[C@H](NC(=O)C(C)NC(N)=O)C2)c(C)n1C1CC1,
93868,C[C@]1(NC(=O)c2cccc(C#N)c2)C[C@@H](NC(=O)C2(C3CC3)CC2)C1,"3-cyano-N-((1s,3s)-3-(1-cyclopropylcyclopropanecarboxamido)-1-methylcyclobutyl)benzamide",,C[C@]1(NC(=O)c2cccc(C#N)c2)C[C@@H](NC(=O)C2(C3CC3)CC2)C1,
93884,O=C(CCC(=O)c1ccccn1)N[C@@H]1CN(C(=O)[C@H]2C[C@@H]3C[C@@H]3C2)CC12CC2,,,O=C(CCC(=O)c1ccccn1)N[C@@H]1CN(C(=O)C2C[C@@H]3C[C@@H]3C2)CC12CC2,
93895,Cc1ccc(COCC(=O)NC[C@]2(F)C[C@@H](CNC(=O)[C@@]34C[C@@H](F)[C@@H]3C4)C2)cc1,"N-(((1R,3s)-1-fluoro-3-(((1S,3R,4R)-3-fluorobicyclo[2.1.0]pentane-1-carboxamido)methyl)cyclobutyl)methyl)-2-(((4-methylphenyl)methyl)oxy)acetamide",,Cc1ccc(COCC(=O)NC[C@]2(F)C[C@@H](CNC(=O)[C@@]34C[C@@H](F)[C@@H]3C4)C2)cc1,
93924,C[C@@H](C(=O)N1C[C@H]2[C@H](CNC(=O)c3cccc4cnsc34)[C@H]2C1)S(N)(=O)=O,"N-(((1R,5S,6S)-3-((2S)-2-sulfamoylpropanoyl)-3-azabicyclo[3.1.0]hexan-6-yl)methyl)-1,2-benzothiazole-7-carboxamide",,CC(C(=O)N1C[C@@H]2[C@@H](CNC(=O)c3cccc4cnsc34)[C@@H]2C1)S(N)(=O)=O,
93959,COC(=O)[C@@H]1[C@H]2CN([C@H](C(=O)N[C@@H]3CCOC3)c3cc(C)ns3)C[C@H]21,"methyl (1R,5S,6R)-3-((1R)-1-(3-methyl-1,2-thiazol-5-yl)-2-oxo-2-(((3R)-oxolan-3-yl)amino)ethyl)-3-azabicyclo[3.1.0]hexane-6-carboxylate",,COC(=O)C1[C@H]2CN(C(C(=O)N[C@@H]3CCOC3)c3cc(C)ns3)C[C@@H]12,
93981,COc1cccc(C(=O)NCC(=O)N(C)[C@H](CNC(=O)[C@@H]2[C@@H](C)[C@H]2C)C2CC2)c1,,,COc1cccc(C(=O)NCC(=O)N(C)[C@H](CNC(=O)C2[C@@H](C)[C@H]2C)C2CC2)c1,
94035,COC(OC)C(=O)N1[C@H]2CCC[C@H]1CN(C(=O)[C@@H]1C[C@H](C)O[C@H](C)C1)CC2,,,COC(OC)C(=O)N1[C@H]2CCC[C@H]1CN(C(=O)C1C[C@@H](C)O[C@@H](C)C1)CC2,
94135,O=C(CN1CC[C@@H](NC(=O)[C@@H]2[C@H]3COC[C@H]32)[C@H](O)C1)NCCC1CCCCC1,,,O=C(CN1CC[C@@H](NC(=O)C2[C@H]3COC[C@@H]23)[C@H](O)C1)NCCC1CCCCC1,
94228,COc1cc(CCC(=O)NC[C@]23C[C@@H]2CN(C(=O)[C@H]2C[C@@](C)(O)C2)C3)ccc1F,"3-(4-fluoro-3-methoxyphenyl)-N-(((1S,5S)-3-(((1s,3R)-3-hydroxy-3-methylcyclobutyl)carbonyl)-3-azabicyclo[3.1.0]hexan-1-yl)methyl)propanamide",,COc1cc(CCC(=O)NC[C@]23C[C@@H]2CN(C(=O)C2CC(C)(O)C2)C3)ccc1F,
94240,Cn1cnc2c(N[C@@H]3C[C@H]4[C@@H](C3)C4(F)F)[nH]c(=NCCCSc3nccs3)nc21,,,Cn1cnc2c(N[C@H]3C[C@@H]4[C@H](C3)C4(F)F)nc(NCCCSc3nccs3)nc21,
94310,Cc1ccnc(C(=O)N[C@H]2C[C@@](C)(NC(=O)c3ncc4[nH]ncc4n3)C2)n1,"N-((1s,3s)-1-methyl-3-(4-methylpyrimidine-2-carboxamido)cyclobutyl)-2,4,7,8-tetraazabicyclo[4.3.0]nona-1,3,5,8-tetraene-3-carboxamide",,Cc1ccnc(C(=O)N[C@H]2C[C@@](C)(NC(=O)c3ncc4[nH]ncc4n3)C2)n1,
94376,C[C@]1(O)C[C@@H](C(=O)NC[C@H](O)C(=O)N[C@H]2C(=O)OC[C@H]2CO)C1,"(1s,3R)-3-hydroxy-N-((2S)-2-hydroxy-3-(((3R,4R)-4-(hydroxymethyl)-2-oxooxolan-3-yl)amino)-3-oxopropyl)-3-methylcyclobutanecarboxamide",,CC1(O)CC(C(=O)NCC(O)C(=O)NC2C(=O)OC[C@H]2CO)C1,
94441,Cc1[nH]nc(C(=O)N2[C@H]3CC[C@@H]2C[C@H](NC(=O)[C@H](C)Sc2ccccc2)C3)c1F,,,Cc1[nH]nc(C(=O)N2[C@@H]3CC[C@H]2C[C@@H](NC(=O)C(C)Sc2ccccc2)C3)c1F,
94450,C#CC[C@]1(O)C[C@@H](C(=O)N2C[C@@H]3CN(C(=O)CC(C)(C)CC(F)F)C[C@@H]3C2)C1,"5,5-difluoro-1-((1R,5S)-7-(((1s,3s)-3-hydroxy-3-(prop-2-yn-1-yl)cyclobutyl)carbonyl)-3,7-diazabicyclo[3.3.0]octan-3-yl)-3,3-dimethylpentan-1-one",,C#CCC1(O)CC(C(=O)N2C[C@H]3CN(C(=O)CC(C)(C)CC(F)F)C[C@H]3C2)C1,
94522,O=C(Cc1ccc2[nH]ccc2c1)NC[C@]1(CO)CCN(C(=O)[C@H]2C[C@@H]3C[C@@H]3C2)C1,,,O=C(Cc1ccc2[nH]ccc2c1)NC[C@]1(CO)CCN(C(=O)C2C[C@@H]3C[C@@H]3C2)C1,
94590,CCS(=O)(=O)CCNC(=O)[C@@H]1[C@H]2CN(C(=O)c3cccc(C(=O)OC)c3)C[C@H]21,,,CCS(=O)(=O)CCNC(=O)C1[C@H]2CN(C(=O)c3cccc(C(=O)OC)c3)C[C@@H]12,
94616,C#CC[C@H](C)C(=O)N1Cc2cnn(C3CCN(C(=O)[C@@H]4[C@H]5CCC[C@H]54)CC3)c2C1,,,C#CCC(C)C(=O)N1Cc2cnn(C3CCN(C(=O)C4[C@H]5CCC[C@@H]45)CC3)c2C1,
94774,C[C@H](NC(=O)[C@@H]1[C@H]2CN(C(=O)C(C)(C)C3CCC3)C[C@H]21)C1CC1,,,C[C@H](NC(=O)C1[C@H]2CN(C(=O)C(C)(C)C3CCC3)C[C@@H]12)C1CC1,
94797,C=C1CC[C@H]1C(=O)N(C)[C@H]1[C@@H]2CN(C(=O)c3cc(-c4ccoc4)[nH]n3)C[C@@H]21,,,C=C1CCC1C(=O)N(C)[C@H]1[C@@H]2CN(C(=O)c3cc(-c4ccoc4)[nH]n3)C[C@@H]21,
94906,CC(C)CC(=O)N[C@@H]1C[C@@H]2CC[C@H](C1)N2C(=O)[C@@H](C)CN(C)C(=O)OC(C)(C)C,"tert-butyl methyl((2S)-2-(((1R,3S,5S)-3-(3-methylbutanamido)-8-azabicyclo[3.2.1]octan-8-yl)carbonyl)propyl)carbamate",,CC(C)CC(=O)N[C@H]1C[C@H]2CC[C@@H](C1)N2C(=O)C(C)CN(C)C(=O)OC(C)(C)C,
95047,CC[C@@H]1CCC[C@@]1(C)C(=O)NC[C@H]1[C@@H]2CN(C(=O)CCCCc3cnn[nH]3)C[C@H]12,,,CC[C@@H]1CCC[C@@]1(C)C(=O)NC[C@@H]1[C@H]2CN(C(=O)CCCCc3c[nH]nn3)C[C@@H]12,
95060,C[C@@H]1CC[C@H](CC(=O)NC[C@]2(F)C[C@@H](CNC(=O)c3cc(F)cnc3O)C2)C1,"N-(((1s,3R)-1-fluoro-3-((5-fluoro-2-hydroxypyridine-3-carboxamido)methyl)cyclobutyl)methyl)-2-((1S,3R)-3-methylcyclopentyl)acetamide",,C[C@@H]1CC[C@H](CC(=O)NC[C@]2(F)C[C@@H](CNC(=O)c3cc(F)c[nH]c3=O)C2)C1,
95067,C#Cc1cc(Cl)cc(C(=O)N2C[C@H]3[C@H](NC(=O)[C@H](NC(N)=O)C(C)(C)C)[C@H]3C2)c1,,,C#Cc1cc(Cl)cc(C(=O)N2C[C@@H]3[C@H](C2)[C@H]3NC(=O)C(NC(N)=O)C(C)(C)C)c1,
95144,CCN1CCOC[C@@H]1C(=O)NCC1(O)CN(C(=O)[C@@H]2CC[C@H]3[C@@H](CC2)C3(F)F)C1,,,CCN1CCOCC1C(=O)NCC1(O)CN(C(=O)C2CC[C@@H]3[C@H](CC2)C3(F)F)C1,
95149,Cc1csc(=O)n1CC(=O)N[C@H]1C[C@](F)(CNC(=O)CCn2cncn2)C1,"N-(((1s,3s)-1-fluoro-3-(2-(4-methyl-2-oxo-2,3-dihydro-1,3-thiazol-3-yl)acetamido)cyclobutyl)methyl)-3-(1H-1,2,4-triazol-1-yl)propanamide",,Cc1csc(=O)n1CC(=O)N[C@H]1C[C@](F)(CNC(=O)CCn2cncn2)C1,
95222,C[C@H]1[C@@H](C)[C@@H]1C(=O)N1C[C@@H](F)C[C@H]1CNC(=O)COc1ccccc1C(F)(F)F,,,C[C@@H]1C(C(=O)N2C[C@@H](F)C[C@H]2CNC(=O)COc2ccccc2C(F)(F)F)[C@@H]1C,
95300,CCOc1ncc(C(=O)N2C[C@H]3[C@H](N(C)C(=O)c4cnn(C)c4C)[C@H]3C2)cc1Cl,,,CCOc1ncc(C(=O)N2C[C@@H]3[C@H](C2)[C@H]3N(C)C(=O)c2cnn(C)c2C)cc1Cl,
95324,CCNC(=O)C(=O)N1[C@H]2CC[C@@H]1C[C@@H](CNC(=O)[C@H](CO)C(C)(C)C)C2,,,CCNC(=O)C(=O)N1[C@@H]2CC[C@H]1C[C@H](CNC(=O)C(CO)C(C)(C)C)C2,
95339,Cc1ccc2ncc(C(=O)NC[C@H]3[C@@H]4CN(C(=O)C5CC(C)C5)C[C@H]34)cc2c1,,,Cc1ccc2ncc(C(=O)NC[C@@H]3[C@H]4CN(C(=O)C5CC(C)C5)C[C@@H]34)cc2c1,
95382,CCc1c[nH]cc1C(=O)N[C@]1(C)C[C@@H](NC(=O)[C@@H]2C[C@H]2c2ccccc2Cl)C1,"N-((1R,3r)-3-((1R,2R)-2-(2-chlorophenyl)cyclopropanecarboxamido)-1-methylcyclobutyl)-4-ethyl-1H-pyrrole-3-carboxamide",,CCc1c[nH]cc1C(=O)N[C@]1(C)C[C@@H](NC(=O)C2C[C@H]2c2ccccc2Cl)C1,
95439,CC(=CC(=O)N1C[C@H]2[C@H](CC(=O)N3CC[C@@H](CO)[C@@H](O)C3)[C@H]2C1)C1CC1,,,CC(=CC(=O)N1C[C@@H]2[C@@H](CC(=O)N3CC[C@@H](CO)[C@@H](O)C3)[C@@H]2C1)C1CC1,
95609,CCN=c1ccc(C(=O)NC[C@](C)(CC(C)C)NC(=O)[C@H]2[C@@H](C)[C@H]2C)c[nH]1,,,CCNc1ccc(C(=O)NC[C@](C)(CC(C)C)NC(=O)C2[C@@H](C)[C@H]2C)cn1,
95623,CN(C)c1nc(C(=O)NC[C@]2(F)C[C@H](NC(=O)c3csc(Cl)n3)C2)co1,"N-(((1r,3r)-3-(2-chloro-1,3-thiazole-4-carboxamido)-1-fluorocyclobutyl)methyl)-2-(dimethylamino)-1,3-oxazole-4-carboxamide",,CN(C)c1nc(C(=O)NC[C@]2(F)C[C@H](NC(=O)c3csc(Cl)n3)C2)co1,
95726,COCc1ccc(C(=O)N[C@]2(C)C[C@H](NC(=O)c3n[nH]cc3C)C2)s1,"N-((1s,3s)-3-(5-(methoxymethyl)thiophene-2-carboxamido)-3-methylcyclobutyl)-4-methyl-1H-pyrazole-3-carboxamide",,COCc1ccc(C(=O)N[C@]2(C)C[C@H](NC(=O)c3[nH]ncc3C)C2)s1,
95827,CCC(CC)(CNC(=O)[C@H]1C[C@@H]2C[C@@H]2C1)C(=O)N1CC[C@]12CCCSC2,,,CCC(CC)(CNC(=O)C1C[C@@H]2C[C@@H]2C1)C(=O)N1CC[C@]12CCCSC2,
95839,O=S(=O)(N[C@H]1C[C@H]2COC[C@@H](C1)N2)c1ccnn1-c1ccccc1,,,O=S(=O)(N[C@H]1C[C@H]2COC[C@@H](C1)N2)c1ccnn1-c1ccccc1,
95862,N#CCCCC(=O)N1C[C@H]2C[C@H](NC(=O)c3c(Br)nc4n3CCCC4)C[C@H]2C1,,,N#CCCCC(=O)N1C[C@H]2C[C@H](NC(=O)c3c(Br)nc4n3CCCC4)C[C@H]2C1,
95866,CCCc1cc(C(=O)N2CC[C@H](C)[C@H]2CNC(=O)[C@@H]2C[C@@H](C)C[C@@H](C)C2)n(C)n1,,,CCCc1cc(C(=O)N2CC[C@H](C)[C@H]2CNC(=O)C2C[C@@H](C)C[C@@H](C)C2)n(C)n1,
95875,COc1c(F)ccc(C(=O)N2CC=C[C@H]2C(=O)N2C[C@@H]3[C@@H](CO)[C@@H]3C2)c1F,"(2,4-difluoro-3-methoxyphenyl)((2S)-2-(((1R,5S,6S)-6-(hydroxymethyl)-3-azabicyclo[3.1.0]hexan-3-yl)carbonyl)-2,5-dihydro-1H-pyrrol-1-yl)methanone",,COc1c(F)ccc(C(=O)N2CC=CC2C(=O)N2C[C@@H]3[C@@H](CO)[C@@H]3C2)c1F,
96023,COc1cc(C)c(Cl)cc1S(=O)(=O)[N@]1[C@H]2CN(c3ncc4ccccc4n3)C[C@H]21,,,COc1cc(C)c(Cl)cc1S(=O)(=O)[N@@]1[C@@H]2CN(c3ncc4ccccc4n3)C[C@@H]21,
96156,O=C(c1cc2cncn2c(O)n1)N1CC[C@@](O)(CNC(=O)[C@H]2C[C@](F)(CO)C2)C1,"(1s,3S)-3-fluoro-N-(((3R)-3-hydroxy-1-((2-hydroxy-1,3,8-triazabicyclo[4.3.0]nona-2,4,6,8-tetraen-4-yl)carbonyl)pyrrolidin-3-yl)methyl)-3-(hydroxymethyl)cyclobutanecarboxamide",,O=C(NC[C@]1(O)CCN(C(=O)c2cc3cncn3c(=O)[nH]2)C1)C1CC(F)(CO)C1,
96261,C#CC[C@@H](C(=O)N[C@H]1C[C@@H]2C[C@H](C1)CN(C(=O)c1coc(Br)n1)C2)C1CC1,,,C#CCC(C(=O)N[C@@H]1C[C@H]2C[C@@H](C1)CN(C(=O)c1coc(Br)n1)C2)C1CC1,
96271,CO[C@]1(C(F)(F)F)C[C@H](C(=O)NC[C@@H]2C[C@@H](C)N(C(=O)c3[nH]ccc3C)C2)C1,"(1s,3R)-3-methoxy-N-(((3S,5R)-5-methyl-1-((3-methyl-1H-pyrrol-2-yl)carbonyl)pyrrolidin-3-yl)methyl)-3-(trifluoromethyl)cyclobutanecarboxamide",,COC1(C(F)(F)F)CC(C(=O)NC[C@@H]2C[C@@H](C)N(C(=O)c3[nH]ccc3C)C2)C1,
96318,N#CC1(C(=O)N[C@H]2[C@@H]3CN(C(=O)CC4(O)CCCCC4)C[C@@H]32)CCSCC1,,,N#CC1(C(=O)N[C@H]2[C@@H]3CN(C(=O)CC4(O)CCCCC4)C[C@@H]32)CCSCC1,
96372,C=C[C@H](O)C(C)(C)C(=O)N[C@@H]1[C@@H]2CN(C(=O)c3cc(O)nc(O)c3)C[C@@H]21,,,C=C[C@H](O)C(C)(C)C(=O)N[C@@H]1[C@@H]2CN(C(=O)c3cc(O)[nH]c(=O)c3)C[C@@H]21,
96422,CO[C@]1(C(F)(F)F)C[C@H](C(=O)N[C@H]2CN(C(=O)[C@H](O)CSC)CC23CC3)C1,"(1s,3S)-N-((7R)-5-((2S)-2-hydroxy-3-(methylsulfanyl)propanoyl)-5-azaspiro[2.4]heptan-7-yl)-3-methoxy-3-(trifluoromethyl)cyclobutanecarboxamide",,COC1(C(F)(F)F)CC(C(=O)N[C@H]2CN(C(=O)C(O)CSC)CC23CC3)C1,
96570,Nc1cnc(C(=O)NC[C@H]2C[C@](F)(CNC(=O)c3cccc(F)c3Cl)C2)cn1,"5-amino-N-(((1s,3s)-3-((2-chloro-3-fluorobenzamido)methyl)-3-fluorocyclobutyl)methyl)pyrazine-2-carboxamide",,Nc1cnc(C(=O)NC[C@H]2C[C@](F)(CNC(=O)c3cccc(F)c3Cl)C2)cn1,
96608,C[C@H](C(=O)N1CC2(C1)[C@H](NC(=O)[C@H]1C[C@@H]3C[C@@H]3C1)CCS2(=O)=O)N1CCC1,,,CC(C(=O)N1CC2(C1)[C@H](NC(=O)C1C[C@@H]3C[C@@H]3C1)CCS2(=O)=O)N1CCC1,
96685,C[C@@H](O)C(C)(C)C(=O)N[C@H]1C[C@@H]2CC[C@H](C1)N2C(=O)c1ccc2nc(S)oc2c1,,,C[C@@H](O)C(C)(C)C(=O)N[C@@H]1C[C@H]2CC[C@@H](C1)N2C(=O)c1ccc2[nH]c(=S)oc2c1,
96688,CSC1CC(C(=O)N(C)CCOCCCNC(=O)[C@H]2C[C@@H]3C[C@@H]3C2)C1,,,CSC1CC(C(=O)N(C)CCOCCCNC(=O)C2C[C@@H]3C[C@@H]3C2)C1,
96763,CC(C)C[C@H](C)CC(=O)N[C@]1(C)C[C@H](C(=O)N[C@H]2CC[C@@H](N=[N+]=[N-])CC2)C1,"(3S)-N-((1s,3R)-3-((cis-4-azidocyclohexyl)carbamoyl)-1-methylcyclobutyl)-3,5-dimethylhexanamide",,CC(C)C[C@H](C)CC(=O)NC1(C)CC(C(=O)N[C@H]2CC[C@@H](N=[N+]=[N-])CC2)C1,
96824,NS(=O)(=O)c1cccc2c(C(=O)N[C@H]3C[C@@H]4OC(=O)O[C@@H]4C3)nccc12,,,NS(=O)(=O)c1cccc2c(C(=O)N[C@H]3C[C@@H]4OC(=O)O[C@@H]4C3)nccc12,
96857,C[C@H]1C[C@@H](C)C[C@H](C(=O)NC[C@@H]2CCCN2C(=O)c2cc(F)c(F)cc2N)C1,,,C[C@@H]1CC(C(=O)NC[C@@H]2CCCN2C(=O)c2cc(F)c(F)cc2N)C[C@H](C)C1,
96879,C=CCCCCCCC(=O)NC[C@@]1(CNC(=O)C(C)(C)CO)C[C@@H]2CCC[C@@H]2C1,,,C=CCCCCCCC(=O)NC[C@]1(CNC(=O)C(C)(C)CO)C[C@H]2CCC[C@H]2C1,
96882,CC(C)(CCNC(=O)[C@@H]1[C@H]2CCC[C@H]21)NC(=O)[C@H](O)C1CCCCCC1,,,CC(C)(CCNC(=O)C1[C@H]2CCC[C@@H]12)NC(=O)C(O)C1CCCCCC1,
96980,C[C@H]1[C@@H](C)N(C(=O)[C@H]2C[C@](F)(CO)C2)CCN1C(=O)c1cn(C)c(O)n1,"((2S,3R)-4-(((1s,3S)-3-fluoro-3-(hydroxymethyl)cyclobutyl)carbonyl)-2,3-dimethylpiperazin-1-yl)(2-hydroxy-1-methyl-1H-imidazol-4-yl)methanone",,C[C@@H]1[C@H](C)N(C(=O)c2cn(C)c(=O)[nH]2)CCN1C(=O)C1CC(F)(CO)C1,
96989,COC(=O)[C@]1(c2cccc(C)c2)C[C@@H](NC(=O)c2c[nH]c3ncc(Cl)cc23)C1,"methyl (1r,3r)-3-(5-chloro-1H-pyrrolo[2,3-b]pyridine-3-carboxamido)-1-(3-methylphenyl)cyclobutanecarboxylate",,COC(=O)[C@]1(c2cccc(C)c2)C[C@@H](NC(=O)c2c[nH]c3ncc(Cl)cc23)C1,
97009,Cc1csc(CC(=O)N[C@]2(C)C[C@@H](NC(=O)CCS(N)(=O)=O)C2)c1,"N-((1r,3r)-3-methyl-3-(2-(4-methylthiophen-2-yl)acetamido)cyclobutyl)-3-sulfamoylpropanamide",,Cc1csc(CC(=O)N[C@]2(C)C[C@@H](NC(=O)CCS(N)(=O)=O)C2)c1,
97047,CCOC[C@H](N=[N+]=[N-])C(=O)N[C@]1(C)C[C@H](C(=O)NCC2(CO)C[C@@H]3C[C@H]3C2)C1,"(2S)-2-azido-3-ethoxy-N-((1R,3R)-3-((((1S,5S)-3-(hydroxymethyl)bicyclo[3.1.0]hexan-3-yl)methyl)carbamoyl)-1-methylcyclobutyl)propanamide",,CCOCC(N=[N+]=[N-])C(=O)NC1(C)CC(C(=O)NCC2(CO)C[C@@H]3C[C@H]3C2)C1,
97069,C[C@@H]1[C@H](C(=O)N2CC(O)(CNC(=O)CCN3CCCC[C@H]3C)C2)[C@@H]1C,,,C[C@@H]1C(C(=O)N2CC(O)(CNC(=O)CCN3CCCC[C@H]3C)C2)[C@@H]1C,
97070,C[C@]1(O)C[C@@H](C(=O)N[C@H]2CCCN(C(=O)CNS(=O)(=O)c3ccccc3F)C2)C1,"(1s,3R)-N-((3S)-1-(2-(2-fluorobenzene-1-sulfonamido)acetyl)piperidin-3-yl)-3-hydroxy-3-methylcyclobutanecarboxamide",,CC1(O)CC(C(=O)N[C@H]2CCCN(C(=O)CNS(=O)(=O)c3ccccc3F)C2)C1,
97089,O=C(Cc1ccc2c(c1)OCO2)NCC1(NC(=O)[C@@H]2[C@@H]3C[C@H]3[C@H]3C[C@H]32)CC1,"2-(1,3-benzodioxol-5-yl)-N-((1-((1S,2R,4R,5R,6R)-tricyclo[4.1.0.0^{2,4}]heptane-5-carboxamido)cyclopropyl)methyl)acetamide",,O=C(Cc1ccc2c(c1)OCO2)NCC1(NC(=O)C2[C@@H]3C[C@@H]3[C@@H]3C[C@@H]23)CC1,
97118,C[C@H](C(=O)N1C[C@H]2[C@H](CNC(=O)c3cccc(Br)c3)[C@H]2C1)C1CCCC1,"3-bromo-N-(((1R,5S,6S)-3-((2S)-2-cyclopentylpropanoyl)-3-azabicyclo[3.1.0]hexan-6-yl)methyl)benzamide",,CC(C(=O)N1C[C@@H]2[C@@H](CNC(=O)c3cccc(Br)c3)[C@@H]2C1)C1CCCC1,
97123,CCc1noc(C)c1C(=O)N[C@@H](CNC(=O)[C@@H]1[C@H]2CCCCC[C@H]21)C(C)(C)C,,,CCc1noc(C)c1C(=O)N[C@@H](CNC(=O)C1[C@H]2CCCCC[C@@H]12)C(C)(C)C,
97186,N#Cc1ccc(CC(=O)N[C@H]2C[C@@H]3CC[C@H](C2)N3C(=O)[C@@H]2CCC(=O)NC2)cn1,"2-(6-cyanopyridin-3-yl)-N-((1R,3S,5S)-8-(((3R)-6-oxopiperidin-3-yl)carbonyl)-8-azabicyclo[3.2.1]octan-3-yl)acetamide",,N#Cc1ccc(CC(=O)N[C@@H]2C[C@H]3CC[C@@H](C2)N3C(=O)C2CCC(=O)NC2)cn1,
97331,COc1ccc(C(=O)NC[C@@H](CC(C)C)NC(=O)[C@@]2(C)C[C@@H]3C[C@@H]3C2)c(F)c1,,,COc1ccc(C(=O)NC[C@@H](CC(C)C)NC(=O)[C@]2(C)C[C@H]3C[C@H]3C2)c(F)c1,
97376,N=c1[nH]c2ccc(C(=O)N3CC[C@@H](O)[C@H](NC(=O)[C@H]4C[C@@H]5C[C@@H]5C4)C3)cc2s1,,,Nc1nc2ccc(C(=O)N3CC[C@@H](O)[C@H](NC(=O)C4C[C@@H]5C[C@@H]5C4)C3)cc2s1,
97406,O=C(NC[C@H]1C[C@@H]2CC[C@@H]2C1)C1(c2ccc(-c3nn[nH]n3)cc2)CC1,,,O=C(NC[C@@H]1C[C@H]2CC[C@H]2C1)C1(c2ccc(-c3nn[nH]n3)cc2)CC1,
97455,CC1=C(C(=O)N2C[C@H]3[C@H](CNC(=O)C[C@](C)(O)C(F)(F)F)[C@H]3C2)CCC(C)(C)C1,,,CC1=C(C(=O)N2C[C@@H]3[C@@H](CNC(=O)C[C@](C)(O)C(F)(F)F)[C@@H]3C2)CCC(C)(C)C1,
97560,CCS(=O)(=O)c1cccc(C(=O)N[C@H]2C[C@@](C)(NC(=O)c3ccoc3)C2)c1,"N-((1s,3s)-3-(3-(ethylsulfonyl)benzamido)-1-methylcyclobutyl)furan-3-carboxamide",,CCS(=O)(=O)c1cccc(C(=O)N[C@H]2C[C@@](C)(NC(=O)c3ccoc3)C2)c1,
97629,CN1[C@H]2CCC[C@@H]1C[C@@H](NS(=O)(=O)C[C@@H]1CCCCO1)C2,,,CN1[C@@H]2CCC[C@H]1C[C@H](NS(=O)(=O)C[C@@H]1CCCCO1)C2,
97713,C#CCSCC(=O)NC[C@H]1CC[C@@](F)(CNC(=O)CO[C@@H]2CCCC[C@@H]2C)CC1,"N-(((1r,4R)-1-fluoro-4-((2-((prop-2-yn-1-yl)sulfanyl)acetamido)methyl)cyclohexyl)methyl)-2-(((1R,2S)-2-methylcyclohexyl)oxy)acetamide",,C#CCSCC(=O)NC[C@H]1CC[C@@](F)(CNC(=O)CO[C@@H]2CCCC[C@@H]2C)CC1,
97810,CCC(CC)(CNC(=O)[C@H]1[C@@H](C)[C@H]1C)NC(=O)C12CCC(F)(CC1)C2,,,CCC(CC)(CNC(=O)C1[C@@H](C)[C@H]1C)NC(=O)C12CCC(F)(CC1)C2,
97817,COCCOCCONC(=O)C[C@H]1[C@@H]2CN(C(=O)[C@@H]3CC[C@H]3COC)C[C@H]12,"N-((2-((2-methoxyethyl)oxy)ethyl)oxy)-2-((1R,5S,6S)-3-(((1R,2R)-2-(methoxymethyl)cyclobutyl)carbonyl)-3-azabicyclo[3.1.0]hexan-6-yl)acetamide",,COCCOCCONC(=O)C[C@@H]1[C@H]2CN(C(=O)C3CC[C@H]3COC)C[C@@H]12,
97830,CN(C[C@H]1[C@@H]2CN(C(=O)C=Cc3ccccn3)C[C@H]12)C(=O)Cc1ccc(Cl)nc1,,,CN(C[C@@H]1[C@H]2CN(C(=O)C=Cc3ccccn3)C[C@@H]12)C(=O)Cc1ccc(Cl)nc1,
97882,O=C(COC[C@H]1CCCO1)N[C@H]1C[C@H]2CC[C@H]1N(C(=O)[C@@H]1[C@H]3CCCCC[C@H]31)C2,,,O=C(COC[C@H]1CCCO1)N[C@H]1C[C@H]2CC[C@H]1N(C(=O)C1[C@H]3CCCCC[C@@H]13)C2,
97952,COC(=O)[C@H]1CN=C2N=C(CN[C@H]3C[C@@H]4CCC[C@@H]4C3)NN2C1,,,COC(=O)C1CNc2nc(CN[C@@H]3C[C@H]4CCC[C@H]4C3)nn2C1,
97957,CO[C@]1(C(=O)NC[C@H]2[C@@H]3CN(C(=O)[C@H]4CCCC[C@H]4N=[N+]=[N-])C[C@H]23)CCSC1,"(3S)-N-(((1R,5S,6S)-3-(((1S,2R)-2-azidocyclohexyl)carbonyl)-3-azabicyclo[3.1.0]hexan-6-yl)methyl)-3-methoxythiolane-3-carboxamide",,CO[C@]1(C(=O)NC[C@@H]2[C@H]3CN(C(=O)C4CCCC[C@H]4N=[N+]=[N-])C[C@@H]23)CCSC1,
97979,Cc1ncc(CC(=O)N2C[C@H]3CC[C@@H](C2)[C@@H]3C(=O)Nc2ccccc2)s1,,,Cc1ncc(CC(=O)N2C[C@H]3CC[C@@H](C2)C3C(=O)Nc2ccccc2)s1,
97995,CCCCSCCC(=O)N[C@H]1C[C@@H]2C[C@H](C1)CN(C(=O)C[C@H](C)C(=O)OC)C2,"methyl (2S)-4-((1R,5S,7R)-7-(3-(butylsulfanyl)propanamido)-3-azabicyclo[3.3.1]nonan-3-yl)-2-methyl-4-oxobutanoate",,CCCCSCCC(=O)N[C@@H]1C[C@H]2C[C@@H](C1)CN(C(=O)CC(C)C(=O)OC)C2,
98045,CN(C[C@@H]1CCN(C(=O)[C@@H]2CC[C@H]3C[C@H]3CC2)C1)C(=O)c1ccnc2ncnn12,,,CN(C[C@@H]1CCN(C(=O)C2CC[C@@H]3C[C@@H]3CC2)C1)C(=O)c1ccnc2ncnn12,
98087,C[C@]1(NC(=O)c2cc3cc(Cl)cnc3[nH]2)C[C@@H](NC(=O)[C@H]2CCCOCC2)C1,"5-chloro-N-((1R,3s)-1-methyl-3-((4S)-oxepane-4-carboxamido)cyclobutyl)-1H-pyrrolo[2,3-b]pyridine-2-carboxamide",,C[C@]1(NC(=O)c2cc3cc(Cl)cnc3[nH]2)C[C@@H](NC(=O)C2CCCOCC2)C1,
98107,Cc1csc(=O)n1CC(=O)N1CCC(C[C@@H](C)NC(=O)C[C@@H]2C[C@H]3C[C@H]3C2)CC1,,,Cc1csc(=O)n1CC(=O)N1CCC(C[C@@H](C)NC(=O)C[C@H]2C[C@@H]3C[C@@H]3C2)CC1,
98202,CC(C)C[C@H](O)C(=O)N[C@]1(C(=O)N[C@@H]2CC[C@@H](C)C2)C[C@H](O)C1,"(2S)-2-hydroxy-N-((1s,3R)-3-hydroxy-1-(((1R,3R)-3-methylcyclopentyl)carbamoyl)cyclobutyl)-4-methylpentanamide",,CC(C)CC(O)C(=O)N[C@]1(C(=O)N[C@@H]2CC[C@@H](C)C2)C[C@H](O)C1,
98217,Cc1ccc(CCN=C(NC2CC2)N2C[C@@H]3[C@@H](CF)[C@@H]3C2)cc1C#N,,,Cc1ccc(CCN=C(NC2CC2)N2C[C@@H]3[C@@H](CF)[C@@H]3C2)cc1C#N,
98262,COC1=CC=C(C(=O)N2CCC[C@@H]2C(C)NC(=O)[C@H]2C[C@@H]3CCC[C@@H](C3)C2)C=N1,,,COc1ccc(C(=O)N2CCC[C@@H]2C(C)NC(=O)C2C[C@H]3CCC[C@@H](C2)C3)cn1,
98356,CN1C[C@H]2[C@@H](C1)[C@@H]2C(=O)N1CC[C@@]2(C=C(C(=O)NCc3cnn(C)c3O)C2)C1,,,CN1C[C@@H]2C(C(=O)N3CC[C@@]4(C=C(C(=O)NCc5c[nH]n(C)c5=O)C4)C3)[C@@H]2C1,
98359,CC(=O)c1cc(C(=O)N(C)CCN(C)C(=O)[C@]2(C(F)(F)F)C[C@@H](O)C2)cnc1C,"5-acetyl-N,6-dimethyl-N-(2-(N-methyl(1s,3s)-3-hydroxy-1-(trifluoromethyl)cyclobutanecarboxamido)ethyl)pyridine-3-carboxamide",,CC(=O)c1cc(C(=O)N(C)CCN(C)C(=O)[C@]2(C(F)(F)F)C[C@@H](O)C2)cnc1C,
98397,CCSc1cnc(O)c(C(=O)N(C)[C@H]2[C@@H]3CN(C(=O)c4ccc(C)nn4)C[C@@H]32)c1,,,CCSc1c[nH]c(=O)c(C(=O)N(C)[C@H]2[C@@H]3CN(C(=O)c4ccc(C)nn4)C[C@@H]32)c1,
98479,CC(C)n1cnnc1CC(=O)N[C@@H]1[C@@H](C)CN(C(=O)c2cc(=O)n(C)o2)C[C@H]1C,,,CC(C)n1cnnc1CC(=O)N[C@H]1[C@H](C)CN(C(=O)c2cc(=O)n(C)o2)C[C@@H]1C,
98528,Cc1nsc(C)c1C(=O)NC[C@H]1CCCCN(C(=O)[C@@H]2C[C@@H]3CC[C@@H]3C2)C1,,,Cc1nsc(C)c1C(=O)NC[C@H]1CCCCN(C(=O)C2C[C@H]3CC[C@H]3C2)C1,
98533,O=C(COC(F)(F)F)N[C@H]1[C@@H]2CN(C(=O)[C@@]3(C(F)(F)F)C[C@H]4C=C[C@H]3CC4)C[C@@H]21,"N-((1R,5S,6S)-3-(((1R,2R,4S)-2-(trifluoromethyl)bicyclo[2.2.2]oct-5-en-2-yl)carbonyl)-3-azabicyclo[3.1.0]hexan-6-yl)-2-((trifluoromethyl)oxy)acetamide",,O=C(COC(F)(F)F)N[C@H]1[C@@H]2CN(C(=O)[C@@]3(C(F)(F)F)C[C@H]4C=C[C@H]3CC4)C[C@@H]21,
98662,CC(C)[C@H](C(=O)N[C@@H]1C[C@@H]2CC[C@H](C1)N2C(=O)[C@H](F)n1cccn1)n1cnnc1,"(2R)-N-((1R,3S,5S)-8-((2S)-2-fluoro-2-(1H-pyrazol-1-yl)acetyl)-8-azabicyclo[3.2.1]octan-3-yl)-3-methyl-2-(4H-1,2,4-triazol-4-yl)butanamide",,CC(C)C(C(=O)N[C@H]1C[C@H]2CC[C@@H](C1)N2C(=O)C(F)n1cccn1)n1cnnc1,
98672,Cc1cc(C(=O)N[C@H]2C[C@@H]3CC[C@H](C2)N3C(=O)CO)c(C)n1[C@@H]1CCOC1,,,Cc1cc(C(=O)N[C@@H]2C[C@H]3CC[C@@H](C2)N3C(=O)CO)c(C)n1[C@@H]1CCOC1,
98677,Cc1ccc(-c2c[nH]cc2C(=O)NC[C@]2(F)C[C@H](NC(=O)[C@@H](C)CC(F)F)C2)s1,"N-(((1S,3r)-3-((2S)-4,4-difluoro-2-methylbutanamido)-1-fluorocyclobutyl)methyl)-4-(5-methylthiophen-2-yl)-1H-pyrrole-3-carboxamide",,Cc1ccc(-c2c[nH]cc2C(=O)NC[C@]2(F)C[C@H](NC(=O)C(C)CC(F)F)C2)s1,
98726,CC(C)(CO)N(C(=O)[C@@H](O)CNC(=O)[C@H]1C[C@@H]2CC[C@@H]2C1)C1CC1,,,CC(C)(CO)N(C(=O)C(O)CNC(=O)C1C[C@H]2CC[C@H]2C1)C1CC1,
98783,C[C@@H](C(=O)NC[C@]1(F)C[C@H](NC(=O)c2ccc(CO)s2)C1)c1ccc(Cl)cc1,"(2R)-2-(4-chlorophenyl)-N-(((1r,3R)-1-fluoro-3-(5-(hydroxymethyl)thiophene-2-carboxamido)cyclobutyl)methyl)propanamide",,CC(C(=O)NC[C@]1(F)C[C@H](NC(=O)c2ccc(CO)s2)C1)c1ccc(Cl)cc1,
98787,CC1(C)CC(C)(C(=O)N[C@@H]2C[C@H]3[C@@H](C2)[C@@H]3NC(=O)[C@H]2CCCN(C(N)=O)C2)C1,,,CC1(C)CC(C)(C(=O)N[C@H]2C[C@@H]3[C@H](C2)[C@H]3NC(=O)C2CCCN(C(N)=O)C2)C1,
98820,CC(C)CCC(=O)C(=O)N1C[C@H]2[C@H](CNC(=O)[C@@H](C)c3c(F)cccc3F)[C@H]2C1,,,CC(C)CCC(=O)C(=O)N1C[C@@H]2[C@@H](CNC(=O)C(C)c3c(F)cccc3F)[C@@H]2C1,
98861,CCN(C(=O)[C@H]1C[C@H](OC)[C@H](OC)C1)[C@H]1CCN(C(=O)c2nc(Cl)oc2C)C1,,,CCN(C(=O)C1C[C@H](OC)[C@H](OC)C1)[C@H]1CCN(C(=O)c2nc(Cl)oc2C)C1,
98974,CC(C)=C=CC(=O)N1C[C@H]2[C@H](CC(=O)NC[C@@H](O)C(C)(C)C)[C@H]2C1,,,CC(C)=C=CC(=O)N1C[C@@H]2[C@@H](CC(=O)NC[C@@H](O)C(C)(C)C)[C@@H]2C1,
98977,C#CCOCCC(=O)N[C@H]1C[C@@](C)(NC(=O)c2csc3cc(Cl)cnc23)C1,"N-((1s,3s)-3-(4-chloro-7-thia-2-azabicyclo[4.3.0]nona-1(6),2,4,8-tetraene-9-carboxamido)-3-methylcyclobutyl)-3-((prop-2-yn-1-yl)oxy)propanamide",,C#CCOCCC(=O)N[C@H]1C[C@@](C)(NC(=O)c2csc3cc(Cl)cnc23)C1,
98993,COc1ccc2[nH]c(C(=O)N[C@H](C)CNC(=O)[C@H]3C[C@@H]4C[C@@H]4C3)cc2c1,,,COc1ccc2[nH]c(C(=O)N[C@H](C)CNC(=O)C3C[C@@H]4C[C@@H]4C3)cc2c1,
99000,CNC(=O)[C@@H]1[C@H]2CN(c3nc(N(C)C[C@H]4CCCO4)nc4cccc(F)c34)C[C@H]21,"(1R,5S,6R)-3-(5-fluoro-2-(methyl(((2R)-oxolan-2-yl)methyl)amino)quinazolin-4-yl)-N-methyl-3-azabicyclo[3.1.0]hexane-6-carboxamide",,CNC(=O)C1[C@H]2CN(c3nc(N(C)C[C@H]4CCCO4)nc4cccc(F)c34)C[C@@H]12,
99013,COC[C@H](C(=O)N1CCOC[C@@H](NC(=O)[C@]2(C)C[C@@H]3C[C@@H]3C2)C1)N(C)C,,,COCC(C(=O)N1CCOC[C@@H](NC(=O)[C@@]2(C)C[C@H]3C[C@H]3C2)C1)N(C)C,
99027,O=C1NCCc2cc(N3C[C@H]4[C@H](NC(=O)[C@H]5CC=CCC5)[C@H]4C3)c([N+](=O)[O-])cc21,,,O=C1NCCc2cc(N3C[C@@H]4[C@H](C3)[C@H]4NC(=O)C3CC=CCC3)c([N+](=O)[O-])cc21,
99166,Nc1sc2c(c1C(=O)N[C@H]1CC[C@]3(CC1)CN(C(=O)[C@@H]1C[C@@H]1Cl)CCO3)CCC2,"3-amino-N-(4-(((1S,2S)-2-chlorocyclopropyl)carbonyl)-1-oxa-4-azaspiro[5.5]undecan-9-yl)-2-thiabicyclo[3.3.0]octa-1(5),3-diene-4-carboxamide",NC=1SC=2CCCC2C1C(=O)NC1CCC2(CN(CCO2)C(=O)[C@H]2[C@H](C2)Cl)CC1,Nc1sc2c(c1C(=O)N[C@H]1CC[C@]3(CC1)CN(C(=O)C1C[C@@H]1Cl)CCO3)CCC2,Nc1sc2c(c1C(=O)NC1CCC3(CC1)CN(C(=O)C1C[C@@H]1Cl)CCO3)CCC2
99185,C[C@H]1CN(C(=O)Cc2cccs2)C[C@@H](C)[C@@H]1NC(=O)c1cccc2nncn12,,,C[C@@H]1CN(C(=O)Cc2cccs2)C[C@H](C)[C@H]1NC(=O)c1cccc2nncn12,
99222,O=C(CCn1cc([C@H]2[C@@H]3COC[C@@H]32)nn1)N1CCn2nnc(CO)c2C1,,,O=C(CCn1cc([C@H]2[C@@H]3COC[C@@H]32)nn1)N1CCn2nnc(CO)c2C1,
99261,CO[C@@H](CCSC)C(=O)N1C[C@H]2[C@H](CNC(=O)C3(C#N)CC3)[C@H]2C1,"1-cyano-N-(((1R,5S,6S)-3-((2S)-2-methoxy-4-(methylsulfanyl)butanoyl)-3-azabicyclo[3.1.0]hexan-6-yl)methyl)cyclopropanecarboxamide",,COC(CCSC)C(=O)N1C[C@@H]2[C@@H](CNC(=O)C3(C#N)CC3)[C@@H]2C1,
99283,CCS[C@H](C)C(=O)N1C[C@H]2C[C@H](NC(=O)c3cccc([C@]4(C)CCO4)c3)C[C@H]2C1,"N-((1R,5S,7S)-3-((2R)-2-(ethylsulfanyl)propanoyl)-3-azabicyclo[3.3.0]octan-7-yl)-3-((2S)-2-methyloxetan-2-yl)benzamide",,CCSC(C)C(=O)N1C[C@H]2C[C@H](NC(=O)c3cccc([C@]4(C)CCO4)c3)C[C@H]2C1,
99313,COCc1ncsc1C(=O)N1C[C@H]2[C@H](CNC(=O)CCc3cncc(O)c3)[C@H]2C1,,,COCc1ncsc1C(=O)N1C[C@@H]2[C@@H](CNC(=O)CCc3cncc(O)c3)[C@@H]2C1,
99341,Cc1nn(CC(=O)N2[C@H]3CC[C@@H]2C[C@@H](CNC(=O)c2c(C)[nH][nH]c2=N)C3)cc1Cl,,,Cc1nn(CC(=O)N2[C@@H]3CC[C@H]2C[C@H](CNC(=O)c2c(C)n[nH]c2N)C3)cc1Cl,
99373,CC(C)CC1(C(=O)NC[C@H]2CC[C@@H](NC(=O)[C@H]3C[C@@](C)(O)C3)C2)CCC1,"(1s,3S)-3-hydroxy-3-methyl-N-((1R,3S)-3-((1-(2-methylpropyl)cyclobutanecarboxamido)methyl)cyclopentyl)cyclobutanecarboxamide",,CC(C)CC1(C(=O)NC[C@H]2CC[C@@H](NC(=O)C3CC(C)(O)C3)C2)CCC1,
99423,C[C@H]1C[C@@H](C)C[C@H]([C@@H](C(=O)NC2CC2)N(C)CC(=O)Nc2cccc(F)c2)C1,,,C[C@@H]1C[C@H](C)C[C@@H](C(C(=O)NC2CC2)N(C)CC(=O)Nc2cccc(F)c2)C1,
99481,CC(C)(C)OC(=O)NC[C@H]1C[C@@H]1CN[C@@H]1C[C@@H]2CC3(CC3)C[C@@H]2C1,,,CC(C)(C)OC(=O)NC[C@H]1C[C@@H]1CN[C@@H]1C[C@@H]2CC3(CC3)C[C@@H]2C1,
99639,C=CCCn1c(-c2nnn(C)c2C)nnc1N1C[C@H]2C[C@@H](C(=O)OC)C[C@H]2C1,,,C=CCCn1c(-c2nnn(C)c2C)nnc1N1C[C@H]2CC(C(=O)OC)C[C@H]2C1,
99670,Cc1cc(C)c(C(=O)N[C@H]2C[C@H]3COC[C@@H](C2)N3C(=O)[C@@H]2C[C@@H]2F)o1,"N-((1R,5S,7R)-9-(((1S,2S)-2-fluorocyclopropyl)carbonyl)-3-oxa-9-azabicyclo[3.3.1]nonan-7-yl)-3,5-dimethylfuran-2-carboxamide",,Cc1cc(C)c(C(=O)N[C@H]2C[C@H]3COC[C@@H](C2)N3C(=O)C2C[C@@H]2F)o1,
99745,Cc1cccnc1C(=O)N1CC2(CC(NC(=O)[C@H]3C[C@@H]4CC[C@@H]4C3)C2)C1,,,Cc1cccnc1C(=O)N1CC2(CC(NC(=O)C3C[C@H]4CC[C@H]4C3)C2)C1,
99766,CC[C@@H](C)C(=O)N1[C@H]2CC[C@@H]1C[C@@H](NC(=O)[C@@H](O)c1ccc(F)cc1)C2,"(2S)-2-(4-fluorophenyl)-2-hydroxy-N-((1R,3S,5S)-8-((2R)-2-methylbutanoyl)-8-azabicyclo[3.2.1]octan-3-yl)acetamide",,CCC(C)C(=O)N1[C@@H]2CC[C@H]1C[C@H](NC(=O)C(O)c1ccc(F)cc1)C2,
99799,C[C@]1(NC(=O)[C@H](O)CC(F)F)C[C@H](NC(=O)c2cc3cc(O)ccc3[nH]2)C1,"(2R)-4,4-difluoro-2-hydroxy-N-((1r,3R)-3-(5-hydroxy-1H-indole-2-carboxamido)-1-methylcyclobutyl)butanamide",,C[C@]1(NC(=O)C(O)CC(F)F)C[C@H](NC(=O)c2cc3cc(O)ccc3[nH]2)C1,
99802,O=C(C[C@H]1Cc2ccccc2O1)N[C@H]1C[C@]2(CCCCN2C(=O)C2(CO)CC2)C1,"2-((2R)-2,3-dihydro-1-benzofuran-2-yl)-N-(5-((1-(hydroxymethyl)cyclopropyl)carbonyl)-5-azaspiro[3.5]nonan-2-yl)acetamide",O1[C@H](CC2=C1C=CC=C2)CC(=O)NC2CC1(C2)N(CCCC1)C(=O)C1(CC1)CO,O=C(C[C@H]1Cc2ccccc2O1)N[C@H]1C[C@]2(CCCCN2C(=O)C2(CO)CC2)C1,O=C(C[C@H]1Cc2ccccc2O1)NC1CC2(CCCCN2C(=O)C2(CO)CC2)C1
99811,CCC[C@](C)(O)C(=O)N1C[C@@H]2C[C@H](NC(=O)[C@@]34CSC[C@H]3C4)C[C@@H](C2)C1,"(1S,5S)-N-((1R,5S,7R)-3-((2S)-2-hydroxy-2-methylpentanoyl)-3-azabicyclo[3.3.1]nonan-7-yl)-3-thiabicyclo[3.1.0]hexane-1-carboxamide",,CCC[C@](C)(O)C(=O)N1C[C@@H]2C[C@@H](C[C@H](NC(=O)[C@@]34CSC[C@H]3C4)C2)C1,
99828,C#CC[C@H](C)C(=O)N1C[C@H]2[C@H](CN(C)C(=O)CNC(=O)c3ccco3)[C@H]2C1,"2-(furan-2-carboxamido)-N-methyl-N-(((1R,5S,6S)-3-((2S)-2-methylpent-4-ynoyl)-3-azabicyclo[3.1.0]hexan-6-yl)methyl)acetamide",,C#CCC(C)C(=O)N1C[C@@H]2[C@@H](CN(C)C(=O)CNC(=O)c3ccco3)[C@@H]2C1,
99900,CCc1nc(O)c(C(=O)N[C@H]2C[C@](F)(CNC(=O)[C@H]3C[C@@]3(C)C(F)F)C2)cc1C,"N-((1R,3s)-3-(((1S,2R)-2-(difluoromethyl)-2-methylcyclopropanecarboxamido)methyl)-3-fluorocyclobutyl)-6-ethyl-2-hydroxy-5-methylpyridine-3-carboxamide",,CCc1[nH]c(=O)c(C(=O)N[C@H]2C[C@](F)(CNC(=O)C3C[C@@]3(C)C(F)F)C2)cc1C,
99937,CSC[C@H](C)C(=O)N(C)CC[C@H](NC(=O)[C@H]1CC[C@@](C)(O)CC1)C(C)(C)C,"(2R)-N-((3S)-3-((1s,4R)-4-hydroxy-4-methylcyclohexanecarboxamido)-4,4-dimethylpentyl)-N,2-dimethyl-3-(methylsulfanyl)propanamide",,CSCC(C)C(=O)N(C)CC[C@H](NC(=O)C1CCC(C)(O)CC1)C(C)(C)C,
99965,C[C@H]1COC[C@H](C(=O)NC[C@H]2C[C@@](F)(CNC(=O)Cn3ccc([N+](=O)[O-])n3)C2)O1,"(2R,6S)-N-(((1r,3R)-3-fluoro-3-((2-(3-nitro-1H-pyrazol-1-yl)acetamido)methyl)cyclobutyl)methyl)-6-methyl-1,4-dioxane-2-carboxamide",,C[C@H]1COCC(C(=O)NC[C@H]2C[C@@](F)(CNC(=O)Cn3ccc([N+](=O)[O-])n3)C2)O1,
