index,smiles,name,opsin_smiles,std_original,std_opsin
4,C#CC[C@]1(O)C[C@@H](C(=O)N[C@H]2CCN(C(=O)c3cnc(O)o3)C[C@H]2F)C1,"(1s,3R)-N-((3R,4S)-3-fluoro-1-((2-hydroxy-1,3-oxazol-5-yl)carbonyl)piperidin-4-yl)-3-hydroxy-3-(prop-2-yn-1-yl)cyclobutanecarboxamide",,C#CCC1(O)CC(C(=O)N[C@H]2CCN(C(=O)c3c[nH]c(=O)o3)C[C@H]2F)C1,
67,C=C[C@@H](O)C(=O)N1C[C@H]2C[C@H](NC(=O)c3cc(F)cc4ccoc34)C[C@H]2C1,"5-fluoro-N-((1R,5S,7S)-3-((2R)-2-hydroxybut-3-enoyl)-3-azabicyclo[3.3.0]octan-7-yl)-1-benzofuran-7-carboxamide",,C=CC(O)C(=O)N1C[C@H]2C[C@H](NC(=O)c3cc(F)cc4ccoc34)C[C@H]2C1,
119,CN(CCC1CC1)C(=O)[C@@H](CC1CCOCC1)NC(=O)[C@@H]1[C@H]2CCCC[C@H]21,,,CN(CCC1CC1)C(=O)C(CC1CCOCC1)NC(=O)C1[C@H]2CCCC[C@@H]12,
167,Cc1nnn(CC(=O)N2CCC[C@](O)(CNC(=O)[C@@H]3[C@@H](C)[C@H]3C)CC2)n1,,,Cc1nnn(CC(=O)N2CCC[C@](O)(CNC(=O)C3[C@@H](C)[C@H]3C)CC2)n1,
197,CC(=O)c1ccc(C(=O)N2[C@H]3CC[C@@H]2C[C@@H](NC(=O)[C@H](O)C2CC2)C3)nc1,,,CC(=O)c1ccc(C(=O)N2[C@@H]3CC[C@H]2C[C@H](NC(=O)C(O)C2CC2)C3)nc1,
211,O=C(CSc1cn[nH]c1)N1CC2CC1(C(=O)NC[C@@H]1[C@H]3CCC[C@H]31)C2,,,O=C(CSc1cn[nH]c1)N1CC2CC1(C(=O)NC[C@H]1[C@@H]3CCC[C@@H]31)C2,
231,CN(C)[C@H]1CCC[C@@H](C(=O)N2CCN(CCNC(=O)[C@H]3C[C@](F)(CO)C3)CC2)C1,"(1s,3S)-N-(2-(4-(((1R,3S)-3-(dimethylamino)cyclohexyl)carbonyl)piperazin-1-yl)ethyl)-3-fluoro-3-(hydroxymethyl)cyclobutanecarboxamide",,CN(C)[C@H]1CCCC(C(=O)N2CCN(CCNC(=O)C3CC(F)(CO)C3)CC2)C1,
264,N#Cc1ccc2c(=NC(=O)[C@H]3[C@H]4CN(Cc5cc(I)ccc5O)C[C@H]43)[nH][nH]c2c1,,,N#Cc1ccc2c(NC(=O)C3C4CN(Cc5cc(I)ccc5O)CC43)[nH]nc2c1,
346,O=C(NC[C@@H]1[C@H]2CCCC[C@H]21)C(=O)Nc1ccnn1C1CCCCC1,,,O=C(NC[C@H]1[C@@H]2CCCC[C@@H]21)C(=O)Nc1ccnn1C1CCCCC1,
363,CCc1cc2c(N[C@H]3[C@@H]4CN(C(=O)[C@@H](C)c5ccc(C)s5)C[C@@H]43)nc(C)nc2s1,"(2R)-1-((1R,5S,6S)-6-((6-ethyl-2-methylthieno[2,3-d]pyrimidin-4-yl)amino)-3-azabicyclo[3.1.0]hexan-3-yl)-2-(5-methylthiophen-2-yl)propan-1-one",,CCc1cc2c(N[C@H]3[C@@H]4CN(C(=O)C(C)c5ccc(C)s5)C[C@@H]43)nc(C)nc2s1,
395,CC[C@@]1(C(=O)N2C[C@H]3C[C@H](F)C[C@H]3C2)CCCN(C(=O)c2ccn(C(F)F)n2)C1,"(1-(difluoromethyl)-1H-pyrazol-3-yl)((3R)-3-ethyl-3-(((1R,5S,7S)-7-fluoro-3-azabicyclo[3.3.0]octan-3-yl)carbonyl)piperidin-1-yl)methanone",,CC[C@@]1(C(=O)N2C[C@H]3C[C@H](F)C[C@H]3C2)CCCN(C(=O)c2ccn(C(F)F)n2)C1,
397,CCC(F)(F)C(=O)NC[C@H]1C[C@](F)(CNC(=O)c2cnc(C)nc2C2CC2)C1,"N-(((1s,3s)-3-((4-cyclopropyl-2-methylpyrimidine-5-carboxamido)methyl)-3-fluorocyclobutyl)methyl)-2,2-difluorobutanamide",,CCC(F)(F)C(=O)NC[C@H]1C[C@](F)(CNC(=O)c2cnc(C)nc2C2CC2)C1,
404,C#C[C@]1(O)C[C@@H](C(=O)N2CCC[C@@H]2CN(C)C(=O)C2(CC=C)CCCC2)C1,"N-(((2R)-1-(((1s,3S)-3-ethynyl-3-hydroxycyclobutyl)carbonyl)pyrrolidin-2-yl)methyl)-N-methyl-1-(prop-2-en-1-yl)cyclopentanecarboxamide",,C#CC1(O)CC(C(=O)N2CCC[C@@H]2CN(C)C(=O)C2(CC=C)CCCC2)C1,
490,CS[C@H]1C[C@H](CC(=O)N[C@H](C(=O)NC[C@H]2C[C@@](C)(O)C2)[C@@H](C)O)C1,"(2S,3R)-3-hydroxy-N-(((1s,3R)-3-hydroxy-3-methylcyclobutyl)methyl)-2-(2-(trans-3-(methylsulfanyl)cyclobutyl)acetamido)butanamide",,CS[C@H]1C[C@H](CC(=O)NC(C(=O)NC[C@H]2C[C@@](C)(O)C2)[C@@H](C)O)C1,
492,CCCN(C(=O)CS(=O)(=O)CCOC)[C@H]1CCN(C(=O)[C@@H]2[C@H]3CCC[C@H]32)C1,,,CCCN(C(=O)CS(=O)(=O)CCOC)[C@H]1CCN(C(=O)C2[C@H]3CCC[C@@H]23)C1,
586,O=C(N[C@@H]1C[C@@H]2CC[C@H](C1)N2c1ncnc2ccc(Br)cc12)[C@@H]1C[C@@H]1F,,,O=C(N[C@H]1C[C@H]2CC[C@@H](C1)N2c1ncnc2ccc(Br)cc12)C1C[C@@H]1F,
607,C=C1C[C@H]1C(=O)N1CCO[C@]2(CC[C@@H](NC(=O)[C@]3(C)C=CCC3)CC2)C1,(1S)-1-methyl-N-(4-(((1R)-2-methylidenecyclopropyl)carbonyl)-1-oxa-4-azaspiro[5.5]undecan-9-yl)cyclopent-2-ene-1-carboxamide,C[C@]1(C=CCC1)C(=O)NC1CCC2(CN(CCO2)C(=O)[C@H]2C(C2)=C)CC1,C=C1CC1C(=O)N1CCO[C@]2(CC[C@@H](NC(=O)[C@]3(C)C=CCC3)CC2)C1,C=C1CC1C(=O)N1CCOC2(CCC(NC(=O)[C@]3(C)C=CCC3)CC2)C1
628,CC(C)(C)[C@H](NC(=O)CCNC(=O)CO)C(=O)N[C@@H]1C[C@H](O)[C@H](O)C1,,,CC(C)(C)C(NC(=O)CCNC(=O)CO)C(=O)N[C@H]1C[C@@H](O)[C@@H](O)C1,
648,CCN=c1[nH]c(C(=O)N2[C@H]3CC[C@@H]2C[C@@H](CNC(=O)C2(CO)CCCC2)C3)cs1,,,CCNc1nc(C(=O)N2[C@@H]3CC[C@H]2C[C@H](CNC(=O)C2(CO)CCCC2)C3)cs1,
735,CC(C)(CNC(=O)[C@H]1C[C@@H]2CC[C@@H]2C1)CC1CN(C(=O)c2csc(C(N)=O)n2)C1,,,CC(C)(CNC(=O)C1C[C@H]2CC[C@H]2C1)CC1CN(C(=O)c2csc(C(N)=O)n2)C1,
744,CO[C@H]1C[C@H](C(=O)N(CCO)CCCNC(=O)C2CCC(F)(F)CC2)C[C@H]1OC,,,CO[C@H]1CC(C(=O)N(CCO)CCCNC(=O)C2CCC(F)(F)CC2)C[C@H]1OC,
776,NC(=O)[C@@H]1COC[C@@H]1C(=O)N1C[C@@H](CC(=O)NC[C@H]2[C@@H]3COC[C@H]23)C2(CC2)C1,,,NC(=O)C1COCC1C(=O)N1C[C@@H](CC(=O)NC[C@@H]2[C@H]3COC[C@@H]23)C2(CC2)C1,
803,CO[C@]1(C(F)F)C[C@H](C(=O)N(C)C2CCN(C(=O)c3sc(C)c(C)c3C)CC2)C1,"(1s,3s)-3-(difluoromethyl)-3-methoxy-N-methyl-N-(1-((3,4,5-trimethylthiophen-2-yl)carbonyl)piperidin-4-yl)cyclobutanecarboxamide",,COC1(C(F)F)CC(C(=O)N(C)C2CCN(C(=O)c3sc(C)c(C)c3C)CC2)C1,
839,CC(C)(C)C1(C)CC(C(=O)N[C@H]2C[C@@H]3CC[C@H](C2)N3C(=O)C2=COCC2)C1,,,CC(C)(C)C1(C)CC(C(=O)N[C@@H]2C[C@H]3CC[C@@H](C2)N3C(=O)C2=COCC2)C1,
853,CCC1(C(=O)NCCCn2ccnn2)CN(C(=O)[C@@H]2[C@H]3CCCCC[C@H]32)C1,,,CCC1(C(=O)NCCCn2ccnn2)CN(C(=O)C2[C@H]3CCCCC[C@@H]23)C1,
985,CC(=O)NCC(=O)N[C@@H]1C[C@H]2[C@@H](C1)[C@@H]2NC(=O)c1ccn(C)c1C,,,CC(=O)NCC(=O)N[C@H]1C[C@@H]2[C@H](C1)[C@H]2NC(=O)c1ccn(C)c1C,
1065,O=C(NC[C@@H]1CCN(C(=O)[C@@H]2C[C@@H]3C[C@@H]3C2)CCC1(F)F)C1=C[C@H]2CCC[C@@H]12,,,O=C(NC[C@@H]1CCN(C(=O)C2C[C@@H]3C[C@@H]3C2)CCC1(F)F)C1=C[C@H]2CCC[C@@H]12,
1070,COC(=O)NCCCC(=O)N[C@]1(C)C[C@H](NC(=O)c2ccccc2OCCF)C1,"methyl (4-(((1s,3s)-3-(2-((2-fluoroethyl)oxy)benzamido)-1-methylcyclobutyl)amino)-4-oxobutyl)carbamate",,COC(=O)NCCCC(=O)N[C@]1(C)C[C@H](NC(=O)c2ccccc2OCCF)C1,
1113,CCN(CC)CCC(=O)N[C@]1(C)C[C@H](NC(=O)c2cn(C)nc2Br)C1,"N-((1s,3s)-3-(3-bromo-1-methyl-1H-pyrazole-4-carboxamido)-1-methylcyclobutyl)-3-(diethylamino)propanamide",,CCN(CC)CCC(=O)N[C@]1(C)C[C@H](NC(=O)c2cn(C)nc2Br)C1,
1140,COc1ccc(C(=O)N2C[C@@H]3[C@H](C(=O)N4CCC(OC)CC4)[C@@H]3C2)cc1OC,,,COc1ccc(C(=O)N2C[C@@H]3C(C(=O)N4CCC(OC)CC4)[C@@H]3C2)cc1OC,
1158,Cn1cncc1CCC(=O)N1C[C@H]2[C@H](NC(=O)c3ccoc3Cl)[C@H]2C1,,,Cn1cncc1CCC(=O)N1C[C@@H]2[C@H](C1)[C@H]2NC(=O)c1ccoc1Cl,
1198,Cc1ccc(C(=O)N[C@@H]2C[C@H]3[C@@H](C2)[C@@H]3NC(=O)[C@@H](C)c2cnn(C)c2)s1,,,Cc1ccc(C(=O)N[C@H]2C[C@@H]3[C@H](C2)[C@H]3NC(=O)C(C)c2cnn(C)c2)s1,
1257,CC(C)[C@]1(C(=O)N2C[C@H]3[C@H](CNC(=O)c4cnc(S)n4C)[C@H]3C2)CCCO1,"1-methyl-N-(((1R,5S,6S)-3-(((2S)-2-(propan-2-yl)oxolan-2-yl)carbonyl)-3-azabicyclo[3.1.0]hexan-6-yl)methyl)-2-sulfanyl-1H-imidazole-5-carboxamide",,CC(C)[C@]1(C(=O)N2C[C@@H]3[C@@H](CNC(=O)c4c[nH]c(=S)n4C)[C@@H]3C2)CCCO1,
1324,CCOC(=O)c1nc(=N[C@H]2C[C@](F)(CNC(=O)[C@@H]3CNC(=O)C[C@H]3C)C2)cc[nH]1,"ethyl 4-(((1R,3s)-3-fluoro-3-(((3S,4R)-4-methyl-6-oxopiperidine-3-carboxamido)methyl)cyclobutyl)imino)pyrimidine-2(1H)-carboxylate",,CCOC(=O)c1nccc(N[C@H]2C[C@](F)(CNC(=O)C3CNC(=O)C[C@H]3C)C2)n1,
1355,CC[C@@H](C)[C@@H](C)C(=O)N[C@H]1C[C@](F)(CNC(=O)CCc2nc3ncccn3n2)C1,"(2R,3R)-N-((1s,3S)-3-((3-([1,2,4]triazolo[1,5-a]pyrimidin-2-yl)propanamido)methyl)-3-fluorocyclobutyl)-2,3-dimethylpentanamide",,CC[C@@H](C)C(C)C(=O)N[C@H]1C[C@](F)(CNC(=O)CCc2nc3ncccn3n2)C1,
1409,CCC1(C(=O)N2CCCC[C@]23C[C@H](NC(=O)[C@@H](O)c2cccnc2)C3)CCC1,(2S)-N-(5-((1-ethylcyclobutyl)carbonyl)-5-azaspiro[3.5]nonan-2-yl)-2-hydroxy-2-(pyridin-3-yl)acetamide,C(C)C1(CCC1)C(=O)N1C2(CC(C2)NC([C@H](C=2C=NC=CC2)O)=O)CCCC1,CCC1(C(=O)N2CCCC[C@]23C[C@H](NC(=O)C(O)c2cccnc2)C3)CCC1,CCC1(C(=O)N2CCCCC23CC(NC(=O)C(O)c2cccnc2)C3)CCC1
1415,Cc1cc(C(=O)N2C[C@H]3[C@H](CC(=O)N[C@H]4CCCC(C)(C)C4)[C@H]3C2)c(C)[nH]1,,,Cc1cc(C(=O)N2C[C@@H]3[C@@H](CC(=O)N[C@H]4CCCC(C)(C)C4)[C@@H]3C2)c(C)[nH]1,
1443,CCC[C@H](CCCO)C(=O)N1[C@H]2CC[C@@H]1C[C@H](NC(=O)CCC(=O)NC)C2,"N-((1R,3R,5S)-8-((2R)-5-hydroxy-2-propylpentanoyl)-8-azabicyclo[3.2.1]octan-3-yl)-N'-methylbutanediamide",,CCCC(CCCO)C(=O)N1[C@@H]2CC[C@H]1C[C@@H](NC(=O)CCC(=O)NC)C2,
1466,CO[C@@H](C)CC(=O)N1C[C@H]2[C@H](CN(C)C(=O)c3sc(C(C)(C)C)nc3C)[C@H]2C1,"2-(tert-butyl)-N-(((1R,5S,6S)-3-((3S)-3-methoxybutanoyl)-3-azabicyclo[3.1.0]hexan-6-yl)methyl)-N,4-dimethyl-1,3-thiazole-5-carboxamide",,CO[C@@H](C)CC(=O)N1C[C@@H]2[C@@H](CN(C)C(=O)c3sc(C(C)(C)C)nc3C)[C@@H]2C1,
1486,COC1(C(=O)N[C@H]2C[C@](F)(CNC(=O)C(C)(C)CC(C)(C)C)C2)CCCC1,"N-((1s,3s)-3-fluoro-3-((2,2,4,4-tetramethylpentanamido)methyl)cyclobutyl)-1-methoxycyclopentanecarboxamide",,COC1(C(=O)N[C@H]2C[C@](F)(CNC(=O)C(C)(C)CC(C)(C)C)C2)CCCC1,
1494,O=C([C@H]1C[C@@H]2C[C@@H]2C1)N1CCC(F)(C(=O)NCCOCC2CCC2)CC1,,,O=C(C1C[C@@H]2C[C@@H]2C1)N1CCC(F)(C(=O)NCCOCC2CCC2)CC1,
1501,O=CNCC(=O)N1C[C@H]2[C@H](NC(=O)[C@@H]3Cc4nccn4C3)[C@H]2C1,,,O=CNCC(=O)N1C[C@@H]2[C@H](C1)[C@H]2NC(=O)C1Cc2nccn2C1,
1514,CCCS(=O)(=O)[C@@H](C)C(=O)N[C@H]1[C@@H]2CN(C(=O)c3cc(Cl)cc(F)c3N)C[C@@H]21,,,CCCS(=O)(=O)C(C)C(=O)N[C@H]1[C@@H]2CN(C(=O)c3cc(Cl)cc(F)c3N)C[C@@H]21,
1517,COC(=O)[C@@H](C)C(=O)NC[C@]1(F)C[C@H](CNC(=O)[C@H]2C[C@](F)(CO)C2)C1,"methyl (2S)-2-((((1r,3S)-1-fluoro-3-(((1s,3R)-3-fluoro-3-(hydroxymethyl)cyclobutanecarboxamido)methyl)cyclobutyl)methyl)carbamoyl)propanoate",,COC(=O)C(C)C(=O)NC[C@]1(F)C[C@H](CNC(=O)C2CC(F)(CO)C2)C1,
1570,O=C(NC[C@H]1[C@@H]2CN(C(=O)CC3=CCCC3)C[C@H]12)[C@@H]1CC[C@H](Cn2ccnc2)O1,,,O=C(NC[C@@H]1[C@H]2CN(C(=O)CC3=CCCC3)C[C@@H]12)C1CC[C@H](Cn2ccnc2)O1,
1590,C[C@@H](C(=O)N[C@@H](CNC(=O)[C@H]1C[C@@](F)(CO)C1)C1CCC1)N(C)C,"(2S)-N-((1R)-1-cyclobutyl-2-((1r,3R)-3-fluoro-3-(hydroxymethyl)cyclobutanecarboxamido)ethyl)-2-(dimethylamino)propanamide",,CC(C(=O)N[C@@H](CNC(=O)C1CC(F)(CO)C1)C1CCC1)N(C)C,
1678,CCc1nc(C)c(C(=O)N[C@H](C)C2(O)CN(C(=O)[C@]3(S(C)(=O)=O)C[C@@H](O)C3)C2)o1,"2-ethyl-N-((1R)-1-(3-hydroxy-1-(((1s,3S)-3-hydroxy-1-(methylsulfonyl)cyclobutyl)carbonyl)azetidin-3-yl)ethyl)-4-methyl-1,3-oxazole-5-carboxamide",,CCc1nc(C)c(C(=O)N[C@H](C)C2(O)CN(C(=O)[C@]3(S(C)(=O)=O)C[C@@H](O)C3)C2)o1,
1687,Cc1cc(C)nc(N[C@H]2CC[C@@]3(CC2)CN(C(=O)C[C@@]2(C)C[C@@]2(F)Cl)CCO3)n1,"2-((1S,2R)-2-chloro-2-fluoro-1-methylcyclopropyl)-1-(9-((4,6-dimethylpyrimidin-2-yl)amino)-1-oxa-4-azaspiro[5.5]undecan-4-yl)ethan-1-one",Cl[C@]1([C@@](C1)(C)CC(=O)N1CCOC2(C1)CCC(CC2)NC2=NC(=CC(=N2)C)C)F,Cc1cc(C)nc(N[C@H]2CC[C@@]3(CC2)CN(C(=O)C[C@@]2(C)C[C@@]2(F)Cl)CCO3)n1,Cc1cc(C)nc(NC2CCC3(CC2)CN(C(=O)C[C@@]2(C)C[C@@]2(F)Cl)CCO3)n1
1774,Nc1cc(F)c(F)cc1C(=O)NC[C@H]1[C@@H]2CN(C(=O)Cn3ncnn3)C[C@H]12,,,Nc1cc(F)c(F)cc1C(=O)NC[C@@H]1[C@H]2CN(C(=O)Cn3ncnn3)C[C@@H]12,
1871,C[C@@H](C(=O)NC[C@H]1C[C@@H]2CC[C@H](C1)N2C(=O)c1ncn(C)n1)C(C)(C)C,,,CC(C(=O)NC[C@@H]1C[C@H]2CC[C@@H](C1)N2C(=O)c1ncn(C)n1)C(C)(C)C,
1882,COC[C@H](CCO)NC(=O)[C@@H]1C[C@@H]2CN(C(=O)[C@H](O)CC(C)C)C[C@@H]2C1,"(1R,5S,7R)-N-((2S)-4-hydroxy-1-methoxybutan-2-yl)-3-((2R)-2-hydroxy-4-methylpentanoyl)-3-azabicyclo[3.3.0]octane-7-carboxamide",,COC[C@H](CCO)NC(=O)C1C[C@@H]2CN(C(=O)C(O)CC(C)C)C[C@@H]2C1,
1933,CC[C@H](C)OCC(=O)N1CCCCCC[C@@H]1C(=O)N[C@H]1C[C@@H]2CCC[C@@H]2C1,,,CC[C@H](C)OCC(=O)N1CCCCCCC1C(=O)N[C@@H]1C[C@H]2CCC[C@H]2C1,
1948,Cc1nc(-c2ccccc2)sc1C(=O)N[C@@H]1[C@H]2CCN(C(=O)CCF)CC[C@H]21,,,Cc1nc(-c2ccccc2)sc1C(=O)N[C@H]1[C@@H]2CCN(C(=O)CCF)CC[C@@H]21,
1995,C[C@]1(F)CC[C@@H](C(=O)NC2CC3(CC(CNC(=O)CSC4CC4)C3)C2)CC1,"(1s,4s)-N-(6-((2-(cyclopropylsulfanyl)acetamido)methyl)spiro[3.3]heptan-2-yl)-4-fluoro-4-methylcyclohexanecarboxamide",,CC1(F)CCC(C(=O)NC2CC3(CC(CNC(=O)CSC4CC4)C3)C2)CC1,
2157,CC(C)(C)OC(=O)N1CC[C@]12C[C@@H](CN1CCN(S(=O)(=O)c3cccs3)CC1)C2,tert-butyl 6-((4-((thiophen-2-yl)sulfonyl)piperazin-1-yl)methyl)-1-azaspiro[3.3]heptane-1-carboxylate,S1C(=CC=C1)S(=O)(=O)N1CCN(CC1)CC1CC2(CCN2C(=O)OC(C)(C)C)C1,CC(C)(C)OC(=O)N1CC[C@]12C[C@@H](CN1CCN(S(=O)(=O)c3cccs3)CC1)C2,CC(C)(C)OC(=O)N1CCC12CC(CN1CCN(S(=O)(=O)c3cccs3)CC1)C2
2191,CC(C)c1ccc(S(=O)(=O)N2CC[C@@H]3CN(C(=O)[C@@H]4[C@H]5COC[C@H]54)CC[C@H]32)cc1,,,CC(C)c1ccc(S(=O)(=O)N2CC[C@@H]3CN(C(=O)C4[C@H]5COC[C@@H]45)CC[C@H]32)cc1,
2280,C=C1C[C@H]1C(=O)NCc1cn(C[C@@H]2CCCN2C(=O)[C@H]2C[C@H]3[C@@H](C2)C3(C)C)nn1,,,C=C1CC1C(=O)NCc1cn(C[C@@H]2CCCN2C(=O)C2C[C@@H]3[C@H](C2)C3(C)C)nn1,
2282,CC(=O)NCc1ccc(C(=O)N2C[C@H](NC(=O)[C@@H]3[C@H]4CCC[C@H]43)CC[C@H]2C)o1,,,CC(=O)NCc1ccc(C(=O)N2C[C@H](NC(=O)C3[C@H]4CCC[C@@H]34)CC[C@H]2C)o1,
2408,N#C[C@@]1(C(=O)NC[C@@H](O)CNC(=O)CCc2ccsc2)C[C@@H]2C[C@@H]2C1,,,N#C[C@]1(C(=O)NC[C@@H](O)CNC(=O)CCc2ccsc2)C[C@H]2C[C@H]2C1,
2414,CC[C@H](NC(N)=O)C(=O)NC[C@H]1CC2(CC2)CN1C(=O)[C@H]1C[C@](F)(CO)C1,"N-((2S)-1-((((6R)-5-(((1s,3S)-3-fluoro-3-(hydroxymethyl)cyclobutyl)carbonyl)-5-azaspiro[2.4]heptan-6-yl)methyl)amino)-1-oxobutan-2-yl)urea",,CCC(NC(N)=O)C(=O)NC[C@H]1CC2(CC2)CN1C(=O)C1CC(F)(CO)C1,
2416,C#CC[C@]1(O)C[C@@H](C(=O)N2C[C@@H](O)[C@H](CNC(=O)[C@H](CC(=C)C)NC(C)=O)C2)C1,"(2S)-2-acetamido-N-(((3R,4S)-4-hydroxy-1-(((1s,3R)-3-hydroxy-3-(prop-2-yn-1-yl)cyclobutyl)carbonyl)pyrrolidin-3-yl)methyl)-4-methylpent-4-enamide",,C#CCC1(O)CC(C(=O)N2C[C@@H](CNC(=O)C(CC(=C)C)NC(C)=O)[C@H](O)C2)C1,
2430,Cc1nn(C)c(C)c1CC(=O)NC[C@H]1COCCN1C(=O)[C@@H]1[C@H]2COC[C@H]21,,,Cc1nn(C)c(C)c1CC(=O)NC[C@H]1COCCN1C(=O)C1[C@H]2COC[C@@H]12,
2488,CC(C)C(=O)N1CC[C@H](C)[C@@H]1C(=O)N[C@@H]1[C@@H](O)C[C@H]1O,,,CC(C)C(=O)N1CC[C@H](C)C1C(=O)N[C@H]1[C@H](O)C[C@@H]1O,
2519,CN(C(=O)CCC(C)(F)F)[C@H]1[C@@H]2CN(C(=O)C(F)(F)c3ccc(F)cc3F)C[C@@H]21,,,CN(C(=O)CCC(C)(F)F)[C@H]1[C@@H]2CN(C(=O)C(F)(F)c3ccc(F)cc3F)C[C@@H]21,
2562,CC(C)[C@H]1CN(C)CCN1C(=O)C[C@H]1[C@@H]2CN(C(=O)CCC3CCOCC3)C[C@H]12,,,CC(C)[C@H]1CN(C)CCN1C(=O)C[C@@H]1[C@H]2CN(C(=O)CCC3CCOCC3)C[C@@H]12,
2567,O=C(N[C@H]1[C@@H]2CNC[C@@H]21)N[C@H](Cc1c(F)cccc1Cl)c1ccccc1Br,,,O=C(N[C@H]1[C@@H]2CNC[C@@H]21)N[C@H](Cc1c(F)cccc1Cl)c1ccccc1Br,
2670,C[C@@H](C(=O)N[C@@H]1[C@H]2C[C@H](NC(=O)CCc3cncnc3)C[C@H]21)N1CCCCCC1,,,CC(C(=O)N[C@H]1[C@@H]2C[C@@H](NC(=O)CCc3cncnc3)C[C@@H]21)N1CCCCCC1,
2671,O=C(C[C@H]1CCCCO1)N[C@@H]1C[C@H]2[C@@H](C1)[C@@H]2NC(=O)[C@@]12C=C[C@@H](CC1)C2,"N-((1R,3S,5S,6R)-6-((1S,4S)-bicyclo[2.2.1]hept-2-ene-1-carboxamido)bicyclo[3.1.0]hexan-3-yl)-2-((2R)-oxan-2-yl)acetamide",,O=C(C[C@H]1CCCCO1)N[C@H]1C[C@@H]2[C@H](C1)[C@H]2NC(=O)[C@@]12C=C[C@@H](CC1)C2,
2689,C#CC[C@]1(O)C[C@@H](C(=O)N2CC[C@@H](NC(=O)CCSCC)C3(CCC3)C2)C1,"3-(ethylsulfanyl)-N-((9R)-6-(((1s,3S)-3-hydroxy-3-(prop-2-yn-1-yl)cyclobutyl)carbonyl)-6-azaspiro[3.5]nonan-9-yl)propanamide",,C#CCC1(O)CC(C(=O)N2CC[C@@H](NC(=O)CCSCC)C3(CCC3)C2)C1,
2708,CC(C)CC(=O)N1CC[C@]2(CCCN2C(=O)[C@@H]2[C@H]3CC(F)(F)C[C@H]32)C1,,,CC(C)CC(=O)N1CC[C@]2(CCCN2C(=O)C2[C@H]3CC(F)(F)C[C@@H]23)C1,
2757,CCC(=O)NC[C@]1(F)C[C@@H](CNC(=O)c2cnn(C3CC3)c2)C1,"N-(((1s,3s)-3-((1-cyclopropyl-1H-pyrazole-4-carboxamido)methyl)-1-fluorocyclobutyl)methyl)propanamide",,CCC(=O)NC[C@]1(F)C[C@@H](CNC(=O)c2cnn(C3CC3)c2)C1,
2758,C[C@H]1CC[C@@H](C)[C@@H]1NC(=O)[C@H]1C[C@@H](NC(=O)c2ccc(CO)s2)C12CCC2,,,C[C@@H]1CC[C@H](C)[C@H]1NC(=O)C1C[C@@H](NC(=O)c2ccc(CO)s2)C12CCC2,
2789,CO[C@H](CNC(=O)C[C@@H]1CCCCN1C(=O)C[C@@H]1C[C@H]2C[C@H]2C1)C(F)(F)F,,,CO[C@H](CNC(=O)C[C@@H]1CCCCN1C(=O)C[C@H]1C[C@@H]2C[C@@H]2C1)C(F)(F)F,
2801,C=C[C@@H](OC)C(=O)NC1CC2(CCN(C(=O)[C@@H]3C[C@@H]4OC(=O)O[C@@H]4C3)C2)C1,,,C=CC(OC)C(=O)NC1CC2(CCN(C(=O)C3C[C@@H]4OC(=O)O[C@@H]4C3)C2)C1,
2804,CC[C@](C)(CCO)NC(=O)C[C@H]1[C@@H]2CN(C(=O)C[C@]34CCC[C@H]3C4)C[C@H]12,"2-((1R,5S,6S)-3-(2-((1R,5S)-bicyclo[3.1.0]hexan-1-yl)acetyl)-3-azabicyclo[3.1.0]hexan-6-yl)-N-((3R)-1-hydroxy-3-methylpentan-3-yl)acetamide",,CC[C@](C)(CCO)NC(=O)C[C@@H]1[C@H]2CN(C(=O)C[C@]34CCC[C@H]3C4)C[C@@H]12,
2806,O=C(NCC1(O)CN(C(=O)[C@@H]2C[C@@H]3CC[C@@H]3C2)C1)[C@H](O)c1ccc(Cl)cc1F,,,O=C(NCC1(O)CN(C(=O)C2C[C@H]3CC[C@H]3C2)C1)C(O)c1ccc(Cl)cc1F,
2820,C=C(C)C[C@@H](OC)C(=O)N[C@H]1C[C@@](C)(NC(=O)[C@@H](F)C2CCCCC2)C1,"(2R)-N-((1R,3S)-3-((2S)-2-cyclohexyl-2-fluoroacetamido)-3-methylcyclobutyl)-2-methoxy-4-methylpent-4-enamide",,C=C(C)CC(OC)C(=O)N[C@H]1C[C@@](C)(NC(=O)C(F)C2CCCCC2)C1,
2948,C[C@H]1CCn2c(C(=O)N[C@H]3[C@@H]4CN(C(=O)c5ccc(F)cc5Cl)C[C@@H]43)cnc2C1,,,C[C@H]1CCn2c(C(=O)N[C@H]3[C@@H]4CN(C(=O)c5ccc(F)cc5Cl)C[C@@H]43)cnc2C1,
2954,CCN(C(=O)CCOc1ccccc1)[C@H]1CCCN(C(=O)[C@H]2C[C@@H]3C[C@@H]3C2)CC1,,,CCN(C(=O)CCOc1ccccc1)[C@H]1CCCN(C(=O)C2C[C@@H]3C[C@@H]3C2)CC1,
2973,CC[C@@H](Oc1ccccc1)C(=O)N[C@H]1[C@@H]2CN(C(=O)[C@H](C(C)C)N(C)C)C[C@@H]21,"(2R)-N-((1R,5S,6R)-3-((2S)-2-(dimethylamino)-3-methylbutanoyl)-3-azabicyclo[3.1.0]hexan-6-yl)-2-phenoxybutanamide",,CCC(Oc1ccccc1)C(=O)N[C@H]1[C@@H]2CN(C(=O)C(C(C)C)N(C)C)C[C@@H]21,
2999,CC(C)(NC(=O)Cc1cc[nH]n1)[C@H]1CCCN1C(=O)[C@@H]1[C@H]2COC[C@H]21,,,CC(C)(NC(=O)Cc1cc[nH]n1)[C@H]1CCCN1C(=O)C1[C@H]2COC[C@@H]12,
3086,Cn1c(C(=O)N[C@]2(C)C[C@H](NC(=O)[C@H]3Cc4ccc(F)cc43)C2)cnc1[N+](=O)[O-],"N-((1R,3s)-3-((7S)-4-fluorobicyclo[4.2.0]octa-1(6),2,4-triene-7-carboxamido)-1-methylcyclobutyl)-1-methyl-2-nitro-1H-imidazole-5-carboxamide",,Cn1c(C(=O)N[C@]2(C)C[C@H](NC(=O)C3Cc4ccc(F)cc43)C2)cnc1[N+](=O)[O-],
3097,CCC(CC)CCC(=O)N(C)C[C@H]1[C@@H]2CN(C(=O)C[S@@](=O)C(F)(F)F)C[C@H]12,"4-ethyl-N-methyl-N-(((1R,5S,6R)-3-(2-((R)-(trifluoromethyl)sulfinyl)acetyl)-3-azabicyclo[3.1.0]hexan-6-yl)methyl)hexanamide",,CCC(CC)CCC(=O)N(C)C[C@@H]1[C@H]2CN(C(=O)C[S@@+]([O-])C(F)(F)F)C[C@@H]12,
3135,Cc1cc(C(=O)N[C@@H]2CCN(C(=O)[C@H]3C[C@](O)(C(F)(F)F)C3)C[C@H](O)C2)oc1C,"N-((4R,6R)-6-hydroxy-1-(((1s,3S)-3-hydroxy-3-(trifluoromethyl)cyclobutyl)carbonyl)azepan-4-yl)-4,5-dimethylfuran-2-carboxamide",,Cc1cc(C(=O)N[C@@H]2CCN(C(=O)C3CC(O)(C(F)(F)F)C3)C[C@H](O)C2)oc1C,
3154,CC(C)n1cc(C(=O)N2C[C@H]3[C@H](CNC(=O)[C@@H]4[C@H]5CCC[C@H]54)[C@H]3C2)nn1,,,CC(C)n1cc(C(=O)N2C[C@@H]3[C@@H](CNC(=O)C4[C@H]5CCC[C@@H]45)[C@@H]3C2)nn1,
3171,Cc1ncccc1C(=O)N1C[C@H]2C[C@@H](C(=O)N3CC4(CCC4)OC[C@@H]3C)C[C@H]2C1,,,Cc1ncccc1C(=O)N1C[C@H]2CC(C(=O)N3CC4(CCC4)OC[C@@H]3C)C[C@H]2C1,
3215,CS(=O)(=O)c1ccc(NC(=O)[C@H]2[C@H]3CN(C(=O)[C@H]4CC=CCC4)C[C@H]32)c(Cl)c1,"(1R,5S,6S)-N-(2-chloro-4-(methylsulfonyl)phenyl)-3-(((1R)-cyclohex-3-en-1-yl)carbonyl)-3-azabicyclo[3.1.0]hexane-6-carboxamide",,CS(=O)(=O)c1ccc(NC(=O)C2[C@H]3CN(C(=O)C4CC=CCC4)C[C@@H]23)c(Cl)c1,
3267,C[C@]1(NC(=O)[C@H]2CCn3ccnc3C2)C[C@@H](NC(=O)[C@@H]2CC23CCSCC3)C1,"(7S)-N-((1S,3R)-1-methyl-3-((1R)-6-thiaspiro[2.5]octane-1-carboxamido)cyclobutyl)-5,6,7,8-tetrahydroimidazo[1,2-a]pyridine-7-carboxamide",,C[C@]1(NC(=O)C2CCn3ccnc3C2)C[C@@H](NC(=O)C2CC23CCSCC3)C1,
3280,O=C([C@H]1C[C@@H]2CC[C@@H]2C1)N1CC[C@@H](NC(=O)[C@@]23CC[C@@H](C[C@@H]2F)C3)[C@H](O)C1,,,O=C(C1C[C@H]2CC[C@H]2C1)N1CC[C@@H](NC(=O)[C@@]23CC[C@@H](C[C@@H]2F)C3)[C@H](O)C1,
3320,CCCc1[nH]ccc1C(=O)N[C@]1(C)C[C@@H](NC(=O)c2cc(C)[nH]n2)C1,"5-methyl-N-((1r,3r)-3-methyl-3-(2-propyl-1H-pyrrole-3-carboxamido)cyclobutyl)-1H-pyrazole-3-carboxamide",,CCCc1[nH]ccc1C(=O)N[C@]1(C)C[C@@H](NC(=O)c2cc(C)[nH]n2)C1,
3328,O=C1NCCC[C@H]1C(=O)NC1CCC(CNC(=O)[C@H]2C[C@@](F)(CO)C2)CC1,"(3R)-N-(4-(((1r,3R)-3-fluoro-3-(hydroxymethyl)cyclobutanecarboxamido)methyl)cyclohexyl)-2-oxopiperidine-3-carboxamide",,O=C(NCC1CCC(NC(=O)C2CCCNC2=O)CC1)C1CC(F)(CO)C1,
3354,CC(C)(C)C#CC(=O)N1C[C@H]2[C@H](CNC(=O)C3C[C@@H]4CCC[C@H](C3)C4=O)[C@H]2C1,,,CC(C)(C)C#CC(=O)N1C[C@@H]2[C@@H](CNC(=O)C3CC4CCCC(C3)C4=O)[C@@H]2C1,
3373,Cn1ccc(C(=O)NC[C@H]2[C@@H]3CN(CCC=Cc4ccccc4)C[C@H]23)c1,,,Cn1ccc(C(=O)NC[C@@H]2[C@H]3CN(CCC=Cc4ccccc4)C[C@@H]23)c1,
3410,O=C(Cn1cc(CO)nn1)N[C@H]1[C@@H]2CN(C(=O)C[C@@H]3CC[C@H](O)C3)C[C@@H]21,"N-((1R,5S,6S)-3-(2-((1R,3S)-3-hydroxycyclopentyl)acetyl)-3-azabicyclo[3.1.0]hexan-6-yl)-2-(4-(hydroxymethyl)-1H-1,2,3-triazol-1-yl)acetamide",,O=C(Cn1cc(CO)nn1)N[C@H]1[C@@H]2CN(C(=O)C[C@@H]3CC[C@H](O)C3)C[C@@H]21,
3442,CCC[C@@H](NC(C)=O)C(=O)N1[C@H]2CC[C@@H]1C[C@H](NC(=O)c1c(F)cccc1Cl)C2,"N-((2R)-1-((1R,3R,5S)-3-(2-chloro-6-fluorobenzamido)-8-azabicyclo[3.2.1]octan-8-yl)-1-oxopentan-2-yl)acetamide",,CCCC(NC(C)=O)C(=O)N1[C@@H]2CC[C@H]1C[C@@H](NC(=O)c1c(F)cccc1Cl)C2,
3489,C[C@H]1CNc2c(cccc2C(=O)N[C@H]2[C@@H]3CN(C(=O)Cc4nnc(O)s4)C[C@@H]32)C1,,,C[C@H]1CNc2c(cccc2C(=O)N[C@H]2[C@@H]3CN(C(=O)Cc4n[nH]c(=O)s4)C[C@@H]32)C1,
3522,C[C@]1(O)C[C@@H](C(=O)NC[C@H]2CCN(C(=O)[C@@H](O)C3CCC3)C2)C1,"(1s,3S)-N-(((3R)-1-((2S)-2-cyclobutyl-2-hydroxyacetyl)pyrrolidin-3-yl)methyl)-3-hydroxy-3-methylcyclobutanecarboxamide",,CC1(O)CC(C(=O)NC[C@H]2CCN(C(=O)C(O)C3CCC3)C2)C1,
3524,CCO[C@H]1C[C@@H]1C(=O)N[C@H]1C[C@](C)(NC(=O)c2ccnc(CO)c2)C1,"N-((1S,3r)-3-((1S,2S)-2-ethoxycyclopropanecarboxamido)-1-methylcyclobutyl)-2-(hydroxymethyl)pyridine-4-carboxamide",,CCO[C@H]1CC1C(=O)N[C@H]1C[C@](C)(NC(=O)c2ccnc(CO)c2)C1,
3539,CO[C@@H]1CN(C(=O)[C@H]2C[C@](C)(F)C2)C[C@H]1NC(=O)CN(C)S(=O)(=O)N(C)C,"2-((dimethylsulfamoyl)(methyl)amino)-N-((3R,4R)-1-(((1r,3R)-3-fluoro-3-methylcyclobutyl)carbonyl)-4-methoxypyrrolidin-3-yl)acetamide",,CO[C@@H]1CN(C(=O)C2CC(C)(F)C2)C[C@H]1NC(=O)CN(C)S(=O)(=O)N(C)C,
3543,O=C(C[C@@H]1NC(=O)NC1=O)N[C@H]1C[C@@H]2CC[C@H](C1)N2C(=O)[C@@H]1CSCC(=O)N1,"2-((4S)-2,5-dioxoimidazolidin-4-yl)-N-((1R,3S,5S)-8-(((3R)-5-oxothiomorpholin-3-yl)carbonyl)-8-azabicyclo[3.2.1]octan-3-yl)acetamide",,O=C1CSCC(C(=O)N2[C@@H]3CC[C@H]2C[C@H](NC(=O)Cc2[nH]c(=O)[nH]c2O)C3)N1,
3592,O=C(NC[C@]1(F)C[C@H](NC(=O)C2(CO)CC2)C1)c1[nH]ccc1-c1ccccc1,"N-(((1r,3r)-1-fluoro-3-(1-(hydroxymethyl)cyclopropanecarboxamido)cyclobutyl)methyl)-3-phenyl-1H-pyrrole-2-carboxamide",,O=C(NC[C@]1(F)C[C@H](NC(=O)C2(CO)CC2)C1)c1[nH]ccc1-c1ccccc1,
3612,C[C@]1(NC(=O)CCSCc2ccccc2)C[C@@H](NC(=O)/C(F)=C/CCF)C1,"(2Z)-N-((1s,3s)-3-(3-(benzylsulfanyl)propanamido)-3-methylcyclobutyl)-2,5-difluoropent-2-enamide",,C[C@]1(NC(=O)CCSCc2ccccc2)C[C@@H](NC(=O)/C(F)=C/CCF)C1,
3629,CC[C@H](C)[C@H](NC(=O)C[C@@H]1CCCC12CC2)C(=O)N[C@]1(C)C[C@H](N(C)C)C1,"(2S,3S)-N-((1s,3R)-3-(dimethylamino)-1-methylcyclobutyl)-3-methyl-2-(2-((4S)-spiro[2.4]heptan-4-yl)acetamido)pentanamide",,CC[C@H](C)C(NC(=O)C[C@@H]1CCCC12CC2)C(=O)N[C@]1(C)C[C@H](N(C)C)C1,
3749,O=C(NC[C@H](CO)NC(=O)[C@@H]1C[C@@H]2C[C@@H]2C1)c1cncc(C2CC2)c1,,,O=C(NC[C@H](CO)NC(=O)C1C[C@@H]2C[C@@H]2C1)c1cncc(C2CC2)c1,
3792,Cc1ccnc(C(=O)NC[C@]2(F)C[C@@H](NC(=O)[C@H]3CCCN3C3CC3)C2)c1,"N-(((1S,3s)-3-((2R)-1-cyclopropylpyrrolidine-2-carboxamido)-1-fluorocyclobutyl)methyl)-4-methylpyridine-2-carboxamide",,Cc1ccnc(C(=O)NC[C@]2(F)C[C@@H](NC(=O)C3CCCN3C3CC3)C2)c1,
3808,C[C@@H]1CCN(CCNC(=O)[C@@H]2[C@H]3CN(C(=O)C[C@@H]4CCC[C@@H]5C[C@H]45)C[C@H]32)C1,"(1R,5S,6S)-3-(2-((1S,2S,6R)-bicyclo[4.1.0]heptan-2-yl)acetyl)-N-(2-((3R)-3-methylpyrrolidin-1-yl)ethyl)-3-azabicyclo[3.1.0]hexane-6-carboxamide",,C[C@@H]1CCN(CCNC(=O)C2[C@H]3CN(C(=O)C[C@@H]4CCC[C@@H]5C[C@@H]54)C[C@@H]23)C1,
3922,Cc1cncc(C(=O)NC2(C(=O)N[C@@H]3[C@H]4CCCC[C@H]43)CC2)n1,,,Cc1cncc(C(=O)NC2(C(=O)N[C@H]3[C@@H]4CCCC[C@@H]43)CC2)n1,
3995,CCCCCC[C@@H](C)CC(=O)N[C@H]1[C@@H]2CN(C(=O)c3csc([N+](=O)[O-])c3)C[C@@H]21,,,CCCCCC[C@@H](C)CC(=O)N[C@H]1[C@@H]2CN(C(=O)c3csc([N+](=O)[O-])c3)C[C@@H]21,
4022,CN(C(=O)c1ccn(C(C)(C)C)n1)[C@H]1CN(C(=O)[C@@H]2[C@H]3CC(=O)C[C@H]32)CC12CC2,,,CN(C(=O)c1ccn(C(C)(C)C)n1)[C@H]1CN(C(=O)C2[C@H]3CC(=O)C[C@@H]23)CC12CC2,
4048,CC1=NO[C@@H](CC(=O)N2C[C@H]3[C@H](CN(C)C(=O)CC(C)(C)C(F)F)[C@H]3C2)C1,"4,4-difluoro-N,3,3-trimethyl-N-(((1R,5S,6R)-3-(2-((5R)-3-methyl-4,5-dihydro-1,2-oxazol-5-yl)acetyl)-3-azabicyclo[3.1.0]hexan-6-yl)methyl)butanamide",,CC1=NO[C@@H](CC(=O)N2C[C@@H]3[C@@H](CN(C)C(=O)CC(C)(C)C(F)F)[C@@H]3C2)C1,
4054,CC(C)[C@@H]1CN(C(=O)[C@@H]2C[C@@H]3CN(C(=O)[C@@H]4C[C@@H]4Cl)C[C@@H]3C2)CC(=O)N1,"(6R)-4-(((1R,5S,7S)-3-(((1S,2S)-2-chlorocyclopropyl)carbonyl)-3-azabicyclo[3.3.0]octan-7-yl)carbonyl)-6-(propan-2-yl)piperazin-2-one",,CC(C)[C@@H]1CN(C(=O)C2C[C@@H]3CN(C(=O)C4C[C@@H]4Cl)C[C@@H]3C2)CC(=O)N1,
4114,C[C@@H](C1CC1)N(C(=O)[C@@H]1[C@H]2CN(C(=O)c3cnccn3)C[C@H]21)C1CC1,,,C[C@@H](C1CC1)N(C(=O)C1[C@H]2CN(C(=O)c3cnccn3)C[C@@H]12)C1CC1,
4165,C[C@H](CC1CN(C(=O)c2cc(Cl)nn2C)C1)NC(=O)[C@H]1C[C@@H]2C[C@@H]2C1,,,C[C@H](CC1CN(C(=O)c2cc(Cl)nn2C)C1)NC(=O)C1C[C@@H]2C[C@@H]2C1,
4179,CN1C[C@H]2[C@@H](C1)[C@@H]2C(=O)N1C[C@H](O)C[C@H]1C(=O)NC1(C2CCCCC2)CC1,,,CN1C[C@@H]2C(C(=O)N3C[C@H](O)CC3C(=O)NC3(C4CCCCC4)CC3)[C@@H]2C1,
4188,C[C@]1(NC(=O)C2CC2)C[C@H](NC(=O)C2CN(S(N)(=O)=O)C2)C1,"N-((1r,3r)-3-cyclopropanecarboxamido-3-methylcyclobutyl)-1-sulfamoylazetidine-3-carboxamide",,C[C@]1(NC(=O)C2CC2)C[C@H](NC(=O)C2CN(S(N)(=O)=O)C2)C1,
4214,C[C@H](CF)C(=O)N[C@@H]1C[C@@H]2CC[C@H](C1)N2C(=O)c1ccc(OC(F)(F)F)cc1F,,,CC(CF)C(=O)N[C@H]1C[C@H]2CC[C@@H](C1)N2C(=O)c1ccc(OC(F)(F)F)cc1F,
4231,N#C[C@H]1C[C@H]1C(=O)N[C@H]1C[C@@](F)(CNC(=O)c2nc(C3CC3)ncc2Cl)C1,"5-chloro-N-(((1R,3r)-3-((1R,2S)-2-cyanocyclopropanecarboxamido)-1-fluorocyclobutyl)methyl)-2-cyclopropylpyrimidine-4-carboxamide",,N#C[C@H]1CC1C(=O)N[C@H]1C[C@@](F)(CNC(=O)c2nc(C3CC3)ncc2Cl)C1,
4336,CCn1cc(C(=O)N[C@H]2C[C@@H]3CN(C(=O)c4cc5sccc5s4)C[C@@H]3C2)nn1,,,CCn1cc(C(=O)N[C@H]2C[C@@H]3CN(C(=O)c4cc5sccc5s4)C[C@@H]3C2)nn1,
4339,C[C@@H]1CCN(C(=O)[C@H]2C[C@H](N(C)C)C2)[C@H](C)[C@H]1NC(=O)[C@H]1C[C@@](F)(CO)C1,"(1r,3S)-N-((2R,3S,4R)-2,4-dimethyl-1-((trans-3-(dimethylamino)cyclobutyl)carbonyl)piperidin-3-yl)-3-fluoro-3-(hydroxymethyl)cyclobutanecarboxamide",,C[C@@H]1CCN(C(=O)C2CC(N(C)C)C2)[C@H](C)[C@H]1NC(=O)C1CC(F)(CO)C1,
4359,CC[C@@H](CC(F)(F)F)C(=O)N1[C@H]2CC[C@@H]1C[C@H](NC(=O)C(=O)N(C)C)C2,"N-((1R,3S,5S)-8-((2S)-2-ethyl-4,4,4-trifluorobutanoyl)-8-azabicyclo[3.2.1]octan-3-yl)-N',N'-dimethylethanediamide",,CCC(CC(F)(F)F)C(=O)N1[C@@H]2CC[C@H]1C[C@@H](NC(=O)C(=O)N(C)C)C2,
4371,CC=CC=CC(=O)NCC[C@@H](C)CCNC(=O)[C@@H]1[C@H]2CCCC[C@H]21,,,CC=CC=CC(=O)NCC[C@@H](C)CCNC(=O)C1[C@H]2CCCC[C@@H]12,
4379,CCn1cc(C(=O)N[C@H]2[C@@H]3CN(C(=O)c4cc5oc(C)cc5[nH]4)C[C@@H]32)cn1,,,CCn1cc(C(=O)N[C@H]2[C@@H]3CN(C(=O)c4cc5oc(C)cc5[nH]4)C[C@@H]32)cn1,
4388,Cc1cn2c(n1)C[C@H](C(=O)N[C@]1(C)C[C@H](NC(=O)C3([C@@H]4CCCCO4)CC3)C1)C2,"(7S)-3-methyl-N-((1R,3R)-1-methyl-3-(1-((2S)-oxan-2-yl)cyclopropanecarboxamido)cyclobutyl)-1,4-diazabicyclo[3.3.0]octa-2,4-diene-7-carboxamide",,Cc1cn2c(n1)CC(C(=O)N[C@]1(C)C[C@H](NC(=O)C3([C@@H]4CCCCO4)CC3)C1)C2,
4428,CO[C@]1(C(F)(F)F)C[C@H](C(=O)NC(C)(C)CCCNC(=O)CNC=O)C1,"(1s,3s)-N-(5-(2-formamidoacetamido)-2-methylpentan-2-yl)-3-methoxy-3-(trifluoromethyl)cyclobutanecarboxamide",,COC1(C(F)(F)F)CC(C(=O)NC(C)(C)CCCNC(=O)CNC=O)C1,
4451,CCn1ncc(Cl)c1C(=O)NC/C=C/CNC(=O)[C@H]1C[C@](F)(CO)C1,"4-chloro-1-ethyl-N-((2E)-4-((1s,3s)-3-fluoro-3-(hydroxymethyl)cyclobutanecarboxamido)but-2-en-1-yl)-1H-pyrazole-5-carboxamide",,CCn1ncc(Cl)c1C(=O)NC/C=C/CNC(=O)C1CC(F)(CO)C1,
4543,CN1CCC(C(=O)N2[C@@H](C(=O)N3C[C@H]4[C@@H](C3)[C@@H]4C(N)=O)CCC23CC3)CC1,"(1R,5S,6R)-3-(((5R)-4-((1-methylpiperidin-4-yl)carbonyl)-4-azaspiro[2.4]heptan-5-yl)carbonyl)-3-azabicyclo[3.1.0]hexane-6-carboxamide",,CN1CCC(C(=O)N2C(C(=O)N3C[C@@H]4C(C(N)=O)[C@@H]4C3)CCC23CC3)CC1,
4633,C=CCNC(=O)[C@H](CCCCCCCC1CC1)N1C[C@H]2C[C@@H](C(=O)OC)C[C@H]2C1,"methyl (1R,5S,7S)-3-((2S)-9-cyclopropyl-1-oxo-1-((prop-2-en-1-yl)amino)nonan-2-yl)-3-azabicyclo[3.3.0]octane-7-carboxylate",,C=CCNC(=O)C(CCCCCCCC1CC1)N1C[C@H]2CC(C(=O)OC)C[C@H]2C1,
4698,CC[C@]1(NC(=O)c2cc3c(nn2)CCCC3)CCCN(C(=O)[C@@H]2[C@H]3COC[C@H]32)C1,,,CC[C@]1(NC(=O)c2cc3c(nn2)CCCC3)CCCN(C(=O)C2[C@H]3COC[C@@H]23)C1,
4699,CO[C@@H](C)c1nc(C(=O)N2[C@H]3CC[C@@H]2C[C@H](CNC(=O)C2CC=CC2)C3)cs1,"N-(((1R,3S,5S)-8-((2-((1S)-1-methoxyethyl)-1,3-thiazol-4-yl)carbonyl)-8-azabicyclo[3.2.1]octan-3-yl)methyl)cyclopent-3-ene-1-carboxamide",,CO[C@@H](C)c1nc(C(=O)N2[C@@H]3CC[C@H]2C[C@@H](CNC(=O)C2CC=CC2)C3)cs1,
4725,C[C@H](C#N)CN(C)C(=O)[C@@H]1[C@H]2CN(C(=O)C(C)(C)C3CCCC3)C[C@H]21,,,C[C@H](C#N)CN(C)C(=O)C1[C@H]2CN(C(=O)C(C)(C)C3CCCC3)C[C@@H]12,
4766,C=CCCO[C@@H](C)C(=O)N[C@H]1C[C@@](C)(NC(=O)c2cc(C3CC3)ccn2)C1,"(2S)-2-((but-3-en-1-yl)oxy)-N-((1s,3R)-3-(4-cyclopropylpyridine-2-carboxamido)-3-methylcyclobutyl)propanamide",,C=CCCOC(C)C(=O)N[C@H]1C[C@@](C)(NC(=O)c2cc(C3CC3)ccn2)C1,
4806,COc1ncc(C(=O)N[C@]2(C(=O)N[C@@H](C)CCCCCO)C[C@H](O)C2)s1,"N-((1s,3R)-3-hydroxy-1-(((2S)-7-hydroxyheptan-2-yl)carbamoyl)cyclobutyl)-2-methoxy-1,3-thiazole-5-carboxamide",,COc1ncc(C(=O)N[C@]2(C(=O)N[C@@H](C)CCCCCO)C[C@H](O)C2)s1,
4866,C[C@@H]1CC[C@@H](C(=O)N[C@H]2C[C@@](C)(NC(=O)c3nn(C)c4ccccc34)C2)C(=O)N1,"1-methyl-N-((1S,3s)-1-methyl-3-((3R,6R)-6-methyl-2-oxopiperidine-3-carboxamido)cyclobutyl)-1H-indazole-3-carboxamide",,C[C@@H]1CCC(C(=O)N[C@H]2C[C@@](C)(NC(=O)c3nn(C)c4ccccc34)C2)C(=O)N1,
4881,CN(CC(=O)N[C@H]1C[C@](C)(NC(=O)[C@@H]2Cc3ccccc3C2(C)C)C1)S(C)(=O)=O,"N-((1R,3r)-3-((2R)-1,1-dimethyl-2,3-dihydro-1H-indene-2-carboxamido)-3-methylcyclobutyl)-2-(N-methylmethanesulfonamido)acetamide",,CN(CC(=O)N[C@H]1C[C@](C)(NC(=O)C2Cc3ccccc3C2(C)C)C1)S(C)(=O)=O,
4896,COC(=O)COCC(=O)NCC1(C(=O)NC[C@]2(O)C[C@@H](O)C2)CC1,"methyl 2-(2-(((1-((((1s,3s)-1,3-dihydroxycyclobutyl)methyl)carbamoyl)cyclopropyl)methyl)amino)-2-oxoethoxy)acetate",,COC(=O)COCC(=O)NCC1(C(=O)NC[C@]2(O)C[C@@H](O)C2)CC1,
4927,C[C@H]1C[C@](C)(C(=O)NC[C@H]2C[C@H](NC(=O)[C@@H](C)Oc3ccccn3)C2)C[C@@H](C)O1,,,CC(Oc1ccccn1)C(=O)N[C@H]1C[C@H](CNC(=O)[C@]2(C)C[C@@H](C)O[C@@H](C)C2)C1,
5098,CC(C)[C@H]1CCCN1C(=O)[C@@H]1[C@H]2CN(C(=O)CNC=O)C[C@H]21,,,CC(C)[C@H]1CCCN1C(=O)C1[C@H]2CN(C(=O)CNC=O)C[C@@H]12,
5203,Nc1c(C(=O)N2[C@H]3CC[C@@H]2C[C@H](CNC(=O)c2ccc(Cl)[nH]2)C3)cnn1CCO,,,Nc1c(C(=O)N2[C@@H]3CC[C@H]2C[C@@H](CNC(=O)c2ccc(Cl)[nH]2)C3)cnn1CCO,
5269,CC1(C)NC(=O)CC[C@@H]1NC(=O)[C@]1(NC(=O)C2=CCSC2)C[C@@H](O)C1,"N-((1s,3R)-1-(((3S)-2,2-dimethyl-6-oxopiperidin-3-yl)carbamoyl)-3-hydroxycyclobutyl)-2,5-dihydrothiophene-3-carboxamide",,CC1(C)NC(=O)CC[C@@H]1NC(=O)[C@]1(NC(=O)C2=CCSC2)C[C@@H](O)C1,
5281,CCc1cc(C(=O)N2CCCC[C@H]2CNC(=O)[C@]2(C(F)(F)F)C[C@@H](O)C2)no1,"(1s,3R)-N-(((2S)-1-((5-ethyl-1,2-oxazol-3-yl)carbonyl)piperidin-2-yl)methyl)-3-hydroxy-1-(trifluoromethyl)cyclobutanecarboxamide",,CCc1cc(C(=O)N2CCCC[C@H]2CNC(=O)[C@]2(C(F)(F)F)C[C@@H](O)C2)no1,
5289,CC1(C)[C@H]2C[C@H](C(=O)N3CCCC[C@H]3CNC(=O)CN3CCC[C@H]3CO)C[C@H]21,,,CC1(C)[C@@H]2CC(C(=O)N3CCCC[C@H]3CNC(=O)CN3CCC[C@H]3CO)C[C@@H]21,
5330,Cc1c(C(=O)Nc2cc(C(C)(C)C)[nH]n2)[nH]c2c1C(=O)CCC2,"N-(5-(tert-butyl)-1H-pyrazol-3-yl)-3-methyl-4-oxo-4,5,6,7-tetrahydro-1H-indole-2-carboxamide",C(C)(C)(C)C1=CC(=NN1)NC(=O)C=1NC=2CCCC(C2C1C)=O,CC1c2c(O)cccc2NC1C(=O)Nc1cc(C(C)(C)C)[nH]n1,Cc1c(C(=O)Nc2cc(C(C)(C)C)[nH]n2)[nH]c2c1C(=O)CCC2
5339,COC(=O)[C@]12CCC[C@]1(C(=O)N[C@H]1C[C@@H]3CC[C@H](C1)N3C(=O)c1cncn1C)C2,,,COC(=O)[C@]12CCC[C@]1(C(=O)N[C@@H]1C[C@H]3CC[C@@H](C1)N3C(=O)c1cncn1C)C2,
5353,CC1(C)OC[C@@H]2C[C@@]21C(=O)N[C@H]1C[C@@H]2C[C@H](C1)CN(C(=O)c1cccnc1S)C2,,,CC1(C)OC[C@@H]2C[C@@]21C(=O)N[C@@H]1C[C@H]2C[C@@H](C1)CN(C(=O)c1ccc[nH]c1=S)C2,
5366,C[C@@]1(C(=O)N[C@H]2C[C@@](C)(NC(=O)C=Cc3nc4ccccc4o3)C2)CC1(Cl)Cl,"(1S)-N-((1s,3R)-3-(3-(1,3-benzoxazol-2-yl)prop-2-enamido)-3-methylcyclobutyl)-2,2-dichloro-1-methylcyclopropanecarboxamide",,C[C@@]1(C(=O)N[C@H]2C[C@@](C)(NC(=O)C=Cc3nc4ccccc4o3)C2)CC1(Cl)Cl,
5396,O=C(N[C@H]1C[C@@](F)(CN=c2[nH]c3ccc(Br)cc3s2)C1)c1cc(F)c(F)cc1Cl,"N-((1r,3r)-3-(((6-bromo-2,3-dihydro-1,3-benzothiazol-2-ylidene)amino)methyl)-3-fluorocyclobutyl)-2-chloro-4,5-difluorobenzamide",,O=C(N[C@H]1C[C@@](F)(CNc2nc3ccc(Br)cc3s2)C1)c1cc(F)c(F)cc1Cl,
5464,CCc1sc(C(=O)N2CC[C@H]3CCN(C(=O)[C@H]4C[C@](F)(CO)C4)[C@H]3C2)cc1C,"(5-ethyl-4-methylthiophen-2-yl)((1R,6S)-9-(((1s,3S)-3-fluoro-3-(hydroxymethyl)cyclobutyl)carbonyl)-3,9-diazabicyclo[4.3.0]nonan-3-yl)methanone",,CCc1sc(C(=O)N2CC[C@H]3CCN(C(=O)C4CC(F)(CO)C4)[C@H]3C2)cc1C,
5557,CC(=CC(=O)N[C@@H](CC1CCOCC1)C(=O)N1[C@H]2CC[C@@H]1C[C@@H](F)C2)C1CC1,"3-cyclopropyl-N-((2S)-1-((1R,3R,5S)-3-fluoro-8-azabicyclo[3.2.1]octan-8-yl)-3-(oxan-4-yl)-1-oxopropan-2-yl)but-2-enamide",,CC(CC(=O)N=C(CC1CCOCC1)C(=O)N1[C@@H]2CC[C@H]1C[C@H](F)C2)C1CC1,
5609,C[C@]1(C(=O)NC[C@H]2C[C@@H]3CC[C@H](C2)N3C(=O)Cn2[nH]cnc2=N)C[C@H]2CC[C@@H]1O2,,,C[C@]1(C(=O)NC[C@@H]2C[C@H]3CC[C@@H](C2)N3C(=O)Cn2ncnc2N)C[C@H]2CC[C@@H]1O2,
5624,CCCCC(=O)C(=O)NC[C@H]1[C@@H]2CN(C(=O)[C@@]34CCC[C@@H]3C4(F)F)C[C@H]12,"N-(((1R,5S,6R)-3-(((1R,5S)-6,6-difluorobicyclo[3.1.0]hexan-1-yl)carbonyl)-3-azabicyclo[3.1.0]hexan-6-yl)methyl)-2-oxohexanamide",,CCCCC(=O)C(=O)NC[C@@H]1[C@H]2CN(C(=O)[C@@]34CCC[C@@H]3C4(F)F)C[C@@H]12,
5629,CCN(CCCN1CCC(Cc2ccccc2)CC1)C[C@H]1C[C@@]2(CCN2)C1,N-((1-azaspiro[3.3]heptan-6-yl)methyl)-3-(4-benzylpiperidin-1-yl)-N-ethylpropan-1-amine,N1CCC12CC(C2)CN(CCCN2CCC(CC2)CC2=CC=CC=C2)CC,CCN(CCCN1CCC(Cc2ccccc2)CC1)C[C@H]1C[C@@]2(CCN2)C1,CCN(CCCN1CCC(Cc2ccccc2)CC1)CC1CC2(CCN2)C1
5647,O=C(c1cc(C(F)(F)F)ns1)N1CCC[C@H]2[C@@H]1CCN2C(=O)[C@@H]1[C@H]2CCC[C@H]21,,,O=C(c1cc(C(F)(F)F)ns1)N1CCC[C@H]2[C@@H]1CCN2C(=O)C1[C@H]2CCC[C@@H]12,
5684,C[C@]1(C(=O)N2CC[C@@H]3CCCN(C(=O)CCC4CC4)[C@@H]3C2)C[C@H](C#N)C1,"(1S,3r)-3-(((4aS,8aS)-1-(3-cyclopropylpropanoyl)decahydro-1,7-naphthyridin-7-yl)carbonyl)-3-methylcyclobutanecarbonitrile",,C[C@]1(C(=O)N2CC[C@@H]3CCCN(C(=O)CCC4CC4)[C@@H]3C2)C[C@H](C#N)C1,
5731,C=C1Cn2c(nnc2C(=O)N[C@H]2[C@@H]3CN(C(=O)C4(C)CC(F)(F)C4)C[C@@H]32)S1,,,C=C1Cn2c(nnc2C(=O)N[C@H]2[C@@H]3CN(C(=O)C4(C)CC(F)(F)C4)C[C@@H]32)S1,
5764,C[C@H]1CN(C(=O)c2cc(Cl)ccc2Cl)C[C@@H](C)[C@@H]1NC(=O)c1c[nH]ccc1=N,,,C[C@@H]1CN(C(=O)c2cc(Cl)ccc2Cl)C[C@H](C)[C@H]1NC(=O)c1cnccc1N,
5766,O=C(N[C@H]1[C@@H]2CN(C(=O)C[C@@H]3C=CCC3)C[C@@H]21)C1=CCS(=O)(=O)C1,"N-((1R,5S,6S)-3-(2-((1R)-cyclopent-2-en-1-yl)acetyl)-3-azabicyclo[3.1.0]hexan-6-yl)-1,1-dioxo-2H,5H-1lambda^6-thiophene-3-carboxamide",,O=C(N[C@H]1[C@@H]2CN(C(=O)C[C@@H]3C=CCC3)C[C@@H]21)C1=CCS(=O)(=O)C1,
5809,C#C[C@@H](CNC(=O)[C@@H]1C[C@H](F)CN1C(=O)[C@@H]1[C@H]2[C@@H]3CC[C@@H](C3)[C@H]21)OC,,,C#C[C@@H](CNC(=O)C1C[C@H](F)CN1C(=O)C1[C@@H]2[C@H]3CC[C@H](C3)[C@H]12)OC,
5814,O=C(CCN1CCC1)N[C@H]1C[C@@H]2C[C@H](C1)CN(C(=O)C1=CCCCCC1)C2,,,O=C(CCN1CCC1)N[C@@H]1C[C@H]2C[C@@H](C1)CN(C(=O)C1=CCCCCC1)C2,
5861,O=C(CN1CSCCSC1)N[C@@H]1CCC[C@H](NC(=O)[C@@H]2CC[C@H]3C[C@H]3CC2)C1,,,O=C(CN1CSCCSC1)N[C@@H]1CCC[C@H](NC(=O)C2CC[C@@H]3C[C@@H]3CC2)C1,
5864,COc1ccncc1NC(=O)C1(NC(=O)[C@H]2C[C@@H]3C[C@@H]3C2)CC(F)(F)C1,,,COc1ccncc1NC(=O)C1(NC(=O)C2C[C@@H]3C[C@@H]3C2)CC(F)(F)C1,
5961,C[C@@H]1[C@H](C(=O)N[C@@]23CCCN(C(=O)C=C4CCCCCC4(F)F)C[C@H]2C3)[C@@H]1C,,,C[C@@H]1C(C(=O)N[C@@]23CCCN(C(=O)C=C4CCCCCC4(F)F)C[C@H]2C3)[C@@H]1C,
5963,COc1ccc2nc(C)nc(N3C[C@H]4[C@@H](C3)[C@@H]4C(=O)N=c3cc(Br)[nH][nH]3)c2c1,,,COc1ccc2nc(C)nc(N3C[C@@H]4C(C(=O)Nc5cc(Br)[nH]n5)[C@@H]4C3)c2c1,
6000,CC[S@@](=O)CC(=O)N1[C@H]2CC[C@@H]1C[C@H](NC(=O)c1cnn(C3CCC3)c1)C2,"1-cyclobutyl-N-((1R,3R,5S)-8-(2-((R)-ethylsulfinyl)acetyl)-8-azabicyclo[3.2.1]octan-3-yl)-1H-pyrazole-4-carboxamide",,CC[S@@+]([O-])CC(=O)N1[C@@H]2CC[C@H]1C[C@@H](NC(=O)c1cnn(C3CCC3)c1)C2,
6025,CN(C)[C@](C)(CC(=O)N[C@@H]1CCC[C@@H]1NC(=O)[C@H]1C[C@@](F)(CO)C1)C(F)(F)F,"(3R)-3-(dimethylamino)-4,4,4-trifluoro-N-((1R,2S)-2-((1r,3S)-3-fluoro-3-(hydroxymethyl)cyclobutanecarboxamido)cyclopentyl)-3-methylbutanamide",,CN(C)[C@](C)(CC(=O)N[C@@H]1CCC[C@@H]1NC(=O)C1CC(F)(CO)C1)C(F)(F)F,
6052,CN1CCC(CCC(=O)N2C[C@H]3C[C@@H]2[C@H]3NC(=O)[C@H]2C[C@@H]3C[C@@H]3C2)CC1,,,CN1CCC(CCC(=O)N2C[C@H]3C[C@@H]2[C@H]3NC(=O)C2C[C@@H]3C[C@@H]3C2)CC1,
6113,O=C(N[C@@H]1[C@@H]2CN(Cc3cc(Br)cc(C(F)(F)F)c3)C[C@@H]21)c1ccc(Br)c(Cl)c1,,,O=C(N[C@@H]1[C@@H]2CN(Cc3cc(Br)cc(C(F)(F)F)c3)C[C@@H]21)c1ccc(Br)c(Cl)c1,
6163,C[C@@H]1[C@H](C(=O)N2[C@H]3CC[C@H]2[C@H](CNC(=O)C[C@@H]2CCN(C)C2=O)C3)[C@@H]1C,,,C[C@@H]1C(C(=O)N2[C@H]3CC[C@H]2[C@H](CNC(=O)CC2CCN(C)C2=O)C3)[C@@H]1C,
6165,CN1C[C@H]2[C@@H](C1)[C@@H]2C(=O)N1CCSC[C@H]1C(=O)N[C@H]1C[C@H]2COC[C@H](C2)C1,,,CN1C[C@@H]2C(C(=O)N3CCSCC3C(=O)N[C@@H]3C[C@@H]4COC[C@@H](C4)C3)[C@@H]2C1,
6191,C[C@@H]1Cc2cccc(C(=O)NC[C@]3(F)C[C@@H](CNC(=O)Cn4cccn4)C3)c2O1,"(2R)-N-(((1s,3S)-1-fluoro-3-((2-(1H-pyrazol-1-yl)acetamido)methyl)cyclobutyl)methyl)-2-methyl-2,3-dihydro-1-benzofuran-7-carboxamide",,C[C@@H]1Cc2cccc(C(=O)NC[C@]3(F)C[C@@H](CNC(=O)Cn4cccn4)C3)c2O1,
6204,C=C1CC(CNC(=O)[C@@H]2[C@H]3CC(=O)C[C@H]32)(C(=O)NCCCC2CCC2)C1,,,C=C1CC(CNC(=O)C2[C@H]3CC(=O)C[C@@H]23)(C(=O)NCCCC2CCC2)C1,
6218,NC(=O)C[C@@H]1CCN([C@H](C(=O)NC2COC2)[C@@H]2[C@H]3CCCCC[C@H]32)C1,,,NC(=O)C[C@@H]1CCN(C(C(=O)NC2COC2)[C@H]2[C@@H]3CCCCC[C@@H]32)C1,
6238,CCC(CC)C(=O)N[C@@H]1C[C@@H]2CC[C@H](C1)N2C(=O)[C@H](C)[C@@H]1CCCO1,"2-ethyl-N-((1R,3R,5S)-8-((2R)-2-((2S)-oxolan-2-yl)propanoyl)-8-azabicyclo[3.2.1]octan-3-yl)butanamide",,CCC(CC)C(=O)N[C@H]1C[C@H]2CC[C@@H](C1)N2C(=O)C(C)[C@@H]1CCCO1,
6328,COC1CC(C(=O)N2[C@H]3CC[C@@H]2C[C@H](CNC(=O)c2cc(Cl)c[nH]2)C3)C1,,,COC1CC(C(=O)N2[C@@H]3CC[C@H]2C[C@@H](CNC(=O)c2cc(Cl)c[nH]2)C3)C1,
6443,C[C@@H](C(=O)N[C@]1(C)CCN(C(=O)[C@H]2C[C@](F)(CO)C2)C1)c1ccsc1,"(2R)-N-((3R)-1-(((1s,3S)-3-fluoro-3-(hydroxymethyl)cyclobutyl)carbonyl)-3-methylpyrrolidin-3-yl)-2-(thiophen-3-yl)propanamide",,CC(C(=O)N[C@]1(C)CCN(C(=O)C2CC(F)(CO)C2)C1)c1ccsc1,
6467,CCCCC1(C(=O)N(C)CC2(CNC(=O)[C@@H]3C[C@@H]4OC(=O)O[C@@H]4C3)CC2)CCC1,,,CCCCC1(C(=O)N(C)CC2(CNC(=O)C3C[C@@H]4OC(=O)O[C@@H]4C3)CC2)CCC1,
6538,CN1C[C@H]2[C@@H](C1)[C@@H]2C(=O)NCc1cc(C(=O)NC[C@@H]2COCCN2C)n[nH]1,,,CN1C[C@@H]2C(C(=O)NCc3cc(C(=O)NC[C@@H]4COCCN4C)[nH]n3)[C@@H]2C1,
6574,CCC(=O)C1(C(=O)N2CC[C@](C)(CC(=O)N3C[C@H]4C[C@H](F)C[C@H]4C3)C2)CC1,"1-(1-(((3R)-3-(2-((1R,5S,7S)-7-fluoro-3-azabicyclo[3.3.0]octan-3-yl)-2-oxoethyl)-3-methylpyrrolidin-1-yl)carbonyl)cyclopropyl)propan-1-one",,CCC(=O)C1(C(=O)N2CC[C@](C)(CC(=O)N3C[C@H]4C[C@H](F)C[C@H]4C3)C2)CC1,
6621,Cc1nc(C)c(C(=O)N[C@@H]2C[C@@H]3CC[C@H](C2)N3C(=O)c2cc(CCCO)on2)[nH]1,,,Cc1nc(C(=O)N[C@H]2C[C@H]3CC[C@@H](C2)N3C(=O)c2cc(CCCO)on2)c(C)[nH]1,
6689,Cc1ccc(C(=O)NCC[C@@]2(O)CCN(C(=O)[C@@H]3C[C@@H]4C[C@@H]4C3)C2)c2c1CCC2,,,Cc1ccc(C(=O)NCC[C@@]2(O)CCN(C(=O)C3C[C@@H]4C[C@@H]4C3)C2)c2c1CCC2,
6696,CO[C@]1(C(=O)N(C)CCCOCCNC(=O)[C@H]2C[C@@H]3C[C@@H]3C2)CCC(C)(C)C1,,,CO[C@]1(C(=O)N(C)CCCOCCNC(=O)C2C[C@@H]3C[C@@H]3C2)CCC(C)(C)C1,
6724,C[C@]1(C(F)F)C[C@H]1C(=O)N1C[C@H]2C[C@@H](C(=O)N[C@@H]3CCC4(CC4)C3)C[C@H]2C1,"(1R,5S,7R)-3-(((1R,2S)-2-(difluoromethyl)-2-methylcyclopropyl)carbonyl)-N-((5R)-spiro[2.4]heptan-5-yl)-3-azabicyclo[3.3.0]octane-7-carboxamide",,C[C@]1(C(F)F)CC1C(=O)N1C[C@H]2CC(C(=O)N[C@@H]3CCC4(CC4)C3)C[C@H]2C1,
6793,C[C@]1(F)C[C@H](C(=O)N2CCC3(CCC(NC(=O)/C=C/c4cnc[nH]4)CC3)CC2)C1,"(2E)-N-(3-(((1r,3r)-3-fluoro-3-methylcyclobutyl)carbonyl)-3-azaspiro[5.5]undecan-9-yl)-3-(1H-imidazol-5-yl)prop-2-enamide",,CC1(F)CC(C(=O)N2CCC3(CCC(NC(=O)C=Cc4c[nH]cn4)CC3)CC2)C1,
6920,C#CC[C@]1(O)C[C@@H](C(=O)N(C)C[C@@H](C)C(=O)Nc2cccc(C(N)=O)c2)C1,"3-((2R)-2-methyl-3-(N-methyl(1s,3S)-3-hydroxy-3-(prop-2-yn-1-yl)cyclobutanecarboxamido)propanamido)benzamide",,C#CCC1(O)CC(C(=O)N(C)CC(C)C(=O)Nc2cccc(C(N)=O)c2)C1,
7044,CC[C@@H](OC)C(=O)NC[C@H]1C[C@](F)(CNC(=O)Cn2cc(Br)cn2)C1,"(2R)-N-(((1s,3S)-3-((2-(4-bromo-1H-pyrazol-1-yl)acetamido)methyl)-3-fluorocyclobutyl)methyl)-2-methoxybutanamide",,CCC(OC)C(=O)NC[C@H]1C[C@](F)(CNC(=O)Cn2cc(Br)cn2)C1,
7106,Cc1cc(S(=O)(=O)N[C@H]2C[C@@H]3CCC[C@H](C2)N3)c(C)cc1-c1cnn(C)c1,,,Cc1cc(S(=O)(=O)N[C@@H]2C[C@H]3CCC[C@@H](C2)N3)c(C)cc1-c1cnn(C)c1,
7133,CS[C@@H](C)CCC(=O)NC[C@]1(F)C[C@@H](CNC(=O)CN2CCOCC2=O)C1,"(4S)-N-(((1s,3R)-1-fluoro-3-((2-(3-oxomorpholin-4-yl)acetamido)methyl)cyclobutyl)methyl)-4-(methylsulfanyl)pentanamide",,CS[C@@H](C)CCC(=O)NC[C@]1(F)C[C@@H](CNC(=O)CN2CCOCC2=O)C1,
7231,Cc1c(C(=O)N(C)[C@H]2CCN(C(=O)[C@]3(C)C[C@@H](C#N)C3)C2)ccc2c1CCC2,"N-((3S)-1-(((1r,3S)-3-cyano-1-methylcyclobutyl)carbonyl)pyrrolidin-3-yl)-N,4-dimethyl-2,3-dihydro-1H-indene-5-carboxamide",,Cc1c(C(=O)N(C)[C@H]2CCN(C(=O)[C@]3(C)C[C@@H](C#N)C3)C2)ccc2c1CCC2,
7290,C=CC[C@@H](C)C(=O)N[C@@H]1C[C@@H]2CC[C@H](C1)N2C(=O)CC[S@@](=O)CC,"(2R)-N-((1R,3S,5S)-8-(3-((S)-ethylsulfinyl)propanoyl)-8-azabicyclo[3.2.1]octan-3-yl)-2-methylpent-4-enamide",,C=CCC(C)C(=O)N[C@H]1C[C@H]2CC[C@@H](C1)N2C(=O)CC[S@@+]([O-])CC,
7342,CN(CC1(O)CCCC1)C(=O)[C@@H]1[C@H]2CN(C(=O)[C@@H]3CC[C@H](C4CC4)C3)C[C@H]21,"(1R,5S,6R)-3-(((1R,3S)-3-cyclopropylcyclopentyl)carbonyl)-N-((1-hydroxycyclopentyl)methyl)-N-methyl-3-azabicyclo[3.1.0]hexane-6-carboxamide",,CN(CC1(O)CCCC1)C(=O)C1[C@H]2CN(C(=O)C3CC[C@H](C4CC4)C3)C[C@@H]12,
7349,C=C(C)CC(=O)N[C@H]1C[C@](F)(CNC(=O)Cn2c(C)nc3ccccc3c2=O)C1,"N-((1s,3s)-3-fluoro-3-((2-(2-methyl-4-oxo-3,4-dihydroquinazolin-3-yl)acetamido)methyl)cyclobutyl)-3-methylbut-3-enamide",,C=C(C)CC(=O)N[C@H]1C[C@](F)(CNC(=O)Cn2c(C)nc3ccccc3c2=O)C1,
7359,O=C1C[C@]2(CCOC2)[C@@H](C(=O)N2C[C@H]3C[C@H](NC(=O)COCCO)C[C@H]3C2)CN1,"2-(2-hydroxyethoxy)-N-((1R,5S,7S)-3-(((5R,6R)-9-oxo-2-oxa-8-azaspiro[4.5]decan-6-yl)carbonyl)-3-azabicyclo[3.3.0]octan-7-yl)acetamide",,O=C1C[C@]2(CCOC2)C(C(=O)N2C[C@H]3C[C@H](NC(=O)COCCO)C[C@H]3C2)CN1,
7365,O=C(Cn1ccnn1)N[C@H]1C[C@@](CNC(=O)[C@H]2CCCS2)(c2ccccc2)C1,"N-((1R,3r)-3-phenyl-3-(((2R)-thiolane-2-carboxamido)methyl)cyclobutyl)-2-(1H-1,2,3-triazol-1-yl)acetamide",,O=C(Cn1ccnn1)N[C@H]1C[C@@](CNC(=O)C2CCCS2)(c2ccccc2)C1,
7405,CCN(C(=O)[C@@H]1C[C@]1(C)Br)C1CCN(C(=O)[C@H]2C[C@](C)(F)C2)CC1,"(1S,2S)-2-bromo-N-ethyl-N-(1-(((1r,3S)-3-fluoro-3-methylcyclobutyl)carbonyl)piperidin-4-yl)-2-methylcyclopropanecarboxamide",,CCN(C(=O)C1C[C@]1(C)Br)C1CCN(C(=O)C2CC(C)(F)C2)CC1,
7424,C=CC=CCC(=O)N1C[C@@H](NC(=O)[C@H]2C[C@@H]3C[C@@H]3C2)[C@H](CC2CC2)C1,,,CC=CC=CC(=O)N1C[C@@H](CC2CC2)[C@H](NC(=O)C2C[C@@H]3C[C@@H]3C2)C1,
7442,CC[S@@](=O)CCNC(=O)C1(F)CN(C(=O)[C@H]2C[C@@H]3CC[C@H](C2)O3)C1,,,CC[S@@+]([O-])CCNC(=O)C1(F)CN(C(=O)C2C[C@H]3CC[C@@H](C2)O3)C1,
7445,C=CCC(CC=C)C(=O)N1C[C@H]2[C@H](CNC(=O)CN3CC[C@@H]3C)[C@H]2C1,,,C=CCC(CC=C)C(=O)N1C[C@@H]2[C@@H](CNC(=O)CN3CC[C@@H]3C)[C@@H]2C1,
7453,COC1(C(F)(F)C(=O)NC[C@]2(F)C[C@H](CNC(=O)C[C@@H]3C=CCCC3)C2)CCC1,"N-(((1R,3r)-3-((2-((1R)-cyclohex-2-en-1-yl)acetamido)methyl)-1-fluorocyclobutyl)methyl)-2,2-difluoro-2-(1-methoxycyclobutyl)acetamide",,COC1(C(F)(F)C(=O)NC[C@]2(F)C[C@H](CNC(=O)C[C@@H]3C=CCCC3)C2)CCC1,
7455,CC[C@H]1[C@H](C(=O)N2C[C@H]3[C@H](CNC(=O)[C@H](F)C(C)(F)F)[C@H]3C2)CCN1C,"(2S)-N-(((1R,5S,6R)-3-(((2S,3R)-2-ethyl-1-methylpyrrolidin-3-yl)carbonyl)-3-azabicyclo[3.1.0]hexan-6-yl)methyl)-2,3,3-trifluorobutanamide",,CC[C@H]1C(C(=O)N2C[C@@H]3[C@@H](CNC(=O)C(F)C(C)(F)F)[C@@H]3C2)CCN1C,
7470,O=C(O)CCCn1cc([C@@H]2[C@H]3CN(C(=O)CCOCC4CC4)C[C@H]32)nn1,,,O=C(O)CCCn1cc([C@H]2[C@@H]3CN(C(=O)CCOCC4CC4)C[C@@H]32)nn1,
7523,Cc1ccc(C(=O)Nc2nc(C)c(C(=O)N3C[C@@H]4[C@@H](CO)[C@@H]4C3)s2)cn1,,,Cc1ccc(C(=O)Nc2nc(C)c(C(=O)N3C[C@@H]4[C@@H](CO)[C@@H]4C3)s2)cn1,
7527,CC1=C(C(=O)N[C@]2(C)C[C@H](NC(=O)COC[C@@H]3CCCOC3)C2)C(C)(C)CCC1,"2,6,6-trimethyl-N-((1S,3s)-1-methyl-3-(2-((((3R)-oxan-3-yl)methyl)oxy)acetamido)cyclobutyl)cyclohex-1-ene-1-carboxamide",,CC1=C(C(=O)N[C@]2(C)C[C@H](NC(=O)COC[C@@H]3CCCOC3)C2)C(C)(C)CCC1,
7543,Cc1ccc(C(=O)N[C@H]2CN(C(=O)[C@H]3CC[C@H]4C[C@H]4CC3)C3(CCOCC3)C2)o1,,,Cc1ccc(C(=O)N[C@H]2CN(C(=O)C3CC[C@@H]4C[C@@H]4CC3)C3(CCOCC3)C2)o1,
7568,CSc1ccc(/C=C/C(=O)N2C[C@H]3[C@H](NC(=O)c4ncccn4)[C@H]3C2)s1,,,CSc1ccc(/C=C/C(=O)N2C[C@@H]3[C@H](C2)[C@H]3NC(=O)c2ncccn2)s1,
7570,C[C@]1(NC(=O)[C@@H]2CCC[C@H](O)C2)C[C@@H](NC(=O)c2ccc3nc(=N)[nH]n3c2)C1,"N-((1S,3s)-3-((1R,3S)-3-hydroxycyclohexanecarboxamido)-3-methylcyclobutyl)-8-imino-1,7,9-triazabicyclo[4.3.0]nona-2,4,6-triene-3-carboxamide",,C[C@]1(NC(=O)C2CCC[C@H](O)C2)C[C@@H](NC(=O)c2ccc3nc(N)nn3c2)C1,
7773,COc1ccc(C(=O)N2CC[C@@H](N(C)C(=O)[C@@H]3C[C@@H]4CC[C@@H]4C3)C2)c(C)n1,,,COc1ccc(C(=O)N2CC[C@@H](N(C)C(=O)C3C[C@H]4CC[C@H]4C3)C2)c(C)n1,
7924,COC(=O)C[C@H]1CCCC2(CN(C(=O)[C@H]3C[C@H]4C[C@@H](O)C[C@H](C4)C3)C2)O1,,,COC(=O)C[C@H]1CCCC2(CN(C(=O)C3C[C@@H]4C[C@H](O)C[C@H](C3)C4)C2)O1,
7952,C=CC1(C2(C(=O)NC[C@H]3C[C@@](F)(CNC(=O)Cc4cnns4)C3)CCC2)CCC1,"1-(1-ethenylcyclobutyl)-N-(((1r,3r)-3-fluoro-3-((2-(1,2,3-thiadiazol-5-yl)acetamido)methyl)cyclobutyl)methyl)cyclobutanecarboxamide",,C=CC1(C2(C(=O)NC[C@H]3C[C@@](F)(CNC(=O)Cc4cnns4)C3)CCC2)CCC1,
7963,O=C(Nc1ccc(I)cc1F)[C@H]1[C@H]2CN(S(=O)(=O)c3cccc(Br)c3F)C[C@H]21,,,O=C(Nc1ccc(I)cc1F)C1[C@H]2CN(S(=O)(=O)c3cccc(Br)c3F)C[C@@H]12,
8015,O=C(c1cscc1Cl)N1CCC([C@H]2CCCCN2C(=O)[C@H]2C[C@@](F)(CO)C2)CC1,"(4-chlorothiophen-3-yl)(4-((2R)-1-(((1r,3R)-3-fluoro-3-(hydroxymethyl)cyclobutyl)carbonyl)piperidin-2-yl)piperidin-1-yl)methanone",,O=C(c1cscc1Cl)N1CCC([C@H]2CCCCN2C(=O)C2CC(F)(CO)C2)CC1,
8055,Cc1cc(C)c(C(=O)N[C@@H]2C[C@@H]3CC[C@H](C2)N3C(=O)[C@@H]2C[C@H]3CC[C@H]2O3)c(O)n1,"2-hydroxy-4,6-dimethyl-N-((1R,3R,5S)-8-(((1R,2R,4R)-7-oxabicyclo[2.2.1]heptan-2-yl)carbonyl)-8-azabicyclo[3.2.1]octan-3-yl)pyridine-3-carboxamide",,Cc1cc(C)c(C(=O)N[C@H]2C[C@H]3CC[C@@H](C2)N3C(=O)C2C[C@H]3CC[C@H]2O3)c(=O)[nH]1,
8068,O=C(NC[C@H]1C[C@@H]2CC[C@H](C1)N2C(=O)[C@@H]1CCC[C@@H](F)C1)[C@@H]1CCc2c[nH]nc21,"(8R)-N-(((1R,3S,5S)-8-(((1R,3R)-3-fluorocyclohexyl)carbonyl)-8-azabicyclo[3.2.1]octan-3-yl)methyl)-2,3-diazabicyclo[3.3.0]octa-1,4-diene-8-carboxamide",,O=C(NC[C@@H]1C[C@H]2CC[C@@H](C1)N2C(=O)C1CCC[C@@H](F)C1)C1CCc2c[nH]nc21,
8072,CC(C)C[C@H](O)C(=O)N[C@@H]1C[C@@H]2CC[C@H](C1)N2C(=O)C[C@@H]1COc2ccccc21,"(2S)-N-((1R,3S,5S)-8-(2-((3S)-2,3-dihydro-1-benzofuran-3-yl)acetyl)-8-azabicyclo[3.2.1]octan-3-yl)-2-hydroxy-4-methylpentanamide",,CC(C)CC(O)C(=O)N[C@H]1C[C@H]2CC[C@@H](C1)N2C(=O)C[C@@H]1COc2ccccc21,
8084,CCOC1(CC(=O)NCc2cncc(C(=O)N[C@@H]3C[C@H](O)[C@H](O)C3)c2)CC1,,,CCOC1(CC(=O)NCc2cncc(C(=O)N[C@H]3C[C@@H](O)[C@@H](O)C3)c2)CC1,
8088,Cn1ncc(Cl)c1C(=O)N1[C@H]2CC[C@@H]1C[C@@H](CNC(=O)CCCCF)C2,,,Cn1ncc(Cl)c1C(=O)N1[C@@H]2CC[C@H]1C[C@H](CNC(=O)CCCCF)C2,
8213,C#CCCN1C[C@H]2[C@H](CNC(=O)Cc3ccc(NC(C)=O)cc3)[C@H]2C1,,,C#CCCN1C[C@@H]2[C@@H](CNC(=O)Cc3ccc(NC(C)=O)cc3)[C@@H]2C1,
8217,CN1CCC[C@H]1C(=O)N1C[C@@H](N(C)C(=O)[C@@H]2[C@H]3COC[C@H]32)C2(CC2)C1,,,CN1CCCC1C(=O)N1C[C@@H](N(C)C(=O)C2[C@H]3COC[C@@H]23)C2(CC2)C1,
8284,CN(C)[C@@H](CNC(=O)c1ncc(F)cc1N)C(=O)NC[C@H]1C[C@@H]2CCC[C@@H]2C1,,,CN(C)C(CNC(=O)c1ncc(F)cc1N)C(=O)NC[C@@H]1C[C@H]2CCC[C@H]2C1,
8324,CC[C@@H](CSC)NC(=O)[C@]1(NC(=O)C[C@]2(O)CCOC2)C[C@@H](O)C1,"(1s,3R)-3-hydroxy-1-(2-((3R)-3-hydroxyoxolan-3-yl)acetamido)-N-((2S)-1-(methylsulfanyl)butan-2-yl)cyclobutanecarboxamide",,CC[C@@H](CSC)NC(=O)[C@]1(NC(=O)C[C@]2(O)CCOC2)C[C@@H](O)C1,
8334,Cc1c(C(=O)N2[C@H]3CC[C@@H]2C[C@H](NC(=O)[C@H]2CN(C)CCO2)C3)ccn1C(C)C,,,Cc1c(C(=O)N2[C@@H]3CC[C@H]2C[C@@H](NC(=O)C2CN(C)CCO2)C3)ccn1C(C)C,
8448,C=C[C@H](O)C(=O)NC[C@]1(F)C[C@H](NC(=O)[C@@H]2CC(=O)N(c3cccc(Cl)c3)C2)C1,"(2S)-N-(((1R,3S)-3-((3R)-1-(3-chlorophenyl)-5-oxopyrrolidine-3-carboxamido)-1-fluorocyclobutyl)methyl)-2-hydroxybut-3-enamide",,C=CC(O)C(=O)NC[C@]1(F)C[C@H](NC(=O)C2CC(=O)N(c3cccc(Cl)c3)C2)C1,
8485,C#C[C@H]1CN(C(=O)[C@@H]2C[C@@H]3C[C@@H]3N2C(=O)[C@H]2C[C@@H]3C[C@@H]3C2)CCO1,,,C#C[C@H]1CN(C(=O)C2C[C@@H]3C[C@@H]3N2C(=O)C2C[C@@H]3C[C@@H]3C2)CCO1,
8522,O=C(NC[C@H]1[C@@H]2CN(C(=O)c3c[nH]cc(Cl)c3=O)C[C@H]12)C1CC(C2CCCC2)C1,,,O=C(NC[C@@H]1[C@H]2CN(C(=O)c3c[nH]cc(Cl)c3=O)C[C@@H]12)C1CC(C2CCCC2)C1,
8529,CN1C[C@H]2[C@@H](C1)[C@@H]2C(=O)NCC[C@@H]1CN(C(=O)Cc2ccc(Cl)cc2)CCO1,,,CN1C[C@@H]2C(C(=O)NCC[C@@H]3CN(C(=O)Cc4ccc(Cl)cc4)CCO3)[C@@H]2C1,
8558,CC[C@@H](CC(=O)N[C@H]1C[C@]2(CCCCN2C(=O)C=C(Cl)Cl)C1)OC,"(3S)-N-(5-(3,3-dichloroprop-2-enoyl)-5-azaspiro[3.5]nonan-2-yl)-3-methoxypentanamide",ClC(=CC(=O)N1C2(CC(C2)NC(C[C@H](CC)OC)=O)CCCC1)Cl,CC[C@@H](CC(=O)N[C@H]1C[C@]2(CCCCN2C(=O)C=C(Cl)Cl)C1)OC,CC[C@@H](CC(=O)NC1CC2(CCCCN2C(=O)C=C(Cl)Cl)C1)OC
8636,CC1(C(=O)N[C@H]2C[C@@H]3CCC[C@@H]3C2)CCC2(CC2)CC1,,,CC1(C(=O)N[C@@H]2C[C@H]3CCC[C@H]3C2)CCC2(CC2)CC1,
8671,CN(CCN(C)C(=O)[C@H]1C[C@@H]2CC[C@H](C1)N2C1CC1)C(=O)c1cnc(O)c(F)c1,,,CN(CCN(C)C(=O)C1C[C@H]2CC[C@@H](C1)N2C1CC1)C(=O)c1c[nH]c(=O)c(F)c1,
8770,C[C@H]1CN(C(=O)C2CCC=CCC2)C[C@@H](C)[C@@H]1NC(=O)CC1=CCN(C)CC1,,,C[C@@H]1CN(C(=O)C2CCC=CCC2)C[C@H](C)[C@H]1NC(=O)CC1=CCN(C)CC1,
8779,Cc1cc(C(=O)N2C[C@H]3[C@H](NC(=O)[C@H]4CC(C)(C)CCO4)[C@H]3C2)ncc1F,,,Cc1cc(C(=O)N2C[C@@H]3[C@H](C2)[C@H]3NC(=O)C2CC(C)(C)CCO2)ncc1F,
8835,CO[C@H]1COCC[C@@H]1NC(=O)[C@@H]1[C@H]2CN([C@H]3CC[C@H](C)C3)C[C@H]21,"(1R,5S,6S)-N-((3R,4S)-3-methoxyoxan-4-yl)-3-((1S,3S)-3-methylcyclopentyl)-3-azabicyclo[3.1.0]hexane-6-carboxamide",,CO[C@H]1COCC[C@@H]1NC(=O)C1[C@H]2CN([C@H]3CC[C@H](C)C3)C[C@@H]12,
8869,CS(=O)(=O)c1csc(C(=O)NC2(C3CN(C(=O)[C@H]4C[C@@H]5CC[C@H](C4)O5)C3)CC2)c1,,,CS(=O)(=O)c1csc(C(=O)NC2(C3CN(C(=O)C4C[C@H]5CC[C@@H](C4)O5)C3)CC2)c1,
8897,COCc1nc(C(=O)N[C@@H]2C[C@H]3C[C@H](NC(=O)C(=O)NCC4CC4)C[C@H]3C2)cs1,,,COCc1nc(C(=O)N[C@@H]2C[C@H]3C[C@H](NC(=O)C(=O)NCC4CC4)C[C@H]3C2)cs1,
8955,COC(=O)c1oc(C(=O)N[C@H]2[C@@H]3CN(C(=O)C4(O)COC4)C[C@@H]32)cc1C,,,COC(=O)c1oc(C(=O)N[C@H]2[C@@H]3CN(C(=O)C4(O)COC4)C[C@@H]32)cc1C,
8966,CCC(CC)[C@H](OC)C(=O)N1CCCC[C@]2(CCN(C(=O)[C@H]3C[C@@](C)(O)C3)C2)C1,"(2S)-3-ethyl-1-((5R)-2-(((1s,3S)-3-hydroxy-3-methylcyclobutyl)carbonyl)-2,7-diazaspiro[4.6]undecan-7-yl)-2-methoxypentan-1-one",,CCC(CC)C(OC)C(=O)N1CCCC[C@]2(CCN(C(=O)C3CC(C)(O)C3)C2)C1,
9015,COC1(C(=O)NC[C@H]2C[C@](F)(CNC(=O)[C@H](C)C[C@@H]3CCCO3)C2)CCCCC1,"N-(((1S,3s)-3-fluoro-3-(((2R)-2-methyl-3-((2S)-oxolan-2-yl)propanamido)methyl)cyclobutyl)methyl)-1-methoxycyclohexanecarboxamide",,COC1(C(=O)NC[C@H]2C[C@](F)(CNC(=O)C(C)C[C@@H]3CCCO3)C2)CCCCC1,
9050,Cc1cc(O[C@@H](C)C(=O)N[C@H]2C[C@@](C)(NC(=O)c3ccon3)C2)ccc1Cl,"(2S)-2-((4-chloro-3-methylphenyl)oxy)-N-((1s,3R)-3-methyl-3-(1,2-oxazole-3-carboxamido)cyclobutyl)propanamide",,Cc1cc(OC(C)C(=O)N[C@H]2C[C@@](C)(NC(=O)c3ccon3)C2)ccc1Cl,
9063,Cn1ncnc1CCC(=O)N[C@H]1[C@@H]2CN(C(=O)Cc3cccc4cn[nH]c34)C[C@@H]21,,,Cn1ncnc1CCC(=O)N[C@H]1[C@@H]2CN(C(=O)Cc3cccc4c[nH]nc34)C[C@@H]21,
9093,C[C@@H](CCNC(=O)c1cc2ccoc2cc1F)N(C)C(=O)[C@H]1C[C@@](C)(O)C1,"6-fluoro-N-((3S)-3-(N-methyl(1s,3R)-3-hydroxy-3-methylcyclobutanecarboxamido)butyl)-1-benzofuran-5-carboxamide",,C[C@@H](CCNC(=O)c1cc2ccoc2cc1F)N(C)C(=O)C1CC(C)(O)C1,
9197,C[C@H](CN(C)C(=O)[C@]1(C)C[C@@H](C#N)C1)NC(=O)c1ccc(Cn2ccnn2)o1,"N-((2R)-1-(N-methyl(1r,3R)-3-cyano-1-methylcyclobutanecarboxamido)propan-2-yl)-5-(1H-1,2,3-triazol-1-ylmethyl)furan-2-carboxamide",,C[C@H](CN(C)C(=O)[C@]1(C)C[C@@H](C#N)C1)NC(=O)c1ccc(Cn2ccnn2)o1,
9260,CCC[C@H](CNC(=O)[C@H]1CCc2nccn21)C(=O)N1C[C@H]2[C@H](C)[C@H]2C1,"(8R)-N-((2R)-2-(((1R,5S,6S)-6-methyl-3-azabicyclo[3.1.0]hexan-3-yl)carbonyl)pentyl)-1,4-diazabicyclo[3.3.0]octa-2,4-diene-8-carboxamide",,CCCC(CNC(=O)C1CCc2nccn21)C(=O)N1C[C@@H]2[C@@H](C)[C@@H]2C1,
9292,C[C@@H](C(=O)NC[C@]1(F)C[C@@H](NC(=O)c2ccn(CC(F)F)n2)C1)C(F)F,"(2S)-N-(((1s,3R)-3-(1-(2,2-difluoroethyl)-1H-pyrazole-3-carboxamido)-1-fluorocyclobutyl)methyl)-3,3-difluoro-2-methylpropanamide",,CC(C(=O)NC[C@]1(F)C[C@@H](NC(=O)c2ccn(CC(F)F)n2)C1)C(F)F,
9304,CO[C@]1(C(F)(F)F)C[C@H](C(=O)N(C)[C@H]2CCN(C(=O)C3CC4(CC4)C3)C2)C1,"(1s,3R)-3-methoxy-N-methyl-N-((3S)-1-((spiro[2.3]hexan-5-yl)carbonyl)pyrrolidin-3-yl)-3-(trifluoromethyl)cyclobutanecarboxamide",,COC1(C(F)(F)F)CC(C(=O)N(C)[C@H]2CCN(C(=O)C3CC4(CC4)C3)C2)C1,
9309,CCCC[C@@H](CNC(=O)c1ccnn1CCF)NC(=O)[C@@H]1[C@@H](C)[C@H]1C,,,CCCC[C@@H](CNC(=O)c1ccnn1CCF)NC(=O)C1[C@@H](C)[C@H]1C,
9335,CN(C)[C@H]1[C@@H]2CN(c3ncccc3S(=O)(=O)NCCc3cc(F)cc(F)c3)C[C@@H]21,,,CN(C)[C@H]1[C@@H]2CN(c3ncccc3S(=O)(=O)NCCc3cc(F)cc(F)c3)C[C@@H]21,
9606,C[C@@H]1C[C@@H]1CC(=O)N1C[C@H]2C[C@H](NC(=O)Cc3c(F)cccc3F)C[C@H]2C1,"2-(2,6-difluorophenyl)-N-((1R,5S,7S)-3-(2-((1R,2R)-2-methylcyclopropyl)acetyl)-3-azabicyclo[3.3.0]octan-7-yl)acetamide",,C[C@@H]1C[C@@H]1CC(=O)N1C[C@H]2C[C@H](NC(=O)Cc3c(F)cccc3F)C[C@H]2C1,
9626,COC(=O)NCC(=O)N1C[C@H]2[C@H](NC(=O)[C@@H](C(=O)OC(C)(C)C)C(C)C)[C@H]2C1,,,COC(=O)NCC(=O)N1C[C@@H]2[C@H](C1)[C@H]2NC(=O)C(C(=O)OC(C)(C)C)C(C)C,
9636,CCCC[C@@H](CC)C(=O)NC[C@]1(F)C[C@H](NC(=O)[C@@H]2CCCc3c2ncn3C)C1,"(2R)-2-ethyl-N-(((1R,3R)-1-fluoro-3-((4R)-1-methyl-4,5,6,7-tetrahydro-1H-benzimidazole-4-carboxamido)cyclobutyl)methyl)hexanamide",,CCCCC(CC)C(=O)NC[C@]1(F)C[C@H](NC(=O)C2CCCc3c2ncn3C)C1,
9642,C[C@H](CCO)N(C)C(=O)C[C@H]1[C@@H]2CN(C(=O)c3n[nH]cc3Cl)C[C@H]12,,,C[C@H](CCO)N(C)C(=O)C[C@@H]1[C@H]2CN(C(=O)c3[nH]ncc3Cl)C[C@@H]12,
9686,CCC[C@@H](CCCNC(=O)[C@H]1C[C@@H]2CC[C@H](C1)[C@@H]2O)NC(=O)c1cc(Cl)cn1C,,,CCC[C@@H](CCCNC(=O)C1C[C@H]2CC[C@@H](C1)[C@H]2O)NC(=O)c1cc(Cl)cn1C,
9757,Cn1ccc(CC(=O)NC[C@@H]2CN(C(=O)[C@H]3C[C@H]4[C@@H](C3)C4(C)C)CC(C)(C)C2)n1,,,Cn1ccc(CC(=O)NC[C@@H]2CN(C(=O)C3C[C@@H]4[C@H](C3)C4(C)C)CC(C)(C)C2)n1,
9909,Cc1ccc(Cl)c(C(=O)N[C@H]2C[C@@H]3CC[C@H](C2)N3C(=O)[C@@H](C)C(F)F)c1O,"6-chloro-N-((1R,3S,5S)-8-((2R)-3,3-difluoro-2-methylpropanoyl)-8-azabicyclo[3.2.1]octan-3-yl)-2-hydroxy-3-methylbenzamide",,Cc1ccc(Cl)c(C(=O)N[C@@H]2C[C@H]3CC[C@@H](C2)N3C(=O)C(C)C(F)F)c1O,
9994,O=C(NCC1(CO)CCCCC1)c1ccc(CNC(=O)[C@H]2C[C@@H]3CCC[C@@H]3C2)o1,,,O=C(NCC1(CO)CCCCC1)c1ccc(CNC(=O)C2C[C@H]3CCC[C@H]3C2)o1,
10007,CN1C(=O)CC[C@@H]1C(=O)NCc1nc(C(=O)N2[C@H]3CC[C@@H]2C[C@H](O)C3)co1,"(2R)-N-((4-(((1R,3R,5S)-3-hydroxy-8-azabicyclo[3.2.1]octan-8-yl)carbonyl)-1,3-oxazol-2-yl)methyl)-1-methyl-5-oxopyrrolidine-2-carboxamide",,CN1C(=O)CCC1C(=O)NCc1nc(C(=O)N2[C@@H]3CC[C@H]2C[C@@H](O)C3)co1,
10025,COc1cccc(/C(C)=C/C(=O)NC2(CNC(=O)[C@@H]3C[C@@H]4C[C@@H]4C3)CC2)c1,,,COc1cccc(/C(C)=C/C(=O)NC2(CNC(=O)C3C[C@@H]4C[C@@H]4C3)CC2)c1,
10126,Cc1conc1C(=O)N[C@H]1[C@H]2C[C@H](CN(C(=O)[C@@H]3[C@H]4CCCC[C@H]43)C2)[C@H]1CO,,,Cc1conc1C(=O)N[C@H]1[C@H]2C[C@H](CN(C(=O)C3[C@H]4CCCC[C@@H]34)C2)[C@H]1CO,
10321,O=C([C@@H]1C[C@@H]2C[C@@H]2C1)N1CCC[C@@H](CCNC(=O)C2(F)CCCCCC2)C1,,,O=C(C1C[C@@H]2C[C@@H]2C1)N1CCC[C@@H](CCNC(=O)C2(F)CCCCCC2)C1,
10372,C=CCN(CCO)C(=O)[C@H]1COCCN(C(=O)[C@H]2C[C@@H]3C[C@@H]3C2)C1,,,C=CCN(CCO)C(=O)C1COCCN(C(=O)C2C[C@@H]3C[C@@H]3C2)C1,
10414,O=C(CCn1cncn1)N[C@H]1C[C@@H]2CN(C(=O)c3ccc([N+](=O)[O-])[nH]3)C[C@@H]2C1,,,O=C(CCn1cncn1)N[C@H]1C[C@@H]2CN(C(=O)c3ccc([N+](=O)[O-])[nH]3)C[C@@H]2C1,
10487,CCCCN1CCOC[C@@H]1C(=O)NC[C@H]1[C@@H]2CN(C(=O)CCCS(C)(=O)=O)C[C@H]12,,,CCCCN1CCOCC1C(=O)NC[C@@H]1[C@H]2CN(C(=O)CCCS(C)(=O)=O)C[C@@H]12,
10535,COc1ccc(C(=O)N2C[C@H]3[C@H](CNC(=O)C(OC)OC)[C@H]3C2)c(C(F)(F)F)c1,,,COc1ccc(C(=O)N2C[C@@H]3[C@@H](CNC(=O)C(OC)OC)[C@@H]3C2)c(C(F)(F)F)c1,
10609,Cc1ncc(C(=O)N[C@H]2C[C@](C)(NC(=O)[C@@H](O)CN3CCCC3)C2)c(C(C)C)n1,"N-((1S,3r)-3-((2S)-2-hydroxy-3-(pyrrolidin-1-yl)propanamido)-3-methylcyclobutyl)-2-methyl-4-(propan-2-yl)pyrimidine-5-carboxamide",,Cc1ncc(C(=O)N[C@H]2C[C@](C)(NC(=O)C(O)CN3CCCC3)C2)c(C(C)C)n1,
10645,Cc1ccc(C(=O)N[C@H]2C[C@@](C)(NC(=O)c3cc4c(o3)CCCC4)C2)c(C)n1,"2,6-dimethyl-N-((1s,3s)-3-methyl-3-(4,5,6,7-tetrahydro-1-benzofuran-2-carboxamido)cyclobutyl)pyridine-3-carboxamide",,Cc1ccc(C(=O)N[C@H]2C[C@@](C)(NC(=O)c3cc4c(o3)CCCC4)C2)c(C)n1,
10740,O=C(NC[C@@H]1CCCN1C(=O)[C@H]1C[C@H]2[C@@H](C1)C2(F)F)[C@@H]1Cc2c(F)cccc2O1,,,O=C(NC[C@@H]1CCCN1C(=O)C1C[C@@H]2[C@H](C1)C2(F)F)C1Cc2c(F)cccc2O1,
10805,CC[C@H](C)C[C@H](C)C(=O)NCCN(C(=O)[C@@H]1[C@H]2COC[C@H]21)C1CCCCCC1,,,CC[C@H](C)CC(C)C(=O)NCCN(C(=O)C1[C@H]2COC[C@@H]12)C1CCCCCC1,
10985,CS(C)(=O)=NC(=O)C(=O)N[C@]1(C)C[C@@H](NC(=O)Cc2ccc3ncccc3c2)C1,"N-(dimethyl(oxo)-lambda^6-sulfanylidene)-N'-((1r,3r)-1-methyl-3-(2-(quinolin-6-yl)acetamido)cyclobutyl)ethanediamide",,CS(C)(=O)=NC(=O)C(=O)N[C@]1(C)C[C@@H](NC(=O)Cc2ccc3ncccc3c2)C1,
11039,CC(C)/C=C/C(=O)N1CCN(C(=O)[C@H]2C[C@@H]3CC[C@H](C2)N3C2CC2)[C@H](CO)C1,,,CC(C)/C=C/C(=O)N1CCN(C(=O)C2C[C@H]3CC[C@@H](C2)N3C2CC2)[C@H](CO)C1,
11069,C[C@@H](CC(=O)NC[C@H]1[C@@H]2CN(C(=O)C=Cc3nccs3)C[C@H]12)c1ccc(F)cc1,,,C[C@@H](CC(=O)NC[C@@H]1[C@H]2CN(C(=O)C=Cc3nccs3)C[C@@H]12)c1ccc(F)cc1,
11089,Cc1c(C(=O)N[C@H]2C[C@@H](CNC(=O)[C@@H]3[C@H]4C[C@@H]4[C@H]4C[C@@H]34)C2)oc2cc(Cl)ccc12,"6-chloro-N-(cis-3-(((1R,2R,4R,5R,6S)-tricyclo[4.1.0.0^{2,4}]heptane-5-carboxamido)methyl)cyclobutyl)-3-methyl-1-benzofuran-2-carboxamide",,Cc1c(C(=O)N[C@H]2C[C@@H](CNC(=O)C3[C@H]4C[C@@H]4[C@H]4C[C@@H]34)C2)oc2cc(Cl)ccc12,
11127,CO[C@]1(C(F)F)C[C@H](C(=O)NCCC2(O)CN(C(=O)Cn3nc(C)oc3=O)C2)C1,"(1s,3s)-3-(difluoromethyl)-N-(2-(3-hydroxy-1-(2-(5-methyl-2-oxo-2,3-dihydro-1,3,4-oxadiazol-3-yl)acetyl)azetidin-3-yl)ethyl)-3-methoxycyclobutanecarboxamide",,COC1(C(F)F)CC(C(=O)NCCC2(O)CN(C(=O)Cn3nc(C)oc3=O)C2)C1,
11133,CN1CC[C@H](C(=O)N2[C@H]3CC[C@@H]2C[C@@H](CNC(=O)Cc2cc[nH]c2)C3)C1,"N-(((1R,3R,5S)-8-(((3S)-1-methylpyrrolidin-3-yl)carbonyl)-8-azabicyclo[3.2.1]octan-3-yl)methyl)-2-(1H-pyrrol-3-yl)acetamide",,CN1CCC(C(=O)N2[C@@H]3CC[C@H]2C[C@H](CNC(=O)Cc2cc[nH]c2)C3)C1,
11251,O=C(NC1(CCNC(=O)[C@H]2CC23CC(O)C3)CC1)[C@H]1C[C@H]2CCC[C@H](C2)C1,,,O=C(NC1(CCNC(=O)C2CC23CC(O)C3)CC1)C1C[C@H]2CCC[C@@H](C1)C2,
11423,COCC1(C(=O)N[C@H]2C[C@@H]3C[C@H]2C[C@@H]3C(=O)NC[C@@]2(CO)C[C@@H]3C[C@@H]3C2)CCC1,,,COCC1(C(=O)N[C@H]2C[C@@H]3C[C@H]2CC3C(=O)NC[C@]2(CO)C[C@H]3C[C@H]3C2)CCC1,
11434,COCc1nc(CC(=O)N2CC[C@@]3(CCN(C(=O)[C@H]4C[C@@](C)(O)C4)C3)C2)cs1,"1-((5R)-7-(((1s,3R)-3-hydroxy-3-methylcyclobutyl)carbonyl)-2,7-diazaspiro[4.4]nonan-2-yl)-2-(2-(methoxymethyl)-1,3-thiazol-4-yl)ethan-1-one",,COCc1nc(CC(=O)N2CC[C@@]3(CCN(C(=O)C4CC(C)(O)C4)C3)C2)cs1,
11437,O=C(CO[C@@H]1CCOC1)N[C@H]1CCCC[C@H]1NC(=O)[C@@H]1C[C@@H]2CS(=O)(=O)C[C@@H]2C1,,,O=C(CO[C@@H]1CCOC1)N[C@H]1CCCC[C@H]1NC(=O)C1C[C@@H]2CS(=O)(=O)C[C@@H]2C1,
11591,O=C(N[C@@H]1C[C@@H]1CNC(=O)[C@@H]1CC[C@H]2C[C@H]2CC1)c1cnc(-c2ccsc2)s1,,,O=C(N[C@@H]1C[C@@H]1CNC(=O)C1CC[C@@H]2C[C@@H]2CC1)c1cnc(-c2ccsc2)s1,
11601,CC(C)COCC(=O)N1C[C@H]2[C@H](CN(C)C(=O)c3cnn4c3OCC4)[C@H]2C1,,,CC(C)COCC(=O)N1C[C@@H]2[C@@H](CN(C)C(=O)c3cnn4c3OCC4)[C@@H]2C1,
11697,O=C(Cc1cn2cc(F)ccc2n1)N[C@H]1C[C@](F)(CNC(=O)[C@H]2COCCO2)C1,"N-((1S,3s)-3-(((2R)-1,4-dioxane-2-carboxamido)methyl)-3-fluorocyclobutyl)-2-(6-fluoroimidazo[1,2-a]pyridin-2-yl)acetamide",,O=C(Cc1cn2cc(F)ccc2n1)N[C@H]1C[C@](F)(CNC(=O)C2COCCO2)C1,
11712,CCC[C@@](C)(O)CC(=O)N[C@H]1[C@@H]2CN(C(=O)c3[nH]nnc3COC)C[C@@H]21,,,CCC[C@@](C)(O)CC(=O)N[C@H]1[C@@H]2CN(C(=O)c3[nH]nnc3COC)C[C@@H]21,
11717,Cc1ccc([C@@H]2C[C@H]2C(=O)NCC2(F)CN(C(=O)[C@@H]3[C@@H](C)[C@H]3C)C2)s1,,,Cc1ccc([C@@H]2CC2C(=O)NCC2(F)CN(C(=O)C3[C@@H](C)[C@H]3C)C2)s1,
11776,Cc1ccc(C(=O)N2[C@H]3CC[C@@H]2C[C@H](CNC(=O)[C@H](C)[C@@H]2CCOC2)C3)cc1,,,Cc1ccc(C(=O)N2[C@@H]3CC[C@H]2C[C@@H](CNC(=O)C(C)[C@@H]2CCOC2)C3)cc1,
11817,Cc1ccoc1CC(=O)NC[C@@](C)(O)[C@H]1CCCN(C(=O)[C@H]2C[C@@](C)(O)C2)C1,"N-((2S)-2-hydroxy-2-((3S)-1-(((1s,3R)-3-hydroxy-3-methylcyclobutyl)carbonyl)piperidin-3-yl)propyl)-2-(3-methylfuran-2-yl)acetamide",,Cc1ccoc1CC(=O)NC[C@@](C)(O)[C@H]1CCCN(C(=O)C2CC(C)(O)C2)C1,
11829,CCO[C@@H]1C[C@H]1C(=O)N1C[C@H]2[C@H](CNC(=O)C3(COC)CC3)[C@H]2C1,"N-(((1R,5S,6R)-3-(((1R,2R)-2-ethoxycyclopropyl)carbonyl)-3-azabicyclo[3.1.0]hexan-6-yl)methyl)-1-(methoxymethyl)cyclopropanecarboxamide",,CCO[C@@H]1CC1C(=O)N1C[C@@H]2[C@@H](CNC(=O)C3(COC)CC3)[C@@H]2C1,
11877,Cc1nccnc1C(=O)NC[C@H]1C[C@](F)(CNC(=O)[C@@]2(C)CCC[C@@H]2O)C1,"N-(((1R,3s)-3-fluoro-3-(((1S,2S)-2-hydroxy-1-methylcyclopentanecarboxamido)methyl)cyclobutyl)methyl)-3-methylpyrazine-2-carboxamide",,Cc1nccnc1C(=O)NC[C@H]1C[C@](F)(CNC(=O)[C@@]2(C)CCC[C@@H]2O)C1,
11880,Cc1ccccc1-n1cc([C@@H]2[C@H]3CN(C(=O)[C@H](C#N)C(C)C)C[C@H]32)nn1,"(2S)-3-methyl-2-(((1R,5S,6S)-6-(1-(2-methylphenyl)-1H-1,2,3-triazol-4-yl)-3-azabicyclo[3.1.0]hexan-3-yl)carbonyl)butyronitrile",,Cc1ccccc1-n1cc([C@H]2[C@@H]3CN(C(=O)C(C#N)C(C)C)C[C@@H]32)nn1,
11901,CCCC[C@](C)(F)C(=O)NC[C@]1(F)C[C@@H](CNC(=O)CN2CCC(C)(C)C2)C1,"(2S)-N-(((1s,3R)-3-((2-(3,3-dimethylpyrrolidin-1-yl)acetamido)methyl)-1-fluorocyclobutyl)methyl)-2-fluoro-2-methylhexanamide",,CCCC[C@](C)(F)C(=O)NC[C@]1(F)C[C@@H](CNC(=O)CN2CCC(C)(C)C2)C1,
11902,CCCC(=CC(=O)NCc1nc2c(s1)CCN(C(=O)[C@H]1[C@@H](C)[C@H]1C)C2)CCC,,,CCCC(=CC(=O)NCc1nc2c(s1)CCN(C(=O)C1[C@@H](C)[C@H]1C)C2)CCC,
11922,COC(=O)c1ccnc(N2CCC[C@H](NC(=O)[C@H]3C[C@@](F)(CO)C3)[C@H]2C)n1,"methyl 2-((2R,3S)-3-((1r,3S)-3-fluoro-3-(hydroxymethyl)cyclobutanecarboxamido)-2-methylpiperidin-1-yl)pyrimidine-4-carboxylate",,COC(=O)c1ccnc(N2CCC[C@H](NC(=O)C3CC(F)(CO)C3)[C@H]2C)n1,
11929,CC(=O)N1CCC[C@@H](C(=O)NC[C@H]2[C@@H]3CN(C(=O)C(C)(C)c4ccns4)C[C@H]23)C1,,,CC(=O)N1CCCC(C(=O)NC[C@@H]2[C@H]3CN(C(=O)C(C)(C)c4ccns4)C[C@@H]23)C1,
11971,C[C@@H]1C[C@@H](C(=O)N2CCCc3nncn32)N1C(=O)[C@H]1C[C@@H]2CC[C@@H]2C1,,,C[C@@H]1CC(C(=O)N2CCCc3nncn32)N1C(=O)C1C[C@H]2CC[C@H]2C1,
12009,O=C(C[C@H]1CN(C(=O)[C@]23CCC[C@H]2CCC3)CC12CC2)N[C@]12CCC[C@H]1C2,"N-((1S,5S)-bicyclo[3.1.0]hexan-1-yl)-2-((7R)-5-((octahydropentalen-3a-yl)carbonyl)-5-azaspiro[2.4]heptan-7-yl)acetamide",[C@]12(CCC[C@H]2C1)NC(C[C@H]1CN(CC12CC2)C(=O)C21CCCC1CCC2)=O,O=C(C[C@H]1CN(C(=O)[C@]23CCC[C@H]2CCC3)CC12CC2)N[C@]12CCC[C@H]1C2,O=C(C[C@H]1CN(C(=O)C23CCCC2CCC3)CC12CC2)N[C@]12CCC[C@H]1C2
12081,C[C@H]1C[C@H]1C(=O)NCC(=O)N[C@]1(C)C[C@@H](NC(=O)c2ccccc2S(C)(=O)=O)C1,"N-((1R,3r)-3-methyl-3-(2-((1R,2S)-2-methylcyclopropanecarboxamido)acetamido)cyclobutyl)-2-(methylsulfonyl)benzamide",,C[C@H]1CC1C(=O)NCC(=O)N[C@]1(C)C[C@@H](NC(=O)c2ccccc2S(C)(=O)=O)C1,
12141,C[C@@](O)(CNC(=O)[C@@H]1CCN(S(C)(=O)=O)C1)CNC(=O)[C@H]1C[C@@](F)(CO)C1,"(3R)-N-((2S)-3-((1r,3S)-3-fluoro-3-(hydroxymethyl)cyclobutanecarboxamido)-2-hydroxy-2-methylpropyl)-1-(methylsulfonyl)pyrrolidine-3-carboxamide",,C[C@@](O)(CNC(=O)C1CCN(S(C)(=O)=O)C1)CNC(=O)C1CC(F)(CO)C1,
12147,C#CC[C@]1(O)C[C@@H](C(=O)N2C[C@H](N(C)C(=O)CCCCC(N)=O)C3(CC3)C2)C1,"N-((7R)-5-(((1s,3S)-3-hydroxy-3-(prop-2-yn-1-yl)cyclobutyl)carbonyl)-5-azaspiro[2.4]heptan-7-yl)-N-methylhexanediamide",,C#CCC1(O)CC(C(=O)N2C[C@H](N(C)C(=O)CCCCC(N)=O)C3(CC3)C2)C1,
12196,CC(=O)NCCC(=O)NCC(=O)N[C@H]1[C@H](O)[C@H](O)C[C@H](O)[C@@H]1O,,,CC(=O)NCCC(=O)NCC(=O)N[C@@H]1[C@@H](O)[C@@H](O)C[C@@H](O)[C@H]1O,
12201,CCNC(=O)CC(=O)NC1(C2CN(C(=O)[C@H]3C[C@@H]4CC[C@H](C3)[C@@H]4O)C2)CC1,,,CCNC(=O)CC(=O)NC1(C2CN(C(=O)C3C[C@H]4CC[C@@H](C3)[C@H]4O)C2)CC1,
12260,C=C[C@H](C)ONC(=O)[C@@H]1[C@H]2CC[C@H](C2)N1C(=O)[C@@]1(C#N)C[C@@H]2C[C@@H]2C1,,,C=C[C@H](C)ONC(=O)C1[C@H]2CC[C@H](C2)N1C(=O)[C@]1(C#N)C[C@H]2C[C@H]2C1,
12467,C[C@@H](C(=O)N1CCC2(CC(C(=O)NC[C@@H]3[C@H]4CCC[C@H]43)C2)C1)C1CCCCC1,,,CC(C(=O)N1CCC2(CC(C(=O)NC[C@H]3[C@@H]4CCC[C@@H]43)C2)C1)C1CCCCC1,
12484,CC1=NS(=O)(=O)NC=C1C(=O)N(CCN(C)C(=O)[C@@H]1[C@@H](C)C[C@H]1C)C(C)C,,,CC1=NS(=O)(=O)N=CC1C(=O)N(CCN(C)C(=O)C1[C@H](C)C[C@@H]1C)C(C)C,
12528,CCCCCCCC(=O)N[C@H]1C[C@@](F)(CNC(=O)c2ccnc(OC)c2)C1,"N-((1r,3r)-3-fluoro-3-((2-methoxypyridine-4-carboxamido)methyl)cyclobutyl)octanamide",,CCCCCCCC(=O)N[C@H]1C[C@@](F)(CNC(=O)c2ccnc(OC)c2)C1,
12530,O=C(N[C@H]1C[C@@H]2CC[C@H](C1)N2C(=O)[C@@H]1CCc2ccccc21)[C@@H]1CCC[C@H]1CF,"(1R,2R)-2-(fluoromethyl)-N-((1R,3S,5S)-8-((1R)-indan-1-ylcarbonyl)-8-azabicyclo[3.2.1]octan-3-yl)cyclopentanecarboxamide",,O=C(N[C@@H]1C[C@H]2CC[C@@H](C1)N2C(=O)C1CCc2ccccc21)C1CCC[C@H]1CF,
12558,COC(=O)[C@]1(N)C[C@H](N=c2[nH]c3ccccc3cc2C#N)C1,"methyl (1r,3r)-1-amino-3-((3-cyano-1,2-dihydroquinolin-2-ylidene)amino)cyclobutanecarboxylate",,COC(=O)[C@]1(N)C[C@H](Nc2nc3ccccc3cc2C#N)C1,
12604,CC(C)C[C@H](C(=O)NC[C@H]1C[C@](F)(CNC(=O)/C=C/[C@@H]2CCCO2)C1)C(C)C,"(2S)-N-(((1R,3R)-3-fluoro-3-(((2E)-3-((2S)-oxolan-2-yl)prop-2-enamido)methyl)cyclobutyl)methyl)-4-methyl-2-(propan-2-yl)pentanamide",,CC(C)CC(C(=O)NC[C@H]1C[C@](F)(CNC(=O)/C=C/[C@@H]2CCCO2)C1)C(C)C,
12610,CC(=O)Oc1ccc(CN2[C@H]3CC[C@@H]2C[C@H](NC(=O)[C@H](O)CC(C)C)C3)cc1,,,CC(=O)Oc1ccc(CN2[C@@H]3CC[C@H]2C[C@@H](NC(=O)C(O)CC(C)C)C3)cc1,
12677,CC(=O)NCCC(=O)N[C@]1(C)C[C@H](NC(=O)c2cc(Cl)ccc2OCC(C)C)C1,"3-acetamido-N-((1s,3s)-3-(5-chloro-2-isobutoxybenzamido)-1-methylcyclobutyl)propanamide",,CC(=O)NCCC(=O)N[C@]1(C)C[C@H](NC(=O)c2cc(Cl)ccc2OCC(C)C)C1,
12678,O=C(CCc1cc[nH]n1)NC[C@@H]1C[C@@H]2CC[C@H](C1)N2C(=O)c1cc(O)ccc1Cl,,,O=C(CCc1cc[nH]n1)NC[C@H]1C[C@H]2CC[C@@H](C1)N2C(=O)c1cc(O)ccc1Cl,
12683,CN(C)c1ccc(C(=O)N[C@]2(C)C[C@@H](NC(=O)[C@H]3Cc4ccccc43)C2)cc1F,"(7S)-N-((1r,3S)-3-(4-(dimethylamino)-3-fluorobenzamido)-3-methylcyclobutyl)bicyclo[4.2.0]octa-1,3,5-triene-7-carboxamide",,CN(C)c1ccc(C(=O)N[C@]2(C)C[C@@H](NC(=O)C3Cc4ccccc43)C2)cc1F,
12686,Cc1cccc(C(=O)N[C@]2(C)C[C@H](C(=O)N3CC4(C3)CC4(F)F)C2)c1O,"N-((1s,3s)-3-((1,1-difluoro-5-azaspiro[2.3]hexan-5-yl)carbonyl)-1-methylcyclobutyl)-2-hydroxy-3-methylbenzamide",,Cc1cccc(C(=O)NC2(C)CC(C(=O)N3CC4(C3)CC4(F)F)C2)c1O,
12724,C[C@@H](c1ccccc1F)[C@@H](O)C(=O)N[C@H](C)CN(C)C(=O)[C@@H]1[C@H]2COC[C@H]21,,,CC(c1ccccc1F)C(O)C(=O)N[C@H](C)CN(C)C(=O)C1[C@H]2COC[C@@H]12,
12729,CN1C(=O)CSC1=CC(=O)N[C@H]1C[C@@H]2CC[C@H](C1)N2C(=O)C(C)(C)CCC#N,,,CN1C(=O)CSC1=CC(=O)N[C@@H]1C[C@H]2CC[C@@H](C1)N2C(=O)C(C)(C)CCC#N,
12732,Cn1ncc(C(=O)N[C@]2(C(=O)NC[C@H](O)CC(F)(F)F)C[C@H](O)C2)c1C#N,"5-cyano-N-((1s,3S)-3-hydroxy-1-(((2R)-4,4,4-trifluoro-2-hydroxybutyl)carbamoyl)cyclobutyl)-1-methyl-1H-pyrazole-4-carboxamide",,Cn1ncc(C(=O)N[C@]2(C(=O)NC[C@H](O)CC(F)(F)F)C[C@H](O)C2)c1C#N,
12801,CC(C)C[C@@H]1C[C@H]1C(=O)N(C)C[C@H]1CCCN1C(=O)[C@H]1CC[C@](C)(O)CC1,"(1R,2R)-N-(((2R)-1-(((1r,4R)-4-hydroxy-4-methylcyclohexyl)carbonyl)pyrrolidin-2-yl)methyl)-N-methyl-2-(2-methylpropyl)cyclopropanecarboxamide",,CC(C)C[C@@H]1CC1C(=O)N(C)C[C@H]1CCCN1C(=O)C1CCC(C)(O)CC1,
12836,CCc1ccc(C(=O)NC[C@]2(F)C[C@H](CNC(=O)[C@@]3(C)CC3(F)F)C2)cc1,"N-(((1R,3r)-3-(((1R)-2,2-difluoro-1-methylcyclopropanecarboxamido)methyl)-1-fluorocyclobutyl)methyl)-4-ethylbenzamide",,CCc1ccc(C(=O)NC[C@]2(F)C[C@H](CNC(=O)[C@@]3(C)CC3(F)F)C2)cc1,
12868,CCc1ccccc1C(=O)N[C@]1(C)C[C@H](NC(=O)[C@H]2C[C@@H]3CC[C@H](C2)[C@@H]3O)C1,,,CCc1ccccc1C(=O)N[C@]1(C)C[C@H](NC(=O)C2C[C@H]3CC[C@@H](C2)[C@H]3O)C1,
12891,C#CCC(C)(C)C(=O)N1C[C@H]2[C@H](NC(=O)c3ccc(CC)c(C)c3)[C@H]2C1,,,C#CCC(C)(C)C(=O)N1C[C@@H]2[C@H](C1)[C@H]2NC(=O)c1ccc(CC)c(C)c1,
12920,C=CCC1(C(=O)NC[C@@H](O)CN(C)C(=O)[C@@H]2[C@@H](C)[C@H]2C)CCCC1,,,C=CCC1(C(=O)NC[C@@H](O)CN(C)C(=O)C2[C@@H](C)[C@H]2C)CCCC1,
12980,CCn1cc(C(=O)N(C)[C@H]2C[C@@H]3CC[C@H](C2)N3C(=O)[C@@H]2CCCNS2(=O)=O)nn1,"N-((1R,3R,5S)-8-(((6S)-1,1-dioxo-1lambda^6-1,2-thiazinan-6-yl)carbonyl)-8-azabicyclo[3.2.1]octan-3-yl)-1-ethyl-N-methyl-1H-1,2,3-triazole-4-carboxamide",,CCn1cc(C(=O)N(C)[C@@H]2C[C@H]3CC[C@@H](C2)N3C(=O)C2CCCNS2(=O)=O)nn1,
13040,CCN(C(=O)C1CC(n2ccnc2)C1)[C@@H]1CCN(C(=O)[C@@H]2[C@H]3CCC[C@H]32)C1,,,CCN(C(=O)C1CC(n2ccnc2)C1)[C@@H]1CCN(C(=O)C2[C@H]3CCC[C@@H]23)C1,
13119,CS[C@@H]1CN(C(=O)CN2C[C@@H]3C[C@H]3C2)C[C@H]1NC(=O)[C@]1(C)C[C@@H]2C[C@@H]2C1,,,CS[C@@H]1CN(C(=O)CN2C[C@@H]3C[C@H]3C2)C[C@H]1NC(=O)[C@@]1(C)C[C@H]2C[C@H]2C1,
13236,COc1cccc(CCC(=O)NC[C@H]2[C@@H]3CN(C(=O)[C@]4(OC)CCOC4)C[C@H]23)n1,"N-(((1R,5S,6S)-3-(((3S)-3-methoxyoxolan-3-yl)carbonyl)-3-azabicyclo[3.1.0]hexan-6-yl)methyl)-3-(6-methoxypyridin-2-yl)propanamide",,COc1cccc(CCC(=O)NC[C@@H]2[C@H]3CN(C(=O)[C@]4(OC)CCOC4)C[C@@H]23)n1,
13271,O=C([C@@H]1C[C@H]2CC[C@@H]1C2)N1CC[C@@H](N2CCN(C(=O)[C@@H]3[C@H]4CCC[C@H]43)CC2)C1,,,O=C(C1C[C@H]2CC[C@@H]1C2)N1CC[C@@H](N2CCN(C(=O)C3[C@H]4CCC[C@@H]34)CC2)C1,
13283,C[C@]1(NC(=O)[C@@H]2CC[C@H](C(N)=O)C2)C[C@@H](C(=O)NOC2CCC2)C1,"(1R,3S)-N-((1s,3S)-3-(cyclobutoxycarbamoyl)-1-methylcyclobutyl)cyclopentane-1,3-dicarboxamide",,CC1(NC(=O)C2CCC(C(N)=O)C2)CC(C(=O)NOC2CCC2)C1,
13301,COCC[C@H](COC)NC(=O)Cn1cc(CNC(=O)[C@@H]2[C@H]3COC[C@H]32)nn1,,,COCC[C@H](COC)NC(=O)Cn1cc(CNC(=O)C2[C@H]3COC[C@@H]23)nn1,
13394,O=C([C@@H]1[C@H]2COC[C@H]21)N1CC[C@]2(CCCN(Cc3c[nH]c4ccncc34)C2)C1,,,O=C(C1[C@H]2COC[C@@H]12)N1CC[C@]2(CCCN(Cc3c[nH]c4ccncc34)C2)C1,
13409,CSc1ccc(NC(=O)C[C@H]2[C@@H]3CN(C(=O)[C@H]4CC=CCC4)C[C@H]23)cn1,"2-((1R,5S,6S)-3-(((1R)-cyclohex-3-en-1-yl)carbonyl)-3-azabicyclo[3.1.0]hexan-6-yl)-N-(6-(methylsulfanyl)pyridin-3-yl)acetamide",,CSc1ccc(NC(=O)C[C@@H]2[C@H]3CN(C(=O)C4CC=CCC4)C[C@@H]23)cn1,
13425,C#C[C@@H](NC(=O)[C@@H]1[C@H]2CN(C(=O)[C@]3(OCC)CCOC3)C[C@H]21)C1CCOCC1,"(1R,5S,6S)-3-(((3S)-3-ethoxyoxolan-3-yl)carbonyl)-N-((1S)-1-(oxan-4-yl)prop-2-yn-1-yl)-3-azabicyclo[3.1.0]hexane-6-carboxamide",,C#C[C@@H](NC(=O)C1[C@H]2CN(C(=O)[C@]3(OCC)CCOC3)C[C@@H]12)C1CCOCC1,
13461,Cc1cccc(C)c1C(=O)N1CCCCC12CN(C(=O)[C@@H]1C[C@H](C)O[C@H](C)C1)C2,,,Cc1cccc(C)c1C(=O)N1CCCCC12CN(C(=O)C1C[C@@H](C)O[C@@H](C)C1)C2,
13493,CN(CC(=O)NC[C@]1(F)C[C@H](NC(=O)C2CC3(C2)C[C@H]3F)C1)C(=O)OC(C)(C)C,"tert-butyl (2-((((1R,3r)-1-fluoro-3-((1R)-1-fluorospiro[2.3]hexane-5-carboxamido)cyclobutyl)methyl)amino)-2-oxoethyl)(methyl)carbamate",,CN(CC(=O)NC[C@]1(F)C[C@H](NC(=O)C2CC3(C2)C[C@H]3F)C1)C(=O)OC(C)(C)C,
13571,COCCCC(=O)NC[C@]1(F)C[C@H](CNC(=O)c2ccc(Cl)cc2Br)C1,"N-(((1r,3r)-3-((2-bromo-4-chlorobenzamido)methyl)-1-fluorocyclobutyl)methyl)-4-methoxybutanamide",,COCCCC(=O)NC[C@]1(F)C[C@H](CNC(=O)c2ccc(Cl)cc2Br)C1,
13878,Cn1cnc(CCNC(=O)[C@H]2C[C@@](C)(NC(=O)[C@@H]3CC(=O)NC3(C)C)C2)c1,"(3R)-2,2-dimethyl-N-((1s,3S)-1-methyl-3-((2-(1-methyl-1H-imidazol-4-yl)ethyl)carbamoyl)cyclobutyl)-5-oxopyrrolidine-3-carboxamide",,Cn1cnc(CCNC(=O)C2CC(C)(NC(=O)C3CC(=O)NC3(C)C)C2)c1,
13928,O=C(N=c1[nH]nc(Cl)cc1O)NC[C@@]1(CO)C[C@@H]2C[C@@H]2C1,,,O=C(NC[C@]1(CO)C[C@H]2C[C@H]2C1)Nc1n[nH]c(Cl)cc1=O,
13952,Cc1nc(C2CC2)nc(C)c1C(=O)N1[C@H]2CC[C@@H]1C[C@@H](NC(=O)c1cncs1)C2,,,Cc1nc(C2CC2)nc(C)c1C(=O)N1[C@@H]2CC[C@H]1C[C@H](NC(=O)c1cncs1)C2,
14016,CC[S@](=O)CC(=O)NC[C@@H]1C[C@@H]2CC[C@H](C1)N2C(=O)[C@H]1CC=C(C)CC1,"2-((S)-ethylsulfinyl)-N-(((1R,3R,5S)-8-(((1R)-4-methylcyclohex-3-en-1-yl)carbonyl)-8-azabicyclo[3.2.1]octan-3-yl)methyl)acetamide",,CC[S@+]([O-])CC(=O)NC[C@H]1C[C@H]2CC[C@@H](C1)N2C(=O)C1CC=C(C)CC1,
14093,C[C@H]1[C@@H](C)[C@@H]1C(=O)NC[C@H](CO)NC(=O)c1csc(-c2cnccn2)n1,,,C[C@@H]1C(C(=O)NC[C@H](CO)NC(=O)c2csc(-c3cnccn3)n2)[C@@H]1C,
14137,COc1cccc(C(=O)N[C@H]2C[C@](C)(NC(=O)[C@H](O)CCSC)C2)n1,"N-((1R,3r)-3-((2R)-2-hydroxy-4-(methylsulfanyl)butanamido)-3-methylcyclobutyl)-6-methoxypyridine-2-carboxamide",,COc1cccc(C(=O)N[C@H]2C[C@](C)(NC(=O)C(O)CCSC)C2)n1,
14138,O=C(NC[C@]1(F)C[C@@H](NC(=O)C23CCC(CC2)C3)C1)[C@@H]1CCN2CCOC[C@@H]12,"(1R,9R)-N-(((1s,3S)-3-(bicyclo[2.2.1]heptane-1-carboxamido)-1-fluorocyclobutyl)methyl)-3-oxa-6-azabicyclo[4.3.0]nonane-9-carboxamide",,O=C(NC[C@]1(F)C[C@@H](NC(=O)C23CCC(CC2)C3)C1)C1CCN2CCOC[C@@H]12,
14271,Cc1cc(NC(=O)C2(F)CN(C(=O)[C@H]3C[C@@H]4CC[C@H](C3)O4)C2)c(C)s1,,,Cc1cc(NC(=O)C2(F)CN(C(=O)C3C[C@H]4CC[C@@H](C3)O4)C2)c(C)s1,
14330,CCCCc1ncc(C(=O)N2C[C@H]3[C@H](NC(=O)[C@@H](CO)NC(N)=O)[C@H]3C2)s1,,,CCCCc1ncc(C(=O)N2C[C@@H]3[C@H](C2)[C@H]3NC(=O)C(CO)NC(N)=O)s1,
14432,CN1CC=CC[C@H]1CC(=O)N1C[C@H]2[C@H](CC(=O)N(CCO)C[C@H](O)CO)[C@H]2C1,"N-((2S)-2,3-dihydroxypropyl)-N-(2-hydroxyethyl)-2-((1R,5S,6R)-3-(2-((2S)-1-methyl-1,2,3,6-tetrahydropyridin-2-yl)acetyl)-3-azabicyclo[3.1.0]hexan-6-yl)acetamide",,CN1CC=CC[C@H]1CC(=O)N1C[C@@H]2[C@@H](CC(=O)N(CCO)C[C@H](O)CO)[C@@H]2C1,
14448,O=C(N[C@H](CC(=O)N1C[C@H]2C[C@]2(CO)C1)C(F)F)[C@@H]1[C@H]2CCC[C@H]21,,,O=C(N[C@H](CC(=O)N1C[C@H]2C[C@]2(CO)C1)C(F)F)C1[C@H]2CCC[C@@H]12,
14464,C[C@H]1[C@@H]2CN(C(=O)[C@H](Cc3ccoc3)NC(=O)Cc3ccccc3F)C[C@H]12,"2-(2-fluorophenyl)-N-((2S)-1-(furan-3-yl)-3-((1R,5S,6R)-6-methyl-3-azabicyclo[3.1.0]hexan-3-yl)-3-oxopropan-2-yl)acetamide",,C[C@@H]1[C@H]2CN(C(=O)C(Cc3ccoc3)NC(=O)Cc3ccccc3F)C[C@@H]12,
14489,C[C@H](NC(=O)C[C@@H](NC(=O)[C@]1(C)C[C@@H]2C[C@@H]2C1)C(F)(F)F)C1CCC1,,,C[C@H](NC(=O)C[C@@H](NC(=O)[C@@]1(C)C[C@H]2C[C@H]2C1)C(F)(F)F)C1CCC1,
14502,Cc1cc(C(=O)NC[C@H]2C[C@@H]3CC[C@H](C2)N3C(=O)[C@@H]2CC(C)(C)CN2C)cs1,"5-methyl-N-(((1R,3R,5S)-8-(((2S)-1,4,4-trimethylpyrrolidin-2-yl)carbonyl)-8-azabicyclo[3.2.1]octan-3-yl)methyl)thiophene-3-carboxamide",,Cc1cc(C(=O)NC[C@@H]2C[C@H]3CC[C@@H](C2)N3C(=O)C2CC(C)(C)CN2C)cs1,
14507,CCc1c[nH]c(C(=O)N[C@]2(C)C[C@@H](NC(=O)[C@@H](C)C[C@H](C)CC)C2)c1,"N-((1S,3r)-3-((2S,4R)-2,4-dimethylhexanamido)-1-methylcyclobutyl)-4-ethyl-1H-pyrrole-2-carboxamide",,CCc1c[nH]c(C(=O)N[C@]2(C)C[C@@H](NC(=O)C(C)C[C@H](C)CC)C2)c1,
14606,CS(=O)(=O)c1csc(C(=O)N[C@H]2C[C@@H]3CC[C@H](C2)N3C(=O)[C@@H](F)C2CC2)c1,"N-((1R,3R,5S)-8-((2S)-2-cyclopropyl-2-fluoroacetyl)-8-azabicyclo[3.2.1]octan-3-yl)-4-(methylsulfonyl)thiophene-2-carboxamide",,CS(=O)(=O)c1csc(C(=O)N[C@@H]2C[C@H]3CC[C@@H](C2)N3C(=O)C(F)C2CC2)c1,
14608,CP(C)(=O)CCC(=O)N[C@H]1C[C@@H]2CC[C@H](C1)N2C(=O)c1ncoc1C1CCC1,,,CP(C)(=O)CCC(=O)N[C@@H]1C[C@H]2CC[C@@H](C1)N2C(=O)c1ncoc1C1CCC1,
14634,N#CC1(CCC(=O)N[C@]2(C(=O)N3CCC[C@@H](C(F)F)C3)C[C@H](O)C2)CCC1,"3-(1-cyanocyclobutyl)-N-((1s,3S)-1-(((3R)-3-(difluoromethyl)piperidin-1-yl)carbonyl)-3-hydroxycyclobutyl)propanamide",,N#CC1(CCC(=O)N[C@]2(C(=O)N3CCC[C@@H](C(F)F)C3)C[C@H](O)C2)CCC1,
14736,O=C1C[C@H]2[C@@H](C1)[C@@H]2C(=O)N1CC2(C=C(C(=O)N3C[C@@H](O)C4(CCCC4)C3)CO2)C1,,,O=C1C[C@@H]2C(C(=O)N3CC4(C=C(C(=O)N5C[C@@H](O)C6(CCCC6)C5)CO4)C3)[C@@H]2C1,
14796,CC(C)N1CCC[C@@H]1CC(=O)NC[C@H]1C[C@](F)(CNC(=O)[C@@H](C)c2cccs2)C1,"(2R)-N-(((1S,3S)-1-fluoro-3-((2-((2R)-1-(propan-2-yl)pyrrolidin-2-yl)acetamido)methyl)cyclobutyl)methyl)-2-(thiophen-2-yl)propanamide",,CC(C(=O)NC[C@]1(F)C[C@@H](CNC(=O)C[C@H]2CCCN2C(C)C)C1)c1cccs1,
14830,C#CC[C@]1(O)C[C@@H](C(=O)N[C@H](C)[C@@H](NC(=O)C[C@H]2CN3CCN2CC3)C(C)C)C1,"(1s,3S)-N-((2R,3S)-3-(2-((2S)-1,4-diazabicyclo[2.2.2]octan-2-yl)acetamido)-4-methylpentan-2-yl)-3-hydroxy-3-(prop-2-yn-1-yl)cyclobutanecarboxamide",,C#CCC1(O)CC(C(=O)N[C@H](C)[C@@H](NC(=O)C[C@H]2CN3CCN2CC3)C(C)C)C1,
14875,CN(CCN(C)C(=O)[C@@H]1C[C@H]2[C@@H](C1)C2(F)F)C(=O)c1ccn2ncccc12,,,CN(CCN(C)C(=O)C1C[C@@H]2[C@H](C1)C2(F)F)C(=O)c1ccn2ncccc12,
14941,O=C1CCC(C(=O)N2C[C@H]3[C@H](CNc4ncnn5cccc45)[C@H]3C2)=NN1,,,O=C1CCC(C(=O)N2C[C@@H]3[C@@H](CNc4ncnn5cccc45)[C@@H]3C2)=NN1,
15028,CCC[C@H](CC)CCC(=O)N1C[C@H]2[C@H](CNC(=O)c3ncoc3CC)[C@H]2C1,"5-ethyl-N-(((1R,5S,6S)-3-((4S)-4-ethylheptanoyl)-3-azabicyclo[3.1.0]hexan-6-yl)methyl)-1,3-oxazole-4-carboxamide",,CCC[C@H](CC)CCC(=O)N1C[C@@H]2[C@@H](CNC(=O)c3ncoc3CC)[C@@H]2C1,
15109,CC(C)CO[C@H](C)C(=O)NC[C@H]1[C@@H]2CN(C(=O)CC[C@@H]3CC3(Cl)Cl)C[C@H]12,"(2R)-N-(((1R,5S,6R)-3-(3-((1R)-2,2-dichlorocyclopropyl)propanoyl)-3-azabicyclo[3.1.0]hexan-6-yl)methyl)-2-isobutoxypropanamide",,CC(C)COC(C)C(=O)NC[C@@H]1[C@H]2CN(C(=O)CC[C@@H]3CC3(Cl)Cl)C[C@@H]12,
15179,CCCc1onc(C)c1C(=O)N[C@H]1C[C@@H]2CC[C@H](C1)N2C(=O)[C@@]12C[C@@H](F)[C@@H]1C2,"N-((1R,3R,5S)-8-(((1S,3R,4R)-3-fluorobicyclo[2.1.0]pentan-1-yl)carbonyl)-8-azabicyclo[3.2.1]octan-3-yl)-3-methyl-5-propyl-1,2-oxazole-4-carboxamide",,CCCc1onc(C)c1C(=O)N[C@@H]1C[C@H]2CC[C@@H](C1)N2C(=O)[C@@]12C[C@@H](F)[C@@H]1C2,
15190,Cn1cnc(-c2nnc(N3C[C@H]4[C@H](Br)[C@H]4C3)n2C[C@H]2CCOC2)n1,"(1R,5S,6S)-6-bromo-3-(5-(1-methyl-1H-1,2,4-triazol-3-yl)-4-(((3R)-oxolan-3-yl)methyl)-4H-1,2,4-triazol-3-yl)-3-azabicyclo[3.1.0]hexane",,Cn1cnc(-c2nnc(N3C[C@@H]4[C@@H](Br)[C@@H]4C3)n2C[C@H]2CCOC2)n1,
15220,CSC1=C(C(=O)N2C[C@H]3[C@H](CNC(=O)Cc4c(C)noc4C)[C@H]3C2)CCCC1,,,CSC1=C(C(=O)N2C[C@@H]3[C@@H](CNC(=O)Cc4c(C)noc4C)[C@@H]3C2)CCCC1,
15245,CC(C)=C(C)CC(=O)N1CC[C@H](N(CC2CC2)C(=O)[C@@H]2[C@H]3CCCCCC[C@H]32)C1,,,CC(C)=C(C)CC(=O)N1CC[C@H](N(CC2CC2)C(=O)C2[C@H]3CCCCCC[C@@H]23)C1,
15289,Cc1cc(C(=O)NC[C@H]2[C@@H]3CN(C(=O)Cn4cncc4C)C[C@H]23)c(Cl)cc1Cl,,,Cc1cc(C(=O)NC[C@@H]2[C@H]3CN(C(=O)Cn4cncc4C)C[C@@H]23)c(Cl)cc1Cl,
15312,Cn1cc([N+](=O)[O-])cc1C(=O)N[C@]1(C)C[C@H](NC(=O)CN2CCCC2)C1,"1-methyl-N-((1s,3s)-1-methyl-3-(2-(pyrrolidin-1-yl)acetamido)cyclobutyl)-4-nitro-1H-pyrrole-2-carboxamide",,Cn1cc([N+](=O)[O-])cc1C(=O)N[C@]1(C)C[C@H](NC(=O)CN2CCCC2)C1,
15323,CC1=C(C(=O)NC[C@]2(F)C[C@@H](NC(=O)C3(C)CC3)C2)SN=C1,"N-(((1s,3s)-1-fluoro-3-(1-methylcyclopropanecarboxamido)cyclobutyl)methyl)-4-methyl-1,2-thiazole-5-carboxamide",,Cc1cnsc1C(=O)NC[C@]1(F)C[C@@H](NC(=O)C2(C)CC2)C1,
15345,Cc1onc(-c2ccncc2)c1C(=O)N[C@H]1C[C@@](C)(NC(=O)[C@@H]2CNC(=O)C2)C1,"5-methyl-N-((1R,3s)-3-methyl-3-((3S)-5-oxopyrrolidine-3-carboxamido)cyclobutyl)-3-(pyridin-4-yl)-1,2-oxazole-4-carboxamide",,Cc1onc(-c2ccncc2)c1C(=O)N[C@H]1C[C@@](C)(NC(=O)C2CNC(=O)C2)C1,
15491,O=C(N[C@H]1C[C@@](F)(CN=c2ccc(C(F)(F)F)n[nH]2)C1)[C@@H]1CC[C@H]2CCCCN12,"(3S,8aR)-N-((1r,3S)-3-fluoro-3-(((6-(trifluoromethyl)-2H-pyridazin-3-ylidene)amino)methyl)cyclobutyl)-1,2,3,5,6,7,8,8a-octahydroindolizine-3-carboxamide",,O=C(N[C@H]1C[C@@](F)(CNc2ccc(C(F)(F)F)nn2)C1)C1CC[C@H]2CCCCN12,
15496,O=C(NC1([C@H]2CCN(C(=O)[C@H]3C[C@@](F)(CO)C3)C2)CC1)[C@H]1Cc2ccc(Cl)cc21,"(7S)-4-chloro-N-(1-((3S)-1-(((1r,3S)-3-fluoro-3-(hydroxymethyl)cyclobutyl)carbonyl)pyrrolidin-3-yl)cyclopropyl)bicyclo[4.2.0]octa-1(6),2,4-triene-7-carboxamide",,O=C(NC1([C@H]2CCN(C(=O)C3CC(F)(CO)C3)C2)CC1)C1Cc2ccc(Cl)cc21,
15507,Cc1ccc(C(=O)N[C@H]2C[C@@](F)(CNC(=O)[C@@H]3CCCc4cccnc43)C2)nn1,"(8R)-N-(((1r,3R)-1-fluoro-3-(6-methylpyridazine-3-carboxamido)cyclobutyl)methyl)-5,6,7,8-tetrahydroquinoline-8-carboxamide",,Cc1ccc(C(=O)N[C@H]2C[C@@](F)(CNC(=O)C3CCCc4cccnc43)C2)nn1,
15523,O=C(N1C[C@@H]2CC[C@]2(CCNC(=O)[C@H]2C[C@](O)(c3cccnc3)C2)C1)C1(O)CC1,"(1s,3S)-3-hydroxy-N-(2-((1R,5R)-3-((1-hydroxycyclopropyl)carbonyl)-3-azabicyclo[3.2.0]heptan-1-yl)ethyl)-3-(pyridin-3-yl)cyclobutanecarboxamide",,O=C(NCC[C@]12CC[C@H]1CN(C(=O)C1(O)CC1)C2)C1CC(O)(c2cccnc2)C1,
15542,COC(=O)[C@@H]1C[C@H](C(=O)OCc2cn(C)nn2)C[C@H](C(=O)OC)C1,,,COC(=O)C1CC(C(=O)OC)CC(C(=O)OCc2cn(C)nn2)C1,
15591,Cc1[nH]nc(C(=O)N(C)C[C@H](C)CNC(=O)[C@]23CC[C@H](CC2)C3(C)C)c1O,"N-((2R)-3-(7,7-dimethylbicyclo[2.2.1]heptane-1-carboxamido)-2-methylpropyl)-4-hydroxy-N,5-dimethyl-1H-pyrazole-3-carboxamide",CC1(C2(CCC1CC2)C(=O)NC[C@H](CN(C(=O)C2=NNC(=C2O)C)C)C)C,Cc1[nH]nc(C(=O)N(C)C[C@H](C)CNC(=O)[C@]23CC[C@H](CC2)C3(C)C)c1O,Cc1[nH]nc(C(=O)N(C)C[C@H](C)CNC(=O)C23CCC(CC2)C3(C)C)c1O
15676,CO[C@@H](C(=O)N1[C@H]2CC[C@@H]1C[C@H](CNC(=O)c1nnc(C)s1)C2)C1CC1,"N-(((1R,3R,5S)-8-((2R)-2-cyclopropyl-2-methoxyacetyl)-8-azabicyclo[3.2.1]octan-3-yl)methyl)-5-methyl-1,3,4-thiadiazole-2-carboxamide",,COC(C(=O)N1[C@@H]2CC[C@H]1C[C@@H](CNC(=O)c1nnc(C)s1)C2)C1CC1,
15740,C[C@H]1CN2CCN1[C@H](C(=O)N[C@H]1C[C@](F)(CN=c3[nH]nc(C(N)=O)s3)C1)C2,"5-((((1R,3s)-1-fluoro-3-((2S,6S)-6-methyl-1,4-diazabicyclo[2.2.2]octane-2-carboxamido)cyclobutyl)methyl)imino)-4H-1,3,4-thiadiazole-2-carboxamide",,C[C@H]1CN2CCN1C(C(=O)N[C@H]1C[C@](F)(CNc3nnc(C(N)=O)s3)C1)C2,
15742,O=C(C[C@@H]1CCCOCC1)N1C[C@H]2[C@H](NC(=O)C3(CO)CCCC3)[C@H]2C1,"1-(hydroxymethyl)-N-((1R,5S,6S)-3-(2-((4R)-oxepan-4-yl)acetyl)-3-azabicyclo[3.1.0]hexan-6-yl)cyclopentanecarboxamide",,O=C(C[C@@H]1CCCOCC1)N1C[C@@H]2[C@H](C1)[C@H]2NC(=O)C1(CO)CCCC1,
15747,O=C(NC[C@]1(F)C[C@H](NC(=O)C23CCC(CC2)CC3)C1)c1onc2c1CCCC2,"N-(((1r,3r)-3-(bicyclo[2.2.2]octane-1-carboxamido)-1-fluorocyclobutyl)methyl)-8-oxa-7-azabicyclo[4.3.0]nona-1(9),6-diene-9-carboxamide",,O=C(NC[C@]1(F)C[C@H](NC(=O)C23CCC(CC2)CC3)C1)c1onc2c1CCCC2,
15750,CCCC(C)=CC(=O)N1C[C@H]2[C@H](NC(=O)c3cn(-c4ccccc4C)nn3)[C@H]2C1,,,CCCC(C)=CC(=O)N1C[C@@H]2[C@H](C1)[C@H]2NC(=O)c1cn(-c2ccccc2C)nn1,
15752,Cc1ccc(CN[C@@H]2[C@@H]3CN(C(=O)c4cc5sc(C)cc5[nH]4)C[C@@H]32)c(Cl)n1,,,Cc1ccc(CN[C@@H]2[C@@H]3CN(C(=O)c4cc5sc(C)cc5[nH]4)C[C@@H]32)c(Cl)n1,
15930,O=C([C@H](O)C(F)(F)F)N1CCO[C@@H](C(=O)N2C[C@H]3C[C@H](F)C[C@H]3C2)C1,"(2S)-3,3,3-trifluoro-1-((2R)-2-(((1R,5S,7S)-7-fluoro-3-azabicyclo[3.3.0]octan-3-yl)carbonyl)morpholin-4-yl)-2-hydroxypropan-1-one",,O=C(C1CN(C(=O)C(O)C(F)(F)F)CCO1)N1C[C@H]2C[C@H](F)C[C@H]2C1,
15974,CCCCn1nccc1C(=O)N[C@H]1[C@@H]2CN(C(=O)C(=O)c3ccc(F)cc3)C[C@@H]21,,,CCCCn1nccc1C(=O)N[C@H]1[C@@H]2CN(C(=O)C(=O)c3ccc(F)cc3)C[C@@H]21,
16086,CCC1(F)CN(C(=O)[C@@H]2C[C@@H]3CN(C(=O)c4sccc4CO)C[C@@H]3C2)C1,,,CCC1(F)CN(C(=O)C2C[C@@H]3CN(C(=O)c4sccc4CO)C[C@@H]3C2)C1,
16203,C=CC[C@@H](CNC(=O)[C@H]1C[C@H]2[C@@H](C1)C2(C)C)NC(=O)Cc1cc(F)ccc1F,,,C=CC[C@@H](CNC(=O)C1C[C@@H]2[C@H](C1)C2(C)C)NC(=O)Cc1cc(F)ccc1F,
16209,CN(C(=O)[C@@H]1[C@H]2CCCCCC[C@H]21)[C@@H]1CN(C(=O)c2cccs2)CC[C@H]1O,,,CN(C(=O)C1[C@H]2CCCCCC[C@@H]12)[C@@H]1CN(C(=O)c2cccs2)CC[C@H]1O,
16229,CCn1ncc(C(=O)N[C@H]2[C@@H]3CN(C(=O)c4nccn4C)C[C@@H]32)c1Br,,,CCn1ncc(C(=O)N[C@H]2[C@@H]3CN(C(=O)c4nccn4C)C[C@@H]32)c1Br,
16242,CC(=O)OCC(=O)N[C@H]1C[C@]2(CCCCN2C(=O)c2cc3oc(C)cc3[nH]2)C1,"2-((5-((3-methyl-2-oxa-6-azabicyclo[3.3.0]octa-1(5),3,7-trien-7-yl)carbonyl)-5-azaspiro[3.5]nonan-2-yl)amino)-2-oxoethyl acetate",C(C)(=O)OCC(=O)NC1CC2(C1)N(CCCC2)C(=O)C=2NC=1C=C(OC1C2)C,CC(=O)OCC(=O)N[C@H]1C[C@]2(CCCCN2C(=O)c2cc3oc(C)cc3[nH]2)C1,CC(=O)OCC(=O)NC1CC2(CCCCN2C(=O)c2cc3oc(C)cc3[nH]2)C1
16422,CO[C@H](CC1CCC1)C(=O)N1C[C@H]2[C@@H](C1)[C@@H]2C(=O)NC1CC(NC(N)=O)C1,"(1R,5S,6R)-N-(3-(carbamoylamino)cyclobutyl)-3-((2R)-3-cyclobutyl-2-methoxypropanoyl)-3-azabicyclo[3.1.0]hexane-6-carboxamide",,COC(CC1CCC1)C(=O)N1C[C@@H]2C(C(=O)NC3CC(NC(N)=O)C3)[C@@H]2C1,
16440,C#C[C@]1(O)C[C@@H](C(=O)N[C@H]2C[C@H]2NC(=O)c2ncoc2CC)C1,"5-ethyl-N-((1R,2S)-2-((1s,3R)-3-ethynyl-3-hydroxycyclobutanecarboxamido)cyclopropyl)-1,3-oxazole-4-carboxamide",,C#CC1(O)CC(C(=O)N[C@H]2C[C@H]2NC(=O)c2ncoc2CC)C1,
16444,CC(C)/C=C/CCC(=O)NC[C@]1(F)C[C@@H](NC(=O)C2C[C@@H]3C[C@H]3C2)C1,"(4E)-N-(((1R,3s)-3-((1S,5S)-bicyclo[3.1.0]hexane-3-carboxamido)-1-fluorocyclobutyl)methyl)-6-methylhept-4-enamide",,CC(C)/C=C/CCC(=O)NC[C@]1(F)C[C@@H](NC(=O)C2C[C@@H]3C[C@H]3C2)C1,
16484,Cc1cc(C(F)(F)F)nc(N2C[C@@H]3[C@H](C(=O)N4C[C@@H]5C[C@@H]5[C@@H]4C#N)[C@@H]3C2)n1,,,Cc1cc(C(F)(F)F)nc(N2C[C@@H]3C(C(=O)N4C[C@@H]5C[C@@H]5[C@@H]4C#N)[C@@H]3C2)n1,
16508,COC[C@@H](C)[C@H](C)N=c1ccc2c(I)c[nH]c2[nH]1,"3-iodo-N-((2S,3S)-4-methoxy-3-methylbutan-2-yl)-1H-pyrrolo[2,3-b]pyridin-6-imine",IC=1CNC2=NC(C=CC21)=N[C@@H](C)[C@@H](COC)C,COC[C@@H](C)[C@H](C)Nc1ccc2c(I)c[nH]c2n1,COC[C@@H](C)[C@H](C)N=c1ccc2c([nH]1)=NCC=2I
16534,C[C@@H]1C[C@H]1C(=O)NCCCC[C@@H](CO)NC(=O)[C@]12CC[C@H](CC1)C2(C)C,"N-((2S)-1-hydroxy-6-((1R,2R)-2-methylcyclopropanecarboxamido)hexan-2-yl)-7,7-dimethylbicyclo[2.2.1]heptane-1-carboxamide",OC[C@H](CCCCNC(=O)[C@H]1[C@@H](C1)C)NC(=O)C12CCC(CC1)C2(C)C,C[C@@H]1CC1C(=O)NCCCC[C@@H](CO)NC(=O)[C@]12CC[C@H](CC1)C2(C)C,C[C@@H]1CC1C(=O)NCCCC[C@@H](CO)NC(=O)C12CCC(CC1)C2(C)C
16564,CC(C)OCCCC(=O)N[C@H]1C[C@](C)(NC(=O)c2csc(-c3ccoc3)n2)C1,"N-((1r,3r)-3-(2-(furan-3-yl)-1,3-thiazole-4-carboxamido)-3-methylcyclobutyl)-4-isopropoxybutanamide",,CC(C)OCCCC(=O)N[C@H]1C[C@](C)(NC(=O)c2csc(-c3ccoc3)n2)C1,
16576,O=C(NCCN(C(=O)Cc1ccc(Br)s1)C1CC1)[C@@H]1[C@H]2CCCCC[C@H]21,,,O=C(NCCN(C(=O)Cc1ccc(Br)s1)C1CC1)C1[C@H]2CCCCC[C@@H]12,
16599,O=C(N[C@H]1C[C@@H]2CC[C@H](C1)N2C(=O)C=Cc1cocn1)c1scnc1C(F)(F)F,,,O=C(N[C@@H]1C[C@H]2CC[C@@H](C1)N2C(=O)C=Cc1cocn1)c1scnc1C(F)(F)F,
16621,Cc1cn2c(C(=O)N3[C@H]4CC[C@@H]3C[C@H](NC(=O)CNC=O)C4)c(Cl)nc2s1,,,Cc1cn2c(C(=O)N3[C@@H]4CC[C@H]3C[C@@H](NC(=O)CNC=O)C4)c(Cl)nc2s1,
16641,Cc1ccc(Cl)c(N)c1C(=O)N[C@@H]1CN(C(=O)[C@H]2C[C@H]3[C@@H](C2)C3(C)C)CC1(C)C,,,Cc1ccc(Cl)c(N)c1C(=O)N[C@@H]1CN(C(=O)C2C[C@@H]3[C@H](C2)C3(C)C)CC1(C)C,
16644,Cc1cc(C)nc(N2CCN(C(=O)[C@@H]3[C@@H](C)[C@H]3C)C[C@@H]2C(C)C)n1,,,Cc1cc(C)nc(N2CCN(C(=O)C3[C@@H](C)[C@H]3C)C[C@@H]2C(C)C)n1,
16746,C[C@]1(NC(=O)C[C@H]2CCOC2)C[C@@H](C(=O)NCc2ncccc2O)C1,"N-((1s,3S)-3-(((3-hydroxypyridin-2-yl)methyl)carbamoyl)-1-methylcyclobutyl)-2-((3R)-oxolan-3-yl)acetamide",,CC1(NC(=O)C[C@H]2CCOC2)CC(C(=O)NCc2ncccc2O)C1,
16757,O=C(N[C@@H]1[C@H]2C[C@H](NC(=O)c3nccc4n[nH]cc34)C[C@H]21)c1cc2sccc2[nH]1,,,O=C(N[C@H]1[C@@H]2C[C@@H](NC(=O)c3nccc4[nH]ncc34)C[C@@H]21)c1cc2sccc2[nH]1,
16900,N#CC1(C(=O)N2C[C@H]3C[C@H](NC(=O)c4csc(Br)n4)C[C@H]3C2)CCCC1,,,N#CC1(C(=O)N2C[C@H]3C[C@H](NC(=O)c4csc(Br)n4)C[C@H]3C2)CCCC1,
16910,C[C@H]1C[C@H](n2nc(CC3CCC3)nc2-c2cnsn2)C[C@@H](C)O1,,,C[C@@H]1C[C@@H](n2nc(CC3CCC3)nc2-c2cnsn2)C[C@H](C)O1,
16979,N#CC1(C(=O)N[C@H]2C[C@](F)(CNC(=O)c3ncc(Cl)cc3Cl)C2)CC1,"3,5-dichloro-N-(((1s,3s)-3-(1-cyanocyclopropanecarboxamido)-1-fluorocyclobutyl)methyl)pyridine-2-carboxamide",,N#CC1(C(=O)N[C@H]2C[C@](F)(CNC(=O)c3ncc(Cl)cc3Cl)C2)CC1,
16986,Cc1cn2ccc(C(=O)N3C[C@H]4[C@H](NC(=O)c5n[nH]cc5Br)[C@H]4C3)cc2n1,,,Cc1cn2ccc(C(=O)N3C[C@@H]4[C@H](C3)[C@H]4NC(=O)c3[nH]ncc3Br)cc2n1,
17029,C[C@@H]1[C@H](C(=O)N2CC(O)(CN(C)C(=O)[C@H]3CC34CC4)C2)[C@@H]1C,,,C[C@@H]1C(C(=O)N2CC(O)(CN(C)C(=O)C3CC34CC4)C2)[C@@H]1C,
17038,CCCCC[C@@H](C(=O)NC[C@]1(F)C[C@@H](NC(=O)c2ccc(C(N)=O)s2)C1)C(C)C,"(2R)-N-(((1s,3S)-3-(5-carbamoylthiophene-2-carboxamido)-1-fluorocyclobutyl)methyl)-2-(propan-2-yl)heptanamide",,CCCCCC(C(=O)NC[C@]1(F)C[C@@H](NC(=O)c2ccc(C(N)=O)s2)C1)C(C)C,
17081,CN1CC[C@@H](C(=O)NC(C)(C)CN(C)C(=O)[C@H]2C[C@](C)(F)C2)C1,"(3R)-1-methyl-N-(2-methyl-1-(N-methyl(1r,3R)-3-fluoro-3-methylcyclobutanecarboxamido)propan-2-yl)pyrrolidine-3-carboxamide",,CN1CCC(C(=O)NC(C)(C)CN(C)C(=O)C2CC(C)(F)C2)C1,
17134,C[C@H]1[C@@H](C)N([C@@H](C(=O)NCCC#N)[C@@H]2[C@H]3CC=CC[C@H]32)CC[S@@]1=O,,,C[C@@H]1[C@H](C)[S@@+]([O-])CCN1C(C(=O)NCCC#N)[C@H]1[C@@H]2CC=CC[C@@H]21,
17145,O=C(CCn1cncn1)N[C@@H](CC1CCC1)C(=O)N[C@@H]1[C@@H](O)C[C@H]1O,,,O=C(CCn1cncn1)NC(CC1CCC1)C(=O)N[C@H]1[C@H](O)C[C@@H]1O,
17155,CCn1nc(C(=O)N2C[C@H]3[C@H](CC(=O)NC4CCSCC4)[C@H]3C2)cc1C,,,CCn1nc(C(=O)N2C[C@@H]3[C@@H](CC(=O)NC4CCSCC4)[C@@H]3C2)cc1C,
17188,Cc1c(C(=O)N2[C@H]3CC[C@@H]2C[C@H](NC(=O)[C@H]2CC2(F)F)C3)cc(C(C)(C)C)n1C,,,Cc1c(C(=O)N2[C@@H]3CC[C@H]2C[C@@H](NC(=O)C2CC2(F)F)C3)cc(C(C)(C)C)n1C,
17199,CCCC[C@H](O)C(=O)N[C@H]1C[C@](F)(CNC(=O)C2=CN(C)S(=O)(=O)N=C2C)C1,"(2S)-N-((1s,3R)-3-((2,5-dimethyl-1,1-dioxo-2H-1lambda^6-1,2,6-thiadiazine-4-carboxamido)methyl)-3-fluorocyclobutyl)-2-hydroxyhexanamide",,CCCCC(O)C(=O)N[C@H]1C[C@](F)(CNC(=O)C2=CN(C)S(=O)(=O)N=C2C)C1,
17217,CC=CCC(=O)NC[C@]1(F)C[C@H](CNC(=O)C[C@@H](CC)C(=O)OC(C)(C)C)C1,"tert-butyl (2R)-2-(2-((((1r,3R)-3-fluoro-3-((pent-3-enamido)methyl)cyclobutyl)methyl)amino)-2-oxoethyl)butanoate",,CC=CCC(=O)NC[C@]1(F)C[C@H](CNC(=O)CC(CC)C(=O)OC(C)(C)C)C1,
17229,CC[C@@H](C(=O)N[C@H]1C[C@](C)(NC(=O)[C@@H]2CC(C)(C)CO2)C1)N(C)C,"(2S)-2-(dimethylamino)-N-((1S,3S)-3-((2S)-4,4-dimethyloxolane-2-carboxamido)-3-methylcyclobutyl)butanamide",,CCC(C(=O)N[C@H]1C[C@](C)(NC(=O)C2CC(C)(C)CO2)C1)N(C)C,
17242,O=C1CO[C@H](CNC(=O)[C@@H]2[C@H]3CN(C(=O)C(=O)NCC(F)F)C[C@H]32)CN1,,,O=C1CO[C@H](CNC(=O)C2[C@H]3CN(C(=O)C(=O)NCC(F)F)C[C@@H]23)CN1,
17247,CC[C@](C)(OC)C(=O)N[C@H]1C[C@](C)(NC(=O)CCN(C)C2CCCCC2)C1,"(2S)-N-((1r,3S)-3-(3-(cyclohexyl(methyl)amino)propanamido)-3-methylcyclobutyl)-2-methoxy-2-methylbutanamide",,CC[C@](C)(OC)C(=O)N[C@H]1C[C@](C)(NC(=O)CCN(C)C2CCCCC2)C1,
17284,C=CCN1CC[C@H](N2C[C@H]3[C@H](NC(=O)C[C@@H]4CC[C@@H](C(F)(F)F)O4)[C@H]3C2)C1=O,"N-((1R,5S,6R)-3-((3S)-2-oxo-1-(prop-2-en-1-yl)pyrrolidin-3-yl)-3-azabicyclo[3.1.0]hexan-6-yl)-2-((2S,5S)-5-(trifluoromethyl)oxolan-2-yl)acetamide",,C=CCN1CCC(N2C[C@@H]3[C@H](C2)[C@H]3NC(=O)C[C@@H]2CC[C@@H](C(F)(F)F)O2)C1=O,
17288,CCOc1cc(C(=O)N2CCO[C@H](CNC(=O)[C@@H]3[C@H]4CCCCC[C@H]43)C2)ccn1,,,CCOc1cc(C(=O)N2CCO[C@H](CNC(=O)C3[C@H]4CCCCC[C@@H]34)C2)ccn1,
17380,N[C@@H](CO)C(=O)N1C[C@H]2[C@@H](C1)[C@@H]2C(=O)NCCn1cc(Cl)cn1,"(1R,5S,6S)-3-((2S)-2-amino-3-hydroxypropanoyl)-N-(2-(4-chloro-1H-pyrazol-1-yl)ethyl)-3-azabicyclo[3.1.0]hexane-6-carboxamide",,NC(CO)C(=O)N1C[C@@H]2C(C(=O)NCCn3cc(Cl)cn3)[C@@H]2C1,
17398,CC(C)[C@H](NC=O)C(=O)N1C[C@H]2C[C@H](NC(=O)c3cnn4cccnc34)C[C@H]2C1,"N-((2S)-3-methyl-1-oxo-1-((1R,5S,7R)-7-(pyrazolo[1,5-a]pyrimidine-3-carboxamido)-3-azabicyclo[3.3.0]octan-3-yl)butan-2-yl)formamide",,CC(C)C(NC=O)C(=O)N1C[C@H]2C[C@H](NC(=O)c3cnn4cccnc34)C[C@H]2C1,
17483,CC(C)[C@]1(C(=O)N(C)C2CCCC2)CCN(C(=O)[C@@H]2[C@H]3CCCC[C@H]32)C1,,,CC(C)[C@]1(C(=O)N(C)C2CCCC2)CCN(C(=O)C2[C@H]3CCCC[C@@H]23)C1,
17491,C[C@H]1C[C@@H](C(=O)N[C@]2(C)C[C@H](C(=O)N3CCn4ncnc4C3)C2)CC(=O)N1,"(2S,4R)-2-methyl-N-((1s,3S)-1-methyl-3-((1,4,7,9-tetraazabicyclo[4.3.0]nona-6,8-dien-4-yl)carbonyl)cyclobutyl)-6-oxopiperidine-4-carboxamide",,C[C@H]1CC(C(=O)NC2(C)CC(C(=O)N3CCn4ncnc4C3)C2)CC(=O)N1,
17521,O=C(CCOc1ccccc1F)N[C@@H]1C[C@@H]2CC[C@H](C1)N2c1nnc(CO)s1,,,O=C(CCOc1ccccc1F)N[C@H]1C[C@H]2CC[C@@H](C1)N2c1nnc(CO)s1,
17545,CC(C)(NC(=O)C(N)=O)[C@@H]1CCCN1C(=O)[C@@H]1CC[C@H]2C[C@H]2CC1,,,CC(C)(NC(=O)C(N)=O)[C@@H]1CCCN1C(=O)C1CC[C@@H]2C[C@@H]2CC1,
17556,N=c1nnn(CC(=O)N2C[C@H]3[C@H](NC(=O)CCc4ccccc4F)[C@H]3C2)[nH]1,,,Nc1nnn(CC(=O)N2C[C@@H]3[C@H](C2)[C@H]3NC(=O)CCc2ccccc2F)n1,
17601,CC(F)(F)C(C)(C)CC(=O)NC[C@H]1[C@@H]2CN(C(=O)C3(C(F)F)CCOCC3)C[C@H]12,,,CC(F)(F)C(C)(C)CC(=O)NC[C@@H]1[C@H]2CN(C(=O)C3(C(F)F)CCOCC3)C[C@@H]12,
17638,C#Cc1ccc(CC(=O)N2CCCC[C@@H]2CN(C)C(=O)[C@@H]2C[C@@H]3CC[C@@H]3C2)cc1,,,C#Cc1ccc(CC(=O)N2CCCC[C@@H]2CN(C)C(=O)C2C[C@H]3CC[C@H]3C2)cc1,
17660,CCO[C@@H](C(=O)N[C@H]1C[C@](C)(NC(=O)c2nn(C)cc2Br)C1)C1CCC1,"(2R)-N-((1r,3R)-3-(4-bromo-1-methyl-1H-pyrazole-3-carboxamido)-3-methylcyclobutyl)-2-cyclobutyl-2-ethoxyacetamide",,CCOC(C(=O)N[C@H]1C[C@](C)(NC(=O)c2nn(C)cc2Br)C1)C1CCC1,
17675,Cc1sccc1C(=O)NC[C@]1(F)C[C@@H](CNC(=O)[C@@H]2CCCN2C(=O)C(C)C)C1,"(2S)-N-(((1s,3R)-3-fluoro-3-((2-methylthiophene-3-carboxamido)methyl)cyclobutyl)methyl)-1-(2-methylpropanoyl)pyrrolidine-2-carboxamide",,Cc1sccc1C(=O)NC[C@]1(F)C[C@@H](CNC(=O)C2CCCN2C(=O)C(C)C)C1,
17805,Cc1cc(C)c(CC(=O)N[C@@H]2C[C@@H]2[C@@H]2CCCN(C(=O)[C@H]3[C@@H](C)[C@H]3C)C2)c(C)c1,,,Cc1cc(C)c(CC(=O)N[C@@H]2C[C@@H]2[C@@H]2CCCN(C(=O)C3[C@@H](C)[C@H]3C)C2)c(C)c1,
17832,COC[C@H]1C[C@@H](CNC(=O)[C@H]2C[C@@](C)(O)C2)N(C(=O)[C@H]2C(F)(F)C23CC3)C1,"(1s,3R)-N-(((2S,4S)-1-(((1S)-2,2-difluorospiro[2.2]pentan-1-yl)carbonyl)-4-(methoxymethyl)pyrrolidin-2-yl)methyl)-3-hydroxy-3-methylcyclobutanecarboxamide",,COC[C@H]1C[C@@H](CNC(=O)C2CC(C)(O)C2)N(C(=O)C2C(F)(F)C23CC3)C1,
17899,COCCOCc1ocnc1C(=O)N(C)[C@H]1[C@@H]2CN(C(=O)[C@H](C)C(=O)OC)C[C@@H]21,"methyl (2S)-2-(((1R,5S,6R)-6-(N-methyl-5-(((2-methoxyethyl)oxy)methyl)-1,3-oxazole-4-carboxamido)-3-azabicyclo[3.1.0]hexan-3-yl)carbonyl)propanoate",,COCCOCc1ocnc1C(=O)N(C)[C@H]1[C@@H]2CN(C(=O)C(C)C(=O)OC)C[C@@H]21,
17901,COC(=O)[C@](C)(F)C(=O)N[C@H]1C[C@](F)(CNC(=O)C2=COCCC2)C1,"methyl (2R)-2-(((1s,3S)-3-((3,4-dihydro-2H-pyran-5-carboxamido)methyl)-3-fluorocyclobutyl)carbamoyl)-2-fluoropropanoate",,COC(=O)[C@](C)(F)C(=O)N[C@H]1C[C@](F)(CNC(=O)C2=COCCC2)C1,
17911,CC(C)C[C@H](C)C(=O)N[C@H]1C[C@]2(CCCCN2C(=O)C[C@@H]2CN(C)C[C@H]2O)C1,"(2S)-N-(5-(2-((3R,4S)-4-hydroxy-1-methylpyrrolidin-3-yl)acetyl)-5-azaspiro[3.5]nonan-2-yl)-2,4-dimethylpentanamide",O[C@H]1[C@@H](CN(C1)C)CC(=O)N1C2(CC(C2)NC([C@H](CC(C)C)C)=O)CCCC1,CC(C)CC(C)C(=O)N[C@H]1C[C@]2(CCCCN2C(=O)C[C@@H]2CN(C)C[C@H]2O)C1,CC(C)CC(C)C(=O)NC1CC2(CCCCN2C(=O)C[C@@H]2CN(C)C[C@H]2O)C1
17951,C=C(C)COCC(=O)NC(C)(C)C(=O)NC[C@@H]1[C@H]2CCCC[C@H]21,,,C=C(C)COCC(=O)NC(C)(C)C(=O)NC[C@H]1[C@@H]2CCCC[C@@H]21,
17993,C[C@H](NC(=O)[C@@H]1CN(C(=O)[C@@H]2C[C@@H]3CC[C@@H]3C2)C(C)(C)C1)c1ccccn1,,,C[C@H](NC(=O)C1CN(C(=O)C2C[C@H]3CC[C@H]3C2)C(C)(C)C1)c1ccccn1,
18012,Cc1ccc2c(c1)S[C@@H](C(=O)NC[C@]1(F)C[C@H](NC(=O)[C@@H](C)C(C)(C)C)C1)C2,"(2R)-N-(((1S,3R)-1-fluoro-3-((2S)-2,3,3-trimethylbutanamido)cyclobutyl)methyl)-6-methyl-2,3-dihydro-1-benzothiophene-2-carboxamide",,Cc1ccc2c(c1)SC(C(=O)NC[C@]1(F)C[C@H](NC(=O)C(C)C(C)(C)C)C1)C2,
18078,C[C@H]1CN(C(=O)CCCC#Cc2ccccc2)C[C@@H](C)[C@@H]1NC(=O)c1ccns1,,,C[C@@H]1CN(C(=O)CCCC#Cc2ccccc2)C[C@H](C)[C@H]1NC(=O)c1ccns1,
18110,COC(=O)[C@](C)(F)C(=O)N1CC2(CCN(C(=O)[C@]34CC[C@H](CC3)C4(C)C)CC2)C1,"methyl (2R)-2-((7-((7,7-dimethylbicyclo[2.2.1]heptan-1-yl)carbonyl)-2,7-diazaspiro[3.5]nonan-2-yl)carbonyl)-2-fluoropropanoate",CC1(C2(CCC1CC2)C(=O)N2CCC1(CN(C1)C(=O)[C@@](C(=O)OC)(C)F)CC2)C,COC(=O)[C@](C)(F)C(=O)N1CC2(CCN(C(=O)[C@]34CC[C@H](CC3)C4(C)C)CC2)C1,COC(=O)[C@](C)(F)C(=O)N1CC2(CCN(C(=O)C34CCC(CC3)C4(C)C)CC2)C1
18176,CCc1cscc1NC(=O)C[C@H]1[C@@H]2CN(C(=O)C3C[C@H]4COC[C@@H]4C3)C[C@H]12,"N-(4-ethylthiophen-3-yl)-2-((1R,5S,6S)-3-(((1R,5R)-3-oxabicyclo[3.3.0]octan-7-yl)carbonyl)-3-azabicyclo[3.1.0]hexan-6-yl)acetamide",,CCc1cscc1NC(=O)C[C@@H]1[C@H]2CN(C(=O)C3C[C@H]4COC[C@@H]4C3)C[C@@H]12,
18232,O=C1CC(=O)N[C@H](C(=O)N2C[C@H]3[C@@H](C2)[C@@H]3C(=O)N2CC3(CCC(=O)NC3)C2)C1,"(6S)-6-(((1R,5S,6S)-6-((7-oxo-2,6-diazaspiro[3.5]nonan-2-yl)carbonyl)-3-azabicyclo[3.1.0]hexan-3-yl)carbonyl)piperidine-2,4-dione",,O=C1CC(=O)NC(C(=O)N2C[C@@H]3C(C(=O)N4CC5(CCC(=O)NC5)C4)[C@@H]3C2)C1,
18242,CC(=O)N(C)CCCCC(=O)N[C@H]1[C@@H]2CN(C(=O)c3conc3C3CCC3)C[C@@H]21,,,CC(=O)N(C)CCCCC(=O)N[C@H]1[C@@H]2CN(C(=O)c3conc3C3CCC3)C[C@@H]21,
18275,Cc1nc(CC(=O)N[C@@H]2C[C@H]3C[C@H](NC(=O)c4csc(=N)[nH]4)C[C@H]3C2)co1,,,Cc1nc(CC(=O)N[C@H]2C[C@@H]3C[C@@H](NC(=O)c4csc(N)n4)C[C@@H]3C2)co1,
18345,Cc1ccn2cc(C(=O)N(C)CC(C)(C)NC(=O)[C@@H]3[C@H]4CC[C@H]43)nc2c1,,,Cc1ccn2cc(C(=O)N(C)CC(C)(C)NC(=O)C3[C@H]4CC[C@@H]34)nc2c1,
18361,Cc1cc(=O)c(C(=O)N[C@]2(C)C[C@H](NC(=O)CCn3ccccc3=O)C2)cn1C,"1,6-dimethyl-N-((1s,3s)-1-methyl-3-(3-(2-oxo-1,2-dihydropyridin-1-yl)propanamido)cyclobutyl)-4-oxo-1H-pyridine-3-carboxamide",,Cc1cc(=O)c(C(=O)N[C@]2(C)C[C@H](NC(=O)CCn3ccccc3=O)C2)cn1C,
18419,C=CCC1(C(=O)N2C[C@H]3C[C@@H](O)C[C@H]3C2)CN(C(=O)[C@H](C)OCC)C1,"(2S)-2-ethoxy-1-(3-(((1R,5S,7S)-7-hydroxy-3-azabicyclo[3.3.0]octan-3-yl)carbonyl)-3-(prop-2-en-1-yl)azetidin-1-yl)propan-1-one",,C=CCC1(C(=O)N2C[C@H]3C[C@@H](O)C[C@H]3C2)CN(C(=O)C(C)OCC)C1,
18471,Cc1cnncc1C(=O)N[C@@H]1[C@@H](C)CN(C(=O)[C@@H]2CN3CCCN2CC3)C[C@H]1C,"N-((3R,4S,5S)-1-(((6S)-1,5-diazabicyclo[3.2.2]nonan-6-yl)carbonyl)-3,5-dimethylpiperidin-4-yl)-5-methylpyridazine-4-carboxamide",,Cc1cnncc1C(=O)N[C@H]1[C@H](C)CN(C(=O)C2CN3CCCN2CC3)C[C@@H]1C,
18579,CO[C@H]1CN(C)[C@@](C)(C(=O)N[C@H]2C[C@@](F)(CNC(=O)c3ccc(C)cc3C)C2)C1,"(2R,4R)-N-((1r,3R)-3-((2,4-dimethylbenzamido)methyl)-3-fluorocyclobutyl)-4-methoxy-1,2-dimethylpyrrolidine-2-carboxamide",,CO[C@H]1CN(C)[C@@](C)(C(=O)N[C@H]2C[C@@](F)(CNC(=O)c3ccc(C)cc3C)C2)C1,
18597,CSCC(=O)N1CCC([C@]2(O)C[C@@H](NC(=O)c3ccc4cn(C)nc4c3)C2)CC1,"N-((1s,3s)-3-hydroxy-3-(1-(2-(methylsulfanyl)acetyl)piperidin-4-yl)cyclobutyl)-2-methyl-2H-indazole-6-carboxamide",,CSCC(=O)N1CCC([C@]2(O)C[C@@H](NC(=O)c3ccc4cn(C)nc4c3)C2)CC1,
18615,O=C(N[C@H]1C[C@@H]2C[C@H](C1)CN(C(=O)CC(F)(F)F)C2)[C@H](O)CC1CCCCC1,,,O=C(N[C@@H]1C[C@H]2C[C@@H](C1)CN(C(=O)CC(F)(F)F)C2)C(O)CC1CCCCC1,
18688,CC[C@H](CN(C)C)C(=O)N[C@H]1[C@@H]2CN(C(=O)CCc3nc(=N)[nH][nH]3)C[C@@H]21,,,CCC(CN(C)C)C(=O)N[C@H]1[C@@H]2CN(C(=O)CCc3n[nH]c(N)n3)C[C@@H]21,
18715,CC[C@](C)(CCNC(=O)[C@H]1C=CCC1)NC(=O)[C@@H]1[C@H]2[C@@H]3CC[C@@H](C3)[C@H]21,,,CC[C@](C)(CCNC(=O)C1C=CCC1)NC(=O)C1[C@@H]2[C@H]3CC[C@H](C3)[C@H]12,
18788,C#CC(C)(C)C(=O)N(C)C[C@H]1[C@@H]2CN(C(=O)c3cc(C#N)c(O)nc3N)C[C@H]12,,,C#CC(C)(C)C(=O)N(C)C[C@@H]1[C@H]2CN(C(=O)c3cc(C#N)c(=O)[nH]c3N)C[C@@H]12,
18824,O=C(CCc1cccc(F)c1)NC[C@]1(F)C[C@H](CNC(=O)[C@H]2CC=CCC2)C1,"N-(((1R,3r)-3-(((1R)-cyclohex-3-ene-1-carboxamido)methyl)-1-fluorocyclobutyl)methyl)-3-(3-fluorophenyl)propanamide",,O=C(CCc1cccc(F)c1)NC[C@]1(F)C[C@H](CNC(=O)C2CC=CCC2)C1,
18928,CC[C@]1(C(=O)O)CC[C@@H](C(=O)Nc2cc(C)cnc2OC(C)C)CC1,"(1s,4s)-1-ethyl-4-((2-isopropoxy-5-methylpyridin-3-yl)carbamoyl)cyclohexanecarboxylic acid",,CCC1(C(=O)O)CCC(C(=O)Nc2cc(C)cnc2OC(C)C)CC1,
18994,C[C@H](CC(=O)NC[C@H]1C[C@@](F)(CNC(=O)C2(C)CC(F)C2)C1)n1cccn1,"(3R)-N-(((1r,3R)-3-fluoro-3-((3-fluoro-1-methylcyclobutanecarboxamido)methyl)cyclobutyl)methyl)-3-(1H-pyrazol-1-yl)butanamide",,C[C@H](CC(=O)NC[C@H]1C[C@@](F)(CNC(=O)C2(C)CC(F)C2)C1)n1cccn1,
18997,CC(=CC(=O)N[C@H]1C[C@](C)(NC(=O)c2ccc(C3CC3)nc2)C1)c1ccco1,"N-((1r,3r)-3-(6-cyclopropylpyridine-3-carboxamido)-3-methylcyclobutyl)-3-(furan-2-yl)but-2-enamide",,CC(=CC(=O)N[C@H]1C[C@](C)(NC(=O)c2ccc(C3CC3)nc2)C1)c1ccco1,
19069,CC(C)(C)NC(=O)C(=O)N1C[C@H]2[C@@H](C1)[C@@H]2C(=O)N1CCC[C@@H]1c1cccc(Br)c1,,,CC(C)(C)NC(=O)C(=O)N1C[C@@H]2C(C(=O)N3CCC[C@@H]3c3cccc(Br)c3)[C@@H]2C1,
19085,CNC(=O)C[C@@H](C)NC(=O)[C@@H]1C[C@@H](C)CN1C(=O)[C@@H]1C[C@@H]2CC[C@@H]2C1,,,CNC(=O)C[C@@H](C)NC(=O)C1C[C@@H](C)CN1C(=O)C1C[C@H]2CC[C@H]2C1,
19095,CC1(C(=O)N[C@@H]2C[C@@H]3CC[C@H](C2)N3C(=O)CCCCc2cnn[nH]2)COC1,,,CC1(C(=O)N[C@H]2C[C@H]3CC[C@@H](C2)N3C(=O)CCCCc2c[nH]nn2)COC1,
19106,CO[C@H](C)CCC(=O)N[C@H]1C[C@](C)(NC(=O)COCc2nccn2C)C1,"(4R)-4-methoxy-N-((1r,3R)-3-methyl-3-(2-(((1-methyl-1H-imidazol-2-yl)methyl)oxy)acetamido)cyclobutyl)pentanamide",,CO[C@H](C)CCC(=O)N[C@H]1C[C@](C)(NC(=O)COCc2nccn2C)C1,
19117,CN(C(=O)Cc1cncn1C)[C@H]1C[C@@H]2CC[C@H](C1)N2C(=O)COCC1CCCC1,,,CN(C(=O)Cc1cncn1C)[C@@H]1C[C@H]2CC[C@@H](C1)N2C(=O)COCC1CCCC1,
19145,O=C(C[C@H]1CN(C(=O)CN2C(=O)CCC2=O)CCO1)N[C@H]1C[C@@H]2CCC[C@@H]2C1,,,O=C(C[C@H]1CN(C(=O)Cn2c(O)ccc2O)CCO1)N[C@@H]1C[C@H]2CCC[C@H]2C1,
19151,CC[C@@H]1CCN(C(=O)[C@@H]2[C@H]3CN(C(=O)[C@H](C)N4CCOC4=O)C[C@H]32)CCO1,"3-((2S)-1-((1R,5S,6S)-6-(((7R)-7-ethyl-1,4-oxazepan-4-yl)carbonyl)-3-azabicyclo[3.1.0]hexan-3-yl)-1-oxopropan-2-yl)-1,3-oxazolidin-2-one",,CC[C@@H]1CCN(C(=O)C2[C@H]3CN(C(=O)C(C)N4CCOC4=O)C[C@@H]23)CCO1,
19179,CN1C(=O)NC[C@H]1C(=O)NC[C@]1(F)C[C@H](CNC(=O)[C@@H]2CCCS(=O)(=O)C2)C1,"(4S)-N-(((1S,3S)-3-(((3S)-1,1-dioxo-1lambda^6-thiane-3-carboxamido)methyl)-1-fluorocyclobutyl)methyl)-3-methyl-2-oxoimidazolidine-4-carboxamide",,CN1C(=O)NCC1C(=O)NC[C@]1(F)C[C@H](CNC(=O)C2CCCS(=O)(=O)C2)C1,
19363,CC(C)(C)C(=O)NCCCC(=O)N1CC[C@]2(CCCN2C(=O)[C@@H]2C[C@@H]3C[C@@H]3C2)C1,,,CC(C)(C)C(=O)NCCCC(=O)N1CC[C@]2(CCCN2C(=O)C2C[C@@H]3C[C@@H]3C2)C1,
19403,C[C@@H](C(=O)N(C)[C@H]1C[C@@H]2CC[C@H](C1)N2C(=O)C(=O)c1cccn1C)n1cccn1,,,CC(C(=O)N(C)[C@@H]1C[C@H]2CC[C@@H](C1)N2C(=O)C(=O)c1cccn1C)n1cccn1,
19405,Cc1cnn([C@@H](C)C(=O)N[C@H]2C[C@](F)(CNC(=O)[C@H]3CCCC(=O)N3)C2)c1,"(2S)-N-((1S,3R)-3-fluoro-3-(((2R)-6-oxopiperidine-2-carboxamido)methyl)cyclobutyl)-2-(4-methyl-1H-pyrazol-1-yl)propanamide",,Cc1cnn(C(C)C(=O)N[C@H]2C[C@](F)(CNC(=O)C3CCCC(=O)N3)C2)c1,
19501,CN1C(=O)C[C@H](CNC(=O)[C@H]2C[C@@](C)(NC(=O)C=Cc3cncs3)C2)C1=O,"(1s,3S)-3-methyl-N-(((3R)-1-methyl-2,5-dioxopyrrolidin-3-yl)methyl)-3-(3-(1,3-thiazol-5-yl)prop-2-enamido)cyclobutanecarboxamide",,Cn1c(O)cc(CNC(=O)C2CC(C)(NC(=O)C=Cc3cncs3)C2)c1O,
19505,CCCN(C(=O)[C@@H]1[C@@H](C)[C@H]1C)C1CCN(c2nc(C3CC3)ns2)CC1,,,CCCN(C(=O)C1[C@@H](C)[C@H]1C)C1CCN(c2nc(C3CC3)ns2)CC1,
19578,C[C@@H]1[C@H](C(=O)N[C@@H]2CN(C(=O)Cn3cc(Br)cn3)C[C@@H]2N=[N+]=[N-])[C@@H]1C,,,C[C@@H]1C(C(=O)N[C@@H]2CN(C(=O)Cn3cc(Br)cn3)C[C@@H]2N=[N+]=[N-])[C@@H]1C,
19716,Cc1noc(C)c1C(=O)N1C[C@H]2[C@H](NC(=O)C(C)(C)C(C)C)[C@H]2C1,,,Cc1noc(C)c1C(=O)N1C[C@@H]2[C@H](C1)[C@H]2NC(=O)C(C)(C)C(C)C,
19735,O=C(c1cccc(CN2C[C@@H]3CC[C@H](C2)[C@@H]3O)c1)N1CC[C@@H](CO)C1,"(3-(((1R,5S,8R)-8-hydroxy-3-azabicyclo[3.2.1]octan-3-yl)methyl)phenyl)((3R)-3-(hydroxymethyl)pyrrolidin-1-yl)methanone",,O=C(c1cccc(CN2C[C@H]3CC[C@@H](C2)[C@H]3O)c1)N1CC[C@@H](CO)C1,
19760,CN(C(=O)[C@H]1C[C@@H]2CC[C@@H]2C1)[C@H]1C[C@@H](NC(=O)C[C@@H]2SC(=N)NC2=O)C1,,,CN(C(=O)C1C[C@H]2CC[C@H]2C1)[C@H]1C[C@@H](NC(=O)Cc2sc(=N)[nH]c2O)C1,
19767,COC(C)(C)CCC(=O)N1CCC2(CC1)CN(C(=O)[C@H]1C[C@@H]3OC(=O)O[C@@H]3C1)C2,,,COC(C)(C)CCC(=O)N1CCC2(CC1)CN(C(=O)C1C[C@@H]3OC(=O)O[C@@H]3C1)C2,
19792,COC[C@H](C)C(=O)N[C@]1(C)C[C@H](NC(=O)C[C@H](C)c2ccc(F)c(F)c2)C1,"(3S)-3-(3,4-difluorophenyl)-N-((1R,3R)-3-((2S)-3-methoxy-2-methylpropanamido)-3-methylcyclobutyl)butanamide",,COCC(C)C(=O)N[C@]1(C)C[C@H](NC(=O)C[C@H](C)c2ccc(F)c(F)c2)C1,
19971,C[C@H]1CC[C@@H](NC(=O)c2ccn3ncnc3c2)CN1C(=O)[C@H]1C[C@H]2[C@@H](C1)C2(F)F,,,C[C@H]1CC[C@@H](NC(=O)c2ccn3ncnc3c2)CN1C(=O)C1C[C@@H]2[C@H](C1)C2(F)F,
19997,C[C@]1(NC(=O)[C@H]2CN3CCCN2CC3)C[C@@H](NC(=O)C2(c3cccnc3)CC2)C1,"(6R)-N-((1s,3S)-1-methyl-3-(1-(pyridin-3-yl)cyclopropanecarboxamido)cyclobutyl)-1,5-diazabicyclo[3.2.2]nonane-6-carboxamide",,C[C@]1(NC(=O)C2CN3CCCN2CC3)C[C@@H](NC(=O)C2(c3cccnc3)CC2)C1,
20001,C#C[C@]1(O)C[C@@H](C(=O)NCC2CC(O)(CNC(=O)[C@H]3CC34CCCC4)C2)C1,"(1S)-N-((3-(((1s,3R)-3-ethynyl-3-hydroxycyclobutanecarboxamido)methyl)-1-hydroxycyclobutyl)methyl)spiro[2.4]heptane-1-carboxamide",,C#CC1(O)CC(C(=O)NCC2CC(O)(CNC(=O)C3CC34CCCC4)C2)C1,
20080,CN1c2ccccc2C[C@@H]1C(=O)N1C[C@H]2[C@H](CNC(=O)[C@@H](F)C3CCC3)[C@H]2C1,"(2S)-2-cyclobutyl-2-fluoro-N-(((1R,5S,6R)-3-(((2R)-1-methylindolin-2-yl)carbonyl)-3-azabicyclo[3.1.0]hexan-6-yl)methyl)acetamide",,CN1c2ccccc2CC1C(=O)N1C[C@@H]2[C@@H](CNC(=O)C(F)C3CCC3)[C@@H]2C1,
20096,O=C(NC[C@@H]1C[C@H]1CNC(=O)[C@H]1C[C@](F)(CO)C1)c1c(C2CC2)nc2sccn12,"7-cyclopropyl-N-(((1R,2R)-2-(((1s,3S)-3-fluoro-3-(hydroxymethyl)cyclobutanecarboxamido)methyl)cyclopropyl)methyl)-2-thia-5,8-diazabicyclo[3.3.0]octa-1(8),3,6-triene-6-carboxamide",,O=C(NC[C@@H]1C[C@H]1CNC(=O)C1CC(F)(CO)C1)c1c(C2CC2)nc2sccn12,
20114,CCOc1cnc(C(=O)N2C[C@H]3[C@H](NC(=O)CN4CCC(O)CC4)[C@H]3C2)c(Cl)c1,,,CCOc1cnc(C(=O)N2C[C@@H]3[C@H](C2)[C@H]3NC(=O)CN2CCC(O)CC2)c(Cl)c1,
20140,CC(C)C(=O)N1CCC(C2CN(C(=O)[C@@H]3[C@H]4CN(C)C[C@H]43)C2)CC1,,,CC(C)C(=O)N1CCC(C2CN(C(=O)C3[C@H]4CN(C)C[C@@H]34)C2)CC1,
20156,O=C1C[C@H](C(=O)N[C@@H](Cc2cn[nH]c2)C(=O)N2C[C@H]3C[C@@H](O)C[C@H]3C2)CN1,"(3S)-N-((2S)-1-((1R,5S,7S)-7-hydroxy-3-azabicyclo[3.3.0]octan-3-yl)-1-oxo-3-(1H-pyrazol-4-yl)propan-2-yl)-5-oxopyrrolidine-3-carboxamide",,O=C1CC(C(=O)NC(Cc2cn[nH]c2)C(=O)N2C[C@H]3C[C@@H](O)C[C@H]3C2)CN1,
20183,C=C1C[C@H]1C(=O)N1[C@H]2CC[C@@H]1C[C@@H](CNc1cc(=O)n(C)c(O)n1)C2,"2-hydroxy-3-methyl-6-((((1R,3S,5S)-8-(((1R)-2-methylidenecyclopropyl)carbonyl)-8-azabicyclo[3.2.1]octan-3-yl)methyl)amino)pyrimidin-4(3H)-one",,C=C1CC1C(=O)N1[C@@H]2CC[C@H]1C[C@H](CNc1cc(=O)n(C)c(=O)[nH]1)C2,
20220,CO[C@H](C)CNC(=O)[C@@H]1CCN(C(=O)[C@@H]2[C@H]3CC(=O)C[C@H]32)C1(C)C,,,CO[C@H](C)CNC(=O)C1CCN(C(=O)C2[C@H]3CC(=O)C[C@@H]23)C1(C)C,
20222,O=C(N[C@]1(C(=O)NC[C@@H]2[C@H]3CCC[C@H]32)CCSC1)[C@H]1C[C@@H]2CCC[C@@H]2C1,,,O=C(N[C@]1(C(=O)NC[C@H]2[C@@H]3CCC[C@@H]32)CCSC1)C1C[C@H]2CCC[C@H]2C1,
20232,CCOC(=O)[C@H]1C[C@@](F)(C(=O)N(C)C[C@H](C)N(C)C(=O)c2sccc2C)C1,"ethyl (1S,3r)-3-fluoro-3-(methyl((2S)-2-(N-methyl-3-methylthiophene-2-carboxamido)propyl)carbamoyl)cyclobutanecarboxylate",,CCOC(=O)C1CC(F)(C(=O)N(C)C[C@H](C)N(C)C(=O)c2sccc2C)C1,
20242,Cn1c(C(=O)N[C@H]2C[C@]3(CCCCN3C(=O)[C@@H]3CCS(=O)(=O)N3)C2)cnc1O,"N-(5-(((3S)-1,1-dioxo-1lambda^6-1,2-thiazolidin-3-yl)carbonyl)-5-azaspiro[3.5]nonan-2-yl)-2-hydroxy-1-methyl-1H-imidazole-5-carboxamide",O=S1(N[C@@H](CC1)C(=O)N1C2(CC(C2)NC(=O)C2=CN=C(N2C)O)CCCC1)=O,Cn1c(C(=O)N[C@H]2C[C@]3(CCCCN3C(=O)C3CCS(=O)(=O)N3)C2)c[nH]c1=O,Cn1c(C(=O)NC2CC3(CCCCN3C(=O)C3CCS(=O)(=O)N3)C2)c[nH]c1=O
20255,CC(=Cn1ccnn1)C(=O)N[C@H]1[C@@H]2CN(C(=O)C[C@@H](C)C3CC3)C[C@@H]21,"N-((1R,5S,6S)-3-((3R)-3-cyclopropylbutanoyl)-3-azabicyclo[3.1.0]hexan-6-yl)-2-methyl-3-(1H-1,2,3-triazol-1-yl)prop-2-enamide",,CC(=Cn1ccnn1)C(=O)N[C@H]1[C@@H]2CN(C(=O)C[C@@H](C)C3CC3)C[C@@H]21,
20338,O=C(c1ccc2nsnc2c1)N1CCCC[C@@H]1CCNC(=O)[C@H]1C[C@](F)(CO)C1,"(1s,3S)-N-(2-((2R)-1-((2,1,3-benzothiadiazol-5-yl)carbonyl)piperidin-2-yl)ethyl)-3-fluoro-3-(hydroxymethyl)cyclobutanecarboxamide",,O=C(NCC[C@H]1CCCCN1C(=O)c1ccc2nsnc2c1)C1CC(F)(CO)C1,
20364,CN(C)C(=O)CNC(=O)[C@H]1[C@H]2CN(Cc3c(O)ccc(F)c3Br)C[C@H]21,,,CN(C)C(=O)CNC(=O)C1[C@H]2CN(Cc3c(O)ccc(F)c3Br)C[C@@H]12,
20370,C#C[C@]1(O)C[C@@H](C(=O)N2CC[C@@H]3CN(C(=O)CC(F)(F)C(C)C)C[C@@H]32)C1,"1-((1R,5R)-2-(((1s,3S)-3-ethynyl-3-hydroxycyclobutyl)carbonyl)-2,7-diazabicyclo[3.3.0]octan-7-yl)-3,3-difluoro-4-methylpentan-1-one",,C#CC1(O)CC(C(=O)N2CC[C@@H]3CN(C(=O)CC(F)(F)C(C)C)C[C@@H]32)C1,
20371,C#CC1(C(=O)N2C[C@H]3[C@@H](C2)[C@@H]3C(=O)NCC(C)(C)COC)CC1,,,C#CC1(C(=O)N2C[C@@H]3C(C(=O)NCC(C)(C)COC)[C@@H]3C2)CC1,
20432,CCCC[C@H](CC(=O)NCC[S@@](=O)CC)NC(=O)[C@@H]1C[C@@H]2CC[C@@H]2C1,,,CCCC[C@H](CC(=O)NCC[S@@+]([O-])CC)NC(=O)C1C[C@H]2CC[C@H]2C1,
20484,O=C(C[C@H]1CCCC12CC2)NC[C@]1(F)C[C@H](CNC(=O)[C@@H]2CC2(Cl)Cl)C1,"N-(((1S,3R)-3-(((1S)-2,2-dichlorocyclopropanecarboxamido)methyl)-1-fluorocyclobutyl)methyl)-2-((4R)-spiro[2.4]heptan-4-yl)acetamide",,O=C(C[C@H]1CCCC12CC2)NC[C@]1(F)C[C@H](CNC(=O)C2CC2(Cl)Cl)C1,
20645,CC1(C)CC[C@H](C(=O)NC[C@]2(C)C[C@@H]3C[C@@H]3C2)CN1C(=O)[C@@]12C=C[C@@H](CC1)C2,,,CC1(C)CCC(C(=O)NC[C@@]2(C)C[C@H]3C[C@H]3C2)CN1C(=O)[C@@]12C=C[C@@H](CC1)C2,
20704,C#CCC[C@@H](O)C(=O)NC[C@@H]1C[C@@H]2CC[C@H](C1)N2C(=O)[C@H](O)C(C)C,"(2R)-2-hydroxy-N-(((1R,3R,5S)-8-((2R)-2-hydroxy-3-methylbutanoyl)-8-azabicyclo[3.2.1]octan-3-yl)methyl)hex-5-ynamide",,C#CCCC(O)C(=O)NC[C@H]1C[C@H]2CC[C@@H](C1)N2C(=O)C(O)C(C)C,
20713,Cc1cc(Cl)c(C(=O)N[C@H]2C[C@@H]3CC[C@H](C2)N3C(=O)c2sc(C)nc2C)cn1,,,Cc1cc(Cl)c(C(=O)N[C@@H]2C[C@H]3CC[C@@H](C2)N3C(=O)c2sc(C)nc2C)cn1,
20757,CC[C@H](Oc1ccccc1)C(=O)N(C)C[C@H]1[C@@H]2CN(C(=O)CSC(F)(F)F)C[C@H]12,,,CCC(Oc1ccccc1)C(=O)N(C)C[C@@H]1[C@H]2CN(C(=O)CSC(F)(F)F)C[C@@H]12,
20787,CCC(=O)N(C)[C@H]1C[C@@H]2CC[C@H](C1)N2C(=O)c1cccn2nncc12,,,CCC(=O)N(C)[C@@H]1C[C@H]2CC[C@@H](C1)N2C(=O)c1cccn2nncc12,
20813,COc1cc(C(=O)N2C[C@H]3[C@H](NC(=O)C[C@@]4(C)CC4(Cl)Cl)[C@H]3C2)ccc1C(N)=O,,,COc1cc(C(=O)N2C[C@@H]3[C@H](C2)[C@H]3NC(=O)C[C@@]2(C)CC2(Cl)Cl)ccc1C(N)=O,
20938,CC=C(C)C(=O)N[C@]1(c2ccccc2)C[C@@H](NC(=O)[C@](C)(CC)C(F)F)C1,"N-((1S,3r)-3-((2S)-2-(difluoromethyl)-2-methylbutanamido)-1-phenylcyclobutyl)-2-methylbut-2-enamide",,CC=C(C)C(=O)N[C@]1(c2ccccc2)C[C@@H](NC(=O)[C@](C)(CC)C(F)F)C1,
20973,CC(C)c1cc(N2C[C@@H](F)C[C@H]2CNC(=O)[C@@H]2C[C@H](C)O[C@H](C)C2)ncn1,,,CC(C)c1cc(N2C[C@@H](F)C[C@H]2CNC(=O)C2C[C@@H](C)O[C@@H](C)C2)ncn1,
21017,CN1CCC(=CC(=O)NC[C@]2(F)C[C@@H](NC(=O)Cc3ccc(O)nc3)C2)C1,"N-(((1s,3s)-1-fluoro-3-(2-(6-hydroxypyridin-3-yl)acetamido)cyclobutyl)methyl)-2-(1-methylpyrrolidin-3-ylidene)acetamide",,CN1CCC(=CC(=O)NC[C@]2(F)C[C@@H](NC(=O)Cc3ccc(=O)[nH]c3)C2)C1,
21087,O=C(NC[C@]1(O)C[C@@H]2CC[C@H](C1)N2C(=O)CC(F)F)c1cccc[n+]1[O-],,,O=C(NC[C@@]1(O)C[C@H]2CC[C@@H](C1)N2C(=O)CC(F)F)c1cccc[n+]1[O-],
21132,COCC1(C(=O)N2[C@H]3CC[C@@H]2C[C@@H](CNC(=O)C[C@@H]2CCC(C)(C)CO2)C3)CC1,,,COCC1(C(=O)N2[C@@H]3CC[C@H]2C[C@H](CNC(=O)C[C@@H]2CCC(C)(C)CO2)C3)CC1,
21172,CO[C@]1(C(F)F)C[C@H](C(=O)NCCN(C(=O)C2=CC[C@H](C)CC2)C2CC2)C1,"(4R)-N-cyclopropyl-N-(2-((1s,3S)-3-(difluoromethyl)-3-methoxycyclobutanecarboxamido)ethyl)-4-methylcyclohex-1-ene-1-carboxamide",,COC1(C(F)F)CC(C(=O)NCCN(C(=O)C2=CC[C@H](C)CC2)C2CC2)C1,
21193,CC#CCCCC(=O)N1CCC[C@@]2(CC[C@H]2NC(=O)[C@@H]2[C@H]3[C@@H]4CC[C@@H](C4)[C@H]32)C1,,,CC#CCCCC(=O)N1CCC[C@@]2(CC[C@H]2NC(=O)C2[C@@H]3[C@H]4CC[C@H](C4)[C@H]23)C1,
21201,CC1CCC(=CC(=O)N[C@H]2CC[C@]3(CC2)CN(C(=O)c2ccno2)CCO3)CC1,"2-(4-methylcyclohexylidene)-N-(4-((1,2-oxazol-5-yl)carbonyl)-1-oxa-4-azaspiro[5.5]undecan-9-yl)acetamide",CC1CCC(CC1)=CC(=O)NC1CCC2(CN(CCO2)C(=O)C2=CC=NO2)CC1,CC1CCC(=CC(=O)N[C@H]2CC[C@]3(CC2)CN(C(=O)c2ccno2)CCO3)CC1,CC1CCC(=CC(=O)NC2CCC3(CC2)CN(C(=O)c2ccno2)CCO3)CC1
21262,C[C@H]1COC[C@@H](C(=O)N[C@]2(C(=O)N3CC[C@]4(CO[C@H](C)C4)C3)C[C@H](O)C2)O1,"(2S,6S)-N-((1s,3R)-3-hydroxy-1-(((3R,5R)-3-methyl-2-oxa-7-azaspiro[4.4]nonan-7-yl)carbonyl)cyclobutyl)-6-methyl-1,4-dioxane-2-carboxamide",,C[C@@H]1C[C@@]2(CCN(C(=O)[C@]3(NC(=O)C4COC[C@H](C)O4)C[C@@H](O)C3)C2)CO1,
21282,CCc1cn2c(n1)CC[C@@H](C(=O)N[C@H]1C[C@](F)(CN=c3cc[nH]c(C#N)n3)C1)C2,"(6R)-N-((1s,3S)-3-(((2-cyano-1H-pyrimidin-4-ylidene)amino)methyl)-3-fluorocyclobutyl)-2-ethyl-5,6,7,8-tetrahydroimidazo[1,2-a]pyridine-6-carboxamide",,CCc1cn2c(n1)CCC(C(=O)N[C@H]1C[C@](F)(CNc3ccnc(C#N)n3)C1)C2,
21284,O=C(N[C@@H]1[C@H]2[C@H]3CC[C@@H](C3)[C@H]21)C1=C(F)CN(C(=O)C2=CCSC2)CC1,"1-((2,5-dihydrothiophen-3-yl)carbonyl)-5-fluoro-N-((1S,2S,3S,4R,5S)-tricyclo[3.2.1.0^{2,4}]octan-3-yl)-1,2,3,6-tetrahydropyridine-4-carboxamide",,O=C(N[C@@H]1[C@H]2[C@H]3CC[C@@H](C3)[C@@H]12)C1=C(F)CN(C(=O)C2=CCSC2)CC1,
21285,C[C@H]1[C@@H](C)[C@@H]1C(=O)NC[C@H]1CN(C(=O)c2coc(OCC(F)(F)F)n2)CC1(C)C,,,C[C@@H]1C(C(=O)NC[C@H]2CN(C(=O)c3coc(OCC(F)(F)F)n3)CC2(C)C)[C@@H]1C,
21295,Cn1nccc1CCC(=O)NC[C@H]1CC[C@@](F)(CNC(=O)C2CC(F)C2)CC1,"N-(((1r,4r)-4-fluoro-4-((3-fluorocyclobutanecarboxamido)methyl)cyclohexyl)methyl)-3-(1-methyl-1H-pyrazol-5-yl)propanamide",,Cn1nccc1CCC(=O)NC[C@H]1CC[C@@](F)(CNC(=O)C2CC(F)C2)CC1,
21327,C#C[C@]1(O)C[C@@H](C(=O)N[C@H](CCC)CC(=O)N[C@@H]2CCCCC[C@H]2CO)C1,"(1s,3S)-3-ethynyl-3-hydroxy-N-((3R)-1-(((1R,2R)-2-(hydroxymethyl)cycloheptyl)amino)-1-oxohexan-3-yl)cyclobutanecarboxamide",,C#CC1(O)CC(C(=O)N[C@H](CCC)CC(=O)N[C@@H]2CCCCC[C@H]2CO)C1,
21375,CC[C@@](C)(C#N)C(=O)NC[C@]1(F)C[C@@H](CNC(=O)c2scc(C)c2C)C1,"(2S)-2-cyano-N-(((1s,3R)-3-((3,4-dimethylthiophene-2-carboxamido)methyl)-1-fluorocyclobutyl)methyl)-2-methylbutanamide",,CC[C@@](C)(C#N)C(=O)NC[C@]1(F)C[C@@H](CNC(=O)c2scc(C)c2C)C1,
21386,COc1cc(C(=O)N[C@H]2C[C@@](C)(NC(=O)C[C@@H]3CC34CC4)C2)ncn1,"6-methoxy-N-((1R,3s)-3-methyl-3-(2-((1S)-spiro[2.2]pentan-1-yl)acetamido)cyclobutyl)pyrimidine-4-carboxamide",,COc1cc(C(=O)N[C@H]2C[C@@](C)(NC(=O)C[C@@H]3CC34CC4)C2)ncn1,
21421,CC[C@]1(C(=O)NC[C@H](CC(C)C)NC(=O)CC[C@H]2CC2(Cl)Cl)CC[C@@H](O)CC1,"(1s,4R)-N-((2S)-2-(3-((1S)-2,2-dichlorocyclopropyl)propanamido)-4-methylpentyl)-1-ethyl-4-hydroxycyclohexanecarboxamide",,CC[C@]1(C(=O)NC[C@H](CC(C)C)NC(=O)CC[C@H]2CC2(Cl)Cl)CC[C@@H](O)CC1,
21449,CC(C)(CCCNC(=O)C[C@@H]1C[C@H]2C[C@H]2C1)C(=O)NC[C@@]1(C)CC1(F)F,,,CC(C)(CCCNC(=O)C[C@H]1C[C@@H]2C[C@@H]2C1)C(=O)NC[C@@]1(C)CC1(F)F,
21450,NC(=O)C(=O)N1C[C@@H]2[C@H](C(=O)Nc3cccc([N+](=O)[O-])c3F)[C@@H]2C1,,,NC(=O)C(=O)N1C[C@@H]2C(C(=O)Nc3cccc([N+](=O)[O-])c3F)[C@@H]2C1,
21465,O=NN1CCC[C@H]1C(=O)N1CC(OCCNC(=O)[C@H]2C[C@@H]3CC[C@H](C2)S3(=O)=O)C1,,,O=NN1CCCC1C(=O)N1CC(OCCNC(=O)C2C[C@H]3CC[C@@H](C2)S3(=O)=O)C1,
21522,CC(C)N1CC(C(=O)N2C[C@H]3[C@H](NC(=O)C4(C#N)CC=CC4)[C@H]3C2)C1,,,CC(C)N1CC(C(=O)N2C[C@@H]3[C@H](C2)[C@H]3NC(=O)C2(C#N)CC=CC2)C1,
21536,CC1=C(C(=O)NC[C@]2(F)C[C@H](NC(=O)[C@H]3CCNC(=O)C3)C2)CCCO1,"(4S)-N-((1r,3S)-3-fluoro-3-((6-methyl-3,4-dihydro-2H-pyran-5-carboxamido)methyl)cyclobutyl)-2-oxopiperidine-4-carboxamide",,CC1=C(C(=O)NC[C@]2(F)C[C@H](NC(=O)C3CCNC(=O)C3)C2)CCCO1,
21544,C#CCC1(C(=O)N2C[C@H]3[C@H](NC(=O)c4cnn5cccc5c4)[C@H]3C2)CCCCC1,,,C#CCC1(C(=O)N2C[C@@H]3[C@H](C2)[C@H]3NC(=O)c2cnn3cccc3c2)CCCCC1,
21605,CCCCCC[C@H](N[C@@H]1[C@H]2CCCC[C@H]21)c1nnnn1CCC(=O)OCC,,,CCCCCC[C@H](N[C@H]1[C@@H]2CCCC[C@@H]21)c1nnnn1CCC(=O)OCC,
21682,C[C@@H]1[C@H](C(=O)N[C@@H]2C[C@H]3CN(C(=O)c4cccn4C)C[C@@H]32)[C@@H]1C,,,C[C@@H]1C(C(=O)N[C@@H]2C[C@H]3CN(C(=O)c4cccn4C)C[C@@H]32)[C@@H]1C,
21697,CC(C)CC[C@@H](O)C(=O)N1C[C@H]2[C@H](CN(C)C(=O)c3ccn(C)c3)[C@H]2C1,"N-(((1R,5S,6R)-3-((2R)-2-hydroxy-5-methylhexanoyl)-3-azabicyclo[3.1.0]hexan-6-yl)methyl)-N,1-dimethyl-1H-pyrrole-3-carboxamide",,CC(C)CCC(O)C(=O)N1C[C@@H]2[C@@H](CN(C)C(=O)c3ccn(C)c3)[C@@H]2C1,
21698,CC(=O)N(C)CCCC(=O)N1[C@H]2CC[C@@H]1C[C@@H](NC(=O)CCc1nc(=N)[nH][nH]1)C2,,,CC(=O)N(C)CCCC(=O)N1[C@@H]2CC[C@H]1C[C@H](NC(=O)CCc1n[nH]c(N)n1)C2,
21797,Cc1cn(C)cc1C(=O)N1CCC[C@@H]1CC(=O)N1CC[C@]12CC[C@H](C)CC2,"2-((2R)-1-((1,4-dimethyl-1H-pyrrol-3-yl)carbonyl)pyrrolidin-2-yl)-1-(7-methyl-1-azaspiro[3.5]nonan-1-yl)ethan-1-one",CN1C=C(C(=C1)C)C(=O)N1[C@H](CCC1)CC(=O)N1CCC12CCC(CC2)C,Cc1cn(C)cc1C(=O)N1CCC[C@@H]1CC(=O)N1CC[C@]12CC[C@H](C)CC2,Cc1cn(C)cc1C(=O)N1CCC[C@@H]1CC(=O)N1CCC12CCC(C)CC2
21870,Cc1ncn(O)c1C(=O)N1C[C@H]2[C@H](NC(=O)C(=O)N3CC[C@H](C)C3)[C@H]2C1,,,Cc1ncn(O)c1C(=O)N1C[C@@H]2[C@H](C1)[C@H]2NC(=O)C(=O)N1CC[C@H](C)C1,
21888,C[C@H](CC(=O)NC[C@H]1C[C@@](F)(CNC(=O)[C@H]2CC[C@H]2c2nncn2C)C1)C(F)F,"(3R)-4,4-difluoro-N-(((1S,3R)-3-fluoro-3-(((1S,2R)-2-(4-methyl-4H-1,2,4-triazol-3-yl)cyclobutanecarboxamido)methyl)cyclobutyl)methyl)-3-methylbutanamide",,C[C@H](CC(=O)NC[C@H]1C[C@@](F)(CNC(=O)C2CC[C@H]2c2nncn2C)C1)C(F)F,
21932,C[C@@H](CC1CCCCC1)C(=O)NC[C@]1(F)C[C@H](NC(=O)COCCOCCO)C1,"(2S)-3-cyclohexyl-N-(((1r,3S)-1-fluoro-3-(2-(2-(2-hydroxyethoxy)ethoxy)acetamido)cyclobutyl)methyl)-2-methylpropanamide",,CC(CC1CCCCC1)C(=O)NC[C@]1(F)C[C@H](NC(=O)COCCOCCO)C1,
21945,CC[C@@H]1C[C@H]1CC(=O)N1[C@H]2CC[C@@H]1C[C@@H](NC(=O)c1cc(C(N)=O)c[nH]1)C2,"N-((1R,3R,5S)-8-(2-((1S,2R)-2-ethylcyclopropyl)acetyl)-8-azabicyclo[3.2.1]octan-3-yl)-1H-pyrrole-2,4-dicarboxamide",,CC[C@@H]1C[C@H]1CC(=O)N1[C@@H]2CC[C@H]1C[C@H](NC(=O)c1cc(C(N)=O)c[nH]1)C2,
21967,C=C(Cl)C[C@@H](NC(=O)[C@H]1CCCN(C)C1)C(=O)N1C[C@H]2C[C@@H](O)C[C@H]2C1,"(3S)-N-((2R)-4-chloro-1-((1R,5S,7R)-7-hydroxy-3-azabicyclo[3.3.0]octan-3-yl)-1-oxopent-4-en-2-yl)-1-methylpiperidine-3-carboxamide",,C=C(Cl)CC(NC(=O)C1CCCN(C)C1)C(=O)N1C[C@H]2C[C@@H](O)C[C@H]2C1,
21973,C#CC1(C(=O)N2[C@H]3CC[C@@H]2C[C@@H](NC(=O)CCc2cnn(C)n2)C3)CC1,,,C#CC1(C(=O)N2[C@@H]3CC[C@H]2C[C@H](NC(=O)CCc2cnn(C)n2)C3)CC1,
22040,Cc1[nH]nc(C(=O)N[C@H]2C[C@]3(CCCCN3C(=O)[C@H](CC(C)C)C(N)=O)C2)c1O,N-(5-((2R)-2-carbamoyl-4-methylpentanoyl)-5-azaspiro[3.5]nonan-2-yl)-4-hydroxy-5-methyl-1H-pyrazole-3-carboxamide,C(N)(=O)[C@H](C(=O)N1C2(CC(C2)NC(=O)C2=NNC(=C2O)C)CCCC1)CC(C)C,Cc1[nH]nc(C(=O)N[C@H]2C[C@]3(CCCCN3C(=O)C(CC(C)C)C(N)=O)C2)c1O,Cc1[nH]nc(C(=O)NC2CC3(CCCCN3C(=O)C(CC(C)C)C(N)=O)C2)c1O
22105,CCS(=O)(=O)CC(=O)N1C[C@H]2[C@H](CNC(=O)C[C@@H]3CCC4(CCC4)O3)[C@H]2C1,,,CCS(=O)(=O)CC(=O)N1C[C@@H]2[C@@H](CNC(=O)C[C@@H]3CCC4(CCC4)O3)[C@@H]2C1,
22110,Cc1ccc(CCC(=O)N[C@H]2C[C@@](C)(NC(=O)CC[C@H]3CC3(F)F)C2)o1,"N-((1R,3s)-3-(3-((1S)-2,2-difluorocyclopropyl)propanamido)-3-methylcyclobutyl)-3-(5-methylfuran-2-yl)propanamide",,Cc1ccc(CCC(=O)N[C@H]2C[C@@](C)(NC(=O)CC[C@H]3CC3(F)F)C2)o1,
22161,C[C@H]1CC(NC(=O)[C@H]2C[C@@](C)(NC(=O)C[C@@H]3CSCCO3)C2)C[C@H](C)C1,"(1S,3S)-N-((3R,5R)-3,5-dimethylcyclohexyl)-3-methyl-3-(2-((2R)-1,4-oxathian-2-yl)acetamido)cyclobutanecarboxamide",,C[C@H]1CC(NC(=O)C2CC(C)(NC(=O)C[C@@H]3CSCCO3)C2)C[C@H](C)C1,
22221,CN(C)C(=O)C#CC(=O)N1C[C@H]2[C@H](CNC(=O)C3C[C@@H]4CC[C@H](C3)N4C)[C@H]2C1,,,CN(C)C(=O)C#CC(=O)N1C[C@@H]2[C@@H](CNC(=O)C3C[C@H]4CC[C@@H](C3)N4C)[C@@H]2C1,
22240,CCCCC[C@@H](O)CC(=O)N1C[C@H]2[C@H](NC(=O)c3nc(CC)ncc3Cl)[C@H]2C1,"5-chloro-2-ethyl-N-((1R,5S,6S)-3-((3R)-3-hydroxyoctanoyl)-3-azabicyclo[3.1.0]hexan-6-yl)pyrimidine-4-carboxamide",,CCCCC[C@@H](O)CC(=O)N1C[C@@H]2[C@H](C1)[C@H]2NC(=O)c1nc(CC)ncc1Cl,
22242,Cc1nn(C2CCC2)cc1C(=O)N[C@H](C)[C@H]1CCCN1C(=O)[C@@H]1C[C@@H]2C[C@@H]2C1,,,Cc1nn(C2CCC2)cc1C(=O)N[C@H](C)[C@H]1CCCN1C(=O)C1C[C@@H]2C[C@@H]2C1,
22265,C#CCSCC(=O)N1CCN(CCCCCNC(=O)[C@@H]2[C@@H](C)C[C@H]2C)CC1,,,C#CCSCC(=O)N1CCN(CCCCCNC(=O)C2[C@H](C)C[C@@H]2C)CC1,
22309,CN1[C@H]2CC[C@@H]1C[C@H](N1CCC3(CC1)C[C@@]3(C)C(=O)NCCS(C)(=O)=O)C2,,,CN1[C@@H]2CC[C@H]1C[C@@H](N1CCC3(CC1)C[C@@]3(C)C(=O)NCCS(C)(=O)=O)C2,
22339,CCn1cc(CC(=O)N(C)[C@H]2[C@@H]3CN(C(=O)C=C(C)C4CCCCC4)C[C@@H]32)nn1,,,CCn1cc(CC(=O)N(C)[C@H]2[C@@H]3CN(C(=O)C=C(C)C4CCCCC4)C[C@@H]32)nn1,
22347,CC1(C(=O)NC[C@]2(F)C[C@H](NC(=O)[C@H]3CCCS(=O)(=O)C3)C2)CCCCC1,"(3R)-N-((1r,3R)-3-fluoro-3-((1-methylcyclohexanecarboxamido)methyl)cyclobutyl)-1,1-dioxo-1lambda^6-thiane-3-carboxamide",,CC1(C(=O)NC[C@]2(F)C[C@H](NC(=O)C3CCCS(=O)(=O)C3)C2)CCCCC1,
22364,Cc1cc(C(=O)N2CC(CNC(=O)[C@H]3C[C@@H]4CC[C@@H]4C3)C2)ns1,,,Cc1cc(C(=O)N2CC(CNC(=O)C3C[C@H]4CC[C@H]4C3)C2)ns1,
22397,C[C@H](O)CN(CC1CC1)C(=O)[C@@H]1[C@H]2CN(C(=O)c3cn(C)c(=O)n3C)C[C@H]21,,,C[C@H](O)CN(CC1CC1)C(=O)C1[C@H]2CN(C(=O)c3cn(C)c(=O)n3C)C[C@@H]12,
22407,CC[C@@H](OC)C(=O)NC[C@H]1[C@@H]2CN(C(=O)c3cn(C)c(=O)nc3O)C[C@H]12,,,CCC(OC)C(=O)NC[C@@H]1[C@H]2CN(C(=O)c3cn(C)c(=O)[nH]c3=O)C[C@@H]12,
22415,CCn1ncc(C(=O)N2C[C@@H](C(=O)N[C@@H]3[C@H]4CCCCC[C@H]43)C(F)(F)C2)c1C,,,CCn1ncc(C(=O)N2CC(C(=O)N[C@H]3[C@@H]4CCCCC[C@@H]43)C(F)(F)C2)c1C,
22420,C[C@H](C(=O)NC[C@]1(F)C[C@@H](CNC(=O)CN(C)[C@@H]2CCSC2)C1)C1CCCC1,"(2S)-2-cyclopentyl-N-(((1S,3R)-1-fluoro-3-((2-(methyl((3R)-thiolan-3-yl)amino)acetamido)methyl)cyclobutyl)methyl)propanamide",,CC(C(=O)NC[C@]1(F)C[C@@H](CNC(=O)CN(C)[C@@H]2CCSC2)C1)C1CCCC1,
22443,Cc1nsc(C(=O)N2[C@H]3CC[C@@H]2C[C@@H](NC(=O)c2nnn(C)c2C)C3)c1N,,,Cc1nsc(C(=O)N2[C@@H]3CC[C@H]2C[C@H](NC(=O)c2nnn(C)c2C)C3)c1N,
22548,CC(C)OCCC(=O)N1C[C@H]2[C@H](CNC(=O)c3cc(CC4CC4)on3)[C@H]2C1,,,CC(C)OCCC(=O)N1C[C@@H]2[C@@H](CNC(=O)c3cc(CC4CC4)on3)[C@@H]2C1,
22558,Cc1cnc(C(=O)NC[C@]2(F)C[C@@H](NC(=O)Cn3cnnn3)C2)cc1C,"N-(((1s,3s)-1-fluoro-3-(2-(1H-tetrazol-1-yl)acetamido)cyclobutyl)methyl)-4,5-dimethylpyridine-2-carboxamide",,Cc1cnc(C(=O)NC[C@]2(F)C[C@@H](NC(=O)Cn3cnnn3)C2)cc1C,
22607,C[C@H](NC(=O)[C@]1(c2cc(F)cc(F)c2)C[C@H](O)C1)c1cccc(-n2ccnc2)c1,"(1s,3R)-1-(3,5-difluorophenyl)-3-hydroxy-N-((1S)-1-(3-(1H-imidazol-1-yl)phenyl)ethyl)cyclobutanecarboxamide",,C[C@H](NC(=O)[C@]1(c2cc(F)cc(F)c2)C[C@H](O)C1)c1cccc(-n2ccnc2)c1,
22615,C[C@H]1OCCO[C@H]1C(=O)NC[C@H]1C[C@@H]2CC[C@H](C1)N2C(=O)[C@@H]1[C@H]2CCCCC[C@H]21,,,C[C@H]1OCCOC1C(=O)NC[C@@H]1C[C@H]2CC[C@@H](C1)N2C(=O)C1[C@H]2CCCCC[C@@H]12,
22640,C[C@H]1CCN(C(=O)C(C)(C)c2ncco2)C[C@H]1CNC(=O)[C@H]1C[C@@](C)(O)C1,"(1s,3S)-3-hydroxy-3-methyl-N-(((3R,4S)-4-methyl-1-(2-methyl-2-(1,3-oxazol-2-yl)propanoyl)piperidin-3-yl)methyl)cyclobutanecarboxamide",,C[C@H]1CCN(C(=O)C(C)(C)c2ncco2)C[C@H]1CNC(=O)C1CC(C)(O)C1,
22641,C[C@@]1(C(=O)N[C@H]2CCC[C@H]2NC(=O)c2ccnc(C(F)(F)F)c2F)C[C@@H]2C[C@@H]2C1,,,C[C@]1(C(=O)N[C@H]2CCC[C@H]2NC(=O)c2ccnc(C(F)(F)F)c2F)C[C@H]2C[C@H]2C1,
22704,COCC[C@@H](OC)C(=O)NC[C@H]1[C@@H](C(=O)N2C[C@H]3[C@H](C)[C@H]3C2)C1(C)C,"(2R)-N-(((1S,3R)-2,2-dimethyl-3-(((1R,5S,6S)-6-methyl-3-azabicyclo[3.1.0]hexan-3-yl)carbonyl)cyclopropyl)methyl)-2,4-dimethoxybutanamide",,COCCC(OC)C(=O)NC[C@H]1C(C(=O)N2C[C@@H]3[C@@H](C)[C@@H]3C2)C1(C)C,
22716,CCN(CCNC(=O)[C@@H]1C[C@H](OC)[C@H](OC)C1)C(=O)[C@@H](c1ccccc1)C(C)C,,,CCN(CCNC(=O)C1C[C@H](OC)[C@H](OC)C1)C(=O)C(c1ccccc1)C(C)C,
22803,COC[C@H](C)C(=O)N[C@H]1C[C@](F)(CNC(=O)C(O)(C2CC2)C2CC2)C1,"(2S)-N-((1s,3R)-3-((2,2-dicyclopropyl-2-hydroxyacetamido)methyl)-3-fluorocyclobutyl)-3-methoxy-2-methylpropanamide",,COCC(C)C(=O)N[C@H]1C[C@](F)(CNC(=O)C(O)(C2CC2)C2CC2)C1,
22815,CCN(CCCNC(=O)[C@@H](C)CCCOC)C(=O)[C@]1(C)C[C@@H]2C[C@@H]2C1,,,CCN(CCCNC(=O)C(C)CCCOC)C(=O)[C@@]1(C)C[C@H]2C[C@H]2C1,
22924,CC1(C)CO[C@H](CC(=O)N[C@H]2C[C@@](F)(CNC(=O)CCc3cc(Cl)cs3)C2)CO1,"3-(4-chlorothiophen-2-yl)-N-(((1R,3r)-3-(2-((2R)-5,5-dimethyl-1,4-dioxan-2-yl)acetamido)-1-fluorocyclobutyl)methyl)propanamide",,CC1(C)CO[C@H](CC(=O)N[C@H]2C[C@@](F)(CNC(=O)CCc3cc(Cl)cs3)C2)CO1,
22959,Cc1sccc1CC(=O)N1CCN(C(=O)[C@@H]2C[C@@H]3CC[C@@H]3C2)C[C@H]1C,,,Cc1sccc1CC(=O)N1CCN(C(=O)C2C[C@H]3CC[C@H]3C2)C[C@H]1C,
22974,CCCC1(CNC(=O)[C@@H](F)CC2CN(C(=O)[C@@H]3[C@H]4CCCCC[C@H]43)C2)CCC1,,,CCCC1(CNC(=O)C(F)CC2CN(C(=O)C3[C@H]4CCCCC[C@@H]34)C2)CCC1,
23087,CCO[C@@H]1C[C@H]1C(=O)NC[C@]1(F)CC[C@H](CNC(=O)CCN2CCCC2=O)CC1,"(1R,2R)-2-ethoxy-N-(((1r,4R)-1-fluoro-4-((3-(2-oxopyrrolidin-1-yl)propanamido)methyl)cyclohexyl)methyl)cyclopropanecarboxamide",,CCO[C@@H]1CC1C(=O)NC[C@]1(F)CC[C@H](CNC(=O)CCN2CCCC2=O)CC1,
23166,CCN(C)CCC(=O)NC[C@]1(F)C[C@@H](NC(=O)C2(F)CC3(CCC3)C2)C1,"3-(ethyl(methyl)amino)-N-(((1s,3s)-1-fluoro-3-(2-fluorospiro[3.3]heptane-2-carboxamido)cyclobutyl)methyl)propanamide",,CCN(C)CCC(=O)NC[C@]1(F)C[C@@H](NC(=O)C2(F)CC3(CCC3)C2)C1,
23195,CC[C@@H](C)C[C@@H](C)C(=O)N[C@H]1C[C@]2(CCCCN2C(=O)CCC[N+](=O)[O-])C1,"(2R,4R)-2,4-dimethyl-N-(5-(4-nitrobutanoyl)-5-azaspiro[3.5]nonan-2-yl)hexanamide",C[C@@H](C(=O)NC1CC2(C1)N(CCCC2)C(CCC[N+](=O)[O-])=O)C[C@@H](CC)C,CC[C@@H](C)CC(C)C(=O)N[C@H]1C[C@]2(CCCCN2C(=O)CCC[N+](=O)[O-])C1,CC[C@@H](C)CC(C)C(=O)NC1CC2(CCCCN2C(=O)CCC[N+](=O)[O-])C1
23239,O=C(N[C@@H](CO)c1ccccn1)[C@H]1[C@H]2CN(Cc3cc(Br)cc(I)c3)C[C@H]21,,,O=C(N[C@@H](CO)c1ccccn1)C1[C@H]2CN(Cc3cc(Br)cc(I)c3)C[C@@H]12,
23279,CCC[C@@H](CC)C(=O)NC[C@H]1C[C@](F)(CNC(=O)[C@@H]2CCC2(F)F)C1,"(2R)-N-(((1R,3S)-3-(((1S)-2,2-difluorocyclobutanecarboxamido)methyl)-3-fluorocyclobutyl)methyl)-2-ethylpentanamide",,CCCC(CC)C(=O)NC[C@H]1C[C@](F)(CNC(=O)C2CCC2(F)F)C1,
23290,Cc1n[nH]c(C)c1C(=O)N[C@H]1C[C@@](C)(NC(=O)[C@@H]2CCN(C3CC3)S2(=O)=O)C1,"(5S)-2-cyclopropyl-N-((1s,3R)-3-(3,5-dimethyl-1H-pyrazole-4-carboxamido)-1-methylcyclobutyl)-1,1-dioxo-1lambda^6-1,2-thiazolidine-5-carboxamide",,Cc1n[nH]c(C)c1C(=O)N[C@H]1C[C@@](C)(NC(=O)C2CCN(C3CC3)S2(=O)=O)C1,
23320,Cc1cnc(CN2C[C@H]3[C@@H](C2)[C@@H]3C(=O)NCC2(O)CC2)cc1Br,,,Cc1cnc(CN2C[C@@H]3C(C(=O)NCC4(O)CC4)[C@@H]3C2)cc1Br,
23332,C[C@H]1CCCN(C(=O)C(C)(C)CCCNC(=O)[C@H]2C[C@@H]3CC[C@H](C2)O3)C1,,,C[C@H]1CCCN(C(=O)C(C)(C)CCCNC(=O)C2C[C@H]3CC[C@@H](C2)O3)C1,
23391,Cc1ncc(CC(=O)N(C)C[C@H]2CN(C(=O)[C@H]3C[C@H]4COC[C@H](C4)C3)CCO2)s1,,,Cc1ncc(CC(=O)N(C)C[C@H]2CN(C(=O)C3C[C@H]4COC[C@@H](C3)C4)CCO2)s1,
23397,CCCN(C(=O)[C@H]1C[C@](C)(F)C1)C1CCN(C(=O)c2ccc(=N)[nH]c2)CC1,"(1r,3r)-3-fluoro-N-(1-((6-imino-1,6-dihydropyridin-3-yl)carbonyl)piperidin-4-yl)-3-methyl-N-propylcyclobutanecarboxamide",,CCCN(C(=O)C1CC(C)(F)C1)C1CCN(C(=O)c2ccc(N)nc2)CC1,
23453,CCC(CO)(CO)NC(=O)[C@@H]1[C@H]2CN(S(=O)(=O)Cc3ccc(F)cc3)C[C@H]21,,,CCC(CO)(CO)NC(=O)C1[C@H]2CN(S(=O)(=O)Cc3ccc(F)cc3)C[C@@H]12,
23628,Cc1cc(C(=O)N[C@]2(C)C[C@H](NC(=O)c3nccc(C)c3N)C2)c(F)cc1Cl,"3-amino-N-((1s,3s)-3-(4-chloro-2-fluoro-5-methylbenzamido)-3-methylcyclobutyl)-4-methylpyridine-2-carboxamide",,Cc1cc(C(=O)N[C@]2(C)C[C@H](NC(=O)c3nccc(C)c3N)C2)c(F)cc1Cl,
23751,COC(=O)[C@@](C)(F)C(=O)N[C@H]1C[C@](C)(NC(=O)c2cccn(CC(C)C)c2=O)C1,"methyl (2S)-2-fluoro-2-(((1r,3S)-3-methyl-3-(1-(2-methylpropyl)-2-oxo-1,2-dihydropyridine-3-carboxamido)cyclobutyl)carbamoyl)propanoate",,COC(=O)[C@@](C)(F)C(=O)N[C@H]1C[C@](C)(NC(=O)c2cccn(CC(C)C)c2=O)C1,
23774,Cc1nonc1CC(=O)NC[C@]1(F)C[C@@H](NC(=O)CN(C)C(=O)C2CC2)C1,"N-(((1s,3s)-1-fluoro-3-(2-(N-methylcyclopropanecarboxamido)acetamido)cyclobutyl)methyl)-2-(4-methyl-1,2,5-oxadiazol-3-yl)acetamide",,Cc1nonc1CC(=O)NC[C@]1(F)C[C@@H](NC(=O)CN(C)C(=O)C2CC2)C1,
23848,COC[C@]1(NC(=O)c2ncnc3c2ccn3C)CCCN(C(=O)[C@H]2[C@@H](C)[C@H]2C)C1,,,COC[C@]1(NC(=O)c2ncnc3c2ccn3C)CCCN(C(=O)C2[C@@H](C)[C@H]2C)C1,
23861,Cn1c(C(=O)N[C@]2(C)C[C@@H](NC(=O)CC(C)(F)F)C2)cc2cc(Cl)ccc21,"5-chloro-N-((1r,3r)-3-(3,3-difluorobutanamido)-1-methylcyclobutyl)-1-methyl-1H-indole-2-carboxamide",,Cn1c(C(=O)N[C@]2(C)C[C@@H](NC(=O)CC(C)(F)F)C2)cc2cc(Cl)ccc21,
23913,CC(C)C[C@@H](C)C(=O)NC[C@H]1[C@@H]2CN(C(=O)/C=C(/F)c3ccccc3)C[C@H]12,,,CC(C)CC(C)C(=O)NC[C@@H]1[C@H]2CN(C(=O)/C=C(/F)c3ccccc3)C[C@@H]12,
24048,CCN1CCO[C@@H](C(=O)N2[C@H]3CC[C@@H]2C[C@H](CNC(=O)Cc2coc(C)n2)C3)C1,"N-(((1R,3R,5S)-8-(((2R)-4-ethylmorpholin-2-yl)carbonyl)-8-azabicyclo[3.2.1]octan-3-yl)methyl)-2-(2-methyl-1,3-oxazol-4-yl)acetamide",,CCN1CCOC(C(=O)N2[C@@H]3CC[C@H]2C[C@@H](CNC(=O)Cc2coc(C)n2)C3)C1,
24051,COC(=O)C(CNC[C@@H]1[C@H]2CCCCC[C@H]21)C(=O)OC,,,COC(=O)C(CNC[C@H]1[C@@H]2CCCCC[C@@H]21)C(=O)OC,
24070,O=C(Cc1cncs1)N[C@H]1C[C@@](NC(=O)Cn2cnnc2O)(c2ccccc2)C1,"N-((1r,3r)-3-(2-(3-hydroxy-4H-1,2,4-triazol-4-yl)acetamido)-3-phenylcyclobutyl)-2-(1,3-thiazol-5-yl)acetamide",,O=C(Cc1cncs1)N[C@H]1C[C@@](NC(=O)Cn2cn[nH]c2=O)(c2ccccc2)C1,
24125,O=C1C[C@H]2CN(C(=O)[C@@H]3[C@H]4CN(C(=O)Cc5cc(F)cc(F)c5)C[C@H]43)C[C@H]2N1,,,O=C1C[C@H]2CN(C(=O)C3[C@H]4CN(C(=O)Cc5cc(F)cc(F)c5)C[C@@H]34)C[C@H]2N1,
24229,CN(C[C@H]1[C@@H]2CN(C(=O)CC3=CCCC3)C[C@H]12)C(=O)c1cn(C)c(O)n1,,,CN(C[C@@H]1[C@H]2CN(C(=O)CC3=CCCC3)C[C@@H]12)C(=O)c1cn(C)c(=O)[nH]1,
24297,Cc1oc(C)c(C(=O)N2C[C@H](C)[C@@H](CCNC(=O)[C@H]3C[C@@H]4C[C@@H]4C3)C2)c1C,,,Cc1oc(C)c(C(=O)N2C[C@H](CCNC(=O)C3C[C@@H]4C[C@@H]4C3)[C@@H](C)C2)c1C,
24319,CCO[C@H](C)C(=O)NC[C@]1(F)C[C@H](NC(=O)c2cc(C)ncn2)C1,"(2R)-2-ethoxy-N-(((1r,3R)-1-fluoro-3-(6-methylpyrimidine-4-carboxamido)cyclobutyl)methyl)propanamide",,CCOC(C)C(=O)NC[C@]1(F)C[C@H](NC(=O)c2cc(C)ncn2)C1,
24390,Cc1nn(C)cc1[C@@H](O)C(=O)N1C[C@H]2[C@H](NC(=O)[C@H](C)N(C)C)[C@H]2C1,"(2S)-N-((1R,5S,6S)-3-((2R)-2-(1,3-dimethyl-1H-pyrazol-4-yl)-2-hydroxyacetyl)-3-azabicyclo[3.1.0]hexan-6-yl)-2-(dimethylamino)propanamide",,Cc1nn(C)cc1C(O)C(=O)N1C[C@@H]2[C@H](C1)[C@H]2NC(=O)C(C)N(C)C,
24438,C=CCC(C)(C)C(=O)N[C@H]1[C@@H]2CN(C(=O)Cc3cc(-c4ccco4)on3)C[C@@H]21,,,C=CCC(C)(C)C(=O)N[C@H]1[C@@H]2CN(C(=O)Cc3cc(-c4ccco4)on3)C[C@@H]21,
24590,O=C(C[C@H]1C[C@H](F)CN1C(=O)[C@@H]1C[C@@H]2CC[C@@H]2C1)N1C[C@H](F)[C@@H](F)C1,,,O=C(C[C@H]1C[C@H](F)CN1C(=O)C1C[C@H]2CC[C@H]2C1)N1C[C@H](F)[C@@H](F)C1,
24633,Cc1cccc(Br)c1[C@H](NC(=O)[C@H]1C[C@@H]2C[C@@H]2C1)C(=O)N[C@H]1C=CC(C)(C)CC1,,,Cc1cccc(Br)c1C(NC(=O)C1C[C@@H]2C[C@@H]2C1)C(=O)N[C@H]1C=CC(C)(C)CC1,
24638,CC1(C)CCC[C@H](NC(=O)[C@@H]2COCC[C@@H]2NC(=O)[C@@H]2C[C@@H]3CC[C@@H]3C2)C1,,,CC1(C)CCC[C@H](NC(=O)C2COCC[C@@H]2NC(=O)C2C[C@H]3CC[C@H]3C2)C1,
24686,CC[C@H](CC(=O)N[C@@H](C)CNC(=O)[C@@H]1[C@H]2CCCCC[C@H]21)NC(=O)OC(C)(C)C,,,CC[C@H](CC(=O)N[C@@H](C)CNC(=O)C1[C@H]2CCCCC[C@@H]12)NC(=O)OC(C)(C)C,
24724,CCS(=O)(=O)NCCC(=O)N1C[C@H]2[C@H](CN(C)C(=O)c3ccccc3SC)[C@H]2C1,,,CCS(=O)(=O)NCCC(=O)N1C[C@@H]2[C@@H](CN(C)C(=O)c3ccccc3SC)[C@@H]2C1,
24738,Cn1nc(C(F)F)cc1C(=O)N1[C@H]2CC[C@@H]1C[C@H](NC(=O)[C@H](O)CC[S+](C)C)C2,,,Cn1nc(C(F)F)cc1C(=O)N1[C@@H]2CC[C@H]1C[C@@H](NC(=O)C(O)CC[S+](C)C)C2,
24748,CC(C)=C(Br)C(=O)NC[C@H]1C=C[C@@H](NC(=O)[C@@H]2CC[C@H]3C[C@H]3CC2)C1,,,CC(C)=C(Br)C(=O)NC[C@H]1C=C[C@@H](NC(=O)C2CC[C@@H]3C[C@@H]3CC2)C1,
24749,CC(C)c1ncncc1C(=O)N1C[C@H]2[C@H](N(C)C(=O)CSc3cccs3)[C@H]2C1,,,CC(C)c1ncncc1C(=O)N1C[C@@H]2[C@H](C1)[C@H]2N(C)C(=O)CSc1cccs1,
24781,Cc1ccccc1C[C@@H](C)C(=O)N[C@H]1C[C@](C)(NC(=O)[C@@H](CC(C)C)N(C)C)C1,"(2R)-2-(dimethylamino)-4-methyl-N-((1R,3R)-1-methyl-3-((2R)-2-methyl-3-(2-methylphenyl)propanamido)cyclobutyl)pentanamide",,Cc1ccccc1CC(C)C(=O)N[C@H]1C[C@](C)(NC(=O)C(CC(C)C)N(C)C)C1,
24823,CC1(C)C(CC(=O)N[C@H]2[C@@H]3CN(C(=O)c4cccc(CF)c4)C[C@@H]32)C1(C)C,,,CC1(C)C(CC(=O)N[C@H]2[C@@H]3CN(C(=O)c4cccc(CF)c4)C[C@@H]32)C1(C)C,
24845,O=C(N[C@H]1C[C@](O)(C2CCN(C(=O)c3csnn3)CC2)C1)C1CC2(C1)CC21CC1,"N-((1s,3s)-3-hydroxy-3-(1-((1,2,3-thiadiazol-4-yl)carbonyl)piperidin-4-yl)cyclobutyl)dispiro[2.0.3.1]octane-6-carboxamide",,O=C(N[C@H]1C[C@](O)(C2CCN(C(=O)c3csnn3)CC2)C1)C1CC2(C1)CC21CC1,
24963,C[C@H](C(=O)N[C@H]1C[C@@](C)(NC(=O)c2cnccn2)C1)[C@H]1CCC(=O)N1,"(2S)-N-((1s,3R)-3-methyl-3-(pyrazine-2-carboxamido)cyclobutyl)-2-((2R)-5-oxopyrrolidin-2-yl)propanamide",,CC(C(=O)N[C@H]1C[C@@](C)(NC(=O)c2cnccn2)C1)[C@H]1CCC(=O)N1,
25052,CCC(=O)NCC(=O)N[C@]1(C)C[C@H](C(=O)NCc2cc(CC)on2)C1,"N-(2-(((1s,3s)-3-(((5-ethyl-1,2-oxazol-3-yl)methyl)carbamoyl)-1-methylcyclobutyl)amino)-2-oxoethyl)propanamide",,CCC(=O)NCC(=O)NC1(C)CC(C(=O)NCc2cc(CC)on2)C1,
25068,CCc1cc2c(c(C(=O)N[C@H]3[C@@H]4CN(C(=O)[C@](C)(O)CC(F)F)C[C@@H]43)c1)OCC2,"N-((1R,5S,6S)-3-((2R)-4,4-difluoro-2-hydroxy-2-methylbutanoyl)-3-azabicyclo[3.1.0]hexan-6-yl)-5-ethyl-2,3-dihydro-1-benzofuran-7-carboxamide",,CCc1cc2c(c(C(=O)N[C@H]3[C@@H]4CN(C(=O)[C@](C)(O)CC(F)F)C[C@@H]43)c1)OCC2,
25088,CC1=C(C(=O)N(C)C[C@@H]2CCCCN2C(=O)[C@@H]2CC[C@H]3C[C@H]3CC2)CCS1(=O)=O,,,CC1=C(C(=O)N(C)C[C@@H]2CCCCN2C(=O)C2CC[C@@H]3C[C@@H]3CC2)CCS1(=O)=O,
25114,O=C(NC[C@H]1[C@@H]2CN(C(=O)c3cc(O)ccc3O)C[C@H]12)c1nc(Cl)c(Cl)s1,,,O=C(NC[C@@H]1[C@H]2CN(C(=O)c3cc(O)ccc3O)C[C@@H]12)c1nc(Cl)c(Cl)s1,
25123,FC(F)C1CCN(c2cc(N[C@H]3C[C@@H]4CCC[C@@H]4C3)ncn2)CC1,,,FC(F)C1CCN(c2cc(N[C@@H]3C[C@H]4CCC[C@H]4C3)ncn2)CC1,
25157,C[C@@H](CN(C)C)NC(=O)[C@H]1[C@H]2CN(C(=O)c3cc(Cl)ccc3OC(F)(F)F)C[C@H]21,,,C[C@@H](CN(C)C)NC(=O)C1[C@H]2CN(C(=O)c3cc(Cl)ccc3OC(F)(F)F)C[C@@H]12,
25206,COCCCC(C)(C)NC(=O)C[C@H]1CN(C(=O)[C@H]2C[C@@H]3CCC[C@@H]3C2)CC12CC2,,,COCCCC(C)(C)NC(=O)C[C@H]1CN(C(=O)C2C[C@H]3CCC[C@H]3C2)CC12CC2,
25260,CSc1nccc(N2C[C@@H]3CC[C@H](C2)[C@H]3NS(=O)(=O)c2cccc(F)c2C)n1,,,CSc1nccc(N2C[C@H]3CC[C@@H](C2)[C@@H]3NS(=O)(=O)c2cccc(F)c2C)n1,
25424,C=C(CCNC(=O)[C@H]1C[C@@H]2C[C@@H]2C1)CNC(=O)/C=C/c1cn(C)c2ccccc12,,,C=C(CCNC(=O)C1C[C@@H]2C[C@@H]2C1)CNC(=O)/C=C/c1cn(C)c2ccccc12,
25430,C#CC[C@]1(O)C[C@@H](C(=O)N(CC)[C@H](C)CNC(=O)Cc2coc(C(F)F)n2)C1,"(1s,3S)-N-((2R)-1-(2-(2-(difluoromethyl)-1,3-oxazol-4-yl)acetamido)propan-2-yl)-N-ethyl-3-hydroxy-3-(prop-2-yn-1-yl)cyclobutanecarboxamide",,C#CCC1(O)CC(C(=O)N(CC)[C@H](C)CNC(=O)Cc2coc(C(F)F)n2)C1,
25481,CC(C)c1cc(C(=O)N2[C@H]3CC[C@@H]2C[C@H](NC(=O)C2CCC(F)CC2)C3)n(C)n1,,,CC(C)c1cc(C(=O)N2[C@@H]3CC[C@H]2C[C@@H](NC(=O)C2CCC(F)CC2)C3)n(C)n1,
25495,Cn1cc(CC(=O)NC[C@H]2C[C@@](F)(CNC(=O)CN3CC(C)(C)C3)C2)cn1,"N-(((1r,3r)-3-((2-(3,3-dimethylazetidin-1-yl)acetamido)methyl)-3-fluorocyclobutyl)methyl)-2-(1-methyl-1H-pyrazol-4-yl)acetamide",,Cn1cc(CC(=O)NC[C@H]2C[C@@](F)(CNC(=O)CN3CC(C)(C)C3)C2)cn1,
25502,C[C@H]1[C@@H](C)[C@@H]1C(=O)N1C[C@@H](NC(=O)CCCCNC(N)=O)[C@H](c2cnn(C)c2)C1,,,C[C@@H]1C(C(=O)N2C[C@@H](NC(=O)CCCCNC(N)=O)[C@H](c3cnn(C)c3)C2)[C@@H]1C,
25520,C[C@@H](Cc1c(F)cccc1F)Nc1nccc(N2C[C@H]3[C@H](C)[C@H]3C2)n1,"N-((2S)-1-(2,6-difluorophenyl)propan-2-yl)-4-((1R,5S,6R)-6-methyl-3-azabicyclo[3.1.0]hexan-3-yl)pyrimidin-2-amine",,C[C@@H]1[C@H]2CN(c3ccnc(N[C@@H](C)Cc4c(F)cccc4F)n3)C[C@@H]12,
25530,CCCCS(=O)(=O)NCC(=O)N[C@H]1C[C@@](C)(NC(=O)c2cc(C)nc(C)n2)C1,"2-(butane-1-sulfonamido)-N-((1s,3s)-3-(2,6-dimethylpyrimidine-4-carboxamido)-3-methylcyclobutyl)acetamide",,CCCCS(=O)(=O)NCC(=O)N[C@H]1C[C@@](C)(NC(=O)c2cc(C)nc(C)n2)C1,
25614,Cn1cnn(CC(=O)N2C[C@H]3[C@H](CNC(=O)[C@@]45CC[C@@](F)(CO4)C5)[C@H]3C2)c1=O,,,Cn1cnn(CC(=O)N2C[C@@H]3[C@@H](CNC(=O)[C@@]45CC[C@@](F)(CO4)C5)[C@@H]3C2)c1=O,
25619,O=C(NC[C@@H]1CCCN1C(=O)c1cc(Cl)n[nH]1)[C@H]1C[C@@H]2CC[C@H](C1)[C@H]2O,,,O=C(NC[C@@H]1CCCN1C(=O)c1cc(Cl)[nH]n1)C1C[C@H]2CC[C@@H](C1)[C@@H]2O,
25641,O=C(c1ccc([N+](=O)[O-])o1)N1C[C@]2(C(=O)N[C@@H]3[C@H]4COC[C@H]43)C[C@H]1CO2,,,O=C(c1ccc([N+](=O)[O-])o1)N1C[C@]2(C(=O)N[C@H]3[C@@H]4COC[C@@H]43)C[C@H]1CO2,
25726,CCCCC1(C(=O)NCC[C@H]2CCN(C(=O)[C@@H]3[C@H]4CCC[C@H]43)C2)CCC1,,,CCCCC1(C(=O)NCC[C@H]2CCN(C(=O)C3[C@H]4CCC[C@@H]34)C2)CCC1,
25733,CCc1occ(C)c1C(=O)N[C@@H]1CC[C@H]1CNC(=O)[C@@]1(C#N)C[C@@H]2C[C@@H]2C1,,,CCc1occ(C)c1C(=O)N[C@@H]1CC[C@H]1CNC(=O)[C@]1(C#N)C[C@H]2C[C@H]2C1,
25737,Cc1ccc(F)cc1C(=O)N1C[C@H]2[C@H](CC(=O)N[C@H]3CCCC4(CC3)CC4)[C@H]2C1,,,Cc1ccc(F)cc1C(=O)N1C[C@@H]2[C@@H](CC(=O)N[C@H]3CCCC4(CC3)CC4)[C@@H]2C1,
25740,CCCn1cc(C(=O)NCCCN(C(=O)C[C@@H]2C[C@H]3C[C@H]3C2)C(C)C)cn1,,,CCCn1cc(C(=O)NCCCN(C(=O)C[C@H]2C[C@@H]3C[C@@H]3C2)C(C)C)cn1,
25750,COC(=O)CO[C@@H]1CCN([C@@H](C(=O)NCCCF)[C@@H]2[C@H]3CCCC[C@H]32)C1,,,COC(=O)CO[C@@H]1CCN(C(C(=O)NCCCF)[C@H]2[C@@H]3CCCC[C@@H]32)C1,
25752,CC(C)[C@H](C(=O)N1CC[C@H](NC(=O)[C@@H]2[C@H]3CCCCCC[C@H]32)[C@H]1C)n1cnnc1,,,CC(C)C(C(=O)N1CC[C@H](NC(=O)C2[C@H]3CCCCCC[C@@H]23)[C@H]1C)n1cnnc1,
25794,CC1(C)CCO[C@H]1C(=O)N1C[C@H]2[C@H](CC(=O)N[C@@H]3CCCC3(F)F)[C@H]2C1,"N-((1R)-2,2-difluorocyclopentyl)-2-((1R,5S,6S)-3-(((2R)-3,3-dimethyloxolan-2-yl)carbonyl)-3-azabicyclo[3.1.0]hexan-6-yl)acetamide",,CC1(C)CCOC1C(=O)N1C[C@@H]2[C@@H](CC(=O)N[C@@H]3CCCC3(F)F)[C@@H]2C1,
25805,Cc1cnc(C(=O)N(c2cc(-c3ccccc3)ncn2)[C@@H]2[C@@H]3CNC[C@@H]32)cc1Br,,,Cc1cnc(C(=O)N(c2cc(-c3ccccc3)ncn2)[C@@H]2[C@@H]3CNC[C@@H]32)cc1Br,
25811,C=Cc1ccc(C(=O)N[C@H]2CC=C(C(=O)NC[C@H]3C[C@@H]4CC[C@@H]4C3)C2)cc1,,,C=Cc1ccc(C(=O)N[C@H]2CC=C(C(=O)NC[C@@H]3C[C@H]4CC[C@H]4C3)C2)cc1,
25814,CCN(CCO)CCNC(=O)[C@]1(NC(=O)[C@H]2CC[C@H](F)C2)C[C@@H](O)C1,"(1S,3S)-N-((1s,3R)-1-((2-(ethyl(2-hydroxyethyl)amino)ethyl)carbamoyl)-3-hydroxycyclobutyl)-3-fluorocyclopentanecarboxamide",,CCN(CCO)CCNC(=O)[C@]1(NC(=O)C2CC[C@H](F)C2)C[C@@H](O)C1,
25828,CC(C)[C@H](C(=O)N1C[C@H]2[C@H](NC(=O)C[C@H]3CCCOCC3)[C@H]2C1)N(C)C,"N-((1R,5S,6S)-3-((2R)-2-(dimethylamino)-3-methylbutanoyl)-3-azabicyclo[3.1.0]hexan-6-yl)-2-((4S)-oxepan-4-yl)acetamide",,CC(C)C(C(=O)N1C[C@@H]2[C@H](C1)[C@H]2NC(=O)C[C@H]1CCCOCC1)N(C)C,
25951,C#C[C@]1(O)C[C@@H](C(=O)N(C)CCN(C(=O)[C@H](OC)C2CCC2)C(C)C)C1,"(1s,3S)-3-ethynyl-3-hydroxy-N-methyl-N-(2-(N-(propan-2-yl)(2R)-2-cyclobutyl-2-methoxyacetamido)ethyl)cyclobutanecarboxamide",,C#CC1(O)CC(C(=O)N(C)CCN(C(=O)C(OC)C2CCC2)C(C)C)C1,
25975,Cc1ccc(CC(=O)N[C@H]2CC[C@@]3(CC2)CN(C(=O)[C@@H]2C[C@H]2F)CCO3)c(Cl)c1,"2-(2-chloro-4-methylphenyl)-N-(4-(((1S,2R)-2-fluorocyclopropyl)carbonyl)-1-oxa-4-azaspiro[5.5]undecan-9-yl)acetamide",ClC1=C(C=CC(=C1)C)CC(=O)NC1CCC2(CN(CCO2)C(=O)[C@H]2[C@@H](C2)F)CC1,Cc1ccc(CC(=O)N[C@H]2CC[C@@]3(CC2)CN(C(=O)C2C[C@H]2F)CCO3)c(Cl)c1,Cc1ccc(CC(=O)NC2CCC3(CC2)CN(C(=O)C2C[C@H]2F)CCO3)c(Cl)c1
26058,CC[C@H](CCC(=O)N[C@H]1C[C@@H]2C[C@H](C1)CN(C(=O)[C@H]([C@H](C)CC)N(C)C)C2)OC,"(4R)-N-((1R,5S,7R)-3-((2S,3R)-2-(dimethylamino)-3-methylpentanoyl)-3-azabicyclo[3.3.1]nonan-7-yl)-4-methoxyhexanamide",,CC[C@H](CCC(=O)N[C@@H]1C[C@H]2C[C@@H](C1)CN(C(=O)C([C@H](C)CC)N(C)C)C2)OC,
26139,COC1(C(=O)NC[C@H]2CC[C@@](F)(CNC(=O)Cc3csc(C)n3)CC2)CC1,"N-(((1r,4r)-4-fluoro-4-((2-(2-methyl-1,3-thiazol-4-yl)acetamido)methyl)cyclohexyl)methyl)-1-methoxycyclopropanecarboxamide",,COC1(C(=O)NC[C@H]2CC[C@@](F)(CNC(=O)Cc3csc(C)n3)CC2)CC1,
26161,CC[C@@H](SC)C(=O)N[C@@H]1C[C@H]2[C@@H](C1)[C@@H]2NC(=O)c1cc(F)c(C)cc1F,,,CCC(SC)C(=O)N[C@H]1C[C@@H]2[C@H](C1)[C@H]2NC(=O)c1cc(F)c(C)cc1F,
26171,FC1(F)[C@H]2CC[C@@H]1C[C@H](CN[C@H]1CC[C@@H]3CNCCN3C1)C2,,,FC1(F)[C@@H]2CC[C@H]1C[C@@H](CN[C@H]1CC[C@@H]3CNCCN3C1)C2,
26177,CN(C[C@@H]1CCCN1C)C(=O)C12[C@@H](NC(=O)[C@H]3C[C@H]4[C@@H](C3)C4(C)C)C3C[C@H]1[C@H]2C3,,,CN(C[C@@H]1CCCN1C)C(=O)C12[C@@H]3CC(C[C@@H]31)[C@@H]2NC(=O)C1C[C@@H]2[C@H](C1)C2(C)C,
26197,CC(C)c1nc([C@H](C)N=c2nc(N3C[C@H]4[C@H](N(C)C)[C@H]4C3)c3c([nH]2)CCC3)n[nH]1,"(1R,5S,6R)-N,N-dimethyl-3-(3-(((1S)-1-(5-(propan-2-yl)-1H-1,2,4-triazol-3-yl)ethyl)imino)-2,4-diazabicyclo[4.3.0]nona-1(6),4-dien-5-yl)-3-azabicyclo[3.1.0]hexan-6-amine",,CC(C)c1n[nH]c([C@H](C)Nc2nc3c(c(N4C[C@@H]5[C@H](C4)[C@H]5N(C)C)n2)CCC3)n1,
26261,CCC(=O)N[C@@H](C)C(=O)N[C@]1(C)C[C@H](NC(=O)[C@@H](c2ccc(Cl)cc2)N(C)C)C1,"(2S)-N-((1S,3R)-3-((2R)-2-(4-chlorophenyl)-2-(dimethylamino)acetamido)-1-methylcyclobutyl)-2-propanamidopropanamide",,CCC(=O)NC(C)C(=O)N[C@]1(C)C[C@H](NC(=O)C(c2ccc(Cl)cc2)N(C)C)C1,
26281,Cn1c(N2C[C@H]3[C@H](NC(=O)[C@@H]4CO[C@H]5COC[C@@H]45)[C@H]3C2)cc(O)nc1=O,,,Cn1c(N2C[C@@H]3[C@H](C2)[C@H]3NC(=O)C2CO[C@H]3COC[C@@H]23)cc(=O)[nH]c1=O,
26344,CN1CCO[C@H](C(=O)N[C@H](C(=O)NC[C@@]2(CO)C[C@@H]3C[C@@H]3C2)c2cccnc2)C1,,,CN1CCOC(C(=O)NC(C(=O)NC[C@]2(CO)C[C@H]3C[C@H]3C2)c2cccnc2)C1,
26351,CC1=C(C(=O)N2C[C@H]3[C@@H](C2)[C@@H]3C(=O)NC[C@H]2CCCNC2=O)COCC1,,,CC1=C(C(=O)N2C[C@@H]3C(C(=O)NCC4CCCNC4=O)[C@@H]3C2)COCC1,
26468,C[C@@H]1[C@H](C(=O)N2CCC[C@H]2C(C)(C)CNC(=O)c2n[nH]cc2Cl)[C@@H]1C,,,C[C@@H]1C(C(=O)N2CCC[C@H]2C(C)(C)CNC(=O)c2[nH]ncc2Cl)[C@@H]1C,
26538,O=C([C@H]1CCC[C@@H]1O)N1CC[C@@H]2C[C@]21C(=O)N1[C@H]2CC[C@@H]1C[C@H](CO)C2,"((1S,2S)-2-hydroxycyclopentyl)((1R,5R)-1-(((1R,3R,5S)-3-(hydroxymethyl)-8-azabicyclo[3.2.1]octan-8-yl)carbonyl)-2-azabicyclo[3.1.0]hexan-2-yl)methanone",,O=C(C1CCC[C@@H]1O)N1CC[C@@H]2C[C@]21C(=O)N1[C@@H]2CC[C@H]1C[C@@H](CO)C2,
26545,CCC(CC)C(=O)N[C@@H]1C[C@@H]2CC[C@H](C1)N2c1nc(C)nc2sccc12,,,CCC(CC)C(=O)N[C@H]1C[C@H]2CC[C@@H](C1)N2c1nc(C)nc2sccc12,
26585,CC(C)[C@@H]1OCC[C@@H]1C(=O)N1[C@H](C(=O)N[C@H]2C[C@H](O)[C@H](O)C2)CCC12CC2,,,CC(C)[C@@H]1OCCC1C(=O)N1C(C(=O)N[C@@H]2C[C@@H](O)[C@@H](O)C2)CCC12CC2,
26596,Cc1cc(C(=O)N[C@H](C(=O)NC[C@H]2C[C@H](O)[C@H](O)C2)C2CCC2)cc(C)n1,,,Cc1cc(C(=O)NC(C(=O)NC[C@@H]2C[C@@H](O)[C@@H](O)C2)C2CCC2)cc(C)n1,
26673,CCN(C)CCC(=O)N1C[C@H]2[C@H](N(C)C(=O)C3CC4(CC[C@@H]4OC)C3)[C@H]2C1,,,CCN(C)CCC(=O)N1C[C@@H]2[C@H](C1)[C@H]2N(C)C(=O)C1CC2(CC[C@@H]2OC)C1,
26752,CCc1n[nH]cc1C(=O)N1C[C@@H]2CS(=O)(=O)C[C@]2(NC(=O)[C@@H]2[C@H]3CCCC[C@H]32)C1,,,CCc1[nH]ncc1C(=O)N1C[C@@H]2CS(=O)(=O)C[C@]2(NC(=O)C2[C@H]3CCCC[C@@H]23)C1,
26800,Cc1nnc(CN2C[C@H]3[C@H](CNC(=O)c4nn(C)c5ccccc45)[C@H]3C2)o1,,,Cc1nnc(CN2C[C@@H]3[C@@H](CNC(=O)c4nn(C)c5ccccc45)[C@@H]3C2)o1,
26816,C=CC[C@H](NC(C)=O)C(=O)N[C@H](CN(C)C)C(=O)N1C[C@@H]2[C@@H](CO)[C@@H]2C1,"(2S)-2-acetamido-N-((2R)-1-(dimethylamino)-3-((1R,5S,6R)-6-(hydroxymethyl)-3-azabicyclo[3.1.0]hexan-3-yl)-3-oxopropan-2-yl)pent-4-enamide",,C=CCC(NC(C)=O)C(=O)NC(CN(C)C)C(=O)N1C[C@@H]2[C@@H](CO)[C@@H]2C1,
26887,Cc1csc(CC(=O)N[C@@H]2C[C@H]3[C@@H](C2)[C@@H]3NC(=O)c2ncsc2C)c1,,,Cc1csc(CC(=O)N[C@H]2C[C@@H]3[C@H](C2)[C@H]3NC(=O)c2ncsc2C)c1,
26998,O=C(NCc1ccc(F)cc1Cl)[C@@H]1[C@H]2CN(C(=O)c3cc(O)n[nH]3)C[C@H]21,,,O=C(NCc1ccc(F)cc1Cl)C1[C@H]2CN(C(=O)c3cc(=O)[nH][nH]3)C[C@@H]12,
27002,C#CCO[C@@H](C)C(=O)N1C[C@@H]2C[C@H](NC(=O)c3ccn(C)n3)C[C@@H](C2)C1,"1-methyl-N-((1R,5S,7R)-3-((2S)-2-((prop-2-yn-1-yl)oxy)propanoyl)-3-azabicyclo[3.3.1]nonan-7-yl)-1H-pyrazole-3-carboxamide",,C#CCOC(C)C(=O)N1C[C@@H]2C[C@@H](C[C@H](NC(=O)c3ccn(C)n3)C2)C1,
27160,CCC1(C(=O)N2C[C@H]3[C@H](N(C)C(=O)c4cc(C(F)(F)F)ns4)[C@H]3C2)CCCCC1,,,CCC1(C(=O)N2C[C@@H]3[C@H](C2)[C@H]3N(C)C(=O)c2cc(C(F)(F)F)ns2)CCCCC1,
27165,CCCOCC(=O)N1C[C@H]2[C@H](NC(=O)c3sc([C@@H](C)OC)nc3C)[C@H]2C1,,,CCCOCC(=O)N1C[C@@H]2[C@H](C1)[C@H]2NC(=O)c1sc([C@@H](C)OC)nc1C,
27168,CCOC(=O)CC(=O)N(CCOC)C1CCN(C(=O)[C@H]2C[C@@H]3C[C@@H]3C2)CC1,,,CCOC(=O)CC(=O)N(CCOC)C1CCN(C(=O)C2C[C@@H]3C[C@@H]3C2)CC1,
27194,O=C(CN1Cc2ccccc2C1)NC[C@]1(F)C[C@H](NC(=O)C2=NNC(=O)C2)C1,"2-(2,3-dihydro-1H-isoindol-2-yl)-N-(((1r,3r)-1-fluoro-3-(5-oxo-1H-pyrazole-3(4H)-carboxamido)cyclobutyl)methyl)acetamide",,O=C(CN1Cc2ccccc2C1)NC[C@]1(F)C[C@H](NC(=O)c2cc(=O)[nH][nH]2)C1,
27204,O=C(CCN(CCO)C(=O)c1cnn(C(F)F)c1)N[C@@H]1[C@@H](O)C[C@H]1O,,,O=C(CCN(CCO)C(=O)c1cnn(C(F)F)c1)N[C@H]1[C@H](O)C[C@@H]1O,
27209,O=C(N[C@H]1[C@@H]2CN(C(=O)c3ncoc3[C@H]3CCCO3)C[C@@H]21)C(=O)c1ccc(Cl)s1,"2-(5-chlorothiophen-2-yl)-2-oxo-N-((1R,5S,6S)-3-((5-((2R)-oxolan-2-yl)-1,3-oxazol-4-yl)carbonyl)-3-azabicyclo[3.1.0]hexan-6-yl)acetamide",,O=C(N[C@H]1[C@@H]2CN(C(=O)c3ncoc3[C@H]3CCCO3)C[C@@H]21)C(=O)c1ccc(Cl)s1,
27285,O=C1C[C@@H](C(=O)NC[C@@H]2C[C@@H]3CC[C@H](C2)N3C(=O)c2cc(Br)n[nH]2)N1,,,O=C1CC(C(=O)NC[C@H]2C[C@H]3CC[C@@H](C2)N3C(=O)c2cc(Br)[nH]n2)N1,
27299,O=C(NC[C@H]1[C@@H]2CN(C(=O)c3ncn4cccnc34)C[C@H]12)C1C=CC=CC=C1,,,O=C(NC[C@@H]1[C@H]2CN(C(=O)c3ncn4cccnc34)C[C@@H]12)C1=CC=CCC=C1,
27304,C[C@@H]1CCCC=C1C(=O)N1C[C@H]2[C@@H](C1)[C@@H]2C(=O)NCC1(C)CC(C)(C)C1,"(1R,5S,6R)-3-(((6R)-6-methylcyclohex-1-en-1-yl)carbonyl)-N-((1,3,3-trimethylcyclobutyl)methyl)-3-azabicyclo[3.1.0]hexane-6-carboxamide",,C[C@@H]1CCCC=C1C(=O)N1C[C@@H]2C(C(=O)NCC3(C)CC(C)(C)C3)[C@@H]2C1,
27340,O=C(NCC1CN(C(=O)Cc2csc(-c3nc[nH]n3)n2)C1)[C@@H]1[C@H]2CCCCC[C@H]21,,,O=C(NCC1CN(C(=O)Cc2csc(-c3nc[nH]n3)n2)C1)C1[C@H]2CCCCC[C@@H]12,
27403,CC#CCCCC(=O)NC[C@H]1CC[C@@](F)(CNC(=O)[C@H](CC)SC)CC1,"N-(((1S,4r)-4-fluoro-4-(((2S)-2-(methylsulfanyl)butanamido)methyl)cyclohexyl)methyl)hept-5-ynamide",,CC#CCCCC(=O)NC[C@H]1CC[C@@](F)(CNC(=O)C(CC)SC)CC1,
27533,CCOc1nc(C(=O)N2C[C@H]3[C@@H](C2)[C@@H]3C(=O)N2CCC(F)(F)C[C@@H]2C)co1,,,CCOc1nc(C(=O)N2C[C@@H]3C(C(=O)N4CCC(F)(F)C[C@@H]4C)[C@@H]3C2)co1,
27639,C[C@H](O)[C@@H]1C[C@@H]1C(=O)N1CCCC[C@]12C[C@H](NC(=O)c1cnoc1C1CC1)C2,"5-cyclopropyl-N-(5-(((1S,2R)-2-((1S)-1-hydroxyethyl)cyclopropyl)carbonyl)-5-azaspiro[3.5]nonan-2-yl)-1,2-oxazole-4-carboxamide",C1(CC1)C1=C(C=NO1)C(=O)NC1CC2(C1)N(CCCC2)C(=O)[C@@H]2[C@@H](C2)[C@H](C)O,C[C@H](O)[C@@H]1CC1C(=O)N1CCCC[C@]12C[C@H](NC(=O)c1cnoc1C1CC1)C2,C[C@H](O)[C@@H]1CC1C(=O)N1CCCCC12CC(NC(=O)c1cnoc1C1CC1)C2
27727,C=CCC[C@H](C(=O)N[C@@H](CC)CNC(=O)[C@H]1C[C@](F)(CO)C1)c1ccccc1,"(2S)-N-((2S)-1-((1s,3R)-3-fluoro-3-(hydroxymethyl)cyclobutanecarboxamido)butan-2-yl)-2-phenylhex-5-enamide",,C=CCCC(C(=O)N[C@@H](CC)CNC(=O)C1CC(F)(CO)C1)c1ccccc1,
27745,CN(CC1CCN(C(=O)c2cnco2)CC1)C(=O)[C@]1(C(F)(F)F)C[C@@H]2C[C@@H]2C1,,,CN(CC1CCN(C(=O)c2cnco2)CC1)C(=O)[C@@]1(C(F)(F)F)C[C@H]2C[C@H]2C1,
27811,O=C(Nc1nccc(Cl)c1I)[C@@H]1[C@H]2CN(C(=O)c3cc(F)ccc3I)C[C@H]21,,,O=C(Nc1nccc(Cl)c1I)C1[C@H]2CN(C(=O)c3cc(F)ccc3I)C[C@@H]12,
28017,Cc1cc([C@H](C)NC(=O)[C@H]2C[C@@H]3C[C@H](C2)CC(F)(F)C3)cc(C)c1F,,,Cc1cc([C@H](C)NC(=O)C2C[C@@H]3C[C@H](C2)CC(F)(F)C3)cc(C)c1F,
28023,CC(=O)N[C@H](Cc1cnc[nH]1)C(=O)N1C[C@@H]2CC[C@H](C1)[C@H]2NC(=O)C1(O)CC1,"N-((2R)-1-((1R,5S,8S)-8-(1-hydroxycyclopropanecarboxamido)-3-azabicyclo[3.2.1]octan-3-yl)-3-(1H-imidazol-5-yl)-1-oxopropan-2-yl)acetamide",,CC(=O)NC(Cc1c[nH]cn1)C(=O)N1C[C@H]2CC[C@@H](C1)[C@@H]2NC(=O)C1(O)CC1,
28036,COCCCCC(=O)NC[C@H]1[C@@H]2CN(CCCc3nc(C)no3)C[C@H]12,,,COCCCCC(=O)NC[C@@H]1[C@H]2CN(CCCc3nc(C)no3)C[C@@H]12,
28047,CC#CCCCC(=O)N1CCCC[C@]12C[C@H](NC(=O)[C@H]1CN(C(C)C)CCO1)C2,(2R)-N-(5-(hept-5-ynoyl)-5-azaspiro[3.5]nonan-2-yl)-4-(propan-2-yl)morpholine-2-carboxamide,C(CCCC#CC)(=O)N1C2(CC(C2)NC(=O)[C@H]2CN(CCO2)C(C)C)CCCC1,CC#CCCCC(=O)N1CCCC[C@]12C[C@H](NC(=O)C1CN(C(C)C)CCO1)C2,CC#CCCCC(=O)N1CCCCC12CC(NC(=O)C1CN(C(C)C)CCO1)C2
28107,Cn1cc(Cl)c(C(=O)NC[C@H]2[C@@H]3CN(C(=O)C4=C[C@@H](O)CCC4)C[C@H]23)n1,"4-chloro-N-(((1R,5S,6S)-3-(((3S)-3-hydroxycyclohex-1-en-1-yl)carbonyl)-3-azabicyclo[3.1.0]hexan-6-yl)methyl)-1-methyl-1H-pyrazole-3-carboxamide",,Cn1cc(Cl)c(C(=O)NC[C@@H]2[C@H]3CN(C(=O)C4=C[C@@H](O)CCC4)C[C@@H]23)n1,
28137,C=C[C@@H](CC(=O)N[C@H]1C[C@@](C)(NC(=O)[C@@H]2CCC(C)=C(C)C2)C1)c1ccccc1,"(3R)-N-((1S,3S)-3-((1R)-3,4-dimethylcyclohex-3-ene-1-carboxamido)-3-methylcyclobutyl)-3-phenylpent-4-enamide",,C=C[C@@H](CC(=O)N[C@H]1C[C@@](C)(NC(=O)C2CCC(C)=C(C)C2)C1)c1ccccc1,
28188,COc1cccc(OC)c1C(=O)N[C@H]1C[C@](F)(CNC(=O)[C@H]2C[C@]2(C)C(C)C)C1,"N-((1R,3s)-3-fluoro-3-(((1S,2R)-2-methyl-2-(propan-2-yl)cyclopropanecarboxamido)methyl)cyclobutyl)-2,6-dimethoxybenzamide",,COc1cccc(OC)c1C(=O)N[C@H]1C[C@](F)(CNC(=O)C2C[C@]2(C)C(C)C)C1,
28232,C[C@H](NC(=O)c1cccc(OC(F)F)c1)C1CCN(C(=O)[C@@H]2[C@H]3COC[C@H]32)CC1,,,C[C@H](NC(=O)c1cccc(OC(F)F)c1)C1CCN(C(=O)C2[C@H]3COC[C@@H]23)CC1,
28382,CS[C@H](C)[C@@H](O)C(=O)N1CCC(CCNC(=O)[C@H]2CC[C@@](C)(F)CC2)CC1,"(1s,4R)-4-fluoro-N-(2-(1-((2S,3R)-2-hydroxy-3-(methylsulfanyl)butanoyl)piperidin-4-yl)ethyl)-4-methylcyclohexanecarboxamide",,CSC(C)C(O)C(=O)N1CCC(CCNC(=O)C2CCC(C)(F)CC2)CC1,
28386,COC(=O)[C@H](CNC(=O)[C@@H]1[C@H]2CN(C(=O)[C@@H]3CC[C@@H](C4CC4)C3)C[C@H]21)OC,"methyl (2S)-3-((1R,5S,6R)-3-(((1R,3R)-3-cyclopropylcyclopentyl)carbonyl)-3-azabicyclo[3.1.0]hexane-6-carboxamido)-2-methoxypropanoate",,COC(=O)C(CNC(=O)C1[C@H]2CN(C(=O)C3CC[C@@H](C4CC4)C3)C[C@@H]12)OC,
28401,O=C([C@H]1CCc2nncn2C1)N1C[C@H]2[C@H](CNc3ccc([N+](=O)[O-])cc3)[C@H]2C1,"((1R,5S,6S)-6-(((4-nitrophenyl)amino)methyl)-3-azabicyclo[3.1.0]hexan-3-yl)((6S)-5,6,7,8-tetrahydro[1,2,4]triazolo[4,3-a]pyridin-6-yl)methanone",,O=C(C1CCc2nncn2C1)N1C[C@@H]2[C@@H](CNc3ccc([N+](=O)[O-])cc3)[C@@H]2C1,
28481,COc1ncccc1CC(=O)N1CC[C@@H](N(C)C(=O)[C@H]2[C@@H](C)[C@H]2C)C1,,,COc1ncccc1CC(=O)N1CC[C@@H](N(C)C(=O)C2[C@@H](C)[C@H]2C)C1,
28483,CCCOCCCC(=O)NC[C@]12CCC[C@H]1CN(C(=O)[C@@H]1[C@H]3[C@@H]4CC[C@@H](C4)[C@H]31)C2,,,CCCOCCCC(=O)NC[C@]12CCC[C@H]1CN(C(=O)C1[C@@H]3[C@H]4CC[C@H](C4)[C@H]13)C2,
28589,C=CC[C@](C)(O)C(=O)N1C[C@H]2[C@H](CN(C)C(=O)Cc3cc(C4CC4)no3)[C@H]2C1,"2-(3-cyclopropyl-1,2-oxazol-5-yl)-N-(((1R,5S,6S)-3-((2S)-2-hydroxy-2-methylpent-4-enoyl)-3-azabicyclo[3.1.0]hexan-6-yl)methyl)-N-methylacetamide",,C=CC[C@](C)(O)C(=O)N1C[C@@H]2[C@@H](CN(C)C(=O)Cc3cc(C4CC4)no3)[C@@H]2C1,
28636,Cc1cnn(C)c1CC(=O)N[C@H]1CCCC[C@H]1NC(=O)[C@@H]1C[C@@H]2CSC[C@@H](C2)C1,,,Cc1cnn(C)c1CC(=O)N[C@H]1CCCC[C@H]1NC(=O)C1C[C@H]2CSC[C@@H](C1)C2,
28722,Cn1ncc2c(N[C@@H]3C[C@H]4[C@@H](C3)C4(F)F)[nH]c(=NCC3(c4ccsc4)CC3)nc21,,,Cn1ncc2c(N[C@H]3C[C@@H]4[C@H](C3)C4(F)F)nc(NCC3(c4ccsc4)CC3)nc21,
28730,CC(C)(C(=O)N[C@H]1C[C@@H]2CC[C@H](C1)N2C(=O)C1CCC1)c1ccc(C#N)c(Cl)c1,,,CC(C)(C(=O)N[C@@H]1C[C@H]2CC[C@@H](C1)N2C(=O)C1CCC1)c1ccc(C#N)c(Cl)c1,
28743,COCCCC(=O)N(C)[C@H]1[C@@H]2CN(C(=O)c3c(F)cncc3Br)C[C@@H]21,,,COCCCC(=O)N(C)[C@H]1[C@@H]2CN(C(=O)c3c(F)cncc3Br)C[C@@H]21,
28761,CCC=C(CCC)C(=O)NC[C@]1(O)C[C@@H]2CC[C@H](C1)N2C(=O)[C@](C)(O)C1CCC1,"N-(((1R,3S,5S)-8-((2R)-2-cyclobutyl-2-hydroxypropanoyl)-3-hydroxy-8-azabicyclo[3.2.1]octan-3-yl)methyl)-2-propylpent-2-enamide",,CCC=C(CCC)C(=O)NC[C@@]1(O)C[C@H]2CC[C@@H](C1)N2C(=O)[C@](C)(O)C1CCC1,
28780,CN=c1[nH]c(C(=O)N[C@H]2C[C@](C)(NC(=O)c3ccc4nn[nH]c4c3)C2)cs1,"N-((1r,3r)-3-(3H-benzotriazole-5-carboxamido)-3-methylcyclobutyl)-2-(methylimino)-1,3-thiazole-4(3H)-carboxamide",,CNc1nc(C(=O)N[C@H]2C[C@](C)(NC(=O)c3ccc4[nH]nnc4c3)C2)cs1,
28886,Cc1sccc1C(=O)NCC1CCC(NC(=O)[C@H]2C[C@@H]3OC(C)(C)O[C@@H]3C2)CC1,,,Cc1sccc1C(=O)NCC1CCC(NC(=O)C2C[C@@H]3OC(C)(C)O[C@@H]3C2)CC1,
29024,O=C(C[C@@H]1COCCN1C(=O)c1ccc(F)cc1)N[C@@H]1[C@H]2CCC[C@H]21,,,O=C(C[C@@H]1COCCN1C(=O)c1ccc(F)cc1)N[C@H]1[C@@H]2CCC[C@@H]21,
29035,CCc1cc(C(=O)N[C@H]2C[C@@](C)(NC(=O)CCc3ccccc3OC)C2)no1,"5-ethyl-N-((1s,3s)-3-(3-(2-methoxyphenyl)propanamido)-3-methylcyclobutyl)-1,2-oxazole-3-carboxamide",,CCc1cc(C(=O)N[C@H]2C[C@@](C)(NC(=O)CCc3ccccc3OC)C2)no1,
29091,C#CCC[C@@H](O)C(=O)NC[C@H]1[C@@H]2CN(C(=O)c3ccc(C=C)cc3)C[C@H]12,,,C#CCCC(O)C(=O)NC[C@@H]1[C@H]2CN(C(=O)c3ccc(C=C)cc3)C[C@@H]12,
29178,Cc1cc(C(=O)N[C@H]2[C@@H]3CN(C(=O)CC[C@@H]4CCOC4)C[C@@H]32)c(O)nn1,"3-hydroxy-6-methyl-N-((1R,5S,6S)-3-(3-((3R)-oxolan-3-yl)propanoyl)-3-azabicyclo[3.1.0]hexan-6-yl)pyridazine-4-carboxamide",,Cc1cc(C(=O)N[C@H]2[C@@H]3CN(C(=O)CC[C@@H]4CCOC4)C[C@@H]32)c(=O)[nH]n1,
29182,C=CC[C@@H](NC(=O)C[C@H]1CCO[C@H]1C)C(=O)N1C[C@@H]2[C@@H](CO)[C@@H]2C1,"N-((2R)-1-((1R,5S,6R)-6-(hydroxymethyl)-3-azabicyclo[3.1.0]hexan-3-yl)-1-oxopent-4-en-2-yl)-2-((2S,3R)-2-methyloxolan-3-yl)acetamide",,C=CCC(NC(=O)C[C@H]1CCO[C@H]1C)C(=O)N1C[C@@H]2[C@@H](CO)[C@@H]2C1,
29187,CNc1cnc(C(=O)N[C@H]2[C@@H]3CN(C(=O)C[C@H]4CNC(=O)C4)C[C@@H]32)cn1,"5-(methylamino)-N-((1R,5S,6R)-3-(2-((3S)-5-oxopyrrolidin-3-yl)acetyl)-3-azabicyclo[3.1.0]hexan-6-yl)pyrazine-2-carboxamide",,CNc1cnc(C(=O)N[C@H]2[C@@H]3CN(C(=O)C[C@H]4CNC(=O)C4)C[C@@H]32)cn1,
29205,CC(C)(NC(=O)C(=O)N[C@@H]1CC[C@H]2[C@@H](CC1)C2(F)F)c1ccc(Br)nc1,,,CC(C)(NC(=O)C(=O)N[C@H]1CC[C@@H]2[C@H](CC1)C2(F)F)c1ccc(Br)nc1,
29218,CCc1ccc(OC)c(C(=O)NCCC2CN(C(=O)[C@@H]3C[C@H](C)O[C@H](C)C3)C2)c1,,,CCc1ccc(OC)c(C(=O)NCCC2CN(C(=O)C3C[C@@H](C)O[C@@H](C)C3)C2)c1,
29263,CN1N=C(C(=O)N[C@H]2C[C@@H]3CC[C@H](C2)N3C(=O)[C@@H]2C[C@@H]2c2nc[nH]n2)CCC1=O,"1-methyl-6-oxo-N-((1R,3S,5S)-8-(((1R,2S)-2-(1H-1,2,4-triazol-3-yl)cyclopropyl)carbonyl)-8-azabicyclo[3.2.1]octan-3-yl)-1,4,5,6-tetrahydropyridazine-3-carboxamide",,CN1N=C(C(=O)N[C@@H]2C[C@H]3CC[C@@H](C2)N3C(=O)C2C[C@@H]2c2nc[nH]n2)CCC1=O,
29326,CC/C(C)=C/C(=O)NC[C@]1(c2ccccc2)C[C@@H](NC(=O)C[C@H](O)CN(C)C)C1,"(2E)-N-(((1S,3r)-3-((3S)-4-(dimethylamino)-3-hydroxybutanamido)-1-phenylcyclobutyl)methyl)-3-methylpent-2-enamide",,CC/C(C)=C/C(=O)NC[C@]1(c2ccccc2)C[C@@H](NC(=O)C[C@H](O)CN(C)C)C1,
29422,Cc1ncncc1C(=O)N1CCCC[C@]12C[C@H](NC(=O)C1CCC3(CC1)CC3)C2,N-(5-((4-methylpyrimidin-5-yl)carbonyl)-5-azaspiro[3.5]nonan-2-yl)spiro[2.5]octane-6-carboxamide,CC1=NC=NC=C1C(=O)N1C2(CC(C2)NC(=O)C2CCC3(CC3)CC2)CCCC1,Cc1ncncc1C(=O)N1CCCC[C@]12C[C@H](NC(=O)C1CCC3(CC1)CC3)C2,Cc1ncncc1C(=O)N1CCCCC12CC(NC(=O)C1CCC3(CC1)CC3)C2
29431,C[C@]1(NC(=O)CCC(=O)c2cccc(Cl)c2)C[C@H](NC(=O)[C@H]2CC(=O)N(O)C2)C1,"4-(3-chlorophenyl)-N-((1S,3r)-3-((3S)-1-hydroxy-5-oxopyrrolidine-3-carboxamido)-1-methylcyclobutyl)-4-oxobutanamide",,C[C@]1(NC(=O)CCC(=O)c2cccc(Cl)c2)C[C@H](NC(=O)C2CC(=O)N(O)C2)C1,
29508,C[C@@H]1OCC[C@H]1C(=O)N1CCO[C@]2(CC[C@H](NC(=O)CCc3cncs3)CC2)C1,"N-(4-(((2S,3R)-2-methyloxolan-3-yl)carbonyl)-1-oxa-4-azaspiro[5.5]undecan-9-yl)-3-(1,3-thiazol-5-yl)propanamide",C[C@@H]1OCC[C@H]1C(=O)N1CCOC2(C1)CCC(CC2)NC(CCC2=CN=CS2)=O,C[C@@H]1OCCC1C(=O)N1CCO[C@]2(CC[C@H](NC(=O)CCc3cncs3)CC2)C1,C[C@@H]1OCCC1C(=O)N1CCOC2(CCC(NC(=O)CCc3cncs3)CC2)C1
29510,CSc1ncccc1C(=O)N1[C@H]2CC[C@@H]1C[C@H](NC(=O)Cc1ccn(C)n1)C2,,,CSc1ncccc1C(=O)N1[C@@H]2CC[C@H]1C[C@@H](NC(=O)Cc1ccn(C)n1)C2,
29516,CC(C)n1cnc2c(N3C[C@@H]4C[C@H]3C[S@@]4=O)[nH]c(=NC[C@H]3[C@@H]4COC[C@H]34)nc21,,,CC(C)n1cnc2c(N3C[C@@H]4C[C@H]3C[S@+]4[O-])nc(NC[C@@H]3[C@H]4COC[C@@H]34)nc21,
29541,C[C@]1(NC(=O)[C@H]2Cc3ccccc32)C[C@@H](NC(=O)CCCCN2CCCC2)C1,"(7S)-N-((1s,3R)-1-methyl-3-(5-(pyrrolidin-1-yl)pentanamido)cyclobutyl)bicyclo[4.2.0]octa-1,3,5-triene-7-carboxamide",,C[C@]1(NC(=O)C2Cc3ccccc32)C[C@@H](NC(=O)CCCCN2CCCC2)C1,
29619,O=C(NC[C@]1(F)C[C@@H](CNC(=O)[C@@H]2C[C@@H]2Cl)C1)c1ccccc1OC1CC1,"N-(((1R,3s)-3-(((1S,2S)-2-chlorocyclopropanecarboxamido)methyl)-1-fluorocyclobutyl)methyl)-2-(cyclopropoxy)benzamide",,O=C(NC[C@]1(F)C[C@@H](CNC(=O)C2C[C@@H]2Cl)C1)c1ccccc1OC1CC1,
29637,CC(C)(C)c1ccnc(C(=O)N[C@@H]2C[C@@H]3CC[C@H](C2)N3C(=O)C2(Br)CC2)c1,,,CC(C)(C)c1ccnc(C(=O)N[C@H]2C[C@H]3CC[C@@H](C2)N3C(=O)C2(Br)CC2)c1,
29656,CC[C@@H](C)C[C@H](C)C(=O)N[C@]1(C)C[C@H](C(=O)N[C@H]2C[C@@H](OC(C)C)C2)C1,"(2S,4R)-N-((1s,3R)-3-((cis-3-isopropoxycyclobutyl)carbamoyl)-1-methylcyclobutyl)-2,4-dimethylhexanamide",,CC[C@@H](C)CC(C)C(=O)NC1(C)CC(C(=O)N[C@H]2C[C@@H](OC(C)C)C2)C1,
29698,CCCC=C[C@@H](O)C(=O)N1C[C@H]2[C@H](CNC(=O)c3cnn4c3CCCC4)[C@H]2C1,"N-(((1R,5S,6R)-3-((2R)-2-hydroxyhept-3-enoyl)-3-azabicyclo[3.1.0]hexan-6-yl)methyl)-4,5,6,7-tetrahydropyrazolo[1,5-a]pyridine-3-carboxamide",,CCC=CCC(O)C(=O)N1C[C@@H]2[C@@H](CNC(=O)c3cnn4c3CCCC4)[C@@H]2C1,
29732,C[C@]1(O)C[C@@H](NC(=O)[C@@H]2CCCN2NC(=O)c2ccc(O)cn2)C1,"5-hydroxy-N-((2S)-2-(((1s,3R)-3-hydroxy-3-methylcyclobutyl)carbamoyl)pyrrolidin-1-yl)pyridine-2-carboxamide",,C[C@]1(O)C[C@@H](NC(=O)C2CCCN2NC(=O)c2ccc(O)cn2)C1,
29801,Cc1nc(C2CC2)sc1C(=O)N[C@H]1C[C@@](F)(CNc2ncnn3cccc23)C1,"2-cyclopropyl-N-((1r,3r)-3-fluoro-3-(((1,2,4-triazabicyclo[4.3.0]nona-2,4,6,8-tetraen-5-yl)amino)methyl)cyclobutyl)-4-methyl-1,3-thiazole-5-carboxamide",,Cc1nc(C2CC2)sc1C(=O)N[C@H]1C[C@@](F)(CNc2ncnn3cccc23)C1,
29818,COC[C@H](C)CC(=O)NC[C@]1(F)C[C@@H](CNC(=O)[C@@H](C(C)C)n2cncn2)C1,"(2R)-N-(((1S,3S)-3-fluoro-3-(((3R)-4-methoxy-3-methylbutanamido)methyl)cyclobutyl)methyl)-3-methyl-2-(1H-1,2,4-triazol-1-yl)butanamide",,COC[C@H](C)CC(=O)NC[C@]1(F)C[C@@H](CNC(=O)C(C(C)C)n2cncn2)C1,
29929,CNC(=O)[C@@H]1[C@H]2CN(C(=O)CC(C)(C)CNC(=O)c3ncn(C)n3)C[C@H]21,,,CNC(=O)C1[C@H]2CN(C(=O)CC(C)(C)CNC(=O)c3ncn(C)n3)C[C@@H]12,
29959,Cc1ccc(C(=O)N2CCC(C3(NC(=O)[C@H]4[C@@H](C)[C@H]4C)CC3)CC2)c(C)c1,,,Cc1ccc(C(=O)N2CCC(C3(NC(=O)C4[C@@H](C)[C@H]4C)CC3)CC2)c(C)c1,
30025,Cc1cnc(C)c(NC(=O)C23CC(CN2C(=O)[C@@H]2[C@H]4CCCC[C@H]42)C3)c1,,,Cc1cnc(C)c(NC(=O)C23CC(CN2C(=O)C2[C@H]4CCCC[C@@H]24)C3)c1,
30067,CCN(CCNC(=O)C1(c2cccnc2)CC2(CCC2)C1)C(=O)[C@H]1C[C@@H]2C[C@@H]2C1,,,CCN(CCNC(=O)C1(c2cccnc2)CC2(CCC2)C1)C(=O)C1C[C@@H]2C[C@@H]2C1,
30115,C[C@H]1OC2(CO)CC1(C(=O)N[C@]1(C)C[C@@H](NC(=O)Cc3cc(F)ccc3F)C1)C2,"(3R)-N-((1r,3R)-3-(2-(2,5-difluorophenyl)acetamido)-1-methylcyclobutyl)-1-(hydroxymethyl)-3-methyl-2-oxabicyclo[2.1.1]hexane-4-carboxamide",,C[C@H]1OC2(CO)CC1(C(=O)N[C@]1(C)C[C@@H](NC(=O)Cc3cc(F)ccc3F)C1)C2,
30143,Cc1occc(=O)c1OCC(=O)NC[C@H]1[C@@H]2CN(C(=O)C(C)(C)C(C)(C)O)C[C@H]12,,,Cc1occc(=O)c1OCC(=O)NC[C@@H]1[C@H]2CN(C(=O)C(C)(C)C(C)(C)O)C[C@@H]12,
30144,O=C1CC(C(=O)N[C@H]2CC[C@]3(CC2)CN(c2ncc4c(n2)COC4)CCO3)=NN1,"N-(4-(8-oxa-2,4-diazabicyclo[4.3.0]nona-1(6),2,4-trien-3-yl)-1-oxa-4-azaspiro[5.5]undecan-9-yl)-5-oxo-1H-pyrazole-3(4H)-carboxamide",C1=2N=C(N=CC2COC1)N1CCOC2(C1)CCC(CC2)NC(=O)C2=NNC(C2)=O,O=C(N[C@H]1CC[C@]2(CC1)CN(c1ncc3c(n1)COC3)CCO2)c1cc(=O)[nH][nH]1,O=C(NC1CCC2(CC1)CN(c1ncc3c(n1)COC3)CCO2)c1cc(=O)[nH][nH]1
30165,O=C1C[C@@H](CNC(=O)[C@@H]2C[C@@H]3CN(C(=O)c4ccncn4)C[C@@H]3C2)CCN1,,,O=C1C[C@@H](CNC(=O)C2C[C@@H]3CN(C(=O)c4ccncn4)C[C@@H]3C2)CCN1,
30215,COCCC1(NC(=O)[C@H]2C[C@@H]3C[C@@H]3C2)CCN(C(=O)[C@@H]2CC(=O)NC(=O)N2)CC1,,,COCCC1(NC(=O)C2C[C@@H]3C[C@@H]3C2)CCN(C(=O)C2CC(=O)NC(=O)N2)CC1,
30249,O=C1C[C@H]2[C@@H](C1)[C@@H]2C(=O)N[C@H]1C[C@H]2C[C@H](NC(=O)CCc3cccnc3)C[C@@H]12,,,O=C1C[C@@H]2C(C(=O)N[C@H]3C[C@H]4C[C@H](NC(=O)CCc5cccnc5)C[C@H]43)[C@@H]2C1,
30252,Cc1cc(C)c([N+](=O)[O-])c(C(=O)N2C[C@@H]3C[C@H]2CN3C(=O)[C@@H]2[C@H]3COC[C@H]32)c1,,,Cc1cc(C)c([N+](=O)[O-])c(C(=O)N2C[C@@H]3C[C@H]2CN3C(=O)C2[C@H]3COC[C@@H]23)c1,
30352,C[C@@H]1[C@H](NC(=O)Cc2ccc(S(N)(=O)=O)s2)CCCN1C(=O)[C@@H]1[C@H]2CCC[C@H]21,,,C[C@@H]1[C@H](NC(=O)Cc2ccc(S(N)(=O)=O)s2)CCCN1C(=O)C1[C@H]2CCC[C@@H]12,
30361,O=C(N[C@@H]1C[C@@H]2CC[C@H](C1)N2C(=O)CO[C@H]1CCOC1)c1cccnc1C1CC1,"2-cyclopropyl-N-((1R,3S,5S)-8-(2-(((3S)-oxolan-3-yl)oxy)acetyl)-8-azabicyclo[3.2.1]octan-3-yl)pyridine-3-carboxamide",,O=C(N[C@H]1C[C@H]2CC[C@@H](C1)N2C(=O)CO[C@H]1CCOC1)c1cccnc1C1CC1,
30364,C#CCN(C(=O)[C@]12CC[C@H](CC1)C2(C)C)C1CCN(C(=O)[C@@](C)(C#N)CC)CC1,"N-(1-((2R)-2-cyano-2-methylbutanoyl)piperidin-4-yl)-7,7-dimethyl-N-(prop-2-yn-1-yl)bicyclo[2.2.1]heptane-1-carboxamide",C(#N)[C@](C(=O)N1CCC(CC1)N(C(=O)C12CCC(CC1)C2(C)C)CC#C)(CC)C,C#CCN(C(=O)[C@]12CC[C@H](CC1)C2(C)C)C1CCN(C(=O)[C@@](C)(C#N)CC)CC1,C#CCN(C(=O)C12CCC(CC1)C2(C)C)C1CCN(C(=O)[C@@](C)(C#N)CC)CC1
30488,CCNC(=O)CNC(=O)c1cc(CNC(=O)[C@@H]2C[C@@H]3CC[C@@H]3C2)cs1,,,CCNC(=O)CNC(=O)c1cc(CNC(=O)C2C[C@H]3CC[C@H]3C2)cs1,
30520,CC1(C(=O)NCC2(NC(=O)[C@H]3C[C@H]4[C@@H](C3)C4(C)C)CCOCC2)CCC(=O)CC1,,,CC1(C(=O)NCC2(NC(=O)C3C[C@@H]4[C@H](C3)C4(C)C)CCOCC2)CCC(=O)CC1,
30533,CNC(=O)[C@@H]1[C@H]2CN(C(=O)[C@@H]3CN(C(=O)[C@@H]4CCC[C@@H](C#N)C4)C[C@H](C)O3)C[C@H]21,"(1R,5S,6S)-3-(((2S,6S)-4-(((1R,3R)-3-cyanocyclohexyl)carbonyl)-6-methylmorpholin-2-yl)carbonyl)-N-methyl-3-azabicyclo[3.1.0]hexane-6-carboxamide",,CNC(=O)C1[C@H]2CN(C(=O)C3CN(C(=O)C4CCC[C@@H](C#N)C4)C[C@H](C)O3)C[C@@H]12,
30697,CC[C@H](C(=O)NC[C@H]1C[C@@](F)(CNC(=O)CN(C)C(=O)c2cccs2)C1)[C@@H](C)O,"(2S,3R)-2-ethyl-N-(((1r,3S)-3-fluoro-3-((2-(N-methylthiophene-2-carboxamido)acetamido)methyl)cyclobutyl)methyl)-3-hydroxybutanamide",,CCC(C(=O)NC[C@H]1C[C@@](F)(CNC(=O)CN(C)C(=O)c2cccs2)C1)[C@@H](C)O,
30777,O=C(Cc1cncnc1)N[C@H]1[C@@H]2CN(C(=O)C3=C[C@@H]4CCCC[C@H]34)C[C@@H]21,"N-((1R,5S,6R)-3-(((1S,6S)-bicyclo[4.2.0]oct-7-en-7-yl)carbonyl)-3-azabicyclo[3.1.0]hexan-6-yl)-2-(pyrimidin-5-yl)acetamide",,O=C(Cc1cncnc1)N[C@H]1[C@@H]2CN(C(=O)C3=C[C@@H]4CCCC[C@H]34)C[C@@H]21,
31096,CC1(CNC(=O)C[C@@H]2C[C@H]3C[C@H]3C2)CCN(C(=O)CN=S(C)(C)=O)CC1,,,CC1(CNC(=O)C[C@H]2C[C@@H]3C[C@@H]3C2)CCN(C(=O)C=N[SH](C)(C)=O)CC1,
31225,COc1ccnc(C(=O)N[C@H]2C[C@](F)(CNC(=O)[C@@H]3CN(C)C[C@@H]3C)C2)c1OC,"N-((1R,3s)-3-(((3S,4R)-1,4-dimethylpyrrolidine-3-carboxamido)methyl)-3-fluorocyclobutyl)-3,4-dimethoxypyridine-2-carboxamide",,COc1ccnc(C(=O)N[C@H]2C[C@](F)(CNC(=O)C3CN(C)C[C@@H]3C)C2)c1OC,
31226,Cc1coc(C)c1C(=O)N1[C@H]2CC[C@@H]1C[C@@H](NC(=O)c1nn(C)cc1N)C2,,,Cc1coc(C)c1C(=O)N1[C@@H]2CC[C@H]1C[C@H](NC(=O)c1nn(C)cc1N)C2,
31324,C=C1CCC(C(=O)N[C@]2(C)C[C@H](NC(=O)C34COC(CSC)(C3)C4)C2)CC1,"N-((1s,3s)-3-methyl-3-(4-methylidenecyclohexanecarboxamido)cyclobutyl)-1-((methylsulfanyl)methyl)-2-oxabicyclo[2.1.1]hexane-4-carboxamide",,C=C1CCC(C(=O)N[C@]2(C)C[C@H](NC(=O)C34COC(CSC)(C3)C4)C2)CC1,
31355,CCCCn1c(NC(=O)N2C[C@@H]3CC[C@H](C2)[C@@H]3N)nc2ccccc21,,,CCCCn1c(NC(=O)N2C[C@H]3CC[C@@H](C2)[C@H]3N)nc2ccccc21,
31435,O=C1N[C@@H](C(=O)N2[C@H]3CC[C@@H]2C[C@@H](NC(=O)c2ccsc2C(F)F)C3)CO1,"2-(difluoromethyl)-N-((1R,3S,5S)-8-(((4R)-2-oxo-1,3-oxazolidin-4-yl)carbonyl)-8-azabicyclo[3.2.1]octan-3-yl)thiophene-3-carboxamide",,O=C1NC(C(=O)N2[C@@H]3CC[C@H]2C[C@H](NC(=O)c2ccsc2C(F)F)C3)CO1,
31546,C=CCC1(NC(=O)[C@H]2CC[C@H](N=[N+]=[N-])CC2)CN(C(=O)[C@@H]2[C@@H]3C[C@H]3[C@H]3C[C@H]32)C1,"trans-4-azido-N-(3-(prop-2-en-1-yl)-1-(((1S,2R,4R,5R,6R)-tricyclo[4.1.0.0^{2,4}]heptan-5-yl)carbonyl)azetidin-3-yl)cyclohexanecarboxamide",,C=CCC1(NC(=O)C2CCC(N=[N+]=[N-])CC2)CN(C(=O)C2[C@@H]3C[C@@H]3[C@@H]3C[C@@H]23)C1,
31547,CC=CCCC(=O)N1C[C@H]2[C@H](NC(=O)c3cc4c(nc3O)CCOC4)[C@H]2C1,,,CC=CCCC(=O)N1C[C@@H]2[C@H](C1)[C@H]2NC(=O)c1cc2c([nH]c1=O)CCOC2,
31548,CCn1ccc(CN(C)C(=O)[C@H]2CCC[C@H]2NC(=O)[C@H]2C[C@@H]3CCC[C@@H]3C2)n1,,,CCn1ccc(CN(C)C(=O)C2CCC[C@H]2NC(=O)C2C[C@H]3CCC[C@H]3C2)n1,
31561,Cc1cccc2cc(C(=O)N[C@@H]3[C@@H]4CN(C(=O)[C@@H]5CCC(F)(F)C5)C[C@@H]43)[nH]c12,"N-((1R,5S,6R)-3-(((1R)-3,3-difluorocyclopentyl)carbonyl)-3-azabicyclo[3.1.0]hexan-6-yl)-7-methyl-1H-indole-2-carboxamide",,Cc1cccc2cc(C(=O)N[C@@H]3[C@@H]4CN(C(=O)C5CCC(F)(F)C5)C[C@@H]43)[nH]c12,
31588,CCC(CC)[C@@H](C)C(=O)N(C)C[C@H]1[C@@H]2CN(C(=O)c3ccc(CF)cc3)C[C@H]12,,,CCC(CC)C(C)C(=O)N(C)C[C@@H]1[C@H]2CN(C(=O)c3ccc(CF)cc3)C[C@@H]12,
31672,CC(C)[C@@H](NC(=O)[C@]12CC[C@H](CC1)C2(C)C)[C@@H](C)NC(=O)C=C(Cl)Cl,"N-((2R,3R)-2-(3,3-dichloroprop-2-enamido)-4-methylpentan-3-yl)-7,7-dimethylbicyclo[2.2.1]heptane-1-carboxamide",ClC(=CC(=O)N[C@H](C)[C@@H](C(C)C)NC(=O)C12CCC(CC1)C2(C)C)Cl,CC(C)[C@@H](NC(=O)[C@]12CC[C@H](CC1)C2(C)C)[C@@H](C)NC(=O)C=C(Cl)Cl,CC(C)[C@@H](NC(=O)C12CCC(CC1)C2(C)C)[C@@H](C)NC(=O)C=C(Cl)Cl
31676,C[C@H](CCCCNC(=O)Cc1cncnc1)NC(=O)[C@]12CCC[C@H]1CCC2,N-((5R)-5-(octahydropentalene-3a-carboxamido)hexyl)-2-(pyrimidin-5-yl)acetamide,C1CCC2(CCCC12)C(=O)N[C@@H](CCCCNC(CC=1C=NC=NC1)=O)C,C[C@H](CCCCNC(=O)Cc1cncnc1)NC(=O)[C@]12CCC[C@H]1CCC2,C[C@H](CCCCNC(=O)Cc1cncnc1)NC(=O)C12CCCC1CCC2
31706,C[C@@H](C(=O)N[C@H](C)[C@@H]1CCCN1C(=O)[C@@H]1C[C@H]2CCC[C@H](C2)C1)N1CCCC1,,,CC(C(=O)N[C@H](C)[C@@H]1CCCN1C(=O)C1C[C@H]2CCC[C@@H](C1)C2)N1CCCC1,
31729,CCOC(=O)[C@@H]1C[C@H]1C(=O)N[C@]1(C)C[C@H](C(=O)NCc2[nH]ccc(=O)c2O)C1,"ethyl (1R,2R)-2-(((1s,3S)-3-(((3-hydroxy-4-oxo-1H-pyridin-2-yl)methyl)carbamoyl)-1-methylcyclobutyl)carbamoyl)cyclopropanecarboxylate",,CCOC(=O)C1CC1C(=O)NC1(C)CC(C(=O)NCc2[nH]ccc(=O)c2O)C1,
31754,O=C(NC[C@H]1[C@@H]2CN(C(=O)c3cc(O)no3)C[C@H]12)c1ocnc1C1CC1,,,O=C(NC[C@@H]1[C@H]2CN(C(=O)c3cc(=O)[nH]o3)C[C@@H]12)c1ocnc1C1CC1,
31774,CC(C)(CC(=O)N1CC[C@]2(CCC[C@@H]2NC(=O)[C@H]2C[C@@](C)(O)C2)C1)CC(F)(F)F,"(1s,3R)-3-hydroxy-3-methyl-N-((5R,6S)-2-(5,5,5-trifluoro-3,3-dimethylpentanoyl)-2-azaspiro[4.4]nonan-6-yl)cyclobutanecarboxamide",,CC(C)(CC(=O)N1CC[C@]2(CCC[C@@H]2NC(=O)C2CC(C)(O)C2)C1)CC(F)(F)F,
31853,Cc1cc(C)cc(CCC(=O)NC[C@H]2C[C@@](F)(CNC(=O)Cc3cnns3)C2)c1,"3-(3,5-dimethylphenyl)-N-(((1r,3r)-3-fluoro-3-((2-(1,2,3-thiadiazol-5-yl)acetamido)methyl)cyclobutyl)methyl)propanamide",,Cc1cc(C)cc(CCC(=O)NC[C@H]2C[C@@](F)(CNC(=O)Cc3cnns3)C2)c1,
31863,CC(C)(C)CCCC(=O)N[C@H]1C[C@@](NC(=O)C2OCCO2)(c2ccccc2)C1,"N-((1r,3r)-3-(1,3-dioxolane-2-carboxamido)-3-phenylcyclobutyl)-5,5-dimethylhexanamide",,CC(C)(C)CCCC(=O)N[C@H]1C[C@@](NC(=O)C2OCCO2)(c2ccccc2)C1,
31927,C[C@@H]1C[C@@H]1C(=O)N[C@@H]1[C@H]2CC[C@@H]1CN(C(=O)[C@@H](O)C(C)(C)C)C2,"(1S,2R)-N-((1R,5S,8S)-3-((2S)-2-hydroxy-3,3-dimethylbutanoyl)-3-azabicyclo[3.2.1]octan-8-yl)-2-methylcyclopropanecarboxamide",,C[C@@H]1CC1C(=O)N[C@H]1[C@@H]2CC[C@H]1CN(C(=O)C(O)C(C)(C)C)C2,
31936,C[C@@]1(C(=O)N[C@H]2C[C@]3(CCCCN3C(=O)C[C@@H]3CCC(=O)NC3=O)C2)CC1(F)F,"(1S)-N-(5-(2-((3S)-2,6-dioxopiperidin-3-yl)acetyl)-5-azaspiro[3.5]nonan-2-yl)-2,2-difluoro-1-methylcyclopropanecarboxamide",O=C1NC(CC[C@H]1CC(=O)N1C2(CC(C2)NC(=O)[C@]2(C(C2)(F)F)C)CCCC1)=O,C[C@@]1(C(=O)N[C@H]2C[C@]3(CCCCN3C(=O)CC3CCC(=O)NC3=O)C2)CC1(F)F,C[C@@]1(C(=O)NC2CC3(CCCCN3C(=O)CC3CCC(=O)NC3=O)C2)CC1(F)F
31948,C/C=C/C[C@@H](NC(=O)[C@@H]1[C@H]2CC(=O)C[C@H]21)C(=O)NCCCSC,,,C/C=C/CC(NC(=O)C1[C@H]2CC(=O)C[C@@H]12)C(=O)NCCCSC,
31972,C[C@@]1(CNC(=O)c2cc(CF)on2)COCCN(C(=O)[C@@H]2[C@H]3[C@@H]4CC[C@@H](C4)[C@H]32)C1,,,C[C@@]1(CNC(=O)c2cc(CF)on2)COCCN(C(=O)C2[C@@H]3[C@H]4CC[C@H](C4)[C@H]23)C1,
31980,CC1(C(=O)N[C@@H]2C[C@@H]3CC[C@H](C2)N3C(=O)C[C@H]2CCCC[C@@H]2O)CS(=O)(=O)C1,"N-((1R,3R,5S)-8-(2-((1R,2S)-2-hydroxycyclohexyl)acetyl)-8-azabicyclo[3.2.1]octan-3-yl)-3-methyl-1,1-dioxo-1lambda^6-thietane-3-carboxamide",,CC1(C(=O)N[C@H]2C[C@H]3CC[C@@H](C2)N3C(=O)C[C@H]2CCCC[C@@H]2O)CS(=O)(=O)C1,
31986,Cc1conc1CC(=O)N1[C@H]2CC[C@@H]1C[C@@H](N(C)C(=O)c1cc(Cl)cnn1)C2,,,Cc1conc1CC(=O)N1[C@@H]2CC[C@H]1C[C@H](N(C)C(=O)c1cc(Cl)cnn1)C2,
32201,O=C(N[C@H]1[C@@H]2CN(C(=O)c3cn4ccnc4s3)C[C@@H]21)c1cnc[nH]1,,,O=C(N[C@H]1[C@@H]2CN(C(=O)c3cn4ccnc4s3)C[C@@H]21)c1c[nH]cn1,
32262,CO[C@H](C)CC(=O)N[C@H]1C[C@@H]2CC[C@H](C1)N2C(=O)CC1(c2ccccc2)CCC1,,,CO[C@H](C)CC(=O)N[C@@H]1C[C@H]2CC[C@@H](C1)N2C(=O)CC1(c2ccccc2)CCC1,
32291,CC[C@@H](C(=O)N1C[C@H]2[C@H](CC(=O)Nc3ccc(C)c(C)c3)[C@H]2C1)N(CC)CC,"2-((1R,5S,6R)-3-((2S)-2-(diethylamino)butanoyl)-3-azabicyclo[3.1.0]hexan-6-yl)-N-(3,4-dimethylphenyl)acetamide",,CCC(C(=O)N1C[C@@H]2[C@@H](CC(=O)Nc3ccc(C)c(C)c3)[C@@H]2C1)N(CC)CC,
32297,C=C(C)[C@@H](CC(=O)N1C[C@H]2[C@H](NC(=O)C3CN(S(=O)(=O)CC)C3)[C@H]2C1)OCC,"N-((1R,5S,6S)-3-((3R)-3-ethoxy-4-methylpent-4-enoyl)-3-azabicyclo[3.1.0]hexan-6-yl)-1-(ethylsulfonyl)azetidine-3-carboxamide",,C=C(C)[C@@H](CC(=O)N1C[C@@H]2[C@H](C1)[C@H]2NC(=O)C1CN(S(=O)(=O)CC)C1)OCC,
32331,CS(=O)(=O)[C@]1(C(=O)N[C@@H]2CCCC[C@@H]2NC(=O)[C@H]2CC3(CCC3)CO2)C[C@H](O)C1,"(7R)-N-((1S,2R)-2-((1s,3S)-3-hydroxy-1-(methylsulfonyl)cyclobutanecarboxamido)cyclohexyl)-6-oxaspiro[3.4]octane-7-carboxamide",,CS(=O)(=O)[C@]1(C(=O)N[C@@H]2CCCC[C@@H]2NC(=O)C2CC3(CCC3)CO2)C[C@H](O)C1,
32398,C#C[C@]1(O)C[C@@H](C(=O)N2CCC[C@@H]2[C@H]2CCN(C(=O)c3c(F)cccc3F)C2)C1,"(2,6-difluorophenyl)((3S)-3-((2R)-1-(((1s,3S)-3-ethynyl-3-hydroxycyclobutyl)carbonyl)pyrrolidin-2-yl)pyrrolidin-1-yl)methanone",,C#CC1(O)CC(C(=O)N2CCC[C@@H]2[C@H]2CCN(C(=O)c3c(F)cccc3F)C2)C1,
32446,C[C@H](NC(=O)C(C)(C)C)c1ccc(CNC(=O)[C@H]2C[C@@H]3C[C@@H]3C2)cc1,,,C[C@H](NC(=O)C(C)(C)C)c1ccc(CNC(=O)C2C[C@@H]3C[C@@H]3C2)cc1,
32465,COc1ccc(C(=O)N2CC[C@H](NC(=O)[C@@H]3[C@H]4COC[C@H]43)[C@H]2C)c2cnccc12,,,COc1ccc(C(=O)N2CC[C@H](NC(=O)C3[C@H]4COC[C@@H]34)[C@H]2C)c2cnccc12,
32528,COc1cc(C(=O)NC[C@H]2C[C@@](F)(CNC(=O)Cn3cccnc3=O)C2)sn1,"N-(((1r,3r)-3-fluoro-3-((2-(2-oxo-1,2-dihydropyrimidin-1-yl)acetamido)methyl)cyclobutyl)methyl)-3-methoxy-1,2-thiazole-5-carboxamide",,COc1cc(C(=O)NC[C@H]2C[C@@](F)(CNC(=O)Cn3cccnc3=O)C2)sn1,
32540,Cc1c[nH]cc(C(=O)N[C@H]2C[C@](F)(CN=c3nc(C4CCOCC4)[nH]s3)C2)c1=O,"N-((1s,3s)-3-fluoro-3-(((3-(oxan-4-yl)-2H-1,2,4-thiadiazol-5-ylidene)amino)methyl)cyclobutyl)-5-methyl-4-oxo-1H-pyridine-3-carboxamide",,Cc1c[nH]cc(C(=O)N[C@H]2C[C@](F)(CNc3nc(C4CCOCC4)ns3)C2)c1=O,
32598,O=C([C@@H]1CCCN1C(=O)c1ccc([N+](=O)[O-])o1)N1CCC[C@]2(C1)C[C@H](O)C2,((2S)-2-((2-hydroxy-6-azaspiro[3.5]nonan-6-yl)carbonyl)pyrrolidin-1-yl)(5-nitrofuran-2-yl)methanone,OC1CC2(C1)CN(CCC2)C(=O)[C@H]2N(CCC2)C(=O)C=2OC(=CC2)[N+](=O)[O-],O=C(C1CCCN1C(=O)c1ccc([N+](=O)[O-])o1)N1CCC[C@]2(C1)C[C@H](O)C2,O=C(C1CCCN1C(=O)c1ccc([N+](=O)[O-])o1)N1CCCC2(CC(O)C2)C1
32601,CCOC(=O)CCC(=O)NC[C@]1(F)CC[C@H](CNC(=O)[C@@]2(C)CCCN2C)CC1,"ethyl 3-((((1R,4r)-4-(((2R)-1,2-dimethylpyrrolidine-2-carboxamido)methyl)-1-fluorocyclohexyl)methyl)carbamoyl)propanoate",,CCOC(=O)CCC(=O)NC[C@]1(F)CC[C@H](CNC(=O)[C@@]2(C)CCCN2C)CC1,
32613,CCC(C)=C(C)C(=O)N[C@H]1C[C@@](NC(=O)[C@H](F)[C@@H]2CCOC2)(c2ccccc2)C1,"N-((1R,3r)-3-((2R)-2-fluoro-2-((3R)-oxolan-3-yl)acetamido)-3-phenylcyclobutyl)-2,3-dimethylpent-2-enamide",,CCC(C)=C(C)C(=O)N[C@H]1C[C@@](NC(=O)C(F)[C@@H]2CCOC2)(c2ccccc2)C1,
32639,C#CC[C@]1(C(=O)N2C[C@@H]3C[C@H](C2)CN3C(=O)[C@@H]2[C@H]3COC[C@H]32)CC=CCC1,,,C#CC[C@]1(C(=O)N2C[C@H]3C[C@@H](C2)N(C(=O)C2[C@H]4COC[C@@H]24)C3)CC=CCC1,
32645,CC(C)C[C@@H](C(=O)N[C@@H]1COC2(CCCC2)C1)N(C)C(=O)[C@@H]1[C@H]2COC[C@H]21,,,CC(C)CC(C(=O)N[C@@H]1COC2(CCCC2)C1)N(C)C(=O)C1[C@H]2COC[C@@H]12,
32654,COc1cc(CNC(=O)C[C@H](NC(=O)[C@@]2(C#N)C[C@@H]3C[C@@H]3C2)C(F)(F)F)ccn1,,,COc1cc(CNC(=O)C[C@H](NC(=O)[C@]2(C#N)C[C@H]3C[C@H]3C2)C(F)(F)F)ccn1,
32664,CC(C)Oc1cccnc1C(=O)N[C@H]1C[C@](C)(NC(=O)C[C@H]2CCS(=O)(=O)C2)C1,"N-((1S,3r)-3-(2-((3S)-1,1-dioxo-1lambda^6-thiolan-3-yl)acetamido)-3-methylcyclobutyl)-3-isopropoxypyridine-2-carboxamide",,CC(C)Oc1cccnc1C(=O)N[C@H]1C[C@](C)(NC(=O)C[C@H]2CCS(=O)(=O)C2)C1,
32797,CC(C)CCOCC(=O)N[C@@H]1C[C@@H]2CC[C@H](C1)N2C(=O)c1cccc(Cl)c1O,,,CC(C)CCOCC(=O)N[C@H]1C[C@H]2CC[C@@H](C1)N2C(=O)c1cccc(Cl)c1O,
32834,O=C(NC[C@]12CCC[C@H]1CCN2C(=O)Cc1sc(O)nc1O)[C@H]1C[C@@H]2C[C@@H]2C1,,,O=C(NC[C@]12CCC[C@H]1CCN2C(=O)Cc1sc(=O)[nH]c1O)C1C[C@@H]2C[C@@H]2C1,
32871,Cn1ncc(C(=O)N[C@H]2[C@@H]3CN(CC(=O)NC(=O)NCc4ccco4)C[C@@H]32)n1,,,Cn1ncc(C(=O)N[C@H]2[C@@H]3CN(CC(=O)NC(=O)NCc4ccco4)C[C@@H]32)n1,
32945,CCC(C)(C)OCC(=O)NC[C@@H]1C[C@@H]2CC[C@H](C1)N2C(=O)C1(C)CCC1,,,CCC(C)(C)OCC(=O)NC[C@H]1C[C@H]2CC[C@@H](C1)N2C(=O)C1(C)CCC1,
32946,Cn1cc(Br)c2c(N(C(=O)c3ccnc(Br)c3)[C@@H]3C[C@@H]4CC[C@H](C3)N4)ncnc21,,,Cn1cc(Br)c2c(N(C(=O)c3ccnc(Br)c3)[C@H]3C[C@H]4CC[C@@H](C3)N4)ncnc21,
32967,Cc1nn(C(C)(C)C)cc1C(=O)NC[C@]1(F)C[C@H](NC(=O)C2(C)COC2)C1,"1-(tert-butyl)-N-(((1r,3r)-1-fluoro-3-(3-methyloxetane-3-carboxamido)cyclobutyl)methyl)-3-methyl-1H-pyrazole-4-carboxamide",,Cc1nn(C(C)(C)C)cc1C(=O)NC[C@]1(F)C[C@H](NC(=O)C2(C)COC2)C1,
32980,C[C@@H]1[C@H](C(=O)N2CCC[C@@H](N(C)C(=O)C3=C(Cl)CC3)CC2)[C@@H]1C,,,C[C@@H]1C(C(=O)N2CCC[C@@H](N(C)C(=O)C3=C(Cl)CC3)CC2)[C@@H]1C,
33026,CC[C@@H]1CCC[C@@]1(C)C(=O)N[C@H]1C[C@](C)(NC(=O)c2coc(-c3ccsc3)c2)C1,"N-((1R,3r)-3-((1R,2R)-2-ethyl-1-methylcyclopentanecarboxamido)-1-methylcyclobutyl)-5-(thiophen-3-yl)furan-3-carboxamide",,CC[C@@H]1CCC[C@@]1(C)C(=O)N[C@H]1C[C@](C)(NC(=O)c2coc(-c3ccsc3)c2)C1,
33044,CN(C)C[C@H](O)CC(=O)N[C@H]1C[C@](F)(CNC(=O)C=CC(=O)N(C)C)C1,"N-(((1S,3s)-3-((3R)-4-(dimethylamino)-3-hydroxybutanamido)-1-fluorocyclobutyl)methyl)-N',N'-dimethylbut-2-enediamide",,CN(C)C[C@H](O)CC(=O)N[C@H]1C[C@](F)(CNC(=O)C=CC(=O)N(C)C)C1,
33065,C[C@@H](C#N)C(=O)N[C@H]1C[C@](F)(CNC(=O)[C@@](C)(CC=CCl)c2ccccc2)C1,"(2S)-5-chloro-N-(((1R,3R)-3-((2S)-2-cyanopropanamido)-1-fluorocyclobutyl)methyl)-2-methyl-2-phenylpent-4-enamide",,CC(C#N)C(=O)N[C@H]1C[C@](F)(CNC(=O)[C@@](C)(CC=CCl)c2ccccc2)C1,
33165,O=C(N[C@@H]1C[C@@H]2CC[C@H](C1)N2C(=O)Cc1ccc(Br)c(F)c1)c1sc(Br)cc1Br,,,O=C(N[C@H]1C[C@H]2CC[C@@H](C1)N2C(=O)Cc1ccc(Br)c(F)c1)c1sc(Br)cc1Br,
33192,C#CC1(C(=O)N[C@H]2C[C@@H]3CN(C(=O)c4c(F)cncc4Br)C[C@@H]3C2)CCC1,,,C#CC1(C(=O)N[C@H]2C[C@@H]3CN(C(=O)c4c(F)cncc4Br)C[C@@H]3C2)CCC1,
33207,C[C@H]([C@@H]1CCCO1)N(C)C(=O)c1csc(CNC(=O)[C@H]2C[C@@](C)(O)C2)c1,"5-(((1s,3S)-3-hydroxy-3-methylcyclobutanecarboxamido)methyl)-N-methyl-N-((1R)-1-((2S)-oxolan-2-yl)ethyl)thiophene-3-carboxamide",,C[C@H]([C@@H]1CCCO1)N(C)C(=O)c1csc(CNC(=O)C2CC(C)(O)C2)c1,
33319,O=C(Cc1cccnc1)N[C@@H]1[C@@H]2CN(C(=O)c3cnc(Cl)s3)C[C@@H]21,,,O=C(Cc1cccnc1)N[C@@H]1[C@@H]2CN(C(=O)c3cnc(Cl)s3)C[C@@H]21,
33370,CN1CC[C@@H](C(=O)N[C@]2(C)C[C@H](NC(=O)[C@H]3CC34CCS(=O)(=O)CC4)C2)C1,"(3R)-N-((1R,3S)-3-((1S)-6,6-dioxo-6lambda^6-thiaspiro[2.5]octane-1-carboxamido)-1-methylcyclobutyl)-1-methylpyrrolidine-3-carboxamide",,CN1CCC(C(=O)N[C@]2(C)C[C@H](NC(=O)C3CC34CCS(=O)(=O)CC4)C2)C1,
33412,CC[C@@H](CN(CC)C(=O)[C@H]1C[C@@H]2CC[C@H](C1)S2(=O)=O)NC(=O)[C@H](CC)CC(C)C,,,CCC(CC(C)C)C(=O)N[C@@H](CC)CN(CC)C(=O)C1C[C@H]2CC[C@@H](C1)S2(=O)=O,
33469,CC[C@@H](O)[C@@H](C)C(=O)N[C@H]1C[C@@](C)(NC(=O)Cn2cc(C3CC3)nn2)C1,"(2R,3R)-N-((1s,3S)-3-(2-(4-cyclopropyl-1H-1,2,3-triazol-1-yl)acetamido)-3-methylcyclobutyl)-3-hydroxy-2-methylpentanamide",,CC[C@@H](O)C(C)C(=O)N[C@H]1C[C@@](C)(NC(=O)Cn2cc(C3CC3)nn2)C1,
33503,C[C@]1(NC(=O)c2cccc3c[nH]nc23)C[C@@H](C(=O)N2CC(C3=NOCC3)C2)C1,"N-((1s,3s)-3-((3-(4,5-dihydro-1,2-oxazol-3-yl)azetidin-1-yl)carbonyl)-1-methylcyclobutyl)-2H-indazole-7-carboxamide",,CC1(NC(=O)c2cccc3c[nH]nc23)CC(C(=O)N2CC(C3=NOCC3)C2)C1,
33516,C[C@H](Sc1ccc(C#N)cc1)C(=O)NC[C@H]1C[C@@](F)(CNC(=O)c2cocn2)C1,"(2S)-2-((4-cyanophenyl)sulfanyl)-N-(((1r,3S)-3-fluoro-3-((1,3-oxazole-4-carboxamido)methyl)cyclobutyl)methyl)propanamide",,CC(Sc1ccc(C#N)cc1)C(=O)NC[C@H]1C[C@@](F)(CNC(=O)c2cocn2)C1,
33566,N[C@H]1C[C@@](C(=O)NCCc2nc(-c3ccco3)n[nH]2)(c2ccc(Cl)cc2)C1,"(1r,3r)-3-amino-1-(4-chlorophenyl)-N-(2-(3-(furan-2-yl)-1H-1,2,4-triazol-5-yl)ethyl)cyclobutanecarboxamide",,N[C@H]1C[C@@](C(=O)NCCc2n[nH]c(-c3ccco3)n2)(c2ccc(Cl)cc2)C1,
33568,CC[C@H](C)CC(=O)N[C@]1(C)C[C@@H](NC(=O)CC[C@@H]2CC2(Cl)Cl)C1,"(3S)-N-((1R,3S)-3-(3-((1R)-2,2-dichlorocyclopropyl)propanamido)-1-methylcyclobutyl)-3-methylpentanamide",,CC[C@H](C)CC(=O)N[C@]1(C)C[C@@H](NC(=O)CC[C@@H]2CC2(Cl)Cl)C1,
33619,Cc1ccc(C)c(CN2C[C@@H]3[C@H](C(=O)Nc4cc(C)cnc4C#N)[C@@H]3C2)c1,,,Cc1ccc(C)c(CN2C[C@@H]3C(C(=O)Nc4cc(C)cnc4C#N)[C@@H]3C2)c1,
33768,NC[C@H]1CC[C@@H](C(=O)NC[C@]2(F)C[C@H](CO)C2)O1,"(2S,5R)-5-(aminomethyl)-N-(((1r,3S)-1-fluoro-3-(hydroxymethyl)cyclobutyl)methyl)oxolane-2-carboxamide",,NC[C@H]1CCC(C(=O)NC[C@]2(F)C[C@H](CO)C2)O1,
33830,CC[C@H](O)C(F)(F)C(=O)N1CC[C@H]2CC[C@H](NC(=O)[C@H]3C[C@](F)(CO)C3)[C@H]1C2,"(1s,3R)-N-((1R,5R,8S)-2-((3S)-2,2-difluoro-3-hydroxypentanoyl)-2-azabicyclo[3.3.1]nonan-8-yl)-3-fluoro-3-(hydroxymethyl)cyclobutanecarboxamide",,CC[C@H](O)C(F)(F)C(=O)N1CC[C@H]2CC[C@H](NC(=O)C3CC(F)(CO)C3)[C@H]1C2,
33861,C#Cc1ccc(C(=O)N2CC[C@H]3C[C@@]32C(=O)N[C@@H]2[C@H]3CCC[C@H]32)o1,,,C#Cc1ccc(C(=O)N2CC[C@H]3C[C@@]32C(=O)N[C@H]2[C@@H]3CCC[C@@H]32)o1,
33875,O=C(NCCNC(=O)[C@H]1C[C@](O)(C(F)(F)F)C1)c1cccc(F)c1C1CC1,"2-cyclopropyl-3-fluoro-N-(2-((1s,3s)-3-hydroxy-3-(trifluoromethyl)cyclobutanecarboxamido)ethyl)benzamide",,O=C(NCCNC(=O)C1CC(O)(C(F)(F)F)C1)c1cccc(F)c1C1CC1,
33987,Cc1cccc2[nH]cc(C(=O)N[C@H]3C[C@@](C)(NC(=O)[C@H](O)C4CCCC4)C3)c12,"N-((1S,3s)-3-((2R)-2-cyclopentyl-2-hydroxyacetamido)-3-methylcyclobutyl)-4-methyl-1H-indole-3-carboxamide",,Cc1cccc2[nH]cc(C(=O)N[C@H]3C[C@@](C)(NC(=O)C(O)C4CCCC4)C3)c12,
33993,CCO[C@@H](C(=O)N1C[C@H]2[C@@H](C1)[C@@H]2C(=O)N1CC(NC(=O)OC)C1)C(C)C,"methyl (1-(((1R,5S,6R)-3-((2R)-2-ethoxy-3-methylbutanoyl)-3-azabicyclo[3.1.0]hexan-6-yl)carbonyl)azetidin-3-yl)carbamate",,CCOC(C(=O)N1C[C@@H]2C(C(=O)N3CC(NC(=O)OC)C3)[C@@H]2C1)C(C)C,
34003,CN(C[C@H]1[C@@H]2CN(C(=O)c3cc[nH]n3)C[C@H]12)C(=O)[C@@H](c1ccccc1)C(C)(C)C,,,CN(C[C@@H]1[C@H]2CN(C(=O)c3cc[nH]n3)C[C@@H]12)C(=O)C(c1ccccc1)C(C)(C)C,
34023,CCCC[C@@H](C(=O)N[C@]1(C)C[C@@H](NC(=O)[C@@H](NC(C)=O)[C@@H](C)CC)C1)C(C)C,"(2R)-N-((1S,3R)-3-((2S,3S)-2-acetamido-3-methylpentanamido)-1-methylcyclobutyl)-2-(propan-2-yl)hexanamide",,CCCCC(C(=O)N[C@]1(C)C[C@@H](NC(=O)C(NC(C)=O)[C@@H](C)CC)C1)C(C)C,
34113,COC(=O)[C@@H]1CC[C@H](NC(=O)[C@H](c2cc(C)cc(F)c2)N2C[C@H]3[C@H](C)[C@H]3C2)C1,"methyl (1R,3S)-3-((2S)-2-(3-fluoro-5-methylphenyl)-2-((1R,5S,6R)-6-methyl-3-azabicyclo[3.1.0]hexan-3-yl)acetamido)cyclopentanecarboxylate",,COC(=O)C1CC[C@H](NC(=O)C(c2cc(C)cc(F)c2)N2C[C@@H]3[C@@H](C)[C@@H]3C2)C1,
34122,CCc1cccnc1C(=O)N[C@H]1C[C@](F)(CNC(=O)Cc2cnns2)C1,"3-ethyl-N-((1s,3s)-3-fluoro-3-((2-(1,2,3-thiadiazol-5-yl)acetamido)methyl)cyclobutyl)pyridine-2-carboxamide",,CCc1cccnc1C(=O)N[C@H]1C[C@](F)(CNC(=O)Cc2cnns2)C1,
34129,CC/C=C/CC(=O)N[C@H]1C[C@@](F)(CNC(=O)[C@H]2CCCC[C@@H]2CC)C1,"(3E)-N-((1S,3r)-3-(((1S,2S)-2-ethylcyclohexanecarboxamido)methyl)-3-fluorocyclobutyl)hex-3-enamide",,CC/C=C/CC(=O)N[C@H]1C[C@@](F)(CNC(=O)C2CCCC[C@@H]2CC)C1,
34133,CC[C@H]1OCC[C@@H]1C(=O)N[C@H]1C[C@](C)(NC(=O)Cc2ccc(Cl)cn2)C1,"(2R,3S)-N-((1r,3S)-3-(2-(5-chloropyridin-2-yl)acetamido)-3-methylcyclobutyl)-2-ethyloxolane-3-carboxamide",,CC[C@H]1OCCC1C(=O)N[C@H]1C[C@](C)(NC(=O)Cc2ccc(Cl)cn2)C1,
34157,CCCS(=O)(=O)CC(=O)N[C@]1(C)C[C@H](NC(=O)[C@@H]2CCN(S(C)(=O)=O)C2)C1,"N-((1S,3s)-1-methyl-3-((3R)-1-(methylsulfonyl)pyrrolidine-3-carboxamido)cyclobutyl)-2-(propylsulfonyl)acetamide",,CCCS(=O)(=O)CC(=O)N[C@]1(C)C[C@H](NC(=O)C2CCN(S(C)(=O)=O)C2)C1,
34188,CCCCS(=O)(=O)CC(=O)N1C[C@H]2[C@H](NC(=O)C3CC(SC)C3)[C@H]2C1,,,CCCCS(=O)(=O)CC(=O)N1C[C@@H]2[C@H](C1)[C@H]2NC(=O)C1CC(SC)C1,
34230,CCc1ocnc1C(=O)NC[C@@H](C)C1CCN(C(=O)[C@@H]2[C@H]3CCCC[C@H]32)CC1,,,CCc1ocnc1C(=O)NC[C@@H](C)C1CCN(C(=O)C2[C@H]3CCCC[C@@H]23)CC1,
34281,CC1(C)CCO[C@@H]1C(=O)N[C@@H]1C[C@H]2[C@@H](C1)[C@@H]2NC(=O)[C@@H]1CC2(CC2)CO1,"(6S)-N-((1R,3S,5S,6S)-3-((2S)-3,3-dimethyloxolane-2-carboxamido)bicyclo[3.1.0]hexan-6-yl)-5-oxaspiro[2.4]heptane-6-carboxamide",,CC1(C)CCOC1C(=O)N[C@H]1C[C@@H]2[C@H](C1)[C@H]2NC(=O)C1CC2(CC2)CO1,
34314,COC1CCC(C)(C(=O)N[C@H]2C[C@@](F)(CNC(=O)c3nn(C)c(C)c3Cl)C2)CC1,"4-chloro-N-(((1r,3r)-1-fluoro-3-(4-methoxy-1-methylcyclohexanecarboxamido)cyclobutyl)methyl)-1,5-dimethyl-1H-pyrazole-3-carboxamide",,COC1CCC(C)(C(=O)N[C@H]2C[C@@](F)(CNC(=O)c3nn(C)c(C)c3Cl)C2)CC1,
34350,N#Cc1ncc(Cl)c(N2C[C@H]3C[C@H](NC(=O)c4ccc(F)cn4)C[C@H]3C2)n1,,,N#Cc1ncc(Cl)c(N2C[C@H]3C[C@H](NC(=O)c4ccc(F)cn4)C[C@H]3C2)n1,
34469,CC[C@H](O)C(C)(C)C(=O)N[C@@H]1C[C@H]2[C@@H](C1)[C@@H]2NC(=O)C1CN(C(N)=O)C1,,,CC[C@H](O)C(C)(C)C(=O)N[C@H]1C[C@@H]2[C@H](C1)[C@H]2NC(=O)C1CN(C(N)=O)C1,
34567,Cn1ccc(C=CC(=O)N2CCCN(C(=O)[C@@H]3[C@H]4CC[C@H]43)CC2)c1,,,Cn1ccc(C=CC(=O)N2CCCN(C(=O)C3[C@H]4CC[C@@H]34)CC2)c1,
34568,CC(C)=C(C)C(=O)NC[C@H]1OCC[C@H]1C(=O)NC[C@]1(F)C[C@H](CO)C1,"N-(((2S,3R)-3-((((1r,3R)-1-fluoro-3-(hydroxymethyl)cyclobutyl)methyl)carbamoyl)oxolan-2-yl)methyl)-2,3-dimethylbut-2-enamide",,CC(C)=C(C)C(=O)NC[C@H]1OCCC1C(=O)NC[C@]1(F)C[C@H](CO)C1,
34611,CC1CN(CC(=O)N[C@H]2CCCC[C@@H]2CNC(=O)[C@]2(C(F)(F)F)C[C@@H](O)C2)C1,"N-((1S,2R)-2-(((1s,3S)-3-hydroxy-1-(trifluoromethyl)cyclobutanecarboxamido)methyl)cyclohexyl)-2-(3-methylazetidin-1-yl)acetamide",,CC1CN(CC(=O)N[C@H]2CCCC[C@@H]2CNC(=O)[C@]2(C(F)(F)F)C[C@@H](O)C2)C1,
34647,CC1=CCS[C@H]1C(=O)N(C)CCOCCC(=O)N[C@H]1C[C@@H]2CCC[C@@H]2C1,,,CC1=CCSC1C(=O)N(C)CCOCCC(=O)N[C@@H]1C[C@H]2CCC[C@H]2C1,
34681,O=C(NCC1(F)CN(C(=O)C[C@@]23CCC[C@@H]2C3)C1)[C@@H]1C[C@@H]2C[C@@H]2C1,,,O=C(NCC1(F)CN(C(=O)C[C@@]23CCC[C@@H]2C3)C1)C1C[C@@H]2C[C@@H]2C1,
34706,O=C(CCF)N[C@H]1[C@@H]2CN(C(=O)CNC(=O)c3ccc4ccccc4c3)C[C@@H]21,,,O=C(CCF)N[C@H]1[C@@H]2CN(C(=O)CNC(=O)c3ccc4ccccc4c3)C[C@@H]21,
34728,Cn1ccc2[nH]c(C(=O)N[C@@H]3C[C@@H]4CC[C@H](C3)N4C(=O)CCN3CCCC3)cc21,,,Cn1ccc2[nH]c(C(=O)N[C@H]3C[C@H]4CC[C@@H](C3)N4C(=O)CCN3CCCC3)cc21,
34732,O=C(NCCc1ccc(Br)s1)[C@@H]1[C@H]2CN(Cc3ccc(Cl)cc3O)C[C@H]21,,,O=C(NCCc1ccc(Br)s1)C1[C@H]2CN(Cc3ccc(Cl)cc3O)C[C@@H]12,
34926,Cn1ccc(C(=O)N2CCCC[C@H](NC(=O)[C@@H]3C[C@H]4[C@@H](C3)C4(F)F)C2)c(O)c1=O,,,Cn1ccc(C(=O)N2CCCC[C@H](NC(=O)C3C[C@@H]4[C@H](C3)C4(F)F)C2)c(O)c1=O,
35000,Cc1cc(C(=O)N2CCC[C@@H](C(C)(C)C(=O)N[C@]3(C)C[C@H](N(C)C)C3)C2)c(C)s1,"N-((1s,3R)-3-(dimethylamino)-1-methylcyclobutyl)-2-((3S)-1-((2,5-dimethylthiophen-3-yl)carbonyl)piperidin-3-yl)-2-methylpropanamide",,Cc1cc(C(=O)N2CCC[C@@H](C(C)(C)C(=O)N[C@]3(C)C[C@H](N(C)C)C3)C2)c(C)s1,
35002,CCCCCCC(=O)N[C@H]1C[C@@H]2CC[C@H](C1)N2C(=O)[C@@H]1SCC=C1C,"N-((1R,3S,5S)-8-(((2R)-3-methyl-2,5-dihydrothiophen-2-yl)carbonyl)-8-azabicyclo[3.2.1]octan-3-yl)heptanamide",,CCCCCCC(=O)N[C@@H]1C[C@H]2CC[C@@H](C1)N2C(=O)C1SCC=C1C,
35027,CCCN1CC(NC(=O)[C@H](CCF)NC(=O)[C@@H]2[C@H]3COC[C@H]32)C1,,,CCCN1CC(NC(=O)C(CCF)NC(=O)C2[C@H]3COC[C@@H]23)C1,
35035,CC1(C)OC[C@H](CCC(=O)N[C@H]2[C@@H]3CN(C(=O)c4c[nH]nc4C(F)(F)F)C[C@@H]32)O1,,,CC1(C)OC[C@H](CCC(=O)N[C@H]2[C@@H]3CN(C(=O)c4c[nH]nc4C(F)(F)F)C[C@@H]32)O1,
35084,Cc1cnn(CCC(=O)NC[C@H]2C[C@@H]3CC[C@H](C2)N3C(=O)c2cscc2Cl)c1,,,Cc1cnn(CCC(=O)NC[C@@H]2C[C@H]3CC[C@@H](C2)N3C(=O)c2cscc2Cl)c1,
35117,Cn1ncc(C(=O)NC[C@@H]2CCCN2C(=O)[C@H]2C[C@@H]3CC[C@H](C2)[C@@H]3O)c1C1CC1,,,Cn1ncc(C(=O)NC[C@@H]2CCCN2C(=O)C2C[C@H]3CC[C@@H](C2)[C@H]3O)c1C1CC1,
35188,C=CCOCCCC(=O)N[C@]1(C)C[C@H](NC(=O)c2cc(C3CC3)n(C)n2)C1,"N-((1s,3s)-3-(5-cyclopropyl-1-methyl-1H-pyrazole-3-carboxamido)-1-methylcyclobutyl)-4-((prop-2-en-1-yl)oxy)butanamide",,C=CCOCCCC(=O)N[C@]1(C)C[C@H](NC(=O)c2cc(C3CC3)n(C)n2)C1,
35261,CC(C)c1ccc(NNC(=O)[C@@H]2[C@H]3CN(CC(F)(F)F)C[C@H]32)cc1,,,CC(C)c1ccc(NNC(=O)C2[C@H]3CN(CC(F)(F)F)C[C@@H]23)cc1,
35264,C#C[C@]1(O)C[C@@H](C(=O)N[C@@H]2CC[C@@H]2CNC(=O)CS(=O)(=O)NC[C@@H]2CCCO2)C1,"(1s,3S)-3-ethynyl-3-hydroxy-N-((1R,2R)-2-((2-((((2S)-oxolan-2-yl)methyl)sulfamoyl)acetamido)methyl)cyclobutyl)cyclobutanecarboxamide",,C#CC1(O)CC(C(=O)N[C@@H]2CC[C@@H]2CNC(=O)CS(=O)(=O)NC[C@@H]2CCCO2)C1,
35334,CCN(C[C@H](C)NC(=O)[C@H]1C[C@@H]2CC[C@H](C1)C2=O)C(=O)C[C@@H](C)C(F)(F)F,,,CCN(C[C@H](C)NC(=O)C1CC2CCC(C1)C2=O)C(=O)C[C@@H](C)C(F)(F)F,
35413,C#Cc1c[nH]nc1C(=O)N[C@]1(C)C[C@@H](NC(=O)c2c[nH]c(=N)s2)C1,"N-((1r,3r)-3-(4-ethynyl-1H-pyrazole-3-carboxamido)-3-methylcyclobutyl)-2-imino-2,3-dihydro-1,3-thiazole-5-carboxamide",,C#Cc1c[nH]nc1C(=O)N[C@]1(C)C[C@@H](NC(=O)c2cnc(N)s2)C1,
35449,O=C(N[C@H]1C[C@@H]2CC[C@H](C1)N2C(=O)[C@@H]1C[C@H]1F)c1ccc(F)c2ccccc12,"4-fluoro-N-((1R,3R,5S)-8-(((1S,2R)-2-fluorocyclopropyl)carbonyl)-8-azabicyclo[3.2.1]octan-3-yl)naphthalene-1-carboxamide",,O=C(N[C@@H]1C[C@H]2CC[C@@H](C1)N2C(=O)C1C[C@H]1F)c1ccc(F)c2ccccc12,
35516,C[C@H]1C[C@](C)(C(=O)N[C@@H](CNC(=O)c2cnc(=N)[nH]c2)C2CC2)C[C@@H](C)O1,,,C[C@@H]1C[C@@](C)(C(=O)N[C@@H](CNC(=O)c2cnc(N)nc2)C2CC2)C[C@H](C)O1,
35547,C#Cc1cccc(C(=O)NC[C@H]2C[C@](F)(CNC(=O)[C@@H]3CC[C@@H]4C[C@@H]43)C2)c1,"(1S,2R,5R)-N-(((1s,3S)-3-((3-ethynylbenzamido)methyl)-1-fluorocyclobutyl)methyl)bicyclo[3.1.0]hexane-2-carboxamide",,C#Cc1cccc(C(=O)NC[C@H]2C[C@](F)(CNC(=O)C3CC[C@@H]4C[C@H]34)C2)c1,
35565,CCc1ncc(C(=O)N[C@H]2C[C@@H]3CC[C@H](C2)N3C(=O)c2cnn(C)c2CC)cn1,,,CCc1ncc(C(=O)N[C@@H]2C[C@H]3CC[C@@H](C2)N3C(=O)c2cnn(C)c2CC)cn1,
35586,COC1=CC=C(Cl)C=C1CC(=O)N1C[C@@H]2[C@@H](CNC(=O)C3(C)C=CCCC3)[C@@H]2C1,,,COc1ccc(Cl)cc1CC(=O)N1C[C@@H]2[C@@H](CNC(=O)C3(C)C=CCCC3)[C@@H]2C1,
35600,COc1ccc(C(=O)NC[C@H]2C[C@@](F)(CNC(=O)CCc3ccn(C)n3)C2)cn1,"N-(((1r,3r)-3-fluoro-3-((3-(1-methyl-1H-pyrazol-3-yl)propanamido)methyl)cyclobutyl)methyl)-6-methoxypyridine-3-carboxamide",,COc1ccc(C(=O)NC[C@H]2C[C@@](F)(CNC(=O)CCc3ccn(C)n3)C2)cn1,
35605,C=CCCC(=O)N[C@]1(C)C[C@H](NC(=O)Cc2cn3c(C)csc3n2)C1,"N-((1s,3s)-1-methyl-3-(2-(4-methyl-2-thia-5,8-diazabicyclo[3.3.0]octa-1(8),3,6-trien-7-yl)acetamido)cyclobutyl)pent-4-enamide",,C=CCCC(=O)N[C@]1(C)C[C@H](NC(=O)Cc2cn3c(C)csc3n2)C1,
35624,Cn1ncc([N+](=O)[O-])c1C(=O)NC[C@H]1CC[C@@](F)(CNC(=O)C(F)(F)CO)CC1,"N-(((1r,4r)-4-((2,2-difluoro-3-hydroxypropanamido)methyl)-4-fluorocyclohexyl)methyl)-1-methyl-4-nitro-1H-pyrazole-5-carboxamide",,Cn1ncc([N+](=O)[O-])c1C(=O)NC[C@H]1CC[C@@](F)(CNC(=O)C(F)(F)CO)CC1,
35658,CN(CCN(C)C(=O)[C@]1(C)C[C@@H](C#N)C1)C(=O)CCOc1ccccc1Cl,"(1r,3r)-3-cyano-N,1-dimethyl-N-(2-(N-methyl-3-((2-chlorophenyl)oxy)propanamido)ethyl)cyclobutanecarboxamide",,CN(CCN(C)C(=O)[C@]1(C)C[C@@H](C#N)C1)C(=O)CCOc1ccccc1Cl,
35698,O=C(NC[C@@H]1[C@H]2CC[C@H](C2)N1C(=O)C=CC1CCCC1)[C@@H]1C[C@@H]2C[C@@H]2C1,,,O=C(NC[C@@H]1[C@H]2CC[C@H](C2)N1C(=O)C=CC1CCCC1)C1C[C@@H]2C[C@@H]2C1,
35714,O=C(N[C@@H]1C[C@@H]2C[C@H]1N(C(=O)COCC(F)(F)F)C2)[C@H]1C[C@@H]2CC[C@H](C1)[C@H]2O,,,O=C(N[C@@H]1C[C@@H]2C[C@H]1N(C(=O)COCC(F)(F)F)C2)C1C[C@H]2CC[C@@H](C1)[C@@H]2O,
35746,CCSCc1ccccc1C(=O)N1C[C@H]2[C@H](CN(C)C(=O)[C@@H]3CCCS3)[C@H]2C1,,,CCSCc1ccccc1C(=O)N1C[C@@H]2[C@@H](CN(C)C(=O)C3CCCS3)[C@@H]2C1,
35771,CO[C@@H](CNC(=O)CSC(C)(C)C)C(=O)N[C@H]1C[C@@H]2C[C@@H]2C1,,,COC(CNC(=O)CSC(C)(C)C)C(=O)N[C@H]1C[C@@H]2C[C@@H]2C1,
35786,CCC[C@@H]1C[C@@H](C(=O)N[C@H]2[C@@H]3CN(c4ncnc5cc(C)ccc45)C[C@@H]32)CCO1,,,CCC[C@@H]1CC(C(=O)N[C@H]2[C@@H]3CN(c4ncnc5cc(C)ccc45)C[C@@H]32)CCO1,
35912,CCC1=NO[C@@H](C(=O)N[C@H]2C[C@@](F)(CNC(=O)[C@H](CCC(N)=O)NC(C)=O)C2)C1,"(5R)-N-((1S,3R)-3-(((2S)-2-acetamido-4-carbamoylbutanamido)methyl)-3-fluorocyclobutyl)-3-ethyl-4,5-dihydro-1,2-oxazole-5-carboxamide",,CCC1=NOC(C(=O)N[C@H]2C[C@@](F)(CNC(=O)C(CCC(N)=O)NC(C)=O)C2)C1,
35956,COc1ncc(C(=O)N[C@H]2C[C@](F)(CNC(=O)C(C)(C)CSC)C2)s1,"N-((1s,3s)-3-((2,2-dimethyl-3-(methylsulfanyl)propanamido)methyl)-3-fluorocyclobutyl)-2-methoxy-1,3-thiazole-5-carboxamide",,COc1ncc(C(=O)N[C@H]2C[C@](F)(CNC(=O)C(C)(C)CSC)C2)s1,
35989,Cc1cccc2[nH]c(C(=O)N[C@H]3C[C@@](C)(NC(=O)Cc4c[nH]nc4O)C3)cc12,"N-((1s,3s)-3-(2-(3-hydroxy-1H-pyrazol-4-yl)acetamido)-3-methylcyclobutyl)-4-methyl-1H-indole-2-carboxamide",,Cc1cccc2[nH]c(C(=O)N[C@H]3C[C@@](C)(NC(=O)Cc4c[nH][nH]c4=O)C3)cc12,
35997,Cc1cc(N)c(C(=O)N[C@H]2C[C@@](C)(NC(=O)[C@@H](C)Sc3ccccc3)C2)cc1C,"2-amino-4,5-dimethyl-N-((1S,3s)-3-methyl-3-((2R)-2-(phenylsulfanyl)propanamido)cyclobutyl)benzamide",,Cc1cc(N)c(C(=O)N[C@H]2C[C@@](C)(NC(=O)C(C)Sc3ccccc3)C2)cc1C,
36026,Cc1nnccc1C(=O)N[C@@H]1[C@H]2C[C@H](NC(=O)[C@H]3CC3(C)C)C[C@H]21,,,Cc1nnccc1C(=O)N[C@H]1[C@@H]2C[C@@H](NC(=O)C3CC3(C)C)C[C@@H]21,
36071,CN(C(=O)[C@H]1C[C@H]2[C@@H](C1)C2(C)C)[C@H]1CCCN(C(=O)C[C@H]2C=CCC2)C1,,,CN(C(=O)C1C[C@@H]2[C@H](C1)C2(C)C)[C@H]1CCCN(C(=O)C[C@H]2C=CCC2)C1,
36170,CO[C@@H](F)C(=O)NC[C@]1(F)C[C@H](NC(=O)c2cc(C#N)ccc2O)C1,"(2S)-N-(((1r,3S)-3-(5-cyano-2-hydroxybenzamido)-1-fluorocyclobutyl)methyl)-2-fluoro-2-methoxyacetamide",,COC(F)C(=O)NC[C@]1(F)C[C@H](NC(=O)c2cc(C#N)ccc2O)C1,
36191,Cc1c(F)ccc(CN2C[C@@H]3[C@H](C2)[C@@H]3NC(=O)[C@@H]2CCC[C@@H]3CCCC[C@H]32)c1Cl,,,Cc1c(F)ccc(CN2C[C@@H]3[C@H](C2)[C@@H]3NC(=O)C2CCC[C@@H]3CCCC[C@@H]23)c1Cl,
36246,C[C@H]1C[C@@H](C(=O)N2CC[C@@H](C)N(C(=O)Cn3cc(C#N)cn3)CC2)C[C@@H](C)O1,,,C[C@@H]1CC(C(=O)N2CC[C@@H](C)N(C(=O)Cn3cc(C#N)cn3)CC2)C[C@H](C)O1,
36332,C=CC[C@@H](NC(=O)[C@H]1C[C@@H]2CCC[C@@H]2C1)C(=O)NCC(C)(C)[C@@H]1CCCO1,,,C=CCC(NC(=O)C1C[C@H]2CCC[C@H]2C1)C(=O)NCC(C)(C)[C@@H]1CCCO1,
36466,CC(C)(C(=O)NC[C@@]1(NC(=O)[C@@H]2[C@H]3COC[C@H]32)CCOC1)c1ccc(Cl)s1,,,CC(C)(C(=O)NC[C@@]1(NC(=O)C2[C@H]3COC[C@@H]23)CCOC1)c1ccc(Cl)s1,
36491,C[C@H](O)[C@H]1CCN(c2nc3c(c(N4CCC[C@]5(C4)C[C@H](O)C5)n2)CSC3)C1,"6-(3-((3S)-3-((1S)-1-hydroxyethyl)pyrrolidin-1-yl)-8-thia-2,4-diazabicyclo[4.3.0]nona-1(6),2,4-trien-5-yl)-6-azaspiro[3.5]nonan-2-ol",O[C@@H](C)[C@@H]1CN(CC1)C1=NC=2CSCC2C(=N1)N1CC2(CC(C2)O)CCC1,C[C@H](O)[C@H]1CCN(c2nc3c(c(N4CCC[C@]5(C4)C[C@H](O)C5)n2)CSC3)C1,C[C@H](O)[C@H]1CCN(c2nc3c(c(N4CCCC5(CC(O)C5)C4)n2)CSC3)C1
36492,CN(C)[C@H](C(=O)NC[C@@H]1C[C@@H]2CC[C@H](C1)N2C(=O)c1cc(Br)c[nH]1)C1CC1,,,CN(C)C(C(=O)NC[C@H]1C[C@H]2CC[C@@H](C1)N2C(=O)c1cc(Br)c[nH]1)C1CC1,
36502,Cc1ccc(F)cc1CC(=O)NC[C@@H]1C[C@H]1NC(=O)[C@H]1C[C@@](F)(CO)C1,"2-(5-fluoro-2-methylphenyl)-N-(((1S,2R)-2-((1r,3R)-3-fluoro-3-(hydroxymethyl)cyclobutanecarboxamido)cyclopropyl)methyl)acetamide",,Cc1ccc(F)cc1CC(=O)NC[C@@H]1C[C@H]1NC(=O)C1CC(F)(CO)C1,
36517,Cc1nnnn1CC(=O)N1[C@H]2CC[C@@H]1C[C@@H](N(C)C(=O)C[C@H]1CCOC1)C2,,,Cc1nnnn1CC(=O)N1[C@@H]2CC[C@H]1C[C@H](N(C)C(=O)C[C@H]1CCOC1)C2,
36519,Cc1cc(CC(=O)NC[C@H]2C[C@](F)(CNC(=O)C[C@@H]3CC(C)(C)CO3)C2)n(C)n1,"2-(1,3-dimethyl-1H-pyrazol-5-yl)-N-(((1R,3s)-3-((2-((2S)-4,4-dimethyloxolan-2-yl)acetamido)methyl)-3-fluorocyclobutyl)methyl)acetamide",,Cc1cc(CC(=O)NC[C@H]2C[C@](F)(CNC(=O)C[C@@H]3CC(C)(C)CO3)C2)n(C)n1,
36562,COc1nccnc1C(=O)N(C)[C@@H](C)C(=O)N[C@H]1C[C@H]2COC[C@H](C2)C1,,,COc1nccnc1C(=O)N(C)C(C)C(=O)N[C@@H]1C[C@@H]2COC[C@@H](C2)C1,
36600,Cc1ccn(C(C)(C)C(=O)N2CCCN(C(=O)[C@@H]3C[C@H]4CCC[C@H](C4)C3)CC2)n1,,,Cc1ccn(C(C)(C)C(=O)N2CCCN(C(=O)C3C[C@H]4CCC[C@@H](C3)C4)CC2)n1,
36620,CC(C)[C@@H](COCC(F)(F)F)NC(=O)[C@H]1C[C@](O)(c2ccncc2)C1,"(1s,3R)-3-hydroxy-N-((2S)-3-methyl-1-((2,2,2-trifluoroethyl)oxy)butan-2-yl)-3-(pyridin-4-yl)cyclobutanecarboxamide",,CC(C)[C@@H](COCC(F)(F)F)NC(=O)C1CC(O)(c2ccncc2)C1,
36649,CCN1CC[C@H](NC(=O)[C@H]2CN(C(=O)[C@H]3C[C@@](C)(O)C3)CCO2)C1=O,"(2R)-N-((3S)-1-ethyl-2-oxopyrrolidin-3-yl)-4-(((1s,3S)-3-hydroxy-3-methylcyclobutyl)carbonyl)morpholine-2-carboxamide",,CCN1CCC(NC(=O)C2CN(C(=O)C3CC(C)(O)C3)CCO2)C1=O,
36685,CNC(=O)[C@@H]1[C@H]2CN(C(=O)[C@@H]3CC[C@H](O)CN3C(=O)C(COC)COC)C[C@H]21,"(1R,5S,6S)-3-(((2S,5S)-5-hydroxy-1-(3-methoxy-2-(methoxymethyl)propanoyl)piperidin-2-yl)carbonyl)-N-methyl-3-azabicyclo[3.1.0]hexane-6-carboxamide",,CNC(=O)C1[C@H]2CN(C(=O)C3CC[C@H](O)CN3C(=O)C(COC)COC)C[C@@H]12,
36696,C[C@H]1C[C@@H](C(=O)N2CCN(CCNC(=O)C3CCC(CO)CC3)CC2)C[C@@H](C)O1,,,C[C@@H]1CC(C(=O)N2CCN(CCNC(=O)C3CCC(CO)CC3)CC2)C[C@H](C)O1,
36728,CCn1nccc1C(=O)N[C@H]1C[C@@](NC(=O)c2cc[nH]c2C)(c2ccccc2)C1,"1-ethyl-N-((1r,3r)-3-(2-methyl-1H-pyrrole-3-carboxamido)-3-phenylcyclobutyl)-1H-pyrazole-5-carboxamide",,CCn1nccc1C(=O)N[C@H]1C[C@@](NC(=O)c2cc[nH]c2C)(c2ccccc2)C1,
36784,CC(C)Cn1cc(NC(=O)[C@@H](C)N(C)C(=O)[C@@H]2[C@H]3CCCC[C@H]32)cn1,,,CC(C)Cn1cc(NC(=O)C(C)N(C)C(=O)C2[C@H]3CCCC[C@@H]23)cn1,
36794,CN(C(=O)C1=C(F)CN(C(=O)[C@@H]2C[C@@H]3CC[C@@H]3C2)CC1)C1C[C@H]2C[C@@H]2C1,,,CN(C(=O)C1=C(F)CN(C(=O)C2C[C@H]3CC[C@H]3C2)CC1)C1C[C@H]2C[C@@H]2C1,
36826,O=C(C[C@@H]1C[C@H]2C[C@H]2C1)N[C@H](CNC(=O)C1=CSCS1)c1ccccc1,,,O=C(C[C@H]1C[C@@H]2C[C@@H]2C1)N[C@H](CNC(=O)C1=CSCS1)c1ccccc1,
36867,C=CCCOCC(=O)NC[C@H]1C[C@@H]2CC[C@H](C1)N2C(=O)c1ccc(O)c(CC)c1,,,C=CCCOCC(=O)NC[C@@H]1C[C@H]2CC[C@@H](C1)N2C(=O)c1ccc(O)c(CC)c1,
36938,CON(CC1CCCCC1)C(=O)CCCCCNC(=O)[C@@H]1[C@H]2COC[C@H]21,,,CON(CC1CCCCC1)C(=O)CCCCCNC(=O)C1[C@H]2COC[C@@H]12,
36944,CCn1cccc1C(=O)N1CCC[C@]1(C)C(=O)N[C@@H]1[C@@H](C)CC[C@H]1C,,,CCn1cccc1C(=O)N1CCC[C@]1(C)C(=O)N[C@H]1[C@H](C)CC[C@@H]1C,
36979,O=C(NC[C@]1(F)C[C@@H](NC(=O)[C@@H]2CSCCS2)C1)c1cn(CC(F)(F)F)nn1,"N-(((1S,3s)-3-((2R)-1,4-dithiane-2-carboxamido)-1-fluorocyclobutyl)methyl)-1-(2,2,2-trifluoroethyl)-1H-1,2,3-triazole-4-carboxamide",,O=C(NC[C@]1(F)C[C@@H](NC(=O)C2CSCCS2)C1)c1cn(CC(F)(F)F)nn1,
36991,CC[C@H](CN(C)C(=O)c1ccc2nc(C)oc2c1)NC(=O)[C@H]1C[C@@H]2C[C@@H]2C1,,,CC[C@H](CN(C)C(=O)c1ccc2nc(C)oc2c1)NC(=O)C1C[C@@H]2C[C@@H]2C1,
37046,O=C(N[C@@H]1C[C@@H]2CN(C(=O)c3ccc(Cl)c(F)c3O)C[C@H]21)[C@@H]1[C@H]2[C@@H]3CC[C@@H](C3)[C@H]21,,,O=C(N[C@@H]1C[C@@H]2CN(C(=O)c3ccc(Cl)c(F)c3O)C[C@H]21)C1[C@@H]2[C@H]3CC[C@H](C3)[C@H]12,
37128,CCn1nc(C(=O)N(C)[C@@H]2CN(C(=O)[C@H]3CC[C@](C)(O)CC3)CC2(C)C)cc1C,"1-ethyl-N-((3S)-1-(((1r,4S)-4-hydroxy-4-methylcyclohexyl)carbonyl)-4,4-dimethylpyrrolidin-3-yl)-N,5-dimethyl-1H-pyrazole-3-carboxamide",,CCn1nc(C(=O)N(C)[C@@H]2CN(C(=O)C3CCC(C)(O)CC3)CC2(C)C)cc1C,
37203,O=C1CCC(C(=O)N2C[C@@H]3[C@H](C2)[C@@H]3NC(=O)c2ccc3c(Cl)cccc3c2)=NN1,,,O=C1CCC(C(=O)N2C[C@@H]3[C@H](C2)[C@@H]3NC(=O)c2ccc3c(Cl)cccc3c2)=NN1,
37268,C[C@]1(NC(=O)CCF)C[C@H](NC(=O)c2c[nH]c3c(F)cccc23)C1,"3-fluoro-N-((1r,3r)-3-(7-fluoro-1H-indole-3-carboxamido)-1-methylcyclobutyl)propanamide",,C[C@]1(NC(=O)CCF)C[C@H](NC(=O)c2c[nH]c3c(F)cccc23)C1,
37388,CCCN(C(=O)CC1(C#N)CC1)[C@@H](C)C(=O)N[C@H]1C[C@@H]2CCC[C@@H]2C1,,,CCCN(C(=O)CC1(C#N)CC1)C(C)C(=O)N[C@@H]1C[C@H]2CCC[C@H]2C1,
37416,Cn1ncc(Cl)c1CC(=O)N[C@H]1[C@@H]2CN(C(=O)Cn3cccc(N)c3=O)C[C@@H]21,,,Cn1ncc(Cl)c1CC(=O)N[C@H]1[C@@H]2CN(C(=O)Cn3cccc(N)c3=O)C[C@@H]21,
37569,C[C@]1(NC(=O)C2CCC(F)CC2)C[C@H](NC(=O)c2cc(Br)cs2)C1,"4-bromo-N-((1r,3r)-3-(4-fluorocyclohexanecarboxamido)-3-methylcyclobutyl)thiophene-2-carboxamide",,C[C@]1(NC(=O)C2CCC(F)CC2)C[C@H](NC(=O)c2cc(Br)cs2)C1,
37632,C[C@@H](c1ccco1)N(Cc1ccccc1)C(=O)NC[C@H]1[C@@H]2COC[C@H]12,,,C[C@@H](c1ccco1)N(Cc1ccccc1)C(=O)NC[C@@H]1[C@H]2COC[C@@H]12,
37667,C[C@H](NC(=O)CC(C)(C)C)C(=O)N(C)C1CCC(NC(=O)[C@H]2C[C@@](C)(O)C2)CC1,"N-((2S)-1-((4-((1s,3R)-3-hydroxy-3-methylcyclobutanecarboxamido)cyclohexyl)(methyl)amino)-1-oxopropan-2-yl)-3,3-dimethylbutanamide",,CC(NC(=O)CC(C)(C)C)C(=O)N(C)C1CCC(NC(=O)C2CC(C)(O)C2)CC1,
37669,CC[C@@H](C(=O)NC[C@H]1C[C@@](F)(CNC(=O)CSC(F)(F)F)C1)N1C(=O)CCC1=O,"(2S)-2-(2,5-dioxopyrrolidin-1-yl)-N-(((1r,3S)-3-fluoro-3-((2-((trifluoromethyl)sulfanyl)acetamido)methyl)cyclobutyl)methyl)butanamide",,CCC(C(=O)NC[C@H]1C[C@@](F)(CNC(=O)CSC(F)(F)F)C1)n1c(O)ccc1O,
37689,Cc1nn(C)c(C)c1C(=O)N[C@H]1C[C@](C)(NC(=O)c2cnc(C3CCC3)s2)C1,"2-cyclobutyl-N-((1r,3r)-1-methyl-3-(1,3,5-trimethyl-1H-pyrazole-4-carboxamido)cyclobutyl)-1,3-thiazole-5-carboxamide",,Cc1nn(C)c(C)c1C(=O)N[C@H]1C[C@](C)(NC(=O)c2cnc(C3CCC3)s2)C1,
37744,CCCC[C@](C)(CO)NC(=O)[C@H](CC(C)C)ONC(=O)[C@H]1C[C@@H]2CC[C@@H]2C1,,,CCCC[C@](C)(CO)NC(=O)C(CC(C)C)ONC(=O)C1C[C@H]2CC[C@H]2C1,
37758,CC12CC(C(=O)N[C@]3(C)C[C@@H](NC(=O)[C@H]4CC[C@H](Oc5ccncc5)C4)C3)(C1)C2,"3-methyl-N-((1S,3r)-1-methyl-3-((1S,3S)-3-((pyridin-4-yl)oxy)cyclopentanecarboxamido)cyclobutyl)bicyclo[1.1.1]pentane-1-carboxamide",,CC12CC(C(=O)N[C@]3(C)C[C@@H](NC(=O)C4CC[C@H](Oc5ccncc5)C4)C3)(C1)C2,
37761,CC(=O)N1CSC[C@H]1C(=O)NC1CC(C)(CNC(=O)[C@]23CC[C@H](CC2)C3(C)C)C1,"(4R)-3-acetyl-N-(3-((7,7-dimethylbicyclo[2.2.1]heptane-1-carboxamido)methyl)-3-methylcyclobutyl)-1,3-thiazolidine-4-carboxamide",C(C)(=O)N1CSC[C@H]1C(=O)NC1CC(C1)(C)CNC(=O)C12CCC(CC1)C2(C)C,CC(=O)N1CSCC1C(=O)NC1CC(C)(CNC(=O)[C@]23CC[C@H](CC2)C3(C)C)C1,CC(=O)N1CSCC1C(=O)NC1CC(C)(CNC(=O)C23CCC(CC2)C3(C)C)C1
37867,COC[C@@H](CC(C)C)C(=O)N(C)C[C@H]1[C@@H]2CN(C(=O)c3ccn(COC)n3)C[C@H]12,,,COCC(CC(C)C)C(=O)N(C)C[C@@H]1[C@H]2CN(C(=O)c3ccn(COC)n3)C[C@@H]12,
37936,CNS(=O)(=O)CC(=O)N[C@H]1C[C@@](C)(NC(=O)CCc2cccc([N+](=O)[O-])c2)C1,"N-((1s,3s)-1-methyl-3-(2-(methylsulfamoyl)acetamido)cyclobutyl)-3-(3-nitrophenyl)propanamide",,CNS(=O)(=O)CC(=O)N[C@H]1C[C@@](C)(NC(=O)CCc2cccc([N+](=O)[O-])c2)C1,
37960,CC[C@H](C)CC(=O)N[C@H]1C[C@@H]2C[C@H](C1)CN(C(=O)c1cc(C)cc(C)n1)C2,,,CC[C@H](C)CC(=O)N[C@@H]1C[C@H]2C[C@@H](C1)CN(C(=O)c1cc(C)cc(C)n1)C2,
37978,CCc1ccccc1CC(=O)N[C@H]1C[C@](F)(CNC(=O)[C@H]2CC[C@@H](C)NC2=O)C1,"2-(2-ethylphenyl)-N-((1S,3s)-3-fluoro-3-(((3R,6R)-6-methyl-2-oxopiperidine-3-carboxamido)methyl)cyclobutyl)acetamide",,CCc1ccccc1CC(=O)N[C@H]1C[C@](F)(CNC(=O)C2CC[C@@H](C)NC2=O)C1,
38110,C[C@H](C(=O)N[C@]1(C)C[C@H](NC(=O)c2ccc3n[nH]cc3c2F)C1)C1CC1,"(2S)-2-cyclopropyl-N-((1s,3R)-3-(4-fluoro-2H-indazole-5-carboxamido)-1-methylcyclobutyl)propanamide",,CC(C(=O)N[C@]1(C)C[C@H](NC(=O)c2ccc3[nH]ncc3c2F)C1)C1CC1,
38123,CC(=O)N1CCC[C@H]1C(=O)NC[C@]1(F)C[C@H](CNC(=O)CC[C@@H]2CCCN2C)C1,"(2S)-1-acetyl-N-(((1S,3S)-1-fluoro-3-((3-((2S)-1-methylpyrrolidin-2-yl)propanamido)methyl)cyclobutyl)methyl)pyrrolidine-2-carboxamide",,CC(=O)N1CCCC1C(=O)NC[C@]1(F)C[C@H](CNC(=O)CC[C@@H]2CCCN2C)C1,
38127,COC(C)(C)CCC(=O)N[C@H]1[C@@H]2CN(C(=O)[C@@]3(C)CCCN3C)C[C@@H]21,"N-((1R,5S,6S)-3-(((2R)-1,2-dimethylpyrrolidin-2-yl)carbonyl)-3-azabicyclo[3.1.0]hexan-6-yl)-4-methoxy-4-methylpentanamide",,COC(C)(C)CCC(=O)N[C@H]1[C@@H]2CN(C(=O)[C@@]3(C)CCCN3C)C[C@@H]21,
38268,CCOCc1nc(C(=O)N2C[C@H](C)[C@@H](NC(=O)CSC(F)F)[C@H](C)C2)cs1,,,CCOCc1nc(C(=O)N2C[C@@H](C)[C@H](NC(=O)CSC(F)F)[C@@H](C)C2)cs1,
38338,COc1c(F)cccc1CC(=O)N[C@]1(C)C[C@H](NC(=O)CCc2ncccn2)C1,"N-((1s,3s)-3-(2-(3-fluoro-2-methoxyphenyl)acetamido)-3-methylcyclobutyl)-3-(pyrimidin-2-yl)propanamide",,COc1c(F)cccc1CC(=O)N[C@]1(C)C[C@H](NC(=O)CCc2ncccn2)C1,
38361,Cc1cc(C(=O)NC[C@]2(F)C[C@H](NC(=O)C(C)(C)C3CCC3)C2)c(C)[nH]1,"N-(((1r,3r)-3-(2-cyclobutyl-2-methylpropanamido)-1-fluorocyclobutyl)methyl)-2,5-dimethyl-1H-pyrrole-3-carboxamide",,Cc1cc(C(=O)NC[C@]2(F)C[C@H](NC(=O)C(C)(C)C3CCC3)C2)c(C)[nH]1,
38464,CC(F)(F)CC(=O)N[C@H]1C[C@](C)(NC(=O)[C@H]2C[C@H]3CC[C@H]2NC3=O)C1,"3,3-difluoro-N-((1S,3r)-3-methyl-3-((1R,4R,6S)-3-oxo-2-azabicyclo[2.2.2]octane-6-carboxamido)cyclobutyl)butanamide",,CC(F)(F)CC(=O)N[C@H]1C[C@](C)(NC(=O)C2C[C@H]3CC[C@H]2NC3=O)C1,
38524,CCOCCOCC(=O)N1C[C@H]2[C@H](CNC(=O)C3(Nc4ccccc4)CC3)[C@H]2C1,,,CCOCCOCC(=O)N1C[C@@H]2[C@@H](CNC(=O)C3(Nc4ccccc4)CC3)[C@@H]2C1,
38569,Cn1ncc(CCC(=O)N[C@]2(c3ccccc3)C[C@@H](NC(=O)CSC3CC3)C2)n1,"N-((1r,3r)-3-(2-(cyclopropylsulfanyl)acetamido)-1-phenylcyclobutyl)-3-(2-methyl-2H-1,2,3-triazol-4-yl)propanamide",,Cn1ncc(CCC(=O)N[C@]2(c3ccccc3)C[C@@H](NC(=O)CSC3CC3)C2)n1,
38580,Cn1ncc(C#N)c1C(=O)N1[C@H]2CC[C@@H]1C[C@H](NC(=O)C(C)(C)c1nccs1)C2,,,Cn1ncc(C#N)c1C(=O)N1[C@@H]2CC[C@H]1C[C@@H](NC(=O)C(C)(C)c1nccs1)C2,
38779,C=CCSCC(=O)N[C@H]1C[C@@H]2C[C@H](C1)CN(C(=O)CCc1ccc(F)c(F)c1)C2,,,C=CCSCC(=O)N[C@@H]1C[C@H]2C[C@@H](C1)CN(C(=O)CCc1ccc(F)c(F)c1)C2,
38794,CC(=CC(=O)NC[C@H]1[C@@H]2CN(C(=O)C(C)(C)C3CCS(=O)(=O)CC3)C[C@H]12)C1CC1,,,CC(=CC(=O)NC[C@@H]1[C@H]2CN(C(=O)C(C)(C)C3CCS(=O)(=O)CC3)C[C@@H]12)C1CC1,
38889,CC(C)C[C@H](C)CC(=O)N1[C@H]2CC[C@@H]1C[C@H](NC(=O)Cc1ccc(Cl)nc1)C2,"2-(6-chloropyridin-3-yl)-N-((1R,3S,5S)-8-((3S)-3,5-dimethylhexanoyl)-8-azabicyclo[3.2.1]octan-3-yl)acetamide",,CC(C)C[C@H](C)CC(=O)N1[C@@H]2CC[C@H]1C[C@@H](NC(=O)Cc1ccc(Cl)nc1)C2,
38896,Cc1ccnnc1C(=O)N[C@H]1C[C@](F)(CNC(=O)c2ccc(N)cc2[N+](=O)[O-])C1,"N-((1s,3s)-3-((4-amino-2-nitrobenzamido)methyl)-3-fluorocyclobutyl)-4-methylpyridazine-3-carboxamide",,Cc1ccnnc1C(=O)N[C@H]1C[C@](F)(CNC(=O)c2ccc(N)cc2[N+](=O)[O-])C1,
38928,CN(C)[C@H](C(=O)N1C[C@H]2[C@H](N(C)C(=O)C(F)=C3CCCCC3)[C@H]2C1)C1CC1,"2-cyclohexylidene-N-((1R,5S,6R)-3-((2S)-2-cyclopropyl-2-(dimethylamino)acetyl)-3-azabicyclo[3.1.0]hexan-6-yl)-2-fluoro-N-methylacetamide",,CN(C)C(C(=O)N1C[C@@H]2[C@H](C1)[C@H]2N(C)C(=O)C(F)=C1CCCCC1)C1CC1,
38993,CC1(C)CCCO[C@H]1C(=O)N1CC(N2CCN(C(=O)[C@@H]3[C@H]4CCC[C@H]43)CC2)C1,,,CC1(C)CCCOC1C(=O)N1CC(N2CCN(C(=O)C3[C@H]4CCC[C@@H]34)CC2)C1,
39011,CCC(=CC(=O)NC[C@@H](NC(=O)[C@@H]1C[C@@H]2CS(=O)(=O)C[C@@H]2C1)C1CCCC1)CC,,,CCC(=CC(=O)NC[C@@H](NC(=O)C1C[C@@H]2CS(=O)(=O)C[C@@H]2C1)C1CCCC1)CC,
39036,C=C(C)C[C@@H](NC(C)=O)C(=O)N1C[C@H]2[C@H](N(C)C(=O)CCCOC)[C@H]2C1,"N-((1R,5S,6S)-3-((2R)-2-acetamido-4-methylpent-4-enoyl)-3-azabicyclo[3.1.0]hexan-6-yl)-4-methoxy-N-methylbutanamide",,C=C(C)CC(NC(C)=O)C(=O)N1C[C@@H]2[C@H](C1)[C@H]2N(C)C(=O)CCCOC,
39138,CC[C@@H](C(=O)N1[C@H]2CC[C@@H]1C[C@H](CNC(=O)C=C[C@H]1CCCO1)C2)n1ccnc1,"N-(((1R,3S,5S)-8-((2S)-2-(1H-imidazol-1-yl)butanoyl)-8-azabicyclo[3.2.1]octan-3-yl)methyl)-3-((2R)-oxolan-2-yl)prop-2-enamide",,CCC(C(=O)N1[C@@H]2CC[C@H]1C[C@@H](CNC(=O)C=C[C@H]1CCCO1)C2)n1ccnc1,
39190,CC(=CC(=O)N1CC(F)(F)C[C@H]1CNC(=O)[C@H]1C[C@](F)(CO)C1)C(C)C,"(1s,3R)-N-(((2S)-1-(3,4-dimethylpent-2-enoyl)-4,4-difluoropyrrolidin-2-yl)methyl)-3-fluoro-3-(hydroxymethyl)cyclobutanecarboxamide",,CC(=CC(=O)N1CC(F)(F)C[C@H]1CNC(=O)C1CC(F)(CO)C1)C(C)C,
39269,COc1ccc(C[C@@H](C)C(=O)N[C@H]2C[C@@](F)(CNC(=O)[C@H]3C[C@H]3F)C2)cc1OC,"(2R)-3-(3,4-dimethoxyphenyl)-N-((1R,3R)-3-fluoro-3-(((1R,2R)-2-fluorocyclopropanecarboxamido)methyl)cyclobutyl)-2-methylpropanamide",,COc1ccc(CC(C)C(=O)N[C@H]2C[C@@](F)(CNC(=O)C3C[C@H]3F)C2)cc1OC,
39301,O=C(N[C@@]12CCC[C@@H]1N(C(=O)CCCCCCCCBr)CC2)[C@@H]1[C@H]2COC[C@H]21,,,O=C(N[C@@]12CCC[C@@H]1N(C(=O)CCCCCCCCBr)CC2)C1[C@H]2COC[C@@H]12,
39419,CCc1n[nH]c(=NC[C@]2(F)C[C@H](NC(=O)[C@@H](C)NC(=O)C(C)(C)C)C2)o1,"N-((2R)-1-(((1r,3R)-3-(((5-ethyl-3H-1,3,4-oxadiazol-2-ylidene)amino)methyl)-3-fluorocyclobutyl)amino)-1-oxopropan-2-yl)-2,2-dimethylpropanamide",,CCc1nnc(NC[C@]2(F)C[C@H](NC(=O)C(C)NC(=O)C(C)(C)C)C2)o1,
39425,C[C@]1(O)C[C@@H](C(=O)N2CC[C@@H]3[C@@H](NC(=O)c4ccc5snnc5c4)[C@@H]32)C1,"N-((1R,5R,6R)-2-(((1s,3S)-3-hydroxy-3-methylcyclobutyl)carbonyl)-2-azabicyclo[3.1.0]hexan-6-yl)-7-thia-8,9-diazabicyclo[4.3.0]nona-1(6),2,4,8-tetraene-3-carboxamide",,CC1(O)CC(C(=O)N2CC[C@@H]3[C@@H](NC(=O)c4ccc5snnc5c4)[C@@H]32)C1,
39612,CCc1cnc(O)c(C(=O)N[C@]2(C)C[C@H](NC(=O)c3c(C)coc3C)C2)c1,"N-((1s,3s)-3-(2,4-dimethylfuran-3-carboxamido)-1-methylcyclobutyl)-5-ethyl-2-hydroxypyridine-3-carboxamide",,CCc1c[nH]c(=O)c(C(=O)N[C@]2(C)C[C@H](NC(=O)c3c(C)coc3C)C2)c1,
39627,CCC[C@@](C)(CC)C(=O)N[C@H]1C[C@@H]2C[C@H](C1)CN(C(=O)c1nccnc1N)C2,,,CCC[C@@](C)(CC)C(=O)N[C@@H]1C[C@H]2C[C@@H](C1)CN(C(=O)c1nccnc1N)C2,
39631,CCO[C@@H](C(=O)N1C[C@H]2[C@H](CN(C)C(=O)Cc3cccc(C)c3C)[C@H]2C1)C1CC1,"N-(((1R,5S,6R)-3-((2R)-2-cyclopropyl-2-ethoxyacetyl)-3-azabicyclo[3.1.0]hexan-6-yl)methyl)-2-(2,3-dimethylphenyl)-N-methylacetamide",,CCOC(C(=O)N1C[C@@H]2[C@@H](CN(C)C(=O)Cc3cccc(C)c3C)[C@@H]2C1)C1CC1,
39640,CO[C@H]1C[C@H](C(=O)NC[C@@]2(F)COCCN(C(=O)c3coc(C)c3)C2)C[C@H]1OC,,,CO[C@H]1CC(C(=O)NC[C@@]2(F)COCCN(C(=O)c3coc(C)c3)C2)C[C@H]1OC,
39644,C[C@@]1(C(=O)NCCC2(O)CN(C(=O)c3c(N)cccc3F)C2)C[C@@H]2C[C@@H]2C1,,,C[C@]1(C(=O)NCCC2(O)CN(C(=O)c3c(N)cccc3F)C2)C[C@H]2C[C@H]2C1,
39671,CCC[C@H]1CC[C@H](C(=O)N[C@H]2C[C@](F)(CNC(=O)C[C@@H]3CC[C@@H](C)CO3)C2)CC1,"trans-N-((1R,3s)-3-fluoro-3-((2-((2S,5R)-5-methyloxan-2-yl)acetamido)methyl)cyclobutyl)-4-propylcyclohexanecarboxamide",,CCCC1CCC(C(=O)N[C@H]2C[C@](F)(CNC(=O)C[C@@H]3CC[C@@H](C)CO3)C2)CC1,
39794,CNc1scnc1C(=O)N1[C@H]2CC[C@@H]1C[C@@H](CNC(=O)C(C)=C(C)C)C2,,,CNc1scnc1C(=O)N1[C@@H]2CC[C@H]1C[C@H](CNC(=O)C(C)=C(C)C)C2,
39808,C[C@]1(F)CC[C@@H](C(=O)N[C@@]2(CNC(=O)c3nsnc3O)CCOC2)CC1,"N-(((3R)-3-((1s,4S)-4-fluoro-4-methylcyclohexanecarboxamido)oxolan-3-yl)methyl)-4-hydroxy-1,2,5-thiadiazole-3-carboxamide",,CC1(F)CCC(C(=O)N[C@@]2(CNC(=O)c3ns[nH]c3=O)CCOC2)CC1,
39854,CN1[C@H]2CC[C@@H]1C[C@H](NS(=O)(=O)c1ccc(Br)cc1Br)C2,,,CN1[C@@H]2CC[C@H]1C[C@@H](NS(=O)(=O)c1ccc(Br)cc1Br)C2,
39871,CC[C@]1(C(=O)N2CC[C@H](NC(=O)c3cc4sc(Cl)cc4[nH]3)C2)CC[C@@H](O)CC1,"3-chloro-N-((3S)-1-(((1s,4R)-1-ethyl-4-hydroxycyclohexyl)carbonyl)pyrrolidin-3-yl)-2-thia-6-azabicyclo[3.3.0]octa-1(5),3,7-triene-7-carboxamide",,CC[C@]1(C(=O)N2CC[C@H](NC(=O)c3cc4sc(Cl)cc4[nH]3)C2)CC[C@@H](O)CC1,
40042,Cn1cncc1CN1C[C@H]2C[C@H](NC(=O)c3nc(O)nc(O)c3F)C[C@H]2C1,,,Cn1cncc1CN1C[C@H]2C[C@H](NC(=O)c3[nH]c(=O)[nH]c(=O)c3F)C[C@H]2C1,
40092,CO[C@@H](C(=O)NC[C@H]1C[C@](F)(CNC(=O)c2cnc(=N)[nH]c2)C1)[C@H]1CCCOC1,"(2R)-N-(((1s,3S)-3-fluoro-3-((2-imino-1,2-dihydropyrimidine-5-carboxamido)methyl)cyclobutyl)methyl)-2-methoxy-2-((3S)-oxan-3-yl)acetamide",,COC(C(=O)NC[C@H]1C[C@](F)(CNC(=O)c2cnc(N)nc2)C1)[C@H]1CCCOC1,
40107,CC=C[C@@H](O)C(=O)N(C)CCN(C)C(=O)[C@@H]1[C@H]2CCCCC[C@H]21,,,CC=CC(O)C(=O)N(C)CCN(C)C(=O)C1[C@H]2CCCCC[C@@H]12,
40129,CC1(C)CC[C@@H](C(=O)N2[C@H]3CC[C@@H]2C[C@@H](NC(=O)CC24CCC(CC2)C4)C3)OC1,"2-(bicyclo[2.2.1]heptan-1-yl)-N-((1R,3R,5S)-8-(((2S)-5,5-dimethyloxan-2-yl)carbonyl)-8-azabicyclo[3.2.1]octan-3-yl)acetamide",,CC1(C)CCC(C(=O)N2[C@@H]3CC[C@H]2C[C@H](NC(=O)CC24CCC(CC2)C4)C3)OC1,
40131,COC[C@@H](CC(C)C)C(=O)N[C@H]1C[C@@H]2CC[C@H](C1)N2C(=O)CCc1nc(=N)[nH][nH]1,,,COCC(CC(C)C)C(=O)N[C@@H]1C[C@H]2CC[C@@H](C1)N2C(=O)CCc1n[nH]c(N)n1,
40163,Cc1nscc1CC(=O)N1CCO[C@]2(CC[C@@H](NC(=O)[C@H](C#N)C(C)C)CC2)C1,"(2S)-2-cyano-3-methyl-N-(4-(2-(3-methyl-1,2-thiazol-4-yl)acetyl)-1-oxa-4-azaspiro[5.5]undecan-9-yl)butanamide",C(#N)[C@@H](C(=O)NC1CCC2(CN(CCO2)C(CC=2C(=NSC2)C)=O)CC1)C(C)C,Cc1nscc1CC(=O)N1CCO[C@]2(CC[C@@H](NC(=O)C(C#N)C(C)C)CC2)C1,Cc1nscc1CC(=O)N1CCOC2(CCC(NC(=O)C(C#N)C(C)C)CC2)C1
40164,Cc1ccccc1CC1(NC(=O)[C@@H]2[C@H]3CN(C(=O)[C@@H]4CCCCN4)C[C@H]32)CC1,"(1R,5S,6S)-N-(1-((2-methylphenyl)methyl)cyclopropyl)-3-(((2S)-piperidin-2-yl)carbonyl)-3-azabicyclo[3.1.0]hexane-6-carboxamide",,Cc1ccccc1CC1(NC(=O)C2[C@H]3CN(C(=O)C4CCCCN4)C[C@@H]23)CC1,
40246,COC(C)(C)CCNC(=O)[C@H](Cc1cnn(C)c1O)NC(=O)[C@H]1C[C@@](C)(O)C1,"(2S)-3-(5-hydroxy-1-methyl-1H-pyrazol-4-yl)-2-((1s,3R)-3-hydroxy-3-methylcyclobutanecarboxamido)-N-(3-methoxy-3-methylbutyl)propanamide",,COC(C)(C)CCNC(=O)C(Cc1c[nH]n(C)c1=O)NC(=O)C1CC(C)(O)C1,
40511,C[C@H]1C[C@H](NC(=O)c2ccc(CNC(=O)[C@@H]3[C@H]4CN(C)C[C@H]43)nc2)CCS1,,,C[C@H]1C[C@H](NC(=O)c2ccc(CNC(=O)C3[C@H]4CN(C)C[C@@H]34)nc2)CCS1,
40516,Cc1nc(C)c(CC(=O)N[C@]2(C)C[C@H](NC(=O)c3ccc(Cl)c(N)c3)C2)c(O)n1,"N-((1s,3s)-3-(3-amino-4-chlorobenzamido)-1-methylcyclobutyl)-2-(4-hydroxy-2,6-dimethylpyrimidin-5-yl)acetamide",,Cc1nc(=O)c(CC(=O)N[C@]2(C)C[C@H](NC(=O)c3ccc(Cl)c(N)c3)C2)c(C)[nH]1,
40550,CC(=O)NC[C@H]1C[C@](F)(CNC(=O)c2cnn(-c3ncc(Cl)cn3)c2)C1,"N-(((1s,3s)-3-((1-(5-chloropyrimidin-2-yl)-1H-pyrazole-4-carboxamido)methyl)-3-fluorocyclobutyl)methyl)acetamide",,CC(=O)NC[C@H]1C[C@](F)(CNC(=O)c2cnn(-c3ncc(Cl)cn3)c2)C1,
40557,C#Cc1ccc(C(=O)N2CCC[C@@H](NC(=O)[C@H]3C[C@@](F)(CO)C3)[C@@H]2C)cc1C,"(1r,3R)-N-((2S,3R)-1-((4-ethynyl-3-methylphenyl)carbonyl)-2-methylpiperidin-3-yl)-3-fluoro-3-(hydroxymethyl)cyclobutanecarboxamide",,C#Cc1ccc(C(=O)N2CCC[C@@H](NC(=O)C3CC(F)(CO)C3)[C@@H]2C)cc1C,
40591,Cc1cc(F)c(N)c(C(=O)N2C[C@H]3[C@H](NC(=O)c4ccnc5c4CCC5)[C@H]3C2)c1,,,Cc1cc(F)c(N)c(C(=O)N2C[C@@H]3[C@H](C2)[C@H]3NC(=O)c2ccnc3c2CCC3)c1,
40604,Cc1ncc(NC(=O)[C@H]2[C@H]3CN(C(=O)[C@H]4CC(c5ccccc5)=NO4)C[C@H]32)s1,"(1R,5S,6S)-N-(2-methyl-1,3-thiazol-5-yl)-3-(((5R)-3-phenyl-4,5-dihydro-1,2-oxazol-5-yl)carbonyl)-3-azabicyclo[3.1.0]hexane-6-carboxamide",,Cc1ncc(NC(=O)C2[C@H]3CN(C(=O)C4CC(c5ccccc5)=NO4)C[C@@H]23)s1,
40638,Cc1oc(C(C)C)nc1C(=O)N1C[C@H]2[C@H](NC(=O)c3cnc(S(C)(=O)=O)s3)[C@H]2C1,,,Cc1oc(C(C)C)nc1C(=O)N1C[C@@H]2[C@H](C1)[C@H]2NC(=O)c1cnc(S(C)(=O)=O)s1,
40651,O=C(N[C@@H]1[C@H]2COC[C@H]21)[C@H]1CCN(C(=O)C2(C(=O)C3CC3)CC2)C1,,,O=C(N[C@H]1[C@@H]2COC[C@@H]21)C1CCN(C(=O)C2(C(=O)C3CC3)CC2)C1,
40679,COc1cccc(O)c1NC(=O)C[C@@]12CC[C@H]1CN(C(=O)[C@@H]1[C@H]3CCC[C@H]31)C2,,,COc1cccc(O)c1NC(=O)C[C@@]12CC[C@H]1CN(C(=O)C1[C@H]3CCC[C@@H]13)C2,
40742,Cn1c(CCNC(=O)[C@@H]2CCCN(C(=O)[C@H]3C[C@@H]4CC[C@H](C3)O4)C2)noc1=O,,,Cn1c(CCNC(=O)C2CCCN(C(=O)C3C[C@H]4CC[C@@H](C3)O4)C2)noc1=O,
40759,CC[C@]1(C(=O)NC[C@@]2(C)CCCN2C(=O)c2cncc(F)c2Cl)CC[C@@H](O)CC1,"(1s,4S)-N-(((2R)-1-((4-chloro-5-fluoropyridin-3-yl)carbonyl)-2-methylpyrrolidin-2-yl)methyl)-1-ethyl-4-hydroxycyclohexanecarboxamide",,CC[C@]1(C(=O)NC[C@@]2(C)CCCN2C(=O)c2cncc(F)c2Cl)CC[C@@H](O)CC1,
40789,COc1ccc(C(=O)N(C)C[C@@H]2CCCN(C(=O)[C@H]3C[C@](F)(CO)C3)C2)c(C)c1,"N-(((3S)-1-(((1s,3R)-3-fluoro-3-(hydroxymethyl)cyclobutyl)carbonyl)piperidin-3-yl)methyl)-4-methoxy-N,2-dimethylbenzamide",,COc1ccc(C(=O)N(C)C[C@@H]2CCCN(C(=O)C3CC(F)(CO)C3)C2)c(C)c1,
40792,O=C(NC/C=C/C(=O)N(CCO)CC1CC1)[C@H]1C[C@@H]2CC[C@H](C1)O2,,,O=C(NC/C=C/C(=O)N(CCO)CC1CC1)C1C[C@H]2CC[C@@H](C1)O2,
40873,COC1(C(=O)NC[C@]2(F)C[C@@H](NC(=O)[C@@H]3CCC[C@@H](C)CC3)C2)CCC1,"(1R,4R)-N-((1s,3S)-3-fluoro-3-((1-methoxycyclobutanecarboxamido)methyl)cyclobutyl)-4-methylcycloheptanecarboxamide",,COC1(C(=O)NC[C@]2(F)C[C@@H](NC(=O)C3CCC[C@@H](C)CC3)C2)CCC1,
40879,C[C@@H]1CN(C(=O)CCN2CCCc3ccccc32)CCN1C(=O)[C@@H]1C[C@@H]2C[C@@H]2C1,,,C[C@@H]1CN(C(=O)CCN2CCCc3ccccc32)CCN1C(=O)C1C[C@@H]2C[C@@H]2C1,
40890,Cc1oc(C(C)C)cc1C(=O)N[C@@H]1[C@H]2C[C@H](NC(=O)c3ccoc3Cl)C[C@H]21,,,Cc1oc(C(C)C)cc1C(=O)N[C@H]1[C@@H]2C[C@@H](NC(=O)c3ccoc3Cl)C[C@@H]21,
40897,Cc1nc(C(=O)N2C[C@H]3C[C@H](NC(=O)[C@H]4CCC(=O)N4)C[C@H]3C2)co1,,,Cc1nc(C(=O)N2C[C@H]3C[C@H](NC(=O)C4CCC(=O)N4)C[C@H]3C2)co1,
41072,C=CCOc1cc(Cl)ccc1C(=O)NC[C@H](NC(=O)[C@@H]1[C@@H](C)[C@H]1C)C1CCC1,,,C=CCOc1cc(Cl)ccc1C(=O)NC[C@H](NC(=O)C1[C@@H](C)[C@H]1C)C1CCC1,
41175,CC1(C)CC[C@H](CO)N(C(=O)C[C@H]2[C@@H]3CN(C(=O)[C@@H](F)C[C@H]4CCOC4)C[C@H]23)C1,"(2S)-2-fluoro-1-((1R,5S,6R)-6-(2-((2R)-2-(hydroxymethyl)-5,5-dimethylpiperidin-1-yl)-2-oxoethyl)-3-azabicyclo[3.1.0]hexan-3-yl)-3-((3R)-oxolan-3-yl)propan-1-one",,CC1(C)CC[C@H](CO)N(C(=O)C[C@@H]2[C@H]3CN(C(=O)C(F)C[C@H]4CCOC4)C[C@@H]23)C1,
41275,CC(C)C[C@H](C(N)=O)C(=O)N[C@H]1C[C@@](F)(CN=c2[nH]cnc3ccc(Cl)cc23)C1,"(2R)-N'-((1r,3R)-3-(((6-chloro-3,4-dihydroquinazolin-4-ylidene)amino)methyl)-3-fluorocyclobutyl)-2-(2-methylpropyl)propanediamide",,CC(C)CC(C(N)=O)C(=O)N[C@H]1C[C@@](F)(CNc2ncnc3ccc(Cl)cc23)C1,
41286,CCC[C@](C)(CC)C(=O)NCC1(COC)CN(C(=O)[C@@H]2C[C@@H]3CC[C@@H]3C2)C1,,,CCC[C@](C)(CC)C(=O)NCC1(COC)CN(C(=O)C2C[C@H]3CC[C@H]3C2)C1,
41311,C[C@]1(C(=O)N2CCC[C@H](CNC(=O)[C@@H]3OCC[C@H]3C(F)(F)F)C2)C[C@H](C#N)C1,"(2R,3R)-N-(((3R)-1-(((1r,3R)-3-cyano-1-methylcyclobutyl)carbonyl)piperidin-3-yl)methyl)-3-(trifluoromethyl)oxolane-2-carboxamide",,C[C@]1(C(=O)N2CCC[C@H](CNC(=O)C3OCC[C@H]3C(F)(F)F)C2)C[C@H](C#N)C1,
41315,CN(C)[C@H](CO)C(=O)N1C[C@@]23CCC[C@@]2(CN(C(=O)[C@H]2CC[C@H]4C[C@H]4CC2)C3)C1,,,CN(C)C(CO)C(=O)N1C[C@@]23CCC[C@@]2(CN(C(=O)C2CC[C@@H]4C[C@@H]4CC2)C3)C1,
41325,C[C@]1(O)C[C@@H](C(=O)N2C[C@@H]3C[C@H]4C[C@H]3[C@@H]2[C@H]4NC(=O)c2ccc3nncn3c2)C1,"N-((1S,2S,3R,6R,7R)-4-(((1s,3S)-3-hydroxy-3-methylcyclobutyl)carbonyl)-4-azatricyclo[4.2.1.0^{3,7}]nonan-2-yl)[1,2,4]triazolo[4,3-a]pyridine-6-carboxamide",,CC1(O)CC(C(=O)N2C[C@@H]3C[C@H]4C[C@H]3[C@@H]2[C@H]4NC(=O)c2ccc3nncn3c2)C1,
41340,COC(=O)C[C@H](NC(C)=O)C(=O)NC[C@H]1[C@@H]2CN(C(=O)c3cnc(S)[nH]3)C[C@H]12,,,COC(=O)CC(NC(C)=O)C(=O)NC[C@@H]1[C@H]2CN(C(=O)c3c[nH]c(=S)[nH]3)C[C@@H]12,
41351,CC(=NOCC#N)C(=O)N1CCCC[C@H]1C1(NC(=O)[C@@H]2[C@H]3CCCCC[C@H]32)CC1,,,CC(=NOCC#N)C(=O)N1CCCC[C@H]1C1(NC(=O)C2[C@H]3CCCCC[C@@H]23)CC1,
41375,Cn1cc(C(=O)N[C@H]2C[C@](F)(CNC(=O)[C@H]3CC34CCSCC4)C2)ccc1=O,"N-((1R,3s)-3-fluoro-3-(((1S)-6-thiaspiro[2.5]octane-1-carboxamido)methyl)cyclobutyl)-1-methyl-6-oxo-1,6-dihydropyridine-3-carboxamide",,Cn1cc(C(=O)N[C@H]2C[C@](F)(CNC(=O)C3CC34CCSCC4)C2)ccc1=O,
41402,COCCC1(NC(=O)[C@]2(NC(=O)CCCN3CCCC3)C[C@@H](O)C2)CCCC1,"(1s,3s)-3-hydroxy-N-(1-(2-methoxyethyl)cyclopentyl)-1-(4-(pyrrolidin-1-yl)butanamido)cyclobutanecarboxamide",,COCCC1(NC(=O)[C@]2(NC(=O)CCCN3CCCC3)C[C@@H](O)C2)CCCC1,
41474,CCCc1c(C(=O)N2C[C@@H]3[C@@H](CF)[C@@H]3C2)cnn1-c1cccc(C)c1,,,CCCc1c(C(=O)N2C[C@@H]3[C@@H](CF)[C@@H]3C2)cnn1-c1cccc(C)c1,
41524,C#CCOCC(=O)N1CCC[C@H](CNC(=O)[C@H]2C[C@H]3[C@@H](C2)C3(F)F)C1,,,C#CCOCC(=O)N1CCC[C@H](CNC(=O)C2C[C@@H]3[C@H](C2)C3(F)F)C1,
41641,CO[C@H]1C[C@@H](NC(=O)[C@@H]2C[C@H]3[C@@H](C2)C3(F)F)CN(C(=O)C[C@H](C)c2ccco2)C1,,,CO[C@H]1C[C@@H](NC(=O)C2C[C@@H]3[C@H](C2)C3(F)F)CN(C(=O)C[C@H](C)c2ccco2)C1,
41686,O=C(C[C@H]1CCCC[C@H]1NC(=O)[C@@H]1C[C@@H]2CC[C@@H]2C1)NCCc1ccc(O)nc1,,,O=C(C[C@H]1CCCC[C@H]1NC(=O)C1C[C@H]2CC[C@H]2C1)NCCc1ccc(=O)[nH]c1,
41735,CC[C@@H](C)[C@@H](OC)C(=O)NC[C@@H]1C[C@@H]2CC[C@H](C1)N2C(=O)c1cnc(Cl)[nH]1,,,CC[C@@H](C)C(OC)C(=O)NC[C@H]1C[C@H]2CC[C@@H](C1)N2C(=O)c1c[nH]c(Cl)n1,
41770,NC(=O)C[C@@H](O)C(=O)N1CCC[C@@H](NC(=O)[C@H]2C[C@](O)(c3ccccc3)C2)CC1,"(3R)-3-hydroxy-4-((4R)-4-((1s,3S)-3-hydroxy-3-phenylcyclobutanecarboxamido)azepan-1-yl)-4-oxobutanamide",,NC(=O)CC(O)C(=O)N1CCC[C@@H](NC(=O)C2CC(O)(c3ccccc3)C2)CC1,
41783,C=CCn1nnnc1[C@@]1(NCc2ccc([N+](=O)[O-])cc2OC)C[C@H](C)S[C@H](C)C1,,,C=CCn1nnnc1[C@]1(NCc2ccc([N+](=O)[O-])cc2OC)C[C@@H](C)S[C@@H](C)C1,
41871,Cc1cc(CC(=O)NC2CC3(CCN(C(=O)[C@@H]4C[C@@H]5C[C@@H]5C4)CC3)C2)on1,,,Cc1cc(CC(=O)NC2CC3(CCN(C(=O)C4C[C@@H]5C[C@@H]5C4)CC3)C2)on1,
41908,C=CC1(C(=O)N[C@H]2C[C@@H]3CC[C@H](C2)N3C(=O)c2cc(C)c(C#N)c(C)c2)CC1,,,C=CC1(C(=O)N[C@@H]2C[C@H]3CC[C@@H](C2)N3C(=O)c2cc(C)c(C#N)c(C)c2)CC1,
41941,O=C(CNC(=O)c1ccncc1)NC[C@@H](CO)NC(=O)[C@@H]1C[C@H]2CCC[C@H](C2)C1,,,O=C(CNC(=O)c1ccncc1)NC[C@@H](CO)NC(=O)C1C[C@H]2CCC[C@@H](C1)C2,
41959,CCc1nccn1[C@@H](C)CC(=O)N1C[C@H]2[C@H](NC(=O)c3cc(=N)[nH]c(=N)[nH]3)[C@H]2C1,"N-((1R,5S,6R)-3-((3S)-3-(2-ethyl-1H-imidazol-1-yl)butanoyl)-3-azabicyclo[3.1.0]hexan-6-yl)-2,6-diimino-1H,3H-pyrimidine-4-carboxamide",,CCc1nccn1[C@@H](C)CC(=O)N1C[C@@H]2[C@H](C1)[C@H]2NC(=O)c1cc(N)nc(N)n1,
41963,Cc1cnc(CCN[C@]2(c3nnnn3CCC3CC3)C[C@@H](C)C[C@@H](C)C2)nc1C,,,Cc1cnc(CCN[C@@]2(c3nnnn3CCC3CC3)C[C@H](C)C[C@H](C)C2)nc1C,
42052,Cc1ccc([C@H](C)C(=O)N2C[C@@H]3C[C@]3(CNC(=O)[C@@H]3C[C@@H]4C[C@@H]4C3)C2)s1,,,Cc1ccc(C(C)C(=O)N2C[C@@H]3C[C@]3(CNC(=O)C3C[C@@H]4C[C@@H]4C3)C2)s1,
42054,CC(C)n1cnnc1CC(=O)N1CCC[C@@]1(C)CNC(=O)[C@@H]1[C@H]2COC[C@H]21,,,CC(C)n1cnnc1CC(=O)N1CCC[C@@]1(C)CNC(=O)C1[C@H]2COC[C@@H]12,
42170,CC(C)c1cc(C(=O)N[C@H]2[C@@H]3CN(C(=O)c4cocc4C(N)=O)C[C@@H]32)n[nH]1,,,CC(C)c1cc(C(=O)N[C@H]2[C@@H]3CN(C(=O)c4cocc4C(N)=O)C[C@@H]32)[nH]n1,
42183,C=CC1(CC(=O)NC[C@H]2C[C@](F)(CNC(=O)CNC(=O)c3cnoc3C)C2)CC1,"2-(1-ethenylcyclopropyl)-N-(((1s,3s)-3-fluoro-3-((2-(5-methyl-1,2-oxazole-4-carboxamido)acetamido)methyl)cyclobutyl)methyl)acetamide",,C=CC1(CC(=O)NC[C@H]2C[C@](F)(CNC(=O)CNC(=O)c3cnoc3C)C2)CC1,
42220,CCc1onc(C)c1CN=c1[nH]c(N2[C@H]3CC[C@@H]2C[C@H](CO)C3)nc(=NC)[nH]1,,,CCc1onc(C)c1CNc1nc(NC)nc(N2[C@@H]3CC[C@H]2C[C@@H](CO)C3)n1,
42225,COC(=O)[C@]1(C)C[C@@H](C(=O)O[C@@H]2CCN(c3ccc(Cl)c(F)c3)C2=O)C1,"3-((3R)-1-(4-chloro-3-fluorophenyl)-2-oxopyrrolidin-3-yl) 1-methyl (1R,3r)-1-methylcyclobutane-1,3-dicarboxylate",,COC(=O)C1(C)CC(C(=O)OC2CCN(c3ccc(Cl)c(F)c3)C2=O)C1,
42228,CC[C@](C)(Cl)CNC(=O)[C@@H]1C[C@@H]2CN(C(=O)C3(CF)CC(=O)C3)C[C@@H]2C1,,,CC[C@](C)(Cl)CNC(=O)C1C[C@@H]2CN(C(=O)C3(CF)CC(=O)C3)C[C@@H]2C1,
42245,CC[C@@](C)(OC)C(=O)N[C@H]1C[C@](C)(NC(=O)/C=C/c2ccc(Cl)cc2F)C1,"(2R)-N-((1r,3R)-3-((2E)-3-(4-chloro-2-fluorophenyl)prop-2-enamido)-3-methylcyclobutyl)-2-methoxy-2-methylbutanamide",,CC[C@@](C)(OC)C(=O)N[C@H]1C[C@](C)(NC(=O)/C=C/c2ccc(Cl)cc2F)C1,
42380,CN1C(=O)NC[C@@H]1C(=O)N1C[C@H]2[C@H](CNC(=O)c3ccc(N)c(F)n3)[C@H]2C1,"5-amino-6-fluoro-N-(((1R,5S,6R)-3-(((4R)-3-methyl-2-oxoimidazolidin-4-yl)carbonyl)-3-azabicyclo[3.1.0]hexan-6-yl)methyl)pyridine-2-carboxamide",,CN1C(=O)NCC1C(=O)N1C[C@@H]2[C@@H](CNC(=O)c3ccc(N)c(F)n3)[C@@H]2C1,
42440,O=C(Nc1cc(Br)ccc1OC(F)(F)F)[C@@H]1[C@H]2CN(C(=O)[C@H]3CC3(F)F)C[C@H]21,"(1R,5S,6R)-N-(5-bromo-2-((trifluoromethyl)oxy)phenyl)-3-(((1R)-2,2-difluorocyclopropyl)carbonyl)-3-azabicyclo[3.1.0]hexane-6-carboxamide",,O=C(Nc1cc(Br)ccc1OC(F)(F)F)C1[C@H]2CN(C(=O)C3CC3(F)F)C[C@@H]12,
42466,O=C1C[C@@H]2C[C@@H](C(=O)NCCCCn3cc(Cn4ccccc4=O)nn3)C[C@@H]2C1,,,O=C1C[C@@H]2CC(C(=O)NCCCCn3cc(Cn4ccccc4=O)nn3)C[C@@H]2C1,
42467,COc1ncc(Br)c(=NC(=O)[C@@H]2[C@H]3CN(C(=O)c4ccc(Cl)c(Br)c4)C[C@H]32)[nH]1,,,COc1ncc(Br)c(NC(=O)C2[C@H]3CN(C(=O)c4ccc(Cl)c(Br)c4)C[C@@H]23)n1,
42543,Nc1cc(F)cc(C(=O)N2C[C@H]3[C@H](CNC(=O)Cc4cnccn4)[C@H]3C2)c1,,,Nc1cc(F)cc(C(=O)N2C[C@@H]3[C@@H](CNC(=O)Cc4cnccn4)[C@@H]3C2)c1,
42623,O=C([C@H]1C[C@@](F)(CO)C1)N1CCC[C@@H](OCc2cn(-c3cccnc3Cl)nn2)C1,"((3R)-3-(((1-(2-chloropyridin-3-yl)-1H-1,2,3-triazol-4-yl)methyl)oxy)piperidin-1-yl)((1r,3R)-3-fluoro-3-(hydroxymethyl)cyclobutyl)methanone",,O=C(C1CC(F)(CO)C1)N1CCC[C@@H](OCc2cn(-c3cccnc3Cl)nn2)C1,
42628,C1=CC[C@@H]2[C@H](C1)[C@H]2CN1CCC(N2CCOCC2)CC1,,,C1=CC[C@H]2[C@@H](C1)[C@@H]2CN1CCC(N2CCOCC2)CC1,
42852,Cc1ncc(CC(=O)N[C@H]2C[C@](C)(NC(=O)C=Cc3cccnc3)C2)s1,"N-((1r,3r)-1-methyl-3-(2-(2-methyl-1,3-thiazol-5-yl)acetamido)cyclobutyl)-3-(pyridin-3-yl)prop-2-enamide",,Cc1ncc(CC(=O)N[C@H]2C[C@](C)(NC(=O)C=Cc3cccnc3)C2)s1,
42912,C[C@@H]1[C@H](C(=O)N2CCC([C@@H]3CCCN3c3nnnn3-c3ccccc3)CC2)[C@@H]1C,,,C[C@@H]1C(C(=O)N2CCC([C@@H]3CCCN3c3nnnn3-c3ccccc3)CC2)[C@@H]1C,
42967,Cn1cc(CCC(=O)N2CC(F)(F)C[C@H]2C(=O)N[C@H]2C[C@H](O)[C@H](O)C2)nn1,,,Cn1cc(CCC(=O)N2CC(F)(F)CC2C(=O)N[C@@H]2C[C@@H](O)[C@@H](O)C2)nn1,
42975,C#Cc1ccc(C(=O)NC[C@H]2C[C@](F)(CNC(=O)[C@H](C)Cn3cccn3)C2)nc1,"5-ethynyl-N-(((1S,3s)-3-fluoro-3-(((2R)-2-methyl-3-(1H-pyrazol-1-yl)propanamido)methyl)cyclobutyl)methyl)pyridine-2-carboxamide",,C#Cc1ccc(C(=O)NC[C@H]2C[C@](F)(CNC(=O)C(C)Cn3cccn3)C2)nc1,
42984,Cc1noc(Cl)c1CCC(=O)N(C)[C@H]1C[C@@H]2CC[C@H](C1)N2C(=O)C(=O)N(C)C,,,Cc1noc(Cl)c1CCC(=O)N(C)[C@@H]1C[C@H]2CC[C@@H](C1)N2C(=O)C(=O)N(C)C,
43082,C[C@H]1C[C@@H](C)[C@@H]1C(=O)N(CCO)CCCNC(=O)c1cnc(C2CC2)o1,,,C[C@@H]1C[C@H](C)C1C(=O)N(CCO)CCCNC(=O)c1cnc(C2CC2)o1,
43092,CN(Cc1noc(C2CC2)n1)[C@H](C(=O)NCc1ccccc1)[C@@H]1[C@H]2CC=CC[C@H]21,,,CN(Cc1noc(C2CC2)n1)C(C(=O)NCc1ccccc1)[C@H]1[C@@H]2CC=CC[C@@H]21,
43103,Cn1ncc(C2CCC2)c1C(=O)N1C[C@H]2[C@H](NC(=O)c3ccc(C#N)cc3)[C@H]2C1,,,Cn1ncc(C2CCC2)c1C(=O)N1C[C@@H]2[C@H](C1)[C@H]2NC(=O)c1ccc(C#N)cc1,
43111,CC(C)c1cccc(O[C@H](C)C(=O)N[C@H]2C[C@@](C)(NC(=O)[C@@H]3CCCS3)C2)c1,"(2R)-N-((1R,3S)-3-methyl-3-((2S)-thiolane-2-carboxamido)cyclobutyl)-2-((3-(propan-2-yl)phenyl)oxy)propanamide",,CC(Oc1cccc(C(C)C)c1)C(=O)N[C@H]1C[C@@](C)(NC(=O)C2CCCS2)C1,
43128,C[C@]1(NC(=O)C[C@@H]2COCCO2)C[C@H](NC(=O)[C@@]23C[C@H]4C[C@@H](C(=O)N2)[C@H]3C4)C1,"2-((2R)-1,4-dioxan-2-yl)-N-((1S,3R)-1-methyl-3-((1R,3S,6R,7R)-5-oxo-4-azatricyclo[4.2.1.0^{3,7}]nonane-3-carboxamido)cyclobutyl)acetamide",,C[C@]1(NC(=O)C[C@@H]2COCCO2)C[C@H](NC(=O)[C@@]23C[C@H]4CC(C(=O)N2)[C@H]3C4)C1,
43156,CS[C@@H](C(=O)N[C@H]1[C@@H]2CN(C(=O)CC3CC4(CC4)C3)C[C@@H]21)C(C)C,,,CSC(C(=O)N[C@H]1[C@@H]2CN(C(=O)CC3CC4(CC4)C3)C[C@@H]21)C(C)C,
43197,Cc1c(Cl)cncc1C(=O)N[C@H]1[C@@H]2CN(C(=O)c3cncs3)C[C@@H]21,,,Cc1c(Cl)cncc1C(=O)N[C@H]1[C@@H]2CN(C(=O)c3cncs3)C[C@@H]21,
43208,Cc1cc(C(=O)NC[C@]2(F)C[C@@H](NC(=O)c3csnn3)C2)n2ncc(C#N)c2n1,"N-((1s,3s)-3-((3-cyano-5-methylpyrazolo[1,5-a]pyrimidine-7-carboxamido)methyl)-3-fluorocyclobutyl)-1,2,3-thiadiazole-4-carboxamide",,Cc1cc(C(=O)NC[C@]2(F)C[C@@H](NC(=O)c3csnn3)C2)n2ncc(C#N)c2n1,
43275,C=CCO[C@@H](C)C(=O)N[C@@H]1C[C@@H]2CC[C@H](C1)N2C(=O)c1cnc(C(C)C)s1,,,C=CCOC(C)C(=O)N[C@H]1C[C@H]2CC[C@@H](C1)N2C(=O)c1cnc(C(C)C)s1,
43304,CCn1nc(Br)c(C(=O)N[C@]2(C)C[C@@H](NC(=O)C3[C@H]4COC[C@H]34)C2)n1,"5-bromo-2-ethyl-N-((1S,3r)-1-methyl-3-((1S,5S)-3-oxabicyclo[3.1.0]hexane-6-carboxamido)cyclobutyl)-2H-1,2,3-triazole-4-carboxamide",,CCn1nc(Br)c(C(=O)N[C@]2(C)C[C@@H](NC(=O)C3[C@H]4COC[C@H]34)C2)n1,
43363,C[C@H](NC(=O)[C@@H]1C[C@@H]2CC[C@@H]2C1)C1(O)CN(C(=O)CN2C[C@@H]3C[C@H]3C2)C1,,,C[C@H](NC(=O)C1C[C@H]2CC[C@H]2C1)C1(O)CN(C(=O)CN2C[C@@H]3C[C@H]3C2)C1,
43394,CC1(C)OCCC[C@H]1CNC(=O)C[C@@]1(C)CCN(C(=O)[C@@H]2[C@H]3CC(=O)C[C@H]32)C1,,,CC1(C)OCCC[C@H]1CNC(=O)C[C@@]1(C)CCN(C(=O)C2[C@H]3CC(=O)C[C@@H]23)C1,
43436,CC[C@](C)(C#N)C(=O)NC[C@]1(F)C[C@H](NC(=O)c2n[nH]cc2-c2ccncc2)C1,"(2R)-2-cyano-N-(((1r,3R)-1-fluoro-3-(4-(pyridin-4-yl)-1H-pyrazole-3-carboxamido)cyclobutyl)methyl)-2-methylbutanamide",,CC[C@](C)(C#N)C(=O)NC[C@]1(F)C[C@H](NC(=O)c2[nH]ncc2-c2ccncc2)C1,
43570,CN1CC[C@@H](C(=O)N[C@H]2C[C@](C)(NC(=O)[C@H]3C[C@](O)(c4ccccc4)C3)C2)C1,"(3R)-N-((1r,3R)-3-((1s,3S)-3-hydroxy-3-phenylcyclobutanecarboxamido)-3-methylcyclobutyl)-1-methylpyrrolidine-3-carboxamide",,CN1CCC(C(=O)N[C@H]2C[C@](C)(NC(=O)C3CC(O)(c4ccccc4)C3)C2)C1,
43584,CN=c1[nH]cc(C(=O)N2[C@H]3CC[C@@H]2C[C@@H](NC(=O)c2c[nH]nc2C(F)(F)F)C3)s1,,,CNc1ncc(C(=O)N2[C@@H]3CC[C@H]2C[C@H](NC(=O)c2c[nH]nc2C(F)(F)F)C3)s1,
43617,CN(CCO)CC(=O)NC[C@@H](NC(=O)[C@H]1C[C@@H]2CC[C@H](C1)[C@@H]2O)C(C)(C)C,,,CN(CCO)CC(=O)NC[C@@H](NC(=O)C1C[C@H]2CC[C@@H](C1)[C@H]2O)C(C)(C)C,
43673,Cc1ccc(C(=O)N2CC[C@@H](N(CCO)C(=O)[C@H]3[C@@H](C)[C@H]3C)C2)c(Br)c1,,,Cc1ccc(C(=O)N2CC[C@@H](N(CCO)C(=O)C3[C@@H](C)[C@H]3C)C2)c(Br)c1,
43696,CCc1cc(C(=O)N[C@H]2C[C@](C)(NC(=O)C3=C[C@H]4CCC[C@H]34)C2)ccc1Cl,"(1R,5S)-N-((1r,3S)-3-(4-chloro-3-ethylbenzamido)-1-methylcyclobutyl)bicyclo[3.2.0]hept-6-ene-6-carboxamide",,CCc1cc(C(=O)N[C@H]2C[C@](C)(NC(=O)C3=C[C@H]4CCC[C@H]34)C2)ccc1Cl,
43738,C[C@@H]1C[C@@H]1C(=O)N[C@H]1C[C@@H]2CN(C(=O)Cc3cccc(Cl)c3F)C[C@@H]2C1,,,C[C@@H]1CC1C(=O)N[C@H]1C[C@@H]2CN(C(=O)Cc3cccc(Cl)c3F)C[C@@H]2C1,
43776,C[C@H]1C[C@]1(F)C(=O)NC[C@H]1[C@@H]2CN(C(=O)c3ccc(-c4ccccc4)cn3)C[C@H]12,,,C[C@H]1C[C@]1(F)C(=O)NC[C@@H]1[C@H]2CN(C(=O)c3ccc(-c4ccccc4)cn3)C[C@@H]12,
43780,CC(C)(C)O[C@@H]1C[C@H]1C(=O)N[C@H]1C[C@@](F)(CNC(=O)CC2(O)CCC2)C1,"(1R,2R)-2-(tert-butoxy)-N-((1r,3R)-3-fluoro-3-((2-(1-hydroxycyclobutyl)acetamido)methyl)cyclobutyl)cyclopropanecarboxamide",,CC(C)(C)O[C@@H]1CC1C(=O)N[C@H]1C[C@@](F)(CNC(=O)CC2(O)CCC2)C1,
43797,COc1cc([C@H](O)C(=O)NC[C@H](C)NC(=O)[C@H]2C[C@@H]3CC[C@H](C2)O3)c(F)cc1O,,,COc1cc(C(O)C(=O)NC[C@H](C)NC(=O)C2C[C@H]3CC[C@@H](C2)O3)c(F)cc1O,
43898,Cn1cc(C(=O)N2C[C@H]3[C@H](NC(=O)c4cncc5c4CCC5)[C@H]3C2)ncc1=O,,,Cn1cc(C(=O)N2C[C@@H]3[C@H](C2)[C@H]3NC(=O)c2cncc3c2CCC3)ncc1=O,
43923,C[C@H](CNC(=O)[C@]1(NC(=O)C[C@H](C)n2cccc2)C[C@@H](O)C1)C1CCCC1,"(1s,3R)-N-((2S)-2-cyclopentylpropyl)-3-hydroxy-1-((3S)-3-(1H-pyrrol-1-yl)butanamido)cyclobutanecarboxamide",,C[C@H](CNC(=O)[C@]1(NC(=O)C[C@H](C)n2cccc2)C[C@@H](O)C1)C1CCCC1,
43926,CCCN1C[C@H](C(=O)NC[C@H]2C[C@@H]3CC[C@H](C2)N3C(=O)C2(CF)CCC2)CC1=O,,,CCCN1CC(C(=O)NC[C@@H]2C[C@H]3CC[C@@H](C2)N3C(=O)C2(CF)CCC2)CC1=O,
44062,Cc1cc(C(=O)N2C[C@@H]3[C@H](C(=O)Nc4c[nH]nc4C(N)=O)[C@@H]3C2)c2cc[nH]c2c1,,,Cc1cc(C(=O)N2CC3C(C2)C3C(=O)Nc2c[nH]nc2C(N)=O)c2cc[nH]c2c1,
44085,CC(=O)NCCCC(=O)N1C[C@H]2C[C@@H](C(=O)N(C)CC(=O)N3CCCC3)C[C@H]2C1,,,CC(=O)NCCCC(=O)N1C[C@H]2CC(C(=O)N(C)CC(=O)N3CCCC3)C[C@H]2C1,
44087,CO[C@@H](CNC(=O)CCC[C@H]1C[C@@H]1C)C(=O)N1[C@H]2CC[C@@H]1C[C@H](O)C2,"N-((2S)-3-((1R,3S,5S)-3-hydroxy-8-azabicyclo[3.2.1]octan-8-yl)-2-methoxy-3-oxopropyl)-4-((1S,2S)-2-methylcyclopropyl)butanamide",,COC(CNC(=O)CCC[C@H]1C[C@@H]1C)C(=O)N1[C@@H]2CC[C@H]1C[C@@H](O)C2,
44203,CCS[C@@H](C(=O)N1CC2(C1)[C@@H](NC(=O)[C@@H]1C[C@@H]3C[C@@H]3C1)CCS2(=O)=O)C(C)C,,,CCSC(C(=O)N1CC2(C1)[C@@H](NC(=O)C1C[C@@H]3C[C@@H]3C1)CCS2(=O)=O)C(C)C,
44246,Cc1cc(C(=O)N2C[C@H]3[C@H](CC(=O)N(C)Cc4ccsc4)[C@H]3C2)cnc1O,,,Cc1cc(C(=O)N2C[C@@H]3[C@@H](CC(=O)N(C)Cc4ccsc4)[C@@H]3C2)c[nH]c1=O,
44333,CCc1cn2c(C(=O)N[C@H]3C[C@](C)(NC(=O)[C@@H](C)n4ccnc4)C3)cccc2n1,"2-ethyl-N-((1R,3r)-3-((2R)-2-(1H-imidazol-1-yl)propanamido)-3-methylcyclobutyl)imidazo[1,2-a]pyridine-5-carboxamide",,CCc1cn2c(C(=O)N[C@H]3C[C@](C)(NC(=O)C(C)n4ccnc4)C3)cccc2n1,
44365,CCN(CC)CC(=O)N[C@@H]1C[C@H]2[C@@H](C1)[C@@H]2NC(=O)C1(c2cccs2)CC1,,,CCN(CC)CC(=O)N[C@H]1C[C@@H]2[C@H](C1)[C@H]2NC(=O)C1(c2cccs2)CC1,
44493,CC(=O)O[C@@H](C)C(=O)NC1(C2CN(C(=O)[C@H]3C[C@@H]4CC[C@@H]4C3)C2)CC1,,,CC(=O)OC(C)C(=O)NC1(C2CN(C(=O)C3C[C@H]4CC[C@H]4C3)C2)CC1,
44504,CCN(CC(=O)N(C)CC[C@@H]1CCCCN1C(=O)[C@@H]1[C@H]2CCCCC[C@H]21)C1CC1,,,CCN(CC(=O)N(C)CC[C@@H]1CCCCN1C(=O)C1[C@H]2CCCCC[C@@H]12)C1CC1,
44541,C=CCn1cccc1C(=O)NC[C@]1(F)C[C@H](NC(=O)c2c(N)cc(Cl)cc2Cl)C1,"N-(((1r,3r)-3-(2-amino-4,6-dichlorobenzamido)-1-fluorocyclobutyl)methyl)-1-(prop-2-en-1-yl)-1H-pyrrole-2-carboxamide",,C=CCn1cccc1C(=O)NC[C@]1(F)C[C@H](NC(=O)c2c(N)cc(Cl)cc2Cl)C1,
44675,CC=C[C@H](O)C(=O)N[C@H]1CC[C@]2(CC1)CN(C(=O)[C@@H]1[C@H]3CCC[C@H]31)CCO2,,,CC=CC(O)C(=O)N[C@H]1CC[C@]2(CC1)CN(C(=O)C1[C@H]3CCC[C@@H]13)CCO2,
44700,CC=C(C)C(=O)N[C@H]1C[C@@](CNC(=O)[C@@H](C)[C@H](O)C(C)C)(c2ccccc2)C1,"(2S,3R)-3-hydroxy-2,4-dimethyl-N-(((1r,3S)-3-(2-methylbut-2-enamido)-1-phenylcyclobutyl)methyl)pentanamide",,CC=C(C)C(=O)N[C@H]1C[C@@](CNC(=O)C(C)[C@H](O)C(C)C)(c2ccccc2)C1,
44820,C#CCCCC(=O)NC[C@]1(O)C[C@@H]2CC[C@H](C1)N2C(=O)[C@H](CC)OC1CCCC1,"N-(((1R,3R,5S)-8-((2S)-2-(cyclopentyloxy)butanoyl)-3-hydroxy-8-azabicyclo[3.2.1]octan-3-yl)methyl)hex-5-ynamide",,C#CCCCC(=O)NC[C@@]1(O)C[C@H]2CC[C@@H](C1)N2C(=O)C(CC)OC1CCCC1,
44985,CCN(CCN1CC=CC1)C(=O)N[C@H]1C[C@@H]2CCCCC[C@@H]2C1,,,CCN(CCN1CC=CC1)C(=O)N[C@@H]1C[C@H]2CCCCC[C@H]2C1,
45014,CSC[C@@H](C)C(=O)N1[C@H]2CC[C@@H]1C[C@H](CNC(=O)C1=CS(=O)(=O)CCC1)C2,"N-(((1R,3S,5S)-8-((2S)-2-methyl-3-(methylsulfanyl)propanoyl)-8-azabicyclo[3.2.1]octan-3-yl)methyl)-1,1-dioxo-2H,3H,4H-1lambda^6-thiopyran-5-carboxamide",,CSCC(C)C(=O)N1[C@@H]2CC[C@H]1C[C@@H](CNC(=O)C1=CS(=O)(=O)CCC1)C2,
45053,CCOCCCCC(=O)N[C@H]1C[C@@](C)(NC(=O)c2ccc(NC=O)cc2)C1,"5-ethoxy-N-((1s,3s)-3-(4-formamidobenzamido)-3-methylcyclobutyl)pentanamide",,CCOCCCCC(=O)N[C@H]1C[C@@](C)(NC(=O)c2ccc(NC=O)cc2)C1,
45114,C#Cc1ccc(C(=O)N[C@]2(CO)CCN(C(=O)[C@H]3C[C@@](F)(CO)C3)C2)c(OC)c1,"4-ethynyl-N-((3R)-1-(((1r,3R)-3-fluoro-3-(hydroxymethyl)cyclobutyl)carbonyl)-3-(hydroxymethyl)pyrrolidin-3-yl)-2-methoxybenzamide",,C#Cc1ccc(C(=O)N[C@]2(CO)CCN(C(=O)C3CC(F)(CO)C3)C2)c(OC)c1,
45215,Cc1ccn(C)c1C(=O)N[C@@H]1[C@H]2C[C@H](NC(=O)C[C@H](O)CC(C)(C)C)C[C@H]21,,,Cc1ccn(C)c1C(=O)N[C@H]1[C@@H]2C[C@@H](NC(=O)C[C@H](O)CC(C)(C)C)C[C@@H]21,
45241,C[C@]1(NC(=O)Cn2cc(CO)nn2)C[C@@H](NC(=O)[C@H]2CCCN(C(N)=O)C2)C1,"N-((1R,3s)-3-((3S)-1-carbamoylpiperidine-3-carboxamido)-1-methylcyclobutyl)-2-(4-(hydroxymethyl)-1H-1,2,3-triazol-1-yl)acetamide",,C[C@]1(NC(=O)Cn2cc(CO)nn2)C[C@@H](NC(=O)C2CCCN(C(N)=O)C2)C1,
45274,Cc1cc(N(C)CCOCCNC(=O)[C@@H]2[C@H]3[C@@H]4CC[C@@H](C4)[C@H]32)n2nc(C)cc2n1,,,Cc1cc(N(C)CCOCCNC(=O)C2[C@@H]3[C@H]4CC[C@H](C4)[C@H]23)n2nc(C)cc2n1,
45302,O=C(NC[C@H]1C[C@@](F)(CNC(=O)[C@H]2CC[C@H](O)C2)C1)c1cc2n(n1)CCO2,"N-(((1S,3r)-3-fluoro-3-(((1S,3S)-3-hydroxycyclopentanecarboxamido)methyl)cyclobutyl)methyl)-2-oxa-5,6-diazabicyclo[3.3.0]octa-1(8),6-diene-7-carboxamide",,O=C(NC[C@H]1C[C@@](F)(CNC(=O)C2CC[C@H](O)C2)C1)c1cc2n(n1)CCO2,
45342,Cc1ccc(CN2[C@H]3CCC[C@@H]2C[C@@H](NC(=O)c2cc4sccn4c2)C3)c(F)c1,,,Cc1ccc(CN2[C@@H]3CCC[C@H]2C[C@H](NC(=O)c2cc4sccn4c2)C3)c(F)c1,
45376,Cn1nc(C(=O)N[C@H](C(=O)N[C@@H]2[C@H]3CCCC[C@H]32)C(C)(C)O)cc1O,,,Cn1[nH]c(C(=O)NC(C(=O)N[C@H]2[C@@H]3CCCC[C@@H]32)C(C)(C)O)cc1=O,
45434,CC[C@H](C)[C@H](NC(C)=O)C(=O)N[C@@H]1C[C@@H]2C[C@H]1N(C(=O)[C@H]1CC[C@@](C)(O)CC1)C2,"(2S,3S)-2-acetamido-N-((1R,4R,6R)-2-(((1s,4S)-4-hydroxy-4-methylcyclohexyl)carbonyl)-2-azabicyclo[2.2.1]heptan-6-yl)-3-methylpentanamide",,CC[C@H](C)C(NC(C)=O)C(=O)N[C@@H]1C[C@@H]2C[C@H]1N(C(=O)C1CCC(C)(O)CC1)C2,
45488,CCCC[C@H](O)C(=O)N(C)C[C@H]1[C@@H]2CN(C(=O)C3(CCC)CCC3)C[C@H]12,,,CCCCC(O)C(=O)N(C)C[C@@H]1[C@H]2CN(C(=O)C3(CCC)CCC3)C[C@@H]12,
45523,O=C(N[C@H]1C[C@@H]2CC[C@H](C1)N2C(=O)c1cc(Cl)nc(Cl)c1)c1cc(I)ccc1Br,,,O=C(N[C@@H]1C[C@H]2CC[C@@H](C1)N2C(=O)c1cc(Cl)nc(Cl)c1)c1cc(I)ccc1Br,
45527,C[C@@H]1[C@H](C(=O)N2C[C@H]3CC[C@H]2[C@@H](N=c2cc(Cl)nc([C@@H]4CCCO4)[nH]2)C3)[C@@H]1C,,,C[C@@H]1C(C(=O)N2C[C@H]3CC[C@H]2[C@@H](Nc2cc(Cl)nc([C@@H]4CCCO4)n2)C3)[C@@H]1C,
45536,COc1cc(C)cnc1C(=O)N1C[C@H]2[C@H](CNC(=O)C3(SC)CC(O)C3)[C@H]2C1,,,COc1cc(C)cnc1C(=O)N1C[C@@H]2[C@@H](CNC(=O)C3(SC)CC(O)C3)[C@@H]2C1,
45585,C=C(CC(=O)OCC)C(=O)N1[C@H]2CC[C@@H]1C[C@H](NC(=O)CSC1CCCC1)C2,,,C=C(CC(=O)OCC)C(=O)N1[C@@H]2CC[C@H]1C[C@@H](NC(=O)CSC1CCCC1)C2,
45601,C#CCSCC(=O)N1CCC([C@]2(O)C[C@@H](NC(=O)[C@@H]3CC[C@H](C)O3)C2)CC1,"(2S,5S)-N-((1s,3R)-3-hydroxy-3-(1-(2-((prop-2-yn-1-yl)sulfanyl)acetyl)piperidin-4-yl)cyclobutyl)-5-methyloxolane-2-carboxamide",,C#CCSCC(=O)N1CCC([C@]2(O)C[C@@H](NC(=O)C3CC[C@H](C)O3)C2)CC1,
45673,C=C(C)C[C@H](NC(=O)CCC(C)(C)F)C(=O)NC[C@H]1C[C@@H]2CC[C@@H]2C1,,,C=C(C)CC(NC(=O)CCC(C)(C)F)C(=O)NC[C@@H]1C[C@H]2CC[C@H]2C1,
45763,O=C(O[C@@H]1CC[C@H]2[C@H](C1)C2(F)F)[C@H]1C[C@@H]2CC[C@H](C1)O2,,,O=C(O[C@@H]1CC[C@H]2[C@H](C1)C2(F)F)C1C[C@H]2CC[C@@H](C1)O2,
45795,CC=CC=CC(=O)N(C)CCCNC(=O)[C@H]1C[C@](O)(C#N)C1,"N-(3-((1s,3s)-3-cyano-3-hydroxycyclobutanecarboxamido)propyl)-N-methylhexa-2,4-dienamide",,CC=CC=CC(=O)N(C)CCCNC(=O)C1CC(O)(C#N)C1,
45848,Cn1cc(CN2CCCC[C@@H]2CNC(=O)[C@@H]2[C@H]3COC[C@H]32)c(C(F)F)n1,,,Cn1cc(CN2CCCC[C@@H]2CNC(=O)C2[C@H]3COC[C@@H]23)c(C(F)F)n1,
45851,COCC=CC(=O)N[C@H]1C[C@@H]2C[C@H](C1)CN(C(=O)c1cnn(C3CC3)c1C)C2,,,COCC=CC(=O)N[C@@H]1C[C@H]2C[C@@H](C1)CN(C(=O)c1cnn(C3CC3)c1C)C2,
45862,C[C@H](C(=O)NC[C@H]1C[C@@](F)(CNC(=O)CC2(O)CCC2)C1)c1cnccn1,"(2S)-N-(((1r,3S)-3-fluoro-3-((2-(1-hydroxycyclobutyl)acetamido)methyl)cyclobutyl)methyl)-2-(pyrazin-2-yl)propanamide",,CC(C(=O)NC[C@H]1C[C@@](F)(CNC(=O)CC2(O)CCC2)C1)c1cnccn1,
45875,COC1(CC(=O)N2CC[C@H]2C2CCCCC2)CN(C(=O)[C@]2(C)C[C@@H]3C[C@@H]3C2)C1,,,COC1(CC(=O)N2CC[C@H]2C2CCCCC2)CN(C(=O)[C@@]2(C)C[C@H]3C[C@H]3C2)C1,
45961,Cc1cccc(C(=O)N2C[C@@H]3[C@H](C2)[C@@H]3NCc2cccnc2)c1,,,Cc1cccc(C(=O)N2C[C@@H]3[C@H](C2)[C@@H]3NCc2cccnc2)c1,
45997,N#CCCn1ccc(=NC(=O)C[C@H]2[C@@H]3COC[C@@H]32)[nH]1,,,N#CCCn1ccc(NC(=O)C[C@H]2[C@@H]3COC[C@@H]32)n1,
46182,CO[C@]1(C(=O)N2CC(NC(=O)[C@@H]3CC[C@H]4C[C@H]4CC3)C2)CCCOC1,,,CO[C@]1(C(=O)N2CC(NC(=O)C3CC[C@@H]4C[C@@H]4CC3)C2)CCCOC1,
46199,C[S@@](=O)CCC(=O)N[C@]1(C)C[C@H](NC(=O)C2(Cl)CC2)C1,"N-((1s,3S)-3-(1-chlorocyclopropanecarboxamido)-1-methylcyclobutyl)-3-((R)-methylsulfinyl)propanamide",,C[S@@+]([O-])CCC(=O)N[C@]1(C)C[C@H](NC(=O)C2(Cl)CC2)C1,
46285,O=C([C@@H]1[C@H]2COC[C@H]21)N1CCN(C(=O)C2(C(F)(F)F)CCCC2)C2(CC2)C1,,,O=C(C1[C@H]2COC[C@@H]12)N1CCN(C(=O)C2(C(F)(F)F)CCCC2)C2(CC2)C1,
46289,Cc1ccncc1C(=O)N(C)C[C@@H](O)CNC(=O)[C@@H]1[C@H]2COC(C)(C)OC[C@H]21,,,Cc1ccncc1C(=O)N(C)C[C@@H](O)CNC(=O)C1[C@H]2COC(C)(C)OC[C@@H]12,
46325,NS(=O)(=O)CCC(=O)N1CC[C@H]2CCN(C(=O)c3cc4c([nH]3)CCCC4=O)C[C@@H]21,"3-oxo-3-((1R,6R)-3-((4-oxo-4,5,6,7-tetrahydro-1H-indol-2-yl)carbonyl)-3,9-diazabicyclo[4.3.0]nonan-9-yl)propane-1-sulfonamide",O=C(CCS(=O)(=O)N)N1CC[C@H]2CCN(C[C@H]12)C(=O)C=1NC=2CCCC(C2C1)=O,NS(=O)(=O)CCC(=O)N1CC[C@H]2CCN(C(=O)c3cc4c([nH]3)CCCC4=O)C[C@@H]21,NS(=O)(=O)CCC(=O)N1CC[C@H]2CCN(C(O)c3cc4c(O)cccc4[nH]3)C[C@@H]21
46328,Cc1cc(C(=O)N[C@@H]2[C@@H]3CN(Cc4ccc(C=CC(=O)O)cc4)C[C@@H]32)no1,,,Cc1cc(C(=O)N[C@@H]2[C@@H]3CN(Cc4ccc(C=CC(=O)O)cc4)C[C@@H]32)no1,
46412,C[C@H]1CN(C(=O)CCn2ccnn2)C[C@@H](C)[C@@H]1NC(=O)CCc1ncco1,,,C[C@@H]1CN(C(=O)CCn2ccnn2)C[C@H](C)[C@H]1NC(=O)CCc1ncco1,
46422,Cc1cc(CN2C[C@H]3[C@@H](C2)[C@@H]3C(=O)Nc2cccc(Cl)c2CO)n(C)n1,,,Cc1cc(CN2C[C@@H]3C(C(=O)Nc4cccc(Cl)c4CO)[C@@H]3C2)n(C)n1,
46498,C[C@H](O)CCCCCC(=O)NC[C@]1(F)C[C@H](CNC(=O)C2CN(S(C)(=O)=O)C2)C1,"(7S)-N-(((1r,3S)-1-fluoro-3-((1-(methylsulfonyl)azetidine-3-carboxamido)methyl)cyclobutyl)methyl)-7-hydroxyoctanamide",,C[C@H](O)CCCCCC(=O)NC[C@]1(F)C[C@H](CNC(=O)C2CN(S(C)(=O)=O)C2)C1,
46544,CS(=O)(=O)[C@]1(C(=O)N2CCO[C@]3(CCN(C(=O)[C@H]4CC45CC5)C3)C2)C[C@H](O)C1,"((5S)-9-(((1s,3R)-3-hydroxy-1-(methylsulfonyl)cyclobutyl)carbonyl)-6-oxa-2,9-diazaspiro[4.5]decan-2-yl)((1S)-spiro[2.2]pentan-1-yl)methanone",,CS(=O)(=O)[C@]1(C(=O)N2CCO[C@]3(CCN(C(=O)C4CC45CC5)C3)C2)C[C@H](O)C1,
46561,CN(C[C@H]1[C@@H]2CN(C(=O)CSCc3cccs3)C[C@H]12)C(=O)C12CCCN1CCC2,,,CN(C[C@@H]1[C@H]2CN(C(=O)CSCc3cccs3)C[C@@H]12)C(=O)C12CCCN1CCC2,
46585,CCC(C)(C)C(=O)NC[C@H]1C[C@@H]2CC[C@H](C1)N2C(=O)[C@@H]1C[C@H]1[C@@H](C)O,"N-(((1R,3S,5S)-8-(((1R,2R)-2-((1R)-1-hydroxyethyl)cyclopropyl)carbonyl)-8-azabicyclo[3.2.1]octan-3-yl)methyl)-2,2-dimethylbutanamide",,CCC(C)(C)C(=O)NC[C@@H]1C[C@H]2CC[C@@H](C1)N2C(=O)C1C[C@H]1[C@@H](C)O,
46616,C=C[C@H](CCC)CC(=O)N[C@]1(C)C[C@@H](NC(=O)Cc2csc(C(=O)OC)c2)C1,"methyl 4-(2-(((1R,3r)-3-((3R)-3-ethenylhexanamido)-3-methylcyclobutyl)amino)-2-oxoethyl)thiophene-2-carboxylate",,C=C[C@H](CCC)CC(=O)N[C@]1(C)C[C@@H](NC(=O)Cc2csc(C(=O)OC)c2)C1,
46682,C[C@@]1(C(=O)NC[C@H]2CCN2C(=O)C2COCCOC2)C[C@@H]2C[C@@H]2C1,,,C[C@]1(C(=O)NC[C@H]2CCN2C(=O)C2COCCOC2)C[C@H]2C[C@H]2C1,
46716,C=CCC(CC=C)C(=O)NC[C@H]1C[C@@H](NC(=O)[C@@H]2C[C@@H]3C[C@@H]3C2)C1,,,C=CCC(CC=C)C(=O)NC[C@H]1C[C@@H](NC(=O)C2C[C@@H]3C[C@@H]3C2)C1,
46735,CON=CC(=O)NC[C@]1(NC(=O)C[C@@H](C)n2ccnc2)C[C@](OC)(C(F)(F)F)C1,"(3R)-3-(1H-imidazol-1-yl)-N-((1s,3S)-3-methoxy-1-((2-(methoxyimino)acetamido)methyl)-3-(trifluoromethyl)cyclobutyl)butanamide",,CON=CC(=O)NC[C@]1(NC(=O)C[C@@H](C)n2ccnc2)C[C@](OC)(C(F)(F)F)C1,
46873,COCC(=O)NC[C@]1(F)C[C@@H](NC(=O)C(F)(F)c2ccncc2)C1,"2,2-difluoro-N-((1s,3s)-3-fluoro-3-((2-methoxyacetamido)methyl)cyclobutyl)-2-(pyridin-4-yl)acetamide",,COCC(=O)NC[C@]1(F)C[C@@H](NC(=O)C(F)(F)c2ccncc2)C1,
46974,CS[C@@H]1CN(C(=O)c2cc(Cl)cn2C)C[C@H]1NC(=O)[C@@H]1[C@H]2CCC[C@H]21,,,CS[C@@H]1CN(C(=O)c2cc(Cl)cn2C)C[C@H]1NC(=O)C1[C@H]2CCC[C@@H]12,
47014,COC(=O)c1ccc(CC(=O)NCCCNC(=O)[C@@]2(C)C[C@@H]3C[C@@H]3C2)cc1F,,,COC(=O)c1ccc(CC(=O)NCCCNC(=O)[C@]2(C)C[C@H]3C[C@H]3C2)cc1F,
47023,CSc1ccc(C(=O)N(C)CCCCC(=O)N2C[C@H]3C[C@H](F)C[C@H]3C2)o1,,,CSc1ccc(C(=O)N(C)CCCCC(=O)N2C[C@H]3C[C@H](F)C[C@H]3C2)o1,
47025,Cc1cc(C(=O)N[C@H]2[C@@H]3CN(C(=O)c4ccnc5[nH]c(C(F)F)nc45)C[C@@H]32)sn1,,,Cc1cc(C(=O)N[C@H]2[C@@H]3CN(C(=O)c4ccnc5[nH]c(C(F)F)nc45)C[C@@H]32)sn1,
47072,O=C(NCCN(Cc1cccc(Cl)c1)C(=O)[C@H]1C[C@@H]2C[C@@H]2C1)c1cnnc(O)c1,,,O=C(NCCN(Cc1cccc(Cl)c1)C(=O)C1C[C@@H]2C[C@@H]2C1)c1cn[nH]c(=O)c1,
47150,CN1C(=O)NC[C@@H]1C(=O)N[C@]1(C)C[C@H](NC(=O)c2ccc3nc(O)[nH]c3c2)C1,"2-hydroxy-N-((1S,3s)-3-methyl-3-((4R)-3-methyl-2-oxoimidazolidine-4-carboxamido)cyclobutyl)-1H-benzimidazole-6-carboxamide",,CN1C(=O)NCC1C(=O)N[C@]1(C)C[C@H](NC(=O)c2ccc3[nH]c(=O)[nH]c3c2)C1,
47151,Cc1nnc(CC(=O)N[C@H]2C[C@@](C)(NC(=O)C[C@H]3CCCNC(=O)C3)C2)s1,"2-(5-methyl-1,3,4-thiadiazol-2-yl)-N-((1R,3s)-3-methyl-3-(2-((4S)-2-oxoazepan-4-yl)acetamido)cyclobutyl)acetamide",,Cc1nnc(CC(=O)N[C@H]2C[C@@](C)(NC(=O)C[C@H]3CCCNC(=O)C3)C2)s1,
47164,COC(=O)[C@@H]1[C@H]2CN(C(=O)[C@H](NC(=O)c3cnco3)[C@@H]3CC=CCC3)C[C@H]21,"methyl (1R,5S,6R)-3-((2R)-2-((1S)-cyclohex-3-en-1-yl)-2-(1,3-oxazole-5-carboxamido)acetyl)-3-azabicyclo[3.1.0]hexane-6-carboxylate",,COC(=O)C1[C@H]2CN(C(=O)C(NC(=O)c3cnco3)[C@@H]3CC=CCC3)C[C@@H]12,
47239,C[C@H]1CC[C@@H](C(=O)N[C@H]2CC[C@H](O)CC2)N1C(=O)[C@@H]1[C@H]2CC(=O)C[C@H]21,,,C[C@H]1CCC(C(=O)N[C@H]2CC[C@H](O)CC2)N1C(=O)C1[C@H]2CC(=O)C[C@@H]12,
47501,CN1CCN(C(=O)[C@H]2COCCN(C(=O)[C@@H]3[C@H]4[C@@H]5CC[C@@H](C5)[C@H]43)C2)[C@@H](CCO)C1,,,CN1CCN(C(=O)C2COCCN(C(=O)C3[C@@H]4[C@H]5CC[C@H](C5)[C@H]34)C2)[C@@H](CCO)C1,
47612,C[C@@H](CCC(=O)N[C@H]1[C@@H]2CN(c3nc4c(cc3C#N)COCC4)C[C@@H]21)N(C)C,,,C[C@@H](CCC(=O)N[C@H]1[C@@H]2CN(c3nc4c(cc3C#N)COCC4)C[C@@H]21)N(C)C,
47664,C[C@@H]1[C@H](C(=O)N2C[C@@H](NC(=O)CSS(C)(=O)=O)[C@H](S(C)(=O)=O)C2)[C@@H]1C,,,C[C@@H]1C(C(=O)N2C[C@@H](S(C)(=O)=O)[C@H](NC(=O)CSS(C)(=O)=O)C2)[C@@H]1C,
47670,CCNS(=O)(=O)CC(=O)N[C@]1(C)C[C@@H](NC(=O)[C@]2(C#N)CC23CCCC3)C1,"N-((1R,3r)-3-((1R)-1-cyanospiro[2.4]heptane-1-carboxamido)-1-methylcyclobutyl)-2-(ethylsulfamoyl)acetamide",,CCNS(=O)(=O)CC(=O)N[C@]1(C)C[C@@H](NC(=O)[C@]2(C#N)CC23CCCC3)C1,
47701,O=C(NC[C@@H](O)CC(F)(F)F)[C@@H]1[C@H]2CN(C(=O)[C@@H]3[C@H]4CCCO[C@H]43)C[C@H]21,"(1R,5S,6R)-3-(((1R,6R,7R)-2-oxabicyclo[4.1.0]heptan-7-yl)carbonyl)-N-((2S)-4,4,4-trifluoro-2-hydroxybutyl)-3-azabicyclo[3.1.0]hexane-6-carboxamide",,O=C(NC[C@@H](O)CC(F)(F)F)C1[C@H]2CN(C(=O)C3[C@H]4CCCO[C@@H]34)C[C@@H]12,
47735,O=C(N[C@H]1C[C@@H]2CCC[C@@H]2C1)[C@@H]1CC[C@H](CNC(=O)C2(F)CCOCC2)C1,,,O=C(N[C@@H]1C[C@H]2CCC[C@H]2C1)C1CC[C@H](CNC(=O)C2(F)CCOCC2)C1,
47768,COC(=O)[C@]1(c2cccc(C)c2)C[C@@H](NC(=O)NCc2nnc(C)n2C2CC2)C1,"methyl (1r,3r)-3-((((4-cyclopropyl-5-methyl-4H-1,2,4-triazol-3-yl)methyl)carbamoyl)amino)-1-(3-methylphenyl)cyclobutanecarboxylate",,COC(=O)[C@]1(c2cccc(C)c2)C[C@@H](NC(=O)NCc2nnc(C)n2C2CC2)C1,
47775,Cc1ccc(NC(=O)[C@@H]2[C@H]3CN(c4nc(C)nc5ccsc45)C[C@H]32)c(Cl)n1,,,Cc1ccc(NC(=O)C2[C@H]3CN(c4nc(C)nc5ccsc45)C[C@@H]23)c(Cl)n1,
47791,C=CC1(C(=O)N2C[C@H]3[C@H](CNC(=O)[C@]4(F)C[C@H](C(=O)OCC)C4)[C@H]3C2)CC1,,,C=CC1(C(=O)N2C[C@@H]3[C@@H](CNC(=O)C4(F)CC(C(=O)OCC)C4)[C@@H]3C2)CC1,
47802,O=C1NC[C@@H](C(=O)N2[C@H]3CC[C@@H]2C[C@H](NC(=O)c2ccc(SC(F)F)cc2)C3)N1,"4-((difluoromethyl)sulfanyl)-N-((1R,3S,5S)-8-(((4S)-2-oxoimidazolidin-4-yl)carbonyl)-8-azabicyclo[3.2.1]octan-3-yl)benzamide",,O=C1NCC(C(=O)N2[C@@H]3CC[C@H]2C[C@@H](NC(=O)c2ccc(SC(F)F)cc2)C3)N1,
47903,Cn1cnnc1CCCC(=O)N[C@]1(C)C[C@H](NC(=O)CCc2cnn[nH]2)C1,"N-((1s,3s)-1-methyl-3-(3-(1H-1,2,3-triazol-5-yl)propanamido)cyclobutyl)-4-(4-methyl-4H-1,2,4-triazol-3-yl)butanamide",,Cn1cnnc1CCCC(=O)N[C@]1(C)C[C@H](NC(=O)CCc2c[nH]nn2)C1,
47990,Cc1occc(=O)c1OCC(=O)N[C@@H](C)CCCCNC(=O)[C@@]1(C)C[C@@H]2C[C@@H]2C1,,,Cc1occc(=O)c1OCC(=O)N[C@@H](C)CCCCNC(=O)[C@]1(C)C[C@H]2C[C@H]2C1,
48102,CCS(=O)(=O)N1CC(C(=O)N2C[C@H]3[C@H](NC(=O)c4ccc(CF)cc4)[C@H]3C2)C1,,,CCS(=O)(=O)N1CC(C(=O)N2C[C@@H]3[C@H](C2)[C@H]3NC(=O)c2ccc(CF)cc2)C1,
48104,Cc1cc(C(=O)NC2CN(C(=O)[C@H]3C[C@H]4C[C@@H](O)C[C@H](C4)C3)C2)cc2nn[nH]c12,,,Cc1cc(C(=O)NC2CN(C(=O)C3C[C@@H]4C[C@H](O)C[C@H](C3)C4)C2)cc2[nH]nnc12,
48162,O=C(N[C@@H]1[C@@H]2CC[C@H]1N(C(=O)[C@@H]1[C@H]3CCCCC[C@H]31)C2)c1cc(O)ncn1,,,O=C(N[C@@H]1[C@@H]2CC[C@H]1N(C(=O)C1[C@H]3CCCCC[C@@H]13)C2)c1cc(=O)[nH]cn1,
48189,NC(=O)N1CC(C(=O)NC[C@]2(F)C[C@@H](CNC(=O)[C@@H]3CCNC3=O)C2)C1,"N'-(((1S,3s)-1-fluoro-3-(((3R)-2-oxopyrrolidine-3-carboxamido)methyl)cyclobutyl)methyl)azetidine-1,3-dicarboxamide",,NC(=O)N1CC(C(=O)NC[C@]2(F)C[C@@H](CNC(=O)C3CCNC3=O)C2)C1,
48197,CC(C)(F)[C@@](C)(F)C(=O)N[C@@H]1C[C@@H]2CC[C@H](C1)N2C(=O)[C@H](O)c1ccc(Cl)cc1,"(2S)-N-((1R,3R,5S)-8-((2R)-2-(4-chlorophenyl)-2-hydroxyacetyl)-8-azabicyclo[3.2.1]octan-3-yl)-2,3-difluoro-2,3-dimethylbutanamide",,CC(C)(F)[C@@](C)(F)C(=O)N[C@H]1C[C@H]2CC[C@@H](C1)N2C(=O)C(O)c1ccc(Cl)cc1,
48229,CCCCCCCCCCCC(=O)N[C@]1(C)C[C@@H](NC(=O)[C@]2(OC)CCOC2)C1,"N-((1S,3r)-3-((3S)-3-methoxyoxolane-3-carboxamido)-1-methylcyclobutyl)dodecanamide",,CCCCCCCCCCCC(=O)N[C@]1(C)C[C@@H](NC(=O)[C@]2(OC)CCOC2)C1,
48247,CSC1CC(C(=O)NC[C@]2(F)C[C@@H](CNC(=O)c3c4c(nn3C)CCC4)C2)C1,"N-(((1s,3s)-3-fluoro-3-((3-(methylsulfanyl)cyclobutanecarboxamido)methyl)cyclobutyl)methyl)-3-methyl-2,3-diazabicyclo[3.3.0]octa-1,4-diene-4-carboxamide",,CSC1CC(C(=O)NC[C@]2(F)C[C@@H](CNC(=O)c3c4c(nn3C)CCC4)C2)C1,
48286,CC(=CC(=O)NC[C@]1(F)C[C@H](CNC(=O)c2cncc(C)c2Cl)C1)C1CC1,"N-(((1r,3r)-3-((4-chloro-5-methylpyridine-3-carboxamido)methyl)-1-fluorocyclobutyl)methyl)-3-cyclopropylbut-2-enamide",,CC(=CC(=O)NC[C@]1(F)C[C@H](CNC(=O)c2cncc(C)c2Cl)C1)C1CC1,
48333,CNC(=O)COCC(=O)N1CC2(C[C@@H](NC(=O)[C@@H]3C[C@H](OC)[C@H](OC)C3)CO2)C1,,,CNC(=O)COCC(=O)N1CC2(C[C@@H](NC(=O)C3C[C@H](OC)[C@H](OC)C3)CO2)C1,
48384,Cc1cnc(C(=O)NC[C@]2(F)C[C@@H](NC(=O)[C@@H](C)[C@@H]3CCOC3)C2)c(Br)c1,"3-bromo-N-(((1R,3s)-1-fluoro-3-((2S)-2-((3S)-oxolan-3-yl)propanamido)cyclobutyl)methyl)-5-methylpyridine-2-carboxamide",,Cc1cnc(C(=O)NC[C@]2(F)C[C@@H](NC(=O)C(C)[C@@H]3CCOC3)C2)c(Br)c1,
48457,COc1nscc1C(=O)N1CCC[C@H]1[C@@H](C)NC(=O)[C@@H]1[C@H]2[C@@H]3CC[C@@H](C3)[C@H]21,,,COc1nscc1C(=O)N1CCC[C@H]1[C@@H](C)NC(=O)C1[C@@H]2[C@H]3CC[C@H](C3)[C@H]12,
48520,Cc1occc1C(=O)N[C@@H]1C[C@H]2C[C@H](NC(=O)c3nccn4ccnc34)C[C@H]2C1,,,Cc1occc1C(=O)N[C@H]1C[C@@H]2C[C@@H](NC(=O)c3nccn4ccnc34)C[C@@H]2C1,
48605,C[C@]1(O)C[C@@H](NC(=O)Cn2cc(-c3ccnc(CO)c3)nn2)C1,"N-((1s,3s)-3-hydroxy-3-methylcyclobutyl)-2-(4-(2-(hydroxymethyl)pyridin-4-yl)-1H-1,2,3-triazol-1-yl)acetamide",,C[C@]1(O)C[C@@H](NC(=O)Cn2cc(-c3ccnc(CO)c3)nn2)C1,
48657,CC(C)c1ccc(C(=O)NC[C@H]2C[C@](F)(CNC(=O)c3cc(C#N)cn3C)C2)o1,"4-cyano-N-(((1s,3s)-1-fluoro-3-((5-(propan-2-yl)furan-2-carboxamido)methyl)cyclobutyl)methyl)-1-methyl-1H-pyrrole-2-carboxamide",,CC(C)c1ccc(C(=O)NC[C@H]2C[C@](F)(CNC(=O)c3cc(C#N)cn3C)C2)o1,
48662,C=CCCCC(=O)N1CC(C)(C)C[C@@H]1C(=O)N[C@@H]1[C@H]2CCC[C@H]21,,,C=CCCCC(=O)N1CC(C)(C)CC1C(=O)N[C@H]1[C@@H]2CCC[C@@H]21,
48671,COc1cccc(N2CCN(C(=O)[C@H]3C[C@H]4C[C@@H](O)C[C@H](C4)C3)C[C@H]2C)c1,,,COc1cccc(N2CCN(C(=O)C3C[C@@H]4C[C@H](O)C[C@H](C3)C4)C[C@H]2C)c1,
48690,Cc1csc([C@H](C)C(=O)N[C@]2(C)C[C@H](NC(=O)Cc3nc(=N)[nH][nH]3)C2)n1,"(2R)-N-((1s,3S)-3-(2-(5-imino-1H,2H-1,2,4-triazol-3-yl)acetamido)-1-methylcyclobutyl)-2-(4-methyl-1,3-thiazol-2-yl)propanamide",,Cc1csc(C(C)C(=O)N[C@]2(C)C[C@H](NC(=O)Cc3n[nH]c(N)n3)C2)n1,
48759,C[C@@]1(CC(=O)NC[C@H]2CN(C(=O)[C@H]3C[C@@](C)(O)C3)CC23CC3)CC1(F)F,"2-((1R)-2,2-difluoro-1-methylcyclopropyl)-N-(((7S)-5-(((1s,3R)-3-hydroxy-3-methylcyclobutyl)carbonyl)-5-azaspiro[2.4]heptan-7-yl)methyl)acetamide",,CC1(O)CC(C(=O)N2C[C@H](CNC(=O)C[C@]3(C)CC3(F)F)C3(CC3)C2)C1,
48846,CC1(C)[C@@H](NC(=O)CCCc2ncco2)C[C@H]1C(=O)N1[C@H]2CC[C@@H]1C[C@@H](F)C2,"N-((1S,3R)-3-(((1R,3S,5S)-3-fluoro-8-azabicyclo[3.2.1]octan-8-yl)carbonyl)-2,2-dimethylcyclobutyl)-4-(1,3-oxazol-2-yl)butanamide",,CC1(C)C(C(=O)N2[C@@H]3CC[C@H]2C[C@H](F)C3)C[C@@H]1NC(=O)CCCc1ncco1,
48879,CC1(C)[C@H]2C[C@H](C(=O)N3CC[C@@H](NC(=O)C4CN(S(C)(=O)=O)C4)[C@H](CO)C3)C[C@H]21,,,CC1(C)[C@@H]2CC(C(=O)N3CC[C@@H](NC(=O)C4CN(S(C)(=O)=O)C4)[C@H](CO)C3)C[C@@H]21,
48938,COc1ccccc1OCC(=O)N1C[C@@H]2[C@H](C(=O)N3CCN(C)C(=O)[C@H]3C)[C@@H]2C1,,,COc1ccccc1OCC(=O)N1C[C@@H]2C(C(=O)N3CCN(C)C(=O)C3C)[C@@H]2C1,
49090,Cc1cc(=NC(=O)/C=C/[C@H](C)NC(=O)[C@H]2C[C@H]3[C@@H](C2)C3(C)C)[nH]n1C(C)C,,,Cc1cc(NC(=O)/C=C/[C@H](C)NC(=O)C2C[C@@H]3[C@H](C2)C3(C)C)nn1C(C)C,
49101,N#CC1(CC(=O)N2C[C@H]3[C@@H](C2)[C@@H]3C(=O)N[C@H](CO)c2ccccn2)CC1,,,N#CC1(CC(=O)N2C[C@@H]3C(C(=O)N[C@H](CO)c4ccccn4)[C@@H]3C2)CC1,
49129,CN(CCO)CC(=O)N1CCC2(CC1)C[C@H]2CNC(=O)[C@@]1(C#N)C[C@@H]2C[C@@H]2C1,,,CN(CCO)CC(=O)N1CCC2(CC1)C[C@H]2CNC(=O)[C@]1(C#N)C[C@H]2C[C@H]2C1,
49167,C[C@@H](CC(=O)N[C@H]1C[C@@H]2CC[C@H](C1)N2C(=O)c1ccc(-c2cc[nH]n2)s1)C1CC1,,,C[C@@H](CC(=O)N[C@@H]1C[C@H]2CC[C@@H](C1)N2C(=O)c1ccc(-c2cc[nH]n2)s1)C1CC1,
49196,CN(CC(C)(C)CNC(=O)[C@@H]1[C@H]2C[C@@H]2[C@H]2C[C@@H]12)C(=O)CCC(N)=O,"(1R,2R,4R,5R,6S)-N-(2,2-dimethyl-3-(N-methyl-3-carbamoylpropanamido)propyl)tricyclo[4.1.0.0^{2,4}]heptane-5-carboxamide",,CN(CC(C)(C)CNC(=O)C1[C@H]2C[C@@H]2[C@H]2C[C@@H]12)C(=O)CCC(N)=O,
49245,CCCC[C@@H](CC)C(=O)N[C@@H](C)C(C)(C)C(=O)N[C@@H]1C[C@@H]2CC[C@H](C1)[C@@H]2O,,,CCCCC(CC)C(=O)N[C@@H](C)C(C)(C)C(=O)N[C@H]1C[C@H]2CC[C@@H](C1)[C@H]2O,
49251,CO[C@@H](F)C(=O)N1CCCC[C@H]1CCC(C)(C)NC(=O)[C@H]1C[C@@](C)(O)C1,"(1s,3R)-N-(4-((2S)-1-((2S)-2-fluoro-2-methoxyacetyl)piperidin-2-yl)-2-methylbutan-2-yl)-3-hydroxy-3-methylcyclobutanecarboxamide",,COC(F)C(=O)N1CCCC[C@H]1CCC(C)(C)NC(=O)C1CC(C)(O)C1,
49292,Cc1ccc(C(=O)N2CCC[C@@H](CNC(=O)[C@H]3C[C@](C)(F)C3)C2)c(N)c1,"(1r,3S)-N-(((3S)-1-((2-amino-4-methylphenyl)carbonyl)piperidin-3-yl)methyl)-3-fluoro-3-methylcyclobutanecarboxamide",,Cc1ccc(C(=O)N2CCC[C@@H](CNC(=O)C3CC(C)(F)C3)C2)c(N)c1,
49329,C[C@@]1(C(=O)N2[C@H]3CC[C@@H]2C[C@H](CNC(=O)c2cc(Br)c[nH]2)C3)CCNC1=O,"4-bromo-N-(((1R,3R,5S)-8-(((3R)-3-methyl-2-oxopyrrolidin-3-yl)carbonyl)-8-azabicyclo[3.2.1]octan-3-yl)methyl)-1H-pyrrole-2-carboxamide",,C[C@@]1(C(=O)N2[C@@H]3CC[C@H]2C[C@@H](CNC(=O)c2cc(Br)c[nH]2)C3)CCNC1=O,
49342,CCCN(C)CC(=O)N[C@]1(C)C[C@H](NC(=O)[C@@H](CC)N(CC)CC)C1,"(2R)-2-(diethylamino)-N-((1s,3S)-3-methyl-3-(2-(methyl(propyl)amino)acetamido)cyclobutyl)butanamide",,CCCN(C)CC(=O)N[C@]1(C)C[C@H](NC(=O)C(CC)N(CC)CC)C1,
49371,C=C(CCNC(=O)[C@@H]1C[C@@H](C)C[C@@H](C)C1)CNC(=O)c1cccc[n+]1[O-],,,C=C(CCNC(=O)C1C[C@@H](C)C[C@@H](C)C1)CNC(=O)c1cccc[n+]1[O-],
49374,CN(C[C@H]1CCC[C@H]1NC(=O)[C@]12CCC[C@H]1CCC2)C(=O)[C@H]1CCc2nccn21,"(8R)-N-methyl-N-(((1R,2R)-2-(octahydropentalene-3a-carboxamido)cyclopentyl)methyl)-1,4-diazabicyclo[3.3.0]octa-2,4-diene-8-carboxamide",CN(C(=O)[C@H]1CCC2=NC=CN12)C[C@@H]1[C@@H](CCC1)NC(=O)C12CCCC2CCC1,CN(C[C@H]1CCC[C@H]1NC(=O)[C@]12CCC[C@H]1CCC2)C(=O)C1CCc2nccn21,CN(C[C@H]1CCC[C@H]1NC(=O)C12CCCC1CCC2)C(=O)C1CCc2nccn21
49398,C[C@H](CC(=O)N[C@H]1C[C@@](C)(NC(=O)COCCc2ccccc2)C1)CC(C)(C)C,"(3S)-3,5,5-trimethyl-N-((1s,3R)-3-methyl-3-(2-((2-phenylethyl)oxy)acetamido)cyclobutyl)hexanamide",,C[C@H](CC(=O)N[C@H]1C[C@@](C)(NC(=O)COCCc2ccccc2)C1)CC(C)(C)C,
49430,CCC=CC=CC(=O)NC[C@H]1[C@@H]2CN(C(=O)C[C@@H]3CCCc4ccccc43)C[C@H]12,"N-(((1R,5S,6S)-3-(2-((1S)-1,2,3,4-tetrahydronaphthalen-1-yl)acetyl)-3-azabicyclo[3.1.0]hexan-6-yl)methyl)hepta-2,4-dienamide",,CC=CC=CCC(=O)NC[C@@H]1[C@H]2CN(C(=O)C[C@@H]3CCCc4ccccc43)C[C@@H]12,
49464,C#C[C@]1(O)C[C@@H](C(=O)NCCNC(=O)Cc2coc3c(F)c(F)ccc23)C1,"(1s,3s)-N-(2-(2-(6,7-difluoro-1-benzofuran-3-yl)acetamido)ethyl)-3-ethynyl-3-hydroxycyclobutanecarboxamide",,C#CC1(O)CC(C(=O)NCCNC(=O)Cc2coc3c(F)c(F)ccc23)C1,
49473,N[C@H]1C[C@@](C(=O)NCC[C@H]2CCS(=O)(=O)C2)(C(F)F)C1,"(1s,3R)-3-amino-1-(difluoromethyl)-N-(2-((3S)-1,1-dioxo-1lambda^6-thiolan-3-yl)ethyl)cyclobutanecarboxamide",,N[C@H]1C[C@@](C(=O)NCC[C@H]2CCS(=O)(=O)C2)(C(F)F)C1,
49483,Cc1cc(C(=O)N[C@H]2C[C@](F)(CNC(=O)[C@@]3(C)CCCN3C)C2)c(C)cc1Cl,"(2R)-N-(((1s,3S)-3-(4-chloro-2,5-dimethylbenzamido)-1-fluorocyclobutyl)methyl)-1,2-dimethylpyrrolidine-2-carboxamide",,Cc1cc(C(=O)N[C@H]2C[C@](F)(CNC(=O)[C@@]3(C)CCCN3C)C2)c(C)cc1Cl,
49498,CC(C)C[C@H](C)CC(=O)NC[C@@H]1C[C@@H]2CC[C@H](C1)N2C(=O)Cc1sc(O)nc1O,,,CC(C)C[C@H](C)CC(=O)NC[C@H]1C[C@H]2CC[C@@H](C1)N2C(=O)Cc1sc(=O)[nH]c1O,
49502,COc1nc(OC)nc(N(C(=O)[C@@H]2[C@H]3COC[C@H]32)c2cnc3c(c2)CNCC3)n1,,,COc1nc(OC)nc(N(C(=O)C2[C@H]3COC[C@@H]23)c2cnc3c(c2)CNCC3)n1,
49692,O=C(N[C@@H]1CC[C@H](CCC(=O)N2[C@H]3CC[C@@H]2C[C@@H](F)C3)C1)c1ccc(CO)o1,"N-((1R,3R)-3-(3-((1R,3S,5S)-3-fluoro-8-azabicyclo[3.2.1]octan-8-yl)-3-oxopropyl)cyclopentyl)-5-(hydroxymethyl)furan-2-carboxamide",,O=C(N[C@@H]1CC[C@H](CCC(=O)N2[C@@H]3CC[C@H]2C[C@H](F)C3)C1)c1ccc(CO)o1,
49829,Cc1ncc(C(=O)N[C@]2(C(=O)N3CC[C@]4(CO)CCC[C@H]34)C[C@H](O)C2)s1,"N-((1s,3R)-3-hydroxy-1-(((1S,5R)-5-(hydroxymethyl)-2-azabicyclo[3.3.0]octan-2-yl)carbonyl)cyclobutyl)-2-methyl-1,3-thiazole-5-carboxamide",,Cc1ncc(C(=O)N[C@]2(C(=O)N3CC[C@]4(CO)CCC[C@H]34)C[C@H](O)C2)s1,
49857,Cc1sccc1C(=O)N1C[C@H]2C[C@H](NC(=O)c3ccc(CS(C)(=O)=O)o3)C[C@H]2C1,,,Cc1sccc1C(=O)N1C[C@H]2C[C@H](NC(=O)c3ccc(CS(C)(=O)=O)o3)C[C@H]2C1,
49913,O=C(N[C@H]1C[C@@](F)(CNC(=O)[C@H]2CSCCS2)C1)c1c[nH]c2cc(Cl)ccc12,"6-chloro-N-((1S,3r)-3-(((2S)-1,4-dithiane-2-carboxamido)methyl)-3-fluorocyclobutyl)-1H-indole-3-carboxamide",,O=C(N[C@H]1C[C@@](F)(CNC(=O)C2CSCCS2)C1)c1c[nH]c2cc(Cl)ccc12,
49970,C[C@H](CC(=O)NC[C@@H]1[C@H]2CCCC[C@H]21)NC(=O)C=Cc1cnn(C)c1,,,C[C@H](CC(=O)NC[C@H]1[C@@H]2CCCC[C@@H]21)NC(=O)C=Cc1cnn(C)c1,
50050,CC1(C)CC(O)(C(=O)N[C@H]2C[C@@H]3C[C@H](C2)CN(C(=O)CSC(F)F)C3)C1,,,CC1(C)CC(O)(C(=O)N[C@@H]2C[C@H]3C[C@@H](C2)CN(C(=O)CSC(F)F)C3)C1,
50141,CN(CC(C)(C)NC(=O)[C@@H]1[C@H]2CCCCCC[C@H]21)C(=O)c1occ2c1CCOC2,,,CN(CC(C)(C)NC(=O)C1[C@H]2CCCCCC[C@@H]12)C(=O)c1occ2c1CCOC2,
50175,Cc1ccc(C(=O)NC[C@H]2C[C@@H]3CC[C@H](C2)N3C(=O)CC[C@@H]2CC2(Cl)Cl)c(N)n1,"2-amino-N-(((1R,3S,5S)-8-(3-((1R)-2,2-dichlorocyclopropyl)propanoyl)-8-azabicyclo[3.2.1]octan-3-yl)methyl)-6-methylpyridine-3-carboxamide",,Cc1ccc(C(=O)NC[C@@H]2C[C@H]3CC[C@@H](C2)N3C(=O)CC[C@@H]2CC2(Cl)Cl)c(N)n1,
50279,Cc1nccc(C(=O)NC[C@@H]2CN(C(=O)[C@H]3C[C@@H]4CC[C@H](C3)O4)CCN2C)c1C,,,Cc1nccc(C(=O)NC[C@@H]2CN(C(=O)C3C[C@H]4CC[C@@H](C3)O4)CCN2C)c1C,
50302,C=CC[C@H](CC)C(=O)NC1(CCNC(=O)[C@@H]2[C@H]3CCCCC[C@H]32)CCC1,,,C=CCC(CC)C(=O)NC1(CCNC(=O)C2[C@H]3CCCCC[C@@H]23)CCC1,
50333,O=C(N[C@H]1[C@@H]2CN(C(=O)[C@@H]3CCCc4ncnn43)C[C@@H]21)c1cn2c(n1)CCC2,"N-((1R,5S,6R)-3-(((2S)-1,7,9-triazabicyclo[4.3.0]nona-6,8-dien-2-yl)carbonyl)-3-azabicyclo[3.1.0]hexan-6-yl)-1,4-diazabicyclo[3.3.0]octa-2,4-diene-3-carboxamide",,O=C(N[C@H]1[C@@H]2CN(C(=O)C3CCCc4ncnn43)C[C@@H]21)c1cn2c(n1)CCC2,
50401,Cc1cc(C(=O)N[C@H](C)CC2CN(C(=O)[C@@H]3[C@H]4CC(=O)C[C@H]43)C2)sn1,,,Cc1cc(C(=O)N[C@H](C)CC2CN(C(=O)C3[C@H]4CC(=O)C[C@@H]34)C2)sn1,
50627,COC(=O)[C@H](Cc1ccccc1)NC(=O)[C@H]([C@H]1C[C@@H]2C[C@@H]2C1)N1CC[C@H]1C(C)C,,,COC(=O)C(Cc1ccccc1)NC(=O)C([C@H]1C[C@@H]2C[C@@H]2C1)N1CC[C@H]1C(C)C,
50669,COC(=O)c1ccc(NC(=O)[C@H]2[C@H]3CN(Cc4cnccc4C)C[C@H]32)c(I)c1,,,COC(=O)c1ccc(NC(=O)C2[C@H]3CN(Cc4cnccc4C)C[C@@H]23)c(I)c1,
50675,CNC(=O)NCCC(=O)NC[C@]1(F)C[C@H](CNC(=O)[C@H]2CCN(C)[C@H]2C)C1,"N-(3-((((1S,3r)-3-(((2S,3S)-1,2-dimethylpyrrolidine-3-carboxamido)methyl)-1-fluorocyclobutyl)methyl)amino)-3-oxopropyl)-N'-methylurea",,CNC(=O)NCCC(=O)NC[C@]1(F)C[C@H](CNC(=O)C2CCN(C)[C@H]2C)C1,
50736,CSCC[C@H](NC=O)C(=O)N[C@H]1C[C@](F)(CNC(=O)[C@@H]2COCCC2(F)F)C1,"(2S)-N-((1R,3R)-3-(((3S)-4,4-difluorooxane-3-carboxamido)methyl)-3-fluorocyclobutyl)-2-formamido-4-(methylsulfanyl)butanamide",,CSCCC(NC=O)C(=O)N[C@H]1C[C@](F)(CNC(=O)C2COCCC2(F)F)C1,
50764,CC[C@H](CC(F)(F)F)C(=O)N[C@]1(C)C[C@H](NC(=O)c2oc(CC(C)C)nc2C)C1,"(2R)-2-ethyl-4,4,4-trifluoro-N-((1s,3S)-1-methyl-3-(4-methyl-2-(2-methylpropyl)-1,3-oxazole-5-carboxamido)cyclobutyl)butanamide",,CCC(CC(F)(F)F)C(=O)N[C@]1(C)C[C@H](NC(=O)c2oc(CC(C)C)nc2C)C1,
50771,CC(C)(O)C1(C(=O)NCCSCC(=O)N2C[C@H]3C[C@H](F)C[C@H]3C2)CCC1,,,CC(C)(O)C1(C(=O)NCCSCC(=O)N2C[C@H]3C[C@H](F)C[C@H]3C2)CCC1,
50793,C=CCC1(C(=O)N2C[C@H]3[C@H](NC(=O)c4ccnn4CC4CC4)[C@H]3C2)CC1,,,C=CCC1(C(=O)N2C[C@@H]3[C@H](C2)[C@H]3NC(=O)c2ccnn2CC2CC2)CC1,
50810,C#C[C@]1(O)C[C@@H](C(=O)NC2(CCNC(=O)c3cc(SC)ccc3[N+](=O)[O-])CC2)C1,"N-(2-(1-((1s,3s)-3-ethynyl-3-hydroxycyclobutanecarboxamido)cyclopropyl)ethyl)-5-(methylsulfanyl)-2-nitrobenzamide",,C#CC1(O)CC(C(=O)NC2(CCNC(=O)c3cc(SC)ccc3[N+](=O)[O-])CC2)C1,
50812,Cc1ccc2nsnc2c1C(=O)NC[C@H]1CCCN1C(=O)[C@@H]1CC[C@H]2C[C@H]2CC1,,,Cc1ccc2nsnc2c1C(=O)NC[C@H]1CCCN1C(=O)C1CC[C@@H]2C[C@@H]2CC1,
50813,CO[C@H]1C[C@@H](C(=O)NC[C@]2(F)C[C@H](CNC(=O)CCn3cc([N+](=O)[O-])cn3)C2)C1,"cis-N-(((1r,3r)-1-fluoro-3-((3-(4-nitro-1H-pyrazol-1-yl)propanamido)methyl)cyclobutyl)methyl)-3-methoxycyclobutanecarboxamide",,COC1CC(C(=O)NC[C@]2(F)C[C@H](CNC(=O)CCn3cc([N+](=O)[O-])cn3)C2)C1,
50824,C[C@]1(NC(=O)Cn2ccnn2)C[C@@H](NC(=O)c2cncc3nc[nH]c23)C1,"N-((1s,3s)-1-methyl-3-(3,7,9-triazabicyclo[4.3.0]nona-1,3,5,8-tetraene-5-carboxamido)cyclobutyl)-2-(1H-1,2,3-triazol-1-yl)acetamide",,C[C@]1(NC(=O)Cn2ccnn2)C[C@@H](NC(=O)c2cncc3[nH]cnc23)C1,
50848,C[C@H]1[C@@H]2CN(c3nc(N4CCOc5ncccc5C4)c4ncsc4n3)C[C@H]12,,,C[C@@H]1[C@H]2CN(c3nc(N4CCOc5ncccc5C4)c4ncsc4n3)C[C@@H]12,
50863,CCCS(=O)(=O)N1C[C@@H]2[C@H](C(=O)Nc3cc(C#N)ccc3O)[C@@H]2C1,,,CCCS(=O)(=O)N1C[C@@H]2C(C(=O)Nc3cc(C#N)ccc3O)[C@@H]2C1,
50872,COC1(C(=O)N2C[C@H]3[C@@H](C2)[C@@H]3c2cn([C@H]3CCC[C@@H]3O)nn2)CCCCC1,,,COC1(C(=O)N2C[C@@H]3[C@H](C2)[C@H]3c2cn([C@H]3CCC[C@@H]3O)nn2)CCCCC1,
50903,CC(C)[C@H](C#N)C(=O)N1C[C@H]2[C@H](NC(=O)C3(n4cccn4)CCC3)[C@H]2C1,"N-((1R,5S,6S)-3-((2R)-2-cyano-3-methylbutanoyl)-3-azabicyclo[3.1.0]hexan-6-yl)-1-(1H-pyrazol-1-yl)cyclobutanecarboxamide",,CC(C)C(C#N)C(=O)N1C[C@@H]2[C@H](C1)[C@H]2NC(=O)C1(n2cccn2)CCC1,
50933,CC(C)(F)C(=O)NC[C@H]1C[C@@H]2CC[C@H](C1)N2C(=O)CN1CCC[C@H]1CO,"2-fluoro-N-(((1R,3R,5S)-8-(2-((2S)-2-(hydroxymethyl)pyrrolidin-1-yl)acetyl)-8-azabicyclo[3.2.1]octan-3-yl)methyl)-2-methylpropanamide",,CC(C)(F)C(=O)NC[C@@H]1C[C@H]2CC[C@@H](C1)N2C(=O)CN1CCC[C@H]1CO,
51009,O=C(NCc1ccc2c(c1)CN(C(=O)[C@@H]1CCCCO1)C2)[C@H]1C[C@H]2[C@@H](C1)C2(F)F,,,O=C(NCc1ccc2c(c1)CN(C(=O)C1CCCCO1)C2)C1C[C@@H]2[C@H](C1)C2(F)F,
51037,O=C(Cc1ccc(O)cc1)NC1CN(C(=O)[C@@H]2[C@H]3CCC[C@H]32)C1,,,O=C(Cc1ccc(O)cc1)NC1CN(C(=O)C2[C@H]3CCC[C@@H]23)C1,
51076,CC(C)CO[C@H](C)C(=O)NC[C@H]1[C@@H]2CN(C(=O)C#C[C@H]3CCCOC3)C[C@H]12,"(2R)-2-isobutoxy-N-(((1R,5S,6R)-3-(3-((3R)-oxan-3-yl)prop-2-ynoyl)-3-azabicyclo[3.1.0]hexan-6-yl)methyl)propanamide",,CC(C)COC(C)C(=O)NC[C@@H]1[C@H]2CN(C(=O)C#C[C@H]3CCCOC3)C[C@@H]12,
51085,CC[C@@H]1C[C@H](CC(=O)NC[C@]2(F)C[C@@H](NC(=O)c3ccc(O)cc3)C2)CCO1,"2-((2R,4R)-2-ethyloxan-4-yl)-N-(((1s,3S)-1-fluoro-3-(4-hydroxybenzamido)cyclobutyl)methyl)acetamide",,CC[C@@H]1C[C@H](CC(=O)NC[C@]2(F)C[C@@H](NC(=O)c3ccc(O)cc3)C2)CCO1,
51136,CCC(C)(C)N[C@H](C)C(=O)N[C@H]1[C@@H]2CN(C(=O)C3C[C@H](C)C[C@@H](C)C3)C[C@@H]21,"(2R)-N-((1R,5S,6S)-3-(((3R,5R)-3,5-dimethylcyclohexyl)carbonyl)-3-azabicyclo[3.1.0]hexan-6-yl)-2-((2-methylbutan-2-yl)amino)propanamide",,CCC(C)(C)NC(C)C(=O)N[C@H]1[C@@H]2CN(C(=O)C3C[C@H](C)C[C@@H](C)C3)C[C@@H]21,
51167,CSc1cc(C)ccc1C(=O)N1C[C@H]2C[C@H](NC(=O)c3cocn3)C[C@H]2C1,,,CSc1cc(C)ccc1C(=O)N1C[C@H]2C[C@H](NC(=O)c3cocn3)C[C@H]2C1,
51213,C[C@@]1(C(=O)NC[C@H]2C[C@](F)(CNC(=O)CN3CC=CC3)C2)CCNC(=O)C1,"(4R)-N-(((1s,3S)-3-((2-(2,5-dihydro-1H-pyrrol-1-yl)acetamido)methyl)-3-fluorocyclobutyl)methyl)-4-methyl-2-oxopiperidine-4-carboxamide",,C[C@@]1(C(=O)NC[C@H]2C[C@](F)(CNC(=O)CN3CC=CC3)C2)CCNC(=O)C1,
51222,C[C@H]1[C@@H](C)[C@@H]1C(=O)N[C@H]1CCC[C@@H]1CNC(=O)C=Cc1ccc2c(c1)CCO2,,,C[C@@H]1C(C(=O)N[C@H]2CCC[C@@H]2CNC(=O)C=Cc2ccc3c(c2)CCO3)[C@@H]1C,
51246,O=C(C[C@H]1[C@@H]2CN(C(=O)[C@H](F)n3ccnc3)C[C@H]12)N1C[C@H]2C[C@H]2C1,"(2S)-1-((1R,5S,6R)-6-(2-((1R,5S)-3-azabicyclo[3.1.0]hexan-3-yl)-2-oxoethyl)-3-azabicyclo[3.1.0]hexan-3-yl)-2-fluoro-2-(1H-imidazol-1-yl)ethan-1-one",,O=C(C[C@@H]1[C@H]2CN(C(=O)C(F)n3ccnc3)C[C@@H]12)N1C[C@H]2C[C@H]2C1,
51282,O=C(N[C@H](c1cccnc1)C1CC1)[C@H]1CN(C(=O)[C@@H]2[C@H]3COC[C@H]32)CCN1,,,O=C(N[C@H](c1cccnc1)C1CC1)C1CN(C(=O)C2[C@H]3COC[C@@H]23)CCN1,
51357,Cc1cc(C(=O)N[C@H]2C[C@](C)(NC(=O)c3ccc(N)cn3)C2)cc(C)c1Cl,"5-amino-N-((1r,3r)-3-(4-chloro-3,5-dimethylbenzamido)-1-methylcyclobutyl)pyridine-2-carboxamide",,Cc1cc(C(=O)N[C@H]2C[C@](C)(NC(=O)c3ccc(N)cn3)C2)cc(C)c1Cl,
51410,COC1(C(=O)NC[C@]2(F)C[C@@H](CNC(=O)c3ncccn3)C2)CC(CF)C1,"N-(((1s,3s)-3-fluoro-3-((3-(fluoromethyl)-1-methoxycyclobutanecarboxamido)methyl)cyclobutyl)methyl)pyrimidine-2-carboxamide",,COC1(C(=O)NC[C@]2(F)C[C@@H](CNC(=O)c3ncccn3)C2)CC(CF)C1,
51424,CO[C@H](CC1CC1)C(=O)N1CC[C@@](F)(C(=O)N2CC[C@]23CC[C@H](C)CC3)C1,(2R)-3-cyclopropyl-1-((3S)-3-fluoro-3-((7-methyl-1-azaspiro[3.5]nonan-1-yl)carbonyl)pyrrolidin-1-yl)-2-methoxypropan-1-one,C1(CC1)C[C@H](C(=O)N1C[C@@](CC1)(C(=O)N1CCC12CCC(CC2)C)F)OC,COC(CC1CC1)C(=O)N1CC[C@@](F)(C(=O)N2CC[C@]23CC[C@H](C)CC3)C1,COC(CC1CC1)C(=O)N1CC[C@@](F)(C(=O)N2CCC23CCC(C)CC3)C1
51462,CCOCCO[C@H](C)C(=O)N[C@H]1C[C@@H]2CN(c3ccnc(SC)n3)C[C@@H]2C1,,,CCOCCOC(C)C(=O)N[C@H]1C[C@@H]2CN(c3ccnc(SC)n3)C[C@@H]2C1,
51558,C=CCCOCC(=O)N1CC(OC2CCN(C(=O)[C@H]3CC[C@H]4C[C@H]4CC3)CC2)C1,,,C=CCCOCC(=O)N1CC(OC2CCN(C(=O)C3CC[C@@H]4C[C@@H]4CC3)CC2)C1,
51574,C#C[C@]1(O)C[C@@H](C(=O)NC2CCC(CC(=O)N3CCC[C@H](C(C)C)C3)CC2)C1,"(1s,3S)-3-ethynyl-3-hydroxy-N-(4-(2-oxo-2-((3R)-3-(propan-2-yl)piperidin-1-yl)ethyl)cyclohexyl)cyclobutanecarboxamide",,C#CC1(O)CC(C(=O)NC2CCC(CC(=O)N3CCC[C@H](C(C)C)C3)CC2)C1,
51635,CC1=CCC=C[C@H]1C(=O)N1C[C@@H]2[C@H](C(=O)Nc3cc(F)c(F)cc3[N+](=O)[O-])[C@@H]2C1,"(1R,5S,6S)-N-(4,5-difluoro-2-nitrophenyl)-3-(((1R)-2-methylcyclohexa-2,5-dien-1-yl)carbonyl)-3-azabicyclo[3.1.0]hexane-6-carboxamide",,CC1=CCC=CC1C(=O)N1C[C@@H]2C(C(=O)Nc3cc(F)c(F)cc3[N+](=O)[O-])[C@@H]2C1,
51667,CCC(C)(CC)C(=O)N[C@H](CNC(=O)[C@H]1C[C@@](C)(O)C1)CC(C)C,"2-ethyl-N-((2S)-1-((1s,3R)-3-hydroxy-3-methylcyclobutanecarboxamido)-4-methylpentan-2-yl)-2-methylbutanamide",,CCC(C)(CC)C(=O)N[C@H](CNC(=O)C1CC(C)(O)C1)CC(C)C,
51692,Cc1nn2ncccc2c1C(=O)N1CC(N(C)C(=O)[C@H]2C[C@@H]3CC[C@H](C2)[C@H]3O)C1,,,Cc1nn2ncccc2c1C(=O)N1CC(N(C)C(=O)C2C[C@H]3CC[C@@H](C2)[C@@H]3O)C1,
51758,Cn1ncc(CNC(=O)[C@@]23CSC[C@@H]2C3)c1C(=O)NC[C@]1(F)C[C@H](CO)C1,"N-(((1r,3S)-1-fluoro-3-(hydroxymethyl)cyclobutyl)methyl)-1-methyl-4-(((1S,5R)-3-thiabicyclo[3.1.0]hexane-1-carboxamido)methyl)-1H-pyrazole-5-carboxamide",,Cn1ncc(CNC(=O)[C@@]23CSC[C@@H]2C3)c1C(=O)NC[C@]1(F)C[C@H](CO)C1,
51777,O=C(Cc1cccc(O)c1)N[C@@H]1[C@H]2CC[C@@H]1CN(C(=O)C[C@@H]1CCCCO1)C2,"2-(3-hydroxyphenyl)-N-((1R,5S,8S)-3-(2-((2S)-oxan-2-yl)acetyl)-3-azabicyclo[3.2.1]octan-8-yl)acetamide",,O=C(Cc1cccc(O)c1)N[C@H]1[C@@H]2CC[C@H]1CN(C(=O)C[C@@H]1CCCCO1)C2,
51782,Cc1ccc(Cl)cc1C(=O)NC[C@H]1[C@@H]2CN(C(=O)[C@@]3(C)CC3(F)F)C[C@H]12,"5-chloro-N-(((1R,5S,6R)-3-(((1R)-2,2-difluoro-1-methylcyclopropyl)carbonyl)-3-azabicyclo[3.1.0]hexan-6-yl)methyl)-2-methylbenzamide",,Cc1ccc(Cl)cc1C(=O)NC[C@@H]1[C@H]2CN(C(=O)[C@@]3(C)CC3(F)F)C[C@@H]12,
51841,COCC1(C(=O)N[C@H]2C[C@]3(CCCCN3C(=O)C(F)=C3CCC3)C2)CC1,N-(5-(2-cyclobutylidene-2-fluoroacetyl)-5-azaspiro[3.5]nonan-2-yl)-1-(methoxymethyl)cyclopropanecarboxamide,C1(CCC1)=C(C(=O)N1C2(CC(C2)NC(=O)C2(CC2)COC)CCCC1)F,COCC1(C(=O)N[C@H]2C[C@]3(CCCCN3C(=O)C(F)=C3CCC3)C2)CC1,COCC1(C(=O)NC2CC3(CCCCN3C(=O)C(F)=C3CCC3)C2)CC1
51876,C#CC(C)(C)C(=O)NC[C@]1(F)C[C@H](CNC(=O)c2noc3c2COCC3)C1,"N-(((1r,3r)-3-((3,7-dioxa-8-azabicyclo[4.3.0]nona-1(6),8-diene-9-carboxamido)methyl)-1-fluorocyclobutyl)methyl)-2,2-dimethylbut-3-ynamide",,C#CC(C)(C)C(=O)NC[C@]1(F)C[C@H](CNC(=O)c2noc3c2COCC3)C1,
51895,CCOC(=O)c1cc(C(=O)N[C@]2(C)C[C@@H](NC(=O)C[C@@H]3CCO[C@@H]3C)C2)n(C)n1,"ethyl 1-methyl-5-(((1S,3r)-1-methyl-3-(2-((2R,3S)-2-methyloxolan-3-yl)acetamido)cyclobutyl)carbamoyl)-1H-pyrazole-3-carboxylate",,CCOC(=O)c1cc(C(=O)N[C@]2(C)C[C@@H](NC(=O)C[C@@H]3CCO[C@@H]3C)C2)n(C)n1,
51919,C[C@H](CN(C)C)C(=O)NCc1cncc(C(=O)N(C)[C@H]2C[C@@H]3C[C@@H]3C2)c1,,,CC(CN(C)C)C(=O)NCc1cncc(C(=O)N(C)[C@@H]2C[C@H]3C[C@H]3C2)c1,
51944,Cn1cncc1C(=O)NC[C@H]1[C@@H]2CN(C(=O)[C@H]3COCCN3C=O)C[C@H]12,"N-(((1R,5S,6R)-3-(((3R)-4-formylmorpholin-3-yl)carbonyl)-3-azabicyclo[3.1.0]hexan-6-yl)methyl)-1-methyl-1H-imidazole-5-carboxamide",,Cn1cncc1C(=O)NC[C@@H]1[C@H]2CN(C(=O)C3COCCN3C=O)C[C@@H]12,
52114,C[C@@H]1C(=O)CCCN1C(=O)[C@]1(c2ccc(F)cc2)C[C@@H](NC(=O)OC(C)(C)C)C1,"tert-butyl ((1R,3r)-3-(4-fluorophenyl)-3-(((2R)-2-methyl-3-oxopiperidin-1-yl)carbonyl)cyclobutyl)carbamate",,CC1C(=O)CCCN1C(=O)[C@]1(c2ccc(F)cc2)C[C@@H](NC(=O)OC(C)(C)C)C1,
52126,C[C@@]1(C(=O)NC[C@]2(F)C[C@@H](NC(=O)c3cc4cc(F)c(F)cc4[nH]3)C2)CC1(F)F,"N-((1R,3s)-3-(((1S)-2,2-difluoro-1-methylcyclopropanecarboxamido)methyl)-3-fluorocyclobutyl)-5,6-difluoro-1H-indole-2-carboxamide",,C[C@@]1(C(=O)NC[C@]2(F)C[C@@H](NC(=O)c3cc4cc(F)c(F)cc4[nH]3)C2)CC1(F)F,
52156,COC(=O)C[C@H](C)CCC(=O)N[C@H]1C[C@](C)(NC(=O)[C@H]2CCC(=O)N2)C1,"methyl (3R)-3-methyl-5-(((1R,3R)-3-methyl-3-((2R)-5-oxopyrrolidine-2-carboxamido)cyclobutyl)carbamoyl)pentanoate",,COC(=O)C[C@H](C)CCC(=O)N[C@H]1C[C@](C)(NC(=O)C2CCC(=O)N2)C1,
52185,CN(C)C1(C(=O)N2[C@H]3CC[C@@H]2C[C@H](CNC(=O)C2CCCC2)C3)CCCC1,,,CN(C)C1(C(=O)N2[C@@H]3CC[C@H]2C[C@@H](CNC(=O)C2CCCC2)C3)CCCC1,
52239,CO[C@@H]1CCC[C@H](CC(=O)NC[C@@H](O)CNC(=O)C[C@@H]2C[C@H]3C[C@H]3C2)C1,,,CO[C@@H]1CCC[C@H](CC(=O)NC[C@@H](O)CNC(=O)C[C@H]2C[C@@H]3C[C@@H]3C2)C1,
52336,O=C1C[C@@H](C(=O)N[C@H]2C[C@](F)(CNC(=O)c3cc(Cl)cc4c3CCC4)C2)CN1,"(3R)-N-((1s,3S)-3-((6-chloro-2,3-dihydro-1H-indene-4-carboxamido)methyl)-3-fluorocyclobutyl)-5-oxopyrrolidine-3-carboxamide",,O=C1CC(C(=O)N[C@H]2C[C@](F)(CNC(=O)c3cc(Cl)cc4c3CCC4)C2)CN1,
52365,COc1nccc(C(=O)NC[C@H]2[C@@H]3CN(C(=O)C4CC(CC(F)F)C4)C[C@H]23)n1,,,COc1nccc(C(=O)NC[C@@H]2[C@H]3CN(C(=O)C4CC(CC(F)F)C4)C[C@@H]23)n1,
52367,CC(C)COCCC(=O)NC[C@H](C)N(C)C(=O)C[C@@H]1C[C@H]2C[C@H]2C1,,,CC(C)COCCC(=O)NC[C@H](C)N(C)C(=O)C[C@H]1C[C@@H]2C[C@@H]2C1,
52407,O=C(N[C@H]1[C@@H]2CN(C(=O)c3ccc(C(F)(F)F)cn3)C[C@@H]21)[C@H]1C[C@@H]1C1CC1,,,O=C(N[C@H]1[C@@H]2CN(C(=O)c3ccc(C(F)(F)F)cn3)C[C@@H]21)C1C[C@@H]1C1CC1,
52413,O=C(Cn1cncn1)N[C@H]1[C@@H]2CN(C(=O)[C@H]3C[C@H](n4ccnn4)C3)C[C@@H]21,,,O=C(Cn1cncn1)N[C@H]1[C@@H]2CN(C(=O)C3CC(n4ccnn4)C3)C[C@@H]21,
52421,Cc1cc(CC(=O)N2[C@H]3CC[C@@H]2C[C@@H](NC(=O)c2cnc(O)nc2O)C3)n[nH]1,,,Cc1cc(CC(=O)N2[C@@H]3CC[C@H]2C[C@H](NC(=O)c2c[nH]c(=O)[nH]c2=O)C3)[nH]n1,
52463,COc1cc(C)ccc1S(=O)(=O)N1[C@H]2CC[C@@H]1C[C@H](c1nccn1C)C2,,,COc1cc(C)ccc1S(=O)(=O)N1[C@@H]2CC[C@H]1C[C@@H](c1nccn1C)C2,
52473,C[C@@H](CCC(=O)N[C@H]1C[C@](F)(CNC(=O)[C@@H]2CNC(=O)C(C)(C)C2)C1)CN(C)C,"(4S)-N-((1R,3R)-3-(((3S)-5,5-dimethyl-6-oxopiperidine-3-carboxamido)methyl)-3-fluorocyclobutyl)-5-(dimethylamino)-4-methylpentanamide",,C[C@@H](CCC(=O)N[C@H]1C[C@](F)(CNC(=O)C2CNC(=O)C(C)(C)C2)C1)CN(C)C,
52475,CC(C)N(CCN(C)C)C(=O)[C@H]1C[C@@H](CNC(=O)[C@@H]2[C@H]3CCCC[C@H]32)C1,,,CC(C)N(CCN(C)C)C(=O)C1CC(CNC(=O)C2[C@H]3CCCC[C@@H]23)C1,
52490,C[C@@H](CN(C)C(=O)[C@@H]1C[C@@H]2CC[C@H](C1)C2(F)F)NC(=O)[C@@H]1CC=CCC1,,,C[C@@H](CN(C)C(=O)C1C[C@H]2CC[C@@H](C1)C2(F)F)NC(=O)C1CC=CCC1,
52540,C#C[C@]1(O)C[C@@H](C(=O)N[C@@H]2CN(C(=O)c3ccc4nc[nH]c4n3)CC[C@H]2CO)C1,"(1s,3R)-3-ethynyl-3-hydroxy-N-((3S,4R)-4-(hydroxymethyl)-1-((2,7,9-triazabicyclo[4.3.0]nona-1,3,5,7-tetraen-3-yl)carbonyl)piperidin-3-yl)cyclobutanecarboxamide",,C#CC1(O)CC(C(=O)N[C@@H]2CN(C(=O)c3ccc4[nH]cnc4n3)CC[C@H]2CO)C1,
52590,CC(C)c1[nH]ccc1C(=O)N1CCCC[C@]12C[C@H](NC(=O)C=CBr)C2,3-bromo-N-(5-((2-(propan-2-yl)-1H-pyrrol-3-yl)carbonyl)-5-azaspiro[3.5]nonan-2-yl)prop-2-enamide,BrC=CC(=O)NC1CC2(C1)N(CCCC2)C(=O)C2=C(NC=C2)C(C)C,CC(C)c1[nH]ccc1C(=O)N1CCCC[C@]12C[C@H](NC(=O)C=CBr)C2,CC(C)c1[nH]ccc1C(=O)N1CCCCC12CC(NC(=O)C=CBr)C2
52682,C=C[C@H](O)C(=O)N1[C@H]2CC[C@@H]1C[C@H](CNC(=O)c1cnc3nc(C)oc3c1)C2,"N-(((1R,3S,5S)-8-((2S)-2-hydroxybut-3-enoyl)-8-azabicyclo[3.2.1]octan-3-yl)methyl)-8-methyl-7-oxa-2,9-diazabicyclo[4.3.0]nona-1(6),2,4,8-tetraene-4-carboxamide",,C=CC(O)C(=O)N1[C@@H]2CC[C@H]1C[C@@H](CNC(=O)c1cnc3nc(C)oc3c1)C2,
52763,Cn1cncc1CCC(=O)N1[C@H]2CC[C@@H]1C[C@](O)(CNC(=O)[C@@H]1CC1(F)F)C2,,,Cn1cncc1CCC(=O)N1[C@@H]2CC[C@H]1C[C@@](O)(CNC(=O)C1CC1(F)F)C2,
52767,C=C(C)CCCC(=O)N(C)[C@H]1[C@@H]2CN(C(=O)C34CCC(O3)C3=CC=CC=C34)C[C@@H]21,,,C=C(C)CCCC(=O)N(C)[C@H]1[C@@H]2CN(C(=O)C34CCC(O3)c3ccccc34)C[C@@H]21,
52784,O=C(NC1CCN(C(=O)c2cccc(C3CC3)c2)CC1)[C@H]1C[C@@H]2CC[C@H](C1)O2,,,O=C(NC1CCN(C(=O)c2cccc(C3CC3)c2)CC1)C1C[C@H]2CC[C@@H](C1)O2,
52888,CCN(CC(=O)N(CC)CC)CC1CCN(C(=O)[C@@H]2C[C@@H]3C[C@@H]3C2)CC1,,,CCN(CC(=O)N(CC)CC)CC1CCN(C(=O)C2C[C@@H]3C[C@@H]3C2)CC1,
52893,Cc1cc(C(=O)NC[C@]2(O)C[C@@H]3CC[C@H](C2)N3C(=O)c2oncc2C)oc1C,,,Cc1cc(C(=O)NC[C@@]2(O)C[C@H]3CC[C@@H](C2)N3C(=O)c2oncc2C)oc1C,
52904,CCC[C@H](C(=O)NC[C@]1(F)C[C@@H](NC(=O)C2(C)CCOCC2)C1)C(=O)OC,"methyl (2R)-2-((((1s,3S)-1-fluoro-3-(4-methyloxane-4-carboxamido)cyclobutyl)methyl)carbamoyl)pentanoate",,CCCC(C(=O)NC[C@]1(F)C[C@@H](NC(=O)C2(C)CCOCC2)C1)C(=O)OC,
52916,C[C@@H](C(=O)N[C@H]1[C@@H]2CN(C(=O)C(F)(F)c3cccc(Cl)c3F)C[C@@H]21)n1ccnn1,,,CC(C(=O)N[C@H]1[C@@H]2CN(C(=O)C(F)(F)c3cccc(Cl)c3F)C[C@@H]21)n1ccnn1,
52920,CCN(C(=O)[C@@H]1[C@H]2CCC[C@H]21)[C@H]1CCN(CC(=O)Nc2cc(C)no2)C1,,,CCN(C(=O)C1[C@H]2CCC[C@@H]12)[C@H]1CCN(CC(=O)Nc2cc(C)no2)C1,
52944,O=C(N[C@H]1C[C@@H]2CC[C@H](C1)N2C(=O)c1cc(Cl)ccn1)c1ccc(F)c(F)c1,,,O=C(N[C@@H]1C[C@H]2CC[C@@H](C1)N2C(=O)c1cc(Cl)ccn1)c1ccc(F)c(F)c1,
52997,C[C@H](C(=O)N1[C@H]2CC[C@@H]1C[C@H](NC(=O)c1nnn3c1COCC3)C2)n1ccnn1,"N-((1R,3R,5S)-8-((2R)-2-(1H-1,2,3-triazol-1-yl)propanoyl)-8-azabicyclo[3.2.1]octan-3-yl)-3-oxa-6,7,8-triazabicyclo[4.3.0]nona-1(9),7-diene-9-carboxamide",,CC(C(=O)N1[C@@H]2CC[C@H]1C[C@@H](NC(=O)c1nnn3c1COCC3)C2)n1ccnn1,
53029,COC(=O)CC(=O)NC[C@@H](NC(=O)[C@H]1C[C@@H]2C[C@@H]2C1)C1CCCC1,,,COC(=O)CC(=O)NC[C@@H](NC(=O)C1C[C@@H]2C[C@@H]2C1)C1CCCC1,
53125,CNC(=O)c1noc(CN2C[C@H]3[C@@H](C2)[C@@H]3C(=O)N(C)C[C@@H]2CCC(=O)N2)n1,,,CNC(=O)c1noc(CN2C[C@@H]3C(C(=O)N(C)C[C@@H]4CCC(=O)N4)[C@@H]3C2)n1,
53133,CC[C@@](C)(CNC(=O)[C@H]1[C@@H](C)[C@H]1C)NC(=O)CN1CCS(=O)(=O)CC1,,,CC[C@@](C)(CNC(=O)C1[C@@H](C)[C@H]1C)NC(=O)CN1CCS(=O)(=O)CC1,
53156,Cc1cc(C)c(C(=O)N2C[C@H]3[C@H](NC(=O)[C@]4(CO)CC4(F)F)[C@H]3C2)s1,,,Cc1cc(C)c(C(=O)N2C[C@@H]3[C@H](C2)[C@H]3NC(=O)[C@]2(CO)CC2(F)F)s1,
53166,O=C(N[C@H]1[C@@H]2CN(C(=O)c3c[nH]c4ncnc(O)c34)C[C@@H]21)[C@@H]1C[C@H]2CC[C@@H]1O2,,,O=C(N[C@H]1[C@@H]2CN(C(=O)c3c[nH]c4[nH]cnc(=O)c34)C[C@@H]21)C1C[C@H]2CC[C@@H]1O2,
53180,C[C@@H](CCNC(=O)[C@]1(S(C)(=O)=O)C[C@@H](O)C1)NC(=O)[C@@H](O)c1cccnc1,"(1s,3R)-3-hydroxy-N-((3S)-3-((2S)-2-hydroxy-2-(pyridin-3-yl)acetamido)butyl)-1-(methylsulfonyl)cyclobutanecarboxamide",,C[C@@H](CCNC(=O)[C@]1(S(C)(=O)=O)C[C@@H](O)C1)NC(=O)C(O)c1cccnc1,
53348,Cn1nc2ccccc2c1C(=O)N1C[C@H]2[C@H](CNC(=O)c3cnc(S)n3C)[C@H]2C1,,,Cn1nc2ccccc2c1C(=O)N1C[C@@H]2[C@@H](CNC(=O)c3c[nH]c(=S)n3C)[C@@H]2C1,
53377,O=C1C[C@@H](C(F)(F)F)[C@@H](C(=O)N[C@H]2C[C@](F)(CNC(=O)C3CCSCC3)C2)N1,"(2S,3R)-N-((1s,3R)-3-fluoro-3-((thiane-4-carboxamido)methyl)cyclobutyl)-5-oxo-3-(trifluoromethyl)pyrrolidine-2-carboxamide",,O=C1C[C@@H](C(F)(F)F)C(C(=O)N[C@H]2C[C@](F)(CNC(=O)C3CCSCC3)C2)N1,
53436,Cn1nc(C2CC2)cc1C(=O)N[C@H]1C[C@@](F)(CNC(=O)C(C)(C)F)C1,"3-cyclopropyl-N-((1r,3r)-3-fluoro-3-((2-fluoro-2-methylpropanamido)methyl)cyclobutyl)-1-methyl-1H-pyrazole-5-carboxamide",,Cn1nc(C2CC2)cc1C(=O)N[C@H]1C[C@@](F)(CNC(=O)C(C)(C)F)C1,
53453,CN(C)[C@H]1C[C@@](C)(NC(=O)[C@@H]2CN(C(=O)c3csc(=N)[nH]3)CC(C)(C)C2)C1,"(3S)-N-((1s,3R)-3-(dimethylamino)-1-methylcyclobutyl)-1-((2-imino-2,3-dihydro-1,3-thiazol-4-yl)carbonyl)-5,5-dimethylpiperidine-3-carboxamide",,CN(C)[C@H]1C[C@@](C)(NC(=O)C2CN(C(=O)c3csc(N)n3)CC(C)(C)C2)C1,
53515,CN1CCC(=CC(=O)NC[C@H]2CN(C(=O)[C@@H]3[C@H]4CCC[C@H]43)CC(C)(C)O2)C1,,,CN1CCC(=CC(=O)NC[C@H]2CN(C(=O)C3[C@H]4CCC[C@@H]34)CC(C)(C)O2)C1,
53602,Cn1nnc2c1[C@@H](C(=O)NC[C@H]1[C@@H]3CN(C(=O)c4ccccc4)C[C@H]13)CCC2,,,Cn1nnc2c1C(C(=O)NC[C@@H]1[C@H]3CN(C(=O)c4ccccc4)C[C@@H]13)CCC2,
53612,C[C@@H](C(=O)NCC1=CCN(C(=O)[C@H]2C[C@@](F)(CO)C2)CC1)[C@@H]1CCC(=O)N1,"(2R)-N-((1-(((1r,3R)-3-fluoro-3-(hydroxymethyl)cyclobutyl)carbonyl)-1,2,3,6-tetrahydropyridin-4-yl)methyl)-2-((2S)-5-oxopyrrolidin-2-yl)propanamide",,CC(C(=O)NCC1=CCN(C(=O)C2CC(F)(CO)C2)CC1)[C@@H]1CCC(=O)N1,
53627,Cc1nc(-c2ccccn2)nc(N2C[C@H]3[C@H](NC(=O)c4ccc(Cl)s4)[C@H]3C2)c1C,,,Cc1nc(-c2ccccn2)nc(N2C[C@@H]3[C@H](C2)[C@H]3NC(=O)c2ccc(Cl)s2)c1C,
53665,CN(CCO)CC(=O)N1C[C@H]2[C@H](CNC(=O)c3ccccc3[S@](C)=O)[C@H]2C1,,,CN(CCO)CC(=O)N1C[C@@H]2[C@@H](CNC(=O)c3ccccc3[S@+](C)[O-])[C@@H]2C1,
53793,C=CCC(CC=C)C(=O)N[C@H]1[C@@H]2CN(C(=O)CC[S@](C)=O)C[C@@H]21,"N-((1R,5S,6R)-3-(3-((S)-methylsulfinyl)propanoyl)-3-azabicyclo[3.1.0]hexan-6-yl)-2-(prop-2-en-1-yl)pent-4-enamide",,C=CCC(CC=C)C(=O)N[C@H]1[C@@H]2CN(C(=O)CC[S@+](C)[O-])C[C@@H]21,
53808,C[C@@H](COCC(=O)N[C@H]1C[C@@](F)(CNC(=O)c2nsnc2O)C1)c1ccccc1,"N-((1r,3R)-3-fluoro-3-((4-hydroxy-1,2,5-thiadiazole-3-carboxamido)methyl)cyclobutyl)-2-(((2R)-2-phenylpropyl)oxy)acetamide",,C[C@@H](COCC(=O)N[C@H]1C[C@@](F)(CNC(=O)c2ns[nH]c2=O)C1)c1ccccc1,
53833,CCC(F)(F)CC(=O)N(C)[C@H]1[C@@H]2CN(C(=O)c3ccn(C(C)C)c3C)C[C@@H]21,,,CCC(F)(F)CC(=O)N(C)[C@H]1[C@@H]2CN(C(=O)c3ccn(C(C)C)c3C)C[C@@H]21,
53869,Cc1ccncc1C(=O)N[C@H]1C[C@](O)(C2CCN(C(=O)[C@@H]3CNC(=O)C3)CC2)C1,"N-((1R,3s)-3-hydroxy-3-(1-(((3S)-5-oxopyrrolidin-3-yl)carbonyl)piperidin-4-yl)cyclobutyl)-4-methylpyridine-3-carboxamide",,Cc1ccncc1C(=O)N[C@H]1C[C@](O)(C2CCN(C(=O)C3CNC(=O)C3)CC2)C1,
53899,C[C@@H]1CCO[C@@H]1C(=O)NCC1CN(C(=O)[C@H]2C[C@](F)(CO)C2)C1,"(2S,3R)-N-((1-(((1s,3R)-3-fluoro-3-(hydroxymethyl)cyclobutyl)carbonyl)azetidin-3-yl)methyl)-3-methyloxolane-2-carboxamide",,C[C@@H]1CCOC1C(=O)NCC1CN(C(=O)C2CC(F)(CO)C2)C1,
53986,C[C@@]1(C(=O)N2CCC[C@@](O)(CNC(=O)[C@@H]3CCCN3C3CC3)C2)C[C@@H]2C[C@@H]2C1,,,C[C@]1(C(=O)N2CCC[C@@](O)(CNC(=O)C3CCCN3C3CC3)C2)C[C@H]2C[C@H]2C1,
54138,CCN(CC)CCC(=O)N1[C@@H]2COC[C@H]1C[C@@H](NC(=O)c1cc([N+](=O)[O-])n[nH]1)C2,,,CCN(CC)CCC(=O)N1[C@@H]2COC[C@H]1C[C@@H](NC(=O)c1cc([N+](=O)[O-])[nH]n1)C2,
54151,CNc1cncc(C(=O)N[C@H]2[C@@H]3CN(C(=O)C[C@@H](C)c4ccccc4F)C[C@@H]32)c1,"N-((1R,5S,6S)-3-((3R)-3-(2-fluorophenyl)butanoyl)-3-azabicyclo[3.1.0]hexan-6-yl)-5-(methylamino)pyridine-3-carboxamide",,CNc1cncc(C(=O)N[C@H]2[C@@H]3CN(C(=O)C[C@@H](C)c4ccccc4F)C[C@@H]32)c1,
54293,CN(CCCC(=O)NC[C@H]1C[C@@](F)(CNC(=O)C2=CCCOC2)C1)N=O,"N-(((1r,3r)-3-((5,6-dihydro-2H-pyran-3-carboxamido)methyl)-3-fluorocyclobutyl)methyl)-4-(methyl(nitroso)amino)butanamide",,CN(CCCC(=O)NC[C@H]1C[C@@](F)(CNC(=O)C2=CCCOC2)C1)N=O,
54366,O=C([C@@H]1[C@H]2COC[C@H]21)N1C[C@H]2CN(C(=O)c3ccc(F)c(Br)c3F)[C@H]2C1,,,O=C(C1[C@H]2COC[C@@H]12)N1C[C@H]2CN(C(=O)c3ccc(F)c(Br)c3F)[C@H]2C1,
54368,C[C@H]1[C@@H](C)[C@@H]1C(=O)N[C@H](CNC(=O)C=Cc1cscn1)c1ccccc1F,,,C[C@@H]1C(C(=O)N[C@H](CNC(=O)C=Cc2cscn2)c2ccccc2F)[C@@H]1C,
54387,O=C(N[C@H]1CC[C@@]2(CC1)CN(C(=O)c1cc(C3CCC3)on1)CCO2)C1CC1,"N-(4-((5-cyclobutyl-1,2-oxazol-3-yl)carbonyl)-1-oxa-4-azaspiro[5.5]undecan-9-yl)cyclopropanecarboxamide",C1(CCC1)C1=CC(=NO1)C(=O)N1CCOC2(C1)CCC(CC2)NC(=O)C2CC2,O=C(N[C@H]1CC[C@@]2(CC1)CN(C(=O)c1cc(C3CCC3)on1)CCO2)C1CC1,O=C(NC1CCC2(CC1)CN(C(=O)c1cc(C3CCC3)on1)CCO2)C1CC1
54485,C#C[C@]1(O)C[C@@H](C(=O)N2CC(CO)(NC(=O)[C@@H](C)OC)C2)C1,"(2R)-N-(1-(((1s,3S)-3-ethynyl-3-hydroxycyclobutyl)carbonyl)-3-(hydroxymethyl)azetidin-3-yl)-2-methoxypropanamide",,C#CC1(O)CC(C(=O)N2CC(CO)(NC(=O)C(C)OC)C2)C1,
54531,CC=CC=CC(=O)NC[C@@H]1C[C@@H]2CC[C@H](C1)N2C(=O)c1cc(F)c(F)c(F)c1,,,CC=CC=CC(=O)NC[C@H]1C[C@H]2CC[C@@H](C1)N2C(=O)c1cc(F)c(F)c(F)c1,
54547,COc1ccc2c(C(=O)N3C[C@H]4[C@H](CNC(=O)/C(F)=C/CCF)[C@H]4C3)cnn2c1,,,COc1ccc2c(C(=O)N3C[C@@H]4[C@@H](CNC(=O)/C(F)=C/CCF)[C@@H]4C3)cnn2c1,
54614,CCC[C@@H](O)C(=O)N1C[C@H]2[C@H](NC(=O)[C@H](O)CSC)[C@H]2C1,"(2S)-2-hydroxy-N-((1R,5S,6S)-3-((2R)-2-hydroxypentanoyl)-3-azabicyclo[3.1.0]hexan-6-yl)-3-(methylsulfanyl)propanamide",,CCCC(O)C(=O)N1C[C@@H]2[C@H](C1)[C@H]2NC(=O)C(O)CSC,
54648,Cn1cc(C(=O)N[C@H]2C[C@@](C)(NC(=O)CC3=CCCCC3)C2)c(C2CCC2)n1,"3-cyclobutyl-N-((1s,3s)-3-(2-(cyclohex-1-en-1-yl)acetamido)-3-methylcyclobutyl)-1-methyl-1H-pyrazole-4-carboxamide",,Cn1cc(C(=O)N[C@H]2C[C@@](C)(NC(=O)CC3=CCCCC3)C2)c(C2CCC2)n1,
54702,CO[C@@](C)(C(=O)NCC1(F)CCN(C(=O)[C@H]2C[C@](C)(F)C2)CC1)C(C)C,"(2R)-N-((4-fluoro-1-(((1r,3R)-3-fluoro-3-methylcyclobutyl)carbonyl)piperidin-4-yl)methyl)-2-methoxy-2,3-dimethylbutanamide",,CO[C@@](C)(C(=O)NCC1(F)CCN(C(=O)C2CC(C)(F)C2)CC1)C(C)C,
54799,CO[C@H]1CCN(c2nc(=NC[C@]3(F)CC[C@H](CO)CC3)[nH]c3c2SCC3)C[C@H]1C,"((1R,4r)-4-fluoro-4-(((5-((3R,4S)-4-methoxy-3-methylpiperidin-1-yl)-7-thia-2,4-diazabicyclo[4.3.0]nona-1(6),4-dien-3-ylidene)amino)methyl)cyclohexyl)methanol",,CO[C@H]1CCN(c2nc(NC[C@]3(F)CC[C@H](CO)CC3)nc3c2SCC3)C[C@H]1C,
54821,CCc1ccc([C@@H](C)C(=O)N[C@H]2C[C@@H](CNC(=O)[C@H]3C[C@@H]4C[C@@H]4C3)C2)cc1,,,CCc1ccc(C(C)C(=O)N[C@H]2C[C@@H](CNC(=O)C3C[C@@H]4C[C@@H]4C3)C2)cc1,
54839,Cc1nc(CC(=O)N2C[C@H]3[C@H](CN(C)C(=O)c4oc(C5CC5)nc4C)[C@H]3C2)n[nH]1,,,Cc1n[nH]c(CC(=O)N2C[C@@H]3[C@@H](CN(C)C(=O)c4oc(C5CC5)nc4C)[C@@H]3C2)n1,
54926,Cc1cc(C)c(C(=O)N2CCc3nc(CNC(=O)[C@@]4(C)C[C@@H]5C[C@@H]5C4)sc3C2)[nH]1,,,Cc1cc(C)c(C(=O)N2CCc3nc(CNC(=O)[C@]4(C)C[C@H]5C[C@H]5C4)sc3C2)[nH]1,
54997,O=C(NCc1cccc(NC(=O)[C@H]2C[C@@H]3C[C@@H]3C2)c1)c1coc(CC2CC2)n1,,,O=C(NCc1cccc(NC(=O)C2C[C@@H]3C[C@@H]3C2)c1)c1coc(CC2CC2)n1,
55076,Cc1cc(CC(=O)NC[C@]2(C)CN(C(=O)[C@H]3C[C@H]4COC[C@H](C4)C3)CCO2)on1,,,Cc1cc(CC(=O)NC[C@]2(C)CN(C(=O)C3C[C@H]4COC[C@@H](C3)C4)CCO2)on1,
55080,C[C@@H](C(=O)N[C@]1(c2ccccc2)C[C@@H](NC(=O)c2ccon2)C1)C1CC1,"(2R)-2-cyclopropyl-N-((1r,3R)-3-(1,2-oxazole-3-carboxamido)-1-phenylcyclobutyl)propanamide",,CC(C(=O)N[C@]1(c2ccccc2)C[C@@H](NC(=O)c2ccon2)C1)C1CC1,
55130,Cc1cccc(SCC(=O)NC[C@]2(F)C[C@@H](CNC(=O)Cn3nnc(=N)[nH]3)C2)c1,"N-(((1s,3s)-3-fluoro-3-((2-((3-methylphenyl)sulfanyl)acetamido)methyl)cyclobutyl)methyl)-2-(5-imino-1H,2H-tetrazol-2-yl)acetamide",,Cc1cccc(SCC(=O)NC[C@]2(F)C[C@@H](CNC(=O)Cn3nnc(N)n3)C2)c1,
55138,CC(C)C[C@H](O)CC(=O)NC[C@@H](C)CNC(=O)[C@H]1C[C@H]2COC[C@H](C2)C1,,,CC(C)C[C@H](O)CC(=O)NC[C@@H](C)CNC(=O)C1C[C@H]2COC[C@@H](C1)C2,
55174,O=C(N[C@H]1C[C@@H]2CC[C@H](C1)N2C(=O)[C@@H]1C[C@@H]1CF)c1ncsc1Br,"5-bromo-N-((1R,3S,5S)-8-(((1R,2S)-2-(fluoromethyl)cyclopropyl)carbonyl)-8-azabicyclo[3.2.1]octan-3-yl)-1,3-thiazole-4-carboxamide",,O=C(N[C@@H]1C[C@H]2CC[C@@H](C1)N2C(=O)C1C[C@@H]1CF)c1ncsc1Br,
55190,CC[C@@H](C)CC(=O)N[C@]1(C)C[C@H](NC(=O)CC2CCCCC2)C1,"(3R)-N-((1s,3S)-3-(2-cyclohexylacetamido)-1-methylcyclobutyl)-3-methylpentanamide",,CC[C@@H](C)CC(=O)N[C@]1(C)C[C@H](NC(=O)CC2CCCCC2)C1,
55196,C#CCC[C@@H](O)C(=O)NC[C@H]1CC[C@@](F)(CNC(=O)[C@H](C)CC=C)CC1,"(2R)-N-(((1R,4R)-4-fluoro-4-(((2R)-2-methylpent-4-enamido)methyl)cyclohexyl)methyl)-2-hydroxyhex-5-ynamide",,C#CCCC(O)C(=O)NC[C@H]1CC[C@@](F)(CNC(=O)C(C)CC=C)CC1,
55236,C[C@@H](CCNC(=O)[C@@]1(C#N)C[C@@H]2C[C@@H]2C1)N(C)C(=O)CCOCC(F)(F)F,,,C[C@@H](CCNC(=O)[C@]1(C#N)C[C@H]2C[C@H]2C1)N(C)C(=O)CCOCC(F)(F)F,
55242,COCCC(=O)NC[C@H]1[C@@H]2CN(C(=O)CCS(=O)(=O)N(C)C)C[C@H]12,,,COCCC(=O)NC[C@@H]1[C@H]2CN(C(=O)CCS(=O)(=O)N(C)C)C[C@@H]12,
55264,CCc1ncsc1C(=O)N1CCC2(CC[C@H](NC(=O)[C@@H]3[C@H]4CCCC[C@H]43)C2)CC1,,,CCc1ncsc1C(=O)N1CCC2(CC[C@H](NC(=O)C3[C@H]4CCCC[C@@H]34)C2)CC1,
55325,NC(=O)C[C@H](NC(=O)[C@H]1C[C@H]2[C@@H](C1)C2(F)F)C(=O)NC[C@H]1CNC(=O)C1,,,NC(=O)CC(NC(=O)C1C[C@@H]2[C@H](C1)C2(F)F)C(=O)NC[C@H]1CNC(=O)C1,
55356,O=Cc1cccnc1N1C[C@H]2[C@@H](C1)[C@@H]2C(=O)N1CCCC[C@@H]1c1ccc(F)cc1,,,O=Cc1cccnc1N1C[C@@H]2C(C(=O)N3CCCC[C@@H]3c3ccc(F)cc3)[C@@H]2C1,
55390,COCCC1(C(=O)N2C[C@H]3[C@H](NC(=O)c4ccc(Cl)c(Cl)c4O)[C@H]3C2)CC1,,,COCCC1(C(=O)N2C[C@@H]3[C@H](C2)[C@H]3NC(=O)c2ccc(Cl)c(Cl)c2O)CC1,
55443,CCc1cc(NC(=O)[C@@H]2[C@H]3CN(C(=O)c4c[nH]c(=N)c(C)c4)C[C@H]32)ccc1C,,,CCc1cc(NC(=O)C2[C@H]3CN(C(=O)c4cnc(N)c(C)c4)C[C@@H]23)ccc1C,
55474,C[C@@H]1OCC[C@@]1(F)C(=O)NCC1CN(C(=O)[C@]2(C)CC[C@@H](C(C)(C)C)CC2)C1,"(2S,3S)-N-((1-(((1r,4S)-4-(tert-butyl)-1-methylcyclohexyl)carbonyl)azetidin-3-yl)methyl)-3-fluoro-2-methyloxolane-3-carboxamide",,C[C@@H]1OCC[C@@]1(F)C(=O)NCC1CN(C(=O)[C@]2(C)CC[C@@H](C(C)(C)C)CC2)C1,
55529,Cc1ccc(Cl)c([C@H](C(=O)NCCN2CCOCC2)N2[C@H]3CC[C@@H]2C[C@@H](F)C3)c1,"(2R)-2-(2-chloro-5-methylphenyl)-2-((1R,3S,5S)-3-fluoro-8-azabicyclo[3.2.1]octan-8-yl)-N-(2-(morpholin-4-yl)ethyl)acetamide",,Cc1ccc(Cl)c(C(C(=O)NCCN2CCOCC2)N2[C@@H]3CC[C@H]2C[C@H](F)C3)c1,
55580,CC(C)C1CC(C(=O)N[C@H]2C[C@](F)(CNC(=O)CCn3cc([N+](=O)[O-])cn3)C2)C1,"N-((1s,3s)-3-fluoro-3-((3-(4-nitro-1H-pyrazol-1-yl)propanamido)methyl)cyclobutyl)-3-(propan-2-yl)cyclobutanecarboxamide",,CC(C)C1CC(C(=O)N[C@H]2C[C@](F)(CNC(=O)CCn3cc([N+](=O)[O-])cn3)C2)C1,
55586,CCC(=O)C(=O)N1[C@H]2CC[C@@H]1C[C@H](NC(=O)c1cc3cccnn3c1)C2,,,CCC(=O)C(=O)N1[C@@H]2CC[C@H]1C[C@@H](NC(=O)c1cc3cccnn3c1)C2,
55589,O=C(Cc1cc[nH]c1)N[C@H](Cn1cccn1)C(=O)N[C@H]1C[C@H](O)[C@H](O)C1,,,O=C(Cc1cc[nH]c1)NC(Cn1cccn1)C(=O)N[C@@H]1C[C@@H](O)[C@@H](O)C1,
55699,Cc1ccoc1CC(=O)N[C@H](CNC(=O)[C@@H]1C[C@@H]2C[C@@H]2C1)CC(C)C,,,Cc1ccoc1CC(=O)N[C@H](CNC(=O)C1C[C@@H]2C[C@@H]2C1)CC(C)C,
55721,CCC(CC)CC(=O)N1[C@H]2CC[C@@H]1C[C@H](CNC(=O)C[C@@H](C)C(C)C)C2,,,CCC(CC)CC(=O)N1[C@@H]2CC[C@H]1C[C@@H](CNC(=O)C[C@@H](C)C(C)C)C2,
55737,CN(C(=O)[C@@H]1[C@H]2CCCC[C@H]21)[C@H]1CC[C@H](CNC(=O)[C@@H]2C[C@H]2OC(C)(C)C)CC1,,,CN(C(=O)C1[C@H]2CCCC[C@@H]12)[C@H]1CC[C@H](CNC(=O)C2C[C@H]2OC(C)(C)C)CC1,
55774,C[C@H]1C[C@@H](C)C[C@H](C(=O)NC[C@@]2(CO)CCCN(C(=O)CCC(C)(C)C#N)C2)C1,,,C[C@@H]1CC(C(=O)NC[C@@]2(CO)CCCN(C(=O)CCC(C)(C)C#N)C2)C[C@H](C)C1,
55780,CSC1(C(=O)N[C@H]2CCC[C@@H]2NC(=O)[C@H]2C[C@@H]3C[C@H](C2)CC(F)(F)C3)CCC1,,,CSC1(C(=O)N[C@H]2CCC[C@@H]2NC(=O)C2C[C@@H]3C[C@H](C2)CC(F)(F)C3)CCC1,
55807,CCCS(=O)(=O)N[C@@H]1[C@@H]2CN(C(=O)[C@@H]3CCC(=O)N3)C[C@@H]21,"N-((1R,5S,6S)-3-(((2S)-5-oxopyrrolidin-2-yl)carbonyl)-3-azabicyclo[3.1.0]hexan-6-yl)propane-1-sulfonamide",,CCCS(=O)(=O)N[C@@H]1[C@@H]2CN(C(=O)C3CCC(=O)N3)C[C@@H]21,
55860,CCCC[C@H](C)C(=O)NC[C@H]1C[C@](F)(CNC(=O)c2cnc(C#N)s2)C1,"(2S)-N-(((1s,3R)-3-((2-cyano-1,3-thiazole-5-carboxamido)methyl)-3-fluorocyclobutyl)methyl)-2-methylhexanamide",,CCCCC(C)C(=O)NC[C@H]1C[C@](F)(CNC(=O)c2cnc(C#N)s2)C1,
55879,CCCN1CCC(N2C[C@H]3[C@@H](C2)[C@@H]3C(=O)NC2(Cc3cccc(C)c3)CC2)CC1,,,CCCN1CCC(N2C[C@@H]3C(C(=O)NC4(Cc5cccc(C)c5)CC4)[C@@H]3C2)CC1,
55943,Cc1cc(C(=O)N[C@]2(C(=O)NCCCCN3CCC3)C[C@H](O)C2)c[nH]1,"N-((1s,3s)-1-((4-(azetidin-1-yl)butyl)carbamoyl)-3-hydroxycyclobutyl)-5-methyl-1H-pyrrole-3-carboxamide",,Cc1cc(C(=O)N[C@]2(C(=O)NCCCCN3CCC3)C[C@H](O)C2)c[nH]1,
56049,COc1ccc(Cl)c(CC(=O)N2C[C@H]3[C@H](CNC(=O)[C@H]4CCO4)[C@H]3C2)c1,,,COc1ccc(Cl)c(CC(=O)N2C[C@@H]3[C@@H](CNC(=O)C4CCO4)[C@@H]3C2)c1,
56065,C[C@H]1[C@@H](C)[C@@H]1C(=O)N1CC(n2cc(CNC(=O)[C@H](C#N)C3CC3)nn2)C1,,,C[C@@H]1C(C(=O)N2CC(n3cc(CNC(=O)C(C#N)C4CC4)nn3)C2)[C@@H]1C,
56077,CC(C)(C(=O)N[C@H]1CC[C@@]2(CC1)CN(C(=O)C(N)=O)CCO2)c1cccc(F)c1,"N-(4-(2-amino-1,2-dioxoethyl)-1-oxa-4-azaspiro[5.5]undecan-9-yl)-2-(3-fluorophenyl)-2-methylpropanamide",NC(C(=O)N1CCOC2(C1)CCC(CC2)NC(C(C)(C)C2=CC(=CC=C2)F)=O)=O,CC(C)(C(=O)N[C@H]1CC[C@@]2(CC1)CN(C(=O)C(N)=O)CCO2)c1cccc(F)c1,CC(C)(C(=O)NC1CCC2(CC1)CN(C(=O)C(N)=O)CCO2)c1cccc(F)c1
56088,C#C[C@]1(O)C[C@@H](C(=O)N2C[C@@H](C)C[C@H](C(=O)NCC(C)(C)C(N)=O)C2)C1,"(3S,5S)-N-(2-carbamoyl-2-methylpropyl)-1-(((1s,3R)-3-ethynyl-3-hydroxycyclobutyl)carbonyl)-5-methylpiperidine-3-carboxamide",,C#CC1(O)CC(C(=O)N2CC(C(=O)NCC(C)(C)C(N)=O)C[C@H](C)C2)C1,
56150,COc1c(F)cccc1[C@@H](C)NC(=O)[C@]1(c2ccc(F)cc2)C[C@@H](N)C1,"(1r,3R)-3-amino-N-((1R)-1-(3-fluoro-2-methoxyphenyl)ethyl)-1-(4-fluorophenyl)cyclobutanecarboxamide",,COc1c(F)cccc1[C@@H](C)NC(=O)[C@]1(c2ccc(F)cc2)C[C@@H](N)C1,
56182,O=C(C[C@H]1[C@@H]2CN(C(=O)C=Cc3ccsc3)C[C@H]12)NCCCN1CCCCC1,,,O=C(C[C@@H]1[C@H]2CN(C(=O)C=Cc3ccsc3)C[C@@H]12)NCCCN1CCCCC1,
56204,Cc1ncccc1CN1CC([C@H](C)NC(=O)[C@@H]2[C@H]3CCCCCC[C@H]32)C1,,,Cc1ncccc1CN1CC([C@H](C)NC(=O)C2[C@H]3CCCCCC[C@@H]23)C1,
56208,O=C(c1ccc(O)nn1)N1[C@H]2CC[C@@H]1C[C@@H](CNC(=O)C13CCC(C1)C3)C2,,,O=C(c1ccc(=O)[nH]n1)N1[C@@H]2CC[C@H]1C[C@H](CNC(=O)C13CCC(C1)C3)C2,
56221,CCc1c[nH]nc1C(=O)NC[C@@H]1CCC[C@H]1C(=O)N[C@]1(C)C[C@H](N(C)C)C1,"N-(((1R,2R)-2-(((1s,3S)-3-(dimethylamino)-1-methylcyclobutyl)carbamoyl)cyclopentyl)methyl)-4-ethyl-1H-pyrazole-3-carboxamide",,CCc1c[nH]nc1C(=O)NC[C@@H]1CCCC1C(=O)N[C@]1(C)C[C@H](N(C)C)C1,
56303,CSc1ccc(O)c(C(=O)NC[C@]2(F)C[C@H](NC(=O)c3cscc3C)C2)c1,"N-((1r,3r)-3-fluoro-3-((2-hydroxy-5-(methylsulfanyl)benzamido)methyl)cyclobutyl)-4-methylthiophene-3-carboxamide",,CSc1ccc(O)c(C(=O)NC[C@]2(F)C[C@H](NC(=O)c3cscc3C)C2)c1,
56334,C=C1CC(C(=O)NC[C@H]2C[C@@](F)(CNC(=O)CCCC(F)(F)C(F)(F)F)C2)C1,"N-(((1r,3r)-3-fluoro-3-((5,5,6,6,6-pentafluorohexanamido)methyl)cyclobutyl)methyl)-3-methylidenecyclobutanecarboxamide",,C=C1CC(C(=O)NC[C@H]2C[C@@](F)(CNC(=O)CCCC(F)(F)C(F)(F)F)C2)C1,
56360,O=C(N[C@H]1C[C@H](F)CN(C(=O)[C@]23CCC[C@H]2CCC3)C1)[C@@H]1C=CCS1,"(2S)-N-((3S,5S)-5-fluoro-1-((octahydropentalen-3a-yl)carbonyl)piperidin-3-yl)-2,5-dihydrothiophene-2-carboxamide",F[C@H]1C[C@@H](CN(C1)C(=O)C12CCCC2CCC1)NC(=O)[C@H]1SCC=C1,O=C(N[C@H]1C[C@H](F)CN(C(=O)[C@]23CCC[C@H]2CCC3)C1)C1C=CCS1,O=C(N[C@H]1C[C@H](F)CN(C(=O)C23CCCC2CCC3)C1)C1C=CCS1
56368,CCC[C@@H](OCC)C(=O)NC[C@H]1C[C@@H]2CC[C@H](C1)N2C(=O)C(F)=Cc1cscn1,,,CCCC(OCC)C(=O)NC[C@@H]1C[C@H]2CC[C@@H](C1)N2C(=O)C(F)=Cc1cscn1,
56390,CN(C)C(=O)CC(=O)N1CC[C@@H](N(CCO)C(=O)[C@@H]2C[C@@H]3CSC[C@@H](C3)C2)C1,,,CN(C)C(=O)CC(=O)N1CC[C@@H](N(CCO)C(=O)C2C[C@H]3CSC[C@@H](C2)C3)C1,
56397,C#CCNC(=O)CC(=O)NC[C@H]1C[C@](F)(CNC(=O)C2=NN(C)C(=O)CC2)C1,"N'-(((1s,3s)-3-fluoro-3-((1-methyl-6-oxo-1,4,5,6-tetrahydropyridazine-3-carboxamido)methyl)cyclobutyl)methyl)-N-(prop-2-yn-1-yl)propanediamide",,C#CCNC(=O)CC(=O)NC[C@H]1C[C@](F)(CNC(=O)C2=NN(C)C(=O)CC2)C1,
56491,CN1C[C@H]2[C@@H](C1)[C@@H]2C(=O)NC/C=C/CC(=O)N[C@H]1CN2CCC1(F)CC2,,,CN1C[C@@H]2C(C(=O)NC/C=C/CC(=O)N[C@H]3CN4CCC3(F)CC4)[C@@H]2C1,
56502,C[C@H]1C[C@](C)(C(=O)N[C@H](C)CN(C)C(=O)c2conc2C2(C)COC2)C[C@@H](C)O1,,,C[C@H](CN(C)C(=O)c1conc1C1(C)COC1)NC(=O)[C@]1(C)C[C@@H](C)O[C@@H](C)C1,
56515,CC(C)(CCS(=O)(=O)N1CCOC[C@]12C[C@@](O)(C(F)(F)F)C2)C(F)(F)F,"9-((4,4,4-trifluoro-3,3-dimethylbutyl)sulfonyl)-2-(trifluoromethyl)-6-oxa-9-azaspiro[3.5]nonan-2-ol",FC(C(CCS(=O)(=O)N1CCOCC12CC(C2)(O)C(F)(F)F)(C)C)(F)F,CC(C)(CCS(=O)(=O)N1CCOC[C@]12C[C@@](O)(C(F)(F)F)C2)C(F)(F)F,CC(C)(CCS(=O)(=O)N1CCOCC12CC(O)(C(F)(F)F)C2)C(F)(F)F
56545,Cc1cc(N2[C@H]3CC[C@@H]2C[C@@H](CNC(=O)/C=C/C(C)(C)C)C3)nc(Cl)n1,,,Cc1cc(N2[C@@H]3CC[C@H]2C[C@H](CNC(=O)/C=C/C(C)(C)C)C3)nc(Cl)n1,
56571,CC=CC=CC(=O)N1CC(C)(C)C[C@@H]1CNC(=O)[C@@]1(C)C[C@@H]2C[C@@H]2C1,,,CC=CC=CC(=O)N1CC(C)(C)C[C@@H]1CNC(=O)[C@]1(C)C[C@H]2C[C@H]2C1,
56582,CN1CC[C@](C)(C(=O)N[C@@H]2[C@H]3C[C@H](NC(=O)c4ccc5ncnn5n4)C[C@H]32)C1=O,,,CN1CC[C@](C)(C(=O)N[C@H]2[C@@H]3C[C@@H](NC(=O)c4ccc5ncnn5n4)C[C@@H]32)C1=O,
56591,C[C@@H]1C[C@]2(C(=O)NC[C@@H]3C[C@@H]4CC[C@H](C3)N4C(=O)C34C5C6C3C3C4C5C63C)C[C@H]12,,,C[C@@H]1C[C@]2(C(=O)NC[C@H]3C[C@H]4CC[C@@H](C3)N4C(=O)C34C5C6C3C3C4C5C63C)C[C@H]12,
56646,CC[C@@H](C(=O)OC)N(C)C(=O)CCN(CCCO)C(=O)[C@H]1C[C@@H]2C[C@@H]2C1,,,CCC(C(=O)OC)N(C)C(=O)CCN(CCCO)C(=O)C1C[C@@H]2C[C@@H]2C1,
56740,CC(C)c1nc(C(=O)NC[C@H]2C[C@@](F)(CNC(=O)Cc3cc(Cl)n(C)n3)C2)co1,"N-(((1r,3r)-3-((2-(5-chloro-1-methyl-1H-pyrazol-3-yl)acetamido)methyl)-3-fluorocyclobutyl)methyl)-2-(propan-2-yl)-1,3-oxazole-4-carboxamide",,CC(C)c1nc(C(=O)NC[C@H]2C[C@@](F)(CNC(=O)Cc3cc(Cl)n(C)n3)C2)co1,
56766,CSC1(C(=O)NC[C@@H]2C[C@@H]3CC[C@H](C2)N3C(=O)CSc2n[nH]c(C)n2)CC1,,,CSC1(C(=O)NC[C@H]2C[C@H]3CC[C@@H](C2)N3C(=O)CSc2n[nH]c(C)n2)CC1,
56801,Cc1c(F)cccc1C(=O)N[C@@H]1C[C@@H]2CC[C@H](C1)N2C(=O)c1cc[nH]c(=N)c1N,,,Cc1c(F)cccc1C(=O)N[C@H]1C[C@H]2CC[C@@H](C1)N2C(=O)c1ccnc(N)c1N,
56877,C=CCO[C@@H](C)C(=O)N[C@@H](C)CCN(C)C(=O)[C@]1(CC)CC[C@H](O)CC1,"(2S)-N-((2S)-4-(N-methyl(1s,4R)-1-ethyl-4-hydroxycyclohexanecarboxamido)butan-2-yl)-2-((prop-2-en-1-yl)oxy)propanamide",,C=CCOC(C)C(=O)N[C@@H](C)CCN(C)C(=O)[C@]1(CC)CC[C@H](O)CC1,
56908,Cc1cc(C)n(CCCC(=O)N2C[C@H]3[C@H](CN(C)C(=O)c4sncc4C)[C@H]3C2)n1,,,Cc1cc(C)n(CCCC(=O)N2C[C@@H]3[C@@H](CN(C)C(=O)c4sncc4C)[C@@H]3C2)n1,
56915,O=C(CCOCC1CC1)N[C@@H]1C[C@H]2[C@@H](C1)[C@@H]2NC(=O)[C@H]1C[C@@H]1[C@@H]1CCCO1,,,O=C(CCOCC1CC1)N[C@H]1C[C@@H]2[C@H](C1)[C@H]2NC(=O)C1C[C@@H]1[C@@H]1CCCO1,
56919,O=C(N[C@H]1C[C@@](F)(CNC(=O)c2ccc3cccnc3c2O)C1)C1=CCCS1,"N-(((1r,3r)-3-(4,5-dihydrothiophene-2-carboxamido)-1-fluorocyclobutyl)methyl)-8-hydroxyquinoline-7-carboxamide",,O=C(N[C@H]1C[C@@](F)(CNC(=O)c2ccc3cccnc3c2O)C1)C1=CCCS1,
56930,O=C(c1cc2ccoc2s1)N1C[C@H]2C[C@H](NC(=O)[C@H]3C[C@@H](O)C3)C[C@H]2C1,,,O=C(N[C@H]1C[C@@H]2CN(C(=O)c3cc4ccoc4s3)C[C@@H]2C1)C1CC(O)C1,
57017,CNCCCC(=O)N1C[C@]2(C(=O)NC[C@H]3CC[C@]4(CCC(=O)N4)CC3)C[C@H]1CO2,"(1S,4S)-5-(4-(methylamino)butanoyl)-N-((2-oxo-1-azaspiro[4.5]decan-8-yl)methyl)-2-oxa-5-azabicyclo[2.2.1]heptane-1-carboxamide",CNCCCC(=O)N1[C@@H]2CO[C@](C1)(C2)C(=O)NCC2CCC1(CCC(N1)=O)CC2,CNCCCC(=O)N1C[C@]2(C(=O)NC[C@H]3CC[C@]4(CCC(=O)N4)CC3)C[C@H]1CO2,CNCCCC(=O)N1C[C@]2(C(=O)NCC3CCC4(CCC(=O)N4)CC3)C[C@H]1CO2
57044,C[C@H]1[C@@H](C)[C@@H]1C(=O)N[C@@H]1CCN(C(=O)C2([C@H]3CCCO3)CC2)[C@H](C)C1,,,C[C@@H]1C(C(=O)N[C@@H]2CCN(C(=O)C3([C@H]4CCCO4)CC3)[C@H](C)C2)[C@@H]1C,
57098,Cc1noc(CSCC(=O)N2C[C@H]3[C@@H](C2)[C@@H]3C(=O)N2CC[C@H](O)C2)n1,,,Cc1noc(CSCC(=O)N2C[C@@H]3C(C(=O)N4CC[C@H](O)C4)[C@@H]3C2)n1,
57123,CCN(C)C(=O)c1ccc(C(=O)N[C@H]2[C@@H]3CN(C(=O)c4cc(F)n[nH]4)C[C@@H]32)cc1,,,CCN(C)C(=O)c1ccc(C(=O)N[C@H]2[C@@H]3CN(C(=O)c4cc(F)[nH]n4)C[C@@H]32)cc1,
57185,O=C(NC12CC(C(=O)N3C[C@H](CO)C[C@@H]3CO)(C1)C2)[C@H]1C[C@@H]2CC[C@@H]2C1,,,O=C(NC12CC(C(=O)N3C[C@H](CO)C[C@@H]3CO)(C1)C2)C1C[C@H]2CC[C@H]2C1,
57272,C#CC[C@]1(O)C[C@@H](C(=O)NCC2(O)CC(C(=O)NC(C)(C)CN3CCCC3)C2)C1,"(1s,3s)-3-hydroxy-N-((1-hydroxy-3-((2-methyl-1-(pyrrolidin-1-yl)propan-2-yl)carbamoyl)cyclobutyl)methyl)-3-(prop-2-yn-1-yl)cyclobutanecarboxamide",,C#CCC1(O)CC(C(=O)NCC2(O)CC(C(=O)NC(C)(C)CN3CCCC3)C2)C1,
57320,CCN1CC[C@@H]1C(=O)N[C@@H](C)C1(C(=O)N(C)[C@@H]2C[C@@H](C)C[C@@H](C)C2)CC1,,,CCN1CCC1C(=O)N[C@@H](C)C1(C(=O)N(C)[C@H]2C[C@H](C)C[C@H](C)C2)CC1,
57326,CN(C)c1ncc(C(=O)NC[C@@H]2CN(C(=O)[C@@]3(C)C[C@@H]4C[C@@H]4C3)CC2(C)C)cn1,,,CN(C)c1ncc(C(=O)NC[C@@H]2CN(C(=O)[C@]3(C)C[C@H]4C[C@H]4C3)CC2(C)C)cn1,
57330,O=C([C@@H]1[C@H]2CN(Cc3c[nH]nc3-c3ccccc3)C[C@H]21)N1CCn2cncc2C1,,,O=C(C1[C@H]2CN(Cc3c[nH]nc3-c3ccccc3)C[C@@H]12)N1CCn2cncc2C1,
57511,CC(C)(CC#N)C(=O)N1CC[C@@H](C2(NC(=O)[C@@H]3[C@H]4[C@@H]5CC[C@@H](C5)[C@H]43)CC2)C1,,,CC(C)(CC#N)C(=O)N1CC[C@@H](C2(NC(=O)C3[C@@H]4[C@H]5CC[C@H](C5)[C@H]34)CC2)C1,
57560,CC[C@@H](C)CCC(=O)N1C[C@H]2[C@H](NC(=O)c3ccnc(OC(F)(F)F)c3)[C@H]2C1,"N-((1R,5S,6S)-3-((4R)-4-methylhexanoyl)-3-azabicyclo[3.1.0]hexan-6-yl)-2-((trifluoromethyl)oxy)pyridine-4-carboxamide",,CC[C@@H](C)CCC(=O)N1C[C@@H]2[C@H](C1)[C@H]2NC(=O)c1ccnc(OC(F)(F)F)c1,
57581,Nc1ccc(C(=O)N2[C@H]3CC[C@@H]2C[C@@H](NC(=O)CCC2CCC2)C3)nc1Cl,,,Nc1ccc(C(=O)N2[C@@H]3CC[C@H]2C[C@H](NC(=O)CCC2CCC2)C3)nc1Cl,
57661,CCC=C(F)C(=O)N[C@@H](CC(C)(C)C)C(=O)N1C[C@H]2C[C@H](F)C[C@H]2C1,"2-fluoro-N-((2S)-1-((1R,5S,7R)-7-fluoro-3-azabicyclo[3.3.0]octan-3-yl)-4,4-dimethyl-1-oxopentan-2-yl)pent-2-enamide",,CCCC(F)C(=O)N=C(CC(C)(C)C)C(=O)N1C[C@H]2C[C@H](F)C[C@H]2C1,
57681,COCCOC1CCC(C(=O)N[C@H]2C[C@@](F)(CNC(=O)[C@H]3COCCO3)C2)CC1,"(2R)-N-(((1r,3R)-1-fluoro-3-(4-((2-methoxyethyl)oxy)cyclohexanecarboxamido)cyclobutyl)methyl)-1,4-dioxane-2-carboxamide",,COCCOC1CCC(C(=O)N[C@H]2C[C@@](F)(CNC(=O)C3COCCO3)C2)CC1,
57724,O=C(NC1(C2CN(C(=O)[C@@H]3[C@H]4C[C@@H]4[C@H]4C[C@@H]34)C2)CC1)c1ccc(C2CC2)cc1,"4-cyclopropyl-N-(1-(1-(((1R,2R,4R,5R,6S)-tricyclo[4.1.0.0^{2,4}]heptan-5-yl)carbonyl)azetidin-3-yl)cyclopropyl)benzamide",,O=C(NC1(C2CN(C(=O)C3[C@H]4C[C@@H]4[C@H]4C[C@@H]34)C2)CC1)c1ccc(C2CC2)cc1,
57751,COc1cc(C(=O)N[C@H]2C[C@@](F)(CNC(=O)[C@@H](C)[C@@H](C)O)C2)sn1,"N-((1S,3r)-3-fluoro-3-(((2S,3R)-3-hydroxy-2-methylbutanamido)methyl)cyclobutyl)-3-methoxy-1,2-thiazole-5-carboxamide",,COc1cc(C(=O)N[C@H]2C[C@@](F)(CNC(=O)C(C)[C@@H](C)O)C2)sn1,
57753,Cc1n[nH]cc1/C=C/C(=O)N1C[C@H]2[C@H](NC(=O)C[C@@H]3OCCC3(C)C)[C@H]2C1,,,Cc1[nH]ncc1C=CC(=O)N1C[C@@H]2[C@H](C1)[C@H]2NC(=O)C[C@@H]1OCCC1(C)C,
57777,C=CC1(C(=O)N2[C@H]3CC[C@@H]2C[C@@H](N(C)C(=O)C(F)CC(C)C)C3)CC1,,,C=CC1(C(=O)N2[C@@H]3CC[C@H]2C[C@H](N(C)C(=O)C(F)CC(C)C)C3)CC1,
57796,O=C([C@@H]1[C@@H]2C[C@H]2[C@H]2C[C@H]21)N1CCCCC12CN(C(=O)C1(O)CCSCC1)C2,"(2-((4-hydroxythian-4-yl)carbonyl)-2,5-diazaspiro[3.5]nonan-5-yl)((1S,2R,4R,5R,6R)-tricyclo[4.1.0.0^{2,4}]heptan-5-yl)methanone",,O=C(C1[C@@H]2C[C@@H]2[C@@H]2C[C@@H]12)N1CCCCC12CN(C(=O)C1(O)CCSCC1)C2,
57838,COCc1nocc1CNC(=O)[C@]1(NC(=O)c2ccns2)C[C@@H](O)C1,"N-((1s,3s)-3-hydroxy-1-(((3-(methoxymethyl)-1,2-oxazol-4-yl)methyl)carbamoyl)cyclobutyl)-1,2-thiazole-5-carboxamide",,COCc1nocc1CNC(=O)[C@]1(NC(=O)c2ccns2)C[C@@H](O)C1,
57844,COc1cc(C(=O)N2[C@H]3CC[C@@H]2C[C@@H](NC(=O)C2CC2)C3)cc2c(C)c(C)[nH]c12,,,COc1cc(C(=O)N2[C@@H]3CC[C@H]2C[C@H](NC(=O)C2CC2)C3)cc2c(C)c(C)[nH]c12,
57864,Cc1nc(CNC(=O)c2cnn[nH]2)oc1C(=O)N[C@@H]1[C@H]2CCCC[C@H]21,,,Cc1nc(CNC(=O)c2c[nH]nn2)oc1C(=O)N[C@H]1[C@@H]2CCCC[C@@H]21,
58014,CCNC(=O)[C@H](C)NC(=O)CONC(=O)[C@]12CCC[C@H]1CCC2,(2S)-N-ethyl-2-(2-((octahydropentalene-3a-carboxamido)oxy)acetamido)propanamide,C(C)NC([C@H](C)NC(CONC(=O)C12CCCC2CCC1)=O)=O,CCNC(=O)C(C)NC(=O)CONC(=O)[C@]12CCC[C@H]1CCC2,CCNC(=O)C(C)NC(=O)CONC(=O)C12CCCC1CCC2
58046,CN(C[C@H]1[C@@H]2CN(C(=O)C(C)(C)C(N)=O)C[C@H]12)C(=O)[C@@]1(C)CCc2ccccc21,,,CN(C[C@@H]1[C@H]2CN(C(=O)C(C)(C)C(N)=O)C[C@@H]12)C(=O)[C@@]1(C)CCc2ccccc21,
58089,CS(=O)(=O)CCC(=O)NC[C@]1(F)C[C@@H](NC(=O)[C@]2(C#N)C[C@H]3CC[C@H]2C3)C1,"N-(((1S,3s)-3-((1S,2R,4S)-2-cyanobicyclo[2.2.1]heptane-2-carboxamido)-1-fluorocyclobutyl)methyl)-3-(methylsulfonyl)propanamide",,CS(=O)(=O)CCC(=O)NC[C@]1(F)C[C@@H](NC(=O)[C@]2(C#N)C[C@H]3CC[C@H]2C3)C1,
58108,CCC(C)(C)CC(=O)N1C[C@H]2[C@H](CNC(=O)[C@H](OC)c3cnn(C)c3)[C@H]2C1,,,CCC(C)(C)CC(=O)N1C[C@@H]2[C@@H](CNC(=O)C(OC)c3cnn(C)c3)[C@@H]2C1,
58123,CC[C@H]1CC[C@H](C(=O)N[C@]2(C)C[C@H](NC(=O)c3ccn4ncccc34)C2)CC1,"N-((1s,3s)-3-methyl-3-(trans-4-ethylcyclohexanecarboxamido)cyclobutyl)-1,2-diazabicyclo[4.3.0]nona-2,4,6,8-tetraene-7-carboxamide",,CCC1CCC(C(=O)N[C@]2(C)C[C@H](NC(=O)c3ccn4ncccc34)C2)CC1,
58196,CCOc1ccc(NC(=O)[C@@H]2[C@@H](C3CC3)CCN2C(=O)[C@@H]2[C@H]3CN(C)C[C@H]32)cc1,,,CCOc1ccc(NC(=O)C2[C@@H](C3CC3)CCN2C(=O)C2[C@H]3CN(C)C[C@@H]23)cc1,
58215,Cc1nccn1[C@@H](C)C(=O)N1C[C@H]2[C@H](CCO)[C@H]2C1,"(2S)-1-((1R,5S,6R)-6-(2-hydroxyethyl)-3-azabicyclo[3.1.0]hexan-3-yl)-2-(2-methyl-1H-imidazol-1-yl)propan-1-one",,Cc1nccn1C(C)C(=O)N1C[C@@H]2[C@@H](CCO)[C@@H]2C1,
58217,CC[C@@H](CNC(=O)[C@@H]1C[C@@H]2C[C@@H]2C1)NC(=O)CCOc1cc(F)cc(F)c1,,,CC[C@@H](CNC(=O)C1C[C@@H]2C[C@@H]2C1)NC(=O)CCOc1cc(F)cc(F)c1,
58242,Cc1ccc([C@H](CNC(=O)[C@H]2C[C@](F)(CO)C2)NC(=O)CCN2CCC2)cc1,"(1s,3S)-N-((2R)-2-(3-(azetidin-1-yl)propanamido)-2-(4-methylphenyl)ethyl)-3-fluoro-3-(hydroxymethyl)cyclobutanecarboxamide",,Cc1ccc([C@H](CNC(=O)C2CC(F)(CO)C2)NC(=O)CCN2CCC2)cc1,
58250,O=C(C=CC1CC1)N[C@H]1C[C@](O)(C2CCN(C(=O)C3CC(CC4CC4)C3)CC2)C1,"3-cyclopropyl-N-((1s,3s)-3-(1-((3-(cyclopropylmethyl)cyclobutyl)carbonyl)piperidin-4-yl)-3-hydroxycyclobutyl)prop-2-enamide",,O=C(C=CC1CC1)N[C@H]1C[C@](O)(C2CCN(C(=O)C3CC(CC4CC4)C3)CC2)C1,
58251,CO[C@@H](F)C(=O)NC[C@H]1C[C@@](F)(CNC(=O)c2cc(C)sc2C)C1,"(2S)-N-(((1r,3S)-3-((2,5-dimethylthiophene-3-carboxamido)methyl)-3-fluorocyclobutyl)methyl)-2-fluoro-2-methoxyacetamide",,COC(F)C(=O)NC[C@H]1C[C@@](F)(CNC(=O)c2cc(C)sc2C)C1,
58262,C[C@@H](CCNC(=O)CSc1ccc(F)cc1F)NC(=O)[C@H]1C[C@@H]2CC[C@H](C1)[C@H]2F,,,C[C@@H](CCNC(=O)CSc1ccc(F)cc1F)NC(=O)C1C[C@H]2CC[C@@H](C1)[C@@H]2F,
58275,Cc1nn2ncccc2c1C(=O)N1C[C@H]2[C@H](NC(=O)C[C@@H]3COC(=O)C3)[C@H]2C1,,,Cc1nn2ncccc2c1C(=O)N1C[C@@H]2[C@H](C1)[C@H]2NC(=O)C[C@@H]1COC(=O)C1,
58281,CC1(C)C[C@@]1(Cl)C(=O)N1C[C@H]2[C@H](CNC(=O)c3sc([N+](=O)[O-])cc3Cl)[C@H]2C1,"3-chloro-N-(((1R,5S,6S)-3-(((1S)-1-chloro-2,2-dimethylcyclopropyl)carbonyl)-3-azabicyclo[3.1.0]hexan-6-yl)methyl)-5-nitrothiophene-2-carboxamide",,CC1(C)C[C@@]1(Cl)C(=O)N1C[C@@H]2[C@@H](CNC(=O)c3sc([N+](=O)[O-])cc3Cl)[C@@H]2C1,
58373,COCCN(CCNC(=O)[C@@H]1C[C@@H]2C[C@@H]2C1)C(=O)c1ccc(C(F)(F)F)nc1C,,,COCCN(CCNC(=O)C1C[C@@H]2C[C@@H]2C1)C(=O)c1ccc(C(F)(F)F)nc1C,
58459,CC1(C)[C@H]2CC[C@]1(C(=O)N1C[C@H](NC(=O)[C@@H]3CCSC3)C3(CCC3)C1)CC2,"(3S)-N-((8R)-6-((7,7-dimethylbicyclo[2.2.1]heptan-1-yl)carbonyl)-6-azaspiro[3.4]octan-8-yl)thiolane-3-carboxamide",CC1(C2(CCC1CC2)C(=O)N2CC1(CCC1)[C@H](C2)NC(=O)[C@H]2CSCC2)C,CC1(C)[C@H]2CC[C@]1(C(=O)N1C[C@H](NC(=O)C3CCSC3)C3(CCC3)C1)CC2,CC1(C)C2CCC1(C(=O)N1C[C@H](NC(=O)C3CCSC3)C3(CCC3)C1)CC2
58466,CCOc1ccc(C)nc1C(=O)N[C@H]1C[C@@](F)(CNC(=O)C[C@H](C)SC)C1,"3-ethoxy-N-((1S,3r)-3-fluoro-3-(((3S)-3-(methylsulfanyl)butanamido)methyl)cyclobutyl)-6-methylpyridine-2-carboxamide",,CCOc1ccc(C)nc1C(=O)N[C@H]1C[C@@](F)(CNC(=O)C[C@H](C)SC)C1,
58467,Cc1oc(C(=O)N2[C@H]3CC[C@@H]2C[C@H](NC(=O)[C@]2(C)CC2(F)F)C3)cc1CO,,,Cc1oc(C(=O)N2[C@@H]3CC[C@H]2C[C@@H](NC(=O)[C@]2(C)CC2(F)F)C3)cc1CO,
58499,C[C@H]1C[C@H](NC(=O)[C@H]2OCC[C@H]2NC(=O)[C@@H]2OCCCC2(C)C)C[C@@H](C)O1,,,C[C@@H]1C[C@@H](NC(=O)C2OCC[C@H]2NC(=O)C2OCCCC2(C)C)C[C@H](C)O1,
58530,O[C@@H](CNC[C@H]1[C@@H]2COC[C@H]12)CN1CCCCC1,,,O[C@@H](CNC[C@@H]1[C@H]2COC[C@@H]12)CN1CCCCC1,
58571,CC[C@H](C)C[C@@H](NC(=O)c1n[nH]cc1C)C(=O)N[C@H]1C[C@H](O)[C@H](O)C1,,,CC[C@H](C)CC(NC(=O)c1[nH]ncc1C)C(=O)N[C@@H]1C[C@@H](O)[C@@H](O)C1,
58572,C[C@@H](Oc1ccc(F)cc1Cl)C(=O)N[C@@H]1CCCN(C(=O)[C@@H]2[C@H]3CCCC[C@H]32)C1,,,CC(Oc1ccc(F)cc1Cl)C(=O)N[C@@H]1CCCN(C(=O)C2[C@H]3CCCC[C@@H]23)C1,
58578,C=CCC(C)(C)C(=O)N1[C@@H]2CCC[C@@H]2[C@H]1CC(=O)N(C)[C@@H]1[C@H]2CCC[C@H]21,,,C=CCC(C)(C)C(=O)N1[C@@H]2CCC[C@@H]2[C@H]1CC(=O)N(C)[C@H]1[C@@H]2CCC[C@@H]21,
58637,CC1(C)CCCO[C@@H]1C(=O)N[C@]1(C)CCCC[C@H]1C(=O)N[C@@H]1[C@H]2CCC[C@H]21,,,CC1(C)CCCOC1C(=O)N[C@]1(C)CCCCC1C(=O)N[C@H]1[C@@H]2CCC[C@@H]21,
58658,Cc1cc(C2CC2)ncc1C(=O)N(C)CCCCCNC(=O)[C@@H]1[C@@H](C)[C@H]1C,,,Cc1cc(C2CC2)ncc1C(=O)N(C)CCCCCNC(=O)C1[C@@H](C)[C@H]1C,
58751,Cc1sc(Cl)nc1C(=O)N[C@H]1C[C@@](F)(CNC(=O)C2CCN(C(N)=O)CC2)C1,"N'-(((1r,3r)-3-(2-chloro-5-methyl-1,3-thiazole-4-carboxamido)-1-fluorocyclobutyl)methyl)piperidine-1,4-dicarboxamide",,Cc1sc(Cl)nc1C(=O)N[C@H]1C[C@@](F)(CNC(=O)C2CCN(C(N)=O)CC2)C1,
58754,C#CC[C@]1(O)C[C@@H](C(=O)NC[C@@H](O)CC(=O)NOCCCCF)C1,"(1s,3R)-N-((2S)-4-(((4-fluorobutyl)oxy)amino)-2-hydroxy-4-oxobutyl)-3-hydroxy-3-(prop-2-yn-1-yl)cyclobutanecarboxamide",,C#CCC1(O)CC(C(=O)NC[C@@H](O)CC(=O)NOCCCCF)C1,
58755,CCCCCCC(=O)NC[C@]1(F)C[C@@H](CNC(=O)CCOC(C)=O)C1,"3-((((1s,3s)-3-fluoro-3-((heptanamido)methyl)cyclobutyl)methyl)amino)-3-oxopropyl acetate",,CCCCCCC(=O)NC[C@]1(F)C[C@@H](CNC(=O)CCOC(C)=O)C1,
58789,CC(C)N1CC(C(=O)NC[C@H]2C[C@@](F)(CNC(=O)Cc3ccnn3C)C2)C1,"N-(((1r,3r)-3-fluoro-3-((2-(1-methyl-1H-pyrazol-5-yl)acetamido)methyl)cyclobutyl)methyl)-1-(propan-2-yl)azetidine-3-carboxamide",,CC(C)N1CC(C(=O)NC[C@H]2C[C@@](F)(CNC(=O)Cc3ccnn3C)C2)C1,
58795,C[C@H](OC(C)(C)C)C(=O)NC[C@H]1[C@@H]2CN(C(=O)c3cnc(-c4ccsc4)s3)C[C@H]12,,,CC(OC(C)(C)C)C(=O)NC[C@@H]1[C@H]2CN(C(=O)c3cnc(-c4ccsc4)s3)C[C@@H]12,
58873,CCCC(=O)N1C[C@H]2[C@H](CN(C)C(=O)Cc3ccsc3Br)[C@H]2C1,,,CCCC(=O)N1C[C@@H]2[C@@H](CN(C)C(=O)Cc3ccsc3Br)[C@@H]2C1,
58893,C#CC[C@]1(O)C[C@@H](C(=O)NC[C@H](C)[C@@]2(O)CCN(C(=O)C3CCC=CCC3)C2)C1,"(1s,3R)-N-((2S)-2-((3S)-1-((cyclohept-4-en-1-yl)carbonyl)-3-hydroxypyrrolidin-3-yl)propyl)-3-hydroxy-3-(prop-2-yn-1-yl)cyclobutanecarboxamide",,C#CCC1(O)CC(C(=O)NC[C@H](C)[C@@]2(O)CCN(C(=O)C3CCC=CCC3)C2)C1,
59080,CC1(C)Cc2cccc(C(=O)N[C@H]3[C@@H]4CN(C(=O)[C@H](O)C5CC5)C[C@@H]43)c2C1,"N-((1R,5S,6S)-3-((2R)-2-cyclopropyl-2-hydroxyacetyl)-3-azabicyclo[3.1.0]hexan-6-yl)-2,2-dimethyl-2,3-dihydro-1H-indene-4-carboxamide",,CC1(C)Cc2cccc(C(=O)N[C@H]3[C@@H]4CN(C(=O)C(O)C5CC5)C[C@@H]43)c2C1,
59081,CN1C[C@H]2[C@@H](C1)[C@@H]2C(=O)N1CCC(CO)(CNC(=O)c2ccc(O)c(Cl)n2)CC1,,,CN1C[C@@H]2C(C(=O)N3CCC(CO)(CNC(=O)c4ccc(O)c(Cl)n4)CC3)[C@@H]2C1,
59091,COC(=O)[C@@H]1C[C@H]1C(=O)NC[C@@H]1C[C@@H]2CC[C@H](C1)N2c1ncncc1C#N,,,COC(=O)C1CC1C(=O)NC[C@H]1C[C@H]2CC[C@@H](C1)N2c1ncncc1C#N,
59103,C=CCOc1ccc(CN2C[C@H]3[C@@H](C2)[C@@H]3C(=O)NCCc2ncnn2C)cc1Cl,,,C=CCOc1ccc(CN2C[C@@H]3C(C(=O)NCCc4ncnn4C)[C@@H]3C2)cc1Cl,
59127,O=C1NC[C@@H](C(=O)N[C@H]2C[C@@H](NC(=O)[C@H]3C[C@@H]4C[C@@H]4C3)C2)c2ccccc21,,,O=C1NCC(C(=O)N[C@H]2C[C@@H](NC(=O)C3C[C@@H]4C[C@@H]4C3)C2)c2ccccc21,
59213,CC(C)(C(=O)N[C@H]1C[C@]2(CCCCN2C(=O)c2ccno2)C1)c1cccc(O)c1,"2-(3-hydroxyphenyl)-2-methyl-N-(5-((1,2-oxazol-5-yl)carbonyl)-5-azaspiro[3.5]nonan-2-yl)propanamide",OC=1C=C(C=CC1)C(C(=O)NC1CC2(C1)N(CCCC2)C(=O)C2=CC=NO2)(C)C,CC(C)(C(=O)N[C@H]1C[C@]2(CCCCN2C(=O)c2ccno2)C1)c1cccc(O)c1,CC(C)(C(=O)NC1CC2(CCCCN2C(=O)c2ccno2)C1)c1cccc(O)c1
59370,Cc1cc(=NC(=O)[C@H]2[C@@H]3[C@@H]4C[C@@H]5[C@@H]2[C@H]3[C@@]45C(=O)NCCN2CCN(C)CC2)[nH][nH]1,"(1S,2R,3R,4R,5R,6S,8R)-N'-(5-methyl-1H,2H-pyrazol-3-ylidene)-N-(2-(4-methylpiperazin-1-yl)ethyl)tetracyclo[4.2.0.0^{3,8}.0^{2,5}]octane-1,4-dicarboxamide",,Cc1cc(NC(=O)C2[C@H]3[C@@H]4[C@H]2[C@@H]2C[C@H]3[C@@]42C(=O)NCCN2CCN(C)CC2)[nH]n1,
59421,C[C@H]1[C@@H](C)[C@@H]1C(=O)N1CCN(C(=O)/C=C/c2ccc(F)c(Cl)c2)[C@@H]2CCC[C@@H]21,,,C[C@@H]1C(C(=O)N2CCN(C(=O)/C=C/c3ccc(F)c(Cl)c3)[C@@H]3CCC[C@@H]32)[C@@H]1C,
59426,Nc1nccnc1C(=O)NC[C@H]1C[C@@](F)(CNC(=O)CS(N)(=O)=O)C1,"3-amino-N-(((1r,3r)-3-fluoro-3-((2-sulfamoylacetamido)methyl)cyclobutyl)methyl)pyrazine-2-carboxamide",,Nc1nccnc1C(=O)NC[C@H]1C[C@@](F)(CNC(=O)CS(N)(=O)=O)C1,
59469,CSc1nccc(=N[C@@H]2CCN(C(=O)[C@H]3C[C@H]4[C@@H](C3)C4(F)F)C[C@@H]2C)[nH]1,,,CSc1nccc(N[C@@H]2CCN(C(=O)C3C[C@@H]4[C@H](C3)C4(F)F)C[C@@H]2C)n1,
59489,CO[C@H](CNC(=O)[C@H]1C[C@@H]2CCC[C@@H]2C1)CC(=O)N1CCc2c(nnn2C)C1,,,CO[C@H](CNC(=O)C1C[C@H]2CCC[C@H]2C1)CC(=O)N1CCc2c(nnn2C)C1,
59505,CCC(F)(F)CC(=O)NCC1CC(NC(=O)[C@H]2CC[C@H]3C[C@H]3CC2)C1,,,CCC(F)(F)CC(=O)NCC1CC(NC(=O)C2CC[C@@H]3C[C@@H]3CC2)C1,
59538,O=C1Cc2ccc(C(=O)N3C[C@H]4[C@H](NC(=O)[C@@H]5CCOC(=O)N5)[C@H]4C3)cc2N1,,,O=C1NC(C(=O)N[C@H]2[C@@H]3CN(C(=O)c4ccc5cc(O)[nH]c5c4)C[C@@H]32)CCO1,
59562,CCc1cccc(OCC(=O)N[C@H]2C[C@](F)(CNC(=O)c3ccc(C)nn3)C2)c1,"2-((3-ethylphenyl)oxy)-N-((1s,3s)-3-fluoro-3-((6-methylpyridazine-3-carboxamido)methyl)cyclobutyl)acetamide",,CCc1cccc(OCC(=O)N[C@H]2C[C@](F)(CNC(=O)c3ccc(C)nn3)C2)c1,
59585,O=C(N[C@]1(C(=O)N[C@@H]2CC3C[C@@H]4C2[C@@H]4C3)C[C@H](O)C1)C1CC(C2CC2)C1,"(1s,3S)-1-(3-cyclopropylcyclobutanecarboxamido)-3-hydroxy-N-((1R,3R,7S)-tricyclo[3.2.1.0^{2,7}]octan-3-yl)cyclobutanecarboxamide",,O=C(N[C@]1(C(=O)N[C@@H]2CC3C[C@@H]4C2[C@@H]4C3)C[C@H](O)C1)C1CC(C2CC2)C1,
59590,C[C@H]1C[C@H](C(=O)N2CCCC[C@]23C[C@H](NC(=O)c2cnn4c2NCCC4)C3)CO1,"N-(5-(((3S,5S)-5-methyloxolan-3-yl)carbonyl)-5-azaspiro[3.5]nonan-2-yl)-4,5,6,7-tetrahydropyrazolo[1,5-a]pyrimidine-3-carboxamide",C[C@H]1C[C@@H](CO1)C(=O)N1C2(CC(C2)NC(=O)C=2C=NN3C2NCCC3)CCCC1,C[C@H]1CC(C(=O)N2CCCC[C@]23C[C@H](NC(=O)c2cnn4c2NCCC4)C3)CO1,C[C@H]1CC(C(=O)N2CCCCC23CC(NC(=O)c2cnn4c2NCCC4)C3)CO1
59631,Cc1ccsc1CC(=O)N[C@H]1C[C@](F)(CNC(=O)CCSC2CCCC2)C1,"3-(cyclopentylsulfanyl)-N-(((1s,3s)-1-fluoro-3-(2-(3-methylthiophen-2-yl)acetamido)cyclobutyl)methyl)propanamide",,Cc1ccsc1CC(=O)N[C@H]1C[C@](F)(CNC(=O)CCSC2CCCC2)C1,
59661,CN(C(=O)C[C@@H]1CC(C)(C)CO1)[C@H]1[C@@H]2CN(C(=O)[C@H]3C[C@@](C)(O)C3)C[C@@H]21,,,CN(C(=O)C[C@@H]1CC(C)(C)CO1)[C@H]1[C@@H]2CN(C(=O)C3CC(C)(O)C3)C[C@@H]21,
59671,O=C(c1cnon1)N1C[C@@H]2CC[C@H](C1)[C@@H]2Nc1ncnc2occc12,,,O=C(c1cnon1)N1C[C@H]2CC[C@@H](C1)[C@H]2Nc1ncnc2occc12,
59685,CCN1CCC[C@H](C(=O)N[C@H]2C[C@@](F)(CNC(=O)CSC)C2)C1,"(3S)-1-ethyl-N-((1r,3S)-3-fluoro-3-((2-(methylsulfanyl)acetamido)methyl)cyclobutyl)piperidine-3-carboxamide",,CCN1CCCC(C(=O)N[C@H]2C[C@@](F)(CNC(=O)CSC)C2)C1,
59697,C[C@]12CCC(=O)N1CCN2C(=O)[C@H]1CC[C@H](O)[C@H](O)CC1,,,C[C@]12CCC(=O)N1CCN2C(=O)C1CC[C@@H](O)[C@@H](O)CC1,
59768,Cc1ncc(CN(C)C(=O)C[C@H]2[C@@H]3CN(C(=O)[C@H]4CN(C)CCO4)C[C@H]23)s1,"N-methyl-N-((2-methyl-1,3-thiazol-5-yl)methyl)-2-((1R,5S,6S)-3-(((2R)-4-methylmorpholin-2-yl)carbonyl)-3-azabicyclo[3.1.0]hexan-6-yl)acetamide",,Cc1ncc(CN(C)C(=O)C[C@@H]2[C@H]3CN(C(=O)C4CN(C)CCO4)C[C@@H]23)s1,
59775,C=C(Cl)C[C@@H](NC(=O)C1CCCCCCC1)C(=O)NC[C@H]1[C@@H]2COC[C@H]12,,,C=C(Cl)CC(NC(=O)C1CCCCCCC1)C(=O)NC[C@@H]1[C@H]2COC[C@@H]12,
59828,O=C(Cc1ncc(Cl)s1)N[C@H]1CC[C@](F)(CNC(=O)[C@H]2C[C@@H]3CC[C@@H]3C2)C1,,,O=C(Cc1ncc(Cl)s1)N[C@H]1CC[C@](F)(CNC(=O)C2C[C@H]3CC[C@H]3C2)C1,
59848,Cc1ncsc1C(=O)N1[C@H]2CC[C@@H]1C[C@@H](NC(=O)CC1C[C@@H]3C[C@H]3C1)C2,,,Cc1ncsc1C(=O)N1[C@@H]2CC[C@H]1C[C@H](NC(=O)CC1C[C@@H]3C[C@H]3C1)C2,
59857,O=C(COc1cccc(Cl)c1)NC[C@H]1C[C@@H]2CC[C@H](C1)N2C(=O)c1ccsc1Cl,,,O=C(COc1cccc(Cl)c1)NC[C@@H]1C[C@H]2CC[C@@H](C1)N2C(=O)c1ccsc1Cl,
59882,C[C@H](CN(C)C(=O)CCC1CCC1)N(C)C(=O)C[C@@H]1C[C@H]2C[C@H]2C1,,,C[C@H](CN(C)C(=O)CCC1CCC1)N(C)C(=O)C[C@H]1C[C@@H]2C[C@@H]2C1,
59904,CCCCC[C@H](F)C(=O)N[C@]1(C)C[C@H](C(=O)N[C@@H](CO)c2nncn2C)C1,"(2S)-2-fluoro-N-((1S,3R)-3-(((1R)-2-hydroxy-1-(4-methyl-4H-1,2,4-triazol-3-yl)ethyl)carbamoyl)-1-methylcyclobutyl)heptanamide",,CCCCCC(F)C(=O)NC1(C)CC(C(=O)N[C@@H](CO)c2nncn2C)C1,
59940,CC(C)CN1CC(C(=O)N2CC[C@@H](NC(=O)C[C@@H]3C[C@H]4C[C@H]4C3)[C@H](O)C2)C1,,,CC(C)CN1CC(C(=O)N2CC[C@@H](NC(=O)C[C@H]3C[C@@H]4C[C@@H]4C3)[C@H](O)C2)C1,
60000,CCN(C(=O)[C@@H]1C[C@@H]2OC(=O)O[C@@H]2C1)[C@@H](C)CNC(=O)Cc1ccc(C)cc1C,,,CCN(C(=O)C1C[C@@H]2OC(=O)O[C@@H]2C1)[C@@H](C)CNC(=O)Cc1ccc(C)cc1C,
60011,O=C(NC[C@@H]1C[C@@H]2CC[C@H](C1)N2c1nnc(O)s1)[C@H]1Cc2ccncc2C1,,,O=C(NC[C@H]1C[C@H]2CC[C@@H](C1)N2c1n[nH]c(=O)s1)C1Cc2ccncc2C1,
60081,CC[C@@H](CNC(=O)c1ccc(OCCOC)c(OC)c1)NC(=O)[C@H]1C[C@@H]2C[C@@H]2C1,,,CC[C@@H](CNC(=O)c1ccc(OCCOC)c(OC)c1)NC(=O)C1C[C@@H]2C[C@@H]2C1,
60091,CO[C@@H](CC1CCCC1)C(=O)N[C@]1(C)C[C@H](NC(=O)[C@H](O)CN(C)C)C1,"(2S)-3-cyclopentyl-N-((1S,3R)-3-((2R)-3-(dimethylamino)-2-hydroxypropanamido)-1-methylcyclobutyl)-2-methoxypropanamide",,COC(CC1CCCC1)C(=O)N[C@]1(C)C[C@H](NC(=O)C(O)CN(C)C)C1,
60104,CN1CCCC[C@@H]1C(=O)N[C@@H]1C[C@@H]2CC[C@H](C1)N2C(=O)c1ncoc1C(C)(C)C,,,CN1CCCCC1C(=O)N[C@H]1C[C@H]2CC[C@@H](C1)N2C(=O)c1ncoc1C(C)(C)C,
60170,CC1(C)CCCC[C@@H]1C(=O)N[C@H]1[C@@H]2CN(C(=O)C3=CCCCO3)C[C@@H]21,,,CC1(C)CCCCC1C(=O)N[C@H]1[C@@H]2CN(C(=O)C3=CCCCO3)C[C@@H]21,
60178,COC1(OC)CC(C)(C(=O)NC[C@H]2C[C@@H]3CC[C@H](C2)N3C(=O)[C@H]2CCNC2=O)C1,"3,3-dimethoxy-1-methyl-N-(((1R,3R,5S)-8-(((3S)-2-oxopyrrolidin-3-yl)carbonyl)-8-azabicyclo[3.2.1]octan-3-yl)methyl)cyclobutanecarboxamide",,COC1(OC)CC(C)(C(=O)NC[C@@H]2C[C@H]3CC[C@@H](C2)N3C(=O)C2CCNC2=O)C1,
60211,O=C(N[C@@H]1COC[C@@H]1F)[C@@H]1[C@@H]2CC[C@H]1CN(C(=O)/C=C/c1cccnc1)C2,,,O=C(N[C@@H]1COC[C@@H]1F)C1[C@@H]2CC[C@H]1CN(C(=O)/C=C/c1cccnc1)C2,
60219,Cc1n[nH]c(=NC[C@]2(F)C[C@H](NC(=O)[C@H]3CC3(Cl)Cl)C2)s1,"(1R)-2,2-dichloro-N-((1r,3R)-3-fluoro-3-(((5-methyl-3H-1,3,4-thiadiazol-2-ylidene)amino)methyl)cyclobutyl)cyclopropanecarboxamide",,Cc1nnc(NC[C@]2(F)C[C@H](NC(=O)C3CC3(Cl)Cl)C2)s1,
60237,COc1cnc(C(=O)NC[C@H](CO)CNC(=O)[C@H]2C[C@](OC)(C(F)(F)F)C2)nc1,"N-((2R)-2-(hydroxymethyl)-3-((1s,3S)-3-methoxy-3-(trifluoromethyl)cyclobutanecarboxamido)propyl)-5-methoxypyrimidine-2-carboxamide",,COc1cnc(C(=O)NC[C@H](CO)CNC(=O)C2CC(OC)(C(F)(F)F)C2)nc1,
60271,CCOCC(C)(C)C(=O)N[C@H]1C[C@@H]1CNC(=O)[C@H]1C[C@](O)(c2ccncc2)C1,"3-ethoxy-N-((1S,2R)-2-(((1s,3S)-3-hydroxy-3-(pyridin-4-yl)cyclobutanecarboxamido)methyl)cyclopropyl)-2,2-dimethylpropanamide",,CCOCC(C)(C)C(=O)N[C@H]1C[C@@H]1CNC(=O)C1CC(O)(c2ccncc2)C1,
60284,Cc1cc(N)c(C(=O)N2CCC(CN(C)C(=O)[C@@H]3[C@H]4C[C@@H]4[C@H]4C[C@@H]34)CC2)c(F)c1,"(1R,2R,4R,5R,6S)-N-((1-((2-amino-6-fluoro-4-methylphenyl)carbonyl)piperidin-4-yl)methyl)-N-methyltricyclo[4.1.0.0^{2,4}]heptane-5-carboxamide",,Cc1cc(N)c(C(=O)N2CCC(CN(C)C(=O)C3[C@H]4C[C@@H]4[C@H]4C[C@@H]34)CC2)c(F)c1,
60311,CC[C@]1(C(=O)N2CCC[C@H](CCNC(=O)c3csc(CO)n3)C2)CC[C@@H](O)CC1,"N-(2-((3R)-1-(((1s,4S)-1-ethyl-4-hydroxycyclohexyl)carbonyl)piperidin-3-yl)ethyl)-2-(hydroxymethyl)-1,3-thiazole-4-carboxamide",,CC[C@]1(C(=O)N2CCC[C@H](CCNC(=O)c3csc(CO)n3)C2)CC[C@@H](O)CC1,
60347,C[C@@]1(C(=O)N2CCC[C@@](F)(C(=O)N3CCC34CCSCC4)C2)C[C@@H]2C[C@@H]2C1,,,C[C@]1(C(=O)N2CCC[C@@](F)(C(=O)N3CCC34CCSCC4)C2)C[C@H]2C[C@H]2C1,
60382,CC[C@@H](C)C(=O)N(C)[C@H]1[C@@H]2CN(C(=O)Cn3ccc([N+](=O)[O-])n3)C[C@@H]21,,,CCC(C)C(=O)N(C)[C@H]1[C@@H]2CN(C(=O)Cn3ccc([N+](=O)[O-])n3)C[C@@H]21,
60459,CCCCOCC(=O)N[C@]1(C)C[C@H](NC(=O)Cc2n[nH]c(=NC)s2)C1,"N-((1s,3s)-3-(2-butoxyacetamido)-3-methylcyclobutyl)-2-(5-(methylimino)-4H-1,3,4-thiadiazol-2-yl)acetamide",,CCCCOCC(=O)N[C@]1(C)C[C@H](NC(=O)Cc2nnc(NC)s2)C1,
60473,CC(F)(F)[C@@H]1C[C@H]1C(=O)NCCCNC(=O)[C@@H]1[C@H]2CC(F)(F)C[C@H]21,,,CC(F)(F)[C@@H]1CC1C(=O)NCCCNC(=O)C1[C@H]2CC(F)(F)C[C@@H]12,
60485,CC1(C(=O)N[C@@H]2[C@H]3CC[C@@H]2CN(c2ncnc4n[nH]c(Br)c24)C3)COC1,,,CC1(C(=O)N[C@H]2[C@@H]3CC[C@H]2CN(c2ncnc4[nH]nc(Br)c24)C3)COC1,
60510,CC(C)[C@@H](Cc1ccccc1)C(=O)N[C@@H]1C=C[C@H](CNC(=O)[C@@H]2C[C@@H]3C[C@@H]3C2)C1,,,CC(C)C(Cc1ccccc1)C(=O)N[C@@H]1C=C[C@H](CNC(=O)C2C[C@@H]3C[C@@H]3C2)C1,
60646,Cc1cc(CNC(=O)C[C@H]2[C@@H]3CN(C(=O)c4ccc(O)cn4)C[C@H]23)cnc1F,,,Cc1cc(CNC(=O)C[C@@H]2[C@H]3CN(C(=O)c4ccc(O)cn4)C[C@@H]23)cnc1F,
60697,CO[C@@H]1CCCC[C@H]1NC(=O)C[C@H]1[C@@H]2CN(C(=O)c3c[nH]c4cccnc34)C[C@H]12,,,CO[C@@H]1CCCC[C@H]1NC(=O)C[C@@H]1[C@H]2CN(C(=O)c3c[nH]c4cccnc34)C[C@@H]12,
60723,COC(=O)c1cccnc1NC(=O)[C@@H]1[C@H]2CN(Cc3ccc(O)c(F)c3F)C[C@H]21,,,COC(=O)c1cccnc1NC(=O)C1[C@H]2CN(Cc3ccc(O)c(F)c3F)C[C@@H]12,
60730,C#C[C@]1(O)C[C@@H](C(=O)N2CC[C@]3(C=C(C(=O)NCCNC(=O)CO)C3)C2)C1,"(4R)-6-(((1s,3S)-3-ethynyl-3-hydroxycyclobutyl)carbonyl)-N-(2-(2-hydroxyacetamido)ethyl)-6-azaspiro[3.4]oct-1-ene-2-carboxamide",,C#CC1(O)CC(C(=O)N2CC[C@]3(C=C(C(=O)NCCNC(=O)CO)C3)C2)C1,
60807,C[C@]1(CO)CCCN(C(=O)[C@@H]2[C@H]3CN(C(=O)CCCc4cccs4)C[C@H]32)C1,,,C[C@]1(CO)CCCN(C(=O)C2[C@H]3CN(C(=O)CCCc4cccs4)C[C@@H]23)C1,
60825,N#C[C@]1(O)C[C@@H](C(=O)NCC2(NC(=O)C(=O)NC3CC3)CCCC2)C1,"(1s,3s)-3-cyano-N-((1-(1-(cyclopropylcarbamoyl)formamido)cyclopentyl)methyl)-3-hydroxycyclobutanecarboxamide",,N#CC1(O)CC(C(=O)NCC2(NC(=O)C(=O)NC3CC3)CCCC2)C1,
60850,O=C(N[C@H]1C[C@H]2CC[C@]1(C(=O)N[C@@H]1CCCn3cnnc31)C2)[C@H]1C[C@@H]2CC[C@@H]2C1,,,O=C(N[C@H]1C[C@H]2CC[C@]1(C(=O)N[C@@H]1CCCn3cnnc31)C2)C1C[C@H]2CC[C@H]2C1,
60852,CC1(C)C[C@H](CC(=O)NCC2(O)CCN(C(=O)[C@@H]3C[C@H]4[C@@H](C3)C4(F)F)CC2)CO1,,,CC1(C)C[C@H](CC(=O)NCC2(O)CCN(C(=O)C3C[C@@H]4[C@H](C3)C4(F)F)CC2)CO1,
60889,Cc1scnc1C(=O)N(C)C[C@H]1[C@@H]2CN(C(=O)C(C)(C)C(N)=O)C[C@H]12,,,Cc1scnc1C(=O)N(C)C[C@@H]1[C@H]2CN(C(=O)C(C)(C)C(N)=O)C[C@@H]12,
60928,Cn1ccc(CN2C[C@H]3[C@H](NC(=O)C[C@H]4CCNC4=O)[C@H]3C2)cc1=O,,,Cn1ccc(CN2C[C@@H]3[C@H](C2)[C@H]3NC(=O)CC2CCNC2=O)cc1=O,
60955,C[C@H](CN(C)C)C(=O)N[C@H]1C[C@@H]2CN(C(=O)C=CC3CCC3)C[C@@H]2C1,,,CC(CN(C)C)C(=O)N[C@H]1C[C@@H]2CN(C(=O)C=CC3CCC3)C[C@@H]2C1,
60974,O=C(N[C@@H]1[C@H]2C[C@H](NC(=O)[C@H](F)[C@H]3CCOC3)C[C@H]21)c1ccc([N+](=O)[O-])s1,,,O=C(N[C@H]1[C@@H]2C[C@@H](NC(=O)C(F)[C@H]3CCOC3)C[C@@H]21)c1ccc([N+](=O)[O-])s1,
60990,CN(CCS(N)(=O)=O)C(=O)C(C)(C)[C@H]1CCCN(C(=O)[C@@H]2[C@H]3CC(=O)C[C@H]32)C1,,,CN(CCS(N)(=O)=O)C(=O)C(C)(C)[C@H]1CCCN(C(=O)C2[C@H]3CC(=O)C[C@@H]23)C1,
60998,O=C(NCCN1CCC(F)(F)CC1)[C@H]1[C@H]2CN(C(=O)c3c(Cl)cccc3Cl)C[C@H]21,,,O=C(NCCN1CCC(F)(F)CC1)C1[C@H]2CN(C(=O)c3c(Cl)cccc3Cl)C[C@@H]12,
61004,CCC[C@@H](C)C(=O)NC[C@H]1[C@@H]2CN(C(=O)c3cc4c(s3)CCS(=O)(=O)C4)C[C@H]12,,,CCCC(C)C(=O)NC[C@@H]1[C@H]2CN(C(=O)c3cc4c(s3)CCS(=O)(=O)C4)C[C@@H]12,
61010,C[C@H]1CN(C(=O)[C@H]2C[C@@](C)(NC(=O)c3cc(Cl)c[nH]3)C2)CC[C@H]1O,"4-chloro-N-((1R,3s)-3-(((3S,4R)-4-hydroxy-3-methylpiperidin-1-yl)carbonyl)-1-methylcyclobutyl)-1H-pyrrole-2-carboxamide",,C[C@H]1CN(C(=O)C2CC(C)(NC(=O)c3cc(Cl)c[nH]3)C2)CC[C@H]1O,
61064,CCn1nnc(C(=O)NC[C@]2(F)C[C@@H](NC(=O)C=Cc3cncc(F)c3)C2)c1C,"1-ethyl-N-(((1s,3s)-1-fluoro-3-(3-(5-fluoropyridin-3-yl)prop-2-enamido)cyclobutyl)methyl)-5-methyl-1H-1,2,3-triazole-4-carboxamide",,CCn1nnc(C(=O)NC[C@]2(F)C[C@@H](NC(=O)C=Cc3cncc(F)c3)C2)c1C,
61096,Cc1ccc(C(=O)N[C@]2(C)C[C@@H](NC(=O)c3ccc(Br)cn3)C2)c(O)c1,"5-bromo-N-((1r,3r)-3-(2-hydroxy-4-methylbenzamido)-3-methylcyclobutyl)pyridine-2-carboxamide",,Cc1ccc(C(=O)N[C@]2(C)C[C@@H](NC(=O)c3ccc(Br)cn3)C2)c(O)c1,
61124,CN(C)c1cccc(C(=O)N2C[C@H]3[C@H](NC(=O)[C@]45CCCCN4CCC5)[C@H]3C2)c1,,,CN(C)c1cccc(C(=O)N2C[C@@H]3[C@H](C2)[C@H]3NC(=O)[C@]23CCCCN2CCC3)c1,
61138,COc1c(C(=O)N2CC[C@H](NC(=O)[C@H]3[C@@H](C)[C@H]3C)CC(C)(C)C2)ccnc1Cl,,,COc1c(C(=O)N2CC[C@H](NC(=O)C3[C@@H](C)[C@H]3C)CC(C)(C)C2)ccnc1Cl,
61142,c1ccc([C@@H](CNC[C@@H]2[C@H]3CCCC[C@H]32)c2nc[nH]n2)cc1,,,c1ccc(C(CNC[C@H]2[C@@H]3CCCC[C@@H]32)c2nc[nH]n2)cc1,
61154,Cc1coc(C(=O)N2CCC3(CCC3)[C@@H](CNC(=O)[C@@H]3C[C@@H]4C[C@@H]4C3)C2)c1C,,,Cc1coc(C(=O)N2CCC3(CCC3)[C@@H](CNC(=O)C3C[C@@H]4C[C@@H]4C3)C2)c1C,
61239,CCn1nc(C)c(C(=O)N[C@H]2[C@@H]3CN(C(=O)c4cccc(C(C)(C)C)c4)C[C@@H]32)n1,,,CCn1nc(C)c(C(=O)N[C@H]2[C@@H]3CN(C(=O)c4cccc(C(C)(C)C)c4)C[C@@H]32)n1,
61286,COc1nc(C)cc(=NC[C@]2(F)C[C@@H](NC(=O)[C@@H](CC3CCC3)NC(C)=O)C2)[nH]1,"(2R)-2-acetamido-3-cyclobutyl-N-((1s,3S)-3-fluoro-3-(((2-methoxy-6-methyl-3H-pyrimidin-4-ylidene)amino)methyl)cyclobutyl)propanamide",,COc1nc(C)cc(NC[C@]2(F)C[C@@H](NC(=O)C(CC3CCC3)NC(C)=O)C2)n1,
61354,Cc1nn(C)c(C)c1C(=O)NC[C@@H]1[C@H](C2CC2)CCN1C(=O)[C@H]1C[C@@](C)(O)C1,"N-(((2S,3S)-3-cyclopropyl-1-(((1s,3R)-3-hydroxy-3-methylcyclobutyl)carbonyl)pyrrolidin-2-yl)methyl)-1,3,5-trimethyl-1H-pyrazole-4-carboxamide",,Cc1nn(C)c(C)c1C(=O)NC[C@@H]1[C@H](C2CC2)CCN1C(=O)C1CC(C)(O)C1,
61368,CC1=NO[C@H](CC(=O)NC[C@H]2C[C@@](F)(CNC(=O)Cc3csc(C)c3)C2)C1,"N-(((1S,3r)-1-fluoro-3-((2-((5S)-3-methyl-4,5-dihydro-1,2-oxazol-5-yl)acetamido)methyl)cyclobutyl)methyl)-2-(5-methylthiophen-3-yl)acetamide",,CC1=NO[C@H](CC(=O)NC[C@H]2C[C@@](F)(CNC(=O)Cc3csc(C)c3)C2)C1,
61385,CC=CC=CC(=O)N[C@H]1C[C@](F)(CNC(=O)/C=C/c2cc(F)c(O)c(F)c2)C1,"N-((1s,3s)-3-(((2E)-3-(3,5-difluoro-4-hydroxyphenyl)prop-2-enamido)methyl)-3-fluorocyclobutyl)hexa-2,4-dienamide",,CC=CC=CC(=O)N[C@H]1C[C@](F)(CNC(=O)C=Cc2cc(F)c(O)c(F)c2)C1,
61484,CCCCOCC(=O)N1C[C@H]2[C@H](NC(=O)CCc3nc4cc(Cl)ccc4s3)[C@H]2C1,,,CCCCOCC(=O)N1C[C@@H]2[C@H](C1)[C@H]2NC(=O)CCc1nc2cc(Cl)ccc2s1,
61596,CCc1noc(CCC(=O)N2CC(N(C)C(=O)[C@@H]3[C@H]4CCC[C@H]43)C2)n1,,,CCc1noc(CCC(=O)N2CC(N(C)C(=O)C3[C@H]4CCC[C@@H]34)C2)n1,
61612,CCn1nc(C)c(CC(=O)N[C@@H](C)CCCCNC(=O)[C@H]2C[C@@H]3CC[C@@H]3C2)c1C,,,CCn1nc(C)c(CC(=O)N[C@@H](C)CCCCNC(=O)C2C[C@H]3CC[C@H]3C2)c1C,
61880,COCc1cc(C(=O)NCCOC2CCN(C(=O)[C@@H]3C[C@@H]4C[C@@H]4C3)CC2)on1,,,COCc1cc(C(=O)NCCOC2CCN(C(=O)C3C[C@@H]4C[C@@H]4C3)CC2)on1,
61887,CCSCCC(=O)N[C@H]1C[C@](C)(NC(=O)Cc2cc(Cl)cc(Cl)c2)C1,"N-((1r,3r)-3-(2-(3,5-dichlorophenyl)acetamido)-3-methylcyclobutyl)-3-(ethylsulfanyl)propanamide",,CCSCCC(=O)N[C@H]1C[C@](C)(NC(=O)Cc2cc(Cl)cc(Cl)c2)C1,
62084,Cc1sncc1C(=O)NC[C@H]1C[C@](F)(CNC(=O)[C@@H](O)C2CCCCC2)C1,"N-(((1R,3s)-3-(((2S)-2-cyclohexyl-2-hydroxyacetamido)methyl)-3-fluorocyclobutyl)methyl)-5-methyl-1,2-thiazole-4-carboxamide",,Cc1sncc1C(=O)NC[C@H]1C[C@](F)(CNC(=O)C(O)C2CCCCC2)C1,
62086,CSc1cc(C(=O)N2[C@H]3CC[C@@H]2C[C@H](NC(=O)c2ncnn2C)C3)ccc1F,,,CSc1cc(C(=O)N2[C@@H]3CC[C@H]2C[C@@H](NC(=O)c2ncnn2C)C3)ccc1F,
62134,Cc1cnc(C(=O)N2[C@H]3CC[C@@H]2C[C@@H](CNC(=O)CC[C@H]2CC2(C)C)C3)nc1,,,Cc1cnc(C(=O)N2[C@@H]3CC[C@H]2C[C@H](CNC(=O)CC[C@H]2CC2(C)C)C3)nc1,
62235,Cc1cc2c(C(=O)N[C@@H]3[C@@H](C)CN(C(=O)c4cscc4Cl)C[C@H]3C)cccc2o1,,,Cc1cc2c(C(=O)N[C@H]3[C@H](C)CN(C(=O)c4cscc4Cl)C[C@@H]3C)cccc2o1,
62301,C#C[C@@H]1CN(C(=O)C[C@@H]2C[C@H]3C[C@H]3C2)CCN1C(=O)c1cc(C)cc2ccoc12,,,C#C[C@@H]1CN(C(=O)C[C@H]2C[C@@H]3C[C@@H]3C2)CCN1C(=O)c1cc(C)cc2ccoc12,
62305,CCOC(=O)CCCC(=O)N[C@@H]1C[C@@H]2CC[C@@]1(NC(=O)[C@H]1C[C@@H]3CC[C@@H]3C1)C2,,,CCOC(=O)CCCC(=O)N[C@@H]1C[C@@H]2CC[C@@]1(NC(=O)C1C[C@H]3CC[C@H]3C1)C2,
62312,COC(=O)[C@H]1C[N@@]1Cc1ccccc1-c1ccccc1,"methyl (1R,2R)-1-((2-phenylphenyl)methyl)aziridine-2-carboxylate",C1(=CC=CC=C1)C1=C(C=CC=C1)C[N@]1[C@H](C1)C(=O)OC,COC(=O)C1C[N@@]1Cc1ccccc1-c1ccccc1,COC(=O)C1C[N@]1Cc1ccccc1-c1ccccc1
62337,CN(CC1(CNC(=O)[C@]2(C)C[C@@H]3C[C@@H]3C2)CC1)C(=O)CCc1nccs1,,,CN(CC1(CNC(=O)[C@@]2(C)C[C@H]3C[C@H]3C2)CC1)C(=O)CCc1nccs1,
62344,CNC(=S)NCCC(=O)N[C@@H]1[C@@H]2CN(C(=O)c3n[nH]cc3[N+](=O)[O-])C[C@@H]21,,,CNC(=S)NCCC(=O)N[C@@H]1[C@@H]2CN(C(=O)c3[nH]ncc3[N+](=O)[O-])C[C@@H]21,
62347,CO[C@H]1C[C@@H](C(=O)N2CC(F)(CNC(=O)c3ccc(C)c(CO)c3)C2)C[C@H]1OC,,,CO[C@H]1CC(C(=O)N2CC(F)(CNC(=O)c3ccc(C)c(CO)c3)C2)C[C@H]1OC,
62423,C[C@@H]1[C@H](C(=O)NCc2ccccc2CN(C)C(=O)[C@H]2CCCC(F)(F)C2)[C@@H]1C,,,C[C@@H]1C(C(=O)NCc2ccccc2CN(C)C(=O)C2CCCC(F)(F)C2)[C@@H]1C,
62452,CO[C@H](C)C(=O)N1C[C@H]2[C@H](CN(C)C(=O)CCc3cccc4ccccc34)[C@H]2C1,"N-(((1R,5S,6R)-3-((2R)-2-methoxypropanoyl)-3-azabicyclo[3.1.0]hexan-6-yl)methyl)-N-methyl-3-(naphthalen-1-yl)propanamide",,COC(C)C(=O)N1C[C@@H]2[C@@H](CN(C)C(=O)CCc3cccc4ccccc34)[C@@H]2C1,
62523,CCN(C(=O)CSCc1ncc[nH]1)[C@@H]1CCN(C(=O)[C@H]2C[C@H](OC)[C@H](OC)C2)C1,,,CCN(C(=O)CSCc1ncc[nH]1)[C@@H]1CCN(C(=O)C2C[C@H](OC)[C@H](OC)C2)C1,
62537,Cc1nc(O)cc(C(=O)N2C[C@H]3[C@@H](C2)[C@@H]3C(=O)N2CC(c3cc(O)no3)C2)n1,,,Cc1nc(=O)cc(C(=O)N2C[C@@H]3C(C(=O)N4CC(c5cc(=O)[nH]o5)C4)[C@@H]3C2)[nH]1,
62557,Cc1cc2[nH]c(C(=O)NC[C@@H]3CCN3C(=O)[C@]3(C(F)(F)F)C[C@@H]4C[C@@H]4C3)cc2s1,,,Cc1cc2[nH]c(C(=O)NC[C@@H]3CCN3C(=O)[C@@]3(C(F)(F)F)C[C@H]4C[C@H]4C3)cc2s1,
62628,C=CCn1cc(C(=O)N(C)[C@H]2[C@@H]3CN(C(=O)[C@H]4C[C@@H](C#N)C4)C[C@@H]32)nn1,,,C=CCn1cc(C(=O)N(C)[C@H]2[C@@H]3CN(C(=O)C4CC(C#N)C4)C[C@@H]32)nn1,
62714,CSCC1(CC(=O)N[C@H]2C[C@@](F)(CNC(=O)c3cnn(C(F)F)c3)C2)CC1,"N-((1r,3r)-3-((1-(difluoromethyl)-1H-pyrazole-4-carboxamido)methyl)-3-fluorocyclobutyl)-2-(1-((methylsulfanyl)methyl)cyclopropyl)acetamide",,CSCC1(CC(=O)N[C@H]2C[C@@](F)(CNC(=O)c3cnn(C(F)F)c3)C2)CC1,
62821,C[C@H]1C[C@H]1CC(=O)N1[C@H]2CC[C@@H]1C[C@H](NC(=O)CC1(CO)CCC1)C2,"2-(1-(hydroxymethyl)cyclobutyl)-N-((1R,3S,5S)-8-(2-((1S,2S)-2-methylcyclopropyl)acetyl)-8-azabicyclo[3.2.1]octan-3-yl)acetamide",,C[C@H]1C[C@H]1CC(=O)N1[C@@H]2CC[C@H]1C[C@@H](NC(=O)CC1(CO)CCC1)C2,
62825,Cc1sccc1C(=O)N[C@H]1C[C@](F)(CNC(=O)Cc2nn(C)c3ccccc23)C1,"N-((1s,3s)-3-fluoro-3-((2-(1-methyl-1H-indazol-3-yl)acetamido)methyl)cyclobutyl)-2-methylthiophene-3-carboxamide",,Cc1sccc1C(=O)N[C@H]1C[C@](F)(CNC(=O)Cc2nn(C)c3ccccc23)C1,
62830,Cc1sc(Br)nc1CC(=O)N1C[C@H]2[C@H](NC(=O)[C@@H](F)CC(C)C)[C@H]2C1,,,Cc1sc(Br)nc1CC(=O)N1C[C@@H]2[C@H](C1)[C@H]2NC(=O)C(F)CC(C)C,
62857,CCC[C@H](O)C(=O)N1C[C@H]2[C@H](CNC(=O)C(C)(C)n3cc(Br)cn3)[C@H]2C1,"2-(4-bromo-1H-pyrazol-1-yl)-N-(((1R,5S,6S)-3-((2S)-2-hydroxypentanoyl)-3-azabicyclo[3.1.0]hexan-6-yl)methyl)-2-methylpropanamide",,CCCC(O)C(=O)N1C[C@@H]2[C@@H](CNC(=O)C(C)(C)n3cc(Br)cn3)[C@@H]2C1,
62864,Cc1cnc(C(=O)N[C@@H]2C[C@@H]3C[C@H](NC(=O)C(C)(C)C4CC4)C[C@@H]3C2)c(F)c1,,,Cc1cnc(C(=O)N[C@@H]2C[C@@H]3C[C@H](NC(=O)C(C)(C)C4CC4)C[C@@H]3C2)c(F)c1,
62934,CCCCn1cc(C(=O)N[C@H]2C[C@@H]3CC[C@H](C2)N3C(=O)CCc2ccsc2)nn1,,,CCCCn1cc(C(=O)N[C@@H]2C[C@H]3CC[C@@H](C2)N3C(=O)CCc2ccsc2)nn1,
62938,Cc1cc(CC(=O)NC[C@H]2[C@@H]3CN(C(=O)Cc4c(C)n[nH]c4C)C[C@H]23)no1,,,Cc1cc(CC(=O)NC[C@@H]2[C@H]3CN(C(=O)Cc4c(C)n[nH]c4C)C[C@@H]23)no1,
63050,O=C(CCCCc1cnn[nH]1)N[C@H]1C[C@@H]2CN(C(=O)[C@@H]3CC3(Cl)Cl)C[C@@H]2C1,"N-((1R,5S,7R)-3-(((1S)-2,2-dichlorocyclopropyl)carbonyl)-3-azabicyclo[3.3.0]octan-7-yl)-5-(1H-1,2,3-triazol-5-yl)pentanamide",,O=C(CCCCc1c[nH]nn1)N[C@H]1C[C@@H]2CN(C(=O)C3CC3(Cl)Cl)C[C@@H]2C1,
63053,CO[C@H](F)C(=O)N1CCN(C(=O)[C@H]2C[C@@](F)(CO)C2)[C@H](c2ccccc2Cl)C1,"(2R)-1-((3R)-3-(2-chlorophenyl)-4-(((1r,3R)-3-fluoro-3-(hydroxymethyl)cyclobutyl)carbonyl)piperazin-1-yl)-2-fluoro-2-methoxyethan-1-one",,COC(F)C(=O)N1CCN(C(=O)C2CC(F)(CO)C2)[C@H](c2ccccc2Cl)C1,
63058,CCOc1ccc(C(=O)N[C@H]2[C@@H]3CN(C(=O)c4cncc(Br)c4)C[C@@H]32)nn1,,,CCOc1ccc(C(=O)N[C@H]2[C@@H]3CN(C(=O)c4cncc(Br)c4)C[C@@H]32)nn1,
63092,Cc1cc(C(=O)N2CC[C@@H]3CC[C@]32CNC(=O)[C@H]2C[C@@](C)(O)C2)c(F)cc1Cl,"(1s,3S)-N-(((1R,5S)-2-((4-chloro-2-fluoro-5-methylphenyl)carbonyl)-2-azabicyclo[3.2.0]heptan-1-yl)methyl)-3-hydroxy-3-methylcyclobutanecarboxamide",,Cc1cc(C(=O)N2CC[C@@H]3CC[C@]32CNC(=O)C2CC(C)(O)C2)c(F)cc1Cl,
63120,C=Cc1ccc(C(=O)N[C@@H](CN=[N+]=[N-])C(=O)N2[C@H]3CC[C@@H]2C[C@@H](F)C3)cc1,"N-((2S)-1-azido-3-((1R,3R,5S)-3-fluoro-8-azabicyclo[3.2.1]octan-8-yl)-3-oxopropan-2-yl)-4-ethenylbenzamide",,C=Cc1ccc(C(=O)NC(CN=[N+]=[N-])C(=O)N2[C@@H]3CC[C@H]2C[C@H](F)C3)cc1,
63155,C[C@H]1C(C(=O)N2[C@H]3CC[C@@H]2C[C@](O)(CNC(=O)c2cc4cccnc4[nH]2)C3)[C@@H]1C,"N-(((1R,3S,5S)-8-(((2R,3R)-2,3-dimethylcyclopropyl)carbonyl)-3-hydroxy-8-azabicyclo[3.2.1]octan-3-yl)methyl)-1H-pyrrolo[2,3-b]pyridine-2-carboxamide",,C[C@H]1C(C(=O)N2[C@@H]3CC[C@H]2C[C@@](O)(CNC(=O)c2cc4cccnc4[nH]2)C3)[C@@H]1C,
63289,Cc1cc(Cl)cc2cc(C(=O)N3C[C@H]4C(CNC(=O)[C@@H]5[C@H]6COC[C@H]65)[C@@H]4C3)[nH]c12,,,Cc1cc(Cl)cc2cc(C(=O)N3C[C@H]4C(CNC(=O)C5[C@H]6COC[C@@H]56)[C@@H]4C3)[nH]c12,
63338,Cc1cc(C)c(C(=O)N2CC=C[C@@H](NC(=O)[C@H]3C[C@@H]4CC[C@@H]4C3)C2)c(N)c1,,,Cc1cc(C)c(C(=O)N2CC=C[C@@H](NC(=O)C3C[C@H]4CC[C@H]4C3)C2)c(N)c1,
63417,CC(C)[C@](C)(O)C(=O)NCCn1cnc(C(=O)N[C@@H]2[C@H]3CCCCC[C@H]32)c1,,,CC(C)[C@](C)(O)C(=O)NCCn1cnc(C(=O)N[C@H]2[C@@H]3CCCCC[C@@H]32)c1,
63496,CCC[C@@H](O)C(=O)NC[C@@H](O)CNC(=O)[C@H]1C[C@@H]2C[C@H](C1)CC(F)(F)C2,,,CCCC(O)C(=O)NC[C@@H](O)CNC(=O)C1C[C@@H]2C[C@H](C1)CC(F)(F)C2,
63589,CCOC[C@H](C)C(=O)N[C@@H]1C[C@@H]2CC[C@H](C1)N2C(=O)c1n[nH]cc1C1CC1,,,CCOCC(C)C(=O)N[C@H]1C[C@H]2CC[C@@H](C1)N2C(=O)c1[nH]ncc1C1CC1,
63602,CC1=CC[C@](C)(C(=O)NC[C@H]2[C@@H]3CN(C(=O)c4coc(C5CC5)n4)C[C@H]23)CC1,,,CC1=CC[C@](C)(C(=O)NC[C@@H]2[C@H]3CN(C(=O)c4coc(C5CC5)n4)C[C@@H]23)CC1,
63642,CSCC(=O)N[C@H]1C[C@@](C)(NC(=O)CSc2nc(C)cc(C)n2)C1,"N-((1s,3s)-3-(2-((4,6-dimethylpyrimidin-2-yl)sulfanyl)acetamido)-3-methylcyclobutyl)-2-(methylsulfanyl)acetamide",,CSCC(=O)N[C@H]1C[C@@](C)(NC(=O)CSc2nc(C)cc(C)n2)C1,
63685,C[C@H]1C[C@@H](C)CCN(C(=O)[C@@H](CNC(=O)[C@@H]2C[C@@H]3CC[C@@H]3C2)CC2CCCC2)C1,,,C[C@H]1CCN(C(=O)C(CNC(=O)C2C[C@H]3CC[C@H]3C2)CC2CCCC2)C[C@@H](C)C1,
63763,CCn1nc(C(=O)N2[C@H]3CC[C@@H]2C[C@@H](NC(=O)CNc2nccs2)C3)cc1C,,,CCn1nc(C(=O)N2[C@@H]3CC[C@H]2C[C@H](NC(=O)CNc2nccs2)C3)cc1C,
63772,Cc1csc(C(=O)N[C@H]2C[C@@H]3CN(C(=O)CCCc4csc(=N)[nH]4)C[C@@H]3C2)c1,,,Cc1csc(C(=O)N[C@H]2C[C@@H]3CN(C(=O)CCCc4csc(N)n4)C[C@@H]3C2)c1,
63804,Cc1ccncc1C=CC(=O)N[C@]1(C)C[C@H](NC(=O)[C@@H]2CN3CCN2[C@H](C)C3)C1,"N-((1R,3s)-1-methyl-3-((2S,6R)-6-methyl-1,4-diazabicyclo[2.2.2]octane-2-carboxamido)cyclobutyl)-3-(4-methylpyridin-3-yl)prop-2-enamide",,Cc1ccncc1C=CC(=O)N[C@]1(C)C[C@H](NC(=O)C2CN3CCN2[C@H](C)C3)C1,
63814,Cn1cc(C=CC(=O)NC[C@H]2[C@@H]3CN(C(=O)[C@@H]4C[C@@H]5CSC[C@@H](C5)C4)C[C@H]23)cn1,,,Cn1cc(C=CC(=O)NC[C@@H]2[C@H]3CN(C(=O)C4C[C@H]5CSC[C@@H](C4)C5)C[C@@H]23)cn1,
63891,CCCc1n[nH]cc1C(=O)N1CC[C@@H](C2(NC(=O)[C@@H]3[C@H]4COC[C@H]43)CC2)C1,,,CCCc1[nH]ncc1C(=O)N1CC[C@@H](C2(NC(=O)C3[C@H]4COC[C@@H]34)CC2)C1,
63956,C[C@]1(NC(=O)Cc2cc[nH]n2)C[C@@H](C(=O)NC2CCC(C3CC3)CC2)C1,"N-((1s,3s)-3-((4-cyclopropylcyclohexyl)carbamoyl)-1-methylcyclobutyl)-2-(1H-pyrazol-3-yl)acetamide",,CC1(NC(=O)Cc2cc[nH]n2)CC(C(=O)NC2CCC(C3CC3)CC2)C1,
63959,CC=CC(=O)N[C@H]1[C@@H]2CN(C(=O)c3cc(OC)cnn3)C[C@@H]21,,,CC=CC(=O)N[C@H]1[C@@H]2CN(C(=O)c3cc(OC)cnn3)C[C@@H]21,
63993,Cc1nc(O)cc(C(=O)N2C[C@H]3[C@H](CNC(=O)[C@@H]4CC(=O)N[C@H](C)C4)[C@H]3C2)n1,,,Cc1nc(=O)cc(C(=O)N2C[C@@H]3[C@@H](CNC(=O)C4CC(=O)N[C@H](C)C4)[C@@H]3C2)[nH]1,
63997,CC[C@H]1CC[C@@](NC(=O)OC(C)(C)C)(c2nc(-c3cnn(CCO)c3)no2)CC1,"tert-butyl ((1r,4r)-4-ethyl-1-(3-(1-(2-hydroxyethyl)-1H-pyrazol-4-yl)-1,2,4-oxadiazol-5-yl)cyclohexyl)carbamate",,CC[C@H]1CC[C@@](NC(=O)OC(C)(C)C)(c2nc(-c3cnn(CCO)c3)no2)CC1,
64033,CN(C(=O)c1ccccc1F)[C@H]1[C@@H]2CN(C(=O)c3c(N)c(F)cc(F)c3F)C[C@@H]21,,,CN(C(=O)c1ccccc1F)[C@H]1[C@@H]2CN(C(=O)c3c(N)c(F)cc(F)c3F)C[C@@H]21,
64057,C[C@@H](COCC1CC1)NC(=NCC1CCC1)NC[C@H]1C[C@@H]2CC[C@@H]2C1,,,C[C@@H](COCC1CC1)N=C(NCC1CCC1)NC[C@@H]1C[C@H]2CC[C@H]2C1,
64180,O=C(Nc1ccnc(-c2ccoc2)n1)N1[C@H]2CC[C@@H]1C[C@@](O)(c1cncnc1)C2,,,O=C(Nc1ccnc(-c2ccoc2)n1)N1[C@@H]2CC[C@H]1C[C@](O)(c1cncnc1)C2,
64217,CCC[C@H](NC(C)=O)C(=O)N1C[C@H]2[C@@H](C1)[C@@H]2C(=O)NCCC12CCCN1CCC2,"N-((2S)-1-((1R,5S,6S)-6-((2-(2,3,5,6,7,7a-hexahydro-1H-pyrrolizin-7a-yl)ethyl)carbamoyl)-3-azabicyclo[3.1.0]hexan-3-yl)-1-oxopentan-2-yl)acetamide",,CCCC(NC(C)=O)C(=O)N1C[C@@H]2C(C(=O)NCCC34CCCN3CCC4)[C@@H]2C1,
64249,O=C(NCCC(=O)N1[C@H]2CC[C@@H]1C[C@@H](NC(=O)[C@@H]1CCS(=O)(=O)N1)C2)C1CCC1,,,O=C(NCCC(=O)N1[C@@H]2CC[C@H]1C[C@H](NC(=O)C1CCS(=O)(=O)N1)C2)C1CCC1,
64256,C[C@@H]1C[C@H](C(=O)NC[C@H]2C[C@@](F)(CNC(=O)CC3CC=CC3)C2)CCN1C,"(2R,4R)-N-(((1r,3R)-3-((2-(cyclopent-3-en-1-yl)acetamido)methyl)-3-fluorocyclobutyl)methyl)-1,2-dimethylpiperidine-4-carboxamide",,C[C@@H]1CC(C(=O)NC[C@H]2C[C@@](F)(CNC(=O)CC3CC=CC3)C2)CCN1C,
64271,N#Cc1cc(N2[C@H]3CCC[C@@H]2C[C@@H](NS(=O)(=O)c2cccnc2)C3)ncn1,,,N#Cc1cc(N2[C@@H]3CCC[C@H]2C[C@H](NS(=O)(=O)c2cccnc2)C3)ncn1,
64281,Cc1snnc1C(=O)N1C[C@H]2C[C@H](NC(=O)c3cc(Cl)cc(F)c3F)C[C@H]2C1,,,Cc1snnc1C(=O)N1C[C@H]2C[C@H](NC(=O)c3cc(Cl)cc(F)c3F)C[C@H]2C1,
64324,COC1(CO)CN(C(=O)[C@H]2C[C@@](C)(NC(=O)c3cc(C)c(C)o3)C2)C1,"N-((1s,3s)-3-((3-(hydroxymethyl)-3-methoxyazetidin-1-yl)carbonyl)-1-methylcyclobutyl)-4,5-dimethylfuran-2-carboxamide",,COC1(CO)CN(C(=O)C2CC(C)(NC(=O)c3cc(C)c(C)o3)C2)C1,
64551,Cc1ncc(C(=O)NCC2(CNC(=O)[C@@H]3C[C@@H]4CC[C@@H]4C3)CC2)o1,,,Cc1ncc(C(=O)NCC2(CNC(=O)C3C[C@H]4CC[C@H]4C3)CC2)o1,
64571,COc1cc(Cl)ccc1CN1C[C@H]2[C@H](NC(=O)c3ccsc3C)[C@H]2C1,,,COc1cc(Cl)ccc1CN1C[C@@H]2[C@H](C1)[C@H]2NC(=O)c1ccsc1C,
64579,CC(C)(CS(C)(=O)=O)C(=O)NCC1(C(N)=O)CN(C(=O)[C@@H]2C[C@@H]3C[C@@H]3C2)C1,,,CC(C)(CS(C)(=O)=O)C(=O)NCC1(C(N)=O)CN(C(=O)C2C[C@@H]3C[C@@H]3C2)C1,
64613,COCC1(C(=O)NC[C@H]2C[C@](F)(CNC(=O)Cn3nnc(C)n3)C2)CCC1,"N-(((1s,3s)-3-fluoro-3-((2-(5-methyl-2H-tetrazol-2-yl)acetamido)methyl)cyclobutyl)methyl)-1-(methoxymethyl)cyclobutanecarboxamide",,COCC1(C(=O)NC[C@H]2C[C@](F)(CNC(=O)Cn3nnc(C)n3)C2)CCC1,
64732,C=CCOCCNC(=O)c1ccc(CNC(=O)C[C@@H]2C[C@H]3C[C@H]3C2)cn1,,,C=CCOCCNC(=O)c1ccc(CNC(=O)C[C@H]2C[C@@H]3C[C@@H]3C2)cn1,
64743,CC(C)(CNC(=O)c1c(N)cccc1Cl)NC(=O)[C@@H]1[C@@H]2C[C@H]2[C@H]2C[C@H]21,"(1S,2R,4R,5R,6R)-N-(1-(2-amino-6-chlorobenzamido)-2-methylpropan-2-yl)tricyclo[4.1.0.0^{2,4}]heptane-5-carboxamide",,CC(C)(CNC(=O)c1c(N)cccc1Cl)NC(=O)C1[C@@H]2C[C@@H]2[C@@H]2C[C@@H]12,
64744,Cc1ncc(CC(=O)NC[C@]23C[C@@H]2CN(C(=O)[C@H]2C[C@@H]4CC[C@H](C2)[C@@H]4O)C3)[nH]1,,,Cc1nc(CC(=O)NC[C@]23C[C@@H]2CN(C(=O)C2C[C@H]4CC[C@@H](C2)[C@H]4O)C3)c[nH]1,
64821,CCS[C@H](C)C(=O)N1CCC(CC(=O)NC[C@@]2(C)C[C@@H]3C[C@@H]3C2)CC1,,,CCSC(C)C(=O)N1CCC(CC(=O)NC[C@]2(C)C[C@H]3C[C@H]3C2)CC1,
64845,O=C(Nc1ccc(Cl)cc1)[C@H]1[C@H]2CN(Cc3c(F)ccc(F)c3Cl)C[C@H]21,,,O=C(Nc1ccc(Cl)cc1)C1[C@H]2CN(Cc3c(F)ccc(F)c3Cl)C[C@@H]12,
64851,COCC(COC)CC(=O)N[C@H]1COCCN(C(=O)[C@@H]2[C@H]3CN(C)C[C@H]32)C1,,,COCC(COC)CC(=O)N[C@H]1COCCN(C(=O)C2[C@H]3CN(C)C[C@@H]23)C1,
64901,Cc1nc2c(o1)CCC[C@H]2CC(=O)N1C[C@H]2[C@H](NC(=O)C=Cc3ccc[nH]3)[C@H]2C1,"N-((1R,5S,6R)-3-(2-((4S)-2-methyl-4,5,6,7-tetrahydro-1,3-benzoxazol-4-yl)acetyl)-3-azabicyclo[3.1.0]hexan-6-yl)-3-(1H-pyrrol-2-yl)prop-2-enamide",,Cc1nc2c(o1)CCC[C@H]2CC(=O)N1C[C@@H]2[C@H](C1)[C@H]2NC(=O)C=Cc1ccc[nH]1,
64908,COC(=O)[C@@H](C)C(=O)N1C[C@H]2[C@H](NC(=O)CCc3n[nH]c4c3CCCC4)[C@H]2C1,"methyl (2S)-2-(((1R,5S,6R)-6-(3-(4,5,6,7-tetrahydro-1H-indazol-3-yl)propanamido)-3-azabicyclo[3.1.0]hexan-3-yl)carbonyl)propanoate",,COC(=O)C(C)C(=O)N1C[C@@H]2[C@H](C1)[C@H]2NC(=O)CCc1[nH]nc2c1CCCC2,
64920,Cc1ccccc1NC(=O)[C@H]([C@@H]1C[C@@]12CCOC2)N1C[C@H](C)[S@@](=O)[C@H](C)C1,"(2S)-2-((1S,2R,6S)-2,6-dimethyl-1-oxo-1lambda^4-thiomorpholin-4-yl)-N-(2-methylphenyl)-2-((1R,3R)-5-oxaspiro[2.4]heptan-1-yl)acetamide",,Cc1ccccc1NC(=O)C([C@@H]1C[C@@]12CCOC2)N1C[C@@H](C)[S@+]([O-])[C@@H](C)C1,
64932,C=C[C@](C)(O)CC(=O)NC[C@]1(F)C[C@H](CNC(=O)[C@@H](CCC)OC)C1,"(3R)-N-(((1R,3R)-1-fluoro-3-(((2R)-2-methoxypentanamido)methyl)cyclobutyl)methyl)-3-hydroxy-3-methylpent-4-enamide",,C=C[C@](C)(O)CC(=O)NC[C@]1(F)C[C@H](CNC(=O)C(CCC)OC)C1,
64945,C=CCOCC(=O)NCc1ccc(CCNC(=O)[C@@H]2[C@@H]3C[C@H]3[C@H]3C[C@H]32)cc1,"2-((prop-2-en-1-yl)oxy)-N-((4-(2-((1S,2R,4R,5R,6R)-tricyclo[4.1.0.0^{2,4}]heptane-5-carboxamido)ethyl)phenyl)methyl)acetamide",,C=CCOCC(=O)NCc1ccc(CCNC(=O)C2[C@@H]3C[C@@H]3[C@@H]3C[C@@H]23)cc1,
65074,C#CCCC(=O)NC[C@H]1[C@@H]2CN(C(=O)c3cc4cc(Cl)ncc4[nH]3)C[C@H]12,,,C#CCCC(=O)NC[C@@H]1[C@H]2CN(C(=O)c3cc4cc(Cl)ncc4[nH]3)C[C@@H]12,
65083,CCO[C@@H](C)C(=O)N1CCC([C@]2(O)C[C@@H](NC(=O)c3ccc(O)nn3)C2)CC1,"N-((1R,3s)-3-(1-((2S)-2-ethoxypropanoyl)piperidin-4-yl)-3-hydroxycyclobutyl)-6-hydroxypyridazine-3-carboxamide",,CCOC(C)C(=O)N1CCC([C@]2(O)C[C@@H](NC(=O)c3ccc(=O)[nH]n3)C2)CC1,
65192,Cc1ccoc1C(=O)NC[C@@]1(C2CC2)CCN(C(=O)[C@H]2C[C@@H]3OC(=O)O[C@@H]3C2)C1,,,Cc1ccoc1C(=O)NC[C@@]1(C2CC2)CCN(C(=O)C2C[C@@H]3OC(=O)O[C@@H]3C2)C1,
65275,CCc1noc(C(=O)N[C@]2(C)C[C@@H](NC(=O)C[C@@H]3NC(=O)NC3=O)C2)c1C,"N-((1S,3r)-3-(2-((4S)-2,5-dioxoimidazolidin-4-yl)acetamido)-1-methylcyclobutyl)-3-ethyl-4-methyl-1,2-oxazole-5-carboxamide",,CCc1noc(C(=O)N[C@]2(C)C[C@@H](NC(=O)Cc3[nH]c(=O)[nH]c3O)C2)c1C,
65301,COC[C@@H](CC(=O)N(C)[C@H]1C[C@@H]2C[C@@H]2C1)NC(=O)CCC(N)=O,,,COC[C@@H](CC(=O)N(C)[C@@H]1C[C@H]2C[C@H]2C1)NC(=O)CCC(N)=O,
65385,C#CCOc1ccccc1CN(C)[C@H](C(=O)NCCC)[C@@H]1[C@H]2CCC[C@H]21,,,C#CCOc1ccccc1CN(C)C(C(=O)NCCC)[C@H]1[C@@H]2CCC[C@@H]21,
65411,O=C(Nc1cccnc1I)[C@H]1[C@H]2CN(C(=O)c3cccc4nscc34)C[C@H]21,,,O=C(Nc1cccnc1I)C1[C@H]2CN(C(=O)c3cccc4nscc34)C[C@@H]12,
65422,O=C(N[C@H]1C[C@H](CNC(=O)[C@@H]2[C@H]3CCCCC[C@H]32)C1)c1cocn1,,,O=C(N[C@H]1C[C@H](CNC(=O)C2[C@H]3CCCCC[C@@H]23)C1)c1cocn1,
65509,CN(C)[C@H](CNC(=O)[C@H]1C[C@H]2[C@@H](C1)C2(C)C)C(=O)NOCc1ccccc1,,,CN(C)C(CNC(=O)C1C[C@@H]2[C@H](C1)C2(C)C)C(=O)NOCc1ccccc1,
65629,C[C@H](NC(=O)[C@H]1C[C@H](F)CN1C(=O)[C@@H]1CNC(=O)O1)C12C[C@H]3C[C@@H](C1)C[C@@H](C2)C3,"(2R,4S)-N-((1S)-1-(adamantan-1-yl)ethyl)-4-fluoro-1-(((5S)-2-oxo-1,3-oxazolidin-5-yl)carbonyl)pyrrolidine-2-carboxamide",C12(CC3CC(CC(C1)C3)C2)[C@H](C)NC(=O)[C@@H]2N(C[C@H](C2)F)C(=O)[C@@H]2CNC(O2)=O,C[C@H](NC(=O)C1C[C@H](F)CN1C(=O)C1CNC(=O)O1)C12C[C@H]3C[C@@H](C1)C[C@@H](C2)C3,C[C@H](NC(=O)C1C[C@H](F)CN1C(=O)C1CNC(=O)O1)C12CC3CC(CC(C3)C1)C2
65703,Cc1c(C(=O)N[C@@H]2CCN(C(=O)[C@@H]3C[C@@H]4CSC[C@@H](C4)C3)C2)cnn1C,,,Cc1c(C(=O)N[C@@H]2CCN(C(=O)C3C[C@H]4CSC[C@@H](C3)C4)C2)cnn1C,
65759,Cc1ncoc1C(=O)N[C@]1(C)C[C@H](NC(=O)[C@H](C)c2ccn(C)c2)C1,"4-methyl-N-((1S,3s)-1-methyl-3-((2R)-2-(1-methyl-1H-pyrrol-3-yl)propanamido)cyclobutyl)-1,3-oxazole-5-carboxamide",,Cc1ncoc1C(=O)N[C@]1(C)C[C@H](NC(=O)C(C)c2ccn(C)c2)C1,
65839,C[C@]1(O)CC[C@H](C(=O)N[C@@H]2CN(C(=O)c3ccccc3Cl)C[C@H]2C2CC2)CC1,"(1r,4S)-N-((3S,4R)-1-((2-chlorophenyl)carbonyl)-4-cyclopropylpyrrolidin-3-yl)-4-hydroxy-4-methylcyclohexanecarboxamide",,CC1(O)CCC(C(=O)N[C@@H]2CN(C(=O)c3ccccc3Cl)C[C@H]2C2CC2)CC1,
65845,CCn1ncc(Cl)c1C(=O)N[C@H]1C[C@@H]2C[C@H](C1)CN(C(=O)CC1CC(C)(C)C1)C2,,,CCn1ncc(Cl)c1C(=O)N[C@@H]1C[C@H]2C[C@@H](C1)CN(C(=O)CC1CC(C)(C)C1)C2,
65962,Cc1cc(F)c(C(=O)NC[C@H]2[C@H](C)CCN2C(=O)[C@H]2C[C@@](C)(O)C2)cc1Br,"5-bromo-2-fluoro-N-(((2R,3R)-1-(((1s,3S)-3-hydroxy-3-methylcyclobutyl)carbonyl)-3-methylpyrrolidin-2-yl)methyl)-4-methylbenzamide",,Cc1cc(F)c(C(=O)NC[C@H]2[C@H](C)CCN2C(=O)C2CC(C)(O)C2)cc1Br,
66061,CCC(CC)(CO)C(=O)N[C@@H]1CCN(C(=O)[C@H]2C[C@H]3CCC[C@H](C3)C2)C[C@H](O)C1,,,CCC(CC)(CO)C(=O)N[C@@H]1CCN(C(=O)C2C[C@H]3CCC[C@@H](C2)C3)C[C@H](O)C1,
66062,CSC1(C(=O)N2C[C@H]3[C@H](N(C)C(=O)c4cc(C5CC5)on4)[C@H]3C2)CC1,,,CSC1(C(=O)N2C[C@@H]3[C@H](C2)[C@H]3N(C)C(=O)c2cc(C3CC3)on2)CC1,
66087,C=C=C(C)CC(=O)N[C@H]1C[C@@](C)(NC(=O)CCc2ccc(Br)cn2)C1,"N-((1s,3s)-3-(3-(5-bromopyridin-2-yl)propanamido)-3-methylcyclobutyl)-3-methylpenta-3,4-dienamide",,C=C=C(C)CC(=O)N[C@H]1C[C@@](C)(NC(=O)CCc2ccc(Br)cn2)C1,
66089,CCc1cc(C(=O)N[C@@H]2C[C@H]3[C@@H](C2)[C@@H]3NC(=O)CC(=O)OC)ccc1F,,,CCc1cc(C(=O)N[C@H]2C[C@@H]3[C@H](C2)[C@H]3NC(=O)CC(=O)OC)ccc1F,
66095,O=C(c1ccc(I)c(Cl)c1)N1C[C@H]2[C@H](NC(=O)C3(Br)CCC3)[C@H]2C1,,,O=C(c1ccc(I)c(Cl)c1)N1C[C@@H]2[C@H](C1)[C@H]2NC(=O)C1(Br)CCC1,
66105,O=C(NCC1(O)CN(C(=O)[C@H]2C[C@@H]3CC[C@@H]3C2)C1)c1cnc(O)o1,,,O=C(NCC1(O)CN(C(=O)C2C[C@H]3CC[C@H]3C2)C1)c1c[nH]c(=O)o1,
66122,CNC(=O)N[C@@H](C)C(=O)N1CCC[C@@H]1CCCNC(=O)[C@H]1C[C@@H]2C[C@@H]2C1,,,CNC(=O)NC(C)C(=O)N1CCC[C@@H]1CCCNC(=O)C1C[C@@H]2C[C@@H]2C1,
66125,CC(C)=CC(=O)N1[C@H]2CC[C@@H]1C[C@](O)(CNC(=O)Cn1cc(S(N)(=O)=O)cn1)C2,,,CC(C)=CC(=O)N1[C@@H]2CC[C@H]1C[C@@](O)(CNC(=O)Cn1cc(S(N)(=O)=O)cn1)C2,
66191,CN(CC(C)(C)CNC(=O)c1cc(C#N)n(C)n1)C(=O)[C@@]1(C)C[C@@H]2C[C@@H]2C1,,,CN(CC(C)(C)CNC(=O)c1cc(C#N)n(C)n1)C(=O)[C@]1(C)C[C@H]2C[C@H]2C1,
66196,Cc1ccc(O)cc1C(=O)N1C[C@@H]2[C@H](C1)[C@@H]2NCc1ccc(C#N)c(Cl)c1,,,Cc1ccc(O)cc1C(=O)N1C[C@@H]2[C@H](C1)[C@@H]2NCc1ccc(C#N)c(Cl)c1,
66202,CCOC(=O)CCC(=O)NC[C@]1(F)C[C@H](CNC(=O)c2ccc(NC(C)=O)s2)C1,"ethyl 3-((((1r,3r)-3-((5-acetamidothiophene-2-carboxamido)methyl)-1-fluorocyclobutyl)methyl)carbamoyl)propanoate",,CCOC(=O)CCC(=O)NC[C@]1(F)C[C@H](CNC(=O)c2ccc(NC(C)=O)s2)C1,
66227,C=C[C@](C)(O)C(=O)NC[C@H]1C[C@](F)(CNC(=O)C2=NN(CCO)C(=O)CC2)C1,"(2S)-N-(((1s,3R)-3-fluoro-3-((1-(2-hydroxyethyl)-6-oxo-1,4,5,6-tetrahydropyridazine-3-carboxamido)methyl)cyclobutyl)methyl)-2-hydroxy-2-methylbut-3-enamide",,C=C[C@](C)(O)C(=O)NC[C@H]1C[C@](F)(CNC(=O)C2=NN(CCO)C(=O)CC2)C1,
66243,O=C(NC[C@@H]1C[C@@H]2CC[C@H](C1)N2C(=O)[C@H]1CCCS1)[C@@H]1CC12CC2,"(1R)-N-(((1R,3R,5S)-8-(((2R)-thiolan-2-yl)carbonyl)-8-azabicyclo[3.2.1]octan-3-yl)methyl)spiro[2.2]pentane-1-carboxamide",,O=C(NC[C@H]1C[C@H]2CC[C@@H](C1)N2C(=O)C1CCCS1)C1CC12CC2,
66276,C[C@]1(C(=O)N[C@H]2C[C@@H](NC(=O)c3ncccc3C(F)F)C23CCC3)C[C@H](C#N)C1,"N-((1R,3S)-3-((1r,3S)-3-cyano-1-methylcyclobutanecarboxamido)spiro[3.3]heptan-1-yl)-3-(difluoromethyl)pyridine-2-carboxamide",,C[C@]1(C(=O)N[C@H]2C[C@@H](NC(=O)c3ncccc3C(F)F)C23CCC3)C[C@H](C#N)C1,
66329,O=C(NC[C@@H]1CCCN1C(=O)C[C@@H]1C[C@H]2C[C@H]2C1)c1ncncc1Cl,,,O=C(NC[C@@H]1CCCN1C(=O)C[C@H]1C[C@@H]2C[C@@H]2C1)c1ncncc1Cl,
66387,COc1cccc(NC(=O)[C@H]2C[C@@](C)(NC(=O)[C@@H]3CC4(CC4)CN3C)C2)c1O,"(6S)-N-((1s,3R)-3-((2-hydroxy-3-methoxyphenyl)carbamoyl)-1-methylcyclobutyl)-5-methyl-5-azaspiro[2.4]heptane-6-carboxamide",,COc1cccc(NC(=O)C2CC(C)(NC(=O)C3CC4(CC4)CN3C)C2)c1O,
66427,c1ccc2c(c1)CN(C[C@H]1C[C@@H]3C[C@@H]3C1)CC21CCCC1,,,c1ccc2c(c1)CN(C[C@H]1C[C@@H]3C[C@@H]3C1)CC21CCCC1,
66444,CC1(C)C[C@@H]1CCC(=O)N[C@H]1[C@@H]2CN(C(=O)CCOCC(F)(F)F)C[C@@H]21,,,CC1(C)C[C@@H]1CCC(=O)N[C@H]1[C@@H]2CN(C(=O)CCOCC(F)(F)F)C[C@@H]21,
66484,C[C@H]1C[C@@H](C(=O)N[C@H]2CN(C(=O)c3coc4c3[C@@H](O)CCC4)C[C@H]2C)C[C@@H](C)O1,,,C[C@@H]1CC(C(=O)N[C@H]2CN(C(=O)c3coc4c3[C@@H](O)CCC4)C[C@H]2C)C[C@H](C)O1,
66488,C[C@H](CC(=O)N[C@H]1C[C@](F)(CNC(=O)C23CC4C[C@H]2[C@H]3C4)C1)CC(C)(C)C,"(3S)-N-((1s,3R)-3-fluoro-3-(((2R,6S)-tricyclo[2.2.1.0^{2,6}]heptane-1-carboxamido)methyl)cyclobutyl)-3,5,5-trimethylhexanamide",,C[C@H](CC(=O)N[C@H]1C[C@](F)(CNC(=O)C23CC4C[C@@H]2[C@@H]3C4)C1)CC(C)(C)C,
66512,COC[C@](C)(O)C(=O)N1CCOC[C@H](NC(=O)[C@]2(c3ccccc3)C[C@H](O)C2)C1,"(1s,3S)-3-hydroxy-N-((6R)-4-((2S)-2-hydroxy-3-methoxy-2-methylpropanoyl)-1,4-oxazepan-6-yl)-1-phenylcyclobutanecarboxamide",,COC[C@](C)(O)C(=O)N1CCOC[C@H](NC(=O)[C@]2(c3ccccc3)C[C@H](O)C2)C1,
66523,C#Cc1ccc(C(=O)N[C@]2(C(=O)NC[C@H](C)N3CCCC3)C[C@H](O)C2)cn1,"6-ethynyl-N-((1s,3R)-3-hydroxy-1-(((2S)-2-(pyrrolidin-1-yl)propyl)carbamoyl)cyclobutyl)pyridine-3-carboxamide",,C#Cc1ccc(C(=O)N[C@]2(C(=O)NC[C@H](C)N3CCCC3)C[C@H](O)C2)cn1,
66544,O=C(N[C@H]1C[C@@](F)(CNC(=O)[C@@H]2CS(=O)(=O)CC23CC3)C1)[C@H](F)C(F)(F)F,"(2S)-N-((1R,3S)-3-(((7R)-5,5-dioxo-5lambda^6-thiaspiro[2.4]heptane-7-carboxamido)methyl)-3-fluorocyclobutyl)-2,3,3,3-tetrafluoropropanamide",,O=C(N[C@H]1C[C@@](F)(CNC(=O)C2CS(=O)(=O)CC23CC3)C1)C(F)C(F)(F)F,
66582,CC[C@@H](CNC(=O)c1cc(OC)ccn1)NC(=O)[C@H]1C[C@](O)(C(F)(F)F)C1,"N-((2S)-2-((1s,3R)-3-hydroxy-3-(trifluoromethyl)cyclobutanecarboxamido)butyl)-4-methoxypyridine-2-carboxamide",,CC[C@@H](CNC(=O)c1cc(OC)ccn1)NC(=O)C1CC(O)(C(F)(F)F)C1,
66764,CCc1ccc(C(=O)N[C@H](CNC(=O)[C@H]2C[C@H]3[C@@H](C2)C3(C)C)C2CCCCC2)[nH]1,,,CCc1ccc(C(=O)N[C@H](CNC(=O)C2C[C@@H]3[C@H](C2)C3(C)C)C2CCCCC2)[nH]1,
66810,CCCS(=O)(=O)CC(=O)NC[C@]12CCC[C@H]1N(C(=O)[C@H]1C[C@H]3[C@@H](C1)C3(C)C)CC2,,,CCCS(=O)(=O)CC(=O)NC[C@]12CCC[C@H]1N(C(=O)C1C[C@@H]3[C@H](C1)C3(C)C)CC2,
66962,Cc1cc(C(=O)N[C@H]2C[C@@H]3CN(c4ccc5nccnc5n4)C[C@@H]3C2)on1,,,Cc1cc(C(=O)N[C@H]2C[C@@H]3CN(c4ccc5nccnc5n4)C[C@@H]3C2)on1,
66973,CCc1ccc(C(=O)N[C@H]2C[C@]3(CCCCN3C(=O)c3ccc(SC)o3)C2)[nH]1,5-ethyl-N-(5-((5-(methylsulfanyl)furan-2-yl)carbonyl)-5-azaspiro[3.5]nonan-2-yl)-1H-pyrrole-2-carboxamide,C(C)C1=CC=C(N1)C(=O)NC1CC2(C1)N(CCCC2)C(=O)C=2OC(=CC2)SC,CCc1ccc(C(=O)N[C@H]2C[C@]3(CCCCN3C(=O)c3ccc(SC)o3)C2)[nH]1,CCc1ccc(C(=O)NC2CC3(CCCCN3C(=O)c3ccc(SC)o3)C2)[nH]1
66990,O=C(CCCCCl)N[C@@H]1[C@@H]2CN(C(=O)c3ccc4[nH]nc(I)c4c3)C[C@@H]21,,,O=C(CCCCCl)N[C@@H]1[C@@H]2CN(C(=O)c3ccc4[nH]nc(I)c4c3)C[C@@H]21,
67037,Cc1ncc(CCC(=O)N[C@H]2C[C@@](C)(NC(=O)[C@@H]3C[C@H]3F)C2)c(O)n1,"N-((1R,3s)-3-((1S,2R)-2-fluorocyclopropanecarboxamido)-3-methylcyclobutyl)-3-(4-hydroxy-2-methylpyrimidin-5-yl)propanamide",,Cc1nc(=O)c(CCC(=O)N[C@H]2C[C@@](C)(NC(=O)C3C[C@H]3F)C2)c[nH]1,
67055,CCC(C)(C)CCCC(=O)N1C[C@H]2[C@H](NC(=O)[C@@H](C)CN3CCCCC3)[C@H]2C1,,,CCC(C)(C)CCCC(=O)N1C[C@@H]2[C@H](C1)[C@H]2NC(=O)C(C)CN1CCCCC1,
67075,CC(C)c1ccc(OCC(=O)N[C@H]2C[C@](F)(CNC(=O)[C@]3(O)CC3(C)C)C2)cc1,"N-((1R,3s)-3-fluoro-3-(((1S)-1-hydroxy-2,2-dimethylcyclopropanecarboxamido)methyl)cyclobutyl)-2-((4-(propan-2-yl)phenyl)oxy)acetamide",,CC(C)c1ccc(OCC(=O)N[C@H]2C[C@](F)(CNC(=O)[C@]3(O)CC3(C)C)C2)cc1,
67094,CCn1cccc1C(=O)N1C[C@H]2[C@H](CNC(=O)c3cc4ccc(F)cc4o3)[C@H]2C1,,,CCn1cccc1C(=O)N1C[C@@H]2[C@@H](CNC(=O)c3cc4ccc(F)cc4o3)[C@@H]2C1,
67120,O=C(NC[C@@H]1C[C@@H]2CC[C@H](C1)N2C(=O)[C@]12COC[C@H]1C2)c1cc(F)c[nH]1,"4-fluoro-N-(((1R,3S,5S)-8-((1S,5S)-3-oxabicyclo[3.1.0]hexan-1-ylcarbonyl)-8-azabicyclo[3.2.1]octan-3-yl)methyl)-1H-pyrrole-2-carboxamide",,O=C(NC[C@H]1C[C@H]2CC[C@@H](C1)N2C(=O)[C@]12COC[C@H]1C2)c1cc(F)c[nH]1,
67121,CCN(C(=O)[C@@H]1[C@H]2CC[C@H]21)[C@@H]1CCN(C(=O)COCc2ccccc2)C1,,,CCN(C(=O)C1[C@H]2CC[C@@H]12)[C@@H]1CCN(C(=O)COCc2ccccc2)C1,
67125,Cc1cc(F)sc1C(=O)N[C@H]1[C@@H]2CN(C(=O)C[C@H](CN(C)C)C(F)F)C[C@@H]21,"N-((1R,5S,6S)-3-((3R)-3-((dimethylamino)methyl)-4,4-difluorobutanoyl)-3-azabicyclo[3.1.0]hexan-6-yl)-5-fluoro-3-methylthiophene-2-carboxamide",,Cc1cc(F)sc1C(=O)N[C@H]1[C@@H]2CN(C(=O)C[C@H](CN(C)C)C(F)F)C[C@@H]21,
67134,C[C@H]1CC(=O)N[C@@H](C(=O)N2C[C@H]3[C@H](CNC(=O)c4cnn5c4OCCC5)[C@H]3C2)C1,"N-(((1R,5S,6R)-3-(((2R,4R)-4-methyl-6-oxopiperidin-2-yl)carbonyl)-3-azabicyclo[3.1.0]hexan-6-yl)methyl)-2-oxa-6,7-diazabicyclo[4.3.0]nona-1(9),7-diene-9-carboxamide",,C[C@H]1CC(=O)NC(C(=O)N2C[C@@H]3[C@@H](CNC(=O)c4cnn5c4OCCC5)[C@@H]3C2)C1,
67169,Cc1ccc(C(=O)N2C[C@H]3[C@H](NC(=O)CNC(=O)CCC(C)C)[C@H]3C2)c(F)c1F,,,Cc1ccc(C(=O)N2C[C@@H]3[C@H](C2)[C@H]3NC(=O)CNC(=O)CCC(C)C)c(F)c1F,
67248,CCCC=C[C@H](O)C(=O)NCC1(CO)CCN(C(=O)[C@@H]2C[C@H](C)O[C@H](C)C2)CC1,,,CCC=CCC(O)C(=O)NCC1(CO)CCN(C(=O)C2C[C@@H](C)O[C@@H](C)C2)CC1,
67277,C[C@]1(NC(=O)c2ccn3cnnc3c2)C[C@H](NC(=O)c2cn3ccnc3s2)C1,"N-((1r,3r)-3-([1,2,4]triazolo[4,3-a]pyridine-7-carboxamido)-3-methylcyclobutyl)-2-thia-5,8-diazabicyclo[3.3.0]octa-1(8),3,6-triene-3-carboxamide",,C[C@]1(NC(=O)c2ccn3cnnc3c2)C[C@H](NC(=O)c2cn3ccnc3s2)C1,
67339,O=C(Cn1nccn1)N[C@H]1C[C@@H]2CC[C@H](C1)N2C(=O)C1(Cc2cnn[nH]2)CCC1,,,O=C(Cn1nccn1)N[C@@H]1C[C@H]2CC[C@@H](C1)N2C(=O)C1(Cc2c[nH]nn2)CCC1,
67350,CC[C@@H](CC(F)(F)F)C(=O)NC[C@@H]1C[C@@H]2CC[C@H](C1)N2C(=O)[C@H](C)CCO,"(2S)-2-ethyl-4,4,4-trifluoro-N-(((1R,3R,5S)-8-((2R)-4-hydroxy-2-methylbutanoyl)-8-azabicyclo[3.2.1]octan-3-yl)methyl)butanamide",,CCC(CC(F)(F)F)C(=O)NC[C@H]1C[C@H]2CC[C@@H](C1)N2C(=O)C(C)CCO,
67410,CC1(C)C(C)(C)C1(C)C(=O)N(CCCNC(=O)[C@H]1C[C@@H]2CC[C@H](C1)O2)C1CC1,,,CC1(C)C(C)(C)C1(C)C(=O)N(CCCNC(=O)C1C[C@H]2CC[C@@H](C1)O2)C1CC1,
67474,COc1ccc(C(=O)NCCCCNC(=O)[C@H]2C[C@H]3COC[C@H](C3)C2)nc1,,,COc1ccc(C(=O)NCCCCNC(=O)C2C[C@H]3COC[C@@H](C2)C3)nc1,
67498,COC(=O)[C@]1(C(=O)N[C@@H](C)CNC(=O)[C@H](CC(C)C)N(C)C)[C@H]2CC[C@H]21,,,COC(=O)[C@@]1(C(=O)N[C@@H](C)CNC(=O)C(CC(C)C)N(C)C)[C@@H]2CC[C@@H]21,
67545,CCC1(CC)CC(C(=O)N2C[C@H]3[C@@H](C2)[C@@H]3C(=O)N2CCc3ncccc32)C1,,,CCC1(CC)CC(C(=O)N2C[C@@H]3C(C(=O)N4CCc5ncccc54)[C@@H]3C2)C1,
67608,C#CCOCCC(=O)N[C@H]1[C@@H]2CN(C(=O)[C@H](C)c3ccn(C)n3)C[C@@H]21,"N-((1R,5S,6S)-3-((2R)-2-(1-methyl-1H-pyrazol-3-yl)propanoyl)-3-azabicyclo[3.1.0]hexan-6-yl)-3-((prop-2-yn-1-yl)oxy)propanamide",,C#CCOCCC(=O)N[C@H]1[C@@H]2CN(C(=O)C(C)c3ccn(C)n3)C[C@@H]21,
67733,C=CC[C@H](C(=O)N[C@H]1[C@@H]2CN(C(=O)C(C)(C)CF)C[C@@H]21)C(C)(C)C,,,C=CCC(C(=O)N[C@H]1[C@@H]2CN(C(=O)C(C)(C)CF)C[C@@H]21)C(C)(C)C,
67753,C#CCNC(=O)CC(=O)N1C[C@H]2[C@H](CN(C)C(=O)C34C[C@@H]5CC3C[C@H](C5)C4)[C@H]2C1,,,C#CCNC(=O)CC(=O)N1C[C@@H]2[C@@H](CN(C)C(=O)C34C[C@@H]5CC3C[C@H](C5)C4)[C@@H]2C1,
67886,CC(C)(C)CC(=O)NC[C@@H]1CO[C@@H](CNC(=O)[C@]23CC[C@H](CC2)C3(C)C)C1,"N-(((3R,5R)-5-((7,7-dimethylbicyclo[2.2.1]heptane-1-carboxamido)methyl)oxolan-3-yl)methyl)-3,3-dimethylbutanamide",CC1(C2(CCC1CC2)C(=O)NC[C@H]2C[C@@H](CO2)CNC(CC(C)(C)C)=O)C,CC(C)(C)CC(=O)NC[C@@H]1CO[C@@H](CNC(=O)[C@]23CC[C@H](CC2)C3(C)C)C1,CC(C)(C)CC(=O)NC[C@@H]1CO[C@@H](CNC(=O)C23CCC(CC2)C3(C)C)C1
67967,CC1=NO[C@@H](CC(=O)N(C)[C@H]2[C@@H]3CN(C(=O)c4cnoc4C)C[C@@H]32)C1,,,CC1=NO[C@@H](CC(=O)N(C)[C@H]2[C@@H]3CN(C(=O)c4cnoc4C)C[C@@H]32)C1,
67978,CC(C)N(CCN(C)C(=O)c1ccc(-c2ccccc2)[nH]1)C(=O)[C@@H]1[C@H]2CCC[C@H]21,,,CC(C)N(CCN(C)C(=O)c1ccc(-c2ccccc2)[nH]1)C(=O)C1[C@H]2CCC[C@@H]12,
67999,CNS(=O)(=O)NCC(=O)N[C@]1(C)C[C@H](NC(=O)/C=C/c2cncc(C)c2)C1,"(2E)-N-((1s,3s)-3-methyl-3-(2-(methylsulfamoylamino)acetamido)cyclobutyl)-3-(5-methylpyridin-3-yl)prop-2-enamide",,CNS(=O)(=O)NCC(=O)N[C@]1(C)C[C@H](NC(=O)/C=C/c2cncc(C)c2)C1,
68113,O=C1N[C@@H](C(=O)NC[C@H]2[C@@H]3CN(C(=O)C4(O)CCCC4)C[C@H]23)[C@@H]2CC[C@H]12,,,O=C1NC(C(=O)NC[C@@H]2[C@H]3CN(C(=O)C4(O)CCCC4)C[C@@H]23)[C@@H]2CCC12,
68162,C#CC[C@]1(O)C[C@@H](C(=O)N2C[C@@H](NC(=O)c3cnoc3C(C)C)CC2(C)C)C1,"N-((3S)-1-(((1s,3R)-3-hydroxy-3-(prop-2-yn-1-yl)cyclobutyl)carbonyl)-5,5-dimethylpyrrolidin-3-yl)-5-(propan-2-yl)-1,2-oxazole-4-carboxamide",,C#CCC1(O)CC(C(=O)N2C[C@@H](NC(=O)c3cnoc3C(C)C)CC2(C)C)C1,
68183,Cc1cc(C(=O)N2C[C@H]3[C@H](CC(=O)N4C[C@@H](C)CCC45CC5)[C@H]3C2)sn1,,,Cc1cc(C(=O)N2C[C@@H]3[C@@H](CC(=O)N4C[C@@H](C)CCC45CC5)[C@@H]3C2)sn1,
68234,CC(=O)C1(C(=O)N[C@H]2CCOC[C@H]2C(=O)NC[C@]2(F)C[C@H](CO)C2)CC1,"(3S,4S)-4-(1-acetylcyclopropanecarboxamido)-N-(((1r,3S)-1-fluoro-3-(hydroxymethyl)cyclobutyl)methyl)oxane-3-carboxamide",,CC(=O)C1(C(=O)N[C@H]2CCOCC2C(=O)NC[C@]2(F)C[C@H](CO)C2)CC1,
68238,C[C@@H](CCNC(=O)[C@@]1(C)C[C@@H]2C[C@@H]2C1)NC(=O)c1ccc(F)c2cccnc12,,,C[C@@H](CCNC(=O)[C@]1(C)C[C@H]2C[C@H]2C1)NC(=O)c1ccc(F)c2cccnc12,
68310,O=C(C[C@@H]1C=CCC1)N[C@H]1C[C@](F)(CNC(=O)c2cc(F)ccc2O)C1,"2-((1R)-cyclopent-2-en-1-yl)-N-((1s,3S)-3-fluoro-3-((5-fluoro-2-hydroxybenzamido)methyl)cyclobutyl)acetamide",,O=C(C[C@@H]1C=CCC1)N[C@H]1C[C@](F)(CNC(=O)c2cc(F)ccc2O)C1,
68333,CCC[C@@H](C)C(=O)NC[C@]1(F)C[C@H](NC(=O)c2ncccc2-c2ccccn2)C1,"(2R)-N-(((1r,3R)-1-fluoro-3-(3-(pyridin-2-yl)pyridine-2-carboxamido)cyclobutyl)methyl)-2-methylpentanamide",,CCCC(C)C(=O)NC[C@]1(F)C[C@H](NC(=O)c2ncccc2-c2ccccn2)C1,
68397,C=CCCO[C@@H](C)C(=O)N1C[C@H]2[C@H](NC(=O)c3oc4ccc(C)cc4c3C)[C@H]2C1,"N-((1R,5S,6R)-3-((2S)-2-((but-3-en-1-yl)oxy)propanoyl)-3-azabicyclo[3.1.0]hexan-6-yl)-3,5-dimethyl-1-benzofuran-2-carboxamide",,C=CCCOC(C)C(=O)N1C[C@@H]2[C@H](C1)[C@H]2NC(=O)c1oc2ccc(C)cc2c1C,
68399,Cc1c(C(=O)N[C@H]2C[C@](C)(NC(=O)c3cccc(=O)n3C)C2)ccn1CC1CC1,"N-((1r,3r)-3-(1-(cyclopropylmethyl)-2-methyl-1H-pyrrole-3-carboxamido)-1-methylcyclobutyl)-1-methyl-6-oxopyridine-2(1H)-carboxamide",,Cc1c(C(=O)N[C@H]2C[C@](C)(NC(=O)c3cccc(=O)n3C)C2)ccn1CC1CC1,
68435,Cc1cc(CC(=O)NC[C@H]2[C@@H]3CN(C(=O)c4cnn5c4OC[C@H](C)C5)C[C@H]23)n[nH]1,"2-(5-methyl-1H-pyrazol-3-yl)-N-(((1R,5S,6R)-3-(((4R)-4-methyl-2-oxa-6,7-diazabicyclo[4.3.0]nona-1(9),7-dien-9-yl)carbonyl)-3-azabicyclo[3.1.0]hexan-6-yl)methyl)acetamide",,Cc1cc(CC(=O)NC[C@@H]2[C@H]3CN(C(=O)c4cnn5c4OC[C@H](C)C5)C[C@@H]23)[nH]n1,
68536,Cc1ccc(C(=O)N2[C@H]3CC[C@@H]2C[C@H](NC(=O)CSCC(N)=O)C3)c(Cl)c1Cl,,,Cc1ccc(C(=O)N2[C@@H]3CC[C@H]2C[C@@H](NC(=O)CSCC(N)=O)C3)c(Cl)c1Cl,
68567,COC1(C(=O)NC2CC3(CCCN(C(=O)[C@@]4(C#N)C[C@@H]5C[C@@H]5C4)C3)C2)CCCC1,,,COC1(C(=O)NC2CC3(CCCN(C(=O)[C@]4(C#N)C[C@H]5C[C@H]5C4)C3)C2)CCCC1,
68571,CCOCCC(=O)N[C@H]1C[C@@H]2CN(C(=O)C34CCC(C(=O)OC)(C3)C4)C[C@@H]2C1,,,CCOCCC(=O)N[C@H]1C[C@@H]2CN(C(=O)C34CCC(C(=O)OC)(C3)C4)C[C@@H]2C1,
68649,CN(C)C(=O)CNC(=O)[C@H]1OCC[C@H]1NC(=O)[C@@H]1[C@H]2CCCCC[C@H]21,,,CN(C)C(=O)CNC(=O)C1OCC[C@H]1NC(=O)C1[C@H]2CCCCC[C@@H]12,
68662,C=CCC1(NC(=O)C[C@H]2CCCN(C)C2)CN(C(=O)[C@H]2C[C@H]3[C@@H](C2)C3(F)F)C1,,,C=CCC1(NC(=O)C[C@H]2CCCN(C)C2)CN(C(=O)C2C[C@@H]3[C@H](C2)C3(F)F)C1,
68710,Cc1ccc(C)c(C(=O)N[C@@H]2C[C@@H]3CC[C@H](C2)N3C(=O)C=CCF)c1C,,,Cc1ccc(C)c(C(=O)N[C@H]2C[C@H]3CC[C@@H](C2)N3C(=O)C=CCF)c1C,
68722,C[C@H](CSC(F)(F)F)C(=O)N[C@@]12CCCN(C(=O)[C@H]3C[C@H]4[C@@H](C3)C4(C)C)C[C@@H]1C2,,,CC(CSC(F)(F)F)C(=O)N[C@@]12CCCN(C(=O)C3C[C@@H]4[C@H](C3)C4(C)C)C[C@@H]1C2,
68729,Cc1[nH]ccc1C(=O)NC[C@]1(F)C[C@@H](NC(=O)Cc2cnc3ncccn23)C1,"N-(((1s,3s)-1-fluoro-3-(2-(imidazo[1,2-a]pyrimidin-3-yl)acetamido)cyclobutyl)methyl)-2-methyl-1H-pyrrole-3-carboxamide",,Cc1[nH]ccc1C(=O)NC[C@]1(F)C[C@@H](NC(=O)Cc2cnc3ncccn23)C1,
68759,CC(C)c1nc(C(=O)N[C@H]2C[C@](C)(NC(=O)[C@H]3C[C@@H](O)[C@H](F)C3)C2)co1,"N-((1S,3r)-3-((1S,3R,4R)-3-fluoro-4-hydroxycyclopentanecarboxamido)-3-methylcyclobutyl)-2-(propan-2-yl)-1,3-oxazole-4-carboxamide",,CC(C)c1nc(C(=O)N[C@H]2C[C@](C)(NC(=O)C3C[C@@H](O)[C@H](F)C3)C2)co1,
68761,CCC(C)(C)c1n[nH]c(=N[C@@H]2[C@@H](C)CN(C(=O)c3ccsc3C(F)F)C[C@H]2C)o1,,,CCC(C)(C)c1nnc(N[C@H]2[C@H](C)CN(C(=O)c3ccsc3C(F)F)C[C@@H]2C)o1,
68774,COc1ccc2[nH]cc(CN3C[C@@H]4[C@H](C3)[C@@H]4NC(=O)c3c(Br)ccnc3Cl)c2c1,,,COc1ccc2[nH]cc(CN3C[C@@H]4[C@H](C3)[C@@H]4NC(=O)c3c(Br)ccnc3Cl)c2c1,
68820,COCC(=O)N1[C@H]2CC[C@@H]1C[C@@H](N(C)C(=O)C1CN(C3CCN(C)CC3)C1)C2,,,COCC(=O)N1[C@@H]2CC[C@H]1C[C@H](N(C)C(=O)C1CN(C3CCN(C)CC3)C1)C2,
68823,COCC(=O)N1[C@H]2CC[C@@H]1C[C@H](CNC(=O)C(F)(F)c1ccsc1Cl)C2,,,COCC(=O)N1[C@@H]2CC[C@H]1C[C@@H](CNC(=O)C(F)(F)c1ccsc1Cl)C2,
68870,CC1(C)CC[C@@H]1CC(=O)N[C@H]1C[C@](C)(NC(=O)c2csc3nnsc23)C1,"2-((1R)-2,2-dimethylcyclobutyl)-N-((1r,3R)-3-(2,6-dithia-3,4-diazabicyclo[3.3.0]octa-1(5),3,7-triene-8-carboxamido)-3-methylcyclobutyl)acetamide",,CC1(C)CC[C@@H]1CC(=O)N[C@H]1C[C@](C)(NC(=O)c2csc3nnsc23)C1,
68918,O=C(C[C@@]12CCC[C@H]1C2)NC[C@H]1C[C@](F)(CNC(=O)c2cccnc2)C1,"2-((1S,5S)-bicyclo[3.1.0]hexan-1-yl)-N-(((1s,3R)-3-fluoro-3-((pyridine-3-carboxamido)methyl)cyclobutyl)methyl)acetamide",,O=C(C[C@@]12CCC[C@H]1C2)NC[C@H]1C[C@](F)(CNC(=O)c2cccnc2)C1,
68922,CCOCCCC(=O)N(C)[C@H]1[C@@H]2CN(C(=O)[C@@H](c3cccc(Cl)c3)N(C)C)C[C@@H]21,"N-((1R,5S,6S)-3-((2R)-2-(3-chlorophenyl)-2-(dimethylamino)acetyl)-3-azabicyclo[3.1.0]hexan-6-yl)-4-ethoxy-N-methylbutanamide",,CCOCCCC(=O)N(C)[C@H]1[C@@H]2CN(C(=O)C(c3cccc(Cl)c3)N(C)C)C[C@@H]21,
68982,COCCCCC(=O)N[C@H]1C[C@H]2CC[C@@H]([C@H]1C)N2C(=O)[C@@H]1C[C@H](C)O[C@H](C)C1,,,COCCCCC(=O)N[C@H]1C[C@H]2CC[C@@H]([C@H]1C)N2C(=O)C1C[C@@H](C)O[C@@H](C)C1,
69038,C#C[C@]1(O)C[C@@H](C(=O)NC[C@@H]2CN(C(=O)C3(COC)CC=CC3)C[C@H]2OCC)C1,"(1s,3S)-N-(((3R,4S)-4-ethoxy-1-((1-(methoxymethyl)cyclopent-3-en-1-yl)carbonyl)pyrrolidin-3-yl)methyl)-3-ethynyl-3-hydroxycyclobutanecarboxamide",,C#CC1(O)CC(C(=O)NC[C@@H]2CN(C(=O)C3(COC)CC=CC3)C[C@H]2OCC)C1,
69078,CC[C@]1(C(=O)N2CC[C@@](F)(CNC(=O)[C@@H](C)C(C)(C)C)C2)CC[C@@H](O)CC1,"(2S)-N-(((3R)-1-(((1s,4S)-1-ethyl-4-hydroxycyclohexyl)carbonyl)-3-fluoropyrrolidin-3-yl)methyl)-2,3,3-trimethylbutanamide",,CC[C@]1(C(=O)N2CC[C@@](F)(CNC(=O)C(C)C(C)(C)C)C2)CC[C@@H](O)CC1,
69143,O=C(N[C@@H]1C[C@@H]2CC[C@H](C1)N2c1cc(F)ncn1)c1conc1C1CC1,,,O=C(N[C@H]1C[C@H]2CC[C@@H](C1)N2c1cc(F)ncn1)c1conc1C1CC1,
69148,CCC(CC)(CO)C(=O)N1C[C@H]2[C@H](NC(=O)C3(C)CCC(C(F)(F)F)CC3)[C@H]2C1,,,CCC(CC)(CO)C(=O)N1C[C@@H]2[C@H](C1)[C@H]2NC(=O)C1(C)CCC(C(F)(F)F)CC1,
69255,O=C(NC[C@H]1C[C@@H]2CC[C@H](C1)N2C(=O)C1=CCCCCC1)c1ccnnc1,,,O=C(NC[C@@H]1C[C@H]2CC[C@@H](C1)N2C(=O)C1=CCCCCC1)c1ccnnc1,
69285,COc1cc(CC(=O)NC2CN(C(=O)[C@@H]3C[C@@H]4CC[C@H](C3)C4(F)F)C2)ccc1O,,,COc1cc(CC(=O)NC2CN(C(=O)C3C[C@H]4CC[C@@H](C3)C4(F)F)C2)ccc1O,
69293,CSc1cnn(C)c1C(=O)N[C@H]1C[C@](C)(NC(=O)CCN2CCNC(=O)C2)C1,"1-methyl-N-((1r,3r)-3-methyl-3-(3-(3-oxopiperazin-1-yl)propanamido)cyclobutyl)-4-(methylsulfanyl)-1H-pyrazole-5-carboxamide",,CSc1cnn(C)c1C(=O)N[C@H]1C[C@](C)(NC(=O)CCN2CCNC(=O)C2)C1,
69439,C#Cc1c[nH]nc1C(=O)N(C)C[C@H]1[C@@H]2CN(C(=O)Cc3csc(C(C)C)n3)C[C@H]12,,,C#Cc1c[nH]nc1C(=O)N(C)C[C@@H]1[C@H]2CN(C(=O)Cc3csc(C(C)C)n3)C[C@@H]12,
69456,C[C@H](C(=O)N[C@]1(C(=O)NCCCC2CCCCC2)C[C@H](O)C1)n1ccnc1,"(2R)-N-((1s,3S)-1-((3-cyclohexylpropyl)carbamoyl)-3-hydroxycyclobutyl)-2-(1H-imidazol-1-yl)propanamide",,CC(C(=O)N[C@]1(C(=O)NCCCC2CCCCC2)C[C@H](O)C1)n1ccnc1,
69504,C[C@H]1C[C@@H](C)C[C@H](N(C)C(=O)COC2(C)CN(C(=O)[C@H]3CCC(F)(F)C3)C2)C1,,,C[C@@H]1C[C@H](C)C[C@@H](N(C)C(=O)COC2(C)CN(C(=O)C3CCC(F)(F)C3)C2)C1,
69524,COc1cc(NC(=O)[C@@H]2[C@H]3CN(C(=O)c4cc(Br)ccc4C)C[C@H]32)cc(OC)c1,,,COc1cc(NC(=O)C2[C@H]3CN(C(=O)c4cc(Br)ccc4C)C[C@@H]23)cc(OC)c1,
69629,CS[C@@H](C)CC(=O)N1CCCN(C(=O)[C@H]2CC[C@@](C)(F)CC2)CC1,"(3S)-1-(4-(((1s,4R)-4-fluoro-4-methylcyclohexyl)carbonyl)-1,4-diazepan-1-yl)-3-(methylsulfanyl)butan-1-one",,CS[C@@H](C)CC(=O)N1CCCN(C(=O)C2CCC(C)(F)CC2)CC1,
69660,CC[C@@H](CC(=O)N1CCCC[C@]12C[C@H](NC(=O)[C@H]1C[C@H]3[C@@H](C1)C3(F)F)C2)OC,,,CC[C@@H](CC(=O)N1CCCC[C@]12C[C@H](NC(=O)C1C[C@@H]3[C@H](C1)C3(F)F)C2)OC,
69662,CC[S@](=O)CC(=O)N1[C@H]2CC[C@@H]1C[C@@H](N(C)C(=O)[C@@H](O)C(F)(F)F)C2,"(2R)-N-((1R,3R,5S)-8-(2-((S)-ethylsulfinyl)acetyl)-8-azabicyclo[3.2.1]octan-3-yl)-3,3,3-trifluoro-2-hydroxy-N-methylpropanamide",,CC[S@+]([O-])CC(=O)N1[C@@H]2CC[C@H]1C[C@H](N(C)C(=O)C(O)C(F)(F)F)C2,
69722,C[C@H](NC(=O)c1cccc(CNC(=O)[C@@H]2[C@H]3CC(=O)C[C@H]32)n1)C(C)(C)CN(C)C,,,C[C@H](NC(=O)c1cccc(CNC(=O)C2[C@H]3CC(=O)C[C@@H]23)n1)C(C)(C)CN(C)C,
69804,C=C=CCCC(=O)N[C@@H]1C[C@@H]2CC[C@H](C1)N2C(=O)COc1ccc(C(C)=O)cc1,,,C=C=CCCC(=O)N[C@H]1C[C@H]2CC[C@@H](C1)N2C(=O)COc1ccc(C(C)=O)cc1,
69859,C[C@H]1[C@@H](C)[C@@H]1C(=O)NCC1(NC(=O)[C@H]2CCC[C@@H](C)CC2)CCC1,,,C[C@@H]1CCCC(C(=O)NC2(CNC(=O)C3[C@@H](C)[C@H]3C)CCC2)CC1,
69904,COC(=O)CC1CC(NC(=O)C[C@H]2[C@@H]3CN(C(=O)COCC(C)(C)C)C[C@H]23)C1,,,COC(=O)CC1CC(NC(=O)C[C@@H]2[C@H]3CN(C(=O)COCC(C)(C)C)C[C@@H]23)C1,
69969,C=C(C)CNC(=O)[C@H]([C@H]1C[C@@H]2C[C@@H]2C1)N1CCC(c2nnc3cnccn23)CC1,,,C=C(C)CNC(=O)C([C@H]1C[C@@H]2C[C@@H]2C1)N1CCC(c2nnc3cnccn23)CC1,
69986,Cc1cnc(C(=O)N[C@@H]2[C@H]3CC[C@@H]2CN(C(=O)/C=C/c2cnc[nH]2)C3)s1,,,Cc1cnc(C(=O)N[C@H]2[C@@H]3CC[C@H]2CN(C(=O)C=Cc2c[nH]cn2)C3)s1,
70014,COCC(C)(C)CC(=O)N1CCN(C(=O)[C@@H]2[C@H]3[C@@H]4CC[C@@H](C4)[C@H]32)C[C@@H]1CC1CC1,,,COCC(C)(C)CC(=O)N1CCN(C(=O)C2[C@@H]3[C@H]4CC[C@H](C4)[C@H]23)C[C@@H]1CC1CC1,
70047,CCc1ncnc(N(C(=O)c2c(Cl)cccc2Br)[C@H]2C[C@@H]3CCC[C@H](C2)N3)c1F,,,CCc1ncnc(N(C(=O)c2c(Cl)cccc2Br)[C@@H]2C[C@H]3CCC[C@@H](C2)N3)c1F,
70122,O=C(C=Cc1cnc[nH]1)NCC[C@@H]1CCCN(C(=O)[C@@H]2[C@H]3CCCCC[C@H]32)CC1,,,O=C(C=Cc1c[nH]cn1)NCC[C@@H]1CCCN(C(=O)C2[C@H]3CCCCC[C@@H]23)CC1,
70125,O=C(CC1CCS(=O)(=O)CC1)NC[C@]1(F)CC[C@H](CNC(=O)[C@H]2C[C@@H](O)C2)CC1,"N-(((1r,4r)-4-((cis-3-hydroxycyclobutanecarboxamido)methyl)-1-fluorocyclohexyl)methyl)-2-(1,1-dioxo-1lambda^6-thian-4-yl)acetamide",,O=C(CC1CCS(=O)(=O)CC1)NC[C@]1(F)CC[C@H](CNC(=O)C2CC(O)C2)CC1,
70174,C=C(C)CNC(=O)[C@@H]([C@H](CC)CCC)N1[C@H]2CC[C@@H]1C[C@H](O)C2,"(2R,3R)-3-ethyl-2-((1R,3R,5S)-3-hydroxy-8-azabicyclo[3.2.1]octan-8-yl)-N-(2-methylprop-2-en-1-yl)hexanamide",,C=C(C)CNC(=O)C([C@H](CC)CCC)N1[C@@H]2CC[C@H]1C[C@@H](O)C2,
70255,CO[C@H]1CCC[C@H]1C(=O)NC[C@H]1C[C@@](F)(CNC(=O)Cc2cc(Cl)ccc2O)C1,"(1R,2S)-N-(((1r,3R)-3-((2-(5-chloro-2-hydroxyphenyl)acetamido)methyl)-3-fluorocyclobutyl)methyl)-2-methoxycyclopentanecarboxamide",,CO[C@H]1CCCC1C(=O)NC[C@H]1C[C@@](F)(CNC(=O)Cc2cc(Cl)ccc2O)C1,
70370,CCCN(C)CCC(=O)NC[C@]1(F)C[C@H](CNC(=O)Cc2ccc(C)o2)C1,"N-(((1r,3r)-1-fluoro-3-((2-(5-methylfuran-2-yl)acetamido)methyl)cyclobutyl)methyl)-3-(methyl(propyl)amino)propanamide",,CCCN(C)CCC(=O)NC[C@]1(F)C[C@H](CNC(=O)Cc2ccc(C)o2)C1,
70379,COC(=O)CSCC(=O)N[C@H]1CC[C@]2(CC1)CN(C(=O)C=C(C)C(F)F)CCO2,"methyl 2-((2-((4-(4,4-difluoro-3-methylbut-2-enoyl)-1-oxa-4-azaspiro[5.5]undecan-9-yl)amino)-2-oxoethyl)sulfanyl)acetate",FC(C(=CC(=O)N1CCOC2(C1)CCC(CC2)NC(CSCC(=O)OC)=O)C)F,COC(=O)CSCC(=O)N[C@H]1CC[C@]2(CC1)CN(C(=O)C=C(C)C(F)F)CCO2,COC(=O)CSCC(=O)NC1CCC2(CC1)CN(C(=O)C=C(C)C(F)F)CCO2
70381,C[C@H]1CN(C(=O)[C@@H]2[C@H]3CN(C)C[C@H]32)C[C@@H](C)CN1C(=O)c1ccc(CO)o1,,,C[C@@H]1CN(C(=O)C2[C@H]3CN(C)C[C@@H]23)C[C@H](C)N(C(=O)c2ccc(CO)o2)C1,
70471,CC(=O)c1ccc(C(=O)N2[C@H]3CC[C@@H]2C[C@@H](N(C)C(=O)CC(C)(C)C2CC2)C3)o1,,,CC(=O)c1ccc(C(=O)N2[C@@H]3CC[C@H]2C[C@H](N(C)C(=O)CC(C)(C)C2CC2)C3)o1,
70482,N#Cc1cccc(OCC(=O)N2C[C@H]3C[C@H]2CCN3C(=O)[C@@H]2[C@H]3CCCC[C@H]32)c1,,,N#Cc1cccc(OCC(=O)N2C[C@H]3C[C@H]2CCN3C(=O)C2[C@H]3CCCC[C@@H]23)c1,
70490,CO[C@H]1C[C@@H]2CC[C@H](C1)N2C(=O)[C@@H](NC(=O)CCN1CCOCC1)[C@H]1CCOC1,"N-((1S)-2-((1R,3R,5S)-3-methoxy-8-azabicyclo[3.2.1]octan-8-yl)-2-oxo-1-((3R)-oxolan-3-yl)ethyl)-3-(morpholin-4-yl)propanamide",,CO[C@@H]1C[C@H]2CC[C@@H](C1)N2C(=O)C(NC(=O)CCN1CCOCC1)[C@H]1CCOC1,
70519,CCC(F)(F)CC(=O)N[C@H]1C[C@H]2C[C@H]1N(C(=O)[C@H]1C[C@](O)(C(F)(F)F)C1)C2,"3,3-difluoro-N-((1R,4S,6S)-2-(((1s,3S)-3-hydroxy-3-(trifluoromethyl)cyclobutyl)carbonyl)-2-azabicyclo[2.2.1]heptan-6-yl)pentanamide",,CCC(F)(F)CC(=O)N[C@H]1C[C@H]2C[C@H]1N(C(=O)C1CC(O)(C(F)(F)F)C1)C2,
70525,O=C(NCCCOC1CCN(C(=O)[C@@H]2[C@H]3[C@@H]4CC[C@@H](C4)[C@H]32)CC1)[C@@H]1CCCCS1,,,O=C(NCCCOC1CCN(C(=O)C2[C@@H]3[C@H]4CC[C@H](C4)[C@H]23)CC1)C1CCCCS1,
70545,O=C(NC[C@H]1[C@@H]2CN(C(=O)/C=C/C(F)(F)F)C[C@H]12)c1cc(F)c(F)c(F)c1,,,O=C(NC[C@@H]1[C@H]2CN(C(=O)/C=C/C(F)(F)F)C[C@@H]12)c1cc(F)c(F)c(F)c1,
70585,C[C@H]1CN(C(=O)[C@H]2C[C@H]3COC[C@H](C3)C2)C[C@@H](C)N1C(=O)c1ccc([N+](=O)[O-])o1,,,C[C@@H]1CN(C(=O)C2C[C@H]3COC[C@@H](C2)C3)C[C@H](C)N1C(=O)c1ccc([N+](=O)[O-])o1,
70626,CC[C@@H](COC)C(=O)NCC1(NC(=O)[C@H]2C[C@H]3[C@@H](C2)C3(F)F)CCC(C)(C)CC1,,,CCC(COC)C(=O)NCC1(NC(=O)C2C[C@@H]3[C@H](C2)C3(F)F)CCC(C)(C)CC1,
70750,CC1(C)CC[C@H](C(=O)N[C@H]2CC[C@]3(CC2)CN(C(=O)C2=CCOCC2)CCO3)O1,"(2R)-N-(4-((3,6-dihydro-2H-pyran-4-yl)carbonyl)-1-oxa-4-azaspiro[5.5]undecan-9-yl)-5,5-dimethyloxolane-2-carboxamide",O1CCC(=CC1)C(=O)N1CCOC2(C1)CCC(CC2)NC(=O)[C@@H]2OC(CC2)(C)C,CC1(C)CCC(C(=O)N[C@H]2CC[C@]3(CC2)CN(C(=O)C2=CCOCC2)CCO3)O1,CC1(C)CCC(C(=O)NC2CCC3(CC2)CN(C(=O)C2=CCOCC2)CCO3)O1
70771,CC(F)(F)C12CC(C(=O)N3C[C@H]4[C@H](NC(=O)c5ccc[n+]([O-])c5)[C@H]4C3)(C1)C2,,,CC(F)(F)C12CC(C(=O)N3C[C@@H]4[C@H](C3)[C@H]4NC(=O)c3ccc[n+]([O-])c3)(C1)C2,
70785,C[C@H]1CN(c2[nH]c(=NCC3(CF)CCC3)nc3scnc23)C[C@@H](C)[C@@H]1O,,,C[C@@H]1CN(c2nc(NCC3(CF)CCC3)nc3scnc23)C[C@H](C)[C@H]1O,
70910,CCC(CC)C(=O)N[C@@H](C)CC1CCN(C(=O)[C@H]2C[C@](C)(F)C2)CC1,"2-ethyl-N-((2S)-1-(1-(((1r,3S)-3-fluoro-3-methylcyclobutyl)carbonyl)piperidin-4-yl)propan-2-yl)butanamide",,CCC(CC)C(=O)N[C@@H](C)CC1CCN(C(=O)C2CC(C)(F)C2)CC1,
70926,CC(C)(C)c1cnc(C(=O)N[C@H]2[C@@H]3CN(C(=O)c4ccc(Cl)nc4F)C[C@@H]32)cn1,,,CC(C)(C)c1cnc(C(=O)N[C@H]2[C@@H]3CN(C(=O)c4ccc(Cl)nc4F)C[C@@H]32)cn1,
70979,CC(C)(CO)C(=O)N[C@H]1[C@@H]2CN(C(=O)c3cncc(-n4ccnc4)n3)C[C@@H]21,,,CC(C)(CO)C(=O)N[C@H]1[C@@H]2CN(C(=O)c3cncc(-n4ccnc4)n3)C[C@@H]21,
70985,C[C@@H](C(=O)N[C@H]1C[C@@](C)(NC(=O)CN(C)c2ccncc2)C1)[C@H]1CCC(=O)N1C,"(2R)-N-((1s,3S)-3-methyl-3-(2-(methyl(pyridin-4-yl)amino)acetamido)cyclobutyl)-2-((2R)-1-methyl-5-oxopyrrolidin-2-yl)propanamide",,CC(C(=O)N[C@H]1C[C@@](C)(NC(=O)CN(C)c2ccncc2)C1)[C@H]1CCC(=O)N1C,
71111,CN1C[C@@]2(CCCN(C(=O)[C@@H]3[C@H]4CN([C@@H]5CCNC(C)(C)C5)C[C@H]43)CC2)OC1=O,"(5S)-8-(((1R,5S,6R)-3-((4R)-2,2-dimethylpiperidin-4-yl)-3-azabicyclo[3.1.0]hexan-6-yl)carbonyl)-3-methyl-1-oxa-3,8-diazaspiro[4.6]undecan-2-one",,CN1C[C@@]2(CCCN(C(=O)C3[C@H]4CN([C@@H]5CCNC(C)(C)C5)C[C@@H]34)CC2)OC1=O,
71161,O=C1CC[C@H](C(=O)N2[C@@H]3COC[C@H]2C[C@@H](O)C3)n2cccc21,"(5R)-5-(((1R,5S,7S)-7-hydroxy-3-oxa-9-azabicyclo[3.3.1]nonan-9-yl)carbonyl)-6,7-dihydroindolizin-8(5H)-one",,O=C1CCC(C(=O)N2[C@@H]3COC[C@H]2C[C@@H](O)C3)n2cccc21,
71237,CO[C@]1(C(F)F)C[C@H](C(=O)N[C@H]2CCC[C@H]2CNC(=O)C=CSc2nc[nH]n2)C1,"(1s,3R)-3-(difluoromethyl)-3-methoxy-N-((1S,2S)-2-((3-((1H-1,2,4-triazol-3-yl)sulfanyl)prop-2-enamido)methyl)cyclopentyl)cyclobutanecarboxamide",,COC1(C(F)F)CC(C(=O)N[C@H]2CCC[C@H]2CNC(=O)C=CSc2nc[nH]n2)C1,
71245,COC(=O)[C@@H]1[C@H]2CN(C(=O)[C@@H]3CCC[C@@H](NC(=O)CC4CCOCC4)CC3)C[C@H]21,"methyl (1R,5S,6R)-3-(((1R,4R)-4-(2-(oxan-4-yl)acetamido)cycloheptyl)carbonyl)-3-azabicyclo[3.1.0]hexane-6-carboxylate",,COC(=O)C1[C@H]2CN(C(=O)C3CCC[C@@H](NC(=O)CC4CCOCC4)CC3)C[C@@H]12,
71310,C[C@H](NC(=O)[C@@H]1[C@H]2COC[C@H]21)C1(O)CN(C(=O)[C@@H]2CCCC(=O)CC2)C1,,,C[C@H](NC(=O)C1[C@H]2COC[C@@H]12)C1(O)CN(C(=O)C2CCCC(=O)CC2)C1,
71328,COC[C@@H](C)C(=O)NC[C@]1(F)C[C@H](NC(=O)c2cn(C[C@H]3CCOC3)nn2)C1,"(2R)-N-(((1R,3R)-1-fluoro-3-(1-(((3R)-oxolan-3-yl)methyl)-1H-1,2,3-triazole-4-carboxamido)cyclobutyl)methyl)-3-methoxy-2-methylpropanamide",,COCC(C)C(=O)NC[C@]1(F)C[C@H](NC(=O)c2cn(C[C@H]3CCOC3)nn2)C1,
71357,CCc1ccc(F)cc1NC(=O)[C@@H]1[C@H]2CN(C(=O)[C@@H]3[C@H]4CCCO[C@H]43)C[C@H]21,"(1R,5S,6R)-N-(2-ethyl-5-fluorophenyl)-3-(((1R,6R,7R)-2-oxabicyclo[4.1.0]heptan-7-yl)carbonyl)-3-azabicyclo[3.1.0]hexane-6-carboxamide",,CCc1ccc(F)cc1NC(=O)C1[C@H]2CN(C(=O)C3[C@H]4CCCO[C@@H]34)C[C@@H]12,
71469,CCc1ccnc(C(=O)N[C@H]2C[C@@H]3CC[C@H](C2)N3Cc2ccc(COC)o2)c1,,,CCc1ccnc(C(=O)N[C@@H]2C[C@H]3CC[C@@H](C2)N3Cc2ccc(COC)o2)c1,
71492,CCc1ccc(C(=O)NC[C@]2(F)C[C@H](NC(=O)c3ccc(C)nc3)C2)[nH]1,"N-((1r,3r)-3-((5-ethyl-1H-pyrrole-2-carboxamido)methyl)-3-fluorocyclobutyl)-6-methylpyridine-3-carboxamide",,CCc1ccc(C(=O)NC[C@]2(F)C[C@H](NC(=O)c3ccc(C)nc3)C2)[nH]1,
71515,N#C[C@]1(O)C[C@@H](C(=O)N2CC[C@@]3(NC(=O)Cn4ccsc4=N)CCC[C@@H]23)C1,"N-((1R,5S)-2-(((1s,3S)-3-cyano-3-hydroxycyclobutyl)carbonyl)-2-azabicyclo[3.3.0]octan-5-yl)-2-(2-imino-2,3-dihydro-1,3-thiazol-3-yl)acetamide",,N#CC1(O)CC(C(=O)N2CC[C@@]3(NC(=O)Cn4ccsc4=N)CCC[C@@H]23)C1,
71522,CCCN(C(=O)[C@H](CC)SC)C1CCN(C(=O)[C@H]2C[C@@H]3CC[C@H](C2)[C@@H]3O)CC1,,,CCCN(C(=O)C(CC)SC)C1CCN(C(=O)C2C[C@H]3CC[C@@H](C2)[C@H]3O)CC1,
71551,Nc1ccnc(C(=O)N2C[C@@H]3C[C@H](NC(=O)[C@@H]4[C@H]5COC[C@H]54)[C@H]3C2)c1Cl,,,Nc1ccnc(C(=O)N2C[C@@H]3C[C@H](NC(=O)C4[C@H]5COC[C@@H]45)[C@H]3C2)c1Cl,
71558,C=CC=CCC(=O)N[C@H]1C[C@](F)(CNC(=O)c2ccc(OCC(F)(F)F)cc2)C1,"N-((1s,3s)-3-fluoro-3-((4-((2,2,2-trifluoroethyl)oxy)benzamido)methyl)cyclobutyl)hexa-3,5-dienamide",,CC=CC=CC(=O)N[C@H]1C[C@](F)(CNC(=O)c2ccc(OCC(F)(F)F)cc2)C1,
71626,C[C@]1(NC(=O)c2cn[nH]c2)C[C@H](NC(=O)C(F)(F)c2ccccc2Br)C1,"N-((1r,3r)-3-(2-(2-bromophenyl)-2,2-difluoroacetamido)-1-methylcyclobutyl)-1H-pyrazole-4-carboxamide",,C[C@]1(NC(=O)c2cn[nH]c2)C[C@H](NC(=O)C(F)(F)c2ccccc2Br)C1,
71643,Cc1cc(C(=O)NC[C@H]2C[C@](F)(CNC(=O)C3(n4cnnn4)CC3)C2)cnc1O,"N-(((1s,3s)-3-fluoro-3-((1-(1H-tetrazol-1-yl)cyclopropanecarboxamido)methyl)cyclobutyl)methyl)-6-hydroxy-5-methylpyridine-3-carboxamide",,Cc1cc(C(=O)NC[C@H]2C[C@](F)(CNC(=O)C3(n4cnnn4)CC3)C2)c[nH]c1=O,
71656,CC[C@H](C(=O)NC[C@@H]1C[C@@H]2C[C@@H]2N1C(=O)[C@H]1CC[C@@](C)(F)CC1)N(C)C,"(2R)-2-(dimethylamino)-N-(((1S,3S,5S)-2-(((1s,4R)-4-fluoro-4-methylcyclohexyl)carbonyl)-2-azabicyclo[3.1.0]hexan-3-yl)methyl)butanamide",,CCC(C(=O)NC[C@@H]1C[C@@H]2C[C@@H]2N1C(=O)C1CCC(C)(F)CC1)N(C)C,
71705,CO[C@H]1C[C@@H]2CC[C@H](C1)N2C[C@H]1COC2(C)CC1C2,"(1R,3R,5S)-3-methoxy-8-(((4S)-1-methyl-2-oxabicyclo[3.1.1]heptan-4-yl)methyl)-8-azabicyclo[3.2.1]octane",,CO[C@@H]1C[C@H]2CC[C@@H](C1)N2C[C@H]1COC2(C)CC1C2,
71721,COc1ccccc1[C@@H](OC)C(=O)NC[C@]1(F)C[C@H](NC(=O)c2coc(Cl)n2)C1,"(2R)-N-(((1r,3R)-3-(2-chloro-1,3-oxazole-4-carboxamido)-1-fluorocyclobutyl)methyl)-2-methoxy-2-(2-methoxyphenyl)acetamide",,COc1ccccc1C(OC)C(=O)NC[C@]1(F)C[C@H](NC(=O)c2coc(Cl)n2)C1,
71741,Cc1ccc(CC(=O)N2CC3(CCC3)C[C@H]2C(=O)N[C@@H]2[C@H]3COC[C@H]32)s1,,,Cc1ccc(CC(=O)N2CC3(CCC3)CC2C(=O)N[C@H]2[C@@H]3COC[C@@H]32)s1,
71773,CO[C@H](CC(=O)N1C[C@H]2[C@H](NC(=O)c3c(C(C)C)cnn3C)[C@H]2C1)C(F)(F)F,"1-methyl-4-(propan-2-yl)-N-((1R,5S,6S)-3-((3R)-4,4,4-trifluoro-3-methoxybutanoyl)-3-azabicyclo[3.1.0]hexan-6-yl)-1H-pyrazole-5-carboxamide",,CO[C@H](CC(=O)N1C[C@@H]2[C@H](C1)[C@H]2NC(=O)c1c(C(C)C)cnn1C)C(F)(F)F,
71884,C#CC[C@]1(O)C[C@@H](C(=O)N[C@@H]2CC[C@H](C)N(C(=O)c3cc(C)cc(Cl)c3)C2)C1,"(1s,3S)-N-((3R,6S)-1-((3-chloro-5-methylphenyl)carbonyl)-6-methylpiperidin-3-yl)-3-hydroxy-3-(prop-2-yn-1-yl)cyclobutanecarboxamide",,C#CCC1(O)CC(C(=O)N[C@@H]2CC[C@H](C)N(C(=O)c3cc(C)cc(Cl)c3)C2)C1,
71896,C[C@@H](Cn1cncn1)NC(=O)[C@@H]1C[C@@H](O)CN1C(=O)[C@@H]1[C@H]2CC(=O)C[C@H]21,,,C[C@@H](Cn1cncn1)NC(=O)C1C[C@@H](O)CN1C(=O)C1[C@H]2CC(=O)C[C@@H]12,
71978,O=C1CC2(CC(C(=O)NC[C@]3(F)C[C@@H](Nc4ncc(C(F)F)cn4)C3)C2)N1,"N-(((1s,3s)-3-((5-(difluoromethyl)pyrimidin-2-yl)amino)-1-fluorocyclobutyl)methyl)-2-oxo-1-azaspiro[3.3]heptane-6-carboxamide",,O=C1CC2(CC(C(=O)NC[C@]3(F)C[C@@H](Nc4ncc(C(F)F)cn4)C3)C2)N1,
71981,CS(=O)(=O)SCC(=O)N[C@H]1C[C@@H]2CC[C@H](C1)N2C(=O)[C@@H]1CCCNC1=O,"2-(methylsulfonylsulfanyl)-N-((1R,3S,5S)-8-(((3R)-2-oxopiperidin-3-yl)carbonyl)-8-azabicyclo[3.2.1]octan-3-yl)acetamide",,CS(=O)(=O)SCC(=O)N[C@@H]1C[C@H]2CC[C@@H](C1)N2C(=O)C1CCCNC1=O,
71992,CC(C)[C@H](C(=O)N1C[C@H]2[C@H](CNC(=O)c3c[nH]cc3C3CC3)[C@H]2C1)n1cnnn1,"4-cyclopropyl-N-(((1R,5S,6R)-3-((2R)-3-methyl-2-(1H-tetrazol-1-yl)butanoyl)-3-azabicyclo[3.1.0]hexan-6-yl)methyl)-1H-pyrrole-3-carboxamide",,CC(C)C(C(=O)N1C[C@@H]2[C@@H](CNC(=O)c3c[nH]cc3C3CC3)[C@@H]2C1)n1cnnn1,
71999,CN(C)C(=O)C#CC(=O)N1C[C@H]2[C@H](CN(C)C(=O)CCc3cccnc3Cl)[C@H]2C1,,,CN(C)C(=O)C#CC(=O)N1C[C@@H]2[C@@H](CN(C)C(=O)CCc3cccnc3Cl)[C@@H]2C1,
72028,Cc1c([C@H](C)NC(=O)C[C@H]2[C@@H]3CN(C(=O)CCCN4CCCC4)C[C@H]23)cnn1C,,,Cc1c([C@H](C)NC(=O)C[C@@H]2[C@H]3CN(C(=O)CCCN4CCCC4)C[C@@H]23)cnn1C,
72037,COC[C@@]1(C(=O)N2C[C@H]3[C@H](NC(=O)c4c(Cl)noc4C)[C@H]3C2)CCCCO1,"3-chloro-N-((1R,5S,6S)-3-(((2R)-2-(methoxymethyl)oxan-2-yl)carbonyl)-3-azabicyclo[3.1.0]hexan-6-yl)-5-methyl-1,2-oxazole-4-carboxamide",,COC[C@@]1(C(=O)N2C[C@@H]3[C@H](C2)[C@H]3NC(=O)c2c(Cl)noc2C)CCCCO1,
72151,CN(C[C@H]1CCN(C(=O)[C@H]2C[C@](F)(CO)C2)C1)C(=O)Cc1cc(F)c(N)cc1F,"2-(4-amino-2,5-difluorophenyl)-N-(((3R)-1-(((1s,3S)-3-fluoro-3-(hydroxymethyl)cyclobutyl)carbonyl)pyrrolidin-3-yl)methyl)-N-methylacetamide",,CN(C[C@H]1CCN(C(=O)C2CC(F)(CO)C2)C1)C(=O)Cc1cc(F)c(N)cc1F,
72319,N#Cc1cc(C(=O)NC[C@H]2C[C@@](F)(CNC(=O)[C@@H](F)CC3CCCCC3)C2)c[nH]1,"5-cyano-N-(((1S,3r)-3-(((2S)-3-cyclohexyl-2-fluoropropanamido)methyl)-3-fluorocyclobutyl)methyl)-1H-pyrrole-3-carboxamide",,N#Cc1cc(C(=O)NC[C@H]2C[C@@](F)(CNC(=O)C(F)CC3CCCCC3)C2)c[nH]1,
72355,CC(=O)N1CC(NC(=O)C[C@H]2[C@@H]3CN(C(=O)c4cnc(C)c(C)c4)C[C@H]23)C1,,,CC(=O)N1CC(NC(=O)C[C@@H]2[C@H]3CN(C(=O)c4cnc(C)c(C)c4)C[C@@H]23)C1,
72425,Cc1c(Cl)cc(C(=O)N2[C@H]3CC[C@@H]2C[C@H](NC(=O)C2(F)CC2)C3)cc1Br,,,Cc1c(Cl)cc(C(=O)N2[C@@H]3CC[C@H]2C[C@@H](NC(=O)C2(F)CC2)C3)cc1Br,
72439,COC(=O)C=Cc1ccc(C(=O)N2CC(NC(=O)[C@H]3C[C@](OC)(C(F)F)C3)C2)o1,"methyl 3-(5-((3-((1s,3s)-3-(difluoromethyl)-3-methoxycyclobutanecarboxamido)azetidin-1-yl)carbonyl)furan-2-yl)prop-2-enoate",,COC(=O)C=Cc1ccc(C(=O)N2CC(NC(=O)C3CC(OC)(C(F)F)C3)C2)o1,
72447,CS[C@@H](C(=O)NCC(C)(C)CNC(=O)[C@@H]1[C@H]2CCCCC[C@H]21)C(C)(C)C,,,CSC(C(=O)NCC(C)(C)CNC(=O)C1[C@H]2CCCCC[C@@H]12)C(C)(C)C,
72461,C[C@H]1C[C@](C)(C(=O)NC[C@H]2CCCN2c2nnc(CO)s2)C[C@@H](C)O1,,,C[C@@H]1C[C@@](C)(C(=O)NC[C@H]2CCCN2c2nnc(CO)s2)C[C@H](C)O1,
72477,Cc1ccccc1CC(=O)NC[C@]1(F)C[C@@H](NC(=O)Cc2ccncc2Cl)C1,"N-(((1s,3s)-3-(2-(3-chloropyridin-4-yl)acetamido)-1-fluorocyclobutyl)methyl)-2-(2-methylphenyl)acetamide",,Cc1ccccc1CC(=O)NC[C@]1(F)C[C@@H](NC(=O)Cc2ccncc2Cl)C1,
72515,Cc1conc1C(=O)NC[C@]1(F)C[C@H](CNC(=O)[C@@H](C)c2ccn(C)n2)C1,"N-(((1S,3r)-1-fluoro-3-(((2S)-2-(1-methyl-1H-pyrazol-3-yl)propanamido)methyl)cyclobutyl)methyl)-4-methyl-1,2-oxazole-3-carboxamide",,Cc1conc1C(=O)NC[C@]1(F)C[C@H](CNC(=O)C(C)c2ccn(C)n2)C1,
72621,CC(C)COc1ncccc1C(=O)NC[C@]1(F)C[C@H](NC(=O)C2CCCCC2)C1,"N-(((1r,3r)-3-cyclohexanecarboxamido-1-fluorocyclobutyl)methyl)-2-isobutoxypyridine-3-carboxamide",,CC(C)COc1ncccc1C(=O)NC[C@]1(F)C[C@H](NC(=O)C2CCCCC2)C1,
72689,CCCOc1cccnc1C(=O)N1C[C@H]2[C@H](CNc3ncccn3)[C@H]2C1,,,CCCOc1cccnc1C(=O)N1C[C@@H]2[C@@H](CNc3ncccn3)[C@@H]2C1,
72698,C[C@@H](C(=O)NC1CCC2(CC1)CCN(C(=O)[C@@H]1[C@H]3CCC[C@H]31)C2)C(C)(C)C,,,CC(C(=O)NC1CCC2(CC1)CCN(C(=O)C1[C@H]3CCC[C@@H]13)C2)C(C)(C)C,
72744,O=C(N[C@H]1CCC[C@H]1NC(=O)[C@H]1C[C@@H]2CC[C@H](C1)[C@H]2O)c1ncc2ccccn12,,,O=C(N[C@H]1CCC[C@H]1NC(=O)C1C[C@H]2CC[C@@H](C1)[C@@H]2O)c1ncc2ccccn12,
72815,CC1(C)[C@H]2CC[C@@]1(C(=O)N1C[C@H]3[C@H](CC(=O)N4CC[C@H](C(N)=O)C4)[C@H]3C1)C2,"(3S)-1-(2-((1R,5S,6S)-3-(((1R,4S)-5,5-dimethylbicyclo[2.1.1]hexan-1-yl)carbonyl)-3-azabicyclo[3.1.0]hexan-6-yl)acetyl)pyrrolidine-3-carboxamide",,CC1(C)[C@H]2CC[C@@]1(C(=O)N1C[C@@H]3[C@@H](CC(=O)N4CCC(C(N)=O)C4)[C@@H]3C1)C2,
72873,C=C=C(C)CC(=O)NC[C@]1(F)C[C@@H](NC(=O)C2(C3(O)CCOCC3)CC2)C1,"N-(((1s,3s)-1-fluoro-3-(1-(4-hydroxyoxan-4-yl)cyclopropanecarboxamido)cyclobutyl)methyl)-3-methylpenta-3,4-dienamide",,C=C=C(C)CC(=O)NC[C@]1(F)C[C@@H](NC(=O)C2(C3(O)CCOCC3)CC2)C1,
72887,C[C@@H]1CN(C(=O)[C@H]2C[C@@H]3CC[C@H](C2)O3)C[C@H]1NC(=O)c1cc[nH]c1C1CCC1,,,C[C@@H]1CN(C(=O)C2C[C@H]3CC[C@@H](C2)O3)C[C@H]1NC(=O)c1cc[nH]c1C1CCC1,
72911,C#CCn1cnnc1C(=O)N1C[C@H]2[C@H](CC(=O)N3CCC[C@H](OC)C3)[C@H]2C1,,,C#CCn1cnnc1C(=O)N1C[C@@H]2[C@@H](CC(=O)N3CCC[C@H](OC)C3)[C@@H]2C1,
72931,CCc1cc(C(=O)N[C@]2(C)C[C@H](NC(=O)c3cn(C)nn3)C2)c(C)o1,"N-((1s,3s)-3-(5-ethyl-2-methylfuran-3-carboxamido)-3-methylcyclobutyl)-1-methyl-1H-1,2,3-triazole-4-carboxamide",,CCc1cc(C(=O)N[C@]2(C)C[C@H](NC(=O)c3cn(C)nn3)C2)c(C)o1,
72993,CCC[C@H](NC(=O)[C@H]1C[C@@H]2CCC[C@@H]2C1)C(=O)NCC[C@H](F)CN=[N+]=[N-],,,CCCC(NC(=O)C1C[C@H]2CCC[C@H]2C1)C(=O)NCC[C@H](F)CN=[N+]=[N-],
73021,Cc1cc(CC(=O)N2CC[C@](O)(CCNC(=O)[C@H]3C[C@@H]4CC[C@@H]4C3)C2)n[nH]1,,,Cc1cc(CC(=O)N2CC[C@](O)(CCNC(=O)C3C[C@H]4CC[C@H]4C3)C2)[nH]n1,
73056,O=C1O[C@@H](C(=O)N2[C@H]3CC[C@@H]2C[C@H](CO)C3)c2ccccc21,"(3R)-3-(((1R,3R,5S)-3-(hydroxymethyl)-8-azabicyclo[3.2.1]octan-8-yl)carbonyl)-2-benzofuran-1(3H)-one",,O=C(c1oc(O)c2ccccc12)N1[C@@H]2CC[C@H]1C[C@@H](CO)C2,
73063,N=c1ncn(CC(=O)N2[C@H]3CC[C@@H]2C[C@H](NC(=O)CS(F)(F)(F)(F)F)C3)[nH]1,,,Nc1ncn(CC(=O)N2[C@@H]3CC[C@H]2C[C@@H](NC(=O)CS(F)(F)(F)(F)F)C3)n1,
73077,O=C(N1C[C@@H]2[C@@H](CO)[C@@H]2C1)[C@@]1(c2ccccc2)C[C@H]1Br,"((1S,2R)-2-bromo-1-phenylcyclopropyl)((1R,5S,6S)-6-(hydroxymethyl)-3-azabicyclo[3.1.0]hexan-3-yl)methanone",,O=C(N1C[C@@H]2[C@@H](CO)[C@@H]2C1)[C@@]1(c2ccccc2)C[C@H]1Br,
73096,Cc1coc(C)c1C=CC(=O)N[C@@H]1C[C@@H]2CC[C@H](C1)N2C(=O)Cc1ccnn1C,,,Cc1coc(C)c1C=CC(=O)N[C@H]1C[C@H]2CC[C@@H](C1)N2C(=O)Cc1ccnn1C,
73127,C[C@@H](O)c1ncc(C(=O)N2[C@H]3CC[C@@H]2C[C@@H](N(C)C(=O)CCCS(N)(=O)=O)C3)s1,"N-((1R,3S,5S)-8-((2-((1R)-1-hydroxyethyl)-1,3-thiazol-5-yl)carbonyl)-8-azabicyclo[3.2.1]octan-3-yl)-N-methyl-4-sulfamoylbutanamide",,C[C@@H](O)c1ncc(C(=O)N2[C@@H]3CC[C@H]2C[C@H](N(C)C(=O)CCCS(N)(=O)=O)C3)s1,
73185,COc1cc(O)cc(NC(=O)[C@@H]2CCN(C(=O)[C@@H]3[C@H]4COC[C@H]43)C[C@@H]2O)c1,,,COc1cc(O)cc(NC(=O)C2CCN(C(=O)C3[C@H]4COC[C@@H]34)C[C@@H]2O)c1,
73215,Cc1cnsc1C(=O)N1CCC[C@](C)(CNC(=O)[C@@H]2C[C@@H]3CC[C@@H]3C2)C1,,,Cc1cnsc1C(=O)N1CCC[C@](C)(CNC(=O)C2C[C@H]3CC[C@H]3C2)C1,
73310,C=CCC1(CC(=O)N2CC[C@H](NC(=O)[C@H]3C[C@](F)(CO)C3)[C@@H](F)C2)CCCC1,"(1s,3R)-3-fluoro-N-((3S,4S)-3-fluoro-1-(2-(1-(prop-2-en-1-yl)cyclopentyl)acetyl)piperidin-4-yl)-3-(hydroxymethyl)cyclobutanecarboxamide",,C=CCC1(CC(=O)N2CC[C@H](NC(=O)C3CC(F)(CO)C3)[C@@H](F)C2)CCCC1,
73386,CC(C)(C)[C@@H]1CCN(C(=O)[C@@H]2[C@H]3CN(C(=O)C4(C5(C)CC5)CC4)C[C@H]32)C1,,,CC(C)(C)[C@@H]1CCN(C(=O)C2[C@H]3CN(C(=O)C4(C5(C)CC5)CC4)C[C@@H]23)C1,
73392,Cc1oc(C#N)cc1C(=O)N[C@H]1C[C@](F)(CNC(=O)[C@@]2(C)C[C@H]2Br)C1,"N-((1S,3s)-3-(((1R,2R)-2-bromo-1-methylcyclopropanecarboxamido)methyl)-3-fluorocyclobutyl)-5-cyano-2-methylfuran-3-carboxamide",,Cc1oc(C#N)cc1C(=O)N[C@H]1C[C@](F)(CNC(=O)[C@@]2(C)C[C@H]2Br)C1,
73401,CCCCSCC(=O)N[C@]1(C(=O)N[C@H](CO)CCO)C[C@H](O)C1,"2-(butylsulfanyl)-N-((1s,3R)-1-(((2S)-1,4-dihydroxybutan-2-yl)carbamoyl)-3-hydroxycyclobutyl)acetamide",,CCCCSCC(=O)N[C@]1(C(=O)N[C@H](CO)CCO)C[C@H](O)C1,
73407,CCCSCCC(=O)NC[C@H]1COC[C@@H]1NC(=O)[C@H]1C[C@@H]2CC[C@H](C1)O2,,,CCCSCCC(=O)NC[C@H]1COC[C@@H]1NC(=O)C1C[C@H]2CC[C@@H](C1)O2,
73481,CC[C@H](C(=O)N1C[C@H]2[C@H](CC(=O)N(C)CCCOC)[C@H]2C1)N(CC)CC,"2-((1R,5S,6S)-3-((2R)-2-(diethylamino)butanoyl)-3-azabicyclo[3.1.0]hexan-6-yl)-N-(3-methoxypropyl)-N-methylacetamide",,CCC(C(=O)N1C[C@@H]2[C@@H](CC(=O)N(C)CCCOC)[C@@H]2C1)N(CC)CC,
73521,C[C@@H](NC(=O)[C@H]1CN(C(=O)[C@@H]2[C@H]3CN(C)C[C@H]32)CCO1)c1cn[nH]c1,,,C[C@@H](NC(=O)C1CN(C(=O)C2[C@H]3CN(C)C[C@@H]23)CCO1)c1cn[nH]c1,
73527,C[C@@H](CCCCNC(=O)C1(F)CCC(=O)CC1)NC(=O)[C@@H]1[C@@H](C)[C@H]1C,,,C[C@@H]1C(C(=O)N[C@@H](C)CCCCNC(=O)C2(F)CCC(=O)CC2)[C@@H]1C,
73549,CCN(CCCNC(=O)c1ccc(OC(C)C)nn1)C(=O)[C@@H]1[C@H]2CC(F)(F)C[C@H]21,,,CCN(CCCNC(=O)c1ccc(OC(C)C)nn1)C(=O)C1[C@H]2CC(F)(F)C[C@@H]12,
73587,CC(C)(C)OC(=O)N1CCO[C@]2(CC[C@H](NC(=O)C3([S@](C)(=N)=O)CCC3)CC2)C1,tert-butyl 9-(1-((R)-methylsulfonimidoyl)cyclobutanecarboxamido)-1-oxa-4-azaspiro[5.5]undecane-4-carboxylate,C[S@](=O)(=N)C1(CCC1)C(=O)NC1CCC2(CN(CCO2)C(=O)OC(C)(C)C)CC1,CC(C)(C)OC(=O)N1CCO[C@]2(CC[C@H](NC(=O)C3([S@](C)(=N)=O)CCC3)CC2)C1,CC(C)(C)OC(=O)N1CCOC2(CCC(NC(=O)C3([S@](C)(=N)=O)CCC3)CC2)C1
73601,CO[C@H](C(=O)N[C@@H]1[C@H]2C[C@H](NC(=O)Cc3cc(C)on3)C[C@H]21)[C@H]1CCOC1,,,COC(C(=O)N[C@H]1[C@@H]2C[C@@H](NC(=O)Cc3cc(C)on3)C[C@@H]21)[C@H]1CCOC1,
73757,CC(F)(F)CC(=O)N1C[C@H]2C[C@H](NC(=O)/C=C/c3cnc(C(C)(C)C)s3)C[C@H]2C1,,,CC(F)(F)CC(=O)N1C[C@H]2C[C@H](NC(=O)/C=C/c3cnc(C(C)(C)C)s3)C[C@H]2C1,
73761,C[C@@H]1CCN(C(=O)[C@@H]2[C@H]3CCCC[C@H]32)CCN1C(=O)c1cccc2[nH]ncc12,,,C[C@@H]1CCN(C(=O)C2[C@H]3CCCC[C@@H]23)CCN1C(=O)c1cccc2[nH]ncc12,
73763,CSC=CC(=O)N1[C@H]2CC[C@@H]1C[C@](O)(CNC(=O)CC1CC(C)(C)C1)C2,,,CSC=CC(=O)N1[C@@H]2CC[C@H]1C[C@@](O)(CNC(=O)CC1CC(C)(C)C1)C2,
73783,C#CC1(C(=O)N2C[C@H]3[C@@H](C2)[C@@H]3C(N)=O)CCN(C(=O)[C@@H]2CC[C@H](CC)O2)CC1,"(1R,5S,6S)-3-((1-(((2S,5S)-5-ethyloxolan-2-yl)carbonyl)-4-ethynylpiperidin-4-yl)carbonyl)-3-azabicyclo[3.1.0]hexane-6-carboxamide",,C#CC1(C(=O)N2C[C@@H]3C(C(N)=O)[C@@H]3C2)CCN(C(=O)C2CC[C@H](CC)O2)CC1,
73786,Cc1cnc(N[C@H]2C[C@@H](NC(=O)[C@H]3C[C@](F)(CO)C3)C2(C)C)nc1,"(1s,3S)-N-((1R,3S)-2,2-dimethyl-3-((5-methylpyrimidin-2-yl)amino)cyclobutyl)-3-fluoro-3-(hydroxymethyl)cyclobutanecarboxamide",,Cc1cnc(N[C@H]2C[C@@H](NC(=O)C3CC(F)(CO)C3)C2(C)C)nc1,
73808,CC(C)C(C(=O)NC[C@]1(F)C[C@@H](NC(=O)[C@H]2CCc3c[nH]nc32)C1)C(C)C,"N-(((1R,3s)-3-((8S)-2,3-diazabicyclo[3.3.0]octa-1,4-diene-8-carboxamido)-1-fluorocyclobutyl)methyl)-3-methyl-2-(propan-2-yl)butanamide",,CC(C)C(C(=O)NC[C@]1(F)C[C@@H](NC(=O)C2CCc3c[nH]nc32)C1)C(C)C,
73875,CCO[C@@H](C(=O)NC[C@]1(F)C[C@H](CNC(=O)CC#N)C1)C1CCOCC1,"(2R)-N-(((1r,3R)-3-((2-cyanoacetamido)methyl)-1-fluorocyclobutyl)methyl)-2-ethoxy-2-(oxan-4-yl)acetamide",,CCOC(C(=O)NC[C@]1(F)C[C@H](CNC(=O)CC#N)C1)C1CCOCC1,
73978,CCc1c(C(=O)N[C@H]2C[C@](C)(NC(=O)Cc3csc(C)n3)C2)cnn1CC,"1,5-diethyl-N-((1r,3r)-3-methyl-3-(2-(2-methyl-1,3-thiazol-4-yl)acetamido)cyclobutyl)-1H-pyrazole-4-carboxamide",,CCc1c(C(=O)N[C@H]2C[C@](C)(NC(=O)Cc3csc(C)n3)C2)cnn1CC,
73994,C[C@@H]1CC[C@@H](C(=O)N[C@H]2C[C@@](F)(CNC(=O)CNC(=O)NCc3ccco3)C2)C1,"(1R,3R)-N-((1r,3R)-3-fluoro-3-((2-((((furan-2-yl)methyl)carbamoyl)amino)acetamido)methyl)cyclobutyl)-3-methylcyclopentanecarboxamide",,C[C@@H]1CCC(C(=O)N[C@H]2C[C@@](F)(CNC(=O)CNC(=O)NCc3ccco3)C2)C1,
73998,CC(C)=C(F)C(=O)N1C[C@H]2[C@@H](C1)[C@@H]2C(=O)NCc1ncoc1C(C)C,,,CC(C)=C(F)C(=O)N1C[C@@H]2C(C(=O)NCc3ncoc3C(C)C)[C@@H]2C1,
74044,CCOC(=O)[C@H]1C[C@](F)(C(=O)NC[C@@]2(O)CCCN(C(=O)[C@@H](C)SC)C2)C1,"ethyl (1R,3s)-3-fluoro-3-((((3S)-3-hydroxy-1-((2R)-2-(methylsulfanyl)propanoyl)piperidin-3-yl)methyl)carbamoyl)cyclobutanecarboxylate",,CCOC(=O)C1CC(F)(C(=O)NC[C@@]2(O)CCCN(C(=O)C(C)SC)C2)C1,
74076,Cc1n[nH]c(C)c1CC(=O)N[C@]1(C)C[C@@H](NC(=O)c2ncccc2Cl)C1,"N-((1r,3r)-3-(3-chloropyridine-2-carboxamido)-1-methylcyclobutyl)-2-(3,5-dimethyl-1H-pyrazol-4-yl)acetamide",,Cc1n[nH]c(C)c1CC(=O)N[C@]1(C)C[C@@H](NC(=O)c2ncccc2Cl)C1,
74078,CN(Cc1cnccn1)C(=O)C[C@H]1[C@@H]2CN(C(=O)C=CCN3CCC3)C[C@H]12,,,CN(Cc1cnccn1)C(=O)C[C@@H]1[C@H]2CN(C(=O)C=CCN3CCC3)C[C@@H]12,
74111,CC(=O)N1CCC[C@H](C(=O)NC[C@H]2C[C@@](F)(CNC(=O)C=C3CCN(C)C3)C2)C1,"(3S)-1-acetyl-N-(((1r,3S)-3-fluoro-3-((2-(1-methylpyrrolidin-3-ylidene)acetamido)methyl)cyclobutyl)methyl)piperidine-3-carboxamide",,CC(=O)N1CCCC(C(=O)NC[C@H]2C[C@@](F)(CNC(=O)C=C3CCN(C)C3)C2)C1,
74230,Cc1cccc(CC(=O)N2C[C@H]3[C@H](CN(C)C(=O)C4(C5CCC5)CC4)[C@H]3C2)c1,,,Cc1cccc(CC(=O)N2C[C@@H]3[C@@H](CN(C)C(=O)C4(C5CCC5)CC4)[C@@H]3C2)c1,
74299,C=CC[C@@H](C)C(=O)N1C[C@H]2[C@H](CNC(=O)c3c(C)cc(Cl)cc3C)[C@H]2C1,"4-chloro-2,6-dimethyl-N-(((1R,5S,6R)-3-((2R)-2-methylpent-4-enoyl)-3-azabicyclo[3.1.0]hexan-6-yl)methyl)benzamide",,C=CCC(C)C(=O)N1C[C@@H]2[C@@H](CNC(=O)c3c(C)cc(Cl)cc3C)[C@@H]2C1,
74361,C[C@]1(C(=O)NC[C@@]23CCC[C@@H](CN(C(=O)C#CC4CC4)C2)C3)C[C@H](C#N)C1,"(1r,3S)-3-cyano-N-(((1S,5R)-3-(3-cyclopropylprop-2-ynoyl)-3-azabicyclo[3.3.1]nonan-1-yl)methyl)-1-methylcyclobutanecarboxamide",,C[C@]1(C(=O)NC[C@@]23CCC[C@@H](CN(C(=O)C#CC4CC4)C2)C3)C[C@H](C#N)C1,
74383,Cc1cnc(C(=O)NC[C@H]2C[C@](F)(CNC(=O)COCc3scnc3C)C2)cn1,"N-(((1s,3s)-3-fluoro-3-((2-(((4-methyl-1,3-thiazol-5-yl)methyl)oxy)acetamido)methyl)cyclobutyl)methyl)-5-methylpyrazine-2-carboxamide",,Cc1cnc(C(=O)NC[C@H]2C[C@](F)(CNC(=O)COCc3scnc3C)C2)cn1,
74405,N#Cc1cccc(C(=O)N[C@H]2[C@@H]3CN(C(=O)[C@H]4C[C@H]4F)C[C@@H]32)c1Br,"2-bromo-3-cyano-N-((1R,5S,6S)-3-(((1R,2R)-2-fluorocyclopropyl)carbonyl)-3-azabicyclo[3.1.0]hexan-6-yl)benzamide",,N#Cc1cccc(C(=O)N[C@H]2[C@@H]3CN(C(=O)C4C[C@H]4F)C[C@@H]32)c1Br,
74453,CCc1scnc1C(=O)N1C[C@H]2C[C@H](NC(=O)CNC(=O)OC)C[C@H]2C1,,,CCc1scnc1C(=O)N1C[C@H]2C[C@H](NC(=O)CNC(=O)OC)C[C@H]2C1,
74524,CCOC(=O)[C@@H]1C[C@H]1C(=O)N1CC(F)(F)C[C@H]1CNC(=O)[C@H]1CC[C@@](C)(F)CC1,"ethyl (1R,2R)-2-(((2S)-4,4-difluoro-2-(((1s,4R)-4-fluoro-4-methylcyclohexanecarboxamido)methyl)pyrrolidin-1-yl)carbonyl)cyclopropanecarboxylate",,CCOC(=O)C1CC1C(=O)N1CC(F)(F)C[C@H]1CNC(=O)C1CCC(C)(F)CC1,
74563,Cn1ccc(C(=O)N[C@H]2C[C@@H]3C[C@H]2N(C(=O)[C@H]2C[C@@H]4OC(=O)O[C@@H]4C2)C3)c1,,,Cn1ccc(C(=O)N[C@H]2C[C@@H]3C[C@H]2N(C(=O)C2C[C@@H]4OC(=O)O[C@@H]4C2)C3)c1,
74578,Cn1ccnc1[C@@H]1C[C@H]1C(=O)N[C@H]1C[C@@](C)(NC(=O)[C@@H]2CSCCS2)C1,"(2R)-N-((1S,3S)-1-methyl-3-((1R,2R)-2-(1-methyl-1H-imidazol-2-yl)cyclopropanecarboxamido)cyclobutyl)-1,4-dithiane-2-carboxamide",,Cn1ccnc1[C@@H]1CC1C(=O)N[C@H]1C[C@@](C)(NC(=O)C2CSCCS2)C1,
74623,CCN(CC)CC(=O)NC[C@]1(C)CCN(C(=O)[C@]2(C)CC[C@@H](C(C)(C)C)CC2)C1,"N-(((3S)-1-(((1r,4S)-4-(tert-butyl)-1-methylcyclohexyl)carbonyl)-3-methylpyrrolidin-3-yl)methyl)-2-(diethylamino)acetamide",,CCN(CC)CC(=O)NC[C@]1(C)CCN(C(=O)[C@]2(C)CC[C@@H](C(C)(C)C)CC2)C1,
74649,C[C@H]1[C@@H](C)[C@@H]1C(=O)N1CCC(OCCNC(=O)Cc2nc(=N)[nH][nH]2)CC1,,,C[C@@H]1C(C(=O)N2CCC(OCCNC(=O)Cc3n[nH]c(N)n3)CC2)[C@@H]1C,
74781,COC[C@@](C)(OC)C(=O)NC[C@H]1C[C@](F)(CNC(=O)c2ccc(N)c(C)c2C)C1,"(2R)-N-(((1s,3S)-3-((4-amino-2,3-dimethylbenzamido)methyl)-3-fluorocyclobutyl)methyl)-2,3-dimethoxy-2-methylpropanamide",,COC[C@@](C)(OC)C(=O)NC[C@H]1C[C@](F)(CNC(=O)c2ccc(N)c(C)c2C)C1,
74782,O=C(CCc1cnc(O)[nH]1)N[C@H]1[C@@H]2CN(C(=O)Cc3ccsc3Br)C[C@@H]21,,,O=C(CCc1c[nH]c(=O)[nH]1)N[C@H]1[C@@H]2CN(C(=O)Cc3ccsc3Br)C[C@@H]21,
74799,O=C(N[C@@]1(c2cccc(F)c2)CCN(C(=O)CC2CC2)C1)[C@@H]1CC[C@H]2C[C@H]2CC1,,,O=C(N[C@@]1(c2cccc(F)c2)CCN(C(=O)CC2CC2)C1)C1CC[C@@H]2C[C@@H]2CC1,
74811,C[C@H](C(=O)NC1([C@@H]2CCCN(C(=O)[C@@H]3[C@H]4CCC[C@H]43)C2)CC1)N1CCC[C@H](O)C1,,,CC(C(=O)NC1([C@@H]2CCCN(C(=O)C3[C@H]4CCC[C@@H]34)C2)CC1)N1CCC[C@H](O)C1,
74825,C[C@@H](CNC(=O)CCC1CC1)CNC(=O)[C@H]1C[C@](O)(c2ccccc2)C1,"3-cyclopropyl-N-((2S)-3-((1s,3R)-3-hydroxy-3-phenylcyclobutanecarboxamido)-2-methylpropyl)propanamide",,C[C@@H](CNC(=O)CCC1CC1)CNC(=O)C1CC(O)(c2ccccc2)C1,
74887,CC[C@H]1CN(C(=O)[C@@H]2CCCNC2=O)CCN1C(=O)[C@]12CC[C@H](CC1)C2(C)C,"(3R)-3-(((3S)-4-((7,7-dimethylbicyclo[2.2.1]heptan-1-yl)carbonyl)-3-ethylpiperazin-1-yl)carbonyl)piperidin-2-one",CC1(C2(CCC1CC2)C(=O)N2[C@H](CN(CC2)C(=O)[C@H]2C(NCCC2)=O)CC)C,CC[C@H]1CN(C(=O)C2CCCNC2=O)CCN1C(=O)[C@]12CC[C@H](CC1)C2(C)C,CC[C@H]1CN(C(=O)C2CCCNC2=O)CCN1C(=O)C12CCC(CC1)C2(C)C
74912,Cc1cc(-c2ccccc2)nc(N2C[C@H]3[C@@H](C2)[C@@H]3C(=O)Nc2ncncc2Cl)n1,,,Cc1cc(-c2ccccc2)nc(N2C[C@@H]3C(C(=O)Nc4ncncc4Cl)[C@@H]3C2)n1,
74917,CCCC=C[C@H](O)C(=O)N[C@]1(C)C[C@H](NC(=O)C(F)(F)c2ccc(F)cc2)C1,"(2S)-N-((1s,3R)-3-(2,2-difluoro-2-(4-fluorophenyl)acetamido)-1-methylcyclobutyl)-2-hydroxyhept-3-enamide",,CCC=CCC(O)C(=O)N[C@]1(C)C[C@H](NC(=O)C(F)(F)c2ccc(F)cc2)C1,
74926,O=C(N[C@H]1C[C@@H]2C[C@H]1N(C(=O)CCCC1CC1)C2)[C@@H]1C[C@@H]2CSC[C@@H](C2)C1,,,O=C(N[C@H]1C[C@@H]2C[C@H]1N(C(=O)CCCC1CC1)C2)C1C[C@H]2CSC[C@@H](C1)C2,
74991,Cn1nccc1[C@@]1(O)C[C@@H]2CC[C@H](C1)N2C(=O)C[C@H]1CSCCS1,"2-((2S)-1,4-dithian-2-yl)-1-((1R,3S,5S)-3-hydroxy-3-(1-methyl-1H-pyrazol-5-yl)-8-azabicyclo[3.2.1]octan-8-yl)ethan-1-one",,Cn1nccc1[C@]1(O)C[C@H]2CC[C@@H](C1)N2C(=O)C[C@H]1CSCCS1,
75014,COc1c(C)ccc(C(=O)N[C@H]2[C@@H]3CN(C(=O)[C@@H]4CCCN4C4CC4)C[C@@H]32)c1F,"N-((1R,5S,6R)-3-(((2S)-1-cyclopropylpyrrolidin-2-yl)carbonyl)-3-azabicyclo[3.1.0]hexan-6-yl)-2-fluoro-3-methoxy-4-methylbenzamide",,COc1c(C)ccc(C(=O)N[C@H]2[C@@H]3CN(C(=O)C4CCCN4C4CC4)C[C@@H]32)c1F,
75055,CC(=O)NCCCC(=O)N1CC2(NC(=O)[C@@H]3C[C@@H]4C[C@@H]4C3)CC1C2,,,CC(=O)NCCCC(=O)N1CC2(NC(=O)C3C[C@@H]4C[C@@H]4C3)CC1C2,
75095,CNC(=O)N[C@@H](C)C(=O)N1C[C@H]2C[C@H](NC(=O)c3cc(CO)[nH]n3)C[C@H]2C1,"N-((2S)-1-((1R,5S,7R)-7-(5-(hydroxymethyl)-1H-pyrazole-3-carboxamido)-3-azabicyclo[3.3.0]octan-3-yl)-1-oxopropan-2-yl)-N'-methylurea",,CNC(=O)NC(C)C(=O)N1C[C@H]2C[C@H](NC(=O)c3cc(CO)[nH]n3)C[C@H]2C1,
75126,C#CCCCCC(=O)N(C)C[C@H]1[C@@H]2CN(C(=O)c3c[nH]c4c(C)cccc34)C[C@H]12,,,C#CCCCCC(=O)N(C)C[C@@H]1[C@H]2CN(C(=O)c3c[nH]c4c(C)cccc34)C[C@@H]12,
75143,Cc1cc(Br)ccc1NC(=O)CN(C)C(=O)[C@@H]1C[C@@H]2CSC[C@@H](C2)C1,,,Cc1cc(Br)ccc1NC(=O)CN(C)C(=O)C1C[C@H]2CSC[C@@H](C1)C2,
75158,C[C@@]1(C(=O)N2C[C@H]3[C@H](NC(=O)c4ccc(O)c(CO)c4)[C@H]3C2)C[C@H]1C(F)(F)F,"4-hydroxy-3-(hydroxymethyl)-N-((1R,5S,6S)-3-(((1R,2R)-1-methyl-2-(trifluoromethyl)cyclopropyl)carbonyl)-3-azabicyclo[3.1.0]hexan-6-yl)benzamide",,C[C@@]1(C(=O)N2C[C@@H]3[C@H](C2)[C@H]3NC(=O)c2ccc(O)c(CO)c2)C[C@H]1C(F)(F)F,
75171,C=C[C@@](C)(O)CC(=O)N[C@H]1[C@@H]2CN(C(=O)c3cnc(OC)c(C)n3)C[C@@H]21,,,C=C[C@@](C)(O)CC(=O)N[C@H]1[C@@H]2CN(C(=O)c3cnc(OC)c(C)n3)C[C@@H]21,
75220,CN(CC(C)(C)CO)C(=O)/C=C/[C@@H]1CCCN1C(=O)C[C@@H]1C[C@H]2C[C@H]2C1,,,CN(CC(C)(C)CO)C(=O)/C=C/[C@@H]1CCCN1C(=O)C[C@H]1C[C@@H]2C[C@@H]2C1,
75407,CC(C)c1sc(Cl)nc1C(=O)N[C@H]1C[C@](C)(NC(=O)[C@@H]2CNC(=O)N2)C1,"2-chloro-N-((1S,3r)-3-methyl-3-((4S)-2-oxoimidazolidine-4-carboxamido)cyclobutyl)-5-(propan-2-yl)-1,3-thiazole-4-carboxamide",,CC(C)c1sc(Cl)nc1C(=O)N[C@H]1C[C@](C)(NC(=O)C2CNC(=O)N2)C1,
75414,O=C(c1ncc(C(F)F)s1)N1C[C@@H]2CN(C(=O)[C@H]3C[C@H]4COC[C@H](C4)C3)C[C@@H]2C1,,,O=C(c1ncc(C(F)F)s1)N1C[C@@H]2CN(C(=O)C3C[C@H]4COC[C@@H](C3)C4)C[C@@H]2C1,
75415,CC(=CC1CCCC1)C(=O)N[C@H]1C[C@](C)(NC(=O)CCCn2ccnn2)C1,"N-((1r,3r)-3-(3-cyclopentyl-2-methylprop-2-enamido)-1-methylcyclobutyl)-4-(1H-1,2,3-triazol-1-yl)butanamide",,CC(=CC1CCCC1)C(=O)N[C@H]1C[C@](C)(NC(=O)CCCn2ccnn2)C1,
75551,CCn1ncnc1C(=O)N1C[C@H]2[C@H](CN(C)C(=O)Cc3cnn(C)c3C)[C@H]2C1,,,CCn1ncnc1C(=O)N1C[C@@H]2[C@@H](CN(C)C(=O)Cc3cnn(C)c3C)[C@@H]2C1,
75607,C[C@@H](C(=O)N1C[C@H]2[C@H](N(C)C(=O)Cc3cnn4ccccc34)[C@H]2C1)c1cccs1,"N-methyl-2-(pyrazolo[1,5-a]pyridin-3-yl)-N-((1R,5S,6R)-3-((2S)-2-(thiophen-2-yl)propanoyl)-3-azabicyclo[3.1.0]hexan-6-yl)acetamide",,CC(C(=O)N1C[C@@H]2[C@H](C1)[C@H]2N(C)C(=O)Cc1cnn2ccccc12)c1cccs1,
75669,O=C(Cc1ccc2n[nH]cc2c1)N[C@H]1[C@@H]2CN(C(=O)[C@@H]3C[C@@H]3CF)C[C@@H]21,"N-((1R,5S,6S)-3-(((1R,2S)-2-(fluoromethyl)cyclopropyl)carbonyl)-3-azabicyclo[3.1.0]hexan-6-yl)-2-(2H-indazol-5-yl)acetamide",,O=C(Cc1ccc2[nH]ncc2c1)N[C@H]1[C@@H]2CN(C(=O)C3C[C@@H]3CF)C[C@@H]21,
75674,COc1cccc(Br)c1CN1C[C@H]2C[C@H](NC(=O)[C@H]3C[C@@H]3C)C[C@H]2C1,,,COc1cccc(Br)c1CN1C[C@H]2C[C@H](NC(=O)C3C[C@@H]3C)C[C@H]2C1,
75762,O=C(CCC1CCC1)NC[C@]1(F)C[C@H](CNC(=O)[C@@H]2C[C@]23CCOC3)C1,"3-cyclobutyl-N-(((1R,3r)-1-fluoro-3-(((1R,3S)-5-oxaspiro[2.4]heptane-1-carboxamido)methyl)cyclobutyl)methyl)propanamide",,O=C(CCC1CCC1)NC[C@]1(F)C[C@H](CNC(=O)C2C[C@]23CCOC3)C1,
75808,COC(=O)[C@@]1(NC(=O)Cc2ccc(Br)c(Cl)c2)[C@@H](C)[C@H]1C,,,COC(=O)[C@]1(NC(=O)Cc2ccc(Br)c(Cl)c2)[C@H](C)[C@@H]1C,
75824,CCN(C[C@@H](C)NC(=O)c1sc(C2CCCC2)nc1C)C(=O)[C@@H]1[C@@H](C)[C@H]1C,,,CCN(C[C@@H](C)NC(=O)c1sc(C2CCCC2)nc1C)C(=O)C1[C@@H](C)[C@H]1C,
75846,C[C@H](O)CCCNC(=O)[C@H]1C[C@@H]2C[C@H](C1)CC(F)(F)C2,,,C[C@H](O)CCCNC(=O)C1C[C@@H]2C[C@H](C1)CC(F)(F)C2,
75949,C[C@H](O)CN(C)C(=O)C1CC2(CCN(C(=O)[C@@H]3C[C@@H]4CC[C@@H]4C3)C2)C1,,,C[C@H](O)CN(C)C(=O)C1CC2(CCN(C(=O)C3C[C@H]4CC[C@H]4C3)C2)C1,
75955,COc1ccccc1NC(=O)CCN1C[C@H]2[C@@H](C1)[C@@H]2C(=O)N1C[C@H]2[C@@H](O)C[C@H]2C1,,,COc1ccccc1NC(=O)CCN1C[C@@H]2C(C(=O)N3C[C@@H]4C[C@H](O)[C@@H]4C3)[C@@H]2C1,
76004,CN(CCO)CC(=O)N[C@H]1CCC12CCN(C(=O)[C@]1(C)C[C@@H](C#N)C1)CC2,"N-((1S)-7-(((1r,3S)-3-cyano-1-methylcyclobutyl)carbonyl)-7-azaspiro[3.5]nonan-1-yl)-2-((2-hydroxyethyl)(methyl)amino)acetamide",,CN(CCO)CC(=O)N[C@H]1CCC12CCN(C(=O)[C@]1(C)C[C@@H](C#N)C1)CC2,
76022,Cc1cccn2c(C(=O)NC[C@@H]3CC(F)(F)CN3C(=O)[C@H]3C[C@@H]4C[C@@H]4C3)cnc12,,,Cc1cccn2c(C(=O)NC[C@@H]3CC(F)(F)CN3C(=O)C3C[C@@H]4C[C@@H]4C3)cnc12,
76155,CCOc1nc(NC[C@]2(F)C[C@H](NC(=O)COc3ccc(C)cc3)C2)ncc1Cl,"N-((1r,3r)-3-(((5-chloro-4-ethoxypyrimidin-2-yl)amino)methyl)-3-fluorocyclobutyl)-2-((4-methylphenyl)oxy)acetamide",,CCOc1nc(NC[C@]2(F)C[C@H](NC(=O)COc3ccc(C)cc3)C2)ncc1Cl,
76207,C[C@@]1(C(=O)N2C[C@H]3[C@@H](C2)[C@@H]3C(=O)N[C@H]2CCCn3ccnc32)C[C@@H]2C[C@@H]2C1,,,C[C@]1(C(=O)N2C[C@@H]3C(C(=O)N[C@H]4CCCn5ccnc54)[C@@H]3C2)C[C@H]2C[C@H]2C1,
76226,C=CC[C@H](CC(C)C)C(=O)NC[C@]1(F)C[C@@H](NC(=O)c2coc(C(F)F)n2)C1,"(2S)-N-(((1s,3R)-3-(2-(difluoromethyl)-1,3-oxazole-4-carboxamido)-1-fluorocyclobutyl)methyl)-2-(2-methylpropyl)pent-4-enamide",,C=CCC(CC(C)C)C(=O)NC[C@]1(F)C[C@@H](NC(=O)c2coc(C(F)F)n2)C1,
76247,C[C@H]1CN(C(=O)[C@@H]2[C@H]3CC(F)(F)C[C@H]32)CCN1C(=O)C[C@H](O)C(Cl)(Cl)Cl,,,C[C@H]1CN(C(=O)C2[C@H]3CC(F)(F)C[C@@H]23)CCN1C(=O)C[C@H](O)C(Cl)(Cl)Cl,
76257,CCOC1CC(C(=O)N(C)[C@H]2[C@@H]3CN(C(=O)CCc4ncccc4C)C[C@@H]32)C1,,,CCOC1CC(C(=O)N(C)[C@H]2[C@@H]3CN(C(=O)CCc4ncccc4C)C[C@@H]32)C1,
76297,O=C(c1c[nH]c(Br)c1)N1CCCC[C@@H](C2CN(C(=O)[C@@H]3[C@H]4[C@@H]5CC[C@@H](C5)[C@H]43)C2)C1,,,O=C(c1c[nH]c(Br)c1)N1CCCC[C@@H](C2CN(C(=O)C3[C@@H]4[C@H]5CC[C@H](C5)[C@H]34)C2)C1,
76308,C[C@]1(CC(=O)N2C[C@H]3[C@H](CNC(=O)c4cnc5c(c4)CCCC5)[C@H]3C2)CCCO1,"N-(((1R,5S,6R)-3-(2-((2R)-2-methyloxolan-2-yl)acetyl)-3-azabicyclo[3.1.0]hexan-6-yl)methyl)-5,6,7,8-tetrahydroquinoline-3-carboxamide",,C[C@]1(CC(=O)N2C[C@@H]3[C@@H](CNC(=O)c4cnc5c(c4)CCCC5)[C@@H]3C2)CCCO1,
76358,CC[C@H](CC(=O)N[C@]1(C)C[C@@H](NC(=O)[C@H](O)CSC)C1)C(F)F,"(3R)-3-(difluoromethyl)-N-((1S,3R)-3-((2S)-2-hydroxy-3-(methylsulfanyl)propanamido)-1-methylcyclobutyl)pentanamide",,CC[C@H](CC(=O)N[C@]1(C)C[C@@H](NC(=O)C(O)CSC)C1)C(F)F,
76455,CC(C)(C)c1ccc(SCC(=O)NCC#CCNC(=O)[C@@H]2[C@H]3COC[C@H]32)cc1,,,CC(C)(C)c1ccc(SCC(=O)NCC#CCNC(=O)C2[C@H]3COC[C@@H]23)cc1,
76459,CC(C)[C@@H](O)CC(=O)NC[C@H]1C[C@@H]2CC[C@H](C1)N2C(=O)c1ccc2occc2n1,,,CC(C)[C@@H](O)CC(=O)NC[C@@H]1C[C@H]2CC[C@@H](C1)N2C(=O)c1ccc2occc2n1,
76465,CCOC(=O)CC(=O)N1[C@H]2CC[C@@H]1C[C@H](CNC(=O)[C@@](C)(CC)C(N)=O)C2,,,CCOC(=O)CC(=O)N1[C@@H]2CC[C@H]1C[C@@H](CNC(=O)[C@@](C)(CC)C(N)=O)C2,
76470,COCC1(C(=O)N2C[C@H](NC(=O)[C@H]3C[C@H](OC)[C@H](OC)C3)C3(CCC3)C2)COC1,,,COCC1(C(=O)N2C[C@H](NC(=O)C3C[C@H](OC)[C@H](OC)C3)C3(CCC3)C2)COC1,
76484,N=c1[nH]c(=NCCCSc2nccs2)[nH]c(=N[C@H]2C[C@@H]3C[C@H](C2)CS(=O)(=O)C3)[nH]1,,,Nc1nc(NCCCSc2nccs2)nc(N[C@@H]2C[C@H]3C[C@@H](C2)CS(=O)(=O)C3)n1,
76515,Cc1cc(C(=O)NCCNC(=O)[C@@H]2[C@H]3CC[C@H]32)nn1C,,,Cc1cc(C(=O)NCCNC(=O)C2[C@H]3CC[C@@H]23)nn1C,
76555,CC1(CC(=O)Nc2ncc[nH]2)CN(C(=O)[C@@H]2[C@H]3COC[C@H]32)C1,,,CC1(CC(=O)Nc2ncc[nH]2)CN(C(=O)C2[C@H]3COC[C@@H]23)C1,
76598,CN(C)S(=O)(=O)CCCN=c1[nH]c(=N[C@H]2C[C@@H]3CSC[C@@H]3C2)[nH]c2c1COCC2,,,CN(C)S(=O)(=O)CCCNc1nc(N[C@@H]2C[C@H]3CSC[C@H]3C2)nc2c1COCC2,
76690,CN(C(=O)c1cc(O)cc(O)n1)[C@H]1[C@@H]2CN(C(=O)c3cncc4[nH]ccc34)C[C@@H]21,,,CN(C(=O)c1cc(=O)cc(O)[nH]1)[C@H]1[C@@H]2CN(C(=O)c3cncc4[nH]ccc34)C[C@@H]21,
76731,CCC=C(F)C(=O)NC[C@]1(F)C[C@H](NC(=O)[C@@H]2CCc3nncn3C2)C1,"2-fluoro-N-(((1R,3r)-1-fluoro-3-((6R)-5,6,7,8-tetrahydro[1,2,4]triazolo[4,3-a]pyridine-6-carboxamido)cyclobutyl)methyl)pent-2-enamide",,CCC=C(F)C(=O)NC[C@]1(F)C[C@H](NC(=O)C2CCc3nncn3C2)C1,
76743,CCC[C@H](NC(=O)[C@H]1C[C@@](C)(NC(=O)c2nccs2)C1)C(=O)NC,"N-((1R,3s)-1-methyl-3-(((2S)-1-(methylamino)-1-oxopentan-2-yl)carbamoyl)cyclobutyl)-1,3-thiazole-2-carboxamide",,CCCC(NC(=O)C1CC(C)(NC(=O)c2nccs2)C1)C(=O)NC,
76746,CNC(=O)CCC(=O)N1C[C@H]2[C@H](NC(=O)C(C)(C)c3ccccc3Br)[C@H]2C1,,,CNC(=O)CCC(=O)N1C[C@@H]2[C@H](C1)[C@H]2NC(=O)C(C)(C)c1ccccc1Br,
76751,C[C@H]1[C@@H](C)[C@@H]1C(=O)N(C)CC[C@@H](C)NC(=O)c1csc(-c2cn[nH]c2)n1,,,C[C@H](CCN(C)C(=O)C1[C@@H](C)[C@H]1C)NC(=O)c1csc(-c2cn[nH]c2)n1,
76764,Cc1[nH]nc(C(=O)N[C@H]2C[C@@](F)(CN=c3ccc4c([nH]3)CCCC4=O)C2)c1C,"N-((1r,3r)-3-fluoro-3-(((7-oxo-2-azabicyclo[4.4.0]deca-1(6),4-dien-3-ylidene)amino)methyl)cyclobutyl)-4,5-dimethyl-1H-pyrazole-3-carboxamide",,Cc1[nH]nc(C(=O)N[C@H]2C[C@@](F)(CNc3ccc4c(n3)CCCC4=O)C2)c1C,
76793,CC[C@]1(C(=O)NCC2(NC(=O)c3ccn4ccnc4n3)CCC2)CC[C@@H](O)CC1,"N-(1-(((1s,4s)-1-ethyl-4-hydroxycyclohexanecarboxamido)methyl)cyclobutyl)imidazo[1,2-a]pyrimidine-7-carboxamide",,CC[C@]1(C(=O)NCC2(NC(=O)c3ccn4ccnc4n3)CCC2)CC[C@@H](O)CC1,
76796,CCCCC(=O)N[C@H]1C[C@](F)(CNC(=O)C2=NOC(C)(C)C2)C1,"N-((1s,3s)-3-((5,5-dimethyl-4,5-dihydro-1,2-oxazole-3-carboxamido)methyl)-3-fluorocyclobutyl)pentanamide",,CCCCC(=O)N[C@H]1C[C@](F)(CNC(=O)C2=NOC(C)(C)C2)C1,
76803,Cc1cccc(CCNC(=O)[C@H]2C[C@@H](CNC(=O)[C@@H]3[C@H]4CCC[C@H]43)C2)n1,,,Cc1cccc(CCNC(=O)C2CC(CNC(=O)C3[C@H]4CCC[C@@H]34)C2)n1,
76937,CSc1ccc(O[C@H](C)C(=O)N[C@]2(C)C[C@@H](NC(=O)C(F)F)C2)cc1,"(2R)-N-((1r,3R)-3-(2,2-difluoroacetamido)-1-methylcyclobutyl)-2-((4-(methylsulfanyl)phenyl)oxy)propanamide",,CSc1ccc(OC(C)C(=O)N[C@]2(C)C[C@@H](NC(=O)C(F)F)C2)cc1,
76970,Cc1nc(S)sc1CC(=O)N1CC[C@H]2CN(C(=O)[C@H]3C[C@@H]4C[C@@H]4C3)C[C@H]2C1,,,Cc1[nH]c(=S)sc1CC(=O)N1CC[C@H]2CN(C(=O)C3C[C@@H]4C[C@@H]4C3)C[C@H]2C1,
76988,NC(=O)c1ccc(C(=O)N[C@@H]2C[C@@H]3CC[C@H](C2)N3C(=O)[C@H]2CCCC23CCC3)s1,"N-((1R,3S,5S)-8-(((5S)-spiro[3.4]octan-5-yl)carbonyl)-8-azabicyclo[3.2.1]octan-3-yl)thiophene-2,5-dicarboxamide",,NC(=O)c1ccc(C(=O)N[C@H]2C[C@H]3CC[C@@H](C2)N3C(=O)C2CCCC23CCC3)s1,
77014,C#CC[C@]1(O)C[C@@H](C(=O)N2CCC(C#C)(C(=O)N3C[C@@H](O)C[C@@H]3C)CC2)C1,"(4-ethynyl-4-(((2S,4S)-4-hydroxy-2-methylpyrrolidin-1-yl)carbonyl)piperidin-1-yl)((1s,3R)-3-hydroxy-3-(prop-2-yn-1-yl)cyclobutyl)methanone",,C#CCC1(O)CC(C(=O)N2CCC(C#C)(C(=O)N3C[C@@H](O)C[C@@H]3C)CC2)C1,
77019,C=CC[C@@H](CNC(=O)[C@@H]1C[C@@H]2OC(=O)O[C@@H]2C1)NC(=O)CNC(=O)CC(C)(C)C,,,C=CC[C@@H](CNC(=O)C1C[C@@H]2OC(=O)O[C@@H]2C1)NC(=O)CNC(=O)CC(C)(C)C,
77066,CCc1nc(=N)[nH]cc1C(=O)NC[C@]1(F)C[C@H](NC(=O)c2cc(Cl)sc2Cl)C1,"N-(((1r,3r)-3-(2,5-dichlorothiophene-3-carboxamido)-1-fluorocyclobutyl)methyl)-4-ethyl-2-imino-1,2-dihydropyrimidine-5-carboxamide",,CCc1nc(N)ncc1C(=O)NC[C@]1(F)C[C@H](NC(=O)c2cc(Cl)sc2Cl)C1,
77128,Cc1c(Cl)nc(CC(C)C)nc1N(C)CCCNC(=O)[C@@H]1C[C@@H]2C[C@@H]2C1,,,Cc1c(Cl)nc(CC(C)C)nc1N(C)CCCNC(=O)C1C[C@@H]2C[C@@H]2C1,
77156,CS[C@H](C(=O)NC[C@H]1[C@@H]2CN(C(=O)CN3C[C@H]4C[C@H]4C3)C[C@H]12)C(C)(C)C,,,CSC(C(=O)NC[C@@H]1[C@H]2CN(C(=O)CN3C[C@H]4C[C@H]4C3)C[C@@H]12)C(C)(C)C,
77199,COC(=O)c1cc(C(=O)N2C[C@H]3[C@H](NC(=O)[C@@H](CCO)N(C)C)[C@H]3C2)c(C)s1,,,COC(=O)c1cc(C(=O)N2C[C@@H]3[C@H](C2)[C@H]3NC(=O)C(CCO)N(C)C)c(C)s1,
77214,COc1cccc(C=CC(=O)NC2CN(C(=O)[C@H]3C[C@H]4[C@@H](C3)C4(C)C)C2)c1,,,COc1cccc(C=CC(=O)NC2CN(C(=O)C3C[C@@H]4[C@H](C3)C4(C)C)C2)c1,
77239,Cc1c[nH]c(C(=O)N[C@H]2C[C@@H]3CN(Cc4c(Cl)cccc4Cl)C[C@@H]3C2)c1,,,Cc1c[nH]c(C(=O)N[C@H]2C[C@@H]3CN(Cc4c(Cl)cccc4Cl)C[C@@H]3C2)c1,
77241,C[C@H](CNC(=O)N[C@H]1[C@@H]2CN(Cc3ccccc3)C[C@@H]21)c1cccc(Cl)c1F,,,C[C@H](CNC(=O)N[C@H]1[C@@H]2CN(Cc3ccccc3)C[C@@H]21)c1cccc(Cl)c1F,
77272,NC(=O)CCN(CCc1ccccc1)C(=O)[C@@H]1[C@H]2CN(C3[C@H]4CNC[C@H]3C4)C[C@H]21,"3-(N-(2-phenylethyl)(1R,5S,6R)-3-((1R,5R)-3-azabicyclo[3.1.1]heptan-6-yl)-3-azabicyclo[3.1.0]hexane-6-carboxamido)propanamide",,NC(=O)CCN(CCc1ccccc1)C(=O)C1[C@H]2CN(C3[C@H]4CNC[C@H]3C4)C[C@@H]12,
77389,CC[C@@H](NC(=O)[C@@H]1[C@H]2CN(c3ncccc3SC)C[C@H]21)C(=O)N(C)C,,,CCC(NC(=O)C1[C@H]2CN(c3ncccc3SC)C[C@@H]12)C(=O)N(C)C,
77520,CN1C[C@H](C(=O)N2C[C@H]3C[C@@H](C(=O)Nc4cccc(F)c4F)C[C@H]3C2)CCC1=O,"(1R,5S,7R)-N-(2,3-difluorophenyl)-3-(((3R)-1-methyl-6-oxopiperidin-3-yl)carbonyl)-3-azabicyclo[3.3.0]octane-7-carboxamide",,CN1CC(C(=O)N2C[C@H]3CC(C(=O)Nc4cccc(F)c4F)C[C@H]3C2)CCC1=O,
77556,O=C(N[C@H]1C[C@@H]2C[C@H](C1)CN(C(=O)Cc1cccc(F)c1F)C2)c1cccnc1,,,O=C(N[C@@H]1C[C@H]2C[C@@H](C1)CN(C(=O)Cc1cccc(F)c1F)C2)c1cccnc1,
77589,CCC[C@@H](NS(=O)(=O)c1cccnc1NC[C@@]1(C)C[C@@H]2C[C@@H]2C1)c1ccccc1,,,CCC[C@@H](NS(=O)(=O)c1cccnc1NC[C@]1(C)C[C@H]2C[C@H]2C1)c1ccccc1,
77607,CC[C@@H](CC(=O)N[C@H]1C[C@@H]2C[C@H](C1)CN(C(=O)[C@H](O)c1ccco1)C2)C(F)F,"(3S)-3-(difluoromethyl)-N-((1R,5S,7S)-3-((2R)-2-(furan-2-yl)-2-hydroxyacetyl)-3-azabicyclo[3.3.1]nonan-7-yl)pentanamide",,CC[C@@H](CC(=O)N[C@@H]1C[C@H]2C[C@@H](C1)CN(C(=O)C(O)c1ccco1)C2)C(F)F,
77611,O=C(NC[C@H]1[C@H](O)[C@H](O)CN1C(=O)[C@@H]1[C@H]2COC[C@H]21)c1cnco1,,,O=C(NC[C@H]1[C@H](O)[C@H](O)CN1C(=O)C1[C@H]2COC[C@@H]12)c1cnco1,
77666,O=C(OC[C@H]1C[C@H]2COC[C@H](C2)C1)c1ccc(-c2cccs2)cn1,,,O=C(OC[C@@H]1C[C@@H]2COC[C@@H](C2)C1)c1ccc(-c2cccs2)cn1,
77686,C[C@@H](NC(=O)[C@H]1C[C@](F)(CO)C1)C1(O)CCN(C(=O)C[C@@H](O)CN(C)C)CC1,"(1s,3S)-N-((1R)-1-(1-((3R)-4-(dimethylamino)-3-hydroxybutanoyl)-4-hydroxypiperidin-4-yl)ethyl)-3-fluoro-3-(hydroxymethyl)cyclobutanecarboxamide",,C[C@@H](NC(=O)C1CC(F)(CO)C1)C1(O)CCN(C(=O)C[C@@H](O)CN(C)C)CC1,
77728,CC=C[C@H](O)C(=O)N[C@H]1C[C@@H]2CN(C(=O)c3cc(Cl)cc(C)c3N)C[C@@H]2C1,,,CC=CC(O)C(=O)N[C@H]1C[C@@H]2CN(C(=O)c3cc(Cl)cc(C)c3N)C[C@@H]2C1,
77798,CC(C)(C(=O)NC[C@](C)(CO)NC(=O)[C@@H]1[C@H]2COC[C@H]21)c1cccc(F)c1,,,CC(C)(C(=O)NC[C@](C)(CO)NC(=O)C1[C@H]2COC[C@@H]12)c1cccc(F)c1,
77799,C#C[C@]1(O)C[C@@H](C(=O)N2CC3(NC(=O)CC45CC6CC(CC(C6)C4)C5)CC2C3)C1,"2-(adamantan-1-yl)-N-(2-(((1s,3s)-3-ethynyl-3-hydroxycyclobutyl)carbonyl)-2-azabicyclo[2.1.1]hexan-4-yl)acetamide",,C#CC1(O)CC(C(=O)N2CC3(NC(=O)CC45CC6CC(CC(C6)C4)C5)CC2C3)C1,
77872,C=CCC(=O)N[C@@H]1C[C@H]2C[C@@H]1CN(C(=O)[C@H]1C[C@@](F)(CO)C1)C2,"N-((1R,5R,6R)-3-(((1r,3R)-3-fluoro-3-(hydroxymethyl)cyclobutyl)carbonyl)-3-azabicyclo[3.2.1]octan-6-yl)but-3-enamide",,C=CCC(=O)N[C@@H]1C[C@H]2C[C@@H]1CN(C(=O)C1CC(F)(CO)C1)C2,
77985,C[C@H]1[C@@H](C)[C@@H]1C(=O)N1CCCC[C@@H](NC(=O)[C@H]2C[C@H](N(C)C)C2)C1,,,C[C@@H]1C(C(=O)N2CCCC[C@@H](NC(=O)C3CC(N(C)C)C3)C2)[C@@H]1C,
78065,CC[C@H](F)C(=O)N1C[C@H]2[C@H](NC(=O)Cc3ccc4c(c3)ncn4C)[C@H]2C1,"N-((1R,5S,6R)-3-((2S)-2-fluorobutanoyl)-3-azabicyclo[3.1.0]hexan-6-yl)-2-(1-methyl-1H-benzimidazol-5-yl)acetamide",,CCC(F)C(=O)N1C[C@@H]2[C@H](C1)[C@H]2NC(=O)Cc1ccc2c(c1)ncn2C,
78138,CCN(CCN(CC)C(=O)[C@@H]1[C@H]2CC[C@H]21)C(=O)c1ccc(NS(C)(=O)=O)nc1,,,CCN(CCN(CC)C(=O)C1[C@H]2CC[C@@H]12)C(=O)c1ccc(NS(C)(=O)=O)nc1,
78165,CC[C@@H]1CN(C(=O)c2cccc[n+]2[O-])CC[C@H]1NC(=O)[C@H]1C[C@](F)(CO)C1,"(1s,3S)-N-((3R,4R)-3-ethyl-1-((1-oxidopyridin-1-ium-2-yl)carbonyl)piperidin-4-yl)-3-fluoro-3-(hydroxymethyl)cyclobutanecarboxamide",,CC[C@@H]1CN(C(=O)c2cccc[n+]2[O-])CC[C@H]1NC(=O)C1CC(F)(CO)C1,
78174,Cc1ccoc1C(=O)N[C@H]1C[C@](C)(NC(=O)c2cccc(C(F)F)c2F)C1,"N-((1r,3r)-3-(3-(difluoromethyl)-2-fluorobenzamido)-3-methylcyclobutyl)-3-methylfuran-2-carboxamide",,Cc1ccoc1C(=O)N[C@H]1C[C@](C)(NC(=O)c2cccc(C(F)F)c2F)C1,
78311,CC(C)CCC[C@@H](C)C(=O)N1CCO[C@H]2CN(C(=O)[C@@H]3[C@H]4COC[C@H]43)C[C@H]21,,,CC(C)CCCC(C)C(=O)N1CCO[C@H]2CN(C(=O)C3[C@H]4COC[C@@H]34)C[C@H]21,
78313,COc1noc(C)c1C(=O)NC[C@H]1CN(C(=O)[C@@H]2[C@H]3CCCC[C@H]32)C(C)(C)C1,,,COc1noc(C)c1C(=O)NC[C@H]1CN(C(=O)C2[C@H]3CCCC[C@@H]23)C(C)(C)C1,
78466,O=C(N[C@H]1C[C@@H](NC(=O)[C@H]2C[C@](F)(CO)C2)C1)c1ccnc2ccc(O)cc12,"N-(cis-3-((1s,3s)-3-fluoro-3-(hydroxymethyl)cyclobutanecarboxamido)cyclobutyl)-6-hydroxyquinoline-4-carboxamide",,O=C(N[C@H]1C[C@@H](NC(=O)C2CC(F)(CO)C2)C1)c1ccnc2ccc(O)cc12,
78521,C[C@]1(NC(=O)c2ccsc2Cl)C[C@@H](NC(=O)[C@@H]2CC(=O)N(c3ccccc3)C2)C1,"(3R)-N-((1s,3S)-3-(2-chlorothiophene-3-carboxamido)-3-methylcyclobutyl)-5-oxo-1-phenylpyrrolidine-3-carboxamide",,C[C@]1(NC(=O)c2ccsc2Cl)C[C@@H](NC(=O)C2CC(=O)N(c3ccccc3)C2)C1,
78525,CC(C)C(=O)N[C@]1(C)C[C@H](C(=O)N[C@H]2C[C@H](O)[C@H](O)C2)C1,,,CC(C)C(=O)NC1(C)CC(C(=O)N[C@@H]2C[C@@H](O)[C@@H](O)C2)C1,
78534,COCCCNC(=O)[C@@H](Cc1ccco1)NC(=O)[C@H]1C[C@@H]2CC[C@H](C1)O2,,,COCCCNC(=O)C(Cc1ccco1)NC(=O)C1C[C@H]2CC[C@@H](C1)O2,
78576,CN(C)[C@H]1[C@@H]2CN(C(=O)CCN(C(=O)C3CC(=O)CC(=O)C3)C3CC3)C[C@@H]21,,,CN(C)[C@H]1[C@@H]2CN(C(=O)CCN(C(=O)C3CC(=O)CC(=O)C3)C3CC3)C[C@@H]21,
78639,CCNC(=O)C(=O)N1C[C@H]2CC[C@]2(CC(=O)NC[C@]2(O)C[C@@H](O)C2)C1,"N-(((1s,3S)-1,3-dihydroxycyclobutyl)methyl)-2-((1R,5S)-3-(2-(ethylamino)-1,2-dioxoethyl)-3-azabicyclo[3.2.0]heptan-1-yl)acetamide",,CCNC(=O)C(=O)N1C[C@H]2CC[C@]2(CC(=O)NC[C@]2(O)C[C@@H](O)C2)C1,
78667,Cc1cnnn1CCNC(=O)[C@H](NC(=O)[C@H]1C[C@@](C)(O)C1)c1ccoc1,"(2R)-2-(furan-3-yl)-2-((1s,3S)-3-hydroxy-3-methylcyclobutanecarboxamido)-N-(2-(5-methyl-1H-1,2,3-triazol-1-yl)ethyl)acetamide",,Cc1cnnn1CCNC(=O)C(NC(=O)C1CC(C)(O)C1)c1ccoc1,
78679,Cn1cc(F)cc1C(=O)N1C[C@H]2[C@@H](C1)[C@@H]2C(=O)N1CC=CC[C@@H]1c1cccnc1,,,Cn1cc(F)cc1C(=O)N1C[C@@H]2C(C(=O)N3CC=CC[C@@H]3c3cccnc3)[C@@H]2C1,
78693,CCC[C@H](CC)CCC(=O)N1CCC2(CC1)C[C@H]2NC(=O)[C@H]1C[C@](F)(CO)C1,"(1s,3S)-N-((1R)-6-((4S)-4-ethylheptanoyl)-6-azaspiro[2.5]octan-1-yl)-3-fluoro-3-(hydroxymethyl)cyclobutanecarboxamide",,CCC[C@H](CC)CCC(=O)N1CCC2(CC1)C[C@H]2NC(=O)C1CC(F)(CO)C1,
78703,CCc1conc1CC(=O)N[C@@H](C)CCNC(=O)[C@@H]1[C@H]2COC(C)(C)OC[C@H]21,,,CCc1conc1CC(=O)N[C@@H](C)CCNC(=O)C1[C@H]2COC(C)(C)OC[C@@H]12,
78736,CN(C)CC/C(Cl)=C/C(=O)N[C@@H]1C[C@@H]2C[C@H](NC(=O)CC3=NNC(=O)C3)C[C@@H]2C1,,,CN(C)CC/C(Cl)=C/C(=O)N[C@@H]1C[C@@H]2C[C@H](NC(=O)Cc3cc(=O)[nH][nH]3)C[C@@H]2C1,
78799,C[C@@H]1Cc2cccc(C(=O)N[C@H]3C[C@@](F)(CNC(=O)C4(C)CCC4)C3)c2O1,"(2R)-N-((1r,3R)-3-fluoro-3-((1-methylcyclobutanecarboxamido)methyl)cyclobutyl)-2-methyl-2,3-dihydro-1-benzofuran-7-carboxamide",,C[C@@H]1Cc2cccc(C(=O)N[C@H]3C[C@@](F)(CNC(=O)C4(C)CCC4)C3)c2O1,
78836,C[C@@]1(CNC(=O)c2cc(F)c(F)cc2O)CCCN(C(=O)C[C@@H]2C[C@H]3C[C@H]3C2)C1,,,C[C@@]1(CNC(=O)c2cc(F)c(F)cc2O)CCCN(C(=O)C[C@H]2C[C@@H]3C[C@@H]3C2)C1,
78883,CCCC[C@@H](O)C(=O)NC[C@]1(F)C[C@@H](CNC(=O)C2(CC)CC(C)(C)C2)C1,"(2R)-N-(((1s,3S)-3-((1-ethyl-3,3-dimethylcyclobutanecarboxamido)methyl)-1-fluorocyclobutyl)methyl)-2-hydroxyhexanamide",,CCCCC(O)C(=O)NC[C@]1(F)C[C@@H](CNC(=O)C2(CC)CC(C)(C)C2)C1,
78927,CC[C@H]1NC(=O)N(CCNc2cc(=NC[C@]3(F)C[C@H](CO)C3)[nH]cn2)C1=O,"(5R)-5-ethyl-3-(2-((6-((((1r,3R)-1-fluoro-3-(hydroxymethyl)cyclobutyl)methyl)imino)-1H-pyrimidin-4-yl)amino)ethyl)imidazolidine-2,4-dione",,CCc1[nH]c(=O)n(CCNc2cc(NC[C@]3(F)C[C@H](CO)C3)ncn2)c1O,
78937,CCCCC[C@@H](C(=O)NC[C@H]1C[C@](F)(CNC(=O)c2cccnc2)C1)C(C)C,"(2R)-N-(((1s,3S)-3-fluoro-3-((pyridine-3-carboxamido)methyl)cyclobutyl)methyl)-2-(propan-2-yl)heptanamide",,CCCCCC(C(=O)NC[C@H]1C[C@](F)(CNC(=O)c2cccnc2)C1)C(C)C,
79034,Cc1ccc(CN2C[C@@H]3[C@H](C(=O)NC[C@@H]4CCCCO4)[C@@H]3C2)cc1C#N,,,Cc1ccc(CN2C[C@@H]3C(C(=O)NC[C@@H]4CCCCO4)[C@@H]3C2)cc1C#N,
79035,C[C@]1(NC(=O)C2CC(=O)C2)C[C@@H](C(=O)NC2CCC(C(N)=O)CC2)C1,"4-((1s,3s)-3-methyl-3-(3-oxocyclobutanecarboxamido)cyclobutanecarboxamido)cyclohexanecarboxamide",,CC1(NC(=O)C2CC(=O)C2)CC(C(=O)NC2CCC(C(N)=O)CC2)C1,
79058,CCCS(=O)(=O)CC(=O)NC[C@H]1C[C@@](F)(CNC(=O)CCOCC2CCC2)C1,"3-(cyclobutylmethoxy)-N-(((1r,3r)-1-fluoro-3-((2-(propylsulfonyl)acetamido)methyl)cyclobutyl)methyl)propanamide",,CCCS(=O)(=O)CC(=O)NC[C@H]1C[C@@](F)(CNC(=O)CCOCC2CCC2)C1,
79133,C[C@@H]1CCN(C(=O)COCC2CCOCC2)[C@H]1CNC(=O)[C@H]1CC[C@@](C)(F)CC1,"(1s,4S)-4-fluoro-4-methyl-N-(((2R,3R)-3-methyl-1-(2-(((oxan-4-yl)methyl)oxy)acetyl)pyrrolidin-2-yl)methyl)cyclohexanecarboxamide",,C[C@@H]1CCN(C(=O)COCC2CCOCC2)[C@H]1CNC(=O)C1CCC(C)(F)CC1,
79186,CCN(Cc1ccncc1)C(=O)[C@@H]1[C@H]2CN(C(=O)CCCSC)C[C@H]21,,,CCN(Cc1ccncc1)C(=O)C1[C@H]2CN(C(=O)CCCSC)C[C@@H]12,
79210,CC(=O)N(C)CCCC(=O)N[C@H]1C[C@](C)(NC(=O)c2cc3c(cn2)COCC3)C1,"N-((1r,3r)-3-methyl-3-(3-oxa-9-azabicyclo[4.4.0]deca-1(6),7,9-triene-8-carboxamido)cyclobutyl)-4-(N-methylacetamido)butanamide",,CC(=O)N(C)CCCC(=O)N[C@H]1C[C@](C)(NC(=O)c2cc3c(cn2)COCC3)C1,
79250,O=C1N[C@H](C(=O)NC[C@H]2C[C@@H]3CC[C@H](C2)N3C(=O)c2cn3c(n2)COCC3)CO1,,,O=C1NC(C(=O)NC[C@@H]2C[C@H]3CC[C@@H](C2)N3C(=O)c2cn3c(n2)COCC3)CO1,
79326,C[C@@H]1CC[C@@H](C)N(C(=O)[C@H]2C[C@@](C)(NC(=O)CC3COCCOC3)C2)C1,"N-((1S,3s)-3-(((2R,5R)-2,5-dimethylpiperidin-1-yl)carbonyl)-1-methylcyclobutyl)-2-(1,4-dioxepan-6-yl)acetamide",,C[C@@H]1CC[C@@H](C)N(C(=O)C2CC(C)(NC(=O)CC3COCCOC3)C2)C1,
79388,CO[C@@H](C)CCC(=O)N1CCC(C)(C)[C@H]1CC(=O)N[C@@H]1[C@H]2CCC[C@H]21,,,CO[C@@H](C)CCC(=O)N1CCC(C)(C)[C@H]1CC(=O)N[C@H]1[C@@H]2CCC[C@@H]21,
79452,CC[C@@H](C)CN1C[C@H]2[C@@H](C1)[C@@H]2C(=O)N1CCN(c2ccc(OC)nc2)CC1,"(4-(6-methoxypyridin-3-yl)piperazin-1-yl)((1R,5S,6R)-3-((2R)-2-methylbutyl)-3-azabicyclo[3.1.0]hexan-6-yl)methanone",,CC[C@@H](C)CN1C[C@@H]2C(C(=O)N3CCN(c4ccc(OC)nc4)CC3)[C@@H]2C1,
79461,C[C@H]1CN(C(=O)[C@]23CCC[C@H]2CCC3)C[C@@H]1n1cc(CCCO)nn1,"((3R,4S)-3-(4-(3-hydroxypropyl)-1H-1,2,3-triazol-1-yl)-4-methylpyrrolidin-1-yl)(octahydropentalen-3a-yl)methanone",OCCCC=1N=NN(C1)[C@H]1CN(C[C@@H]1C)C(=O)C12CCCC2CCC1,C[C@H]1CN(C(=O)[C@]23CCC[C@H]2CCC3)C[C@@H]1n1cc(CCCO)nn1,C[C@H]1CN(C(=O)C23CCCC2CCC3)C[C@@H]1n1cc(CCCO)nn1
79544,CCO[C@H](CC)C(=O)N1C[C@H](C)[C@@H](N=c2nc(CCOC)[nH]s2)[C@H](C)C1,"(2R)-2-ethoxy-1-((3R,4R,5S)-4-((3-(2-methoxyethyl)-2H-1,2,4-thiadiazol-5-ylidene)amino)-3,5-dimethylpiperidin-1-yl)butan-1-one",,CCOC(CC)C(=O)N1C[C@@H](C)[C@H](Nc2nc(CCOC)ns2)[C@@H](C)C1,
79568,CCc1ccc(CN(C)C(=O)CN2C[C@H]3[C@H](CC(=O)OC)[C@H]3C2)cc1,,,CCc1ccc(CN(C)C(=O)CN2C[C@@H]3[C@@H](CC(=O)OC)[C@@H]3C2)cc1,
79620,CCCC[C@@H](C)C(=O)N[C@H]1[C@@H]2CN(C(=O)c3ccc4ncccc4c3Cl)C[C@@H]21,,,CCCCC(C)C(=O)N[C@H]1[C@@H]2CN(C(=O)c3ccc4ncccc4c3Cl)C[C@@H]21,
79662,C[C@@H](CC1CCCCC1)C(=O)N1C[C@H]2[C@H](NC(=O)c3nn(C)cc3Cl)[C@H]2C1,"4-chloro-N-((1R,5S,6R)-3-((2S)-3-cyclohexyl-2-methylpropanoyl)-3-azabicyclo[3.1.0]hexan-6-yl)-1-methyl-1H-pyrazole-3-carboxamide",,CC(CC1CCCCC1)C(=O)N1C[C@@H]2[C@H](C1)[C@H]2NC(=O)c1nn(C)cc1Cl,
79669,C[C@H](Cc1ccccc1)C(=O)NC[C@H]1[C@@H]2CN(C(=O)COC[C@@H]3CCOC3)C[C@H]12,"(2R)-2-methyl-N-(((1R,5S,6R)-3-(2-((((3R)-oxolan-3-yl)methyl)oxy)acetyl)-3-azabicyclo[3.1.0]hexan-6-yl)methyl)-3-phenylpropanamide",,CC(Cc1ccccc1)C(=O)NC[C@@H]1[C@H]2CN(C(=O)COC[C@@H]3CCOC3)C[C@@H]12,
79681,O=C(NCCc1ccnnc1)NC[C@]1(F)C[C@H](CO)C1,"N-(((1r,3r)-1-fluoro-3-(hydroxymethyl)cyclobutyl)methyl)-N'-(2-(pyridazin-4-yl)ethyl)urea",,O=C(NCCc1ccnnc1)NC[C@]1(F)C[C@H](CO)C1,
79760,CCCCn1nccc1C(=O)N[C@]1(C)C[C@H](NC(=O)c2csc(CCC)n2)C1,"N-((1s,3s)-3-(1-butyl-1H-pyrazole-5-carboxamido)-3-methylcyclobutyl)-2-propyl-1,3-thiazole-4-carboxamide",,CCCCn1nccc1C(=O)N[C@]1(C)C[C@H](NC(=O)c2csc(CCC)n2)C1,
79849,O=C(NC[C@H]1C[C@](F)(CNC(=O)c2nn[nH]c2Cl)C1)c1ccc(CO)c(F)c1,"5-chloro-N-(((1s,3s)-1-fluoro-3-((3-fluoro-4-(hydroxymethyl)benzamido)methyl)cyclobutyl)methyl)-1H-1,2,3-triazole-4-carboxamide",,O=C(NC[C@H]1C[C@](F)(CNC(=O)c2[nH]nnc2Cl)C1)c1ccc(CO)c(F)c1,
79898,CCCCc1ncc(CN2C[C@H]3C[C@H](NS(=O)(=O)c4c(C)noc4C)C[C@H]3C2)[nH]1,,,CCCCc1nc(CN2C[C@H]3C[C@H](NS(=O)(=O)c4c(C)noc4C)C[C@H]3C2)c[nH]1,
79923,CC[C@]1(C(=O)N(C)CC(C)(C)CNC(=O)c2cnc(C3CC3)[nH]2)CC[C@@H](O)CC1,"2-cyclopropyl-N-(2,2-dimethyl-3-(N-methyl(1s,4s)-1-ethyl-4-hydroxycyclohexanecarboxamido)propyl)-1H-imidazole-5-carboxamide",,CC[C@]1(C(=O)N(C)CC(C)(C)CNC(=O)c2c[nH]c(C3CC3)n2)CC[C@@H](O)CC1,
79935,CC1=C(C(=O)N2C[C@H]3[C@@H](C2)[C@@H]3C(=O)Nc2nc(Cl)cc3ccccc23)CCO1,,,CC1=C(C(=O)N2C[C@@H]3C(C(=O)Nc4nc(Cl)cc5ccccc45)[C@@H]3C2)CCO1,
80081,Cc1cccc(CCC(=O)N2CCC[C@H]2CCCNC(=O)[C@@H]2C[C@@H]3C[C@@H]3C2)c1,,,Cc1cccc(CCC(=O)N2CCC[C@H]2CCCNC(=O)C2C[C@@H]3C[C@@H]3C2)c1,
80129,C=CCC(F)(F)C(=O)N[C@H]1CC[C@@]2(CC1)CN(C(=O)[C@@H]1C[C@@H]3CC[C@@H]3C1)CCO2,,,C=CCC(F)(F)C(=O)N[C@H]1CC[C@@]2(CC1)CN(C(=O)C1C[C@H]3CC[C@H]3C1)CCO2,
80197,C[C@]1(NC(=O)CCc2nccs2)C[C@@H](NC(=O)[C@H]2CCS(=O)(=O)C23CCC3)C1,"N-((1S,3s)-3-((8R)-5,5-dioxo-5lambda^6-thiaspiro[3.4]octane-8-carboxamido)-1-methylcyclobutyl)-3-(1,3-thiazol-2-yl)propanamide",,C[C@]1(NC(=O)CCc2nccs2)C[C@@H](NC(=O)C2CCS(=O)(=O)C23CCC3)C1,
80278,C[C@@H](C(=O)N1C[C@H]2C[C@H](NC(=O)c3cc(C4CCCC4)[nH]n3)C[C@H]2C1)C(C)(C)C,"5-cyclopentyl-N-((1R,5S,7S)-3-((2R)-2,3,3-trimethylbutanoyl)-3-azabicyclo[3.3.0]octan-7-yl)-1H-pyrazole-3-carboxamide",,CC(C(=O)N1C[C@H]2C[C@H](NC(=O)c3cc(C4CCCC4)[nH]n3)C[C@H]2C1)C(C)(C)C,
80281,C#CC[C@@H]1CCN(C(=O)C[C@H]2[C@@H]3CN(C(=O)C4(O)CCC4)C[C@H]23)C1,,,C#CC[C@@H]1CCN(C(=O)C[C@@H]2[C@H]3CN(C(=O)C4(O)CCC4)C[C@@H]23)C1,
80333,CC(C)(C(=O)N[C@H]1C[C@]2(CCCCN2C(=O)C=C2CCCCC2)C1)c1ccno1,"N-(5-(2-cyclohexylideneacetyl)-5-azaspiro[3.5]nonan-2-yl)-2-methyl-2-(1,2-oxazol-5-yl)propanamide",C1(CCCCC1)=CC(=O)N1C2(CC(C2)NC(C(C)(C2=CC=NO2)C)=O)CCCC1,CC(C)(C(=O)N[C@H]1C[C@]2(CCCCN2C(=O)C=C2CCCCC2)C1)c1ccno1,CC(C)(C(=O)NC1CC2(CCCCN2C(=O)C=C2CCCCC2)C1)c1ccno1
80335,CCc1onc(C)c1C(=O)N[C@@H]1C[C@@H]2CC[C@H](C1)N2C(=O)c1csc(C(C)=O)c1,,,CCc1onc(C)c1C(=O)N[C@H]1C[C@H]2CC[C@@H](C1)N2C(=O)c1csc(C(C)=O)c1,
80427,C=CC[C@H](CC)C(=O)N[C@]1(C(=O)N2CCC[C@H](C#N)C2)C[C@H](O)C1,"(2S)-N-((1s,3R)-1-(((3S)-3-cyanopiperidin-1-yl)carbonyl)-3-hydroxycyclobutyl)-2-ethylpent-4-enamide",,C=CCC(CC)C(=O)N[C@]1(C(=O)N2CCC[C@H](C#N)C2)C[C@H](O)C1,
80449,N#Cc1ccc(CNC(=O)[C@@H]2[C@H]3CN(S(=O)(=O)c4nccs4)C[C@H]32)cn1,,,N#Cc1ccc(CNC(=O)C2[C@H]3CN(S(=O)(=O)c4nccs4)C[C@@H]23)cn1,
80480,CC(C)c1ccc(C(=O)N[C@@H]2C[C@@H]3CC[C@H](C2)N3C(=O)[C@@H]2CCCC(C)(C)O2)o1,"N-((1R,3S,5S)-8-(((2S)-6,6-dimethyloxan-2-yl)carbonyl)-8-azabicyclo[3.2.1]octan-3-yl)-5-(propan-2-yl)furan-2-carboxamide",,CC(C)c1ccc(C(=O)N[C@H]2C[C@H]3CC[C@@H](C2)N3C(=O)C2CCCC(C)(C)O2)o1,
80513,Cc1ccc(F)cc1CC(=O)N1C[C@H]2[C@H](NC(=O)C(C)(C)CN(C)C)[C@H]2C1,,,Cc1ccc(F)cc1CC(=O)N1C[C@@H]2[C@H](C1)[C@H]2NC(=O)C(C)(C)CN(C)C,
80520,O=C(N[C@H]1CCO[C@H]1C(=O)N[C@H]1C[C@H]2COC[C@H](C2)C1)[C@@H]1C=CCC1,,,O=C(N[C@H]1CCOC1C(=O)N[C@@H]1C[C@@H]2COC[C@@H](C2)C1)C1C=CCC1,
80573,CC1(C(=O)N[C@H]2C[C@@](C)(NC(=O)CCc3nc(C(C)(C)C)no3)C2)CC(F)(F)C1,"N-((1s,3s)-3-(3-(3-(tert-butyl)-1,2,4-oxadiazol-5-yl)propanamido)-3-methylcyclobutyl)-3,3-difluoro-1-methylcyclobutanecarboxamide",,CC1(C(=O)N[C@H]2C[C@@](C)(NC(=O)CCc3nc(C(C)(C)C)no3)C2)CC(F)(F)C1,
80585,CC(C)SCC(=O)N1C[C@H](NC(=O)[C@H]2CC[C@@](C)(F)CC2)C[C@@H]1C,"(1s,4S)-4-fluoro-4-methyl-N-((3R,5S)-5-methyl-1-(2-((propan-2-yl)sulfanyl)acetyl)pyrrolidin-3-yl)cyclohexanecarboxamide",,CC(C)SCC(=O)N1C[C@H](NC(=O)C2CCC(C)(F)CC2)C[C@@H]1C,
80606,C[C@H](CS(C)(=O)=O)C(=O)N1[C@H]2CC[C@@H]1C[C@@H](NC(=O)Cc1ccnc(Cl)c1F)C2,"2-(2-chloro-3-fluoropyridin-4-yl)-N-((1R,3R,5S)-8-((2S)-2-methyl-3-(methylsulfonyl)propanoyl)-8-azabicyclo[3.2.1]octan-3-yl)acetamide",,CC(CS(C)(=O)=O)C(=O)N1[C@@H]2CC[C@H]1C[C@H](NC(=O)Cc1ccnc(Cl)c1F)C2,
80641,CCC[C@H](CCCNC(=O)[C@@H]1[C@H]2CCC[C@H]21)NC(=O)c1cc(C(C)=O)on1,,,CCC[C@H](CCCNC(=O)C1[C@H]2CCC[C@@H]12)NC(=O)c1cc(C(C)=O)on1,
80684,CCc1nn(C)c(C(=O)N[C@H]2[C@H]3CC[C@@H]2CN(C(=O)CCC(C)=O)C3)c1Br,,,CCc1nn(C)c(C(=O)N[C@@H]2[C@@H]3CC[C@H]2CN(C(=O)CCC(C)=O)C3)c1Br,
80720,COC1(CC(=O)N2C[C@H]3C[C@@H](O)C[C@H]3C2)CN(C(=O)Cc2cnn(C)c2C)C1,,,COC1(CC(=O)N2C[C@H]3C[C@@H](O)C[C@H]3C2)CN(C(=O)Cc2cnn(C)c2C)C1,
80798,C#CC[C@]1(O)C[C@@H](C(=O)NC[C@](F)(C(=O)N(CCF)CCOC)C(C)C)C1,"(1s,3R)-N-((2S)-2-fluoro-2-((2-fluoroethyl)(2-methoxyethyl)carbamoyl)-3-methylbutyl)-3-hydroxy-3-(prop-2-yn-1-yl)cyclobutanecarboxamide",,C#CCC1(O)CC(C(=O)NC[C@](F)(C(=O)N(CCF)CCOC)C(C)C)C1,
80800,CCC[C@@H](CC(C)C)C(=O)NC(C)(C)CC(=O)NC[C@@]1(C)C[C@@H]2C[C@@H]2C1,,,CCCC(CC(C)C)C(=O)NC(C)(C)CC(=O)NC[C@]1(C)C[C@H]2C[C@H]2C1,
80843,C[C@H]1CCC[C@@H](C(=O)N[C@H]2C[C@](F)(CNC(=O)c3sc4ccccc4c3Cl)C2)C1,"3-chloro-N-(((1S,3s)-1-fluoro-3-((1R,3S)-3-methylcyclohexanecarboxamido)cyclobutyl)methyl)-1-benzothiophene-2-carboxamide",,C[C@H]1CCCC(C(=O)N[C@H]2C[C@](F)(CNC(=O)c3sc4ccccc4c3Cl)C2)C1,
80876,CC=CC(=O)N1C[C@H]2[C@H](CNC(=O)[C@](C)(NC(C)=O)C(C)C)[C@H]2C1,,,CC=CC(=O)N1C[C@@H]2[C@@H](CNC(=O)[C@](C)(NC(C)=O)C(C)C)[C@@H]2C1,
81020,O=C(NC[C@H]1[C@@H]2COC[C@H]12)[C@@H]1CCCCN1C(=O)CN1C(=O)CCC1=O,,,O=C(NC[C@@H]1[C@H]2COC[C@@H]12)C1CCCCN1C(=O)Cn1c(O)ccc1O,
81026,O=C(Nc1ccc2scnc2c1)[C@@H]1[C@H]2[C@@H]3C[C@H]4[C@@H]1[C@@H]2[C@]34C(=O)NCCC(F)(F)F,"(1S,2S,3R,4S,5S,6S,8S)-N'-(1,3-benzothiazol-5-yl)-N-(3,3,3-trifluoropropyl)tetracyclo[4.2.0.0^{3,8}.0^{2,5}]octane-1,4-dicarboxamide",,O=C(Nc1ccc2scnc2c1)C1[C@@H]2[C@@H]3[C@H]1[C@@H]1C[C@@H]2[C@@]31C(=O)NCCC(F)(F)F,
81046,O=C(NC1CC1)C(=O)N1CC[C@@H](OCCNC(=O)[C@H]2CC[C@H]3C[C@H]3CC2)C1,,,O=C(NC1CC1)C(=O)N1CC[C@@H](OCCNC(=O)C2CC[C@@H]3C[C@@H]3CC2)C1,
81083,C#CCCOCC(=O)N(C)[C@H]1[C@@H]2CN(C(=O)c3c[nH]nc3[N+](=O)[O-])C[C@@H]21,,,C#CCCOCC(=O)N(C)[C@H]1[C@@H]2CN(C(=O)c3c[nH]nc3[N+](=O)[O-])C[C@@H]21,
81152,CCC[C@H](C)CC(=O)N[C@H]1[C@@H]2CN(C(=O)c3cnc(-c4ccoc4)[nH]c3=N)C[C@@H]21,,,CCC[C@H](C)CC(=O)N[C@H]1[C@@H]2CN(C(=O)c3cnc(-c4ccoc4)nc3N)C[C@@H]21,
81161,CCNC(=O)CC(=O)N[C@H]1C[C@](C)(NC(=O)[C@@H](C)NS(=O)(=O)CC)C1,"N'-((1R,3r)-3-((2R)-2-ethanesulfonamidopropanamido)-3-methylcyclobutyl)-N-ethylpropanediamide",,CCNC(=O)CC(=O)N[C@H]1C[C@](C)(NC(=O)C(C)NS(=O)(=O)CC)C1,
81182,CCc1nscc1NC(=O)[C@H]1CCCCN(C(=O)C[C@@H]2C[C@H]3C[C@H]3C2)C1,,,CCc1nscc1NC(=O)C1CCCCN(C(=O)C[C@H]2C[C@@H]3C[C@@H]3C2)C1,
81242,O=C(N[C@@H]1[C@H]2COC[C@H]21)N1CCCC[C@@H]1c1ncc(-c2cccc(F)c2)[nH]1,,,O=C(N[C@H]1[C@@H]2COC[C@@H]21)N1CCCC[C@@H]1c1nc(-c2cccc(F)c2)c[nH]1,
81249,C[C@H](NC(=O)[C@@H]1[C@H]2CN(C(=O)[C@@H]3CC[C@H]4C[C@@H]3CO4)C[C@H]21)C1CCC1,"(1R,5S,6R)-N-((1S)-1-cyclobutylethyl)-3-(((1S,2R,5S)-6-oxabicyclo[3.2.1]octan-2-yl)carbonyl)-3-azabicyclo[3.1.0]hexane-6-carboxamide",,C[C@H](NC(=O)C1[C@H]2CN(C(=O)C3CC[C@H]4C[C@@H]3CO4)C[C@@H]12)C1CCC1,
81293,CCOc1cc(C(=O)NC[C@H]2C[C@@](F)(CNC(=O)[C@H](C)n3cnnn3)C2)ccn1,"2-ethoxy-N-(((1S,3r)-3-fluoro-3-(((2S)-2-(1H-tetrazol-1-yl)propanamido)methyl)cyclobutyl)methyl)pyridine-4-carboxamide",,CCOc1cc(C(=O)NC[C@H]2C[C@@](F)(CNC(=O)C(C)n3cnnn3)C2)ccn1,
81314,Cc1csc(CN2[C@H]3CC[C@@H]2C[C@H](NC(=O)Cc2ccc(Br)cn2)C3)c1,,,Cc1csc(CN2[C@@H]3CC[C@H]2C[C@@H](NC(=O)Cc2ccc(Br)cn2)C3)c1,
81325,C[C@H](CNC(=O)COc1ccc(F)c(Cl)c1)NC(=O)[C@]1(F)[C@H]2CCC[C@H]21,,,C[C@H](CNC(=O)COc1ccc(F)c(Cl)c1)NC(=O)[C@@]1(F)[C@@H]2CCC[C@@H]21,
81356,CN(C[C@@H]1CCCN(C(=O)CCC2CC(F)(F)C2)C1)C(=O)[C@H]1C[C@@H]2CC[C@@H]2C1,,,CN(C[C@@H]1CCCN(C(=O)CCC2CC(F)(F)C2)C1)C(=O)C1C[C@H]2CC[C@H]2C1,
81393,O=C(NCCCN1CCCC1=O)[C@@H]1[C@H]2CN(C[C@@H]3C[C@H]4C=C[C@@H]3C4)C[C@H]21,"(1R,5S,6R)-3-(((1S,2R,4S)-bicyclo[2.2.1]hept-5-en-2-yl)methyl)-N-(3-(2-oxopyrrolidin-1-yl)propyl)-3-azabicyclo[3.1.0]hexane-6-carboxamide",,O=C(NCCCN1CCCC1=O)C1[C@H]2CN(C[C@@H]3C[C@H]4C=C[C@@H]3C4)C[C@@H]12,
81420,COc1ccc(SCCC(=O)NC[C@]2(F)C[C@@H](NC(=O)[C@@H](OC)C(C)C)C2)cc1,"(2S)-N-((1s,3R)-3-fluoro-3-((3-((4-methoxyphenyl)sulfanyl)propanamido)methyl)cyclobutyl)-2-methoxy-3-methylbutanamide",,COc1ccc(SCCC(=O)NC[C@]2(F)C[C@@H](NC(=O)C(OC)C(C)C)C2)cc1,
81451,CCc1ccc(CC(=O)N[C@H](CO)[C@@H](C)NC(=O)[C@@H]2C[C@@H]3CSC[C@@H](C3)C2)cc1,,,CCc1ccc(CC(=O)N[C@H](CO)[C@@H](C)NC(=O)C2C[C@H]3CSC[C@@H](C2)C3)cc1,
81500,C#CC[C@]1(O)C[C@@H](C(=O)N(C)[C@H]2CCN(C(=O)c3cc4ccc(Cl)cc4s3)C2)C1,"(1s,3R)-N-((3S)-1-((6-chloro-1-benzothiophen-2-yl)carbonyl)pyrrolidin-3-yl)-3-hydroxy-N-methyl-3-(prop-2-yn-1-yl)cyclobutanecarboxamide",,C#CCC1(O)CC(C(=O)N(C)[C@H]2CCN(C(=O)c3cc4ccc(Cl)cc4s3)C2)C1,
81524,C[C@@H](CC(=O)N[C@H]1[C@@H]2CN(C(=O)c3cc(Cl)c4cc(Cl)ccc4n3)C[C@@H]21)C(F)F,,,C[C@@H](CC(=O)N[C@H]1[C@@H]2CN(C(=O)c3cc(Cl)c4cc(Cl)ccc4n3)C[C@@H]21)C(F)F,
81625,Cc1cc(C(=O)NC[C@@](C)(O)[C@@H]2CCCN(C(=O)[C@H]3C[C@](F)(CO)C3)C2)cnn1,"N-((2S)-2-((3R)-1-(((1s,3S)-3-fluoro-3-(hydroxymethyl)cyclobutyl)carbonyl)piperidin-3-yl)-2-hydroxypropyl)-6-methylpyridazine-4-carboxamide",,Cc1cc(C(=O)NC[C@@](C)(O)[C@@H]2CCCN(C(=O)C3CC(F)(CO)C3)C2)cnn1,
81701,Cc1nc(C(=O)N[C@]2(C)C[C@H](NC(=O)[C@H]3CCCC[C@H]3C)C2)c2n1CCCC2,"9-methyl-N-((1R,3s)-1-methyl-3-((1S,2R)-2-methylcyclohexanecarboxamido)cyclobutyl)-1,8-diazabicyclo[4.3.0]nona-6,8-diene-7-carboxamide",,Cc1nc(C(=O)N[C@]2(C)C[C@H](NC(=O)C3CCCC[C@H]3C)C2)c2n1CCCC2,
81799,CCNC(=O)CC(=O)N(C)[C@H]1[C@@H]2CN(C(=O)C3C[C@H]4COC[C@@H](C3)C4(F)F)C[C@@H]21,,,CCNC(=O)CC(=O)N(C)[C@H]1[C@@H]2CN(C(=O)C3C[C@H]4COC[C@@H](C3)C4(F)F)C[C@@H]21,
81843,C[C@@H]1CO[C@@H](C(=O)N2C[C@H]3[C@H](CNC(=O)c4ocnc4C(F)F)[C@H]3C2)C1,"4-(difluoromethyl)-N-(((1R,5S,6R)-3-(((2R,4S)-4-methyloxolan-2-yl)carbonyl)-3-azabicyclo[3.1.0]hexan-6-yl)methyl)-1,3-oxazole-5-carboxamide",,C[C@@H]1COC(C(=O)N2C[C@@H]3[C@@H](CNC(=O)c4ocnc4C(F)F)[C@@H]3C2)C1,
81879,C#CCN(CC(C)C)C(=O)[C@@H]1[C@H]2CN(C(=O)c3cn(C)cc3C)C[C@H]21,,,C#CCN(CC(C)C)C(=O)C1[C@H]2CN(C(=O)c3cn(C)cc3C)C[C@@H]12,
81882,CCn1nc(C)c(C(=O)N[C@H](C)CN(C)C(=O)[C@@H]2C[C@@H]3C[C@@H]3C2)c1C(F)F,,,CCn1nc(C)c(C(=O)N[C@H](C)CN(C)C(=O)C2C[C@@H]3C[C@@H]3C2)c1C(F)F,
81910,Cc1nc(C)c(CC(=O)NC[C@H]2[C@@H]3CN(C(=O)c4ccc(N)cc4)C[C@H]23)s1,,,Cc1nc(C)c(CC(=O)NC[C@@H]2[C@H]3CN(C(=O)c4ccc(N)cc4)C[C@@H]23)s1,
81913,C[C@H]1C[C@H](C(=O)NC[C@]2(F)C[C@H](CO)C2)C1(C)C,"(1S,3S)-N-(((1r,3S)-1-fluoro-3-(hydroxymethyl)cyclobutyl)methyl)-2,2,3-trimethylcyclobutanecarboxamide",,C[C@H]1CC(C(=O)NC[C@]2(F)C[C@H](CO)C2)C1(C)C,
81999,O=C(NC[C@H]1C[C@@H]2CC[C@H](C1)N2C(=O)[C@H]1CC12CC2)c1cccc2nncn12,"N-(((1R,3R,5S)-8-((1S)-spiro[2.2]pentan-1-ylcarbonyl)-8-azabicyclo[3.2.1]octan-3-yl)methyl)[1,2,4]triazolo[4,3-a]pyridine-5-carboxamide",,O=C(NC[C@@H]1C[C@H]2CC[C@@H](C1)N2C(=O)C1CC12CC2)c1cccc2nncn12,
82106,Cc1sc(C(=O)N[C@H]2C[C@@](C)(NC(=O)C[C@@H]3CCCO3)C2)cc1Br,"4-bromo-5-methyl-N-((1R,3s)-3-methyl-3-(2-((2S)-oxolan-2-yl)acetamido)cyclobutyl)thiophene-2-carboxamide",,Cc1sc(C(=O)N[C@H]2C[C@@](C)(NC(=O)C[C@@H]3CCCO3)C2)cc1Br,
82123,CN1CCN(CC(=O)NC2(CN(C)C(=O)[C@H]3C[C@H]4[C@@H](C3)C4(C)C)CC2)CC1,,,CN1CCN(CC(=O)NC2(CN(C)C(=O)C3C[C@@H]4[C@H](C3)C4(C)C)CC2)CC1,
82396,CC(C)(NC(=O)[C@H]1C[C@@H]2CC[C@H](C1)C2=O)c1cn(-c2ccncc2F)nn1,,,CC(C)(NC(=O)C1CC2CCC(C1)C2=O)c1cn(-c2ccncc2F)nn1,
82500,CC[C@@H](F)C(=O)N1[C@H]2CC[C@@H]1C[C@@H](CNC(=O)CCc1c(F)cccc1F)C2,"3-(2,6-difluorophenyl)-N-(((1R,3S,5S)-8-((2R)-2-fluorobutanoyl)-8-azabicyclo[3.2.1]octan-3-yl)methyl)propanamide",,CCC(F)C(=O)N1[C@@H]2CC[C@H]1C[C@H](CNC(=O)CCc1c(F)cccc1F)C2,
82604,N#C[C@]1(C(=O)N2C[C@H]3[C@H](CNC(=O)COCc4cccc(Cl)c4)[C@H]3C2)CCCO1,"2-(((3-chlorophenyl)methyl)oxy)-N-(((1R,5S,6S)-3-(((2S)-2-cyanooxolan-2-yl)carbonyl)-3-azabicyclo[3.1.0]hexan-6-yl)methyl)acetamide",,N#C[C@]1(C(=O)N2C[C@@H]3[C@@H](CNC(=O)COCc4cccc(Cl)c4)[C@@H]3C2)CCCO1,
82624,Cc1csc(CC(=O)NC2(CNC(=O)[C@@H]3C[C@@H]4C[C@@H]4C3)CCC(F)(F)CC2)c1,,,Cc1csc(CC(=O)NC2(CNC(=O)C3C[C@@H]4C[C@@H]4C3)CCC(F)(F)CC2)c1,
82652,CC[C@@](C)(CO)C(=O)N1C[C@H]2[C@H](CC(=O)NCCN3CCC(C)(C)C3)[C@H]2C1,"N-(2-(3,3-dimethylpyrrolidin-1-yl)ethyl)-2-((1R,5S,6R)-3-((2S)-2-(hydroxymethyl)-2-methylbutanoyl)-3-azabicyclo[3.1.0]hexan-6-yl)acetamide",,CC[C@@](C)(CO)C(=O)N1C[C@@H]2[C@@H](CC(=O)NCCN3CCC(C)(C)C3)[C@@H]2C1,
82678,CC(C)(C)CCC(=O)NC[C@H]1CC[C@@H](C(=O)N[C@H]2C[C@H]3COC[C@H](C3)C2)O1,,,CC(C)(C)CCC(=O)NC[C@H]1CCC(C(=O)N[C@@H]2C[C@@H]3COC[C@@H](C3)C2)O1,
82721,Cc1csc(=O)n1CCC(=O)N1CCCC[C@]12C[C@H](NC(=O)C[C@@H]1C=CCC1)C2,"2-((1R)-cyclopent-2-en-1-yl)-N-(5-(3-(4-methyl-2-oxo-2,3-dihydro-1,3-thiazol-3-yl)propanoyl)-5-azaspiro[3.5]nonan-2-yl)acetamide",[C@H]1(C=CCC1)CC(=O)NC1CC2(C1)N(CCCC2)C(CCN2C(SC=C2C)=O)=O,Cc1csc(=O)n1CCC(=O)N1CCCC[C@]12C[C@H](NC(=O)C[C@@H]1C=CCC1)C2,Cc1csc(=O)n1CCC(=O)N1CCCCC12CC(NC(=O)C[C@@H]1C=CCC1)C2
82794,CN(CC(F)(F)F)C(=O)CN1C[C@H]2[C@H](CNC(=O)CCCC3CCOCC3)[C@H]2C1,,,CN(CC(F)(F)F)C(=O)CN1C[C@@H]2[C@@H](CNC(=O)CCCC3CCOCC3)[C@@H]2C1,
82815,COC(=O)C[C@@H](C)CC(=O)N1C[C@H]2C[C@H](NC(=O)CCc3ccnn3C)C[C@H]2C1,"methyl (3S)-3-methyl-5-((1R,5S,7R)-7-(3-(1-methyl-1H-pyrazol-5-yl)propanamido)-3-azabicyclo[3.3.0]octan-3-yl)-5-oxopentanoate",,COC(=O)C[C@@H](C)CC(=O)N1C[C@H]2C[C@H](NC(=O)CCc3ccnn3C)C[C@H]2C1,
82848,CC[C@H](C(=O)N(CC)CC1CCN(C(=O)[C@@H]2C[C@H]3[C@@H](C2)C3(F)F)CC1)C(C)C,,,CCC(C(=O)N(CC)CC1CCN(C(=O)C2C[C@@H]3[C@H](C2)C3(F)F)CC1)C(C)C,
82873,C#CC[C@H](CC(=O)NCc1ccc(C#N)s1)NC(=O)C[C@@H]1C[C@H]2C[C@H]2C1,,,C#CC[C@H](CC(=O)NCc1ccc(C#N)s1)NC(=O)C[C@H]1C[C@@H]2C[C@@H]2C1,
82904,C#Cc1cc(Br)cc(C(=O)N[C@H]2C[C@@H]3CC[C@H](C2)N3C(=O)[C@@]2(C)CCCO2)c1,"3-bromo-5-ethynyl-N-((1R,3S,5S)-8-(((2R)-2-methyloxolan-2-yl)carbonyl)-8-azabicyclo[3.2.1]octan-3-yl)benzamide",,C#Cc1cc(Br)cc(C(=O)N[C@@H]2C[C@H]3CC[C@@H](C2)N3C(=O)[C@@]2(C)CCCO2)c1,
82934,C#Cc1cccc(C(=O)N2C[C@H]3[C@H](CN(C)C(=O)C4CC5(CCC5)C4)[C@H]3C2)c1C,,,C#Cc1cccc(C(=O)N2C[C@@H]3[C@@H](CN(C)C(=O)C4CC5(CCC5)C4)[C@@H]3C2)c1C,
83142,CC(C)c1ncc(C(=O)N[C@H]2C[C@@H]3CC[C@H](C2)N3C(=O)Cc2ccsc2)cn1,,,CC(C)c1ncc(C(=O)N[C@@H]2C[C@H]3CC[C@@H](C2)N3C(=O)Cc2ccsc2)cn1,
83155,CCCC[C@@H](O)C(=O)N[C@@H]1C[C@@H]2C[C@H](NC(=O)c3csc(CC)n3)C[C@@H]2C1,,,CCCCC(O)C(=O)N[C@H]1C[C@H]2C[C@@H](NC(=O)c3csc(CC)n3)C[C@H]2C1,
83178,CCO[C@H](C(=O)N[C@H]1C[C@@](C)(NC(=O)c2ccc(Cl)c(N)c2Cl)C1)C1CCC1,"(2S)-N-((1s,3R)-3-(3-amino-2,4-dichlorobenzamido)-3-methylcyclobutyl)-2-cyclobutyl-2-ethoxyacetamide",,CCOC(C(=O)N[C@H]1C[C@@](C)(NC(=O)c2ccc(Cl)c(N)c2Cl)C1)C1CCC1,
83186,CC(C)(CO)C(=O)N[C@H]1C[C@@](F)(CNC(=O)c2c(N)cc(Cl)cc2F)C1,"N-((1r,3r)-3-((2-amino-4-chloro-6-fluorobenzamido)methyl)-3-fluorocyclobutyl)-3-hydroxy-2,2-dimethylpropanamide",,CC(C)(CO)C(=O)N[C@H]1C[C@@](F)(CNC(=O)c2c(N)cc(Cl)cc2F)C1,
83231,CC(C)(C(=O)NC[C@]1(F)C[C@@H](NC(=O)C[C@@H]2CCC[C@H]2O)C1)c1ccc(Cl)cc1,"2-(4-chlorophenyl)-N-(((1R,3s)-1-fluoro-3-(2-((1S,2R)-2-hydroxycyclopentyl)acetamido)cyclobutyl)methyl)-2-methylpropanamide",,CC(C)(C(=O)NC[C@]1(F)C[C@@H](NC(=O)C[C@@H]2CCC[C@H]2O)C1)c1ccc(Cl)cc1,
83256,O=C1CN(CCc2cn(C[C@H]3CCN3C(=O)[C@H]3C[C@@H]4CC[C@@H]4C3)nn2)CCN1,,,O=C1CN(CCc2cn(C[C@H]3CCN3C(=O)C3C[C@H]4CC[C@H]4C3)nn2)CCN1,
83333,O=C(NC1(CO)CCN(C(=O)c2cc(C(F)F)no2)CC1)[C@@H]1C[C@H]2[C@@H](C1)C2(F)F,,,O=C(NC1(CO)CCN(C(=O)c2cc(C(F)F)no2)CC1)C1C[C@@H]2[C@H](C1)C2(F)F,
83355,Cn1c(C(=O)N[C@H]2C[C@]3(CCCCN3C(=O)c3cnnn3C3CC3)C2)cnc1S,"N-(5-((1-cyclopropyl-1H-1,2,3-triazol-5-yl)carbonyl)-5-azaspiro[3.5]nonan-2-yl)-1-methyl-2-sulfanyl-1H-imidazole-5-carboxamide",C1(CC1)N1N=NC=C1C(=O)N1C2(CC(C2)NC(=O)C2=CN=C(N2C)S)CCCC1,Cn1c(C(=O)N[C@H]2C[C@]3(CCCCN3C(=O)c3cnnn3C3CC3)C2)c[nH]c1=S,Cn1c(C(=O)NC2CC3(CCCCN3C(=O)c3cnnn3C3CC3)C2)c[nH]c1=S
83414,CC(C)C[C@H](O)C(=O)N1[C@H]2CC[C@@H]1C[C@H](NC(=O)[C@]1(C)CCC(F)(F)CO1)C2,"(2S)-5,5-difluoro-N-((1R,3S,5S)-8-((2S)-2-hydroxy-4-methylpentanoyl)-8-azabicyclo[3.2.1]octan-3-yl)-2-methyloxane-2-carboxamide",,CC(C)CC(O)C(=O)N1[C@@H]2CC[C@H]1C[C@@H](NC(=O)[C@]1(C)CCC(F)(F)CO1)C2,
83469,CCC1CN(C(=O)C[C@H]2[C@@H]3CN(C(=O)[C@H]4CN5CCC4CC5)C[C@H]23)C1,"2-((1R,5S,6S)-3-(((3R)-1-azabicyclo[2.2.2]octan-3-yl)carbonyl)-3-azabicyclo[3.1.0]hexan-6-yl)-1-(3-ethylazetidin-1-yl)ethan-1-one",,CCC1CN(C(=O)C[C@@H]2[C@H]3CN(C(=O)C4CN5CCC4CC5)C[C@@H]23)C1,
83517,CC(=O)N1CCC[C@@H]1C(=O)N[C@]1(C)C[C@@H](NC(=O)C(C)(C)N2CCN(C)CC2)C1,"(2R)-1-acetyl-N-((1r,3R)-1-methyl-3-(2-methyl-2-(4-methylpiperazin-1-yl)propanamido)cyclobutyl)pyrrolidine-2-carboxamide",,CC(=O)N1CCCC1C(=O)N[C@]1(C)C[C@@H](NC(=O)C(C)(C)N2CCN(C)CC2)C1,
83524,COc1c(C(=O)N2CCC[C@@]23CCN(C(=O)[C@@H]2C[C@@H]4CC[C@@H]4C2)C3)cnn1C,,,COc1c(C(=O)N2CCC[C@@]23CCN(C(=O)C2C[C@H]4CC[C@H]4C2)C3)cnn1C,
83550,C[C@]1(NC(=O)C[C@H]2CCC(=O)N2)C[C@@H](NC(=O)Cn2ncccc2=O)C1,"N-((1s,3S)-1-methyl-3-(2-(6-oxo-1,6-dihydropyridazin-1-yl)acetamido)cyclobutyl)-2-((2R)-5-oxopyrrolidin-2-yl)acetamide",,C[C@]1(NC(=O)C[C@H]2CCC(=O)N2)C[C@@H](NC(=O)Cn2ncccc2=O)C1,
83554,CCN1CCO[C@@H](C(=O)N[C@H]2C[C@@H]3CN(C(=O)C45CC(C)(CCO4)C5)C[C@@H]3C2)C1,,,CCN1CCOC(C(=O)N[C@H]2C[C@@H]3CN(C(=O)C45CC(C)(CCO4)C5)C[C@@H]3C2)C1,
83592,Cc1cn2cc(C(=O)N[C@]34CCOC[C@H]3CN(C(=O)[C@H]3C[C@@](C)(O)C3)C4)sc2n1,"N-((1S,6R)-8-(((1s,3S)-3-hydroxy-3-methylcyclobutyl)carbonyl)-3-oxa-8-azabicyclo[4.3.0]nonan-6-yl)-7-methyl-2-thia-5,8-diazabicyclo[3.3.0]octa-1(8),3,6-triene-3-carboxamide",,Cc1cn2cc(C(=O)N[C@]34CCOC[C@H]3CN(C(=O)C3CC(C)(O)C3)C4)sc2n1,
83595,CC=C(F)C(=O)N[C@@H]1C[C@@H]2CC[C@H](C1)N2C(=O)c1ccc([N+](=O)[O-])o1,,,CC=C(F)C(=O)N[C@H]1C[C@H]2CC[C@@H](C1)N2C(=O)c1ccc([N+](=O)[O-])o1,
83660,CCCCO[C@H](C)C(=O)N[C@H]1C[C@@](F)(CNC(=O)c2coc(OC)n2)C1,"(2R)-2-butoxy-N-((1r,3R)-3-fluoro-3-((2-methoxy-1,3-oxazole-4-carboxamido)methyl)cyclobutyl)propanamide",,CCCCOC(C)C(=O)N[C@H]1C[C@@](F)(CNC(=O)c2coc(OC)n2)C1,
83729,Cc1cc([N+](=O)[O-])cnc1NC[C@]1(F)C[C@@H](NC(=O)[C@H](O)c2cccc(Cl)c2)C1,"(2R)-2-(3-chlorophenyl)-N-((1s,3S)-3-fluoro-3-(((3-methyl-5-nitropyridin-2-yl)amino)methyl)cyclobutyl)-2-hydroxyacetamide",,Cc1cc([N+](=O)[O-])cnc1NC[C@]1(F)C[C@@H](NC(=O)C(O)c2cccc(Cl)c2)C1,
83781,CCN1CCC[C@@H]1C(=O)N[C@]1(C(=O)NCC[C@H](C)OC)C[C@H](O)C1,"(2R)-1-ethyl-N-((1s,3S)-3-hydroxy-1-(((3S)-3-methoxybutyl)carbamoyl)cyclobutyl)pyrrolidine-2-carboxamide",,CCN1CCCC1C(=O)N[C@]1(C(=O)NCC[C@H](C)OC)C[C@H](O)C1,
83785,O=C(NC1(CCCNC(=O)[C@@H]2C[C@@H]3CC[C@@H]3C2)CC1)C1C[C@H]2CC[C@H](C1)C2,,,O=C(NCCCC1(NC(=O)C2C[C@H]3CC[C@H](C2)C3)CC1)C1C[C@H]2CC[C@H]2C1,
83861,CC/C=C/CC(=O)N1CC[C@H](NC(=O)[C@H]2C[C@](O)(C(F)(F)F)C2)[C@@H]1C,"(1s,3R)-N-((2S,3S)-1-((3E)-hex-3-enoyl)-2-methylpyrrolidin-3-yl)-3-hydroxy-3-(trifluoromethyl)cyclobutanecarboxamide",,CC/C=C/CC(=O)N1CC[C@H](NC(=O)C2CC(O)(C(F)(F)F)C2)[C@@H]1C,
83977,C[C@@H]1CCC[C@@H](C(=O)O[C@H]2C[C@](O)(C(F)(F)F)C2)CC1,"(1s,3S)-3-hydroxy-3-(trifluoromethyl)cyclobutyl (1R,4R)-4-methylcycloheptanecarboxylate",,C[C@@H]1CCCC(C(=O)O[C@H]2C[C@](O)(C(F)(F)F)C2)CC1,
84162,CCN1CC[C@@H]1C(=O)N[C@H]1C[C@](O)(C2CCN(C(=O)[C@H]3CCCO3)CC2)C1,"(2R)-1-ethyl-N-((1S,3S)-3-hydroxy-3-(1-(((2R)-oxolan-2-yl)carbonyl)piperidin-4-yl)cyclobutyl)azetidine-2-carboxamide",,CCN1CCC1C(=O)N[C@H]1C[C@](O)(C2CCN(C(=O)C3CCCO3)CC2)C1,
84166,C[C@H]1C[C@@H](C)O[C@H]1C(=O)N1C[C@H]2[C@H](CNC(=O)c3cc(CC4CCC4)c[nH]3)[C@H]2C1,"4-(cyclobutylmethyl)-N-(((1R,5S,6R)-3-(((2R,3S,5R)-3,5-dimethyloxolan-2-yl)carbonyl)-3-azabicyclo[3.1.0]hexan-6-yl)methyl)-1H-pyrrole-2-carboxamide",,C[C@@H]1C[C@H](C)C(C(=O)N2C[C@@H]3[C@@H](CNC(=O)c4cc(CC5CCC5)c[nH]4)[C@@H]3C2)O1,
84177,C#C[C@@H](CC)CNC(=O)C1(CNC(=O)[C@H]2C[C@H]3[C@@H](C2)C3(F)F)CCCCC1,,,C#C[C@@H](CC)CNC(=O)C1(CNC(=O)C2C[C@@H]3[C@H](C2)C3(F)F)CCCCC1,
84179,CCCOCC(=O)NCc1ccoc1C(=O)N1C[C@H]2[C@@H](C1)[C@@H]2C(=O)NC,,,CCCOCC(=O)NCc1ccoc1C(=O)N1C[C@@H]2C(C(=O)NC)[C@@H]2C1,
84226,CCc1ccc(CC(=O)N2C[C@H](C)[C@@H](NC(=O)CCCC(=O)OC)[C@H](C)C2)cc1,,,CCc1ccc(CC(=O)N2C[C@@H](C)[C@H](NC(=O)CCCC(=O)OC)[C@@H](C)C2)cc1,
84231,COC(=O)[C@@H]1CC[C@@H](C(=O)N[C@]2(C)C[C@@H](NC(=O)C#CC3CCC3)C2)C1,"methyl (1R,3R)-3-(((1r,3R)-3-(3-cyclobutylprop-2-ynamido)-1-methylcyclobutyl)carbamoyl)cyclopentanecarboxylate",,COC(=O)C1CCC(C(=O)N[C@]2(C)C[C@@H](NC(=O)C#CC3CCC3)C2)C1,
84256,CC(C)(C(=O)NC[C@H]1COC[C@H]1NC(=O)[C@@H]1C[C@@H]2OC(=O)O[C@@H]2C1)N1CCCC1,,,CC(C)(C(=O)NC[C@H]1COC[C@H]1NC(=O)C1C[C@@H]2OC(=O)O[C@@H]2C1)N1CCCC1,
84355,Cc1ccc(CCC(=O)N[C@@]2(CO)CCN(C(=O)[C@@H]3[C@H]4COC[C@H]43)C2)o1,,,Cc1ccc(CCC(=O)N[C@@]2(CO)CCN(C(=O)C3[C@H]4COC[C@@H]34)C2)o1,
84378,CCn1ccnc1C(=O)NC[C@H]1[C@@H]2CN(C(=O)c3c(C(C)=O)cnn3C)C[C@H]12,,,CCn1ccnc1C(=O)NC[C@@H]1[C@H]2CN(C(=O)c3c(C(C)=O)cnn3C)C[C@@H]12,
84502,CC(C)CC(=O)N[C@]1(C)C[C@H](NC(=O)[C@H](C)c2ccccc2)C1,"3-methyl-N-((1S,3s)-1-methyl-3-((2R)-2-phenylpropanamido)cyclobutyl)butanamide",,CC(C)CC(=O)N[C@]1(C)C[C@H](NC(=O)C(C)c2ccccc2)C1,
84508,O=C(C[C@@H]1CC[C@@H]2C[C@@H]12)N[C@H]1C[C@@H]2CN(C(=O)c3cc4n(n3)CCOC4)C[C@@H]2C1,,,O=C(C[C@@H]1CC[C@@H]2C[C@H]21)N[C@H]1C[C@@H]2CN(C(=O)c3cc4n(n3)CCOC4)C[C@@H]2C1,
84515,CC[C@H](C)[C@@H](O)C(=O)N[C@H]1C[C@@H]2CC[C@H](C1)N2C(=O)c1c(F)ccc(C)c1F,,,CCC(C)C(O)C(=O)N[C@@H]1C[C@H]2CC[C@@H](C1)N2C(=O)c1c(F)ccc(C)c1F,
84717,CCOCCCC(=O)N[C@H]1[C@@H]2CN(C(=O)C3(C(=O)OC)CC4(CCC4)C3)C[C@@H]21,,,CCOCCCC(=O)N[C@H]1[C@@H]2CN(C(=O)C3(C(=O)OC)CC4(CCC4)C3)C[C@@H]21,
84767,C=C[C@H](C)NC(=O)[C@@H]1[C@H]2CN(S(=O)(=O)c3cc(Br)cc4c3OCC4)C[C@H]21,,,C=C[C@H](C)NC(=O)C1[C@H]2CN(S(=O)(=O)c3cc(Br)cc4c3OCC4)C[C@@H]12,
84817,C[C@@H](CC(=O)N[C@H]1CC[C@]2(CC1)CN(C(=O)c1c[nH]c(=N)s1)CCO2)CN(C)C,"(3S)-4-(dimethylamino)-N-(4-((2-imino-2,3-dihydro-1,3-thiazol-5-yl)carbonyl)-1-oxa-4-azaspiro[5.5]undecan-9-yl)-3-methylbutanamide",CN(C[C@H](CC(=O)NC1CCC2(CN(CCO2)C(=O)C2=CNC(S2)=N)CC1)C)C,C[C@@H](CC(=O)N[C@H]1CC[C@]2(CC1)CN(C(=O)c1cnc(N)s1)CCO2)CN(C)C,C[C@@H](CC(=O)NC1CCC2(CC1)CN(C(=O)c1cnc(N)s1)CCO2)CN(C)C
84823,CCn1nccc1C=CC(=O)NC[C@H](C)NC(=O)[C@H]1C[C@](O)(c2ccncc2)C1,"3-(1-ethyl-1H-pyrazol-5-yl)-N-((2S)-2-((1s,3R)-3-hydroxy-3-(pyridin-4-yl)cyclobutanecarboxamido)propyl)prop-2-enamide",,CCn1nccc1C=CC(=O)NC[C@H](C)NC(=O)C1CC(O)(c2ccncc2)C1,
84827,CC(C)SCCNC(=O)C1(CCNC(=O)[C@]23CCC[C@H]2CCC3)CC1,N-(2-(1-((2-((propan-2-yl)sulfanyl)ethyl)carbamoyl)cyclopropyl)ethyl)octahydropentalene-3a-carboxamide,CC(C)SCCNC(=O)C1(CC1)CCNC(=O)C12CCCC2CCC1,CC(C)SCCNC(=O)C1(CCNC(=O)[C@]23CCC[C@H]2CCC3)CC1,CC(C)SCCNC(=O)C1(CCNC(=O)C23CCCC2CCC3)CC1
84829,NC(=O)C(=O)NCCN(C(=O)[C@@H]1[C@H]2COC[C@H]21)C1CCCCC1,,,NC(=O)C(=O)NCCN(C(=O)C1[C@H]2COC[C@@H]12)C1CCCCC1,
84838,Cc1nnnn1CC(=O)N[C@@H](C(=O)NC[C@H]1C[C@@H]2CC[C@@H]2C1)c1ccnn1C,,,Cc1nnnn1CC(=O)NC(C(=O)NC[C@@H]1C[C@H]2CC[C@H]2C1)c1ccnn1C,
84853,CSc1cccc(C(=O)N[C@H]2[C@@H]3CN(C(=O)c4c(C(F)(F)F)ncn4O)C[C@@H]32)c1,,,CSc1cccc(C(=O)N[C@H]2[C@@H]3CN(C(=O)c4c(C(F)(F)F)ncn4O)C[C@@H]32)c1,
84884,Cc1cnc(C(=O)NCC[C@@H](C)CCNC(=O)c2ccc(C)nn2)c(Br)c1,N-((3R)-5-(3-bromo-5-methylpyridine-2-carboxamido)-3-methylpentyl)-6-methylpyridazine-3-carboxamide,BrC=1C(=NC=C(C1)C)C(=O)NCC[C@@H](CCNC(=O)C=1N=NC(=CC1)C)C,Cc1cnc(C(=O)NCC[C@@H](C)CCNC(=O)c2ccc(C)nn2)c(Br)c1,Cc1cnc(C(=O)NCC[C@H](C)CCNC(=O)c2ccc(C)nn2)c(Br)c1
84917,Cc1c[nH]nc1C(=O)N[C@@H]1C[C@H]2C[C@H](NC(=O)[C@@]3(O)CN4CCC3CC4)C[C@H]2C1,,,Cc1c[nH]nc1C(=O)N[C@H]1C[C@@H]2C[C@@H](NC(=O)[C@@]3(O)CN4CCC3CC4)C[C@@H]2C1,
85000,O=C(NC[C@]1(Cl)CC1(F)F)[C@@H]1C[C@@H]2CN(C(=O)CO[C@@H]3CCOC3)C[C@@H]2C1,"(1R,5S,7R)-N-(((1R)-1-chloro-2,2-difluorocyclopropyl)methyl)-3-(2-(((3R)-oxolan-3-yl)oxy)acetyl)-3-azabicyclo[3.3.0]octane-7-carboxamide",,O=C(NC[C@]1(Cl)CC1(F)F)C1C[C@@H]2CN(C(=O)CO[C@@H]3CCOC3)C[C@@H]2C1,
85111,CCc1nc[nH]c1C(=O)N[C@H]1C[C@@H]2CN(C(=O)c3nc(C)no3)C[C@@H]2C1,,,CCc1[nH]cnc1C(=O)N[C@H]1C[C@@H]2CN(C(=O)c3nc(C)no3)C[C@@H]2C1,
85121,C[C@@H](Cn1cncn1)C(=O)N[C@@H]1C[C@@H]2CC[C@H](C1)N2C(=O)c1cc(=O)ccn1C,,,CC(Cn1cncn1)C(=O)N[C@H]1C[C@H]2CC[C@@H](C1)N2C(=O)c1cc(=O)ccn1C,
85167,Cc1ncc(C(=O)N(C)[C@H]2[C@@H]3CN(C(=O)Cc4cc(F)c(N)cc4F)C[C@@H]32)s1,,,Cc1ncc(C(=O)N(C)[C@H]2[C@@H]3CN(C(=O)Cc4cc(F)c(N)cc4F)C[C@@H]32)s1,
85174,CN1CC[C@H](N(C)C(=O)C23CC(C)(CN2C(=O)[C@H]2C[C@@H]4C[C@@H]4C2)C3)C1=O,,,CN1CCC(N(C)C(=O)C23CC(C)(CN2C(=O)C2C[C@@H]4C[C@@H]4C2)C3)C1=O,
85187,O=C(NCCn1cc(C(=O)N2[C@H]3CC[C@@H]2C[C@H](CO)C3)nn1)[C@@H]1C[C@@H]1F,"(1S,2S)-2-fluoro-N-(2-(4-(((1R,3S,5S)-3-(hydroxymethyl)-8-azabicyclo[3.2.1]octan-8-yl)carbonyl)-1H-1,2,3-triazol-1-yl)ethyl)cyclopropanecarboxamide",,O=C(NCCn1cc(C(=O)N2[C@@H]3CC[C@H]2C[C@@H](CO)C3)nn1)C1C[C@@H]1F,
85191,CO[C@H](C)CC(=O)N[C@H]1C[C@@H]2C[C@H](C1)CN(C(=O)c1cc([N+](=O)[O-])cnc1N)C2,,,CO[C@H](C)CC(=O)N[C@@H]1C[C@H]2C[C@@H](C1)CN(C(=O)c1cc([N+](=O)[O-])cnc1N)C2,
85219,CO[C@H](C(=O)NC[C@H](F)Br)C1CN(C(=O)[C@H]2C[C@@](C)(O)C2)C1,"(2S)-N-((2R)-2-bromo-2-fluoroethyl)-2-(1-(((1s,3R)-3-hydroxy-3-methylcyclobutyl)carbonyl)azetidin-3-yl)-2-methoxyacetamide",,COC(C(=O)NC[C@H](F)Br)C1CN(C(=O)C2CC(C)(O)C2)C1,
85254,COc1cccc(CN2C[C@H]3[C@H](CNC(=O)CC4(C)CC4)[C@H]3C2)c1,,,COc1cccc(CN2C[C@@H]3[C@@H](CNC(=O)CC4(C)CC4)[C@@H]3C2)c1,
85280,CCO[C@@H](C(=O)N1[C@H]2CC[C@@H]1C[C@H](CNC(=O)C1(O)CC1)C2)c1ccccc1,"N-(((1R,3R,5S)-8-((2R)-2-ethoxy-2-phenylacetyl)-8-azabicyclo[3.2.1]octan-3-yl)methyl)-1-hydroxycyclopropanecarboxamide",,CCOC(C(=O)N1[C@@H]2CC[C@H]1C[C@@H](CNC(=O)C1(O)CC1)C2)c1ccccc1,
85316,CCC[C@@H](C)N(C)CCC(=O)N[C@]1(C)C[C@@H](NC(=O)c2c(C)noc2C(F)F)C1,"N-((1r,3R)-3-(5-(difluoromethyl)-3-methyl-1,2-oxazole-4-carboxamido)-1-methylcyclobutyl)-3-(methyl((2R)-pentan-2-yl)amino)propanamide",,CCC[C@@H](C)N(C)CCC(=O)N[C@]1(C)C[C@@H](NC(=O)c2c(C)noc2C(F)F)C1,
85317,Cc1cccc([C@H](O)C(=O)NC[C@]2(F)C[C@H](NC(=O)c3cc(Cl)ccc3O)C2)c1,"(2S)-N-(((1r,3S)-3-(5-chloro-2-hydroxybenzamido)-1-fluorocyclobutyl)methyl)-2-hydroxy-2-(3-methylphenyl)acetamide",,Cc1cccc(C(O)C(=O)NC[C@]2(F)C[C@H](NC(=O)c3cc(Cl)ccc3O)C2)c1,
85358,CC[C@@H](CNC(=O)[C@@H]1[C@H]2[C@@H]3CC[C@@H](C3)[C@H]21)NC(=O)c1ccc(OC)c(OC)c1C,,,CC[C@@H](CNC(=O)C1[C@@H]2[C@H]3CC[C@H](C3)[C@H]12)NC(=O)c1ccc(OC)c(OC)c1C,
85449,COCc1csc(C(=O)N[C@H]2C[C@](F)(CNC(=O)C#CC3CCCCC3)C2)c1,"N-((1s,3s)-3-((3-cyclohexylprop-2-ynamido)methyl)-3-fluorocyclobutyl)-4-(methoxymethyl)thiophene-2-carboxamide",,COCc1csc(C(=O)N[C@H]2C[C@](F)(CNC(=O)C#CC3CCCCC3)C2)c1,
85541,CN(C(=O)[C@@H]1COCCO1)[C@@H]1CCCN(C(=O)[C@@H]2C[C@H]3CCC[C@H](C3)C2)C1,,,CN(C(=O)C1COCCO1)[C@@H]1CCCN(C(=O)C2C[C@H]3CCC[C@@H](C2)C3)C1,
85566,CC[C@@H]1CCC[C@@H]1C(=O)N[C@H]1C[C@](F)(CNc2ccc([N+](=O)[O-])cc2)C1,"(1S,2R)-2-ethyl-N-((1s,3R)-3-fluoro-3-(((4-nitrophenyl)amino)methyl)cyclobutyl)cyclopentanecarboxamide",,CC[C@@H]1CCCC1C(=O)N[C@H]1C[C@](F)(CNc2ccc([N+](=O)[O-])cc2)C1,
85585,COc1ccc(CCNC(=O)N[C@@H]2[C@@H](C)CC[C@H]2C)cc1[N+](=O)[O-],,,COc1ccc(CCNC(=O)N[C@H]2[C@H](C)CC[C@@H]2C)cc1[N+](=O)[O-],
85599,O=C(N[C@H]1C[C@](F)(CN=c2[nH]c3cccc(F)c3s2)C1)c1cc2n(n1)CCOC2,"N-((1s,3s)-3-fluoro-3-(((7-fluoro-2,3-dihydro-1,3-benzothiazol-2-ylidene)amino)methyl)cyclobutyl)-3-oxa-6,7-diazabicyclo[4.3.0]nona-1(9),7-diene-8-carboxamide",,O=C(N[C@H]1C[C@](F)(CNc2nc3cccc(F)c3s2)C1)c1cc2n(n1)CCOC2,
85614,CC(=O)N[C@]1(C(=O)N2CCC[C@@H](CNC(=O)[C@@](C)(O)C(C)C)C2)CC[C@H](C)CC1,"(2S)-N-(((3S)-1-(((1s,4R)-1-acetamido-4-methylcyclohexyl)carbonyl)piperidin-3-yl)methyl)-2-hydroxy-2,3-dimethylbutanamide",,CC(=O)N[C@]1(C(=O)N2CCC[C@@H](CNC(=O)[C@@](C)(O)C(C)C)C2)CC[C@H](C)CC1,
85664,O=C(N[C@H]1C[C@]2(CCCCN2C(=O)[C@@H]2CCCCS2)C1)[C@@H]1C[C@H]2CC[C@H]1O2,"(1R,2R,4R)-N-(5-(((2S)-thian-2-yl)carbonyl)-5-azaspiro[3.5]nonan-2-yl)-7-oxabicyclo[2.2.1]heptane-2-carboxamide",S1[C@@H](CCCC1)C(=O)N1C2(CC(C2)NC(=O)[C@H]2[C@H]3CC[C@H](C2)O3)CCCC1,O=C(N[C@H]1C[C@]2(CCCCN2C(=O)C2CCCCS2)C1)C1C[C@H]2CC[C@H]1O2,O=C(NC1CC2(CCCCN2C(=O)C2CCCCS2)C1)C1C[C@H]2CC[C@H]1O2
85680,COCCOCCNC(=O)C(=O)N[C@@H]1C[C@@H]2CC[C@H](C1)N2C(=O)C(C)(F)F,,,COCCOCCNC(=O)C(=O)N[C@H]1C[C@H]2CC[C@@H](C1)N2C(=O)C(C)(F)F,
85688,Cc1nnc(C(=O)N[C@H]2C[C@@H]3C[C@H](C2)CN(C(=O)[C@H]2CC(=O)[C@@H]2C)C3)s1,"5-methyl-N-((1R,5S,7R)-3-(((1S,2R)-2-methyl-3-oxocyclobutyl)carbonyl)-3-azabicyclo[3.3.1]nonan-7-yl)-1,3,4-thiadiazole-2-carboxamide",,Cc1nnc(C(=O)N[C@@H]2C[C@H]3C[C@@H](C2)CN(C(=O)C2CC(=O)C2C)C3)s1,
85731,COc1cc(N(C)C)ccc1C(=O)NC[C@]1(F)C[C@@H](CNC(=O)[C@H]2CC23CC3)C1,"(1S)-N-(((1s,3R)-3-((4-(dimethylamino)-2-methoxybenzamido)methyl)-3-fluorocyclobutyl)methyl)spiro[2.2]pentane-1-carboxamide",,COc1cc(N(C)C)ccc1C(=O)NC[C@]1(F)C[C@@H](CNC(=O)C2CC23CC3)C1,
85744,CCCC[C@H](O)CC(=O)N[C@@H](C(=O)N[C@H]1C[C@@H]2CCC[C@@H]2C1)C1CCCC1,,,CCCC[C@H](O)CC(=O)NC(C(=O)N[C@@H]1C[C@H]2CCC[C@H]2C1)C1CCCC1,
85752,Cn1nccc1CCC(=O)N[C@H]1C[C@@](F)(CNC(=O)C2(O)CC2)C1,"N-((1r,3r)-3-fluoro-3-((1-hydroxycyclopropanecarboxamido)methyl)cyclobutyl)-3-(1-methyl-1H-pyrazol-5-yl)propanamide",,Cn1nccc1CCC(=O)N[C@H]1C[C@@](F)(CNC(=O)C2(O)CC2)C1,
85998,C=CCOC(=O)NCC(=O)NC/C=C/CNC(=O)[C@@H]1[C@H]2C[C@H]2[C@H]2C[C@H]21,,,C=CCOC(=O)NCC(=O)NC/C=C/CNC(=O)C1[C@H]2C[C@H]2[C@H]2C[C@@H]12,
86061,CO[C@@H]1CCC[C@H]1C(=O)NC[C@]1(F)C[C@H](Nc2snc(C)c2C#N)C1,"(1R,2R)-N-(((1r,3R)-3-((4-cyano-3-methyl-1,2-thiazol-5-yl)amino)-1-fluorocyclobutyl)methyl)-2-methoxycyclopentanecarboxamide",,CO[C@@H]1CCCC1C(=O)NC[C@]1(F)C[C@H](Nc2snc(C)c2C#N)C1,
86081,C=CC[C@@H](C)C(=O)N1C[C@H]2[C@H](N(C)C(=O)c3ccc(F)c(C(C)(C)F)c3)[C@H]2C1,"4-fluoro-3-(2-fluoropropan-2-yl)-N-methyl-N-((1R,5S,6S)-3-((2R)-2-methylpent-4-enoyl)-3-azabicyclo[3.1.0]hexan-6-yl)benzamide",,C=CCC(C)C(=O)N1C[C@@H]2[C@H](C1)[C@H]2N(C)C(=O)c1ccc(F)c(C(C)(C)F)c1,
86105,CC[C@H]1CC[C@@H](CNC(=O)[C@H]2C[C@@](C)(NC(=O)c3ccnc(C)n3)C2)O1,"N-((1R,3s)-3-((((2S,5S)-5-ethyloxolan-2-yl)methyl)carbamoyl)-1-methylcyclobutyl)-2-methylpyrimidine-4-carboxamide",,CC[C@H]1CC[C@@H](CNC(=O)C2CC(C)(NC(=O)c3ccnc(C)n3)C2)O1,
86108,CN1CCC(C(=O)N2CCC[C@H](CCNC(=O)[C@@H]3C[C@@H]4CC[C@@H]4C3)C2)CC1,,,CN1CCC(C(=O)N2CCC[C@H](CCNC(=O)C3C[C@H]4CC[C@H]4C3)C2)CC1,
86151,Cc1nc(O)nc(S)c1C(=O)NC[C@@]1(C(C)(C)C)CCN(C(=O)[C@@H]2[C@@H](C)[C@H]2C)C1,,,Cc1[nH]c(=O)[nH]c(=S)c1C(=O)NC[C@@]1(C(C)(C)C)CCN(C(=O)C2[C@@H](C)[C@H]2C)C1,
86165,C[C@]1(O)CC[C@@H](C(=O)N2C[C@@H]3C[C@H](C2)CN3C(=O)CCS(N)(=O)=O)CC1,"3-((1R,5S)-3-(((1s,4R)-4-hydroxy-4-methylcyclohexyl)carbonyl)-3,6-diazabicyclo[3.2.1]octan-6-yl)-3-oxopropane-1-sulfonamide",,CC1(O)CCC(C(=O)N2C[C@H]3C[C@@H](C2)N(C(=O)CCS(N)(=O)=O)C3)CC1,
86171,C=CC=CCC(=O)N[C@H]1CN(C(=O)[C@@]2(C#N)C[C@@H]3C[C@@H]3C2)CC(C)(C)C1,,,CC=CC=CC(=O)N[C@H]1CN(C(=O)[C@]2(C#N)C[C@H]3C[C@H]3C2)CC(C)(C)C1,
86192,COc1ccccc1-n1nnnc1[C@]1(N[C@@H]2[C@@H](C)CC[C@H]2C)CCO[C@@H]1C,,,COc1ccccc1-n1nnnc1[C@]1(N[C@H]2[C@H](C)CC[C@@H]2C)CCO[C@@H]1C,
86230,C[C@@]1(C(=O)N2C[C@@H](NC(=O)CCc3cccnc3Cl)CC[C@@H](O)C2)C[C@@H]2C[C@@H]2C1,,,C[C@]1(C(=O)N2C[C@H](O)CC[C@H](NC(=O)CCc3cccnc3Cl)C2)C[C@H]2C[C@H]2C1,
86344,CC(C)CSCC(=O)NCc1nc(CNC(=O)[C@]2(F)[C@H]3CCCC[C@H]32)cs1,,,CC(C)CSCC(=O)NCc1nc(CNC(=O)[C@@]2(F)[C@@H]3CCCC[C@@H]32)cs1,
86352,COCC1(C(=O)NC[C@H]2C[C@@H]3CC[C@H](C2)N3C(=O)c2cscc2Cl)CCOCC1,,,COCC1(C(=O)NC[C@@H]2C[C@H]3CC[C@@H](C2)N3C(=O)c2cscc2Cl)CCOCC1,
86401,C[C@]1(O)C[C@@H](C(=O)N2CCCC23CCN(C(=O)[C@@H]2CC[C@H]4CC[C@H]2O4)CC3)C1,"((1s,3S)-3-hydroxy-3-methylcyclobutyl)(8-(((1R,2R,5S)-8-oxabicyclo[3.2.1]octan-2-yl)carbonyl)-1,8-diazaspiro[4.5]decan-1-yl)methanone",,CC1(O)CC(C(=O)N2CCCC23CCN(C(=O)C2CC[C@H]4CC[C@H]2O4)CC3)C1,
86405,C[C@@H]1C[C@H](C(=O)NC[C@]2(O)C[C@@H]3CC[C@H](C2)N3C(=O)C=C2CCN(C)C2)CN1C,,,C[C@@H]1CC(C(=O)NC[C@@]2(O)C[C@H]3CC[C@@H](C2)N3C(=O)C=C2CCN(C)C2)CN1C,
86424,Cc1ccc(=O)n(CC(=O)NC[C@H]2[C@@H]3CN(C(=O)[C@@H]4COC(=O)N4)C[C@H]23)c1,"2-(5-methyl-2-oxo-1,2-dihydropyridin-1-yl)-N-(((1R,5S,6S)-3-(((4S)-2-oxo-1,3-oxazolidin-4-yl)carbonyl)-3-azabicyclo[3.1.0]hexan-6-yl)methyl)acetamide",,Cc1ccc(=O)n(CC(=O)NC[C@@H]2[C@H]3CN(C(=O)C4COC(=O)N4)C[C@@H]23)c1,
86456,CO[C@H]1C[C@H](C(=O)N2C[C@@H](C)[C@H](CNC(=O)C(=O)NCC3CC3)C2)C[C@H]1OC,,,CO[C@H]1CC(C(=O)N2C[C@@H](CNC(=O)C(=O)NCC3CC3)[C@H](C)C2)C[C@H]1OC,
86523,CC(=O)N[C@@H](C)C(=O)N1C[C@H]2[C@H](NC(=O)[C@@H](C)c3cccc(CC(C)C)c3)[C@H]2C1,"(2S)-N-((1R,5S,6R)-3-((2S)-2-acetamidopropanoyl)-3-azabicyclo[3.1.0]hexan-6-yl)-2-(3-(2-methylpropyl)phenyl)propanamide",,CC(=O)NC(C)C(=O)N1C[C@@H]2[C@H](C1)[C@H]2NC(=O)C(C)c1cccc(CC(C)C)c1,
86582,O=C(C[C@H]1CCSC1)N[C@@H]1CN(C(=O)[C@@H]2[C@H]3COC[C@H]32)CC12CC2,,,O=C(C[C@H]1CCSC1)N[C@@H]1CN(C(=O)C2[C@H]3COC[C@@H]23)CC12CC2,
86616,O=C(CCCF)N[C@@H]1C[C@H]2[C@@H](C1)[C@@H]2NC(=O)CCCN1CCCC1,,,O=C(CCCF)N[C@H]1C[C@@H]2[C@H](C1)[C@H]2NC(=O)CCCN1CCCC1,
86669,C[C@@H](CC1CN(C(=O)[C@H](CCO)N(C)C)C1)NC(=O)[C@]1(C)C[C@@H]2C[C@@H]2C1,,,C[C@@H](CC1CN(C(=O)C(CCO)N(C)C)C1)NC(=O)[C@@]1(C)C[C@H]2C[C@H]2C1,
86721,CNC(=O)N[C@@H](C)C(=O)NC[C@H]1C[C@@](F)(CNC(=O)[C@H](C2CC2)N(C)C)C1,"N-((2S)-1-((((1S,3S)-3-(((2S)-2-cyclopropyl-2-(dimethylamino)acetamido)methyl)-3-fluorocyclobutyl)methyl)amino)-1-oxopropan-2-yl)-N'-methylurea",,CNC(=O)NC(C)C(=O)NC[C@H]1C[C@@](F)(CNC(=O)C(C2CC2)N(C)C)C1,
86762,CC1(C)C[C@H](NC(=O)[C@H]2C[C@@](C)(O)C2)CN1C(=O)[C@H]1CCCSC1,"(1s,3R)-N-((3S)-5,5-dimethyl-1-(((3R)-thian-3-yl)carbonyl)pyrrolidin-3-yl)-3-hydroxy-3-methylcyclobutanecarboxamide",,CC1(O)CC(C(=O)N[C@@H]2CN(C(=O)C3CCCSC3)C(C)(C)C2)C1,
86771,C[C@H]1CCc2sc(C(=O)N[C@H]3C[C@@](C)(NC(=O)[C@H](F)OC(F)(F)F)C3)cc2C1,"(5S)-N-((1R,3R)-3-((2S)-2-fluoro-2-((trifluoromethyl)oxy)acetamido)-3-methylcyclobutyl)-5-methyl-4,5,6,7-tetrahydro-1-benzothiophene-2-carboxamide",,C[C@H]1CCc2sc(C(=O)N[C@H]3C[C@@](C)(NC(=O)C(F)OC(F)(F)F)C3)cc2C1,
86782,O=C(NCC[C@@H]1CCC[C@@H]2C[C@H]12)c1cc(CNC(=O)[C@H]2C[C@@H]3C[C@@H]3C2)[nH]n1,,,O=C(NCC[C@@H]1CCC[C@@H]2C[C@H]12)c1cc(CNC(=O)C2C[C@@H]3C[C@@H]3C2)[nH]n1,
86856,CCC1(CC(=O)N2C[C@H]3[C@@H](C2)[C@@H]3C(=O)N2CCN(CC(N)=O)CC2)CCC1,,,CCC1(CC(=O)N2C[C@@H]3C(C(=O)N4CCN(CC(N)=O)CC4)[C@@H]3C2)CCC1,
86882,C#CC[C@]1(O)C[C@@H](C(=O)NC[C@@H](C)NC(=O)c2ccc(Cl)nc2C)C1,"6-chloro-N-((2R)-1-((1s,3S)-3-hydroxy-3-(prop-2-yn-1-yl)cyclobutanecarboxamido)propan-2-yl)-2-methylpyridine-3-carboxamide",,C#CCC1(O)CC(C(=O)NC[C@@H](C)NC(=O)c2ccc(Cl)nc2C)C1,
87007,O=C(CC[C@H]1C[C@@H](NC(=O)[C@@H]2[C@H]3[C@@H]4CC[C@@H](C4)[C@H]32)C1)NC[C@@H]1CCC2(CC2)CO1,,,O=C(CC[C@H]1C[C@@H](NC(=O)C2[C@@H]3[C@H]4CC[C@H](C4)[C@H]23)C1)NC[C@@H]1CCC2(CC2)CO1,
87029,O=C(NC[C@@H]1C[C@@H]2CCC[C@@H]2N1C(=O)c1cccc2ccnn12)[C@@H]1[C@H]2COC[C@H]21,,,O=C(NC[C@@H]1C[C@@H]2CCC[C@@H]2N1C(=O)c1cccc2ccnn12)C1[C@H]2COC[C@@H]12,
87220,CC(C)(CNC(=O)c1coc(O)n1)NC(=O)[C@H]1C[C@](O)(Cc2cccc(F)c2)C1,"N-(2-((1s,3s)-3-((3-fluorophenyl)methyl)-3-hydroxycyclobutanecarboxamido)-2-methylpropyl)-2-hydroxy-1,3-oxazole-4-carboxamide",,CC(C)(CNC(=O)c1coc(=O)[nH]1)NC(=O)C1CC(O)(Cc2cccc(F)c2)C1,
87259,CC(C)(C)NS(=O)(=O)CC(=O)N1CC(C)(NC(=O)C[C@@H]2C[C@H]3C[C@H]3C2)C1,,,CC(C)(C)NS(=O)(=O)CC(=O)N1CC(C)(NC(=O)C[C@H]2C[C@@H]3C[C@@H]3C2)C1,
87313,CC1(C(=O)N[C@H]2[C@@H]3CN(C(=O)c4cc(Cl)c5ccncc5n4)C[C@@H]32)CS(=O)(=O)C1,,,CC1(C(=O)N[C@H]2[C@@H]3CN(C(=O)c4cc(Cl)c5ccncc5n4)C[C@@H]32)CS(=O)(=O)C1,
87395,COC(C)(C)CCC(=O)N1C[C@H]2[C@@H](C1)[C@@H]2C(=O)NCc1c[nH]nc1C1CC1,,,COC(C)(C)CCC(=O)N1C[C@@H]2C(C(=O)NCc3c[nH]nc3C3CC3)[C@@H]2C1,
87511,Cc1nn(CC(=O)N2C[C@H]3[C@H](CNC(=O)C4(F)CCOCC4)[C@H]3C2)cc1Cl,,,Cc1nn(CC(=O)N2C[C@@H]3[C@@H](CNC(=O)C4(F)CCOCC4)[C@@H]3C2)cc1Cl,
87557,C=CC1(C(=O)N2C[C@H]3[C@H](CN(C)C(=O)C[C@@H]4C(=O)N(C)N=C4C)[C@H]3C2)CC1,,,C=CC1(C(=O)N2C[C@@H]3[C@@H](CN(C)C(=O)Cc4c(C)[nH]n(C)c4=O)[C@@H]3C2)CC1,
87608,CC[C@@](C)(C#N)C(=O)NC[C@H]1C[C@](F)(CNC(=O)COc2ccc(Cl)cc2F)C1,"(2S)-N-(((1s,3R)-3-((2-((4-chloro-2-fluorophenyl)oxy)acetamido)methyl)-3-fluorocyclobutyl)methyl)-2-cyano-2-methylbutanamide",,CC[C@@](C)(C#N)C(=O)NC[C@H]1C[C@](F)(CNC(=O)COc2ccc(Cl)cc2F)C1,
87630,Cc1cc(C(=O)N[C@@H]2C[C@H]3[C@@H](C2)[C@@H]3NC(=O)[C@H]2C[C@@H]3CC[C@H](C2)C3=O)c(C)s1,,,Cc1cc(C(=O)N[C@H]2C[C@@H]3[C@H](C2)[C@H]3NC(=O)C2CC3CCC(C2)C3=O)c(C)s1,
87635,CCC1(CC)C[C@@H](NC(=O)C#CC(C)(C)O)CN1C(=O)[C@@H]1[C@H]2CCC[C@H]21,,,CCC1(CC)C[C@@H](NC(=O)C#CC(C)(C)O)CN1C(=O)C1[C@H]2CCC[C@@H]12,
87709,CCC[C@@H]1CN(C(=O)[C@H]2C[C@@H]3OC(=O)O[C@@H]3C2)CCN1C(=O)c1ns[nH]c1=O,,,CCC[C@@H]1CN(C(=O)C2C[C@@H]3OC(=O)O[C@@H]3C2)CCN1C(=O)c1ns[nH]c1=O,
87712,Cc1cn2c(n1)[C@H](C(=O)NC[C@]1(F)C[C@H](CNC(=O)CN(C)C)C1)CCC2,"(8R)-N-(((1r,3R)-3-((2-(dimethylamino)acetamido)methyl)-1-fluorocyclobutyl)methyl)-2-methyl-5,6,7,8-tetrahydroimidazo[1,2-a]pyridine-8-carboxamide",,Cc1cn2c(n1)C(C(=O)NC[C@]1(F)C[C@H](CNC(=O)CN(C)C)C1)CCC2,
87763,C[C@]1(NC(=O)c2cnc(Cl)s2)C[C@H](NC(=O)[C@H]2C[C@]2(F)Br)C1,"N-((1R,3r)-3-((1R,2S)-2-bromo-2-fluorocyclopropanecarboxamido)-1-methylcyclobutyl)-2-chloro-1,3-thiazole-5-carboxamide",,C[C@]1(NC(=O)c2cnc(Cl)s2)C[C@H](NC(=O)C2C[C@]2(F)Br)C1,
87770,COc1ccc(C(=O)N2CCC(C)(C)[C@H](C(=O)N[C@H]3C[C@@](C)(O)C3)C2)nn1,"(3S)-N-((1s,3R)-3-hydroxy-3-methylcyclobutyl)-1-((6-methoxypyridazin-3-yl)carbonyl)-4,4-dimethylpiperidine-3-carboxamide",,COc1ccc(C(=O)N2CCC(C)(C)C(C(=O)N[C@H]3C[C@@](C)(O)C3)C2)nn1,
87841,O=CNc1nc(CC(=O)N2C[C@H]3CC[C@@H]2[C@@H]3NC(=O)[C@H]2C[C@H]3[C@@H](C2)C3(F)F)cs1,,,O=CNc1nc(CC(=O)N2C[C@H]3CC[C@@H]2[C@@H]3NC(=O)C2C[C@@H]3[C@H](C2)C3(F)F)cs1,
87842,CSCCC(=O)N1[C@H]2CC[C@@H]1C[C@H](NC(=O)[C@@H](C)NC(=O)c1cccc(C)c1)C2,,,CSCCC(=O)N1[C@@H]2CC[C@H]1C[C@@H](NC(=O)C(C)NC(=O)c1cccc(C)c1)C2,
87879,CCn1ccnc1C(=O)N1CCO[C@]2(CC[C@H](NC(=O)C[C@@H](C)COC)CC2)C1,(3R)-N-(4-((1-ethyl-1H-imidazol-2-yl)carbonyl)-1-oxa-4-azaspiro[5.5]undecan-9-yl)-4-methoxy-3-methylbutanamide,C(C)N1C(=NC=C1)C(=O)N1CCOC2(C1)CCC(CC2)NC(C[C@H](COC)C)=O,CCn1ccnc1C(=O)N1CCO[C@]2(CC[C@H](NC(=O)C[C@@H](C)COC)CC2)C1,CCn1ccnc1C(=O)N1CCOC2(CCC(NC(=O)C[C@@H](C)COC)CC2)C1
87889,CSCC[C@@H](O)C(=O)N1C[C@H]2[C@H](N(C)C(=O)c3cccc(OC(F)(F)F)c3)[C@H]2C1,"N-((1R,5S,6S)-3-((2R)-2-hydroxy-4-(methylsulfanyl)butanoyl)-3-azabicyclo[3.1.0]hexan-6-yl)-N-methyl-3-((trifluoromethyl)oxy)benzamide",,CSCCC(O)C(=O)N1C[C@@H]2[C@H](C1)[C@H]2N(C)C(=O)c1cccc(OC(F)(F)F)c1,
87895,CNc1ncccc1C(=O)N[C@H]1C[C@](C)(NC(=O)c2ccc3nc(O)oc3c2)C1,"2-hydroxy-N-((1r,3r)-1-methyl-3-(2-(methylamino)pyridine-3-carboxamido)cyclobutyl)-1,3-benzoxazole-6-carboxamide",,CNc1ncccc1C(=O)N[C@H]1C[C@](C)(NC(=O)c2ccc3[nH]c(=O)oc3c2)C1,
87948,CO[C@]1(C(F)(F)F)C[C@H](NC(=O)[C@H](C)n2cc([C@H]3CCCN3C)nn2)C1,"(2S)-N-((1s,3R)-3-methoxy-3-(trifluoromethyl)cyclobutyl)-2-(4-((2R)-1-methylpyrrolidin-2-yl)-1H-1,2,3-triazol-1-yl)propanamide",,CO[C@]1(C(F)(F)F)C[C@H](NC(=O)C(C)n2cc([C@H]3CCCN3C)nn2)C1,
87951,C[C@]1(O)C[C@@H](C(=O)N2CC(CNC(=O)[C@H]3CC34CCC4)C2)C1,"(1S)-N-((1-(((1s,3R)-3-hydroxy-3-methylcyclobutyl)carbonyl)azetidin-3-yl)methyl)spiro[2.3]hexane-1-carboxamide",,CC1(O)CC(C(=O)N2CC(CNC(=O)C3CC34CCC4)C2)C1,
88027,C[C@H](C(=O)N1CCN(C)[C@@H](CNC(=O)[C@@H]2[C@H]3COC[C@H]32)C1)c1ccccc1Cl,,,CC(C(=O)N1CCN(C)[C@@H](CNC(=O)C2[C@H]3COC[C@@H]23)C1)c1ccccc1Cl,
88062,CC(=O)N[C@H](C)C(=O)N1C[C@H]2[C@@H](C1)[C@@H]2C(=O)NCc1scnc1-c1ccccc1,"N-((2R)-1-oxo-1-((1R,5S,6R)-6-(((4-phenyl-1,3-thiazol-5-yl)methyl)carbamoyl)-3-azabicyclo[3.1.0]hexan-3-yl)propan-2-yl)acetamide",,CC(=O)NC(C)C(=O)N1C[C@@H]2C(C(=O)NCc3scnc3-c3ccccc3)[C@@H]2C1,
88078,CCN(C)CCC(=O)N[C@@H]1C[C@@H](CNC(=O)[C@]23CC[C@H](CC2)C3(C)C)C12CCC2,"N-((1R,3R)-3-((7,7-dimethylbicyclo[2.2.1]heptane-1-carboxamido)methyl)spiro[3.3]heptan-1-yl)-3-(ethyl(methyl)amino)propanamide",CC1(C2(CCC1CC2)C(=O)NC[C@@H]2C[C@H](C21CCC1)NC(CCN(C)CC)=O)C,CCN(C)CCC(=O)N[C@@H]1C[C@@H](CNC(=O)[C@]23CC[C@H](CC2)C3(C)C)C12CCC2,CCN(C)CCC(=O)N[C@@H]1C[C@@H](CNC(=O)C23CCC(CC2)C3(C)C)C12CCC2
88091,COc1cc(C)c(Br)cc1C(=O)N1CC[C@@](C)(NC(=O)[C@@H]2C[C@@H]3C[C@@H]3C2)C1,,,COc1cc(C)c(Br)cc1C(=O)N1CC[C@@](C)(NC(=O)C2C[C@@H]3C[C@@H]3C2)C1,
88180,C=C[C@@H](O)C(=O)N1CCn2nc(C)c(CNC(=O)[C@H]3[C@@H](C)[C@H]3C)c2C1,,,C=CC(O)C(=O)N1CCn2nc(C)c(CNC(=O)C3[C@@H](C)[C@H]3C)c2C1,
88205,CCO[C@H]1[C@@H](C(=O)NC[C@@H]2C[C@@H]3CC[C@H](C2)N3C(=O)[C@@H]2COCCO2)[C@H]1C,"(1S,2R,3R)-N-(((1R,3S,5S)-8-(((2S)-1,4-dioxan-2-yl)carbonyl)-8-azabicyclo[3.2.1]octan-3-yl)methyl)-2-ethoxy-3-methylcyclopropanecarboxamide",,CCO[C@H]1C(C(=O)NC[C@H]2C[C@H]3CC[C@@H](C2)N3C(=O)C2COCCO2)[C@H]1C,
88248,CCn1cc(CC(=O)N[C@H]2C[C@H]3C[C@@H](NC(=O)[C@@H](CC(C)C)OC)C[C@H]3C2)nn1,,,CCn1cc(CC(=O)N[C@@H]2C[C@@H]3C[C@H](NC(=O)C(CC(C)C)OC)C[C@@H]3C2)nn1,
88346,COc1ccc(-c2cc(C(=O)N[C@@H]3C[C@H](OC)[C@H](OC)C3)n(C)n2)cc1,,,COc1ccc(-c2cc(C(=O)N[C@@H]3C[C@H](OC)[C@H](OC)C3)n(C)n2)cc1,
88400,Cc1nnn(CC(=O)N2CCN(CCNC(=O)[C@@H]3C[C@@H](C)C[C@@H](C)C3)CC2)n1,,,Cc1nnn(CC(=O)N2CCN(CCNC(=O)C3C[C@@H](C)C[C@@H](C)C3)CC2)n1,
88403,COC(=O)c1ncc(C(=O)NC[C@]2(F)CC[C@H](CNC(=O)[C@@H](C)C(C)C)CC2)s1,"methyl 5-((((1S,4r)-4-(((2S)-2,3-dimethylbutanamido)methyl)-1-fluorocyclohexyl)methyl)carbamoyl)-1,3-thiazole-2-carboxylate",,COC(=O)c1ncc(C(=O)NC[C@]2(F)CC[C@H](CNC(=O)C(C)C(C)C)CC2)s1,
88430,C[C@H]1C[C@H](N(C)C(=O)c2csc(CNC(=O)c3cc[nH]n3)c2)C[C@@H](C)O1,,,C[C@@H]1C[C@@H](N(C)C(=O)c2csc(CNC(=O)c3cc[nH]n3)c2)C[C@H](C)O1,
88445,CCNC(=O)C(=O)NC[C@]1(F)C[C@@H](CNC(=O)[C@H](O)CC2CCCCC2)C1,"N'-(((1S,3s)-3-(((2R)-3-cyclohexyl-2-hydroxypropanamido)methyl)-1-fluorocyclobutyl)methyl)-N-ethylethanediamide",,CCNC(=O)C(=O)NC[C@]1(F)C[C@@H](CNC(=O)C(O)CC2CCCCC2)C1,
88510,C[C@]1(O)C[C@@H](C(=O)N2CC[C@H](NC(=O)c3cccc(-n4cccn4)n3)[C@H](F)C2)C1,"N-((3R,4S)-3-fluoro-1-(((1s,3S)-3-hydroxy-3-methylcyclobutyl)carbonyl)piperidin-4-yl)-6-(1H-pyrazol-1-yl)pyridine-2-carboxamide",,CC1(O)CC(C(=O)N2CC[C@H](NC(=O)c3cccc(-n4cccn4)n3)[C@H](F)C2)C1,
88603,C#CCn1cccc1C(=O)N1C[C@H]2[C@H](CC(=O)N3CCNC(=O)[C@H]3CC)[C@H]2C1,,,C#CCn1cccc1C(=O)N1C[C@@H]2[C@@H](CC(=O)N3CCNC(=O)C3CC)[C@@H]2C1,
88613,CCS[C@@H](C)C(=O)N[C@]1(C)C[C@@H](NC(=O)c2cnn(C3CCC3)c2C)C1,"(2S)-N-((1r,3S)-3-(1-cyclobutyl-5-methyl-1H-pyrazole-4-carboxamido)-1-methylcyclobutyl)-2-(ethylsulfanyl)propanamide",,CCSC(C)C(=O)N[C@]1(C)C[C@@H](NC(=O)c2cnn(C3CCC3)c2C)C1,
88619,CC(C)[C@@H]1[C@H](C(=O)N[C@H]2CCOC2)CCN1C(=O)[C@@H]1[C@H]2CC(=O)C[C@H]21,,,CC(C)[C@@H]1C(C(=O)N[C@H]2CCOC2)CCN1C(=O)C1[C@H]2CC(=O)C[C@@H]12,
88620,C[C@H](O)C(=O)N[C@@H]1C[C@H]2CC[C@@H]1CN(C(=O)[C@H]1C[C@@H]3CC[C@H](C1)[C@@H]3O)C2,,,CC(O)C(=O)N[C@@H]1C[C@H]2CC[C@@H]1CN(C(=O)C1C[C@H]3CC[C@@H](C1)[C@H]3O)C2,
88634,COc1cc(O)c(CN[C@H]2[C@H]3CC[C@@H]2CN(C(=O)CC(C)(C)O)C3)cc1Br,,,COc1cc(O)c(CN[C@@H]2[C@@H]3CC[C@H]2CN(C(=O)CC(C)(C)O)C3)cc1Br,
88637,COc1ccc2cc(C(=O)N[C@]3(C)C[C@H](NC(=O)CSS(C)(=O)=O)C3)n(C)c2c1,"6-methoxy-1-methyl-N-((1s,3s)-1-methyl-3-(2-(methylsulfonylsulfanyl)acetamido)cyclobutyl)-1H-indole-2-carboxamide",,COc1ccc2cc(C(=O)N[C@]3(C)C[C@H](NC(=O)CSS(C)(=O)=O)C3)n(C)c2c1,
88711,O=C(N[C@@H]1[C@H]2CCCCC[C@H]21)[C@@H]1CC2(CC2)CN1C(=O)C[C@@]12CCC[C@@H]1C2,,,O=C(N[C@H]1[C@@H]2CCCCC[C@@H]21)C1CC2(CC2)CN1C(=O)C[C@@]12CCC[C@@H]1C2,
88716,O=C(N[C@@H]1C[C@@H]2CC[C@H](C1)N2C(=O)c1noc2c1CCCC2)[C@@H]1CCC[C@H]1CF,,,O=C(N[C@H]1C[C@H]2CC[C@@H](C1)N2C(=O)c1noc2c1CCCC2)C1CCC[C@H]1CF,
88753,C[C@]1(O)C[C@@H](C(=O)NC[C@@H]2CCCN2C(=O)c2csc3nnsc23)C1,"(1s,3R)-N-(((2S)-1-((2,6-dithia-3,4-diazabicyclo[3.3.0]octa-1(5),3,7-trien-8-yl)carbonyl)pyrrolidin-2-yl)methyl)-3-hydroxy-3-methylcyclobutanecarboxamide",,CC1(O)CC(C(=O)NC[C@@H]2CCCN2C(=O)c2csc3nnsc23)C1,
88762,C[C@H]1C[C@@H](C)C[C@H]([C@@H](C)NCCCN2CCN(c3ncccn3)CC2)C1,,,C[C@@H]1C[C@H](C)C[C@@H]([C@@H](C)NCCCN2CCN(c3ncccn3)CC2)C1,
88764,Cc1ccc2ccc(C(=O)N[C@]3(C)C[C@@H](NC(=O)[C@H]4C[C@@H]5CC[C@@H]5C4)C3)nc2c1,,,Cc1ccc2ccc(C(=O)N[C@]3(C)C[C@@H](NC(=O)C4C[C@H]5CC[C@H]5C4)C3)nc2c1,
88835,CO[C@H]1C[C@H](CC(=O)N[C@]2(C)C[C@@H](NC(=O)c3occc3F)C2)C1(C)C,"N-((1r,3R)-3-(3-fluorofuran-2-carboxamido)-1-methylcyclobutyl)-2-((1R,3S)-3-methoxy-2,2-dimethylcyclobutyl)acetamide",,CO[C@H]1C[C@H](CC(=O)N[C@]2(C)C[C@@H](NC(=O)c3occc3F)C2)C1(C)C,
88847,O=C(N[C@@H]1C[C@H]2[C@@H](C1)C2(F)F)[C@@H]1CSCCN1C(=O)c1cc(O)cc(F)c1,,,O=C(N[C@H]1C[C@@H]2[C@H](C1)C2(F)F)C1CSCCN1C(=O)c1cc(O)cc(F)c1,
88955,CC1=C(C(=O)N[C@@H](CC(N)=O)C(=O)N2C[C@H](C)[C@@H](O)[C@H](C)C2)CCO1,"N-((2S)-4-amino-1-((3R,4S,5S)-4-hydroxy-3,5-dimethylpiperidin-1-yl)-1,4-dioxobutan-2-yl)-2-methyl-4,5-dihydrofuran-3-carboxamide",,CC1=C(C(=O)NC(CC(N)=O)C(=O)N2C[C@@H](C)[C@H](O)[C@@H](C)C2)CCO1,
89029,Cc1ccccc1C=CC(=O)NC[C@H]1[C@@H]2CN(C(=O)C34CCC(CC3)CC4)C[C@H]12,,,Cc1ccccc1C=CC(=O)NC[C@@H]1[C@H]2CN(C(=O)C34CCC(CC3)CC4)C[C@@H]12,
89042,Cc1nn(C)c(C)c1C[C@@H](C)C(=O)NC[C@@H](C)N(C)C(=O)[C@@H]1C[C@H](C)O[C@H](C)C1,,,Cc1nn(C)c(C)c1CC(C)C(=O)NC[C@@H](C)N(C)C(=O)C1C[C@@H](C)O[C@@H](C)C1,
89045,CC(=CC(=O)N[C@H]1C[C@](C)(NC(=O)[C@H](C#N)C2CC2)C1)C(C)(C)C,"N-((1S,3r)-3-((2S)-2-cyano-2-cyclopropylacetamido)-3-methylcyclobutyl)-3,4,4-trimethylpent-2-enamide",,CC(=CC(=O)N[C@H]1C[C@](C)(NC(=O)C(C#N)C2CC2)C1)C(C)(C)C,
89080,CN(C(=O)[C@H]1C[C@H]2COC[C@H](C2)C1)C1CN(C(=O)[C@H](O)C2CCCCCCC2)C1,,,CN(C(=O)C1C[C@H]2COC[C@@H](C1)C2)C1CN(C(=O)C(O)C2CCCCCCC2)C1,
89089,C#CCCCNC(=O)[C@H]1C[C@@H]1[C@@H](C)NC(=O)[C@H]1C[C@@H]2CC[C@@H]2C1,,,C#CCCCNC(=O)C1C[C@@H]1[C@@H](C)NC(=O)C1C[C@H]2CC[C@H]2C1,
89098,C#CC[C@]1(O)C[C@@H](C(=O)NCC2=CCN(C(=O)CCc3cn(C)nc3C)CC2)C1,"(1s,3s)-N-((1-(3-(1,3-dimethyl-1H-pyrazol-4-yl)propanoyl)-1,2,3,6-tetrahydropyridin-4-yl)methyl)-3-hydroxy-3-(prop-2-yn-1-yl)cyclobutanecarboxamide",,C#CCC1(O)CC(C(=O)NCC2=CCN(C(=O)CCc3cn(C)nc3C)CC2)C1,
89103,CCC(=O)NC[C@]1(F)C[C@@H](Nc2ncnc3sc4c(c23)CC[C@@H](C)C4)C1,"N-(((1S,3s)-1-fluoro-3-(((11R)-11-methyl-8-thia-4,6-diazatricyclo[7.4.0.0^{2,7}]trideca-1(9),2,4,6-tetraen-3-yl)amino)cyclobutyl)methyl)propanamide",,CCC(=O)NC[C@]1(F)C[C@@H](Nc2ncnc3sc4c(c23)CC[C@@H](C)C4)C1,
89161,C[C@H]1CN(C(=O)C2CC3(C2)C[C@H]3F)C[C@@H](C)[C@@H]1Nc1ncc([N+](=O)[O-])cc1Br,"((3R,4R,5S)-4-((3-bromo-5-nitropyridin-2-yl)amino)-3,5-dimethylpiperidin-1-yl)((1R)-1-fluorospiro[2.3]hexan-5-yl)methanone",,C[C@@H]1CN(C(=O)C2CC3(C2)C[C@H]3F)C[C@H](C)[C@H]1Nc1ncc([N+](=O)[O-])cc1Br,
89201,CCNC(=O)CCC(=O)N[C@]1(C)C[C@H](NC(=O)c2cc3c(s2)C[C@H](C)C[C@@H]3C)C1,"N'-((1R,3s)-3-((4S,6R)-4,6-dimethyl-4,5,6,7-tetrahydro-1-benzothiophene-2-carboxamido)-1-methylcyclobutyl)-N-ethylbutanediamide",,CCNC(=O)CCC(=O)N[C@]1(C)C[C@H](NC(=O)c2cc3c(s2)C[C@H](C)C[C@@H]3C)C1,
89209,CCN(CC)CCC(=O)N[C@@H]1C[C@H]2[C@@H](C1)[C@@H]2NC(=O)[C@@H]1CCCC(F)(F)C1,,,CCN(CC)CCC(=O)N[C@H]1C[C@@H]2[C@H](C1)[C@H]2NC(=O)C1CCCC(F)(F)C1,
89217,CCC[C@@H](O)C(=O)N1C[C@H]2[C@H](NC(=O)C#CC(C)(C)NC(=O)OC(C)(C)C)[C@H]2C1,"tert-butyl (5-(((1R,5S,6S)-3-((2R)-2-hydroxypentanoyl)-3-azabicyclo[3.1.0]hexan-6-yl)amino)-2-methyl-5-oxopent-3-yn-2-yl)carbamate",,CCCC(O)C(=O)N1C[C@@H]2[C@H](C1)[C@H]2NC(=O)C#CC(C)(C)NC(=O)OC(C)(C)C,
89244,C#CC1=CC=CC=C1CC(=O)N1C[C@@H]2[C@H](C1)[C@H]2NC(=O)C(C)(C)C1=C(Cl)C=CS1,,,C#Cc1ccccc1CC(=O)N1C[C@@H]2[C@H](C1)[C@H]2NC(=O)C(C)(C)c1sccc1Cl,
89374,CCC=CC=CC(=O)NC[C@]1(F)C[C@H](CNC(=O)[C@@]2(CO)CCCO2)C1,"N-(((1S,3r)-1-fluoro-3-(((2S)-2-(hydroxymethyl)oxolane-2-carboxamido)methyl)cyclobutyl)methyl)hepta-2,4-dienamide",,CC=CC=CCC(=O)NC[C@]1(F)C[C@H](CNC(=O)[C@@]2(CO)CCCO2)C1,
89391,CC1(C)[C@H]2C[C@H](OC(=O)[C@@H]3CCCN3S(=O)(=O)c3ccc(Cl)s3)C[C@H]21,,,CC1(C)[C@@H]2C[C@@H](OC(=O)C3CCCN3S(=O)(=O)c3ccc(Cl)s3)C[C@@H]21,
89436,C=CC=CCC(=O)N1CCCC[C@]12C[C@H](NC(=O)c1ccc(N(C)C)cn1)C2,"5-(dimethylamino)-N-(5-(hexa-3,5-dienoyl)-5-azaspiro[3.5]nonan-2-yl)pyridine-2-carboxamide",CN(C=1C=CC(=NC1)C(=O)NC1CC2(C1)N(CCCC2)C(CC=CC=C)=O)C,CC=CC=CC(=O)N1CCCC[C@]12C[C@H](NC(=O)c1ccc(N(C)C)cn1)C2,CC=CC=CC(=O)N1CCCCC12CC(NC(=O)c1ccc(N(C)C)cn1)C2
89455,C[C@]1(NC(=O)[C@H]2CCCCS2)C[C@H](NC(=O)[C@@]2(F)CCS(=O)(=O)C2)C1,"(2R)-N-((1S,3R)-3-((3S)-3-fluoro-1,1-dioxo-1lambda^6-thiolane-3-carboxamido)-1-methylcyclobutyl)thiane-2-carboxamide",,C[C@]1(NC(=O)C2CCCCS2)C[C@H](NC(=O)[C@@]2(F)CCS(=O)(=O)C2)C1,
89476,CCCCS[C@@H](C)C(=O)NC[C@H]1C[C@@](F)(CNC(=O)c2coc(OCC)n2)C1,"(2S)-2-(butylsulfanyl)-N-(((1r,3S)-3-((2-ethoxy-1,3-oxazole-4-carboxamido)methyl)-3-fluorocyclobutyl)methyl)propanamide",,CCCCSC(C)C(=O)NC[C@H]1C[C@@](F)(CNC(=O)c2coc(OCC)n2)C1,
89504,O=C(C=CC1CCCC1)NCc1cn(C2CN(C(=O)[C@H]3C[C@](F)(CO)C3)C2)nn1,"3-cyclopentyl-N-((1-(1-(((1s,3s)-3-fluoro-3-(hydroxymethyl)cyclobutyl)carbonyl)azetidin-3-yl)-1H-1,2,3-triazol-4-yl)methyl)prop-2-enamide",,O=C(C=CC1CCCC1)NCc1cn(C2CN(C(=O)C3CC(F)(CO)C3)C2)nn1,
89533,CC1(C(=O)N2CCC3(CCCC3)CC2)CC(NC(=O)[C@@H]2[C@H]3CCCC[C@H]32)C1,,,CC1(C(=O)N2CCC3(CCCC3)CC2)CC(NC(=O)C2[C@H]3CCCC[C@@H]23)C1,
89566,CN1CC[C@@H]1C(=O)N[C@]1(C(=O)N2CCc3ncncc3C2)C[C@H](O)C1,"(2R)-N-((1s,3S)-3-hydroxy-1-((2,4,8-triazabicyclo[4.4.0]deca-1,3,5-trien-8-yl)carbonyl)cyclobutyl)-1-methylazetidine-2-carboxamide",,CN1CCC1C(=O)N[C@]1(C(=O)N2CCc3ncncc3C2)C[C@H](O)C1,
89601,C[C@@H]1CN(c2ncnc3sccc23)CC[C@H]1CNC(=O)[C@H]1C[C@@](F)(CO)C1,"(1r,3R)-3-fluoro-3-(hydroxymethyl)-N-(((3S,4R)-3-methyl-1-(thieno[2,3-d]pyrimidin-4-yl)piperidin-4-yl)methyl)cyclobutanecarboxamide",,C[C@@H]1CN(c2ncnc3sccc23)CC[C@H]1CNC(=O)C1CC(F)(CO)C1,
89606,C#C[C@]1(O)C[C@@H](C(=O)N2CCC([C@@H]3CCCN(C(=O)CCCN(C)C)C3)CC2)C1,"4-(dimethylamino)-1-((3S)-3-(1-(((1s,3R)-3-ethynyl-3-hydroxycyclobutyl)carbonyl)piperidin-4-yl)piperidin-1-yl)butan-1-one",,C#CC1(O)CC(C(=O)N2CCC([C@@H]3CCCN(C(=O)CCCN(C)C)C3)CC2)C1,
89613,Cc1c(NCCCn2cc(Br)cn2)ncnc1N[C@H]1C[C@H]2COC[C@H](C2)C1,,,Cc1c(NCCCn2cc(Br)cn2)ncnc1N[C@@H]1C[C@@H]2COC[C@@H](C2)C1,
89718,CC(C)c1occc1C(=O)N[C@H]1C[C@H]2COC[C@@H](C1)N2C(=O)[C@H]1CCC[C@@H]1C,"N-((1R,5S,7R)-9-(((1S,2S)-2-methylcyclopentyl)carbonyl)-3-oxa-9-azabicyclo[3.3.1]nonan-7-yl)-2-(propan-2-yl)furan-3-carboxamide",,CC(C)c1occc1C(=O)N[C@H]1C[C@H]2COC[C@@H](C1)N2C(=O)C1CCC[C@@H]1C,
89765,CC[C@@H](C(=O)NC[C@]1(F)C[C@H](CNC(=O)c2cc[nH]n2)C1)c1cccc(Cl)c1,"(2R)-2-(3-chlorophenyl)-N-(((1r,3R)-1-fluoro-3-((1H-pyrazole-3-carboxamido)methyl)cyclobutyl)methyl)butanamide",,CCC(C(=O)NC[C@]1(F)C[C@H](CNC(=O)c2cc[nH]n2)C1)c1cccc(Cl)c1,
89802,Cn1ncc2cc(C(=O)N[C@H]3C[C@](C)(NC(=O)c4nnc5ccccn45)C3)sc21,"N-((1r,3r)-3-([1,2,4]triazolo[4,3-a]pyridine-3-carboxamido)-3-methylcyclobutyl)-8-methyl-2-thia-7,8-diazabicyclo[3.3.0]octa-1(5),3,6-triene-3-carboxamide",,Cn1ncc2cc(C(=O)N[C@H]3C[C@](C)(NC(=O)c4nnc5ccccn45)C3)sc21,
89815,COc1ccc(S(=O)(=O)N2C[C@@H]3[C@H](C(=O)N4CCCCC(F)(F)C4)[C@@H]3C2)cc1Cl,,,COc1ccc(S(=O)(=O)N2C[C@@H]3C(C(=O)N4CCCCC(F)(F)C4)[C@@H]3C2)cc1Cl,
89818,CC(C)[C@]1(C)C[C@@H]1C(=O)N[C@]1(C)C[C@H](NC(=O)c2ccc(C(C)(C)C)o2)C1,"5-(tert-butyl)-N-((1R,3s)-3-methyl-3-((1S,2S)-2-methyl-2-(propan-2-yl)cyclopropanecarboxamido)cyclobutyl)furan-2-carboxamide",,CC(C)[C@]1(C)CC1C(=O)N[C@]1(C)C[C@H](NC(=O)c2ccc(C(C)(C)C)o2)C1,
89857,C[C@@H](CF)C(=O)N1C[C@H]2[C@H](CNC(=O)[C@H](O)c3ccccc3Cl)[C@H]2C1,"(2R)-2-(2-chlorophenyl)-N-(((1R,5S,6R)-3-((2R)-3-fluoro-2-methylpropanoyl)-3-azabicyclo[3.1.0]hexan-6-yl)methyl)-2-hydroxyacetamide",,CC(CF)C(=O)N1C[C@@H]2[C@@H](CNC(=O)C(O)c3ccccc3Cl)[C@@H]2C1,
89898,CCC[C@@H](CCO)CNC(=O)CCC1(C)CN(C(=O)[C@@H]2C[C@@H]3CC[C@@H]3C2)C1,,,CCC[C@@H](CCO)CNC(=O)CCC1(C)CN(C(=O)C2C[C@H]3CC[C@H]3C2)C1,
89906,C#CCCCCCC(=O)NC(C)(C)C[C@@H](F)C(=O)NC[C@]1(O)C[C@@H](O)C1,"N-((4R)-5-((((1s,3S)-1,3-dihydroxycyclobutyl)methyl)amino)-4-fluoro-2-methyl-5-oxopentan-2-yl)oct-7-ynamide",,C#CCCCCCC(=O)NC(C)(C)CC(F)C(=O)NC[C@]1(O)C[C@@H](O)C1,
89908,CCCn1cc(C(=O)N[C@]2(C)C[C@H](NC(=O)[C@H](O)[C@@H](C)SC)C2)c(C)n1,"N-((1R,3s)-3-((2S,3R)-2-hydroxy-3-(methylsulfanyl)butanamido)-1-methylcyclobutyl)-3-methyl-1-propyl-1H-pyrazole-4-carboxamide",,CCCn1cc(C(=O)N[C@]2(C)C[C@H](NC(=O)C(O)C(C)SC)C2)c(C)n1,
89913,CN(C)Cc1ccc(C(=O)N2[C@H]3CC[C@@H]2C[C@@H](CNC(=O)CC(C)(C)C)C3)cn1,,,CN(C)Cc1ccc(C(=O)N2[C@@H]3CC[C@H]2C[C@H](CNC(=O)CC(C)(C)C)C3)cn1,
89938,C[C@H]1CCC=C1C(=O)NC[C@H]1[C@@H]2CN(C(=O)C[C@]3(C)CCOC3)C[C@H]12,"(5S)-5-methyl-N-(((1R,5S,6S)-3-(2-((3S)-3-methyloxolan-3-yl)acetyl)-3-azabicyclo[3.1.0]hexan-6-yl)methyl)cyclopent-1-ene-1-carboxamide",,C[C@H]1CCC=C1C(=O)NC[C@@H]1[C@H]2CN(C(=O)C[C@]3(C)CCOC3)C[C@@H]12,
89947,CN=c1[nH]cc(C(=O)N[C@H]2C[C@@](F)(CNC(=O)c3cn4ccnc4s3)C2)s1,"N-(((1r,3r)-1-fluoro-3-(2-(methylimino)-3H-1,3-thiazole-5-carboxamido)cyclobutyl)methyl)-2-thia-5,8-diazabicyclo[3.3.0]octa-1(8),3,6-triene-3-carboxamide",,CNc1ncc(C(=O)N[C@H]2C[C@@](F)(CNC(=O)c3cn4ccnc4s3)C2)s1,
89984,CN(C)[C@@H](CO)C(=O)NC[C@]1(c2ccccc2)C[C@@H](NC(=O)[C@H]2CCCCO2)C1,"(2S)-2-(dimethylamino)-3-hydroxy-N-(((1R,3S)-3-((2R)-oxane-2-carboxamido)-1-phenylcyclobutyl)methyl)propanamide",,CN(C)C(CO)C(=O)NC[C@]1(c2ccccc2)C[C@@H](NC(=O)C2CCCCO2)C1,
89993,O=C(C[C@H]1CCOC1)N[C@]1(c2ccccc2)C[C@@H](NC(=O)c2ccns2)C1,"2-((3R)-oxolan-3-yl)-N-((1r,3R)-1-phenyl-3-(1,2-thiazole-5-carboxamido)cyclobutyl)acetamide",,O=C(C[C@H]1CCOC1)N[C@]1(c2ccccc2)C[C@@H](NC(=O)c2ccns2)C1,
90151,C=C(C)CC(=O)NC[C@@H](NC(=O)[C@@H]1C[C@H]2[C@@H](C1)C2(F)F)c1ccccc1CC,,,C=C(C)CC(=O)NC[C@@H](NC(=O)C1C[C@@H]2[C@H](C1)C2(F)F)c1ccccc1CC,
90183,CN1C[C@H](NC(=O)[C@H]2CCN(C(=O)[C@H]3C[C@@H]4CC[C@@H]4C3)O2)CC1=O,,,CN1C[C@H](NC(=O)C2CCN(C(=O)C3C[C@H]4CC[C@H]4C3)O2)CC1=O,
90209,O=C(NC[C@@]12CCC[C@@H](CN1C(=O)[C@H]1C[C@](F)(CO)C1)C2)c1cccc(O)c1Cl,"2-chloro-N-(((1R,5S)-6-(((1s,3R)-3-fluoro-3-(hydroxymethyl)cyclobutyl)carbonyl)-6-azabicyclo[3.2.1]octan-5-yl)methyl)-3-hydroxybenzamide",,O=C(NC[C@@]12CCC[C@@H](CN1C(=O)C1CC(F)(CO)C1)C2)c1cccc(O)c1Cl,
90270,O=C(NC[C@@H]1C[C@@H]2CC[C@H](C1)N2C(=O)[C@H]1CCOC1=O)c1ccc(CO)s1,"5-(hydroxymethyl)-N-(((1R,3R,5S)-8-(((3R)-2-oxooxolan-3-yl)carbonyl)-8-azabicyclo[3.2.1]octan-3-yl)methyl)thiophene-2-carboxamide",,O=C(NC[C@H]1C[C@H]2CC[C@@H](C1)N2C(=O)C1CCOC1=O)c1ccc(CO)s1,
90321,CN(CC[C@H](NC(=O)[C@@H]1[C@H]2CC(=O)C[C@H]21)C(C)(C)C)C(=O)[C@H]1C=CCS1,,,CN(CC[C@H](NC(=O)C1[C@H]2CC(=O)C[C@@H]12)C(C)(C)C)C(=O)C1C=CCS1,
90369,CO[C@@H]1CCC[C@@H](C(=O)N[C@H]2C[C@@](F)(CNC(=O)c3c[nH]c(C(N)=O)c3)C2)C1,"N'-(((1R,3r)-1-fluoro-3-((1R,3R)-3-methoxycyclohexanecarboxamido)cyclobutyl)methyl)-1H-pyrrole-2,4-dicarboxamide",,CO[C@@H]1CCCC(C(=O)N[C@H]2C[C@@](F)(CNC(=O)c3c[nH]c(C(N)=O)c3)C2)C1,
90451,CCC[C@H](C)N1C[C@@H](C(=O)N(C)[C@@H](C)CCNC(=O)[C@H]2C[C@](F)(CO)C2)CC1=O,"(3S)-N-((2S)-4-((1s,3R)-3-fluoro-3-(hydroxymethyl)cyclobutanecarboxamido)butan-2-yl)-N-methyl-5-oxo-1-((2S)-pentan-2-yl)pyrrolidine-3-carboxamide",,CCC[C@H](C)N1CC(C(=O)N(C)[C@@H](C)CCNC(=O)C2CC(F)(CO)C2)CC1=O,
90467,C=CC1(CC(=O)N2[C@H]3CC[C@@H]2C[C@@H](CNC(=O)c2snnc2CC)C3)CCC1,,,C=CC1(CC(=O)N2[C@@H]3CC[C@H]2C[C@H](CNC(=O)c2snnc2CC)C3)CCC1,
90473,CC[C@](C)(F)C(=O)N(C)C[C@H]1[C@@H]2CN(C(=O)c3n[nH]c4ccc(Cl)cc34)C[C@H]12,,,CC[C@](C)(F)C(=O)N(C)C[C@@H]1[C@H]2CN(C(=O)c3[nH]nc4ccc(Cl)cc34)C[C@@H]12,
90512,CCNC(=O)[C@H]([C@@H]1[C@H]2CC=CC[C@H]21)N(C)[C@@H]1C[C@H](OCC)C12CCCC2,,,CCNC(=O)C([C@H]1[C@@H]2CC=CC[C@@H]21)N(C)[C@@H]1C[C@H](OCC)C12CCCC2,
90604,CO[C@H](C(=O)N[C@H]1C[C@](F)(CN=c2c(C)c[nH]cc2[N+](=O)[O-])C1)c1cccnc1,"(2S)-N-((1s,3R)-3-fluoro-3-(((3-methyl-5-nitro-1H-pyridin-4-ylidene)amino)methyl)cyclobutyl)-2-methoxy-2-(pyridin-3-yl)acetamide",,COC(C(=O)N[C@H]1C[C@](F)(CNc2c(C)cncc2[N+](=O)[O-])C1)c1cccnc1,
90619,CC[C@@H](CNC(=O)c1ccc(O)c2c1CCCC2)NC(=O)[C@H]1C[C@@](F)(CO)C1,"N-((2S)-2-((1r,3S)-3-fluoro-3-(hydroxymethyl)cyclobutanecarboxamido)butyl)-8-hydroxy-1,2,3,4-tetrahydronaphthalene-5-carboxamide",,CC[C@@H](CNC(=O)c1ccc(O)c2c1CCCC2)NC(=O)C1CC(F)(CO)C1,
90672,C[C@H](C(=O)N1C[C@H]2[C@H](CC(=O)NC[C@H]3CC4(CCC4)CO3)[C@H]2C1)N1CCCC1,"N-(((7R)-6-oxaspiro[3.4]octan-7-yl)methyl)-2-((1R,5S,6S)-3-((2R)-2-(pyrrolidin-1-yl)propanoyl)-3-azabicyclo[3.1.0]hexan-6-yl)acetamide",,CC(C(=O)N1C[C@@H]2[C@@H](CC(=O)NC[C@H]3CC4(CCC4)CO3)[C@@H]2C1)N1CCCC1,
90693,CCC[C@@](C)(O)C(=O)N[C@H]1C[C@@H]2CC[C@H](C1)N2C(=O)c1cc(CC)nnc1C,,,CCC[C@@](C)(O)C(=O)N[C@@H]1C[C@H]2CC[C@@H](C1)N2C(=O)c1cc(CC)nnc1C,
90718,CC(C)c1noc(CCC(=O)N(C)C[C@H]2[C@@H]3CN(C(=O)[C@H]4CC(C)(C)O4)C[C@H]23)n1,"N-(((1R,5S,6R)-3-(((2R)-4,4-dimethyloxetan-2-yl)carbonyl)-3-azabicyclo[3.1.0]hexan-6-yl)methyl)-N-methyl-3-(3-(propan-2-yl)-1,2,4-oxadiazol-5-yl)propanamide",,CC(C)c1noc(CCC(=O)N(C)C[C@@H]2[C@H]3CN(C(=O)C4CC(C)(C)O4)C[C@@H]23)n1,
90729,O=C([C@@H]1[C@H]2[C@@H]3CC[C@@H](C3)[C@H]21)N1CC[C@@H](NC(=O)C2(O)CC2)[C@H](F)C1,,,O=C(C1[C@@H]2[C@H]3CC[C@H](C3)[C@H]12)N1CC[C@@H](NC(=O)C2(O)CC2)[C@H](F)C1,
90834,CC1(C(=O)NC2CCC(NC(=O)[C@H]3CC[C@H]4C[C@H]4CC3)CC2)CC(F)(F)C1,,,CC1(C(=O)NC2CCC(NC(=O)C3CC[C@@H]4C[C@@H]4CC3)CC2)CC(F)(F)C1,
90850,COc1cc(N2C[C@H]3[C@H](CNC(=O)[C@@H](O)C4CCC4)[C@H]3C2)nc(OC)n1,,,COc1cc(N2C[C@@H]3[C@@H](CNC(=O)C(O)C4CCC4)[C@@H]3C2)nc(OC)n1,
91004,COC1(C(=O)NC[C@]2(F)C[C@H](CNC(=O)c3ccn(C(C)C)n3)C2)CCSCC1,"N-(((1r,3r)-3-fluoro-3-((4-methoxythiane-4-carboxamido)methyl)cyclobutyl)methyl)-1-(propan-2-yl)-1H-pyrazole-3-carboxamide",,COC1(C(=O)NC[C@]2(F)C[C@H](CNC(=O)c3ccn(C(C)C)n3)C2)CCSCC1,
91024,COc1nc(C)c(C(=O)N2C[C@H]3[C@@H](C2)[C@@H]3C(=O)N(C)CCOc2ccccc2)s1,,,COc1nc(C)c(C(=O)N2C[C@@H]3C(C(=O)N(C)CCOc4ccccc4)[C@@H]3C2)s1,
91081,CCc1cc(CC(=O)N[C@]2(C)C[C@@H](NC(=O)[C@@]3(C)CNC(=O)C3)C2)n(C)n1,"2-(3-ethyl-1-methyl-1H-pyrazol-5-yl)-N-((1R,3r)-1-methyl-3-((3R)-3-methyl-5-oxopyrrolidine-3-carboxamido)cyclobutyl)acetamide",,CCc1cc(CC(=O)N[C@]2(C)C[C@@H](NC(=O)[C@@]3(C)CNC(=O)C3)C2)n(C)n1,
91085,C[C@H](CN(C)C(=O)c1cc(-c2ccncc2)no1)NC(=O)[C@H]1C[C@H]2[C@@H](C1)C2(C)C,,,C[C@H](CN(C)C(=O)c1cc(-c2ccncc2)no1)NC(=O)C1C[C@@H]2[C@H](C1)C2(C)C,
91142,CSC[C@@H](C)C(=O)N[C@]1(C)C[C@@H](NC(=O)c2cc(N)cc(O)c2C)C1,"(2S)-N-((1r,3S)-3-(5-amino-3-hydroxy-2-methylbenzamido)-1-methylcyclobutyl)-2-methyl-3-(methylsulfanyl)propanamide",,CSCC(C)C(=O)N[C@]1(C)C[C@@H](NC(=O)c2cc(N)cc(O)c2C)C1,
91168,CCc1cc(N[C@H]2[C@@H]3CN(C(=O)C=Cc4cccc(OC)c4)C[C@@H]32)ncn1,,,CCc1cc(N[C@H]2[C@@H]3CN(C(=O)C=Cc4cccc(OC)c4)C[C@@H]32)ncn1,
91227,CC[C@H](CC(=O)N[C@]1(C)C[C@H](C(=O)NCC[C@H]2COCCO2)C1)C1CCC1,"(3R)-3-cyclobutyl-N-((1R,3S)-3-((2-((2S)-1,4-dioxan-2-yl)ethyl)carbamoyl)-1-methylcyclobutyl)pentanamide",,CC[C@H](CC(=O)NC1(C)CC(C(=O)NCC[C@H]2COCCO2)C1)C1CCC1,
91229,C#CCO[C@@H](C)C(=O)N[C@H]1C[C@@H]2CN(C(=O)c3cc4nn[nH]c4cc3F)C[C@@H]2C1,,,C#CCOC(C)C(=O)N[C@H]1C[C@@H]2CN(C(=O)c3cc4[nH]nnc4cc3F)C[C@@H]2C1,
91241,C[C@@H](CC(=O)N(C)CCCCCCNC(=O)[C@H]1C[C@@H]2CC[C@H](C1)[C@@H]2O)C(F)F,,,C[C@@H](CC(=O)N(C)CCCCCCNC(=O)C1C[C@H]2CC[C@@H](C1)[C@H]2O)C(F)F,
91384,C[C@H]1[C@@H]2CN(C(=O)[C@H](CCF)NC(=O)[C@H]3[C@H]4CCC(F)(F)[C@@H]34)C[C@H]12,"(1R,5R,6S)-2,2-difluoro-N-((2S)-4-fluoro-1-((1R,5S,6R)-6-methyl-3-azabicyclo[3.1.0]hexan-3-yl)-1-oxobutan-2-yl)bicyclo[3.1.0]hexane-6-carboxamide",,C[C@@H]1[C@H]2CN(C(=O)C(CCF)NC(=O)C3[C@H]4CCC(F)(F)[C@@H]34)C[C@@H]12,
91438,CN(C(=O)c1ccncn1)[C@H]1C[C@@H]2CC[C@H](C1)N2C(=O)c1nc(=N)cc[nH]1,,,CN(C(=O)c1ccncn1)[C@@H]1C[C@H]2CC[C@@H](C1)N2C(=O)c1nccc(N)n1,
91525,COC(=O)C12CC(C(=O)N3C[C@H]4[C@H](CN(C)C(=O)[C@]56COC[C@H]5C6)[C@H]4C3)(C1)C2,,,COC(=O)C12CC(C(=O)N3C[C@@H]4[C@@H](CN(C)C(=O)[C@]56COC[C@H]5C6)[C@@H]4C3)(C1)C2,
91577,CC1(C)[C@H]2CC[C@]1(C(=O)NC[C@@H](CO)NC(=O)c1n[nH]cc1Cl)CC2,"4-chloro-N-((2S)-1-(7,7-dimethylbicyclo[2.2.1]heptane-1-carboxamido)-3-hydroxypropan-2-yl)-1H-pyrazole-3-carboxamide",ClC=1C(=NNC1)C(=O)N[C@@H](CNC(=O)C12CCC(CC1)C2(C)C)CO,CC1(C)[C@H]2CC[C@]1(C(=O)NC[C@@H](CO)NC(=O)c1[nH]ncc1Cl)CC2,CC1(C)C2CCC1(C(=O)NC[C@@H](CO)NC(=O)c1[nH]ncc1Cl)CC2
91583,CCCOCC(=O)NC[C@H](C(=O)NC[C@H]1[C@@H]2COC[C@H]12)N(C)C,,,CCCOCC(=O)NCC(C(=O)NC[C@@H]1[C@H]2COC[C@@H]12)N(C)C,
91605,CC[C@H](C(=O)OC)N(C)C(=O)[C@@H]1[C@H]2CN([C@@H]3CCC(=O)N(CC4CC4)CC3)C[C@H]21,"methyl (2R)-2-(N-methyl(1R,5S,6R)-3-((4R)-1-(cyclopropylmethyl)-7-oxoazepan-4-yl)-3-azabicyclo[3.1.0]hexane-6-carboxamido)butanoate",,CCC(C(=O)OC)N(C)C(=O)C1[C@H]2CN([C@@H]3CCC(=O)N(CC4CC4)CC3)C[C@@H]12,
91671,CCc1cc(C(=O)N2CCC(NC(=O)[C@H]3C[C@@H]4CC[C@@H]4C3)CC2)cc(O)n1,,,CCc1cc(C(=O)N2CCC(NC(=O)C3C[C@H]4CC[C@H]4C3)CC2)cc(=O)[nH]1,
91752,COc1cc(I)ccc1C(=O)N1C[C@H]2C[C@H](NC(=O)c3ccncc3Br)C[C@H]2C1,,,COc1cc(I)ccc1C(=O)N1C[C@H]2C[C@H](NC(=O)c3ccncc3Br)C[C@H]2C1,
91771,COCc1cc[nH]c1C(=O)N1CC([C@@H](O)C(=O)N[C@@H]2C[C@@H]3CC[C@H](C2)[C@@H]3O)C1,,,COCc1cc[nH]c1C(=O)N1CC(C(O)C(=O)N[C@H]2C[C@H]3CC[C@@H](C2)[C@H]3O)C1,
91777,C[C@H]1CCC[C@@H]1CC(=O)N[C@H]1C[C@@](C)(NC(=O)CCc2nc(C(F)(F)F)n[nH]2)C1,"N-((1S,3s)-1-methyl-3-(2-((1R,2S)-2-methylcyclopentyl)acetamido)cyclobutyl)-3-(3-(trifluoromethyl)-1H-1,2,4-triazol-5-yl)propanamide",,C[C@H]1CCC[C@@H]1CC(=O)N[C@H]1C[C@@](C)(NC(=O)CCc2n[nH]c(C(F)(F)F)n2)C1,
91779,CO[C@H]1C[C@@](CO)(NC(=O)[C@H]2[C@@H]3C[C@H]2CN3C(=O)[C@@H]2[C@@H]3CC[C@@H](F)[C@H]32)C1,"(1S,4R,5R)-2-(((1R,2R,5S,6R)-2-fluorobicyclo[3.1.0]hexan-6-yl)carbonyl)-N-((1s,3S)-1-(hydroxymethyl)-3-methoxycyclobutyl)-2-azabicyclo[2.1.1]hexane-5-carboxamide",,CO[C@H]1C[C@@](CO)(NC(=O)C2[C@H]3C[C@@H]2N(C(=O)C2[C@@H]4[C@H](F)CC[C@@H]24)C3)C1,
91857,CSC[C@@H](C)C(=O)NC[C@H]1C[C@](F)(CNC(=O)c2ccc3ccccc3n2)C1,"(2S)-N-(((1s,3R)-3-fluoro-3-((quinoline-2-carboxamido)methyl)cyclobutyl)methyl)-2-methyl-3-(methylsulfanyl)propanamide",,CSCC(C)C(=O)NC[C@H]1C[C@](F)(CNC(=O)c2ccc3ccccc3n2)C1,
91897,Cc1ccc2c(C(=O)N[C@H]3C[C@H](NC(=O)[C@H]4C[C@](O)(C(F)F)C4)C3)ccnc2c1,"7-methyl-N-(trans-3-((1s,3s)-3-(difluoromethyl)-3-hydroxycyclobutanecarboxamido)cyclobutyl)quinoline-4-carboxamide",,Cc1ccc2c(C(=O)N[C@H]3C[C@H](NC(=O)C4CC(O)(C(F)F)C4)C3)ccnc2c1,
91939,C[C@@H]1[C@H](C(=O)N2[C@@H]3CN(C(=O)CSc4ccc(Cl)cc4)C[C@@H]3C[C@H]2C)[C@@H]1C,,,C[C@@H]1C(C(=O)N2[C@H](C)C[C@H]3CN(C(=O)CSc4ccc(Cl)cc4)C[C@H]32)[C@@H]1C,
91946,C[C@]1(O)C[C@@H](C(=O)N2CC[C@H]([C@H]3CCCN(C(=O)Cc4cncnc4O)C3)C2)C1,"1-((3R)-3-((3R)-1-(((1s,3S)-3-hydroxy-3-methylcyclobutyl)carbonyl)pyrrolidin-3-yl)piperidin-1-yl)-2-(4-hydroxypyrimidin-5-yl)ethan-1-one",,CC1(O)CC(C(=O)N2CC[C@H]([C@H]3CCCN(C(=O)Cc4c[nH]cnc4=O)C3)C2)C1,
92046,COC(=O)[C@@H]1[C@H]2CN(C(=O)CN(C(=O)[C@H](C)CC3CC3)C3CC3)C[C@H]21,"methyl (1R,5S,6R)-3-(2-(N-cyclopropyl(2R)-3-cyclopropyl-2-methylpropanamido)acetyl)-3-azabicyclo[3.1.0]hexane-6-carboxylate",,COC(=O)C1[C@H]2CN(C(=O)CN(C(=O)C(C)CC3CC3)C3CC3)C[C@@H]12,
92126,O=C(NC[C@]1(F)C[C@@H](CNC(=O)[C@@H]2C[C@H]3C=C[C@@H]2O3)C1)[C@H]1CCCC12CC2,"(1S,2R,4S)-N-(((1R,3S)-3-fluoro-3-(((4S)-spiro[2.4]heptane-4-carboxamido)methyl)cyclobutyl)methyl)-7-oxabicyclo[2.2.1]hept-5-ene-2-carboxamide",,O=C(NC[C@H]1C[C@](F)(CNC(=O)C2CCCC23CC3)C1)C1C[C@H]2C=C[C@@H]1O2,
92133,CCC(C)(C)n1nnnc1[C@@H](N[C@H]1CCCn2ccnc21)[C@H]1[C@@H]2COC[C@@H]21,,,CCC(C)(C)n1nnnc1[C@@H](N[C@H]1CCCn2ccnc21)[C@H]1[C@@H]2COC[C@@H]21,
92244,C#CCCCC(=O)N1C[C@H](C)[C@@H](NC(=O)CCC#N)[C@H](C)C1,,,C#CCCCC(=O)N1C[C@@H](C)[C@H](NC(=O)CCC#N)[C@@H](C)C1,
92271,C[C@H]1CCN(CCNC(=O)[C@@H]2C[C@@H]3CN(C(=O)c4cccc(F)c4F)C[C@@H]3C2)C1,,,C[C@H]1CCN(CCNC(=O)C2C[C@@H]3CN(C(=O)c4cccc(F)c4F)C[C@@H]3C2)C1,
92306,Cc1nn(C)c(C)c1OCC(=O)N1C[C@H]2[C@H](NC(=O)[C@H]3CSCCS3)[C@H]2C1,,,Cc1nn(C)c(C)c1OCC(=O)N1C[C@@H]2[C@H](C1)[C@H]2NC(=O)C1CSCCS1,
92428,C[C@H]1CN(C(=O)C[C@H]2[C@@H]3CN(C(=O)CP(C)(C)=O)C[C@H]23)CC(C)(C)CO1,,,C[C@H]1CN(C(=O)C[C@@H]2[C@H]3CN(C(=O)CP(C)(C)=O)C[C@@H]23)CC(C)(C)CO1,
92438,C[C@H]1CSCCN(C(=O)CC(C)(C)N(C)C(=O)[C@@H]2[C@H]3CCCC[C@H]32)C1,,,C[C@H]1CSCCN(C(=O)CC(C)(C)N(C)C(=O)C2[C@H]3CCCC[C@@H]23)C1,
92441,Cn1nccc1C=CC(=O)N1CC[C@H]2[C@@H](CC1)[C@@H]2NC(=O)CC1(O)CCC1,,,Cn1nccc1C=CC(=O)N1CC[C@@H]2[C@H](CC1)[C@H]2NC(=O)CC1(O)CCC1,
92449,C#CCOCCC(=O)NC[C@H]1[C@@H]2CN(C(=O)c3ccc(OCCF)cc3)C[C@H]12,,,C#CCOCCC(=O)NC[C@@H]1[C@H]2CN(C(=O)c3ccc(OCCF)cc3)C[C@@H]12,
92506,CO[C@H]1C[C@@H](CC(=O)N[C@H]2C[C@](C)(NC(=O)[C@@H](C)c3ccc(C)cc3)C2)C1,"(2S)-N-((1r,3S)-3-(2-(cis-3-methoxycyclobutyl)acetamido)-1-methylcyclobutyl)-2-(4-methylphenyl)propanamide",,CO[C@H]1C[C@@H](CC(=O)N[C@H]2C[C@](C)(NC(=O)C(C)c3ccc(C)cc3)C2)C1,
92553,COCc1noc(CNC(=O)[C@H]2CC(=O)CN2C(=O)[C@@H]2[C@H]3CCCC[C@H]32)n1,,,COCc1noc(CNC(=O)C2CC(=O)CN2C(=O)C2[C@H]3CCCC[C@@H]23)n1,
92580,C#CC[C@@]1(C(=O)N2CC(OC(F)F)C2)CCN(C(=O)[C@@H]2[C@H]3CCC[C@H]32)C1,,,C#CC[C@@]1(C(=O)N2CC(OC(F)F)C2)CCN(C(=O)C2[C@H]3CCC[C@@H]23)C1,
92591,N#CC1(C(=O)N[C@H]2C[C@@H]3CC[C@H](C2)N3C(=O)c2occc2F)CCCC1,,,N#CC1(C(=O)N[C@@H]2C[C@H]3CC[C@@H](C2)N3C(=O)c2occc2F)CCCC1,
92601,CC[C@H](O)C(F)(F)C(=O)N[C@H]1C[C@@H]2CN(c3nc(C(C)C)ccc3C#N)C[C@@H]2C1,,,CC[C@H](O)C(F)(F)C(=O)N[C@H]1C[C@@H]2CN(c3nc(C(C)C)ccc3C#N)C[C@@H]2C1,
92627,O=C(Nc1ccc(Cl)cc1)N1C[C@@H]2[C@H](C(=O)N3CC[C@H](Br)C3)[C@@H]2C1,,,O=C(Nc1ccc(Cl)cc1)N1C[C@@H]2C(C(=O)N3CC[C@H](Br)C3)[C@@H]2C1,
92631,CC(C)COCC(=O)N[C@]1(C)C[C@H](C(=O)N[C@@H]2[C@H](C)C2(C)C)C1,"2-isobutoxy-N-((1S,3s)-1-methyl-3-(((1R,3R)-2,2,3-trimethylcyclopropyl)carbamoyl)cyclobutyl)acetamide",,CC(C)COCC(=O)NC1(C)CC(C(=O)N[C@@H]2[C@H](C)C2(C)C)C1,
92641,CN(CC1(O)CN(C(=O)[C@@H]2C[C@H]3[C@@H](C2)C3(F)F)C1)C(=O)[C@@H]1OC(C)(C)OC1(C)C,,,CN(CC1(O)CN(C(=O)C2C[C@@H]3[C@H](C2)C3(F)F)C1)C(=O)C1OC(C)(C)OC1(C)C,
92645,CNS(=O)(=O)c1csc(C(=O)NC[C@]2(F)C[C@@H](NC(=O)[C@H]3C[C@H]3F)C2)c1,"N-(((1S,3s)-1-fluoro-3-((1R,2R)-2-fluorocyclopropanecarboxamido)cyclobutyl)methyl)-4-(methylsulfamoyl)thiophene-2-carboxamide",,CNS(=O)(=O)c1csc(C(=O)NC[C@]2(F)C[C@@H](NC(=O)C3C[C@H]3F)C2)c1,
92724,Cc1cc(C(=O)N(C)[C@H]2[C@@H]3CN(C(=O)Cn4cc([N+](=O)[O-])c(C)n4)C[C@@H]32)sc1Cl,,,Cc1cc(C(=O)N(C)[C@H]2[C@@H]3CN(C(=O)Cn4cc([N+](=O)[O-])c(C)n4)C[C@@H]32)sc1Cl,
92743,CCC[C@@H](C(=O)NC[C@H](C)N1CCN(C(=O)[C@@H]2[C@H]3CN(C)C[C@H]32)CC1)C(C)C,,,CCCC(C(=O)NC[C@H](C)N1CCN(C(=O)C2[C@H]3CN(C)C[C@@H]23)CC1)C(C)C,
92766,CCO[C@@H](C(=O)N[C@]1(C)C[C@@H](NC(=O)c2cnc3n2CCC[C@@H]3C)C1)C1CCC1,"(2R)-2-cyclobutyl-2-ethoxy-N-((1S,3R)-1-methyl-3-((8S)-8-methyl-5,6,7,8-tetrahydroimidazo[1,2-a]pyridine-3-carboxamido)cyclobutyl)acetamide",,CCOC(C(=O)N[C@]1(C)C[C@@H](NC(=O)c2cnc3n2CCC[C@@H]3C)C1)C1CCC1,
92786,C=CCC(=O)N1C[C@H](NC(=O)[C@@H]2[C@H]3COC[C@H]32)CC12CCOCC2,,,C=CCC(=O)N1C[C@H](NC(=O)C2[C@H]3COC[C@@H]23)CC12CCOCC2,
92806,C=C=C[C@@H](C)C(=O)N[C@]1(C)C[C@@H](NC(=O)C2CCC3(CCCC3)CC2)C1,"(2R)-2-methyl-N-((1r,3R)-1-methyl-3-(spiro[4.5]decane-8-carboxamido)cyclobutyl)penta-3,4-dienamide",,C=C=CC(C)C(=O)N[C@]1(C)C[C@@H](NC(=O)C2CCC3(CCCC3)CC2)C1,
92822,COc1ncc(F)c(N2C[C@@H]3[C@H](C2)[C@@H]3NCc2ccc(-c3ccccc3)nc2)n1,,,COc1ncc(F)c(N2C[C@@H]3[C@H](C2)[C@@H]3NCc2ccc(-c3ccccc3)nc2)n1,
92861,C[C@H](NC(=O)[C@H]1CC[C@@](C)(F)CC1)[C@@H]1CCCN(C(=O)c2ccc(Cl)nc2N)C1,"(1s,4R)-N-((1S)-1-((3R)-1-((2-amino-6-chloropyridin-3-yl)carbonyl)piperidin-3-yl)ethyl)-4-fluoro-4-methylcyclohexanecarboxamide",,C[C@H](NC(=O)C1CCC(C)(F)CC1)[C@@H]1CCCN(C(=O)c2ccc(Cl)nc2N)C1,
92927,NC(=O)NCC(=O)N1C[C@H]2[C@@H](C1)[C@@H]2C(=O)N(Cc1ccc(Cl)cc1)C1CCCC1,,,NC(=O)NCC(=O)N1C[C@@H]2C(C(=O)N(Cc3ccc(Cl)cc3)C3CCCC3)[C@@H]2C1,
92968,CC[C@H](CC(=O)OC)NC(=O)[C@H]1C[C@@](C)(NC(=O)c2cc(=N)[nH][nH]2)C1,"methyl (3R)-3-((1s,3S)-3-(5-imino-1H-pyrazole-3(2H)-carboxamido)-3-methylcyclobutanecarboxamido)pentanoate",,CC[C@H](CC(=O)OC)NC(=O)C1CC(C)(NC(=O)c2cc(N)[nH]n2)C1,
92994,C[C@@H](O)c1ncc(C(=O)N2C[C@H]3[C@H](CN(C)C(=O)c4scnc4C(F)F)[C@H]3C2)s1,"4-(difluoromethyl)-N-(((1R,5S,6R)-3-((2-((1R)-1-hydroxyethyl)-1,3-thiazol-5-yl)carbonyl)-3-azabicyclo[3.1.0]hexan-6-yl)methyl)-N-methyl-1,3-thiazole-5-carboxamide",,C[C@@H](O)c1ncc(C(=O)N2C[C@@H]3[C@@H](CN(C)C(=O)c4scnc4C(F)F)[C@@H]3C2)s1,
93096,CN(C(=O)c1csc(C(F)F)n1)[C@H]1[C@@H]2CN(C(=O)[C@@H]3CCCCC3(C)C)C[C@@H]21,"2-(difluoromethyl)-N-((1R,5S,6S)-3-(((1R)-2,2-dimethylcyclohexyl)carbonyl)-3-azabicyclo[3.1.0]hexan-6-yl)-N-methyl-1,3-thiazole-4-carboxamide",,CN(C(=O)c1csc(C(F)F)n1)[C@H]1[C@@H]2CN(C(=O)C3CCCCC3(C)C)C[C@@H]21,
93117,CC(C)Oc1ccc(CN2[C@H]3CC[C@@H]2C[C@H](NC(=O)c2nccnc2Br)C3)cn1,,,CC(C)Oc1ccc(CN2[C@@H]3CC[C@H]2C[C@@H](NC(=O)c2nccnc2Br)C3)cn1,
93125,C[C@H](C(=O)N[C@H]1[C@@H]2CN(C(=O)Cc3cccc4nsnc34)C[C@@H]21)c1ccsn1,,,CC(C(=O)N[C@H]1[C@@H]2CN(C(=O)Cc3cccc4nsnc34)C[C@@H]21)c1ccsn1,
93131,CC1CN(CC(=O)NC[C@H]2[C@@H]3CN(C(=O)c4cc(Br)cnc4O)C[C@H]23)C1,,,CC1CN(CC(=O)NC[C@@H]2[C@H]3CN(C(=O)c4cc(Br)c[nH]c4=O)C[C@@H]23)C1,
93173,C/C=C/C[C@H](NC(=O)[C@@H]1C[C@H]1CCOC)C(=O)N[C@]1(CO)C[C@H](OC)C1,"(1R,2S)-N-((2S,4E)-1-(((1s,3R)-1-(hydroxymethyl)-3-methoxycyclobutyl)amino)-1-oxohex-4-en-2-yl)-2-(2-methoxyethyl)cyclopropanecarboxamide",,C/C=C/CC(NC(=O)C1C[C@H]1CCOC)C(=O)N[C@]1(CO)C[C@H](OC)C1,
93180,Cn1cc(C(=O)N[C@H]2C[C@@](C)(NC(=O)c3cnc(S)[nH]3)C2)c2cc(Cl)ccc21,"5-chloro-1-methyl-N-((1s,3s)-3-methyl-3-(2-sulfanyl-1H-imidazole-5-carboxamido)cyclobutyl)-1H-indole-3-carboxamide",,Cn1cc(C(=O)N[C@H]2C[C@@](C)(NC(=O)c3c[nH]c(=S)[nH]3)C2)c2cc(Cl)ccc21,
93215,C[C@@H]1O[C@H](C)C[C@@H]1C(=O)N1CCOC[C@H](CNC(=O)[C@@H]2[C@H]3[C@@H]4CC[C@@H](C4)[C@H]32)C1,,,C[C@@H]1CC(C(=O)N2CCOC[C@H](CNC(=O)C3[C@@H]4[C@H]5CC[C@H](C5)[C@H]34)C2)[C@H](C)O1,
93233,NC(=O)c1cnc(C(=O)N2C[C@H]3[C@@H](C2)[C@@H]3C(=O)N2CC[C@H]2c2ccccc2)cn1,,,NC(=O)c1cnc(C(=O)N2C[C@@H]3C(C(=O)N4CC[C@H]4c4ccccc4)[C@@H]3C2)cn1,
93252,C[C@H]1[C@@H](NC(=O)Cc2cnns2)C[C@H]2CC[C@H]1N2C(=O)[C@@H]1[C@H]2COC[C@H]21,,,C[C@H]1[C@@H](NC(=O)Cc2cnns2)C[C@H]2CC[C@H]1N2C(=O)C1[C@H]2COC[C@@H]12,
93278,O=C(N[C@@H]1CC[C@@H]1CNC(=O)C1CCC(CO)CC1)c1cc2c([nH]1)CCCC2=O,"N-((1R,2R)-2-((4-(hydroxymethyl)cyclohexanecarboxamido)methyl)cyclobutyl)-4-oxo-4,5,6,7-tetrahydro-1H-indole-2-carboxamide",OCC1CCC(CC1)C(=O)NC[C@@H]1[C@@H](CC1)NC(=O)C=1NC=2CCCC(C2C1)=O,O=C(N[C@@H]1CC[C@@H]1CNC(=O)C1CCC(CO)CC1)c1cc2c([nH]1)CCCC2=O,O=C(NC[C@H]1CC[C@H]1NC(O)c1cc2c(O)cccc2[nH]1)C1CCC(CO)CC1
93311,CC(=CC(=O)N[C@@H]1C[C@H]1CNC(=O)[C@H]1C[C@@H]2CC[C@H](C1)[C@@H]2O)c1ccsc1,,,CC(=CC(=O)N[C@@H]1C[C@H]1CNC(=O)C1C[C@H]2CC[C@@H](C1)[C@H]2O)c1ccsc1,
93417,CC(C)(C)n1cnc(C(=O)NC[C@H]2[C@@H]3CN(C(=O)C(C)(C)C(C)(C)C)C[C@H]23)c1,,,CC(C)(C)n1cnc(C(=O)NC[C@@H]2[C@H]3CN(C(=O)C(C)(C)C(C)(C)C)C[C@@H]23)c1,
93485,Cc1cc(Br)c(O)c(CN2C[C@@H]3[C@H](C(=O)NCC4(c5ccccc5)CC4)[C@@H]3C2)c1,,,Cc1cc(Br)c(O)c(CN2C[C@@H]3C(C(=O)NCC4(c5ccccc5)CC4)[C@@H]3C2)c1,
93501,CSc1cc(C)ccc1C(=O)N[C@]1(C)C[C@@H](NC(=O)Cc2c(C)ncnc2C)C1,"N-((1r,3r)-3-(2-(4,6-dimethylpyrimidin-5-yl)acetamido)-1-methylcyclobutyl)-4-methyl-2-(methylsulfanyl)benzamide",,CSc1cc(C)ccc1C(=O)N[C@]1(C)C[C@@H](NC(=O)Cc2c(C)ncnc2C)C1,
93647,C=C(C)C[C@H](C)C(=O)N[C@H]1C[C@H]2C[C@@H](NC(=O)[C@@H](C)OC3CCCC3)C[C@H]2C1,"(2S)-N-((2S,3aR,5S,6aS)-5-((2R)-2-(cyclopentyloxy)propanamido)octahydropentalen-2-yl)-2,4-dimethylpent-4-enamide",,C=C(C)CC(C)C(=O)N[C@@H]1C[C@@H]2C[C@H](NC(=O)C(C)OC3CCCC3)C[C@@H]2C1,
93694,COC(=O)[C@]1(NC(=O)CCCCC[C@H](C)O)C[C@@H](CO)C1,"methyl (1s,3R)-3-(hydroxymethyl)-1-((7S)-7-hydroxyoctanamido)cyclobutanecarboxylate",,COC(=O)[C@]1(NC(=O)CCCCC[C@H](C)O)C[C@@H](CO)C1,
93734,CC[C@H](CC(=O)N[C@@H]1CN(C(=O)[C@@H]2[C@H]3CC(=O)C[C@H]32)CCC12CCC2)CC(C)C,,,CC[C@H](CC(=O)N[C@@H]1CN(C(=O)C2[C@H]3CC(=O)C[C@@H]23)CCC12CCC2)CC(C)C,
93740,Cc1c(Br)cnn1CC(=O)NCC1=CCN(C(=O)[C@@H]2[C@H]3COC[C@H]32)CC1,,,Cc1c(Br)cnn1CC(=O)NCC1=CCN(C(=O)C2[C@H]3COC[C@@H]23)CC1,
93774,O=C(N[C@@H]1[C@@H]2CN(C(=O)CCc3ccccc3Br)C[C@@H]21)c1ccc(Br)c(Cl)n1,,,O=C(N[C@@H]1[C@@H]2CN(C(=O)CCc3ccccc3Br)C[C@@H]21)c1ccc(Br)c(Cl)n1,
93823,C[C@H](C(=O)NCc1ncc(CO)o1)[C@@H]1CCN(C(=O)[C@H]2C[C@@H]3CCC[C@@H]3C2)C1,,,CC(C(=O)NCc1ncc(CO)o1)[C@@H]1CCN(C(=O)C2C[C@H]3CCC[C@H]3C2)C1,
93834,C[C@H]1CN(C(=O)CCC(C)(F)F)CCC12CCN(C(=O)[C@@H]1C[C@@H]3C[C@@H]3C1)CC2,,,C[C@H]1CN(C(=O)CCC(C)(F)F)CCC12CCN(C(=O)C1C[C@@H]3C[C@@H]3C1)CC2,
93868,CS[C@@H]1CN(C(=O)c2cccnc2O)C[C@H]1NC(=O)[C@@H]1[C@H]2[C@@H]3CC[C@@H](C3)[C@H]21,,,CS[C@@H]1CN(C(=O)c2ccc[nH]c2=O)C[C@H]1NC(=O)C1[C@@H]2[C@H]3CC[C@H](C3)[C@H]12,
93935,O=C(Cc1cc[nH]c1)NC[C@]1(F)C[C@H](CNC(=O)C2C=CC=CC=C2)C1,"N-(((1r,3r)-3-((cyclohepta-2,4,6-triene-1-carboxamido)methyl)-1-fluorocyclobutyl)methyl)-2-(1H-pyrrol-3-yl)acetamide",,O=C(Cc1cc[nH]c1)NC[C@]1(F)C[C@H](CNC(=O)C2=CC=CCC=C2)C1,
93965,CC1(C)CO[C@H]1C(=O)N1CC[C@]2(CCCN2C(=O)[C@]23CC[C@H](CC2)C3(C)C)C1,"((5R)-1-((7,7-dimethylbicyclo[2.2.1]heptan-1-yl)carbonyl)-1,7-diazaspiro[4.4]nonan-7-yl)((2R)-3,3-dimethyloxetan-2-yl)methanone",CC1(C2(CCC1CC2)C(=O)N2CCC[C@@]21CN(CC1)C(=O)[C@@H]1OCC1(C)C)C,CC1(C)COC1C(=O)N1CC[C@]2(CCCN2C(=O)[C@]23CC[C@H](CC2)C3(C)C)C1,CC1(C)COC1C(=O)N1CC[C@]2(CCCN2C(=O)C23CCC(CC2)C3(C)C)C1
94020,CN(C(=O)c1ccc(OCC(N)=O)cc1)[C@H]1[C@@H]2CN(C(=O)[C@@H](O)C(F)F)C[C@@H]21,"4-((2-amino-2-oxoethyl)oxy)-N-((1R,5S,6S)-3-((2R)-3,3-difluoro-2-hydroxypropanoyl)-3-azabicyclo[3.1.0]hexan-6-yl)-N-methylbenzamide",,CN(C(=O)c1ccc(OCC(N)=O)cc1)[C@H]1[C@@H]2CN(C(=O)C(O)C(F)F)C[C@@H]21,
94038,CC[C@H](C)C(=O)N[C@@H]1[C@H]2CC[C@@H]1CN(c1ncnc3[nH]ccc13)C2,,,CCC(C)C(=O)N[C@H]1[C@@H]2CC[C@H]1CN(c1ncnc3[nH]ccc13)C2,
94111,Cc1onc(CC(=O)N[C@]2(C)C[C@H](NC(=O)[C@@H](C)CC(F)(F)F)C2)c1C#N,"(2S)-N-((1s,3R)-3-(2-(4-cyano-5-methyl-1,2-oxazol-3-yl)acetamido)-3-methylcyclobutyl)-4,4,4-trifluoro-2-methylbutanamide",,Cc1onc(CC(=O)N[C@]2(C)C[C@H](NC(=O)C(C)CC(F)(F)F)C2)c1C#N,
94125,CO[C@@H]1C[C@@]2(C(=O)N3C[C@H]4[C@H](CN(C)C(=O)C5(O)CC5)[C@H]4C3)C[C@@H]12,"1-hydroxy-N-(((1R,5S,6S)-3-(((1S,3R,4R)-3-methoxybicyclo[2.1.0]pentan-1-yl)carbonyl)-3-azabicyclo[3.1.0]hexan-6-yl)methyl)-N-methylcyclopropanecarboxamide",,CO[C@@H]1C[C@@]2(C(=O)N3C[C@@H]4[C@@H](CN(C)C(=O)C5(O)CC5)[C@@H]4C3)C[C@@H]12,
94177,CCOc1cccc(CC(=O)N2C[C@H]3[C@H](N(C)C(=O)CC[C@@H]4CCCO4)[C@H]3C2)c1,,,CCOc1cccc(CC(=O)N2C[C@@H]3[C@H](C2)[C@H]3N(C)C(=O)CC[C@@H]2CCCO2)c1,
94198,O=C(C[C@]1(O)CCOC1)N[C@H]1C[C@@](F)(CNC(=O)c2snc(O)c2Cl)C1,"N-((1r,3R)-3-((4-chloro-3-hydroxy-1,2-thiazole-5-carboxamido)methyl)-3-fluorocyclobutyl)-2-((3R)-3-hydroxyoxolan-3-yl)acetamide",,O=C(C[C@]1(O)CCOC1)N[C@H]1C[C@@](F)(CNC(=O)c2s[nH]c(=O)c2Cl)C1,
94209,CC(C)c1conc1CC(=O)N[C@H]1C[C@@H]2CC[C@H](C1)N2C(=O)CN1CC(C)(C)C1,,,CC(C)c1conc1CC(=O)N[C@@H]1C[C@H]2CC[C@@H](C1)N2C(=O)CN1CC(C)(C)C1,
94241,O=C(NC[C@H]1[C@@H]2CN(C(=O)c3n[nH]c(C4CC4)n3)C[C@H]12)c1cc2c(s1)CCCC2,,,O=C(NC[C@@H]1[C@H]2CN(C(=O)c3n[nH]c(C4CC4)n3)C[C@@H]12)c1cc2c(s1)CCCC2,
94263,C[C@@](O)(C(=O)NC[C@]1(F)C[C@H](CNC(=O)COC[C@@H]2CCCO2)C1)C1CCC1,"(2S)-2-cyclobutyl-N-(((1S,3S)-1-fluoro-3-((2-((((2S)-oxolan-2-yl)methyl)oxy)acetamido)methyl)cyclobutyl)methyl)-2-hydroxypropanamide",,C[C@@](O)(C(=O)NC[C@]1(F)C[C@H](CNC(=O)COC[C@@H]2CCCO2)C1)C1CCC1,
94295,C#CC[C@@H](CCOC)NC(=O)[C@]1(NC(=O)C=Cc2ccncc2)C[C@@H](O)C1,"(1s,3R)-3-hydroxy-N-((3S)-1-methoxyhex-5-yn-3-yl)-1-(3-(pyridin-4-yl)prop-2-enamido)cyclobutanecarboxamide",,C#CC[C@@H](CCOC)NC(=O)[C@]1(NC(=O)C=Cc2ccncc2)C[C@@H](O)C1,
94354,C[C@H]1C[C@@H](C(=O)NC2CCC(N(C)C(=O)[C@H]3C[C@@H]3[C@H](C)O)CC2)C[C@@H](C)O1,,,C[C@@H]1CC(C(=O)NC2CCC(N(C)C(=O)C3C[C@@H]3[C@H](C)O)CC2)C[C@H](C)O1,
94378,CN1CCc2[nH]c(=NC[C@]3(F)C[C@H](NC(=O)C(=O)C(C)(C)C)C3)c(C#N)cc2C1,"N-((1r,3r)-3-(((4-cyano-8-methyl-2,8-diazabicyclo[4.4.0]deca-1(6),4-dien-3-ylidene)amino)methyl)-3-fluorocyclobutyl)-3,3-dimethyl-2-oxobutanamide",,CN1CCc2nc(NC[C@]3(F)C[C@H](NC(=O)C(=O)C(C)(C)C)C3)c(C#N)cc2C1,
94475,CCN1CCC[C@H](C(=O)N[C@]23C[C@H]2CN(C(=O)[C@@]2(C(=O)OC)[C@H]4CC[C@H]42)C3)C1,,,CCN1CCCC(C(=O)N[C@]23C[C@H]2CN(C(=O)[C@]2(C(=O)OC)[C@@H]4CC[C@@H]42)C3)C1,
94498,CSC1(C(=O)NC[C@H]2[C@@H]3CN(C(=O)c4cccc(C5(F)COC5)c4)C[C@H]23)CC1,,,CSC1(C(=O)NC[C@@H]2[C@H]3CN(C(=O)c4cccc(C5(F)COC5)c4)C[C@@H]23)CC1,
94544,N=c1[nH]c(CSCC(=O)N2CC[C@H]3[C@@H](CC2)[C@@H]3NC(=O)C2CCCC2)cs1,,,Nc1nc(CSCC(=O)N2CC[C@@H]3[C@H](CC2)[C@H]3NC(=O)C2CCCC2)cs1,
94595,CCCn1ncnc1COC(=O)[C@@H]1C[C@H](C)N(C(=O)OC(C)(C)C)[C@H](C)C1,,,CCCn1ncnc1COC(=O)C1C[C@@H](C)N(C(=O)OC(C)(C)C)[C@@H](C)C1,
94599,CC(C)(C)C[C@H](F)C(=O)N[C@@H]1[C@H]2C[C@H](NC(=O)c3ncncc3Cl)C[C@H]21,,,CC(C)(C)CC(F)C(=O)N[C@H]1[C@@H]2C[C@@H](NC(=O)c3ncncc3Cl)C[C@@H]21,
94612,O=C(NC[C@]1(F)C[C@@H](NC(=O)c2cccc3nncn23)C1)c1cn(C2CC2)cn1,"N-((1s,3s)-3-((1-cyclopropyl-1H-imidazole-4-carboxamido)methyl)-3-fluorocyclobutyl)[1,2,4]triazolo[4,3-a]pyridine-5-carboxamide",,O=C(NC[C@]1(F)C[C@@H](NC(=O)c2cccc3nncn23)C1)c1cn(C2CC2)cn1,
94689,CN(C(=O)[C@@H]1C[C@H]2C=C[C@@H]1O2)[C@H]1[C@@H]2CN(C(=O)c3nccc(Cl)c3F)C[C@@H]21,,,CN(C(=O)C1C[C@H]2C=C[C@@H]1O2)[C@H]1[C@@H]2CN(C(=O)c3nccc(Cl)c3F)C[C@@H]21,
94710,CCc1nn(C)c(CC)c1CC(=O)N[C@H]1C[C@](C)(NC(=O)Cc2cn(C)nn2)C1,"N-((1r,3r)-3-(2-(3,5-diethyl-1-methyl-1H-pyrazol-4-yl)acetamido)-1-methylcyclobutyl)-2-(1-methyl-1H-1,2,3-triazol-4-yl)acetamide",,CCc1nn(C)c(CC)c1CC(=O)N[C@H]1C[C@](C)(NC(=O)Cc2cn(C)nn2)C1,
94728,CO[C@@H]1CN(C(=O)[C@H]2CC[C@@](C)(F)CC2)C[C@@H]1NC(=O)c1cc(C)cc(F)c1N,"2-amino-3-fluoro-N-((3S,4R)-1-(((1s,4S)-4-fluoro-4-methylcyclohexyl)carbonyl)-4-methoxypyrrolidin-3-yl)-5-methylbenzamide",,CO[C@@H]1CN(C(=O)C2CCC(C)(F)CC2)C[C@@H]1NC(=O)c1cc(C)cc(F)c1N,
94783,CCC(C)=C(C)C(=O)N[C@H]1C[C@@H]2CC[C@H](C1)N2C(=O)c1cc(C(F)F)ccc1Cl,,,CCC(C)=C(C)C(=O)N[C@@H]1C[C@H]2CC[C@@H](C1)N2C(=O)c1cc(C(F)F)ccc1Cl,
94854,CCCCCCC(=O)N(C)[C@H]1[C@@H]2CN(C(=O)Cn3cc(C)c4ccccc43)C[C@@H]21,,,CCCCCCC(=O)N(C)[C@H]1[C@@H]2CN(C(=O)Cn3cc(C)c4ccccc43)C[C@@H]21,
94936,C[C@H](C(=O)N1[C@H]2CC[C@@H]1C[C@@H](CNC(=O)c1cc3c(s1)CCC3)C2)N1CCCC1,"N-(((1R,3S,5S)-8-((2R)-2-(pyrrolidin-1-yl)propanoyl)-8-azabicyclo[3.2.1]octan-3-yl)methyl)-2-thiabicyclo[3.3.0]octa-1(5),3-diene-3-carboxamide",,CC(C(=O)N1[C@@H]2CC[C@H]1C[C@H](CNC(=O)c1cc3c(s1)CCC3)C2)N1CCCC1,
94969,COc1cc(N)c([N+](=O)[O-])cc1C(=O)N1CC[C@H](NC(=O)[C@@H]2[C@@H](C)[C@H]2C)C[C@H]1C,,,COc1cc(N)c([N+](=O)[O-])cc1C(=O)N1CC[C@H](NC(=O)C2[C@@H](C)[C@H]2C)C[C@H]1C,
95062,CCC1(NC(=O)[C@@H]2[C@H]3CN(C(=O)CN4C[C@H]5C[C@@H]5C4)C[C@H]32)CCOCC1,"(1R,5S,6S)-3-(2-((1S,5S)-3-azabicyclo[3.1.0]hexan-3-yl)acetyl)-N-(4-ethyloxan-4-yl)-3-azabicyclo[3.1.0]hexane-6-carboxamide",,CCC1(NC(=O)C2[C@H]3CN(C(=O)CN4C[C@H]5C[C@@H]5C4)C[C@@H]23)CCOCC1,
95070,CCC1(C(=O)N2CCCC[C@]23C[C@H](NC(=O)CCn2cnnn2)C3)CC1,N-(5-((1-ethylcyclopropyl)carbonyl)-5-azaspiro[3.5]nonan-2-yl)-3-(1H-tetrazol-1-yl)propanamide,C(C)C1(CC1)C(=O)N1C2(CC(C2)NC(CCN2N=NN=C2)=O)CCCC1,CCC1(C(=O)N2CCCC[C@]23C[C@H](NC(=O)CCn2cnnn2)C3)CC1,CCC1(C(=O)N2CCCCC23CC(NC(=O)CCn2cnnn2)C3)CC1
95127,Cc1cc(C(=O)N[C@H]2C[C@@](F)(CNC(=O)[C@H]3CCc4ccccc43)C2)c(C)cn1,"N-((1S,3r)-3-(((1S)-2,3-dihydro-1H-indene-1-carboxamido)methyl)-3-fluorocyclobutyl)-2,5-dimethylpyridine-4-carboxamide",,Cc1cc(C(=O)N[C@H]2C[C@@](F)(CNC(=O)C3CCc4ccccc43)C2)c(C)cn1,
95144,O=C(NC[C@H]1CCN(C(=O)c2cccn3nncc23)C12CCC2)[C@@H]1[C@H]2COC[C@H]21,,,O=C(NC[C@H]1CCN(C(=O)c2cccn3nncc23)C12CCC2)C1[C@H]2COC[C@@H]12,
95147,CCCc1ncc(C(=O)NC[C@H]2C[C@@H]3CC[C@H](C2)N3C(=O)C(F)(F)COC)s1,,,CCCc1ncc(C(=O)NC[C@@H]2C[C@H]3CC[C@@H](C2)N3C(=O)C(F)(F)COC)s1,
95154,NC(=O)CCC(=O)N1CCC[C@@H](NC(=O)[C@H]2C[C@@H]3CC[C@H](C2)[C@@H]3O)C1,,,NC(=O)CCC(=O)N1CCC[C@@H](NC(=O)C2C[C@H]3CC[C@@H](C2)[C@H]3O)C1,
95168,COc1ccc(F)cc1C(=O)NC[C@]1(F)C[C@H](CNC(=O)C2(C(C)(F)F)CC2)C1,"N-(((1r,3r)-3-((1-(1,1-difluoroethyl)cyclopropanecarboxamido)methyl)-1-fluorocyclobutyl)methyl)-5-fluoro-2-methoxybenzamide",,COc1ccc(F)cc1C(=O)NC[C@]1(F)C[C@H](CNC(=O)C2(C(C)(F)F)CC2)C1,
95208,O=C(N[C@H]1C[C@@H]2CN(C(=O)c3cc(C(F)F)no3)C[C@@H]2C1)[C@@H]1[C@H]2COC[C@H]21,,,O=C(N[C@H]1C[C@@H]2CN(C(=O)c3cc(C(F)F)no3)C[C@@H]2C1)C1[C@H]2COC[C@@H]12,
95267,CC[C@@H](C)CC(=O)N[C@H]1C[C@@](CNC(=O)C2(O)CCCCC2)(c2ccccc2)C1,"(3R)-N-((1r,3R)-3-((1-hydroxycyclohexanecarboxamido)methyl)-3-phenylcyclobutyl)-3-methylpentanamide",,CC[C@@H](C)CC(=O)N[C@H]1C[C@@](CNC(=O)C2(O)CCCCC2)(c2ccccc2)C1,
95280,C=CCC[C@@H](CC(C)C)C(=O)N1C[C@H]2[C@H](CNC(=O)C[C@@H](C)O)[C@H]2C1,"(3R)-3-hydroxy-N-(((1R,5S,6S)-3-((2S)-2-(2-methylpropyl)hex-5-enoyl)-3-azabicyclo[3.1.0]hexan-6-yl)methyl)butanamide",,C=CCCC(CC(C)C)C(=O)N1C[C@@H]2[C@@H](CNC(=O)C[C@@H](C)O)[C@@H]2C1,
95306,CCC(CC)C(=O)N1C[C@H]2[C@@H](C1)[C@@H]2C(=O)Nc1cc(Cl)cc(Cl)n1,,,CCC(CC)C(=O)N1C[C@@H]2C(C(=O)Nc3cc(Cl)cc(Cl)n3)[C@@H]2C1,
95352,CNc1cccc(C(=O)NC[C@H]2C[C@@H]3CC[C@H](C2)N3C(=O)[C@H](OC)C2CC2)n1,"N-(((1R,3S,5S)-8-((2R)-2-cyclopropyl-2-methoxyacetyl)-8-azabicyclo[3.2.1]octan-3-yl)methyl)-6-(methylamino)pyridine-2-carboxamide",,CNc1cccc(C(=O)NC[C@@H]2C[C@H]3CC[C@@H](C2)N3C(=O)C(OC)C2CC2)n1,
95398,COCC(C)(C)CC(=O)N[C@@H]1[C@H]2C[C@H](NC(=O)CC3=CCCCC3)C[C@H]21,,,COCC(C)(C)CC(=O)N[C@H]1[C@@H]2C[C@@H](NC(=O)CC3=CCCCC3)C[C@@H]21,
95449,CSCc1ccc(C(=O)NCC2(O)CC(CNC(=O)[C@H]3C[C@H]4[C@@H](C3)C4(F)F)C2)o1,,,CSCc1ccc(C(=O)NCC2(O)CC(CNC(=O)C3C[C@@H]4[C@H](C3)C4(F)F)C2)o1,
95454,Cc1ccc(C(=O)NC2CC(NC(=O)[C@H]3CC[C@@](C)(O)CC3)C2)n1C,"N-(3-((1s,4s)-4-hydroxy-4-methylcyclohexanecarboxamido)cyclobutyl)-1,5-dimethyl-1H-pyrrole-2-carboxamide",,Cc1ccc(C(=O)NC2CC(NC(=O)C3CCC(C)(O)CC3)C2)n1C,
95513,CN(CC(=O)N[C@H]1C[C@H]2COC[C@@H](C1)N2C(=O)CC1COCCOC1)S(N)(=O)=O,,,CN(CC(=O)N[C@H]1C[C@H]2COC[C@@H](C1)N2C(=O)CC1COCCOC1)S(N)(=O)=O,
95616,CC(C)c1c[nH]cc1C(=O)N1C[C@H]2C[C@@H](C(=O)NC[C@@](C)(O)CCO)C[C@H]2C1,,,CC(C)c1c[nH]cc1C(=O)N1C[C@H]2CC(C(=O)NC[C@@](C)(O)CCO)C[C@H]2C1,
95628,Cn1ncc(C(=O)N[C@]2(C)C[C@H](C(=O)N[C@@H]3CCCCC34CCC4)C2)c1Cl,"5-chloro-1-methyl-N-((1S,3s)-1-methyl-3-(((5R)-spiro[3.5]nonan-5-yl)carbamoyl)cyclobutyl)-1H-pyrazole-4-carboxamide",,Cn1ncc(C(=O)NC2(C)CC(C(=O)N[C@@H]3CCCCC34CCC4)C2)c1Cl,
95661,Cn1cc([N+](=O)[O-])cc1C(=O)N[C@H]1C[C@](C)(NC(=O)COc2cn[nH]c2)C1,"1-methyl-N-((1r,3r)-3-methyl-3-(2-((1H-pyrazol-4-yl)oxy)acetamido)cyclobutyl)-4-nitro-1H-pyrrole-2-carboxamide",,Cn1cc([N+](=O)[O-])cc1C(=O)N[C@H]1C[C@](C)(NC(=O)COc2cn[nH]c2)C1,
95669,Cc1cc(CCNC(=O)[C@H]2C[C@@](C)(NC(=O)C[C@@H]3CCC[C@H](C)O3)C2)n[nH]1,"(1R,3s)-3-methyl-N-(2-(5-methyl-1H-pyrazol-3-yl)ethyl)-3-(2-((2S,6S)-6-methyloxan-2-yl)acetamido)cyclobutanecarboxamide",,Cc1cc(CCNC(=O)C2CC(C)(NC(=O)C[C@@H]3CCC[C@H](C)O3)C2)[nH]n1,
95688,CN(C(=O)c1ccnc2c1CCO2)[C@H]1[C@@H]2CN(C(=O)CCCCC(N)=O)C[C@@H]21,,,CN(C(=O)c1ccnc2c1CCO2)[C@H]1[C@@H]2CN(C(=O)CCCCC(N)=O)C[C@@H]21,
95704,C=C[C@H](O)C(=O)N1C[C@H]2[C@H](N(C)C(=O)CCCc3nncn3C)[C@H]2C1,"N-((1R,5S,6R)-3-((2S)-2-hydroxybut-3-enoyl)-3-azabicyclo[3.1.0]hexan-6-yl)-N-methyl-4-(4-methyl-4H-1,2,4-triazol-3-yl)butanamide",,C=CC(O)C(=O)N1C[C@@H]2[C@H](C1)[C@H]2N(C)C(=O)CCCc1nncn1C,
95717,C[C@H]1CN(C(=O)[C@H]2C[C@H]3[C@@H](C2)C3(F)F)CCN(C(=O)[C@H]2CC23CCSCC3)C1,,,C[C@H]1CN(C(=O)C2C[C@@H]3[C@H](C2)C3(F)F)CCN(C(=O)C2CC23CCSCC3)C1,
95726,CN(CCO)CCC(=O)NC[C@H]1C[C@](F)(CNC(=O)[C@@H](O)c2ccc(Cl)cc2)C1,"N-(((1R,3s)-3-(((2S)-2-(4-chlorophenyl)-2-hydroxyacetamido)methyl)-3-fluorocyclobutyl)methyl)-3-((2-hydroxyethyl)(methyl)amino)propanamide",,CN(CCO)CCC(=O)NC[C@H]1C[C@](F)(CNC(=O)C(O)c2ccc(Cl)cc2)C1,
95735,C[C@H](C(=O)N(C)[C@H]1[C@@H]2CN(C(=O)CN3C(=O)CCC3=O)C[C@@H]21)C1CCC1,,,CC(C(=O)N(C)[C@H]1[C@@H]2CN(C(=O)Cn3c(O)ccc3O)C[C@@H]21)C1CCC1,
95769,O=C(NCCSC1CCCCC1)[C@@H]1[C@H]2CN(C(=O)CCC3CC3)C[C@H]21,,,O=C(NCCSC1CCCCC1)C1[C@H]2CN(C(=O)CCC3CC3)C[C@@H]12,
95772,O=C(NCC[C@H]1CSCCN1C(=O)c1cn(CC(F)(F)F)nn1)[C@@H]1[C@H]2COC[C@H]21,,,O=C(NCC[C@H]1CSCCN1C(=O)c1cn(CC(F)(F)F)nn1)C1[C@H]2COC[C@@H]12,
95776,C#CC[C@]1(O)C[C@@H](C(=O)N2CC(O)(CNC(=O)c3cc(-c4cccs4)[nH]n3)C2)C1,"N-((3-hydroxy-1-(((1s,3s)-3-hydroxy-3-(prop-2-yn-1-yl)cyclobutyl)carbonyl)azetidin-3-yl)methyl)-5-(thiophen-2-yl)-1H-pyrazole-3-carboxamide",,C#CCC1(O)CC(C(=O)N2CC(O)(CNC(=O)c3cc(-c4cccs4)[nH]n3)C2)C1,
95790,CCC[C@@H]1CN(C(=O)[C@H]2C[C@H]3[C@@H](C2)C3(F)F)CCN1C(=O)c1cn(C)c(=O)cn1,,,CCC[C@@H]1CN(C(=O)C2C[C@@H]3[C@H](C2)C3(F)F)CCN1C(=O)c1cn(C)c(=O)cn1,
95808,C[C@H]1C[C@@H](C(=O)NCCN(Cc2ccccc2)C(=O)C(F)(F)[C@H](C)O)C[C@@H](C)O1,,,C[C@@H]1CC(C(=O)NCCN(Cc2ccccc2)C(=O)C(F)(F)[C@H](C)O)C[C@H](C)O1,
95880,Cn1nccc1C=CC(=O)N1C[C@@H]2C[C@H](NC(=O)c3cc(=O)cc[nH]3)C[C@@H](C2)C1,,,Cn1nccc1C=CC(=O)N1C[C@@H]2C[C@@H](C[C@H](NC(=O)c3cc(=O)cc[nH]3)C2)C1,
95923,O=C(N[C@@]12C[C@@H]1CN(C(=O)[C@@H]1[C@H]3CCCC[C@H]31)C2)c1scnc1Cl,,,O=C(N[C@@]12C[C@@H]1CN(C(=O)C1[C@H]3CCCC[C@@H]13)C2)c1scnc1Cl,
95982,CCC(C)(C)[C@@H](O)C(=O)N(C)C[C@H]1[C@@H]2CN(C(=O)c3cccc(C(C)C)c3)C[C@H]12,,,CCC(C)(C)C(O)C(=O)N(C)C[C@@H]1[C@H]2CN(C(=O)c3cccc(C(C)C)c3)C[C@@H]12,
95985,CC[C@@H](C)CC(=O)N1[C@H]2CC[C@@H]1C[C@](O)(CNC(=O)c1ocnc1C(F)(F)F)C2,"N-(((1R,3S,5S)-3-hydroxy-8-((3R)-3-methylpentanoyl)-8-azabicyclo[3.2.1]octan-3-yl)methyl)-4-(trifluoromethyl)-1,3-oxazole-5-carboxamide",,CC[C@@H](C)CC(=O)N1[C@@H]2CC[C@H]1C[C@@](O)(CNC(=O)c1ocnc1C(F)(F)F)C2,
96004,COC[C@H](C)NC(=O)[C@@H]1[C@H]2CN(S(=O)(=O)c3cc(C)c(Cl)cc3C)C[C@H]21,,,COC[C@H](C)NC(=O)C1[C@H]2CN(S(=O)(=O)c3cc(C)c(Cl)cc3C)C[C@@H]12,
96019,C#C[C@@H](NC(=O)COC1CN(C(=O)[C@H]2C[C@@H]3CC[C@H](C2)O3)C1)C1CC1,,,C#C[C@@H](NC(=O)COC1CN(C(=O)C2C[C@H]3CC[C@@H](C2)O3)C1)C1CC1,
96183,CO[C@]1(C(F)(F)F)C[C@H](CNc2[nH]c(=NCC(C)(C)CO)nc3sccc23)C1,"3-((4-((((1s,3s)-3-methoxy-3-(trifluoromethyl)cyclobutyl)methyl)amino)-2,3-dihydrothieno[2,3-d]pyrimidin-2-ylidene)amino)-2,2-dimethylpropan-1-ol",,CO[C@]1(C(F)(F)F)C[C@H](CNc2nc(NCC(C)(C)CO)nc3sccc23)C1,
96248,Cn1nncc1CC(=O)N1CCO[C@@H](CNC(=O)[C@@]2(C#N)C[C@@H]3C[C@@H]3C2)C1,,,Cn1nncc1CC(=O)N1CCO[C@@H](CNC(=O)[C@]2(C#N)C[C@H]3C[C@H]3C2)C1,
96292,COCc1cncc(C(=O)NC[C@H]2[C@@H]3CN(c4nc(C5CCCC5)ns4)C[C@H]23)c1,,,COCc1cncc(C(=O)NC[C@@H]2[C@H]3CN(c4nc(C5CCCC5)ns4)C[C@@H]23)c1,
96329,Cc1ccc(C(=O)N2C[C@H]3[C@H](CN(C)C(=O)CCn4cc(Cl)cn4)[C@H]3C2)nc1O,,,Cc1ccc(C(=O)N2C[C@@H]3[C@@H](CN(C)C(=O)CCn4cc(Cl)cn4)[C@@H]3C2)[nH]c1=O,
96395,CC1=C(C(=O)N[C@H]2C[C@@](F)(CN=c3cc(Cl)nc[nH]3)C2)CCS1(=O)=O,"N-((1r,3r)-3-(((6-chloro-3H-pyrimidin-4-ylidene)amino)methyl)-3-fluorocyclobutyl)-5-methyl-1,1-dioxo-2H,3H-1lambda^6-thiophene-4-carboxamide",,CC1=C(C(=O)N[C@H]2C[C@@](F)(CNc3cc(Cl)ncn3)C2)CCS1(=O)=O,
96458,CC1(C)[C@H]2CC[C@@H](C2)[C@H]1C(=O)N[C@]1(C)C[C@H](NC(=O)C2(S(N)(=O)=O)CCCC2)C1,"(1S,2R,4S)-3,3-dimethyl-N-((1s,3S)-1-methyl-3-(1-sulfamoylcyclopentanecarboxamido)cyclobutyl)bicyclo[2.2.1]heptane-2-carboxamide",,CC1(C)C(C(=O)N[C@]2(C)C[C@H](NC(=O)C3(S(N)(=O)=O)CCCC3)C2)[C@H]2CC[C@H]1C2,
96510,O=C(CC[C@@H]1CCN(C(=O)[C@H]2C[C@H]3[C@@H](C2)C3(F)F)C1)NOC[C@H](O)CO,,,O=C(CC[C@@H]1CCN(C(=O)C2C[C@@H]3[C@H](C2)C3(F)F)C1)NOC[C@H](O)CO,
96631,Cc1cc(Cl)c(C(=O)NC[C@](C)(O)CNC(=O)[C@H]2C[C@@H]3CC[C@H](C2)O3)s1,,,Cc1cc(Cl)c(C(=O)NC[C@](C)(O)CNC(=O)C2C[C@H]3CC[C@@H](C2)O3)s1,
96648,C=C1CC(C)(C(=O)N2C[C@H]3C[C@@H](C(=O)NOC(CC)CC)C[C@H]3C2)C1,,,C=C1CC(C)(C(=O)N2C[C@H]3CC(C(=O)NOC(CC)CC)C[C@H]3C2)C1,
96760,CC1(O)CCC(CC(=O)NC[C@]2(F)C[C@H](CNC(=O)CCc3ncc[nH]3)C2)CC1,"N-(((1r,3r)-3-fluoro-3-((2-(4-hydroxy-4-methylcyclohexyl)acetamido)methyl)cyclobutyl)methyl)-3-(1H-imidazol-2-yl)propanamide",,CC1(O)CCC(CC(=O)NC[C@]2(F)C[C@H](CNC(=O)CCc3ncc[nH]3)C2)CC1,
96778,C[C@@H]1C[C@@H]1C(=O)N(C)[C@H]1C[C@@H]2CC[C@H](C1)N2C(=O)C[C@@H]1CCOCC1(C)C,"(1S,2R)-N-((1R,3R,5S)-8-(2-((4S)-3,3-dimethyloxan-4-yl)acetyl)-8-azabicyclo[3.2.1]octan-3-yl)-N,2-dimethylcyclopropanecarboxamide",,C[C@@H]1CC1C(=O)N(C)[C@@H]1C[C@H]2CC[C@@H](C1)N2C(=O)C[C@@H]1CCOCC1(C)C,
96798,O=C(N[C@H]1CCC[C@@H]1F)[C@@H]1C[C@H](O)CCN1C(=O)[C@@H]1[C@H]2CCC[C@H]21,,,O=C(N[C@H]1CCC[C@@H]1F)C1C[C@H](O)CCN1C(=O)C1[C@H]2CCC[C@@H]12,
96841,CN(C)[C@@H]1CN(C(=O)[C@H](CC(N)=O)NC(=O)[C@@H]2[C@H]3CCC[C@H]32)CC1(C)C,,,CN(C)[C@@H]1CN(C(=O)C(CC(N)=O)NC(=O)C2[C@H]3CCC[C@@H]23)CC1(C)C,
96903,CS[C@H]1C[C@H](CC(=O)N(C)C[C@H]2[C@@H]3CN(C(=O)c4cc(O)cc(F)c4)C[C@H]23)C1,,,CS[C@H]1C[C@H](CC(=O)N(C)C[C@@H]2[C@H]3CN(C(=O)c4cc(O)cc(F)c4)C[C@@H]23)C1,
96910,CCc1ccc(C(=O)N[C@@H]2C[C@@H]3CC[C@H](C2)N3C(=O)[C@@H]2CC2(Cl)Cl)c(C)n1,"N-((1R,3S,5S)-8-(((1S)-2,2-dichlorocyclopropyl)carbonyl)-8-azabicyclo[3.2.1]octan-3-yl)-6-ethyl-2-methylpyridine-3-carboxamide",,CCc1ccc(C(=O)N[C@H]2C[C@H]3CC[C@@H](C2)N3C(=O)C2CC2(Cl)Cl)c(C)n1,
97087,CO[C@H]1C[C@H](C(=O)N2C[C@@H](C)[C@@H](NC(=O)C=CC3CCC3)C2)C[C@H]1OC,,,CO[C@H]1CC(C(=O)N2C[C@@H](C)[C@@H](NC(=O)C=CC3CCC3)C2)C[C@H]1OC,
97131,O=C(N[C@H]1COCc2ccccc21)[C@H]1[C@H]2CN(Cc3cccnc3F)C[C@H]21,,,O=C(N[C@H]1COCc2ccccc21)C1[C@H]2CN(Cc3cccnc3F)C[C@@H]12,
97140,Cn1nccc1CCC(=O)N1CCN(C(=O)[C@@H]2C[C@@H]3C[C@@H]3C2)[C@@H](CC(F)F)C1,,,Cn1nccc1CCC(=O)N1CCN(C(=O)C2C[C@@H]3C[C@@H]3C2)[C@@H](CC(F)F)C1,
97144,COc1ncc(C(=O)N2C[C@@H]3CC[C@H](C2)[C@H]3NS(=O)(=O)C2CCCCC2)cc1Cl,,,COc1ncc(C(=O)N2C[C@H]3CC[C@@H](C2)[C@@H]3NS(=O)(=O)C2CCCCC2)cc1Cl,
97151,C#CC[C@]1(O)C[C@@H](C(=O)N2CCN(C(=O)[C@H]3CCCN(C)C3)C[C@@H](CO)C2)C1,"((6S)-4-(((1s,3R)-3-hydroxy-3-(prop-2-yn-1-yl)cyclobutyl)carbonyl)-6-(hydroxymethyl)-1,4-diazepan-1-yl)((3S)-1-methylpiperidin-3-yl)methanone",,C#CCC1(O)CC(C(=O)N2CCN(C(=O)C3CCCN(C)C3)C[C@@H](CO)C2)C1,
97170,CN(C(=O)CC1CC2(CC2)C1)C1CN(C(=O)[C@H]2C[C@H]3[C@@H](C2)C3(C)C)C1,,,CN(C(=O)CC1CC2(CC2)C1)C1CN(C(=O)C2C[C@@H]3[C@H](C2)C3(C)C)C1,
97191,Cc1cc(C(=O)N2CC[C@@H]3CN(C(=O)C[C@@H]4C[C@H]5C[C@H]5C4)[C@H]3C2)c2[nH]cnc2c1,,,Cc1cc(C(=O)N2CC[C@@H]3CN(C(=O)C[C@H]4C[C@@H]5C[C@@H]5C4)[C@H]3C2)c2[nH]cnc2c1,
97196,CCCCS(=O)(=O)CC(=O)N[C@]1(C)C[C@@H](NC(=O)C[C@H](C)n2ccnc2CC)C1,"(3S)-N-((1r,3S)-3-(2-(butylsulfonyl)acetamido)-3-methylcyclobutyl)-3-(2-ethyl-1H-imidazol-1-yl)butanamide",,CCCCS(=O)(=O)CC(=O)N[C@]1(C)C[C@@H](NC(=O)C[C@H](C)n2ccnc2CC)C1,
97211,CC(C)[C@@H]1CN(C(=O)[C@]2(C)C[C@@H]3C[C@@H]3C2)C[C@H]1C(=O)N1CCCCCCC1,,,CC(C)[C@@H]1CN(C(=O)[C@@]2(C)C[C@H]3C[C@H]3C2)CC1C(=O)N1CCCCCCC1,
97453,CC(C)n1cccc1C(=O)N(C)CCCCNC(=O)[C@@H]1[C@H]2CCCC[C@H]21,,,CC(C)n1cccc1C(=O)N(C)CCCCNC(=O)C1[C@H]2CCCC[C@@H]12,
97459,COc1ccc(CC(=O)OC[C@@H]2CC[C@H]3[C@@H](CC2)C3(F)F)nc1,,,COc1ccc(CC(=O)OC[C@H]2CC[C@@H]3[C@H](CC2)C3(F)F)nc1,
97478,CC(C)(C)/C=C/C(=O)N[C@H]1C[C@@](F)(CNC(=O)[C@]23CCCC[C@H]2C3(F)F)C1,"(2E)-N-((1S,3r)-3-(((1S,6R)-7,7-difluorobicyclo[4.1.0]heptane-1-carboxamido)methyl)-3-fluorocyclobutyl)-4,4-dimethylpent-2-enamide",,CC(C)(C)/C=C/C(=O)N[C@H]1C[C@@](F)(CNC(=O)[C@]23CCCC[C@H]2C3(F)F)C1,
97525,Cc1cccc(C(=O)N2CCOC[C@@H]2CCNC(=O)[C@@H]2[C@@H](C)[C@H]2C)c1O,,,Cc1cccc(C(=O)N2CCOC[C@@H]2CCNC(=O)C2[C@@H](C)[C@H]2C)c1O,
97605,C[C@@H]1CN(C(=O)c2cc(Cl)ccc2F)C[C@@H]1NC(=O)[C@H]1C[C@H]2[C@@H](C1)C2(F)F,,,C[C@@H]1CN(C(=O)c2cc(Cl)ccc2F)C[C@@H]1NC(=O)C1C[C@@H]2[C@H](C1)C2(F)F,
97757,Cc1ccc(C#N)cc1C(=O)N[C@@](C)(CO)C(=O)N[C@@H]1C[C@@H]2CC[C@H](C1)[C@@H]2O,,,Cc1ccc(C#N)cc1C(=O)N[C@@](C)(CO)C(=O)N[C@H]1C[C@H]2CC[C@@H](C1)[C@H]2O,
97814,O=C(NCCCN(CCO)C(=O)[C@H]1C[C@](F)(CO)C1)c1cnn2c1CCC2,"N-(3-(N-(2-hydroxyethyl)(1s,3s)-3-fluoro-3-(hydroxymethyl)cyclobutanecarboxamido)propyl)-1,2-diazabicyclo[3.3.0]octa-2,4-diene-4-carboxamide",,O=C(NCCCN(CCO)C(=O)C1CC(F)(CO)C1)c1cnn2c1CCC2,
97830,CCc1cc(C(=O)N[C@H]2[C@@H]3CN(C(=O)[C@@]45CC[C@@H]4C5)C[C@@H]32)sc1C,"N-((1R,5S,6S)-3-((1R,4R)-bicyclo[2.1.0]pentan-1-ylcarbonyl)-3-azabicyclo[3.1.0]hexan-6-yl)-4-ethyl-5-methylthiophene-2-carboxamide",,CCc1cc(C(=O)N[C@H]2[C@@H]3CN(C(=O)[C@@]45CC[C@@H]4C5)C[C@@H]32)sc1C,
97990,CO[C@@H](Cc1ccccc1)C(=O)NC[C@H]1C[C@](F)(CNC(=O)C2=CCOC2)C1,"(2S)-N-(((1s,3R)-3-((2,5-dihydrofuran-3-carboxamido)methyl)-3-fluorocyclobutyl)methyl)-2-methoxy-3-phenylpropanamide",,COC(Cc1ccccc1)C(=O)NC[C@H]1C[C@](F)(CNC(=O)C2=CCOC2)C1,
97996,C[C@H]1[C@@H](C)[C@@H]1C(=O)N1C[C@H](CO)C2(CN(C(=O)CSc3nncn3C3CC3)C2)C1,,,C[C@@H]1C(C(=O)N2C[C@H](CO)C3(CN(C(=O)CSc4nncn4C4CC4)C3)C2)[C@@H]1C,
98028,C#Cc1cccc(C(=O)N2CCC[C@H]2CNC(=O)[C@H]2C[C@H]3[C@@H](C2)C3(C)C)c1F,,,C#Cc1cccc(C(=O)N2CCC[C@H]2CNC(=O)C2C[C@@H]3[C@H](C2)C3(C)C)c1F,
98089,Cc1cc(N)cc(C(=O)NC[C@]2(F)C[C@@H](NC(=O)[C@@H]3CC[C@H](C)O3)C2)c1,"(2S,5S)-N-((1s,3R)-3-((3-amino-5-methylbenzamido)methyl)-3-fluorocyclobutyl)-5-methyloxolane-2-carboxamide",,Cc1cc(N)cc(C(=O)NC[C@]2(F)C[C@@H](NC(=O)C3CC[C@H](C)O3)C2)c1,
98210,Cc1csc(CC(=O)NCc2cc[nH]c2C(=O)NC[C@]2(O)C[C@@H](O)C2)c1,"N-((2-((((1s,3s)-1,3-dihydroxycyclobutyl)methyl)carbamoyl)-1H-pyrrol-3-yl)methyl)-2-(4-methylthiophen-2-yl)acetamide",,Cc1csc(CC(=O)NCc2cc[nH]c2C(=O)NC[C@]2(O)C[C@@H](O)C2)c1,
98236,CCC(CC)(CNC(=O)[C@H]1C[C@@H]2C[C@@H]2C1)NC(=O)c1ccc2ocnc2n1,,,CCC(CC)(CNC(=O)C1C[C@@H]2C[C@@H]2C1)NC(=O)c1ccc2ocnc2n1,
98253,CC[C@H]1CC[C@H](C(=O)NCC2(CNC(=O)[C@@]3(C#N)C[C@@H]4C[C@@H]4C3)CCC2)CC1,,,CCC1CCC(C(=O)NCC2(CNC(=O)[C@]3(C#N)C[C@H]4C[C@H]4C3)CCC2)CC1,
98460,C#CCO[C@@H](C)C(=O)NC[C@@H]1CCCN(C(=O)[C@@H]2C[C@H](C)O[C@H](C)C2)CC1,,,C#CCOC(C)C(=O)NC[C@@H]1CCCN(C(=O)C2C[C@@H](C)O[C@@H](C)C2)CC1,
98617,CO[C@@H]1CC[C@]2(C(=O)N[C@]3(C)C[C@H](C(=O)N4C[C@@H](O)CC(C)(C)C4)C3)C[C@H]12,"(1S,4R,5S)-N-((1R,3R)-3-(((3S)-3-hydroxy-5,5-dimethylpiperidin-1-yl)carbonyl)-1-methylcyclobutyl)-4-methoxybicyclo[3.1.0]hexane-1-carboxamide",,CO[C@@H]1CC[C@]2(C(=O)NC3(C)CC(C(=O)N4C[C@@H](O)CC(C)(C)C4)C3)C[C@H]12,
98646,CO[C@](C)(C(=O)N[C@H]1C[C@@H]2C[C@H](C1)CN(C(=O)C(=O)C(C)(C)C)C2)C(C)C,,,CO[C@](C)(C(=O)N[C@@H]1C[C@H]2C[C@@H](C1)CN(C(=O)C(=O)C(C)(C)C)C2)C(C)C,
98656,CC[C@H](C(=O)N[C@]1(C)C[C@H](NC(=O)CCc2cncn2C)C1)C(F)(F)F,"(2R)-N-((1s,3S)-1-methyl-3-(3-(1-methyl-1H-imidazol-5-yl)propanamido)cyclobutyl)-2-(trifluoromethyl)butanamide",,CCC(C(=O)N[C@]1(C)C[C@H](NC(=O)CCc2cncn2C)C1)C(F)(F)F,
98703,CC(=O)Nc1ncc(C(=O)N[C@]2(C)C[C@H](NC(=O)CCC3CCCCC3)C2)o1,"N-((1s,3s)-3-(2-acetamido-1,3-oxazole-5-carboxamido)-3-methylcyclobutyl)-3-cyclohexylpropanamide",,CC(=O)Nc1ncc(C(=O)N[C@]2(C)C[C@H](NC(=O)CCC3CCCCC3)C2)o1,
98726,C#CC[C@]1(O)C[C@@H](C(=O)N[C@H](C)[C@H](C(=O)NC2CC(CC)C2)C(C)C)C1,"(1s,3S)-N-((2R,3R)-3-((3-ethylcyclobutyl)carbamoyl)-4-methylpentan-2-yl)-3-hydroxy-3-(prop-2-yn-1-yl)cyclobutanecarboxamide",,C#CCC1(O)CC(C(=O)N[C@H](C)C(C(=O)NC2CC(CC)C2)C(C)C)C1,
98793,CC(=O)OCC(=O)NC[C@H]1[C@@H]2CN(C(=O)c3cc(F)ccc3-n3ccnc3)C[C@H]12,,,CC(=O)OCC(=O)NC[C@@H]1[C@H]2CN(C(=O)c3cc(F)ccc3-n3ccnc3)C[C@@H]12,
98832,C[C@@H](CN(C)C(=O)C1Cc2ccccc2C1)C(=O)NC[C@@]1(CO)C[C@@H]2C[C@@H]2C1,,,CC(CN(C)C(=O)C1Cc2ccccc2C1)C(=O)NC[C@]1(CO)C[C@H]2C[C@H]2C1,
98881,Cn1ccc(C=CC(=O)NC[C@]2(F)C[C@H](NC(=O)CCc3ccc(Cl)nc3)C2)c1,"N-(((1r,3r)-3-(3-(6-chloropyridin-3-yl)propanamido)-1-fluorocyclobutyl)methyl)-3-(1-methyl-1H-pyrrol-3-yl)prop-2-enamide",,Cn1ccc(C=CC(=O)NC[C@]2(F)C[C@H](NC(=O)CCc3ccc(Cl)nc3)C2)c1,
98916,[N-]=[N+]=NC[C@@H]1[C@H]2CN(C(=O)c3n[nH]c4c3Cc3c(Br)cccc3-4)C[C@H]21,,,[N-]=[N+]=NC[C@@H]1[C@H]2CN(C(=O)c3[nH]nc4c3Cc3c(Br)cccc3-4)C[C@@H]12,
98946,Cc1ccc(C(=O)N2C[C@@H]3C[C@H](NC(=O)C[C@@H](C)NC(N)=O)C[C@@H](C3)C2)c(C)n1,,,Cc1ccc(C(=O)N2C[C@@H]3C[C@@H](C[C@H](NC(=O)C[C@@H](C)NC(N)=O)C3)C2)c(C)n1,
98990,CCc1cccc(OCC(=O)N[C@@H]2C[C@@H]3C[C@H](NC(=O)C[C@@H](C)CF)C[C@@H]3C2)c1,,,CCc1cccc(OCC(=O)N[C@@H]2C[C@@H]3C[C@H](NC(=O)C[C@@H](C)CF)C[C@@H]3C2)c1,
99010,CO[C@@]1(C(=O)N[C@@H]2C[C@@H]3CC[C@H](C2)N3C(=O)CC(C)(C)C)CCSC1,,,CO[C@@]1(C(=O)N[C@H]2C[C@H]3CC[C@@H](C2)N3C(=O)CC(C)(C)C)CCSC1,
99119,C[C@@H]1SCCC[C@H]1C(=O)N[C@H]1C[C@](F)(CNC(=O)C23CCC(CO)(CC2)CC3)C1,"(2S,3S)-N-((1s,3R)-3-fluoro-3-((4-(hydroxymethyl)bicyclo[2.2.2]octane-1-carboxamido)methyl)cyclobutyl)-2-methylthiane-3-carboxamide",,C[C@@H]1SCCCC1C(=O)N[C@H]1C[C@](F)(CNC(=O)C23CCC(CO)(CC2)CC3)C1,
99165,O=CNCC(=O)N[C@@H]1C[C@@H]2CC[C@H](C1)N2C(=O)C(F)(F)c1ccc(Cl)cn1,,,O=CNCC(=O)N[C@H]1C[C@H]2CC[C@@H](C1)N2C(=O)C(F)(F)c1ccc(Cl)cn1,
99175,C[C@]1(NC(=O)[C@@H](O)C2CCCC2)C[C@@H](C(=O)N2C[C@@H]3CC[C@H](C2)NC3=O)C1,"(2S)-2-cyclopentyl-2-hydroxy-N-((1S,3R)-1-methyl-3-(((1S,5R)-7-oxo-3,6-diazabicyclo[3.2.2]nonan-3-yl)carbonyl)cyclobutyl)acetamide",,CC1(NC(=O)C(O)C2CCCC2)CC(C(=O)N2C[C@H]3CC[C@@H](C2)C(=O)N3)C1,
99196,C#Cc1ccc(Cl)c(C(=O)N[C@@H]2C[C@@H]3CC[C@H](C2)N3C(=O)CSS(C)(=O)=O)c1,,,C#Cc1ccc(Cl)c(C(=O)N[C@H]2C[C@H]3CC[C@@H](C2)N3C(=O)CSS(C)(=O)=O)c1,
99215,C=CCOCCCNC(=O)/C=C/[C@@H]1CCCN1C(=O)[C@@H]1[C@H]2CCC[C@H]21,,,C=CCOCCCNC(=O)/C=C/[C@@H]1CCCN1C(=O)C1[C@H]2CCC[C@@H]12,
99234,Cc1cc(C(=O)N[C@H]2[C@@H]3CN(CCOCC(F)F)C[C@@H]32)c2ccccc2n1,,,Cc1cc(C(=O)N[C@H]2[C@@H]3CN(CCOCC(F)F)C[C@@H]32)c2ccccc2n1,
99242,C#CC[C@@H](O)C(=O)N[C@]1(C)C[C@@H](NC(=O)[C@H]2CCc3cc(C)ccc3O2)C1,"(2R)-2-hydroxy-N-((1R,3R)-1-methyl-3-((2R)-6-methyl-3,4-dihydro-2H-1-benzopyran-2-carboxamido)cyclobutyl)pent-4-ynamide",,C#CCC(O)C(=O)N[C@]1(C)C[C@@H](NC(=O)C2CCc3cc(C)ccc3O2)C1,
99361,C[C@@H]1CCCN(C(=O)C(=O)N2CC[C@@H](NC(=O)[C@@H]3C[C@@H]4C[C@@H]4C3)[C@@H](F)C2)C1,,,C[C@@H]1CCCN(C(=O)C(=O)N2CC[C@@H](NC(=O)C3C[C@@H]4C[C@@H]4C3)[C@@H](F)C2)C1,
99365,CC(C(=O)N1CCC([C@H](F)CNC(=O)[C@@H]2[C@H]3COC[C@H]32)CC1)=C1CCC1,,,CC(C(=O)N1CCC([C@H](F)CNC(=O)C2[C@H]3COC[C@@H]23)CC1)=C1CCC1,
99372,CN(C)[C@@H]1CC[C@H](C(=O)N2C[C@H]3[C@@H](C2)[C@@H]3C(=O)NC2(C3CC3)CCOCC2)C1,"(1R,5S,6S)-N-(4-cyclopropyloxan-4-yl)-3-(((1S,3R)-3-(dimethylamino)cyclopentyl)carbonyl)-3-azabicyclo[3.1.0]hexane-6-carboxamide",,CN(C)[C@@H]1CCC(C(=O)N2C[C@@H]3C(C(=O)NC4(C5CC5)CCOCC4)[C@@H]3C2)C1,
99373,Cn1cncc1C(=O)NC[C@H]1[C@@H]2CN(c3nc(C4CCCCC4)ns3)C[C@H]12,,,Cn1cncc1C(=O)NC[C@@H]1[C@H]2CN(c3nc(C4CCCCC4)ns3)C[C@@H]12,
99400,CSC[C@@H](O)C(=O)NCC1(C(=O)N[C@@H]2C[C@H]3[C@@H](C2)C3(F)F)CC=CC1,,,CSCC(O)C(=O)NCC1(C(=O)N[C@H]2C[C@@H]3[C@H](C2)C3(F)F)CC=CC1,
99431,CN(C(=O)/C=C/CC(C)(C)NC(=O)[C@@H]1CCC[C@H](CF)C1)[C@H]1C[C@@H]2C[C@@H]2C1,,,CN(C(=O)/C=C/CC(C)(C)NC(=O)C1CCC[C@H](CF)C1)[C@@H]1C[C@H]2C[C@H]2C1,
99462,O=C(CCn1c(=O)nc(O)c2ccccc21)N[C@]1(C(=O)O)C[C@H](CO)C1,"(1s,3s)-1-(3-(4-hydroxy-2-oxo-1,2-dihydroquinazolin-1-yl)propanamido)-3-(hydroxymethyl)cyclobutanecarboxylic acid",,O=C(CCn1c(=O)[nH]c(=O)c2ccccc21)N[C@]1(C(=O)O)C[C@H](CO)C1,
99470,N#CCCCCCC(=O)N[C@H]1C[C@](F)(CNC(=O)[C@H]2CCSC2)C1,"6-cyano-N-((1S,3s)-3-fluoro-3-(((3R)-thiolane-3-carboxamido)methyl)cyclobutyl)hexanamide",,N#CCCCCCC(=O)N[C@H]1C[C@](F)(CNC(=O)C2CCSC2)C1,
99572,C[C@H]1OC2(C(=O)N[C@H]3[C@@H]4CN(C(=O)[C@@H](C)n5ccnc5)C[C@@H]43)CC1C2,"(3R)-N-((1R,5S,6S)-3-((2R)-2-(1H-imidazol-1-yl)propanoyl)-3-azabicyclo[3.1.0]hexan-6-yl)-3-methyl-2-oxabicyclo[2.1.1]hexane-1-carboxamide",,CC(C(=O)N1C[C@@H]2[C@H](C1)[C@H]2NC(=O)C12CC(C1)[C@@H](C)O2)n1ccnc1,
99642,O=C([C@@H]1C[C@H]1CF)N1CCCC[C@@H]1CCNC(=O)[C@]1(c2ccccc2)C[C@@H](F)C1,"(1r,3R)-3-fluoro-N-(2-((2R)-1-(((1R,2R)-2-(fluoromethyl)cyclopropyl)carbonyl)piperidin-2-yl)ethyl)-1-phenylcyclobutanecarboxamide",,O=C(C1C[C@H]1CF)N1CCCC[C@@H]1CCNC(=O)[C@]1(c2ccccc2)C[C@@H](F)C1,
99722,CO[C@H]1C[C@H](C(=O)N[C@H]2CCN(C(=O)c3cc(C(N)=O)co3)[C@@H]2C)C[C@H]1OC,,,CO[C@H]1CC(C(=O)N[C@H]2CCN(C(=O)c3cc(C(N)=O)co3)[C@@H]2C)C[C@H]1OC,
99726,COc1c[nH]c(C(=O)N(C)[C@H]2[C@@H]3CN(C(=O)[C@@H]4CC45CCSCC5)C[C@@H]32)cc1=O,"5-methoxy-N-methyl-4-oxo-N-((1R,5S,6S)-3-((1R)-6-thiaspiro[2.5]octan-1-ylcarbonyl)-3-azabicyclo[3.1.0]hexan-6-yl)pyridine-2(1H)-carboxamide",,COc1c[nH]c(C(=O)N(C)[C@H]2[C@@H]3CN(C(=O)C4CC45CCSCC5)C[C@@H]32)cc1=O,
99826,CN1CCOC[C@@H]1C(=O)N1C[C@H]2[C@H](NC(=O)c3cc(C4CC4)nn3C)[C@H]2C1,"3-cyclopropyl-1-methyl-N-((1R,5S,6S)-3-(((3R)-4-methylmorpholin-3-yl)carbonyl)-3-azabicyclo[3.1.0]hexan-6-yl)-1H-pyrazole-5-carboxamide",,CN1CCOCC1C(=O)N1C[C@@H]2[C@H](C1)[C@H]2NC(=O)c1cc(C2CC2)nn1C,
99854,CC(=O)c1ccc(C(=O)N[C@H]2CCN(C(=O)C[C@@H]3C[C@H]4C[C@H]4C3)CC23CCC3)o1,,,CC(=O)c1ccc(C(=O)N[C@H]2CCN(C(=O)C[C@H]3C[C@@H]4C[C@@H]4C3)CC23CCC3)o1,
99862,C[C@H]1[C@@H](C)[C@@H]1C(=O)NC[C@@]1(C2CC2)CCN(C(=O)c2cc([N+](=O)[O-])nn2C)C1,,,C[C@@H]1C(C(=O)NC[C@@]2(C3CC3)CCN(C(=O)c3cc([N+](=O)[O-])nn3C)C2)[C@@H]1C,
99973,C#CCOCC(=O)NCc1n[nH]c2c1CN(C(=O)[C@]1(C)C[C@@H](C#N)C1)CC2,"N-((5-(((1r,3r)-3-cyano-1-methylcyclobutyl)carbonyl)-4,5,6,7-tetrahydro-1H-pyrazolo[4,3-c]pyridin-3-yl)methyl)-2-((prop-2-yn-1-yl)oxy)acetamide",,C#CCOCC(=O)NCc1[nH]nc2c1CN(C(=O)[C@]1(C)C[C@@H](C#N)C1)CC2,
