index,smiles,name,opsin_smiles,std_original,std_opsin
21,Cc1cc[nH]c1C(=O)NC[C@H]1[C@@H]2CN(C(=O)[C@H](O)c3cn(C)nc3C)C[C@H]12,"(1S,5R,6R)-3-((1R)-1-(1,3-dimethylpyrazol-4-yl)-2-oxaethylcarbonyl)-6-(((3-methyl-1H-pyrrol-2-ylcarbonyl)amino)methyl)-3-azabicyclo[3.1.0]hexane",,Cc1cc[nH]c1C(=O)NC[C@@H]1[C@H]2CN(C(=O)C(O)c3cn(C)nc3C)C[C@@H]12,
102,Cc1cc(Br)ccc1C(=O)N[C@H]1C[C@@](C)(NC(=O)COC2CCOCC2)C1,4-bromo-2-methyl-1-(((3-methyl-3-(((oxan-4-yl)oxymethylcarbonyl)amino)cyclobutyl)amino)carbonyl)benzene,BrC1=CC(=C(C=C1)C(=O)NC1CC(C1)(NC(=O)COC1CCOCC1)C)C,Cc1cc(Br)ccc1C(=O)N[C@H]1C[C@@](C)(NC(=O)COC2CCOCC2)C1,Cc1cc(Br)ccc1C(=O)NC1CC(C)(NC(=O)COC2CCOCC2)C1
119,O=C(c1cccnc1O)N(c1ncnc2ccc(F)cc12)[C@H]1C[C@@H]2CC[C@H](C1)N2,"6-fluoro-4-(N-((1R,5S)-8-azabicyclo[3.2.1]octan-3-yl)-N-(2-hydroxy-3-pyridylcarbonyl)amino)-pyrimido[4,5-a]benzene",FC=1C=C2C(=CC1)N=CN=C2N(C(=O)C=2C(=NC=CC2)O)C2C[C@H]1CC[C@@H](C2)N1,O=C(c1ccc[nH]c1=O)N(c1ncnc2ccc(F)cc12)[C@@H]1C[C@H]2CC[C@@H](C1)N2,O=C(c1ccc[nH]c1=O)N(c1ncnc2ccc(F)cc12)C1C[C@H]2CC[C@@H](C1)N2
128,O=C(COC1CC1)N[C@H]1C[C@@](NC(=O)c2ccc(O)c(F)c2)(c2ccccc2)C1,(1-((3-fluoro-4-hydroxybenzoyl)amino)-3-(((cyclopropyl)oxymethylcarbonyl)amino)cyclobutyl)benzene,FC=1C=C(C(=O)NC2(CC(C2)NC(=O)COC2CC2)C2=CC=CC=C2)C=CC1O,O=C(COC1CC1)N[C@H]1C[C@@](NC(=O)c2ccc(O)c(F)c2)(c2ccccc2)C1,O=C(COC1CC1)NC1CC(NC(=O)c2ccc(O)c(F)c2)(c2ccccc2)C1
168,O=C1O[C@H](COc2cccccc2=O)CN1C1CC1,"(4S)-1-cyclopropyl-4-((2-oxocyclohepta-1,3,5-trien-1-yl)oxymethyl)-1-aza-3-oxacyclopentan-2-on",,O=C1O[C@H](COc2cccccc2=O)CN1C1CC1,
177,CCSc1ccc(C(=O)NC[C@]2(F)C[C@H](CNC(=O)C[C@H]3CCC(=O)O3)C2)cc1,(2R)-2-(2-oxo-4-((3R)-3-fluoro-3-(((4-ethylsulfanylbenzoyl)amino)methyl)cyclobutyl)-3-azabutyl)-oxolan-5-on,,CCSc1ccc(C(=O)NC[C@]2(F)C[C@H](CNC(=O)C[C@H]3CCC(=O)O3)C2)cc1,
183,CCOC(C)(C)C(=O)NCCCC(=O)N[C@H]1C[C@@H]1C(C)(C)C,(trans)-1-t-butyl-2-((3-((2-ethoxy-propan-2-ylcarbonyl)amino)propylcarbonyl)amino)cyclopropane,C(C)(C)(C)[C@H]1[C@@H](C1)NC(=O)CCCNC(=O)C(C)(C)OCC,CCOC(C)(C)C(=O)NCCCC(=O)N[C@H]1C[C@@H]1C(C)(C)C,CCOC(C)(C)C(=O)NCCCC(=O)N[C@@H]1C[C@H]1C(C)(C)C
219,N=c1nc(CCC(=O)NC[C@H]2C[C@@H]3CC[C@H](C2)N3C(=O)CCC(F)(F)F)[nH][nH]1,"(1S,5R)-3-(((2-(2-imino-1,3,4-triazacyclopent-5-en-5-yl)ethylcarbonyl)amino)methyl)-8-(1-(2,2,2-trifluoroethyl)-methylcarbonyl)-8-azabicyclo[3.2.1]octane",N=C1N=C(NN1)CCC(=O)NCC1C[C@@H]2CC[C@H](C1)N2C(=O)CCC(F)(F)F,Nc1n[nH]c(CCC(=O)NC[C@@H]2C[C@H]3CC[C@@H](C2)N3C(=O)CCC(F)(F)F)n1,Nc1n[nH]c(CCC(=O)NCC2C[C@H]3CC[C@@H](C2)N3C(=O)CCC(F)(F)F)n1
228,COc1cccc(C(=O)N2C[C@H]3[C@H](CN(C)C(=O)[C@H]4CC45CCCC5)[C@H]3C2)c1,"(1S,5R)-3-(3-methoxybenzoyl)-6-((N-((2S)-spiro[2.4]heptane-2-ylcarbonyl)-N-methylamino)methyl)-3-azabicyclo[3.1.0]hexane",COC=1C=C(C(=O)N2C[C@H]3C([C@H]3C2)CN(C)C(=O)[C@H]2CC23CCCC3)C=CC1,COc1cccc(C(=O)N2C[C@@H]3[C@@H](CN(C)C(=O)C4CC45CCCC5)[C@@H]3C2)c1,COc1cccc(C(=O)N2C[C@@H]3C(CN(C)C(=O)C4CC45CCCC5)[C@@H]3C2)c1
260,CCCC=C(CC)C(=O)N[C@H]1CC[C@H]2C[C@H]1CN2C(=O)/C(C)=C/c1ccccc1,"(E)-3-((((1S,2S,5S)-6-(1-benzylidene-ethylcarbonyl)-6-azabicyclo[3.2.1]octan-2-yl)amino)carbonyl)-3-hepten",C(C1=CC=CC=C1)=C(C)C(=O)N1[C@H]2CC[C@@H]([C@H](C1)C2)NC(=O)\C(\CC)=C\CCC,CCCC=C(CC)C(=O)N[C@H]1CC[C@H]2C[C@H]1CN2C(=O)/C(C)=C/c1ccccc1,CCC/C=C(\CC)C(=O)N[C@H]1CC[C@H]2C[C@H]1CN2C(=O)C(C)=Cc1ccccc1
443,C/C=C/C[C@H](C)C(=O)NCCC1CC(NC(=O)c2scnc2C(F)(F)F)C1,"4-trifluoromethyl-5-(((3-((5S)-2-(((2S,4E)-hex-4-en-2-ylcarbonyl)amino)ethyl)cyclobutyl)amino)carbonyl)thiazol",,C/C=C/CC(C)C(=O)NCCC1CC(NC(=O)c2scnc2C(F)(F)F)C1,
471,Cc1ccc(C(=O)N[C@@H]2[C@H]3CC[C@@H]2CN(C(=O)c2coc4ccccc24)C3)cc1,"1-(4-((((1R,5S)-3-(coumaron-3-ylcarbonyl)-3-azabicyclo[3.2.1]octan-8-yl)amino)carbonyl)phenyl)-methane",O1C=C(C2=CC=CC=C12)C(=O)N1C[C@H]2CC[C@@H](C1)C2NC(=O)C2=CC=C(C=C2)C,Cc1ccc(C(=O)N[C@H]2[C@@H]3CC[C@H]2CN(C(=O)c2coc4ccccc24)C3)cc1,Cc1ccc(C(=O)NC2[C@@H]3CC[C@H]2CN(C(=O)c2coc4ccccc24)C3)cc1
535,COC[C@@H](OC)C(=O)N[C@H]1C[C@@H](NC(=O)[C@H](C)SC(F)(F)F)C1,"(1R,3S)-1-(((1R)-1-methoxy-3-oxabutylcarbonyl)amino)-3-(((1S)-1-trifluoromethylsulfanyl-ethylcarbonyl)amino)cyclobutane",,COCC(OC)C(=O)N[C@H]1C[C@@H](NC(=O)C(C)SC(F)(F)F)C1,
574,CCc1cccc(CC)c1C(=O)N1C[C@H]2[C@H](CNC(=O)C(C)(C)C3CCC3)[C@H]2C1,"4-cyclobutyl-4-methyl-3-oxo-1-((1S,5R)-3-(2,6-diethylbenzoyl)-3-azabicyclo[3.1.0]hexane-6-yl)-2-azapentane",C1(CCC1)C(C(NCC1[C@H]2CN(C[C@@H]12)C(C1=C(C=CC=C1CC)CC)=O)=O)(C)C,CCc1cccc(CC)c1C(=O)N1C[C@@H]2[C@@H](CNC(=O)C(C)(C)C3CCC3)[C@@H]2C1,CCc1cccc(CC)c1C(=O)N1C[C@@H]2C(CNC(=O)C(C)(C)C3CCC3)[C@@H]2C1
578,C[C@]1(CC(=O)N[C@]2(C)C[C@H](NC(=O)[C@@H]3CC34CCC4)C2)CC1(Cl)Cl,"(2S)-1,1-dichloro-2-methyl-2-(2-oxo-3-((1S,3R)-1-methyl-3-(((2R)-spiro[2.3]hexane-2-ylcarbonyl)amino)cyclobutyl)-3-azapropyl)cyclopropane",,C[C@]1(CC(=O)N[C@]2(C)C[C@H](NC(=O)C3CC34CCC4)C2)CC1(Cl)Cl,
596,CC[C@H](CCC(=O)N(C)CC(=O)NC(C)C)NC(=O)C(C)=C1CCCC1,1-(((((3R)-6-oxo-6-(N-(4-methyl-2-oxo-3-azapentyl)-N-methylamino)-hexan-3-yl)amino)carbonyl)methylmethylidene)cyclopentan,O=C(CC[C@@H](CC)NC(=O)CC=C1CCCC1)N(C)CC(NC(C)C)=O,CC[C@H](CCC(=O)N(C)CC(=O)NC(C)C)NC(=O)C(C)=C1CCCC1,CC[C@H](CCC(=O)N(C)CC(=O)NC(C)C)NC(=O)CC=C1CCCC1
598,C[C@H]1CC[C@H](C(=O)N[C@@H]2[C@H]3CCC[C@H]32)N(C(=O)c2ccc(C#N)s2)C1,"(1S,5R)-6-(((3S,6R)-3-methyl-1-(2-cyano-5-thienylcarbonyl)piperidin-6-ylcarbonyl)amino)-bicyclo[3.1.0]hexane",C[C@@H]1CN([C@H](CC1)C(=O)NC1[C@@H]2CCC[C@H]12)C(=O)C1=CC=C(S1)C#N,C[C@H]1CCC(C(=O)N[C@H]2[C@@H]3CCC[C@@H]32)N(C(=O)c2ccc(C#N)s2)C1,C[C@H]1CCC(C(=O)NC2[C@H]3CCC[C@@H]23)N(C(=O)c2ccc(C#N)s2)C1
655,CC(C)(C)c1cccc(C(=O)N2CCC[C@@H](CNC(=O)[C@H]3C[C@@](F)(CO)C3)C2)n1,2-methyl-2-(2-((3S)-3-((((3S)-3-fluoro-3-hydroxymethylcyclobutylcarbonyl)amino)methyl)piperidinocarbonyl)-6-pyridyl)propane,,CC(C)(C)c1cccc(C(=O)N2CCC[C@@H](CNC(=O)C3CC(F)(CO)C3)C2)n1,
667,CO[C@]1(C(F)F)C[C@H](COC(=O)[C@]23C[C@H]2CS(=O)(=O)C3)C1,"(1S,5R)-3,3-dioxo-1-((((3R)-3-difluoromethyl-3-methoxycyclobutyl)methyl)oxycarbonyl)-3-thiabicyclo[3.1.0]hexane",,CO[C@]1(C(F)F)C[C@H](COC(=O)[C@]23C[C@H]2CS(=O)(=O)C3)C1,
676,Cc1cccnc1C(=O)N1[C@H]2CC[C@@H]1C[C@@H](NC(=O)[C@@H]1CCC(=O)N1C(C)C)C2,"(2S)-1-isopropyl-2-((((1R,5S)-8-(3-methyl-2-pyridylcarbonyl)-8-azabicyclo[3.2.1]octan-3-yl)amino)carbonyl)pyrrolidin-5-on",C(C)(C)N1[C@@H](CCC1=O)C(=O)NC1C[C@H]2CC[C@@H](C1)N2C(=O)C2=NC=CC=C2C,Cc1cccnc1C(=O)N1[C@@H]2CC[C@H]1C[C@H](NC(=O)C1CCC(=O)N1C(C)C)C2,Cc1cccnc1C(=O)N1[C@@H]2CC[C@H]1CC(NC(=O)C1CCC(=O)N1C(C)C)C2
694,CC1(C)CO[C@@H]1C(=O)N[C@@H]1CCN(C(=O)c2cccc3c2OCCN3)C12CCC2,"(4'R)-1'-(3,4-dihydro-2H-1,4-benzoxazine-6-ylcarbonyl)-4'-(((2S)-3,3-dimethyloxetan-2-ylcarbonyl)amino)-spiro[cyclobutane-1,5'-pyrrolidin]",O1CCNC2=C1C=CC(=C2)C(=O)N2CC[C@H](C21CCC1)NC(=O)[C@H]1OCC1(C)C,CC1(C)COC1C(=O)N[C@@H]1CCN(C(=O)c2cccc3c2OCCN3)C12CCC2,CC1(C)COC1C(=O)N[C@@H]1CCN(C(=O)c2ccc3c(c2)NCCO3)C12CCC2
755,Cc1ccc(F)cc1C(=O)N1CC[C@@H](CCN=c2[nH]nc(C(F)F)o2)C1,"2-difluoromethyl-5-((2-((3R)-1-(5-fluoro-2-methylbenzoyl)pyrrolidin-3-yl)-ethyl)imino)-1,3,4-oxadiazole",FC(C1OC(N=N1)=NCC[C@H]1CN(CC1)C(C1=C(C=CC(=C1)F)C)=O)F,Cc1ccc(F)cc1C(=O)N1CC[C@@H](CCNc2nnc(C(F)F)o2)C1,Cc1ccc(F)cc1C(=O)N1CC[C@@H](CCN=C2N=NC(C(F)F)O2)C1
783,CO[C@]1(C(=O)N[C@H]2CC[C@@H](N(C)C(=O)[C@H]3C[C@](O)(C(F)(F)F)C3)CC2)CCSC1,1-(((3S)-3-((((cis)-4-(N-((3S)-3-hydroxy-3-trifluoromethylcyclobutylcarbonyl)-N-methylamino)cyclohexyl)amino)carbonyl)thiolan-3-yl)oxy)-methane,,CO[C@]1(C(=O)N[C@H]2CC[C@@H](N(C)C(=O)C3CC(O)(C(F)(F)F)C3)CC2)CCSC1,
881,Cc1cc(F)cc(Br)c1C(=O)N1CC([C@@H](C)NC(=O)[C@H]2Cc3ccccc32)C1,(1R)-1-(((2S)-benzocyclobutene-2-ylcarbonyl)amino)-1-(1-(2-bromo-4-fluoro-6-methylbenzoyl)azetidin-3-yl)-ethane,,Cc1cc(F)cc(Br)c1C(=O)N1CC([C@@H](C)NC(=O)C2Cc3ccccc32)C1,
901,CC[C@@H](CC(=O)NC[C@H]1C[C@@H](NC(=O)C[C@@H](O)CN(C)C)C1)CC(F)(F)F,"(1S,3R)-1-((((2S)-2-(2,2,2-trifluoroethyl)-butylcarbonyl)amino)methyl)-3-(((2R)-2-hydroxy-4-methyl-4-azapentylcarbonyl)amino)cyclobutane",,CC[C@@H](CC(=O)NC[C@H]1C[C@@H](NC(=O)C[C@@H](O)CN(C)C)C1)CC(F)(F)F,
903,CN(CC(=O)N1CCN(C(=O)[C@@H]2C[C@@H]2CF)CC1)C(=O)C1(C(N)=O)CCC1,(cis)-1-fluoromethyl-2-(4-((N-(1-carbamylcyclobutylcarbonyl)-N-methylamino)methylcarbonyl)piperazinocarbonyl)cyclopropane,FC[C@H]1[C@H](C1)C(=O)N1CCN(CC1)C(=O)CN(C)C(=O)C1(CCC1)C(N)=O,CN(CC(=O)N1CCN(C(=O)C2C[C@@H]2CF)CC1)C(=O)C1(C(N)=O)CCC1,CN(CC(=O)N1CCN(C(=O)C2C[C@H]2CF)CC1)C(=O)C1(C(N)=O)CCC1
909,O=C(N[C@@H]1[C@@H]2CN(C(=O)CO)C[C@@H]21)c1ccc(N2C(=O)C=CC2=O)cc1,"(1S,5R)-3-hydroxymethylcarbonyl-6-(N-(4-(2,5-dioxo-1-azacyclopent-3-ene-1-yl)benzoyl)amino)-3-azabicyclo[3.1.0]hexane",OCC(=O)N1C[C@H]2C([C@H]2C1)NC(C1=CC=C(C=C1)N1C(C=CC1=O)=O)=O,O=C(N[C@@H]1[C@@H]2CN(C(=O)CO)C[C@@H]21)c1ccc(N2C(=O)C=CC2=O)cc1,O=C(NC1[C@H]2CN(C(=O)CO)C[C@@H]12)c1ccc(N2C(=O)C=CC2=O)cc1
981,Cc1[nH]c2ncccc2c1C(=O)N[C@H]1C[C@H]2CC[C@H]1N(C(=O)COC1CCC1)C2,"2-methyl-3-((((1R,4R,8S)-2-((cyclobutyl)oxymethylcarbonyl)-2-azabicyclo[2.2.2]octane-8-yl)amino)carbonyl)-1H-pyrrolo[2,3-b]pyridin",CC1=C(C=2C(=NC=CC2)N1)C(=O)N[C@H]1C[C@@H]2N(C[C@H]1CC2)C(=O)COC2CCC2,Cc1[nH]c2ncccc2c1C(=O)N[C@H]1C[C@H]2CC[C@H]1N(C(=O)COC1CCC1)C2,Cc1[nH]c2ncccc2c1C(=O)N[C@H]1C[C@H]2CC[C@@H]1CN2C(=O)COC1CCC1
1017,Cc1nccn1[C@@H](C)C(=O)N[C@H]1C[C@@](C)(NC(=O)Cc2cnns2)C1,"(S)-2-methyl-1-(1-methyl-2-oxo-3-((3R)-3-methyl-3-(((1,2,3-thiadiazol-5-yl)methylcarbonyl)amino)cyclobutyl)-3-azapropyl)imidazol",,Cc1nccn1C(C)C(=O)N[C@H]1C[C@@](C)(NC(=O)Cc2cnns2)C1,
1050,C=CCC1(C(=O)N2[C@H]3CC[C@@H]2C[C@@H](NC(=O)C=CC)C3)CC=CC1,"1-((((1R,5S)-8-(1-(2-propen-1-yl)cyclopent-3-en-1-ylcarbonyl)-8-azabicyclo[3.2.1]octan-3-yl)amino)carbonyl)propen",C(C=C)C1(CC=CC1)C(=O)N1[C@H]2CC(C[C@@H]1CC2)NC(=O)C=CC,C=CCC1(C(=O)N2[C@@H]3CC[C@H]2C[C@H](NC(=O)C=CC)C3)CC=CC1,C=CCC1(C(=O)N2[C@@H]3CC[C@H]2CC(NC(=O)C=CC)C3)CC=CC1
1059,Cc1cc(O)cc(C)c1C(=O)NCCC1(O)CN(C(=O)[C@@H]2C[C@@H]2Cl)C1,"(cis)-1-chloro-2-(3-hydroxy-3-(2-((4-hydroxy-2,6-dimethylbenzoyl)amino)ethyl)azetidin-1-ylcarbonyl)cyclopropane",Cl[C@H]1[C@H](C1)C(=O)N1CC(C1)(CCNC(C1=C(C=C(C=C1C)O)C)=O)O,Cc1cc(O)cc(C)c1C(=O)NCCC1(O)CN(C(=O)C2C[C@@H]2Cl)C1,Cc1cc(O)cc(C)c1C(=O)NCCC1(O)CN(C(=O)C2C[C@H]2Cl)C1
1079,C#C[C@]1(O)C[C@@H](C(=O)N2CCC[C@](O)(CNC(=O)Cc3c[nH]nc3O)C2)C1,(3S)-3-hydroxy-1-((3R)-3-acetenyl-3-hydroxycyclobutylcarbonyl)-3-((((3-hydroxy-1H-pyrazol-4-yl)methylcarbonyl)amino)methyl)piperidin,,C#CC1(O)CC(C(=O)N2CCC[C@](O)(CNC(=O)Cc3c[nH][nH]c3=O)C2)C1,
1127,C[C@@H](O)CC(=O)N1C[C@H]2[C@H](CC(=O)N(C)[C@H](C)C3CCCC3)[C@H]2C1,"(4R)-4-cyclopentyl-3-methyl-2-oxo-1-((1S,5R,6S)-3-((2R)-2-hydroxy-propylcarbonyl)-3-azabicyclo[3.1.0]hexane-6-yl)-3-azapentane",,C[C@H](C1CCCC1)N(C)C(=O)C[C@@H]1[C@H]2CN(C(=O)C[C@@H](C)O)C[C@@H]12,
1149,CC(C(=O)N1CC[C@H](CNC(=O)[C@H]2CCCC(C)(C)CC2)[C@H](O)C1)=C1CC1,"1-(((3S,4R)-3-hydroxy-4-((((1S)-4,4-dimethylcycloheptylcarbonyl)amino)methyl)piperidinocarbonyl)methylmethylidene)cyclopropan",O[C@@H]1CN(CC[C@@H]1CNC(=O)[C@@H]1CCC(CCC1)(C)C)C(=O)CC=C1CC1,CC(C(=O)N1CC[C@H](CNC(=O)C2CCCC(C)(C)CC2)[C@H](O)C1)=C1CC1,CC1(C)CCCC(C(=O)NC[C@H]2CCN(C(=O)CC=C3CC3)C[C@H]2O)CC1
1155,C[C@@H](CNC(=O)[C@@H]1CCCC2(CCOCC2)O1)NC(=O)[C@H]1C[C@](F)(CO)C1,"(2S,S)-2-(((2-(((3R)-3-fluoro-3-hydroxymethylcyclobutylcarbonyl)amino)-propyl)amino)carbonyl)-1,9-dioxaspiro[5.5]undecane",,C[C@@H](CNC(=O)C1CCCC2(CCOCC2)O1)NC(=O)C1CC(F)(CO)C1,
1203,CNc1cnc(C(=O)N2C[C@H](C(=O)N3CCC[C@]4(C3)C[C@H](O)C4)[C@@H](OC)C2)cn1,"(2R)-2-hydroxy-6-((3R,4S)-3-methoxy-1-(2-methylaminopyrazin-5-ylcarbonyl)pyrrolidin-4-ylcarbonyl)-6-azaspiro[3.5]nonane",,CNc1cnc(C(=O)N2CC(C(=O)N3CCC[C@]4(C3)C[C@H](O)C4)[C@@H](OC)C2)cn1,
1236,O=C(NC[C@H]1CC[C@H]1C(=O)NC[C@@H](O)CO)[C@H]1CC2(CCO1)CC2,"(5R)-5-(((((1S,2R)-2-((((1R)-2,3-dihydroxypropyl)amino)carbonyl)cyclobutyl)methyl)amino)carbonyl)-6-oxaspiro[2.5]octane",,O=C(NC[C@H]1CCC1C(=O)NC[C@@H](O)CO)C1CC2(CCO1)CC2,
1245,O=C1CC[C@H](CCC(=O)N2CC[C@@](F)(CNC(=O)[C@H]3Cc4ccc(F)cc43)C2)C1,1-((1R)-3-oxocyclopentyl)-2-((3R)-3-fluoro-3-((((2S)-6-fluorobenzocyclobutene-2-ylcarbonyl)amino)methyl)pyrrolidinocarbonyl)-ethane,,O=C1CC[C@H](CCC(=O)N2CC[C@@](F)(CNC(=O)C3Cc4ccc(F)cc43)C2)C1,
1279,C[C@@H](O)CN(C(=O)CC(C)(C)N(C)C(=O)C[C@@H]1C[C@H]2C[C@H]2C1)C1CC1,"(9R)-7-cyclopropyl-9-hydroxy-3,4,4-trimethyl-2,6-dioxo-1-((1S,5R)-bicyclo[3.1.0]hexane-3-yl)-3,7-diazadecane",C1(CC1)N(C(CC(N(C(CC1C[C@@H]2C[C@@H]2C1)=O)C)(C)C)=O)C[C@@H](C)O,C[C@@H](O)CN(C(=O)CC(C)(C)N(C)C(=O)C[C@H]1C[C@@H]2C[C@@H]2C1)C1CC1,C[C@@H](O)CN(C(=O)CC(C)(C)N(C)C(=O)CC1C[C@@H]2C[C@@H]2C1)C1CC1
1292,COc1ccccc1CC(=O)NC[C@H]1C[C@H]1NC(=O)C1=NNC(=O)CC1,"(cis)-1-(((2-methoxyphenylacetyl)amino)methyl)-2-((2-oxo-1,6-diazacyclohex-5-en-5-ylcarbonyl)amino)cyclopropane",COC1=C(C=CC=C1)CC(=O)NC[C@H]1[C@H](C1)NC(=O)C=1CCC(NN1)=O,COc1ccccc1CC(=O)NC[C@H]1C[C@H]1NC(=O)C1=NNC(=O)CC1,COc1ccccc1CC(=O)NC[C@@H]1C[C@@H]1NC(=O)C1=NNC(=O)CC1
1336,C=C(C)C[C@H](OC)C(=O)NCc1ccsc1C(=O)N[C@H](CC)[C@@H]1CCCOC1,"(R,S)-3-(1-((3-((((1S)-1-methoxy-3-methyl-3-buten-1-ylcarbonyl)amino)methyl)-2-thienylcarbonyl)amino)-propyl)oxan",CO[C@@H](CC(=C)C)C(=O)NCC1=C(SC=C1)C(=O)N[C@@H](CC)[C@@H]1COCCC1,C=C(C)CC(OC)C(=O)NCc1ccsc1C(=O)N[C@H](CC)[C@@H]1CCCOC1,C=C(C)CC(OC)C(=O)NCc1ccsc1C(=O)N[C@@H](CC)[C@H]1CCCOC1
1372,CO[C@H](C(=O)N1[C@H]2CCC[C@H]1CC(N=c1[nH]nc(C)s1)C2)c1cnn(C)c1,"2-methyl-5-(((1S,5S)-9-((1S)-1-(1-methylpyrazol-4-yl)-2-oxapropylcarbonyl)-9-azabicyclo[3.3.1]nonan-3-yl)imino)-1,3,4-thiadiazole",CC1SC(N=N1)=NC1C[C@@H]2CCC[C@@H](C1)N2C(=O)[C@@H](OC)C=2C=NN(C2)C,COC(C(=O)N1[C@H]2CCC[C@H]1CC(Nc1nnc(C)s1)C2)c1cnn(C)c1,COC(C(=O)N1[C@H]2CCC[C@H]1CC(N=C1N=NC(C)S1)C2)c1cnn(C)c1
1389,C[C@@H](C(=O)N1C[C@H]2[C@H](CC(=O)N3CC(c4nn[nH]n4)C3)[C@H]2C1)c1cc[nH]n1,"(1S,5R,6S)-3-((1R)-1-(1H-pyrazol-3-yl)-ethylcarbonyl)-6-(1-(3-(2H-tetrazol-5-yl)azetidin-1-ylcarbonyl)-methyl)-3-azabicyclo[3.1.0]hexane",,CC(C(=O)N1C[C@@H]2[C@@H](CC(=O)N3CC(c4nn[nH]n4)C3)[C@@H]2C1)c1cc[nH]n1,
1403,COC(=O)[C@H](CCF)NC(=O)[C@H]1C[C@@H](NC(=O)c2c[nH]nc2C)CCO1,4-((3-methyl-1H-pyrazol-4-ylcarbonyl)amino)-N-((2S)-4-fluoro-1-methoxy-1-oxo-butan-2-yl)-oxan-2-carboxamide,CC1=NNC=C1C(=O)NC1CC(OCC1)C(=O)N[C@H](C(=O)OC)CCF,COC(=O)C(CCF)NC(=O)C1C[C@@H](NC(=O)c2c[nH]nc2C)CCO1,COC(=O)C(CCF)NC(=O)C1CC(NC(=O)c2c[nH]nc2C)CCO1
1445,O=C(N[C@H]1C[C@H]2COC[C@H](C2)C1)[C@@H]1C[C@@]12CCN(C(=O)c1ccc(F)cn1)C2,"(1S,5R,R)-7-(((2R)-1'-(3-fluoro-6-pyridylcarbonyl)spiro[cyclopropane-1,3'-pyrrolin]-2-ylcarbonyl)amino)-3-oxabicyclo[3.3.1]nonane",,O=C(N[C@@H]1C[C@@H]2COC[C@@H](C2)C1)C1C[C@@]12CCN(C(=O)c1ccc(F)cn1)C2,
1465,CCOC(=O)N[C@@H](C(=O)N(C)CCN(C(=O)C(C)=C1CCCC1)C(C)C)C(C)C,1-((N-(2-(N-((1R)-1-isopropyl-3-oxo-2-aza-4-oxahexylcarbonyl)-N-methylamino)ethyl)-N-isopropylcarbamoyl)methylmethylidene)cyclopentan,C(C)(C)[C@@H](NC(OCC)=O)C(=O)N(C)CCN(C(=O)CC=C1CCCC1)C(C)C,CCOC(=O)NC(C(=O)N(C)CCN(C(=O)C(C)=C1CCCC1)C(C)C)C(C)C,CCOC(=O)NC(C(=O)N(C)CCN(C(=O)CC=C1CCCC1)C(C)C)C(C)C
1475,O=C(N[C@H]1[C@@H]2CN(C(=O)[C@@]3(F)CCOC3)C[C@@H]21)c1cnc2cccnn12,"3-((((1S,5R,6S)-3-((3R)-3-fluorooxolan-3-ylcarbonyl)-3-azabicyclo[3.1.0]hexane-6-yl)amino)carbonyl)-imidazo[1,2-b]pyridazin",,O=C(N[C@H]1[C@@H]2CN(C(=O)[C@@]3(F)CCOC3)C[C@@H]21)c1cnc2cccnn12,
1479,CCC(=O)N1C[C@H]2[C@H](NC(=O)CCCC(=O)c3ccc(Br)cc3)[C@H]2C1,"1-((((1S,5R)-3-propionyl-3-azabicyclo[3.1.0]hexane-6-yl)amino)carbonyl)-3-(4-bromobenzoyl)propane",C(CC)(=O)N1C[C@H]2C([C@H]2C1)NC(=O)CCCC(C1=CC=C(C=C1)Br)=O,CCC(=O)N1C[C@@H]2[C@H](C1)[C@H]2NC(=O)CCCC(=O)c1ccc(Br)cc1,CCC(=O)N1C[C@@H]2C(NC(=O)CCCC(=O)c3ccc(Br)cc3)[C@@H]2C1
1523,C#C[C@]1(O)C[C@@H](C(=O)N2CCCN(C(=O)c3ccc(CSC)o3)C[C@H]2C)C1,"2-((3R)-3-methyl-4-((3S)-3-acetenyl-3-hydroxycyclobutylcarbonyl)-1,4-diazacycloheptan-1-ylcarbonyl)-5-(2-thiapropyl)furan",,C#CC1(O)CC(C(=O)N2CCCN(C(=O)c3ccc(CSC)o3)C[C@H]2C)C1,
1550,CS[C@@H]1CN([C@H](C(=O)NCCCC2CC2)[C@@H]2CCCC2(C)C)C(C)(C)C1,"(S,R)-1,1-dimethyl-2-(6-cyclopropyl-2-oxo-1-((4S)-2,2-dimethyl-4-methylsulfanylpyrrolidino)-3-azahexyl)cyclopentane",CC1([C@H](CCC1)[C@H](C(NCCCC1CC1)=O)N1C(C[C@@H](C1)SC)(C)C)C,CS[C@@H]1CN(C(C(=O)NCCCC2CC2)[C@@H]2CCCC2(C)C)C(C)(C)C1,CS[C@@H]1CN(C(C(=O)NCCCC2CC2)[C@H]2CCCC2(C)C)C(C)(C)C1
1555,CCCCCN(CCC)CCC(=O)N[C@H]1C[C@@](F)(CNC(=O)c2cncnc2)C1,1-fluoro-1-(((pyrimidin-5-carbonyl)amino)methyl)-3-((2-(pentyl(propyl)amino)ethylcarbonyl)amino)cyclobutane,FC1(CC(C1)NC(=O)CCN(CCC)CCCCC)CNC(=O)C=1C=NC=NC1,CCCCCN(CCC)CCC(=O)N[C@H]1C[C@@](F)(CNC(=O)c2cncnc2)C1,CCCCCN(CCC)CCC(=O)NC1CC(F)(CNC(=O)c2cncnc2)C1
1569,CC(C)N(C)CC(=O)NC[C@H]1CC[C@H](CN(C)C(=O)CC(C)(C)C#N)CC1,1-((((isopropyl(methyl)amino)methylcarbonyl)amino)methyl)-4-((N-(2-cyano-2-methyl-propylcarbonyl)-N-methylamino)methyl)cyclohexane,C(C)(C)N(C)CC(=O)NCC1CCC(CC1)CN(C)C(=O)CC(C)(C)C#N,CC(C)N(C)CC(=O)NC[C@H]1CC[C@H](CN(C)C(=O)CC(C)(C)C#N)CC1,CC(C)N(C)CC(=O)NCC1CCC(CN(C)C(=O)CC(C)(C)C#N)CC1
1575,C[C@@H](Cn1ccnc1)C(=O)N[C@H]1C[C@@H](NC(=O)C[C@H]2OCc3cc(Cl)ccc32)C1,"(3R)-6-chloro-3-(2-oxo-3-((1R,3S)-3-(((1S)-1-((imidazol-1-yl)methyl)-ethylcarbonyl)amino)cyclobutyl)-3-azapropyl)-1,3-dihydroisobenzofuran",,CC(Cn1ccnc1)C(=O)N[C@H]1C[C@@H](NC(=O)C[C@H]2OCc3cc(Cl)ccc32)C1,
1585,C[C@@H]1CCCC[C@H]1OCC(=O)N[C@]1(C)C[C@@H](NC(=O)CCCc2ccccn2)C1,"1-((((1R)-3-methyl-3-((((1R,2R)-2-methylcyclohexyl)oxymethylcarbonyl)amino)cyclobutyl)amino)carbonyl)-3-(2-pyridyl)propane",,C[C@@H]1CCCC[C@H]1OCC(=O)N[C@]1(C)C[C@@H](NC(=O)CCCc2ccccn2)C1,
1641,CN(C(=O)[C@H]1C[C@@](C)(NC(=O)[C@@H]2CCCN2C2CC2)C1)[C@@H]1CCCNC1=O,"(3R)-3-(N-((1R,3S)-3-methyl-3-(((2S)-1-cyclopropylpyrrolidin-2-ylcarbonyl)amino)cyclobutylcarbonyl)-N-methylamino)piperidin-2-on",,CN(C(=O)C1CC(C)(NC(=O)C2CCCN2C2CC2)C1)C1CCCNC1=O,
1659,Cc1cscc1C(=O)N1CCC[C@@H](NC(=O)C(=O)N=S(C)(C)=O)CC1,3-methyl-4-((4R)-4-((((1-methyl-1-oxo-1-thiaethyl)amino)carbonylcarbonyl)amino)azepan-1-ylcarbonyl)thiofuran,CC1=CSC=C1C(=O)N1CC[C@@H](CCC1)NC(=O)C(=O)NCS(=O)C,Cc1cscc1C(=O)N1CCC[C@@H](NC(=O)C(=O)N=S(C)(C)=O)CC1,Cc1cscc1C(=O)N1CCC[C@@H](NC(=O)C(=O)NC[S+](C)[O-])CC1
1671,C[C@@H](Nc1[nH]c(=NCC#CCCO)nc2c1ncn2C)c1nnc2ncccn12,"3-((1R)-1-(N-(9-methyl-2-((6-oxa2-hexyn-1-yl)imino)purin-6-yl)amino)-ethyl)-s-triazolo[4,3-a]pyrimidin",,C[C@@H](Nc1nc(NCC#CCCO)nc2c1ncn2C)c1nnc2ncccn12,
1722,CCCCC[C@H](F)C(=O)N[C@H]1C[C@H](CCNC(=O)[C@@H]2CCCCN2N=O)C1,"(1R,3S)-1-(((1S)-1-fluoro-hexylcarbonyl)amino)-3-(2-(((2S)-1-nitrosopiperidin-2-ylcarbonyl)amino)ethyl)cyclobutane",,CCCCCC(F)C(=O)N[C@H]1C[C@H](CCNC(=O)C2CCCCN2N=O)C1,
1723,CCO[C@@H](C(=O)N[C@H]1C[C@@H](NC(=O)[C@H](NC(N)=O)C(C)C)C1)C(C)C,"(1S,3S)-1-(((1R)-1-isopropyl-2-oxabutylcarbonyl)amino)-3-(((1R)-1-isopropyl-3-oxo-2,4-diazabutylcarbonyl)amino)cyclobutane",,CCOC(C(=O)N[C@H]1C[C@@H](NC(=O)C(NC(N)=O)C(C)C)C1)C(C)C,
1734,C[C@H](C#N)C(=O)NC[C@H]1[C@@H]2CN(C(=O)c3ccccc3NC(=O)C3CC3)C[C@H]12,"(1S,5R)-3-(2-cyclopropanecarboxamidobenzoyl)-6-((((1R)-1-cyano-ethylcarbonyl)amino)methyl)-3-azabicyclo[3.1.0]hexane",C1(CC1)C(=O)NC1=C(C(=O)N2C[C@H]3C([C@H]3C2)CNC(=O)[C@H](C)C#N)C=CC=C1,CC(C#N)C(=O)NC[C@@H]1[C@H]2CN(C(=O)c3ccccc3NC(=O)C3CC3)C[C@@H]12,CC(C#N)C(=O)NCC1[C@H]2CN(C(=O)c3ccccc3NC(=O)C3CC3)C[C@@H]12
1767,O=C(C1CCC2(CCC2)O1)N1C[C@H]2[C@@H](C1)[C@@H]2C(F)F,"(1S,5R)-6-difluoromethyl-3-(5-oxaspiro[3.4]octan-6-ylcarbonyl)-3-azabicyclo[3.1.0]hexane",FC(C1[C@@H]2CN(C[C@H]12)C(=O)C1OC2(CCC2)CC1)F,O=C(C1CCC2(CCC2)O1)N1C[C@@H]2[C@H](C1)[C@H]2C(F)F,O=C(C1CCC2(CCC2)O1)N1C[C@@H]2C(C(F)F)[C@@H]2C1
1793,CCC[C@@H]1C[C@H]1C(=O)N(C)C[C@H]1[C@@H]2CN(C(=O)c3ccc(C)c(F)c3)C[C@H]12,"1-((1R,2R)-2-(N-(((1S,5R)-3-(3-fluoro-4-methylbenzoyl)-3-azabicyclo[3.1.0]hexane-6-yl)methyl)-N-methylcarbamoyl)cyclopropyl)propane",FC=1C=C(C(=O)N2C[C@H]3C([C@H]3C2)CN(C(=O)[C@H]2[C@@H](C2)CCC)C)C=CC1C,CCC[C@@H]1CC1C(=O)N(C)C[C@@H]1[C@H]2CN(C(=O)c3ccc(C)c(F)c3)C[C@@H]12,CCC[C@@H]1CC1C(=O)N(C)CC1[C@H]2CN(C(=O)c3ccc(C)c(F)c3)C[C@@H]12
1834,O=C(C1CC2(CCCO2)C1)N1C[C@H]2[C@H](CNC(=O)[C@]3(O)CCSC3)[C@H]2C1,"(1S,5R)-3-(5-oxaspiro[3.4]octan-2-ylcarbonyl)-6-((((3R)-3-hydroxythiolan-3-ylcarbonyl)amino)methyl)-3-azabicyclo[3.1.0]hexane",C1C(CC12OCCC2)C(=O)N2C[C@H]1C([C@H]1C2)CNC(=O)[C@]2(CSCC2)O,O=C(C1CC2(CCCO2)C1)N1C[C@@H]2[C@@H](CNC(=O)[C@]3(O)CCSC3)[C@@H]2C1,O=C(C1CC2(CCCO2)C1)N1C[C@@H]2C(CNC(=O)[C@]3(O)CCSC3)[C@@H]2C1
1841,Cn1cnc(C=CC(=O)N2C[C@H]3C=C[C@H]2[C@H](C(=O)N2CCCCC(F)(F)C2)C3)c1,"(1S,4R,8R)-2-(2-(1-methylimidazol-4-yl)-ethen-1-ylcarbonyl)-8-(3,3-difluoroazepan-1-ylcarbonyl)-2-azabicyclo[2.2.2]oct-5(6)-ene",CN1C=NC(=C1)C=CC(=O)N1[C@@H]2C=C[C@@H](C1)[C@@H](C2)C(=O)N2CC(CCCC2)(F)F,Cn1cnc(C=CC(=O)N2C[C@H]3C=C[C@H]2C(C(=O)N2CCCCC(F)(F)C2)C3)c1,Cn1cnc(C=CC(=O)N2C[C@@H]3C=C[C@@H]2CC3C(=O)N2CCCCC(F)(F)C2)c1
1896,CC(C)C[C@@H](C)CC(=O)N[C@]1(C(=O)N(C)[C@H]2CCCN(C)C2)C[C@H](O)C1,"(2R)-2,4-dimethyl-1-((((3R)-3-hydroxy-1-(N-((3S)-1-methylpiperidin-3-yl)-N-methylcarbamoyl)cyclobutyl)amino)carbonyl)pentane",,CC(C)C[C@@H](C)CC(=O)N[C@]1(C(=O)N(C)[C@H]2CCCN(C)C2)C[C@H](O)C1,
1923,CC[C@@H]1CCC[C@]1(C)C(=O)NC[C@H]1CC[C@H](C(=O)N(C)[C@H](C)CCC(C)C)CC1,"(1S,2R)-2-ethyl-1-methyl-1-(((((1R,4S)-4-(N-((2R)-5-methyl-hexan-2-yl)-N-methylcarbamoyl)cyclohexyl)methyl)amino)carbonyl)cyclopentane",,CC[C@@H]1CCC[C@]1(C)C(=O)NCC1CCC(C(=O)N(C)[C@H](C)CCC(C)C)CC1,
1937,Cc1nnccc1C(=O)NC[C@]1(F)C[C@@H](CNC(=O)c2c(F)cc(F)cc2Cl)C1,"1-(4-((((1-fluoro-3-(((2-chloro-4,6-difluorobenzoyl)amino)methyl)cyclobutyl)methyl)amino)carbonyl)pyridazin-3-yl)-methane",FC1(CC(C1)CNC(C1=C(C=C(C=C1F)F)Cl)=O)CNC(=O)C1=C(N=NC=C1)C,Cc1nnccc1C(=O)NC[C@]1(F)C[C@@H](CNC(=O)c2c(F)cc(F)cc2Cl)C1,Cc1nnccc1C(=O)NCC1(F)CC(CNC(=O)c2c(F)cc(F)cc2Cl)C1
1953,C=C=C[C@@H](C)C(=O)N[C@H]1C[C@@H](CNC(=O)[C@@H]2CC[C@@H]2C(=O)c2ccccc2)C1,"(2R)-2-((((1S,3S)-3-((((1R,2S)-2-(benzoyl)cyclobutylcarbonyl)amino)methyl)cyclobutyl)amino)carbonyl)-3,4-pentadien",,C=C=CC(C)C(=O)N[C@H]1C[C@@H](CNC(=O)C2CCC2C(=O)c2ccccc2)C1,
2006,CCn1nncc1C(=O)N(C)CC[C@@H](N=c1[nH]nc(C2CC2)o1)C(C)C,"2-cyclopropyl-5-(((1R)-1-isopropyl-4-(1-ethyl-1,2,3-triazol-5-ylcarbonyl)-4-azapentyl)imino)-1,3,4-oxadiazole",C1(CC1)C1OC(N=N1)=N[C@H](CCN(C)C(=O)C1=CN=NN1CC)C(C)C,CCn1nncc1C(=O)N(C)CC[C@@H](Nc1nnc(C2CC2)o1)C(C)C,CCn1nncc1C(=O)N(C)CC[C@@H](N=C1N=NC(C2CC2)O1)C(C)C
2008,CCN(CCNC(=O)C1CC(c2ccc(O)cc2)C1)C(=O)C(C)=C1CC1,1-((N-(2-((3-(4-hydroxyphenyl)cyclobutylcarbonyl)amino)ethyl)-N-ethylcarbamoyl)methylmethylidene)cyclopropan,OC1=CC=C(C=C1)C1CC(C1)C(=O)NCCN(C(=O)CC=C1CC1)CC,CCN(CCNC(=O)C1CC(c2ccc(O)cc2)C1)C(=O)C(C)=C1CC1,CCN(CCNC(=O)C1CC(c2ccc(O)cc2)C1)C(=O)CC=C1CC1
2089,C=C(C)CCC(=O)NC[C@H]1C[C@@](F)(CNC(=O)c2ccc3occc3c2)C1,6-methyl-3-oxo-1-(3-fluoro-3-(((coumaron-5-ylcarbonyl)amino)methyl)cyclobutyl)-2-aza-6-hepten,CC(CCC(NCC1CC(C1)(CNC(=O)C=1C=C2C=COC2=CC1)F)=O)=C,C=C(C)CCC(=O)NC[C@H]1C[C@@](F)(CNC(=O)c2ccc3occc3c2)C1,C=C(C)CCC(=O)NCC1CC(F)(CNC(=O)c2ccc3occc3c2)C1
2106,C[C@H](C(=O)NC[C@]1(F)C[C@H](NC(=O)c2cc3cccnn3n2)C1)N1CCSCC1,"2-((((1R)-3-fluoro-3-((((1R)-1-(thiamorpholin-4-yl)-ethylcarbonyl)amino)methyl)cyclobutyl)amino)carbonyl)-pyrazolo[1,5-b]pyridazin",,CC(C(=O)NC[C@]1(F)C[C@H](NC(=O)c2cc3cccnn3n2)C1)N1CCSCC1,
2122,Cc1cc(C(=O)NC[C@]2(F)C[C@@H](NC(=O)c3c[nH]c(=N)nc3C(F)(F)F)C2)n[nH]1,3-methyl-5-((((1-fluoro-3-((2-imino-4-trifluoromethyl-1H-pyrimidin-5-ylcarbonyl)amino)cyclobutyl)methyl)amino)carbonyl)-2H-pyrazole,CC=1NN=C(C1)C(=O)NCC1(CC(C1)NC(=O)C=1C(=NC(NC1)=N)C(F)(F)F)F,Cc1cc(C(=O)NC[C@]2(F)C[C@@H](NC(=O)c3cnc(N)nc3C(F)(F)F)C2)[nH]n1,Cc1cc(C(=O)NCC2(F)CC(NC(=O)c3cnc(N)nc3C(F)(F)F)C2)[nH]n1
2141,CCc1ncc(C(=O)N[C@@H]2C[C@@H]3CC[C@H](C2)N3C(=O)Cc2csc(COC)n2)s1,"2-ethyl-5-((((1R,5S)-8-((2-methoxymethylthiazol-4-yl)methylcarbonyl)-8-azabicyclo[3.2.1]octan-3-yl)amino)carbonyl)thiazol",C(C)C=1SC(=CN1)C(=O)NC1C[C@H]2CC[C@@H](C1)N2C(=O)CC=2N=C(SC2)COC,CCc1ncc(C(=O)N[C@H]2C[C@H]3CC[C@@H](C2)N3C(=O)Cc2csc(COC)n2)s1,CCc1ncc(C(=O)NC2C[C@H]3CC[C@@H](C2)N3C(=O)Cc2csc(COC)n2)s1
2145,CC[C@H](SC)C(=O)N[C@H]1C[C@@H]2C[C@H](C1)CN(C(=O)c1ncc(C)cc1F)C2,"3-fluoro-5-methyl-2-((1R,5S)-7-(((1S)-1-methylsulfanyl-propylcarbonyl)amino)-3-azabicyclo[3.3.1]nonan-3-ylcarbonyl)pyridin",FC=1C(=NC=C(C1)C)C(=O)N1C[C@H]2CC(C[C@@H](C1)C2)NC(=O)[C@H](CC)SC,CCC(SC)C(=O)N[C@@H]1C[C@H]2C[C@@H](C1)CN(C(=O)c1ncc(C)cc1F)C2,CCC(SC)C(=O)NC1C[C@@H]2C[C@H](C1)CN(C(=O)c1ncc(C)cc1F)C2
2172,CC[C@](C)(C(N)=O)C(=O)N[C@H]1CC[C@H](CNC(=O)[C@H](C)NC(=O)C2CCC2)CC1,"(1R,4S)-1-((((1S)-1-cyclobutanecarboxamido-ethylcarbonyl)amino)methyl)-4-(((2R)-1-amino-2-methyl-1-oxo-butan-2-ylcarbonyl)amino)cyclohexane",,CC[C@](C)(C(N)=O)C(=O)N[C@H]1CC[C@H](CNC(=O)C(C)NC(=O)C2CCC2)CC1,
2199,COC(=O)[C@]1(C)C[C@@H](C(=O)N2CCN(C(=O)[C@H](C)S(N)(=O)=O)[C@H](CC(F)F)C2)C1,"(2R)-1-((1S)-1-methyl-2,2-dioxo-3-aza-2-thiapropylcarbonyl)-2-(2,2-difluoroethyl)-4-((3R)-3-methoxycarbonyl-3-methylcyclobutylcarbonyl)piperazin",,COC(=O)C1(C)CC(C(=O)N2CCN(C(=O)C(C)S(N)(=O)=O)[C@H](CC(F)F)C2)C1,
2264,CSCC[C@H](NC(N)=O)C(=O)N(C)[C@H]1CC[C@@H](NC(=O)[C@]2(F)C[C@H]2C)CC1,"(1S,2R)-1-fluoro-2-methyl-1-((((1R,4R)-4-(N-((1S)-1-ureido-4-thiapentylcarbonyl)-N-methylamino)cyclohexyl)amino)carbonyl)cyclopropane",,CSCCC(NC(N)=O)C(=O)N(C)[C@H]1CC[C@@H](NC(=O)[C@]2(F)C[C@H]2C)CC1,
2289,CCCCn1ccc(C(=O)N(CCNC(=O)[C@H]2C[C@@]3(CC3(F)F)C2)C[C@@H](C)O)n1,"(3R)-2,2-difluoro-5-(((2-(N-((2R)-2-hydroxy-propyl)-N-(1-butylpyrazol-3-ylcarbonyl)amino)ethyl)amino)carbonyl)-spiro[2.3]hexane",,CCCCn1ccc(C(=O)N(CCNC(=O)C2CC3(C2)CC3(F)F)C[C@@H](C)O)n1,
2325,C#C[C@]1(O)C[C@@H](C(=O)N[C@H](C(=O)N[C@H](C)C(F)F)c2ccoc2)C1,"(1S,4R)-4-difluoromethyl-2-oxo-1-(((3R)-3-acetenyl-3-hydroxycyclobutylcarbonyl)amino)-1-(3-furyl)-3-azapentane",,C#CC1(O)CC(C(=O)NC(C(=O)N[C@H](C)C(F)F)c2ccoc2)C1,
2348,O=C(N[C@]1(c2c(F)cccc2F)C[C@H](O)C1)[C@H]1Cc2ccccc2S1(=O)=O,"(8R)-7,7-dioxo-8-((((3S)-3-hydroxy-1-(2,6-difluorophenyl)cyclobutyl)amino)carbonyl)-7-thiabicyclo[4.3.0]nona-1(2),3(4),5(6)-triene",,O=C(N[C@]1(c2c(F)cccc2F)C[C@H](O)C1)C1Cc2ccccc2S1(=O)=O,
2362,Cc1ccn(-c2ccc(CN[C@H]3C[C@H](C)S(=O)(=O)[C@H](C)C3)c(Br)c2)n1,"3-methyl-1-(3-bromo-4-((((2R,6S)-2,6-dimethyl-1,1-dioxothian-4-yl)amino)methyl)phenyl)pyrazole",CC1=NN(C=C1)C1=CC(=C(C=C1)CNC1C[C@H](S([C@H](C1)C)(=O)=O)C)Br,Cc1ccn(-c2ccc(CN[C@@H]3C[C@@H](C)S(=O)(=O)[C@@H](C)C3)c(Br)c2)n1,Cc1ccn(-c2ccc(CNC3C[C@@H](C)S(=O)(=O)[C@@H](C)C3)c(Br)c2)n1
2364,Cc1cc(CC(=O)N2[C@H]3CC[C@@H]2C[C@@H](CNC(=O)Cc2cn[nH]c2)C3)sn1,"(1S,5R)-3-((((1H-pyrazol-4-yl)methylcarbonyl)amino)methyl)-8-((3-methylisothiazol-5-yl)methylcarbonyl)-8-azabicyclo[3.2.1]octane",N1N=CC(=C1)CC(=O)NCC1C[C@@H]2CC[C@H](C1)N2C(=O)CC2=CC(=NS2)C,Cc1cc(CC(=O)N2[C@@H]3CC[C@H]2C[C@H](CNC(=O)Cc2cn[nH]c2)C3)sn1,Cc1cc(CC(=O)N2[C@@H]3CC[C@H]2CC(CNC(=O)Cc2cn[nH]c2)C3)sn1
2389,CC[C@H]1C[C@@H]1C(=O)NOCC(=O)NCCCSC(F)F,(trans)-1-ethyl-2-((((1-(((3-difluoromethylsulfanylpropyl)amino)carbonyl)-methyl)oxy)amino)carbonyl)cyclopropane,C(C)[C@H]1[C@@H](C1)C(=O)NOCC(=O)NCCCSC(F)F,CC[C@H]1CC1C(=O)NOCC(=O)NCCCSC(F)F,CC[C@@H]1CC1C(=O)NOCC(=O)NCCCSC(F)F
2401,Cc1conc1CC(=O)N(C)[C@H]1[C@@H]2CN(C(=O)[C@@H]3SCCc4ccccc43)C[C@@H]21,"(1S,5R,6S)-3-((2R)-3-thiabicyclo[4.4.0]deca-1(10),6(7),8(9)-trien-2-ylcarbonyl)-6-(N-((4-methylisoxazol-3-yl)methylcarbonyl)-N-methylamino)-3-azabicyclo[3.1.0]hexane",,Cc1conc1CC(=O)N(C)[C@H]1[C@@H]2CN(C(=O)C3SCCc4ccccc43)C[C@@H]21,
2521,COc1cc(CCC(=O)N2C[C@H]3[C@H](CNC(=O)c4scnc4Cl)[C@H]3C2)ccc1O,"(1S,5R)-3-(2-(4-hydroxy-3-methoxyphenyl)ethylcarbonyl)-6-(((4-chlorothiazol-5-ylcarbonyl)amino)methyl)-3-azabicyclo[3.1.0]hexane",OC1=C(C=C(C=C1)CCC(=O)N1C[C@H]2C([C@H]2C1)CNC(=O)C1=C(N=CS1)Cl)OC,COc1cc(CCC(=O)N2C[C@@H]3[C@@H](CNC(=O)c4scnc4Cl)[C@@H]3C2)ccc1O,COc1cc(CCC(=O)N2C[C@@H]3C(CNC(=O)c4scnc4Cl)[C@@H]3C2)ccc1O
2530,CC1(NC(=O)[C@@H]2CC(=O)Nc3cc(F)ccc32)CN(C(=O)Cc2cncs2)C1,"(4R)-7-fluoro-4-(((3-methyl-1-((thiazol-5-yl)methylcarbonyl)azetidin-3-yl)amino)carbonyl)-1,2,3,4-tetrahydroquinolin-2(1H)-one",,CC1(NC(=O)C2CC(=O)Nc3cc(F)ccc32)CN(C(=O)Cc2cncs2)C1,
2696,CCC[C@]1(NC(=O)CC[C@H](CC)NC(=O)C[C@@H]2CSCCO2)CCOC1,"(S,R)-2-(4-ethyl-2,7-dioxo-8-((3S)-3-propyloxolan-3-yl)-3,8-diazaoctyl)-1,4-oxathian",C(C)[C@@H](NC(C[C@@H]1OCCSC1)=O)CCC(N[C@@]1(COCC1)CCC)=O,CCC[C@]1(NC(=O)CC[C@H](CC)NC(=O)C[C@@H]2CSCCO2)CCOC1,CCC[C@]1(NC(=O)CC[C@@H](CC)NC(=O)C[C@H]2CSCCO2)CCOC1
2701,COC(=O)[C@@H]1[C@H]2CN(C(=O)[C@]3(NC(=O)[C@@H]4CC[C@H]4C#N)CCC[C@H]3C)C[C@H]21,"(1S,5R,6S)-6-methoxycarbonyl-3-((1S,2R)-2-methyl-1-(((1R,2R)-2-cyanocyclobutylcarbonyl)amino)cyclopentylcarbonyl)-3-azabicyclo[3.1.0]hexane",,COC(=O)C1[C@H]2CN(C(=O)[C@]3(NC(=O)C4CC[C@H]4C#N)CCC[C@H]3C)C[C@@H]12,
2776,C[C@H]1C[C@H](C(=O)N[C@]2(C)C[C@@H](NC(=O)c3cnc(O)c4ccccc34)C2)C(=O)O1,"(3R,5S)-5-methyl-3-((((3R)-1-methyl-3-((1-hydroxyisochinolin-4-ylcarbonyl)amino)cyclobutyl)amino)carbonyl)-oxolan-2-on",,C[C@H]1CC(C(=O)N[C@]2(C)C[C@@H](NC(=O)c3c[nH]c(=O)c4ccccc34)C2)C(=O)O1,
2839,COCCC(=O)N1C[C@H]2[C@H](N(C)C(=O)c3ccc(COC)o3)[C@H]2C1,"(1S,5R)-3-(3-oxabutylcarbonyl)-6-(N-(2-methoxymethyl-5-furylcarbonyl)-N-methylamino)-3-azabicyclo[3.1.0]hexane",C(COC)C(=O)N1C[C@H]2C([C@H]2C1)N(C)C(=O)C1=CC=C(O1)COC,COCCC(=O)N1C[C@@H]2[C@H](C1)[C@H]2N(C)C(=O)c1ccc(COC)o1,COCCC(=O)N1C[C@@H]2C(N(C)C(=O)c3ccc(COC)o3)[C@@H]2C1
2857,CC[C@](C)(OC)C(=O)N1C[C@@H]2C[C@H](NC(=O)c3ccc([N+](=O)[O-])nc3)C[C@@H](C2)C1,"2-nitro-5-((((1R,5S,7R)-3-((2S)-2-methoxy-butan-2-ylcarbonyl)-3-azabicyclo[3.3.1]nonan-7-yl)amino)carbonyl)pyridin",,CC[C@](C)(OC)C(=O)N1C[C@@H]2C[C@@H](C[C@H](NC(=O)c3ccc([N+](=O)[O-])nc3)C2)C1,
2873,CC(=O)NC1(C(=O)NC[C@]2(O)C[C@@H]3CC[C@H](C2)N3C(=O)[C@@H](C#N)C2CC2)CCC1,"(1S,3S,5R)-3-hydroxy-3-(((1-acetamidocyclobutylcarbonyl)amino)methyl)-8-((1R)-1-cyano-1-cyclopropyl-methylcarbonyl)-8-azabicyclo[3.2.1]octane",,CC(=O)NC1(C(=O)NC[C@@]2(O)C[C@H]3CC[C@@H](C2)N3C(=O)C(C#N)C2CC2)CCC1,
2973,C[C@]1(F)C[C@H](C(=O)N2CCC3(CC2)C[C@H](NC(=O)Cc2cccnc2)CCO3)C1,(10R)-10-(((3-pyridyl)methylcarbonyl)amino)-3-((3R)-3-fluoro-3-methylcyclobutylcarbonyl)-3-aza-7-oxaspiro[5.5]undecane,,CC1(F)CC(C(=O)N2CCC3(CC2)C[C@H](NC(=O)Cc2cccnc2)CCO3)C1,
2977,C#CC[C@]1(O)C[C@@H](C(=O)N[C@H](C)CN(C)C(=O)C2(c3ccc(Cl)cc3F)CC2)C1,(4R)-2-(1-(4-chloro-2-fluorophenyl)cyclopropylcarbonyl)-4-(((3S)-3-hydroxy-3-propargylcyclobutylcarbonyl)amino)-2-azapentane,,C#CCC1(O)CC(C(=O)N[C@H](C)CN(C)C(=O)C2(c3ccc(Cl)cc3F)CC2)C1,
2980,O=C(N1CCCC[C@]12C[C@H](NC(=O)[C@]1(O)CCOC1)C2)C1(O)CCOCC1,(4R)-2-(((3S)-3-hydroxyoxolan-3-ylcarbonyl)amino)-5-(4-hydroxyoxan-4-ylcarbonyl)-5-azaspiro[3.5]nonane,,O=C(N1CCCC[C@]12C[C@H](NC(=O)[C@]1(O)CCOC1)C2)C1(O)CCOCC1,
3014,CCc1cc(C(=O)N2[C@H]3CC[C@@H]2C[C@H](NC(=O)[C@@H](O)CCSC)C3)ccc1C,"(1S,5R)-3-(((1S)-1-hydroxy-4-thiapentylcarbonyl)amino)-8-(3-ethyl-4-methylbenzoyl)-8-azabicyclo[3.2.1]octane",O[C@@H](CCSC)C(=O)NC1C[C@@H]2CC[C@H](C1)N2C(C2=CC(=C(C=C2)C)CC)=O,CCc1cc(C(=O)N2[C@@H]3CC[C@H]2C[C@@H](NC(=O)C(O)CCSC)C3)ccc1C,CCc1cc(C(=O)N2[C@@H]3CC[C@H]2CC(NC(=O)C(O)CCSC)C3)ccc1C
3096,Nc1c(F)cc(F)cc1C(=O)N1CCN(C(=O)c2cncc(Cl)c2)C[C@H](O)C1,"2-amino-1,5-difluoro-3-((3R)-3-hydroxy-5-(3-chloro-5-pyridylcarbonyl)-1,5-diazacycloheptan-1-ylcarbonyl)benzene",NC1=C(C=C(C=C1C(=O)N1C[C@@H](CN(CC1)C(=O)C=1C=C(C=NC1)Cl)O)F)F,Nc1c(F)cc(F)cc1C(=O)N1CCN(C(=O)c2cncc(Cl)c2)C[C@H](O)C1,Nc1c(F)cc(F)cc1C(=O)N1CCN(C(=O)c2cncc(Cl)c2)C[C@@H](O)C1
3149,CCOCCCn1c(C(N)=O)nnc1N1C[C@@H]2CCC[C@H](C1)NC2=O,"(1S,5R)-10-oxo-3-(3-carbamyl-4-(3-ethoxypropyl)-1,2,4-triazol-5-yl)-3,9-diazabicyclo[3.3.2]decane",O=C1N[C@@H]2CN(C[C@H]1CCC2)C=2N(C(=NN2)C(N)=O)CCCOCC,CCOCCCn1c(C(N)=O)nnc1N1CC2CCC[C@H](C1)NC2=O,CCOCCCn1c(C(N)=O)nnc1N1CC2CCC[C@@H](C1)NC2=O
3152,CCC1=C(C(=O)N[C@]2(C)C[C@H](C(=O)N(C)C[C@H](C)N(C)C(C)=O)C2)CCCO1,"(1R)-1-methyl-1-((2-ethyl-1-oxacyclohex-2-ene-3-ylcarbonyl)amino)-3-(N-((2S)-2,3-dimethyl-4-oxo-3-azapentyl)-N-methylcarbamoyl)cyclobutane",,CCC1=C(C(=O)NC2(C)CC(C(=O)N(C)C[C@H](C)N(C)C(C)=O)C2)CCCO1,
3160,CCC[C@@H](NC(=O)c1cnc(N(C)C)c(Cl)c1)c1cn(C[C@@H]2[C@H]3CCC[C@H]32)nn1,"(1S,5R)-6-((4-((1R)-1-((3-chloro-2-(dimethylamino)-5-pyridylcarbonyl)amino)-butyl)-1,2,3-triazol-1-yl)methyl)-bicyclo[3.1.0]hexane",ClC=1C(=NC=C(C1)C(=O)N[C@H](CCC)C=1N=NN(C1)CC1[C@@H]2CCC[C@H]12)N(C)C,CCC[C@@H](NC(=O)c1cnc(N(C)C)c(Cl)c1)c1cn(C[C@H]2[C@@H]3CCC[C@@H]32)nn1,CCC[C@@H](NC(=O)c1cnc(N(C)C)c(Cl)c1)c1cn(CC2[C@H]3CCC[C@@H]23)nn1
3167,CCOCCn1nnnc1[C@H](NC[C@@H]1CCCS1(=O)=O)c1cnc(O)cc1C,"(R,S)-2-((((1-(2-ethoxyethyl)tetrazol-5-yl)(2-hydroxy-4-methyl-5-pyridyl)methyl)amino)methyl)-1lambda6-thiolane 1,1-dioxide",C(C)OCCN1N=NN=C1[C@H](C=1C(=CC(=NC1)O)C)NC[C@@H]1S(CCC1)(=O)=O,CCOCCn1nnnc1[C@H](NC[C@@H]1CCCS1(=O)=O)c1c[nH]c(=O)cc1C,CCOCCn1nnnc1[C@@H](NC[C@H]1CCCS1(=O)=O)c1c[nH]c(=O)cc1C
3265,O=C(CSc1ccc2c(c1)CCC2)NC[C@H]1C[C@@H]2CC[C@H](C1)N2C(=O)C(F)F,"2-oxo-1-(indan-6-ylsulfanyl)-4-((1R,5S)-8-(difluoroacetyl)-8-azabicyclo[3.2.1]octan-3-yl)-3-azabutane",O=C(CSC1=CC=C2CCCC2=C1)NCC1C[C@H]2CC[C@@H](C1)N2C(C(F)F)=O,O=C(CSc1ccc2c(c1)CCC2)NC[C@@H]1C[C@H]2CC[C@@H](C1)N2C(=O)C(F)F,O=C(CSc1ccc2c(c1)CCC2)NCC1C[C@H]2CC[C@@H](C1)N2C(=O)C(F)F
3402,C=CCO[C@@H](C)C(=O)N[C@]1(C(=O)N2O[C@H]3CC[C@H]2C3)C[C@H](O)C1,"(1S,4S)-2-((3R)-3-hydroxy-1-(((1S)-1-methyl-2-oxa4-penten-1-ylcarbonyl)amino)cyclobutylcarbonyl)-2-aza-3-oxabicyclo[2.2.1]heptane",,C=CCOC(C)C(=O)N[C@]1(C(=O)N2O[C@H]3CC[C@H]2C3)C[C@H](O)C1,
3479,Cc1nnsc1CN1C[C@H]2[C@H](CNC(=O)CCOC3CCOCC3)[C@H]2C1,"(1S,5R)-3-((4-methyl-1,2,3-thiadiazol-5-yl)methyl)-6-(((2-((oxan-4-yl)oxy)ethylcarbonyl)amino)methyl)-3-azabicyclo[3.1.0]hexane",CC=1N=NSC1CN1C[C@H]2C([C@H]2C1)CNC(=O)CCOC1CCOCC1,Cc1nnsc1CN1C[C@@H]2[C@@H](CNC(=O)CCOC3CCOCC3)[C@@H]2C1,Cc1nnsc1CN1C[C@@H]2C(CNC(=O)CCOC3CCOCC3)[C@@H]2C1
3568,CN(C)[C@H](CO)C(=O)N[C@H]1C[C@H]2COC[C@@H](C1)N2C(=O)C[C@H]1CC(C)(C)C(=O)N1,"(1S,5R,7S)-7-(((1R)-1-hydroxymethyl-2-methyl-2-azapropylcarbonyl)amino)-9-(((5R)-3,3-dimethyl-2-oxopyrrolidin-5-yl)methylcarbonyl)-9-aza-3-oxabicyclo[3.3.1]nonane",,CN(C)C(CO)C(=O)N[C@H]1C[C@H]2COC[C@@H](C1)N2C(=O)C[C@H]1CC(C)(C)C(=O)N1,
3613,CCC(C)(C)C1CCC(CC(=O)N[C@H]2C[C@@](F)(CNC(=O)[C@@H](C)C(C)C)C2)CC1,1-(2-methyl-butan-2-yl)-4-(2-oxo-3-((1S)-3-fluoro-3-((((2S)-3-methyl-butan-2-ylcarbonyl)amino)methyl)cyclobutyl)-3-azapropyl)cyclohexan,,CCC(C)(C)C1CCC(CC(=O)N[C@H]2C[C@@](F)(CNC(=O)C(C)C(C)C)C2)CC1,
3635,Cc1sccc1C(=O)NC[C@]1(F)C[C@H](CNC(=O)C2=CCCC[C@H]2C)C1,2-methyl-3-(((((1R)-1-fluoro-3-((((2R)-2-methylcyclohex-6-en-1-ylcarbonyl)amino)methyl)cyclobutyl)methyl)amino)carbonyl)thiofuran,,Cc1sccc1C(=O)NC[C@]1(F)C[C@H](CNC(=O)C2=CCCC[C@H]2C)C1,
3696,CC(C)C[C@@](C)(CNCc1ccc2conc2c1)C(=O)O,"(4S)-4-carboxy-4,6-dimethyl-1-(anthranil-6-yl)-2-azaheptane",,CC(C)C[C@@](C)(CNCc1ccc2conc2c1)C(=O)O,
3744,CC(C)n1cnc2c(N[C@@H]3C[C@H]4[C@@H](C3)C4(C)C)ncnc21,"9-isopropyl-5-(((1S,5R)-6,6-dimethylbicyclo[3.1.0]hexane-3-yl)amino)-2,4,7,9-tetraazabicyclo[4.3.0]nona-1(2),3(4),5(6),7(8)-tetraene",C(C)(C)N1C=NC2=C(N=CN=C12)NC1C[C@@H]2C([C@@H]2C1)(C)C,CC(C)n1cnc2c(N[C@H]3C[C@@H]4[C@H](C3)C4(C)C)ncnc21,CC(C)n1cnc2c(NC3C[C@@H]4[C@H](C3)C4(C)C)ncnc21
3745,CO[C@@H](C)C(=O)N[C@H]1[C@@H]2CN(C(=O)[C@H]3CCC4(CCC4)C3)C[C@@H]21,"(2S)-2-((((1S,5R,6R)-3-((7S)-spiro[3.4]octane-7-ylcarbonyl)-3-azabicyclo[3.1.0]hexane-6-yl)amino)carbonyl)-3-oxabutane",,COC(C)C(=O)N[C@H]1[C@@H]2CN(C(=O)C3CCC4(CCC4)C3)C[C@@H]21,
3763,CCN(CC)CCC(=O)N[C@H]1C[C@@](C)(NC(=O)C2CCC3(CC2)CC(OC)C3)C1,2-methoxy-7-(((1-methyl-3-((2-diethylaminoethylcarbonyl)amino)cyclobutyl)amino)carbonyl)-spiro[3.5]nonane,COC1CC2(C1)CCC(CC2)C(=O)NC2(CC(C2)NC(=O)CCN(CC)CC)C,CCN(CC)CCC(=O)N[C@H]1C[C@@](C)(NC(=O)C2CCC3(CC2)CC(OC)C3)C1,CCN(CC)CCC(=O)NC1CC(C)(NC(=O)C2CCC3(CC2)CC(OC)C3)C1
3779,CC[C@H](C)[C@H](C(=O)N[C@H](Cc1cn[nH]c1)C(=O)NC[C@H](C)c1ccsc1)N(C)C,"(S,R,R)-4-(6-methyl-4-oxo-2-((((2R)-2-(3-thienyl)-propyl)amino)carbonyl)-5-(dimethylamino)-3-azaoctyl)-1H-pyrazole",C[C@@H]([C@H](C(N[C@@H](CC=1C=NNC1)C(=O)NC[C@H](C)C1=CSC=C1)=O)N(C)C)CC,CC[C@H](C)C(C(=O)NC(Cc1cn[nH]c1)C(=O)NC[C@H](C)c1ccsc1)N(C)C,CC[C@@H](C)C(C(=O)NC(Cc1cn[nH]c1)C(=O)NC[C@H](C)c1ccsc1)N(C)C
3791,CCc1nc(C(=O)N2[C@H]3CC[C@@H]2C[C@H](NC(=O)C[C@@H]2CC[C@H](C)C2)C3)n[nH]1,"(1S,5R)-3-((((1R,3S)-3-methylcyclopentyl)methylcarbonyl)amino)-8-(3-ethyl-2H-1,2,4-triazol-5-ylcarbonyl)-8-azabicyclo[3.2.1]octane",C[C@@H]1C[C@@H](CC1)CC(=O)NC1C[C@@H]2CC[C@H](C1)N2C(=O)C=2N=C(NN2)CC,CCc1n[nH]c(C(=O)N2[C@@H]3CC[C@H]2C[C@@H](NC(=O)C[C@@H]2CC[C@H](C)C2)C3)n1,CCc1n[nH]c(C(=O)N2[C@@H]3CC[C@H]2CC(NC(=O)C[C@@H]2CC[C@H](C)C2)C3)n1
3827,CCOCCOCCC(=O)N1C[C@H]2[C@H](NC(=O)c3cc4cc(Cl)ccc4o3)[C@H]2C1,"(1S,5R)-3-(2-(2-ethoxyethoxy)ethylcarbonyl)-6-((3-chloro-7-oxabicyclo[4.3.0]nona-1(6),2(3),4(5),8(9)-tetraen-8-ylcarbonyl)amino)-3-azabicyclo[3.1.0]hexane",C(C)OCCOCCC(=O)N1C[C@H]2C([C@H]2C1)NC(=O)C=1OC=2C=CC(=CC2C1)Cl,CCOCCOCCC(=O)N1C[C@@H]2[C@H](C1)[C@H]2NC(=O)c1cc2cc(Cl)ccc2o1,CCOCCOCCC(=O)N1C[C@@H]2C(NC(=O)c3cc4cc(Cl)ccc4o3)[C@@H]2C1
3949,CCCN(C(=O)[C@@H]1CN(C(=O)[C@@H](C)NC(N)=O)C[C@H](C)O1)C1CC1,"2-methyl-4-((1R)-1-methyl-3-oxo-2,4-diazabutylcarbonyl)-N-cyclopropyl-N-propylmorpholin-6-carboxamide",CC1CN(CC(O1)C(=O)N(CCC)C1CC1)C(=O)[C@H](NC(N)=O)C,CCCN(C(=O)C1CN(C(=O)C(C)NC(N)=O)C[C@H](C)O1)C1CC1,CCCN(C(=O)C1CN(C(=O)C(C)NC(N)=O)CC(C)O1)C1CC1
3960,Cc1ccc(S(=O)(=O)CCCN2C[C@H]3[C@H](NC(=O)c4cc(Cl)sc4Cl)[C@H]3C2)cc1,"(1S,5R)-3-(1-(1-(1-tosyl-methyl)-methyl)-methyl)-6-((2,5-dichloro-3-thienylcarbonyl)amino)-3-azabicyclo[3.1.0]hexane",S(=O)(=O)(C1=CC=C(C)C=C1)CCCN1C[C@H]2C([C@H]2C1)NC(=O)C1=C(SC(=C1)Cl)Cl,Cc1ccc(S(=O)(=O)CCCN2C[C@@H]3[C@H](C2)[C@H]3NC(=O)c2cc(Cl)sc2Cl)cc1,Cc1ccc(S(=O)(=O)CCCN2C[C@@H]3C(NC(=O)c4cc(Cl)sc4Cl)[C@@H]3C2)cc1
3996,C=CCOc1ccc(Cl)c(C(=O)N[C@H]2C[C@@](F)(CNC(=O)C(F)F)C2)n1,1-fluoro-1-((difluoroacetamido)methyl)-3-((5-chloro-2-((2-propen-1-yl)oxy)-6-pyridylcarbonyl)amino)cyclobutane,FC1(CC(C1)NC(=O)C1=C(C=CC(=N1)OCC=C)Cl)CNC(C(F)F)=O,C=CCOc1ccc(Cl)c(C(=O)N[C@H]2C[C@@](F)(CNC(=O)C(F)F)C2)n1,C=CCOc1ccc(Cl)c(C(=O)NC2CC(F)(CNC(=O)C(F)F)C2)n1
4024,Cn1cc(C(=O)N2CC(=O)Nc3cc(C(F)(F)F)ccc32)c(CCC(F)(F)F)n1,"7-trifluoromethyl-4-(1-methyl-3-(1-(2,2,2-trifluoroethyl)-methyl)pyrazol-4-ylcarbonyl)-1,2,3,4-tetrahydroquinoxaline-2(1H)-one",,Cn1cc(C(=O)N2CC(=O)Nc3cc(C(F)(F)F)ccc32)c(CCC(F)(F)F)n1,
4082,C/C=C/C[C@@H](C)C(=O)N1CCC(C(=O)N2CCN(C(=O)c3ccco3)CC2)CC1,"1-(1-((2R)-(2R,4E)-hex-4-en-2-ylcarbonyl)piperidin-4-ylcarbonyl)-4-(2-furylcarbonyl)piperazin",,C/C=C/CC(C)C(=O)N1CCC(C(=O)N2CCN(C(=O)c3ccco3)CC2)CC1,
4114,O=C(Cn1ncc2ccccc2c1=O)N[C@H]1[C@@H]2CN(C(=O)C3(CO)CC3)C[C@@H]21,"(1S,5R)-3-(1-hydroxymethylcyclopropylcarbonyl)-6-(((2-oxo-3,4-diazabicyclo[4.4.0]deca-1(10),4(5),6(7),8(9)-tetraen-3-yl)methylcarbonyl)amino)-3-azabicyclo[3.1.0]hexane",OCC1(CC1)C(=O)N1C[C@H]2C([C@H]2C1)NC(=O)CN1C(C2=CC=CC=C2C=N1)=O,O=C(Cn1ncc2ccccc2c1=O)N[C@H]1[C@@H]2CN(C(=O)C3(CO)CC3)C[C@@H]21,O=C(Cn1ncc2ccccc2c1=O)NC1[C@H]2CN(C(=O)C3(CO)CC3)C[C@@H]12
4116,C[C@H]1C[C@H](N(C)CCCOC(F)(F)F)C[C@@H](C)O1,"methyl((2R,6S)-2,6-dimethyloxan-4-yl)(3-trifluoromethoxypropyl)amine",CN(CCCOC(F)(F)F)C1C[C@H](O[C@H](C1)C)C,C[C@@H]1C[C@@H](N(C)CCCOC(F)(F)F)C[C@H](C)O1,C[C@@H]1CC(N(C)CCCOC(F)(F)F)C[C@H](C)O1
4213,CO[C@H]1C[C@@H]2CC[C@H](C1)N2C(=O)[C@]1(NC(=O)CCn2cncn2)CCN(C)C1,"(1S,3R,5R)-3-methoxy-8-((3S)-1-methyl-3-((2-(1,2,4-triazol-1-yl)ethylcarbonyl)amino)pyrrolidin-3-ylcarbonyl)-8-azabicyclo[3.2.1]octane",,CO[C@@H]1C[C@H]2CC[C@@H](C1)N2C(=O)[C@]1(NC(=O)CCn2cncn2)CCN(C)C1,
4263,CC1=NOC(=O)[C@@H]1CC(=O)NC[C@]1(F)C[C@H](CNC(=O)C(C)=C2CCCC2)C1,1-((((((1R)-3-fluoro-3-(((((3R)-2-methyl-4-oxo-1-aza-5-oxacyclopent-1-ene-3-yl)methylcarbonyl)amino)methyl)cyclobutyl)methyl)amino)carbonyl)methylmethylidene)cyclopentan,,CC(C(=O)NC[C@H]1C[C@@](F)(CNC(=O)Cc2c(C)[nH]oc2=O)C1)=C1CCCC1,
4293,CO[C@H]1C[C@@](CO)(N[C@@H]2CCCC[C@H](c3ccccc3)C2)C1,"(1S,3R)-1-phenyl-3-(((3S)-1-hydroxymethyl-3-methoxycyclobutyl)amino)cycloheptane",,CO[C@H]1C[C@@](CO)(N[C@@H]2CCCC[C@H](c3ccccc3)C2)C1,
4306,O=C(NC[C@]1(F)C[C@H](CNC(=O)c2csc3nccn23)C1)c1cc(Cl)c[nH]1,"3-((((3-fluoro-3-(((3-chloro-1H-pyrrol-5-ylcarbonyl)amino)methyl)cyclobutyl)methyl)amino)carbonyl)-imidazo[2,1-b]thiazol",FC1(CC(C1)CNC(=O)C=1N2C(SC1)=NC=C2)CNC(=O)C2=CC(=CN2)Cl,O=C(NC[C@]1(F)C[C@H](CNC(=O)c2csc3nccn23)C1)c1cc(Cl)c[nH]1,O=C(NCC1(F)CC(CNC(=O)c2csc3nccn23)C1)c1cc(Cl)c[nH]1
4371,C[C@H](c1ccc(F)cc1)N(C)C(=O)CN(C)[C@H]1C[C@@H]2CC[C@H](C1)N2,"(6R)-5-methyl-4-oxo-2-((1R,5S)-8-azabicyclo[3.2.1]octan-3-yl)-6-(4-fluorophenyl)-2,5-diazaheptane",CN(C(CN(C)C1C[C@H]2CC[C@@H](C1)N2)=O)[C@H](C)C2=CC=C(C=C2)F,C[C@H](c1ccc(F)cc1)N(C)C(=O)CN(C)[C@@H]1C[C@H]2CC[C@@H](C1)N2,C[C@H](c1ccc(F)cc1)N(C)C(=O)CN(C)C1C[C@H]2CC[C@@H](C1)N2
4423,C[C@H]1CN(C(=O)c2nnc(O)nc2O)C[C@]2(CCN(C(=O)c3ccccn3)C2)O1,"1-((5R,7S)-2-(2-pyridylcarbonyl)-9-(3,5-dihydroxy-1,2,4-triazin-6-ylcarbonyl)-2,9-diaza-6-oxaspiro[4.5]decan-7-yl)-methane",N1=C(C=CC=C1)C(=O)N1C[C@]2(CC1)O[C@H](CN(C2)C(=O)C2=C(N=C(N=N2)O)O)C,C[C@H]1CN(C(=O)c2n[nH]c(=O)[nH]c2=O)C[C@]2(CCN(C(=O)c3ccccn3)C2)O1,C[C@H]1CN(C(=O)c2n[nH]c(=O)[nH]c2=O)C[C@@]2(CCN(C(=O)c3ccccn3)C2)O1
4425,CN1C[C@@H](O)C[C@H]1C(=O)N[C@H]1C[C@H](CNC(=O)[C@]23CCC[C@H]2C3)C1,"(2S,4S)-4-hydroxy-1-methyl-2-((((1S,3S)-3-((((1S,5S)-bicyclo[3.1.0]hexane-5-ylcarbonyl)amino)methyl)cyclobutyl)amino)carbonyl)pyrrolidin",,CN1C[C@@H](O)CC1C(=O)N[C@H]1C[C@H](CNC(=O)[C@]23CCC[C@H]2C3)C1,
4502,CC1CCN(CCC(=O)N2C[C@H]3[C@H](CNC(=O)c4cc(Cl)ccc4Cl)[C@H]3C2)CC1,"1-((1S,5R)-6-(((2,5-dichlorobenzoyl)amino)methyl)-3-azabicyclo[3.1.0]hexane-3-ylcarbonyl)-2-(4-methylpiperidino)-ethane",ClC1=C(C(=O)NCC2[C@H]3CN(C[C@@H]23)C(=O)CCN2CCC(CC2)C)C=C(C=C1)Cl,CC1CCN(CCC(=O)N2C[C@@H]3[C@@H](CNC(=O)c4cc(Cl)ccc4Cl)[C@@H]3C2)CC1,CC1CCN(CCC(=O)N2C[C@@H]3C(CNC(=O)c4cc(Cl)ccc4Cl)[C@@H]3C2)CC1
4509,C[C@H](C(=O)N1C[C@@H]2CC[C@H]1[C@H](C(=O)N1CCC(F)(F)C1)C2)c1ccccn1,"(S)-1-((1S,4R,8R)-8-(3,3-difluoropyrrolidinocarbonyl)-2-azabicyclo[2.2.2]octane-2-ylcarbonyl)-1-(2-pyridyl)-ethane",FC1(CN(CC1)C(=O)[C@@H]1C[C@H]2N(C[C@@H]1CC2)C(=O)[C@@H](C)C2=NC=CC=C2)F,CC(C(=O)N1C[C@@H]2CC[C@H]1C(C(=O)N1CCC(F)(F)C1)C2)c1ccccn1,CC(C(=O)N1C[C@@H]2CC[C@H]1CC2C(=O)N1CCC(F)(F)C1)c1ccccn1
4546,C=CCCn1cc(C(=O)N[C@H]2C[C@@H](NC(=O)c3ccc(C(C)=O)o3)C2)nn1,"1-((1-homoallyl-1,2,3-triazol-4-ylcarbonyl)amino)-3-((2-(acetyl)-5-furylcarbonyl)amino)cyclobutane",C(CC=C)N1N=NC(=C1)C(=O)NC1CC(C1)NC(=O)C1=CC=C(O1)C(C)=O,C=CCCn1cc(C(=O)N[C@H]2C[C@@H](NC(=O)c3ccc(C(C)=O)o3)C2)nn1,C=CCCn1cc(C(=O)NC2CC(NC(=O)c3ccc(C(C)=O)o3)C2)nn1
4553,C[C@H](OC1CCCC1)C(=O)N[C@H]1C[C@](C)(NC(=O)[C@@H](C)n2ccnc2)C1,"(1S)-1-((((1R,3S)-3-methyl-3-(((1R)-1-(imidazol-1-yl)-ethylcarbonyl)amino)cyclobutyl)amino)carbonyl)-1-((cyclopentyl)oxy)-ethane",,CC(OC1CCCC1)C(=O)N[C@H]1C[C@](C)(NC(=O)C(C)n2ccnc2)C1,
4595,C[C@@H]1[C@H](CO)CCCN1C(=O)[C@]1(NC(=O)c2cc([N+](=O)[O-])c[nH]2)C[C@@H](O)C1,"(2R,3R)-3-hydroxymethyl-2-methyl-1-((3S)-3-hydroxy-1-((3-nitro-1H-pyrrol-5-ylcarbonyl)amino)cyclobutylcarbonyl)piperidin",,C[C@@H]1[C@H](CO)CCCN1C(=O)[C@]1(NC(=O)c2cc([N+](=O)[O-])c[nH]2)C[C@@H](O)C1,
4607,CCc1ncoc1[C@H](C(=O)NC[C@@H]1CCCO1)N1CCC[C@H]1C(=O)N(C)C,"(R,S)-2-(((((2S)-2-dimethylcarbamylpyrrolidino)(4-ethyloxazol-5-yl)methylcarbonyl)amino)methyl)oxolan",CN(C(=O)[C@H]1N(CCC1)[C@H](C(=O)NC[C@@H]1OCCC1)C1=C(N=CO1)CC)C,CCc1ncoc1C(C(=O)NC[C@@H]1CCCO1)N1CCCC1C(=O)N(C)C,CCc1ncoc1C(C(=O)NC[C@H]1CCCO1)N1CCCC1C(=O)N(C)C
4722,Cc1ccc(C(=O)NCC(C)(C)CN(C)C(=O)C=C2CC[C@@H](C)C2)c(F)c1,(1R)-1-methyl-3-(N-(2-methyl-2-(((2-fluoro-4-methylbenzoyl)amino)methyl)-propyl)-N-methylcarbamoylmethylidene)cyclopentane,,Cc1ccc(C(=O)NCC(C)(C)CN(C)C(=O)C=C2CC[C@@H](C)C2)c(F)c1,
4741,CCO[C@@H](C)C(=O)N1[C@H]2CC[C@@H]1C[C@H](NC(=O)c1nnn(C)n1)C2,"(1S,3S,5R)-3-((2-methyltetrazol-5-ylcarbonyl)amino)-8-((1S)-1-methyl-2-oxabutylcarbonyl)-8-azabicyclo[3.2.1]octane",,CCOC(C)C(=O)N1[C@@H]2CC[C@H]1C[C@@H](NC(=O)c1nnn(C)n1)C2,
4764,COC(C)CC(=O)N(C)[C@H]1[C@@H]2CN(C(=O)CC3C(C)(C)C3(C)C)C[C@@H]21,"5-methyl-3-oxo-2-((1S,5R)-3-((2,2,3,3-tetramethylcyclopropyl)methylcarbonyl)-3-azabicyclo[3.1.0]hexane-6-yl)-2-aza-6-oxaheptane",CC(CC(N(C)C1[C@H]2CN(C[C@@H]12)C(=O)CC1C(C1(C)C)(C)C)=O)OC,COC(C)CC(=O)N(C)[C@H]1[C@@H]2CN(C(=O)CC3C(C)(C)C3(C)C)C[C@@H]21,COC(C)CC(=O)N(C)C1[C@H]2CN(C(=O)CC3C(C)(C)C3(C)C)C[C@@H]12
4793,CCn1cnnc1C(=O)N1C[C@@H]2C[C@H](NC(=O)[C@H]3CC34CCOCC4)C[C@@H](C2)C1,"(1S)-1-((((1R,5S)-3-(4-ethyl-1,2,4-triazol-3-ylcarbonyl)-3-azabicyclo[3.3.1]nonan-7-yl)amino)carbonyl)-6-oxaspiro[2.5]octane",C(C)N1C(=NN=C1)C(=O)N1C[C@H]2CC(C[C@@H](C1)C2)NC(=O)[C@H]2CC21CCOCC1,CCn1cnnc1C(=O)N1C[C@@H]2C[C@@H](C[C@H](NC(=O)C3CC34CCOCC4)C2)C1,CCn1cnnc1C(=O)N1C[C@@H]2CC(NC(=O)C3CC34CCOCC4)C[C@@H](C2)C1
4805,CCc1ccc(C(=O)N[C@@H]2[C@@H](C)CN(C(=O)C[C@@H]3CNC(=O)O3)C[C@H]2C)s1,"2-ethyl-5-((((3R,4R,5S)-3,5-dimethyl-1-(((4R)-2-oxo-1-aza-3-oxacyclopentan-4-yl)methylcarbonyl)piperidin-4-yl)amino)carbonyl)thiofuran",,CCc1ccc(C(=O)N[C@H]2[C@H](C)CN(C(=O)C[C@@H]3CNC(=O)O3)C[C@@H]2C)s1,
4819,C[C@H]1OC2(CO)CC1(C(=O)NCCCN(C)C(=O)[C@H]1C[C@@](C)(O)C1)C2,(3R)-1-hydroxymethyl-3-methyl-4-(((3-(N-((3S)-3-hydroxy-3-methylcyclobutylcarbonyl)-N-methylamino)propyl)amino)carbonyl)-2-oxabicyclo[2.1.1]hexane,,C[C@H]1OC2(CO)CC1(C(=O)NCCCN(C)C(=O)C1CC(C)(O)C1)C2,
4838,CCOc1ncc(C(=O)N2C[C@H]3[C@H](NC(=O)c4cnc(N(C)C)o4)[C@H]3C2)cc1Cl,"(1S,5R)-3-(3-chloro-2-ethoxy-5-pyridylcarbonyl)-6-((2-(dimethylamino)oxazol-5-ylcarbonyl)amino)-3-azabicyclo[3.1.0]hexane",ClC=1C(=NC=C(C1)C(=O)N1C[C@H]2C([C@H]2C1)NC(=O)C1=CN=C(O1)N(C)C)OCC,CCOc1ncc(C(=O)N2C[C@@H]3[C@H](C2)[C@H]3NC(=O)c2cnc(N(C)C)o2)cc1Cl,CCOc1ncc(C(=O)N2C[C@@H]3C(NC(=O)c4cnc(N(C)C)o4)[C@@H]3C2)cc1Cl
4993,CC(=CC(=O)N1C[C@H]2CC[C@H]1[C@H](NC(=O)c1ccc(N(C)C)cc1)C2)C(C)(C)C,"2,3,3-trimethyl-1-((1S,4S,8R)-8-(N-(4-(dimethylamino)benzoyl)amino)-2-azabicyclo[2.2.2]octane-2-ylcarbonyl)buten",CC(=CC(=O)N1[C@H]2CC[C@@H](C1)[C@@H](C2)NC(C2=CC=C(C=C2)N(C)C)=O)C(C)(C)C,CC(=CC(=O)N1C[C@H]2CC[C@H]1[C@H](NC(=O)c1ccc(N(C)C)cc1)C2)C(C)(C)C,CC(=CC(=O)N1C[C@@H]2CC[C@H]1C[C@H]2NC(=O)c1ccc(N(C)C)cc1)C(C)(C)C
5100,COC(=O)C[C@@H](C)CC(=O)N[C@H]1C[C@]2(CCCCN2C(=O)[C@H]2CC23CC(O)C3)C1,"(1S,R)-5-hydroxy-1-((3S)-3-(((2S)-2-methyl-4-oxo-5-oxahexylcarbonyl)amino)spiro[cyclobutane-1,2'-piperidin]-1'-ylcarbonyl)-spiro[2.3]hexane",,COC(=O)C[C@@H](C)CC(=O)N[C@H]1C[C@]2(CCCCN2C(=O)C2CC23CC(O)C3)C1,
5174,C#C[C@]1(O)C[C@@H](C(=O)N2CC[C@H]3C[C@]3(C(=O)NCC3(C(C)(C)O)CC3)CC2)C1,"(1S,7R)-1-((((1-(1-hydroxy-1-methyl-ethyl)cyclopropyl)methyl)amino)carbonyl)-4-((3R)-3-acetenyl-3-hydroxycyclobutylcarbonyl)-4-azabicyclo[5.1.0]octane",,C#CC1(O)CC(C(=O)N2CC[C@H]3C[C@]3(C(=O)NCC3(C(C)(C)O)CC3)CC2)C1,
5188,CCc1cnc(O)c(C(=O)N[C@H]2C[C@@H]3CC[C@H]2C[C@@H]3NC(=O)[C@@H]2CCCOC2)c1,"(1S,3S,4S,8S)-3-((5-ethyl-2-hydroxy-3-pyridylcarbonyl)amino)-8-(((3R)-oxan-3-ylcarbonyl)amino)-bicyclo[2.2.2]octane",C(C)C=1C=C(C(=NC1)O)C(=O)N[C@H]1C[C@H]2CC[C@H]1[C@H](C2)NC(=O)[C@H]2COCCC2,CCc1c[nH]c(=O)c(C(=O)N[C@H]2C[C@@H]3CC[C@H]2C[C@@H]3NC(=O)C2CCCOC2)c1,CCc1c[nH]c(=O)c(C(=O)N[C@H]2C[C@H]3CC[C@H]2[C@@H](NC(=O)C2CCCOC2)C3)c1
5194,Cn1cc(Cl)c(CC(=O)N[C@H]2C[C@@H]2NC(=O)CCN2CCCS2(=O)=O)n1,"(trans)-1-(((4-chloro-1-methylpyrazol-3-yl)methylcarbonyl)amino)-2-((2-(2,2-dioxo-1-aza-2-thiacyclopentan-1-yl)ethylcarbonyl)amino)cyclopropane",ClC=1C(=NN(C1)C)CC(=O)N[C@H]1[C@@H](C1)NC(=O)CCN1S(CCC1)(=O)=O,Cn1cc(Cl)c(CC(=O)N[C@H]2C[C@@H]2NC(=O)CCN2CCCS2(=O)=O)n1,Cn1cc(Cl)c(CC(=O)N[C@@H]2C[C@H]2NC(=O)CCN2CCCS2(=O)=O)n1
5251,CC[C@](C)(OC)C(=O)N[C@H](C)[C@H]1CCN(C(=O)[C@]23CC[C@H](CC2)C3(C)C)C1,"(3S,6R)-3-ethyl-3-methyl-4-oxo-6-((3S)-1-((1S)-7,7-dimethylnorbornane-4-ylcarbonyl)pyrrolidin-3-yl)-5-aza-2-oxaheptane",,CC[C@](C)(OC)C(=O)N[C@H](C)[C@H]1CCN(C(=O)[C@]23CC[C@H](CC2)C3(C)C)C1,
5263,CN=c1[nH]c(=N[C@H]2C[C@@H]2c2ccc(F)cc2)[nH]c(=N[C@@H]2C[C@@H]3CC[C@H](C2)[C@@H]3O)[nH]1,"2-methylimino-4-(((1R,5S,8S)-8-hydroxy-bicyclo[3.2.1]octan-3-yl)imino)-6-(((1S,2R)-2-(4-fluorophenyl)cyclopropyl)imino)-s-triazine",,CNc1nc(N[C@H]2C[C@H]3CC[C@@H](C2)[C@H]3O)nc(N[C@H]2C[C@@H]2c2ccc(F)cc2)n1,
5272,COC(C)CCC(=O)N[C@H]1C[C@H]2CC[C@@H](C1)N2C(=O)C1(CC2=CC=CC=C2)CC1,"3-methyl-1-((((1R,5S)-8-(1-benzylcyclopropylcarbonyl)-8-azabicyclo[3.2.1]octan-3-yl)amino)carbonyl)-4-oxapentane",CC(CCC(=O)NC1C[C@H]2CC[C@@H](C1)N2C(=O)C2(CC2)CC2=CC=CC=C2)OC,COC(C)CCC(=O)N[C@H]1C[C@H]2CC[C@@H](C1)N2C(=O)C1(Cc2ccccc2)CC1,COC(C)CCC(=O)NC1C[C@H]2CC[C@@H](C1)N2C(=O)C1(Cc2ccccc2)CC1
5361,C[C@H](C(=O)N1C[C@H](NC(=O)C[C@@H]2CC2(Cl)Cl)Cc2ccccc21)[C@H]1CCC(=O)N1,"(S,R)-2-(1-((3R)-3-((((1R)-2,2-dichlorocyclopropyl)methylcarbonyl)amino)-1,2,3,4-tetrahydroquinolin-1-ylcarbonyl)-ethyl)pyrrolidin-5-on",ClC1([C@@H](C1)CC(=O)N[C@H]1CN(C2=CC=CC=C2C1)C(=O)[C@H](C)[C@H]1NC(CC1)=O)Cl,CC(C(=O)N1C[C@H](NC(=O)C[C@@H]2CC2(Cl)Cl)Cc2ccccc21)[C@H]1CCC(=O)N1,CC(C(=O)N1C[C@H](NC(=O)C[C@@H]2CC2(Cl)Cl)Cc2ccccc21)[C@@H]1CCC(=O)N1
5388,C[C@@H]1CCN(CC(=O)N(C)[C@H](C)CC(=O)N2CCC[C@](C)(C#N)C2)C1,"(R,S)-3-cyano-3-methyl-1-(2,3-dimethyl-4-oxo-5-((3R)-3-methylpyrrolidino)-3-azapentylcarbonyl)piperidin",C(#N)[C@]1(CN(CCC1)C(=O)C[C@@H](N(C(CN1C[C@@H](CC1)C)=O)C)C)C,C[C@@H]1CCN(CC(=O)N(C)[C@H](C)CC(=O)N2CCC[C@](C)(C#N)C2)C1,C[C@@H]1CCN(CC(=O)N(C)[C@@H](C)CC(=O)N2CCC[C@@](C)(C#N)C2)C1
5401,CC(C)OC(=O)[C@H](C)NC(=O)[C@@H](C1CC1)N(C)C(=O)C=C1CCOCC1,"4-(N-((4S,1R)-1-cyclopropyl-4,7-dimethyl-2,5-dioxo-3-aza-6-oxaoctyl)-N-methylcarbamoylmethylidene)oxan",,CC(C)OC(=O)C(C)NC(=O)C(C1CC1)N(C)C(=O)C=C1CCOCC1,
5439,CN1C[C@H]2[C@@H](C1)[C@@H]2C(=O)NC[C@@H](O)C(=O)N1CCO[C@H]2COC[C@H]2C1,"(1S,5R,R)-3-methyl-6-(((2-((1R,7R)-5-aza-2,9-dioxabicyclo[5.3.0]decan-5-ylcarbonyl)-3-oxapropyl)amino)carbonyl)-3-azabicyclo[3.1.0]hexane",,CN1C[C@@H]2C(C(=O)NCC(O)C(=O)N3CCO[C@H]4COC[C@H]4C3)[C@@H]2C1,
5480,CO[C@@H](C(=O)N[C@H]1C[C@]2(C1)[C@H](C(=O)O)C2(F)F)c1ccccc1Br,"(R)-2-bromo-1-(1-((((2R,3R,5R)-2-carboxy-1,1-difluorospiro[2.3]hexane-5-yl)amino)carbonyl)-2-oxapropyl)benzene",,COC(C(=O)N[C@H]1C[C@]2(C1)C(C(=O)O)C2(F)F)c1ccccc1Br,
5497,C=C(C)COCC(=O)N[C@H]1C[C@@](C)(NC(=O)c2cc(C)c(F)c(C)c2)C1,"4-methyl-1-(((3-methyl-3-((4-fluoro-3,5-dimethylbenzoyl)amino)cyclobutyl)amino)carbonyl)-2-oxa-4-penten",CC(COCC(=O)NC1CC(C1)(NC(C1=CC(=C(C(=C1)C)F)C)=O)C)=C,C=C(C)COCC(=O)N[C@H]1C[C@@](C)(NC(=O)c2cc(C)c(F)c(C)c2)C1,C=C(C)COCC(=O)NC1CC(C)(NC(=O)c2cc(C)c(F)c(C)c2)C1
5541,Cc1ccc([C@H](C)C(=O)N2C[C@H](CN=c3[nH]c(C)nc4[nH]ccc34)C[C@@H]2C)cc1,"2-methyl-4-((1-((2S,4S)-2-methyl-1-((1S)-1-(4-methylphenyl)-ethylcarbonyl)pyrrolidin-4-yl)-methyl)imino)-pyrimido[4,5-b]pyrrole",CC1=NC(C=2C(N=CC2)=N1)=NC[C@@H]1C[C@@H](N(C1)C(=O)[C@@H](C)C1=CC=C(C=C1)C)C,Cc1ccc(C(C)C(=O)N2C[C@H](CNc3nc(C)nc4[nH]ccc34)C[C@@H]2C)cc1,CC1=NC(=NC[C@@H]2C[C@H](C)N(C(=O)C(C)c3ccc(C)cc3)C2)C2=CC=NC2=N1
5551,C[C@@]1(C(=O)NCC[C@@H](O)CO)CCCN(C(=O)[C@H]2[C@H]3CCC(F)(F)[C@@H]23)C1,"(1R,5R,6S)-4,4-difluoro-6-((3R)-3-methyl-3-((((1R)-3,4-dihydroxybutyl)amino)carbonyl)piperidinocarbonyl)-bicyclo[3.1.0]hexane",,C[C@@]1(C(=O)NCC[C@@H](O)CO)CCCN(C(=O)C2[C@H]3CCC(F)(F)[C@@H]23)C1,
5587,COc1c(C(=O)NC[C@]2(F)C[C@@H](NC(=O)c3cn(C)nn3)C2)cccc1C(F)F,"1-methyl-4-(((3-fluoro-3-(((3-difluoromethyl-2-methoxybenzoyl)amino)methyl)cyclobutyl)amino)carbonyl)-1,2,3-triazol",CN1N=NC(=C1)C(=O)NC1CC(C1)(CNC(C1=C(C(=CC=C1)C(F)F)OC)=O)F,COc1c(C(=O)NC[C@]2(F)C[C@@H](NC(=O)c3cn(C)nn3)C2)cccc1C(F)F,COc1c(C(=O)NCC2(F)CC(NC(=O)c3cn(C)nn3)C2)cccc1C(F)F
5602,COC[C@H]1CN(C(=O)c2cncc(Cl)c2Cl)CCN1C(=O)C#CC1CC1,"1-(1-(1-((2R)-2-methoxymethyl-4-(3,4-dichloro-5-pyridylcarbonyl)piperazinocarbonyl)-methyl)-methyl)cyclopropan",COC[C@@H]1N(CCN(C1)C(=O)C=1C(=C(C=NC1)Cl)Cl)C(=O)CCC1CC1,COC[C@H]1CN(C(=O)c2cncc(Cl)c2Cl)CCN1C(=O)C#CC1CC1,COC[C@H]1CN(C(=O)c2cncc(Cl)c2Cl)CCN1C(=O)CCC1CC1
5650,CC(F)(F)CCC(=O)N[C@H]1C[C@H](CNC(=O)C2(C(C)(F)F)CCOCC2)C1,"1-(((4-((methyl)difluoromethyl)oxan-4-ylcarbonyl)amino)methyl)-3-((3,3-difluorobutylcarbonyl)amino)cyclobutane",CC(C1(CCOCC1)C(=O)NCC1CC(C1)NC(=O)CCC(C)(F)F)(F)F,CC(F)(F)CCC(=O)N[C@H]1C[C@H](CNC(=O)C2(C(C)(F)F)CCOCC2)C1,CC(F)(F)CCC(=O)NC1CC(CNC(=O)C2(C(C)(F)F)CCOCC2)C1
5652,Cc1cc(C)cc(N=c2scc(-c3c(C)coc3C)n2[C@H]2C[C@@H]3COC[C@@H]3C2)c1,"(1S,5R)-7-(2-((3,5-dimethylphenyl)imino)-5-(2,4-dimethyl-3-furyl)-1-aza-3-thiacyclopent-4-ene-1-yl)-3-oxabicyclo[3.3.0]octane",CC=1C=C(C=C(C1)C)N=C1N(C(=CS1)C1=C(OC=C1C)C)C1C[C@H]2COC[C@H]2C1,Cc1cc(C)cc(N=c2scc(-c3c(C)coc3C)n2[C@@H]2C[C@H]3COC[C@H]3C2)c1,Cc1cc(C)cc(N=c2scc(-c3c(C)coc3C)n2C2C[C@H]3COC[C@H]3C2)c1
5717,CC1(C)CC=C(C(=O)N2CCOC[C@@H]2CC(=O)N[C@H]2C[C@H](O)[C@H](O)C2)CC1,"(1S,2R)-1,2-dihydroxy-4-((((3S)-4-(4,4-dimethylcyclohex-1-en-1-ylcarbonyl)morpholin-3-yl)methylcarbonyl)amino)cyclopentane",O[C@@H]1[C@@H](CC(C1)NC(=O)C[C@@H]1N(CCOC1)C(=O)C1=CCC(CC1)(C)C)O,CC1(C)CC=C(C(=O)N2CCOC[C@@H]2CC(=O)N[C@@H]2C[C@@H](O)[C@@H](O)C2)CC1,CC1(C)CC=C(C(=O)N2CCOC[C@@H]2CC(=O)NC2C[C@@H](O)[C@@H](O)C2)CC1
5755,C[C@@H]1C[C@@H]1CC(=O)N1CCO[C@]2(CC[C@H](NC(=O)c3cnco3)CC2)C1,"(9R)-4-(((1R,2R)-2-methylcyclopropyl)methylcarbonyl)-9-((oxazol-5-carbonyl)amino)-4-aza-1-oxaspiro[5.5]undecane",,C[C@@H]1C[C@@H]1CC(=O)N1CCO[C@]2(CC[C@H](NC(=O)c3cnco3)CC2)C1,
5797,CC[C@@H](C)[C@@H](OC)C(=O)NC[C@H]1CC[C@H](CNC(=O)[C@@]23CC[C@@H](CC2=O)C3)CC1,"(1R,4R)-6-oxo-1-(((((1R,4R)-4-((((2R,1R)-1-methoxy-2-methyl-butylcarbonyl)amino)methyl)cyclohexyl)methyl)amino)carbonyl)norbornane",,CC[C@@H](C)C(OC)C(=O)NC[C@H]1CC[C@H](CNC(=O)[C@@]23CC[C@@H](CC2=O)C3)CC1,
5799,COc1c(C)cc(C(=O)N[C@H]2C[C@@H]3CN(C(=O)C4CC(C)(C)C4)C[C@@H]3C2)cc1Cl,"1-(2-chloro-6-methyl-4-((((1R,5S)-3-(3,3-dimethylcyclobutylcarbonyl)-3-azabicyclo[3.3.0]octan-7-yl)amino)carbonyl)phenoxy)-methane",ClC1=C(OC)C(=CC(=C1)C(=O)NC1C[C@@H]2CN(C[C@@H]2C1)C(=O)C1CC(C1)(C)C)C,COc1c(C)cc(C(=O)N[C@H]2C[C@@H]3CN(C(=O)C4CC(C)(C)C4)C[C@@H]3C2)cc1Cl,COc1c(C)cc(C(=O)NC2C[C@@H]3CN(C(=O)C4CC(C)(C)C4)C[C@@H]3C2)cc1Cl
5804,COc1cc(C(=O)NC[C@H]2C[C@@](F)(CNC(=O)c3cnc(CC4CC4)s3)C2)[nH]n1,3-methoxy-5-((((3-fluoro-3-(((2-cyclopropylmethylthiazol-5-ylcarbonyl)amino)methyl)cyclobutyl)methyl)amino)carbonyl)-1H-pyrazole,COC1=NNC(=C1)C(=O)NCC1CC(C1)(CNC(=O)C1=CN=C(S1)CC1CC1)F,COc1cc(C(=O)NC[C@H]2C[C@@](F)(CNC(=O)c3cnc(CC4CC4)s3)C2)[nH]n1,COc1cc(C(=O)NCC2CC(F)(CNC(=O)c3cnc(CC4CC4)s3)C2)[nH]n1
5813,CC(C)c1ncc(C(=O)N[C@]2(C)C[C@H](NC(=O)C[C@@H]3C[C@H](O)C3(C)C)C2)s1,"(2S,4S)-2-hydroxy-1,1-dimethyl-4-(2-oxo-3-((3R)-3-methyl-3-((2-isopropylthiazol-5-ylcarbonyl)amino)cyclobutyl)-3-azapropyl)cyclobutane",,CC(C)c1ncc(C(=O)N[C@]2(C)C[C@H](NC(=O)C[C@@H]3C[C@H](O)C3(C)C)C2)s1,
5860,C=C[C@H](C)C(=O)N1CC[C@](F)(C(=O)N[C@]2(C)C[C@H](N(C)C)C2)C1,(3R)-3-fluoro-1-((2S)-but-3-en-2-ylcarbonyl)-3-((((3S)-1-methyl-3-(dimethylamino)cyclobutyl)amino)carbonyl)pyrrolidin,,C=CC(C)C(=O)N1CC[C@](F)(C(=O)N[C@]2(C)C[C@H](N(C)C)C2)C1,
5888,COC(=O)CC(C)(C)CC(=O)N[C@@H]1C[C@H]2CC[C@@H](C1)N2C(=O)[C@H]1CC[C@H](C)CC1,"(1R,5S)-3-((2,2-dimethyl-4-oxo-5-oxahexylcarbonyl)amino)-8-((trans)-4-methylcyclohexylcarbonyl)-8-azabicyclo[3.2.1]octane",CC(CC(=O)NC1C[C@H]2CC[C@@H](C1)N2C(=O)[C@@H]2CC[C@H](CC2)C)(CC(OC)=O)C,COC(=O)CC(C)(C)CC(=O)N[C@@H]1C[C@H]2CC[C@@H](C1)N2C(=O)C1CCC(C)CC1,COC(=O)CC(C)(C)CC(=O)NC1C[C@H]2CC[C@@H](C1)N2C(=O)C1CCC(C)CC1
5935,C[C@H]1CCCN(CC(=O)N2C[C@H]3[C@@H](C2)[C@@H]3C(=O)N2Cc3ccccc3C2)C1,"1-((3S)-1-(1-((1S,5R,6S)-6-(isoindolin-2-ylcarbonyl)-3-azabicyclo[3.1.0]hexane-3-ylcarbonyl)-methyl)piperidin-3-yl)-methane",,C[C@H]1CCCN(CC(=O)N2C[C@@H]3C(C(=O)N4Cc5ccccc5C4)[C@@H]3C2)C1,
5945,Cc1ccc(CC(=O)N[C@@H]2CCC[C@@H]3CN(C(=O)[C@H]4C[C@](O)(C#N)C4)C[C@@H]32)cc1,"(1R,2R,6S)-2-((4-methylphenylacetyl)amino)-8-((3S)-3-cyano-3-hydroxycyclobutylcarbonyl)-8-azabicyclo[4.3.0]nonane",,Cc1ccc(CC(=O)N[C@@H]2CCC[C@@H]3CN(C(=O)C4CC(O)(C#N)C4)C[C@@H]32)cc1,
5974,O=C(C=C1CCCCC1)N[C@H]1C[C@@H]2CN(C(=O)[C@@H]3CCCC(F)(F)C3)C[C@@H]2C1,"2-cyclohexylidene-1-oxo-1-(((1R,5S,7S)-3-((1R)-3,3-difluorocyclohexylcarbonyl)-3-azabicyclo[3.3.0]octan-7-yl)amino)-ethane",,O=C(C=C1CCCCC1)N[C@H]1C[C@@H]2CN(C(=O)C3CCCC(F)(F)C3)C[C@@H]2C1,
6170,CC1=N[C@](C)(CNC(=O)C[C@H]2C[C@@H](C)N(C(=O)[C@H]3C[C@@](C)(O)C3)C2)CS1,"(2R,4R)-2-methyl-1-((3S)-3-hydroxy-3-methylcyclobutylcarbonyl)-4-(2-oxo-4-((4R)-2,4-dimethyl-3-aza-1-thiacyclopent-2-ene-4-yl)-3-azabutyl)pyrrolidin",,CC1=N[C@](C)(CNC(=O)C[C@H]2C[C@@H](C)N(C(=O)C3CC(C)(O)C3)C2)CS1,
6247,CC(=CC(=O)N[C@H]1C[C@@](NC(=O)Cc2nc(=N)[nH][nH]2)(c2ccccc2)C1)C(F)F,"1,1-difluoro-2-methyl-3-(((3-phenyl-3-(((3-imino-1H-1,2,4-triazol-5-yl)methylcarbonyl)amino)cyclobutyl)amino)carbonyl)-2-propen",FC(C(=CC(=O)NC1CC(C1)(NC(=O)CC1=NC(NN1)=N)C1=CC=CC=C1)C)F,CC(=CC(=O)N[C@H]1C[C@@](NC(=O)Cc2n[nH]c(N)n2)(c2ccccc2)C1)C(F)F,CC(=CC(=O)NC1CC(NC(=O)Cc2n[nH]c(N)n2)(c2ccccc2)C1)C(F)F
6256,C=CC(F)(F)C(=O)N1[C@H]2CC[C@@H]1C[C@@H](NC(=O)[C@@H]1CC1(F)F)C2,"1,1-difluoro-1-((1R,5S)-3-(((1S)-2,2-difluorocyclopropylcarbonyl)amino)-8-azabicyclo[3.2.1]octan-8-ylcarbonyl)-2-propen",FC(C=C)(C(=O)N1[C@H]2CC(C[C@@H]1CC2)NC(=O)[C@H]2C(C2)(F)F)F,C=CC(F)(F)C(=O)N1[C@@H]2CC[C@H]1C[C@H](NC(=O)C1CC1(F)F)C2,C=CC(F)(F)C(=O)N1[C@@H]2CC[C@H]1CC(NC(=O)C1CC1(F)F)C2
6266,CC(C)C[C@@H](O)C(=O)NCC1CN(C(=O)[C@@H]2C[C@H]3CC[C@@H]2CC3(F)F)C1,"(R)-4-hydroxy-6-methyl-3-oxo-1-(1-((1R,4R,8R)-5,5-difluorobicyclo[2.2.2]octane-8-ylcarbonyl)azetidin-3-yl)-2-azaheptane",O[C@@H](C(NCC1CN(C1)C(=O)[C@@H]1C[C@H]2CC[C@H]1C(C2)(F)F)=O)CC(C)C,CC(C)CC(O)C(=O)NCC1CN(C(=O)C2C[C@H]3CC[C@@H]2CC3(F)F)C1,CC(C)CC(O)C(=O)NCC1CN(C(=O)C2C[C@H]3CC[C@H]2C(F)(F)C3)C1
6278,COC(=O)c1nc(=NC[C@H]2C[C@@H]3CC[C@H](C2)N3C(=O)[C@@H]2CC23CC3)c(C)c(C)[nH]1,"2-methoxycarbonyl-4,5-dimethyl-6-((1-((1R,3S,5S)-8-((1R)-spiro[2.2]pentan-1-ylcarbonyl)-8-azabicyclo[3.2.1]octan-3-yl)-methyl)imino)-3H-pyrimidin",,COC(=O)c1nc(C)c(C)c(NC[C@@H]2C[C@H]3CC[C@@H](C2)N3C(=O)C2CC23CC3)n1,
6285,CC1(C)C[C@@H]1C(=O)N[C@H]1[C@@H]2CN(C(=O)C3CC(C)(C)C(C)(C)C3)C[C@@H]21,"1-((2S)-1-methyl-2-((((1S,5R)-3-(3,3,4,4-tetramethylcyclopentylcarbonyl)-3-azabicyclo[3.1.0]hexane-6-yl)amino)carbonyl)cyclopropyl)-methane",CC1([C@H](C1)C(=O)NC1[C@H]2CN(C[C@@H]12)C(=O)C1CC(C(C1)(C)C)(C)C)C,CC1(C)CC1C(=O)N[C@H]1[C@@H]2CN(C(=O)C3CC(C)(C)C(C)(C)C3)C[C@@H]21,CC1(C)CC1C(=O)NC1[C@H]2CN(C(=O)C3CC(C)(C)C(C)(C)C3)C[C@@H]12
6286,Cc1cc(O)cc(=O)n1CCC(=O)N1CC[C@@H]([C@@H](C)NC(=O)CC#N)C1,(3R)-1-(2-(4-hydroxy-2-methyl-6-oxo-1-pyridyl)ethylcarbonyl)-3-((1R)-1-cyanoacetamido-ethyl)pyrrolidin,,Cc1cc(=O)cc(O)n1CCC(=O)N1CC[C@@H]([C@@H](C)NC(=O)CC#N)C1,
6311,CC(C)(C)O[C@@H]1C[C@H]1C(=O)N[C@H]1C[C@H](NC(=O)[C@@H]2Cc3ccc(F)cc32)C1,"2-methyl-2-(((1R,2R)-2-((((1R,3R)-3-(((2R)-6-fluorobenzocyclobutene-2-ylcarbonyl)amino)cyclobutyl)amino)carbonyl)cyclopropyl)oxy)propane",,CC(C)(C)O[C@@H]1CC1C(=O)N[C@H]1C[C@H](NC(=O)C2Cc3ccc(F)cc32)C1,
6344,N#C[C@@]1(C(=O)N[C@H]2C[C@@](F)(CNC(=O)c3ccccc3)C2)C[C@H]2C=C[C@H]1C2,"1-oxo-1-phenyl-3-((1R)-1-fluoro-3-(((1R,4S,6R)-6-cyanonorbornen-6-ylcarbonyl)amino)cyclobutyl)-2-azapropane",,N#C[C@@]1(C(=O)N[C@H]2C[C@@](F)(CNC(=O)c3ccccc3)C2)C[C@H]2C=C[C@H]1C2,
6356,N#Cc1ccc(C(=O)NCCn2cc(C(=O)NC[C@H]3[C@@H]4COC[C@H]34)nn2)s1,"(1S,5R)-6-(((1-(2-((2-cyano-5-thienylcarbonyl)amino)ethyl)-1,2,3-triazol-4-ylcarbonyl)amino)methyl)-3-oxabicyclo[3.1.0]hexane",C(#N)C=1SC(=CC1)C(=O)NCCN1N=NC(=C1)C(=O)NCC1[C@H]2COC[C@@H]12,N#Cc1ccc(C(=O)NCCn2cc(C(=O)NC[C@@H]3[C@H]4COC[C@@H]34)nn2)s1,N#Cc1ccc(C(=O)NCCn2cc(C(=O)NCC3[C@H]4COC[C@@H]34)nn2)s1
6417,CO[C@H]1CN(C(=O)[C@@H]2C[C@@]2(F)Cl)C[C@@H]1C(=O)NCc1ccc2c(c1)CC2,"1-(((3S,4R)-1-((1S,2R)-2-chloro-2-fluorocyclopropylcarbonyl)-3-((((benzocyclobutene-6-yl)methyl)amino)carbonyl)pyrrolidin-4-yl)oxy)-methane",Cl[C@]1([C@@H](C1)C(=O)N1C[C@@H]([C@H](C1)OC)C(=O)NCC1=CC=CC2=C1C=C2)F,CO[C@H]1CN(C(=O)C2C[C@@]2(F)Cl)CC1C(=O)NCc1ccc2c(c1)CC2,CO[C@H]1CN(C(=O)C2C[C@@]2(F)Cl)CC1C(=O)NCc1cccc2c1C=C2
6456,CCn1ncc(Cl)c1C(=O)NC[C@H]1[C@@H]2CN(C(=O)[C@H]3COC4(CO)CC3C4)C[C@H]12,"(4R)-1-hydroxymethyl-4-((1S,5R,6R)-6-(((4-chloro-1-ethylpyrazol-5-ylcarbonyl)amino)methyl)-3-azabicyclo[3.1.0]hexane-3-ylcarbonyl)-2-oxabicyclo[3.1.1]heptane",,CCn1ncc(Cl)c1C(=O)NC[C@@H]1[C@H]2CN(C(=O)C3COC4(CO)CC3C4)C[C@@H]12,
6505,CC=CC(=O)N(C)C[C@H]1[C@@H]2CN(C(=O)C(F)(F)c3cscn3)C[C@H]12,"(1S,5R)-3-((thiazol-4-yl)difluoromethylcarbonyl)-6-((N-methyl-N-(propen-1-ylcarbonyl)amino)methyl)-3-azabicyclo[3.1.0]hexane",S1C=NC(=C1)C(C(=O)N1C[C@H]2C([C@H]2C1)CN(C(=O)C=CC)C)(F)F,CC=CC(=O)N(C)C[C@@H]1[C@H]2CN(C(=O)C(F)(F)c3cscn3)C[C@@H]12,CC=CC(=O)N(C)CC1[C@H]2CN(C(=O)C(F)(F)c3cscn3)C[C@@H]12
6514,N#CC[C@H](N=c1[nH]c(=NCc2cc(Cl)sc2Cl)c2[nH]ccc2[nH]1)c1ccccc1,"((1S)-1-cyanomethyl-2-(4-((1-(2,5-dichloro-3-thienyl)-methyl)imino)pyrimido[4,5-d]pyrrole-2-ylidene)-2-azaethyl)benzene",C(#N)C[C@H](N=C1NC(C=2C(C=CN2)=N1)=NCC1=C(SC(=C1)Cl)Cl)C1=CC=CC=C1,N#CC[C@H](Nc1nc(NCc2cc(Cl)sc2Cl)c2[nH]ccc2n1)c1ccccc1,N#CC[C@H](NC1=NC(=NCc2cc(Cl)sc2Cl)C2=NC=CC2=N1)c1ccccc1
6518,CN(C[C@@H]1CCCCN1C(=O)[C@H]1CC[C@@](C)(F)CC1)C(=O)OC(C)(C)C,(2S)-1-((4R)-4-fluoro-4-methylcyclohexylcarbonyl)-2-((N-methyl-N-(tert-butoxycarbonyl)amino)methyl)piperidin,,CN(C[C@@H]1CCCCN1C(=O)C1CCC(C)(F)CC1)C(=O)OC(C)(C)C,
6530,COc1ccc(C(=O)N[C@H]2C[C@@H]3C[C@@H](NC(=O)C4=C(C)OCC4)C[C@@H]3C2)nn1,"(1S,5R)-3-((2-methyl-1-oxacyclopent-2-ene-3-ylcarbonyl)amino)-7-((3-methoxypyridazin-6-ylcarbonyl)amino)-bicyclo[3.3.0]octane",CC=1OCCC1C(=O)NC1C[C@H]2CC(C[C@H]2C1)NC(=O)C1=CC=C(N=N1)OC,COc1ccc(C(=O)N[C@@H]2C[C@H]3C[C@H](NC(=O)C4=C(C)OCC4)C[C@H]3C2)nn1,COc1ccc(C(=O)NC2C[C@H]3CC(NC(=O)C4=C(C)OCC4)C[C@H]3C2)nn1
6534,CC(C)CCOCC(=O)NCC1([C@H](C)NC(=O)c2cc3n(n2)CCNC3=O)CC1,"2-((((1S)-1-(1-((((3-methyl-butyl)oxymethylcarbonyl)amino)methyl)cyclopropyl)-ethyl)amino)carbonyl)-4,5,6,7-tetrahydropyrazolo[1,5-a]pyrazin-4(5H)-one",,CC(C)CCOCC(=O)NCC1([C@H](C)NC(=O)c2cc3n(n2)CCNC3=O)CC1,
6555,COn1cnc(C)c1C(=O)NC[C@H]1C=C[C@@H](NC(=O)[C@H]2C[C@@](F)(CO)C2)C1,"1-((4-methyl-5-(((((1R,3S)-3-(((3S)-3-fluoro-3-hydroxymethylcyclobutylcarbonyl)amino)cyclopent-4-en-1-yl)methyl)amino)carbonyl)imidazol-1-yl)oxy)-methane",,COn1cnc(C)c1C(=O)NC[C@H]1C=C[C@@H](NC(=O)C2CC(F)(CO)C2)C1,
6665,O=C(N[C@H]1[C@@H]2CN(C(=O)c3cc(Cl)c(Cl)s3)C[C@@H]21)c1ccnn1CC1CCC1,"(1S,5R)-3-(2,3-dichloro-5-thienylcarbonyl)-6-((1-cyclobutylmethylpyrazol-5-ylcarbonyl)amino)-3-azabicyclo[3.1.0]hexane",ClC=1SC(=CC1Cl)C(=O)N1C[C@H]2C([C@H]2C1)NC(=O)C1=CC=NN1CC1CCC1,O=C(N[C@H]1[C@@H]2CN(C(=O)c3cc(Cl)c(Cl)s3)C[C@@H]21)c1ccnn1CC1CCC1,O=C(NC1[C@H]2CN(C(=O)c3cc(Cl)c(Cl)s3)C[C@@H]12)c1ccnn1CC1CCC1
6697,Cc1ccc(SCc2nc(-c3ccc(C)o3)nn2[C@H]2C[C@H](C)O[C@H](C)C2)c(C)c1,"2,4-dimethyl-1-((1-((2R,6S)-2,6-dimethyloxan-4-yl)-3-(2-methyl-5-furyl)-1,2,4-triazol-5-yl)methylsulfanyl)benzene",CC1=C(C=CC(=C1)C)SCC1=NC(=NN1C1C[C@H](O[C@H](C1)C)C)C1=CC=C(O1)C,Cc1ccc(SCc2nc(-c3ccc(C)o3)nn2[C@@H]2C[C@@H](C)O[C@@H](C)C2)c(C)c1,Cc1ccc(SCc2nc(-c3ccc(C)o3)nn2C2C[C@@H](C)O[C@@H](C)C2)c(C)c1
6807,C[C@H](CCC(=O)N(C)[C@H]1[C@@H]2CN(C(=O)c3ccc(CC(N)=O)cc3)C[C@@H]21)N(C)C,"(1S,5R)-3-(4-(1-carbamylmethyl)benzoyl)-6-(N-((3R)-3,4-dimethyl-4-azapentylcarbonyl)-N-methylamino)-3-azabicyclo[3.1.0]hexane",C(N)(=O)CC1=CC=C(C(=O)N2C[C@H]3C([C@H]3C2)N(C)C(=O)CC[C@H](N(C)C)C)C=C1,C[C@H](CCC(=O)N(C)[C@H]1[C@@H]2CN(C(=O)c3ccc(CC(N)=O)cc3)C[C@@H]21)N(C)C,C[C@H](CCC(=O)N(C)C1[C@H]2CN(C(=O)c3ccc(CC(N)=O)cc3)C[C@@H]12)N(C)C
6851,O=C(COc1ccsn1)NC[C@H]1[C@@H]2CN(C(=O)[C@H]3C[C@@H](N4CCOCC4)C3)C[C@H]12,"(1S,5R)-3-((cis)-3-morpholinocyclobutylcarbonyl)-6-((((isothiazol-3-yl)oxymethylcarbonyl)amino)methyl)-3-azabicyclo[3.1.0]hexane",O1CCN(CC1)[C@H]1C[C@H](C1)C(=O)N1C[C@H]2C([C@H]2C1)CNC(=O)COC1=NSC=C1,O=C(COc1ccsn1)NC[C@@H]1[C@H]2CN(C(=O)C3CC(N4CCOCC4)C3)C[C@@H]12,O=C(COc1ccsn1)NCC1[C@H]2CN(C(=O)C3CC(N4CCOCC4)C3)C[C@@H]12
6876,CC(=O)NCCc1ccc(C(=O)NC/C=C/CNC(=O)C=C[C@@H]2CCOC2)cc1,"(3S,E)-3-(2-(((1-(1-((N-(4-(4-oxo-3-azapentyl)benzoyl)amino)methylmethylidene)-methyl)-methyl)amino)carbonyl)eth-1-en-1-yl)oxolan",O=C(NCCC1=CC=C(C(=O)NCC=CCNC(=O)/C=C/[C@H]2COCC2)C=C1)C,CC(=O)NCCc1ccc(C(=O)NC/C=C/CNC(=O)C=C[C@@H]2CCOC2)cc1,CC(=O)NCCc1ccc(C(=O)NCC=CCNC(=O)/C=C/[C@@H]2CCOC2)cc1
6881,C[C@@H](N=[N+]=[N-])C(=O)N1C[C@@]2(C(=O)N3C[C@H]4[C@@H](C3)[C@@H]4C(N)=O)C[C@H]1CCO2,"(1R,5R)-1-((1S,5R,6R)-6-carbamyl-3-azabicyclo[3.1.0]hexane-3-ylcarbonyl)-6-((1R)-1-azido-ethylcarbonyl)-6-aza-2-oxabicyclo[3.2.1]octane",,CC(N=[N+]=[N-])C(=O)N1C[C@@]2(C(=O)N3C[C@@H]4C(C(N)=O)[C@@H]4C3)C[C@H]1CCO2,
6886,CC(C)(C)C#CC(=O)N1CCN(C(=O)[C@@H](C2CC2)N2CCOCC2)C[C@@H](CO)C1,"3,3-dimethyl-1-((3S)-3-hydroxymethyl-5-((2R)-cyclopropyl(morpholino)methylcarbonyl)-1,5-diazacycloheptan-1-ylcarbonyl)butyn",,CC(C)(C)C#CC(=O)N1CCN(C(=O)C(C2CC2)N2CCOCC2)C[C@@H](CO)C1,
6924,CC(C)N(C[C@H](C)O)C(=O)[C@@H]1[C@H]2CN(C(=O)[C@H](F)n3ccnc3)C[C@H]21,"(1S,5R,6S)-3-((1S)-1-fluoro-1-(imidazol-1-yl)-methylcarbonyl)-6-(N-((2S)-2-hydroxy-propyl)-N-isopropylcarbamoyl)-3-azabicyclo[3.1.0]hexane",,CC(C)N(C[C@H](C)O)C(=O)C1[C@H]2CN(C(=O)C(F)n3ccnc3)C[C@@H]12,
6995,CCSCC(=O)N[C@H]1C[C@@](C)(NC(=O)Cc2nc(-c3ccc(F)cc3)oc2C)C1,1-(((3-methyl-3-(((5-methyl-2-(4-fluorophenyl)oxazol-4-yl)methylcarbonyl)amino)cyclobutyl)amino)carbonyl)-2-thiabutane,CC1(CC(C1)NC(=O)CSCC)NC(=O)CC=1N=C(OC1C)C1=CC=C(C=C1)F,CCSCC(=O)N[C@H]1C[C@@](C)(NC(=O)Cc2nc(-c3ccc(F)cc3)oc2C)C1,CCSCC(=O)NC1CC(C)(NC(=O)Cc2nc(-c3ccc(F)cc3)oc2C)C1
7075,CCCCCCNC(=O)[C@H](c1cc(C(F)F)cs1)N1CCOc2ccc(Br)cc21,"(1R)-2-oxo-1-(3-difluoromethyl-5-thienyl)-1-(8-bromo-3,4-dihydro-2H-1,4-benzoxazine-4-yl)-3-azanonane",O=C([C@@H](N1CCOC2=C1C=CC=C2Br)C2=CC(=CS2)C(F)F)NCCCCCC,CCCCCCNC(=O)C(c1cc(C(F)F)cs1)N1CCOc2ccc(Br)cc21,CCCCCCNC(=O)C(c1cc(C(F)F)cs1)N1CCOc2c(Br)cccc21
7152,CC1(C)OCCO[C@@H]1CC(=O)NC[C@H]1[C@@H]2CN(C(=O)c3conc3C3CC3)C[C@H]12,"(1S,5R)-3-(3-cyclopropylisoxazol-4-ylcarbonyl)-6-(((((3R)-2,2-dimethyl-1,4-dioxan-3-yl)methylcarbonyl)amino)methyl)-3-azabicyclo[3.1.0]hexane",C1(CC1)C1=NOC=C1C(=O)N1C[C@H]2C([C@H]2C1)CNC(=O)C[C@@H]1C(OCCO1)(C)C,CC1(C)OCCO[C@@H]1CC(=O)NC[C@@H]1[C@H]2CN(C(=O)c3conc3C3CC3)C[C@@H]12,CC1(C)OCCO[C@@H]1CC(=O)NCC1[C@H]2CN(C(=O)c3conc3C3CC3)C[C@@H]12
7167,CS(=O)(=O)c1ccc(C(=O)N[C@@H]2C[C@H]3CC[C@@H]2[C@@H](NC(=O)[C@H]2C[C@H]2F)C3)c(N)c1,"(7S,4R,3R,1S)-3-((2-amino-4-mesylbenzoyl)amino)-7-(((1R,2R)-2-fluorocyclopropylcarbonyl)amino)-bicyclo[2.2.2]octane",NC1=C(C(=O)N[C@@H]2C[C@@H]3CC[C@@H]2C[C@@H]3NC(=O)[C@@H]3[C@@H](C3)F)C=CC(=C1)S(=O)(=O)C,CS(=O)(=O)c1ccc(C(=O)N[C@@H]2C[C@H]3CC[C@@H]2[C@@H](NC(=O)C2C[C@H]2F)C3)c(N)c1,CS(=O)(=O)c1ccc(C(=O)N[C@@H]2C[C@@H]3CC[C@@H]2C[C@@H]3NC(=O)C2C[C@H]2F)c(N)c1
7176,C=CC[C@@H](NC(C)=O)C(=O)N[C@]1(C)C[C@H](NC(=O)c2cnc([C@H]3CCCO3)s2)C1,"(1S,3S)-1-methyl-1-(((1R)-1-acetamido-3-buten-1-ylcarbonyl)amino)-3-((2-((2R)-oxolan-2-yl)thiazol-5-ylcarbonyl)amino)cyclobutane",,C=CCC(NC(C)=O)C(=O)N[C@]1(C)C[C@H](NC(=O)c2cnc([C@H]3CCCO3)s2)C1,
7194,C#C[C@]1(O)C[C@@H](C(=O)N2CCN(C(=O)CCCCC[C@@H](C)O)[C@@H]3COC[C@@H]32)C1,"(1R,6S)-2-((3S)-3-acetenyl-3-hydroxycyclobutylcarbonyl)-5-((6R)-6-hydroxy-heptylcarbonyl)-2,5-diaza-8-oxabicyclo[4.3.0]nonane",,C#CC1(O)CC(C(=O)N2CCN(C(=O)CCCCC[C@@H](C)O)[C@@H]3COC[C@@H]32)C1,
7256,CN(C[C@@H]1CCCCO1)C(=O)C[C@H]1C[C@H](NC(=O)[C@@H](F)C(C)(C)O)C1,"2-methyl-3-oxo-1-((2S)-oxan-2-yl)-4-((1S,3S)-3-(((1S)-1-fluoro-2-hydroxy-2-methyl-propylcarbonyl)amino)cyclobutyl)-2-azabutane",,CN(C[C@@H]1CCCCO1)C(=O)C[C@H]1C[C@H](NC(=O)C(F)C(C)(C)O)C1,
7268,Cc1cccc(O)c1C(=O)N[C@H]1[C@@H]2CN(C(=O)Cc3ccn(C)n3)C[C@@H]21,"(1S,5R)-3-((1-methylpyrazol-3-yl)methylcarbonyl)-6-((2-hydroxy-6-methylbenzoyl)amino)-3-azabicyclo[3.1.0]hexane",CN1N=C(C=C1)CC(=O)N1C[C@H]2C([C@H]2C1)NC(C1=C(C=CC=C1C)O)=O,Cc1cccc(O)c1C(=O)N[C@H]1[C@@H]2CN(C(=O)Cc3ccn(C)n3)C[C@@H]21,Cc1cccc(O)c1C(=O)NC1[C@H]2CN(C(=O)Cc3ccn(C)n3)C[C@@H]12
7269,C[C@H](C(=O)NCC[C@H]1C[C@@H](NC(=O)CCC2CC(F)(F)C2)C1)S(C)(=O)=O,"(1R)-1-((2-(3,3-difluorocyclobutyl)ethylcarbonyl)amino)-3-(2-(((1R)-1-methyl-2,2-dioxo-2-thiapropylcarbonyl)amino)ethyl)cyclobutane",,CC(C(=O)NCC[C@H]1C[C@@H](NC(=O)CCC2CC(F)(F)C2)C1)S(C)(=O)=O,
7311,C[C@]1(C(=O)N[C@H]2Cc3ccc(Cl)cc3NC2=O)CCN1Cc1ccc(Br)o1,"(3S)-7-chloro-3-(((2R)-2-methyl-1-((2-bromo-5-furyl)methyl)azetidin-2-ylcarbonyl)amino)-1,2,3,4-tetrahydroquinolin-2(1H)-one",,C[C@]1(C(=O)NC2Cc3ccc(Cl)cc3NC2=O)CCN1Cc1ccc(Br)o1,
7323,CC1(C)CN(C(=O)[C@H]2C[C@@](F)(CO)C2)C[C@H]1CNC(=O)C1(CCF)CCC1,"(4R)-3,3-dimethyl-1-((3R)-3-fluoro-3-hydroxymethylcyclobutylcarbonyl)-4-(((1-(2-fluoroethyl)cyclobutylcarbonyl)amino)methyl)pyrrolidin",,CC1(C)CN(C(=O)C2CC(F)(CO)C2)C[C@H]1CNC(=O)C1(CCF)CCC1,
7326,CCS(=O)(=O)NCC(=O)N[C@]1(C)C[C@@H](NC(=O)[C@@H]2C[C@@H]3CC[C@H]2C3)C1,"(1R,3R,4S)-3-((((3R)-3-methyl-3-(((ethylsulfonamido)methylcarbonyl)amino)cyclobutyl)amino)carbonyl)norbornane",,CCS(=O)(=O)NCC(=O)N[C@]1(C)C[C@@H](NC(=O)C2C[C@@H]3CC[C@H]2C3)C1,
7337,O=C(N[C@@H](CNC(=O)[C@]12CCC[C@H]1CCC2)CC(F)(F)F)[C@H](O)CN1CCCC1,"(5R)-1-((((2R,5R)-4-oxo-5-pyrrolidinomethyl-2-(2,2,2-trifluoroethyl)-3-aza-6-oxahexyl)amino)carbonyl)-bicyclo[3.3.0]octane",,O=C(N[C@@H](CNC(=O)[C@]12CCC[C@H]1CCC2)CC(F)(F)F)C(O)CN1CCCC1,
7348,CC=C(F)C(=O)N(C)CCC1CCN(C(=O)/C=C/c2cccc(F)c2F)CC1,"(E)-1-(2-(2,3-difluorophenyl)-ethen-1-ylcarbonyl)-4-(2-(N-(1-fluoro-propen-1-ylcarbonyl)-N-methylamino)ethyl)piperidin",FC1=C(C=CC=C1F)C=CC(=O)N1CCC(CC1)CCN(C)C(=O)/C(=C\C)/F,CC=C(F)C(=O)N(C)CCC1CCN(C(=O)/C=C/c2cccc(F)c2F)CC1,C/C=C(/F)C(=O)N(C)CCC1CCN(C(=O)C=Cc2cccc(F)c2F)CC1
7368,Cc1ccc(Br)c(C(=O)N2C[C@H](O)[C@H](NC(=O)[C@H]3C[C@@](F)(CO)C3)C2)c1N,"1-(2-amino-4-bromo-3-((3R,4S)-4-hydroxy-3-(((3R)-3-fluoro-3-hydroxymethylcyclobutylcarbonyl)amino)pyrrolidinocarbonyl)phenyl)-methane",,Cc1ccc(Br)c(C(=O)N2C[C@H](O)[C@H](NC(=O)C3CC(F)(CO)C3)C2)c1N,
7406,CCc1nc(C(=O)NC[C@H]2C[C@](F)(CNC(=O)c3nnn4c3CCC4)C2)cs1,"2-ethyl-4-((((3-fluoro-3-(((1,2,3-triazabicyclo[3.3.0]octa-2(3),4(5)-dien-4-ylcarbonyl)amino)methyl)cyclobutyl)methyl)amino)carbonyl)thiazol",C(C)C=1SC=C(N1)C(=O)NCC1CC(C1)(CNC(=O)C=1N=NN2CCCC12)F,CCc1nc(C(=O)NC[C@H]2C[C@](F)(CNC(=O)c3nnn4c3CCC4)C2)cs1,CCc1nc(C(=O)NCC2CC(F)(CNC(=O)c3nnn4c3CCC4)C2)cs1
7408,CC(C)(C(=O)N[C@H]1[C@@H]2CN(C(=O)c3cnc4ncnn4c3O)C[C@@H]21)C(F)F,"2-hydroxy-3-((1S,5R)-6-((1,1-difluoro-2-methyl-propan-2-ylcarbonyl)amino)-3-azabicyclo[3.1.0]hexane-3-ylcarbonyl)-1,5,7,9-tetraazabicyclo[4.3.0]nona-2(3),4(5),6(7),8(9)-tetraene",OC=1N2N=CN=C2N=CC1C(=O)N1C[C@H]2C([C@H]2C1)NC(=O)C(C(F)F)(C)C,CC(C)(C(=O)N[C@H]1[C@@H]2CN(C(=O)c3c[nH]c4ncnn4c3=O)C[C@@H]21)C(F)F,CC(C)(C(=O)NC1[C@H]2CN(C(=O)c3c[nH]c4ncnn4c3=O)C[C@@H]12)C(F)F
7478,Cc1ccnn1CC(=O)N1CCN(C(=O)[C@H]2CC[C@@](C)(F)CC2)C[C@H]1C1CCC1,5-methyl-1-(1-((2R)-2-cyclobutyl-4-((4S)-4-fluoro-4-methylcyclohexylcarbonyl)piperazinocarbonyl)-methyl)pyrazole,,Cc1ccnn1CC(=O)N1CCN(C(=O)C2CCC(C)(F)CC2)C[C@H]1C1CCC1,
7540,C=C[C@@H]1CC[C@H]1C(=O)NC[C@@H]1C[C@@H]2CC[C@H](C1)N2C(=O)CN1CSCCSC1,"(1S,5R)-3-((((1R,2S)-2-(ethen-1-yl)cyclobutylcarbonyl)amino)methyl)-8-((1-aza-3,6-dithiacycloheptan-1-yl)methylcarbonyl)-8-azabicyclo[3.2.1]octane",C(=C)[C@H]1[C@@H](CC1)C(=O)NCC1C[C@@H]2CC[C@H](C1)N2C(=O)CN2CSCCSC2,C=C[C@@H]1CCC1C(=O)NC[C@H]1C[C@H]2CC[C@@H](C1)N2C(=O)CN1CSCCSC1,C=C[C@@H]1CCC1C(=O)NCC1C[C@H]2CC[C@@H](C1)N2C(=O)CN1CSCCSC1
7567,CC1(C)OC[C@@H]([C@@H](O)C(=O)N2[C@H]3CC[C@@H]2C[C@H](CNC(=O)C2CCC2)C3)O1,"(1S,3R,5R)-3-((cyclobutanecarboxamido)methyl)-8-((1R)-1-((4S)-2,2-dimethyl-1,3-dioxolan-4-yl)-2-oxaethylcarbonyl)-8-azabicyclo[3.2.1]octane",,CC1(C)OCC(C(O)C(=O)N2[C@@H]3CC[C@H]2C[C@@H](CNC(=O)C2CCC2)C3)O1,
7568,CC(F)(F)C(=O)N1CC[C@](O)(CCNC(=O)[C@]2(C)C[C@@H]3C[C@@H]3C2)C1,"1,1-difluoro-1-((3R)-3-hydroxy-3-(2-(((1S,5R)-3-methylbicyclo[3.1.0]hexane-3-ylcarbonyl)amino)ethyl)pyrrolidinocarbonyl)-ethane",FC(C)(C(=O)N1C[C@](CC1)(CCNC(=O)C1(C[C@@H]2C[C@@H]2C1)C)O)F,CC(F)(F)C(=O)N1CC[C@](O)(CCNC(=O)[C@@]2(C)C[C@H]3C[C@H]3C2)C1,CC(F)(F)C(=O)N1CC[C@](O)(CCNC(=O)C2(C)C[C@H]3C[C@H]3C2)C1
7607,CCCC1=CC=CC(C(=O)N[C@@H]2C[C@H]3CC[C@@H](C2)N3C(=O)CC(C)CN(C)C)=C1,"2,4-dimethyl-1-((1R,5S)-3-((3-propylbenzoyl)amino)-8-azabicyclo[3.2.1]octan-8-ylcarbonyl)-4-azapentane",CC(CC(=O)N1[C@H]2CC(C[C@@H]1CC2)NC(C2=CC(=CC=C2)CCC)=O)CN(C)C,CCCc1cccc(C(=O)N[C@@H]2C[C@H]3CC[C@@H](C2)N3C(=O)CC(C)CN(C)C)c1,CCCc1cccc(C(=O)NC2C[C@H]3CC[C@@H](C2)N3C(=O)CC(C)CN(C)C)c1
7618,O=C(N[C@H]1C[C@@H]2CC[C@H](C1)N2C(=O)[C@@]12CC[C@@H](CO1)C2)c1cocc1Br,"(1S,3R,5R)-3-((3-bromo-4-furylcarbonyl)amino)-8-((1S,4R)-2-oxabicyclo[2.2.1]heptan-1-ylcarbonyl)-8-azabicyclo[3.2.1]octane",,O=C(N[C@@H]1C[C@H]2CC[C@@H](C1)N2C(=O)[C@@]12CC[C@@H](CO1)C2)c1cocc1Br,
7682,C#CC[C@@H](C)C(=O)N1[C@H]2CC[C@@H]1C[C@@H](NC(=O)CCCCCNC(C)=O)C2,"7-oxo-1-((((1R,3S,5S)-8-((2R)-pent-4-yn-2-ylcarbonyl)-8-azabicyclo[3.2.1]octan-3-yl)amino)carbonyl)-6-azaoctane",,C#CCC(C)C(=O)N1[C@@H]2CC[C@H]1C[C@H](NC(=O)CCCCCNC(C)=O)C2,
7705,C[C@H]1CC[C@@H](C)[C@@H]1NC(=O)/C=C/C1CCN(C(=O)[C@@H](CO)C(C)(C)C)CC1,"(E)-1-((2R)-1-hydroxy-3,3-dimethyl-butan-2-ylcarbonyl)-4-(2-((((2R,5S)-2,5-dimethylcyclopentyl)amino)carbonyl)eth-1-en-1-yl)piperidin",OC[C@@H](C(C)(C)C)C(=O)N1CCC(CC1)\C=C\C(=O)NC1[C@@H](CC[C@@H]1C)C,C[C@@H]1CC[C@H](C)[C@H]1NC(=O)/C=C/C1CCN(C(=O)C(CO)C(C)(C)C)CC1,C[C@@H]1CC[C@H](C)C1NC(=O)/C=C/C1CCN(C(=O)C(CO)C(C)(C)C)CC1
7767,CCCCCC[C@H](CC)C(=O)N[C@H]1C[C@](C)(NC(=O)[C@@H]2CCC[C@H]2P(C)(C)=O)C1,"(1S,2R)-1-((((1S,3S)-1-methyl-3-(((3S)-nonan-3-ylcarbonyl)amino)cyclobutyl)amino)carbonyl)-2-(dimethylphosphoryl)cyclopentane",,CCCCCCC(CC)C(=O)N[C@H]1C[C@](C)(NC(=O)C2CCC[C@H]2P(C)(C)=O)C1,
7803,C[C@]1(C(=O)N[C@H]2C[C@](F)(CNC(=O)CCc3ccncc3)C2)C[C@]1(F)Cl,"(1S,2R)-1-chloro-1-fluoro-2-methyl-2-((((3S)-3-fluoro-3-(((2-(4-pyridyl)ethylcarbonyl)amino)methyl)cyclobutyl)amino)carbonyl)cyclopropane",,C[C@]1(C(=O)N[C@H]2C[C@](F)(CNC(=O)CCc3ccncc3)C2)C[C@]1(F)Cl,
7823,CCO[C@]1(C(=O)N[C@@H](CC)CCCC(=O)N2C[C@H]3C[C@@H](O)C[C@H]3C2)CCOC1,"(1S,5R,7S,S)-7-hydroxy-3-(4-(((3R)-3-ethoxyoxolan-3-ylcarbonyl)amino)-hexylcarbonyl)-3-azabicyclo[3.3.0]octane",,CCO[C@]1(C(=O)N[C@@H](CC)CCCC(=O)N2C[C@H]3C[C@@H](O)C[C@H]3C2)CCOC1,
7869,N#C[C@@]1(C(=O)NCC2(NC(=O)[C@@H]3CCc4[nH]nc(O)c4C3)CC2)C[C@@H]2C[C@@H]2C1,"(1S,5R)-3-cyano-3-((((1-(((5R)-3-hydroxy-4,5,6,7-tetrahydro-benzo[1,2-d]pyrazole-5-ylcarbonyl)amino)cyclopropyl)methyl)amino)carbonyl)-bicyclo[3.1.0]hexane",C(#N)C1(C[C@@H]2C[C@@H]2C1)C(=O)NCC1(CC1)NC(=O)[C@@H]1CCC2=C(C(=NN2)O)C1,N#C[C@]1(C(=O)NCC2(NC(=O)C3CCc4[nH][nH]c(=O)c4C3)CC2)C[C@H]2C[C@H]2C1,N#CC1(C(=O)NCC2(NC(=O)C3CCc4[nH][nH]c(=O)c4C3)CC2)C[C@H]2C[C@H]2C1
7911,O=C(NC12CC(CO)(C1)OC21CCOCC1)c1cccc2[nH]ccc12,,,O=C(NC12CC(CO)(C1)OC21CCOCC1)c1cccc2[nH]ccc12,
7912,CCOC(=O)[C@@H](C(=O)N[C@H]1C[C@@H](CNC(=O)[C@@H](C2CCC2)C(C)(C)C)C1)C(C)C,"(1S,3R)-1-((((1S)-1-cyclobutyl-2,2-dimethyl-propylcarbonyl)amino)methyl)-3-(((2R)-1-ethoxy-3-methyl-1-oxo-butan-2-ylcarbonyl)amino)cyclobutane",,CCOC(=O)C(C(=O)N[C@H]1C[C@@H](CNC(=O)C(C2CCC2)C(C)(C)C)C1)C(C)C,
7971,CC(=O)c1ncc(C(=O)N[C@@H]2C[C@H]3CC[C@@H]2C[C@H]3NC(=O)C/C=C/C(C)(C)C)s1,"2-(acetyl)-5-((((1R,4R,5R,8R)-5-(((2E)-4,4-dimethyl-pent-2-en-1-ylcarbonyl)amino)bicyclo[2.2.2]octane-8-yl)amino)carbonyl)thiazol",C(C)(=O)C=1SC(=CN1)C(=O)N[C@@H]1C[C@@H]2CC[C@@H]1[C@@H](C2)NC(=O)C\C=C\C(C)(C)C,CC(=O)c1ncc(C(=O)N[C@@H]2C[C@H]3CC[C@@H]2C[C@H]3NC(=O)C/C=C/C(C)(C)C)s1,CC(=O)c1ncc(C(=O)N[C@@H]2C[C@@H]3CC[C@@H]2[C@H](NC(=O)C/C=C/C(C)(C)C)C3)s1
8028,Cc1ncc(CC(=O)N2C[C@H]3[C@H](NC(=O)CCc4cncn4C)[C@H]3C2)s1,"(1S,5R)-3-((2-methylthiazol-5-yl)methylcarbonyl)-6-((2-(1-methylimidazol-5-yl)ethylcarbonyl)amino)-3-azabicyclo[3.1.0]hexane",CC=1SC(=CN1)CC(=O)N1C[C@H]2C([C@H]2C1)NC(=O)CCC1=CN=CN1C,Cc1ncc(CC(=O)N2C[C@@H]3[C@H](C2)[C@H]3NC(=O)CCc2cncn2C)s1,Cc1ncc(CC(=O)N2C[C@@H]3C(NC(=O)CCc4cncn4C)[C@@H]3C2)s1
8049,C[C@]1(O)C[C@@H](C(=O)NC[C@H]2CCN2C(=O)c2cc(O)nc(-c3ccccc3)c2)C1,(2-hydroxy-4-((2R)-2-((((3S)-3-hydroxy-3-methylcyclobutylcarbonyl)amino)methyl)azetidin-1-ylcarbonyl)-6-pyridyl)benzene,,CC1(O)CC(C(=O)NC[C@H]2CCN2C(=O)c2cc(-c3ccccc3)[nH]c(=O)c2)C1,
8115,C[C@@H]1CCCC[C@@H]1C(=O)NC[C@@H]1CCCC[C@@H]1NC(=O)[C@]12CC[C@H](CC1)C2(C)C,"1-((1R,2S)-2-(((((1S,2S)-2-(((1S)-7,7-dimethylnorbornane-4-ylcarbonyl)amino)cyclohexyl)methyl)amino)carbonyl)cyclohexyl)-methane",,C[C@@H]1CCCCC1C(=O)NC[C@@H]1CCCC[C@@H]1NC(=O)[C@]12CC[C@H](CC1)C2(C)C,
8181,CC(F)(F)[C@@H](C(=O)N[C@H]1C[C@@H](NC(=O)[C@H](O)C2CCCCC2)C1)c1ccccc1,"(R)-2,2-difluoro-1-phenyl-1-((((1S,3S)-3-(((1R)-1-cyclohexyl-2-oxaethylcarbonyl)amino)cyclobutyl)amino)carbonyl)propane",,CC(F)(F)C(C(=O)N[C@H]1C[C@@H](NC(=O)C(O)C2CCCCC2)C1)c1ccccc1,
8194,CC(C)(C)OC(=O)N[C@H]1C[C@]2(CCCCN2CC(=O)NC2=CC=CC=C2C#N)C1,2-(((t-butyl)oxycarbonyl)amino)-5-(2-oxo-3-(2-cyanophenyl)-3-azapropyl)-5-azaspiro[3.5]nonane,C(C)(C)(C)OC(=O)NC1CC2(C1)N(CCCC2)CC(NC2=C(C=CC=C2)C#N)=O,CC(C)(C)OC(=O)N[C@H]1C[C@]2(CCCCN2CC(=O)Nc2ccccc2C#N)C1,CC(C)(C)OC(=O)NC1CC2(CCCCN2CC(=O)Nc2ccccc2C#N)C1
8272,Cc1cc(O)cc(C(=O)N[C@H]2C[C@@](F)(CNC(=O)CCCc3sccc3C)C2)c1,3-oxo-1-(1-fluoro-3-((3-hydroxy-5-methylbenzoyl)amino)cyclobutyl)-6-(3-methyl-2-thienyl)-2-azahexane,O=C(NCC1(CC(C1)NC(C1=CC(=CC(=C1)C)O)=O)F)CCCC=1SC=CC1C,Cc1cc(O)cc(C(=O)N[C@H]2C[C@@](F)(CNC(=O)CCCc3sccc3C)C2)c1,Cc1cc(O)cc(C(=O)NC2CC(F)(CNC(=O)CCCc3sccc3C)C2)c1
8277,CCCc1noc(CCCC(=O)NC2(CNC(=O)[C@H]3CC[C@@H](F)C3)CCC2)n1,"(cis)-1-fluoro-3-((((1-((3-(3-propyl-1,2,4-oxadiazol-5-yl)propylcarbonyl)amino)cyclobutyl)methyl)amino)carbonyl)cyclopentane",F[C@@H]1C[C@@H](CC1)C(=O)NCC1(CCC1)NC(=O)CCCC1=NC(=NO1)CCC,CCCc1noc(CCCC(=O)NC2(CNC(=O)C3CC[C@@H](F)C3)CCC2)n1,CCCc1noc(CCCC(=O)NC2(CNC(=O)C3CC[C@H](F)C3)CCC2)n1
8289,CNC(=O)c1cccc(CCC(=O)N[C@@H](C)CCNC(=O)C[C@@H]2C[C@H]3C[C@H]3C2)c1,"(1R,5S)-3-((6S)-6-methyl-2,8-dioxo-10-(3-methylcarbamylphenyl)-3,7-diazadecyl)-bicyclo[3.1.0]hexane",C[C@@H](CCNC(CC1C[C@H]2C[C@H]2C1)=O)NC(CCC1=CC(=CC=C1)C(NC)=O)=O,CNC(=O)c1cccc(CCC(=O)N[C@@H](C)CCNC(=O)C[C@H]2C[C@@H]3C[C@@H]3C2)c1,CNC(=O)c1cccc(CCC(=O)N[C@@H](C)CCNC(=O)CC2C[C@@H]3C[C@@H]3C2)c1
8294,CC=C(F)C(=O)N[C@@H]1[C@@H](C)CN(C(=O)c2ncn(C(C)C)n2)C[C@H]1C,"(3S,5R)-3,5-dimethyl-1-(1-isopropyl-1,2,4-triazol-3-ylcarbonyl)-4-((1-fluoro-propen-1-ylcarbonyl)amino)piperidin",C[C@H]1CN(C[C@H](C1NC(=O)C(=CC)F)C)C(=O)C1=NN(C=N1)C(C)C,CC=C(F)C(=O)N[C@H]1[C@H](C)CN(C(=O)c2ncn(C(C)C)n2)C[C@@H]1C,CC=C(F)C(=O)NC1[C@H](C)CN(C(=O)c2ncn(C(C)C)n2)C[C@@H]1C
8310,CC=CC=CC(=O)N1CCC[C@@H]1[C@H](C)NC(=O)C[C@@H]1COC(C)(C)C1,"(S,R)-2,2-dimethyl-4-(2-oxo-4-((2R)-1-(1,3-pentadien-1-ylcarbonyl)pyrrolidin-2-yl)-3-azapentyl)oxolan",CC1(OC[C@@H](C1)CC(N[C@H](C)[C@@H]1N(CCC1)C(=O)C=CC=CC)=O)C,CC=CC=CC(=O)N1CCC[C@@H]1[C@H](C)NC(=O)C[C@@H]1COC(C)(C)C1,CC=CC=CC(=O)N1CCC[C@@H]1[C@@H](C)NC(=O)C[C@H]1COC(C)(C)C1
8311,C[C@H]1C[C@H]1C(=O)NC1CCN(CCNC(=O)CSS(C)(=O)=O)CC1,"(cis)-1-methyl-2-(((1-(2-((3,3-dioxo-2,3-dithiabutylcarbonyl)amino)ethyl)piperidin-4-yl)amino)carbonyl)cyclopropane",C[C@H]1[C@H](C1)C(=O)NC1CCN(CC1)CCNC(=O)CSS(C)(=O)=O,C[C@H]1CC1C(=O)NC1CCN(CCNC(=O)CSS(C)(=O)=O)CC1,C[C@@H]1CC1C(=O)NC1CCN(CCNC(=O)CSS(C)(=O)=O)CC1
8313,CSCC(=O)N[C@H]1C[C@](C)(NC(=O)c2ccc3[nH]c(=N)[nH]c3c2)C1,"5-(((1-methyl-3-((2-thiapropylcarbonyl)amino)cyclobutyl)amino)carbonyl)-1H-imidazo[4,5-a]benzene-2(3H)-imine",CC1(CC(C1)NC(=O)CSC)NC(=O)C=1C=C2C(=CC1)NC(N2)=N,CSCC(=O)N[C@H]1C[C@](C)(NC(=O)c2ccc3[nH]c(N)nc3c2)C1,CSCC(=O)NC1CC(C)(NC(=O)c2ccc3[nH]c(N)nc3c2)C1
8314,C[C@H]1C[C@H](n2nc(-c3cncnc3)nc2C(C2CC2)C2CC2)C[C@@H](C)O1,"5-(1-((2R,6S)-2,6-dimethyloxan-4-yl)-5-(bis((cyclopropyl))methyl)-1,2,4-triazol-3-yl)pyrimidin",C[C@H]1O[C@H](CC(C1)N1N=C(N=C1C(C1CC1)C1CC1)C=1C=NC=NC1)C,C[C@@H]1C[C@@H](n2nc(-c3cncnc3)nc2C(C2CC2)C2CC2)C[C@H](C)O1,C[C@@H]1CC(n2nc(-c3cncnc3)nc2C(C2CC2)C2CC2)C[C@H](C)O1
8401,CCc1cc(C(=O)N[C@@H]2C[C@@H]2CNC(=O)CNC(=O)CCCCO)c(C)nn1,(cis)-1-(((((4-hydroxybutylcarbonyl)amino)methylcarbonyl)amino)methyl)-2-((3-ethyl-6-methylpyridazin-5-ylcarbonyl)amino)cyclopropane,OCCCCC(=O)NCC(=O)NC[C@H]1[C@H](C1)NC(=O)C=1C=C(N=NC1C)CC,CCc1cc(C(=O)N[C@@H]2C[C@@H]2CNC(=O)CNC(=O)CCCCO)c(C)nn1,CCc1cc(C(=O)N[C@H]2C[C@H]2CNC(=O)CNC(=O)CCCCO)c(C)nn1
8435,C#CC[C@]1(O)C[C@@H](C(=O)N2C[C@H](NC(=O)CCc3nc(C)no3)[C@@H]3C[C@@H]32)C1,"3-methyl-5-(3-oxo-4-((1S,4R,5S)-2-((3R)-3-hydroxy-3-propargylcyclobutylcarbonyl)-2-azabicyclo[3.1.0]hexane-4-yl)-4-azabutyl)-1,2,4-oxadiazole",,C#CCC1(O)CC(C(=O)N2C[C@H](NC(=O)CCc3nc(C)no3)[C@@H]3C[C@@H]32)C1,
8497,CC(C)(C)C(=O)NCCCC(=O)N[C@H]1C[C@H](NC(=O)C=Cc2ccccc2F)C1,1-((2-(2-fluorophenyl)-ethen-1-ylcarbonyl)amino)-3-((3-((t-butylcarbonyl)amino)propylcarbonyl)amino)cyclobutane,FC1=C(C=CC=C1)C=CC(=O)NC1CC(C1)NC(=O)CCCNC(=O)C(C)(C)C,CC(C)(C)C(=O)NCCCC(=O)N[C@H]1C[C@H](NC(=O)C=Cc2ccccc2F)C1,CC(C)(C)C(=O)NCCCC(=O)NC1CC(NC(=O)C=Cc2ccccc2F)C1
8555,C[C@H]1C[C@H](NC(=O)Cc2ccc(Cl)s2)CN1C(=O)[C@H]1C[C@](O)(c2cccnc2)C1,"3-((1R)-1-hydroxy-3-((2S,4S)-2-methyl-4-(((2-chloro-5-thienyl)methylcarbonyl)amino)pyrrolidinocarbonyl)cyclobutyl)pyridin",,C[C@H]1C[C@H](NC(=O)Cc2ccc(Cl)s2)CN1C(=O)C1CC(O)(c2cccnc2)C1,
8585,CCCC(CCC)C(=O)N[C@H]1C[C@@](C)(NC(=O)CCN(C)CCCCOC)C1,1-methyl-1-((2-(N-(4-methoxybutyl)-N-methylamino)ethylcarbonyl)amino)-3-((heptan-4-ylcarbonyl)amino)cyclobutane,CC1(CC(C1)NC(=O)C(CCC)CCC)NC(=O)CCN(C)CCCCOC,CCCC(CCC)C(=O)N[C@H]1C[C@@](C)(NC(=O)CCN(C)CCCCOC)C1,CCCC(CCC)C(=O)NC1CC(C)(NC(=O)CCN(C)CCCCOC)C1
8598,CC(C)n1ccc(C(=O)NC[C@@H]2C[C@H]2NC(=O)[C@]2(C)C[C@@H](C#N)C2)n1,"(1S,2R)-1-(((1-isopropylpyrazol-3-ylcarbonyl)amino)methyl)-2-(((3R)-3-cyano-1-methylcyclobutylcarbonyl)amino)cyclopropane",,CC(C)n1ccc(C(=O)NC[C@@H]2C[C@H]2NC(=O)[C@]2(C)C[C@@H](C#N)C2)n1,
8624,CCOC[C@H](CO)NC(=O)[C@H]1C[C@@H](NC(=O)[C@@]2(C)CCC[C@H]2O)C1,"(1R,3R)-1-((((2S)-1-ethoxy-3-hydroxy-propan-2-yl)amino)carbonyl)-3-(((1S,2R)-2-hydroxy-1-methylcyclopentylcarbonyl)amino)cyclobutane",,CCOC[C@H](CO)NC(=O)C1CC(NC(=O)[C@@]2(C)CCC[C@H]2O)C1,
8642,CCO[C@@H](CC(=O)NC[C@]1(F)C[C@@H](NC(=O)C2=CCCOC2)C1)C(C)C,(5S)-5-isopropyl-3-oxo-1-((3R)-1-fluoro-3-((1-oxacyclohex-3-ene-3-ylcarbonyl)amino)cyclobutyl)-2-aza-6-oxaoctane,,CCO[C@@H](CC(=O)NC[C@]1(F)C[C@@H](NC(=O)C2=CCCOC2)C1)C(C)C,
8730,C#CC[C@]1(O)C[C@@H](C(=O)NC[C@H](CCOC)NC(=O)[C@@](C)(F)C(=O)OCC)C1,"(5S,8R)-8-fluoro-8-methyl-7,9-dioxo-5-((((3R)-3-hydroxy-3-propargylcyclobutylcarbonyl)amino)methyl)-6-aza-2,10-dioxadodecane",,C#CCC1(O)CC(C(=O)NC[C@H](CCOC)NC(=O)[C@@](C)(F)C(=O)OCC)C1,
8739,C[C@@H](CC1CN(C(=O)C#CC2CC2)C1)NC(=O)[C@@H]1Cc2cc(Br)ccc2O1,(S)-1-(1-cyclopropylethynylcarbonylazetidin-3-yl)-2-(((2S)-5-bromocoumaran-2-ylcarbonyl)amino)propane,,C[C@@H](CC1CN(C(=O)C#CC2CC2)C1)NC(=O)C1Cc2cc(Br)ccc2O1,
8822,O=C(NC[C@H]1[C@@H]2CN(C(=O)[C@]3(O)CCOC3)C[C@H]12)c1cn2c(Br)cccc2n1,"(1S,5R,6S)-3-((3S)-3-hydroxyoxolan-3-ylcarbonyl)-6-(((2-bromo-1,7-diazabicyclo[4.3.0]nona-2(3),4(5),6(7),8(9)-tetraen-8-ylcarbonyl)amino)methyl)-3-azabicyclo[3.1.0]hexane",,O=C(NC[C@@H]1[C@H]2CN(C(=O)[C@]3(O)CCOC3)C[C@@H]12)c1cn2c(Br)cccc2n1,
8874,O=C1C[C@@H](C(=O)N2C[C@H](F)[C@H](NC(=O)[C@]3(C(F)(F)F)C[C@@H](O)C3)C2)NC(=O)N1,"1-oxo-1-(((3S,4R)-3-fluoro-1-((6S)-2,4-dioxo-1,3-diazacyclohexan-6-ylcarbonyl)pyrrolidin-4-yl)amino)-1-((3S)-3-hydroxy-1-trifluoromethylcyclobutyl)-methane",,O=C1CC(C(=O)N2C[C@H](F)[C@H](NC(=O)[C@]3(C(F)(F)F)C[C@@H](O)C3)C2)NC(=O)N1,
8877,COCC(F)(F)C(=O)NCCCCNC(=O)CNC(=O)[C@@H]1C[C@@H]1C,"(cis)-1-methyl-2-(((10,10-difluoro-2,9-dioxo-3,8-diaza-12-oxatridecyl)amino)carbonyl)cyclopropane",C[C@H]1[C@H](C1)C(=O)NCC(NCCCCNC(C(COC)(F)F)=O)=O,COCC(F)(F)C(=O)NCCCCNC(=O)CNC(=O)C1C[C@@H]1C,COCC(F)(F)C(=O)NCCCCNC(=O)CNC(=O)C1C[C@H]1C
8915,CC(C)/C=C/CCC(=O)N[C@H]1[C@@H]2CN(C(=O)[C@@H]3C[C@H]3c3cnc[nH]3)C[C@@H]21,"(1S,5R,6S)-3-((1R,2R)-2-(1H-imidazol-5-yl)cyclopropylcarbonyl)-6-(((3E)-5-methyl-hex-3-en-1-ylcarbonyl)amino)-3-azabicyclo[3.1.0]hexane",,CC(C)/C=C/CCC(=O)N[C@H]1[C@@H]2CN(C(=O)C3C[C@H]3c3c[nH]cn3)C[C@@H]21,
8919,C#CCC1(C(=O)N(C)C[C@H]2[C@@H]3CN(C(=O)c4cn(C)nc4Br)C[C@H]23)CC1,"(1S,5R)-3-(3-bromo-1-methylpyrazol-4-ylcarbonyl)-6-((N-(1-propargylcyclopropylcarbonyl)-N-methylamino)methyl)-3-azabicyclo[3.1.0]hexane",BrC1=NN(C=C1C(=O)N1C[C@H]2C([C@H]2C1)CN(C)C(=O)C1(CC1)CC#C)C,C#CCC1(C(=O)N(C)C[C@@H]2[C@H]3CN(C(=O)c4cn(C)nc4Br)C[C@@H]23)CC1,C#CCC1(C(=O)N(C)CC2[C@H]3CN(C(=O)c4cn(C)nc4Br)C[C@@H]23)CC1
9021,Cc1cc(C(=O)N[C@H]2CC[C@@H](N(C)C(=O)CCS(C)(=O)=O)CC2)c2occc2c1,"1-((5-methylcoumaron-7-ylcarbonyl)amino)-4-(N-(3,3-dioxo-3-thiabutylcarbonyl)-N-methylamino)cyclohexane",CC=1C=C2C=COC2=C(C1)C(=O)NC1CCC(CC1)N(C)C(=O)CCS(C)(=O)=O,Cc1cc(C(=O)N[C@H]2CC[C@@H](N(C)C(=O)CCS(C)(=O)=O)CC2)c2occc2c1,Cc1cc(C(=O)NC2CCC(N(C)C(=O)CCS(C)(=O)=O)CC2)c2occc2c1
9041,C[C@@H]1C[C@H]1c1cc(C(=O)N[C@H]2C[C@](C)(NC(=O)c3cn(C)cn3)C2)no1,"3-((((3R)-3-methyl-3-((1-methylimidazol-4-ylcarbonyl)amino)cyclobutyl)amino)carbonyl)-5-((1R,2R)-2-methylcyclopropyl)isooxazol",,C[C@@H]1C[C@H]1c1cc(C(=O)N[C@H]2C[C@](C)(NC(=O)c3cn(C)cn3)C2)no1,
9121,C#CCCCOCCNC(=O)C[C@H]1[C@@H]2CN(C(=O)[C@@H](CO)C(F)(F)F)C[C@H]12,"(1R,5S,6S)-3-((1R)-1-trifluoromethyl-3-oxapropylcarbonyl)-6-(2-oxo-3-aza-6-oxa10-undecyn-1-yl)-3-azabicyclo[3.1.0]hexane",,C#CCCCOCCNC(=O)C[C@@H]1[C@H]2CN(C(=O)C(CO)C(F)(F)F)C[C@@H]12,
9151,C[C@@H](C(=O)N[C@]1(C(=O)NC[C@]2(C)CCOC2)C[C@H](O)C1)C(F)(F)F,(3R)-3-hydroxy-1-(((((3S)-3-methyloxolan-3-yl)methyl)amino)carbonyl)-1-(((1S)-1-trifluoromethyl-ethylcarbonyl)amino)cyclobutane,,CC(C(=O)N[C@]1(C(=O)NC[C@]2(C)CCOC2)C[C@H](O)C1)C(F)(F)F,
9190,CC1(C)C[C@@H](NC(=O)[C@]2(C)C[C@@H]3C[C@@H]3C2)CCN(C(=O)CC[C@H]2CCC(=O)C2)C1,"1-((1R)-3-oxocyclopentyl)-2-((5R)-3,3-dimethyl-5-(((1S,5R)-3-methylbicyclo[3.1.0]hexane-3-ylcarbonyl)amino)azepan-1-ylcarbonyl)-ethane",O=C1C[C@H](CC1)CCC(=O)N1CC(C[C@H](CC1)NC(=O)C1(C[C@@H]2C[C@@H]2C1)C)(C)C,CC1(C)C[C@@H](NC(=O)[C@@]2(C)C[C@H]3C[C@H]3C2)CCN(C(=O)CC[C@H]2CCC(=O)C2)C1,CC1(C)C[C@@H](NC(=O)C2(C)C[C@H]3C[C@H]3C2)CCN(C(=O)CC[C@H]2CCC(=O)C2)C1
9217,O=C(COCC1CC1)N1CC[C@]2(C1)c1[nH]cnc1CCN2C(=O)C1=NOCC1,"(4'S)-1-cyclopropylmethoxymethylcarbonyl-5'-(1-aza-2-oxacyclopent-5-ene-5-ylcarbonyl)-spiro[pyrrolidine-4,4'-4,5-dihydro-imidazo[4,5-c]pyridine]",C1(CC1)COCC(=O)N1CC[C@]2(N(CC=C3C2=NC=N3)C(=O)C=3CCON3)C1,O=C(COCC1CC1)N1CC[C@]2(C1)c1[nH]cnc1CCN2C(=O)C1=NOCC1,O=C(COCC1CC1)N1CC[C@]2(C1)C1=NC=NC1=CCN2C(=O)C1=NOCC1
9219,COC(=O)[C@]1(NCC(=O)NCCCN(C)c2ccccc2)C[C@@H](O)C1,"3-hydroxy-1-methoxycarbonyl-1-((2-oxo-7-phenyl-3,7-diazaoctyl)amino)cyclobutane",OC1CC(C1)(NCC(NCCCN(C)C1=CC=CC=C1)=O)C(=O)OC,COC(=O)[C@]1(NCC(=O)NCCCN(C)c2ccccc2)C[C@@H](O)C1,COC(=O)C1(NCC(=O)NCCCN(C)c2ccccc2)CC(O)C1
9264,CO[C@@H]1CC[C@]2(C(=O)N[C@H]3[C@@H]4CN(C(=O)c5c(C#N)cnn5C)C[C@@H]43)C[C@@H]12,"(1S,5R)-3-(4-cyano-1-methylpyrazol-5-ylcarbonyl)-6-(((1R,2R,5S)-2-methoxybicyclo[3.1.0]hexane-5-ylcarbonyl)amino)-3-azabicyclo[3.1.0]hexane",C(#N)C=1C=NN(C1C(=O)N1C[C@H]2C([C@H]2C1)NC(=O)[C@@]12CC[C@H]([C@@H]2C1)OC)C,CO[C@@H]1CC[C@]2(C(=O)N[C@H]3[C@@H]4CN(C(=O)c5c(C#N)cnn5C)C[C@@H]43)C[C@@H]12,CO[C@@H]1CC[C@]2(C(=O)NC3[C@H]4CN(C(=O)c5c(C#N)cnn5C)C[C@@H]34)C[C@@H]12
9281,Cc1noc(C)c1CC(=O)N(C)[C@H]1[C@@H]2CN(C(=O)C[C@@H](C)c3ccncc3)C[C@@H]21,"(1S,5R,6S)-3-((2R)-2-(4-pyridyl)-propylcarbonyl)-6-(N-((3,5-dimethylisoxazol-4-yl)methylcarbonyl)-N-methylamino)-3-azabicyclo[3.1.0]hexane",,Cc1noc(C)c1CC(=O)N(C)[C@H]1[C@@H]2CN(C(=O)C[C@@H](C)c3ccncc3)C[C@@H]21,
9288,NC(=O)CSCCC(=O)N[C@H]1C[C@@H]2CC[C@H](C1)N2C(=O)c1c(N)ccc(F)c1F,"(1S,5R)-3-((2-(1-carbamylmethylsulfanyl)ethylcarbonyl)amino)-8-(6-amino-2,3-difluorobenzoyl)-8-azabicyclo[3.2.1]octane",C(N)(=O)CSCCC(=O)NC1C[C@@H]2CC[C@H](C1)N2C(C2=C(C(=CC=C2N)F)F)=O,NC(=O)CSCCC(=O)N[C@@H]1C[C@H]2CC[C@@H](C1)N2C(=O)c1c(N)ccc(F)c1F,NC(=O)CSCCC(=O)NC1C[C@H]2CC[C@@H](C1)N2C(=O)c1c(N)ccc(F)c1F
9296,CCOC1(C(=O)NC[C@]2(F)C[C@@H](CNC(=O)[C@H](CC)[C@H](C)O)C2)CCCC1,"1-ethoxy-1-(((((1S)-1-fluoro-3-((((2S,3R)-2-hydroxy-pentan-3-ylcarbonyl)amino)methyl)cyclobutyl)methyl)amino)carbonyl)cyclopentan",,CCOC1(C(=O)NC[C@]2(F)C[C@@H](CNC(=O)C(CC)[C@H](C)O)C2)CCCC1,
9384,CC(=Cn1ccnn1)C(=O)N[C@H]1C[C@](C)(NC(=O)Cc2ncn3c2COCC3)C1,"7-(2-oxo-3-(1-methyl-3-((1-((1,2,3-triazol-1-yl)methylidene)-ethylcarbonyl)amino)cyclobutyl)-3-azapropyl)-1,8-diaza-4-oxabicyclo[4.3.0]nona-6(7),8(9)-diene",O=C(CC1=C2COCCN2C=N1)NC1(CC(C1)NC(=O)C(C)=CN1N=NC=C1)C,CC(=Cn1ccnn1)C(=O)N[C@H]1C[C@](C)(NC(=O)Cc2ncn3c2COCC3)C1,CC(=Cn1ccnn1)C(=O)NC1CC(C)(NC(=O)Cc2ncn3c2COCC3)C1
9429,C=C1C[C@H]1C(=O)NC[C@H]1C[C@H](NC(=O)/C=C/[C@H](C)NC(=O)OC(C)(C)C)C1,"(1E)-3,7,7-trimethyl-5-oxo-1-((((1R,3S)-3-((((1R)-2-methylidenecyclopropylcarbonyl)amino)methyl)cyclobutyl)amino)carbonyl)-4-aza-6-oxaocten",,C=C1CC1C(=O)NC[C@H]1C[C@H](NC(=O)/C=C/[C@H](C)NC(=O)OC(C)(C)C)C1,
9463,CCN1C[C@H](C(=O)N[C@H]2C[C@H](NC(=O)[C@H](C)OCOC)C2)NC1=O,"(4R)-1-ethyl-4-((((1S,3R)-3-(((1S)-1-methyl-2,4-dioxapentylcarbonyl)amino)cyclobutyl)amino)carbonyl)-imidazolidin-2-on",,CCN1CC(C(=O)N[C@H]2C[C@H](NC(=O)C(C)OCOC)C2)NC1=O,
9469,CO[C@@H](CC(C)C)C(=O)N[C@H]1C[C@H](CCNC(=O)CC2(C)CC2)C1,(3S)-1-(((1S)-1-methoxy-3-methyl-butylcarbonyl)amino)-3-(2-(((1-methylcyclopropyl)methylcarbonyl)amino)ethyl)cyclobutane,,COC(CC(C)C)C(=O)N[C@H]1C[C@H](CCNC(=O)CC2(C)CC2)C1,
9477,C/C=C/C[C@H](C)C(=O)N1CC(C)(NC(=O)c2nc3c(Br)cccn3n2)C1,"8-bromo-2-(((3-methyl-1-((2S)-(2S,4E)-hex-4-en-2-ylcarbonyl)azetidin-3-yl)amino)carbonyl)-s-triazolo[1,5-a]pyridin",,C/C=C/CC(C)C(=O)N1CC(C)(NC(=O)c2nc3c(Br)cccn3n2)C1,
9506,C#CC[C@]1(O)C[C@@H](C(=O)N[C@@H]2CCN(C(=O)C3=CCC(F)(F)CC3)C[C@H]2CO)C1,"(3R,4R)-3-hydroxymethyl-1-(4,4-difluorocyclohex-1-en-1-ylcarbonyl)-4-(((3S)-3-hydroxy-3-propargylcyclobutylcarbonyl)amino)piperidin",,C#CCC1(O)CC(C(=O)N[C@@H]2CCN(C(=O)C3=CCC(F)(F)CC3)C[C@H]2CO)C1,
9564,Cc1cc(C(=O)N[C@H]2C[C@@H]3CC[C@H](C2)N3C(=O)C=CC2(C)CCOCC2)cnn1,"(1S,5R)-3-((3-methylpyridazin-5-ylcarbonyl)amino)-8-(2-(4-methyloxan-4-yl)-ethen-1-ylcarbonyl)-8-azabicyclo[3.2.1]octane",CC=1N=NC=C(C1)C(=O)NC1C[C@@H]2CC[C@H](C1)N2C(=O)C=CC2(CCOCC2)C,Cc1cc(C(=O)N[C@@H]2C[C@H]3CC[C@@H](C2)N3C(=O)C=CC2(C)CCOCC2)cnn1,Cc1cc(C(=O)NC2C[C@H]3CC[C@@H](C2)N3C(=O)C=CC2(C)CCOCC2)cnn1
9586,CN(C[C@H]1CC[C@H](CNC(=O)[C@H]2CCCSC2)CC1)C(=O)[C@H](O)C(F)F,"(3R)-3-(((((1S,4R)-4-((N-((1S)-1-difluoromethyl-2-oxaethylcarbonyl)-N-methylamino)methyl)cyclohexyl)methyl)amino)carbonyl)thian",,CN(C[C@H]1CC[C@H](CNC(=O)C2CCCSC2)CC1)C(=O)C(O)C(F)F,
9658,CC(=O)c1ccc(C(=O)NC[C@]2(F)C[C@H](CNC(=O)c3c(Cl)sc(C)c3C)C2)o1,"2-((((1-fluoro-3-(((5-chloro-2,3-dimethyl-4-thienylcarbonyl)amino)methyl)cyclobutyl)methyl)amino)carbonyl)-5-(acetyl)furan",FC1(CC(C1)CNC(=O)C=1C(=C(SC1Cl)C)C)CNC(=O)C=1OC(=CC1)C(C)=O,CC(=O)c1ccc(C(=O)NC[C@]2(F)C[C@H](CNC(=O)c3c(Cl)sc(C)c3C)C2)o1,CC(=O)c1ccc(C(=O)NCC2(F)CC(CNC(=O)c3c(Cl)sc(C)c3C)C2)o1
9665,C=CC1(C(=O)N(C)CC[C@@H](O)CO)CCN(C(=O)C2=C(C)OCCS2)CC1,"2-methyl-3-(4-((5R)-N-(3,4-dihydroxybutyl)-N-methylcarbamoyl)-4-(ethen-1-yl)piperidinocarbonyl)-1-oxa-4-thiacyclohex-2-en",,C=CC1(C(=O)N(C)CC[C@@H](O)CO)CCN(C(=O)C2=C(C)OCCS2)CC1,
9699,C/C=C/C[C@@H](CC)C(=O)N[C@@H]1CN(C(=O)c2c[nH]c(Br)c2)CC1(C)C,"2-bromo-4-((4S)-3,3-dimethyl-4-((2R)-((3R,5E)-hept-5-en-3-ylcarbonyl)amino)pyrrolidinocarbonyl)-1H-pyrrole",,C/C=C/CC(CC)C(=O)N[C@@H]1CN(C(=O)c2c[nH]c(Br)c2)CC1(C)C,
9717,Cc1ccc(C)c(C(=O)N[C@H]2[C@@H]3CN(C(=O)COCC(F)(F)F)C[C@@H]32)c1C,"1,1,1-trifluoro-4-((1S,5R)-6-((2,3,6-trimethylbenzoyl)amino)-3-azabicyclo[3.1.0]hexane-3-ylcarbonyl)-3-oxabutane",FC(COCC(=O)N1C[C@H]2C([C@H]2C1)NC(C1=C(C(=CC=C1C)C)C)=O)(F)F,Cc1ccc(C)c(C(=O)N[C@H]2[C@@H]3CN(C(=O)COCC(F)(F)F)C[C@@H]32)c1C,Cc1ccc(C)c(C(=O)NC2[C@H]3CN(C(=O)COCC(F)(F)F)C[C@@H]23)c1C
9737,O=C(C=Cc1ccc[nH]1)N1C[C@H]2[C@@H](C1)[C@@H]2c1cn(Cc2ncccn2)nn1,"(1S,5R)-3-(2-(1H-pyrrol-2-yl)-ethen-1-ylcarbonyl)-6-(1-((pyrimidin-2-yl)methyl)-1,2,3-triazol-4-yl)-3-azabicyclo[3.1.0]hexane",N1C(=CC=C1)C=CC(=O)N1C[C@@H]2C([C@@H]2C1)C=1N=NN(C1)CC1=NC=CC=N1,O=C(C=Cc1ccc[nH]1)N1C[C@@H]2[C@H](C1)[C@H]2c1cn(Cc2ncccn2)nn1,O=C(C=Cc1ccc[nH]1)N1C[C@@H]2C(c3cn(Cc4ncccn4)nn3)[C@@H]2C1
9788,Cc1ccc2cc(C(=O)NC[C@]3(F)C[C@H](NC(=O)c4coc(Cl)n4)C3)[nH]c2c1,1-fluoro-1-(((6-methylindol-2-ylcarbonyl)amino)methyl)-3-((2-chlorooxazol-4-ylcarbonyl)amino)cyclobutane,FC1(CC(C1)NC(=O)C=1N=C(OC1)Cl)CNC(=O)C=1NC2=CC(=CC=C2C1)C,Cc1ccc2cc(C(=O)NC[C@]3(F)C[C@H](NC(=O)c4coc(Cl)n4)C3)[nH]c2c1,Cc1ccc2cc(C(=O)NCC3(F)CC(NC(=O)c4coc(Cl)n4)C3)[nH]c2c1
9811,CC[C@@H](C)C(=O)N1C[C@H]2[C@H](NC(=O)[C@H]3COCCO3)[C@H]2C1,"(1S,5R,6S)-3-((2R)-butan-2-ylcarbonyl)-6-(((2R)-1,4-dioxan-2-ylcarbonyl)amino)-3-azabicyclo[3.1.0]hexane",,CCC(C)C(=O)N1C[C@@H]2[C@H](C1)[C@H]2NC(=O)C1COCCO1,
9825,CN(C[C@@H](O)CO)C(=O)[C@@H]1C=CCN(C(=O)C=CC2CC2)C1,"1-(2-((3R)-3-((4R)-N-(2,3-dihydroxypropyl)-N-methylcarbamoyl)-1-azacyclohex-4-ene-1-ylcarbonyl)eth-1-en-1-yl)cyclopropan",,CN(C[C@@H](O)CO)C(=O)C1C=CCN(C(=O)C=CC2CC2)C1,
9865,C#CC[C@]1(O)C[C@@H](C(=O)NCCC2(C(=O)N3C[C@@H](CO)O[C@H](C)C3)CCC2)C1,"1-((1R)-1-hydroxy-3-(((2-(1-((2R,6S)-6-hydroxymethyl-2-methylmorpholinocarbonyl)cyclobutyl)ethyl)amino)carbonyl)cyclobutyl)-2-propyn",,C#CCC1(O)CC(C(=O)NCCC2(C(=O)N3C[C@@H](CO)O[C@H](C)C3)CCC2)C1,
9919,C[C@@H](C(=O)N(C)C[C@H]1[C@@H]2CN(C(=O)CN(C)C(N)=O)C[C@H]12)C1CCOCC1,"(1S,5R)-3-((carbamyl(methyl)amino)methylcarbonyl)-6-((N-((1R)-1-(oxan-4-yl)-ethylcarbonyl)-N-methylamino)methyl)-3-azabicyclo[3.1.0]hexane",C(N)(=O)N(C)CC(=O)N1C[C@H]2C([C@H]2C1)CN(C)C(=O)[C@H](C)C1CCOCC1,CC(C(=O)N(C)C[C@@H]1[C@H]2CN(C(=O)CN(C)C(N)=O)C[C@@H]12)C1CCOCC1,CC(C(=O)N(C)CC1[C@H]2CN(C(=O)CN(C)C(N)=O)C[C@@H]12)C1CCOCC1
9994,CC(C)C1(C(=O)N[C@H]2[C@@H]3CN(C(=O)c4ccnc5ccncc45)C[C@@H]32)CCC1,"(1S,5R)-3-(2,8-diazabicyclo[4.4.0]deca-1(2),3(4),5(6),7(8),9(10)-pentaen-5-ylcarbonyl)-6-((1-isopropylcyclobutylcarbonyl)amino)-3-azabicyclo[3.1.0]hexane",C12=NC=CC(=C2C=NC=C1)C(=O)N1C[C@H]2C([C@H]2C1)NC(=O)C1(CCC1)C(C)C,CC(C)C1(C(=O)N[C@H]2[C@@H]3CN(C(=O)c4ccnc5ccncc45)C[C@@H]32)CCC1,CC(C)C1(C(=O)NC2[C@H]3CN(C(=O)c4ccnc5ccncc45)C[C@@H]23)CCC1
10061,CCCC[C@@H](O)C(=O)NCC12CC(NC(=O)C=C[S@](C)=O)(C1)C1(CCOCC1)O2,,,CCCCC(O)C(=O)NCC12CC(NC(=O)C=C[S@+](C)[O-])(C1)C1(CCOCC1)O2,
10091,CCc1noc(C(=O)N2[C@H]3CC[C@@H]2C[C@@H](CNC(=O)C(F)=C(C)C2CC2)C3)n1,"(1S,5R)-3-(((2-cyclopropyl-1-fluoro-propen-1-ylcarbonyl)amino)methyl)-8-(3-ethyl-1,2,4-oxadiazol-5-ylcarbonyl)-8-azabicyclo[3.2.1]octane",C1(CC1)C(=C(C(=O)NCC1C[C@@H]2CC[C@H](C1)N2C(=O)C2=NC(=NO2)CC)F)C,CCc1noc(C(=O)N2[C@@H]3CC[C@H]2C[C@H](CNC(=O)C(F)=C(C)C2CC2)C3)n1,CCc1noc(C(=O)N2[C@@H]3CC[C@H]2CC(CNC(=O)C(F)=C(C)C2CC2)C3)n1
10132,CCC(=CC(=O)NC[C@@H]1C[C@@H]2CC[C@H](C1)N2c1ccnc(Cl)n1)CC,"5-ethyl-3-oxo-1-((1R,5S)-8-(2-chloropyrimidin-4-yl)-8-azabicyclo[3.2.1]octan-3-yl)-2-aza-4-hepten",C(C)C(=CC(NCC1C[C@H]2CC[C@@H](C1)N2C2=NC(=NC=C2)Cl)=O)CC,CCC(=CC(=O)NC[C@H]1C[C@H]2CC[C@@H](C1)N2c1ccnc(Cl)n1)CC,CCC(=CC(=O)NCC1C[C@H]2CC[C@@H](C1)N2c1ccnc(Cl)n1)CC
10135,Cc1cccc2c(=O)c(C(=O)NCC3CN(C(=O)[C@]4(F)[C@H]5CCC[C@H]54)C3)c[nH]c12,"(1S,5R)-6-fluoro-6-(3-(((8-methyl-4-oxo-1,4-dihydrochinolin-3-ylcarbonyl)amino)methyl)azetidin-1-ylcarbonyl)-bicyclo[3.1.0]hexane",FC1([C@@H]2CCC[C@H]12)C(=O)N1CC(C1)CNC(=O)C1=CNC2=C(C=CC=C2C1=O)C,Cc1cccc2c(=O)c(C(=O)NCC3CN(C(=O)[C@@]4(F)[C@@H]5CCC[C@@H]54)C3)c[nH]c12,Cc1cccc2c(=O)c(C(=O)NCC3CN(C(=O)C4(F)[C@@H]5CCC[C@@H]54)C3)c[nH]c12
10199,CCC1(NC(=O)[C@@H]2[C@H]3CN(C(=O)[C@@H](O)c4cccnc4)C[C@H]32)CCCC1,"(1S,5R,6S)-3-((1S)-1-(3-pyridyl)-2-oxaethylcarbonyl)-6-(((1-ethylcyclopentyl)amino)carbonyl)-3-azabicyclo[3.1.0]hexane",,CCC1(NC(=O)C2[C@H]3CN(C(=O)C(O)c4cccnc4)C[C@@H]23)CCCC1,
10228,O=C(N[C@@H](C1CCC1)[C@H]1CCOC1)N[C@H](CCO)c1nccs1,"(S,R)-2-(5-cyclobutyl-3-oxo-1-(3-oxapropyl)-5-((3R)-oxolan-3-yl)-2,4-diazapentyl)thiazol",C1(CCC1)[C@@H](NC(N[C@@H](CCO)C=1SC=CN1)=O)[C@@H]1COCC1,O=C(N[C@H](CCO)c1nccs1)N[C@@H](C1CCC1)[C@H]1CCOC1,O=C(N[C@@H](CCO)c1nccs1)N[C@H](C1CCC1)[C@H]1CCOC1
10295,C[S@](=O)C1CN(C(=O)[C@]2(NC(=O)CCc3ncccn3)C[C@@H](O)C2)C1,1-((((3R)-3-hydroxy-1-(3-((S)-methylsulfinyl)azetidin-1-ylcarbonyl)cyclobutyl)amino)carbonyl)-2-(pyrimidin-2-yl)-ethane,,C[S@+]([O-])C1CN(C(=O)[C@]2(NC(=O)CCc3ncccn3)C[C@@H](O)C2)C1,
10343,C#C[C@]1(O)C[C@@H](C(=O)N[C@H](CC(F)F)C(=O)N[C@@H](C)C2CC2)C1,"(3R,6S)-6-cyclopropyl-1,1-difluoro-4-oxo-3-(((3S)-3-acetenyl-3-hydroxycyclobutylcarbonyl)amino)-5-azaheptane",,C#CC1(O)CC(C(=O)NC(CC(F)F)C(=O)N[C@@H](C)C2CC2)C1,
10434,CCOC1(CNC(=O)CC[C@H]2C[C@@H](NC(=O)[C@H]3C[C@@H]3[C@@H]3CCCO3)C2)CCCC1,"2-((1S,2S)-2-((((cis)-3-(3-oxo-5-(1-ethoxycyclopentyl)-4-azapentyl)cyclobutyl)amino)carbonyl)cyclopropyl)oxolan",O=C(CC[C@H]1C[C@H](C1)NC(=O)[C@@H]1[C@H](C1)C1OCCC1)NCC1(CCCC1)OCC,CCOC1(CNC(=O)CC[C@H]2C[C@@H](NC(=O)C3C[C@@H]3[C@@H]3CCCO3)C2)CCCC1,CCOC1(CNC(=O)CC[C@H]2C[C@@H](NC(=O)C3C[C@@H]3C3CCCO3)C2)CCCC1
10452,CC[C@@H]1CCCC[C@H]1OCC(=O)NC1(CN=c2[nH]nc(C(C)C)o2)CCOCC1,"2-isopropyl-5-((1-(4-((((1R,2R)-2-ethylcyclohexyl)oxymethylcarbonyl)amino)oxan-4-yl)-methyl)imino)-1,3,4-oxadiazole",C(C)(C)C1OC(N=N1)=NCC1(CCOCC1)NC(=O)CO[C@H]1[C@@H](CCCC1)CC,CC[C@@H]1CCCC[C@H]1OCC(=O)NC1(CNc2nnc(C(C)C)o2)CCOCC1,CC[C@@H]1CCCC[C@H]1OCC(=O)NC1(CN=C2N=NC(C(C)C)O2)CCOCC1
10466,COCC(=O)N[C@H](C(=O)N[C@H]1C[C@@H]2CN(C(=O)C3CCC3)C[C@@H]2C1)C(C)C,"(1S,5R)-3-cyclobutylcarbonyl-7-(((1S)-1-isopropyl-3-oxo-2-aza-5-oxahexylcarbonyl)amino)-3-azabicyclo[3.3.0]octane",C1(CCC1)C(=O)N1C[C@H]2CC(C[C@H]2C1)NC(=O)[C@@H](NC(COC)=O)C(C)C,COCC(=O)NC(C(=O)N[C@H]1C[C@@H]2CN(C(=O)C3CCC3)C[C@@H]2C1)C(C)C,COCC(=O)NC(C(=O)NC1C[C@@H]2CN(C(=O)C3CCC3)C[C@@H]2C1)C(C)C
10504,CC(C)c1cc(C(=O)N2C[C@H]3[C@H](N(C)C(=O)c4ccc(CO)s4)[C@H]3C2)no1,"(1S,5R)-3-(5-isopropylisoxazol-3-ylcarbonyl)-6-(N-(2-hydroxymethyl-5-thienylcarbonyl)-N-methylamino)-3-azabicyclo[3.1.0]hexane",C(C)(C)C1=CC(=NO1)C(=O)N1C[C@H]2C([C@H]2C1)N(C)C(=O)C1=CC=C(S1)CO,CC(C)c1cc(C(=O)N2C[C@@H]3[C@H](C2)[C@H]3N(C)C(=O)c2ccc(CO)s2)no1,CC(C)c1cc(C(=O)N2C[C@@H]3C(N(C)C(=O)c4ccc(CO)s4)[C@@H]3C2)no1
10512,C[C@@H](C(=O)N1[C@H]2CC[C@@H]1C[C@H](NC(=O)CCSCC(N)=O)C2)P(C)(C)=O,"(1S,3S,5R)-3-((2-(1-carbamylmethylsulfanyl)ethylcarbonyl)amino)-8-((1S)-1,2-dimethyl-2-oxo-2-phosphapropylcarbonyl)-8-azabicyclo[3.2.1]octane",,CC(C(=O)N1[C@@H]2CC[C@H]1C[C@@H](NC(=O)CCSCC(N)=O)C2)P(C)(C)=O,
10524,CC[C@H](C)C[C@H](C)C(=O)N[C@H]1C[C@H](CC(=O)N2CC([C@H](C)OC)C2)C1,"1-(((1S,3S)-3-(((2S,4S)-4-methyl-hexan-2-ylcarbonyl)amino)cyclobutyl)methylcarbonyl)-3-((1S)-1-methyl-2-oxapropyl)azetidin",,CC[C@H](C)CC(C)C(=O)N[C@H]1C[C@H](CC(=O)N2CC([C@H](C)OC)C2)C1,
10542,CN1CCC(=CC(=O)N(C)[C@@H](CNC(=O)c2cccc(Cl)c2)C2CC2)C1,1-methyl-3-(N-((1R)-1-cyclopropyl-1-(((3-chlorobenzoyl)amino)methyl)-methyl)-N-methylcarbamoylmethylidene)pyrrolidin,,CN1CCC(=CC(=O)N(C)[C@@H](CNC(=O)c2cccc(Cl)c2)C2CC2)C1,
10574,Cc1ccnc(C(=O)N2CC(C)(C)C[C@H]2CC(=O)N2C[C@H]3[C@H](N(C)C)[C@H]3C2)c1N,"(1S,5R,6R)-3-(((5S)-3,3-dimethyl-1-(3-amino-4-methyl-2-pyridylcarbonyl)pyrrolidin-5-yl)methylcarbonyl)-6-(dimethylamino)-3-azabicyclo[3.1.0]hexane",,Cc1ccnc(C(=O)N2CC(C)(C)C[C@H]2CC(=O)N2C[C@@H]3[C@H](C2)[C@H]3N(C)C)c1N,
10603,CC1(C)OCC[C@H]1C(=O)NC[C@H]1[C@@H]2CN(C(=O)c3ccc(S(C)(=O)=O)[nH]3)C[C@H]12,"(1S,5R)-3-(2-mesyl-1H-pyrrol-5-ylcarbonyl)-6-((((3R)-2,2-dimethyloxolan-3-ylcarbonyl)amino)methyl)-3-azabicyclo[3.1.0]hexane",S(=O)(=O)(C)C=1NC(=CC1)C(=O)N1C[C@H]2C([C@H]2C1)CNC(=O)[C@H]1C(OCC1)(C)C,CC1(C)OCCC1C(=O)NC[C@@H]1[C@H]2CN(C(=O)c3ccc(S(C)(=O)=O)[nH]3)C[C@@H]12,CC1(C)OCCC1C(=O)NCC1[C@H]2CN(C(=O)c3ccc(S(C)(=O)=O)[nH]3)C[C@@H]12
10637,Cc1[nH]nc(CO)c1C(=O)N(C)C[C@H]1[C@@H]2CN(C(=O)[C@@H](C)n3cccn3)C[C@H]12,"(1S,5R,6R)-3-((1R)-1-(pyrazol-1-yl)-ethylcarbonyl)-6-((N-(3-hydroxymethyl-5-methyl-1H-pyrazol-4-ylcarbonyl)-N-methylamino)methyl)-3-azabicyclo[3.1.0]hexane",,Cc1[nH]nc(CO)c1C(=O)N(C)C[C@@H]1[C@H]2CN(C(=O)C(C)n3cccn3)C[C@@H]12,
10643,CCCC[C@H](C(=O)N(C)CCN(C(=O)C=C1CCC1)C(C)C)C(C)C,1-(N-(2-(N-((3S)-2-methyl-heptan-3-ylcarbonyl)-N-methylamino)ethyl)-N-isopropylcarbamoylmethylidene)cyclobutan,,CCCCC(C(=O)N(C)CCN(C(=O)C=C1CCC1)C(C)C)C(C)C,
10746,CCCCCC(=O)N[C@H]1C[C@@H]2CN(C(=O)CCC(C)(C)OC)C[C@@H]2C1,"1-((((1R,5S)-3-(3,3-dimethyl-4-oxapentylcarbonyl)-3-azabicyclo[3.3.0]octan-7-yl)amino)carbonyl)pentane",CC(CCC(=O)N1C[C@@H]2CC(C[C@@H]2C1)NC(=O)CCCCC)(OC)C,CCCCCC(=O)N[C@H]1C[C@@H]2CN(C(=O)CCC(C)(C)OC)C[C@@H]2C1,CCCCCC(=O)NC1C[C@@H]2CN(C(=O)CCC(C)(C)OC)C[C@@H]2C1
10747,Cc1cc(C(=O)N[C@]2(C)C[C@H](NC(=O)CCCN3CCOC3=O)C2)c(C)cc1Cl,"1-(4-oxo-5-(3-methyl-3-((4-chloro-2,5-dimethylbenzoyl)amino)cyclobutyl)-5-azapentyl)-1-aza-3-oxacyclopentan-2-on",O=C(CCCN1C(OCC1)=O)NC1CC(C1)(NC(C1=C(C=C(C(=C1)C)Cl)C)=O)C,Cc1cc(C(=O)N[C@]2(C)C[C@H](NC(=O)CCCN3CCOC3=O)C2)c(C)cc1Cl,Cc1cc(C(=O)NC2(C)CC(NC(=O)CCCN3CCOC3=O)C2)c(C)cc1Cl
10795,C[C@@H]1[C@@H](C(=O)N=c2[nH][nH]c3ccccc23)CCN1c1ccccc1,"1-((2R,3S)-1-phenyl-3-(((indazol-3-ylidene)amino)carbonyl)pyrrolidin-2-yl)-methane",C1(=CC=CC=C1)N1[C@@H]([C@H](CC1)C(=O)N=C1N=NC2=CC=CC=C12)C,C[C@@H]1C(C(=O)Nc2[nH]nc3ccccc23)CCN1c1ccccc1,C[C@@H]1C(C(=O)Nc2[nH]nc3ccccc23)=CCN1c1ccccc1
10814,O=C(C(=O)N1C[C@H]2C=C[C@H]1[C@@H](C(=O)NCCCCCO)C2)C1CCOCC1,"(1S,4R,8S)-2-(oxan-4-ylcarbonylcarbonyl)-8-(((5-hydroxypentyl)amino)carbonyl)-2-azabicyclo[2.2.2]oct-5(6)-ene",O1CCC(CC1)C(=O)C(=O)N1[C@@H]2C=C[C@@H](C1)[C@H](C2)C(=O)NCCCCCO,O=C(C(=O)N1C[C@H]2C=C[C@H]1C(C(=O)NCCCCCO)C2)C1CCOCC1,O=C(C(=O)N1C[C@@H]2C=C[C@@H]1CC2C(=O)NCCCCCO)C1CCOCC1
10865,COC[C@@]1(CNC(=O)CCC(C)C)CCCN1C(=O)[C@H]1C[C@](C)(F)C1,(2S)-2-methoxymethyl-1-((3S)-3-fluoro-3-methylcyclobutylcarbonyl)-2-(((3-methyl-butylcarbonyl)amino)methyl)pyrrolidin,,COC[C@@]1(CNC(=O)CCC(C)C)CCCN1C(=O)C1CC(C)(F)C1,
10986,O=C(CCF)N[C@H]1C[C@H]2C[C@@H](NC(=O)[C@@H]3CC[C@H](C(F)(F)F)O3)C[C@H]2C1,"1-fluoro-2-((((1R,3R,5S)-7-(((2R,5S)-2-trifluoromethyloxolan-5-ylcarbonyl)amino)-bicyclo[3.3.0]octan-3-yl)amino)carbonyl)-ethane",,O=C(CCF)N[C@@H]1C[C@@H]2C[C@H](NC(=O)C3CC[C@H](C(F)(F)F)O3)C[C@@H]2C1,
11047,CC=C[C@@H](O)C(=O)NCC[C@H]1C[C@@H](NC(=O)[C@@H]2CC(C(C)C)=NO2)C1,"(4S)-2-isopropyl-4-((((1R,3R)-3-(2-(((1R)-1-hydroxy-2-buten-1-ylcarbonyl)amino)ethyl)cyclobutyl)amino)carbonyl)-1-aza-5-oxacyclopent-1-en",,CC=CC(O)C(=O)NCC[C@H]1C[C@@H](NC(=O)C2CC(C(C)C)=NO2)C1,
11069,O=C(NCCNC(=O)[C@H]1C[C@](F)(CO)C1)[C@@]12CC[C@@H](C1)S(=O)(=O)CC2,"(1S,5R)-2,2-dioxo-5-(((2-(((3S)-3-fluoro-3-hydroxymethylcyclobutylcarbonyl)amino)ethyl)amino)carbonyl)-2-thiabicyclo[3.2.1]octane",,O=C(NCCNC(=O)[C@@]12CC[C@@H](C1)S(=O)(=O)CC2)C1CC(F)(CO)C1,
11120,COC[C@@H](C)C(=O)N1C[C@H]2C[C@@H](C(=O)N3CC(C4CCCC4)C3)C[C@H]2C1,"(2R)-2-((1R,5S,7R)-7-(3-cyclopentylazetidin-1-ylcarbonyl)-3-azabicyclo[3.3.0]octan-3-ylcarbonyl)-4-oxapentane",,COCC(C)C(=O)N1C[C@H]2CC(C(=O)N3CC(C4CCCC4)C3)C[C@H]2C1,
11122,COc1cc(Br)cc(C(=O)N[C@H]2[C@@H]3CN(C(=O)C4COCCOC4)C[C@@H]32)c1,"(1S,5R)-3-(1,4-dioxacycloheptan-6-ylcarbonyl)-6-((3-bromo-5-methoxybenzoyl)amino)-3-azabicyclo[3.1.0]hexane",O1CCOCC(C1)C(=O)N1C[C@H]2C([C@H]2C1)NC(C1=CC(=CC(=C1)OC)Br)=O,COc1cc(Br)cc(C(=O)N[C@H]2[C@@H]3CN(C(=O)C4COCCOC4)C[C@@H]32)c1,COc1cc(Br)cc(C(=O)NC2[C@H]3CN(C(=O)C4COCCOC4)C[C@@H]23)c1
11260,CCCCCOCC(=O)N1CCCO[C@H](CNC(=O)[C@]2(CC)CC[C@H](O)CC2)C1,1-((3R)-3-((((4S)-1-ethyl-4-hydroxycyclohexylcarbonyl)amino)methyl)-1-aza-4-oxacycloheptan-1-ylcarbonyl)-2-oxaheptane,,CCCCCOCC(=O)N1CCCO[C@H](CNC(=O)[C@]2(CC)CC[C@H](O)CC2)C1,
11298,CC(C)[C@@H](O)[C@@H](C)C(=O)N1[C@H]2CC[C@@H]1C[C@@H](NC(=O)c1cc3ccccn3n1)C2,"2-((((1R,3S,5S)-8-((2R,3R)-3-hydroxy-4-methyl-pentan-2-ylcarbonyl)-8-azabicyclo[3.2.1]octan-3-yl)amino)carbonyl)-pyrido[1,2-b]pyrazole",,CC(C)[C@@H](O)C(C)C(=O)N1[C@@H]2CC[C@H]1C[C@H](NC(=O)c1cc3ccccn3n1)C2,
11346,C[C@H]1CN(C(=O)c2cn(C)nn2)C[C@]2(CCN(C(=O)c3cccc(C#N)n3)C2)O1,"(5S,7S)-7-methyl-2-(2-cyano-6-pyridylcarbonyl)-9-(1-methyl-1,2,3-triazol-4-ylcarbonyl)-2,9-diaza-6-oxaspiro[4.5]decane",C[C@@H]1O[C@]2(CCN(C2)C(=O)C2=CC=CC(=N2)C#N)CN(C1)C(=O)C=1N=NN(C1)C,C[C@H]1CN(C(=O)c2cn(C)nn2)C[C@]2(CCN(C(=O)c3cccc(C#N)n3)C2)O1,C[C@H]1CN(C(=O)c2cn(C)nn2)C[C@@]2(CCN(C(=O)c3cccc(C#N)n3)C2)O1
11382,C#CCSCC(=O)N(C)[C@H]1[C@@H]2CN(C(=O)c3cc(Cl)ccc3OCC(C)C)C[C@@H]21,"(1S,5R)-3-(5-chloro-2-isobutoxybenzoyl)-6-(N-(2-thia4-pentyn-1-ylcarbonyl)-N-methylamino)-3-azabicyclo[3.1.0]hexane",ClC=1C=CC(=C(C(=O)N2C[C@H]3C([C@H]3C2)N(C)C(=O)CSCC#C)C1)OCC(C)C,C#CCSCC(=O)N(C)[C@H]1[C@@H]2CN(C(=O)c3cc(Cl)ccc3OCC(C)C)C[C@@H]21,C#CCSCC(=O)N(C)C1[C@H]2CN(C(=O)c3cc(Cl)ccc3OCC(C)C)C[C@@H]12
11391,C[C@]1(NC(=O)C=Cc2cccc(Cl)c2)C[C@H](NC(=O)c2n[nH]c(C3CC3)n2)C1,"1-(((1-methyl-3-((3-cyclopropyl-2H-1,2,4-triazol-5-ylcarbonyl)amino)cyclobutyl)amino)carbonyl)-2-(3-chlorophenyl)ethen",CC1(CC(C1)NC(=O)C=1N=C(NN1)C1CC1)NC(=O)C=CC1=CC(=CC=C1)Cl,C[C@]1(NC(=O)C=Cc2cccc(Cl)c2)C[C@H](NC(=O)c2n[nH]c(C3CC3)n2)C1,CC1(NC(=O)C=Cc2cccc(Cl)c2)CC(NC(=O)c2n[nH]c(C3CC3)n2)C1
11443,CC1(C)OCCO[C@H]1C(=O)N[C@H]1C[C@@H]2CC[C@H](C1)N2C(=O)CC1(CO)CC1,"(1S,5R)-3-(((3R)-2,2-dimethyl-1,4-dioxan-3-ylcarbonyl)amino)-8-((1-hydroxymethylcyclopropyl)methylcarbonyl)-8-azabicyclo[3.2.1]octane",CC1(OCCO[C@H]1C(=O)NC1C[C@@H]2CC[C@H](C1)N2C(=O)CC2(CC2)CO)C,CC1(C)OCCOC1C(=O)N[C@@H]1C[C@H]2CC[C@@H](C1)N2C(=O)CC1(CO)CC1,CC1(C)OCCOC1C(=O)NC1C[C@H]2CC[C@@H](C1)N2C(=O)CC1(CO)CC1
11457,O=C(Cc1nnc(O)s1)N1C[C@H]2CC[C@H]1CN2C(=O)[C@@H]1[C@H]2C[C@@H]2[C@H]2C[C@@H]12,"(1R,4S)-2-((1R,2R,3S,5R,6R)-tricyclo[4.1.0.0^3,5]heptan-2-ylcarbonyl)-5-((2-hydroxy-1,3,4-thiadiazol-5-yl)methylcarbonyl)-2,5-diazabicyclo[2.2.2]octane",,O=C(Cc1n[nH]c(=O)s1)N1C[C@H]2CC[C@H]1CN2C(=O)C1[C@H]2C[C@@H]2[C@H]2C[C@@H]12,
11460,Cc1cc2nc[nH]c(=NCCN(C)C(=O)c3cnn(C4CC4)c3)c2[nH]1,"6-methyl-4-((3-(1-cyclopropylpyrazol-4-ylcarbonyl)-3-azabutyl)imino)-pyrimido[5,4-b]pyrrole",CC1=CC=2C(=N1)C(N=CN2)=NCCN(C)C(=O)C=2C=NN(C2)C2CC2,Cc1cc2ncnc(NCCN(C)C(=O)c3cnn(C4CC4)c3)c2[nH]1,C=C1C=c2[nH]cnc(=NCCN(C)C(=O)c3cnn(C4CC4)c3)c2=N1
11481,CN1C=N[C@@H](C(=O)N=[S@](C)(=O)c2ccc(NC(=O)OC(C)(C)C)cc2)C1,"(3R)-1-methyl-3-((((1R)-1-oxo-1-(4-bocaminophenyl)-1-thiaethyl)amino)carbonyl)-1,4-diazacyclopent-4-en",CN1C[C@@H](N=C1)C(=O)NC[S@@](C1=CC=C(C=C1)NC(=O)OC(C)(C)C)=O,CN1C=NC(C(=O)N=[S@](C)(=O)c2ccc(NC(=O)OC(C)(C)C)cc2)C1,CN1C=NC(C(=O)NC[S@+]([O-])c2ccc(NC(=O)OC(C)(C)C)cc2)C1
11487,C[C@H]1CCC(Cl)=C(C(=O)NC[C@]2(F)C[C@H](NC(=O)COCCc3cccs3)C2)C1,1-((((1S)-3-fluoro-3-((((5S)-2-chloro-5-methylcyclohex-1-en-1-ylcarbonyl)amino)methyl)cyclobutyl)amino)carbonyl)-4-(2-thienyl)-2-oxabutane,,C[C@H]1CCC(Cl)=C(C(=O)NC[C@]2(F)C[C@H](NC(=O)COCCc3cccs3)C2)C1,
11491,CS[C@@H](C)CCC(=O)N[C@H]1C[C@@](F)(CNC(=O)CCOCc2ccccc2)C1,3-oxo-7-phenyl-1-((1S)-1-fluoro-3-(((3S)-3-methyl-4-thiapentylcarbonyl)amino)cyclobutyl)-2-aza-6-oxaheptane,,CS[C@@H](C)CCC(=O)N[C@H]1C[C@@](F)(CNC(=O)CCOCc2ccccc2)C1,
11497,Cc1nccc(CCC(=O)NC[C@H](O)CN(C)C(=O)[C@H]2C[C@@H]3CC[C@H](C2)[C@@H]3O)n1,"(1S,5R,8S)-8-hydroxy-3-(N-((2S)-2-hydroxy-5-oxo-7-(2-methylpyrimidin-4-yl)-4-azaheptyl)-N-methylcarbamoyl)-bicyclo[3.2.1]octane",,Cc1nccc(CCC(=O)NC[C@H](O)CN(C)C(=O)C2C[C@H]3CC[C@@H](C2)[C@H]3O)n1,
11541,C[C@H]1C[C@H]1C(=O)N1CC2(C1)OC1(CNC(=O)c3sccc3Cl)CC2(C(N)=O)C1,,,C[C@H]1CC1C(=O)N1CC2(C1)OC1(CNC(=O)c3sccc3Cl)CC2(C(N)=O)C1,
11652,O=C(NC[C@H]1C[C@@H]2CC[C@H](C1)N2C(=O)c1cnc2c(c1)CCC2)c1ccc[nH]1,"3-((1R,5S)-3-(((1H-pyrrol-2-ylcarbonyl)amino)methyl)-8-azabicyclo[3.2.1]octan-8-ylcarbonyl)-6,7-dihydro-cyclopenta[b]pyridin",N1C(=CC=C1)C(=O)NCC1C[C@H]2CC[C@@H](C1)N2C(=O)C=2C=C1C(=NC2)CCC1,O=C(NC[C@@H]1C[C@H]2CC[C@@H](C1)N2C(=O)c1cnc2c(c1)CCC2)c1ccc[nH]1,O=C(NCC1C[C@H]2CC[C@@H](C1)N2C(=O)c1cnc2c(c1)CCC2)c1ccc[nH]1
11724,CCc1cc(C(=O)NC[C@]2(F)C[C@H](NC(=O)[C@@H](CC)CCOC)C2)no1,(5S)-5-((((3S)-3-fluoro-3-(((5-ethylisooxazol-3-ylcarbonyl)amino)methyl)cyclobutyl)amino)carbonyl)-2-oxaheptane,,CCc1cc(C(=O)NC[C@]2(F)C[C@H](NC(=O)C(CC)CCOC)C2)no1,
11726,C[C@H]1CN(C(=O)Cn2cccn2)C[C@@H](C)[C@@H]1NC(=O)c1cc(=O)n(C)o1,"2-methyl-5-((((3R,5S)-3,5-dimethyl-1-((pyrazol-1-yl)methylcarbonyl)piperidin-4-yl)amino)carbonyl)-isoxazol-3-on",CN1OC(=CC1=O)C(=O)NC1[C@@H](CN(C[C@@H]1C)C(=O)CN1N=CC=C1)C,C[C@@H]1CN(C(=O)Cn2cccn2)C[C@H](C)[C@H]1NC(=O)c1cc(=O)n(C)o1,C[C@@H]1CN(C(=O)Cn2cccn2)C[C@H](C)C1NC(=O)c1cc(=O)n(C)o1
11746,COc1ccc(CC(=O)N[C@H]2C[C@](C)(NC(=O)[C@@H]3CCCS3)C2)c(Cl)c1,(2S)-2-((((3S)-1-methyl-3-((2-chloro-4-methoxyphenylacetyl)amino)cyclobutyl)amino)carbonyl)thiolane,,COc1ccc(CC(=O)N[C@H]2C[C@](C)(NC(=O)C3CCCS3)C2)c(Cl)c1,
11782,CC[C@](C)(OC)C(=O)N[C@H]1[C@@H]2CN(C(=O)c3n[nH]c4c3CN(C)CC4)C[C@@H]21,"3-methyl-9-((1S,5R)-6-(((2S)-2-methoxy-butan-2-ylcarbonyl)amino)-3-azabicyclo[3.1.0]hexane-3-ylcarbonyl)-3,7,8-triazabicyclo[4.3.0]nona-1(6),8(9)-diene",CN1CC=2C(=NNC2CC1)C(=O)N1C[C@H]2C([C@H]2C1)NC(=O)[C@](C)(CC)OC,CC[C@](C)(OC)C(=O)N[C@H]1[C@@H]2CN(C(=O)c3[nH]nc4c3CN(C)CC4)C[C@@H]21,CC[C@](C)(OC)C(=O)NC1[C@H]2CN(C(=O)c3[nH]nc4c3CN(C)CC4)C[C@@H]12
11826,CO[C@H](C)[C@@H](CC(=O)N1CC[C@@](C)(C#N)C1)NC(=O)[C@@H]1[C@H]2CCC[C@H]21,"(1S,5R,R)-6-((((1R)-2-methyl-1-(1-((3R)-3-cyano-3-methylpyrrolidinocarbonyl)-methyl)-3-oxabutyl)amino)carbonyl)-bicyclo[3.1.0]hexane",,CO[C@H](C)[C@@H](CC(=O)N1CC[C@@](C)(C#N)C1)NC(=O)C1[C@H]2CCC[C@@H]12,
11885,CCc1nc(C(=O)N2CC[C@H]2CNC(=O)/C=C/[C@@H](C)CC)c(N)s1,"5-amino-2-ethyl-4-((2S)-2-((6S)-(((1E,3S)-3-methyl-pent-1-en-1-ylcarbonyl)amino)methyl)azetidin-1-ylcarbonyl)thiazol",,CCc1nc(C(=O)N2CC[C@H]2CNC(=O)/C=C/[C@@H](C)CC)c(N)s1,
11950,CO[C@H](C(=O)N1C[C@H]2[C@H](NC(=O)c3cc(S(N)(=O)=O)cc(Cl)c3F)[C@H]2C1)C1CC1,"(S)-1-cyclopropyl-1-((1S,5R,6R)-6-((5-aminosulfonyl-3-chloro-2-fluorobenzoyl)amino)-3-azabicyclo[3.1.0]hexane-3-ylcarbonyl)-2-oxapropane",,COC(C(=O)N1C[C@@H]2[C@H](C1)[C@H]2NC(=O)c1cc(S(N)(=O)=O)cc(Cl)c1F)C1CC1,
12001,CC1(NC(=O)Cc2ccc(F)cc2)CN(C(=O)[C@H]2Cc3ccccc32)C1,1-(1-((2S)-benzocyclobutene-2-ylcarbonyl)-3-((4-fluorophenylacetyl)amino)azetidin-3-yl)-methane,,CC1(NC(=O)Cc2ccc(F)cc2)CN(C(=O)C2Cc3ccccc32)C1,
12029,CO[C@@H](C(=O)N[C@H]1C[C@@H]2CC[C@H](C1)N2C(=O)c1cc(F)ccc1C)C1CCC1,"(R)-1-cyclobutyl-1-((((1R,5S)-8-(5-fluoro-2-methylbenzoyl)-8-azabicyclo[3.2.1]octan-3-yl)amino)carbonyl)-2-oxapropane",C1(CCC1)[C@@H](OC)C(=O)NC1C[C@H]2CC[C@@H](C1)N2C(C2=C(C=CC(=C2)F)C)=O,COC(C(=O)N[C@@H]1C[C@H]2CC[C@@H](C1)N2C(=O)c1cc(F)ccc1C)C1CCC1,COC(C(=O)NC1C[C@H]2CC[C@@H](C1)N2C(=O)c1cc(F)ccc1C)C1CCC1
12041,C[C@]1(NC(=O)C2=C(Cl)CCOC2)C[C@H](NC(=O)CCCCCc2cccs2)C1,1-(((3-methyl-3-((4-chloro-1-oxacyclohex-3-ene-3-ylcarbonyl)amino)cyclobutyl)amino)carbonyl)-5-(2-thienyl)pentane,CC1(CC(C1)NC(=O)CCCCCC=1SC=CC1)NC(=O)C=1COCCC1Cl,C[C@]1(NC(=O)C2=C(Cl)CCOC2)C[C@H](NC(=O)CCCCCc2cccs2)C1,CC1(NC(=O)C2=C(Cl)CCOC2)CC(NC(=O)CCCCCc2cccs2)C1
12098,CC[C@H](CC(=O)N[C@H]1C[C@@H](OCC(=O)NC2[C@H]3CCC[C@H]2CC3)C1)C(C)C,"(3R)-2-methyl-3-(2-oxo-3-((1R,3S)-3-((2-oxo-3-((1S,5S)-bicyclo[3.2.1]octan-8-yl)-3-azapropyl)oxy)cyclobutyl)-3-azapropyl)pentane",,CC[C@H](CC(=O)N[C@H]1C[C@@H](OCC(=O)NC2[C@H]3CCC[C@H]2CC3)C1)C(C)C,
12134,O=C(OCc1ncc(I)cn1)[C@H](c1cccc(Br)c1)C1CCCCC1,(S)-5-iodo-2-((3-bromophenyl)(cyclohexyl)methylcarbonyloxymethyl)pyrimidin,IC=1C=NC(=NC1)[C@@H](OC(=O)CC1CCCCC1)C1=CC(=CC=C1)Br,O=C(OCc1ncc(I)cn1)C(c1cccc(Br)c1)C1CCCCC1,O=C(CC1CCCCC1)O[C@@H](c1cccc(Br)c1)c1ncc(I)cn1
12149,CCN(CCCNC(=O)c1c(Cl)c(Cl)cc(Cl)c1Cl)C(=O)C=C1CC1,"1-(N-(3-((2,3,5,6-tetrachlorobenzoyl)amino)propyl)-N-ethylcarbamoylmethylidene)cyclopropan",,CCN(CCCNC(=O)c1c(Cl)c(Cl)cc(Cl)c1Cl)C(=O)C=C1CC1,
12152,CCNC(=O)CCCC(=O)N(C)[C@H]1[C@@H]2CN(C(=O)C3(OC)CCCCC3)C[C@@H]21,"(1S,5R)-3-(1-methoxycyclohexylcarbonyl)-6-(N-(4-oxo-5-azaheptylcarbonyl)-N-methylamino)-3-azabicyclo[3.1.0]hexane",COC1(CCCCC1)C(=O)N1C[C@H]2C([C@H]2C1)N(C)C(=O)CCCC(NCC)=O,CCNC(=O)CCCC(=O)N(C)[C@H]1[C@@H]2CN(C(=O)C3(OC)CCCCC3)C[C@@H]21,CCNC(=O)CCCC(=O)N(C)C1[C@H]2CN(C(=O)C3(OC)CCCCC3)C[C@@H]12
12199,CC(C)(C)SCCCC(=O)NCC[C@H]1CCCN(C(=O)[C@H]2C[C@](O)(C#N)C2)C1,"9,9-dimethyl-4-oxo-1-((3R)-1-((3S)-3-cyano-3-hydroxycyclobutylcarbonyl)piperidin-3-yl)-3-aza-8-thiadecane",,CC(C)(C)SCCCC(=O)NCC[C@H]1CCCN(C(=O)C2CC(O)(C#N)C2)C1,
12216,Cc1ccc(Cl)cc1NC(=O)N1[C@H]2CC[C@@H]1C[C@@H](NC(=O)CNC(N)=O)C2,"(1S,5R)-3-((3-oxo-2,4-diazabutylcarbonyl)amino)-8-(((5-chloro-2-methylphenyl)amino)carbonyl)-8-azabicyclo[3.2.1]octane",O=C(NCC(=O)NC1C[C@@H]2CC[C@H](C1)N2C(=O)NC2=C(C=CC(=C2)Cl)C)N,Cc1ccc(Cl)cc1NC(=O)N1[C@@H]2CC[C@H]1C[C@H](NC(=O)CNC(N)=O)C2,Cc1ccc(Cl)cc1NC(=O)N1[C@@H]2CC[C@H]1CC(NC(=O)CNC(N)=O)C2
12220,C=C[C@H](C)[C@@H](C)C(=O)N[C@H]1CC[C@@]2(CC1)CN(C(=O)c1cc(Cl)cn1C)CCO2,"(6S)-10-(3-chloro-1-methyl-1H-pyrrol-5-ylcarbonyl)-3-(((2R,3S)-3-methyl-pent-4-en-2-ylcarbonyl)amino)-10-aza-7-oxaspiro[5.5]undecane",,C=C[C@H](C)C(C)C(=O)N[C@H]1CC[C@@]2(CC1)CN(C(=O)c1cc(Cl)cn1C)CCO2,
12293,C#CC[C@@H](CC(=O)OC)NC(=O)[C@H]1C[C@@H](NC(=O)[C@@H](O)CCN(C)C)C1,"(1R,3R)-1-((((3S)-1-methoxy-1-oxo-hex-5-yn-3-yl)amino)carbonyl)-3-(((1S)-1-hydroxy-4-methyl-4-azapentylcarbonyl)amino)cyclobutane",,C#CC[C@@H](CC(=O)OC)NC(=O)C1CC(NC(=O)C(O)CCN(C)C)C1,
12297,CCNC(=O)CC(=O)NC[C@]1(F)C[C@@H](NC(=O)[C@@H](C)c2cncnc2)C1,"3,5-dioxo-1-((1R)-1-fluoro-3-(((1S)-1-(pyrimidin-5-yl)-ethylcarbonyl)amino)cyclobutyl)-2,6-diazaoctane",,CCNC(=O)CC(=O)NC[C@]1(F)C[C@@H](NC(=O)C(C)c2cncnc2)C1,
12342,CN(C[C@H]1[C@@H]2CN(C(=O)c3cncs3)C[C@H]12)C(=O)[C@@H]1CCCO[C@H]1c1ncc[nH]1,"(1S,5R)-3-(thiazol-5-carbonyl)-6-((N-((2R,3R)-2-(1H-imidazol-2-yl)oxan-3-ylcarbonyl)-N-methylamino)methyl)-3-azabicyclo[3.1.0]hexane",S1C=NC=C1C(=O)N1C[C@H]2C([C@H]2C1)CN(C)C(=O)[C@H]1[C@@H](OCCC1)C=1NC=CN1,CN(C[C@@H]1[C@H]2CN(C(=O)c3cncs3)C[C@@H]12)C(=O)C1CCCO[C@H]1c1ncc[nH]1,CN(CC1[C@H]2CN(C(=O)c3cncs3)C[C@@H]12)C(=O)C1CCCO[C@H]1c1ncc[nH]1
12446,C=CCCOCCCCC(=O)N(C)CC1CCN(C(=O)[C@H]2C[C@@H]2C)C1,(trans)-1-methyl-2-(3-((N-(4-((homoallyl)oxy)butylcarbonyl)-N-methylamino)methyl)pyrrolidinocarbonyl)cyclopropane,C[C@H]1[C@@H](C1)C(=O)N1CC(CC1)CN(C)C(=O)CCCCOCCC=C,C=CCCOCCCCC(=O)N(C)CC1CCN(C(=O)C2C[C@@H]2C)C1,C=CCCOCCCCC(=O)N(C)CC1CCN(C(=O)C2C[C@H]2C)C1
12529,CCC[C@@H](CC)CCC(=O)NC[C@H]1C[C@@H](NC(=O)[C@H](O)c2cccc(Cl)c2)C1,"(6R)-6-ethyl-3-oxo-1-((1S,3S)-3-(((1R)-1-(3-chlorophenyl)-2-oxaethylcarbonyl)amino)cyclobutyl)-2-azanonane",,CCC[C@@H](CC)CCC(=O)NC[C@H]1C[C@@H](NC(=O)C(O)c2cccc(Cl)c2)C1,
12537,Cc1cc(F)sc1C(=O)N1C[C@H]2[C@H](N=c3[nH]nc(C(C)(C)C)s3)[C@H]2C1,"2-t-butyl-5-(((1S,5R)-3-(2-fluoro-4-methyl-5-thienylcarbonyl)-3-azabicyclo[3.1.0]hexane-6-yl)imino)-1,3,4-thiadiazole",C(C)(C)(C)C1SC(N=N1)=NC1[C@H]2CN(C[C@@H]12)C(=O)C1=C(C=C(S1)F)C,Cc1cc(F)sc1C(=O)N1C[C@@H]2[C@H](C1)[C@H]2Nc1nnc(C(C)(C)C)s1,Cc1cc(F)sc1C(=O)N1C[C@@H]2C(N=C3N=NC(C(C)(C)C)S3)[C@@H]2C1
12580,C[C@H]1CCCC[C@H]1C(=O)NC[C@H]1CC[C@@](F)(CNC(=O)Cc2csnn2)CC1,"(1S,2R)-1-methyl-2-(((((4R)-4-fluoro-4-((((1,2,3-thiadiazol-4-yl)methylcarbonyl)amino)methyl)cyclohexyl)methyl)amino)carbonyl)cyclohexane",,C[C@H]1CCCCC1C(=O)NC[C@H]1CC[C@@](F)(CNC(=O)Cc2csnn2)CC1,
12599,CCc1nc(C#N)cc(=NC[C@H]2[C@@H]3CN(C(=O)[C@]4(C)CCC[C@@H]4C)C[C@H]23)[nH]1,"4-cyano-2-ethyl-6-((1-((1S,5R,6R)-3-((1R,2S)-1,2-dimethylcyclopentylcarbonyl)-3-azabicyclo[3.1.0]hexane-6-yl)-methyl)imino)-1H-pyrimidin",,CCc1nc(C#N)cc(NC[C@@H]2[C@H]3CN(C(=O)[C@]4(C)CCC[C@@H]4C)C[C@@H]23)n1,
12788,Cc1ccc(C(=O)N2CC(C)(C)C(NC(=O)C[C@@H]3C[C@@H]3C)C(C)(C)C2)c(Cl)c1Cl,"(cis)-1-methyl-2-(2-oxo-3-(3,3,5,5-tetramethyl-1-(2,3-dichloro-4-methylbenzoyl)piperidin-4-yl)-3-azapropyl)cyclopropane",C[C@H]1[C@H](C1)CC(NC1C(CN(CC1(C)C)C(C1=C(C(=C(C=C1)C)Cl)Cl)=O)(C)C)=O,Cc1ccc(C(=O)N2CC(C)(C)C(NC(=O)C[C@@H]3C[C@@H]3C)C(C)(C)C2)c(Cl)c1Cl,Cc1ccc(C(=O)N2CC(C)(C)C(NC(=O)C[C@H]3C[C@H]3C)C(C)(C)C2)c(Cl)c1Cl
12805,CC1(C)CCCN(C(=O)C#CC2CC2)[C@@H]1C(=O)NC[C@@H]1CCOC1=O,"(3S)-3-((((2S)-1-cyclopropylethynylcarbonyl-3,3-dimethylpiperidin-2-ylcarbonyl)amino)methyl)-oxolan-2-on",,CC1(C)CCCN(C(=O)C#CC2CC2)C1C(=O)NCC1CCOC1=O,
12820,C[C@H](C(=O)NCC1[C@@H]2CN(C(=O)c3ccon3)C[C@@H]12)[C@H]1CCCO1,"(1S,5S,S)-3-(isooxazol-3-ylcarbonyl)-6-(((1-((2R)-oxolan-2-yl)-ethylcarbonyl)amino)methyl)-3-azabicyclo[3.1.0]hexane",,CC(C(=O)NCC1[C@@H]2CN(C(=O)c3ccon3)C[C@@H]12)[C@H]1CCCO1,
12823,C[C@H](CC(F)(F)F)C(=O)N[C@@H]1COCCN(C(=O)c2ccc3c(c2)CC3)C1,"(3R)-1,1,1-trifluoro-3-((((3S)-1-(benzocyclobutene-6-ylcarbonyl)-1-aza-5-oxacycloheptan-3-yl)amino)carbonyl)butane",FC(C[C@@H](C)C(=O)N[C@H]1CN(CCOC1)C(=O)C1=CC=CC2=C1C=C2)(F)F,CC(CC(F)(F)F)C(=O)N[C@@H]1COCCN(C(=O)c2ccc3c(c2)CC3)C1,CC(CC(F)(F)F)C(=O)N[C@@H]1COCCN(C(=O)c2cccc3c2C=C3)C1
12833,O=C1CN(CC(=O)N2C[C@H]3[C@@H](C2)[C@@H]3c2cn(CCN3CCOCC3)nn2)CCN1,"(1S,5R)-3-((3-oxopiperazino)methylcarbonyl)-6-(1-(2-(morpholino)ethyl)-1,2,3-triazol-4-yl)-3-azabicyclo[3.1.0]hexane",O=C1CN(CCN1)CC(=O)N1C[C@@H]2C([C@@H]2C1)C=1N=NN(C1)CCN1CCOCC1,O=C1CN(CC(=O)N2C[C@@H]3[C@H](C2)[C@H]3c2cn(CCN3CCOCC3)nn2)CCN1,O=C1CN(CC(=O)N2C[C@@H]3C(c4cn(CCN5CCOCC5)nn4)[C@@H]3C2)CCN1
12848,CCc1cccc(C(=O)N[C@H]2C[C@H](NC(=O)[C@@H]3Cc4ccc(Cl)cc43)C2)c1,1-(3-((((trans)-3-(((2R)-6-chlorobenzocyclobutene-2-ylcarbonyl)amino)cyclobutyl)amino)carbonyl)phenyl)-ethane,,CCc1cccc(C(=O)N[C@H]2C[C@H](NC(=O)C3Cc4ccc(Cl)cc43)C2)c1,
12851,O=C([C@@H]1CC[C@@]2(C1)CC2(F)F)N1C[C@H]2[C@H](CNc3cnc(F)cn3)[C@H]2C1,"(1S,5R,6R)-3-((3R,6R)-2,2-difluorospiro[2.4]heptane-6-ylcarbonyl)-6-(((2-fluoropyrazin-5-yl)amino)methyl)-3-azabicyclo[3.1.0]hexane",,O=C(C1CC[C@@]2(C1)CC2(F)F)N1C[C@@H]2[C@@H](CNc3cnc(F)cn3)[C@@H]2C1,
12874,C[C@H]1CN(C(=O)CN2CCCC[C@@H]2C)C[C@@H](C)[C@@H]1NC(=O)c1ncc(N)cc1Cl,"(3S,4S,5R)-3,5-dimethyl-1-(((2S)-2-methylpiperidino)methylcarbonyl)-4-((3-amino-5-chloro-6-pyridylcarbonyl)amino)piperidin",,C[C@@H]1CN(C(=O)CN2CCCC[C@@H]2C)C[C@H](C)[C@H]1NC(=O)c1ncc(N)cc1Cl,
12885,C#C[C@@H](NC(=O)[C@@H]1C[C@H]2C=C[C@H]1N(C(=O)c1ncn(C(C)C)n1)C2)C1CCCC1,"(1R,4S,8R)-2-(1-isopropyl-1,2,4-triazol-3-ylcarbonyl)-8-((((1S)-1-cyclopentyl-2-propyn-1-yl)amino)carbonyl)-2-azabicyclo[2.2.2]oct-5(6)-ene",C(C)(C)N1N=C(N=C1)C(=O)N1[C@H]2C=C[C@H](C1)[C@@H](C2)C(=O)N[C@H](C#C)C2CCCC2,C#C[C@@H](NC(=O)C1C[C@H]2C=C[C@H]1N(C(=O)c1ncn(C(C)C)n1)C2)C1CCCC1,C#C[C@@H](NC(=O)C1C[C@@H]2C=C[C@@H]1CN2C(=O)c1ncn(C(C)C)n1)C1CCCC1
12904,C[C@H]1CC[C@H]1CC(=O)NC[C@H]1C[C@@](F)(CNC(=O)[C@@H]2CCOC2(C)C)C1,"2-oxo-1-((1S,2S)-2-methylcyclobutyl)-4-((1R,3S)-3-fluoro-3-((((3R)-2,2-dimethyloxolan-3-ylcarbonyl)amino)methyl)cyclobutyl)-3-azabutane",,C[C@H]1CC[C@H]1CC(=O)NC[C@H]1C[C@@](F)(CNC(=O)C2CCOC2(C)C)C1,
12908,C=CCn1cccc1C(=O)N1C[C@H]2[C@H](CNC(=O)[C@H]3CCN(C)C3)[C@H]2C1,"(1S,5R)-3-(1-(2-propen-1-yl)-1H-pyrrol-2-ylcarbonyl)-6-((((3S)-1-methylpyrrolidin-3-ylcarbonyl)amino)methyl)-3-azabicyclo[3.1.0]hexane",C(C=C)N1C(=CC=C1)C(=O)N1C[C@H]2C([C@H]2C1)CNC(=O)[C@@H]1CN(CC1)C,C=CCn1cccc1C(=O)N1C[C@@H]2[C@@H](CNC(=O)C3CCN(C)C3)[C@@H]2C1,C=CCn1cccc1C(=O)N1C[C@@H]2C(CNC(=O)C3CCN(C)C3)[C@@H]2C1
12927,O=C(O)[C@H]1C[C@@H]2C[C@H](C1)CN(C(=O)C1C[C@@H]3C[C@H]3C1)C2,"1-hydroxy-1-oxo-1-((1R,5S,7R)-3-((1S,5S)-bicyclo[3.1.0]hexane-3-ylcarbonyl)-3-azabicyclo[3.3.1]nonan-7-yl)-methane",,O=C(O)C1C[C@@H]2C[C@H](C1)CN(C(=O)C1C[C@@H]3C[C@H]3C1)C2,
12978,CCC1(NC(=O)[C@@H](C)CNC(=O)[C@H]2C[C@@](C)(O)C2)CCC1,(2S)-1-(((3R)-3-hydroxy-3-methylcyclobutylcarbonyl)amino)-2-(((1-ethylcyclobutyl)amino)carbonyl)propane,,CCC1(NC(=O)C(C)CNC(=O)C2CC(C)(O)C2)CCC1,
12985,COC(=O)[C@@H]1C[C@H](C)N1C(=O)C[C@H](NC(=O)[C@@H](C)n1cccc1)C(F)F,"(S,R)-1-(1-(((1-difluoromethyl-1-(1-((2S,4S)-2-methoxycarbonyl-4-methylazetidin-1-ylcarbonyl)-methyl)-methyl)amino)carbonyl)-ethyl)-1H-pyrrole",FC([C@@H](CC(=O)N1[C@@H](C[C@@H]1C)C(=O)OC)NC(=O)[C@H](C)N1C=CC=C1)F,COC(=O)C1C[C@H](C)N1C(=O)C[C@H](NC(=O)C(C)n1cccc1)C(F)F,COC(=O)C1C[C@H](C)N1C(=O)C[C@@H](NC(=O)C(C)n1cccc1)C(F)F
13035,CCc1nc(C)c(C(=O)N2C[C@@H]3CC[C@H](N=c4[nH]nc(C)o4)C[C@H]3C2)o1,"2-methyl-5-(((1R,3S,6R)-8-(2-ethyl-4-methyloxazol-5-ylcarbonyl)-8-azabicyclo[4.3.0]nonan-3-yl)imino)-1,3,4-oxadiazole",CC1OC(N=N1)=N[C@@H]1C[C@H]2CN(C[C@@H]2CC1)C(=O)C1=C(N=C(O1)CC)C,CCc1nc(C)c(C(=O)N2C[C@@H]3CC[C@H](Nc4nnc(C)o4)C[C@H]3C2)o1,CCc1nc(C)c(C(=O)N2C[C@@H]3CC[C@H](N=C4N=NC(C)O4)C[C@H]3C2)o1
13045,CC(C)c1ccc(SCC(=O)N[C@H]2C[C@](C)(NC(=O)CC[S@](C)=O)C2)cc1,4-isopropyl-1-(2-oxo-3-((1S)-3-methyl-3-((2-((S)-methylsulfinyl)ethylcarbonyl)amino)cyclobutyl)-3-azapropylsulfanyl)benzene,,CC(C)c1ccc(SCC(=O)N[C@H]2C[C@](C)(NC(=O)CC[S@+](C)[O-])C2)cc1,
13090,O=C(Cc1ccc2c(c1)CC2)NC/C=C/C(=O)N1CC(CC(F)F)C1,"(5E)-2-oxo-1-(benzocyclobutene-6-yl)-6-(3-(2,2-difluoroethyl)azetidin-1-ylcarbonyl)-3-aza-5-hexen",O=C(CC1=CC=CC2=C1C=C2)NC\C=C\C(=O)N2CC(C2)CC(F)F,O=C(Cc1ccc2c(c1)CC2)NC/C=C/C(=O)N1CC(CC(F)F)C1,O=C(Cc1cccc2c1C=C2)NC/C=C/C(=O)N1CC(CC(F)F)C1
13120,COc1cccc(C(=O)N[C@@H]2C[C@@H]3CC[C@H](C2)N3C(=O)C=C2CC[C@H](C)C2)n1,"(1S)-1-methyl-3-((1R,3S,5S)-3-((2-methoxy-6-pyridylcarbonyl)amino)-8-azabicyclo[3.2.1]octan-8-ylcarbonylmethylidene)cyclopentane",,COc1cccc(C(=O)N[C@H]2C[C@H]3CC[C@@H](C2)N3C(=O)C=C2CC[C@H](C)C2)n1,
13162,C[C@@H](NC(N)=O)C(=O)NC[C@H]1C[C@@H](NC(=O)c2ccc([C@H]3CCC3(C)C)cc2)C1,"(4R)-3-oxo-4-ureido-1-((1R,3S)-3-(N-(4-((1S)-2,2-dimethylcyclobutyl)benzoyl)amino)cyclobutyl)-2-azapentane",,CC(NC(N)=O)C(=O)NC[C@H]1C[C@@H](NC(=O)c2ccc(C3CCC3(C)C)cc2)C1,
13252,CC[C@H](CC(=O)NC12CC(C)(C1)OC21CN(C(=O)CCn2cnnn2)C1)C1CC1,,,CC[C@H](CC(=O)NC12CC(C)(C1)OC21CN(C(=O)CCn2cnnn2)C1)C1CC1,
13254,COC[C@H](O)C(=O)N[C@H]1C[C@@H]2CN(c3cc(C)nc(CO)n3)C[C@@H]2C1,"(1S,5R)-3-(2-hydroxymethyl-4-methylpyrimidin-6-yl)-7-(((1S)-1-hydroxy-3-oxabutylcarbonyl)amino)-3-azabicyclo[3.3.0]octane",OCC1=NC(=CC(=N1)C)N1C[C@H]2CC(C[C@H]2C1)NC(=O)[C@H](COC)O,COCC(O)C(=O)N[C@H]1C[C@@H]2CN(c3cc(C)nc(CO)n3)C[C@@H]2C1,COCC(O)C(=O)NC1C[C@@H]2CN(c3cc(C)nc(CO)n3)C[C@@H]2C1
13325,C/C=C/C[C@@H](CC)C(=O)N1CC(c2cn(C[C@@H](C)CC)nn2)C1,"1-((2S)-2-methyl-butyl)-4-(1-((2R)-(3R,5E)-hept-5-en-3-ylcarbonyl)azetidin-3-yl)-1,2,3-triazol",,C/C=C/CC(CC)C(=O)N1CC(c2cn(C[C@@H](C)CC)nn2)C1,
13350,C[C@H](Sc1ccccn1)C(=O)N[C@]1(C)C[C@H](NC(=O)c2ccc(F)c(F)c2)C1,"(S)-2-(1-methyl-2-oxo-3-((3R)-1-methyl-3-((3,4-difluorobenzoyl)amino)cyclobutyl)-3-azapropylsulfanyl)pyridin",,CC(Sc1ccccn1)C(=O)N[C@]1(C)C[C@H](NC(=O)c2ccc(F)c(F)c2)C1,
13383,CC(C)CO[C@@H](C)C(=O)N[C@H]1C[C@@H](C(=O)N[C@@H]2C[C@@H]3CC[C@H](C2)[C@@H]3O)C1,"(1S,5R,8R)-8-hydroxy-3-(((cis)-3-(((1S)-1,4-dimethyl-2-oxapentylcarbonyl)amino)cyclobutylcarbonyl)amino)-bicyclo[3.2.1]octane",,CC(C)COC(C)C(=O)NC1CC(C(=O)N[C@H]2C[C@H]3CC[C@@H](C2)[C@H]3O)C1,
13509,COc1cc(C(=O)NC[C@]2(F)C[C@H](NC(=O)CN3CCS(=O)CC3)C2)c(F)cn1,1-((3-fluoro-4-((((1-fluoro-3-(((1-oxothiamorpholin-4-yl)methylcarbonyl)amino)cyclobutyl)methyl)amino)carbonyl)-6-pyridyl)oxy)-methane,FC=1C=NC(=CC1C(=O)NCC1(CC(C1)NC(=O)CN1CCS(CC1)=O)F)OC,COc1cc(C(=O)NC[C@]2(F)C[C@H](NC(=O)CN3CC[S+]([O-])CC3)C2)c(F)cn1,COc1cc(C(=O)NCC2(F)CC(NC(=O)CN3CC[S+]([O-])CC3)C2)c(F)cn1
13511,CO[C@H](C)[C@H](NC(=O)CCc1cnco1)C(=O)NC[C@H]1CCC2(CC2)C1,"(R,S)-5-(6-methyl-3-oxo-5-(((((6S)-spiro[2.4]heptane-6-yl)methyl)amino)carbonyl)-4-aza-7-oxaoctyl)oxazol",C[C@@H]([C@@H](NC(CCC1=CN=CO1)=O)C(=O)NC[C@H]1CCC2(CC2)C1)OC,CO[C@H](C)C(NC(=O)CCc1cnco1)C(=O)NC[C@H]1CCC2(CC2)C1,CO[C@@H](C)C(NC(=O)CCc1cnco1)C(=O)NC[C@H]1CCC2(CC2)C1
13521,CC[C@H](C)CCC(=O)N[C@@H]1C[C@H]2[C@@H](C1)[C@@H]2NC(=O)[C@]1(O)CCOC1(C)C,"(1S,3S,5R,6S)-3-(((3S)-3-methyl-pentylcarbonyl)amino)-6-(((3S)-3-hydroxy-2,2-dimethyloxolan-3-ylcarbonyl)amino)-bicyclo[3.1.0]hexane",,CC[C@H](C)CCC(=O)N[C@H]1C[C@@H]2[C@H](C1)[C@H]2NC(=O)[C@]1(O)CCOC1(C)C,
13567,CCn1c(C(=O)NC[C@H]2[C@@H]3CN(C(=O)CSC[C@@H]4CCCCO4)C[C@H]23)cnc1O,"(1S,5R,6S)-3-(3-((2S)-oxan-2-yl)-2-thiapropylcarbonyl)-6-(((1-ethyl-2-hydroxyimidazol-5-ylcarbonyl)amino)methyl)-3-azabicyclo[3.1.0]hexane",,CCn1c(C(=O)NC[C@@H]2[C@H]3CN(C(=O)CSC[C@@H]4CCCCO4)C[C@@H]23)c[nH]c1=O,
13606,CC(C)(C)SCC(=O)N1CC(O)([C@H](F)C(=O)N2[C@H]3CC[C@@H]2C[C@H](CO)C3)C1,"(1S,3S,5R)-3-hydroxymethyl-8-((1S)-1-fluoro-1-(3-hydroxy-1-(3,3-dimethyl-2-thiabutylcarbonyl)azetidin-3-yl)-methylcarbonyl)-8-azabicyclo[3.2.1]octane",,CC(C)(C)SCC(=O)N1CC(O)(C(F)C(=O)N2[C@@H]3CC[C@H]2C[C@@H](CO)C3)C1,
13607,CC(C)[C@@H](O)CC(=O)N1CC[C@H](C(=O)Nc2ccc(O)c(=O)cc2)CC1(C)C,"(4S)-2,2-dimethyl-1-((2S)-2-hydroxy-3-methyl-butylcarbonyl)-4-(((4-hydroxy-5-oxocyclohepta-1,3,5-trien-1-yl)amino)carbonyl)piperidin",,CC(C)[C@@H](O)CC(=O)N1CCC(C(=O)Nc2ccc(O)c(=O)cc2)CC1(C)C,
13613,CC1(C)[C@H]2CC[C@]1(C(=O)N1C[C@H]3C[C@H](NC(=O)CCOCC(F)F)C[C@H]3C1)CC2,"1,1-difluoro-5-((((1R,5S)-3-(7,7-dimethylnorbornane-4-ylcarbonyl)-3-azabicyclo[3.3.0]octan-7-yl)amino)carbonyl)-3-oxapentane",FC(COCCC(=O)NC1C[C@@H]2CN(C[C@@H]2C1)C(=O)C12CCC(CC1)C2(C)C)F,CC1(C)[C@H]2CC[C@]1(C(=O)N1C[C@H]3C[C@H](NC(=O)CCOCC(F)F)C[C@H]3C1)CC2,CC1(C)C2CCC1(C(=O)N1C[C@H]3CC(NC(=O)CCOCC(F)F)C[C@H]3C1)CC2
13630,C[C@H](CC(N)=O)C(=O)NCc1ncoc1CCNC(=O)[C@H]1C[C@@](F)(CO)C1,(4R)-3-oxo-1-(5-(2-(((3R)-3-fluoro-3-hydroxymethylcyclobutylcarbonyl)amino)ethyl)oxazol-4-yl)-4-(1-carbamylmethyl)-2-azapentane,,CC(CC(N)=O)C(=O)NCc1ncoc1CCNC(=O)C1CC(F)(CO)C1,
13631,CCCN1CCC[C@@H]1C(=O)NC[C@H]1C[C@@H](NC(=O)c2cn([C@@H]3CCOC3)cn2)C1,"1-((3R)-oxolan-3-yl)-4-((((1S,3S)-3-((((2R)-1-propylpyrrolidin-2-ylcarbonyl)amino)methyl)cyclobutyl)amino)carbonyl)imidazol",,CCCN1CCCC1C(=O)NC[C@H]1C[C@@H](NC(=O)c2cn([C@@H]3CCOC3)cn2)C1,
13741,O=C(N[C@@H]1C[C@@H]2CC[C@H](C1)N2C(=O)C=C1CCOCC1)c1ccccc1C1CC1,"4-((1R,5S)-3-((2-cyclopropylbenzoyl)amino)-8-azabicyclo[3.2.1]octan-8-ylcarbonylmethylidene)oxan",C1(CC1)C1=C(C(=O)NC2C[C@H]3CC[C@@H](C2)N3C(=O)C=C3CCOCC3)C=CC=C1,O=C(N[C@H]1C[C@H]2CC[C@@H](C1)N2C(=O)C=C1CCOCC1)c1ccccc1C1CC1,O=C(NC1C[C@H]2CC[C@@H](C1)N2C(=O)C=C1CCOCC1)c1ccccc1C1CC1
13761,Cc1ccnc(C(=O)N2CC[C@]3(C2)CN(C(=O)c2cc(C)cnn2)C[C@@H](C)O3)c1,"1-(2-((5S,7R)-7-methyl-9-(4-methylpyridazin-6-ylcarbonyl)-2,9-diaza-6-oxaspiro[4.5]decan-2-ylcarbonyl)-4-pyridyl)-methane",C[C@H]1O[C@@]2(CCN(C2)C(=O)C2=NC=CC(=C2)C)CN(C1)C(=O)C1=CC(=CN=N1)C,Cc1ccnc(C(=O)N2CC[C@]3(C2)CN(C(=O)c2cc(C)cnn2)C[C@@H](C)O3)c1,Cc1ccnc(C(=O)N2CC[C@@]3(C2)CN(C(=O)c2cc(C)cnn2)C[C@@H](C)O3)c1
13765,CCOC(=O)[C@H]1C[C@](F)(C(=O)N2C[C@@]3(CNC(=O)[C@H](C)[C@H](O)CC)C[C@H]2CO3)C1,"(1S,4S)-1-((((2R,3R)-3-hydroxy-pentan-2-ylcarbonyl)amino)methyl)-5-((3R)-3-ethoxycarbonyl-1-fluorocyclobutylcarbonyl)-5-aza-2-oxabicyclo[2.2.1]heptane",,CCOC(=O)C1CC(F)(C(=O)N2C[C@@]3(CNC(=O)C(C)[C@H](O)CC)C[C@H]2CO3)C1,
13787,C#C[C@]1(O)C[C@@H](C(=O)N2C[C@@H](NC(=O)CCCCSC)CC2(C)C)C1,"(4S)-2,2-dimethyl-1-((3R)-3-acetenyl-3-hydroxycyclobutylcarbonyl)-4-((4-methylsulfanylbutylcarbonyl)amino)pyrrolidin",,C#CC1(O)CC(C(=O)N2C[C@@H](NC(=O)CCCCSC)CC2(C)C)C1,
13911,C=CCC(F)(F)C(=O)NC12CC(CO)(C1)OC21CCNCC1,,,C=CCC(F)(F)C(=O)NC12CC(CO)(C1)OC21CCNCC1,
13928,CC(=O)N(C)CCCC(=O)N[C@@H]1C[C@H]2CC[C@@H]1[C@@H](NC(=O)[C@H]1CC13CC3)C2,"(1R,3R,4S,7S)-3-((3-(acetyl(methyl)amino)propylcarbonyl)amino)-7-(((1S)-spiro[2.2]pentan-1-ylcarbonyl)amino)-bicyclo[2.2.2]octane",C(C)(=O)N(CCCC(=O)N[C@@H]1C[C@H]2CC[C@H]1C[C@@H]2NC(=O)[C@H]2CC21CC1)C,CC(=O)N(C)CCCC(=O)N[C@@H]1C[C@H]2CC[C@@H]1[C@@H](NC(=O)C1CC13CC3)C2,CC(=O)N(C)CCCC(=O)N[C@@H]1C[C@H]2CC[C@H]1C[C@@H]2NC(=O)C1CC12CC2
13981,CC(C)C(=O)c1c[nH]c(C(=O)NC[C@H]2C[C@H]2NC(=O)c2ccnnc2)c1,(cis)-1-(((3-isobutyryl-1H-pyrrol-5-ylcarbonyl)amino)methyl)-2-((pyridazin-4-carbonyl)amino)cyclopropane,C(C(C)C)(=O)C1=CNC(=C1)C(=O)NC[C@H]1[C@H](C1)NC(=O)C1=CN=NC=C1,CC(C)C(=O)c1c[nH]c(C(=O)NC[C@H]2C[C@H]2NC(=O)c2ccnnc2)c1,CC(C)C(=O)c1c[nH]c(C(=O)NC[C@@H]2C[C@@H]2NC(=O)c2ccnnc2)c1
14016,CCC1(C(=O)NC[C@]2(F)C[C@H](CO)C2)CCN(C(=O)[C@H]2CCO2)CC1,4-ethyl-1-((2R)-oxetan-2-ylcarbonyl)-4-(((((3R)-1-fluoro-3-hydroxymethylcyclobutyl)methyl)amino)carbonyl)piperidin,,CCC1(C(=O)NC[C@]2(F)C[C@H](CO)C2)CCN(C(=O)C2CCO2)CC1,
14028,Cc1ccc2c(c1)[C@@H](C(=O)N1CCC[C@@H](CNC(=O)[C@H]3CCN(C)C3)C1)C2,1-((2S)-2-((3S)-3-((((3S)-1-methylpyrrolidin-3-ylcarbonyl)amino)methyl)piperidinocarbonyl)benzocyclobutene-6-yl)-methane,,Cc1ccc2c(c1)C(C(=O)N1CCC[C@@H](CNC(=O)C3CCN(C)C3)C1)C2,
14029,C[C@@H]1CCC[C@@H](CC(=O)N2CCC(C3(O)CN(C(=O)C4=CCSC4)C3)CC2)C1,(trans)-1-methyl-3-(1-(4-(3-hydroxy-1-(1-thiacyclopent-3-ene-3-ylcarbonyl)azetidin-3-yl)piperidinocarbonyl)-methyl)cyclohexane,C[C@@H]1C[C@H](CCC1)CC(=O)N1CCC(CC1)C1(CN(C1)C(=O)C=1CSCC1)O,C[C@@H]1CCC[C@@H](CC(=O)N2CCC(C3(O)CN(C(=O)C4=CCSC4)C3)CC2)C1,C[C@H]1CCC[C@H](CC(=O)N2CCC(C3(O)CN(C(=O)C4=CCSC4)C3)CC2)C1
14225,CC(=O)NCCC(=O)N1[C@H]2CC[C@@H]1C[C@H](CNC(=O)C[C@H]1CCNC(=O)C1)C2,"(1S,5R)-3-(((((4S)-2-oxopiperidin-4-yl)methylcarbonyl)amino)methyl)-8-(4-oxo-3-azapentylcarbonyl)-8-azabicyclo[3.2.1]octane",O=C1NCC[C@@H](C1)CC(=O)NCC1C[C@@H]2CC[C@H](C1)N2C(=O)CCNC(C)=O,CC(=O)NCCC(=O)N1[C@@H]2CC[C@H]1C[C@@H](CNC(=O)C[C@H]1CCNC(=O)C1)C2,CC(=O)NCCC(=O)N1[C@@H]2CC[C@H]1CC(CNC(=O)C[C@H]1CCNC(=O)C1)C2
14261,C[C@H](CN(C)C(=O)[C@H]1C[C@](O)(c2ccncc2)C1)N(C)C(=O)CCCN(C)C,"(4R)-4,5,10-trimethyl-6-oxo-2-((3S)-3-hydroxy-3-(4-pyridyl)cyclobutylcarbonyl)-2,5,10-triazaundecane",,C[C@H](CN(C)C(=O)C1CC(O)(c2ccncc2)C1)N(C)C(=O)CCCN(C)C,
14347,CC[C@H](C(=O)N1CCN(C(=O)C2=CCC2)C[C@@H](C)C1)[C@H]1CCC(=O)N1,"(S,R)-2-(1-((3S)-3-methyl-5-(cyclobut-1-en-1-ylcarbonyl)-1,5-diazacycloheptan-1-ylcarbonyl)-propyl)pyrrolidin-5-on",C[C@H]1CN(CCN(C1)C(=O)C1=CCC1)C(=O)[C@H](CC)[C@H]1NC(CC1)=O,CCC(C(=O)N1CCN(C(=O)C2=CCC2)C[C@@H](C)C1)[C@H]1CCC(=O)N1,CCC(C(=O)N1CCN(C(=O)C2=CCC2)C[C@@H](C)C1)[C@@H]1CCC(=O)N1
14366,Cc1c(N)cccc1C(=O)N[C@@H]1C[C@@H]1NC(=O)C1=COCCO1,"(cis)-1-((1,4-dioxacyclohex-2-en-2-ylcarbonyl)amino)-2-((3-amino-2-methylbenzoyl)amino)cyclopropane",O1C(=COCC1)C(=O)N[C@H]1[C@H](C1)NC(C1=C(C(=CC=C1)N)C)=O,Cc1c(N)cccc1C(=O)N[C@@H]1C[C@@H]1NC(=O)C1=COCCO1,Cc1c(N)cccc1C(=O)N[C@H]1C[C@H]1NC(=O)C1=COCCO1
14388,CCOC(=O)[C@@H]1CCN(C(=O)[C@]2(NC(=O)c3ccn(C)c3CC)C[C@@H](O)C2)C1,(3R)-3-ethoxycarbonyl-1-((3S)-3-hydroxy-1-((2-ethyl-1-methyl-1H-pyrrol-3-ylcarbonyl)amino)cyclobutylcarbonyl)pyrrolidin,,CCOC(=O)C1CCN(C(=O)[C@]2(NC(=O)c3ccn(C)c3CC)C[C@@H](O)C2)C1,
14400,C[C@]1(NC(=O)Cc2ccc3c(c2)CCC3)C[C@H](NC(=O)[C@@]2(Cl)CC2(F)F)C1,"1-((1S)-1-(((indan-6-yl)methylcarbonyl)amino)-3-(((1S)-1-chloro-2,2-difluorocyclopropylcarbonyl)amino)cyclobutyl)-methane",,C[C@]1(NC(=O)Cc2ccc3c(c2)CCC3)C[C@H](NC(=O)[C@@]2(Cl)CC2(F)F)C1,
14446,CC1(C)CC[C@](NC(=O)C23CC(CO)(C2)C3)(C(=O)Nc2ccc(O)c(=O)cc2)C1,"1-hydroxymethyl-3-((((1R)-3,3-dimethyl-1-(((4-hydroxy-5-oxocyclohepta-1,3,5-trien-1-yl)amino)carbonyl)cyclopentyl)amino)carbonyl)-bicyclo[1.1.1]pentane",,CC1(C)CC[C@](NC(=O)C23CC(CO)(C2)C3)(C(=O)Nc2ccc(O)c(=O)cc2)C1,
14465,CCN(CC)S(=O)(=O)c1cccc(C(=O)NCCNC(=O)[C@@H]2[C@H]3C[C@@H]3[C@H]3C[C@@H]23)c1,"(1R,2R,4R,5R,6S)-5-(((2-((3-diethylaminosulfonylbenzoyl)amino)ethyl)amino)carbonyl)-tricyclo[4.1.0.0^2,4]heptane",,CCN(CC)S(=O)(=O)c1cccc(C(=O)NCCNC(=O)C2[C@H]3C[C@@H]3[C@H]3C[C@@H]23)c1,
14551,CC[C@H](C)[C@@H](CC(=O)N1CC[C@H]2CN(C)CC[C@H]21)NC(=O)[C@H]1CC(C)(C)CO1,"(1S,6R,S,R)-3-methyl-7-(3-methyl-2-(((5R)-3,3-dimethyloxolan-5-ylcarbonyl)amino)-pentylcarbonyl)-3,7-diazabicyclo[4.3.0]nonane",CN1C[C@@H]2CCN([C@@H]2CC1)C(=O)C[C@@H]([C@@H](CC)C)NC(=O)[C@H]1CC(CO1)(C)C,CC[C@H](C)[C@@H](CC(=O)N1CC[C@H]2CN(C)CC[C@H]21)NC(=O)C1CC(C)(C)CO1,CC[C@@H](C)[C@H](CC(=O)N1CC[C@H]2CN(C)CC[C@H]21)NC(=O)C1CC(C)(C)CO1
14692,O=C(NC[C@H]1[C@@H]2CN(C(=O)[C@H](O)C3CCC3)C[C@H]12)c1c(Cl)ccc(F)c1F,"1-((1S,5R,6R)-3-((1R)-1-cyclobutyl-2-oxaethylcarbonyl)-3-azabicyclo[3.1.0]hexane-6-yl)-1-((6-chloro-2,3-difluorobenzoyl)amino)-methane",,O=C(NC[C@@H]1[C@H]2CN(C(=O)C(O)C3CCC3)C[C@@H]12)c1c(Cl)ccc(F)c1F,
14764,C=C=CCCC(=O)NC[C@H]1[C@@H]2CN(C(=O)c3cccc4scnc34)C[C@H]12,"5-((1S,5R)-6-(((3,4-pentadien-1-ylcarbonyl)amino)methyl)-3-azabicyclo[3.1.0]hexane-3-ylcarbonyl)-7-aza-9-thiabicyclo[4.3.0]nona-1(2),3(4),5(6),7(8)-tetraene",C(CC=C=C)C(=O)NCC1[C@H]2CN(C[C@@H]12)C(=O)C=1C=CC=C2SC=NC12,C=C=CCCC(=O)NC[C@@H]1[C@H]2CN(C(=O)c3cccc4scnc34)C[C@@H]12,C=C=CCCC(=O)NCC1[C@H]2CN(C(=O)c3cccc4scnc34)C[C@@H]12
14786,COc1ccncc1CC(=O)NC[C@]1(F)C[C@@H](CNC(=O)CN2CCCCC2)C1,2-oxo-1-(4-methoxy-3-pyridyl)-4-(1-fluoro-3-piperidinomethylcarbonylaminomethylcyclobutyl)-3-azabutane,O=C(CC=1C=NC=CC1OC)NCC1(CC(C1)CNC(=O)CN1CCCCC1)F,COc1ccncc1CC(=O)NC[C@]1(F)C[C@@H](CNC(=O)CN2CCCCC2)C1,COc1ccncc1CC(=O)NCC1(F)CC(CNC(=O)CN2CCCCC2)C1
14837,C[C@H](C(=O)NC[C@H]1CCCN1C(=O)Cc1cncnc1)[C@H]1CCOC1,"(S,R)-3-(1-methyl-2-oxo-4-((2R)-1-((pyrimidin-5-yl)methylcarbonyl)pyrrolidin-2-yl)-3-azabutyl)oxolan",C[C@@H](C(NC[C@@H]1N(CCC1)C(=O)CC=1C=NC=NC1)=O)[C@H]1COCC1,CC(C(=O)NC[C@H]1CCCN1C(=O)Cc1cncnc1)[C@H]1CCOC1,CC(C(=O)NC[C@H]1CCCN1C(=O)Cc1cncnc1)[C@@H]1CCOC1
14860,O=C(CCc1ccoc1)N[C@@H]1CCN(C(=O)[C@H]2C[C@H]3C[C@@H](O)C[C@H](C3)C2)C[C@H]1F,"(1S,3R,5R)-3-hydroxy-7-((3R,4R)-3-fluoro-4-((2-(3-furyl)ethylcarbonyl)amino)piperidinocarbonyl)-bicyclo[3.3.1]nonane",,O=C(CCc1ccoc1)N[C@@H]1CCN(C(=O)C2C[C@@H]3C[C@H](O)C[C@H](C2)C3)C[C@H]1F,
14953,N=c1[nH]c(CC(=O)N[C@@H]2C[C@H]3CC[C@H]2N(C(=O)C=C2CN4CCC2CC4)C3)cs1,"3-((1R,4R,8R)-8-(((2-imino-1-aza-3-thiacyclopent-4-ene-5-yl)methylcarbonyl)amino)-2-azabicyclo[2.2.2]octane-2-ylcarbonylmethylidene)-1-azabicyclo[2.2.2]octane",N=C1NC(=CS1)CC(=O)N[C@@H]1C[C@@H]2N(C[C@H]1CC2)C(=O)C=C2CN1CCC2CC1,Nc1nc(CC(=O)N[C@@H]2C[C@H]3CC[C@H]2N(C(=O)C=C2CN4CCC2CC4)C3)cs1,Nc1nc(CC(=O)N[C@@H]2C[C@H]3CC[C@@H]2CN3C(=O)C=C2CN3CCC2CC3)cs1
14976,Cc1csc(=O)n1CC(=O)N1[C@H]2CC[C@@H]1C[C@@H](NC(=O)CC(=O)OC(C)(C)C)C2,"(1S,5R)-3-((4,4-dimethyl-2-oxo-3-oxapentylcarbonyl)amino)-8-((2-methyl-5-oxo-1-aza-4-thiacyclopent-2-ene-1-yl)methylcarbonyl)-8-azabicyclo[3.2.1]octane",CC(OC(CC(=O)NC1C[C@@H]2CC[C@H](C1)N2C(=O)CN2C(=CSC2=O)C)=O)(C)C,Cc1csc(=O)n1CC(=O)N1[C@@H]2CC[C@H]1C[C@H](NC(=O)CC(=O)OC(C)(C)C)C2,Cc1csc(=O)n1CC(=O)N1[C@@H]2CC[C@H]1CC(NC(=O)CC(=O)OC(C)(C)C)C2
14980,Cc1cc(C(=O)N[C@H]2C[C@@H]3CN(C(=O)CSc4nncn4C(C)C)C[C@@H]3C2)on1,"(1S,5R)-3-(2-(4-isopropyl-1,2,4-triazol-3-yl)-2-thiaethylcarbonyl)-7-((3-methylisoxazol-5-ylcarbonyl)amino)-3-azabicyclo[3.3.0]octane",C(C)(C)N1C(=NN=C1)SCC(=O)N1C[C@H]2CC(C[C@H]2C1)NC(=O)C1=CC(=NO1)C,Cc1cc(C(=O)N[C@H]2C[C@@H]3CN(C(=O)CSc4nncn4C(C)C)C[C@@H]3C2)on1,Cc1cc(C(=O)NC2C[C@@H]3CN(C(=O)CSc4nncn4C(C)C)C[C@@H]3C2)on1
15006,CC1(C)OCCO[C@@H]1CC(=O)NC[C@H]1CC[C@H](CNC(=O)[C@@H]2CCC(=O)O2)CC1,"(2S)-2-(((((1R,4S)-4-(((((3R)-2,2-dimethyl-1,4-dioxan-3-yl)methylcarbonyl)amino)methyl)cyclohexyl)methyl)amino)carbonyl)-oxolan-5-on",,CC1(C)OCCO[C@@H]1CC(=O)NC[C@H]1CC[C@H](CNC(=O)C2CCC(=O)O2)CC1,
15016,Cc1cc(C(=O)N[C@H]2C[C@@H]3CC[C@H](C2)N3C(=O)c2cc(Cl)cnc2O)ccn1,"5-chloro-2-hydroxy-3-((1R,5S)-3-((2-methyl-4-pyridylcarbonyl)amino)-8-azabicyclo[3.2.1]octan-8-ylcarbonyl)pyridin",ClC=1C=C(C(=NC1)O)C(=O)N1[C@H]2CC(C[C@@H]1CC2)NC(=O)C2=CC(=NC=C2)C,Cc1cc(C(=O)N[C@@H]2C[C@H]3CC[C@@H](C2)N3C(=O)c2cc(Cl)c[nH]c2=O)ccn1,Cc1cc(C(=O)NC2C[C@H]3CC[C@@H](C2)N3C(=O)c2cc(Cl)c[nH]c2=O)ccn1
15032,CC[C@H](NC(=O)c1ccn(C)c1)C(=O)NC[C@H]1[C@@H]2COC[C@H]12,"(1S,5R)-6-((((1S)-1-((1-methyl-1H-pyrrol-3-ylcarbonyl)amino)-propylcarbonyl)amino)methyl)-3-oxabicyclo[3.1.0]hexane",CN1C=C(C=C1)C(=O)N[C@@H](CC)C(=O)NCC1[C@H]2COC[C@@H]12,CCC(NC(=O)c1ccn(C)c1)C(=O)NC[C@@H]1[C@H]2COC[C@@H]12,CCC(NC(=O)c1ccn(C)c1)C(=O)NCC1[C@H]2COC[C@@H]12
15108,CCOc1cc([C@H](C(=O)NC[C@@H]2CCOC2)N2C[C@@H]3[C@@H](CO)[C@@H]3C2)ccn1,"(1S,5R,6R,R)-6-hydroxymethyl-3-(2-oxo-1-(2-ethoxy-4-pyridyl)-4-((3S)-oxolan-3-yl)-3-azabutyl)-3-azabicyclo[3.1.0]hexane",,CCOc1cc(C(C(=O)NC[C@@H]2CCOC2)N2C[C@@H]3[C@@H](CO)[C@@H]3C2)ccn1,
15169,COCC(C)(C)CC(=O)N[C@H]1C[C@@](C)(NC(=O)CCc2ccc(C(C)C)cc2)C1,"1-methyl-1-((2-(4-isopropylphenyl)ethylcarbonyl)amino)-3-((2,2-dimethyl-4-oxapentylcarbonyl)amino)cyclobutane",CC1(CC(C1)NC(=O)CC(COC)(C)C)NC(=O)CCC1=CC=C(C=C1)C(C)C,COCC(C)(C)CC(=O)N[C@H]1C[C@@](C)(NC(=O)CCc2ccc(C(C)C)cc2)C1,COCC(C)(C)CC(=O)NC1CC(C)(NC(=O)CCc2ccc(C(C)C)cc2)C1
15211,CCCCC(C)(F)C(=O)N1C[C@H]2[C@H](N(C)C(=O)CC3(OC)CCC3)[C@H]2C1,"2-fluoro-2-((1S,5R)-6-(N-((1-methoxycyclobutyl)methylcarbonyl)-N-methylamino)-3-azabicyclo[3.1.0]hexane-3-ylcarbonyl)hexane",FC(C)(CCCC)C(=O)N1C[C@H]2C([C@H]2C1)N(C)C(=O)CC1(CCC1)OC,CCCCC(C)(F)C(=O)N1C[C@@H]2[C@H](C1)[C@H]2N(C)C(=O)CC1(OC)CCC1,CCCCC(C)(F)C(=O)N1C[C@@H]2C(N(C)C(=O)CC3(OC)CCC3)[C@@H]2C1
15280,C=C[C@@H]1CC[C@H]1C(=O)N1[C@H]2CC[C@@H]1C[C@@H](NC(=O)CCN(C)c1ccccc1)C2,"3-phenyl-1-((((1R,3S,5S)-8-((1R,2S)-2-(ethen-1-yl)cyclobutylcarbonyl)-8-azabicyclo[3.2.1]octan-3-yl)amino)carbonyl)-3-azabutane",,C=C[C@@H]1CCC1C(=O)N1[C@@H]2CC[C@H]1C[C@H](NC(=O)CCN(C)c1ccccc1)C2,
15351,C=CCO[C@@H](C)C(=O)N[C@H]1C[C@](F)(CNC(=O)[C@@]23CC[C@@](CF)(C2)OC3)C1,"(1S,4S)-1-fluoromethyl-4-(((((1R,3R)-1-fluoro-3-(((1S)-1-methyl-2-oxa4-penten-1-ylcarbonyl)amino)cyclobutyl)methyl)amino)carbonyl)-2-oxabicyclo[2.2.1]heptane",,C=CCOC(C)C(=O)N[C@H]1C[C@](F)(CNC(=O)[C@@]23CC[C@@](CF)(C2)OC3)C1,
15406,CCC[C@H](NC(=O)[C@H]1C[C@@H](OC)CN1C(=O)c1ccc2c(c1)CC2)C1CCC1,"(1S)-1-cyclobutyl-1-(((3R,5R)-3-methoxy-1-(benzocyclobutene-6-ylcarbonyl)pyrrolidin-5-ylcarbonyl)amino)butane",C1(CCC1)[C@H](CCC)NC(=O)[C@H]1C[C@H](CN1C(=O)C1=CC=CC2=C1C=C2)OC,CCC[C@H](NC(=O)C1C[C@@H](OC)CN1C(=O)c1ccc2c(c1)CC2)C1CCC1,CCC[C@H](NC(=O)C1C[C@@H](OC)CN1C(=O)c1cccc2c1C=C2)C1CCC1
15441,Cc1ccc(CCC(=O)N[C@H]2C[C@]3(CCCCN3C(=O)[C@@H]3C[C@]34CCOC4)C2)o1,"(1R,3S)-1-((3R)-3-((2-(2-methyl-5-furyl)ethylcarbonyl)amino)spiro[cyclobutane-1,2'-piperidin]-1'-ylcarbonyl)-5-oxaspiro[2.4]heptane",,Cc1ccc(CCC(=O)N[C@H]2C[C@]3(CCCCN3C(=O)C3C[C@]34CCOC4)C2)o1,
15538,CCN1CCCC[C@@H]1C(=O)N1C[C@H]2C[C@H](NC(=O)CC3CC(C(F)F)C3)C[C@H]2C1,"1-((2R)-2-((1R,5S,7S)-7-(((3-difluoromethylcyclobutyl)methylcarbonyl)amino)-3-azabicyclo[3.3.0]octan-3-ylcarbonyl)piperidino)-ethane",,CCN1CCCCC1C(=O)N1C[C@H]2C[C@H](NC(=O)CC3CC(C(F)F)C3)C[C@H]2C1,
15576,Cn1cc(C=CC(=O)NC/C=C/C(=O)N[C@@H](CO)C2CCC2)nn1,"(E)-1-methyl-4-(2-((((6R)-6-cyclobutyl-4-oxo-5-aza-8-oxa2-octen-1-yl)amino)carbonyl)eth-1-en-1-yl)-1,2,3-triazol",CN1N=NC(=C1)\C=C\C(=O)NCC=CC(N[C@@H](CO)C1CCC1)=O,Cn1cc(C=CC(=O)NC/C=C/C(=O)N[C@@H](CO)C2CCC2)nn1,Cn1cc(/C=C/C(=O)NCC=CC(=O)N[C@@H](CO)C2CCC2)nn1
15608,CCc1oc(C)cc1C(=O)N1C[C@H]2[C@H](NC(=O)[C@H]3CCOC3=O)[C@H]2C1,"(1S,5R)-3-(2-ethyl-5-methyl-3-furylcarbonyl)-6-(((3R)-2-oxooxolan-3-ylcarbonyl)amino)-3-azabicyclo[3.1.0]hexane",C(C)C=1OC(=CC1C(=O)N1C[C@H]2C([C@H]2C1)NC(=O)[C@@H]1C(OCC1)=O)C,CCc1oc(C)cc1C(=O)N1C[C@@H]2[C@H](C1)[C@H]2NC(=O)C1CCOC1=O,CCc1oc(C)cc1C(=O)N1C[C@@H]2C(NC(=O)C3CCOC3=O)[C@@H]2C1
15618,CC[C@@H]1CCC[C@H](Nc2cc(NCC(C)(F)F)nc(C)n2)CC1,"(cis)-1-ethyl-4-(N-(2-methyl-4-((2,2-difluoro-propyl)amino)pyrimidin-6-yl)amino)cycloheptane",C(C)[C@@H]1CC[C@@H](CCC1)NC1=CC(=NC(=N1)C)NCC(C)(F)F,CC[C@@H]1CCC[C@H](Nc2cc(NCC(C)(F)F)nc(C)n2)CC1,CC[C@H]1CCC[C@@H](Nc2cc(NCC(C)(F)F)nc(C)n2)CC1
15642,C[C@@H](C(=O)NC1CC1)N1C[C@H]2[C@@H](C1)[C@@H]2C(=O)NCc1nc(-c2ncccn2)no1,"(1S,5R,6S)-3-((1S)-3-cyclopropyl-1-methyl-2-oxo-3-azapropyl)-6-((((3-(pyrimidin-2-yl)-1,2,4-oxadiazol-5-yl)methyl)amino)carbonyl)-3-azabicyclo[3.1.0]hexane",,CC(C(=O)NC1CC1)N1C[C@@H]2C(C(=O)NCc3nc(-c4ncccn4)no3)[C@@H]2C1,
15659,N=c1nc(O)c(CC(=O)NCCOCCNC(=O)/C=C/CN2CCOCC2)c[nH]1,"(E)-4-hydroxy-2-imino-5-(13-morpholino-2,10-dioxo-3,9-diaza-6-oxa11-tridecen-1-yl)-1H-pyrimidin",OC1=N/C(/NC=C1CC(NCCOCCNC(C=CCN1CCOCC1)=O)=O)=N/[H],Nc1nc(=O)c(CC(=O)NCCOCCNC(=O)/C=C/CN2CCOCC2)c[nH]1,[H]Nc1nc(=O)c(CC(=O)NCCOCCNC(=O)C=CCN2CCOCC2)c[nH]1
15750,Cc1ncc(Cl)cc1C(=O)N(C)C[C@H]1[C@@H]2CN(C(=O)CSCC(C)C)C[C@H]12,"(1S,5R)-3-(4-methyl-2-thiapentylcarbonyl)-6-((N-(5-chloro-2-methyl-3-pyridylcarbonyl)-N-methylamino)methyl)-3-azabicyclo[3.1.0]hexane",CC(CSCC(=O)N1C[C@H]2C([C@H]2C1)CN(C)C(=O)C=1C(=NC=C(C1)Cl)C)C,Cc1ncc(Cl)cc1C(=O)N(C)C[C@@H]1[C@H]2CN(C(=O)CSCC(C)C)C[C@@H]12,Cc1ncc(Cl)cc1C(=O)N(C)CC1[C@H]2CN(C(=O)CSCC(C)C)C[C@@H]12
15818,C=C1C[C@H]1C(=O)N[C@H](C)CC1C[C@@H]2CC[C@H](C1)N2C(=O)CSc1ccc(O)cc1,"(1S,5R,R)-3-(2-(((1R)-2-methylidenecyclopropylcarbonyl)amino)-propyl)-8-(2-(4-hydroxyphenyl)-2-thiaethylcarbonyl)-8-azabicyclo[3.2.1]octane",,C=C1CC1C(=O)N[C@H](C)CC1C[C@H]2CC[C@@H](C1)N2C(=O)CSc1ccc(O)cc1,
15858,CCn1nncc1C(=O)N[C@@H]1CC(C(=O)NC[C@@H]2[C@H]3CCCC[C@H]32)=C[C@@H]1O,"(1S,6R)-7-((((3R,4S)-4-hydroxy-3-((1-ethyl-1,2,3-triazol-5-ylcarbonyl)amino)cyclopent-5-en-1-ylcarbonyl)amino)methyl)norcarane",O[C@@H]1[C@@H](CC(=C1)C(=O)NCC1[C@@H]2CCCC[C@@H]21)NC(=O)C2=CN=NN2CC,CCn1nncc1C(=O)N[C@@H]1CC(C(=O)NC[C@H]2[C@@H]3CCCC[C@@H]32)=C[C@@H]1O,CCn1nncc1C(=O)N[C@@H]1CC(C(=O)NCC2[C@H]3CCCC[C@@H]23)=C[C@@H]1O
15955,C=C[C@@](C)(CC)C(=O)N[C@H]1C[C@@H]2CC[C@H](C1)N2C(=O)CNc1nccc(OC)n1,"(1S,5R)-3-(((3R)-3-methyl-pent-1-en-3-ylcarbonyl)amino)-8-(((4-methoxypyrimidin-2-yl)amino)methylcarbonyl)-8-azabicyclo[3.2.1]octane",C[C@](C=C)(CC)C(=O)NC1C[C@@H]2CC[C@H](C1)N2C(=O)CNC2=NC=CC(=N2)OC,C=C[C@@](C)(CC)C(=O)N[C@@H]1C[C@H]2CC[C@@H](C1)N2C(=O)CNc1nccc(OC)n1,C=C[C@@](C)(CC)C(=O)NC1C[C@H]2CC[C@@H](C1)N2C(=O)CNc1nccc(OC)n1
16051,O=C(CCOc1ccccc1)NC[C@H]1C[C@@](F)(CNC(=O)Cc2ccsc2Cl)C1,3-oxo-5-phenoxy-1-(3-fluoro-3-((((2-chloro-3-thienyl)methylcarbonyl)amino)methyl)cyclobutyl)-2-azapentane,O=C(NCC1CC(C1)(CNC(=O)CC1=C(SC=C1)Cl)F)CCOC1=CC=CC=C1,O=C(CCOc1ccccc1)NC[C@H]1C[C@@](F)(CNC(=O)Cc2ccsc2Cl)C1,O=C(CCOc1ccccc1)NCC1CC(F)(CNC(=O)Cc2ccsc2Cl)C1
16059,C#CC[C@]1(O)C[C@@H](C(=O)N[C@H](C/C=C/C)C(=O)Nn2cnnc2C)C1,"(R,E)-3-methyl-4-((1-(((3S)-3-hydroxy-3-propargylcyclobutylcarbonyl)amino)-3-penten-1-ylcarbonyl)amino)-1,2,4-triazol",,C#CCC1(O)CC(C(=O)NC(C/C=C/C)C(=O)Nn2cnnc2C)C1,
16093,COCCCOCC(=O)N[C@H]1[C@@H]2CN(CC(=O)N[C@@H](C)C(C)C)C[C@@H]21,"(1R,5S,6R)-3-((4S)-4,5-dimethyl-2-oxo-3-azahexyl)-6-(((3-methoxypropyl)oxymethylcarbonyl)amino)-3-azabicyclo[3.1.0]hexane",,COCCCOCC(=O)N[C@H]1[C@@H]2CN(CC(=O)N[C@@H](C)C(C)C)C[C@@H]21,
16126,CCOCCOCCC(=O)N[C@H]1C[C@](C)(NC(=O)c2ccncc2Br)C1,"1-(((3-methyl-3-((3-bromo-4-pyridylcarbonyl)amino)cyclobutyl)amino)carbonyl)-3,6-dioxaoctane",CC1(CC(C1)NC(=O)CCOCCOCC)NC(=O)C1=C(C=NC=C1)Br,CCOCCOCCC(=O)N[C@H]1C[C@](C)(NC(=O)c2ccncc2Br)C1,CCOCCOCCC(=O)NC1CC(C)(NC(=O)c2ccncc2Br)C1
16133,Cn1cccc(C(=O)N2C[C@H]3[C@H](CC(=O)N4CC(c5ncccn5)C4)[C@H]3C2)c1=O,"(1S,5R)-3-(1-methyl-2-oxo-1,2-dihydropyridin-3-ylcarbonyl)-6-(1-(3-(pyrimidin-2-yl)azetidin-1-ylcarbonyl)-methyl)-3-azabicyclo[3.1.0]hexane",CN1C(C(=CC=C1)C(=O)N1C[C@H]2C([C@H]2C1)CC(=O)N1CC(C1)C1=NC=CC=N1)=O,Cn1cccc(C(=O)N2C[C@@H]3[C@@H](CC(=O)N4CC(c5ncccn5)C4)[C@@H]3C2)c1=O,Cn1cccc(C(=O)N2C[C@@H]3C(CC(=O)N4CC(c5ncccn5)C4)[C@@H]3C2)c1=O
16184,CN1CCOC[C@@H]1CC(=O)NC[C@]1(F)C[C@H](CNC(=O)C2(CF)CCC2)C1,2-oxo-1-((3S)-4-methylmorpholin-3-yl)-4-((3S)-1-fluoro-3-(((1-fluoromethylcyclobutylcarbonyl)amino)methyl)cyclobutyl)-3-azabutane,,CN1CCOC[C@@H]1CC(=O)NC[C@]1(F)C[C@H](CNC(=O)C2(CF)CCC2)C1,
16189,CC(C)(C)OC(=O)C1(C(=O)N2[C@H]3CC[C@@H]2C[C@@H](NC(=O)C=C(Cl)Cl)C3)CCCC1,"(1S,5R)-3-((2,2-dichloroethenylcarbonyl)amino)-8-(1-boccyclopentylcarbonyl)-8-azabicyclo[3.2.1]octane",ClC(=CC(=O)NC1C[C@@H]2CC[C@H](C1)N2C(=O)C2(CCCC2)C(=O)OC(C)(C)C)Cl,CC(C)(C)OC(=O)C1(C(=O)N2[C@@H]3CC[C@H]2C[C@H](NC(=O)C=C(Cl)Cl)C3)CCCC1,CC(C)(C)OC(=O)C1(C(=O)N2[C@@H]3CC[C@H]2CC(NC(=O)C=C(Cl)Cl)C3)CCCC1
16240,CSCCC(=O)N[C@H]1[C@@H]2CN(C(=O)[C@@H](O)C3CC(F)(F)C3)C[C@@H]21,"(1S,5R,6R)-3-((1S)-1-(3,3-difluorocyclobutyl)-2-oxaethylcarbonyl)-6-((2-methylsulfanylethylcarbonyl)amino)-3-azabicyclo[3.1.0]hexane",,CSCCC(=O)N[C@H]1[C@@H]2CN(C(=O)C(O)C3CC(F)(F)C3)C[C@@H]21,
16258,CO[C@H]1C[C@@H](CC(=O)N[C@H]2C[C@@](C)(NC(=O)[C@@H](C)c3ccc(F)cc3)C2)C1,(1S)-1-((((3R)-1-methyl-3-((((cis)-3-methoxycyclobutyl)methylcarbonyl)amino)cyclobutyl)amino)carbonyl)-1-(4-fluorophenyl)-ethane,,CO[C@H]1C[C@@H](CC(=O)N[C@H]2C[C@@](C)(NC(=O)C(C)c3ccc(F)cc3)C2)C1,
16263,CC(C(=O)N[C@H](C)CN(C)C(=O)c1nccc(C(F)(F)F)n1)=C1CCCC1,1-(((((1R)-1-methyl-3-(4-trifluoromethylpyrimidin-2-ylcarbonyl)-3-azabutyl)amino)carbonyl)methylmethylidene)cyclopentan,C[C@H](CN(C)C(=O)C1=NC=CC(=N1)C(F)(F)F)NC(=O)CC=C1CCCC1,CC(C(=O)N[C@H](C)CN(C)C(=O)c1nccc(C(F)(F)F)n1)=C1CCCC1,C[C@H](CN(C)C(=O)c1nccc(C(F)(F)F)n1)NC(=O)CC=C1CCCC1
16274,C#CCCN(C)CC(=O)N[C@H]1C[C@@H]2CC[C@H](C1)N2C(=O)CCCCCCN=[N+]=[N-],"2-methyl-1-((((1R,5S)-8-(6-azidohexylcarbonyl)-8-azabicyclo[3.2.1]octan-3-yl)amino)carbonyl)-2-aza-5-hexyn",CN(CC(=O)NC1C[C@H]2CC[C@@H](C1)N2C(=O)CCCCCCN=[N+]=[N-])CCC#C,C#CCCN(C)CC(=O)N[C@@H]1C[C@H]2CC[C@@H](C1)N2C(=O)CCCCCCN=[N+]=[N-],C#CCCN(C)CC(=O)NC1C[C@H]2CC[C@@H](C1)N2C(=O)CCCCCCN=[N+]=[N-]
16361,CC1=NO[C@@H](CNC(=O)CCN(C)C(=O)C=C2CCCCC2)C1,1-(N-(3-oxo-5-((4R)-2-methyl-1-aza-5-oxacyclopent-1-ene-4-yl)-4-azapentyl)-N-methylcarbamoylmethylidene)cyclohexan,,CC1=NO[C@@H](CNC(=O)CCN(C)C(=O)C=C2CCCCC2)C1,
16410,O=C1CCC(C(=O)N[C@H]2C[C@@H]3CN(C(=O)C4=CCCSC4)C[C@@H]3C2)=NN1,"(1S,5R)-3-(1-thiacyclohex-3-ene-3-ylcarbonyl)-7-((2-oxo-1,6-diazacyclohex-5-en-5-ylcarbonyl)amino)-3-azabicyclo[3.3.0]octane",S1CC(=CCC1)C(=O)N1C[C@H]2CC(C[C@H]2C1)NC(=O)C=1CCC(NN1)=O,O=C1CCC(C(=O)N[C@H]2C[C@@H]3CN(C(=O)C4=CCCSC4)C[C@@H]3C2)=NN1,O=C1CCC(C(=O)NC2C[C@@H]3CN(C(=O)C4=CCCSC4)C[C@@H]3C2)=NN1
16441,CCc1cnccc1C(=O)N[C@H]1C[C@@](C)(NC(=O)C23CC(C)(C2)OC3(C)C)C1,"1,3,3-trimethyl-4-(((1-methyl-3-((3-ethyl-4-pyridylcarbonyl)amino)cyclobutyl)amino)carbonyl)-2-oxabicyclo[2.1.1]hexane",CC12OC(C(C1)(C2)C(=O)NC2(CC(C2)NC(=O)C2=C(C=NC=C2)CC)C)(C)C,CCc1cnccc1C(=O)N[C@H]1C[C@@](C)(NC(=O)C23CC(C)(C2)OC3(C)C)C1,CCc1cnccc1C(=O)NC1CC(C)(NC(=O)C23CC(C)(C2)OC3(C)C)C1
16476,C#Cc1cncc(C(=O)NC[C@H]2[C@@H]3CN(C(=O)[C@H](C)COC)C[C@H]23)c1,"(1S,5R,6R)-3-((2R)-1-methoxy-propan-2-ylcarbonyl)-6-(((3-acetenyl-5-pyridylcarbonyl)amino)methyl)-3-azabicyclo[3.1.0]hexane",,C#Cc1cncc(C(=O)NC[C@@H]2[C@H]3CN(C(=O)C(C)COC)C[C@@H]23)c1,
16523,C=CCCC(=O)NC[C@]1(F)C[C@H](CNC(=O)[C@@H](NS(=O)(=O)CCCC)C(C)C)C1,"(4S)-4-isopropyl-3,6,6-trioxo-1-((3S)-3-fluoro-3-homoallylcarbonylaminomethylcyclobutyl)-2,5-diaza-6-thiadecane",,C=CCCC(=O)NC[C@]1(F)C[C@H](CNC(=O)C(NS(=O)(=O)CCCC)C(C)C)C1,
16538,Cc1c(Cl)cccc1-n1nnnc1[C@@]1(NC2(CC3CC3)CC2)C[C@@H]2COC[C@@H]2C1,"(1S,5R)-7-((1-cyclopropylmethylcyclopropyl)amino)-7-(1-(3-chloro-2-methylphenyl)tetrazol-5-yl)-3-oxabicyclo[3.3.0]octane",C1(CC1)CC1(CC1)NC1(C[C@H]2COC[C@H]2C1)C1=NN=NN1C1=C(C(=CC=C1)Cl)C,Cc1c(Cl)cccc1-n1nnnc1[C@]1(NC2(CC3CC3)CC2)C[C@H]2COC[C@H]2C1,Cc1c(Cl)cccc1-n1nnnc1C1(NC2(CC3CC3)CC2)C[C@H]2COC[C@H]2C1
16561,O=C(NC[C@H]1[C@@H]2CN(C(=O)c3cc(Cl)c(Cl)[nH]3)C[C@H]12)[C@H]1C(Cl)(Cl)C12CC2,"(1S,5R)-3-(2,3-dichloro-1H-pyrrol-5-ylcarbonyl)-6-((((1S)-2,2-dichloro-spiro[2.2]pentan-1-ylcarbonyl)amino)methyl)-3-azabicyclo[3.1.0]hexane",ClC=1NC(=CC1Cl)C(=O)N1C[C@H]2C([C@H]2C1)CNC(=O)[C@H]1C(C12CC2)(Cl)Cl,O=C(NC[C@@H]1[C@H]2CN(C(=O)c3cc(Cl)c(Cl)[nH]3)C[C@@H]12)C1C(Cl)(Cl)C12CC2,O=C(NCC1[C@H]2CN(C(=O)c3cc(Cl)c(Cl)[nH]3)C[C@@H]12)C1C(Cl)(Cl)C12CC2
16621,COCCCCC(=O)N(C)[C@H]1[C@@H]2CN(C(=O)[C@H]3Cc4ccccc4O3)C[C@@H]21,"(2R)-2-((1S,5R,6S)-6-(N-(4-methoxybutylcarbonyl)-N-methylamino)-3-azabicyclo[3.1.0]hexane-3-ylcarbonyl)coumaran",,COCCCCC(=O)N(C)[C@H]1[C@@H]2CN(C(=O)C3Cc4ccccc4O3)C[C@@H]21,
16730,CC(C)C(=O)N(C)C[C@H]1[C@@H]2CN(C(=O)c3cc4ncccc4cc3Cl)C[C@H]12,"2,4-dimethyl-3-oxo-1-((1S,5R)-3-(6-chlorochinolin-7-ylcarbonyl)-3-azabicyclo[3.1.0]hexane-6-yl)-2-azapentane",CN(CC1[C@H]2CN(C[C@@H]12)C(=O)C1=C(C=C2C=CC=NC2=C1)Cl)C(C(C)C)=O,CC(C)C(=O)N(C)C[C@@H]1[C@H]2CN(C(=O)c3cc4ncccc4cc3Cl)C[C@@H]12,CC(C)C(=O)N(C)CC1[C@H]2CN(C(=O)c3cc4ncccc4cc3Cl)C[C@@H]12
16803,CC[S@@](=O)(=NC(=O)c1n[nH]c2c1C[C@@H]1C[C@H]21)C(C)C,"(1S,8S)-5-((((1S)-1-isopropyl-1-oxo-1-thiapropyl)amino)carbonyl)-3,4-diazatricyclo[6.1.0.0^2,6]nona-2(6),4(5)-diene",C(C)(C)[S@@](C(C)NC(=O)C1=NNC=2[C@H]3C[C@H]3CC12)=O,CCS(=O)(=NC(=O)c1[nH]nc2c1CC1CC21)C(C)C,CC(C)[S@+]([O-])C(C)NC(=O)c1[nH]nc2c1C[C@@H]1C[C@H]21
16824,O=C(NC[C@H]1C[C@@](F)(CNC(=O)[C@H]2CCOC2)C1)c1cc2n(n1)CCOC2,"8-(((((1S)-3-fluoro-3-((((3S)-oxolan-3-ylcarbonyl)amino)methyl)cyclobutyl)methyl)amino)carbonyl)-1,9-diaza-4-oxabicyclo[4.3.0]nona-6(7),8(9)-diene",,O=C(NC[C@H]1C[C@@](F)(CNC(=O)C2CCOC2)C1)c1cc2n(n1)CCOC2,
16865,CC(C)O[C@H]1C[C@@H](NC(=O)C2(NC(=O)C#CC3CCC3)CCCC2)C1,2-(((cis)-3-((1-cyclobutylethynylcarbonylaminocyclopentylcarbonyl)amino)cyclobutyl)oxy)propane,,CC(C)O[C@H]1C[C@@H](NC(=O)C2(NC(=O)C#CC3CCC3)CCCC2)C1,
16873,CN1CC[C@@H](CC(=O)N[C@H]2C[C@@H]3CC[C@H]2[C@H](NC(=O)CCSCC(N)=O)C3)C1=O,"(1S,3S,4R,7R)-3-((((3S)-1-methyl-2-oxopyrrolidin-3-yl)methylcarbonyl)amino)-7-((2-(1-carbamylmethylsulfanyl)ethylcarbonyl)amino)-bicyclo[2.2.2]octane",CN1C([C@@H](CC1)CC(=O)N[C@H]1C[C@@H]2CC[C@@H]1C[C@H]2NC(=O)CCSCC(N)=O)=O,CN1CCC(CC(=O)N[C@H]2C[C@@H]3CC[C@H]2[C@H](NC(=O)CCSCC(N)=O)C3)C1=O,CN1CCC(CC(=O)N[C@H]2C[C@@H]3CC[C@@H]2C[C@H]3NC(=O)CCSCC(N)=O)C1=O
16876,CO[C@H](CCNC(=O)C1(F)CC1)CNC(=O)[C@H]1C[C@@H](OC(C)(C)C)C1,(3S)-1-((((2R)-2-(2-((1-fluorocyclopropylcarbonyl)amino)ethyl)-3-oxabutyl)amino)carbonyl)-3-((t-butyl)oxy)cyclobutane,,CO[C@H](CCNC(=O)C1(F)CC1)CNC(=O)C1CC(OC(C)(C)C)C1,
16900,CC(=O)N1CCC(C(=O)N[C@@H]2C[C@H]3C[C@H](NC(=O)c4sccc4F)C[C@H]3C2)CC1,"(1S,5R)-3-((1-(acetyl)piperidin-4-ylcarbonyl)amino)-7-((3-fluoro-2-thienylcarbonyl)amino)-bicyclo[3.3.0]octane",C(C)(=O)N1CCC(CC1)C(=O)NC1C[C@H]2CC(C[C@H]2C1)NC(=O)C=1SC=CC1F,CC(=O)N1CCC(C(=O)N[C@@H]2C[C@H]3C[C@H](NC(=O)c4sccc4F)C[C@H]3C2)CC1,CC(=O)N1CCC(C(=O)NC2C[C@H]3CC(NC(=O)c4sccc4F)C[C@H]3C2)CC1
16948,CCN(CCC(=O)OC)C(=O)[C@H](NC(=O)[C@@H]1COCC1(C)C)[C@@H]1CCCO1,"(R,S)-2-(3-ethyl-2,6-dioxo-1-(((4S)-3,3-dimethyloxolan-4-ylcarbonyl)amino)-3-aza-7-oxaoctyl)oxolan",C(C)N(C([C@@H](NC(=O)[C@H]1C(COC1)(C)C)[C@@H]1OCCC1)=O)CCC(OC)=O,CCN(CCC(=O)OC)C(=O)C(NC(=O)C1COCC1(C)C)[C@@H]1CCCO1,CCN(CCC(=O)OC)C(=O)C(NC(=O)C1COCC1(C)C)[C@H]1CCCO1
16958,COCCCCCC(=O)N1[C@H]2CC[C@@H]1C[C@@H](NC(=O)c1ccn(C3CCC3)n1)C2,"(1S,5R)-3-((1-cyclobutylpyrazol-3-ylcarbonyl)amino)-8-(5-methoxypentylcarbonyl)-8-azabicyclo[3.2.1]octane",C1(CCC1)N1N=C(C=C1)C(=O)NC1C[C@@H]2CC[C@H](C1)N2C(=O)CCCCCOC,COCCCCCC(=O)N1[C@@H]2CC[C@H]1C[C@H](NC(=O)c1ccn(C3CCC3)n1)C2,COCCCCCC(=O)N1[C@@H]2CC[C@H]1CC(NC(=O)c1ccn(C3CCC3)n1)C2
16971,Cc1cc(=N[C@@H](C)C[C@@H](C)NC(=O)C2C[C@H]3CC(O)C[C@H](C2)C3)[nH]c(C2CC2)n1,"(R,S)-2-cyclopropyl-4-methyl-6-((1-methyl-3-(((1S,5S)-3-hydroxy-bicyclo[3.3.1]nonan-7-ylcarbonyl)amino)-butyl)imino)-1H-pyrimidin",C1(CC1)C=1NC(C=C(N1)C)=N[C@@H](C[C@H](C)NC(=O)C1C[C@H]2CC(C[C@H](C1)C2)O)C,Cc1cc(N[C@@H](C)C[C@@H](C)NC(=O)C2C[C@H]3CC(O)C[C@H](C2)C3)nc(C2CC2)n1,Cc1cc(N[C@H](C)C[C@H](C)NC(=O)C2C[C@H]3CC(O)C[C@H](C2)C3)nc(C2CC2)n1
16987,CC(C)[C@@](C)(O)C(=O)NC[C@H]1C[C@](F)(CNC(=O)CCc2ccccc2C#N)C1,"(4R)-4-hydroxy-4,5-dimethyl-3-oxo-1-((3S)-3-fluoro-3-(((2-(2-cyanophenyl)ethylcarbonyl)amino)methyl)cyclobutyl)-2-azahexane",,CC(C)[C@@](C)(O)C(=O)NC[C@H]1C[C@](F)(CNC(=O)CCc2ccccc2C#N)C1,
17169,C[C@H]1C[C@]1(C)C(=O)N(C)CCCCCCNC(=O)[C@@]1(C)C[C@@H]2C[C@@H]2C1,"1-(((1S,5R)-3-methylbicyclo[3.1.0]hexane-3-ylcarbonyl)amino)-7-((1S,2S)-1,2-dimethylcyclopropylcarbonyl)-7-azaoctane",CC1(C[C@@H]2C[C@@H]2C1)C(=O)NCCCCCCN(C)C(=O)[C@@]1([C@H](C1)C)C,C[C@H]1C[C@]1(C)C(=O)N(C)CCCCCCNC(=O)[C@]1(C)C[C@H]2C[C@H]2C1,C[C@H]1C[C@]1(C)C(=O)N(C)CCCCCCNC(=O)C1(C)C[C@H]2C[C@H]2C1
17202,CC(C)(C)C#CC(=O)N1C[C@H]2CC[C@H]1[C@H](NC(=O)C(F)(F)c1cccc(Cl)c1)C2,"3,3-dimethyl-1-((1S,4S,8R)-8-(((3-chlorophenyl)difluoromethylcarbonyl)amino)-2-azabicyclo[2.2.2]octane-2-ylcarbonyl)butyn",CC(C#CC(=O)N1[C@H]2CC[C@@H](C1)[C@@H](C2)NC(=O)C(F)(F)C2=CC(=CC=C2)Cl)(C)C,CC(C)(C)C#CC(=O)N1C[C@H]2CC[C@H]1[C@H](NC(=O)C(F)(F)c1cccc(Cl)c1)C2,CC(C)(C)C#CC(=O)N1C[C@@H]2CC[C@H]1C[C@H]2NC(=O)C(F)(F)c1cccc(Cl)c1
17211,CCc1nc[nH]c(=NCCN[C@H]2C[C@@H]3CC=CC[C@@H]3C2)c1F,"1-(5-fluoro-4-((3-((1R,6S)-bicyclo[4.3.0]non-3(4)-en-8-yl)-3-azapropyl)imino)-3H-pyrimidin-6-yl)-ethane",FC=1C(NC=NC1CC)=NCCNC1C[C@@H]2CC=CC[C@@H]2C1,CCc1ncnc(NCCN[C@@H]2C[C@H]3CC=CC[C@H]3C2)c1F,CCc1ncnc(NCCNC2C[C@H]3CC=CC[C@H]3C2)c1F
17323,CC#CC(C)(C)NC(=O)C[C@H]1CCCN(C(=O)[C@@H](C)C/C=C/CC)CC1,"4,4-dimethyl-2-oxo-1-((4S)-1-((2S)-(2S,4E)-hept-4-en-2-ylcarbonyl)azepan-4-yl)-3-aza-5-heptyn",,CC#CC(C)(C)NC(=O)C[C@H]1CCCN(C(=O)C(C)C/C=C/CC)CC1,
17359,C#Cc1ccc(C(=O)N[C@]2(C)C[C@H](NC(=O)CCN3CCCC3=O)C2)c(OC)c1,1-(3-oxo-4-(3-methyl-3-((4-acetenyl-2-methoxybenzoyl)amino)cyclobutyl)-4-azabutyl)pyrrolidin-2-on,O=C(CCN1C(CCC1)=O)NC1CC(C1)(NC(C1=C(C=C(C=C1)C#C)OC)=O)C,C#Cc1ccc(C(=O)N[C@]2(C)C[C@H](NC(=O)CCN3CCCC3=O)C2)c(OC)c1,C#Cc1ccc(C(=O)NC2(C)CC(NC(=O)CCN3CCCC3=O)C2)c(OC)c1
17379,Cc1ccnc(C(=O)NC[C@]2(F)C[C@@H](NC(=O)[C@H]3CCc4n[nH]c(C)c4C3)C2)c1,"(3S)-9-methyl-3-((((3R)-3-fluoro-3-(((4-methyl-2-pyridylcarbonyl)amino)methyl)cyclobutyl)amino)carbonyl)-7,8-diazabicyclo[4.3.0]nona-1(9),6(7)-diene",,Cc1ccnc(C(=O)NC[C@]2(F)C[C@@H](NC(=O)C3CCc4[nH]nc(C)c4C3)C2)c1,
17457,C[S@](=O)c1ccccc1C(=O)N[C@H]1C[C@@](F)(CNC(=O)CNS(C)(=O)=O)C1,"3,6,6-trioxo-1-((1S)-1-fluoro-3-(N-(2-((S)-methylsulfinyl)benzoyl)amino)cyclobutyl)-2,5-diaza-6-thiaheptane",,C[S@+]([O-])c1ccccc1C(=O)N[C@H]1C[C@@](F)(CNC(=O)CNS(C)(=O)=O)C1,
17465,C[C@H]1CN(C)C[C@@H](C(=O)N2C[C@H]3[C@H](CNC(=O)[C@@]45CSC[C@H]4C5)[C@H]3C2)O1,"(1S,5R,6S)-3-((2S,6S)-2,4-dimethylmorpholin-6-ylcarbonyl)-6-((((1S,5S)-3-thiabicyclo[3.1.0]hexan-1-ylcarbonyl)amino)methyl)-3-azabicyclo[3.1.0]hexane",,C[C@H]1CN(C)CC(C(=O)N2C[C@@H]3[C@@H](CNC(=O)[C@@]45CSC[C@H]4C5)[C@@H]3C2)O1,
17480,CCc1noc(C)c1C(=O)N[C@H]1C[C@H](NC(=O)CCc2ocnc2C(=O)OC)C1,1-((2-(4-methoxycarbonyloxazol-5-yl)ethylcarbonyl)amino)-3-((3-ethyl-5-methylisooxazol-4-ylcarbonyl)amino)cyclobutane,COC(=O)C=1N=COC1CCC(=O)NC1CC(C1)NC(=O)C=1C(=NOC1C)CC,CCc1noc(C)c1C(=O)N[C@H]1C[C@H](NC(=O)CCc2ocnc2C(=O)OC)C1,CCc1noc(C)c1C(=O)NC1CC(NC(=O)CCc2ocnc2C(=O)OC)C1
17490,Cc1scnc1C(=O)N[C@]1(c2ccccc2)C[C@@H](NC(=O)CNC(N)=O)C1,"1-(4-(((1-phenyl-3-((3-oxo-2,4-diazabutylcarbonyl)amino)cyclobutyl)amino)carbonyl)thiazol-5-yl)-methane",C1(=CC=CC=C1)C1(CC(C1)NC(=O)CNC(N)=O)NC(=O)C=1N=CSC1C,Cc1scnc1C(=O)N[C@]1(c2ccccc2)C[C@@H](NC(=O)CNC(N)=O)C1,Cc1scnc1C(=O)NC1(c2ccccc2)CC(NC(=O)CNC(N)=O)C1
17525,CC#CC[C@H](C)N=c1[nH]c(=NCc2ccc(OC)cc2F)c2[nH]ccc2[nH]1,"2-fluoro-4-methoxy-1-((N-(2-(((1S)-1-methyl-3-pentyn-1-yl)imino)pyrimido[4,5-d]pyrrole-4-ylidene)amino)methyl)benzene",FC1=C(C=CC(=C1)OC)CN=C1NC(N=C2C=CN=C21)=N[C@H](CC#CC)C,CC#CC[C@H](C)Nc1nc(NCc2ccc(OC)cc2F)c2[nH]ccc2n1,CC#CC[C@H](C)NC1=NC(=NCc2ccc(OC)cc2F)C2=NC=CC2=N1
17546,CCC(C)(C)[C@H](O)C(=O)N[C@H]1C[C@@](C)(NC(=O)c2cnn(C)c2C)C1,"1,5-dimethyl-4-((((1R)-1-methyl-3-(((1S)-1-hydroxy-2,2-dimethyl-butylcarbonyl)amino)cyclobutyl)amino)carbonyl)pyrazole",,CCC(C)(C)C(O)C(=O)N[C@H]1C[C@@](C)(NC(=O)c2cnn(C)c2C)C1,
17622,Cc1cccc2[nH]cc(C(=O)NC[C@H]3[C@@H]4CN(C(=O)c5snc(O)c5Cl)C[C@H]34)c12,"(1S,5R)-3-(4-chloro-3-hydroxyisothiazol-5-ylcarbonyl)-6-(((2-methyl-7-azabicyclo[4.3.0]nona-1(2),3(4),5(6),8(9)-tetraen-9-ylcarbonyl)amino)methyl)-3-azabicyclo[3.1.0]hexane",ClC=1C(=NSC1C(=O)N1C[C@H]2C([C@H]2C1)CNC(=O)C1=CNC2=CC=CC(=C12)C)O,Cc1cccc2[nH]cc(C(=O)NC[C@@H]3[C@H]4CN(C(=O)c5s[nH]c(=O)c5Cl)C[C@@H]34)c12,Cc1cccc2[nH]cc(C(=O)NCC3[C@H]4CN(C(=O)c5s[nH]c(=O)c5Cl)C[C@@H]34)c12
17635,COC[C@@]1(C(=O)NCC[C@@H](C)N(C)C(=O)[C@@H](C)O)CCCCO1,"2-methoxymethyl-N-((3R,6R)-6-hydroxy-3,4-dimethyl-5-oxo-4-azaheptyl)-oxan-2-carboxamide",COCC1(OCCCC1)C(=O)NCC[C@H](N(C([C@@H](C)O)=O)C)C,COC[C@@]1(C(=O)NCC[C@@H](C)N(C)C(=O)C(C)O)CCCCO1,COCC1(C(=O)NCC[C@@H](C)N(C)C(=O)C(C)O)CCCCO1
17654,CCN(C(=O)[C@H]1C[C@@H]2CC[C@H](C1)[C@@H]2F)[C@H]1CCCN(C(=O)c2ccncc2)C1,"1-(N-((1R,5S,8S)-8-fluoro-bicyclo[3.2.1]octan-3-ylcarbonyl)-N-((3S)-1-(4-pyridylcarbonyl)piperidin-3-yl)amino)-ethane",,CCN(C(=O)C1C[C@H]2CC[C@@H](C1)[C@H]2F)[C@H]1CCCN(C(=O)c2ccncc2)C1,
17666,CC/C=C/C[C@H](C)C(=O)N[C@H]1CC[C@H](NC(=O)C2(COCC)CCC2)C1,"1-ethoxymethyl-1-((((1S,3S)-3-((2S)-((2S,4E)-hept-4-en-2-ylcarbonyl)amino)cyclopentyl)amino)carbonyl)cyclobutan",,CC/C=C/CC(C)C(=O)N[C@H]1CC[C@H](NC(=O)C2(COCC)CCC2)C1,
17693,Cc1nnc(C(=O)N[C@]2(C)C[C@H](NC(=O)[C@@H]3CCC[C@H]3O)C2)s1,"(1R,2R)-1-hydroxy-2-((((3S)-3-methyl-3-((2-methyl-1,3,4-thiadiazol-5-ylcarbonyl)amino)cyclobutyl)amino)carbonyl)cyclopentane",,Cc1nnc(C(=O)N[C@]2(C)C[C@H](NC(=O)C3CCC[C@H]3O)C2)s1,
17747,C[C@@H]1CC(=O)NC[C@H]1C(=O)NCc1cc(C(=O)NC[C@H]2C[C@H](O)[C@H](O)C2)no1,"(1S,2R)-1,2-dihydroxy-4-(((5-((((4R,5S)-4-methyl-2-oxopiperidin-5-ylcarbonyl)amino)methyl)isooxazol-3-ylcarbonyl)amino)methyl)cyclopentane",O[C@@H]1[C@@H](CC(C1)CNC(=O)C1=NOC(=C1)CNC(=O)[C@H]1[C@@H](CC(NC1)=O)C)O,C[C@@H]1CC(=O)NCC1C(=O)NCc1cc(C(=O)NC[C@@H]2C[C@@H](O)[C@@H](O)C2)no1,C[C@@H]1CC(=O)NCC1C(=O)NCc1cc(C(=O)NCC2C[C@@H](O)[C@@H](O)C2)no1
17798,CC1(C)OCC[C@H]1CC(=O)N[C@H]1C[C@H]2COC[C@@H](C1)N2C(=O)C=C[C@@H]1CCOC1,"(1S,5R,7R)-7-((((3S)-2,2-dimethyloxolan-3-yl)methylcarbonyl)amino)-9-(2-((3S)-oxolan-3-yl)-ethen-1-ylcarbonyl)-9-aza-3-oxabicyclo[3.3.1]nonane",,CC1(C)OCC[C@H]1CC(=O)N[C@H]1C[C@H]2COC[C@@H](C1)N2C(=O)C=C[C@@H]1CCOC1,
17887,CC1(C)[C@H](NC(=O)c2ncc[nH]c2=O)CCN1C(=O)c1ccn2[nH]c(=N)nc2c1,"7-((3R)-2,2-dimethyl-3-((2-oxo-1H-pyrazin-3-ylcarbonyl)amino)pyrrolidinocarbonyl)-1,2,4-triazolo[1,5-a]pyridin-2(1H)-imine",CC1(N(CC[C@H]1NC(=O)C=1C(NC=CN1)=O)C(=O)C=1C=C2N(CC1)NC(N2)=N)C,CC1(C)[C@H](NC(=O)c2ncc[nH]c2=O)CCN1C(=O)c1ccn2nc(N)nc2c1,CC1(C)[C@H](NC(=O)c2ncc[nH]c2=O)CCN1C(=O)C1=Cc2nc(=N)[nH]n2CC1
17939,CCCS(=O)(=O)N[C@H](C)C(=O)N[C@H]1C[C@H](CNC(=O)[C@@H]2CCCN2C)C1,"(1R,3S)-1-((((2S)-1-methylpyrrolidin-2-ylcarbonyl)amino)methyl)-3-(((1R)-1-methyl-3,3-dioxo-2-aza-3-thiahexylcarbonyl)amino)cyclobutane",,CCCS(=O)(=O)NC(C)C(=O)N[C@H]1C[C@H](CNC(=O)C2CCCN2C)C1,
17988,CC(C)c1ccc([C@H](C)N=c2[nH]c(=N[C@@H]3[C@H]4CCCC[C@H]43)c3sccc3[nH]2)cc1,"(S)-2-(4-(1-(N-(4-(((1S,6R)-norcarane-7-yl)imino)thieno[3,2-d]pyrimidine-2-ylidene)amino)-ethyl)phenyl)propane",[C@H]12CCCC[C@H]1C2N=C2C1=C(NC(N2)=N[C@@H](C)C2=CC=C(C=C2)C(C)C)C=CS1,CC(C)c1ccc([C@H](C)Nc2nc(N[C@H]3[C@@H]4CCCC[C@@H]43)c3sccc3n2)cc1,CC(C)c1ccc([C@H](C)Nc2nc(NC3[C@H]4CCCC[C@@H]34)c3sccc3n2)cc1
18010,Cn1nnc(C(=O)NC[C@]2(F)C[C@H](CNC(=O)CC[C@H]3C[C@H]4CC[C@H]3C4)C2)c1N,"(1S,3S,4S)-3-(3-oxo-5-((3S)-3-fluoro-3-(((5-amino-1-methyl-1,2,3-triazol-4-ylcarbonyl)amino)methyl)cyclobutyl)-4-azapentyl)norbornane",,Cn1nnc(C(=O)NC[C@]2(F)C[C@H](CNC(=O)CC[C@H]3C[C@H]4CC[C@H]3C4)C2)c1N,
18071,[N-]=[N+]=NCCC1(C(=O)N2[C@H]3CC[C@@H]2C[C@@H](CNC(=O)C(=O)NC2CC2)C3)CC1,"(1S,5R)-3-(((((cyclopropyl)amino)carbonylcarbonyl)amino)methyl)-8-(1-(2-azidoethyl)cyclopropylcarbonyl)-8-azabicyclo[3.2.1]octane",C1(CC1)NC(=O)C(=O)NCC1C[C@@H]2CC[C@H](C1)N2C(=O)C2(CC2)CCN=[N+]=[N-],[N-]=[N+]=NCCC1(C(=O)N2[C@@H]3CC[C@H]2C[C@H](CNC(=O)C(=O)NC2CC2)C3)CC1,[N-]=[N+]=NCCC1(C(=O)N2[C@@H]3CC[C@H]2CC(CNC(=O)C(=O)NC2CC2)C3)CC1
18083,Cc1ccc(CC(=O)N(C)[C@H]2C[C@@H](NC(=O)C#CC(=O)N(C)C)C2)cn1,1-((3-oxo-3-(dimethylamino)-propyn-1-ylcarbonyl)amino)-3-(N-((2-methyl-5-pyridyl)methylcarbonyl)-N-methylamino)cyclobutane,O=C(C#CC(=O)NC1CC(C1)N(C)C(=O)CC=1C=CC(=NC1)C)N(C)C,Cc1ccc(CC(=O)N(C)[C@H]2C[C@@H](NC(=O)C#CC(=O)N(C)C)C2)cn1,Cc1ccc(CC(=O)N(C)C2CC(NC(=O)C#CC(=O)N(C)C)C2)cn1
18114,C[C@@H]1CCCN1C(=O)[C@@H]1[C@@H]2[C@H](CN1Cc1cccc(C(=O)O)c1F)C2(C)C,"1-((1S,2S,5R)-6-methyl-2-((2R)-2-methylpyrrolidinocarbonyl)-3-(3-carboxy-2-fluorobenzyl)-3-azabicyclo[3.1.0]hexane-6-yl)-methane",CC1([C@@H]2CN([C@@H]([C@H]12)C(=O)N1[C@@H](CCC1)C)CC1=C(C(=CC=C1)C(=O)O)F)C,C[C@@H]1CCCN1C(=O)C1[C@@H]2[C@H](CN1Cc1cccc(C(=O)O)c1F)C2(C)C,C[C@@H]1CCCN1C(=O)C1[C@H]2[C@@H](CN1Cc1cccc(C(=O)O)c1F)C2(C)C
18124,CC1(CC(=O)N[C@H]2C[C@@](F)(CN=c3ncc4ccccc4[nH]3)C2)CC1,1-(1-(2-oxo-3-(3-fluoro-3-(((quinazolin-2-ylidene)amino)methyl)cyclobutyl)-3-azapropyl)cyclopropyl)-methane,O=C(CC1(CC1)C)NC1CC(C1)(CN=C1NC2=CC=CC=C2C=N1)F,CC1(CC(=O)N[C@H]2C[C@@](F)(CNc3ncc4ccccc4n3)C2)CC1,CC1(CC(=O)NC2CC(F)(CNc3ncc4ccccc4n3)C2)CC1
18137,Cc1cc(C(=O)N2CC[C@H](NC(=O)[C@H]3Cc4ccc(F)cc43)C[C@H]2C)ncc1F,"1-((2R,4S)-1-(3-fluoro-4-methyl-6-pyridylcarbonyl)-4-(((2S)-6-fluorobenzocyclobutene-2-ylcarbonyl)amino)piperidin-2-yl)-methane",,Cc1cc(C(=O)N2CC[C@H](NC(=O)C3Cc4ccc(F)cc43)C[C@H]2C)ncc1F,
18160,CC(C)=CCCC(=O)N1CC[C@](O)([C@@H](C)NC(=O)C[C@@H]2CC(C)(C)CO2)C1,"(R,S)-4,4-dimethyl-2-(2-oxo-4-((3R)-3-hydroxy-1-(4-methyl-3-penten-1-ylcarbonyl)pyrrolidin-3-yl)-3-azapentyl)oxolan",CC1(C[C@@H](OC1)CC(N[C@@H](C)[C@@]1(CN(CC1)C(=O)CCC=C(C)C)O)=O)C,CC(C)=CCCC(=O)N1CC[C@](O)([C@@H](C)NC(=O)C[C@@H]2CC(C)(C)CO2)C1,CC(C)=CCCC(=O)N1CC[C@](O)([C@H](C)NC(=O)C[C@H]2CC(C)(C)CO2)C1
18196,CC1(C)CC[C@H]1CC(=O)NC[C@]1(F)C[C@H](CNC(=O)C2(c3ccccc3)CC2)C1,"(1-(((((1S)-3-fluoro-3-(((((1S)-2,2-dimethylcyclobutyl)methylcarbonyl)amino)methyl)cyclobutyl)methyl)amino)carbonyl)cyclopropyl)benzene",,CC1(C)CC[C@H]1CC(=O)NC[C@]1(F)C[C@H](CNC(=O)C2(c3ccccc3)CC2)C1,
18203,C=C[C@H](O)C(=O)N1C[C@@H]2C[C@H](NC(=O)[C@@H]([C@@H](C)CC)N(C)C)C[C@@H](C2)C1,"(1S,5R,7R)-3-((1S)-1-hydroxy-2-propen-1-ylcarbonyl)-7-(((1R,2S)-2-methyl-1-(dimethylamino)-butylcarbonyl)amino)-3-azabicyclo[3.3.1]nonane",,C=CC(O)C(=O)N1C[C@@H]2C[C@@H](C[C@H](NC(=O)C([C@@H](C)CC)N(C)C)C2)C1,
18244,COc1ccc(C(=O)N2C[C@H]3[C@H](CNC(=O)c4ccc(F)cc4OC)[C@H]3C2)nn1,"(1S,5R)-3-(3-methoxypyridazin-6-ylcarbonyl)-6-(((4-fluoro-2-methoxybenzoyl)amino)methyl)-3-azabicyclo[3.1.0]hexane",COC=1N=NC(=CC1)C(=O)N1C[C@H]2C([C@H]2C1)CNC(C1=C(C=C(C=C1)F)OC)=O,COc1ccc(C(=O)N2C[C@@H]3[C@@H](CNC(=O)c4ccc(F)cc4OC)[C@@H]3C2)nn1,COc1ccc(C(=O)N2C[C@@H]3C(CNC(=O)c4ccc(F)cc4OC)[C@@H]3C2)nn1
18292,CSc1cc([C@@H](C(=O)NCCOCC2CC2)N(C)[C@@H]2C[C@@H](C)C[C@@H](C)C2)n(C)n1,"(S)-1-((2-((1-(1-methyl-3-methylsulfanylpyrazol-5-yl)-2-((3R,5S)-3,5-dimethylcyclohexyl)-2-azapropylcarbonyl)amino)ethyl)oxymethyl)cyclopropan",CN1N=C(C=C1[C@H](N(C)C1C[C@@H](C[C@@H](C1)C)C)C(=O)NCCOCC1CC1)SC,CSc1cc(C(C(=O)NCCOCC2CC2)N(C)[C@H]2C[C@H](C)C[C@H](C)C2)n(C)n1,CSc1cc(C(C(=O)NCCOCC2CC2)N(C)C2C[C@@H](C)C[C@@H](C)C2)n(C)n1
18392,COCC1CCN(c2nnnn2C[C@@H]2[C@H]3CCCCC[C@H]32)CC1,"(1S,7R)-8-((5-(4-methoxymethylpiperidino)tetrazol-1-yl)methyl)-bicyclo[5.1.0]octane",COCC1CCN(CC1)C1=NN=NN1CC1[C@@H]2CCCCC[C@H]12,COCC1CCN(c2nnnn2C[C@H]2[C@@H]3CCCCC[C@@H]32)CC1,COCC1CCN(c2nnnn2CC2[C@H]3CCCCC[C@@H]23)CC1
18403,C[C@H]1C[C@@H](C(=O)N2C[C@H]3C[C@@H](C(=O)NCCOC(=O)C4CC4)C[C@H]3C2)CC(=O)N1,"(1S,5R,7R)-3-((2S,4R)-2-methyl-6-oxopiperidin-4-ylcarbonyl)-7-(((2-cyclopropylcarbonyloxyethyl)amino)carbonyl)-3-azabicyclo[3.3.0]octane",,C[C@H]1CC(C(=O)N2C[C@H]3CC(C(=O)NCCOC(=O)C4CC4)C[C@H]3C2)CC(=O)N1,
18448,Cc1cc(CC(=O)N2C[C@H]3[C@H](NC(=O)[C@H]4CCc5nnc(C)n5C4)[C@H]3C2)on1,"(1S,5R)-3-((3-methylisoxazol-5-yl)methylcarbonyl)-6-(((3S)-9-methyl-1,7,8-triazabicyclo[4.3.0]nona-6(7),8(9)-dien-3-ylcarbonyl)amino)-3-azabicyclo[3.1.0]hexane",CC1=NOC(=C1)CC(=O)N1C[C@H]2C([C@H]2C1)NC(=O)[C@@H]1CN2C(=NN=C2CC1)C,Cc1cc(CC(=O)N2C[C@@H]3[C@H](C2)[C@H]3NC(=O)C2CCc3nnc(C)n3C2)on1,Cc1cc(CC(=O)N2C[C@@H]3C(NC(=O)C4CCc5nnc(C)n5C4)[C@@H]3C2)on1
18598,C[C@]1(NC(=O)c2ccc(Br)cc2N)C[C@H](NC(=O)C[C@@H]2C[C@H]3C[C@H]3C2)C1,"1-(1-((2-amino-4-bromobenzoyl)amino)-3-((((1S,5R)-bicyclo[3.1.0]hexane-3-yl)methylcarbonyl)amino)cyclobutyl)-methane",NC1=C(C(=O)NC2(CC(C2)NC(=O)CC2C[C@@H]3C[C@@H]3C2)C)C=CC(=C1)Br,C[C@]1(NC(=O)c2ccc(Br)cc2N)C[C@H](NC(=O)C[C@H]2C[C@@H]3C[C@@H]3C2)C1,CC1(NC(=O)c2ccc(Br)cc2N)CC(NC(=O)CC2C[C@@H]3C[C@@H]3C2)C1
18613,C=C1CC([C@H](NC[C@H]2CCCN2S(=O)(=O)N(C)C)c2nnnn2CCOCC)C1,"(S,R)-1-dimethylaminosulfonyl-2-((((1-(2-ethoxyethyl)tetrazol-5-yl)(3-methylidenecyclobutyl)methyl)amino)methyl)pyrrolidin",CN(S(=O)(=O)N1[C@@H](CCC1)CN[C@H](C1CC(C1)=C)C1=NN=NN1CCOCC)C,C=C1CC([C@H](NC[C@H]2CCCN2S(=O)(=O)N(C)C)c2nnnn2CCOCC)C1,C=C1CC([C@@H](NC[C@@H]2CCCN2S(=O)(=O)N(C)C)c2nnnn2CCOCC)C1
18646,CN1CC[C@@](C)(C(=O)N[C@H]2C[C@@](C)(NC(=O)[C@@H]3CCS3(=O)=O)C2)C1,"(3R)-1,3-dimethyl-3-((((1R,3S)-3-methyl-3-(((2S)-1,1-dioxothietan-2-ylcarbonyl)amino)cyclobutyl)amino)carbonyl)pyrrolidin",,CN1CC[C@@](C)(C(=O)N[C@H]2C[C@@](C)(NC(=O)C3CCS3(=O)=O)C2)C1,
18757,CCc1ccc(C(=O)N2C[C@H]3[C@H](CNC(=O)[C@]4(Cl)CC45CCC5)[C@H]3C2)c(F)c1,"(1S,5R)-3-(4-ethyl-2-fluorobenzoyl)-6-((((2S)-2-chlorospiro[2.3]hexane-2-ylcarbonyl)amino)methyl)-3-azabicyclo[3.1.0]hexane",C(C)C1=CC(=C(C(=O)N2C[C@H]3C([C@H]3C2)CNC(=O)[C@@]2(CC23CCC3)Cl)C=C1)F,CCc1ccc(C(=O)N2C[C@@H]3[C@@H](CNC(=O)[C@]4(Cl)CC45CCC5)[C@@H]3C2)c(F)c1,CCc1ccc(C(=O)N2C[C@@H]3C(CNC(=O)[C@]4(Cl)CC45CCC5)[C@@H]3C2)c(F)c1
18773,CSCC[C@@H](C(=O)N[C@H]1CCCCN(C(=O)[C@H]2C[C@](F)(CO)C2)C1)N(C)C,(1R)-1-fluoro-1-hydroxymethyl-3-((3S)-3-(((1S)-1-(dimethylamino)-4-thiapentylcarbonyl)amino)azepan-1-ylcarbonyl)cyclobutane,,CSCCC(C(=O)N[C@H]1CCCCN(C(=O)C2CC(F)(CO)C2)C1)N(C)C,
18801,O=C(N[C@H]1C[C@@H]2CN(C(=O)[C@H]3CCCc4nncn43)C[C@@H]2C1)c1cc(O)no1,"(2R)-2-((1R,5S,7S)-7-((3-hydroxyisoxazol-5-ylcarbonyl)amino)-3-azabicyclo[3.3.0]octan-3-ylcarbonyl)-1,7,8-triazabicyclo[4.3.0]nona-6(7),8(9)-diene",,O=C(N[C@H]1C[C@@H]2CN(C(=O)C3CCCc4nncn43)C[C@@H]2C1)c1cc(=O)[nH]o1,
18849,O=C(N[C@H]1C[C@@H]2CN(C(=O)c3nncn3C3CC3)C[C@@H]2C1)[C@@H]1CC[C@H](F)C1,"(1S,5R)-3-(4-cyclopropyl-1,2,4-triazol-3-ylcarbonyl)-7-(((1R,3S)-3-fluorocyclopentylcarbonyl)amino)-3-azabicyclo[3.3.0]octane",C1(CC1)N1C(=NN=C1)C(=O)N1C[C@H]2CC(C[C@H]2C1)NC(=O)[C@H]1C[C@H](CC1)F,O=C(N[C@H]1C[C@@H]2CN(C(=O)c3nncn3C3CC3)C[C@@H]2C1)C1CC[C@H](F)C1,O=C(NC1C[C@@H]2CN(C(=O)c3nncn3C3CC3)C[C@@H]2C1)C1CC[C@H](F)C1
19003,CO[C@H](C)[C@H](NC(=O)C[C@]1(O)CCOC1)C(=O)N(C)CCC1=CCCCC1,"(S,R)-3-hydroxy-3-(6-methyl-2,5-dioxo-4-((1R)-1-methyl-2-oxapropyl)-8-(cyclohex-1-en-1-yl)-3,6-diazaoctyl)oxolan",O[C@]1(COCC1)CC(N[C@@H](C(N(CCC1=CCCCC1)C)=O)[C@H](OC)C)=O,CO[C@H](C)C(NC(=O)C[C@]1(O)CCOC1)C(=O)N(C)CCC1=CCCCC1,CO[C@H](C)C(NC(=O)C[C@@]1(O)CCOC1)C(=O)N(C)CCC1=CCCCC1
19012,C#CCC1(C(=O)N2CC(O)([C@H](C)NC(=O)c3ccc4c(c3)CC4)C2)CCCCC1,(1S)-1-((benzocyclobutene-6-ylcarbonyl)amino)-1-(3-hydroxy-1-(1-propargylcyclohexylcarbonyl)azetidin-3-yl)-ethane,C1=CC2=C1C(=CC=C2)C(=O)N[C@@H](C)C2(CN(C2)C(=O)C2(CCCCC2)CC#C)O,C#CCC1(C(=O)N2CC(O)([C@H](C)NC(=O)c3ccc4c(c3)CC4)C2)CCCCC1,C#CCC1(C(=O)N2CC(O)([C@H](C)NC(=O)c3cccc4c3C=C4)C2)CCCCC1
19048,CC[C@@H](CC(=O)N[C@]1(C)C[C@H](C(=O)NCc2nncn2C)C1)C(C)(C)C,"4-methyl-3-((((1R)-3-methyl-3-(((2S)-2-t-butyl-butylcarbonyl)amino)cyclobutylcarbonyl)amino)methyl)-1,2,4-triazol",,CC[C@@H](CC(=O)NC1(C)CC(C(=O)NCc2nncn2C)C1)C(C)(C)C,
19087,CCc1ncc(C(=O)N[C@H](CNC(=O)[C@H]2CCC[C@H]2OC)[C@H]2CCOC2)s1,"(S,R)-3-(1-((((1S,2R)-2-methoxycyclopentylcarbonyl)amino)methyl)-1-((2-ethylthiazol-5-ylcarbonyl)amino)-methyl)oxolan",CO[C@H]1[C@H](CCC1)C(=O)NC[C@H](NC(=O)C1=CN=C(S1)CC)[C@H]1COCC1,CCc1ncc(C(=O)N[C@H](CNC(=O)C2CCC[C@H]2OC)[C@H]2CCOC2)s1,CCc1ncc(C(=O)N[C@@H](CNC(=O)C2CCC[C@H]2OC)[C@@H]2CCOC2)s1
19104,COc1cc2c(cc1NC(=O)Nc1ncc(I)nc1Cl)NC(=O)CC2,"6-methoxy-7-((((2-chloro-6-iodopyrazin-3-yl)amino)carbonyl)amino)-1,2,3,4-tetrahydroquinolin-2(1H)-one",,COc1cc2c(cc1NC(=O)Nc1ncc(I)nc1Cl)NC(=O)CC2,
19120,COCC[C@@H](C)C(=O)N[C@H]1C[C@](C)(NC(=O)c2cccn3cc(C)nc23)C1,"8-methyl-5-((((1R)-1-methyl-3-(((2R)-4-methoxy-butan-2-ylcarbonyl)amino)cyclobutyl)amino)carbonyl)-1,7-diazabicyclo[4.3.0]nona-2(3),4(5),6(7),8(9)-tetraene",,COCCC(C)C(=O)N[C@H]1C[C@](C)(NC(=O)c2cccn3cc(C)nc23)C1,
19157,Cc1ccccc1CC(=O)N1C[C@@H]2[C@H](C1)[C@@H]2NC(=O)c1cn[nH]c1,"(1S,5R)-3-(2-methylphenylacetyl)-6-((1H-pyrazol-4-ylcarbonyl)amino)-3-azabicyclo[3.1.0]hexane",CC1=C(C=CC=C1)CC(=O)N1C[C@H]2C([C@H]2C1)NC(=O)C=1C=NNC1,Cc1ccccc1CC(=O)N1C[C@@H]2[C@H](C1)[C@@H]2NC(=O)c1cn[nH]c1,Cc1ccccc1CC(=O)N1C[C@@H]2C(NC(=O)c3cn[nH]c3)[C@@H]2C1
19222,C=CC[C@@H](C(=O)N[C@H]1[C@@H]2CN(C(=O)c3ccc(C)cn3)C[C@@H]21)c1ccccc1,"(1R)-1-phenyl-1-((((1S,5R)-3-(3-methyl-6-pyridylcarbonyl)-3-azabicyclo[3.1.0]hexane-6-yl)amino)carbonyl)-3-buten",C1(=CC=CC=C1)[C@@H](CC=C)C(=O)NC1[C@H]2CN(C[C@@H]12)C(=O)C1=CC=C(C=N1)C,C=CCC(C(=O)N[C@H]1[C@@H]2CN(C(=O)c3ccc(C)cn3)C[C@@H]21)c1ccccc1,C=CCC(C(=O)NC1[C@H]2CN(C(=O)c3ccc(C)cn3)C[C@@H]12)c1ccccc1
19293,C=CCC(C)(C)C(=O)N[C@H]1C[C@@H]2CN(C(=O)[C@]3(C)C[C@@H](C#N)C3)C[C@@H]2C1,"2-methyl-2-((((1R,5S)-3-(3-cyano-1-methylcyclobutylcarbonyl)-3-azabicyclo[3.3.0]octan-7-yl)amino)carbonyl)-4-penten",CC(C)(CC=C)C(=O)NC1C[C@@H]2CN(C[C@@H]2C1)C(=O)C1(CC(C1)C#N)C,C=CCC(C)(C)C(=O)N[C@H]1C[C@@H]2CN(C(=O)[C@]3(C)C[C@@H](C#N)C3)C[C@@H]2C1,C=CCC(C)(C)C(=O)NC1C[C@@H]2CN(C(=O)C3(C)CC(C#N)C3)C[C@@H]2C1
19365,COC(C)(C)CCCNC(=O)/C=C/[C@@H](C)NC(=O)c1[nH]nnc1C1CC1,"1-(4-((((1R)-(2R,3E)-5-oxo-5-((4,4-dimethyl-5-oxahexyl)amino)-pent-3-en-2-yl)amino)carbonyl)-3H-1,2,3-triazol-5-yl)cyclopropan",,COC(C)(C)CCCNC(=O)/C=C/[C@@H](C)NC(=O)c1[nH]nnc1C1CC1,
19417,C#Cc1cnc(C(=O)N2C[C@H]3[C@H](CNC(=O)c4ccnn4C=C)[C@H]3C2)c(C)c1,"(1S,5R)-3-(3-acetenyl-5-methyl-6-pyridylcarbonyl)-6-(((1-(ethen-1-yl)pyrazol-5-ylcarbonyl)amino)methyl)-3-azabicyclo[3.1.0]hexane",C(#C)C=1C=NC(=C(C1)C)C(=O)N1C[C@H]2C([C@H]2C1)CNC(=O)C1=CC=NN1C=C,C#Cc1cnc(C(=O)N2C[C@@H]3[C@@H](CNC(=O)c4ccnn4C=C)[C@@H]3C2)c(C)c1,C#Cc1cnc(C(=O)N2C[C@@H]3C(CNC(=O)c4ccnn4C=C)[C@@H]3C2)c(C)c1
19433,C=CCC[C@H](NC(=O)[C@@H]1C[C@@H]2CN(C(=O)[C@@H](C)C(CC)CC)C[C@@H]2C1)C(=O)OC,"(1S,5R,7S)-3-((2S)-3-ethyl-pentan-2-ylcarbonyl)-7-((((2S)-1-methoxy-1-oxo-hex-5-en-2-yl)amino)carbonyl)-3-azabicyclo[3.3.0]octane",,C=CCCC(NC(=O)C1C[C@@H]2CN(C(=O)C(C)C(CC)CC)C[C@@H]2C1)C(=O)OC,
19458,CCCC=CC(=O)N[C@H]1C[C@](F)(CNC(=O)c2ccnc3ccnn23)C1,"7-((((1-fluoro-3-((penten-1-ylcarbonyl)amino)cyclobutyl)methyl)amino)carbonyl)-pyrimido[1,2-b]pyrazole",FC1(CC(C1)NC(=O)C=CCCC)CNC(=O)C1=CC=NC=2N1N=CC2,CCCC=CC(=O)N[C@H]1C[C@](F)(CNC(=O)c2ccnc3ccnn23)C1,CCCC=CC(=O)NC1CC(F)(CNC(=O)c2ccnc3ccnn23)C1
19478,C[C@@]1(C(=O)NC[C@H]2CN(C(=O)c3nc4ncccn4n3)CC2(F)F)C[C@@H]2C[C@@H]2C1,"(1S,5R)-3-methyl-3-(((((4S)-3,3-difluoro-1-(s-triazolo[1,5-a]pyrimidine-2-ylcarbonyl)pyrrolidin-4-yl)methyl)amino)carbonyl)-bicyclo[3.1.0]hexane",CC1(C[C@@H]2C[C@@H]2C1)C(=O)NC[C@@H]1C(CN(C1)C(=O)C1=NN2C(N=CC=C2)=N1)(F)F,C[C@]1(C(=O)NC[C@H]2CN(C(=O)c3nc4ncccn4n3)CC2(F)F)C[C@H]2C[C@H]2C1,CC1(C(=O)NC[C@H]2CN(C(=O)c3nc4ncccn4n3)CC2(F)F)C[C@H]2C[C@H]2C1
19492,C[C@]1(C(=O)N[C@@H]2CCN(C(=O)/C=C/c3ccoc3)C2)C[C@H](C#N)C1,(E)-3-(2-((3R)-3-(((3R)-3-cyano-1-methylcyclobutylcarbonyl)amino)pyrrolidinocarbonyl)eth-1-en-1-yl)furan,,C[C@]1(C(=O)N[C@@H]2CCN(C(=O)/C=C/c3ccoc3)C2)C[C@H](C#N)C1,
19510,C=CC(C)(C)C(=O)N1CCC(O)([C@H](C)NC(=O)[C@H](C2CC2)[C@H]2CCCO2)CC1,"(S,R)-1-(2-oxo-1-((2R)-oxolan-2-yl)-4-(4-hydroxy-1-(2-methyl-but-3-en-2-ylcarbonyl)piperidin-4-yl)-3-azapentyl)cyclopropan",O=C([C@H]([C@@H]1OCCC1)C1CC1)N[C@H](C)C1(CCN(CC1)C(=O)C(C)(C=C)C)O,C=CC(C)(C)C(=O)N1CCC(O)([C@H](C)NC(=O)C(C2CC2)[C@H]2CCCO2)CC1,C=CC(C)(C)C(=O)N1CCC(O)([C@@H](C)NC(=O)C(C2CC2)[C@H]2CCCO2)CC1
19584,C#C[C@]1(O)C[C@@H](C(=O)N2CC[C@H](C)[C@@H](CC(=O)N3CC4(COC(=O)C4)C3)C2)C1,"7-oxo-2-(((3R,4S)-4-methyl-1-((3S)-3-acetenyl-3-hydroxycyclobutylcarbonyl)piperidin-3-yl)methylcarbonyl)-2-aza-6-oxaspiro[3.4]octane",,C#CC1(O)CC(C(=O)N2CC[C@H](C)[C@@H](CC(=O)N3CC4(COC(=O)C4)C3)C2)C1,
19687,CC(=O)NCCCC(=O)N1C[C@H]2[C@H](CN(C)C(=O)c3cncc(C(F)F)c3)[C@H]2C1,"(1S,5R)-3-(5-oxo-4-azahexylcarbonyl)-6-((N-(3-difluoromethyl-5-pyridylcarbonyl)-N-methylamino)methyl)-3-azabicyclo[3.1.0]hexane",O=C(NCCCC(=O)N1C[C@H]2C([C@H]2C1)CN(C)C(=O)C=1C=C(C=NC1)C(F)F)C,CC(=O)NCCCC(=O)N1C[C@@H]2[C@@H](CN(C)C(=O)c3cncc(C(F)F)c3)[C@@H]2C1,CC(=O)NCCCC(=O)N1C[C@@H]2C(CN(C)C(=O)c3cncc(C(F)F)c3)[C@@H]2C1
19700,C[C@H](O)[C@@H]1C[C@@H]1C(=O)N1CCCC[C@H](CNC(=O)c2cnn3c2C(=O)NCC3)C1,"3-(((((3R)-1-((1S,2R)-2-((1S)-1-hydroxy-ethyl)cyclopropylcarbonyl)azepan-3-yl)methyl)amino)carbonyl)-4,5,6,7-tetrahydropyrazolo[1,5-a]pyrazin-4(5H)-one",,C[C@H](O)[C@@H]1CC1C(=O)N1CCCC[C@H](CNC(=O)c2cnn3c2C(=O)NCC3)C1,
19731,C[C@H](NC(=O)C[C@H]1SC2=NCCN2C1=O)[C@H](O)c1ccc2c(c1)OCO2,"(S,R)-5-(1-hydroxy-2-methyl-4-oxo-5-((2R)-3-oxo-1,2,3,4,5,6-hexahydro-imidazo[2,1-b]thiazole-2-yl)-3-azapentyl)-1,3-benzodioxol",O[C@H]([C@H](NC(C[C@@H]1C(N2C(S1)=NCC2)=O)=O)C)C2=CC1=C(OCO1)C=C2,C[C@H](NC(=O)CC1SC2=NCCN2C1=O)[C@H](O)c1ccc2c(c1)OCO2,C[C@@H](NC(=O)CC1SC2=NCCN2C1=O)[C@@H](O)c1ccc2c(c1)OCO2
19752,O=C(c1cc2nc[nH]c2cn1)N1C[C@H]2[C@H](Nc3ncnc(O)c3Br)[C@H]2C1,"5-bromo-4-hydroxy-6-(((1S,5R)-3-(imidazo[4,5-c]pyridin-6-ylcarbonyl)-3-azabicyclo[3.1.0]hexane-6-yl)amino)pyrimidin",BrC=1C(=NC=NC1NC1[C@H]2CN(C[C@@H]12)C(=O)C1=CC2=C(C=N1)N=CN2)O,O=C(c1cc2[nH]cnc2cn1)N1C[C@@H]2[C@H](C1)[C@H]2Nc1[nH]cnc(=O)c1Br,O=C(c1cc2[nH]cnc2cn1)N1C[C@@H]2C(Nc3[nH]cnc(=O)c3Br)[C@@H]2C1
19756,C[C@H]1CN(C(=O)c2ccccn2)C[C@@H](C)[C@@H]1NC(=O)Cc1cn(C)cn1,"1-methyl-4-(2-oxo-3-((3R,5S)-3,5-dimethyl-1-(2-pyridylcarbonyl)piperidin-4-yl)-3-azapropyl)imidazol",CN1C=NC(=C1)CC(NC1[C@@H](CN(C[C@@H]1C)C(=O)C1=NC=CC=C1)C)=O,C[C@@H]1CN(C(=O)c2ccccn2)C[C@H](C)[C@H]1NC(=O)Cc1cn(C)cn1,C[C@@H]1CN(C(=O)c2ccccn2)C[C@H](C)C1NC(=O)Cc1cn(C)cn1
19759,COn1cnc(C)c1C(=O)N[C@H]1C[C@](F)(CNC(=O)[C@]23C[C@@H]4C[C@@H]2[C@H]3[C@H]4O)C1,"(1R,3S,4S,5R,6R)-4-hydroxy-1-(((((3S)-1-fluoro-3-((1-methoxy-4-methylimidazol-5-ylcarbonyl)amino)cyclobutyl)methyl)amino)carbonyl)-tricyclo[3.1.0.1^3,6]heptane",,COn1cnc(C)c1C(=O)N[C@H]1C[C@](F)(CNC(=O)[C@]23C[C@@H]4C[C@@H]2[C@H]3[C@H]4O)C1,
19802,O=C(NC[C@]1(F)C[C@H](Nc2ccc([N+](=O)[O-])cc2F)C1)c1n[nH]c2c1COCC2,"9-((((1-fluoro-3-((2-fluoro-4-nitrophenyl)amino)cyclobutyl)methyl)amino)carbonyl)-7,8-diaza-3-oxabicyclo[4.3.0]nona-1(6),8(9)-diene",FC1(CC(C1)NC1=C(C=C(C=C1)[N+](=O)[O-])F)CNC(=O)C1=NNC=2CCOCC12,O=C(NC[C@]1(F)C[C@H](Nc2ccc([N+](=O)[O-])cc2F)C1)c1[nH]nc2c1COCC2,O=C(NCC1(F)CC(Nc2ccc([N+](=O)[O-])cc2F)C1)c1[nH]nc2c1COCC2
19832,C[C@H]1[C@@H]2CN(C(=NCCCS(=O)(=O)c3ccccc3)NCCN3CCCC3)C[C@H]12,"(1S,5R)-6-methyl-3-(4-pyrrolidino-1-((1-(2-phenylsulfonylethyl)-methyl)imino)-2-azabutyl)-3-azabicyclo[3.1.0]hexane",CC1[C@H]2CN(C[C@@H]12)C(NCCN1CCCC1)=NCCCS(=O)(=O)C1=CC=CC=C1,C[C@@H]1[C@H]2CN(C(=NCCCS(=O)(=O)c3ccccc3)NCCN3CCCC3)C[C@@H]12,CC1[C@H]2CN(C(=NCCCS(=O)(=O)c3ccccc3)NCCN3CCCC3)C[C@@H]12
19868,CC=CC=CC(=O)N1C[C@H]2[C@H](NC(=O)c3n[nH]c(C)n3)[C@H]2C1,"(1S,5R)-3-(1,3-pentadien-1-ylcarbonyl)-6-((3-methyl-2H-1,2,4-triazol-5-ylcarbonyl)amino)-3-azabicyclo[3.1.0]hexane",C(=CC=CC)C(=O)N1C[C@H]2C([C@H]2C1)NC(=O)C=1N=C(NN1)C,CC=CC=CC(=O)N1C[C@@H]2[C@H](C1)[C@H]2NC(=O)c1n[nH]c(C)n1,CC=CC=CC(=O)N1C[C@@H]2C(NC(=O)c3n[nH]c(C)n3)[C@@H]2C1
19928,CCN1N=C(C(=O)N2[C@H]3CC[C@@H]2C[C@@H](NC(=O)[C@@H](C)CC(C)(C)C)C3)CCC1=O,"(1S,5R)-3-(((2S)-4,4-dimethyl-pentan-2-ylcarbonyl)amino)-8-(1-ethyl-2-oxo-1,6-diazacyclohex-5-en-5-ylcarbonyl)-8-azabicyclo[3.2.1]octane",CC(C[C@H](C)C(=O)NC1C[C@@H]2CC[C@H](C1)N2C(=O)C=2CCC(N(N2)CC)=O)(C)C,CCN1N=C(C(=O)N2[C@@H]3CC[C@H]2C[C@H](NC(=O)C(C)CC(C)(C)C)C3)CCC1=O,CCN1N=C(C(=O)N2[C@@H]3CC[C@H]2CC(NC(=O)C(C)CC(C)(C)C)C3)CCC1=O
19941,C[C@@H]1C[C@@H](CCNC(=O)CNC(N)=O)CCN1C(=O)[C@@H]1[C@H]2CC[C@H]3[C@@H](C2)C[C@H]31,"(1R,2R,3S,6S,7S)-2-((2R,4S)-2-methyl-4-(2-((3-oxo-2,4-diazabutylcarbonyl)amino)ethyl)piperidinocarbonyl)-tricyclo[4.2.0.1^3,7]nonane",C[C@H]1N(CC[C@@H](C1)CCNC(=O)CNC(N)=O)C(=O)[C@H]1[C@@H]2C[C@H]3[C@@H]2CC[C@H]1C3,C[C@@H]1C[C@@H](CCNC(=O)CNC(N)=O)CCN1C(=O)C1[C@H]2CC[C@H]3[C@@H](C2)C[C@@H]13,C[C@@H]1C[C@@H](CCNC(=O)CNC(N)=O)CCN1C(=O)[C@@H]1[C@H]2CC[C@H]3[C@@H](C2)C[C@H]31
19972,COc1ccc(Br)c(CN2C[C@H]3[C@@H]([C@H]2C(=O)NCC24CCN(CC2)C4)C3(C)C)c1,"1-((1S,2S,5R)-6-methyl-2-((((4-azabicyclo[2.2.1]heptan-1-yl)methyl)amino)carbonyl)-3-(2-bromo-5-methoxybenzyl)-3-azabicyclo[3.1.0]hexane-6-yl)-methane",CC1([C@@H]2CN([C@@H]([C@H]12)C(=O)NCC12CCN(CC1)C2)CC2=C(C=CC(=C2)OC)Br)C,COc1ccc(Br)c(CN2C[C@H]3[C@@H](C2C(=O)NCC24CCN(CC2)C4)C3(C)C)c1,COc1ccc(Br)c(CN2C[C@@H]3[C@H](C2C(=O)NCC24CCN(CC2)C4)C3(C)C)c1
20169,C[C@H]1C[C@H]1C(=O)NCCCN(C)C(=O)CCCCc1ccccc1O,(cis)-1-methyl-2-(((3-(N-(4-(2-hydroxyphenyl)butylcarbonyl)-N-methylamino)propyl)amino)carbonyl)cyclopropane,C[C@H]1[C@H](C1)C(=O)NCCCN(C)C(=O)CCCCC1=C(C=CC=C1)O,C[C@H]1CC1C(=O)NCCCN(C)C(=O)CCCCc1ccccc1O,C[C@@H]1CC1C(=O)NCCCN(C)C(=O)CCCCc1ccccc1O
20194,O=C(N[C@H]1C[C@H](CNC(=O)[C@H]2C(Cl)(Cl)C23CC3)C1)C1=NO[C@H](C2(O)COC2)C1,"(1S)-2,2-dichloro-1-(((((1S,3S)-3-(((2S)-2-(3-hydroxyoxetan-3-yl)-5-aza-1-oxacyclopent-4-ene-4-ylcarbonyl)amino)cyclobutyl)methyl)amino)carbonyl)-spiro[2.2]pentane",,O=C(N[C@H]1C[C@H](CNC(=O)C2C(Cl)(Cl)C23CC3)C1)C1=NO[C@H](C2(O)COC2)C1,
20199,C[C@H]1[C@@H]2CN(C(=O)CCCN(C)C(=O)[C@H]3CC34CCC4)C[C@H]12,"(1S)-1-(N-(1-(1-(1-((1S,5R,6R)-6-methyl-3-azabicyclo[3.1.0]hexane-3-ylcarbonyl)-methyl)-methyl)-methyl)-N-methylcarbamoyl)-spiro[2.3]hexane",,C[C@@H]1[C@H]2CN(C(=O)CCCN(C)C(=O)C3CC34CCC4)C[C@@H]12,
20241,O=C(CCc1cccnc1Cl)NC[C@]1(F)C[C@@H](NC(=O)CCC2CCCC2)C1,3-oxo-1-(1-fluoro-3-((2-(cyclopentyl)ethylcarbonyl)amino)cyclobutyl)-5-(2-chloro-3-pyridyl)-2-azapentane,O=C(NCC1(CC(C1)NC(=O)CCC1CCCC1)F)CCC=1C(=NC=CC1)Cl,O=C(CCc1cccnc1Cl)NC[C@]1(F)C[C@@H](NC(=O)CCC2CCCC2)C1,O=C(CCc1cccnc1Cl)NCC1(F)CC(NC(=O)CCC2CCCC2)C1
20410,CC1(C(=O)N2[C@H]3CC[C@@H]2C[C@H](CNC(=O)c2sc4ncccc4c2Cl)C3)CCC1,"7-chloro-8-(((((1R,5S)-8-(1-methylcyclobutylcarbonyl)-8-azabicyclo[3.2.1]octan-3-yl)methyl)amino)carbonyl)-2-aza-9-thiabicyclo[4.3.0]nona-1(2),3(4),5(6),7(8)-tetraene",ClC=1C2=CC=CN=C2SC1C(=O)NCC1C[C@H]2CC[C@@H](C1)N2C(=O)C2(CCC2)C,CC1(C(=O)N2[C@@H]3CC[C@H]2C[C@@H](CNC(=O)c2sc4ncccc4c2Cl)C3)CCC1,CC1(C(=O)N2[C@@H]3CC[C@H]2CC(CNC(=O)c2sc4ncccc4c2Cl)C3)CCC1
20434,CCCC(=O)NC[C@]1(F)C[C@@H](NC(=O)C2(N[C@H](C)CC)Cc3ccccc3C2)C1,3-oxo-1-((1S)-1-fluoro-3-((2-(((2R)-butan-2-yl)amino)indan-2-ylcarbonyl)amino)cyclobutyl)-2-azahexane,,CCCC(=O)NC[C@]1(F)C[C@@H](NC(=O)C2(N[C@H](C)CC)Cc3ccccc3C2)C1,
20473,C/C=C/C[C@@H](C)C(=O)NC[C@]1(F)C[C@H](NC(=O)[C@](O)(C(C)C)C(F)(F)F)C1,"(4R,6E)-4-methyl-3-oxo-1-((1R,3R)-1-fluoro-3-(((2R)-1,1,1-trifluoro-2-hydroxy-3-methyl-butan-2-ylcarbonyl)amino)cyclobutyl)-2-aza-6-octen",,C/C=C/CC(C)C(=O)NC[C@]1(F)C[C@H](NC(=O)[C@](O)(C(C)C)C(F)(F)F)C1,
20628,O=C(N[C@H]1[C@@H]2CN(C(=O)[C@@H](O)c3ccccc3F)C[C@@H]21)[C@@H]1CC1(Cl)Cl,"(S)-1-hydroxy-2-oxo-1-(2-fluorophenyl)-2-((1S,5R,6R)-6-(((1S)-2,2-dichlorocyclopropylcarbonyl)amino)-3-azabicyclo[3.1.0]hexane-3-yl)-ethane",,O=C(N[C@H]1[C@@H]2CN(C(=O)C(O)c3ccccc3F)C[C@@H]21)C1CC1(Cl)Cl,
20630,CCCCC1CCC(C(=O)N[C@H]2C[C@@](C)(NC(=O)c3cc(C)on3)C2)CC1,1-(4-(((3-methyl-3-((5-methylisooxazol-3-ylcarbonyl)amino)cyclobutyl)amino)carbonyl)cyclohexyl)butane,CC1(CC(C1)NC(=O)C1CCC(CC1)CCCC)NC(=O)C1=NOC(=C1)C,CCCCC1CCC(C(=O)N[C@H]2C[C@@](C)(NC(=O)c3cc(C)on3)C2)CC1,CCCCC1CCC(C(=O)NC2CC(C)(NC(=O)c3cc(C)on3)C2)CC1
20642,Nc1cccc(Cl)c1C(=O)NC[C@H]1[C@@H]2CN(C(=O)Cc3cn[nH]c3)C[C@H]12,"(1S,5R)-3-((1H-pyrazol-4-yl)methylcarbonyl)-6-(((2-amino-6-chlorobenzoyl)amino)methyl)-3-azabicyclo[3.1.0]hexane",N1N=CC(=C1)CC(=O)N1C[C@H]2C([C@H]2C1)CNC(C1=C(C=CC=C1Cl)N)=O,Nc1cccc(Cl)c1C(=O)NC[C@@H]1[C@H]2CN(C(=O)Cc3cn[nH]c3)C[C@@H]12,Nc1cccc(Cl)c1C(=O)NCC1[C@H]2CN(C(=O)Cc3cn[nH]c3)C[C@@H]12
20681,CCC(F)(F)C(=O)NC[C@]1(C)C[C@H](OC)CN1C(=O)C(=O)N=S(C)(C)=O,"(2S,4S)-4-methoxy-2-methyl-1-(((1-methyl-1-oxo-1-thiaethyl)amino)carbonylcarbonyl)-2-((((ethyl)difluoromethylcarbonyl)amino)methyl)pyrrolidin",CO[C@H]1C[C@](N(C1)C(=O)C(=O)NCS(=O)C)(CNC(=O)C(F)(F)CC)C,CCC(F)(F)C(=O)NC[C@]1(C)C[C@H](OC)CN1C(=O)C(=O)N=S(C)(C)=O,CCC(F)(F)C(=O)NC[C@]1(C)C[C@H](OC)CN1C(=O)C(=O)NC[S+](C)[O-]
20793,CS[C@H](C(=O)NCCSCC(=O)N[C@@H]1[C@H]2CCCC[C@H]21)C1CC1,"(1S,6R)-7-(((7S)-7-cyclopropyl-6-oxo-5-aza-2,8-dithianonylcarbonyl)amino)norcarane",C1(CC1)[C@@H](C(NCCSCC(=O)NC1[C@@H]2CCCC[C@@H]21)=O)SC,CSC(C(=O)NCCSCC(=O)N[C@H]1[C@@H]2CCCC[C@@H]21)C1CC1,CSC(C(=O)NCCSCC(=O)NC1[C@H]2CCCC[C@@H]12)C1CC1
20835,COC[C@H]1CC[C@@H]1C(=O)N[C@H](C)CCCC(=O)N1CCC[C@@H]1C,"(R,S)-2-methyl-1-(4-(((1S,2S)-2-methoxymethylcyclobutylcarbonyl)amino)-pentylcarbonyl)pyrrolidin",C[C@H]1N(CCC1)C(=O)CCC[C@H](C)NC(=O)[C@@H]1[C@H](CC1)COC,COC[C@H]1CCC1C(=O)N[C@H](C)CCCC(=O)N1CCC[C@@H]1C,COC[C@H]1CCC1C(=O)N[C@@H](C)CCCC(=O)N1CCC[C@H]1C
20871,CC(C)[C@@H](NC(=O)CN1C[C@H]2COC[C@@H](C1)[C@@H]2O)c1ccc(F)cc1,"(4R)-5-methyl-2-oxo-1-((1R,5S,9R)-9-hydroxy-3-aza-7-oxabicyclo[3.3.1]nonan-3-yl)-4-(4-fluorophenyl)-3-azahexane",,CC(C)[C@@H](NC(=O)CN1C[C@H]2COC[C@@H](C1)[C@@H]2O)c1ccc(F)cc1,
20892,O=C(N[C@H]1C[C@H](NC(=O)[C@H](F)CC2CCC2)C1)[C@H]1CS(=O)(=O)c2ccccc2O1,"(4S)-2,2-dioxo-4-((((1R,3S)-3-(((1R)-2-cyclobutyl-1-fluoro-ethylcarbonyl)amino)cyclobutyl)amino)carbonyl)-5-oxa-2-thiabicyclo[4.4.0]deca-1(10),6(7),8(9)-triene",,O=C(N[C@H]1C[C@H](NC(=O)C2CS(=O)(=O)c3ccccc3O2)C1)C(F)CC1CCC1,
20934,CCC(F)(F)C(=O)N[C@H]1C[C@@](C)(NC(=O)[C@@H]2C[C@H](F)C(=O)N2)C1,"(3S,5S)-3-fluoro-5-((((3R)-1-methyl-3-(((ethyl)difluoromethylcarbonyl)amino)cyclobutyl)amino)carbonyl)pyrrolidin-2-on",,CCC(F)(F)C(=O)N[C@H]1C[C@@](C)(NC(=O)C2CC(F)C(=O)N2)C1,
20944,CC[C@H](C)[C@H](C(=O)N[C@H]1CC[C@@H](C(=O)OC)C1)N1CCCN2CCC[C@H]2C1,"(7S,S,R)-5-(2-methyl-1-((((1S,3R)-3-methoxycarbonylcyclopentyl)amino)carbonyl)-butyl)-1,5-diazabicyclo[5.3.0]decane",C[C@@H]([C@@H](C(=O)N[C@@H]1C[C@@H](CC1)C(=O)OC)N1CCCN2CCC[C@H]2C1)CC,CC[C@H](C)C(C(=O)N[C@H]1CCC(C(=O)OC)C1)N1CCCN2CCC[C@H]2C1,CC[C@@H](C)C(C(=O)N[C@H]1CCC(C(=O)OC)C1)N1CCCN2CCC[C@H]2C1
20945,CC1(CN=c2[nH]c(N3C[C@@H]4C[C@H](CO)C[C@@H](C4)C3)nc3c2CCCC3)CC1,"1-(1-((N-(2-((1R,5S)-7-hydroxymethyl-3-azabicyclo[3.3.1]nonan-3-yl)-5,6,7,8-tetrahydro-pyrimido[4,5-a]benzene-4-ylidene)amino)methyl)cyclopropyl)-methane",OCC1C[C@H]2CN(C[C@@H](C1)C2)C=2NC(C1=C(CCCC1)N2)=NCC2(CC2)C,CC1(CNc2nc(N3C[C@@H]4C[C@H](CO)C[C@@H](C4)C3)nc3c2CCCC3)CC1,CC1(CNc2nc(N3C[C@@H]4CC(CO)C[C@@H](C4)C3)nc3c2CCCC3)CC1
21004,COC(C)(C)CC(=O)N1C[C@H]2[C@H](CN(C)C(=O)c3ncoc3[C@H]3CCCO3)[C@H]2C1,"(1S,5R)-3-(2,2-dimethyl-3-oxabutylcarbonyl)-6-((N-(5-((2R)-oxolan-2-yl)oxazol-4-ylcarbonyl)-N-methylamino)methyl)-3-azabicyclo[3.1.0]hexane",CC(CC(=O)N1C[C@H]2C([C@H]2C1)CN(C)C(=O)C=1N=COC1[C@@H]1OCCC1)(OC)C,COC(C)(C)CC(=O)N1C[C@@H]2[C@@H](CN(C)C(=O)c3ncoc3[C@H]3CCCO3)[C@@H]2C1,COC(C)(C)CC(=O)N1C[C@@H]2C(CN(C)C(=O)c3ncoc3[C@H]3CCCO3)[C@@H]2C1
21011,CC1(C)C[C@@H](C(=O)NCC[C@@H]2CCCC2(C)C)CN(C(=O)[C@]2(C)C[C@@H]3C[C@@H]3C2)C1,"1-(((5R)-3,3-dimethyl-1-((1S,5R)-3-methylbicyclo[3.1.0]hexane-3-ylcarbonyl)piperidin-5-ylcarbonyl)amino)-2-((1S)-2,2-dimethylcyclopentyl)-ethane",CC1(CN(C[C@@H](C1)C(=O)NCC[C@H]1C(CCC1)(C)C)C(=O)C1(C[C@@H]2C[C@@H]2C1)C)C,CC1(C)CC(C(=O)NCC[C@@H]2CCCC2(C)C)CN(C(=O)[C@@]2(C)C[C@H]3C[C@H]3C2)C1,CC1(C)CC(C(=O)NCC[C@@H]2CCCC2(C)C)CN(C(=O)C2(C)C[C@H]3C[C@H]3C2)C1
21016,O=C(N[C@H]1C[C@H](CNC(=O)[C@]2(Cl)CC23CCC3)C1)[C@@H]1C[C@H]1c1ccccc1Cl,"(2S)-2-chloro-2-(((((1R,3S)-3-(((1R,2R)-2-(2-chlorophenyl)cyclopropylcarbonyl)amino)cyclobutyl)methyl)amino)carbonyl)-spiro[2.3]hexane",,O=C(N[C@H]1C[C@H](CNC(=O)[C@]2(Cl)CC23CCC3)C1)C1C[C@H]1c1ccccc1Cl,
21108,CCOCCCCC(=O)N[C@H]1C[C@@H]2CC[C@H]1[C@H](NC(=O)c1c(N)cccc1Cl)C2,"(1S,3S,4R,7R)-3-((4-ethoxybutylcarbonyl)amino)-7-((2-amino-6-chlorobenzoyl)amino)-bicyclo[2.2.2]octane",C(C)OCCCCC(=O)N[C@H]1C[C@@H]2CC[C@@H]1C[C@H]2NC(C2=C(C=CC=C2Cl)N)=O,CCOCCCCC(=O)N[C@H]1C[C@@H]2CC[C@H]1[C@H](NC(=O)c1c(N)cccc1Cl)C2,CCOCCCCC(=O)N[C@H]1C[C@@H]2CC[C@@H]1C[C@H]2NC(=O)c1c(N)cccc1Cl
21125,Cc1oncc1C(=O)N[C@@H](C)C(=O)N1C[C@H]2[C@H](NC(=O)C3C4CCC3CC4)[C@H]2C1,"(S)-1-((1S,5R,6R)-6-((norbornane-7-ylcarbonyl)amino)-3-azabicyclo[3.1.0]hexane-3-ylcarbonyl)-1-((5-methylisooxazol-4-ylcarbonyl)amino)-ethane",,Cc1oncc1C(=O)NC(C)C(=O)N1C[C@@H]2[C@H](C1)[C@H]2NC(=O)C1C2CCC1CC2,
21144,CCC(C)=C(C)C(=O)N1C[C@H]2[C@H](NC(=O)[C@@H](C)ONC(=O)OC(C)(C)C)[C@H]2C1,"(1R,5S)-3-(3-methyl-pent-2-en-2-ylcarbonyl)-6-(((1R)-1,6,6-trimethyl-4-oxo-3-aza-2,5-dioxaheptylcarbonyl)amino)-3-azabicyclo[3.1.0]hexane",CC(=C(C)C(=O)N1C[C@@H]2C([C@@H]2C1)NC(=O)[C@H](ONC(OC(C)(C)C)=O)C)CC,CCC(C)=C(C)C(=O)N1C[C@@H]2[C@H](C1)[C@H]2NC(=O)C(C)ONC(=O)OC(C)(C)C,CCC(C)=C(C)C(=O)N1C[C@@H]2C(NC(=O)C(C)ONC(=O)OC(C)(C)C)[C@@H]2C1
21153,C[C@H](CC(F)F)C(=O)N[C@H]1C[C@H](CC(=O)N(C)[C@H](C)C2CCCC2)C1,"(R)-1-(1,2-dimethyl-3-oxo-4-((1R,3R)-3-(((2R)-4,4-difluoro-butan-2-ylcarbonyl)amino)cyclobutyl)-2-azabutyl)cyclopentan",,CC(CC(F)F)C(=O)N[C@H]1C[C@H](CC(=O)N(C)[C@H](C)C2CCCC2)C1,
21154,CCOC1(CC(=O)NC[C@]2(F)CCN(C(=O)[C@@H](F)C[C@H]3CCOC3)C2)CCC1,"(S,R)-3-(1-(1-fluoro-1-((3R)-3-fluoro-3-((((1-ethoxycyclobutyl)methylcarbonyl)amino)methyl)pyrrolidinocarbonyl)-methyl)-methyl)oxolan",F[C@@H](C(=O)N1C[C@@](CC1)(CNC(=O)CC1(CCC1)OCC)F)C[C@H]1COCC1,CCOC1(CC(=O)NC[C@]2(F)CCN(C(=O)C(F)C[C@H]3CCOC3)C2)CCC1,CCOC1(CC(=O)NC[C@]2(F)CCN(C(=O)C(F)C[C@@H]3CCOC3)C2)CCC1
21283,C=C[C@@H](CC)C(=O)N[C@H]1C[C@H](Cn2cc([C@@]3(N(C)C)CCOC3)nn2)C1,"(1S,3R)-1-(((3R)-pent-1-en-3-ylcarbonyl)amino)-3-((4-((3S)-3-(dimethylamino)oxolan-3-yl)-1,2,3-triazol-1-yl)methyl)cyclobutane",,C=CC(CC)C(=O)N[C@H]1C[C@H](Cn2cc([C@@]3(N(C)C)CCOC3)nn2)C1,
21303,CN(C)c1cnccc1C(=O)N1C[C@H]2[C@H](NC(=O)[C@@H]3C[C@@H]4CC[C@H]3C4)[C@H]2C1,"(1S,2R,4R)-2-((((1S,5R)-3-(3-(dimethylamino)-4-pyridylcarbonyl)-3-azabicyclo[3.1.0]hexane-6-yl)amino)carbonyl)-bicyclo[2.2.1]heptane",CN(C=1C=NC=CC1C(=O)N1C[C@H]2C([C@H]2C1)NC(=O)[C@H]1[C@H]2CC[C@@H](C1)C2)C,CN(C)c1cnccc1C(=O)N1C[C@@H]2[C@H](C1)[C@H]2NC(=O)C1C[C@@H]2CC[C@H]1C2,CN(C)c1cnccc1C(=O)N1C[C@@H]2C(NC(=O)C3C[C@@H]4CC[C@H]3C4)[C@@H]2C1
21313,CO[C@]1(CNC(=O)[C@@H](c2ccccc2)C2CC2)CCN(C(=O)[C@@H](C)CN(C)C)C1,(4S)-2-methyl-4-((3S)-3-methoxy-3-((4R)-(cyclopropyl(phenyl)methylcarbonylamino)methyl)pyrrolidinocarbonyl)-2-azapentane,,CO[C@]1(CNC(=O)C(c2ccccc2)C2CC2)CCN(C(=O)C(C)CN(C)C)C1,
21318,O=C1CC[C@@H]2[C@H]1[C@@H]2C(=O)N[C@H]1[C@@H]2CN(C(=O)CCCC3CCC3)C[C@@H]21,"1-cyclobutyl-3-((1S,5R)-6-(((1S,5R,6R)-2-oxobicyclo[3.1.0]hexane-6-ylcarbonyl)amino)-3-azabicyclo[3.1.0]hexane-3-ylcarbonyl)propane",C1(CCC1)CCCC(=O)N1C[C@H]2C([C@H]2C1)NC(=O)[C@@H]1[C@@H]2CCC([C@H]12)=O,O=C1CC[C@@H]2C1C2C(=O)N[C@H]1[C@@H]2CN(C(=O)CCCC3CCC3)C[C@@H]21,O=C1CC[C@@H]2C1C2C(=O)NC1[C@H]2CN(C(=O)CCCC3CCC3)C[C@@H]12
21359,CC(C)=CC(=O)NC[C@@]1(O)CCN(C(=O)[C@H]2C[C@@]3(CC3(F)F)C2)C1,"(3S)-2,2-difluoro-5-((3S)-3-hydroxy-3-isocrotylcarbonylaminomethylpyrrolidinocarbonyl)-spiro[2.3]hexane",,CC(C)=CC(=O)NC[C@@]1(O)CCN(C(=O)C2CC3(C2)CC3(F)F)C1,
21377,CC[C@@H](C)CC(=O)NC[C@H]1C[C@H](CNC(=O)[C@@]2(C)CCCC2(F)F)C1,"(2R)-1,1-difluoro-2-methyl-2-(((((1R,3R)-3-((((2R)-2-methyl-butylcarbonyl)amino)methyl)cyclobutyl)methyl)amino)carbonyl)cyclopentane",,CC[C@@H](C)CC(=O)NC[C@H]1C[C@H](CNC(=O)[C@@]2(C)CCCC2(F)F)C1,
21384,O=C([C@@H]1CCc2ncccc2C1)N1C[C@H]2CC[C@H]1[C@H](O)C2,"1-oxo-1-((1S,4S,8R)-8-hydroxy-2-azabicyclo[2.2.2]octane-2-yl)-1-((6R)-5,6,7,8-tetrahydro-pyrido[2,3-a]benzene-6-yl)-methane",O=C([C@H]1CC2=C(CC1)N=CC=C2)N2[C@H]1CC[C@@H](C2)[C@@H](C1)O,O=C(C1CCc2ncccc2C1)N1C[C@H]2CC[C@H]1[C@H](O)C2,O=C(C1CCc2ncccc2C1)N1C[C@@H]2CC[C@H]1C[C@H]2O
21406,COc1ccc(Cl)c(C)c1C(=O)NC[C@@H]1C[C@@H]2CC[C@H](C1)N2C(=O)CC[S@](C)=O,"(1S,3S,5R)-3-(((3-chloro-6-methoxy-2-methylbenzoyl)amino)methyl)-8-(2-((S)-methylsulfinyl)ethylcarbonyl)-8-azabicyclo[3.2.1]octane",,COc1ccc(Cl)c(C)c1C(=O)NC[C@H]1C[C@H]2CC[C@@H](C1)N2C(=O)CC[S@+](C)[O-],
21443,COc1cnnc(C(=O)N2CC[C@@]3(C2)CN(C(=O)c2nnsc2SC)CCO3)c1,"(5S)-2-(4-methoxypyridazin-6-ylcarbonyl)-9-(5-methylsulfanyl-1,2,3-thiadiazol-4-ylcarbonyl)-2,9-diaza-6-oxaspiro[4.5]decane",COC1=CN=NC(=C1)C(=O)N1C[C@]2(CC1)OCCN(C2)C(=O)C=2N=NSC2SC,COc1cnnc(C(=O)N2CC[C@@]3(C2)CN(C(=O)c2nnsc2SC)CCO3)c1,COc1cnnc(C(=O)N2CC[C@]3(C2)CN(C(=O)c2nnsc2SC)CCO3)c1
21460,Cc1ncn(O)c1C(=O)NC[C@H](CO)CNC(=O)c1cnc(N)cn1,(2S)-1-((1-hydroxy-4-methylimidazol-5-ylcarbonyl)amino)-2-(((2-aminopyrazin-5-ylcarbonyl)amino)methyl)-3-propanol,ON1C=NC(=C1C(=O)NC[C@@H](CO)CNC(=O)C=1N=CC(=NC1)N)C,Cc1ncn(O)c1C(=O)NC[C@H](CO)CNC(=O)c1cnc(N)cn1,Cc1ncn(O)c1C(=O)NC[C@@H](CO)CNC(=O)c1cnc(N)cn1
21478,CCOC1(C(=O)N[C@H]2C[C@@](F)(CNC(=O)c3cc(=O)n(C)cn3)C2)CCSCC1,1-((4-(((3-fluoro-3-(((1-methyl-6-oxopyrimidin-4-ylcarbonyl)amino)methyl)cyclobutyl)amino)carbonyl)thian-4-yl)oxy)-ethane,FC1(CC(C1)NC(=O)C1(CCSCC1)OCC)CNC(=O)C=1N=CN(C(C1)=O)C,CCOC1(C(=O)N[C@H]2C[C@@](F)(CNC(=O)c3cc(=O)n(C)cn3)C2)CCSCC1,CCOC1(C(=O)NC2CC(F)(CNC(=O)c3cc(=O)n(C)cn3)C2)CCSCC1
21480,COCCCCC(=O)N(C)[C@H]1C[C@@H]2CC[C@H](C1)N2C(=O)C1CC(C(F)(F)F)C1,"3-oxo-2-((1R,5S)-8-(3-trifluoromethylcyclobutylcarbonyl)-8-azabicyclo[3.2.1]octan-3-yl)-2-aza-8-oxanonane",O=C(N(C)C1C[C@H]2CC[C@@H](C1)N2C(=O)C2CC(C2)C(F)(F)F)CCCCOC,COCCCCC(=O)N(C)[C@@H]1C[C@H]2CC[C@@H](C1)N2C(=O)C1CC(C(F)(F)F)C1,COCCCCC(=O)N(C)C1C[C@H]2CC[C@@H](C1)N2C(=O)C1CC(C(F)(F)F)C1
21489,CC(C)(CC(=O)N[C@@H]1C[C@H]2[C@@H](C1)[C@@H]2NC(=O)c1ccc(CO)cc1)C1CC1,"2-cyclopropyl-2-methyl-1-((((1S,5R)-6-((4-hydroxymethylbenzoyl)amino)bicyclo[3.1.0]hexane-3-yl)amino)carbonyl)propane",C1(CC1)C(CC(=O)NC1C[C@@H]2C([C@@H]2C1)NC(C1=CC=C(C=C1)CO)=O)(C)C,CC(C)(CC(=O)N[C@H]1C[C@@H]2[C@H](C1)[C@H]2NC(=O)c1ccc(CO)cc1)C1CC1,CC(C)(CC(=O)NC1C[C@@H]2C(NC(=O)c3ccc(CO)cc3)[C@@H]2C1)C1CC1
21558,CN(C)C(=O)CCN=c1nc(N(C)CCS(C)(=O)=O)c2[nH]ccc2[nH]1,"2-((4-methyl-3-oxo-4-azapentyl)imino)-4-(N-(3,3-dioxo-3-thiabutyl)-N-methylamino)-pyrimido[5,4-b]pyrrole",CN(C(CCN=C1N=C(C2=NC=CC2=N1)N(C)CCS(C)(=O)=O)=O)C,CN(C)C(=O)CCNc1nc(N(C)CCS(C)(=O)=O)c2[nH]ccc2n1,CN(C)C(=O)CCN=C1N=C2C=CN=C2C(N(C)CCS(C)(=O)=O)=N1
21624,Cc1nc(C2CC2)ncc1C(=O)N1C[C@H]2[C@H](CNC(=O)[C@@H]3CCOC3(C)C)[C@H]2C1,"(1S,5R)-3-(2-cyclopropyl-4-methylpyrimidin-5-ylcarbonyl)-6-((((3R)-2,2-dimethyloxolan-3-ylcarbonyl)amino)methyl)-3-azabicyclo[3.1.0]hexane",C1(CC1)C1=NC=C(C(=N1)C)C(=O)N1C[C@H]2C([C@H]2C1)CNC(=O)[C@H]1C(OCC1)(C)C,Cc1nc(C2CC2)ncc1C(=O)N1C[C@@H]2[C@@H](CNC(=O)C3CCOC3(C)C)[C@@H]2C1,Cc1nc(C2CC2)ncc1C(=O)N1C[C@@H]2C(CNC(=O)C3CCOC3(C)C)[C@@H]2C1
21651,C[C@@H](C(=O)NCC[C@H]1C[C@@H](NC(=O)C2(O)CCCC2)C1)S(C)(=O)=O,"(1S)-1-((1-hydroxycyclopentylcarbonyl)amino)-3-(2-(((1S)-1-methyl-2,2-dioxo-2-thiapropylcarbonyl)amino)ethyl)cyclobutane",,CC(C(=O)NCC[C@H]1C[C@@H](NC(=O)C2(O)CCCC2)C1)S(C)(=O)=O,
21662,O=C(NCCCC(=O)N1C[C@@H]2C[C@@H]2[C@H]1CNC(=O)[C@@H]1[C@H]2COC[C@H]21)c1ccsc1,"(1S,5R)-6-(((((1S,4S,5R)-3-(3-((3-thienylcarbonyl)amino)propylcarbonyl)-3-azabicyclo[3.1.0]hexane-4-yl)methyl)amino)carbonyl)-3-oxabicyclo[3.1.0]hexane",S1C=C(C=C1)C(=O)NCCCC(=O)N1C[C@H]2C[C@H]2[C@H]1CNC(=O)C1[C@@H]2COC[C@H]12,O=C(NCCCC(=O)N1C[C@@H]2C[C@@H]2[C@H]1CNC(=O)C1[C@H]2COC[C@@H]12)c1ccsc1,O=C(NCCCC(=O)N1C[C@H]2C[C@H]2[C@H]1CNC(=O)C1[C@H]2COC[C@@H]12)c1ccsc1
21708,Cc1cc(CN=C(NC[C@H]2Cc3ccccc32)NC2CCC2)ccc1F,"3-cyclobutylamino-1-(4-fluoro-3-methylphenyl)-5-((2S)-benzocyclobutene-2-yl)-2,4-diaza-2-penten",,Cc1cc(CN=C(NC[C@H]2Cc3ccccc32)NC2CCC2)ccc1F,
21753,CCO[C@@H](C)C(=O)N1[C@H]2CC[C@@H]1C[C@@H](N(C)C(=O)c1occc1Cl)C2,"(1S,3R,5R)-3-(N-(3-chloro-2-furylcarbonyl)-N-methylamino)-8-((1S)-1-methyl-2-oxabutylcarbonyl)-8-azabicyclo[3.2.1]octane",,CCOC(C)C(=O)N1[C@@H]2CC[C@H]1C[C@H](N(C)C(=O)c1occc1Cl)C2,
21760,O=C([C@@H]1C[C@@H]1F)N1CCC(N(CCO)C(=O)CCCOc2ccccc2F)CC1,(cis)-1-fluoro-2-(4-(N-(3-(2-fluorophenoxy)propylcarbonyl)-N-(3-oxapropyl)amino)piperidinocarbonyl)cyclopropane,F[C@H]1[C@H](C1)C(=O)N1CCC(CC1)N(CCO)C(=O)CCCOC1=C(C=CC=C1)F,O=C(C1C[C@@H]1F)N1CCC(N(CCO)C(=O)CCCOc2ccccc2F)CC1,O=C(C1C[C@H]1F)N1CCC(N(CCO)C(=O)CCCOc2ccccc2F)CC1
21817,CCCS(=O)(=O)[C@H](C)C(=O)NC[C@H]1C[C@@H]2CC[C@H](C1)N2C(=O)C(C)(C)O,"(4R)-4-methyl-3,5,5-trioxo-1-((1R,5S)-8-(1-hydroxy-1-methyl-ethylcarbonyl)-8-azabicyclo[3.2.1]octan-3-yl)-2-aza-5-thiaoctane",C[C@H](C(NCC1C[C@H]2CC[C@@H](C1)N2C(=O)C(C)(C)O)=O)S(CCC)(=O)=O,CCCS(=O)(=O)C(C)C(=O)NC[C@@H]1C[C@H]2CC[C@@H](C1)N2C(=O)C(C)(C)O,CCCS(=O)(=O)C(C)C(=O)NCC1C[C@H]2CC[C@@H](C1)N2C(=O)C(C)(C)O
21842,CCOC1(C(=O)NCCCNC(=O)[C@H]2CC[C@@H](COC)C2)CCC(F)(F)CC1,"(cis)-1-methoxymethyl-3-(((3-((1-ethoxy-4,4-difluorocyclohexylcarbonyl)amino)propyl)amino)carbonyl)cyclopentane",COC[C@@H]1C[C@@H](CC1)C(=O)NCCCNC(=O)C1(CCC(CC1)(F)F)OCC,CCOC1(C(=O)NCCCNC(=O)C2CC[C@@H](COC)C2)CCC(F)(F)CC1,CCOC1(C(=O)NCCCNC(=O)C2CC[C@H](COC)C2)CCC(F)(F)CC1
22029,CCc1ncoc1C(=O)NC[C@H]1C[C@](F)(CNC(=O)[C@]23C[C@H]2COC32CCC2)C1,"(1'R,5'R)-1'-(((((3S)-1-fluoro-3-(((4-ethyloxazol-5-ylcarbonyl)amino)methyl)cyclobutyl)methyl)amino)carbonyl)-3'-oxa-spiro[cyclobutan-1,2'-bicyclo[3.1.0]hexane]",,CCc1ncoc1C(=O)NC[C@H]1C[C@](F)(CNC(=O)[C@]23C[C@H]2COC32CCC2)C1,
22042,C[C@H](NC(=O)[C@H]1C[C@H]2CC[C@H]1C[C@@H]2N)c1ccc(C(F)(F)F)cc1F,"(S)-1-(((1S,4R,5S,8S)-5-aminobicyclo[2.2.2]octane-8-ylcarbonyl)amino)-1-(2-fluoro-4-trifluoromethylphenyl)-ethane",N[C@@H]1[C@@H]2CC[C@H](C1)C[C@@H]2C(=O)N[C@@H](C)C2=C(C=C(C=C2)C(F)(F)F)F,C[C@H](NC(=O)C1C[C@H]2CC[C@H]1C[C@@H]2N)c1ccc(C(F)(F)F)cc1F,C[C@H](NC(=O)C1C[C@@H]2CC[C@H]1[C@@H](N)C2)c1ccc(C(F)(F)F)cc1F
22048,CC[C@]1(C(=O)NCC[C@@H]2CCCN(C(=O)[C@H]3CC(C)(C)CO3)C2)CC[C@@H](O)CC1,"(3S)-1-((5R)-3,3-dimethyloxolan-5-ylcarbonyl)-3-(2-(((4R)-1-ethyl-4-hydroxycyclohexylcarbonyl)amino)ethyl)piperidin",,CC[C@]1(C(=O)NCC[C@@H]2CCCN(C(=O)C3CC(C)(C)CO3)C2)CC[C@@H](O)CC1,
22068,Cc1occc1CC(=O)N(C)[C@H]1[C@@H]2CN(C(=O)[C@H]3CN4CCN3[C@@H](C)C4)C[C@@H]21,"(2S,6R)-2-methyl-6-((1S,5R,6S)-6-(N-((2-methyl-3-furyl)methylcarbonyl)-N-methylamino)-3-azabicyclo[3.1.0]hexane-3-ylcarbonyl)-1,4-diazabicyclo[2.2.2]octane",,Cc1occc1CC(=O)N(C)[C@H]1[C@@H]2CN(C(=O)C3CN4CCN3[C@@H](C)C4)C[C@@H]21,
22167,COC[C@@H](C)C(=O)N[C@H]1CC[C@H](NC(=O)[C@@H]2CCC[C@H](C(F)(F)F)O2)CC1,"(2R,6S)-2-trifluoromethyl-6-((((1R,4S)-4-(((2R)-1-methoxy-propan-2-ylcarbonyl)amino)cyclohexyl)amino)carbonyl)oxan",,COCC(C)C(=O)N[C@H]1CC[C@H](NC(=O)C2CCC[C@H](C(F)(F)F)O2)CC1,
22174,CN(CCCF)N(C)Cc1ccccc1[N+](=O)[O-],"1-1-(2-fluoroethyl)-methyl-2-2-nitrobenzyl-1,2-dimethylhydrazine",,CN(CCCF)N(C)Cc1ccccc1[N+](=O)[O-],
22269,O=C(N[C@H]1C[C@]2(CCCCN2C(=O)c2ncc[nH]2)C1)c1ccnn1C1CCC1,2-((1-cyclobutylpyrazol-5-ylcarbonyl)amino)-5-(1H-imidazol-2-ylcarbonyl)-5-azaspiro[3.5]nonane,C1(CCC1)N1N=CC=C1C(=O)NC1CC2(C1)N(CCCC2)C(=O)C=2NC=CN2,O=C(N[C@H]1C[C@]2(CCCCN2C(=O)c2ncc[nH]2)C1)c1ccnn1C1CCC1,O=C(NC1CC2(CCCCN2C(=O)c2ncc[nH]2)C1)c1ccnn1C1CCC1
22296,Cc1ncc(C(=O)N[C@H]2C[C@]3(CCCCN3C(=O)[C@H](O)C3CC3)C2)cc1N,(2R)-2-((3-amino-2-methyl-5-pyridylcarbonyl)amino)-5-((1R)-1-cyclopropyl-2-oxaethylcarbonyl)-5-azaspiro[3.5]nonane,,Cc1ncc(C(=O)N[C@H]2C[C@]3(CCCCN3C(=O)C(O)C3CC3)C2)cc1N,
22467,C[C@@H]1CN(C(=O)C2(C(=O)OC(C)(C)C)CCCC2)CCCN1C(=O)C#CC1CC1,"1-(1-(1-((2R)-2-methyl-4-(1-boccyclopentylcarbonyl)-1,4-diazacycloheptan-1-ylcarbonyl)-methyl)-methyl)cyclopropan",C[C@H]1N(CCCN(C1)C(=O)C1(CCCC1)C(=O)OC(C)(C)C)C(=O)CCC1CC1,C[C@@H]1CN(C(=O)C2(C(=O)OC(C)(C)C)CCCC2)CCCN1C(=O)C#CC1CC1,C[C@@H]1CN(C(=O)C2(C(=O)OC(C)(C)C)CCCC2)CCCN1C(=O)CCC1CC1
22498,COc1ncnc(OC)c1C(=O)N[C@H]1C[C@@](F)(CNC(=O)CC2C[C@H]3C[C@@H]3C2)C1,"(1R,5R)-3-(2-oxo-4-((3R)-1-fluoro-3-((4,6-dimethoxypyrimidin-5-ylcarbonyl)amino)cyclobutyl)-3-azabutyl)-bicyclo[3.1.0]hexane",,COc1ncnc(OC)c1C(=O)N[C@H]1C[C@@](F)(CNC(=O)CC2C[C@H]3C[C@@H]3C2)C1,
22593,C[C@@H]1ON=C(C(=O)N[C@H]2CC[C@H](CNC(=O)[C@@H]3CN(C)C(=O)N3)CC2)[C@H]1C,"(2S,3R)-2,3-dimethyl-4-((((1S,4R)-4-((((4S)-1-methyl-2-oxoimidazolidin-4-ylcarbonyl)amino)methyl)cyclohexyl)amino)carbonyl)-5-aza-1-oxacyclopent-4-en",,C[C@@H]1ON=C(C(=O)N[C@H]2CC[C@H](CNC(=O)C3CN(C)C(=O)N3)CC2)[C@H]1C,
22655,FC(CN[C@H](c1ccncc1Cl)c1nnnn1Cc1ccco1)=C1CCSCC1,,,FC(CN[C@H](c1ccncc1Cl)c1nnnn1Cc1ccco1)=C1CCSCC1,
22687,CC(C)CC1(C(=O)N2[C@H]3CC[C@@H]2C[C@H](NC(=O)C[C@H](C)CN(C)C)C3)COC1,"(1S,5R)-3-(((2S)-2,4-dimethyl-4-azapentylcarbonyl)amino)-8-(3-isobutyloxetan-3-ylcarbonyl)-8-azabicyclo[3.2.1]octane",C[C@@H](CC(=O)NC1C[C@@H]2CC[C@H](C1)N2C(=O)C2(COC2)CC(C)C)CN(C)C,CC(C)CC1(C(=O)N2[C@@H]3CC[C@H]2C[C@@H](NC(=O)C[C@H](C)CN(C)C)C3)COC1,CC(C)CC1(C(=O)N2[C@@H]3CC[C@H]2CC(NC(=O)C[C@H](C)CN(C)C)C3)COC1
22697,C=C1CC(C(=O)N[C@]2(C)C[C@H](C(=O)N[C@H]3CC34CC(O)C4)C2)C1,(1S)-5-hydroxy-1-(((3R)-3-methyl-3-((3-methylidenecyclobutylcarbonyl)amino)cyclobutylcarbonyl)amino)-spiro[2.3]hexane,,C=C1CC(C(=O)NC2(C)CC(C(=O)N[C@H]3CC34CC(O)C4)C2)C1,
22723,CS(=O)(=O)[C@H]1C[C@@H]2CC[C@H](C1)N2C(=O)c1ccncc1C(F)(F)F,"3-trifluoromethyl-4-((1R,5S)-3-mesyl-8-azabicyclo[3.2.1]octan-8-ylcarbonyl)pyridin",FC(C=1C=NC=CC1C(=O)N1[C@H]2CC(C[C@@H]1CC2)S(=O)(=O)C)(F)F,CS(=O)(=O)[C@@H]1C[C@H]2CC[C@@H](C1)N2C(=O)c1ccncc1C(F)(F)F,CS(=O)(=O)C1C[C@H]2CC[C@@H](C1)N2C(=O)c1ccncc1C(F)(F)F
22730,C[C@]1(NC(=O)c2ccc([N+](=O)[O-])s2)C[C@H](NC(=O)C(F)(F)c2cccnc2)C1,1-(1-((2-nitro-5-thienylcarbonyl)amino)-3-(((3-pyridyl)difluoromethylcarbonyl)amino)cyclobutyl)-methane,[N+](=O)([O-])C=1SC(=CC1)C(=O)NC1(CC(C1)NC(=O)C(F)(F)C=1C=NC=CC1)C,C[C@]1(NC(=O)c2ccc([N+](=O)[O-])s2)C[C@H](NC(=O)C(F)(F)c2cccnc2)C1,CC1(NC(=O)c2ccc([N+](=O)[O-])s2)CC(NC(=O)C(F)(F)c2cccnc2)C1
22764,CCOC(=O)C1CCC(CC(=O)N(CC)CCNC(=O)[C@]2(F)[C@H]3CCC[C@H]32)CC1,"(1S,5R)-6-fluoro-6-(((2-(N-((4-ethoxycarbonylcyclohexyl)methylcarbonyl)-N-ethylamino)ethyl)amino)carbonyl)-bicyclo[3.1.0]hexane",FC1([C@@H]2CCC[C@H]12)C(=O)NCCN(CC)C(=O)CC1CCC(CC1)C(=O)OCC,CCOC(=O)C1CCC(CC(=O)N(CC)CCNC(=O)[C@@]2(F)[C@@H]3CCC[C@@H]32)CC1,CCOC(=O)C1CCC(CC(=O)N(CC)CCNC(=O)C2(F)[C@@H]3CCC[C@@H]32)CC1
22784,CC[C@@H](C)CCC(=O)N[C@H]1C[C@](O)(C2CCN(C(=O)[C@H]3CC=CCC3)CC2)C1,"(3R)-3-methyl-1-((((1S,3S)-3-hydroxy-3-(1-((1R)-cyclohex-3-en-1-ylcarbonyl)piperidin-4-yl)cyclobutyl)amino)carbonyl)pentane",,CC[C@@H](C)CCC(=O)N[C@H]1C[C@](O)(C2CCN(C(=O)C3CC=CCC3)CC2)C1,
22817,CCS[C@@H](C)C(=O)N1C[C@H]2[C@@H](C1)[C@@H]2C(=O)N(CC)CCOc1c(C)cccc1C,"(1S,5R,6S)-3-((1S)-1-methyl-2-thiabutylcarbonyl)-6-(N-(2-(2,6-dimethylphenoxy)ethyl)-N-ethylcarbamoyl)-3-azabicyclo[3.1.0]hexane",,CCSC(C)C(=O)N1C[C@@H]2C(C(=O)N(CC)CCOc3c(C)cccc3C)[C@@H]2C1,
22849,Cc1cc(C(=O)NCC23C[C@@H]4CC(C[C@H](C4)C2)[C@@H]3NC(=O)[C@@H](O)C(F)F)ccn1,"(3S,7S,10S)-1-(((2-methyl-4-pyridylcarbonyl)amino)methyl)-10-(((1R)-1-difluoromethyl-2-oxaethylcarbonyl)amino)adamantane",,Cc1cc(C(=O)NCC23C[C@@H]4CC(C[C@H](C4)C2)[C@@H]3NC(=O)C(O)C(F)F)ccn1,
22866,O=C(CC=C(Cl)Cl)N1CC[C@@]2(C[C@H]2C(=O)N2[C@H]3CC[C@@H]2C[C@@H](F)C3)C1,"(1S,3S,5R,R)-3-fluoro-8-((2R)-1'-(1-(2,2-dichloroethenyl)-methylcarbonyl)spiro[cyclopropane-1,3'-pyrrolin]-2-ylcarbonyl)-8-azabicyclo[3.2.1]octane",,O=C(CC=C(Cl)Cl)N1CC[C@@]2(CC2C(=O)N2[C@@H]3CC[C@H]2C[C@H](F)C3)C1,
22906,C[C@H]1[C@@H]2CN([C@@H](C(=O)N[C@H]3CCOC3)C3=CCCCCC3)C[C@H]12,"(R)-1-((1S,5R,6S)-3-(2-oxo-1-(cyclohept-1-en-1-yl)-3-((3S)-oxolan-3-yl)-3-azapropyl)-3-azabicyclo[3.1.0]hexane-6-yl)-methane",,C[C@@H]1[C@H]2CN(C(C(=O)N[C@H]3CCOC3)C3=CCCCCC3)C[C@@H]12,
22918,CC[C@@H](C(=O)N1C[C@H]2[C@@H](C1)[C@@H]2C(=O)N(CC)Cc1ccc(C(C)C)cc1)N(C)C,"(3S)-2-methyl-3-((1S,5R,6S)-6-(N-(4-isopropylbenzyl)-N-ethylcarbamoyl)-3-azabicyclo[3.1.0]hexane-3-ylcarbonyl)-2-azapentane",,CCC(C(=O)N1C[C@@H]2C(C(=O)N(CC)Cc3ccc(C(C)C)cc3)[C@@H]2C1)N(C)C,
22922,O=C(COC1CCCC1)NC[C@H]1C[C@H]1CC(=O)NCCF,(cis)-1-((((cyclopentyl)oxymethylcarbonyl)amino)methyl)-2-(1-(((2-fluoroethyl)amino)carbonyl)-methyl)cyclopropane,C1(CCCC1)OCC(=O)NC[C@H]1[C@H](C1)CC(=O)NCCF,O=C(COC1CCCC1)NC[C@H]1C[C@H]1CC(=O)NCCF,O=C(COC1CCCC1)NC[C@@H]1C[C@@H]1CC(=O)NCCF
22928,C[C@@]1(Br)C[C@H]1C(=O)N[C@H]1CC[C@]2(CC1)CN(C(=O)c1cc3c([nH]1)CCC3)CCO2,"(S)-3-(4-(((1S,2R)-2-bromo-2-methylcyclopropylcarbonyl)amino)spiro[cyclohexane-1,2'-morpholin]-4'-ylcarbonyl)-2-azabicyclo[3.3.0]octa-1(5),3(4)-diene",,C[C@@]1(Br)CC1C(=O)N[C@H]1CC[C@]2(CC1)CN(C(=O)c1cc3c([nH]1)CCC3)CCO2,
22940,C=C[C@@H](CC)CC(=O)N[C@H]1C[C@@H]2CN(C(=O)c3nc4cccnc4s3)C[C@@H]2C1,"8-((1R,5S)-7-(((2S)-2-(ethen-1-yl)-butylcarbonyl)amino)-3-azabicyclo[3.3.0]octan-3-ylcarbonyl)-2,7-diaza-9-thiabicyclo[4.3.0]nona-1(2),3(4),5(6),7(8)-tetraene",C(=C)[C@H](CC(=O)NC1C[C@@H]2CN(C[C@@H]2C1)C(=O)C1=NC2=CC=CN=C2S1)CC,C=C[C@@H](CC)CC(=O)N[C@H]1C[C@@H]2CN(C(=O)c3nc4cccnc4s3)C[C@@H]2C1,C=C[C@@H](CC)CC(=O)NC1C[C@@H]2CN(C(=O)c3nc4cccnc4s3)C[C@@H]2C1
22973,CC1(C)C[C@@H]1C(=O)N1C[C@H]2[C@H](NC(=O)c3cocc3C(N)=O)[C@H]2C1,"(1S,5R,6R)-3-((1S)-2,2-dimethylcyclopropylcarbonyl)-6-((3-carbamyl-4-furylcarbonyl)amino)-3-azabicyclo[3.1.0]hexane",,CC1(C)CC1C(=O)N1C[C@@H]2[C@H](C1)[C@H]2NC(=O)c1cocc1C(N)=O,
23082,CC(=O)NCc1ccc(C(=O)N[C@H]2C[C@](C)(NC(=O)C=CC(=O)N(C)C)C2)o1,"1-methyl-1-((2-(N,N-dimethylcarbamoyl)eth-1-en-1-ylcarbonyl)amino)-3-((2-((acetamido)methyl)-5-furylcarbonyl)amino)cyclobutane",CC1(CC(C1)NC(=O)C1=CC=C(O1)CNC(C)=O)NC(=O)C=CC(N(C)C)=O,CC(=O)NCc1ccc(C(=O)N[C@H]2C[C@](C)(NC(=O)C=CC(=O)N(C)C)C2)o1,CC(=O)NCc1ccc(C(=O)NC2CC(C)(NC(=O)C=CC(=O)N(C)C)C2)o1
23126,CN(C)C1CN(C(=O)[C@@H]2CC[C@H](NC(=O)[C@]3(C)C[C@@H]4C[C@@H]4C3)C2)C1,"2-(1-((1R,3S)-3-(((1S,5R)-3-methylbicyclo[3.1.0]hexane-3-ylcarbonyl)amino)cyclopentylcarbonyl)azetidin-3-yl)-2-azapropane",CC1(C[C@@H]2C[C@@H]2C1)C(=O)N[C@@H]1C[C@@H](CC1)C(=O)N1CC(C1)N(C)C,CN(C)C1CN(C(=O)C2CC[C@H](NC(=O)[C@@]3(C)C[C@H]4C[C@H]4C3)C2)C1,CN(C)C1CN(C(=O)C2CC[C@H](NC(=O)C3(C)C[C@H]4C[C@H]4C3)C2)C1
23162,CCS(=O)(=O)NCCC(=O)NC[C@]1(F)C[C@@H](NC(=O)[C@H](C)OCOC)C1,"3,7,7-trioxo-1-((1R)-1-fluoro-3-(((1S)-1-methyl-2,4-dioxapentylcarbonyl)amino)cyclobutyl)-2,6-diaza-7-thianonane",,CCS(=O)(=O)NCCC(=O)NC[C@]1(F)C[C@@H](NC(=O)C(C)OCOC)C1,
23225,O=C(NC[C@H]1CCCCN1C(=O)C12CC(CO)(C1)OC21CCC1)c1csc(Cl)n1,,,O=C(NC[C@H]1CCCCN1C(=O)C12CC(CO)(C1)OC21CCC1)c1csc(Cl)n1,
23275,CCC(CC)NC(=O)[C@H]1[C@H]2CN(C(=O)[C@@H](Cl)COC)C[C@H]21,"(1R,5S,6R)-3-((1S)-1-chloro-3-oxabutylcarbonyl)-6-(((pentan-3-yl)amino)carbonyl)-3-azabicyclo[3.1.0]hexane",,CCC(CC)NC(=O)C1[C@H]2CN(C(=O)C(Cl)COC)C[C@@H]12,
23289,Cn1cnnc1CCC(=O)N[C@H]1C[C@H](CCNC(=O)C2(S(C)(=O)=O)CCC2)C1,"1-((2-(4-methyl-1,2,4-triazol-3-yl)ethylcarbonyl)amino)-3-(2-((1-mesylcyclobutylcarbonyl)amino)ethyl)cyclobutane",CN1C(=NN=C1)CCC(=O)NC1CC(C1)CCNC(=O)C1(CCC1)S(=O)(=O)C,Cn1cnnc1CCC(=O)N[C@H]1C[C@H](CCNC(=O)C2(S(C)(=O)=O)CCC2)C1,Cn1cnnc1CCC(=O)NC1CC(CCNC(=O)C2(S(C)(=O)=O)CCC2)C1
23291,CC[C@@H](NC(C)=O)C(=O)N[C@H]1C[C@@H](CCNC(=O)C[C@H]2CCCCCO2)C1,"(1R,3S)-1-(((1R)-1-ethyl-3-oxo-2-azabutylcarbonyl)amino)-3-(2-((((2R)-oxepan-2-yl)methylcarbonyl)amino)ethyl)cyclobutane",,CCC(NC(C)=O)C(=O)N[C@H]1C[C@@H](CCNC(=O)C[C@H]2CCCCCO2)C1,
23323,C/C=C/C[C@H](CC)C(=O)N1CCN(C(=O)c2cc(C(C)=O)on2)C[C@@H]1CO,"3-((3R)-3-hydroxymethyl-4-((2S)-(3S,5E)-hept-5-en-3-ylcarbonyl)piperazinocarbonyl)-5-(acetyl)isooxazol",,C/C=C/CC(CC)C(=O)N1CCN(C(=O)c2cc(C(C)=O)on2)C[C@@H]1CO,
23346,CC(C)Cc1n[nH]c(=NCC2(CNC(=O)C=CC(=O)N(C)C)CC2)s1,"2-isobutyl-5-((1-(1-(((2-(N,N-dimethylcarbamoyl)eth-1-en-1-ylcarbonyl)amino)methyl)cyclopropyl)-methyl)imino)-1,3,4-thiadiazole",C(C(C)C)C1SC(N=N1)=NCC1(CC1)CNC(=O)C=CC(N(C)C)=O,CC(C)Cc1nnc(NCC2(CNC(=O)C=CC(=O)N(C)C)CC2)s1,CC(C)CC1N=NC(=NCC2(CNC(=O)C=CC(=O)N(C)C)CC2)S1
23372,C[C@@](O)(C(=O)NC[C@H]1C[C@H](O)[C@H](O)C[C@H]1C(=O)N1C[C@H]2C[C@H](F)C[C@H]2C1)C1CC1,"(1S,5R,7S)-7-fluoro-3-((1R,2S,4S,5R)-4,5-dihydroxy-2-((((1S)-1-cyclopropyl-1-hydroxy-ethylcarbonyl)amino)methyl)cyclohexylcarbonyl)-3-azabicyclo[3.3.0]octane",,C[C@@](O)(C(=O)NC[C@H]1C[C@H](O)[C@H](O)CC1C(=O)N1C[C@H]2C[C@H](F)C[C@H]2C1)C1CC1,
23413,CCC[C@H](C)C(=O)N(C)[C@@H]1CCCCN(C(=O)C23CC(CO)(C2)OC32CCC2)C1,,,CCCC(C)C(=O)N(C)[C@@H]1CCCCN(C(=O)C23CC(CO)(C2)OC32CCC2)C1,
23418,C=CCn1cccc1C(=O)NC[C@H]1C[C@H](NC(=O)c2ccoc2C(F)(F)F)C1,1-(((1-(2-propen-1-yl)-1H-pyrrol-2-ylcarbonyl)amino)methyl)-3-((2-trifluoromethyl-3-furylcarbonyl)amino)cyclobutane,C(C=C)N1C(=CC=C1)C(=O)NCC1CC(C1)NC(=O)C1=C(OC=C1)C(F)(F)F,C=CCn1cccc1C(=O)NC[C@H]1C[C@H](NC(=O)c2ccoc2C(F)(F)F)C1,C=CCn1cccc1C(=O)NCC1CC(NC(=O)c2ccoc2C(F)(F)F)C1
23448,C=C[C@](O)(C(=O)NC1CC(CNC(=O)c2cc3n(n2)CCNC3=O)C1)C(F)(F)F,"2-((((3-(((2S)-1,1,1-trifluoro-2-hydroxy-but-3-en-2-ylcarbonyl)amino)cyclobutyl)methyl)amino)carbonyl)-4,5,6,7-tetrahydropyrazolo[1,5-a]pyrazin-4(5H)-one",,C=C[C@](O)(C(=O)NC1CC(CNC(=O)c2cc3n(n2)CCNC3=O)C1)C(F)(F)F,
23451,Cc1cc(Cl)cc(NC(=O)[C@H]2N(C(=O)[C@H]3C[C@@](C)(O)C3)CCC2(C)C)c1,"(2S)-3,3-dimethyl-1-((3R)-3-hydroxy-3-methylcyclobutylcarbonyl)-2-(((3-chloro-5-methylphenyl)amino)carbonyl)pyrrolidin",,Cc1cc(Cl)cc(NC(=O)C2N(C(=O)C3CC(C)(O)C3)CCC2(C)C)c1,
23501,C=C(C)C[C@H](C)C(=O)N[C@H]1C[C@@H]2CC[C@H](C1)N2C(=O)c1ccc(OC(C)C)nc1,"2-isopropoxy-5-((1R,5S)-3-(((2S)-4-methyl-pent-4-en-2-ylcarbonyl)amino)-8-azabicyclo[3.2.1]octan-8-ylcarbonyl)pyridin",C(C)(C)OC1=NC=C(C=C1)C(=O)N1[C@H]2CC(C[C@@H]1CC2)NC(=O)[C@@H](C)CC(=C)C,C=C(C)CC(C)C(=O)N[C@@H]1C[C@H]2CC[C@@H](C1)N2C(=O)c1ccc(OC(C)C)nc1,C=C(C)CC(C)C(=O)NC1C[C@H]2CC[C@@H](C1)N2C(=O)c1ccc(OC(C)C)nc1
23578,Cc1csc(C(=O)N2[C@H]3CC[C@@H]2C[C@H](CNC(=O)[C@@H](C)[C@@H](C)O)C3)c1Br,"(1S,5R)-3-((((2S,3R)-3-hydroxy-butan-2-ylcarbonyl)amino)methyl)-8-(3-bromo-4-methyl-2-thienylcarbonyl)-8-azabicyclo[3.2.1]octane",O[C@@H]([C@H](C)C(=O)NCC1C[C@@H]2CC[C@H](C1)N2C(=O)C=2SC=C(C2Br)C)C,Cc1csc(C(=O)N2[C@@H]3CC[C@H]2C[C@@H](CNC(=O)C(C)[C@@H](C)O)C3)c1Br,Cc1csc(C(=O)N2[C@@H]3CC[C@H]2CC(CNC(=O)C(C)[C@@H](C)O)C3)c1Br
23626,CCS[C@@H](C)C(=O)N[C@H]1C[C@H](NC(=O)C[C@@H]2CCCC3(CCC3)O2)C1,"(6S)-6-(2-oxo-3-((1S,3S)-3-(((1S)-1-methyl-2-thiabutylcarbonyl)amino)cyclobutyl)-3-azapropyl)-5-oxaspiro[3.5]nonane",,CCSC(C)C(=O)N[C@H]1C[C@H](NC(=O)C[C@@H]2CCCC3(CCC3)O2)C1,
23631,CO[C@H](CSC)C(=O)N1CCC[C@@H]([C@@H](C)C(=O)N2CCO[C@@H](C(C)C)C2)C1,"(R,S)-2-isopropyl-4-(1-((3S)-1-((1S)-1-methoxy-3-thiabutylcarbonyl)piperidin-3-yl)-ethylcarbonyl)morpholin",C(C)(C)[C@@H]1CN(CCO1)C(=O)[C@@H](C)[C@H]1CN(CCC1)C(=O)[C@@H](CSC)OC,COC(CSC)C(=O)N1CCC[C@@H](C(C)C(=O)N2CCO[C@@H](C(C)C)C2)C1,COC(CSC)C(=O)N1CCC[C@@H](C(C)C(=O)N2CCO[C@H](C(C)C)C2)C1
23708,CC[C@@](C)(OC)C(=O)N[C@H]1C[C@@H](NC(=O)[C@@H]2CCCc3ccccc32)C1,"(3R)-3-methyl-3-((((1S,3S)-3-(((4R)-tetralin-4-ylcarbonyl)amino)cyclobutyl)amino)carbonyl)-2-oxapentane",,CC[C@@](C)(OC)C(=O)N[C@H]1C[C@@H](NC(=O)C2CCCc3ccccc32)C1,
23714,Cc1cc([N+](=O)[O-])ncc1C(=O)N[C@]1(C)C[C@H](NC(=O)[C@H](O)C(F)(F)F)C1,4-methyl-2-nitro-5-((((1R)-1-methyl-3-(((1S)-1-trifluoromethyl-2-oxaethylcarbonyl)amino)cyclobutyl)amino)carbonyl)pyridin,,Cc1cc([N+](=O)[O-])ncc1C(=O)N[C@]1(C)C[C@H](NC(=O)C(O)C(F)(F)F)C1,
23751,CN1C(=O)CC[C@@H]1CC(=O)NC[C@]1(F)C[C@@H](NC(=O)CCN2CCCCCC2)C1,(2R)-1-methyl-2-(2-oxo-4-((3S)-1-fluoro-3-((2-(azepan-1-yl)ethylcarbonyl)amino)cyclobutyl)-3-azabutyl)pyrrolidin-5-on,,CN1C(=O)CC[C@@H]1CC(=O)NC[C@]1(F)C[C@@H](NC(=O)CCN2CCCCCC2)C1,
23770,C[C@H]1C[C@H](CNC(=O)COC2CN(C(=O)C=Cc3ccn(C)c3)C2)C[C@@H](C)O1,"2-oxo-1-((1-(2-(1-methyl-1H-pyrrol-3-yl)-ethen-1-ylcarbonyl)azetidin-3-yl)oxy)-4-((2R,6S)-2,6-dimethyloxan-4-yl)-3-azabutane",O=C(COC1CN(C1)C(=O)C=CC1=CN(C=C1)C)NCC1C[C@H](O[C@H](C1)C)C,C[C@@H]1C[C@@H](CNC(=O)COC2CN(C(=O)C=Cc3ccn(C)c3)C2)C[C@H](C)O1,C[C@@H]1CC(CNC(=O)COC2CN(C(=O)C=Cc3ccn(C)c3)C2)C[C@H](C)O1
23777,Cc1nnn(CC(=O)NC(C)(C)[C@@H]2CCN(C(=O)[C@H](C)[C@@H]3CCCO3)C2)n1,"(R,S)-2-(1-((3R)-3-(1,1-dimethyl-3-oxo-4-(5-methyltetrazol-2-yl)-2-azabutyl)pyrrolidinocarbonyl)-ethyl)oxolan",CC(NC(CN1N=C(N=N1)C)=O)(C)[C@H]1CN(CC1)C(=O)[C@@H](C)[C@@H]1OCCC1,Cc1nnn(CC(=O)NC(C)(C)[C@@H]2CCN(C(=O)C(C)[C@@H]3CCCO3)C2)n1,Cc1nnn(CC(=O)NC(C)(C)[C@@H]2CCN(C(=O)C(C)[C@H]3CCCO3)C2)n1
23830,CC(C)(Br)C(=O)N[C@@H]1[C@@H]2CN(c3nc(C(F)(F)F)nc4ccccc34)C[C@@H]21,"2-bromo-2-((((1S,5R)-3-(2-trifluoromethylquinazolin-4-yl)-3-azabicyclo[3.1.0]hexane-6-yl)amino)carbonyl)propane",BrC(C)(C)C(=O)NC1[C@H]2CN(C[C@@H]12)C1=NC(=NC2=CC=CC=C12)C(F)(F)F,CC(C)(Br)C(=O)N[C@@H]1[C@@H]2CN(c3nc(C(F)(F)F)nc4ccccc34)C[C@@H]21,CC(C)(Br)C(=O)NC1[C@H]2CN(c3nc(C(F)(F)F)nc4ccccc34)C[C@@H]12
23885,C#CCCC(=O)N[C@H]1C[C@@H](NC(=O)[C@H]2C[C@](O)(c3ccncc3)C2)C12CCC2,"(1R,3S)-1-(((3S)-3-hydroxy-3-(4-pyridyl)cyclobutylcarbonyl)amino)-3-((3-butyn-1-ylcarbonyl)amino)-spiro[3.3]heptane",,C#CCCC(=O)N[C@H]1C[C@@H](NC(=O)C2CC(O)(c3ccncc3)C2)C12CCC2,
23887,C=CC1(C(=O)NC[C@H]2[C@@H]3CN(C(=O)c4cc(N)cnc4C)C[C@H]23)CC1,"(1S,5R)-3-(5-amino-2-methyl-3-pyridylcarbonyl)-6-(((1-(ethen-1-yl)cyclopropylcarbonyl)amino)methyl)-3-azabicyclo[3.1.0]hexane",NC=1C=C(C(=NC1)C)C(=O)N1C[C@H]2C([C@H]2C1)CNC(=O)C1(CC1)C=C,C=CC1(C(=O)NC[C@@H]2[C@H]3CN(C(=O)c4cc(N)cnc4C)C[C@@H]23)CC1,C=CC1(C(=O)NCC2[C@H]3CN(C(=O)c4cc(N)cnc4C)C[C@@H]23)CC1
23892,O=C(N[C@H]1CC[C@@H](O)CN(C(=O)[C@H]2C[C@@H]3CC[C@H](C2)[C@@H]3O)C1)c1cscc1Cl,"(1S,5R,8R)-8-hydroxy-3-((3R,6S)-3-hydroxy-6-((3-chloro-4-thienylcarbonyl)amino)azepan-1-ylcarbonyl)-bicyclo[3.2.1]octane",,O=C(N[C@H]1CC[C@@H](O)CN(C(=O)C2C[C@H]3CC[C@@H](C2)[C@H]3O)C1)c1cscc1Cl,
23925,CC(C)=CCC(=O)NC[C@H]1[C@@H]2CN(C(=O)[C@@H]3C[C@H]4C=C[C@@H]3C4)C[C@H]12,"6-methyl-3-oxo-1-((1S,5R,6R)-3-((1S,4S,6R)-norbornen-6-ylcarbonyl)-3-azabicyclo[3.1.0]hexane-6-yl)-2-aza-5-hepten",,CC(C)=CCC(=O)NC[C@@H]1[C@H]2CN(C(=O)C3C[C@H]4C=C[C@@H]3C4)C[C@@H]12,
23926,Cc1ccccc1[C@H](C)C(=O)NC[C@H]1C[C@@H](NC(=O)[C@@](C)(O)C2CCC2)C1,"(4S)-3-oxo-1-((1R,3R)-3-(((1S)-1-cyclobutyl-1-hydroxy-ethylcarbonyl)amino)cyclobutyl)-4-(2-methylphenyl)-2-azapentane",,Cc1ccccc1C(C)C(=O)NC[C@H]1C[C@@H](NC(=O)[C@@](C)(O)C2CCC2)C1,
23977,COCCC[C@@H](C)C(=O)NC[C@]1(F)C[C@@H](NC(=O)CN2C(=O)CN(C)C2=O)C1,"1-methyl-3-(2-oxo-3-((1S)-3-fluoro-3-((((2R)-5-methoxy-pentan-2-ylcarbonyl)amino)methyl)cyclobutyl)-3-azapropyl)-imidazolidin-2,4-dion",,COCCCC(C)C(=O)NC[C@]1(F)C[C@@H](NC(=O)Cn2c(O)cn(C)c2=O)C1,
23990,C[C@]1(NC(=O)[C@H]2CCC(=O)C2)C[C@H](NC(=O)c2ccc(CSC(F)F)o2)C1,(1S)-1-((((3S)-1-methyl-3-((2-(1-difluoromethylsulfanyl-methyl)-5-furylcarbonyl)amino)cyclobutyl)amino)carbonyl)-cyclopentan-3-on,,C[C@]1(NC(=O)C2CCC(=O)C2)C[C@H](NC(=O)c2ccc(CSC(F)F)o2)C1,
24009,NC(=O)[C@@H]1CC[C@@H]1C(=O)N1CCN(CCCNC(=O)[C@H]2C[C@@](F)(CO)C2)CC1,"1-(((3S)-3-fluoro-3-hydroxymethylcyclobutylcarbonyl)amino)-3-(4-((1S,2R)-2-carbamylcyclobutylcarbonyl)piperazino)propane",,NC(=O)C1CCC1C(=O)N1CCN(CCCNC(=O)C2CC(F)(CO)C2)CC1,
24015,CCCC(CCC)C(=O)NC[C@]1(F)C[C@@H](NC(=O)C=C2SCC(=O)N2C)C1,1-methyl-2-(((3-fluoro-3-(((heptan-4-ylcarbonyl)amino)methyl)cyclobutyl)amino)carbonylmethylidene)-1-aza-3-thiacyclopentan-5-on,CN1C(SCC1=O)=CC(=O)NC1CC(C1)(CNC(=O)C(CCC)CCC)F,CCCC(CCC)C(=O)NC[C@]1(F)C[C@@H](NC(=O)C=C2SCC(=O)N2C)C1,CCCC(CCC)C(=O)NCC1(F)CC(NC(=O)C=C2SCC(=O)N2C)C1
24120,CN(C[C@H]1[C@@H]2CN(C(=O)c3cc(C(C)(F)F)n[nH]3)C[C@H]12)C(=O)C(=O)NCC1CC1,"(1S,5R)-3-(3-((methyl)difluoromethyl)-1H-pyrazol-5-ylcarbonyl)-6-((N-(((cyclopropylmethyl)amino)carbonylcarbonyl)-N-methylamino)methyl)-3-azabicyclo[3.1.0]hexane",CC(C1=NNC(=C1)C(=O)N1C[C@H]2C([C@H]2C1)CN(C)C(=O)C(=O)NCC1CC1)(F)F,CN(C[C@@H]1[C@H]2CN(C(=O)c3cc(C(C)(F)F)[nH]n3)C[C@@H]12)C(=O)C(=O)NCC1CC1,CN(CC1[C@H]2CN(C(=O)c3cc(C(C)(F)F)[nH]n3)C[C@@H]12)C(=O)C(=O)NCC1CC1
24146,CCO[C@H]1C[C@@H](NC(=O)C2=CCCN(C(=O)C(C)(C)CF)C2)C1,1-ethoxy-3-((1-(1-fluoro-2-methyl-propan-2-ylcarbonyl)-1-azacyclohex-3-ene-3-ylcarbonyl)amino)cyclobutane,C(C)OC1CC(C1)NC(=O)C=1CN(CCC1)C(=O)C(CF)(C)C,CCO[C@H]1C[C@@H](NC(=O)C2=CCCN(C(=O)C(C)(C)CF)C2)C1,CCOC1CC(NC(=O)C2=CCCN(C(=O)C(C)(C)CF)C2)C1
24159,C=C[C@H](C)CC(=O)N[C@@H]1C[C@@H]2CC[C@H](C1)N2C(=O)c1cc(-c2cccnc2)no1,"(1S,5R)-3-(((2R)-2-methyl-but-3-en-1-ylcarbonyl)amino)-8-(3-(3-pyridyl)isoxazol-5-ylcarbonyl)-8-azabicyclo[3.2.1]octane",C[C@H](CC(=O)NC1C[C@@H]2CC[C@H](C1)N2C(=O)C2=CC(=NO2)C=2C=NC=CC2)C=C,C=C[C@H](C)CC(=O)N[C@H]1C[C@H]2CC[C@@H](C1)N2C(=O)c1cc(-c2cccnc2)no1,C=C[C@H](C)CC(=O)NC1C[C@H]2CC[C@@H](C1)N2C(=O)c1cc(-c2cccnc2)no1
24195,CCCCCCC(=O)N1[C@H]2CC[C@@H]1C[C@@H](NC(=O)CC(F)(F)CC(=O)OC)C2,"1-((1R,5S)-3-((2,2-difluoro-4-oxo-5-oxahexylcarbonyl)amino)-8-azabicyclo[3.2.1]octan-8-ylcarbonyl)hexane",FC(CC(=O)NC1C[C@H]2CC[C@@H](C1)N2C(=O)CCCCCC)(CC(OC)=O)F,CCCCCCC(=O)N1[C@@H]2CC[C@H]1C[C@H](NC(=O)CC(F)(F)CC(=O)OC)C2,CCCCCCC(=O)N1[C@@H]2CC[C@H]1CC(NC(=O)CC(F)(F)CC(=O)OC)C2
24244,COC[C@@H](C)CC(=O)N[C@]1(C)C[C@H](NC(=O)c2cc(Cl)cn2C)C1,(2S)-2-methyl-1-((((3R)-1-methyl-3-((3-chloro-1-methyl-1H-pyrrol-5-ylcarbonyl)amino)cyclobutyl)amino)carbonyl)-4-oxapentane,,COC[C@@H](C)CC(=O)N[C@]1(C)C[C@H](NC(=O)c2cc(Cl)cn2C)C1,
24275,Cc1csc2c(N[C@H]3[C@@H]4CN(C(=O)CCC5CC(F)(F)C5)C[C@@H]43)ncnc12,"(1S,5R)-3-(2-(3,3-difluorocyclobutyl)ethylcarbonyl)-6-(N-(9-methyl-2,4-diaza-7-thiabicyclo[4.3.0]nona-1(2),3(4),5(6),8(9)-tetraen-5-yl)amino)-3-azabicyclo[3.1.0]hexane",FC1(CC(C1)CCC(=O)N1C[C@H]2C([C@H]2C1)NC=1N=CN=C2C(=CSC12)C)F,Cc1csc2c(N[C@H]3[C@@H]4CN(C(=O)CCC5CC(F)(F)C5)C[C@@H]43)ncnc12,Cc1csc2c(NC3[C@H]4CN(C(=O)CCC5CC(F)(F)C5)C[C@@H]34)ncnc12
24300,C=CCOCCCC(=O)N[C@@H]1C[C@H]2CC[C@@H]1C[C@H]2NC(=O)C[C@@H](C)CCC,"1-((((1R,4R,5R,8R)-5-(((2S)-2-methyl-pentylcarbonyl)amino)bicyclo[2.2.2]octane-8-yl)amino)carbonyl)-4-oxa-6-hepten",C[C@H](CC(=O)N[C@H]1[C@@H]2CC[C@@H](C1)C[C@H]2NC(=O)CCCOCC=C)CCC,C=CCOCCCC(=O)N[C@@H]1C[C@H]2CC[C@@H]1C[C@H]2NC(=O)C[C@@H](C)CCC,C=CCOCCCC(=O)N[C@@H]1C[C@H]2CC[C@H]1[C@H](NC(=O)C[C@@H](C)CCC)C2
24353,CC=C(F)C(=O)N1[C@H]2CC[C@@H]1C[C@H](NC(=O)[C@@H](C)Cc1c(C)n[nH]c1C)C2,"(1S,5R)-3-(((1S)-1-((3,5-dimethyl-1H-pyrazol-4-yl)methyl)-ethylcarbonyl)amino)-8-(1-fluoro-propen-1-ylcarbonyl)-8-azabicyclo[3.2.1]octane",CC1=NNC(=C1C[C@H](C)C(=O)NC1C[C@@H]2CC[C@H](C1)N2C(=O)C(=CC)F)C,CC=C(F)C(=O)N1[C@@H]2CC[C@H]1C[C@@H](NC(=O)C(C)Cc1c(C)n[nH]c1C)C2,CC=C(F)C(=O)N1[C@@H]2CC[C@H]1CC(NC(=O)C(C)Cc1c(C)n[nH]c1C)C2
24404,CC(=O)NCCNC(=O)C1(C)CCN(C(=O)[C@@H]2CCCC[C@@H]2F)CC1,(cis)-1-fluoro-2-(4-methyl-4-(((4-oxo-3-azapentyl)amino)carbonyl)piperidinocarbonyl)cyclohexane,F[C@H]1[C@H](CCCC1)C(=O)N1CCC(CC1)(C(=O)NCCNC(C)=O)C,CC(=O)NCCNC(=O)C1(C)CCN(C(=O)C2CCCC[C@@H]2F)CC1,CC(=O)NCCNC(=O)C1(C)CCN(C(=O)C2CCCC[C@H]2F)CC1
24406,CCn1nnnc1[C@@H](NCC1(c2cccs2)CCOCC1)c1ccsc1OC,2-(4-((3S)-(((1-ethyltetrazol-5-yl)(2-methoxy-3-thienyl)methyl)amino)methyl)oxan-4-yl)thiofuran,,CCn1nnnc1[C@@H](NCC1(c2cccs2)CCOCC1)c1ccsc1OC,
24479,CCc1ccsc1C(=O)NC[C@H]1C[C@@](F)(CNC(=O)c2cc(C(=O)OC)on2)C1,1-fluoro-1-(((5-methoxycarbonylisooxazol-3-ylcarbonyl)amino)methyl)-3-(((3-ethyl-2-thienylcarbonyl)amino)methyl)cyclobutane,FC1(CC(C1)CNC(=O)C=1SC=CC1CC)CNC(=O)C1=NOC(=C1)C(=O)OC,CCc1ccsc1C(=O)NC[C@H]1C[C@@](F)(CNC(=O)c2cc(C(=O)OC)on2)C1,CCc1ccsc1C(=O)NCC1CC(F)(CNC(=O)c2cc(C(=O)OC)on2)C1
24481,CC[C@@H]1OCC[C@H]1C(=O)N[C@H]1C[C@H](CNC(=O)C[C@@H]2CC2(Cl)Cl)C1,"2-oxo-1-((1R)-2,2-dichlorocyclopropyl)-4-((1R,3R)-3-(((2S,3R)-2-ethyloxolan-3-ylcarbonyl)amino)cyclobutyl)-3-azabutane",,CC[C@@H]1OCCC1C(=O)N[C@H]1C[C@H](CNC(=O)C[C@@H]2CC2(Cl)Cl)C1,
24511,Cn1c(C(=O)N[C@H]2CCN(C(=O)[C@H]3C[C@@](C)(O)C3)C23CCC3)ccc1[N+](=O)[O-],(8S)-5-((3R)-3-hydroxy-3-methylcyclobutylcarbonyl)-8-((1-methyl-2-nitro-1H-pyrrol-5-ylcarbonyl)amino)-5-azaspiro[3.4]octane,,Cn1c(C(=O)N[C@H]2CCN(C(=O)C3CC(C)(O)C3)C23CCC3)ccc1[N+](=O)[O-],
24521,O=C(N[C@@H]1C[C@H]2[C@@H](C1)[C@@H]2NC(=O)[C@@H]1CC[C@@H]1c1ccccc1)c1cccnn1,"(1S,3R,5R)-3-((pyridazin-3-carbonyl)amino)-6-(((1R,2S)-2-phenylcyclobutylcarbonyl)amino)-bicyclo[3.1.0]hexane",,O=C(N[C@H]1C[C@@H]2[C@H](C1)[C@H]2NC(=O)C1CC[C@@H]1c1ccccc1)c1cccnn1,
24546,CCCC(CCC)C(=O)NC[C@]1(F)C[C@@H](NC(=O)[C@@H]2CNC(=O)N2C)C1,(5S)-1-methyl-5-((((3R)-3-fluoro-3-(((heptan-4-ylcarbonyl)amino)methyl)cyclobutyl)amino)carbonyl)-imidazolidin-2-on,,CCCC(CCC)C(=O)NC[C@]1(F)C[C@@H](NC(=O)C2CNC(=O)N2C)C1,
24565,CCC[C@H]1CN(C(=O)CCCC#N)CCN1C(=O)[C@@H]1Cc2ccc(Cl)cc21,1-((2S)-1-((2R)-6-chlorobenzocyclobutene-2-ylcarbonyl)-4-(3-cyanopropylcarbonyl)piperazin-2-yl)propane,,CCC[C@H]1CN(C(=O)CCCC#N)CCN1C(=O)C1Cc2ccc(Cl)cc21,
24600,Cc1cc(Br)ccc1CNC(=O)[C@H]1C[C@H]2CC[C@@H]1N(C(=O)[C@@](C)(O)C(F)(F)F)C2,"(2R)-1,1,1-trifluoro-2-((1S,4R,8S)-8-(((4-bromo-2-methylbenzyl)amino)carbonyl)-2-azabicyclo[2.2.2]octane-2-ylcarbonyl)-2-propanol",FC([C@](C)(O)C(=O)N1[C@H]2CC[C@@H](C1)[C@H](C2)C(=O)NCC2=C(C=C(C=C2)Br)C)(F)F,Cc1cc(Br)ccc1CNC(=O)C1C[C@H]2CC[C@@H]1N(C(=O)[C@@](C)(O)C(F)(F)F)C2,Cc1cc(Br)ccc1CNC(=O)C1C[C@@H]2CC[C@H]1CN2C(=O)[C@@](C)(O)C(F)(F)F
24625,COc1c(F)ccc(F)c1C(=O)NC[C@H]1C[C@@H]1NC(=O)CN(C)S(N)(=O)=O,"(trans)-1-(((3,6-difluoro-2-methoxybenzoyl)amino)methyl)-2-(((aminosulfonyl(methyl)amino)methylcarbonyl)amino)cyclopropane",FC=1C(=C(C(=O)NC[C@H]2[C@@H](C2)NC(=O)CN(C)S(=O)(=O)N)C(=CC1)F)OC,COc1c(F)ccc(F)c1C(=O)NC[C@H]1C[C@@H]1NC(=O)CN(C)S(N)(=O)=O,COc1c(F)ccc(F)c1C(=O)NC[C@@H]1C[C@H]1NC(=O)CN(C)S(N)(=O)=O
24658,Cc1cc(F)ccc1C(=O)N(C)C[C@@H](C)N(C)C(=O)[C@H]1Cc2c(Cl)cccc21,"(3R)-3-methyl-2-((2S)-4-chlorobenzocyclobutene-2-ylcarbonyl)-5-(4-fluoro-2-methylbenzoyl)-2,5-diazahexane",,Cc1cc(F)ccc1C(=O)N(C)C[C@@H](C)N(C)C(=O)C1Cc2c(Cl)cccc21,
24734,C=CC[C@@]1(NC(=O)C2CC(F)(F)C2)CCCN(C(=O)[C@H](C2CC2)N2CCCC2)C1,"1-((3S)-1-((2S)-cyclopropyl(pyrrolidino)methylcarbonyl)-3-((3,3-difluorocyclobutylcarbonyl)amino)piperidin-3-yl)-2-propen",,C=CC[C@@]1(NC(=O)C2CC(F)(F)C2)CCCN(C(=O)C(C2CC2)N2CCCC2)C1,
24737,Cc1cnc(F)c(C(=O)N2C[C@H]3C[C@H](NC(=O)C[C@H]4SC(=N)NC4=O)C[C@H]3C2)c1,"(2R)-5-imino-2-(2-oxo-3-((1R,5S)-3-(2-fluoro-5-methyl-3-pyridylcarbonyl)-3-azabicyclo[3.3.0]octan-7-yl)-3-azapropyl)-4-aza-1-thiacyclopentan-3-on",N=C1NC([C@H](S1)CC(NC1C[C@@H]2CN(C[C@@H]2C1)C(=O)C=1C(=NC=C(C1)C)F)=O)=O,Cc1cnc(F)c(C(=O)N2C[C@H]3C[C@H](NC(=O)Cc4sc(=N)[nH]c4O)C[C@H]3C2)c1,Cc1cnc(F)c(C(=O)N2C[C@H]3CC(NC(=O)Cc4sc(=N)[nH]c4O)C[C@H]3C2)c1
24777,COc1cc2nn[nH]c2cc1C(=O)N1CCCC[C@@H]1[C@@H](C)N=c1[nH]nc(C)o1,"(R)-2-methyl-5-((1-((2R)-1-(6-methoxy-1H-benzotriazol-5-ylcarbonyl)piperidin-2-yl)-ethyl)imino)-1,3,4-oxadiazole",C[C@H]1OC(N=N1)=NC(C)[C@@H]1N(CCCC1)C(=O)C1=CC2=C(NN=N2)C=C1OC,COc1cc2[nH]nnc2cc1C(=O)N1CCCC[C@@H]1[C@@H](C)Nc1nnc(C)o1,COc1cc2[nH]nnc2cc1C(=O)N1CCCC[C@@H]1C(C)N=C1N=N[C@@H](C)O1
24778,CCC=CC(=O)N[C@H](C(=O)N1C[C@H]2[C@@H](C1)[C@@H]2C(=O)NC)C(C)C,"(1R,5S,6S)-6-methylcarbamyl-3-((1S)-1-isopropyl-3-oxo-2-aza4-hepten-1-ylcarbonyl)-3-azabicyclo[3.1.0]hexane",,CCCCC(=O)N=C(C(=O)N1C[C@@H]2C(C(=O)NC)[C@@H]2C1)C(C)C,
24921,COCCN(C)CC(=O)N1C[C@H]2C=C[C@H]1[C@@H](C(=O)N[C@H](CCO)C(F)(F)F)C2,"(1S,4R,8S)-2-((N-(3-oxabutyl)-N-methylamino)methylcarbonyl)-8-((((2R)-1,1,1-trifluoro-4-hydroxy-butan-2-yl)amino)carbonyl)-2-azabicyclo[2.2.2]oct-5(6)-ene",C(COC)N(C)CC(=O)N1[C@@H]2C=C[C@@H](C1)[C@H](C2)C(=O)N[C@@H](C(F)(F)F)CCO,COCCN(C)CC(=O)N1C[C@H]2C=C[C@H]1C(C(=O)N[C@H](CCO)C(F)(F)F)C2,COCCN(C)CC(=O)N1C[C@@H]2C=C[C@@H]1CC2C(=O)N[C@H](CCO)C(F)(F)F
25011,CC[C@@H](C)C(=O)N(C)[C@H]1[C@@H]2CN(C(=O)CN(C)C(=O)OCc3ccccc3)C[C@@H]21,"(1S,5R)-3-((carbbenzoxy(methyl)amino)methylcarbonyl)-6-(N-((2R)-butan-2-ylcarbonyl)-N-methylamino)-3-azabicyclo[3.1.0]hexane",C(=O)(OCC1=CC=CC=C1)N(C)CC(=O)N1C[C@H]2C([C@H]2C1)N(C)C(=O)[C@H](C)CC,CCC(C)C(=O)N(C)[C@H]1[C@@H]2CN(C(=O)CN(C)C(=O)OCc3ccccc3)C[C@@H]21,CCC(C)C(=O)N(C)C1[C@H]2CN(C(=O)CN(C)C(=O)OCc3ccccc3)C[C@@H]12
25034,C/C=C/C[C@H](C)C(=O)NCC1(CNC(=O)c2c(Cl)cnn2C)CC(F)(F)C1,"4-chloro-1-methyl-5-((((3,3-difluoro-1-((4S)-(((2S,4E)-hex-4-en-2-ylcarbonyl)amino)methyl)cyclobutyl)methyl)amino)carbonyl)pyrazole",,C/C=C/CC(C)C(=O)NCC1(CNC(=O)c2c(Cl)cnn2C)CC(F)(F)C1,
25054,Cc1cc(C(=O)NC[C@]2(F)C[C@H](Nc3ncnc(C)c3C#N)C2)cc(O)n1,2-hydroxy-6-methyl-4-((((1-fluoro-3-((5-cyano-4-methylpyrimidin-6-yl)amino)cyclobutyl)methyl)amino)carbonyl)pyridin,OC1=NC(=CC(=C1)C(=O)NCC1(CC(C1)NC1=C(C(=NC=N1)C)C#N)F)C,Cc1cc(C(=O)NC[C@]2(F)C[C@H](Nc3ncnc(C)c3C#N)C2)cc(=O)[nH]1,Cc1cc(C(=O)NCC2(F)CC(Nc3ncnc(C)c3C#N)C2)cc(=O)[nH]1
25079,COc1nn(C)cc1C(=O)N[C@H]1C[C@](F)(CNC(=O)[C@@]2(C)CCNC(=O)C2)C1,1-((1-methyl-4-((((1R)-3-fluoro-3-((((4S)-4-methyl-2-oxopiperidin-4-ylcarbonyl)amino)methyl)cyclobutyl)amino)carbonyl)pyrazol-3-yl)oxy)-methane,,COc1nn(C)cc1C(=O)N[C@H]1C[C@](F)(CNC(=O)[C@@]2(C)CCNC(=O)C2)C1,
25095,CCOC(=O)[C@H]1C[C@@](F)(C(=O)NC[C@H]2CCN2C(=O)c2cc(CC)ccn2)C1,1-((1R)-3-fluoro-3-(((((2R)-1-(4-ethyl-2-pyridylcarbonyl)azetidin-2-yl)methyl)amino)carbonyl)cyclobutylcarbonyloxy)-ethane,,CCOC(=O)C1CC(F)(C(=O)NC[C@H]2CCN2C(=O)c2cc(CC)ccn2)C1,
25096,C/C=C/C[C@@H](C)C(=O)NCC[C@H]1CCCN1C(=O)c1nccc(OC)c1OC,"3,4-dimethoxy-2-((2R)-2-((5R)-2-(((2R,4E)-hex-4-en-2-ylcarbonyl)amino)ethyl)pyrrolidinocarbonyl)pyridin",,C/C=C/CC(C)C(=O)NCC[C@H]1CCCN1C(=O)c1nccc(OC)c1OC,
25099,O=C(NC[C@H]1CCOC1)[C@H](c1csc(Cl)c1Cl)N1C[C@H](C(F)(F)F)[C@@H](F)C1,"(S,R)-3-(((((3R,4S)-3-fluoro-4-trifluoromethylpyrrolidino)(2,3-dichloro-4-thienyl)methylcarbonyl)amino)methyl)oxolan",F[C@H]1CN(C[C@@H]1C(F)(F)F)[C@@H](C(=O)NC[C@H]1COCC1)C=1C(=C(SC1)Cl)Cl,O=C(NC[C@H]1CCOC1)C(c1csc(Cl)c1Cl)N1C[C@H](F)[C@@H](C(F)(F)F)C1,O=C(NC[C@@H]1CCOC1)C(c1csc(Cl)c1Cl)N1C[C@H](F)[C@@H](C(F)(F)F)C1
25175,CCCC(C)=CC(=O)NC12CC(C)(C1)OC21CCN(c2ccnc(SC)n2)CC1,,,CCCC(C)=CC(=O)NC12CC(C)(C1)OC21CCN(c2ccnc(SC)n2)CC1,
25251,COC(C)(C)CCC(=O)N1CCN(C)[C@@H](CNC(=O)C(C)=C2CCCC2)C1,"1-((((((2S)-1-methyl-4-(3,3-dimethyl-4-oxapentylcarbonyl)piperazin-2-yl)methyl)amino)carbonyl)methylmethylidene)cyclopentan",CN1[C@H](CN(CC1)C(=O)CCC(OC)(C)C)CNC(=O)CC=C1CCCC1,COC(C)(C)CCC(=O)N1CCN(C)[C@@H](CNC(=O)C(C)=C2CCCC2)C1,COC(C)(C)CCC(=O)N1CCN(C)[C@@H](CNC(=O)CC=C2CCCC2)C1
25336,CC1(C(=O)N2CC[C@H]([C@@H](F)C(=O)N3C[C@H]4C[C@@H](O)C[C@H]4C3)C2)CCC(=O)CC1,"(1S,5R,7R)-7-hydroxy-3-((1R)-1-fluoro-1-((3S)-1-(1-methyl-4-oxocyclohexylcarbonyl)pyrrolidin-3-yl)-methylcarbonyl)-3-azabicyclo[3.3.0]octane",,CC1(C(=O)N2CC[C@H](C(F)C(=O)N3C[C@H]4C[C@@H](O)C[C@H]4C3)C2)CCC(=O)CC1,
25408,COC1(C(=O)NC[C@@H]2C[C@@H]3CC[C@H](C2)N3C(=O)COC(C)=O)CCC(F)(F)CC1,"(1S,5R)-8-acetyloxymethylcarbonyl-3-(((4,4-difluoro-1-methoxycyclohexylcarbonyl)amino)methyl)-8-azabicyclo[3.2.1]octane",C(C)(=O)OCC(=O)N1[C@@H]2CC(C[C@H]1CC2)CNC(=O)C2(CCC(CC2)(F)F)OC,COC1(C(=O)NC[C@H]2C[C@H]3CC[C@@H](C2)N3C(=O)COC(C)=O)CCC(F)(F)CC1,COC1(C(=O)NCC2C[C@H]3CC[C@@H](C2)N3C(=O)COC(C)=O)CCC(F)(F)CC1
25410,CC12CC(C(=O)N3CC[C@@H]4C[C@H](NC(=O)C=CBr)CC[C@@H]4C3)(C1)C1(CCC1)O2,,,CC12CC(C(=O)N3CC[C@@H]4C[C@H](NC(=O)C=CBr)CC[C@@H]4C3)(C1)C1(CCC1)O2,
25432,C[C@]1(C(F)F)C[C@H]1C(=O)N1C[C@@H]2C[C@@H]2[C@H]1C(=O)NC[C@H]1C[C@H]2C=C[C@@H]1O2,"1-((1S,2R)-1-difluoromethyl-2-((1S,4S,5R)-4-(((((1S,2R,4S)-7-oxabicyclo[2.2.1]hept-5(6)-en-2-yl)methyl)amino)carbonyl)-3-azabicyclo[3.1.0]hexane-3-ylcarbonyl)cyclopropyl)-methane",FC([C@@]1([C@@H](C1)C(=O)N1C[C@H]2C[C@H]2[C@H]1C(=O)NC[C@@H]1[C@@H]2C=C[C@H](C1)O2)C)F,C[C@]1(C(F)F)CC1C(=O)N1C[C@@H]2C[C@@H]2C1C(=O)NC[C@H]1C[C@H]2C=C[C@@H]1O2,C[C@]1(C(F)F)CC1C(=O)N1C[C@H]2C[C@H]2C1C(=O)NC[C@H]1C[C@H]2C=C[C@@H]1O2
25479,CCCC1(C(=O)N2C[C@H]3C=C[C@H]2[C@H](C(=O)NC2CC(CO)(CO)C2)C3)CC(=O)C1,"(1S,4R,8R)-2-(3-oxo-1-propylcyclobutylcarbonyl)-8-(((3,3-dihydroxymethylcyclobutyl)amino)carbonyl)-2-azabicyclo[2.2.2]oct-5(6)-ene",O=C1CC(C1)(C(=O)N1[C@@H]2C=C[C@@H](C1)[C@@H](C2)C(=O)NC2CC(C2)(CO)CO)CCC,CCCC1(C(=O)N2C[C@H]3C=C[C@H]2C(C(=O)NC2CC(CO)(CO)C2)C3)CC(=O)C1,CCCC1(C(=O)N2C[C@@H]3C=C[C@@H]2CC3C(=O)NC2CC(CO)(CO)C2)CC(=O)C1
25513,CSc1cscc1C(=O)N[C@@H]1CCN(C(=O)C23CC(C)(C2)OC32CCC2)C[C@H]1C,,,CSc1cscc1C(=O)N[C@@H]1CCN(C(=O)C23CC(C)(C2)OC32CCC2)C[C@H]1C,
25523,CCOC1(CC(=O)N[C@]2(C(=O)N3C[C@H](N(C)C)C(C)(C)C3)C[C@H](O)C2)CC1,"(3S)-3-hydroxy-1-(((1-ethoxycyclopropyl)methylcarbonyl)amino)-1-((4R)-3,3-dimethyl-4-(dimethylamino)pyrrolidinocarbonyl)cyclobutane",,CCOC1(CC(=O)N[C@]2(C(=O)N3C[C@H](N(C)C)C(C)(C)C3)C[C@H](O)C2)CC1,
25573,CC(C)[C@@H](O)C(=O)N1C[C@H]2[C@H](NC(=O)CCn3cccn3)[C@H]2C1,"(1S,5R,6S)-3-((1R)-1-hydroxy-2-methyl-propylcarbonyl)-6-((2-(pyrazol-1-yl)ethylcarbonyl)amino)-3-azabicyclo[3.1.0]hexane",,CC(C)C(O)C(=O)N1C[C@@H]2[C@H](C1)[C@H]2NC(=O)CCn1cccn1,
25581,CC(C)(C)C[C@H]1C[C@@H]1C(=O)N1C[C@H]2[C@@H](C1)[C@@H]2C(=O)NC[C@]12CO[C@H](C1)[C@H](O)C2,"(1R,4R,6R)-6-hydroxy-4-((((1S,5R,6S)-3-((1S,2R)-2-neopentylcyclopropylcarbonyl)-3-azabicyclo[3.1.0]hexane-6-ylcarbonyl)amino)methyl)-2-oxabicyclo[2.2.1]heptane",,CC(C)(C)C[C@H]1CC1C(=O)N1C[C@@H]2C(C(=O)NC[C@]34CO[C@H](C3)[C@H](O)C4)[C@@H]2C1,
25590,C[C@@H](C(=O)N1CC[C@]2(CCN(C(=O)C#Cc3ccccc3)C2)C1)N1CSCSC1,"(5S)-2-phenylethynylcarbonyl-7-((1S)-1-(1-aza-3,5-dithiacyclohexan-1-yl)-ethylcarbonyl)-2,7-diazaspiro[4.4]nonane",C1(=CC=CC=C1)C#CC(=O)C1NCC[C@]12CN(CC2)C(=O)[C@H](C)N2CSCSC2,CC(C(=O)N1CC[C@]2(CCN(C(=O)C#Cc3ccccc3)C2)C1)N1CSCSC1,CC(C(=O)N1CC[C@@]2(CCNC2C(=O)C#Cc2ccccc2)C1)N1CSCSC1
25630,C[C@@H](CNC(=O)C[C@@H]1C=CCCC1)NC(=O)C[C@@H]1C=CCC1,"(S,R)-1-(4-methyl-2,7-dioxo-8-((1R)-cyclohex-2-en-1-yl)-3,6-diazaoctyl)-cyclopent-2-en",C[C@@H](NC(C[C@H]1C=CCC1)=O)CNC(C[C@@H]1C=CCCC1)=O,C[C@@H](CNC(=O)C[C@@H]1C=CCCC1)NC(=O)C[C@@H]1C=CCC1,C[C@H](CNC(=O)C[C@@H]1C=CCCC1)NC(=O)C[C@H]1C=CCC1
25712,CCC[C@@H](C#N)C(=O)N[C@]1(C)C[C@H](C(=O)N2C[C@H](CO)C(C)(C)C2)C1,"(1S,3R)-1-methyl-1-(((1S)-1-cyano-butylcarbonyl)amino)-3-((4R)-4-hydroxymethyl-3,3-dimethylpyrrolidinocarbonyl)cyclobutane",,CCCC(C#N)C(=O)NC1(C)CC(C(=O)N2C[C@H](CO)C(C)(C)C2)C1,
25716,C[C@H](CC1CC1)C(=O)N[C@@H]1CC=C(C(=O)N[C@H]2C[C@H]3COC[C@H](C3)C2)C1,"(2R)-1-cyclopropyl-2-((((1R)-3-((((1R,5S)-3-oxabicyclo[3.3.1]nonan-7-yl)amino)carbonyl)cyclopent-3-en-1-yl)amino)carbonyl)propane",C1(CC1)C[C@@H](C)C(=O)N[C@H]1CC(=CC1)C(=O)NC1C[C@H]2COC[C@@H](C1)C2,CC(CC1CC1)C(=O)N[C@@H]1CC=C(C(=O)N[C@@H]2C[C@@H]3COC[C@@H](C3)C2)C1,CC(CC1CC1)C(=O)N[C@@H]1CC=C(C(=O)NC2C[C@H]3COC[C@@H](C2)C3)C1
25742,C[C@H]1CC[C@@](C)(C(=O)NC[C@]2(F)C[C@H](Nc3ccc([N+](=O)[O-])cn3)C2)C1,"5-nitro-2-(((1R)-3-fluoro-3-((((1R,3S)-1,3-dimethylcyclopentylcarbonyl)amino)methyl)cyclobutyl)amino)pyridin",,C[C@H]1CC[C@@](C)(C(=O)NC[C@]2(F)C[C@H](Nc3ccc([N+](=O)[O-])cn3)C2)C1,
25750,CCc1cccc([C@@H](NC[C@@H]2C[C@H]3[C@@H](C2)C3(F)F)c2nnnn2CCCF)n1,"(1S,5R,R)-6,6-difluoro-3-((((1-(1-(2-fluoroethyl)-methyl)tetrazol-5-yl)(2-ethyl-6-pyridyl)methyl)amino)methyl)-bicyclo[3.1.0]hexane",,CCc1cccc([C@@H](NC[C@H]2C[C@@H]3[C@H](C2)C3(F)F)c2nnnn2CCCF)n1,
25808,CCc1ccc(C(=O)N2C[C@H]3[C@H](NC(=O)[C@H]4COCCN4CC(F)F)[C@H]3C2)nc1,"(1S,5R)-3-(3-ethyl-6-pyridylcarbonyl)-6-(((3R)-4-(2,2-difluoroethyl)morpholin-3-ylcarbonyl)amino)-3-azabicyclo[3.1.0]hexane",C(C)C=1C=NC(=CC1)C(=O)N1C[C@H]2C([C@H]2C1)NC(=O)[C@@H]1N(CCOC1)CC(F)F,CCc1ccc(C(=O)N2C[C@@H]3[C@H](C2)[C@H]3NC(=O)C2COCCN2CC(F)F)nc1,CCc1ccc(C(=O)N2C[C@@H]3C(NC(=O)C4COCCN4CC(F)F)[C@@H]3C2)nc1
25839,C/C=C/C[C@H](CC)C(=O)N[C@H]1C[C@](F)(CNC(=O)c2ccnc(NC(C)=O)c2)C1,"(3S,5E)-3-((((3R)-3-fluoro-3-(((2-acetamido-4-pyridylcarbonyl)amino)methyl)cyclobutyl)amino)carbonyl)-5-hepten",,C/C=C/CC(CC)C(=O)N[C@H]1C[C@](F)(CNC(=O)c2ccnc(NC(C)=O)c2)C1,
25938,Cc1cc(C(=O)NC[C@@H]2C[C@@H]3CC[C@H](C2)N3C(=O)c2cnc(S)[nH]2)n[nH]1,"(1S,5R)-3-(((3-methyl-2H-pyrazol-5-ylcarbonyl)amino)methyl)-8-(2-sulfanyl-1H-imidazol-5-ylcarbonyl)-8-azabicyclo[3.2.1]octane",CC=1NN=C(C1)C(=O)NCC1C[C@@H]2CC[C@H](C1)N2C(=O)C2=CN=C(N2)S,Cc1cc(C(=O)NC[C@H]2C[C@H]3CC[C@@H](C2)N3C(=O)c2c[nH]c(=S)[nH]2)[nH]n1,Cc1cc(C(=O)NCC2C[C@H]3CC[C@@H](C2)N3C(=O)c2c[nH]c(=S)[nH]2)[nH]n1
25945,COC[C@@](C)(OC)C(=O)N[C@H]1C[C@](F)(CNC(=O)c2cc(C)no2)C1,"(3R)-3-methyl-3-((((3S)-3-fluoro-3-(((3-methylisooxazol-5-ylcarbonyl)amino)methyl)cyclobutyl)amino)carbonyl)-2,5-dioxahexane",,COC[C@@](C)(OC)C(=O)N[C@H]1C[C@](F)(CNC(=O)c2cc(C)no2)C1,
25963,Cc1c(F)cccc1C(=O)N1C[C@H]2[C@H](NC(=O)[C@@H]3CC(=O)N(C)C3)[C@H]2C1,"(1S,5R)-3-(3-fluoro-2-methylbenzoyl)-6-(((4R)-1-methyl-2-oxopyrrolidin-4-ylcarbonyl)amino)-3-azabicyclo[3.1.0]hexane",FC=1C(=C(C(=O)N2C[C@H]3C([C@H]3C2)NC(=O)[C@@H]2CC(N(C2)C)=O)C=CC1)C,Cc1c(F)cccc1C(=O)N1C[C@@H]2[C@H](C1)[C@H]2NC(=O)C1CC(=O)N(C)C1,Cc1c(F)cccc1C(=O)N1C[C@@H]2C(NC(=O)C3CC(=O)N(C)C3)[C@@H]2C1
26051,C[C@]1(NC(=O)CC[C@@H]2CC2(F)F)C[C@@H](NC(=O)[C@@H]2CCC(=O)N2)C1,"1-((((1R,3S)-1-methyl-3-(((5S)-2-oxopyrrolidin-5-ylcarbonyl)amino)cyclobutyl)amino)carbonyl)-2-((1R)-2,2-difluorocyclopropyl)-ethane",,C[C@]1(NC(=O)CC[C@@H]2CC2(F)F)C[C@@H](NC(=O)C2CCC(=O)N2)C1,
26060,CCN(CC(=O)N1CC[C@@H](CCN(C)C)C1)C(=O)[C@H]1Cc2ccccc21,1-((3R)-3-(2-dimethylaminoethyl)pyrrolidinocarbonyl)-2-((2S)-benzocyclobutene-2-ylcarbonyl)-2-azabutane,,CCN(CC(=O)N1CC[C@@H](CCN(C)C)C1)C(=O)C1Cc2ccccc21,
26096,CC(=O)NCCNS(=O)(=O)CCC(=O)NCCNC(=O)CCNC(=O)[C@@H]1C[C@@H]1C,"(cis)-1-methyl-2-(((3,8,11,11,16-pentaoxo-4,7,12,15-tetraaza-11-thiaheptadecyl)amino)carbonyl)cyclopropane",C[C@H]1[C@H](C1)C(=O)NCCC(NCCNC(CCS(NCCNC(C)=O)(=O)=O)=O)=O,CC(=O)NCCNS(=O)(=O)CCC(=O)NCCNC(=O)CCNC(=O)C1C[C@@H]1C,CC(=O)NCCNS(=O)(=O)CCC(=O)NCCNC(=O)CCNC(=O)C1C[C@H]1C
26115,C=C(C)CCCC(=O)N1CCCC[C@H](CCC(=O)N[C@]2(CO)C[C@@H]3CCC[C@H]32)C1,"4-methyl-1-((3R)-3-(3-oxo-4-((1R,5S,6R)-6-hydroxymethyl-bicyclo[3.2.0]heptan-6-yl)-4-azabutyl)azepan-1-ylcarbonyl)-4-penten",CC(CCCC(=O)N1C[C@H](CCCC1)CCC(N[C@]1([C@H]2CCC[C@@H]2C1)CO)=O)=C,C=C(C)CCCC(=O)N1CCCC[C@H](CCC(=O)N[C@]2(CO)C[C@@H]3CCC[C@H]32)C1,C=C(C)CCCC(=O)N1CCCC[C@H](CCC(=O)N[C@]2(CO)C[C@H]3CCC[C@@H]32)C1
26278,O=C(NC[C@H]1[C@@H]2CN(C(=O)C=Cc3cc[nH]c3)C[C@H]12)c1ccc2ncsc2c1,"(1S,5R)-3-(2-(1H-pyrrol-3-yl)-ethen-1-ylcarbonyl)-6-(((7-aza-9-thiabicyclo[4.3.0]nona-1(2),3(4),5(6),7(8)-tetraen-3-ylcarbonyl)amino)methyl)-3-azabicyclo[3.1.0]hexane",N1C=C(C=C1)C=CC(=O)N1C[C@H]2C([C@H]2C1)CNC(=O)C=1C=C2SC=NC2=CC1,O=C(NC[C@@H]1[C@H]2CN(C(=O)C=Cc3cc[nH]c3)C[C@@H]12)c1ccc2ncsc2c1,O=C(NCC1[C@H]2CN(C(=O)C=Cc3cc[nH]c3)C[C@@H]12)c1ccc2ncsc2c1
26294,C=CC[C@H](CC(=O)N1C[C@@H]2[C@@H](CO)[C@@H]2C1)NC(=O)Cn1nnc(C)n1,"(1S,5R,6R)-6-hydroxymethyl-3-((2R)-2-(((5-methyltetrazol-2-yl)methylcarbonyl)amino)-4-penten-1-ylcarbonyl)-3-azabicyclo[3.1.0]hexane",,C=CC[C@H](CC(=O)N1C[C@@H]2[C@@H](CO)[C@@H]2C1)NC(=O)Cn1nnc(C)n1,
26296,Cc1ccncc1C=CC(=O)NC[C@]1(F)C[C@H](NC(=O)CCC(C)C)C1,3-oxo-1-(1-fluoro-3-((3-methyl-butylcarbonyl)amino)cyclobutyl)-5-(4-methyl-3-pyridyl)-2-aza-4-penten,O=C(NCC1(CC(C1)NC(=O)CCC(C)C)F)C=CC=1C=NC=CC1C,Cc1ccncc1C=CC(=O)NC[C@]1(F)C[C@H](NC(=O)CCC(C)C)C1,Cc1ccncc1C=CC(=O)NCC1(F)CC(NC(=O)CCC(C)C)C1
26300,C/C=C/C[C@H](CC)C(=O)N1CC[C@H](OCC(=O)NC[C@H]2CC23CCC3)C1,"(1S)-1-(((((3S)-1-((2S)-(3S,5E)-hept-5-en-3-ylcarbonyl)pyrrolidin-3-yl)oxymethylcarbonyl)amino)methyl)-spiro[2.3]hexane",,C/C=C/CC(CC)C(=O)N1CC[C@H](OCC(=O)NC[C@H]2CC23CCC3)C1,
26309,CO[C@](C)(C(=O)N[C@H]1C[C@@H]2CN(C(=O)CC[C@H]3CCC(=O)NC3)C[C@@H]2C1)C1CC1,"(1S,5R,7S)-3-(2-((5R)-2-oxopiperidin-5-yl)ethylcarbonyl)-7-(((1S)-1-cyclopropyl-1-methyl-2-oxapropylcarbonyl)amino)-3-azabicyclo[3.3.0]octane",,CO[C@](C)(C(=O)N[C@H]1C[C@@H]2CN(C(=O)CC[C@H]3CCC(=O)NC3)C[C@@H]2C1)C1CC1,
26320,CC1(OCC(=O)N[C@H]2C[C@@](F)(CNC(=O)c3ccnnc3)C2)CCCC1,4-((((1-fluoro-3-(((1-methylcyclopentyl)oxymethylcarbonyl)amino)cyclobutyl)methyl)amino)carbonyl)pyridazin,FC1(CC(C1)NC(=O)COC1(CCCC1)C)CNC(=O)C1=CN=NC=C1,CC1(OCC(=O)N[C@H]2C[C@@](F)(CNC(=O)c3ccnnc3)C2)CCCC1,CC1(OCC(=O)NC2CC(F)(CNC(=O)c3ccnnc3)C2)CCCC1
26344,COCc1nc(O)cc(N2C[C@H]3C[C@H](NC(=O)C4(N(C)C)CC4)C[C@H]3C2)n1,"(1S,5R)-3-(4-hydroxy-2-methoxymethylpyrimidin-6-yl)-7-((1-(dimethylamino)cyclopropylcarbonyl)amino)-3-azabicyclo[3.3.0]octane",OC1=NC(=NC(=C1)N1C[C@H]2CC(C[C@H]2C1)NC(=O)C1(CC1)N(C)C)COC,COCc1nc(=O)cc(N2C[C@H]3C[C@H](NC(=O)C4(N(C)C)CC4)C[C@H]3C2)[nH]1,COCc1nc(=O)cc(N2C[C@H]3CC(NC(=O)C4(N(C)C)CC4)C[C@H]3C2)[nH]1
26398,CC1(NC(=O)[C@H](F)C[C@@H]2CCOC2)CN(C(=O)C[C@@H]2CCCC2(F)F)C1,"(R,S)-3-(2-fluoro-3-oxo-4-(3-methyl-1-(((1S)-2,2-difluorocyclopentyl)methylcarbonyl)azetidin-3-yl)-4-azabutyl)oxolan",F[C@@H](C[C@@H]1COCC1)C(NC1(CN(C1)C(=O)C[C@H]1C(CCC1)(F)F)C)=O,CC1(NC(=O)C(F)C[C@@H]2CCOC2)CN(C(=O)C[C@@H]2CCCC2(F)F)C1,CC1(NC(=O)C(F)C[C@H]2CCOC2)CN(C(=O)C[C@@H]2CCCC2(F)F)C1
26441,CO[C@H]1C[C@H]2C[C@@H](NC(=O)[C@@H]3[C@H]4C[C@H]4CN3C(=O)C=C(C)C3CC3)C[C@@H]12,"2-cyclopropyl-1-((1S,4S,5R)-4-((((1R,3R,5R,6S)-6-methoxy-bicyclo[3.2.0]heptan-3-yl)amino)carbonyl)-3-azabicyclo[3.1.0]hexane-3-ylcarbonyl)propen",C1(CC1)C(=CC(=O)N1C[C@H]2C[C@H]2[C@H]1C(=O)N[C@@H]1C[C@@H]2C[C@@H]([C@@H]2C1)OC)C,CO[C@H]1C[C@H]2C[C@@H](NC(=O)C3[C@H]4C[C@H]4CN3C(=O)C=C(C)C3CC3)C[C@H]21,CO[C@H]1C[C@H]2C[C@@H](NC(=O)C3[C@@H]4C[C@@H]4CN3C(=O)C=C(C)C3CC3)C[C@H]21
26452,Cc1n[nH]c(=N[C@@H]2CCN(C(=O)c3ccn(C(F)F)n3)C[C@@H]2C)o1,"2-methyl-5-(((3S,4R)-3-methyl-1-(1-difluoromethylpyrazol-3-ylcarbonyl)piperidin-4-yl)imino)-1,3,4-oxadiazole",CC1OC(N=N1)=N[C@H]1[C@H](CN(CC1)C(=O)C1=NN(C=C1)C(F)F)C,Cc1nnc(N[C@@H]2CCN(C(=O)c3ccn(C(F)F)n3)C[C@@H]2C)o1,CC1N=NC(=N[C@@H]2CCN(C(=O)c3ccn(C(F)F)n3)C[C@@H]2C)O1
26474,CN=c1[nH]cc(C(=O)NCCCN2CCN(C(=O)[C@]3(F)[C@H]4CCCC[C@H]43)CC2)o1,"(1S,6R)-7-fluoro-7-(4-(3-((2-methyliminooxazol-5-ylcarbonyl)amino)propyl)piperazinocarbonyl)norcarane",FC1([C@@H]2CCCC[C@@H]21)C(=O)N2CCN(CC2)CCCNC(=O)C2=CNC(O2)=NC,CNc1ncc(C(=O)NCCCN2CCN(C(=O)[C@@]3(F)[C@@H]4CCCC[C@@H]43)CC2)o1,CNc1ncc(C(=O)NCCCN2CCN(C(=O)C3(F)[C@@H]4CCCC[C@@H]43)CC2)o1
26550,C[C@]1(NC(=O)[C@@H]2CN3CCCC[C@H]3CO2)C[C@H](NC(=O)c2cc(F)ccc2N)C1,"(3S,6S)-3-((((3S)-1-methyl-3-((2-amino-5-fluorobenzoyl)amino)cyclobutyl)amino)carbonyl)-1-aza-4-oxabicyclo[4.4.0]decane",,C[C@]1(NC(=O)C2CN3CCCC[C@H]3CO2)C[C@H](NC(=O)c2cc(F)ccc2N)C1,
26616,Cc1cc(=O)c(C(=O)N2CCC[C@@H](C(=O)N3C[C@H]4[C@H](C)[C@H]4C3)C2)c[nH]1,"(1S,5R,6S)-6-methyl-3-((3R)-1-(2-methyl-4-oxo-1,4-dihydropyridin-5-ylcarbonyl)piperidin-3-ylcarbonyl)-3-azabicyclo[3.1.0]hexane",,Cc1cc(=O)c(C(=O)N2CCCC(C(=O)N3C[C@@H]4[C@@H](C)[C@@H]4C3)C2)c[nH]1,
26665,COCc1ccccc1[C@H](C(=O)N[C@@H]1CCOC1)N1C[C@@H]2[C@@H](CO)[C@@H]2C1,"(1S,5R,6R,R)-6-hydroxymethyl-3-(2-oxo-1-(2-methoxymethylphenyl)-3-((3R)-oxolan-3-yl)-3-azapropyl)-3-azabicyclo[3.1.0]hexane",,COCc1ccccc1C(C(=O)N[C@@H]1CCOC1)N1C[C@@H]2[C@@H](CO)[C@@H]2C1,
26671,CCC[C@@H](CNC(=O)[C@]12CCC[C@H]1CCC2)NC(=O)c1ccc(C#N)[nH]1,(5S)-1-((((2S)-2-((2-cyano-1H-pyrrol-5-ylcarbonyl)amino)-pentyl)amino)carbonyl)-bicyclo[3.3.0]octane,,CCC[C@@H](CNC(=O)[C@]12CCC[C@H]1CCC2)NC(=O)c1ccc(C#N)[nH]1,
26680,Nc1ccc(C(=O)NC[C@]2(F)C[C@H](CNC(=O)c3cc(F)c[nH]3)C2)nc1Cl,1-((3-amino-2-chloro-6-pyridylcarbonyl)amino)-1-(1-fluoro-3-(((3-fluoro-1H-pyrrol-5-ylcarbonyl)amino)methyl)cyclobutyl)-methane,NC=1C(=NC(=CC1)C(=O)NCC1(CC(C1)CNC(=O)C1=CC(=CN1)F)F)Cl,Nc1ccc(C(=O)NC[C@]2(F)C[C@H](CNC(=O)c3cc(F)c[nH]3)C2)nc1Cl,Nc1ccc(C(=O)NCC2(F)CC(CNC(=O)c3cc(F)c[nH]3)C2)nc1Cl
26701,C=CC[C@]1(C(=O)N[C@H]2C[C@@H](C(=O)N3CCC[C@H](NC(C)=O)C3)C2)CCOC1,"1-((3S)-3-((((1R,3R)-3-((3S)-3-acetamidopiperidinocarbonyl)cyclobutyl)amino)carbonyl)oxolan-3-yl)-2-propen",,C=CC[C@]1(C(=O)NC2CC(C(=O)N3CCC[C@H](NC(C)=O)C3)C2)CCOC1,
26712,C[C@H]1CC[C@@H](C)[C@@H]1NC(=O)[C@]1(C)C[C@H](O)CN1C(=O)c1n[nH]c2c1COC2,"4-((2S,4S)-4-hydroxy-2-methyl-2-((((2R,5S)-2,5-dimethylcyclopentyl)amino)carbonyl)pyrrolidinocarbonyl)-2,3-diaza-7-oxabicyclo[3.3.0]octa-1(5),3(4)-diene",O[C@H]1C[C@](N(C1)C(=O)C1=NNC=2COCC12)(C(=O)NC1[C@@H](CC[C@@H]1C)C)C,C[C@@H]1CC[C@H](C)[C@H]1NC(=O)[C@]1(C)C[C@H](O)CN1C(=O)c1[nH]nc2c1COC2,C[C@@H]1CC[C@H](C)C1NC(=O)[C@]1(C)C[C@H](O)CN1C(=O)c1[nH]nc2c1COC2
26727,CCCC=C[C@H](O)C(=O)N1CCCO[C@@H](CN=c2[nH]nc(C(F)F)o2)C1,"2-difluoromethyl-5-((1-((3S)-1-((1S)-1-hydroxy-2-hexen-1-ylcarbonyl)-1-aza-4-oxacycloheptan-3-yl)-methyl)imino)-1,3,4-oxadiazole",FC(C1OC(N=N1)=NC[C@H]1CN(CCCO1)C(=O)[C@H](C=CCCC)O)F,CCC=CCC(O)C(=O)N1CCCO[C@@H](CNc2nnc(C(F)F)o2)C1,CCC=CCC(O)C(=O)N1CCCO[C@@H](CN=C2N=NC(C(F)F)O2)C1
26746,Cc1ccc2c(CC(=O)N3C[C@@H]4C[C@H](N=c5[nH]nc(O)s5)[C@H]4C3)coc2c1,"2-hydroxy-5-(((1R,5R,6S)-3-((6-methylcoumaron-3-yl)methylcarbonyl)-3-azabicyclo[3.2.0]heptan-6-yl)imino)-1,3,4-thiadiazole",OC1SC(N=N1)=N[C@@H]1[C@H]2CN(C[C@@H]2C1)C(=O)CC1=COC2=CC(=CC=C12)C,Cc1ccc2c(CC(=O)N3C[C@@H]4C[C@H](Nc5n[nH]c(=O)s5)[C@H]4C3)coc2c1,Cc1ccc2c(CC(=O)N3C[C@@H]4C[C@H](N=C5N=NC(O)S5)[C@H]4C3)coc2c1
26817,O=C(C1COCCO1)N1C[C@@H]2C[C@H]1CN2C(=O)[C@]1(C(F)(F)F)C[C@@H](O)C1,"(1S,4S)-2-(1,4-dioxan-2-ylcarbonyl)-5-((3R)-3-hydroxy-1-trifluoromethylcyclobutylcarbonyl)-2,5-diazabicyclo[2.2.1]heptane",,O=C(C1COCCO1)N1C[C@@H]2C[C@H]1CN2C(=O)[C@]1(C(F)(F)F)C[C@@H](O)C1,
26835,CC(C)[C@H](C(=O)N1[C@H]2CC[C@@H]1C[C@@H](N(C)C(=O)CCCN=[N+]=[N-])C2)n1cnnc1,"(1S,3S,5R)-3-(N-(3-azidopropylcarbonyl)-N-methylamino)-8-((1R)-2-methyl-1-(1,2,4-triazol-4-yl)-propylcarbonyl)-8-azabicyclo[3.2.1]octane",,CC(C)C(C(=O)N1[C@@H]2CC[C@H]1C[C@H](N(C)C(=O)CCCN=[N+]=[N-])C2)n1cnnc1,
26861,N#C[C@@]1(C(=O)N[C@H]2C[C@](F)(CNC(=O)c3c(Cl)cccc3Cl)C2)CCCO1,"1-oxo-1-(2,6-dichlorophenyl)-3-((1S)-1-fluoro-3-(((2R)-2-cyanooxolan-2-ylcarbonyl)amino)cyclobutyl)-2-azapropane",,N#C[C@@]1(C(=O)N[C@H]2C[C@](F)(CNC(=O)c3c(Cl)cccc3Cl)C2)CCCO1,
26905,CCCCS[C@@H](C)C(=O)N[C@H]1C[C@H](CC(=O)N(CC)C[C@@H](C)OC)C1,"(1R,3S)-1-(((1S)-1-methyl-2-thiahexylcarbonyl)amino)-3-((5R)-3-ethyl-5-methyl-2-oxo-3-aza-6-oxaheptyl)cyclobutane",,CCCCSC(C)C(=O)N[C@H]1C[C@H](CC(=O)N(CC)C[C@@H](C)OC)C1,
26906,Cc1cc(C(=O)N[C@H]2[C@@H]3CN(C(=O)C[C@@H]4CCCCO4)C[C@@H]32)ccc1C#N,"(1S,5R,6R)-3-(((2S)-oxan-2-yl)methylcarbonyl)-6-((4-cyano-3-methylbenzoyl)amino)-3-azabicyclo[3.1.0]hexane",,Cc1cc(C(=O)N[C@H]2[C@@H]3CN(C(=O)C[C@@H]4CCCCO4)C[C@@H]32)ccc1C#N,
26911,CCN1CCCC[C@@H]1C(=O)N[C@@H](C)[C@H]1CCCN1C(=O)COCc1ccccc1,"(S,R)-1-ethyl-2-(((1-((2R)-1-benzyloxymethylcarbonylpyrrolidin-2-yl)-ethyl)amino)carbonyl)piperidin",C(C)N1[C@@H](CCCC1)C(=O)N[C@H](C)[C@@H]1N(CCC1)C(=O)COCC1=CC=CC=C1,CCN1CCCCC1C(=O)N[C@@H](C)[C@H]1CCCN1C(=O)COCc1ccccc1,CCN1CCCCC1C(=O)N[C@H](C)[C@H]1CCCN1C(=O)COCc1ccccc1
27031,Cc1csc(C(=O)N[C@H]2C[C@@](C)(NC(=O)Cc3ccn(C)n3)C2)c1,1-methyl-3-(2-oxo-3-(1-methyl-3-((3-methyl-5-thienylcarbonyl)amino)cyclobutyl)-3-azapropyl)pyrazole,CN1N=C(C=C1)CC(NC1(CC(C1)NC(=O)C1=CC(=CS1)C)C)=O,Cc1csc(C(=O)N[C@H]2C[C@@](C)(NC(=O)Cc3ccn(C)n3)C2)c1,Cc1csc(C(=O)NC2CC(C)(NC(=O)Cc3ccn(C)n3)C2)c1
27114,C=C(Br)CC(=O)N[C@H]1[C@@H]2CN(C(=O)c3occc3COc3ccccc3)C[C@@H]21,"(1S,5R)-3-(3-phenoxymethyl-2-furylcarbonyl)-6-((2-bromo-2-propen-1-ylcarbonyl)amino)-3-azabicyclo[3.1.0]hexane",O(C1=CC=CC=C1)CC1=C(OC=C1)C(=O)N1C[C@H]2C([C@H]2C1)NC(=O)CC(=C)Br,C=C(Br)CC(=O)N[C@H]1[C@@H]2CN(C(=O)c3occc3COc3ccccc3)C[C@@H]21,C=C(Br)CC(=O)NC1[C@H]2CN(C(=O)c3occc3COc3ccccc3)C[C@@H]12
27137,Cc1nn(C)c2c(NC[C@@H](C)N(C)C)nc(=NCc3cc(Br)no3)[nH]c12,"3-bromo-5-((N-(1,3-dimethyl-7-(((2R)-2,3-dimethyl-3-azabutyl)amino)pyrimido[4,5-d]pyrazole-5-ylidene)amino)methyl)isooxazol",,Cc1nn(C)c2c(NC[C@@H](C)N(C)C)nc(NCc3cc(Br)no3)nc12,
27148,CC/C=C/C[C@H](C)C(=O)N1CCC[C@H](CCCCNC(=O)CNC(=O)C2CC2)C1,"1-(((2-oxo-7-((3S)-1-((2S)-(2S,4E)-hept-4-en-2-ylcarbonyl)piperidin-3-yl)-3-azaheptyl)amino)carbonyl)cyclopropan",,CC/C=C/CC(C)C(=O)N1CCC[C@H](CCCCNC(=O)CNC(=O)C2CC2)C1,
27218,N#CCCCCC(=O)NCC[C@H](O)CNC(=O)[C@H]1CCOC2(CCCCC2)C1,(2S)-10-cyano-2-hydroxy-6-oxo-1-(((4S)-tetrahydropyran-2-spirocyclohexane-4-ylcarbonyl)amino)-5-azadecane,,N#CCCCCC(=O)NCC[C@H](O)CNC(=O)C1CCOC2(CCCCC2)C1,
27258,C[C@@H]1CO[C@H](C(=O)NC[C@H]2CCCC[C@@H]2N=c2ccc3c([nH]2)CCC3=O)C1,"7-(((1S,2R)-2-((((3S,5S)-3-methyloxolan-5-ylcarbonyl)amino)methyl)cyclohexyl)imino)-cyclopenta[b]pyridin-3(1H)-one",C[C@@H]1CO[C@@H](C1)C(=O)NC[C@@H]1[C@H](CCCC1)N=C1C=CC2=C1NCC(C2)=O,C[C@@H]1COC(C(=O)NC[C@H]2CCCC[C@@H]2Nc2ccc3c(n2)CCC3=O)C1,C[C@@H]1COC(C(=O)NC[C@H]2CCCC[C@@H]2N=C2CCc3cc(O)cnc32)C1
27265,CCOC(=O)C1(CNC(=O)[C@@H]2[C@@H]3CC[C@H]2CN(C(=O)[C@H](C)CC(C)=O)C3)CC1,"(1S,5R,8R)-3-((2R)-4-oxo-pentan-2-ylcarbonyl)-8-((((1-ethoxycarbonylcyclopropyl)methyl)amino)carbonyl)-3-azabicyclo[3.2.1]octane",,CCOC(=O)C1(CNC(=O)C2[C@@H]3CC[C@H]2CN(C(=O)C(C)CC(C)=O)C3)CC1,
27268,C[C@]1(C(=O)N2[C@H]3CC[C@@H]2C[C@@H](CNC(=O)CCCc2ccsc2)C3)C[C@H](C#N)C1,"(1S,5R)-3-(((3-(3-thienyl)propylcarbonyl)amino)methyl)-8-(3-cyano-1-methylcyclobutylcarbonyl)-8-azabicyclo[3.2.1]octane",S1C=C(C=C1)CCCC(=O)NCC1C[C@@H]2CC[C@H](C1)N2C(=O)C2(CC(C2)C#N)C,C[C@]1(C(=O)N2[C@@H]3CC[C@H]2C[C@H](CNC(=O)CCCc2ccsc2)C3)C[C@H](C#N)C1,CC1(C(=O)N2[C@@H]3CC[C@H]2CC(CNC(=O)CCCc2ccsc2)C3)CC(C#N)C1
27365,C=CCCCNC(=O)[C@H](C(C)C)[C@H](C)NC(=O)C1[C@H](C)[C@H]1C,"(S,R)-2-methyl-4-oxo-3-(1-(((2R,3R)-2,3-dimethylcyclopropylcarbonyl)amino)-ethyl)-5-aza-9-decen",CC(C)[C@H](C(NCCCC=C)=O)[C@@H](C)NC(=O)C1[C@@H]([C@H]1C)C,C=CCCCNC(=O)C(C(C)C)[C@H](C)NC(=O)C1[C@H](C)[C@H]1C,C=CCCCNC(=O)C(C(C)C)[C@@H](C)NC(=O)C1[C@H](C)[C@H]1C
27399,Cc1c(Br)noc1C(=O)NC[C@H]1C[C@@H]1NC(=O)CCCCN1CCOCC1,(trans)-1-(((3-bromo-4-methylisooxazol-5-ylcarbonyl)amino)methyl)-2-((4-(morpholino)butylcarbonyl)amino)cyclopropane,BrC1=NOC(=C1C)C(=O)NC[C@H]1[C@@H](C1)NC(=O)CCCCN1CCOCC1,Cc1c(Br)noc1C(=O)NC[C@H]1C[C@@H]1NC(=O)CCCCN1CCOCC1,Cc1c(Br)noc1C(=O)NC[C@@H]1C[C@H]1NC(=O)CCCCN1CCOCC1
27401,O=C(CCCCc1ccccc1)N1CCC[C@H](N=c2[nH]nc(C3CCCC3)s2)C1,"2-cyclopentyl-5-(((3S)-1-(4-(phenyl)butylcarbonyl)piperidin-3-yl)imino)-1,3,4-thiadiazole",C1(CCCC1)C1SC(N=N1)=N[C@@H]1CN(CCC1)C(=O)CCCCC1=CC=CC=C1,O=C(CCCCc1ccccc1)N1CCC[C@H](Nc2nnc(C3CCCC3)s2)C1,O=C(CCCCc1ccccc1)N1CCC[C@H](N=C2N=NC(C3CCCC3)S2)C1
27426,CC(F)(F)CCC(=O)N1CC2(CC(CC(=O)N[C@@H]3[C@H]4CCCCC[C@H]43)C2)C1,"2-(3,3-difluorobutylcarbonyl)-6-(2-oxo-3-((1R,7S)-bicyclo[5.1.0]octan-8-yl)-3-azapropyl)-2-azaspiro[3.3]heptane",FC(CCC(=O)N1CC2(C1)CC(C2)CC(NC2[C@H]1CCCCC[C@@H]21)=O)(C)F,CC(F)(F)CCC(=O)N1CC2(CC(CC(=O)N[C@H]3[C@@H]4CCCCC[C@@H]43)C2)C1,CC(F)(F)CCC(=O)N1CC2(CC(CC(=O)NC3[C@H]4CCCCC[C@@H]34)C2)C1
27507,O=C(N[C@H]1C[C@@H]2CN(C(=O)[C@@H](O)C3CC3)C[C@@H]2C1)c1cc(C2CC2)on1,"(1S,5R,7R)-3-((1S)-1-cyclopropyl-2-oxaethylcarbonyl)-7-((5-cyclopropylisoxazol-3-ylcarbonyl)amino)-3-azabicyclo[3.3.0]octane",,O=C(N[C@H]1C[C@@H]2CN(C(=O)C(O)C3CC3)C[C@@H]2C1)c1cc(C2CC2)on1,
27568,CCCN(CCC)C(=O)CCC(=O)NC[C@H](CO)NC(=O)[C@@]1(C)C[C@@H]2C[C@@H]2C1,"(2R)-1-hydroxy-5,8-dioxo-9-propyl-2-(((1S,5R)-3-methylbicyclo[3.1.0]hexane-3-ylcarbonyl)amino)-4,9-diazadodecane",OC[C@@H](CNC(CCC(N(CCC)CCC)=O)=O)NC(=O)C1(C[C@@H]2C[C@@H]2C1)C,CCCN(CCC)C(=O)CCC(=O)NC[C@H](CO)NC(=O)[C@]1(C)C[C@H]2C[C@H]2C1,CCCN(CCC)C(=O)CCC(=O)NC[C@H](CO)NC(=O)C1(C)C[C@H]2C[C@H]2C1
27581,C[C@]1(F)C[C@H](C(=O)N[C@@H]2CN(C(=O)c3cnco3)Cc3nccn3C2)C1,"(3S)-3-(((3S)-3-fluoro-3-methylcyclobutylcarbonyl)amino)-5-(oxazol-5-carbonyl)-1,5,8-triazabicyclo[5.3.0]deca-7(8),9(10)-diene",,CC1(F)CC(C(=O)N[C@@H]2CN(C(=O)c3cnco3)Cc3nccn3C2)C1,
27676,COC(=O)COCC(=O)N[C@@H]1CCCCCN(C(=O)C#CC2CCCCC2)C1,"4-oxo-1-((((3R)-1-cyclohexylethynylcarbonyl-1-azacyclooctan-3-yl)amino)carbonyl)-2,5-dioxahexane",,COC(=O)COCC(=O)N[C@@H]1CCCCCN(C(=O)C#CC2CCCCC2)C1,
27706,CC(=CC(=O)NCCCC1(NC(=O)CC#N)CC1)c1ccccc1F,1-cyanoacetamido-1-(3-((2-(2-fluorophenyl)-propen-1-ylcarbonyl)amino)propyl)cyclopropan,,CC(=CC(=O)NCCCC1(NC(=O)CC#N)CC1)c1ccccc1F,
27707,CC(=O)Nc1ncc(C)cc1N[C@@]12C[C@@H]3C[C@@H](C[C@@](O)(C3)C1)C2,"(1S,5R)-3-hydroxy-7-((2-acetamido-5-methyl-3-pyridyl)amino)adamantane",OC12C[C@@H]3CC(C[C@H](C1)C3)(C2)NC=2C(=NC=C(C2)C)NC(C)=O,CC(=O)Nc1ncc(C)cc1N[C@@]12C[C@@H]3C[C@@H](C[C@@](O)(C3)C1)C2,CC(=O)Nc1ncc(C)cc1NC12C[C@@H]3C[C@@H](CC(O)(C3)C1)C2
27745,Cc1c(Cl)cccc1C(=O)N[C@H]1C[C@](F)(CNC(=O)c2n[nH]c(C3CC3)n2)C1,"3-chloro-2-methyl-1-(((3-fluoro-3-(((3-cyclopropyl-2H-1,2,4-triazol-5-ylcarbonyl)amino)methyl)cyclobutyl)amino)carbonyl)benzene",ClC=1C(=C(C=CC1)C(=O)NC1CC(C1)(CNC(=O)C=1N=C(NN1)C1CC1)F)C,Cc1c(Cl)cccc1C(=O)N[C@H]1C[C@](F)(CNC(=O)c2n[nH]c(C3CC3)n2)C1,Cc1c(Cl)cccc1C(=O)NC1CC(F)(CNC(=O)c2n[nH]c(C3CC3)n2)C1
27754,CC=CC(=O)N1CC[C@H](CNC(=O)[C@@H]2Cc3c(Cl)cccc32)C1,1-((3R)-3-((((2R)-4-chlorobenzocyclobutene-2-ylcarbonyl)amino)methyl)pyrrolidinocarbonyl)propen,,CC=CC(=O)N1CC[C@H](CNC(=O)C2Cc3c(Cl)cccc32)C1,
27779,C[C@H]1CO[C@H](CN=c2[nH]c(=NCC(=O)Nc3ccccc3F)c3[nH]ccc3[nH]2)C1,"(2S,4R)-4-methyl-2-((N-(4-((2-oxo-3-(2-fluorophenyl)-3-azapropyl)imino)pyrimido[4,5-d]pyrrole-2-ylidene)amino)methyl)oxolan",C[C@@H]1C[C@H](OC1)CN=C1NC(C=2C(C=CN2)=N1)=NCC(NC1=C(C=CC=C1)F)=O,C[C@H]1CO[C@H](CNc2nc(NCC(=O)Nc3ccccc3F)c3[nH]ccc3n2)C1,C[C@H]1CO[C@H](CNc2nc(N=CC(=O)Nc3ccccc3F)c3[nH]ccc3n2)C1
27791,COC[C@H](C)n1cc(C(=O)N[C@H]2[C@@H]3CN(C(=O)Cc4csc(C)c4)C[C@@H]32)c(C)n1,"(1S,5R)-3-((2-methyl-4-thienyl)methylcarbonyl)-6-((3-methyl-1-((2S)-1-methoxy-propan-2-yl)pyrazol-4-ylcarbonyl)amino)-3-azabicyclo[3.1.0]hexane",CC=1SC=C(C1)CC(=O)N1C[C@H]2C([C@H]2C1)NC(=O)C=1C(=NN(C1)[C@H](COC)C)C,COC[C@H](C)n1cc(C(=O)N[C@H]2[C@@H]3CN(C(=O)Cc4csc(C)c4)C[C@@H]32)c(C)n1,COC[C@H](C)n1cc(C(=O)NC2[C@H]3CN(C(=O)Cc4csc(C)c4)C[C@@H]23)c(C)n1
27799,C[C@H]1c2c[nH]nc2CC[C@H]1C(=O)N1C[C@H]2[C@H](CNC(=O)Cc3cncnc3)[C@H]2C1,"(1S,5R,6R)-3-((2R,3R)-2-methyl-7,8-diazabicyclo[4.3.0]nona-1(9),6(7)-dien-3-ylcarbonyl)-6-((((pyrimidin-5-yl)methylcarbonyl)amino)methyl)-3-azabicyclo[3.1.0]hexane",,C[C@H]1c2c[nH]nc2CCC1C(=O)N1C[C@@H]2[C@@H](CNC(=O)Cc3cncnc3)[C@@H]2C1,
27812,CCCC(C)=CC(=O)N1[C@H]2CC[C@@H]1C[C@@H](NC(=O)CCCCNC(C)=O)C2,"6-oxo-1-((((1R,5S)-8-(2-methyl-penten-1-ylcarbonyl)-8-azabicyclo[3.2.1]octan-3-yl)amino)carbonyl)-5-azaheptane",O=C(NCCCCC(=O)NC1C[C@H]2CC[C@@H](C1)N2C(=O)C=C(CCC)C)C,CCCC(C)=CC(=O)N1[C@@H]2CC[C@H]1C[C@H](NC(=O)CCCCNC(C)=O)C2,CCCC(C)=CC(=O)N1[C@@H]2CC[C@H]1CC(NC(=O)CCCCNC(C)=O)C2
27899,CCc1ncsc1C(=O)N1C[C@H]2[C@H](CC(=O)N3C[C@H]4CC[C@@]4(C)C3)[C@H]2C1,"1-(5-((1S,5R)-6-(1-((1R,5S)-1-methyl-3-azabicyclo[3.2.0]heptan-3-ylcarbonyl)-methyl)-3-azabicyclo[3.1.0]hexane-3-ylcarbonyl)thiazol-4-yl)-ethane",C[C@@]12CN(C[C@H]2CC1)C(=O)CC1[C@H]2CN(C[C@@H]12)C(=O)C1=C(N=CS1)CC,CCc1ncsc1C(=O)N1C[C@@H]2[C@@H](CC(=O)N3C[C@H]4CC[C@@]4(C)C3)[C@@H]2C1,CCc1ncsc1C(=O)N1C[C@@H]2C(CC(=O)N3C[C@H]4CC[C@@]4(C)C3)[C@@H]2C1
27910,COc1ccc(C[C@H](C)C(=O)N[C@@H]2CN(C(=O)[C@H]3C[C@@](C)(O)C3)C[C@@H]2O)cc1F,"(3S,4R)-3-hydroxy-1-((3R)-3-hydroxy-3-methylcyclobutylcarbonyl)-4-(((1S)-1-(3-fluoro-4-methoxybenzyl)-ethylcarbonyl)amino)pyrrolidin",,COc1ccc(CC(C)C(=O)N[C@@H]2CN(C(=O)C3CC(C)(O)C3)C[C@@H]2O)cc1F,
27985,O=C(N[C@H]1C[C@@H]2CN(Cc3cc(Br)ncc3Br)C[C@@H]2C1)c1cscc1Br,"1-((1R,5S)-7-((3-bromo-4-thienylcarbonyl)amino)-3-azabicyclo[3.3.0]octan-3-yl)-1-(2,5-dibromo-4-pyridyl)-methane",BrC1=CSC=C1C(=O)NC1C[C@@H]2CN(C[C@@H]2C1)CC1=CC(=NC=C1Br)Br,O=C(N[C@H]1C[C@@H]2CN(Cc3cc(Br)ncc3Br)C[C@@H]2C1)c1cscc1Br,O=C(NC1C[C@@H]2CN(Cc3cc(Br)ncc3Br)C[C@@H]2C1)c1cscc1Br
28049,C#C[C@]1(O)C[C@@H](C(=O)N[C@H](CCSC)C(=O)N[C@@]2(C)CC2(C)C)C1,"(1R)-1-((((1S)-1,2,2-trimethylcyclopropyl)amino)carbonyl)-1-(((3S)-3-acetenyl-3-hydroxycyclobutylcarbonyl)amino)-4-thiapentane",,C#CC1(O)CC(C(=O)NC(CCSC)C(=O)N[C@@]2(C)CC2(C)C)C1,
28056,Cc1cnc(CC(=O)NC[C@H]2C[C@@](F)(CNC(=O)[C@@H]3CCc4nc[nH]c4C3)C2)o1,"(3R)-3-(((((3R)-1-fluoro-3-((((5-methyloxazol-2-yl)methylcarbonyl)amino)methyl)cyclobutyl)methyl)amino)carbonyl)-7,9-diazabicyclo[4.3.0]nona-1(6),7(8)-diene",,Cc1cnc(CC(=O)NC[C@H]2C[C@@](F)(CNC(=O)C3CCc4[nH]cnc4C3)C2)o1,
28074,N=c1cc(C(=O)N[C@H]2C[C@](F)(CNC(=O)COc3ccccc3Cl)C2)cc[nH]1,2-imino-4-(((3-fluoro-3-(((2-chlorophenoxymethylcarbonyl)amino)methyl)cyclobutyl)amino)carbonyl)-1H-pyridin,N=C1NC=CC(=C1)C(=O)NC1CC(C1)(CNC(=O)COC1=C(C=CC=C1)Cl)F,Nc1cc(C(=O)N[C@H]2C[C@](F)(CNC(=O)COc3ccccc3Cl)C2)ccn1,Nc1cc(C(=O)NC2CC(F)(CNC(=O)COc3ccccc3Cl)C2)ccn1
28078,Cc1nn(C)c2c(NCc3noc4ccccc34)nc(=NC[C@@H]3CCCS3)[nH]c12,"3-((N-(1,3-dimethyl-5-((1-((2S)-thiolan-2-yl)-methyl)imino)pyrimido[4,5-d]pyrazole-7-yl)amino)methyl)-benzo[1,2-d]isoxazol",,Cc1nn(C)c2c(NCc3noc4ccccc34)nc(NC[C@@H]3CCCS3)nc12,
28081,CCOCC(C)(C)C(=O)N1CCC(CNC(=O)[C@@H]2C[C@@H]2Cl)(OC)CC1,(cis)-1-chloro-2-((((4-methoxy-1-(1-ethoxy-2-methyl-propan-2-ylcarbonyl)piperidin-4-yl)methyl)amino)carbonyl)cyclopropane,Cl[C@H]1[C@H](C1)C(=O)NCC1(CCN(CC1)C(=O)C(COCC)(C)C)OC,CCOCC(C)(C)C(=O)N1CCC(CNC(=O)C2C[C@@H]2Cl)(OC)CC1,CCOCC(C)(C)C(=O)N1CCC(CNC(=O)C2C[C@H]2Cl)(OC)CC1
28133,CCC1=NO[C@@H](CNC(=O)[C@]2(NC(=O)c3cc(Cl)no3)C[C@@H](O)C2)C1,(4R)-2-ethyl-4-((((3S)-3-hydroxy-1-((3-chloroisooxazol-5-ylcarbonyl)amino)cyclobutylcarbonyl)amino)methyl)-1-aza-5-oxacyclopent-1-en,,CCC1=NO[C@@H](CNC(=O)[C@]2(NC(=O)c3cc(Cl)no3)C[C@@H](O)C2)C1,
28141,Cc1cc(C(=O)NC[C@H](C)N2CCN(C(=O)[C@H](C)[C@@H]3CCCO3)CC2)ccc1F,"(R,S)-2-(1-(4-((1S)-1-(((4-fluoro-3-methylbenzoyl)amino)methyl)-ethyl)piperazinocarbonyl)-ethyl)oxolan",FC1=C(C=C(C(=O)NC[C@H](C)N2CCN(CC2)C(=O)[C@@H](C)[C@@H]2OCCC2)C=C1)C,Cc1cc(C(=O)NC[C@H](C)N2CCN(C(=O)C(C)[C@@H]3CCCO3)CC2)ccc1F,Cc1cc(C(=O)NC[C@H](C)N2CCN(C(=O)C(C)[C@H]3CCCO3)CC2)ccc1F
28166,Cc1ccc(CN=c2[nH]c(N3CCN(C)C[C@H](C)C3)nc3cc[nH]c23)n1C,"1,2-dimethyl-5-((N-(2-((3S)-3,5-dimethyl-1,5-diazacycloheptan-1-yl)pyrimido[4,5-d]pyrrole-4-ylidene)amino)methyl)-1H-pyrrole",CN1C(=CC=C1CN=C1N=C(N=C2C=CN=C21)N2C[C@H](CN(CC2)C)C)C,Cc1ccc(CNc2nc(N3CCN(C)C[C@H](C)C3)nc3cc[nH]c23)n1C,Cc1ccc(CN=C2N=C(N3CCN(C)C[C@H](C)C3)N=C3C=CN=C32)n1C
28207,Cc1sc(=O)n(CC(=O)N[C@H]2C[C@](F)(CNC(=O)c3nccc(Cl)c3F)C2)c1C,"4,5-dimethyl-3-(2-oxo-3-(3-fluoro-3-(((4-chloro-3-fluoro-2-pyridylcarbonyl)amino)methyl)cyclobutyl)-3-azapropyl)thiazol-2-on",CC=1N(C(SC1C)=O)CC(NC1CC(C1)(CNC(=O)C1=NC=CC(=C1F)Cl)F)=O,Cc1sc(=O)n(CC(=O)N[C@H]2C[C@](F)(CNC(=O)c3nccc(Cl)c3F)C2)c1C,Cc1sc(=O)n(CC(=O)NC2CC(F)(CNC(=O)c3nccc(Cl)c3F)C2)c1C
28232,Cn1nc(C(=O)N[C@H]2C[C@@H]2NC(=O)C2(CNC(=O)OC(C)(C)C)CCC2)cc1F,(trans)-1-((1-bocaminomethylcyclobutylcarbonyl)amino)-2-((5-fluoro-1-methylpyrazol-3-ylcarbonyl)amino)cyclopropane,C(=O)(OC(C)(C)C)NCC1(CCC1)C(=O)N[C@H]1[C@@H](C1)NC(=O)C1=NN(C(=C1)F)C,Cn1nc(C(=O)N[C@H]2C[C@@H]2NC(=O)C2(CNC(=O)OC(C)(C)C)CCC2)cc1F,Cn1nc(C(=O)N[C@@H]2C[C@H]2NC(=O)C2(CNC(=O)OC(C)(C)C)CCC2)cc1F
28257,Cc1cnsc1C(=O)N1CC[C@@H](CNC(=O)[C@H]2CC[C@@](C)(O)CC2)C1,4-methyl-5-((3S)-3-((((4R)-4-hydroxy-4-methylcyclohexylcarbonyl)amino)methyl)pyrrolidinocarbonyl)isothiazol,,Cc1cnsc1C(=O)N1CC[C@@H](CNC(=O)C2CCC(C)(O)CC2)C1,
28287,CN(Cc1ccccc1-c1ccccc1OCc1cccc(F)c1)C[C@H](O)CO,"((3-fluorobenzyl)oxy)-2-(2-((4S)-(N-(2,3-dihydroxypropyl)-N-methylamino)methyl)phenyl)benzene",,CN(Cc1ccccc1-c1ccccc1OCc1cccc(F)c1)C[C@H](O)CO,
28362,CCCOCC(=O)N1[C@H]2CC[C@@H]1C[C@@H](NC(=O)[C@@]1(COC)CCCNS1(=O)=O)C2,"(1S,5R)-8-propoxymethylcarbonyl-3-(((2S)-2-methoxymethyl-1,1-dioxo-6-aza-1-thiacyclohexan-2-ylcarbonyl)amino)-8-azabicyclo[3.2.1]octane",C(CC)OCC(=O)N1[C@@H]2CC(C[C@H]1CC2)NC(=O)[C@@]2(S(NCCC2)(=O)=O)COC,CCCOCC(=O)N1[C@@H]2CC[C@H]1C[C@H](NC(=O)[C@@]1(COC)CCCNS1(=O)=O)C2,CCCOCC(=O)N1[C@@H]2CC[C@H]1CC(NC(=O)[C@@]1(COC)CCCNS1(=O)=O)C2
28384,CCc1nc(C)ncc1C(=O)N1C[C@H]2[C@H](N(C)C(=O)[C@@H]3C[C@@H]3C(F)F)[C@H]2C1,"(1S,5R)-3-(4-ethyl-2-methylpyrimidin-5-ylcarbonyl)-6-(N-((1R,2S)-2-difluoromethylcyclopropylcarbonyl)-N-methylamino)-3-azabicyclo[3.1.0]hexane",C(C)C1=NC(=NC=C1C(=O)N1C[C@H]2C([C@H]2C1)N(C)C(=O)[C@H]1[C@H](C1)C(F)F)C,CCc1nc(C)ncc1C(=O)N1C[C@@H]2[C@H](C1)[C@H]2N(C)C(=O)C1C[C@@H]1C(F)F,CCc1nc(C)ncc1C(=O)N1C[C@@H]2C(N(C)C(=O)C3C[C@@H]3C(F)F)[C@@H]2C1
28575,CC(C)CN(CC(=O)NC[C@@]1(C)C[C@@H]2C[C@@H]2C1)C(=O)C[C@]1(O)CCCOC1,"(1S,5R)-3-methyl-3-((((N-(((3R)-3-hydroxyoxan-3-yl)methylcarbonyl)-N-isobutylamino)methylcarbonyl)amino)methyl)-bicyclo[3.1.0]hexane",CC1(C[C@@H]2C[C@@H]2C1)CNC(=O)CN(CC(C)C)C(=O)C[C@]1(COCCC1)O,CC(C)CN(CC(=O)NC[C@]1(C)C[C@H]2C[C@H]2C1)C(=O)C[C@]1(O)CCCOC1,CC(C)CN(CC(=O)NCC1(C)C[C@H]2C[C@H]2C1)C(=O)C[C@]1(O)CCCOC1
28645,Cc1nc(C(=O)N[C@@H]2CN(C(=O)C[C@@H]3C[C@H]4C[C@H]4C3)C[C@H]2CC2CC2)cs1,"(3R,4S)-3-cyclopropylmethyl-1-(((1S,5R)-bicyclo[3.1.0]hexane-3-yl)methylcarbonyl)-4-((2-methylthiazol-4-ylcarbonyl)amino)pyrrolidin",C1(CC1)C[C@@H]1CN(C[C@H]1NC(=O)C=1N=C(SC1)C)C(=O)CC1C[C@@H]2C[C@@H]2C1,Cc1nc(C(=O)N[C@@H]2CN(C(=O)C[C@H]3C[C@@H]4C[C@@H]4C3)C[C@H]2CC2CC2)cs1,Cc1nc(C(=O)N[C@@H]2CN(C(=O)CC3C[C@@H]4C[C@@H]4C3)C[C@H]2CC2CC2)cs1
28671,CC1(C)C[C@H](CNC(=O)[C@@H]2NC(=O)[C@@H]3C[C@@H]32)CN1C(=O)c1cccnc1S,"1-((4R)-2-methyl-1-(2-sulfanyl-3-pyridylcarbonyl)-4-((((1S,4R,5R)-2-oxo-3-azabicyclo[3.1.0]hexane-4-ylcarbonyl)amino)methyl)pyrrolidin-2-yl)-methane",CC1(N(C[C@H](C1)CNC(=O)[C@@H]1NC([C@H]2C[C@@H]12)=O)C(=O)C=1C(=NC=CC1)S)C,CC1(C)C[C@H](CNC(=O)C2NC(=O)C3C[C@@H]32)CN1C(=O)c1ccc[nH]c1=S,CC1(C)C[C@H](CNC(=O)C2NC(=O)C3C[C@H]32)CN1C(=O)c1ccc[nH]c1=S
28672,CCN(C)CCC(=O)N[C@H]1C[C@H](NC(=O)Cc2sc(SC(F)(F)F)nc2C)C1,1-(((4-methyl-2-trifluoromethylsulfanylthiazol-5-yl)methylcarbonyl)amino)-3-((2-(ethyl(methyl)amino)ethylcarbonyl)amino)cyclobutane,CC=1N=C(SC1CC(=O)NC1CC(C1)NC(=O)CCN(C)CC)SC(F)(F)F,CCN(C)CCC(=O)N[C@H]1C[C@H](NC(=O)Cc2sc(SC(F)(F)F)nc2C)C1,CCN(C)CCC(=O)NC1CC(NC(=O)Cc2sc(SC(F)(F)F)nc2C)C1
28756,Cc1cncc(CC(=O)N[C@H]2[C@@H]3CN(C(=O)c4ccc(-c5ccco5)o4)C[C@@H]32)c1,"(1S,5R)-3-(2-(2-furyl)-5-furylcarbonyl)-6-(((3-methyl-5-pyridyl)methylcarbonyl)amino)-3-azabicyclo[3.1.0]hexane",O1C(=CC=C1)C=1OC(=CC1)C(=O)N1C[C@H]2C([C@H]2C1)NC(=O)CC=1C=C(C=NC1)C,Cc1cncc(CC(=O)N[C@H]2[C@@H]3CN(C(=O)c4ccc(-c5ccco5)o4)C[C@@H]32)c1,Cc1cncc(CC(=O)NC2[C@H]3CN(C(=O)c4ccc(-c5ccco5)o4)C[C@@H]23)c1
28778,C[C@]1(NC(=O)c2cc(Cl)c(F)cc2F)C[C@@H](NC(=O)Cc2cscn2)C1,"4-(2-oxo-3-(3-methyl-3-((5-chloro-2,4-difluorobenzoyl)amino)cyclobutyl)-3-azapropyl)thiazol",O=C(CC=1N=CSC1)NC1CC(C1)(NC(C1=C(C=C(C(=C1)Cl)F)F)=O)C,C[C@]1(NC(=O)c2cc(Cl)c(F)cc2F)C[C@@H](NC(=O)Cc2cscn2)C1,CC1(NC(=O)c2cc(Cl)c(F)cc2F)CC(NC(=O)Cc2cscn2)C1
28787,CCc1c[nH]nc1C(=O)N1C[C@H]2[C@H](NC(=O)c3cnc(C(C)C)o3)[C@H]2C1,"(1S,5R)-3-(4-ethyl-1H-pyrazol-3-ylcarbonyl)-6-((2-isopropyloxazol-5-ylcarbonyl)amino)-3-azabicyclo[3.1.0]hexane",C(C)C=1C(=NNC1)C(=O)N1C[C@H]2C([C@H]2C1)NC(=O)C1=CN=C(O1)C(C)C,CCc1c[nH]nc1C(=O)N1C[C@@H]2[C@H](C1)[C@H]2NC(=O)c1cnc(C(C)C)o1,CCc1c[nH]nc1C(=O)N1C[C@@H]2C(NC(=O)c3cnc(C(C)C)o3)[C@@H]2C1
28814,CN1CCc2cc(C(=O)N3C[C@H]4C[C@H](NC(=O)CC(=O)N(C)C)C[C@H]4C3)sc2C1,"(1S,5R)-3-(3-methyl-3-aza-9-thiabicyclo[4.3.0]nona-1(6),7(8)-dien-8-ylcarbonyl)-7-((3-methyl-2-oxo-3-azabutylcarbonyl)amino)-3-azabicyclo[3.3.0]octane",CN1CC=2SC(=CC2CC1)C(=O)N1C[C@H]2CC(C[C@H]2C1)NC(=O)CC(N(C)C)=O,CN1CCc2cc(C(=O)N3C[C@H]4C[C@H](NC(=O)CC(=O)N(C)C)C[C@H]4C3)sc2C1,CN1CCc2cc(C(=O)N3C[C@H]4CC(NC(=O)CC(=O)N(C)C)C[C@H]4C3)sc2C1
28817,COc1cc(N2[C@H]3CC[C@@H]2C[C@H](NC(=O)c2cnn[nH]2)C3)nc(C(F)(F)F)n1,"(1S,5R)-3-((1H-1,2,3-triazol-5-ylcarbonyl)amino)-8-(4-methoxy-2-trifluoromethylpyrimidin-6-yl)-8-azabicyclo[3.2.1]octane",N1N=NC=C1C(=O)NC1C[C@@H]2CC[C@H](C1)N2C2=CC(=NC(=N2)C(F)(F)F)OC,COc1cc(N2[C@@H]3CC[C@H]2C[C@@H](NC(=O)c2c[nH]nn2)C3)nc(C(F)(F)F)n1,COc1cc(N2[C@@H]3CC[C@H]2CC(NC(=O)c2c[nH]nn2)C3)nc(C(F)(F)F)n1
28836,CC(C)=C(C(=O)N1CC(NC(=O)[C@H]2[C@H]3CC[C@H]4[C@@H](C3)C[C@H]42)C1)c1ccccc1,"(1R,2S,3S,6S,7S)-2-(((1-(2-methyl-1-phenyl-propen-1-ylcarbonyl)azetidin-3-yl)amino)carbonyl)-tricyclo[4.2.0.1^3,7]nonane",CC(=C(C(=O)N1CC(C1)NC(=O)[C@@H]1[C@@H]2C[C@H]3[C@@H]2CC[C@H]1C3)C3=CC=CC=C3)C,CC(C)=C(C(=O)N1CC(NC(=O)C2[C@H]3CC[C@H]4[C@@H](C3)C[C@@H]24)C1)c1ccccc1,CC(C)=C(C(=O)N1CC(NC(=O)[C@H]2[C@H]3CC[C@H]4[C@@H](C3)C[C@H]42)C1)c1ccccc1
28855,CCCCCCCC[C@@H](C)C(=O)N[C@]1(C)C[C@H](NC(=O)c2ccc(O)c(N)n2)C1,(2R)-2-((((3S)-1-methyl-3-((2-amino-3-hydroxy-6-pyridylcarbonyl)amino)cyclobutyl)amino)carbonyl)decane,,CCCCCCCCC(C)C(=O)N[C@]1(C)C[C@H](NC(=O)c2ccc(O)c(N)n2)C1,
28860,O=C(CC[C@H]1CC1(Cl)Cl)NC[C@@H]1C=CCN1C(=O)c1ccc2c(c1)NC(=O)CC2,"7-((2S)-2-(((2-((1S)-2,2-dichlorocyclopropyl)ethylcarbonyl)amino)methyl)-1-azacyclopent-3-ene-1-ylcarbonyl)-1,2,3,4-tetrahydroquinolin-2(1H)-one",,O=C(CC[C@H]1CC1(Cl)Cl)NC[C@@H]1C=CCN1C(=O)c1ccc2c(c1)NC(=O)CC2,
28938,CCOc1ccsc1C(=O)N[C@@H]1[C@@H]2CN(C(=O)Nc3cccc(Br)c3)C[C@@H]21,"(1S,5R)-3-(((3-bromophenyl)amino)carbonyl)-6-((3-ethoxy-2-thienylcarbonyl)amino)-3-azabicyclo[3.1.0]hexane",BrC=1C=C(C=CC1)NC(=O)N1C[C@H]2C([C@H]2C1)NC(=O)C=1SC=CC1OCC,CCOc1ccsc1C(=O)N[C@@H]1[C@@H]2CN(C(=O)Nc3cccc(Br)c3)C[C@@H]21,CCOc1ccsc1C(=O)NC1[C@H]2CN(C(=O)Nc3cccc(Br)c3)C[C@@H]12
28966,CN=c1[nH]c(C(=O)N2C[C@H]3[C@H](CN(C)C(=O)[C@@]4(O)CCCC(C)(C)C4)[C@H]3C2)cs1,"1-((1S,5R)-3-(2-methyliminothiazol-4-ylcarbonyl)-3-azabicyclo[3.1.0]hexane-6-yl)-2-((1R)-1-hydroxy-3,3-dimethylcyclohexylcarbonyl)-2-azapropane",CN=C1SC=C(N1)C(=O)N1C[C@H]2C([C@H]2C1)CN(C)C(=O)[C@@]1(CC(CCC1)(C)C)O,CNc1nc(C(=O)N2C[C@@H]3[C@@H](CN(C)C(=O)[C@@]4(O)CCCC(C)(C)C4)[C@@H]3C2)cs1,CNc1nc(C(=O)N2C[C@@H]3C(CN(C)C(=O)[C@@]4(O)CCCC(C)(C)C4)[C@@H]3C2)cs1
29019,CC[C@@H](CC(=O)N1C[C@@H]2C[C@H](NC(=O)C3(O)CCC3)C[C@@H](C2)C1)C1CCC1,"(2S)-2-cyclobutyl-1-((1R,5S,7R)-7-((1-hydroxycyclobutylcarbonyl)amino)-3-azabicyclo[3.3.1]nonan-3-ylcarbonyl)butane",,CC[C@@H](CC(=O)N1C[C@@H]2C[C@@H](C[C@H](NC(=O)C3(O)CCC3)C2)C1)C1CCC1,
29028,C[C@@H](C(=O)NC[C@H]1C[C@H](CNC(=O)[C@H]2C[C@H]3O[C@@H]2[C@@H]2C[C@H]32)C1)N1C(=O)CCC1=O,"(1R,2R,3S,5R,6S)-3-(((((1S,3S)-3-((((1S)-1-(2,5-dioxopyrrolidino)-ethylcarbonyl)amino)methyl)cyclobutyl)methyl)amino)carbonyl)-8-oxatricyclo[4.1.0.1^2,5]octane",,CC(C(=O)NC[C@H]1C[C@H](CNC(=O)C2C[C@H]3O[C@@H]2[C@@H]2C[C@@H]23)C1)n1c(O)ccc1O,
29078,Cc1ccc(C)c(C(=O)NC[C@H]2C[C@](F)(CNC(=O)[C@@H]3CCC3(C)C)C2)c1,"4-methyl-2-(((((1S)-3-fluoro-3-((((1R)-2,2-dimethylcyclobutylcarbonyl)amino)methyl)cyclobutyl)methyl)amino)carbonyl)toluene",,Cc1ccc(C)c(C(=O)NC[C@H]2C[C@](F)(CNC(=O)C3CCC3(C)C)C2)c1,
29098,CN(C[C@H]1CCCN1C(=O)c1ncoc1-c1cccs1)C(=O)C(=O)N=S(C)(C)=O,4-((2R)-2-((N-(((1-methyl-1-oxo-1-thiaethyl)amino)carbonylcarbonyl)-N-methylamino)methyl)pyrrolidinocarbonyl)-5-(2-thienyl)oxazol,CS(CNC(=O)C(=O)N(C)C[C@@H]1N(CCC1)C(=O)C=1N=COC1C=1SC=CC1)=O,CN(C[C@H]1CCCN1C(=O)c1ncoc1-c1cccs1)C(=O)C(=O)N=S(C)(C)=O,CN(C[C@H]1CCCN1C(=O)c1ncoc1-c1cccs1)C(=O)C(=O)NC[S+](C)[O-]
29132,CN(C[C@@H](O)CNC(=O)c1csc(CC(F)(F)F)n1)C(=O)C=C1CCSCC1,"4-(N-((2S)-2-(((2-(2,2,2-trifluoroethyl)thiazol-4-ylcarbonyl)amino)methyl)-3-oxapropyl)-N-methylcarbamoylmethylidene)thian",,CN(C[C@@H](O)CNC(=O)c1csc(CC(F)(F)F)n1)C(=O)C=C1CCSCC1,
29151,CCC[C@H](C(=O)N1[C@H]2CC[C@@H]1C[C@H](CNC(=O)c1cc(F)n(C)n1)C2)C(C)C,"(1S,3S,5R)-3-(((5-fluoro-1-methylpyrazol-3-ylcarbonyl)amino)methyl)-8-((3S)-2-methyl-hexan-3-ylcarbonyl)-8-azabicyclo[3.2.1]octane",,CCCC(C(=O)N1[C@@H]2CC[C@H]1C[C@@H](CNC(=O)c1cc(F)n(C)n1)C2)C(C)C,
29173,CC(C)[C@@H](O)CC(=O)N1CCC[C@@H]1CNC(=O)[C@@]1(C)C[C@H](C)O[C@H](C)C1,"(2R,6S)-2,4,6-trimethyl-4-(((((2R)-1-((2S)-2-hydroxy-3-methyl-butylcarbonyl)pyrrolidin-2-yl)methyl)amino)carbonyl)oxan",C[C@H]1O[C@H](CC(C1)(C(=O)NC[C@@H]1N(CCC1)C(=O)C[C@@H](C(C)C)O)C)C,CC(C)[C@@H](O)CC(=O)N1CCC[C@@H]1CNC(=O)[C@]1(C)C[C@@H](C)O[C@@H](C)C1,CC(C)[C@@H](O)CC(=O)N1CCC[C@@H]1CNC(=O)C1(C)C[C@@H](C)O[C@@H](C)C1
29176,CSc1nc(C)cc(=NC[C@]2(F)C[C@@H](NC(=O)c3cc(O)nc(C)n3)C2)[nH]1,4-methyl-2-methylsulfanyl-6-((1-(1-fluoro-3-((4-hydroxy-2-methylpyrimidin-6-ylcarbonyl)amino)cyclobutyl)-methyl)imino)-1H-pyrimidin,CC=1N=C(NC(C1)=NCC1(CC(C1)NC(=O)C1=CC(=NC(=N1)C)O)F)SC,CSc1nc(C)cc(NC[C@]2(F)C[C@@H](NC(=O)c3cc(=O)[nH]c(C)n3)C2)n1,CSc1nc(C)cc(NCC2(F)CC(NC(=O)c3cc(=O)[nH]c(C)n3)C2)n1
29184,CCOC(=O)[C@H]1C[C@@H]1C(=O)N1C[C@H]2[C@H](NC(=O)c3ccc(CO)o3)[C@H]2C1,"(1S,5R,6R)-3-((1S,2S)-2-ethoxycarbonylcyclopropylcarbonyl)-6-((2-hydroxymethyl-5-furylcarbonyl)amino)-3-azabicyclo[3.1.0]hexane",,CCOC(=O)C1CC1C(=O)N1C[C@@H]2[C@H](C1)[C@H]2NC(=O)c1ccc(CO)o1,
29185,COC12CCC(C(=O)N(C)C[C@@H]3CCCN(C(=O)c4cnsn4)C3)(CC1)C(=O)C2,"1-methoxy-7-oxo-4-(N-(((3S)-1-(1,2,5-thiadiazol-3-ylcarbonyl)piperidin-3-yl)methyl)-N-methylcarbamoyl)-bicyclo[2.2.2]octane",COC12CCC(CC1)(CC2=O)C(N(C)C[C@H]2CN(CCC2)C(=O)C2=NSN=C2)=O,COC12CCC(C(=O)N(C)C[C@@H]3CCCN(C(=O)c4cnsn4)C3)(CC1)C(=O)C2,COC12CCC(C(=O)N(C)C[C@@H]3CCCN(C(=O)c4cnsn4)C3)(CC1)CC2=O
29246,CO[C@H]1C[C@@H](CC(=O)N[C@H]2C[C@H](CNC(=O)C(C)(C)c3cnn(C)c3)C2)C1,1-((((cis)-3-methoxycyclobutyl)methylcarbonyl)amino)-3-(((1-methyl-1-(1-methylpyrazol-4-yl)-ethylcarbonyl)amino)methyl)cyclobutane,CO[C@H]1C[C@H](C1)CC(=O)NC1CC(C1)CNC(=O)C(C)(C=1C=NN(C1)C)C,CO[C@H]1C[C@@H](CC(=O)N[C@H]2C[C@H](CNC(=O)C(C)(C)c3cnn(C)c3)C2)C1,CO[C@H]1C[C@@H](CC(=O)NC2CC(CNC(=O)C(C)(C)c3cnn(C)c3)C2)C1
29247,C#C[C@]1(O)C[C@@H](C(=O)NC[C@H](CC(=O)N[C@H](CO)c2cnn(C)c2)OC)C1,"(2S,6S)-1-hydroxy-4-oxo-2-(1-methylpyrazol-4-yl)-6-((((3R)-3-acetenyl-3-hydroxycyclobutylcarbonyl)amino)methyl)-3-aza-7-oxaoctane",,C#CC1(O)CC(C(=O)NC[C@H](CC(=O)N[C@H](CO)c2cnn(C)c2)OC)C1,
29270,Cc1cc(=NC(=O)C=C2CCN(C(=O)[C@H](C)c3ccccc3)CC2)[nH]c(Cl)n1,,,Cc1cc(NC(=O)C=C2CCN(C(=O)C(C)c3ccccc3)CC2)nc(Cl)n1,
29279,COC1(CNC(=O)N2[C@H]3CC[C@@H]2C[C@H](O)C3)CC1,"1-((1-((((1R,5S)-3-hydroxy-8-azabicyclo[3.2.1]octan-8-ylcarbonyl)amino)methyl)cyclopropyl)oxy)-methane",OC1C[C@H]2CC[C@@H](C1)N2C(=O)NCC2(CC2)OC,COC1(CNC(=O)N2[C@@H]3CC[C@H]2C[C@@H](O)C3)CC1,COC1(CNC(=O)N2[C@@H]3CC[C@H]2CC(O)C3)CC1
29369,C#CC[C@]1(O)C[C@@H](C(=O)N2C[C@@H](NC(=O)c3ccsc3OCC)C(C)(C)C2)C1,"(4S)-3,3-dimethyl-1-((3R)-3-hydroxy-3-propargylcyclobutylcarbonyl)-4-((2-ethoxy-3-thienylcarbonyl)amino)pyrrolidin",,C#CCC1(O)CC(C(=O)N2C[C@@H](NC(=O)c3ccsc3OCC)C(C)(C)C2)C1,
29407,O=C(NC[C@]1(F)C[C@H](NC(=O)[C@@]2(c3ccccc3)CCOC2)C1)c1cc(O)cs1,((3R)-3-((((3R)-3-fluoro-3-(((3-hydroxy-5-thienylcarbonyl)amino)methyl)cyclobutyl)amino)carbonyl)oxolan-3-yl)benzene,,O=C(NC[C@]1(F)C[C@H](NC(=O)[C@@]2(c3ccccc3)CCOC2)C1)c1cc(O)cs1,
29412,COC[C@@H](C(=O)N[C@H]1[C@@H]2CN(C(=O)c3cccc(N=S(C)(C)=O)c3)C[C@@H]21)N(C)C,"2-oxo-2-((3-((1S,5R)-6-(((1S)-1-(dimethylamino)-3-oxabutylcarbonyl)amino)-3-azabicyclo[3.1.0]hexane-3-ylcarbonyl)phenyl)imino)-2-thiapropane",O=S(C)(C)=NC1=CC(=CC=C1)C(=O)N1C[C@H]2C([C@H]2C1)NC(=O)[C@H](COC)N(C)C,COCC(C(=O)N[C@H]1[C@@H]2CN(C(=O)c3cccc(N=S(C)(C)=O)c3)C[C@@H]21)N(C)C,COCC(C(=O)NC1[C@H]2CN(C(=O)c3cccc(N=S(C)(C)=O)c3)C[C@@H]12)N(C)C
29464,CO[C@@H]1C[C@H]2CC[C@H]1C[C@@H]2C(=O)N1C[C@H]2CN(C(=O)c3ccccc3C)C[C@H]2C1,"(8S,4S,3R,1R)-3-methoxy-8-((1R,5S)-3-(2-methylbenzoyl)-3,7-diazabicyclo[3.3.0]octan-7-ylcarbonyl)-bicyclo[2.2.2]octane",CO[C@@H]1C[C@@H]2CC[C@H]1[C@H](C2)C(=O)N2C[C@H]1CN(C[C@H]1C2)C(C2=C(C=CC=C2)C)=O,CO[C@@H]1C[C@H]2CC[C@H]1CC2C(=O)N1C[C@H]2CN(C(=O)c3ccccc3C)C[C@H]2C1,CO[C@@H]1C[C@@H]2CC[C@H]1C(C(=O)N1C[C@H]3CN(C(=O)c4ccccc4C)C[C@H]3C1)C2
29581,C[C@H](CC(=O)N[C@]1(C)C[C@@H](NC(=O)c2cnc(C3CC3)[nH]2)C1)c1cccnc1,(R)-3-(1-methyl-3-oxo-4-((3R)-1-methyl-3-((2-cyclopropyl-1H-imidazol-5-ylcarbonyl)amino)cyclobutyl)-4-azabutyl)pyridin,,C[C@H](CC(=O)N[C@]1(C)C[C@@H](NC(=O)c2c[nH]c(C3CC3)n2)C1)c1cccnc1,
29584,C=CCCCCCC(=O)N[C@H]1C[C@]2(CCCCN2C(=O)CNC(=O)[C@H]2C[C@H]2C)C1,"(2S)-2-((6-hepten-1-ylcarbonyl)amino)-5-((((1S,2R)-2-methylcyclopropylcarbonyl)amino)methylcarbonyl)-5-azaspiro[3.5]nonane",,C=CCCCCCC(=O)N[C@H]1C[C@]2(CCCCN2C(=O)CNC(=O)C2C[C@H]2C)C1,
29589,O=C(N[C@@H]1CCOC1)[C@H](c1cc(F)cc(F)c1Br)N1CCC[C@](O)(CO)C1,"(S,R)-3-hydroxy-3-hydroxymethyl-1-(2-oxo-1-(2-bromo-3,5-difluorophenyl)-3-((3R)-oxolan-3-yl)-3-azapropyl)piperidin",O[C@@]1(CN(CCC1)[C@@H](C(N[C@H]1COCC1)=O)C1=C(C(=CC(=C1)F)F)Br)CO,O=C(N[C@@H]1CCOC1)C(c1cc(F)cc(F)c1Br)N1CCC[C@](O)(CO)C1,O=C(N[C@@H]1CCOC1)C(c1cc(F)cc(F)c1Br)N1CCC[C@@](O)(CO)C1
29640,CN(C)Cc1c[nH]c(C(=O)NC[C@H]2C[C@@H]3CC[C@H](C2)N3C(=O)CCCN=[N+]=[N-])c1,"(1S,5R)-3-(((3-dimethylaminomethyl-1H-pyrrol-5-ylcarbonyl)amino)methyl)-8-(3-azidopropylcarbonyl)-8-azabicyclo[3.2.1]octane",CN(C)CC1=CNC(=C1)C(=O)NCC1C[C@@H]2CC[C@H](C1)N2C(=O)CCCN=[N+]=[N-],CN(C)Cc1c[nH]c(C(=O)NC[C@@H]2C[C@H]3CC[C@@H](C2)N3C(=O)CCCN=[N+]=[N-])c1,CN(C)Cc1c[nH]c(C(=O)NCC2C[C@H]3CC[C@@H](C2)N3C(=O)CCCN=[N+]=[N-])c1
29700,CCC1(CC)C[C@@H](NC(=O)c2ncccc2N)CN1C(=O)[C@H]1C[C@@](F)(CO)C1,1-((4R)-2-ethyl-1-((3R)-3-fluoro-3-hydroxymethylcyclobutylcarbonyl)-4-((3-amino-2-pyridylcarbonyl)amino)pyrrolidin-2-yl)-ethane,,CCC1(CC)C[C@@H](NC(=O)c2ncccc2N)CN1C(=O)C1CC(F)(CO)C1,
29757,CCN(C[C@H](C)OC)[C@H](C(=O)NC[C@H]1CCOC1)c1sc(Cl)nc1C,"(S,R)-2-chloro-4-methyl-5-(2-ethyl-4-methyl-1-(((((3R)-oxolan-3-yl)methyl)amino)carbonyl)-2-aza-5-oxahexyl)thiazol",ClC=1SC(=C(N1)C)[C@@H](N(C[C@H](OC)C)CC)C(=O)NC[C@@H]1COCC1,CCN(C[C@H](C)OC)C(C(=O)NC[C@H]1CCOC1)c1sc(Cl)nc1C,CCN(C[C@@H](C)OC)C(C(=O)NC[C@H]1CCOC1)c1sc(Cl)nc1C
29761,COC[C@@H](OC)C(=O)N1[C@H]2CC[C@@H]1C[C@@H](NC(=O)c1c(C)cc(C#N)cc1C)C2,"(1S,3S,5R)-3-((4-cyano-2,6-dimethylbenzoyl)amino)-8-((1R)-1-methoxy-3-oxabutylcarbonyl)-8-azabicyclo[3.2.1]octane",,COCC(OC)C(=O)N1[C@@H]2CC[C@H]1C[C@H](NC(=O)c1c(C)cc(C#N)cc1C)C2,
29825,CC(C)[C@@H](C#N)C(=O)N1CC=C(C(=O)NC[C@@H]2[C@H]3CCC[C@H]32)C1,"(S)-1-cyano-2-methyl-1-(3-(((((1S,5R)-bicyclo[3.1.0]hexane-6-yl)methyl)amino)carbonyl)-1-azacyclopent-3-ene-1-ylcarbonyl)propane",C(#N)[C@H](C(C)C)C(=O)N1CC(=CC1)C(=O)NCC1[C@@H]2CCC[C@H]12,CC(C)C(C#N)C(=O)N1CC=C(C(=O)NC[C@H]2[C@@H]3CCC[C@@H]32)C1,CC(C)C(C#N)C(=O)N1CC=C(C(=O)NCC2[C@H]3CCC[C@@H]23)C1
29885,C#C[C@]1(NC(=O)c2cccc(CNC(=O)C=Cc3nccs3)n2)C[C@@H]2CCC[C@H]21,"2-(2-((((2-((((1R,5S,6S)-6-acetenyl-bicyclo[3.2.0]heptan-6-yl)amino)carbonyl)-6-pyridyl)methyl)amino)carbonyl)eth-1-en-1-yl)thiazol",C(#C)[C@]1([C@H]2CCC[C@@H]2C1)NC(=O)C1=NC(=CC=C1)CNC(=O)C=CC=1SC=CN1,C#C[C@]1(NC(=O)c2cccc(CNC(=O)C=Cc3nccs3)n2)C[C@@H]2CCC[C@H]21,C#C[C@]1(NC(=O)c2cccc(CNC(=O)C=Cc3nccs3)n2)C[C@H]2CCC[C@@H]21
29887,CC[C@](Nc1cn[nH]c1)(c1nnnn1-c1ccc(F)cc1)[C@@H]1C[C@H](C)O[C@H](C)C1,"(R)-4-fluoro-1-(5-(1-((1H-pyrazol-4-yl)amino)-1-((2R,6S)-2,6-dimethyloxan-4-yl)-propyl)tetrazol-1-yl)benzene",FC1=CC=C(C=C1)N1N=NN=C1[C@@](CC)(C1C[C@H](O[C@H](C1)C)C)NC=1C=NNC1,CC[C@](Nc1cn[nH]c1)(c1nnnn1-c1ccc(F)cc1)[C@H]1C[C@@H](C)O[C@@H](C)C1,CC[C@](Nc1cn[nH]c1)(c1nnnn1-c1ccc(F)cc1)C1C[C@@H](C)O[C@@H](C)C1
29905,C[C@@H](NC(=O)[C@@H]1CNC(=O)c2ccnn21)[C@@H]1CCCN1C(=O)CCSC(F)(F)F,"(7S)-7-((((1R)-1-((2S)-1-(2-trifluoromethylsulfanylethylcarbonyl)pyrrolidin-2-yl)-ethyl)amino)carbonyl)-4,5,6,7-tetrahydropyrazolo[1,5-a]pyrazin-4(5H)-one",,C[C@@H](NC(=O)C1CNC(=O)c2ccnn21)[C@@H]1CCCN1C(=O)CCSC(F)(F)F,
29910,O=C(C[C@H]1COC(=O)N1)NC[C@H]1C[C@H](NC(=O)[C@@H]2CCCS(=O)(=O)C2)C1,"(4S)-4-(2-oxo-4-((1S,3S)-3-(((3S)-1,1-dioxothian-3-ylcarbonyl)amino)cyclobutyl)-3-azabutyl)-3-aza-1-oxacyclopentan-2-on",,O=C(C[C@H]1COC(=O)N1)NC[C@H]1C[C@H](NC(=O)C2CCCS(=O)(=O)C2)C1,
29936,Cc1cc(-c2nc([C@H]3C[C@@](F)(CO)C3)n(CCOC(C)C)n2)c(C)o1,"1-(2-isopropoxyethyl)-3-(2,5-dimethyl-3-furyl)-5-(3-fluoro-3-hydroxymethylcyclobutyl)-1,2,4-triazol",C(C)(C)OCCN1N=C(N=C1C1CC(C1)(CO)F)C1=C(OC(=C1)C)C,Cc1cc(-c2nc([C@H]3C[C@@](F)(CO)C3)n(CCOC(C)C)n2)c(C)o1,Cc1cc(-c2nc(C3CC(F)(CO)C3)n(CCOC(C)C)n2)c(C)o1
30001,C[C@@H]1CCC[C@H]1CC(=O)NC[C@H]1CC[C@H](C(=O)N(C)C[C@H]2OCCC2(C)C)CC1,"(1R,2S)-1-methyl-2-(2-oxo-4-((1S,4S)-4-(N-(((2S)-3,3-dimethyloxolan-2-yl)methyl)-N-methylcarbamoyl)cyclohexyl)-3-azabutyl)cyclopentane",,C[C@@H]1CCC[C@H]1CC(=O)NCC1CCC(C(=O)N(C)C[C@H]2OCCC2(C)C)CC1,
30023,C=CCC(CC=C)N=c1cc(C)[nH]c(=NC[C@@H]2[C@H]3CCCC[C@H]32)[nH]1,"4-methyl-2-((1-((1S,6R)-norcarane-7-yl)-methyl)imino)-6-((1-(2-propen-1-yl)-3-buten-1-yl)imino)-1H-pyrimidin",CC=1NC(NC(C1)=NC(CC=C)CC=C)=NCC1[C@@H]2CCCC[C@@H]21,C=CCC(CC=C)Nc1cc(C)nc(NC[C@H]2[C@@H]3CCCC[C@@H]32)n1,C=CCC(CC=C)Nc1cc(C)nc(NCC2[C@H]3CCCC[C@@H]23)n1
30052,CC(C)[C@H](C#N)C(=O)N1C[C@H]2C=C[C@H]1[C@H](C(=O)N[C@H]1CN(C)CC[C@@H]1O)C2,"(1S,4R,8R)-2-((1R)-1-cyano-2-methyl-propylcarbonyl)-8-((((3S,4S)-4-hydroxy-1-methylpiperidin-3-yl)amino)carbonyl)-2-azabicyclo[2.2.2]oct-5(6)-ene",C(#N)[C@@H](C(C)C)C(=O)N1[C@@H]2C=C[C@@H](C1)[C@@H](C2)C(=O)N[C@H]2CN(CC[C@@H]2O)C,CC(C)C(C#N)C(=O)N1C[C@H]2C=C[C@H]1C(C(=O)N[C@H]1CN(C)CC[C@@H]1O)C2,CC(C)C(C#N)C(=O)N1C[C@@H]2C=C[C@@H]1CC2C(=O)N[C@H]1CN(C)CC[C@@H]1O
30062,CC(C)OCC(=O)NC[C@H]1C[C@@](F)(CNC(=O)[C@@]23CC[C@@](CF)(C2)OC3)C1,"(1S,4S)-1-fluoromethyl-4-(((((3S)-1-fluoro-3-isopropoxymethylcarbonylaminomethylcyclobutyl)methyl)amino)carbonyl)-2-oxabicyclo[2.2.1]heptane",,CC(C)OCC(=O)NC[C@H]1C[C@@](F)(CNC(=O)[C@@]23CC[C@@](CF)(C2)OC3)C1,
30180,COc1cccc(NC(=O)N[C@H]2C[C@@H]3CC[C@@H]3C2)c1OC,"1-(2-methoxy-3-(((((1R,5S)-bicyclo[3.2.0]heptan-3-yl)amino)carbonyl)amino)phenoxy)-methane",COC1=C(OC)C=CC=C1NC(=O)NC1C[C@H]2CC[C@H]2C1,COc1cccc(NC(=O)N[C@@H]2C[C@H]3CC[C@H]3C2)c1OC,COc1cccc(NC(=O)NC2C[C@H]3CC[C@H]3C2)c1OC
30184,CCC[C@@H](O)C(=O)NC[C@H]1C[C@@H](NC(=O)[C@@H]2CCCO2)C1,"(2S)-2-((((1S,3R)-3-((((1R)-1-hydroxy-butylcarbonyl)amino)methyl)cyclobutyl)amino)carbonyl)oxolan",,CCCC(O)C(=O)NC[C@H]1C[C@@H](NC(=O)C2CCCO2)C1,
30242,C=CC[C@@H](CNC(=O)c1ccc(Cl)o1)NC(=O)[C@]1(C(F)(F)F)C[C@@H]2C[C@@H]2C1,"(2S)-1-((2-chloro-5-furylcarbonyl)amino)-2-(((1S,5R)-3-trifluoromethylbicyclo[3.1.0]hexane-3-ylcarbonyl)amino)-4-penten",ClC=1OC(=CC1)C(=O)NC[C@H](CC=C)NC(=O)C1(C[C@@H]2C[C@@H]2C1)C(F)(F)F,C=CC[C@@H](CNC(=O)c1ccc(Cl)o1)NC(=O)[C@@]1(C(F)(F)F)C[C@H]2C[C@H]2C1,C=CC[C@@H](CNC(=O)c1ccc(Cl)o1)NC(=O)C1(C(F)(F)F)C[C@H]2C[C@H]2C1
30372,CCOCC(C)(C)C(=O)N1C[C@@H](NC(=O)[C@H]2CNC(=O)c3ccnn32)[C@H](SC)C1,"(7R)-7-((((3R,4R)-3-methylsulfanyl-1-(1-ethoxy-2-methyl-propan-2-ylcarbonyl)pyrrolidin-4-yl)amino)carbonyl)-4,5,6,7-tetrahydropyrazolo[1,5-a]pyrazin-4(5H)-one",,CCOCC(C)(C)C(=O)N1C[C@@H](NC(=O)C2CNC(=O)c3ccnn32)[C@H](SC)C1,
30405,O=C(NCCC[C@@H]1CCCN1C(=O)[C@H]1CC[C@H]([N+](=O)[O-])CC1)C(C1CC1)C1CC1,(1S)-1-nitro-4-((2R)-2-(3-(bis((cyclopropyl))methylcarbonylamino)propyl)pyrrolidinocarbonyl)cyclohexane,,O=C(NCCC[C@@H]1CCCN1C(=O)C1CCC([N+](=O)[O-])CC1)C(C1CC1)C1CC1,
30459,C[C@H](C(=O)N[C@]1(C)C[C@H](NC(=O)C(C)(C)CCCc2ccccc2)C1)[C@@H](C)O,"4-methyl-1-phenyl-4-((((1R)-3-methyl-3-(((2S,3R)-3-hydroxy-butan-2-ylcarbonyl)amino)cyclobutyl)amino)carbonyl)pentane",,CC(C(=O)N[C@]1(C)C[C@H](NC(=O)C(C)(C)CCCc2ccccc2)C1)[C@@H](C)O,
30462,C=C(Cl)CCC(=O)N1CCC[C@H](CNC(=O)C[C@@H](C)[C@@H]2CCCO2)CC1,"(R,S)-2-(1-methyl-3-oxo-5-((4S)-1-(3-chloro-3-buten-1-ylcarbonyl)azepan-4-yl)-4-azapentyl)oxolan",C[C@@H](CC(NC[C@@H]1CCN(CCC1)C(=O)CCC(=C)Cl)=O)[C@@H]1OCCC1,C=C(Cl)CCC(=O)N1CCC[C@H](CNC(=O)C[C@@H](C)[C@@H]2CCCO2)CC1,C=C(Cl)CCC(=O)N1CCC[C@H](CNC(=O)C[C@H](C)[C@H]2CCCO2)CC1
30471,Cn1ncc(C(=O)N2C[C@@H]3[C@H](C2)[C@@H]3NC(=O)CSc2ccncc2)c1C(F)(F)F,"(1S,5R)-3-(1-methyl-5-trifluoromethylpyrazol-4-ylcarbonyl)-6-((2-(4-pyridyl)-2-thiaethylcarbonyl)amino)-3-azabicyclo[3.1.0]hexane",CN1N=CC(=C1C(F)(F)F)C(=O)N1C[C@H]2C([C@H]2C1)NC(=O)CSC1=CC=NC=C1,Cn1ncc(C(=O)N2C[C@@H]3[C@H](C2)[C@@H]3NC(=O)CSc2ccncc2)c1C(F)(F)F,Cn1ncc(C(=O)N2C[C@@H]3C(NC(=O)CSc4ccncc4)[C@@H]3C2)c1C(F)(F)F
30475,C[C@H]1CC[C@H](C(=O)N2CCC[C@@]3(C[C@H](NC(=O)c4ncccc4Cl)CO3)C2)CC1,"(1R)-1-methyl-4-((3S,5R)-3-((3-chloro-2-pyridylcarbonyl)amino)-7-aza-1-oxaspiro[4.5]decan-7-ylcarbonyl)cyclohexane",,CC1CCC(C(=O)N2CCC[C@@]3(C[C@H](NC(=O)c4ncccc4Cl)CO3)C2)CC1,
30509,NCc1ccc(-c2ccc3c(c2)N(C(=O)CCc2ccoc2)CC(=O)N3)cn1,"1-(2-(3-furyl)ethylcarbonyl)-7-(2-aminomethyl-5-pyridyl)-1,2,3,4-tetrahydroquinoxaline-3(4H)-one",,NCc1ccc(-c2ccc3c(c2)N(C(=O)CCc2ccoc2)CC(=O)N3)cn1,
30514,CO[C@@H]1CS(=O)(=O)C[C@@H]1Nc1[nH]c(=NCC(=O)N=S(C)(C)=O)nc2c1ncn2C,"(3S,4R)-3-methoxy-4-(N-(9-methyl-2-((4-methyl-2,4-dioxo-3-aza-4-thia3-penten-1-yl)imino)purin-6-yl)amino)-1lambda6-thiolane 1,1-dioxide",,CO[C@@H]1CS(=O)(=O)C[C@@H]1Nc1nc(N=CC(=O)N[SH](C)(C)=O)nc2c1ncn2C,
30557,Cn1cc(C(=O)C(=O)N[C@H]2C[C@@](C)(NC(=O)C3C4(CC4)C34CC4)C2)cn1,"1'-(((1-methyl-3-((1-methylpyrazol-4-ylcarbonylcarbonyl)amino)cyclobutyl)amino)carbonyl)-dispiro[cyclopropan-1,2'-cyclopropan-3',1''-cyclopropan]",CC1(CC(C1)NC(=O)C(=O)C=1C=NN(C1)C)NC(=O)C1C2(CC2)C12CC2,Cn1cc(C(=O)C(=O)N[C@H]2C[C@@](C)(NC(=O)C3C4(CC4)C34CC4)C2)cn1,Cn1cc(C(=O)C(=O)NC2CC(C)(NC(=O)C3C4(CC4)C34CC4)C2)cn1
30604,CCCCC[C@@H]1CC[C@H](C(=O)N[C@H]2C[C@@](C)(NC(=O)C=CCOC)C2)O1,"(2R,5R)-2-pentyl-5-((((3S)-3-methyl-3-((4-oxapenten-1-ylcarbonyl)amino)cyclobutyl)amino)carbonyl)oxolan",,CCCCC[C@@H]1CCC(C(=O)N[C@H]2C[C@@](C)(NC(=O)C=CCOC)C2)O1,
30621,C[C@H](NC(=O)N1CC[C@@H](CNc2ccccn2)C1)[C@@H](C)n1cccn1,"(S,R)-1-(1-methyl-2-(((3S)-3-(((2-pyridyl)amino)methyl)pyrrolidinocarbonyl)amino)-propyl)pyrazole",C[C@@H]([C@@H](C)NC(=O)N1C[C@@H](CC1)CNC1=NC=CC=C1)N1N=CC=C1,C[C@H](NC(=O)N1CC[C@@H](CNc2ccccn2)C1)[C@@H](C)n1cccn1,C[C@@H](NC(=O)N1CC[C@@H](CNc2ccccn2)C1)[C@H](C)n1cccn1
30625,C[C@H](C(=O)N1C[C@H]2CC[C@H]1[C@H](Nc1nc3cccc(F)c3o1)C2)S(N)(=O)=O,"7-fluoro-2-(((1S,4S,8R)-2-((1R)-1-methyl-2,2-dioxo-3-aza-2-thiapropylcarbonyl)-2-azabicyclo[2.2.2]octane-8-yl)amino)benzoxazol",FC1=CC=CC=2N=C(OC21)N[C@@H]2C[C@H]1N(C[C@@H]2CC1)C(=O)[C@H](S(N)(=O)=O)C,CC(C(=O)N1C[C@H]2CC[C@H]1[C@H](Nc1nc3cccc(F)c3o1)C2)S(N)(=O)=O,CC(C(=O)N1C[C@@H]2CC[C@H]1C[C@H]2Nc1nc2cccc(F)c2o1)S(N)(=O)=O
30627,C[C@H](N)[C@@H]1CN(C(=O)Cn2cnc3c2CCNC32CCOCC2)CCO1,"1'-(1-((2S)-2-((1S)-1-amino-ethyl)morpholinocarbonyl)-methyl)-spiro[oxane-4,4'-4,5-dihydro-imidazo[4,5-c]pyridine]",N[C@@H](C)[C@H]1OCCN(C1)C(=O)CN1C=NC=2C3(NC=CC21)CCOCC3,C[C@H](N)[C@@H]1CN(C(=O)Cn2cnc3c2CCNC32CCOCC2)CCO1,C[C@H](N)[C@@H]1CN(C(=O)Cn2cnc3c2C=CNC32CCOCC2)CCO1
30649,C=C=C(C)CC(=O)N[C@H]1C[C@@H](CNC(=O)Cc2cccc([N+](=O)[O-])c2C)C1,"1-(((2-methyl-3-nitrophenylacetyl)amino)methyl)-3-((2-methyl-2,3-butadien-1-ylcarbonyl)amino)cyclobutane",CC1=C(C=CC=C1[N+](=O)[O-])CC(=O)NCC1CC(C1)NC(=O)CC(=C=C)C,C=C=C(C)CC(=O)N[C@H]1C[C@@H](CNC(=O)Cc2cccc([N+](=O)[O-])c2C)C1,C=C=C(C)CC(=O)NC1CC(CNC(=O)Cc2cccc([N+](=O)[O-])c2C)C1
30672,CCN(CCNC(=O)C(C)=C1CC1)C(=O)c1cc(-c2ccccc2)c(C)nc1O,1-((((2-(N-(6-hydroxy-2-methyl-3-phenyl-5-pyridylcarbonyl)-N-ethylamino)ethyl)amino)carbonyl)methylmethylidene)cyclopropan,OC1=C(C=C(C(=N1)C)C1=CC=CC=C1)C(=O)N(CC)CCNC(=O)CC=C1CC1,CCN(CCNC(=O)C(C)=C1CC1)C(=O)c1cc(-c2ccccc2)c(C)[nH]c1=O,CCN(CCNC(=O)CC=C1CC1)C(=O)c1cc(-c2ccccc2)c(C)[nH]c1=O
30686,C[C@]1(NC(=O)[C@@H]2CCc3nc[nH]c3C2)C[C@H](NC(=O)C2(F)CCCCCC2)C1,"(3R)-3-((((3R)-1-methyl-3-((1-fluorocycloheptylcarbonyl)amino)cyclobutyl)amino)carbonyl)-7,9-diazabicyclo[4.3.0]nona-1(6),7(8)-diene",,C[C@]1(NC(=O)C2CCc3[nH]cnc3C2)C[C@H](NC(=O)C2(F)CCCCCC2)C1,
30743,CC1(C(=O)N2CCC3(CCC3)[C@@H](NC(=O)[C@H]3C[C@H]4CCC[C@H](C4)C3)C2)CC1,"(1S,5R,R)-3-(((1'-(1-methylcyclopropylcarbonyl)spiro[cyclobutane-1,4'-piperidin]-3'-yl)amino)carbonyl)-bicyclo[3.3.1]nonane",,CC1(C(=O)N2CCC3(CCC3)[C@@H](NC(=O)C3C[C@H]4CCC[C@@H](C3)C4)C2)CC1,
30770,CC1(C)[C@H](CNC(=O)[C@H]2CCC(=O)N2C2CC2)CCN1C(=O)[C@H]1C[C@](F)(CO)C1,"(2R)-1-cyclopropyl-2-(((((3S)-2,2-dimethyl-1-((3R)-3-fluoro-3-hydroxymethylcyclobutylcarbonyl)pyrrolidin-3-yl)methyl)amino)carbonyl)pyrrolidin-5-on",,CC1(C)[C@H](CNC(=O)C2CCC(=O)N2C2CC2)CCN1C(=O)C1CC(F)(CO)C1,
30787,CCCS(=O)(=O)[C@@H](C)C(=O)N[C@]1(C)C[C@@H](NC(=O)[C@H]2C3C[C@@H]4C2[C@@H]4C3)C1,"(2S,5S,6R)-2-((((1S,3S)-3-methyl-3-(((1S)-1-methyl-2,2-dioxo-2-thiapentylcarbonyl)amino)cyclobutyl)amino)carbonyl)-tricyclo[3.1.0.1^3,6]heptane",,CCCS(=O)(=O)C(C)C(=O)N[C@]1(C)C[C@@H](NC(=O)C2C3C[C@@H]4C2[C@@H]4C3)C1,
30829,CCC(C)(C)C(=O)N1C[C@H]2[C@H](N(C)C(=O)[C@@H]3CC34CCCCCC4)[C@H]2C1,"(1S,5R)-3-(2-methyl-butan-2-ylcarbonyl)-6-(N-((1R)-spiro[2.6]nonan-1-ylcarbonyl)-N-methylamino)-3-azabicyclo[3.1.0]hexane",CC(C)(CC)C(=O)N1C[C@H]2C([C@H]2C1)N(C)C(=O)[C@@H]1CC12CCCCCC2,CCC(C)(C)C(=O)N1C[C@@H]2[C@H](C1)[C@H]2N(C)C(=O)C1CC12CCCCCC2,CCC(C)(C)C(=O)N1C[C@@H]2C(N(C)C(=O)C3CC34CCCCCC4)[C@@H]2C1
30874,C=CCCOCC(=O)N[C@]1(C)C[C@@H](NC(=O)CCc2ccc3c(c2)CCCO3)C1,1-(((1-methyl-3-((2-(chroman-6-yl)ethylcarbonyl)amino)cyclobutyl)amino)carbonyl)-2-oxa-5-hexen,CC1(CC(C1)NC(=O)CCC=1C=C2CCCOC2=CC1)NC(=O)COCCC=C,C=CCCOCC(=O)N[C@]1(C)C[C@@H](NC(=O)CCc2ccc3c(c2)CCCO3)C1,C=CCCOCC(=O)NC1(C)CC(NC(=O)CCc2ccc3c(c2)CCCO3)C1
30884,CSCCCCCN=c1[nH]c(=NCCOc2ccc(F)cc2F)[nH]c2cc[nH]c12,"2,4-difluoro-1-((2-(N-(4-((6-thiaheptyl)imino)pyrimido[4,5-d]pyrrole-2-ylidene)amino)ethyl)oxy)benzene",FC1=C(C=CC(=C1)F)OCCN=C1NC(C=2C(C=CN2)=N1)=NCCCCCSC,CSCCCCCNc1nc(NCCOc2ccc(F)cc2F)nc2cc[nH]c12,CSCCCCCN=C1N=C(NCCOc2ccc(F)cc2F)N=C2C=CN=C21
30906,C[C@@H]1CCC(=CC(=O)N(C)C[C@@H](C)N(C)C(=O)c2cnc3ncc(Cl)cn23)C1,"(1R)-1-methyl-3-(N-((2R)-2-methyl-3-(6-chloroimidazo[1,2-a]pyrimidin-3-ylcarbonyl)-3-azabutyl)-N-methylcarbamoylmethylidene)cyclopentane",,C[C@@H]1CCC(=CC(=O)N(C)C[C@@H](C)N(C)C(=O)c2cnc3ncc(Cl)cn23)C1,
30924,O=C1COC[C@H]2CN(c3ccc(S(=O)(=O)N[C@@H]4C[C@@H]4F)c(Br)c3)CCN12,"1,1-dioxo-1-(2-bromo-4-(4-oxo(9aS)-perhydropyrazino[2,1-c][1,4]oxazine-8-yl)phenyl)-2-((1R,2S)-2-fluorocyclopropyl)-2-aza-1-thiaethane",O=S(N[C@H]1[C@H](C1)F)(C1=C(C=C(C=C1)N1C[C@H]2COCC(N2CC1)=O)Br)=O,O=C1COC[C@H]2CN(c3ccc(S(=O)(=O)N[C@@H]4C[C@@H]4F)c(Br)c3)CCN12,O=C1COC[C@@H]2CN(c3ccc(S(=O)(=O)N[C@@H]4C[C@@H]4F)c(Br)c3)CCN12
30950,Cc1csc(C(=O)N2C[C@H]3CC[C@H]2[C@H](CNC(=O)[C@H]2CC2(F)F)C3)c1Cl,"1-(3-chloro-2-((1S,4S,8S)-8-((((1R)-2,2-difluorocyclopropylcarbonyl)amino)methyl)-2-azabicyclo[2.2.2]octane-2-ylcarbonyl)-4-thienyl)-methane",ClC1=C(SC=C1C)C(=O)N1[C@H]2CC[C@H](C1)[C@H](C2)CNC(=O)[C@@H]2C(C2)(F)F,Cc1csc(C(=O)N2C[C@H]3CC[C@H]2[C@H](CNC(=O)C2CC2(F)F)C3)c1Cl,Cc1csc(C(=O)N2C[C@H]3CC[C@H]2C[C@@H]3CNC(=O)C2CC2(F)F)c1Cl
30951,CC12CC(C(=O)Nc3cc(-c4ccccc4)ccc3Cl)(C1)C1(CCC1)O2,,,CC12CC(C(=O)Nc3cc(-c4ccccc4)ccc3Cl)(C1)C1(CCC1)O2,
30957,Cn1cc(C(=O)NC[C@]2(F)C[C@H](CNC(=O)c3ccncn3)C2)c2ccccc21,1-fluoro-1-(((1-methylindol-3-ylcarbonyl)amino)methyl)-3-(((pyrimidin-4-carbonyl)amino)methyl)cyclobutane,FC1(CC(C1)CNC(=O)C1=NC=NC=C1)CNC(=O)C1=CN(C2=CC=CC=C12)C,Cn1cc(C(=O)NC[C@]2(F)C[C@H](CNC(=O)c3ccncn3)C2)c2ccccc21,Cn1cc(C(=O)NCC2(F)CC(CNC(=O)c3ccncn3)C2)c2ccccc21
31003,C=CCC1(C(=O)N2C[C@H]3[C@H](NC(=O)C4(C(F)(F)F)CCOCC4)[C@H]3C2)COC1,"(1S,5R)-3-(3-(2-propen-1-yl)oxetan-3-ylcarbonyl)-6-((4-trifluoromethyloxan-4-ylcarbonyl)amino)-3-azabicyclo[3.1.0]hexane",C(C=C)C1(COC1)C(=O)N1C[C@H]2C([C@H]2C1)NC(=O)C1(CCOCC1)C(F)(F)F,C=CCC1(C(=O)N2C[C@@H]3[C@H](C2)[C@H]3NC(=O)C2(C(F)(F)F)CCOCC2)COC1,C=CCC1(C(=O)N2C[C@@H]3C(NC(=O)C4(C(F)(F)F)CCOCC4)[C@@H]3C2)COC1
31004,CSCC1(C)CC(NC(=O)N[C@@H](c2ncccn2)C2CCC2)C1,1-(1-methyl-3-((3R)-(((cyclobutyl(pyrimidin-2-yl)methyl)amino)carbonyl)amino)cyclobutyl)-2-thiapropane,,CSCC1(C)CC(NC(=O)N[C@@H](c2ncccn2)C2CCC2)C1,
31011,COC(OC)C(=O)N1CCC[C@@H](C(=O)Nc2ccc3c(c2)C(=O)NC3=O)C1,6-(((3R)-1-(1-methoxy-2-oxapropylcarbonyl)piperidin-3-ylcarbonyl)amino)isoindolin-1-one-3(2H)-one,,COC(OC)C(=O)N1CCCC(C(=O)Nc2ccc3c(c2)C(=O)NC3=O)C1,
31061,CCN(CC)C[C@H](C)N1C[C@H]2[C@@H](C1)[C@@H]2C(=O)NCCCc1nn[nH]n1,"(1S,5R,6S)-3-((2S)-1-(diethylamino)-propan-2-yl)-6-(((3-(2H-tetrazol-5-yl)propyl)amino)carbonyl)-3-azabicyclo[3.1.0]hexane",,CCN(CC)C[C@H](C)N1C[C@@H]2C(C(=O)NCCCc3nn[nH]n3)[C@@H]2C1,
31082,CC(C)(C)c1ncc(C(=O)N[C@H]2[C@@H]3CN(C(=O)[C@@](C)(O)C(F)(F)F)C[C@@H]32)o1,"(1S,5R,6S)-3-((1R)-1-hydroxy-1-trifluoromethyl-ethylcarbonyl)-6-((2-t-butyloxazol-5-ylcarbonyl)amino)-3-azabicyclo[3.1.0]hexane",,CC(C)(C)c1ncc(C(=O)N[C@H]2[C@@H]3CN(C(=O)[C@@](C)(O)C(F)(F)F)C[C@@H]32)o1,
31103,C=C(C)CCCC(=O)NC[C@H]1C[C@@](F)(CNC(=O)c2ccc(Br)c(O)n2)C1,1-fluoro-1-(((3-bromo-2-hydroxy-6-pyridylcarbonyl)amino)methyl)-3-(((4-methyl-4-penten-1-ylcarbonyl)amino)methyl)cyclobutane,FC1(CC(C1)CNC(=O)CCCC(=C)C)CNC(=O)C1=CC=C(C(=N1)O)Br,C=C(C)CCCC(=O)NC[C@H]1C[C@@](F)(CNC(=O)c2ccc(Br)c(=O)[nH]2)C1,C=C(C)CCCC(=O)NCC1CC(F)(CNC(=O)c2ccc(Br)c(=O)[nH]2)C1
31104,CCC[C@H]1C[C@@H]1C(=O)Nc1cccc(NC(=O)COCCOCC)c1,(trans)-1-propyl-2-(((3-((2-ethoxyethoxymethylcarbonyl)amino)phenyl)amino)carbonyl)cyclopropane,C(CC)[C@H]1[C@@H](C1)C(=O)NC1=CC(=CC=C1)NC(=O)COCCOCC,CCC[C@H]1CC1C(=O)Nc1cccc(NC(=O)COCCOCC)c1,CCC[C@@H]1CC1C(=O)Nc1cccc(NC(=O)COCCOCC)c1
31148,Cc1nc(SCCC(=O)NC[C@H]2CCN(C(=O)[C@H]3CC[C@@](C)(O)CC3)C2)n[nH]1,"(3R)-1-((4S)-4-hydroxy-4-methylcyclohexylcarbonyl)-3-(((2-(3-methyl-2H-1,2,4-triazol-5-ylsulfanyl)ethylcarbonyl)amino)methyl)pyrrolidin",,Cc1n[nH]c(SCCC(=O)NC[C@H]2CCN(C(=O)C3CCC(C)(O)CC3)C2)n1,
31225,O=C(CC1C2CC3CC(C2)CC1C3)NC[C@H]1[C@@H]2CN(C[C@@H]3CCCCO3)C[C@H]12,"10-(2-oxo-4-((1S,5R,6S)-3-(((2S)-oxan-2-yl)methyl)-3-azabicyclo[3.1.0]hexane-6-yl)-3-azabutyl)adamantane",,O=C(CC1C2CC3CC(C2)CC1C3)NC[C@@H]1[C@H]2CN(C[C@@H]3CCCCO3)C[C@@H]12,
31247,CSCCc1nc(C)cc(=NCC=C2CCSCC2)[nH]1,,,CSCCc1nc(C)cc(NCC=C2CCSCC2)n1,
31264,COc1ccc2cc(C(=O)N[C@]3(C)C[C@@H](NC(=O)[C@H]4C[C@@H]5CC[C@@H]5C4)C3)[nH]c2n1,"6-methoxy-2-(((1-methyl-3-(((1R,5S)-bicyclo[3.2.0]heptan-3-ylcarbonyl)amino)cyclobutyl)amino)carbonyl)-1H-pyrido[2,3-b]pyrrole",COC=1C=CC2=C(NC(=C2)C(=O)NC2(CC(C2)NC(=O)C2C[C@H]3CC[C@H]3C2)C)N1,COc1ccc2cc(C(=O)N[C@]3(C)C[C@@H](NC(=O)C4C[C@H]5CC[C@H]5C4)C3)[nH]c2n1,COc1ccc2cc(C(=O)NC3(C)CC(NC(=O)C4C[C@H]5CC[C@H]5C4)C3)[nH]c2n1
31282,CCc1ncccc1C(=O)N[C@H]1C[C@@](C)(NC(=O)C=Cc2nc(C)cs2)C1,4-methyl-2-(2-(((1-methyl-3-((2-ethyl-3-pyridylcarbonyl)amino)cyclobutyl)amino)carbonyl)eth-1-en-1-yl)thiazol,CC=1N=C(SC1)C=CC(=O)NC1(CC(C1)NC(=O)C=1C(=NC=CC1)CC)C,CCc1ncccc1C(=O)N[C@H]1C[C@@](C)(NC(=O)C=Cc2nc(C)cs2)C1,CCc1ncccc1C(=O)NC1CC(C)(NC(=O)C=Cc2nc(C)cs2)C1
31312,CC(C)(C)OC(=O)N[C@H](C(=O)NS(=O)(=O)N1CCCCCCC1)[C@H]1C[C@@H]2C[C@@H]2C1,"(1S,5R)-3-((1S)-5,5-dimethyl-3-oxo-1-(((1-azacyclooctan-1-ylsulfonyl)amino)carbonyl)-2-aza-4-oxahexyl)-bicyclo[3.1.0]hexane",CC(OC(N[C@H](C(=O)NS(=O)(=O)N1CCCCCCC1)C1C[C@@H]2C[C@@H]2C1)=O)(C)C,CC(C)(C)OC(=O)NC(C(=O)NS(=O)(=O)N1CCCCCCC1)[C@H]1C[C@@H]2C[C@@H]2C1,CC(C)(C)OC(=O)NC(C(=O)NS(=O)(=O)N1CCCCCCC1)C1C[C@@H]2C[C@@H]2C1
31340,O=C([C@@H]1CCCn2cnnc21)N1C[C@H]2[C@H](N=c3[nH]c4c(F)cc(Cl)cc4s3)[C@H]2C1,"(1S,5R,6S)-3-((5R)-1,7,8-triazabicyclo[4.3.0]nona-6(7),8(9)-dien-5-ylcarbonyl)-6-(N-(4-chloro-2-fluoro-9-aza-7-thiabicyclo[4.3.0]nona-1(2),3(4),5(6)-trien-8-ylidene)amino)-3-azabicyclo[3.1.0]hexane",,O=C(C1CCCn2cnnc21)N1C[C@@H]2[C@H](C1)[C@H]2Nc1nc2c(F)cc(Cl)cc2s1,
31366,Cc1ccnc(C(=O)N2CC[C@H](NC(=O)Cc3ccc4c(c3)CC4)C23CC3)c1N,(7S)-4-(3-amino-4-methyl-2-pyridylcarbonyl)-7-(((benzocyclobutene-6-yl)methylcarbonyl)amino)-4-azaspiro[2.4]heptane,NC=1C(=NC=CC1C)C(=O)N1C2(CC2)[C@H](CC1)NC(=O)CC1=CC=CC2=C1C=C2,Cc1ccnc(C(=O)N2CC[C@H](NC(=O)Cc3ccc4c(c3)CC4)C23CC3)c1N,Cc1ccnc(C(=O)N2CC[C@H](NC(=O)Cc3cccc4c3C=C4)C23CC3)c1N
31397,C[C@H]1CC=CC[C@@H]1C(=O)N[C@]1(C(=O)Nc2ccccc2N=[N+]=[N-])C[C@H](O)C1,"2-azido-1-(((3R)-3-hydroxy-1-(((1S,2S)-2-methylcyclohex-4-en-1-ylcarbonyl)amino)cyclobutylcarbonyl)amino)benzene",,C[C@H]1CC=CCC1C(=O)N[C@]1(C(=O)Nc2ccccc2N=[N+]=[N-])C[C@H](O)C1,
31427,CC=C(C=CC(=O)N1CCC2(CCC2)[C@H](NC(=O)[C@H]2C[C@@H]3C[C@@H]3C2)C1)CC,"(1S,5R,S)-3-(((1'-(3-ethyl-1,3-pentadien-1-ylcarbonyl)spiro[cyclobutane-1,4'-piperidin]-3'-yl)amino)carbonyl)-bicyclo[3.1.0]hexane",,CC=C(C=CC(=O)N1CCC2(CCC2)[C@H](NC(=O)C2C[C@@H]3C[C@@H]3C2)C1)CC,
31486,Cc1cnc(C)c(C(=O)NC[C@H]2[C@@H]3CN(C(=O)CN4CC[C@H]4C)C[C@H]23)c1,"(1S,5R,6R)-3-(((2R)-2-methylazetidin-1-yl)methylcarbonyl)-6-(((2,5-dimethyl-3-pyridylcarbonyl)amino)methyl)-3-azabicyclo[3.1.0]hexane",,Cc1cnc(C)c(C(=O)NC[C@@H]2[C@H]3CN(C(=O)CN4CC[C@H]4C)C[C@@H]23)c1,
31519,COCC(F)(F)C(=O)NC[C@H]1C[C@@H]2CC[C@H](C1)N2C(=O)CN1CC[C@](C)(O)C1,"(1S,3R,5R)-3-((((2-oxapropyl)difluoromethylcarbonyl)amino)methyl)-8-(((3S)-3-hydroxy-3-methylpyrrolidino)methylcarbonyl)-8-azabicyclo[3.2.1]octane",,COCC(F)(F)C(=O)NC[C@@H]1C[C@H]2CC[C@@H](C1)N2C(=O)CN1CC[C@](C)(O)C1,
31521,CC(C)COCC(=O)NC[C@]1(F)C[C@H](NC(=O)[C@@H](C)n2cc(Br)cn2)C1,7-methyl-3-oxo-1-((1R)-1-fluoro-3-(((1R)-1-(4-bromopyrazol-1-yl)-ethylcarbonyl)amino)cyclobutyl)-2-aza-5-oxaoctane,,CC(C)COCC(=O)NC[C@]1(F)C[C@H](NC(=O)C(C)n2cc(Br)cn2)C1,
31532,CC(C)(NC(=O)[C@H]1Cc2ccccc21)C1CCN(C(=O)CCCC#N)CC1,1-cyano-3-(4-(1-methyl-1-(((2S)-benzocyclobutene-2-ylcarbonyl)amino)-ethyl)piperidinocarbonyl)propane,,CC(C)(NC(=O)C1Cc2ccccc21)C1CCN(C(=O)CCCC#N)CC1,
31557,Cc1ccc([C@@H]2C[C@H]2C(=O)NC[C@]2(F)C[C@H](CNC(=O)C3=CCCC3)C2)cc1,"4-((1R,2R)-2-(((((3R)-1-fluoro-3-(((cyclopent-1-en-1-ylcarbonyl)amino)methyl)cyclobutyl)methyl)amino)carbonyl)cyclopropyl)toluene",,Cc1ccc([C@@H]2CC2C(=O)NC[C@]2(F)C[C@H](CNC(=O)C3=CCCC3)C2)cc1,
31562,CO[C@@H](C(=O)NC1(C(=O)NOC[C@H](O)CO)CCCC1)C(C)(C)C,"(3R)-2,2-dimethyl-3-(((1-((((1R)-(2,3-dihydroxypropyl)oxy)amino)carbonyl)cyclopentyl)amino)carbonyl)-4-oxapentane",,COC(C(=O)NC1(C(=O)NOC[C@H](O)CO)CCCC1)C(C)(C)C,
31599,COC1CC(CCC(=O)N2C[C@H]3C[C@H](NC(=O)[C@H]4CCCNS4(=O)=O)C[C@H]3C2)C1,"(1S,5R)-3-(2-(3-methoxycyclobutyl)ethylcarbonyl)-7-(((2R)-1,1-dioxo-6-aza-1-thiacyclohexan-2-ylcarbonyl)amino)-3-azabicyclo[3.3.0]octane",COC1CC(C1)CCC(=O)N1C[C@H]2CC(C[C@H]2C1)NC(=O)[C@@H]1S(NCCC1)(=O)=O,COC1CC(CCC(=O)N2C[C@H]3C[C@H](NC(=O)C4CCCNS4(=O)=O)C[C@H]3C2)C1,COC1CC(CCC(=O)N2C[C@H]3CC(NC(=O)C4CCCNS4(=O)=O)C[C@H]3C2)C1
31607,CN(C)C(=O)C(C)(C)C(=O)NCCc1cc(C(=O)NC[C@]2(F)C[C@H](CO)C2)no1,1-fluoro-3-hydroxymethyl-1-(((5-(2-((2-methyl-1-oxo-1-(dimethylamino)-propan-2-ylcarbonyl)amino)ethyl)isooxazol-3-ylcarbonyl)amino)methyl)cyclobutane,FC1(CC(C1)CO)CNC(=O)C1=NOC(=C1)CCNC(=O)C(C(N(C)C)=O)(C)C,CN(C)C(=O)C(C)(C)C(=O)NCCc1cc(C(=O)NC[C@]2(F)C[C@H](CO)C2)no1,CN(C)C(=O)C(C)(C)C(=O)NCCc1cc(C(=O)NCC2(F)CC(CO)C2)no1
31616,CSCCNC(=O)[C@@H]([C@@H]1[C@H]2CCC[C@H]21)N1CCC(Cc2cnn[nH]2)CC1,"(1S,5R)-6-((1R)-2-oxo-1-(4-((1H-1,2,3-triazol-5-yl)methyl)piperidino)-3-aza-6-thiaheptyl)-bicyclo[3.1.0]hexane",O=C([C@H](N1CCC(CC1)CC1=CN=NN1)C1[C@@H]2CCC[C@H]12)NCCSC,CSCCNC(=O)C([C@H]1[C@@H]2CCC[C@@H]21)N1CCC(Cc2c[nH]nn2)CC1,CSCCNC(=O)C(C1[C@H]2CCC[C@@H]12)N1CCC(Cc2c[nH]nn2)CC1
31683,COCC(C)(C)CC(=O)NC[C@H]1C[C@@](F)(CNC(=O)CCCn2cncn2)C1,"1-fluoro-1-(((3-(1,2,4-triazol-1-yl)propylcarbonyl)amino)methyl)-3-(((2,2-dimethyl-4-oxapentylcarbonyl)amino)methyl)cyclobutane",FC1(CC(C1)CNC(=O)CC(COC)(C)C)CNC(=O)CCCN1N=CN=C1,COCC(C)(C)CC(=O)NC[C@H]1C[C@@](F)(CNC(=O)CCCn2cncn2)C1,COCC(C)(C)CC(=O)NCC1CC(F)(CNC(=O)CCCn2cncn2)C1
31687,CC[C@@H](C)c1nc(-c2ccc3c(c2)CC3)n(CCc2cc(Cl)sc2Cl)n1,"(2R)-2-(1-(2-(2,5-dichloro-3-thienyl)ethyl)-5-(benzocyclobutene-6-yl)-1,2,4-triazol-3-yl)butane",ClC=1SC(=CC1CCN1N=C(N=C1C1=CC=CC2=C1C=C2)[C@H](C)CC)Cl,CC[C@@H](C)c1nc(-c2ccc3c(c2)CC3)n(CCc2cc(Cl)sc2Cl)n1,CC[C@@H](C)c1nc(-c2cccc3c2C=C3)n(CCc2cc(Cl)sc2Cl)n1
31724,CO[C@H]1C[C@@H]2CC[C@H](C1)N2S(=O)(=O)c1cccc(N2CCC(P(C)(C)=O)CC2)n1,"bis(methyl)(1-(2-((1R,5S)-3-methoxy-8-azabicyclo[3.2.1]octan-8-ylsulfonyl)-6-pyridyl)piperidin-4-yl)phosphine oxide",CP(C1CCN(CC1)C1=CC=CC(=N1)S(=O)(=O)N1[C@H]2CC(C[C@@H]1CC2)OC)(C)=O,CO[C@@H]1C[C@H]2CC[C@@H](C1)N2S(=O)(=O)c1cccc(N2CCC(P(C)(C)=O)CC2)n1,COC1C[C@H]2CC[C@@H](C1)N2S(=O)(=O)c1cccc(N2CCC(P(C)(C)=O)CC2)n1
31769,N=c1nc(N2CC[C@H](c3cnc(Cl)s3)C2)c2nc[nH]c2[nH]1,2-chloro-5-((3S)-1-(2-iminopurin-6-yl)pyrrolidin-3-yl)thiazol,ClC=1SC(=CN1)[C@@H]1CN(CC1)C=1C2=NC=NC2=NC(N1)=N,Nc1nc(N2CC[C@H](c3cnc(Cl)s3)C2)c2[nH]cnc2n1,N=C1N=C2N=CN=C2C(N2CC[C@H](c3cnc(Cl)s3)C2)=N1
31792,CO[C@H](C)CCC(=O)NC[C@]1(O)C[C@@H]2CC[C@H](C1)N2C(=O)[C@H]1C[C@@](C)(O)C1,"(1S,5R)-3-hydroxy-3-((((3R)-3-methyl-4-oxapentylcarbonyl)amino)methyl)-8-((3S)-3-hydroxy-3-methylcyclobutylcarbonyl)-8-azabicyclo[3.2.1]octane",,CO[C@H](C)CCC(=O)NC[C@@]1(O)C[C@H]2CC[C@@H](C1)N2C(=O)C1CC(C)(O)C1,
31856,C[C@H](NC(=O)[C@@]1(C)CCCOC1)[C@@H]1CCN(c2nc(Cl)ncc2Br)C1,"(S,R)-1-(5-bromo-2-chloropyrimidin-4-yl)-3-(1-(((3S)-3-methyloxan-3-ylcarbonyl)amino)-ethyl)pyrrolidin",BrC=1C(=NC(=NC1)Cl)N1C[C@H](CC1)[C@@H](C)NC(=O)[C@@]1(COCCC1)C,C[C@H](NC(=O)[C@@]1(C)CCCOC1)[C@@H]1CCN(c2nc(Cl)ncc2Br)C1,C[C@@H](NC(=O)[C@@]1(C)CCCOC1)[C@H]1CCN(c2nc(Cl)ncc2Br)C1
31884,C[C@H]1CC[C@@H]1C(=O)NCC1(O)CCN(C(=O)CC2CCC=CCC2)CC1,(trans)-1-methyl-2-((((4-hydroxy-1-((cyclohept-4-en-1-yl)methylcarbonyl)piperidin-4-yl)methyl)amino)carbonyl)cyclobutane,C[C@H]1[C@@H](CC1)C(=O)NCC1(CCN(CC1)C(=O)CC1CCC=CCC1)O,C[C@H]1CCC1C(=O)NCC1(O)CCN(C(=O)CC2CCC=CCC2)CC1,C[C@@H]1CCC1C(=O)NCC1(O)CCN(C(=O)CC2CCC=CCC2)CC1
31948,CC[C@H](C)[C@@H](OC)C(=O)N[C@H]1[C@@H]2CN(c3nccc(OC4CCOCC4)n3)C[C@@H]21,"(1S,5R)-3-(4-((oxan-4-yl)oxy)pyrimidin-2-yl)-6-(((2S,1R)-1-methoxy-2-methyl-butylcarbonyl)amino)-3-azabicyclo[3.1.0]hexane",O1CCC(CC1)OC1=NC(=NC=C1)N1C[C@H]2C([C@H]2C1)NC(=O)[C@@H]([C@H](CC)C)OC,CC[C@H](C)C(OC)C(=O)N[C@H]1[C@@H]2CN(c3nccc(OC4CCOCC4)n3)C[C@@H]21,CC[C@H](C)C(OC)C(=O)NC1[C@H]2CN(c3nccc(OC4CCOCC4)n3)C[C@@H]12
31994,CC[C@H](C)/C=C/C(=O)N1CCCN(C(=O)c2cnn(C)c2)[C@@H](C(C)C)C1,"1-methyl-4-((2S)-2-isopropyl-4-((4S)-(1E,3S)-3-methyl-pent-1-en-1-ylcarbonyl)-1,4-diazacycloheptan-1-ylcarbonyl)pyrazole",,CC[C@H](C)/C=C/C(=O)N1CCCN(C(=O)c2cnn(C)c2)[C@@H](C(C)C)C1,
32009,CC[C@@H](CC(C)C)C(=O)N[C@H]1CC[C@H](NC(=O)C2=C[C@@]3(CCOC3)C2)CC1,"(4S)-2-((((1S,4S)-4-(((3S)-5-methyl-hexan-3-ylcarbonyl)amino)cyclohexyl)amino)carbonyl)-6-oxaspiro[3.4]oct-1(2)-ene",,CCC(CC(C)C)C(=O)N[C@H]1CC[C@H](NC(=O)C2=C[C@@]3(CCOC3)C2)CC1,
32032,CCCCCCCC(=O)N[C@@H]1C[C@H]2CC[C@H]1CN2C(=O)[C@](C)(O)C1CC1,"1-((((1R,4S,7R)-2-((1R)-1-cyclopropyl-1-hydroxy-ethylcarbonyl)-2-azabicyclo[2.2.2]octane-7-yl)amino)carbonyl)heptane",C1(CC1)[C@](C)(C(=O)N1[C@@H]2CC[C@H](C1)C[C@H]2NC(=O)CCCCCCC)O,CCCCCCCC(=O)N[C@@H]1C[C@H]2CC[C@H]1CN2C(=O)[C@](C)(O)C1CC1,CCCCCCCC(=O)N[C@@H]1C[C@@H]2CC[C@H]1N(C(=O)[C@](C)(O)C1CC1)C2
32097,CN1CC[C@H](C(=O)N[C@H]2C[C@@](C)(NC(=O)c3ccc(Cl)s3)C2)C1=O,1-((1S)-1-((2-chloro-5-thienylcarbonyl)amino)-3-(((3R)-1-methyl-2-oxopyrrolidin-3-ylcarbonyl)amino)cyclobutyl)-methane,,CN1CCC(C(=O)N[C@H]2C[C@@](C)(NC(=O)c3ccc(Cl)s3)C2)C1=O,
32115,CCO[C@H](CC)C(=O)N(C)[C@@H](C)CNC(=O)[C@@]12CCCCN1CCC2,"(8aS)-8a-((((5R,2S)-5-ethyl-2,3-dimethyl-4-oxo-3-aza-6-oxaoctyl)amino)carbonyl)-2,8-dihydro-pyrrolo[2,1-f]pyridin",C(C)[C@H](C(N([C@H](CNC(=O)[C@]12CC=CCN1CCC2)C)C)=O)OCC,CCOC(CC)C(=O)N(C)[C@@H](C)CNC(=O)[C@@]12CCCCN1CCC2,CCOC(CC)C(=O)N(C)[C@@H](C)CNC(=O)[C@]12CC=CCN1CCC2
32124,CC[C@@H](SC)C(=O)N[C@H]1C[C@@H]2C[C@H](C1)CN(C(=O)c1cccc(CO)c1C)C2,"(1S,5R)-3-(3-hydroxymethyl-2-methylbenzoyl)-7-(((1R)-1-methylsulfanyl-propylcarbonyl)amino)-3-azabicyclo[3.3.1]nonane",OCC=1C(=C(C(=O)N2C[C@@H]3CC(C[C@H](C2)C3)NC(=O)[C@@H](CC)SC)C=CC1)C,CCC(SC)C(=O)N[C@@H]1C[C@H]2C[C@@H](C1)CN(C(=O)c1cccc(CO)c1C)C2,CCC(SC)C(=O)NC1C[C@@H]2C[C@H](C1)CN(C(=O)c1cccc(CO)c1C)C2
32133,COC(=O)C[C@@H](C)CC(=O)NC[C@]1(F)C[C@H](CNC(=O)CC2CC3(CCC3)C2)C1,6-(2-oxo-4-((1S)-3-fluoro-3-((((2S)-2-methyl-4-oxo-5-oxahexylcarbonyl)amino)methyl)cyclobutyl)-3-azabutyl)-spiro[3.3]heptane,,COC(=O)C[C@@H](C)CC(=O)NC[C@]1(F)C[C@H](CNC(=O)CC2CC3(CCC3)C2)C1,
32142,Cn1ccc2cc(NC(=O)COc3cccc4c3CNC4=O)ccc21,4-((2-oxo-3-(1-methylindol-5-yl)-3-azapropyl)oxy)isoindolin-1(2H)-one,,Cn1ccc2cc(NC(=O)COc3cccc4c3CNC4=O)ccc21,
32218,COC(=O)NCC(=O)NCC1(C(=O)N[C@H]2C[C@@H]3CCC[C@@H]3C2)CC2(CC2)C1,"5-methoxycarbonylaminomethylcarbonylaminomethyl-5-((((1R,5S)-bicyclo[3.3.0]octan-3-yl)amino)carbonyl)-spiro[2.3]hexane",COC(=O)NCC(=O)NCC1(CC2(CC2)C1)C(=O)NC1C[C@H]2CCC[C@H]2C1,COC(=O)NCC(=O)NCC1(C(=O)N[C@@H]2C[C@H]3CCC[C@H]3C2)CC2(CC2)C1,COC(=O)NCC(=O)NCC1(C(=O)NC2C[C@H]3CCC[C@H]3C2)CC2(CC2)C1
32279,C[C@H](C(=O)N[C@@H]1C[C@H]2CC[C@@H]1C[C@H]2NC(=O)[C@@H]1C[C@@H]2CC[C@H]1O2)[C@H]1CCCO1,"(S,8R,4R,3R,1R)-3-((1-((2R)-oxolan-2-yl)-ethylcarbonyl)amino)-8-(((1R,2R,4S)-7-oxabicyclo[2.2.1]heptan-2-ylcarbonyl)amino)-bicyclo[2.2.2]octane",O1[C@H](CCC1)[C@H](C)C(=O)N[C@@H]1C[C@H]2CC[C@H]1[C@@H](C2)NC(=O)[C@H]2[C@H]1CC[C@@H](C2)O1,CC(C(=O)N[C@@H]1C[C@H]2CC[C@@H]1C[C@H]2NC(=O)C1C[C@@H]2CC[C@H]1O2)[C@H]1CCCO1,CC(C(=O)N[C@@H]1C[C@H]2CC[C@H]1[C@H](NC(=O)C1C[C@@H]3CC[C@H]1O3)C2)[C@H]1CCCO1
32287,C/C=C/C[C@H](C)C(=O)N1CC[C@@](C)(CNC(=O)C=C(C)c2ccco2)C1,"2-(1-methyl-3-oxo-5-((3S)-3-methyl-1-((2S)-(2S,4E)-hex-4-en-2-ylcarbonyl)pyrrolidin-3-yl)-4-azapenten-1-yl)furan",,C/C=C/CC(C)C(=O)N1CC[C@@](C)(CNC(=O)C=C(C)c2ccco2)C1,
32327,O=C([C@H]1CCC[C@@H]1O)N1CC(C(=O)NCCN2CC(CF)C2)(C2CC2)C1,(trans)-1-hydroxy-2-(3-cyclopropyl-3-(((2-(3-fluoromethylazetidin-1-yl)ethyl)amino)carbonyl)azetidin-1-ylcarbonyl)cyclopentane,O[C@H]1[C@@H](CCC1)C(=O)N1CC(C1)(C(=O)NCCN1CC(C1)CF)C1CC1,O=C(C1CCC[C@@H]1O)N1CC(C(=O)NCCN2CC(CF)C2)(C2CC2)C1,O=C(C1CCC[C@H]1O)N1CC(C(=O)NCCN2CC(CF)C2)(C2CC2)C1
32343,CCc1occ(C(F)(F)F)c1C(=O)N1C[C@H]2[C@H](N(C)C(=O)[C@H]3CCCN3C)[C@H]2C1,"(1S,5R)-3-(2-ethyl-4-trifluoromethyl-3-furylcarbonyl)-6-(N-((2R)-1-methylpyrrolidin-2-ylcarbonyl)-N-methylamino)-3-azabicyclo[3.1.0]hexane",C(C)C=1OC=C(C1C(=O)N1C[C@H]2C([C@H]2C1)N(C)C(=O)[C@@H]1N(CCC1)C)C(F)(F)F,CCc1occ(C(F)(F)F)c1C(=O)N1C[C@@H]2[C@H](C1)[C@H]2N(C)C(=O)C1CCCN1C,CCc1occ(C(F)(F)F)c1C(=O)N1C[C@@H]2C(N(C)C(=O)C3CCCN3C)[C@@H]2C1
32379,C[C@H](OC(C)(C)C)C(=O)N1C[C@H]2[C@H](CC(=O)N3CC[C@@](C)(O)C3)[C@H]2C1,"(1S,5R,6R)-3-((1S)-1,3,3-trimethyl-2-oxabutylcarbonyl)-6-(1-((3R)-3-hydroxy-3-methylpyrrolidinocarbonyl)-methyl)-3-azabicyclo[3.1.0]hexane",,CC(OC(C)(C)C)C(=O)N1C[C@@H]2[C@@H](CC(=O)N3CC[C@@](C)(O)C3)[C@@H]2C1,
32469,CCCCC[C@](C)(CC)C(=O)NC[C@]1(F)C[C@H](NC(=O)c2nnc(C)s2)C1,"2-methyl-5-((((1S)-3-fluoro-3-((((3S)-3-methyl-octan-3-ylcarbonyl)amino)methyl)cyclobutyl)amino)carbonyl)-1,3,4-thiadiazole",,CCCCC[C@](C)(CC)C(=O)NC[C@]1(F)C[C@H](NC(=O)c2nnc(C)s2)C1,
32522,CCOC(=O)c1cnc(N2C[C@H]3[C@H](CNC(=O)C[C@@H]4COC(=O)C4)[C@H]3C2)nc1,"(1S,5R)-3-(5-ethoxycarbonylpyrimidin-2-yl)-6-(((((4S)-2-oxooxolan-4-yl)methylcarbonyl)amino)methyl)-3-azabicyclo[3.1.0]hexane",C(C)OC(=O)C=1C=NC(=NC1)N1C[C@H]2C([C@H]2C1)CNC(=O)C[C@H]1CC(OC1)=O,CCOC(=O)c1cnc(N2C[C@@H]3[C@@H](CNC(=O)C[C@@H]4COC(=O)C4)[C@@H]3C2)nc1,CCOC(=O)c1cnc(N2C[C@@H]3C(CNC(=O)C[C@@H]4COC(=O)C4)[C@@H]3C2)nc1
32586,CC=CCCC(=O)N[C@H]1[C@@H]2CN(C(=O)[C@@]3(C)CCC(=O)C3)C[C@@H]21,"1-((((1S,5R,6R)-3-((1S)-1-methyl-3-oxocyclopentylcarbonyl)-3-azabicyclo[3.1.0]hexane-6-yl)amino)carbonyl)-3-penten",,CC=CCCC(=O)N[C@H]1[C@@H]2CN(C(=O)[C@@]3(C)CCC(=O)C3)C[C@@H]21,
32609,C/C=C/CN=c1[nH]c(N(C)CC)nc2c(F)cc(F)cc12,"(E)-6,8-difluoro-2-(ethyl(methyl)amino)-4-((2-buten-1-yl)imino)-3H-pyrimido[5,4-b]benzene",FC1=CC(=C2C(=C1)\C(\NC(=N2)N(C)CC)=N/CC=CC)F,C/C=C/CNc1nc(N(C)CC)nc2c(F)cc(F)cc12,CC=CCNc1nc(N(C)CC)nc2c(F)cc(F)cc12
32630,CC/C=C/C[C@H](C)C(=O)N[C@H]1CN(C(=O)c2cc(C(N)=O)co2)C[C@H]1CCC,"4-carbamyl-2-((3R,4R)-3-propyl-4-((2S)-((2S,4E)-hept-4-en-2-ylcarbonyl)amino)pyrrolidinocarbonyl)furan",,CC/C=C/CC(C)C(=O)N[C@H]1CN(C(=O)c2cc(C(N)=O)co2)C[C@H]1CCC,
32721,CCCCCC(C)(CC)C(=O)N[C@H]1C[C@@](C)(NC(=O)C2=CN(CC3CC3)N=N2)C1,"1-methyl-1-((1-cyclopropylmethyl-1,2,3-triazol-4-ylcarbonyl)amino)-3-((3-methyl-octan-3-ylcarbonyl)amino)cyclobutane",CC1(CC(C1)NC(=O)C(CC)(CCCCC)C)NC(=O)C=1N=NN(C1)CC1CC1,CCCCCC(C)(CC)C(=O)N[C@H]1C[C@@](C)(NC(=O)c2cn(CC3CC3)nn2)C1,CCCCCC(C)(CC)C(=O)NC1CC(C)(NC(=O)c2cn(CC3CC3)nn2)C1
32749,CP(C)(=O)c1ccc(C(=O)N2C[C@H]3CC[C@H]2[C@@H](CNC(=O)C=C(Cl)Cl)C3)cc1,"bis(methyl)(4-((1S,4S,8R)-8-(((2,2-dichloroethenylcarbonyl)amino)methyl)-2-azabicyclo[2.2.2]octane-2-ylcarbonyl)phenyl)phosphine oxide",CP(C1=CC=C(C=C1)C(=O)N1[C@H]2CC[C@H](C1)[C@@H](C2)CNC(=O)C=C(Cl)Cl)(C)=O,CP(C)(=O)c1ccc(C(=O)N2C[C@H]3CC[C@H]2[C@@H](CNC(=O)C=C(Cl)Cl)C3)cc1,CP(C)(=O)c1ccc(C(=O)N2C[C@H]3CC[C@H]2C[C@H]3CNC(=O)C=C(Cl)Cl)cc1
32759,CCCOC(=O)[C@H](C)N[C@@H](C)[C@@H]1C[C@@H](C)C[C@@H](C)C1,"(2S,4S)-4-methyl-5-oxo-2-((3R,5S)-3,5-dimethylcyclohexyl)-3-aza-6-oxanonane",C[C@H](N[C@@H](C)C1C[C@@H](C[C@@H](C1)C)C)C(OCCC)=O,CCCOC(=O)C(C)N[C@@H](C)[C@H]1C[C@H](C)C[C@H](C)C1,CCCOC(=O)C(C)N[C@@H](C)C1C[C@@H](C)C[C@@H](C)C1
32790,CS[C@H]1C[C@@H](C(=O)NC[C@@](C)(NC(=O)CCCC(F)(F)F)C2CCC2)C1,"(1R)-1-methylsulfanyl-3-((((2S)-2-cyclobutyl-2-((4,4,4-trifluorobutylcarbonyl)amino)-propyl)amino)carbonyl)cyclobutane",,CSC1CC(C(=O)NC[C@@](C)(NC(=O)CCCC(F)(F)F)C2CCC2)C1,
32830,CC1(C)[C@H]2CC[C@@H](CC(=O)N3[C@H]4CC[C@@H]3C[C@@H](NC(=O)[C@@H](O)C3CC3)C4)[C@@H]1C2,"(1S,4S,5S)-7,7-dimethyl-4-(1-((1R,3R,5S)-3-(((1S)-1-cyclopropyl-2-oxaethylcarbonyl)amino)-8-azabicyclo[3.2.1]octan-8-ylcarbonyl)-methyl)norpinane",,CC1(C)[C@H]2CC[C@@H](CC(=O)N3[C@@H]4CC[C@H]3C[C@H](NC(=O)C(O)C3CC3)C4)[C@@H]1C2,
32891,C=C(C)CN(C)c1[nH]c(=NCCc2ccc(C)nc2)nc2c1ncn2C,2-methyl-5-(2-(N-(9-methyl-6-(methallyl(methyl)amino)purin-2-ylidene)amino)ethyl)pyridin,,C=C(C)CN(C)c1nc(NCCc2ccc(C)nc2)nc2c1ncn2C,
33007,C[C@]1(NC(=O)C=Cc2cc[nH]n2)C[C@H](NC(=O)[C@@H]2CCCN2c2ccncn2)C1,1-((((1S)-1-methyl-3-(((2S)-1-(pyrimidin-4-yl)pyrrolidin-2-ylcarbonyl)amino)cyclobutyl)amino)carbonyl)-2-(1H-pyrazol-3-yl)ethen,,C[C@]1(NC(=O)C=Cc2cc[nH]n2)C[C@H](NC(=O)C2CCCN2c2ccncn2)C1,
33024,C[C@H]1CC(C(=O)N(C)[C@H]2C[C@@H](NC(=O)C[S@](=O)C(F)(F)F)C2)=NO1,"(1R,3R)-1-((1-((S)-trifluoromethylsulfinyl)-methylcarbonyl)amino)-3-(N-((2S)-2-methyl-5-aza-1-oxacyclopent-4-ene-4-ylcarbonyl)-N-methylamino)cyclobutane",,C[C@H]1CC(C(=O)N(C)[C@H]2C[C@@H](NC(=O)C[S@+]([O-])C(F)(F)F)C2)=NO1,
33041,Cc1cccc2c(C(=O)N3C[C@H]4[C@H](NC(=O)c5cc(C(C)C)on5)[C@H]4C3)csc12,"(1S,5R)-3-(5-methyl-7-thiabicyclo[4.3.0]nona-1(2),3(4),5(6),8(9)-tetraen-9-ylcarbonyl)-6-((5-isopropylisoxazol-3-ylcarbonyl)amino)-3-azabicyclo[3.1.0]hexane",CC=1C=CC=C2C(=CSC12)C(=O)N1C[C@H]2C([C@H]2C1)NC(=O)C1=NOC(=C1)C(C)C,Cc1cccc2c(C(=O)N3C[C@@H]4[C@H](C3)[C@H]4NC(=O)c3cc(C(C)C)on3)csc12,Cc1cccc2c(C(=O)N3C[C@@H]4C(NC(=O)c5cc(C(C)C)on5)[C@@H]4C3)csc12
33043,O=C(CCc1ncc(F)cn1)N[C@H]1C[C@@H]2CN(c3ccccc3[N+](=O)[O-])C[C@@H]2C1,"(1S,5R)-3-(2-nitrophenyl)-7-((2-(5-fluoropyrimidin-2-yl)ethylcarbonyl)amino)-3-azabicyclo[3.3.0]octane",[N+](=O)([O-])C1=C(C=CC=C1)N1C[C@H]2CC(C[C@H]2C1)NC(=O)CCC1=NC=C(C=N1)F,O=C(CCc1ncc(F)cn1)N[C@H]1C[C@@H]2CN(c3ccccc3[N+](=O)[O-])C[C@@H]2C1,O=C(CCc1ncc(F)cn1)NC1C[C@@H]2CN(c3ccccc3[N+](=O)[O-])C[C@@H]2C1
33093,COC[C@](C)(O)CC(=O)N1C[C@H]2[C@H](NC(=O)C=C3CCN(C)CC3)[C@H]2C1,"1-methyl-4-((((1S,5R,6S)-3-((2R)-2-hydroxy-2-methyl-4-oxapentylcarbonyl)-3-azabicyclo[3.1.0]hexane-6-yl)amino)carbonylmethylidene)piperidin",,COC[C@](C)(O)CC(=O)N1C[C@@H]2[C@H](C1)[C@H]2NC(=O)C=C1CCN(C)CC1,
33121,C#CC(C)(C)C(=O)N[C@H]1CC[C@H](NC(=O)CSCC(C)=O)CC1,1-((2-methyl-but-3-yn-2-ylcarbonyl)amino)-4-((4-oxo-2-thiapentylcarbonyl)amino)cyclohexane,CC(C)(C#C)C(=O)NC1CCC(CC1)NC(=O)CSCC(C)=O,C#CC(C)(C)C(=O)N[C@H]1CC[C@H](NC(=O)CSCC(C)=O)CC1,C#CC(C)(C)C(=O)NC1CCC(NC(=O)CSCC(C)=O)CC1
33181,O=C(NC1CCN(C(=O)c2ccc(COC(F)(F)F)cc2)CC1)[C@@H]1C[C@@H]1CF,(cis)-1-fluoromethyl-2-(((1-(4-trifluoromethoxymethylbenzoyl)piperidin-4-yl)amino)carbonyl)cyclopropane,FC[C@H]1[C@H](C1)C(=O)NC1CCN(CC1)C(C1=CC=C(C=C1)COC(F)(F)F)=O,O=C(NC1CCN(C(=O)c2ccc(COC(F)(F)F)cc2)CC1)C1C[C@@H]1CF,O=C(NC1CCN(C(=O)c2ccc(COC(F)(F)F)cc2)CC1)C1C[C@H]1CF
33216,CC1(C)C[C@@H](NC(=O)CC(F)F)CN1C(=O)[C@H](c1ccccc1)n1cccc1,"1,1-difluoro-2-((((4R)-2,2-dimethyl-1-((2S)-(1H-pyrrol-1-yl)(phenyl)methylcarbonyl)pyrrolidin-4-yl)amino)carbonyl)-ethane",,CC1(C)C[C@@H](NC(=O)CC(F)F)CN1C(=O)C(c1ccccc1)n1cccc1,
33393,C=CC[C@@H](C(=O)N1C[C@H]2[C@H](CNC(=O)C(C)(C)c3ccccc3C)[C@H]2C1)C(C)C,"(3R)-2-methyl-3-((1S,5R,6R)-6-(((1-methyl-1-(2-methylphenyl)-ethylcarbonyl)amino)methyl)-3-azabicyclo[3.1.0]hexane-3-ylcarbonyl)-5-hexen",,C=CCC(C(=O)N1C[C@@H]2[C@@H](CNC(=O)C(C)(C)c3ccccc3C)[C@@H]2C1)C(C)C,
33408,Cc1c[nH]nc1C(=O)NC[C@H]1CC[C@@](F)(CNC(=O)c2cc(N)ccc2Cl)CC1,4-methyl-3-((((4-fluoro-4-(((5-amino-2-chlorobenzoyl)amino)methyl)cyclohexyl)methyl)amino)carbonyl)-1H-pyrazole,CC=1C(=NNC1)C(=O)NCC1CCC(CC1)(CNC(C1=C(C=CC(=C1)N)Cl)=O)F,Cc1c[nH]nc1C(=O)NC[C@H]1CC[C@@](F)(CNC(=O)c2cc(N)ccc2Cl)CC1,Cc1c[nH]nc1C(=O)NCC1CCC(F)(CNC(=O)c2cc(N)ccc2Cl)CC1
33424,Cc1ccc(C#N)cc1NC(=O)[C@H]1CCOC[C@H]1NC(=O)C[C@@H]1C[C@H]2C[C@H]2C1,"(1R,5S)-3-(2-oxo-3-((3S,4S)-4-(((5-cyano-2-methylphenyl)amino)carbonyl)oxan-3-yl)-3-azapropyl)-bicyclo[3.1.0]hexane",O=C(CC1C[C@H]2C[C@H]2C1)N[C@@H]1COCC[C@@H]1C(=O)NC1=C(C=CC(=C1)C#N)C,Cc1ccc(C#N)cc1NC(=O)C1CCOC[C@H]1NC(=O)C[C@H]1C[C@@H]2C[C@@H]2C1,Cc1ccc(C#N)cc1NC(=O)C1CCOC[C@H]1NC(=O)CC1C[C@@H]2C[C@@H]2C1
33480,CCOC[C@@H](C(=O)NC[C@]1(F)C[C@@H](CO)C1)n1cc(COC2CCOCC2)nn1,"(S)-1-(1-(((((3R)-1-fluoro-3-hydroxymethylcyclobutyl)methyl)amino)carbonyl)-3-oxapentyl)-4-((oxan-4-yl)oxymethyl)-1,2,3-triazol",,CCOCC(C(=O)NC[C@]1(F)C[C@@H](CO)C1)n1cc(COC2CCOCC2)nn1,
33497,Cc1ncccc1C(=O)N1CC[C@@H](CC(=O)NC[C@H]2C[C@@H]3CCC[C@@H]3C2)C1(C)C,"2-oxo-1-((3S)-2,2-dimethyl-1-(2-methyl-3-pyridylcarbonyl)pyrrolidin-3-yl)-4-((1R,5S)-bicyclo[3.3.0]octan-3-yl)-3-azabutane",O=C(C[C@H]1C(N(CC1)C(=O)C=1C(=NC=CC1)C)(C)C)NCC1C[C@H]2CCC[C@H]2C1,Cc1ncccc1C(=O)N1CC[C@@H](CC(=O)NC[C@@H]2C[C@H]3CCC[C@H]3C2)C1(C)C,Cc1ncccc1C(=O)N1CC[C@@H](CC(=O)NCC2C[C@H]3CCC[C@H]3C2)C1(C)C
33500,CCOCC1(C(=O)NC[C@]2(F)C[C@H](NC(=O)C[C@H]3C(=O)ON=C3C)C2)CC1,(R)-1-fluoro-1-(((1-ethoxymethylcyclopropylcarbonyl)amino)methyl)-3-((((3R)-2-methyl-4-oxo-1-aza-5-oxacyclopent-1-ene-3-yl)methylcarbonyl)amino)cyclobutane,,CCOCC1(C(=O)NC[C@]2(F)C[C@H](NC(=O)Cc3c(C)[nH]oc3=O)C2)CC1,
33528,CC[C@H](CN=c1nc2c(ncn2C)c(NC[C@H](CO)C(C)(C)C)[nH]1)C(C)C,"(3S)-2-methyl-3-((N-(9-methyl-6-(((2R)-2-hydroxymethyl-3,3-dimethyl-butyl)amino)purin-2-ylidene)amino)methyl)pentane",,CC[C@H](CNc1nc(NC[C@H](CO)C(C)(C)C)c2ncn(C)c2n1)C(C)C,
33553,C[C@@H](NS(C)(=O)=O)C(=O)N1C[C@H]2[C@H](N(C)C(=O)C[C@@H]3CNC(=O)C3)[C@H]2C1,"(1S,5R,6S)-3-((1R)-1-methyl-3,3-dioxo-2-aza-3-thiabutylcarbonyl)-6-(N-(((4R)-2-oxopyrrolidin-4-yl)methylcarbonyl)-N-methylamino)-3-azabicyclo[3.1.0]hexane",,CC(NS(C)(=O)=O)C(=O)N1C[C@@H]2[C@H](C1)[C@H]2N(C)C(=O)C[C@@H]1CNC(=O)C1,
33566,CCOC1CC(CC(=O)N2C[C@H]3[C@H](NC(=O)CCc4ccc(Cl)c(Cl)c4)[C@H]3C2)C1,"1-((3-(1-((1S,5R)-6-((2-(3,4-dichlorophenyl)ethylcarbonyl)amino)-3-azabicyclo[3.1.0]hexane-3-ylcarbonyl)-methyl)cyclobutyl)oxy)-ethane",ClC=1C=C(C=CC1Cl)CCC(=O)NC1[C@H]2CN(C[C@@H]12)C(=O)CC1CC(C1)OCC,CCOC1CC(CC(=O)N2C[C@@H]3[C@H](C2)[C@H]3NC(=O)CCc2ccc(Cl)c(Cl)c2)C1,CCOC1CC(CC(=O)N2C[C@@H]3C(NC(=O)CCc4ccc(Cl)c(Cl)c4)[C@@H]3C2)C1
33577,CC[C@@]1(C(=O)N[C@@H]2[C@H]3COC[C@H]32)CCCN1C(=O)C[C@H]1CCCNC1=O,"(1S,5R)-6-(((2S)-2-ethyl-1-(((3R)-2-oxopiperidin-3-yl)methylcarbonyl)pyrrolidin-2-ylcarbonyl)amino)-3-oxabicyclo[3.1.0]hexane",C(C)[C@@]1(N(CCC1)C(=O)C[C@@H]1C(NCCC1)=O)C(=O)NC1[C@@H]2COC[C@H]12,CC[C@@]1(C(=O)N[C@H]2[C@@H]3COC[C@@H]32)CCCN1C(=O)CC1CCCNC1=O,CC[C@@]1(C(=O)NC2[C@H]3COC[C@@H]23)CCCN1C(=O)CC1CCCNC1=O
33647,C[C@H]1C[C@@H]1C(=O)NCC(=O)N[C@H]1C[C@](F)(CNC(=O)C2(F)CCCC2)C1,"(1R)-1-fluoro-1-(((1-fluorocyclopentylcarbonyl)amino)methyl)-3-(((((1S,2S)-2-methylcyclopropylcarbonyl)amino)methylcarbonyl)amino)cyclobutane",,C[C@H]1CC1C(=O)NCC(=O)N[C@H]1C[C@](F)(CNC(=O)C2(F)CCCC2)C1,
33648,Cc1occc1C(=O)N(C)[C@H]1[C@@H]2CN(C(=O)c3occ4c3CCC4)C[C@@H]21,"(1S,5R)-3-(3-oxabicyclo[3.3.0]octa-1(2),4(5)-dien-2-ylcarbonyl)-6-(N-(2-methyl-3-furylcarbonyl)-N-methylamino)-3-azabicyclo[3.1.0]hexane",C12=C(OC=C2CCC1)C(=O)N1C[C@H]2C([C@H]2C1)N(C)C(=O)C1=C(OC=C1)C,Cc1occc1C(=O)N(C)[C@H]1[C@@H]2CN(C(=O)c3occ4c3CCC4)C[C@@H]21,Cc1occc1C(=O)N(C)C1[C@H]2CN(C(=O)c3occ4c3CCC4)C[C@@H]12
33651,Cc1ccc(OCC(=O)NC[C@H]2[C@@H]3CN(C(=O)CC4CC(F)(F)C4)C[C@H]23)cc1C,"2-oxo-1-(3,4-dimethylphenoxy)-4-((1S,5R)-3-((3,3-difluorocyclobutyl)methylcarbonyl)-3-azabicyclo[3.1.0]hexane-6-yl)-3-azabutane",O=C(COC1=CC(=C(C=C1)C)C)NCC1[C@H]2CN(C[C@@H]12)C(=O)CC1CC(C1)(F)F,Cc1ccc(OCC(=O)NC[C@@H]2[C@H]3CN(C(=O)CC4CC(F)(F)C4)C[C@@H]23)cc1C,Cc1ccc(OCC(=O)NCC2[C@H]3CN(C(=O)CC4CC(F)(F)C4)C[C@@H]23)cc1C
33652,CC(=O)N[C@@](C)(CO)C(=O)NC[C@H]1CC[C@H](NC(=O)[C@@H]2C[C@H]2C2CC2)CC1,"1-((1S,2R)-2-((((1S,4R)-4-((((2S)-2-acetamido-1-hydroxy-propan-2-ylcarbonyl)amino)methyl)cyclohexyl)amino)carbonyl)cyclopropyl)cyclopropan",,CC(=O)N[C@@](C)(CO)C(=O)NC[C@H]1CC[C@H](NC(=O)C2C[C@H]2C2CC2)CC1,
33689,COc1cc(C(F)(F)F)[nH]c(=NC[C@]2(F)C[C@@H](NC(=O)CCC3(C)CC3)C2)n1,4-methoxy-6-trifluoromethyl-2-((1-(1-fluoro-3-((2-(1-methylcyclopropyl)ethylcarbonyl)amino)cyclobutyl)-methyl)imino)-1H-pyrimidin,COC1=NC(NC(=C1)C(F)(F)F)=NCC1(CC(C1)NC(=O)CCC1(CC1)C)F,COc1cc(C(F)(F)F)nc(NC[C@]2(F)C[C@@H](NC(=O)CCC3(C)CC3)C2)n1,COc1cc(C(F)(F)F)nc(NCC2(F)CC(NC(=O)CCC3(C)CC3)C2)n1
33744,C[C@@]12CC[C@@](C(=O)N[C@H]3C[C@H](NC(=O)C[C@@](C)(O)c4ccccc4)C3)(C1)OC2,"(1S,4R)-4-methyl-1-((((1R,3S)-3-(((2R)-2-hydroxy-2-phenyl-propylcarbonyl)amino)cyclobutyl)amino)carbonyl)-2-oxabicyclo[2.2.1]heptane",,C[C@@]12CC[C@@](C(=O)N[C@H]3C[C@H](NC(=O)C[C@@](C)(O)c4ccccc4)C3)(C1)OC2,
33812,C[C@H](Oc1ccccc1Cl)C(=O)N[C@H]1C[C@@H](NC(=O)CN2CC[C@@H]2C)C1,"(1S)-1-((((1R,3R)-3-((((2S)-2-methylazetidin-1-yl)methylcarbonyl)amino)cyclobutyl)amino)carbonyl)-1-(2-chlorophenoxy)-ethane",,CC(Oc1ccccc1Cl)C(=O)N[C@H]1C[C@@H](NC(=O)CN2CC[C@@H]2C)C1,
33880,CC(C)=C(F)C(=O)N[C@@H]1C[C@H]2CC[C@@H]1C[C@H]2NC(=O)[C@H](O)CN(C)C,"(1R,3R,4R,8R)-3-((1-fluoro-2-methyl-propen-1-ylcarbonyl)amino)-8-(((1R)-1-hydroxy-3-methyl-3-azabutylcarbonyl)amino)-bicyclo[2.2.2]octane",FC(=C(C)C)C(=O)N[C@@H]1C[C@@H]2CC[C@@H]1[C@@H](C2)NC(=O)[C@@H](CN(C)C)O,CC(C)=C(F)C(=O)N[C@@H]1C[C@H]2CC[C@@H]1C[C@H]2NC(=O)C(O)CN(C)C,CC(C)=C(F)C(=O)N[C@@H]1C[C@@H]2CC[C@@H]1[C@H](NC(=O)C(O)CN(C)C)C2
33962,C=CCNC(=O)[C@H]([C@@H](OC)C1CCCCC1)N1CC[C@](C)(c2cccc(F)c2)C1,"(S,R)-3-methyl-1-(2-oxo-1-((1S)-1-cyclohexyl-2-oxapropyl)-3-aza5-hexen-1-yl)-3-(3-fluorophenyl)pyrrolidin",C[C@@]1(CN(CC1)[C@@H](C(NCC=C)=O)[C@@H](OC)C1CCCCC1)C1=CC(=CC=C1)F,C=CCNC(=O)C([C@@H](OC)C1CCCCC1)N1CC[C@](C)(c2cccc(F)c2)C1,C=CCNC(=O)C([C@@H](OC)C1CCCCC1)N1CC[C@@](C)(c2cccc(F)c2)C1
34004,CO[C@](C)(CC1CCC1)C(=O)N1C[C@H]2[C@H](NC(=O)Cc3cccnc3)[C@H]2C1,"(1S,5R,6S)-3-((1R)-1-cyclobutylmethyl-1-methyl-2-oxapropylcarbonyl)-6-(((3-pyridyl)methylcarbonyl)amino)-3-azabicyclo[3.1.0]hexane",,CO[C@](C)(CC1CCC1)C(=O)N1C[C@@H]2[C@H](C1)[C@H]2NC(=O)Cc1cccnc1,
34015,Cc1ccc(C(=O)N[C@H]2[C@@H]3CN(CCS(=O)(=O)c4ccc(Cl)cc4)C[C@@H]32)n1C,"(1S,5R)-3-(2-(4-chlorophenylsulfonyl)ethyl)-6-((1,2-dimethyl-1H-pyrrol-5-ylcarbonyl)amino)-3-azabicyclo[3.1.0]hexane",ClC1=CC=C(C=C1)S(=O)(=O)CCN1C[C@H]2C([C@H]2C1)NC(=O)C1=CC=C(N1C)C,Cc1ccc(C(=O)N[C@H]2[C@@H]3CN(CCS(=O)(=O)c4ccc(Cl)cc4)C[C@@H]32)n1C,Cc1ccc(C(=O)NC2[C@H]3CN(CCS(=O)(=O)c4ccc(Cl)cc4)C[C@@H]23)n1C
34053,CCCC1CC(C(=O)N[C@H]2C[C@H](NC(=O)c3ccc4c(c3)[C@@H](CC)C(=O)N4)C2)C1,(3R)-1-(((3R)-3-ethyloxindol-5-ylcarbonyl)amino)-3-((3-propylcyclobutylcarbonyl)amino)cyclobutane,,CCCC1CC(C(=O)N[C@H]2C[C@H](NC(=O)c3ccc4[nH]c(O)c(CC)c4c3)C2)C1,
34065,CC[S@@](=O)CC(=O)NCc1ccc(C(=O)NC[C@]2(F)C[C@H](CO)C2)nc1,"(5R)-3,5-dioxo-1-(2-(((((3R)-1-fluoro-3-hydroxymethylcyclobutyl)methyl)amino)carbonyl)-5-pyridyl)-2-aza-5-thiaheptane",,CC[S@@+]([O-])CC(=O)NCc1ccc(C(=O)NC[C@]2(F)C[C@H](CO)C2)nc1,
34068,CP(C)(=O)CC(=O)N[C@H]1C[C@H]2COC[C@@H](C1)N2C(=O)c1cc(F)c(F)c(F)c1,"bis(methyl)(2-oxo-3-((1R,5S)-9-(3,4,5-trifluorobenzoyl)-9-aza-3-oxabicyclo[3.3.1]nonan-7-yl)-3-azapropyl)phosphine oxide",CP(CC(NC1C[C@H]2COC[C@@H](C1)N2C(C2=CC(=C(C(=C2)F)F)F)=O)=O)(C)=O,CP(C)(=O)CC(=O)N[C@H]1C[C@H]2COC[C@@H](C1)N2C(=O)c1cc(F)c(F)c(F)c1,CP(C)(=O)CC(=O)NC1C[C@H]2COC[C@@H](C1)N2C(=O)c1cc(F)c(F)c(F)c1
34120,O=C(C[C@@H]1[C@H]2CCC[C@H]2N1C(=O)C[C@H]1C[C@@H]1C1CC1)N[C@H]1C[C@@H]2CCC[C@@H]2C1,"(1S,5R,7R)-6-(((1R,2R)-2-cyclopropylcyclopropyl)methylcarbonyl)-7-(2-oxo-3-((1R,5S)-bicyclo[3.3.0]octan-3-yl)-3-azapropyl)-6-azabicyclo[3.2.0]heptane",C1(CC1)[C@@H]1[C@H](C1)CC(=O)N1[C@@H]2CCC[C@@H]2[C@H]1CC(NC1C[C@H]2CCC[C@H]2C1)=O,O=C(C[C@@H]1[C@H]2CCC[C@H]2N1C(=O)C[C@H]1C[C@@H]1C1CC1)N[C@@H]1C[C@H]2CCC[C@H]2C1,O=C(C[C@@H]1[C@H]2CCC[C@H]2N1C(=O)C[C@H]1C[C@@H]1C1CC1)NC1C[C@H]2CCC[C@H]2C1
34226,COC(C)(C)CC(=O)N[C@H](C(=O)N[C@H](C)c1ccc(O)nc1)[C@H]1CCOC1,"(S,R)-3-(5,5-dimethyl-3-oxo-1-((((1R)-1-(2-hydroxy-5-pyridyl)-ethyl)amino)carbonyl)-2-aza-6-oxaheptyl)oxolan",CC(CC(N[C@@H](C(=O)N[C@H](C)C=1C=CC(=NC1)O)[C@H]1COCC1)=O)(OC)C,COC(C)(C)CC(=O)NC(C(=O)N[C@H](C)c1ccc(=O)[nH]c1)[C@H]1CCOC1,COC(C)(C)CC(=O)NC(C(=O)N[C@H](C)c1ccc(=O)[nH]c1)[C@@H]1CCOC1
34256,COc1ccc([C@]2(C(=O)N[C@H]3C[C@H](NC(=O)CCNC(N)=O)C3)C[C@H](O)C2)cc1,"4-(3-hydroxy-1-((((trans)-3-((4-oxo-3,5-diazapentylcarbonyl)amino)cyclobutyl)amino)carbonyl)cyclobutyl)anisole",OC1CC(C1)(C(=O)N[C@@H]1C[C@H](C1)NC(=O)CCNC(N)=O)C1=CC=C(C=C1)OC,COc1ccc([C@]2(C(=O)N[C@H]3C[C@H](NC(=O)CCNC(N)=O)C3)C[C@H](O)C2)cc1,COc1ccc(C2(C(=O)N[C@H]3C[C@H](NC(=O)CCNC(N)=O)C3)CC(O)C2)cc1
34298,CC(C)[C@@H](CNC(=O)c1cccn1-c1ncccc1Cl)NC(=O)CC#N,1-(3-chloro-2-pyridyl)-2-((((2S)-2-cyanoacetamido-3-methyl-butyl)amino)carbonyl)-1H-pyrrole,,CC(C)[C@@H](CNC(=O)c1cccn1-c1ncccc1Cl)NC(=O)CC#N,
34299,CCOC(=O)[C@H]1C[C@](F)(C(=O)N2C[C@@H](NC(=O)c3cc[nH]c3C(C)C)[C@H](C)C2)C1,"(3R,4S)-3-methyl-1-((3R)-3-ethoxycarbonyl-1-fluorocyclobutylcarbonyl)-4-((2-isopropyl-1H-pyrrol-3-ylcarbonyl)amino)pyrrolidin",,CCOC(=O)C1CC(F)(C(=O)N2C[C@@H](C)[C@H](NC(=O)c3cc[nH]c3C(C)C)C2)C1,
34341,COC(=O)[C@H]1[C@H]2C[C@H]2CN1C(=O)C[C@H]1[C@@H]2CN(C(=O)c3c[nH]nc3OC)C[C@H]12,"(1S,5R)-3-(3-methoxy-1H-pyrazol-4-ylcarbonyl)-6-(1-((1S,4R,5R)-4-methoxycarbonyl-3-azabicyclo[3.1.0]hexane-3-ylcarbonyl)-methyl)-3-azabicyclo[3.1.0]hexane",COC1=NNC=C1C(=O)N1C[C@H]2C([C@H]2C1)CC(=O)N1C[C@H]2C[C@H]2[C@@H]1C(=O)OC,COC(=O)C1[C@H]2C[C@H]2CN1C(=O)C[C@@H]1[C@H]2CN(C(=O)c3c[nH]nc3OC)C[C@@H]12,COC(=O)C1[C@@H]2C[C@@H]2CN1C(=O)CC1[C@H]2CN(C(=O)c3c[nH]nc3OC)C[C@@H]12
34431,Cc1cnc(N2C[C@H]3[C@H](NC(=O)[C@@]4(C)CCC(=O)N4)[C@H]3C2)c([N+](=O)[O-])c1,"(1S,5R)-3-(3-methyl-5-nitro-6-pyridyl)-6-(((2R)-2-methyl-5-oxopyrrolidin-2-ylcarbonyl)amino)-3-azabicyclo[3.1.0]hexane",CC=1C=NC(=C(C1)[N+](=O)[O-])N1C[C@H]2C([C@H]2C1)NC(=O)[C@@]1(NC(CC1)=O)C,Cc1cnc(N2C[C@@H]3[C@H](C2)[C@H]3NC(=O)[C@@]2(C)CCC(=O)N2)c([N+](=O)[O-])c1,Cc1cnc(N2C[C@@H]3C(NC(=O)[C@@]4(C)CCC(=O)N4)[C@@H]3C2)c([N+](=O)[O-])c1
34434,C[C@@H]1S[C@@H](C)S[C@H](C)N1C(=O)[C@@H]1[C@@H]2CCC[C@H](NC(=O)OC(C)(C)C)[C@H]21,"(1R,5S,6R,7R)-5-(((t-butyl)oxycarbonyl)amino)-7-((2R,4R,6S)-2,4,6-trimethyl-1-aza-3,5-dithiacyclohexan-1-ylcarbonyl)norcarane",,C[C@@H]1S[C@@H](C)N(C(=O)C2[C@@H]3[C@@H](NC(=O)OC(C)(C)C)CCC[C@@H]23)[C@@H](C)S1,
34480,COC(=O)[C@H]1C[C@@H](CNC(=O)[C@H]2C[C@H](C)N2C(=O)C(C)=C2CCCC2)C1,"1-(((2R,4S)-4-methyl-2-(((((cis)-3-methoxycarbonylcyclobutyl)methyl)amino)carbonyl)azetidin-1-ylcarbonyl)methylmethylidene)cyclopentan",C[C@H]1C[C@@H](N1C(=O)CC=C1CCCC1)C(=O)NC[C@@H]1C[C@@H](C1)C(=O)OC,COC(=O)C1CC(CNC(=O)C2C[C@H](C)N2C(=O)C(C)=C2CCCC2)C1,COC(=O)C1CC(CNC(=O)C2C[C@H](C)N2C(=O)CC=C2CCCC2)C1
34491,Cn1nccc1CCC(=O)N[C@H]1CCN(C(=O)[C@]23CC[C@H](CC2)C3(C)C)C12CC2,"(4S,S)-7,7-dimethyl-1-(3'-((2-(1-methylpyrazol-5-yl)ethylcarbonyl)amino)spiro[cyclopropane-1,2'-pyrrolin]-1'-ylcarbonyl)-bicyclo[2.2.1]heptane",,Cn1nccc1CCC(=O)N[C@H]1CCN(C(=O)[C@]23CC[C@H](CC2)C3(C)C)C12CC2,
34500,C=C[C@@H](C)CCNC(=O)[C@H]1C[C@@](C)(NC(=O)c2ccc(C#N)cn2)C1,(3S)-3-methyl-1-(((3R)-3-methyl-3-((3-cyano-6-pyridylcarbonyl)amino)cyclobutylcarbonyl)amino)-4-penten,,C=C[C@@H](C)CCNC(=O)C1CC(C)(NC(=O)c2ccc(C#N)cn2)C1,
34552,Cc1nccn1CCN(C)C(=O)[C@]1(NC(=O)C#CC2CC2)CCC[C@@H]1C,"(1S,2S)-1-cyclopropylethynylcarbonylamino-2-methyl-1-(N-(2-(2-methylimidazol-1-yl)ethyl)-N-methylcarbamoyl)cyclopentane",,Cc1nccn1CCN(C)C(=O)[C@]1(NC(=O)C#CC2CC2)CCC[C@@H]1C,
34588,C#CC[C@H](O)C(=O)N[C@H]1C[C@@](F)(CNC(=O)Cc2ccc(Cl)c(F)c2)C1,(1S)-1-hydroxy-1-((((3S)-3-fluoro-3-(((4-chloro-3-fluorophenylacetyl)amino)methyl)cyclobutyl)amino)carbonyl)-3-butyn,,C#CCC(O)C(=O)N[C@H]1C[C@@](F)(CNC(=O)Cc2ccc(Cl)c(F)c2)C1,
34589,CS[C@H](C(=O)NC[C@]1(O)C[C@@H]2CC[C@H](C1)N2C(=O)C=CC1CCC1)C1CC1,"(1S,5R)-3-hydroxy-3-((((1S)-1-cyclopropyl-2-thiapropylcarbonyl)amino)methyl)-8-(2-cyclobutyl-ethen-1-ylcarbonyl)-8-azabicyclo[3.2.1]octane",OC1(C[C@@H]2CC[C@H](C1)N2C(=O)C=CC2CCC2)CNC(=O)[C@@H](SC)C2CC2,CSC(C(=O)NC[C@@]1(O)C[C@H]2CC[C@@H](C1)N2C(=O)C=CC1CCC1)C1CC1,CSC(C(=O)NCC1(O)C[C@H]2CC[C@@H](C1)N2C(=O)C=CC1CCC1)C1CC1
34621,CC(C)CCCC(=O)NC[C@]1(F)C[C@H](NC(=O)[C@H]2[C@@H]3CS(=O)(=O)C[C@@H]32)C1,"(1S,5R)-3,3-dioxo-6-(((3-fluoro-3-(((4-methyl-pentylcarbonyl)amino)methyl)cyclobutyl)amino)carbonyl)-3-thiabicyclo[3.1.0]hexane",O=S1(C[C@H]2C([C@H]2C1)C(=O)NC1CC(C1)(CNC(=O)CCCC(C)C)F)=O,CC(C)CCCC(=O)NC[C@]1(F)C[C@H](NC(=O)C2[C@H]3CS(=O)(=O)C[C@@H]23)C1,CC(C)CCCC(=O)NCC1(F)CC(NC(=O)C2[C@H]3CS(=O)(=O)C[C@@H]23)C1
34633,C[C@H](NC(=O)[C@@H]1CCCC(=O)N1C)[C@@H]1CCN(C(=O)CCCc2ccccn2)C1,"(S,R)-1-(3-(2-pyridyl)propylcarbonyl)-3-(1-(((6S)-1-methyl-2-oxopiperidin-6-ylcarbonyl)amino)-ethyl)pyrrolidin",N1=C(C=CC=C1)CCCC(=O)N1C[C@H](CC1)[C@@H](C)NC(=O)[C@@H]1CCCC(N1C)=O,C[C@H](NC(=O)C1CCCC(=O)N1C)[C@@H]1CCN(C(=O)CCCc2ccccn2)C1,C[C@@H](NC(=O)C1CCCC(=O)N1C)[C@H]1CCN(C(=O)CCCc2ccccn2)C1
34649,Cn1cc([C@@H](O)CNC(=O)[C@@H]2[C@H]3CN(C(=O)[C@@H]4CCOC4(C)C)C[C@H]32)cn1,"(1S,5R,6R)-3-((3R)-2,2-dimethyloxolan-3-ylcarbonyl)-6-((((2R)-2-(1-methylpyrazol-4-yl)-3-oxapropyl)amino)carbonyl)-3-azabicyclo[3.1.0]hexane",,Cn1cc([C@@H](O)CNC(=O)C2[C@H]3CN(C(=O)C4CCOC4(C)C)C[C@@H]23)cn1,
34743,C[C@H](C(=O)N1CCC[C@@H](CCNC(=O)[C@H]2CC[C@](C)(O)CC2)C1)C1CCCC1,(3S)-1-((1S)-1-cyclopentyl-ethylcarbonyl)-3-(2-(((4S)-4-hydroxy-4-methylcyclohexylcarbonyl)amino)ethyl)piperidin,,CC(C(=O)N1CCC[C@@H](CCNC(=O)C2CCC(C)(O)CC2)C1)C1CCCC1,
34844,Cc1cc(Br)c(C(=O)N2C[C@H]3[C@H](NC(=O)c4csc(Cl)c4)[C@H]3C2)s1,"(1S,5R)-3-(4-bromo-2-methyl-5-thienylcarbonyl)-6-((2-chloro-4-thienylcarbonyl)amino)-3-azabicyclo[3.1.0]hexane",BrC=1C=C(SC1C(=O)N1C[C@H]2C([C@H]2C1)NC(=O)C=1C=C(SC1)Cl)C,Cc1cc(Br)c(C(=O)N2C[C@@H]3[C@H](C2)[C@H]3NC(=O)c2csc(Cl)c2)s1,Cc1cc(Br)c(C(=O)N2C[C@@H]3C(NC(=O)c4csc(Cl)c4)[C@@H]3C2)s1
34913,Cn1ncc(Br)c1CC(=O)N1C[C@H]2[C@H](NC(=O)CC(C)(C)CC(F)F)[C@H]2C1,"(1S,5R)-3-((4-bromo-1-methylpyrazol-5-yl)methylcarbonyl)-6-((2-methyl-2-(2,2-difluoroethyl)-propylcarbonyl)amino)-3-azabicyclo[3.1.0]hexane",BrC=1C=NN(C1CC(=O)N1C[C@H]2C([C@H]2C1)NC(=O)CC(C)(CC(F)F)C)C,Cn1ncc(Br)c1CC(=O)N1C[C@@H]2[C@H](C1)[C@H]2NC(=O)CC(C)(C)CC(F)F,Cn1ncc(Br)c1CC(=O)N1C[C@@H]2C(NC(=O)CC(C)(C)CC(F)F)[C@@H]2C1
34925,C[C@]1(NC(=O)c2cnc(C3CC3)s2)C[C@H](NC(=O)c2ccsc2Cl)C1,2-chloro-3-(((3-methyl-3-((2-cyclopropylthiazol-5-ylcarbonyl)amino)cyclobutyl)amino)carbonyl)thiofuran,ClC=1SC=CC1C(=O)NC1CC(C1)(NC(=O)C1=CN=C(S1)C1CC1)C,C[C@]1(NC(=O)c2cnc(C3CC3)s2)C[C@H](NC(=O)c2ccsc2Cl)C1,CC1(NC(=O)c2cnc(C3CC3)s2)CC(NC(=O)c2ccsc2Cl)C1
34947,Cc1ncc(C(=O)N[C@@H]2[C@@H](C)CN(C(=O)Cc3[nH]cnc3C)C[C@H]2C)o1,"4-methyl-5-(1-((3R,5S)-3,5-dimethyl-4-((2-methyloxazol-5-ylcarbonyl)amino)piperidinocarbonyl)-methyl)-1H-imidazol",CC=1N=CNC1CC(=O)N1C[C@H](C([C@H](C1)C)NC(=O)C1=CN=C(O1)C)C,Cc1ncc(C(=O)N[C@H]2[C@H](C)CN(C(=O)Cc3[nH]cnc3C)C[C@@H]2C)o1,Cc1ncc(C(=O)NC2[C@H](C)CN(C(=O)Cc3[nH]cnc3C)C[C@@H]2C)o1
34955,CO[C@H](CNC(=O)[C@]1(NC(=O)[C@H]2CC[C@H](O)CN2C)C[C@@H](O)C1)C1CC1,"(S)-1-(1-((((3S)-3-hydroxy-1-(((3S,6R)-3-hydroxy-1-methylpiperidin-6-ylcarbonyl)amino)cyclobutylcarbonyl)amino)methyl)-2-oxapropyl)cyclopropan",,CO[C@H](CNC(=O)[C@]1(NC(=O)C2CC[C@H](O)CN2C)C[C@@H](O)C1)C1CC1,
34960,COCCOc1ccc(S(=O)(=O)N[C@H]2CC[C@@H]2C(F)F)cc1C,(trans)-1-difluoromethyl-2-(3-methyl-4-(2-methoxyethoxy)phenylsulfonamido)cyclobutane,FC([C@H]1[C@@H](CC1)NS(=O)(=O)C1=CC(=C(C=C1)OCCOC)C)F,COCCOc1ccc(S(=O)(=O)N[C@H]2CC[C@@H]2C(F)F)cc1C,COCCOc1ccc(S(=O)(=O)N[C@@H]2CC[C@H]2C(F)F)cc1C
34971,C=C=CCC(=O)NC[C@]1(F)C[C@@H](NC(=O)[C@@H]2CC(=O)N(CCN(C)C)C2)C1,"(4R)-1-(2-dimethylaminoethyl)-4-((((3S)-3-fluoro-3-(((2,3-butadien-1-ylcarbonyl)amino)methyl)cyclobutyl)amino)carbonyl)pyrrolidin-2-on",,C=C=CCC(=O)NC[C@]1(F)C[C@@H](NC(=O)C2CC(=O)N(CCN(C)C)C2)C1,
34983,CN(C(=O)C#CC1CC1)[C@H]1[C@@H]2CN(C(=O)[C@@H]3Cc4nn(C)cc4C(=O)N3)C[C@@H]21,"(1S,5R,6R)-3-((4S)-8-methyl-2-oxo-3,7,8-triazabicyclo[4.3.0]nona-1(9),6(7)-dien-4-ylcarbonyl)-6-(N-cyclopropylethynylcarbonyl-N-methylamino)-3-azabicyclo[3.1.0]hexane",,CN(C(=O)C#CC1CC1)[C@H]1[C@@H]2CN(C(=O)C3Cc4nn(C)cc4C(=O)N3)C[C@@H]21,
35008,CCc1oc(C)cc1C(=O)N[C@]1(C)C[C@H](C(=O)N[C@H]2C[C@](C)(OC)C2(C)C)C1,"(1S,3S)-1-methoxy-1,2,2-trimethyl-3-(((3R)-3-methyl-3-((2-ethyl-5-methyl-3-furylcarbonyl)amino)cyclobutylcarbonyl)amino)cyclobutane",,CCc1oc(C)cc1C(=O)NC1(C)CC(C(=O)N[C@H]2C[C@](C)(OC)C2(C)C)C1,
35051,CN(CCCNC(=O)C[C@H]1[C@@H]2CN(C(=O)C(=O)C3CCCC3)C[C@H]12)C1CC1,"(1S,5R)-3-cyclopentylcarbonylcarbonyl-6-(7-cyclopropyl-2-oxo-3,7-diazaoctyl)-3-azabicyclo[3.1.0]hexane",C1(CCCC1)C(=O)C(=O)N1C[C@H]2C([C@H]2C1)CC(NCCCN(C)C1CC1)=O,CN(CCCNC(=O)C[C@@H]1[C@H]2CN(C(=O)C(=O)C3CCCC3)C[C@@H]12)C1CC1,CN(CCCNC(=O)CC1[C@H]2CN(C(=O)C(=O)C3CCCC3)C[C@@H]12)C1CC1
35052,CC(C)(C)OC(=O)N1CC[C@H](C2CC2)[C@H](NCCc2ccc3c(c2)CC3)C1,"2-methyl-2-((3S,4R)-4-cyclopropyl-3-(N-(2-(benzocyclobutene-6-yl)ethyl)amino)piperidinocarbonyloxy)propane",CC(C)(C)OC(=O)N1C[C@H]([C@H](CC1)C1CC1)NCCC1=CC=CC2=C1C=C2,CC(C)(C)OC(=O)N1CC[C@H](C2CC2)[C@H](NCCc2ccc3c(c2)CC3)C1,CC(C)(C)OC(=O)N1CC[C@H](C2CC2)[C@H](NCCc2cccc3c2C=C3)C1
35103,CC(C)n1cnc(C(=O)N[C@@H]2C[C@H]3CC[C@@H]2C[C@H]3NC(=O)[C@]2(C)CC2(C)C)n1,"(1R,3R,4R,8R)-3-((1-isopropyl-1,2,4-triazol-3-ylcarbonyl)amino)-8-(((1R)-1,2,2-trimethylcyclopropylcarbonyl)amino)-bicyclo[2.2.2]octane",C(C)(C)N1N=C(N=C1)C(=O)N[C@@H]1C[C@@H]2CC[C@@H]1[C@@H](C2)NC(=O)[C@]2(C(C2)(C)C)C,CC(C)n1cnc(C(=O)N[C@@H]2C[C@H]3CC[C@@H]2C[C@H]3NC(=O)[C@]2(C)CC2(C)C)n1,CC(C)n1cnc(C(=O)N[C@@H]2C[C@@H]3CC[C@@H]2[C@H](NC(=O)[C@]2(C)CC2(C)C)C3)n1
35110,CN(C)C(=O)C(=O)N1CC[C@]2(C1)c1ncn(C)c1CCN2C(=O)c1coc(Cl)c1,"(4'S)-1-dimethylcarbamylcarbonyl-1'-methyl-5'-(2-chloro-4-furylcarbonyl)-spiro[pyrrolidine-4,4'-4,5-dihydro-imidazo[4,5-c]pyridine]",CN(C(=O)C(=O)N1CC[C@]2(N(C=CC3=C2N=CN3C)C(=O)C=3C=C(OC3)Cl)C1)C,CN(C)C(=O)C(=O)N1CC[C@]2(C1)c1ncn(C)c1CCN2C(=O)c1coc(Cl)c1,CN(C)C(=O)C(=O)N1CC[C@]2(C1)c1ncn(C)c1C=CN2C(=O)c1coc(Cl)c1
35142,Cc1ncn(C)c1C(=O)N1C[C@H]2[C@H](N(C)C(=O)c3ccc(C(C)C)o3)[C@H]2C1,"(1S,5R)-3-(1,4-dimethylimidazol-5-ylcarbonyl)-6-(N-(2-isopropyl-5-furylcarbonyl)-N-methylamino)-3-azabicyclo[3.1.0]hexane",CN1C=NC(=C1C(=O)N1C[C@H]2C([C@H]2C1)N(C)C(=O)C1=CC=C(O1)C(C)C)C,Cc1ncn(C)c1C(=O)N1C[C@@H]2[C@H](C1)[C@H]2N(C)C(=O)c1ccc(C(C)C)o1,Cc1ncn(C)c1C(=O)N1C[C@@H]2C(N(C)C(=O)c3ccc(C(C)C)o3)[C@@H]2C1
35193,C[C@](NC(=O)c1cccc2cc[nH]c12)(C(=O)N[C@@H]1C[C@H](O)[C@H](O)C1)C1CCC1,"(1S,2R)-1,2-dihydroxy-4-(((1R)-1-cyclobutyl-1-((indol-7-ylcarbonyl)amino)-ethylcarbonyl)amino)cyclopentane",O[C@@H]1[C@@H](CC(C1)NC(=O)[C@](C)(NC(=O)C=1C=CC=C2C=CNC12)C1CCC1)O,C[C@](NC(=O)c1cccc2cc[nH]c12)(C(=O)N[C@H]1C[C@@H](O)[C@@H](O)C1)C1CCC1,C[C@](NC(=O)c1cccc2cc[nH]c12)(C(=O)NC1C[C@@H](O)[C@@H](O)C1)C1CCC1
35256,Cn1nncc1C(=O)N[C@H]1[C@@H]2CN(C(=O)[C@H]3CCCC3(F)F)C[C@@H]21,"(1S,5R,6S)-3-((1R)-2,2-difluorocyclopentylcarbonyl)-6-((1-methyl-1,2,3-triazol-5-ylcarbonyl)amino)-3-azabicyclo[3.1.0]hexane",,Cn1nncc1C(=O)N[C@H]1[C@@H]2CN(C(=O)C3CCCC3(F)F)C[C@@H]21,
35273,C[C@H](O)c1ncc(C(=O)N[C@H]2C[C@@](C)(NC(=O)c3cnccn3)C2)s1,2-((1S)-1-hydroxy-ethyl)-5-((((3R)-3-methyl-3-((pyrazin-2-carbonyl)amino)cyclobutyl)amino)carbonyl)thiazol,,C[C@H](O)c1ncc(C(=O)N[C@H]2C[C@@](C)(NC(=O)c3cnccn3)C2)s1,
35295,CC(=CC(=O)NC[C@]12CCC[C@H]1CN(C(=O)C[C@@H]1C[C@H]3C[C@H]3C1)C2)C(C)C,"5,6-dimethyl-3-oxo-1-((1S,5R)-3-(((1S,5R)-bicyclo[3.1.0]hexane-3-yl)methylcarbonyl)-3-azabicyclo[3.3.0]octan-1-yl)-2-aza-4-hepten",CC(=CC(NC[C@]12CN(C[C@@H]2CCC1)C(=O)CC1C[C@@H]2C[C@@H]2C1)=O)C(C)C,CC(=CC(=O)NC[C@]12CCC[C@H]1CN(C(=O)C[C@H]1C[C@@H]3C[C@@H]3C1)C2)C(C)C,CC(=CC(=O)NC[C@]12CCC[C@H]1CN(C(=O)CC1C[C@@H]3C[C@@H]3C1)C2)C(C)C
35301,CC(=CC(=O)N1CC[C@]2(C[C@H]2C(=O)N2[C@H]3CC[C@@H]2C[C@@H](F)C3)C1)c1ccccc1,"(1S,3S,5R,S)-3-fluoro-8-((2R)-1'-(2-phenyl-propen-1-ylcarbonyl)spiro[cyclopropane-1,3'-pyrrolin]-2-ylcarbonyl)-8-azabicyclo[3.2.1]octane",,CC(=CC(=O)N1CC[C@]2(CC2C(=O)N2[C@@H]3CC[C@H]2C[C@H](F)C3)C1)c1ccccc1,
35337,Cc1ccccc1-n1cc(C(=O)N[C@H]2[C@@H]3CN(C(=O)c4csc(=N)[nH]4)C[C@@H]32)cn1,"(1S,5R)-3-(2-imino-1-aza-3-thiacyclopent-4-ene-5-ylcarbonyl)-6-((1-(2-methylphenyl)pyrazol-4-ylcarbonyl)amino)-3-azabicyclo[3.1.0]hexane",N=C1NC(=CS1)C(=O)N1C[C@H]2C([C@H]2C1)NC(=O)C=1C=NN(C1)C1=C(C=CC=C1)C,Cc1ccccc1-n1cc(C(=O)N[C@H]2[C@@H]3CN(C(=O)c4csc(N)n4)C[C@@H]32)cn1,Cc1ccccc1-n1cc(C(=O)NC2[C@H]3CN(C(=O)c4csc(N)n4)C[C@@H]23)cn1
35465,COc1cscc1[C@@H](C(=O)N[C@@H]1CCOC1)N1[C@H]2CC[C@@H]1C[C@@H](F)C2,"(1S,3R,5R,S)-3-fluoro-8-(2-oxo-1-(3-methoxy-4-thienyl)-3-((3R)-oxolan-3-yl)-3-azapropyl)-8-azabicyclo[3.2.1]octane",,COc1cscc1C(C(=O)N[C@@H]1CCOC1)N1[C@@H]2CC[C@H]1C[C@H](F)C2,
35505,C[C@]1(NC(=O)[C@@H]2CC=CCO2)C[C@H](NC(=O)c2cccc(OCCF)c2)C1,((((1S)-3-methyl-3-(((2S)-1-oxacyclohex-4-ene-2-ylcarbonyl)amino)cyclobutyl)amino)carbonyl)-3-(2-fluoroethoxy)benzene,,C[C@]1(NC(=O)C2CC=CCO2)C[C@H](NC(=O)c2cccc(OCCF)c2)C1,
35527,C[C@]1(NC(=O)C2CC3(CCOC3)C2)C[C@H](NC(=O)CCCN=[N+]=[N-])C1,2-(((1-methyl-3-((3-azidopropylcarbonyl)amino)cyclobutyl)amino)carbonyl)-6-oxaspiro[3.4]octane,CC1(CC(C1)NC(=O)CCCN=[N+]=[N-])NC(=O)C1CC2(C1)COCC2,C[C@]1(NC(=O)C2CC3(CCOC3)C2)C[C@H](NC(=O)CCCN=[N+]=[N-])C1,CC1(NC(=O)C2CC3(CCOC3)C2)CC(NC(=O)CCCN=[N+]=[N-])C1
35601,OCC12CC(NCC3CC4(CCC4)C3)(C1)C1(COC1)O2,,,OCC12CC(NCC3CC4(CCC4)C3)(C1)C1(COC1)O2,
35607,C[C@H](C(=O)N[C@H]1C[C@H](CC(=O)N(C)CCOCC2CC2)C1)C(C)(C)C,"(3S)-1-(((2S)-3,3-dimethyl-butan-2-ylcarbonyl)amino)-3-(7-cyclopropyl-3-methyl-2-oxo-3-aza-6-oxaheptyl)cyclobutane",,CC(C(=O)N[C@H]1C[C@H](CC(=O)N(C)CCOCC2CC2)C1)C(C)(C)C,
35629,CCOCCNC(=O)[C@@H](c1nn(C)c(Cl)c1Br)N1[C@H]2CC[C@@H]1C[C@@H](F)C2,"(1S,3S,5R)-3-fluoro-8-((1R)-2-oxo-1-(4-bromo-5-chloro-1-methylpyrazol-3-yl)-3-aza-6-oxaoctyl)-8-azabicyclo[3.2.1]octane",,CCOCCNC(=O)C(c1nn(C)c(Cl)c1Br)N1[C@@H]2CC[C@H]1C[C@H](F)C2,
35703,O=C(CCOC1CC1)NC[C@]1(F)CCCN(C(=O)[C@H]2C[C@](F)(CO)C2)C1,1-((3-oxo-5-((3R)-3-fluoro-1-((3S)-3-fluoro-3-hydroxymethylcyclobutylcarbonyl)piperidin-3-yl)-4-azapentyl)oxy)cyclopropan,,O=C(CCOC1CC1)NC[C@]1(F)CCCN(C(=O)C2CC(F)(CO)C2)C1,
35715,CO[C@H]1C[C@H](C(=O)N[C@H]2C[C@H](NC(=O)[C@H]3CC34CCC4)C2)N(S(C)(=O)=O)C1,"(1S)-1-((((1R,3S)-3-(((3S,5R)-1-mesyl-3-methoxypyrrolidin-5-ylcarbonyl)amino)cyclobutyl)amino)carbonyl)-spiro[2.3]hexane",,CO[C@H]1CC(C(=O)N[C@H]2C[C@H](NC(=O)C3CC34CCC4)C2)N(S(C)(=O)=O)C1,
35786,CC/C=C/C[C@@H](C)C(=O)N(CC)[C@H]1CCN(C(=O)c2oc(C)nc2C)C1,"2,4-dimethyl-5-((3S)-3-((3R)-N-((2R,4E)-hept-4-en-2-ylcarbonyl)-N-ethylamino)pyrrolidinocarbonyl)oxazol",,CC/C=C/CC(C)C(=O)N(CC)[C@H]1CCN(C(=O)c2oc(C)nc2C)C1,
35810,CC#CCCC(=O)N1CCOC[C@H](NC(=O)/C=C/[C@@H](C)CC)C1,"1-((3R)-3-((4S)-((1E,3S)-3-methyl-pent-1-en-1-ylcarbonyl)amino)-1-aza-5-oxacycloheptan-1-ylcarbonyl)-3-pentyn",,CC#CCCC(=O)N1CCOC[C@H](NC(=O)/C=C/[C@@H](C)CC)C1,
35817,COCc1cc(C(=O)N2C[C@H]3[C@H](CC(=O)N(CCCO)OC)[C@H]3C2)on1,"(1S,5R)-3-(3-methoxymethylisoxazol-5-ylcarbonyl)-6-(3-methoxy-2-oxo-3-aza-7-oxaheptyl)-3-azabicyclo[3.1.0]hexane",COCC1=NOC(=C1)C(=O)N1C[C@H]2C([C@H]2C1)CC(N(CCCO)OC)=O,COCc1cc(C(=O)N2C[C@@H]3[C@@H](CC(=O)N(CCCO)OC)[C@@H]3C2)on1,COCc1cc(C(=O)N2C[C@@H]3C(CC(=O)N(CCCO)OC)[C@@H]3C2)on1
35838,CCCCC[C@@H](O)CC(=O)N[C@H]1C[C@](F)(CNC(=O)c2cocc2C(N)=O)C1,(2R)-1-((((3S)-3-fluoro-3-(((3-carbamyl-4-furylcarbonyl)amino)methyl)cyclobutyl)amino)carbonyl)-2-heptanol,,CCCCC[C@@H](O)CC(=O)N[C@H]1C[C@](F)(CNC(=O)c2cocc2C(N)=O)C1,
35895,O=C(CCC1CCC1)N[C@@H]1C[C@@H]2CC[C@H](C1)N2C(=O)c1cnc(-c2ccsc2)s1,"2-(3-thienyl)-5-((1R,5S)-3-((2-(cyclobutyl)ethylcarbonyl)amino)-8-azabicyclo[3.2.1]octan-8-ylcarbonyl)thiazol",S1C=C(C=C1)C=1SC(=CN1)C(=O)N1[C@H]2CC(C[C@@H]1CC2)NC(=O)CCC2CCC2,O=C(CCC1CCC1)N[C@H]1C[C@H]2CC[C@@H](C1)N2C(=O)c1cnc(-c2ccsc2)s1,O=C(CCC1CCC1)NC1C[C@H]2CC[C@@H](C1)N2C(=O)c1cnc(-c2ccsc2)s1
35948,CCN(c1ccc(F)c(C)c1)[C@H](C(=O)NC[C@H]1CCOC1)[C@@H]1[C@H]2CCCC[C@H]21,"(4S)-3-oxo-1-((3R)-oxolan-3-yl)-4-((1S,6R)-norcarane-7-yl)-5-(4-fluoro-3-methylphenyl)-2,5-diazaheptane",O=C(NC[C@@H]1COCC1)[C@@H](N(CC)C1=CC(=C(C=C1)F)C)C1[C@@H]2CCCC[C@@H]21,CCN(c1ccc(F)c(C)c1)C(C(=O)NC[C@H]1CCOC1)[C@H]1[C@@H]2CCCC[C@@H]21,CCN(c1ccc(F)c(C)c1)C(C(=O)NC[C@H]1CCOC1)C1[C@H]2CCCC[C@@H]12
36000,COC(=O)CCS(=O)(=O)N[C@H]1C[C@H](NC(=O)c2ccc(OC)cc2C(F)(F)F)C1,1-((4-methoxy-2-trifluoromethylbenzoyl)amino)-3-(3-oxo-4-oxapentylsulfonamido)cyclobutane,COC1=CC(=C(C(=O)NC2CC(C2)NS(=O)(=O)CCC(OC)=O)C=C1)C(F)(F)F,COC(=O)CCS(=O)(=O)N[C@H]1C[C@H](NC(=O)c2ccc(OC)cc2C(F)(F)F)C1,COC(=O)CCS(=O)(=O)NC1CC(NC(=O)c2ccc(OC)cc2C(F)(F)F)C1
36032,CC[C@H](C(=O)N[C@]1(C)C[C@@H](NC(=O)CC[C@H](C)SC)C1)N1CCc2ccccc21,"(R)-7-(1-((((1S,3R)-1-methyl-3-(((3S)-3-methyl-4-thiapentylcarbonyl)amino)cyclobutyl)amino)carbonyl)-propyl)-7-azabicyclo[4.3.0]nona-1(2),3(4),5(6)-triene",,CCC(C(=O)N[C@]1(C)C[C@@H](NC(=O)CC[C@H](C)SC)C1)N1CCc2ccccc21,
36048,COc1cc(O)ncc1C(=O)N[C@H]1C[C@@](F)(CNC(=O)[C@@H](C)C(C)(C)C)C1,"(4S)-4,5,5-trimethyl-3-oxo-1-((3S)-1-fluoro-3-((2-hydroxy-4-methoxy-5-pyridylcarbonyl)amino)cyclobutyl)-2-azahexane",,COc1cc(=O)[nH]cc1C(=O)N[C@H]1C[C@@](F)(CNC(=O)C(C)C(C)(C)C)C1,
36069,C#CCC1(C(=O)N2[C@H]3CC[C@@H]2C[C@](O)(CNC(=O)CCCCOCC)C3)CCC1,"(1S,5R)-3-hydroxy-3-(((4-ethoxybutylcarbonyl)amino)methyl)-8-(1-propargylcyclobutylcarbonyl)-8-azabicyclo[3.2.1]octane",OC1(C[C@@H]2CC[C@H](C1)N2C(=O)C2(CCC2)CC#C)CNC(=O)CCCCOCC,C#CCC1(C(=O)N2[C@@H]3CC[C@H]2C[C@@](O)(CNC(=O)CCCCOCC)C3)CCC1,C#CCC1(C(=O)N2[C@@H]3CC[C@H]2CC(O)(CNC(=O)CCCCOCC)C3)CCC1
36092,C/C=C/C[C@H](C)C(=O)N[C@H]1CC[C@H](CNC(=O)COc2c(C)cccc2C)CC1,"3-methyl-2-((2-oxo-4-((trans)-4-((2S)-((2S,4E)-hex-4-en-2-ylcarbonyl)amino)cyclohexyl)-3-azabutyl)oxy)toluene",,C/C=C/CC(C)C(=O)N[C@H]1CC[C@H](CNC(=O)COc2c(C)cccc2C)CC1,
36099,CC1(C)CCC[C@@](O)(C(=O)N[C@H]2C[C@](C)(NC(=O)C=Cc3cccc(O)c3)C2)C1,"3-(2-((((1S)-1-methyl-3-(((1S)-1-hydroxy-3,3-dimethylcyclohexylcarbonyl)amino)cyclobutyl)amino)carbonyl)eth-1-en-1-yl)phenol",,CC1(C)CCC[C@@](O)(C(=O)N[C@H]2C[C@](C)(NC(=O)C=Cc3cccc(O)c3)C2)C1,
36117,CC[C@]1(C(=O)N[C@H]2C[C@@H]3CC[C@H]2[C@H](NC(=O)C(=O)NC2CC2)C3)CCNC1=O,"1-(((((1R,4S,6S,8R)-6-(((3S)-3-ethyl-2-oxopyrrolidin-3-ylcarbonyl)amino)bicyclo[2.2.2]octane-8-yl)amino)carbonylcarbonyl)amino)cyclopropan",C(C)[C@]1(C(NCC1)=O)C(=O)N[C@H]1C[C@@H]2CC[C@@H]1C[C@H]2NC(=O)C(=O)NC2CC2,CC[C@]1(C(=O)N[C@H]2C[C@@H]3CC[C@H]2[C@H](NC(=O)C(=O)NC2CC2)C3)CCNC1=O,CC[C@]1(C(=O)N[C@H]2C[C@@H]3CC[C@@H]2C[C@H]3NC(=O)C(=O)NC2CC2)CCNC1=O
36135,CCc1nc(C(=O)N[C@H]2C[C@]3(CCCCN3C(=O)C3CSC3)C2)n[nH]1,"2-((3-ethyl-2H-1,2,4-triazol-5-ylcarbonyl)amino)-5-(thietan-3-ylcarbonyl)-5-azaspiro[3.5]nonane",C(C)C=1NN=C(N1)C(=O)NC1CC2(C1)N(CCCC2)C(=O)C2CSC2,CCc1n[nH]c(C(=O)N[C@H]2C[C@]3(CCCCN3C(=O)C3CSC3)C2)n1,CCc1n[nH]c(C(=O)NC2CC3(CCCCN3C(=O)C3CSC3)C2)n1
36188,CCS[C@H](C)C(=O)N[C@H](C)C[C@@H](C)NC(=O)[C@H]1C[C@](O)(CCC(C)(C)C)C1,"(2R,4R,7R)-4,7-dimethyl-6-oxo-2-(((3S)-3-hydroxy-3-(3,3-dimethyl-butyl)cyclobutylcarbonyl)amino)-5-aza-8-thiadecane",,CCSC(C)C(=O)N[C@H](C)C[C@@H](C)NC(=O)C1CC(O)(CCC(C)(C)C)C1,
36248,CO[C@@H](C)CC(=O)NC[C@H]1CC[C@H](CNC(=O)[C@@H]2OC[C@@H]3CCCC[C@@H]32)CC1,"(1R,6S,7R)-7-(((((1S,4R)-4-((((2S)-2-methyl-3-oxabutylcarbonyl)amino)methyl)cyclohexyl)methyl)amino)carbonyl)-8-oxabicyclo[4.3.0]nonane",,CO[C@@H](C)CC(=O)NC[C@H]1CC[C@H](CNC(=O)C2OC[C@@H]3CCCC[C@H]23)CC1,
36280,CC[C@@H](CCC(=O)NC[C@H]1CC[C@H](NC(=O)c2cc([C@H](C)CC)no2)CC1)OC,"3-((2R)-butan-2-yl)-5-((((1S,4R)-4-((((3S)-3-methoxy-pentylcarbonyl)amino)methyl)cyclohexyl)amino)carbonyl)isooxazol",,CC[C@@H](CCC(=O)NC[C@H]1CC[C@H](NC(=O)c2cc([C@H](C)CC)no2)CC1)OC,
36325,Nc1cccc(Cl)c1C(=O)NC[C@]1(F)C[C@H](NC(=O)c2cc3cccnc3o2)C1,"2-(((3-fluoro-3-(((2-amino-6-chlorobenzoyl)amino)methyl)cyclobutyl)amino)carbonyl)-furo[2,3-b]pyridin",FC1(CC(C1)NC(=O)C1=CC=2C(=NC=CC2)O1)CNC(C1=C(C=CC=C1Cl)N)=O,Nc1cccc(Cl)c1C(=O)NC[C@]1(F)C[C@H](NC(=O)c2cc3cccnc3o2)C1,Nc1cccc(Cl)c1C(=O)NCC1(F)CC(NC(=O)c2cc3cccnc3o2)C1
36338,CS[C@@H](C)C(=O)N1CC2(C1)OC1(CO)CC2(NC(=O)c2nc(C)sc2C)C1,,,CSC(C)C(=O)N1CC2(C1)OC1(CO)CC2(NC(=O)c2nc(C)sc2C)C1,
36342,CC1(C)CN(CC(=O)N[C@H]2C[C@](C)(NC(=O)Cn3cc([N+](=O)[O-])cn3)C2)C1,"4-nitro-1-(2-oxo-3-(1-methyl-3-(((3,3-dimethylazetidin-1-yl)methylcarbonyl)amino)cyclobutyl)-3-azapropyl)pyrazole",[N+](=O)([O-])C=1C=NN(C1)CC(NC1(CC(C1)NC(=O)CN1CC(C1)(C)C)C)=O,CC1(C)CN(CC(=O)N[C@H]2C[C@](C)(NC(=O)Cn3cc([N+](=O)[O-])cn3)C2)C1,CC1(C)CN(CC(=O)NC2CC(C)(NC(=O)Cn3cc([N+](=O)[O-])cn3)C2)C1
36355,Cc1cc(CCCC(=O)NC[C@H]2[C@@H]3CN(C(=O)[C@@H]4C[C@H]4[N+](=O)[O-])C[C@H]23)on1,"(1S,5R,6R)-3-((1R,2R)-2-nitrocyclopropylcarbonyl)-6-(((3-(3-methylisoxazol-5-yl)propylcarbonyl)amino)methyl)-3-azabicyclo[3.1.0]hexane",,Cc1cc(CCCC(=O)NC[C@@H]2[C@H]3CN(C(=O)C4CC4[N+](=O)[O-])C[C@@H]23)on1,
36382,CO[C@@H]1CN(C(=O)[C@H]2C[C@@](C)(O)C2)C[C@@H]1NC(=O)CCOc1cccnc1,"1-((((3R,4S)-3-methoxy-1-((3S)-3-hydroxy-3-methylcyclobutylcarbonyl)pyrrolidin-4-yl)amino)carbonyl)-2-((3-pyridyl)oxy)-ethane",,CO[C@@H]1CN(C(=O)C2CC(C)(O)C2)C[C@@H]1NC(=O)CCOc1cccnc1,
36422,COCc1nocc1C(=O)NC1C[C@@H]2CN(C(=O)[C@@]3(C#N)C[C@@H]4C[C@@H]4C3)C[C@H]2C1,"(1S,5R)-3-cyano-3-((1S,5S)-7-((3-methoxymethylisooxazol-4-ylcarbonyl)amino)-3-azabicyclo[3.3.0]octan-3-ylcarbonyl)-bicyclo[3.1.0]hexane",C(#N)C1(C[C@@H]2C[C@@H]2C1)C(=O)N1C[C@H]2CC(C[C@@H]2C1)NC(=O)C=1C(=NOC1)COC,COCc1nocc1C(=O)NC1C[C@@H]2CN(C(=O)[C@]3(C#N)C[C@H]4C[C@H]4C3)C[C@H]2C1,COCc1nocc1C(=O)NC1C[C@@H]2CN(C(=O)C3(C#N)C[C@H]4C[C@H]4C3)C[C@H]2C1
36468,CS(=O)(=O)C[C@@H]1CN(C(=O)[C@@H]2[C@H]3CC[C@H]4[C@@H](C3)C[C@H]42)CCN1C(=O)c1cn[nH]c1,"(1R,2R,3S,6S,7S)-2-((3S)-3-(2,2-dioxo-2-thiapropyl)-4-(1H-pyrazol-4-ylcarbonyl)piperazinocarbonyl)-tricyclo[4.2.0.1^3,7]nonane",O=S(C[C@@H]1CN(CCN1C(=O)C=1C=NNC1)C(=O)[C@H]1[C@@H]2C[C@H]3[C@@H]2CC[C@H]1C3)(C)=O,CS(=O)(=O)C[C@@H]1CN(C(=O)C2[C@H]3CC[C@H]4[C@@H](C3)C[C@@H]24)CCN1C(=O)c1cn[nH]c1,CS(=O)(=O)C[C@@H]1CN(C(=O)[C@@H]2[C@H]3CC[C@H]4[C@@H](C3)C[C@H]42)CCN1C(=O)c1cn[nH]c1
36516,O=C(c1cc2cccnn2c1)N1C[C@H]2[C@H](CC(=O)N3CC4CC3C4)[C@H]2C1,"2-(((1S,5R)-3-(pyridazino[1,6-a]pyrrole-6-ylcarbonyl)-3-azabicyclo[3.1.0]hexane-6-yl)methylcarbonyl)-2-azabicyclo[2.1.1]hexane",N1=CC=CC=2N1C=C(C2)C(=O)N2C[C@H]1C([C@H]1C2)CC(=O)N2C1CC(C2)C1,O=C(c1cc2cccnn2c1)N1C[C@@H]2[C@@H](CC(=O)N3CC4CC3C4)[C@@H]2C1,O=C(c1cc2cccnn2c1)N1C[C@@H]2C(CC(=O)N3CC4CC3C4)[C@@H]2C1
36565,CC(C)C[C@@H](O)C(=O)N1CCO[C@@H](C(=O)NC[C@@H]2[C@H]3CCCC[C@H]32)C1,"(1S,6R)-7-((((2R)-4-((1R)-1-hydroxy-3-methyl-butylcarbonyl)morpholin-2-ylcarbonyl)amino)methyl)norcarane",O[C@H](CC(C)C)C(=O)N1C[C@@H](OCC1)C(=O)NCC1[C@@H]2CCCC[C@@H]21,CC(C)CC(O)C(=O)N1CCOC(C(=O)NC[C@H]2[C@@H]3CCCC[C@@H]32)C1,CC(C)CC(O)C(=O)N1CCOC(C(=O)NCC2[C@H]3CCCC[C@@H]23)C1
36584,O=C(NC[C@]1(F)C[C@H](NC(=O)C(F)(F)C(F)F)C1)c1nnn(-c2ccccc2)n1,"2-phenyl-5-((((1-fluoro-3-(((1,1-difluoro-methyl)difluoromethylcarbonyl)amino)cyclobutyl)methyl)amino)carbonyl)tetrazol",C1(=CC=CC=C1)N1N=C(N=N1)C(=O)NCC1(CC(C1)NC(=O)C(F)(F)C(F)F)F,O=C(NC[C@]1(F)C[C@H](NC(=O)C(F)(F)C(F)F)C1)c1nnn(-c2ccccc2)n1,O=C(NCC1(F)CC(NC(=O)C(F)(F)C(F)F)C1)c1nnn(-c2ccccc2)n1
36601,C[C@]1(O)C[C@@H](C(=O)N2CCN(C(=O)CCc3sccc3Br)[C@@H]3C[C@H]32)C1,"(1R,6R)-2-((3S)-3-hydroxy-3-methylcyclobutylcarbonyl)-5-(2-(3-bromo-2-thienyl)ethylcarbonyl)-2,5-diazabicyclo[4.1.0]heptane",,CC1(O)CC(C(=O)N2CCN(C(=O)CCc3sccc3Br)[C@@H]3C[C@H]32)C1,
36614,CN(C)[C@H]1CCN(C(=O)[C@H]2C[C@@](C)(NC(=O)C34CC(CO)(C3)C4)C2)C1,3-hydroxymethyl-1-((((1R)-1-methyl-3-((3S)-3-(dimethylamino)pyrrolidinocarbonyl)cyclobutyl)amino)carbonyl)-bicyclo[1.1.1]pentane,,CN(C)[C@H]1CCN(C(=O)C2CC(C)(NC(=O)C34CC(CO)(C3)C4)C2)C1,
36621,C[C@H]1CCC[C@@H]1C(=O)NCCCN(C)C(=O)CCNS(=O)(=O)c1ccc(F)cc1,(trans)-1-methyl-2-(((3-(N-(2-(4-fluorophenylsulfonylamino)ethylcarbonyl)-N-methylamino)propyl)amino)carbonyl)cyclopentane,C[C@H]1[C@@H](CCC1)C(=O)NCCCN(C)C(=O)CCNS(=O)(=O)C1=CC=C(C=C1)F,C[C@H]1CCCC1C(=O)NCCCN(C)C(=O)CCNS(=O)(=O)c1ccc(F)cc1,C[C@@H]1CCCC1C(=O)NCCCN(C)C(=O)CCNS(=O)(=O)c1ccc(F)cc1
36625,C#CC[C@]1(O)C[C@@H](C(=O)NC23CC(NC(=O)[C@@H](COC)OC)(C2)C3)C1,1-(((3S)-3-hydroxy-3-propargylcyclobutylcarbonyl)amino)-3-(((1R)-1-methoxy-3-oxabutylcarbonyl)amino)-bicyclo[1.1.1]pentane,,C#CCC1(O)CC(C(=O)NC23CC(NC(=O)C(COC)OC)(C2)C3)C1,
36638,CCC(CNC(=O)[C@@H]1C[C@@H]1F)NC(=O)C1=NNC([N+](=O)[O-])=C1,(cis)-1-fluoro-2-(((2-((3-nitro-2H-pyrazol-5-ylcarbonyl)amino)-butyl)amino)carbonyl)cyclopropane,F[C@H]1[C@H](C1)C(=O)NCC(CC)NC(=O)C=1C=C(NN1)[N+](=O)[O-],CCC(CNC(=O)C1C[C@@H]1F)NC(=O)c1cc([N+](=O)[O-])[nH]n1,CCC(CNC(=O)C1C[C@H]1F)NC(=O)c1cc([N+](=O)[O-])[nH]n1
36645,CCCCONC(=O)C[C@@H]1CN(C(=O)[C@]23CCC[C@H]2CCC3)CCO1,(5R)-1-((2R)-2-(2-oxo-3-aza-4-oxaoctyl)morpholinocarbonyl)-bicyclo[3.3.0]octane,,CCCCONC(=O)C[C@@H]1CN(C(=O)[C@]23CCC[C@H]2CCC3)CCO1,
36691,C=CC1(C(=O)N[C@@H]2[C@@H](O)C[C@H]2O)CCN(C(=O)C2CC(C)(C)C2)CC1,"1-(1-(3,3-dimethylcyclobutylcarbonyl)-4-((((2R,4S)-2,4-dihydroxycyclobutyl)amino)carbonyl)piperidin-4-yl)ethen",CC1(CC(C1)C(=O)N1CCC(CC1)(C(=O)NC1[C@@H](C[C@@H]1O)O)C=C)C,C=CC1(C(=O)N[C@H]2[C@H](O)C[C@@H]2O)CCN(C(=O)C2CC(C)(C)C2)CC1,C=CC1(C(=O)NC2[C@H](O)C[C@@H]2O)CCN(C(=O)C2CC(C)(C)C2)CC1
36742,Cn1cncc1[C@@H](O)C(=O)NC[C@H]1C[C@](F)(CNC(=O)CCn2ccnc2)C1,3-oxo-1-((1S)-1-fluoro-3-((((1R)-1-(1-methylimidazol-5-yl)-2-oxaethylcarbonyl)amino)methyl)cyclobutyl)-5-(imidazol-1-yl)-2-azapentane,,Cn1cncc1C(O)C(=O)NC[C@H]1C[C@](F)(CNC(=O)CCn2ccnc2)C1,
36768,O=C(NCCC1CC(N=c2ccc3c([nH]2)CCC3=O)C1)c1cccc([N+](=O)[O-])c1,7-((3-(2-((3-nitrobenzoyl)amino)ethyl)cyclobutyl)imino)-cyclopenta[b]pyridin-3(1H)-one,[N+](=O)([O-])C=1C=C(C(=O)NCCC2CC(C2)N=C2C=CC3=C2NCC(C3)=O)C=CC1,O=C(NCCC1CC(Nc2ccc3c(n2)CCC3=O)C1)c1cccc([N+](=O)[O-])c1,O=C(NCCC1CC(N=C2CCc3cc(O)cnc32)C1)c1cccc([N+](=O)[O-])c1
36788,CCCCCC(C)(C)C(=O)N[C@H]1C[C@](F)(CNC(=O)C2CC3(C2)CC2(CC2)C3)C1,"1-((((1-fluoro-3-((2-methyl-heptan-2-ylcarbonyl)amino)cyclobutyl)methyl)amino)carbonyl)-dispiro[cyclobutan-3,1'-cyclobutan-3',1''-cyclopropan]",FC1(CC(C1)NC(=O)C(C)(CCCCC)C)CNC(=O)C1CC2(CC3(CC3)C2)C1,CCCCCC(C)(C)C(=O)N[C@H]1C[C@](F)(CNC(=O)C2CC3(C2)CC2(CC2)C3)C1,CCCCCC(C)(C)C(=O)NC1CC(F)(CNC(=O)C2CC3(C2)CC2(CC2)C3)C1
36813,CN(C)CC[C@H](O)C(=O)N1C[C@H]2[C@H](CNC(=O)c3ccc4cccnc4n3)[C@H]2C1,"7-(((((1S,5R,6S)-3-((1S)-1-hydroxy-4-methyl-4-azapentylcarbonyl)-3-azabicyclo[3.1.0]hexane-6-yl)methyl)amino)carbonyl)naphthyridin",,CN(C)CCC(O)C(=O)N1C[C@@H]2[C@@H](CNC(=O)c3ccc4cccnc4n3)[C@@H]2C1,
36827,Cc1nc(N2C[C@H]3[C@H](NC(=O)C(F)(F)C4(O)CCOCC4)[C@H]3C2)ccc1[N+](=O)[O-],"(1S,5R)-3-(2-methyl-3-nitro-6-pyridyl)-6-(((4-hydroxyoxan-4-yl)difluoromethylcarbonyl)amino)-3-azabicyclo[3.1.0]hexane",CC1=NC(=CC=C1[N+](=O)[O-])N1C[C@H]2C([C@H]2C1)NC(=O)C(F)(F)C1(CCOCC1)O,Cc1nc(N2C[C@@H]3[C@H](C2)[C@H]3NC(=O)C(F)(F)C2(O)CCOCC2)ccc1[N+](=O)[O-],Cc1nc(N2C[C@@H]3C(NC(=O)C(F)(F)C4(O)CCOCC4)[C@@H]3C2)ccc1[N+](=O)[O-]
36830,C[C@@H]1COC[C@@H](C(=O)N2C[C@H]3C=C[C@H]2[C@H](C(=O)N2CCc4nccnc4C2)C3)O1,"(1S,4R,8R)-2-((2R,6S)-2-methyl-1,4-dioxan-6-ylcarbonyl)-8-(5,6,7,8-tetrahydro-pyrido[3,4-b]pyrazine-6-ylcarbonyl)-2-azabicyclo[2.2.2]oct-5(6)-ene",C[C@H]1O[C@@H](COC1)C(=O)N1[C@@H]2C=C[C@@H](C1)[C@@H](C2)C(=O)N2CC1=NC=CN=C1CC2,C[C@@H]1COCC(C(=O)N2C[C@H]3C=C[C@H]2C(C(=O)N2CCc4nccnc4C2)C3)O1,C[C@@H]1COCC(C(=O)N2C[C@@H]3C=C[C@@H]2CC3C(=O)N2CCc3nccnc3C2)O1
36838,O=C(C[C@@H]1OCCc2ccccc21)N1C[C@H]2[C@H](NCc3c(F)cccc3Br)[C@H]2C1,"1-(((1S,5R,6R)-3-(((1S)-isochroman-1-yl)methylcarbonyl)-3-azabicyclo[3.1.0]hexane-6-yl)amino)-1-(2-bromo-6-fluorophenyl)-methane",,O=C(C[C@@H]1OCCc2ccccc21)N1C[C@@H]2[C@H](C1)[C@H]2NCc1c(F)cccc1Br,
36862,Cc1cnoc1C(=O)NC[C@H]1C[C@@H]2CC[C@H](C1)N2C(=O)C1CCN(C)CC1,"(1S,5R)-3-(((4-methylisoxazol-5-ylcarbonyl)amino)methyl)-8-(1-methylpiperidin-4-ylcarbonyl)-8-azabicyclo[3.2.1]octane",CC=1C=NOC1C(=O)NCC1C[C@@H]2CC[C@H](C1)N2C(=O)C2CCN(CC2)C,Cc1cnoc1C(=O)NC[C@@H]1C[C@H]2CC[C@@H](C1)N2C(=O)C1CCN(C)CC1,Cc1cnoc1C(=O)NCC1C[C@H]2CC[C@@H](C1)N2C(=O)C1CCN(C)CC1
36955,C[C@H]1CCC[C@H]1C(=O)N[C@@H]1[C@H]2COC[C@@H]1CN(C(=O)Cc1ccc(F)cc1Cl)C2,"1-((1S,2R)-2-((((1R,5S)-3-(2-chloro-4-fluorophenylacetyl)-3-aza-7-oxabicyclo[3.3.1]nonan-9-yl)amino)carbonyl)cyclopentyl)-methane",ClC1=C(C=CC(=C1)F)CC(=O)N1C[C@H]2COC[C@@H](C1)C2NC(=O)[C@H]2[C@H](CCC2)C,C[C@H]1CCCC1C(=O)N[C@H]1[C@@H]2COC[C@H]1CN(C(=O)Cc1ccc(F)cc1Cl)C2,C[C@H]1CCCC1C(=O)NC1[C@@H]2COC[C@H]1CN(C(=O)Cc1ccc(F)cc1Cl)C2
37016,C=C=CCC(=O)N1C[C@@H](O)[C@H](NC(=O)[C@H]2C[C@H]3C[C@@H](O)C[C@H](C3)C2)C1,"(1S,3R,5R)-3-hydroxy-7-((((3R,4R)-3-hydroxy-1-(2,3-butadien-1-ylcarbonyl)pyrrolidin-4-yl)amino)carbonyl)-bicyclo[3.3.1]nonane",,C=C=CCC(=O)N1C[C@@H](O)[C@H](NC(=O)C2C[C@@H]3C[C@H](O)C[C@H](C2)C3)C1,
37026,CC(C)(C)c1nnn(CC(=O)N2CC[C@@H]2Cn2cc([C@@H]3[C@H]4CCCC[C@H]43)nn2)n1,"5-t-butyl-2-(1-((2R)-2-((4-((1S,6R)-norcarane-7-yl)-1,2,3-triazol-1-yl)methyl)azetidin-1-ylcarbonyl)-methyl)tetrazol",C(C)(C)(C)C=1N=NN(N1)CC(=O)N1[C@H](CC1)CN1N=NC(=C1)C1[C@@H]2CCCC[C@@H]21,CC(C)(C)c1nnn(CC(=O)N2CC[C@@H]2Cn2cc([C@H]3[C@@H]4CCCC[C@@H]43)nn2)n1,CC(C)(C)c1nnn(CC(=O)N2CC[C@@H]2Cn2cc(C3[C@H]4CCCC[C@@H]34)nn2)n1
37065,C[C@H](NC(=O)CO[C@H]1C[C@@H](NC(=O)CO[C@@H]2CCCOC2)C1)c1cnc[nH]1,"(4S)-2-oxo-1-(((1S,3R)-3-((((3R)-oxan-3-yl)oxymethylcarbonyl)amino)cyclobutyl)oxy)-4-(1H-imidazol-5-yl)-3-azapentane",,C[C@H](NC(=O)CO[C@H]1C[C@@H](NC(=O)CO[C@@H]2CCCOC2)C1)c1c[nH]cn1,
37165,CC1(C)C(=O)C[C@@H]1C(=O)NC[C@H]1CC[C@H](NC(=O)[C@H]2CCS(=O)(=O)C2(C)C)CC1,"(3R)-2,2-dimethyl-3-((((1S,4R)-4-((((1S)-2,2-dimethyl-3-oxocyclobutylcarbonyl)amino)methyl)cyclohexyl)amino)carbonyl)-1lambda6-thiolane 1,1-dioxide",,CC1(C)C(=O)CC1C(=O)NC[C@H]1CC[C@H](NC(=O)C2CCS(=O)(=O)C2(C)C)CC1,
37192,CO[C@@H](CNC(=O)C[C@H]1C[C@H](NC(=O)[C@]23CCC[C@H]2OCC3)C1)CC1CC1,"(1R,5S)-5-((((1R,3S)-3-((5R)-5-cyclopropylmethyl-2-oxo-3-aza-6-oxaheptyl)cyclobutyl)amino)carbonyl)-2-oxabicyclo[3.3.0]octane",,CO[C@@H](CNC(=O)C[C@H]1C[C@H](NC(=O)[C@]23CCC[C@H]2OCC3)C1)CC1CC1,
37207,C[C@H]1CC[C@@H](C)[C@@H]1N[C@H](c1nc(-c2cnn(C)c2)cs1)c1nnnn1CC(F)F,"(S)-1,1-difluoro-2-(5-(1-(4-(1-methylpyrazol-4-yl)thiazol-2-yl)-2-((2R,5S)-2,5-dimethylcyclopentyl)-2-azaethyl)tetrazol-1-yl)-ethane",FC(CN1N=NN=C1[C@H](NC1[C@@H](CC[C@@H]1C)C)C=1SC=C(N1)C=1C=NN(C1)C)F,C[C@@H]1CC[C@H](C)[C@H]1N[C@H](c1nc(-c2cnn(C)c2)cs1)c1nnnn1CC(F)F,C[C@@H]1CC[C@H](C)C1N[C@H](c1nc(-c2cnn(C)c2)cs1)c1nnnn1CC(F)F
37381,CO[C@H](C)C(=O)N1C[C@H]2[C@H](CNC(=O)c3noc4c3CCc3ccccc3-4)[C@H]2C1,"(1S,5R,6R)-3-((1R)-1-methyl-2-oxapropylcarbonyl)-6-(((4-aza-3-oxatricyclo[7.4.0.0^2,6]trideca-1(13),2(6),4(5),9(10),11(12)-pentaen-5-ylcarbonyl)amino)methyl)-3-azabicyclo[3.1.0]hexane",,COC(C)C(=O)N1C[C@@H]2[C@@H](CNC(=O)c3noc4c3CCc3ccccc3-4)[C@@H]2C1,
37452,O=C(CC(F)(F)F)NCC(=O)N1[C@H]2CC[C@@H]1C[C@H](CNC(=O)[C@@H](F)C(F)(F)F)C2,"(2R)-1,1,1,2-tetrafluoro-3-oxo-5-((1R,5S)-8-(((2,2,2-trifluoroethylcarbonyl)amino)methylcarbonyl)-8-azabicyclo[3.2.1]octan-3-yl)-4-azapentane",FC([C@@H](C(NCC1C[C@H]2CC[C@@H](C1)N2C(=O)CNC(=O)CC(F)(F)F)=O)F)(F)F,O=C(CC(F)(F)F)NCC(=O)N1[C@@H]2CC[C@H]1C[C@@H](CNC(=O)C(F)C(F)(F)F)C2,O=C(CC(F)(F)F)NCC(=O)N1[C@@H]2CC[C@H]1CC(CNC(=O)C(F)C(F)(F)F)C2
37459,CC(C)N1CC(NC(=O)[C@]2(NC(=O)C3=CC(C)(C)C3)C[C@@H](O)C2)C1,"1-isopropyl-3-((3-hydroxy-1-((3,3-dimethylcyclobut-1-en-1-ylcarbonyl)amino)cyclobutylcarbonyl)amino)azetidin",C(C)(C)N1CC(C1)NC(=O)C1(CC(C1)O)NC(=O)C1=CC(C1)(C)C,CC(C)N1CC(NC(=O)[C@]2(NC(=O)C3=CC(C)(C)C3)C[C@@H](O)C2)C1,CC(C)N1CC(NC(=O)C2(NC(=O)C3=CC(C)(C)C3)CC(O)C2)C1
37470,Nc1cccc(Cl)c1CNC(=O)c1cnn2c1C(=O)NCC2,"3-(((2-amino-6-chlorobenzyl)amino)carbonyl)-4,5,6,7-tetrahydropyrazolo[1,5-a]pyrazin-4(5H)-one",,Nc1cccc(Cl)c1CNC(=O)c1cnn2c1C(=O)NCC2,
37482,Cc1c(C(=O)N[C@H]2C[C@@H](NC(=O)c3c[nH]nc3Br)C2)oc2c(C)cccc12,"1-((3,7-dimethylcoumaron-2-ylcarbonyl)amino)-3-((3-bromo-1H-pyrazol-4-ylcarbonyl)amino)cyclobutane",CC1=C(OC2=C(C=CC=C12)C)C(=O)NC1CC(C1)NC(=O)C=1C(=NNC1)Br,Cc1c(C(=O)N[C@H]2C[C@@H](NC(=O)c3c[nH]nc3Br)C2)oc2c(C)cccc12,Cc1c(C(=O)NC2CC(NC(=O)c3c[nH]nc3Br)C2)oc2c(C)cccc12
37522,C[C@H](SC(F)(F)F)C(=O)NC[C@H]1C[C@@H](NC(=O)C[C@@H]2CCCOC2)C1,"(S)-1,1,1-trifluoro-3-methyl-4-oxo-6-((1R,3R)-3-((((3S)-oxan-3-yl)methylcarbonyl)amino)cyclobutyl)-5-aza-2-thiahexane",,CC(SC(F)(F)F)C(=O)NC[C@H]1C[C@@H](NC(=O)C[C@@H]2CCCOC2)C1,
37533,C[C@]1(C(=O)NC[C@H]2C[C@@H]3CC[C@H](C2)N3C(=O)c2ccc(NC=O)cc2)C[C@@H]1Br,"(1S,5R)-3-((((1R,2S)-2-bromo-1-methylcyclopropylcarbonyl)amino)methyl)-8-(4-((1-oxo-methyl)amino)benzoyl)-8-azabicyclo[3.2.1]octane",Br[C@@H]1[C@](C1)(C(=O)NCC1C[C@@H]2CC[C@H](C1)N2C(C2=CC=C(C=C2)NC=O)=O)C,C[C@]1(C(=O)NC[C@@H]2C[C@H]3CC[C@@H](C2)N3C(=O)c2ccc(NC=O)cc2)C[C@@H]1Br,C[C@]1(C(=O)NCC2C[C@H]3CC[C@@H](C2)N3C(=O)c2ccc(NC=O)cc2)C[C@@H]1Br
37595,CC1(CC(=O)N2CCO[C@]3(CC[C@H](NC(=O)C(=O)NCCC(N)=O)CC3)C2)CC1,4-((1-methylcyclopropyl)methylcarbonyl)-9-((((2-carbamylethyl)amino)carbonylcarbonyl)amino)-4-aza-1-oxaspiro[5.5]undecane,CC1(CC1)CC(=O)N1CCOC2(C1)CCC(CC2)NC(=O)C(=O)NCCC(N)=O,CC1(CC(=O)N2CCO[C@]3(CC[C@H](NC(=O)C(=O)NCCC(N)=O)CC3)C2)CC1,CC1(CC(=O)N2CCOC3(CCC(NC(=O)C(=O)NCCC(N)=O)CC3)C2)CC1
37638,Cc1nc(NC[C@]2(F)C[C@H](NC(=O)[C@]3(C)CCCCC3(F)F)C2)cc2nncn12,"2-methyl-4-((((1S)-1-fluoro-3-(((1S)-2,2-difluoro-1-methylcyclohexylcarbonyl)amino)cyclobutyl)methyl)amino)-1,3,7,8-tetraazabicyclo[4.3.0]nona-2(3),4(5),6(7),8(9)-tetraene",,Cc1nc(NC[C@]2(F)C[C@H](NC(=O)[C@]3(C)CCCCC3(F)F)C2)cc2nncn12,
37650,O=C(N[C@H]1CC[C@]2(CC1)CN(C(=O)C1CC(F)C1)CCO2)c1csc2nccn12,"8-(((4'-(3-fluorocyclobutylcarbonyl)spiro[cyclohexane-1,2'-morpholin]-4-yl)amino)carbonyl)-1,4-diaza-6-thiabicyclo[3.3.0]octa-2(3),4(5),7(8)-triene",FC1CC(C1)C(=O)N1CC2(OCC1)CCC(CC2)NC(=O)C2=CSC1=NC=CN21,O=C(N[C@H]1CC[C@]2(CC1)CN(C(=O)C1CC(F)C1)CCO2)c1csc2nccn12,O=C(NC1CCC2(CC1)CN(C(=O)C1CC(F)C1)CCO2)c1csc2nccn12
37789,CCC(CC)CCC(=O)N[C@]1(C)C[C@H](C(=O)NC[C@@]2(O)CCCC2(C)C)C1,"3-ethyl-1-((((1S)-1-methyl-3-(((((1R)-1-hydroxy-2,2-dimethylcyclopentyl)methyl)amino)carbonyl)cyclobutyl)amino)carbonyl)pentane",,CCC(CC)CCC(=O)NC1(C)CC(C(=O)NC[C@@]2(O)CCCC2(C)C)C1,
37800,CC[C@H](C)CC(=O)NC[C@]1(F)C[C@@H](CNC(=O)[C@H](C)Oc2cccc(C)c2C)C1,"(1R,3R)-1-fluoro-1-((((2S)-2-methyl-butylcarbonyl)amino)methyl)-3-((((1S)-1-(2,3-dimethylphenoxy)-ethylcarbonyl)amino)methyl)cyclobutane",,CC[C@H](C)CC(=O)NC[C@]1(F)C[C@@H](CNC(=O)C(C)Oc2cccc(C)c2C)C1,
37801,CC1(C)O[C@H]2C[C@H](Nc3ccc(I)cc3F)C[C@H]2O1,"(1S,5R)-3,3-dimethyl-7-((2-fluoro-4-iodophenyl)amino)-2,4-dioxabicyclo[3.3.0]octane",CC1(O[C@H]2CC(C[C@H]2O1)NC1=C(C=C(C=C1)I)F)C,CC1(C)O[C@H]2C[C@H](Nc3ccc(I)cc3F)C[C@H]2O1,CC1(C)O[C@H]2CC(Nc3ccc(I)cc3F)C[C@H]2O1
37838,CC[C@@H](CNC(=O)c1cccc2c1OCCC2)NC(=O)[C@H]1C[C@@](C)(O)C1,(2S)-1-((chroman-8-ylcarbonyl)amino)-2-(((3R)-3-hydroxy-3-methylcyclobutylcarbonyl)amino)butane,,CC[C@@H](CNC(=O)c1cccc2c1OCCC2)NC(=O)C1CC(C)(O)C1,
37859,O=C(N[C@@H]1CN(C(=O)C[C@@H]2C[C@H]3C[C@H]3C2)C2(CCOCC2)C1)C1=C[C@H]2CCC[C@@H]12,"(1R,5R)-6-((((3S)-1-(((1S,5R)-bicyclo[3.1.0]hexane-3-yl)methylcarbonyl)-1-aza-8-oxaspiro[4.5]decan-3-yl)amino)carbonyl)-bicyclo[3.2.0]hept-6(7)-ene",[C@@H]12CC(C[C@H]2C1)CC(=O)N1C[C@H](CC12CCOCC2)NC(=O)C=2[C@@H]1CCC[C@@H]1C2,O=C(N[C@@H]1CN(C(=O)C[C@H]2C[C@@H]3C[C@@H]3C2)C2(CCOCC2)C1)C1=C[C@H]2CCC[C@@H]12,O=C(N[C@@H]1CN(C(=O)CC2C[C@@H]3C[C@@H]3C2)C2(CCOCC2)C1)C1=C[C@H]2CCC[C@@H]12
37865,CN1CC(C)(C)C[C@@H]1C(=O)N[C@@H]1[C@H]2C[C@H](NC(=O)[C@H]3CC(C)(C)CO3)C[C@H]21,"(1S,3S,5R,6R)-3-(((5R)-3,3-dimethyloxolan-5-ylcarbonyl)amino)-6-(((5R)-1,3,3-trimethylpyrrolidin-5-ylcarbonyl)amino)-bicyclo[3.1.0]hexane",,CN1CC(C)(C)CC1C(=O)N[C@H]1[C@@H]2C[C@@H](NC(=O)C3CC(C)(C)CO3)C[C@@H]21,
37877,O=C(N[C@H]1[C@@H]2CN(C(=O)c3cnoc3-c3ccccc3F)C[C@@H]21)c1cncnc1,"(1S,5R)-3-(5-(2-fluorophenyl)isoxazol-4-ylcarbonyl)-6-((pyrimidin-5-carbonyl)amino)-3-azabicyclo[3.1.0]hexane",FC1=C(C=CC=C1)C1=C(C=NO1)C(=O)N1C[C@H]2C([C@H]2C1)NC(=O)C=1C=NC=NC1,O=C(N[C@H]1[C@@H]2CN(C(=O)c3cnoc3-c3ccccc3F)C[C@@H]21)c1cncnc1,O=C(NC1[C@H]2CN(C(=O)c3cnoc3-c3ccccc3F)C[C@@H]12)c1cncnc1
37896,O=C(CCNC(=O)[C@@H]1CCCO1)N[C@H]1CC[C@@H](NC(=O)C[C@H](O)CC2CC2)CC1,"(2R)-1-cyclopropyl-3-((((1R,4S)-4-((2-(((2S)-oxolan-2-ylcarbonyl)amino)ethylcarbonyl)amino)cyclohexyl)amino)carbonyl)-2-propanol",,O=C(CCNC(=O)C1CCCO1)N[C@H]1CC[C@@H](NC(=O)C[C@H](O)CC2CC2)CC1,
37922,C[C@H](C(=O)N[C@H]1C[C@@H](CNC(=O)[C@@H]2CCCc3ccnn32)C1)C1CCC1,"(2S)-2-(((((1R,3R)-3-(((1S)-1-cyclobutyl-ethylcarbonyl)amino)cyclobutyl)methyl)amino)carbonyl)-1,9-diazabicyclo[4.3.0]nona-6(7),8(9)-diene",,CC(C(=O)N[C@H]1C[C@@H](CNC(=O)C2CCCc3ccnn32)C1)C1CCC1,
38004,CN(C)[C@@H](COC(C)(C)C)C(=O)N1C[C@H]2[C@H](CNC(=O)C3CCC(F)CC3)[C@H]2C1,"(1S,5R,6S)-3-((1S)-4,4-dimethyl-1-(dimethylamino)-3-oxapentylcarbonyl)-6-(((4-fluorocyclohexylcarbonyl)amino)methyl)-3-azabicyclo[3.1.0]hexane",,CN(C)C(COC(C)(C)C)C(=O)N1C[C@@H]2[C@@H](CNC(=O)C3CCC(F)CC3)[C@@H]2C1,
38074,Cc1ccccc1C(=O)N1C[C@@H]2CC[C@H](C1)[C@H]2NC(=O)c1cccc(CO)c1,"1-(2-((1R,5S)-8-((3-hydroxymethylbenzoyl)amino)-3-azabicyclo[3.2.1]octan-3-ylcarbonyl)phenyl)-methane",OCC=1C=C(C(=O)NC2[C@H]3CN(C[C@@H]2CC3)C(=O)C3=C(C=CC=C3)C)C=CC1,Cc1ccccc1C(=O)N1C[C@H]2CC[C@@H](C1)[C@@H]2NC(=O)c1cccc(CO)c1,Cc1ccccc1C(=O)N1C[C@H]2CC[C@@H](C1)C2NC(=O)c1cccc(CO)c1
38150,C[C@@H](CNC(=O)c1ccnn1-c1ccncc1)n1cc([C@H](C)[C@@H]2CCOC2)nn1,"(R,S)-4-(5-(((2-(4-(1-((3S)-oxolan-3-yl)-ethyl)-1,2,3-triazol-1-yl)-propyl)amino)carbonyl)pyrazol-1-yl)pyridin",O1C[C@@H](CC1)[C@H](C)C=1N=NN(C1)[C@@H](CNC(=O)C1=CC=NN1C1=CC=NC=C1)C,C[C@@H](c1cn([C@@H](C)CNC(=O)c2ccnn2-c2ccncc2)nn1)[C@@H]1CCOC1,C[C@H](c1cn([C@H](C)CNC(=O)c2ccnn2-c2ccncc2)nn1)[C@@H]1CCOC1
38179,C[C@H]1C[C@H]1c1ccc(C=CC(=O)NC2CC(CCN=c3[nH]nc(C(F)F)s3)C2)o1,"2-difluoromethyl-5-((2-(3-((2-(2-((1R,2S)-2-methylcyclopropyl)-5-furyl)-ethen-1-ylcarbonyl)amino)cyclobutyl)-ethyl)imino)-1,3,4-thiadiazole",FC(C1SC(N=N1)=NCCC1CC(C1)NC(=O)C=CC1=CC=C(O1)[C@H]1[C@H](C1)C)F,C[C@H]1C[C@H]1c1ccc(C=CC(=O)NC2CC(CCNc3nnc(C(F)F)s3)C2)o1,C[C@H]1C[C@H]1c1ccc(C=CC(=O)NC2CC(CCN=C3N=NC(C(F)F)S3)C2)o1
38183,C=C(C)C(C)(C)C(=O)N[C@@H]1C[C@@H]2CC[C@H](C1)N2C(=O)C1(NC(C)=O)CCC1,"(1S,5R)-3-((2,3-dimethyl-but-3-en-2-ylcarbonyl)amino)-8-(1-acetamidocyclobutylcarbonyl)-8-azabicyclo[3.2.1]octane",CC(C)(C(=C)C)C(=O)NC1C[C@@H]2CC[C@H](C1)N2C(=O)C2(CCC2)NC(C)=O,C=C(C)C(C)(C)C(=O)N[C@H]1C[C@H]2CC[C@@H](C1)N2C(=O)C1(NC(C)=O)CCC1,C=C(C)C(C)(C)C(=O)NC1C[C@H]2CC[C@@H](C1)N2C(=O)C1(NC(C)=O)CCC1
38192,C=CCCOCC(=O)NC[C@]1(F)C[C@H](NC(=O)c2ccc3[nH]cc(C#N)c3c2)C1,"3-cyano-5-(((3-fluoro-3-((((homoallyl)oxymethylcarbonyl)amino)methyl)cyclobutyl)amino)carbonyl)-1H-benzo[1,2-b]pyrrole",C(#N)C=1C2=C(NC1)C=CC(=C2)C(=O)NC2CC(C2)(CNC(=O)COCCC=C)F,C=CCCOCC(=O)NC[C@]1(F)C[C@H](NC(=O)c2ccc3[nH]cc(C#N)c3c2)C1,C=CCCOCC(=O)NCC1(F)CC(NC(=O)c2ccc3[nH]cc(C#N)c3c2)C1
38212,CCOC(=O)C[C@@H](C)C(=O)N[C@]1(C(=O)N(C)CCCCN(C)C)C[C@H](O)C1,"7-methyl-2-((3S)-3-hydroxy-1-(((2R)-4-ethoxy-4-oxo-butan-2-ylcarbonyl)amino)cyclobutylcarbonyl)-2,7-diazaoctane",,CCOC(=O)CC(C)C(=O)N[C@]1(C(=O)N(C)CCCCN(C)C)C[C@H](O)C1,
38213,CC[C@]1(C)C[C@@H]1C(=O)NC[C@]1(F)C[C@H](NC(=O)c2cc(F)c(F)c(O)c2F)C1,"1,2,4-trifluoro-3-hydroxy-5-((((1S)-3-fluoro-3-((((1S,2R)-2-ethyl-2-methylcyclopropylcarbonyl)amino)methyl)cyclobutyl)amino)carbonyl)benzene",,CC[C@]1(C)CC1C(=O)NC[C@]1(F)C[C@H](NC(=O)c2cc(F)c(F)c(O)c2F)C1,
38220,CC(C)CN1CCC[C@H](C(=O)N[C@@H](C)[C@H]2CN(C(=O)CCC(F)F)CCO2)C1,"(S,R)-2-(1-(((3S)-1-isobutylpiperidin-3-ylcarbonyl)amino)-ethyl)-4-(1-(2,2-difluoroethyl)-methylcarbonyl)morpholin",C(C(C)C)N1C[C@H](CCC1)C(=O)N[C@H](C)[C@@H]1CN(CCO1)C(=O)CCC(F)F,CC(C)CN1CCCC(C(=O)N[C@@H](C)[C@H]2CN(C(=O)CCC(F)F)CCO2)C1,CC(C)CN1CCCC(C(=O)N[C@H](C)[C@@H]2CN(C(=O)CCC(F)F)CCO2)C1
38225,CNS(=O)(=O)CC(=O)NC[C@@H]1C[C@@H]2CC[C@H](C1)N2C(=O)C(C)(C)[C@H]1CCCO1,"(1S,3R,5R)-3-(((2,2-dioxo-3-aza-2-thiabutylcarbonyl)amino)methyl)-8-(1-methyl-1-((2R)-oxolan-2-yl)-ethylcarbonyl)-8-azabicyclo[3.2.1]octane",,CNS(=O)(=O)CC(=O)NC[C@H]1C[C@H]2CC[C@@H](C1)N2C(=O)C(C)(C)[C@H]1CCCO1,
38232,C[C@@H]1CCC=C1C(=O)N[C@H]1C[C@H](CNC(=O)[C@]2(F)CC=CCC2)C1,"(1R,3R)-1-((((1R)-1-fluorocyclohex-3-en-1-ylcarbonyl)amino)methyl)-3-(((2R)-2-methylcyclopent-5-en-1-ylcarbonyl)amino)cyclobutane",,C[C@@H]1CCC=C1C(=O)N[C@H]1C[C@H](CNC(=O)[C@]2(F)CC=CCC2)C1,
38243,CCOc1ccnc(N[C@H]2C[C@](F)(CNC(=O)[C@@H]3CC[C@@H]([C@@H]4CCCO4)O3)C2)n1,"4-ethoxy-2-(((1R)-3-fluoro-3-((((2S,5S)-2-((2S)-oxolan-2-yl)oxolan-5-ylcarbonyl)amino)methyl)cyclobutyl)amino)pyrimidin",,CCOc1ccnc(N[C@H]2C[C@](F)(CNC(=O)C3CC[C@@H]([C@@H]4CCCO4)O3)C2)n1,
38273,Cc1nc(C(=O)N2C[C@@H](N(C)C(=O)C=C3CCN(C)CC3)C(C)(C)C2)c(C)n1C,"1-methyl-4-(N-((4S)-3,3-dimethyl-1-(1,2,5-trimethylimidazol-4-ylcarbonyl)pyrrolidin-4-yl)-N-methylcarbamoylmethylidene)piperidin",,Cc1nc(C(=O)N2C[C@@H](N(C)C(=O)C=C3CCN(C)CC3)C(C)(C)C2)c(C)n1C,
38308,C#C[C@H]1CN(C(=O)[C@@H]2Cc3ccccc32)CCN1C(=O)[C@H]1C[C@@H]1C(C)(F)F,"1-((2S)-1-((1S,2S)-2-((methyl)difluoromethyl)cyclopropylcarbonyl)-4-((2R)-benzocyclobutene-2-ylcarbonyl)piperazin-2-yl)ethyn",,C#C[C@H]1CN(C(=O)C2Cc3ccccc32)CCN1C(=O)C1C[C@@H]1C(C)(F)F,
38328,O=C(/C=C/C=C/c1ccccc1)NC[C@H]1C[C@H](NC(=O)C[C@H]2CC3(CC3)CO2)C1,"(6R)-6-(2-oxo-3-((trans)-3-(((4-phenyl-1,3-butadien-1-ylcarbonyl)amino)methyl)cyclobutyl)-3-azapropyl)-5-oxaspiro[2.4]heptane",O=C(C[C@@H]1OCC2(CC2)C1)N[C@@H]1C[C@H](C1)CNC(=O)C=CC=CC1=CC=CC=C1,O=C(/C=C/C=C/c1ccccc1)NC[C@H]1C[C@H](NC(=O)C[C@H]2CC3(CC3)CO2)C1,O=C(C=CC=Cc1ccccc1)NC[C@H]1C[C@H](NC(=O)C[C@H]2CC3(CC3)CO2)C1
38332,CC[C@@H](C)C(=O)N[C@H]1C[C@@H]2C[C@H](C1)CN(C(=O)c1[nH]c(C)c(S(N)(=O)=O)c1C)C2,"(2R)-2-((((1R,5S)-3-(3-aminosulfonyl-2,4-dimethyl-1H-pyrrol-5-ylcarbonyl)-3-azabicyclo[3.3.1]nonan-7-yl)amino)carbonyl)butane",NS(=O)(=O)C1=C(NC(=C1C)C(=O)N1C[C@H]2CC(C[C@@H](C1)C2)NC(=O)[C@H](C)CC)C,CCC(C)C(=O)N[C@@H]1C[C@H]2C[C@@H](C1)CN(C(=O)c1[nH]c(C)c(S(N)(=O)=O)c1C)C2,CCC(C)C(=O)NC1C[C@@H]2C[C@H](C1)CN(C(=O)c1[nH]c(C)c(S(N)(=O)=O)c1C)C2
38339,CCOCCO[C@H](C)C(=O)NC[C@]1(F)C[C@@H](NC(=O)[C@@H](O)P(C)(C)=O)C1,"(S)-bis(methyl)(1-hydroxy-2-oxo-3-((1S,3R)-3-fluoro-3-((((1R)-1-methyl-2,5-dioxaheptylcarbonyl)amino)methyl)cyclobutyl)-3-azapropyl)phosphine oxide",,CCOCCOC(C)C(=O)NC[C@]1(F)C[C@@H](NC(=O)C(O)P(C)(C)=O)C1,
38356,N#C[C@H]1C[C@H]1C(=O)N[C@H](CNC(=O)[C@H]1C[C@@H](OC(F)F)C1)c1ccc(F)cc1F,"2,4-difluoro-1-(1-((((cis)-3-difluoromethoxycyclobutylcarbonyl)amino)methyl)-1-(((1R,2S)-2-cyanocyclopropylcarbonyl)amino)-methyl)benzene",FC1=C(C=CC(=C1)F)C(NC(=O)[C@H]1[C@H](C1)C#N)CNC(=O)[C@@H]1C[C@@H](C1)OC(F)F,N#C[C@H]1CC1C(=O)N[C@H](CNC(=O)C1CC(OC(F)F)C1)c1ccc(F)cc1F,N#C[C@H]1CC1C(=O)NC(CNC(=O)C1CC(OC(F)F)C1)c1ccc(F)cc1F
38370,C[C@@H](C(=O)N[C@H]1C[C@H](C(=O)N2CCC[C@@](C)(O)C2)C1)c1ccc(O)cc1,"(3R)-3-hydroxy-3-methyl-1-((1R,3R)-3-(((1R)-1-(4-hydroxyphenyl)-ethylcarbonyl)amino)cyclobutylcarbonyl)piperidin",,CC(C(=O)NC1CC(C(=O)N2CCC[C@@](C)(O)C2)C1)c1ccc(O)cc1,
38391,CO[C@]1(C(F)(F)F)C[C@H](C(=O)N[C@@H]2C[C@H]2NC(=O)c2cncc(C)c2)C1,"3-methyl-5-((((1R,2R)-2-(((3S)-3-methoxy-3-trifluoromethylcyclobutylcarbonyl)amino)cyclopropyl)amino)carbonyl)pyridin",,COC1(C(F)(F)F)CC(C(=O)N[C@@H]2C[C@H]2NC(=O)c2cncc(C)c2)C1,
38396,CO[C@](C)(CO)C(=O)N[C@@H]1C[C@H]2[C@@H](C1)[C@@H]2NC(=O)[C@H]1CCC(=O)N1C,"(1S,3R,5R,6R)-3-(((2R)-1-hydroxy-2-methoxy-propan-2-ylcarbonyl)amino)-6-(((5R)-1-methyl-2-oxopyrrolidin-5-ylcarbonyl)amino)-bicyclo[3.1.0]hexane",,CO[C@](C)(CO)C(=O)N[C@H]1C[C@@H]2[C@H](C1)[C@H]2NC(=O)C1CCC(=O)N1C,
38404,CN(CCC1CCOCC1)C(=O)CO[C@H]1C[C@@H](NC(=O)CSC(F)(F)F)C1,1-((1-trifluoromethylsulfanyl-methylcarbonyl)amino)-3-((3-methyl-2-oxo-5-(oxan-4-yl)-3-azapentyl)oxy)cyclobutane,FC(F)(F)SCC(=O)NC1CC(C1)OCC(N(CCC1CCOCC1)C)=O,CN(CCC1CCOCC1)C(=O)CO[C@H]1C[C@@H](NC(=O)CSC(F)(F)F)C1,CN(CCC1CCOCC1)C(=O)COC1CC(NC(=O)CSC(F)(F)F)C1
38426,CSCCC(C)(C)C(=O)N[C@H]1[C@@H]2CN(C(=O)C[C@@H]3CCCCC(=O)N3)C[C@@H]21,"(1S,5R,6R)-3-(((7S)-2-oxoazepan-7-yl)methylcarbonyl)-6-((2-methyl-4-methylsulfanyl-butan-2-ylcarbonyl)amino)-3-azabicyclo[3.1.0]hexane",,CSCCC(C)(C)C(=O)N[C@H]1[C@@H]2CN(C(=O)C[C@@H]3CCCCC(=O)N3)C[C@@H]21,
38482,CCC(=O)N1CC[C@H](C(=O)N[C@H]2CC[C@]3(CC2)CN(C(=O)[C@@H]2C[C@@H]2C)CCO3)C1,"(3R,6S)-10-((1R,2S)-2-methylcyclopropylcarbonyl)-3-(((3S)-1-propionylpyrrolidin-3-ylcarbonyl)amino)-10-aza-7-oxaspiro[5.5]undecane",,CCC(=O)N1CCC(C(=O)N[C@H]2CC[C@]3(CC2)CN(C(=O)C2C[C@@H]2C)CCO3)C1,
38501,CC[C@](C)(O)C(=O)NC[C@]1(F)C[C@H](CNC(=O)c2cc(F)cc(Cl)c2)C1,(4S)-4-hydroxy-4-methyl-3-oxo-1-((3S)-1-fluoro-3-(((3-chloro-5-fluorobenzoyl)amino)methyl)cyclobutyl)-2-azahexane,,CC[C@](C)(O)C(=O)NC[C@]1(F)C[C@H](CNC(=O)c2cc(F)cc(Cl)c2)C1,
38554,C#CCC(C)(C)C(=O)N[C@H]1C[C@@](C)(NC(=O)[C@@H](C)C(=O)OC(C)(C)C)C1,"(5R)-2,2-dimethyl-4-oxo-5-((((3S)-1-methyl-3-((2-methyl-pent-4-yn-2-ylcarbonyl)amino)cyclobutyl)amino)carbonyl)-3-oxahexane",,C#CCC(C)(C)C(=O)N[C@H]1C[C@@](C)(NC(=O)C(C)C(=O)OC(C)(C)C)C1,
38557,COC(=O)C(C(=O)OC)[C@@H](C)N[C@H]1C[C@H](C)S(=O)(=O)[C@H](C)C1,"(2R,6S)-2,6-dimethyl-4-(((2R)-4-methoxy-3-methoxycarbonyl-4-oxo-butan-2-yl)amino)-1lambda6-thiane 1,1-dioxide",C[C@H]1S([C@H](CC(C1)N[C@H](C)C(C(=O)OC)C(=O)OC)C)(=O)=O,COC(=O)C(C(=O)OC)[C@@H](C)N[C@@H]1C[C@@H](C)S(=O)(=O)[C@@H](C)C1,COC(=O)C(C(=O)OC)[C@@H](C)NC1C[C@@H](C)S(=O)(=O)[C@@H](C)C1
38591,CC=C(C)C(=O)NC[C@H]1C[C@@](F)(CNC(=O)[C@@]2(C#N)CC23CCCC3)C1,(2S)-2-cyano-2-(((((3S)-1-fluoro-3-(((but-2-en-2-ylcarbonyl)amino)methyl)cyclobutyl)methyl)amino)carbonyl)-spiro[2.4]heptane,,CC=C(C)C(=O)NC[C@H]1C[C@@](F)(CNC(=O)[C@@]2(C#N)CC23CCCC3)C1,
38621,CN1C[C@H]2[C@@H](C1)[C@@H]2C(=O)N[C@H]1CN(C(=O)c2cccc(F)c2)CC2(CCC2)C1,"(1S,5R,R)-3-methyl-6-(((1'-(3-fluorobenzoyl)spiro[cyclobutane-1,3'-piperidin]-5'-yl)amino)carbonyl)-3-azabicyclo[3.1.0]hexane",,CN1C[C@@H]2C(C(=O)N[C@H]3CN(C(=O)c4cccc(F)c4)CC4(CCC4)C3)[C@@H]2C1,
38725,CC1=NO[C@](C)(C(=O)N[C@H](C)CC2CN(C(=O)[C@H](C)OC3COC3)C2)C1,"(R,S)-2,4-dimethyl-2-(((1-((1-((1S)-1-((oxetan-3-yl)oxy)-ethylcarbonyl)azetidin-3-yl)methyl)-ethyl)amino)carbonyl)-5-aza-1-oxacyclopent-4-en",C[C@]1(ON=C(C1)C)C(=O)N[C@@H](C)CC1CN(C1)C(=O)[C@H](C)OC1COC1,CC1=NO[C@](C)(C(=O)N[C@H](C)CC2CN(C(=O)C(C)OC3COC3)C2)C1,CC1=NO[C@@](C)(C(=O)N[C@@H](C)CC2CN(C(=O)C(C)OC3COC3)C2)C1
38746,C=C=C[C@H](C)C(=O)N1C[C@@H]2C[C@H](NC(=O)C3CC(=C4CC4)C3)C[C@@H](C2)C1,"(2S)-2-((1R,5S,7R)-7-((3-cyclopropylidenecyclobutylcarbonyl)amino)-3-azabicyclo[3.3.1]nonan-3-ylcarbonyl)-3,4-pentadien",,C=C=CC(C)C(=O)N1C[C@@H]2C[C@@H](C[C@H](NC(=O)C3CC(=C4CC4)C3)C2)C1,
38770,CCCCC[C@H](O)C(=O)N(C)C[C@H]1[C@@H]2CN(C(=O)[C@@H](NC(C)=O)C(C)(C)C)C[C@H]12,"(1R,5S,6S)-3-((1S)-3-oxo-1-t-butyl-2-azabutylcarbonyl)-6-((N-((1S)-1-hydroxy-hexylcarbonyl)-N-methylamino)methyl)-3-azabicyclo[3.1.0]hexane",,CCCCCC(O)C(=O)N(C)C[C@@H]1[C@H]2CN(C(=O)C(NC(C)=O)C(C)(C)C)C[C@@H]12,
38774,COc1cc(OC)c(C2CCN(C[C@H]3C[C@@H]3C(=O)O)CC2)c(OC)c1,"(trans)-1-carboxy-2-((4-(2,4,6-trimethoxyphenyl)piperidino)methyl)cyclopropane",C(=O)(O)[C@H]1[C@@H](C1)CN1CCC(CC1)C1=C(C=C(C=C1OC)OC)OC,COc1cc(OC)c(C2CCN(C[C@H]3CC3C(=O)O)CC2)c(OC)c1,COc1cc(OC)c(C2CCN(C[C@@H]3CC3C(=O)O)CC2)c(OC)c1
38847,COCCN(CCNC(=O)[C@H](C1CC1)[C@@H]1CCCO1)C(=O)[C@H]1CC[C@H]2C[C@H]2CC1,"(1S,7R,R)-4-(N-(2-((((2S)-oxolan-2-yl)(cyclopropyl)methylcarbonyl)amino)ethyl)-N-(3-oxabutyl)carbamoyl)-bicyclo[5.1.0]octane",,COCCN(CCNC(=O)C(C1CC1)[C@@H]1CCCO1)C(=O)C1CC[C@@H]2C[C@@H]2CC1,
38880,O=C([C@H]1CSCCN1C(=O)c1cc(F)c(Cl)c(Br)c1)N1C[C@@H]2[C@@H](CO)[C@@H]2C1,"(1S,5R,6S)-6-hydroxymethyl-3-((3S)-4-(3-bromo-4-chloro-5-fluorobenzoyl)thiamorpholin-3-ylcarbonyl)-3-azabicyclo[3.1.0]hexane",,O=C(C1CSCCN1C(=O)c1cc(F)c(Cl)c(Br)c1)N1C[C@@H]2[C@@H](CO)[C@@H]2C1,
38999,CC(C)[C@@H](C)C(=O)N[C@]1(C)C[C@H](NC(=O)C2CCc3ccccc3CC2)C1,"(3R)-2-methyl-3-((((3S)-1-methyl-3-((6,7,8,9-tetrahydro-5H-benzo[7]annulene-7-ylcarbonyl)amino)cyclobutyl)amino)carbonyl)butane",,CC(C)C(C)C(=O)N[C@]1(C)C[C@H](NC(=O)C2CCc3ccccc3CC2)C1,
39038,CN(C[C@H]1[C@@H]2CN(C(=O)CNC=O)C[C@H]12)C(=O)c1cccc2c1ncn2C,"3-methyl-7-(N-(((1S,5R)-3-(((1-oxo-methyl)amino)methylcarbonyl)-3-azabicyclo[3.1.0]hexane-6-yl)methyl)-N-methylcarbamoyl)-imidazo[4,5-a]benzene",CN1C=NC=2C1=CC=CC2C(N(C)CC2[C@H]1CN(C[C@@H]21)C(=O)CNC=O)=O,CN(C[C@@H]1[C@H]2CN(C(=O)CNC=O)C[C@@H]12)C(=O)c1cccc2c1ncn2C,CN(CC1[C@H]2CN(C(=O)CNC=O)C[C@@H]12)C(=O)c1cccc2c1ncn2C
39045,O=C(NC[C@]1(F)C[C@@H](NC(=O)C2CC(CCO)C2)C1)c1cnc2n1CCCCC2,"10-((((1-fluoro-3-((3-(3-oxapropyl)cyclobutylcarbonyl)amino)cyclobutyl)methyl)amino)carbonyl)-1,8-diazabicyclo[5.3.0]deca-7(8),9(10)-diene",FC1(CC(C1)NC(=O)C1CC(C1)CCO)CNC(=O)C1=CN=C2CCCCCN12,O=C(NC[C@]1(F)C[C@@H](NC(=O)C2CC(CCO)C2)C1)c1cnc2n1CCCCC2,O=C(NCC1(F)CC(NC(=O)C2CC(CCO)C2)C1)c1cnc2n1CCCCC2
39083,Cc1ocnc1CC(=O)N1[C@H]2CC[C@@H]1C[C@H](CNC(=O)[C@@H]1CCCN1N=O)C2,"(1S,5R)-3-((((2S)-1-nitrosopyrrolidin-2-ylcarbonyl)amino)methyl)-8-((5-methyloxazol-4-yl)methylcarbonyl)-8-azabicyclo[3.2.1]octane",N(=O)N1[C@@H](CCC1)C(=O)NCC1C[C@@H]2CC[C@H](C1)N2C(=O)CC=2N=COC2C,Cc1ocnc1CC(=O)N1[C@@H]2CC[C@H]1C[C@@H](CNC(=O)C1CCCN1N=O)C2,Cc1ocnc1CC(=O)N1[C@@H]2CC[C@H]1CC(CNC(=O)C1CCCN1N=O)C2
39137,Cc1ncoc1C(=O)N1[C@H]2CC[C@@H]1C[C@](O)(CNC(=O)c1ccoc1C(C)C)C2,"(1S,5R)-3-hydroxy-3-(((2-isopropyl-3-furylcarbonyl)amino)methyl)-8-(4-methyloxazol-5-ylcarbonyl)-8-azabicyclo[3.2.1]octane",OC1(C[C@@H]2CC[C@H](C1)N2C(=O)C2=C(N=CO2)C)CNC(=O)C2=C(OC=C2)C(C)C,Cc1ncoc1C(=O)N1[C@@H]2CC[C@H]1C[C@@](O)(CNC(=O)c1ccoc1C(C)C)C2,Cc1ncoc1C(=O)N1[C@@H]2CC[C@H]1CC(O)(CNC(=O)c1ccoc1C(C)C)C2
39173,C[C@H](NC(=O)C1(C2CC2)CN(C(=O)[C@H]2CCC[C@@H]2O)C1)[C@H]1CN(C)CCO1,"(S,R)-4-methyl-2-(1-((3-cyclopropyl-1-((1S,2S)-2-hydroxycyclopentylcarbonyl)azetidin-3-ylcarbonyl)amino)-ethyl)morpholin",CN1C[C@H](OCC1)[C@@H](C)NC(=O)C1(CN(C1)C(=O)[C@@H]1[C@H](CCC1)O)C1CC1,C[C@H](NC(=O)C1(C2CC2)CN(C(=O)C2CCC[C@@H]2O)C1)[C@H]1CN(C)CCO1,C[C@@H](NC(=O)C1(C2CC2)CN(C(=O)C2CCC[C@@H]2O)C1)[C@@H]1CN(C)CCO1
39183,Cn1ncnc1CCC(=O)N[C@H]1C[C@]2(C(=O)NC[C@@H]3[C@H]4CCC[C@H]43)CO[C@H]1C2,"(1S,5R)-6-((((1R,4S,5S)-5-((2-(1-methyl-1,2,4-triazol-5-yl)ethylcarbonyl)amino)-3-oxabicyclo[2.2.1]heptan-1-ylcarbonyl)amino)methyl)-bicyclo[3.1.0]hexane",CN1N=CN=C1CCC(=O)N[C@@H]1[C@H]2OC[C@@](C1)(C2)C(=O)NCC2[C@@H]1CCC[C@H]21,Cn1ncnc1CCC(=O)N[C@H]1C[C@]2(C(=O)NC[C@H]3[C@@H]4CCC[C@@H]43)CO[C@H]1C2,Cn1ncnc1CCC(=O)N[C@H]1C[C@]2(C(=O)NCC3[C@H]4CCC[C@@H]34)CO[C@H]1C2
39346,CN(CCO)CCC(=O)NCCCCCCNC(=O)C12CC(C)(C1)OC21CCC1,,,CN(CCO)CCC(=O)NCCCCCCNC(=O)C12CC(C)(C1)OC21CCC1,
39398,Cc1ccc(SCC(=O)NC[C@@H](CO)NC(=O)[C@H]2C[C@](F)(CO)C2)c(C)c1,"(5S)-6-hydroxy-2-oxo-1-(2,4-dimethylphenylsulfanyl)-5-(((3R)-3-fluoro-3-hydroxymethylcyclobutylcarbonyl)amino)-3-azahexane",,Cc1ccc(SCC(=O)NC[C@@H](CO)NC(=O)C2CC(F)(CO)C2)c(C)c1,
39402,CC[C@@H](C(=O)N1[C@@H](C(=O)N[C@@H]2C[C@@H]3CC[C@H](C2)[C@@H]3O)[C@@H]2C[C@@H](O)[C@H]1C2)C(C)C,"(1R,3R,4S,6R)-6-hydroxy-2-((3R)-2-methyl-pentan-3-ylcarbonyl)-3-((((1R,5S,8R)-8-hydroxy-bicyclo[3.2.1]octan-3-yl)amino)carbonyl)-2-azabicyclo[2.2.1]heptane",,CCC(C(=O)N1C(C(=O)N[C@H]2C[C@H]3CC[C@@H](C2)[C@H]3O)[C@@H]2C[C@@H](O)[C@H]1C2)C(C)C,
39419,COCCN=C(NCc1c(S(C)(=O)=O)cnn1C)NC[C@@H]1C[C@@H]1CF,(cis)-1-fluoromethyl-2-((N-(1-(((4-mesyl-1-methylpyrazol-5-yl)methyl)amino)-2-aza-5-oxahexen-1-yl)amino)methyl)cyclopropane,FC[C@H]1[C@H](C1)CNC(=NCCOC)NCC1=C(C=NN1C)S(=O)(=O)C,COCCN=C(NCc1c(S(C)(=O)=O)cnn1C)NC[C@@H]1C[C@@H]1CF,COCCN=C(NCc1c(S(C)(=O)=O)cnn1C)NC[C@H]1C[C@H]1CF
39501,O=C(C=CC1CCCCC1)NC[C@]1(C(=O)NOC[C@H](O)CO)CCCO1,"5-cyclohexyl-3-oxo-1-((2S)-2-((((1R)-(2,3-dihydroxypropyl)oxy)amino)carbonyl)oxolan-2-yl)-2-aza-4-penten",,O=C(C=CC1CCCCC1)NC[C@]1(C(=O)NOC[C@H](O)CO)CCCO1,
39519,Cc1ccc(CC(=O)N(C)CCCN(C)C(=O)[C@]2(C)C[C@@H]3C[C@@H]3C2)o1,"3-methyl-2-oxo-1-(2-methyl-5-furyl)-7-((1S,5R)-3-methylbicyclo[3.1.0]hexane-3-ylcarbonyl)-3,7-diazaoctane",CN(C(CC1=CC=C(O1)C)=O)CCCN(C)C(=O)C1(C[C@@H]2C[C@@H]2C1)C,Cc1ccc(CC(=O)N(C)CCCN(C)C(=O)[C@@]2(C)C[C@H]3C[C@H]3C2)o1,Cc1ccc(CC(=O)N(C)CCCN(C)C(=O)C2(C)C[C@H]3C[C@H]3C2)o1
39524,O=C(N[C@H]1C[C@@](F)(CNC(=O)[C@@H]2CCC[C@@H]2O)C1)c1ccc(-n2ccnc2)nc1,"2-(imidazol-1-yl)-5-((((1R)-3-fluoro-3-((((1R,2S)-2-hydroxycyclopentylcarbonyl)amino)methyl)cyclobutyl)amino)carbonyl)pyridin",,O=C(N[C@H]1C[C@@](F)(CNC(=O)C2CCC[C@@H]2O)C1)c1ccc(-n2ccnc2)nc1,
39537,CC(C)N(C)CCCCC(=O)N[C@H]1C[C@@H]1CNC(=O)COC(F)(F)C(F)(F)F,"(trans)-1-((((1,1,2,2,2-pentafluoro-ethyl)oxymethylcarbonyl)amino)methyl)-2-((4-(isopropyl(methyl)amino)butylcarbonyl)amino)cyclopropane",FC(C(F)(F)F)(F)OCC(=O)NC[C@H]1[C@@H](C1)NC(=O)CCCCN(C)C(C)C,CC(C)N(C)CCCCC(=O)N[C@H]1C[C@@H]1CNC(=O)COC(F)(F)C(F)(F)F,CC(C)N(C)CCCCC(=O)N[C@@H]1C[C@H]1CNC(=O)COC(F)(F)C(F)(F)F
39604,CCC(CC)C(=O)N[C@]1(C)C[C@H](NC(=O)c2ccc(-n3c(C)cnc3O)cc2)C1,3-(((1-methyl-3-(N-(4-(2-hydroxy-5-methylimidazol-1-yl)benzoyl)amino)cyclobutyl)amino)carbonyl)pentane,CC1(CC(C1)NC(C1=CC=C(C=C1)N1C(=NC=C1C)O)=O)NC(=O)C(CC)CC,CCC(CC)C(=O)N[C@]1(C)C[C@H](NC(=O)c2ccc(-n3c(C)c[nH]c3=O)cc2)C1,CCC(CC)C(=O)NC1(C)CC(NC(=O)c2ccc(-n3c(C)c[nH]c3=O)cc2)C1
39614,CCNC(=O)C(=O)NC[C@@H]1C[C@H](COC)CN1C(=O)C#CC1CC1,"(2S,4S)-1-cyclopropylethynylcarbonyl-4-methoxymethyl-2-(((((ethyl)amino)carbonylcarbonyl)amino)methyl)pyrrolidin",,CCNC(=O)C(=O)NC[C@@H]1C[C@H](COC)CN1C(=O)C#CC1CC1,
39628,Cc1cc(C(=O)N2CCC[C@](O)(CN(C)C(=O)C[C@@H]3C[C@H]4C[C@H]4C3)C2)c(C)cn1,"(1R,5S)-3-(2-oxo-3-(((3S)-3-hydroxy-1-(2,5-dimethyl-4-pyridylcarbonyl)piperidin-3-yl)methyl)-3-azabutyl)-bicyclo[3.1.0]hexane",O=C(CC1C[C@H]2C[C@H]2C1)N(C)C[C@@]1(CN(CCC1)C(=O)C1=CC(=NC=C1C)C)O,Cc1cc(C(=O)N2CCC[C@](O)(CN(C)C(=O)C[C@H]3C[C@@H]4C[C@@H]4C3)C2)c(C)cn1,Cc1cc(C(=O)N2CCC[C@](O)(CN(C)C(=O)CC3C[C@@H]4C[C@@H]4C3)C2)c(C)cn1
39685,CC1(C)CCC[C@H](C(=O)N[C@H](C(=O)N[C@@H](CO)c2cscn2)C(C)(C)O)C1,"(S,R)-4-(5-hydroxy-1-hydroxymethyl-5-methyl-3-oxo-4-(((1S)-3,3-dimethylcyclohexylcarbonyl)amino)-2-azahexyl)thiazol",OC([C@H](C(N[C@H](CO)C=1N=CSC1)=O)NC(=O)[C@@H]1CC(CCC1)(C)C)(C)C,CC1(C)CCCC(C(=O)NC(C(=O)N[C@@H](CO)c2cscn2)C(C)(C)O)C1,CC1(C)CCCC(C(=O)NC(C(=O)N[C@H](CO)c2cscn2)C(C)(C)O)C1
39686,CC(C)OCC(=O)N[C@@H]1C[C@H]2CC[C@@H]1[C@@H](NC(=O)CCNC(=O)c1ccco1)C2,"(1S,3R,4R,7S)-3-isopropoxymethylcarbonylamino-7-((2-((2-furylcarbonyl)amino)ethylcarbonyl)amino)-bicyclo[2.2.2]octane",C(C)(C)OCC(=O)N[C@@H]1C[C@@H]2CC[C@@H]1C[C@@H]2NC(=O)CCNC(=O)C=2OC=CC2,CC(C)OCC(=O)N[C@@H]1C[C@H]2CC[C@@H]1[C@@H](NC(=O)CCNC(=O)c1ccco1)C2,CC(C)OCC(=O)N[C@@H]1C[C@@H]2CC[C@@H]1C[C@@H]2NC(=O)CCNC(=O)c1ccco1
39755,C=CCO[C@H](C)C(=O)NC12CC(CNC(=O)[C@H]3C[C@@H]4CC[C@H](C3)[C@@H]4O)(C1)O[C@@H]2C,"(3R)-3-methyl-1-((((1R,5S,8R)-8-hydroxy-bicyclo[3.2.1]octan-3-ylcarbonyl)amino)methyl)-4-(((1R)-1-methyl-2-oxa4-penten-1-ylcarbonyl)amino)-2-oxabicyclo[2.1.1]hexane",,C=CCOC(C)C(=O)NC12CC(CNC(=O)C3C[C@H]4CC[C@@H](C3)[C@H]4O)(C1)O[C@@H]2C,
39795,CC(C)C[C@@](C)(CNC(=O)C12CC3C[C@H]1[C@H]2C3)NC(=O)[C@@H]1CCn2ccnc2C1,"(5S,6R,S)-1-(((2,4-dimethyl-2-(((4R)-1,7-diazabicyclo[4.3.0]nona-6(7),8(9)-dien-4-ylcarbonyl)amino)-pentyl)amino)carbonyl)-tricyclo[3.1.0.1^3,6]heptane",,CC(C)C[C@@](C)(CNC(=O)C12CC3C[C@@H]1[C@@H]2C3)NC(=O)C1CCn2ccnc2C1,
39803,CC(C)COCC(=O)NC[C@]1(c2ccccc2)C[C@@H](NC(=O)[C@@H]2CC[C@@H](C)S2)C1,"(2R,5S)-2-methyl-5-((((3S)-3-isobutoxymethylcarbonylaminomethyl-3-phenylcyclobutyl)amino)carbonyl)thiolane",,CC(C)COCC(=O)NC[C@]1(c2ccccc2)C[C@@H](NC(=O)C2CC[C@@H](C)S2)C1,
39817,CC(C)[C@@H](O)C(F)(F)C(=O)N[C@H]1C[C@@H](NC(=O)[C@H]2OCC2(C)C)C1,"(2S)-3,3-dimethyl-2-((((1S,3R)-3-((((1R)-1-hydroxy-2-methyl-propyl)difluoromethylcarbonyl)amino)cyclobutyl)amino)carbonyl)oxetane",,CC(C)[C@@H](O)C(F)(F)C(=O)N[C@H]1C[C@@H](NC(=O)C2OCC2(C)C)C1,
39834,O=C1C[C@@H](C(=O)N2C[C@H]3[C@H](NC(=O)C4(n5cncn5)CC4)[C@H]3C2)CN1O,"(1S,5R,6S)-3-((4R)-1-hydroxy-2-oxopyrrolidin-4-ylcarbonyl)-6-((1-(1,2,4-triazol-1-yl)cyclopropylcarbonyl)amino)-3-azabicyclo[3.1.0]hexane",,O=C1CC(C(=O)N2C[C@@H]3[C@H](C2)[C@H]3NC(=O)C2(n3cncn3)CC2)CN1O,
39860,C[C@]1(NC(=O)CCCc2ccncc2)C[C@H](NC(=O)[C@@]2(F)CC=CCC2)C1,4-(4-oxo-5-((1S)-1-methyl-3-(((1S)-1-fluorocyclohex-3-en-1-ylcarbonyl)amino)cyclobutyl)-5-azapentyl)pyridin,,C[C@]1(NC(=O)CCCc2ccncc2)C[C@H](NC(=O)[C@@]2(F)CC=CCC2)C1,
39933,C[C@H](Sc1ccccn1)C(=O)N=[S@](=O)(c1cccc(Br)c1)C1CC1,(S)-2-(1-((((1R)-1-cyclopropyl-1-oxo-1-(3-bromophenyl)-1-thiamethyl)amino)carbonyl)-ethylsulfanyl)pyridin,,CC(Sc1ccccn1)C(=O)N=[S@](=O)(c1cccc(Br)c1)C1CC1,
39951,CN(C)CCC(=O)N1C[C@@H]2CC[C@H]1[C@@H](C(=O)NCc1cc(F)cc(Cl)c1)C2,"3-methyl-1-((1S,4R,8S)-8-(((3-chloro-5-fluorobenzyl)amino)carbonyl)-2-azabicyclo[2.2.2]octane-2-ylcarbonyl)-3-azabutane",CN(CCC(=O)N1[C@H]2CC[C@@H](C1)[C@H](C2)C(=O)NCC2=CC(=CC(=C2)F)Cl)C,CN(C)CCC(=O)N1C[C@@H]2CC[C@H]1C(C(=O)NCc1cc(F)cc(Cl)c1)C2,CN(C)CCC(=O)N1C[C@@H]2CC[C@H]1CC2C(=O)NCc1cc(F)cc(Cl)c1
39959,O=C(N[C@@H]1C[C@@H]2CC[C@H](C1)N2C(=O)Cn1ccc(C(F)F)n1)[C@@H]1CCC12CCC2,"(3R)-3-((((1R,5S)-8-((3-difluoromethylpyrazol-1-yl)methylcarbonyl)-8-azabicyclo[3.2.1]octan-3-yl)amino)carbonyl)-spiro[3.3]heptane",FC(C1=NN(C=C1)CC(=O)N1[C@H]2CC(C[C@@H]1CC2)NC(=O)[C@@H]2CCC21CCC1)F,O=C(N[C@H]1C[C@H]2CC[C@@H](C1)N2C(=O)Cn1ccc(C(F)F)n1)C1CCC12CCC2,O=C(NC1C[C@H]2CC[C@@H](C1)N2C(=O)Cn1ccc(C(F)F)n1)C1CCC12CCC2
40047,NC(=O)c1ncc(C(=O)N2C[C@H]3[C@H](NC(=O)c4ccc(NC5CC5)nc4)[C@H]3C2)s1,"2-carbamyl-5-((1S,5R)-6-((2-cyclopropylamino-5-pyridylcarbonyl)amino)-3-azabicyclo[3.1.0]hexane-3-ylcarbonyl)thiazol",C(N)(=O)C=1SC(=CN1)C(=O)N1C[C@H]2C([C@H]2C1)NC(=O)C=1C=CC(=NC1)NC1CC1,NC(=O)c1ncc(C(=O)N2C[C@@H]3[C@H](C2)[C@H]3NC(=O)c2ccc(NC3CC3)nc2)s1,NC(=O)c1ncc(C(=O)N2C[C@@H]3C(NC(=O)c4ccc(NC5CC5)nc4)[C@@H]3C2)s1
40078,CN(C[C@H]1[C@@H]2CN(C(=O)c3cc(CO)n(C)n3)C[C@H]12)C(=O)CSCC(N)=O,"(1S,5R)-3-(5-hydroxymethyl-1-methylpyrazol-3-ylcarbonyl)-6-((N-(4-oxo-5-aza-2-thiapentylcarbonyl)-N-methylamino)methyl)-3-azabicyclo[3.1.0]hexane",OCC1=CC(=NN1C)C(=O)N1C[C@H]2C([C@H]2C1)CN(C)C(=O)CSCC(N)=O,CN(C[C@@H]1[C@H]2CN(C(=O)c3cc(CO)n(C)n3)C[C@@H]12)C(=O)CSCC(N)=O,CN(CC1[C@H]2CN(C(=O)c3cc(CO)n(C)n3)C[C@@H]12)C(=O)CSCC(N)=O
40142,C1C[C@H]2[C@@H](C1)[C@@H]2N=c1[nH]c(N[C@@H]2[C@H]3COC[C@H]32)nc2c1COC2,"(1S,5R)-6-(N-(3-(((1R,5S)-3-oxabicyclo[3.1.0]hexan-6-yl)amino)-2,4-diaza-8-oxabicyclo[4.3.0]nona-1(6),2(3)-dien-5-ylidene)amino)-bicyclo[3.1.0]hexane",[C@H]12COC[C@@H]2C1NC1=NC=2COCC2C(N1)=NC1[C@@H]2CCC[C@H]12,C1C[C@@H]2[C@H](C1)[C@H]2Nc1nc(N[C@H]2[C@@H]3COC[C@@H]32)nc2c1COC2,C1C[C@@H]2C(Nc3nc(NC4[C@H]5COC[C@@H]45)nc4c3COC4)[C@@H]2C1
40152,CCOC(C)(C)C(=O)N[C@@H]1CCOC[C@H]1C(=O)NC[C@@H](O)CO,"2-methyl-2-((((3S,4R)-3-((((1R)-2,3-dihydroxypropyl)amino)carbonyl)oxan-4-yl)amino)carbonyl)-3-oxapentane",,CCOC(C)(C)C(=O)N[C@@H]1CCOCC1C(=O)NC[C@@H](O)CO,
40164,O=C1Nc2cc(Cl)ccc2C[C@@H]1NC(=O)[C@H]1CC2(CC2)CN1C(=O)CCCCBr,"(3S,R)-7-chloro-3-((1'-(1-(1-(2-bromoethyl)-methyl)-methylcarbonyl)spiro[cyclopropane-1,3'-pyrrolin]-5'-ylcarbonyl)amino)-1,2,3,4-tetrahydroquinolin-2(1H)-one",,O=C1Nc2cc(Cl)ccc2CC1NC(=O)C1CC2(CC2)CN1C(=O)CCCCBr,
40189,O=C(C=Cc1cc[nH]c1)NC[C@H]1CC(C(=O)NC[C@@]23CC[C@@H](C2)C(=O)N3)=NO1,"(1R,4S)-1-((((2R)-2-(((2-(1H-pyrrol-3-yl)-ethen-1-ylcarbonyl)amino)methyl)-5-aza-1-oxacyclopent-4-ene-4-ylcarbonyl)amino)methyl)-2-azabicyclo[2.2.1]heptane-3(2H)-one",,O=C(C=Cc1cc[nH]c1)NC[C@H]1CC(C(=O)NC[C@@]23CCC(C2)C(=O)N3)=NO1,
40219,CCCCS[C@@H](C)C(=O)NC12CC(C)(C1)OC21CN(C(=O)CN2CCCCC2)C1,,,CCCCSC(C)C(=O)NC12CC(C)(C1)OC21CN(C(=O)CN2CCCCC2)C1,
40225,C[C@H]1CC[C@@H](C)[C@@H]1NC(=O)C1=NO[C@H](CNC(=O)CN2CCC[C@@H]2C)C1,"(1R,3S)-1,3-dimethyl-2-(((2S)-2-(((((2S)-2-methylpyrrolidino)methylcarbonyl)amino)methyl)-5-aza-1-oxacyclopent-4-ene-4-ylcarbonyl)amino)cyclopentane",C[C@H]1C([C@H](CC1)C)NC(=O)C=1C[C@H](ON1)CNC(=O)CN1[C@H](CCC1)C,C[C@@H]1CC[C@H](C)[C@H]1NC(=O)C1=NO[C@H](CNC(=O)CN2CCC[C@@H]2C)C1,C[C@@H]1CC[C@H](C)C1NC(=O)C1=NO[C@H](CNC(=O)CN2CCC[C@@H]2C)C1
40268,CO[C@@H](C)CCC(=O)N[C@@H]1CCC[C@H](CC(=O)N2CC[C@]23CC[C@H](C)CC3)C1,"(7R)-7-methyl-1-(((1S,3R)-3-(((3S)-3-methyl-4-oxapentylcarbonyl)amino)cyclohexyl)methylcarbonyl)-1-azaspiro[3.5]nonane",,CO[C@@H](C)CCC(=O)N[C@@H]1CCC[C@H](CC(=O)N2CC[C@]23CC[C@H](C)CC3)C1,
40310,Cc1c(F)cc(Br)cc1C(=O)N[C@H]1C[C@@H]2CN(Cc3cc(Br)ncc3F)C[C@@H]2C1,"1-(4-bromo-2-fluoro-6-((((1R,5S)-3-((2-bromo-5-fluoro-4-pyridyl)methyl)-3-azabicyclo[3.3.0]octan-7-yl)amino)carbonyl)phenyl)-methane",BrC1=CC(=C(C(=C1)C(=O)NC1C[C@@H]2CN(C[C@@H]2C1)CC1=CC(=NC=C1F)Br)C)F,Cc1c(F)cc(Br)cc1C(=O)N[C@H]1C[C@@H]2CN(Cc3cc(Br)ncc3F)C[C@@H]2C1,Cc1c(F)cc(Br)cc1C(=O)NC1C[C@@H]2CN(Cc3cc(Br)ncc3F)C[C@@H]2C1
40313,Cn1nc(C(=O)NCC[C@H]2C[C@H](NC(=O)/C=C/C(C)(C)C)C2)cc1C(F)(F)F,"1-(((1E)-3,3-dimethyl-but-1-en-1-ylcarbonyl)amino)-3-(2-((1-methyl-5-trifluoromethylpyrazol-3-ylcarbonyl)amino)ethyl)cyclobutane",CC(/C=C/C(=O)NC1CC(C1)CCNC(=O)C1=NN(C(=C1)C(F)(F)F)C)(C)C,Cn1nc(C(=O)NCC[C@H]2C[C@H](NC(=O)/C=C/C(C)(C)C)C2)cc1C(F)(F)F,Cn1nc(C(=O)NCCC2CC(NC(=O)/C=C/C(C)(C)C)C2)cc1C(F)(F)F
40373,CO[C@]1(C(F)(F)F)C[C@](CNC(=O)CC2CN(C)C2)(NC(=O)c2[nH]ccc2C)C1,3-methyl-2-(((3-methoxy-3-trifluoromethyl-1-((((1-methylazetidin-3-yl)methylcarbonyl)amino)methyl)cyclobutyl)amino)carbonyl)-1H-pyrrole,CC1=C(NC=C1)C(=O)NC1(CC(C1)(C(F)(F)F)OC)CNC(=O)CC1CN(C1)C,CO[C@]1(C(F)(F)F)C[C@](CNC(=O)CC2CN(C)C2)(NC(=O)c2[nH]ccc2C)C1,COC1(C(F)(F)F)CC(CNC(=O)CC2CN(C)C2)(NC(=O)c2[nH]ccc2C)C1
40417,COCC[C@@H](C)C(=O)N[C@H]1C[C@H](CNC(=O)[C@@H]2CS[C@@]3(C)CCC(=O)N23)C1,"(2R,5S)-5-methyl-8-oxo-2-(((((1R,3R)-3-(((2R)-4-methoxy-butan-2-ylcarbonyl)amino)cyclobutyl)methyl)amino)carbonyl)-1-aza-4-thiabicyclo[3.3.0]octane",,COCCC(C)C(=O)N[C@H]1C[C@H](CNC(=O)C2CS[C@@]3(C)CCC(=O)N23)C1,
40422,CC(=O)N1CCC[C@@H]1C(=O)N[C@]1(c2ccccc2)C[C@@H](NC(=O)CP(C)(C)=O)C1,(2R)-1-(acetyl)-2-((((3R)-1-phenyl-3-((2-methyl-2-oxo-2-phosphapropylcarbonyl)amino)cyclobutyl)amino)carbonyl)pyrrolidin,,CC(=O)N1CCCC1C(=O)N[C@]1(c2ccccc2)C[C@@H](NC(=O)CP(C)(C)=O)C1,
40424,Cc1cccc2nc(C(=O)N[C@@H]3CCCC[C@@H]3N=c3[nH]nc(C(C)(C)C)o3)cn12,"2-t-butyl-5-(((1S,2R)-2-((5-methylimidazo[1,2-a]pyridin-2-ylcarbonyl)amino)cyclohexyl)imino)-1,3,4-oxadiazole",C(C)(C)(C)C1OC(N=N1)=N[C@@H]1[C@@H](CCCC1)NC(=O)C=1N=C2N(C(=CC=C2)C)C1,Cc1cccc2nc(C(=O)N[C@@H]3CCCC[C@@H]3Nc3nnc(C(C)(C)C)o3)cn12,Cc1cccc2nc(C(=O)N[C@@H]3CCCC[C@@H]3N=C3N=NC(C(C)(C)C)O3)cn12
40455,O=C1C[C@H]2CC[C@H]1C[C@@H]2C(=O)NC[C@@H](c1ccccc1Cl)N1CCCC1,"(R)-1-pyrrolidino-1-(2-chlorophenyl)-2-(((1R,4S,8S)-5-oxobicyclo[2.2.2]octane-8-ylcarbonyl)amino)-ethane",N1(CCCC1)[C@@H](CNC(=O)[C@H]1C[C@H]2CC[C@@H]1C(C2)=O)C2=C(C=CC=C2)Cl,O=C(NC[C@@H](c1ccccc1Cl)N1CCCC1)C1C[C@@H]2CC[C@@H]1CC2=O,O=C(NC[C@@H](c1ccccc1Cl)N1CCCC1)C1C[C@H]2CC[C@@H]1C(=O)C2
40472,CC[C@H](C[C@@H](C)O)NC(=O)[C@H]1C[C@@](C)(NC(=O)[C@@H](O)CN(C)C)C1,"(1S,3R)-1-methyl-1-(((1S)-1-hydroxy-3-methyl-3-azabutylcarbonyl)amino)-3-((((3R,5R)-5-hydroxy-hexan-3-yl)amino)carbonyl)cyclobutane",,CC[C@H](C[C@@H](C)O)NC(=O)C1CC(C)(NC(=O)C(O)CN(C)C)C1,
40473,CC1=NOC2(C1)CC(C(=O)N[C@H]1C[C@](C)(NC(=O)C3CC(C)(F)C3)C1)C2,7-methyl-2-(((3-methyl-3-((3-fluoro-3-methylcyclobutylcarbonyl)amino)cyclobutyl)amino)carbonyl)-6-aza-5-oxaspiro[3.4]oct-6(7)-ene,CC1=NOC2(CC(C2)C(=O)NC2CC(C2)(NC(=O)C2CC(C2)(C)F)C)C1,CC1=NOC2(C1)CC(C(=O)N[C@H]1C[C@](C)(NC(=O)C3CC(C)(F)C3)C1)C2,CC1=NOC2(C1)CC(C(=O)NC1CC(C)(NC(=O)C3CC(C)(F)C3)C1)C2
40487,CCCc1ccc(S(=O)(=O)N2C[C@@H]3[C@H](C2)[C@@H]3NC(=O)c2ccc(OC)nc2)cc1,"(1S,5R)-3-(4-propylphenylsulfonyl)-6-((2-methoxy-5-pyridylcarbonyl)amino)-3-azabicyclo[3.1.0]hexane",C(CC)C1=CC=C(C=C1)S(=O)(=O)N1C[C@H]2C([C@H]2C1)NC(=O)C=1C=CC(=NC1)OC,CCCc1ccc(S(=O)(=O)N2C[C@@H]3[C@H](C2)[C@@H]3NC(=O)c2ccc(OC)nc2)cc1,CCCc1ccc(S(=O)(=O)N2C[C@@H]3C(NC(=O)c4ccc(OC)nc4)[C@@H]3C2)cc1
40551,Cc1ccc(CN2CC=C[C@H]2C(=O)N=c2[nH][nH]c3nc(C)ccc23)cn1,"6-methyl-3-(((2S)-1-((2-methyl-5-pyridyl)methyl)-1-azacyclopent-3-ene-2-ylcarbonyl)imino)-pyrido[3,2-d]pyrazole",CC=1C=CC=2C(N=NC2N1)=NC(=O)[C@H]1N(CC=C1)CC=1C=CC(=NC1)C,Cc1ccc(CN2CC=CC2C(=O)Nc2[nH]nc3nc(C)ccc23)cn1,Cc1ccc(CN2CC=CC2C(=O)N=C2N=Nc3nc(C)ccc32)cn1
40552,Nc1nc(Cl)cc(Cl)c1C(=O)NC[C@]1(F)C[C@@H](CNC(=O)CC2CC=CC2)C1,"2-oxo-1-(cyclopent-3-en-1-yl)-4-(3-fluoro-3-(((2-amino-4,6-dichloro-3-pyridylcarbonyl)amino)methyl)cyclobutyl)-3-azabutane",O=C(CC1CC=CC1)NCC1CC(C1)(CNC(=O)C=1C(=NC(=CC1Cl)Cl)N)F,Nc1nc(Cl)cc(Cl)c1C(=O)NC[C@]1(F)C[C@@H](CNC(=O)CC2CC=CC2)C1,Nc1nc(Cl)cc(Cl)c1C(=O)NCC1(F)CC(CNC(=O)CC2CC=CC2)C1
40644,C#C[C@H]1C[C@H]1C(=O)NC[C@H]1[C@@H]2CN(C(=O)c3c(C)nc4sc(C)cn34)C[C@H]12,"(1S,5R)-3-(2,6-dimethyl-1,4-dihydro-imidazo[2,1-b]thiazole-5-ylcarbonyl)-6-((((1R,2S)-2-acetenylcyclopropylcarbonyl)amino)methyl)-3-azabicyclo[3.1.0]hexane",CC1=CN2C(S1)=NC(=C2C(=O)N2C[C@H]1C([C@H]1C2)CNC(=O)[C@H]2[C@H](C2)C#C)C,C#C[C@H]1CC1C(=O)NC[C@@H]1[C@H]2CN(C(=O)c3c(C)nc4sc(C)cn34)C[C@@H]12,C#C[C@H]1CC1C(=O)NCC1[C@H]2CN(C(=O)c3c(C)nc4sc(C)cn34)C[C@@H]12
40645,CSc1ccc(C)c(C(=O)N2[C@H]3CC[C@@H]2C[C@H](NC(=O)[C@H]2CCO[C@H]2C)C3)c1,"(1S,5R)-3-(((2S,3S)-2-methyloxolan-3-ylcarbonyl)amino)-8-(2-methyl-5-methylsulfanylbenzoyl)-8-azabicyclo[3.2.1]octane",C[C@@H]1OCC[C@@H]1C(=O)NC1C[C@@H]2CC[C@H](C1)N2C(C2=C(C=CC(=C2)SC)C)=O,CSc1ccc(C)c(C(=O)N2[C@@H]3CC[C@H]2C[C@@H](NC(=O)C2CCO[C@H]2C)C3)c1,CSc1ccc(C)c(C(=O)N2[C@@H]3CC[C@H]2CC(NC(=O)C2CCO[C@H]2C)C3)c1
40658,CC[C@H](CC(=O)NC[C@H]1[C@@H]2CN(C(=O)[C@@H](C)N(C)C)C[C@H]12)OC,"(1R,5S,6R)-3-((1R)-1,2-dimethyl-2-azapropylcarbonyl)-6-((((2R)-2-methoxy-butylcarbonyl)amino)methyl)-3-azabicyclo[3.1.0]hexane",,CC[C@H](CC(=O)NC[C@@H]1[C@H]2CN(C(=O)C(C)N(C)C)C[C@@H]12)OC,
40686,C[C@H]1c2ccccc2C[C@@H]1C(=O)N(C)CCN(C)C(=O)[C@H]1C[C@](C)(F)C1,"2-((2S,3R)-3-methylindan-2-ylcarbonyl)-5-((3S)-3-fluoro-3-methylcyclobutylcarbonyl)-2,5-diazahexane",,C[C@H]1c2ccccc2CC1C(=O)N(C)CCN(C)C(=O)C1CC(C)(F)C1,
40745,COc1ccc(C(=O)NC[C@]2(F)C[C@H](Nc3cc(OC)ncn3)C2)c(F)c1,4-methoxy-6-(N-(3-fluoro-3-(((2-fluoro-4-methoxybenzoyl)amino)methyl)cyclobutyl)amino)pyrimidin,COC1=NC=NC(=C1)NC1CC(C1)(CNC(C1=C(C=C(C=C1)OC)F)=O)F,COc1ccc(C(=O)NC[C@]2(F)C[C@H](Nc3cc(OC)ncn3)C2)c(F)c1,COc1ccc(C(=O)NCC2(F)CC(Nc3cc(OC)ncn3)C2)c(F)c1
40768,CCC=CC(=O)NCCCN(C(=O)[C@@H]1Cc2ccc(C)cc21)C1CC1,5-oxo-1-(N-((2R)-6-methylbenzocyclobutene-2-ylcarbonyl)-N-cyclopropylamino)-4-aza-6-nonen,,CCC=CC(=O)NCCCN(C(=O)C1Cc2ccc(C)cc21)C1CC1,
40801,C=CC[S@](=O)(=NC(=O)c1cncc2nc[nH]c12)c1ccccc1,"7-((((1R)-1-oxo-1-phenyl-1-thia3-buten-1-yl)amino)carbonyl)-1H-imidazo[4,5-c]pyridin",,C=CC[S@](=O)(=NC(=O)c1cncc2[nH]cnc12)c1ccccc1,
40857,O=C(N[C@]1(C(=O)NCCn2cnc(CO)c2)C[C@H](O)C1)[C@@H](O)Cn1cncn1,"4-hydroxymethyl-1-(2-(((3R)-3-hydroxy-1-(((1S)-1-((1,2,4-triazol-1-yl)methyl)-2-oxaethylcarbonyl)amino)cyclobutylcarbonyl)amino)ethyl)imidazol",,O=C(N[C@]1(C(=O)NCCn2cnc(CO)c2)C[C@H](O)C1)C(O)Cn1cncn1,
40927,C[C@H]1COc2ccccc2[C@H]1C(=O)N[C@H]1C[C@@](F)(CNC(=O)c2cnc(S)[nH]2)C1,"(3R,4S)-3-methyl-4-((((3S)-3-fluoro-3-(((2-sulfanyl-1H-imidazol-5-ylcarbonyl)amino)methyl)cyclobutyl)amino)carbonyl)chroman",,C[C@H]1COc2ccccc2C1C(=O)N[C@H]1C[C@@](F)(CNC(=O)c2c[nH]c(=S)[nH]2)C1,
40956,CC(C)(C)C(=O)C(=O)NC[C@]1(F)CC[C@H](CNC(=O)[C@H]2C[C@@]23CC3(F)F)CC1,"(1S,3R)-5,5-difluoro-1-(((((4S)-4-fluoro-4-(((t-butylcarbonylcarbonyl)amino)methyl)cyclohexyl)methyl)amino)carbonyl)-spiro[2.2]pentane",,CC(C)(C)C(=O)C(=O)NC[C@]1(F)CC[C@H](CNC(=O)C2C[C@@]23CC3(F)F)CC1,
41016,CCCn1cc(C(=O)N[C@H]2C[C@@H](O)[C@H](NC(=O)/C=C/[C@@H](C)CC)C2)c(C)n1,"3-methyl-1-propyl-4-((((1R,3R,4R)-3-hydroxy-4-((4S)-((1E,3S)-3-methyl-pent-1-en-1-ylcarbonyl)amino)cyclopentyl)amino)carbonyl)pyrazole",,CCCn1cc(C(=O)N[C@H]2C[C@@H](O)[C@H](NC(=O)/C=C/[C@@H](C)CC)C2)c(C)n1,
41017,CCc1ccc(C(=O)C(=O)N2CC[C@H](CN(C)C(=O)C[C@@H]3C[C@H]4C[C@H]4C3)C2)s1,"(1R,5S)-3-(2-oxo-3-(((3R)-1-(2-ethyl-5-thienylcarbonylcarbonyl)pyrrolidin-3-yl)methyl)-3-azabutyl)-bicyclo[3.1.0]hexane",O=C(CC1C[C@H]2C[C@H]2C1)N(C)C[C@@H]1CN(CC1)C(=O)C(=O)C1=CC=C(S1)CC,CCc1ccc(C(=O)C(=O)N2CC[C@H](CN(C)C(=O)C[C@H]3C[C@@H]4C[C@@H]4C3)C2)s1,CCc1ccc(C(=O)C(=O)N2CC[C@H](CN(C)C(=O)CC3C[C@@H]4C[C@@H]4C3)C2)s1
41030,COC12CCC(C(=O)N3CCC[C@H](NC(=O)CSCC(C)C)[C@H]3C)(CC1)C(=O)C2,"1-methoxy-7-oxo-4-((2R,3S)-2-methyl-3-((4-methyl-2-thiapentylcarbonyl)amino)piperidinocarbonyl)-bicyclo[2.2.2]octane",COC12CCC(CC1)(CC2=O)C(=O)N2[C@@H]([C@H](CCC2)NC(=O)CSCC(C)C)C,COC12CCC(C(=O)N3CCC[C@H](NC(=O)CSCC(C)C)[C@H]3C)(CC1)C(=O)C2,COC12CCC(C(=O)N3CCC[C@H](NC(=O)CSCC(C)C)[C@H]3C)(CC1)CC2=O
41135,COc1c(F)cc(F)cc1C(=O)N[C@H]1C[C@H]2C[C@@H](NC(=O)[C@H](C)N(C)C)C[C@H]2C1,"(1S,5R,7R)-3-(((1S)-1,2-dimethyl-2-azapropylcarbonyl)amino)-7-((3,5-difluoro-2-methoxybenzoyl)amino)-bicyclo[3.3.0]octane",,COc1c(F)cc(F)cc1C(=O)N[C@@H]1C[C@@H]2C[C@H](NC(=O)C(C)N(C)C)C[C@@H]2C1,
41228,CCCNC(=O)NC(=O)CN1C[C@H]2[C@H](CNC(=O)CC[C@H](C)OC)[C@H]2C1,"(1R,5S)-3-(2,4-dioxo-3,5-diazaoctyl)-6-((((3S)-3-methyl-4-oxapentylcarbonyl)amino)methyl)-3-azabicyclo[3.1.0]hexane",O=C(CN1C[C@@H]2C([C@@H]2C1)CNC(=O)CC[C@@H](OC)C)NC(NCCC)=O,CCCNC(=O)NC(=O)CN1C[C@@H]2[C@@H](CNC(=O)CC[C@H](C)OC)[C@@H]2C1,CCCNC(=O)NC(=O)CN1C[C@@H]2C(CNC(=O)CC[C@H](C)OC)[C@@H]2C1
41314,C[C@]1(NC(=O)Cn2cc(CO)nn2)C[C@@H](C(=O)NC[C@@]23CC[C@@H](CO2)C3)C1,"(1S,4R)-1-((((3R)-3-methyl-3-(((4-hydroxymethyl-1,2,3-triazol-1-yl)methylcarbonyl)amino)cyclobutylcarbonyl)amino)methyl)-2-oxabicyclo[2.2.1]heptane",,CC1(NC(=O)Cn2cc(CO)nn2)CC(C(=O)NC[C@@]23CC[C@@H](CO2)C3)C1,
41342,C=C(C)CCC(=O)N[C@H]1C[C@](O)(C2CCN(C(=O)C=CC=C(Cl)Cl)CC2)C1,"1-hydroxy-3-isopentenylcarbonylamino-1-(1-(1-(2,2-dichloroethenylmethylidene)-methylcarbonyl)piperidin-4-yl)cyclobutane",OC1(CC(C1)NC(=O)CCC(=C)C)C1CCN(CC1)C(=O)C=CC=C(Cl)Cl,C=C(C)CCC(=O)N[C@H]1C[C@](O)(C2CCN(C(=O)C=CC=C(Cl)Cl)CC2)C1,C=C(C)CCC(=O)NC1CC(O)(C2CCN(C(=O)C=CC=C(Cl)Cl)CC2)C1
41442,CN1C[C@@](C)(C(=O)N2C[C@H]3[C@H](NC(=O)CCCC(F)(F)CO)[C@H]3C2)CC1=O,"(1S,5R,6R)-3-((4S)-1,4-dimethyl-2-oxopyrrolidin-4-ylcarbonyl)-6-((4,4-difluoro-6-oxahexylcarbonyl)amino)-3-azabicyclo[3.1.0]hexane",,CN1C[C@@](C)(C(=O)N2C[C@@H]3[C@H](C2)[C@H]3NC(=O)CCCC(F)(F)CO)CC1=O,
41460,C[C@H]1C[C@H](CNC(=O)CCc2nc3cccc(F)c3[nH]2)CN1C(=O)C#CC1CC1,"4-fluoro-2-(3-oxo-5-((2S,4R)-1-cyclopropylethynylcarbonyl-2-methylpyrrolidin-4-yl)-4-azapentyl)-3H-imidazo[4,5-a]benzene",,C[C@H]1C[C@H](CNC(=O)CCc2nc3c(F)cccc3[nH]2)CN1C(=O)C#CC1CC1,
41518,CON(CCO)C(=O)[C@@H]1[C@H]2CN(C(=O)[C@@H]3CC(C)(C)CCO3)C[C@H]21,"(1S,5R,6S)-3-((2S)-4,4-dimethyloxan-2-ylcarbonyl)-6-(N-(3-oxapropyl)-N-methoxycarbamoyl)-3-azabicyclo[3.1.0]hexane",,CON(CCO)C(=O)C1[C@H]2CN(C(=O)C3CC(C)(C)CCO3)C[C@@H]12,
41522,CCN1C(=O)CC[C@H]1C(=O)N[C@@H]1C[C@@H]2CC[C@H](C1)N2C(=O)[C@@H](C)NC(N)=O,"(1S,3R,5R)-3-(((5S)-1-ethyl-2-oxopyrrolidin-5-ylcarbonyl)amino)-8-((1R)-1-methyl-3-oxo-2,4-diazabutylcarbonyl)-8-azabicyclo[3.2.1]octane",,CCN1C(=O)CCC1C(=O)N[C@H]1C[C@H]2CC[C@@H](C1)N2C(=O)C(C)NC(N)=O,
41567,COc1ccc(C[C@H](O)C(=O)N[C@H]2C[C@](F)(CNC(=O)c3cc[nH]c3)C2)cc1,(1S)-1-((((3R)-3-fluoro-3-(((1H-pyrrol-3-ylcarbonyl)amino)methyl)cyclobutyl)amino)carbonyl)-2-(4-methoxyphenyl)ethanol,,COc1ccc(CC(O)C(=O)N[C@H]2C[C@](F)(CNC(=O)c3cc[nH]c3)C2)cc1,
41608,O=C1C[C@H](C(=O)N2C[C@@H]3[C@H](C(=O)NC[C@H]4CCOC4)[C@@H]3C2)CN1,"(1S,5R,6R)-3-((4S)-2-oxopyrrolidin-4-ylcarbonyl)-6-(((((3R)-oxolan-3-yl)methyl)amino)carbonyl)-3-azabicyclo[3.1.0]hexane",,O=C1CC(C(=O)N2C[C@@H]3C(C(=O)NC[C@H]4CCOC4)[C@@H]3C2)CN1,
41665,O=C(N[C@@H]1[C@H]2CC[C@@H]1CN(C(=O)CN1C(=O)C=CC1=O)C2)c1cc(Cl)cnc1O,"1-(1-((1R,5S)-8-((5-chloro-2-hydroxy-3-pyridylcarbonyl)amino)-3-azabicyclo[3.2.1]octan-3-ylcarbonyl)-methyl)-1-azacyclopent-3-en-2,5-dion",ClC=1C=C(C(=NC1)O)C(=O)NC1[C@H]2CN(C[C@@H]1CC2)C(=O)CN2C(C=CC2=O)=O,O=C(N[C@H]1[C@@H]2CC[C@H]1CN(C(=O)CN1C(=O)C=CC1=O)C2)c1cc(Cl)c[nH]c1=O,O=C(NC1[C@@H]2CC[C@H]1CN(C(=O)CN1C(=O)C=CC1=O)C2)c1cc(Cl)c[nH]c1=O
41704,O=C(NC1(CNC(=O)[C@@H]2C[C@@H]2Cl)CCC(F)(F)CC1)c1cn(C(F)F)cn1,"(cis)-1-chloro-2-((((4,4-difluoro-1-((1-difluoromethylimidazol-4-ylcarbonyl)amino)cyclohexyl)methyl)amino)carbonyl)cyclopropane",Cl[C@H]1[C@H](C1)C(=O)NCC1(CCC(CC1)(F)F)NC(=O)C=1N=CN(C1)C(F)F,O=C(NC1(CNC(=O)C2C[C@@H]2Cl)CCC(F)(F)CC1)c1cn(C(F)F)cn1,O=C(NC1(CNC(=O)C2C[C@H]2Cl)CCC(F)(F)CC1)c1cn(C(F)F)cn1
41705,CCOC[C@@H](C)C(=O)NC[C@H]1C[C@@](F)(CNC(=O)[C@H]2OCC[C@H]2C(C)C)C1,"(1R,3S)-1-fluoro-1-((((2S,3S)-3-isopropyloxolan-2-ylcarbonyl)amino)methyl)-3-((((2R)-1-ethoxy-propan-2-ylcarbonyl)amino)methyl)cyclobutane",,CCOCC(C)C(=O)NC[C@H]1C[C@@](F)(CNC(=O)C2OCC[C@H]2C(C)C)C1,
41810,C[C@@]1(C(=O)N2CC3(CC(NC(=O)CCCCc4cnn[nH]4)C3)C2)C[C@@H]2C[C@@H]2C1,"(1S,5R)-3-methyl-3-(6-((4-(1H-1,2,3-triazol-5-yl)butylcarbonyl)amino)-2-azaspiro[3.3]heptane-2-ylcarbonyl)-bicyclo[3.1.0]hexane",CC1(C[C@@H]2C[C@@H]2C1)C(=O)N1CC2(C1)CC(C2)NC(=O)CCCCC2=CN=NN2,C[C@]1(C(=O)N2CC3(CC(NC(=O)CCCCc4c[nH]nn4)C3)C2)C[C@H]2C[C@H]2C1,CC1(C(=O)N2CC3(CC(NC(=O)CCCCc4c[nH]nn4)C3)C2)C[C@H]2C[C@H]2C1
41842,C[C@]1(O)C[C@@H](C(=O)N2CCC3(CC[C@H]3NC(=O)c3cccc4c3COC4)CC2)C1,"(2R)-1'-((3S)-3-hydroxy-3-methylcyclobutylcarbonyl)-2-((1,3-dihydroisobenzofuran-7-ylcarbonyl)amino)-spiro[cyclobutane-1,4'-piperidin]",,CC1(O)CC(C(=O)N2CCC3(CC[C@H]3NC(=O)c3cccc4c3COC4)CC2)C1,
41869,COc1cc(C(=O)N2C[C@@H]3[C@H](C2)[C@@H]3NCc2cc(Cl)c(O)c(OC)c2)ccc1O,"(1S,5R)-3-(4-hydroxy-3-methoxybenzoyl)-6-((3-chloro-4-hydroxy-5-methoxybenzyl)amino)-3-azabicyclo[3.1.0]hexane",OC1=C(C=C(C(=O)N2C[C@H]3C([C@H]3C2)NCC2=CC(=C(C(=C2)OC)O)Cl)C=C1)OC,COc1cc(C(=O)N2C[C@@H]3[C@H](C2)[C@@H]3NCc2cc(Cl)c(O)c(OC)c2)ccc1O,COc1cc(C(=O)N2C[C@@H]3C(NCc4cc(Cl)c(O)c(OC)c4)[C@@H]3C2)ccc1O
41914,C=CC[C@H](CNC(=O)[C@H]1C[C@](O)(CCC(C)(C)C)C1)NC(=O)C[C@H]1C=CCCC1,"(R,S)-1-(2-oxo-4-((((3S)-3-hydroxy-3-(3,3-dimethyl-butyl)cyclobutylcarbonyl)amino)methyl)-3-aza6-hepten-1-yl)-cyclohex-2-en",,C=CC[C@H](CNC(=O)C1CC(O)(CCC(C)(C)C)C1)NC(=O)C[C@H]1C=CCCC1,
41942,CC(C)[C@H]1C[C@H](C(=O)N[C@H]2C[C@](F)(CNC(=O)c3cnc(N)c(Cl)c3)C2)CCO1,"2-((2R,4R)-4-((((3S)-3-fluoro-3-(((2-amino-3-chloro-5-pyridylcarbonyl)amino)methyl)cyclobutyl)amino)carbonyl)oxan-2-yl)propane",,CC(C)[C@H]1CC(C(=O)N[C@H]2C[C@](F)(CNC(=O)c3cnc(N)c(Cl)c3)C2)CCO1,
42015,COCC[C@@H]1CN(C(=O)[C@H](C)SC(C)C)CCN1C(=O)C#CC1CCCCC1,"(2R)-1-cyclohexylethynylcarbonyl-2-(3-oxabutyl)-4-((1S)-1,3-dimethyl-2-thiabutylcarbonyl)piperazin",,COCC[C@@H]1CN(C(=O)C(C)SC(C)C)CCN1C(=O)C#CC1CCCCC1,
42087,Cc1nn(C)c(C)c1[C@H](C)C(=O)NC[C@H]1C[C@@H](NC(=O)[C@@H]2CC(C(C)C)=NO2)C1,"(4S)-2-isopropyl-4-((((1R,3R)-3-((((1S)-1-(1,3,5-trimethylpyrazol-4-yl)-ethylcarbonyl)amino)methyl)cyclobutyl)amino)carbonyl)-1-aza-5-oxacyclopent-1-en",,Cc1nn(C)c(C)c1C(C)C(=O)NC[C@H]1C[C@@H](NC(=O)C2CC(C(C)C)=NO2)C1,
42147,C=C(Br)CN1C[C@H]2[C@H](NC(=O)[C@@H](CC)c3ccc(OC)cc3)[C@H]2C1,"2-bromo-1-((1S,5R)-6-(((1S)-1-(4-methoxyphenyl)-propylcarbonyl)amino)-3-azabicyclo[3.1.0]hexane-3-yl)-2-propen",BrC(CN1C[C@H]2C([C@H]2C1)NC(=O)[C@@H](CC)C1=CC=C(C=C1)OC)=C,C=C(Br)CN1C[C@@H]2[C@H](C1)[C@H]2NC(=O)C(CC)c1ccc(OC)cc1,C=C(Br)CN1C[C@@H]2C(NC(=O)C(CC)c3ccc(OC)cc3)[C@@H]2C1
42165,C=C(C)C[C@H](NC(=O)[C@H]1CCC[C@H]1F)C(=O)N(CC)C[C@H]1CCCO1,"(S,R)-2-((N-(3-methyl-1-(((1R,2R)-2-fluorocyclopentylcarbonyl)amino)-3-buten-1-ylcarbonyl)-N-ethylamino)methyl)oxolan",CC(C[C@H](C(=O)N(CC)C[C@H]1OCCC1)NC(=O)[C@@H]1[C@@H](CCC1)F)=C,C=C(C)CC(NC(=O)C1CCC[C@H]1F)C(=O)N(CC)C[C@H]1CCCO1,C=C(C)CC(NC(=O)C1CCC[C@H]1F)C(=O)N(CC)C[C@@H]1CCCO1
42189,C[C@H]1CN(C(=O)[C@]2(C)C=CCC2)C[C@@H](C)[C@@H]1Nc1ncnc2c1nnn2C1CC1,"9-cyclopropyl-5-(((3R,4S,5S)-3,5-dimethyl-1-((1S)-1-methylcyclopent-2-en-1-ylcarbonyl)piperidin-4-yl)amino)-2,4,7,8,9-pentaazabicyclo[4.3.0]nona-1(2),3(4),5(6),7(8)-tetraene",,C[C@@H]1CN(C(=O)[C@]2(C)C=CCC2)C[C@H](C)[C@H]1Nc1ncnc2c1nnn2C1CC1,
42215,CO[C@@](C)(CO)C(=O)N[C@H]1C[C@@H](CNC(=O)[C@@]2(C)CCn3c(C)nnc32)C1,"(6S)-2,6-dimethyl-6-(((((1R,3R)-3-(((2S)-1-hydroxy-2-methoxy-propan-2-ylcarbonyl)amino)cyclobutyl)methyl)amino)carbonyl)-1,3,4-triazabicyclo[3.3.0]octa-2(3),4(5)-diene",,CO[C@@](C)(CO)C(=O)N[C@H]1C[C@@H](CNC(=O)[C@@]2(C)CCn3c(C)nnc32)C1,
42239,CC[C@H](C(=O)N[C@H]1C[C@@H](C(=O)N2CC[C@]3(CNC(=O)O3)C2)C1)N(CC)CC,"(5S)-7-oxo-2-((1S,3R)-3-(((1R)-1,2-diethyl-2-azabutylcarbonyl)amino)cyclobutylcarbonyl)-2,8-diaza-6-oxaspiro[4.4]nonane",,CCC(C(=O)NC1CC(C(=O)N2CC[C@]3(CNC(=O)O3)C2)C1)N(CC)CC,
42247,CC(=O)OC1(C(=O)NC[C@H]2[C@@H]3CN(C(=O)Cc4cn5cc(C)sc5n4)C[C@H]23)CC1,"(1S,5R)-3-((2-methyl-1,4-dihydro-imidazo[2,1-b]thiazole-6-yl)methylcarbonyl)-6-(((1-acetyloxycyclopropylcarbonyl)amino)methyl)-3-azabicyclo[3.1.0]hexane",CC1=CN2C(S1)=NC(=C2)CC(=O)N2C[C@H]1C([C@H]1C2)CNC(=O)C2(CC2)OC(C)=O,CC(=O)OC1(C(=O)NC[C@@H]2[C@H]3CN(C(=O)Cc4cn5cc(C)sc5n4)C[C@@H]23)CC1,CC(=O)OC1(C(=O)NCC2[C@H]3CN(C(=O)Cc4cn5cc(C)sc5n4)C[C@@H]23)CC1
42252,C[C@H](c1ccc(F)cc1)[C@@H](C)C(=O)NC[C@]1(F)C[C@@H](NC(=O)c2ccncn2)C1,"(4R,5S)-4-methyl-3-oxo-1-((3S)-1-fluoro-3-((pyrimidin-4-carbonyl)amino)cyclobutyl)-5-(4-fluorophenyl)-2-azahexane",,CC(C(=O)NC[C@]1(F)C[C@@H](NC(=O)c2ccncn2)C1)[C@H](C)c1ccc(F)cc1,
42258,O=C1CCc2ccc(C(=O)NC3[C@H]4CCC[C@H]3CC(NC(=O)CO)C4)cc2N1,"7-((((1S,5S)-3-hydroxymethylcarbonylamino-bicyclo[3.3.1]nonan-9-yl)amino)carbonyl)-1,2,3,4-tetrahydroquinolin-2(1H)-one",,O=C1CCc2ccc(C(=O)NC3[C@H]4CCC[C@H]3CC(NC(=O)CO)C4)cc2N1,
42277,C=C=C[C@H](C)C(=O)N[C@H]1C[C@@H]2CC[C@H]1[C@H](NC(=O)c1ccccc1NC)C2,"(2S)-2-((((1R,4S,6R,8S)-6-((2-methylaminobenzoyl)amino)bicyclo[2.2.2]octane-8-yl)amino)carbonyl)-3,4-pentadien",CNC1=C(C(=O)N[C@@H]2C[C@@H]3CC[C@@H]2C[C@@H]3NC(=O)[C@@H](C)C=C=C)C=CC=C1,C=C=CC(C)C(=O)N[C@H]1C[C@@H]2CC[C@H]1[C@H](NC(=O)c1ccccc1NC)C2,C=C=CC(C)C(=O)N[C@H]1C[C@H]2CC[C@H]1C[C@H]2NC(=O)c1ccccc1NC
42283,C=CC1(C(=O)NC[C@]2(F)C[C@@H](CNC(=O)c3sc(CC)nc3C)C2)CCC1,1-fluoro-1-(((1-(ethen-1-yl)cyclobutylcarbonyl)amino)methyl)-3-(((2-ethyl-4-methylthiazol-5-ylcarbonyl)amino)methyl)cyclobutane,FC1(CC(C1)CNC(=O)C1=C(N=C(S1)CC)C)CNC(=O)C1(CCC1)C=C,C=CC1(C(=O)NC[C@]2(F)C[C@@H](CNC(=O)c3sc(CC)nc3C)C2)CCC1,C=CC1(C(=O)NCC2(F)CC(CNC(=O)c3sc(CC)nc3C)C2)CCC1
42285,Cn1nc(C(=O)N[C@]2(C(=O)NCC3(O)CC=CC3)C[C@H](O)C2)cc1CO,1-hydroxy-1-(((3-hydroxy-1-((5-hydroxymethyl-1-methylpyrazol-3-ylcarbonyl)amino)cyclobutylcarbonyl)amino)methyl)-cyclopent-3-en,OC1(CC=CC1)CNC(=O)C1(CC(C1)O)NC(=O)C1=NN(C(=C1)CO)C,Cn1nc(C(=O)N[C@]2(C(=O)NCC3(O)CC=CC3)C[C@H](O)C2)cc1CO,Cn1nc(C(=O)NC2(C(=O)NCC3(O)CC=CC3)CC(O)C2)cc1CO
42290,C[C@H](C(=O)NC[C@]1(F)C[C@@H](NC(=O)c2csc(-c3nc[nH]n3)n2)C1)[C@@H](C)O,"(4S,5R)-5-hydroxy-4-methyl-3-oxo-1-((3R)-1-fluoro-3-((2-(1H-1,2,4-triazol-3-yl)thiazol-4-ylcarbonyl)amino)cyclobutyl)-2-azahexane",,CC(C(=O)NC[C@]1(F)C[C@@H](NC(=O)c2csc(-c3nc[nH]n3)n2)C1)[C@@H](C)O,
42291,CCc1cnc(N2CCOC[C@@H]2C(=O)N=c2[nH][nH]c3ccccc23)nc1,5-ethyl-2-((3R)-3-(((indazol-3-ylidene)amino)carbonyl)morpholino)pyrimidin,C(C)C=1C=NC(=NC1)N1[C@H](COCC1)C(=O)N=C1N=NC2=CC=CC=C12,CCc1cnc(N2CCOCC2C(=O)Nc2[nH]nc3ccccc23)nc1,CCc1cnc(N2CCOCC2C(=O)N=C2N=Nc3ccccc32)nc1
42323,CC(C)(C)SCC(=O)N1CCN([C@@H]2CCCN(C(=O)C#CC3CC3)C2)C(=O)C1,"1-(1-(1-((3R)-3-(2-oxo-4-(3,3-dimethyl-2-thiabutylcarbonyl)piperazino)piperidinocarbonyl)-methyl)-methyl)cyclopropan",O=C1N(CCN(C1)C(=O)CSC(C)(C)C)[C@H]1CN(CCC1)C(=O)CCC1CC1,CC(C)(C)SCC(=O)N1CCN([C@@H]2CCCN(C(=O)C#CC3CC3)C2)C(=O)C1,CC(C)(C)SCC(=O)N1CCN([C@@H]2CCCN(C(=O)CCC3CC3)C2)C(=O)C1
42401,Cc1cc(C(=O)NC[C@]2(F)C[C@@H](CNC(=O)Cc3cccc(C#N)c3)C2)ncn1,2-oxo-1-(3-cyanophenyl)-4-(3-fluoro-3-(((4-methylpyrimidin-6-ylcarbonyl)amino)methyl)cyclobutyl)-3-azabutane,O=C(CC1=CC(=CC=C1)C#N)NCC1CC(C1)(CNC(=O)C1=CC(=NC=N1)C)F,Cc1cc(C(=O)NC[C@]2(F)C[C@@H](CNC(=O)Cc3cccc(C#N)c3)C2)ncn1,Cc1cc(C(=O)NCC2(F)CC(CNC(=O)Cc3cccc(C#N)c3)C2)ncn1
42410,C[C@@H]1CCC(=CC(=O)N(CCNC(=O)c2ccncc2Cl)C2CC2)C1,(1R)-1-methyl-3-(N-(2-((3-chloro-4-pyridylcarbonyl)amino)ethyl)-N-cyclopropylcarbamoylmethylidene)cyclopentane,,C[C@@H]1CCC(=CC(=O)N(CCNC(=O)c2ccncc2Cl)C2CC2)C1,
42435,O=C(c1c[nH]nc1[N+](=O)[O-])N1CC[C@H](C(F)(F)F)[C@@H](N=c2[nH]nc(O)s2)C1,"2-hydroxy-5-(((3R,4S)-4-trifluoromethyl-1-(3-nitro-1H-pyrazol-4-ylcarbonyl)piperidin-3-yl)imino)-1,3,4-thiadiazole",OC1SC(N=N1)=N[C@H]1CN(CC[C@@H]1C(F)(F)F)C(=O)C=1C(=NNC1)[N+](=O)[O-],O=C(c1c[nH]nc1[N+](=O)[O-])N1CC[C@H](C(F)(F)F)[C@@H](Nc2n[nH]c(=O)s2)C1,O=C(c1c[nH]nc1[N+](=O)[O-])N1CC[C@H](C(F)(F)F)[C@@H](N=C2N=NC(O)S2)C1
42461,C[C@]1(NC(=O)[C@@H]2CCCc3nc[nH]c32)C[C@H](NC(=O)c2cc(F)ccc2N)C1,"(2R)-2-((((3R)-1-methyl-3-((2-amino-5-fluorobenzoyl)amino)cyclobutyl)amino)carbonyl)-7,9-diazabicyclo[4.3.0]nona-1(6),7(8)-diene",,C[C@]1(NC(=O)C2CCCc3[nH]cnc32)C[C@H](NC(=O)c2cc(F)ccc2N)C1,
42504,CC[C@@H]1C[C@@H]1C(=O)NC[C@H]1[C@@H]2CN(C(=O)c3cc(SC)oc3C)C[C@H]12,"(1S,5R)-3-(2-methyl-5-methylsulfanyl-3-furylcarbonyl)-6-((((1S,2R)-2-ethylcyclopropylcarbonyl)amino)methyl)-3-azabicyclo[3.1.0]hexane",CC=1OC(=CC1C(=O)N1C[C@H]2C([C@H]2C1)CNC(=O)[C@@H]1[C@@H](C1)CC)SC,CC[C@@H]1CC1C(=O)NC[C@@H]1[C@H]2CN(C(=O)c3cc(SC)oc3C)C[C@@H]12,CC[C@@H]1CC1C(=O)NCC1[C@H]2CN(C(=O)c3cc(SC)oc3C)C[C@@H]12
42505,C[C@]1(O)CC[C@@H](C(=O)NC[C@H]2CCN2C(=O)COc2ccc(Cl)cc2Cl)CC1,"2,4-dichloro-1-((1-((2R)-2-((((4S)-4-hydroxy-4-methylcyclohexylcarbonyl)amino)methyl)azetidin-1-ylcarbonyl)-methyl)oxy)benzene",,CC1(O)CCC(C(=O)NC[C@H]2CCN2C(=O)COc2ccc(Cl)cc2Cl)CC1,
42516,C[C@@H](NC(=O)[C@H]1[C@@H]2[C@@H]3C[C@@H]4[C@@H]1[C@H]2[C@@]34C(=O)N[C@H]1CCCC[C@H]1O)C1CC1,"(1S,2R,3R,4R,5R,6R,8S)-1-((((1S,2R)-2-hydroxycyclohexyl)amino)carbonyl)-4-((((1R)-1-cyclopropyl-ethyl)amino)carbonyl)-tetracyclo[4.2.0.0^2,5.0^3,8]octane",,C[C@@H](NC(=O)C1[C@H]2[C@@H]3[C@H]1[C@@H]1C[C@H]2[C@@]31C(=O)N[C@H]1CCCC[C@H]1O)C1CC1,
42569,CC(C)C[C@H](F)C(=O)NC12CC(CO)(C1)OC21CN(C(=O)c2ccnn2C)C1,,,CC(C)CC(F)C(=O)NC12CC(CO)(C1)OC21CN(C(=O)c2ccnn2C)C1,
42709,C=C(C)C(C)(C)C(=O)N[C@H]1C[C@@H]2CN(C(=O)[C@@H]3CNC(=O)C[C@H]3C)C[C@@H]2C1,"(1S,5R,7R)-3-((4R,5S)-4-methyl-2-oxopiperidin-5-ylcarbonyl)-7-((2,3-dimethyl-but-3-en-2-ylcarbonyl)amino)-3-azabicyclo[3.3.0]octane",,C=C(C)C(C)(C)C(=O)N[C@H]1C[C@@H]2CN(C(=O)C3CNC(=O)C[C@H]3C)C[C@@H]2C1,
42747,Cc1c(C(F)(F)F)n[nH]c1C(=O)N1[C@H]2CC[C@@H]1C[C@H](NC(=O)[C@H](F)C(F)(F)F)C2,"(1S,5R)-3-(((1S)-1-fluoro-1-trifluoromethyl-methylcarbonyl)amino)-8-(4-methyl-3-trifluoromethyl-1H-pyrazol-5-ylcarbonyl)-8-azabicyclo[3.2.1]octane",F[C@@H](C(=O)NC1C[C@@H]2CC[C@H](C1)N2C(=O)C2=C(C(=NN2)C(F)(F)F)C)C(F)(F)F,Cc1c(C(=O)N2[C@@H]3CC[C@H]2C[C@@H](NC(=O)C(F)C(F)(F)F)C3)n[nH]c1C(F)(F)F,Cc1c(C(=O)N2[C@@H]3CC[C@H]2CC(NC(=O)C(F)C(F)(F)F)C3)n[nH]c1C(F)(F)F
42817,Cc1cc(C#N)cc(C(=O)N2C[C@H]3[C@H](CNC(=O)[C@H](F)C4CCC4)[C@H]3C2)c1,"(1R)-1-cyclobutyl-1-fluoro-2-oxo-4-((1S,5R)-3-(3-cyano-5-methylbenzoyl)-3-azabicyclo[3.1.0]hexane-6-yl)-3-azabutane",C1(CCC1)[C@H](C(NCC1[C@H]2CN(C[C@@H]12)C(C1=CC(=CC(=C1)C)C#N)=O)=O)F,Cc1cc(C#N)cc(C(=O)N2C[C@@H]3[C@@H](CNC(=O)C(F)C4CCC4)[C@@H]3C2)c1,Cc1cc(C#N)cc(C(=O)N2C[C@@H]3C(CNC(=O)C(F)C4CCC4)[C@@H]3C2)c1
42913,O=C(C=CC1CC1)NC[C@H]1C[C@@](F)(CNC(=O)C2CC(n3ccnc3)C2)C1,5-cyclopropyl-3-oxo-1-(3-fluoro-3-(((3-(imidazol-1-yl)cyclobutylcarbonyl)amino)methyl)cyclobutyl)-2-aza-4-penten,C1(CC1)C=CC(NCC1CC(C1)(CNC(=O)C1CC(C1)N1C=NC=C1)F)=O,O=C(C=CC1CC1)NC[C@H]1C[C@@](F)(CNC(=O)C2CC(n3ccnc3)C2)C1,O=C(C=CC1CC1)NCC1CC(F)(CNC(=O)C2CC(n3ccnc3)C2)C1
42937,COCC1(C(=O)N[C@H]2C[C@@H]3CN(C(=O)C[C@@]4(C)CCS(=O)(=O)N4)C[C@@H]3C2)CC1,"(1S,5R,7R)-3-(((3S)-3-methyl-1,1-dioxo-2-aza-1-thiacyclopentan-3-yl)methylcarbonyl)-7-((1-methoxymethylcyclopropylcarbonyl)amino)-3-azabicyclo[3.3.0]octane",,COCC1(C(=O)N[C@H]2C[C@@H]3CN(C(=O)C[C@@]4(C)CCS(=O)(=O)N4)C[C@@H]3C2)CC1,
42945,CC(C)(F)C(=O)N1CC[C@@]1(C)C(=O)N1C[C@@H]2[C@@H](CO)[C@@H]2C1,"2-fluoro-2-((2S)-2-methyl-2-((1S,5R,6S)-6-hydroxymethyl-3-azabicyclo[3.1.0]hexane-3-ylcarbonyl)azetidin-1-ylcarbonyl)propane",,CC(C)(F)C(=O)N1CC[C@@]1(C)C(=O)N1C[C@@H]2[C@@H](CO)[C@@H]2C1,
42953,C/C=C/C[C@@H](CC)C(=O)NC[C@H]1[C@@H]2CN(C(=O)c3cccc(C(F)F)n3)C[C@H]12,"(4R,6E)-4-ethyl-3-oxo-1-((1S,5R)-3-(2-difluoromethyl-6-pyridylcarbonyl)-3-azabicyclo[3.1.0]hexane-6-yl)-2-aza-6-octen",C(C)[C@@H](C(NCC1[C@H]2CN(C[C@@H]12)C(=O)C1=CC=CC(=N1)C(F)F)=O)C\C=C\C,C/C=C/CC(CC)C(=O)NC[C@@H]1[C@H]2CN(C(=O)c3cccc(C(F)F)n3)C[C@@H]12,C/C=C/CC(CC)C(=O)NCC1[C@H]2CN(C(=O)c3cccc(C(F)F)n3)C[C@@H]12
42989,CC/C=C/C[C@@H](C)C(=O)N1CC[C@H](N(C)C(=O)c2cccc(N3CCCC3)c2)C1,"1-(3-(N-((3S)-1-((2R)-(2R,4E)-hept-4-en-2-ylcarbonyl)pyrrolidin-3-yl)-N-methylcarbamoyl)phenyl)pyrrolidin",,CC/C=C/CC(C)C(=O)N1CC[C@H](N(C)C(=O)c2cccc(N3CCCC3)c2)C1,
42994,CCCCC[C@@H](F)C(=O)N[C@H]1C[C@@H](N(C)C(=O)CNC(=O)C2CC2)C1,(3S)-1-(((1R)-1-fluoro-hexylcarbonyl)amino)-3-(N-((cyclopropanecarboxamido)methylcarbonyl)-N-methylamino)cyclobutane,,CCCCCC(F)C(=O)N[C@H]1C[C@@H](N(C)C(=O)CNC(=O)C2CC2)C1,
43077,CC[C@H](C(=O)N[C@H](C)[C@H]1CCN(C(=O)Cc2ccns2)C1)[C@H]1CCC(=O)N1,"(S,S,R)-1-((isothiazol-5-yl)methylcarbonyl)-3-(1-methyl-3-oxo-4-((5R)-2-oxopyrrolidin-5-yl)-2-azahexyl)pyrrolidin",S1N=CC=C1CC(=O)N1C[C@H](CC1)[C@@H](NC([C@H](CC)[C@H]1CCC(N1)=O)=O)C,CCC(C(=O)N[C@H](C)[C@H]1CCN(C(=O)Cc2ccns2)C1)[C@H]1CCC(=O)N1,CCC(C(=O)N[C@@H](C)[C@H]1CCN(C(=O)Cc2ccns2)C1)[C@H]1CCC(=O)N1
43081,CC(C)C(C)(C)C(=O)N1C[C@H]2[C@H](N(C)C(=O)c3ncnc4c3CCC4)[C@H]2C1,"(1S,5R)-3-(2,3-dimethyl-butan-2-ylcarbonyl)-6-(N-(2,4-diazabicyclo[4.3.0]nona-1(6),2(3),4(5)-trien-5-ylcarbonyl)-N-methylamino)-3-azabicyclo[3.1.0]hexane",CC(C)(C(C)C)C(=O)N1C[C@H]2C([C@H]2C1)N(C)C(=O)C1=NC=NC=2CCCC12,CC(C)C(C)(C)C(=O)N1C[C@@H]2[C@H](C1)[C@H]2N(C)C(=O)c1ncnc2c1CCC2,CC(C)C(C)(C)C(=O)N1C[C@@H]2C(N(C)C(=O)c3ncnc4c3CCC4)[C@@H]2C1
43100,Cc1onc(CO)c1C(=O)N1CC[C@@H](NC(=O)C(=O)N=S(C)(C)=O)C2(CCC2)C1,(9R)-6-(3-hydroxymethyl-5-methylisoxazol-4-ylcarbonyl)-9-((((1-methyl-1-oxo-1-thiaethyl)amino)carbonylcarbonyl)amino)-6-azaspiro[3.5]nonane,OCC1=NOC(=C1C(=O)N1CC2(CCC2)[C@@H](CC1)NC(=O)C(=O)NCS(=O)C)C,Cc1onc(CO)c1C(=O)N1CC[C@@H](NC(=O)C(=O)N=S(C)(C)=O)C2(CCC2)C1,Cc1onc(CO)c1C(=O)N1CC[C@@H](NC(=O)C(=O)NC[S+](C)[O-])C2(CCC2)C1
43166,C=CCOC(=O)N1CCC[C@H](N[C@@H](C)C[C@@H]2CCOC2)C1,"(S,R)-3-(2-(((3S)-1-carballoxypiperidin-3-yl)amino)-propyl)oxolan",C(=O)(OCC=C)N1C[C@H](CCC1)N[C@@H](C[C@@H]1COCC1)C,C=CCOC(=O)N1CCC[C@H](N[C@@H](C)C[C@@H]2CCOC2)C1,C=CCOC(=O)N1CCC[C@H](N[C@H](C)C[C@H]2CCOC2)C1
43211,Cc1cccnc1C(F)(F)C(=O)N[C@@H]1C[C@H]1CNC(=O)[C@]1(C)C[C@@H](C#N)C1,"3-methyl-2-(((((1R,2S)-2-((((3S)-3-cyano-1-methylcyclobutylcarbonyl)amino)methyl)cyclopropyl)amino)carbonyl)difluoromethyl)pyridin",,Cc1cccnc1C(F)(F)C(=O)N[C@@H]1C[C@H]1CNC(=O)[C@]1(C)C[C@@H](C#N)C1,
43291,CNC(=O)CNC(=O)[C@H]1C[C@H]1CNC(=O)C(=O)C(C)(C)C,(cis)-1-(((2-oxo-3-azabutyl)amino)carbonyl)-2-(((t-butylcarbonylcarbonyl)amino)methyl)cyclopropane,O=C(CNC(=O)[C@H]1[C@H](C1)CNC(=O)C(=O)C(C)(C)C)NC,CNC(=O)CNC(=O)C1C[C@H]1CNC(=O)C(=O)C(C)(C)C,CNC(=O)CNC(=O)C1C[C@@H]1CNC(=O)C(=O)C(C)(C)C
43311,O=C(N[C@@H]1[C@H]2COC[C@H]21)c1n[nH]c2c1CN(C(=O)c1ncccn1)CC2,"(1S,5R)-6-((3-(pyrimidin-2-carbonyl)-3,7,8-triazabicyclo[4.3.0]nona-1(6),8(9)-dien-9-ylcarbonyl)amino)-3-oxabicyclo[3.1.0]hexane",N1=C(N=CC=C1)C(=O)N1CC=2C(=NNC2CC1)C(=O)NC1[C@@H]2COC[C@H]12,O=C(N[C@H]1[C@@H]2COC[C@@H]21)c1[nH]nc2c1CN(C(=O)c1ncccn1)CC2,O=C(NC1[C@H]2COC[C@@H]12)c1[nH]nc2c1CN(C(=O)c1ncccn1)CC2
43374,CCc1nnc2n1CCC[C@@H]2C(=O)N(C)[C@H]1C[C@@H]2CC[C@H](C1)N2C(=O)CNC=O,"(1S,5R)-3-(N-((5S)-9-ethyl-1,7,8-triazabicyclo[4.3.0]nona-6(7),8(9)-dien-5-ylcarbonyl)-N-methylamino)-8-(((1-oxo-methyl)amino)methylcarbonyl)-8-azabicyclo[3.2.1]octane",C(C)C1=NN=C2[C@H](CCCN12)C(=O)N(C)C1C[C@@H]2CC[C@H](C1)N2C(=O)CNC=O,CCc1nnc2n1CCCC2C(=O)N(C)[C@@H]1C[C@H]2CC[C@@H](C1)N2C(=O)CNC=O,CCc1nnc2n1CCCC2C(=O)N(C)C1C[C@H]2CC[C@@H](C1)N2C(=O)CNC=O
43392,C#CC[C@H](C)C(=O)N[C@H]1C[C@@](NC(=O)C=CC(=O)NC2CC2)(c2ccccc2)C1,(2S)-2-((((3S)-3-phenyl-3-((2-(((cyclopropyl)amino)carbonyl)eth-1-en-1-ylcarbonyl)amino)cyclobutyl)amino)carbonyl)-4-pentyn,,C#CCC(C)C(=O)N[C@H]1C[C@@](NC(=O)C=CC(=O)NC2CC2)(c2ccccc2)C1,
43496,C[C@@H]([C@H]1CN(Cc2ccccc2)CCO1)N(C)C(=O)[C@@H]1C[C@H](O)[C@H](O)C1,"(S,R)-4-benzyl-2-(1-methyl-2-((3R,4S)-3,4-dihydroxycyclopentylcarbonyl)-2-azapropyl)morpholin",C(C1=CC=CC=C1)N1C[C@H](OCC1)[C@H](N(C)C(=O)C1C[C@H]([C@H](C1)O)O)C,C[C@@H]([C@H]1CN(Cc2ccccc2)CCO1)N(C)C(=O)C1C[C@@H](O)[C@@H](O)C1,C[C@H]([C@@H]1CN(Cc2ccccc2)CCO1)N(C)C(=O)C1C[C@@H](O)[C@@H](O)C1
43498,CSc1cc(NC(=O)NC[C@@H]2Cc3ccccc3NC2=O)ncc1Br,"(3S)-3-(((((3-bromo-4-methylsulfanyl-6-pyridyl)amino)carbonyl)amino)methyl)-1,2,3,4-tetrahydroquinolin-2(1H)-one",,CSc1cc(NC(=O)NCC2Cc3ccccc3NC2=O)ncc1Br,
43503,C=C1CC2(C1)CC(C(=O)N1CCCC[C@]13C[C@H](NC(=O)[C@H]1C=CCC1)C3)C2,2-(((1R)-cyclopent-2-en-1-ylcarbonyl)amino)-5-(2-methylidenespiro[3.3]heptane-6-ylcarbonyl)-5-azaspiro[3.5]nonane,[C@@H]1(C=CCC1)C(=O)NC1CC2(C1)N(CCCC2)C(=O)C2CC1(CC(C1)=C)C2,C=C1CC2(C1)CC(C(=O)N1CCCC[C@]13C[C@H](NC(=O)C1C=CCC1)C3)C2,C=C1CC2(C1)CC(C(=O)N1CCCCC13CC(NC(=O)C1C=CCC1)C3)C2
43522,CNS(=O)(=O)c1ccc(C(=O)N2C[C@H]3[C@H](CNC(=O)c4ccc(C)nn4)[C@H]3C2)o1,"1-(2-((1S,5R)-6-(((3-methylpyridazin-6-ylcarbonyl)amino)methyl)-3-azabicyclo[3.1.0]hexane-3-ylcarbonyl)-5-furylsulfonamido)-methane",CC=1N=NC(=CC1)C(=O)NCC1[C@H]2CN(C[C@@H]12)C(=O)C=1OC(=CC1)S(=O)(=O)NC,CNS(=O)(=O)c1ccc(C(=O)N2C[C@@H]3[C@@H](CNC(=O)c4ccc(C)nn4)[C@@H]3C2)o1,CNS(=O)(=O)c1ccc(C(=O)N2C[C@@H]3C(CNC(=O)c4ccc(C)nn4)[C@@H]3C2)o1
43639,CN1CC[C@H](C(=O)N(C)C[C@H]2[C@@H]3CN(C(=O)COC(=O)CO)C[C@H]23)CC1=O,"(1S,5R)-3-hydroxymethylcarbonyloxymethylcarbonyl-6-((N-((4S)-1-methyl-2-oxopiperidin-4-ylcarbonyl)-N-methylamino)methyl)-3-azabicyclo[3.1.0]hexane",OCC(=O)OCC(=O)N1C[C@H]2C([C@H]2C1)CN(C)C(=O)[C@@H]1CC(N(CC1)C)=O,CN1CCC(C(=O)N(C)C[C@@H]2[C@H]3CN(C(=O)COC(=O)CO)C[C@@H]23)CC1=O,CN1CCC(C(=O)N(C)CC2[C@H]3CN(C(=O)COC(=O)CO)C[C@@H]23)CC1=O
43663,C=C[C@](C)(O)CC(=O)N[C@H]1C[C@@H]2CC[C@H](C1)N2C(=O)c1scnc1C1CCCC1,"1-(5-((1R,5S)-3-(((2R)-2-hydroxy-2-methyl-3-buten-1-ylcarbonyl)amino)-8-azabicyclo[3.2.1]octan-8-ylcarbonyl)thiazol-4-yl)cyclopentan",O[C@](CC(=O)NC1C[C@H]2CC[C@@H](C1)N2C(=O)C2=C(N=CS2)C2CCCC2)(C=C)C,C=C[C@](C)(O)CC(=O)N[C@@H]1C[C@H]2CC[C@@H](C1)N2C(=O)c1scnc1C1CCCC1,C=C[C@](C)(O)CC(=O)NC1C[C@H]2CC[C@@H](C1)N2C(=O)c1scnc1C1CCCC1
43742,Cc1ccc(F)c(C(=O)NCCCCCCN(C)C(=O)C=C2CCC(C)CC2)c1,1-methyl-4-(N-(6-((2-fluoro-5-methylbenzoyl)amino)hexyl)-N-methylcarbamoylmethylidene)cyclohexan,,Cc1ccc(F)c(C(=O)NCCCCCCN(C)C(=O)C=C2CCC(C)CC2)c1,
43791,C[C@H](NC(=O)C1(C(F)F)CCC1)C1CN(C(=O)[C@H]2C[C@@](F)(CO)C2)C1,1-((3S)-3-fluoro-3-hydroxymethylcyclobutylcarbonyl)-3-((1S)-1-((1-difluoromethylcyclobutylcarbonyl)amino)-ethyl)azetidin,,C[C@H](NC(=O)C1(C(F)F)CCC1)C1CN(C(=O)C2CC(F)(CO)C2)C1,
43812,C[C@@H](NC(=O)C1CCOCC1)C(=O)N[C@H]1C[C@](F)(CNC(=O)C[C@@H]2CCOC2)C1,"(3S)-3-(2-oxo-4-((1S,3R)-1-fluoro-3-(((1R)-1-((oxan-4-ylcarbonyl)amino)-ethylcarbonyl)amino)cyclobutyl)-3-azabutyl)oxolan",,CC(NC(=O)C1CCOCC1)C(=O)N[C@H]1C[C@](F)(CNC(=O)C[C@@H]2CCOC2)C1,
43827,C[C@H]1C(C(=O)N[C@H]2C[C@@H](CCC(=O)N3C[C@@H](CO)CC(C)(C)C3)C2)[C@@H]1C,"(1S,3S)-1-(((2R,3R)-2,3-dimethylcyclopropylcarbonyl)amino)-3-(1-(1-((5S)-5-hydroxymethyl-3,3-dimethylpiperidinocarbonyl)-methyl)-methyl)cyclobutane",,C[C@H]1C(C(=O)N[C@H]2C[C@@H](CCC(=O)N3C[C@@H](CO)CC(C)(C)C3)C2)[C@@H]1C,
43854,CCCC(=O)N[C@H]1C[C@@H](NS(=O)(=O)c2c(C)c(C)cc(C)c2C)C1,"1-butyramido-3-(2,3,5,6-tetramethylphenylsulfonylamino)cyclobutane",C(CCC)(=O)NC1CC(C1)NS(=O)(=O)C1=C(C(=CC(=C1C)C)C)C,CCCC(=O)N[C@H]1C[C@@H](NS(=O)(=O)c2c(C)c(C)cc(C)c2C)C1,CCCC(=O)NC1CC(NS(=O)(=O)c2c(C)c(C)cc(C)c2C)C1
43895,Cc1cc(OCC(=O)NC[C@H]2C[C@H]2NC(=O)C2(C(F)(F)F)CCCC2)ccc1Cl,(cis)-1-(((4-chloro-3-methylphenoxymethylcarbonyl)amino)methyl)-2-((1-trifluoromethylcyclopentylcarbonyl)amino)cyclopropane,ClC1=C(C=C(OCC(=O)NC[C@H]2[C@H](C2)NC(=O)C2(CCCC2)C(F)(F)F)C=C1)C,Cc1cc(OCC(=O)NC[C@H]2C[C@H]2NC(=O)C2(C(F)(F)F)CCCC2)ccc1Cl,Cc1cc(OCC(=O)NC[C@@H]2C[C@@H]2NC(=O)C2(C(F)(F)F)CCCC2)ccc1Cl
43915,CCOCCC[C@@H](NC[C@@]12CC[C@@H](C1)C(=O)N2)c1nnnn1CCCF,"(1R,4S)-1-((((1R)-1-(1-(1-(2-fluoroethyl)-methyl)tetrazol-5-yl)-5-oxaheptyl)amino)methyl)-2-azabicyclo[2.2.1]heptane-3(2H)-one",,CCOCCC[C@@H](NC[C@@]12CCC(C1)C(=O)N2)c1nnnn1CCCF,
43957,CC(C)NC(=O)C(=O)N[C@H]1C[C@@](F)(CNC(=O)c2cc(Cn3cccn3)on2)C1,1-fluoro-1-(((5-((pyrazol-1-yl)methyl)isooxazol-3-ylcarbonyl)amino)methyl)-3-((((isopropyl)amino)carbonylcarbonyl)amino)cyclobutane,FC1(CC(C1)NC(=O)C(=O)NC(C)C)CNC(=O)C1=NOC(=C1)CN1N=CC=C1,CC(C)NC(=O)C(=O)N[C@H]1C[C@@](F)(CNC(=O)c2cc(Cn3cccn3)on2)C1,CC(C)NC(=O)C(=O)NC1CC(F)(CNC(=O)c2cc(Cn3cccn3)on2)C1
44058,CC12CC(NC(=O)[C@H]3CCCO3)(C1)C1(CN(C(=O)C3(n4cccn4)CC3)C1)O2,,,CC12CC(NC(=O)C3CCCO3)(C1)C1(CN(C(=O)C3(n4cccn4)CC3)C1)O2,
44071,C[C@H]1CC[C@H](C(=O)N[C@@H]2C[C@@H]3CC[C@H](C2)N3C(=O)[C@@H]2[C@@H]3CCC(=O)[C@H]32)CC1,"1-((trans)-4-((((1R,3R,5S)-8-((1R,5R,6R)-4-oxobicyclo[3.1.0]hexane-6-ylcarbonyl)-8-azabicyclo[3.2.1]octan-3-yl)amino)carbonyl)cyclohexyl)-methane",,CC1CCC(C(=O)N[C@H]2C[C@H]3CC[C@@H](C2)N3C(=O)C2C3C(=O)CC[C@H]32)CC1,
44076,Cc1ccc(C)c(OCC(=O)N2[C@H]3CC[C@@H]2C[C@H](NC(=O)[C@@H](F)Br)C3)c1,"1-(4-methyl-2-((1-((1R,5S)-3-(((1S)-1-bromo-1-fluoro-methylcarbonyl)amino)-8-azabicyclo[3.2.1]octan-8-ylcarbonyl)-methyl)oxy)phenyl)-methane",CC1=CC(=C(C=C1)C)OCC(=O)N1[C@H]2CC(C[C@@H]1CC2)NC(=O)[C@@H](F)Br,Cc1ccc(C)c(OCC(=O)N2[C@@H]3CC[C@H]2C[C@@H](NC(=O)C(F)Br)C3)c1,Cc1ccc(C)c(OCC(=O)N2[C@@H]3CC[C@H]2CC(NC(=O)C(F)Br)C3)c1
44113,O=C(N[C@H]1CN(C(=O)C#CC2CCCCC2)C2(CCCC2)C1)C1CS(=O)(=O)C1,"(3R)-1-cyclohexylethynylcarbonyl-3-((1,1-dioxothietan-3-ylcarbonyl)amino)-1-azaspiro[4.4]nonane",,O=C(N[C@H]1CN(C(=O)C#CC2CCCCC2)C2(CCCC2)C1)C1CS(=O)(=O)C1,
44142,CCc1cc(C(=O)N2C[C@H]3[C@H](N(C)C(=O)CCN4CCN(C)CC4)[C@H]3C2)no1,"(1S,5R)-3-(5-ethylisoxazol-3-ylcarbonyl)-6-(N-(2-(4-methylpiperazino)ethylcarbonyl)-N-methylamino)-3-azabicyclo[3.1.0]hexane",C(C)C1=CC(=NO1)C(=O)N1C[C@H]2C([C@H]2C1)N(C)C(=O)CCN1CCN(CC1)C,CCc1cc(C(=O)N2C[C@@H]3[C@H](C2)[C@H]3N(C)C(=O)CCN2CCN(C)CC2)no1,CCc1cc(C(=O)N2C[C@@H]3C(N(C)C(=O)CCN4CCN(C)CC4)[C@@H]3C2)no1
44187,C[C@@H]1CC(=O)N[C@@H]1C(=O)NC[C@]1(F)C[C@H](CNC(=O)c2cc3n(n2)CCO3)C1,"3-(((((1S)-3-fluoro-3-((((4R,5S)-4-methyl-2-oxopyrrolidin-5-ylcarbonyl)amino)methyl)cyclobutyl)methyl)amino)carbonyl)-1,2-diaza-6-oxabicyclo[3.3.0]octa-2(3),4(5)-diene",,C[C@@H]1CC(=O)NC1C(=O)NC[C@]1(F)C[C@H](CNC(=O)c2cc3n(n2)CCO3)C1,
44246,Cc1cc(NC(=O)[C@@H]2C[C@@H]3CC[C@H](C2)[C@@H]3NC(=O)OC(C)(C)C)n(CC2CC2)n1,"(1S,5R)-3-(((1-cyclopropylmethyl-3-methylpyrazol-5-yl)amino)carbonyl)-8-(((t-butyl)oxycarbonyl)amino)-bicyclo[3.2.1]octane",C1(CC1)CN1N=C(C=C1NC(=O)C1C[C@@H]2CC[C@H](C1)C2NC(=O)OC(C)(C)C)C,Cc1cc(NC(=O)C2C[C@H]3CC[C@@H](C2)[C@H]3NC(=O)OC(C)(C)C)n(CC2CC2)n1,Cc1cc(NC(=O)C2C[C@H]3CC[C@@H](C2)C3NC(=O)OC(C)(C)C)n(CC2CC2)n1
44256,CC[C@@H](CN(C)C(=O)C=C1CCOCC1)NC(=O)C[C@H](CC)SC,"4-(N-((2S,6S)-2-ethyl-6-methylsulfanyl-4-oxo-3-azaoctyl)-N-methylcarbamoylmethylidene)oxan",,CC[C@@H](CN(C)C(=O)C=C1CCOCC1)NC(=O)C[C@H](CC)SC,
44300,CO[C@H](C(=O)NC[C@]1(C)CSC(C)=N1)C1CN(C(=O)[C@@H]2[C@@H]3CC[C@H](F)[C@H]32)C1,"(S,R)-2,5-dimethyl-2-(((1-(1-((1S,4S,5R,6R)-4-fluorobicyclo[3.1.0]hexane-6-ylcarbonyl)azetidin-3-yl)-2-oxapropylcarbonyl)amino)methyl)-1-aza-4-thiacyclopent-5-en",C[C@]1(N=C(SC1)C)CNC(=O)[C@H](OC)C1CN(C1)C(=O)[C@H]1[C@@H]2[C@H](CC[C@@H]12)F,COC(C(=O)NC[C@]1(C)CSC(C)=N1)C1CN(C(=O)C2[C@@H]3[C@@H](F)CC[C@@H]23)C1,COC(C(=O)NC[C@@]1(C)CSC(C)=N1)C1CN(C(=O)C2[C@@H]3[C@@H](F)CC[C@@H]23)C1
44311,C[C@H](NC(=O)[C@]1(NC(=O)OC(C)(C)C)C[C@@H](O)C1)c1nnc2n1CCC2,"(S)-2-(1-(((3R)-3-hydroxy-1-(((t-butyl)oxycarbonyl)amino)cyclobutylcarbonyl)amino)-ethyl)-1,3,4-triazabicyclo[3.3.0]octa-2(3),4(5)-diene",,C[C@H](NC(=O)[C@]1(NC(=O)OC(C)(C)C)C[C@@H](O)C1)c1nnc2n1CCC2,
44367,CC#CCCC(=O)N[C@H]1C[C@@H]2C[C@H](C1)CN(C(=O)c1c(C)sc(C)c1C#N)C2,"(1S,5R)-3-(3-cyano-2,5-dimethyl-4-thienylcarbonyl)-7-((3-pentyn-1-ylcarbonyl)amino)-3-azabicyclo[3.3.1]nonane",C(#N)C1=C(SC(=C1C(=O)N1C[C@@H]2CC(C[C@H](C1)C2)NC(=O)CCC#CC)C)C,CC#CCCC(=O)N[C@@H]1C[C@H]2C[C@@H](C1)CN(C(=O)c1c(C)sc(C)c1C#N)C2,CC#CCCC(=O)NC1C[C@@H]2C[C@H](C1)CN(C(=O)c1c(C)sc(C)c1C#N)C2
44376,C[C@@H]1OCC[C@H]1CC(=O)N[C@]1(C(=O)N2CC[C@@](C)(CN(C)C)C2)C[C@H](O)C1,"(2S,3S)-2-methyl-3-(2-oxo-3-((3R)-3-hydroxy-1-((3S)-3-dimethylaminomethyl-3-methylpyrrolidinocarbonyl)cyclobutyl)-3-azapropyl)oxolan",,C[C@@H]1OCC[C@H]1CC(=O)N[C@]1(C(=O)N2CC[C@@](C)(CN(C)C)C2)C[C@H](O)C1,
44408,C[C@H]1C[C@H](N[C@]2(c3ncccn3)CCOC2)C[C@@H](C)S1(=O)=O,"(3S)-3-(((2R,6S)-2,6-dimethyl-1,1-dioxothian-4-yl)amino)-3-(pyrimidin-2-yl)oxolan",C[C@H]1S([C@H](CC(C1)N[C@]1(COCC1)C1=NC=CC=N1)C)(=O)=O,C[C@@H]1C[C@@H](N[C@]2(c3ncccn3)CCOC2)C[C@H](C)S1(=O)=O,C[C@@H]1CC(N[C@]2(c3ncccn3)CCOC2)C[C@H](C)S1(=O)=O
44412,Oc1nc2cc[nH]c(=NCCc3ccsc3)c2[nH]1,"4-(2-((2-hydroxyimidazo[4,5-c]pyridine-4-ylidene)amino)ethyl)thiophen",OC1=NC=2C(C(N=CC2)=NCCC=2C=CSC2)=N1,O=c1[nH]c2ccnc(NCCc3ccsc3)c2[nH]1,O=C1N=c2cc[nH]c(=NCCc3ccsc3)c2=N1
44426,O=C(CN1C(=O)CNC1=O)N[C@H]1C[C@@H]1CNC(=O)c1ccc(OC(F)F)cc1,"(trans)-1-(((2,5-dioxoimidazolidin-1-yl)methylcarbonyl)amino)-2-(((4-difluoromethoxybenzoyl)amino)methyl)cyclopropane",O=C1N(C(CN1)=O)CC(=O)N[C@H]1[C@@H](C1)CNC(C1=CC=C(C=C1)OC(F)F)=O,O=C(Cn1c(O)c[nH]c1=O)N[C@H]1C[C@@H]1CNC(=O)c1ccc(OC(F)F)cc1,O=C(Cn1c(O)c[nH]c1=O)N[C@@H]1C[C@H]1CNC(=O)c1ccc(OC(F)F)cc1
44462,Cc1nc(O)cc(C(=O)N[C@H]2C[C@@](C)(NC(=O)CCC(C)(F)F)C2)n1,"3,3-difluoro-1-(((1-methyl-3-((4-hydroxy-2-methylpyrimidin-6-ylcarbonyl)amino)cyclobutyl)amino)carbonyl)butane",FC(CCC(=O)NC1(CC(C1)NC(=O)C1=CC(=NC(=N1)C)O)C)(C)F,Cc1nc(=O)cc(C(=O)N[C@H]2C[C@@](C)(NC(=O)CCC(C)(F)F)C2)[nH]1,Cc1nc(=O)cc(C(=O)NC2CC(C)(NC(=O)CCC(C)(F)F)C2)[nH]1
44498,CCSCc1cc(C(=O)N[C@H]2C[C@@](C)(NC(=O)c3ccsc3Cl)C2)no1,1-(3-(((3-methyl-3-((2-chloro-3-thienylcarbonyl)amino)cyclobutyl)amino)carbonyl)isooxazol-5-yl)-2-thiabutane,CC1(CC(C1)NC(=O)C1=NOC(=C1)CSCC)NC(=O)C1=C(SC=C1)Cl,CCSCc1cc(C(=O)N[C@H]2C[C@@](C)(NC(=O)c3ccsc3Cl)C2)no1,CCSCc1cc(C(=O)NC2CC(C)(NC(=O)c3ccsc3Cl)C2)no1
44523,C=C=CCCC(=O)NC[C@H]1C[C@](F)(CNC(=O)c2c([N+](=O)[O-])cnn2C)C1,"1-methyl-4-nitro-5-((((1-fluoro-3-(((3,4-pentadien-1-ylcarbonyl)amino)methyl)cyclobutyl)methyl)amino)carbonyl)pyrazole",CN1N=CC(=C1C(=O)NCC1(CC(C1)CNC(=O)CCC=C=C)F)[N+](=O)[O-],C=C=CCCC(=O)NC[C@H]1C[C@](F)(CNC(=O)c2c([N+](=O)[O-])cnn2C)C1,C=C=CCCC(=O)NCC1CC(F)(CNC(=O)c2c([N+](=O)[O-])cnn2C)C1
44577,CS(C)(=O)=NC(=O)C(=O)N[C@@H]1CN(C(=O)[C@H]2CC(=O)N(c3cn[nH]c3)C2)C[C@H]1O,"(3R,4R)-3-hydroxy-1-((4S)-2-oxo-1-(1H-pyrazol-4-yl)pyrrolidin-4-ylcarbonyl)-4-((((1-methyl-1-oxo-1-thiaethyl)amino)carbonylcarbonyl)amino)pyrrolidin",O[C@@H]1CN(C[C@H]1NC(=O)C(=O)NCS(=O)C)C(=O)[C@H]1CC(N(C1)C=1C=NNC1)=O,CS(C)(=O)=NC(=O)C(=O)N[C@@H]1CN(C(=O)C2CC(=O)N(c3cn[nH]c3)C2)C[C@H]1O,C[S+]([O-])CNC(=O)C(=O)N[C@@H]1CN(C(=O)C2CC(=O)N(c3cn[nH]c3)C2)C[C@H]1O
44605,CC[C@H](C)CCCC(=O)NCCOCC(=O)NC[C@@H]1[C@H]2CCCC[C@H]21,"(1S,6R)-7-((((2-(((4S)-4-methyl-hexylcarbonyl)amino)ethyl)oxymethylcarbonyl)amino)methyl)-bicyclo[4.1.0]heptane",C[C@H](CCCC(=O)NCCOCC(=O)NCC1[C@@H]2CCCC[C@H]12)CC,CC[C@H](C)CCCC(=O)NCCOCC(=O)NC[C@H]1[C@@H]2CCCC[C@@H]21,CC[C@H](C)CCCC(=O)NCCOCC(=O)NCC1[C@H]2CCCC[C@@H]12
44619,C[C@@H](CC(=O)N[C@H]1C[C@](C)(NC(=O)C=C(C2CC2)C2CC2)C1)P(C)(C)=O,"(S)-bis(methyl)(1-methyl-3-oxo-4-((3S)-3-methyl-3-((2,2-dicyclopropyl-ethen-1-ylcarbonyl)amino)cyclobutyl)-4-azabutyl)phosphine oxide",,C[C@@H](CC(=O)N[C@H]1C[C@](C)(NC(=O)C=C(C2CC2)C2CC2)C1)P(C)(C)=O,
44631,C[C@@H]1[C@@H](C(=O)N2[C@H]3CC[C@@H]2C[C@@H](CNC(=O)c2ccc4c(c2)CCN4)C3)C1(F)F,"1-((1R,3S)-2,2-difluoro-3-((1R,3R,5S)-3-(((indolin-5-ylcarbonyl)amino)methyl)-8-azabicyclo[3.2.1]octan-8-ylcarbonyl)cyclopropyl)-methane",,C[C@@H]1C(C(=O)N2[C@@H]3CC[C@H]2C[C@H](CNC(=O)c2ccc4c(c2)CCN4)C3)C1(F)F,
44685,C#CCNC(=O)C1(NC(=O)C[C@@H](NC(=O)CC#N)C(F)(F)F)CC1,1-(((propargyl)amino)carbonyl)-1-((1-((1R)-1-cyanoacetamido-1-trifluoromethyl-methyl)-methylcarbonyl)amino)cyclopropan,,C#CCNC(=O)C1(NC(=O)C[C@@H](NC(=O)CC#N)C(F)(F)F)CC1,
44752,O=C(NC[C@H]1C[C@@H]2C[C@@H]2C1)N1Cc2cnc(C3CC3)nc2C1,"1-oxo-1-(3-cyclopropyl-2,4,8-triazabicyclo[4.3.0]nona-1(6),2(3),4(5)-trien-8-yl)-3-((1S,5R)-bicyclo[3.1.0]hexane-3-yl)-2-azapropane",O=C(NCC1C[C@@H]2C[C@@H]2C1)N1CC=2C=NC(=NC2C1)C1CC1,O=C(NC[C@H]1C[C@@H]2C[C@@H]2C1)N1Cc2cnc(C3CC3)nc2C1,O=C(NCC1C[C@@H]2C[C@@H]2C1)N1Cc2cnc(C3CC3)nc2C1
44804,CCOCc1nc(C)c(C(=O)NC[C@H]2C[C@H](NC(=O)C(C)(C)COCC)C2)s1,1-(((2-ethoxymethyl-4-methylthiazol-5-ylcarbonyl)amino)methyl)-3-((1-ethoxy-2-methyl-propan-2-ylcarbonyl)amino)cyclobutane,C(C)OCC=1SC(=C(N1)C)C(=O)NCC1CC(C1)NC(=O)C(COCC)(C)C,CCOCc1nc(C)c(C(=O)NC[C@H]2C[C@H](NC(=O)C(C)(C)COCC)C2)s1,CCOCc1nc(C)c(C(=O)NCC2CC(NC(=O)C(C)(C)COCC)C2)s1
44806,CCN(CC)C(=O)CCC(=O)N[C@@H]1CCCC[C@@H]1N=c1[nH]nc(COC)s1,"2-methoxymethyl-5-(((1S,2R)-2-((4-ethyl-3-oxo-4-azahexylcarbonyl)amino)cyclohexyl)imino)-1,3,4-thiadiazole",COCC1SC(N=N1)=N[C@@H]1[C@@H](CCCC1)NC(=O)CCC(N(CC)CC)=O,CCN(CC)C(=O)CCC(=O)N[C@@H]1CCCC[C@@H]1Nc1nnc(COC)s1,CCN(CC)C(=O)CCC(=O)N[C@@H]1CCCC[C@@H]1N=C1N=NC(COC)S1
44826,C[C@@H](NC(N)=O)C(=O)NC[C@]1(F)C[C@H](NC(=O)C#CC2(C)COC2)C1,"3-methyl-3-(3-oxo-3-(((1R)-3-fluoro-3-((((1R)-1-methyl-3-oxo-2,4-diazabutylcarbonyl)amino)methyl)cyclobutyl)amino)-propyn-1-yl)oxetane",,CC(NC(N)=O)C(=O)NC[C@]1(F)C[C@H](NC(=O)C#CC2(C)COC2)C1,
44834,Cc1n[nH]c(C)c1C(=O)N(C)CCCCCNC(=O)[C@@H]1[C@@H]2C[C@H]2[C@H]2C[C@H]21,"(1S,2R,4R,5R,6R)-5-(((5-(N-(3,5-dimethyl-1H-pyrazol-4-ylcarbonyl)-N-methylamino)pentyl)amino)carbonyl)-tricyclo[4.1.0.0^2,4]heptane",,Cc1n[nH]c(C)c1C(=O)N(C)CCCCCNC(=O)C1[C@@H]2C[C@@H]2[C@@H]2C[C@@H]12,
44936,COC(C)(C)C(=O)NC[C@H]1C[C@](F)(CNC(=O)c2ccc(C3CCC3)cc2)C1,"4,4-dimethyl-3-oxo-1-(3-fluoro-3-(((4-cyclobutylbenzoyl)amino)methyl)cyclobutyl)-2-aza-5-oxahexane",CC(C(NCC1CC(C1)(CNC(C1=CC=C(C=C1)C1CCC1)=O)F)=O)(OC)C,COC(C)(C)C(=O)NC[C@H]1C[C@](F)(CNC(=O)c2ccc(C3CCC3)cc2)C1,COC(C)(C)C(=O)NCC1CC(F)(CNC(=O)c2ccc(C3CCC3)cc2)C1
44950,Cc1ccn(C(C)(C)C(=O)NC[C@H]2C[C@H](NC(=O)C(=O)N=S(C)(C)=O)C[C@H]2O)n1,"4-methyl-3-oxo-1-((1R,2R,4S)-2-hydroxy-4-((((1-methyl-1-oxo-1-thiaethyl)amino)carbonylcarbonyl)amino)cyclopentyl)-4-(3-methylpyrazol-1-yl)-2-azapentane",CC(C(NC[C@@H]1[C@@H](C[C@H](C1)NC(=O)C(=O)NCS(=O)C)O)=O)(C)N1N=C(C=C1)C,Cc1ccn(C(C)(C)C(=O)NC[C@H]2C[C@H](NC(=O)C(=O)N=S(C)(C)=O)C[C@H]2O)n1,Cc1ccn(C(C)(C)C(=O)NC[C@H]2C[C@H](NC(=O)C(=O)NC[S+](C)[O-])C[C@H]2O)n1
44962,Cc1cn2c(C(=O)NC[C@H](NC(=O)[C@H]3CC[C@](C)(O)CC3)C(C)C)c(C)nc2s1,"(R)-3,7-dimethyl-2-(((3-methyl-2-(((4R)-4-hydroxy-4-methylcyclohexylcarbonyl)amino)-butyl)amino)carbonyl)-1,4-diaza-6-thiabicyclo[3.3.0]octa-2(3),4(5),7(8)-triene",,Cc1cn2c(C(=O)NC[C@H](NC(=O)C3CCC(C)(O)CC3)C(C)C)c(C)nc2s1,
45055,Cc1csc(CCCC(=O)N[C@]2(C)C[C@@H](NC(=O)COc3cccc(F)c3)C2)n1,1-(((1-methyl-3-((3-fluorophenoxymethylcarbonyl)amino)cyclobutyl)amino)carbonyl)-3-(4-methylthiazol-2-yl)propane,CC1(CC(C1)NC(=O)COC1=CC(=CC=C1)F)NC(=O)CCCC=1SC=C(N1)C,Cc1csc(CCCC(=O)N[C@]2(C)C[C@@H](NC(=O)COc3cccc(F)c3)C2)n1,Cc1csc(CCCC(=O)NC2(C)CC(NC(=O)COc3cccc(F)c3)C2)n1
45087,CCCC1(C(=O)N[C@@H](C)[C@@H]2CCCN2C(=O)C23CCC(OC)(CC2)CC3=O)CC1,4-methoxy-8-oxo-1-((2S)-2-((1S)-1-((1-propylcyclopropylcarbonyl)amino)-ethyl)pyrrolidinocarbonyl)-bicyclo[2.2.2]octane,COC12CCC(CC1)(CC2=O)C(=O)N2[C@@H](CCC2)[C@H](C)NC(=O)C2(CC2)CCC,CCCC1(C(=O)N[C@@H](C)[C@@H]2CCCN2C(=O)C23CCC(OC)(CC2)CC3=O)CC1,CCCC1(C(=O)N[C@@H](C)[C@@H]2CCCN2C(=O)C23CCC(OC)(CC2)C(=O)C3)CC1
45092,Cc1c(F)ccc(Cl)c1C(=O)NC[C@@H]1C[C@@H]2CC[C@H](C1)N2C(=O)C[C@H]1CC1(C)C,"1-((2R)-1-methyl-2-(1-((1R,3R,5S)-3-(((6-chloro-3-fluoro-2-methylbenzoyl)amino)methyl)-8-azabicyclo[3.2.1]octan-8-ylcarbonyl)-methyl)cyclopropyl)-methane",,Cc1c(F)ccc(Cl)c1C(=O)NC[C@H]1C[C@H]2CC[C@@H](C1)N2C(=O)C[C@H]1CC1(C)C,
45107,COc1cc(C(=O)N(C)C[C@H]2[C@@H]3CN(C(=O)c4cnc(C)[nH]4)C[C@H]23)sc1Cl,"(1S,5R)-3-(2-methyl-1H-imidazol-5-ylcarbonyl)-6-((N-(2-chloro-3-methoxy-5-thienylcarbonyl)-N-methylamino)methyl)-3-azabicyclo[3.1.0]hexane",CC=1NC(=CN1)C(=O)N1C[C@H]2C([C@H]2C1)CN(C)C(=O)C1=CC(=C(S1)Cl)OC,COc1cc(C(=O)N(C)C[C@@H]2[C@H]3CN(C(=O)c4c[nH]c(C)n4)C[C@@H]23)sc1Cl,COc1cc(C(=O)N(C)CC2[C@H]3CN(C(=O)c4c[nH]c(C)n4)C[C@@H]23)sc1Cl
45123,CS(C)(=O)=NC(=O)C(=O)NCCOC1CN(C(=O)c2cnn3c2NCCC3)C1,"7-(3-((2-((((1-methyl-1-oxo-1-thiaethyl)amino)carbonylcarbonyl)amino)ethyl)oxy)azetidin-1-ylcarbonyl)-1,5,9-triazabicyclo[4.3.0]nona-6(7),8(9)-diene",CS(CNC(=O)C(=O)NCCOC1CN(C1)C(=O)C1=C2NCCCN2N=C1)=O,CS(C)(=O)=NC(=O)C(=O)NCCOC1CN(C(=O)c2cnn3c2NCCC3)C1,C[S+]([O-])CNC(=O)C(=O)NCCOC1CN(C(=O)c2cnn3c2NCCC3)C1
45144,CC=C(CC)C(=O)NC[C@]1(F)C[C@H](NC(=O)c2ccc(S(=O)(=O)NOC)cc2)C1,4-methoxyaminosulfonyl-1-(((3-fluoro-3-(((pent-2-en-3-ylcarbonyl)amino)methyl)cyclobutyl)amino)carbonyl)benzene,CONS(=O)(=O)C1=CC=C(C=C1)C(=O)NC1CC(C1)(CNC(=O)C(=CC)CC)F,CC=C(CC)C(=O)NC[C@]1(F)C[C@H](NC(=O)c2ccc(S(=O)(=O)NOC)cc2)C1,CC=C(CC)C(=O)NCC1(F)CC(NC(=O)c2ccc(S(=O)(=O)NOC)cc2)C1
45172,Cn1ccc(C=CC(=O)N[C@@H]2C[C@@H]3CC[C@@]2(NC(=O)/C=C/C2CCCCC2)C3)c1,"(E)-1-((((1R,4S,6R)-1-((2-cyclohexyl-ethen-1-ylcarbonyl)amino)norbornane-6-yl)amino)carbonyl)-2-(1-methyl-1H-pyrrol-3-yl)ethen",C1(CCCCC1)C=CC(=O)N[C@@]12CC[C@@H](C[C@H]1NC(=O)\C=C\C1=CN(C=C1)C)C2,Cn1ccc(C=CC(=O)N[C@@H]2C[C@@H]3CC[C@@]2(NC(=O)/C=C/C2CCCCC2)C3)c1,Cn1ccc(/C=C/C(=O)N[C@@H]2C[C@@H]3CC[C@@]2(NC(=O)C=CC2CCCCC2)C3)c1
45215,COc1n[nH]cc1C(=O)N[C@]1(C)C[C@@H](NC(=O)[C@@H]2CC(c3ccncc3)=NO2)C1,4-((2S)-2-((((3S)-3-methyl-3-((3-methoxy-1H-pyrazol-4-ylcarbonyl)amino)cyclobutyl)amino)carbonyl)-5-aza-1-oxacyclopent-4-ene-4-yl)pyridin,,COc1[nH]ncc1C(=O)N[C@]1(C)C[C@@H](NC(=O)C2CC(c3ccncc3)=NO2)C1,
45317,CC(Cl)(Cl)C(=O)N1C[C@H]2[C@H](NC(=O)[C@H]3CC[C@H](N=[N+]=[N-])CC3)[C@H]2C1,"(1S,5R)-3-(1,1-dichloro-ethylcarbonyl)-6-(((trans)-4-azidocyclohexylcarbonyl)amino)-3-azabicyclo[3.1.0]hexane",ClC(C)(C(=O)N1C[C@H]2C([C@H]2C1)NC(=O)[C@@H]1CC[C@H](CC1)N=[N+]=[N-])Cl,CC(Cl)(Cl)C(=O)N1C[C@@H]2[C@H](C1)[C@H]2NC(=O)C1CCC(N=[N+]=[N-])CC1,CC(Cl)(Cl)C(=O)N1C[C@@H]2C(NC(=O)C3CCC(N=[N+]=[N-])CC3)[C@@H]2C1
45348,CCOC(=O)[C@H]1CCCN(CC(=O)N[C@H]2[C@@H]3CN(C(=O)C#CC4CCC4)C[C@@H]32)C1,"(1S,5R)-3-cyclobutylethynylcarbonyl-6-((((3S)-3-ethoxycarbonylpiperidino)methylcarbonyl)amino)-3-azabicyclo[3.1.0]hexane",C1(CCC1)C#CC(=O)N1C[C@H]2C([C@H]2C1)NC(=O)CN1C[C@H](CCC1)C(=O)OCC,CCOC(=O)C1CCCN(CC(=O)N[C@H]2[C@@H]3CN(C(=O)C#CC4CCC4)C[C@@H]32)C1,CCOC(=O)C1CCCN(CC(=O)NC2[C@H]3CN(C(=O)C#CC4CCC4)C[C@@H]23)C1
45406,C=CC[C@H](CNC(=O)COC1CCCC1)C(=O)N[C@H]1C[C@H](O)[C@H](O)C1,"(1S,2R)-1,2-dihydroxy-4-(((1R)-6-cyclopentyl-4-oxo-1-(2-propen-1-yl)-3-aza-6-oxahexylcarbonyl)amino)cyclopentane",O[C@@H]1[C@@H](CC(C1)NC(=O)[C@@H](CNC(COC1CCCC1)=O)CC=C)O,C=CCC(CNC(=O)COC1CCCC1)C(=O)N[C@@H]1C[C@@H](O)[C@@H](O)C1,C=CCC(CNC(=O)COC1CCCC1)C(=O)NC1C[C@@H](O)[C@@H](O)C1
45424,COc1ccc(O)cc1C(=O)N[C@H]1C[C@@](C)(NC(=O)[C@H](OC)[C@H]2CCCO2)C1,(1R)-1-((((3S)-1-methyl-3-((5-hydroxy-2-methoxybenzoyl)amino)cyclobutyl)amino)carbonyl)-1-((2R)-oxolan-2-yl)-2-oxapropane,,COc1ccc(O)cc1C(=O)N[C@H]1C[C@@](C)(NC(=O)C(OC)[C@H]2CCCO2)C1,
45489,Cc1noc(C(=O)N2C[C@H]3C[C@H](NC(=O)C[C@@H]4CCCC5(CCC5)O4)C[C@H]3C2)n1,"(6S)-6-(2-oxo-3-((1R,5S)-3-(3-methyl-1,2,4-oxadiazol-5-ylcarbonyl)-3-azabicyclo[3.3.0]octan-7-yl)-3-azapropyl)-5-oxaspiro[3.5]nonane",O=C(C[C@H]1OC2(CCC2)CCC1)NC1C[C@@H]2CN(C[C@@H]2C1)C(=O)C1=NC(=NO1)C,Cc1noc(C(=O)N2C[C@H]3C[C@H](NC(=O)C[C@@H]4CCCC5(CCC5)O4)C[C@H]3C2)n1,Cc1noc(C(=O)N2C[C@H]3CC(NC(=O)C[C@@H]4CCCC5(CCC5)O4)C[C@H]3C2)n1
45557,CC(C)CCCC(=O)N1CCCC2CN(C(=O)COC(F)F)CCC21,"6-difluoromethoxymethylcarbonyl-1-(4-methyl-pentylcarbonyl)-2,8-dihydro-pyrido[2,3-d]pyridin",,CC(C)CCCC(=O)N1CCCC2CN(C(=O)COC(F)F)CCC21,
45694,C=C/C=C/CCN=c1cc(C)nc(N2CCC(CC)(CC)C2)[nH]1,"(E)-3,3-diethyl-1-(4-methyl-6-((3,5-hexadien-1-yl)imino)-1H-pyrimidin-2-yl)pyrrolidin",C(C)C1(CN(CC1)C=1N/C(/C=C(N1)C)=N/CCC=CC=C)CC,C=C/C=C/CCNc1cc(C)nc(N2CCC(CC)(CC)C2)n1,C=CC=CCCNc1cc(C)nc(N2CCC(CC)(CC)C2)n1
45742,COCc1cc(CC(=O)N[C@H]2C[C@@H]3CC[C@H](C2)N3C(=O)[C@H](C)CO)no1,"(1S,3S,5R)-3-(((5-methoxymethylisoxazol-3-yl)methylcarbonyl)amino)-8-((1R)-1-methyl-3-oxapropylcarbonyl)-8-azabicyclo[3.2.1]octane",,COCc1cc(CC(=O)N[C@@H]2C[C@H]3CC[C@@H](C2)N3C(=O)C(C)CO)no1,
45776,CO[C@]1(C(F)(F)F)C[C@H](NC(=O)NCc2ccc(CN3CCCC[C@@H]3C)cc2)C1,1-(((1R)-1-trifluoromethyl-3-((((4-(((2S)-2-methylpiperidino)methyl)benzyl)amino)carbonyl)amino)cyclobutyl)oxy)-methane,,CO[C@]1(C(F)(F)F)C[C@H](NC(=O)NCc2ccc(CN3CCCC[C@@H]3C)cc2)C1,
45780,CC[C@@](C)(OC)C(=O)N[C@H]1[C@@H]2CN(C(=O)c3c(C)cc(C)cc3C)C[C@@H]21,"(3R)-3-methyl-3-((((1S,5R)-3-(2,4,6-trimethylbenzoyl)-3-azabicyclo[3.1.0]hexane-6-yl)amino)carbonyl)-2-oxapentane",C[C@@](OC)(CC)C(=O)NC1[C@H]2CN(C[C@@H]12)C(C1=C(C=C(C=C1C)C)C)=O,CC[C@@](C)(OC)C(=O)N[C@H]1[C@@H]2CN(C(=O)c3c(C)cc(C)cc3C)C[C@@H]21,CC[C@@](C)(OC)C(=O)NC1[C@H]2CN(C(=O)c3c(C)cc(C)cc3C)C[C@@H]12
45822,O=C(C#CC1CCCC1)N[C@H]1C[C@H](NC(=O)c2scc3c2OCCO3)C12CCC2,"(1S,3S)-1-cyclopentylethynylcarbonylamino-3-((2,5-dioxa-8-thiabicyclo[4.3.0]nona-1(9),6(7)-dien-7-ylcarbonyl)amino)-spiro[3.3]heptane",,O=C(C#CC1CCCC1)N[C@H]1C[C@H](NC(=O)c2scc3c2OCCO3)C12CCC2,
45836,Cc1cc(C(=O)N[C@]2(C)C[C@@H](NC(=O)CCN(C)CCO)C2)c(C)[nH]1,"2,5-dimethyl-3-(((1-methyl-3-((2-(N-(3-oxapropyl)-N-methylamino)ethylcarbonyl)amino)cyclobutyl)amino)carbonyl)-1H-pyrrole",CC=1NC(=CC1C(=O)NC1(CC(C1)NC(=O)CCN(C)CCO)C)C,Cc1cc(C(=O)N[C@]2(C)C[C@@H](NC(=O)CCN(C)CCO)C2)c(C)[nH]1,Cc1cc(C(=O)NC2(C)CC(NC(=O)CCN(C)CCO)C2)c(C)[nH]1
45842,Cn1ccc(CN2C[C@H]3[C@H](NC(=O)[C@@H]4COc5ccc(F)cc5C4)[C@H]3C2)cc1=O,"(1S,5R)-3-((1-methyl-2-oxo-1,2-dihydropyridin-4-yl)methyl)-6-(((4S)-8-fluoro-2-oxabicyclo[4.4.0]deca-1(6),7(8),9(10)-trien-4-ylcarbonyl)amino)-3-azabicyclo[3.1.0]hexane",CN1C(C=C(C=C1)CN1C[C@H]2C([C@H]2C1)NC(=O)[C@@H]1COC=2C=CC(=CC2C1)F)=O,Cn1ccc(CN2C[C@@H]3[C@H](C2)[C@H]3NC(=O)C2COc3ccc(F)cc3C2)cc1=O,Cn1ccc(CN2C[C@@H]3C(NC(=O)C4COc5ccc(F)cc5C4)[C@@H]3C2)cc1=O
45920,CCCSCCC(=O)NC[C@@H]1CCN(C(=O)[C@@H]2[C@H]3CC[C@H]4[C@@H](C3)C[C@H]42)C[C@H]1C,"(1R,2R,3S,6S,7S)-2-((3S,4R)-3-methyl-4-(((2-propylsulfanylethylcarbonyl)amino)methyl)piperidinocarbonyl)-tricyclo[4.2.0.1^3,7]nonane",C[C@@H]1CN(CC[C@H]1CNC(=O)CCSCCC)C(=O)[C@H]1[C@@H]2C[C@H]3[C@@H]2CC[C@H]1C3,CCCSCCC(=O)NC[C@@H]1CCN(C(=O)C2[C@H]3CC[C@H]4[C@@H](C3)C[C@@H]24)C[C@H]1C,CCCSCCC(=O)NC[C@@H]1CCN(C(=O)[C@@H]2[C@H]3CC[C@H]4[C@@H](C3)C[C@H]42)C[C@H]1C
45928,O=C(NC[C@@H](NC(=O)[C@@H]1Cc2ccccc21)C1CCCCC1)c1cc(Cl)c(Cl)s1,"(1S)-1-cyclohexyl-1-(((2R)-benzocyclobutene-2-ylcarbonyl)amino)-2-((2,3-dichloro-5-thienylcarbonyl)amino)-ethane",,O=C(NC[C@@H](NC(=O)C1Cc2ccccc21)C1CCCCC1)c1cc(Cl)c(Cl)s1,
45942,CCc1cc(C(=O)N2C[C@H]3[C@H](CNC(=O)C[C@@H]4CCCO4)[C@H]3C2)cc2c[nH]nc12,"(1S,5R)-3-(5-ethyl-7,8-diazabicyclo[4.3.0]nona-1(9),2(3),4(5),6(7)-tetraen-3-ylcarbonyl)-6-(((((2S)-oxolan-2-yl)methylcarbonyl)amino)methyl)-3-azabicyclo[3.1.0]hexane",C(C)C1=CC(=CC2=CNN=C12)C(=O)N1C[C@H]2C([C@H]2C1)CNC(=O)C[C@H]1OCCC1,CCc1cc(C(=O)N2C[C@@H]3[C@@H](CNC(=O)C[C@@H]4CCCO4)[C@@H]3C2)cc2c[nH]nc12,CCc1cc(C(=O)N2C[C@@H]3C(CNC(=O)C[C@@H]4CCCO4)[C@@H]3C2)cc2c[nH]nc12
45989,O=C(NC[C@]1(F)C[C@H](CNC(=O)C23CCC(CC2)OC3)C1)c1ccc(CO)nc1,4-((((3-fluoro-3-(((2-hydroxymethyl-5-pyridylcarbonyl)amino)methyl)cyclobutyl)methyl)amino)carbonyl)-2-oxabicyclo[2.2.2]octane,FC1(CC(C1)CNC(=O)C12COC(CC1)CC2)CNC(=O)C=2C=CC(=NC2)CO,O=C(NC[C@]1(F)C[C@H](CNC(=O)C23CCC(CC2)OC3)C1)c1ccc(CO)nc1,O=C(NCC1(F)CC(CNC(=O)C23CCC(CC2)OC3)C1)c1ccc(CO)nc1
45992,O=C(N[C@H]1C[C@H](NC(=O)c2ccc(F)c3[nH]ccc23)C1)c1cnc(Cl)s1,1-((2-chlorothiazol-5-ylcarbonyl)amino)-3-((7-fluoroindol-4-ylcarbonyl)amino)cyclobutane,ClC=1SC(=CN1)C(=O)NC1CC(C1)NC(=O)C1=C2C=CNC2=C(C=C1)F,O=C(N[C@H]1C[C@H](NC(=O)c2ccc(F)c3[nH]ccc23)C1)c1cnc(Cl)s1,O=C(NC1CC(NC(=O)c2ccc(F)c3[nH]ccc23)C1)c1cnc(Cl)s1
45993,C[C@H](C(=O)NC[C@H]1C[C@@H]2CC[C@H](C1)N2C(=O)c1ccc(=O)n(O)c1)[C@H]1CCCO1,"(S,R)-2-(1-methyl-2-oxo-4-((1R,5S)-8-(1-hydroxy-2-oxo-5-pyridylcarbonyl)-8-azabicyclo[3.2.1]octan-3-yl)-3-azabutyl)oxolan",C[C@@H](C(NCC1C[C@H]2CC[C@@H](C1)N2C(=O)C=2C=CC(N(C2)O)=O)=O)[C@H]2OCCC2,CC(C(=O)NC[C@@H]1C[C@H]2CC[C@@H](C1)N2C(=O)c1ccc(=O)n(O)c1)[C@H]1CCCO1,CC(C(=O)NCC1C[C@H]2CC[C@@H](C1)N2C(=O)c1ccc(=O)n(O)c1)[C@@H]1CCCO1
46036,CNC(=O)C1(N[C@H](c2nnnn2Cc2ccccc2)[C@H]2[C@@H]3COC[C@@H]32)CC1,"(1S,5R)-6-((1S)-1-(1-benzyltetrazol-5-yl)-2-(1-methylcarbamylcyclopropyl)-2-azaethyl)-3-oxabicyclo[3.1.0]hexane",C(C1=CC=CC=C1)N1N=NN=C1[C@@H](NC1(CC1)C(NC)=O)C1[C@H]2COC[C@@H]12,CNC(=O)C1(N[C@H](c2nnnn2Cc2ccccc2)[C@H]2[C@@H]3COC[C@@H]32)CC1,CNC(=O)C1(N[C@H](c2nnnn2Cc2ccccc2)C2[C@H]3COC[C@@H]23)CC1
46061,CSc1cc(F)ccc1C(=O)N[C@H]1C[C@]2(CCCCN2C(=O)CN(C)C(N)=O)C1,2-((4-fluoro-2-methylsulfanylbenzoyl)amino)-5-((carbamyl(methyl)amino)methylcarbonyl)-5-azaspiro[3.5]nonane,FC1=CC(=C(C(=O)NC2CC3(C2)N(CCCC3)C(=O)CN(C)C(N)=O)C=C1)SC,CSc1cc(F)ccc1C(=O)N[C@H]1C[C@]2(CCCCN2C(=O)CN(C)C(N)=O)C1,CSc1cc(F)ccc1C(=O)NC1CC2(CCCCN2C(=O)CN(C)C(N)=O)C1
46076,Cc1ccc(C(=O)N2[C@H]3CC[C@@H]2C[C@@H](NC(=O)c2ccccc2S)C3)s1,"(1S,5R)-3-((2-sulfanylbenzoyl)amino)-8-(2-methyl-5-thienylcarbonyl)-8-azabicyclo[3.2.1]octane",SC1=C(C(=O)NC2C[C@@H]3CC[C@H](C2)N3C(=O)C3=CC=C(S3)C)C=CC=C1,Cc1ccc(C(=O)N2[C@@H]3CC[C@H]2C[C@H](NC(=O)c2ccccc2S)C3)s1,Cc1ccc(C(=O)N2[C@@H]3CC[C@H]2CC(NC(=O)c2ccccc2S)C3)s1
46087,Cc1coc(C(=O)NC[C@@H]2CCCN(C(=O)c3cc4n(n3)CCNC4=O)CC2)c1,"2-((4R)-4-(((3-methyl-5-furylcarbonyl)amino)methyl)azepan-1-ylcarbonyl)-4,5,6,7-tetrahydropyrazolo[1,5-a]pyrazin-4(5H)-one",,Cc1coc(C(=O)NC[C@@H]2CCCN(C(=O)c3cc4n(n3)CCNC4=O)CC2)c1,
46101,Cc1cc(CC(=O)N[C@H]2C[C@@](C)(NC(=O)c3ccn4[nH]c(=N)nc4c3)C2)on1,"7-(((1-methyl-3-(((3-methylisooxazol-5-yl)methylcarbonyl)amino)cyclobutyl)amino)carbonyl)-s-triazolo[1,5-a]pyridin-2(3H)-imine",CC1(CC(C1)NC(=O)CC1=CC(=NO1)C)NC(=O)C1=CC=2N(C=C1)NC(N2)=N,Cc1cc(CC(=O)N[C@H]2C[C@@](C)(NC(=O)c3ccn4nc(N)nc4c3)C2)on1,Cc1cc(CC(=O)NC2CC(C)(NC(=O)c3ccn4nc(N)nc4c3)C2)on1
46134,O=C(C[C@@H]1C[C@H]2C[C@H]2C1)NC[C@@H](O)C(=O)NCc1cn(C2CC2)cn1,"(R)-1-cyclopropyl-4-(((1-hydroxy-4-oxo-5-((1S,5R)-bicyclo[3.1.0]hexane-3-yl)-3-azapentylcarbonyl)amino)methyl)imidazol",C1(CC1)N1C=NC(=C1)CNC(=O)[C@@H](CNC(CC1C[C@@H]2C[C@@H]2C1)=O)O,O=C(C[C@H]1C[C@@H]2C[C@@H]2C1)NCC(O)C(=O)NCc1cn(C2CC2)cn1,O=C(CC1C[C@@H]2C[C@@H]2C1)NCC(O)C(=O)NCc1cn(C2CC2)cn1
46171,COCCCn1nnnc1[C@@]1(NCCc2ncc(C)o2)C[C@H](C)N(C)[C@H](C)C1,"1-(3-methoxypropyl)-5-((2R,6S)-1,2,6-trimethyl-4-(N-(2-(5-methyloxazol-2-yl)ethyl)amino)piperidin-4-yl)tetrazol",COCCCN1N=NN=C1C1(C[C@H](N([C@H](C1)C)C)C)NCCC=1OC(=CN1)C,COCCCn1nnnc1[C@]1(NCCc2ncc(C)o2)C[C@@H](C)N(C)[C@@H](C)C1,COCCCn1nnnc1C1(NCCc2ncc(C)o2)C[C@@H](C)N(C)[C@@H](C)C1
46181,CC(C)(O)[C@@H]1CCN1C(=O)NC[C@@H]1Cc2ccccc21,2-((2S)-1-(((((2R)-benzocyclobutene-2-yl)methyl)amino)carbonyl)azetidin-2-yl)-2-propanol,,CC(C)(O)[C@@H]1CCN1C(=O)NC[C@@H]1Cc2ccccc21,
46215,CC(C)[C@@H]1C[C@H](NC(=O)[C@H]2C[C@@](C)(NC(=O)[C@@H]3CC(=O)NC(=O)N3)C2)CO1,"2-((3S,5S)-3-(((1R,3R)-3-methyl-3-(((6S)-2,4-dioxo-1,3-diazacyclohexan-6-ylcarbonyl)amino)cyclobutylcarbonyl)amino)oxolan-5-yl)propane",,CC(C)[C@@H]1C[C@H](NC(=O)C2CC(C)(NC(=O)C3CC(=O)NC(=O)N3)C2)CO1,
46294,C=C1CC[C@@]1(C(=O)NC[C@H]1C[C@](F)(CNC(=O)c2cccs2)C1)C(=O)OC,2-(((((1S)-1-fluoro-3-((((1R)-1-methoxycarbonyl-2-methylidenecyclobutylcarbonyl)amino)methyl)cyclobutyl)methyl)amino)carbonyl)thiofuran,,C=C1CC[C@@]1(C(=O)NC[C@H]1C[C@](F)(CNC(=O)c2cccs2)C1)C(=O)OC,
46323,C[C@@H](CC(C)(C)C)C(=O)N[C@H]1C[C@@H](NC(=O)[C@@H]2CCOC(C)(C)C2)C1,"(4S)-2,2-dimethyl-4-((((1S,3R)-3-(((4R)-2,2-dimethyloxan-4-ylcarbonyl)amino)cyclobutyl)amino)carbonyl)pentane",,CC(CC(C)(C)C)C(=O)N[C@H]1C[C@@H](NC(=O)C2CCOC(C)(C)C2)C1,
46352,CO[C@H](C)C(=O)N[C@H]1C[C@@](F)(CNC(=O)COc2cc(F)ccc2Br)C1,2-oxo-1-(2-bromo-5-fluorophenoxy)-4-((1R)-1-fluoro-3-(((1R)-1-methyl-2-oxapropylcarbonyl)amino)cyclobutyl)-3-azabutane,,COC(C)C(=O)N[C@H]1C[C@@](F)(CNC(=O)COc2cc(F)ccc2Br)C1,
46356,CCCC(C)(C)CC(=O)N1C[C@H]2[C@H](CNC(=O)[C@]3(C)CCCC3(F)F)[C@H]2C1,"2,2-dimethyl-1-((1S,5R)-6-((((1S)-2,2-difluoro-1-methylcyclopentylcarbonyl)amino)methyl)-3-azabicyclo[3.1.0]hexane-3-ylcarbonyl)pentane",CC(CC(=O)N1C[C@H]2C([C@H]2C1)CNC(=O)[C@]1(C(CCC1)(F)F)C)(CCC)C,CCCC(C)(C)CC(=O)N1C[C@@H]2[C@@H](CNC(=O)[C@]3(C)CCCC3(F)F)[C@@H]2C1,CCCC(C)(C)CC(=O)N1C[C@@H]2C(CNC(=O)[C@]3(C)CCCC3(F)F)[C@@H]2C1
46490,CCc1c[nH]c(C(=O)N2C[C@H]3[C@H](NC(=O)[C@H](C)ONC(=O)OC(C)(C)C)[C@H]3C2)c1,"(1S,5R)-3-(3-ethyl-1H-pyrrol-5-ylcarbonyl)-6-(((1S)-1,6,6-trimethyl-4-oxo-3-aza-2,5-dioxaheptylcarbonyl)amino)-3-azabicyclo[3.1.0]hexane",C(C)C1=CNC(=C1)C(=O)N1C[C@H]2C([C@H]2C1)NC(=O)[C@@H](ONC(OC(C)(C)C)=O)C,CCc1c[nH]c(C(=O)N2C[C@@H]3[C@H](C2)[C@H]3NC(=O)C(C)ONC(=O)OC(C)(C)C)c1,CCc1c[nH]c(C(=O)N2C[C@@H]3C(NC(=O)C(C)ONC(=O)OC(C)(C)C)[C@@H]3C2)c1
46513,CCONC(=O)CN=C(N[C@H](C)c1ccc(Br)cc1)N1C[C@@H]2[C@@H](CF)[C@@H]2C1,"(1S,5R,6R)-6-fluoromethyl-3-(4-oxo-1-(((1R)-1-(4-bromophenyl)-ethyl)amino)-2,5-diaza-6-oxaocten-1-yl)-3-azabicyclo[3.1.0]hexane",,CCONC(=O)CN=C(N[C@H](C)c1ccc(Br)cc1)N1C[C@@H]2[C@@H](CF)[C@@H]2C1,
46519,CN(C(=O)CO[C@@H]1CCOC1)[C@H]1[C@@H]2CN(C(=O)c3ccc(SC(F)(F)F)o3)C[C@@H]21,"(1S,5R)-3-(2-trifluoromethylsulfanyl-5-furylcarbonyl)-6-(N-(((3R)-oxolan-3-yl)oxymethylcarbonyl)-N-methylamino)-3-azabicyclo[3.1.0]hexane",FC(F)(F)SC=1OC(=CC1)C(=O)N1C[C@H]2C([C@H]2C1)N(C)C(=O)CO[C@H]1COCC1,CN(C(=O)CO[C@@H]1CCOC1)[C@H]1[C@@H]2CN(C(=O)c3ccc(SC(F)(F)F)o3)C[C@@H]21,CN(C(=O)CO[C@@H]1CCOC1)C1[C@H]2CN(C(=O)c3ccc(SC(F)(F)F)o3)C[C@@H]12
46634,Cc1ncc(C(=O)N2C[C@H]3[C@H](CNC(=O)Cc4nc[nH]n4)[C@H]3C2)[nH]1,"(1S,5R)-3-(2-methyl-1H-imidazol-5-ylcarbonyl)-6-((((1H-1,2,4-triazol-3-yl)methylcarbonyl)amino)methyl)-3-azabicyclo[3.1.0]hexane",CC=1NC(=CN1)C(=O)N1C[C@H]2C([C@H]2C1)CNC(=O)CC1=NNC=N1,Cc1nc(C(=O)N2C[C@@H]3[C@@H](CNC(=O)Cc4nc[nH]n4)[C@@H]3C2)c[nH]1,Cc1nc(C(=O)N2C[C@@H]3C(CNC(=O)Cc4nc[nH]n4)[C@@H]3C2)c[nH]1
46638,O=C(Cn1cc(CO)nn1)N[C@@H]1C[C@@H]2CC[C@H](C1)N2C(=O)[C@@H]1CC2CC1C2,"(2R)-2-((1R,3R,5S)-3-(((4-hydroxymethyl-1,2,3-triazol-1-yl)methylcarbonyl)amino)-8-azabicyclo[3.2.1]octan-8-ylcarbonyl)-bicyclo[2.1.1]hexane",,O=C(Cn1cc(CO)nn1)N[C@H]1C[C@H]2CC[C@@H](C1)N2C(=O)C1CC2CC1C2,
46645,CN(CCCCNC(=O)[C@]12CSC[C@H]1C2(F)F)C(=O)C=C1CCOCC1,"4-(N-(4-(((1R,5R)-6,6-difluoro-3-thiabicyclo[3.1.0]hexan-1-ylcarbonyl)amino)butyl)-N-methylcarbamoylmethylidene)oxan",,CN(CCCCNC(=O)[C@]12CSC[C@H]1C2(F)F)C(=O)C=C1CCOCC1,
46660,CCC1CC(CC(=O)NC(C)(C)CN2CCN(C(=O)C#C[C@@H]3CCOC3)CC2)C1,"(3S)-3-(1-(1-(4-(2,2-dimethyl-4-oxo-5-(3-ethylcyclobutyl)-3-azapentyl)piperazinocarbonyl)-methyl)-methyl)oxolan",CC(CN1CCN(CC1)C(=O)CC[C@@H]1COCC1)(NC(CC1CC(C1)CC)=O)C,CCC1CC(CC(=O)NC(C)(C)CN2CCN(C(=O)C#C[C@@H]3CCOC3)CC2)C1,CCC1CC(CC(=O)NC(C)(C)CN2CCN(C(=O)CC[C@H]3CCOC3)CC2)C1
46681,CP(C)(=O)CC(=O)N[C@H]1C[C@](C)(NC(=O)c2nnn3c2CCCCC3)C1,"bis(methyl)(2-oxo-3-(3-methyl-3-((1,9,10-triazabicyclo[5.3.0]deca-7(8),9(10)-dien-8-ylcarbonyl)amino)cyclobutyl)-3-azapropyl)phosphine oxide",CP(CC(NC1CC(C1)(NC(=O)C1=C2CCCCCN2N=N1)C)=O)(C)=O,CP(C)(=O)CC(=O)N[C@H]1C[C@](C)(NC(=O)c2nnn3c2CCCCC3)C1,CC1(NC(=O)c2nnn3c2CCCCC3)CC(NC(=O)CP(C)(C)=O)C1
46685,CS(=O)(=O)Cc1cc(C(=O)NC[C@H]2[C@@H]3CN(C(=O)C4(CC(F)F)CC4)C[C@H]23)no1,"(1S,5R)-3-(1-(2,2-difluoroethyl)cyclopropylcarbonyl)-6-(((5-(2,2-dioxo-2-thiapropyl)isoxazol-3-ylcarbonyl)amino)methyl)-3-azabicyclo[3.1.0]hexane",FC(CC1(CC1)C(=O)N1C[C@H]2C([C@H]2C1)CNC(=O)C1=NOC(=C1)CS(C)(=O)=O)F,CS(=O)(=O)Cc1cc(C(=O)NC[C@@H]2[C@H]3CN(C(=O)C4(CC(F)F)CC4)C[C@@H]23)no1,CS(=O)(=O)Cc1cc(C(=O)NCC2[C@H]3CN(C(=O)C4(CC(F)F)CC4)C[C@@H]23)no1
46709,CCn1ccc(CN2[C@H]3CC[C@@H]2C[C@@H](NC(=O)c2cc(C)cc(O)c2)C3)n1,"(1S,5R)-3-((3-hydroxy-5-methylbenzoyl)amino)-8-((1-ethylpyrazol-3-yl)methyl)-8-azabicyclo[3.2.1]octane",OC=1C=C(C(=O)NC2C[C@@H]3CC[C@H](C2)N3CC3=NN(C=C3)CC)C=C(C1)C,CCn1ccc(CN2[C@@H]3CC[C@H]2C[C@H](NC(=O)c2cc(C)cc(O)c2)C3)n1,CCn1ccc(CN2[C@@H]3CC[C@H]2CC(NC(=O)c2cc(C)cc(O)c2)C3)n1
46719,COCc1ccc(C(=O)N[C@@H]2[C@H]3CCN(C(=O)c4cnc(C)c(C)c4)CC[C@H]32)o1,"2-methoxymethyl-5-((((1R,7S)-4-(2,3-dimethyl-5-pyridylcarbonyl)-4-azabicyclo[5.1.0]octan-8-yl)amino)carbonyl)furan",COCC=1OC(=CC1)C(=O)NC1[C@H]2CCN(CC[C@@H]12)C(=O)C=1C=C(C(=NC1)C)C,COCc1ccc(C(=O)N[C@H]2[C@@H]3CCN(C(=O)c4cnc(C)c(C)c4)CC[C@@H]32)o1,COCc1ccc(C(=O)NC2[C@H]3CCN(C(=O)c4cnc(C)c(C)c4)CC[C@@H]23)o1
46738,CN1CCC(C)(C(=O)N[C@@H]2CS(=O)(=O)C[C@@H]2N=c2[nH]nc(C3CCCC3)s2)CC1,"2-cyclopentyl-5-(((3S,4R)-1,1-dioxo-3-((1,4-dimethylpiperidin-4-ylcarbonyl)amino)thiolan-4-yl)imino)-1,3,4-thiadiazole",C1(CCCC1)C1SC(N=N1)=N[C@@H]1[C@@H](CS(C1)(=O)=O)NC(=O)C1(CCN(CC1)C)C,CN1CCC(C)(C(=O)N[C@@H]2CS(=O)(=O)C[C@@H]2Nc2nnc(C3CCCC3)s2)CC1,CN1CCC(C)(C(=O)N[C@@H]2CS(=O)(=O)C[C@@H]2N=C2N=NC(C3CCCC3)S2)CC1
46740,C#C[C@@H](CC)NC(=O)C[C@H]1[C@@H]2CN(C(=O)c3ccc(C)c(C#N)c3)C[C@H]12,"(4R)-4-ethyl-2-oxo-1-((1S,5R)-3-(3-cyano-4-methylbenzoyl)-3-azabicyclo[3.1.0]hexane-6-yl)-3-aza-5-hexyn",C(C)[C@@H](NC(CC1[C@H]2CN(C[C@@H]12)C(C1=CC(=C(C=C1)C)C#N)=O)=O)C#C,C#C[C@@H](CC)NC(=O)C[C@@H]1[C@H]2CN(C(=O)c3ccc(C)c(C#N)c3)C[C@@H]12,C#C[C@@H](CC)NC(=O)CC1[C@H]2CN(C(=O)c3ccc(C)c(C#N)c3)C[C@@H]12
46828,CC(=Cc1ccccn1)C(=O)N[C@@H]1C[C@@H]2CC[C@H](C1)N2C(=O)[C@@](C)(F)C(C)(C)F,"(2R)-2,3-difluoro-3-methyl-2-((1R,3R,5S)-3-((1-((2-pyridyl)methylidene)-ethylcarbonyl)amino)-8-azabicyclo[3.2.1]octan-8-ylcarbonyl)butane",,CC(=Cc1ccccn1)C(=O)N[C@H]1C[C@H]2CC[C@@H](C1)N2C(=O)[C@@](C)(F)C(C)(C)F,
46831,CCN(C)CC(=O)NC1[C@@H]2CC(NC(=O)c3onc4ccccc34)C[C@@H]12,"(1R,5R)-3-((anthranil-3-ylcarbonyl)amino)-6-(((ethyl(methyl)amino)methylcarbonyl)amino)-bicyclo[3.1.0]hexane",,CCN(C)CC(=O)NC1[C@@H]2CC(NC(=O)c3onc4ccccc34)C[C@@H]12,
46894,Cc1nnn(CC(=O)N2[C@H]3CC[C@@H]2C[C@H](NC(=O)[C@H]2CC(C4CC4)=NO2)C3)n1,"(1S,5R)-3-(((4R)-2-cyclopropyl-1-aza-5-oxacyclopent-1-ene-4-ylcarbonyl)amino)-8-((5-methyltetrazol-2-yl)methylcarbonyl)-8-azabicyclo[3.2.1]octane",C1(CC1)C1=NO[C@H](C1)C(=O)NC1C[C@@H]2CC[C@H](C1)N2C(=O)CN2N=C(N=N2)C,Cc1nnn(CC(=O)N2[C@@H]3CC[C@H]2C[C@@H](NC(=O)C2CC(C4CC4)=NO2)C3)n1,Cc1nnn(CC(=O)N2[C@@H]3CC[C@H]2CC(NC(=O)C2CC(C4CC4)=NO2)C3)n1
46900,COC1(C(=O)N[C@@H]2CCN(C(=O)[C@H]3CC[C@@](C)(F)CC3)CC[C@@H]2CO)CCC1,"1-methoxy-1-((((4S,5R)-4-hydroxymethyl-1-((4S)-4-fluoro-4-methylcyclohexylcarbonyl)azepan-5-yl)amino)carbonyl)cyclobutan",,COC1(C(=O)N[C@@H]2CCN(C(=O)C3CCC(C)(F)CC3)CC[C@@H]2CO)CCC1,
46940,Cn1cc(CCC(=O)NC[C@H]2C[C@@H]2NC(=O)CCCNC(N)=O)nn1,"(trans)-1-(((2-(1-methyl-1,2,3-triazol-4-yl)ethylcarbonyl)amino)methyl)-2-((5-oxo-4,6-diazahexylcarbonyl)amino)cyclopropane",CN1N=NC(=C1)CCC(=O)NC[C@H]1[C@@H](C1)NC(=O)CCCNC(N)=O,Cn1cc(CCC(=O)NC[C@H]2C[C@@H]2NC(=O)CCCNC(N)=O)nn1,Cn1cc(CCC(=O)NC[C@@H]2C[C@H]2NC(=O)CCCNC(N)=O)nn1
46950,CC(C)CCSCC(=O)N[C@H]1C[C@@](C)(NC(=O)CNC(=O)[C@@H]2C[C@@H]2C)C1,"5-methyl-1-((((1S)-3-methyl-3-(((((1R,2S)-2-methylcyclopropylcarbonyl)amino)methylcarbonyl)amino)cyclobutyl)amino)carbonyl)-2-thiahexane",,CC(C)CCSCC(=O)N[C@H]1C[C@@](C)(NC(=O)CNC(=O)C2C[C@@H]2C)C1,
46971,C/C=C/C[C@H](CC)C(=O)N1CC(C[C@H](F)C(=O)N2CC([C@H]3CC3(F)F)C2)C1,"1-(1-fluoro-2-(1-((2S)-(3S,5E)-hept-5-en-3-ylcarbonyl)azetidin-3-yl)-ethylcarbonyl)-3-((1R)-2,2-difluorocyclopropyl)azetidin",,C/C=C/CC(CC)C(=O)N1CC(CC(F)C(=O)N2CC([C@H]3CC3(F)F)C2)C1,
46979,CCCS(=O)(=O)CC(=O)NC[C@]1(O)CCCN(C(=O)C#CC2CC2)C1,"1-(1-(1-((3R)-3-hydroxy-3-(((2,2-dioxo-2-thiapentylcarbonyl)amino)methyl)piperidinocarbonyl)-methyl)-methyl)cyclopropan",O[C@@]1(CN(CCC1)C(=O)CCC1CC1)CNC(=O)CS(CCC)(=O)=O,CCCS(=O)(=O)CC(=O)NC[C@]1(O)CCCN(C(=O)C#CC2CC2)C1,CCCS(=O)(=O)CC(=O)NC[C@]1(O)CCCN(C(=O)CCC2CC2)C1
46988,CSCCCCCCC(=O)NC1(CF)CN(C(=O)[C@@H]2CCC[C@@H]2C)C1,(cis)-1-methyl-2-(3-fluoromethyl-3-((6-methylsulfanylhexylcarbonyl)amino)azetidin-1-ylcarbonyl)cyclopentane,C[C@H]1[C@H](CCC1)C(=O)N1CC(C1)(NC(=O)CCCCCCSC)CF,CSCCCCCCC(=O)NC1(CF)CN(C(=O)C2CCC[C@@H]2C)C1,CSCCCCCCC(=O)NC1(CF)CN(C(=O)C2CCC[C@H]2C)C1
47003,CN(C)CCCC(=O)N[C@@H]1C[C@H]2[C@@H](C1)[C@@H]2NC(=O)c1c2c(nn1C)CCC2,"(1S,5R)-3-((3-dimethylaminopropylcarbonyl)amino)-6-((3-methyl-2,3-diazabicyclo[3.3.0]octa-1(2),4(5)-dien-4-ylcarbonyl)amino)-bicyclo[3.1.0]hexane",CN(CCCC(=O)NC1C[C@@H]2C([C@@H]2C1)NC(=O)C=1N(N=C2CCCC12)C)C,CN(C)CCCC(=O)N[C@H]1C[C@@H]2[C@H](C1)[C@H]2NC(=O)c1c2c(nn1C)CCC2,CN(C)CCCC(=O)NC1C[C@@H]2C(NC(=O)c3c4c(nn3C)CCC4)[C@@H]2C1
47071,Cc1nnc(C(=O)NC[C@]2(F)C[C@H](NC(=O)C[C@H]3CCN(C)C3)C2)s1,"(3R)-1-methyl-3-(2-oxo-3-((3R)-3-fluoro-3-(((2-methyl-1,3,4-thiadiazol-5-ylcarbonyl)amino)methyl)cyclobutyl)-3-azapropyl)pyrrolidin",,Cc1nnc(C(=O)NC[C@]2(F)C[C@H](NC(=O)C[C@H]3CCN(C)C3)C2)s1,
47131,CCc1ccccc1NC(=O)[C@@H]([C@@H]1[C@H]2CCC[C@H]21)N(C)Cc1nncn1CC,"(1S,5R)-6-((1R)-1-(((2-ethylphenyl)amino)carbonyl)-2-((4-ethyl-1,2,4-triazol-3-yl)methyl)-2-azapropyl)-bicyclo[3.1.0]hexane",C(C)C1=C(C=CC=C1)NC(=O)[C@H](N(C)CC1=NN=CN1CC)C1[C@@H]2CCC[C@H]12,CCc1ccccc1NC(=O)C([C@H]1[C@@H]2CCC[C@@H]21)N(C)Cc1nncn1CC,CCc1ccccc1NC(=O)C(C1[C@H]2CCC[C@@H]12)N(C)Cc1nncn1CC
47183,O=C(C=Cc1ccco1)N[C@@H]1C[C@H]2CC[C@H]1CN2C(=O)c1ccccc1C(F)F,"1-((((1R,4S,7R)-2-(2-difluoromethylbenzoyl)-2-azabicyclo[2.2.2]octane-7-yl)amino)carbonyl)-2-(2-furyl)ethen",FC(C1=C(C(=O)N2[C@@H]3CC[C@H](C2)C[C@H]3NC(=O)C=CC=3OC=CC3)C=CC=C1)F,O=C(C=Cc1ccco1)N[C@@H]1C[C@H]2CC[C@H]1CN2C(=O)c1ccccc1C(F)F,O=C(C=Cc1ccco1)N[C@@H]1C[C@@H]2CC[C@H]1N(C(=O)c1ccccc1C(F)F)C2
47261,COC1(CC(=O)NC[C@]2(F)C[C@@H](NC(=O)CN3CCN(C)C(=O)C3)C2)CCC1,2-oxo-1-(1-methoxycyclobutyl)-4-(1-fluoro-3-(((4-methyl-3-oxopiperazino)methylcarbonyl)amino)cyclobutyl)-3-azabutane,O=C(CC1(CCC1)OC)NCC1(CC(C1)NC(=O)CN1CC(N(CC1)C)=O)F,COC1(CC(=O)NC[C@]2(F)C[C@@H](NC(=O)CN3CCN(C)C(=O)C3)C2)CCC1,COC1(CC(=O)NCC2(F)CC(NC(=O)CN3CCN(C)C(=O)C3)C2)CCC1
47386,CC(C)CC(=O)N1CCCC[C@]12C[C@H](NC(=O)C1CC3(CSC3)C1)C2,"2-(((1'-isobutylcarbonylspiro[cyclobutane-1,2'-piperidin]-3-yl)amino)carbonyl)-6-thiaspiro[3.3]heptane",C(C(C)C)C(=O)N1C2(CCCC1)CC(C2)NC(=O)C2CC1(C2)CSC1,CC(C)CC(=O)N1CCCC[C@]12C[C@H](NC(=O)C1CC3(CSC3)C1)C2,CC(C)CC(=O)N1CCCCC12CC(NC(=O)C1CC3(CSC3)C1)C2
47529,C[C@H](C(=O)N1CCN(C(=O)[C@H]2CC[C@](C)(O)CC2)C[C@H]1C)c1ccccc1Cl,(S)-2-chloro-1-(1-((2R)-2-methyl-4-((4R)-4-hydroxy-4-methylcyclohexylcarbonyl)piperazinocarbonyl)-ethyl)benzene,,CC(C(=O)N1CCN(C(=O)C2CCC(C)(O)CC2)C[C@H]1C)c1ccccc1Cl,
47569,COC1(OC)CC(C(=O)NC[C@H]2[C@@H]3CN(C(=O)C4(c5ncco5)CCC4)C[C@H]23)C1,"(1S,5R)-3-(1-(oxazol-2-yl)cyclobutylcarbonyl)-6-(((3,3-dimethoxycyclobutylcarbonyl)amino)methyl)-3-azabicyclo[3.1.0]hexane",O1C(=NC=C1)C1(CCC1)C(=O)N1C[C@H]2C([C@H]2C1)CNC(=O)C1CC(C1)(OC)OC,COC1(OC)CC(C(=O)NC[C@@H]2[C@H]3CN(C(=O)C4(c5ncco5)CCC4)C[C@@H]23)C1,COC1(OC)CC(C(=O)NCC2[C@H]3CN(C(=O)C4(c5ncco5)CCC4)C[C@@H]23)C1
47653,CCCN(CCNC(=O)c1ccn(CC)c1C)C(=O)C=C1CCN(C)C1,1-methyl-3-(N-(2-((1-ethyl-2-methyl-1H-pyrrol-3-ylcarbonyl)amino)ethyl)-N-propylcarbamoylmethylidene)pyrrolidin,,CCCN(CCNC(=O)c1ccn(CC)c1C)C(=O)C=C1CCN(C)C1,
47745,C[C@H](C(=O)N1C[C@H]2[C@H](N(C)C(=O)CCc3nc4ccccc4s3)[C@H]2C1)P(C)(C)=O,"(R)-bis(methyl)(1-((1S,5R,6S)-6-(N-(2-(2-benzothiazolyl)ethylcarbonyl)-N-methylamino)-3-azabicyclo[3.1.0]hexane-3-ylcarbonyl)-ethyl)phosphine oxide",,CC(C(=O)N1C[C@@H]2[C@H](C1)[C@H]2N(C)C(=O)CCc1nc2ccccc2s1)P(C)(C)=O,
47818,CCOCCN=C(NCc1cn(C2CC2)c(=O)nc1O)N[C@H]1C[C@](C)(F)C1,1-fluoro-1-methyl-3-(N-(1-(((1-cyclopropyl-4-hydroxy-2-oxopyrimidin-5-yl)methyl)amino)-2-aza-5-oxahepten-1-yl)amino)cyclobutane,FC1(CC(C1)NC(=NCCOCC)NCC=1C(=NC(N(C1)C1CC1)=O)O)C,CCOCCN=C(NCc1cn(C2CC2)c(=O)[nH]c1=O)N[C@H]1C[C@](C)(F)C1,CCOCCN=C(NCc1cn(C2CC2)c(=O)[nH]c1=O)NC1CC(C)(F)C1
47939,COc1cc(C(=O)N2C[C@H]3[C@H](CN(C)C(=O)C=C(C)Cl)[C@H]3C2)ccc1O,"(1S,5R)-3-(4-hydroxy-3-methoxybenzoyl)-6-((N-(2-chloro-propen-1-ylcarbonyl)-N-methylamino)methyl)-3-azabicyclo[3.1.0]hexane",OC1=C(C=C(C(=O)N2C[C@H]3C([C@H]3C2)CN(C)C(=O)C=C(C)Cl)C=C1)OC,COc1cc(C(=O)N2C[C@@H]3[C@@H](CN(C)C(=O)C=C(C)Cl)[C@@H]3C2)ccc1O,COc1cc(C(=O)N2C[C@@H]3C(CN(C)C(=O)C=C(C)Cl)[C@@H]3C2)ccc1O
47988,C/C=C/C[C@@H](CC)C(=O)N1CCO[C@H](CN(C)C(=O)COC2CC=CC2)C1,"1-((2-oxo-3-(((2R)-4-((2R)-(3R,5E)-hept-5-en-3-ylcarbonyl)morpholin-2-yl)methyl)-3-azabutyl)oxy)-cyclopent-3-en",,C/C=C/CC(CC)C(=O)N1CCO[C@H](CN(C)C(=O)COC2CC=CC2)C1,
48045,C[C@H](CC(=O)NC[C@]1(F)C[C@H](CNC(=O)C[C@@H]2CN3CCC2CC3)C1)P(C)(C)=O,"(R)-bis(methyl)(1-methyl-3-oxo-5-((1S,3R)-1-fluoro-3-(((((8S)-quinuclidin-8-yl)methylcarbonyl)amino)methyl)cyclobutyl)-4-azapentyl)phosphine oxide",,C[C@H](CC(=O)NC[C@]1(F)C[C@H](CNC(=O)C[C@@H]2CN3CCC2CC3)C1)P(C)(C)=O,
48065,CC(C)[C@H](O)C(=O)N[C@]1(C)C[C@@H](NC(=O)CCc2ccc3c(n2)NCCC3)C1,"2-(3-oxo-4-((1S)-3-methyl-3-(((1S)-1-hydroxy-2-methyl-propylcarbonyl)amino)cyclobutyl)-4-azabutyl)-5,6,7,8-tetrahydro-1,8-naphthyridin",,CC(C)C(O)C(=O)N[C@]1(C)C[C@@H](NC(=O)CCc2ccc3c(n2)NCCC3)C1,
48067,Cc1nc(CC(=O)N[C@@]23CCN(C(=O)[C@H]4C[C@@](C)(O)C4)CC[C@@H]2C3)n[nH]1,"(1S,7R)-1-(((3-methyl-2H-1,2,4-triazol-5-yl)methylcarbonyl)amino)-4-((3R)-3-hydroxy-3-methylcyclobutylcarbonyl)-4-azabicyclo[5.1.0]octane",,Cc1n[nH]c(CC(=O)N[C@@]23CCN(C(=O)C4CC(C)(O)C4)CC[C@@H]2C3)n1,
48108,CNC(=O)C1CCN(c2cc(C)c(S(=O)(=O)N3[C@H]4CC[C@@H]3C[C@@H](F)C4)cn2)CC1,"(1S,5R)-3-fluoro-8-(4-methyl-2-(4-methylcarbamylpiperidino)-5-pyridylsulfonyl)-8-azabicyclo[3.2.1]octane",FC1C[C@@H]2CC[C@H](C1)N2S(=O)(=O)C=2C(=CC(=NC2)N2CCC(CC2)C(NC)=O)C,CNC(=O)C1CCN(c2cc(C)c(S(=O)(=O)N3[C@@H]4CC[C@H]3C[C@H](F)C4)cn2)CC1,CNC(=O)C1CCN(c2cc(C)c(S(=O)(=O)N3[C@@H]4CC[C@H]3CC(F)C4)cn2)CC1
48167,CN1CCC(C(=O)N[C@@H]2C[C@@H]3CC[C@H](C2)N3Cc2c(F)cccc2Br)CC1,"1-(4-((((1R,5S)-8-(2-bromo-6-fluorobenzyl)-8-azabicyclo[3.2.1]octan-3-yl)amino)carbonyl)piperidino)-methane",BrC1=C(CN2[C@H]3CC(C[C@@H]2CC3)NC(=O)C3CCN(CC3)C)C(=CC=C1)F,CN1CCC(C(=O)N[C@H]2C[C@H]3CC[C@@H](C2)N3Cc2c(F)cccc2Br)CC1,CN1CCC(C(=O)NC2C[C@H]3CC[C@@H](C2)N3Cc2c(F)cccc2Br)CC1
48192,CC(C)[C@H](C(=O)N1[C@H]2CC[C@@H]1C[C@@H](NC(=O)CC(F)(F)F)C2)c1cccnc1,"(1S)-2-methyl-1-((1R,3R,5S)-3-((2,2,2-trifluoroethylcarbonyl)amino)-8-azabicyclo[3.2.1]octan-8-ylcarbonyl)-1-(3-pyridyl)propane",,CC(C)C(C(=O)N1[C@@H]2CC[C@H]1C[C@H](NC(=O)CC(F)(F)F)C2)c1cccnc1,
48292,C=CCC(=O)N1[C@H]2CC[C@@H]1C[C@@H](N(C)C(=O)c1cc(CCC)[nH]n1)C2,"(1S,5R)-3-(N-(3-propyl-2H-pyrazol-5-ylcarbonyl)-N-methylamino)-8-(2-propen-1-ylcarbonyl)-8-azabicyclo[3.2.1]octane",C(CC)C=1NN=C(C1)C(=O)N(C)C1C[C@@H]2CC[C@H](C1)N2C(=O)CC=C,C=CCC(=O)N1[C@@H]2CC[C@H]1C[C@H](N(C)C(=O)c1cc(CCC)[nH]n1)C2,C=CCC(=O)N1[C@@H]2CC[C@H]1CC(N(C)C(=O)c1cc(CCC)[nH]n1)C2
48327,CCc1n[nH]cc1C(=O)N[C@@H]1C[C@@H]2C[C@H](NC(=O)C3C4CCC3CC4)C[C@@H]2C1,"7-((((1R,5S)-3-((3-ethyl-1H-pyrazol-4-ylcarbonyl)amino)-bicyclo[3.3.0]octan-7-yl)amino)carbonyl)norbornane",C(C)C1=NNC=C1C(=O)NC1C[C@H]2CC(C[C@H]2C1)NC(=O)C1C2CCC1CC2,CCc1[nH]ncc1C(=O)N[C@@H]1C[C@@H]2C[C@H](NC(=O)C3C4CCC3CC4)C[C@@H]2C1,CCc1[nH]ncc1C(=O)NC1C[C@@H]2CC(NC(=O)C3C4CCC3CC4)C[C@@H]2C1
48370,O=C(NC[C@H]1[C@@H]2CN(C(=O)[C@@H]3C[C@H]3c3cncs3)C[C@H]12)c1nnn2c1CCCC2,"(1S,5R,6R)-3-((1R,2R)-2-(thiazol-5-yl)cyclopropylcarbonyl)-6-(((1,8,9-triazabicyclo[4.3.0]nona-6(7),8(9)-dien-7-ylcarbonyl)amino)methyl)-3-azabicyclo[3.1.0]hexane",,O=C(NC[C@@H]1[C@H]2CN(C(=O)C3C[C@H]3c3cncs3)C[C@@H]12)c1nnn2c1CCCC2,
48373,O=C(CN1C[C@H]2C=C[C@H]1C2)N[C@H]1CCCN(C(=O)[C@H]2C[C@](F)(CO)C2)CC1,"(1R,4R)-2-(2-oxo-3-((4S)-1-((3R)-3-fluoro-3-hydroxymethylcyclobutylcarbonyl)azepan-4-yl)-3-azapropyl)-2-azabicyclo[2.2.1]hept-5(6)-ene",,O=C(CN1C[C@H]2C=C[C@H]1C2)N[C@H]1CCCN(C(=O)C2CC(F)(CO)C2)CC1,
48414,CCCCC[C@H](CC)C(=O)N1CCO[C@]2(CC[C@@H](Nc3ccncn3)CC2)C1,(9R)-4-((3S)-octan-3-ylcarbonyl)-9-((pyrimidin-4-yl)amino)-4-aza-1-oxaspiro[5.5]undecane,,CCCCCC(CC)C(=O)N1CCO[C@]2(CC[C@@H](Nc3ccncn3)CC2)C1,
48423,CC(C)(O)CC(=O)N1CC[C@H]2CCN(C(=O)c3ccc4c(c3)NCCC4=O)[C@H]2C1,"7-((1R,6S)-3-(2-hydroxy-2-methyl-propylcarbonyl)-3,9-diazabicyclo[4.3.0]nonan-9-ylcarbonyl)-1,2,3,4-tetrahydroquinolin-4(1H)-one",,CC(C)(O)CC(=O)N1CC[C@H]2CCN(C(=O)c3ccc4c(c3)NCCC4=O)[C@H]2C1,
48484,O=C(NC[C@]1(CN=c2[nH]nc(C3CC3)o2)CC12CCC2)c1sccc1OC(F)F,"2-cyclopropyl-5-((1-((2S)-2-(((3-difluoromethoxy-2-thienylcarbonyl)amino)methyl)spiro[2.3]hexane-2-yl)-methyl)imino)-1,3,4-oxadiazole",C1(CC1)C1OC(N=N1)=NC[C@]1(CC12CCC2)CNC(=O)C=2SC=CC2OC(F)F,O=C(NC[C@]1(CNc2nnc(C3CC3)o2)CC12CCC2)c1sccc1OC(F)F,O=C(NC[C@]1(CN=C2N=NC(C3CC3)O2)CC12CCC2)c1sccc1OC(F)F
48500,CCSCC(=O)NC[C@H]1CC[C@@](F)(CNC(=O)c2conc2C)CC1,1-fluoro-1-(((3-methylisooxazol-4-ylcarbonyl)amino)methyl)-4-(((2-thiabutylcarbonyl)amino)methyl)cyclohexane,FC1(CCC(CC1)CNC(=O)CSCC)CNC(=O)C=1C(=NOC1)C,CCSCC(=O)NC[C@H]1CC[C@@](F)(CNC(=O)c2conc2C)CC1,CCSCC(=O)NCC1CCC(F)(CNC(=O)c2conc2C)CC1
48522,Cc1cc(C(=O)NC[C@H]2[C@@H]3CN(C(=O)[C@@H]4Cc5nnsc5S4)C[C@H]23)n(C)n1,"(1S,5R,6S)-3-((7S)-2,3-diaza-4,6-dithiabicyclo[3.3.0]octa-1(5),2(3)-dien-7-ylcarbonyl)-6-(((1,3-dimethylpyrazol-5-ylcarbonyl)amino)methyl)-3-azabicyclo[3.1.0]hexane",,Cc1cc(C(=O)NC[C@@H]2[C@H]3CN(C(=O)C4Cc5nnsc5S4)C[C@@H]23)n(C)n1,
48523,CCCc1nc(C(=O)N2[C@@H]3COC[C@H]2C[C@@H](NC(=O)[C@@]2(OC)CCSC2)C3)cs1,"2-propyl-4-((1R,5S)-7-(((3S)-3-methoxythiolan-3-ylcarbonyl)amino)-9-aza-3-oxabicyclo[3.3.1]nonan-9-ylcarbonyl)thiazol",C(CC)C=1SC=C(N1)C(=O)N1[C@H]2COC[C@@H]1CC(C2)NC(=O)[C@@]2(CSCC2)OC,CCCc1nc(C(=O)N2[C@@H]3COC[C@H]2C[C@@H](NC(=O)[C@@]2(OC)CCSC2)C3)cs1,CCCc1nc(C(=O)N2[C@@H]3COC[C@H]2CC(NC(=O)[C@@]2(OC)CCSC2)C3)cs1
48543,CS[C@]1(C(=O)N[C@@H](C(N)=O)c2cnn(C)c2)C[C@@H](N)C1,1-((3R)-3-amino-1-((((1R)-2-oxo-1-(1-methylpyrazol-4-yl)-3-azapropyl)amino)carbonyl)cyclobutylsulfanyl)-methane,,CS[C@]1(C(=O)NC(C(N)=O)c2cnn(C)c2)C[C@@H](N)C1,
48544,Cc1cnc(C(=O)N[C@H](CC(=O)N2C[C@H]3[C@H](N(C)C)[C@H]3C2)C2CC2)c(C)c1,"(1S,5R,6S)-3-(1-((1R)-1-cyclopropyl-1-((3,5-dimethyl-2-pyridylcarbonyl)amino)-methyl)-methylcarbonyl)-6-(dimethylamino)-3-azabicyclo[3.1.0]hexane",,Cc1cnc(C(=O)N[C@H](CC(=O)N2C[C@@H]3[C@H](C2)[C@H]3N(C)C)C2CC2)c(C)c1,
48574,CSc1ccc(C(=O)NC23CC(C)(C2)OC32CCN(C(=O)c3cocn3)CC2)s1,,,CSc1ccc(C(=O)NC23CC(C)(C2)OC32CCN(C(=O)c3cocn3)CC2)s1,
48598,C=CCCC(=O)N[C@H]1C[C@@H]2C[C@H](C1)CN(C(=O)CCc1ccccc1C(N)=O)C2,"(1S,5R)-7-homoallylcarbonylamino-3-(2-(2-carbamylphenyl)ethylcarbonyl)-3-azabicyclo[3.3.1]nonane",C(CC=C)C(=O)NC1C[C@@H]2CN(C[C@H](C1)C2)C(=O)CCC2=C(C=CC=C2)C(N)=O,C=CCCC(=O)N[C@@H]1C[C@H]2C[C@@H](C1)CN(C(=O)CCc1ccccc1C(N)=O)C2,C=CCCC(=O)NC1C[C@@H]2C[C@H](C1)CN(C(=O)CCc1ccccc1C(N)=O)C2
48610,COc1ccc(C(=O)N2CC[C@H](C)[C@H](CN=c3[nH]cnc4[nH]ccc34)C2)c(Cl)n1,"4-((1-((3R,4S)-4-methyl-1-(2-chloro-6-methoxy-3-pyridylcarbonyl)piperidin-3-yl)-methyl)imino)-pyrimido[4,5-b]pyrrole",C[C@@H]1[C@@H](CN(CC1)C(=O)C=1C(=NC(=CC1)OC)Cl)CN=C1N=CN=C2N=CC=C21,COc1ccc(C(=O)N2CC[C@H](C)[C@H](CNc3ncnc4[nH]ccc34)C2)c(Cl)n1,COc1ccc(C(=O)N2CC[C@H](C)[C@H](CN=C3N=CN=C4N=CC=C43)C2)c(Cl)n1
48619,C[C@H]1OCC[C@H]1C(=O)N[C@]1(C(=O)N2C[C@H](O)[C@H](O)C2)C[C@H](O)C1,"(2R,3R)-2-methyl-3-((((3S)-3-hydroxy-1-((3R,4S)-3,4-dihydroxypyrrolidinocarbonyl)cyclobutyl)amino)carbonyl)oxolan",,C[C@H]1OCCC1C(=O)N[C@]1(C(=O)N2C[C@@H](O)[C@@H](O)C2)C[C@H](O)C1,
48645,CN(C(=O)c1cc2cc(F)cc(F)c2[nH]1)[C@H]1[C@@H]2CN(C(=O)C3(C)CCC3)C[C@@H]21,"1-(1-((1S,5R)-6-(N-(5,7-difluoroindol-2-ylcarbonyl)-N-methylamino)-3-azabicyclo[3.1.0]hexane-3-ylcarbonyl)cyclobutyl)-methane",FC=1C=C2C=C(NC2=C(C1)F)C(=O)N(C)C1[C@H]2CN(C[C@@H]12)C(=O)C1(CCC1)C,CN(C(=O)c1cc2cc(F)cc(F)c2[nH]1)[C@H]1[C@@H]2CN(C(=O)C3(C)CCC3)C[C@@H]21,CN(C(=O)c1cc2cc(F)cc(F)c2[nH]1)C1[C@H]2CN(C(=O)C3(C)CCC3)C[C@@H]12
48730,C[C@H](CCNC(=O)[C@H]1C[C@@H](S(C)(=O)=O)C1)N(C)C(=O)C1CC(S(C)(=O)=O)C1,(1S)-1-mesyl-3-((((3R)-3-methyl-4-(3-mesylcyclobutylcarbonyl)-4-azapentyl)amino)carbonyl)cyclobutane,,C[C@H](CCNC(=O)C1CC(S(C)(=O)=O)C1)N(C)C(=O)C1CC(S(C)(=O)=O)C1,
48751,CCCC1CC(C(=O)N[C@H]2COCC[C@H]2NC(=O)[C@H]2C[C@H]3CC[C@H]2C[C@@H]3OC)C1,"(8S,4S,3S,1R)-8-methoxy-3-((((3R,4R)-3-((3-propylcyclobutylcarbonyl)amino)oxan-4-yl)amino)carbonyl)-bicyclo[2.2.2]octane",CO[C@H]1C[C@H]2C[C@@H]([C@@H]1CC2)C(=O)N[C@H]2[C@H](COCC2)NC(=O)C2CC(C2)CCC,CCCC1CC(C(=O)N[C@H]2COCC[C@H]2NC(=O)C2C[C@H]3CC[C@H]2C[C@@H]3OC)C1,CCCC1CC(C(=O)N[C@H]2COCC[C@H]2NC(=O)C2C[C@H]3CC[C@@H]2[C@@H](OC)C3)C1
48784,O=C(NC[C@@H]1C=CCN1C(=O)C=CSCc1ccco1)[C@H](C1CC1)N1CCCC1,1-(2-furyl)-4-((2S)-2-((4S)-(cyclopropyl(pyrrolidino)methylcarbonylamino)methyl)-1-azacyclopent-3-ene-1-ylcarbonyl)-2-thia-3-buten,,O=C(NC[C@@H]1C=CCN1C(=O)C=CSCc1ccco1)C(C1CC1)N1CCCC1,
48830,CCC[C@@H](CC)C(=O)NC[C@H]1CC[C@H](N(C)C(=O)[C@H]2C[C@](C)(C(=O)OC)C2)CC1,(4R)-4-ethyl-3-oxo-1-((trans)-4-(N-((3R)-3-methoxycarbonyl-3-methylcyclobutylcarbonyl)-N-methylamino)cyclohexyl)-2-azaheptane,,CCCC(CC)C(=O)NC[C@H]1CC[C@H](N(C)C(=O)C2CC(C)(C(=O)OC)C2)CC1,
48872,CCc1ccc(C(=O)N2C[C@H]3[C@H](CNC(=O)CC(C)(C)C#N)[C@H]3C2)c(C)c1,"5-cyano-5-methyl-3-oxo-1-((1S,5R)-3-(4-ethyl-2-methylbenzoyl)-3-azabicyclo[3.1.0]hexane-6-yl)-2-azahexane",C(#N)C(CC(NCC1[C@H]2CN(C[C@@H]12)C(C1=C(C=C(C=C1)CC)C)=O)=O)(C)C,CCc1ccc(C(=O)N2C[C@@H]3[C@@H](CNC(=O)CC(C)(C)C#N)[C@@H]3C2)c(C)c1,CCc1ccc(C(=O)N2C[C@@H]3C(CNC(=O)CC(C)(C)C#N)[C@@H]3C2)c(C)c1
48875,CC[C@H](C(=O)NC[C@@H]1C[C@@H]2CC[C@H](C1)N2C(=O)c1ncn(C(C)C)n1)N(C)C,"(1S,5R)-3-((((1R)-1-(dimethylamino)-propylcarbonyl)amino)methyl)-8-(1-isopropyl-1,2,4-triazol-3-ylcarbonyl)-8-azabicyclo[3.2.1]octane",CN([C@H](CC)C(=O)NCC1C[C@@H]2CC[C@H](C1)N2C(=O)C2=NN(C=N2)C(C)C)C,CCC(C(=O)NC[C@H]1C[C@H]2CC[C@@H](C1)N2C(=O)c1ncn(C(C)C)n1)N(C)C,CCC(C(=O)NCC1C[C@H]2CC[C@@H](C1)N2C(=O)c1ncn(C(C)C)n1)N(C)C
48910,C[C@H](CN(C)C(=O)[C@]1(C)C[C@@H](C#N)C1)N(C)C(=O)[C@@H]1CCS(=O)(=O)N1,"(R,S)-3-(N-(1-methyl-3-((3R)-3-cyano-1-methylcyclobutylcarbonyl)-3-azabutyl)-N-methylcarbamoyl)-1lambda6-2-aza-1-thiacyclopentane 1,1-dioxide",,C[C@H](CN(C)C(=O)[C@]1(C)C[C@@H](C#N)C1)N(C)C(=O)C1CCS(=O)(=O)N1,
48978,CN1C[C@@H](C(=O)N[C@H](CCC2CC2)C(=O)N(C)[C@H]2C[C@@H]3C[C@@H]3C2)NC1=O,"(S,R)-1-methyl-4-(((2-oxo-1-(2-(cyclopropyl)ethyl)-3-((1S,5R)-bicyclo[3.1.0]hexane-3-yl)-3-azabutyl)amino)carbonyl)-imidazolidin-2-on",CN1C(N[C@@H](C1)C(=O)N[C@@H](C(N(C)C1C[C@@H]2C[C@@H]2C1)=O)CCC1CC1)=O,CN1CC(C(=O)NC(CCC2CC2)C(=O)N(C)[C@@H]2C[C@H]3C[C@H]3C2)NC1=O,CN1CC(C(=O)NC(CCC2CC2)C(=O)N(C)C2C[C@@H]3C[C@@H]3C2)NC1=O
48994,Cc1ccc(C(=O)N[C@H]2[C@@H]3CN(C(=O)CC(F)(F)C(F)F)C[C@@H]32)c(O)c1C,"1,1,2,2-tetrafluoro-3-((1S,5R)-6-((2-hydroxy-3,4-dimethylbenzoyl)amino)-3-azabicyclo[3.1.0]hexane-3-ylcarbonyl)propane",FC(C(CC(=O)N1C[C@H]2C([C@H]2C1)NC(C1=C(C(=C(C=C1)C)C)O)=O)(F)F)F,Cc1ccc(C(=O)N[C@H]2[C@@H]3CN(C(=O)CC(F)(F)C(F)F)C[C@@H]32)c(O)c1C,Cc1ccc(C(=O)NC2[C@H]3CN(C(=O)CC(F)(F)C(F)F)C[C@@H]23)c(O)c1C
49003,O=C(N[C@@H]1CCC[C@@H](C(=O)NCC[C@H](O)CO)CC1)C1CSC1,"3-((((1R,4R)-4-((((1S)-3,4-dihydroxybutyl)amino)carbonyl)cycloheptyl)amino)carbonyl)thietane",,O=C(NCC[C@H](O)CO)C1CCC[C@@H](NC(=O)C2CSC2)CC1,
49029,O=C(C#CC1CCC1)N[C@H]1CC[C@]12CCCN(C(=O)CCCc1ncco1)C2,"(1S,4S)-1-cyclobutylethynylcarbonylamino-6-(3-(oxazol-2-yl)propylcarbonyl)-6-azaspiro[3.5]nonane",,O=C(C#CC1CCC1)N[C@H]1CC[C@]12CCCN(C(=O)CCCc1ncco1)C2,
49071,Cc1nc(C2CC2)oc1C(=O)NC1(CO)CN(C(=O)C[C@@H]2C[C@H]3C[C@H]3C2)C1,"3-hydroxymethyl-1-(((1S,5R)-bicyclo[3.1.0]hexane-3-yl)methylcarbonyl)-3-((2-cyclopropyl-4-methyloxazol-5-ylcarbonyl)amino)azetidin",OCC1(CN(C1)C(=O)CC1C[C@@H]2C[C@@H]2C1)NC(=O)C1=C(N=C(O1)C1CC1)C,Cc1nc(C2CC2)oc1C(=O)NC1(CO)CN(C(=O)C[C@H]2C[C@@H]3C[C@@H]3C2)C1,Cc1nc(C2CC2)oc1C(=O)NC1(CO)CN(C(=O)CC2C[C@@H]3C[C@@H]3C2)C1
49089,C#C[C@@H]1C[C@H]2CC[C@H]1N(C(=O)[C@H]1CC=CCN1C(=O)CCCCCSC)C2,"1-((2R)-2-((1R,4R,8S)-8-acetenyl-2-azabicyclo[2.2.2]octane-2-ylcarbonyl)-1-azacyclohex-4-ene-1-ylcarbonyl)-6-thiaheptane",C(#C)[C@H]1C[C@@H]2N(C[C@@H]1CC2)C(=O)[C@@H]2N(CC=CC2)C(=O)CCCCCSC,C#C[C@@H]1C[C@H]2CC[C@H]1N(C(=O)C1CC=CCN1C(=O)CCCCCSC)C2,C#C[C@H]1C[C@H]2CC[C@H]1CN2C(=O)C1CC=CCN1C(=O)CCCCCSC
49095,Cc1[nH]ccc1C(=O)NC[C@H]1C[C@@](F)(CNC(=O)C23CCC(F)(CC2)CC3)C1,1-(3-((((3-fluoro-3-(((1-fluorobicyclo[2.2.2]octane-4-ylcarbonyl)amino)methyl)cyclobutyl)methyl)amino)carbonyl)-1H-pyrrol-2-yl)-methane,FC1(CC(C1)CNC(=O)C1=C(NC=C1)C)CNC(=O)C12CCC(CC1)(CC2)F,Cc1[nH]ccc1C(=O)NC[C@H]1C[C@@](F)(CNC(=O)C23CCC(F)(CC2)CC3)C1,Cc1[nH]ccc1C(=O)NCC1CC(F)(CNC(=O)C23CCC(F)(CC2)CC3)C1
49108,C=CCO[C@@H](C)C(=O)N1C[C@H]2[C@H](N(C)C(=O)c3ccnc4[nH]ncc34)[C@H]2C1,"4-(N-((1S,5R,6R)-3-((1S)-1-methyl-2-oxa4-penten-1-ylcarbonyl)-3-azabicyclo[3.1.0]hexane-6-yl)-N-methylcarbamoyl)-1H-pyrazolo[4,3-e]pyridin",,C=CCOC(C)C(=O)N1C[C@@H]2[C@H](C1)[C@H]2N(C)C(=O)c1ccnc2[nH]ncc12,
49127,CNS(=O)(=O)CC(=O)N(C)[C@H]1C[C@@H]2CC[C@H](C1)N2C(=O)C(O)CC(C)C,"3,5,5-trioxo-2-((1R,5S)-8-(1-hydroxy-3-methyl-butylcarbonyl)-8-azabicyclo[3.2.1]octan-3-yl)-2,6-diaza-5-thiaheptane",O=C(N(C)C1C[C@H]2CC[C@@H](C1)N2C(=O)C(CC(C)C)O)CS(NC)(=O)=O,CNS(=O)(=O)CC(=O)N(C)[C@@H]1C[C@H]2CC[C@@H](C1)N2C(=O)C(O)CC(C)C,CNS(=O)(=O)CC(=O)N(C)C1C[C@H]2CC[C@@H](C1)N2C(=O)C(O)CC(C)C
49156,C#CCSCC(=O)NC[C@]1(F)C[C@H](Nc2cc(OC(F)F)ccc2[N+](=O)[O-])C1,1-fluoro-1-(((2-thia4-pentyn-1-ylcarbonyl)amino)methyl)-3-((5-difluoromethoxy-2-nitrophenyl)amino)cyclobutane,FC1(CC(C1)NC1=C(C=CC(=C1)OC(F)F)[N+](=O)[O-])CNC(=O)CSCC#C,C#CCSCC(=O)NC[C@]1(F)C[C@H](Nc2cc(OC(F)F)ccc2[N+](=O)[O-])C1,C#CCSCC(=O)NCC1(F)CC(Nc2cc(OC(F)F)ccc2[N+](=O)[O-])C1
49176,CCOC(=O)[C@H]1C[C@](F)(Cn2cc(CSCCNC(=O)[C@H](C)[C@H](C)O)nn2)C1,"(7R,8S)-8-hydroxy-7-methyl-6-oxo-1-(1-(((3S)-3-ethoxycarbonyl-1-fluorocyclobutyl)methyl)-1,2,3-triazol-4-yl)-5-aza-2-thianonane",,CCOC(=O)C1CC(F)(Cn2cc(CSCCNC(=O)C(C)[C@H](C)O)nn2)C1,
49207,CC(=O)N1CCOC[C@@H]1C(=O)NCCCNC(=O)[C@H]1CC[C@](C)(O)CC1,(3R)-3-(((3-(((4R)-4-hydroxy-4-methylcyclohexylcarbonyl)amino)propyl)amino)carbonyl)-4-(acetyl)morpholin,,CC(=O)N1CCOCC1C(=O)NCCCNC(=O)C1CCC(C)(O)CC1,
49226,C=C[C@@](C)(O)CC(=O)NC[C@H]1C[C@H](CNC(=O)[C@@H](F)C(C)(F)F)C1,"(5S)-5-hydroxy-5-methyl-3-oxo-1-((1R,3S)-3-((((1R)-1,2,2-trifluoro-propylcarbonyl)amino)methyl)cyclobutyl)-2-aza-6-hepten",,C=C[C@@](C)(O)CC(=O)NC[C@H]1C[C@H](CNC(=O)C(F)C(C)(F)F)C1,
49262,C=C1CC(C(=O)N2C[C@H]3[C@H](CNC(=O)[C@H](NC(=O)OC(C)(C)C)[C@H](C)O)[C@H]3C2)C1,"(1S,5R,R)-3-(3-methylidenecyclobutylcarbonyl)-6-(((5,5-dimethyl-3-oxo-1-((1S)-1-hydroxy-ethyl)-2-aza-4-oxahexylcarbonyl)amino)methyl)-3-azabicyclo[3.1.0]hexane",,C=C1CC(C(=O)N2C[C@@H]3[C@@H](CNC(=O)C(NC(=O)OC(C)(C)C)[C@H](C)O)[C@@H]3C2)C1,
49319,Cc1scnc1C(=O)N1C[C@H]2C[C@H](NC(=O)[C@H]3CCCOCC3)C[C@H]2C1,"5-methyl-4-((1R,5S)-7-(((4S)-oxepan-4-ylcarbonyl)amino)-3-azabicyclo[3.3.0]octan-3-ylcarbonyl)thiazol",CC1=C(N=CS1)C(=O)N1C[C@@H]2CC(C[C@@H]2C1)NC(=O)[C@@H]1CCOCCC1,Cc1scnc1C(=O)N1C[C@H]2C[C@H](NC(=O)C3CCCOCC3)C[C@H]2C1,Cc1scnc1C(=O)N1C[C@H]2CC(NC(=O)C3CCCOCC3)C[C@H]2C1
49354,O=C(C1CCNC12CCS(=O)(=O)CC2)N1C[C@H]2[C@H](Br)[C@H]2C1,"(1S,5R)-6-bromo-3-(8,8-dioxo-4-aza-8-thiaspiro[4.5]decan-1-ylcarbonyl)-3-azabicyclo[3.1.0]hexane",BrC1[C@H]2CN(C[C@@H]12)C(=O)C1CCNC12CCS(CC2)(=O)=O,O=C(C1CCNC12CCS(=O)(=O)CC2)N1C[C@@H]2[C@@H](Br)[C@@H]2C1,O=C(C1CCNC12CCS(=O)(=O)CC2)N1C[C@@H]2C(Br)[C@@H]2C1
49373,COc1ccnc(N2C[C@@H]3CC[C@H](C2)[C@H]3NC(=O)Cc2cc(Cl)ccc2OC)n1,"(1S,5R)-3-(4-methoxypyrimidin-2-yl)-8-((5-chloro-2-methoxyphenylacetyl)amino)-3-azabicyclo[3.2.1]octane",COC1=NC(=NC=C1)N1C[C@@H]2CC[C@H](C1)C2NC(CC2=C(C=CC(=C2)Cl)OC)=O,COc1ccnc(N2C[C@H]3CC[C@@H](C2)[C@@H]3NC(=O)Cc2cc(Cl)ccc2OC)n1,COc1ccnc(N2C[C@H]3CC[C@@H](C2)C3NC(=O)Cc2cc(Cl)ccc2OC)n1
49378,C/C=C/C[C@@H](C)C(=O)NCCc1n[nH]cc1C(=O)N1CCC[C@@H](C(=O)OC)C1,"3-methoxycarbonyl-1-(3-((5R)-2-(((2R,4E)-hex-4-en-2-ylcarbonyl)amino)ethyl)-1H-pyrazol-4-ylcarbonyl)piperidin",,C/C=C/CC(C)C(=O)NCCc1[nH]ncc1C(=O)N1CCCC(C(=O)OC)C1,
49381,CO[C@H](CNC(=O)[C@H]1C[C@H]2C=C[C@H]1N(C(=O)C1(N3CCCC3)CC1)C2)CSC,"(1R,4S,8S)-2-(1-pyrrolidinocyclopropylcarbonyl)-8-((((2R)-2-methoxy-4-thiapentyl)amino)carbonyl)-2-azabicyclo[2.2.2]oct-5(6)-ene",N1(CCCC1)C1(CC1)C(=O)N1[C@H]2C=C[C@H](C1)[C@H](C2)C(=O)NC[C@H](CSC)OC,CO[C@H](CNC(=O)C1C[C@H]2C=C[C@H]1N(C(=O)C1(N3CCCC3)CC1)C2)CSC,CO[C@H](CNC(=O)C1C[C@@H]2C=C[C@@H]1CN2C(=O)C1(N2CCCC2)CC1)CSC
49411,C#CC[C@H](O)C(=O)N[C@@H]1C[C@H]2CC[C@@H]1C[C@H]2NC(=O)c1ncc(Cl)cc1Cl,"(1R,3R,4R,8R)-3-(((1S)-1-hydroxy-3-butyn-1-ylcarbonyl)amino)-8-((3,5-dichloro-2-pyridylcarbonyl)amino)-bicyclo[2.2.2]octane",O[C@@H](CC#C)C(=O)N[C@@H]1C[C@@H]2CC[C@@H]1[C@@H](C2)NC(=O)C2=NC=C(C=C2Cl)Cl,C#CCC(O)C(=O)N[C@@H]1C[C@H]2CC[C@@H]1C[C@H]2NC(=O)c1ncc(Cl)cc1Cl,C#CCC(O)C(=O)N[C@@H]1C[C@@H]2CC[C@@H]1[C@H](NC(=O)c1ncc(Cl)cc1Cl)C2
49424,CCN(CCN(CC)C(=O)[C@H]1C[C@](OC)(C(F)(F)F)C1)C(=O)[C@H]1CSCCS1,"3-((2S)-1,4-dithiacyclohexan-2-ylcarbonyl)-6-((3R)-3-methoxy-3-trifluoromethylcyclobutylcarbonyl)-3,6-diazaoctane",,CCN(CCN(CC)C(=O)C1CSCCS1)C(=O)C1CC(OC)(C(F)(F)F)C1,
49466,C[C@]1(O)C[C@@H](CNC(=O)CO[C@H]2C[C@@H](NC(=O)c3cnnn3C3CC3)C2)C1,"1-cyclopropyl-5-((((cis)-3-((2-oxo-4-(3-hydroxy-3-methylcyclobutyl)-3-azabutyl)oxy)cyclobutyl)amino)carbonyl)-1,2,3-triazol",C1(CC1)N1N=NC=C1C(=O)N[C@@H]1C[C@@H](C1)OCC(NCC1CC(C1)(C)O)=O,C[C@]1(O)C[C@@H](CNC(=O)CO[C@H]2C[C@@H](NC(=O)c3cnnn3C3CC3)C2)C1,CC1(O)CC(CNC(=O)CO[C@H]2C[C@@H](NC(=O)c3cnnn3C3CC3)C2)C1
49486,CC[C@@]1(C(=O)NC[C@H]2C[C@@](F)(CNC(=O)c3cc(C(N)=O)co3)C2)CCC[C@@H]1O,"(1R,2S)-1-ethyl-2-hydroxy-1-(((((3R)-3-fluoro-3-(((3-carbamyl-5-furylcarbonyl)amino)methyl)cyclobutyl)methyl)amino)carbonyl)cyclopentane",,CC[C@@]1(C(=O)NC[C@H]2C[C@@](F)(CNC(=O)c3cc(C(N)=O)co3)C2)CCC[C@@H]1O,
49549,CC(C)C1(C(=O)N2CCOC[C@@H](C(=O)NCCC[C@@H](O)CO)C2)CCC1,"1-isopropyl-1-((3S)-3-((((1R)-4,5-dihydroxypentyl)amino)carbonyl)-1-aza-5-oxacycloheptan-1-ylcarbonyl)cyclobutan",,CC(C)C1(C(=O)N2CCOCC(C(=O)NCCC[C@@H](O)CO)C2)CCC1,
49557,C#C[C@]1(O)C[C@@H](C(=O)NC[C@@H]2C[C@@H](NC(=O)C[C@H](CC)CN(C)C)CCO2)C1,"(S)-2-methyl-4-(2-oxo-3-((2S,4S)-2-((((3R)-3-acetenyl-3-hydroxycyclobutylcarbonyl)amino)methyl)oxan-4-yl)-3-azapropyl)-2-azahexane",,C#CC1(O)CC(C(=O)NC[C@@H]2C[C@@H](NC(=O)C[C@H](CC)CN(C)C)CCO2)C1,
49580,CC(=O)NC1(CC(=O)N(C)[C@H]2[C@@H]3CN(C(=O)[C@H](O)P(C)(C)=O)C[C@@H]32)CCCCC1,"(R)-bis(methyl)(1-((1S,5R,6S)-6-(N-((1-acetamidocyclohexyl)methylcarbonyl)-N-methylamino)-3-azabicyclo[3.1.0]hexane-3-ylcarbonyl)-2-oxaethyl)phosphine oxide",,CC(=O)NC1(CC(=O)N(C)[C@H]2[C@@H]3CN(C(=O)C(O)P(C)(C)=O)C[C@@H]32)CCCCC1,
49647,C[C@@H]1C[C@H](NC(=O)CCCN2C(=O)CNC2=O)CN(C(=O)[C@H]2C[C@@](F)(CO)C2)C1,"1-(4-oxo-5-((3R,5S)-3-methyl-1-((3S)-3-fluoro-3-hydroxymethylcyclobutylcarbonyl)piperidin-5-yl)-5-azapentyl)-imidazolidin-2,5-dion",,C[C@@H]1C[C@H](NC(=O)CCCn2c(O)c[nH]c2=O)CN(C(=O)C2CC(F)(CO)C2)C1,
49655,CC[C@@H](O)[C@@H](C)C(=O)N1CCN(CCN=c2[nH]nc(C3CC3)o2)CC1,"2-cyclopropyl-5-((2-(4-((2R,3R)-3-hydroxy-pentan-2-ylcarbonyl)piperazino)-ethyl)imino)-1,3,4-oxadiazole",C1(CC1)C1OC(N=N1)=NCCN1CCN(CC1)C(=O)[C@H](C)[C@@H](CC)O,CC[C@@H](O)C(C)C(=O)N1CCN(CCNc2nnc(C3CC3)o2)CC1,CC[C@@H](O)C(C)C(=O)N1CCN(CCN=C2N=NC(C3CC3)O2)CC1
49720,O=C(Cn1cccc1C(=O)O)N[C@]1(c2ccccc2)C[C@H](O)C1,2-carboxy-1-(2-oxo-3-(3-hydroxy-1-phenylcyclobutyl)-3-azapropyl)-1H-pyrrole,C(=O)(O)C=1N(C=CC1)CC(NC1(CC(C1)O)C1=CC=CC=C1)=O,O=C(Cn1cccc1C(=O)O)N[C@]1(c2ccccc2)C[C@H](O)C1,O=C(Cn1cccc1C(=O)O)NC1(c2ccccc2)CC(O)C1
49744,CC1(C)CN(C(=O)c2csc(C3CC3)n2)CCN(C(=O)[C@@H]2[C@@H]3C[C@H]3[C@H]3C[C@H]32)C1,"1-(3-methyl-1-((1R,2R,3R,5R,6S)-tricyclo[4.1.0.0^3,5]heptan-2-ylcarbonyl)-5-(2-cyclopropylthiazol-4-ylcarbonyl)-1,5-diazacycloheptan-3-yl)-methane",,CC1(C)CN(C(=O)c2csc(C3CC3)n2)CCN(C(=O)C2[C@@H]3C[C@@H]3[C@@H]3C[C@@H]23)C1,
49747,C[C@](CNC(=O)CSc1cc(F)ccc1F)(NC(=O)C[C@@H]1C[C@H]2C[C@H]2C1)C1CC1,"(4S)-4-cyclopropyl-4-methyl-2,7-dioxo-1-((1S,5R)-bicyclo[3.1.0]hexane-3-yl)-8-(2,5-difluorophenylsulfanyl)-3,6-diazaoctane",C1(CC1)[C@](NC(CC1C[C@@H]2C[C@@H]2C1)=O)(CNC(CSC1=C(C=CC(=C1)F)F)=O)C,C[C@](CNC(=O)CSc1cc(F)ccc1F)(NC(=O)C[C@H]1C[C@@H]2C[C@@H]2C1)C1CC1,C[C@](CNC(=O)CSc1cc(F)ccc1F)(NC(=O)CC1C[C@@H]2C[C@@H]2C1)C1CC1
49785,C[C@H]1CCN1CC(=O)N(C)C[C@H]1[C@@H]2CN(C(=O)C(C)(F)F)C[C@H]12,"2-methyl-3-oxo-1-((1S,5R)-3-((methyl)difluoromethylcarbonyl)-3-azabicyclo[3.1.0]hexane-6-yl)-4-((2S)-2-methylazetidin-1-yl)-2-azabutane",CN(CC1[C@H]2CN(C[C@@H]12)C(=O)C(F)(F)C)C(CN1[C@H](CC1)C)=O,C[C@H]1CCN1CC(=O)N(C)C[C@@H]1[C@H]2CN(C(=O)C(C)(F)F)C[C@@H]12,C[C@H]1CCN1CC(=O)N(C)CC1[C@H]2CN(C(=O)C(C)(F)F)C[C@@H]12
49786,CCOC[C@@H](Cc1ccc(F)cc1F)N=c1[nH]c(=NC[C@@H](C)F)[nH]c2cc[nH]c12,"2-(((2R)-2-fluoro-propyl)imino)-4-(((1R)-1-(2,4-difluorobenzyl)-3-oxapentyl)imino)-pyrimido[5,4-b]pyrrole",F[C@@H](CN=C1NC(C2=NC=CC2=N1)=N[C@@H](COCC)CC1=C(C=C(C=C1)F)F)C,CCOC[C@@H](Cc1ccc(F)cc1F)Nc1nc(NC[C@@H](C)F)nc2cc[nH]c12,CCOC[C@@H](Cc1ccc(F)cc1F)N=C1N=C(NC[C@@H](C)F)N=C2C=CN=C21
49805,O=C(N[C@H]1[C@@H]2CN(C(=O)c3ncoc3C3CC3)C[C@@H]21)c1cc2c[nH]nc2s1,"(1S,5R)-3-(5-cyclopropyloxazol-4-ylcarbonyl)-6-((2,6-dihydro-thieno[3,2-d]pyrazole-5-ylcarbonyl)amino)-3-azabicyclo[3.1.0]hexane",C1(CC1)C1=C(N=CO1)C(=O)N1C[C@H]2C([C@H]2C1)NC(=O)C1=CC2=CNN=C2S1,O=C(N[C@H]1[C@@H]2CN(C(=O)c3ncoc3C3CC3)C[C@@H]21)c1cc2c[nH]nc2s1,O=C(NC1[C@H]2CN(C(=O)c3ncoc3C3CC3)C[C@@H]12)c1cc2c[nH]nc2s1
49829,CC(C)c1cc(C(=O)N2CCC[C@@H](CCC(=O)N3C[C@H]4[C@H](N(C)C)[C@H]4C3)C2)n[nH]1,"(1S,5R,6R)-3-(2-((3S)-1-(3-isopropyl-2H-pyrazol-5-ylcarbonyl)piperidin-3-yl)ethylcarbonyl)-6-(dimethylamino)-3-azabicyclo[3.1.0]hexane",,CC(C)c1cc(C(=O)N2CCC[C@@H](CCC(=O)N3C[C@@H]4[C@H](C3)[C@H]4N(C)C)C2)[nH]n1,
49937,CCCC[C@@](C)(F)C(=O)NCCCN(C(=O)[C@H]1C[C@](C)(C(=O)OC)C1)C1CC1,1-(N-((3R)-3-methoxycarbonyl-3-methylcyclobutylcarbonyl)-N-(3-(((2R)-2-fluoro-hexan-2-ylcarbonyl)amino)propyl)amino)cyclopropan,,CCCC[C@@](C)(F)C(=O)NCCCN(C(=O)C1CC(C)(C(=O)OC)C1)C1CC1,
50001,CC(=CC(=O)N[C@H]1C[C@@](F)(CNC(=O)[C@@H]2CCC(=O)C2)C1)c1cccc(Cl)c1,1-((((1R)-3-fluoro-3-((((1R)-3-oxocyclopentylcarbonyl)amino)methyl)cyclobutyl)amino)carbonyl)-2-(3-chlorophenyl)propen,,CC(=CC(=O)N[C@H]1C[C@@](F)(CNC(=O)C2CCC(=O)C2)C1)c1cccc(Cl)c1,
50021,CC[C@H]1CN(C(=O)c2ccoc2Cl)CCN1C(=O)c1ccc2c(c1)CCC(=O)N2,"6-((2S)-2-ethyl-4-(2-chloro-3-furylcarbonyl)piperazinocarbonyl)-1,2,3,4-tetrahydroquinolin-2(1H)-one",,CC[C@H]1CN(C(=O)c2ccoc2Cl)CCN1C(=O)c1ccc2c(c1)CCC(=O)N2,
50186,Cc1c[nH]cc1C(=O)N1[C@H]2CC[C@@H]1C[C@H](NC(=O)[C@@H](N)CN)C2,"(1S,5R)-3-(((1S)-1-amino-3-azapropylcarbonyl)amino)-8-(3-methyl-1H-pyrrol-4-ylcarbonyl)-8-azabicyclo[3.2.1]octane",N[C@@H](CN)C(=O)NC1C[C@@H]2CC[C@H](C1)N2C(=O)C=2C(=CNC2)C,Cc1c[nH]cc1C(=O)N1[C@@H]2CC[C@H]1C[C@@H](NC(=O)C(N)CN)C2,Cc1c[nH]cc1C(=O)N1[C@@H]2CC[C@H]1CC(NC(=O)C(N)CN)C2
50204,CN1C[C@](C)(C(=O)N2C[C@H]3[C@H](CNC(=O)C(C4CC4)C4CC4)[C@H]3C2)CC1=O,"(1S,5R,6R)-3-((4R)-1,4-dimethyl-2-oxopyrrolidin-4-ylcarbonyl)-6-((bis((cyclopropyl))methylcarbonylamino)methyl)-3-azabicyclo[3.1.0]hexane",,CN1C[C@](C)(C(=O)N2C[C@@H]3[C@@H](CNC(=O)C(C4CC4)C4CC4)[C@@H]3C2)CC1=O,
50290,Cc1sccc1CC(=O)N[C@H]1C[C@@H]2CC[C@H](C1)N2C(=O)CCOCC(F)F,"(1S,5R)-3-(((2-methyl-3-thienyl)methylcarbonyl)amino)-8-(2-(2,2-difluoroethoxy)ethylcarbonyl)-8-azabicyclo[3.2.1]octane",CC=1SC=CC1CC(=O)NC1C[C@@H]2CC[C@H](C1)N2C(=O)CCOCC(F)F,Cc1sccc1CC(=O)N[C@@H]1C[C@H]2CC[C@@H](C1)N2C(=O)CCOCC(F)F,Cc1sccc1CC(=O)NC1C[C@H]2CC[C@@H](C1)N2C(=O)CCOCC(F)F
50294,CCCn1cc(C(=O)N2C[C@@H]3C[C@@]3(CNC(=O)[C@]34CC[C@H](CC3)C4(C)C)C2)nn1,"(4R)-7,7-dimethyl-1-(((((1R,5R)-3-(1-propyl-1,2,3-triazol-4-ylcarbonyl)-3-azabicyclo[3.1.0]hexane-5-yl)methyl)amino)carbonyl)norbornane",,CCCn1cc(C(=O)N2C[C@@H]3C[C@@]3(CNC(=O)[C@]34CC[C@H](CC3)C4(C)C)C2)nn1,
50342,Cc1cc(NC(=O)[C@@H]2C[C@@H]2Cl)ccc1NC(=O)c1ccnn1C(F)F,(cis)-1-chloro-2-(((3-methyl-4-((1-difluoromethylpyrazol-5-ylcarbonyl)amino)phenyl)amino)carbonyl)cyclopropane,Cl[C@H]1[C@H](C1)C(=O)NC1=CC(=C(C=C1)NC(=O)C1=CC=NN1C(F)F)C,Cc1cc(NC(=O)C2C[C@@H]2Cl)ccc1NC(=O)c1ccnn1C(F)F,Cc1cc(NC(=O)C2C[C@H]2Cl)ccc1NC(=O)c1ccnn1C(F)F
50354,Nc1nc(Br)ccc1C(=O)N[C@@H]1C[C@H](NC(=O)C#CC2CC2)C12CCOCC2,"(1S,3R)-1-cyclopropylethynylcarbonylamino-3-((2-amino-6-bromo-3-pyridylcarbonyl)amino)-7-oxaspiro[3.5]nonane",,Nc1nc(Br)ccc1C(=O)N[C@@H]1C[C@H](NC(=O)C#CC2CC2)C12CCOCC2,
50375,CC(C)OCCCC(=O)N[C@H]1C[C@@](F)(CNC(=O)c2ncccc2S(C)(=O)=O)C1,1-fluoro-1-(((3-mesyl-2-pyridylcarbonyl)amino)methyl)-3-((3-isopropoxypropylcarbonyl)amino)cyclobutane,FC1(CC(C1)NC(=O)CCCOC(C)C)CNC(=O)C1=NC=CC=C1S(=O)(=O)C,CC(C)OCCCC(=O)N[C@H]1C[C@@](F)(CNC(=O)c2ncccc2S(C)(=O)=O)C1,CC(C)OCCCC(=O)NC1CC(F)(CNC(=O)c2ncccc2S(C)(=O)=O)C1
50376,C[C@H](CNC(=O)[C@H](NC(N)=O)C(C)(C)C)CNC(=O)[C@H]1C[C@@]2(CC2(F)F)C1,"(2S,6R)-2,7,7-trimethyl-5-oxo-6-ureido-1-(((3S)-2,2-difluorospiro[2.3]hexane-5-ylcarbonyl)amino)-4-azaoctane",,C[C@@H](CNC(=O)C1CC2(C1)CC2(F)F)CNC(=O)C(NC(N)=O)C(C)(C)C,
50416,CCCc1n[nH]c(=NC[C@H]2CCCN(C(=O)c3cc(C)n([C@@H](C)C4CC4)n3)C2)s1,"2-propyl-5-((1-((3S)-1-(5-methyl-1-((1S)-1-cyclopropyl-ethyl)pyrazol-3-ylcarbonyl)piperidin-3-yl)-methyl)imino)-1,3,4-thiadiazole",C(CC)C1SC(N=N1)=NC[C@@H]1CN(CCC1)C(=O)C1=NN(C(=C1)C)[C@@H](C)C1CC1,CCCc1nnc(NC[C@H]2CCCN(C(=O)c3cc(C)n([C@@H](C)C4CC4)n3)C2)s1,CCCC1N=NC(=NC[C@H]2CCCN(C(=O)c3cc(C)n([C@@H](C)C4CC4)n3)C2)S1
50445,CCC(=O)N[C@H](C)C(=O)N1CC[C@@]2(C1)c1[nH]cnc1CCN2C(=O)C1(F)CCC1,"(4'R)-1-((1R)-1-methyl-3-oxo-2-azapentylcarbonyl)-5'-(1-fluorocyclobutylcarbonyl)-spiro[pyrrolidine-4,4'-4,5-dihydro-imidazo[4,5-c]pyridine]",C[C@@H](NC(CC)=O)C(=O)N1CC[C@@]2(N(CC=C3C2=NC=N3)C(=O)C3(CCC3)F)C1,CCC(=O)NC(C)C(=O)N1CC[C@@]2(C1)c1[nH]cnc1CCN2C(=O)C1(F)CCC1,CCC(=O)NC(C)C(=O)N1CC[C@@]2(C1)C1=NC=NC1=CCN2C(=O)C1(F)CCC1
50517,C#CC[C@]1(O)C[C@@H](C(=O)NC[C@@]2(OC)CCN(C(=O)C3(C(C)(F)F)CC3)C2)C1,1-((3S)-3-methoxy-3-((((3R)-3-hydroxy-3-propargylcyclobutylcarbonyl)amino)methyl)pyrrolidinocarbonyl)-1-((methyl)difluoromethyl)cyclopropan,,C#CCC1(O)CC(C(=O)NC[C@@]2(OC)CCN(C(=O)C3(C(C)(F)F)CC3)C2)C1,
50601,CSCc1ccc(C(=O)N2CCC3(CCC3)[C@@H](NC(=O)[C@@H]3C4C[C@@H]5C3[C@@H]5C4)C2)o1,"(2R,5S,6R,R)-2-(((1'-(2-(2-thiapropyl)-5-furylcarbonyl)spiro[cyclobutane-1,4'-piperidin]-3'-yl)amino)carbonyl)-tricyclo[3.1.0.1^3,6]heptane",,CSCc1ccc(C(=O)N2CCC3(CCC3)[C@@H](NC(=O)C3C4C[C@@H]5C3[C@@H]5C4)C2)o1,
50614,CC(=O)N[C@H](C)C(=O)NC[C@H]1C[C@@](F)(CNC(=O)Cn2ncnn2)C1,"(4R)-4-methyl-3,6-dioxo-1-((3R)-3-fluoro-3-((((tetrazol-2-yl)methylcarbonyl)amino)methyl)cyclobutyl)-2,5-diazaheptane",,CC(=O)NC(C)C(=O)NC[C@H]1C[C@@](F)(CNC(=O)Cn2ncnn2)C1,
50645,C[C@H]1[C@@H]2CN(S(=O)(=O)c3cccnc3NC[C@@H]3CCCOC3)C[C@H]12,"(1S,5R,6R)-6-methyl-3-(2-((((3S)-oxan-3-yl)methyl)amino)-3-pyridylsulfonyl)-3-azabicyclo[3.1.0]hexane",,C[C@@H]1[C@H]2CN(S(=O)(=O)c3cccnc3NC[C@@H]3CCCOC3)C[C@@H]12,
50718,O=C(NC[C@@H]1CC2(CC2)CN1C(=O)Cc1cccc(O)c1)[C@@H]1[C@H]2CC(F)(F)C[C@H]21,"(1S,5R,S)-3,3-difluoro-6-((((1'-(3-hydroxyphenylacetyl)spiro[cyclopropane-1,3'-pyrrolin]-5'-yl)methyl)amino)carbonyl)-bicyclo[3.1.0]hexane",,O=C(NC[C@@H]1CC2(CC2)CN1C(=O)Cc1cccc(O)c1)C1[C@H]2CC(F)(F)C[C@@H]12,
50725,CC[C@](C)(CN=c1nc2c(ncn2C)c(NCCCC2CCCC2)[nH]1)OC,1-(3-(N-(9-methyl-2-(((2R)-2-methoxy-2-methyl-butyl)imino)purin-6-yl)amino)propyl)cyclopentan,,CC[C@](C)(CNc1nc(NCCCC2CCCC2)c2ncn(C)c2n1)OC,
50834,CN(C(=O)CC(C)(F)F)[C@H]1[C@@H]2CN(C(=O)Cc3ccon3)C[C@@H]21,"(1S,5R)-3-((isooxazol-3-yl)methylcarbonyl)-6-(N-(2,2-difluoro-propylcarbonyl)-N-methylamino)-3-azabicyclo[3.1.0]hexane",O1N=C(C=C1)CC(=O)N1C[C@H]2C([C@H]2C1)N(C)C(=O)CC(C)(F)F,CN(C(=O)CC(C)(F)F)[C@H]1[C@@H]2CN(C(=O)Cc3ccon3)C[C@@H]21,CN(C(=O)CC(C)(F)F)C1[C@H]2CN(C(=O)Cc3ccon3)C[C@@H]12
50870,CN1CC[C@@H](CC(=O)N[C@H]2C[C@H]3CC[C@H]2N(C(=O)C(F)(F)C(F)F)C3)C1,"1,1,2,2-tetrafluoro-1-((1R,4R,8S)-8-((((3S)-1-methylpyrrolidin-3-yl)methylcarbonyl)amino)-2-azabicyclo[2.2.2]octane-2-ylcarbonyl)-ethane",FC(C(F)F)(C(=O)N1[C@@H]2CC[C@H](C1)[C@H](C2)NC(=O)C[C@H]2CN(CC2)C)F,CN1CC[C@@H](CC(=O)N[C@H]2C[C@H]3CC[C@H]2N(C(=O)C(F)(F)C(F)F)C3)C1,CN1CC[C@@H](CC(=O)N[C@H]2C[C@H]3CC[C@@H]2CN3C(=O)C(F)(F)C(F)F)C1
50884,C=C=C[C@H](C)C(=O)N[C@@H]1C[C@H]2CC[C@H]1CN2C(=O)[C@H](C)CC1CCCC1,"(2S)-2-((((1R,4S,7R)-2-((1R)-1-cyclopentylmethyl-ethylcarbonyl)-2-azabicyclo[2.2.2]octane-7-yl)amino)carbonyl)-3,4-pentadien",C1(CCCC1)C[C@@H](C)C(=O)N1[C@@H]2CC[C@H](C1)C[C@H]2NC(=O)[C@@H](C)C=C=C,C=C=CC(C)C(=O)N[C@@H]1C[C@H]2CC[C@H]1CN2C(=O)C(C)CC1CCCC1,C=C=CC(C)C(=O)N[C@@H]1C[C@@H]2CC[C@H]1N(C(=O)C(C)CC1CCCC1)C2
50889,C/C=C/C[C@H](C)C(=O)NCCCN1CCN(C(=O)c2c(C)nc3sccn23)CC1,"3-methyl-2-(4-((6S)-3-(((2S,4E)-hex-4-en-2-ylcarbonyl)amino)propyl)piperazinocarbonyl)-1,4-diaza-6-thiabicyclo[3.3.0]octa-2(3),4(5),7(8)-triene",,C/C=C/CC(C)C(=O)NCCCN1CCN(C(=O)c2c(C)nc3sccn23)CC1,
50906,C#Cc1ccnc(C(=O)N2CC(C)(C)C[C@H]2CNC(=O)C(C)=C2CCCC2)c1,"1-((((((5S)-3,3-dimethyl-1-(4-acetenyl-2-pyridylcarbonyl)pyrrolidin-5-yl)methyl)amino)carbonyl)methylmethylidene)cyclopentan",CC1(CN([C@@H](C1)CNC(=O)CC=C1CCCC1)C(=O)C1=NC=CC(=C1)C#C)C,C#Cc1ccnc(C(=O)N2CC(C)(C)C[C@H]2CNC(=O)C(C)=C2CCCC2)c1,C#Cc1ccnc(C(=O)N2CC(C)(C)C[C@H]2CNC(=O)CC=C2CCCC2)c1
51012,CC=C1CN(C(=O)C#CC(C)(C)CNC(=O)C[C@H]2CCCO2)C1,(2R)-2-(5-methyl-2-oxo-5-(1-(1-(3-ethylideneazetidin-1-ylcarbonyl)-methyl)-methyl)-3-azahexyl)oxolan,CC(CNC(C[C@@H]1OCCC1)=O)(C)CCC(=O)N1CC(C1)=CC,CC=C1CN(C(=O)C#CC(C)(C)CNC(=O)C[C@H]2CCCO2)C1,CC=C1CN(C(=O)CCC(C)(C)CNC(=O)C[C@H]2CCCO2)C1
51046,CC[C@@H](C)/C=C/C(=O)N1C[C@@H](F)C[C@@H]1CNC(=O)[C@H]1CCOC1(C)C,"2,2-dimethyl-3-(((((3S,5R)-3-fluoro-1-((4R)-(1E,3R)-3-methyl-pent-1-en-1-ylcarbonyl)pyrrolidin-5-yl)methyl)amino)carbonyl)oxolan",,CC[C@@H](C)/C=C/C(=O)N1C[C@@H](F)C[C@@H]1CNC(=O)C1CCOC1(C)C,
51049,CCc1csc([C@@H]2CCCN(C(=O)C(=O)NC[C@@H]3[C@H]4CNC[C@H]43)C2)n1,"(1S,5R)-6-((((3R)-3-(4-ethylthiazol-2-yl)piperidinocarbonylcarbonyl)amino)methyl)-3-azabicyclo[3.1.0]hexane",C(C)C=1N=C(SC1)[C@H]1CN(CCC1)C(=O)C(=O)NCC1[C@@H]2CNC[C@H]12,CCc1csc([C@@H]2CCCN(C(=O)C(=O)NC[C@H]3[C@@H]4CNC[C@@H]43)C2)n1,CCc1csc([C@@H]2CCCN(C(=O)C(=O)NCC3[C@H]4CNC[C@@H]34)C2)n1
51058,O=C(NCC1CC1)C(=O)N[C@H]1[C@@H]2CN(C(=O)c3cnc4cccnc4c3)C[C@@H]21,"(1S,5R)-3-(2,7-diazabicyclo[4.4.0]deca-1(10),2(3),4(5),6(7),8(9)-pentaen-4-ylcarbonyl)-6-((((cyclopropylmethyl)amino)carbonylcarbonyl)amino)-3-azabicyclo[3.1.0]hexane",C=12N=CC(=CC2=NC=CC1)C(=O)N1C[C@H]2C([C@H]2C1)NC(=O)C(=O)NCC1CC1,O=C(NCC1CC1)C(=O)N[C@H]1[C@@H]2CN(C(=O)c3cnc4cccnc4c3)C[C@@H]21,O=C(NCC1CC1)C(=O)NC1[C@H]2CN(C(=O)c3cnc4cccnc4c3)C[C@@H]12
51064,C=CCn1cc(C(=O)N2C[C@H]3[C@H](CN(C)C(=O)Cc4ccccc4C)[C@H]3C2)nn1,"(1S,5R)-3-(1-(2-propen-1-yl)-1,2,3-triazol-4-ylcarbonyl)-6-((N-(2-methylphenylacetyl)-N-methylamino)methyl)-3-azabicyclo[3.1.0]hexane",C(C=C)N1N=NC(=C1)C(=O)N1C[C@H]2C([C@H]2C1)CN(C)C(CC1=C(C=CC=C1)C)=O,C=CCn1cc(C(=O)N2C[C@@H]3[C@@H](CN(C)C(=O)Cc4ccccc4C)[C@@H]3C2)nn1,C=CCn1cc(C(=O)N2C[C@@H]3C(CN(C)C(=O)Cc4ccccc4C)[C@@H]3C2)nn1
51068,CSCCOCC(=O)N1C[C@H]2[C@H](NC(=O)C3CCC=CCC3)[C@H]2C1,"(1S,5R)-3-((2-methylsulfanylethyl)oxymethylcarbonyl)-6-((cyclohept-4-en-1-ylcarbonyl)amino)-3-azabicyclo[3.1.0]hexane",CSCCOCC(=O)N1C[C@H]2C([C@H]2C1)NC(=O)C1CCC=CCC1,CSCCOCC(=O)N1C[C@@H]2[C@H](C1)[C@H]2NC(=O)C1CCC=CCC1,CSCCOCC(=O)N1C[C@@H]2C(NC(=O)C3CCC=CCC3)[C@@H]2C1
51069,CC(=O)OCC(C)(C)CC(=O)NC[C@H]1[C@@H]2CN(C(=O)[C@@]3(C)CC=C(C)CC3)C[C@H]12,"(1S,5R,6R)-3-((1R)-1,4-dimethylcyclohex-3-en-1-ylcarbonyl)-6-(((2,2-dimethyl-5-oxo-4-oxahexylcarbonyl)amino)methyl)-3-azabicyclo[3.1.0]hexane",,CC(=O)OCC(C)(C)CC(=O)NC[C@@H]1[C@H]2CN(C(=O)[C@@]3(C)CC=C(C)CC3)C[C@@H]12,
51154,CC(C)(CNC(=O)[C@H]1C[C@H]1CNC(=O)C(C)(C)CCF)OCCO,"(cis)-1-(((2,2-dimethyl-3,6-dioxahexyl)amino)carbonyl)-2-(((4-fluoro-2-methyl-butan-2-ylcarbonyl)amino)methyl)cyclopropane",CC(CNC(=O)[C@H]1[C@H](C1)CNC(=O)C(C)(CCF)C)(OCCO)C,CC(C)(CNC(=O)C1C[C@H]1CNC(=O)C(C)(C)CCF)OCCO,CC(C)(CNC(=O)C1C[C@@H]1CNC(=O)C(C)(C)CCF)OCCO
51201,O=C(CCC1CC1)NC[C@H]1C[C@H]2CC[C@H]1N(C(=O)COCC1CC1)C2,"5-cyclopropyl-3-oxo-1-((1R,4R,8R)-2-cyclopropylmethoxymethylcarbonyl-2-azabicyclo[2.2.2]octane-8-yl)-2-azapentane",C1(CC1)CCC(NC[C@@H]1C[C@@H]2N(C[C@@H]1CC2)C(=O)COCC2CC2)=O,O=C(CCC1CC1)NC[C@H]1C[C@H]2CC[C@H]1N(C(=O)COCC1CC1)C2,O=C(CCC1CC1)NC[C@@H]1C[C@H]2CC[C@H]1CN2C(=O)COCC1CC1
51214,CO[C@@H]1CN(C(=O)C[C@H](CNC(=O)[C@H](C)[C@@H](O)C(C)C)C2CCC2)C[C@H]1O,"(S,S,R)-1-(6-hydroxy-5,7-dimethyl-4-oxo-1-(1-((3R,4R)-3-hydroxy-4-methoxypyrrolidinocarbonyl)-methyl)-3-azaoctyl)cyclobutan",O[C@@H]([C@@H](C(NC[C@@H](CC(=O)N1C[C@H]([C@@H](C1)OC)O)C1CCC1)=O)C)C(C)C,CO[C@@H]1CN(C(=O)C[C@H](CNC(=O)C(C)[C@@H](O)C(C)C)C2CCC2)C[C@H]1O,CO[C@@H]1CN(C(=O)C[C@H](CNC(=O)C(C)[C@H](O)C(C)C)C2CCC2)C[C@H]1O
51243,CCCC#CC(C)(C)NC(=O)c1ccn(CCNC(=O)[C@]23CCC[C@H]2CCC3)c1,2-methyl-2-((1-(2-((bicyclo[3.3.0]octan-1-ylcarbonyl)amino)ethyl)-1H-pyrrol-3-ylcarbonyl)amino)-3-heptyn,CC(C)(C#CCCC)NC(=O)C1=CN(C=C1)CCNC(=O)C12CCCC2CCC1,CCCC#CC(C)(C)NC(=O)c1ccn(CCNC(=O)[C@]23CCC[C@H]2CCC3)c1,CCCC#CC(C)(C)NC(=O)c1ccn(CCNC(=O)C23CCCC2CCC3)c1
51288,CCCN(CCNC(=O)[C@@H]1CNC(=O)c2ccnn21)C(=O)[C@]1(C)CC1(C)C,"(7S)-7-(((2-(N-((1R)-1,2,2-trimethylcyclopropylcarbonyl)-N-propylamino)ethyl)amino)carbonyl)-4,5,6,7-tetrahydropyrazolo[1,5-a]pyrazin-4(5H)-one",,CCCN(CCNC(=O)C1CNC(=O)c2ccnn21)C(=O)[C@]1(C)CC1(C)C,
51357,CCCCCC(=O)N[C@H]1CCN(C(=O)[C@@H]2Cc3ccccc32)CC12CCC2,(9S)-6-((2R)-benzocyclobutene-2-ylcarbonyl)-9-(hexanoylamino)-6-azaspiro[3.5]nonane,,CCCCCC(=O)N[C@H]1CCN(C(=O)C2Cc3ccccc32)CC12CCC2,
51415,C[C@H](C(=O)NCC[C@H]1C[C@@H](NC(=O)[C@@H]2C[C@H]2CF)C1)c1ccc(S(C)(=O)=O)cc1,"(1S,3S)-1-(((1R,2R)-2-fluoromethylcyclopropylcarbonyl)amino)-3-(2-(((1S)-1-(4-mesylphenyl)-ethylcarbonyl)amino)ethyl)cyclobutane",,CC(C(=O)NCC[C@H]1C[C@@H](NC(=O)C2C[C@H]2CF)C1)c1ccc(S(C)(=O)=O)cc1,
51449,C[C@H]1CC[C@H]1CC(=O)NC[C@H]1[C@@H]2CN(C(=O)[C@H]3Cc4ccccc4O3)C[C@H]12,"2-oxo-1-((1S,2S)-2-methylcyclobutyl)-4-((1S,5R,6R)-3-((2R)-coumaran-2-ylcarbonyl)-3-azabicyclo[3.1.0]hexane-6-yl)-3-azabutane",,C[C@H]1CC[C@H]1CC(=O)NC[C@@H]1[C@H]2CN(C(=O)C3Cc4ccccc4O3)C[C@@H]12,
51457,CCC=C(F)C(=O)NC[C@H]1C[C@@H]1NC(=O)CCc1ccnn1C,(trans)-1-(((1-fluoro-buten-1-ylcarbonyl)amino)methyl)-2-((2-(1-methylpyrazol-5-yl)ethylcarbonyl)amino)cyclopropane,FC(=CCC)C(=O)NC[C@H]1[C@@H](C1)NC(=O)CCC1=CC=NN1C,CCC=C(F)C(=O)NC[C@H]1C[C@@H]1NC(=O)CCc1ccnn1C,CCC=C(F)C(=O)NC[C@@H]1C[C@H]1NC(=O)CCc1ccnn1C
51460,C/C=C/C[C@H](C)C(=O)N[C@H]1CCN(C(=O)Cc2cnn(C(C)(C)C)c2)C1,"1-t-butyl-4-(1-((3S)-3-((2S)-((2S,4E)-hex-4-en-2-ylcarbonyl)amino)pyrrolidinocarbonyl)-methyl)pyrazole",,C/C=C/CC(C)C(=O)N[C@H]1CCN(C(=O)Cc2cnn(C(C)(C)C)c2)C1,
51475,Cn1ccnc1[C@]1(O)C[C@@H](NC[C@@H]2[C@H](C(=O)OC(C)(C)C)C2(C)C)C1,"2-methyl-2-((1S,3R)-2,2-dimethyl-3-((((3S)-3-hydroxy-3-(1-methylimidazol-2-yl)cyclobutyl)amino)methyl)cyclopropylcarbonyloxy)propane",,Cn1ccnc1[C@]1(O)C[C@@H](NC[C@@H]2C(C(=O)OC(C)(C)C)C2(C)C)C1,
51509,O=C(C=CC1CCC1)N[C@H]1CC[C@@H](O)CN(C(=O)[C@H]2C[C@]3(COC(=O)N3)C2)C1,"(4S)-6-oxo-2-((3R,6S)-3-hydroxy-6-((2-cyclobutyl-ethen-1-ylcarbonyl)amino)azepan-1-ylcarbonyl)-5-aza-7-oxaspiro[3.4]octane",,O=C(C=CC1CCC1)N[C@H]1CC[C@@H](O)CN(C(=O)C2CC3(COC(=O)N3)C2)C1,
51521,CC(C)[C@H](C(=O)N1C[C@H]2[C@H](N(C)C(=O)Cc3ccoc3)[C@H]2C1)c1ccccc1,"2-oxo-1-(3-furyl)-3-((1S,5R,6R)-3-((1S)-2-methyl-1-phenyl-propylcarbonyl)-3-azabicyclo[3.1.0]hexane-6-yl)-3-azabutane",,CC(C)C(C(=O)N1C[C@@H]2[C@H](C1)[C@H]2N(C)C(=O)Cc1ccoc1)c1ccccc1,
51534,O=C1CCc2ccc(C(=O)N3CC(CC(=O)Nc4ccc(Br)nc4Br)C3)cc2N1,"7-(3-(2-oxo-3-(2,6-dibromo-3-pyridyl)-3-azapropyl)azetidin-1-ylcarbonyl)-1,2,3,4-tetrahydroquinolin-2(1H)-one",,O=C1CCc2ccc(C(=O)N3CC(CC(=O)Nc4ccc(Br)nc4Br)C3)cc2N1,
51707,CC1(C(=O)N2C[C@H](C(=O)N[C@H]3C[C@H]4COC[C@H](C4)C3)C3(CC3)C2)CCC1,"(1S,5R,R)-7-((1'-(1-methylcyclobutylcarbonyl)spiro[cyclopropane-1,3'-pyrrolin]-4'-ylcarbonyl)amino)-3-oxabicyclo[3.3.1]nonane",,CC1(C(=O)N2CC(C(=O)N[C@@H]3C[C@@H]4COC[C@@H](C4)C3)C3(CC3)C2)CCC1,
51763,COC(=O)[C@@]12CCC[C@@]1(C(=O)N1C[C@H]3[C@H](CN(C)C(=O)CCNC(N)=O)[C@H]3C1)C2,"(1R,5R)-1-methoxycarbonyl-5-((1S,5R,6R)-6-((N-(4-oxo-3,5-diazapentylcarbonyl)-N-methylamino)methyl)-3-azabicyclo[3.1.0]hexane-3-ylcarbonyl)-bicyclo[3.1.0]hexane",,COC(=O)[C@@]12CCC[C@@]1(C(=O)N1C[C@@H]3[C@@H](CN(C)C(=O)CCNC(N)=O)[C@@H]3C1)C2,
51778,O=C(N[C@H](CO)Cc1ccco1)[C@@H](NC(=O)C12C(=O)C3C[C@H]1[C@H]2C3)[C@@H]1CCCO1,"(5S,6R,S)-2-oxo-1-((((1S)-2-oxo-1-((2S)-oxolan-2-yl)-4-((2-furyl)methyl)-3-aza-6-oxahexyl)amino)carbonyl)-tricyclo[3.1.0.1^3,6]heptane",,O=C(N[C@H](CO)Cc1ccco1)C(NC(=O)C12C(=O)C3C[C@@H]1[C@@H]2C3)[C@@H]1CCCO1,
51781,CC(C)[C@@H](C(=O)N1C[C@@]2(C(=O)N3C[C@H]4C[C@H](F)C[C@H]4C3)C[C@H]1CCO2)C1CCC1,"(R)-1-cyclobutyl-2-methyl-1-((1R,5R)-1-((1R,5S,7S)-7-fluoro-3-azabicyclo[3.3.0]octan-3-ylcarbonyl)-6-aza-2-oxabicyclo[3.2.1]octan-6-ylcarbonyl)propane",,CC(C)C(C(=O)N1C[C@@]2(C(=O)N3C[C@H]4C[C@H](F)C[C@H]4C3)C[C@H]1CCO2)C1CCC1,
51790,CCc1cc(C(=O)N[C@H]2C[C@](F)(CNC(=O)Cn3cccn3)C2)c(C)nn1,2-oxo-1-(pyrazol-1-yl)-4-(1-fluoro-3-((3-ethyl-6-methylpyridazin-5-ylcarbonyl)amino)cyclobutyl)-3-azabutane,O=C(CN1N=CC=C1)NCC1(CC(C1)NC(=O)C=1C=C(N=NC1C)CC)F,CCc1cc(C(=O)N[C@H]2C[C@](F)(CNC(=O)Cn3cccn3)C2)c(C)nn1,CCc1cc(C(=O)NC2CC(F)(CNC(=O)Cn3cccn3)C2)c(C)nn1
51825,N#Cc1c[nH]c(C(=O)N[C@H]2C[C@@H]3CC[C@H](C2)N3C(=O)c2cnns2)c1,"(1S,5R)-3-((3-cyano-1H-pyrrol-5-ylcarbonyl)amino)-8-(1,2,3-thiadiazol-5-ylcarbonyl)-8-azabicyclo[3.2.1]octane",C(#N)C1=CNC(=C1)C(=O)NC1C[C@@H]2CC[C@H](C1)N2C(=O)C2=CN=NS2,N#Cc1c[nH]c(C(=O)N[C@@H]2C[C@H]3CC[C@@H](C2)N3C(=O)c2cnns2)c1,N#Cc1c[nH]c(C(=O)NC2C[C@H]3CC[C@@H](C2)N3C(=O)c2cnns2)c1
51846,Cn1cnc(C(=O)N2CCC(CCN=c3[nH]nc(O)s3)CC2)cc1=O,"2-hydroxy-5-((2-(1-(1-methyl-6-oxopyrimidin-4-ylcarbonyl)piperidin-4-yl)-ethyl)imino)-1,3,4-thiadiazole",OC1SC(N=N1)=NCCC1CCN(CC1)C(=O)C=1N=CN(C(C1)=O)C,Cn1cnc(C(=O)N2CCC(CCNc3n[nH]c(=O)s3)CC2)cc1=O,Cn1cnc(C(=O)N2CCC(CCN=C3N=NC(O)S3)CC2)cc1=O
51904,Cc1cc(NC2C[C@H]3C[C@@H]3C2)ncc1S(=O)(=O)NC[C@@H]1C[C@@H]2CC[C@H](C1)C2(F)F,"(1R,5R)-3-(N-(4-methyl-3-((((1R,5S)-8,8-difluoro-bicyclo[3.2.1]octan-3-yl)methyl)aminosulfonyl)-6-pyridyl)amino)-bicyclo[3.1.0]hexane",CC1=C(C=NC(=C1)NC1C[C@H]2C[C@@H]2C1)S(=O)(=O)NCC1C[C@H]2CC[C@@H](C1)C2(F)F,Cc1cc(NC2C[C@H]3C[C@@H]3C2)ncc1S(=O)(=O)NC[C@H]1C[C@H]2CC[C@@H](C1)C2(F)F,Cc1cc(NC2C[C@H]3C[C@@H]3C2)ncc1S(=O)(=O)NCC1C[C@H]2CC[C@@H](C1)C2(F)F
51907,CC1=C[C@H](NC(=O)CC[C@H]2C[C@@H](NC(=O)C[C@@H]3CCC[C@@H]3C)C2)CCC1,"(1S,2S)-1-methyl-2-(2-oxo-3-((1R,3R)-3-(3-oxo-4-((1R)-3-methylcyclohex-2-en-1-yl)-4-azabutyl)cyclobutyl)-3-azapropyl)cyclopentane",,CC1=C[C@H](NC(=O)CC[C@H]2C[C@@H](NC(=O)C[C@@H]3CCC[C@@H]3C)C2)CCC1,
51925,N#CCC(=O)N[C@@H](CNC(=O)c1ccc2c(c1)OCC(=O)N2)c1cccc(Cl)c1,"3-oxo-8-(((1-((1R)-1-cyanoacetamido-1-(3-chlorophenyl)-methyl)-methyl)amino)carbonyl)-2-aza-5-oxabicyclo[4.4.0]deca-1(6),7(8),9(10)-triene",,N#CCC(=O)N[C@@H](CNC(=O)c1ccc2c(c1)OCC(=O)N2)c1cccc(Cl)c1,
51941,C[C@@H]1CCC[C@@H]1C(=O)N[C@@H]1[C@H]2C[C@H](NC(=O)c3nccnc3C(N)=O)C[C@H]21,"(1S,3R,5R)-3-((2-carbamylpyrazin-3-ylcarbonyl)amino)-6-(((1S,2R)-2-methylcyclopentylcarbonyl)amino)-bicyclo[3.1.0]hexane",,C[C@@H]1CCCC1C(=O)N[C@H]1[C@@H]2C[C@@H](NC(=O)c3nccnc3C(N)=O)C[C@@H]21,
52031,O=C(N[C@H](CC1CC1)C(=O)NC12C[C@@H]3CC1C[C@H](C3)C2)[C@@H](F)C[C@@H]1CCOC1,"(3S,7S,R,S)-1-((1-cyclopropylmethyl-4-fluoro-3-oxo-5-((3S)-oxolan-3-yl)-2-azapentylcarbonyl)amino)-tricyclo[3.3.0.1^3,7]nonane",,O=C(NC(CC1CC1)C(=O)NC12C[C@@H]3CC1C[C@H](C3)C2)C(F)C[C@@H]1CCOC1,
52046,CO[C@@]1(C(=O)N[C@@H]2CN(C(=O)C#CC3CCCC3)C[C@@H]2F)CCCC(C)(C)C1,"(3S,4R)-1-cyclopentylethynylcarbonyl-3-fluoro-4-(((1S)-1-methoxy-3,3-dimethylcyclohexylcarbonyl)amino)pyrrolidin",,CO[C@@]1(C(=O)N[C@@H]2CN(C(=O)C#CC3CCCC3)C[C@@H]2F)CCCC(C)(C)C1,
52148,Cc1ccn(C[C@@H](C)C(=O)N2C[C@H]3[C@H](NC(=O)Cc4cc(C)[nH]n4)[C@H]3C2)n1,"(1S,5R,6S)-3-((1R)-1-((3-methylpyrazol-1-yl)methyl)-ethylcarbonyl)-6-(((3-methyl-2H-pyrazol-5-yl)methylcarbonyl)amino)-3-azabicyclo[3.1.0]hexane",,Cc1cc(CC(=O)N[C@H]2[C@@H]3CN(C(=O)C(C)Cn4ccc(C)n4)C[C@@H]32)[nH]n1,
52165,CON=CC(=O)NC[C@]1(F)C[C@@H](NC(=O)[C@@H](O)CC(C)C)C1,"3-oxo-1-((1R)-1-fluoro-3-(((1S)-1-hydroxy-3-methyl-butylcarbonyl)amino)cyclobutyl)-2,5-diaza-6-oxa-4-hepten",,CON=CC(=O)NC[C@]1(F)C[C@@H](NC(=O)C(O)CC(C)C)C1,
52183,O=C(N[C@H]1[C@@H]2CN(C(=O)[C@@H](F)C3CCC3)C[C@@H]21)c1ccc(-c2cnccn2)cn1,"(1S,5R,6R)-3-((1S)-1-cyclobutyl-1-fluoro-methylcarbonyl)-6-((3-(pyrazin-2-yl)-6-pyridylcarbonyl)amino)-3-azabicyclo[3.1.0]hexane",,O=C(N[C@H]1[C@@H]2CN(C(=O)C(F)C3CCC3)C[C@@H]21)c1ccc(-c2cnccn2)cn1,
52199,C[C@@H]1CCC=C1C(=O)N1C[C@H]2[C@H](CN(C)C(=O)c3cn4ccsc4n3)[C@H]2C1,"(1S,5R,6R)-3-((2R)-2-methylcyclopent-5-en-1-ylcarbonyl)-6-((N-(1,4-dihydro-imidazo[2,1-b]thiazole-6-ylcarbonyl)-N-methylamino)methyl)-3-azabicyclo[3.1.0]hexane",,C[C@@H]1CCC=C1C(=O)N1C[C@@H]2[C@@H](CN(C)C(=O)c3cn4ccsc4n3)[C@@H]2C1,
52294,COc1ccc(C(=O)NC[C@]2(F)C[C@@H](NC(=O)c3n[nH]c4c3C[C@H](C)CC4)C2)s1,"(3R)-3-methyl-9-((((3S)-3-fluoro-3-(((2-methoxy-5-thienylcarbonyl)amino)methyl)cyclobutyl)amino)carbonyl)-7,8-diazabicyclo[4.3.0]nona-1(6),8(9)-diene",,COc1ccc(C(=O)NC[C@]2(F)C[C@@H](NC(=O)c3[nH]nc4c3C[C@H](C)CC4)C2)s1,
52334,CO[C@]1(C(=O)N[C@H]2C[C@H]3C[C@@H](NC(=O)C(=O)N(C)C)C[C@H]3C2)CCCOC1,"(1S,5R,7R)-3-(((3R)-3-methoxyoxan-3-ylcarbonyl)amino)-7-(dimethylcarbamylcarbonylamino)-bicyclo[3.3.0]octane",,CO[C@]1(C(=O)N[C@H]2C[C@H]3C[C@@H](NC(=O)C(=O)N(C)C)C[C@H]3C2)CCCOC1,
52371,C[C@H](CNC(=O)[C@H]1CCCc2n[nH]cc21)CN(C)C(=O)C=C1CCCCC1(C)C,"(R)-1,1-dimethyl-2-(N-(2-((((4S)-4,5,6,7-tetrahydro-benzo[1,2-d]pyrazole-4-ylcarbonyl)amino)methyl)-propyl)-N-methylcarbamoylmethylidene)cyclohexan",,C[C@H](CNC(=O)C1CCCc2[nH]ncc21)CN(C)C(=O)C=C1CCCCC1(C)C,
52383,CC[C@@](C)(CN=c1nc(N(C)Cc2cc(F)ccc2F)c2[nH]ccc2[nH]1)[C@@H](C)O,"(S)-1,4-difluoro-2-((N-(2-((2-methyl-2-((1R)-1-hydroxy-ethyl)-butyl)imino)pyrimido[4,5-d]pyrrole-4-yl)-N-methylamino)methyl)benzene",FC1=C(C=C(C=C1)F)CN(C)C1=NC(N=C2C=CN=C21)=NC[C@](CC)([C@@H](C)O)C,CC[C@@](C)(CNc1nc(N(C)Cc2cc(F)ccc2F)c2[nH]ccc2n1)[C@@H](C)O,CC[C@@](C)(CN=C1N=C2C=CN=C2C(N(C)Cc2cc(F)ccc2F)=N1)[C@@H](C)O
52427,O=C(CO[C@H]1C[C@@H](NC(=O)[C@@H]2CCCC3(CC3)C2)C1)NC[C@H]1C=CCC1,"(5R)-5-((((1S,3S)-3-((2-oxo-4-((1R)-cyclopent-2-en-1-yl)-3-azabutyl)oxy)cyclobutyl)amino)carbonyl)-spiro[2.5]octane",,O=C(CO[C@H]1C[C@@H](NC(=O)C2CCCC3(CC3)C2)C1)NC[C@H]1C=CCC1,
52459,CCc1nn[nH]c1C(=O)N1CCC[C@](O)(CN(C)C(=O)C(C)=C2CC2)C1,"1-((N-(((3S)-3-hydroxy-1-(4-ethyl-1H-1,2,3-triazol-5-ylcarbonyl)piperidin-3-yl)methyl)-N-methylcarbamoyl)methylmethylidene)cyclopropan",O[C@]1(CN(CCC1)C(=O)C1=C(N=NN1)CC)CN(C(=O)CC=C1CC1)C,CCc1[nH]nnc1C(=O)N1CCC[C@](O)(CN(C)C(=O)C(C)=C2CC2)C1,CCc1[nH]nnc1C(=O)N1CCC[C@](O)(CN(C)C(=O)CC=C2CC2)C1
52559,C[C@H](C(=O)N[C@@H]1C[C@H]2CC[C@@H]1C[C@H]2NC(=O)CCC(F)(F)F)n1cncn1,"(1R,3R,4R,8R)-3-(((1R)-1-(1,2,4-triazol-1-yl)-ethylcarbonyl)amino)-8-((1-(2,2,2-trifluoroethyl)-methylcarbonyl)amino)-bicyclo[2.2.2]octane",N1(N=CN=C1)[C@H](C)C(=O)N[C@@H]1C[C@@H]2CC[C@@H]1[C@@H](C2)NC(=O)CCC(F)(F)F,CC(C(=O)N[C@@H]1C[C@H]2CC[C@@H]1C[C@H]2NC(=O)CCC(F)(F)F)n1cncn1,CC(C(=O)N[C@@H]1C[C@@H]2CC[C@@H]1[C@H](NC(=O)CCC(F)(F)F)C2)n1cncn1
52582,C[C@H]1C[C@@H](NC(=O)C2CC=CC2)CCN1C(=O)Cc1ccc2c(c1)CCC(=O)N2,"6-(1-((2S,4S)-2-methyl-4-((cyclopent-3-en-1-ylcarbonyl)amino)piperidinocarbonyl)-methyl)-1,2,3,4-tetrahydroquinolin-2(1H)-one",,C[C@H]1C[C@@H](NC(=O)C2CC=CC2)CCN1C(=O)Cc1ccc2c(c1)CCC(=O)N2,
52624,CCCCCOCC(=O)NC[C@H]1C[C@@H]2CC[C@H](C1)N2C(=O)[C@H]1CCS1(=O)=O,"(1S,3S,5R)-3-pentoxymethylcarbonylaminomethyl-8-((2R)-1,1-dioxothietan-2-ylcarbonyl)-8-azabicyclo[3.2.1]octane",,CCCCCOCC(=O)NC[C@@H]1C[C@H]2CC[C@@H](C1)N2C(=O)C1CCS1(=O)=O,
52646,CCCCCONC(=O)[C@]1(C)C=CCN1C(=O)C#CC1CCOCC1,4-(1-(1-((2S)-2-methyl-2-(((pentoxy)amino)carbonyl)-1-azacyclopent-3-ene-1-ylcarbonyl)-methyl)-methyl)oxan,C[C@@]1(N(CC=C1)C(=O)CCC1CCOCC1)C(=O)NOCCCCC,CCCCCONC(=O)[C@]1(C)C=CCN1C(=O)C#CC1CCOCC1,CCCCCONC(=O)[C@]1(C)C=CCN1C(=O)CCC1CCOCC1
52648,N#Cc1cc(F)c(C(=O)N2C[C@@H]3[C@H](C2)[C@@H]3NC(=O)c2cnc(O)nc2O)c(Cl)c1,"(1S,5R)-3-(2-chloro-4-cyano-6-fluorobenzoyl)-6-((2,4-dihydroxypyrimidin-5-ylcarbonyl)amino)-3-azabicyclo[3.1.0]hexane",ClC1=C(C(=O)N2C[C@H]3C([C@H]3C2)NC(=O)C=2C(=NC(=NC2)O)O)C(=CC(=C1)C#N)F,N#Cc1cc(F)c(C(=O)N2C[C@@H]3[C@H](C2)[C@@H]3NC(=O)c2c[nH]c(=O)[nH]c2=O)c(Cl)c1,N#Cc1cc(F)c(C(=O)N2C[C@@H]3C(NC(=O)c4c[nH]c(=O)[nH]c4=O)[C@@H]3C2)c(Cl)c1
52650,Cn1ccnc1CC(=O)NC[C@]1(F)C[C@@H](CNC(=O)[C@]2(O)CCCC(C)(C)C2)C1,"2-oxo-1-(1-methylimidazol-2-yl)-4-((1R)-1-fluoro-3-((((1S)-1-hydroxy-3,3-dimethylcyclohexylcarbonyl)amino)methyl)cyclobutyl)-3-azabutane",,Cn1ccnc1CC(=O)NC[C@]1(F)C[C@@H](CNC(=O)[C@]2(O)CCCC(C)(C)C2)C1,
52688,C=CC=CCC(=O)N1CC[C@](C)(C(=O)NCCC[C@@H](O)CO)C1,"1-((3S)-3-methyl-3-((((1R)-4,5-dihydroxypentyl)amino)carbonyl)pyrrolidinocarbonyl)-2,4-pentadien",,CC=CC=CC(=O)N1CC[C@](C)(C(=O)NCCC[C@@H](O)CO)C1,
52842,C#CC[C@]1(C(=O)N2[C@H]3CC[C@@H]2C[C@H](CNC(=O)[C@@H](CC)CC(C)C)C3)CCCO1,"(4S)-4-ethyl-6-methyl-3-oxo-1-((1R,3S,5S)-8-((2S)-2-propargyloxolan-2-ylcarbonyl)-8-azabicyclo[3.2.1]octan-3-yl)-2-azaheptane",,C#CC[C@]1(C(=O)N2[C@@H]3CC[C@H]2C[C@@H](CNC(=O)C(CC)CC(C)C)C3)CCCO1,
52867,CC1(C)[C@H]2CC[C@@H](C2)[C@H]1C(=O)N1C[C@H]2[C@H](CNC(=O)c3coc(C(N)=O)c3)[C@H]2C1,"(1S,3R,4S)-2,2-dimethyl-3-((1S,5R,6R)-6-(((2-carbamyl-4-furylcarbonyl)amino)methyl)-3-azabicyclo[3.1.0]hexane-3-ylcarbonyl)norbornane",,CC1(C)C(C(=O)N2C[C@@H]3[C@@H](CNC(=O)c4coc(C(N)=O)c4)[C@@H]3C2)[C@H]2CC[C@H]1C2,
52901,C[C@H]1CCN(CC(=O)N[C@H]2C[C@@H]3CC[C@H]2[C@H](NC(=O)CC2(N(C)C)COC2)C3)C1,"(1R,3S,4S,7R)-3-((((3S)-3-methylpyrrolidino)methylcarbonyl)amino)-7-(((3-(dimethylamino)oxetan-3-yl)methylcarbonyl)amino)-bicyclo[2.2.2]octane",C[C@@H]1CN(CC1)CC(=O)N[C@H]1C[C@H]2CC[C@H]1C[C@H]2NC(=O)CC2(COC2)N(C)C,C[C@H]1CCN(CC(=O)N[C@H]2C[C@@H]3CC[C@H]2[C@H](NC(=O)CC2(N(C)C)COC2)C3)C1,C[C@H]1CCN(CC(=O)N[C@H]2C[C@H]3CC[C@H]2C[C@H]3NC(=O)CC2(N(C)C)COC2)C1
52931,C=C[C@@H](C)CC(=O)N[C@H]1CC[C@@]2(CC1)CN(C(=O)CCCCC[C@@H](C)O)CCO2,"(6R,R)-1-((4S)-4-(((2S)-2-methyl-but-3-en-1-ylcarbonyl)amino)spiro[cyclohexane-1,2'-morpholin]-4'-ylcarbonyl)-6-heptanol",,C=C[C@@H](C)CC(=O)N[C@H]1CC[C@@]2(CC1)CN(C(=O)CCCCC[C@@H](C)O)CCO2,
52932,C=CC(=O)N1CCC2(CC1)OC1(C)CC2(NC(=O)CSSC)C1,,,C=CC(=O)N1CCC2(CC1)OC1(C)CC2(NC(=O)CSSC)C1,
52963,CCOCCC(=O)N1C[C@H]2[C@H](CNC(=O)c3cc(O)cc(F)c3F)[C@H]2C1,"(1S,5R)-3-(2-ethoxyethylcarbonyl)-6-(((2,3-difluoro-5-hydroxybenzoyl)amino)methyl)-3-azabicyclo[3.1.0]hexane",C(C)OCCC(=O)N1C[C@H]2C([C@H]2C1)CNC(C1=C(C(=CC(=C1)O)F)F)=O,CCOCCC(=O)N1C[C@@H]2[C@@H](CNC(=O)c3cc(O)cc(F)c3F)[C@@H]2C1,CCOCCC(=O)N1C[C@@H]2C(CNC(=O)c3cc(O)cc(F)c3F)[C@@H]2C1
52965,C[C@H]1C[C@H](S(=O)(=O)N(C)[C@@H]2CNC(=O)C23CC3)C[C@@H](C)O1,"(7S)-4-oxo-7-(N-((2R,6S)-2,6-dimethyloxan-4-ylsulfonyl)-N-methylamino)-5-azaspiro[2.4]heptane",O=C1C2(CC2)[C@@H](CN1)N(C)S(=O)(=O)C1C[C@H](O[C@H](C1)C)C,C[C@@H]1C[C@@H](S(=O)(=O)N(C)[C@@H]2CNC(=O)C23CC3)C[C@H](C)O1,C[C@@H]1CC(S(=O)(=O)N(C)[C@@H]2CNC(=O)C23CC3)C[C@H](C)O1
53118,CCN1CCC[C@@H]2[C@H]1CCCN2C(=O)NC[C@H]1C[C@@H]2C[C@@H]2C1,"1-((1R,6R)-2-(((((1S,5R)-bicyclo[3.1.0]hexane-3-yl)methyl)amino)carbonyl)-2,7-diazabicyclo[4.4.0]decan-7-yl)-ethane",[C@@H]12CC(C[C@H]2C1)CNC(=O)N1[C@@H]2CCCN([C@@H]2CCC1)CC,CCN1CCC[C@@H]2[C@H]1CCCN2C(=O)NC[C@H]1C[C@@H]2C[C@@H]2C1,CCN1CCC[C@@H]2[C@H]1CCCN2C(=O)NCC1C[C@@H]2C[C@@H]2C1
53177,Cc1conc1C(=O)N[C@@H]1C[C@H]2[C@@H](C1)[C@@H]2NC(=O)c1c(C)nn(C)c1Cl,"(1S,5R)-3-((4-methylisooxazol-3-ylcarbonyl)amino)-6-((5-chloro-1,3-dimethylpyrazol-4-ylcarbonyl)amino)-bicyclo[3.1.0]hexane",CC=1C(=NOC1)C(=O)NC1C[C@@H]2C([C@@H]2C1)NC(=O)C=1C(=NN(C1Cl)C)C,Cc1conc1C(=O)N[C@H]1C[C@@H]2[C@H](C1)[C@H]2NC(=O)c1c(C)nn(C)c1Cl,Cc1conc1C(=O)NC1C[C@@H]2C(NC(=O)c3c(C)nn(C)c3Cl)[C@@H]2C1
53192,C[C@@H]1CN(C(=O)[C@]2(C)C[C@@H](C#N)C2)C[C@@H]1NC(=O)[C@H](F)CC1CCC1,"(3R,4R)-3-methyl-1-((3R)-3-cyano-1-methylcyclobutylcarbonyl)-4-(((1R)-2-cyclobutyl-1-fluoro-ethylcarbonyl)amino)pyrrolidin",,C[C@@H]1CN(C(=O)[C@]2(C)C[C@@H](C#N)C2)C[C@@H]1NC(=O)C(F)CC1CCC1,
53196,C=Cc1cc(F)cc(C(=O)N2C[C@H]3[C@H](NC(=O)[C@H](C(C)C)n4cnnc4)[C@H]3C2)c1,"(1S,5R)-3-(3-fluoro-5-(ethen-1-yl)benzoyl)-6-(((1S)-2-methyl-1-(1,2,4-triazol-4-yl)-propylcarbonyl)amino)-3-azabicyclo[3.1.0]hexane",FC=1C=C(C(=O)N2C[C@H]3C([C@H]3C2)NC(=O)[C@H](C(C)C)N2C=NN=C2)C=C(C1)C=C,C=Cc1cc(F)cc(C(=O)N2C[C@@H]3[C@H](C2)[C@H]3NC(=O)C(C(C)C)n2cnnc2)c1,C=Cc1cc(F)cc(C(=O)N2C[C@@H]3C(NC(=O)C(C(C)C)n4cnnc4)[C@@H]3C2)c1
53201,C=CCn1nnnc1[C@H](NC[C@]1(CO)CCCO1)C1(CCOC)CCCCC1,"(R,S)-2-hydroxymethyl-2-((((1-(2-propen-1-yl)tetrazol-5-yl)(1-(3-oxabutyl)cyclohexyl)methyl)amino)methyl)oxolan",OC[C@]1(OCCC1)CN[C@@H](C1(CCCCC1)CCOC)C1=NN=NN1CC=C,C=CCn1nnnc1[C@H](NC[C@]1(CO)CCCO1)C1(CCOC)CCCCC1,C=CCn1nnnc1[C@@H](NC[C@@]1(CO)CCCO1)C1(CCOC)CCCCC1
53264,CC(C)C[C@H](C(N)=O)C(=O)NC[C@H]1C[C@@H](NC(=O)[C@@H]2Cc3nncn3C2)C1,"(7R)-7-((((1S,3S)-3-((((2R)-1-amino-4-methyl-1-oxo-pentan-2-ylcarbonyl)amino)methyl)cyclobutyl)amino)carbonyl)-1,3,4-triazabicyclo[3.3.0]octa-2(3),4(5)-diene",,CC(C)CC(C(N)=O)C(=O)NC[C@H]1C[C@@H](NC(=O)C2Cc3nncn3C2)C1,
53287,O=C(NC[C@]1(F)C[C@H](NC(=O)[C@@H]2C[C@@H]2Cl)C1)c1sccc1-n1cccc1,"1-(2-(((((1S)-1-fluoro-3-(((1S,2S)-2-chlorocyclopropylcarbonyl)amino)cyclobutyl)methyl)amino)carbonyl)-3-thienyl)-1H-pyrrole",,O=C(NC[C@]1(F)C[C@H](NC(=O)C2C[C@@H]2Cl)C1)c1sccc1-n1cccc1,
53290,Nc1ccnc(C(=O)N2CC[C@]3(CCCN3C(=O)C[C@@H]3C[C@H]4C[C@H]4C3)C2)c1,"(1R,5S)-3-(1-((5R)-2-(4-amino-2-pyridylcarbonyl)-2,6-diazaspiro[4.4]nonan-6-ylcarbonyl)-methyl)-bicyclo[3.1.0]hexane",NC1=CC(=NC=C1)C(=O)N1C[C@@]2(CC1)N(CCC2)C(=O)CC2C[C@H]1C[C@H]1C2,Nc1ccnc(C(=O)N2CC[C@]3(CCCN3C(=O)C[C@H]3C[C@@H]4C[C@@H]4C3)C2)c1,Nc1ccnc(C(=O)N2CC[C@]3(CCCN3C(=O)CC3C[C@@H]4C[C@@H]4C3)C2)c1
53349,CCN(CCNC(=O)[C@H]1C[C@H]1NC(=O)OC(C)(C)C)C(=O)CCc1ccc(C)s1,(cis)-1-(((2-(N-(2-(2-methyl-5-thienyl)ethylcarbonyl)-N-ethylamino)ethyl)amino)carbonyl)-2-(((t-butyl)oxycarbonyl)amino)cyclopropane,CC=1SC(=CC1)CCC(=O)N(CC)CCNC(=O)[C@H]1[C@H](C1)NC(=O)OC(C)(C)C,CCN(CCNC(=O)C1C[C@H]1NC(=O)OC(C)(C)C)C(=O)CCc1ccc(C)s1,CCN(CCNC(=O)C1C[C@@H]1NC(=O)OC(C)(C)C)C(=O)CCc1ccc(C)s1
53459,C[C@]1(C(=O)N[C@H]2[C@@H]3CN(C(=O)C#CC4CC4)C[C@@H]32)CC=CCO1,"1-cyclopropyl-2-((1S,5R)-6-(((2R)-2-methyl-1-oxacyclohex-4-ene-2-ylcarbonyl)amino)-3-azabicyclo[3.1.0]hexane-3-ylcarbonyl)ethyn",C1(CC1)C#CC(=O)N1C[C@H]2C([C@H]2C1)NC(=O)[C@@]1(OCC=CC1)C,C[C@]1(C(=O)N[C@H]2[C@@H]3CN(C(=O)C#CC4CC4)C[C@@H]32)CC=CCO1,C[C@]1(C(=O)NC2[C@H]3CN(C(=O)C#CC4CC4)C[C@@H]23)CC=CCO1
53487,O=C(NCCNC(=O)[C@@H](c1ccccc1)C1CC1)[C@@H]1CCOC2(CCC2)C1,"(8R,R)-8-(((2-(cyclopropyl(phenyl)methylcarbonylamino)ethyl)amino)carbonyl)-5-oxaspiro[3.5]nonane",,O=C(NCCNC(=O)C(c1ccccc1)C1CC1)C1CCOC2(CCC2)C1,
53494,C=CCC(CC=C)C(=O)N1C[C@H]2[C@H](CNc3ncc(C(=O)OC)cc3Cl)[C@H]2C1,"(1S,5R)-3-(hepta-1,6-dien-4-ylcarbonyl)-6-(((3-chloro-5-methoxycarbonyl-2-pyridyl)amino)methyl)-3-azabicyclo[3.1.0]hexane",C=CCC(CC=C)C(=O)N1C[C@H]2C([C@H]2C1)CNC1=NC=C(C=C1Cl)C(=O)OC,C=CCC(CC=C)C(=O)N1C[C@@H]2[C@@H](CNc3ncc(C(=O)OC)cc3Cl)[C@@H]2C1,C=CCC(CC=C)C(=O)N1C[C@@H]2C(CNc3ncc(C(=O)OC)cc3Cl)[C@@H]2C1
53498,CCO[C@H](C)C(=O)N[C@@]12CC[C@@H](C1)N(C(=O)[C@]1(c3ccccc3)C[C@@H](F)C1)C2,"(2R)-2-((((1S,4S)-2-((3S)-3-fluoro-1-phenylcyclobutylcarbonyl)-2-azabicyclo[2.2.1]heptane-4-yl)amino)carbonyl)-3-oxapentane",,CCOC(C)C(=O)N[C@@]12CC[C@@H](C1)N(C(=O)[C@]1(c3ccccc3)C[C@@H](F)C1)C2,
53509,C[C@H]1CNc2c(C(=O)N[C@H]3CC[C@H](NC(=O)[C@H]4CC(=O)N(C)C4)CC3)cnn2C1,"(3S)-3-methyl-7-((((1S,4S)-4-(((4S)-1-methyl-2-oxopyrrolidin-4-ylcarbonyl)amino)cyclohexyl)amino)carbonyl)-1,5,9-triazabicyclo[4.3.0]nona-6(7),8(9)-diene",,C[C@H]1CNc2c(C(=O)N[C@H]3CC[C@H](NC(=O)C4CC(=O)N(C)C4)CC3)cnn2C1,
53532,CC(C)(C)CC1CC(C(=O)N2C[C@H]3[C@H](CNC(=O)CCc4cnoc4)[C@H]3C2)C1,"(1S,5R)-3-(3-neopentylcyclobutylcarbonyl)-6-(((2-(isooxazol-4-yl)ethylcarbonyl)amino)methyl)-3-azabicyclo[3.1.0]hexane",C(C(C)(C)C)C1CC(C1)C(=O)N1C[C@H]2C([C@H]2C1)CNC(=O)CCC=1C=NOC1,CC(C)(C)CC1CC(C(=O)N2C[C@@H]3[C@@H](CNC(=O)CCc4cnoc4)[C@@H]3C2)C1,CC(C)(C)CC1CC(C(=O)N2C[C@@H]3C(CNC(=O)CCc4cnoc4)[C@@H]3C2)C1
53544,C#Cc1ccccc1CC(=O)N(CCC)[C@H]1CCN(C(=O)[C@H](C)C/C=C/C)C1,"2-acetenyl-1-(2-oxo-3-((3S)-1-((2R)-(2R,4E)-hex-4-en-2-ylcarbonyl)pyrrolidin-3-yl)-3-azahexyl)benzene",,C#Cc1ccccc1CC(=O)N(CCC)[C@H]1CCN(C(=O)C(C)C/C=C/C)C1,
53613,CC(C)[C@@H](C(=O)N1C[C@H]2[C@H](CNC(=O)c3ccc(Br)cc3O)[C@H]2C1)N(C)C,"(1S,5R,6S)-3-((1S)-2-methyl-1-(dimethylamino)-propylcarbonyl)-6-(((4-bromo-2-hydroxybenzoyl)amino)methyl)-3-azabicyclo[3.1.0]hexane",,CC(C)C(C(=O)N1C[C@@H]2[C@@H](CNC(=O)c3ccc(Br)cc3O)[C@@H]2C1)N(C)C,
53639,CCSc1ccc(C(=O)NC[C@@H]2C[C@@H]3CC[C@H](C2)N3C(=O)CCN(C)CC)cn1,"2-ethylsulfanyl-5-(((((1R,5S)-8-(2-(ethyl(methyl)amino)ethylcarbonyl)-8-azabicyclo[3.2.1]octan-3-yl)methyl)amino)carbonyl)pyridin",C(C)SC1=NC=C(C=C1)C(=O)NCC1C[C@H]2CC[C@@H](C1)N2C(=O)CCN(C)CC,CCSc1ccc(C(=O)NC[C@H]2C[C@H]3CC[C@@H](C2)N3C(=O)CCN(C)CC)cn1,CCSc1ccc(C(=O)NCC2C[C@H]3CC[C@@H](C2)N3C(=O)CCN(C)CC)cn1
53689,COC(=O)[C@@H]1[C@H]2CN(C(=O)[C@@H](NC(=O)[C@H]3COCCN3C)c3cnn(C)c3)C[C@H]21,"(1S,5R,6S)-6-methoxycarbonyl-3-((1S)-1-(((3R)-4-methylmorpholin-3-ylcarbonyl)amino)-1-(1-methylpyrazol-4-yl)-methylcarbonyl)-3-azabicyclo[3.1.0]hexane",,COC(=O)C1[C@H]2CN(C(=O)C(NC(=O)C3COCCN3C)c3cnn(C)c3)C[C@@H]12,
53750,O=C1CN(CCc2ccsc2Br)C(=O)N1C[C@H]1C[C@@H]2CC[C@@H]2C1,"1-(2,4-dioxo-3-(((1R,5S)-bicyclo[3.2.0]heptan-3-yl)methyl)imidazolidin-1-yl)-2-(2-bromo-3-thienyl)-ethane",O=C1N(CC(N1CC1C[C@H]2CC[C@H]2C1)=O)CCC1=C(SC=C1)Br,O=c1n(CCc2ccsc2Br)cc(O)n1C[C@@H]1C[C@H]2CC[C@H]2C1,O=c1n(CCc2ccsc2Br)cc(O)n1CC1C[C@H]2CC[C@H]2C1
53754,NS(=O)(=O)N1CC(C(=O)N2C[C@H]3[C@H](CNC(=O)CSc4ccc(O)cc4)[C@H]3C2)C1,"(1S,5R)-3-(1-aminosulfonylazetidin-3-ylcarbonyl)-6-(((2-(4-hydroxyphenyl)-2-thiaethylcarbonyl)amino)methyl)-3-azabicyclo[3.1.0]hexane",NS(=O)(=O)N1CC(C1)C(=O)N1C[C@H]2C([C@H]2C1)CNC(=O)CSC1=CC=C(C=C1)O,NS(=O)(=O)N1CC(C(=O)N2C[C@@H]3[C@@H](CNC(=O)CSc4ccc(O)cc4)[C@@H]3C2)C1,NS(=O)(=O)N1CC(C(=O)N2C[C@@H]3C(CNC(=O)CSc4ccc(O)cc4)[C@@H]3C2)C1
53767,Cc1cc(C(F)(F)F)c(C(=O)N[C@H]2C[C@](C)(NC(=O)CCCC#N)C2)c(O)n1,1-cyano-3-(((1-methyl-3-((2-hydroxy-6-methyl-4-trifluoromethyl-3-pyridylcarbonyl)amino)cyclobutyl)amino)carbonyl)propane,C(#N)CCCC(=O)NC1(CC(C1)NC(=O)C=1C(=NC(=CC1C(F)(F)F)C)O)C,Cc1cc(C(F)(F)F)c(C(=O)N[C@H]2C[C@](C)(NC(=O)CCCC#N)C2)c(=O)[nH]1,Cc1cc(C(F)(F)F)c(C(=O)NC2CC(C)(NC(=O)CCCC#N)C2)c(=O)[nH]1
53868,O=C(N[C@@H]1[C@@H]2CN(Cc3ccc(Br)cc3Br)C[C@@H]21)c1ccc2ncnn2c1,"(1S,5R)-3-(2,4-dibromobenzyl)-6-((1,7,9-triazabicyclo[4.3.0]nona-2(3),4(5),6(7),8(9)-tetraen-3-ylcarbonyl)amino)-3-azabicyclo[3.1.0]hexane",BrC1=C(CN2C[C@H]3C([C@H]3C2)NC(=O)C2=CN3N=CN=C3C=C2)C=CC(=C1)Br,O=C(N[C@@H]1[C@@H]2CN(Cc3ccc(Br)cc3Br)C[C@@H]21)c1ccc2ncnn2c1,O=C(NC1[C@H]2CN(Cc3ccc(Br)cc3Br)C[C@@H]12)c1ccc2ncnn2c1
53965,COc1ccc(-c2nc(-c3cccc(=O)n3C)n([C@@H]3[C@@H](C)CCC[C@H]3C)n2)cn1,"2-methoxy-5-(1-((2R,6S)-2,6-dimethylcyclohexyl)-5-(1-methyl-2-oxo-6-pyridyl)-1,2,4-triazol-3-yl)pyridin",COC1=NC=C(C=C1)C1=NN(C(=N1)C1=CC=CC(N1C)=O)C1[C@@H](CCC[C@@H]1C)C,COc1ccc(-c2nc(-c3cccc(=O)n3C)n([C@H]3[C@H](C)CCC[C@@H]3C)n2)cn1,COc1ccc(-c2nc(-c3cccc(=O)n3C)n(C3[C@H](C)CCC[C@@H]3C)n2)cn1
53992,Cc1cc(F)ccc1C(=O)NC[C@H]1CCCN(C(=O)C#C[C@H]2CCCOC2)CC1,(3R)-3-(1-(1-((4S)-4-(((4-fluoro-2-methylbenzoyl)amino)methyl)azepan-1-ylcarbonyl)-methyl)-methyl)oxan,FC1=CC(=C(C(=O)NC[C@@H]2CCN(CCC2)C(=O)CC[C@@H]2COCCC2)C=C1)C,Cc1cc(F)ccc1C(=O)NC[C@H]1CCCN(C(=O)C#C[C@H]2CCCOC2)CC1,Cc1cc(F)ccc1C(=O)NC[C@H]1CCCN(C(=O)CC[C@H]2CCCOC2)CC1
54022,CSc1cn(C)nc1C(=O)N[C@H]1C[C@](C)(NC(=O)C=Cc2ccco2)C1,1-methyl-1-((2-(2-furyl)-ethen-1-ylcarbonyl)amino)-3-((1-methyl-4-methylsulfanylpyrazol-3-ylcarbonyl)amino)cyclobutane,CC1(CC(C1)NC(=O)C1=NN(C=C1SC)C)NC(=O)C=CC=1OC=CC1,CSc1cn(C)nc1C(=O)N[C@H]1C[C@](C)(NC(=O)C=Cc2ccco2)C1,CSc1cn(C)nc1C(=O)NC1CC(C)(NC(=O)C=Cc2ccco2)C1
54077,Cc1cc(C(=O)N2C[C@@H]3C[C@H](NC(=O)C4(c5ccccc5)CC4)C[C@@H](C3)C2)sn1,"(1S,5R)-3-(3-methylisothiazol-5-ylcarbonyl)-7-((1-phenylcyclopropylcarbonyl)amino)-3-azabicyclo[3.3.1]nonane",CC1=NSC(=C1)C(=O)N1C[C@@H]2CC(C[C@H](C1)C2)NC(=O)C2(CC2)C2=CC=CC=C2,Cc1cc(C(=O)N2C[C@@H]3C[C@@H](C[C@H](NC(=O)C4(c5ccccc5)CC4)C3)C2)sn1,Cc1cc(C(=O)N2C[C@@H]3CC(NC(=O)C4(c5ccccc5)CC4)C[C@@H](C3)C2)sn1
54084,CC(C)[C@@H](CC(=O)N1C[C@H]2[C@H](C)[C@H]2C1)NC(=O)C(C)(C)C1(O)CCC1,"(R)-2,6-dimethyl-3-oxo-2-(1-hydroxycyclobutyl)-5-(1-((1S,5R,6S)-6-methyl-3-azabicyclo[3.1.0]hexane-3-ylcarbonyl)-methyl)-4-azaheptane",,CC(C)[C@@H](CC(=O)N1C[C@@H]2[C@@H](C)[C@@H]2C1)NC(=O)C(C)(C)C1(O)CCC1,
54108,CC(C)CC[C@@H](C)N=c1nc2c(ncn2C)c(NC[C@]2(CO)CC2(C)C)[nH]1,"(1S)-1-hydroxymethyl-2,2-dimethyl-1-((N-(9-methyl-2-(((1R)-1,4-dimethyl-pentyl)imino)purin-6-yl)amino)methyl)cyclopropane",,CC(C)CC[C@@H](C)Nc1nc(NC[C@]2(CO)CC2(C)C)c2ncn(C)c2n1,
54142,C=CCCC(F)(F)C(=O)N1C[C@H]2[C@H](N(C)C(=O)c3cc(C)c(C)nc3O)[C@H]2C1,"(1S,5R)-3-((3-buten-1-yl)difluoromethylcarbonyl)-6-(N-(6-hydroxy-2,3-dimethyl-5-pyridylcarbonyl)-N-methylamino)-3-azabicyclo[3.1.0]hexane",C(CC=C)C(C(=O)N1C[C@H]2C([C@H]2C1)N(C)C(=O)C=1C=C(C(=NC1O)C)C)(F)F,C=CCCC(F)(F)C(=O)N1C[C@@H]2[C@H](C1)[C@H]2N(C)C(=O)c1cc(C)c(C)[nH]c1=O,C=CCCC(F)(F)C(=O)N1C[C@@H]2C(N(C)C(=O)c3cc(C)c(C)[nH]c3=O)[C@@H]2C1
54169,C=C[C@@H](CCC)CC(=O)N[C@H]1C[C@@H](OCC(=O)N[C@H]2CCOC(C)(C)C2)C1,"(1R,3R)-1-(((2S)-2-(ethen-1-yl)-pentylcarbonyl)amino)-3-((2-oxo-3-((4S)-2,2-dimethyloxan-4-yl)-3-azapropyl)oxy)cyclobutane",,C=C[C@@H](CCC)CC(=O)N[C@H]1C[C@@H](OCC(=O)N[C@H]2CCOC(C)(C)C2)C1,
54189,C#CCO[C@H](C)C(=O)N1[C@H]2CC[C@@H]1C[C@H](CNC(=O)/C=C/C1CCCCC1)C2,"(R,E)-2-((1R,3R,5S)-3-(((2-cyclohexyl-ethen-1-ylcarbonyl)amino)methyl)-8-azabicyclo[3.2.1]octan-8-ylcarbonyl)-3-oxa-5-hexyn",,C#CCOC(C)C(=O)N1[C@@H]2CC[C@H]1C[C@@H](CNC(=O)/C=C/C1CCCCC1)C2,
54212,C#CC[C@@H](O)C(=O)N1C[C@H]2C=C[C@H]1[C@@H](C(=O)NCCc1cscn1)C2,"(1S,4R,8S)-2-((1R)-1-hydroxy-3-butyn-1-ylcarbonyl)-8-(((2-(thiazol-4-yl)ethyl)amino)carbonyl)-2-azabicyclo[2.2.2]oct-5(6)-ene",O[C@H](CC#C)C(=O)N1[C@@H]2C=C[C@@H](C1)[C@H](C2)C(=O)NCCC=2N=CSC2,C#CCC(O)C(=O)N1C[C@H]2C=C[C@H]1C(C(=O)NCCc1cscn1)C2,C#CCC(O)C(=O)N1C[C@@H]2C=C[C@@H]1CC2C(=O)NCCc1cscn1
54226,C[C@H](NS(C)(=O)=O)C(=O)N(CCNC(=O)[C@]1(C)C[C@@H]2C[C@@H]2C1)C1CC1,"(1S,5R)-3-methyl-3-(((2-(N-((1S)-1-methyl-3,3-dioxo-2-aza-3-thiabutylcarbonyl)-N-cyclopropylamino)ethyl)amino)carbonyl)-bicyclo[3.1.0]hexane",CC1(C[C@@H]2C[C@@H]2C1)C(=O)NCCN(C1CC1)C(=O)[C@@H](NS(C)(=O)=O)C,CC(NS(C)(=O)=O)C(=O)N(CCNC(=O)[C@@]1(C)C[C@H]2C[C@H]2C1)C1CC1,CC(NS(C)(=O)=O)C(=O)N(CCNC(=O)C1(C)C[C@H]2C[C@H]2C1)C1CC1
54268,CC[C@@H](CC(=O)N[C@H]1C[C@H](NC(=O)c2cccc3c2O[C@@H](C)C3)C1)C(C)(C)C,"(S)-2,2-dimethyl-3-(2-oxo-3-((1S,3S)-3-(((2S)-2-methylcoumaran-7-ylcarbonyl)amino)cyclobutyl)-3-azapropyl)pentane",,CC[C@@H](CC(=O)N[C@H]1C[C@H](NC(=O)c2cccc3c2O[C@@H](C)C3)C1)C(C)(C)C,
54308,CCC[C@H](C(=O)NC[C@]1(F)C[C@@H](NC(=O)c2sncc2C)C1)C(C)C,(4S)-4-isopropyl-3-oxo-1-((3R)-1-fluoro-3-((4-methylisothiazol-5-ylcarbonyl)amino)cyclobutyl)-2-azaheptane,,CCCC(C(=O)NC[C@]1(F)C[C@@H](NC(=O)c2sncc2C)C1)C(C)C,
54355,CC[C@H](C)[C@H](C)C(=O)NC[C@]1(F)C[C@H](CNC(=O)C[C@H]2CCCSC2)C1,"(4S,5S)-4,5-dimethyl-3-oxo-1-((1R,3S)-1-fluoro-3-(((((3R)-thian-3-yl)methylcarbonyl)amino)methyl)cyclobutyl)-2-azaheptane",,CC[C@H](C)C(C)C(=O)NC[C@]1(F)C[C@H](CNC(=O)C[C@H]2CCCSC2)C1,
54358,C[C@H]1CCO[C@H](C(=O)NC[C@H]2CC[C@H](N(C)C(=O)[C@H](O)CC(F)(F)F)CC2)C1,"(2S,4S)-4-methyl-2-(((((1R,4S)-4-(N-((1R)-1-(2,2,2-trifluoroethyl)-2-oxaethylcarbonyl)-N-methylamino)cyclohexyl)methyl)amino)carbonyl)oxan",,C[C@H]1CCOC(C(=O)NC[C@H]2CC[C@H](N(C)C(=O)C(O)CC(F)(F)F)CC2)C1,
54363,CSC1(C(=O)N[C@H]2C[C@@](C)(NC(=O)c3cnc(NC(C)=O)o3)C2)CC1,1-methyl-1-((2-acetamidooxazol-5-ylcarbonyl)amino)-3-((1-methylsulfanylcyclopropylcarbonyl)amino)cyclobutane,CC1(CC(C1)NC(=O)C1(CC1)SC)NC(=O)C1=CN=C(O1)NC(C)=O,CSC1(C(=O)N[C@H]2C[C@@](C)(NC(=O)c3cnc(NC(C)=O)o3)C2)CC1,CSC1(C(=O)NC2CC(C)(NC(=O)c3cnc(NC(C)=O)o3)C2)CC1
54383,COC(=O)CC(=O)N[C@H]1[C@@H]2CN(C(=O)C3([C@H]4CCCCO4)CCOCC3)C[C@@H]21,"(1S,5R,6S)-3-(4-((2R)-oxan-2-yl)oxan-4-ylcarbonyl)-6-((2-oxo-3-oxabutylcarbonyl)amino)-3-azabicyclo[3.1.0]hexane",,COC(=O)CC(=O)N[C@H]1[C@@H]2CN(C(=O)C3([C@H]4CCCCO4)CCOCC3)C[C@@H]21,
54462,C[C@@]1(C(=O)N2[C@H]3CC[C@@H]2C[C@@H](CN2CCOCC2)C3)CC(C2CCC2)=NO1,"(1S,3R,5R)-3-morpholinomethyl-8-((2S)-4-cyclobutyl-2-methyl-5-aza-1-oxacyclopent-4-ene-2-ylcarbonyl)-8-azabicyclo[3.2.1]octane",,C[C@@]1(C(=O)N2[C@@H]3CC[C@H]2C[C@H](CN2CCOCC2)C3)CC(C2CCC2)=NO1,
54602,C[C@@H](NC1CCN(C[C@@H]2CCOC2)CC1)[C@@H]1CC(F)(F)CN1C(=O)OC(C)(C)C,"(R,S)-3-((4-(N-(1-((5S)-1-boc-3,3-difluoropyrrolidin-5-yl)-ethyl)amino)piperidino)methyl)oxolan",C(=O)(OC(C)(C)C)N1CC(C[C@H]1[C@H](C)NC1CCN(CC1)C[C@@H]1COCC1)(F)F,C[C@@H](NC1CCN(C[C@@H]2CCOC2)CC1)[C@@H]1CC(F)(F)CN1C(=O)OC(C)(C)C,C[C@H](NC1CCN(C[C@H]2CCOC2)CC1)[C@@H]1CC(F)(F)CN1C(=O)OC(C)(C)C
54605,CCc1nc[nH]c1C(=O)N1[C@H]2CC[C@@H]1C[C@@H](N(C)C(=O)[C@@H](CC)COC)C2,"(1S,5R)-3-(N-((2S)-1-methoxy-butan-2-ylcarbonyl)-N-methylamino)-8-(4-ethyl-1H-imidazol-5-ylcarbonyl)-8-azabicyclo[3.2.1]octane",COC[C@H](CC)C(=O)N(C)C1C[C@@H]2CC[C@H](C1)N2C(=O)C2=C(N=CN2)CC,CCc1[nH]cnc1C(=O)N1[C@@H]2CC[C@H]1C[C@H](N(C)C(=O)C(CC)COC)C2,CCc1[nH]cnc1C(=O)N1[C@@H]2CC[C@H]1CC(N(C)C(=O)C(CC)COC)C2
54612,c1nc2[nH]ccc2c(=NC[C@H]2CC[C@H](NCc3cnn4c3CCCC4)CC2)[nH]1,"4-((1-((trans)-4-(((4,5,6,7-tetrahydro-pyrido[1,2-b]pyrazole-3-yl)methyl)amino)cyclohexyl)-methyl)imino)-pyrimido[4,5-b]pyrrole",N=1N2C(=C(C1)CN[C@@H]1CC[C@H](CC1)CN=C1N=CN=C3N=CC=C31)CCCC2,c1nc(NC[C@H]2CC[C@H](NCc3cnn4c3CCCC4)CC2)c2cc[nH]c2n1,C1=NC2=NC=NC(=NC[C@H]3CC[C@H](NCc4cnn5c4CCCC5)CC3)C2=C1
54675,CCCCCCn1cc([C@@H](C)NC(=O)[C@H]2C[C@@]3(CC3(F)F)C2)nn1,"(3R)-2,2-difluoro-5-((((1R)-1-(1-hexyl-1,2,3-triazol-4-yl)-ethyl)amino)carbonyl)-spiro[2.3]hexane",,CCCCCCn1cc([C@@H](C)NC(=O)C2CC3(C2)CC3(F)F)nn1,
54702,O=C(C[C@H]1C[C@H](NCc2ccc3ccccc3c2Br)C1)N1C[C@@H]2[C@@H](CO)[C@@H]2C1,"1-(((trans)-3-(1-((1S,5R)-6-hydroxymethyl-3-azabicyclo[3.1.0]hexane-3-ylcarbonyl)-methyl)cyclobutyl)amino)-1-(8-bromonaphthalen-7-yl)-methane",OCC1[C@@H]2CN(C[C@H]12)C(=O)C[C@@H]1C[C@H](C1)NCC1=CC=C2C=CC=CC2=C1Br,O=C(C[C@H]1C[C@H](NCc2ccc3ccccc3c2Br)C1)N1C[C@@H]2[C@@H](CO)[C@@H]2C1,O=C(C[C@H]1C[C@H](NCc2ccc3ccccc3c2Br)C1)N1C[C@@H]2C(CO)[C@@H]2C1
54721,CC1(C)C=C(C(=O)N[C@H]2C[C@@](C)(NC(=O)c3cn([C@H]4CCOC4)cn3)C2)C1,"1-((3S)-oxolan-3-yl)-4-((((3R)-1-methyl-3-((3,3-dimethylcyclobut-1-en-1-ylcarbonyl)amino)cyclobutyl)amino)carbonyl)imidazol",,CC1(C)C=C(C(=O)N[C@H]2C[C@@](C)(NC(=O)c3cn([C@H]4CCOC4)cn3)C2)C1,
54751,CN1CCCC[C@H]1CCC(=O)N1CCN(C(=O)[C@H]2C[C@](C)(F)C2)[C@H](C2CC2)C1,(2S)-1-methyl-2-(1-(1-((3R)-3-cyclopropyl-4-((3R)-3-fluoro-3-methylcyclobutylcarbonyl)piperazinocarbonyl)-methyl)-methyl)piperidin,,CN1CCCC[C@H]1CCC(=O)N1CCN(C(=O)C2CC(C)(F)C2)[C@H](C2CC2)C1,
54757,C[C@@H](C(=O)N1C[C@H]2[C@H](CNC(=O)C=Cc3cncc(F)c3)[C@H]2C1)N(C)C,"(1S,5R,6S)-3-((1S)-1,2-dimethyl-2-azapropylcarbonyl)-6-(((2-(3-fluoro-5-pyridyl)-ethen-1-ylcarbonyl)amino)methyl)-3-azabicyclo[3.1.0]hexane",,CC(C(=O)N1C[C@@H]2[C@@H](CNC(=O)C=Cc3cncc(F)c3)[C@@H]2C1)N(C)C,
54811,CO[C@]1(C(=O)N[C@H]2[C@@H]3CN(C(=O)[C@]45CC[C@@H](N=[N+]=[N-])[C@H]4C5)C[C@@H]32)CCSC1,"(1S,5R,6R)-3-((1S,2R,5S)-2-azidobicyclo[3.1.0]hexane-5-ylcarbonyl)-6-(((3S)-3-methoxythiolan-3-ylcarbonyl)amino)-3-azabicyclo[3.1.0]hexane",,CO[C@]1(C(=O)N[C@H]2[C@@H]3CN(C(=O)[C@]45CC[C@@H](N=[N+]=[N-])[C@H]4C5)C[C@@H]32)CCSC1,
54822,Cc1nc2ccc(C(=O)N[C@]3(C)C[C@H](NC(=O)C4=C[C@H]5CCC[C@@H]45)C3)cc2o1,"2-methyl-6-((((1S)-1-methyl-3-(((1R,5R)-bicyclo[3.2.0]hept-6(7)-en-6-ylcarbonyl)amino)cyclobutyl)amino)carbonyl)-benzo[1,2-d]oxazol",,Cc1nc2ccc(C(=O)N[C@]3(C)C[C@H](NC(=O)C4=C[C@H]5CCC[C@@H]45)C3)cc2o1,
54831,CO[C@@H](CC(=O)N1C[C@H]2[C@H](NC(=O)Cc3cnn(C(F)F)c3)[C@H]2C1)C(F)(F)F,"(1S,5R,6R)-3-((2S)-2-trifluoromethyl-3-oxabutylcarbonyl)-6-(((1-difluoromethylpyrazol-4-yl)methylcarbonyl)amino)-3-azabicyclo[3.1.0]hexane",,CO[C@@H](CC(=O)N1C[C@@H]2[C@H](C1)[C@H]2NC(=O)Cc1cnn(C(F)F)c1)C(F)(F)F,
54844,CC(C)Cc1c[nH]c(C(=O)N[C@]2(C)C[C@@H](NC(=O)C[C@@H](C)C(F)(F)F)C2)c1,"(2R)-1,1,1-trifluoro-2-(2-oxo-3-((3R)-3-methyl-3-((3-isobutyl-1H-pyrrol-5-ylcarbonyl)amino)cyclobutyl)-3-azapropyl)propane",,CC(C)Cc1c[nH]c(C(=O)N[C@]2(C)C[C@@H](NC(=O)C[C@@H](C)C(F)(F)F)C2)c1,
54881,CCC(C)(C)CC(=O)N[C@]1(C(=O)NC[C@@]2(F)CCOC2)C[C@H](O)C1,"(3R)-3-hydroxy-1-(((((3S)-3-fluorooxolan-3-yl)methyl)amino)carbonyl)-1-((2,2-dimethyl-butylcarbonyl)amino)cyclobutane",,CCC(C)(C)CC(=O)N[C@]1(C(=O)NC[C@@]2(F)CCOC2)C[C@H](O)C1,
54903,C#CC[C@H](C)C(=O)N1[C@H]2CC[C@@H]1C[C@@H](CNC(=O)c1ccc(Br)cn1)C2,"(2S)-2-((1R,3R,5S)-3-(((3-bromo-6-pyridylcarbonyl)amino)methyl)-8-azabicyclo[3.2.1]octan-8-ylcarbonyl)-4-pentyn",,C#CCC(C)C(=O)N1[C@@H]2CC[C@H]1C[C@H](CNC(=O)c1ccc(Br)cn1)C2,
54927,CNc1cnc(Cl)cc1C(=O)N[C@H]1C[C@](F)(CNC(=O)c2cc(C)[nH]n2)C1,1-(3-((((1-fluoro-3-((2-chloro-5-methylamino-4-pyridylcarbonyl)amino)cyclobutyl)methyl)amino)carbonyl)-1H-pyrazol-5-yl)-methane,FC1(CC(C1)NC(=O)C1=CC(=NC=C1NC)Cl)CNC(=O)C1=NNC(=C1)C,CNc1cnc(Cl)cc1C(=O)N[C@H]1C[C@](F)(CNC(=O)c2cc(C)[nH]n2)C1,CNc1cnc(Cl)cc1C(=O)NC1CC(F)(CNC(=O)c2cc(C)[nH]n2)C1
55011,C[C@@H]1CC[C@@H](C(=O)NC[C@H]2C[C@@](F)(CNC(=O)C(=O)NCC(F)F)C2)C(=O)N1,"1,1-difluoro-4,5-dioxo-7-((1S)-1-fluoro-3-((((2R,5S)-2-methyl-6-oxopiperidin-5-ylcarbonyl)amino)methyl)cyclobutyl)-3,6-diazaheptane",,C[C@@H]1CCC(C(=O)NC[C@H]2C[C@@](F)(CNC(=O)C(=O)NCC(F)F)C2)C(=O)N1,
55059,C[C@@H]1C[C@H]1C(=O)N[C@]1(C)C[C@H](NC(=O)c2cnc(O)c(C(F)(F)F)c2)C1,"2-hydroxy-3-trifluoromethyl-5-((((1S)-3-methyl-3-(((1R,2R)-2-methylcyclopropylcarbonyl)amino)cyclobutyl)amino)carbonyl)pyridin",,C[C@@H]1CC1C(=O)N[C@]1(C)C[C@H](NC(=O)c2c[nH]c(=O)c(C(F)(F)F)c2)C1,
55063,C[C@H]1OCCO[C@H]1C(=O)N[C@]1(C)C[C@H](C(=O)NCCCCCO)C1,"(3S)-1-methyl-1-(((2R,3R)-2-methyl-1,4-dioxan-3-ylcarbonyl)amino)-3-(((5-hydroxypentyl)amino)carbonyl)cyclobutane",,C[C@H]1OCCOC1C(=O)NC1(C)CC(C(=O)NCCCCCO)C1,
55064,C[C@H](CCNC(=O)[C@H](O)C1CCCC1)NC(=O)[C@H]1C[C@@H]2CC[C@H](C1)[C@@H]2O,"(1S,5R,8R)-8-hydroxy-3-((((1R,6R)-6-cyclopentyl-1-methyl-5-oxo-4-aza-7-oxaheptyl)amino)carbonyl)-bicyclo[3.2.1]octane",,C[C@H](CCNC(=O)C(O)C1CCCC1)NC(=O)C1C[C@H]2CC[C@@H](C1)[C@H]2O,
55086,Cn1ccnc1CC(=O)N[C@]1(C)C[C@@H](NC(=O)[C@@]2(Cl)C[C@@H]2C(=O)OC(C)(C)C)C1,"(1R,2R)-2-boc-1-chloro-1-((((3R)-3-methyl-3-(((1-methylimidazol-2-yl)methylcarbonyl)amino)cyclobutyl)amino)carbonyl)cyclopropane",,Cn1ccnc1CC(=O)N[C@]1(C)C[C@@H](NC(=O)[C@@]2(Cl)CC2C(=O)OC(C)(C)C)C1,
55095,Cc1csc([C@H](C(=O)N[C@@H]2CCOC2)N2C[C@H](C)CC[C@@H]2C(=O)OC(C)(C)C)c1,"(S,R)-3-((((2R,5R)-2-boc-5-methylpiperidino)(3-methyl-5-thienyl)methylcarbonyl)amino)oxolan",C(=O)(OC(C)(C)C)[C@@H]1N(C[C@@H](CC1)C)[C@H](C(=O)N[C@@H]1COCC1)C1=CC(=CS1)C,Cc1csc(C(C(=O)N[C@@H]2CCOC2)N2C[C@H](C)CCC2C(=O)OC(C)(C)C)c1,Cc1csc(C(C(=O)N[C@H]2CCOC2)N2C[C@H](C)CCC2C(=O)OC(C)(C)C)c1
55097,CCn1cc(Cl)cc1C(=O)N(C)CCNC(=O)[C@]1(C(F)(F)F)C[C@@H]2C[C@@H]2C1,"1-(((1S,5R)-3-trifluoromethylbicyclo[3.1.0]hexane-3-ylcarbonyl)amino)-3-(3-chloro-1-ethyl-1H-pyrrol-5-ylcarbonyl)-3-azabutane",FC(C1(C[C@@H]2C[C@@H]2C1)C(=O)NCCN(C)C(=O)C1=CC(=CN1CC)Cl)(F)F,CCn1cc(Cl)cc1C(=O)N(C)CCNC(=O)[C@@]1(C(F)(F)F)C[C@H]2C[C@H]2C1,CCn1cc(Cl)cc1C(=O)N(C)CCNC(=O)C1(C(F)(F)F)C[C@H]2C[C@H]2C1
55114,Cc1cc(CCC(=O)N2C[C@H]3[C@H](NC(=O)CCC(=O)Nc4nccs4)[C@H]3C2)on1,"(1S,5R)-3-(2-(3-methylisoxazol-5-yl)ethylcarbonyl)-6-((3-oxo-4-(thiazol-2-yl)-4-azabutylcarbonyl)amino)-3-azabicyclo[3.1.0]hexane",CC1=NOC(=C1)CCC(=O)N1C[C@H]2C([C@H]2C1)NC(=O)CCC(NC=1SC=CN1)=O,Cc1cc(CCC(=O)N2C[C@@H]3[C@H](C2)[C@H]3NC(=O)CCC(=O)Nc2nccs2)on1,Cc1cc(CCC(=O)N2C[C@@H]3C(NC(=O)CCC(=O)Nc4nccs4)[C@@H]3C2)on1
55172,O=C(NC[C@@H]1C[C@@H]2CC[C@H](C1)N2C(=O)c1cc2c(Cl)cccn2n1)c1ccns1,"4-chloro-2-((1R,5S)-3-(((isothiazol-5-carbonyl)amino)methyl)-8-azabicyclo[3.2.1]octan-8-ylcarbonyl)-pyrido[1,2-b]pyrazole",ClC1=CC=CN2N=C(C=C21)C(=O)N2[C@H]1CC(C[C@@H]2CC1)CNC(=O)C1=CC=NS1,O=C(NC[C@H]1C[C@H]2CC[C@@H](C1)N2C(=O)c1cc2c(Cl)cccn2n1)c1ccns1,O=C(NCC1C[C@H]2CC[C@@H](C1)N2C(=O)c1cc2c(Cl)cccn2n1)c1ccns1
55204,CSCc1ccc(C(=O)N[C@]2(C)C[C@@H](NC(=O)C[C@@H]3CCCCCO3)C2)o1,2-((((1S)-1-methyl-3-((((2S)-oxepan-2-yl)methylcarbonyl)amino)cyclobutyl)amino)carbonyl)-5-(2-thiapropyl)furan,,CSCc1ccc(C(=O)N[C@]2(C)C[C@@H](NC(=O)C[C@@H]3CCCCCO3)C2)o1,
55226,CCC[C@@H](O)CC(=O)N[C@@H](CC)CNC(=O)[C@]1(NC(=O)OC(C)(C)C)C[C@@H](O)C1,"(3S,7R)-7-hydroxy-5-oxo-3-((((3R)-3-hydroxy-1-(((t-butyl)oxycarbonyl)amino)cyclobutylcarbonyl)amino)methyl)-4-azadecane",,CCC[C@@H](O)CC(=O)N[C@@H](CC)CNC(=O)[C@]1(NC(=O)OC(C)(C)C)C[C@@H](O)C1,
55237,CCS(=O)(=O)N1CC(C(=O)N(C)[C@@H](C)CN(C)C(=O)C=C2CCCCC2(C)C)C1,"1,1-dimethyl-2-(N-((2S)-2-methyl-3-(1-ethylsulfonylazetidin-3-ylcarbonyl)-3-azabutyl)-N-methylcarbamoylmethylidene)cyclohexan",,CCS(=O)(=O)N1CC(C(=O)N(C)[C@@H](C)CN(C)C(=O)C=C2CCCCC2(C)C)C1,
55280,COCCOCC=CC(=O)N[C@@H]1CCCC[C@@H]1CNC(=O)[C@H]1CC[C@@](C)(O)CC1,"1-((((1R,2R)-2-((((4S)-4-hydroxy-4-methylcyclohexylcarbonyl)amino)methyl)cyclohexyl)amino)carbonyl)-4,7-dioxaocten",,COCCOCC=CC(=O)N[C@@H]1CCCC[C@@H]1CNC(=O)C1CCC(C)(O)CC1,
55287,Nc1ncccc1C(=O)NC[C@H]1C[C@](F)(CNC(=O)c2csc(C(F)F)c2)C1,1-((2-amino-3-pyridylcarbonyl)amino)-1-(3-fluoro-3-(((2-difluoromethyl-4-thienylcarbonyl)amino)methyl)cyclobutyl)-methane,NC1=NC=CC=C1C(=O)NCC1CC(C1)(CNC(=O)C=1C=C(SC1)C(F)F)F,Nc1ncccc1C(=O)NC[C@H]1C[C@](F)(CNC(=O)c2csc(C(F)F)c2)C1,Nc1ncccc1C(=O)NCC1CC(F)(CNC(=O)c2csc(C(F)F)c2)C1
55441,CCn1nccc1[C@@H](C)NC(=O)[C@H]1C[C@@H](NC(=O)C[C@H]2CCCC23CC3)C1,"(4R)-4-(2-oxo-3-((1S,3S)-3-((((1R)-1-(1-ethylpyrazol-5-yl)-ethyl)amino)carbonyl)cyclobutyl)-3-azapropyl)-spiro[2.4]heptane",,CCn1nccc1[C@@H](C)NC(=O)C1CC(NC(=O)C[C@H]2CCCC23CC3)C1,
55443,C[C@H](O)[C@@H]1C[C@@H]1C(=O)N[C@H]1C[C@]2(CCCCN2C(=O)[C@]2(C)CCCO2)C1,"(2S,4R)-2-(((1S,2R)-2-((1S)-1-hydroxy-ethyl)cyclopropylcarbonyl)amino)-5-((2S)-2-methyloxolan-2-ylcarbonyl)-5-azaspiro[3.5]nonane",,C[C@H](O)[C@@H]1CC1C(=O)N[C@H]1C[C@]2(CCCCN2C(=O)[C@]2(C)CCCO2)C1,
55463,CCc1cccc(C(=O)N2CCC[C@@](C)(C(=O)N3C[C@H]4[C@H](C)[C@H]4C3)C2)n1,"1-(2-((3R)-3-methyl-3-((1S,5R,6S)-6-methyl-3-azabicyclo[3.1.0]hexane-3-ylcarbonyl)piperidinocarbonyl)-6-pyridyl)-ethane",,CCc1cccc(C(=O)N2CCC[C@@](C)(C(=O)N3C[C@@H]4[C@@H](C)[C@@H]4C3)C2)n1,
55516,Cc1cccc([C@H](C)N=c2[nH]c(=NCCCCC(N)=O)c3[nH]ccc3[nH]2)n1,"2-methyl-6-((1S)-1-(N-(4-((5-oxo-6-azahexyl)imino)pyrimido[4,5-d]pyrrole-2-ylidene)amino)-ethyl)pyridin",CC1=NC(=CC=C1)[C@H](C)N=C1NC(C=2C(C=CN2)=N1)=NCCCCC(N)=O,Cc1cccc([C@H](C)Nc2nc(NCCCCC(N)=O)c3[nH]ccc3n2)n1,Cc1cccc([C@H](C)NC2=NC(=NCCCCC(N)=O)C3=NC=CC3=N2)n1
55560,CCC[C@@H](C(=O)NC[C@H]1C[C@@](F)(CNC(=O)c2coc(Br)c2)C1)C(C)C,(4R)-4-isopropyl-3-oxo-1-((3R)-3-fluoro-3-(((2-bromo-4-furylcarbonyl)amino)methyl)cyclobutyl)-2-azaheptane,,CCCC(C(=O)NC[C@H]1C[C@@](F)(CNC(=O)c2coc(Br)c2)C1)C(C)C,
55680,O=C(NC[C@@H]1C[C@@H]2CC[C@H](C1)N2C(=O)[C@H]1CC1(Cl)Cl)c1cc(O)nc(O)n1,"(1S,3R,5R)-3-(((2,4-dihydroxypyrimidin-6-ylcarbonyl)amino)methyl)-8-((1R)-2,2-dichlorocyclopropylcarbonyl)-8-azabicyclo[3.2.1]octane",,O=C(NC[C@H]1C[C@H]2CC[C@@H](C1)N2C(=O)C1CC1(Cl)Cl)c1cc(=O)[nH]c(=O)[nH]1,
55784,CCCCO[C@H]1C[C@@H](N(C)N(CCOC)CCOc2ccc(F)cc2)C1(C)C,"1-(1R,3S)-3-butoxy-2,2-dimethylcyclobutyl-2-2-(4-fluorophenoxy)ethyl-2-3-oxabutyl-1-methylhydrazine",,CCCCO[C@H]1C[C@@H](N(C)N(CCOC)CCOc2ccc(F)cc2)C1(C)C,
55816,C[C@H]1CCCCN1CCC(=O)N[C@H]1C[C@@H]2C[C@H](C1)CN(C(=O)C1=CCCS1)C2,"(1S,5R)-3-(1-thiacyclopent-2-ene-2-ylcarbonyl)-7-((2-((2S)-2-methylpiperidino)ethylcarbonyl)amino)-3-azabicyclo[3.3.1]nonane",S1C(=CCC1)C(=O)N1C[C@@H]2CC(C[C@H](C1)C2)NC(=O)CCN2[C@H](CCCC2)C,C[C@H]1CCCCN1CCC(=O)N[C@@H]1C[C@H]2C[C@@H](C1)CN(C(=O)C1=CCCS1)C2,C[C@H]1CCCCN1CCC(=O)NC1C[C@@H]2C[C@H](C1)CN(C(=O)C1=CCCS1)C2
55850,CC[C@@H](C)[C@H](CNC(=O)N1C[C@H]2[C@@H](C1)[C@]2(C)C(=O)OC)OC,"(1R,5S,6R)-6-methoxycarbonyl-6-methyl-3-((((3R,2R)-2-methoxy-3-methyl-pentyl)amino)carbonyl)-3-azabicyclo[3.1.0]hexane",,CC[C@@H](C)[C@H](CNC(=O)N1C[C@@H]2[C@H](C1)[C@@]2(C)C(=O)OC)OC,
55868,COC[C@@H](OC)C(=O)N[C@H]1C[C@@](F)(CNC(=O)c2cc(Br)c(F)cc2C)C1,4-bromo-5-fluoro-2-(((((1R)-1-fluoro-3-(((1R)-1-methoxy-3-oxabutylcarbonyl)amino)cyclobutyl)methyl)amino)carbonyl)toluene,,COCC(OC)C(=O)N[C@H]1C[C@@](F)(CNC(=O)c2cc(Br)c(F)cc2C)C1,
55898,Cc1conc1C(=O)N[C@H]1C[C@@](C)(NC(=O)c2cnc(C3CC3)nc2C)C1,2-cyclopropyl-4-methyl-5-(((1-methyl-3-((4-methylisooxazol-3-ylcarbonyl)amino)cyclobutyl)amino)carbonyl)pyrimidin,C1(CC1)C1=NC=C(C(=N1)C)C(=O)NC1(CC(C1)NC(=O)C1=NOC=C1C)C,Cc1conc1C(=O)N[C@H]1C[C@@](C)(NC(=O)c2cnc(C3CC3)nc2C)C1,Cc1conc1C(=O)NC1CC(C)(NC(=O)c2cnc(C3CC3)nc2C)C1
55933,CC[C@@H](O)[C@H](C)C(=O)NC1(C)CCC(NC(=O)c2cc3n(n2)CCNC3=O)CC1,"2-(((4-methyl-4-(((2S,3R)-3-hydroxy-pentan-2-ylcarbonyl)amino)cyclohexyl)amino)carbonyl)-4,5,6,7-tetrahydropyrazolo[1,5-a]pyrazin-4(5H)-one",,CC[C@@H](O)C(C)C(=O)NC1(C)CCC(NC(=O)c2cc3n(n2)CCNC3=O)CC1,
55948,C#CCOCCOCCOCC(=O)N(C)[C@H]1[C@@H]2CN(C(=O)COCCCC)C[C@@H]21,"(1R,5S)-3-butoxymethylcarbonyl-6-(N-((2-((2-((propargyl)oxy)ethyl)oxy)ethyl)oxymethylcarbonyl)-N-methylamino)-3-azabicyclo[3.1.0]hexane",C(CCC)OCC(=O)N1C[C@@H]2C([C@@H]2C1)N(C)C(=O)COCCOCCOCC#C,C#CCOCCOCCOCC(=O)N(C)[C@H]1[C@@H]2CN(C(=O)COCCCC)C[C@@H]21,C#CCOCCOCCOCC(=O)N(C)C1[C@H]2CN(C(=O)COCCCC)C[C@@H]12
56049,O=C(CC[C@H]1C[C@@H](NC(=O)[C@H]2CCC[C@H]2F)C1)N[C@H]1CO[C@@H](C2CC2)C1,"(1R,2R)-1-fluoro-2-((((1R,3S)-3-(3-oxo-4-((2R,4R)-2-cyclopropyloxolan-4-yl)-4-azabutyl)cyclobutyl)amino)carbonyl)cyclopentane",,O=C(CC[C@H]1C[C@@H](NC(=O)C2CCC[C@H]2F)C1)N[C@H]1CO[C@@H](C2CC2)C1,
56050,CO[C@H]1C[C@H](CNC(=O)[C@H]2CC[C@@](C)(F)CC2)N(C(=O)CCc2ccc(Cl)s2)C1,"(2R,4S)-4-methoxy-1-(2-(2-chloro-5-thienyl)ethylcarbonyl)-2-((((4S)-4-fluoro-4-methylcyclohexylcarbonyl)amino)methyl)pyrrolidin",,CO[C@H]1C[C@H](CNC(=O)C2CCC(C)(F)CC2)N(C(=O)CCc2ccc(Cl)s2)C1,
56181,Cc1cc(C)nc(N(C(=O)c2n[nH]c3c(C)cccc23)[C@H]2C[C@@H]3CC[C@H](C2)N3)n1,"(1S,5R)-3-(N-(4,6-dimethylpyrimidin-2-yl)-N-(5-methyl-7,8-diazabicyclo[4.3.0]nona-1(2),3(4),5(6),8(9)-tetraen-9-ylcarbonyl)amino)-8-azabicyclo[3.2.1]octane",CC1=NC(=NC(=C1)C)N(C(=O)C1=NNC2=C(C=CC=C12)C)C1C[C@@H]2CC[C@H](C1)N2,Cc1cc(C)nc(N(C(=O)c2[nH]nc3c(C)cccc23)[C@@H]2C[C@H]3CC[C@@H](C2)N3)n1,Cc1cc(C)nc(N(C(=O)c2[nH]nc3c(C)cccc23)C2C[C@H]3CC[C@@H](C2)N3)n1
56210,COC[C@](N)(C(=O)N=c1[nH][nH]c2cc(O)ccc12)c1ccccc1,((1S)-1-amino-1-(((6-hydroxyindazol-3-ylidene)amino)carbonyl)-3-oxabutyl)benzene,N[C@@](COC)(C(=O)N=C1N=NC2=CC(=CC=C12)O)C1=CC=CC=C1,COC[C@](N)(C(=O)Nc1[nH]nc2cc(O)ccc12)c1ccccc1,COC[C@](N)(C(=O)N=C1N=Nc2cc(O)ccc21)c1ccccc1
56227,C=CC1(CN=c2[nH]c(=NCc3cc(C)cnc3O)c3[nH]ccc3[nH]2)CCOCC1,"4-((N-(4-((1-(2-hydroxy-5-methyl-3-pyridyl)-methyl)imino)pyrimido[4,5-d]pyrrole-2-ylidene)amino)methyl)-4-(ethen-1-yl)oxan",OC1=NC=C(C=C1CN=C1NC(N=C2C=CN=C21)=NCC2(CCOCC2)C=C)C,C=CC1(CNc2nc(NCc3cc(C)c[nH]c3=O)c3[nH]ccc3n2)CCOCC1,C=CC1(CNC2=NC(=NCc3cc(C)c[nH]c3=O)C3=NC=CC3=N2)CCOCC1
56302,C=C1CC([C@@H](NCC2C[C@@H]3CC[C@H](C2)S3(=O)=O)c2nnnn2Cc2cccs2)C1,"(1S,5R,R)-8,8-dioxo-3-((((1-((2-thienyl)methyl)tetrazol-5-yl)(3-methylidenecyclobutyl)methyl)amino)methyl)-8-thiabicyclo[3.2.1]octane",,C=C1CC([C@@H](NCC2C[C@H]3CC[C@@H](C2)S3(=O)=O)c2nnnn2Cc2cccs2)C1,
56364,CCC1(C(=O)NC[C@@H]2C[C@H]3CC[C@H]2N(C(=O)[C@H](F)C(F)(F)F)C3)CCC1,"1-(1-(((((1R,4R,8S)-2-((1S)-1-fluoro-1-trifluoromethyl-methylcarbonyl)-2-azabicyclo[2.2.2]octane-8-yl)methyl)amino)carbonyl)cyclobutyl)-ethane",F[C@@H](C(=O)N1[C@@H]2CC[C@@H](C1)[C@H](C2)CNC(=O)C2(CCC2)CC)C(F)(F)F,CCC1(C(=O)NC[C@@H]2C[C@H]3CC[C@H]2N(C(=O)C(F)C(F)(F)F)C3)CCC1,CCC1(C(=O)NC[C@H]2C[C@H]3CC[C@H]2CN3C(=O)C(F)C(F)(F)F)CCC1
56368,CCN1CCOC[C@@H]1C(=O)NC[C@]1(F)C[C@H](CNC(=O)C[C@@H]2CCCC[C@H]2O)C1,"2-oxo-1-((1S,2R)-2-hydroxycyclohexyl)-4-((1R,3S)-3-fluoro-3-((((3R)-4-ethylmorpholin-3-ylcarbonyl)amino)methyl)cyclobutyl)-3-azabutane",,CCN1CCOCC1C(=O)NC[C@]1(F)C[C@H](CNC(=O)C[C@@H]2CCCC[C@H]2O)C1,
56381,N#C[C@@]1(C(=O)N2[C@H]3CC[C@@H]2C[C@H](CNC(=O)CCCCC(F)(F)F)C3)CCCO1,"(1S,3R,5R)-3-(((5,5,5-trifluoropentylcarbonyl)amino)methyl)-8-((2R)-2-cyanooxolan-2-ylcarbonyl)-8-azabicyclo[3.2.1]octane",,N#C[C@@]1(C(=O)N2[C@@H]3CC[C@H]2C[C@@H](CNC(=O)CCCCC(F)(F)F)C3)CCCO1,
56397,CNC(=O)[C@@H]1[C@H]2CN(C(=O)[C@@H]3CN(C(=O)[C@@H]4CCOCC4(C)C)C[C@H]3OC)C[C@H]21,"(1S,5R,6R)-6-methylcarbamyl-3-((3S,4R)-3-methoxy-1-((4R)-3,3-dimethyloxan-4-ylcarbonyl)pyrrolidin-4-ylcarbonyl)-3-azabicyclo[3.1.0]hexane",,CNC(=O)C1[C@H]2CN(C(=O)C3CN(C(=O)C4CCOCC4(C)C)C[C@H]3OC)C[C@@H]12,
56448,CCNC(=O)[C@@H]([C@H]1C[C@@H]2C[C@@H]2C1)N1CCN(CC(=O)OC)CC1,"(1S,5R)-3-((1R)-2-oxo-1-(4-(2-oxo-3-oxabutyl)piperazino)-3-azapentyl)-bicyclo[3.1.0]hexane",O=C([C@H](N1CCN(CC1)CC(OC)=O)C1C[C@@H]2C[C@@H]2C1)NCC,CCNC(=O)C([C@H]1C[C@@H]2C[C@@H]2C1)N1CCN(CC(=O)OC)CC1,CCNC(=O)C(C1C[C@@H]2C[C@@H]2C1)N1CCN(CC(=O)OC)CC1
56537,COC(=O)CS(=O)(=O)CC(=O)N1C[C@H]2[C@H](CN(C)C(=O)[C@@H](C)n3cccn3)[C@H]2C1,"(1S,5R)-3-(2,2,4-trioxo-5-oxa-2-thiahexylcarbonyl)-6-((N-((1R)-1-(pyrazol-1-yl)-ethylcarbonyl)-N-methylamino)methyl)-3-azabicyclo[3.1.0]hexane",O=S(CC(=O)N1C[C@H]2C([C@H]2C1)CN(C)C(=O)[C@@H](C)N1N=CC=C1)(CC(OC)=O)=O,COC(=O)CS(=O)(=O)CC(=O)N1C[C@@H]2[C@@H](CN(C)C(=O)C(C)n3cccn3)[C@@H]2C1,COC(=O)CS(=O)(=O)CC(=O)N1C[C@@H]2C(CN(C)C(=O)C(C)n3cccn3)[C@@H]2C1
56561,COc1c(Cl)ccnc1C(=O)N1[C@H]2CC[C@@H]1C[C@H](NC(=O)[C@@H]1CCC=CO1)C2,"4-chloro-3-methoxy-2-((1R,5S)-3-(((2S)-1-oxacyclohex-5-ene-2-ylcarbonyl)amino)-8-azabicyclo[3.2.1]octan-8-ylcarbonyl)pyridin",ClC1=C(C(=NC=C1)C(=O)N1[C@H]2CC(C[C@@H]1CC2)NC(=O)[C@H]2OC=CCC2)OC,COc1c(Cl)ccnc1C(=O)N1[C@@H]2CC[C@H]1C[C@@H](NC(=O)C1CCC=CO1)C2,COc1c(Cl)ccnc1C(=O)N1[C@@H]2CC[C@H]1CC(NC(=O)C1CCC=CO1)C2
56593,C[C@H](C(=O)N(C)CCOCCNC(=O)[C@@H]1CCOC1)[C@H]1CCCO1,"(S,R)-2-(1-methyl-2-oxo-3-(2-((2-(((3R)-oxolan-3-ylcarbonyl)amino)ethyl)oxy)ethyl)-3-azabutyl)oxolan",C[C@@H](C(N(C)CCOCCNC(=O)[C@H]1COCC1)=O)[C@H]1OCCC1,CC(C(=O)N(C)CCOCCNC(=O)C1CCOC1)[C@H]1CCCO1,CC(C(=O)N(C)CCOCCNC(=O)C1CCOC1)[C@@H]1CCCO1
56597,CCc1noc(CC)c1CN=c1[nH]c(=NC[C@H]2CC2(F)F)[nH]c2cc[nH]c12,"2-((1-((1R)-2,2-difluorocyclopropyl)-methyl)imino)-4-((1-(3,5-diethylisooxazol-4-yl)-methyl)imino)-pyrimido[5,4-b]pyrrole",FC1([C@H](C1)CN=C1NC(C2=NC=CC2=N1)=NCC=1C(=NOC1CC)CC)F,CCc1noc(CC)c1CNc1nc(NC[C@H]2CC2(F)F)nc2cc[nH]c12,CCc1noc(CC)c1CN=C1N=C(NC[C@H]2CC2(F)F)N=C2C=CN=C21
56608,CCn1cc(CC(=O)NCCSCc2cn(C[C@H]3C[C@@H]4C[C@@H]4C3)nn2)cn1,"(1S,5R)-3-((4-(6-oxo-7-(1-ethylpyrazol-4-yl)-5-aza-2-thiaheptyl)-1,2,3-triazol-1-yl)methyl)-bicyclo[3.1.0]hexane",O=C(NCCSCC=1N=NN(C1)CC1C[C@@H]2C[C@@H]2C1)CC=1C=NN(C1)CC,CCn1cc(CC(=O)NCCSCc2cn(C[C@H]3C[C@@H]4C[C@@H]4C3)nn2)cn1,CCn1cc(CC(=O)NCCSCc2cn(CC3C[C@@H]4C[C@@H]4C3)nn2)cn1
56732,CN(C)[C@H]1C[C@H](C(=O)N2CC[C@H](N3CCC(NC(=O)[C@H]4C[C@@](C)(O)C4)CC3)C2)C1,1-((3S)-1-((trans)-3-(dimethylamino)cyclobutylcarbonyl)pyrrolidin-3-yl)-4-(((3R)-3-hydroxy-3-methylcyclobutylcarbonyl)amino)piperidin,,CN(C)C1CC(C(=O)N2CC[C@H](N3CCC(NC(=O)C4CC(C)(O)C4)CC3)C2)C1,
57023,CN(C[C@@H](O)CNC(=O)C=Cc1nccs1)C(=O)C12CC(C)(C1)OC21CCC1,,,CN(C[C@@H](O)CNC(=O)C=Cc1nccs1)C(=O)C12CC(C)(C1)OC21CCC1,
57049,Cc1conc1CC(=O)N[C@H]1C[C@](F)(CNC(=O)[C@@H]2CCCN3CCCC[C@H]23)C1,"(1R,9aR)-1-(((((3S)-1-fluoro-3-(((4-methylisooxazol-3-yl)methylcarbonyl)amino)cyclobutyl)methyl)amino)carbonyl)quinolizidin",,Cc1conc1CC(=O)N[C@H]1C[C@](F)(CNC(=O)C2CCCN3CCCC[C@H]23)C1,
57104,COc1ccc(C(=O)N[C@@H](C)CNC(=O)[C@H]2CC[C@@](C)(F)CC2)c(N)c1Br,(2S)-1-(((4R)-4-fluoro-4-methylcyclohexylcarbonyl)amino)-2-((2-amino-3-bromo-4-methoxybenzoyl)amino)propane,,COc1ccc(C(=O)N[C@@H](C)CNC(=O)C2CCC(C)(F)CC2)c(N)c1Br,
57148,C[C@@H](C(=O)N[C@H]1C[C@@H](CCNC(=O)[C@@]2(C)CCOC2)C1)c1cc2ccccc2s1,"(S)-2-(1-methyl-2-oxo-3-((1S,3R)-3-(2-(((3S)-3-methyloxolan-3-ylcarbonyl)amino)ethyl)cyclobutyl)-3-azapropyl)-thieno[2,3-a]benzene",,CC(C(=O)N[C@H]1C[C@@H](CCNC(=O)[C@@]2(C)CCOC2)C1)c1cc2ccccc2s1,
57152,C#CCCCC(=O)N[C@@H]1C[C@H]2CC[C@@H]1C[C@H]2NC(=O)c1ncc(F)cn1,"(1R,3R,4R,8R)-3-((4-pentyn-1-ylcarbonyl)amino)-8-((5-fluoropyrimidin-2-ylcarbonyl)amino)-bicyclo[2.2.2]octane",C(CCC#C)C(=O)N[C@@H]1C[C@H]2CC[C@H]1[C@@H](C2)NC(=O)C2=NC=C(C=N2)F,C#CCCCC(=O)N[C@@H]1C[C@H]2CC[C@@H]1C[C@H]2NC(=O)c1ncc(F)cn1,C#CCCCC(=O)N[C@@H]1C[C@H]2CC[C@H]1[C@H](NC(=O)c1ncc(F)cn1)C2
57199,COC(=O)[C@@H]1C(F)(F)[C@]12C[C@H](C(=O)NC1CN(C(=O)[C@H]3CCCCNC3=O)C1)C2,"(1R,3S,5R)-2,2-difluoro-1-methoxycarbonyl-5-(((1-((3S)-2-oxoazepan-3-ylcarbonyl)azetidin-3-yl)amino)carbonyl)-spiro[2.3]hexane",,COC(=O)C1C(F)(F)C12CC(C(=O)NC1CN(C(=O)C3CCCCNC3=O)C1)C2,
57224,C#CC[C@]1(O)C[C@@H](C(=O)N[C@@H](CC)CNC(=O)CCCCOCC)C1,(3S)-6-oxo-3-(((3R)-3-hydroxy-3-propargylcyclobutylcarbonyl)amino)-5-aza-11-oxatridecane,,C#CCC1(O)CC(C(=O)N[C@@H](CC)CNC(=O)CCCCOCC)C1,
57413,CC(=O)c1cccc(C(=O)N2CC3(C2)OC2(C)CC3(NC(=O)CCC(N)=O)C2)c1,,,CC(=O)c1cccc(C(=O)N2CC3(C2)OC2(C)CC3(NC(=O)CCC(N)=O)C2)c1,
57425,O=C(OCc1ccc2c(c1)CC2)[C@@H]1CSC(c2cccs2)=N1,1-oxo-1-((4R)-2-(2-thienyl)-3-aza-1-thiacyclopent-2-ene-4-yl)-3-(benzocyclobutene-6-yl)-2-oxapropane,O=C(OCC1=CC=CC2=C1C=C2)[C@H]2N=C(SC2)C=2SC=CC2,O=C(OCc1ccc2c(c1)CC2)C1CSC(c2cccs2)=N1,O=C(OCc1cccc2c1C=C2)C1CSC(c2cccs2)=N1
57471,CCc1nc(C)c(CNc2[nH]c(=NC3CCS(=O)(=O)CC3)nc3c2ncn3C)o1,"4-(N-(9-methyl-6-(((2-ethyl-4-methyloxazol-5-yl)methyl)amino)purin-2-ylidene)amino)-1lambda6-thiane 1,1-dioxide",,CCc1nc(C)c(CNc2nc(NC3CCS(=O)(=O)CC3)nc3c2ncn3C)o1,
57570,CCC(=O)N1C[C@H]2[C@H](CNC(=O)CNC(=O)N[C@@H](C)c3ccco3)[C@H]2C1,"(1S,5R)-3-propionyl-6-((((((((1S)-1-(2-furyl)-ethyl)amino)carbonyl)amino)methylcarbonyl)amino)methyl)-3-azabicyclo[3.1.0]hexane",C(CC)(=O)N1C[C@H]2C([C@H]2C1)CNC(=O)CNC(=O)N[C@@H](C)C=1OC=CC1,CCC(=O)N1C[C@@H]2[C@@H](CNC(=O)CNC(=O)N[C@@H](C)c3ccco3)[C@@H]2C1,CCC(=O)N1C[C@@H]2C(CNC(=O)CNC(=O)N[C@@H](C)c3ccco3)[C@@H]2C1
57744,Cc1cc(C(=O)N(C)[C@H]2C[C@@H]3CC[C@H](C2)N3C(=O)C23CCC(CC2)CO3)co1,"1-((1R,5S)-3-(N-(2-methyl-4-furylcarbonyl)-N-methylamino)-8-azabicyclo[3.2.1]octan-8-ylcarbonyl)-2-oxabicyclo[2.2.2]octane",CC=1OC=C(C1)C(=O)N(C)C1C[C@H]2CC[C@@H](C1)N2C(=O)C21OCC(CC2)CC1,Cc1cc(C(=O)N(C)[C@@H]2C[C@H]3CC[C@@H](C2)N3C(=O)C23CCC(CC2)CO3)co1,Cc1cc(C(=O)N(C)C2C[C@H]3CC[C@@H](C2)N3C(=O)C23CCC(CC2)CO3)co1
57754,CCC[C@H](O)CC(=O)N1CCN(C(=O)[C@H]2C[C@](F)(CO)C2)[C@@H](c2ccccn2)C1,(2S)-1-((3R)-3-(2-pyridyl)-4-((3S)-3-fluoro-3-hydroxymethylcyclobutylcarbonyl)piperazinocarbonyl)-2-pentanol,,CCC[C@H](O)CC(=O)N1CCN(C(=O)C2CC(F)(CO)C2)[C@@H](c2ccccn2)C1,
57834,COC(=O)[C@H]1C[C@@H](C(=O)NC[C@H]2[C@@H]3CN(C(=O)C4=NN(C)C(=O)CC4)C[C@H]23)C1,"(1S,5R)-3-(1-methyl-2-oxo-1,6-diazacyclohex-5-en-5-ylcarbonyl)-6-((((cis)-3-methoxycarbonylcyclobutylcarbonyl)amino)methyl)-3-azabicyclo[3.1.0]hexane",CN1C(CCC(=N1)C(=O)N1C[C@H]2C([C@H]2C1)CNC(=O)[C@@H]1C[C@@H](C1)C(=O)OC)=O,COC(=O)C1CC(C(=O)NC[C@@H]2[C@H]3CN(C(=O)C4=NN(C)C(=O)CC4)C[C@@H]23)C1,COC(=O)C1CC(C(=O)NCC2[C@H]3CN(C(=O)C4=NN(C)C(=O)CC4)C[C@@H]23)C1
57897,COC[C@H](C)CC(=O)N[C@H]1C[C@](F)(CNC(=O)c2ncoc2C(F)(F)F)C1,(2R)-2-methyl-1-((((3S)-3-fluoro-3-(((5-trifluoromethyloxazol-4-ylcarbonyl)amino)methyl)cyclobutyl)amino)carbonyl)-4-oxapentane,,COC[C@H](C)CC(=O)N[C@H]1C[C@](F)(CNC(=O)c2ncoc2C(F)(F)F)C1,
57914,CCCC(C)(C)C(=O)NC1CC2(CC(NC(=O)c3cc4n(n3)CCNC4=O)C2)C1,"2-(((2-((2-methyl-pentan-2-ylcarbonyl)amino)spiro[3.3]heptane-6-yl)amino)carbonyl)-4,5,6,7-tetrahydropyrazolo[1,5-a]pyrazin-4(5H)-one",,CCCC(C)(C)C(=O)NC1CC2(CC(NC(=O)c3cc4n(n3)CCNC4=O)C2)C1,
57919,O=C(NC[C@H]1[C@@H]2CN(C(=O)c3ncc(Cl)nc3Cl)C[C@H]12)c1onc2ccccc12,"(1S,5R)-3-(2,6-dichloropyrazin-3-ylcarbonyl)-6-(((7-aza-8-oxabicyclo[4.3.0]nona-1(9),2(3),4(5),6(7)-tetraen-9-ylcarbonyl)amino)methyl)-3-azabicyclo[3.1.0]hexane",ClC1=NC(=CN=C1C(=O)N1C[C@H]2C([C@H]2C1)CNC(=O)C=1ON=C2C=CC=CC12)Cl,O=C(NC[C@@H]1[C@H]2CN(C(=O)c3ncc(Cl)nc3Cl)C[C@@H]12)c1onc2ccccc12,O=C(NCC1[C@H]2CN(C(=O)c3ncc(Cl)nc3Cl)C[C@@H]12)c1onc2ccccc12
57950,CCCC[C@H](O)C(=O)N1C[C@H]2C[C@H](NC(=O)C(C)(C)CN(C)C)C[C@H]2C1,"(1S)-1-((1R,5S,7R)-7-((2-methyl-1-(dimethylamino)-propan-2-ylcarbonyl)amino)-3-azabicyclo[3.3.0]octan-3-ylcarbonyl)pentanol",,CCCCC(O)C(=O)N1C[C@H]2C[C@H](NC(=O)C(C)(C)CN(C)C)C[C@H]2C1,
57961,CN1CCN(C(=O)c2ccc[nH]2)C[C@H]1C(=O)N[C@H]1C[C@@](C)(O)C1,2-((3S)-4-methyl-3-((((3R)-3-hydroxy-3-methylcyclobutyl)amino)carbonyl)piperazinocarbonyl)-1H-pyrrole,,CN1CCN(C(=O)c2ccc[nH]2)CC1C(=O)N[C@H]1C[C@@](C)(O)C1,
57962,C/C=C/C[C@H](CC)C(=O)N1CCC(C)(C)[C@@H](C(=O)N2CC[C@@H]2C(=O)OC)C1,"2-methoxycarbonyl-1-((3R)-4,4-dimethyl-1-((2S)-(3S,5E)-hept-5-en-3-ylcarbonyl)piperidin-3-ylcarbonyl)azetidin",,C/C=C/CC(CC)C(=O)N1CCC(C)(C)C(C(=O)N2CCC2C(=O)OC)C1,
57994,C#CC1(O)CCN([C@H](C)C(=O)N[C@H]2C[C@@](CN)(c3ccccc3)C2)CC1,(R)-4-acetenyl-4-hydroxy-1-(1-methyl-2-oxo-3-((3R)-3-aminomethyl-3-phenylcyclobutyl)-3-azapropyl)piperidin,,C#CC1(O)CCN(C(C)C(=O)N[C@H]2C[C@@](CN)(c3ccccc3)C2)CC1,
58060,COc1ncccc1C(=O)NC[C@@H]1CCCCN1C(=O)C(=O)N=S(C)(C)=O,(2S)-1-(((1-methyl-1-oxo-1-thiaethyl)amino)carbonylcarbonyl)-2-(((2-methoxy-3-pyridylcarbonyl)amino)methyl)piperidin,CS(CNC(=O)C(=O)N1[C@@H](CCCC1)CNC(=O)C=1C(=NC=CC1)OC)=O,COc1ncccc1C(=O)NC[C@@H]1CCCCN1C(=O)C(=O)N=S(C)(C)=O,COc1ncccc1C(=O)NC[C@@H]1CCCCN1C(=O)C(=O)NC[S+](C)[O-]
58091,CCC1=NO[C@@H](C(=O)N[C@H]2C[C@@H](CNC(=O)[C@H](OC)c3cc(F)cc(F)c3)C2)C1,"(4R)-2-ethyl-4-((((1S,3S)-3-((((1R)-1-(3,5-difluorophenyl)-2-oxapropylcarbonyl)amino)methyl)cyclobutyl)amino)carbonyl)-1-aza-5-oxacyclopent-1-en",,CCC1=NOC(C(=O)N[C@H]2C[C@@H](CNC(=O)C(OC)c3cc(F)cc(F)c3)C2)C1,
58129,COC[C@@H]1CN(C(=O)CN2CCCCC2)CCN1C(=O)C#C[C@@H]1CCCO1,(2S)-2-(1-(1-((2S)-2-methoxymethyl-4-piperidinomethylcarbonylpiperazinocarbonyl)-methyl)-methyl)oxolan,COC[C@H]1N(CCN(C1)C(=O)CN1CCCCC1)C(=O)CC[C@H]1OCCC1,COC[C@@H]1CN(C(=O)CN2CCCCC2)CCN1C(=O)C#C[C@@H]1CCCO1,COC[C@@H]1CN(C(=O)CN2CCCCC2)CCN1C(=O)CC[C@@H]1CCCO1
58130,CC(C)C[C@H](F)C(=O)N1C[C@H]2[C@H](NC(=O)c3cc(F)ccc3NS(C)(=O)=O)[C@H]2C1,"(S)-1-fluoro-3-methyl-1-((1S,5R,6R)-6-((5-fluoro-2-mesylaminobenzoyl)amino)-3-azabicyclo[3.1.0]hexane-3-ylcarbonyl)butane",,CC(C)CC(F)C(=O)N1C[C@@H]2[C@H](C1)[C@H]2NC(=O)c1cc(F)ccc1NS(C)(=O)=O,
58168,CC1CC(C)(C(=O)NC[C@]2(F)C[C@@H](CNC(=O)[C@@H]3CCOCC3(C)C)C2)C1,"1-(3-methyl-1-(((((1S)-1-fluoro-3-((((4R)-3,3-dimethyloxan-4-ylcarbonyl)amino)methyl)cyclobutyl)methyl)amino)carbonyl)cyclobutyl)-methane",,CC1CC(C)(C(=O)NC[C@]2(F)C[C@@H](CNC(=O)C3CCOCC3(C)C)C2)C1,
58177,O=C(CSCC(=O)c1ccc(Cl)cc1)N[C@H]1[C@@H]2CN(C(=O)[C@]3(F)CCOC3)C[C@@H]21,"(1S,5R,6R)-3-((3S)-3-fluorooxolan-3-ylcarbonyl)-6-((1-(1-(4-chlorobenzoyl)-methylsulfanyl)-methylcarbonyl)amino)-3-azabicyclo[3.1.0]hexane",,O=C(CSCC(=O)c1ccc(Cl)cc1)N[C@H]1[C@@H]2CN(C(=O)[C@]3(F)CCOC3)C[C@@H]21,
58232,O=C(N[C@H]1C[C@@H]2CN(Cc3c(Br)cccc3[N+](=O)[O-])C[C@@H]2C1)c1ccc(Br)cc1,"(1S,5R)-3-(2-bromo-6-nitrobenzyl)-7-((4-bromobenzoyl)amino)-3-azabicyclo[3.3.0]octane",BrC1=C(CN2C[C@H]3CC(C[C@H]3C2)NC(C2=CC=C(C=C2)Br)=O)C(=CC=C1)[N+](=O)[O-],O=C(N[C@H]1C[C@@H]2CN(Cc3c(Br)cccc3[N+](=O)[O-])C[C@@H]2C1)c1ccc(Br)cc1,O=C(NC1C[C@@H]2CN(Cc3c(Br)cccc3[N+](=O)[O-])C[C@@H]2C1)c1ccc(Br)cc1
58258,CN(C)c1ccc(C(=O)N2C[C@H](F)[C@H](NC(=O)[C@@]3(C)C[C@@H]4C[C@@H]4C3)C2)c(F)c1,"2-(3-fluoro-4-((3R,4S)-4-fluoro-3-(((1S,5R)-3-methylbicyclo[3.1.0]hexane-3-ylcarbonyl)amino)pyrrolidinocarbonyl)phenyl)-2-azapropane",FC=1C=C(C=CC1C(=O)N1C[C@H]([C@H](C1)F)NC(=O)C1(C[C@@H]2C[C@@H]2C1)C)N(C)C,CN(C)c1ccc(C(=O)N2C[C@H](F)[C@H](NC(=O)[C@]3(C)C[C@H]4C[C@H]4C3)C2)c(F)c1,CN(C)c1ccc(C(=O)N2C[C@H](F)[C@H](NC(=O)C3(C)C[C@H]4C[C@H]4C3)C2)c(F)c1
58264,CCc1nnsc1C(=O)N(C)[C@H]1C[C@@H]2CC[C@H](C1)N2C(=O)C1=C[C@H]2CC[C@H]1C2,"(1S,4S)-3-((1R,3R,5S)-3-(N-(4-ethyl-1,2,3-thiadiazol-5-ylcarbonyl)-N-methylamino)-8-azabicyclo[3.2.1]octan-8-ylcarbonyl)norbornen",,CCc1nnsc1C(=O)N(C)[C@@H]1C[C@H]2CC[C@@H](C1)N2C(=O)C1=C[C@H]2CC[C@H]1C2,
58290,Cc1ccc(CN(CCO)S(=O)(=O)c2ccc(C(=O)N3[C@H]4CC[C@@H]3CC4)cc2)s1,4-hydroxy-1-(2-methyl-5-thienyl)-2-(4-(7-azabicyclo[2.2.1]heptan-7-ylcarbonyl)phenylsulfonyl)-2-azabutane,OCCN(CC1=CC=C(S1)C)S(=O)(=O)C1=CC=C(C=C1)C(=O)N1C2CCC1CC2,Cc1ccc(CN(CCO)S(=O)(=O)c2ccc(C(=O)N3[C@H]4CC[C@@H]3CC4)cc2)s1,Cc1ccc(CN(CCO)S(=O)(=O)c2ccc(C(=O)N3C4CCC3CC4)cc2)s1
58354,O=C(N1C[C@H]2[C@@H](C1)[C@@H]2c1cn(CCF)nn1)C1(CC2CCCC2)CCCC1,"1-fluoro-2-(4-((1S,5R)-3-(1-cyclopentylmethylcyclopentylcarbonyl)-3-azabicyclo[3.1.0]hexane-6-yl)-1,2,3-triazol-1-yl)-ethane",FCCN1N=NC(=C1)C1[C@@H]2CN(C[C@H]12)C(=O)C1(CCCC1)CC1CCCC1,O=C(N1C[C@@H]2[C@H](C1)[C@H]2c1cn(CCF)nn1)C1(CC2CCCC2)CCCC1,O=C(N1C[C@@H]2C(c3cn(CCF)nn3)[C@@H]2C1)C1(CC2CCCC2)CCCC1
58430,CO[C@H]1C[C@@H]2CC[C@H](C1)N2C(=O)c1cc(CNC(=O)[C@H](C)n2nccc2C)no1,"(1S,3R,5R)-3-methoxy-8-(3-((((1S)-1-(5-methylpyrazol-1-yl)-ethylcarbonyl)amino)methyl)isoxazol-5-ylcarbonyl)-8-azabicyclo[3.2.1]octane",,CO[C@@H]1C[C@H]2CC[C@@H](C1)N2C(=O)c1cc(CNC(=O)C(C)n2nccc2C)no1,
58441,O=C(N[C@H]1C[C@H]2COC[C@@H](C1)N2C(=O)[C@@H](O)c1cccc(F)c1)C1CC1,"(1S,5R,7R)-7-cyclopropanecarboxamido-9-((1S)-1-(3-fluorophenyl)-2-oxaethylcarbonyl)-9-aza-3-oxabicyclo[3.3.1]nonane",,O=C(N[C@H]1C[C@H]2COC[C@@H](C1)N2C(=O)C(O)c1cccc(F)c1)C1CC1,
58474,CC1(C)[C@H]2C[C@H](C(=O)N[C@H]3C[C@@H](NC(=O)/C=C/c4nc5ccccc5s4)C3)C[C@H]21,"(E)-1-(((1S,5R)-6,6-dimethylbicyclo[3.1.0]hexane-3-ylcarbonyl)amino)-3-((2-(2-benzothiazolyl)-ethen-1-ylcarbonyl)amino)cyclobutane",CC1([C@@H]2CC(C[C@H]12)C(=O)NC1CC(C1)NC(=O)\C=C\C=1SC2=C(N1)C=CC=C2)C,CC1(C)[C@@H]2CC(C(=O)N[C@H]3C[C@@H](NC(=O)/C=C/c4nc5ccccc5s4)C3)C[C@@H]21,CC1(C)[C@@H]2CC(C(=O)NC3CC(NC(=O)/C=C/c4nc5ccccc5s4)C3)C[C@@H]21
58506,O=C1C[C@H](C(=O)NCCC2CC(NC(=O)c3cnn[nH]3)C2)c2ccc(F)cc2N1,"(4S)-7-fluoro-4-(((2-(3-((1H-1,2,3-triazol-5-ylcarbonyl)amino)cyclobutyl)ethyl)amino)carbonyl)-1,2,3,4-tetrahydroquinolin-2(1H)-one",,O=C1CC(C(=O)NCCC2CC(NC(=O)c3c[nH]nn3)C2)c2ccc(F)cc2N1,
58688,NC(=O)c1ccccc1Oc1ccc(NC(=O)N[C@@H](C2CC2)C2(O)COC2)cc1,2-(4-((3S)-((((3-hydroxyoxetan-3-yl)(cyclopropyl)methyl)amino)carbonyl)amino)phenoxy)benzamide,,NC(=O)c1ccccc1Oc1ccc(NC(=O)N[C@@H](C2CC2)C2(O)COC2)cc1,
58696,CO[C@]1(C(=O)N[C@H]2C[C@](O)(C3CCN(C(=O)[C@H](C)C(F)F)CC3)C2)CCSC1,"(2S)-1,1-difluoro-2-(4-((1R,3R)-1-hydroxy-3-(((3S)-3-methoxythiolan-3-ylcarbonyl)amino)cyclobutyl)piperidinocarbonyl)propane",,CO[C@]1(C(=O)N[C@H]2C[C@](O)(C3CCN(C(=O)C(C)C(F)F)CC3)C2)CCSC1,
58740,Cn1cc(NC(=O)[C@]2(NC(=O)C[C@@H]3CC3(C)C)C[C@@H](O)C2)c(O)n1,1-((2S)-1-methyl-2-(2-oxo-3-((3R)-3-hydroxy-1-(((3-hydroxy-1-methylpyrazol-4-yl)amino)carbonyl)cyclobutyl)-3-azapropyl)cyclopropyl)-methane,,Cn1cc(NC(=O)[C@]2(NC(=O)C[C@@H]3CC3(C)C)C[C@@H](O)C2)c(=O)[nH]1,
58743,C[C@H]1[C@@H]2CN(C(=O)C3=CC[C@H]4CC[C@H]3N4C(=O)[C@H]3CCC(=O)N3)C[C@H]12,"(1R,5R)-2-((1S,5R,6S)-6-methyl-3-azabicyclo[3.1.0]hexane-3-ylcarbonyl)-8-((5R)-2-oxopyrrolidin-5-ylcarbonyl)-8-azabicyclo[3.2.1]oct-2(3)-ene",,C[C@@H]1[C@H]2CN(C(=O)C3=CC[C@H]4CC[C@H]3N4C(=O)C3CCC(=O)N3)C[C@@H]12,
58755,C=CC1(CC(=O)NC[C@H]2C[C@H]3CC[C@@H](C2)N3C(=O)CCCN2CCCCC2)CC1,"2-oxo-1-(1-(ethen-1-yl)cyclopropyl)-4-((1R,5S)-8-(3-(piperidino)propylcarbonyl)-8-azabicyclo[3.2.1]octan-3-yl)-3-azabutane",O=C(CC1(CC1)C=C)NCC1C[C@H]2CC[C@@H](C1)N2C(=O)CCCN2CCCCC2,C=CC1(CC(=O)NC[C@H]2C[C@H]3CC[C@@H](C2)N3C(=O)CCCN2CCCCC2)CC1,C=CC1(CC(=O)NCC2C[C@H]3CC[C@@H](C2)N3C(=O)CCCN2CCCCC2)CC1
58757,Cc1cc(=NCc2nc3c(s2)CCC3)[nH]c(N2[C@H]3CC[C@@H]2C[C@H](O)C3)n1,"(1S,5R)-3-hydroxy-8-(4-methyl-6-((1-(2-aza-4-thiabicyclo[3.3.0]octa-1(5),2(3)-dien-3-yl)-methyl)imino)-1,6-dihydropyrimidin-2-yl)-8-azabicyclo[3.2.1]octane",OC1C[C@@H]2CC[C@H](C1)N2C=2NC(C=C(N2)C)=NCC2=NC=1CCCC1S2,Cc1cc(NCc2nc3c(s2)CCC3)nc(N2[C@@H]3CC[C@H]2C[C@@H](O)C3)n1,Cc1cc(NCc2nc3c(s2)CCC3)nc(N2[C@@H]3CC[C@H]2CC(O)C3)n1
58784,C[C@@]1(C(=O)NC[C@H]2C[C@@](F)(CNC(=O)Cc3cc(F)cc(Cl)c3)C2)C[C@@H]1F,"(1S,2S)-2-fluoro-1-methyl-1-(((((3S)-3-fluoro-3-(((3-chloro-5-fluorophenylacetyl)amino)methyl)cyclobutyl)methyl)amino)carbonyl)cyclopropane",,C[C@@]1(C(=O)NC[C@H]2C[C@@](F)(CNC(=O)Cc3cc(F)cc(Cl)c3)C2)C[C@@H]1F,
58822,CS[C@H](CO)[C@H](C)N=c1[nH]c(N(C)Cc2ccccn2)nc2cc[nH]c12,"2-((N-(4-(((2S,1S)-2-hydroxymethyl-1-methyl-3-thiabutyl)imino)pyrimido[4,5-d]pyrrole-2-yl)-N-methylamino)methyl)pyridin",OC[C@H]([C@H](C)N=C1N=C(N=C2C=CN=C21)N(C)CC2=NC=CC=C2)SC,CS[C@H](CO)[C@H](C)Nc1nc(N(C)Cc2ccccn2)nc2cc[nH]c12,CS[C@H](CO)[C@H](C)N=C1N=C(N(C)Cc2ccccn2)N=C2C=CN=C21
58823,C#CC[C@]1(O)C[C@@H](C(=O)N2CCC[C@H]2CN(C)C(=O)c2cccc(CO)c2C)C1,(2S)-1-((3R)-3-hydroxy-3-propargylcyclobutylcarbonyl)-2-((N-(3-hydroxymethyl-2-methylbenzoyl)-N-methylamino)methyl)pyrrolidin,,C#CCC1(O)CC(C(=O)N2CCC[C@H]2CN(C)C(=O)c2cccc(CO)c2C)C1,
58835,C/C=C/C[C@@H](C)C(=O)N[C@H]1CCN(C(=O)Cn2ccc(=O)c([N+](=O)[O-])c2)[C@@H]1CC,"3-nitro-1-(1-((2R,3S)-2-ethyl-3-((2R)-((2R,4E)-hex-4-en-2-ylcarbonyl)amino)pyrrolidinocarbonyl)-methyl)pyridin-4-on",,C/C=C/CC(C)C(=O)N[C@H]1CCN(C(=O)Cn2ccc(=O)c([N+](=O)[O-])c2)[C@@H]1CC,
58871,COc1ccccc1-n1nc(CCO)nc1[C@@H]1CC[C@H]2C[C@H]2CC1,"(1S,7R)-4-(1-(2-methoxyphenyl)-3-(3-oxapropyl)-1,2,4-triazol-5-yl)-bicyclo[5.1.0]octane",COC1=C(C=CC=C1)N1N=C(N=C1C1CC[C@H]2C[C@H]2CC1)CCO,COc1ccccc1-n1nc(CCO)nc1[C@H]1CC[C@@H]2C[C@@H]2CC1,COc1ccccc1-n1nc(CCO)nc1C1CC[C@@H]2C[C@@H]2CC1
58928,COC1(C(=O)N[C@H]2C[C@@](F)(CNC(=O)COc3ccc(C)cc3C)C2)CCCC1,"2-oxo-1-(2,4-dimethylphenoxy)-4-(1-fluoro-3-((1-methoxycyclopentylcarbonyl)amino)cyclobutyl)-3-azabutane",O=C(COC1=C(C=C(C=C1)C)C)NCC1(CC(C1)NC(=O)C1(CCCC1)OC)F,COC1(C(=O)N[C@H]2C[C@@](F)(CNC(=O)COc3ccc(C)cc3C)C2)CCCC1,COC1(C(=O)NC2CC(F)(CNC(=O)COc3ccc(C)cc3C)C2)CCCC1
59013,C#CCC(C)(C)C(=O)N[C@@H]1[C@H]2C[C@H](NC(=O)[C@H](CC)NC(C)=O)C[C@H]21,"(1S,5R,6S)-3-(((1S)-1-ethyl-3-oxo-2-azabutylcarbonyl)amino)-6-((2-methyl-pent-4-yn-2-ylcarbonyl)amino)-bicyclo[3.1.0]hexane",,C#CCC(C)(C)C(=O)N[C@H]1[C@@H]2C[C@@H](NC(=O)C(CC)NC(C)=O)C[C@@H]21,
59014,C=C[C@H](CC)CC(=O)N1[C@H]2CC[C@@H]1C[C@@H](NC(=O)CCCCCC#N)C2,"(3R)-3-(1-((1R,3S,5S)-3-((5-cyanopentylcarbonyl)amino)-8-azabicyclo[3.2.1]octan-8-ylcarbonyl)-methyl)penten",,C=C[C@H](CC)CC(=O)N1[C@@H]2CC[C@H]1C[C@H](NC(=O)CCCCCC#N)C2,
59028,CC[C@H](CN(C)C(=O)c1ccc(OC)cc1C)NC(=O)[C@H]1C[C@@H]2CC[C@H](C1)[C@@H]2O,"(1S,5R,8R)-8-hydroxy-3-((((1R)-1-ethyl-3-(4-methoxy-2-methylbenzoyl)-3-azabutyl)amino)carbonyl)-bicyclo[3.2.1]octane",,CC[C@H](CN(C)C(=O)c1ccc(OC)cc1C)NC(=O)C1C[C@H]2CC[C@@H](C1)[C@H]2O,
59034,CCCC[C@H](CNC(=O)[C@]1(COC)CC=CCC1)NC(=O)[C@@H](O)c1cncn1C,"(R,S)-1-methyl-5-(1-hydroxy-2-oxo-4-((((1S)-1-methoxymethylcyclohex-3-en-1-ylcarbonyl)amino)methyl)-3-azaoctyl)imidazol",CN1C=NC=C1[C@H](C(N[C@@H](CCCC)CNC(=O)[C@@]1(CC=CCC1)COC)=O)O,CCCC[C@H](CNC(=O)[C@]1(COC)CC=CCC1)NC(=O)C(O)c1cncn1C,CCCC[C@@H](CNC(=O)[C@]1(COC)CC=CCC1)NC(=O)C(O)c1cncn1C
59052,CO[C@H]1CCC[C@@H](CC(=O)NC[C@]2(F)C[C@H](NC(=O)c3ccc(CO)cc3)C2)C1,"2-oxo-1-((1R,3S)-3-methoxycyclohexyl)-4-((3R)-1-fluoro-3-((4-hydroxymethylbenzoyl)amino)cyclobutyl)-3-azabutane",,CO[C@H]1CCC[C@@H](CC(=O)NC[C@]2(F)C[C@H](NC(=O)c3ccc(CO)cc3)C2)C1,
59061,CN1CCO[C@@H](C(=O)N2CC[C@H]3[C@H](CCN3C(=O)[C@H]3CC[C@@](C)(F)CC3)C2)C1,"(1R,6S)-3-((2R)-4-methylmorpholin-2-ylcarbonyl)-7-((4R)-4-fluoro-4-methylcyclohexylcarbonyl)-3,7-diazabicyclo[4.3.0]nonane",,CN1CCOC(C(=O)N2CC[C@H]3[C@H](CCN3C(=O)C3CCC(C)(F)CC3)C2)C1,
59115,C[C@@](O)(CC(F)F)C(=O)NC[C@H]1CC[C@H](NC(=O)[C@H]2CCCC3(CCC3)O2)CC1,"(6R)-6-((((1R,4R)-4-((((2R)-4,4-difluoro-2-hydroxy-butan-2-ylcarbonyl)amino)methyl)cyclohexyl)amino)carbonyl)-5-oxaspiro[3.5]nonane",,C[C@@](O)(CC(F)F)C(=O)NC[C@H]1CC[C@H](NC(=O)C2CCCC3(CCC3)O2)CC1,
59148,CC[C@@H](C)CCC(=O)N[C@]1(C(=O)Nc2cnn(CC)c2)C[C@H](O)C1,(3R)-3-methyl-1-((((3S)-3-hydroxy-1-(((1-ethylpyrazol-4-yl)amino)carbonyl)cyclobutyl)amino)carbonyl)pentane,,CC[C@@H](C)CCC(=O)N[C@]1(C(=O)Nc2cnn(CC)c2)C[C@H](O)C1,
59152,CC1=N[C@@H](C(=O)N[C@H]2C[C@H](CNC(=O)[C@@H](F)Cc3ccccc3)C2)CS1,"(4S)-2-methyl-4-((((1S,3S)-3-((((1S)-1-fluoro-2-phenyl-ethylcarbonyl)amino)methyl)cyclobutyl)amino)carbonyl)-3-aza-1-thiacyclopent-2-en",,CC1=NC(C(=O)N[C@H]2C[C@H](CNC(=O)C(F)Cc3ccccc3)C2)CS1,
59160,CS(C)(=O)=NC(=O)C(=O)N1CCCN(C(=O)C2CCC3(CCC3)CC2)CC1,"7-(4-(((1-methyl-1-oxo-1-thiaethyl)amino)carbonylcarbonyl)-1,4-diazacycloheptan-1-ylcarbonyl)-spiro[3.5]nonane",CS(CNC(=O)C(=O)N1CCN(CCC1)C(=O)C1CCC2(CCC2)CC1)=O,CS(C)(=O)=NC(=O)C(=O)N1CCCN(C(=O)C2CCC3(CCC3)CC2)CC1,C[S+]([O-])CNC(=O)C(=O)N1CCCN(C(=O)C2CCC3(CCC3)CC2)CC1
59279,CC[C@@H](C(=O)N[C@H]1C[C@@](CNC(=O)C(C)(F)F)(c2ccccc2)C1)[C@H](C)O,"4,4-difluoro-3-oxo-1-((1R)-1-phenyl-3-(((2S,3R)-2-hydroxy-pentan-3-ylcarbonyl)amino)cyclobutyl)-2-azapentane",,CCC(C(=O)N[C@H]1C[C@@](CNC(=O)C(C)(F)F)(c2ccccc2)C1)[C@H](C)O,
59296,CC/C=C/C[C@@H](C)C(=O)Nc1cccc(CNC(=O)c2cc(CO)on2)c1,"5-hydroxymethyl-3-(((3-((2R)-((2R,4E)-hept-4-en-2-ylcarbonyl)amino)benzyl)amino)carbonyl)isooxazol",,CC/C=C/CC(C)C(=O)Nc1cccc(CNC(=O)c2cc(CO)on2)c1,
59304,COC(=O)C1=NO[C@@H](C(=O)N2[C@H]3CC[C@@H]2C[C@H](NC(=O)c2cnsn2)C3)C1,"(1S,3R,5R)-3-((1,2,5-thiadiazol-3-ylcarbonyl)amino)-8-((4R)-2-methoxycarbonyl-1-aza-5-oxacyclopent-1-ene-4-ylcarbonyl)-8-azabicyclo[3.2.1]octane",,COC(=O)C1=NOC(C(=O)N2[C@@H]3CC[C@H]2C[C@@H](NC(=O)c2cnsn2)C3)C1,
59316,C[C@H](CC(=O)NC[C@]1(F)C[C@H](NC(=O)c2cc(Br)cs2)C1)n1cccc1,(5R)-3-oxo-1-((3R)-1-fluoro-3-((3-bromo-5-thienylcarbonyl)amino)cyclobutyl)-5-(1H-pyrrol-1-yl)-2-azahexane,,C[C@H](CC(=O)NC[C@]1(F)C[C@H](NC(=O)c2cc(Br)cs2)C1)n1cccc1,
59327,COC(=O)[C@H](OC)C(=O)N1C[C@H]2[C@H](NC(=O)c3cc(OC)ns3)[C@H]2C1,"(1S,5R,6S)-3-((1R)-1-methoxy-2-oxo-3-oxabutylcarbonyl)-6-((3-methoxyisothiazol-5-ylcarbonyl)amino)-3-azabicyclo[3.1.0]hexane",,COC(=O)C(OC)C(=O)N1C[C@@H]2[C@H](C1)[C@H]2NC(=O)c1cc(OC)ns1,
59346,CCCCC(CCCC)C(=O)N1C[C@H]2[C@H](NC(=O)[C@H]3CCN(C)C3=O)[C@H]2C1,"(1S,5R)-3-(nonan-5-ylcarbonyl)-6-(((3R)-1-methyl-2-oxopyrrolidin-3-ylcarbonyl)amino)-3-azabicyclo[3.1.0]hexane",CCCCC(CCCC)C(=O)N1C[C@H]2C([C@H]2C1)NC(=O)[C@@H]1C(N(CC1)C)=O,CCCCC(CCCC)C(=O)N1C[C@@H]2[C@H](C1)[C@H]2NC(=O)C1CCN(C)C1=O,CCCCC(CCCC)C(=O)N1C[C@@H]2C(NC(=O)C3CCN(C)C3=O)[C@@H]2C1
59350,COc1ccc(CNC(=O)C(C)=C2CCCC2)c(C(F)(F)F)c1,1-((((4-methoxy-2-trifluoromethylbenzyl)amino)carbonyl)methylmethylidene)cyclopentan,COC1=CC(=C(CNC(=O)CC=C2CCCC2)C=C1)C(F)(F)F,COc1ccc(CNC(=O)C(C)=C2CCCC2)c(C(F)(F)F)c1,COc1ccc(CNC(=O)CC=C2CCCC2)c(C(F)(F)F)c1
59367,CO[C@@H](CC(C)(C)C)C(=O)N1C[C@H]2C=C[C@H]1[C@H](C(=O)NCCCc1nc[nH]n1)C2,"(1S,4R,8R)-2-((1S)-1-methoxy-3,3-dimethyl-butylcarbonyl)-8-(((3-(1H-1,2,4-triazol-3-yl)propyl)amino)carbonyl)-2-azabicyclo[2.2.2]oct-5(6)-ene",CO[C@@H](CC(C)(C)C)C(=O)N1[C@@H]2C=C[C@@H](C1)[C@@H](C2)C(=O)NCCCC2=NNC=N2,COC(CC(C)(C)C)C(=O)N1C[C@H]2C=C[C@H]1C(C(=O)NCCCc1nc[nH]n1)C2,COC(CC(C)(C)C)C(=O)N1C[C@@H]2C=C[C@@H]1CC2C(=O)NCCCc1nc[nH]n1
59376,CCN(CC1(O)CCC1)C(=O)[C@H]1C[C@H]2C=C[C@H]1N(C(=O)c1cc(C)c(C)nn1)C2,"(1R,4S,8S)-2-(3,4-dimethylpyridazin-6-ylcarbonyl)-8-(N-((1-hydroxycyclobutyl)methyl)-N-ethylcarbamoyl)-2-azabicyclo[2.2.2]oct-5(6)-ene",CC=1N=NC(=CC1C)C(=O)N1[C@H]2C=C[C@H](C1)[C@H](C2)C(N(CC)CC2(CCC2)O)=O,CCN(CC1(O)CCC1)C(=O)C1C[C@H]2C=C[C@H]1N(C(=O)c1cc(C)c(C)nn1)C2,CCN(CC1(O)CCC1)C(=O)C1C[C@@H]2C=C[C@@H]1CN2C(=O)c1cc(C)c(C)nn1
59400,C[C@H]1CCC[C@@H]1C(=O)N1[C@H]2CC[C@@H]1C[C@H](NC(=O)c1coc(C(F)F)c1)C2,"1-((1S,2S)-2-((1R,3S,5S)-3-((2-difluoromethyl-4-furylcarbonyl)amino)-8-azabicyclo[3.2.1]octan-8-ylcarbonyl)cyclopentyl)-methane",,C[C@H]1CCCC1C(=O)N1[C@@H]2CC[C@H]1C[C@@H](NC(=O)c1coc(C(F)F)c1)C2,
59427,COCC[C@H](C)NC(=O)[C@H]1CC[C@H](CNC(=O)[C@@H]2CN(C)C(=O)N2)CC1,"(2S)-2-(((1S,4S)-4-((((4S)-1-methyl-2-oxoimidazolidin-4-ylcarbonyl)amino)methyl)cyclohexylcarbonyl)amino)-5-oxahexane",,COCC[C@H](C)NC(=O)C1CCC(CNC(=O)C2CN(C)C(=O)N2)CC1,
59428,CCCCCCCCC(=O)N[C@@H]1CC[C@](C)(CNC(=O)[C@@H](C)O[C@H]2CCOC2)C1,"(R,S)-3-((1-methyl-2-oxo-4-((1S,3R)-1-methyl-3-(nonanoylamino)cyclopentyl)-3-azabutyl)oxy)oxolan",C[C@@H](C(NC[C@@]1(C[C@@H](CC1)NC(CCCCCCCC)=O)C)=O)O[C@H]1COCC1,CCCCCCCCC(=O)N[C@@H]1CC[C@](C)(CNC(=O)C(C)O[C@H]2CCOC2)C1,CCCCCCCCC(=O)N[C@@H]1CC[C@](C)(CNC(=O)C(C)O[C@@H]2CCOC2)C1
59444,CN1CCOC[C@@H]1C(=O)NC[C@]1(F)C[C@@H](CNC(=O)COc2ccc(F)nc2)C1,2-oxo-1-((2-fluoro-5-pyridyl)oxy)-4-((1S)-3-fluoro-3-((((3R)-4-methylmorpholin-3-ylcarbonyl)amino)methyl)cyclobutyl)-3-azabutane,,CN1CCOCC1C(=O)NC[C@]1(F)C[C@@H](CNC(=O)COc2ccc(F)nc2)C1,
59455,C[C@@H](CN(C)C(=O)c1ccc2nnc(C3CC3)n2c1)NC(=O)[C@H]1C[C@@](C)(O)C1,"(S)-9-cyclopropyl-3-(N-(2-(((3R)-3-hydroxy-3-methylcyclobutylcarbonyl)amino)-propyl)-N-methylcarbamoyl)-1,7,8-triazabicyclo[4.3.0]nona-2(3),4(5),6(7),8(9)-tetraene",,C[C@@H](CN(C)C(=O)c1ccc2nnc(C3CC3)n2c1)NC(=O)C1CC(C)(O)C1,
59508,Cn1ncnc1CCC(=O)N[C@@H]1CS(=O)(=O)C[C@H]1NC(=O)[C@]1(C)C[C@@H]2C[C@@H]2C1,"(1S,5R)-3-methyl-3-((((3S,4S)-1,1-dioxo-3-((2-(1-methyl-1,2,4-triazol-5-yl)ethylcarbonyl)amino)thiolan-4-yl)amino)carbonyl)-bicyclo[3.1.0]hexane",CC1(C[C@@H]2C[C@@H]2C1)C(=O)N[C@H]1[C@@H](CS(C1)(=O)=O)NC(=O)CCC1=NC=NN1C,Cn1ncnc1CCC(=O)N[C@@H]1CS(=O)(=O)C[C@H]1NC(=O)[C@@]1(C)C[C@H]2C[C@H]2C1,Cn1ncnc1CCC(=O)N[C@@H]1CS(=O)(=O)C[C@H]1NC(=O)C1(C)C[C@H]2C[C@H]2C1
59517,CC(C)[C@H](C(=O)N(C)C[C@H]1[C@@H]2CN(C(=O)C3=CSCS3)C[C@H]12)c1ccccc1,"(1S,5R)-3-(1,3-dithiacyclopent-4-en-4-ylcarbonyl)-6-((N-((1S)-2-methyl-1-phenyl-propylcarbonyl)-N-methylamino)methyl)-3-azabicyclo[3.1.0]hexane",S1CSC(=C1)C(=O)N1C[C@H]2C([C@H]2C1)CN(C)C(=O)[C@@H](C(C)C)C1=CC=CC=C1,CC(C)C(C(=O)N(C)C[C@@H]1[C@H]2CN(C(=O)C3=CSCS3)C[C@@H]12)c1ccccc1,CC(C)C(C(=O)N(C)CC1[C@H]2CN(C(=O)C3=CSCS3)C[C@@H]12)c1ccccc1
59525,CC(C)[C@](C)(O)C(=O)N1C[C@H]2[C@H](N(C)C(=O)c3cc(Br)n[nH]3)[C@H]2C1,"(1S,5R,6R)-3-((2S)-2-hydroxy-3-methyl-butan-2-ylcarbonyl)-6-(N-(3-bromo-1H-pyrazol-5-ylcarbonyl)-N-methylamino)-3-azabicyclo[3.1.0]hexane",,CC(C)[C@](C)(O)C(=O)N1C[C@@H]2[C@H](C1)[C@H]2N(C)C(=O)c1cc(Br)[nH]n1,
59529,Cc1c(C(=O)N(C)C[C@H]2[C@@H]3CN(C(=O)CNC(N)=O)C[C@H]23)oc2ccc(Cl)cc12,"(1S,5R)-3-hydantoyl-6-((N-(3-chloro-9-methyl-7-oxabicyclo[4.3.0]nona-1(6),2(3),4(5),8(9)-tetraen-8-ylcarbonyl)-N-methylamino)methyl)-3-azabicyclo[3.1.0]hexane",C(=O)(CNC(=O)N)N1C[C@H]2C([C@H]2C1)CN(C)C(=O)C=1OC=2C=CC(=CC2C1C)Cl,Cc1c(C(=O)N(C)C[C@@H]2[C@H]3CN(C(=O)CNC(N)=O)C[C@@H]23)oc2ccc(Cl)cc12,Cc1c(C(=O)N(C)CC2[C@H]3CN(C(=O)CNC(N)=O)C[C@@H]23)oc2ccc(Cl)cc12
59578,C=C[C@@H](CC)CC(=O)N[C@H]1C[C@](C)(NC(=O)c2ccc(CN(C)CCC)o2)C1,2-((((1S)-1-methyl-3-(((2S)-2-(ethen-1-yl)-butylcarbonyl)amino)cyclobutyl)amino)carbonyl)-5-((methyl(propyl)amino)methyl)furan,,C=C[C@@H](CC)CC(=O)N[C@H]1C[C@](C)(NC(=O)c2ccc(CN(C)CCC)o2)C1,
59660,C=C[C@H]1CN(C(=O)[C@]2(C)CC[C@@H](C(C)(C)C)CC2)C[C@H]1NC(=O)[C@]1(C)CCCO1,"(3S,4S)-1-((4S)-1-methyl-4-t-butylcyclohexylcarbonyl)-3-(((2S)-2-methyloxolan-2-ylcarbonyl)amino)-4-(ethen-1-yl)pyrrolidin",,C=C[C@H]1CN(C(=O)[C@]2(C)CC[C@@H](C(C)(C)C)CC2)C[C@H]1NC(=O)[C@]1(C)CCCO1,
59721,C=C(Cl)C(C)(C)C(=O)N[C@H]1C[C@@](C)(NC(=O)CCCOc2ccc(C)cc2)C1,1-methyl-1-((3-(4-methylphenoxy)propylcarbonyl)amino)-3-((3-chloro-2-methyl-but-3-en-2-ylcarbonyl)amino)cyclobutane,CC1(CC(C1)NC(=O)C(C)(C(=C)Cl)C)NC(=O)CCCOC1=CC=C(C=C1)C,C=C(Cl)C(C)(C)C(=O)N[C@H]1C[C@@](C)(NC(=O)CCCOc2ccc(C)cc2)C1,C=C(Cl)C(C)(C)C(=O)NC1CC(C)(NC(=O)CCCOc2ccc(C)cc2)C1
59747,CC(C)C[C@H](C)CC(=O)NC[C@H]1CC[C@H](NC(=O)[C@H]2CCc3cncn3C2)CC1,"(3S)-3-((((1S,4S)-4-((((2S)-2,4-dimethyl-pentylcarbonyl)amino)methyl)cyclohexyl)amino)carbonyl)-1,8-diazabicyclo[4.3.0]nona-6(7),8(9)-diene",,CC(C)C[C@H](C)CC(=O)NC[C@H]1CC[C@H](NC(=O)C2CCc3cncn3C2)CC1,
59757,CCCc1ccc(C(=O)N2C[C@H]3[C@H](NC(=O)[C@@H](O)c4cnn(C)c4)[C@H]3C2)[nH]1,"(1S,5R)-3-(2-propyl-1H-pyrrol-5-ylcarbonyl)-6-(((1S)-1-(1-methylpyrazol-4-yl)-2-oxaethylcarbonyl)amino)-3-azabicyclo[3.1.0]hexane",C(CC)C=1NC(=CC1)C(=O)N1C[C@H]2C([C@H]2C1)NC(=O)[C@@H](O)C=1C=NN(C1)C,CCCc1ccc(C(=O)N2C[C@@H]3[C@H](C2)[C@H]3NC(=O)C(O)c2cnn(C)c2)[nH]1,CCCc1ccc(C(=O)N2C[C@@H]3C(NC(=O)C(O)c4cnn(C)c4)[C@@H]3C2)[nH]1
59788,Cc1cscc1C(=O)N1[C@H]2CC[C@@H]1C[C@](O)(CNC(=O)CC(C)(F)F)C2,"(1S,5R)-3-hydroxy-3-(((2,2-difluoro-propylcarbonyl)amino)methyl)-8-(3-methyl-4-thienylcarbonyl)-8-azabicyclo[3.2.1]octane",OC1(C[C@@H]2CC[C@H](C1)N2C(=O)C=2C(=CSC2)C)CNC(=O)CC(C)(F)F,Cc1cscc1C(=O)N1[C@@H]2CC[C@H]1C[C@@](O)(CNC(=O)CC(C)(F)F)C2,Cc1cscc1C(=O)N1[C@@H]2CC[C@H]1CC(O)(CNC(=O)CC(C)(F)F)C2
59826,CC(C)(C#N)C(=O)N[C@H]1C[C@](C)(NC(=O)[C@@H]2CCS(=O)(=O)C23CCC3)C1,"(8S)-5,5-dioxo-8-((((3S)-1-methyl-3-((1-cyano-1-methyl-ethylcarbonyl)amino)cyclobutyl)amino)carbonyl)-5-thiaspiro[3.4]octane",,CC(C)(C#N)C(=O)N[C@H]1C[C@](C)(NC(=O)C2CCS(=O)(=O)C23CCC3)C1,
59847,C[C@@H](O)C1(NC(=O)C[C@H]2[C@@H]3CN(C(=O)[C@]4(C)C=CCC4)C[C@H]23)CC1,"(1R)-1-(1-((((1S,5R,6R)-3-((1S)-1-methylcyclopent-2-en-1-ylcarbonyl)-3-azabicyclo[3.1.0]hexane-6-yl)methylcarbonyl)amino)cyclopropyl)ethanol",,C[C@@H](O)C1(NC(=O)C[C@@H]2[C@H]3CN(C(=O)[C@]4(C)C=CCC4)C[C@@H]23)CC1,
59853,C[C@H](O)[C@@H](C(=O)NC[C@H]1C[C@H](NC(=O)c2ccc([S@](=O)CC#N)cc2)C1)N(C)C,"(4S,5S)-5-hydroxy-3-oxo-1-((1R,3S)-3-(N-(4-((R)-cyanomethylsulfinyl)benzoyl)amino)cyclobutyl)-4-(dimethylamino)-2-azahexane",,C[C@H](O)C(C(=O)NC[C@H]1C[C@H](NC(=O)c2ccc([S@+]([O-])CC#N)cc2)C1)N(C)C,
59906,CC(=O)c1ccc(N2[C@H]3CC[C@@H]2C[C@H](NC(=O)[C@@H]2CCO[C@H]2C)C3)nc1,"(1S,5R)-3-(((2S,3R)-2-methyloxolan-3-ylcarbonyl)amino)-8-(3-(acetyl)-6-pyridyl)-8-azabicyclo[3.2.1]octane",C[C@@H]1OCC[C@H]1C(=O)NC1C[C@@H]2CC[C@H](C1)N2C2=CC=C(C=N2)C(C)=O,CC(=O)c1ccc(N2[C@@H]3CC[C@H]2C[C@@H](NC(=O)C2CCO[C@H]2C)C3)nc1,CC(=O)c1ccc(N2[C@@H]3CC[C@H]2CC(NC(=O)C2CCO[C@H]2C)C3)nc1
59988,CSc1ncc(C(=O)NC[C@@H]2C[C@@H]3CC[C@H](C2)N3C(=O)CN2CCCOC2=O)s1,"2-methylsulfanyl-5-(((((1R,5S)-8-((2-oxo-1-aza-3-oxacyclohexan-1-yl)methylcarbonyl)-8-azabicyclo[3.2.1]octan-3-yl)methyl)amino)carbonyl)thiazol",CSC=1SC(=CN1)C(=O)NCC1C[C@H]2CC[C@@H](C1)N2C(=O)CN2C(OCCC2)=O,CSc1ncc(C(=O)NC[C@H]2C[C@H]3CC[C@@H](C2)N3C(=O)CN2CCCOC2=O)s1,CSc1ncc(C(=O)NCC2C[C@H]3CC[C@@H](C2)N3C(=O)CN2CCCOC2=O)s1
59990,CN(C(C)(C)C(=O)N[C@H]1CCN(C(=O)C#CC2CCCCC2)C1)S(C)(=O)=O,1-(1-(1-((3S)-3-((2-(mesyl(methyl)amino)-propan-2-ylcarbonyl)amino)pyrrolidinocarbonyl)-methyl)-methyl)cyclohexan,S(=O)(=O)(C)N(C(C)(C)C(=O)N[C@@H]1CN(CC1)C(=O)CCC1CCCCC1)C,CN(C(C)(C)C(=O)N[C@H]1CCN(C(=O)C#CC2CCCCC2)C1)S(C)(=O)=O,CN(C(C)(C)C(=O)N[C@H]1CCN(C(=O)CCC2CCCCC2)C1)S(C)(=O)=O
60002,C[C@](O)(CNC(=O)C[C@H]1C[C@H](NC(=O)[C@H](F)C2CCCC2)C1)C1CCC1,"(1R,3R)-1-(((1R)-1-cyclopentyl-1-fluoro-methylcarbonyl)amino)-3-((5R)-5-cyclobutyl-5-hydroxy-2-oxo-3-azahexyl)cyclobutane",,C[C@](O)(CNC(=O)C[C@H]1C[C@H](NC(=O)C(F)C2CCCC2)C1)C1CCC1,
60033,O=C(COC(F)F)NC[C@H]1C[C@H](NC(=O)CCC(=O)c2ccc(Cl)s2)C1,1-difluoromethoxymethylcarbonylaminomethyl-3-((1-(1-(2-chloro-5-thienylcarbonyl)-methyl)-methylcarbonyl)amino)cyclobutane,FC(OCC(=O)NCC1CC(C1)NC(=O)CCC(=O)C1=CC=C(S1)Cl)F,O=C(COC(F)F)NC[C@H]1C[C@H](NC(=O)CCC(=O)c2ccc(Cl)s2)C1,O=C(COC(F)F)NCC1CC(NC(=O)CCC(=O)c2ccc(Cl)s2)C1
60078,C/C=C/C[C@@H](C)C(=O)N[C@@H]1CCCCN(C(=O)COc2c(C)cccc2C)C1,"3-methyl-2-((1-((3R)-3-((2R)-((2R,4E)-hex-4-en-2-ylcarbonyl)amino)azepan-1-ylcarbonyl)-methyl)oxy)toluene",,C/C=C/CC(C)C(=O)N[C@@H]1CCCCN(C(=O)COc2c(C)cccc2C)C1,
60084,O=C(CNC(=O)NC1CC1)NC[C@H]1C[C@@](F)(CNC(=O)c2nocc2Br)C1,1-((((2-oxo-4-(3-fluoro-3-(((4-bromoisooxazol-3-ylcarbonyl)amino)methyl)cyclobutyl)-3-azabutyl)amino)carbonyl)amino)cyclopropan,O=C(CNC(=O)NC1CC1)NCC1CC(C1)(CNC(=O)C1=NOC=C1Br)F,O=C(CNC(=O)NC1CC1)NC[C@H]1C[C@@](F)(CNC(=O)c2nocc2Br)C1,O=C(CNC(=O)NC1CC1)NCC1CC(F)(CNC(=O)c2nocc2Br)C1
60087,CN1C[C@@H](C(=O)NC[C@H]2C[C@@H](NC(=O)[C@@H]3CC[C@H]4C[C@@H]3CO4)C2)CCC1=O,"(1S,2R,5S)-2-((((1R,3S)-3-((((5S)-1-methyl-2-oxopiperidin-5-ylcarbonyl)amino)methyl)cyclobutyl)amino)carbonyl)-6-oxabicyclo[3.2.1]octane",,CN1CC(C(=O)NC[C@H]2C[C@@H](NC(=O)C3CC[C@H]4C[C@@H]3CO4)C2)CCC1=O,
60090,COc1ccc2c(c1)N(Cc1nn(C)c(Cl)c1Br)[C@H](C)C(=O)N2,"(2R)-7-methoxy-2-methyl-1-((4-bromo-5-chloro-1-methylpyrazol-3-yl)methyl)-1,2,3,4-tetrahydroquinoxaline-3(4H)-one",,COc1ccc2c(c1)N(Cc1nn(C)c(Cl)c1Br)C(C)C(=O)N2,
60100,CCOCC[C@@H](C)NC(=O)[C@H]1CC[C@H](CNC(=O)C[C@@H]2CCCC[C@H]2C)CC1,"(R)-2-(((1S,4R)-4-(((((1S,2R)-2-methylcyclohexyl)methylcarbonyl)amino)methyl)cyclohexylcarbonyl)amino)-5-oxaheptane",,CCOCC[C@@H](C)NC(=O)C1CCC(CNC(=O)C[C@@H]2CCCC[C@H]2C)CC1,
60101,Cc1cc([C@@H](C)C(=O)NC[C@]2(F)C[C@H](CNC(=O)[C@@H](C)C3CC3)C2)c(C)o1,"(1S,3R)-1-fluoro-1-((((1R)-1-(2,5-dimethyl-3-furyl)-ethylcarbonyl)amino)methyl)-3-((((1S)-1-cyclopropyl-ethylcarbonyl)amino)methyl)cyclobutane",,Cc1cc(C(C)C(=O)NC[C@]2(F)C[C@H](CNC(=O)C(C)C3CC3)C2)c(C)o1,
60112,O=C(N[C@H]1C[C@@H]2CC[C@H](C1)N2C(=O)C1(O)CC1)[C@H]1OC2CCC1CC2,"(3S)-3-((((1R,5S)-8-(1-hydroxycyclopropylcarbonyl)-8-azabicyclo[3.2.1]octan-3-yl)amino)carbonyl)-2-oxabicyclo[2.2.2]octane",OC1(CC1)C(=O)N1[C@H]2CC(C[C@@H]1CC2)NC(=O)[C@H]2OC1CCC2CC1,O=C(N[C@@H]1C[C@H]2CC[C@@H](C1)N2C(=O)C1(O)CC1)C1OC2CCC1CC2,O=C(NC1C[C@H]2CC[C@@H](C1)N2C(=O)C1(O)CC1)C1OC2CCC1CC2
60154,C#Cc1cc(C(=O)NC[C@@H](C)CNC(=O)[C@]2(S(C)(=O)=O)C[C@@H](O)C2)ccc1C,(2R)-1-(((3S)-3-hydroxy-1-mesylcyclobutylcarbonyl)amino)-2-(((3-acetenyl-4-methylbenzoyl)amino)methyl)propane,,C#Cc1cc(C(=O)NC[C@@H](C)CNC(=O)[C@]2(S(C)(=O)=O)C[C@@H](O)C2)ccc1C,
60201,CCc1ncc(C(=O)N(CCN(C)C(=O)[C@@H]2C[C@@H]2F)C(C)C)c(C)n1,(cis)-1-fluoro-2-(N-(2-(N-(2-ethyl-4-methylpyrimidin-5-ylcarbonyl)-N-isopropylamino)ethyl)-N-methylcarbamoyl)cyclopropane,F[C@H]1[C@H](C1)C(N(C)CCN(C(C)C)C(=O)C=1C(=NC(=NC1)CC)C)=O,CCc1ncc(C(=O)N(CCN(C)C(=O)C2C[C@@H]2F)C(C)C)c(C)n1,CCc1ncc(C(=O)N(CCN(C)C(=O)C2C[C@H]2F)C(C)C)c(C)n1
60202,CN(Cc1cnn2c1CN(C(=O)CO)CC2)C(=O)C=C1CCC(C)(C)CC1,"1,1-dimethyl-4-(N-((5-hydroxymethylcarbonyl-4,5,6,7-tetrahydropyrazolo[1,5-a]pyrazin-3-yl)methyl)-N-methylcarbamoylmethylidene)cyclohexan",,CN(Cc1cnn2c1CN(C(=O)CO)CC2)C(=O)C=C1CCC(C)(C)CC1,
60230,Cc1ccc([C@H](C)Nc2[nH]c(=NC[C@H]3CNC(=O)O3)nc3c2ncn3C)o1,(4R)-4-((N-(9-methyl-6-(((1S)-1-(2-methyl-5-furyl)-ethyl)amino)purin-2-ylidene)amino)methyl)-1-aza-3-oxacyclopentan-2-on,,Cc1ccc([C@H](C)Nc2nc(NC[C@H]3CNC(=O)O3)nc3c2ncn3C)o1,
60288,CCc1nc[nH]c1C(=O)N1[C@H]2CC[C@@H]1C[C@](O)(CNC(=O)C[C@@H]1CC1(C)C)C2,"(1S,5R)-3-hydroxy-3-(((((1S)-2,2-dimethylcyclopropyl)methylcarbonyl)amino)methyl)-8-(4-ethyl-1H-imidazol-5-ylcarbonyl)-8-azabicyclo[3.2.1]octane",OC1(C[C@@H]2CC[C@H](C1)N2C(=O)C2=C(N=CN2)CC)CNC(=O)C[C@H]2C(C2)(C)C,CCc1[nH]cnc1C(=O)N1[C@@H]2CC[C@H]1C[C@@](O)(CNC(=O)C[C@@H]1CC1(C)C)C2,CCc1[nH]cnc1C(=O)N1[C@@H]2CC[C@H]1CC(O)(CNC(=O)C[C@@H]1CC1(C)C)C2
60372,CCN(C(=O)C=C1CCN(C)C1)[C@H]1CCCN(C(=O)CNC(=O)NC2CC2)C1,1-methyl-3-(N-((3S)-1-(((((cyclopropyl)amino)carbonyl)amino)methylcarbonyl)piperidin-3-yl)-N-ethylcarbamoylmethylidene)pyrrolidin,,CCN(C(=O)C=C1CCN(C)C1)[C@H]1CCCN(C(=O)CNC(=O)NC2CC2)C1,
60376,CN1CC[C@@H](CCNC(=O)[C@H]2C[C@@H](CNC(=O)[C@@H]3CC34CC4)C2)C1,"(1R)-1-(((((1S,3S)-3-(((2-((3R)-1-methylpyrrolidin-3-yl)ethyl)amino)carbonyl)cyclobutyl)methyl)amino)carbonyl)-spiro[2.2]pentane",,CN1CC[C@@H](CCNC(=O)C2CC(CNC(=O)C3CC34CC4)C2)C1,
60424,O=C(C#CC1CCC1)NC[C@]1(F)C[C@@H](CNC(=O)CCCCC2CC2)C1,7-cyclopropyl-3-oxo-1-(3-cyclobutylethynylcarbonylaminomethyl-3-fluorocyclobutyl)-2-azaheptane,C1(CC1)CCCCC(NCC1CC(C1)(F)CNC(=O)C#CC1CCC1)=O,O=C(C#CC1CCC1)NC[C@]1(F)C[C@@H](CNC(=O)CCCCC2CC2)C1,O=C(C#CC1CCC1)NCC1(F)CC(CNC(=O)CCCCC2CC2)C1
60472,COCCN=C(NCc1ccc2c(c1)CNC2=O)N[C@H]1CCC[C@@H](F)C1,"6-((N-(1-(((1S,3R)-3-fluorocyclohexyl)amino)-2-aza-5-oxahexen-1-yl)amino)methyl)isoindolin-3(2H)-one",,COCCN=C(NCc1ccc2c(c1)CNC2=O)N[C@H]1CCC[C@@H](F)C1,
60475,Cc1sccc1C(=O)N[C@H]1C[C@@H]2CC[C@H]1[C@H](NC(=O)c1nc(=O)n(C)[nH]1)C2,"1-methyl-3-((((1R,4S,6S,8R)-6-((2-methyl-3-thienylcarbonyl)amino)bicyclo[2.2.2]octane-8-yl)amino)carbonyl)-1,2,4-triazol-5(2H)-one",CN1NC(=NC1=O)C(=O)N[C@@H]1C[C@H]2CC[C@H]1C[C@@H]2NC(=O)C2=C(SC=C2)C,Cc1sccc1C(=O)N[C@H]1C[C@@H]2CC[C@H]1[C@H](NC(=O)c1nc(=O)n(C)[nH]1)C2,Cc1sccc1C(=O)N[C@H]1C[C@@H]2CC[C@@H]1C[C@H]2NC(=O)c1nc(=O)n(C)[nH]1
60488,C[C@]1(O)C[C@@H](C(=O)N2C[C@H](C(=O)NC[C@@H]3CCC4(CCC4)O3)C(F)(F)C2)C1,"(6S)-6-((((4R)-3,3-difluoro-1-((3S)-3-hydroxy-3-methylcyclobutylcarbonyl)pyrrolidin-4-ylcarbonyl)amino)methyl)-5-oxaspiro[3.4]octane",,CC1(O)CC(C(=O)N2CC(C(=O)NC[C@@H]3CCC4(CCC4)O3)C(F)(F)C2)C1,
60523,CC(=O)N(C)CCCC(=O)N1C[C@H](C(=O)N[C@]2(C)C[C@H](N(C)C)C2)CC12CCC2,"(4'R)-1'-(3-(acetyl(methyl)amino)propylcarbonyl)-4'-((((3S)-1-methyl-3-(dimethylamino)cyclobutyl)amino)carbonyl)-spiro[cyclobutane-1,2'-pyrrolin]",,CC(=O)N(C)CCCC(=O)N1CC(C(=O)N[C@]2(C)C[C@H](N(C)C)C2)CC12CCC2,
60530,CCc1oc(C(=O)N[C@@H](CC(=O)NC[C@H]2Cc3ccccc32)C(F)F)cc1C,"(S)-1,1-difluoro-4-oxo-2-((2-ethyl-3-methyl-5-furylcarbonyl)amino)-6-((2S)-benzocyclobutene-2-yl)-5-azahexane",,CCc1oc(C(=O)N[C@@H](CC(=O)NC[C@H]2Cc3ccccc32)C(F)F)cc1C,
60536,COc1cc(-n2nc(C(F)F)nc2[C@H]2CC[C@@](C)(F)CC2)ccc1Cl,"1-fluoro-1-methyl-4-(3-difluoromethyl-1-(4-chloro-3-methoxyphenyl)-1,2,4-triazol-5-yl)cyclohexane",FC1(CCC(CC1)C1=NC(=NN1C1=CC(=C(C=C1)Cl)OC)C(F)F)C,COc1cc(-n2nc(C(F)F)nc2[C@H]2CC[C@@](C)(F)CC2)ccc1Cl,COc1cc(-n2nc(C(F)F)nc2C2CCC(C)(F)CC2)ccc1Cl
60617,CC(C)(C)C(=O)NCC(=O)N[C@H]1CC[C@H]1CNC(=O)C1Cc2ccccc2C1,(cis)-1-((((t-butylcarbonyl)amino)methylcarbonyl)amino)-2-(((indan-2-ylcarbonyl)amino)methyl)cyclobutane,C(C)(C)(C)C(=O)NCC(=O)N[C@H]1[C@H](CC1)CNC(=O)C1CC2=CC=CC=C2C1,CC(C)(C)C(=O)NCC(=O)N[C@H]1CC[C@H]1CNC(=O)C1Cc2ccccc2C1,CC(C)(C)C(=O)NCC(=O)N[C@@H]1CC[C@@H]1CNC(=O)C1Cc2ccccc2C1
60634,CS[C@H](C(=O)N[C@H]1C[C@H](CNC(=O)CC[C@H](C)c2ccccc2)C1)C1CC1,"(1S,3S)-1-((((3S)-3-phenyl-butylcarbonyl)amino)methyl)-3-(((1S)-1-cyclopropyl-2-thiapropylcarbonyl)amino)cyclobutane",,CSC(C(=O)N[C@H]1C[C@H](CNC(=O)CC[C@H](C)c2ccccc2)C1)C1CC1,
60738,C#CC[C@]1(O)C[C@@H](C(=O)N2C[C@@H](C(=O)NC[C@@H]3C(C)(C)C3(F)F)C(F)(F)C2)C1,"(4S)-3,3-difluoro-1-((3R)-3-hydroxy-3-propargylcyclobutylcarbonyl)-4-(((((1S)-2,2-difluoro-3,3-dimethylcyclopropyl)methyl)amino)carbonyl)pyrrolidin",,C#CCC1(O)CC(C(=O)N2CC(C(=O)NC[C@@H]3C(C)(C)C3(F)F)C(F)(F)C2)C1,
60767,CC[C@@](C)(O)C(=O)N[C@@H]1C[C@H]2CC[C@@H]1C[C@H]2NC(=O)C(F)(F)C1CC1,"(2R)-2-((((1R,4R,5R,8R)-5-(((cyclopropyl)difluoromethylcarbonyl)amino)bicyclo[2.2.2]octane-8-yl)amino)carbonyl)-2-butanol",C1(CC1)C(C(=O)N[C@H]1[C@@H]2CC[C@@H](C1)C[C@H]2NC(=O)[C@@](C)(CC)O)(F)F,CC[C@@](C)(O)C(=O)N[C@@H]1C[C@H]2CC[C@@H]1C[C@H]2NC(=O)C(F)(F)C1CC1,CC[C@@](C)(O)C(=O)N[C@@H]1C[C@H]2CC[C@H]1[C@H](NC(=O)C(F)(F)C1CC1)C2
60804,CC(C)[C@@H](CNC(=O)[C@H]1C[C@@](C)(O)C1)C(=O)N1CCC2(CCCC2)C1,7-((1S)-2-methyl-1-((((3R)-3-hydroxy-3-methylcyclobutylcarbonyl)amino)methyl)-propylcarbonyl)-7-azaspiro[4.4]nonane,,CC(C)C(CNC(=O)C1CC(C)(O)C1)C(=O)N1CCC2(CCCC2)C1,
60873,CC(=O)NC[C@@H]1C[C@H]2CC[C@H]1N(C(=O)[C@@H](c1ccc(Cl)cc1)N(C)C)C2,"3-oxo-1-((1R,4R,8S)-2-((1R)-2-methyl-1-(4-chlorophenyl)-2-azapropylcarbonyl)-2-azabicyclo[2.2.2]octane-8-yl)-2-azabutane",O=C(NC[C@H]1C[C@@H]2N(C[C@@H]1CC2)C(=O)[C@H](N(C)C)C2=CC=C(C=C2)Cl)C,CC(=O)NC[C@@H]1C[C@H]2CC[C@H]1N(C(=O)C(c1ccc(Cl)cc1)N(C)C)C2,CC(=O)NC[C@H]1C[C@H]2CC[C@H]1CN2C(=O)C(c1ccc(Cl)cc1)N(C)C
60963,CCOC(=O)C[C@@H](NC[C@]1(O)[C@@H]2[C@@H]3[C@@H]4C[C@H]5[C@H]3C[C@H]2[C@@H]5[C@H]41)C1CCCCC1,"(1S,2R,3S,5S,6S,7S,8S,9S,10R)-7-hydroxy-7-((((1R)-1-cyclohexyl-3-oxo-4-oxahexyl)amino)methyl)-pentacyclo[6.3.0.0^2,6.0^3,10.0^5,9]undecane",,CCOC(=O)C[C@@H](NC[C@@]1(O)[C@H]2[C@H]3C[C@H]4[C@H]5C[C@@H]([C@@H]42)[C@H]1[C@@H]53)C1CCCCC1,
61107,CO[C@@H]1C[C@H]1C(=O)NC[C@]1(F)C[C@H](NC(=O)c2ccc3ccccc3c2O)C1,"4-hydroxy-3-((((1R)-3-fluoro-3-((((1R,2R)-2-methoxycyclopropylcarbonyl)amino)methyl)cyclobutyl)amino)carbonyl)naphthalen",,CO[C@@H]1CC1C(=O)NC[C@]1(F)C[C@H](NC(=O)c2ccc3ccccc3c2O)C1,
61109,COC(=O)CCC(=O)N1C[C@H]2[C@H](CN(C)C(=O)[C@H](O)C3CC(F)(F)C3)[C@H]2C1,"(1S,5R)-3-(3-oxo-4-oxapentylcarbonyl)-6-((N-((1R)-1-(3,3-difluorocyclobutyl)-2-oxaethylcarbonyl)-N-methylamino)methyl)-3-azabicyclo[3.1.0]hexane",O=C(CCC(=O)N1C[C@H]2C([C@H]2C1)CN(C)C(=O)[C@H](O)C1CC(C1)(F)F)OC,COC(=O)CCC(=O)N1C[C@@H]2[C@@H](CN(C)C(=O)C(O)C3CC(F)(F)C3)[C@@H]2C1,COC(=O)CCC(=O)N1C[C@@H]2C(CN(C)C(=O)C(O)C3CC(F)(F)C3)[C@@H]2C1
61114,CC1(C)CCN(c2nc3cc[nH]c3c(=NCc3cc(N)ccc3F)[nH]2)C[C@@H]1CO,"4-amino-1-fluoro-2-((N-(2-((3R)-3-hydroxymethyl-4,4-dimethylpiperidino)pyrimido[4,5-d]pyrrole-4-ylidene)amino)methyl)benzene",NC1=CC(=C(C=C1)F)CN=C1N=C(N=C2C=CN=C21)N2C[C@@H](C(CC2)(C)C)CO,CC1(C)CCN(c2nc(NCc3cc(N)ccc3F)c3[nH]ccc3n2)C[C@@H]1CO,CC1(C)CCN(C2=NC(=NCc3cc(N)ccc3F)C3=NC=CC3=N2)C[C@@H]1CO
61141,CO[C@H]1CC[C@@H](C(=O)NC[C@H]2CC[C@H]2C(=O)N[C@@H]2[C@H]3COC[C@H]32)CC1,"(1S,5R)-6-(((1R,2S)-2-((((cis)-4-methoxycyclohexylcarbonyl)amino)methyl)cyclobutylcarbonyl)amino)-3-oxabicyclo[3.1.0]hexane",CO[C@H]1CC[C@H](CC1)C(=O)NC[C@@H]1[C@@H](CC1)C(=O)NC1[C@@H]2COC[C@H]12,COC1CCC(C(=O)NC[C@H]2CCC2C(=O)N[C@H]2[C@@H]3COC[C@@H]32)CC1,COC1CCC(C(=O)NC[C@H]2CCC2C(=O)NC2[C@H]3COC[C@@H]23)CC1
61298,CCc1nc(C)n(C)c1C(=O)NC[C@H]1CC[C@@](F)(CNC(=O)c2cnsn2)CC1,"1-fluoro-1-(((1,2,5-thiadiazol-3-ylcarbonyl)amino)methyl)-4-(((4-ethyl-1,2-dimethylimidazol-5-ylcarbonyl)amino)methyl)cyclohexane",FC1(CCC(CC1)CNC(=O)C1=C(N=C(N1C)C)CC)CNC(=O)C1=NSN=C1,CCc1nc(C)n(C)c1C(=O)NC[C@H]1CC[C@@](F)(CNC(=O)c2cnsn2)CC1,CCc1nc(C)n(C)c1C(=O)NCC1CCC(F)(CNC(=O)c2cnsn2)CC1
61313,C[C@@H]1C[C@@H](NC(=O)CSCC(=O)N2CCCCC2)CCN1C(=O)C#CC1CCC1,"1-piperidinocarbonyl-3-((((2R,4S)-1-cyclobutylethynylcarbonyl-2-methylpiperidin-4-yl)amino)carbonyl)-2-thiapropane",,C[C@@H]1C[C@@H](NC(=O)CSCC(=O)N2CCCCC2)CCN1C(=O)C#CC1CCC1,
61440,Cc1cc(C(=O)N[C@H]2C[C@@H](OCC(=O)N[C@@H]3[C@H]4COC[C@H]43)C2)c[nH]1,"(1S,5R)-6-((((cis)-3-((2-methyl-1H-pyrrol-4-ylcarbonyl)amino)cyclobutyl)oxymethylcarbonyl)amino)-3-oxabicyclo[3.1.0]hexane",CC=1NC=C(C1)C(=O)N[C@H]1C[C@H](C1)OCC(=O)NC1[C@@H]2COC[C@H]12,Cc1cc(C(=O)N[C@H]2C[C@@H](OCC(=O)N[C@H]3[C@@H]4COC[C@@H]43)C2)c[nH]1,Cc1cc(C(=O)N[C@H]2C[C@@H](OCC(=O)NC3[C@H]4COC[C@@H]34)C2)c[nH]1
61470,CC[C@H](O)C(=O)N1CCC[C@@](O)(CCNC(=O)C(C)=C2CC2)C1,1-((((2-((3R)-3-hydroxy-1-((1S)-1-hydroxy-propylcarbonyl)piperidin-3-yl)ethyl)amino)carbonyl)methylmethylidene)cyclopropan,O[C@@]1(CN(CCC1)C(=O)[C@H](CC)O)CCNC(=O)CC=C1CC1,CCC(O)C(=O)N1CCC[C@@](O)(CCNC(=O)C(C)=C2CC2)C1,CCC(O)C(=O)N1CCC[C@@](O)(CCNC(=O)CC=C2CC2)C1
61489,COCC=CC(=O)N1CCCC[C@]12C[C@H](NC(=O)Cc1ccc(C)c(Cl)c1)C2,2-((3-chloro-4-methylphenylacetyl)amino)-5-(4-oxapenten-1-ylcarbonyl)-5-azaspiro[3.5]nonane,ClC=1C=C(C=CC1C)CC(=O)NC1CC2(C1)N(CCCC2)C(=O)C=CCOC,COCC=CC(=O)N1CCCC[C@]12C[C@H](NC(=O)Cc1ccc(C)c(Cl)c1)C2,COCC=CC(=O)N1CCCCC12CC(NC(=O)Cc1ccc(C)c(Cl)c1)C2
61518,CCCC[C@H](CC)CNC(=O)[C@H](O)CNC(=O)C(C)=C1CC1,"1-(((((6S,2R)-6-ethyl-2-hydroxy-3-oxo-4-azadecyl)amino)carbonyl)methylmethylidene)cyclopropan",C(C)[C@H](CNC([C@@H](CNC(=O)CC=C1CC1)O)=O)CCCC,CCCC[C@H](CC)CNC(=O)C(=O)CNC(=O)C(C)C1CC1,CCCC[C@H](CC)CNC(=O)C(O)CNC(=O)CC=C1CC1
61571,COc1cccc(C(=O)N(C)[C@H]2[C@@H]3CN(C(=O)[C@H]4CCN(C)C4=O)C[C@@H]32)c1,"(1S,5R,6R)-3-((3S)-1-methyl-2-oxopyrrolidin-3-ylcarbonyl)-6-(N-(3-methoxybenzoyl)-N-methylamino)-3-azabicyclo[3.1.0]hexane",,COc1cccc(C(=O)N(C)[C@H]2[C@@H]3CN(C(=O)C4CCN(C)C4=O)C[C@@H]32)c1,
61606,C[C@@]1(C#CC(=O)NC[C@H]2C[C@@](F)(CNC(=O)c3ccc(N)c(F)c3)C2)CCCO1,(2S)-2-methyl-2-(3-oxo-3-((((3S)-3-fluoro-3-(((4-amino-3-fluorobenzoyl)amino)methyl)cyclobutyl)methyl)amino)-propyn-1-yl)oxolan,,C[C@@]1(C#CC(=O)NC[C@H]2C[C@@](F)(CNC(=O)c3ccc(N)c(F)c3)C2)CCCO1,
61657,CSC(C)(C)CC(=O)N1C[C@H]2[C@H](NC(=O)C(C)(C)c3ccc(F)c(F)c3)[C@H]2C1,"2,2-dimethyl-1-((1S,5R)-6-((1-methyl-1-(3,4-difluorophenyl)-ethylcarbonyl)amino)-3-azabicyclo[3.1.0]hexane-3-ylcarbonyl)-3-thiabutane",CC(CC(=O)N1C[C@H]2C([C@H]2C1)NC(=O)C(C)(C1=CC(=C(C=C1)F)F)C)(SC)C,CSC(C)(C)CC(=O)N1C[C@@H]2[C@H](C1)[C@H]2NC(=O)C(C)(C)c1ccc(F)c(F)c1,CSC(C)(C)CC(=O)N1C[C@@H]2C(NC(=O)C(C)(C)c3ccc(F)c(F)c3)[C@@H]2C1
61699,CC(C)c1nccc(C(=O)NC[C@]2(F)C[C@H](CNC(=O)C[C@]3(C)CCCO3)C2)n1,(2S)-2-methyl-2-(2-oxo-4-((3S)-3-fluoro-3-(((2-isopropylpyrimidin-4-ylcarbonyl)amino)methyl)cyclobutyl)-3-azabutyl)oxolan,,CC(C)c1nccc(C(=O)NC[C@]2(F)C[C@H](CNC(=O)C[C@]3(C)CCCO3)C2)n1,
61710,CN(C[C@H]1[C@@H]2CN(C(=O)[C@]34COC[C@H]3C4(F)F)C[C@H]12)C(=O)C1(F)C(C)(C)C1(C)C,"1-((1S,5R,6R)-3-((1R,5S)-6,6-difluoro-3-oxabicyclo[3.1.0]hexan-1-ylcarbonyl)-3-azabicyclo[3.1.0]hexane-6-yl)-2-(1-fluoro-2,2,3,3-tetramethylcyclopropylcarbonyl)-2-azapropane",,CN(C[C@@H]1[C@H]2CN(C(=O)[C@]34COC[C@H]3C4(F)F)C[C@@H]12)C(=O)C1(F)C(C)(C)C1(C)C,
61718,C[C@@H](OC1CCCCC1)C(=O)N[C@H]1C[C@H](CCNC(=O)[C@H]2CCCN2C2CC2)C1,"(R)-1-((1-methyl-2-oxo-3-((1S,3R)-3-(2-(((2R)-1-cyclopropylpyrrolidin-2-ylcarbonyl)amino)ethyl)cyclobutyl)-3-azapropyl)oxy)cyclohexan",,CC(OC1CCCCC1)C(=O)N[C@H]1C[C@H](CCNC(=O)C2CCCN2C2CC2)C1,
61729,O=C(NC[C@H]1CC[C@@H](NC(=O)[C@H]2CC[C@H]([N+](=O)[O-])CC2)C1)C1CC(CC2CC2)C1,"(1R)-1-nitro-4-((((1R,3S)-3-(((3-cyclopropylmethylcyclobutylcarbonyl)amino)methyl)cyclopentyl)amino)carbonyl)cyclohexane",,O=C(NC[C@H]1CC[C@@H](NC(=O)C2CCC([N+](=O)[O-])CC2)C1)C1CC(CC2CC2)C1,
61789,CCO[C@@H](C)CCC(=O)N1C[C@H]2[C@H](CC(=O)NC(CC)(CC)CC)[C@H]2C1,"(1R,5S,6R)-3-((3S)-3-methyl-4-oxahexylcarbonyl)-6-(4,4-diethyl-2-oxo-3-azahexyl)-3-azabicyclo[3.1.0]hexane",,CCO[C@@H](C)CCC(=O)N1C[C@@H]2[C@@H](CC(=O)NC(CC)(CC)CC)[C@@H]2C1,
61857,C[C@]1(NC(=O)c2nccc(Cl)c2Cl)C[C@H](NC(=O)c2c(F)cccc2F)C1,"3,4-dichloro-2-(((1-methyl-3-((2,6-difluorobenzoyl)amino)cyclobutyl)amino)carbonyl)pyridin",ClC=1C(=NC=CC1Cl)C(=O)NC1(CC(C1)NC(C1=C(C=CC=C1F)F)=O)C,C[C@]1(NC(=O)c2nccc(Cl)c2Cl)C[C@H](NC(=O)c2c(F)cccc2F)C1,CC1(NC(=O)c2nccc(Cl)c2Cl)CC(NC(=O)c2c(F)cccc2F)C1
61869,C[C@H]1CN(C(=O)[C@H]2C[C@@](F)(CO)C2)C[C@H]1NC(=O)C1CN(C2CCOCC2)C1,"4-(3-((((3S,4S)-3-methyl-1-((3S)-3-fluoro-3-hydroxymethylcyclobutylcarbonyl)pyrrolidin-4-yl)amino)carbonyl)azetidin-1-yl)oxan",,C[C@H]1CN(C(=O)C2CC(F)(CO)C2)C[C@H]1NC(=O)C1CN(C2CCOCC2)C1,
61888,CCN(C(=O)/C=C/c1ccoc1)[C@@H]1CCCN(C(=O)C=CC2CCCCCC2)C1,(E)-1-(2-((3R)-3-(N-(2-(3-furyl)-ethen-1-ylcarbonyl)-N-ethylamino)piperidinocarbonyl)eth-1-en-1-yl)cycloheptan,O1C=C(C=C1)C=CC(=O)N(CC)[C@H]1CN(CCC1)C(=O)/C=C/C1CCCCCC1,CCN(C(=O)/C=C/c1ccoc1)[C@@H]1CCCN(C(=O)C=CC2CCCCCC2)C1,CCN(C(=O)C=Cc1ccoc1)[C@@H]1CCCN(C(=O)/C=C/C2CCCCCC2)C1
61904,Cc1cncnc1C(=O)N(C)C[C@H]1[C@@H]2CN(C(=O)C3CSC3)C[C@H]12,"(1S,5R)-3-(thietan-3-ylcarbonyl)-6-((N-(5-methylpyrimidin-4-ylcarbonyl)-N-methylamino)methyl)-3-azabicyclo[3.1.0]hexane",S1CC(C1)C(=O)N1C[C@H]2C([C@H]2C1)CN(C)C(=O)C1=NC=NC=C1C,Cc1cncnc1C(=O)N(C)C[C@@H]1[C@H]2CN(C(=O)C3CSC3)C[C@@H]12,Cc1cncnc1C(=O)N(C)CC1[C@H]2CN(C(=O)C3CSC3)C[C@@H]12
61908,CC[C@H](C)NC(=O)[C@H](c1cc2c(s1)CCOC2)N(C[C@@H](C)C#N)C1CC1,"(S,R)-8-(4-methyl-2-oxo-1-(N-((2R)-2-cyano-propyl)-N-cyclopropylamino)-3-azahexyl)-3-oxa-7-thiabicyclo[4.3.0]nona-1(6),8(9)-diene",C[C@@H](NC([C@H](N(C1CC1)C[C@@H](C)C#N)C=1SC=2CCOCC2C1)=O)CC,CC[C@H](C)NC(=O)C(c1cc2c(s1)CCOC2)N(C[C@@H](C)C#N)C1CC1,CC[C@@H](C)NC(=O)C(c1cc2c(s1)CCOC2)N(C[C@@H](C)C#N)C1CC1
61914,CN(C)CC1(O)CN(C(=O)[C@H]2C[C@@](C)(NC(=O)[C@@H](O)C3CCCC3)C2)C1,2-methyl-1-(3-hydroxy-1-((1R)-3-methyl-3-(((1S)-1-cyclopentyl-2-oxaethylcarbonyl)amino)cyclobutylcarbonyl)azetidin-3-yl)-2-azapropane,,CN(C)CC1(O)CN(C(=O)C2CC(C)(NC(=O)C(O)C3CCCC3)C2)C1,
61988,O=C(NC[C@H]1C[C@@H](NC(=O)C23CC(CN2C2CC2)C3)C1)c1ccc(Cl)c(F)c1,1-(((4-chloro-3-fluorobenzoyl)amino)methyl)-3-((2-cyclopropyl-2-azabicyclo[2.1.1]hexane-1-ylcarbonyl)amino)cyclobutane,ClC1=C(C=C(C(=O)NCC2CC(C2)NC(=O)C23N(CC(C2)C3)C3CC3)C=C1)F,O=C(NC[C@H]1C[C@@H](NC(=O)C23CC(CN2C2CC2)C3)C1)c1ccc(Cl)c(F)c1,O=C(NCC1CC(NC(=O)C23CC(CN2C2CC2)C3)C1)c1ccc(Cl)c(F)c1
62026,CCc1cc(C)nc(N[C@H]2C[C@H]3CC[C@H]2N(C(=O)C2(C)CCCC2)C3)n1,"1-(4-methyl-2-(((1R,4R,8S)-2-(1-methylcyclopentylcarbonyl)-2-azabicyclo[2.2.2]octane-8-yl)amino)pyrimidin-6-yl)-ethane",CC1=NC(=NC(=C1)CC)N[C@H]1C[C@@H]2N(C[C@H]1CC2)C(=O)C2(CCCC2)C,CCc1cc(C)nc(N[C@H]2C[C@H]3CC[C@H]2N(C(=O)C2(C)CCCC2)C3)n1,CCc1cc(C)nc(N[C@H]2C[C@H]3CC[C@@H]2CN3C(=O)C2(C)CCCC2)n1
62043,CC(C)Cc1cc(N[C@H]2C[C@](F)(CNC(=O)[C@@H]3CCCC(F)(F)C3)C2)ncn1,"2-methyl-1-(4-(((1S)-3-fluoro-3-((((1R)-3,3-difluorocyclohexylcarbonyl)amino)methyl)cyclobutyl)amino)pyrimidin-6-yl)propane",,CC(C)Cc1cc(N[C@H]2C[C@](F)(CNC(=O)C3CCCC(F)(F)C3)C2)ncn1,
62054,COCCN1C[C@@H](NC(=O)[C@@H]2CCCN(C(=O)[C@@H](N)C(C)(C)C)C2)CC1=O,(4S)-1-(3-oxabutyl)-4-(((3R)-1-((2S)-t-leucyl)piperidin-3-ylcarbonyl)amino)pyrrolidin-2-on,,COCCN1C[C@@H](NC(=O)C2CCCN(C(=O)C(N)C(C)(C)C)C2)CC1=O,
62118,CC(C)c1nc(CN(C)S(=O)(=O)NCc2cccc(OC[C@H]3CCCO3)c2)cs1,(2R)-2-(3-((N-((2-isopropylthiazol-4-yl)methyl)-N-methylaminosulfonamido)methyl)phenoxymethyl)oxolan,,CC(C)c1nc(CN(C)S(=O)(=O)NCc2cccc(OC[C@H]3CCCO3)c2)cs1,
62125,CC(Cl)=CC(=O)N1[C@H]2CC[C@@H]1C[C@@H](CNC(=O)C[C@H](O)Cc1ccccc1)C2,"(5R)-5-hydroxy-3-oxo-6-phenyl-1-((1R,5S)-8-(2-chloro-propen-1-ylcarbonyl)-8-azabicyclo[3.2.1]octan-3-yl)-2-azahexane",O[C@@H](CC(NCC1C[C@H]2CC[C@@H](C1)N2C(=O)C=C(C)Cl)=O)CC2=CC=CC=C2,CC(Cl)=CC(=O)N1[C@@H]2CC[C@H]1C[C@H](CNC(=O)C[C@H](O)Cc1ccccc1)C2,CC(Cl)=CC(=O)N1[C@@H]2CC[C@H]1CC(CNC(=O)C[C@H](O)Cc1ccccc1)C2
62231,C[C@]1(NC(=O)/C=C/c2cccc(F)c2Cl)C[C@H](NC(=O)c2ccc(F)cn2)C1,(E)-5-fluoro-2-(((3-methyl-3-((2-(2-chloro-3-fluorophenyl)-ethen-1-ylcarbonyl)amino)cyclobutyl)amino)carbonyl)pyridin,FC=1C=CC(=NC1)C(=O)NC1CC(C1)(NC(=O)\C=C\C1=C(C(=CC=C1)F)Cl)C,C[C@]1(NC(=O)/C=C/c2cccc(F)c2Cl)C[C@H](NC(=O)c2ccc(F)cn2)C1,CC1(NC(=O)/C=C/c2cccc(F)c2Cl)CC(NC(=O)c2ccc(F)cn2)C1
62317,CC(=O)NC[C@@H]1CCCN1C(=O)CO[C@H]1C[C@@H](NC(=O)[C@H](O)C(C)(C)C)C1,"(2S)-1-(((1S,3R)-3-(((1R)-1-hydroxy-2,2-dimethyl-propylcarbonyl)amino)cyclobutyl)oxymethylcarbonyl)-2-((acetamido)methyl)pyrrolidin",,CC(=O)NC[C@@H]1CCCN1C(=O)CO[C@H]1C[C@@H](NC(=O)C(O)C(C)(C)C)C1,
62339,C[C@H]1CN(C)C[C@H](C(=O)NC[C@]2(F)C[C@@H](CNC(=O)c3cc(CCO)on3)C2)O1,"1-(3-(((((1S)-3-fluoro-3-((((2S,6R)-2,4-dimethylmorpholin-6-ylcarbonyl)amino)methyl)cyclobutyl)methyl)amino)carbonyl)isooxazol-5-yl)-2-ethanol",,C[C@H]1CN(C)CC(C(=O)NC[C@]2(F)C[C@@H](CNC(=O)c3cc(CCO)on3)C2)O1,
62349,CC1(C)CCC(O)(C(=O)NC[C@]2(F)C[C@H](CNC(=O)C[C@@H]3CC=CCC3)C2)CC1,"1-hydroxy-4,4-dimethyl-1-(((((1S)-1-fluoro-3-(((((1S)-cyclohex-3-en-1-yl)methylcarbonyl)amino)methyl)cyclobutyl)methyl)amino)carbonyl)cyclohexan",,CC1(C)CCC(O)(C(=O)NC[C@]2(F)C[C@H](CNC(=O)C[C@@H]3CC=CCC3)C2)CC1,
62448,C[C@H]1CC[C@H]1N(C)C(=O)C(C)(C)NC(=O)C1CCCCCC1,(cis)-1-methyl-2-(N-(1-cycloheptylcarbonylamino-1-methyl-ethylcarbonyl)-N-methylamino)cyclobutane,C[C@H]1[C@H](CC1)N(C)C(=O)C(C)(C)NC(=O)C1CCCCCC1,C[C@H]1CC[C@H]1N(C)C(=O)C(C)(C)NC(=O)C1CCCCCC1,C[C@@H]1CC[C@@H]1N(C)C(=O)C(C)(C)NC(=O)C1CCCCCC1
62453,CN1[C@H]2CC[C@H]1CC(C(=O)NCC[C@@H](O)CNC(=O)[C@@H]1CC(C3CC3)=NO1)C2,"(1S,5S,R)-8-methyl-3-(((3-((((4S)-2-cyclopropyl-1-aza-5-oxacyclopent-1-ene-4-ylcarbonyl)amino)methyl)-4-oxabutyl)amino)carbonyl)-8-azabicyclo[3.2.1]octane",,CN1[C@H]2CC[C@H]1CC(C(=O)NCC[C@@H](O)CNC(=O)C1CC(C3CC3)=NO1)C2,
62497,CCC[C@@H]1C[C@H]1C(=O)NC[C@H]1C[C@](F)(CNC(=O)CC2(C)CC2)C1,"2-oxo-1-(1-methylcyclopropyl)-4-((1S)-1-fluoro-3-((((1R,2R)-2-propylcyclopropylcarbonyl)amino)methyl)cyclobutyl)-3-azabutane",,CCC[C@@H]1CC1C(=O)NC[C@H]1C[C@](F)(CNC(=O)CC2(C)CC2)C1,
62516,C[C@@H](NC(=O)C[C@H]1C=CCC1)C(=O)NC[C@@H](CO)NC(=O)C(C)(C)c1cnsc1,"(R,S)-4-(4-hydroxymethyl-1,1,8-trimethyl-2,7,10-trioxo-11-((1S)-cyclopent-2-en-1-yl)-3,6,9-triazaundecyl)isothiazol",OC[C@H](NC(C(C)(C)C=1C=NSC1)=O)CNC([C@@H](NC(C[C@H]1C=CCC1)=O)C)=O,CC(NC(=O)C[C@H]1C=CCC1)C(=O)NC[C@@H](CO)NC(=O)C(C)(C)c1cnsc1,CC(NC(=O)C[C@H]1C=CCC1)C(=O)NC[C@H](CO)NC(=O)C(C)(C)c1cnsc1
62543,O=C(NCC1CN(C(=O)C(F)(F)C[C@H]2CCCO2)C1)[C@@H](C1CC1)N1CCCC1,(2R)-2-(1-((3-((4R)-(cyclopropyl(pyrrolidino)methylcarbonylamino)methyl)azetidin-1-ylcarbonyl)difluoromethyl)-methyl)oxolan,,O=C(NCC1CN(C(=O)C(F)(F)C[C@H]2CCCO2)C1)C(C1CC1)N1CCCC1,
62579,CCCCC1(C(=O)N2C[C@H]3[C@H](N(C)C(=O)c4cnc5snc(C)c5c4)[C@H]3C2)CC1,"(1S,5R)-3-(1-butylcyclopropylcarbonyl)-6-(N-(7-methyl-2,8-diaza-9-thiabicyclo[4.3.0]nona-1(6),2(3),4(5),7(8)-tetraen-4-ylcarbonyl)-N-methylamino)-3-azabicyclo[3.1.0]hexane",C(CCC)C1(CC1)C(=O)N1C[C@H]2C([C@H]2C1)N(C)C(=O)C=1C=NC=2SN=C(C2C1)C,CCCCC1(C(=O)N2C[C@@H]3[C@H](C2)[C@H]3N(C)C(=O)c2cnc3snc(C)c3c2)CC1,CCCCC1(C(=O)N2C[C@@H]3C(N(C)C(=O)c4cnc5snc(C)c5c4)[C@@H]3C2)CC1
62642,COCC(=O)NCCC(=O)N1CC[C@@H](CNC(=O)[C@@]2(C(=O)OC)[C@H]3CC[C@H]32)C1,"(1S,4R)-5-methoxycarbonyl-5-(((((3S)-1-(2-methoxymethylcarbonylaminoethylcarbonyl)pyrrolidin-3-yl)methyl)amino)carbonyl)-bicyclo[2.1.0]pentane",COC(=O)C1([C@@H]2CC[C@H]12)C(=O)NC[C@H]1CN(CC1)C(=O)CCNC(=O)COC,COCC(=O)NCCC(=O)N1CC[C@@H](CNC(=O)[C@]2(C(=O)OC)[C@@H]3CC[C@@H]32)C1,COCC(=O)NCCC(=O)N1CC[C@@H](CNC(=O)C2(C(=O)OC)[C@@H]3CC[C@@H]32)C1
62666,C[C@@H](CF)CC(=O)N1[C@H]2CC[C@@H]1C[C@H](CNC(=O)c1cccnn1)C2,"(1S,3R,5R)-3-(((pyridazin-3-carbonyl)amino)methyl)-8-((2R)-2-fluoromethyl-propylcarbonyl)-8-azabicyclo[3.2.1]octane",,C[C@@H](CF)CC(=O)N1[C@@H]2CC[C@H]1C[C@@H](CNC(=O)c1cccnn1)C2,
62667,COc1cc(C(=O)N(C)CCN(C)C(=O)[C@H]2Cc3ccc(F)cc32)cc(F)c1F,"2-((2S)-6-fluorobenzocyclobutene-2-ylcarbonyl)-5-(3,4-difluoro-5-methoxybenzoyl)-2,5-diazahexane",,COc1cc(C(=O)N(C)CCN(C)C(=O)C2Cc3ccc(F)cc32)cc(F)c1F,
62674,CN(C(=O)Cc1cn[nH]c1)[C@H]1C[C@@H]2CC[C@H](C1)N2C(=O)[C@@H]1COCCO1,"(1S,3R,5R)-3-(N-((1H-pyrazol-4-yl)methylcarbonyl)-N-methylamino)-8-((2S)-1,4-dioxan-2-ylcarbonyl)-8-azabicyclo[3.2.1]octane",,CN(C(=O)Cc1cn[nH]c1)[C@@H]1C[C@H]2CC[C@@H](C1)N2C(=O)C1COCCO1,
62727,C=C(Cl)C(C)(C)C(=O)N(C)C[C@H]1[C@@H]2CN(C(=O)Cc3cc(CC)no3)C[C@H]12,"(1S,5R)-3-((3-ethylisoxazol-5-yl)methylcarbonyl)-6-((N-(3-chloro-2-methyl-but-3-en-2-ylcarbonyl)-N-methylamino)methyl)-3-azabicyclo[3.1.0]hexane",C(C)C1=NOC(=C1)CC(=O)N1C[C@H]2C([C@H]2C1)CN(C)C(=O)C(C)(C(=C)Cl)C,C=C(Cl)C(C)(C)C(=O)N(C)C[C@@H]1[C@H]2CN(C(=O)Cc3cc(CC)no3)C[C@@H]12,C=C(Cl)C(C)(C)C(=O)N(C)CC1[C@H]2CN(C(=O)Cc3cc(CC)no3)C[C@@H]12
62734,C[C@H](C(=O)N1CCCCCC[C@H]1C)[C@H]1CCN(C(=O)CC=C(Cl)Cl)C1,"(S,R)-1-(1-(2,2-dichloroethenyl)-methylcarbonyl)-3-(1-((2R)-2-methyl-1-azacyclooctan-1-ylcarbonyl)-ethyl)pyrrolidin",ClC(=CCC(=O)N1C[C@@H](CC1)[C@@H](C)C(=O)N1[C@@H](CCCCCC1)C)Cl,CC(C(=O)N1CCCCCC[C@H]1C)[C@H]1CCN(C(=O)CC=C(Cl)Cl)C1,CC(C(=O)N1CCCCCC[C@H]1C)[C@@H]1CCN(C(=O)CC=C(Cl)Cl)C1
62760,C/C=C/C[C@@H](CC)C(=O)NC[C@@H]1CCN(C(=O)CS(=O)(=O)C2CC2)C[C@@H]1C1CC1,"1-(1-((3R,4R)-3-cyclopropyl-4-((4R)-(((3R,5E)-hept-5-en-3-ylcarbonyl)amino)methyl)piperidinocarbonyl)-methylsulfonyl)cyclopropan",,C/C=C/CC(CC)C(=O)NC[C@@H]1CCN(C(=O)CS(=O)(=O)C2CC2)C[C@@H]1C1CC1,
62823,COc1ccc(C(=O)N2C[C@H]3[C@H](CNC(=O)[C@]4(C)CCCS4)[C@H]3C2)c2[nH]ncc12,"(1S,5R)-3-(2-methoxy-7,8-diazabicyclo[4.3.0]nona-1(2),3(4),5(6),8(9)-tetraen-5-ylcarbonyl)-6-((((2S)-2-methylthiolan-2-ylcarbonyl)amino)methyl)-3-azabicyclo[3.1.0]hexane",COC1=C2C=NNC2=C(C=C1)C(=O)N1C[C@H]2C([C@H]2C1)CNC(=O)[C@]1(SCCC1)C,COc1ccc(C(=O)N2C[C@@H]3[C@@H](CNC(=O)[C@]4(C)CCCS4)[C@@H]3C2)c2[nH]ncc12,COc1ccc(C(=O)N2C[C@@H]3C(CNC(=O)[C@]4(C)CCCS4)[C@@H]3C2)c2[nH]ncc12
62836,COCCNCCCN=c1[nH]c(=N)[nH]c(=NCC(F)=C2CCOCC2)[nH]1,,,COCCNCCCNc1nc(N)nc(NCC(F)=C2CCOCC2)n1,
62842,CCCC[C@H](C)C(=O)N1C[C@H]2[C@H](NC(=O)c3c(O)cc(=O)n4c3COCC4)[C@H]2C1,"(1S,5R,6R)-3-((2S)-hexan-2-ylcarbonyl)-6-((8-hydroxy-10-oxo-1-aza-4-oxabicyclo[4.4.0]deca-6(7),8(9)-dien-7-ylcarbonyl)amino)-3-azabicyclo[3.1.0]hexane",,CCCCC(C)C(=O)N1C[C@@H]2[C@H](C1)[C@H]2NC(=O)c1c(O)cc(=O)n2c1COCC2,
62843,CC[C@@H]1[C@@H](C(=O)NCC[C@@H](O)CO)CCN1C(=O)c1coc(C)c1,"2-methyl-4-((2R,3S)-2-ethyl-3-((((1R)-3,4-dihydroxybutyl)amino)carbonyl)pyrrolidinocarbonyl)furan",,CC[C@@H]1C(C(=O)NCC[C@@H](O)CO)CCN1C(=O)c1coc(C)c1,
62861,COCc1nc(Cl)cc(=N[C@@H]2CN(C(=O)c3ccc4nnn(O)c4c3)C[C@@H]2C)[nH]1,"4-chloro-2-methoxymethyl-6-(((3S,4S)-3-methyl-1-(3-hydroxy-1H-benzotriazol-5-ylcarbonyl)pyrrolidin-4-yl)imino)-1H-pyrimidin",ClC=1N=C(NC(C1)=N[C@H]1[C@H](CN(C1)C(=O)C1=CC2=C(NNN2O)C=C1)C)COC,COCc1nc(Cl)cc(N[C@@H]2CN(C(=O)c3ccc4nnn(O)c4c3)C[C@@H]2C)n1,COCc1nc(Cl)cc(N[C@@H]2CN(C(=O)c3ccc4c(c3)N(O)NN4)C[C@@H]2C)n1
62891,CC(C)[C@@H]1[C@@H](NC(=O)CC2(O)CCC2)CCN1C(=O)[C@H]1CC[C@]2(CC1)CC2(F)F,"1-hydroxy-1-(2-oxo-3-((2R,3S)-2-isopropyl-1-((3R)-2,2-difluorospiro[2.5]octane-6-ylcarbonyl)pyrrolidin-3-yl)-3-azapropyl)cyclobutan",,CC(C)[C@@H]1[C@@H](NC(=O)CC2(O)CCC2)CCN1C(=O)C1CCC2(CC1)CC2(F)F,
62929,C[C@@H](F)CC(=O)N1C[C@H]2C=C[C@H]1[C@H](C(=O)NCC(=O)OCC1CC1)C2,"(1S,4R,8R)-2-((2R)-2-fluoro-propylcarbonyl)-8-(((4-cyclopropyl-2-oxo-3-oxabutyl)amino)carbonyl)-2-azabicyclo[2.2.2]oct-5(6)-ene",F[C@@H](CC(=O)N1[C@@H]2C=C[C@@H](C1)[C@@H](C2)C(=O)NCC(OCC2CC2)=O)C,C[C@@H](F)CC(=O)N1C[C@H]2C=C[C@H]1C(C(=O)NCC(=O)OCC1CC1)C2,C[C@@H](F)CC(=O)N1C[C@@H]2C=C[C@@H]1CC2C(=O)NCC(=O)OCC1CC1
62959,CC[C@H](C)[C@@H](C(=O)N1CCC[C@H](C(=O)N[C@@H]2[C@H]3CCC[C@H]32)CC1)N(C)C,"(3S,4S)-2,4-dimethyl-3-((4S)-4-((((1S,5R)-bicyclo[3.1.0]hexane-6-yl)amino)carbonyl)azepan-1-ylcarbonyl)-2-azahexane",CN(C)[C@@H]([C@H](CC)C)C(=O)N1CC[C@H](CCC1)C(=O)NC1[C@@H]2CCC[C@H]12,CC[C@H](C)C(C(=O)N1CCCC(C(=O)N[C@H]2[C@@H]3CCC[C@@H]32)CC1)N(C)C,CC[C@H](C)C(C(=O)N1CCCC(C(=O)NC2[C@H]3CCC[C@@H]23)CC1)N(C)C
62970,C[C@@H](CC(=O)N[C@@H]1CC[C@H]1CNC(=O)[C@H]1C[C@@](C)(O)C1)c1ccc(F)cc1,"(S)-1-((((1R,2S)-2-((((3R)-3-hydroxy-3-methylcyclobutylcarbonyl)amino)methyl)cyclobutyl)amino)carbonyl)-2-(4-fluorophenyl)propane",,C[C@@H](CC(=O)N[C@@H]1CC[C@H]1CNC(=O)C1CC(C)(O)C1)c1ccc(F)cc1,
62975,Cc1c(CC(=O)N(C)C[C@H]2[C@@H]3CN(C(=O)[C@@]4(O)CCOC4(C)C)C[C@H]23)ncn1C,"(1S,5R,6R)-3-((3R)-3-hydroxy-2,2-dimethyloxolan-3-ylcarbonyl)-6-((N-((1,5-dimethylimidazol-4-yl)methylcarbonyl)-N-methylamino)methyl)-3-azabicyclo[3.1.0]hexane",,Cc1c(CC(=O)N(C)C[C@@H]2[C@H]3CN(C(=O)[C@@]4(O)CCOC4(C)C)C[C@@H]23)ncn1C,
62978,Cc1oncc1C(=O)N1C[C@H]2[C@H](CNC(=O)c3sc(Br)c(C)c3C)[C@H]2C1,"(1S,5R)-3-(5-methylisoxazol-4-ylcarbonyl)-6-(((2-bromo-3,4-dimethyl-5-thienylcarbonyl)amino)methyl)-3-azabicyclo[3.1.0]hexane",CC1=C(C=NO1)C(=O)N1C[C@H]2C([C@H]2C1)CNC(=O)C1=C(C(=C(S1)Br)C)C,Cc1oncc1C(=O)N1C[C@@H]2[C@@H](CNC(=O)c3sc(Br)c(C)c3C)[C@@H]2C1,Cc1oncc1C(=O)N1C[C@@H]2C(CNC(=O)c3sc(Br)c(C)c3C)[C@@H]2C1
62981,O=C(NC[C@]1(F)C[C@H](N=c2ccnc(Cc3ccccc3)[nH]2)C1)C1CSC1,((4-((3-fluoro-3-(((thietan-3-ylcarbonyl)amino)methyl)cyclobutyl)imino)-3H-pyrimidin-2-yl)methyl)benzene,FC1(CC(C1)N=C1NC(=NC=C1)CC1=CC=CC=C1)CNC(=O)C1CSC1,O=C(NC[C@]1(F)C[C@H](Nc2ccnc(Cc3ccccc3)n2)C1)C1CSC1,O=C(NCC1(F)CC(Nc2ccnc(Cc3ccccc3)n2)C1)C1CSC1
62996,CCN(C(=O)C1CC(C(C)(C)C)C1)[C@H]1CCCN(C(=O)C#CC2CC2)CC1,1-t-butyl-3-(N-((4S)-1-cyclopropylethynylcarbonylazepan-4-yl)-N-ethylcarbamoyl)cyclobutan,,CCN(C(=O)C1CC(C(C)(C)C)C1)[C@H]1CCCN(C(=O)C#CC2CC2)CC1,
63000,CC(=O)c1ccc(CC(=O)N2C[C@H]3[C@H](CNC(=O)CC4(C)CC4)[C@H]3C2)s1,"(1S,5R)-3-((2-(acetyl)-5-thienyl)methylcarbonyl)-6-((((1-methylcyclopropyl)methylcarbonyl)amino)methyl)-3-azabicyclo[3.1.0]hexane",C(C)(=O)C=1SC(=CC1)CC(=O)N1C[C@H]2C([C@H]2C1)CNC(=O)CC1(CC1)C,CC(=O)c1ccc(CC(=O)N2C[C@@H]3[C@@H](CNC(=O)CC4(C)CC4)[C@@H]3C2)s1,CC(=O)c1ccc(CC(=O)N2C[C@@H]3C(CNC(=O)CC4(C)CC4)[C@@H]3C2)s1
63074,Cc1cccc(C(=O)N[C@H]2C[C@@H]3CC[C@H](C2)N3C(=O)CC[C@@H]2CCCO2)c1O,"(1S,3R,5R)-3-((2-hydroxy-3-methylbenzoyl)amino)-8-(2-((2S)-oxolan-2-yl)ethylcarbonyl)-8-azabicyclo[3.2.1]octane",,Cc1cccc(C(=O)N[C@@H]2C[C@H]3CC[C@@H](C2)N3C(=O)CC[C@@H]2CCCO2)c1O,
63079,CC[C@H](OC)C(=O)N[C@H]1C[C@](C)(NC(=O)c2ccc(O)c3ncccc23)C1,"8-hydroxy-5-((((1S)-1-methyl-3-(((1S)-1-methoxy-propylcarbonyl)amino)cyclobutyl)amino)carbonyl)-pyrido[2,3-a]benzene",,CCC(OC)C(=O)N[C@H]1C[C@](C)(NC(=O)c2ccc(O)c3ncccc23)C1,
63219,C[C@H](NC(=O)c1ccco1)C(=O)N[C@H]1[C@@H]2CN(C(=O)[C@@H](F)CC3CCC3)C[C@@H]21,"(1S,5R,6R)-3-((1S)-2-cyclobutyl-1-fluoro-ethylcarbonyl)-6-(((1S)-1-((2-furylcarbonyl)amino)-ethylcarbonyl)amino)-3-azabicyclo[3.1.0]hexane",,CC(NC(=O)c1ccco1)C(=O)N[C@H]1[C@@H]2CN(C(=O)C(F)CC3CCC3)C[C@@H]21,
63325,C[C@H](C(=O)N1C[C@H]2[C@@H](C1)[C@@H]2C(=O)NC1[C@H]2CCC[C@H]1CC2)c1cnn(C)c1,"(1S,5R,6S)-3-((1S)-1-(1-methylpyrazol-4-yl)-ethylcarbonyl)-6-((((1S,5S)-bicyclo[3.2.1]octan-8-yl)amino)carbonyl)-3-azabicyclo[3.1.0]hexane",,CC(C(=O)N1C[C@@H]2C(C(=O)NC3[C@H]4CCC[C@H]3CC4)[C@@H]2C1)c1cnn(C)c1,
63334,Clc1nc2[nH]ccc2c(=NCCn2nnc3ccccc32)[nH]1,"1-(2-((2-chloropyrimido[4,5-b]pyrrole-4-ylidene)amino)ethyl)benzotriazol",ClC1=NC(C=2C(N=CC2)=N1)=NCCN1N=NC2=C1C=CC=C2,Clc1nc(NCCn2nnc3ccccc32)c2cc[nH]c2n1,ClC1=NC(=NCCn2nnc3ccccc32)C2=CC=NC2=N1
63335,Cc1c[nH]nc1C(=O)N1C[C@@H](NC(=O)[C@H]2C[C@@](C)(O)C2)C(C)(C)C1,"4-methyl-3-((4S)-3,3-dimethyl-4-(((3R)-3-hydroxy-3-methylcyclobutylcarbonyl)amino)pyrrolidinocarbonyl)-1H-pyrazole",,Cc1c[nH]nc1C(=O)N1C[C@@H](NC(=O)C2CC(C)(O)C2)C(C)(C)C1,
63361,C[C@@H](O)[C@H](C(=O)N[C@H]1CC[C@H](NC(=O)CC[C@H]2NC(=O)NC2=O)CC1)N(C)C,"(4R)-4-(3-oxo-4-((1R,4R)-4-(((2R,1R)-2-hydroxy-1-(dimethylamino)-propylcarbonyl)amino)cyclohexyl)-4-azabutyl)-imidazolidin-2,5-dion",,C[C@@H](O)C(C(=O)N[C@H]1CC[C@H](NC(=O)CCc2[nH]c(=O)[nH]c2O)CC1)N(C)C,
63362,O=C(NC/C=C/CNC(=O)[C@H]1C[C@@](F)(CO)C1)c1cc2n(n1)C[C@H](F)C2,"(7R,E)-7-fluoro-3-(((1-(1-((((3R)-3-fluoro-3-hydroxymethylcyclobutylcarbonyl)amino)methylmethylidene)-methyl)-methyl)amino)carbonyl)-1,2-diazabicyclo[3.3.0]octa-2(3),4(5)-diene",,O=C(NC/C=C/CNC(=O)C1CC(F)(CO)C1)c1cc2n(n1)C[C@H](F)C2,
63391,O=C([C@H]1C=CCS1)N1CC[C@](CF)(C(=O)N2[C@H]3CC[C@@H]2C[C@@H](F)C3)C1,"1-fluoro-1-((3R)-1-((2R)-1-thiacyclopent-3-ene-2-ylcarbonyl)-3-((1R,3S,5S)-3-fluoro-8-azabicyclo[3.2.1]octan-8-ylcarbonyl)pyrrolidin-3-yl)-methane",,O=C(C1C=CCS1)N1CC[C@](CF)(C(=O)N2[C@@H]3CC[C@H]2C[C@H](F)C3)C1,
63404,C[C@H](CC(N)=O)C(=O)N1CCO[C@]2(CC[C@@H](NC(=O)CCCC(F)F)CC2)C1,"1,1-difluoro-4-((((4S)-4'-((2R)-4-amino-4-oxo-butan-2-ylcarbonyl)spiro[cyclohexane-1,2'-morpholin]-4-yl)amino)carbonyl)butane",,CC(CC(N)=O)C(=O)N1CCO[C@]2(CC[C@@H](NC(=O)CCCC(F)F)CC2)C1,
63418,O=C(NC[C@@H]1C[C@@H]2CC[C@H](C1)N2C(=O)c1ccc(Cl)cn1)[C@@H]1C[C@@H]1F,"1-oxo-1-((1S,2S)-2-fluorocyclopropyl)-3-((1R,5S)-8-(3-chloro-6-pyridylcarbonyl)-8-azabicyclo[3.2.1]octan-3-yl)-2-azapropane",O=C(NCC1C[C@H]2CC[C@@H](C1)N2C(=O)C2=CC=C(C=N2)Cl)[C@H]2[C@H](C2)F,O=C(NC[C@H]1C[C@H]2CC[C@@H](C1)N2C(=O)c1ccc(Cl)cn1)C1C[C@@H]1F,O=C(NCC1C[C@H]2CC[C@@H](C1)N2C(=O)c1ccc(Cl)cn1)C1C[C@@H]1F
63438,COCn1nc(C)c(NC(=O)[C@H]2C[C@@H]2NC(=O)c2c(F)c(C)nn2C)c1C,"(trans)-1-(((1-methoxymethyl-3,5-dimethylpyrazol-4-yl)amino)carbonyl)-2-((4-fluoro-1,3-dimethylpyrazol-5-ylcarbonyl)amino)cyclopropane",COCN1N=C(C(=C1C)NC(=O)[C@H]1[C@@H](C1)NC(=O)C1=C(C(=NN1C)C)F)C,COCn1nc(C)c(NC(=O)C2C[C@@H]2NC(=O)c2c(F)c(C)nn2C)c1C,COCn1nc(C)c(NC(=O)C2C[C@H]2NC(=O)c2c(F)c(C)nn2C)c1C
63463,O=C(CCCn1cccc1)N[C@H]1C[C@@H](NS(=O)(=O)CC2CCC2)C1,1-cyclobutylmethylsulfonylamino-3-((3-(1H-pyrrol-1-yl)propylcarbonyl)amino)cyclobutane,C1(CCC1)CS(=O)(=O)NC1CC(C1)NC(=O)CCCN1C=CC=C1,O=C(CCCn1cccc1)N[C@H]1C[C@@H](NS(=O)(=O)CC2CCC2)C1,O=C(CCCn1cccc1)NC1CC(NS(=O)(=O)CC2CCC2)C1
63536,CC1(C)CO[C@H](CC(=O)NC[C@]2(C)CN(C(=O)C#CC3(C)COC3)C(C)(C)C2)C1,"3-methyl-3-(1-(1-((4R)-2,2,4-trimethyl-4-(((((5S)-3,3-dimethyloxolan-5-yl)methylcarbonyl)amino)methyl)pyrrolidinocarbonyl)-methyl)-methyl)oxetane",CC1(COC1)CCC(=O)N1C(C[C@@](C1)(CNC(=O)C[C@@H]1CC(CO1)(C)C)C)(C)C,CC1(C)CO[C@H](CC(=O)NC[C@]2(C)CN(C(=O)C#CC3(C)COC3)C(C)(C)C2)C1,CC1(C)CO[C@H](CC(=O)NC[C@]2(C)CN(C(=O)CCC3(C)COC3)C(C)(C)C2)C1
63551,O=C(Nc1nnc(SCc2ccccc2)s1)N[C@]1(c2ccccc2F)C[C@@H](F)C1,"(2-(2-((((3-fluoro-1-(2-fluorophenyl)cyclobutyl)amino)carbonyl)amino)-1,3,4-thiadiazol-5-yl)-2-thiaethyl)benzene",FC1CC(C1)(C1=C(C=CC=C1)F)NC(=O)NC=1SC(=NN1)SCC1=CC=CC=C1,O=C(Nc1nnc(SCc2ccccc2)s1)N[C@]1(c2ccccc2F)C[C@@H](F)C1,O=C(Nc1nnc(SCc2ccccc2)s1)NC1(c2ccccc2F)CC(F)C1
63651,C[C@]1(NC(=O)C2=CCCSC2)C[C@@H](NC(=O)c2cnc(C(F)F)s2)C1,2-difluoromethyl-5-(((3-methyl-3-((1-thiacyclohex-3-ene-3-ylcarbonyl)amino)cyclobutyl)amino)carbonyl)thiazol,FC(C=1SC(=CN1)C(=O)NC1CC(C1)(NC(=O)C=1CSCCC1)C)F,C[C@]1(NC(=O)C2=CCCSC2)C[C@@H](NC(=O)c2cnc(C(F)F)s2)C1,CC1(NC(=O)C2=CCCSC2)CC(NC(=O)c2cnc(C(F)F)s2)C1
63771,C=CC[C@]1(C(=O)NCc2ccc3c(c2)CC3)CCN(C(=O)[C@H]2CCCCS2)C1,1-((3S)-1-((2R)-thian-2-ylcarbonyl)-3-((((benzocyclobutene-6-yl)methyl)amino)carbonyl)pyrrolidin-3-yl)-2-propen,S1[C@H](CCCC1)C(=O)N1C[C@](CC1)(C(=O)NCC1=CC=CC2=C1C=C2)CC=C,C=CC[C@]1(C(=O)NCc2ccc3c(c2)CC3)CCN(C(=O)C2CCCCS2)C1,C=CC[C@]1(C(=O)NCc2cccc3c2C=C3)CCN(C(=O)C2CCCCS2)C1
63775,COc1ncnc(N(Cc2ccc(F)cc2C)[C@@H]2C[C@@H]3CC[C@H](C2)N3)c1C,"(1S,5R)-3-(N-(4-fluoro-2-methylbenzyl)-N-(4-methoxy-5-methylpyrimidin-6-yl)amino)-8-azabicyclo[3.2.1]octane",FC1=CC(=C(CN(C2=C(C(=NC=N2)OC)C)C2C[C@@H]3CC[C@H](C2)N3)C=C1)C,COc1ncnc(N(Cc2ccc(F)cc2C)[C@H]2C[C@H]3CC[C@@H](C2)N3)c1C,COc1ncnc(N(Cc2ccc(F)cc2C)C2C[C@H]3CC[C@@H](C2)N3)c1C
63776,CCC[C@@H](C)CCCC(=O)N[C@H]1CC[C@H](NC(=O)[C@H](C)n2ccnc2)CC1,"(S)-1-(1-methyl-2-oxo-3-((1R,4S)-4-(((4R)-4-methyl-heptylcarbonyl)amino)cyclohexyl)-3-azapropyl)imidazol",,CCC[C@@H](C)CCCC(=O)N[C@H]1CC[C@H](NC(=O)C(C)n2ccnc2)CC1,
63780,CC1CC(CC(=O)NC[C@H]2C[C@@](F)(CNC(=O)CCC(=O)NN(C)C)C2)C1,"1-methyl-3-(2-oxo-4-(3-fluoro-3-(((5-methyl-3-oxo-4,5-diazahexylcarbonyl)amino)methyl)cyclobutyl)-3-azabutyl)cyclobutan",CC1CC(C1)CC(NCC1CC(C1)(CNC(=O)CCC(NN(C)C)=O)F)=O,CC1CC(CC(=O)NC[C@H]2C[C@@](F)(CNC(=O)CCC(=O)NN(C)C)C2)C1,CC1CC(CC(=O)NCC2CC(F)(CNC(=O)CCC(=O)NN(C)C)C2)C1
63784,CC(C)(C(=O)N[C@H]1C[C@@H]2C[C@H](C1)CN(C(=O)c1cccnc1)C2)C1=CCSCC1,"4-(1,1-dimethyl-2-oxo-3-((1R,5S)-3-(3-pyridylcarbonyl)-3-azabicyclo[3.3.1]nonan-7-yl)-3-azapropyl)-1-thiacyclohex-3-en",CC(C(NC1C[C@H]2CN(C[C@@H](C1)C2)C(=O)C=2C=NC=CC2)=O)(C)C2=CCSCC2,CC(C)(C(=O)N[C@@H]1C[C@H]2C[C@@H](C1)CN(C(=O)c1cccnc1)C2)C1=CCSCC1,CC(C)(C(=O)NC1C[C@@H]2C[C@H](C1)CN(C(=O)c1cccnc1)C2)C1=CCSCC1
63881,CN1CCC(=CC(=O)N2C[C@@H](NC(=O)[C@H]3Cc4ccccc43)[C@H](C(F)F)C2)CC1,"1-(4-((3R,4S)-3-difluoromethyl-4-(((2S)-benzocyclobutene-2-ylcarbonyl)amino)pyrrolidinocarbonylmethylidene)piperidino)-methane",,CN1CCC(=CC(=O)N2C[C@@H](NC(=O)C3Cc4ccccc43)[C@H](C(F)F)C2)CC1,
63918,CN1Cc2ccccc2C[C@@H]1C(=O)N1CC[C@@H]1C(=O)NC[C@H](O)CO,"(4R)-3-methyl-4-((2R)-2-((((1S)-2,3-dihydroxypropyl)amino)carbonyl)azetidin-1-ylcarbonyl)-3-azabicyclo[4.4.0]deca-1(10),6(7),8(9)-triene",,CN1Cc2ccccc2CC1C(=O)N1CCC1C(=O)NC[C@H](O)CO,
63954,O=C([C@@H]1C[C@H](F)CCN1C(=O)C#CC1CCC1)N1CCC2(CSC2)C1,"6-((2S,4R)-1-cyclobutylethynylcarbonyl-4-fluoropiperidin-2-ylcarbonyl)-6-aza-2-thiaspiro[3.4]octane",,O=C(C1C[C@H](F)CCN1C(=O)C#CC1CCC1)N1CCC2(CSC2)C1,
64067,COc1ccc(C(=O)N[C@H]2C[C@](F)(CNC(=O)CCCC(C)(C)C)C2)c(F)n1,"7,7-dimethyl-3-oxo-1-(1-fluoro-3-((2-fluoro-6-methoxy-3-pyridylcarbonyl)amino)cyclobutyl)-2-azaoctane",CC(CCCC(NCC1(CC(C1)NC(=O)C=1C(=NC(=CC1)OC)F)F)=O)(C)C,COc1ccc(C(=O)N[C@H]2C[C@](F)(CNC(=O)CCCC(C)(C)C)C2)c(F)n1,COc1ccc(C(=O)NC2CC(F)(CNC(=O)CCCC(C)(C)C)C2)c(F)n1
64082,C[C@H](C(=O)N1C[C@H]2CC[C@H]1[C@@H](CNC(=O)C(F)(F)CC1CC1)C2)n1cccc1,"1-cyclopropyl-2,2-difluoro-3-oxo-5-((1S,4S,8R)-2-((1R)-1-(1H-pyrrol-1-yl)-ethylcarbonyl)-2-azabicyclo[2.2.2]octane-8-yl)-4-azapentane",C1(CC1)CC(C(NC[C@@H]1C[C@H]2N(C[C@H]1CC2)C(=O)[C@@H](C)N2C=CC=C2)=O)(F)F,CC(C(=O)N1C[C@H]2CC[C@H]1[C@@H](CNC(=O)C(F)(F)CC1CC1)C2)n1cccc1,CC(C(=O)N1C[C@H]2CC[C@H]1C[C@H]2CNC(=O)C(F)(F)CC1CC1)n1cccc1
64113,C[C@@H](NC(=O)[C@H]1CC1(C)C)[C@H]1CCN(C(=O)c2ccc(Cl)c(F)c2O)C1,"(R,S)-1,1-dimethyl-2-(((1-((3S)-1-(4-chloro-3-fluoro-2-hydroxybenzoyl)pyrrolidin-3-yl)-ethyl)amino)carbonyl)cyclopropane",CC1([C@@H](C1)C(=O)N[C@@H](C)[C@@H]1CN(CC1)C(C1=C(C(=C(C=C1)Cl)F)O)=O)C,C[C@@H](NC(=O)C1CC1(C)C)[C@H]1CCN(C(=O)c2ccc(Cl)c(F)c2O)C1,C[C@H](NC(=O)C1CC1(C)C)[C@H]1CCN(C(=O)c2ccc(Cl)c(F)c2O)C1
64195,CCOC(=O)[C@H](OC)C(=O)NC[C@]1(F)C[C@H](CNC(=O)Cn2nc(C)cc2C)C1,"(4R)-4-methoxy-3,5-dioxo-1-((3R)-1-fluoro-3-((((3,5-dimethylpyrazol-1-yl)methylcarbonyl)amino)methyl)cyclobutyl)-2-aza-6-oxaoctane",,CCOC(=O)C(OC)C(=O)NC[C@]1(F)C[C@H](CNC(=O)Cn2nc(C)cc2C)C1,
64213,O=C(C[C@@H]1CCCC12CC2)N[C@H]1CC[C@]2(CC1)CN(C(=O)C1CCCC1)CCO2,(6S)-10-cyclopentylcarbonyl-3-((((7S)-spiro[2.4]heptane-7-yl)methylcarbonyl)amino)-10-aza-7-oxaspiro[5.5]undecane,,O=C(C[C@@H]1CCCC12CC2)N[C@H]1CC[C@]2(CC1)CN(C(=O)C1CCCC1)CCO2,
64252,COCC(COC)CC(=O)N(C)C[C@H]1[C@@H]2CN(C(=O)[C@@H](OC)C(C)C)C[C@H]12,"(1R,5S,6S)-3-((1S)-1-isopropyl-2-oxapropylcarbonyl)-6-((N-(2-methoxymethyl-4-oxapentylcarbonyl)-N-methylamino)methyl)-3-azabicyclo[3.1.0]hexane",,COCC(COC)CC(=O)N(C)C[C@@H]1[C@H]2CN(C(=O)C(OC)C(C)C)C[C@@H]12,
64264,CO[C@@]1(C(=O)N[C@H]2C[C@@H](C(=O)N[C@H](C)c3nnc(C)s3)C2)CCOC1,"(1R,3S)-1-((((1R)-1-(2-methyl-1,3,4-thiadiazol-5-yl)-ethyl)amino)carbonyl)-3-(((3S)-3-methoxyoxolan-3-ylcarbonyl)amino)cyclobutane",,CO[C@@]1(C(=O)NC2CC(C(=O)N[C@H](C)c3nnc(C)s3)C2)CCOC1,
64287,CC(C)[C@@H](SCc1ccccc1)C(=O)N1C[C@@H]2CCC[C@H](C1)NC2=O,"(3R)-4-methyl-1-phenyl-3-((1S,5R)-10-oxo-3,9-diazabicyclo[3.3.2]decan-3-ylcarbonyl)-2-thiapentane",CC([C@@H](SCC1=CC=CC=C1)C(=O)N1C[C@@H]2CCC[C@H](C1)C(N2)=O)C,CC(C)C(SCc1ccccc1)C(=O)N1CC2CCC[C@H](C1)NC2=O,CC(C)C(SCc1ccccc1)C(=O)N1CC2CCC[C@@H](C1)NC2=O
64288,CCc1cc(C(=O)N(C)C[C@H]2[C@@H]3CN(C(=O)CCCCOC)C[C@H]23)ncn1,"(1S,5R)-3-(4-methoxybutylcarbonyl)-6-((N-(4-ethylpyrimidin-6-ylcarbonyl)-N-methylamino)methyl)-3-azabicyclo[3.1.0]hexane",COCCCCC(=O)N1C[C@H]2C([C@H]2C1)CN(C)C(=O)C1=CC(=NC=N1)CC,CCc1cc(C(=O)N(C)C[C@@H]2[C@H]3CN(C(=O)CCCCOC)C[C@@H]23)ncn1,CCc1cc(C(=O)N(C)CC2[C@H]3CN(C(=O)CCCCOC)C[C@@H]23)ncn1
64358,O=C(NC[C@H]1[C@@H]2CN(C(=O)[C@@H](F)c3ccccc3)C[C@H]12)c1cnn(CC2CC2)c1,"(1S,5R,6S)-3-((1S)-1-fluoro-1-phenyl-methylcarbonyl)-6-(((1-cyclopropylmethylpyrazol-4-ylcarbonyl)amino)methyl)-3-azabicyclo[3.1.0]hexane",,O=C(NC[C@@H]1[C@H]2CN(C(=O)C(F)c3ccccc3)C[C@@H]12)c1cnn(CC2CC2)c1,
64400,C[C@H]1C[C@H](CCNCc2ccc3c(c2)NC(=O)[C@H](C)O3)C[C@@H](C)O1,"1-((2S)-2-methyl-2H-1,4-benzoxazin-3-one-6-yl)-4-((2R,6S)-2,6-dimethyloxan-4-yl)-2-azabutane",C[C@@H]1OC2=C(NC1=O)C=C(C=C2)CNCCC2C[C@H](O[C@H](C2)C)C,CC1Oc2ccc(CNCC[C@@H]3C[C@@H](C)O[C@@H](C)C3)cc2NC1=O,CC1Oc2ccc(CNCCC3C[C@@H](C)O[C@@H](C)C3)cc2NC1=O
64467,CC=C(C)C(=O)N(C)C[C@H]1[C@@H]2CN(C(=O)[C@@H]3CC=Cc4ccccc43)C[C@H]12,"2,4-dimethyl-3-oxo-1-((1S,5R,6R)-3-((1R)-1,2-dihydronaphthalene-1-ylcarbonyl)-3-azabicyclo[3.1.0]hexane-6-yl)-2-aza-4-hexen",,CC=C(C)C(=O)N(C)C[C@@H]1[C@H]2CN(C(=O)C3CC=Cc4ccccc43)C[C@@H]12,
64555,Cn1ccc([C@H]2CCCN2C(=O)[C@@H]2[C@H]3C[C@H](NC(=O)OC(C)(C)C)C[C@H]32)n1,"(1S,3S,5R)-3-(((t-butyl)oxycarbonyl)amino)-6-((2R)-2-(1-methylpyrazol-3-yl)pyrrolidinocarbonyl)-bicyclo[3.1.0]hexane",,Cn1ccc([C@H]2CCCN2C(=O)C2[C@H]3C[C@H](NC(=O)OC(C)(C)C)C[C@@H]23)n1,
64557,CC[C@H](C(=O)N(C)C[C@H]1[C@@H]2CN(C(=O)c3cc(C(C)(F)F)n[nH]3)C[C@H]12)N(C)C,"(1S,5R)-3-(3-((methyl)difluoromethyl)-1H-pyrazol-5-ylcarbonyl)-6-((N-((1R)-1-(dimethylamino)-propylcarbonyl)-N-methylamino)methyl)-3-azabicyclo[3.1.0]hexane",CC(C1=NNC(=C1)C(=O)N1C[C@H]2C([C@H]2C1)CN(C)C(=O)[C@@H](CC)N(C)C)(F)F,CCC(C(=O)N(C)C[C@@H]1[C@H]2CN(C(=O)c3cc(C(C)(F)F)[nH]n3)C[C@@H]12)N(C)C,CCC(C(=O)N(C)CC1[C@H]2CN(C(=O)c3cc(C(C)(F)F)[nH]n3)C[C@@H]12)N(C)C
64584,CCCCN(C)c1ccc(C(=O)NC[C@H]2C[C@@H](NC(=O)C#CC3CC3)C2)cc1,1-cyclopropylethynylcarbonylamino-3-((N-(4-(butyl(methyl)amino)benzoyl)amino)methyl)cyclobutane,,CCCCN(C)c1ccc(C(=O)NC[C@H]2C[C@@H](NC(=O)C#CC3CC3)C2)cc1,
64655,CC(C(=O)N1CCCN(C(=O)[C@H](C)CC(N)=O)C[C@H]1CO)=C1CC1,"1-(((2S)-2-hydroxymethyl-4-((2R)-4-amino-4-oxo-butan-2-ylcarbonyl)-1,4-diazacycloheptan-1-ylcarbonyl)methylmethylidene)cyclopropan",OC[C@H]1N(CCCN(C1)C(=O)[C@H](C)CC(=O)N)C(=O)CC=C1CC1,CC(C(=O)N1CCCN(C(=O)C(C)CC(N)=O)C[C@H]1CO)=C1CC1,CC(CC(N)=O)C(=O)N1CCCN(C(=O)CC=C2CC2)[C@H](CO)C1
64682,CN(C[C@H]1[C@@H]2CN(C(=O)c3sccc3CO)C[C@H]12)C(=O)c1ccc([N+](=O)[O-])cc1,"(1S,5R)-3-(3-hydroxymethyl-2-thienylcarbonyl)-6-((N-(4-nitrobenzoyl)-N-methylamino)methyl)-3-azabicyclo[3.1.0]hexane",OCC1=C(SC=C1)C(=O)N1C[C@H]2C([C@H]2C1)CN(C)C(C1=CC=C(C=C1)[N+](=O)[O-])=O,CN(C[C@@H]1[C@H]2CN(C(=O)c3sccc3CO)C[C@@H]12)C(=O)c1ccc([N+](=O)[O-])cc1,CN(CC1[C@H]2CN(C(=O)c3sccc3CO)C[C@@H]12)C(=O)c1ccc([N+](=O)[O-])cc1
64705,CC(C)=C(F)C(=O)N1C[C@H]2[C@H](CN(C)C(=O)[C@H]3CCOC3(C)C)[C@H]2C1,"1-fluoro-2-methyl-1-((1S,5R)-6-((N-((3S)-2,2-dimethyloxolan-3-ylcarbonyl)-N-methylamino)methyl)-3-azabicyclo[3.1.0]hexane-3-ylcarbonyl)propen",FC(=C(C)C)C(=O)N1C[C@H]2C([C@H]2C1)CN(C)C(=O)[C@@H]1C(OCC1)(C)C,CC(C)=C(F)C(=O)N1C[C@@H]2[C@@H](CN(C)C(=O)C3CCOC3(C)C)[C@@H]2C1,CC(C)=C(F)C(=O)N1C[C@@H]2C(CN(C)C(=O)C3CCOC3(C)C)[C@@H]2C1
64709,CSC1(C(=O)N2C[C@@H]3CCC[C@H](C2)CN3C(=O)C2=C(C)OCCS2(=O)=O)CC1,"(1R,5S)-3-(1-methylsulfanylcyclopropylcarbonyl)-9-(3-methyl-1,1-dioxo-4-oxa-1-thiacyclohex-2-ene-2-ylcarbonyl)-3,9-diazabicyclo[3.3.2]decane",CSC1(CC1)C(=O)N1C[C@H]2CCC[C@@H](C1)CN2C(=O)C=2S(CCOC2C)(=O)=O,CSC1(C(=O)N2C[C@H]3CCC[C@@H](C2)N(C(=O)C2=C(C)OCCS2(=O)=O)C3)CC1,CSC1(C(=O)N2C[C@@H]3CCC[C@H](C2)N(C(=O)C2=C(C)OCCS2(=O)=O)C3)CC1
64744,O=C(NCC[C@@H]1CN(C(=O)[C@]2(F)[C@H]3CCC[C@H]32)CCO1)c1cc[nH]c1,"(1S,5R)-6-fluoro-6-((2R)-2-(2-((1H-pyrrol-3-ylcarbonyl)amino)ethyl)morpholinocarbonyl)-bicyclo[3.1.0]hexane",FC1([C@@H]2CCC[C@H]12)C(=O)N1C[C@H](OCC1)CCNC(=O)C1=CNC=C1,O=C(NCC[C@@H]1CN(C(=O)[C@@]2(F)[C@@H]3CCC[C@@H]32)CCO1)c1cc[nH]c1,O=C(NCC[C@@H]1CN(C(=O)C2(F)[C@@H]3CCC[C@@H]32)CCO1)c1cc[nH]c1
64749,CC(C)C#CC(=O)NC[C@]1(F)C[C@@H](NC(=O)Cc2c[nH]c3cc(Br)ccc23)C1,6-methyl-3-oxo-1-(1-fluoro-3-(((6-bromoindol-3-yl)methylcarbonyl)amino)cyclobutyl)-2-aza-4-heptyn,CC(C#CC(NCC1(CC(C1)NC(=O)CC1=CNC2=CC(=CC=C12)Br)F)=O)C,CC(C)C#CC(=O)NC[C@]1(F)C[C@@H](NC(=O)Cc2c[nH]c3cc(Br)ccc23)C1,CC(C)C#CC(=O)NCC1(F)CC(NC(=O)Cc2c[nH]c3cc(Br)ccc23)C1
64762,Cc1cnc(O)c(CNC(=O)[C@H]2CC3(CCN2C(=O)[C@@H]2[C@H]4CCC[C@H]42)CC3)c1,"(1S,5R,R)-6-(2'-((((2-hydroxy-5-methyl-3-pyridyl)methyl)amino)carbonyl)spiro[cyclopropane-1,4'-piperidin]-1'-ylcarbonyl)-bicyclo[3.1.0]hexane",,Cc1c[nH]c(=O)c(CNC(=O)C2CC3(CCN2C(=O)C2[C@H]4CCC[C@@H]24)CC3)c1,
64803,CCCc1cc(=N[C@@H]2[C@@H](C)CN(C(=O)[C@@H]3CO[C@@H]4COC[C@H]43)C[C@H]2C)[nH]c(Cl)n1,"2-chloro-4-propyl-6-(((3R,4S,5S)-3,5-dimethyl-1-((1S,4S,5R)-2,7-dioxabicyclo[3.3.0]octan-4-ylcarbonyl)piperidin-4-yl)imino)-1H-pyrimidin",,CCCc1cc(N[C@H]2[C@H](C)CN(C(=O)C3CO[C@@H]4COC[C@@H]34)C[C@@H]2C)nc(Cl)n1,
64856,COc1ccnc(C(=O)N[C@H]2[C@@H]3CN(C(=O)[C@H]4CCn5cncc5C4)C[C@@H]32)c1F,"(1S,5R,6R)-3-((4S)-1,8-diazabicyclo[4.3.0]nona-6(7),8(9)-dien-4-ylcarbonyl)-6-((3-fluoro-4-methoxy-2-pyridylcarbonyl)amino)-3-azabicyclo[3.1.0]hexane",,COc1ccnc(C(=O)N[C@H]2[C@@H]3CN(C(=O)C4CCn5cncc5C4)C[C@@H]32)c1F,
64885,C#CC[C@]1(O)C[C@@H](C(=O)NC2CN(C(=O)C[C@H]3CC(c4ccccc4)=NO3)C2)C1,((2R)-2-(1-(3-(((3S)-3-hydroxy-3-propargylcyclobutylcarbonyl)amino)azetidin-1-ylcarbonyl)-methyl)-5-aza-1-oxacyclopent-4-ene-4-yl)benzene,,C#CCC1(O)CC(C(=O)NC2CN(C(=O)C[C@H]3CC(c4ccccc4)=NO3)C2)C1,
64930,CCSCCC(=O)NC[C@H]1C[C@@H]2CC[C@H](C1)N2C(=O)c1cc(C)c(O)c(N)c1,"(1S,5R)-3-(((2-ethylsulfanylethylcarbonyl)amino)methyl)-8-(3-amino-4-hydroxy-5-methylbenzoyl)-8-azabicyclo[3.2.1]octane",C(C)SCCC(=O)NCC1C[C@@H]2CC[C@H](C1)N2C(C2=CC(=C(C(=C2)C)O)N)=O,CCSCCC(=O)NC[C@@H]1C[C@H]2CC[C@@H](C1)N2C(=O)c1cc(C)c(O)c(N)c1,CCSCCC(=O)NCC1C[C@H]2CC[C@@H](C1)N2C(=O)c1cc(C)c(O)c(N)c1
64935,CCNC(=O)C(=O)NC[C@H]1C[C@](F)(CNC(=O)c2csc3c(OC)cccc23)C1,"7-methoxy-3-((((1-fluoro-3-(((((ethyl)amino)carbonylcarbonyl)amino)methyl)cyclobutyl)methyl)amino)carbonyl)-thieno[2,3-a]benzene",COC=1C=CC=C2C1SC=C2C(=O)NCC2(CC(C2)CNC(=O)C(=O)NCC)F,CCNC(=O)C(=O)NC[C@H]1C[C@](F)(CNC(=O)c2csc3c(OC)cccc23)C1,CCNC(=O)C(=O)NCC1CC(F)(CNC(=O)c2csc3c(OC)cccc23)C1
64991,CO[C@@H](C(=O)N1C[C@H]2[C@H](Nc3cc(=O)n4cc(Cl)ccc4n3)[C@H]2C1)C1CCC1,"(1S,5R,6S)-3-((1R)-1-cyclobutyl-2-oxapropylcarbonyl)-6-((7-chloro-4-oxopyrido[1,2-a]pyrimidine-2-yl)amino)-3-azabicyclo[3.1.0]hexane",,COC(C(=O)N1C[C@@H]2[C@H](C1)[C@H]2Nc1cc(=O)n2cc(Cl)ccc2n1)C1CCC1,
65002,CC=C(CC)C(=O)N[C@H]1C[C@@](C)(NC(=O)C[C@@H](c2ccccc2)n2cnnn2)C1,3-((((1R)-3-methyl-3-(((2S)-2-phenyl-2-(tetrazol-1-yl)-ethylcarbonyl)amino)cyclobutyl)amino)carbonyl)-2-penten,,CC=C(CC)C(=O)N[C@H]1C[C@@](C)(NC(=O)C[C@@H](c2ccccc2)n2cnnn2)C1,
65044,CCc1ccc([C@@H](C)C(=O)N[C@]2(C)C[C@H](NC(=O)CN3CCCC3=O)C2)cc1,(R)-1-(4-(1-methyl-2-oxo-3-((3S)-1-methyl-3-(((2-oxopyrrolidino)methylcarbonyl)amino)cyclobutyl)-3-azapropyl)phenyl)-ethane,,CCc1ccc(C(C)C(=O)N[C@]2(C)C[C@H](NC(=O)CN3CCCC3=O)C2)cc1,
65081,Cc1n[nH]c(=NCCCN(C)C(=O)[C@@H](C)CC(C)C)s1,"2-methyl-5-(((6S)-4,6,8-trimethyl-5-oxo-4-azanonyl)imino)-1,3,4-thiadiazole",CC1SC(N=N1)=NCCCN(C([C@H](CC(C)C)C)=O)C,Cc1nnc(NCCCN(C)C(=O)C(C)CC(C)C)s1,CC(C)CC(C)C(=O)N(C)CCCN=C1N=NC(C)S1
65094,C=CCCC1(C(=O)NCC2(NC(=O)[C@@H](C)C/C=C/C)CCC2)CCCC1,"1-homoallyl-1-((((1-((2S)-((2S,4E)-hex-4-en-2-ylcarbonyl)amino)cyclobutyl)methyl)amino)carbonyl)cyclopentan",,C=CCCC1(C(=O)NCC2(NC(=O)C(C)C/C=C/C)CCC2)CCCC1,
65178,COC1(C(=O)N2C[C@H]3[C@H](CC(=O)NC[C@@H](O)C(F)(F)F)[C@H]3C2)CCCC1,"(1S,5R)-3-(1-methoxycyclopentylcarbonyl)-6-((5R)-2-oxo-5-trifluoromethyl-3-aza-6-oxahexyl)-3-azabicyclo[3.1.0]hexane",COC1(CCCC1)C(=O)N1C[C@H]2C([C@H]2C1)CC(NC[C@@H](O)C(F)(F)F)=O,COC1(C(=O)N2C[C@@H]3[C@@H](CC(=O)NC[C@@H](O)C(F)(F)F)[C@@H]3C2)CCCC1,COC1(C(=O)N2C[C@@H]3C(CC(=O)NC[C@@H](O)C(F)(F)F)[C@@H]3C2)CCCC1
65218,CC1=C(C(=O)N[C@H]2CCN(C(=O)C#CC3CC3)C[C@@H]2F)COCC1,"(3S,4S)-1-cyclopropylethynylcarbonyl-3-fluoro-4-((4-methyl-1-oxacyclohex-3-ene-3-ylcarbonyl)amino)piperidin",,CC1=C(C(=O)N[C@H]2CCN(C(=O)C#CC3CC3)C[C@@H]2F)COCC1,
65242,C=C(Cl)CCC(=O)N[C@H]1C[C@@H]2C[C@H](C1)CN(C(=O)[C@@H](O)CN(C)C)C2,"(1S,5R,7R)-3-((1S)-1-hydroxy-3-methyl-3-azabutylcarbonyl)-7-((3-chloro-3-buten-1-ylcarbonyl)amino)-3-azabicyclo[3.3.1]nonane",,C=C(Cl)CCC(=O)N[C@@H]1C[C@H]2C[C@@H](C1)CN(C(=O)C(O)CN(C)C)C2,
65245,CC[C@@H](C(=O)N(C)[C@H]1C[C@@H]2CC[C@H](C1)N2C(=O)[C@@H]1Cc2ccccc2O1)N(C)C,"(2S)-2-((1R,3R,5S)-3-(N-((1S)-1-(dimethylamino)-propylcarbonyl)-N-methylamino)-8-azabicyclo[3.2.1]octan-8-ylcarbonyl)coumaran",,CCC(C(=O)N(C)[C@@H]1C[C@H]2CC[C@@H](C1)N2C(=O)C1Cc2ccccc2O1)N(C)C,
65255,CC[C@H]1CCOCCN1C(=O)C#CCNC(=O)[C@@H]1CC12CCCCC2,(1R)-1-(((1-(1-(1-((2S)-2-ethyl-1-aza-5-oxacycloheptan-1-ylcarbonyl)-methyl)-methyl)-methyl)amino)carbonyl)-spiro[2.5]octane,C(C)[C@@H]1N(CCOCC1)C(=O)CCCNC(=O)[C@@H]1CC12CCCCC2,CC[C@H]1CCOCCN1C(=O)C#CCNC(=O)C1CC12CCCCC2,CC[C@H]1CCOCCN1C(=O)CCCNC(=O)C1CC12CCCCC2
65298,COCCn1nccc1C(=O)N1C[C@H]2[C@H](CN(C)C(=O)CCc3ccon3)[C@H]2C1,"(1S,5R)-3-(1-(3-oxabutyl)pyrazol-5-ylcarbonyl)-6-((N-(2-(isooxazol-3-yl)ethylcarbonyl)-N-methylamino)methyl)-3-azabicyclo[3.1.0]hexane",C(COC)N1N=CC=C1C(=O)N1C[C@H]2C([C@H]2C1)CN(C)C(=O)CCC1=NOC=C1,COCCn1nccc1C(=O)N1C[C@@H]2[C@@H](CN(C)C(=O)CCc3ccon3)[C@@H]2C1,COCCn1nccc1C(=O)N1C[C@@H]2C(CN(C)C(=O)CCc3ccon3)[C@@H]2C1
65452,CC(C)(C)[C@@H](CCO)NC(=O)[C@H]1C[C@@H](NC(=O)[C@@H]2CC2(Cl)Cl)C1,"(2S)-1,1-dichloro-2-((((1S,3R)-3-((((3R)-1-hydroxy-4,4-dimethyl-pentan-3-yl)amino)carbonyl)cyclobutyl)amino)carbonyl)cyclopropane",,CC(C)(C)[C@@H](CCO)NC(=O)C1CC(NC(=O)C2CC2(Cl)Cl)C1,
65469,CO[C@H](C(=O)N[C@H]1CCN(C(=O)[C@]23CC[C@H](CC2)C3(C)C)[C@@H]1C)C1CCC1,"(1S)-1-cyclobutyl-1-((((2R,3S)-2-methyl-1-((1R)-7,7-dimethylnorbornane-4-ylcarbonyl)pyrrolidin-3-yl)amino)carbonyl)-2-oxapropane",,COC(C(=O)N[C@H]1CCN(C(=O)[C@]23CC[C@H](CC2)C3(C)C)[C@@H]1C)C1CCC1,
65499,C=CCOCCN=C(NC[C@H]1[C@@H]2COC[C@H]12)N1CCCC1,"3-pyrrolidino-1-((1R,5S)-3-oxabicyclo[3.1.0]hexan-6-yl)-2,4-diaza-7-oxa-3,9-decadien",N1(CCCC1)C(NCC1[C@@H]2COC[C@H]12)=NCCOCC=C,C=CCOCCN=C(NC[C@@H]1[C@H]2COC[C@@H]12)N1CCCC1,C=CCOCCN=C(NCC1[C@H]2COC[C@@H]12)N1CCCC1
65527,O=C(C=C1CCC1)N[C@@H]1C[C@@H]2C[C@H](NC(=O)CCCc3ccsc3)C[C@@H]2C1,"1-((((1R,5S)-3-cyclobutylidenemethylcarbonylamino-bicyclo[3.3.0]octan-7-yl)amino)carbonyl)-3-(3-thienyl)propane",C1(CCC1)=CC(=O)NC1C[C@H]2CC(C[C@H]2C1)NC(=O)CCCC1=CSC=C1,O=C(C=C1CCC1)N[C@@H]1C[C@@H]2C[C@H](NC(=O)CCCc3ccsc3)C[C@@H]2C1,O=C(C=C1CCC1)NC1C[C@@H]2CC(NC(=O)CCCc3ccsc3)C[C@@H]2C1
65547,C#CCCC(=O)N1C[C@@H]2CC[C@H]1[C@H](C(=O)Nc1cccc(C)n1)C2,"1-((1S,4R,8R)-8-(((2-methyl-6-pyridyl)amino)carbonyl)-2-azabicyclo[2.2.2]octane-2-ylcarbonyl)-3-butyn",CC1=NC(=CC=C1)NC(=O)[C@@H]1C[C@H]2N(C[C@@H]1CC2)C(=O)CCC#C,C#CCCC(=O)N1C[C@@H]2CC[C@H]1C(C(=O)Nc1cccc(C)n1)C2,C#CCCC(=O)N1C[C@@H]2CC[C@H]1CC2C(=O)Nc1cccc(C)n1
65553,COc1ccc([C@@H](NC(=O)N2CCOc3cc(F)c(F)cc32)C(F)F)cc1F,"(1R)-2,2-difluoro-1-((7,8-difluoro-3,4-dihydro-2H-1,4-benzoxazine-4-ylcarbonyl)amino)-1-(3-fluoro-4-methoxyphenyl)-ethane",FC([C@@H](C1=CC(=C(C=C1)OC)F)NC(=O)N1CCOC2=C1C=CC(=C2F)F)F,COc1ccc([C@@H](NC(=O)N2CCOc3cc(F)c(F)cc32)C(F)F)cc1F,COc1ccc([C@@H](NC(=O)N2CCOc3c2ccc(F)c3F)C(F)F)cc1F
65594,CNC(=O)NCC(=O)NC[C@@H]1CC[C@H]2CN(C(=O)C(C)C)CC[C@@H]2C1,"(4aS,6R,8aR)-2-isobutyryl-6-(((((((methyl)amino)carbonyl)amino)methylcarbonyl)amino)methyl)-1,8-dihydro-pyrido[4,3-b]benzene",,CNC(=O)NCC(=O)NC[C@@H]1CC[C@H]2CN(C(=O)C(C)C)CC[C@@H]2C1,
65613,CCc1ccc(C(=O)N[C@@H]2[C@H]3CCN(C(=O)c4n[nH]c(C)c4C)CC[C@H]32)s1,"(1S,7R)-4-(3,4-dimethyl-2H-pyrazol-5-ylcarbonyl)-8-((2-ethyl-5-thienylcarbonyl)amino)-4-azabicyclo[5.1.0]octane",CC=1NN=C(C1C)C(=O)N1CC[C@@H]2C([C@@H]2CC1)NC(=O)C1=CC=C(S1)CC,CCc1ccc(C(=O)N[C@H]2[C@@H]3CCN(C(=O)c4[nH]nc(C)c4C)CC[C@@H]32)s1,CCc1ccc(C(=O)NC2[C@H]3CCN(C(=O)c4[nH]nc(C)c4C)CC[C@@H]23)s1
65623,Cc1n[nH]cc1C(=O)N[C@H]1C[C@@H]2CN(C(=O)[C@@H]3CCS[C@@H](C)C3)C[C@@H]2C1,"(1S,5R,7S)-3-((2S,4R)-2-methylthian-4-ylcarbonyl)-7-((3-methyl-1H-pyrazol-4-ylcarbonyl)amino)-3-azabicyclo[3.3.0]octane",,Cc1[nH]ncc1C(=O)N[C@H]1C[C@@H]2CN(C(=O)C3CCS[C@@H](C)C3)C[C@@H]2C1,
65676,C[C@H]1C[C@H]1C(=O)N1CCN(N2CCC(C(=O)NCCCN(C)C)CC2)CC1,(cis)-1-methyl-2-(4-(4-(((3-dimethylaminopropyl)amino)carbonyl)piperidino)piperazinocarbonyl)cyclopropane,C[C@H]1[C@H](C1)C(=O)N1CCN(CC1)N1CCC(CC1)C(=O)NCCCN(C)C,C[C@H]1CC1C(=O)N1CCN(N2CCC(C(=O)NCCCN(C)C)CC2)CC1,C[C@@H]1CC1C(=O)N1CCN(N2CCC(C(=O)NCCCN(C)C)CC2)CC1
65699,CCc1ocnc1C(=O)N1C[C@H]2[C@H](NC(=O)[C@@](C)(O)Cc3ccccc3)[C@H]2C1,"(1S,5R)-3-(5-ethyloxazol-4-ylcarbonyl)-6-(((1S)-1-benzyl-1-hydroxy-ethylcarbonyl)amino)-3-azabicyclo[3.1.0]hexane",C(C)C1=C(N=CO1)C(=O)N1C[C@H]2C([C@H]2C1)NC(=O)[C@@](C)(O)CC1=CC=CC=C1,CCc1ocnc1C(=O)N1C[C@@H]2[C@H](C1)[C@H]2NC(=O)[C@@](C)(O)Cc1ccccc1,CCc1ocnc1C(=O)N1C[C@@H]2C(NC(=O)[C@@](C)(O)Cc3ccccc3)[C@@H]2C1
65719,Cc1ccc(C(=O)N2C[C@H]3[C@H](NC(=O)CC4(C(F)F)CC4)[C@H]3C2)nc1,"1-(2-((1S,5R)-6-(((1-difluoromethylcyclopropyl)methylcarbonyl)amino)-3-azabicyclo[3.1.0]hexane-3-ylcarbonyl)-5-pyridyl)-methane",FC(C1(CC1)CC(=O)NC1[C@H]2CN(C[C@@H]12)C(=O)C1=NC=C(C=C1)C)F,Cc1ccc(C(=O)N2C[C@@H]3[C@H](C2)[C@H]3NC(=O)CC2(C(F)F)CC2)nc1,Cc1ccc(C(=O)N2C[C@@H]3C(NC(=O)CC4(C(F)F)CC4)[C@@H]3C2)nc1
65731,O=C(N[C@@H]1C[C@H]2[C@@H](C1)C2(F)F)[C@@H]1CN(C(=O)C[C@]23CCC[C@H]2C3)CC12CCC2,"(8S)-6-(((1S,5R)-bicyclo[3.1.0]hexane-5-yl)methylcarbonyl)-8-((((1S,5R)-6,6-difluorobicyclo[3.1.0]hexane-3-yl)amino)carbonyl)-6-azaspiro[3.4]octane",[C@H]12CCC[C@@]2(C1)CC(=O)N1CC2(CCC2)[C@@H](C1)C(=O)NC1C[C@@H]2C([C@@H]2C1)(F)F,O=C(N[C@H]1C[C@@H]2[C@H](C1)C2(F)F)C1CN(C(=O)C[C@]23CCC[C@H]2C3)CC12CCC2,O=C(NC1C[C@@H]2[C@H](C1)C2(F)F)C1CN(C(=O)C[C@]23CCC[C@H]2C3)CC12CCC2
65738,CNC(=O)[C@H](NC(=O)[C@H]1C[C@@H](CNC(=O)[C@H]2Cc3nccn3C2)C1)C(C)(C)C,"(7S)-7-(((((1S,3R)-3-((((2R)-3,3-dimethyl-1-methylamino-1-oxo-butan-2-yl)amino)carbonyl)cyclobutyl)methyl)amino)carbonyl)-1,4-diazabicyclo[3.3.0]octa-2(3),4(5)-diene",,CNC(=O)C(NC(=O)C1CC(CNC(=O)C2Cc3nccn3C2)C1)C(C)(C)C,
65766,CCCn1cc(C(=O)N[C@H]2C[C@@](C)(NC(=O)c3ccc(CO)cc3OC)C2)nn1,"1-(4-(((3-methyl-3-((4-hydroxymethyl-2-methoxybenzoyl)amino)cyclobutyl)amino)carbonyl)-1,2,3-triazol-1-yl)propane",CC1(CC(C1)NC(=O)C=1N=NN(C1)CCC)NC(C1=C(C=C(C=C1)CO)OC)=O,CCCn1cc(C(=O)N[C@H]2C[C@@](C)(NC(=O)c3ccc(CO)cc3OC)C2)nn1,CCCn1cc(C(=O)NC2CC(C)(NC(=O)c3ccc(CO)cc3OC)C2)nn1
65823,CC1=C[C@@H](C(=O)N[C@H]2C[C@@H](n3cc([C@H](C)C4CCOCC4)nn3)C2)SC1,"1-((1R,3S)-3-(((5S)-3-methyl-1-thiacyclopent-3-ene-5-ylcarbonyl)amino)cyclobutyl)-4-((1R)-1-(oxan-4-yl)-ethyl)-1,2,3-triazol",,CC1=CC(C(=O)N[C@H]2C[C@@H](n3cc([C@H](C)C4CCOCC4)nn3)C2)SC1,
65925,CC[C@H](CCC(=O)N[C@H]1C=CC(C)(C)CC1)NC(=O)[C@@H](O)c1ccsc1,"(R,S)-3-(4-ethyl-1-hydroxy-2,7-dioxo-8-((1R)-4,4-dimethylcyclohex-2-en-1-yl)-3,8-diazaoctyl)thiofuran",C(C)[C@H](NC([C@H](O)C1=CSC=C1)=O)CCC(N[C@H]1C=CC(CC1)(C)C)=O,CC[C@H](CCC(=O)N[C@H]1C=CC(C)(C)CC1)NC(=O)C(O)c1ccsc1,CC[C@@H](CCC(=O)N[C@H]1C=CC(C)(C)CC1)NC(=O)C(O)c1ccsc1
66010,COc1ccc(NC(=O)[C@H]([C@@H]2C[C@H]3C[C@H]2[C@@H]2C[C@H]32)N2[C@H]3CC[C@@H]2C[C@H](O)C3)cc1,"(1S,3S,5R,S)-3-hydroxy-8-(2-oxo-1-((1R,2R,4R,5S,6R)-tricyclo[3.2.1.0^2,4]octan-6-yl)-3-(4-methoxyphenyl)-3-azapropyl)-8-azabicyclo[3.2.1]octane",,COc1ccc(NC(=O)C([C@@H]2C[C@H]3C[C@H]2[C@@H]2C[C@H]32)N2[C@@H]3CC[C@H]2C[C@@H](O)C3)cc1,
66093,C=CC[C@@H](CO)n1cnc2c(N3C[C@@H]4C[C@@H]4[C@@H]3C(=O)OC)ncnc21,"5-((1S,4R,5R)-4-methoxycarbonyl-3-azabicyclo[3.1.0]hexane-3-yl)-9-((2S)-1-hydroxy-pent-4-en-2-yl)-2,4,7,9-tetraazabicyclo[4.3.0]nona-1(2),3(4),5(6),7(8)-tetraene",COC(=O)[C@@H]1N(C[C@H]2C[C@@H]12)C=1N=CN=C2N(C=NC12)[C@H](CO)CC=C,C=CC[C@@H](CO)n1cnc2c(N3C[C@@H]4C[C@@H]4C3C(=O)OC)ncnc21,C=CC[C@@H](CO)n1cnc2c(N3C[C@H]4C[C@H]4C3C(=O)OC)ncnc21
66120,C=C[C@@](C)(O)CC(=O)N[C@H]1C[C@H](CNC(=O)[C@H](C)OCCN(C)C)C1,"(1S,3S)-1-((((1S)-1,5-dimethyl-5-aza-2-oxahexylcarbonyl)amino)methyl)-3-(((2S)-2-hydroxy-2-methyl-3-buten-1-ylcarbonyl)amino)cyclobutane",,C=C[C@@](C)(O)CC(=O)N[C@H]1C[C@H](CNC(=O)C(C)OCCN(C)C)C1,
66130,CS(C)(=O)=NC(=O)C(=O)Nc1cccc(C(=O)NC(N)=O)c1,((((1-methyl-1-oxo-1-thiaethyl)amino)carbonylcarbonyl)amino)-3-(((carbamyl)amino)carbonyl)benzene,CS(CNC(=O)C(=O)NC1=CC(=CC=C1)C(=O)NC(N)=O)=O,CS(C)(=O)=NC(=O)C(=O)Nc1cccc(C(=O)NC(N)=O)c1,C[S+]([O-])CNC(=O)C(=O)Nc1cccc(C(=O)NC(N)=O)c1
66207,CC[C@H](C)Oc1ccc(C(=O)NC[C@@H](NC(=O)[C@H]2C[C@@](F)(CO)C2)C(C)C)cc1,"(S,S)-1-fluoro-1-hydroxymethyl-3-(((2-methyl-1-((N-(4-(((2S)-butan-2-yl)oxy)benzoyl)amino)methyl)-propyl)amino)carbonyl)cyclobutane",,CC[C@H](C)Oc1ccc(C(=O)NC[C@@H](NC(=O)C2CC(F)(CO)C2)C(C)C)cc1,
66267,CC1(C)CCC[C@@H](C(=O)N[C@H]2C[C@](C)(NC(=O)C3CC4(C3)CC3(CCC3)C4)C2)C1,"1-((((1R)-1-methyl-3-(((1R)-3,3-dimethylcyclohexylcarbonyl)amino)cyclobutyl)amino)carbonyl)-dispiro[cyclobutan-3,1'-cyclobutan-3',1''-cyclobutan]",,CC1(C)CCCC(C(=O)N[C@H]2C[C@](C)(NC(=O)C3CC4(C3)CC3(CCC3)C4)C2)C1,
66275,CCCC[C@H](C)C(=O)N1C[C@H]2[C@H](CC(=O)N3C[C@@H]4OC(=O)N[C@@H]4C3)[C@H]2C1,"(1S,5R,6R)-3-((2S)-hexan-2-ylcarbonyl)-6-(1-((1R,5S)-3-oxo-2,7-diaza-4-oxabicyclo[3.3.0]octan-7-ylcarbonyl)-methyl)-3-azabicyclo[3.1.0]hexane",,CCCCC(C)C(=O)N1C[C@@H]2[C@@H](CC(=O)N3C[C@@H]4OC(=O)N[C@@H]4C3)[C@@H]2C1,
66281,CC(C)CN1CCC[C@H]1C(=O)NCC[C@H]1C[C@@H](NC(=O)[C@@H]2C[C@H](F)CN2C)C1,"(2S)-1-isobutyl-2-(((2-((1R,3S)-3-(((3S,5S)-3-fluoro-1-methylpyrrolidin-5-ylcarbonyl)amino)cyclobutyl)ethyl)amino)carbonyl)pyrrolidin",,CC(C)CN1CCCC1C(=O)NCC[C@H]1C[C@@H](NC(=O)C2C[C@H](F)CN2C)C1,
66330,C=C[C@@](C)(CC)C(=O)N[C@H]1C[C@@](C)(NC(=O)Cn2nc(C)n(C)c2=O)C1,"3,4-dimethyl-1-(2-oxo-3-((1S)-1-methyl-3-(((3R)-3-methyl-pent-1-en-3-ylcarbonyl)amino)cyclobutyl)-3-azapropyl)-1,2,4-triazol-5-on",,C=C[C@@](C)(CC)C(=O)N[C@H]1C[C@@](C)(NC(=O)Cn2nc(C)n(C)c2=O)C1,
66401,O=C(N[C@H]1CC[C@@H](NC(=O)[C@@H](C2CC2)N2CCOCC2)CC1)c1ccncc1,4-((((cis)-4-((2R)-cyclopropyl(morpholino)methylcarbonylamino)cyclohexyl)amino)carbonyl)pyridin,,O=C(N[C@H]1CC[C@@H](NC(=O)C(C2CC2)N2CCOCC2)CC1)c1ccncc1,
66429,O=C1N[C@]2(CO1)C[C@H](C(=O)NC[C@H]1CCN1C(=O)c1n[nH]c3cc(Cl)ccc13)C2,"4-chloro-9-((2R)-2-((((4S)-6-oxo-5-aza-7-oxaspiro[3.4]octan-2-ylcarbonyl)amino)methyl)azetidin-1-ylcarbonyl)-7,8-diazabicyclo[4.3.0]nona-1(6),2(3),4(5),8(9)-tetraene",,O=C1NC2(CO1)CC(C(=O)NC[C@H]1CCN1C(=O)c1[nH]nc3cc(Cl)ccc13)C2,
66453,CCCCOCC(=O)N[C@H]1CCCC[C@H]1CN=c1[nH]nc(CC)o1,"2-ethyl-5-((1-((1S,2S)-2-butoxymethylcarbonylaminocyclohexyl)-methyl)imino)-1,3,4-oxadiazole",C(C)C1OC(N=N1)=NC[C@H]1[C@H](CCCC1)NC(=O)COCCCC,CCCCOCC(=O)N[C@H]1CCCC[C@H]1CNc1nnc(CC)o1,CCCCOCC(=O)N[C@H]1CCCC[C@H]1CN=C1N=NC(CC)O1
66487,O=C(CC1CCN(CC(F)(F)F)CC1)N[C@H]1C[C@@H]2CN(C(=O)C=CCF)C[C@@H]2C1,"3-fluoro-1-((1R,5S)-7-(((1-(2,2,2-trifluoroethyl)piperidin-4-yl)methylcarbonyl)amino)-3-azabicyclo[3.3.0]octan-3-ylcarbonyl)propen",FCC=CC(=O)N1C[C@@H]2CC(C[C@@H]2C1)NC(=O)CC1CCN(CC1)CC(F)(F)F,O=C(CC1CCN(CC(F)(F)F)CC1)N[C@H]1C[C@@H]2CN(C(=O)C=CCF)C[C@@H]2C1,O=C(CC1CCN(CC(F)(F)F)CC1)NC1C[C@@H]2CN(C(=O)C=CCF)C[C@@H]2C1
66500,Cc1sccc1C(=O)N1C[C@H]2[C@H](CNC(=O)c3nccnc3N)[C@H]2C1,"(1S,5R)-3-(2-methyl-3-thienylcarbonyl)-6-(((2-aminopyrazin-3-ylcarbonyl)amino)methyl)-3-azabicyclo[3.1.0]hexane",CC=1SC=CC1C(=O)N1C[C@H]2C([C@H]2C1)CNC(=O)C=1C(=NC=CN1)N,Cc1sccc1C(=O)N1C[C@@H]2[C@@H](CNC(=O)c3nccnc3N)[C@@H]2C1,Cc1sccc1C(=O)N1C[C@@H]2C(CNC(=O)c3nccnc3N)[C@@H]2C1
66507,C[C@@H]1C[C@@]2(C(=O)N3C[C@H]4[C@H](NC(=O)c5ccnnc5S)[C@H]4C3)C[C@@H]12,"(1S,5R,6R)-3-((1S,2R,4S)-2-methylbicyclo[2.1.0]pentane-4-ylcarbonyl)-6-((3-sulfanylpyridazin-4-ylcarbonyl)amino)-3-azabicyclo[3.1.0]hexane",,C[C@@H]1C[C@@]2(C(=O)N3C[C@@H]4[C@H](C3)[C@H]4NC(=O)c3ccn[nH]c3=S)C[C@@H]12,
66604,N#Cc1c(Cl)nsc1N[C@@H](CNC(=O)c1cnn2c1C(=O)NCC2)C1CCC1,"3-((((2R)-2-cyclobutyl-3-(3-chloro-4-cyanoisothiazol-5-yl)-3-azapropyl)amino)carbonyl)-4,5,6,7-tetrahydropyrazolo[1,5-a]pyrazin-4(5H)-one",,N#Cc1c(Cl)nsc1N[C@@H](CNC(=O)c1cnn2c1C(=O)NCC2)C1CCC1,
66630,CC(C)C(C)(C)C(=O)NC[C@H]1[C@@H]2CN(C(=O)C3CN(c4ncc(F)cn4)C3)C[C@H]12,"(1S,5R)-3-(1-(5-fluoropyrimidin-2-yl)azetidin-3-ylcarbonyl)-6-(((2,3-dimethyl-butan-2-ylcarbonyl)amino)methyl)-3-azabicyclo[3.1.0]hexane",FC=1C=NC(=NC1)N1CC(C1)C(=O)N1C[C@H]2C([C@H]2C1)CNC(=O)C(C)(C(C)C)C,CC(C)C(C)(C)C(=O)NC[C@@H]1[C@H]2CN(C(=O)C3CN(c4ncc(F)cn4)C3)C[C@@H]12,CC(C)C(C)(C)C(=O)NCC1[C@H]2CN(C(=O)C3CN(c4ncc(F)cn4)C3)C[C@@H]12
66637,C[C@@H]1C[C@H]1C(=O)N[C@H]1C[C@H](NC(=O)C(C)(C)[C@@H](NC(=O)OC(C)(C)C)C2CC2)C1,"(S)-3-cyclopropyl-2,7,7-trimethyl-5-oxo-2-((((1R,3S)-3-(((1R,2R)-2-methylcyclopropylcarbonyl)amino)cyclobutyl)amino)carbonyl)-4-aza-6-oxaoctane",,C[C@@H]1CC1C(=O)N[C@H]1C[C@H](NC(=O)C(C)(C)[C@@H](NC(=O)OC(C)(C)C)C2CC2)C1,
66671,CCOC[C@H](O)CN(C)C(=O)C1=NO[C@H](CNC(=O)[C@H]2CCOC2)C1,5-((((3S)-oxolan-3-ylcarbonyl)amino)methyl)-N-((2R)-2-hydroxy-4-oxahexyl)-N-methyl-isoxazolin-3-carboxamide,O1C[C@H](CC1)C(=O)NCC1CC(=NO1)C(=O)N(C)C[C@H](COCC)O,CCOC[C@H](O)CN(C)C(=O)C1=NO[C@H](CNC(=O)C2CCOC2)C1,CCOC[C@H](O)CN(C)C(=O)C1=NOC(CNC(=O)C2CCOC2)C1
66679,Cc1n[nH]c(=N[C@H]2CC[C@@]3(CC2)CN(C(=O)C2=COCCC2)CCO3)s1,"2-methyl-5-((4'-(1-oxacyclohex-2-ene-3-ylcarbonyl)spiro[cyclohexane-1,2'-morpholin]-4-yl)imino)-1,3,4-thiadiazole",CC1SC(N=N1)=NC1CCC2(CN(CCO2)C(=O)C2=COCCC2)CC1,Cc1nnc(N[C@H]2CC[C@@]3(CC2)CN(C(=O)C2=COCCC2)CCO3)s1,CC1N=NC(=NC2CCC3(CC2)CN(C(=O)C2=COCCC2)CCO3)S1
66753,CCC[C@@H](C#N)C(=O)NC[C@H]1CC[C@H](C(=O)N[C@H]2C[C@@H]2C(C)C)CC1,"(1R,2S)-1-isopropyl-2-(((1S,4S)-4-((((1S)-1-cyano-butylcarbonyl)amino)methyl)cyclohexylcarbonyl)amino)cyclopropane",,CCCC(C#N)C(=O)NCC1CCC(C(=O)N[C@H]2C[C@@H]2C(C)C)CC1,
66799,C[C@H](NS(C)(=O)=O)C(=O)NC[C@]1(F)C[C@@H](NC(=O)C2(c3ccccc3)CCC2)C1,"(4S)-4-methyl-3,6,6-trioxo-1-((3R)-1-fluoro-3-((1-phenylcyclobutylcarbonyl)amino)cyclobutyl)-2,5-diaza-6-thiaheptane",,CC(NS(C)(=O)=O)C(=O)NC[C@]1(F)C[C@@H](NC(=O)C2(c3ccccc3)CCC2)C1,
66806,C[C@]1(NC(=O)[C@@H]2CCCCO2)C[C@H](NC(=O)CSCCC(F)(F)F)C1,"1,1,1-trifluoro-5-((((1S)-3-methyl-3-(((2S)-oxan-2-ylcarbonyl)amino)cyclobutyl)amino)carbonyl)-4-thiapentane",,C[C@]1(NC(=O)C2CCCCO2)C[C@H](NC(=O)CSCCC(F)(F)F)C1,
66829,Cn1nncc1CC(=O)N[C@]1(C)C[C@H](NC(=O)[C@H]2C[C@H](Oc3ccccc3)C2)C1,"(((trans)-3-(((3-methyl-3-(((1-methyl-1,2,3-triazol-5-yl)methylcarbonyl)amino)cyclobutyl)amino)carbonyl)cyclobutyl)oxy)benzene",CC1(CC(C1)NC(=O)[C@@H]1C[C@H](C1)OC1=CC=CC=C1)NC(=O)CC1=CN=NN1C,Cn1nncc1CC(=O)N[C@]1(C)C[C@H](NC(=O)C2CC(Oc3ccccc3)C2)C1,Cn1nncc1CC(=O)NC1(C)CC(NC(=O)C2CC(Oc3ccccc3)C2)C1
66863,C[C@H](F)CC(=O)N1CCOC[C@@](F)(CNC(=O)[C@]23CC[C@H](CC2)C3(C)C)C1,"(2S)-2-fluoro-1-((3R)-3-fluoro-3-((((1R)-7,7-dimethylnorbornane-4-ylcarbonyl)amino)methyl)-1-aza-5-oxacycloheptan-1-ylcarbonyl)propane",,C[C@H](F)CC(=O)N1CCOC[C@@](F)(CNC(=O)[C@]23CC[C@H](CC2)C3(C)C)C1,
66945,CC(C)CN1N=C(C(=O)N2[C@H]3CC[C@@H]2C[C@H](NC(=O)C2(C)CSC2)C3)CCC1=O,"(1S,5R)-3-((3-methylthietan-3-ylcarbonyl)amino)-8-(1-isobutyl-2-oxo-1,6-diazacyclohex-5-en-5-ylcarbonyl)-8-azabicyclo[3.2.1]octane",CC1(CSC1)C(=O)NC1C[C@@H]2CC[C@H](C1)N2C(=O)C=2CCC(N(N2)CC(C)C)=O,CC(C)CN1N=C(C(=O)N2[C@@H]3CC[C@H]2C[C@@H](NC(=O)C2(C)CSC2)C3)CCC1=O,CC(C)CN1N=C(C(=O)N2[C@@H]3CC[C@H]2CC(NC(=O)C2(C)CSC2)C3)CCC1=O
67065,CCC(CC)N(C)CCC(=O)NC[C@]1(F)C[C@@H](NC(=O)C[C@](C)(O)C(F)(F)F)C1,"7-ethyl-6-methyl-3-oxo-1-((1R)-1-fluoro-3-(((2S)-2-hydroxy-2-trifluoromethyl-propylcarbonyl)amino)cyclobutyl)-2,6-diazanonane",,CCC(CC)N(C)CCC(=O)NC[C@]1(F)C[C@@H](NC(=O)C[C@](C)(O)C(F)(F)F)C1,
67096,CS(C)(=O)=NC(=O)C(=O)N1C[C@H]2[C@H](NC(=O)Cc3cccc([N+](=O)[O-])c3)[C@H]2C1,"(1S,5R)-3-(((1-methyl-1-oxo-1-thiaethyl)amino)carbonylcarbonyl)-6-((3-nitrophenylacetyl)amino)-3-azabicyclo[3.1.0]hexane",CS(CNC(=O)C(=O)N1C[C@H]2C([C@H]2C1)NC(CC1=CC(=CC=C1)[N+](=O)[O-])=O)=O,CS(C)(=O)=NC(=O)C(=O)N1C[C@@H]2[C@H](C1)[C@H]2NC(=O)Cc1cccc([N+](=O)[O-])c1,C[S+]([O-])CNC(=O)C(=O)N1C[C@@H]2C(NC(=O)Cc3cccc([N+](=O)[O-])c3)[C@@H]2C1
67158,CCCC(=O)NC[C@H]1[C@@H]2CN(C(=O)c3[nH]cc4c3CCCC4)C[C@H]12,"3-oxo-1-((1S,5R)-3-(4,5,6,7-tetrahydro-benzo[1,2-c]pyrrole-1-ylcarbonyl)-3-azabicyclo[3.1.0]hexane-6-yl)-2-azahexane",O=C(NCC1[C@H]2CN(C[C@@H]12)C(=O)C=1NC=C2C1CCCC2)CCC,CCCC(=O)NC[C@@H]1[C@H]2CN(C(=O)c3[nH]cc4c3CCCC4)C[C@@H]12,CCCC(=O)NCC1[C@H]2CN(C(=O)c3[nH]cc4c3CCCC4)C[C@@H]12
67208,CC[C@@H](C(=O)N1C[C@@H](F)C[C@@H]1CNC(=O)[C@@H]1[C@H]2CCCCC[C@H]21)[C@@H]1CCC(=O)N1,"(1S,7R,R)-8-(((((3S,5R)-3-fluoro-1-(1-((5S)-2-oxopyrrolidin-5-yl)-propylcarbonyl)pyrrolidin-5-yl)methyl)amino)carbonyl)-bicyclo[5.1.0]octane",,CCC(C(=O)N1C[C@@H](F)C[C@@H]1CNC(=O)C1[C@H]2CCCCC[C@@H]12)[C@@H]1CCC(=O)N1,
67226,CCCCn1cc(C(=O)N2CCC[C@H](CNC(=O)C(C)=C3CC3)C2)c(C)n1,1-((((((3R)-1-(1-butyl-3-methylpyrazol-4-ylcarbonyl)piperidin-3-yl)methyl)amino)carbonyl)methylmethylidene)cyclopropan,C(CCC)N1N=C(C(=C1)C(=O)N1C[C@H](CCC1)CNC(=O)CC=C1CC1)C,CCCCn1cc(C(=O)N2CCC[C@H](CNC(=O)C(C)=C3CC3)C2)c(C)n1,CCCCn1cc(C(=O)N2CCC[C@H](CNC(=O)CC=C3CC3)C2)c(C)n1
67443,COC(=O)[C@]1(C)C[C@@H](C(=O)NC[C@@H]2CCCC[C@H]2NC(=O)C(F)(F)CC2CC2)C1,"1-(2,2-difluoro-3-oxo-4-((1R,2S)-2-((((3S)-3-methoxycarbonyl-3-methylcyclobutylcarbonyl)amino)methyl)cyclohexyl)-4-azabutyl)cyclopropan",,COC(=O)C1(C)CC(C(=O)NC[C@@H]2CCCC[C@H]2NC(=O)C(F)(F)CC2CC2)C1,
67489,CCCCC[C@H](O)[C@H](C)C(=O)N[C@H]1C[C@@](C)(NC(=O)[C@H]2Cc3cccnc3C2)C1,"(6S)-6-((((1R,3R)-1-methyl-3-(((2S,3S)-3-hydroxy-octan-2-ylcarbonyl)amino)cyclobutyl)amino)carbonyl)-6,7-dihydro-cyclopenta[b]pyridin",,CCCCC[C@H](O)C(C)C(=O)N[C@H]1C[C@@](C)(NC(=O)C2Cc3cccnc3C2)C1,
67570,Cc1cc(CNC(=O)[C@@H]2CN(C(=O)[C@H]3C[C@@](C)(O)C3)C[C@H]2F)n[nH]1,"(3S,4S)-3-fluoro-1-((3R)-3-hydroxy-3-methylcyclobutylcarbonyl)-4-((((3-methyl-2H-pyrazol-5-yl)methyl)amino)carbonyl)pyrrolidin",,Cc1cc(CNC(=O)C2CN(C(=O)C3CC(C)(O)C3)C[C@H]2F)[nH]n1,
67595,CN(CC(=O)NC[C@]1(F)C[C@H](CNC(=O)[C@H]2C[C@H](N(C)C)C2)C1)c1ccccc1,"3-oxo-5-phenyl-1-(1-fluoro-3-((((trans)-3-(dimethylamino)cyclobutylcarbonyl)amino)methyl)cyclobutyl)-2,5-diazahexane",O=C(NCC1(CC(C1)CNC(=O)[C@@H]1C[C@H](C1)N(C)C)F)CN(C)C1=CC=CC=C1,CN(CC(=O)NC[C@]1(F)C[C@H](CNC(=O)C2CC(N(C)C)C2)C1)c1ccccc1,CN(CC(=O)NCC1(F)CC(CNC(=O)C2CC(N(C)C)C2)C1)c1ccccc1
67646,COC(=O)[C@H](N1C[C@H]2[C@@H](C1)[C@@H]2C(=O)N[C@@H](C)CN(C)C)C(F)(F)F,"(1R,5S,6S)-3-((2S)-1,1,1-trifluoro-3-methoxy-3-oxo-propan-2-yl)-6-((((2S)-1-(dimethylamino)-propan-2-yl)amino)carbonyl)-3-azabicyclo[3.1.0]hexane",,COC(=O)C(N1C[C@@H]2C(C(=O)N[C@@H](C)CN(C)C)[C@@H]2C1)C(F)(F)F,
67679,C[C@H]1O[C@H]2CC[C@@]1(C(=O)NC[C@H]1[C@@H]3CN(C(=O)c4cc5ccccn5c4)C[C@H]13)C2,"8-((1S,5R)-6-((((1R,2R,4S)-2-methyl-3-oxabicyclo[2.2.1]heptan-1-ylcarbonyl)amino)methyl)-3-azabicyclo[3.1.0]hexane-3-ylcarbonyl)-1-azabicyclo[4.3.0]nona-2(3),4(5),6(7),8(9)-tetraene",C[C@@H]1[C@]2(CC[C@H](O1)C2)C(=O)NCC2[C@H]1CN(C[C@@H]21)C(=O)C=2C=C1C=CC=CN1C2,C[C@H]1O[C@H]2CC[C@@]1(C(=O)NC[C@@H]1[C@H]3CN(C(=O)c4cc5ccccn5c4)C[C@@H]13)C2,C[C@H]1O[C@H]2CC[C@@]1(C(=O)NCC1[C@H]3CN(C(=O)c4cc5ccccn5c4)C[C@@H]13)C2
67876,C[C@H](NC(=O)C[C@@H]1CC2(CCO1)CC2)c1cn([C@H]2C3C[C@@H]4C2[C@@H]4C3)nn1,"(2S,5S,6R,S)-2-(4-(1-methyl-3-oxo-4-((5S)-6-oxaspiro[2.5]octan-5-yl)-2-azabutyl)-1,2,3-triazol-1-yl)-tricyclo[3.1.0.1^3,6]heptane",,C[C@H](NC(=O)C[C@@H]1CC2(CCO1)CC2)c1cn([C@H]2C3C[C@@H]4C2[C@@H]4C3)nn1,
67971,C[C@@H]1c2c[nH]nc2CC[C@@H]1C(=O)N[C@H]1CN(C(=O)[C@H]2C[C@](F)(CO)C2)CC1(C)C,"(2S,3S)-2-methyl-3-((((4R)-3,3-dimethyl-1-((3S)-3-fluoro-3-hydroxymethylcyclobutylcarbonyl)pyrrolidin-4-yl)amino)carbonyl)-7,8-diazabicyclo[4.3.0]nona-1(9),6(7)-diene",,C[C@@H]1c2c[nH]nc2CCC1C(=O)N[C@H]1CN(C(=O)C2CC(F)(CO)C2)CC1(C)C,
67988,CC(C)[C@@H](C(=O)N1[C@H]2CC[C@@H]1C[C@@H](NC(=O)CCCS(N)(=O)=O)C2)n1cccc1,"(1S,3R,5R)-3-((3-aminosulfonylpropylcarbonyl)amino)-8-((1S)-2-methyl-1-(1H-pyrrol-1-yl)-propylcarbonyl)-8-azabicyclo[3.2.1]octane",,CC(C)C(C(=O)N1[C@@H]2CC[C@H]1C[C@H](NC(=O)CCCS(N)(=O)=O)C2)n1cccc1,
67995,Cc1sc(Cl)nc1C(=O)N1C[C@H]2[C@H](NC(=O)[C@H](O)CCC(C)C)[C@H]2C1,"(1S,5R)-3-(2-chloro-5-methylthiazol-4-ylcarbonyl)-6-(((1R)-1-hydroxy-4-methyl-pentylcarbonyl)amino)-3-azabicyclo[3.1.0]hexane",ClC=1SC(=C(N1)C(=O)N1C[C@H]2C([C@H]2C1)NC(=O)[C@@H](CCC(C)C)O)C,Cc1sc(Cl)nc1C(=O)N1C[C@@H]2[C@H](C1)[C@H]2NC(=O)C(O)CCC(C)C,Cc1sc(Cl)nc1C(=O)N1C[C@@H]2C(NC(=O)C(O)CCC(C)C)[C@@H]2C1
68161,Cc1cnc2n1CCN(C(=O)[C@H]1C[C@@](C)(NC(=O)[C@@H]3C[C@]3(C)C(F)F)C1)C2,"9-methyl-4-((1S)-3-methyl-3-(((1R,2S)-2-difluoromethyl-2-methylcyclopropylcarbonyl)amino)cyclobutylcarbonyl)-1,4,7-triazabicyclo[4.3.0]nona-6(7),8(9)-diene",,Cc1cnc2n1CCN(C(=O)C1CC(C)(NC(=O)C3C[C@]3(C)C(F)F)C1)C2,
68163,C/C=C/C[C@H](CC)C(=O)NC[C@@]1(NC(=O)c2cnn(CCCOC)c2)CCOC1,"1-(3-methoxypropyl)-4-((((3S)-3-((4S)-(((3S,5E)-hept-5-en-3-ylcarbonyl)amino)methyl)oxolan-3-yl)amino)carbonyl)pyrazole",,C/C=C/CC(CC)C(=O)NC[C@@]1(NC(=O)c2cnn(CCCOC)c2)CCOC1,
68183,CCN1CCC[C@@H](C(=O)N2CCC[C@@](CO)(NC(=O)C(C)=C3CCCC3)C2)C1,1-(((((3R)-3-hydroxymethyl-1-((3R)-1-ethylpiperidin-3-ylcarbonyl)piperidin-3-yl)amino)carbonyl)methylmethylidene)cyclopentan,OC[C@@]1(CN(CCC1)C(=O)[C@H]1CN(CCC1)CC)NC(=O)CC=C1CCCC1,CCN1CCCC(C(=O)N2CCC[C@@](CO)(NC(=O)C(C)=C3CCCC3)C2)C1,CCN1CCCC(C(=O)N2CCC[C@@](CO)(NC(=O)CC=C3CCCC3)C2)C1
68218,CCn1ccnc1CN=C(N[C@@H](C)Cc1ccccc1)N1C[C@@H]2[C@@H](CF)[C@@H]2C1,"(5S)-5-benzyl-1-(1-ethylimidazol-2-yl)-3-((1S,5R,6S)-6-fluoromethyl-3-azabicyclo[3.1.0]hexane-3-yl)-2,4-diaza-2-hexen",,CCn1ccnc1CN=C(N[C@@H](C)Cc1ccccc1)N1C[C@@H]2[C@@H](CF)[C@@H]2C1,
68273,CC12CC(NC(=O)C=CC3CCC3)(C1)C1(CN(C(=O)[C@H]3CCCO3)C1)O2,,,CC12CC(NC(=O)C=CC3CCC3)(C1)C1(CN(C(=O)C3CCCO3)C1)O2,
68353,CO[C@H]1[C@H](CNC(=O)[C@H]2C(Cl)(Cl)C23CC3)N(C(=O)C#CC2CC2)C[C@H]1OC,"(1S)-2,2-dichloro-1-(((((2S,3S,4R)-1-cyclopropylethynylcarbonyl-3,4-dimethoxypyrrolidin-2-yl)methyl)amino)carbonyl)-spiro[2.2]pentane",,CO[C@@H]1[C@H](OC)CN(C(=O)C#CC2CC2)[C@H]1CNC(=O)C1C(Cl)(Cl)C12CC2,
68382,C=C(CCNC(=O)[C@@H]1Cc2c(Cl)cccc21)CNC(=O)Cc1ccc(F)cc1,5-methylidene-2-oxo-1-(4-fluorophenyl)-7-(((2R)-4-chlorobenzocyclobutene-2-ylcarbonyl)amino)-3-azaheptane,,C=C(CCNC(=O)C1Cc2c(Cl)cccc21)CNC(=O)Cc1ccc(F)cc1,
68518,C[C@H](C(=O)NCCCCCN(C)C(=O)[C@]12CCCCN1CCC2)[C@@H](C)O,"(8aR)-N-(5-(((2S,3R)-3-hydroxy-butan-2-ylcarbonyl)amino)pentyl)-N-methyl-2,8-dihydro-pyrrolo[2,1-f]pyridin-8a-carboxamide",O[C@@H]([C@H](C)C(=O)NCCCCCN(C(=O)[C@@]12CC=CCN1CCC2)C)C,CC(C(=O)NCCCCCN(C)C(=O)[C@]12CCCCN1CCC2)[C@@H](C)O,CC(C(=O)NCCCCCN(C)C(=O)[C@@]12CC=CCN1CCC2)[C@@H](C)O
68526,C[C@H](NC(=O)[C@@H]1CCC=CCCC1)C1(C(=O)N2CC[C@@H](CC3CC3)C2)CC1,"(S,R)-3-cyclopropylmethyl-1-(1-(1-(((1S)-cyclooct-4-en-1-ylcarbonyl)amino)-ethyl)cyclopropylcarbonyl)pyrrolidin",C1(CC1)C[C@@H]1CN(CC1)C(=O)C1(CC1)[C@@H](C)NC(=O)[C@@H]1CCC=CCCC1,C[C@H](NC(=O)C1CCC=CCCC1)C1(C(=O)N2CC[C@@H](CC3CC3)C2)CC1,C[C@@H](NC(=O)C1CCC=CCCC1)C1(C(=O)N2CC[C@H](CC3CC3)C2)CC1
68589,CC[S@](=O)CC(=O)NC[C@H]1CC2(CCC2)CN1C(=O)c1ccc2[nH]c(=N)[nH]c2c1,2-imino-5-((7R)-7-((((2S)-2-oxo-2-thiabutylcarbonyl)amino)methyl)-6-azaspiro[3.4]octane-6-ylcarbonyl)benzimidazol,N=C1N=C2C(=N1)C=CC(=C2)C(=O)N2CC1(CCC1)C[C@@H]2CNC(=O)C[S@](CC)=O,CC[S@+]([O-])CC(=O)NC[C@H]1CC2(CCC2)CN1C(=O)c1ccc2[nH]c(N)nc2c1,CC[S@+]([O-])CC(=O)NC[C@H]1CC2(CCC2)CN1C(=O)c1ccc2c(c1)=NC(=N)N=2
68652,Cn1nnc(Cn2nnnc2[C@@H](NC2C[C@@H]3CC[C@H](C2)O3)c2cncn2C)n1,"(1S,5R,S)-3-(((1-((2-methyltetrazol-5-yl)methyl)tetrazol-5-yl)(1-methylimidazol-5-yl)methyl)amino)-8-oxabicyclo[3.2.1]octane",,Cn1nnc(Cn2nnnc2[C@@H](NC2C[C@H]3CC[C@@H](C2)O3)c2cncn2C)n1,
68659,Cc1ncc(CC(=O)N[C@H]2CN(C(=O)[C@@]3(C#N)C[C@@H]4C[C@@H]4C3)CC[C@H]2F)s1,"(1S,5R)-3-cyano-3-((3S,4R)-4-fluoro-3-(((2-methylthiazol-5-yl)methylcarbonyl)amino)piperidinocarbonyl)-bicyclo[3.1.0]hexane",C(#N)C1(C[C@@H]2C[C@@H]2C1)C(=O)N1C[C@@H]([C@@H](CC1)F)NC(=O)CC1=CN=C(S1)C,Cc1ncc(CC(=O)N[C@H]2CN(C(=O)[C@]3(C#N)C[C@H]4C[C@H]4C3)CC[C@H]2F)s1,Cc1ncc(CC(=O)N[C@H]2CN(C(=O)C3(C#N)C[C@H]4C[C@H]4C3)CC[C@H]2F)s1
68720,Cc1ccc(C=CCC(=O)N[C@H]2CCN(C(=O)[C@H]3CC[C@@](C)(O)CC3)C2)cc1,(3S)-1-((4R)-4-hydroxy-4-methylcyclohexylcarbonyl)-3-((3-(4-methylphenyl)-2-propen-1-ylcarbonyl)amino)pyrrolidin,,Cc1ccc(C=CCC(=O)N[C@H]2CCN(C(=O)C3CCC(C)(O)CC3)C2)cc1,
68739,CO[C@@]1(CNC(=O)c2cocn2)CCN(C(=O)[C@H]2C[C@](O)(C(F)F)C2)C1,4-(((((3R)-3-methoxy-1-((3S)-3-difluoromethyl-3-hydroxycyclobutylcarbonyl)pyrrolidin-3-yl)methyl)amino)carbonyl)oxazol,,CO[C@@]1(CNC(=O)c2cocn2)CCN(C(=O)C2CC(O)(C(F)F)C2)C1,
68742,CC[C@@H](C(=O)N1C[C@H]2[C@@H](C1)[C@@H]2C(=O)N[C@@H]1CNC(=O)C12CC2)C(C)C,"(1S,5R,6R,S)-3-((3R)-2-methyl-pentan-3-ylcarbonyl)-6-(((2'-oxospiro[cyclopropane-1,3'-pyrrolin]-4'-yl)amino)carbonyl)-3-azabicyclo[3.1.0]hexane",,CCC(C(=O)N1C[C@@H]2C(C(=O)N[C@@H]3CNC(=O)C34CC4)[C@@H]2C1)C(C)C,
68872,CN(C[C@H]1CCCN1C(=O)OC(C)(C)C)C(=O)[C@@]1(Br)[C@H]2CCCC[C@H]21,"1-((2R)-1-bocpyrrolidin-2-yl)-2-((1S,6R)-7-bromonorcarane-7-ylcarbonyl)-2-azapropane",C(=O)(OC(C)(C)C)N1[C@H](CCC1)CN(C)C(=O)C1([C@@H]2CCCC[C@@H]21)Br,CN(C[C@H]1CCCN1C(=O)OC(C)(C)C)C(=O)[C@]1(Br)[C@@H]2CCCC[C@@H]21,CN(C[C@H]1CCCN1C(=O)OC(C)(C)C)C(=O)C1(Br)[C@@H]2CCCC[C@@H]21
68988,O=C(N[C@H]1[C@@H]2CN(C(=O)[C@]3(F)CCS(=O)(=O)C3)C[C@@H]21)c1csc(-c2nc[nH]n2)n1,"(1S,5R,6S)-3-((3R)-3-fluoro-1,1-dioxothiolan-3-ylcarbonyl)-6-((2-(1H-1,2,4-triazol-3-yl)thiazol-4-ylcarbonyl)amino)-3-azabicyclo[3.1.0]hexane",,O=C(N[C@H]1[C@@H]2CN(C(=O)[C@]3(F)CCS(=O)(=O)C3)C[C@@H]21)c1csc(-c2nc[nH]n2)n1,
69161,CCC1(C(=O)NC[C@H]2CCC[C@@H]2C(=O)N2CCCN(C(N)=O)CC2)CCCCC1,"(trans)-1-(((1-ethylcyclohexylcarbonyl)amino)methyl)-2-(4-carbamyl-1,4-diazacycloheptan-1-ylcarbonyl)cyclopentane",C(C)C1(CCCCC1)C(=O)NC[C@H]1[C@@H](CCC1)C(=O)N1CCN(CCC1)C(N)=O,CCC1(C(=O)NC[C@H]2CCCC2C(=O)N2CCCN(C(N)=O)CC2)CCCCC1,CCC1(C(=O)NC[C@@H]2CCCC2C(=O)N2CCCN(C(N)=O)CC2)CCCCC1
69168,CC(C)=CCC[C@@H](C)Nc1nc(=NCCCCCO)[nH]c2c(C)nn(C)c12,"(6R)-2-methyl-6-(N-(1,3-dimethyl-5-((6-oxahexyl)imino)pyrimido[4,5-d]pyrazole-7-yl)amino)-2-hepten",,CC(C)=CCC[C@@H](C)Nc1nc(NCCCCCO)nc2c(C)nn(C)c12,
69173,CN(C)S(=O)(=O)c1ccccc1C(=O)N[C@H]1C[C@@H]1C(=O)NC(C)(CO)CO,(trans)-1-(((1-hydroxy-2-hydroxymethyl-propan-2-yl)amino)carbonyl)-2-((2-dimethylaminosulfonylbenzoyl)amino)cyclopropane,OCC(C)(CO)NC(=O)[C@H]1[C@@H](C1)NC(C1=C(C=CC=C1)S(=O)(=O)N(C)C)=O,CN(C)S(=O)(=O)c1ccccc1C(=O)N[C@H]1CC1C(=O)NC(C)(CO)CO,CN(C)S(=O)(=O)c1ccccc1C(=O)N[C@@H]1CC1C(=O)NC(C)(CO)CO
69226,O=C(NC1(CNC(=O)[C@H]2CCCC[C@@H]2C2CC2)CCOCC1)C1=CCCS1,(trans)-1-cyclopropyl-2-((((4-((1-thiacyclopent-2-ene-2-ylcarbonyl)amino)oxan-4-yl)methyl)amino)carbonyl)cyclohexane,C1(CC1)[C@H]1[C@@H](CCCC1)C(=O)NCC1(CCOCC1)NC(=O)C=1SCCC1,O=C(NC1(CNC(=O)C2CCCC[C@@H]2C2CC2)CCOCC1)C1=CCCS1,O=C(NC1(CNC(=O)C2CCCC[C@H]2C2CC2)CCOCC1)C1=CCCS1
69244,CCc1ccc(C(=O)NCCC2(C(=O)N(C)[C@H]3C[C@H](C)O[C@H](C)C3)CCC2)nc1,"1-(2-(((2-(1-(N-((2R,6S)-2,6-dimethyloxan-4-yl)-N-methylcarbamoyl)cyclobutyl)ethyl)amino)carbonyl)-5-pyridyl)-ethane",C[C@H]1O[C@H](CC(C1)N(C(=O)C1(CCC1)CCNC(=O)C1=NC=C(C=C1)CC)C)C,CCc1ccc(C(=O)NCCC2(C(=O)N(C)[C@@H]3C[C@@H](C)O[C@@H](C)C3)CCC2)nc1,CCc1ccc(C(=O)NCCC2(C(=O)N(C)C3C[C@@H](C)O[C@@H](C)C3)CCC2)nc1
69285,C#C[C@]1(O)C[C@@H](C(=O)N2CC[C@H](C3CC(NC(=O)C4(C=C)CCOCC4)C3)C2)C1,1-((1S)-1-hydroxy-3-((3R)-3-(3-((4-(ethen-1-yl)oxan-4-ylcarbonyl)amino)cyclobutyl)pyrrolidinocarbonyl)cyclobutyl)ethyn,,C#CC1(O)CC(C(=O)N2CC[C@H](C3CC(NC(=O)C4(C=C)CCOCC4)C3)C2)C1,
69382,O=C(Cc1cocn1)N[C@H]1[C@@H]2CN(C(=O)COC3CC=CC3)C[C@@H]21,"(1S,5R)-3-((cyclopent-3-en-1-yl)oxymethylcarbonyl)-6-(((oxazol-4-yl)methylcarbonyl)amino)-3-azabicyclo[3.1.0]hexane",C1(CC=CC1)OCC(=O)N1C[C@H]2C([C@H]2C1)NC(=O)CC=1N=COC1,O=C(Cc1cocn1)N[C@H]1[C@@H]2CN(C(=O)COC3CC=CC3)C[C@@H]21,O=C(Cc1cocn1)NC1[C@H]2CN(C(=O)COC3CC=CC3)C[C@@H]12
69404,CC(C)(CC(=O)NC[C@H]1C[C@@](F)(CNC(=O)c2ccc(N)c(Cl)n2)C1)C1CC1,1-fluoro-1-(((3-amino-2-chloro-6-pyridylcarbonyl)amino)methyl)-3-(((2-cyclopropyl-2-methyl-propylcarbonyl)amino)methyl)cyclobutane,FC1(CC(C1)CNC(=O)CC(C)(C)C1CC1)CNC(=O)C1=CC=C(C(=N1)Cl)N,CC(C)(CC(=O)NC[C@H]1C[C@@](F)(CNC(=O)c2ccc(N)c(Cl)n2)C1)C1CC1,CC(C)(CC(=O)NCC1CC(F)(CNC(=O)c2ccc(N)c(Cl)n2)C1)C1CC1
69425,Cc1nnn(CC(=O)NC[C@H]2[C@@H]3CN(c4cc(O)nc(O)n4)C[C@H]23)n1,"(1S,5R)-3-(2,4-dihydroxypyrimidin-6-yl)-6-((((5-methyltetrazol-2-yl)methylcarbonyl)amino)methyl)-3-azabicyclo[3.1.0]hexane",OC1=NC(=CC(=N1)O)N1C[C@H]2C([C@H]2C1)CNC(=O)CN1N=C(N=N1)C,Cc1nnn(CC(=O)NC[C@@H]2[C@H]3CN(c4cc(=O)[nH]c(=O)[nH]4)C[C@@H]23)n1,Cc1nnn(CC(=O)NCC2[C@H]3CN(c4cc(=O)[nH]c(=O)[nH]4)C[C@@H]23)n1
69433,CC/C=C/C[C@H](C)C(=O)N1CCC(CCC(=O)NC[C@@H]2NC(=O)NC2=O)CC1,"4-(((2-(1-((2S)-(2S,4E)-hept-4-en-2-ylcarbonyl)piperidin-4-yl)ethylcarbonyl)amino)methyl)-imidazolidin-2,5-dion",,CC/C=C/CC(C)C(=O)N1CCC(CCC(=O)NCc2[nH]c(=O)[nH]c2O)CC1,
69457,CC1=CC[C@H](C(=O)N2CCN(C(=O)c3ccc4c(c3)CC4)C3(CC3)C2)CC1,"4-(benzocyclobutene-6-ylcarbonyl)-7-((1R)-4-methylcyclohex-3-en-1-ylcarbonyl)-4,7-diazaspiro[2.5]octane",C1=CC2=C1C(=CC=C2)C(=O)N2C1(CC1)CN(CC2)C(=O)[C@H]2CC=C(CC2)C,CC1=CCC(C(=O)N2CCN(C(=O)c3ccc4c(c3)CC4)C3(CC3)C2)CC1,CC1=CCC(C(=O)N2CCN(C(=O)c3cccc4c3C=C4)C3(CC3)C2)CC1
69506,CN(C[C@H]1[C@@H]2CN(C(=O)[C@@H]3CCC(=O)N3C3CC3)C[C@H]12)C(=O)C1(C(F)(F)F)CC1,"(1S,5R,6S)-3-((5S)-1-cyclopropyl-2-oxopyrrolidin-5-ylcarbonyl)-6-((N-(1-trifluoromethylcyclopropylcarbonyl)-N-methylamino)methyl)-3-azabicyclo[3.1.0]hexane",,CN(C[C@@H]1[C@H]2CN(C(=O)C3CCC(=O)N3C3CC3)C[C@@H]12)C(=O)C1(C(F)(F)F)CC1,
69528,O=C(N[C@H]1[C@@H]2CN(C(=O)c3csc(CO)n3)C[C@@H]21)[C@H](O)CC1CCCC1,"(1S,5R)-3-(2-hydroxymethylthiazol-4-ylcarbonyl)-6-(((1R)-1-cyclopentylmethyl-2-oxaethylcarbonyl)amino)-3-azabicyclo[3.1.0]hexane",OCC=1SC=C(N1)C(=O)N1C[C@H]2C([C@H]2C1)NC(=O)[C@H](O)CC1CCCC1,O=C(N[C@H]1[C@@H]2CN(C(=O)c3csc(CO)n3)C[C@@H]21)C(O)CC1CCCC1,O=C(NC1[C@H]2CN(C(=O)c3csc(CO)n3)C[C@@H]12)C(O)CC1CCCC1
69671,O=C(c1ccccn1)N1C[C@H]2C[C@H](NC(=O)[C@]34CCCC[C@@H]3C4)C[C@H]2C1,"1-oxo-1-(((1R,5S)-3-(2-pyridylcarbonyl)-3-azabicyclo[3.3.0]octan-7-yl)amino)-1-((1R,6S)-norcarane-6-yl)-methane",O=C([C@]12CCCC[C@@H]1C2)NC2C[C@@H]1CN(C[C@@H]1C2)C(=O)C2=NC=CC=C2,O=C(c1ccccn1)N1C[C@H]2C[C@H](NC(=O)[C@]34CCCC[C@@H]3C4)C[C@H]2C1,O=C(c1ccccn1)N1C[C@H]2CC(NC(=O)[C@]34CCCC[C@@H]3C4)C[C@H]2C1
69675,CCn1ccnc1C(=O)N[C@H](CC(=O)N[C@@H]1[C@H]2CCCCC[C@H]21)C1CC1,"(1S,7R)-8-((1-((1R)-1-cyclopropyl-1-((1-ethylimidazol-2-ylcarbonyl)amino)-methyl)-methylcarbonyl)amino)-bicyclo[5.1.0]octane",C1(CC1)[C@H](NC(=O)C=1N(C=CN1)CC)CC(=O)NC1[C@@H]2CCCCC[C@H]12,CCn1ccnc1C(=O)N[C@H](CC(=O)N[C@H]1[C@@H]2CCCCC[C@@H]21)C1CC1,CCn1ccnc1C(=O)N[C@H](CC(=O)NC1[C@H]2CCCCC[C@@H]12)C1CC1
69702,COC(=O)[C@H]1C=C[C@H]1C(=O)N[C@]1(C)C[C@H](C(=O)NCCC(F)=C(F)F)C1,"1,1,2-trifluoro-4-(((1S)-3-methyl-3-(((1R,2S)-2-methoxycarbonylcyclobut-3-en-1-ylcarbonyl)amino)cyclobutylcarbonyl)amino)buten",,COC(=O)C1C=CC1C(=O)NC1(C)CC(C(=O)NCCC(F)=C(F)F)C1,
69720,[N-]=[N+]=NC1(C(=O)NC[C@H]2C[C@H](NC(=O)CCCOc3ccccc3Cl)C2)CC1,1-(((1-azidocyclopropylcarbonyl)amino)methyl)-3-((3-(2-chlorophenoxy)propylcarbonyl)amino)cyclobutane,N(=[N+]=[N-])C1(CC1)C(=O)NCC1CC(C1)NC(=O)CCCOC1=C(C=CC=C1)Cl,[N-]=[N+]=NC1(C(=O)NC[C@H]2C[C@H](NC(=O)CCCOc3ccccc3Cl)C2)CC1,[N-]=[N+]=NC1(C(=O)NCC2CC(NC(=O)CCCOc3ccccc3Cl)C2)CC1
69737,CC[C@H]1CCCC[C@H]1C(=O)NC[C@H]1C[C@](F)(CNC(=O)C2CC3(CSC3)C2)C1,"6-(((((1S)-1-fluoro-3-((((1R,2S)-2-ethylcyclohexylcarbonyl)amino)methyl)cyclobutyl)methyl)amino)carbonyl)-2-thiaspiro[3.3]heptane",,CC[C@H]1CCCCC1C(=O)NC[C@H]1C[C@](F)(CNC(=O)C2CC3(CSC3)C2)C1,
69762,O=C(C#CC1CCCCC1)NN1CCC[C@H]1C(=O)N1C[C@H]2C[C@@H]3C[C@H]1[C@@H]2C3,"(1R,2S,5S,7S)-3-((2S)-1-cyclohexylethynylcarbonylaminopyrrolidin-2-ylcarbonyl)-3-azatricyclo[3.3.0.1^2,7]nonane",,O=C(C#CC1CCCCC1)NN1CCCC1C(=O)N1C[C@H]2C[C@H]3C[C@H]2[C@@H]1C3,
69782,CCOC1(C(=O)N2[C@H]3CC[C@@H]2C[C@@H](CNC(=O)c2n[nH]c(CC)c2Cl)C3)CCC1,"(1S,5R)-3-(((4-chloro-3-ethyl-2H-pyrazol-5-ylcarbonyl)amino)methyl)-8-(1-ethoxycyclobutylcarbonyl)-8-azabicyclo[3.2.1]octane",ClC1=C(NN=C1C(=O)NCC1C[C@@H]2CC[C@H](C1)N2C(=O)C2(CCC2)OCC)CC,CCOC1(C(=O)N2[C@@H]3CC[C@H]2C[C@H](CNC(=O)c2[nH]nc(CC)c2Cl)C3)CCC1,CCOC1(C(=O)N2[C@@H]3CC[C@H]2CC(CNC(=O)c2[nH]nc(CC)c2Cl)C3)CCC1
69808,CC(C)c1nocc1C(=O)NC[C@]1(F)C[C@@H](NC(=O)COC2CCC2)C1,2-(4-((((1-fluoro-3-(((cyclobutyl)oxymethylcarbonyl)amino)cyclobutyl)methyl)amino)carbonyl)isooxazol-3-yl)propane,FC1(CC(C1)NC(=O)COC1CCC1)CNC(=O)C=1C(=NOC1)C(C)C,CC(C)c1nocc1C(=O)NC[C@]1(F)C[C@@H](NC(=O)COC2CCC2)C1,CC(C)c1nocc1C(=O)NCC1(F)CC(NC(=O)COC2CCC2)C1
69832,CO[C@@H](C)CC(=O)N1[C@H]2CC[C@@H]1C[C@@H](CNC(=O)[C@@H]1CC=Cc3ccccc31)C2,"(2S)-2-methyl-1-((1R,3R,5S)-3-((((1R)-1,2-dihydronaphthalene-1-ylcarbonyl)amino)methyl)-8-azabicyclo[3.2.1]octan-8-ylcarbonyl)-3-oxabutane",,CO[C@@H](C)CC(=O)N1[C@@H]2CC[C@H]1C[C@H](CNC(=O)C1CC=Cc3ccccc31)C2,
69883,CN(CC(=O)N1CCN(C(=O)[C@@H]2C[C@@H]2Cl)CC1)C(=O)CCC1(C#N)CCC1,(cis)-1-chloro-2-(4-((N-(2-(1-cyanocyclobutyl)ethylcarbonyl)-N-methylamino)methylcarbonyl)piperazinocarbonyl)cyclopropane,Cl[C@H]1[C@H](C1)C(=O)N1CCN(CC1)C(=O)CN(C)C(=O)CCC1(CCC1)C#N,CN(CC(=O)N1CCN(C(=O)C2C[C@@H]2Cl)CC1)C(=O)CCC1(C#N)CCC1,CN(CC(=O)N1CCN(C(=O)C2C[C@H]2Cl)CC1)C(=O)CCC1(C#N)CCC1
70044,CC(C)Cn1cc(C(=O)N[C@]23C[C@H]2CN(C(=O)[C@H]2C[C@@](C)(O)C2)C3)cn1,"(1R,5S)-1-((1-isobutylpyrazol-4-ylcarbonyl)amino)-3-((3S)-3-hydroxy-3-methylcyclobutylcarbonyl)-3-azabicyclo[3.1.0]hexane",,CC(C)Cn1cc(C(=O)N[C@]23C[C@H]2CN(C(=O)C2CC(C)(O)C2)C3)cn1,
70059,C[C@@H](CF)CC(=O)N[C@H]1CC[C@]2(CC1)CN(C(=O)c1cnn(CCO)c1)CCO2,(6R)-10-(1-(3-oxapropyl)pyrazol-4-ylcarbonyl)-3-(((2R)-2-fluoromethyl-propylcarbonyl)amino)-10-aza-7-oxaspiro[5.5]undecane,,C[C@@H](CF)CC(=O)N[C@H]1CC[C@]2(CC1)CN(C(=O)c1cnn(CCO)c1)CCO2,
70060,Cc1scnc1C(=O)N[C@@H]1C[C@@H]2CC[C@H](C1)N2C(=O)[C@@H]1CC(C)(C)CN1C,"(2S)-1,4,4-trimethyl-2-((1R,3S,5S)-3-((5-methylthiazol-4-ylcarbonyl)amino)-8-azabicyclo[3.2.1]octan-8-ylcarbonyl)pyrrolidin",,Cc1scnc1C(=O)N[C@H]1C[C@H]2CC[C@@H](C1)N2C(=O)C1CC(C)(C)CN1C,
70079,CCN(CC)[C@H](C)C(=O)N[C@]1(C)C[C@@H](NC(=O)c2noc3c2COCC3)C1,"9-((((1R)-3-methyl-3-(((1R)-2-ethyl-1-methyl-2-azabutylcarbonyl)amino)cyclobutyl)amino)carbonyl)-8-aza-3,7-dioxabicyclo[4.3.0]nona-1(6),8(9)-diene",,CCN(CC)C(C)C(=O)N[C@]1(C)C[C@@H](NC(=O)c2noc3c2COCC3)C1,
70102,CO[C@](C)(CNC(=O)c1cc(C)cc(O)n1)CNC(=O)c1cn2cccnc2n1,"2-((((2S)-2-methyl-2-(((2-hydroxy-4-methyl-6-pyridylcarbonyl)amino)methyl)-3-oxabutyl)amino)carbonyl)-imidazo[1,2-a]pyrimidin",C[C@](CNC(=O)C=1N=C2N(C=CC=N2)C1)(OC)CNC(=O)C1=CC(=CC(=N1)O)C,CO[C@@](C)(CNC(=O)c1cn2cccnc2n1)CNC(=O)c1cc(C)cc(=O)[nH]1,CO[C@](C)(CNC(=O)c1cn2cccnc2n1)CNC(=O)c1cc(C)cc(=O)[nH]1
70192,CC[C@@H](O)[C@H](C)C(=O)N1C[C@H]2[C@H](CN(C)C(=O)c3cccnn3)[C@H]2C1,"(1S,5R,6S)-3-((2S,3R)-3-hydroxy-pentan-2-ylcarbonyl)-6-((N-methyl-N-(pyridazin-3-carbonyl)amino)methyl)-3-azabicyclo[3.1.0]hexane",,CC[C@@H](O)C(C)C(=O)N1C[C@@H]2[C@@H](CN(C)C(=O)c3cccnn3)[C@@H]2C1,
70220,C[C@H]1C[C@@H](NC(=O)Cc2ccsc2Cl)CCN1C(=O)[C@H]1C[C@@]2(CC2(F)F)C1,"(3S)-2,2-difluoro-5-((2S,4S)-2-methyl-4-(((2-chloro-3-thienyl)methylcarbonyl)amino)piperidinocarbonyl)-spiro[2.3]hexane",,C[C@H]1C[C@@H](NC(=O)Cc2ccsc2Cl)CCN1C(=O)C1CC2(C1)CC2(F)F,
70244,CCn1cc(CC(=O)N2CCC(C)(C(=O)N(C)[C@H]3C[C@@H]4C[C@@H]4C3)CC2)cn1,"(1S,5R)-3-(N-(4-methyl-1-((1-ethylpyrazol-4-yl)methylcarbonyl)piperidin-4-ylcarbonyl)-N-methylamino)-bicyclo[3.1.0]hexane",CC1(CCN(CC1)C(=O)CC=1C=NN(C1)CC)C(=O)N(C)C1C[C@@H]2C[C@@H]2C1,CCn1cc(CC(=O)N2CCC(C)(C(=O)N(C)[C@@H]3C[C@H]4C[C@H]4C3)CC2)cn1,CCn1cc(CC(=O)N2CCC(C)(C(=O)N(C)C3C[C@@H]4C[C@@H]4C3)CC2)cn1
70250,CN1CCC(=CC(=O)N(C)C[C@H]2COCCN2C(=O)[C@H](F)CC2CCC2)C1,1-methyl-3-(N-(((3S)-4-((1R)-2-cyclobutyl-1-fluoro-ethylcarbonyl)morpholin-3-yl)methyl)-N-methylcarbamoylmethylidene)pyrrolidin,,CN1CCC(=CC(=O)N(C)C[C@H]2COCCN2C(=O)C(F)CC2CCC2)C1,
70262,COc1cc(O)ncc1C(=O)N[C@@H]1C[C@H]1NC(=O)c1ccc2c(c1)NC(=O)CC2,"7-((((1R,2R)-2-((2-hydroxy-4-methoxy-5-pyridylcarbonyl)amino)cyclopropyl)amino)carbonyl)-1,2,3,4-tetrahydroquinolin-2(1H)-one",,COc1cc(=O)[nH]cc1C(=O)N[C@@H]1C[C@H]1NC(=O)c1ccc2c(c1)NC(=O)CC2,
70277,CC[C@@H](C(=O)N[C@H]1C[C@](C)(NC(=O)c2cncc(Cl)c2)C1)C(C)(C)CC,"(4R)-3,3-dimethyl-4-((((3R)-3-methyl-3-((3-chloro-5-pyridylcarbonyl)amino)cyclobutyl)amino)carbonyl)hexane",,CCC(C(=O)N[C@H]1C[C@](C)(NC(=O)c2cncc(Cl)c2)C1)C(C)(C)CC,
70283,COc1cc(C)ccc1NC(=O)C[C@H]1[C@@H]2CN(C(=O)c3ccn(C)c(=O)c3)C[C@H]12,"(1S,5R)-3-(1-methyl-2-oxo-1,2-dihydropyridin-4-ylcarbonyl)-6-(2-oxo-3-(2-methoxy-4-methylphenyl)-3-azapropyl)-3-azabicyclo[3.1.0]hexane",CN1C(C=C(C=C1)C(=O)N1C[C@H]2C([C@H]2C1)CC(NC1=C(C=C(C=C1)C)OC)=O)=O,COc1cc(C)ccc1NC(=O)C[C@@H]1[C@H]2CN(C(=O)c3ccn(C)c(=O)c3)C[C@@H]12,COc1cc(C)ccc1NC(=O)CC1[C@H]2CN(C(=O)c3ccn(C)c(=O)c3)C[C@@H]12
70300,CCc1nnc(N2C[C@H]3[C@H](NC(=O)CC45CCC(CC4)C5)[C@H]3C2)nc1CC,"1-(2-oxo-3-((1S,5R)-3-(5,6-diethyl-1,2,4-triazin-3-yl)-3-azabicyclo[3.1.0]hexane-6-yl)-3-azapropyl)norbornane",O=C(CC12CCC(CC1)C2)NC2[C@H]1CN(C[C@@H]21)C=2N=NC(=C(N2)CC)CC,CCc1nnc(N2C[C@@H]3[C@H](C2)[C@H]3NC(=O)CC23CCC(CC2)C3)nc1CC,CCc1nnc(N2C[C@@H]3C(NC(=O)CC45CCC(CC4)C5)[C@@H]3C2)nc1CC
70312,Cc1cccc(-n2cc([C@]3(O)C[C@@H](C(=O)N4CC[C@H](C(=O)O)C4)C3)nn2)c1,"3-(4-((1R)-1-hydroxy-3-((3S)-3-carboxypyrrolidinocarbonyl)cyclobutyl)-1,2,3-triazol-1-yl)toluene",,Cc1cccc(-n2cc(C3(O)CC(C(=O)N4CCC(C(=O)O)C4)C3)nn2)c1,
70318,Cc1cnc(Cl)c(C(=O)NC[C@H]2C[C@@H]3CC[C@H](C2)N3C(=O)c2ccno2)c1,"5-((1R,5S)-3-(((2-chloro-5-methyl-3-pyridylcarbonyl)amino)methyl)-8-azabicyclo[3.2.1]octan-8-ylcarbonyl)isooxazol",ClC1=NC=C(C=C1C(=O)NCC1C[C@H]2CC[C@@H](C1)N2C(=O)C2=CC=NO2)C,Cc1cnc(Cl)c(C(=O)NC[C@@H]2C[C@H]3CC[C@@H](C2)N3C(=O)c2ccno2)c1,Cc1cnc(Cl)c(C(=O)NCC2C[C@H]3CC[C@@H](C2)N3C(=O)c2ccno2)c1
70333,Cc1ncc([N+](=O)[O-])n1CC(=O)N[C@@H]1C[C@@H]2CC[C@H](C1)N2C(=O)c1cnn[nH]1,"(1S,5R)-3-(((2-methyl-5-nitroimidazol-1-yl)methylcarbonyl)amino)-8-(1H-1,2,3-triazol-5-ylcarbonyl)-8-azabicyclo[3.2.1]octane",CC=1N(C(=CN1)[N+](=O)[O-])CC(=O)NC1C[C@@H]2CC[C@H](C1)N2C(=O)C2=CN=NN2,Cc1ncc([N+](=O)[O-])n1CC(=O)N[C@H]1C[C@H]2CC[C@@H](C1)N2C(=O)c1c[nH]nn1,Cc1ncc([N+](=O)[O-])n1CC(=O)NC1C[C@H]2CC[C@@H](C1)N2C(=O)c1c[nH]nn1
70393,C[C@]1(O)CC[C@@H](C(=O)N2CCCC[C@@H]2CCNC(=O)CCCn2cccn2)CC1,(2R)-1-((4S)-4-hydroxy-4-methylcyclohexylcarbonyl)-2-(2-((3-(pyrazol-1-yl)propylcarbonyl)amino)ethyl)piperidin,,CC1(O)CCC(C(=O)N2CCCC[C@@H]2CCNC(=O)CCCn2cccn2)CC1,
70404,COCc1ccc(C(=O)N2CC[C@H]([C@H](C)NC(=O)[C@H]3C[C@]4(COC(=O)N4)C3)C2)[nH]1,(4R)-6-oxo-2-((((1S)-1-((3S)-1-(2-methoxymethyl-1H-pyrrol-5-ylcarbonyl)pyrrolidin-3-yl)-ethyl)amino)carbonyl)-5-aza-7-oxaspiro[3.4]octane,,COCc1ccc(C(=O)N2CC[C@H]([C@H](C)NC(=O)C3CC4(COC(=O)N4)C3)C2)[nH]1,
70517,C[C@@H](NC(=O)[C@@H]1CCCCC(=O)N1)[C@@H](CO)NC(=O)Cc1cscn1,"(R,S)-4-(4-hydroxymethyl-2-oxo-5-(((7S)-2-oxoazepan-7-ylcarbonyl)amino)-3-azahexyl)thiazol",OC[C@H](NC(CC=1N=CSC1)=O)[C@H](C)NC(=O)[C@@H]1CCCCC(N1)=O,C[C@@H](NC(=O)C1CCCCC(=O)N1)[C@@H](CO)NC(=O)Cc1cscn1,C[C@H](NC(=O)C1CCCCC(=O)N1)[C@H](CO)NC(=O)Cc1cscn1
70559,CCOc1ccc2oc(C(=O)NC(C)(C)CNC(=O)[C@H]3C[C@@H]3Cl)c(C)c2c1,(trans)-1-chloro-2-(((2-methyl-2-((5-ethoxy-3-methylcoumaron-2-ylcarbonyl)amino)-propyl)amino)carbonyl)cyclopropane,Cl[C@H]1[C@@H](C1)C(=O)NCC(C)(NC(=O)C=1OC2=CC=C(C=C2C1C)OCC)C,CCOc1ccc2oc(C(=O)NC(C)(C)CNC(=O)C3C[C@@H]3Cl)c(C)c2c1,CCOc1ccc2oc(C(=O)NC(C)(C)CNC(=O)C3C[C@H]3Cl)c(C)c2c1
70661,CCC[C@H](OC)C(=O)NC12CC(CO)(C1)OC21CN(C(=O)C[C@@H]2CC(C)=NO2)C1,,,CCCC(OC)C(=O)NC12CC(CO)(C1)OC21CN(C(=O)C[C@@H]2CC(C)=NO2)C1,
70701,CCC1=C(C(=O)N2[C@H]3CC[C@@H]2C[C@@H](CNC(=O)Cc2cnc(C)o2)C3)CCCO1,"(1S,5R)-3-((((2-methyloxazol-5-yl)methylcarbonyl)amino)methyl)-8-(2-ethyl-1-oxacyclohex-2-ene-3-ylcarbonyl)-8-azabicyclo[3.2.1]octane",CC=1OC(=CN1)CC(=O)NCC1C[C@@H]2CC[C@H](C1)N2C(=O)C2=C(OCCC2)CC,CCC1=C(C(=O)N2[C@@H]3CC[C@H]2C[C@H](CNC(=O)Cc2cnc(C)o2)C3)CCCO1,CCC1=C(C(=O)N2[C@@H]3CC[C@H]2CC(CNC(=O)Cc2cnc(C)o2)C3)CCCO1
70742,C/C=C/C[C@@H](C)C(=O)N(C)[C@H]1C[C@@H]2CC[C@H](C1)N2C(=O)c1cnccc1N(C)C,"3-((1R,5S)-3-(N-((2R,4E)-hex-4-en-2-ylcarbonyl)-N-methylamino)-8-azabicyclo[3.2.1]octan-8-ylcarbonyl)-4-(dimethylamino)pyridin",C[C@H](C\C=C\C)C(=O)N(C)C1C[C@H]2CC[C@@H](C1)N2C(=O)C=2C=NC=CC2N(C)C,C/C=C/CC(C)C(=O)N(C)[C@@H]1C[C@H]2CC[C@@H](C1)N2C(=O)c1cnccc1N(C)C,C/C=C/CC(C)C(=O)N(C)C1C[C@H]2CC[C@@H](C1)N2C(=O)c1cnccc1N(C)C
70805,CS[C@@H](C)C(=O)N(C)[C@H]1C[C@@H]2CC[C@H](C1)N2C(=O)C1CN(C(=O)N(C)C)C1,"(1S,5R)-3-(N-((1S)-1-methyl-2-thiapropylcarbonyl)-N-methylamino)-8-(1-dimethylcarbamylazetidin-3-ylcarbonyl)-8-azabicyclo[3.2.1]octane",C[C@H](SC)C(=O)N(C)C1C[C@@H]2CC[C@H](C1)N2C(=O)C2CN(C2)C(N(C)C)=O,CSC(C)C(=O)N(C)[C@@H]1C[C@H]2CC[C@@H](C1)N2C(=O)C1CN(C(=O)N(C)C)C1,CSC(C)C(=O)N(C)C1C[C@H]2CC[C@@H](C1)N2C(=O)C1CN(C(=O)N(C)C)C1
70820,CN(CC(=O)N1C[C@@H](CNC(=O)[C@H]2C[C@@](C)(O)C2)C(C)(C)C1)c1ccc(Cl)cn1,"(4R)-3,3-dimethyl-1-((N-(3-chloro-6-pyridyl)-N-methylamino)methylcarbonyl)-4-((((3S)-3-hydroxy-3-methylcyclobutylcarbonyl)amino)methyl)pyrrolidin",,CN(CC(=O)N1C[C@@H](CNC(=O)C2CC(C)(O)C2)C(C)(C)C1)c1ccc(Cl)cn1,
70847,C[C@@H](C(=O)N[C@H]1C[C@@H](NC(=O)[C@H]2CCc3nccn3CC2)C1)N1CCOC1=O,"(4S)-4-((((1R,3R)-3-(((1S)-1-(2-oxo-1-aza-3-oxacyclopentan-1-yl)-ethylcarbonyl)amino)cyclobutyl)amino)carbonyl)-1,8-diazabicyclo[5.3.0]deca-7(8),9(10)-diene",,CC(C(=O)N[C@H]1C[C@@H](NC(=O)C2CCc3nccn3CC2)C1)N1CCOC1=O,
70864,CC(C)[C@@](C)(O)C(=O)NC[C@H]1C[C@@H](NC(=O)[C@@H](C)c2cncnc2)C1,"(4R)-4-hydroxy-4,5-dimethyl-3-oxo-1-((1R,3S)-3-(((1S)-1-(pyrimidin-5-yl)-ethylcarbonyl)amino)cyclobutyl)-2-azahexane",,CC(C(=O)N[C@H]1C[C@@H](CNC(=O)[C@](C)(O)C(C)C)C1)c1cncnc1,
70878,COc1cccc2c1C[C@@H](N(C)C(=O)[C@]1(C)CC[C@@H](C(C)(C)C)CC1)C2,2-methyl-2-((1S)-4-methyl-4-(N-((2S)-7-methoxyindan-2-yl)-N-methylcarbamoyl)cyclohexyl)propane,,COc1cccc2c1C[C@@H](N(C)C(=O)[C@]1(C)CC[C@@H](C(C)(C)C)CC1)C2,
70900,CC(C)CCO[C@@H](C)C(=O)N[C@H](CO)CCCCNC(=O)[C@H]1CC[C@@](C)(F)CC1,"(5S,8S)-5-hydroxymethyl-8,12-dimethyl-7-oxo-1-(((4R)-4-fluoro-4-methylcyclohexylcarbonyl)amino)-6-aza-9-oxatridecane",,CC(C)CCOC(C)C(=O)N[C@H](CO)CCCCNC(=O)C1CCC(C)(F)CC1,
70902,Cc1ccc(-n2cc([C@@H]3[C@H]4CN(C(=O)CSc5nncn5C)C[C@H]43)nn2)c(Cl)c1,"(1S,5R)-3-(2-(4-methyl-1,2,4-triazol-3-yl)-2-thiaethylcarbonyl)-6-(1-(2-chloro-4-methylphenyl)-1,2,3-triazol-4-yl)-3-azabicyclo[3.1.0]hexane",CN1C(=NN=C1)SCC(=O)N1C[C@@H]2C([C@@H]2C1)C=1N=NN(C1)C1=C(C=C(C=C1)C)Cl,Cc1ccc(-n2cc([C@H]3[C@@H]4CN(C(=O)CSc5nncn5C)C[C@@H]43)nn2)c(Cl)c1,Cc1ccc(-n2cc(C3[C@H]4CN(C(=O)CSc5nncn5C)C[C@@H]34)nn2)c(Cl)c1
70910,Cc1ccc(Br)c(C(=O)N[C@]2(C)C[C@@H](NC(=O)C3=CCC[C@@H]3C)C2)c1,bromo-4-methyl-2-((((1S)-1-methyl-3-(((2S)-2-methylcyclopent-5-en-1-ylcarbonyl)amino)cyclobutyl)amino)carbonyl)benzene,,Cc1ccc(Br)c(C(=O)N[C@]2(C)C[C@@H](NC(=O)C3=CCC[C@@H]3C)C2)c1,
71011,COc1cc2c(cc1NCC(=O)Nc1ccc([N+](=O)[O-])cc1C)NC(=O)CC2,"6-methoxy-7-(N-(2-oxo-3-(2-methyl-4-nitrophenyl)-3-azapropyl)amino)-1,2,3,4-tetrahydroquinolin-2(1H)-one",,COc1cc2c(cc1NCC(=O)Nc1ccc([N+](=O)[O-])cc1C)NC(=O)CC2,
71012,CCC(=O)N1CCCC[C@@H]1C(=O)N1C[C@@H](C)[C@@H](CNC(=O)[C@H]2C[C@@](F)(CO)C2)C1,"(3S,4S)-3-methyl-1-((2R)-1-propionylpiperidin-2-ylcarbonyl)-4-((((3S)-3-fluoro-3-hydroxymethylcyclobutylcarbonyl)amino)methyl)pyrrolidin",,CCC(=O)N1CCCCC1C(=O)N1C[C@H](CNC(=O)C2CC(F)(CO)C2)[C@H](C)C1,
71033,CC(=CC(=O)N1[C@@H]2COC[C@H]1C[C@@H](NC(=O)CC1=NNC(=O)C1)C2)C(F)F,"(1S,5R)-7-(((2-oxo-1,5-diazacyclopent-4-en-4-yl)methylcarbonyl)amino)-9-(2-difluoromethyl-propen-1-ylcarbonyl)-9-aza-3-oxabicyclo[3.3.1]nonane",O=C1NN=C(C1)CC(=O)NC1C[C@@H]2COC[C@H](C1)N2C(=O)C=C(C)C(F)F,CC(=CC(=O)N1[C@@H]2COC[C@H]1C[C@@H](NC(=O)Cc1cc(=O)[nH][nH]1)C2)C(F)F,CC(=CC(=O)N1[C@@H]2COC[C@H]1CC(NC(=O)Cc1cc(=O)[nH][nH]1)C2)C(F)F
71039,Cc1c(C(=O)N[C@@H]2C[C@H]3[C@@H](C2)[C@@H]3NC(=O)CCCC(=O)N(C)C)nnn1C,"(1S,5R)-3-((1,5-dimethyl-1,2,3-triazol-4-ylcarbonyl)amino)-6-((5-methyl-4-oxo-5-azahexylcarbonyl)amino)-bicyclo[3.1.0]hexane",CN1N=NC(=C1C)C(=O)NC1C[C@@H]2C([C@@H]2C1)NC(=O)CCCC(N(C)C)=O,Cc1c(C(=O)N[C@H]2C[C@@H]3[C@H](C2)[C@H]3NC(=O)CCCC(=O)N(C)C)nnn1C,Cc1c(C(=O)NC2C[C@@H]3C(NC(=O)CCCC(=O)N(C)C)[C@@H]3C2)nnn1C
71118,CN(C)CCCCC(=O)N1C[C@H]2[C@H](CNC(=O)[C@H]3CCN(C4CC4)C3=O)[C@H]2C1,"(1S,5R)-3-(4-dimethylaminobutylcarbonyl)-6-((((3R)-1-cyclopropyl-2-oxopyrrolidin-3-ylcarbonyl)amino)methyl)-3-azabicyclo[3.1.0]hexane",CN(CCCCC(=O)N1C[C@H]2C([C@H]2C1)CNC(=O)[C@@H]1C(N(CC1)C1CC1)=O)C,CN(C)CCCCC(=O)N1C[C@@H]2[C@@H](CNC(=O)C3CCN(C4CC4)C3=O)[C@@H]2C1,CN(C)CCCCC(=O)N1C[C@@H]2C(CNC(=O)C3CCN(C4CC4)C3=O)[C@@H]2C1
71164,CCc1cc(C(=O)N[C@H]2C[C@@](C)(NC(=O)[C@@H]3C[C@H](O)[C@@H](F)C3)C2)n[nH]1,"3-ethyl-5-((((1S)-3-methyl-3-(((1R,3S,4S)-3-fluoro-4-hydroxycyclopentylcarbonyl)amino)cyclobutyl)amino)carbonyl)-2H-pyrazole",,CCc1cc(C(=O)N[C@H]2C[C@@](C)(NC(=O)C3C[C@H](O)[C@@H](F)C3)C2)[nH]n1,
71187,O=C(NC[C@]1(CN=c2[nH]nc(C3CC3)o2)CC12CCC2)[C@@H]1CO[C@@H]2COC[C@@H]21,"2-cyclopropyl-5-((1-((2S)-2-((((1S,4S,5S)-2,7-dioxabicyclo[3.3.0]octan-4-ylcarbonyl)amino)methyl)spiro[2.3]hexane-2-yl)-methyl)imino)-1,3,4-oxadiazole",C1(CC1)C1OC(N=N1)=NC[C@]1(CC12CCC2)CNC(=O)[C@@H]2CO[C@@H]1COC[C@H]21,O=C(NC[C@]1(CNc2nnc(C3CC3)o2)CC12CCC2)C1CO[C@@H]2COC[C@H]12,O=C(NC[C@]1(CN=C2N=NC(C3CC3)O2)CC12CCC2)C1CO[C@@H]2COC[C@H]12
71196,O=C(C[C@H]1CCS(=O)(=O)C1)NC[C@H]1C[C@@](F)(CNC(=O)c2cnn3ccsc23)C1,"4-(((((1S)-1-fluoro-3-(((((3S)-1,1-dioxothiolan-3-yl)methylcarbonyl)amino)methyl)cyclobutyl)methyl)amino)carbonyl)-1,2-diaza-6-thiabicyclo[3.3.0]octa-2(3),4(5),7(8)-triene",,O=C(C[C@H]1CCS(=O)(=O)C1)NC[C@H]1C[C@@](F)(CNC(=O)c2cnn3ccsc23)C1,
71219,CC[C@@H]1C[C@@H]1C(=O)NC[C@]1(F)C[C@H](NC(=O)c2cc(=O)c3ccc(Cl)cc3o2)C1,"1-((1R,2S)-2-(((((3S)-1-fluoro-3-((7-chlorochromone-2-ylcarbonyl)amino)cyclobutyl)methyl)amino)carbonyl)cyclopropyl)-ethane",,CC[C@@H]1CC1C(=O)NC[C@]1(F)C[C@H](NC(=O)c2cc(=O)c3ccc(Cl)cc3o2)C1,
71233,Cc1ncc(Cl)c(C(=O)N[C@H]2[C@@H]3CN(C(=O)C=Cc4ccc(C(F)F)o4)C[C@@H]32)n1,"(1S,5R)-3-(2-(2-difluoromethyl-5-furyl)-ethen-1-ylcarbonyl)-6-((5-chloro-2-methylpyrimidin-4-ylcarbonyl)amino)-3-azabicyclo[3.1.0]hexane",FC(C=1OC(=CC1)C=CC(=O)N1C[C@H]2C([C@H]2C1)NC(=O)C1=NC(=NC=C1Cl)C)F,Cc1ncc(Cl)c(C(=O)N[C@H]2[C@@H]3CN(C(=O)C=Cc4ccc(C(F)F)o4)C[C@@H]32)n1,Cc1ncc(Cl)c(C(=O)NC2[C@H]3CN(C(=O)C=Cc4ccc(C(F)F)o4)C[C@@H]23)n1
71270,Nc1nc(C(F)(F)F)ccc1C(=O)NC[C@H]1CCC[C@H]1NC(=O)C#CC1CC1,"(1R,2R)-1-cyclopropylethynylcarbonylamino-2-(((2-amino-6-trifluoromethyl-3-pyridylcarbonyl)amino)methyl)cyclopentane",,Nc1nc(C(F)(F)F)ccc1C(=O)NC[C@H]1CCC[C@H]1NC(=O)C#CC1CC1,
71279,CO[C@@H]1CCCC[C@H]1C(=O)N1CC2(C1)OC1(CO)CC2(NC(=O)[C@@H](C)CSC)C1,,,CO[C@@H]1CCCCC1C(=O)N1CC2(C1)OC1(CO)CC2(NC(=O)C(C)CSC)C1,
71377,COc1nc(C)cc(=NC[C@H]2C[C@@H]3CC[C@H](C2)N3C(=O)C[C@H]2CC(C)(C)CO2)[nH]1,"2-methoxy-4-methyl-6-((1-((1R,3S,5S)-8-(((5R)-3,3-dimethyloxolan-5-yl)methylcarbonyl)-8-azabicyclo[3.2.1]octan-3-yl)-methyl)imino)-1H-pyrimidin",,COc1nc(C)cc(NC[C@@H]2C[C@H]3CC[C@@H](C2)N3C(=O)C[C@H]2CC(C)(C)CO2)n1,
71490,C[C@H](F)CC(=O)N[C@H]1C[C@H](CCNC(=O)COC[C@@H](C)c2ccccc2)C1,"(1R,3S)-1-(((2S)-2-fluoro-propylcarbonyl)amino)-3-(2-((((2S)-2-phenyl-propyl)oxymethylcarbonyl)amino)ethyl)cyclobutane",,C[C@H](F)CC(=O)N[C@H]1C[C@H](CCNC(=O)COC[C@@H](C)c2ccccc2)C1,
71515,CCCCC1(C(=O)N(C)C[C@H]2[C@@H]3CN(C(=O)C[C@H]4CC(C)(C)CO4)C[C@H]23)CC1,"1-(1-(N-(((1S,5R,6R)-3-(((5R)-3,3-dimethyloxolan-5-yl)methylcarbonyl)-3-azabicyclo[3.1.0]hexane-6-yl)methyl)-N-methylcarbamoyl)cyclopropyl)butane",,CCCCC1(C(=O)N(C)C[C@@H]2[C@H]3CN(C(=O)C[C@H]4CC(C)(C)CO4)C[C@@H]23)CC1,
71518,CCN(C)C(=O)[C@H](C)N1C[C@H]2[C@@H](C1)[C@@H]2C(=O)N(C)[C@H](C)C(C)(C)C,"(1R,5S,6S)-3-((2S)-1-oxo-1-(ethyl(methyl)amino)-propan-2-yl)-6-(N-((2R)-3,3-dimethyl-butan-2-yl)-N-methylcarbamoyl)-3-azabicyclo[3.1.0]hexane",,CCN(C)C(=O)C(C)N1C[C@@H]2C(C(=O)N(C)[C@H](C)C(C)(C)C)[C@@H]2C1,
71520,C=C(F)C1(CC(=O)N[C@H]2C[C@@H]2CNC(=O)c2cnc(C(C)=O)s2)CCC1,(trans)-1-(((1-(1-fluoro-ethen-1-yl)cyclobutyl)methylcarbonyl)amino)-2-(((2-(acetyl)thiazol-5-ylcarbonyl)amino)methyl)cyclopropane,FC(=C)C1(CCC1)CC(=O)N[C@H]1[C@@H](C1)CNC(=O)C1=CN=C(S1)C(C)=O,C=C(F)C1(CC(=O)N[C@H]2C[C@@H]2CNC(=O)c2cnc(C(C)=O)s2)CCC1,C=C(F)C1(CC(=O)N[C@@H]2C[C@H]2CNC(=O)c2cnc(C(C)=O)s2)CCC1
71663,C[C@@H](CN=c1[nH]c(=NC[C@H](C)c2ccsc2)c2[nH]ccc2[nH]1)n1ccnn1,"(S)-1-(1-methyl-3-(4-(((2R)-2-(3-thienyl)-propyl)imino)pyrimido[4,5-d]pyrrole-2-ylidene)-3-azapropyl)-1,2,3-triazol",C[C@@H](CN=C1NC(C=2C(C=CN2)=N1)=NC[C@H](C)C1=CSC=C1)N1N=NC=C1,C[C@@H](CNc1nc(NC[C@H](C)n2ccnn2)nc2cc[nH]c12)c1ccsc1,C[C@@H](CN=C1N=C(NC[C@H](C)n2ccnn2)N=C2C=CN=C21)c1ccsc1
71706,C=CCCCC(=O)NC[C@H]1[C@@H]2CN(C(=O)Cc3csc(CC)n3)C[C@H]12,"(1S,5R)-3-((2-ethylthiazol-4-yl)methylcarbonyl)-6-(((4-penten-1-ylcarbonyl)amino)methyl)-3-azabicyclo[3.1.0]hexane",C(C)C=1SC=C(N1)CC(=O)N1C[C@H]2C([C@H]2C1)CNC(=O)CCCC=C,C=CCCCC(=O)NC[C@@H]1[C@H]2CN(C(=O)Cc3csc(CC)n3)C[C@@H]12,C=CCCCC(=O)NCC1[C@H]2CN(C(=O)Cc3csc(CC)n3)C[C@@H]12
71724,CSc1ccc(C)c(C(=O)N[C@H](C)CNC(=O)[C@H]2CC[C@@](C)(F)CC2)c1,(2R)-1-(((4S)-4-fluoro-4-methylcyclohexylcarbonyl)amino)-2-((2-methyl-5-methylsulfanylbenzoyl)amino)propane,,CSc1ccc(C)c(C(=O)N[C@H](C)CNC(=O)C2CCC(C)(F)CC2)c1,
71740,C[C@]1(NC(=O)C[C@@H]2CC[C@H]3C[C@H]23)C[C@H](NC(=O)C=Cc2ccc(O)cc2)C1,"1-((((1S)-3-methyl-3-((((1S,4S,5S)-bicyclo[3.1.0]hexane-4-yl)methylcarbonyl)amino)cyclobutyl)amino)carbonyl)-2-(4-hydroxyphenyl)ethen",,C[C@]1(NC(=O)C[C@@H]2CC[C@H]3C[C@H]23)C[C@H](NC(=O)C=Cc2ccc(O)cc2)C1,
71746,CCCCC[C@@H](F)C(=O)N[C@]1(C)C[C@H](C(=O)N2C[C@H](OC)C[C@@H]2CF)C1,"(2R,4R)-2-fluoromethyl-4-methoxy-1-((1S,3S)-3-methyl-3-(((1R)-1-fluoro-hexylcarbonyl)amino)cyclobutylcarbonyl)pyrrolidin",,CCCCCC(F)C(=O)NC1(C)CC(C(=O)N2C[C@H](OC)C[C@@H]2CF)C1,
71826,O=C(N[C@H]1C[C@@H](CNc2nc(Cl)[nH]c3ncnc2-3)C1)c1cc(=O)cc(Cl)[nH]1,"1-((2-chloro-4-oxo-1H-pyridin-6-ylcarbonyl)amino)-3-((N-(3-chloro-2,4,7,9-tetraazabicyclo[4.3.0]nona-1(9),3(4),5(6),7(8)-tetraen-5-yl)amino)methyl)cyclobutane",ClC=1NC(=CC(C1)=O)C(=O)NC1CC(C1)CNC=1N=C(NC2=NC=NC12)Cl,O=C(N[C@H]1C[C@@H](CNc2nc(Cl)nc3[nH]cnc23)C1)c1cc(=O)cc(Cl)[nH]1,O=C(NC1CC(CNc2nc(Cl)nc3[nH]cnc23)C1)c1cc(=O)cc(Cl)[nH]1
71842,COC1CC(CCC(=O)N2C[C@H]3[C@H](CC(=O)NCC[C@H]4C=CCC4)[C@H]3C2)C1,"2-oxo-1-((1S,5R)-3-(2-(3-methoxycyclobutyl)ethylcarbonyl)-3-azabicyclo[3.1.0]hexane-6-yl)-5-((1S)-cyclopent-2-en-1-yl)-3-azapentane",O=C(CC1[C@H]2CN(C[C@@H]12)C(=O)CCC1CC(C1)OC)NCC[C@H]1C=CCC1,COC1CC(CCC(=O)N2C[C@@H]3[C@@H](CC(=O)NCC[C@H]4C=CCC4)[C@@H]3C2)C1,COC1CC(CCC(=O)N2C[C@@H]3C(CC(=O)NCC[C@H]4C=CCC4)[C@@H]3C2)C1
71847,O=C(N[C@H]1C[C@@H]2CN(C(=O)[C@@H](F)Cc3ccccc3)C[C@@H]2C1)c1ccns1,"(1S,5R,7R)-3-((1S)-1-fluoro-2-phenyl-ethylcarbonyl)-7-((isothiazol-5-carbonyl)amino)-3-azabicyclo[3.3.0]octane",,O=C(N[C@H]1C[C@@H]2CN(C(=O)C(F)Cc3ccccc3)C[C@@H]2C1)c1ccns1,
71861,CSc1ccc(C)c(C(=O)N[C@H]2[C@@H]3CN(C(=O)[C@@H]4CCC[C@H](C#N)C4)C[C@@H]32)c1,"(1S,5R,6S)-3-((1R,3S)-3-cyanocyclohexylcarbonyl)-6-((2-methyl-5-methylsulfanylbenzoyl)amino)-3-azabicyclo[3.1.0]hexane",,CSc1ccc(C)c(C(=O)N[C@H]2[C@@H]3CN(C(=O)C4CCC[C@H](C#N)C4)C[C@@H]32)c1,
71948,C[C@]1(NC(=O)C2CN(c3nncs3)C2)C[C@H](NC(=O)c2occc2F)C1,"2-(3-(((1-methyl-3-((3-fluoro-2-furylcarbonyl)amino)cyclobutyl)amino)carbonyl)azetidin-1-yl)-1,3,4-thiadiazole",CC1(CC(C1)NC(=O)C=1OC=CC1F)NC(=O)C1CN(C1)C=1SC=NN1,C[C@]1(NC(=O)C2CN(c3nncs3)C2)C[C@H](NC(=O)c2occc2F)C1,CC1(NC(=O)C2CN(c3nncs3)C2)CC(NC(=O)c2occc2F)C1
72050,COC(=O)Cc1ccnc(NC[C@]2(F)C[C@@H](NC(=O)[C@H]3CC=CCC3)C2)n1,2-((((1S)-1-fluoro-3-(((1R)-cyclohex-3-en-1-ylcarbonyl)amino)cyclobutyl)methyl)amino)-4-(2-oxo-3-oxabutyl)pyrimidin,,COC(=O)Cc1ccnc(NC[C@]2(F)C[C@@H](NC(=O)C3CC=CCC3)C2)n1,
72101,CC(=O)N[C@H](CSC(C)(C)C)C(=O)N[C@H]1C[C@@H](CNC(=O)[C@@]2(C)COCCO2)C1,"(1R,3S)-1-((((2R)-2-methyl-1,4-dioxan-2-ylcarbonyl)amino)methyl)-3-(((1S)-1-acetamido-4,4-dimethyl-3-thiapentylcarbonyl)amino)cyclobutane",,CC(=O)NC(CSC(C)(C)C)C(=O)N[C@H]1C[C@@H](CNC(=O)[C@@]2(C)COCCO2)C1,
72124,CC(=O)N[C@H](C)C(=O)N1C[C@@H]2CC[C@H](C1)[C@H]2NCc1cc([N+](=O)[O-])cc(Br)c1O,"(1S,5R,8S)-3-((1R)-1-methyl-3-oxo-2-azabutylcarbonyl)-8-((3-bromo-2-hydroxy-5-nitrobenzyl)amino)-3-azabicyclo[3.2.1]octane",,CC(=O)NC(C)C(=O)N1C[C@H]2CC[C@@H](C1)[C@@H]2NCc1cc([N+](=O)[O-])cc(Br)c1O,
72126,Cc1cc(C(=O)N[C@H]2[C@@H]3CN(c4nc(Cl)nc5c4SCC5)C[C@@H]32)cc2nn[nH]c12,"4-methyl-6-((((1S,5R)-3-(3-chloro-2,4-diaza-7-thiabicyclo[4.3.0]nona-1(6),2(3),4(5)-trien-5-yl)-3-azabicyclo[3.1.0]hexane-6-yl)amino)carbonyl)-3H-benzotriazol",CC1=CC(=CC=2N=NNC21)C(=O)NC2[C@H]1CN(C[C@@H]21)C2=NC(=NC=1CCSC21)Cl,Cc1cc(C(=O)N[C@H]2[C@@H]3CN(c4nc(Cl)nc5c4SCC5)C[C@@H]32)cc2[nH]nnc12,Cc1cc(C(=O)NC2[C@H]3CN(c4nc(Cl)nc5c4SCC5)C[C@@H]23)cc2[nH]nnc12
72130,CC(C)[C@H](CCN(C)C(=O)[C@@H]1C2C[C@@H]3C1[C@@H]3C2)NC(=O)[C@@H]1C[C@H]1C1CC1,"(2R,5S,6R,S)-2-(N-(4-methyl-3-(((1R,2S)-2-cyclopropylcyclopropylcarbonyl)amino)-pentyl)-N-methylcarbamoyl)-tricyclo[3.1.0.1^3,6]heptane",,CC(C)[C@H](CCN(C)C(=O)C1C2C[C@@H]3C1[C@@H]3C2)NC(=O)C1C[C@H]1C1CC1,
72219,O=C(CC(=O)NC1CC1)NC[C@]1(F)CC[C@H](CNC(=O)c2scnc2Cl)CC1,1-((2-oxo-4-(1-fluoro-4-(((4-chlorothiazol-5-ylcarbonyl)amino)methyl)cyclohexyl)-3-azabutylcarbonyl)amino)cyclopropan,O=C(CC(=O)NC1CC1)NCC1(CCC(CC1)CNC(=O)C1=C(N=CS1)Cl)F,O=C(CC(=O)NC1CC1)NC[C@]1(F)CC[C@H](CNC(=O)c2scnc2Cl)CC1,O=C(CC(=O)NC1CC1)NCC1(F)CCC(CNC(=O)c2scnc2Cl)CC1
72282,CC(C)[C@H](C)C(=O)NCC[C@H]1C[C@@H](NC(=O)CC[C@@H]2CCN(C)C2)C1,"(1S,3S)-1-((2-((3R)-1-methylpyrrolidin-3-yl)ethylcarbonyl)amino)-3-(2-(((2S)-3-methyl-butan-2-ylcarbonyl)amino)ethyl)cyclobutane",,CC(C)C(C)C(=O)NCC[C@H]1C[C@@H](NC(=O)CC[C@@H]2CCN(C)C2)C1,
72298,CC(C)OCCCCNC(=O)[C@@H]1[C@H]2C[C@H]2CN1C(=O)CC(C1CC1)C1CC1,"6-methyl-1-(((1S,4S,5R)-3-(2,2-dicyclopropyl-ethylcarbonyl)-3-azabicyclo[3.1.0]hexane-4-ylcarbonyl)amino)-5-oxaheptane",CC(OCCCCNC(=O)[C@H]1N(C[C@H]2C[C@@H]12)C(=O)CC(C1CC1)C1CC1)C,CC(C)OCCCCNC(=O)C1[C@H]2C[C@H]2CN1C(=O)CC(C1CC1)C1CC1,CC(C)OCCCCNC(=O)C1[C@@H]2C[C@@H]2CN1C(=O)CC(C1CC1)C1CC1
72313,Cc1noc(C)c1CC(=O)N(C)[C@H]1[C@@H]2CN(C(=O)C3=CCc4ccccc43)C[C@@H]21,"3-((1S,5R)-6-(N-((3,5-dimethylisooxazol-4-yl)methylcarbonyl)-N-methylamino)-3-azabicyclo[3.1.0]hexane-3-ylcarbonyl)inden",CC1=NOC(=C1CC(=O)N(C)C1[C@H]2CN(C[C@@H]12)C(=O)C1=CCC2=CC=CC=C12)C,Cc1noc(C)c1CC(=O)N(C)[C@H]1[C@@H]2CN(C(=O)C3=CCc4ccccc43)C[C@@H]21,Cc1noc(C)c1CC(=O)N(C)C1[C@H]2CN(C(=O)C3=CCc4ccccc43)C[C@@H]12
72335,Cc1cn(C)nc1CNC(=O)CCNC(=O)[C@]12CCC[C@H]1CCC2,"(trans)-1-(((3-oxo-5-(1,4-dimethylpyrazol-3-yl)-4-azapentyl)amino)carbonyl)-bicyclo[3.3.0]octane",O=C(CCNC(=O)[C@@]12CCC[C@@H]2CCC1)NCC1=NN(C=C1C)C,Cc1cn(C)nc1CNC(=O)CCNC(=O)[C@]12CCC[C@H]1CCC2,Cc1cn(C)nc1CNC(=O)CCNC(=O)[C@]12CCC[C@@H]1CCC2
72373,CC=CCCC(=O)NC[C@]1(F)C[C@H](CNC(=O)c2csc([C@@H]3CCCO3)n2)C1,(2S)-2-(4-(((((3S)-3-fluoro-3-(((3-penten-1-ylcarbonyl)amino)methyl)cyclobutyl)methyl)amino)carbonyl)thiazol-2-yl)oxolan,,CC=CCCC(=O)NC[C@]1(F)C[C@H](CNC(=O)c2csc([C@@H]3CCCO3)n2)C1,
72408,CCCN(C(=O)[C@H]1CC[C@H](CNC(=O)[C@@H](C)C(CC)CC)CC1)[C@@H]1CCN(C)C1,"(1R,4S)-1-((((2S)-3-ethyl-pentan-2-ylcarbonyl)amino)methyl)-4-(N-((3R)-1-methylpyrrolidin-3-yl)-N-propylcarbamoyl)cyclohexane",,CCCN(C(=O)C1CCC(CNC(=O)C(C)C(CC)CC)CC1)[C@@H]1CCN(C)C1,
72441,O=C(N[C@H]1C[C@@H]2CN(Cc3c(F)ccc(Cl)c3F)C[C@@H]2C1)c1ccc(F)c(Cl)c1,"1-((1R,5S)-7-((3-chloro-4-fluorobenzoyl)amino)-3-azabicyclo[3.3.0]octan-3-yl)-1-(3-chloro-2,6-difluorophenyl)-methane",ClC=1C=C(C(=O)NC2C[C@@H]3CN(C[C@@H]3C2)CC2=C(C(=CC=C2F)Cl)F)C=CC1F,O=C(N[C@H]1C[C@@H]2CN(Cc3c(F)ccc(Cl)c3F)C[C@@H]2C1)c1ccc(F)c(Cl)c1,O=C(NC1C[C@@H]2CN(Cc3c(F)ccc(Cl)c3F)C[C@@H]2C1)c1ccc(F)c(Cl)c1
72469,C=CCC(=O)N1CCC2(CC1)C[C@@H]2NC(=O)[C@@H]1CC(=O)Nc2ccc(Br)cc21,"(4R)-6-bromo-4-((((2S)-1'-(2-propen-1-ylcarbonyl)spiro[cyclopropane-1,4'-piperidin]-2-yl)amino)carbonyl)-1,2,3,4-tetrahydroquinolin-2(1H)-one",,C=CCC(=O)N1CCC2(CC1)C[C@@H]2NC(=O)C1CC(=O)Nc2ccc(Br)cc21,
72488,CCCC=CC(=O)NC12CC(CNC(=O)[C@@H](C)N(C)C)(C1)OC21CCC1,,,CCCC=CC(=O)NC12CC(CNC(=O)C(C)N(C)C)(C1)OC21CCC1,
72495,CC(C)c1cccc(C(=O)N[C@H]2C[C@@H]2NC(=O)c2cc(F)ccc2N)c1F,(trans)-1-((2-amino-5-fluorobenzoyl)amino)-2-((2-fluoro-3-isopropylbenzoyl)amino)cyclopropane,NC1=C(C(=O)N[C@H]2[C@@H](C2)NC(C2=C(C(=CC=C2)C(C)C)F)=O)C=C(C=C1)F,CC(C)c1cccc(C(=O)N[C@H]2C[C@@H]2NC(=O)c2cc(F)ccc2N)c1F,CC(C)c1cccc(C(=O)N[C@@H]2C[C@H]2NC(=O)c2cc(F)ccc2N)c1F
72544,CCS(=O)(=O)C[C@@H](C)Nc1nc(=NCc2cnsc2)[nH]c2c(C)nn(C)c12,"4-((N-(1,3-dimethyl-7-(((2R)-1-ethylsulfonyl-propan-2-yl)amino)pyrimido[4,5-d]pyrazole-5-ylidene)amino)methyl)isothiazol",,CCS(=O)(=O)C[C@@H](C)Nc1nc(NCc2cnsc2)nc2c(C)nn(C)c12,
72597,O=C(N[C@@H]1C[C@@H]2CC[C@H](C1)N2C(=O)C1CCCC1)c1cc2ccc(Br)nc2[nH]1,"6-bromo-2-((((1R,5S)-8-cyclopentylcarbonyl-8-azabicyclo[3.2.1]octan-3-yl)amino)carbonyl)-1H-pyrido[2,3-b]pyrrole",BrC=1C=CC2=C(NC(=C2)C(=O)NC2C[C@H]3CC[C@@H](C2)N3C(=O)C3CCCC3)N1,O=C(N[C@H]1C[C@H]2CC[C@@H](C1)N2C(=O)C1CCCC1)c1cc2ccc(Br)nc2[nH]1,O=C(NC1C[C@H]2CC[C@@H](C1)N2C(=O)C1CCCC1)c1cc2ccc(Br)nc2[nH]1
72600,O=C(NC[C@]1(c2ccccc2)C[C@H](O)C1)[C@H]1CCO[C@]2(CCOC2)C1,"(5S,9S)-9-(((((3R)-3-hydroxy-1-phenylcyclobutyl)methyl)amino)carbonyl)-2,6-dioxaspiro[4.5]decane",,O=C(NC[C@]1(c2ccccc2)C[C@H](O)C1)C1CCO[C@]2(CCOC2)C1,
72653,CC1=NO[C@H](C(=O)N2C[C@H]3[C@H](CN(C)C(=O)CSCc4ccccc4)[C@H]3C2)[C@H]1C,"(1S,5R,6S)-3-((3S,4S)-2,3-dimethyl-1-aza-5-oxacyclopent-1-ene-4-ylcarbonyl)-6-((N-(3-phenyl-2-thiapropylcarbonyl)-N-methylamino)methyl)-3-azabicyclo[3.1.0]hexane",,CC1=NOC(C(=O)N2C[C@@H]3[C@@H](CN(C)C(=O)CSCc4ccccc4)[C@@H]3C2)[C@H]1C,
72667,COC[C@@H]1CC[C@H](C(=O)N2[C@H]3CC[C@@H]2C[C@H](CNC(=O)CCCCCF)C3)C1,"8-fluoro-3-oxo-1-((1R,3S,5S)-8-((1S,3R)-3-methoxymethylcyclopentylcarbonyl)-8-azabicyclo[3.2.1]octan-3-yl)-2-azaoctane",,COC[C@@H]1CCC(C(=O)N2[C@@H]3CC[C@H]2C[C@@H](CNC(=O)CCCCCF)C3)C1,
72690,C[C@H]1OCCN(S(=O)(=O)c2ccc(C(F)(F)F)cc2[N+](=O)[O-])[C@@H]1C(N)=O,"(R,S)-2-methyl-4-(2-nitro-4-trifluoromethylphenylsulfonyl)morpholin-3-carboxamide",C[C@H]1[C@@H](N(CCO1)S(=O)(=O)C1=C(C=C(C=C1)C(F)(F)F)[N+](=O)[O-])C(=O)N,C[C@H]1OCCN(S(=O)(=O)c2ccc(C(F)(F)F)cc2[N+](=O)[O-])C1C(N)=O,C[C@@H]1OCCN(S(=O)(=O)c2ccc(C(F)(F)F)cc2[N+](=O)[O-])C1C(N)=O
72708,Cc1ccc2c(c1)[C@@H](C(=O)NC[C@]1(C)CCCN(C(=O)c3coc(Br)c3)C1)C2,1-((2S)-2-(((((3S)-3-methyl-1-(2-bromo-4-furylcarbonyl)piperidin-3-yl)methyl)amino)carbonyl)benzocyclobutene-6-yl)-methane,,Cc1ccc2c(c1)C(C(=O)NC[C@]1(C)CCCN(C(=O)c3coc(Br)c3)C1)C2,
72771,CCC(CC)C[C@H](F)C(=O)N1C[C@H]2[C@H](CNC(=O)[C@@H]3NC(=O)O[C@H]3C)[C@H]2C1,"(1S,5R,6S)-3-((1S)-3-ethyl-1-fluoro-pentylcarbonyl)-6-((((4S,5R)-4-methyl-2-oxo-1-aza-3-oxacyclopentan-5-ylcarbonyl)amino)methyl)-3-azabicyclo[3.1.0]hexane",,CCC(CC)CC(F)C(=O)N1C[C@@H]2[C@@H](CNC(=O)C3NC(=O)O[C@H]3C)[C@@H]2C1,
72786,C=C1C[C@@H]1C(=O)N[C@H](C)[C@H]1CCN(C(=O)COc2ccc([N+](=O)[O-])cc2)C1,"(R,S)-1-methylidene-2-(((1-((3S)-1-(4-nitrophenoxymethylcarbonyl)pyrrolidin-3-yl)-ethyl)amino)carbonyl)cyclopropane",C=C1[C@@H](C1)C(=O)N[C@@H](C)[C@@H]1CN(CC1)C(=O)COC1=CC=C(C=C1)[N+](=O)[O-],C=C1CC1C(=O)N[C@H](C)[C@H]1CCN(C(=O)COc2ccc([N+](=O)[O-])cc2)C1,C=C1CC1C(=O)N[C@@H](C)[C@H]1CCN(C(=O)COc2ccc([N+](=O)[O-])cc2)C1
72788,CC(=O)N[C@](C)(C(=O)NC[C@]1(F)C[C@H](NC(=O)C[C@H]2OCCC2(C)C)C1)C1CC1,"(1R,3S)-1-fluoro-1-((((1S)-1-cyclopropyl-1-methyl-3-oxo-2-azabutylcarbonyl)amino)methyl)-3-((((2R)-3,3-dimethyloxolan-2-yl)methylcarbonyl)amino)cyclobutane",,CC(=O)N[C@](C)(C(=O)NC[C@]1(F)C[C@H](NC(=O)C[C@H]2OCCC2(C)C)C1)C1CC1,
72792,CCN(CCOc1ccccc1C)C(=O)N=c1[nH]nc(Br)s1,"2-bromo-5-((N-(2-(2-methylphenoxy)ethyl)-N-ethylcarbamoyl)imino)-1,3,4-thiadiazole",BrC1SC(N=N1)=NC(N(CC)CCOC1=C(C=CC=C1)C)=O,CCN(CCOc1ccccc1C)C(=O)Nc1nnc(Br)s1,CCN(CCOc1ccccc1C)C(=O)N=C1N=NC(Br)S1
72837,C[C@H](N=c1[nH]nc(C(N)=O)s1)[C@@H](NC(=O)[C@H]1C[C@@]2(CC2(F)F)C1)C1CCCCC1,"(S,S)-2-carbamyl-5-((1-(1-cyclohexyl-1-(((3S)-2,2-difluorospiro[2.3]hexane-5-ylcarbonyl)amino)-methyl)-ethyl)imino)-1,3,4-thiadiazole",,C[C@H](Nc1nnc(C(N)=O)s1)[C@@H](NC(=O)C1CC2(C1)CC2(F)F)C1CCCCC1,
72839,NC(=O)c1ccc(CC(=O)N[C@H]2[C@@H]3CN(C(=O)[C@H](F)CC4CC4)C[C@@H]32)cc1,"(1S,5R,6S)-3-((1R)-2-cyclopropyl-1-fluoro-ethylcarbonyl)-6-((4-carbamylphenylacetyl)amino)-3-azabicyclo[3.1.0]hexane",,NC(=O)c1ccc(CC(=O)N[C@H]2[C@@H]3CN(C(=O)C(F)CC4CC4)C[C@@H]32)cc1,
72860,CCN(CCN(CC)C(=O)[C@H]1C[C@H]1C(N)=O)C(=O)C(=O)N=S(C)(C)=O,"(1R,2S)-1-carbamyl-2-(N-(2-(N-(((1-methyl-1-oxo-1-thiaethyl)amino)carbonylcarbonyl)-N-ethylamino)ethyl)-N-ethylcarbamoyl)cyclopropane",C(N)(=O)[C@H]1[C@H](C1)C(N(CC)CCN(CC)C(=O)C(=O)NCS(=O)C)=O,CCN(CCN(CC)C(=O)C1CC1C(N)=O)C(=O)C(=O)N=S(C)(C)=O,CCN(CCN(CC)C(=O)C1CC1C(N)=O)C(=O)C(=O)NC[S+](C)[O-]
72938,O=C(N[C@H]1CN(C(=O)[C@H]2C[C@](O)(C(F)(F)F)C2)CC12CC2)[C@@H]1CCc2nccn21,"(8S,R)-8-(((1'-((3S)-3-hydroxy-3-trifluoromethylcyclobutylcarbonyl)spiro[cyclopropane-1,3'-pyrrolin]-4'-yl)amino)carbonyl)-1,4-diazabicyclo[3.3.0]octa-2(3),4(5)-diene",,O=C(N[C@H]1CN(C(=O)C2CC(O)(C(F)(F)F)C2)CC12CC2)C1CCc2nccn21,
72961,O=C(C[C@@H]1CCOC1)NC[C@H]1C[C@@H](NC(=O)CN2CC(=O)Nc3ccccc32)C1,"4-(2-oxo-3-((cis)-3-(((((3S)-oxolan-3-yl)methylcarbonyl)amino)methyl)cyclobutyl)-3-azapropyl)-1,2,3,4-tetrahydroquinoxaline-2(1H)-one",,O=C(C[C@@H]1CCOC1)NC[C@H]1C[C@@H](NC(=O)CN2CC(=O)Nc3ccccc32)C1,
72989,O=C(N[C@H]1C[C@@H]2C[C@@H]2C1)[C@@H]1[C@H]2C[C@H](O)[C@H](C2)N1C(=O)c1cnc(Cl)s1,"(1S,3S,4R,6S)-6-hydroxy-2-(2-chlorothiazol-5-ylcarbonyl)-3-((((1S,5R)-bicyclo[3.1.0]hexane-3-yl)amino)carbonyl)-2-azabicyclo[2.2.1]heptane",O[C@H]1C[C@@H]2[C@H](N([C@H]1C2)C(=O)C2=CN=C(S2)Cl)C(=O)NC2C[C@@H]1C[C@@H]1C2,O=C(N[C@H]1C[C@@H]2C[C@@H]2C1)C1[C@H]2C[C@H](O)[C@H](C2)N1C(=O)c1cnc(Cl)s1,O=C(NC1C[C@@H]2C[C@@H]2C1)C1[C@H]2C[C@H](O)[C@H](C2)N1C(=O)c1cnc(Cl)s1
73011,C[C@@H]1CCc2nc(C(=O)N3[C@H]4CC[C@@H]3C[C@@H](NC(=O)Cc3cnc[nH]3)C4)cn2C1,"(1S,3S,5R)-3-(((1H-imidazol-5-yl)methylcarbonyl)amino)-8-((3R)-3-methyl-1,7-diazabicyclo[4.3.0]nona-6(7),8(9)-dien-8-ylcarbonyl)-8-azabicyclo[3.2.1]octane",,C[C@@H]1CCc2nc(C(=O)N3[C@@H]4CC[C@H]3C[C@H](NC(=O)Cc3c[nH]cn3)C4)cn2C1,
73065,CCc1nc(C(=O)NC[C@H]2C[C@H]3CC[C@H]2N(C(=O)[C@H](O)c2ccsc2)C3)c(N)s1,"5-amino-2-ethyl-4-(((((1R,4R,8R)-2-((1R)-1-(3-thienyl)-2-oxaethylcarbonyl)-2-azabicyclo[2.2.2]octane-8-yl)methyl)amino)carbonyl)thiazol",NC1=C(N=C(S1)CC)C(=O)NC[C@@H]1C[C@@H]2N(C[C@@H]1CC2)C(=O)[C@H](O)C2=CSC=C2,CCc1nc(C(=O)NC[C@H]2C[C@H]3CC[C@H]2N(C(=O)C(O)c2ccsc2)C3)c(N)s1,CCc1nc(C(=O)NC[C@@H]2C[C@H]3CC[C@H]2CN3C(=O)C(O)c2ccsc2)c(N)s1
73085,C[C@H]1C[C@H]1C(=O)N1C[C@H]2[C@H](NC(=O)/C=C/C(=O)c3ccc(F)c(F)c3)[C@H]2C1,"(1E)-1-((((1S,5R,6S)-3-((1R,2S)-2-methylcyclopropylcarbonyl)-3-azabicyclo[3.1.0]hexane-6-yl)amino)carbonyl)-2-(3,4-difluorobenzoyl)ethen",,C[C@H]1CC1C(=O)N1C[C@@H]2[C@H](C1)[C@H]2NC(=O)/C=C/C(=O)c1ccc(F)c(F)c1,
73161,C[C@H]1C(C(=O)N[C@H]2C[C@H](CC(=O)N[C@]3(C)CCOC3)C2)=NO[C@@H]1C,"(2R,3S)-2,3-dimethyl-4-((((1R,3S)-3-(2-oxo-3-((3R)-3-methyloxolan-3-yl)-3-azapropyl)cyclobutyl)amino)carbonyl)-5-aza-1-oxacyclopent-4-en",,C[C@H]1ON=C(C(=O)N[C@H]2C[C@H](CC(=O)N[C@]3(C)CCOC3)C2)[C@@H]1C,
73171,CN(C(=O)CSCC(N)=O)[C@H]1C[C@@H]2CC[C@H](C1)N2C(=O)C1(O)CCSCC1,"(1S,5R)-3-(N-(4-oxo-5-aza-2-thiapentylcarbonyl)-N-methylamino)-8-(4-hydroxythian-4-ylcarbonyl)-8-azabicyclo[3.2.1]octane",O=C(CSCC(=O)N(C)C1C[C@@H]2CC[C@H](C1)N2C(=O)C2(CCSCC2)O)N,CN(C(=O)CSCC(N)=O)[C@@H]1C[C@H]2CC[C@@H](C1)N2C(=O)C1(O)CCSCC1,CN(C(=O)CSCC(N)=O)C1C[C@H]2CC[C@@H](C1)N2C(=O)C1(O)CCSCC1
73261,C#C[C@]1(O)C[C@@H](C(=O)N2CCN(C(=O)C(C)(C)C(N)=O)C[C@@H]2CC)C1,2-carbamyl-2-((3S)-3-ethyl-4-((3R)-3-acetenyl-3-hydroxycyclobutylcarbonyl)piperazinocarbonyl)propane,,C#CC1(O)CC(C(=O)N2CCN(C(=O)C(C)(C)C(N)=O)C[C@@H]2CC)C1,
73311,Nc1ccc(C(=O)N[C@H]2C[C@@H]3CC[C@H]2C[C@@H]3NC(=O)[C@H]2CCC[C@H]2F)cc1F,"1-oxo-1-(((1S,4S,5S,8S)-5-(((1R,2R)-2-fluorocyclopentylcarbonyl)amino)bicyclo[2.2.2]octane-8-yl)amino)-1-(4-amino-3-fluorophenyl)-methane",O=C(C1=CC(=C(C=C1)N)F)N[C@H]1C[C@H]2CC[C@H]1[C@H](C2)NC(=O)[C@@H]2[C@@H](CCC2)F,Nc1ccc(C(=O)N[C@H]2C[C@@H]3CC[C@H]2C[C@@H]3NC(=O)C2CCC[C@H]2F)cc1F,Nc1ccc(C(=O)N[C@H]2C[C@H]3CC[C@H]2[C@@H](NC(=O)C2CCC[C@H]2F)C3)cc1F
73368,COc1ccccc1CCC(=O)N[C@H]1C[C@@](F)(CN=c2[nH]cnc(Cl)c2F)C1,4-chloro-5-fluoro-6-((1-(1-fluoro-3-((2-(2-methoxyphenyl)ethylcarbonyl)amino)cyclobutyl)-methyl)imino)-1H-pyrimidin,ClC=1N=CNC(C1F)=NCC1(CC(C1)NC(=O)CCC1=C(C=CC=C1)OC)F,COc1ccccc1CCC(=O)N[C@H]1C[C@@](F)(CNc2ncnc(Cl)c2F)C1,COc1ccccc1CCC(=O)NC1CC(F)(CNc2ncnc(Cl)c2F)C1
73416,CC[C@H](C(=O)N1CCc2c(ncn2C)[C@@]12CCN(C(=O)CC=C(Cl)Cl)C2)[C@@H](C)O,"(4'S)-1'-methyl-1-(1-(2,2-dichloroethenyl)-methylcarbonyl)-5'-((2R,3S)-2-hydroxy-pentan-3-ylcarbonyl)-spiro[pyrrolidine-3,4'-4,5-dihydro-imidazo[4,5-c]pyridine]",CN1C=NC=2[C@@]3(N(C=CC21)C(=O)[C@H]([C@@H](C)O)CC)CN(CC3)C(=O)CC=C(Cl)Cl,CCC(C(=O)N1CCc2c(ncn2C)[C@@]12CCN(C(=O)CC=C(Cl)Cl)C2)[C@@H](C)O,CCC(C(=O)N1C=Cc2c(ncn2C)[C@@]12CCN(C(=O)CC=C(Cl)Cl)C2)[C@@H](C)O
73472,CC=CCC(=O)N[C@H]1C[C@@](C)(NC(=O)CN2CCC(C(F)(F)F)CC2)C1,3-crotylcarbonylamino-1-methyl-1-(((4-trifluoromethylpiperidino)methylcarbonyl)amino)cyclobutane,C(C=CC)C(=O)NC1CC(C1)(NC(=O)CN1CCC(CC1)C(F)(F)F)C,CC=CCC(=O)N[C@H]1C[C@@](C)(NC(=O)CN2CCC(C(F)(F)F)CC2)C1,CC=CCC(=O)NC1CC(C)(NC(=O)CN2CCC(C(F)(F)F)CC2)C1
73523,CC(C)C[C@H](N=c1[nH][nH]c(=N)s1)c1ccccc1,"2-imino-5-(((1S)-3-methyl-1-phenyl-butyl)imino)-1,3,4-thiadiazole",N=C1SC(N=N1)=N[C@@H](CC(C)C)C1=CC=CC=C1,CC(C)C[C@H](Nc1nnc(N)s1)c1ccccc1,CC(C)C[C@H](N=C1N=NC(=N)S1)c1ccccc1
73529,Cn1c(C(=O)N[C@@H]2C[C@H]3CC[C@@H]2C[C@H]3NC(=O)c2ccc(C#N)o2)cc(Cl)c1Cl,"(1R,3R,4R,8R)-3-((2,3-dichloro-1-methyl-1H-pyrrol-5-ylcarbonyl)amino)-8-((2-cyano-5-furylcarbonyl)amino)-bicyclo[2.2.2]octane",ClC=1N(C(=CC1Cl)C(=O)N[C@@H]1C[C@H]2CC[C@H]1[C@@H](C2)NC(=O)C2=CC=C(O2)C#N)C,Cn1c(C(=O)N[C@@H]2C[C@H]3CC[C@@H]2C[C@H]3NC(=O)c2ccc(C#N)o2)cc(Cl)c1Cl,Cn1c(C(=O)N[C@@H]2C[C@H]3CC[C@H]2[C@H](NC(=O)c2ccc(C#N)o2)C3)cc(Cl)c1Cl
73589,C[C@H](NC(=O)[C@]1(C)CCCO1)[C@@H]1CCN(C(=O)C(=O)NCc2ccc(F)cc2)C1,"(S,R)-1-(((4-fluorobenzyl)amino)carbonylcarbonyl)-3-(1-(((2S)-2-methyloxolan-2-ylcarbonyl)amino)-ethyl)pyrrolidin",FC1=CC=C(CNC(=O)C(=O)N2C[C@H](CC2)[C@@H](C)NC(=O)[C@]2(OCCC2)C)C=C1,C[C@H](NC(=O)[C@]1(C)CCCO1)[C@@H]1CCN(C(=O)C(=O)NCc2ccc(F)cc2)C1,C[C@@H](NC(=O)[C@]1(C)CCCO1)[C@H]1CCN(C(=O)C(=O)NCc2ccc(F)cc2)C1
73608,Cn1cc(Cl)c(C(=O)N[C@H]2C[C@H]2NC(=O)C2CCC(CC#N)CC2)n1,(cis)-1-((4-chloro-1-methylpyrazol-3-ylcarbonyl)amino)-2-((4-cyanomethylcyclohexylcarbonyl)amino)cyclopropane,ClC=1C(=NN(C1)C)C(=O)N[C@H]1[C@H](C1)NC(=O)C1CCC(CC1)CC#N,Cn1cc(Cl)c(C(=O)N[C@H]2C[C@H]2NC(=O)C2CCC(CC#N)CC2)n1,Cn1cc(Cl)c(C(=O)N[C@@H]2C[C@@H]2NC(=O)C2CCC(CC#N)CC2)n1
73653,COc1cncc(CCC(=O)N[C@]2(C)C[C@H](NC(=O)C3(F)CCOCC3)C2)c1,1-(((1-methyl-3-((4-fluorooxan-4-ylcarbonyl)amino)cyclobutyl)amino)carbonyl)-2-(3-methoxy-5-pyridyl)-ethane,CC1(CC(C1)NC(=O)C1(CCOCC1)F)NC(=O)CCC=1C=C(C=NC1)OC,COc1cncc(CCC(=O)N[C@]2(C)C[C@H](NC(=O)C3(F)CCOCC3)C2)c1,COc1cncc(CCC(=O)NC2(C)CC(NC(=O)C3(F)CCOCC3)C2)c1
73662,CC=CC(=O)N1CCC[C@]2(CNC(=O)c3cccc4c3NC(=O)CC4)CCC[C@H]12,"8-(((((1S,6S)-5-(propen-1-ylcarbonyl)-5-azabicyclo[4.3.0]nonan-1-yl)methyl)amino)carbonyl)-1,2,3,4-tetrahydroquinolin-2(1H)-one",,CC=CC(=O)N1CCC[C@]2(CNC(=O)c3cccc4c3NC(=O)CC4)CCC[C@H]12,
73799,O=C(CC[C@H]1C[C@@H](NC(=O)C[C@@H]2CC[C@@H]3C[C@H]23)C1)N[C@H]1[C@@H](O)[C@H]2CCO[C@@H]12,"(1S,2S,5R)-2-(2-oxo-3-((1S,3R)-3-(3-oxo-4-((1R,5R,6S,7S)-6-hydroxy-2-oxabicyclo[3.2.0]heptan-7-yl)-4-azabutyl)cyclobutyl)-3-azapropyl)-bicyclo[3.1.0]hexane",,O=C(CC[C@H]1C[C@@H](NC(=O)C[C@@H]2CC[C@@H]3C[C@@H]32)C1)N[C@H]1[C@@H](O)[C@H]2CCO[C@H]21,
73807,Cc1oc(C)c(C(=O)N[C@H]2C[C@@](C)(NC(=O)[C@@H]3CC[C@@H](F)C3)C2)c1C,"2,3,5-trimethyl-4-((((1S)-3-methyl-3-(((1R,3R)-3-fluorocyclopentylcarbonyl)amino)cyclobutyl)amino)carbonyl)furan",,Cc1oc(C)c(C(=O)N[C@H]2C[C@@](C)(NC(=O)C3CC[C@@H](F)C3)C2)c1C,
73883,C[C@@H](O)C(=O)N[C@]1(C)C[C@H](NC(=O)C[C@](C)(C(F)F)N(C)C)C1,"(1S,3S)-1-methyl-1-(((1R)-1-hydroxy-ethylcarbonyl)amino)-3-(((2R)-2-difluoromethyl-2,3-dimethyl-3-azabutylcarbonyl)amino)cyclobutane",,CC(O)C(=O)N[C@]1(C)C[C@H](NC(=O)C[C@](C)(C(F)F)N(C)C)C1,
73890,C[C@](O)(CC(=O)N[C@H]1CC[C@H](CNC(=O)[C@@H]2C[C@]23CCOC3)CC1)C1CC1,"(1R,3S)-1-(((((1S,4R)-4-(((2S)-2-cyclopropyl-2-hydroxy-propylcarbonyl)amino)cyclohexyl)methyl)amino)carbonyl)-5-oxaspiro[2.4]heptane",,C[C@](O)(CC(=O)N[C@H]1CC[C@H](CNC(=O)C2C[C@]23CCOC3)CC1)C1CC1,
73969,C=CC[C@H](C)C(=O)N1[C@H]2CC[C@@H]1C[C@H](NC(=O)Cc1n[nH]cc1Br)C2,"(1S,3S,5R)-3-(((4-bromo-1H-pyrazol-3-yl)methylcarbonyl)amino)-8-((2S)-pent-4-en-2-ylcarbonyl)-8-azabicyclo[3.2.1]octane",,C=CCC(C)C(=O)N1[C@@H]2CC[C@H]1C[C@@H](NC(=O)Cc1[nH]ncc1Br)C2,
73994,C#CC[C@H](O)C(=O)NC[C@]1(F)C[C@@H](NC(=O)Cc2c(C)[nH]c3ccnn3c2=O)C1,"5-methyl-6-(2-oxo-3-((1R)-3-fluoro-3-((((1S)-1-hydroxy-3-butyn-1-ylcarbonyl)amino)methyl)cyclobutyl)-3-azapropyl)-pyrimido[1,2-b]pyrazole-7(4H)-one",,C#CCC(O)C(=O)NC[C@]1(F)C[C@@H](NC(=O)Cc2c(C)[nH]c3ccnn3c2=O)C1,
74072,C[C@H](Cc1cnc[nH]1)NC(=O)[C@H](CC(C)(C)C)NC(=O)C[C@H]1CCCN1C,"(S,R)-4-(2-methyl-5-neopentyl-4,7-dioxo-8-((2R)-1-methylpyrrolidin-2-yl)-3,6-diazaoctyl)-3H-imidazol",C[C@@H](CC=1NC=NC1)NC([C@H](NC(C[C@@H]1N(CCC1)C)=O)CC(C)(C)C)=O,C[C@H](Cc1c[nH]cn1)NC(=O)C(CC(C)(C)C)NC(=O)C[C@H]1CCCN1C,C[C@@H](Cc1c[nH]cn1)NC(=O)C(CC(C)(C)C)NC(=O)C[C@H]1CCCN1C
74164,CN1CCOC[C@H]1C(=O)NC[C@H]1C[C@H](CNC(=O)[C@H]2C[C@@H]2c2ccnn2C)C1,"1-methyl-5-((1S,2S)-2-(((((1S,3S)-3-((((3S)-4-methylmorpholin-3-ylcarbonyl)amino)methyl)cyclobutyl)methyl)amino)carbonyl)cyclopropyl)pyrazole",,CN1CCOCC1C(=O)NC[C@H]1C[C@H](CNC(=O)C2C[C@@H]2c2ccnn2C)C1,
74170,CCC[C@H](CC)CCC(=O)NC[C@]1(C(=O)NCCC[C@H](O)CO)CCCO1,"(6S)-6-ethyl-3-oxo-1-((2S)-2-((((1S)-4,5-dihydroxypentyl)amino)carbonyl)oxolan-2-yl)-2-azanonane",,CCC[C@H](CC)CCC(=O)NC[C@]1(C(=O)NCCC[C@H](O)CO)CCCO1,
74197,O=C(N[C@@H]1C[C@@H]2CC[C@H](C1)N2C(=O)[C@H]1CCCC2(CCC2)O1)c1ccc(CO)o1,"(6R)-6-((1R,3R,5S)-3-((2-hydroxymethyl-5-furylcarbonyl)amino)-8-azabicyclo[3.2.1]octan-8-ylcarbonyl)-5-oxaspiro[3.5]nonane",,O=C(N[C@H]1C[C@H]2CC[C@@H](C1)N2C(=O)C1CCCC2(CCC2)O1)c1ccc(CO)o1,
74200,CCN1CC[C@H]1C(=O)N[C@H]1C[C@@H]2C[C@H](C1)CN(C(=O)c1cnc(OC)cc1C)C2,"(2S)-1-ethyl-2-((((1R,5S)-3-(2-methoxy-4-methyl-5-pyridylcarbonyl)-3-azabicyclo[3.3.1]nonan-7-yl)amino)carbonyl)azetidin",C(C)N1[C@@H](CC1)C(=O)NC1C[C@H]2CN(C[C@@H](C1)C2)C(=O)C=2C(=CC(=NC2)OC)C,CCN1CCC1C(=O)N[C@@H]1C[C@H]2C[C@@H](C1)CN(C(=O)c1cnc(OC)cc1C)C2,CCN1CCC1C(=O)NC1C[C@@H]2C[C@H](C1)CN(C(=O)c1cnc(OC)cc1C)C2
74206,C[C@@H](Cn1cc(C[C@]2(O)C[C@@H](C(=O)O)C2)nn1)NC(=O)COc1ccc(Br)cc1,"(4S)-2-oxo-1-(4-bromophenoxy)-4-((4-(((3R)-3-carboxy-1-hydroxycyclobutyl)methyl)-1,2,3-triazol-1-yl)methyl)-3-azapentane",,C[C@@H](Cn1cc(CC2(O)CC(C(=O)O)C2)nn1)NC(=O)COc1ccc(Br)cc1,
74256,C=CC[C@H](C)C(=O)N(C)[C@H]1CN(C(=O)c2ccc3c(c2)CC3)CC1(C)C,"(4S)-4-methyl-3-oxo-2-((4R)-3,3-dimethyl-1-(benzocyclobutene-6-ylcarbonyl)pyrrolidin-4-yl)-2-aza-6-hepten",C[C@H](C(N(C)[C@@H]1C(CN(C1)C(=O)C1=CC=CC2=C1C=C2)(C)C)=O)CC=C,C=CCC(C)C(=O)N(C)[C@H]1CN(C(=O)c2ccc3c(c2)CC3)CC1(C)C,C=CCC(C)C(=O)N(C)[C@H]1CN(C(=O)c2cccc3c2C=C3)CC1(C)C
74393,OCCn1cc(-c2nc([C@H]3CC[C@H]4C[C@H]4CC3)n(CC(F)(F)F)n2)cn1,"(1S,7R)-4-(1-(2,2,2-trifluoroethyl)-3-(1-(3-oxapropyl)pyrazol-4-yl)-1,2,4-triazol-5-yl)-bicyclo[5.1.0]octane",FC(CN1N=C(N=C1C1CC[C@H]2C[C@H]2CC1)C=1C=NN(C1)CCO)(F)F,OCCn1cc(-c2nc([C@@H]3CC[C@@H]4C[C@@H]4CC3)n(CC(F)(F)F)n2)cn1,OCCn1cc(-c2nc(C3CC[C@@H]4C[C@@H]4CC3)n(CC(F)(F)F)n2)cn1
74400,CCN(CCCNC(=O)[C@@]1(C)C[C@@H]2C[C@@H]2C1)C(=O)COCc1cc(C)on1,"(1S,5R)-3-methyl-3-(((3-(N-(((5-methylisooxazol-3-yl)methyl)oxymethylcarbonyl)-N-ethylamino)propyl)amino)carbonyl)-bicyclo[3.1.0]hexane",CC1(C[C@@H]2C[C@@H]2C1)C(=O)NCCCN(CC)C(=O)COCC1=NOC(=C1)C,CCN(CCCNC(=O)[C@]1(C)C[C@H]2C[C@H]2C1)C(=O)COCc1cc(C)on1,CCN(CCCNC(=O)C1(C)C[C@H]2C[C@H]2C1)C(=O)COCc1cc(C)on1
74443,O=C(CN1C(=O)CCCC1=O)NC[C@@H]1C[C@@H]2CC[C@H](C1)N2C(=O)COCC(F)F,"(1S,5R)-3-((((2,6-dioxopiperidino)methylcarbonyl)amino)methyl)-8-(2,2-difluoroethoxymethylcarbonyl)-8-azabicyclo[3.2.1]octane",O=C1N(C(CCC1)=O)CC(=O)NCC1C[C@@H]2CC[C@H](C1)N2C(=O)COCC(F)F,O=C(CN1C(=O)CCCC1=O)NC[C@H]1C[C@H]2CC[C@@H](C1)N2C(=O)COCC(F)F,O=C(CN1C(=O)CCCC1=O)NCC1C[C@H]2CC[C@@H](C1)N2C(=O)COCC(F)F
74447,CCc1n[nH]c(=N[C@H]2CC23CCC(NC(=O)C2(Oc4ccccc4)CC2)CC3)s1,"2-ethyl-5-(((2S)-6-((1-phenoxycyclopropylcarbonyl)amino)spiro[2.5]octane-2-yl)imino)-1,3,4-thiadiazole",C(C)C1SC(N=N1)=N[C@H]1CC12CCC(CC2)NC(=O)C2(CC2)OC2=CC=CC=C2,CCc1nnc(N[C@H]2CC23CCC(NC(=O)C2(Oc4ccccc4)CC2)CC3)s1,CCC1N=NC(=N[C@H]2CC23CCC(NC(=O)C2(Oc4ccccc4)CC2)CC3)S1
74457,O=C(c1ncncc1F)N1C[C@@H]2CN(C(=O)c3ncc[nH]c3=O)C[C@@H]2C(F)(F)C1,"(1R,6R)-5,5-difluoro-3-(5-fluoropyrimidin-4-ylcarbonyl)-8-(2-oxo-1,2-dihydropyrazin-3-ylcarbonyl)-3,8-diazabicyclo[4.3.0]nonane",FC1(CN(C[C@H]2CN(C[C@H]12)C(=O)C=1C(NC=CN1)=O)C(=O)C1=NC=NC=C1F)F,O=C(c1ncncc1F)N1C[C@@H]2CN(C(=O)c3ncc[nH]c3=O)C[C@@H]2C(F)(F)C1,O=C(c1ncncc1F)N1C[C@H]2CN(C(=O)c3ncc[nH]c3=O)C[C@@H]2C(F)(F)C1
74483,CC(C)(C(=O)N1[C@H]2CC[C@@H]1C[C@H](NC(=O)c1cc(O)cc(O)n1)C2)c1ccsc1,"3-(1-methyl-1-((1R,5S)-3-((2,4-dihydroxy-6-pyridylcarbonyl)amino)-8-azabicyclo[3.2.1]octan-8-ylcarbonyl)-ethyl)thiofuran",CC(C)(C(=O)N1[C@H]2CC(C[C@@H]1CC2)NC(=O)C2=CC(=CC(=N2)O)O)C2=CSC=C2,CC(C)(C(=O)N1[C@@H]2CC[C@H]1C[C@@H](NC(=O)c1cc(=O)cc(O)[nH]1)C2)c1ccsc1,CC(C)(C(=O)N1[C@@H]2CC[C@H]1CC(NC(=O)c1cc(=O)cc(O)[nH]1)C2)c1ccsc1
74507,Cc1ocnc1C(=O)NC[C@@H]1C[C@@H]2CC[C@H](C1)N2C(=O)c1coc(Br)c1,"(1S,5R)-3-(((5-methyloxazol-4-ylcarbonyl)amino)methyl)-8-(2-bromo-4-furylcarbonyl)-8-azabicyclo[3.2.1]octane",CC1=C(N=CO1)C(=O)NCC1C[C@@H]2CC[C@H](C1)N2C(=O)C=2C=C(OC2)Br,Cc1ocnc1C(=O)NC[C@H]1C[C@H]2CC[C@@H](C1)N2C(=O)c1coc(Br)c1,Cc1ocnc1C(=O)NCC1C[C@H]2CC[C@@H](C1)N2C(=O)c1coc(Br)c1
74530,C[C@H](NC(=O)[C@H](NC(=O)[C@@H]1CNC(=O)N1)c1cccnc1)[C@@H]1CCOC1,"(R,S,S)-3-(1-((1-(((4S)-2-oxoimidazolidin-4-ylcarbonyl)amino)-1-(3-pyridyl)-methylcarbonyl)amino)-ethyl)oxolan",O=C1NC[C@H](N1)C(=O)N[C@H](C(=O)N[C@@H](C)[C@@H]1COCC1)C=1C=NC=CC1,C[C@H](NC(=O)C(NC(=O)C1CNC(=O)N1)c1cccnc1)[C@@H]1CCOC1,C[C@H](NC(=O)C(NC(=O)C1CNC(=O)N1)c1cccnc1)[C@H]1CCOC1
74581,Cn1cccc(C(=O)N[C@H]2C[C@](C)(NC(=O)CC3C[C@@H]4C[C@H]4C3)C2)c1=O,"(1S,5S)-3-(2-oxo-3-((3S)-1-methyl-3-((1-methyl-2-oxo-3-pyridylcarbonyl)amino)cyclobutyl)-3-azapropyl)-bicyclo[3.1.0]hexane",,Cn1cccc(C(=O)N[C@H]2C[C@](C)(NC(=O)CC3C[C@@H]4C[C@H]4C3)C2)c1=O,
74594,CC(C)C(C)(C)C(=O)N[C@H]1[C@@H]2CN(C(=O)c3sc4ncccc4c3Cl)C[C@@H]21,"7-chloro-8-((1S,5R)-6-((2,3-dimethyl-butan-2-ylcarbonyl)amino)-3-azabicyclo[3.1.0]hexane-3-ylcarbonyl)-2-aza-9-thiabicyclo[4.3.0]nona-1(2),3(4),5(6),7(8)-tetraene",ClC=1C2=CC=CN=C2SC1C(=O)N1C[C@H]2C([C@H]2C1)NC(=O)C(C)(C(C)C)C,CC(C)C(C)(C)C(=O)N[C@H]1[C@@H]2CN(C(=O)c3sc4ncccc4c3Cl)C[C@@H]21,CC(C)C(C)(C)C(=O)NC1[C@H]2CN(C(=O)c3sc4ncccc4c3Cl)C[C@@H]12
74642,C[Si](C)(C)CNC(=O)CC1CCN(C(=O)C[C@H]2CC[C@@H](C#N)C2)CC1,"(cis)-1-cyano-3-(1-(4-(5,5-dimethyl-2-oxo-3-aza-5-silahexyl)piperidinocarbonyl)-methyl)cyclopentane",C(#N)[C@@H]1C[C@@H](CC1)CC(=O)N1CCC(CC1)CC(NC[Si](C)(C)C)=O,C[Si](C)(C)CNC(=O)CC1CCN(C(=O)C[C@H]2CC[C@@H](C#N)C2)CC1,C[Si](C)(C)CNC(=O)CC1CCN(C(=O)C[C@@H]2CC[C@H](C#N)C2)CC1
74662,COc1ccc(F)c(C(=O)N[C@]2(C)C[C@H](NC(=O)[C@@H]3CCn4ncnc4C3)C2)n1,"(4R)-4-((((3S)-3-methyl-3-((5-fluoro-2-methoxy-6-pyridylcarbonyl)amino)cyclobutyl)amino)carbonyl)-1,7,9-triazabicyclo[4.3.0]nona-6(7),8(9)-diene",,COc1ccc(F)c(C(=O)N[C@]2(C)C[C@H](NC(=O)C3CCn4ncnc4C3)C2)n1,
74689,CC(=O)N1C(=O)CC[C@@H]1C(=O)NC[C@](C)(O)CNC(=O)C1=NO[C@H](C)C1,"(S,R)-1-(acetyl)-2-(((2-hydroxy-2-((((2R)-2-methyl-5-aza-1-oxacyclopent-4-ene-4-ylcarbonyl)amino)methyl)-propyl)amino)carbonyl)pyrrolidin-5-on",C(C)(=O)N1[C@@H](CCC1=O)C(=O)NC[C@](C)(CNC(=O)C=1C[C@H](ON1)C)O,CC(=O)N1C(=O)CCC1C(=O)NC[C@](C)(O)CNC(=O)C1=NO[C@H](C)C1,CC(=O)N1C(=O)CCC1C(=O)NC[C@@](C)(O)CNC(=O)C1=NO[C@H](C)C1
74784,CN(C(=O)CSc1cn[nH]c1)[C@H]1C[C@@H]2CC[C@H](C1)N2C(=O)C(C)(C)n1ccnn1,"(1S,5R)-3-(N-(2-(1H-pyrazol-4-yl)-2-thiaethylcarbonyl)-N-methylamino)-8-(1-methyl-1-(1,2,3-triazol-1-yl)-ethylcarbonyl)-8-azabicyclo[3.2.1]octane",N1N=CC(=C1)SCC(=O)N(C)C1C[C@@H]2CC[C@H](C1)N2C(=O)C(C)(N2N=NC=C2)C,CN(C(=O)CSc1cn[nH]c1)[C@@H]1C[C@H]2CC[C@@H](C1)N2C(=O)C(C)(C)n1ccnn1,CN(C(=O)CSc1cn[nH]c1)C1C[C@H]2CC[C@@H](C1)N2C(=O)C(C)(C)n1ccnn1
74793,C[C@H](CCCCNC(=O)[C@H](O)[C@@H]1COC(C)(C)O1)NC(=O)C1C[C@@H]2CC[C@H](C1)S2,"(1S,5R,R)-3-((((1R)-1-methyl-7-oxo-8-((4S)-2,2-dimethyl-1,3-dioxolan-4-yl)-6-aza-9-oxanonyl)amino)carbonyl)-8-thiabicyclo[3.2.1]octane",,C[C@H](CCCCNC(=O)C(O)C1COC(C)(C)O1)NC(=O)C1C[C@H]2CC[C@@H](C1)S2,
74833,O=C(NC[C@]1(F)C[C@@H](CNC(=O)[C@@H](O)C(F)(F)F)C1)c1cncc2sccc12,"5-(((((1S)-1-fluoro-3-((((1R)-1-trifluoromethyl-2-oxaethylcarbonyl)amino)methyl)cyclobutyl)methyl)amino)carbonyl)-3-aza-9-thiabicyclo[4.3.0]nona-1(2),3(4),5(6),7(8)-tetraene",,O=C(NC[C@]1(F)C[C@@H](CNC(=O)C(O)C(F)(F)F)C1)c1cncc2sccc12,
74872,CCc1nocc1C(=O)N[C@H]1C[C@](F)(CNC(=O)C(F)(F)c2cccc(C)c2)C1,"1,1-difluoro-2-oxo-1-(3-methylphenyl)-4-(1-fluoro-3-((3-ethylisooxazol-4-ylcarbonyl)amino)cyclobutyl)-3-azabutane",FC(C(NCC1(CC(C1)NC(=O)C=1C(=NOC1)CC)F)=O)(C1=CC(=CC=C1)C)F,CCc1nocc1C(=O)N[C@H]1C[C@](F)(CNC(=O)C(F)(F)c2cccc(C)c2)C1,CCc1nocc1C(=O)NC1CC(F)(CNC(=O)C(F)(F)c2cccc(C)c2)C1
74891,C[C@@H]1CC[C@H](CC(=O)N(C2CC2)C2(C(=O)NCCC3(C)CC3)CCC2)C1,(cis)-1-methyl-3-(3-cyclopropyl-2-oxo-3-(1-(((2-(1-methylcyclopropyl)ethyl)amino)carbonyl)cyclobutyl)-3-azapropyl)cyclopentane,C[C@@H]1C[C@@H](CC1)CC(N(C1(CCC1)C(=O)NCCC1(CC1)C)C1CC1)=O,C[C@@H]1CC[C@H](CC(=O)N(C2CC2)C2(C(=O)NCCC3(C)CC3)CCC2)C1,C[C@H]1CC[C@@H](CC(=O)N(C2CC2)C2(C(=O)NCCC3(C)CC3)CCC2)C1
74911,O=C(CCC1CC1)NC[C@]1(F)C[C@H](CNC(=O)c2sc(F)cc2Cl)C1,1-fluoro-1-(((2-(cyclopropyl)ethylcarbonyl)amino)methyl)-3-(((4-chloro-2-fluoro-5-thienylcarbonyl)amino)methyl)cyclobutane,FC1(CC(C1)CNC(=O)C1=C(C=C(S1)F)Cl)CNC(=O)CCC1CC1,O=C(CCC1CC1)NC[C@]1(F)C[C@H](CNC(=O)c2sc(F)cc2Cl)C1,O=C(CCC1CC1)NCC1(F)CC(CNC(=O)c2sc(F)cc2Cl)C1
75000,Cc1ccc(C(=O)N(C)C[C@H]2[C@@H]3CN(C(=O)CN4CC[C@H](C)C4)C[C@H]23)c(Cl)c1,"1-((1S,5R,6S)-3-(((3S)-3-methylpyrrolidino)methylcarbonyl)-3-azabicyclo[3.1.0]hexane-6-yl)-2-(2-chloro-4-methylbenzoyl)-2-azapropane",,Cc1ccc(C(=O)N(C)C[C@@H]2[C@H]3CN(C(=O)CN4CC[C@H](C)C4)C[C@@H]23)c(Cl)c1,
75002,NC(=O)NCC(=O)N1[C@H]2CC[C@@H]1C[C@@H](NC(=O)c1ccc(CO)nc1)C2,"2-hydroxymethyl-5-((((1R,5S)-8-hydantoyl-8-azabicyclo[3.2.1]octan-3-yl)amino)carbonyl)pyridin",OCC1=NC=C(C=C1)C(=O)NC1C[C@H]2CC[C@@H](C1)N2C(=O)CNC(=O)N,NC(=O)NCC(=O)N1[C@@H]2CC[C@H]1C[C@H](NC(=O)c1ccc(CO)nc1)C2,NC(=O)NCC(=O)N1[C@@H]2CC[C@H]1CC(NC(=O)c1ccc(CO)nc1)C2
75073,CC(C)C[C@H]1C[C@@H]1C(=O)NCCCCC(C)(C)C(=O)NNC(=O)C1SCCCS1,"(trans)-1-isobutyl-2-(((5-methyl-5-((((1,3-dithiacyclohexan-2-ylcarbonyl)amino)amino)carbonyl)-hexyl)amino)carbonyl)cyclopropane",C(C(C)C)[C@H]1[C@@H](C1)C(=O)NCCCCC(C)(C(=O)NNC(=O)C1SCCCS1)C,CC(C)C[C@H]1CC1C(=O)NCCCCC(C)(C)C(=O)NNC(=O)C1SCCCS1,CC(C)C[C@@H]1CC1C(=O)NCCCCC(C)(C)C(=O)NNC(=O)C1SCCCS1
75079,CCCCOC(=O)CNC(=O)[C@H]1C[C@H]1CNC(=O)c1cc(Cl)cn1C,(cis)-1-(((2-oxo-3-oxaheptyl)amino)carbonyl)-2-(((3-chloro-1-methyl-1H-pyrrol-5-ylcarbonyl)amino)methyl)cyclopropane,O=C(CNC(=O)[C@H]1[C@H](C1)CNC(=O)C1=CC(=CN1C)Cl)OCCCC,CCCCOC(=O)CNC(=O)C1C[C@H]1CNC(=O)c1cc(Cl)cn1C,CCCCOC(=O)CNC(=O)C1C[C@@H]1CNC(=O)c1cc(Cl)cn1C
75109,O=C1N[C@]2(CO1)C[C@H](C(=O)NC[C@H]1C[C@@H]1NC(=O)c1cc3sccc3[nH]1)C2,"3-((((1S,2R)-2-((((4S)-6-oxo-5-aza-7-oxaspiro[3.4]octan-2-ylcarbonyl)amino)methyl)cyclopropyl)amino)carbonyl)-2-aza-6-thiabicyclo[3.3.0]octa-1(5),3(4),7(8)-triene",,O=C1NC2(CO1)CC(C(=O)NC[C@H]1C[C@@H]1NC(=O)c1cc3sccc3[nH]1)C2,
75121,C[C@@]1(C(=O)N2CC[C@H]2CNC(=O)c2cn(CCCC#N)nn2)C[C@@H]2C[C@@H]2C1,"1-(3-cyanopropyl)-4-(((((2S)-1-((1S,5R)-3-methylbicyclo[3.1.0]hexane-3-ylcarbonyl)azetidin-2-yl)methyl)amino)carbonyl)-1,2,3-triazol",C(#N)CCCN1N=NC(=C1)C(=O)NC[C@H]1N(CC1)C(=O)C1(C[C@@H]2C[C@@H]2C1)C,C[C@]1(C(=O)N2CC[C@H]2CNC(=O)c2cn(CCCC#N)nn2)C[C@H]2C[C@H]2C1,CC1(C(=O)N2CC[C@H]2CNC(=O)c2cn(CCCC#N)nn2)C[C@H]2C[C@H]2C1
75147,CCCN(C(=O)[C@]12CC[C@H](CC1)C2(C)C)[C@H]1CCN(C(=O)C=Cc2ccc[nH]2)C1,"1-(N-((1S)-7,7-dimethylnorbornane-4-ylcarbonyl)-N-((3S)-1-(2-(1H-pyrrol-2-yl)-ethen-1-ylcarbonyl)pyrrolidin-3-yl)amino)propane",,CCCN(C(=O)[C@]12CC[C@H](CC1)C2(C)C)[C@H]1CCN(C(=O)C=Cc2ccc[nH]2)C1,
75173,CO[C@H](CC(C)C)C(=O)NC[C@H]1CC[C@H](N(C)C(=O)[C@@H]2CCCC23CC3)CC1,"(R)-4-methoxy-6-methyl-3-oxo-1-((1R,4R)-4-(N-((7R)-spiro[2.4]heptane-7-ylcarbonyl)-N-methylamino)cyclohexyl)-2-azaheptane",,COC(CC(C)C)C(=O)NC[C@H]1CC[C@H](N(C)C(=O)C2CCCC23CC3)CC1,
75180,CC(=O)Nc1cccnc1C(=O)N1C[C@H]2[C@H](C)[C@H]2C1,"1-(((2-((1S,5R)-6-methyl-3-azabicyclo[3.1.0]hexane-3-ylcarbonyl)-3-pyridyl)amino)carbonyl)-methane",CC1[C@H]2CN(C[C@@H]12)C(=O)C1=NC=CC=C1NC(=O)C,CC(=O)Nc1cccnc1C(=O)N1C[C@@H]2[C@@H](C)[C@@H]2C1,CC(=O)Nc1cccnc1C(=O)N1C[C@@H]2C(C)[C@@H]2C1
75222,CC(C(=O)NO[C@H](CC(C)C)C(=O)NCC(C)(C)OC(C)C)=C1CC1,"1-((((((2R)-4-methyl-1-oxo-1-((2,2,4-trimethyl-3-oxapentyl)amino)-pentan-2-yl)oxy)amino)carbonyl)methylmethylidene)cyclopropan",CC(C[C@H](C(NCC(OC(C)C)(C)C)=O)ONC(=O)CC=C1CC1)C,CC(C(=O)NOC(CC(C)C)C(=O)NCC(C)(C)OC(C)C)=C1CC1,CC(C)CC(ONC(=O)CC=C1CC1)C(=O)NCC(C)(C)OC(C)C
75224,CC[C@@H]1CCCC[C@H]1C(=O)NC[C@H]1[C@@H]2CN(C(=O)C3=C(C)OCCS3(=O)=O)C[C@H]12,"(1S,5R)-3-(3-methyl-1,1-dioxo-4-oxa-1-thiacyclohex-2-ene-2-ylcarbonyl)-6-((((1R,2R)-2-ethylcyclohexylcarbonyl)amino)methyl)-3-azabicyclo[3.1.0]hexane",CC1=C(S(CCO1)(=O)=O)C(=O)N1C[C@H]2C([C@H]2C1)CNC(=O)[C@H]1[C@@H](CCCC1)CC,CC[C@@H]1CCCCC1C(=O)NC[C@@H]1[C@H]2CN(C(=O)C3=C(C)OCCS3(=O)=O)C[C@@H]12,CC[C@@H]1CCCCC1C(=O)NCC1[C@H]2CN(C(=O)C3=C(C)OCCS3(=O)=O)C[C@@H]12
75308,CC(C)Oc1ccc(C(=O)N[C@H]2C[C@@H]3CC[C@H](C2)N3C(=O)Cn2cccn2)cc1,"(1S,5R)-3-((4-isopropoxybenzoyl)amino)-8-((pyrazol-1-yl)methylcarbonyl)-8-azabicyclo[3.2.1]octane",C(C)(C)OC1=CC=C(C(=O)NC2C[C@@H]3CC[C@H](C2)N3C(=O)CN3N=CC=C3)C=C1,CC(C)Oc1ccc(C(=O)N[C@@H]2C[C@H]3CC[C@@H](C2)N3C(=O)Cn2cccn2)cc1,CC(C)Oc1ccc(C(=O)NC2C[C@H]3CC[C@@H](C2)N3C(=O)Cn2cccn2)cc1
75341,CC(C)(C)C(=O)N1C[C@H]2C[C@@H](NC(=O)c3cc4n(n3)CCNC4=O)[C@H]1C2,"2-((((1R,4S,6R)-2-(t-butylcarbonyl)-2-azabicyclo[2.2.1]heptane-6-yl)amino)carbonyl)-4,5,6,7-tetrahydropyrazolo[1,5-a]pyrazin-4(5H)-one",,CC(C)(C)C(=O)N1C[C@@H]2C[C@@H]1[C@H](NC(=O)c1cc3n(n1)CCNC3=O)C2,
75346,Cc1nn(C)c(Cl)c1/C=C/C(=O)N[C@H]1[C@@H]2CN(C(=O)c3cc(F)cc(Cl)c3)C[C@@H]21,"(1S,5R,E)-3-(3-chloro-5-fluorobenzoyl)-6-((2-(5-chloro-1,3-dimethylpyrazol-4-yl)-ethen-1-ylcarbonyl)amino)-3-azabicyclo[3.1.0]hexane",ClC=1C=C(C(=O)N2C[C@H]3C([C@H]3C2)NC(=O)\C=C\C=2C(=NN(C2Cl)C)C)C=C(C1)F,Cc1nn(C)c(Cl)c1/C=C/C(=O)N[C@H]1[C@@H]2CN(C(=O)c3cc(F)cc(Cl)c3)C[C@@H]21,Cc1nn(C)c(Cl)c1/C=C/C(=O)NC1[C@H]2CN(C(=O)c3cc(F)cc(Cl)c3)C[C@@H]12
75349,O=C(N[C@H]1[C@@H]2CN(C(=O)c3cc4cc(Cl)ccc4[nH]3)C[C@@H]21)c1snnc1C1CC1,"(1S,5R)-3-(3-chloro-7-azabicyclo[4.3.0]nona-1(6),2(3),4(5),8(9)-tetraen-8-ylcarbonyl)-6-((4-cyclopropyl-1,2,3-thiadiazol-5-ylcarbonyl)amino)-3-azabicyclo[3.1.0]hexane",ClC1=CC=2C=C(NC2C=C1)C(=O)N1C[C@H]2C([C@H]2C1)NC(=O)C1=C(N=NS1)C1CC1,O=C(N[C@H]1[C@@H]2CN(C(=O)c3cc4cc(Cl)ccc4[nH]3)C[C@@H]21)c1snnc1C1CC1,O=C(NC1[C@H]2CN(C(=O)c3cc4cc(Cl)ccc4[nH]3)C[C@@H]12)c1snnc1C1CC1
75350,Cc1cc(C(=O)N2C[C@H]3[C@H](NC(=O)C4(C)CSC4)[C@H]3C2)ccc1-n1cccn1,"(1S,5R)-3-(3-methyl-4-(pyrazol-1-yl)benzoyl)-6-((3-methylthietan-3-ylcarbonyl)amino)-3-azabicyclo[3.1.0]hexane",CC=1C=C(C(=O)N2C[C@H]3C([C@H]3C2)NC(=O)C2(CSC2)C)C=CC1N1N=CC=C1,Cc1cc(C(=O)N2C[C@@H]3[C@H](C2)[C@H]3NC(=O)C2(C)CSC2)ccc1-n1cccn1,Cc1cc(C(=O)N2C[C@@H]3C(NC(=O)C4(C)CSC4)[C@@H]3C2)ccc1-n1cccn1
75471,O=C(Cn1cc(Cl)cn1)N1CCC[C@H](CCNC(=O)[C@]2(C(F)(F)F)C[C@@H](O)C2)C1,4-chloro-1-(1-((3R)-3-(2-(((3S)-3-hydroxy-1-trifluoromethylcyclobutylcarbonyl)amino)ethyl)piperidinocarbonyl)-methyl)pyrazole,,O=C(Cn1cc(Cl)cn1)N1CCC[C@H](CCNC(=O)[C@]2(C(F)(F)F)C[C@@H](O)C2)C1,
75494,Cn1cc(CC(=O)NC2CC3(C2)CN(C(=O)[C@H]2C[C@@H]4CC[C@H](C2)[C@H]4O)C3)nn1,"(1S,5R)-8-hydroxy-3-(6-(((1-methyl-1,2,3-triazol-4-yl)methylcarbonyl)amino)-2-azaspiro[3.3]heptane-2-ylcarbonyl)-bicyclo[3.2.1]octane",OC1[C@@H]2CC(C[C@H]1CC2)C(=O)N2CC1(C2)CC(C1)NC(=O)CC=1N=NN(C1)C,Cn1cc(CC(=O)NC2CC3(C2)CN(C(=O)C2C[C@H]4CC[C@@H](C2)[C@@H]4O)C3)nn1,Cn1cc(CC(=O)NC2CC3(C2)CN(C(=O)C2C[C@H]4CC[C@@H](C2)C4O)C3)nn1
75513,Cc1c(Cl)ccc(C(=O)N2C[C@H](NC(=O)[C@H]3C[C@@](C)(O)C3)C[C@H]2C)c1Cl,"(2R,4R)-2-methyl-1-(2,4-dichloro-3-methylbenzoyl)-4-(((3S)-3-hydroxy-3-methylcyclobutylcarbonyl)amino)pyrrolidin",,Cc1c(Cl)ccc(C(=O)N2C[C@H](NC(=O)C3CC(C)(O)C3)C[C@H]2C)c1Cl,
75537,CCn1cnc2c(N3CC[C@H]4C[C@H]4C3)nc(=NCCC3(OC)CCC3)[nH]c21,"1-methoxy-1-(2-(N-(9-ethyl-6-((1R,6R)-3-azabicyclo[4.1.0]heptan-3-yl)purin-2-ylidene)amino)ethyl)cyclobutan",,CCn1cnc2c(N3CC[C@H]4C[C@H]4C3)nc(NCCC3(OC)CCC3)nc21,
75551,C/C=C/C[C@H](CC)C(=O)N[C@H]1C[C@@H](CNC(=O)c2ccc3c(C)[nH]nc3c2)C1,"3-methyl-6-(((((cis)-3-((2S)-((3S,5E)-hept-5-en-3-ylcarbonyl)amino)cyclobutyl)methyl)amino)carbonyl)-2H-benzo[1,2-c]pyrazole",,C/C=C/CC(CC)C(=O)N[C@H]1C[C@@H](CNC(=O)c2ccc3c(C)[nH]nc3c2)C1,
75552,Cc1c(F)ccc(C(=O)NCCCCCN(C)C(=O)[C@@H]2C[C@@H]2F)c1O,(cis)-1-fluoro-2-(N-(5-((4-fluoro-2-hydroxy-3-methylbenzoyl)amino)pentyl)-N-methylcarbamoyl)cyclopropane,F[C@H]1[C@H](C1)C(N(C)CCCCCNC(C1=C(C(=C(C=C1)F)C)O)=O)=O,Cc1c(F)ccc(C(=O)NCCCCCN(C)C(=O)C2C[C@@H]2F)c1O,Cc1c(F)ccc(C(=O)NCCCCCN(C)C(=O)C2C[C@H]2F)c1O
75564,C=C1CC(N=c2nc(N3CCc4ccc(Cl)c(F)c4C3)c3ncn(C)c3[nH]2)C1,"1-methylidene-3-(N-(9-methyl-6-(7-chloro-8-fluoro-1,2,3,4-tetrahydroisoquinolin-2-yl)purin-2-ylidene)amino)cyclobutan",,C=C1CC(Nc2nc(N3CCc4ccc(Cl)c(F)c4C3)c3ncn(C)c3n2)C1,
75565,Cc1csc(C=CC(=O)N2C[C@@H]3CC[C@]3(CNC(=O)[C@H]3C[C@@](C)(O)C3)C2)n1,"(1S,5R)-1-((((3R)-3-hydroxy-3-methylcyclobutylcarbonyl)amino)methyl)-3-(2-(4-methylthiazol-2-yl)-ethen-1-ylcarbonyl)-3-azabicyclo[3.2.0]heptane",,Cc1csc(C=CC(=O)N2C[C@@H]3CC[C@]3(CNC(=O)C3CC(C)(O)C3)C2)n1,
75673,CCSC1(C(=O)N[C@H]2CC[C@@H](N(C)C(=O)[C@H]3C[C@@H]3C3CCCC3)CC2)CC1,"(1R)-1-((1-ethylsulfanylcyclopropylcarbonyl)amino)-4-(N-((1S,2R)-2-cyclopentylcyclopropylcarbonyl)-N-methylamino)cyclohexane",,CCSC1(C(=O)N[C@H]2CC[C@@H](N(C)C(=O)C3C[C@@H]3C3CCCC3)CC2)CC1,
75704,O=C(NCCC1(O)CN(C(=O)c2cccc(Cl)c2)C1)[C@@H]1C[C@@H]1Cl,(cis)-1-chloro-2-(((2-(3-hydroxy-1-(3-chlorobenzoyl)azetidin-3-yl)ethyl)amino)carbonyl)cyclopropane,Cl[C@H]1[C@H](C1)C(=O)NCCC1(CN(C1)C(C1=CC(=CC=C1)Cl)=O)O,O=C(NCCC1(O)CN(C(=O)c2cccc(Cl)c2)C1)C1C[C@@H]1Cl,O=C(NCCC1(O)CN(C(=O)c2cccc(Cl)c2)C1)C1C[C@H]1Cl
75770,C[C@@H](C[C@H](C)NC(=O)[C@H]1CC[C@@](C)(O)CC1)NC(=O)C1(c2cccs2)CCCC1,"(S,S)-2-(1-(((1-methyl-3-(((4R)-4-hydroxy-4-methylcyclohexylcarbonyl)amino)-butyl)amino)carbonyl)cyclopentyl)thiofuran",,C[C@@H](C[C@H](C)NC(=O)C1(c2cccs2)CCCC1)NC(=O)C1CCC(C)(O)CC1,
75831,CC(C(=O)N1CCC[C@@](O)(CCNC(=O)C(C)(C)c2ccc(Cl)nc2)C1)=C1CC1,1-(((3R)-3-hydroxy-3-(2-((1-methyl-1-(2-chloro-5-pyridyl)-ethylcarbonyl)amino)ethyl)piperidinocarbonyl)methylmethylidene)cyclopropan,O[C@@]1(CN(CCC1)C(=O)CC=C1CC1)CCNC(=O)C(C)(C=1C=CC(=NC1)Cl)C,CC(C(=O)N1CCC[C@@](O)(CCNC(=O)C(C)(C)c2ccc(Cl)nc2)C1)=C1CC1,CC(C)(C(=O)NCC[C@]1(O)CCCN(C(=O)CC=C2CC2)C1)c1ccc(Cl)nc1
75892,CC[C@H](NC(=O)CC[C@H]1C[C@@H](NC(=O)[C@H](F)C(C)(F)F)C1)[C@H]1CCCO1,"(5S)-3-oxo-1-((1R,3S)-3-(((1S)-1,2,2-trifluoro-propylcarbonyl)amino)cyclobutyl)-5-((2R)-oxolan-2-yl)-4-azaheptane",,CC[C@H](NC(=O)CC[C@H]1C[C@@H](NC(=O)C(F)C(C)(F)F)C1)[C@H]1CCCO1,
75900,Cc1ccccc1[C@H](NC(=O)C(=O)N[C@]1(C)C[C@@H](N)C1)C1CCC(C)CC1,1-((3R)-3-amino-1-((4R)-((((2-methylphenyl)(4-methylcyclohexyl)methyl)amino)carbonylcarbonyl)amino)cyclobutyl)-methane,,Cc1ccccc1[C@H](NC(=O)C(=O)N[C@]1(C)C[C@@H](N)C1)C1CCC(C)CC1,
75926,C[C@@H]1C[C@H]1CCC(=O)NC[C@]1(F)C[C@@H](NC(=O)/C=C/c2cc(Br)cs2)C1,"(E)-4-bromo-2-(2-((((1S)-3-fluoro-3-(((2-((1R,2R)-2-methylcyclopropyl)ethylcarbonyl)amino)methyl)cyclobutyl)amino)carbonyl)eth-1-en-1-yl)thiofuran",,C[C@@H]1C[C@H]1CCC(=O)NC[C@]1(F)C[C@@H](NC(=O)/C=C/c2cc(Br)cs2)C1,
75930,C[C@H](CNC(=O)[C@H]1CCOC(C)(C)C1)CN(C)C(=O)C12CC(C)(C1)OC21COC1,,,C[C@H](CNC(=O)C1CCOC(C)(C)C1)CN(C)C(=O)C12CC(C)(C1)OC21COC1,
76016,C1=C(CN[C@@]2(c3nnnn3C[C@@H]3CCOC3)C[C@@H]3C[C@@H]3C2)OCCO1,"(1S,5R)-3-(((1,4-dioxacyclohex-2-en-2-yl)methyl)amino)-3-(1-(((3S)-oxolan-3-yl)methyl)tetrazol-5-yl)-bicyclo[3.1.0]hexane",O1C(=COCC1)CNC1(C[C@@H]2C[C@@H]2C1)C1=NN=NN1C[C@H]1COCC1,C1=C(CN[C@]2(c3nnnn3C[C@@H]3CCOC3)C[C@H]3C[C@H]3C2)OCCO1,C1=C(CNC2(c3nnnn3C[C@@H]3CCOC3)C[C@H]3C[C@H]3C2)OCCO1
76049,CCC1(CC(=O)NC[C@H]2C[C@H]2NC(=O)CCNC(=O)C2CCC2)CCOCC1,(cis)-1-((((4-ethyloxan-4-yl)methylcarbonyl)amino)methyl)-2-((1-((cyclobutanecarboxamido)methyl)-methylcarbonyl)amino)cyclopropane,C(C)C1(CCOCC1)CC(=O)NC[C@H]1[C@H](C1)NC(=O)CCNC(=O)C1CCC1,CCC1(CC(=O)NC[C@H]2C[C@H]2NC(=O)CCNC(=O)C2CCC2)CCOCC1,CCC1(CC(=O)NC[C@@H]2C[C@@H]2NC(=O)CCNC(=O)C2CCC2)CCOCC1
76065,C/C=C/C[C@H](C)C(=O)N1CC[C@@H](C(C)(C)C(=O)N(C)OCC(F)(F)F)C1,"1,1,1-trifluoro-4,6-dimethyl-5-oxo-6-((3S)-1-((2S)-(2S,4E)-hex-4-en-2-ylcarbonyl)pyrrolidin-3-yl)-4-aza-3-oxaheptane",,C/C=C/CC(C)C(=O)N1CC[C@@H](C(C)(C)C(=O)N(C)OCC(F)(F)F)C1,
76066,O=C(N[C@@H]1C[C@@H]2CC[C@H](C1)N2C(=O)[C@@H]1CN2CCN1CC2)c1nccc(Cl)c1F,"4-chloro-3-fluoro-2-((((1R,3S,5S)-8-((2S)-1,4-diazabicyclo[2.2.2]octan-2-ylcarbonyl)-8-azabicyclo[3.2.1]octan-3-yl)amino)carbonyl)pyridin",,O=C(N[C@H]1C[C@H]2CC[C@@H](C1)N2C(=O)C1CN2CCN1CC2)c1nccc(Cl)c1F,
76076,CCNC(=O)C(=O)NC[C@H]1C[C@H]1CNC(=O)CN1CCN(S(C)(=O)=O)CC1,(cis)-1-(((((ethyl)amino)carbonylcarbonyl)amino)methyl)-2-((((4-mesylpiperazino)methylcarbonyl)amino)methyl)cyclopropane,C(C)NC(=O)C(=O)NC[C@H]1[C@H](C1)CNC(=O)CN1CCN(CC1)S(=O)(=O)C,CCNC(=O)C(=O)NC[C@H]1C[C@H]1CNC(=O)CN1CCN(S(C)(=O)=O)CC1,CCNC(=O)C(=O)NC[C@@H]1C[C@@H]1CNC(=O)CN1CCN(S(C)(=O)=O)CC1
76086,O=C(N[C@@H]1C[C@H]2[C@@H](C1)[C@@H]2NC(=O)C1(F)CCC1)C1=C[C@H]2C=C[C@@H](C1)C2,"1-oxo-1-(((1S,5R,6R)-3-(((1R,5R)-bicyclo[3.2.1]octa-2(3),6(7)-dien-3-ylcarbonyl)amino)bicyclo[3.1.0]hexane-6-yl)amino)-1-(1-fluorocyclobutyl)-methane",,O=C(N[C@H]1C[C@@H]2[C@H](C1)[C@H]2NC(=O)C1(F)CCC1)C1=C[C@H]2C=C[C@@H](C1)C2,
76088,O=C(CCc1ccccc1)N1C[C@H]2CC[C@H]1[C@@H](CN=c1[nH]ncs1)C2,"2-((1-((1S,4S,8R)-2-(2-(phenyl)ethylcarbonyl)-2-azabicyclo[2.2.2]octane-8-yl)-methyl)imino)-1,3,4-thiadiazole",C1(=CC=CC=C1)CCC(=O)N1[C@H]2CC[C@H](C1)[C@@H](C2)CN=C2SC=NN2,O=C(CCc1ccccc1)N1C[C@H]2CC[C@H]1[C@@H](CNc1nncs1)C2,O=C(CCc1ccccc1)N1C[C@H]2CC[C@H]1C[C@H]2CNc1nncs1
76093,CP(C)(=O)c1ccc(C(=O)N[C@H]2C[C@@H]3C[C@H](C2)CN(C(=O)CCC(F)(F)F)C3)o1,"bis(methyl)(2-((((1R,5S)-3-(1-(2,2,2-trifluoroethyl)-methylcarbonyl)-3-azabicyclo[3.3.1]nonan-7-yl)amino)carbonyl)-5-furyl)phosphine oxide",CP(C1=CC=C(O1)C(=O)NC1C[C@H]2CN(C[C@@H](C1)C2)C(=O)CCC(F)(F)F)(C)=O,CP(C)(=O)c1ccc(C(=O)N[C@@H]2C[C@H]3C[C@@H](C2)CN(C(=O)CCC(F)(F)F)C3)o1,CP(C)(=O)c1ccc(C(=O)NC2C[C@@H]3C[C@H](C2)CN(C(=O)CCC(F)(F)F)C3)o1
76190,CC(=O)N[C@@H](C(=O)N[C@H]1C[C@](C)(NC(=O)[C@@H](C)C2CC2)C1)c1ccccc1,"(1R,3S)-1-methyl-1-(((1S)-1-cyclopropyl-ethylcarbonyl)amino)-3-(((1R)-3-oxo-1-phenyl-2-azabutylcarbonyl)amino)cyclobutane",,CC(=O)NC(C(=O)N[C@H]1C[C@](C)(NC(=O)C(C)C2CC2)C1)c1ccccc1,
76194,CC(C)[C@H](O)C(=O)NC[C@]1(F)C[C@@H](NC(=O)c2c(F)ccc3n[nH]cc23)C1,"5-fluoro-4-((((1R)-3-fluoro-3-((((1S)-1-hydroxy-2-methyl-propylcarbonyl)amino)methyl)cyclobutyl)amino)carbonyl)-2H-benzo[1,2-c]pyrazole",,CC(C)C(O)C(=O)NC[C@]1(F)C[C@@H](NC(=O)c2c(F)ccc3[nH]ncc23)C1,
76205,O=C(c1cc2[nH]ccc2s1)N1CCC[C@@H](CNC(=O)[C@H]2C[C@](F)(CO)C2)C1,"3-((3S)-3-((((3R)-3-fluoro-3-hydroxymethylcyclobutylcarbonyl)amino)methyl)piperidinocarbonyl)-6-aza-2-thiabicyclo[3.3.0]octa-1(5),3(4),7(8)-triene",,O=C(NC[C@@H]1CCCN(C(=O)c2cc3[nH]ccc3s2)C1)C1CC(F)(CO)C1,
76207,CCC[C@H](C#N)C(=O)N[C@H]1C[C@H](CC(=O)NCC[C@@H]2CCN(C)C2=O)C1,"(3R)-1-methyl-3-(2-((((1R,3R)-3-(((1R)-1-cyano-butylcarbonyl)amino)cyclobutyl)methylcarbonyl)amino)ethyl)pyrrolidin-2-on",,CCCC(C#N)C(=O)N[C@H]1C[C@H](CC(=O)NCCC2CCN(C)C2=O)C1,
76267,CN=c1[nH]cc(C(=O)N2CC[C@@H]3CN(C(=O)/C=C/C4CCCCC4)CC[C@H]3C2)o1,"(1S,6R,E)-3-(2-cyclohexyl-ethen-1-ylcarbonyl)-8-(2-methylimino-1-aza-3-oxacyclopent-4-ene-4-ylcarbonyl)-3,8-diazabicyclo[4.4.0]decane",C1(CCCCC1)C=CC(=O)N1C[C@H]2CCN(C[C@@H]2CC1)C(=O)C=1O/C(/NC1)=N/C,CNc1ncc(C(=O)N2CC[C@@H]3CN(C(=O)/C=C/C4CCCCC4)CC[C@H]3C2)o1,CNc1ncc(C(=O)N2CC[C@@H]3CN(C(=O)C=CC4CCCCC4)CC[C@H]3C2)o1
76299,C[C@H]1C[C@@H](CNC(=O)c2ccc(F)c(Cl)n2)CN1C(=O)[C@H]1C[C@](O)(C#N)C1,"1-((3S,5S)-1-((3R)-3-cyano-3-hydroxycyclobutylcarbonyl)-3-(((2-chloro-3-fluoro-6-pyridylcarbonyl)amino)methyl)pyrrolidin-5-yl)-methane",,C[C@H]1C[C@@H](CNC(=O)c2ccc(F)c(Cl)n2)CN1C(=O)C1CC(O)(C#N)C1,
76330,CC1(C)[C@@H](CO)CCN1C(=O)CO[C@H]1C[C@@H](NC(=O)C[C@H]2CCCC23CC3)C1,"(4R)-4-(2-oxo-3-((1R,3S)-3-((1-((3S)-3-hydroxymethyl-2,2-dimethylpyrrolidinocarbonyl)-methyl)oxy)cyclobutyl)-3-azapropyl)-spiro[2.4]heptane",,CC1(C)[C@@H](CO)CCN1C(=O)CO[C@H]1C[C@@H](NC(=O)C[C@H]2CCCC23CC3)C1,
76353,O=C(COC1CC=CC1)NC[C@]1(F)C[C@H](NC(=O)CC[C@H]2CCCOC2)C1,2-oxo-1-((cyclopent-3-en-1-yl)oxy)-4-((1R)-1-fluoro-3-((2-((3R)-oxan-3-yl)ethylcarbonyl)amino)cyclobutyl)-3-azabutane,,O=C(COC1CC=CC1)NC[C@]1(F)C[C@H](NC(=O)CC[C@H]2CCCOC2)C1,
76359,CC(C)[C@H](CCN(C)C(=O)C[C@@H]1CCC[C@@H]1C)NC(=O)C[C@H]1COC(=O)C1,"(S,R)-4-(4-isopropyl-7-methyl-2,8-dioxo-9-((1S,2S)-2-methylcyclopentyl)-3,7-diazanonyl)-oxolan-2-on",C(C)(C)[C@H](NC(C[C@H]1CC(OC1)=O)=O)CCN(C(C[C@H]1[C@H](CCC1)C)=O)C,CC(C)[C@H](CCN(C)C(=O)C[C@@H]1CCC[C@@H]1C)NC(=O)C[C@H]1COC(=O)C1,CC(C)[C@@H](CCN(C)C(=O)C[C@@H]1CCC[C@@H]1C)NC(=O)C[C@@H]1COC(=O)C1
76394,CC(=O)N[C@H](CC(C)C)C(=O)N1C[C@H](NC(=O)[C@H]2C[C@@](C)(O)C2)CC[C@H]1C,"(2R,5R)-2-methyl-1-((1R)-1-isobutyl-3-oxo-2-azabutylcarbonyl)-5-(((3S)-3-hydroxy-3-methylcyclobutylcarbonyl)amino)piperidin",,CC(=O)NC(CC(C)C)C(=O)N1C[C@H](NC(=O)C2CC(C)(O)C2)CC[C@H]1C,
76432,CC[C@]1(C)C[C@H](NC(=O)C2(C(=O)OC)CC2)CN1C(=O)C(C)=C1CCC1,"1-(((2R,4S)-2-ethyl-2-methyl-4-((1-methoxycarbonylcyclopropylcarbonyl)amino)pyrrolidinocarbonyl)methylmethylidene)cyclobutan",C(C)[C@]1(N(C[C@H](C1)NC(=O)C1(CC1)C(=O)OC)C(=O)CC=C1CCC1)C,CC[C@]1(C)C[C@H](NC(=O)C2(C(=O)OC)CC2)CN1C(=O)C(C)=C1CCC1,CC[C@]1(C)C[C@H](NC(=O)C2(C(=O)OC)CC2)CN1C(=O)CC=C1CCC1
76442,CCn1cc(CC(=O)N2C[C@@H]3CCC[C@H](C2)CN3C(=O)CC(F)(F)Cl)cn1,"(1R,5S)-3-((1-ethylpyrazol-4-yl)methylcarbonyl)-9-(1-(1-chloro-1,1-difluoro-methyl)-methylcarbonyl)-3,9-diazabicyclo[3.3.2]decane",C(C)N1N=CC(=C1)CC(=O)N1C[C@H]2CCC[C@@H](C1)CN2C(=O)CC(F)(F)Cl,CCn1cc(CC(=O)N2C[C@H]3CCC[C@@H](C2)N(C(=O)CC(F)(F)Cl)C3)cn1,CCn1cc(CC(=O)N2C[C@@H]3CCC[C@H](C2)N(C(=O)CC(F)(F)Cl)C3)cn1
76449,CC[C@@H](C)/C=C/C(=O)N1CCC[C@@H]1C(C)(C)NC(=O)c1cc(O)n(CC)n1,"1-ethyl-5-hydroxy-3-(((1-methyl-1-((2R)-1-((4R)-(1E,3R)-3-methyl-pent-1-en-1-ylcarbonyl)pyrrolidin-2-yl)-ethyl)amino)carbonyl)pyrazole",,CC[C@@H](C)/C=C/C(=O)N1CCC[C@@H]1C(C)(C)NC(=O)c1cc(=O)n(CC)[nH]1,
76498,C[C@@H](NC(=O)CC(C)(C)C)C(=O)NC[C@H]1C[C@@H](NC(=O)[C@H]2CCN(C)C(=O)C2)C1,"(1R,3S)-1-((((1R)-1,5,5-trimethyl-3-oxo-2-azahexylcarbonyl)amino)methyl)-3-(((4S)-1-methyl-2-oxopiperidin-4-ylcarbonyl)amino)cyclobutane",,CC(NC(=O)CC(C)(C)C)C(=O)NC[C@H]1C[C@@H](NC(=O)C2CCN(C)C(=O)C2)C1,
76544,C=CCCN=C(NCCOCCS)N[C@H]1CC[C@]2(CC1)NC(=O)N(C)C2=O,"1-sulfanyl-7-((1'-methyl-2',5'-dioxospiro[cyclohexane-1,4'-imidazolidin]-4-yl)amino)-6,8-diaza-3-oxa-7,11-dodecadien",SCCOCCNC(=NCCC=C)NC1CCC2(NC(N(C2=O)C)=O)CC1,C=CCCN=C(NCCOCCS)N[C@H]1CC[C@]2(CC1)NC(=O)N(C)C2=O,C=CCCN=C(NCCOCCS)NC1CCC2(CC1)NC(=O)N(C)C2=O
76569,Cc1cnc2c(C(=O)NC[C@@H]3C[C@@H]4CC[C@H](C3)N4C(=O)CC3CCC3)cnn2c1,"6-methyl-3-(((((1R,5S)-8-cyclobutylmethylcarbonyl-8-azabicyclo[3.2.1]octan-3-yl)methyl)amino)carbonyl)-pyrimido[1,2-b]pyrazole",CC=1C=NC=2N(N=CC2C(=O)NCC2C[C@H]3CC[C@@H](C2)N3C(=O)CC3CCC3)C1,Cc1cnc2c(C(=O)NC[C@H]3C[C@H]4CC[C@@H](C3)N4C(=O)CC3CCC3)cnn2c1,Cc1cnc2c(C(=O)NCC3C[C@H]4CC[C@@H](C3)N4C(=O)CC3CCC3)cnn2c1
76609,CC[C@@H](CC(=O)N[C@H]1C[C@@](F)(CNC(=O)Cc2csc3nccn23)C1)C1CC1,"8-(2-oxo-4-((1S)-1-fluoro-3-(((2S)-2-cyclopropyl-butylcarbonyl)amino)cyclobutyl)-3-azabutyl)-1,4-diaza-6-thiabicyclo[3.3.0]octa-2(3),4(5),7(8)-triene",,CC[C@@H](CC(=O)N[C@H]1C[C@@](F)(CNC(=O)Cc2csc3nccn23)C1)C1CC1,
76738,C/C=C/C[C@@H](CC)C(=O)N[C@@H]1CCC[C@H](NC(=O)CNC(=O)c2ccc(C)s2)C1,"2-methyl-5-(((2-oxo-3-((1S,3R)-3-((2R)-((3R,5E)-hept-5-en-3-ylcarbonyl)amino)cyclohexyl)-3-azapropyl)amino)carbonyl)thiofuran",,C/C=C/CC(CC)C(=O)N[C@@H]1CCC[C@H](NC(=O)CNC(=O)c2ccc(C)s2)C1,
76742,Cc1cc(C(=O)N[C@@H]2C[C@@H]3CC[C@H](C2)N3C(=O)/C=C/c2cnccn2)n[nH]1,"(1S,5R,E)-3-((3-methyl-2H-pyrazol-5-ylcarbonyl)amino)-8-(2-(pyrazin-2-yl)-ethen-1-ylcarbonyl)-8-azabicyclo[3.2.1]octane",CC=1NN=C(C1)C(=O)NC1C[C@@H]2CC[C@H](C1)N2C(=O)\C=C\C2=NC=CN=C2,Cc1cc(C(=O)N[C@H]2C[C@H]3CC[C@@H](C2)N3C(=O)/C=C/c2cnccn2)[nH]n1,Cc1cc(C(=O)NC2C[C@H]3CC[C@@H](C2)N3C(=O)/C=C/c2cnccn2)[nH]n1
76752,COC(=O)[C@H](C)n1nnnc1[C@@H](N[C@H](C)c1ccc(Cl)nc1)c1ccc(Cl)n1C,"(S,R)-2-chloro-5-(1-methyl-3-(1-((2S)-1-methoxy-1-oxo-propan-2-yl)tetrazol-5-yl)-3-(2-chloro-1-methyl-1H-pyrrol-5-yl)-2-azapropyl)pyridin",ClC1=NC=C(C=C1)[C@@H](N[C@H](C1=CC=C(N1C)Cl)C1=NN=NN1[C@H](C(=O)OC)C)C,COC(=O)C(C)n1nnnc1[C@@H](N[C@H](C)c1ccc(Cl)nc1)c1ccc(Cl)n1C,COC(=O)C(C)n1nnnc1[C@H](N[C@@H](C)c1ccc(Cl)nc1)c1ccc(Cl)n1C
76781,CCC(F)(F)CC(=O)NC[C@]1(F)C[C@@H](NC(=O)C(C)(C)c2ccc(O)cc2)C1,"5,5-difluoro-3-oxo-1-(1-fluoro-3-((1-methyl-1-(4-hydroxyphenyl)-ethylcarbonyl)amino)cyclobutyl)-2-azaheptane",FC(CC(NCC1(CC(C1)NC(=O)C(C)(C1=CC=C(C=C1)O)C)F)=O)(CC)F,CCC(F)(F)CC(=O)NC[C@]1(F)C[C@@H](NC(=O)C(C)(C)c2ccc(O)cc2)C1,CCC(F)(F)CC(=O)NCC1(F)CC(NC(=O)C(C)(C)c2ccc(O)cc2)C1
76798,COC(C)(C)CC(=O)N1C[C@H](C)[C@@H](NC(=O)COCCCC(C)C)[C@H](C)C1,"(3S,5R)-3,5-dimethyl-1-(2,2-dimethyl-3-oxabutylcarbonyl)-4-(((4-methyl-pentyl)oxymethylcarbonyl)amino)piperidin",C[C@H]1CN(C[C@H](C1NC(=O)COCCCC(C)C)C)C(=O)CC(OC)(C)C,COC(C)(C)CC(=O)N1C[C@@H](C)[C@H](NC(=O)COCCCC(C)C)[C@@H](C)C1,COC(C)(C)CC(=O)N1C[C@@H](C)C(NC(=O)COCCCC(C)C)[C@@H](C)C1
76801,CC(=O)N1CCC[C@@H]([C@@H](C(=O)NCCCF)N2CCC[C@@H]2CF)C1,"(S,R)-1-(acetyl)-3-(1-(((1-(2-fluoroethyl)-methyl)amino)carbonyl)-1-((2R)-2-fluoromethylpyrrolidino)-methyl)piperidin",C(C)(=O)N1C[C@H](CCC1)[C@@H](N1[C@H](CCC1)CF)C(=O)NCCCF,CC(=O)N1CCC[C@@H](C(C(=O)NCCCF)N2CCC[C@@H]2CF)C1,CC(=O)N1CCC[C@H](C(C(=O)NCCCF)N2CCC[C@@H]2CF)C1
76817,CC(=CC(=O)N[C@@H]1[C@H]2C[C@H](NC(=O)[C@@H]3CSCC(=O)N3)C[C@H]21)c1ccccc1,"(1S,5R,6R)-3-(((5R)-3-oxothiamorpholin-5-ylcarbonyl)amino)-6-((2-phenyl-propen-1-ylcarbonyl)amino)-bicyclo[3.1.0]hexane",,CC(=CC(=O)N[C@H]1[C@@H]2C[C@@H](NC(=O)C3CSCC(=O)N3)C[C@@H]21)c1ccccc1,
76860,OCCn1cc(-c2nc([C@@H]3C[C@@H]4C[C@@H]4C3)n(-c3cccc4ccccc34)n2)cn1,"1-(3-(1-(3-oxapropyl)pyrazol-4-yl)-5-((1S,5R)-bicyclo[3.1.0]hexane-3-yl)-1,2,4-triazol-1-yl)naphthalen",C(CO)N1N=CC(=C1)C1=NN(C(=N1)C1C[C@@H]2C[C@@H]2C1)C1=CC=CC2=CC=CC=C12,OCCn1cc(-c2nc([C@@H]3C[C@@H]4C[C@@H]4C3)n(-c3cccc4ccccc34)n2)cn1,OCCn1cc(-c2nc(C3C[C@@H]4C[C@@H]4C3)n(-c3cccc4ccccc34)n2)cn1
76864,Cn1nnnc1CCCN[C@@]1(c2nnnn2C2CC2)C[C@@H]2CC=CC[C@@H]2C1,"(1S,6R)-8-(1-cyclopropyltetrazol-5-yl)-8-(N-(3-(1-methyltetrazol-5-yl)propyl)amino)-bicyclo[4.3.0]non-3(4)-ene",C1(CC1)N1N=NN=C1C1(C[C@H]2CC=CC[C@H]2C1)NCCCC1=NN=NN1C,Cn1nnnc1CCCN[C@]1(c2nnnn2C2CC2)C[C@H]2CC=CC[C@H]2C1,Cn1nnnc1CCCNC1(c2nnnn2C2CC2)C[C@H]2CC=CC[C@H]2C1
76880,CC(C)S[C@H](C)C(=O)N1CCCC[C@]12C[C@H](NC(=O)CC(F)(F)F)C2,"(3R)-1'-((1R)-1,3-dimethyl-2-thiabutylcarbonyl)-3-((2,2,2-trifluoroethylcarbonyl)amino)-3',6'-dihydro-spiro[cyclobutane-1,2'-pyridin]",,CC(C)SC(C)C(=O)N1CCCC[C@]12C[C@H](NC(=O)CC(F)(F)F)C2,
76898,Cc1ccccc1NC(=O)C(C)(C)C1=CCN(C(=O)C#CC2CCC2)C1,"1-cyclobutylethynylcarbonyl-3-(1,1-dimethyl-2-oxo-3-(2-methylphenyl)-3-azapropyl)-1-azacyclopent-3-en",,Cc1ccccc1NC(=O)C(C)(C)C1=CCN(C(=O)C#CC2CCC2)C1,
76954,C[C@H](O)[C@@H](C(=O)N1CC[C@H](CNC(=O)[C@H]2C[C@](F)(CO)C2)C(F)(F)CC1)N(C)C,"(5R)-4,4-difluoro-1-((2S,1S)-2-hydroxy-1-(dimethylamino)-propylcarbonyl)-5-((((3S)-3-fluoro-3-hydroxymethylcyclobutylcarbonyl)amino)methyl)azepan",,C[C@H](O)C(C(=O)N1CC[C@H](CNC(=O)C2CC(F)(CO)C2)C(F)(F)CC1)N(C)C,
76976,CC1(CC(=O)N[C@H]2C[C@@H]3CC[C@H](C2)N3C(=O)CO[C@H]2CCOC2)CCOCC1,"(1S,3R,5R)-3-(((4-methyloxan-4-yl)methylcarbonyl)amino)-8-(((3S)-oxolan-3-yl)oxymethylcarbonyl)-8-azabicyclo[3.2.1]octane",,CC1(CC(=O)N[C@@H]2C[C@H]3CC[C@@H](C2)N3C(=O)CO[C@H]2CCOC2)CCOCC1,
77014,CC=CC(=O)N[C@H]1C[C@]2(NC(=O)[C@@H]3Cc4ccc(F)cc43)CO[C@H]1C2,"1-((((1S,4R,6S)-4-(((2R)-6-fluorobenzocyclobutene-2-ylcarbonyl)amino)-2-oxabicyclo[2.2.1]heptan-6-yl)amino)carbonyl)propen",,CC=CC(=O)N[C@H]1C[C@]2(NC(=O)C3Cc4ccc(F)cc43)CO[C@H]1C2,
77041,CC(C)(C(=O)N[C@@H]1C[C@H]2[C@@H](C1)[C@@H]2NC(=O)c1cnc(S)[nH]1)C1CCC1,"2-sulfanyl-4-((((1S,5R)-3-((1-cyclobutyl-1-methyl-ethylcarbonyl)amino)bicyclo[3.1.0]hexane-6-yl)amino)carbonyl)-3H-imidazol",SC1=NC=C(N1)C(=O)NC1[C@@H]2CC(C[C@H]12)NC(=O)C(C)(C)C1CCC1,CC(C)(C(=O)N[C@H]1C[C@@H]2[C@H](C1)[C@H]2NC(=O)c1c[nH]c(=S)[nH]1)C1CCC1,CC(C)(C(=O)NC1C[C@@H]2C(NC(=O)c3c[nH]c(=S)[nH]3)[C@@H]2C1)C1CCC1
77050,CCc1ccc(F)cc1C(=O)N1CCCC[C@@H]1CNC(=O)[C@H]1C[C@](C)(F)C1,(2R)-1-(2-ethyl-5-fluorobenzoyl)-2-((((3R)-3-fluoro-3-methylcyclobutylcarbonyl)amino)methyl)piperidin,,CCc1ccc(F)cc1C(=O)N1CCCC[C@@H]1CNC(=O)C1CC(C)(F)C1,
77052,C#CC(C)(C)C(=O)N[C@@H]1CN(C(=O)[C@H]2CC[C@@](C)(F)CC2)Cc2ccnn2C1,"(3R)-3-((2-methyl-but-3-yn-2-ylcarbonyl)amino)-5-((4S)-4-fluoro-4-methylcyclohexylcarbonyl)-1,5,10-triazabicyclo[5.3.0]deca-7(8),9(10)-diene",,C#CC(C)(C)C(=O)N[C@@H]1CN(C(=O)C2CCC(C)(F)CC2)Cc2ccnn2C1,
77104,C#C[C@@H]1C[C@H]2CC[C@H]1N(C(=O)[C@H]1CCN(C(=O)c3cccn3CC)C[C@H]1C)C2,"1-((1R,4R,8S)-2-((3S,4S)-3-methyl-1-(1-ethyl-1H-pyrrol-2-ylcarbonyl)piperidin-4-ylcarbonyl)-2-azabicyclo[2.2.2]octane-8-yl)ethyn",C[C@@H]1CN(CC[C@@H]1C(=O)N1[C@@H]2CC[C@@H](C1)[C@H](C2)C#C)C(=O)C=2N(C=CC2)CC,C#C[C@@H]1C[C@H]2CC[C@H]1N(C(=O)C1CCN(C(=O)c3cccn3CC)C[C@H]1C)C2,C#C[C@H]1C[C@H]2CC[C@H]1CN2C(=O)C1CCN(C(=O)c2cccn2CC)C[C@H]1C
77111,CC[C@@H](CC(=O)N(C)[C@H]1[C@@H]2CN(C(=O)Cc3ccc(F)c(F)c3)C[C@@H]21)C(C)(C)C,"(5S)-3-oxo-5-t-butyl-2-((1S,5R)-3-(3,4-difluorophenylacetyl)-3-azabicyclo[3.1.0]hexane-6-yl)-2-azaheptane",O=C(N(C)C1[C@H]2CN(C[C@@H]12)C(CC1=CC(=C(C=C1)F)F)=O)C[C@H](CC)C(C)(C)C,CC[C@@H](CC(=O)N(C)[C@H]1[C@@H]2CN(C(=O)Cc3ccc(F)c(F)c3)C[C@@H]21)C(C)(C)C,CC[C@@H](CC(=O)N(C)C1[C@H]2CN(C(=O)Cc3ccc(F)c(F)c3)C[C@@H]12)C(C)(C)C
77137,CCC1(NC(=O)[C@@H]2Cc3ccccc32)CCN(C(=O)c2ccc(Cl)c(Cl)c2)CC1,"1-(1-(3,4-dichlorobenzoyl)-4-(((2R)-benzocyclobutene-2-ylcarbonyl)amino)piperidin-4-yl)-ethane",,CCC1(NC(=O)C2Cc3ccccc32)CCN(C(=O)c2ccc(Cl)c(Cl)c2)CC1,
77186,CC1(CCCN=c2[nH]c(N3CCC(Cc4nccs4)CC3)nc3cc[nH]c23)CC1,"2-((1-(4-((3-(1-methylcyclopropyl)-propyl)imino)pyrimido[4,5-d]pyrrole-2-yl)piperidin-4-yl)methyl)thiazol",CC1(CC1)CCCN=C1N=C(N=C2C=CN=C21)N2CCC(CC2)CC=2SC=CN2,CC1(CCCNc2nc(N3CCC(Cc4nccs4)CC3)nc3cc[nH]c23)CC1,CC1(CCCN=C2N=C(N3CCC(Cc4nccs4)CC3)N=C3C=CN=C32)CC1
77195,NC(=O)CSCCC(=O)NC[C@H]1C[C@H]1NC(=O)c1cscc1C(N)=O,(cis)-1-(((2-(1-carbamylmethylsulfanyl)ethylcarbonyl)amino)methyl)-2-((3-carbamyl-4-thienylcarbonyl)amino)cyclopropane,C(N)(=O)CSCCC(=O)NC[C@H]1[C@H](C1)NC(=O)C=1C(=CSC1)C(N)=O,NC(=O)CSCCC(=O)NC[C@H]1C[C@H]1NC(=O)c1cscc1C(N)=O,NC(=O)CSCCC(=O)NC[C@@H]1C[C@@H]1NC(=O)c1cscc1C(N)=O
77236,CCC1(CNC(=O)C[C@H]2[C@@H]3CN(C(=O)c4cccc(=O)o4)C[C@H]23)CCOCC1,"(1S,5R)-3-(2-oxo-1-oxacyclohexa-3,5-diene-6-ylcarbonyl)-6-(2-oxo-4-(4-ethyloxan-4-yl)-3-azabutyl)-3-azabicyclo[3.1.0]hexane",O=C1OC(=CC=C1)C(=O)N1C[C@H]2C([C@H]2C1)CC(NCC1(CCOCC1)CC)=O,CCC1(CNC(=O)C[C@@H]2[C@H]3CN(C(=O)c4cccc(=O)o4)C[C@@H]23)CCOCC1,CCC1(CNC(=O)CC2[C@H]3CN(C(=O)c4cccc(=O)o4)C[C@@H]23)CCOCC1
77240,CCc1ccc(C(=O)NC[C@H](CC(=O)N[C@H]2CC3C[C@@H]4C2[C@@H]4C3)C2CCC2)nc1,"(R)-5-ethyl-2-(((2-cyclobutyl-4-oxo-5-((2S,6R,8S)-tricyclo[2.2.2.0^6,8]octan-2-yl)-5-azapentyl)amino)carbonyl)pyridin",C(C)C=1C=CC(=NC1)C(=O)NC[C@H](CC(N[C@@H]1C2[C@@H]3CC(C1)[C@@H]3C2)=O)C2CCC2,CCc1ccc(C(=O)NC[C@H](CC(=O)N[C@H]2CC3C[C@@H]4C2[C@@H]4C3)C2CCC2)nc1,CCc1ccc(C(=O)NC[C@H](CC(=O)N[C@H]2CC3C[C@H]4C2C[C@@H]34)C2CCC2)nc1
77247,CC(=O)OCCCC(=O)N[C@H]1CC[C@@H](NC(=O)CSC(C)(C)C)CC1,"1-((3,3-dimethyl-2-thiabutylcarbonyl)amino)-4-((3-acetyloxypropylcarbonyl)amino)cyclohexane",CC(SCC(=O)NC1CCC(CC1)NC(=O)CCCOC(C)=O)(C)C,CC(=O)OCCCC(=O)N[C@H]1CC[C@@H](NC(=O)CSC(C)(C)C)CC1,CC(=O)OCCCC(=O)NC1CCC(NC(=O)CSC(C)(C)C)CC1
77291,CC[C@@](C)(COC)C(=O)N[C@H]1C[C@](F)(CNC(=O)c2cc3sccc3n2C)C1,"2-methyl-3-(((((1R)-1-fluoro-3-(((2S)-1-methoxy-2-methyl-butan-2-ylcarbonyl)amino)cyclobutyl)methyl)amino)carbonyl)-2-aza-6-thiabicyclo[3.3.0]octa-1(5),3(4),7(8)-triene",,CC[C@@](C)(COC)C(=O)N[C@H]1C[C@](F)(CNC(=O)c2cc3sccc3n2C)C1,
77303,O=C(NC[C@H]1[C@@H]2CN(C(=O)c3cc(C4CC4)sn3)C[C@H]12)[C@H]1CSCCS1,"(1S,5R)-3-(5-cyclopropylisothiazol-3-ylcarbonyl)-6-((((2S)-1,4-dithiacyclohexan-2-ylcarbonyl)amino)methyl)-3-azabicyclo[3.1.0]hexane",C1(CC1)C1=CC(=NS1)C(=O)N1C[C@H]2C([C@H]2C1)CNC(=O)[C@@H]1SCCSC1,O=C(NC[C@@H]1[C@H]2CN(C(=O)c3cc(C4CC4)sn3)C[C@@H]12)C1CSCCS1,O=C(NCC1[C@H]2CN(C(=O)c3cc(C4CC4)sn3)C[C@@H]12)C1CSCCS1
77308,CSCC1(C(=O)N[C@H]2C[C@](C)(NC(=O)c3ccc4nc(O)[nH]c4c3)C2)CC1,"2-hydroxy-5-(((1-methyl-3-((1-(2-thiapropyl)cyclopropylcarbonyl)amino)cyclobutyl)amino)carbonyl)-3H-imidazo[4,5-a]benzene",OC=1NC=2C(=CC=C(C2)C(=O)NC2(CC(C2)NC(=O)C2(CC2)CSC)C)N1,CSCC1(C(=O)N[C@H]2C[C@](C)(NC(=O)c3ccc4[nH]c(=O)[nH]c4c3)C2)CC1,CSCC1(C(=O)NC2CC(C)(NC(=O)c3ccc4[nH]c(=O)[nH]c4c3)C2)CC1
77329,CCc1n[nH]c(=NC[C@@H]2CCCCN2C(=O)[C@H]2COc3ccc(F)cc3C2)s1,"2-ethyl-5-((1-((2S)-1-((3R)-6-fluorochroman-3-ylcarbonyl)piperidin-2-yl)-methyl)imino)-1,3,4-thiadiazole",C(C)C1SC(N=N1)=NC[C@H]1N(CCCC1)C(=O)[C@H]1COC2=CC=C(C=C2C1)F,CCc1nnc(NC[C@@H]2CCCCN2C(=O)C2COc3ccc(F)cc3C2)s1,CCC1N=NC(=NC[C@@H]2CCCCN2C(=O)C2COc3ccc(F)cc3C2)S1
77336,CCN(C(=O)c1cnc2c(c1)CCOC2)[C@@H]1CCN(C(=O)C[C@@H]2C[C@H]3C[C@H]3C2)C1,"(1R,5S)-3-(1-((3R)-3-(N-(2-aza-9-oxabicyclo[4.4.0]deca-1(6),2(3),4(5)-trien-4-ylcarbonyl)-N-ethylamino)pyrrolidinocarbonyl)-methyl)-bicyclo[3.1.0]hexane",C1=2N=CC(=CC2CCOC1)C(=O)N(CC)[C@H]1CN(CC1)C(=O)CC1C[C@H]2C[C@H]2C1,CCN(C(=O)c1cnc2c(c1)CCOC2)[C@@H]1CCN(C(=O)C[C@H]2C[C@@H]3C[C@@H]3C2)C1,CCN(C(=O)c1cnc2c(c1)CCOC2)[C@@H]1CCN(C(=O)CC2C[C@@H]3C[C@@H]3C2)C1
77481,CO[C@]1(C(=O)N[C@H]2[C@@H]3CN(C(=O)CNC(=O)C4CCCC4)C[C@@H]32)CCC(C)(C)C1,"(1S,5R)-3-((cyclopentanecarboxamido)methylcarbonyl)-6-(((1R)-1-methoxy-3,3-dimethylcyclopentylcarbonyl)amino)-3-azabicyclo[3.1.0]hexane",C1(CCCC1)C(=O)NCC(=O)N1C[C@H]2C([C@H]2C1)NC(=O)[C@@]1(CC(CC1)(C)C)OC,CO[C@]1(C(=O)N[C@H]2[C@@H]3CN(C(=O)CNC(=O)C4CCCC4)C[C@@H]32)CCC(C)(C)C1,CO[C@]1(C(=O)NC2[C@H]3CN(C(=O)CNC(=O)C4CCCC4)C[C@@H]23)CCC(C)(C)C1
77494,C#CC[C@@H](CO)NC(=O)C1=C[C@]2(CCN(C(=O)[C@H]3C[C@](O)(CC#C)C3)C2)C1,(4R)-2-((((2S)-1-hydroxy-pent-4-yn-2-yl)amino)carbonyl)-6-((3S)-3-hydroxy-3-propargylcyclobutylcarbonyl)-6-azaspiro[3.4]oct-1(2)-ene,,C#CC[C@@H](CO)NC(=O)C1=C[C@]2(CCN(C(=O)C3CC(O)(CC#C)C3)C2)C1,
77524,Cc1sc(O)nc1C(=O)N[C@@H]1C[C@H]2[C@@H](C1)[C@@H]2NC(=O)C1(C(C)(C)O)CC1,"2-hydroxy-5-methyl-4-((((1S,5R)-6-((1-(1-hydroxy-1-methyl-ethyl)cyclopropylcarbonyl)amino)bicyclo[3.1.0]hexane-3-yl)amino)carbonyl)thiazol",OC=1SC(=C(N1)C(=O)NC1C[C@@H]2C([C@@H]2C1)NC(=O)C1(CC1)C(C)(C)O)C,Cc1sc(=O)[nH]c1C(=O)N[C@H]1C[C@@H]2[C@H](C1)[C@H]2NC(=O)C1(C(C)(C)O)CC1,Cc1sc(=O)[nH]c1C(=O)NC1C[C@@H]2C(NC(=O)C3(C(C)(C)O)CC3)[C@@H]2C1
77629,C[C@H](CS(C)(=O)=O)C(=O)N1C[C@H]2[C@@H](C1)[C@@H]2c1cn(Cc2cn(C)nc2Cl)nn1,"(1S,5R,6S)-3-((2S)-1-mesyl-propan-2-ylcarbonyl)-6-(1-((3-chloro-1-methylpyrazol-4-yl)methyl)-1,2,3-triazol-4-yl)-3-azabicyclo[3.1.0]hexane",,CC(CS(C)(=O)=O)C(=O)N1C[C@@H]2[C@H](C1)[C@H]2c1cn(Cc2cn(C)nc2Cl)nn1,
77673,CCN1CCC[C@H]1C(=O)N[C@@H](C)[C@@H]1C[C@H]1C(=O)N[C@H]1C[C@H](C(F)(F)F)C1,"1-((2S)-2-(((1-((1R,2R)-2-((((trans)-3-trifluoromethylcyclobutyl)amino)carbonyl)cyclopropyl)-ethyl)amino)carbonyl)pyrrolidino)-ethane",FC([C@@H]1C[C@H](C1)NC(=O)[C@H]1[C@@H](C1)C(C)NC(=O)[C@H]1N(CCC1)CC)(F)F,CCN1CCCC1C(=O)N[C@@H](C)[C@@H]1CC1C(=O)N[C@H]1C[C@H](C(F)(F)F)C1,CCN1CCCC1C(=O)NC(C)[C@@H]1CC1C(=O)N[C@H]1C[C@H](C(F)(F)F)C1
77707,CN(C)C(=O)C=CC(=O)N[C@]1(C)C[C@@H](NC(=O)[C@@H]2CC(=O)N(CC3CC3)C2)C1,"1-(((4R)-2-oxo-4-((((3R)-3-methyl-3-((2-(N,N-dimethylcarbamoyl)eth-1-en-1-ylcarbonyl)amino)cyclobutyl)amino)carbonyl)pyrrolidino)methyl)cyclopropan",,CN(C)C(=O)C=CC(=O)N[C@]1(C)C[C@@H](NC(=O)C2CC(=O)N(CC3CC3)C2)C1,
77708,O=C(CN1C[C@H]2C[C@H]2C1)N[C@]1(C(=O)NCC[C@]23CCC[C@H]2C3)C[C@H](O)C1,"(1R,5S)-1-(2-(((3S)-3-hydroxy-1-((((1S,5R)-3-azabicyclo[3.1.0]hexane-3-yl)methylcarbonyl)amino)cyclobutylcarbonyl)amino)ethyl)-bicyclo[3.1.0]hexane",,O=C(CN1C[C@H]2C[C@H]2C1)N[C@]1(C(=O)NCC[C@]23CCC[C@H]2C3)C[C@H](O)C1,
77778,CCn1cc(CC(=O)N2CCc3nc[nH]c3[C@]23CCN(C(=O)[C@@H]2C[C@@H]2F)C3)cn1,"(4'R)-1-((1S,2S)-2-fluorocyclopropylcarbonyl)-5'-((1-ethylpyrazol-4-yl)methylcarbonyl)-spiro[pyrrolidine-3,4'-4,5-dihydro-imidazo[4,5-c]pyridine]",F[C@@H]1[C@@H](C1)C(=O)N1C[C@]2(N(CC=C3C2=NC=N3)C(=O)CC=3C=NN(C3)CC)CC1,CCn1cc(CC(=O)N2CCc3[nH]cnc3[C@]23CCN(C(=O)C2C[C@@H]2F)C3)cn1,CCn1cc(CC(=O)N2CC=C3N=CN=C3[C@]23CCN(C(=O)C2C[C@@H]2F)C3)cn1
77793,CC1(C)CCC[C@@]1(CO)NC(=O)[C@H]1C[C@@H](NC(=O)[C@@H]2CC[C@H](C(N)=O)C2)C1,"1-((2R)-2-hydroxymethyl-1-methyl-2-(((1S,3S)-3-(((1R,3S)-3-carbamylcyclopentylcarbonyl)amino)cyclobutylcarbonyl)amino)cyclopentyl)-methane",,CC1(C)CCC[C@@]1(CO)NC(=O)C1CC(NC(=O)C2CCC(C(N)=O)C2)C1,
77794,COC(CCCC(=O)N[C@H]1[C@@H]2CN(C(=O)Cc3cn4c(n3)CCCC4)C[C@@H]21)OC,"8-(1-((1S,5R)-6-((4-methoxy-5-oxahexylcarbonyl)amino)-3-azabicyclo[3.1.0]hexane-3-ylcarbonyl)-methyl)-1,7-diazabicyclo[4.3.0]nona-6(7),8(9)-diene",COC(CCCC(=O)NC1[C@H]2CN(C[C@@H]12)C(=O)CC=1N=C2CCCCN2C1)OC,COC(CCCC(=O)N[C@H]1[C@@H]2CN(C(=O)Cc3cn4c(n3)CCCC4)C[C@@H]21)OC,COC(CCCC(=O)NC1[C@H]2CN(C(=O)Cc3cn4c(n3)CCCC4)C[C@@H]12)OC
77799,C[C@H]1C[C@](C)(C(=O)N2CC(O)(CCNC(=O)c3nn(C)cc3N)C2)C[C@@H](C)O1,"1-((4-amino-1-methylpyrazol-3-ylcarbonyl)amino)-2-(3-hydroxy-1-((2R,6S)-2,4,6-trimethyloxan-4-ylcarbonyl)azetidin-3-yl)-ethane",NC=1C(=NN(C1)C)C(=O)NCCC1(CN(C1)C(=O)C1(C[C@H](O[C@H](C1)C)C)C)O,C[C@@H]1C[C@@](C)(C(=O)N2CC(O)(CCNC(=O)c3nn(C)cc3N)C2)C[C@H](C)O1,C[C@@H]1CC(C)(C(=O)N2CC(O)(CCNC(=O)c3nn(C)cc3N)C2)C[C@H](C)O1
77855,CC1(C)[C@H](C(=O)NC[C@H]2CC[C@H](NC(=O)C[C@H]3C=CCC3)CC2)C1(F)F,"(1S,4R)-1-((((1R)-2,2-difluoro-3,3-dimethylcyclopropylcarbonyl)amino)methyl)-4-((((1S)-cyclopent-2-en-1-yl)methylcarbonyl)amino)cyclohexane",,CC1(C)C(C(=O)NC[C@H]2CC[C@H](NC(=O)C[C@H]3C=CCC3)CC2)C1(F)F,
77872,CCC(C)(C)[C@H](C)CC(=O)NC[C@H]1C[C@@H](NC(=O)C[C@H]2CN3CCC2CC3)C1,"(5R)-5,6,6-trimethyl-3-oxo-1-((1S,3S)-3-((((8R)-quinuclidin-8-yl)methylcarbonyl)amino)cyclobutyl)-2-azaoctane",,CCC(C)(C)[C@H](C)CC(=O)NC[C@H]1C[C@@H](NC(=O)C[C@H]2CN3CCC2CC3)C1,
77875,O=C(COc1ccsn1)N[C@@H](CCC1CC1)C(=O)N[C@@H]1C[C@H]2[C@@H](C1)C2(F)F,"(S)-3-((2,5-dioxo-4-(2-(cyclopropyl)ethyl)-6-((1S,5R)-6,6-difluorobicyclo[3.1.0]hexane-3-yl)-3,6-diazahexyl)oxy)isothiazol",O=C(COC1=NSC=C1)N[C@H](C(NC1C[C@@H]2C([C@@H]2C1)(F)F)=O)CCC1CC1,O=C(COc1ccsn1)NC(CCC1CC1)C(=O)N[C@H]1C[C@@H]2[C@H](C1)C2(F)F,O=C(COc1ccsn1)NC(CCC1CC1)C(=O)NC1C[C@@H]2[C@H](C1)C2(F)F
77881,CC1(C)[C@@H](CNC(=O)c2cnn3c2C(=O)NCC3)C[C@H]1NC(=O)c1cnn[nH]1,"3-(((((1S,3R)-2,2-dimethyl-3-((1H-1,2,3-triazol-5-ylcarbonyl)amino)cyclobutyl)methyl)amino)carbonyl)-4,5,6,7-tetrahydropyrazolo[1,5-a]pyrazin-4(5H)-one",,CC1(C)[C@@H](CNC(=O)c2cnn3c2C(=O)NCC3)C[C@H]1NC(=O)c1c[nH]nn1,
78026,Cc1cc(-c2cnccc2C(=O)Nc2cc(O)nc(Cl)n2)cc2c1NC(=O)CC2,"8-methyl-6-(4-(((2-chloro-4-hydroxypyrimidin-6-yl)amino)carbonyl)-3-pyridyl)-1,2,3,4-tetrahydroquinolin-2(1H)-one",,Cc1cc(-c2cnccc2C(=O)Nc2cc(=O)[nH]c(Cl)n2)cc2c1NC(=O)CC2,
78130,C[C@]1(F)CC[C@@H](C(=O)N2CC[C@H](NC(=O)[C@@H]3C[C@H]3c3cccc(F)c3F)C2)CC1,"1,2-difluoro-3-((1R,2R)-2-((((3S)-1-((4R)-4-fluoro-4-methylcyclohexylcarbonyl)pyrrolidin-3-yl)amino)carbonyl)cyclopropyl)benzene",,CC1(F)CCC(C(=O)N2CC[C@H](NC(=O)C3C[C@H]3c3cccc(F)c3F)C2)CC1,
78162,CNC1=CC=CC=C1C(=O)N[C@H]1C[C@@](C)(NC(=O)C(CC2CCCCC2)OC)C1,1-cyclohexyl-2-(((1-methyl-3-((2-methylaminobenzoyl)amino)cyclobutyl)amino)carbonyl)-3-oxabutane,C1(CCCCC1)CC(OC)C(=O)NC1(CC(C1)NC(C1=C(C=CC=C1)NC)=O)C,CNc1ccccc1C(=O)N[C@H]1C[C@@](C)(NC(=O)C(CC2CCCCC2)OC)C1,CNc1ccccc1C(=O)NC1CC(C)(NC(=O)C(CC2CCCCC2)OC)C1
78186,N=c1ncc(C(=O)NC[C@]2(F)C[C@H](NC(=O)[C@@H]3C[C@@H]3C(F)F)C2)c[nH]1,"2-imino-5-(((((1R)-1-fluoro-3-(((1R,2S)-2-difluoromethylcyclopropylcarbonyl)amino)cyclobutyl)methyl)amino)carbonyl)-1H-pyrimidin",,Nc1ncc(C(=O)NC[C@]2(F)C[C@H](NC(=O)C3C[C@@H]3C(F)F)C2)cn1,
78234,CCc1ncnc(N2CCC3(CCC3)[C@H](NC(=O)C3CC[C@H]4C[C@@H]4CC3)C2)c1F,"(1S,7S,S)-4-(((1'-(4-ethyl-5-fluoropyrimidin-6-yl)spiro[cyclobutane-1,4'-piperidin]-3'-yl)amino)carbonyl)-bicyclo[5.1.0]octane",,CCc1ncnc(N2CCC3(CCC3)[C@H](NC(=O)C3CC[C@H]4C[C@@H]4CC3)C2)c1F,
78274,CCn1cnc2c(NCCCSC)[nH]c(=N[C@H]3CCCC[C@@H]3C)nc21,"(1S,2S)-1-methyl-2-(N-(9-ethyl-6-((3-methylsulfanylpropyl)amino)purin-2-ylidene)amino)cyclohexane",,CCn1cnc2c(NCCCSC)nc(N[C@H]3CCCC[C@@H]3C)nc21,
78294,CNC(=O)NCCC(=O)N1CC[C@](C)(CC(=O)N2[C@H]3CC[C@@H]2C[C@H](CO)C3)C1,"(1S,3R,5R)-3-hydroxymethyl-8-(((3R)-3-methyl-1-(2-((((methyl)amino)carbonyl)amino)ethylcarbonyl)pyrrolidin-3-yl)methylcarbonyl)-8-azabicyclo[3.2.1]octane",,CNC(=O)NCCC(=O)N1CC[C@](C)(CC(=O)N2[C@@H]3CC[C@H]2C[C@@H](CO)C3)C1,
78337,O=C(N[C@@H]1CCCC[C@@H]1CN=c1[nH]nc(C2CC2)o1)c1cnc2cc[nH]c2c1,"2-cyclopropyl-5-((1-((1R,2R)-2-((pyrido[2,3-d]pyrrole-6-ylcarbonyl)amino)cyclohexyl)-methyl)imino)-1,3,4-oxadiazole",C1(CC1)C1OC(N=N1)=NC[C@@H]1[C@@H](CCCC1)NC(=O)C1=CC2=C(C=CN2)N=C1,O=C(N[C@@H]1CCCC[C@@H]1CNc1nnc(C2CC2)o1)c1cnc2cc[nH]c2c1,O=C(N[C@@H]1CCCC[C@@H]1CN=C1N=NC(C2CC2)O1)c1cnc2cc[nH]c2c1
78384,O=C(NC[C@@H]1CCCCN(C(=O)[C@]2(C(F)(F)F)C[C@@H](O)C2)C1)[C@H]1CC2(CC2)CO1,(6R)-6-(((((3S)-1-((3R)-3-hydroxy-1-trifluoromethylcyclobutylcarbonyl)azepan-3-yl)methyl)amino)carbonyl)-5-oxaspiro[2.4]heptane,,O=C(NC[C@@H]1CCCCN(C(=O)[C@]2(C(F)(F)F)C[C@@H](O)C2)C1)C1CC2(CC2)CO1,
78395,Cc1cnc(NCC2(N(C)C)CCC2)c(S(=O)(=O)N[C@@H]2[C@H]3CCCC[C@H]32)c1,"(1S,6R)-7-(5-methyl-2-(((1-(dimethylamino)cyclobutyl)methyl)amino)-3-pyridylsulfonamido)norcarane",CC=1C=C(C(=NC1)NCC1(CCC1)N(C)C)S(=O)(=O)NC1[C@@H]2CCCC[C@@H]21,Cc1cnc(NCC2(N(C)C)CCC2)c(S(=O)(=O)N[C@H]2[C@@H]3CCCC[C@@H]32)c1,Cc1cnc(NCC2(N(C)C)CCC2)c(S(=O)(=O)NC2[C@H]3CCCC[C@@H]23)c1
78446,C#C[C@@H](C[C@H]1CCCO1)NC(=O)CC[C@H]1C[C@@H](NC(=O)C2=NO[C@H]3COC[C@@H]23)C1,"(1R,5R,R)-4-((((1R,3S)-3-(3-oxo-5-(((2R)-oxolan-2-yl)methyl)-4-aza6-heptyn-1-yl)cyclobutyl)amino)carbonyl)-3-aza-2,7-dioxabicyclo[3.3.0]oct-3(4)-ene",,C#C[C@@H](C[C@H]1CCCO1)NC(=O)CC[C@H]1C[C@@H](NC(=O)C2=NO[C@H]3COC[C@@H]23)C1,
78475,CCOCCO[C@H](C)C(=O)N[C@H]1[C@@H]2CN(C(=O)c3cc(C4(O)COC4)on3)C[C@@H]21,"(1S,5R)-3-(5-(3-hydroxyoxetan-3-yl)isoxazol-3-ylcarbonyl)-6-(((1R)-1-methyl-2,5-dioxaheptylcarbonyl)amino)-3-azabicyclo[3.1.0]hexane",OC1(COC1)C1=CC(=NO1)C(=O)N1C[C@H]2C([C@H]2C1)NC(=O)[C@H](OCCOCC)C,CCOCCOC(C)C(=O)N[C@H]1[C@@H]2CN(C(=O)c3cc(C4(O)COC4)on3)C[C@@H]21,CCOCCOC(C)C(=O)NC1[C@H]2CN(C(=O)c3cc(C4(O)COC4)on3)C[C@@H]12
78525,CC(C)(C)[C@H]1[C@H](NC(=O)[C@]23CCC[C@]2(C(N)=O)C3)CCN1C(=O)C#CC1CC1,"(2S,3R)-1-cyclopropylethynylcarbonyl-2-t-butyl-3-(((1S,5S)-1-carbamylbicyclo[3.1.0]hexane-5-ylcarbonyl)amino)pyrrolidin",,CC(C)(C)[C@H]1[C@H](NC(=O)[C@]23CCC[C@]2(C(N)=O)C3)CCN1C(=O)C#CC1CC1,
78552,CC[C@H](C)[C@@H](CO)CNC(=O)C[C@@H](NC(=O)[C@]12CCC[C@H]1CCC2)C(C)C,"(5R)-1-((((7S,6R,1R)-6-hydroxymethyl-1-isopropyl-7-methyl-3-oxo-4-azanonyl)amino)carbonyl)-bicyclo[3.3.0]octane",,CC[C@H](C)[C@@H](CO)CNC(=O)C[C@@H](NC(=O)[C@]12CCC[C@H]1CCC2)C(C)C,
78554,C[C@H](c1ccncc1)n1cc([C@@H]2CCCCN2C(=O)[C@@]2(C#N)C[C@@H]3C[C@@H]3C2)nn1,"(1S,5R)-3-cyano-3-((2S)-2-(1-((1R)-1-(4-pyridyl)-ethyl)-1,2,3-triazol-4-yl)piperidinocarbonyl)-bicyclo[3.1.0]hexane",C(#N)C1(C[C@@H]2C[C@@H]2C1)C(=O)N1[C@@H](CCCC1)C=1N=NN(C1)[C@H](C)C1=CC=NC=C1,C[C@H](c1ccncc1)n1cc([C@@H]2CCCCN2C(=O)[C@]2(C#N)C[C@H]3C[C@H]3C2)nn1,C[C@H](c1ccncc1)n1cc([C@@H]2CCCCN2C(=O)C2(C#N)C[C@H]3C[C@H]3C2)nn1
78625,COCc1sccc1C(=O)NC12CC(CN=c3[nH]nc(C4CC4)s3)(C1)OC2(C)C,"2-cyclopropyl-5-((1-(3,3-dimethyl-4-((2-methoxymethyl-3-thienylcarbonyl)amino)-2-oxabicyclo[2.1.1]hexane-1-yl)-methyl)imino)-1,3,4-thiadiazole",C1(CC1)C1SC(N=N1)=NCC12OC(C(C1)(C2)NC(=O)C2=C(SC=C2)COC)(C)C,COCc1sccc1C(=O)NC12CC(CNc3nnc(C4CC4)s3)(C1)OC2(C)C,COCc1sccc1C(=O)NC12CC(CN=C3N=NC(C4CC4)S3)(C1)OC2(C)C
78650,CN(C(=O)CCOc1cc(F)ccc1F)C1CCN(C(=O)C#CC2(C)CC2)CC1,"1-methyl-1-(1-(1-(4-(N-(2-(2,5-difluorophenoxy)ethylcarbonyl)-N-methylamino)piperidinocarbonyl)-methyl)-methyl)cyclopropan",CC1(CC1)CCC(=O)N1CCC(CC1)N(C)C(=O)CCOC1=C(C=CC(=C1)F)F,CN(C(=O)CCOc1cc(F)ccc1F)C1CCN(C(=O)C#CC2(C)CC2)CC1,CN(C(=O)CCOc1cc(F)ccc1F)C1CCN(C(=O)CCC2(C)CC2)CC1
78682,CC(C(=O)N1CC2(CCCCN(C(=O)c3cccnc3N(C)C)C2)C1)=C1CC1,"1-((6-(2-(dimethylamino)-3-pyridylcarbonyl)-2,6-diazaspiro[3.6]decan-2-ylcarbonyl)methylmethylidene)cyclopropan",CN(C1=NC=CC=C1C(=O)N1CC2(CN(C2)C(=O)CC=C2CC2)CCCC1)C,CC(C(=O)N1CC2(CCCCN(C(=O)c3cccnc3N(C)C)C2)C1)=C1CC1,CN(C)c1ncccc1C(=O)N1CCCCC2(CN(C(=O)CC=C3CC3)C2)C1
78693,CCCN(CCNC(=O)[C@@H]1[C@H]2CNC(=O)[C@H]21)C(=O)c1cccc2c1CCCC2,"8-(N-(2-(((1S,5R,6R)-2-oxo-3-azabicyclo[3.1.0]hexane-6-ylcarbonyl)amino)ethyl)-N-propylcarbamoyl)tetralin",O=C1[C@@H]2[C@@H]([C@@H]2CN1)C(=O)NCCN(C(=O)C=1C=CC=C2CCCCC12)CCC,CCCN(CCNC(=O)C1C2C(=O)NC[C@H]12)C(=O)c1cccc2c1CCCC2,CCCN(CCNC(=O)C1C2C(=O)NC[C@@H]12)C(=O)c1cccc2c1CCCC2
78774,CCN=c1[nH]cc(C(=O)N[C@H]2[C@@H]3CN(C(=O)c4scnc4C)C[C@@H]32)s1,"(1S,5R)-3-(4-methylthiazol-5-ylcarbonyl)-6-((2-ethylimino-1-aza-3-thiacyclopent-4-ene-4-ylcarbonyl)amino)-3-azabicyclo[3.1.0]hexane",CC=1N=CSC1C(=O)N1C[C@H]2C([C@H]2C1)NC(=O)C=1SC(NC1)=NCC,CCNc1ncc(C(=O)N[C@H]2[C@@H]3CN(C(=O)c4scnc4C)C[C@@H]32)s1,CCNc1ncc(C(=O)NC2[C@H]3CN(C(=O)c4scnc4C)C[C@@H]23)s1
78784,CCOc1cc(C(=O)N[C@H]2[C@@H]3CN(Cc4cc(Cl)ccc4F)C[C@@H]32)[nH]n1,"(1S,5R)-3-(5-chloro-2-fluorobenzyl)-6-((3-ethoxy-1H-pyrazol-5-ylcarbonyl)amino)-3-azabicyclo[3.1.0]hexane",ClC=1C=CC(=C(CN2C[C@H]3C([C@H]3C2)NC(=O)C2=CC(=NN2)OCC)C1)F,CCOc1cc(C(=O)N[C@H]2[C@@H]3CN(Cc4cc(Cl)ccc4F)C[C@@H]32)[nH]n1,CCOc1cc(C(=O)NC2[C@H]3CN(Cc4cc(Cl)ccc4F)C[C@@H]23)[nH]n1
78788,Cc1ccc(F)c(CC(=O)N[C@H]2C[C@]3(CCCCN3C(=O)[C@@H]3C[C@@H]3F)C2)c1,"(2S)-2-((2-fluoro-5-methylphenylacetyl)amino)-5-((1S,2S)-2-fluorocyclopropylcarbonyl)-5-azaspiro[3.5]nonane",,Cc1ccc(F)c(CC(=O)N[C@H]2C[C@]3(CCCCN3C(=O)C3C[C@@H]3F)C2)c1,
78810,CC[C@H](C)NC(=O)[C@H]([C@@H]1CO[C@@H](C)C1)N1CCC[C@@](C)(C(F)(F)F)C1,"(S,S,R)-3-methyl-3-trifluoromethyl-1-(4-methyl-2-oxo-1-((2S,4R)-2-methyloxolan-4-yl)-3-azahexyl)piperidin",C[C@]1(CN(CCC1)[C@H](C(N[C@@H](CC)C)=O)[C@H]1C[C@@H](OC1)C)C(F)(F)F,CC[C@H](C)NC(=O)C([C@@H]1CO[C@@H](C)C1)N1CCC[C@@](C)(C(F)(F)F)C1,CC[C@@H](C)NC(=O)C([C@@H]1CO[C@@H](C)C1)N1CCC[C@](C)(C(F)(F)F)C1
78826,CCC1=NO[C@@H](CC(=O)N[C@]2(C)C[C@H](C(=O)NC3(CCF)CC3)C2)C1,1-(((1S)-3-methyl-3-((((4R)-2-ethyl-1-aza-5-oxacyclopent-1-ene-4-yl)methylcarbonyl)amino)cyclobutylcarbonyl)amino)-1-(2-fluoroethyl)cyclopropan,,CCC1=NO[C@@H](CC(=O)NC2(C)CC(C(=O)NC3(CCF)CC3)C2)C1,
78849,C=C1C[C@@H]1C(=O)N1[C@@H]2COC[C@H]1C[C@@H](NC(=O)[C@H]1CC13CCCC3)C2,"(1S)-1-((((1R,5S,7R)-9-((1S)-2-methylidenecyclopropylcarbonyl)-9-aza-3-oxabicyclo[3.3.1]nonan-7-yl)amino)carbonyl)-spiro[2.4]heptane",,C=C1CC1C(=O)N1[C@@H]2COC[C@H]1C[C@@H](NC(=O)C1CC13CCCC3)C2,
78854,Cc1nc(C)c(C(=O)NC[C@H]2C[C@@H]3CC[C@H](C2)N3C(=O)c2ccoc2)o1,"(1S,5R)-3-(((2,4-dimethyloxazol-5-ylcarbonyl)amino)methyl)-8-(3-furylcarbonyl)-8-azabicyclo[3.2.1]octane",CC=1OC(=C(N1)C)C(=O)NCC1C[C@@H]2CC[C@H](C1)N2C(=O)C2=COC=C2,Cc1nc(C)c(C(=O)NC[C@@H]2C[C@H]3CC[C@@H](C2)N3C(=O)c2ccoc2)o1,Cc1nc(C)c(C(=O)NCC2C[C@H]3CC[C@@H](C2)N3C(=O)c2ccoc2)o1
78867,C=C[C@](C)(O)CC(=O)N1C[C@H]2[C@H](NC(=O)c3[nH]nc([N+](=O)[O-])c3Cl)[C@H]2C1,"(1S,5R,6S)-3-((2R)-2-hydroxy-2-methyl-3-buten-1-ylcarbonyl)-6-((4-chloro-3-nitro-1H-pyrazol-5-ylcarbonyl)amino)-3-azabicyclo[3.1.0]hexane",,C=C[C@](C)(O)CC(=O)N1C[C@@H]2[C@H](C1)[C@H]2NC(=O)c1[nH]nc([N+](=O)[O-])c1Cl,
78937,CC[C@H](CCC(=O)NC[C@@]1(C)CCCN1C(=O)[C@H]1C[C@H]2CC[C@H]1C[C@@H]2OC)OC,"(8S,4S,3S,1R)-8-methoxy-3-((2R)-2-methyl-2-((((3R)-3-methoxy-pentylcarbonyl)amino)methyl)pyrrolidinocarbonyl)-bicyclo[2.2.2]octane",CO[C@H]1C[C@H]2C[C@@H]([C@@H]1CC2)C(=O)N2[C@](CCC2)(CNC(=O)CC[C@@H](CC)OC)C,CC[C@H](CCC(=O)NC[C@@]1(C)CCCN1C(=O)C1C[C@H]2CC[C@H]1C[C@@H]2OC)OC,CC[C@H](CCC(=O)NC[C@@]1(C)CCCN1C(=O)C1C[C@H]2CC[C@@H]1[C@@H](OC)C2)OC
78941,CCCC[C@H](O)[C@H](C)C(=O)NC[C@H]1[C@@H]2CN(C(=O)[C@H]3CC(C)(C)CO3)C[C@H]12,"(1S,5R,6R)-3-((5R)-3,3-dimethyloxolan-5-ylcarbonyl)-6-((((2S,3S)-3-hydroxy-heptan-2-ylcarbonyl)amino)methyl)-3-azabicyclo[3.1.0]hexane",,CCCC[C@H](O)C(C)C(=O)NC[C@@H]1[C@H]2CN(C(=O)C3CC(C)(C)CO3)C[C@@H]12,
78984,C[C@H]1CN(C(=O)C#CC2CCC2)C[C@H]1CNC(=O)C=Cc1ccc(F)cc1,"3-oxo-1-((3R,4R)-1-cyclobutylethynylcarbonyl-3-methylpyrrolidin-4-yl)-5-(4-fluorophenyl)-2-aza-4-penten",,C[C@H]1CN(C(=O)C#CC2CCC2)C[C@H]1CNC(=O)C=Cc1ccc(F)cc1,
79018,CC(C)C[C@H](ONC(=O)C1C[C@@H]2CCC[C@H]2C1)C(=O)N1CC[C@@H](CCCO)C1,"(1S,5S,S)-3-((((3-methyl-1-((3R)-3-(3-hydroxypropyl)pyrrolidinocarbonyl)-butyl)oxy)amino)carbonyl)-bicyclo[3.3.0]octane",,CC(C)CC(ONC(=O)C1C[C@@H]2CCC[C@H]2C1)C(=O)N1CC[C@@H](CCCO)C1,
79034,CCn1nnc(C(=O)N[C@H]2C[C@@H]3CC[C@H](C2)N3C(=O)c2csc(C#N)c2)c1C,"(1S,5R)-3-((1-ethyl-5-methyl-1,2,3-triazol-4-ylcarbonyl)amino)-8-(2-cyano-4-thienylcarbonyl)-8-azabicyclo[3.2.1]octane",C(C)N1N=NC(=C1C)C(=O)NC1C[C@@H]2CC[C@H](C1)N2C(=O)C=2C=C(SC2)C#N,CCn1nnc(C(=O)N[C@@H]2C[C@H]3CC[C@@H](C2)N3C(=O)c2csc(C#N)c2)c1C,CCn1nnc(C(=O)NC2C[C@H]3CC[C@@H](C2)N3C(=O)c2csc(C#N)c2)c1C
79119,CCC[C@@H](NC(=O)[C@H](C#N)C(C)(C)C)C(=O)N[C@]1(C)C[C@H](N(C)C)C1,"(3S,6R)-3-cyano-2,2-dimethyl-4-oxo-6-((((3S)-1-methyl-3-(dimethylamino)cyclobutyl)amino)carbonyl)-5-azanonane",,CCCC(NC(=O)C(C#N)C(C)(C)C)C(=O)N[C@]1(C)C[C@H](N(C)C)C1,
79166,C[C@@H](CNC(=O)[C@H]1C[C@@](F)(CO)C1)CN(C)C(=O)[C@H]1Cc2ccccc2S1(=O)=O,"(8R,S)-7,7-dioxo-8-(N-(2-((((3S)-3-fluoro-3-hydroxymethylcyclobutylcarbonyl)amino)methyl)-propyl)-N-methylcarbamoyl)-7-thiabicyclo[4.3.0]nona-1(2),3(4),5(6)-triene",,C[C@@H](CNC(=O)C1CC(F)(CO)C1)CN(C)C(=O)C1Cc2ccccc2S1(=O)=O,
79177,C[C@H]1CN(C(=O)COCCCF)C[C@@H](C)[C@@H]1NC(=O)c1cnccn1,"(3S,5R)-3,5-dimethyl-1-((1-(2-fluoroethyl)-methyl)oxymethylcarbonyl)-4-((pyrazin-2-carbonyl)amino)piperidin",C[C@H]1CN(C[C@H](C1NC(=O)C1=NC=CN=C1)C)C(=O)COCCCF,C[C@@H]1CN(C(=O)COCCCF)C[C@H](C)[C@H]1NC(=O)c1cnccn1,C[C@@H]1CN(C(=O)COCCCF)C[C@H](C)C1NC(=O)c1cnccn1
79216,CCCc1n[nH]cc1C(=O)N[C@@H](C)[C@H]1CCN(C(=O)C#CC2CCC2)C1,(3S)-1-cyclobutylethynylcarbonyl-3-((1S)-1-((3-propyl-1H-pyrazol-4-ylcarbonyl)amino)-ethyl)pyrrolidin,,CCCc1[nH]ncc1C(=O)N[C@@H](C)[C@H]1CCN(C(=O)C#CC2CCC2)C1,
79240,FC(F)(F)[C@@H]1[C@@H](N[C@@H]2CC[C@@H]3COCC[C@H]3C2)[C@@H]1C(F)(F)F,"(1S,6R,8R)-8-(((2R,3S)-2,3-bis(trifluoromethyl)cyclopropyl)amino)-3-oxabicyclo[4.4.0]decane",FC([C@H]1C([C@H]1C(F)(F)F)N[C@H]1C[C@@H]2CCOC[C@H]2CC1)(F)F,FC(F)(F)[C@@H]1[C@@H](N[C@@H]2CC[C@@H]3COCC[C@H]3C2)[C@@H]1C(F)(F)F,FC(F)(F)[C@@H]1C(N[C@@H]2CC[C@@H]3COCC[C@H]3C2)[C@@H]1C(F)(F)F
79263,Cc1cc(N2C[C@H]3[C@H](NC(=O)[C@H]4CCCc5nc[nH]c54)[C@H]3C2)nc(CC2CC2)n1,"(1S,5R)-3-(2-cyclopropylmethyl-4-methylpyrimidin-6-yl)-6-(((2S)-7,9-diazabicyclo[4.3.0]nona-1(6),7(8)-dien-2-ylcarbonyl)amino)-3-azabicyclo[3.1.0]hexane",C1(CC1)CC1=NC(=CC(=N1)C)N1C[C@H]2C([C@H]2C1)NC(=O)[C@@H]1C=2NC=NC2CCC1,Cc1cc(N2C[C@@H]3[C@H](C2)[C@H]3NC(=O)C2CCCc3[nH]cnc32)nc(CC2CC2)n1,Cc1cc(N2C[C@@H]3C(NC(=O)C4CCCc5[nH]cnc54)[C@@H]3C2)nc(CC2CC2)n1
79284,O=C(N[C@@H]1C[C@@H]2CC[C@H](C1)N2C(=O)CC1CCCCCC1)[C@@H](O)CC(F)F,"(3S)-1,1-difluoro-3-((((1R,5S)-8-cycloheptylmethylcarbonyl-8-azabicyclo[3.2.1]octan-3-yl)amino)carbonyl)-3-propanol",FC(C[C@H](O)C(=O)NC1C[C@H]2CC[C@@H](C1)N2C(=O)CC2CCCCCC2)F,O=C(N[C@H]1C[C@H]2CC[C@@H](C1)N2C(=O)CC1CCCCCC1)C(O)CC(F)F,O=C(NC1C[C@H]2CC[C@@H](C1)N2C(=O)CC1CCCCCC1)C(O)CC(F)F
79533,C[C@]1(Br)C[C@H]1C(=O)N1CCCC[C@H](CNC(=O)c2ccc3c(c2)CCC(=O)N3)C1,"6-(((((3R)-1-((1S,2S)-2-bromo-2-methylcyclopropylcarbonyl)azepan-3-yl)methyl)amino)carbonyl)-1,2,3,4-tetrahydroquinolin-2(1H)-one",,C[C@]1(Br)CC1C(=O)N1CCCC[C@H](CNC(=O)c2ccc3c(c2)CCC(=O)N3)C1,
79552,CN(CCCC(=O)NC[C@@H]1Cc2ccccc21)C(=O)c1cccc2cc[nH]c12,"3-oxo-1-((2R)-benzocyclobutene-2-yl)-7-(indol-7-ylcarbonyl)-2,7-diazaoctane",,CN(CCCC(=O)NC[C@@H]1Cc2ccccc21)C(=O)c1cccc2cc[nH]c12,
79559,C#C[C@]1(O)C[C@@H](C(=O)N2CC[C@H](CCC(=O)NCCN(C)[C@H](C)CC)C2)C1,"(3S)-1-((3R)-3-acetenyl-3-hydroxycyclobutylcarbonyl)-3-((8R)-7,8-dimethyl-3-oxo-4,7-diazadecyl)pyrrolidin",,C#CC1(O)CC(C(=O)N2CC[C@H](CCC(=O)NCCN(C)[C@H](C)CC)C2)C1,
79593,CCC1(C(=O)NCC(C)(C)OCC(=O)NC[C@H]2C[C@@H]3CCC[C@@H]3C2)CCC1,"2,2-dimethyl-5-oxo-1-((1-ethylcyclobutylcarbonyl)amino)-7-((1R,5S)-bicyclo[3.3.0]octan-3-yl)-6-aza-3-oxaheptane",CC(CNC(=O)C1(CCC1)CC)(OCC(NCC1C[C@H]2CCC[C@H]2C1)=O)C,CCC1(C(=O)NCC(C)(C)OCC(=O)NC[C@@H]2C[C@H]3CCC[C@H]3C2)CCC1,CCC1(C(=O)NCC(C)(C)OCC(=O)NCC2C[C@H]3CCC[C@H]3C2)CCC1
79597,C[C@H]1CCC(=CC(=O)N[C@H]2C[C@](C)(NC(=O)C=CSc3nc[nH]n3)C2)C1,"(1S)-1-methyl-3-((((3S)-3-methyl-3-((3-(1H-1,2,4-triazol-3-yl)-3-thiapropen-1-ylcarbonyl)amino)cyclobutyl)amino)carbonylmethylidene)cyclopentane",,C[C@H]1CCC(=CC(=O)N[C@H]2C[C@](C)(NC(=O)C=CSc3nc[nH]n3)C2)C1,
79608,C=CCCCC(C)(C)C(=O)N1C[C@H]2CC[C@H]1C[C@H]2NC(=O)Cc1ccc(C)nc1,"2-methyl-2-((1S,4R,7R)-7-(((2-methyl-5-pyridyl)methylcarbonyl)amino)-2-azabicyclo[2.2.2]octane-2-ylcarbonyl)-6-hepten",CC(C)(CCCC=C)C(=O)N1[C@H]2CC[C@@H](C1)C[C@H]2NC(=O)CC=2C=CC(=NC2)C,C=CCCCC(C)(C)C(=O)N1C[C@H]2CC[C@H]1C[C@H]2NC(=O)Cc1ccc(C)nc1,C=CCCCC(C)(C)C(=O)N1C[C@@H]2CC[C@H]1[C@H](NC(=O)Cc1ccc(C)nc1)C2
79695,CSC1(C(=O)N2[C@H]3CC[C@@H]2C[C@H](NC(=O)[C@H]2CC[C@@H](NC(C)=O)CC2)C3)CC1,"(1S,5R)-3-(((cis)-4-acetamidocyclohexylcarbonyl)amino)-8-(1-methylsulfanylcyclopropylcarbonyl)-8-azabicyclo[3.2.1]octane",C(C)(=O)N[C@H]1CC[C@H](CC1)C(=O)NC1C[C@@H]2CC[C@H](C1)N2C(=O)C2(CC2)SC,CSC1(C(=O)N2[C@@H]3CC[C@H]2C[C@@H](NC(=O)C2CCC(NC(C)=O)CC2)C3)CC1,CSC1(C(=O)N2[C@@H]3CC[C@H]2CC(NC(=O)C2CCC(NC(C)=O)CC2)C3)CC1
79789,CCCOc1cccc(C(=O)N2CC(O)(CN=c3[nH]nc(C(N)=O)s3)C2)c1,"2-carbamyl-5-((1-(3-hydroxy-1-(3-propoxybenzoyl)azetidin-3-yl)-methyl)imino)-1,3,4-thiadiazole",C(N)(=O)C1SC(N=N1)=NCC1(CN(C1)C(C1=CC(=CC=C1)OCCC)=O)O,CCCOc1cccc(C(=O)N2CC(O)(CNc3nnc(C(N)=O)s3)C2)c1,CCCOc1cccc(C(=O)N2CC(O)(CN=c3[nH]nc(C(N)=O)s3)C2)c1
79806,COCC1(CNC(=O)N[C@H]2CC[C@@H](N=[N+]=[N-])CC2)CCOCC1,1-azido-4-(((((4-methoxymethyloxan-4-yl)methyl)amino)carbonyl)amino)cyclohexane,N(=[N+]=[N-])C1CCC(CC1)NC(=O)NCC1(CCOCC1)COC,COCC1(CNC(=O)N[C@H]2CC[C@@H](N=[N+]=[N-])CC2)CCOCC1,COCC1(CNC(=O)NC2CCC(N=[N+]=[N-])CC2)CCOCC1
79852,C=C[C@@H](CC)CC(=O)NCc1cccc(CN=c2[nH]nc(C(C)C)o2)c1,"2-isopropyl-5-((1-(3-((((2S)-2-(ethen-1-yl)-butylcarbonyl)amino)methyl)phenyl)-methyl)imino)-1,3,4-oxadiazole",C(C)(C)C1OC(N=N1)=NCC1=CC(=CC=C1)CNC(=O)C[C@H](CC)C=C,C=C[C@@H](CC)CC(=O)NCc1cccc(CNc2nnc(C(C)C)o2)c1,C=C[C@@H](CC)CC(=O)NCc1cccc(CN=C2N=NC(C(C)C)O2)c1
79885,CCc1c[nH]c(C)cc1=NC(=O)/C=C1/C[C@@H]2[C@H]1CCN2C(=O)OC(C)(C)C,"(Z)-5-ethyl-2-methyl-4-((((1R,5S)-2-boc-2-azabicyclo[3.2.0]heptan-6-ylidene)methylcarbonyl)imino)-1H-pyridin",C(C)C=1\C(\C=C(NC1)C)=N/C(=O)C=C1[C@@H]2CCN([C@@H]2C1)C(=O)OC(C)(C)C,CCc1cnc(C)cc1NC(=O)/C=C1/C[C@@H]2[C@H]1CCN2C(=O)OC(C)(C)C,CCc1cnc(C)cc1NC(=O)C=C1C[C@@H]2[C@H]1CCN2C(=O)OC(C)(C)C
79934,C#Cc1cnc(C(=O)N(C)CCCNC(=O)[C@@H]2[C@@H]3C[C@H]3[C@H]3C[C@H]32)c(C)c1,"5-acetenyl-3-methyl-2-(N-(3-(((1R,2R,3R,5R,6S)-tricyclo[4.1.0.0^3,5]heptan-2-ylcarbonyl)amino)propyl)-N-methylcarbamoyl)pyridin",,C#Cc1cnc(C(=O)N(C)CCCNC(=O)C2[C@@H]3C[C@@H]3[C@@H]3C[C@@H]23)c(C)c1,
79974,O=C([C@@H](F)C(F)(F)C(F)(F)F)N1CCc2nc[nH]c2[C@]12CCNC2,"(4'R)-5'-((1R)-1-fluoro-1-(1,1,2,2,2-pentafluoro-ethyl)-methylcarbonyl)-spiro[pyrrolidine-3,4'-4,5-dihydro-imidazo[4,5-c]pyridine]",F[C@H](C(=O)N1[C@@]2(C=3C(=CC1)N=CN3)CNCC2)C(C(F)(F)F)(F)F,O=C(C(F)C(F)(F)C(F)(F)F)N1CCc2[nH]cnc2[C@]12CCNC2,O=C(C(F)C(F)(F)C(F)(F)F)N1CC=C2N=CN=C2[C@]12CCNC2
80009,C[C@H]1OCCN(C(=O)OC(C)(C)C)[C@@H]1C(=O)NNc1ccc(F)cc1F,"(R,S)-4-boc-2-methyl-N-((2,4-difluorophenyl)amino)-morpholin-3-carboxamide",C(=O)(OC(C)(C)C)N1[C@H]([C@@H](OCC1)C)C(=O)NNC1=C(C=C(C=C1)F)F,C[C@H]1OCCN(C(=O)OC(C)(C)C)C1C(=O)NNc1ccc(F)cc1F,C[C@@H]1OCCN(C(=O)OC(C)(C)C)C1C(=O)NNc1ccc(F)cc1F
80016,C[C@]1(NC(=O)c2cnn[nH]2)C[C@@H](C(=O)N2CC[C@H]3C[C@@H]32)C1,"4-((((1R)-1-methyl-3-((1S,5S)-2-azabicyclo[3.1.0]hexane-2-ylcarbonyl)cyclobutyl)amino)carbonyl)-3H-1,2,3-triazol",,CC1(NC(=O)c2c[nH]nn2)CC(C(=O)N2CC[C@H]3C[C@@H]32)C1,
80035,CC=CC(=O)N[C@H]1C[C@H](NC(=O)c2cc(I)ccc2O)C1,1-((2-hydroxy-5-iodobenzoyl)amino)-3-((propen-1-ylcarbonyl)amino)cyclobutane,OC1=C(C(=O)NC2CC(C2)NC(=O)C=CC)C=C(C=C1)I,CC=CC(=O)N[C@H]1C[C@H](NC(=O)c2cc(I)ccc2O)C1,CC=CC(=O)NC1CC(NC(=O)c2cc(I)ccc2O)C1
80072,Cc1nc(CC2CC2)oc1C(=O)N1CC[C@H]2[C@@H](CC1)[C@@H]2NC(=O)C=C1CCC1,"(1S,7R)-8-cyclobutylidenemethylcarbonylamino-4-(2-cyclopropylmethyl-4-methyloxazol-5-ylcarbonyl)-4-azabicyclo[5.1.0]octane",C1(CCC1)=CC(=O)NC1[C@@H]2CCN(CC[C@H]12)C(=O)C1=C(N=C(O1)CC1CC1)C,Cc1nc(CC2CC2)oc1C(=O)N1CC[C@@H]2[C@H](CC1)[C@H]2NC(=O)C=C1CCC1,Cc1nc(CC2CC2)oc1C(=O)N1CC[C@@H]2C(NC(=O)C=C3CCC3)[C@@H]2CC1
80126,CC[C@@H](OC)C(=O)NC[C@H]1C[C@@H]2CC[C@H](C1)N2C(=O)c1cccc(CSC)c1,"(1S,5R)-3-((((1R)-1-methoxy-propylcarbonyl)amino)methyl)-8-(3-(2-thiapropyl)benzoyl)-8-azabicyclo[3.2.1]octane",CO[C@H](CC)C(=O)NCC1C[C@@H]2CC[C@H](C1)N2C(C2=CC(=CC=C2)CSC)=O,CCC(OC)C(=O)NC[C@@H]1C[C@H]2CC[C@@H](C1)N2C(=O)c1cccc(CSC)c1,CCC(OC)C(=O)NCC1C[C@H]2CC[C@@H](C1)N2C(=O)c1cccc(CSC)c1
80212,COC(=O)C1(C)CC(C(=O)N2C[C@H]3[C@H](NC(=O)C4(C(C)C)CCC4)[C@H]3C2)C1,"(1S,5R)-3-(3-methoxycarbonyl-3-methylcyclobutylcarbonyl)-6-((1-isopropylcyclobutylcarbonyl)amino)-3-azabicyclo[3.1.0]hexane",COC(=O)C1(CC(C1)C(=O)N1C[C@H]2C([C@H]2C1)NC(=O)C1(CCC1)C(C)C)C,COC(=O)C1(C)CC(C(=O)N2C[C@@H]3[C@H](C2)[C@H]3NC(=O)C2(C(C)C)CCC2)C1,COC(=O)C1(C)CC(C(=O)N2C[C@@H]3C(NC(=O)C4(C(C)C)CCC4)[C@@H]3C2)C1
80274,COC1=CC=CC(CC(=O)N[C@H]2C[C@H]3CC[C@@H](C2)N3C(=O)C(C)C2CCC2)=C1F,"1-cyclobutyl-1-((1R,5S)-3-((2-fluoro-3-methoxyphenylacetyl)amino)-8-azabicyclo[3.2.1]octan-8-ylcarbonyl)-ethane",C1(CCC1)C(C)C(=O)N1[C@H]2CC(C[C@@H]1CC2)NC(CC2=C(C(=CC=C2)OC)F)=O,COc1cccc(CC(=O)N[C@H]2C[C@H]3CC[C@@H](C2)N3C(=O)C(C)C2CCC2)c1F,COc1cccc(CC(=O)NC2C[C@H]3CC[C@@H](C2)N3C(=O)C(C)C2CCC2)c1F
80398,C[C@]1(NC(=O)c2cccc3nsnc23)C[C@@H](NC(=O)C2=C[C@@H]3CCCCC[C@@H]23)C1,"7-((((1S)-1-methyl-3-(((1S,7R)-bicyclo[5.2.0]non-8(9)-en-8-ylcarbonyl)amino)cyclobutyl)amino)carbonyl)piazthiol",,C[C@]1(NC(=O)c2cccc3nsnc23)C[C@@H](NC(=O)C2=C[C@@H]3CCCCC[C@@H]23)C1,
80405,C#C[C@]1(O)C[C@@H](C(=O)N[C@@H](CC)CCCC(=O)NCC2(O)CSC2)C1,(7S)-3-oxo-1-(3-hydroxythietan-3-yl)-7-(((3R)-3-acetenyl-3-hydroxycyclobutylcarbonyl)amino)-2-azanonane,,C#CC1(O)CC(C(=O)N[C@@H](CC)CCCC(=O)NCC2(O)CSC2)C1,
80449,Cn1c(C(=O)N2[C@H]3CC[C@@H]2C[C@H](NC(=O)C2CCC=CCC2)C3)cnc1Cl,"(1S,5R)-3-((cyclohept-4-en-1-ylcarbonyl)amino)-8-(2-chloro-1-methylimidazol-5-ylcarbonyl)-8-azabicyclo[3.2.1]octane",C1(CCC=CCC1)C(=O)NC1C[C@@H]2CC[C@H](C1)N2C(=O)C2=CN=C(N2C)Cl,Cn1c(C(=O)N2[C@@H]3CC[C@H]2C[C@@H](NC(=O)C2CCC=CCC2)C3)cnc1Cl,Cn1c(C(=O)N2[C@@H]3CC[C@H]2CC(NC(=O)C2CCC=CCC2)C3)cnc1Cl
80474,CO[C@@H](C)CCC(=O)N[C@H]1C[C@@H](CNC(=O)CC[C@H]2CCc3ccccc3C2)C1,"3-oxo-1-((1R,3S)-3-(((3S)-3-methyl-4-oxapentylcarbonyl)amino)cyclobutyl)-5-((3R)-tetralin-3-yl)-2-azapentane",,CO[C@@H](C)CCC(=O)N[C@H]1C[C@@H](CNC(=O)CC[C@H]2CCc3ccccc3C2)C1,
80729,CCOc1ccc(F)c(C(=O)NC[C@]2(F)C[C@H](NC(=O)c3ccns3)C2)c1F,"1-(2,4-difluoro-3-((((1-fluoro-3-((isothiazol-5-carbonyl)amino)cyclobutyl)methyl)amino)carbonyl)phenoxy)-ethane",FC1=C(OCC)C=CC(=C1C(=O)NCC1(CC(C1)NC(=O)C1=CC=NS1)F)F,CCOc1ccc(F)c(C(=O)NC[C@]2(F)C[C@H](NC(=O)c3ccns3)C2)c1F,CCOc1ccc(F)c(C(=O)NCC2(F)CC(NC(=O)c3ccns3)C2)c1F
80731,Cc1nnc([C@H](C)N(C)[C@H](C)CNC(=O)C[C@@H]2CCCC2(F)F)o1,"(R,S)-2-methyl-5-(1,2,3-trimethyl-6-oxo-7-((1S)-2,2-difluorocyclopentyl)-2,5-diazaheptyl)-1,3,4-oxadiazole",CC=1OC(=NN1)[C@H](N([C@H](CNC(C[C@H]1C(CCC1)(F)F)=O)C)C)C,Cc1nnc([C@H](C)N(C)[C@H](C)CNC(=O)C[C@@H]2CCCC2(F)F)o1,Cc1nnc([C@@H](C)N(C)[C@@H](C)CNC(=O)C[C@@H]2CCCC2(F)F)o1
80792,C[C@H](CNC(=O)C1(C)CC1)N(C)C(=O)C12CC(C)(C1)OC21CCC1,,,C[C@H](CNC(=O)C1(C)CC1)N(C)C(=O)C12CC(C)(C1)OC21CCC1,
80803,C[C@]1(NC(=O)[C@H]2CCCN2C2CC2)C[C@H](NC(=O)c2sccc2OC(F)F)C1,3-difluoromethoxy-2-((((1R)-3-methyl-3-(((2R)-1-cyclopropylpyrrolidin-2-ylcarbonyl)amino)cyclobutyl)amino)carbonyl)thiofuran,,C[C@]1(NC(=O)C2CCCN2C2CC2)C[C@H](NC(=O)c2sccc2OC(F)F)C1,
80861,CC(C)[C@H]1CC[C@H](C(=O)N[C@H]2C[C@@H]3CN(C(=O)[C@H](C)S(N)(=O)=O)C[C@@H]3C2)CC1,"(1S,5R,7R)-3-((1S)-1-methyl-2,2-dioxo-3-aza-2-thiapropylcarbonyl)-7-(((trans)-4-isopropylcyclohexylcarbonyl)amino)-3-azabicyclo[3.3.0]octane",,CC(C)C1CCC(C(=O)N[C@H]2C[C@@H]3CN(C(=O)C(C)S(N)(=O)=O)C[C@@H]3C2)CC1,
80903,CC[C@H](CC(F)F)C(=O)N1CCC[C@@H]1CN=c1[nH]nc(O)s1,"2-hydroxy-5-((1-((2R)-1-((3R)-1,1-difluoro-pentan-3-ylcarbonyl)pyrrolidin-2-yl)-methyl)imino)-1,3,4-thiadiazole",OC1SC(N=N1)=NC[C@@H]1N(CCC1)C(=O)[C@@H](CC(F)F)CC,CCC(CC(F)F)C(=O)N1CCC[C@@H]1CNc1n[nH]c(=O)s1,CCC(CC(F)F)C(=O)N1CCC[C@@H]1CN=C1N=NC(O)S1
80934,CC[C@H](CNC(=O)[C@H](OCC(C)C)C(C)C)NC(=O)[C@H]1C[C@@]2(CC2(F)F)C1,"(5R,9R)-5-isopropyl-2-methyl-6-oxo-9-(((3R)-2,2-difluorospiro[2.3]hexane-5-ylcarbonyl)amino)-7-aza-4-oxaundecane",,CC[C@H](CNC(=O)C(OCC(C)C)C(C)C)NC(=O)C1CC2(C1)CC2(F)F,
81007,CC1=CC[C@@H](C(=O)NC[C@@H]2C[C@H]3CC[C@H]2N(C(=O)C2COC2)C3)CC1,"1-((4S)-4-(((((1R,4R,8S)-2-(oxetan-3-ylcarbonyl)-2-azabicyclo[2.2.2]octane-8-yl)methyl)amino)carbonyl)cyclohex-1-en-1-yl)-methane",O1CC(C1)C(=O)N1[C@@H]2CC[C@@H](C1)[C@H](C2)CNC(=O)[C@@H]2CC=C(CC2)C,CC1=CCC(C(=O)NC[C@@H]2C[C@H]3CC[C@H]2N(C(=O)C2COC2)C3)CC1,CC1=CCC(C(=O)NC[C@H]2C[C@H]3CC[C@H]2CN3C(=O)C2COC2)CC1
81071,CC(C)Sc1ncccc1C(=O)N[C@H]1C[C@@H]2CN(C(=O)CC(F)(F)F)C[C@@H]2C1,"2-isopropylsulfanyl-3-((((1R,5S)-3-(2,2,2-trifluoroethylcarbonyl)-3-azabicyclo[3.3.0]octan-7-yl)amino)carbonyl)pyridin",C(C)(C)SC1=NC=CC=C1C(=O)NC1C[C@@H]2CN(C[C@@H]2C1)C(=O)CC(F)(F)F,CC(C)Sc1ncccc1C(=O)N[C@H]1C[C@@H]2CN(C(=O)CC(F)(F)F)C[C@@H]2C1,CC(C)Sc1ncccc1C(=O)NC1C[C@@H]2CN(C(=O)CC(F)(F)F)C[C@@H]2C1
81122,C[C@@H](N=c1[nH]c(=NC[C@@H]2C[C@@H]3CC[C@@H]3C2)[nH]c2c1CCCCC2)c1cnn[nH]1,"11-(((1R)-1-(1H-1,2,3-triazol-5-yl)-ethyl)imino)-9-((1-((1R,5S)-bicyclo[3.2.0]heptan-3-yl)-methyl)imino)-8,10-diazabicyclo[5.4.0]undec-1(7)-ene",N1N=NC=C1[C@@H](C)N=C1NC(NC=2CCCCCC12)=NCC1C[C@H]2CC[C@H]2C1,C[C@@H](Nc1nc(NC[C@H]2C[C@H]3CC[C@H]3C2)nc2c1CCCCC2)c1c[nH]nn1,C[C@@H](Nc1nc(NCC2C[C@H]3CC[C@H]3C2)nc2c1CCCCC2)c1c[nH]nn1
81150,O=C(c1ccc(Br)cc1)N1C[C@@H]2CC[C@H](C1)[C@@H]2NCc1ccc(O)cc1O,"1-(((1R,5S)-3-(4-bromobenzoyl)-3-azabicyclo[3.2.1]octan-8-yl)amino)-1-(2,4-dihydroxyphenyl)-methane",BrC1=CC=C(C(=O)N2C[C@H]3CC[C@@H](C2)C3NCC3=C(C=C(C=C3)O)O)C=C1,O=C(c1ccc(Br)cc1)N1C[C@H]2CC[C@@H](C1)[C@H]2NCc1ccc(O)cc1O,O=C(c1ccc(Br)cc1)N1C[C@H]2CC[C@@H](C1)C2NCc1ccc(O)cc1O
81190,CCN1CCN(c2ccnc(N[C@@H]3[C@H]4CCCCC[C@H]43)n2)C[C@H]1c1nccn1C,"(1S,7R)-8-(N-(4-((3S)-4-ethyl-3-(1-methylimidazol-2-yl)piperazino)pyrimidin-2-yl)amino)-bicyclo[5.1.0]octane",C(C)N1[C@@H](CN(CC1)C1=NC(=NC=C1)NC1[C@@H]2CCCCC[C@H]12)C=1N(C=CN1)C,CCN1CCN(c2ccnc(N[C@H]3[C@@H]4CCCCC[C@@H]43)n2)C[C@H]1c1nccn1C,CCN1CCN(c2ccnc(NC3[C@H]4CCCCC[C@@H]34)n2)C[C@H]1c1nccn1C
81253,N=c1[nH]c(CCC(=O)NCC[C@@H]2CN(C(=O)[C@H]3C[C@@](F)(CO)C3)CCCO2)cs1,(1R)-1-fluoro-1-hydroxymethyl-3-((3R)-3-(2-((2-(2-iminothiazol-4-yl)ethylcarbonyl)amino)ethyl)-1-aza-4-oxacycloheptan-1-ylcarbonyl)cyclobutane,,Nc1nc(CCC(=O)NCC[C@@H]2CN(C(=O)C3CC(F)(CO)C3)CCCO2)cs1,
81283,C[C@H](NC(=O)c1nnsc1-c1ccccc1)[C@@H]1CCCN1C(=O)[C@H]1C[C@@](C)(O)C1,"(S)-(4-(((1-((2S)-1-((3R)-3-hydroxy-3-methylcyclobutylcarbonyl)pyrrolidin-2-yl)-ethyl)amino)carbonyl)-1,2,3-thiadiazol-5-yl)benzene",,C[C@H](NC(=O)c1nnsc1-c1ccccc1)[C@@H]1CCCN1C(=O)C1CC(C)(O)C1,
81336,Cc1nscc1CC(=O)N1C[C@H]2[C@H](CC(=O)NCCCN(C)C(C)C)[C@H]2C1,"(1S,5R)-3-((3-methylisothiazol-4-yl)methylcarbonyl)-6-(7,8-dimethyl-2-oxo-3,7-diazanonyl)-3-azabicyclo[3.1.0]hexane",CC1=NSC=C1CC(=O)N1C[C@H]2C([C@H]2C1)CC(NCCCN(C(C)C)C)=O,Cc1nscc1CC(=O)N1C[C@@H]2[C@@H](CC(=O)NCCCN(C)C(C)C)[C@@H]2C1,Cc1nscc1CC(=O)N1C[C@@H]2C(CC(=O)NCCCN(C)C(C)C)[C@@H]2C1
81393,CCc1cc(C(=O)N(C)[C@H]2[C@@H]3CN(C(=O)c4nc(C)oc4C)C[C@@H]32)nn1C,"(1S,5R)-3-(2,5-dimethyloxazol-4-ylcarbonyl)-6-(N-(5-ethyl-1-methylpyrazol-3-ylcarbonyl)-N-methylamino)-3-azabicyclo[3.1.0]hexane",CC=1OC(=C(N1)C(=O)N1C[C@H]2C([C@H]2C1)N(C)C(=O)C1=NN(C(=C1)CC)C)C,CCc1cc(C(=O)N(C)[C@H]2[C@@H]3CN(C(=O)c4nc(C)oc4C)C[C@@H]32)nn1C,CCc1cc(C(=O)N(C)C2[C@H]3CN(C(=O)c4nc(C)oc4C)C[C@@H]23)nn1C
81450,C[C@@H](C(=O)NC[C@]1(F)C[C@H](NC(=O)CCCNC(N)=O)C1)C1CCCC1,"(R)-1-(1-methyl-2-oxo-4-((3R)-1-fluoro-3-((5-oxo-4,6-diazahexylcarbonyl)amino)cyclobutyl)-3-azabutyl)cyclopentan",,CC(C(=O)NC[C@]1(F)C[C@H](NC(=O)CCCNC(N)=O)C1)C1CCCC1,
81466,CC[C@@H](CC(C)C)C(=O)N[C@H]1C[C@@H]2CC[C@H](C1)N2C(=O)CCCCC#N,"(4S)-2-methyl-4-((((1R,5S)-8-(4-cyanobutylcarbonyl)-8-azabicyclo[3.2.1]octan-3-yl)amino)carbonyl)hexane",CC(C)C[C@H](CC)C(=O)NC1C[C@H]2CC[C@@H](C1)N2C(=O)CCCCC#N,CCC(CC(C)C)C(=O)N[C@@H]1C[C@H]2CC[C@@H](C1)N2C(=O)CCCCC#N,CCC(CC(C)C)C(=O)NC1C[C@H]2CC[C@@H](C1)N2C(=O)CCCCC#N
81568,C[C@@H](C(=O)NCC[C@H]1C[C@@H](NC(=O)C[C@@H](C)P(C)(C)=O)C1)N1CCCCC1=O,"(1S,3S)-1-(((2R)-2,3-dimethyl-3-oxo-3-phosphabutylcarbonyl)amino)-3-(2-(((1S)-1-(2-oxopiperidino)-ethylcarbonyl)amino)ethyl)cyclobutane",,CC(C(=O)NCC[C@H]1C[C@@H](NC(=O)C[C@@H](C)P(C)(C)=O)C1)N1CCCCC1=O,
81570,CCCC[C@](C)(F)C(=O)NCC#CCNC(=O)[C@H]1C[C@](OC)(C(F)(F)F)C1,(7S)-7-fluoro-7-methyl-6-oxo-1-(((3R)-3-methoxy-3-trifluoromethylcyclobutylcarbonyl)amino)-5-aza-2-undecyn,,CCCC[C@](C)(F)C(=O)NCC#CCNC(=O)C1CC(OC)(C(F)(F)F)C1,
81575,CN=c1[nH]c(C(=O)N[C@H]2C[C@](C)(NC(=O)c3coc4c(F)cc(F)cc34)C2)cs1,"1-methyl-1-((5,7-difluorocoumaron-3-ylcarbonyl)amino)-3-((2-methyliminothiazol-4-ylcarbonyl)amino)cyclobutane",CC1(CC(C1)NC(=O)C=1NC(SC1)=NC)NC(=O)C1=COC2=C(C=C(C=C12)F)F,CNc1nc(C(=O)N[C@H]2C[C@](C)(NC(=O)c3coc4c(F)cc(F)cc34)C2)cs1,CNc1nc(C(=O)NC2CC(C)(NC(=O)c3coc4c(F)cc(F)cc34)C2)cs1
81653,Cc1c(N)cc(O)cc1C(=O)N[C@H]1C[C@@](C)(NC(=O)Cc2ccccc2)C1,5-hydroxy-2-methyl-3-(((3-methyl-3-((phenylacetyl)amino)cyclobutyl)amino)carbonyl)aniline,OC=1C=C(C(=C(N)C1)C)C(=O)NC1CC(C1)(NC(CC1=CC=CC=C1)=O)C,Cc1c(N)cc(O)cc1C(=O)N[C@H]1C[C@@](C)(NC(=O)Cc2ccccc2)C1,Cc1c(N)cc(O)cc1C(=O)NC1CC(C)(NC(=O)Cc2ccccc2)C1
81682,Cc1cc(C)n([C@H](C)CC(=O)N[C@H]2C[C@H](NC(=O)[C@]34CC=CCN3CCC4)C2)n1,"(6S)-6-((((1R,3S)-3-(((2R)-2-(3,5-dimethylpyrazol-1-yl)-propylcarbonyl)amino)cyclobutyl)amino)carbonyl)-1-azabicyclo[4.3.0]non-3(4)-ene",,Cc1cc(C)n([C@H](C)CC(=O)N[C@H]2C[C@H](NC(=O)[C@]34CC=CCN3CCC4)C2)n1,
81693,Cc1nc(C(=O)N[C@@H]2[C@@H]3CN(C(=O)c4ccnc(Cl)n4)C[C@@H]32)cs1,"(1S,5R)-3-(2-chloropyrimidin-4-ylcarbonyl)-6-((2-methylthiazol-4-ylcarbonyl)amino)-3-azabicyclo[3.1.0]hexane",ClC1=NC=CC(=N1)C(=O)N1C[C@H]2C([C@H]2C1)NC(=O)C=1N=C(SC1)C,Cc1nc(C(=O)N[C@@H]2[C@@H]3CN(C(=O)c4ccnc(Cl)n4)C[C@@H]32)cs1,Cc1nc(C(=O)NC2[C@H]3CN(C(=O)c4ccnc(Cl)n4)C[C@@H]23)cs1
81705,CCC1(NC(=O)[C@@H]2CCCS2(=O)=O)CCN(C(=O)[C@]2(C)C[C@@H](C#N)C2)CC1,"1-(1-((3S)-3-cyano-1-methylcyclobutylcarbonyl)-4-(((2S)-1,1-dioxothiolan-2-ylcarbonyl)amino)piperidin-4-yl)-ethane",,CCC1(NC(=O)C2CCCS2(=O)=O)CCN(C(=O)[C@]2(C)C[C@@H](C#N)C2)CC1,
81718,CCC[C@H]1CCCN1C(=O)/C=C/CNC(=O)C[C@H]1C[C@H](SC)C1,(2S)-2-propyl-1-(5-oxo-6-((trans)-3-methylsulfanylcyclobutyl)-4-azahexen-1-ylcarbonyl)pyrrolidin,C(CC)[C@@H]1N(CCC1)C(=O)C=CCNC(C[C@@H]1C[C@H](C1)SC)=O,CCC[C@H]1CCCN1C(=O)/C=C/CNC(=O)C[C@H]1C[C@H](SC)C1,CCC[C@H]1CCCN1C(=O)C=CCNC(=O)C[C@H]1C[C@H](SC)C1
81724,COc1ccc(NS(C)(=O)=O)cc1N=c1[nH]ccn2ccnc12,"1-((4-methoxy-3-((imidazo[1,2-a]pyrazine-8-ylidene)amino)phenyl)aminosulfonyl)-methane",,COc1ccc(NS(C)(=O)=O)cc1Nc1nccn2ccnc12,
81730,CSCC[C@@H](NC(=O)[C@@H]1CC(=O)N[C@H](C)C1)C(=O)N[C@@H](C)c1cn[nH]c1,"(R,S)-4-(1-methyl-3-oxo-4-(((2R,4S)-2-methyl-6-oxopiperidin-4-ylcarbonyl)amino)-2-aza-7-thiaoctyl)-1H-pyrazole",C[C@@H](NC([C@H](CCSC)NC(=O)[C@H]1C[C@H](NC(C1)=O)C)=O)C=1C=NNC1,CSCCC(NC(=O)C1CC(=O)N[C@H](C)C1)C(=O)N[C@@H](C)c1cn[nH]c1,CSCCC(NC(=O)C1CC(=O)N[C@H](C)C1)C(=O)N[C@H](C)c1cn[nH]c1
81785,C[C@H]1[C@@H]2CN(C(=O)C[C@@H](NC(=O)C3CCC4(CC3)CC4)C(F)(F)F)C[C@H]12,"6-((((1R)-1-trifluoromethyl-1-(1-((1S,5R,6S)-6-methyl-3-azabicyclo[3.1.0]hexane-3-ylcarbonyl)-methyl)-methyl)amino)carbonyl)-spiro[2.5]octane",,C[C@@H]1[C@H]2CN(C(=O)C[C@@H](NC(=O)C3CCC4(CC3)CC4)C(F)(F)F)C[C@@H]12,
81803,C[C@@H]1CCO[C@@H]1C(=O)N1C[C@H]2[C@H](NC(=O)c3cn4c(n3)COCC4)[C@H]2C1,"(1S,5R,6R)-3-((2S,3R)-3-methyloxolan-2-ylcarbonyl)-6-((1,7-diaza-4-oxabicyclo[4.3.0]nona-6(7),8(9)-dien-8-ylcarbonyl)amino)-3-azabicyclo[3.1.0]hexane",,C[C@@H]1CCOC1C(=O)N1C[C@@H]2[C@H](C1)[C@H]2NC(=O)c1cn2c(n1)COCC2,
81825,CC[C@H](C)C(=O)N1CC[C@H]2CCC[C@@]21C(=O)N[C@@H]1C[C@@H]2CC[C@H](C1)[C@@H]2O,"(2S)-2-((1S,5R)-1-((((1R,5S,8S)-8-hydroxy-bicyclo[3.2.1]octan-3-yl)amino)carbonyl)-2-azabicyclo[3.3.0]octan-2-ylcarbonyl)butane",,CCC(C)C(=O)N1CC[C@H]2CCC[C@@]21C(=O)N[C@H]1C[C@H]2CC[C@@H](C1)[C@H]2O,
81835,C=C[C@@]1(C(=O)N[C@]2(CO)C[C@H](OC)C2)CCN(C(=O)CC2OCCCO2)C1,"1-((3S)-1-((1,3-dioxan-2-yl)methylcarbonyl)-3-((((3R)-1-hydroxymethyl-3-methoxycyclobutyl)amino)carbonyl)pyrrolidin-3-yl)ethen",,C=C[C@@]1(C(=O)N[C@]2(CO)C[C@H](OC)C2)CCN(C(=O)CC2OCCCO2)C1,
81875,CS[C@@H]1CCN(C(=O)[C@@H]2CC[C@H](NC(=O)c3ccc4c(c3)CC4)C2)C1,"1-((3R)-1-((1R,3S)-3-((benzocyclobutene-6-ylcarbonyl)amino)cyclopentylcarbonyl)pyrrolidin-3-ylsulfanyl)-methane",C1=CC2=C1C(=CC=C2)C(=O)N[C@@H]2C[C@@H](CC2)C(=O)N2C[C@@H](CC2)SC,CS[C@@H]1CCN(C(=O)C2CC[C@H](NC(=O)c3ccc4c(c3)CC4)C2)C1,CS[C@@H]1CCN(C(=O)C2CC[C@H](NC(=O)c3cccc4c3C=C4)C2)C1
81886,C#CCC1(C(=O)NC[C@@H]2C[C@@H]3CC[C@H](C2)N3C(=O)[C@H]2CO[C@@H](C)C2)CCCCC1,"1-(1-(((((1R,3R,5S)-8-((2S,4R)-2-methyloxolan-4-ylcarbonyl)-8-azabicyclo[3.2.1]octan-3-yl)methyl)amino)carbonyl)cyclohexyl)-2-propyn",,C#CCC1(C(=O)NC[C@H]2C[C@H]3CC[C@@H](C2)N3C(=O)C2CO[C@@H](C)C2)CCCCC1,
81932,CCN(CCNC(=O)[C@]1(S(C)(=O)=O)C[C@@H](O)C1)C(=O)[C@@H]1C[C@@H](O)CN1C(C)=O,"(2S,4R)-4-hydroxy-1-(acetyl)-2-(N-(2-(((3R)-3-hydroxy-1-mesylcyclobutylcarbonyl)amino)ethyl)-N-ethylcarbamoyl)pyrrolidin",,CCN(CCNC(=O)[C@]1(S(C)(=O)=O)C[C@@H](O)C1)C(=O)C1C[C@@H](O)CN1C(C)=O,
81950,O=C([C@@H]1CC12CC2)N1C[C@H]2C[C@H](N=c3[nH]nc(C(F)(F)F)s3)C[C@H]1C2,"2-trifluoromethyl-5-(((1R,3S,5R)-6-((1R)-spiro[2.2]pentan-1-ylcarbonyl)-6-azabicyclo[3.2.1]octan-3-yl)imino)-1,3,4-thiadiazole",FC(C1SC(N=N1)=N[C@H]1C[C@@H]2CN([C@@H](C1)C2)C(=O)[C@@H]2CC21CC1)(F)F,O=C(C1CC12CC2)N1C[C@H]2C[C@H](Nc3nnc(C(F)(F)F)s3)C[C@H]1C2,O=C(C1CC12CC2)N1C[C@H]2C[C@H](N=C3N=NC(C(F)(F)F)S3)C[C@H]1C2
81955,C[C@@H](CC(=O)N[C@@H]1CC[C@H](CCC(=O)N(C)[C@H]2C[C@@H](C(N)=O)C2)C1)n1cccn1,"1-(1-methyl-3-oxo-4-((1R,3R)-3-(3-oxo-4-((cis)-3-carbamylcyclobutyl)-4-azapentyl)cyclopentyl)-4-azabutyl)pyrazole",CC(CC(N[C@H]1C[C@H](CC1)CCC(N(C)[C@@H]1C[C@@H](C1)C(N)=O)=O)=O)N1N=CC=C1,C[C@@H](CC(=O)N[C@@H]1CC[C@H](CCC(=O)N(C)C2CC(C(N)=O)C2)C1)n1cccn1,CC(CC(=O)N[C@@H]1CC[C@H](CCC(=O)N(C)C2CC(C(N)=O)C2)C1)n1cccn1
82091,O=C(C[C@]1(O)CCOc2ccccc21)N[C@H]1C[C@H](NC(=O)[C@H](F)n2cccn2)C1,"(4R)-4-hydroxy-4-(2-oxo-3-((1S,3R)-3-(((1S)-1-fluoro-1-(pyrazol-1-yl)-methylcarbonyl)amino)cyclobutyl)-3-azapropyl)chroman",,O=C(C[C@]1(O)CCOc2ccccc21)N[C@H]1C[C@H](NC(=O)C(F)n2cccn2)C1,
82099,COc1ccc2c(c1)CCCN(C(=O)c1cc(-c3ccc4c(c3)CC4)[nH]n1)C2,"1-((3-(3-(benzocyclobutene-6-yl)-2H-pyrazol-5-ylcarbonyl)-3-azabicyclo[5.4.0]undeca-1(7),8(9),10(11)-trien-9-yl)oxy)-methane",C1=CC2=C1C(=CC=C2)C=2NN=C(C2)C(=O)N2CC=1C=CC(=CC1CCC2)OC,COc1ccc2c(c1)CCCN(C(=O)c1cc(-c3ccc4c(c3)CC4)[nH]n1)C2,COc1ccc2c(c1)CCCN(C(=O)c1cc(-c3cccc4c3C=C4)[nH]n1)C2
82115,O=C(CCc1nc[nH]n1)N[C@H]1C[C@]2(CCCCN2C(=O)c2cnnc(O)c2)C1,"2-((2-(1H-1,2,4-triazol-3-yl)ethylcarbonyl)amino)-5-(3-hydroxypyridazin-5-ylcarbonyl)-5-azaspiro[3.5]nonane",N1N=C(N=C1)CCC(=O)NC1CC2(C1)N(CCCC2)C(=O)C=2C=C(N=NC2)O,O=C(CCc1nc[nH]n1)N[C@H]1C[C@]2(CCCCN2C(=O)c2cn[nH]c(=O)c2)C1,O=C(CCc1nc[nH]n1)NC1CC2(CCCCN2C(=O)c2cn[nH]c(=O)c2)C1
82134,C#CC[C@]1(O)C[C@@H](C(=O)N2CC[C@@H]3CCC[C@@]32C(=O)NC[C@@H]2CNC(=O)CO2)C1,"(1S,5S)-1-(((((6R)-3-oxomorpholin-6-yl)methyl)amino)carbonyl)-2-((3R)-3-hydroxy-3-propargylcyclobutylcarbonyl)-2-azabicyclo[3.3.0]octane",,C#CCC1(O)CC(C(=O)N2CC[C@@H]3CCC[C@@]32C(=O)NC[C@@H]2CNC(=O)CO2)C1,
82198,COCCSCC(=O)N1[C@H]2C[C@H]1CN(C(=O)[C@H]1C[C@@](C)(O)C1)C2,"(1S,5S)-3-((3R)-3-hydroxy-3-methylcyclobutylcarbonyl)-6-(5-oxa-2-thiahexylcarbonyl)-3,6-diazabicyclo[3.1.1]heptane",,COCCSCC(=O)N1[C@H]2C[C@H]1CN(C(=O)C1CC(C)(O)C1)C2,
82216,CN1CCC[C@@H](C(=O)N2CCCCC[C@H]2C(=O)N(C)C[C@@H](O)CO)C1,"(3R)-1-methyl-3-((2S)-2-((4R)-N-(2,3-dihydroxypropyl)-N-methylcarbamoyl)azepan-1-ylcarbonyl)piperidin",,CN1CCCC(C(=O)N2CCCCCC2C(=O)N(C)C[C@@H](O)CO)C1,
82261,CCC[C@@H]1C[C@H]1C(=O)NC[C@]1(F)C[C@H](CNC(=O)Cn2nnnc2C2CC2)C1,"5-cyclopropyl-1-(2-oxo-4-((1R)-3-fluoro-3-((((1R,2R)-2-propylcyclopropylcarbonyl)amino)methyl)cyclobutyl)-3-azabutyl)tetrazol",,CCC[C@@H]1CC1C(=O)NC[C@]1(F)C[C@H](CNC(=O)Cn2nnnc2C2CC2)C1,
82306,Cc1cnc(C(=O)N[C@]2(C(=O)NC[C@@H]3CC4(CC4)C(=O)O3)C[C@H](O)C2)c(F)c1,(6S)-4-oxo-6-((((3R)-3-hydroxy-1-((3-fluoro-5-methyl-2-pyridylcarbonyl)amino)cyclobutylcarbonyl)amino)methyl)-5-oxaspiro[2.4]heptane,,Cc1cnc(C(=O)N[C@]2(C(=O)NC[C@@H]3CC4(CC4)C(=O)O3)C[C@H](O)C2)c(F)c1,
82308,O=C(N[C@@H]1C[C@H]2CC[C@H]1CN2C(=O)c1cc(=O)cc(Cl)[nH]1)C1C[C@@H]2C[C@H]2C1,"(1S,5S)-3-((((1R,4S,7R)-2-(2-chloro-4-oxo-1H-pyridin-6-ylcarbonyl)-2-azabicyclo[2.2.2]octane-7-yl)amino)carbonyl)-bicyclo[3.1.0]hexane",ClC=1NC(=CC(C1)=O)C(=O)N1[C@@H]2CC[C@H](C1)C[C@H]2NC(=O)C2C[C@@H]1C[C@H]1C2,O=C(N[C@@H]1C[C@H]2CC[C@H]1CN2C(=O)c1cc(=O)cc(Cl)[nH]1)C1C[C@@H]2C[C@H]2C1,O=C(N[C@@H]1C[C@@H]2CC[C@H]1N(C(=O)c1cc(=O)cc(Cl)[nH]1)C2)C1C[C@@H]2C[C@H]2C1
82332,CCC(=O)N[C@@H](C)C(=O)N[C@H]1C[C@@H](C(=O)N[C@@H](C)c2n[nH]c(CC)n2)C1,"(S)-3-ethyl-5-(1-(((1R,3R)-3-(((1S)-1-methyl-3-oxo-2-azapentylcarbonyl)amino)cyclobutylcarbonyl)amino)-ethyl)-2H-1,2,4-triazol",,CCC(=O)NC(C)C(=O)NC1CC(C(=O)N[C@@H](C)c2n[nH]c(CC)n2)C1,
82365,CN1CCC[C@@]1(C)c1cn([C@H](CCC(N)=O)C(=O)N2C[C@@H](CO)CC2(C)C)nn1,"(R,S)-1,2-dimethyl-2-(1-(4-oxo-1-((4S)-4-hydroxymethyl-2,2-dimethylpyrrolidinocarbonyl)-5-azapentyl)-1,2,3-triazol-4-yl)pyrrolidin",CN1[C@](CCC1)(C=1N=NN(C1)[C@@H](CCC(N)=O)C(=O)N1C(C[C@@H](C1)CO)(C)C)C,CN1CCC[C@@]1(C)c1cn(C(CCC(N)=O)C(=O)N2C[C@@H](CO)CC2(C)C)nn1,CN1CCC[C@]1(C)c1cn(C(CCC(N)=O)C(=O)N2C[C@@H](CO)CC2(C)C)nn1
82436,O=C(CC[C@@H]1CCC(=O)N1)NC[C@H]1[C@@H]2CN(C(=O)[C@H]3CC3(Cl)Cl)C[C@H]12,"(1S,5R,6R)-3-((1R)-2,2-dichlorocyclopropylcarbonyl)-6-(((2-((5S)-2-oxopyrrolidin-5-yl)ethylcarbonyl)amino)methyl)-3-azabicyclo[3.1.0]hexane",,O=C(CC[C@@H]1CCC(=O)N1)NC[C@@H]1[C@H]2CN(C(=O)C3CC3(Cl)Cl)C[C@@H]12,
82456,CC[C@H](C)[C@H](C(=O)N1CC[C@H](CC(=O)NC)C1)N(C)C(=O)Cn1nnnc1C,"(S,R)-5-methyl-1-(3,5-dimethyl-2-oxo-4-((3R)-3-(2-oxo-3-azabutyl)pyrrolidinocarbonyl)-3-azaheptyl)tetrazol",CC1=NN=NN1CC(N([C@@H]([C@@H](CC)C)C(=O)N1C[C@H](CC1)CC(NC)=O)C)=O,CC[C@H](C)C(C(=O)N1CC[C@H](CC(=O)NC)C1)N(C)C(=O)Cn1nnnc1C,CC[C@@H](C)C(C(=O)N1CC[C@H](CC(=O)NC)C1)N(C)C(=O)Cn1nnnc1C
82512,CCC[C@H](OC)C(=O)NC1(C(=O)NC[C@@]2(CO)C[C@@H]3C[C@@H]3C2)CC(F)(F)C1,"(1S,5R)-3-hydroxymethyl-3-(((3,3-difluoro-1-(((1S)-1-methoxy-butylcarbonyl)amino)cyclobutylcarbonyl)amino)methyl)-bicyclo[3.1.0]hexane",OCC1(C[C@@H]2C[C@@H]2C1)CNC(=O)C1(CC(C1)(F)F)NC(=O)[C@H](CCC)OC,CCCC(OC)C(=O)NC1(C(=O)NC[C@]2(CO)C[C@H]3C[C@H]3C2)CC(F)(F)C1,CCCC(OC)C(=O)NC1(C(=O)NCC2(CO)C[C@H]3C[C@H]3C2)CC(F)(F)C1
82620,CC(C)c1nc(C(=O)NC[C@H]2C[C@](F)(CNC(=O)Cc3cccnc3Cl)C2)co1,2-oxo-1-(2-chloro-3-pyridyl)-4-(1-fluoro-3-(((2-isopropyloxazol-4-ylcarbonyl)amino)methyl)cyclobutyl)-3-azabutane,O=C(CC=1C(=NC=CC1)Cl)NCC1(CC(C1)CNC(=O)C=1N=C(OC1)C(C)C)F,CC(C)c1nc(C(=O)NC[C@H]2C[C@](F)(CNC(=O)Cc3cccnc3Cl)C2)co1,CC(C)c1nc(C(=O)NCC2CC(F)(CNC(=O)Cc3cccnc3Cl)C2)co1
82697,CO[C@H]1CCC[C@H]1C(=O)N(C)C[C@H](C)N(C)C(=O)[C@]1(C)CCN(C)C1=O,"(S,R)-1,3-dimethyl-3-(N-(1-methyl-3-((1R,2S)-2-methoxycyclopentylcarbonyl)-3-azabutyl)-N-methylcarbamoyl)pyrrolidin-2-on",CN1C([C@](CC1)(C(N(C)[C@@H](CN(C)C(=O)[C@H]1[C@H](CCC1)OC)C)=O)C)=O,CO[C@H]1CCCC1C(=O)N(C)C[C@H](C)N(C)C(=O)[C@]1(C)CCN(C)C1=O,CO[C@H]1CCCC1C(=O)N(C)C[C@@H](C)N(C)C(=O)[C@@]1(C)CCN(C)C1=O
82707,C/C=C/C[C@H](CC)C(=O)N1CCCN(C(=O)c2ccn3c2CS(=O)(=O)CC3)CC1,"4,4-dioxo-7-(4-((2S)-(3S,5E)-hept-5-en-3-ylcarbonyl)-1,4-diazacycloheptan-1-ylcarbonyl)-1-aza-4-thiabicyclo[4.3.0]nona-6(7),8(9)-diene",,C/C=C/CC(CC)C(=O)N1CCCN(C(=O)c2ccn3c2CS(=O)(=O)CC3)CC1,
82747,CC[C@@H](CC(=O)N[C@H]1C[C@H](CNC(=O)[C@H](C)CC(=O)c2ccc(F)cc2)C1)OC,"(1S,3R)-1-((((1R)-1-(1-(4-fluorobenzoyl)-methyl)-ethylcarbonyl)amino)methyl)-3-(((2S)-2-methoxy-butylcarbonyl)amino)cyclobutane",,CC[C@@H](CC(=O)N[C@H]1C[C@H](CNC(=O)C(C)CC(=O)c2ccc(F)cc2)C1)OC,
82790,CCCCC1(C(=O)N2[C@H]3CC[C@@H]2C[C@H](CNC(=O)c2ccc(=O)n(C)n2)C3)CC1,"(1S,5R)-3-(((1-methyl-6-oxo-1,6-dihydropyridazin-3-ylcarbonyl)amino)methyl)-8-(1-butylcyclopropylcarbonyl)-8-azabicyclo[3.2.1]octane",CN1N=C(C=CC1=O)C(=O)NCC1C[C@@H]2CC[C@H](C1)N2C(=O)C2(CC2)CCCC,CCCCC1(C(=O)N2[C@@H]3CC[C@H]2C[C@@H](CNC(=O)c2ccc(=O)n(C)n2)C3)CC1,CCCCC1(C(=O)N2[C@@H]3CC[C@H]2CC(CNC(=O)c2ccc(=O)n(C)n2)C3)CC1
82829,CCCCCC[C@@H](C)C(=O)NC[C@H]1CC[C@H](NC(=O)[C@H]2CCN2S(C)(=O)=O)CC1,"(1R,4R)-1-((((2R)-octan-2-ylcarbonyl)amino)methyl)-4-(((2R)-1-mesylazetidin-2-ylcarbonyl)amino)cyclohexane",,CCCCCCC(C)C(=O)NC[C@H]1CC[C@H](NC(=O)C2CCN2S(C)(=O)=O)CC1,
82843,C[C@]1(NC(=O)c2ncc[nH]c2=O)C[C@@H](NC(=O)CC[C@H]2CCCC(=O)N2)C1,2-((((1S)-1-methyl-3-((2-((6R)-2-oxopiperidin-6-yl)ethylcarbonyl)amino)cyclobutyl)amino)carbonyl)-4H-pyrazin-3-on,,C[C@]1(NC(=O)c2ncc[nH]c2=O)C[C@@H](NC(=O)CC[C@H]2CCCC(=O)N2)C1,
82846,N#C[C@@H]1Cc2cccc(C(=O)N(Cc3ccncc3)C3COC3)c21,1-oxo-1-((1R)-1-cyanobenzocyclobutene-4-yl)-2-(oxetan-3-yl)-3-(4-pyridyl)-2-azapropane,,N#C[C@@H]1Cc2cccc(C(=O)N(Cc3ccncc3)C3COC3)c21,
82862,CC[C@@H](C)CCCC(=O)N1C[C@H]2[C@@H](C1)[C@@H]2C(=O)N1CCN2C(=O)OC[C@H]2C1,"(1S,5R,6R)-3-((4R)-4-methyl-hexylcarbonyl)-6-((6R)-9-oxo-1,4-diaza-8-oxabicyclo[4.3.0]nonan-4-ylcarbonyl)-3-azabicyclo[3.1.0]hexane",,CC[C@@H](C)CCCC(=O)N1C[C@@H]2C(C(=O)N3CCN4C(=O)OC[C@H]4C3)[C@@H]2C1,
82890,CN1CCN(C(=O)C#CCNC(=O)CC2C(C)(C)C2(C)C)CC1(C)C,"1,1,2,2-tetramethyl-3-(1-(((1-(1-(1-(3,3,4-trimethylpiperazinocarbonyl)-methyl)-methyl)-methyl)amino)carbonyl)-methyl)cyclopropan",CC1(C(C1CC(=O)NCCCC(=O)N1CC(N(CC1)C)(C)C)(C)C)C,CN1CCN(C(=O)C#CCNC(=O)CC2C(C)(C)C2(C)C)CC1(C)C,CN1CCN(C(=O)CCCNC(=O)CC2C(C)(C)C2(C)C)CC1(C)C
82902,CC(C)CCC(=O)NCC(=O)N(C)[C@H]1[C@@H]2CN(C(=O)[C@@H]3CC34CCSCC4)C[C@@H]21,"(1R)-1-((1S,5R,6S)-6-(N-(((3-methyl-butylcarbonyl)amino)methylcarbonyl)-N-methylamino)-3-azabicyclo[3.1.0]hexane-3-ylcarbonyl)-6-thiaspiro[2.5]octane",,CC(C)CCC(=O)NCC(=O)N(C)[C@H]1[C@@H]2CN(C(=O)C3CC34CCSCC4)C[C@@H]21,
82936,CN(C)CC1(C(=O)N(C)[C@H]2C[C@@H]3CC[C@H](C2)N3C(=O)C2(n3cccn3)CC2)CC1,"(1S,5R)-3-(N-(1-dimethylaminomethylcyclopropylcarbonyl)-N-methylamino)-8-(1-(pyrazol-1-yl)cyclopropylcarbonyl)-8-azabicyclo[3.2.1]octane",CN(C)CC1(CC1)C(=O)N(C)C1C[C@@H]2CC[C@H](C1)N2C(=O)C2(CC2)N2N=CC=C2,CN(C)CC1(C(=O)N(C)[C@@H]2C[C@H]3CC[C@@H](C2)N3C(=O)C2(n3cccn3)CC2)CC1,CN(C)CC1(C(=O)N(C)C2C[C@H]3CC[C@@H](C2)N3C(=O)C2(n3cccn3)CC2)CC1
82982,N#Cc1c[nH]ccc1=NC[C@H]1[C@@H]2CN(C(=O)[C@@H]3CCCC[C@@H]3O)C[C@H]12,"3-cyano-4-((1-((1S,5R,6R)-3-((1R,2S)-2-hydroxycyclohexylcarbonyl)-3-azabicyclo[3.1.0]hexane-6-yl)-methyl)imino)-1H-pyridin",,N#Cc1cnccc1NC[C@@H]1[C@H]2CN(C(=O)C3CCCC[C@@H]3O)C[C@@H]12,
83027,CS[C@H](C(=O)N[C@H]1C[C@](C)(NC(=O)CN(C)C2CCCC2)C1)C1CC1,1-(N-(2-oxo-3-((1S)-1-methyl-3-(((1S)-1-cyclopropyl-2-thiapropylcarbonyl)amino)cyclobutyl)-3-azapropyl)-N-methylamino)cyclopentan,,CSC(C(=O)N[C@H]1C[C@](C)(NC(=O)CN(C)C2CCCC2)C1)C1CC1,
83082,CCC[C@@H](C(=O)N1CCC(O)(CNC(=O)C(C)=C2CC2)CC1)N(C)C,1-(((((4-hydroxy-1-((1S)-1-(dimethylamino)-butylcarbonyl)piperidin-4-yl)methyl)amino)carbonyl)methylmethylidene)cyclopropan,OC1(CCN(CC1)C(=O)[C@H](CCC)N(C)C)CNC(=O)CC=C1CC1,CCCC(C(=O)N1CCC(O)(CNC(=O)C(C)=C2CC2)CC1)N(C)C,CCCC(C(=O)N1CCC(O)(CNC(=O)CC=C2CC2)CC1)N(C)C
83197,Cc1cccnc1C(=O)NC[C@@H]1C[C@@H]2CC[C@H](C1)N2C(=O)CN1CC[C@@H]1C,"(2S)-2-methyl-1-(1-((1R,3S,5S)-3-(((3-methyl-2-pyridylcarbonyl)amino)methyl)-8-azabicyclo[3.2.1]octan-8-ylcarbonyl)-methyl)azetidin",,Cc1cccnc1C(=O)NC[C@H]1C[C@H]2CC[C@@H](C1)N2C(=O)CN1CC[C@@H]1C,
83215,CC(=O)NCC(=O)NCC(=O)NC[C@]1(F)C[C@H](CNC(=O)[C@@H]2C(F)(F)C23CC3)C1,"(1R)-2,2-difluoro-1-(((((3R)-3-fluoro-3-((((((acetamido)methylcarbonyl)amino)methylcarbonyl)amino)methyl)cyclobutyl)methyl)amino)carbonyl)-spiro[2.2]pentane",,CC(=O)NCC(=O)NCC(=O)NC[C@]1(F)C[C@H](CNC(=O)C2C(F)(F)C23CC3)C1,
83231,C#CC[C@]1(O)C[C@@H](C(=O)N[C@@H]2CCN(C(=O)C(=O)C(C)(C)CC)C2(C)C)C1,"(3R)-2,2-dimethyl-1-(2-methyl-butan-2-ylcarbonylcarbonyl)-3-(((3S)-3-hydroxy-3-propargylcyclobutylcarbonyl)amino)pyrrolidin",,C#CCC1(O)CC(C(=O)N[C@@H]2CCN(C(=O)C(=O)C(C)(C)CC)C2(C)C)C1,
83232,O=C(C=Cc1cccs1)NC[C@H]1C[C@@](F)(CNC(=O)[C@H]2C[C@@H]3CC[C@H](C2)O3)C1,"(1S,5R)-3-((((1-fluoro-3-(((2-(2-thienyl)-ethen-1-ylcarbonyl)amino)methyl)cyclobutyl)methyl)amino)carbonyl)-8-oxabicyclo[3.2.1]octane",FC1(CC(C1)CNC(=O)C=CC=1SC=CC1)CNC(=O)C1C[C@@H]2CC[C@H](C1)O2,O=C(C=Cc1cccs1)NC[C@H]1C[C@@](F)(CNC(=O)C2C[C@H]3CC[C@@H](C2)O3)C1,O=C(C=Cc1cccs1)NCC1CC(F)(CNC(=O)C2C[C@H]3CC[C@@H](C2)O3)C1
83273,CCCN(CCNC(=O)[C@H]1CC[C@@](C)(F)CC1)C(=O)C[C@@H]1COC(C)(C)CO1,"(5R)-2,2-dimethyl-5-(2-oxo-3-(2-(((4S)-4-fluoro-4-methylcyclohexylcarbonyl)amino)ethyl)-3-azahexyl)-1,4-dioxan",,CCCN(CCNC(=O)C1CCC(C)(F)CC1)C(=O)C[C@@H]1COC(C)(C)CO1,
83288,CCCCCCCC(=O)N1C[C@H]2[C@H](NC(=O)c3ccc(C)nc3N)[C@H]2C1,"(1S,5R)-3-octanoyl-6-((2-amino-6-methyl-3-pyridylcarbonyl)amino)-3-azabicyclo[3.1.0]hexane",C(CCCCCCC)(=O)N1C[C@H]2C([C@H]2C1)NC(=O)C=1C(=NC(=CC1)C)N,CCCCCCCC(=O)N1C[C@@H]2[C@H](C1)[C@H]2NC(=O)c1ccc(C)nc1N,CCCCCCCC(=O)N1C[C@@H]2C(NC(=O)c3ccc(C)nc3N)[C@@H]2C1
83315,CC(=O)N1CC[C@@H](C(=O)NC[C@H]2C[C@](F)(CNC(=O)[C@@H]3CCC4(CCC4)O3)C2)C1,"(6S)-6-(((((1S,3R)-1-fluoro-3-((((3R)-1-(acetyl)pyrrolidin-3-ylcarbonyl)amino)methyl)cyclobutyl)methyl)amino)carbonyl)-5-oxaspiro[3.4]octane",,CC(=O)N1CCC(C(=O)NC[C@H]2C[C@](F)(CNC(=O)C3CCC4(CCC4)O3)C2)C1,
83332,CC(C)[C@H](O)C(=O)NC[C@H]1C[C@@H](NC(=O)[C@@H](C)OCC2CC2)C1,"(1S,3R)-1-((((1S)-1-hydroxy-2-methyl-propylcarbonyl)amino)methyl)-3-(((1R)-3-cyclopropyl-1-methyl-2-oxapropylcarbonyl)amino)cyclobutane",,CC(OCC1CC1)C(=O)N[C@H]1C[C@@H](CNC(=O)C(O)C(C)C)C1,
83423,CC[C@@H](C(=O)N1C[C@H]2[C@H](Nc3ncc4c(n3)CCCC4)[C@H]2C1)c1ccc(F)cc1,"(1R)-1-((1S,5R,6S)-6-((5,6,7,8-tetrahydro-pyrimido[4,5-a]benzene-2-yl)amino)-3-azabicyclo[3.1.0]hexane-3-ylcarbonyl)-1-(4-fluorophenyl)propane",,CCC(C(=O)N1C[C@@H]2[C@H](C1)[C@H]2Nc1ncc2c(n1)CCCC2)c1ccc(F)cc1,
83429,CN(C)c1nc(C(=O)N2C[C@H]3[C@H](NC(=O)C[C@@H]4CCOC4(C)C)[C@H]3C2)co1,"(1S,5R)-3-(2-(dimethylamino)oxazol-4-ylcarbonyl)-6-((((3S)-2,2-dimethyloxolan-3-yl)methylcarbonyl)amino)-3-azabicyclo[3.1.0]hexane",CN(C=1OC=C(N1)C(=O)N1C[C@H]2C([C@H]2C1)NC(=O)C[C@H]1C(OCC1)(C)C)C,CN(C)c1nc(C(=O)N2C[C@@H]3[C@H](C2)[C@H]3NC(=O)C[C@@H]2CCOC2(C)C)co1,CN(C)c1nc(C(=O)N2C[C@@H]3C(NC(=O)C[C@@H]4CCOC4(C)C)[C@@H]3C2)co1
83532,COc1ccc(C(=O)N[C@H]2[C@@H]3CN(C(=O)COCCCF)C[C@@H]32)cc1Br,"(1S,5R)-3-((1-(2-fluoroethyl)-methyl)oxymethylcarbonyl)-6-((3-bromo-4-methoxybenzoyl)amino)-3-azabicyclo[3.1.0]hexane",FCCCOCC(=O)N1C[C@H]2C([C@H]2C1)NC(C1=CC(=C(C=C1)OC)Br)=O,COc1ccc(C(=O)N[C@H]2[C@@H]3CN(C(=O)COCCCF)C[C@@H]32)cc1Br,COc1ccc(C(=O)NC2[C@H]3CN(C(=O)COCCCF)C[C@@H]23)cc1Br
83610,CN(C(=O)C[C@H]1CC=CCC1)[C@H]1[C@@H]2CN(C(=O)C(C)(C)Nc3ccccn3)C[C@@H]21,"(1S,5R)-3-(1-methyl-1-((2-pyridyl)amino)-ethylcarbonyl)-6-(N-(((1R)-cyclohex-3-en-1-yl)methylcarbonyl)-N-methylamino)-3-azabicyclo[3.1.0]hexane",CC(C)(C(=O)N1C[C@H]2C([C@H]2C1)N(C)C(=O)C[C@H]1CC=CCC1)NC1=NC=CC=C1,CN(C(=O)C[C@H]1CC=CCC1)[C@H]1[C@@H]2CN(C(=O)C(C)(C)Nc3ccccn3)C[C@@H]21,CN(C(=O)C[C@H]1CC=CCC1)C1[C@H]2CN(C(=O)C(C)(C)Nc3ccccn3)C[C@@H]12
83641,CC=C(F)C(=O)N[C@H]1[C@@H]2CN(C(=O)CCN3C=NN=N3)C[C@@H]21,"(1S,5R)-3-(2-(tetrazol-1-yl)ethylcarbonyl)-6-((1-fluoro-propen-1-ylcarbonyl)amino)-3-azabicyclo[3.1.0]hexane",N1(N=NN=C1)CCC(=O)N1C[C@H]2C([C@H]2C1)NC(=O)C(=CC)F,CC=C(F)C(=O)N[C@H]1[C@@H]2CN(C(=O)CCn3cnnn3)C[C@@H]21,CC=C(F)C(=O)NC1[C@H]2CN(C(=O)CCn3cnnn3)C[C@@H]12
83743,CC(C)=CCCC(=O)N1C[C@H]2[C@H](NC(=O)[C@@]3(Br)CC34CCC4)[C@H]2C1,"(1S,5R)-3-(4-methyl-3-penten-1-ylcarbonyl)-6-(((2R)-2-bromospiro[2.3]hexane-2-ylcarbonyl)amino)-3-azabicyclo[3.1.0]hexane",CC(=CCCC(=O)N1C[C@H]2C([C@H]2C1)NC(=O)[C@]1(CC12CCC2)Br)C,CC(C)=CCCC(=O)N1C[C@@H]2[C@H](C1)[C@H]2NC(=O)[C@@]1(Br)CC12CCC2,CC(C)=CCCC(=O)N1C[C@@H]2C(NC(=O)[C@@]3(Br)CC34CCC4)[C@@H]2C1
83744,CC(F)(F)C(=O)N[C@H]1[C@@H]2CN(C(=O)C34CCC(CO)(CC3)C4)C[C@@H]21,"1,1-difluoro-1-((((1S,5R)-3-(1-hydroxymethylnorbornane-4-ylcarbonyl)-3-azabicyclo[3.1.0]hexane-6-yl)amino)carbonyl)-ethane",FC(C)(C(=O)NC1[C@H]2CN(C[C@@H]12)C(=O)C12CCC(CC1)(C2)CO)F,CC(F)(F)C(=O)N[C@H]1[C@@H]2CN(C(=O)C34CCC(CO)(CC3)C4)C[C@@H]21,CC(F)(F)C(=O)NC1[C@H]2CN(C(=O)C34CCC(CO)(CC3)C4)C[C@@H]12
83750,C[C@H](Sc1ccccn1)C(=O)N1CCO[C@@H]([C@H](C)NC(=O)[C@H]2CCCC(=O)N2)C1,"(S,R)-2-(1-(((6R)-2-oxopiperidin-6-ylcarbonyl)amino)-ethyl)-4-((1S)-1-(2-pyridylsulfanyl)-ethylcarbonyl)morpholin",O=C1N[C@H](CCC1)C(=O)N[C@H](C)[C@@H]1CN(CCO1)C(=O)[C@H](C)SC1=NC=CC=C1,CC(Sc1ccccn1)C(=O)N1CCO[C@@H]([C@H](C)NC(=O)C2CCCC(=O)N2)C1,CC(Sc1ccccn1)C(=O)N1CCO[C@H]([C@@H](C)NC(=O)C2CCCC(=O)N2)C1
83754,CC[C@]1(C(=O)N2CC=C[C@H](NC(=O)Cc3ccc(F)cc3C)C2)CC[C@@H](O)CC1,(3S)-1-((4R)-1-ethyl-4-hydroxycyclohexylcarbonyl)-3-((4-fluoro-2-methylphenylacetyl)amino)-1-azacyclohex-4-en,,CC[C@]1(C(=O)N2CC=C[C@H](NC(=O)Cc3ccc(F)cc3C)C2)CC[C@@H](O)CC1,
83793,C[C@H]1CCCn2c(CC(=O)N3C[C@H]4[C@H](CNC(=O)C=C5CC5)[C@H]4C3)cnc21,"(1S,5R,6S)-6-cyclopropylidenemethylcarbonylaminomethyl-3-(((5S)-5-methyl-1,7-diazabicyclo[4.3.0]nona-6(7),8(9)-dien-9-yl)methylcarbonyl)-3-azabicyclo[3.1.0]hexane",,C[C@H]1CCCn2c(CC(=O)N3C[C@@H]4[C@@H](CNC(=O)C=C5CC5)[C@@H]4C3)cnc21,
83818,CN(C)[C@H](CO)C(=O)N[C@]1(C)C[C@@H](NC(=O)c2ccnn2C(F)F)C1,(2R)-1-hydroxy-3-methyl-2-((((3R)-1-methyl-3-((1-difluoromethylpyrazol-5-ylcarbonyl)amino)cyclobutyl)amino)carbonyl)-3-azabutane,,CN(C)C(CO)C(=O)N[C@]1(C)C[C@@H](NC(=O)c2ccnn2C(F)F)C1,
83870,Cc1cc(C(F)F)n(CC(=O)N2C[C@H]3[C@H](CNC(=O)COC(F)(F)F)[C@H]3C2)n1,"(1S,5R)-6-trifluoromethoxymethylcarbonylaminomethyl-3-((5-difluoromethyl-3-methylpyrazol-1-yl)methylcarbonyl)-3-azabicyclo[3.1.0]hexane",FC(OCC(=O)NCC1[C@H]2CN(C[C@@H]12)C(=O)CN1N=C(C=C1C(F)F)C)(F)F,Cc1cc(C(F)F)n(CC(=O)N2C[C@@H]3[C@@H](CNC(=O)COC(F)(F)F)[C@@H]3C2)n1,Cc1cc(C(F)F)n(CC(=O)N2C[C@@H]3C(CNC(=O)COC(F)(F)F)[C@@H]3C2)n1
83909,CC(C)N1C[C@H](C(=O)NC[C@H]2CN(C(=O)C#CC3CC3)CC(C)(C)C2)CCC1=O,"1-(1-(1-((5S)-3,3-dimethyl-5-((((5R)-1-isopropyl-2-oxopiperidin-5-ylcarbonyl)amino)methyl)piperidinocarbonyl)-methyl)-methyl)cyclopropan",CC1(CN(C[C@@H](C1)CNC(=O)[C@@H]1CCC(N(C1)C(C)C)=O)C(=O)CCC1CC1)C,CC(C)N1CC(C(=O)NC[C@H]2CN(C(=O)C#CC3CC3)CC(C)(C)C2)CCC1=O,CC(C)N1CC(C(=O)NC[C@H]2CN(C(=O)CCC3CC3)CC(C)(C)C2)CCC1=O
83961,CC(=O)N1CCC[C@@H]1[C@H](C)NC(=O)[C@H]1CC[C@H]1c1nnc(S)n1C,"(S,R)-1-(acetyl)-2-(1-(((1S,2R)-2-(4-methyl-3-sulfanyl-1,2,4-triazol-5-yl)cyclobutylcarbonyl)amino)-ethyl)pyrrolidin",C(C)(=O)N1[C@@H](CCC1)[C@@H](C)NC(=O)[C@@H]1[C@@H](CC1)C=1N(C(=NN1)S)C,CC(=O)N1CCC[C@@H]1[C@H](C)NC(=O)C1CC[C@H]1c1n[nH]c(=S)n1C,CC(=O)N1CCC[C@H]1[C@@H](C)NC(=O)C1CC[C@H]1c1n[nH]c(=S)n1C
84040,CC(C)(CNC(=O)[C@]1(NC(=O)C(Cl)Cl)C[C@@H](O)C1)C1=CCCC1,3-hydroxy-1-(((2-methyl-2-(cyclopent-1-en-1-yl)-propyl)amino)carbonyl)-1-(dichloromethylcarbonylamino)cyclobutane,OC1CC(C1)(NC(=O)C(Cl)Cl)C(=O)NCC(C)(C1=CCCC1)C,CC(C)(CNC(=O)[C@]1(NC(=O)C(Cl)Cl)C[C@@H](O)C1)C1=CCCC1,CC(C)(CNC(=O)C1(NC(=O)C(Cl)Cl)CC(O)C1)C1=CCCC1
84062,CCSCCC(=O)N1C[C@H]2[C@H](N(C)C(=O)c3cnc4n3CCC4)[C@H]2C1,"(1S,5R)-3-(2-ethylsulfanylethylcarbonyl)-6-(N-(4,5,6,7-tetrahydro-pyrrolo[2,1-b]imidazole-3-ylcarbonyl)-N-methylamino)-3-azabicyclo[3.1.0]hexane",C(C)SCCC(=O)N1C[C@H]2C([C@H]2C1)N(C)C(=O)C=1N2C(=NC1)CCC2,CCSCCC(=O)N1C[C@@H]2[C@H](C1)[C@H]2N(C)C(=O)c1cnc2n1CCC2,CCSCCC(=O)N1C[C@@H]2C(N(C)C(=O)c3cnc4n3CCC4)[C@@H]2C1
84065,Cc1c(C(=O)N2CC[C@H]3[C@@H](CC2)[C@@H]3NC(=O)c2cn(C)nc2C(F)F)cnn1C,"(1S,7R)-4-(1,5-dimethylpyrazol-4-ylcarbonyl)-8-((3-difluoromethyl-1-methylpyrazol-4-ylcarbonyl)amino)-4-azabicyclo[5.1.0]octane",CN1N=CC(=C1C)C(=O)N1CC[C@@H]2C([C@@H]2CC1)NC(=O)C=1C(=NN(C1)C)C(F)F,Cc1c(C(=O)N2CC[C@@H]3[C@H](CC2)[C@H]3NC(=O)c2cn(C)nc2C(F)F)cnn1C,Cc1c(C(=O)N2CC[C@@H]3C(NC(=O)c4cn(C)nc4C(F)F)[C@@H]3CC2)cnn1C
84068,CCc1nnsc1C(=O)N1C[C@H](C)[C@@H](NC(=O)CNC(=O)CNC(C)=O)[C@H](C)C1,"(3S,5R)-3,5-dimethyl-1-(4-ethyl-1,2,3-thiadiazol-5-ylcarbonyl)-4-(((((acetamido)methylcarbonyl)amino)methylcarbonyl)amino)piperidin",C[C@H]1CN(C[C@H](C1NC(=O)CNC(=O)CNC(C)=O)C)C(=O)C1=C(N=NS1)CC,CCc1nnsc1C(=O)N1C[C@@H](C)[C@H](NC(=O)CNC(=O)CNC(C)=O)[C@@H](C)C1,CCc1nnsc1C(=O)N1C[C@@H](C)C(NC(=O)CNC(=O)CNC(C)=O)[C@@H](C)C1
84108,C#CCSCC(=O)N(C)[C@H]1C[C@@H]2CC[C@H](C1)N2C(=O)c1ccc(C2CC2)nc1C,"6-cyclopropyl-2-methyl-3-((1R,5S)-3-(N-(2-thia4-pentyn-1-ylcarbonyl)-N-methylamino)-8-azabicyclo[3.2.1]octan-8-ylcarbonyl)pyridin",C1(CC1)C1=CC=C(C(=N1)C)C(=O)N1[C@H]2CC(C[C@@H]1CC2)N(C)C(=O)CSCC#C,C#CCSCC(=O)N(C)[C@@H]1C[C@H]2CC[C@@H](C1)N2C(=O)c1ccc(C2CC2)nc1C,C#CCSCC(=O)N(C)C1C[C@H]2CC[C@@H](C1)N2C(=O)c1ccc(C2CC2)nc1C
84158,C[C@H](N=c1nc(N(C)Cc2nnc(O)o2)c2[nH]ccc2[nH]1)c1cncs1,"2-hydroxy-5-((N-(2-(((1S)-1-(thiazol-5-yl)-ethyl)imino)pyrimido[4,5-d]pyrrole-4-yl)-N-methylamino)methyl)-1,3,4-oxadiazole",OC=1OC(=NN1)CN(C)C1=NC(N=C2C=CN=C21)=N[C@@H](C)C2=CN=CS2,C[C@H](Nc1nc(N(C)Cc2n[nH]c(=O)o2)c2[nH]ccc2n1)c1cncs1,C[C@H](N=C1N=C2C=CN=C2C(N(C)Cc2n[nH]c(=O)o2)=N1)c1cncs1
84199,CC[C@@H](O)C(=O)N[C@H]1C[C@H]2COC[C@@H](C1)N2C(=O)CCSC(F)(F)F,"(1S,5R)-7-(((1R)-1-hydroxy-propylcarbonyl)amino)-9-(2-trifluoromethylsulfanylethylcarbonyl)-9-aza-3-oxabicyclo[3.3.1]nonane",O[C@H](CC)C(=O)NC1C[C@@H]2COC[C@H](C1)N2C(=O)CCSC(F)(F)F,CCC(O)C(=O)N[C@H]1C[C@H]2COC[C@@H](C1)N2C(=O)CCSC(F)(F)F,CCC(O)C(=O)NC1C[C@H]2COC[C@@H](C1)N2C(=O)CCSC(F)(F)F
84202,C[C@]1(F)C[C@H](C(=O)N[C@@H]2CC[C@H](NC(=O)COc3ccccc3C(N)=O)C2)C1,"1-((1R)-1-fluoro-3-((((1R,3S)-3-((2-carbamylphenoxymethylcarbonyl)amino)cyclopentyl)amino)carbonyl)cyclobutyl)-methane",,CC1(F)CC(C(=O)N[C@@H]2CC[C@H](NC(=O)COc3ccccc3C(N)=O)C2)C1,
84217,O=C(N[C@H]1C[C@](F)(CNC(=O)[C@@H]2CCCc3n[nH]cc32)C1)[C@@H](O)C1CC1,"(2R)-2-(((((1R,3S)-1-fluoro-3-(((1S)-1-cyclopropyl-2-oxaethylcarbonyl)amino)cyclobutyl)methyl)amino)carbonyl)-7,8-diazabicyclo[4.3.0]nona-1(9),6(7)-diene",,O=C(NC[C@]1(F)C[C@@H](NC(=O)C(O)C2CC2)C1)C1CCCc2[nH]ncc21,
84222,COC(=O)NCCCC(=O)NC[C@@H]1C[C@H]2CC[C@H]1N(C(=O)C=C1CC[C@H](C)C1)C2,"(1S)-1-methyl-3-((1R,4R,8S)-8-(((3-methoxycarbonylaminopropylcarbonyl)amino)methyl)-2-azabicyclo[2.2.2]octane-2-ylcarbonylmethylidene)cyclopentane",C[C@@H]1CC(CC1)=CC(=O)N1[C@@H]2CC[C@@H](C1)[C@H](C2)CNC(=O)CCCNC(=O)OC,COC(=O)NCCCC(=O)NC[C@@H]1C[C@H]2CC[C@H]1N(C(=O)C=C1CC[C@H](C)C1)C2,COC(=O)NCCCC(=O)NC[C@H]1C[C@H]2CC[C@H]1CN2C(=O)C=C1CC[C@H](C)C1
84325,CN(C)[C@@H](C(=O)NCC1(CCCNC(=O)C[C@@H]2C[C@H]3C[C@H]3C2)CCCC1)C1CC1,"(4R)-4-cyclopropyl-5-methyl-3-oxo-1-(1-(3-((((1S,5R)-bicyclo[3.1.0]hexane-3-yl)methylcarbonyl)amino)propyl)cyclopentyl)-2,5-diazahexane",C1(CC1)[C@H](C(NCC1(CCCC1)CCCNC(=O)CC1C[C@@H]2C[C@@H]2C1)=O)N(C)C,CN(C)C(C(=O)NCC1(CCCNC(=O)C[C@H]2C[C@@H]3C[C@@H]3C2)CCCC1)C1CC1,CN(C)C(C(=O)NCC1(CCCNC(=O)CC2C[C@@H]3C[C@@H]3C2)CCCC1)C1CC1
84353,CN(C(=O)C[C@H]1CCS(=O)(=O)C1)[C@@H]1CN(C(=O)[C@H]2C[C@@](C)(O)C2)CC1(C)C,"(4S)-3,3-dimethyl-1-((3R)-3-hydroxy-3-methylcyclobutylcarbonyl)-4-(N-(((3S)-1,1-dioxothiolan-3-yl)methylcarbonyl)-N-methylamino)pyrrolidin",,CN(C(=O)C[C@H]1CCS(=O)(=O)C1)[C@@H]1CN(C(=O)C2CC(C)(O)C2)CC1(C)C,
84416,CCCC1CC(C(=O)N[C@H]2[C@@H]3CN(C(=O)c4c(Cl)cnn4C)C[C@@H]32)C1,"(1S,5R)-3-(4-chloro-1-methylpyrazol-5-ylcarbonyl)-6-((3-propylcyclobutylcarbonyl)amino)-3-azabicyclo[3.1.0]hexane",ClC=1C=NN(C1C(=O)N1C[C@H]2C([C@H]2C1)NC(=O)C1CC(C1)CCC)C,CCCC1CC(C(=O)N[C@H]2[C@@H]3CN(C(=O)c4c(Cl)cnn4C)C[C@@H]32)C1,CCCC1CC(C(=O)NC2[C@H]3CN(C(=O)c4c(Cl)cnn4C)C[C@@H]23)C1
84423,C[C@@H](C(=O)NC[C@]1(F)CC[C@H](CNC(=O)c2cc(Cl)c[nH]2)CC1)n1ccnn1,"4-chloro-2-(((((1S)-4-fluoro-4-((((1S)-1-(1,2,3-triazol-1-yl)-ethylcarbonyl)amino)methyl)cyclohexyl)methyl)amino)carbonyl)-1H-pyrrole",,CC(C(=O)NC[C@]1(F)CC[C@H](CNC(=O)c2cc(Cl)c[nH]2)CC1)n1ccnn1,
84449,C[C@H](C(=O)N1[C@H]2CC[C@@H]1C[C@H](NC(=O)[C@]13CCCCN1CCC3)C2)n1ccnc1,"(R)-1-((1R,3R,5S)-3-(((1R)-6-azabicyclo[4.3.0]nonan-1-ylcarbonyl)amino)-8-azabicyclo[3.2.1]octan-8-ylcarbonyl)-1-(imidazol-1-yl)-ethane",,CC(C(=O)N1[C@@H]2CC[C@H]1C[C@@H](NC(=O)[C@]13CCCCN1CCC3)C2)n1ccnc1,
84508,C=C[C@@H]1CC[C@H]1C(=O)N(C)C[C@H]1[C@@H]2CN(C(=O)c3cc(C)nc4ccnn34)C[C@H]12,"(1S,5R)-3-(4-methyl-1,5,9-triazabicyclo[4.3.0]nona-2(3),4(5),6(7),8(9)-tetraen-2-ylcarbonyl)-6-((N-((1R,2S)-2-(ethen-1-yl)cyclobutylcarbonyl)-N-methylamino)methyl)-3-azabicyclo[3.1.0]hexane",CC=1C=C(N2N=CC=C2N1)C(=O)N1C[C@H]2C([C@H]2C1)CN(C)C(=O)[C@H]1[C@@H](CC1)C=C,C=C[C@@H]1CCC1C(=O)N(C)C[C@@H]1[C@H]2CN(C(=O)c3cc(C)nc4ccnn34)C[C@@H]12,C=C[C@@H]1CCC1C(=O)N(C)CC1[C@H]2CN(C(=O)c3cc(C)nc4ccnn34)C[C@@H]12
84526,Cc1nc(C(=O)NC[C@@H]2CN(C(=O)[C@H]3CC[C@@](C)(F)CC3)C3(CCC3)C2)cs1,(7R)-5-((4S)-4-fluoro-4-methylcyclohexylcarbonyl)-7-(((2-methylthiazol-4-ylcarbonyl)amino)methyl)-5-azaspiro[3.4]octane,,Cc1nc(C(=O)NC[C@@H]2CN(C(=O)C3CCC(C)(F)CC3)C3(CCC3)C2)cs1,
84583,CCC=CC=CC(=O)N[C@H]1C[C@@H](CCNC(=O)c2cc([N+](=O)[O-])ccc2C)C1,"1-((1,3-hexadien-1-ylcarbonyl)amino)-3-(2-((2-methyl-5-nitrobenzoyl)amino)ethyl)cyclobutane",C(=CC=CCC)C(=O)NC1CC(C1)CCNC(C1=C(C=CC(=C1)[N+](=O)[O-])C)=O,CC=CC=CCC(=O)N[C@H]1C[C@@H](CCNC(=O)c2cc([N+](=O)[O-])ccc2C)C1,CC=CC=CCC(=O)NC1CC(CCNC(=O)c2cc([N+](=O)[O-])ccc2C)C1
84600,CNc1ccc(C(=O)NCCN(C)C(=O)C=C2CCCC2)cc1,1-(N-(2-((4-methylaminobenzoyl)amino)ethyl)-N-methylcarbamoylmethylidene)cyclopentan,,CNc1ccc(C(=O)NCCN(C)C(=O)C=C2CCCC2)cc1,
84613,Cc1occc1CC(=O)N[C@H]1C[C@](F)(CNC(=O)C2=Cc3ccccc3[C@@H]2C)C1,1-((1S)-2-(((((3R)-1-fluoro-3-(((2-methyl-3-furyl)methylcarbonyl)amino)cyclobutyl)methyl)amino)carbonyl)inden-1-yl)-methane,,Cc1occc1CC(=O)N[C@H]1C[C@](F)(CNC(=O)C2=Cc3ccccc3[C@@H]2C)C1,
84640,CC[C@H](N=c1[nH]c(=NCc2c(F)cccc2OC(F)F)c2[nH]ccc2[nH]1)C(C)C,"3-difluoromethoxy-1-fluoro-2-((N-(2-(((1S)-1-isopropyl-propyl)imino)pyrimido[4,5-d]pyrrole-4-ylidene)amino)methyl)benzene",FC(OC=1C(=C(C=CC1)F)CN=C1NC(N=C2C=CN=C21)=N[C@@H](CC)C(C)C)F,CC[C@H](Nc1nc(NCc2c(F)cccc2OC(F)F)c2[nH]ccc2n1)C(C)C,CC[C@H](NC1=NC(=NCc2c(F)cccc2OC(F)F)C2=NC=CC2=N1)C(C)C
84689,CC(C)=C(F)C(=O)N1C[C@H]2[C@H](NC(=O)[C@H]3CCC(=O)N3C3CC3)[C@H]2C1,"(1S,5R)-3-(1-fluoro-2-methyl-propen-1-ylcarbonyl)-6-(((5R)-1-cyclopropyl-2-oxopyrrolidin-5-ylcarbonyl)amino)-3-azabicyclo[3.1.0]hexane",FC(=C(C)C)C(=O)N1C[C@H]2C([C@H]2C1)NC(=O)[C@H]1CCC(N1C1CC1)=O,CC(C)=C(F)C(=O)N1C[C@@H]2[C@H](C1)[C@H]2NC(=O)C1CCC(=O)N1C1CC1,CC(C)=C(F)C(=O)N1C[C@@H]2C(NC(=O)C3CCC(=O)N3C3CC3)[C@@H]2C1
84726,CC1(C)CN(C(=O)c2cc[nH]c2)C[C@@H]1NC(=O)[C@@H]1C[C@H]2CC[C@@H]1CC2(F)F,"1-((3R)-4-methyl-1-(1H-pyrrol-3-ylcarbonyl)-3-(((1R,4R,8R)-5,5-difluorobicyclo[2.2.2]octane-8-ylcarbonyl)amino)pyrrolidin-4-yl)-methane",CC1([C@H](CN(C1)C(=O)C1=CNC=C1)NC(=O)[C@@H]1C[C@H]2CC[C@H]1C(C2)(F)F)C,CC1(C)CN(C(=O)c2cc[nH]c2)C[C@@H]1NC(=O)C1C[C@H]2CC[C@@H]1CC2(F)F,CC1(C)CN(C(=O)c2cc[nH]c2)C[C@@H]1NC(=O)C1C[C@H]2CC[C@H]1C(F)(F)C2
84774,Cc1cc(C)c(C(=O)N[C@H]2C[C@](C)(NC(=O)C(F)=C3CCCCC3)C2)s1,"3,5-dimethyl-2-(((3-methyl-3-((1-cyclohexylidene-1-fluoro-methylcarbonyl)amino)cyclobutyl)amino)carbonyl)thiofuran",CC1=C(SC(=C1)C)C(=O)NC1CC(C1)(NC(=O)C(F)=C1CCCCC1)C,Cc1cc(C)c(C(=O)N[C@H]2C[C@](C)(NC(=O)C(F)=C3CCCCC3)C2)s1,Cc1cc(C)c(C(=O)NC2CC(C)(NC(=O)C(F)=C3CCCCC3)C2)s1
84840,O=C(Cc1cnn(C2CC2)c1)N[C@H]1C[C@@H]2CC[C@H](C1)N2C(=O)c1ccc(=O)oc1,"(1S,5R)-3-(((1-cyclopropylpyrazol-4-yl)methylcarbonyl)amino)-8-(2-oxo-1-oxacyclohexa-3,5-diene-5-ylcarbonyl)-8-azabicyclo[3.2.1]octane",C1(CC1)N1N=CC(=C1)CC(=O)NC1C[C@@H]2CC[C@H](C1)N2C(=O)C=2C=CC(OC2)=O,O=C(Cc1cnn(C2CC2)c1)N[C@@H]1C[C@H]2CC[C@@H](C1)N2C(=O)c1ccc(=O)oc1,O=C(Cc1cnn(C2CC2)c1)NC1C[C@H]2CC[C@@H](C1)N2C(=O)c1ccc(=O)oc1
84872,Cc1csc(CC(=O)N[C@H]2C[C@H](CNC(=O)C=Cc3ccn(C)c3)C2)c1,1-(((2-(1-methyl-1H-pyrrol-3-yl)-ethen-1-ylcarbonyl)amino)methyl)-3-(((3-methyl-5-thienyl)methylcarbonyl)amino)cyclobutane,CN1C=C(C=C1)C=CC(=O)NCC1CC(C1)NC(=O)CC1=CC(=CS1)C,Cc1csc(CC(=O)N[C@H]2C[C@H](CNC(=O)C=Cc3ccn(C)c3)C2)c1,Cc1csc(CC(=O)NC2CC(CNC(=O)C=Cc3ccn(C)c3)C2)c1
84903,C=CCC(C)(C)CC(=O)N(C)C[C@H]1CC[C@H](NC(=O)CCC(N)=O)CC1,"1-((2-carbamylethylcarbonyl)amino)-4-((N-(2,2-dimethyl-4-penten-1-ylcarbonyl)-N-methylamino)methyl)cyclohexane",C(N)(=O)CCC(=O)NC1CCC(CC1)CN(C)C(=O)CC(CC=C)(C)C,C=CCC(C)(C)CC(=O)N(C)C[C@H]1CC[C@H](NC(=O)CCC(N)=O)CC1,C=CCC(C)(C)CC(=O)N(C)CC1CCC(NC(=O)CCC(N)=O)CC1
84907,Cc1cccc(C(=O)NCC(=O)N[C@H]2C[C@@](F)(CNC(=O)C(F)=CC3CC3)C2)c1,3-(((2-oxo-3-(3-fluoro-3-(((2-cyclopropyl-1-fluoro-ethen-1-ylcarbonyl)amino)methyl)cyclobutyl)-3-azapropyl)amino)carbonyl)toluene,O=C(CNC(=O)C=1C=C(C)C=CC1)NC1CC(C1)(CNC(=O)C(=CC1CC1)F)F,Cc1cccc(C(=O)NCC(=O)N[C@H]2C[C@@](F)(CNC(=O)C(F)=CC3CC3)C2)c1,Cc1cccc(C(=O)NCC(=O)NC2CC(F)(CNC(=O)C(F)=CC3CC3)C2)c1
84974,CN(C(=O)[C@H]1CCCC1(C)C)[C@H]1[C@@H]2CN(C(=O)C(C(F)(F)F)C(F)(F)F)C[C@@H]21,"1,1,1,3,3,3-hexafluoro-2-((1S,5R)-6-(N-((1S)-2,2-dimethylcyclopentylcarbonyl)-N-methylamino)-3-azabicyclo[3.1.0]hexane-3-ylcarbonyl)propane",FC(C(C(F)(F)F)C(=O)N1C[C@H]2C([C@H]2C1)N(C)C(=O)[C@@H]1C(CCC1)(C)C)(F)F,CN(C(=O)C1CCCC1(C)C)[C@H]1[C@@H]2CN(C(=O)C(C(F)(F)F)C(F)(F)F)C[C@@H]21,CN(C(=O)C1CCCC1(C)C)C1[C@H]2CN(C(=O)C(C(F)(F)F)C(F)(F)F)C[C@@H]12
85019,CCN(CC)CC(=O)N[C@H]1C[C@](C)(NC(=O)CSCc2ccccc2)C1,3-(2-oxo-3-(3-methyl-3-((3-phenyl-2-thiapropylcarbonyl)amino)cyclobutyl)-3-azapropyl)-3-azapentane,O=C(CN(CC)CC)NC1CC(C1)(NC(=O)CSCC1=CC=CC=C1)C,CCN(CC)CC(=O)N[C@H]1C[C@](C)(NC(=O)CSCc2ccccc2)C1,CCN(CC)CC(=O)NC1CC(C)(NC(=O)CSCc2ccccc2)C1
85079,C=CC[C@@H](NC(=O)COCCCC)C(=O)N(C)[C@H]1C[C@@H]2C[C@@H]2C1,"(1S,5R)-3-(N-((1R)-3-oxo-1-(2-propen-1-yl)-2-aza-5-oxanonylcarbonyl)-N-methylamino)-bicyclo[3.1.0]hexane",O=C(N[C@@H](C(=O)N(C)C1C[C@@H]2C[C@@H]2C1)CC=C)COCCCC,C=CCC(NC(=O)COCCCC)C(=O)N(C)[C@@H]1C[C@H]2C[C@H]2C1,C=CCC(NC(=O)COCCCC)C(=O)N(C)C1C[C@@H]2C[C@@H]2C1
85085,Cn1nnc(/C=C/C(=O)NC[C@H]2[C@@H]3CN(C(=O)c4cccc(F)c4F)C[C@H]23)n1,"(1S,5R,E)-3-(2,3-difluorobenzoyl)-6-(((2-(2-methyltetrazol-5-yl)-ethen-1-ylcarbonyl)amino)methyl)-3-azabicyclo[3.1.0]hexane",FC1=C(C(=O)N2C[C@H]3C([C@H]3C2)CNC(=O)\C=C\C=2N=NN(N2)C)C=CC=C1F,Cn1nnc(/C=C/C(=O)NC[C@@H]2[C@H]3CN(C(=O)c4cccc(F)c4F)C[C@@H]23)n1,Cn1nnc(/C=C/C(=O)NCC2[C@H]3CN(C(=O)c4cccc(F)c4F)C[C@@H]23)n1
85116,CO[C@H](C)C(=O)N[C@H]1CC[C@@]2(CC1)CN(C(=O)Cc1nc[nH]n1)CCO2,"(6S)-10-((1H-1,2,4-triazol-3-yl)methylcarbonyl)-3-(((1R)-1-methyl-2-oxapropylcarbonyl)amino)-10-aza-7-oxaspiro[5.5]undecane",,COC(C)C(=O)N[C@H]1CC[C@@]2(CC1)CN(C(=O)Cc1nc[nH]n1)CCO2,
85158,CCc1nc(C)[nH]c1C(=O)N1[C@H]2CC[C@@H]1C[C@@H](CNC(=O)C1=C[C@H]3CCC[C@H]13)C2,"(1R,5S)-6-(((((1R,5S)-8-(4-ethyl-2-methyl-1H-imidazol-5-ylcarbonyl)-8-azabicyclo[3.2.1]octan-3-yl)methyl)amino)carbonyl)-bicyclo[3.2.0]hept-6(7)-ene",C(C)C=1N=C(NC1C(=O)N1[C@H]2CC(C[C@@H]1CC2)CNC(=O)C=2[C@H]1CCC[C@@H]1C2)C,CCc1[nH]c(C)nc1C(=O)N1[C@@H]2CC[C@H]1C[C@H](CNC(=O)C1=C[C@H]3CCC[C@H]13)C2,CCc1[nH]c(C)nc1C(=O)N1[C@@H]2CC[C@H]1CC(CNC(=O)C1=C[C@H]3CCC[C@H]13)C2
85209,CCc1ccc(C(=O)NC[C@@H]2CCC[C@@H]2NC(=O)C#CC2CCCCC2)cc1F,"(1S,2S)-1-cyclohexylethynylcarbonylamino-2-(((4-ethyl-3-fluorobenzoyl)amino)methyl)cyclopentane",,CCc1ccc(C(=O)NC[C@@H]2CCC[C@@H]2NC(=O)C#CC2CCCCC2)cc1F,
85216,O=C(CSc1nc[nH]n1)NCC1[C@@H]2CN(C(=O)[C@H]3Cc4ccccc43)C[C@@H]12,"(1S,5S)-3-((2S)-benzocyclobutene-2-ylcarbonyl)-6-(((2-(1H-1,2,4-triazol-3-yl)-2-thiaethylcarbonyl)amino)methyl)-3-azabicyclo[3.1.0]hexane",,O=C(CSc1nc[nH]n1)NCC1[C@@H]2CN(C(=O)C3Cc4ccccc43)C[C@@H]12,
85228,CS[C@H](C(=O)NCC[C@H]1C[C@@H](NC(=O)C[C@@H](C)CF)C1)C(C)C,"(1S,3S)-1-(((2R)-2-fluoromethyl-propylcarbonyl)amino)-3-(2-(((1S)-1-isopropyl-2-thiapropylcarbonyl)amino)ethyl)cyclobutane",,CSC(C(=O)NCC[C@H]1C[C@@H](NC(=O)C[C@@H](C)CF)C1)C(C)C,
85266,C[C@@]1(C(=O)N2C[C@@H](C(=O)N[C@H]3CCn4ncnc4C3)C3(CC3)C2)C[C@@H]2C[C@@H]2C1,"(3'S)-1'-((1S,5R)-3-methylbicyclo[3.1.0]hexane-3-ylcarbonyl)-3'-((((7S)-5,6,7,8-tetrahydro-s-triazolo[1,5-a]pyridine-7-yl)amino)carbonyl)-spiro[cyclopropane-1,4'-pyrrolidin]",CC1(C[C@@H]2C[C@@H]2C1)C(=O)N1C[C@H](C2(C1)CC2)C(=O)N[C@@H]2CC=1N(CC2)N=CN1,C[C@]1(C(=O)N2CC(C(=O)N[C@H]3CCn4ncnc4C3)C3(CC3)C2)C[C@H]2C[C@H]2C1,CC1(C(=O)N2CC(C(=O)N[C@H]3CCn4ncnc4C3)C3(CC3)C2)C[C@H]2C[C@H]2C1
85323,Cc1nc(=N)[nH]cc1C(=O)N1C[C@H]2[C@H](NC(=O)C3(c4cc[nH]n4)CC3)[C@H]2C1,"(1S,5R)-3-(2-imino-4-methyl-1,2-dihydropyrimidin-5-ylcarbonyl)-6-((1-(1H-pyrazol-3-yl)cyclopropylcarbonyl)amino)-3-azabicyclo[3.1.0]hexane",N=C1NC=C(C(=N1)C)C(=O)N1C[C@H]2C([C@H]2C1)NC(=O)C1(CC1)C1=NNC=C1,Cc1nc(N)ncc1C(=O)N1C[C@@H]2[C@H](C1)[C@H]2NC(=O)C1(c2cc[nH]n2)CC1,Cc1nc(N)ncc1C(=O)N1C[C@@H]2C(NC(=O)C3(c4cc[nH]n4)CC3)[C@@H]2C1
85330,Cc1cc(CC(=O)N2[C@H]3CC[C@@H]2C[C@@H](NC(=O)c2cc(Cl)c(O)cc2O)C3)no1,"(1S,5R)-3-((5-chloro-2,4-dihydroxybenzoyl)amino)-8-((5-methylisoxazol-3-yl)methylcarbonyl)-8-azabicyclo[3.2.1]octane",ClC=1C(=CC(=C(C(=O)NC2C[C@@H]3CC[C@H](C2)N3C(=O)CC3=NOC(=C3)C)C1)O)O,Cc1cc(CC(=O)N2[C@@H]3CC[C@H]2C[C@H](NC(=O)c2cc(Cl)c(O)cc2O)C3)no1,Cc1cc(CC(=O)N2[C@@H]3CC[C@H]2CC(NC(=O)c2cc(Cl)c(O)cc2O)C3)no1
85335,Cc1cccc([C@H](C)C(=O)N2C[C@H]3[C@H](NC(=O)[C@@]4(C)C[C@@H]4C)[C@H]3C2)c1,"(S)-1-((1S,5R,6R)-6-(((1S,2S)-1,2-dimethylcyclopropylcarbonyl)amino)-3-azabicyclo[3.1.0]hexane-3-ylcarbonyl)-1-(3-methylphenyl)-ethane",,Cc1cccc(C(C)C(=O)N2C[C@@H]3[C@H](C2)[C@H]3NC(=O)[C@@]2(C)C[C@@H]2C)c1,
85362,O=C(NC[C@H]1[C@@H]2CN(C(=O)c3ns[nH]c3=O)C[C@H]12)c1ccnc(C2CC2)c1,"3-((1S,5R)-6-(((2-cyclopropyl-4-pyridylcarbonyl)amino)methyl)-3-azabicyclo[3.1.0]hexane-3-ylcarbonyl)-1,2,5-thiadiazole-4(5H)-one",C1(CC1)C1=NC=CC(=C1)C(=O)NCC1[C@H]2CN(C[C@@H]12)C(=O)C1=NSNC1=O,O=C(NC[C@@H]1[C@H]2CN(C(=O)c3ns[nH]c3=O)C[C@@H]12)c1ccnc(C2CC2)c1,O=C(NCC1[C@H]2CN(C(=O)c3ns[nH]c3=O)C[C@@H]12)c1ccnc(C2CC2)c1
85371,CN(C(=O)c1csnn1)[C@H]1C[C@@H]2CC[C@H](C1)N2C(=O)C[C@H]1CCC(F)(F)C1,"(1S,3S,5R)-3-(N-(1,2,3-thiadiazol-4-ylcarbonyl)-N-methylamino)-8-(((1R)-3,3-difluorocyclopentyl)methylcarbonyl)-8-azabicyclo[3.2.1]octane",,CN(C(=O)c1csnn1)[C@@H]1C[C@H]2CC[C@@H](C1)N2C(=O)C[C@H]1CCC(F)(F)C1,
85412,C#CC[C@]1(O)C[C@@H](C(=O)N[C@@H](C(C)C)[C@H](C)NC(=O)c2ccc(OCC)cc2)C1,"(3S,4S)-2-methyl-3-(((3R)-3-hydroxy-3-propargylcyclobutylcarbonyl)amino)-4-((4-ethoxybenzoyl)amino)pentane",,C#CCC1(O)CC(C(=O)N[C@@H](C(C)C)[C@H](C)NC(=O)c2ccc(OCC)cc2)C1,
85524,CC[C@@H](C(=O)N1[C@H]2CC[C@@H]1C[C@H](NC(=O)c1snc(Cl)c1Cl)C2)N(CC)CC,"(1S,3S,5R)-3-((3,4-dichloroisothiazol-5-ylcarbonyl)amino)-8-((1S)-1,2-diethyl-2-azabutylcarbonyl)-8-azabicyclo[3.2.1]octane",,CCC(C(=O)N1[C@@H]2CC[C@H]1C[C@@H](NC(=O)c1snc(Cl)c1Cl)C2)N(CC)CC,
85533,C=C/C=C/CCN=c1[nH]c2cc(Cl)c(S(=O)(=O)N[C@@H]3[C@@H](C)CCC[C@H]3C)cc2s1,"(3E)-1-(N-(5-chloro-6-(((2R,6S)-2,6-dimethylcyclohexyl)aminosulfonyl)-2-benzothiazolylidene)amino)-3,5-hexadien",ClC=1C(=CC2=C(NC(S2)=NCC\C=C\C=C)C1)S(=O)(=O)NC1[C@@H](CCC[C@@H]1C)C,C=C/C=C/CCNc1nc2cc(Cl)c(S(=O)(=O)N[C@H]3[C@H](C)CCC[C@@H]3C)cc2s1,C=C/C=C/CCNc1nc2cc(Cl)c(S(=O)(=O)NC3[C@H](C)CCC[C@@H]3C)cc2s1
85580,C=C(C)CN=c1[nH]c(=N[C@H]2CO[C@@H](c3ccccc3)C2)c2[nH]ccc2[nH]1,"(2R,4R)-2-phenyl-4-(N-(2-((2-methyl-2-propen-1-yl)imino)pyrimido[4,5-d]pyrrole-4-ylidene)amino)oxolan",C1(=CC=CC=C1)[C@@H]1OC[C@@H](C1)N=C1NC(N=C2C=CN=C21)=NCC(=C)C,C=C(C)CNc1nc(N[C@H]2CO[C@@H](c3ccccc3)C2)c2[nH]ccc2n1,C=C(C)CNC1=NC(=N[C@H]2CO[C@@H](c3ccccc3)C2)C2=NC=CC2=N1
85588,O=C(NC[C@]1(F)C[C@H](CNC(=O)[C@H]2CCNC2=O)C1)c1nsnc1O,"3-hydroxy-4-(((((1S)-1-fluoro-3-((((3S)-2-oxopyrrolidin-3-ylcarbonyl)amino)methyl)cyclobutyl)methyl)amino)carbonyl)-1,2,5-thiadiazole",,O=C(NC[C@]1(F)C[C@H](CNC(=O)C2CCNC2=O)C1)c1ns[nH]c1=O,
85594,CO[C@@H](C)c1nc(C)c(C(=O)N[C@H]2C[C@@H](CNC(=O)[C@@H](O)c3ccnn3C)C2)s1,"4-methyl-2-((1S)-1-methyl-2-oxapropyl)-5-((((1R,3R)-3-((((1S)-1-(1-methylpyrazol-5-yl)-2-oxaethylcarbonyl)amino)methyl)cyclobutyl)amino)carbonyl)thiazol",,CO[C@@H](C)c1nc(C)c(C(=O)N[C@H]2C[C@@H](CNC(=O)C(O)c3ccnn3C)C2)s1,
85658,CC/C=C/C[C@H](C)C(=O)N(C)CCC1CCN(C(=O)[C@@H](F)CC2CCCC2)CC1,"1-(1-(1-fluoro-1-(4-((5S)-2-(N-((2S,4E)-hept-4-en-2-ylcarbonyl)-N-methylamino)ethyl)piperidinocarbonyl)-methyl)-methyl)cyclopentan",,CC/C=C/CC(C)C(=O)N(C)CCC1CCN(C(=O)C(F)CC2CCCC2)CC1,
85731,COc1ccc(C(=O)N2[C@H]3CC[C@@H]2C[C@@H](N(C)C(=O)c2cccn2C)C3)o1,"(1S,5R)-3-(N-(1-methyl-1H-pyrrol-2-ylcarbonyl)-N-methylamino)-8-(2-methoxy-5-furylcarbonyl)-8-azabicyclo[3.2.1]octane",CN1C(=CC=C1)C(=O)N(C)C1C[C@@H]2CC[C@H](C1)N2C(=O)C2=CC=C(O2)OC,COc1ccc(C(=O)N2[C@@H]3CC[C@H]2C[C@H](N(C)C(=O)c2cccn2C)C3)o1,COc1ccc(C(=O)N2[C@@H]3CC[C@H]2CC(N(C)C(=O)c2cccn2C)C3)o1
85798,C=CCCCCCCCC(=O)NC[C@@H]1C[C@@H]1CNC(=O)C(C)(C)CCC(=O)OC,(cis)-1-(((5-methoxy-2-methyl-5-oxo-pentan-2-ylcarbonyl)amino)methyl)-2-(((8-nonen-1-ylcarbonyl)amino)methyl)cyclopropane,COC(CCC(C)(C(=O)NC[C@H]1[C@H](C1)CNC(=O)CCCCCCCC=C)C)=O,C=CCCCCCCCC(=O)NC[C@@H]1C[C@@H]1CNC(=O)C(C)(C)CCC(=O)OC,C=CCCCCCCCC(=O)NC[C@H]1C[C@H]1CNC(=O)C(C)(C)CCC(=O)OC
85805,CC[C@@H](C)C(=O)NCC12CC(NC(=O)CO[C@@H]3CCCOC3)(C1)C1(CCC1)O2,,,CCC(C)C(=O)NCC12CC(NC(=O)CO[C@@H]3CCCOC3)(C1)C1(CCC1)O2,
85806,C#CC[C@]1(O)C[C@@H](C(=O)NCCNC(=O)[C@H]2CCCN(C(=O)[C@H]3C[C@H]3F)C2)C1,"(1R,2R)-1-fluoro-2-((3S)-3-(((2-(((3R)-3-hydroxy-3-propargylcyclobutylcarbonyl)amino)ethyl)amino)carbonyl)piperidinocarbonyl)cyclopropane",,C#CCC1(O)CC(C(=O)NCCNC(=O)C2CCCN(C(=O)C3C[C@H]3F)C2)C1,
85815,Cc1nc(C)n(O)c1C(=O)N[C@H]1C[C@](F)(CNC(=O)CCN2CCC(O)CC2)C1,"1-hydroxy-2,4-dimethyl-5-(((3-fluoro-3-(((2-(4-hydroxypiperidino)ethylcarbonyl)amino)methyl)cyclobutyl)amino)carbonyl)imidazol",ON1C(=NC(=C1C(=O)NC1CC(C1)(CNC(=O)CCN1CCC(CC1)O)F)C)C,Cc1nc(C)n(O)c1C(=O)N[C@H]1C[C@](F)(CNC(=O)CCN2CCC(O)CC2)C1,Cc1nc(C)n(O)c1C(=O)NC1CC(F)(CNC(=O)CCN2CCC(O)CC2)C1
85820,Cc1nc(C)c(C(=O)N2[C@H]3CC[C@@H]2C[C@@H](NC(=O)c2cc(Cl)ncn2)C3)s1,"2,4-dimethyl-5-((1R,5S)-3-((4-chloropyrimidin-6-ylcarbonyl)amino)-8-azabicyclo[3.2.1]octan-8-ylcarbonyl)thiazol",CC=1SC(=C(N1)C)C(=O)N1[C@H]2CC(C[C@@H]1CC2)NC(=O)C2=CC(=NC=N2)Cl,Cc1nc(C)c(C(=O)N2[C@@H]3CC[C@H]2C[C@H](NC(=O)c2cc(Cl)ncn2)C3)s1,Cc1nc(C)c(C(=O)N2[C@@H]3CC[C@H]2CC(NC(=O)c2cc(Cl)ncn2)C3)s1
85892,CCC[C@@H](C)CC(=O)N[C@H]1C[C@@](F)(CNc2ncnc3c2nnn3C(C)C)C1,"9-isopropyl-5-((((1R)-1-fluoro-3-(((2R)-2-methyl-pentylcarbonyl)amino)cyclobutyl)methyl)amino)-2,4,7,8,9-pentaazabicyclo[4.3.0]nona-1(2),3(4),5(6),7(8)-tetraene",,CCC[C@@H](C)CC(=O)N[C@H]1C[C@@](F)(CNc2ncnc3c2nnn3C(C)C)C1,
85898,CC1=C(C(=O)N[C@]2(C)C[C@H](NC(=O)C(C3CC3)N(C)C)C2)SC2=CC(F)=CC=C12,"6-fluoro-3-methyl-2-(((1-methyl-3-((1-cyclopropyl-2-methyl-2-azapropylcarbonyl)amino)cyclobutyl)amino)carbonyl)-thieno[2,3-a]benzene",FC1=CC=C2C(=C1)SC(=C2C)C(=O)NC2(CC(C2)NC(=O)C(N(C)C)C2CC2)C,Cc1c(C(=O)N[C@]2(C)C[C@H](NC(=O)C(C3CC3)N(C)C)C2)sc2cc(F)ccc12,Cc1c(C(=O)NC2(C)CC(NC(=O)C(C3CC3)N(C)C)C2)sc2cc(F)ccc12
85930,Cc1nc(CC(=O)N[C@H]2C[C@@H](CNC(=O)CCCCC3CC3)C2)c(Cl)s1,1-(((4-(cyclopropyl)butylcarbonyl)amino)methyl)-3-(((5-chloro-2-methylthiazol-4-yl)methylcarbonyl)amino)cyclobutane,C1(CC1)CCCCC(=O)NCC1CC(C1)NC(=O)CC=1N=C(SC1Cl)C,Cc1nc(CC(=O)N[C@H]2C[C@@H](CNC(=O)CCCCC3CC3)C2)c(Cl)s1,Cc1nc(CC(=O)NC2CC(CNC(=O)CCCCC3CC3)C2)c(Cl)s1
85953,CC1(C)C[C@]1(Cl)C(=O)N[C@@H]1C[C@@H]2CC[C@H](C1)N2C(=O)Cc1cncnc1,"(1S,5R)-3-(((1R)-1-chloro-2,2-dimethylcyclopropylcarbonyl)amino)-8-((pyrimidin-5-yl)methylcarbonyl)-8-azabicyclo[3.2.1]octane",Cl[C@]1(C(C1)(C)C)C(=O)NC1C[C@@H]2CC[C@H](C1)N2C(=O)CC=2C=NC=NC2,CC1(C)C[C@]1(Cl)C(=O)N[C@H]1C[C@H]2CC[C@@H](C1)N2C(=O)Cc1cncnc1,CC1(C)C[C@]1(Cl)C(=O)NC1C[C@H]2CC[C@@H](C1)N2C(=O)Cc1cncnc1
85977,CN1CC[C@@](C)(C(=O)N2[C@H]3CC[C@@H]2C[C@@H](NC(=O)CCC(F)(F)F)C3)C1=O,"(1S,3S,5R)-3-((1-(2,2,2-trifluoroethyl)-methylcarbonyl)amino)-8-((3R)-1,3-dimethyl-2-oxopyrrolidin-3-ylcarbonyl)-8-azabicyclo[3.2.1]octane",,CN1CC[C@@](C)(C(=O)N2[C@@H]3CC[C@H]2C[C@H](NC(=O)CCC(F)(F)F)C3)C1=O,
85980,C[C@H]1CN2CCN1C[C@H]2C(=O)N1CC(NC(=O)[C@]2(c3ccccc3)C[C@@H](F)C2)C1,"(2S,5S)-2-methyl-5-(3-(((3S)-3-fluoro-1-phenylcyclobutylcarbonyl)amino)azetidin-1-ylcarbonyl)-1,4-diazabicyclo[2.2.2]octane",,C[C@H]1CN2CCN1CC2C(=O)N1CC(NC(=O)[C@]2(c3ccccc3)C[C@@H](F)C2)C1,
86017,Cc1nc(C(=O)N[C@H]2Cc3ccccc32)sc1Br,5-bromo-4-methyl-N-((2S)-benzocyclobutene-2-yl)-thiazol-2-carboxamide,,Cc1nc(C(=O)N[C@H]2Cc3ccccc32)sc1Br,
86054,COC(=O)[C@@H]1CC[C@@H]1C(=O)NC[C@H]1C[C@@H](NC(=O)[C@@]2(C)CCN(C(C)=O)C2)C1,"(3S)-3-methyl-1-(acetyl)-3-((((1R,3R)-3-((((1S,2R)-2-methoxycarbonylcyclobutylcarbonyl)amino)methyl)cyclobutyl)amino)carbonyl)pyrrolidin",,COC(=O)C1CCC1C(=O)NC[C@H]1C[C@@H](NC(=O)[C@@]2(C)CCN(C(C)=O)C2)C1,
86074,Cc1cc(F)c(C(=O)NCC2(CNC(=O)[C@@]3(C)C[C@H](C)O[C@H](C)C3)CC2)c(Cl)c1,"1-((((2R,6S)-2,4,6-trimethyloxan-4-ylcarbonyl)amino)methyl)-1-(((2-chloro-6-fluoro-4-methylbenzoyl)amino)methyl)cyclopropan",C[C@H]1O[C@H](CC(C1)(C(=O)NCC1(CC1)CNC(C1=C(C=C(C=C1F)C)Cl)=O)C)C,Cc1cc(F)c(C(=O)NCC2(CNC(=O)[C@]3(C)C[C@@H](C)O[C@@H](C)C3)CC2)c(Cl)c1,Cc1cc(F)c(C(=O)NCC2(CNC(=O)C3(C)C[C@@H](C)O[C@@H](C)C3)CC2)c(Cl)c1
86088,Cn1ccc(CCC(=O)N[C@H]2C[C@@](C)(NC(=O)c3cnc(C4CC4)nc3O)C2)c1,2-cyclopropyl-4-hydroxy-5-(((1-methyl-3-((2-(1-methyl-1H-pyrrol-3-yl)ethylcarbonyl)amino)cyclobutyl)amino)carbonyl)pyrimidin,C1(CC1)C1=NC=C(C(=N1)O)C(=O)NC1(CC(C1)NC(=O)CCC1=CN(C=C1)C)C,Cn1ccc(CCC(=O)N[C@H]2C[C@@](C)(NC(=O)c3c[nH]c(C4CC4)nc3=O)C2)c1,Cn1ccc(CCC(=O)NC2CC(C)(NC(=O)c3c[nH]c(C4CC4)nc3=O)C2)c1
86128,CON1C[C@@H](C(=O)N=[S@@](C)(=O)c2ccc(C#N)cc2C)CC1=O,(4S)-1-methoxy-4-((((1S)-1-oxo-1-(4-cyano-2-methylphenyl)-1-thiaethyl)amino)carbonyl)pyrrolidin-2-on,CON1C(C[C@@H](C1)C(=O)NC[S@](C1=C(C=C(C=C1)C#N)C)=O)=O,CON1CC(C(=O)N=S(C)(=O)c2ccc(C#N)cc2C)CC1=O,CON1CC(C(=O)NC[S@@+]([O-])c2ccc(C#N)cc2C)CC1=O
86164,COC(=O)[C@]1(C(=O)N[C@@H]2C[C@H]3CC[C@@H]2C[C@H]3NC(=O)C[C@]2(C)C[C@@]2(F)Cl)C[C@H]1C,"(8R,4R,3R,1R)-3-(((1R,2R)-1-methoxycarbonyl-2-methylcyclopropylcarbonyl)amino)-8-((((1R,2R)-2-chloro-2-fluoro-1-methylcyclopropyl)methylcarbonyl)amino)-bicyclo[2.2.2]octane",COC(=O)[C@]1([C@@H](C1)C)C(=O)N[C@@H]1C[C@@H]2CC[C@@H]1[C@@H](C2)NC(=O)C[C@]2([C@](C2)(F)Cl)C,COC(=O)[C@]1(C(=O)N[C@@H]2C[C@H]3CC[C@@H]2C[C@H]3NC(=O)C[C@]2(C)C[C@@]2(F)Cl)C[C@H]1C,COC(=O)[C@]1(C(=O)N[C@@H]2C[C@@H]3CC[C@@H]2[C@H](NC(=O)C[C@]2(C)C[C@@]2(F)Cl)C3)C[C@H]1C
86183,CNC(=O)[C@H](NC(=O)C[C@H]1[C@@H]2CN(C(=O)[C@@H](C)CC(=O)OC)C[C@H]12)C(C)C,"(1R,5S,6R)-3-((2S)-4-methoxy-4-oxo-butan-2-ylcarbonyl)-6-((4R)-4-isopropyl-2,5-dioxo-3,6-diazaheptyl)-3-azabicyclo[3.1.0]hexane",,CNC(=O)C(NC(=O)C[C@@H]1[C@H]2CN(C(=O)C(C)CC(=O)OC)C[C@@H]12)C(C)C,
86271,CC(=O)N[C@@H]1C[C@@H]2CC[C@H](C1)N2C(=O)Cc1ccc([S@@](C)=O)cc1,"(1S,3R,5R)-3-acetamido-8-(4-((R)-methylsulfinyl)phenylacetyl)-8-azabicyclo[3.2.1]octane",,CC(=O)N[C@H]1C[C@H]2CC[C@@H](C1)N2C(=O)Cc1ccc([S@@+](C)[O-])cc1,
86326,Cn1ccnc1C(=O)N[C@@H]1[C@@H]2CN(Cc3ccc(Br)cc3OC(F)(F)F)C[C@@H]21,"(1S,5R)-3-(4-bromo-2-trifluoromethoxybenzyl)-6-((1-methylimidazol-2-ylcarbonyl)amino)-3-azabicyclo[3.1.0]hexane",BrC1=CC(=C(CN2C[C@H]3C([C@H]3C2)NC(=O)C=2N(C=CN2)C)C=C1)OC(F)(F)F,Cn1ccnc1C(=O)N[C@@H]1[C@@H]2CN(Cc3ccc(Br)cc3OC(F)(F)F)C[C@@H]21,Cn1ccnc1C(=O)NC1[C@H]2CN(Cc3ccc(Br)cc3OC(F)(F)F)C[C@@H]12
86345,Cc1nc(-c2ncc[nH]2)sc1C(=O)N[C@H]1C[C@@H](NC(=O)[C@@H]2CC[C@H]3C[C@H]3CC2)C1,"1-(((1R,7S)-bicyclo[5.1.0]octan-4-ylcarbonyl)amino)-3-((4-methyl-2-(1H-imidazol-2-yl)thiazol-5-ylcarbonyl)amino)cyclobutane",[C@@H]12CCC(CC[C@H]2C1)C(=O)NC1CC(C1)NC(=O)C1=C(N=C(S1)C=1NC=CN1)C,Cc1nc(-c2ncc[nH]2)sc1C(=O)N[C@H]1C[C@@H](NC(=O)C2CC[C@@H]3C[C@@H]3CC2)C1,Cc1nc(-c2ncc[nH]2)sc1C(=O)NC1CC(NC(=O)C2CC[C@@H]3C[C@@H]3CC2)C1
86454,CO[C@H](F)C(=O)N[C@@H]1C[C@@H]2CC[C@H](C1)N2C(=O)c1cc2ccc(SC)cc2[nH]1,"6-methylsulfanyl-2-((1R,5S)-3-(((1R)-1-fluoro-2-oxapropylcarbonyl)amino)-8-azabicyclo[3.2.1]octan-8-ylcarbonyl)-1H-benzo[1,2-b]pyrrole",CSC=1C=CC2=C(NC(=C2)C(=O)N2[C@H]3CC(C[C@@H]2CC3)NC(=O)[C@H](OC)F)C1,COC(F)C(=O)N[C@H]1C[C@H]2CC[C@@H](C1)N2C(=O)c1cc2ccc(SC)cc2[nH]1,COC(F)C(=O)NC1C[C@H]2CC[C@@H](C1)N2C(=O)c1cc2ccc(SC)cc2[nH]1
86497,CN(C[C@H]1[C@@H]2CN(C(=O)C[C@@H]3CCOC3)C[C@H]12)C(=O)c1nn(C)cc1[N+](=O)[O-],"(1S,5R,6S)-3-(((3S)-oxolan-3-yl)methylcarbonyl)-6-((N-(1-methyl-4-nitropyrazol-3-ylcarbonyl)-N-methylamino)methyl)-3-azabicyclo[3.1.0]hexane",,CN(C[C@@H]1[C@H]2CN(C(=O)C[C@@H]3CCOC3)C[C@@H]12)C(=O)c1nn(C)cc1[N+](=O)[O-],
86577,CC(C)(C)[C@H](O)C(=O)N1C[C@H]2C[C@H](NC(=O)Cn3nnc4ccccc43)C[C@H]2C1,"1-(2-oxo-3-((1R,5S,7R)-3-((1S)-1-hydroxy-2,2-dimethyl-propylcarbonyl)-3-azabicyclo[3.3.0]octan-7-yl)-3-azapropyl)benzotriazol",,CC(C)(C)C(O)C(=O)N1C[C@H]2C[C@H](NC(=O)Cn3nnc4ccccc43)C[C@H]2C1,
86595,Cc1cc(C(=O)N[C@@H]2C[C@H]3CC[C@@H]2[C@@H](NC(=O)C#CC(=O)N(C)C)C3)ncc1N,"(1S,3R,4R,7S)-3-((3-amino-4-methyl-6-pyridylcarbonyl)amino)-7-((3-oxo-3-(dimethylamino)-propyn-1-ylcarbonyl)amino)-bicyclo[2.2.2]octane",NC=1C=NC(=CC1C)C(=O)N[C@@H]1C[C@@H]2CC[C@@H]1C[C@@H]2NC(=O)C#CC(N(C)C)=O,Cc1cc(C(=O)N[C@@H]2C[C@H]3CC[C@@H]2[C@@H](NC(=O)C#CC(=O)N(C)C)C3)ncc1N,Cc1cc(C(=O)N[C@@H]2C[C@@H]3CC[C@@H]2C[C@@H]3NC(=O)C#CC(=O)N(C)C)ncc1N
86605,O=C(C1=CCCC1)N1CC[C@H]2CCN(C(=O)[C@H]3C[C@](F)(CO)C3)C[C@H]2C1,"1-((1R)-1-fluoro-3-((1S,6R)-3-(cyclopent-1-en-1-ylcarbonyl)-3,9-diazabicyclo[4.4.0]decan-9-ylcarbonyl)cyclobutyl)methanol",,O=C(C1=CCCC1)N1CC[C@H]2CCN(C(=O)C3CC(F)(CO)C3)C[C@H]2C1,
86610,CC[C@H]1[C@H](C(=O)N2C[C@H]3[C@@H](C2)[C@@H]3C(=O)N[C@H]2C[C@H]3COC[C@H](C3)C2)CCN1C,"(1S,5R)-7-(((1S,5R,6R)-3-((2S,3R)-2-ethyl-1-methylpyrrolidin-3-ylcarbonyl)-3-azabicyclo[3.1.0]hexane-6-ylcarbonyl)amino)-3-oxabicyclo[3.3.1]nonane",,CC[C@H]1C(C(=O)N2C[C@@H]3C(C(=O)N[C@@H]4C[C@@H]5COC[C@@H](C5)C4)[C@@H]3C2)CCN1C,
86676,CC(C)[C@@H](O)CC(=O)NC[C@H]1CCC[C@@H]1NC(=O)[C@H]1CC[C@@](C)(F)CC1,"(1R)-1-fluoro-1-methyl-4-((((1S,2R)-2-((((2S)-2-hydroxy-3-methyl-butylcarbonyl)amino)methyl)cyclopentyl)amino)carbonyl)cyclohexane",,CC(C)[C@@H](O)CC(=O)NC[C@H]1CCC[C@@H]1NC(=O)C1CCC(C)(F)CC1,
86686,Cc1cocc1C(=O)N[C@]1(C)CCCN(C(=O)C#CC2CC2)C1,3-methyl-4-((((3R)-1-cyclopropylethynylcarbonyl-3-methylpiperidin-3-yl)amino)carbonyl)furan,,Cc1cocc1C(=O)N[C@]1(C)CCCN(C(=O)C#CC2CC2)C1,
86757,CC(C)(C(=O)NC[C@@]12CC[C@@H](C1)C(=O)N2)C1=CCN(C(=O)C=C2CCCCC2)C1,"(1R,4S)-1-(((1-methyl-1-(1-cyclohexylidenemethylcarbonyl-1-azacyclopent-3-ene-3-yl)-ethylcarbonyl)amino)methyl)-2-azabicyclo[2.2.1]heptane-3(2H)-one",,CC(C)(C(=O)NC[C@@]12CCC(C1)C(=O)N2)C1=CCN(C(=O)C=C2CCCCC2)C1,
86828,CS(=O)(=O)C=CC(=O)N1C[C@H]2C[C@H](NC(=O)c3ccc(C4CC4)s3)C[C@H]2C1,"(1S,5R)-3-(3,3-dioxo-3-thiabuten-1-ylcarbonyl)-7-((2-cyclopropyl-5-thienylcarbonyl)amino)-3-azabicyclo[3.3.0]octane",O=S(C=CC(=O)N1C[C@H]2CC(C[C@H]2C1)NC(=O)C1=CC=C(S1)C1CC1)(C)=O,CS(=O)(=O)C=CC(=O)N1C[C@H]2C[C@H](NC(=O)c3ccc(C4CC4)s3)C[C@H]2C1,CS(=O)(=O)C=CC(=O)N1C[C@H]2CC(NC(=O)c3ccc(C4CC4)s3)C[C@H]2C1
86836,CN(C)C1(CC(=O)N2[C@@H]3COC[C@H]2C[C@@H](NC(=O)C2CCS(=O)CC2)C3)COC1,"(1S,5R)-7-((1-oxothian-4-ylcarbonyl)amino)-9-((3-(dimethylamino)oxetan-3-yl)methylcarbonyl)-9-aza-3-oxabicyclo[3.3.1]nonane",O=S1CCC(CC1)C(=O)NC1C[C@@H]2COC[C@H](C1)N2C(=O)CC2(COC2)N(C)C,CN(C)C1(CC(=O)N2[C@@H]3COC[C@H]2C[C@@H](NC(=O)C2CC[S+]([O-])CC2)C3)COC1,CN(C)C1(CC(=O)N2[C@@H]3COC[C@H]2CC(NC(=O)C2CC[S+]([O-])CC2)C3)COC1
86837,O=C(Cc1ccc2c(c1)CC2)NC1(CF)CN(C(=O)c2cnc3ccccn23)C1,"9-(3-fluoromethyl-3-(((benzocyclobutene-6-yl)methylcarbonyl)amino)azetidin-1-ylcarbonyl)-1,7-diazabicyclo[4.3.0]nona-2(3),4(5),6(7),8(9)-tetraene",FCC1(CN(C1)C(=O)C1=CN=C2C=CC=CN12)NC(=O)CC1=CC=CC2=C1C=C2,O=C(Cc1ccc2c(c1)CC2)NC1(CF)CN(C(=O)c2cnc3ccccn23)C1,O=C(Cc1cccc2c1C=C2)NC1(CF)CN(C(=O)c2cnc3ccccn23)C1
86881,COCC1(C(=O)N2C[C@H]3[C@H](C)[C@H]3C2)CN(C(=O)C(C)=CC2CCCC2)C1,"1-cyclopentyl-2-(3-methoxymethyl-3-((1S,5R)-6-methyl-3-azabicyclo[3.1.0]hexane-3-ylcarbonyl)azetidin-1-ylcarbonyl)propen",C1(CCCC1)C=C(C)C(=O)N1CC(C1)(C(=O)N1C[C@H]2C([C@H]2C1)C)COC,COCC1(C(=O)N2C[C@@H]3[C@@H](C)[C@@H]3C2)CN(C(=O)C(C)=CC2CCCC2)C1,COCC1(C(=O)N2C[C@@H]3C(C)[C@@H]3C2)CN(C(=O)C(C)=CC2CCCC2)C1
86888,Cc1cc(Cl)ncc1S(=O)(=O)[N@]1[C@H]2CN(Cc3cc(O)ccc3Cl)C[C@H]21,"(1S,5R)-3-(2-chloro-5-hydroxybenzyl)-6-(2-chloro-4-methyl-5-pyridylsulfonyl)-3,6-diazabicyclo[3.1.0]hexane",ClC1=C(CN2C[C@@H]3N([C@@H]3C2)S(=O)(=O)C=2C(=CC(=NC2)Cl)C)C=C(C=C1)O,Cc1cc(Cl)ncc1S(=O)(=O)[N@@]1[C@@H]2CN(Cc3cc(O)ccc3Cl)C[C@@H]21,Cc1cc(Cl)ncc1S(=O)(=O)N1[C@@H]2CN(Cc3cc(O)ccc3Cl)C[C@@H]21
86903,C[C@]1(F)C[C@H](NC(=NCCCCl)NC[C@H]2CCC[C@@H](C(F)(F)F)O2)C1,"7-chloro-1-((2S,6R)-2-trifluoromethyloxan-6-yl)-3-(((3R)-3-fluoro-3-methylcyclobutyl)amino)-2,4-diaza-3-hepten",,C[C@]1(F)C[C@H](N=C(NCCCCl)NC[C@H]2CCC[C@@H](C(F)(F)F)O2)C1,
87065,CNC(=O)[C@H](C)NC(=O)[C@@H]1[C@@H]2[C@H](CN1Cc1ccc3cc(Br)ccc3c1)C2(C)C,"(2S)-3-oxo-2-(((1R,4S,5S)-6,6-dimethyl-3-((3-bromonaphthalen-7-yl)methyl)-3-azabicyclo[3.1.0]hexane-4-ylcarbonyl)amino)-4-azapentane",O=C([C@H](C)NC(=O)[C@H]1N(C[C@H]2C([C@@H]12)(C)C)CC1=CC=C2C=C(C=CC2=C1)Br)NC,CNC(=O)C(C)NC(=O)C1[C@@H]2[C@H](CN1Cc1ccc3cc(Br)ccc3c1)C2(C)C,CNC(=O)C(C)NC(=O)C1[C@H]2[C@@H](CN1Cc1ccc3cc(Br)ccc3c1)C2(C)C
87082,C#CC[C@]1(O)C[C@@H](C(=O)N[C@H](CC)CNC(=O)c2[nH]cnc2C#N)C1,(2R)-1-((4-cyano-1H-imidazol-5-ylcarbonyl)amino)-2-(((3S)-3-hydroxy-3-propargylcyclobutylcarbonyl)amino)butane,,C#CCC1(O)CC(C(=O)N[C@H](CC)CNC(=O)c2[nH]cnc2C#N)C1,
87133,CN(C)[C@H]1[C@@H]2CN(C(=O)[C@@]3(F)CCCN(C(=O)c4csc(=N)[nH]4)C3)C[C@@H]21,"2-((1S,5R,6S)-3-((3R)-3-fluoro-1-(2-iminothiazol-4-ylcarbonyl)piperidin-3-ylcarbonyl)-3-azabicyclo[3.1.0]hexane-6-yl)-2-azapropane",,CN(C)[C@H]1[C@@H]2CN(C(=O)[C@@]3(F)CCCN(C(=O)c4csc(N)n4)C3)C[C@@H]21,
87134,O=C(Cc1ccc2c(c1)OCO2)N1C[C@@H]2[C@H](C1)[C@@H]2NS(=O)(=O)CCCCl,"5-(1-((1S,5R)-6-(1-(2-chloroethyl)-methylsulfonamido)-3-azabicyclo[3.1.0]hexane-3-ylcarbonyl)-methyl)-1,3-benzodioxol",ClCCCS(=O)(=O)NC1[C@H]2CN(C[C@@H]12)C(=O)CC1=CC2=C(OCO2)C=C1,O=C(Cc1ccc2c(c1)OCO2)N1C[C@@H]2[C@H](C1)[C@@H]2NS(=O)(=O)CCCCl,O=C(Cc1ccc2c(c1)OCO2)N1C[C@@H]2C(NS(=O)(=O)CCCCl)[C@@H]2C1
87270,C[C@]1(NC(=O)c2cc(-c3ccccn3)ns2)C[C@H](NC(=O)C=Cc2cscn2)C1,1-(((3-methyl-3-((3-(2-pyridyl)isothiazol-5-ylcarbonyl)amino)cyclobutyl)amino)carbonyl)-2-(thiazol-4-yl)ethen,CC1(CC(C1)NC(=O)C=CC=1N=CSC1)NC(=O)C1=CC(=NS1)C1=NC=CC=C1,C[C@]1(NC(=O)c2cc(-c3ccccn3)ns2)C[C@H](NC(=O)C=Cc2cscn2)C1,CC1(NC(=O)c2cc(-c3ccccn3)ns2)CC(NC(=O)C=Cc2cscn2)C1
87323,C[C@@H](OC1CCCC1)C(=O)N[C@]1(C)C[C@H](C(=O)NC[C@H](O)C2(Cl)CC2)C1,"(1R,3S)-1-methyl-1-(((1R)-1-((cyclopentyl)oxy)-ethylcarbonyl)amino)-3-((((2S)-2-(1-chlorocyclopropyl)-3-oxapropyl)amino)carbonyl)cyclobutane",,CC(OC1CCCC1)C(=O)NC1(C)CC(C(=O)NC[C@H](O)C2(Cl)CC2)C1,
87382,CC(C)[C@@H](C)[C@H](CNC(=O)c1cccc2ccnn12)NC(=O)[C@H]1C[C@@](F)(CO)C1,"(R,R)-7-(((3,4-dimethyl-2-(((3R)-3-fluoro-3-hydroxymethylcyclobutylcarbonyl)amino)-pentyl)amino)carbonyl)-pyrido[1,2-b]pyrazole",,CC(C)[C@@H](C)[C@H](CNC(=O)c1cccc2ccnn12)NC(=O)C1CC(F)(CO)C1,
87408,Cc1ccccc1C=CC(=O)N[C@H]1C[C@H](CNC(=O)CC(F)(F)CS(C)(=O)=O)C1,"1-(((2,2-difluoro-4,4-dioxo-4-thiapentylcarbonyl)amino)methyl)-3-((2-(2-methylphenyl)-ethen-1-ylcarbonyl)amino)cyclobutane",FC(CC(=O)NCC1CC(C1)NC(=O)C=CC1=C(C=CC=C1)C)(CS(C)(=O)=O)F,Cc1ccccc1C=CC(=O)N[C@H]1C[C@H](CNC(=O)CC(F)(F)CS(C)(=O)=O)C1,Cc1ccccc1C=CC(=O)NC1CC(CNC(=O)CC(F)(F)CS(C)(=O)=O)C1
87491,C[C@H]1C[C@H](N(C)C(=O)c2csc(F)c2)C[C@@H](C)O1,"2-fluoro-N-((2R,6S)-2,6-dimethyloxan-4-yl)-N-methyl-thiophene-4-carboxamide",FC=1SC=C(C1)C(=O)N(C)C1C[C@H](O[C@H](C1)C)C,C[C@@H]1C[C@@H](N(C)C(=O)c2csc(F)c2)C[C@H](C)O1,C[C@@H]1CC(N(C)C(=O)c2csc(F)c2)C[C@H](C)O1
87534,CCC(F)(F)C(=O)N[C@H]1C[C@@H]2CN(C(=O)c3cc(C)cnc3F)C[C@@H]2C1,"1,1-difluoro-1-((((1R,5S)-3-(2-fluoro-5-methyl-3-pyridylcarbonyl)-3-azabicyclo[3.3.0]octan-7-yl)amino)carbonyl)propane",FC(CC)(C(=O)NC1C[C@@H]2CN(C[C@@H]2C1)C(=O)C=1C(=NC=C(C1)C)F)F,CCC(F)(F)C(=O)N[C@H]1C[C@@H]2CN(C(=O)c3cc(C)cnc3F)C[C@@H]2C1,CCC(F)(F)C(=O)NC1C[C@@H]2CN(C(=O)c3cc(C)cnc3F)C[C@@H]2C1
87560,O=C(N[C@H]1C[C@](F)(CNC(=O)C2CC3(CC(F)C3)C2)C1)c1cccc(Cl)c1O,2-fluoro-6-((((1-fluoro-3-((3-chloro-2-hydroxybenzoyl)amino)cyclobutyl)methyl)amino)carbonyl)-spiro[3.3]heptane,FC1CC2(C1)CC(C2)C(=O)NCC2(CC(C2)NC(C2=C(C(=CC=C2)Cl)O)=O)F,O=C(N[C@H]1C[C@](F)(CNC(=O)C2CC3(CC(F)C3)C2)C1)c1cccc(Cl)c1O,O=C(NC1CC(F)(CNC(=O)C2CC3(CC(F)C3)C2)C1)c1cccc(Cl)c1O
87577,C[C@H]1CN(C(=O)C=Cc2ccco2)C[C@@H](C)[C@@H]1NC(=O)[C@H](C)Cc1cccnc1,"(3S,5R)-3,5-dimethyl-1-(2-(2-furyl)-ethen-1-ylcarbonyl)-4-(((1R)-1-((3-pyridyl)methyl)-ethylcarbonyl)amino)piperidin",C[C@H]1CN(C[C@H](C1NC(=O)[C@H](C)CC=1C=NC=CC1)C)C(=O)C=CC=1OC=CC1,CC(Cc1cccnc1)C(=O)N[C@H]1[C@H](C)CN(C(=O)C=Cc2ccco2)C[C@@H]1C,CC(Cc1cccnc1)C(=O)NC1[C@H](C)CN(C(=O)C=Cc2ccco2)C[C@@H]1C
87617,C[C@H](C(=O)NCc1nc2c(s1)CCN(C(=O)[C@H]1C[C@](F)(CO)C1)C2)[C@H]1CCOC1,"(S)-3-((3R)-3-fluoro-3-hydroxymethylcyclobutylcarbonyl)-8-(((1-((3R)-oxolan-3-yl)-ethylcarbonyl)amino)methyl)-3,9-diaza-7-thiabicyclo[4.3.0]nona-1(6),8(9)-diene",,CC(C(=O)NCc1nc2c(s1)CCN(C(=O)C1CC(F)(CO)C1)C2)[C@H]1CCOC1,
87649,CC(C)C[C@@](C)(O)C(=O)N1C[C@H]2[C@@H](C1)[C@@H]2C(=O)N1CC(C(C)(C)C#N)C1,"(1S,5R,6R)-3-((2R)-2-hydroxy-4-methyl-pentan-2-ylcarbonyl)-6-(3-(1-cyano-1-methyl-ethyl)azetidin-1-ylcarbonyl)-3-azabicyclo[3.1.0]hexane",,CC(C)C[C@@](C)(O)C(=O)N1C[C@@H]2C(C(=O)N3CC(C(C)(C)C#N)C3)[C@@H]2C1,
87707,CC[C@H](OC)C(=O)N[C@H]1C[C@](F)(CNC(=O)c2nn(C)nc2Br)C1,"4-bromo-2-methyl-5-(((((1R)-1-fluoro-3-(((1S)-1-methoxy-propylcarbonyl)amino)cyclobutyl)methyl)amino)carbonyl)-1,2,3-triazol",,CCC(OC)C(=O)N[C@H]1C[C@](F)(CNC(=O)c2nn(C)nc2Br)C1,
87709,C#CCC1(C(=O)N[C@H]2CC=C(C(=O)N[C@@H]3C[C@H]4[C@@H](C3)C4(F)F)C2)CCC1,"1-(1-((((1S)-3-((((1S,5R)-6,6-difluorobicyclo[3.1.0]hexane-3-yl)amino)carbonyl)cyclopent-3-en-1-yl)amino)carbonyl)cyclobutyl)-2-propyn",FC1([C@@H]2CC(C[C@H]12)NC(=O)C=1C[C@H](CC1)NC(=O)C1(CCC1)CC#C)F,C#CCC1(C(=O)N[C@H]2CC=C(C(=O)N[C@H]3C[C@@H]4[C@H](C3)C4(F)F)C2)CCC1,C#CCC1(C(=O)N[C@H]2CC=C(C(=O)NC3C[C@@H]4[C@H](C3)C4(F)F)C2)CCC1
87849,O=C(C[C@@H]1C[C@H]2C[C@H]2C1)NC[C@H]1CC[C@H](NC(=O)[C@@H]2C[C@H]2C2CCOCC2)CC1,"2-oxo-1-((1S,5R)-bicyclo[3.1.0]hexane-3-yl)-4-((trans)-4-(((1R,2S)-2-(oxan-4-yl)cyclopropylcarbonyl)amino)cyclohexyl)-3-azabutane",O=C(CC1C[C@@H]2C[C@@H]2C1)NC[C@@H]1CC[C@H](CC1)NC(=O)[C@H]1[C@@H](C1)C1CCOCC1,O=C(C[C@H]1C[C@@H]2C[C@@H]2C1)NC[C@H]1CC[C@H](NC(=O)C2C[C@H]2C2CCOCC2)CC1,O=C(CC1C[C@@H]2C[C@@H]2C1)NC[C@H]1CC[C@H](NC(=O)C2C[C@H]2C2CCOCC2)CC1
87920,CS[C@@H](C)CC(=O)N[C@H]1CC[C@H](CNC(=O)[C@@H]2CCN(C)[C@H](C)C2)CC1,"(2R,4R)-1,2-dimethyl-4-(((((1S,4R)-4-(((2S)-2-methyl-3-thiabutylcarbonyl)amino)cyclohexyl)methyl)amino)carbonyl)piperidin",,CS[C@@H](C)CC(=O)N[C@H]1CC[C@H](CNC(=O)C2CCN(C)[C@H](C)C2)CC1,
87957,COCC[C@@H]1C[C@H]1C(=O)N[C@H]1CC[C@@H](NC(=O)[C@H]2CCOc3ccccc32)CC1,"(4S)-4-((((1S,4R)-4-(((1R,2S)-2-(3-oxabutyl)cyclopropylcarbonyl)amino)cyclohexyl)amino)carbonyl)chroman",,COCC[C@@H]1CC1C(=O)N[C@H]1CC[C@@H](NC(=O)C2CCOc3ccccc32)CC1,
87985,CCS[C@H]1CCC[C@@H]1NC(=O)[C@]1(N)CC[C@H](C)CC1,"(4S)-1-amino-4-methyl-1-((((1S,2S)-2-ethylsulfanylcyclopentyl)amino)carbonyl)cyclohexane",,CCS[C@H]1CCC[C@@H]1NC(=O)[C@]1(N)CC[C@H](C)CC1,
87993,CCc1c[nH]c(C(=O)NC23CC(C)(C2)OC32CCN(C(=O)CC[C@@H](C)O)CC2)c1,,,CCc1c[nH]c(C(=O)NC23CC(C)(C2)OC32CCN(C(=O)CC[C@@H](C)O)CC2)c1,
88039,CCC[C@H](C#N)C(=O)NC[C@H]1C[C@@](F)(CNC(=O)c2c(C)noc2C(C)C)C1,(4R)-4-cyano-3-oxo-1-((3R)-3-fluoro-3-(((5-isopropyl-3-methylisooxazol-4-ylcarbonyl)amino)methyl)cyclobutyl)-2-azaheptane,,CCCC(C#N)C(=O)NC[C@H]1C[C@@](F)(CNC(=O)c2c(C)noc2C(C)C)C1,
88072,C[C@@]1(C(=O)NC[C@H]2[C@@H]3CN(C(=O)c4ccc(C#N)cn4)C[C@H]23)C[C@H]2CC[C@H]1C2,"(1S,4S,6R)-6-methyl-6-(((((1S,5R)-3-(3-cyano-6-pyridylcarbonyl)-3-azabicyclo[3.1.0]hexane-6-yl)methyl)amino)carbonyl)-bicyclo[2.2.1]heptane",C[C@]1(C[C@H]2CC[C@H]1C2)C(=O)NCC2[C@H]1CN(C[C@@H]21)C(=O)C2=CC=C(C=N2)C#N,C[C@@]1(C(=O)NC[C@@H]2[C@H]3CN(C(=O)c4ccc(C#N)cn4)C[C@@H]23)C[C@H]2CC[C@H]1C2,C[C@@]1(C(=O)NCC2[C@H]3CN(C(=O)c4ccc(C#N)cn4)C[C@@H]23)C[C@H]2CC[C@H]1C2
88092,NC(=O)c1ccc(C(=O)N[C@@H]2[C@H]3C[C@H](NC(=O)c4nccc5occc45)C[C@H]32)s1,"(1S,5R)-3-((pyrido[3,4-d]furan-4-ylcarbonyl)amino)-6-((2-carbamyl-5-thienylcarbonyl)amino)-bicyclo[3.1.0]hexane",O1C=CC2=C1C=CN=C2C(=O)NC2C[C@@H]1C([C@@H]1C2)NC(=O)C2=CC=C(S2)C(N)=O,NC(=O)c1ccc(C(=O)N[C@H]2[C@@H]3C[C@@H](NC(=O)c4nccc5occc45)C[C@@H]32)s1,NC(=O)c1ccc(C(=O)NC2[C@H]3CC(NC(=O)c4nccc5occc45)C[C@@H]23)s1
88096,Cn1nccc1CC(=O)N[C@H]1C[C@@](F)(CNC(=O)Cn2ncn(C)c2=O)C1,"4-methyl-1-(2-oxo-4-(1-fluoro-3-(((1-methylpyrazol-5-yl)methylcarbonyl)amino)cyclobutyl)-3-azabutyl)-1,2,4-triazol-5-on",CN1C=NN(C1=O)CC(NCC1(CC(C1)NC(=O)CC1=CC=NN1C)F)=O,Cn1nccc1CC(=O)N[C@H]1C[C@@](F)(CNC(=O)Cn2ncn(C)c2=O)C1,Cn1nccc1CC(=O)NC1CC(F)(CNC(=O)Cn2ncn(C)c2=O)C1
88193,C[C@@H](C(=O)N[C@H]1C[C@](C)(NC(=O)CC23COC(CF)(C2)C3)C1)C1CCC1,(1R)-1-cyclobutyl-1-((((3R)-3-methyl-3-(((1-fluoromethyl-2-oxabicyclo[2.1.1]hexane-4-yl)methylcarbonyl)amino)cyclobutyl)amino)carbonyl)-ethane,,CC(C(=O)N[C@H]1C[C@](C)(NC(=O)CC23COC(CF)(C2)C3)C1)C1CCC1,
88206,CC(C(=O)NCCCCN(C)CCCNC(=O)[C@H](C)S(C)(=O)=O)=C1CCCC1,"1-((((4-(N-(3-(((1S)-1-methyl-2,2-dioxo-2-thiapropylcarbonyl)amino)propyl)-N-methylamino)butyl)amino)carbonyl)methylmethylidene)cyclopentan",C[C@H](S(C)(=O)=O)C(=O)NCCCN(C)CCCCNC(=O)CC=C1CCCC1,CC(C(=O)NCCCCN(C)CCCNC(=O)C(C)S(C)(=O)=O)=C1CCCC1,CC(C(=O)NCCCN(C)CCCCNC(=O)CC=C1CCCC1)S(C)(=O)=O
88241,CN(C)[C@@H](C(=O)N[C@H]1C[C@@H]2CC[C@H](C1)N2C(=O)C1(CF)CC(F)(F)C1)C(C)(C)C,"(3R)-2,4,4-trimethyl-3-((((1R,5S)-8-(3,3-difluoro-1-fluoromethylcyclobutylcarbonyl)-8-azabicyclo[3.2.1]octan-3-yl)amino)carbonyl)-2-azapentane",CN(C)[C@H](C(C)(C)C)C(=O)NC1C[C@H]2CC[C@@H](C1)N2C(=O)C2(CC(C2)(F)F)CF,CN(C)C(C(=O)N[C@@H]1C[C@H]2CC[C@@H](C1)N2C(=O)C1(CF)CC(F)(F)C1)C(C)(C)C,CN(C)C(C(=O)NC1C[C@H]2CC[C@@H](C1)N2C(=O)C1(CF)CC(F)(F)C1)C(C)(C)C
88296,Cc1cnc2n1CCN(c1nc(=N[C@H]3CCCC4(CC3)CC4)[nH]c3cc[nH]c13)C2,"2-(((6S)-spiro[2.6]nonan-6-yl)imino)-4-(3-methyl-5,6,7,8-tetrahydro-imidazo[1,2-a]pyrazine-7-yl)-pyrimido[5,4-b]pyrrole",C1CC12CC[C@H](CCC2)N=C2N=C(C1=NC=CC1=N2)N2CC=1N(CC2)C(=CN1)C,Cc1cnc2n1CCN(c1nc(N[C@H]3CCCC4(CC3)CC4)nc3cc[nH]c13)C2,Cc1cnc2n1CCN(C1=NC(=N[C@H]3CCCC4(CC3)CC4)N=C3C=CN=C31)C2
88330,C[C@H](C(=O)N[C@@H]1C[C@@H]2C[C@@H](NC(=O)[C@H]3C[C@@](F)(CO)C3)C[C@@H]21)N1CCN(C)CC1,"(1S,3R,5S,6R)-3-(((3R)-3-fluoro-3-hydroxymethylcyclobutylcarbonyl)amino)-6-(((1R)-1-(4-methylpiperazino)-ethylcarbonyl)amino)-bicyclo[3.2.0]heptane",,CC(C(=O)N[C@@H]1C[C@@H]2C[C@@H](NC(=O)C3CC(F)(CO)C3)C[C@@H]21)N1CCN(C)CC1,
88430,CC(C)N(C[C@@H](O)CO)C(=O)[C@H]1C[C@@H]1C1CN(C(=O)CC2CC(C3CC3)C2)C1,"1-cyclopropyl-3-(1-(3-((1R,2S)-2-((4R)-N-(2,3-dihydroxypropyl)-N-isopropylcarbamoyl)cyclopropyl)azetidin-1-ylcarbonyl)-methyl)cyclobutan",,CC(C)N(C[C@@H](O)CO)C(=O)C1C[C@@H]1C1CN(C(=O)CC2CC(C3CC3)C2)C1,
88473,CCO[C@H]1C[C@H]1NCC1CCN(C2CCCC2)CC1,(cis)-1-ethoxy-2-(((1-cyclopentylpiperidin-4-yl)methyl)amino)cyclopropane,C(C)O[C@H]1[C@H](C1)NCC1CCN(CC1)C1CCCC1,CCO[C@H]1C[C@H]1NCC1CCN(C2CCCC2)CC1,CCO[C@@H]1C[C@@H]1NCC1CCN(C2CCCC2)CC1
88508,O=C(CC1CCC1)N[C@H]1[C@@H]2CN(C(=O)c3cc(Br)c4c(c3)OCO4)C[C@@H]21,"7-bromo-5-((1S,5R)-6-cyclobutylmethylcarbonylamino-3-azabicyclo[3.1.0]hexane-3-ylcarbonyl)-1,3-benzodioxol",BrC1=CC(=CC2=C1OCO2)C(=O)N2C[C@H]1C([C@H]1C2)NC(=O)CC2CCC2,O=C(CC1CCC1)N[C@H]1[C@@H]2CN(C(=O)c3cc(Br)c4c(c3)OCO4)C[C@@H]21,O=C(CC1CCC1)NC1[C@H]2CN(C(=O)c3cc(Br)c4c(c3)OCO4)C[C@@H]12
88520,O=C(N[C@H]1C[C@@H]2CN(Cc3ccc(Br)c(Cl)c3Cl)C[C@@H]2C1)c1ccc(Br)nc1Br,"1-((1R,5S)-7-((2,6-dibromo-3-pyridylcarbonyl)amino)-3-azabicyclo[3.3.0]octan-3-yl)-1-(4-bromo-2,3-dichlorophenyl)-methane",BrC1=NC(=CC=C1C(=O)NC1C[C@@H]2CN(C[C@@H]2C1)CC1=C(C(=C(C=C1)Br)Cl)Cl)Br,O=C(N[C@H]1C[C@@H]2CN(Cc3ccc(Br)c(Cl)c3Cl)C[C@@H]2C1)c1ccc(Br)nc1Br,O=C(NC1C[C@@H]2CN(Cc3ccc(Br)c(Cl)c3Cl)C[C@@H]2C1)c1ccc(Br)nc1Br
88528,C[C@]1(CNC(=O)c2ncc(F)cc2F)CC(F)(F)CN1C(=O)[C@H]1C[C@](O)(C#N)C1,"(2R)-4,4-difluoro-2-methyl-1-((3S)-3-cyano-3-hydroxycyclobutylcarbonyl)-2-(((3,5-difluoro-2-pyridylcarbonyl)amino)methyl)pyrrolidin",,C[C@]1(CNC(=O)c2ncc(F)cc2F)CC(F)(F)CN1C(=O)C1CC(O)(C#N)C1,
88538,C#CC[C@]1(O)C[C@@H](C(=O)N2C[C@@H]3CCN(C(=O)CCC(C)(F)F)C[C@@H]32)C1,"3,3-difluoro-1-((1R,6S)-8-((3S)-3-hydroxy-3-propargylcyclobutylcarbonyl)-3,8-diazabicyclo[4.2.0]octan-3-ylcarbonyl)butane",,C#CCC1(O)CC(C(=O)N2C[C@@H]3CCN(C(=O)CCC(C)(F)F)C[C@@H]32)C1,
88549,CN(C)CCC(=O)N1C[C@@H]2[C@H](C1)[C@@H]2NC(=O)Cc1cc(F)cc(Cl)c1,"3-methyl-1-((1S,5R)-6-((3-chloro-5-fluorophenylacetyl)amino)-3-azabicyclo[3.1.0]hexane-3-ylcarbonyl)-3-azabutane",CN(CCC(=O)N1C[C@H]2C([C@H]2C1)NC(CC1=CC(=CC(=C1)F)Cl)=O)C,CN(C)CCC(=O)N1C[C@@H]2[C@H](C1)[C@@H]2NC(=O)Cc1cc(F)cc(Cl)c1,CN(C)CCC(=O)N1C[C@@H]2C(NC(=O)Cc3cc(F)cc(Cl)c3)[C@@H]2C1
88582,Nc1snnc1C(=O)N1CC[C@@H](OCC(=O)NC[C@@H]2[C@H]3CCCCC[C@H]32)C1,"(1S,7R)-8-(((((3R)-1-(5-amino-1,2,3-thiadiazol-4-ylcarbonyl)pyrrolidin-3-yl)oxymethylcarbonyl)amino)methyl)-bicyclo[5.1.0]octane",NC1=C(N=NS1)C(=O)N1C[C@@H](CC1)OCC(=O)NCC1[C@@H]2CCCCC[C@H]12,Nc1snnc1C(=O)N1CC[C@@H](OCC(=O)NC[C@H]2[C@@H]3CCCCC[C@@H]32)C1,Nc1snnc1C(=O)N1CC[C@@H](OCC(=O)NCC2[C@H]3CCCCC[C@@H]23)C1
88647,O=C1CCC[C@H](CC(=O)N[C@]2(C(=O)Nc3cnn(C(F)F)c3)C[C@H](O)C2)N1,1-((((3S)-3-hydroxy-1-(((1-difluoromethylpyrazol-4-yl)amino)carbonyl)cyclobutyl)amino)carbonyl)-1-((6R)-2-oxopiperidin-6-yl)-methane,,O=C1CCC[C@H](CC(=O)N[C@]2(C(=O)Nc3cnn(C(F)F)c3)C[C@H](O)C2)N1,
88679,O=C1CCc2c(cccc2C(=O)N2C[C@@H]3CC[C@H](C2)N3C(=O)[C@@H]2C[C@@H]2Cl)N1,"5-((1R,5S)-8-((1S,2S)-2-chlorocyclopropylcarbonyl)-3,8-diazabicyclo[3.2.1]octan-3-ylcarbonyl)-1,2,3,4-tetrahydroquinolin-2(1H)-one",,O=C1CCc2c(cccc2C(=O)N2C[C@H]3CC[C@@H](C2)N3C(=O)C2C[C@@H]2Cl)N1,
88681,COCC[C@H](C)C(=O)N1[C@H]2CC[C@@H]1C[C@@H](NC(=O)C13CCC(C(F)F)(CC1)C3)C2,"(2S)-2-((1R,3R,5S)-3-((1-difluoromethylnorbornane-4-ylcarbonyl)amino)-8-azabicyclo[3.2.1]octan-8-ylcarbonyl)-5-oxahexane",,COCCC(C)C(=O)N1[C@@H]2CC[C@H]1C[C@H](NC(=O)C13CCC(C(F)F)(CC1)C3)C2,
88702,COCc1cc(C(=O)N[C@H]2[C@@H]3CN(C(=O)c4ncncc4Br)C[C@@H]32)no1,"(1S,5R)-3-(5-bromopyrimidin-4-ylcarbonyl)-6-((5-methoxymethylisoxazol-3-ylcarbonyl)amino)-3-azabicyclo[3.1.0]hexane",BrC=1C(=NC=NC1)C(=O)N1C[C@H]2C([C@H]2C1)NC(=O)C1=NOC(=C1)COC,COCc1cc(C(=O)N[C@H]2[C@@H]3CN(C(=O)c4ncncc4Br)C[C@@H]32)no1,COCc1cc(C(=O)NC2[C@H]3CN(C(=O)c4ncncc4Br)C[C@@H]23)no1
88775,C#CC[C@H](O)C(=O)NC[C@]1(F)C[C@H](CNC(=O)[C@H](C2CC2)N2CCCC2)C1,"(1S,3S,S)-1-fluoro-1-((((1S)-1-hydroxy-3-butyn-1-ylcarbonyl)amino)methyl)-3-((cyclopropyl(pyrrolidino)methylcarbonylamino)methyl)cyclobutane",,C#CCC(O)C(=O)NC[C@]1(F)C[C@H](CNC(=O)C(C2CC2)N2CCCC2)C1,
88828,CSCCCCC(=O)N[C@H]1C[C@@H]2CC[C@H](C1)N2C(=O)c1sccc1-n1cnnn1,"(1S,5R)-3-((4-methylsulfanylbutylcarbonyl)amino)-8-(3-(tetrazol-1-yl)-2-thienylcarbonyl)-8-azabicyclo[3.2.1]octane",CSCCCCC(=O)NC1C[C@@H]2CC[C@H](C1)N2C(=O)C=2SC=CC2N2N=NN=C2,CSCCCCC(=O)N[C@@H]1C[C@H]2CC[C@@H](C1)N2C(=O)c1sccc1-n1cnnn1,CSCCCCC(=O)NC1C[C@H]2CC[C@@H](C1)N2C(=O)c1sccc1-n1cnnn1
88835,CN(C(=O)C[C@@H]1CCNC(=O)C1)[C@H]1[C@@H]2CN(C(=O)CCC3CCCCC3)C[C@@H]21,"(1S,5R)-3-(2-(cyclohexyl)ethylcarbonyl)-6-(N-(((4R)-2-oxopiperidin-4-yl)methylcarbonyl)-N-methylamino)-3-azabicyclo[3.1.0]hexane",C1(CCCCC1)CCC(=O)N1C[C@H]2C([C@H]2C1)N(C)C(=O)C[C@H]1CC(NCC1)=O,CN(C(=O)C[C@@H]1CCNC(=O)C1)[C@H]1[C@@H]2CN(C(=O)CCC3CCCCC3)C[C@@H]21,CN(C(=O)C[C@@H]1CCNC(=O)C1)C1[C@H]2CN(C(=O)CCC3CCCCC3)C[C@@H]12
88837,CC/C=C/C[C@H](C)C(=O)N(CC)[C@@H]1CCCN(C(=O)c2ccc(CO)o2)CC1,"2-hydroxymethyl-5-((4R)-4-((3S)-N-((2S,4E)-hept-4-en-2-ylcarbonyl)-N-ethylamino)azepan-1-ylcarbonyl)furan",,CC/C=C/CC(C)C(=O)N(CC)[C@@H]1CCCN(C(=O)c2ccc(CO)o2)CC1,
88861,CC(C)CC(=O)N1CC[C@]2(C1)CN(C(=O)C13CC(CO)(C1)OC31COC1)CCO2,,,CC(C)CC(=O)N1CC[C@]2(C1)CN(C(=O)C13CC(CO)(C1)OC31COC1)CCO2,
88876,O=C(NC[C@H]1[C@@H]2CN(C(=O)c3csc(Cl)n3)C[C@H]12)c1cc2n(n1)C[C@@H](F)C2,"1-oxo-1-((7S)-7-fluoro-1,2-diazabicyclo[3.3.0]octa-2(3),4(5)-dien-3-yl)-3-((1S,5R)-3-(2-chlorothiazol-4-ylcarbonyl)-3-azabicyclo[3.1.0]hexane-6-yl)-2-azapropane",O=C(NCC1[C@H]2CN(C[C@@H]12)C(=O)C=1N=C(SC1)Cl)C1=NN2C[C@H](CC2=C1)F,O=C(NC[C@@H]1[C@H]2CN(C(=O)c3csc(Cl)n3)C[C@@H]12)c1cc2n(n1)C[C@@H](F)C2,O=C(NCC1[C@H]2CN(C(=O)c3csc(Cl)n3)C[C@@H]12)c1cc2n(n1)C[C@@H](F)C2
89077,O=C(C[C@@H]1C[C@H]2C[C@H]2C1)NC1C[C@@H]2C(NC(=O)c3cccc(F)c3)[C@H]2C1,"1-oxo-1-(((1S,5S)-6-((3-fluorobenzoyl)amino)bicyclo[3.1.0]hexane-3-yl)amino)-2-((1S,5R)-bicyclo[3.1.0]hexane-3-yl)-ethane",O=C(CC1C[C@@H]2C[C@@H]2C1)NC1C[C@@H]2C([C@H]2C1)NC(C1=CC(=CC=C1)F)=O,O=C(C[C@H]1C[C@@H]2C[C@@H]2C1)NC1C[C@@H]2C(NC(=O)c3cccc(F)c3)[C@H]2C1,O=C(CC1C[C@@H]2C[C@@H]2C1)NC1C[C@@H]2C(NC(=O)c3cccc(F)c3)[C@H]2C1
89123,CS[C@H](C(=O)N1CCC([C@@H](C)CNC(=O)c2ccc3c(c2)CC3)CC1)C1CC1,(1S)-1-cyclopropyl-1-(4-((1R)-1-(((benzocyclobutene-6-ylcarbonyl)amino)methyl)-ethyl)piperidinocarbonyl)-2-thiapropane,C1(CC1)[C@H](SC)C(=O)N1CCC(CC1)[C@@H](C)CNC(=O)C1=CC=CC2=C1C=C2,CSC(C(=O)N1CCC([C@@H](C)CNC(=O)c2ccc3c(c2)CC3)CC1)C1CC1,CSC(C(=O)N1CCC([C@@H](C)CNC(=O)c2cccc3c2C=C3)CC1)C1CC1
89127,Cc1cc(N[C@H]2C[C@@](F)(CNC(=O)c3ccncc3)C2)n2nc(C)cc2n1,"2,5-dimethyl-7-(N-(3-fluoro-3-(((4-pyridylcarbonyl)amino)methyl)cyclobutyl)amino)-pyrimido[1,2-b]pyrazole",CC=1C=C2N(N1)C(=CC(=N2)C)NC2CC(C2)(CNC(=O)C2=CC=NC=C2)F,Cc1cc(N[C@H]2C[C@@](F)(CNC(=O)c3ccncc3)C2)n2nc(C)cc2n1,Cc1cc(NC2CC(F)(CNC(=O)c3ccncc3)C2)n2nc(C)cc2n1
89162,CCCn1ncc(C(=O)N2C[C@H]3[C@H](CNC(=O)C4=CCCCCC4)[C@H]3C2)c1C,"(1S,5R)-3-(5-methyl-1-propylpyrazol-4-ylcarbonyl)-6-(((cyclohept-1-en-1-ylcarbonyl)amino)methyl)-3-azabicyclo[3.1.0]hexane",CC1=C(C=NN1CCC)C(=O)N1C[C@H]2C([C@H]2C1)CNC(=O)C1=CCCCCC1,CCCn1ncc(C(=O)N2C[C@@H]3[C@@H](CNC(=O)C4=CCCCCC4)[C@@H]3C2)c1C,CCCn1ncc(C(=O)N2C[C@@H]3C(CNC(=O)C4=CCCCCC4)[C@@H]3C2)c1C
89219,Cc1cc(C(=O)NC[C@@H]2C[C@H]3CC[C@H]2N(C(=O)c2c[nH]nc2S(N)(=O)=O)C3)c[nH]1,"1-(3-(((((1R,4R,8S)-2-(3-aminosulfonyl-1H-pyrazol-4-ylcarbonyl)-2-azabicyclo[2.2.2]octane-8-yl)methyl)amino)carbonyl)-1H-pyrrol-5-yl)-methane",NS(=O)(=O)C1=NNC=C1C(=O)N1[C@@H]2CC[C@@H](C1)[C@H](C2)CNC(=O)C2=CNC(=C2)C,Cc1cc(C(=O)NC[C@@H]2C[C@H]3CC[C@H]2N(C(=O)c2c[nH]nc2S(N)(=O)=O)C3)c[nH]1,Cc1cc(C(=O)NC[C@H]2C[C@H]3CC[C@H]2CN3C(=O)c2c[nH]nc2S(N)(=O)=O)c[nH]1
89309,CCC[C@H](C(=O)N[C@H]1C[C@@](C)(NC(=O)CC[C@@H](C)OC)C1)C(C)C,"(1R,3S)-1-methyl-1-(((3R)-3-methyl-4-oxapentylcarbonyl)amino)-3-(((3S)-2-methyl-hexan-3-ylcarbonyl)amino)cyclobutane",,CCCC(C(=O)N[C@H]1C[C@@](C)(NC(=O)CC[C@@H](C)OC)C1)C(C)C,
89326,Cc1ccn2ncc(C(=O)N3C[C@H]4[C@H](CNC(=O)CC(F)F)[C@H]4C3)c2c1,"(1S,5R)-3-(4-methyl-1,9-diazabicyclo[4.3.0]nona-2(3),4(5),6(7),8(9)-tetraen-7-ylcarbonyl)-6-(((2,2-difluoroethylcarbonyl)amino)methyl)-3-azabicyclo[3.1.0]hexane",CC=1C=CN2N=CC(=C2C1)C(=O)N1C[C@H]2C([C@H]2C1)CNC(=O)CC(F)F,Cc1ccn2ncc(C(=O)N3C[C@@H]4[C@@H](CNC(=O)CC(F)F)[C@@H]4C3)c2c1,Cc1ccn2ncc(C(=O)N3C[C@@H]4C(CNC(=O)CC(F)F)[C@@H]4C3)c2c1
89463,C#CC[C@]1(O)C[C@@H](C(=O)NC[C@H]2CCCN2C(=O)[C@H](O)c2ccc(Cl)c(Cl)c2)C1,"(2R)-1-((1R)-1-(3,4-dichlorophenyl)-2-oxaethylcarbonyl)-2-((((3S)-3-hydroxy-3-propargylcyclobutylcarbonyl)amino)methyl)pyrrolidin",,C#CCC1(O)CC(C(=O)NC[C@H]2CCCN2C(=O)C(O)c2ccc(Cl)c(Cl)c2)C1,
89479,CCn1cnc2c(NC[C@@H](F)CO)[nH]c(=NCCc3ccccc3C3CC3)nc21,1-(2-(2-(N-(9-ethyl-6-(((2R)-2-fluoro-4-oxabutyl)amino)purin-2-ylidene)amino)ethyl)phenyl)cyclopropan,,CCn1cnc2c(NC[C@@H](F)CO)nc(NCCc3ccccc3C3CC3)nc21,
89495,O=C([C@@H]1CCC2(CCC2)C1)N(CCC(=O)N1[C@H]2CC[C@@H]1C[C@H](O)C2)CC1CC1,"(1S,3R,5R)-3-hydroxy-8-(2-(N-((7R)-spiro[3.4]octane-7-ylcarbonyl)-N-cyclopropylmethylamino)ethylcarbonyl)-8-azabicyclo[3.2.1]octane",,O=C(C1CCC2(CCC2)C1)N(CCC(=O)N1[C@@H]2CC[C@H]1C[C@@H](O)C2)CC1CC1,
89557,CC1(CC(=O)NC[C@]2(F)C[C@H](N=c3[nH]ccn4nnnc34)C2)CC1,"5-((3-fluoro-3-((((1-methylcyclopropyl)methylcarbonyl)amino)methyl)cyclobutyl)imino)-1,4,7,8,9-pentaazabicyclo[4.3.0]nona-2(3),6(7),8(9)-triene",FC1(CC(C1)N=C1NC=CN2N=NN=C12)CNC(=O)CC1(CC1)C,CC1(CC(=O)NC[C@]2(F)C[C@H](Nc3nccn4nnnc34)C2)CC1,CC1(CC(=O)NCC2(F)CC(Nc3nccn4nnnc34)C2)CC1
89564,O=C(COCC1CCOCC1)N[C@H]1C[C@@H]2CN(C(=O)CCOC3CC3)C[C@@H]2C1,"(1S,5R)-3-(2-((cyclopropyl)oxy)ethylcarbonyl)-7-((((oxan-4-yl)methyl)oxymethylcarbonyl)amino)-3-azabicyclo[3.3.0]octane",C1(CC1)OCCC(=O)N1C[C@H]2CC(C[C@H]2C1)NC(=O)COCC1CCOCC1,O=C(COCC1CCOCC1)N[C@H]1C[C@@H]2CN(C(=O)CCOC3CC3)C[C@@H]2C1,O=C(COCC1CCOCC1)NC1C[C@@H]2CN(C(=O)CCOC3CC3)C[C@@H]2C1
89587,CCCC[C@@](C)(F)C(=O)N1C[C@H]2[C@H](CN(C)C(=O)c3ccnc4ncnn34)[C@H]2C1,"(1S,5R,6R)-3-((2R)-2-fluoro-hexan-2-ylcarbonyl)-6-((N-(1,5,7,9-tetraazabicyclo[4.3.0]nona-2(3),4(5),6(7),8(9)-tetraen-2-ylcarbonyl)-N-methylamino)methyl)-3-azabicyclo[3.1.0]hexane",,CCCC[C@@](C)(F)C(=O)N1C[C@@H]2[C@@H](CN(C)C(=O)c3ccnc4ncnn34)[C@@H]2C1,
89591,C[C@H]1NC2(C(=O)NC[C@H]3C[C@](O)(C(F)F)C3)CC1C2,1-((3R)-1-(((((3S)-3-difluoromethyl-3-hydroxycyclobutyl)methyl)amino)carbonyl)-2-azabicyclo[2.1.1]hexane-3-yl)-methane,,C[C@H]1NC2(C(=O)NC[C@H]3C[C@](O)(C(F)F)C3)CC1C2,
89695,CN1C[C@H](C(=O)N(C)[C@H]2CC[C@H](CNC(=O)[C@@]3(C)CCCNC3=O)CC2)CC1=O,"(4R)-1-methyl-4-(N-((1S,4R)-4-((((3S)-3-methyl-2-oxopiperidin-3-ylcarbonyl)amino)methyl)cyclohexyl)-N-methylcarbamoyl)pyrrolidin-2-on",,CN1CC(C(=O)N(C)[C@H]2CC[C@H](CNC(=O)[C@@]3(C)CCCNC3=O)CC2)CC1=O,
89746,CN(C(=O)COCC1CC1)[C@H]1C[C@@H]2CC[C@H](C1)N2C(=O)[C@H](O)c1ccsc1,"(1S,3S,5R)-3-(N-cyclopropylmethoxymethylcarbonyl-N-methylamino)-8-((1R)-1-(3-thienyl)-2-oxaethylcarbonyl)-8-azabicyclo[3.2.1]octane",,CN(C(=O)COCC1CC1)[C@@H]1C[C@H]2CC[C@@H](C1)N2C(=O)C(O)c1ccsc1,
89781,CCC1C[C@@H]2CC[C@H](C1)N2C(=O)[C@@H](C)[C@H]1CCN(C(=O)c2cc(O)ncc2F)C1,"(S,R)-1-(5-fluoro-2-hydroxy-4-pyridylcarbonyl)-3-(1-((1R,5S)-3-ethyl-8-azabicyclo[3.2.1]octan-8-ylcarbonyl)-ethyl)pyrrolidin",FC=1C(=CC(=NC1)O)C(=O)N1C[C@@H](CC1)[C@@H](C)C(=O)N1[C@H]2CC(C[C@@H]1CC2)CC,CCC1C[C@H]2CC[C@@H](C1)N2C(=O)C(C)[C@H]1CCN(C(=O)c2cc(=O)[nH]cc2F)C1,CCC1C[C@H]2CC[C@@H](C1)N2C(=O)C(C)[C@@H]1CCN(C(=O)c2cc(=O)[nH]cc2F)C1
89809,CCC(CC)C(=O)N[C@@H]1C[C@H]2CC[C@@H]1[C@@H](NC(=O)CN1CCOCC1=O)C2,"(1R,3R,4S,7S)-3-((pentan-3-ylcarbonyl)amino)-7-(((3-oxomorpholino)methylcarbonyl)amino)-bicyclo[2.2.2]octane",CCC(CC)C(=O)N[C@@H]1C[C@H]2CC[C@H]1C[C@@H]2NC(=O)CN2C(COCC2)=O,CCC(CC)C(=O)N[C@@H]1C[C@H]2CC[C@@H]1[C@@H](NC(=O)CN1CCOCC1=O)C2,CCC(CC)C(=O)N[C@@H]1C[C@H]2CC[C@H]1C[C@@H]2NC(=O)CN1CCOCC1=O
89813,CC1(C)O[C@H]2C[C@H](NC(=O)Nc3cnc4c(F)cccc4c3)C[C@H]2O1,"8-fluoro-3-(((((1R,5S)-3,3-dimethyl-2,4-dioxabicyclo[3.3.0]octan-7-yl)amino)carbonyl)amino)-pyrido[2,3-a]benzene",FC=1C=CC=C2C1N=CC(=C2)NC(=O)NC2C[C@@H]1OC(O[C@@H]1C2)(C)C,CC1(C)O[C@H]2C[C@H](NC(=O)Nc3cnc4c(F)cccc4c3)C[C@H]2O1,CC1(C)O[C@H]2CC(NC(=O)Nc3cnc4c(F)cccc4c3)C[C@H]2O1
89857,O=C(CC(C1CC1)C1CC1)NC[C@]1(F)C[C@@H](NC(=O)c2ccnc3c2CCO3)C1,"5-(((3-fluoro-3-(((2,2-dicyclopropyl-ethylcarbonyl)amino)methyl)cyclobutyl)amino)carbonyl)-2-aza-9-oxabicyclo[4.3.0]nona-1(2),3(4),5(6)-triene",FC1(CC(C1)NC(=O)C=1C=CN=C2OCCC12)CNC(=O)CC(C1CC1)C1CC1,O=C(CC(C1CC1)C1CC1)NC[C@]1(F)C[C@@H](NC(=O)c2ccnc3c2CCO3)C1,O=C(CC(C1CC1)C1CC1)NCC1(F)CC(NC(=O)c2ccnc3c2CCO3)C1
89959,C[C@@H]1CC[C@H](CC(=O)N[C@]2(C)C[C@@H](NC(=O)c3cccc(OCC(F)F)c3)C2)C1,"(1R,3S)-1-methyl-3-(2-oxo-3-((3S)-1-methyl-3-(N-(3-(2,2-difluoroethoxy)benzoyl)amino)cyclobutyl)-3-azapropyl)cyclopentane",,C[C@@H]1CC[C@H](CC(=O)N[C@]2(C)C[C@@H](NC(=O)c3cccc(OCC(F)F)c3)C2)C1,
89971,Cc1ccc(CCC(=O)N[C@H]2C[C@](C)(NC(=O)C[C@H]3CCCC[C@H]3C)C2)c(C)c1,"2,4-dimethyl-1-(3-oxo-4-((1R)-3-methyl-3-((((1R,2R)-2-methylcyclohexyl)methylcarbonyl)amino)cyclobutyl)-4-azabutyl)benzene",,Cc1ccc(CCC(=O)N[C@H]2C[C@](C)(NC(=O)C[C@H]3CCCC[C@H]3C)C2)c(C)c1,
89994,Cc1ccc(C(=O)N(C)[C@H](C)CN(C)C(=O)[C@@H]2CNC(=O)c3ccnn32)o1,"(7S)-7-(N-((2R)-2-methyl-3-(2-methyl-5-furylcarbonyl)-3-azabutyl)-N-methylcarbamoyl)-4,5,6,7-tetrahydropyrazolo[1,5-a]pyrazin-4(5H)-one",,Cc1ccc(C(=O)N(C)[C@H](C)CN(C)C(=O)C2CNC(=O)c3ccnn32)o1,
90001,C#CC[C@H](O)C(=O)NC[C@]1(F)C[C@@H](CNC(=O)c2c[nH]c(=N)s2)C1,2-imino-5-(((((1R)-3-fluoro-3-((((1S)-1-hydroxy-3-butyn-1-ylcarbonyl)amino)methyl)cyclobutyl)methyl)amino)carbonyl)thiazol,,C#CCC(O)C(=O)NC[C@]1(F)C[C@@H](CNC(=O)c2cnc(N)s2)C1,
90095,Cc1cccc(C(=O)N2C[C@@H]3C[C@@H]3[C@H]2C(=O)N(C)Cc2cccc(C)n2)c1,"1-(2-methyl-6-pyridyl)-2-((1S,4S,5R)-3-(3-methylbenzoyl)-3-azabicyclo[3.1.0]hexane-4-ylcarbonyl)-2-azapropane",CC1=NC(=CC=C1)CN(C)C(=O)[C@H]1N(C[C@H]2C[C@@H]12)C(C1=CC(=CC=C1)C)=O,Cc1cccc(C(=O)N2C[C@@H]3C[C@@H]3C2C(=O)N(C)Cc2cccc(C)n2)c1,Cc1cccc(C(=O)N2C[C@H]3C[C@H]3C2C(=O)N(C)Cc2cccc(C)n2)c1
90118,CC(C)(C(=O)NC[C@]1(F)C[C@@H](NC(=O)[C@@]2(C#N)CCCOC2)C1)c1cscc1Cl,"3-chloro-4-(1,1-dimethyl-2-oxo-4-((1S)-1-fluoro-3-(((3R)-3-cyanooxan-3-ylcarbonyl)amino)cyclobutyl)-3-azabutyl)thiofuran",,CC(C)(C(=O)NC[C@]1(F)C[C@@H](NC(=O)[C@@]2(C#N)CCCOC2)C1)c1cscc1Cl,
90127,Cn1c(C(=O)N2[C@H]3CC[C@@H]2C[C@](O)(CNC(=O)CNC(N)=O)C3)cnc1[N+](=O)[O-],"(1S,5R)-3-hydroxy-3-(((3-oxo-2,4-diazabutylcarbonyl)amino)methyl)-8-(1-methyl-2-nitroimidazol-5-ylcarbonyl)-8-azabicyclo[3.2.1]octane",OC1(C[C@@H]2CC[C@H](C1)N2C(=O)C2=CN=C(N2C)[N+](=O)[O-])CNC(=O)CNC(N)=O,Cn1c(C(=O)N2[C@@H]3CC[C@H]2C[C@@](O)(CNC(=O)CNC(N)=O)C3)cnc1[N+](=O)[O-],Cn1c(C(=O)N2[C@@H]3CC[C@H]2CC(O)(CNC(=O)CNC(N)=O)C3)cnc1[N+](=O)[O-]
90245,O=C(NC[C@H]1C[C@@](F)(CNC(=O)c2c(Cl)cnn2C2CCCC2)C1)c1cc[nH]c1,3-((((3-fluoro-3-(((4-chloro-1-cyclopentylpyrazol-5-ylcarbonyl)amino)methyl)cyclobutyl)methyl)amino)carbonyl)-1H-pyrrole,FC1(CC(C1)CNC(=O)C1=CNC=C1)CNC(=O)C1=C(C=NN1C1CCCC1)Cl,O=C(NC[C@H]1C[C@@](F)(CNC(=O)c2c(Cl)cnn2C2CCCC2)C1)c1cc[nH]c1,O=C(NCC1CC(F)(CNC(=O)c2c(Cl)cnn2C2CCCC2)C1)c1cc[nH]c1
90256,O=C(NC1CN(C(=O)c2csc3c(F)cccc23)C1)[C@@H]1[C@@H]2C[C@H]2[C@H]2C[C@H]21,"7-fluoro-3-(3-(((1R,2R,3R,5R,6S)-tricyclo[4.1.0.0^3,5]heptan-2-ylcarbonyl)amino)azetidin-1-ylcarbonyl)-thieno[2,3-a]benzene",,O=C(NC1CN(C(=O)c2csc3c(F)cccc23)C1)C1[C@@H]2C[C@@H]2[C@@H]2C[C@@H]12,
90360,CN(C)c1ccc2cc(CN3C[C@H]4[C@@H](C3)[N@]4S(=O)(=O)CC3CC3)ccc2c1,"3-(dimethylamino)-7-(((1R,5S)-6-cyclopropylmethylsulfonyl-3,6-diazabicyclo[3.1.0]hexan-3-yl)methyl)naphthalen",CN(C=1C=CC2=CC(=CC=C2C1)CN1C[C@H]2N([C@H]2C1)S(=O)(=O)CC1CC1)C,CN(C)c1ccc2cc(CN3C[C@@H]4[C@H](C3)[N@@]4S(=O)(=O)CC3CC3)ccc2c1,CN(C)c1ccc2cc(CN3C[C@@H]4[C@H](C3)N4S(=O)(=O)CC3CC3)ccc2c1
90385,C[C@@H](Sc1nncn1C)C(=O)N[C@H]1C[C@](C)(NC(=O)c2ccsn2)C1,"(R)-4-methyl-3-(1-methyl-2-oxo-3-((3R)-3-methyl-3-((isothiazol-3-carbonyl)amino)cyclobutyl)-3-azapropylsulfanyl)-1,2,4-triazol",,CC(Sc1nncn1C)C(=O)N[C@H]1C[C@](C)(NC(=O)c2ccsn2)C1,
90497,CCC[C@H](C(=O)NC[C@@H](O)CN(C)C(=O)c1ccccc1N=S(C)(C)=O)C(C)C,,,CCCC(C(=O)NC[C@@H](O)CN(C)C(=O)c1ccccc1N=S(C)(C)=O)C(C)C,
90527,C#C[C@]1(O)C[C@@H](C(=O)N[C@H](C(=O)N2CCC(CC)CC2)C2(O)CCC2)C1,1-((1R)-1-hydroxy-3-((((1S)-1-(1-hydroxycyclobutyl)-1-(4-ethylpiperidinocarbonyl)-methyl)amino)carbonyl)cyclobutyl)ethyn,,C#CC1(O)CC(C(=O)NC(C(=O)N2CCC(CC)CC2)C2(O)CCC2)C1,
90605,C[C@H](C(=O)N[C@H]1C[C@@H]2C[C@H](C1)CN(C(=O)c1coc(C#N)c1)C2)N1CCSCC1,"(1S,5R)-3-(2-cyano-4-furylcarbonyl)-7-(((1R)-1-(thiamorpholin-4-yl)-ethylcarbonyl)amino)-3-azabicyclo[3.3.1]nonane",C(#N)C=1OC=C(C1)C(=O)N1C[C@@H]2CC(C[C@H](C1)C2)NC(=O)[C@@H](C)N2CCSCC2,CC(C(=O)N[C@@H]1C[C@H]2C[C@@H](C1)CN(C(=O)c1coc(C#N)c1)C2)N1CCSCC1,CC(C(=O)NC1C[C@@H]2C[C@H](C1)CN(C(=O)c1coc(C#N)c1)C2)N1CCSCC1
90652,CCCN1CCCC[C@@H]1C(=O)NCC[C@H]1CCCN1C(=O)C#CC1CCCC1,(2R)-1-cyclopentylethynylcarbonyl-2-(2-(((2R)-1-propylpiperidin-2-ylcarbonyl)amino)ethyl)pyrrolidin,,CCCN1CCCCC1C(=O)NCC[C@H]1CCCN1C(=O)C#CC1CCCC1,
90659,Cc1nn(C)c(C(=O)N2C[C@H]3[C@H](CNC(=O)c4ccsc4C#N)[C@H]3C2)c1Br,"(1S,5R)-3-(4-bromo-1,3-dimethylpyrazol-5-ylcarbonyl)-6-(((2-cyano-3-thienylcarbonyl)amino)methyl)-3-azabicyclo[3.1.0]hexane",BrC=1C(=NN(C1C(=O)N1C[C@H]2C([C@H]2C1)CNC(=O)C1=C(SC=C1)C#N)C)C,Cc1nn(C)c(C(=O)N2C[C@@H]3[C@@H](CNC(=O)c4ccsc4C#N)[C@@H]3C2)c1Br,Cc1nn(C)c(C(=O)N2C[C@@H]3C(CNC(=O)c4ccsc4C#N)[C@@H]3C2)c1Br
90665,C[C@H](C(=O)N[C@H]1C[C@](C)(NC(=O)c2cc3c(cc2N)OCO3)C1)N1CCNC1=O,"3-amino-4-((((1R)-1-methyl-3-(((1R)-1-(2-oxoimidazolidin-1-yl)-ethylcarbonyl)amino)cyclobutyl)amino)carbonyl)-7,9-dioxabicyclo[4.3.0]nona-1(6),2(3),4(5)-triene",,CC(C(=O)N[C@H]1C[C@](C)(NC(=O)c2cc3c(cc2N)OCO3)C1)N1CCNC1=O,
90719,CCO[C@@H](C(=O)N[C@H]1C[C@H](CNC(=O)[C@@](C)(NC(C)=O)C2CC2)C1)C(C)C,"(4S)-4-cyclopropyl-4-methyl-3,6-dioxo-1-((1R,3S)-3-(((1R)-1-isopropyl-2-oxabutylcarbonyl)amino)cyclobutyl)-2,5-diazaheptane",,CCOC(C(=O)N[C@H]1C[C@H](CNC(=O)[C@@](C)(NC(C)=O)C2CC2)C1)C(C)C,
90739,CO[C@H](C(=O)N1C[C@H]2[C@H](CC(=O)NOC[C@@H](O)CO)[C@H]2C1)C1CCC1,"(1S,5R,6R)-3-((1S)-1-cyclobutyl-2-oxapropylcarbonyl)-6-((6S)-6-hydroxy-2-oxo-3-aza-4,8-dioxaoctyl)-3-azabicyclo[3.1.0]hexane",,COC(C(=O)N1C[C@@H]2[C@@H](CC(=O)NOC[C@@H](O)CO)[C@@H]2C1)C1CCC1,
90791,CC(C(=O)N1CCC(N(CCO)C(=O)[C@H]2CCC[C@@H](C)O2)CC1)=C1CCCC1,"1-((4-(N-((2R,6R)-2-methyloxan-6-ylcarbonyl)-N-(3-oxapropyl)amino)piperidinocarbonyl)methylmethylidene)cyclopentan",C[C@H]1O[C@H](CCC1)C(=O)N(CCO)C1CCN(CC1)C(=O)CC=C1CCCC1,CC(C(=O)N1CCC(N(CCO)C(=O)C2CCC[C@@H](C)O2)CC1)=C1CCCC1,C[C@@H]1CCCC(C(=O)N(CCO)C2CCN(C(=O)CC=C3CCCC3)CC2)O1
90868,Fc1cc(F)cc(N2CCC[C@H](N=c3[nH]c4cc(F)cc(F)c4[nH]3)C2)c1,"1-((3S)-1-(3,5-difluorophenyl)piperidin-3-yl)-1-(5,7-difluorobenzimidazole-2-ylidene)-1-azamethane",FC=1C=C(C=C(C1)F)N1C[C@H](CCC1)N=C1N=C2C(=N1)C(=CC(=C2)F)F,Fc1cc(F)cc(N2CCC[C@H](Nc3nc4c(F)cc(F)cc4[nH]3)C2)c1,Fc1cc(F)cc(N2CCC[C@H](N=C3N=c4cc(F)cc(F)c4=N3)C2)c1
90872,Cc1cc(C(=O)N[C@@H]2C[C@H]3CC[C@H]2N(C(=O)[C@@H]2CCCS2)C3)n2nc(C)cc2n1,"2,5-dimethyl-7-((((1R,4R,8R)-2-((2S)-thiolan-2-ylcarbonyl)-2-azabicyclo[2.2.2]octane-8-yl)amino)carbonyl)-pyrimido[1,2-b]pyrazole",CC=1C=C2N(N1)C(=CC(=N2)C)C(=O)N[C@@H]2C[C@@H]1N(C[C@H]2CC1)C(=O)[C@H]1SCCC1,Cc1cc(C(=O)N[C@@H]2C[C@H]3CC[C@H]2N(C(=O)C2CCCS2)C3)n2nc(C)cc2n1,Cc1cc(C(=O)N[C@@H]2C[C@H]3CC[C@@H]2CN3C(=O)C2CCCS2)n2nc(C)cc2n1
90907,C[C@H]1C[C@H](NCc2ccc3c(c2)NC(=O)[C@@H](C)O3)C[C@@H](C)S1(=O)=O,"(3R)-3-methyl-4-oxo-8-((((2R,6S)-2,6-dimethyl-1,1-dioxothian-4-yl)amino)methyl)-5-aza-2-oxabicyclo[4.4.0]deca-1(6),7(8),9(10)-triene",C[C@H]1OC=2C=CC(=CC2NC1=O)CNC1C[C@H](S([C@H](C1)C)(=O)=O)C,CC1Oc2ccc(CN[C@@H]3C[C@@H](C)S(=O)(=O)[C@@H](C)C3)cc2NC1=O,CC1Oc2ccc(CNC3C[C@@H](C)S(=O)(=O)[C@@H](C)C3)cc2NC1=O
91128,O=C(N[C@H]1C[C@@H]2CC[C@H](C1)N2C(=O)Cn1cncn1)[C@@H]1CCc2cncn2C1,"(3R)-3-((((1R,5S)-8-((1,2,4-triazol-1-yl)methylcarbonyl)-8-azabicyclo[3.2.1]octan-3-yl)amino)carbonyl)-1,8-diazabicyclo[4.3.0]nona-6(7),8(9)-diene",N1(N=CN=C1)CC(=O)N1[C@H]2CC(C[C@@H]1CC2)NC(=O)[C@H]2CN1C=NC=C1CC2,O=C(N[C@@H]1C[C@H]2CC[C@@H](C1)N2C(=O)Cn1cncn1)C1CCc2cncn2C1,O=C(NC1C[C@H]2CC[C@@H](C1)N2C(=O)Cn1cncn1)C1CCc2cncn2C1
91144,CCCCC(=O)NCCCCN(C)C(=O)[C@H]1CN(C)C[C@H](C)O1,"(R,S)-2,4-dimethyl-N-(6-oxo-5-azadecyl)-N-methyl-morpholin-6-carboxamide",C[C@@H]1CN(C[C@H](O1)C(=O)N(C)CCCCNC(CCCC)=O)C,CCCCC(=O)NCCCCN(C)C(=O)C1CN(C)C[C@H](C)O1,CCCCC(=O)NCCCCN(C)C(=O)C1CN(C)C[C@@H](C)O1
91190,C[C@H](CC(=O)N1C[C@H]2[C@H](N(C)C(=O)C3CN(c4nncs4)C3)[C@H]2C1)c1ccco1,"(1S,5R,6S)-3-((2R)-2-(2-furyl)-propylcarbonyl)-6-(N-(1-(1,3,4-thiadiazol-2-yl)azetidin-3-ylcarbonyl)-N-methylamino)-3-azabicyclo[3.1.0]hexane",,C[C@H](CC(=O)N1C[C@@H]2[C@H](C1)[C@H]2N(C)C(=O)C1CN(c2nncs2)C1)c1ccco1,
91222,Cc1nc(CC(=O)N[C@@H]2C[C@H]3CC[C@@H]2[C@@H](NC(=O)c2cc(C(N)=O)c[nH]2)C3)n[nH]1,"(1R,3R,4S,7S)-3-(((3-methyl-2H-1,2,4-triazol-5-yl)methylcarbonyl)amino)-7-((3-carbamyl-1H-pyrrol-5-ylcarbonyl)amino)-bicyclo[2.2.2]octane",CC=1NN=C(N1)CC(=O)N[C@@H]1C[C@H]2CC[C@H]1C[C@@H]2NC(=O)C2=CC(=CN2)C(N)=O,Cc1n[nH]c(CC(=O)N[C@@H]2C[C@H]3CC[C@@H]2[C@@H](NC(=O)c2cc(C(N)=O)c[nH]2)C3)n1,Cc1n[nH]c(CC(=O)N[C@@H]2C[C@H]3CC[C@H]2C[C@@H]3NC(=O)c2cc(C(N)=O)c[nH]2)n1
91225,CCCCCCCC(=O)N[C@H]1[C@@H]2CN(C(=O)c3cnn4ncccc34)C[C@@H]21,"7-((1S,5R)-6-(octanoylamino)-3-azabicyclo[3.1.0]hexane-3-ylcarbonyl)-1,2,9-triazabicyclo[4.3.0]nona-2(3),4(5),6(7),8(9)-tetraene",C(CCCCCCC)(=O)NC1[C@H]2CN(C[C@@H]12)C(=O)C1=C2C=CC=NN2N=C1,CCCCCCCC(=O)N[C@H]1[C@@H]2CN(C(=O)c3cnn4ncccc34)C[C@@H]21,CCCCCCCC(=O)NC1[C@H]2CN(C(=O)c3cnn4ncccc34)C[C@@H]12
91272,COc1sccc1C(=O)N1C[C@](C)(C(=O)N2C[C@H]3C[C@@H](O)C[C@H]3C2)CC1(C)C,"(1S,5R,7R)-7-hydroxy-3-((4R)-2,2,4-trimethyl-1-(2-methoxy-3-thienylcarbonyl)pyrrolidin-4-ylcarbonyl)-3-azabicyclo[3.3.0]octane",,COc1sccc1C(=O)N1C[C@](C)(C(=O)N2C[C@H]3C[C@@H](O)C[C@H]3C2)CC1(C)C,
91379,CC(C)c1cc(=NCCC2CCN(C(=O)C=C3CCN(C)C3)CC2)[nH]cn1,,,CC(C)c1cc(NCCC2CCN(C(=O)C=C3CCN(C)C3)CC2)ncn1,
91389,C[C@H](O)C(=O)N[C@@H]1CN(C(=O)[C@H]2CC[C@@](C)(F)CC2)C2(CCCC2)C1,(8S)-6-((4R)-4-fluoro-4-methylcyclohexylcarbonyl)-8-(((1S)-1-hydroxy-ethylcarbonyl)amino)-6-azaspiro[4.4]nonane,,CC(O)C(=O)N[C@@H]1CN(C(=O)C2CCC(C)(F)CC2)C2(CCCC2)C1,
91396,CCC1(CNC(=NCc2ccc(S(C)(=O)=O)s2)N[C@H]2C[C@@H]2C)CCCCCCC1,(trans)-1-methyl-2-(N-(1-(((1-ethylcyclooctyl)methyl)amino)-3-(2-mesyl-5-thienyl)-2-azapropen-1-yl)amino)cyclopropane,C[C@H]1[C@@H](C1)NC(=NCC1=CC=C(S1)S(=O)(=O)C)NCC1(CCCCCCC1)CC,CCC1(CN=C(NCc2ccc(S(C)(=O)=O)s2)N[C@H]2C[C@@H]2C)CCCCCCC1,CCC1(CN=C(NCc2ccc(S(C)(=O)=O)s2)N[C@@H]2C[C@H]2C)CCCCCCC1
91420,CN1CC=CC[C@H]1CC(=O)N[C@H]1C[C@](C)(NC(=O)c2cn([C@@H]3CCOC3)cn2)C1,"1-((3R)-oxolan-3-yl)-4-((((1S,3R)-1-methyl-3-((((2S)-1-methyl-1-azacyclohex-4-ene-2-yl)methylcarbonyl)amino)cyclobutyl)amino)carbonyl)imidazol",,CN1CC=CC[C@H]1CC(=O)N[C@H]1C[C@](C)(NC(=O)c2cn([C@@H]3CCOC3)cn2)C1,
91445,CC(=O)c1cc(C(=O)N[C@H]2C[C@@](F)(CNC(=O)Cc3cccnc3C)C2)n(C)c1,2-oxo-1-(2-methyl-3-pyridyl)-4-(1-fluoro-3-((1-methyl-3-(acetyl)-1H-pyrrol-5-ylcarbonyl)amino)cyclobutyl)-3-azabutane,O=C(CC=1C(=NC=CC1)C)NCC1(CC(C1)NC(=O)C1=CC(=CN1C)C(C)=O)F,CC(=O)c1cc(C(=O)N[C@H]2C[C@@](F)(CNC(=O)Cc3cccnc3C)C2)n(C)c1,CC(=O)c1cc(C(=O)NC2CC(F)(CNC(=O)Cc3cccnc3C)C2)n(C)c1
91496,CCC[C@@H](C)C(=O)NC[C@]1(F)C[C@H](CNC(=O)[C@@H](C)c2ccc(Br)s2)C1,"(1R,3R)-1-fluoro-1-((((2R)-pentan-2-ylcarbonyl)amino)methyl)-3-((((1R)-1-(2-bromo-5-thienyl)-ethylcarbonyl)amino)methyl)cyclobutane",,CCCC(C)C(=O)NC[C@]1(F)C[C@H](CNC(=O)C(C)c2ccc(Br)s2)C1,
91585,C=C=C[C@@H](C)C(=O)N1CC(O)(CN(C)C(=O)C23CC(C)(C2)OC32CCC2)C1,,,C=C=CC(C)C(=O)N1CC(O)(CN(C)C(=O)C23CC(C)(C2)OC32CCC2)C1,
91623,C[C@H](C(=O)N1C[C@@H](NC(=O)CC23CNC(=O)C(C2)C3)[C@H](C)C1)c1ccc(F)cc1,"1-(2-oxo-3-((3R,4S)-3-methyl-1-((1S)-1-(4-fluorophenyl)-ethylcarbonyl)pyrrolidin-4-yl)-3-azapropyl)-3-azabicyclo[3.1.1]heptane-4(3H)-one",,CC(C(=O)N1C[C@@H](C)[C@H](NC(=O)CC23CNC(=O)C(C2)C3)C1)c1ccc(F)cc1,
91652,CN1CC[C@@H](CC(=O)NC2CN(C(=O)[C@H]3C[C@](O)(c4cccnc4)C3)C2)C1,3-((1R)-1-hydroxy-3-(3-((((3S)-1-methylpyrrolidin-3-yl)methylcarbonyl)amino)azetidin-1-ylcarbonyl)cyclobutyl)pyridin,,CN1CC[C@@H](CC(=O)NC2CN(C(=O)C3CC(O)(c4cccnc4)C3)C2)C1,
91672,Cn1ccc(C(=O)N[C@H]2C[C@@H]3C[C@H](C2)CN(C(=O)[C@@H]2C[C@H]4C[C@@H]2CC4(F)F)C3)n1,"(1R,3R,4R)-6,6-difluoro-3-((1R,5S,7S)-7-((1-methylpyrazol-3-ylcarbonyl)amino)-3-azabicyclo[3.3.1]nonan-3-ylcarbonyl)norbornane",,Cn1ccc(C(=O)N[C@@H]2C[C@H]3C[C@@H](C2)CN(C(=O)C2C[C@H]4C[C@@H]2CC4(F)F)C3)n1,
91689,CCCn1cc(C(=O)N[C@H]2C[C@@H]2NC(=O)c2cccc(O)n2)c(C)n1,(trans)-1-((2-hydroxy-6-pyridylcarbonyl)amino)-2-((3-methyl-1-propylpyrazol-4-ylcarbonyl)amino)cyclopropane,OC1=NC(=CC=C1)C(=O)N[C@H]1[C@@H](C1)NC(=O)C=1C(=NN(C1)CCC)C,CCCn1cc(C(=O)N[C@H]2C[C@@H]2NC(=O)c2cccc(=O)[nH]2)c(C)n1,CCCn1cc(C(=O)N[C@@H]2C[C@H]2NC(=O)c2cccc(=O)[nH]2)c(C)n1
91805,COc1cccc(OCCC(=O)NC[C@H]2[C@@H]3CN(C(=O)c4cc(C)sn4)C[C@H]23)c1,"(1S,5R)-3-(5-methylisothiazol-3-ylcarbonyl)-6-(((2-(3-methoxyphenoxy)ethylcarbonyl)amino)methyl)-3-azabicyclo[3.1.0]hexane",CC1=CC(=NS1)C(=O)N1C[C@H]2C([C@H]2C1)CNC(=O)CCOC1=CC(=CC=C1)OC,COc1cccc(OCCC(=O)NC[C@@H]2[C@H]3CN(C(=O)c4cc(C)sn4)C[C@@H]23)c1,COc1cccc(OCCC(=O)NCC2[C@H]3CN(C(=O)c4cc(C)sn4)C[C@@H]23)c1
91808,CCN(CCN(CC)C(=O)[C@@H]1Cc2ccccc21)C(=O)CCCN1CCCCC1,"5-ethyl-4-oxo-1-piperidino-8-((2R)-benzocyclobutene-2-ylcarbonyl)-5,8-diazadecane",,CCN(CCN(CC)C(=O)C1Cc2ccccc21)C(=O)CCCN1CCCCC1,
91816,Cc1ncc(CCC(=O)N2[C@H]3CC[C@@H]2C[C@H](NC(=O)C[C@@H]2C[C@H]2C(F)(F)F)C3)o1,"(1S,5R)-3-((((1S,2R)-2-trifluoromethylcyclopropyl)methylcarbonyl)amino)-8-(2-(2-methyloxazol-5-yl)ethylcarbonyl)-8-azabicyclo[3.2.1]octane",FC([C@H]1[C@@H](C1)CC(=O)NC1C[C@@H]2CC[C@H](C1)N2C(=O)CCC2=CN=C(O2)C)(F)F,Cc1ncc(CCC(=O)N2[C@@H]3CC[C@H]2C[C@@H](NC(=O)C[C@@H]2C[C@H]2C(F)(F)F)C3)o1,Cc1ncc(CCC(=O)N2[C@@H]3CC[C@H]2CC(NC(=O)C[C@@H]2C[C@H]2C(F)(F)F)C3)o1
91818,C[C@@H]1CCCc2ncc(C(=O)N[C@H]3C[C@@H](CNC(=O)[C@H]4C[C@H]4F)C3)n21,"(2R)-2-methyl-9-((((1S,3S)-3-((((1R,2R)-2-fluorocyclopropylcarbonyl)amino)methyl)cyclobutyl)amino)carbonyl)-1,7-diazabicyclo[4.3.0]nona-6(7),8(9)-diene",,C[C@@H]1CCCc2ncc(C(=O)N[C@H]3C[C@@H](CNC(=O)C4C[C@H]4F)C3)n21,
91829,C[C@@H](CC(N)=O)C(=O)N[C@@H]1CCN(C(=O)C#CC2CC2)C12CCCC2,(4R)-1-cyclopropylethynylcarbonyl-4-(((2S)-4-amino-4-oxo-butan-2-ylcarbonyl)amino)-1-azaspiro[4.4]nonane,,CC(CC(N)=O)C(=O)N[C@@H]1CCN(C(=O)C#CC2CC2)C12CCCC2,
91896,O=C(NC[C@]1(F)C[C@H](NC(=O)c2ccc(CCO)cc2)C1)c1cnsc1,4-((((1-fluoro-3-(N-(4-(3-oxapropyl)benzoyl)amino)cyclobutyl)methyl)amino)carbonyl)isothiazol,FC1(CC(C1)NC(C1=CC=C(C=C1)CCO)=O)CNC(=O)C=1C=NSC1,O=C(NC[C@]1(F)C[C@H](NC(=O)c2ccc(CCO)cc2)C1)c1cnsc1,O=C(NCC1(F)CC(NC(=O)c2ccc(CCO)cc2)C1)c1cnsc1
91920,C[C@H]1CCN(C(=O)C#CC2CCC2)[C@@H](CNC(=O)[C@H](F)CC(C)(C)C)C1,"(4R)-4-fluoro-6,6-dimethyl-3-oxo-1-((2R,4S)-1-cyclobutylethynylcarbonyl-4-methylpiperidin-2-yl)-2-azaheptane",,C[C@H]1CCN(C(=O)C#CC2CCC2)[C@@H](CNC(=O)C(F)CC(C)(C)C)C1,
91933,CN(CCn1cc([C@H]2[C@@H]3COC[C@@H]32)nn1)C(=O)[C@@H]1CCCc2c[nH]nc21,"(1S,5R)-6-(1-(2-(N-((5R)-7,8-diazabicyclo[4.3.0]nona-1(9),6(7)-dien-5-ylcarbonyl)-N-methylamino)ethyl)-1,2,3-triazol-4-yl)-3-oxabicyclo[3.1.0]hexane",C=12CCC[C@H](C2=NNC1)C(=O)N(C)CCN1N=NC(=C1)C1[C@H]2COC[C@@H]12,CN(CCn1cc([C@H]2[C@@H]3COC[C@@H]32)nn1)C(=O)C1CCCc2c[nH]nc21,CN(CCn1cc(C2[C@H]3COC[C@@H]23)nn1)C(=O)C1CCCc2c[nH]nc21
91954,CSCCOCC(=O)N1CCOC[C@@H](C(=O)NC[C@@H](O)CO)C1,"1-((3S)-3-((((1R)-2,3-dihydroxypropyl)amino)carbonyl)-1-aza-5-oxacycloheptan-1-ylcarbonyl)-2-oxa-5-thiahexane",,CSCCOCC(=O)N1CCOCC(C(=O)NC[C@@H](O)CO)C1,
91970,CC(C)(C)c1n[nH]c(=NCC2(O)CN(C(=O)C3(CF)CC3)C2)o1,"2-t-butyl-5-((1-(3-hydroxy-1-(1-fluoromethylcyclopropylcarbonyl)azetidin-3-yl)-methyl)imino)-1,3,4-oxadiazole",C(C)(C)(C)C1OC(N=N1)=NCC1(CN(C1)C(=O)C1(CC1)CF)O,CC(C)(C)c1nnc(NCC2(O)CN(C(=O)C3(CF)CC3)C2)o1,CC(C)(C)C1N=NC(=NCC2(O)CN(C(=O)C3(CF)CC3)C2)O1
91995,C[C@]1(NC(=O)CC23COC(CF)(C2)C3)C[C@H](NC(=O)c2cnc3n2CCCC3)C1,"1-fluoromethyl-4-(2-oxo-3-(1-methyl-3-((1,7-diazabicyclo[4.3.0]nona-6(7),8(9)-dien-9-ylcarbonyl)amino)cyclobutyl)-3-azapropyl)-2-oxabicyclo[2.1.1]hexane",FCC12OCC(C1)(C2)CC(NC2(CC(C2)NC(=O)C2=CN=C1CCCCN21)C)=O,C[C@]1(NC(=O)CC23COC(CF)(C2)C3)C[C@H](NC(=O)c2cnc3n2CCCC3)C1,CC1(NC(=O)CC23COC(CF)(C2)C3)CC(NC(=O)c2cnc3n2CCCC3)C1
91999,C[C@@H]1SCCC[C@H]1C(=O)N1C[C@@H](O)C[C@H]1C(=O)NC[C@@H](O)CO,"(2S,3S)-2-methyl-3-((2S,4S)-4-hydroxy-2-((((1R)-2,3-dihydroxypropyl)amino)carbonyl)pyrrolidinocarbonyl)thian",,C[C@@H]1SCCCC1C(=O)N1C[C@@H](O)CC1C(=O)NC[C@@H](O)CO,
92006,COc1ccc([C@@H](O)C(=O)N[C@H]2C[C@@H](C(=O)N3CC[C@H]4SC(=O)C=C4C3)C2)cc1,"(6R)-8-oxo-3-((1S,3S)-3-(((1R)-1-(4-methoxyphenyl)-2-oxaethylcarbonyl)amino)cyclobutylcarbonyl)-3-aza-7-thiabicyclo[4.3.0]non-1(9)-ene",,COc1ccc(C(O)C(=O)NC2CC(C(=O)N3CC[C@H]4SC(=O)C=C4C3)C2)cc1,
92022,CC(C)N1C[C@H](NC(=O)[C@H]2C[C@@H](NC(=O)[C@@H]3CCCCN3C)C2)CC1=O,"(2S)-1-methyl-2-((((1S,3R)-3-((((4R)-1-isopropyl-2-oxopyrrolidin-4-yl)amino)carbonyl)cyclobutyl)amino)carbonyl)piperidin",,CC(C)N1C[C@H](NC(=O)C2CC(NC(=O)C3CCCCN3C)C2)CC1=O,
92097,C#CCC1(C(=O)N2C[C@H]3[C@H](CNC(=O)C[C@H](CC)OC)[C@H]3C2)CCC1,"(5S)-5-methoxy-3-oxo-1-((1S,5R)-3-(1-propargylcyclobutylcarbonyl)-3-azabicyclo[3.1.0]hexane-6-yl)-2-azaheptane",CO[C@H](CC(NCC1[C@H]2CN(C[C@@H]12)C(=O)C1(CCC1)CC#C)=O)CC,C#CCC1(C(=O)N2C[C@@H]3[C@@H](CNC(=O)C[C@H](CC)OC)[C@@H]3C2)CCC1,C#CCC1(C(=O)N2C[C@@H]3C(CNC(=O)C[C@H](CC)OC)[C@@H]3C2)CCC1
92105,CCCCSCCC(=O)N(C)[C@H]1[C@@H]2CN(C(=O)c3c(C)ccc(C)c3O)C[C@@H]21,"(1S,5R)-3-(2-hydroxy-3,6-dimethylbenzoyl)-6-(N-(2-butylsulfanylethylcarbonyl)-N-methylamino)-3-azabicyclo[3.1.0]hexane",OC1=C(C(=O)N2C[C@H]3C([C@H]3C2)N(C)C(=O)CCSCCCC)C(=CC=C1C)C,CCCCSCCC(=O)N(C)[C@H]1[C@@H]2CN(C(=O)c3c(C)ccc(C)c3O)C[C@@H]21,CCCCSCCC(=O)N(C)C1[C@H]2CN(C(=O)c3c(C)ccc(C)c3O)C[C@@H]12
92154,O=C(Cc1cscn1)N1C[C@H]2[C@H](CC(=O)N3C[C@@H]4C[C@@H]4[C@@H]4C[C@@H]43)[C@H]2C1,"(1S,5R)-3-((thiazol-4-yl)methylcarbonyl)-6-(1-((1S,4R,6S,7S)-2-azatricyclo[5.1.0.0^4,6]octan-2-ylcarbonyl)-methyl)-3-azabicyclo[3.1.0]hexane",S1C=NC(=C1)CC(=O)N1C[C@H]2C([C@H]2C1)CC(=O)N1[C@H]2C[C@H]2[C@H]2C[C@H]2C1,O=C(Cc1cscn1)N1C[C@@H]2[C@@H](CC(=O)N3C[C@@H]4C[C@@H]4[C@@H]4C[C@@H]43)[C@@H]2C1,O=C(Cc1cscn1)N1C[C@@H]2C(CC(=O)N3C[C@@H]4C[C@@H]4[C@@H]4C[C@@H]43)[C@@H]2C1
92253,CC1(C)NC(=O)C[C@@H]1C(=O)NC[C@H]1C[C@@H]2CC[C@H](C1)N2C(=O)c1ccnnc1S,"(1S,5R)-3-((((3S)-2,2-dimethyl-5-oxopyrrolidin-3-ylcarbonyl)amino)methyl)-8-(3-sulfanylpyridazin-4-ylcarbonyl)-8-azabicyclo[3.2.1]octane",CC1(NC(C[C@@H]1C(=O)NCC1C[C@@H]2CC[C@H](C1)N2C(=O)C2=C(N=NC=C2)S)=O)C,CC1(C)NC(=O)CC1C(=O)NC[C@@H]1C[C@H]2CC[C@@H](C1)N2C(=O)c1ccn[nH]c1=S,CC1(C)NC(=O)CC1C(=O)NCC1C[C@H]2CC[C@@H](C1)N2C(=O)c1ccn[nH]c1=S
92262,C/C=C/C[C@H](C)C(=O)N1CCN(C(=O)CN(C)Cc2ccccc2)C[C@@H]1COC,"methyl(1-((3R)-3-methoxymethyl-4-((2S)-(2S,4E)-hex-4-en-2-ylcarbonyl)piperazinocarbonyl)-methyl)(benzyl)amine",,C/C=C/CC(C)C(=O)N1CCN(C(=O)CN(C)Cc2ccccc2)C[C@@H]1COC,
92323,CO[C@@H](CCS(C)(=O)=O)CNc1[nH]c(=NC[C@H]2C=CCC2)nc2c1ncn2C,"(5S)-2,2-dioxo-5-((N-(9-methyl-2-((1-((1R)-cyclopent-2-en-1-yl)-methyl)imino)purin-6-yl)amino)methyl)-6-oxa-2-thiaheptane",,CO[C@@H](CCS(C)(=O)=O)CNc1nc(NC[C@H]2C=CCC2)nc2c1ncn2C,
92365,CSCC1CCC(Nc2[nH]c(=NCC3(F)CC3)nc3c2ncn3C)CC1,1-fluoro-1-((N-(9-methyl-6-(N-(4-(2-thiapropyl)cyclohexyl)amino)purin-2-ylidene)amino)methyl)cyclopropan,,CSCC1CCC(Nc2nc(NCC3(F)CC3)nc3c2ncn3C)CC1,
92418,O=C(COc1cccnc1)N[C@H]1[C@@H]2CN(C(=O)[C@@H]3CCCc4scnc43)C[C@@H]21,"(1S,5R,6S)-3-((2R)-9-aza-7-thiabicyclo[4.3.0]nona-1(6),8(9)-dien-2-ylcarbonyl)-6-(((3-pyridyl)oxymethylcarbonyl)amino)-3-azabicyclo[3.1.0]hexane",,O=C(COc1cccnc1)N[C@H]1[C@@H]2CN(C(=O)C3CCCc4scnc43)C[C@@H]21,
92433,CC[C@](C)(O)C(=O)N1CCO[C@]2(CC[C@H](NC(=O)[C@H]3C[C@@H](C(=O)OC)C3)CC2)C1,(9S)-4-((2S)-2-hydroxy-butan-2-ylcarbonyl)-9-(((cis)-3-methoxycarbonylcyclobutylcarbonyl)amino)-4-aza-1-oxaspiro[5.5]undecane,,CC[C@](C)(O)C(=O)N1CCO[C@]2(CC[C@H](NC(=O)C3CC(C(=O)OC)C3)CC2)C1,
92437,O=C(CC1CCSCC1)N1CC[C@@H]2C[C@@]21C(=O)N[C@@H]1[C@H]2CCCC[C@H]21,"1-oxo-1-((1S,5R)-1-((((1S,6R)-norcarane-7-yl)amino)carbonyl)-2-azabicyclo[3.1.0]hexane-2-yl)-2-(thian-4-yl)-ethane",O=C(CC1CCSCC1)N1[C@]2(C[C@H]2CC1)C(=O)NC1[C@@H]2CCCC[C@@H]21,O=C(CC1CCSCC1)N1CC[C@@H]2C[C@@]21C(=O)N[C@H]1[C@@H]2CCCC[C@@H]21,O=C(CC1CCSCC1)N1CC[C@@H]2C[C@@]21C(=O)NC1[C@H]2CCCC[C@@H]12
92445,COC[C@H](C)N=C(N[C@@H]1CC1(F)F)N[C@H]1CC[C@]2(CC1)NC(=O)N(C)C2=O,"(5R,S)-3-methyl-2,4-dioxo-8-(N-(3-methyl-1-(((1R)-2,2-difluorocyclopropyl)amino)-2-aza-5-oxahexen-1-yl)amino)-1,3-diazaspiro[4.5]decane",,COC[C@H](C)N=C(N[C@@H]1CC1(F)F)N[C@H]1CC[C@]2(CC1)NC(=O)N(C)C2=O,
92508,CCOC1(C(=O)N[C@H]2C[C@H](CNC(=O)c3cc(CO)n(C)n3)C2)CCCCCC1,1-(((5-hydroxymethyl-1-methylpyrazol-3-ylcarbonyl)amino)methyl)-3-((1-ethoxycycloheptylcarbonyl)amino)cyclobutane,OCC1=CC(=NN1C)C(=O)NCC1CC(C1)NC(=O)C1(CCCCCC1)OCC,CCOC1(C(=O)N[C@H]2C[C@H](CNC(=O)c3cc(CO)n(C)n3)C2)CCCCCC1,CCOC1(C(=O)NC2CC(CNC(=O)c3cc(CO)n(C)n3)C2)CCCCCC1
92582,CC(C)CC1(C(=O)N2CC[C@H](N=c3[nH]nc(C4CC4)o3)C2)COC1,"2-cyclopropyl-5-(((3S)-1-(3-isobutyloxetan-3-ylcarbonyl)pyrrolidin-3-yl)imino)-1,3,4-oxadiazole",C1(CC1)C1OC(N=N1)=N[C@@H]1CN(CC1)C(=O)C1(COC1)CC(C)C,CC(C)CC1(C(=O)N2CC[C@H](Nc3nnc(C4CC4)o3)C2)COC1,CC(C)CC1(C(=O)N2CC[C@H](N=C3N=NC(C4CC4)O3)C2)COC1
92715,COCCN(CCNC(=O)[C@@H]1C[C@@H]2C[C@@H]2C[C@@H]1C)C(=O)[C@@]1(C)C[C@H](C)O[C@H](C)C1,"(1S,3R,4S,6R)-4-methyl-3-(((2-(N-((2R,6S)-2,4,6-trimethyloxan-4-ylcarbonyl)-N-(3-oxabutyl)amino)ethyl)amino)carbonyl)norcarane",C[C@@H]1[C@@H](C[C@H]2[C@@H](C1)C2)C(=O)NCCN(CCOC)C(=O)C2(C[C@H](O[C@H](C2)C)C)C,COCCN(CCNC(=O)C1C[C@@H]2C[C@@H]2C[C@@H]1C)C(=O)[C@]1(C)C[C@@H](C)O[C@@H](C)C1,COCCN(CCNC(=O)C1C[C@@H]2C[C@@H]2C[C@@H]1C)C(=O)C1(C)C[C@@H](C)O[C@@H](C)C1
92806,CC1CCC(=CC(=O)N(C)CCN(C(=O)c2cnc([C@H](C)O)s2)C(C)C)CC1,1-methyl-4-(N-(2-(N-(2-((1S)-1-hydroxy-ethyl)thiazol-5-ylcarbonyl)-N-isopropylamino)ethyl)-N-methylcarbamoylmethylidene)cyclohexan,,CC1CCC(=CC(=O)N(C)CCN(C(=O)c2cnc([C@H](C)O)s2)C(C)C)CC1,
92813,COCC[C@@H](C)C(=O)N1CCO[C@]2(CC[C@H](NC(=O)[C@@H]3C[C@H]3C(F)(F)F)CC2)C1,"(6R,9R)-4-((2R)-4-methoxy-butan-2-ylcarbonyl)-9-(((1R,2R)-2-trifluoromethylcyclopropylcarbonyl)amino)-4-aza-1-oxaspiro[5.5]undecane",,COCCC(C)C(=O)N1CCO[C@]2(CC[C@H](NC(=O)C3C[C@H]3C(F)(F)F)CC2)C1,
92955,CCc1cnc(C(=O)N2C[C@H]3[C@H](NC(=O)[C@H](C)C(F)F)[C@H]3C2)nc1,"(1S,5R)-3-(5-ethylpyrimidin-2-ylcarbonyl)-6-(((1S)-1-difluoromethyl-ethylcarbonyl)amino)-3-azabicyclo[3.1.0]hexane",C(C)C=1C=NC(=NC1)C(=O)N1C[C@H]2C([C@H]2C1)NC(=O)[C@H](C)C(F)F,CCc1cnc(C(=O)N2C[C@@H]3[C@H](C2)[C@H]3NC(=O)C(C)C(F)F)nc1,CCc1cnc(C(=O)N2C[C@@H]3C(NC(=O)C(C)C(F)F)[C@@H]3C2)nc1
92977,FC[C@@H]1[C@H]2CN(c3nccc(=N[C@@H]4CCCOC4)[nH]3)C[C@H]21,"1-fluoro-1-((1S,5R,6R)-3-(4-(((3R)-oxan-3-yl)imino)-3H-pyrimidin-2-yl)-3-azabicyclo[3.1.0]hexane-6-yl)-methane",,FC[C@@H]1[C@H]2CN(c3nccc(N[C@@H]4CCCOC4)n3)C[C@@H]12,
92984,CS(=O)(=O)N1CCN(CC(=O)N[C@H]2C[C@@](F)(CNC(=O)CCC3CC3)C2)CC1,1-fluoro-1-(((2-(cyclopropyl)ethylcarbonyl)amino)methyl)-3-(((4-mesylpiperazino)methylcarbonyl)amino)cyclobutane,FC1(CC(C1)NC(=O)CN1CCN(CC1)S(=O)(=O)C)CNC(=O)CCC1CC1,CS(=O)(=O)N1CCN(CC(=O)N[C@H]2C[C@@](F)(CNC(=O)CCC3CC3)C2)CC1,CS(=O)(=O)N1CCN(CC(=O)NC2CC(F)(CNC(=O)CCC3CC3)C2)CC1
93007,C/C=C/C[C@H](C)C(=O)N[C@H]1C[C@H](NC(=O)[C@@H](O)C(F)(F)F)C1,"(2S,4E)-2-((((1R,3S)-3-(((1R)-1-trifluoromethyl-2-oxaethylcarbonyl)amino)cyclobutyl)amino)carbonyl)-4-hexen",,C/C=C/CC(C)C(=O)N[C@H]1C[C@H](NC(=O)C(O)C(F)(F)F)C1,
93069,COc1ccc(C(=O)N[C@H]2[C@@H]3CN(C(=O)c4cncc5ccccc45)C[C@@H]32)nn1,"(1S,5R)-3-(3-azabicyclo[4.4.0]deca-1(10),2(3),4(5),6(7),8(9)-pentaen-5-ylcarbonyl)-6-((3-methoxypyridazin-6-ylcarbonyl)amino)-3-azabicyclo[3.1.0]hexane",C=12C=NC=C(C2=CC=CC1)C(=O)N1C[C@H]2C([C@H]2C1)NC(=O)C1=CC=C(N=N1)OC,COc1ccc(C(=O)N[C@H]2[C@@H]3CN(C(=O)c4cncc5ccccc45)C[C@@H]32)nn1,COc1ccc(C(=O)NC2[C@H]3CN(C(=O)c4cncc5ccccc45)C[C@@H]23)nn1
93150,CC1(C)CO[C@@H](CC(=O)NC[C@H]2C[C@@](F)(CNC(=O)CC(C)(C)C3CC3)C2)C1,"(1R)-1-fluoro-1-(((2-cyclopropyl-2-methyl-propylcarbonyl)amino)methyl)-3-(((((5R)-3,3-dimethyloxolan-5-yl)methylcarbonyl)amino)methyl)cyclobutane",,CC1(C)CO[C@@H](CC(=O)NC[C@H]2C[C@@](F)(CNC(=O)CC(C)(C)C3CC3)C2)C1,
93276,Cn1cc([C@H](O)C(=O)NC[C@H]2C[C@@](F)(CNC(=O)[C@@H]3CCCC(F)(F)C3)C2)cn1,"(1S,3R)-1-fluoro-1-((((1R)-3,3-difluorocyclohexylcarbonyl)amino)methyl)-3-((((1S)-1-(1-methylpyrazol-4-yl)-2-oxaethylcarbonyl)amino)methyl)cyclobutane",,Cn1cc(C(O)C(=O)NC[C@H]2C[C@@](F)(CNC(=O)C3CCCC(F)(F)C3)C2)cn1,
93364,CN1CC[C@H](CCC(=O)N2[C@H]3CC[C@@H]2C[C@@H](NC(=O)c2cc(Cl)ccc2N)C3)C1,"(1S,3R,5R)-3-((2-amino-5-chlorobenzoyl)amino)-8-(2-((3S)-1-methylpyrrolidin-3-yl)ethylcarbonyl)-8-azabicyclo[3.2.1]octane",,CN1CC[C@H](CCC(=O)N2[C@@H]3CC[C@H]2C[C@H](NC(=O)c2cc(Cl)ccc2N)C3)C1,
93404,CC(C)(C)[C@H]1CC(C(=O)NC[C@]2(F)C[C@@H](CNC(=O)c3c[nH]ccc3=O)C2)=NO1,(2R)-2-t-butyl-4-(((((3S)-1-fluoro-3-(((4-oxo-1H-pyridin-3-ylcarbonyl)amino)methyl)cyclobutyl)methyl)amino)carbonyl)-5-aza-1-oxacyclopent-4-en,,CC(C)(C)[C@H]1CC(C(=O)NC[C@]2(F)C[C@@H](CNC(=O)c3c[nH]ccc3=O)C2)=NO1,
93410,CN1CCC[C@@H](C(C)(C)C(=O)N[C@H]2C[C@@H](CNC(=O)[C@H]3CCS(=O)(=O)N3)C2)C1,"2-((((1S,3R)-3-((((3R)-1,1-dioxo-2-aza-1-thiacyclopentan-3-ylcarbonyl)amino)methyl)cyclobutyl)amino)carbonyl)-2-((3S)-1-methylpiperidin-3-yl)propane",,CN1CCC[C@@H](C(C)(C)C(=O)N[C@H]2C[C@@H](CNC(=O)C3CCS(=O)(=O)N3)C2)C1,
93430,O=C(/C=C/[C@H]1CCCO1)N[C@@H]1C[C@H]2CC[C@@H]1C[C@H]2NC(=O)[C@H]1CCc2c[nH]nc21,"(R,E)-2-(2-((((1R,4R,5R,8R)-5-(((8S)-2,3-diazabicyclo[3.3.0]octa-1(2),4(5)-dien-8-ylcarbonyl)amino)bicyclo[2.2.2]octane-8-yl)amino)carbonyl)eth-1-en-1-yl)oxolan",C12=NNC=C2CC[C@@H]1C(=O)N[C@H]1[C@@H]2CC[C@@H](C1)C[C@H]2NC(=O)/C=C/[C@@H]2OCCC2,O=C(/C=C/[C@H]1CCCO1)N[C@@H]1C[C@H]2CC[C@@H]1C[C@H]2NC(=O)C1CCc2c[nH]nc21,O=C(/C=C/[C@H]1CCCO1)N[C@@H]1C[C@H]2CC[C@H]1[C@H](NC(=O)C1CCc3c[nH]nc31)C2
93434,COc1ccc(C)c(C(=O)N[C@@H]2C[C@@H]2CNC(=O)Cc2cc(C)cs2)n1,(cis)-1-((((3-methyl-5-thienyl)methylcarbonyl)amino)methyl)-2-((2-methoxy-5-methyl-6-pyridylcarbonyl)amino)cyclopropane,CC1=CSC(=C1)CC(=O)NC[C@H]1[C@H](C1)NC(=O)C1=C(C=CC(=N1)OC)C,COc1ccc(C)c(C(=O)N[C@@H]2C[C@@H]2CNC(=O)Cc2cc(C)cs2)n1,COc1ccc(C)c(C(=O)N[C@H]2C[C@H]2CNC(=O)Cc2cc(C)cs2)n1
93455,C#CCC(CC#C)C(=O)NC1([C@@H]2CCN(C(=O)[C@@]3(C#N)C[C@@H]4C[C@@H]4C3)C2)CC1,"4-(((1-((3R)-1-((1S,5R)-3-cyanobicyclo[3.1.0]hexane-3-ylcarbonyl)pyrrolidin-3-yl)cyclopropyl)amino)carbonyl)-1,6-heptadiyn",C(#N)C1(C[C@@H]2C[C@@H]2C1)C(=O)N1C[C@@H](CC1)C1(CC1)NC(=O)C(CC#C)CC#C,C#CCC(CC#C)C(=O)NC1([C@@H]2CCN(C(=O)[C@]3(C#N)C[C@H]4C[C@H]4C3)C2)CC1,C#CCC(CC#C)C(=O)NC1([C@@H]2CCN(C(=O)C3(C#N)C[C@H]4C[C@H]4C3)C2)CC1
93523,CCCC[C@@H](C(=O)N1CCC2(CC[C@H](NC(=O)C#CC3CCC3)C2)CC1)N(C)C,(2S)-2-cyclobutylethynylcarbonylamino-8-((1S)-1-(dimethylamino)-pentylcarbonyl)-8-azaspiro[4.5]decane,,CCCCC(C(=O)N1CCC2(CC[C@H](NC(=O)C#CC3CCC3)C2)CC1)N(C)C,
93527,NS(=O)(=O)CC(=O)N1C[C@H]2CC[C@H]1[C@H](NC(=O)c1ccc3ncccc3n1)C2,"6-((((1S,4S,8R)-2-(2,2-dioxo-3-aza-2-thiapropylcarbonyl)-2-azabicyclo[2.2.2]octane-8-yl)amino)carbonyl)-1,5-naphthyridin",O=S(CC(=O)N1[C@H]2CC[C@@H](C1)[C@@H](C2)NC(=O)C=2N=C1C=CC=NC1=CC2)(N)=O,NS(=O)(=O)CC(=O)N1C[C@H]2CC[C@H]1[C@H](NC(=O)c1ccc3ncccc3n1)C2,NS(=O)(=O)CC(=O)N1C[C@@H]2CC[C@H]1C[C@H]2NC(=O)c1ccc2ncccc2n1
93550,CN(C)[C@H](CCO)C(=O)N1C[C@H]2[C@H](NC(=O)c3cc(N)ccc3Cl)[C@H]2C1,"(1S,5R,6S)-3-((1R)-1-(dimethylamino)-4-oxabutylcarbonyl)-6-((5-amino-2-chlorobenzoyl)amino)-3-azabicyclo[3.1.0]hexane",,CN(C)C(CCO)C(=O)N1C[C@@H]2[C@H](C1)[C@H]2NC(=O)c1cc(N)ccc1Cl,
93559,C[C@@H](C(=O)N[C@H]1C[C@](C)(NC(=O)c2cccc3oc(=N)[nH]c23)C1)S(C)(=O)=O,"4-((((1S)-1-methyl-3-(((1S)-1-methyl-2,2-dioxo-2-thiapropylcarbonyl)amino)cyclobutyl)amino)carbonyl)-benzo[1,2-d]oxazol-2(3H)-imine",,CC(C(=O)N[C@H]1C[C@](C)(NC(=O)c2cccc3oc(N)nc23)C1)S(C)(=O)=O,
93563,C[C@]1(CNC(=O)c2coc(C(F)(F)F)n2)C[C@@H](NC(=O)C(F)F)C1,3-difluoroacetamido-1-methyl-1-(((2-trifluoromethyloxazol-4-ylcarbonyl)amino)methyl)cyclobutane,FC(C(=O)NC1CC(C1)(CNC(=O)C=1N=C(OC1)C(F)(F)F)C)F,C[C@]1(CNC(=O)c2coc(C(F)(F)F)n2)C[C@@H](NC(=O)C(F)F)C1,CC1(CNC(=O)c2coc(C(F)(F)F)n2)CC(NC(=O)C(F)F)C1
93661,NC(=O)N1CC(C(=O)N2C[C@H]3[C@H](CC(=O)N[C@H]4COC5(CCC5)C4)[C@H]3C2)C1,"(1S,5R)-3-(1-carbamylazetidin-3-ylcarbonyl)-6-(2-oxo-3-((7R)-5-oxaspiro[3.4]octan-7-yl)-3-azapropyl)-3-azabicyclo[3.1.0]hexane",C(N)(=O)N1CC(C1)C(=O)N1C[C@H]2C([C@H]2C1)CC(N[C@H]1COC2(CCC2)C1)=O,NC(=O)N1CC(C(=O)N2C[C@@H]3[C@@H](CC(=O)N[C@H]4COC5(CCC5)C4)[C@@H]3C2)C1,NC(=O)N1CC(C(=O)N2C[C@@H]3C(CC(=O)N[C@H]4COC5(CCC5)C4)[C@@H]3C2)C1
93730,Nc1cc(Cl)nnc1C(=O)N1[C@H]2CC[C@@H]1C[C@@H](CNC(=O)c1ccnnc1S)C2,"(1S,5R)-3-(((3-sulfanylpyridazin-4-ylcarbonyl)amino)methyl)-8-(5-amino-3-chloropyridazin-6-ylcarbonyl)-8-azabicyclo[3.2.1]octane",SC=1N=NC=CC1C(=O)NCC1C[C@@H]2CC[C@H](C1)N2C(=O)C2=C(C=C(N=N2)Cl)N,Nc1cc(Cl)nnc1C(=O)N1[C@@H]2CC[C@H]1C[C@H](CNC(=O)c1ccn[nH]c1=S)C2,Nc1cc(Cl)nnc1C(=O)N1[C@@H]2CC[C@H]1CC(CNC(=O)c1ccn[nH]c1=S)C2
93803,C=CCCCC(=O)NC1(CCNC(=O)[C@@H]2CNC(=O)c3ccnn32)CCCC1,"(7S)-7-(((2-(1-((4-penten-1-ylcarbonyl)amino)cyclopentyl)ethyl)amino)carbonyl)-4,5,6,7-tetrahydropyrazolo[1,5-a]pyrazin-4(5H)-one",,C=CCCCC(=O)NC1(CCNC(=O)C2CNC(=O)c3ccnn32)CCCC1,
93831,O=C(CC1OCCCO1)N[C@H]1[C@@H]2CN(C(=O)Cc3cccc(Cl)c3F)C[C@@H]21,"(1S,5R)-3-(3-chloro-2-fluorophenylacetyl)-6-(((1,3-dioxan-2-yl)methylcarbonyl)amino)-3-azabicyclo[3.1.0]hexane",ClC=1C(=C(C=CC1)CC(=O)N1C[C@H]2C([C@H]2C1)NC(=O)CC1OCCCO1)F,O=C(CC1OCCCO1)N[C@H]1[C@@H]2CN(C(=O)Cc3cccc(Cl)c3F)C[C@@H]21,O=C(CC1OCCCO1)NC1[C@H]2CN(C(=O)Cc3cccc(Cl)c3F)C[C@@H]12
93832,C#CC[C@H](CC(=O)N[C@]1(CO)CCCC[C@H]1C)NC(=O)C=C[C@@H]1CCCN1C,"(R,S)-1-methyl-2-(2-(((1-(2-oxo-3-((1R,2R)-1-hydroxymethyl-2-methylcyclohexyl)-3-azapropyl)-3-butyn-1-yl)amino)carbonyl)eth-1-en-1-yl)pyrrolidin",CN1[C@H](CCC1)C=CC(=O)N[C@@H](CC#C)CC(N[C@]1([C@@H](CCCC1)C)CO)=O,C#CC[C@H](CC(=O)N[C@]1(CO)CCCC[C@H]1C)NC(=O)C=C[C@@H]1CCCN1C,C#CC[C@@H](CC(=O)N[C@]1(CO)CCCC[C@H]1C)NC(=O)C=C[C@H]1CCCN1C
93910,O=S(=O)(N[C@H](c1ccnc(Cl)c1)C1CC1)c1ccc(N[C@H]2CCC[C@H]2CO)nc1,"1-((1R,2S)-2-(N-(3-((3S)-((2-chloro-4-pyridyl)(cyclopropyl)methyl)aminosulfonyl)-6-pyridyl)amino)cyclopentyl)methanol",,O=S(=O)(N[C@H](c1ccnc(Cl)c1)C1CC1)c1ccc(N[C@H]2CCC[C@H]2CO)nc1,
93951,COC(=O)[C@](C)(F)C(=O)N[C@H]1C[C@@H](n2cc([C@H](O)C(C)C)nn2)C1,"1-((1S,3S)-3-(((2R)-2-fluoro-1-methoxy-1-oxo-propan-2-ylcarbonyl)amino)cyclobutyl)-4-((1R)-1-hydroxy-2-methyl-propyl)-1,2,3-triazol",,COC(=O)[C@](C)(F)C(=O)N[C@H]1C[C@@H](n2cc([C@H](O)C(C)C)nn2)C1,
93953,C#Cc1cnn(C)c1C(=O)N[C@H]1C[C@](C)(NC(=O)[C@@H](CC)NC(N)=O)C1,(1R)-1-ureido-1-((((3R)-1-methyl-3-((4-acetenyl-1-methylpyrazol-5-ylcarbonyl)amino)cyclobutyl)amino)carbonyl)propane,,C#Cc1cnn(C)c1C(=O)N[C@H]1C[C@](C)(NC(=O)C(CC)NC(N)=O)C1,
94083,C=Cn1nccc1C(=O)N1C[C@@H](CNC(=O)[C@@]2(C)C[C@@H]3C[C@@H]3C2)C2(CCC2)C1,"(1S,5R)-3-methyl-3-(((((8R)-6-(1-(ethen-1-yl)pyrazol-5-ylcarbonyl)-6-azaspiro[3.4]octane-8-yl)methyl)amino)carbonyl)-bicyclo[3.1.0]hexane",CC1(C[C@@H]2C[C@@H]2C1)C(=O)NC[C@@H]1CN(CC12CCC2)C(=O)C2=CC=NN2C=C,C=Cn1nccc1C(=O)N1C[C@@H](CNC(=O)[C@]2(C)C[C@H]3C[C@H]3C2)C2(CCC2)C1,C=Cn1nccc1C(=O)N1C[C@@H](CNC(=O)C2(C)C[C@H]3C[C@H]3C2)C2(CCC2)C1
94091,Cc1nc(C(=O)N[C@@H]2CCCCN(C(=O)[C@H](C3CC3)N3CCCC3)C2)cs1,2-methyl-4-((((3R)-1-((2S)-cyclopropyl(pyrrolidino)methylcarbonyl)azepan-3-yl)amino)carbonyl)thiazol,,Cc1nc(C(=O)N[C@@H]2CCCCN(C(=O)C(C3CC3)N3CCCC3)C2)cs1,
94098,C=CC[C@@H](NC(C)=O)C(=O)NC[C@H]1CCCCN1C(=O)C#CC1CC1,1-(1-(1-((2R)-2-((((1R)-1-acetamido-3-buten-1-ylcarbonyl)amino)methyl)piperidinocarbonyl)-methyl)-methyl)cyclopropan,C(C)(=O)N[C@H](CC=C)C(=O)NC[C@@H]1N(CCCC1)C(=O)CCC1CC1,C=CCC(NC(C)=O)C(=O)NC[C@H]1CCCCN1C(=O)C#CC1CC1,C=CCC(NC(C)=O)C(=O)NC[C@H]1CCCCN1C(=O)CCC1CC1
94109,Cc1ccc(C#N)cc1C(=O)N1C[C@H]2C[C@H](NC(=O)[C@]34CCCC[C@@H]3C4)C[C@H]2C1,"1-(4-cyano-2-((1R,5S)-7-(((1R,6S)-norcarane-6-ylcarbonyl)amino)-3-azabicyclo[3.3.0]octan-3-ylcarbonyl)phenyl)-methane",C(#N)C1=CC(=C(C=C1)C)C(=O)N1C[C@@H]2CC(C[C@@H]2C1)NC(=O)[C@]12CCCC[C@@H]1C2,Cc1ccc(C#N)cc1C(=O)N1C[C@H]2C[C@H](NC(=O)[C@]34CCCC[C@@H]3C4)C[C@H]2C1,Cc1ccc(C#N)cc1C(=O)N1C[C@H]2CC(NC(=O)[C@]34CCCC[C@@H]3C4)C[C@H]2C1
94118,O=C1CCC[C@H](C(=O)N[C@H]2C[C@H](CC(=O)N3C[C@H]4CC[C@H]3[C@@H](O)[C@H]4O)C2)C1,"(1S,4R,5S,6R)-5,6-dihydroxy-2-(((1S,3S)-3-(((1S)-3-oxocyclohexylcarbonyl)amino)cyclobutyl)methylcarbonyl)-2-azabicyclo[2.2.2]octane",,O=C1CCCC(C(=O)N[C@H]2C[C@H](CC(=O)N3C[C@H]4CC[C@H]3[C@@H](O)[C@H]4O)C2)C1,
94156,C#CC[C@]1(O)C[C@@H](C(=O)N(C)CCOCCN(C)C(=O)[C@H](C(C)C)N(C)C)C1,"(3S)-3-isopropyl-2,5-dimethyl-4-oxo-11-((3R)-3-hydroxy-3-propargylcyclobutylcarbonyl)-2,5,11-triaza-8-oxadodecane",,C#CCC1(O)CC(C(=O)N(C)CCOCCN(C)C(=O)C(C(C)C)N(C)C)C1,
94202,Cc1cc(C(=O)NC[C@H]2[C@@H]3CN(C(=O)COc4cccc(O)c4)C[C@H]23)c(O)nn1,"(1S,5R)-3-(3-hydroxyphenoxymethylcarbonyl)-6-(((3-hydroxy-6-methylpyridazin-4-ylcarbonyl)amino)methyl)-3-azabicyclo[3.1.0]hexane",OC=1C=C(OCC(=O)N2C[C@H]3C([C@H]3C2)CNC(=O)C2=C(N=NC(=C2)C)O)C=CC1,Cc1cc(C(=O)NC[C@@H]2[C@H]3CN(C(=O)COc4cccc(O)c4)C[C@@H]23)c(=O)[nH]n1,Cc1cc(C(=O)NCC2[C@H]3CN(C(=O)COc4cccc(O)c4)C[C@@H]23)c(=O)[nH]n1
94241,C[C@H]1CCCC=C1C(=O)NC[C@H]1C[C@H](NC(=O)c2cn(C[C@@H]3CCCO3)nn2)C1,"1-(((2S)-oxolan-2-yl)methyl)-4-((((1S,3S)-3-((((2S)-2-methylcyclohex-6-en-1-ylcarbonyl)amino)methyl)cyclobutyl)amino)carbonyl)-1,2,3-triazol",,C[C@H]1CCCC=C1C(=O)NC[C@H]1C[C@H](NC(=O)c2cn(C[C@@H]3CCCO3)nn2)C1,
94248,CC[C@H](C)[C@H](O)[C@@H](C)C(=O)N[C@H]1C[C@H](CC(=O)NOC[C@@H]2CCOC2)C1,"(3R)-3-((2-oxo-3-((1R,3R)-3-(((2R,3S,4S)-3-hydroxy-4-methyl-hexan-2-ylcarbonyl)amino)cyclobutyl)-1-azapropyl)oxymethyl)oxolan",,CC[C@H](C)[C@H](O)C(C)C(=O)N[C@H]1C[C@H](CC(=O)NOC[C@@H]2CCOC2)C1,
94347,Cc1ccc(C#N)cc1C(=O)N1C[C@H]2[C@H](NC(=O)/C=C/c3ccoc3)[C@H]2C1,"(1S,5R,E)-3-(5-cyano-2-methylbenzoyl)-6-((2-(3-furyl)-ethen-1-ylcarbonyl)amino)-3-azabicyclo[3.1.0]hexane",C(#N)C=1C=CC(=C(C(=O)N2C[C@H]3C([C@H]3C2)NC(=O)\C=C\C2=COC=C2)C1)C,Cc1ccc(C#N)cc1C(=O)N1C[C@@H]2[C@H](C1)[C@H]2NC(=O)/C=C/c1ccoc1,Cc1ccc(C#N)cc1C(=O)N1C[C@@H]2C(NC(=O)/C=C/c3ccoc3)[C@@H]2C1
94379,CC1=NO[C@@H](C(=O)NC23CC(C)(C2)OC32CN(C(=O)C3(F)C(C)(C)C3(C)C)C2)C1,,,CC1=NOC(C(=O)NC23CC(C)(C2)OC32CN(C(=O)C3(F)C(C)(C)C3(C)C)C2)C1,
94447,COC(=O)N(C)CCCC(=O)N[C@H]1C[C@](C)(NC(=O)[C@@H]2CCCS[C@H]2C)C1,"(2S,3S)-2-methyl-3-((((3S)-1-methyl-3-((3-(N-methoxycarbonyl-N-methylamino)propylcarbonyl)amino)cyclobutyl)amino)carbonyl)thian",,COC(=O)N(C)CCCC(=O)N[C@H]1C[C@](C)(NC(=O)C2CCCS[C@H]2C)C1,
94469,CC(C)COCC(=O)N[C@@H]1C[C@H]2CC[C@@H]1[C@@H](NC(=O)C(=O)c1cccn1C)C2,"(1R,3R,4S,7S)-3-isobutoxymethylcarbonylamino-7-((1-methyl-1H-pyrrol-2-ylcarbonylcarbonyl)amino)-bicyclo[2.2.2]octane",C(C(C)C)OCC(=O)N[C@@H]1C[C@H]2CC[C@H]1C[C@@H]2NC(=O)C(=O)C=2N(C=CC2)C,CC(C)COCC(=O)N[C@@H]1C[C@H]2CC[C@@H]1[C@@H](NC(=O)C(=O)c1cccn1C)C2,CC(C)COCC(=O)N[C@@H]1C[C@H]2CC[C@H]1C[C@@H]2NC(=O)C(=O)c1cccn1C
94473,C[C@@H]1C(C(=O)NC23CC(NC(=O)[C@H]4CC[C@@](C)(F)CC4)(C2)C3)=Cc2ccccc21,1-(((1S)-1-methylinden-2-ylcarbonyl)amino)-3-(((4R)-4-fluoro-4-methylcyclohexylcarbonyl)amino)-bicyclo[1.1.1]pentane,,C[C@@H]1C(C(=O)NC23CC(NC(=O)C4CCC(C)(F)CC4)(C2)C3)=Cc2ccccc21,
94478,Cc1[nH]nc(C(=O)N[C@H]2C[C@](C)(NC(=O)CN3[C@@H](C)CC[C@H]3C)C2)c1C,"(2S,5R)-2,5-dimethyl-1-(2-oxo-3-(1-methyl-3-((3,4-dimethyl-2H-pyrazol-5-ylcarbonyl)amino)cyclobutyl)-3-azapropyl)pyrrolidin",C[C@@H]1N([C@@H](CC1)C)CC(NC1(CC(C1)NC(=O)C=1C(=C(NN1)C)C)C)=O,Cc1[nH]nc(C(=O)N[C@H]2C[C@](C)(NC(=O)CN3[C@H](C)CC[C@@H]3C)C2)c1C,Cc1[nH]nc(C(=O)NC2CC(C)(NC(=O)CN3[C@H](C)CC[C@@H]3C)C2)c1C
94495,C=CC[C@@H](CC)C(=O)N[C@]1(C(=O)N[C@H]2CCC2(C)C)C[C@H](O)C1,"(3R)-3-((((3S)-3-hydroxy-1-((((1S)-2,2-dimethylcyclobutyl)amino)carbonyl)cyclobutyl)amino)carbonyl)-5-hexen",,C=CCC(CC)C(=O)N[C@]1(C(=O)N[C@H]2CCC2(C)C)C[C@H](O)C1,
94571,Cc1cnc(C(=O)N2C[C@H]3[C@H](CNC(=O)c4cc(N)cc(O)c4)[C@H]3C2)cc1Cl,"(1S,5R)-3-(4-chloro-3-methyl-6-pyridylcarbonyl)-6-(((3-amino-5-hydroxybenzoyl)amino)methyl)-3-azabicyclo[3.1.0]hexane",ClC1=C(C=NC(=C1)C(=O)N1C[C@H]2C([C@H]2C1)CNC(C1=CC(=CC(=C1)O)N)=O)C,Cc1cnc(C(=O)N2C[C@@H]3[C@@H](CNC(=O)c4cc(N)cc(O)c4)[C@@H]3C2)cc1Cl,Cc1cnc(C(=O)N2C[C@@H]3C(CNC(=O)c4cc(N)cc(O)c4)[C@@H]3C2)cc1Cl
94574,CO[C@H]1C[C@H](NC(=O)C(=O)N[C@H](C)Cc2ccccc2F)C[C@H]1OC,"(2R)-1-(2-fluorophenyl)-2-(((((3R,4S)-3,4-dimethoxycyclopentyl)amino)carbonylcarbonyl)amino)propane",FC1=C(C=CC=C1)C[C@@H](C)NC(=O)C(=O)NC1C[C@H]([C@H](C1)OC)OC,CO[C@H]1C[C@H](NC(=O)C(=O)N[C@H](C)Cc2ccccc2F)C[C@H]1OC,CO[C@H]1CC(NC(=O)C(=O)N[C@H](C)Cc2ccccc2F)C[C@H]1OC
94611,CCC(C)(C)C(=O)N[C@H]1C[C@@](F)(CNC(=O)C[C@H](C)[C@@H]2CCCO2)C1,"(S,S)-2-(1-methyl-3-oxo-5-((3S)-1-fluoro-3-((2-methyl-butan-2-ylcarbonyl)amino)cyclobutyl)-4-azapentyl)oxolan",,CCC(C)(C)C(=O)N[C@H]1C[C@@](F)(CNC(=O)C[C@H](C)[C@@H]2CCCO2)C1,
94712,O=C(N[C@]1(c2ccccc2)C[C@@H](NC(=O)C2CC(F)C2)C1)c1cnc(C2CC2)o1,(1-((2-cyclopropyloxazol-5-ylcarbonyl)amino)-3-((3-fluorocyclobutylcarbonyl)amino)cyclobutyl)benzene,C1(CC1)C=1OC(=CN1)C(=O)NC1(CC(C1)NC(=O)C1CC(C1)F)C1=CC=CC=C1,O=C(N[C@]1(c2ccccc2)C[C@@H](NC(=O)C2CC(F)C2)C1)c1cnc(C2CC2)o1,O=C(NC1(c2ccccc2)CC(NC(=O)C2CC(F)C2)C1)c1cnc(C2CC2)o1
94719,C[C@@H](C(=O)OCC[C@@H]1NC(=O)c2ccccc21)N1C(=O)c2ccccc2C1=O,(3S)-3-(2-((1S)-1-(3-oxo-1-oxoisoindolin-2-yl)-ethylcarbonyloxy)ethyl)isoindolin-1(2H)-one,,CC(C(=O)OCC[C@@H]1NC(=O)c2ccccc21)N1C(=O)c2ccccc2C1=O,
94750,C[C@@H]1C[C@H](O)CCN(C(=O)[C@]23CCC[C@@H]2CCN3C(=O)[C@H]2Cc3ccccc32)C1,"1-((4S,6R)-4-hydroxy-1-((1S,5R)-2-((2S)-benzocyclobutene-2-ylcarbonyl)-2-azabicyclo[3.3.0]octan-1-ylcarbonyl)azepan-6-yl)-methane",,C[C@@H]1C[C@H](O)CCN(C(=O)[C@]23CCC[C@@H]2CCN3C(=O)C2Cc3ccccc32)C1,
94775,CCOC(=O)C1(C(=O)N2CC[C@@](CCOC)(NC(=O)/C=C/[C@H](C)CC)C2)CCC1,"1-ethoxycarbonyl-1-((3S)-3-((4R)-((1E,3R)-3-methyl-pent-1-en-1-ylcarbonyl)amino)-3-(3-oxabutyl)pyrrolidinocarbonyl)cyclobutan",,CCOC(=O)C1(C(=O)N2CC[C@@](CCOC)(NC(=O)/C=C/[C@H](C)CC)C2)CCC1,
94779,CC(C)/C=C/C(=O)N[C@H]1C[C@H]2COC[C@@H](C1)N2C(=O)c1ccc2n[nH]cc2n1,"5-((1R,5S)-7-(((1E)-3-methyl-but-1-en-1-ylcarbonyl)amino)-9-aza-3-oxabicyclo[3.3.1]nonan-9-ylcarbonyl)-2H-pyrido[2,3-d]pyrazole",CC(/C=C/C(=O)NC1C[C@H]2COC[C@@H](C1)N2C(=O)C=2C=CC=1C(=CNN1)N2)C,CC(C)/C=C/C(=O)N[C@H]1C[C@H]2COC[C@@H](C1)N2C(=O)c1ccc2[nH]ncc2n1,CC(C)/C=C/C(=O)NC1C[C@H]2COC[C@@H](C1)N2C(=O)c1ccc2[nH]ncc2n1
94839,CCOC(=O)[C@H]1C[C@@](F)(C(=O)N[C@H]2C[C@@H](NC(=O)C[C@@H]3CC(CC)=NO3)C2)C1,1-((1R)-3-fluoro-3-((((cis)-3-((((4S)-2-ethyl-1-aza-5-oxacyclopent-1-ene-4-yl)methylcarbonyl)amino)cyclobutyl)amino)carbonyl)cyclobutylcarbonyloxy)-ethane,,CCOC(=O)C1CC(F)(C(=O)N[C@H]2C[C@@H](NC(=O)C[C@@H]3CC(CC)=NO3)C2)C1,
94893,O=C1CC[C@@H](C(=O)NC[C@H]2C[C@](F)(CNC(=O)C[C@H](O)c3ccccc3)C2)CN1,"(S)-1-hydroxy-3-oxo-1-phenyl-5-((1S,3R)-1-fluoro-3-((((5R)-2-oxopiperidin-5-ylcarbonyl)amino)methyl)cyclobutyl)-4-azapentane",,O=C1CCC(C(=O)NC[C@H]2C[C@](F)(CNC(=O)C[C@H](O)c3ccccc3)C2)CN1,
94926,C=CCCCCCCCC(=O)N[C@H]1C[C@@](F)(CNC(=O)[C@H]2CCN(C)C2)C1,(3S)-1-methyl-3-(((((3S)-1-fluoro-3-((8-nonen-1-ylcarbonyl)amino)cyclobutyl)methyl)amino)carbonyl)pyrrolidin,,C=CCCCCCCCC(=O)N[C@H]1C[C@@](F)(CNC(=O)C2CCN(C)C2)C1,
94939,Cc1cc(CCC(=O)N2CCC[C@@](O)(CN=c3[nH]c(Cl)nc4[nH]ccc34)C2)no1,"2-chloro-4-((1-((3R)-3-hydroxy-1-(2-(5-methylisooxazol-3-yl)ethylcarbonyl)piperidin-3-yl)-methyl)imino)-pyrimido[4,5-b]pyrrole",ClC1=NC(C=2C(N=CC2)=N1)=NC[C@]1(CN(CCC1)C(=O)CCC1=NOC(=C1)C)O,Cc1cc(CCC(=O)N2CCC[C@@](O)(CNc3nc(Cl)nc4[nH]ccc34)C2)no1,Cc1cc(CCC(=O)N2CCC[C@@](O)(CN=C3N=C(Cl)N=C4N=CC=C34)C2)no1
94985,C#C[C@@H]1CN(C(=O)Cc2ccc3c(c2)CC3)CCN1C(=O)C1C[C@H](C)C[C@@H](C)C1,"1-((2R)-1-((3R,5R)-3,5-dimethylcyclohexylcarbonyl)-4-((benzocyclobutene-6-yl)methylcarbonyl)piperazin-2-yl)ethyn",C[C@H]1CC(C[C@@H](C1)C)C(=O)N1[C@@H](CN(CC1)C(=O)CC1=CC=CC2=C1C=C2)C#C,C#C[C@@H]1CN(C(=O)Cc2ccc3c(c2)CC3)CCN1C(=O)C1C[C@H](C)C[C@@H](C)C1,C#C[C@@H]1CN(C(=O)Cc2cccc3c2C=C3)CCN1C(=O)C1C[C@H](C)C[C@@H](C)C1
94996,C[C@]1(NC(=O)c2cc(Cl)no2)C[C@H](NC(=O)c2ccsc2Br)C1,3-chloro-5-(((1-methyl-3-((2-bromo-3-thienylcarbonyl)amino)cyclobutyl)amino)carbonyl)isooxazol,ClC1=NOC(=C1)C(=O)NC1(CC(C1)NC(=O)C1=C(SC=C1)Br)C,C[C@]1(NC(=O)c2cc(Cl)no2)C[C@H](NC(=O)c2ccsc2Br)C1,CC1(NC(=O)c2cc(Cl)no2)CC(NC(=O)c2ccsc2Br)C1
95006,CN(C[C@H]1[C@@H]2CN(C(=O)c3cc(C4CC4)no3)C[C@H]12)C(=O)C1=C(Cl)CCOC1,"(1S,5R)-3-(3-cyclopropylisoxazol-5-ylcarbonyl)-6-((N-(4-chloro-1-oxacyclohex-3-ene-3-ylcarbonyl)-N-methylamino)methyl)-3-azabicyclo[3.1.0]hexane",C1(CC1)C1=NOC(=C1)C(=O)N1C[C@H]2C([C@H]2C1)CN(C)C(=O)C=1COCCC1Cl,CN(C[C@@H]1[C@H]2CN(C(=O)c3cc(C4CC4)no3)C[C@@H]12)C(=O)C1=C(Cl)CCOC1,CN(CC1[C@H]2CN(C(=O)c3cc(C4CC4)no3)C[C@@H]12)C(=O)C1=C(Cl)CCOC1
95033,C=C(Cl)CCC(=O)N1C[C@H]2CC[C@H]1[C@H](CNC(=O)[C@@]13C[C@H]1COC3(C)C)C2,"3-chloro-1-((1S,4S,8S)-8-((((1S,5R)-2,2-dimethyl-3-oxabicyclo[3.1.0]hexan-1-ylcarbonyl)amino)methyl)-2-azabicyclo[2.2.2]octane-2-ylcarbonyl)-3-buten",ClC(CCC(=O)N1[C@H]2CC[C@H](C1)[C@H](C2)CNC(=O)[C@@]21C(OC[C@@H]1C2)(C)C)=C,C=C(Cl)CCC(=O)N1C[C@H]2CC[C@H]1[C@H](CNC(=O)[C@@]13C[C@H]1COC3(C)C)C2,C=C(Cl)CCC(=O)N1C[C@H]2CC[C@H]1C[C@@H]2CNC(=O)[C@@]12C[C@H]1COC2(C)C
95039,CON1C[C@@H](C(=O)N[C@H]2C[C@](C)(NC(=O)Cn3cc(CO)nn3)C2)CC1=O,"1-(((4S)-2-oxo-4-((((3S)-3-methyl-3-(((4-hydroxymethyl-1,2,3-triazol-1-yl)methylcarbonyl)amino)cyclobutyl)amino)carbonyl)pyrrolidino)oxy)-methane",,CON1CC(C(=O)N[C@H]2C[C@](C)(NC(=O)Cn3cc(CO)nn3)C2)CC1=O,
95054,CO[C@]1(C(F)(F)F)C[C@H](C(=O)N2C[C@@H]3C[C@H]2[C@@H]3NC(=O)Cc2ccco2)C1,"(1S,4S,6R)-2-((3R)-3-methoxy-3-trifluoromethylcyclobutylcarbonyl)-6-(((2-furyl)methylcarbonyl)amino)-2-azabicyclo[2.1.1]hexane",,COC1(C(F)(F)F)CC(C(=O)N2C[C@@H]3C[C@H]2[C@@H]3NC(=O)Cc2ccco2)C1,
95087,Cc1c(Br)ccc(F)c1C(=O)N1C[C@H]2[C@H](CN(C)C(=O)C[C@H]3C=CCC3)[C@H]2C1,"2-methyl-3-oxo-1-((1S,5R)-3-(3-bromo-6-fluoro-2-methylbenzoyl)-3-azabicyclo[3.1.0]hexane-6-yl)-4-((1S)-cyclopent-2-en-1-yl)-2-azabutane",CN(CC1[C@H]2CN(C[C@@H]12)C(C1=C(C(=CC=C1F)Br)C)=O)C(C[C@H]1C=CCC1)=O,Cc1c(Br)ccc(F)c1C(=O)N1C[C@@H]2[C@@H](CN(C)C(=O)C[C@H]3C=CCC3)[C@@H]2C1,Cc1c(Br)ccc(F)c1C(=O)N1C[C@@H]2C(CN(C)C(=O)C[C@H]3C=CCC3)[C@@H]2C1
95088,CCn1cnc2c(NC[C@@H](C)C(C)C)[nH]c(=NCC3(CO)CCC3)nc21,"1-hydroxymethyl-1-((N-(9-ethyl-6-(((2S)-2,3-dimethyl-butyl)amino)purin-2-ylidene)amino)methyl)cyclobutan",,CCn1cnc2c(NC[C@@H](C)C(C)C)nc(NCC3(CO)CCC3)nc21,
95106,CCc1n[nH]c(=N[C@@H](CNC(=O)c2ccc(F)c(C)c2)C2CC2)o1,"2-ethyl-5-(((1R)-1-cyclopropyl-1-(((4-fluoro-3-methylbenzoyl)amino)methyl)-methyl)imino)-1,3,4-oxadiazole",C(C)C1OC(N=N1)=N[C@@H](CNC(C1=CC(=C(C=C1)F)C)=O)C1CC1,CCc1nnc(N[C@@H](CNC(=O)c2ccc(F)c(C)c2)C2CC2)o1,CCC1N=NC(=N[C@@H](CNC(=O)c2ccc(F)c(C)c2)C2CC2)O1
95188,Cc1cccc(C)c1C(=O)N1C[C@H]2C=C[C@H]1[C@H](C(=O)Nc1cnc(Cl)nc1C)C2,"(1S,4R,8R)-2-(2,6-dimethylbenzoyl)-8-(((2-chloro-4-methylpyrimidin-5-yl)amino)carbonyl)-2-azabicyclo[2.2.2]oct-5(6)-ene",CC1=C(C(=O)N2[C@@H]3C=C[C@@H](C2)[C@@H](C3)C(=O)NC=3C(=NC(=NC3)Cl)C)C(=CC=C1)C,Cc1cccc(C)c1C(=O)N1C[C@H]2C=C[C@H]1C(C(=O)Nc1cnc(Cl)nc1C)C2,Cc1cccc(C)c1C(=O)N1C[C@@H]2C=C[C@@H]1CC2C(=O)Nc1cnc(Cl)nc1C
95296,CC(C)(C)/C=C/CC(=O)N1CC(C)(NC(=O)[C@H]2C[C@H]3C[C@@H](O)C[C@H](C3)C2)C1,"(2E)-4,4-dimethyl-1-(3-methyl-3-(((1R,5S)-3-hydroxy-bicyclo[3.3.1]nonan-7-ylcarbonyl)amino)azetidin-1-ylcarbonyl)-2-penten",CC(/C=C/CC(=O)N1CC(C1)(NC(=O)C1C[C@H]2CC(C[C@@H](C1)C2)O)C)(C)C,CC(C)(C)/C=C/CC(=O)N1CC(C)(NC(=O)C2C[C@@H]3C[C@H](O)C[C@H](C2)C3)C1,CC(C)(C)/C=C/CC(=O)N1CC(C)(NC(=O)C2C[C@H]3CC(O)C[C@@H](C2)C3)C1
95322,CN1C(=O)[C@H](F)C[C@H]1C(=O)N1C[C@H]2[C@H](NC(=O)c3cnc(NC4CC4)s3)[C@H]2C1,"1-((3R,5S)-3-fluoro-2-oxo-5-((1S,5R,6R)-6-((2-cyclopropylaminothiazol-5-ylcarbonyl)amino)-3-azabicyclo[3.1.0]hexane-3-ylcarbonyl)pyrrolidino)-methane",,CN1C(=O)C(F)CC1C(=O)N1C[C@@H]2[C@H](C1)[C@H]2NC(=O)c1cnc(NC2CC2)s1,
95343,COc1cc(OC)c(CN(C)c2ccnc(NC[C@H]3[C@@H]4COC[C@H]34)n2)c(OC)c1,"(1S,5R)-6-((N-(4-(N-(2,4,6-trimethoxybenzyl)-N-methylamino)pyrimidin-2-yl)amino)methyl)-3-oxabicyclo[3.1.0]hexane",COC1=C(CN(C)C2=NC(=NC=C2)NCC2[C@H]3COC[C@@H]23)C(=CC(=C1)OC)OC,COc1cc(OC)c(CN(C)c2ccnc(NC[C@@H]3[C@H]4COC[C@@H]34)n2)c(OC)c1,COc1cc(OC)c(CN(C)c2ccnc(NCC3[C@H]4COC[C@@H]34)n2)c(OC)c1
95345,COc1c[nH]nc1C(=O)N[C@]1(C)C[C@@H](NC(=O)c2ccc(C)o2)C1,1-((3-(((1-methyl-3-((2-methyl-5-furylcarbonyl)amino)cyclobutyl)amino)carbonyl)-1H-pyrazol-4-yl)oxy)-methane,CC1(CC(C1)NC(=O)C1=CC=C(O1)C)NC(=O)C1=NNC=C1OC,COc1c[nH]nc1C(=O)N[C@]1(C)C[C@@H](NC(=O)c2ccc(C)o2)C1,COc1c[nH]nc1C(=O)NC1(C)CC(NC(=O)c2ccc(C)o2)C1
95389,CC=C(C)C(=O)N1C[C@H](n2ccnn2)[C@H](NC(=O)C23CC(C)(C2)OC32CCC2)C1,,,CC=C(C)C(=O)N1C[C@@H](NC(=O)C23CC(C)(C2)OC32CCC2)[C@@H](n2ccnn2)C1,
95414,O=C(NC[C@H](O)c1ccccc1)[C@@H]1[C@H]2CN(C(=O)[C@H]3C[C@H]3Cl)C[C@H]21,"(R)-1-phenyl-2-(((1S,5R,6R)-3-((1R,2R)-2-chlorocyclopropylcarbonyl)-3-azabicyclo[3.1.0]hexane-6-ylcarbonyl)amino)ethanol",,O=C(NC[C@H](O)c1ccccc1)C1[C@H]2CN(C(=O)C3C[C@H]3Cl)C[C@@H]12,
95462,Cc1n[nH]c(C)c1CCC(=O)N1[C@H]2CC[C@@H]1C[C@@H](CNC(=O)c1cnsn1)C2,"(1S,5R)-3-(((1,2,5-thiadiazol-3-ylcarbonyl)amino)methyl)-8-(2-(3,5-dimethyl-1H-pyrazol-4-yl)ethylcarbonyl)-8-azabicyclo[3.2.1]octane",S1N=C(C=N1)C(=O)NCC1C[C@@H]2CC[C@H](C1)N2C(=O)CCC=2C(=NNC2C)C,Cc1n[nH]c(C)c1CCC(=O)N1[C@@H]2CC[C@H]1C[C@H](CNC(=O)c1cnsn1)C2,Cc1n[nH]c(C)c1CCC(=O)N1[C@@H]2CC[C@H]1CC(CNC(=O)c1cnsn1)C2
95497,O=C(N[C@H]1[C@@H]2CN(C(=O)[C@@H]3CC4(CCO3)CC4)C[C@@H]21)c1cc[nH]n1,"(1S,5R,6R)-3-((5S)-6-oxaspiro[2.5]octan-5-ylcarbonyl)-6-((1H-pyrazol-3-ylcarbonyl)amino)-3-azabicyclo[3.1.0]hexane",,O=C(N[C@H]1[C@@H]2CN(C(=O)C3CC4(CCO3)CC4)C[C@@H]21)c1cc[nH]n1,
95516,C[C@@H]1CC(NC(=O)CC[C@H]2C[C@@H](NC(=O)[C@@H]3CC[C@H](C)O3)C2)C[C@@H](C)C1,"(2S,5S)-2-methyl-5-((((1S,3R)-3-(3-oxo-4-((3S,5S)-3,5-dimethylcyclohexyl)-4-azabutyl)cyclobutyl)amino)carbonyl)oxolan",,C[C@@H]1CC(NC(=O)CC[C@H]2C[C@@H](NC(=O)C3CC[C@H](C)O3)C2)C[C@@H](C)C1,
95526,O=C(N[C@H]1C[C@@H](NC(=O)c2cc(F)cc3cc[nH]c23)C1)c1occc1Br,1-((3-bromo-2-furylcarbonyl)amino)-3-((5-fluoroindol-7-ylcarbonyl)amino)cyclobutane,BrC1=C(OC=C1)C(=O)NC1CC(C1)NC(=O)C=1C=C(C=C2C=CNC12)F,O=C(N[C@H]1C[C@@H](NC(=O)c2cc(F)cc3cc[nH]c23)C1)c1occc1Br,O=C(NC1CC(NC(=O)c2cc(F)cc3cc[nH]c23)C1)c1occc1Br
95617,Cc1cc(Cl)cc(C(=O)N2CC(C3(NC(=O)[C@@H](C4CC4)N4CCCC4)CC3)C2)c1,3-chloro-5-(3-(1-((2R)-cyclopropyl(pyrrolidino)methylcarbonylamino)cyclopropyl)azetidin-1-ylcarbonyl)toluene,,Cc1cc(Cl)cc(C(=O)N2CC(C3(NC(=O)C(C4CC4)N4CCCC4)CC3)C2)c1,
95634,CC1(C(=O)N[C@H]2C[C@](C)(NC(=O)c3cnc([C@H]4CCCO4)s3)C2)COC1,2-((2R)-oxolan-2-yl)-5-((((3R)-1-methyl-3-((3-methyloxetan-3-ylcarbonyl)amino)cyclobutyl)amino)carbonyl)thiazol,,CC1(C(=O)N[C@H]2C[C@](C)(NC(=O)c3cnc([C@H]4CCCO4)s3)C2)COC1,
95647,O[C@@H]1C[C@H]2CN(c3nc(NC[C@@H]4C[C@H]5[C@@H](C4)C5(F)F)c4ncsc4n3)CCN2C1,"(1S,5R)-6,6-difluoro-3-((N-(3-((6S,8R)-8-hydroxy-1,4-diazabicyclo[4.3.0]nonan-4-yl)-2,4,7-triaza-9-thiabicyclo[4.3.0]nona-1(2),3(4),5(6),7(8)-tetraen-5-yl)amino)methyl)-bicyclo[3.1.0]hexane",FC1([C@@H]2CC(C[C@H]12)CNC=1N=C(N=C2SC=NC12)N1CCN2C[C@@H](C[C@H]2C1)O)F,O[C@@H]1C[C@H]2CN(c3nc(NC[C@H]4C[C@@H]5[C@H](C4)C5(F)F)c4ncsc4n3)CCN2C1,O[C@@H]1C[C@H]2CN(c3nc(NCC4C[C@@H]5[C@H](C4)C5(F)F)c4ncsc4n3)CCN2C1
95663,O=C(N[C@H]1C[C@@H]2CN(C(=O)C=Cc3ccsc3)C[C@@H]2C1)c1snnc1C1CC1,"(1S,5R)-3-(2-(3-thienyl)-ethen-1-ylcarbonyl)-7-((4-cyclopropyl-1,2,3-thiadiazol-5-ylcarbonyl)amino)-3-azabicyclo[3.3.0]octane",S1C=C(C=C1)C=CC(=O)N1C[C@H]2CC(C[C@H]2C1)NC(=O)C1=C(N=NS1)C1CC1,O=C(N[C@H]1C[C@@H]2CN(C(=O)C=Cc3ccsc3)C[C@@H]2C1)c1snnc1C1CC1,O=C(NC1C[C@@H]2CN(C(=O)C=Cc3ccsc3)C[C@@H]2C1)c1snnc1C1CC1
95708,CCNc1cccnc1C(=O)NC[C@]1(F)C[C@@H](NC(=O)C[C@H]2CCC[C@H]2C)C1,"1-(N-(2-(((((1S)-1-fluoro-3-((((1R,2R)-2-methylcyclopentyl)methylcarbonyl)amino)cyclobutyl)methyl)amino)carbonyl)-3-pyridyl)amino)-ethane",,CCNc1cccnc1C(=O)NC[C@]1(F)C[C@@H](NC(=O)C[C@H]2CCC[C@H]2C)C1,
95810,C=C=CCN=c1nc2c(ncn2CC)c(NCC2CCN(c3nncs3)CC2)[nH]1,"2-(4-((N-(9-ethyl-2-((2,3-butadien-1-yl)imino)purin-6-yl)amino)methyl)piperidino)-1,3,4-thiadiazole",,C=C=CCNc1nc(NCC2CCN(c3nncs3)CC2)c2ncn(CC)c2n1,
95851,CCS[C@@H](C)C(=O)N[C@@H]1C[C@H]2[C@@H](C1)[C@@H]2NC(=O)c1cc(C)cc(C)c1C,"(2S)-2-((((1S,5R,6S)-6-((2,3,5-trimethylbenzoyl)amino)bicyclo[3.1.0]hexane-3-yl)amino)carbonyl)-3-thiapentane",,CCSC(C)C(=O)N[C@H]1C[C@@H]2[C@H](C1)[C@H]2NC(=O)c1cc(C)cc(C)c1C,
95870,O=C(N[C@H]1C[C@@H]2CN(C(=O)c3cncc(Cl)c3)C[C@@H]2C1)C1C2(CC2)C12CC2,"1'-((((1R,5S)-3-(3-chloro-5-pyridylcarbonyl)-3-azabicyclo[3.3.0]octan-7-yl)amino)carbonyl)-dispiro[cyclopropan-1,2'-cyclopropan-3',1''-cyclopropan]",ClC=1C=NC=C(C1)C(=O)N1C[C@@H]2CC(C[C@@H]2C1)NC(=O)C1C2(CC2)C12CC2,O=C(N[C@H]1C[C@@H]2CN(C(=O)c3cncc(Cl)c3)C[C@@H]2C1)C1C2(CC2)C12CC2,O=C(NC1C[C@@H]2CN(C(=O)c3cncc(Cl)c3)C[C@@H]2C1)C1C2(CC2)C12CC2
95927,CNS(=O)(=O)CC(=O)N1C[C@H](CNC(=O)[C@H]2C[C@H]3C[C@@H](O)C[C@H](C3)C2)C(C)(C)C1,"(1S,3S,5R)-3-hydroxy-7-(((((4S)-3,3-dimethyl-1-(2,2-dioxo-3-aza-2-thiabutylcarbonyl)pyrrolidin-4-yl)methyl)amino)carbonyl)-bicyclo[3.3.1]nonane",,CNS(=O)(=O)CC(=O)N1C[C@H](CNC(=O)C2C[C@@H]3C[C@H](O)C[C@H](C2)C3)C(C)(C)C1,
95956,Cc1nc([C@](O)(CC(=O)N2C[C@H]3[C@H](NC(=O)C=CCO)[C@H]3C2)C(F)(F)F)oc1C,"(1S,5R,6S)-3-((2R)-2-trifluoromethyl-2-(4,5-dimethyloxazol-2-yl)-3-oxapropylcarbonyl)-6-((4-oxabuten-1-ylcarbonyl)amino)-3-azabicyclo[3.1.0]hexane",,Cc1nc([C@](O)(CC(=O)N2C[C@@H]3[C@H](C2)[C@H]3NC(=O)C=CCO)C(F)(F)F)oc1C,
95967,C[C@@H](OC[C@@H]1CCCO1)C(=O)NC[C@]1(F)C[C@@H](CNC(=O)c2nc(=O)n(C)[nH]2)C1,"(R)-1-methyl-3-(((((1S)-3-fluoro-3-(((1-methyl-3-((2S)-oxolan-2-yl)-2-oxapropylcarbonyl)amino)methyl)cyclobutyl)methyl)amino)carbonyl)-1,2,4-triazol-5(2H)-one",,CC(OC[C@@H]1CCCO1)C(=O)NC[C@]1(F)C[C@@H](CNC(=O)c2nc(=O)n(C)[nH]2)C1,
96039,C=CCCC(=O)N1CCC([C@]2(O)C[C@@H](NC(=O)CO[C@H](C)CC)C2)CC1,(3R)-3-methyl-1-((((3S)-3-hydroxy-3-(1-homoallylcarbonylpiperidin-4-yl)cyclobutyl)amino)carbonyl)-2-oxapentane,,C=CCCC(=O)N1CCC([C@]2(O)C[C@@H](NC(=O)CO[C@H](C)CC)C2)CC1,
96057,CCN(CCNC(=O)C[C@H]1CC[C@@H](C)C1)C(=O)CNS(=O)(=O)c1ccccc1F,"(cis)-1-methyl-3-(2-oxo-6-((2-fluorophenylsulfonamido)methylcarbonyl)-3,6-diazaoctyl)cyclopentane",C[C@@H]1C[C@@H](CC1)CC(NCCN(CC)C(=O)CNS(=O)(=O)C1=C(C=CC=C1)F)=O,CCN(CCNC(=O)C[C@H]1CC[C@@H](C)C1)C(=O)CNS(=O)(=O)c1ccccc1F,CCN(CCNC(=O)C[C@@H]1CC[C@H](C)C1)C(=O)CNS(=O)(=O)c1ccccc1F
96270,CC[C@@H](O)C(F)(F)C(=O)NCC[C@H]1CSCCN1C(=O)C#CC1(C)COC1,3-methyl-3-(1-(1-((3S)-3-(2-((((1R)-1-hydroxy-propyl)difluoromethylcarbonyl)amino)ethyl)thiamorpholin-4-ylcarbonyl)-methyl)-methyl)oxetane,CC1(COC1)CCC(=O)N1[C@H](CSCC1)CCNC(=O)C(F)(F)[C@@H](CC)O,CC[C@@H](O)C(F)(F)C(=O)NCC[C@H]1CSCCN1C(=O)C#CC1(C)COC1,CC[C@@H](O)C(F)(F)C(=O)NCC[C@H]1CSCCN1C(=O)CCC1(C)COC1
96379,CCn1nc(C)cc1C(=O)N[C@]1(C)C[C@H](NC(=O)C2(NC(C)=O)CCCCC2)C1,1-ethyl-3-methyl-5-(((1-methyl-3-((1-acetamidocyclohexylcarbonyl)amino)cyclobutyl)amino)carbonyl)pyrazole,C(C)N1N=C(C=C1C(=O)NC1(CC(C1)NC(=O)C1(CCCCC1)NC(C)=O)C)C,CCn1nc(C)cc1C(=O)N[C@]1(C)C[C@H](NC(=O)C2(NC(C)=O)CCCCC2)C1,CCn1nc(C)cc1C(=O)NC1(C)CC(NC(=O)C2(NC(C)=O)CCCCC2)C1
96427,C[C@H](O)C(=O)N1C[C@@H]2C[C@@H]2[C@H]1CNC(=O)CSc1nnc2ccccn12,"9-(2-oxo-4-((1S,4S,5R)-3-((1S)-1-hydroxy-ethylcarbonyl)-3-azabicyclo[3.1.0]hexane-4-yl)-3-azabutylsulfanyl)-1,7,8-triazabicyclo[4.3.0]nona-2(3),4(5),6(7),8(9)-tetraene",O=C(CSC1=NN=C2C=CC=CN12)NC[C@H]1N(C[C@H]2C[C@@H]12)C(=O)[C@H](C)O,CC(O)C(=O)N1C[C@@H]2C[C@@H]2[C@H]1CNC(=O)CSc1nnc2ccccn12,CC(O)C(=O)N1C[C@H]2C[C@H]2[C@H]1CNC(=O)CSc1nnc2ccccn12
96431,O=C(N[C@H]1C[C@@H](CCC(=O)N(CCO)C[C@@H](O)CO)C1)[C@H]1C=CCS1,"(1R,3S)-1-(((2R)-1-thiacyclopent-3-ene-2-ylcarbonyl)amino)-3-((6R)-6-hydroxy-3-oxo-4-(3-oxapropyl)-4-aza-8-oxaoctyl)cyclobutane",,O=C(N[C@H]1C[C@@H](CCC(=O)N(CCO)C[C@@H](O)CO)C1)C1C=CCS1,
96441,CCC[C@@H](CCCO)C(=O)N1C[C@H]2CC[C@H]1[C@H](CNC(=O)C1(C)CC1)C2,"(S)-4-((1S,4S,8S)-8-(((1-methylcyclopropylcarbonyl)amino)methyl)-2-azabicyclo[2.2.2]octane-2-ylcarbonyl)heptanol",CC1(CC1)C(=O)NC[C@H]1C[C@H]2N(C[C@H]1CC2)C(=O)[C@H](CCCO)CCC,CCCC(CCCO)C(=O)N1C[C@H]2CC[C@H]1[C@H](CNC(=O)C1(C)CC1)C2,CCCC(CCCO)C(=O)N1C[C@H]2CC[C@H]1C[C@@H]2CNC(=O)C1(C)CC1
96464,Cc1csc2c(C(=O)N(C)[C@H]3[C@@H]4CN(C(=O)c5c[nH]c(C#N)c5)C[C@@H]43)ncnc12,"(1S,5R)-3-(2-cyano-1H-pyrrol-4-ylcarbonyl)-6-(N-(9-methyl-2,4-diaza-7-thiabicyclo[4.3.0]nona-1(2),3(4),5(6),8(9)-tetraen-5-ylcarbonyl)-N-methylamino)-3-azabicyclo[3.1.0]hexane",C(#N)C=1NC=C(C1)C(=O)N1C[C@H]2C([C@H]2C1)N(C)C(=O)C=1N=CN=C2C(=CSC12)C,Cc1csc2c(C(=O)N(C)[C@H]3[C@@H]4CN(C(=O)c5c[nH]c(C#N)c5)C[C@@H]43)ncnc12,Cc1csc2c(C(=O)N(C)C3[C@H]4CN(C(=O)c5c[nH]c(C#N)c5)C[C@@H]34)ncnc12
96562,CSCC(=O)N1[C@H]2CC[C@@H]1C[C@@H](NC(=O)c1cc(Br)cc([N+](=O)[O-])c1F)C2,"(1S,5R)-3-((5-bromo-2-fluoro-3-nitrobenzoyl)amino)-8-(2-thiapropylcarbonyl)-8-azabicyclo[3.2.1]octane",BrC=1C=C(C(=C(C(=O)NC2C[C@@H]3CC[C@H](C2)N3C(=O)CSC)C1)F)[N+](=O)[O-],CSCC(=O)N1[C@@H]2CC[C@H]1C[C@H](NC(=O)c1cc(Br)cc([N+](=O)[O-])c1F)C2,CSCC(=O)N1[C@@H]2CC[C@H]1CC(NC(=O)c1cc(Br)cc([N+](=O)[O-])c1F)C2
96575,C[C@H](NC(=O)Nc1ccccc1)C(=O)N[C@]1(C)C[C@@H](NC(=O)[C@H]2COCCO2)C1,"(1S)-1-((((1R,3S)-1-methyl-3-(((2R)-1,4-dioxan-2-ylcarbonyl)amino)cyclobutyl)amino)carbonyl)-1-((((phenyl)amino)carbonyl)amino)-ethane",,CC(NC(=O)Nc1ccccc1)C(=O)N[C@]1(C)C[C@@H](NC(=O)C2COCCO2)C1,
96580,C=CCC(CC=C)C(=O)N[C@H]1C[C@@H]2CC[C@H]1C[C@@H]2NC(=O)[C@](C)(O)CCC,"4-((((1S,4S,5S,8S)-5-(((2R)-2-hydroxy-pentan-2-ylcarbonyl)amino)bicyclo[2.2.2]octane-8-yl)amino)carbonyl)-1,6-heptadien",O[C@](C)(CCC)C(=O)N[C@@H]1[C@H]2CC[C@H](C1)C[C@@H]2NC(=O)C(CC=C)CC=C,C=CCC(CC=C)C(=O)N[C@H]1C[C@@H]2CC[C@H]1C[C@@H]2NC(=O)[C@](C)(O)CCC,C=CCC(CC=C)C(=O)N[C@H]1C[C@@H]2CC[C@@H]1[C@@H](NC(=O)[C@](C)(O)CCC)C2
96599,CC[C@H](C)n1nc(-c2cc(C)oc2C)nc1[C@H]1CC[C@@H](C(C)C)CC1,"(1R)-1-isopropyl-4-(1-((2S)-butan-2-yl)-3-(2,5-dimethyl-3-furyl)-1,2,4-triazol-5-yl)cyclohexane",,CC[C@H](C)n1nc(-c2cc(C)oc2C)nc1[C@H]1CC[C@@H](C(C)C)CC1,
96612,COc1cc(OC)c2c(c1)N(C(=O)[C@H]1C[C@@H]3CC[C@H](C1)[C@@H]3O)CC2,"1-((4-methoxy-1-((1R,5S)-8-hydroxy-bicyclo[3.2.1]octan-3-ylcarbonyl)indolin-6-yl)oxy)-methane",COC1=C2CCN(C2=CC(=C1)OC)C(=O)C1C[C@H]2CC[C@@H](C1)C2O,COc1cc(OC)c2c(c1)N(C(=O)C1C[C@H]3CC[C@@H](C1)[C@H]3O)CC2,COc1cc(OC)c2c(c1)N(C(=O)C1C[C@H]3CC[C@@H](C1)C3O)CC2
96664,COc1cc(F)c(F)cc1C(=O)N[C@]1(C)C[C@H](NC(=O)CCCN=[N+]=[N-])C1,"4,5-difluoro-2-(((1-methyl-3-((3-azidopropylcarbonyl)amino)cyclobutyl)amino)carbonyl)anisole",FC1=CC(=C(C=C1F)OC)C(=O)NC1(CC(C1)NC(=O)CCCN=[N+]=[N-])C,COc1cc(F)c(F)cc1C(=O)N[C@]1(C)C[C@H](NC(=O)CCCN=[N+]=[N-])C1,COc1cc(F)c(F)cc1C(=O)NC1(C)CC(NC(=O)CCCN=[N+]=[N-])C1
96669,CC(=CC(=O)N[C@H]1[C@@H]2CN(C(=O)[C@H]3CN4CCN3[C@@H](C)C4)C[C@@H]21)C(C)(C)C,"(2S,6R)-2-methyl-6-((1S,5R,6S)-6-((2,3,3-trimethyl-buten-1-ylcarbonyl)amino)-3-azabicyclo[3.1.0]hexane-3-ylcarbonyl)-1,4-diazabicyclo[2.2.2]octane",,CC(=CC(=O)N[C@H]1[C@@H]2CN(C(=O)C3CN4CCN3[C@@H](C)C4)C[C@@H]21)C(C)(C)C,
96771,CC[C@H](CC(F)F)C(=O)N[C@H]1C[C@@H]2CN(C(=O)C3([C@@H]4CCCO4)CC3)C[C@@H]2C1,"(3R)-1,1-difluoro-3-((((1R,5S,7R)-3-(1-((2S)-oxolan-2-yl)cyclopropylcarbonyl)-3-azabicyclo[3.3.0]octan-7-yl)amino)carbonyl)pentane",,CCC(CC(F)F)C(=O)N[C@H]1C[C@@H]2CN(C(=O)C3([C@@H]4CCCO4)CC3)C[C@@H]2C1,
96806,CC[C@@H](C)NC(=NCC1CN(C(=O)OC)C1)NC[C@]1(F)CC[C@@H](C(=O)OC)CC1,1-methoxycarbonyl-3-(((((2R)-2-methyl-1-azabutyl)(2-((4S)-1-fluoro-4-methoxycarbonylcyclohexyl)-1-azaethyl)methylidene)amino)methyl)azetidin,,CC[C@@H](C)N=C(NCC1CN(C(=O)OC)C1)NCC1(F)CCC(C(=O)OC)CC1,
96855,CN(C)CCC1(C(=O)N2C[C@H]3[C@H](NC(=O)c4cnsc4)[C@H]3C2)CC1,"(1S,5R)-3-(1-(2-dimethylaminoethyl)cyclopropylcarbonyl)-6-((isothiazol-4-carbonyl)amino)-3-azabicyclo[3.1.0]hexane",CN(CCC1(CC1)C(=O)N1C[C@H]2C([C@H]2C1)NC(=O)C=1C=NSC1)C,CN(C)CCC1(C(=O)N2C[C@@H]3[C@H](C2)[C@H]3NC(=O)c2cnsc2)CC1,CN(C)CCC1(C(=O)N2C[C@@H]3C(NC(=O)c4cnsc4)[C@@H]3C2)CC1
96883,COc1cc(CCC(=O)N2C[C@H]3[C@H](NC(=O)[C@@H](C)C#N)[C@H]3C2)ccc1Cl,"(1S,5R)-3-(2-(4-chloro-3-methoxyphenyl)ethylcarbonyl)-6-(((1S)-1-cyano-ethylcarbonyl)amino)-3-azabicyclo[3.1.0]hexane",ClC1=C(C=C(C=C1)CCC(=O)N1C[C@H]2C([C@H]2C1)NC(=O)[C@@H](C)C#N)OC,COc1cc(CCC(=O)N2C[C@@H]3[C@H](C2)[C@H]3NC(=O)C(C)C#N)ccc1Cl,COc1cc(CCC(=O)N2C[C@@H]3C(NC(=O)C(C)C#N)[C@@H]3C2)ccc1Cl
96893,CCSCCCNC(=O)[C@H]([C@H](C)[C@@H]1CCOC1)N1CC[C@@]12CCCOCC2,"(4R,R,S)-1-(2-oxo-1-(1-((3S)-oxolan-3-yl)-ethyl)-3-aza-7-thianonyl)-1-aza-7-oxaspiro[3.6]decane",O=C([C@@H]([C@@H](C)[C@H]1COCC1)N1CC[C@]12CCOCCC2)NCCCSCC,CCSCCCNC(=O)C([C@H](C)[C@@H]1CCOC1)N1CC[C@@]12CCCOCC2,CCSCCCNC(=O)C([C@@H](C)[C@@H]1CCOC1)N1CC[C@@]12CCCOCC2
96924,C=CC1(CC(=O)NC[C@]2(F)C[C@@H](CNC(=O)C/C=C/c3ccccc3)C2)CC1,(E)-1-fluoro-1-((((1-(ethen-1-yl)cyclopropyl)methylcarbonyl)amino)methyl)-3-(((3-phenyl-2-propen-1-ylcarbonyl)amino)methyl)cyclobutane,FC1(CC(C1)CNC(=O)C\C=C\C1=CC=CC=C1)CNC(=O)CC1(CC1)C=C,C=CC1(CC(=O)NC[C@]2(F)C[C@@H](CNC(=O)C/C=C/c3ccccc3)C2)CC1,C=CC1(CC(=O)NCC2(F)CC(CNC(=O)C/C=C/c3ccccc3)C2)CC1
96960,CCc1ccc(C(=O)N2C[C@H]3[C@H](CNC(=O)c4nn(C)cc4N)[C@H]3C2)cn1,"(1S,5R)-3-(2-ethyl-5-pyridylcarbonyl)-6-(((4-amino-1-methylpyrazol-3-ylcarbonyl)amino)methyl)-3-azabicyclo[3.1.0]hexane",C(C)C1=NC=C(C=C1)C(=O)N1C[C@H]2C([C@H]2C1)CNC(=O)C1=NN(C=C1N)C,CCc1ccc(C(=O)N2C[C@@H]3[C@@H](CNC(=O)c4nn(C)cc4N)[C@@H]3C2)cn1,CCc1ccc(C(=O)N2C[C@@H]3C(CNC(=O)c4nn(C)cc4N)[C@@H]3C2)cn1
96967,CC[C@@H](CNC(=O)C=Cc1ccnn1C)NC(=O)[C@H]1CC[C@@](C)(F)CC1,(6S)-3-oxo-1-(1-methylpyrazol-5-yl)-6-(((4R)-4-fluoro-4-methylcyclohexylcarbonyl)amino)-4-azaocten,,CC[C@@H](CNC(=O)C=Cc1ccnn1C)NC(=O)C1CCC(C)(F)CC1,
97052,CN(C(=O)CN1CCOCC1=O)[C@H]1[C@@H]2CN(C(=O)C[C@H](O)C3CCCC3)C[C@@H]21,"(1S,5R,6R)-3-((2S)-2-cyclopentyl-3-oxapropylcarbonyl)-6-(N-((3-oxomorpholino)methylcarbonyl)-N-methylamino)-3-azabicyclo[3.1.0]hexane",,CN(C(=O)CN1CCOCC1=O)[C@H]1[C@@H]2CN(C(=O)C[C@H](O)C3CCCC3)C[C@@H]21,
97108,CCCc1nc(C(=O)NC[C@]2(F)C[C@H](N=c3cc(Cl)nc(C(F)(F)F)[nH]3)C2)co1,4-chloro-2-trifluoromethyl-6-((3-fluoro-3-(((2-propyloxazol-4-ylcarbonyl)amino)methyl)cyclobutyl)imino)-1H-pyrimidin,ClC=1N=C(NC(C1)=NC1CC(C1)(CNC(=O)C=1N=C(OC1)CCC)F)C(F)(F)F,CCCc1nc(C(=O)NC[C@]2(F)C[C@H](Nc3cc(Cl)nc(C(F)(F)F)n3)C2)co1,CCCc1nc(C(=O)NCC2(F)CC(Nc3cc(Cl)nc(C(F)(F)F)n3)C2)co1
97155,CC(C)C[C@@H](C)OCCC(=O)N1[C@H]2CC[C@@H]1C[C@@H](NC(=O)[C@H](C)N(C)C)C2,"(4R)-4,6-dimethyl-1-((1R,3S,5S)-3-(((1S)-1,2-dimethyl-2-azapropylcarbonyl)amino)-8-azabicyclo[3.2.1]octan-8-ylcarbonyl)-3-oxaheptane",,CC(C)C[C@@H](C)OCCC(=O)N1[C@@H]2CC[C@H]1C[C@H](NC(=O)C(C)N(C)C)C2,
97156,CCC[C@H]1C[C@@H]1NS(=O)(=O)c1cnc(NCc2c(C)nn(C)c2OC)c(Cl)c1,"(trans)-1-propyl-2-(3-chloro-2-(((5-methoxy-1,3-dimethylpyrazol-4-yl)methyl)amino)-5-pyridylsulfonamido)cyclopropane",C(CC)[C@H]1[C@@H](C1)NS(=O)(=O)C=1C=C(C(=NC1)NCC=1C(=NN(C1OC)C)C)Cl,CCC[C@H]1C[C@@H]1NS(=O)(=O)c1cnc(NCc2c(C)nn(C)c2OC)c(Cl)c1,CCC[C@@H]1C[C@H]1NS(=O)(=O)c1cnc(NCc2c(C)nn(C)c2OC)c(Cl)c1
97222,C[C@H]1C[C@](C)(C(=O)N2CC[C@](CF)(NC(=O)COC[C@H]3CCCO3)C2)C[C@@H](C)O1,"(2S,6R)-2,4,6-trimethyl-4-((3S)-3-fluoromethyl-3-(((((2R)-oxolan-2-yl)methyl)oxymethylcarbonyl)amino)pyrrolidinocarbonyl)oxan",C[C@@H]1O[C@@H](CC(C1)(C(=O)N1C[C@](CC1)(NC(=O)COC[C@@H]1OCCC1)CF)C)C,C[C@@H]1C[C@@](C)(C(=O)N2CC[C@](CF)(NC(=O)COC[C@H]3CCCO3)C2)C[C@H](C)O1,C[C@@H]1CC(C)(C(=O)N2CC[C@](CF)(NC(=O)COC[C@H]3CCCO3)C2)C[C@H](C)O1
97246,CSc1ccc(C(=O)N[C@]2(C)C[C@@H](NC(=O)C3CC(C)(C)CC(C)(C)C3)C2)cc1,"4-methylsulfanyl-1-(((1-methyl-3-((3,3,5,5-tetramethylcyclohexylcarbonyl)amino)cyclobutyl)amino)carbonyl)benzene",CSC1=CC=C(C=C1)C(=O)NC1(CC(C1)NC(=O)C1CC(CC(C1)(C)C)(C)C)C,CSc1ccc(C(=O)N[C@]2(C)C[C@@H](NC(=O)C3CC(C)(C)CC(C)(C)C3)C2)cc1,CSc1ccc(C(=O)NC2(C)CC(NC(=O)C3CC(C)(C)CC(C)(C)C3)C2)cc1
97260,Cc1cncc(F)c1C(=O)N1C[C@H]2CC[C@H]1C[C@H]2NC(=O)/C=C/c1cnc[nH]1,"(E)-4-(2-((((1S,4R,7R)-2-(3-fluoro-5-methyl-4-pyridylcarbonyl)-2-azabicyclo[2.2.2]octane-7-yl)amino)carbonyl)eth-1-en-1-yl)-3H-imidazol",FC=1C=NC=C(C1C(=O)N1[C@H]2CC[C@@H](C1)C[C@H]2NC(=O)/C=C/C=2NC=NC2)C,Cc1cncc(F)c1C(=O)N1C[C@H]2CC[C@H]1C[C@H]2NC(=O)C=Cc1c[nH]cn1,Cc1cncc(F)c1C(=O)N1C[C@@H]2CC[C@H]1[C@H](NC(=O)C=Cc1c[nH]cn1)C2
97315,COC[C@H](CC(C)C)C(=O)NC[C@]1(F)C[C@H](CNC(=O)COc2ccccc2)C1,(4S)-4-methoxymethyl-6-methyl-3-oxo-1-((3S)-1-fluoro-3-phenoxymethylcarbonylaminomethylcyclobutyl)-2-azaheptane,,COCC(CC(C)C)C(=O)NC[C@]1(F)C[C@H](CNC(=O)COc2ccccc2)C1,
97452,O=C(NC[C@H]1C[C@H](N=c2[nH]nc(O)s2)C1)c1cccc(-n2ccnn2)c1,"2-hydroxy-5-(((trans)-3-((N-(3-(1,2,3-triazol-1-yl)benzoyl)amino)methyl)cyclobutyl)imino)-1,3,4-thiadiazole",OC1SC(N=N1)=N[C@@H]1C[C@H](C1)CNC(C1=CC(=CC=C1)N1N=NC=C1)=O,O=C(NC[C@H]1C[C@H](Nc2n[nH]c(=O)s2)C1)c1cccc(-n2ccnn2)c1,O=C(NC[C@H]1C[C@H](N=C2N=NC(O)S2)C1)c1cccc(-n2ccnn2)c1
97462,COCCN(C)C(=O)[C@@H]1CCCN1C(=O)C#Cc1ccccc1,(2S)-1-phenylethynylcarbonyl-2-(N-(3-oxabutyl)-N-methylcarbamoyl)pyrrolidin,,COCCN(C)C(=O)C1CCCN1C(=O)C#Cc1ccccc1,
97532,CS(=O)(=O)NCCC(=O)N[C@@H]1CC[C@@H](CNC(=O)CCN2CCC2)C1,(trans)-1-(((2-(azetidin-1-yl)ethylcarbonyl)amino)methyl)-3-((2-mesylaminoethylcarbonyl)amino)cyclopentane,N1(CCC1)CCC(=O)NC[C@@H]1C[C@H](CC1)NC(=O)CCNS(=O)(=O)C,CS(=O)(=O)NCCC(=O)N[C@@H]1CC[C@@H](CNC(=O)CCN2CCC2)C1,CS(=O)(=O)NCCC(=O)N[C@H]1CC[C@H](CNC(=O)CCN2CCC2)C1
97625,C=CCn1cccc1C(=O)NC1(CCOC)CCN(C(=O)[C@@H]2C[C@@H]2F)CC1,(cis)-1-fluoro-2-(4-((1-(2-propen-1-yl)-1H-pyrrol-2-ylcarbonyl)amino)-4-(3-oxabutyl)piperidinocarbonyl)cyclopropane,F[C@H]1[C@H](C1)C(=O)N1CCC(CC1)(CCOC)NC(=O)C=1N(C=CC1)CC=C,C=CCn1cccc1C(=O)NC1(CCOC)CCN(C(=O)C2C[C@@H]2F)CC1,C=CCn1cccc1C(=O)NC1(CCOC)CCN(C(=O)C2C[C@H]2F)CC1
97646,O=C(N=c1cc(C2CC2)[nH][nH]1)[C@@H]1[C@H]2[C@H]3C[C@H]4[C@@H]1[C@@H]2[C@@]43C(=O)N[C@H]1CCCC[C@@H]1O,"(S)-3-cyclopropyl-5-(((2S,3R,5S,6R,8S)-1-((((1S,2S)-2-hydroxycyclohexyl)amino)carbonyl)-tetracyclo[4.2.0.0^2,5.0^3,8]octan-4-ylcarbonyl)imino)-1H-pyrazole",,O=C(Nc1cc(C2CC2)[nH]n1)C1[C@@H]2[C@@H]3[C@H]1[C@@H]1C[C@H]2[C@@]31C(=O)N[C@H]1CCCC[C@@H]1O,
97682,CCO[C@@H](C)C(=O)N1C[C@H]2[C@H](NC(=O)C[C@H](C)CNC(=O)OC(C)(C)C)[C@H]2C1,"(1R,5S,6R)-3-((1S)-1-methyl-2-oxabutylcarbonyl)-6-(((2S)-2,7,7-trimethyl-5-oxo-4-aza-6-oxaoctylcarbonyl)amino)-3-azabicyclo[3.1.0]hexane",,CCOC(C)C(=O)N1C[C@@H]2[C@H](C1)[C@H]2NC(=O)C[C@H](C)CNC(=O)OC(C)(C)C,
97693,CC/C=C/CC(=O)N(C)[C@H]1[C@@H]2CN(C(=O)Cc3cccnc3)C[C@@H]21,"(5E)-3-oxo-2-((1S,5R)-3-((3-pyridyl)methylcarbonyl)-3-azabicyclo[3.1.0]hexane-6-yl)-2-aza-5-octen",O=C(N(C)C1[C@H]2CN(C[C@@H]12)C(=O)CC=1C=NC=CC1)C\C=C\CC,CC/C=C/CC(=O)N(C)[C@H]1[C@@H]2CN(C(=O)Cc3cccnc3)C[C@@H]21,CC/C=C/CC(=O)N(C)C1[C@H]2CN(C(=O)Cc3cccnc3)C[C@@H]12
97755,C[C@@H](CSC(F)F)NC(=O)[C@H]1CC[C@H](CNC(=O)[C@H](CO)C(F)(F)F)CC1,"(1S,4S)-1-((((1S)-1-trifluoromethyl-3-oxapropylcarbonyl)amino)methyl)-4-((((2S)-1-difluoromethylsulfanyl-propan-2-yl)amino)carbonyl)cyclohexane",,C[C@@H](CSC(F)F)NC(=O)C1CCC(CNC(=O)C(CO)C(F)(F)F)CC1,
97791,CC[C@@](C)(CCC(C)C)C(=O)N1C[C@H]2[C@H](NC(=O)C(C)(C)C#N)[C@H]2C1,"(1R,5S,6R)-3-((3S)-3,6-dimethyl-heptan-3-ylcarbonyl)-6-((1-cyano-1-methyl-ethylcarbonyl)amino)-3-azabicyclo[3.1.0]hexane",,CC[C@@](C)(CCC(C)C)C(=O)N1C[C@@H]2[C@H](C1)[C@H]2NC(=O)C(C)(C)C#N,
97821,CC(C)CC1(C(=O)N2[C@@H]3CC[C@@H](C3)[C@H]2CC(=O)N2[C@H]3CC[C@@H]2C[C@@H](F)C3)CC1,"2-methyl-1-(1-((1R,3R,4S)-3-(1-((1R,3S,5S)-3-fluoro-8-azabicyclo[3.2.1]octan-8-ylcarbonyl)-methyl)-2-azabicyclo[2.2.1]heptane-2-ylcarbonyl)cyclopropyl)propane",,CC(C)CC1(C(=O)N2[C@@H]3CC[C@@H](C3)[C@H]2CC(=O)N2[C@@H]3CC[C@H]2C[C@H](F)C3)CC1,
97838,CCN(CCNC(=O)c1ccc2c(c1)N(C)CC(=O)N2)C(=O)C1(CN(C)C)CC1,"1-methyl-7-(((2-(N-(1-dimethylaminomethylcyclopropylcarbonyl)-N-ethylamino)ethyl)amino)carbonyl)-1,2,3,4-tetrahydroquinoxaline-3(4H)-one",,CCN(CCNC(=O)c1ccc2c(c1)N(C)CC(=O)N2)C(=O)C1(CN(C)C)CC1,
97856,CCCSCC(=O)NC[C@]12CC[C@@H]1CCN2C(=O)[C@H]1CC[C@@](C)(F)CC1,"3-oxo-1-((1S,5R)-2-((4R)-4-fluoro-4-methylcyclohexylcarbonyl)-2-azabicyclo[3.2.0]heptan-1-yl)-2-aza-5-thiaoctane",,CCCSCC(=O)NC[C@]12CC[C@@H]1CCN2C(=O)C1CCC(C)(F)CC1,
97898,CCOCCOCC(=O)N[C@@H]1C[C@H]2CC[C@@H]1C[C@H]2NC(=O)c1scnc1COC,"(1R,3R,4R,8R)-3-((2-ethoxyethoxymethylcarbonyl)amino)-8-((4-methoxymethylthiazol-5-ylcarbonyl)amino)-bicyclo[2.2.2]octane",C(C)OCCOCC(=O)N[C@@H]1C[C@H]2CC[C@H]1[C@@H](C2)NC(=O)C2=C(N=CS2)COC,CCOCCOCC(=O)N[C@@H]1C[C@H]2CC[C@@H]1C[C@H]2NC(=O)c1scnc1COC,CCOCCOCC(=O)N[C@@H]1C[C@H]2CC[C@H]1[C@H](NC(=O)c1scnc1COC)C2
97918,CO[C@H](C(=O)N1C[C@H]2[C@@H](C1)[C@@H]2C(=O)N1C[C@@H]2CNC[C@H]1COC2)c1ccccc1,"(1S,5S)-9-((1S,5R,6S)-3-((1S)-1-phenyl-2-oxapropylcarbonyl)-3-azabicyclo[3.1.0]hexane-6-ylcarbonyl)-3,9-diaza-7-oxabicyclo[3.3.2]decane",,COC(C(=O)N1C[C@@H]2C(C(=O)N3C[C@@H]4CNC[C@H]3COC4)[C@@H]2C1)c1ccccc1,
97950,C[C@H](Sc1ccnc2cc(Cl)ccc12)C(=O)N1C[C@H]2[C@H](NC(=O)CC3CC3)[C@H]2C1,"(1S,5R,6R)-6-cyclopropylmethylcarbonylamino-3-((1S)-1-(9-chloro-2-azabicyclo[4.4.0]deca-1(2),3(4),5(6),7(8),9(10)-pentaen-5-ylsulfanyl)-ethylcarbonyl)-3-azabicyclo[3.1.0]hexane",,CC(Sc1ccnc2cc(Cl)ccc12)C(=O)N1C[C@@H]2[C@H](C1)[C@H]2NC(=O)CC1CC1,
97991,CCS(=O)(=O)NCCC(=O)NC[C@]1(F)C[C@@H](NC(=O)[C@@H](C)c2c(C)n[nH]c2C)C1,"3,7,7-trioxo-1-((1R)-1-fluoro-3-(((1S)-1-(3,5-dimethyl-1H-pyrazol-4-yl)-ethylcarbonyl)amino)cyclobutyl)-2,6-diaza-7-thianonane",,CCS(=O)(=O)NCCC(=O)NC[C@]1(F)C[C@@H](NC(=O)C(C)c2c(C)n[nH]c2C)C1,
98043,C[C@@H](CC(N)=O)N(C)C(=O)[C@]1(NC(=O)Cc2ccn(C)n2)C[C@@H](O)C1,(2S)-1-carbamyl-2-methyl-3-((3R)-3-hydroxy-1-(((1-methylpyrazol-3-yl)methylcarbonyl)amino)cyclobutylcarbonyl)-3-azabutane,,C[C@@H](CC(N)=O)N(C)C(=O)[C@]1(NC(=O)Cc2ccn(C)n2)C[C@@H](O)C1,
98051,Cc1cnncc1C(=O)N1C[C@H]2C[C@H](NC(=O)Nc3ccc(Cl)cc3)C[C@H]2C1,"(1S,5R)-3-(4-methylpyridazin-5-ylcarbonyl)-7-((((4-chlorophenyl)amino)carbonyl)amino)-3-azabicyclo[3.3.0]octane",CC1=CN=NC=C1C(=O)N1C[C@H]2CC(C[C@H]2C1)NC(=O)NC1=CC=C(C=C1)Cl,Cc1cnncc1C(=O)N1C[C@H]2C[C@H](NC(=O)Nc3ccc(Cl)cc3)C[C@H]2C1,Cc1cnncc1C(=O)N1C[C@H]2CC(NC(=O)Nc3ccc(Cl)cc3)C[C@H]2C1
98067,COC(=O)NCC(=O)N[C@@H]1COC[C@H]1CNC(=O)[C@@H]1[C@H]2CC[C@H]3[C@@H](C2)C[C@H]31,"(1R,2R,3S,6S,7S)-2-(((((3S,4S)-3-methoxycarbonylaminomethylcarbonylaminooxolan-4-yl)methyl)amino)carbonyl)-tricyclo[4.2.0.1^3,7]nonane",COC(=O)NCC(=O)N[C@@H]1COC[C@H]1CNC(=O)[C@H]1[C@@H]2C[C@H]3[C@@H]2CC[C@H]1C3,COC(=O)NCC(=O)N[C@@H]1COC[C@H]1CNC(=O)C1[C@H]2CC[C@H]3[C@@H](C2)C[C@@H]13,COC(=O)NCC(=O)N[C@@H]1COC[C@H]1CNC(=O)[C@@H]1[C@H]2CC[C@H]3[C@@H](C2)C[C@H]31
98099,CC[C@]1(C(=O)N2CCC([C@@H]3CCN(C(=O)C=CBr)C3)CC2)CC[C@@H](O)CC1,(3S)-1-(1-bromomethylidene-methylcarbonyl)-3-(1-((4R)-1-ethyl-4-hydroxycyclohexylcarbonyl)piperidin-4-yl)pyrrolidin,,CC[C@]1(C(=O)N2CCC([C@@H]3CCN(C(=O)C=CBr)C3)CC2)CC[C@@H](O)CC1,
98126,CC[C@]1(C(=O)N[C@H]2CCN(C(=O)COc3ccc(F)nc3)[C@H]2C)CC[C@@H](O)CC1,"(2S,3S)-2-methyl-1-((2-fluoro-5-pyridyl)oxymethylcarbonyl)-3-(((4R)-1-ethyl-4-hydroxycyclohexylcarbonyl)amino)pyrrolidin",,CC[C@]1(C(=O)N[C@H]2CCN(C(=O)COc3ccc(F)nc3)[C@H]2C)CC[C@@H](O)CC1,
98134,CCN(C(=O)[C@@H]1[C@@H]2[C@H](CN1Cc1ccc(-n3cccn3)cc1)C2(C)C)C1CC1,"1-(N-((1R,4S,5S)-6,6-dimethyl-3-(4-(pyrazol-1-yl)benzyl)-3-azabicyclo[3.1.0]hexane-4-ylcarbonyl)-N-cyclopropylamino)-ethane",CC1([C@H]2[C@H](N(C[C@@H]12)CC1=CC=C(C=C1)N1N=CC=C1)C(=O)N(C1CC1)CC)C,CCN(C(=O)C1[C@@H]2[C@H](CN1Cc1ccc(-n3cccn3)cc1)C2(C)C)C1CC1,CCN(C(=O)C1[C@H]2[C@@H](CN1Cc1ccc(-n3cccn3)cc1)C2(C)C)C1CC1
98200,C[C@@]12CC[C@@](CC(=O)N3[C@H]4CC[C@@H]3C[C@H](NC(=O)C(N)=O)C4)(CO1)C2,"(1S,3R,5R)-3-carbamylcarbonylamino-8-(((1R,4S)-4-methyl-3-oxabicyclo[2.2.1]heptan-1-yl)methylcarbonyl)-8-azabicyclo[3.2.1]octane",,C[C@@]12CC[C@@](CC(=O)N3[C@@H]4CC[C@H]3C[C@@H](NC(=O)C(N)=O)C4)(CO1)C2,
98248,C#CCCCCC(=O)N[C@H]1C[C@H](CC(=O)NCc2nnc(O)n2CC)C1,"1-((5-hexyn-1-ylcarbonyl)amino)-3-(2-oxo-4-(4-ethyl-3-hydroxy-1,2,4-triazol-5-yl)-3-azabutyl)cyclobutane",C(CCCC#C)C(=O)NC1CC(C1)CC(NCC=1N(C(=NN1)O)CC)=O,C#CCCCCC(=O)N[C@H]1C[C@H](CC(=O)NCc2n[nH]c(=O)n2CC)C1,C#CCCCCC(=O)NC1CC(CC(=O)NCc2n[nH]c(=O)n2CC)C1
98266,NC(=O)NCCCNC(=O)C#CCNC(=O)[C@H]1C[C@@H]1C(F)(F)F,"(trans)-1-trifluoromethyl-2-(((4,10-dioxo-5,9,11-triaza2-undecyn-1-yl)amino)carbonyl)cyclopropane",FC([C@H]1[C@@H](C1)C(=O)NCC#CC(NCCCNC(N)=O)=O)(F)F,NC(=O)NCCCNC(=O)C#CCNC(=O)C1C[C@@H]1C(F)(F)F,NC(=O)NCCCNC(=O)C#CCNC(=O)C1C[C@H]1C(F)(F)F
98275,C#CC[C@H](O)C(=O)N1C[C@H]2[C@@H](C1)[C@@H]2C(=O)N1CC[C@H](C(=O)NC)[C@@H]1C,"(1S,5R,6S)-3-((1S)-1-hydroxy-3-butyn-1-ylcarbonyl)-6-((2S,3S)-2-methyl-3-methylcarbamylpyrrolidinocarbonyl)-3-azabicyclo[3.1.0]hexane",,C#CCC(O)C(=O)N1C[C@@H]2C(C(=O)N3CCC(C(=O)NC)[C@@H]3C)[C@@H]2C1,
98289,COc1ccc(CO)cc1C(=O)N[C@]1(C)C[C@H](NC(=O)CN2CCCNC2=O)C1,"1-(1-((5-hydroxymethyl-2-methoxybenzoyl)amino)-3-(((2-oxo-1,3-diazacyclohexan-1-yl)methylcarbonyl)amino)cyclobutyl)-methane",OCC=1C=CC(=C(C(=O)NC2(CC(C2)NC(=O)CN2C(NCCC2)=O)C)C1)OC,COc1ccc(CO)cc1C(=O)N[C@]1(C)C[C@H](NC(=O)CN2CCCNC2=O)C1,COc1ccc(CO)cc1C(=O)NC1(C)CC(NC(=O)CN2CCCNC2=O)C1
98324,Cc1n[nH]c(=NCCC[C@H](C)NC(=O)Cn2ccc([N+](=O)[O-])n2)s1,"2-methyl-5-(((4S)-4-methyl-6-oxo-7-(3-nitropyrazol-1-yl)-5-azaheptyl)imino)-1,3,4-thiadiazole",CC1SC(N=N1)=NCCC[C@@H](NC(CN1N=C(C=C1)[N+](=O)[O-])=O)C,Cc1nnc(NCCC[C@H](C)NC(=O)Cn2ccc([N+](=O)[O-])n2)s1,CC1N=NC(=NCCC[C@H](C)NC(=O)Cn2ccc([N+](=O)[O-])n2)S1
98327,Cc1c(C=CC(=O)N2C[C@H]3[C@H](NC(=O)Cc4ccc(O)cc4Cl)[C@H]3C2)cnn1C,"(1S,5R)-3-(2-(1,5-dimethylpyrazol-4-yl)-ethen-1-ylcarbonyl)-6-((2-chloro-4-hydroxyphenylacetyl)amino)-3-azabicyclo[3.1.0]hexane",CN1N=CC(=C1C)C=CC(=O)N1C[C@H]2C([C@H]2C1)NC(CC1=C(C=C(C=C1)O)Cl)=O,Cc1c(C=CC(=O)N2C[C@@H]3[C@H](C2)[C@H]3NC(=O)Cc2ccc(O)cc2Cl)cnn1C,Cc1c(C=CC(=O)N2C[C@@H]3C(NC(=O)Cc4ccc(O)cc4Cl)[C@@H]3C2)cnn1C
98379,C#CC1(C(=O)N[C@H]2C[C@@H]3CN(C(=O)c4ccncc4N(C)C)C[C@@H]3C2)CCCC1,"1-acetenyl-1-((((1R,5S)-3-(3-(dimethylamino)-4-pyridylcarbonyl)-3-azabicyclo[3.3.0]octan-7-yl)amino)carbonyl)cyclopentan",C(#C)C1(CCCC1)C(=O)NC1C[C@@H]2CN(C[C@@H]2C1)C(=O)C1=C(C=NC=C1)N(C)C,C#CC1(C(=O)N[C@H]2C[C@@H]3CN(C(=O)c4ccncc4N(C)C)C[C@@H]3C2)CCCC1,C#CC1(C(=O)NC2C[C@@H]3CN(C(=O)c4ccncc4N(C)C)C[C@@H]3C2)CCCC1
98394,O=C(C=CC1CC1)N[C@H]1CC[C@@]2(CC1)CN(C(=O)CC1CCC1)CCO2,10-cyclobutylmethylcarbonyl-3-((2-cyclopropyl-ethen-1-ylcarbonyl)amino)-10-aza-7-oxaspiro[5.5]undecane,C1(CCC1)CC(=O)N1CCOC2(CCC(CC2)NC(=O)C=CC2CC2)C1,O=C(C=CC1CC1)N[C@H]1CC[C@@]2(CC1)CN(C(=O)CC1CCC1)CCO2,O=C(C=CC1CC1)NC1CCC2(CC1)CN(C(=O)CC1CCC1)CCO2
98572,CO[C@@H]1CC[C@@]2(C(=O)N[C@H]3C[C@@H]4CC[C@H](C3)N4C(=O)Cc3cncc(C)c3)C[C@H]12,"(1S,2R,5R)-2-methoxy-5-((((1R,5S)-8-((3-methyl-5-pyridyl)methylcarbonyl)-8-azabicyclo[3.2.1]octan-3-yl)amino)carbonyl)-bicyclo[3.1.0]hexane",CO[C@H]1[C@H]2C[C@@]2(CC1)C(=O)NC1C[C@H]2CC[C@@H](C1)N2C(=O)CC=2C=C(C=NC2)C,CO[C@@H]1CC[C@@]2(C(=O)N[C@@H]3C[C@H]4CC[C@@H](C3)N4C(=O)Cc3cncc(C)c3)C[C@H]12,CO[C@@H]1CC[C@@]2(C(=O)NC3C[C@H]4CC[C@@H](C3)N4C(=O)Cc3cncc(C)c3)C[C@H]12
98580,CC[C@H]1C[C@@H]1C(=O)N[C@H]1C[C@](F)(CNC(=O)Cn2cc(C(=O)NC)nn2)C1,"2-oxo-1-(4-methylcarbamyl-1,2,3-triazol-1-yl)-4-((1R)-1-fluoro-3-(((1S,2S)-2-ethylcyclopropylcarbonyl)amino)cyclobutyl)-3-azabutane",,CC[C@H]1CC1C(=O)N[C@H]1C[C@](F)(CNC(=O)Cn2cc(C(=O)NC)nn2)C1,
98627,CSc1ccc(C(=O)CCC(=O)N2C[C@H]3[C@H](NC(=O)CC4CC=CC4)[C@H]3C2)cc1,"(1S,5R)-3-(1-(1-(4-methylsulfanylbenzoyl)-methyl)-methylcarbonyl)-6-(((cyclopent-3-en-1-yl)methylcarbonyl)amino)-3-azabicyclo[3.1.0]hexane",CSC1=CC=C(C(=O)CCC(=O)N2C[C@H]3C([C@H]3C2)NC(=O)CC2CC=CC2)C=C1,CSc1ccc(C(=O)CCC(=O)N2C[C@@H]3[C@H](C2)[C@H]3NC(=O)CC2CC=CC2)cc1,CSc1ccc(C(=O)CCC(=O)N2C[C@@H]3C(NC(=O)CC4CC=CC4)[C@@H]3C2)cc1
98643,CCc1ccc(CNC(=O)C[C@@H]2CN(C(=O)C#CC3CC3)CC[C@H]2C)s1,"1-(1-(1-((3S,4R)-4-methyl-3-(2-oxo-4-(2-ethyl-5-thienyl)-3-azabutyl)piperidinocarbonyl)-methyl)-methyl)cyclopropan",C[C@H]1[C@@H](CN(CC1)C(=O)CCC1CC1)CC(NCC1=CC=C(S1)CC)=O,CCc1ccc(CNC(=O)C[C@@H]2CN(C(=O)C#CC3CC3)CC[C@H]2C)s1,CCc1ccc(CNC(=O)C[C@@H]2CN(C(=O)CCC3CC3)CC[C@H]2C)s1
98651,CCCCC[C@H](O)C(=O)N[C@]1(C)C[C@@H](NC(=O)[C@H](C)n2ccc(C(F)(F)F)n2)C1,"(1S,3S)-1-methyl-1-(((1S)-1-hydroxy-hexylcarbonyl)amino)-3-(((1S)-1-(3-trifluoromethylpyrazol-1-yl)-ethylcarbonyl)amino)cyclobutane",,CCCCCC(O)C(=O)N[C@]1(C)C[C@@H](NC(=O)C(C)n2ccc(C(F)(F)F)n2)C1,
98669,CCC[C@](C)(O)C(=O)N1[C@H]2CC[C@@H]1C[C@H](CNC(=O)c1cncc3c1CCC3)C2,"5-(((((1R,3S,5S)-8-((2S)-2-hydroxy-pentan-2-ylcarbonyl)-8-azabicyclo[3.2.1]octan-3-yl)methyl)amino)carbonyl)-3-azabicyclo[4.3.0]nona-1(6),2(3),4(5)-triene",,CCC[C@](C)(O)C(=O)N1[C@@H]2CC[C@H]1C[C@@H](CNC(=O)c1cncc3c1CCC3)C2,
98677,CN(C(=O)[C@@H]1CCn2nncc2C1)C1CCN(C(=O)[C@H]2C[C@@](C)(O)C2)CC1,"(4R)-4-(N-(1-((3S)-3-hydroxy-3-methylcyclobutylcarbonyl)piperidin-4-yl)-N-methylcarbamoyl)-1,8,9-triazabicyclo[4.3.0]nona-6(7),8(9)-diene",,CN(C(=O)C1CCn2nncc2C1)C1CCN(C(=O)C2CC(C)(O)C2)CC1,
98706,CC[C@@H]1C[C@H](C(=O)N[C@H]2CC[C@H](CNC(=O)[C@@H]3CCCC(=O)N3C)CC2)CCO1,"(2R,4R)-2-ethyl-4-((((1S,4R)-4-((((6S)-1-methyl-2-oxopiperidin-6-ylcarbonyl)amino)methyl)cyclohexyl)amino)carbonyl)oxan",,CC[C@@H]1CC(C(=O)N[C@H]2CC[C@H](CNC(=O)C3CCCC(=O)N3C)CC2)CCO1,
98775,CC1=C(C(=O)N(C)[C@H]2[C@@H]3CN(C(=O)c4cc([N+](=O)[O-])c[nH]4)C[C@@H]32)CCC1,"(1S,5R)-3-(3-nitro-1H-pyrrol-5-ylcarbonyl)-6-(N-(2-methylcyclopent-1-en-1-ylcarbonyl)-N-methylamino)-3-azabicyclo[3.1.0]hexane",[N+](=O)([O-])C1=CNC(=C1)C(=O)N1C[C@H]2C([C@H]2C1)N(C)C(=O)C1=C(CCC1)C,CC1=C(C(=O)N(C)[C@H]2[C@@H]3CN(C(=O)c4cc([N+](=O)[O-])c[nH]4)C[C@@H]32)CCC1,CC1=C(C(=O)N(C)C2[C@H]3CN(C(=O)c4cc([N+](=O)[O-])c[nH]4)C[C@@H]23)CCC1
98791,CC(C)[C@@H](C(=O)N[C@]1(C)C[C@H](NC(=O)C2(n3ccnn3)CC2)C1)n1cnnc1,"1-(1-((((1R)-3-methyl-3-(((1S)-2-methyl-1-(1,2,4-triazol-4-yl)-propylcarbonyl)amino)cyclobutyl)amino)carbonyl)cyclopropyl)-1,2,3-triazol",,CC(C)C(C(=O)N[C@]1(C)C[C@H](NC(=O)C2(n3ccnn3)CC2)C1)n1cnnc1,
98797,C[C@@H](C(=O)N[C@H]1CC[C@@H]1C(=O)N[C@H]1C[C@H]2COC[C@H](C2)C1)c1ccnn1C,"(1S,5R)-7-(((1S,2S)-2-(((1R)-1-(1-methylpyrazol-5-yl)-ethylcarbonyl)amino)cyclobutylcarbonyl)amino)-3-oxabicyclo[3.3.1]nonane",CN1N=CC=C1[C@@H](C)C(=O)N[C@@H]1[C@H](CC1)C(=O)NC1C[C@@H]2COC[C@H](C1)C2,CC(C(=O)N[C@H]1CCC1C(=O)N[C@@H]1C[C@@H]2COC[C@@H](C2)C1)c1ccnn1C,CC(C(=O)N[C@H]1CCC1C(=O)NC1C[C@H]2COC[C@@H](C1)C2)c1ccnn1C
98831,COC[C@@]1(C(=O)N[C@H]2C[C@H](CCNC(=O)[C@]3(C)CC=CCC3)C2)CCCCO1,"1-((2R)-2-((((1R,3R)-3-(2-(((1S)-1-methylcyclohex-3-en-1-ylcarbonyl)amino)ethyl)cyclobutyl)amino)carbonyl)oxan-2-yl)-2-oxapropane",,COC[C@@]1(C(=O)N[C@H]2C[C@H](CCNC(=O)[C@]3(C)CC=CCC3)C2)CCCCO1,
98866,CN(C)Cc1cc(C(=O)N[C@H]2C[C@@H]3C[C@H](C2)CN(C(=O)[C@@H]2C[C@@H]2C(F)F)C3)no1,"(1S,5R,7S)-3-((1R,2S)-2-difluoromethylcyclopropylcarbonyl)-7-((5-dimethylaminomethylisoxazol-3-ylcarbonyl)amino)-3-azabicyclo[3.3.1]nonane",,CN(C)Cc1cc(C(=O)N[C@@H]2C[C@H]3C[C@@H](C2)CN(C(=O)C2C[C@@H]2C(F)F)C3)no1,
98867,CCc1ccc(C(=O)NC[C@](C)(O)CNC(=O)c2ccnc3[nH]nnc23)cn1,"2-ethyl-5-((((2R)-2-hydroxy-2-(((2,7,8,9-tetraazabicyclo[4.3.0]nona-1(2),3(4),5(6),7(8)-tetraen-5-ylcarbonyl)amino)methyl)-propyl)amino)carbonyl)pyridin",C(C)C1=NC=C(C=C1)C(=O)NC[C@](C)(CNC(=O)C=1C=CN=C2NN=NC12)O,CCc1ccc(C(=O)NC[C@](C)(O)CNC(=O)c2ccnc3[nH]nnc23)cn1,CCc1ccc(C(=O)NC[C@@](C)(O)CNC(=O)c2ccnc3[nH]nnc23)cn1
98916,Cc1ccc(CCC(=O)N[C@@H]2CCC[C@H](C(=O)N[C@H]3C[C@H](O)[C@H](O)C3)CC2)o1,"2-methyl-5-(3-oxo-4-((1R,4S)-4-((((3R,4S)-3,4-dihydroxycyclopentyl)amino)carbonyl)cycloheptyl)-4-azabutyl)furan",CC=1OC(=CC1)CCC(N[C@H]1CC[C@H](CCC1)C(=O)NC1C[C@H]([C@H](C1)O)O)=O,Cc1ccc(CCC(=O)N[C@@H]2CCCC(C(=O)N[C@@H]3C[C@@H](O)[C@@H](O)C3)CC2)o1,Cc1ccc(CCC(=O)N[C@@H]2CCCC(C(=O)NC3C[C@@H](O)[C@@H](O)C3)CC2)o1
98941,Cc1cc(C(=O)N(C)[C@H]2C[C@@H]3CC[C@H](C2)N3C(=O)c2cc[nH]c2)nc(O)n1,"(1S,5R)-3-(N-(2-hydroxy-4-methylpyrimidin-6-ylcarbonyl)-N-methylamino)-8-(1H-pyrrol-3-ylcarbonyl)-8-azabicyclo[3.2.1]octane",OC1=NC(=CC(=N1)C)C(=O)N(C)C1C[C@@H]2CC[C@H](C1)N2C(=O)C2=CNC=C2,Cc1cc(C(=O)N(C)[C@@H]2C[C@H]3CC[C@@H](C2)N3C(=O)c2cc[nH]c2)[nH]c(=O)n1,Cc1cc(C(=O)N(C)C2C[C@H]3CC[C@@H](C2)N3C(=O)c2cc[nH]c2)[nH]c(=O)n1
98993,C=C(F)CNc1nc(=N[C@@H](Cc2ccccc2)CC(C)C)[nH]c2c(C)nn(C)c12,"((2R)-4-methyl-2-(N-(1,3-dimethyl-7-((2-fluoro-2-propen-1-yl)amino)pyrimido[4,5-d]pyrazole-5-ylidene)amino)-pentyl)benzene",,C=C(F)CNc1nc(N[C@@H](Cc2ccccc2)CC(C)C)nc2c(C)nn(C)c12,
99068,COC(=O)NCCCC(=O)N[C@H]1C[C@@H](N(C)C(=O)CSC(F)F)C1,1-((3-methoxycarbonylaminopropylcarbonyl)amino)-3-(N-(1-difluoromethylsulfanyl-methylcarbonyl)-N-methylamino)cyclobutane,COC(=O)NCCCC(=O)NC1CC(C1)N(C)C(=O)CSC(F)F,COC(=O)NCCCC(=O)N[C@H]1C[C@@H](N(C)C(=O)CSC(F)F)C1,COC(=O)NCCCC(=O)NC1CC(N(C)C(=O)CSC(F)F)C1
99093,CCC[C@H](C)CC(=O)N1C[C@H]2CC[C@H]1[C@@H](CNC(=O)C1CCC(=C(F)F)CC1)C2,"(2S)-2-methyl-1-((1S,4S,8R)-8-(((4-difluoromethylidenecyclohexylcarbonyl)amino)methyl)-2-azabicyclo[2.2.2]octane-2-ylcarbonyl)pentane",C[C@H](CC(=O)N1[C@H]2CC[C@H](C1)[C@@H](C2)CNC(=O)C2CCC(CC2)=C(F)F)CCC,CCC[C@H](C)CC(=O)N1C[C@H]2CC[C@H]1[C@@H](CNC(=O)C1CCC(=C(F)F)CC1)C2,CCC[C@H](C)CC(=O)N1C[C@H]2CC[C@H]1C[C@H]2CNC(=O)C1CCC(=C(F)F)CC1
99123,CN(C)C[C@H](C(=O)N[C@H]1[C@@H]2CN(C(=O)c3nc4ncccn4n3)C[C@@H]21)N(C)C,"8-((1S,5R)-6-(((1R)-3-methyl-1-(dimethylamino)-3-azabutylcarbonyl)amino)-3-azabicyclo[3.1.0]hexane-3-ylcarbonyl)-1,5,7,9-tetraazabicyclo[4.3.0]nona-2(3),4(5),6(7),8(9)-tetraene",CN(C[C@H](C(=O)NC1[C@H]2CN(C[C@@H]12)C(=O)C=1N=C2N=CC=CN2N1)N(C)C)C,CN(C)CC(C(=O)N[C@H]1[C@@H]2CN(C(=O)c3nc4ncccn4n3)C[C@@H]21)N(C)C,CN(C)CC(C(=O)NC1[C@H]2CN(C(=O)c3nc4ncccn4n3)C[C@@H]12)N(C)C
99155,O=C(N[C@@H]1CC[C@H](CCNC(=O)[C@H]2[C@H]3CC[C@H]4[C@@H](C3)C[C@H]42)C1)C1CCC(O)CC1,"(1R,2S,3S,6S,7S)-2-(((2-((1R,3R)-3-((4-hydroxycyclohexylcarbonyl)amino)cyclopentyl)ethyl)amino)carbonyl)-tricyclo[4.2.0.1^3,7]nonane",OC1CCC(CC1)C(=O)N[C@H]1C[C@H](CC1)CCNC(=O)[C@@H]1[C@@H]2C[C@H]3[C@@H]2CC[C@H]1C3,O=C(N[C@@H]1CC[C@H](CCNC(=O)C2[C@H]3CC[C@H]4[C@@H](C3)C[C@@H]24)C1)C1CCC(O)CC1,O=C(N[C@@H]1CC[C@H](CCNC(=O)[C@H]2[C@H]3CC[C@H]4[C@@H](C3)C[C@H]42)C1)C1CCC(O)CC1
99156,Cc1nc(NCc2cc(C(C)C)ccn2)cc(N2C[C@@H]3C[C@H](CO)C[C@@H](C3)C2)n1,"(1S,5R)-7-hydroxymethyl-3-(2-methyl-4-(((4-isopropyl-2-pyridyl)methyl)amino)pyrimidin-6-yl)-3-azabicyclo[3.3.1]nonane",OCC1C[C@@H]2CN(C[C@H](C1)C2)C2=CC(=NC(=N2)C)NCC2=NC=CC(=C2)C(C)C,Cc1nc(NCc2cc(C(C)C)ccn2)cc(N2C[C@@H]3C[C@H](CO)C[C@@H](C3)C2)n1,Cc1nc(NCc2cc(C(C)C)ccn2)cc(N2C[C@@H]3CC(CO)C[C@@H](C3)C2)n1
99182,CO[C@@H](C(=O)NC[C@H]1[C@@H]2CN(C(=O)c3c(C)cccc3N)C[C@H]12)c1cccnc1,"(1S,5R)-3-(2-amino-6-methylbenzoyl)-6-((((1R)-1-(3-pyridyl)-2-oxapropylcarbonyl)amino)methyl)-3-azabicyclo[3.1.0]hexane",NC1=C(C(=O)N2C[C@H]3C([C@H]3C2)CNC(=O)[C@H](OC)C=2C=NC=CC2)C(=CC=C1)C,COC(C(=O)NC[C@@H]1[C@H]2CN(C(=O)c3c(C)cccc3N)C[C@@H]12)c1cccnc1,COC(C(=O)NCC1[C@H]2CN(C(=O)c3c(C)cccc3N)C[C@@H]12)c1cccnc1
99204,C=CCC(CC=C)C(=O)NC[C@]1(O)C[C@@H]2CC[C@H](C1)N2C(=O)C[C@@H]1COC(=O)C1,"(1S,3R,5R)-3-hydroxy-3-(((hepta-1,6-dien-4-ylcarbonyl)amino)methyl)-8-(((4S)-2-oxooxolan-4-yl)methylcarbonyl)-8-azabicyclo[3.2.1]octane",,C=CCC(CC=C)C(=O)NC[C@@]1(O)C[C@H]2CC[C@@H](C1)N2C(=O)C[C@@H]1COC(=O)C1,
99218,O=C(N[C@H]1C[C@H](CCNC(=O)[C@H]2CCNC2=O)C1)[C@@H]1CC[C@H](c2cc[nH]n2)O1,"3-((2S,5R)-2-((((1R,3S)-3-(2-(((3S)-2-oxopyrrolidin-3-ylcarbonyl)amino)ethyl)cyclobutyl)amino)carbonyl)oxolan-5-yl)-1H-pyrazole",,O=C(N[C@H]1C[C@H](CCNC(=O)C2CCNC2=O)C1)C1CC[C@H](c2cc[nH]n2)O1,
99286,CC[C@@H](C)OCC(=O)NC[C@@H]1CN(C(=O)c2cccc(N=S(C)(C)=O)c2)C[C@H]1C,,,CC[C@@H](C)OCC(=O)NC[C@@H]1CN(C(=O)c2cccc(N=S(C)(C)=O)c2)C[C@H]1C,
99305,CN(C)C[C@@H](O)C(=O)N[C@]1(C)C[C@@H](NC(=O)c2cc([N+](=O)[O-])ccc2N(C)C)C1,(1R)-1-hydroxy-3-methyl-1-((((3R)-1-methyl-3-(N-(5-nitro-2-(dimethylamino)benzoyl)amino)cyclobutyl)amino)carbonyl)-3-azabutane,,CN(C)CC(O)C(=O)N[C@]1(C)C[C@@H](NC(=O)c2cc([N+](=O)[O-])ccc2N(C)C)C1,
99306,C[C@H](NC(=O)[C@@H]1CC=C[C@H](O)C1)C(C)(C)C(=O)N1C[C@@H](C)OC(C)(C)C1,"(S,R)-2,2,6-trimethyl-4-(1,1-dimethyl-2-(((1R,3R)-3-hydroxycyclohex-4-en-1-ylcarbonyl)amino)-propylcarbonyl)morpholin",CC1(CN(C[C@@H](O1)C)C(=O)C([C@@H](C)NC(=O)[C@H]1C[C@H](C=CC1)O)(C)C)C,C[C@@H]1CN(C(=O)C(C)(C)[C@H](C)NC(=O)C2CC=C[C@H](O)C2)CC(C)(C)O1,C[C@H]1CN(C(=O)C(C)(C)[C@@H](C)NC(=O)C2CC=C[C@H](O)C2)CC(C)(C)O1
99353,Cc1c(C(=O)N2C[C@H]3[C@H](CNC(=O)c4c[nH]c(=O)cn4)[C@H]3C2)cnn1C(C)(C)C,"(1S,5R)-3-(5-methyl-1-t-butylpyrazol-4-ylcarbonyl)-6-(((2-oxo-1,2-dihydropyrazin-5-ylcarbonyl)amino)methyl)-3-azabicyclo[3.1.0]hexane",CC1=C(C=NN1C(C)(C)C)C(=O)N1C[C@H]2C([C@H]2C1)CNC(=O)C=1N=CC(NC1)=O,Cc1c(C(=O)N2C[C@@H]3[C@@H](CNC(=O)c4c[nH]c(=O)cn4)[C@@H]3C2)cnn1C(C)(C)C,Cc1c(C(=O)N2C[C@@H]3C(CNC(=O)c4c[nH]c(=O)cn4)[C@@H]3C2)cnn1C(C)(C)C
99355,CCOC(=O)CC(=O)N1C[C@H]2[C@H](CN(C)C(=O)[C@@H]3C[C@H]3c3ccc(F)cc3)[C@H]2C1,"(1S,5R)-3-(2-oxo-3-oxapentylcarbonyl)-6-((N-((1R,2R)-2-(4-fluorophenyl)cyclopropylcarbonyl)-N-methylamino)methyl)-3-azabicyclo[3.1.0]hexane",O=C(CC(=O)N1C[C@H]2C([C@H]2C1)CN(C)C(=O)[C@H]1[C@@H](C1)C1=CC=C(C=C1)F)OCC,CCOC(=O)CC(=O)N1C[C@@H]2[C@@H](CN(C)C(=O)C3C[C@H]3c3ccc(F)cc3)[C@@H]2C1,CCOC(=O)CC(=O)N1C[C@@H]2C(CN(C)C(=O)C3C[C@H]3c3ccc(F)cc3)[C@@H]2C1
99466,C=C[C@](C)(O)CC(=O)N[C@H]1CC[C@@H](NC(=O)c2cccc3c2C(=O)NC3=O)CC1,7-((((cis)-4-(((2R)-2-hydroxy-2-methyl-3-buten-1-ylcarbonyl)amino)cyclohexyl)amino)carbonyl)isoindolin-1-one-3(2H)-one,,C=C[C@](C)(O)CC(=O)N[C@H]1CC[C@@H](NC(=O)c2cccc3c2C(=O)NC3=O)CC1,
99505,C[S@](=O)C=CC(=O)N1[C@H]2CC[C@@H]1C[C@H](NC(=O)c1cc(-c3ccccc3)[nH]n1)C2,"(1S,3S,5R)-3-((3-phenyl-2H-pyrazol-5-ylcarbonyl)amino)-8-((3S)-3-oxo-3-thiabuten-1-ylcarbonyl)-8-azabicyclo[3.2.1]octane",,C[S@+]([O-])C=CC(=O)N1[C@@H]2CC[C@H]1C[C@@H](NC(=O)c1cc(-c3ccccc3)[nH]n1)C2,
99554,Cc1cc(C(=O)N2[C@@H]3COC[C@H]2C[C@@H](NC(=O)C(C)(C)CF)C3)nn1CCO,"(1S,5R)-7-((1-fluoro-2-methyl-propan-2-ylcarbonyl)amino)-9-(5-methyl-1-(3-oxapropyl)pyrazol-3-ylcarbonyl)-9-aza-3-oxabicyclo[3.3.1]nonane",FCC(C)(C(=O)NC1C[C@@H]2COC[C@H](C1)N2C(=O)C2=NN(C(=C2)C)CCO)C,Cc1cc(C(=O)N2[C@@H]3COC[C@H]2C[C@@H](NC(=O)C(C)(C)CF)C3)nn1CCO,Cc1cc(C(=O)N2[C@@H]3COC[C@H]2CC(NC(=O)C(C)(C)CF)C3)nn1CCO
99616,COCc1nn[nH]c1C(=O)N[C@@H]1C[C@@H]2CC[C@H](C1)N2C(=O)c1ccc(O)cc1C,"(1S,5R)-3-((4-methoxymethyl-1H-1,2,3-triazol-5-ylcarbonyl)amino)-8-(4-hydroxy-2-methylbenzoyl)-8-azabicyclo[3.2.1]octane",COCC=1N=NNC1C(=O)NC1C[C@@H]2CC[C@H](C1)N2C(C2=C(C=C(C=C2)O)C)=O,COCc1[nH]nnc1C(=O)N[C@H]1C[C@H]2CC[C@@H](C1)N2C(=O)c1ccc(O)cc1C,COCc1[nH]nnc1C(=O)NC1C[C@H]2CC[C@@H](C1)N2C(=O)c1ccc(O)cc1C
99620,O=C(N[C@H]1[C@@H]2CN(C(=O)[C@@H]3C[C@@H]3c3nc[nH]n3)C[C@@H]21)c1nocc1C1CC1,"(1S,5R,6S)-3-((1R,2S)-2-(1H-1,2,4-triazol-3-yl)cyclopropylcarbonyl)-6-((4-cyclopropylisoxazol-3-ylcarbonyl)amino)-3-azabicyclo[3.1.0]hexane",,O=C(N[C@H]1[C@@H]2CN(C(=O)C3C[C@@H]3c3nc[nH]n3)C[C@@H]21)c1nocc1C1CC1,
99654,CC12CCC(C(=O)N[C@H]3C[C@@H]4C[C@@H](NC(=O)[C@@H]5C[C@H]5F)C[C@@H]4C3)(CC1)CO2,"1-methyl-4-((((1R,3R,5S)-7-(((1S,2R)-2-fluorocyclopropylcarbonyl)amino)-bicyclo[3.3.0]octan-3-yl)amino)carbonyl)-2-oxabicyclo[2.2.2]octane",,CC12CCC(C(=O)N[C@@H]3C[C@H]4C[C@H](NC(=O)C5C[C@H]5F)C[C@H]4C3)(CC1)CO2,
99716,O=C(CO[C@@H]1CC1(F)F)N1C[C@H]2[C@H](NC(=O)C3(F)CCCC3)[C@H]2C1,"1-oxo-1-((1S,5R,6S)-6-((1-fluorocyclopentylcarbonyl)amino)-3-azabicyclo[3.1.0]hexane-3-yl)-2-(((1R)-2,2-difluorocyclopropyl)oxy)-ethane",,O=C(CO[C@@H]1CC1(F)F)N1C[C@@H]2[C@H](C1)[C@H]2NC(=O)C1(F)CCCC1,
99725,CC(C)(C)CC[C@]1(O)C[C@@H](C(=O)N2CCN(C3CC3)[C@@H](c3nn[nH]n3)C2)C1,"5-((2R)-1-cyclopropyl-4-((3S)-3-hydroxy-3-(3,3-dimethyl-butyl)cyclobutylcarbonyl)piperazin-2-yl)-2H-tetrazol",,CC(C)(C)CCC1(O)CC(C(=O)N2CCN(C3CC3)[C@@H](c3nn[nH]n3)C2)C1,
99785,CC(C)(C)c1ncc(C(=O)NC[C@]2(F)C[C@@H](NC(=O)C3(n4cncn4)CC3)C2)s1,"1-(1-(((3-fluoro-3-(((2-t-butylthiazol-5-ylcarbonyl)amino)methyl)cyclobutyl)amino)carbonyl)cyclopropyl)-1,2,4-triazol",FC1(CC(C1)NC(=O)C1(CC1)N1N=CN=C1)CNC(=O)C1=CN=C(S1)C(C)(C)C,CC(C)(C)c1ncc(C(=O)NC[C@]2(F)C[C@@H](NC(=O)C3(n4cncn4)CC3)C2)s1,CC(C)(C)c1ncc(C(=O)NCC2(F)CC(NC(=O)C3(n4cncn4)CC3)C2)s1
99786,C[C@@H]1CN(C(=O)Cn2cc(Cl)cn2)C[C@H]1CC(=O)N1C[C@H]2[C@H](C)[C@H]2C1,"(1S,5R,6R)-6-methyl-3-(((3S,4S)-3-methyl-1-((4-chloropyrazol-1-yl)methylcarbonyl)pyrrolidin-4-yl)methylcarbonyl)-3-azabicyclo[3.1.0]hexane",,C[C@@H]1[C@H]2CN(C(=O)C[C@@H]3CN(C(=O)Cn4cc(Cl)cn4)C[C@H]3C)C[C@@H]12,
99787,Cc1cc(=O)c(C(=O)N[C@H]2C[C@@](C)(NC(=O)c3ccc(=N)[nH]n3)C2)cn1C,"1,2-dimethyl-5-(((3-methyl-3-((3-imino-2H-pyridazin-6-ylcarbonyl)amino)cyclobutyl)amino)carbonyl)pyridin-4-on",CN1C(=CC(C(=C1)C(=O)NC1CC(C1)(NC(=O)C=1C=CC(NN1)=N)C)=O)C,Cc1cc(=O)c(C(=O)N[C@H]2C[C@@](C)(NC(=O)c3ccc(N)nn3)C2)cn1C,Cc1cc(=O)c(C(=O)NC2CC(C)(NC(=O)c3ccc(N)nn3)C2)cn1C
99789,O=C(N[C@H]1C[C@@H]2CC[C@H](C1)N2C(=O)[C@@]12CCC[C@@H](C1)OC2)C1(CC(F)F)CCC1,"1,1-difluoro-2-(1-((((1R,3R,5S)-8-((1S,5S)-6-oxabicyclo[3.2.1]octan-1-ylcarbonyl)-8-azabicyclo[3.2.1]octan-3-yl)amino)carbonyl)cyclobutyl)-ethane",,O=C(N[C@@H]1C[C@H]2CC[C@@H](C1)N2C(=O)[C@@]12CCC[C@@H](C1)OC2)C1(CC(F)F)CCC1,
99834,Cc1ccccc1-c1nnc(N(C)[C@@H]2[C@H]3CCC[C@H]32)n1Cc1ccc(F)cc1F,"(1S,5R)-6-(N-(3-(2-methylphenyl)-4-(2,4-difluorobenzyl)-1,2,4-triazol-5-yl)-N-methylamino)-bicyclo[3.1.0]hexane",CC1=C(C=CC=C1)C1=NN=C(N1CC1=C(C=C(C=C1)F)F)N(C)C1[C@@H]2CCC[C@H]12,Cc1ccccc1-c1nnc(N(C)[C@H]2[C@@H]3CCC[C@@H]32)n1Cc1ccc(F)cc1F,Cc1ccccc1-c1nnc(N(C)C2[C@H]3CCC[C@@H]23)n1Cc1ccc(F)cc1F
99903,CC[C@H](SC)C(=O)N[C@@H]1C2C[C@H]3[C@@H](C2)C31C(=O)N[C@H]1CNC(=O)C12CC2,"(2R,5S,6R,R)-1-(((2'-oxospiro[cyclopropane-1,3'-pyrrolin]-4'-yl)amino)carbonyl)-2-(((1S)-1-methylsulfanyl-propylcarbonyl)amino)-tricyclo[3.1.0.1^3,6]heptane",,CCC(SC)C(=O)N[C@@H]1C2C[C@@H]3[C@H](C2)C13C(=O)N[C@H]1CNC(=O)C12CC2,
99953,C=C[C@H]1CN(C(=O)/C=C/[C@H](C)CC)C[C@H]1NC(=O)C1(C)CCSCC1,"4-methyl-4-((((3S,4S)-1-((4R)-(1E,3R)-3-methyl-pent-1-en-1-ylcarbonyl)-3-(ethen-1-yl)pyrrolidin-4-yl)amino)carbonyl)thian",,C=C[C@H]1CN(C(=O)/C=C/[C@H](C)CC)C[C@H]1NC(=O)C1(C)CCSCC1,
