index,smiles,name,opsin_smiles,std_original,std_opsin
159,c1ccc2c(c1)oc1ccc3c(oc4ccc5c6ccncc6c6nccn6c5c43)c12,"4,26-dioxa-12,16,19-triazoctacyclo[25.4.0.0^{2,25}.0^{3,22}.0^{5,21}.0^{8,20}.0^{15,19}.0^{9,14}]hentriaconta-1(31),2(25),3(22),5,7,9,11,13,15,17,20,23,27,29-tetradecaene",,c1ccc2c(c1)oc1ccc3c(oc4ccc5c6ccncc6c6nccn6c5c43)c12,
186,O=C1C[C@@H]2CC3(C[C@@H]2C1)OCC1(CO3)c2ccccc2-c2ccccc21,,,O=C1C[C@@H]2CC3(C[C@@H]2C1)OCC1(CO3)c2ccccc2-c2ccccc21,
202,COC(=O)c1ccc2c(c1)[C@]1(CC(=O)NC1=O)CC(=O)N2C,"methyl (5S)-2-methyl-3-oxospiro[2-azabicyclo[4.4.0]deca-1(6),7,9-triene-5,3'-((3S)-1-azacyclopentane-2,5-dione)]-8-carboxylate",,COC(=O)c1ccc2c(c1)[C@]1(CC(=O)NC1=O)CC(=O)N2C,
318,Cc1cc(C)nc(CC(=S)N2CCN(c3ccc(Cl)cc3[S+](C)(=O)[O-])CC2)c1,"1-(4-chloro-2-(methylsulfonyl)phenyl)-4-(2-(4,6-dimethylpyridin-2-yl)-1-thioxoethyl)piperazine",ClC1=CC(=C(C=C1)N1CCN(CC1)C(CC1=NC(=CC(=C1)C)C)=S)S(=O)(=O)C,Cc1cc(C)nc(CC(=S)N2CCN(c3ccc(Cl)cc3[S+](C)(=O)[O-])CC2)c1,Cc1cc(C)nc(CC(=S)N2CCN(c3ccc(Cl)cc3S(C)(=O)=O)CC2)c1
532,COc1ccc2c(c1)[C@]13CCN(CC4CC4)[C@H](C2)[C@]1(O)CCC1(COCO1)C3,,,COc1ccc2c(c1)[C@]13CCN(CC4CC4)[C@H](C2)[C@]1(O)CCC1(COCO1)C3,
677,COc1ccc2c(c1)C1(COC(N)=N1)c1cc(-c3cccnc3F)ccc1O2,"2'-fluoro-3'-((5-methoxy-9-oxa)-4,5-dihydrospiro[1,3-oxazole-4,2'-tricyclo[8.4.0.0^{3,8}]tetradeca-1(10),3(8),4,6,11,13-hexaen-13-yl)pyridine]-2-amine",,COc1ccc2c(c1)C1(COC(=N)N1)c1cc(-c3cccnc3F)ccc1O2,
1024,NN=C(N)c1ccc2ccc3cccnc3c2n1,"2-(aminomethyl)-1,10-phenanthrolinal hydrazone",NCC1(NC2=C3N=CC=CC3=CC=C2C=C1)C=NN,N=C(NN)c1ccc2ccc3cccnc3c2n1,NCC1(C=NN)C=Cc2ccc3cccnc3c2N1
1062,N#CCCC(F)(F)C(F)(F)C(F)(F)C(F)(F)C(F)(F)C(F)(F)C(F)(F)C(F)(F)C(F)(F)C(F)(F)F,,,N#CCCC(F)(F)C(F)(F)C(F)(F)C(F)(F)C(F)(F)C(F)(F)C(F)(F)C(F)(F)C(F)(F)C(F)(F)F,
1088,COCC(C)(OC)OOOC(=O)OC(=O)OOOC(C)(COC)OC,"(1,2-dimethoxypropan-2-yl)oxy hydroxymethaneperoxoate anhydride",,COCC(C)(OC)OOOC(=O)OC(=O)OOOC(C)(COC)OC,
1194,O=C(C1CCNCC1)N1CCC2(CCc3c2nc(-c2cccnc2)[nH]c3=O)CC1,"3-(pyridin-3-yl)spiro[2,4-diazabicyclo[4.3.0]nona-1(6),2-diene-9,4'-(1-azacyclohexan-1-yl(piperidin-4-yl)methanone)]-5-one",,O=C(C1CCNCC1)N1CCC2(CCc3c2[nH]c(-c2cccnc2)nc3=O)CC1,
1587,CCN1C[C@]2(C)CC[C@H](O)[C@@]34[C@@H]2[C@@H](OC)[C@@](O)([C@@H]13)[C@]1(O)C[C@H](OC)[C@@H]2C[C@H]4[C@H]1[C@@H]2OC(C)=O,"(1S,2S,5R,8S,9S,10S,12S,13S,15S,16R,17R,18S,19R)-7-ethyl-2,9,10-trihydroxy-12,17-dimethoxy-5-methyl-7-azahexacyclo[7.6.2.2^{10,13}.0^{5,16}.0^{1,8}.0^{15,18}]nonadecan-19-yl acetate",C(C)(=O)O[C@@H]1[C@@H]2[C@H]3[C@H](C[C@]1([C@@]1([C@H]4N(C[C@@]5(CC[C@@H]([C@@]4([C@H]2C3)[C@@H]5[C@H]1OC)O)C)CC)O)O)OC,CCN1C[C@]2(C)CC[C@H](O)[C@@]34[C@@H]2[C@@H](OC)[C@@](O)([C@@H]13)[C@]1(O)C[C@H](OC)[C@@H]2C[C@H]4[C@H]1[C@@H]2OC(C)=O,CCN1C[C@]2(C)CC[C@H](O)[C@@]34[C@@H]2[C@@H](OC)[C@@](O)([C@@H]13)[C@]1(O)C[C@H](OC)[C@H]2C[C@H]4[C@@H]2[C@H]1OC(C)=O
1647,O=C1C=C(n2cc3c(n2)CCN(CC2CCCCC2)C3)S(=O)N1,"5-(5-(cyclohexylmethyl)-4,5,6,7-tetrahydro-1H-pyrazolo[4,3-c]pyridin-2-yl)-1-oxo-1,2-thiazol-3(2H)-one",C1(CCCCC1)CN1CC2=C(CC1)NN(C2)C2=CC(NS2=O)=O,O=c1cc(-n2cc3c(n2)CCN(CC2CCCCC2)C3)[s+]([O-])[nH]1,O=c1cc(N2CC3=C(CCN(CC4CCCCC4)C3)N2)[s+]([O-])[nH]1
1936,Cc1cccc(-c2c3c(nn2C)CCNC3)c1,"2-methyl-3-(3-methylphenyl)-4,5,6,7-tetrahydro-1H-pyrazolo[4,3-c]pyridine",CN1NC2=C(CNCC2)C1C1=CC(=CC=C1)C,Cc1cccc(-c2c3c(nn2C)CCNC3)c1,Cc1cccc(C2C3=C(CCNC3)NN2C)c1
1966,Cc1cc(C(C)N2Cc3c(cccc[c+]3C(=O)[O-])C2=O)cnc1OCC(F)F,"9-(1-(6-((2,2-difluoroethyl)oxy)-5-methylpyridin-3-yl)ethyl)-8-oxo-9-azabicyclo[5.3.0]deca-1(7),3,5-triene-2-carboxylate",FC(COC1=C(C=C(C=N1)C(C)N1C(C=2C=CC=CC(C2C1)C(=O)[O-])=O)C)F,Cc1cc(C(C)N2Cc3c(cccc[c+]3C(=O)[O-])C2=O)cnc1OCC(F)F,Cc1cc(C(C)N2CC3=C(C(=O)O)C=CC=CC3C2=O)cnc1OCC(F)F
2412,Cn1nnnc1[C@H]1C[C@]12C(=O)Nc1ccc(Cl)cc12,"(3S)-5-chloro-2'-(1-methyl-1,2,3,4-tetrazol-5-yl)spiro[indoline-3,1'-cyclopropane]-2-one",ClC=1C=C2C(=CC1)NC([C@@]21C(C1)C1=NN=NN1C)=O,Cn1nnnc1[C@H]1C[C@]12C(=O)Nc1ccc(Cl)cc12,Cn1nnnc1C1C[C@]12C(=O)Nc1ccc(Cl)cc12
2467,N[C@H](Cc1c[nH]c2ccccc12)C(=O)N1CCC2(CC1)CC(CC(=O)O)c1ccccc1O2,"2-(3,4-dihydrospiro[2H-1-benzopyrane-2,4'-((2R)-2-amino-1-(1-azacyclohexan-1-yl)-3-(1H-indol-3-yl)propane)]-4-yl-1'-one)acetic acid",,NC(Cc1c[nH]c2ccccc12)C(=O)N1CCC2(CC1)CC(CC(=O)O)c1ccccc1O2,
2766,CCOc1cc(/C=N/NS(=O)(=O)c2ccccc2)cc(Cl)c1OCC,"3-chloro-4,5-diethoxy-N-(phenylsulfonyl)benzaldehyde hydrazone",ClC=1C=C(C=NNS(=O)(=O)C2=CC=CC=C2)C=C(C1OCC)OCC,CCOc1cc(/C=N/NS(=O)(=O)c2ccccc2)cc(Cl)c1OCC,CCOc1cc(C=NNS(=O)(=O)c2ccccc2)cc(Cl)c1OCC
3478,O=C(c1ccccn1)[C@@H]1[C@@H](c2ccc(Cl)cc2)[C@@H]2CCCN2[C@@]12C(=O)Nc1ccc(F)cc12,"(3S)-5-fluoro((2S,3R,4S,5S)-4-(4-chlorophenyl)-1'-azaspiro[indoline-3,2'-bicyclo[3.3.0]octan-3-yl)(pyridin-2-yl)methanone]-2-one",,O=C(c1ccccn1)C1[C@@H](c2ccc(Cl)cc2)[C@@H]2CCCN2[C@@]12C(=O)Nc1ccc(F)cc12,
3589,CCc1ccc(C(=O)N2CCC3(CC2)Oc2cc(CN(C)C)ccc2-n2cccc23)cc1OC,"N,N-dimethyl-1'-(8-oxa-1'-azaspiro[piperidine-4,9'-tricyclo[8.3.0.0^{2,7}]trideca-2,4,6,10,12-pentaen-5-yl)methanamine]-1-yl(4-ethyl-3-methoxyphenyl)methanone",,CCc1ccc(C(=O)N2CCC3(CC2)Oc2cc(CN(C)C)ccc2-n2cccc23)cc1OC,
4062,CN(C(=O)Cc1cc(Cl)c(Cl)c([N+](C)(C)S(=O)[O-])c1N)[C@H](CN1CCCC1)c1ccccc1,"2-amino-5,6-dichloro-N,N-dimethyl-3-(2-oxo-2-(((1S)-1-phenyl-2-(pyrrolidin-1-yl)ethyl)(methyl)amino)ethyl)-N-sulfonylbenzen-1-aminium",,CN(C(=O)Cc1cc(Cl)c(Cl)c([N+](C)(C)S(=O)[O-])c1N)[C@H](CN1CCCC1)c1ccccc1,
4298,CC1COc2ccc(cc2)C(C)(C)c2ccc(c3c2C(C)C3)O1,,,CC1COc2ccc(cc2)C(C)(C)c2ccc(c3c2C(C)C3)O1,
4356,[BH3-]c1n(-c2cc(C)ccc2C)cc[n+]1C,"2-boryl-1-(2,5-dimethylphenyl)-3-methyl-1H-imidazol-3-ium",BC=1N(C=C[N+]1C)C1=C(C=CC(=C1)C)C,[BH3-]c1n(-c2cc(C)ccc2C)cc[n+]1C,Bc1n(-c2cc(C)ccc2C)cc[n+]1C
4401,COc1ccc(OCC(=O)N2CC[C@]3(C2)Nc2cccnc2NC3=NC(C)(C)C)cc1,"1-((3R)-N-(tert-butyl)-2',5',7'-triazaspiro[pyrrolidine-3,3'-bicyclo[4.4.0]deca-1(10),6,8-trien-4-imine]-1-yl)-2-((4-methoxyphenyl)oxy)ethan-1-one",,COc1ccc(OCC(=O)N2CC[C@]3(C2)Nc2cccnc2N=C3NC(C)(C)C)cc1,
4680,CC1CCC[P@@]1C,"(1R)-1,2-dimethylphospholane",C[P@]1C(CCC1)C,CC1CCC[P@@]1C,CC1CCC[P@]1C
4813,c1cc2ccc1CSSCc1ccc(cc1)CSSCc1ccc(cc1)CSSC2,,,c1cc2ccc1CSSCc1ccc(cc1)CSSCc1ccc(cc1)CSSC2,
5135,CCO/C(C)=N\N=C(\C)c1ccccc1,,,CCO/C(C)=N\N=C(\C)c1ccccc1,
5205,O[C@@H]1C[C@H]2CN(Cc3cccnc3)CC3(CN(C4CCCC4)C3)N2C1,"(7R,8aS)-2-((pyridin-3-yl)methyl)-1,2,3,4,6,7,8,8a-octahydro-1cyclopentylspiro[pyrrolo[1,2-a]pyrazine-4,3'-azetidine]-7-ol",N1=CC(=CC=C1)CN1C([C@H]2N(C[C@@H](C2)O)C2(CNC2)C1)C1CCCC1,O[C@@H]1C[C@H]2CN(Cc3cccnc3)CC3(CN(C4CCCC4)C3)N2C1,O[C@@H]1C[C@H]2C(C3CCCC3)N(Cc3cccnc3)CC3(CNC3)N2C1
5452,CCOc1cc(F)c2c(c1)=c1ccc(C3CCC(C)CC3)c(F)c1=2,"6-ethoxy-1,8-difluoro-2-(4-methylcyclohexyl)biphenylene",C(C)OC=1C=C2C=3C=CC(=C(C3C2=C(C1)F)F)C1CCC(CC1)C,CCOc1cc(F)c2c(c1)=c1ccc(C3CCC(C)CC3)c(F)c1=2,CCOc1cc(F)c2c(c1)-c1ccc(C3CCC(C)CC3)c(F)c1-2
5483,CC(=O)[C@@H]1[C@H](C(=O)c2ccco2)[C@]2(C(=O)Nc3ccccc32)[C@@H]2C=Cc3cc(Cl)ccc3N12,"(3R)-1'-(((10S,11R,12R,13S)-5-chloro-12-((furan-2-yl)carbonyl)-1-aza)spiro[indoline-3,11'-tricyclo[8.3.0.0^{2,7}]trideca-2(7),3,5,8-tetraen-13-yl)ethane]-2,1'-dione",,CC(=O)C1C(C(=O)c2ccco2)[C@]2(C(=O)Nc3ccccc32)[C@@H]2C=Cc3cc(Cl)ccc3N12,
5526,CCCCCCCCCCCCCCCOC(=O)CCCC(=O)OCC(CCC)CCC,5-2-propylpentyl 1-pentadecyl pentanedioate,,CCCCCCCCCCCCCCCOC(=O)CCCC(=O)OCC(CCC)CCC,
5638,CSC1Cc2cc3cc(c2)C(SC)Cc2cc(cc1c2)OCCCCCCCCCO3,,,CSC1Cc2cc3cc(c2)C(SC)Cc2cc(cc1c2)OCCCCCCCCCO3,
6166,Cc1nn(-c2ccccc2)c2c1C(C1CC1)N(C1CCCN([S+](=O)([O-])c3c(C)noc3C)C1)C2=O,"6-cyclopropyl-7-(1-(3,5-dimethyl-1,2-oxazol-4-ylsulfonyl)piperidin-3-yl)-4-methyl-2-phenyl-2,3,7-triazabicyclo[3.3.0]octa-1(5),3-dien-8-one",C1(CC1)C1C=2C(=NN(C2C(N1C1CN(CCC1)S(=O)(=O)C=1C(=NOC1C)C)=O)C1=CC=CC=C1)C,Cc1nn(-c2ccccc2)c2c1C(C1CC1)N(C1CCCN([S+](=O)([O-])c3c(C)noc3C)C1)C2=O,Cc1nn(-c2ccccc2)c2c1C(C1CC1)N(C1CCCN(S(=O)(=O)c3c(C)noc3C)C1)C2=O
6395,COc1ccc(/C=C(\C#N)c2nc3sc4c(c3c(=O)[nH]2)CCC(C)C4)cc1O,"(2Z)-3-(3-hydroxy-4-methoxyphenyl)-2-(5-methyl-13-oxo-8-thia-10,12-diazatricyclo[7.4.0.0^{2,7}]trideca-1(9),2(7),10-trien-11-yl)prop-2-enenitrile",OC=1C=C(C=CC1OC)\C=C(\C#N)/C1=NC=2SC=3CC(CCC3C2C(N1)=O)C,COc1ccc(/C=C(\C#N)c2nc(=O)c3c4c(sc3[nH]2)CC(C)CC4)cc1O,COc1ccc(/C=C(/C#N)c2nc(=O)c3c4c(sc3[nH]2)CC(C)CC4)cc1O
6604,COc1ccc(CO[C@@H](C)C(=O)C[P+]([O-])(OC)OC)cc1,(3S)-1-(dimethoxyphosphoryl)-3-(((4-methoxyphenyl)methyl)oxy)butan-2-one,COP(=O)(OC)CC([C@H](C)OCC1=CC=C(C=C1)OC)=O,COc1ccc(COC(C)C(=O)C[P+]([O-])(OC)OC)cc1,COc1ccc(COC(C)C(=O)CP(=O)(OC)OC)cc1
6663,C=C1C(=O)[C@]23CC[C@H]1CC2C12CCC[C@@](C)(C(=O)OC1=O)C2CC3=O,,,C=C1C(=O)[C@]23CC[C@H]1CC2C12CCC[C@@](C)(C(=O)OC1=O)C2CC3=O,
6681,Cc1ccc(COc2ccccc2/C=N/NS(=O)(=O)c2cccs2)cc1,2-(((4-methylphenyl)methyl)oxy)-N-(thiophen-2-ylsulfonyl)benzaldehyde hydrazone,CC1=CC=C(C=C1)COC1=C(C=NNS(=O)(=O)C=2SC=CC2)C=CC=C1,Cc1ccc(COc2ccccc2/C=N/NS(=O)(=O)c2cccs2)cc1,Cc1ccc(COc2ccccc2C=NNS(=O)(=O)c2cccs2)cc1
6945,O=C1NC2(CCN(C(=O)C3(c4ccccc4)CC3)CC2)Oc2ccccc21,"spiro[2-oxa-4-azabicyclo[4.4.0]deca-1(10),6,8-triene-3,4'-(1-azacyclohexan-1-yl(1-phenylcyclopropyl)methanone)]-5-one",,O=C1NC2(CCN(C(=O)C3(c4ccccc4)CC3)CC2)Oc2ccccc21,
7042,CC(C)(C)c1ccc2c(c1)C(=O)NC1(CC1CC(C)(C)c1ccc3c(c1)CCCN3)C(=O)N2,"9-(tert-butyl)spiro[2,5-diazabicyclo[5.4.0]undeca-1(7),8,10-triene-4,1'-(6-(2-methyl-1-(1cyclopropan-2-yl)propan-2-yl)-1,2,3,4-tetrahydroquinoline)]-3,6-dione",,CC(C)(C)c1ccc2c(c1)C(=O)NC1(CC1CC(C)(C)c1ccc3c(c1)CCCN3)C(=O)N2,
7109,CCOC(=O)C=C[C@]12CCC3(CC1=CC[C@@H]1[C@@H]2CC[C@@]2(C)[C@H]1CCC21OCCO1)OCCO3,"ethyl 3-((1S,2S,10R,11S,15S)-15-methyl-1',3'-dioxa-1'',3''-dioxadispiro[cyclopentane-2,5'-tetracyclo[8.7.0.0^{11,15}.0^{2,7}]heptadec-7-ene-14',2''-cyclopentane]-2-yl)prop-2-enoate",,CCOC(=O)C=C[C@]12CCC3(CC1=CC[C@@H]1[C@@H]2CC[C@@]2(C)[C@H]1CCC21OCCO1)OCCO3,
7707,C[N+]([O-])=NCOC1OC(COC2OCC(O)C(O)C2O)C(O)C(O)C1O,"2-(((iminioamino)methyl)oxy)-6-(((3,4,5-trihydroxyoxan-2-yl)oxy)methyl)oxane-3,4,5-triol",[NH2+]=NCOC1OC(C(C(C1O)O)O)COC1OCC(C(C1O)O)O,C[N+]([O-])=NCOC1OC(COC2OCC(O)C(O)C2O)C(O)C(O)C1O,N=NCOC1OC(COC2OCC(O)C(O)C2O)C(O)C(O)C1O
7813,Cc1ccc(OCC(=O)N2CCC3(CC2)CC(=O)c2ccccc2O3)cc1C,"spiro[2-oxabicyclo[4.4.0]deca-1(10),6,8-triene-3,4'-(1-(1-azacyclohexan-1-yl)-2-((3,4-dimethylphenyl)oxy)ethane)]-5,1'-dione",,Cc1ccc(OCC(=O)N2CCC3(CC2)CC(=O)c2ccccc2O3)cc1C,
7929,CCCCCC1CC2(CC1CO)CC1C2CCC2(C)CCCC1(O)C2,"8-methylspiro[tricyclo[6.3.1.0^{2,5}]dodecane-4,1'-((4-pentylcyclopentan-3-yl)methanol)]-1-ol",,CCCCCC1CC2(CC1CO)CC1C2CCC2(C)CCCC1(O)C2,
8152,C[C@H]1[C@@H](O)CC[C@@H]2[C@]1(C)CC[C@H]1[C@@]2(C=O)CC[C@@]2(C)[C@@H]3CC(C)(C)CC[C@]3(C)CC[C@]12C,,,C[C@H]1[C@@H](O)CC[C@@H]2[C@]1(C)CC[C@H]1[C@@]2(C=O)CC[C@@]2(C)[C@@H]3CC(C)(C)CC[C@]3(C)CC[C@]12C,
8170,CCC(C)OC(=O)CCC(=O)OC(C)(C)CCC(C)(C)C(C)(C)CC,"4-2,5,5,6,6-pentamethyloctan-2-yl 1-butan-2-yl butanedioate",,CCC(C)OC(=O)CCC(=O)OC(C)(C)CCC(C)(C)C(C)(C)CC,
8668,CC(C)(C)OC(=O)N[C@@H](CCC(=O)O[C@@H]1O[C@H](CO)[C@@H](O)[C@H](O)[C@H]1O)C(=O)OC(C)(C)C,"5-(2S,3R,4S,5S,6R)-3,4,5-trihydroxy-6-(hydroxymethyl)oxan-2-yl 1-tert-butyl (2S)-2-(tert-butoxycarbonylamino)pentanedioate",,CC(C)(C)OC(=O)NC(CCC(=O)O[C@@H]1O[C@H](CO)[C@@H](O)[C@H](O)[C@H]1O)C(=O)OC(C)(C)C,
8806,Cc1cc2c(c(F)c1F)=c1c(F)c(C3CCC(C)CO3)ccc1=2,"5-methyl-2-(1,7,8-trifluoro-6-methylbiphenylen-2-yl)oxane",CC1CCC(OC1)C1=C(C=2C3=C(C(=C(C=C3C2C=C1)C)F)F)F,Cc1cc2c(c(F)c1F)=c1c(F)c(C3CCC(C)CO3)ccc1=2,Cc1cc2c(c(F)c1F)-c1c-2ccc(C2CCC(C)CO2)c1F
8868,NC1=N[C@]2(CO1)c1cc(C3=CCOC3)ccc1Oc1ccc(-c3cncnc3)cc12,"(4S)-5'-(((9S)-6-(2,5-dihydrofuran-3-yl)-2-oxa)-4,5-dihydrospiro[1,3-oxazole-4,9'-tricyclo[8.4.0.0^{3,8}]tetradeca-1(10),3(8),4,6,11,13-hexaen-12-yl)pyrimidine]-2-amine",,N=C1N[C@]2(CO1)c1cc(C3=CCOC3)ccc1Oc1ccc(-c3cncnc3)cc12,
9077,C=C(C)[C@H]1OCC[C@H]1C(=O)N1CCS[C@H]2CCCC[C@@H]21,"((4aS,8aS)-3,4,4a,5,6,7,8,8a-octahydro-4H-1,4-benzothiazin-4-yl)((2S,3R)-2-(prop-1-en-2-yl)oxolan-3-yl)methanone",,C=C(C)[C@H]1OCCC1C(=O)N1CCS[C@H]2CCCC[C@@H]21,
9125,Cc1cc(OC(F)(F)F)ccc1-c1cnnc(CN(C=O)OC=O)c1,N-((5-(2-methyl-4-((trifluoromethyl)oxy)phenyl)pyridazin-3-yl)methyl)formamido formate,,Cc1cc(OC(F)(F)F)ccc1-c1cnnc(CN(C=O)OC=O)c1,
9195,CCCC(OC(=O)CCCC(=O)OCC(F)(F)C(F)(F)C(F)(F)C(F)F)C(C)C,"5-2,2,3,3,4,4,5,5-octafluoropentyl 1-2-methylhexan-3-yl pentanedioate",,CCCC(OC(=O)CCCC(=O)OCC(F)(F)C(F)(F)C(F)(F)C(F)F)C(C)C,
10136,CN1C(=O)CC2(Cc3cnc(Nc4ccc(N5CCNCC5)cn4)nc3N2C2CCCC2)C1=O,"1-methyl-9cyclopentyl-N-(5-(piperazin-1-yl)pyridin-2-yl)-2',4',9'-triazaspiro[pyrrolidine-3,8'-bicyclo[4.3.0]nona-1(6),2,4-trien-3-amine]-2,5-dione",,CN1C(=O)CC2(Cc3cnc(Nc4ccc(N5CCNCC5)cn4)nc3N2C2CCCC2)C1=O,
10391,COC(=O)C1C(C)C2CC1C1C3CC(C21)C1C2CC(C4C5C=CC(C5)C24)C31,,,COC(=O)C1C(C)C2CC1C1C3CC(C21)C1C2CC(C4C5C=CC(C5)C24)C31,
10534,CN1Cc2nnc(C(=O)NC(C)(C)C)n2CC12CCN(C(=O)C1CC1)C2,"N-(tert-butyl)-7-methyl-5,6,7,8-tetrahydrospiro[[1,2,4]triazolo[4,3-a]pyrazine-6,3'-(1-azacyclopentan-1-yl(cyclopropyl)methanone)]-3-carboxamide",,CN1Cc2nnc(C(=O)NC(C)(C)C)n2CC12CCN(C(=O)C1CC1)C2,
10671,F[B-](F)(F)C[n+]1ccccc1,1-((trifluoroboryl)methyl)pyridin-1-ium,,F[B-](F)(F)C[n+]1ccccc1,
10866,CCOCCNC(=O)c1cc2c(s1)CCOC21CCN(C(=O)CO)CC1,"N-(2-ethoxyethyl)spiro[3-oxa-7-thiabicyclo[4.3.0]nona-1(6),8-diene-2,4'-(1-(1-azacyclohexan-1-yl)-2-hydroxyethane)]-1'-one-8-carboxamide",,CCOCCNC(=O)c1cc2c(s1)CCOC21CCN(C(=O)CO)CC1,
10999,CCOC(=O)c1ccc(N2C(=O)CS[C@@]23C(=O)Nc2ccccc23)cc1,"ethyl 4-((2S)-4-oxo-7'-azaspiro[1,3-thiazolidine-2,9'-bicyclo[4.3.0]nona-1,3,5-triene]-3-yl-8'-one)benzoate",,CCOC(=O)c1ccc(N2C(=O)CS[C@@]23C(=O)Nc2ccccc23)cc1,
11043,[S-][P+](Oc1cccc(Oc2nc3ccccc3s2)c1)(c1ccccc1)c1ccccc1,"2-((3-((diphenyl(thioxo)phosphanyl)oxy)phenyl)oxy)-1,3-benzothiazole",C1(=CC=CC=C1)P(OC=1C=C(C=CC1)OC=1SC2=C(N1)C=CC=C2)(=S)C2=CC=CC=C2,[S-][P+](Oc1cccc(Oc2nc3ccccc3s2)c1)(c1ccccc1)c1ccccc1,S=P(Oc1cccc(Oc2nc3ccccc3s2)c1)(c1ccccc1)c1ccccc1
11144,CC(C)(C)OC(=O)N1CCC2(CC1)Cc1cc(N)ccc1O2,"tert-butyl 7'-oxaspiro[piperidine-4,8'-bicyclo[4.3.0]nona-1(6),2,4-trien-3-amine]-1-carboxylate",,CC(C)(C)OC(=O)N1CCC2(CC1)Cc1cc(N)ccc1O2,
11358,O=COCC1CC2(CCN(C(=O)NC3C4CC5CC(C4)CC3C5)CC2)c2ccccc21,"(spiro[indane-3,4'-(N-(adamantan-2-yl)-1-azacyclohexanecarboxamide)]-1-yl)methyl formate",,O=COCC1CC2(CCN(C(=O)NC3C4CC5CC(C4)CC3C5)CC2)c2ccccc21,
11393,CCOC(=O)N1CCN(C(=O)[C@@H]2C[C@H]3CC[C@H]2C[C@@]32NC(=O)c3ccccc3O2)CC1,"ethyl 4-(((1S,2R,4R,5S)-2'-oxa-4'-azaspiro[bicyclo[2.2.2]octane-5,3'-bicyclo[4.4.0]deca-1(10),6,8-triene]-2-yl-5'-one)carbonyl)piperazine-1-carboxylate",,CCOC(=O)N1CCN(C(=O)C2C[C@H]3CC[C@H]2C[C@@]32NC(=O)c3ccccc3O2)CC1,
11417,C/C=C/C(N)=C\C1=C(C)CC2(C1)C(=O)N(COCC[Si](C)(C)C)c1ncccc12,"9-(((2-(trimethylsilyl)ethyl)oxy)methyl)spiro[2,9-diazabicyclo[4.3.0]nona-1,3,5-triene-7,1'-((1E,3E)-1-(4-methylcyclopent-3-en-3-yl)penta-1,3-dien-2-amine)]-8-one",,CC=CC(=N)CC1=C(C)CC2(C1)C(=O)N(COCC[Si](C)(C)C)c1ncccc12,
11753,O=C(C1CCC1)N1CCS[C@]12C(=O)N(Cc1ccc(F)cc1)c1ccccc12,"(3R)-1-((4-fluorophenyl)methyl)spiro[indoline-3,2'-((cyclobutyl)((2R)-1-thia-3-azacyclopentan-3-yl)methanone)]-2-one",,O=C(C1CCC1)N1CCS[C@]12C(=O)N(Cc1ccc(F)cc1)c1ccccc12,
11758,CCc1ccc(OCCC(=O)N2CCC3(CC2)CC(=O)c2cc(C)ccc2O3)cc1,"8-methylspiro[2-oxabicyclo[4.4.0]deca-1(6),7,9-triene-3,4'-(1-(1-azacyclohexan-1-yl)-3-((4-ethylphenyl)oxy)propane)]-5,1'-dione",,CCc1ccc(OCCC(=O)N2CCC3(CC2)CC(=O)c2cc(C)ccc2O3)cc1,
11935,Cc1cc(C(=O)N2CCC3(CC2)CC(=O)c2nc(C(C)(C)C)sc2C3)cc2[nH]ccc12,"8-(tert-butyl)spiro[7-thia-9-azabicyclo[4.3.0]nona-1(6),8-diene-4,4'-(1-azacyclohexan-1-yl(4-methyl-1H-indol-6-yl)methanone)]-2-one",,Cc1cc(C(=O)N2CCC3(CC2)CC(=O)c2nc(C(C)(C)C)sc2C3)cc2[nH]ccc12,
12021,CCC(=C\C(C)[N+](=O)[O-])/C(=N\O)C(N)=O,"(2E,3E)-3-ethyl-2-(hydroxyimino)-5-nitrohex-3-enamide",C(C)\C(\C(\C(=O)N)=N/O)=C/C(C)[N+](=O)[O-],CCC(=CC(C)[N+](=O)[O-])C(=NO)C(N)=O,CC/C(=C\C(C)[N+](=O)[O-])C(=NO)C(N)=O
12222,OCCOCC12c3ccccc3C(COCCO)(c3ccccc31)c1ccccc12,,,OCCOCC12c3ccccc3C(COCCO)(c3ccccc31)c1ccccc12,
12287,CN(C(N)=NN=O)[N+](=O)[O-],N-methyl-N-nitro-N''-nitrosomethanetriamine,CN(C(N)NN=O)[N+](=O)[O-],CN(C(=N)NN=O)[N+](=O)[O-],CN(C(N)NN=O)[N+](=O)[O-]
12310,c1cc2c3nc4cccc(c4nc3c1)OCCOCCOCCOCCO2,,,c1cc2c3nc4cccc(c4nc3c1)OCCOCCOCCOCCO2,
12375,C[C@@H]1CCCCN1CN1C(=O)C2(OCC(CO)([N+](=O)[O-])CO2)c2ccccc21,"1-(((2R)-2-methylpiperidin-1-yl)methyl)spiro[indoline-3,2'-((5-nitro-1,3-dioxacyclohexan-5-yl)methanol)]-2-one",,C[C@@H]1CCCCN1CN1C(=O)C2(OCC(CO)([N+](=O)[O-])CO2)c2ccccc21,
12580,O=NPP(O)O,,,O=NP[PH](=O)O,
12753,Cn1c2c(c(=O)n(C)c1=O)CC1(CCCN(C(=O)CCn3cnc4ccccc43)CC1)O2,"3,5-dimethylspiro[7-oxa-3,5-diazabicyclo[4.3.0]non-1(6)-ene-8,4'-(1-(1-azacycloheptan-1-yl)-3-(1H-benzimidazol-1-yl)propane)]-2,4,1'-trione",,Cn1c2c(c(=O)n(C)c1=O)CC1(CCCN(C(=O)CCn3cnc4ccccc43)CC1)O2,
12820,CC(=O)[C@H]1[C@H](c2ccccc2)C2(C(=O)OC(C)(C)OC2=O)[C@H]2c3ccccc3C=NN12,"2,2-dimethyl-1'-(((2R,4R,5R)-4-phenyl-6,7-diaza)spiro[1,3-dioxane-5,3'-tricyclo[7.4.0.0^{2,6}]trideca-1(13),7,9,11-tetraen-5-yl)ethane]-4,6,1'-trione",,CC(=O)C1[C@H](c2ccccc2)C2(C(=O)OC(C)(C)OC2=O)[C@H]2c3ccccc3C=NN12,
13021,Cc1nc2c(s1)/C(=N\[S@@](=O)C(C)(C)C)C1(CCN(C(=O)O)CC1)C2,"(8'Z)-N-((S)-tert-butylsulfinyl)-3'-methyl-2'-thia-4'-azaspiro[piperidine-4,7'-bicyclo[3.3.0]octa-1(5),3-dien-8-imine]-1-carboxylic acid",,Cc1nc2c(s1)C(=N[S@@+]([O-])C(C)(C)C)C1(CCN(C(=O)O)CC1)C2,
13313,COc1ccc2c3ccccc3c3c(OC)ccc4c5ccccc5c1c2c43,,,COc1ccc2c3ccccc3c3c(OC)ccc4c5ccccc5c1c2c43,
13571,CCN(CC)C(=O)C[C@H]1CC2(CCN(C(=O)NC3CCCC3)CC2)Oc2ccccc21,"2-((4R)-3,4-dihydrospiro[2H-1-benzopyrane-2,4'-(Ncyclopentyl-1-azacyclohexanecarboxamide)]-4-yl)-N,N-diethylacetamide",,CCN(CC)C(=O)C[C@H]1CC2(CCN(C(=O)NC3CCCC3)CC2)Oc2ccccc21,
13955,Cc1ccc2c(c1)[C@H]1c3ccccc3[C@H]2[C@@H]2C(=O)N(c3cc(Cl)ccc3Cl)C(=O)[C@H]12,,,Cc1ccc2c(c1)[C@H]1c3ccccc3[C@H]2c2c1c(O)n(-c1cc(Cl)ccc1Cl)c2O,
14141,C=CCCc1ccc(-c2ccc3c(c2F)=c2c(F)c(F)c(O)cc2=3)cc1,"6-(4-(but-3-en-1-yl)phenyl)-3,4,5-trifluorobiphenylen-2-ol",C(CC=C)C1=CC=C(C=C1)C=1C(=C2C=3C(=C(C(=CC3C2=CC1)O)F)F)F,C=CCCc1ccc(-c2ccc3c(c2F)=c2c(F)c(F)c(O)cc2=3)cc1,C=CCCc1ccc(-c2ccc3c(c2F)-c2c-3cc(O)c(F)c2F)cc1
14152,C[C+](C)COC(=O)[O-],2-methylpropyl carbonate,C(OCC(C)C)([O-])=O,C[C+](C)COC(=O)[O-],CC(C)COC(=O)O
14352,CCC(=O)C1=CC(C)(C)CC=S1Cc1ccccc1,"1-(1-benzyl-4,4-dimethyl-3H-thiopyran-6-yl)propan-1-one",C(C1=CC=CC=C1)S1CCC(C=C1C(CC)=O)(C)C,CCC(=O)C1=CC(C)(C)CC=S1Cc1ccccc1,CCC(=O)C1=CC(C)(C)CC[SH]1Cc1ccccc1
14364,O=C1C(c2ccccc2)=Cc2cccc[n+]2C12C([N+](=O)[O-])=CC([N+](=O)[O-])=C1[N-]ON=C12,"3',5'-dinitro-2-phenyl-8'-oxa-7',9'-diazaspiro[3H-quinolizine-4,2'-bicyclo[4.3.0]nona-1(9),3,5-triene]-5-ium-3-one",[N+](=O)([O-])C=1C2(C3=NONC3=C(C1)[N+](=O)[O-])C(C(=CC1=CC=CC=[N+]12)C1=CC=CC=C1)=O,O=C1C(c2ccccc2)=Cc2cccc[n+]2C12C([N+](=O)[O-])=CC([N+](=O)[O-])=C1[N-]ON=C12,O=C1C(c2ccccc2)=Cc2cccc[n+]2C12C([N+](=O)[O-])=CC([N+](=O)[O-])c1nonc12
14617,C[C@H](NC1=CCN/C(=C2/C=NC3NC=CC=C23)N1)C(=O)N=O,"(2S)-2-(((2Z)-2-(7,7a-dihydro-1H-pyrrolo[2,3-b]pyridin-3-ylidene)-3,6-dihydro-1H-pyrimidin-4-yl)amino)-1-nitrosopropan-1-one",N1C\C(\C=2C1NC=CC2)=C/2\NCC=C(N2)N[C@H](C(=O)N=O)C,CC(=NC1=CCN=C(C2=CNC3NC=CC=C23)N1)C(O)=NO,CC(=NC1=CCN/C(=C2/CNC3NC=CC=C23)N1)C(O)=NO
15269,CC(=O)NOc1ccc(C(=O)OCc2ccccc2)c(C(C)C)c1C(C)C,"benzyl 4-(acetamidooxy)-2,3-bis(propan-2-yl)benzoate",C(C)(=O)NC1=C(C(=C(C(=O)OCC2=CC=CC=C2)C=C1)C(C)C)C(C)C,CC(=O)NOc1ccc(C(=O)OCc2ccccc2)c(C(C)C)c1C(C)C,CC(=O)Nc1ccc(C(=O)OCc2ccccc2)c(C(C)C)c1C(C)C
15407,CN/N=C(\N)C1CCNCC1,4-((1Z)-aminomethyl)piperidinal methylhydrazone,,CNN=C(N)C1CCNCC1,
15528,C=C1C(=O)[C@@]23C(CC[C@H]1[C@H]2O)C12[C@@H]4OC[C@](C)(CC[C@@H]1O)[C@H]2C[C@H]3O4,"(2S,5R,8R,10R,11S,12R,13R,17R)-2,12-dihydroxy-5-methyl-20-methylidene-7,9-dioxahexacyclo[8.6.2.2^{11,13}.0^{11,16}.0^{1,8}.0^{5,17}]icosan-19-one",O[C@@H]1C23[C@@H]4OC[C@](CC1)([C@H]3C[C@@H](O4)[C@@]43[C@@H]([C@@H](CCC42)C(C3=C)=O)O)C,C=C1C(=O)[C@@]23C(CC[C@H]1[C@H]2O)C12[C@@H]4OC[C@](C)(CC[C@@H]1O)[C@H]2C[C@H]3O4,C=C1C(=O)C2CCC3C45[C@@H]6OC[C@](C)(CC[C@@H]4O)[C@H]5C[C@@H](O6)[C@]13[C@@H]2O
15920,Cc1cc2c(cc1C)C(=O)CC1(CCN(C(=O)CCC(=O)c3ccccc3)CC1)O2,"1-(8',9'-dimethyl-2'-oxaspiro[piperidine-4,3'-bicyclo[4.4.0]deca-1(6),7,9-triene]-1-yl-5'-one)-4-phenylbutane-1,4-dione",,Cc1cc2c(cc1C)C(=O)CC1(CCN(C(=O)CCC(=O)c3ccccc3)CC1)O2,
16090,O=C1C=C=CN=C1,azin-3-one,,O=C1C=C=CN=C1,
16229,CC[C@H](C)OC(=O)c1[nH]c2c(c1C)C(=O)C[C@H](c1cc(OC)c(OC)c(OC)c1)C2,"(2S)-butan-2-yl (4R)-9-methyl-2-oxo-4-(3,4,5-trimethoxyphenyl)-7-azabicyclo[4.3.0]nona-1(6),8-diene-8-carboxylate",CC1=C(NC=2C[C@H](CC(C12)=O)C1=CC(=C(C(=C1)OC)OC)OC)C(=O)O[C@@H](C)CC,CC[C@H](C)OC(O)c1[nH]c2cc(-c3cc(OC)c(OC)c(OC)c3)cc(O)c2c1C,CC[C@H](C)OC(=O)c1[nH]c2c(c1C)C(=O)C[C@H](c1cc(OC)c(OC)c(OC)c1)C2
16494,COc1cc([NH+]([O-])O)cc2c1OC1(C=C2)N(CC(=O)N(C)C)c2ccccc2C1(C)C,"N-(2'-((9,9-dimethyl-7-aza)-8-methoxyspiro[2H-1-benzopyrane-2,8'-bicyclo[4.3.0]nona-1,3,5-trien-7-yl)-N,N-dimethylacetamide]-6-yl)azinic acid",,COc1cc([NH+]([O-])O)cc2c1OC1(C=C2)N(CC(=O)N(C)C)c2ccccc2C1(C)C,
16647,Cc1cn2c(/C=N/N=C(N)N)c(-c3ccsc3)nc2s1,"3-methyl-7-(thiophen-3-yl)-2-thia-5,8-diazabicyclo[3.3.0]octa-1(8),3,6-triene-6-carbaldehyde amidinohydrazone",C(N)(=N)NN=CC=1N2C=C(SC2=NC1C1=CSC=C1)C,Cc1cn2c(/C=N/N=C(N)N)c(-c3ccsc3)nc2s1,Cc1cn2c(C=NN=C(N)N)c(-c3ccsc3)nc2s1
16656,CC1(C)C(=O)N(Cc2ccccc2)[C@H]2CN(Cc3cccc(C(=O)O)c3)C[C@H]2[S+]1(=O)[O-],"3-(((1R,6S)-5-benzyl-3,3-dimethyl-2-oxido-2,4-dioxo-2-thia-5,8-diazabicyclo[4.3.0]nonan-8-yl)methyl)benzoic acid",C(C1=CC=CC=C1)N1C(C(S([C@@H]2CN(C[C@H]12)CC=1C=C(C(=O)O)C=CC1)(=O)[O-])(C)C)=O,CC1(C)C(=O)N(Cc2ccccc2)[C@H]2CN(Cc3cccc(C(=O)O)c3)C[C@H]2[S+]1(=O)[O-],CC1(C)C(=O)N(Cc2ccccc2)[C@H]2CN(Cc3cccc(C(=O)O)c3)C[C@H]2[SH]1(=O)O
17159,NC(=NN=Cc1ccc(-c2cc([N+](=O)[O-])ccc2Cl)o1)N[N+](=O)[O-],,,N=C(NN=Cc1ccc(-c2cc([N+](=O)[O-])ccc2Cl)o1)N[N+](=O)[O-],
17253,Cc1ccc2c3c1C(C)(C)c1cccc4c1B3c1c(ccc3c5ccccc5n-2c13)C4(C)C,"2,2,4,23,23-pentamethyl-12-aza-9-boroctacyclo[22.3.1.0^{9,28}.0^{10,22}.0^{11,19}.0^{13,18}.0^{7,12}.0^{3,8}]octacosa-1(27),3(8),4,6,10,13,15,17,19,21,24(28),25-dodecaene",,Cc1ccc2c3c1C(C)(C)c1cccc4c1B3c1c(ccc3c5ccccc5n-2c13)C4(C)C,
17525,CCOc1ccc(/C=C(/C#N)c2nc3ccccc3[nH]2)cc1[N+](=O)[O-],(2E)-2-(1H-benzimidazol-2-yl)-3-(4-ethoxy-3-nitrophenyl)prop-2-enenitrile,N1C(=NC2=C1C=CC=C2)\C(\C#N)=C\C2=CC(=C(C=C2)OCC)[N+](=O)[O-],CCOc1ccc(/C=C(/C#N)c2nc3ccccc3[nH]2)cc1[N+](=O)[O-],CCOc1ccc(/C=C(\C#N)c2nc3ccccc3[nH]2)cc1[N+](=O)[O-]
18160,NCc1ccc2c(c1)C1(CCN(C(=O)c3ccc(CC4N=Nc5ccccc54)cc3)CC1)CO2,"(1'-((7-oxa)spiro[piperidine-4,9'-bicyclo[4.3.0]nona-1(6),2,4-trien-3-yl)methanamine]-1-yl)(4-((3H-indazol-3-yl)methyl)phenyl)methanone",,NCc1ccc2c(c1)C1(CCN(C(=O)c3ccc(CC4N=Nc5ccccc54)cc3)CC1)CO2,
18433,C[C@@H]1OCCC2Oc3ccc(-c4cccnc4F)cc3[C@]3(N=C(N)N(C)C3=O)[C@H]21,"(4R)-2-amino-2'-fluoro-1-methyl-3'-(((9R,10S,11S)-11-methyl-2,12-dioxa)-1,4-dihydro-5H-spiro[imidazole-4,9'-tricyclo[8.4.0.0^{3,8}]tetradeca-3(8),4,6-trien-6-yl)pyridine]-5-one",,C[C@@H]1OCCC2Oc3ccc(-c4cccnc4F)cc3[C@]3(N=C(N)N(C)C3=O)[C@H]21,
18455,C[NH+]([NH-])c1ccccc1[N+](C)(C)[NH-],"N,N'-diazanidyl-N,N',N'-trimethylbenzene-1,2-diaminium",,C[NH+]([NH-])c1ccccc1[N+](C)(C)[NH-],
18600,CCOc1ccc(S(=O)(=O)N/N=C/c2ccc(OCC(C)C)cc2)cc1,N-(4-ethoxyphenylsulfonyl)-4-isobutoxybenzaldehyde hydrazone,C(C)OC1=CC=C(C=C1)S(=O)(=O)NN=CC1=CC=C(C=C1)OCC(C)C,CCOc1ccc(S(=O)(=O)N/N=C/c2ccc(OCC(C)C)cc2)cc1,CCOc1ccc(S(=O)(=O)NN=Cc2ccc(OCC(C)C)cc2)cc1
18663,COc1ccc(F)cc1S(=O)(=O)N(C)N=Cc1cnc2ccc(-c3ccc(C)nc3)cn12,"6-(6-methylpyridin-3-yl)imidazo[1,2-a]pyridine-3-carbaldehyde (5-fluoro-2-methoxyphenylsulfonyl)methylhydrazone",FC=1C=CC(=C(C1)S(=O)(=O)CNN=CC1=CN=C2N1C=C(C=C2)C=2C=NC(=CC2)C)OC,COc1ccc(F)cc1S(=O)(=O)N(C)N=Cc1cnc2ccc(-c3ccc(C)nc3)cn12,COc1ccc(F)cc1S(=O)(=O)CNN=Cc1cnc2ccc(-c3ccc(C)nc3)cn12
18701,CC(C)CC(=O)NC1CC2(CCN(CC#N)CC2)Oc2ccccc21,"N-(3,4-dihydrospiro[2H-1-benzopyrane-2,4'-(2-(1-azacyclohexan-1-yl)acetonitrile)]-4-yl)-3-methylbutanamide",,CC(C)CC(=O)NC1CC2(CCN(CC#N)CC2)Oc2ccccc21,
18800,CCOC(=O)[C@H](CCC(=O)ON1C(=O)CCC1=O)NC(=O)OCc1ccccc1,"5-2,5-dioxopyrrolidin-1-yl 1-ethyl (2S)-2-((benzyloxy)carbonylamino)pentanedioate",,CCOC(=O)C(CCC(=O)On1c(O)ccc1O)NC(=O)OCc1ccccc1,
18822,Cc1ccc([C@@H]2OC3(C(=O)c4ccccc4C3=O)[C@@H]3C(=O)N(c4ccc(C)c(C)c4)C(=O)[C@H]32)cc1,"(1'R,4'R,5'R)-7'-(3,4-dimethylphenyl)-4'-(4-methylphenyl)-3'-oxa-7'-azaspiro[indane-2,2'-bicyclo[3.3.0]octane-6,8-dione]-1,3-dione",,Cc1ccc([C@@H]2OC3(C(=O)c4ccccc4C3=O)c3c2c(O)n(-c2ccc(C)c(C)c2)c3O)cc1,
18919,C[n+]1cc(/N=N\[O-])on1,"3-methyl-N-(oxidoimino)-1,2,3-oxadiazol-3-ium-5-amine",C[N+]1=NOC(=C1)N=N[O-],C[n+]1cc(/N=N\[O-])on1,C[n+]1cc(N=N[O-])on1
19097,CCCOc1cc(/C=N\NS(=O)(=O)c2ccc(C)cc2)ccc1OC,4-methoxy-3-propoxy-N-tosylbenzaldehyde hydrazone,COC1=C(C=C(C=NNS(=O)(=O)C2=CC=C(C)C=C2)C=C1)OCCC,CCCOc1cc(/C=N\NS(=O)(=O)c2ccc(C)cc2)ccc1OC,CCCOc1cc(C=NNS(=O)(=O)c2ccc(C)cc2)ccc1OC
19158,COc1ccccc1/C=C\C(=O)N1CCC2(CC1)COc1ccc(CN)cc12,"(2Z)-1-(1'-((7-oxa)spiro[piperidine-4,9'-bicyclo[4.3.0]nona-1(6),2,4-trien-3-yl)methanamine]-1-yl)-3-(2-methoxyphenyl)prop-2-en-1-one",,COc1ccccc1/C=C\C(=O)N1CCC2(CC1)COc1ccc(CN)cc12,
19229,Cn1cc2c(n1)[C@@H](C(=O)NCc1ccccc1F)CN(C(=O)c1cc3ccccc3o1)C2,"(7S)-5-((1-benzofuran-2-yl)carbonyl)-N-((2-fluorophenyl)methyl)-2-methyl-4,5,6,7-tetrahydro-1H-pyrazolo[4,3-c]pyridine-7-carboxamide",O1C(=CC2=C1C=CC=C2)C(=O)N2CC1=C([C@H](C2)C(=O)NCC2=C(C=CC=C2)F)NN(C1)C,Cn1cc2c(n1)C(C(=O)NCc1ccccc1F)CN(C(=O)c1cc3ccccc3o1)C2,CN1CC2=C(N1)C(C(=O)NCc1ccccc1F)CN(C(=O)c1cc3ccccc3o1)C2
19278,COC(=O)c1ccc(C2C(=C=[N-])C(=S)NC(=O)C2[n+]2ccccc2)cc1,methyl 4-(3-(iminiomethylidene)-6-oxo-5-(pyridin-1-ium-1-yl)-2-thioxopiperidin-4-yl)benzoate,[NH2+]=C=C1C(NC(C(C1C1=CC=C(C(=O)OC)C=C1)[N+]1=CC=CC=C1)=O)=S,COC(O)=c1ccc(=c2c(-[n+]3ccccc3)c(O)[nH]c(=S)c2=C=[N-])cc1,COC(O)=c1ccc(=c2c(-[n+]3ccccc3)c(O)[nH]c(=S)c2=C=N)cc1
19629,c1ccc([Si]2(c3ccccc3)Cc3ccc4c5ccccc5c5cccc2c5n34)cc1,,,c1ccc([Si]2(c3ccccc3)Cc3ccc4c5ccccc5c5cccc2c5n34)cc1,
19658,CC1=C2C=CC(=N2)C(C)=C2C=CC(=N2)C(C)=C2C=CC(=N2)C(C)=C2C=CC1=N2,,,C=c1c2nc(c(C)c3ccc([nH]3)c(=C)c3ccc([nH]3)c(C)c3nc1C=C3)C=C2,
19913,COc1ccc2c(c1)C(=O)C1(CC2)Oc2ccccc2C1CC(C)=O,"7-methoxy-1'-((7-oxa)spiro[1,2,3,4-tetrahydronaphthalene-2,8'-bicyclo[4.3.0]nona-1,3,5-trien-9-yl)propane]-1,2'-dione",,COc1ccc2c(c1)C(=O)C1(CC2)Oc2ccccc2C1CC(C)=O,
19932,C#CCOc1ccccc1C(Cl)=NNc1ccc([N+](=O)[O-])cc1[N+](=O)[O-],"1-(chloromethyl)-N-(2,4-dinitrophenyl)-2-((prop-2-yn-1-yl)oxy)benzenal hydrazone",ClCC1(C(C=CC=C1)OCC#C)C=NNC1=C(C=C(C=C1)[N+](=O)[O-])[N+](=O)[O-],C#CCOc1ccccc1C(Cl)=NNc1ccc([N+](=O)[O-])cc1[N+](=O)[O-],C#CCOC1C=CC=CC1(C=NNc1ccc([N+](=O)[O-])cc1[N+](=O)[O-])CCl
20096,NC(=O)C1CCN(C(=O)[C@@H]2[C@@H]3CC[C@]4(CC(=O)c5ccccc5O4)[C@H]32)CC1,"1-(((1R,2S,5R,6R)-2'-oxaspiro[bicyclo[3.1.0]hexane-2,3'-bicyclo[4.4.0]deca-1(10),6,8-triene]-6-yl-5'-one)carbonyl)piperidine-4-carboxamide",,NC(=O)C1CCN(C(=O)C2[C@@H]3CC[C@]4(CC(=O)c5ccccc5O4)[C@@H]23)CC1,
20378,Cc1cccnc1CC(=O)N1CCC2(C(=O)Nc3ccccc32)C1c1cnn(C)c1,"spiro[indoline-3,3'-(1-(2-(1-methyl-1H-pyrazol-4-yl)-1-azacyclopentan-1-yl)-2-(3-methylpyridin-2-yl)ethane)]-2,1'-dione",,Cc1cccnc1CC(=O)N1CCC2(C(=O)Nc3ccccc32)C1c1cnn(C)c1,
20912,CCC(CO/C(=[P+](\[O-])O)P(=O)(O)O)Nc1nc(Nc2cccc(Cl)c2)c2ncn(C(C)C)c2n1,"N'-(3-chlorophenyl)-N-(1-((1Z)-dihydroxyphosphoryl(hydroxyphosphinoylidene)methoxy)butan-2-yl)-9-(propan-2-yl)-9H-purine-2,6-diamine",,CCC(CO/C(=[PH+](=O)\[O-])P(=O)(O)O)Nc1nc(Nc2cccc(Cl)c2)c2ncn(C(C)C)c2n1,
20958,CC(=O)OC1C(=O)OC2C3OC4(CCC5=CC(C)(OC(=O)C(F)(F)S(=O)(=O)O)CC4C5)OC3OC12,"1,1-difluoro-1-(((3-methyl-4'-oxo-3',7',9',11'-tetraoxaspiro[bicyclo[3.3.1]non-1-ene-6,10'-tricyclo[6.3.0.0^{2,6}]undecan-5-yl acetate]-3-yl)oxy)carbonyl)methanesulfonic acid",,CC(=O)OC1C(=O)OC2C3OC4(CCC5=CC(C)(OC(=O)C(F)(F)S(=O)(=O)O)CC4C5)OC3OC12,
20968,CN=C1c2ccccc2OC2(CCN(C(=O)c3ccc(Cl)cc3CCc3cccs3)CC2)C1C=N,"(4'-((iminomethyl)-N-methyl)-2'-oxaspiro[piperidine-4,3'-bicyclo[4.4.0]deca-1(10),6,8-trien-5-imine]-1-yl)(4-chloro-2-(2-(thiophen-2-yl)ethyl)phenyl)methanone",,CN=C1c2ccccc2OC2(CCN(C(=O)c3ccc(Cl)cc3CCc3cccs3)CC2)C1C=N,
21080,CCOC(=O)c1c2c(c(CO)c3c1SC1(COC(C)(C)OC1)S3)SC1(COC(C)(C)OC1)S2,"ethyl 8-(hydroxymethyl)-2',2',2',2'-tetramethyl-1',3'-dioxa-1'',3''-dioxadispiro[cyclohexane-5,5'-4,6,10,12-tetrathiatricyclo[7.3.0.0^{3,7}]dodeca-1(9),2,7-triene-11',5''-cyclohexane]-2-carboxylate",,CCOC(=O)c1c2c(c(CO)c3c1SC1(COC(C)(C)OC1)S3)SC1(COC(C)(C)OC1)S2,
21630,Cc1cccc([S+](=O)([O-])NC2CCN(C#N)CC2)c1,4-(3-methylbenzene-1-sulfonamido)piperidine-1-carbonitrile,CC=1C=C(C=CC1)S(=O)(=O)NC1CCN(CC1)C#N,Cc1cccc([S+](=O)([O-])NC2CCN(C#N)CC2)c1,Cc1cccc(S(=O)(=O)NC2CCN(C#N)CC2)c1
21817,COC(=O)c1cc(N)nc(N2CCCC3(CCc4c3nc(C3CC3)[nH]c4=O)C2)n1,"methyl 2-(3cyclopropyl-2',4'-diazaspiro[piperidine-3,9'-bicyclo[4.3.0]nona-1(6),2-diene]-1-yl-5'-one)-6-aminopyrimidine-4-carboxylate",,COC(=O)c1cc(N)nc(N2CCCC3(CCc4c3[nH]c(C3CC3)nc4=O)C2)n1,
22046,CC/C=C(/C=C(\N)c1ccc(C)cc1)c1c(F)cccc1C(N)=O,"2-((1Z,3Z)-1-amino-1-(4-methylphenyl)hexa-1,3-dien-3-yl)-3-fluorobenzamide",N\C(=C/C(=C/CC)/C1=C(C(=O)N)C=CC=C1F)\C1=CC=C(C=C1)C,CCC=C(CC(=N)c1ccc(C)cc1)c1c(F)cccc1C(N)=O,CC/C=C(/CC(=N)c1ccc(C)cc1)c1c(F)cccc1C(N)=O
22381,O=C(O)[C@@H](O)[C@H](O[P+](=O)[O-])C(=O)O,"(2S,3S)-2-hydroxy-3-((oxido(oxo)phosphanyl)oxy)butanedioic acid",O[C@H](C(=O)O)[C@@H](C(=O)O)OP(=O)[O-],O=C(O)C(O)C(O[P+](=O)[O-])C(=O)O,O=C(O)C(O)C(O[PH](=O)O)C(=O)O
22469,O=C1NCC2(C[C@@H]3CC(F)(F)CC[C@H]3[C@@H]2CCc2ccc(-c3cccc(F)c3)cn2)N1,"2'-((2-((1R,6R,7S)-3,3-difluoro)spiro[imidazolidine-4,8'-bicyclo[4.3.0]nonan-7-yl)ethyl)-5-(3-fluorophenyl)pyridine]-2-one",,O=C1NCC2(C[C@@H]3CC(F)(F)CC[C@H]3[C@@H]2CCc2ccc(-c3cccc(F)c3)cn2)N1,
22511,N[C@@H](Cc1cnc[nH]1)C(=O)N1CCC2(CCc3c2nc(-c2ccccc2)[nH]c3=O)CC1,"3-phenylspiro[2,4-diazabicyclo[4.3.0]nona-1(6),2-diene-9,4'-((2S)-2-amino-1-(1-azacyclohexan-1-yl)-3-(1H-imidazol-5-yl)propane)]-5,1'-dione",,NC(Cc1c[nH]cn1)C(=O)N1CCC2(CCc3c2[nH]c(-c2ccccc2)nc3=O)CC1,
22539,CCC(=O)C1=C(C)C2=C(c3ccc4n[nH]nc4c3)c3c(C)c(C(=O)CC)c(C)n3[B-](F)(F)[N+]2=C1C,"1-(2-(2H-benzotriazol-5-yl)-8,8-difluoro-4,6,10,12-tetramethyl-5-propanoyl-7,9-diaza-8-boratricyclo[7.3.0.0^{3,7}]dodeca-1,3,5,9,11-pentaen-9-ium-11-yl)propan-1-one",,CCC(=O)C1=C(C)C2=C(c3ccc4[nH]nnc4c3)c3c(C)c(C(=O)CC)c(C)n3[B-](F)(F)[N+]2=C1C,
22695,CCCOCN1COCN(Cc2cnc(Cl)s2)C1=N[N+](=O)[O-],"3-((2-chloro-1,3-thiazol-5-yl)methyl)-N-nitro-5-(propoxymethyl)-1,3,5-oxadiazinan-4-amine",ClC=1SC(=CN1)CN1COCN(C1N[N+](=O)[O-])COCCC,CCCOCN1COCN(Cc2cnc(Cl)s2)C1=N[N+](=O)[O-],CCCOCN1COCN(Cc2cnc(Cl)s2)C1N[N+](=O)[O-]
22812,CCCCCOC(=O)c1ccccc1C(=O)OCCC(CCCCC)CCOC,"2-3-(2-methoxyethyl)octyl 1-pentyl benzene-1,2-dicarboxylate",,CCCCCOC(=O)c1ccccc1C(=O)OCCC(CCCCC)CCOC,
22878,CC(=O)C12c3ccccc3C(c3ccccc31)[C@@H]1C(=O)OC(=O)[C@@H]12,,,CC(=O)C12c3ccccc3C(c3ccccc31)c1c(O)oc(O)c12,
22880,OC1OC[C@]23CCC[C@@]24COC(O)[C@]2(CCC[C@]12COC3O)COC4O,"(1S,5S,9S,13S)-7,15,18,21-tetraoxapentacyclo[11.3.3.3^{5,9}.0^{9,13}.0^{1,5}]docosane-6,16,19,22-tetraol",,OC1OC[C@]23CCC[C@@]24COC(O)[C@]2(CCC[C@]12COC3O)COC4O,
22978,[S-][P+]1(c2ccccc2)C(c2ccc(-c3ccccc3)cc2)=C2CCCCC2=C1c1cccs1,"8-phenyl-7-(4-phenylphenyl)-9-(thiophen-2-yl)-8-phosphabicyclo[4.3.0]nona-1(9),6-diene-8-thiolate",C1(=CC=CC=C1)P1(C(=C2CCCCC2=C1C=1SC=CC1)C1=CC=C(C=C1)C1=CC=CC=C1)[S-],[S-][P+]1(c2ccccc2)C(c2ccc(-c3ccccc3)cc2)=C2CCCCC2=C1c1cccs1,S[PH]1(c2ccccc2)C(c2ccc(-c3ccccc3)cc2)=C2CCCCC2=C1c1cccs1
23480,CC(C)(C)/[N+]([O-])=C/c1c2cccccc-2c(/C=[N+](/[O-])C(C)(C)C)c1[Si](C)(C)C(C)(C)C,(1Z)-N-(tert-butyl)-1-(2-((tert-butyl)dimethylsilyl)-3-((1E)-iminiomethyl)azulen-1-yl)-N-oxidomethaniminium,,CC(C)(C)/[N+]([O-])=C/c1c2cccccc-2c(/C=[N+](/[O-])C(C)(C)C)c1[Si](C)(C)C(C)(C)C,
23493,Cc1ccc(S(=O)(=O)c2ccc(C=NN=C(N)SCc3ccccc3)cc2)cc1,,,Cc1ccc(S(=O)(=O)c2ccc(C=NN=C(N)SCc3ccccc3)cc2)cc1,
23528,Cc1cccc(C)c1N=S=Nc1c(F)c(F)c2c(F)c(F)c(F)c(F)c2c1F,"1,3,4,5,6,7,8-heptafluoro-N-iminosulfanylidenenaphthalen-2-amine",,Cc1cccc(C)c1N=S=Nc1c(F)c(F)c2c(F)c(F)c(F)c(F)c2c1F,
23679,COc1cccc(NC(=O)c2cnc3c(c2)N([S+](=O)([O-])c2cccnc2)CCC3)c1,"N-(3-methoxyphenyl)-5-(pyridin-3-ylsulfonyl)-5,6,7,8-tetrahydro-1,5-naphthyridine-3-carboxamide",COC=1C=C(C=CC1)NC(=O)C=1C=NC=2CCCN(C2C1)S(=O)(=O)C=1C=NC=CC1,COc1cccc(NC(=O)c2cnc3c(c2)N([S+](=O)([O-])c2cccnc2)CCC3)c1,COc1cccc(NC(=O)c2cnc3c(c2)N(S(=O)(=O)c2cccnc2)CCC3)c1
23688,COC(=O)/C=C/C(=O)OC[C@H](OC(=O)NC1CCCCC1)C(C)C,4-(2R)-2-(cyclohexylcarbamoyloxy)-3-methylbutyl 1-methyl (2E)-but-2-enedioate,,COC(=O)/C=C/C(=O)OC[C@H](OC(=O)NC1CCCCC1)C(C)C,
23896,Cc1ccc(NC(=O)[C@@H](O)[C@H](O)C(=O)N2CCC3(CC2)Cc2cn(C)nc2C(=O)N3)cc1,"(2S,3S)-4-(8'-methyl-3',8',9'-triazaspiro[piperidine-4,4'-bicyclo[4.3.0]nona-1(9),6-diene]-1-yl-2'-one)-2,3-dihydroxy-N-(4-methylphenyl)-4-oxobutanamide",,Cc1ccc(NC(=O)C(O)C(O)C(=O)N2CCC3(CC2)Cc2cn(C)nc2C(=O)N3)cc1,
24080,Cc1ccc2c(c1)[C@@H]1c3ccccc3[C@@H]2[C@@H]2C(=O)N(c3ccc(Cl)cc3Cl)C(=O)[C@H]12,,,Cc1ccc2c(c1)[C@@H]1c3ccccc3[C@@H]2c2c1c(O)n(-c1ccc(Cl)cc1Cl)c2O,
24124,CNC(=O)NC(=S)N1N=C(c2ccc([N+](=O)[O-])cc2)c2cc(OC)c(OC)cc2CC1C,"N-((7,8-dimethoxy-4-methyl-1-(4-nitrophenyl)-4,5-dihydro-2H-2,3-benzodiazepin-3-yl)(thioxo)methyl)-N'-methylurea",COC=1C(=CC2=C(CC(N(NC2C2=CC=C(C=C2)[N+](=O)[O-])C(NC(=O)NC)=S)C)C1)OC,CNC(=O)NC(=S)N1N=C(c2ccc([N+](=O)[O-])cc2)c2cc(OC)c(OC)cc2CC1C,CNC(=O)NC(=S)N1NC(c2ccc([N+](=O)[O-])cc2)c2cc(OC)c(OC)cc2CC1C
24232,CC(C)(C)NC(N)=N[N+](=O)[O-],N-(tert-butyl)-N''-nitromethanetriamine,C(C)(C)(C)NC(N)N[N+](=O)[O-],CC(C)(C)N=C(N)N[N+](=O)[O-],CC(C)(C)NC(N)N[N+](=O)[O-]
24371,C=CCC/C(C)=N\N=C1/NC(=O)CS1,"(1Z)-hex-1-ene-2-one (2E)-4-oxo-1,3-thiazolidin-2-ylidenehydrazone",,C=CCCC(C)=NN=c1[nH]c(O)cs1,
24410,CC[C@]12CCC3C(C4C[C@@H]4C4=CC(=O)CC[C@@H]43)C1CC[C@@]21C=CCO1,"(1S,7R,11S,12R)-11-ethylspiro[pentacyclo[15.1.0.0^{8,16}.0^{11,15}.0^{2,7}]octadec-2-ene-12,2'-((2R)-1-oxacyclopent-3-ene)]-4-one",,CC[C@]12CCC3C4=C(CC(=O)CC4)C4CC4C3C1CC[C@@]21C=CCO1,
24437,COc1cc([N+](=O)[O-])ccc1N1C(=O)[C@@H]2[C@@H](C1=O)C1c3ccccc3C2(C)c2ccccc21,,,COc1cc([N+](=O)[O-])ccc1-n1c(O)c2c(c1O)C1(C)c3ccccc3C2c2ccccc21,
24458,COc1c(C#N)ccc(C2(OC)CCC2)c1C(=O)N1CCc2nn(-c3ccc(F)cc3)cc2C1,"3-((2-(4-fluorophenyl)-4,5,6,7-tetrahydro-1H-pyrazolo[4,3-c]pyridin-5-yl)carbonyl)-2-methoxy-4-(1-methoxycyclobutyl)benzonitrile",FC1=CC=C(C=C1)N1NC2=C(CN(CC2)C(=O)C=2C(=C(C#N)C=CC2C2(CCC2)OC)OC)C1,COc1c(C#N)ccc(C2(OC)CCC2)c1C(=O)N1CCc2nn(-c3ccc(F)cc3)cc2C1,COc1c(C#N)ccc(C2(OC)CCC2)c1C(=O)N1CCC2=C(C1)CN(c1ccc(F)cc1)N2
24611,CC1C=Nc2nc(N)n(Cc3nc([C@@H]4CO[C@@H](c5ccc(F)cc5)C4)no3)c(=O)c21,"2-amino-3-((3-((3R,5R)-5-(4-fluorophenyl)oxolan-3-yl)-1,2,4-oxadiazol-5-yl)methyl)-5-methyl-7H-pyrrolo[2,3-d]pyrimidin-4(5H)-one",NC=1N(C(C2=C(N1)NCC2C)=O)CC2=NC(=NO2)[C@@H]2CO[C@H](C2)C2=CC=C(C=C2)F,Cc1c[nH]c2nc(N)n(Cc3nc([C@@H]4CO[C@@H](c5ccc(F)cc5)C4)no3)c(=O)c12,CC1CNc2nc(N)n(Cc3nc([C@@H]4CO[C@@H](c5ccc(F)cc5)C4)no3)c(=O)c21
24817,CC1(C)Cc2ccc(-c3cncnc3)cc2C2(CN(CC(F)(F)F)C(N)=N2)C1,"5'-((4,4-dimethyl)-1-(2,2,2-trifluoroethyl)-4,5-dihydro-1H-spiro[imidazole-4,2'-bicyclo[4.4.0]deca-1(6),7,9-trien-9-yl)pyrimidine]-2-amine",,CC1(C)Cc2ccc(-c3cncnc3)cc2C2(CN(CC(F)(F)F)C(N)=N2)C1,
25027,Cc1ccc(-n2c(O)c3c(c2O)C2(OC3c3ccccc3)C(=O)c3ccccc3C2=O)cc1Cl,"7'-(3-chloro-4-methylphenyl)-4'-phenyl-3'-oxa-7'-azaspiro[indane-2,2'-bicyclo[3.3.0]octa-1(8),5-diene-6,8-diol]-1,3-dione",,Cc1ccc(-n2c(O)c3c(c2O)C2(OC3c3ccccc3)C(=O)c3ccccc3C2=O)cc1Cl,
25151,COC(=O)C1=CC(c2cccc(F)c2)OC12C(=O)c1ccccc1C2=O,"methyl 5-(3-fluorophenyl)-2,5-dihydrospiro[furane-2,8'-bicyclo[4.3.0]nona-1,3,5-triene-7,9-dione]-3-carboxylate",,COC(=O)C1=CC(c2cccc(F)c2)OC12C(=O)c1ccccc1C2=O,
25164,O=C1OC2(CCN(C(=O)C3(c4ccnc5ccccc45)CC3)C2)c2ccnc(F)c21,"2-fluorospiro[8-oxa-3-azabicyclo[4.3.0]nona-1(6),2,4-triene-7,3'-(1-azacyclopentan-1-yl(1-(quinolin-4-yl)cyclopropyl)methanone)]-9-one",,O=C1OC2(CCN(C(=O)C3(c4ccnc5ccccc45)CC3)C2)c2ccnc(F)c21,
25446,N=[N+]=NC(CNC(=O)[O-])C(F)(F)F,"(2-azido-3,3,3-trifluoropropyl)carbamate",N(=[N+]=[N-])C(CNC([O-])=O)C(F)(F)F,N=[N+]=NC(CNC(=O)[O-])C(F)(F)F,[N-]=[N+]=NC(CNC(=O)O)C(F)(F)F
25458,CN(C)[C@H]1c2ccccc2C2(CCN(C(=O)C3=NNC(=O)CC3)CC2)[C@@H]1O,"6-(((8'S,9'S)-9'-(dimethylamino)spiro[piperidine-4,7'-bicyclo[4.3.0]nona-1,3,5-triene]-1-yl-8'-ol)carbonyl)-4,5-dihydropyridazin-3(2H)-one",,CN(C)[C@H]1c2ccccc2C2(CCN(C(=O)C3=NNC(=O)CC3)CC2)[C@@H]1O,
25514,CCO[P+]([O-])(OCC)SCCC[C@@H](O)c1ccc(C(=O)N(C(C)C)C(C)C)cc1,"4-((1R)-4-((diethoxyphosphoryl)sulfanyl)-1-hydroxybutyl)-N,N-bis(propan-2-yl)benzamide",C(C)OP(=O)(OCC)SCCC[C@@H](O)C1=CC=C(C(=O)N(C(C)C)C(C)C)C=C1,CCO[P+]([O-])(OCC)SCCC[C@@H](O)c1ccc(C(=O)N(C(C)C)C(C)C)cc1,CCOP(=O)(OCC)SCCC[C@@H](O)c1ccc(C(=O)N(C(C)C)C(C)C)cc1
25636,Cc1cn2cc(C(=O)N3CCC[C@@]4(C3)C(=O)N(C)c3ccccc34)ccc2n1,"(3R)-1-methylspiro[indoline-3,3'-((3R)-1-azacyclohexan-1-yl(2-methylimidazo[1,2-a]pyridin-6-yl)methanone)]-2-one",,Cc1cn2cc(C(=O)N3CCC[C@@]4(C3)C(=O)N(C)c3ccccc34)ccc2n1,
25715,Cc1ccccc1-n1ncc2c1NC(=O)C[C@@]21C(=O)N(CC(N)=O)c2c(C)cccc21,"2-((3S)-7-methyl-9'-(2-methylphenyl)-2-oxo-2',8',9'-triazaspiro[indoline-3,5'-bicyclo[4.3.0]nona-1(6),7-diene]-1-yl-3'-one)acetamide",,Cc1ccccc1-n1ncc2c1NC(=O)C[C@@]21C(=O)N(CC(N)=O)c2c(C)cccc21,
25976,CC1(C)N=C(c2ccccc2)SC12S[C@H]1CCCC[C@@H]1S2,"(1S,6S)-spiro[7,9-dithiabicyclo[4.3.0]nonane-8,5'-(4,4-dimethyl-2-phenyl-1-thia-3-azacyclopent-2-ene)]",,CC1(C)N=C(c2ccccc2)SC12S[C@H]1CCCC[C@@H]1S2,
26080,CC(C)[C@@H](C(=O)O)N(C)/[N+]([O-])=N\OC(C)N1C(=O)c2ccccc2C1=O,"(2S)-2-(((((1-(1,3-dioxo-1,3-dihydro-2H-isoindol-2-yl)ethyl)oxy)imino)(oxido)ammonio)(methyl)amino)-3-methylbutanoic acid",O=C1N(C(C2=CC=CC=C12)=O)C(C)ON=[N+]([O-])N([C@H](C(=O)O)C(C)C)C,CC(C)C(C(=O)O)N(C)/[N+]([O-])=N\OC(C)N1C(=O)c2ccccc2C1=O,CC(C)C(C(=O)O)N(C)[N+]([O-])=NOC(C)N1C(=O)c2ccccc2C1=O
26138,COc1cc(OC)c2c(c1Cl)O[C@@]1(C(=O)C=C(NCC3CC4C=CC3C4)C[C@H]1C)C2=O,"(8S)-5-chloro-2,4-dimethoxyspiro[7-oxabicyclo[4.3.0]nona-1,3,5-triene-8,1'-((1S,6R)-4-(((bicyclo[2.2.1]hept-5-en-2-yl)methyl)amino)-6-methylcyclohex-3-ene)]-9,2'-dione",,COc1cc(OC)c2c(c1Cl)O[C@@]1(C(=O)CC(=NCC3CC4C=CC3C4)C[C@H]1C)C2=O,
26334,Cc1cc(-c2cccnc2)cn2c(/C=N\N(C)S(=O)(=O)c3cccc(C(F)(F)F)c3)cnc12,"8-methyl-6-(pyridin-3-yl)imidazo[1,2-a]pyridine-3-carbaldehyde (3-(trifluoromethyl)phenylsulfonyl)methylhydrazone",FC(C=1C=C(C=CC1)S(=O)(=O)CNN=CC1=CN=C2N1C=C(C=C2C)C=2C=NC=CC2)(F)F,Cc1cc(-c2cccnc2)cn2c(/C=N\N(C)S(=O)(=O)c3cccc(C(F)(F)F)c3)cnc12,Cc1cc(-c2cccnc2)cn2c(C=NNCS(=O)(=O)c3cccc(C(F)(F)F)c3)cnc12
26436,COC(=O)CCCCCCCCC(=O)O[C@@H]1CC[C@]2(CO2)[C@@H](C(C)(C)O)[C@@H]1OC,"10-(3R,4R,5S,6R)-4-(2-hydroxypropan-2-yl)-5-methoxy-1-oxaspiro[2.5]octan-6-yl 1-methyl decanedioate",,COC(=O)CCCCCCCCC(=O)O[C@@H]1CC[C@]2(CO2)[C@@H](C(C)(C)O)[C@@H]1OC,
26687,CCO[P+]([O-])(OCC)C1C[C@H]([C@@H](I)c2ccccc2)OC1=O,(5R)-3-(diethoxyphosphoryl)-5-((1S)-iodo(phenyl)methyl)oxolan-2-one,C(C)OP(=O)(OCC)C1C(O[C@H](C1)[C@H](C1=CC=CC=C1)I)=O,CCO[P+]([O-])(OCC)C1C[C@H]([C@@H](I)c2ccccc2)OC1=O,CCOP(=O)(OCC)C1C[C@H]([C@@H](I)c2ccccc2)OC1=O
27315,CC12CCC(=O)C=C1C=CC1C3CC[C@@]4(CCC(=O)O4)C3(C)CC3OC312,,,CC12CCC(=O)C=C1C=CC1C3CC[C@@]4(CCC(=O)O4)C3(C)CC3OC312,
27468,c1ccc2c(c1)Cc1c-2ccc2c3ccc4c(c3n3cccc3c12)-c1ccccc1C4,"19-azoctacyclo[25.4.0.0^{2,25}.0^{5,24}.0^{19,23}.0^{6,18}.0^{9,17}.0^{11,16}]hentriaconta-1(31),2,4,6,8,11,13,15,17,20,22,24,27,29-tetradecaene",,c1ccc2c(c1)Cc1c-2ccc2c3ccc4c(c3n3cccc3c12)-c1ccccc1C4,
27905,CC(=O)Nc1ccc2c(c1)CC1(C(=O)NC(=O)NC1=O)[C@@H]1CN(Cc3ccccc3)CCN21,"N-((10R)-12-benzylspiro[1,12-diazatricyclo[8.4.0.0^{2,7}]tetradeca-2(7),3,5-triene-9,5'-(1,3-diazacyclohexane-2,4,6-trione)]-5-yl)acetamide",,CC(=O)Nc1ccc2c(c1)CC1(C(=O)NC(=O)NC1=O)[C@@H]1CN(Cc3ccccc3)CCN21,
27960,CC(C)OC(=O)N1CCC2(CC1)CC1(Cc3cc(C4=CCN(S(C)(=O)=O)CC4)ncc3O1)C2,,,CC(C)OC(=O)N1CCC2(CC1)CC1(Cc3cc(C4=CCN(S(C)(=O)=O)CC4)ncc3O1)C2,
28054,[O-][PH+]1Oc2ccc3c(c2-c2c(ccc4c2CCCC4)O1)CCCC3,"14-oxido-13,15-dioxa-14-phosphapentacyclo[17.4.0.0^{2,16}.0^{3,12}.0^{4,9}]tricosa-1(19),2(16),3(12),4(9),10,17-hexaene",O=P1OC=2C=CC=3CCCCC3C2C=2C=3CCCCC3C=CC2O1,[O-][PH+]1Oc2ccc3c(c2-c2c(ccc4c2CCCC4)O1)CCCC3,Op1oc2ccc3c(c2c2c4c(ccc2o1)CCCC4)CCCC3
28187,COc1ccc2c(c1)C1(N=C(N)N(C)C1=O)c1cc(-c3cccnc3)ccc1S2,"2-amino-3'-((5-methoxy-9-thia)-1-methyl-1,4-dihydro-5H-spiro[imidazole-4,2'-tricyclo[8.4.0.0^{3,8}]tetradeca-1(10),3(8),4,6,11,13-hexaen-13-yl)pyridine]-5-one",,COc1ccc2c(c1)C1(N=C(N)N(C)C1=O)c1cc(-c3cccnc3)ccc1S2,
28235,[C-]#[N+][C@@H]1C[C@@]2(CN1C(=O)[C@H](CC(C)C)N(C)C(=O)[C@H](C)N)C(=O)Nc1ccccc12,"(2S)-2-amino-N-((2S)-1-((2R,4R)-2-isocyano-7'-azaspiro[pyrrolidine-4,9'-bicyclo[4.3.0]nona-1,3,5-triene]-1-yl-8'-one)-4-methyl-1-oxopentan-2-yl)-N-methylpropanamide",,[C-]#[N+][C@@H]1C[C@@]2(CN1C(=O)C(CC(C)C)N(C)C(=O)C(C)N)C(=O)Nc1ccccc12,
28548,CN1c2ccccc2C(C)(C)C12C=CC=C(C1=CC=CC3(O1)N(C)c1ccc(Cl)cc1C3(C)C)O2,"1,3,3-trimethylspiro[indoline-2,1'-(5-chloro-1,3,3-trimethylspiro[indoline-2,2'-(6-(1-oxacyclohexa-3,5-dien-6-yl)-1-oxacyclohexa-3,5-diene)])]",,CN1c2ccccc2C(C)(C)C12C=CC=C(C1=CC=CC3(O1)N(C)c1ccc(Cl)cc1C3(C)C)O2,
28865,COc1ccc([C@H]2[NH+]=C(C)O[B-]23OC(C)(C)C(C)(C)O3)cc1,"(9S)-9-(4-methoxyphenyl)-2,2,3,3,7-pentamethyl-1,4,6-trioxa-5-bora-8-azoniaspiro[4.4]non-7-ene",,COc1ccc([C@H]2[NH+]=C(C)O[B-]23OC(C)(C)C(C)(C)O3)cc1,
28902,Oc1ccc2c3c1O[C@H]1c4c(c5cc(F)cc6c5n4CC[C@@H]6O)C[C@@]4(O)[C@@H](C2)NCC[C@]314,"(2S,7R,15R,19S,20S)-25-fluoro-8-oxa-5,16-diazoctacyclo[21.3.1.1^{9,13}.0^{19,28}.0^{5,27}.0^{6,22}.0^{15,20}.0^{7,19}]octacosa-1(27),6(22),9,11,13(28),23,25-heptaene-2,10,20-triol",,Oc1ccc2c3c1O[C@H]1c4c(c5cc(F)cc6c5n4CC[C@@H]6O)C[C@@]4(O)[C@@H](C2)NCC[C@]314,
29291,CCOC(C)(C)C(=O)N1CC[C@]2(C(=O)Nc3ccccc32)[C@@H]1c1nccn1C,"(3R)-spiro[indoline-3,3'-(2-ethoxy-2-methyl-1-((2R,3R)-2-(1-methyl-1H-imidazol-2-yl)-1-azacyclopentan-1-yl)propane)]-2,1'-dione",,CCOC(C)(C)C(=O)N1CC[C@]2(C(=O)Nc3ccccc32)[C@@H]1c1nccn1C,
29470,O=S(=O)(Oc1ccc2c3c1OC1C4(CCC5(O)[C@@H](C2)N(CC2CC2)CCC315)OCCO4)C(F)(F)F,,,O=S(=O)(Oc1ccc2c3c1OC1C4(CCC5(O)[C@@H](C2)N(CC2CC2)CCC315)OCCO4)C(F)(F)F,
29733,O=C(O)CCC1Cc2cc3ccc(cc4nc(cc5cc6c([nH]5)c(c1n2)CC6)C=C4)[nH]3,,,O=C(O)CCC1Cc2cc3ccc(cc4ccc(cc5nc6c(c1n2)CCC6=C5)[nH]4)[nH]3,
29843,COCCO/N=C(/C)[C@H]1CC[C@@]2(O)C3=C/C(=N\OC)C4C[C@@H](O)[C@@H](O)C[C@]4(C)C3CC[C@]12C,"(1R,5R,6S,9S,12Z,15R,16S)-6-((1Z)-1-(((2-methoxyethyl)oxy)imino)ethyl)-12-(methoxyimino)-1,5-dimethyltetracyclo[11.4.0.0^{2,10}.0^{5,9}]heptadec-10-ene-9,15,16-triol",COCCO\N=C(\C)/[C@@H]1[C@]2(CCC3[C@]4(C[C@@H]([C@@H](CC4\C(\C=C3[C@@]2(CC1)O)=N/OC)O)O)C)C,COCCO/N=C(/C)[C@H]1CC[C@@]2(O)C3=C/C(=N\OC)C4C[C@@H](O)[C@@H](O)C[C@]4(C)C3CC[C@]12C,COCCO/N=C(/C)[C@H]1CC[C@@]2(O)C3=C/C(=N/OC)C4C[C@@H](O)[C@@H](O)C[C@]4(C)C3CC[C@]12C
29919,CCN1C(=O)[C@@H]2CN(C(C)=O)C[C@@H]2C12CCN(S(=O)(=O)c1cccc(C#N)c1)CC2,"3-((1'R,5'S)-7'-acetyl-3'-ethyl-3',7'-diazaspiro[piperidine-4,2'-bicyclo[3.3.0]octane]-1-yl-4'-onesulfonyl)benzonitrile",,CCN1C(=O)C2CN(C(C)=O)C[C@@H]2C12CCN(S(=O)(=O)c1cccc(C#N)c1)CC2,
30032,Cc1ccc2c(c1)[C@@]1(NC(=S)C3(C(=O)N(C)C(=O)N(C)C3=O)[C@@H]1c1ccccc1)C(=O)N2C,,,Cc1ccc2c(c1)[C@@]1(NC(=S)C3(C(=O)N(C)C(=O)N(C)C3=O)[C@@H]1c1ccccc1)C(=O)N2C,
30073,CCCN1CCc2nn(-c3nc4ccccc4[nH]3)c(N)c2C1,"2-(1H-benzimidazol-2-yl)-5-propyl-4,5,6,7-tetrahydro-1H-pyrazolo[4,3-c]pyridin-3-amine",N1C(=NC2=C1C=CC=C2)N2NC1=C(CN(CC1)CCC)C2N,CCCN1CCc2nn(-c3nc4ccccc4[nH]3)c(N)c2C1,CCCN1CCC2=C(C1)C(N)N(c1nc3ccccc3[nH]1)N2
30234,CCOCOC(=O)C(CC)(C(=O)OCOCC)C(=O)OCOCC,diethoxymethyl 2-((ethoxymethoxy)carbonyl)-2-ethylpropanedioate,C(C)OCOC(=O)C(C(=O)OC(OCC)OCC)(C(=O)[O-])CC,CCOCOC(=O)C(CC)(C(=O)OCOCC)C(=O)OCOCC,CCOCOC(=O)C(CC)(C(=O)O)C(=O)OC(OCC)OCC
30686,CC1(C)CCc2ncccc2C2CCCN2c2ccn3ncc(c3n2)C(=O)N1,,,CC1(C)CCc2ncccc2C2CCCN2c2ccn3ncc(c3n2)C(=O)N1,
31170,C=C[C@@H]1CC2C3CCC45CC6(CCC4(O5)C3=CC[C@]2(C)C1C(C)=O)OCCO6,,,C=C[C@@H]1CC2C3CCC45CC6(CCC4(O5)C3=CC[C@]2(C)C1C(C)=O)OCCO6,
31194,C#CC[Si@H](C)c1ccccc1,(methyl)(phenyl)(prop-2-yn-1-yl)silane,C[SiH](CC#C)C1=CC=CC=C1,C#CC[Si@H](C)c1ccccc1,C#CC[SiH](C)c1ccccc1
31245,O=[N+]([O-])c1ccc2c3c(cccc13)C13OCCOC21OCCO3,,,O=[N+]([O-])c1ccc2c3c(cccc13)C13OCCOC21OCCO3,
31359,CCO[P+]([O-])(OCC)OCC(OC)(C(=O)On1ccccc1=S)C(C)(C)C,"2-thioxo-1H-pyridin-1-yl 2-(((diethoxyphosphoryl)oxy)methyl)-2-methoxy-3,3-dimethylbutanoate",C(C)OP(=O)(OCC)OCC(C(=O)ON1C(C=CC=C1)=S)(C(C)(C)C)OC,CCO[P+]([O-])(OCC)OCC(OC)(C(=O)On1ccccc1=S)C(C)(C)C,CCOP(=O)(OCC)OCC(OC)(C(=O)On1ccccc1=S)C(C)(C)C
31511,CC1C(CC(=O)O)C2CC1C1C3OC(C4C5C=CC(C5)C34)C21,,,CC1C(CC(=O)O)C2CC1C1C3OC(C4C5C=CC(C5)C34)C21,
31575,COc1cc2c(cc1OC)C(=O)NCC=N2,"7,8-dimethoxy-1H-1,4-benzodiazepin-5(3H)-one",COC=1C(=CC2=C(C(NCCN2)=O)C1)OC,COc1cc2c(cc1OC)C(=O)NCC=N2,COc1cc2c(cc1OC)C(=O)NCCN2
31624,COc1cc(/C=N/NS(=O)(=O)c2ccc(O)c(Cl)c2)cc(OC)c1OCc1ccc(C(C)C)cc1,"N-(3-chloro-4-hydroxyphenylsulfonyl)-3,5-dimethoxy-4-(((4-(propan-2-yl)phenyl)methyl)oxy)benzaldehyde hydrazone",ClC=1C=C(C=CC1O)S(=O)(=O)NN=CC1=CC(=C(C(=C1)OC)OCC1=CC=C(C=C1)C(C)C)OC,COc1cc(/C=N/NS(=O)(=O)c2ccc(O)c(Cl)c2)cc(OC)c1OCc1ccc(C(C)C)cc1,COc1cc(C=NNS(=O)(=O)c2ccc(O)c(Cl)c2)cc(OC)c1OCc1ccc(C(C)C)cc1
31656,Cc1cc2n(n1)C1(CCN(C(=O)c3ccccc3F)CC1)CC(=O)N2Cc1ccncc1,"8-methyl-5-((pyridin-4-yl)methyl)spiro[1,5,9-triazabicyclo[4.3.0]nona-6,8-diene-2,4'-(1-azacyclohexan-1-yl(2-fluorophenyl)methanone)]-4-one",,Cc1cc2n(n1)C1(CCN(C(=O)c3ccccc3F)CC1)CC(=O)N2Cc1ccncc1,
31714,Fc1ccc(C2c3cccc(n3)Cc3cccc(n3)Cc3cccc2n3)cc1,,,Fc1ccc(C2c3cccc(n3)Cc3cccc(n3)Cc3cccc2n3)cc1,
31878,C=CC1CCC(CCc2ccc3c(c2F)=c2c(F)c(F)c(OCCCC)cc2=3)CC1,"3-butoxy-7-(2-(4-ethenylcyclohexyl)ethyl)-1,2,8-trifluorobiphenylene",C(CCC)OC=1C(=C(C=2C3=C(C(=CC=C3C2C1)CCC1CCC(CC1)C=C)F)F)F,C=CC1CCC(CCc2ccc3c(c2F)=c2c(F)c(F)c(OCCCC)cc2=3)CC1,C=CC1CCC(CCc2ccc3c(c2F)-c2c-3cc(OCCCC)c(F)c2F)CC1
32140,O=C(C=Cc1ccc2c(c1)C(=O)CC1(CCN(C3CCCC3)CC1)O2)NO,"N-hydroxy-3-(5-oxo-1cyclopentylspiro[2-oxabicyclo[4.4.0]deca-1(6),7,9-triene-3,4'-piperidine]-8-yl)prop-2-enamide",,O=C1CC2(CCN(C3CCCC3)CC2)Oc2ccc(C=CC(O)=NO)cc21,
32717,[C+]1=CN[C-]=CN1,"1,4-dihydropyrazine",N1C=CNC=C1,[C+]1=CN[C-]=CN1,C1=CNC=CN1
32863,S=S=S=S=S=S=S=S=S=S=S=S=S=S=S=S=S=S,,,S=S=S=S=S=S=S=S=S=S=S=S=S=S=S=S=S=S,
33531,CC(C)Cn1c(=O)n(CCO)c(=O)c2c(-c3cccn3C)n(Cc3csc4ccccc34)nc21,"2-((1-benzothiophen-3-yl)methyl)-5-(2-hydroxyethyl)-3-(1-methyl-1H-pyrrol-2-yl)-7-(2-methylpropyl)-5,7-dihydro-1H-pyrazolo[3,4-d]pyrimidine-4,6-dione",S1C=C(C2=C1C=CC=C2)CN2NC=1N(C(N(C(C1C2C=2N(C=CC2)C)=O)CCO)=O)CC(C)C,CC(C)Cn1c(=O)n(CCO)c(=O)c2c(-c3cccn3C)n(Cc3csc4ccccc34)nc21,CC(C)Cn1c2c(c(=O)n(CCO)c1=O)C(c1cccn1C)N(Cc1csc3ccccc13)N2
33860,CNCC1CCCC12CC1C2C(O)CC2(C)CCCC1(O)C2,"8-methylspiro[tricyclo[6.3.1.0^{2,5}]dodecane-4,1'-(N-methyl-1-(1cyclopentan-2-yl)methanamine)]-1,6-diol",,CNCC1CCCC12CC1C2C(O)CC2(C)CCCC1(O)C2,
33965,COC(=O)C1=C(C(=O)OC)[C@@H]2C=C[C@H]1[C@@]13C(=O)C4[C@@H]5C[C@H]6[C@@H]([C@@H]51)[C@@]23C1(OCCO1)[C@@H]46,,,COC(=O)C1=C(C(=O)OC)[C@@H]2C=C[C@H]1[C@@]13C(=O)C4[C@@H]5C[C@H]6[C@@H]([C@@H]51)[C@@]23C1(OCCO1)[C@@H]46,
34493,COC(=O)c1ccc2nnn(OCCOc3ccc(F)cc3)c2c1,methyl 3-((2-((4-fluorophenyl)oxy)ethyl)oxy)-1H-benzotriazole-5-carboxylate,FC1=CC=C(C=C1)OCCON1NNC2=C1C=C(C=C2)C(=O)OC,COC(=O)c1ccc2nnn(OCCOc3ccc(F)cc3)c2c1,COC(=O)c1ccc2c(c1)N(OCCOc1ccc(F)cc1)NN2
34495,CC(=O)c1nn(-c2cc(Cl)ccc2Cl)/c(=N/N=C/c2ccccc2)s1,"(1E)-benzaldehyde (2Z)-5-acetyl-3-(2,5-dichlorophenyl)-3H-1,3,4-thiadiazol-2-ylidenehydrazone",,CC(=O)c1nn(-c2cc(Cl)ccc2Cl)/c(=N/N=C/c2ccccc2)s1,
34546,Cc1c(C=N/N=C\N)sc2ccccc12,,,Cc1c(C=NN=CN)sc2ccccc12,
34629,O=S(=O)(O)CCCCS(=O)(=O)NS(=O)(=O)CCCCS(=O)(=O)O,"4-(butane-1,4-disulfonamidosulfonyl)butane-1-sulfonic acid",,O=S(=O)(O)CCCCS(=O)(=O)NS(=O)(=O)CCCCS(=O)(=O)O,
34665,C/C=C/COC(=O)c1[nH]c2c(c1C)C(=O)C[C@H](c1ccco1)C2,"(2E)-but-2-en-1-yl (4R)-4-(furan-2-yl)-9-methyl-2-oxo-7-azabicyclo[4.3.0]nona-1(6),8-diene-8-carboxylate",O1C(=CC=C1)[C@H]1CC(C=2C(=C(NC2C1)C(=O)OC\C=C\C)C)=O,C/C=C/COC(O)c1[nH]c2cc(-c3ccco3)cc(O)c2c1C,C/C=C/COC(=O)c1[nH]c2c(c1C)C(=O)C[C@H](c1ccco1)C2
34703,CN1C[C@H](c2ccccn2)[C@@]2(SC(=S)N(Cc3ccco3)C2=O)[C@]12C(=O)Nc1ccc(F)cc12,,,CN1C[C@H](c2ccccn2)[C@@]2(SC(=S)N(Cc3ccco3)C2=O)[C@]12C(=O)Nc1ccc(F)cc12,
34739,Cl[C@]12C(c3ccccc3)=C3C(=C1C1C[C@@H]4CC2C[C@H](C1)C4)C1C[C@H]2CC3C[C@@H](C1)C2,,,Cl[C@]12C(c3ccccc3)=C3C(=C1C1C[C@@H]4CC2C[C@H](C1)C4)C1C[C@H]2CC3C[C@@H](C1)C2,
35012,C[C@@H](C1CC1)C(C(N)=O)N1C(=O)NC2(CCc3cc(NS(C)(=O)=O)ccc32)C1=O,"(3S)-3-cyclopropyl-2-(2,5-dioxo-N-(7spiro[imidazolidine-4,1'-bicyclo[4.3.0]nona-1(6),2,4-trien-3-yl)methanesulfonamide]-1-yl)butanamide",,C[C@@H](C1CC1)C(C(N)=O)N1C(=O)NC2(CCc3cc(NS(C)(=O)=O)ccc32)C1=O,
35125,CC(C)(C)c1ccc([S+]2CCN(S(=O)(=O)C(F)(F)S(=O)(=O)[O-])CC2)cc1,(1-(4-(tert-butyl)phenyl)thiomorpholin-4-ylsulfonyl)difluoromethanesulfonate,C(C)(C)(C)C1=CC=C(C=C1)S1CCN(CC1)S(=O)(=O)C(S(=O)(=O)[O-])(F)F,CC(C)(C)c1ccc([S+]2CCN(S(=O)(=O)C(F)(F)S(=O)(=O)[O-])CC2)cc1,CC(C)(C)c1ccc([SH]2CCN(S(=O)(=O)C(F)(F)S(=O)(=O)O)CC2)cc1
35362,CCN1C[C@]2(C)CC[C@H](OC)[C@]34[C@@H]2[C@H](O)[C@@]2(OCO[C@H]2[C@@]25C[C@@H](OC)[C@@H](C[C@H]23)[C@@H]5OC)[C@@H]14,"(1S,2S,6S,7S,8R,9R,12S,13S,14S,16R,17R,19S,22S)-21-ethyl-12,17,19-trimethoxy-9-methyl-3,5-dioxa-21-azaheptacyclo[14.2.1.3^{9,13}.0^{8,13}.0^{2,6}.0^{1,14}.0^{6,22}]docosan-7-ol",C(C)N1C[C@@]23[C@H](CC[C@@]4([C@H]2[C@@H]([C@@]2(OCO[C@H]2[C@]25[C@H]3C[C@H]([C@@H](C2)OC)[C@@H]5OC)[C@@H]14)O)C)OC,CCN1C[C@]2(C)CC[C@H](OC)[C@]34[C@@H]2[C@H](O)[C@@]2(OCO[C@H]2[C@@]25C[C@@H](OC)[C@@H](C[C@H]23)[C@@H]5OC)[C@@H]14,CCN1C[C@]23[C@@H]4C[C@@H]5[C@H](OC)C[C@]4([C@H]5OC)[C@@H]4OCO[C@@]45[C@@H](O)[C@@H]2[C@@](C)(CC[C@@H]3OC)[C@H]15
35786,CN(C)c1ncc2c(n1)C1(CCCN(c3ncnc(N)c3C#N)C1)CC2,"4-amino-6-(N,N-dimethyl-2',4'-diazaspiro[piperidine-3,9'-bicyclo[4.3.0]nona-1(6),2,4-trien-3-amine]-1-yl)pyrimidine-5-carbonitrile",,CN(C)c1ncc2c(n1)C1(CCCN(c3ncnc(N)c3C#N)C1)CC2,
35855,CC(C)(C)N1C(=O)[C@@H]2[C@H](CCC(=O)[O-])[NH2+][C@]3(C(=O)Nc4ccccc43)[C@@H]2C1=O,"3-((1S,2S,4R,5R)-7-(tert-butyl)-6,8-dioxo-7'-azaspiro[3,7-diazabicyclo[3.3.0]octane-4,9'-bicyclo[4.3.0]nona-1,3,5-triene]-3-ium-2-yl-8'-one)propanoate",,CC(C)(C)n1c(O)c2c(c1O)[C@]1(N[C@H]2CCC(=O)O)C(=O)Nc2ccccc21,
35935,Nc1ccc2c(c1)S(C13CC4CCC41C3)=c1cc(N)ccc1=N2,"5-(tricyclo[3.2.0.0^{1,3}]heptan-3-yl)-10H-phenothiazine-3,7-diamine",C123CC1(CC3CC2)S2C=3C=C(C=CC3NC3=CC=C(C=C23)N)N,Nc1ccc2c(c1)S(C13CC4CCC41C3)=c1cc(N)ccc1=N2,Nc1ccc2c(c1)[SH](C13CC4CCC41C3)c1cc(N)ccc1N2
35984,COc1cc(OC)c2c(c1)C1Cc3cc(OC)c(OC)cc3C2c2cc(OC)cc(OC)c21,,,COc1cc(OC)c2c(c1)C1Cc3cc(OC)c(OC)cc3C2c2cc(OC)cc(OC)c21,
36531,Cc1ccsc1[C@@H]1CCC(C)(C)C(=O)N1CC(=O)Nc1ccc2c(c1)CC1(C2)C(=O)NC(=O)N1C,"2-((6S)-3,3-dimethyl-6-(3-methylthiophen-2-yl)-2-oxopiperidin-1-yl)-N-(spiro[indane-2,4'-(3-methyl-1,3-diazacyclopentane-2,5-dione)]-5-yl)acetamide",,Cc1ccsc1[C@@H]1CCC(C)(C)C(=O)N1CC(=O)Nc1ccc2c(c1)CC1(C2)C(=O)NC(=O)N1C,
37041,Cn1c(=O)n2n(c1=O)C1C=CC2C2(CCCS2)C12CCCS2,"4-methyldispiro[(1-thiacyclopentane)-2,10'-2,4,6-triazatricyclo[5.2.2.0^{2,6}]undec-8-ene-11',2''-(1-thiacyclopentane)]-3,5-dione",,Cn1c(=O)n2n(c1=O)C1C=CC2C2(CCCS2)C12CCCS2,
37085,CCCC/S(CC1CC1(Cl)Cl)=N/S(=O)(=O)c1ccc(C)cc1,"1-((((2,2-dichlorocyclopropyl)methyl)(butyl)-lambda^4-sulfanylidene)sulfamoyl)-4-methylbenzene",ClC1(C(C1)CS(CCCC)=NS(=O)(=O)C1=CC=C(C=C1)C)Cl,CCCC/S(CC1CC1(Cl)Cl)=N/S(=O)(=O)c1ccc(C)cc1,CCCCS(CC1CC1(Cl)Cl)=NS(=O)(=O)c1ccc(C)cc1
37235,CO[P+]([O-])(/C=C/CCC(=O)C=[N+]=[N-])OC,(5E)-1-(diazo)-6-(dimethoxyphosphoryl)hex-5-en-2-one,[N+](=[N-])=CC(CC\C=C\P(=O)(OC)OC)=O,CO[P+]([O-])(/C=C/CCC(=O)C=[N+]=[N-])OC,COP(=O)(/C=C/CCC(=O)C=[N+]=[N-])OC
37270,C[S+](=O)([O-])c1ccc(-c2nnc3ccc(C(=O)NCc4ccccc4)cn23)cc1,"N-benzyl-3-(4-(methylsulfonyl)phenyl)[1,2,4]triazolo[4,3-a]pyridine-6-carboxamide",C(C1=CC=CC=C1)NC(=O)C=1C=CC=2N(C1)C(=NN2)C2=CC=C(C=C2)S(=O)(=O)C,C[S+](=O)([O-])c1ccc(-c2nnc3ccc(C(=O)NCc4ccccc4)cn23)cc1,CS(=O)(=O)c1ccc(-c2nnc3ccc(C(=O)NCc4ccccc4)cn23)cc1
37418,C=CC(=C\C(OC)=C(/C)OC)/C(C)=C/C=C1\C(=C)CN(/C(C=NC)=C/C)C1=O,"(3E)-3-((2E,4E,6Z)-4-ethenyl-6,7-dimethoxy-3-methylocta-2,4,6-trien-1-ylidene)-4-methylidene-1-((2E)-1-(methylimino)but-2-en-2-yl)pyrrolidin-2-one",C(=C)/C(/C(=C/C=C\1/C(N(CC1=C)\C(\C=NC)=C\C)=O)/C)=C\C(=C(/C)\OC)\OC,C=CC(=C/C(OC)=C(\C)OC)C(C)=CC=C1C(=C)CN(/C(C=NC)=C/C)C1=O,C=C/C(=C\C(OC)=C(/C)OC)C(C)=CC=C1C(=C)CN(/C(C=NC)=C/C)C1=O
37780,COC1C=CC[C@]2(O1)C(=O)N(C(=O)OC(C)(C)C)c1ccc(Cl)cc12,"tert-butyl (3R)-5-chloro-2-oxospiro[indoline-3,2'-((2R)-6-methoxy-1-oxacyclohex-4-ene)]-1-carboxylate",,COC1C=CC[C@]2(O1)C(=O)N(C(=O)OC(C)(C)C)c1ccc(Cl)cc12,
37961,CCOC(=O)C1=c2c(O)c(C(C)(C)C)cc(O)c2=NC1=O,"ethyl 5-(tert-butyl)-4,7-dihydroxy-2-oxo-1H-indole-3-carboxylate",C(C)(C)(C)C=1C(=C2C(C(NC2=C(C1)O)=O)C(=O)OCC)O,CCOC(=O)C1=c2c(O)c(C(C)(C)C)cc(O)c2=NC1=O,CCOC(=O)c1c(O)[nH]c2c(O)cc(C(C)(C)C)c(O)c12
38147,Cc1ccc2c(c1)[C@]1(SCCN1C(=O)c1ccccc1C)C(=O)N2Cc1ccccc1Cl,"(3S)-1-((2-chlorophenyl)methyl)-5-methylspiro[indoline-3,2'-((2-methylphenyl)((2S)-1-thia-3-azacyclopentan-3-yl)methanone)]-2-one",,Cc1ccc2c(c1)[C@]1(SCCN1C(=O)c1ccccc1C)C(=O)N2Cc1ccccc1Cl,
38164,CCn1c(/C(C#N)=C\c2ccccc2OCc2ccc(C)cc2)nc2ccccc21,(2E)-2-(1-ethyl-1H-benzimidazol-2-yl)-3-(2-(((4-methylphenyl)methyl)oxy)phenyl)prop-2-enenitrile,C(C)N1C(=NC2=C1C=CC=C2)\C(\C#N)=C\C2=C(C=CC=C2)OCC2=CC=C(C=C2)C,CCn1c(/C(C#N)=C\c2ccccc2OCc2ccc(C)cc2)nc2ccccc21,CCn1c(/C(C#N)=C/c2ccccc2OCc2ccc(C)cc2)nc2ccccc21
38184,Cc1ccc(N2C(=O)C3C4c5ccccc5C(c5cc(C(C)C)ccc54)C3C2=O)c(C)c1,,,Cc1ccc(-n2c(O)c3c(c2O)C2c4ccccc4C3c3ccc(C(C)C)cc32)c(C)c1,
38382,CCCCCCCCC(CO[Cl+3]([O-])([O-])[O-])O[Cl+3]([O-])([O-])[O-],"1,2-bis((trioxidolambda^4-chloranyl)oxy)decane",[O-]Cl(OCC(CCCCCCCC)OCl([O-])([O-])[O-])([O-])[O-],CCCCCCCCC(CO[Cl+3]([O-])([O-])[O-])O[Cl+3]([O-])([O-])[O-],
38482,CCCCOC(C)(OCC)OOC(=O)CCCCC(=O)OOC(C)(OCC)OCCCC,bis(1-butoxy-1-ethoxyethyl) hexanediperoxoate,,CCCCOC(C)(OCC)OOC(=O)CCCCC(=O)OOC(C)(OCC)OCCCC,
38509,CN1CCCc2c1nc(N1CCC3(CC1)C(=O)N(CC1COC1)c1cc(F)cc(F)c13)[nH]c2=O,"3-(2',4'-difluoro-7'-((oxetan-3-yl)methyl)-7'-azaspiro[piperidine-4,9'-bicyclo[4.3.0]nona-1,3,5-triene]-1-yl-8'-one)-10-methyl-2,4,10-triazabicyclo[4.4.0]deca-1(6),2-dien-5-one",,CN1CCCc2c1[nH]c(N1CCC3(CC1)C(=O)N(CC1COC1)c1cc(F)cc(F)c13)nc2=O,
39405,CCCCCCCCCC=CC(=O)NC1CC2(OC1O)C(=O)CC(OC)C1OC12,"N-(2-hydroxy-5'-methoxy-7'-oxaspiro[oxolane-5,2'-bicyclo[4.1.0]heptane]-3-yl-3'-one)dodec-2-enamide",,CCCCCCCCCC=CC(=O)NC1CC2(OC1O)C(=O)CC(OC)C1OC12,
39438,CCN=c1ccc2nc3ccc(N(CC)CC)cc3oc-2c1,"N,N-diethyl-7-(ethylimino)-10H-phenoxazin-3-amine",C(C)N(C=1C=CC=2NC=3C=CC(CC3OC2C1)=NCC)CC,CCN=c1ccc2nc3ccc(N(CC)CC)cc3oc-2c1,CCNc1ccc2c(c1)Oc1cc(N(CC)CC)ccc1N2
39496,CC(=O)c1ccc2c(c1)COC21CN(C(=O)OC(C)(C)C)C1,"tert-butyl 1'-((8-oxa)spiro[azetidine-3,7'-bicyclo[4.3.0]nona-1(6),2,4-trien-3-yl)ethane]-1'-one-1-carboxylate",,CC(=O)c1ccc2c(c1)COC21CN(C(=O)OC(C)(C)C)C1,
39571,NC1=NC2(CCOC1)CCOc1ccc(N)cc12,"3,4-dihydrospiro[2H-1-benzopyrane-4,5'-(1-oxa-4-azacyclohept-3-en-3-amine)]-6-amine",,N=C1COCCC2(CCOc3ccc(N)cc32)N1,
39704,CCC(=O)N1CC(C)(C)SC12C(=O)N(Cc1ccccc1)c1ccccc12,"1-benzylspiro[indoline-3,2'-(1-(5,5-dimethyl-1-thia-3-azacyclopentan-3-yl)propane)]-2,1'-dione",,CCC(=O)N1CC(C)(C)SC12C(=O)N(Cc1ccccc1)c1ccccc12,
39874,COC1C=CCC([Si](C)(C)C)([Si](C)(C)C(C)(C)C)C12C1CC3CC(C1)CC2C3,"spiro[adamantane-2,1'-(6-((tert-butyl)dimethylyl)-2-methoxy-6-(trimethylyl)-1cyclohex-3-ene)]",,COC1C=CCC([Si](C)(C)C)([Si](C)(C)C(C)(C)C)C12C1CC3CC(C1)CC2C3,
39889,Cc1cc2c(O)c(c1)-c1cc(C)cc(c1O)-c1cc(C)cc(c1O)COCCOCCOC2,,,Cc1cc2c(O)c(c1)-c1cc(C)cc(c1O)-c1cc(C)cc(c1O)COCCOCCOC2,
39908,N#Cc1ncc(C2=NN(CCc3ccc(Cl)cc3)C(=O)Cc3ccccc32)cn1,"5-(3-(2-(4-chlorophenyl)ethyl)-4-oxo-4,5-dihydro-2H-2,3-benzodiazepin-1-yl)pyrimidine-2-carbonitrile",ClC1=CC=C(C=C1)CCN1NC(C2=C(CC1=O)C=CC=C2)C=2C=NC(=NC2)C#N,N#Cc1ncc(C2=NN(CCc3ccc(Cl)cc3)C(=O)Cc3ccccc32)cn1,N#Cc1ncc(C2NN(CCc3ccc(Cl)cc3)C(=O)Cc3ccccc32)cn1
39971,CCCCCCCCOC(=O)CCCCC(=O)Oc1c(Cl)ccc(Cl)c1Cl,"6-2,3,6-trichlorophenyl 1-octyl hexanedioate",,CCCCCCCCOC(=O)CCCCC(=O)Oc1c(Cl)ccc(Cl)c1Cl,
40336,CCOC(=O)/C=C/C(=O)OCCCCN1CCCCC1,4-4-(piperidin-1-yl)butyl 1-ethyl (2E)-but-2-enedioate,,CCOC(=O)/C=C/C(=O)OCCCCN1CCCCC1,
40545,O=C(CN1CCCC2(CC1)CC(=O)c1ccccc1O2)NCc1ccccc1,"2-(2'-oxaspiro[azepane-4,3'-bicyclo[4.4.0]deca-1(10),6,8-triene]-1-yl-5'-one)-N-benzylacetamide",,O=C(CN1CCCC2(CC1)CC(=O)c1ccccc1O2)NCc1ccccc1,
40742,COc1ccc([C@H](C)N=S(N)(=O)c2ncc(N=S(C)(C)=O)s2)cc1,"N-(dimethyl(oxo)-lambda^6-sulfanylidene)-2-(N-(1S)-1-(4-methoxyphenyl)ethyl-S-aminosulfonimidoyl)-1,3-thiazol-5-amine",,COc1ccc([C@H](C)N=S(N)(=O)c2ncc(N=S(C)(C)=O)s2)cc1,
40758,CCC/C=C/N=N/C(=C(\C)CCCC)c1ccccc1O,2-((1E)-2-methyl-1-((((1E)-pent-1-en-1-yl)imino)amino)hex-1-en-1-yl)phenol,C\C(=C(/N=N\C=C\CCC)\C1=C(C=CC=C1)O)\CCCC,CCC/C=C/N=N/C(=C(\C)CCCC)c1ccccc1O,CCC/C=C/N=N\C(=C(/C)CCCC)c1ccccc1O
40871,CC1=C[C@]2(C=C(CO)[C@H]3CC(=O)C(C)=C[C@H]3O2)O[C@H](C2OC2(C)CCC2OC2(C)C)C1,"(1R,3R,6R)-5-(hydroxymethyl)-9-methylspiro[2-oxabicyclo[4.4.0]deca-4,9-diene-3,2'-((2R,6S)-6-(3-(2-(3,3-dimethyloxiran-2-yl)ethyl)-3-methyloxiran-2-yl)-4-methyl-1-oxacyclohex-3-ene)]-8-one",,CC1=C[C@]2(C=C(CO)[C@H]3CC(=O)C(C)=C[C@H]3O2)O[C@H](C2OC2(C)CCC2OC2(C)C)C1,
41037,CCOC(=O)/C=C(/N=Cc1ccccc1)[P+]([O-])(OCC)OCC,ethyl (2Z)-3-(diethoxyphosphoryl)-3-(phenylmethylideneamino)prop-2-enoate,C(C)OP(=O)(OCC)\C(=C/C(=O)OCC)\N=CC1=CC=CC=C1,CCOC(=O)/C=C(/N=Cc1ccccc1)[P+]([O-])(OCC)OCC,CCOC(=O)/C=C(/N=Cc1ccccc1)P(=O)(OCC)OCC
42055,COC(=O)c1cn([C@@H](CC(=O)O)c2ccc(F)cc2F)cc2c(=O)[nH]nc1-2,"(3S)-3-(2,4-difluorophenyl)-3-(7-(methoxycarbonyl)-3-oxo-3,5-dihydro-1H-pyrazolo[4,3-c]pyridin-5-yl)propanoic acid",FC1=C(C=CC(=C1)F)[C@H](CC(=O)O)N1CC2=C(C(=C1)C(=O)OC)NNC2=O,COC(=O)c1cn([C@@H](CC(=O)O)c2ccc(F)cc2F)cc2c(=O)[nH]nc1-2,COC(=O)C1=CN([C@@H](CC(=O)O)c2ccc(F)cc2F)Cc2c1[nH][nH]c2=O
43096,CC(C)=N/C(C)=C(\C)C(=O)N1CCC2(CC1)COc1ccc(CN)cc12,"(2E)-1-(1'-((7-oxa)spiro[piperidine-4,9'-bicyclo[4.3.0]nona-1(6),2,4-trien-3-yl)methanamine]-1-yl)-2-methyl-3-((propan-2-ylidene)amino)but-2-en-1-one",,CC(C)=N/C(C)=C(\C)C(=O)N1CCC2(CC1)COc1ccc(CN)cc12,
43231,CN1C[C@H](c2ccc(OCc3ccccc3C#N)c(Cl)c2)[C@@H]([N+](=O)[O-])[C@]12C(=O)Nc1ccccc12,"2-(((2-chloro-4-((3S,4R,5R)-1-methyl-4-nitro-7'-azaspiro[pyrrolidine-5,9'-bicyclo[4.3.0]nona-1,3,5-triene]-3-yl-8'-one)phenyl)oxy)methyl)benzonitrile",,CN1C[C@H](c2ccc(OCc3ccccc3C#N)c(Cl)c2)C([N+](=O)[O-])[C@]12C(=O)Nc1ccccc12,
43317,[O-][PH+](O)[C@H](N[C@@H](c1ccc2ccccc2c1)[PH+]([O-])O)c1ccc2ccccc2c1,(1S)-1-(hydroxyphosphinoyl)-N-((1R)-(hydroxyphosphinoyl)(naphthalen-2-yl)methyl)-1-(naphthalen-2-yl)methanamine,OP(=O)[C@H](N[C@@H](C1=CC2=CC=CC=C2C=C1)P(=O)O)C1=CC2=CC=CC=C2C=C1,[O-][PH+](O)[C@H](N[C@@H](c1ccc2ccccc2c1)[PH+]([O-])O)c1ccc2ccccc2c1,O=[PH](O)[C@H](N[C@@H](c1ccc2ccccc2c1)[PH](=O)O)c1ccc2ccccc2c1
43496,CCN1C[C@]2(C)CC[C@H](O)[C@]34[C@@H]2C[C@@]2(OCO[C@@]25C[C@H](OC)[C@H]2C[C@@H]3[C@]5(O)[C@H]2O)[C@@H]14,"(1S,2S,4R,8R,10R,11R,14S,15R,16S,17S,18S,22S)-21-ethyl-2-methoxy-11-methyl-5,7-dioxa-21-azaheptacyclo[14.2.1.3^{11,15}.0^{10,15}.0^{4,8}.0^{4,17}.0^{8,22}]docosane-14,17,18-triol",C(C)N1C[C@@]23[C@H](CC[C@@]4([C@H]2C[C@@]2(OCO[C@@]25C[C@@H]([C@@H]2[C@@H]([C@]5([C@H]3C2)O)O)OC)[C@@H]14)C)O,CCN1C[C@]2(C)CC[C@H](O)[C@]34[C@@H]2C[C@@]2(OCO[C@@]25C[C@H](OC)[C@H]2C[C@@H]3[C@]5(O)[C@H]2O)[C@@H]14,CCN1C[C@@]23[C@@H]4C[C@@]5(OCO[C@@]56C[C@H](OC)[C@H]5C[C@@H]2[C@]6(O)[C@H]5O)[C@@H]1[C@]4(C)CC[C@@H]3O
43514,COc1cccc(CN2C(=O)[C@]3(SCCN3C(=O)c3ccc(C)cc3)c3cc(OC)ccc32)c1,"(3R)-5-methoxy-1-((3-methoxyphenyl)methyl)spiro[indoline-3,2'-((4-methylphenyl)((2R)-1-thia-3-azacyclopentan-3-yl)methanone)]-2-one",,COc1cccc(CN2C(=O)[C@]3(SCCN3C(=O)c3ccc(C)cc3)c3cc(OC)ccc32)c1,
43837,CCCCCCCCCCOC(=O)c1cccc(C(=O)OCC(CC)CCCC)c1,"3-2-ethylhexyl 1-decyl benzene-1,3-dicarboxylate",,CCCCCCCCCCOC(=O)c1cccc(C(=O)OCC(CC)CCCC)c1,
44010,[O-][Cl+3]([O-])([O-])OS1=C(c2ccccc2)ON=C1c1ccccc1,"3,5-diphenyl-4-((trioxidolambda^4-chloranyl)oxy)-1-oxa-4lambda^4-thia-2-azacyclopenta-2,4-diene",C1(=CC=CC=C1)C1=NOC(=S1OCl([O-])([O-])[O-])C1=CC=CC=C1,[O-][Cl+3]([O-])([O-])OS1=C(c2ccccc2)ON=C1c1ccccc1,
44354,COCOC[C@]12CCC[C@@](C)(CCC=O)[C@@H]1CCCC21OCCO1,"3-((1S,4aS,8aS)-4a-((methoxymethoxy)methyl)-1-methyldecahydro-1',3'-dioxaspiro[naphthalene-5,2'-cyclopentane]-1-yl)propanal",,COCOC[C@]12CCC[C@@](C)(CCC=O)[C@@H]1CCCC21OCCO1,
44474,Cc1nnc(C(=O)N2CCC3(CC2)OC2CCC(c4cc(F)cc(F)c4)N2C3=O)o1,"6-(3,5-difluorophenyl)spiro[2-oxa-5-azabicyclo[3.3.0]octane-3,4'-(1-azacyclohexan-1-yl(5-methyl-1,3,4-oxadiazol-2-yl)methanone)]-4-one",,Cc1nnc(C(=O)N2CCC3(CC2)OC2CCC(c4cc(F)cc(F)c4)N2C3=O)o1,
44547,CC#CC[C@H](C)C(=O)/C=C/[C@@H]1C[C@]2(Cc3cccc(CCCC(=O)OC)c3O2)C[C@H]1O,"methyl 4-((2S)-2,3-dihydrospiro[1-benzofurane-2,1'-((1E,4S)-1-((1S,3S,4R)-4-hydroxycyclopentan-3-yl)-4-methyloct-1-en-6-yne)]-7-yl-3'-one)butanoate",,CC#CCC(C)C(=O)C=CC1C[C@]2(Cc3cccc(CCCC(=O)OC)c3O2)C[C@H]1O,
44928,c1ccc(C2=NC3(CCCC3)[C@]3(O[C@H]4CCCC[C@@H]4S3)S2)cc1,,,c1ccc(C2=NC3(CCCC3)[C@]3(O[C@H]4CCCC[C@@H]4S3)S2)cc1,
45321,CCOC(=O)C(=Ic1ccccc1)C(C)=O,ethyl 3-oxo-2-(phenyllambda^3-iodanyl)butanoate,O=C(C(C(=O)OCC)[IH]C1=CC=CC=C1)C,CCOC(=O)C(=Ic1ccccc1)C(C)=O,CCOC(=O)C([IH]c1ccccc1)C(C)=O
45323,COc1ccc(C(=O)Nc2ccc3c(c2)[C@]2(COC3)CS(=O)(=O)C(C)(C)C(N)=N2)nc1,"N-((4S)-3,4-dihydrospiro[1H-2-benzopyrane-4,3'-((3S)-6,6-dimethyl-1,1-dioxo-1lambda^6-thia-4-azacyclohex-4-en-5-amine)]-6-yl)-5-methoxypyridine-2-carboxamide",,COc1ccc(C(=O)Nc2ccc3c(c2)[C@]2(COC3)CS(=O)(=O)C(C)(C)C(=N)N2)nc1,
45364,Cc1cc(Cl)c2c(c1)[C@]1(C(=O)N2)N2CCC[C@H]2[C@@H](C(=O)c2cccs2)[C@]12C(=O)Nc1ccccc12,"(3R)-spiro[indoline-3,1'-(3S)-7-chloro-5-methylspiro[indoline-3,1'-((2S,3R,4S,5S)-1-aza-2,3-dibicyclo[3.3.0]octan-4-yl)(thiophen-2-yl)methanone]-2-one]-2-one",,Cc1cc(Cl)c2c(c1)[C@]1(C(=O)N2)N2CCC[C@H]2C(C(=O)c2cccs2)[C@]12C(=O)Nc1ccccc12,
45398,COc1ccc(Cl)cc1-n1ncc(C(=O)N2CCC[C@@]3(C2)OC(=O)Nc2ccc(Cl)c(F)c23)c1N,"(2R)-9-chloro-10-fluorospiro[3-oxa-5-azabicyclo[4.4.0]deca-1(6),7,9-triene-2,3'-((5-amino-1-(5-chloro-2-methoxyphenyl)-1H-pyrazol-4-yl)-(3R)-1-azacyclohexan-1-ylmethanone)]-4-one",,COc1ccc(Cl)cc1-n1ncc(C(=O)N2CCC[C@@]3(C2)OC(=O)Nc2ccc(Cl)c(F)c23)c1N,
45530,C=C(c1cccc(OC(C)(C)CO)c1)C1COC2(OO1)C1CC3CCC4CC2C4(C3)C1,,,C=C(c1cccc(OC(C)(C)CO)c1)C1COC2(OO1)C1CC3CCC4CC2C4(C3)C1,
45668,COc1ccc2c(c1OC)OC1(CCN(C(=O)C(C)Oc3ccc(Cl)cc3Cl)CC1)CC2=O,"9,10-dimethoxyspiro[2-oxabicyclo[4.4.0]deca-1(6),7,9-triene-3,4'-(1-(1-azacyclohexan-1-yl)-2-((2,4-dichlorophenyl)oxy)propane)]-5,1'-dione",,COc1ccc2c(c1OC)OC1(CCN(C(=O)C(C)Oc3ccc(Cl)cc3Cl)CC1)CC2=O,
45732,COC(=O)c1ccc2cc(C(=O)OCCN3CCCCC3)oc2c1,"2-2-(piperidin-1-yl)ethyl 6-methyl 1-benzofuran-2,6-dicarboxylate",,COC(=O)c1ccc2cc(C(=O)OCCN3CCCCC3)oc2c1,
46138,ClI(Cl)Cl,,,ClI(Cl)Cl,
46389,O=C(O)N(c1ccccc1)c1ccc2c(c1)C1=CC=NC1=N2,"(1H-pyrrolo[2,3-b]indol-5-yl)(phenyl)carbamic acid",N1C=CC2=C1NC1=CC=C(C=C21)N(C(O)=O)C2=CC=CC=C2,O=C(O)N(c1ccccc1)c1ccc2c(c1)C1=CC=NC1=N2,O=C(O)N(c1ccccc1)c1ccc2[nH]c3[nH]ccc3c2c1
46652,O=C(OCCCC1CCCCC1)C(=O)OCc1ccccc1,1-3-cyclohexylpropyl 2-benzyl ethanedioate,C(C(=O)OCC1=CC=CC=C1)(=O)OC(CC)C1CCCCC1,O=C(OCCCC1CCCCC1)C(=O)OCc1ccccc1,CCC(OC(=O)C(=O)OCc1ccccc1)C1CCCCC1
46885,O=c1[nH]c2cnc3cccc4c3c2n1CCO4,,,O=c1[nH]c2cnc3cccc4c3c2n1CCO4,
47146,CCN1c2ccc(C)cc2C(=O)NC12CCN(C(=O)c1ccc3c(c1)OCO3)CC2,"2-ethyl-8-methylspiro[2,4-diazabicyclo[4.4.0]deca-1(6),7,9-triene-3,4'-(1-azacyclohexan-1-yl(1,3-benzodioxol-5-yl)methanone)]-5-one",,CCN1c2ccc(C)cc2C(=O)NC12CCN(C(=O)c1ccc3c(c1)OCO3)CC2,
47274,CCCCCCCCCOC(=O)C1CCCCC1C(=O)OCCOCCCC,"2-2-butoxyethyl 1-nonyl cyclohexane-1,2-dicarboxylate",,CCCCCCCCCOC(=O)C1CCCCC1C(=O)OCCOCCCC,
47609,O=C(C1CCN([S+](=O)([O-])c2ccccc2)CC1)N1CCC(c2nc3ncccc3[nH]2)CC1,"(1-(phenylsulfonyl)piperidin-4-yl)(4-(2,7,9-triazabicyclo[4.3.0]nona-1,3,5,8-tetraen-8-yl)piperidin-1-yl)methanone",C1(=CC=CC=C1)S(=O)(=O)N1CCC(CC1)C(=O)N1CCC(CC1)C=1NC2=CC=CN=C2N1,O=C(C1CCN([S+](=O)([O-])c2ccccc2)CC1)N1CCC(c2nc3cccnc3[nH]2)CC1,O=C(C1CCN(S(=O)(=O)c2ccccc2)CC1)N1CCC(c2nc3cccnc3[nH]2)CC1
47615,CC(=O)C1C(=O)Oc2ccccc2C1[P+]([O-])(OC(C)C)OC(C)C,"4-acetyl-5-(diisopropoxyphosphoryl)-2-oxabicyclo[4.4.0]deca-1(10),6,8-trien-3-one",C(C)(=O)C1C(OC2=CC=CC=C2C1P(=O)(OC(C)C)OC(C)C)=O,CC(=O)C1C(=O)Oc2ccccc2C1[P+]([O-])(OC(C)C)OC(C)C,CC(=O)C1C(=O)Oc2ccccc2C1P(=O)(OC(C)C)OC(C)C
47624,C[Si@@](C#Cc1ccccc1)(c1ccccc1)c1cccc2ccccc12,(methyl)(naphthalen-1-yl)(phenyl)(2-phenylethynyl)silane,C[Si](C#CC1=CC=CC=C1)(C1=CC=CC=C1)C1=CC=CC2=CC=CC=C12,C[Si@@](C#Cc1ccccc1)(c1ccccc1)c1cccc2ccccc12,C[Si](C#Cc1ccccc1)(c1ccccc1)c1cccc2ccccc12
47835,CC1=C(C)C2(C(=O)N1)C(=O)N(C)c1ccccc12,"1-methylspiro[indoline-3,3'-(4,5-dimethyl-1-azacyclopent-4-ene)]-2,2'-dione",,CC1=C(C)C2(C(=O)N1)C(=O)N(C)c1ccccc12,
47897,CCC(C)(CCC(C)(CC)C(=O)OCCN1CCCCC1)C(=O)OCCO,"1-2-(piperidin-1-yl)ethyl 6-2-hydroxyethyl 2,5-diethyl-2,5-dimethylhexanedioate",,CCC(C)(CCC(C)(CC)C(=O)OCCN1CCCCC1)C(=O)OCCO,
48269,NC(N)=N/N=C/C(F)(F)F,,,N=C(N)N/N=C/C(F)(F)F,
48393,CN1c2ccccc2[C@@]23CCCC[C@@]12Oc1c(occc1=O)C3,,,CN1c2ccccc2[C@@]23CCCC[C@@]12Oc1c(occc1=O)C3,
48534,CC1=Nc2cc(-c3ccc(C(C)C)s3)c3c4c(cc(-c5ccc(C(C)C)s5)c(c24)O1)N=C(C)O3,,,CC1=Nc2cc(-c3ccc(C(C)C)s3)c3c4c(cc(-c5ccc(C(C)C)s5)c(c24)O1)N=C(C)O3,
48573,CN(C)CCOc1ccc2c(c1)OCC21C(=O)N(C)c2ccccc21,"1-methyl-N,N-dimethyl-2'-((7-oxaspiro[indoline-3,9'-bicyclo[4.3.0]nona-1(6),2,4-trien-4-yl)oxy)ethan-1-amine]-2-one",,CN(C)CCOc1ccc2c(c1)OCC21C(=O)N(C)c2ccccc21,
48619,N[C@@H]1c2cccnc2CC12CCN(c1cnc(-c3cccc(Cl)c3Cl)c3ncc(CO)n13)CC2,"(5-((7'S)-2'-azaspiro[piperidine-4,8'-bicyclo[4.3.0]nona-1,3,5-trien-7-amine]-1-yl)-8-(2,3-dichlorophenyl)imidazo[1,2-a]pyrazin-3-yl)methanol",,N[C@@H]1c2cccnc2CC12CCN(c1cnc(-c3cccc(Cl)c3Cl)c3ncc(CO)n13)CC2,
48816,[N-]=[N+]=NB(O)O,,,[N-]=[N+]=NB(O)O,
49014,Oc1cccc(C=C2c3cc(O)ccc3CC23Cc2ccc(OCCN4CCCCC4)cc2C3)c1,"1'-((2-((8)-3-((3-hydroxyphenyl)methylidene)bicyclo[4.3.0]nona-1(6),2,4-trien-3-yl)oxy)ethyl)spiro[indane-2,4'-piperidine]-5-ol",,Oc1cccc(C=C2c3cc(O)ccc3CC23Cc2ccc(OCCN4CCCCC4)cc2C3)c1,
49485,CN(C)C(=O)c1c(N)ccc(-c2cnc3c(c2Cl)[C@@]2(CC[C@](C)(C#N)C2)CN3)c1F,"6-amino-3-((3S)-4-chloro-2,3-dihydrospiro[1H-pyrrolo[2,3-b]pyridine-3,1'-((1S,3S)-3-methylcyclopentane-3-carbonitrile)]-5-yl)-2-fluoro-N,N-dimethylbenzamide",,CN(C)C(=O)c1c(N)ccc(-c2cnc3c(c2Cl)[C@@]2(CC[C@](C)(C#N)C2)CN3)c1F,
49920,CC1CCCN(Cc2cccc(C=NN=C(N)SCc3ccccc3)c2)C1,,,CC1CCCN(Cc2cccc(C=NN=C(N)SCc3ccccc3)c2)C1,
50061,Cc1cc(C)n2c1C=C1c3ccccc3C(NCCCCCC(=O)O)=[N+]1[B-]2(F)F,"6-((9,9-difluoro-5,7-dimethyl-8,10-diaza-9-boratetracyclo[10.4.0.0^{2,10}.0^{4,8}]hexadeca-1(16),2,4,6,10,12,14-heptaen-10-ium-11-yl)amino)hexanoic acid",,Cc1cc(C)n2c1C=C1c3ccccc3C(=[NH+]CCCCCC(=O)O)N1[B-]2(F)F,
50165,CCNCCn1nc2c(c1C(=O)OCC)CN(C)CC2,"ethyl 2-(2-(ethylamino)ethyl)-5-methyl-4,5,6,7-tetrahydro-1H-pyrazolo[4,3-c]pyridine-3-carboxylate",C(C)NCCN1NC2=C(CN(CC2)C)C1C(=O)OCC,CCNCCn1nc2c(c1C(=O)OCC)CN(C)CC2,CCNCCN1NC2=C(CN(C)CC2)C1C(=O)OCC
50316,CN1CCNC(=O)C1CC(=O)N1CCC2(CC1)NC(=O)c1cccnc1N2C,"2-methylspiro[2,4,10-triazabicyclo[4.4.0]deca-1(10),6,8-triene-3,4'-(3-(2-(1-azacyclohexan-1-yl)-2-oxoethyl)-4-methylpiperazin-2-one)]-5-one",,CN1CCNC(=O)C1CC(=O)N1CCC2(CC1)NC(=O)c1cccnc1N2C,
50370,O=C(c1cnccn1)N1CCC2(CN[S+](=O)([O-])c3cnccc3O2)C1,"(6'-oxido-6'-oxo-2'-oxa-6'-thia-5',9'-diazaspiro[pyrrolidine-3,3'-bicyclo[5.4.0]undeca-1(7),8,10-triene]-1-yl)(pyrazin-2-yl)methanone",[O-]S1(NCC2(OC=3C=CN=CC13)CN(CC2)C(=O)C2=NC=CN=C2)=O,O=C(c1cnccn1)N1CCC2(CN[S+](=O)([O-])c3cnccc3O2)C1,O=C(c1cnccn1)N1CCC2(CN[SH](=O)(O)c3cnccc3O2)C1
50446,CC1(C)CC23C(COC(=O)C24CO4)C(C(=O)O)=CC3C1O,,,CC1(C)CC23C(COC(=O)C24CO4)C(C(=O)O)=CC3C1O,
50562,C=C(CC(=O)C(=C=[N-])[n+]1ccccc1)OC(=O)OCC,"ethyl 6-imino-4-oxo-5-(pyridin-1-ium-1-yl)hexa-1,5-dien-2-yl carbonate",C(OCC)(OC(=C)CC(C(=C=N)[N+]1=CC=CC=C1)=O)=O,CCOC(=O)OC(C)=CC(=O)C(=C=[N-])[n+]1ccccc1,CCOC(=O)OC(C)=CC(=O)C(=C=N)[n+]1ccccc1
50582,Cc1cc(C(=O)N2CCCC3(CCc4c3nc(-c3cccnc3)[nH]c4=O)C2)n[nH]1,"3-(pyridin-3-yl)spiro[2,4-diazabicyclo[4.3.0]nona-1(6),2-diene-9,3'-(1-azacyclohexan-1-yl(5-methyl-1H-pyrazol-3-yl)methanone)]-5-one",,Cc1cc(C(=O)N2CCCC3(CCc4c3[nH]c(-c3cccnc3)nc4=O)C2)[nH]n1,
51278,[C-]#[N+]N(C(N)=O)C1=NC(CO)C(c2ccccc2)O1,"1-amino-N-(4-(hydroxymethyl)-5-phenyl-4,5-dihydro-1,3-oxazol-2-yl)-N-(methanidylammonio)formamide",NC(=O)N([NH2+][CH2-])C=1OC(C(N1)CO)C1=CC=CC=C1,[C-]#[N+]N(C(N)=O)C1=NC(CO)C(c2ccccc2)O1,CNN(C(N)=O)C1=NC(CO)C(c2ccccc2)O1
51723,COc1ccc(F)cc1C(C(=O)O)N1CCC2(CC1)Nc1ccccc1NC2=O,"2-(2',5'-diazaspiro[piperidine-4,3'-bicyclo[4.4.0]deca-1(10),6,8-triene]-1-yl-4'-one)-2-(5-fluoro-2-methoxyphenyl)acetic acid",,COc1ccc(F)cc1C(C(=O)O)N1CCC2(CC1)Nc1ccccc1NC2=O,
51930,Cn1/c(=N\N=C2\C=CCCC2)sc2ccccc21,,,Cn1/c(=N\N=C2\C=CCCC2)sc2ccccc21,
52174,C/C=C(\C=C/N)c1ccc(C)c(Cl)c1,"(1Z,3E)-3-(3-chloro-4-methylphenyl)penta-1,3-dien-1-amine",ClC=1C=C(C=CC1C)\C(\C=C/N)=C\C,CC=C(CC=N)c1ccc(C)c(Cl)c1,C/C=C(\CC=N)c1ccc(C)c(Cl)c1
52326,Cc1cc(C(=O)N2CCC3(CC2)CC(=O)c2c(cnn2CC2CCCO2)C3)ccc1Cl,"7-((oxolan-2-yl)methyl)spiro[7,8-diazabicyclo[4.3.0]nona-1(6),8-diene-3,4'-(1-azacyclohexan-1-yl(4-chloro-3-methylphenyl)methanone)]-5-one",,Cc1cc(C(=O)N2CCC3(CC2)CC(=O)c2c(cnn2CC2CCCO2)C3)ccc1Cl,
52410,CCCCCCCCC/C=C/COC(=O)CCCC(=O)OC/C=C(\C)CCC=C(C)C,"5-(2E)-3,7-dimethylocta-2,6-dien-1-yl 1-(2E)-dodec-2-en-1-yl pentanedioate",,CCCCCCCCC/C=C/COC(=O)CCCC(=O)OC/C=C(\C)CCC=C(C)C,
52598,CCn1cc(C(=O)NC[C@@H]2CCCO2)c2nn(-c3ccccc3)c(=O)c-2c1,"5-ethyl-3-oxo-N-(((2S)-oxolan-2-yl)methyl)-2-phenyl-3,5-dihydro-1H-pyrazolo[4,3-c]pyridine-7-carboxamide",C(C)N1CC2=C(C(=C1)C(=O)NC[C@H]1OCCC1)NN(C2=O)C2=CC=CC=C2,CCn1cc(C(=O)NC[C@@H]2CCCO2)c2nn(-c3ccccc3)c(=O)c-2c1,CCN1C=C(C(=O)NC[C@@H]2CCCO2)c2[nH]n(-c3ccccc3)c(=O)c2C1
52984,CPS(=O)(=O)N1CCC2(CC1)OOC1(OO2)C2CC3CC(C2)CC1C3,,,CPS(=O)(=O)N1CCC2(CC1)OOC1(OO2)C2CC3CC(C2)CC1C3,
53669,CC(C)(C)OC(=O)N1Cc2c(C(=O)ON3C(=O)c4ccccc4C3=O)n[nH]c2C1(C)C,"4-1,3-dioxo-1,3-dihydro-2H-isoindol-2-yl 7-tert-butyl 8,8-dimethyl-2,3,7-triazabicyclo[3.3.0]octa-1(5),3-diene-4,7-dicarboxylate",,CC(C)(C)OC(=O)N1Cc2c(C(=O)ON3C(=O)c4ccccc4C3=O)n[nH]c2C1(C)C,
53756,COc1ccc2cc1Oc1ccc(cc1)C[C@@H]1NC(=O)[C@H](C2)NC1=O,,,COc1ccc2cc1Oc1ccc(cc1)C[C@@H]1NC(=O)[C@H](C2)NC1=O,
53932,Cc1cccc(C)c1-c1cc2nc(n1)NS(=O)(=O)c1cccc(c1)NC(=O)c1cc(ccc1Cl)O2,,,Cc1cccc(C)c1-c1cc2nc(n1)NS(=O)(=O)c1cccc(c1)NC(=O)c1cc(ccc1Cl)O2,
53989,COc1cnc(C)nc1NC1NNC2CC([C@@H]3C[C@@]34C(=O)Nc3cccc(F)c34)CCC21,"(3R)-4-fluoro-2'-(3-((5-methoxy-2-methylpyrimidin-4-yl)amino)octahydro-1H-indazol-6-yl)spiro[indoline-3,1'-cyclopropane]-2-one",FC1=C2C(=CC=C1)NC([C@]21C(C1)C1CCC2C(NNC2C1)NC1=NC(=NC=C1OC)C)=O,COc1cnc(C)nc1NC1NNC2CC([C@@H]3C[C@@]34C(=O)Nc3cccc(F)c34)CCC21,COc1cnc(C)nc1NC1NNC2CC(C3C[C@@]34C(=O)Nc3cccc(F)c34)CCC21
54250,C1C[I-]CC[NH2+]1,piperidinium,[NH2+]1CCCCC1,C1C[IH]CCN1,C1CCNCC1
54641,CCC(C)COC(=O)CCC(=O)Oc1cccc(Cl)c1Cl,"4-2,3-dichlorophenyl 1-2-methylbutyl butanedioate",,CCC(C)COC(=O)CCC(=O)Oc1cccc(Cl)c1Cl,
54679,Cc1cc(-n2c(C(C)C)c(C3CC(/C(N)=N/NN)C3)c3cc(O)ccc32)ccc1F,N-amino-1-((1Z)-aminomethyl)-3-(1-(4-fluoro-3-methylphenyl)-5-hydroxy-2-(propan-2-yl)-1H-indol-3-yl)cyclobutanal hydrazone,,Cc1cc(-n2c(C(C)C)c(C3CC(C(=N)NNN)C3)c3cc(O)ccc32)ccc1F,
54966,N#CC1CC=C(CN2C(O)C(CC3CCC(C(O)O)CC3)SC3C(Cl)CCCC32)CC1,"4-((8-chloro-2-((4-(dihydroxymethyl)cyclohexyl)methyl)-3-hydroxy-3,4,4a,5,6,7,8,8a-octahydro-4H-1,4-benzothiazin-4-yl)methyl)cyclohex-3-ene-1-carbonitrile",,N#CC1CC=C(CN2C(O)C(CC3CCC(C(O)O)CC3)SC3C(Cl)CCCC32)CC1,
54993,C=[N+]1C=CC(c2cncc3[o+][c-](CC(C)C)cc23)=C[C-]1c1cc(C(C)(C)C)c2ccccc2c1,"2-(2-(4-(tert-butyl)naphthalen-2-yl)-1-methylidene-pyridin-2-ide-1-ium-4-yl)-8-(2-methylpropyl)-7-oxa-4-azabicyclo[4.3.0]nona-1(9),2,4,6-tetraen-7-ium",C(C)(C)(C)C1=CC(=CC2=CC=CC=C12)[C-]1[N+](C=CC(=C1)C=1C2=CC([O+]=C2C=NC1)CC(C)C)=C,C=[N+]1C=CC(c2cncc3[o+][c-]([CH-]C(C)C)cc23)=CC1c1cc(C(C)(C)C)c2ccccc2c1,C=[N+]1C=CC(c2cncc3c2=CC(CC(C)C)[O+]=3)=CC1c1cc(C(C)(C)C)c2ccccc2c1
55218,O=C1/C(=N\N=C/c2cccnc2)c2ccccc2N1Cc1ccccc1,"(1Z)-5-azacyclohexa-1,3,5-trien-1-carbaldehyde (3Z)-1-benzyl-2-oxoindolin-3-ylidenehydrazone",,O=C1/C(=N\N=C/c2cccnc2)c2ccccc2N1Cc1ccccc1,
55324,COc1ccc(CN2C(=O)[C@@H]3[C@H](CC(N)=O)N[C@]4(C(=O)Nc5c(C)cccc54)[C@@H]3C2=O)cc1,"2-((1S,2S,4R,5R)-7-((4-methoxyphenyl)methyl)-5'-methyl-6,8-dioxo-7'-azaspiro[3,7-diazabicyclo[3.3.0]octane-4,9'-bicyclo[4.3.0]nona-1,3,5-triene]-2-yl-8'-one)acetamide",,COc1ccc(Cn2c(O)c3c(c2O)[C@]2(N[C@H]3CC(N)=O)C(=O)Nc3c(C)cccc32)cc1,
55848,CC1(N)CCC2(c3ccccc3Cc3ccc(N)cc32)c2ccccc21,"5'-methyl-9,10-dihydrospiro[anthracene-9,2'-bicyclo[4.4.0]deca-1(10),6,8-trien-5-amine]-2-amine",,CC1(N)CCC2(c3ccccc3Cc3ccc(N)cc32)c2ccccc21,
56041,CC(=O)CN1CCC2(CC1)c1ccccc1[C@@H](n1cnc3ccccc31)[C@@H]2O,"1-((8'R,9'R)-9'-(1H-benzimidazol-1-yl)spiro[piperidine-4,7'-bicyclo[4.3.0]nona-1,3,5-triene]-1-yl-8'-ol)propan-2-one",,CC(=O)CN1CCC2(CC1)c1ccccc1[C@@H](n1cnc3ccccc31)[C@@H]2O,
56485,Cc1nc2nonc2c(N)c1CN1C=CC=C=N1,"4-(1,2-diazin-1-ylmethyl)-3-methyl-8-oxa-2,7,9-triazabicyclo[4.3.0]nona-1(9),2,4,6-tetraen-5-amine",N1(NC=CC=C1)CC=1C(=NC2=NON=C2C1N)C,Cc1nc2nonc2c(N)c1CN1C=CC=C=N1,Cc1nc2nonc2c(N)c1CN1C=CC=CN1
56994,COc1ccc(C2=NOC3(Cc4ccccc4C3=O)C2c2ccc(S(C)(=O)=O)cc2)cc1OC,"spiro[indane-2,5'-(3-(3,4-dimethoxyphenyl)-4-(4-(methylsulfonyl)phenyl)-1-oxa-2-azacyclopent-2-ene)]-1-one",,COc1ccc(C2=NOC3(Cc4ccccc4C3=O)C2c2ccc(S(C)(=O)=O)cc2)cc1OC,
57055,C[C@H]1CN2c3c(cc(-c4nnc(CS)s4)c(F)c3F)CC3(C(=O)NC(=O)NC3=O)C2[C@@H](C)O1,"(5-((11R,13S)-3,4-difluoro-11,13-dimethyl-12-oxa-1'-azaspiro[1,3-diazinane-5,9'-tricyclo[8.4.0.0^{2,7}]tetradeca-2,4,6-trien-5-yl)-1,3,4-thiadiazol-2-yl)methanethiol]-2,4,6-trione",,C[C@H]1CN2c3c(cc(-c4nnc(CS)s4)c(F)c3F)CC3(C(=O)NC(=O)NC3=O)C2[C@@H](C)O1,
57138,CC(C)(C)N=C1Nc2ccccc2N[C@]12CCCN(C(=O)c1cccc(F)c1)C2,"(3S)-N-(tert-butyl)-2',5'-diazaspiro[piperidine-3,3'-bicyclo[4.4.0]deca-1(10),6,8-trien-4-imine]-1-yl(3-fluorophenyl)methanone",,CC(C)(C)N=C1Nc2ccccc2N[C@]12CCCN(C(=O)c1cccc(F)c1)C2,
57325,COC1=CC(=O)C2(CCC34NCCC32CC(=O)C(OC)=C4OC)C1O,,,COC1=CC(=O)C2(CCC34NCCC32CC(=O)C(OC)=C4OC)C1O,
57656,C=C(/C=C(F)\C=C(/C)F)[C@@H]1CC[C@H]2OC3(CCN(C(=O)c4conc4C)CC3)C(=O)N21,"(1R,6S)-6-((3E,5E)-4,6-difluorohepta-1,3,5-trien-2-yl)spiro[2-oxa-5-azabicyclo[3.3.0]octane-3,4'-(1-azacyclohexan-1-yl(3-methyl-1,2-oxazol-4-yl)methanone)]-4-one",,C=C(/C=C(F)\C=C(/C)F)[C@@H]1CC[C@H]2OC3(CCN(C(=O)c4conc4C)CC3)C(=O)N21,
58290,COc1cc2ncnc3c2cc1OCCCNC(=O)C(C)N(C)Cc1ccc(Cl)cc1N3,,,COc1cc2ncnc3c2cc1OCCCNC(=O)C(C)N(C)Cc1ccc(Cl)cc1N3,
58306,N/C(=N\N=C\c1ccc(-c2cccc(Cl)c2)o1)N[N+](=O)[O-],,,N=C(NN=Cc1ccc(-c2cccc(Cl)c2)o1)N[N+](=O)[O-],
58506,CC1=C[C@@]2(O)O[C@@]3(C[C@]24OC4(C)C)[C@@H](C)CC[C@@H]13,,,CC1=C[C@@]2(O)O[C@@]3(C[C@]24OC4(C)C)[C@@H](C)CC[C@@H]13,
58526,NC(=O)CN1C(=O)C2(SCC(=O)N2c2ccc(Cl)cc2)c2ccccc21,"2-(3'-(4-chlorophenyl)-2-oxo-1'-thia-3'-azaspiro[indoline-3,2'-cyclopentane]-1-yl-4'-one)acetamide",,NC(=O)CN1C(=O)C2(SCC(=O)N2c2ccc(Cl)cc2)c2ccccc21,
58924,CC1CC23OC2(c2ccccc21)C1CC(OC(=O)CCc2ccccc2)C3(C)C1(C)C,,,CC1CC23OC2(c2ccccc21)C1CC(OC(=O)CCc2ccccc2)C3(C)C1(C)C,
59327,CCCCCCCCc1ccc(OC(=O)C2CCC(C(=O)Oc3ccc(C)cc3)CC2)cc1,"4-4-methylphenyl 1-4-octylphenyl cyclohexane-1,4-dicarboxylate",C1(CCC(CC1)C(=O)OC1=CC=C(C=C1)C)C(=O)OC1(CC=CC=C1)C(CCC)CCCC,CCCCCCCCc1ccc(OC(=O)C2CCC(C(=O)Oc3ccc(C)cc3)CC2)cc1,CCCCC(CCC)C1(OC(=O)C2CCC(C(=O)Oc3ccc(C)cc3)CC2)C=CC=CC1
59390,CC(C)C[C@H]1C#C/C=C\C#C[C@@H]2N(C(=O)Oc3ccccc3)c3ccccc3[C@]13O[C@@]23C,,,CC(C)C[C@H]1C#C/C=C\C#C[C@@H]2N(C(=O)Oc3ccccc3)c3ccccc3[C@]13O[C@@]23C,
59833,[O-]/[N+](Cc1ccccc1)=N\OCO/N=[N+](\[O-])Cc1ccccc1,((((((iminioaminooxy)methyl)oxy)imino)(oxido)ammonio)methyl)benzene,[NH2+]=NOCON=[N+]([O-])CC1=CC=CC=C1,[O-]/[N+](Cc1ccccc1)=N\OCO/N=[N+](\[O-])Cc1ccccc1,N=NOCON=[N+]([O-])Cc1ccccc1
59948,CC(C)COC(=O)c1cccc(C(=O)OCC(C)CC(C)(C)C)n1,"2-2,4,4-trimethylpentyl 6-2-methylpropyl pyridine-2,6-dicarboxylate",,CC(C)COC(=O)c1cccc(C(=O)OCC(C)CC(C)(C)C)n1,
60416,C1=CC[O+]=[Si-]OC1,"1,3-dioxa-2-silacyclohepta-1,5-dien-1-ium",[O+]1=[SiH]OCC=CC1,C1=CC[O+]=[Si-]OC1,C1=CC[O+]=[SiH]OC1
60456,Cc1cc(C(=O)N2CCCC3(C2)Nc2ccccc2NC3=NC(C)(C)C)nn1C,"N-(tert-butyl)-2',5'-diazaspiro[piperidine-3,3'-bicyclo[4.4.0]deca-1(10),6,8-trien-4-imine]-1-yl(1,5-dimethyl-1H-pyrazol-3-yl)methanone",,Cc1cc(C(=O)N2CCCC3(C2)Nc2ccccc2N=C3NC(C)(C)C)nn1C,
60732,CN1[C@@H](c2ccc3ccccc3c2)[C@H](c2ccc3ccccc3c2)N(C)[P+]1([O-])N1CCCCC1,"(4S,5S)-1,3-dimethyl-4,5-bis(naphthalen-2-yl)-2-oxido-2-(piperidin-1-yl)-1,3,2-diazaphospholidine",CN1P(N([C@H]([C@@H]1C1=CC2=CC=CC=C2C=C1)C1=CC2=CC=CC=C2C=C1)C)(N1CCCCC1)=O,CN1[C@@H](c2ccc3ccccc3c2)[C@H](c2ccc3ccccc3c2)N(C)[P+]1([O-])N1CCCCC1,CN1[C@@H](c2ccc3ccccc3c2)[C@H](c2ccc3ccccc3c2)N(C)P1(=O)N1CCCCC1
60991,Cc1cc([N+](=O)[O-])ccc1-c1ccc(/C=N\NS(=O)(=O)c2ccc3ccccc3c2)o1,5-(2-methyl-4-nitrophenyl)-N-(naphthalen-2-ylsulfonyl)furan-2-carbaldehyde hydrazone,CC1=C(C=CC(=C1)[N+](=O)[O-])C1=CC=C(O1)C=NNS(=O)(=O)C1=CC2=CC=CC=C2C=C1,Cc1cc([N+](=O)[O-])ccc1-c1ccc(/C=N\NS(=O)(=O)c2ccc3ccccc3c2)o1,Cc1cc([N+](=O)[O-])ccc1-c1ccc(C=NNS(=O)(=O)c2ccc3ccccc3c2)o1
61000,CC(C)(C)OC(=O)C1CNCC12CC1CCC(C2)S1(=O)=O,"tert-butyl 8',8'-bis(oxo-8lambda^6-thia)spiro[pyrrolidine-4,3'-bicyclo[3.2.1]octane]-3-carboxylate",,CC(C)(C)OC(=O)C1CNCC12CC1CCC(C2)S1(=O)=O,
61013,CCCCOC1(OC(=O)c2ccccc2C(=O)OCC(CC)CCCC)CCCO1,"1-2-butoxyoxolan-2-yl 2-2-ethylhexyl benzene-1,2-dicarboxylate",,CCCCOC1(OC(=O)c2ccccc2C(=O)OCC(CC)CCCC)CCCO1,
61134,CC(C)n1cccc1C(=O)N1CCC2(CC1)c1nc[nH]c1CCN2C(=O)C1CC1,"(cyclopropyl)(3,7,9-triazaspiro[piperidine-4,2'-bicyclo[4.3.0]nona-1(6),8-dien-3-yl)methanone]-1-yl(1-(propan-2-yl)-1H-pyrrol-2-yl)methanone",,CC(C)n1cccc1C(=O)N1CCC2(CC1)c1[nH]cnc1CCN2C(=O)C1CC1,
61206,CN1CC2(CCN(C(=O)C3CCOCC3)CC2)C[C@@H](O)[C@@H](O)Cc2ccccc2OCC1=O,"(9R,10S)-9,10-dihydroxy-5-methylspiro[2-oxa-5-azabicyclo[10.4.0]hexadeca-1(16),12,14-triene-7,4'-(1-azacyclohexan-1-yl(oxan-4-yl)methanone)]-4-one",,CN1CC2(CCN(C(=O)C3CCOCC3)CC2)C[C@@H](O)[C@@H](O)Cc2ccccc2OCC1=O,
61569,CC[C@]12CCC3C(CC4(CC4)C4=CC(=N)CC[C@@H]43)C1C1CC1[C@@]21CCCO1,"(11R,15S,16S)-15-ethyldispiro[cyclopropane-1,5'-pentacyclo[15.1.0.0^{2,15}.0^{3,12}.0^{6,11}]octadec-6-ene-16',2''-(1-oxacyclopentane)]-8-imine",,CC[C@]12CCC3C(CC4(CC4)C4=CC(=N)CC[C@@H]43)C1C1CC1[C@@]21CCCO1,
61819,O=C(O)/C=C1\SC2C=CC=CC2=NC1=O,"(2Z)-2-(3-oxo-2,3-dihydro-4H-1,4-benzothiazin-2-ylidene)acetic acid",O=C1/C(/SC2=C(N1)C=CC=C2)=C/C(=O)O,O=C(O)/C=C1\SC2C=CC=CC2=NC1=O,O=C(O)/C=C1\Sc2ccccc2NC1=O
61886,O=C(Nc1nc2c3c(c[nH]c3n1)-c1ccc3ncc(cc3c1)OCc1ccnc(n1)CN2)C1CC1,,,O=C(Nc1nc2c3c(c[nH]c3n1)-c1ccc3ncc(cc3c1)OCc1ccnc(n1)CN2)C1CC1,
61912,CCCCOC(=O)[C@H](OC(C)=O)[C@@H](OC(C)=O)C(=O)O[C@@H](C)C(=O)OCc1ccccc1,"4-(2S)-1-(benzyloxy)-1-oxopropan-2-yl 1-butyl (2R,3R)-2,3-bis(acetyloxy)butanedioate",,CCCCOC(=O)C(OC(C)=O)C(OC(C)=O)C(=O)OC(C)C(=O)OCc1ccccc1,
62157,CC(C)([N+](=O)[O-])[N+]([O-])=Nc1ccccc1[N+](=O)[O-],N-iminio-2-nitroaniline,[NH2+]=NC1=C(C=CC=C1)[N+](=O)[O-],CC(C)([N+](=O)[O-])[N+]([O-])=Nc1ccccc1[N+](=O)[O-],N=Nc1ccccc1[N+](=O)[O-]
62632,Cc1cc(Cl)cnc1C(=O)Cc1ccc2c(c1)C1(COC(CC(=O)OC(C)(C)C)=N1)C1(CC1)CO2,"tert-butyl 2-(1'-(5-chloro-3-methylpyridin-2-yl)-2'-((spiro[2-oxa)-4,5-dihydrospiro[1,3-oxazole-4,5'-bicyclo[4.4.0]deca-1(6),7,9-triene-4,1'cyclopropane]-8-yl)ethane]-2-yl-1'-one)acetate",,Cc1cc(Cl)cnc1C(=O)Cc1ccc2c(c1)C1(COC(CC(=O)OC(C)(C)C)=N1)C1(CC1)CO2,
63105,CCC1(CC)Cc2ccccc2C(=O)[C@]12SS[C@@]1(S2)C(=O)c2ccccc2CC1(CC)CC,,,CCC1(CC)Cc2ccccc2C(=O)[C@]12SS[C@@]1(S2)C(=O)c2ccccc2CC1(CC)CC,
63146,CC[C@H](N[P+]([O-])(OC(C)C)OC(C)C)C(=O)O,(2S)-2-((diisopropoxyphosphoryl)amino)butanoic acid,C(C)(C)OP(=O)(OC(C)C)N[C@H](C(=O)O)CC,CCC(N[P+]([O-])(OC(C)C)OC(C)C)C(=O)O,CCC(NP(=O)(OC(C)C)OC(C)C)C(=O)O
63169,C=C/C(=C\N(O)/C=C(/CNc1ccnc(NC(=O)[C@H]2C[C@@H]2c2cccc(Cl)c2)c1)NC)C1CC1,"(1S,2S)-2-(3-chlorophenyl)-N-(4-(((2Z)-3-(((1Z)-2-cyclopropylbuta-1,3-dien-1-yl)(hydroxy)amino)-2-(methylamino)prop-2-en-1-yl)amino)pyridin-2-yl)cyclopropanecarboxamide",ClC=1C=C(C=CC1)[C@@H]1[C@H](C1)C(=O)NC1=NC=CC(=C1)NC/C(=C/N(O)\C=C(\C=C)/C1CC1)/NC,C=C/C(=C\N(O)/C=C(/CNc1ccnc(NC(=O)C2C[C@@H]2c2cccc(Cl)c2)c1)NC)C1CC1,C=C/C(=C/N(O)/C=C(/CNc1ccnc(NC(=O)C2C[C@@H]2c2cccc(Cl)c2)c1)NC)C1CC1
63208,c1ccc([B-]2(c3ccccc3)Oc3ccccc3C3=[N+](Cc4ccccc4O3)O2)cc1,"9,9-diphenyl-8,10,19-trioxa-9-bora-11-azoniatetracyclo[9.8.0.0^{13,18}.0^{2,7}]nonadeca-1(11),2,4,6,13,15,17-heptaene",,c1ccc([B-]2(c3ccccc3)Oc3ccccc3C3=[N+](Cc4ccccc4O3)O2)cc1,
63210,CC[C@H]1C[C@@H](Nc2ccncc2C(=O)C2=CC(C=O)=C(C)C2)C[C@@H]1C,"4-((4-(((1S,3S,4S)-3-ethyl-4-methylcyclopentyl)amino)pyridin-3-yl)carbonyl)-2-methylcyclopenta-1,4-diene-1-carbaldehyde",C(C)[C@H]1C[C@H](C[C@@H]1C)NC1=C(C=NC=C1)C(=O)C=1CC(=C(C1)C=O)C,CC[C@H]1C[C@@H](Nc2ccncc2C(=O)C2=CC(C)C(C=O)=C2)C[C@@H]1C,CC[C@H]1C[C@@H](Nc2ccncc2C(=O)C2=CC(C)=C(C=O)C2)C[C@@H]1C
63240,N/C(=N\Nc1nc2ccccc2s1)c1cnccn1,"2-((1Z)-aminomethyl)pyrazinal (1,3-benzothiazol-2-yl)hydrazone",,N=C(NNc1nc2ccccc2s1)c1cnccn1,
63516,COCCNC(=O)[C@@H]1CC[C@@H](NC(=O)C2CC3(C(=O)N(CF)c4ccccc43)C3(CCC3)N2)CO1,,,COCCNC(=O)C1CC[C@@H](NC(=O)C2CC3(C(=O)N(CF)c4ccccc43)C3(CCC3)N2)CO1,
63561,CC(C)c1ccc(CN2CC(CN[S+](=O)([O-])c3ccccc3)C3(C2)CN(c2ccccc2)C3)cc1,"1-(2-phenyl-6-((4-(propan-2-yl)phenyl)methyl)-2,6-diazaspiro[3.4]octan-8-yl)-N-(phenylsulfonyl)methanamine",C1(=CC=CC=C1)N1CC2(C1)CN(CC2CNS(=O)(=O)C2=CC=CC=C2)CC2=CC=C(C=C2)C(C)C,CC(C)c1ccc(CN2CC(CN[S+](=O)([O-])c3ccccc3)C3(C2)CN(c2ccccc2)C3)cc1,CC(C)c1ccc(CN2CC(CNS(=O)(=O)c3ccccc3)C3(C2)CN(c2ccccc2)C3)cc1
63637,C[C@@H]1CC[C@H]2C(C)(C)[C@H](O)[C@H](O)C[C@]2(C)[C@@]12Cc1c(O)cc(C(=O)O)c(C=O)c1O2,"(1'S,2R,3'R,6'S,8'S,9'R)-7-formyl-4-hydroxy-1',3',7',7'-tetramethyl-2,3-dihydrospiro[1-benzofurane-2,2'-bicyclo[4.4.0]decane-8,9-diol]-6-carboxylic acid",,C[C@@H]1CC[C@H]2C(C)(C)[C@H](O)[C@H](O)C[C@]2(C)[C@@]12Cc1c(O)cc(C(=O)O)c(C=O)c1O2,
63638,O=C(c1ncc(F)cc1F)N1CCC2(CC1)OC1CCC(c3cc(F)cc(F)c3)N1C2=O,"6-(3,5-difluorophenyl)spiro[2-oxa-5-azabicyclo[3.3.0]octane-3,4'-(1-azacyclohexan-1-yl(3,5-difluoropyridin-2-yl)methanone)]-4-one",,O=C(c1ncc(F)cc1F)N1CCC2(CC1)OC1CCC(c3cc(F)cc(F)c3)N1C2=O,
63674,CC1=C(N2CCOC3(CC4CCC(C3)N4CC(O)c3ccc(N(N)/C=N\N)nc3)C2=O)COC1=O,"(1'Z)-1'-(((5-(2-(8-aza)-4-(4-methyl-5-oxo-2H-furan-3-yl)spiro[morpholine-2,3'-bicyclo[3.2.1]octan-8-yl)-1-hydroxyethyl)pyridin-2-yl)(amino)amino)methanal hydrazone]-3-one",,CC1=C(N2CCOC3(CC4CCC(C3)N4CC(O)c3ccc(N(N)/C=N\N)nc3)C2=O)COC1=O,
63899,Cn1c(C(=O)NCC2CC2)nc2c(N3CCC4(CC3)CC(=O)Nc3ccccc3O4)ncnc21,"6-(2'-oxa-6'-azaspiro[piperidine-4,3'-bicyclo[5.4.0]undeca-1(11),7,9-triene]-1-yl-5'-one)-N-(cyclopropylmethyl)-9-methyl-9H-purine-8-carboxamide",,Cn1c(C(=O)NCC2CC2)nc2c(N3CCC4(CC3)CC(=O)Nc3ccccc3O4)ncnc21,
63906,CCC(=O)NC1=NC2(C(=O)N(CC)c3ccccc32)n2c(nc3ccccc32)N1C(=O)CC,"N-(7'-ethyl-10-propanoyl-7'-azaspiro[1,8,10,12-tetraazatricyclo[7.4.0.0^{2,7}]trideca-2,4,6,8,11-pentaene-13,9'-bicyclo[4.3.0]nona-1,3,5-triene]-11-yl-8'-one)propanamide",,CCC(=O)NC1=NC2(C(=O)N(CC)c3ccccc32)n2c(nc3ccccc32)N1C(=O)CC,
64592,C=C(C)C(=O)OCCOC(=O)c1ccc(C(=O)OCCOC2OC(CO)C(O)C(O)C2O)cc1,"4-2-((2-methylprop-2-enoyl)oxy)ethyl 1-2-((3,4,5-trihydroxy-6-(hydroxymethyl)oxan-2-yl)oxy)ethyl benzene-1,4-dicarboxylate",,C=C(C)C(=O)OCCOC(=O)c1ccc(C(=O)OCCOC2OC(CO)C(O)C(O)C2O)cc1,
64815,CC(C)C(=O)N1CCN(c2ccc3c(c2)CCC2(CCN(C4CCC4)CC2)O3)CC1,"1-(4-(3,4-dihydro-1cyclobutylspiro[2H-1-benzopyrane-2,4'-piperidine]-6-yl)piperazin-1-yl)-2-methylpropan-1-one",,CC(C)C(=O)N1CCN(c2ccc3c(c2)CCC2(CCN(C4CCC4)CC2)O3)CC1,
64822,c1cc2ccc3ccnc4ncc(c1)c2c34,,,c1cc2ccc3ccnc4ncc(c1)c2c34,
64893,CC(C)CN1C(=O)C2(CC2C(=O)N2CCN(C)CC2)c2ccccc21,"1-(2-methylpropyl)spiro[indoline-3,1'-((4-methylpiperazin-1-yl)(1cyclopropan-2-yl)methanone)]-2-one",,CC(C)CN1C(=O)C2(CC2C(=O)N2CCN(C)CC2)c2ccccc21,
64946,Cn1c2ccc1=Cc1nc(c3[nH]cccc1-3)C=C1C=CC(=N1)C=C1C=CC(=N1)C=2,,,Cn1c2ccc1cc1[nH]c(cc3nc(cc4nc(c2)C=C4)C=C3)c2ncccc12,
65144,Cc1ccc(S(=O)(=O)N/N=C(\N)c2cnccn2)cc1,2-((1Z)-aminomethyl)pyrazinal tosylhydrazone,,Cc1ccc(S(=O)(=O)NN=C(N)c2cnccn2)cc1,
65652,CO[C@@H]1CC[C@]2(Cc3ccc(C#CC(C)(C)C)cc3C23N=CC(N)=N3)CC1C,"(4'R,8'R)-4'-(3,3-dimethylbut-1-yn-1-yl)-4'-methoxy-3'-methylspiro[7-2H-spiro[imidazole-2,1'-bicyclo[4.3.0]nona-1(6),2,4-triene-8,1'cyclohexane]]-4-amine",,CO[C@@H]1CC[C@]2(Cc3ccc(C#CC(C)(C)C)cc3C23N=CC(=N)N3)CC1C,
65908,COc1cc([N+](=O)[O-])ccc1-n1cccc1/C=C/C=N/N=C(/C)N,,,COc1cc([N+](=O)[O-])ccc1-n1cccc1C=CC=NN=C(C)N,
66124,C=CCON1C(=O)[C@@H]2C3c4ccccc4C(c4ccccc43)[C@H]2C1=O,,,C=CCOn1c(O)c2c(c1O)C1c3ccccc3C2c2ccccc21,
66205,C[C@]12Cc3cnn(-c4ccc(F)cc4)c3C=C1CCC[C@@]21CC=CCO1,"(3S,4R)-11-(4-fluorophenyl)-3-methylspiro[11,12-diazatricyclo[8.3.0.0^{3,8}]trideca-1(10),8,12-triene-4,2'-((2R)-1-oxacyclohex-4-ene)]",,C[C@]12Cc3cnn(-c4ccc(F)cc4)c3C=C1CCC[C@@]21CC=CCO1,
66303,CNCC(=C/CI)/C(C)=C\N,"(1Z,3E)-3-(2-iodoethylidene)-N',2-dimethylbut-1-ene-1,4-diamine",IC\C=C(/C(=C\N)/C)\CNC,CNCC(=CCI)C(C)C=N,CNC/C(=C/CI)C(C)C=N
66439,CCC[C@@H]1N(C(=O)c2ccn(C)n2)CC[C@]12C(=O)Nc1ccccc12,"(3R)-spiro[indoline-3,3'-((1-methyl-1H-pyrazol-3-yl)((2S,3R)-2-propyl-1-azacyclopentan-1-yl)methanone)]-2-one",,CCC[C@@H]1N(C(=O)c2ccn(C)n2)CC[C@]12C(=O)Nc1ccccc12,
66450,COc1cccc(/C=C(/NC(C)=O)[P+]([O-])(OC)OC)c1,N-((1Z)-1-(dimethoxyphosphoryl)-2-(3-methoxyphenyl)ethenyl)acetamide,COP(=O)(OC)\C(=C/C1=CC(=CC=C1)OC)\NC(C)=O,COc1cccc(CC(=NC(C)=O)[P+]([O-])(OC)OC)c1,COc1cccc(CC(=NC(C)=O)P(=O)(OC)OC)c1
66586,CN1CCN(CC2=CC=CC2)P12=N[P+](ON1CCCC1)(ON1CCCC1)[N-]P(Cl)(Cl)=N2,"7,7-dichloro-1-((cyclopenta-1,3-dien-1-yl)methyl)-4-methyl-9,9-bis((pyrrolidin-1-yl)oxy)-1,4,6,8,10-pentaaza-5lambda^5,7lambda^5,9-triphosphaspiro[4.5]deca-5(10),6-diene",ClP1(=NP2(N(CCN2CC2=CC=CC2)C)=NP(N1)(ON1CCCC1)ON1CCCC1)Cl,CN1CCN(CC2=CC=CC2)P12=N[P+](ON1CCCC1)(ON1CCCC1)[N-]P(Cl)(Cl)=N2,CN1CCN(CC2=CC=CC2)P12=N[PH](ON1CCCC1)(ON1CCCC1)NP(Cl)(Cl)=N2
66646,Nc1ccc2c(c1)Oc1cc(N)ccc1C21OC(=O)C2=CCCC=C21,"2'-oxaspiro[8-oxabicyclo[4.3.0]nona-1,5-diene-9,9'-tricyclo[8.4.0.0^{3,8}]tetradeca-1(10),3(8),4,6,11,13-hexaene-5,13-diamine]-7-one",,Nc1ccc2c(c1)Oc1cc(N)ccc1C21OC(=O)C2=CCCC=C21,
66736,O=C(c1ccccc1F)N1CCS[C@@]12C(=O)N(Cc1ccc(F)cc1F)c1ccccc12,"(3S)-1-((2,4-difluorophenyl)methyl)spiro[indoline-3,2'-((2-fluorophenyl)((2S)-1-thia-3-azacyclopentan-3-yl)methanone)]-2-one",,O=C(c1ccccc1F)N1CCS[C@@]12C(=O)N(Cc1ccc(F)cc1F)c1ccccc12,
66842,Cc1ccccc1C(=O)OOC(=O)c1ccc(Cl)cc1Cl,,,Cc1ccccc1C(=O)OOC(=O)c1ccc(Cl)cc1Cl,
66996,C=[N+]1C=CC=C[C-]1c1c(C)ccc2c1[o+][c-]1cc(-c3ccccc3)ccc21,2-(3-methyl-7-phenyldibenzofuran-5-ium-4-yl)-1-methylidene-pyridin-2-ide-1-ium,CC=1C=CC2=C([OH+]C3=C2C=CC(=C3)C3=CC=CC=C3)C1[C-]1[N+](C=CC=C1)=C,C=[N+]1C=[C-]C=CC1c1c(C)ccc2c1[o+][c-]1cc(-c3ccccc3)ccc21,C=[N+]1C=[C-]C=CC1c1c(C)ccc2c1oc1cc(-c3ccccc3)ccc12
67883,C#CCOc1cnc(/C(F)=C/c2ccc3c(c2)[C@@]2(C3)N=C(N)S[C@@]3(C(=O)N(C)C)C(C)C32)cn1,"(1S,5S)-3-amino-2'-((1Z)-1-fluoro-2-((7S)-N,N,7-trimethylspiro[2-thia-4-azabicyclo[4.1.0]hept-3-ene-5,7'-bicyclo[4.2.0]octa-1(6),2,4-trien-4-yl)ethenyl)-5-((prop-2-yn-1-yl)oxy)pyrazine]-1-carboxamide",,C#CCOc1cnc(/C(F)=C/c2ccc3c(c2)[C@@]2(C3)N=C(N)S[C@@]3(C(=O)N(C)C)C(C)C32)cn1,
67901,Cn1nc2c(c1CC(=O)Nc1nc(-c3ccc(F)c(C(F)(F)F)c3F)cs1)c(=O)n(C)c(=O)n2C,"N-(4-(2,4-difluoro-3-(trifluoromethyl)phenyl)-1,3-thiazol-2-yl)-2-(2,5,7-trimethyl-4,6-dioxo-4,5,6,7-tetrahydro-1H-pyrazolo[3,4-d]pyrimidin-3-yl)acetamide",FC1=C(C=CC(=C1C(F)(F)F)F)C=1N=C(SC1)NC(CC1N(NC=2N(C(N(C(C21)=O)C)=O)C)C)=O,Cn1nc2c(c1CC(=O)Nc1nc(-c3ccc(F)c(C(F)(F)F)c3F)cs1)c(=O)n(C)c(=O)n2C,CN1Nc2c(c(=O)n(C)c(=O)n2C)C1CC(=O)Nc1nc(-c2ccc(F)c(C(F)(F)F)c2F)cs1
68253,CO[C@H]1[C@@H](O)CC2O[C@@]1(C)n1c3ccccc3c3c4c(c5c6ccccc6n2c5c31)CNC4=O,,,CO[C@H]1[C@@H](O)CC2O[C@@]1(C)n1c3ccccc3c3c4c(c5c6ccccc6n2c5c31)CNC4=O,
68286,N=NN=C(N)c1c(N)cc(Cl)cc1N1CCNCC1,2-amino-1-(aminomethyl)-4-chloro-N-imino-6-(piperazin-1-yl)benzenal hydrazone,NC1C(C(=CC(=C1)Cl)N1CCNCC1)(C=NN=N)CN,N=C(N=NN)c1c(N)cc(Cl)cc1N1CCNCC1,N=NN=CC1(CN)C(N2CCNCC2)=CC(Cl)=CC1N
68378,CCC(CC)(C(=O)OCC(C)C)C(=O)Oc1c(Cl)cc(Cl)c2ccccc12,"3-2,4-dichloronaphthalen-1-yl 1-2-methylpropyl 2,2-diethylpropanedioate",,CCC(CC)(C(=O)OCC(C)C)C(=O)Oc1c(Cl)cc(Cl)c2ccccc12,
68426,Cc1ccc(C(=O)N2CCC3(C(=O)Nc4ccccc43)C2c2cccnc2)cc1O,"spiro[indoline-3,3'-((3-hydroxy-4-methylphenyl)(2-(pyridin-3-yl)-1-azacyclopentan-1-yl)methanone)]-2-one",,Cc1ccc(C(=O)N2CCC3(C(=O)Nc4ccccc43)C2c2cccnc2)cc1O,
68444,C1=NC(=C2c3cccc(c3)Cc3cccc(c3)Cc3cccc(c3)Cc3cccc2c3)N=C1,,,C1=NC(=C2c3cccc(c3)Cc3cccc(c3)Cc3cccc(c3)Cc3cccc2c3)N=C1,
68457,O=C1CCN(Cc2ccccc2)[C@@]12C[C@@H]1c3ccccc3[C@H]2CC12OCCO2,"(2R,8'R,10'R)-1-benzyl-1',3'-dioxaspiro[10-spiro[pyrrolidine-2,1'-tricyclo[6.2.2.0^{2,7}]dodeca-2,4,6-triene-12,2'cyclopentane]]-3-one",,O=C1CCN(Cc2ccccc2)[C@@]12C[C@@H]1c3ccccc3[C@H]2CC12OCCO2,
68616,COc1cc2c(cc1OC)C13CCCC4(OCCO4)C1=CC2(C)O3,,,COc1cc2c(cc1OC)C13CCCC4(OCCO4)C1=CC2(C)O3,
68625,CNC(=O)N1N=C(c2ccc(-c3c(C)nn(C)c3C)cc2)c2cc(OC(F)(F)F)ccc2C[C@@H]1C,"(4S)-N,4-dimethyl-8-((trifluoromethyl)oxy)-1-(4-(1,3,5-trimethyl-1H-pyrazol-4-yl)phenyl)-4,5-dihydro-2H-2,3-benzodiazepine-3-carboxamide",CNC(=O)N1NC(C2=C(C[C@@H]1C)C=CC(=C2)OC(F)(F)F)C2=CC=C(C=C2)C=2C(=NN(C2C)C)C,CNC(=O)N1N=C(c2ccc(-c3c(C)nn(C)c3C)cc2)c2cc(OC(F)(F)F)ccc2C[C@@H]1C,CNC(=O)N1NC(c2ccc(-c3c(C)nn(C)c3C)cc2)c2cc(OC(F)(F)F)ccc2C[C@@H]1C
68671,COc1ccc(N(C(N)=N/N=C\Cc2ccc(C)cc2)N2CNCS2)cc1,,,COc1ccc(N(C(=N)N/N=C\Cc2ccc(C)cc2)N2CNCS2)cc1,
68683,CCNC(=O)N1CCC2(CCc3cc(-c4ccc5cccnc5c4C)ccc3O2)CC1,"N-ethyl-8'-methyl-7'-((2-oxa)spiro[piperidine-4,3'-bicyclo[4.4.0]deca-1(6),7,9-trien-8-yl)quinoline]-1-carboxamide",,CCNC(=O)N1CCC2(CCc3cc(-c4ccc5cccnc5c4C)ccc3O2)CC1,
69393,CCCCCCCCOc1cc(=C2C=CC#S2)c(OCCCCCCCC)cc1=C1C=CC#S1,"2-(2,5-bis(octyloxy)-4-(thiophen-2-ylidene)cyclohexa-2,5-dien-1-ylidene)thiophene",C(CCCCCCC)OC=1C(C=C(C(C1)=C1SC=CC1)OCCCCCCCC)=C1SC=CC1,CCCCCCCCOc1cc(=C2C=CC#S2)c(OCCCCCCCC)cc1=C1C=CC#S1,CCCCCCCCOc1cc(=C2CC=CS2)c(OCCCCCCCC)cc1=C1CC=CS1
69418,Cn1c2c(c3c1-c1cc(C4CCC4)ncc1CC3)C(=O)NC1(C2)CN(C(=O)OC(C)(C)C)C1,"tert-butyl 16cyclobutyl-3'-methyl-3',7',15'-triazaspiro[azetidine-3,6'-tetracyclo[11.4.0.0^{2,10}.0^{4,9}]heptadeca-1(13),2(10),4(9),14,16-pentaene]-8'-one-1-carboxylate",,Cn1c2c(c3c1-c1cc(C4CCC4)ncc1CC3)C(=O)NC1(C2)CN(C(=O)OC(C)(C)C)C1,
69615,C=C/C=C\C(=C/C)C1CCc2cc(O)ccc2C1c1ccc(N2CCC(C=O)CC2)cc1,"1-(4-(2-((2Z,4Z)-hepta-2,4,6-trien-3-yl)-6-hydroxy-1,2,3,4-tetrahydronaphthalen-1-yl)phenyl)piperidine-4-carbaldehyde",C\C=C(\C=C/C=C)/C1C(C2=CC=C(C=C2CC1)O)C1=CC=C(C=C1)N1CCC(CC1)C=O,C=C/C=C\C(=C/C)C1CCc2cc(O)ccc2C1c1ccc(N2CCC(C=O)CC2)cc1,C=C/C=C\C(=C\C)C1CCc2cc(O)ccc2C1c1ccc(N2CCC(C=O)CC2)cc1
69884,CCO[P+]([O-])(OCC)C(c1ccccc1)N(O)c1ccc(Cl)cc1,4-chloro-N-((diethoxyphosphoryl)(phenyl)methyl)-N-hydroxyaniline,ClC1=CC=C(N(O)C(C2=CC=CC=C2)P(=O)(OCC)OCC)C=C1,CCO[P+]([O-])(OCC)C(c1ccccc1)N(O)c1ccc(Cl)cc1,CCOP(=O)(OCC)C(c1ccccc1)N(O)c1ccc(Cl)cc1
69917,CCCCCOC(=O)C(CC)(CC)C(=O)OC(C)C(F)(F)F,"3-1,1,1-trifluoropropan-2-yl 1-pentyl 2,2-diethylpropanedioate",,CCCCCOC(=O)C(CC)(CC)C(=O)OC(C)C(F)(F)F,
70219,COC(=O)C(C)C(c1ccc2c(c1)OC1(CC2O)[C@@H]2CC[C@H]1CN(C(=O)OC(C)(C)C)C2)C1CC1,"tert-butyl (1R,5S)-methyl 3cyclopropyl-3'-(5-hydroxy-2-oxaspiro[3-azabicyclo[3.2.1]octane-8,3'-bicyclo[4.4.0]deca-1(6),7,9-trien-9-yl)-2-methylpropanoate]-3-carboxylate",,COC(=O)C(C)C(c1ccc2c(c1)OC1(CC2O)[C@@H]2CC[C@H]1CN(C(=O)OC(C)(C)C)C2)C1CC1,
70495,C=NC(/C=C1/C(=O)N(C(C)(C)C)c2ncccc21)=C(\C=C(/C)Cl)COC1CCCCO1,"(3E)-1-(tert-butyl)-3-((2E,4E)-5-chloro-2-(methylideneamino)-3-(((oxan-2-yl)oxy)methyl)hexa-2,4-dien-1-ylidene)-1H-pyrrolo[2,3-b]pyridin-2(1H)-one",,C=NC(/C=C1/C(=O)N(C(C)(C)C)c2ncccc21)=C(\C=C(/C)Cl)COC1CCCCO1,
70510,Cc1nnc(SCC(=O)N2c3ccccc3S[C@@H]3C=CC=C[C@@H]32)s1,"1-((4aR,10aS)-10,10a-dihydro-10H-phenothiazin-10-yl)-2-((5-methyl-1,3,4-thiadiazol-2-yl)sulfanyl)ethan-1-one",,Cc1nnc(SCC(=O)N2c3ccccc3S[C@@H]3C=CC=C[C@@H]32)s1,
70808,COC(=O)CN1C(=O)C2(CCN(C(=O)Nc3cccnc3)CC2)Nc2ccccc21,"methyl 2-(3-oxospiro[2,5-diazabicyclo[4.4.0]deca-1(10),6,8-triene-4,4'-(N-(pyridin-3-yl)-1-azacyclohexanecarboxamide)]-2-yl)acetate",,COC(=O)CN1C(=O)C2(CCN(C(=O)Nc3cccnc3)CC2)Nc2ccccc21,
71090,[O-]/[N+](c1ccccc1)=[N+](\[O-])c1ccccc1,"1,2-diphenyldiazene 1,2-dioxide",C1(=CC=CC=C1)[N+](=[N+](C1=CC=CC=C1)[O-])[O-],[O-]/[N+](c1ccccc1)=[N+](\[O-])c1ccccc1,[O-][N+](c1ccccc1)=[N+]([O-])c1ccccc1
71317,OSCl,,,OSCl,
71876,NC(=O)c1cc2cccc3c2cc1OCCOCn1nncc1CO3,,,NC(=O)c1cc2cccc3c2cc1OCCOCn1nncc1CO3,
71975,C=[N+]1C=CC=C[C-]1[N+](=C)[N-]c1ccc(OC)c2c1[N+](=C)[C-](C)C(C(=O)OC)=C2,"methyl 7-methoxy-3-methyl-2-methylidene-10-(((1-methylidene-pyridin-2-ide-1-ium-2-yl)(methylidene)ammonio)azanidyl)-2-azoniabicyclo[4.4.0]deca-1(10),4,6,8-tetraene-4-carboxylate",COC1=C2C=C(C([N+](C2=C(C=C1)[N-][N+](=C)[C-]1[N+](C=CC=C1)=C)=C)C)C(=O)OC,C=[N+]1C=[C-]C=[C-]C1[N+](=C)[N-]c1ccc(OC)c2c1[N+](=C)C(C)C(C(=O)OC)=C2,C=[N+]1C=CC=CC1[N+](=C)[N-]c1ccc(OC)c2c1[N+](=C)C(C)C(C(=O)OC)=C2
72081,CC1=NC2(CC3(C=C4CC(c5cc(F)cc(C#N)c5)=CC=C4C3)CCC2OC(F)F)N=C1N,,,CC1=NC2(CC3(C=C4CC(c5cc(F)cc(C#N)c5)=CC=C4C3)CCC2OC(F)F)N=C1N,
73308,CC1=C(CCC(=O)OCCO/[N+]([O-])=N/N2CCOCC2)C(=O)c2c(O)cccc2C1=O,"2-((((morpholin-4-yl)imino)(oxido)ammonio)oxy)ethyl 3-(8-hydroxy-3-methyl-1,4-dioxo-1,4-dihydronaphthalen-2-yl)propanoate",OC=1C=CC=C2C(C(=C(C(C12)=O)CCC(=O)OCCO[N+]([O-])=NN1CCOCC1)C)=O,Cc1c(C=CC(=O)OCCO/[N+]([O-])=N/N2CCOCC2)c(O)c2c(O)cccc2c1O,Cc1c(C=CC(=O)OCCO[N+]([O-])=NN2CCOCC2)c(O)c2c(O)cccc2c1O
73499,S=P(N/N=C/c1ccc(-c2ccc(Cl)cc2Cl)o1)(Oc1ccccc1)Oc1ccccc1,"5-(2,4-dichlorophenyl)-N-(diphenoxy(thioxo)phosphanyl)furan-2-carbaldehyde hydrazone",ClC1=C(C=CC(=C1)Cl)C1=CC=C(O1)C=NNP(=S)(OC1=CC=CC=C1)OC1=CC=CC=C1,S=P(N/N=C/c1ccc(-c2ccc(Cl)cc2Cl)o1)(Oc1ccccc1)Oc1ccccc1,S=P(NN=Cc1ccc(-c2ccc(Cl)cc2Cl)o1)(Oc1ccccc1)Oc1ccccc1
73698,c1cc2c3c(c1)c1cccc4c1n3B1c3c-2ccc2c5cccc6c7ccc-4c1c7n(c32)c56,"15,32-diaza-12-borundecacyclo[28.3.0.0^{5,33}.0^{12,32}.0^{26,31}.0^{13,25}.0^{14,22}.0^{16,21}.0^{9,17}.0^{10,15}.0^{6,11}]tritriaconta-1,3,5(33),6,8,10,13,16,18,20,22,24,26(31),27,29-pentadecaene",,c1cc2c3c(c1)c1cccc4c1n3B1c3c-2ccc2c5cccc6c7ccc-4c1c7n(c32)c56,
73715,O=C[C+](C(=O)[O-])C1CC1,2-cyclopropyl-3-oxopropanoate,C1(CC1)C(C(=O)[O-])C=O,O=C[C+](C(=O)[O-])C1CC1,O=CC(C(=O)O)C1CC1
73747,O=C(O)COc1ccc(N2C(=O)C3C4c5ccccc5C(c5ccccc54)C3C2=O)cc1,,,O=C(O)COc1ccc(-n2c(O)c3c(c2O)C2c4ccccc4C3c3ccccc32)cc1,
73750,CC1=C=C(C)N(C)O1,"2,3,5-trimethyl-1,2-oxazole",CN1OC(=CC1C)C,CC1=C=C(C)N(C)O1,CC1=CC(C)N(C)O1
73797,CN1CCc2nn(-c3ccc(F)cc3)cc2C1,"2-(4-fluorophenyl)-5-methyl-4,5,6,7-tetrahydro-1H-pyrazolo[4,3-c]pyridine",FC1=CC=C(C=C1)N1NC2=C(CN(CC2)C)C1,CN1CCc2nn(-c3ccc(F)cc3)cc2C1,CN1CCC2=C(C1)CN(c1ccc(F)cc1)N2
74008,CC12c3ccccc3C(C)(c3ccccc31)[C@@H]1C(=O)N(c3cccc(C(F)(F)F)c3)C(=O)[C@H]12,,,CC12c3ccccc3C(C)(c3ccccc31)c1c2c(O)n(-c2cccc(C(F)(F)F)c2)c1O,
74481,CC(C)(O[P+](=O)[O-])C(=O)c1cscn1,"2-methyl-2-((oxido(oxo)phosphanyl)oxy)-1-(1,3-thiazol-4-yl)propan-1-one",CC(C(=O)C=1N=CSC1)(C)OP(=O)[O-],CC(C)(O[P+](=O)[O-])C(=O)c1cscn1,CC(C)(O[PH](=O)O)C(=O)c1cscn1
74566,Cc1cc(S(=O)(=O)/N=C(/C(=C=[N-])C#N)[n+]2ccc(N(C)C)cc2)c(SCC(=O)O)cc1Cl,2-((5-chloro-2-(((1Z)-2-cyano-1-(4-(dimethylamino)pyridin-1-ium-1-yl)-3-iminoprop-2-en-1-ylidene)sulfamoyl)-4-methylphenyl)sulfanyl)acetic acid,ClC=1C(=CC(=C(C1)SCC(=O)O)S(\N=C(\C(=C=N)C#N)/[N+]1=CC=C(C=C1)N(C)C)(=O)=O)C,Cc1cc(S(=O)(=O)/N=C(/C(=C=[N-])C#N)[n+]2ccc(N(C)C)cc2)c(SCC(=O)O)cc1Cl,Cc1cc(S(=O)(=O)/N=C(/C(=C=N)C#N)[n+]2ccc(N(C)C)cc2)c(SCC(=O)O)cc1Cl
74608,CC(C)[C@@H](C(=O)O)N1C(=O)[C@@H]2C3c4ccccc4C(c4ccccc43)[C@@H]2C1=O,,,CC(C)C(C(=O)O)n1c(O)c2c(c1O)C1c3ccccc3C2c2ccccc21,
74951,COc1ccc2c(c1)[C@@]1(SCCN1C(=O)C1CCC1)C(=O)N2Cc1ccc(C)cc1,"(3R)-5-methoxy-1-((4-methylphenyl)methyl)spiro[indoline-3,2'-((cyclobutyl)((2R)-1-thia-3-azacyclopentan-3-yl)methanone)]-2-one",,COc1ccc2c(c1)[C@@]1(SCCN1C(=O)C1CCC1)C(=O)N2Cc1ccc(C)cc1,
74978,CI(C)C(=O)C(NC(=O)NCC(F)F)C(C)(C)C,,,CI(C)C(=O)C(NC(=O)NCC(F)F)C(C)(C)C,
74984,O=C1CCc2cccc(OC(CCCc3ccccc3)=S(=O)=O)c2N1,"8-(3-phenylpropylcarbonothioyloxy)-3,4-dihydroquinolin-2(1H)-one",C1(=CC=CC=C1)CCCC(=S)OC=1C=CC=C2CCC(NC12)=O,O=C1CCc2cccc(OC(CCCc3ccccc3)=S(=O)=O)c2N1,O=C1CCc2cccc(OC(=S)CCCc3ccccc3)c2N1
75341,Nc1cc(Sc2cnc(N3CCC4(CC3)Cc3ccccc3[C@H]4N)cn2)c(Cl)c(Cl)n1,"4-((5-((7'S)-spiro[piperidine-4,8'-bicyclo[4.3.0]nona-1,3,5-trien-7-amine]-1-yl)pyrazin-2-yl)sulfanyl)-5,6-dichloropyridin-2-amine",,Nc1cc(Sc2cnc(N3CCC4(CC3)Cc3ccccc3[C@H]4N)cn2)c(Cl)c(Cl)n1,
75614,N[C@@H](CCCC/[N+]([O-])=N/O)C(=O)O,(2S)-2-amino-6-((hydroxyimino)(oxido)ammonio)hexanoic acid,N[C@H](C(=O)O)CCCC[N+]([O-])=NO,NC(CCCC/[N+]([O-])=N/O)C(=O)O,NC(CCCC[N+]([O-])=NO)C(=O)O
75878,COCCOC(C)OC(C)C1=C2C=C3C=CC(=N3)C=c3ccc([nH]3)=CC3=NC(=CC(C1)N2)C=C3,,,COCCOC(C)OC(C)C1=C2C=C3C=CC(=N3)C=C3C=CC(=N3)C=c3ccc([nH]3)=CC(C1)N2,
75908,C=CCn1nc2c(c1C(=O)O)CN(C(=O)OC(C)(C)C)CC2,"5-(tert-butoxycarbonyl)-2-(prop-2-en-1-yl)-4,5,6,7-tetrahydro-1H-pyrazolo[4,3-c]pyridine-3-carboxylic acid",C(C)(C)(C)OC(=O)N1CC2=C(CC1)NN(C2C(=O)O)CC=C,C=CCn1nc2c(c1C(=O)O)CN(C(=O)OC(C)(C)C)CC2,C=CCN1NC2=C(CN(C(=O)OC(C)(C)C)CC2)C1C(=O)O
75955,NC(N)=[N+]([O-])/N=C/c1ccc([N+](=O)[O-])cc1[N+](=O)[O-],,,NC(N)=[N+]([O-])/N=C/c1ccc([N+](=O)[O-])cc1[N+](=O)[O-],
76187,CCCCC(=C/Cc1ccc(NCCO)nc1)/C(=C\N)C1C=NNC1C,"2-((5-((2Z)-3-((1Z)-2-amino-1-(5-methyl-4,5-dihydro-1H-pyrazol-4-yl)ethenyl)hept-2-en-1-yl)pyridin-2-yl)amino)ethan-1-ol",N\C=C(\C1C=NNC1C)/C(=C\CC=1C=CC(=NC1)NCCO)/CCCC,CCCCC(=CCc1ccc(NCCO)nc1)C(C=N)C1C=NNC1C,CCCC/C(=C/Cc1ccc(NCCO)nc1)C(C=N)C1C=NNC1C
76328,N/C(=N/NS(=O)(=O)c1ccccc1)c1ccc(C(F)(F)F)cn1,2-((1E)-aminomethyl)-5-(trifluoromethyl)pyridinal (phenylsulfonyl)hydrazone,,N=C(NNS(=O)(=O)c1ccccc1)c1ccc(C(F)(F)F)cn1,
76403,CO[P+]([O-])(OC)C(c1ccc(O)cc1)N(c1ccc(Cl)cc1)c1ccc(Cl)cc1,4-((bis(4-chlorophenyl)amino)(dimethoxyphosphoryl)methyl)phenol,ClC1=CC=C(C=C1)N(C1=CC=C(C=C1)Cl)C(C1=CC=C(C=C1)O)P(=O)(OC)OC,CO[P+]([O-])(OC)C(c1ccc(O)cc1)N(c1ccc(Cl)cc1)c1ccc(Cl)cc1,COP(=O)(OC)C(c1ccc(O)cc1)N(c1ccc(Cl)cc1)c1ccc(Cl)cc1
76440,C[O+]=[C-]O[SiH2]F,(((fluorosilyloxy)methylidene)oxy)methane,,C[O+]=[C-]O[SiH2]F,
76482,O=C1Nc2cc(Cl)ccc2[C@]12ON=C(c1ccc(Cl)cc1)N2c1ccc(Cl)cc1,"(3S)-6-chlorospiro[indoline-3,5'-((5S)-3,4-bis(4-chlorophenyl)-1-oxa-2,4-diazacyclopent-2-ene)]-2-one",,O=C1Nc2cc(Cl)ccc2[C@]12ON=C(c1ccc(Cl)cc1)N2c1ccc(Cl)cc1,
76627,O=[S+]1([O-])NCC2(CCN(Cc3ccsc3)CC2)Oc2ncccc21,"6-oxido-6-oxo-1'-((thiophen-3-yl)methyl)spiro[2-oxa-6-thia-5,11-diazabicyclo[5.4.0]undeca-1(11),7,9-triene-3,4'-piperidine]",[O-]S1(NCC2(CCN(CC2)CC2=CSC=C2)OC2=NC=CC=C12)=O,O=[S+]1([O-])NCC2(CCN(Cc3ccsc3)CC2)Oc2ncccc21,O=[SH]1(O)NCC2(CCN(Cc3ccsc3)CC2)Oc2ncccc21
76680,CCCCCCCCCCCCCCCOC(=O)/C=C/C(=O)Oc1c(Cl)cc(Cl)cc1Cl,"4-2,4,6-trichlorophenyl 1-pentadecyl (2E)-but-2-enedioate",,CCCCCCCCCCCCCCCOC(=O)/C=C/C(=O)Oc1c(Cl)cc(Cl)cc1Cl,
76800,c1cc2ccc1CCCCCCCCCCc1ccc(cc1)CCCCCCCCCC2,"tricyclo[24.2.2.2^{12,15}]dotriaconta-1(29),12(31),13,15(32),26(30),27-hexaene",,c1cc2ccc1CCCCCCCCCCc1ccc(cc1)CCCCCCCCCC2,
77156,NC(=N/N=C/c1cccs1)/C(N)=N\N=C\c1cccs1,"(1E)-5-thiacyclopenta-1,3-dien-1-carbaldehyde (1E,2E)-1,2-diamino-2-((((1E)-(thiophen-2-yl)methylidene)amino)imino)ethylidenehydrazone",,N=C(NN=Cc1cccs1)C(=N)NN=Cc1cccs1,
77262,FN=S(c1ccccc1)c1ccccc1,((imino)(phenyl)sulfanyl)benzene,N=S(C1=CC=CC=C1)C1=CC=CC=C1,FN=S(c1ccccc1)c1ccccc1,N=S(c1ccccc1)c1ccccc1
77331,O=CC[C@H]1[C@@H]([N+](=O)[O-])[C@H](c2ccnc(Cl)c2F)[C@]2(C(=O)Nc3cc(Cl)ccc32)N1CC1CC1,"2-((2S,3S,4S,5S)-4'-chloro-4-(2-chloro-3-fluoropyridin-4-yl)-1-(cyclopropylmethyl)-3-nitro-7'-azaspiro[pyrrolidine-5,9'-bicyclo[4.3.0]nona-1(6),2,4-triene]-2-yl-8'-one)ethanal",,O=CC[C@H]1C([N+](=O)[O-])[C@H](c2ccnc(Cl)c2F)[C@]2(C(=O)Nc3cc(Cl)ccc32)N1CC1CC1,
77411,Cn1nc2c(c1C(=O)N1CCN(c3ncccn3)CC1)CN(C(=O)OC(C)(C)C)CC2,"tert-butyl 2-methyl-3-((4-(pyrimidin-2-yl)piperazin-1-yl)carbonyl)-4,5,6,7-tetrahydro-1H-pyrazolo[4,3-c]pyridine-5-carboxylate",CN1NC2=C(CN(CC2)C(=O)OC(C)(C)C)C1C(=O)N1CCN(CC1)C1=NC=CC=N1,Cn1nc2c(c1C(=O)N1CCN(c3ncccn3)CC1)CN(C(=O)OC(C)(C)C)CC2,CN1NC2=C(CN(C(=O)OC(C)(C)C)CC2)C1C(=O)N1CCN(c2ncccn2)CC1
77490,CC(C)(C)OC(=O)N1CC[C@]2(C(=O)ON3C(=O)c4ccccc4C3=O)C[C@H]12,"5-1,3-dioxo-1,3-dihydro-2H-isoindol-2-yl 2-tert-butyl (1S,5S)-2-azabicyclo[3.1.0]hexane-2,5-dicarboxylate",,CC(C)(C)OC(=O)N1CC[C@]2(C(=O)ON3C(=O)c4ccccc4C3=O)C[C@H]12,
77938,O=C/C=C/Cc1c2nc(cc3ccc(cc4ccc(cc5nc1C=C5)[nH]4)[nH]3)C=C2,,,O=C/C=C/Cc1c2ccc(cc3nc(cc4nc(cc5ccc1[nH]5)C=C4)C=C3)[nH]2,
78016,CC[N+]1=CS(=O)C[CH-]1,"3-ethyl-1-oxo-5H-1,3-thiazol-4-ide-3-ium",C(C)[N+]=1CS(C[C-]1)=O,CC[N+]1=C[S+]([O-])C[CH-]1,CC[N+]1=[C-]C[S+]([O-])C1
78066,CC1=C(C)[C@@H]2C(c3ccccc3)(c3ccccc3)S[C@H]1[P+]2([S-])c1ccccc1,"(1R,4R)-5,6-dimethyl-3,3,7-triphenyl-2-thia-7-phosphabicyclo[2.2.1]hept-5-ene-7-thiolate",CC=1[C@@H]2C(S[C@H](C1C)P2([S-])C2=CC=CC=C2)(C2=CC=CC=C2)C2=CC=CC=C2,CC1=C(C)[C@@H]2C(c3ccccc3)(c3ccccc3)S[C@H]1[P+]2([S-])c1ccccc1,CC1=C(C)[C@@H]2C(c3ccccc3)(c3ccccc3)S[C@H]1[PH]2(S)c1ccccc1
78084,CCO[P+]([O-])(OCC)/C(=N\OCc1ccccc1)S(C)(=O)=O,(1E)-N-(benzyloxy)-1-(diethoxyphosphoryl)-1-(methylsulfonyl)methanimine,C(C1=CC=CC=C1)O/N=C(/S(=O)(=O)C)\P(=O)(OCC)OCC,CCO[P+]([O-])(OCC)/C(=N\OCc1ccccc1)S(C)(=O)=O,CCOP(=O)(OCC)/C(=N\OCc1ccccc1)S(C)(=O)=O
78169,O=C(C[C@@H]1CC2(CCN(C(=O)c3ccoc3)CC2)c2ccccc21)NC1CCC1,"N-cyclobutyl-2-((1S)-spiro[indane-3,4'-(1-azacyclohexan-1-yl(furan-3-yl)methanone)]-1-yl)acetamide",,O=C(C[C@@H]1CC2(CCN(C(=O)c3ccoc3)CC2)c2ccccc21)NC1CCC1,
78189,C=CC(=[O+]c1ccc([NH-])cc1)c1ccc(C(C)(C)C)cc1,4-((1-(4-(tert-butyl)phenyl)prop-2-en-1-ylidene)oxy)aniline,,C=CC(=[O+]c1ccc([NH-])cc1)c1ccc(C(C)(C)C)cc1,
78301,O=C(O)CN1C(=O)NC(=O)[C@@]12C(=O)Nc1ccccc12,"2-((5R)-2,4-dioxo-7'-azaspiro[imidazolidine-5,9'-bicyclo[4.3.0]nona-1,3,5-triene]-1-yl-8'-one)acetic acid",,O=C(O)CN1C(=O)NC(=O)[C@@]12C(=O)Nc1ccccc12,
78319,c1cc2ccn3cccc4ccn(c1)c2=c43,,,c1cc2ccn3cccc4ccn(c1)c2=c43,
78535,CN(C)c1ccc2c(c1)C1(Cc3ccc(-c4ccccn4)cc3C1)c1cc(N(C)C)ccc1-2,"2'-((8)-N,N,N',N'-tetramethylspiro[9H-fluorene-9,1'-bicyclo[4.3.0]nona-1(6),2,4-trien-3-yl)pyridine]-2,7-diamine",,CN(C)c1ccc2c(c1)C1(Cc3ccc(-c4ccccn4)cc3C1)c1cc(N(C)C)ccc1-2,
78684,COC(=O)/N=N/C(=O)NCCCl,methyl (((2-chloroethyl)carbamoyl)imino)carbamate,ClCCNC(=O)N=NC(OC)=O,COC(=O)/N=N/C(=O)NCCCl,COC(=O)N=NC(=O)NCCCl
79018,CB(O)c1cccc(-c2cccc(C(=O)N3CCC4(CC3)COc3ccc(CN)cc34)c2)c1,"(1'-((7-oxa)spiro[piperidine-4,9'-bicyclo[4.3.0]nona-1(6),2,4-trien-3-yl)methanamine]-1-yl)(3-(3-((hydroxy)(methyl)boryl)phenyl)phenyl)methanone",,CB(O)c1cccc(-c2cccc(C(=O)N3CCC4(CC3)COc3ccc(CN)cc34)c2)c1,
79414,CC(C)(C)COc1ccc2c(c1)[C@@]1(COC(N)=N1)c1cc(-c3cncnc3)ccc1O2,"(4R)-5'-(((9R)-12-((2,2-dimethylpropyl)oxy)-2-oxa)-4,5-dihydrospiro[1,3-oxazole-4,9'-tricyclo[8.4.0.0^{3,8}]tetradeca-1(10),3(8),4,6,11,13-hexaen-6-yl)pyrimidine]-2-amine",,CC(C)(C)COc1ccc2c(c1)[C@@]1(COC(=N)N1)c1cc(-c3cncnc3)ccc1O2,
79542,CCC(=O)N1CCC2(CC1)C[C@@H](CC(=O)N(C)C)c1ccc(F)cc12,"2-((1S)-5-fluorospiro[indane-3,4'-(1-(1-azacyclohexan-1-yl)propane)]-1-yl-1'-one)-N,N-dimethylacetamide",,CCC(=O)N1CCC2(CC1)C[C@@H](CC(=O)N(C)C)c1ccc(F)cc12,
79963,O=C(c1cncnc1)N1CC2(C1)OCc1nc(C3CC3)ncc12,"3cyclopropyl-8'-oxa-2',4'-diazaspiro[azetidine-3,7'-bicyclo[4.3.0]nona-1(6),2,4-triene]-1-yl(pyrimidin-5-yl)methanone",,O=C(c1cncnc1)N1CC2(C1)OCc1nc(C3CC3)ncc12,
80298,COCCOc1ccc2ccccc2c1C=NN=C(N)SCc1ccccc1,,,COCCOc1ccc2ccccc2c1C=NN=C(N)SCc1ccccc1,
80394,NC(=O)c1ccc2c(c1)C1(c3ccccc3-2)c2ccccc2-c2ccc(C(N)=O)cc21,"spiro[9H-fluorene-9,8'-tricyclo[7.4.0.0^{2,7}]trideca-1(13),2,4,6,9,11-hexaene-5-carboxamide]-2-carboxamide",,NC(=O)c1ccc2c(c1)C1(c3ccccc3-2)c2ccccc2-c2ccc(C(N)=O)cc21,
80802,O=[N+]([O-])/C=C/C=C(F)\C=C\NC1CC1,"N-((1E,3E,5E)-3-fluoro-6-nitrohexa-1,3,5-trien-1-yl)cyclopropanamine",F/C(/C=C/NC1CC1)=C/C=C/[N+](=O)[O-],O=[N+]([O-])/C=C/C=C(F)CC=NC1CC1,O=[N+]([O-])/C=C/C=C(/F)CC=NC1CC1
80905,NC1=NC2(CO1)c1cc(-c3cncc(Cl)c3)ccc1OC1CCC3(CCO3)CC12,"3'-chloro-5'-((spiro[9-oxa)-4,5-dihydrospiro[1,3-oxazole-4,2'-tricyclo[8.4.0.0^{3,8}]tetradeca-1(10),11,13-triene-5,2'-(1-oxacyclobutane)]-13-yl)pyridine]-2-amine",,N=C1NC2(CO1)c1cc(-c3cncc(Cl)c3)ccc1OC1CCC3(CCO3)CC12,
80909,COC(=O)C1=CC2(N=N1)C(=O)N1[C@@H](C(=O)O)C(C)(C)S[C@@H]12,"(1R,4S)-3,3-dimethyl-6-oxospiro[2-thia-5-azabicyclo[3.2.0]heptane-7,3'-(methyl 1,2-diazacyclopenta-1,4-diene-5-carboxylate)]-4-carboxylic acid",,COC(=O)C1=CC2(N=N1)C(=O)N1C(C(=O)O)C(C)(C)S[C@@H]12,
81291,Nc1nccc(Sc2cnc(N3CCC4(CC3)Cc3cc(Cl)ccc3[C@H]4N)c(CO)n2)n1,"(3-((7'S)-3'-chlorospiro[piperidine-4,8'-bicyclo[4.3.0]nona-1(6),2,4-trien-7-amine]-1-yl)-6-((2-aminopyrimidin-4-yl)sulfanyl)pyrazin-2-yl)methanol",,Nc1nccc(Sc2cnc(N3CCC4(CC3)Cc3cc(Cl)ccc3[C@H]4N)c(CO)n2)n1,
81576,CCN1C[C@H](O/N=[N+](/[O-])N(C)C(C)(C)C)CC1=O,(4R)-1-ethyl-4-(iminioaminooxy)pyrrolidin-2-one,C(C)N1C(C[C@H](C1)ON=[NH2+])=O,CCN1C[C@H](O/N=[N+](/[O-])N(C)C(C)(C)C)CC1=O,CCN1C[C@H](ON=N)CC1=O
81633,C1=C2CCC(=C1)CCc1ccc(cc1)CC2,"tricyclo[8.2.2.2^{4,7}]hexadeca-1(12),4(15),5,7(16),10-pentaene",,C1=C2CCC(=C1)CCc1ccc(cc1)CC2,
81706,CCC(OC(=O)/C=C/C(=O)Oc1ccc(Cl)cc1Cl)C(C)C,"4-2,4-dichlorophenyl 1-2-methylpentan-3-yl (2E)-but-2-enedioate",,CCC(OC(=O)/C=C/C(=O)Oc1ccc(Cl)cc1Cl)C(C)C,
81816,O=[S+]1([O-])CCN(Cc2ccc(-c3cnc4c(OCc5ccccc5)nccn34)cc2)CC1,"4-((4-(8-(benzyloxy)imidazo[1,2-a]pyrazin-3-yl)phenyl)methyl)-1-oxido-1-oxothiomorpholine",C(C1=CC=CC=C1)OC=1C=2N(C=CN1)C(=CN2)C2=CC=C(C=C2)CN2CCS(CC2)(=O)[O-],O=[S+]1([O-])CCN(Cc2ccc(-c3cnc4c(OCc5ccccc5)nccn34)cc2)CC1,O=[SH]1(O)CCN(Cc2ccc(-c3cnc4c(OCc5ccccc5)nccn34)cc2)CC1
81956,CC1C=Nc2ncn(Cc3nc(C4[C@H]5CN(c6cc(Cl)ccn6)C[C@@H]45)no3)c(=O)c21,"3-((3-((1R,5S)-3-(4-chloropyridin-2-yl)-3-azabicyclo[3.1.0]hexan-6-yl)-1,2,4-oxadiazol-5-yl)methyl)-5-methyl-7H-pyrrolo[2,3-d]pyrimidin-4(5H)-one",ClC1=CC(=NC=C1)N1C[C@H]2C([C@H]2C1)C1=NOC(=N1)CN1C=NC2=C(C1=O)C(CN2)C,Cc1c[nH]c2ncn(Cc3nc(C4[C@H]5CN(c6cc(Cl)ccn6)C[C@@H]45)no3)c(=O)c12,CC1CNc2ncn(Cc3nc(C4[C@H]5CN(c6cc(Cl)ccn6)C[C@@H]45)no3)c(=O)c21
82067,CC1=CC(=O)[C@@H](O)[C@]2(C)[C@H]3[C@]4(O)OC[C@@]35[C@@H](C[C@@H]12)OC(=O)[C@H](O)[C@@]5(O)[C@]1(CO1)[C@H]4O,,,CC1CC(=O)C(=O)[C@@]2(C)C1C[C@H]1OC(=O)C(O)[C@]3(O)[C@]14CO[C@@](O)([C@@H]42)[C@H](O)[C@@]31CO1,
82075,CCN(C)S(=O)(=NC1CC1)c1ccc(N)cc1,4-(N-cyclopropyl-S-(ethyl)(methyl)aminosulfonimidoyl)aniline,,CCN(C)S(=O)(=NC1CC1)c1ccc(N)cc1,
82106,CC(C)(C)N=C1Nc2ccccc2NC12CCCN(S(=O)(=O)c1cccc(C#N)c1)C2,"3-(N-(tert-butyl)-2',5'-diazaspiro[piperidine-3,3'-bicyclo[4.4.0]deca-1(10),6,8-trien-4-imine]-1-ylsulfonyl)benzonitrile",,CC(C)(C)N=C1Nc2ccccc2NC12CCCN(S(=O)(=O)c1cccc(C#N)c1)C2,
82125,CCOC(=O)[C@@]12CC3(CC[C@@]14c1cc(OC)c(OC)cc1CCN4C(=O)C2=O)OCCO3,,,CCOC(=O)[C@@]12CC3(CC[C@@]14c1cc(OC)c(OC)cc1CCN4C(=O)C2=O)OCCO3,
82150,COC[C@@]12C=C[C@@H](O1)[C@]1([C@@H]2S(=O)(=O)c2ccc(C)cc2)C(F)(F)C12CCCCC2,"(8R,11R,13S,14S)-15,15-difluoro-8-(methoxymethyl)-14-tosyl-12-oxabicyclo[8.5.0]pentadec-9-ene",,COC[C@@]12C=C[C@@H](O1)[C@]1([C@@H]2S(=O)(=O)c2ccc(C)cc2)C(F)(F)C12CCCCC2,
82256,C#Cc1cccc(-c2cc(=O)n(C)c3ccc([C@](F)(c4ccc(I)cc4)c4cncn4C)nc23)c1,"4-(3-ethynylphenyl)-6-((1S)-fluoro(4-iodophenyl)(1-methyl-1H-imidazol-5-yl)methyl)-1-methyl-1,5-naphthyridin-2(1H)-one",C(#C)C=1C=C(C=CC1)C1=CC(N(C2=CC=C(N=C12)[C@](C1=CN=CN1C)(C1=CC=C(C=C1)I)F)C)=O,C#Cc1cccc(-c2cc(=O)n(C)c3ccc([C@](F)(c4ccc(I)cc4)c4cncn4C)nc23)c1,C#Cc1cccc(-c2cc(=O)n(C)c3ccc([C@@](F)(c4ccc(I)cc4)c4cncn4C)nc23)c1
82347,COC(=O)[C@@]1(Cc2ccccc2)N=C(C)O[C@]12C(=O)N(C)C(=O)c1ccccc12,"methyl (4S,5S)-4-benzyl-2,3'-dimethyl-4,5-dihydro-3'-azaspiro[1,3-oxazole-5,5'-bicyclo[4.4.0]deca-1(10),6,8-triene-2,4-dione]-4-carboxylate",,COC(=O)[C@@]1(Cc2ccccc2)N=C(C)O[C@]12C(=O)N(C)C(=O)c1ccccc12,
82603,CC(C)O[P+]([S-])(NC(=S)NC12CC3CC(CC(C3)C1)C2)OC(C)C,1-(((diisopropoxy(thioxo)phosphanyl)carbamothioyl)amino)adamantane,C(C)(C)OP(=S)(OC(C)C)NC(=S)NC12CC3CC(CC(C1)C3)C2,CC(C)O[P+]([S-])(NC(=S)NC12CC3CC(CC(C3)C1)C2)OC(C)C,CC(C)OP(=S)(NC(=S)NC12CC3CC(CC(C3)C1)C2)OC(C)C
82660,CC1CCc2c1cc1c(c2NC(O)/N=S(\N)c2cnc(C(C)(C)O)s2)CCC1,"2-(5-((amino)(imino)sulfanyl)-1,3-thiazol-2-yl)propan-2-ol",NS(C1=CN=C(S1)C(C)(C)O)=N,CC1CCc2c1cc1c(c2NC(O)/N=S(\N)c2cnc(C(C)(C)O)s2)CCC1,CC(C)(O)c1ncc(S(=N)N)s1
82918,CS(=O)(=O)N(C1=Cc2ccccc2[C@]12C=CC(=O)c1ccccc12)C1CCCCC1,"N-cyclohexyl-N-((1S)-spiro[1H-indene-1,2'-bicyclo[4.4.0]deca-1(10),3,6,8-tetraene]-2-yl-5'-one)methanesulfonamide",,CS(=O)(=O)N(C1=Cc2ccccc2[C@]12C=CC(=O)c1ccccc12)C1CCCCC1,
83140,CNCCCSc1ccc2nn(-c3ccc(NCC(C)(C)C)cc3O)nc2c1,"5-((2,2-dimethylpropyl)amino)-2-(5-((3-(methylamino)propyl)sulfanyl)-1H-benzotriazol-2-yl)phenol",CC(CNC=1C=CC(=C(C1)O)N1NC2=C(N1)C=CC(=C2)SCCCNC)(C)C,CNCCCSc1ccc2nn(-c3ccc(NCC(C)(C)C)cc3O)nc2c1,CNCCCSc1ccc2c(c1)NN(c1ccc(NCC(C)(C)C)cc1O)N2
83147,COC(=O)c1[nH]c2c(c1C)C(=O)CC(c1ccccc1)C2,"methyl 9-methyl-2-oxo-4-phenyl-7-azabicyclo[4.3.0]nona-1(6),8-diene-8-carboxylate",CC1=C(NC=2CC(CC(C12)=O)C1=CC=CC=C1)C(=O)OC,COC(O)c1[nH]c2cc(-c3ccccc3)cc(O)c2c1C,COC(=O)c1[nH]c2c(c1C)C(=O)CC(c1ccccc1)C2
83184,COc1ccc(CNC(=O)C2=C3C=CC=C3C=C2)cc1,N-((4-methoxyphenyl)methyl)pentalene-1-carboxamide,COC1=CC=C(C=C1)CNC(=O)C1=CC=C2C=CC=C12,COc1ccc(CNC(=O)C2=C3C=CC=C3C=C2)cc1,COc1ccc(CNC(=O)C2=CC=C3C=CC=C32)cc1
83404,CC[C@]1(OC)CC[C@@]2(CO1)[C@@H]1CCC3=C4[C@H](CC3)[C@H](C(=O)OC)C[C@@]42CN(C)C1,,,CC[C@]1(OC)CC[C@@]2(CO1)[C@@H]1CCC3=C4[C@H](CC3)C(C(=O)OC)C[C@@]42CN(C)C1,
83501,COc1ccc(OC)c([C@@H]2CC(=O)c3c([nH]c(C(=O)OCCOC(C)C)c3C)C2)c1,"2-isopropoxyethyl (4S)-4-(2,5-dimethoxyphenyl)-9-methyl-2-oxo-7-azabicyclo[4.3.0]nona-1(6),8-diene-8-carboxylate",COC1=C(C=C(C=C1)OC)[C@@H]1CC(C=2C(=C(NC2C1)C(=O)OCCOC(C)C)C)=O,COc1ccc(OC)c(-c2cc(O)c3c(C)c(C(O)OCCOC(C)C)[nH]c3c2)c1,COc1ccc(OC)c([C@@H]2CC(=O)c3c([nH]c(C(=O)OCCOC(C)C)c3C)C2)c1
83664,Cc1[nH]c(C(=O)OCCCn2c(=O)oc3ccccc32)c(C)c1C(=O)OC(C)C,"2-3-(2-oxo-2,3-dihydro-1,3-benzoxazol-3-yl)propyl 4-propan-2-yl 3,5-dimethyl-1H-pyrrole-2,4-dicarboxylate",,Cc1[nH]c(C(=O)OCCCn2c(=O)oc3ccccc32)c(C)c1C(=O)OC(C)C,
83755,COc1cccc(N2C(=O)[C@@H]3[C@@H](C2=O)C2c4ccccc4C3(C)c3ccccc32)c1,,,COc1cccc(-n2c(O)c3c(c2O)C2(C)c4ccccc4C3c3ccccc32)c1,
84188,Cn1ccnc1[C@@H]1N(C(=O)CCc2n[nH]c(=O)[nH]2)CC[C@]12C(=O)Nc1ccccc12,"(3R)-spiro[indoline-3,3'-(3-(3-((2R,3R)-2-(1-methyl-1H-imidazol-2-yl)-1-azacyclopentan-1-yl)-3-oxopropyl)-1,4-dihydro-5H-1,2,4-triazol-5-one)]-2-one",,Cn1ccnc1[C@@H]1N(C(=O)CCc2n[nH]c(=O)[nH]2)CC[C@]12C(=O)Nc1ccccc12,
84261,Cn1cc2c(=O)n(C)cc(-c3cc(N)ccc3Oc3ccc(Cl)cc3C#N)c2n1,"2-((4-amino-2-(2,5-dimethyl-4-oxo-4,5-dihydro-1H-pyrazolo[4,3-c]pyridin-7-yl)phenyl)oxy)-5-chlorobenzonitrile",NC1=CC(=C(C=C1)OC1=C(C#N)C=C(C=C1)Cl)C=1C2=C(C(N(C1)C)=O)CN(N2)C,Cn1cc2c(=O)n(C)cc(-c3cc(N)ccc3Oc3ccc(Cl)cc3C#N)c2n1,CN1Cc2c(c(-c3cc(N)ccc3Oc3ccc(Cl)cc3C#N)cn(C)c2=O)N1
84472,CC(=O)NC1CC2(CCN(Cc3ccc4c(c3)c3ccccc3n4C(N)=O)CC2)c2ccccc21,"N-(spiro[indane-3,4'-(3-(1-azacyclohexan-1-ylmethyl)-9H-carbazole-9-carboxamide)]-1-yl)acetamide",,CC(=O)NC1CC2(CCN(Cc3ccc4c(c3)c3ccccc3n4C(N)=O)CC2)c2ccccc21,
84827,O=S1(=O)CCC2(CC1)C[C@H](O)c1cc(F)ccc1O2,"(4S)-6-fluoro-1',1'-bis(oxo-1lambda^6-thia)-3,4-dihydrospiro[2H-1-benzopyrane-2,4'-cyclohexane]-4-ol",,O=S1(=O)CCC2(CC1)C[C@H](O)c1cc(F)ccc1O2,
85132,CC(C)CNC(=O)c1nnc2n1CC1(CCN(C(=O)c3csnn3)C1)OC2,"N-(2-methylpropyl)spiro[3-oxa-6,8,9-triazabicyclo[4.3.0]nona-1(9),7-diene-4,3'-(1-azacyclopentan-1-yl(1,2,3-thiadiazol-4-yl)methanone)]-7-carboxamide",,CC(C)CNC(=O)c1nnc2n1CC1(CCN(C(=O)c3csnn3)C1)OC2,
85388,Cc1cc2c(cc1C)C(=O)NC1(CCN(C(=O)c3cc(C)c(N)c(C=N)c3)CC1)O2,"8,9-dimethylspiro[2-oxa-4-azabicyclo[4.4.0]deca-1(6),7,9-triene-3,4'-((4-amino-3-(iminomethyl)-5-methylphenyl)-1-azacyclohexan-1-ylmethanone)]-5-one",,Cc1cc2c(cc1C)C(=O)NC1(CCN(C(=O)c3cc(C)c(N)c(C=N)c3)CC1)O2,
85496,COc1ccc(O)c(C(=O)N2CC[C@]3(COCc4cnc(N(C)C)nc43)C2)c1,"(3S)-N,N-dimethyl-3'-oxa-7',9'-diazaspiro[pyrrolidine-3,5'-bicyclo[4.4.0]deca-1(6),7,9-trien-8-amine]-1-yl(2-hydroxy-5-methoxyphenyl)methanone",,COc1ccc(O)c(C(=O)N2CC[C@]3(COCc4cnc(N(C)C)nc43)C2)c1,
85684,CN1C(=O)c2cccc3nc4c(c1c23)C[C@@]1(O)[C@@H]2Cc3ccc(O)c5c3[C@@]1(CCN2C)[C@H]4O5,"(1S,2S,15R,23S)-2,18-dihydroxy-6,26-dimethyl-16-oxa-6,13,26-triazoctacyclo[19.5.1.1^{8,12}.0^{5,28}.0^{15,23}.0^{2,23}.0^{17,22}.0^{4,14}]octacosa-4,8(28),9,11,13,17,19,21-octaen-7-one",,CN1CC[C@]23c4c5ccc(O)c4O[C@H]2c2nc4cccc6c(O)n(C)c(c2=C[C@@]3(O)[C@@H]1C5)c46,
86069,O=C(O)c1cccc(N2CCC3(CCc4c3nc(N3CCOCC3)[nH]c4=O)CC2)n1,"6-(3'-(morpholin-4-yl)-2',4'-diazaspiro[piperidine-4,9'-bicyclo[4.3.0]nona-1(6),2-diene]-1-yl-5'-one)pyridine-2-carboxylic acid",,O=C(O)c1cccc(N2CCC3(CCc4c3[nH]c(N3CCOCC3)nc4=O)CC2)n1,
86151,CC1OC2(CN3CCC2CC3)CS1=O,"2'-methyl-1'-(oxa-3lambda^4-thia)-3'-oxospiro[1-azabicyclo[2.2.2]octane-3,5'-cyclopentane]",,CC1OC2(CN3CCC2CC3)C[S+]1[O-],
86790,C/C(N)=N/N=C/c1ccccc1,(1E)-benzaldehyde (1Z)-1-aminoethylidenehydrazone,,CC(=N)NN=Cc1ccccc1,
86829,CCCS/C(N=Cc1ccccc1O)=N/N=C\c1cc(Cl)cc(Cl)c1O,,,CCCSC(N=Cc1ccccc1O)=NN=Cc1cc(Cl)cc(Cl)c1O,
86870,CC(=O)Nc1ccc(Cl)cc1OC[C@H](O)CN1CCC2(CC1)OC(=O)c1ccccc12,"N-(2-((2R)-3-(8'-oxaspiro[piperidine-4,7'-bicyclo[4.3.0]nona-1,3,5-triene]-1-yl-9'-one)-2-hydroxypropoxy)-4-chlorophenyl)acetamide",,CC(=O)Nc1ccc(Cl)cc1OC[C@H](O)CN1CCC2(CC1)OC(=O)c1ccccc12,
86929,O=S1(=O)CCC([B-]23OCC[NH+]2CCO3)C1,"1-(1,1-dioxothiolan-3-yl)-2,8-dioxa-1-bora-5-azoniabicyclo[3.3.0]octane",,O=S1(=O)CCC([B-]23OCC[NH+]2CCO3)C1,
86986,O=C1CO[C@@]2(CC[C@@](F)(C(=O)CCc3ccc(Cl)cc3Cl)c3cccnc32)CN1,"(6S)-3'-(2,4-dichlorophenyl)-1'-(((7S,10S)-7-fluoro-2-aza)spiro[morpholine-6,10'-bicyclo[4.4.0]deca-1,3,5-trien-7-yl)propane]-3,1'-dione",,O=C1CO[C@@]2(CC[C@@](F)(C(=O)CCc3ccc(Cl)cc3Cl)c3cccnc32)CN1,
87010,CN1C(=O)CC2(Cc3cnc(Cl)nc3N2C2CCCC2)C1=O,"3'-(chloro-9cyclopentyl)-1-methyl-2',4',9'-triazaspiro[pyrrolidine-3,8'-bicyclo[4.3.0]nona-1(6),2,4-triene]-2,5-dione",,CN1C(=O)CC2(Cc3cnc(Cl)nc3N2C2CCCC2)C1=O,
87375,CNC(=O)c1nnc2cc1Nc1cc(cc(-c3ncn(C)n3)c1C)CCCc1cccc(n1)N2,,,CNC(=O)c1nnc2cc1Nc1cc(cc(-c3ncn(C)n3)c1C)CCCc1cccc(n1)N2,
87596,CNC(=O)[C@H](C)NC1=CC(=O)[C@@]2(Oc3c(Cl)c(OC)cc(OC)c3C2=O)[C@H](C)C1,"(2S)-2-(((4S,5R)-5'-chloro-2',4'-dimethoxy-5-methyl-3-oxo-7'-oxaspiro[cyclohex-1-ene-4,8'-bicyclo[4.3.0]nona-1,3,5-triene]-1-yl-9'-one)amino)-N-methylpropanamide",,CNC(=O)C(C)N=C1CC(=O)[C@@]2(Oc3c(Cl)c(OC)cc(OC)c3C2=O)[C@H](C)C1,
88043,CN1C=C(Cl)C=C=CC1=O,6-chloro-1-methylazepin-2(1H)-one,ClC=1C=CCC(N(C1)C)=O,CN1C=C(Cl)C=C=CC1=O,CN1C=C(Cl)C=CCC1=O
88044,Cc1cccc(C(=O)OOC(C)(C)C)c1,,,Cc1cccc(C(=O)OOC(C)(C)C)c1,
88246,C=CC(=O)OCCOC(=O)CCCC(=O)OCCOc1ccc(S(=O)(=O)N2C(=O)CCC2=O)cc1,"5-2-((4-(2,5-dioxopyrrolidin-1-ylsulfonyl)phenyl)oxy)ethyl 1-2-((prop-2-enoyl)oxy)ethyl pentanedioate",,C=CC(=O)OCCOC(=O)CCCC(=O)OCCOc1ccc(S(=O)(=O)n2c(O)ccc2O)cc1,
88271,O=C1CC2(CC34CCCCC3=CN3C=CCCC3=C4O2)NN1,,,O=C1CC2(CC34CCCCC3=CN3C=CCCC3=C4O2)NN1,
88488,NC(=N/N=C/c1ccc(-c2ccccc2)cc1)N[N+](=O)[O-],,,N=C(N/N=C/c1ccc(-c2ccccc2)cc1)N[N+](=O)[O-],
88701,OCN1C=C=C(Cl)C=N1,"(4-chloro-1,2-diazin-1-yl)methanol",ClC1=CNN(C=C1)CO,OCN1C=C=C(Cl)C=N1,OCN1C=CC(Cl)=CN1
88788,CN(C)CCNC(=O)C[C@H]1CC2(CCN(C(=O)N3CCCC3)CC2)c2ccccc21,"N-(2-(dimethylamino)ethyl)-2-((1R)-spiro[indane-3,4'-(1-azacyclohexan-1-ylpyrrolidin-1-ylmethanone)]-1-yl)acetamide",,CN(C)CCNC(=O)C[C@H]1CC2(CCN(C(=O)N3CCCC3)CC2)c2ccccc21,
88915,COc1cccc([C@H](O)CN2CCC3(CC2)C[C@@H](O)c2cc(OC)ccc2O3)c1,"(4R)-6-methoxy-3,4-dihydrospiro[2H-1-benzopyrane-2,4'-((1S)-2-(1-azacyclohexan-1-yl)-1-(3-methoxyphenyl)ethane)]-4,1'-diol",,COc1cccc([C@H](O)CN2CCC3(CC2)C[C@@H](O)c2cc(OC)ccc2O3)c1,
88938,CCO[P+]([O-])(NC(C)C(=O)OCc1ccccc1)OC[C@H]1O[C@@H](n2cc(C)c(=O)[nH]c2=O)C[C@@H]1O,"benzyl 2-(((((2R,3S,5R)-3-hydroxy-5-(5-methyl-2,4-dioxo-1H,3H-pyrimidin-1-yl)oxolan-2-yl)methoxy)(ethoxy)phosphoryl)amino)propanoate",O[C@@H]1[C@H](O[C@H](C1)N1C(NC(C(=C1)C)=O)=O)COP(=O)(OCC)NC(C(=O)OCC1=CC=CC=C1)C,CCO[P+]([O-])(NC(C)C(=O)OCc1ccccc1)OC[C@H]1O[C@@H](n2cc(C)c(=O)[nH]c2=O)C[C@@H]1O,CCOP(=O)(NC(C)C(=O)OCc1ccccc1)OC[C@H]1O[C@@H](n2cc(C)c(=O)[nH]c2=O)C[C@@H]1O
89166,CC(C)(C)[Si](C)(C)O[C@@H]1C[C@@]12C(=O)N1[C@@H](C(=O)O)C(C)(C)S(=O)(=O)[C@@H]12,,,CC(C)(C)[Si](C)(C)O[C@@H]1C[C@@]12C(=O)N1C(C(=O)O)C(C)(C)S(=O)(=O)[C@@H]12,
89314,CSc1ccc(/C=N/N=C(\N)c2nonc2N)cc1,,,CSc1ccc(C=NN=C(N)c2nonc2N)cc1,
89346,COc1cc2nc3ccc(N(C)C)cc3sc-2cc1=N,"7-imino-8-methoxy-N,N-dimethyl-10H-phenothiazin-3-amine",N=C1CC=2SC=3C=C(C=CC3NC2C=C1OC)N(C)C,COc1cc2nc3ccc(N(C)C)cc3sc-2cc1=N,COc1cc2c(cc1N)Sc1cc(N(C)C)ccc1N2
90257,ClCC1=CC12c1ccccc1-c1ccccc12,"spiro[9H-fluorene-9,1'-(2-(chloromethyl)cycloprop-2-ene)]",,ClCC1=CC12c1ccccc1-c1ccccc12,
90375,C[C@H](OC(=O)C1CCN(C(=O)OC(C)(C)C)CC1)C(=O)c1c[nH]c2ccccc12,"4-(2S)-1-(1H-indol-3-yl)-1-oxopropan-2-yl 1-tert-butyl piperidine-1,4-dicarboxylate",,CC(OC(=O)C1CCN(C(=O)OC(C)(C)C)CC1)C(=O)c1c[nH]c2ccccc12,
90640,O=C1C2CCCCC2C2(C3CNCCC13)C1CCCCC1N(C1CCCCC1)C1NCCCC12,"2cyclohexyl-2',14'-diazaspiro[6-azatricyclo[8.4.0.0^{3,8}]tetradecane-9,9'-tricyclo[8.4.0.0^{3,8}]tetradecane]-2-one",,O=C1C2CCCCC2C2(C3CNCCC13)C1CCCCC1N(C1CCCCC1)C1NCCCC12,
90668,C[S+](=O)([O-])NC1CCN(C(=O)N2CC3CC(C2)[C@H]2CCCC(=O)N2C3)CC1,"(2R)-11-((4-methanesulfonamidopiperidin-1-yl)carbonyl)-7,11-diazatricyclo[7.3.1.0^{2,7}]tridecan-6-one",CS(=O)(=O)NC1CCN(CC1)C(=O)N1CC2CN3C(CCC[C@@H]3C(C1)C2)=O,C[S+](=O)([O-])NC1CCN(C(=O)N2CC3CC(C2)[C@H]2CCCC(=O)N2C3)CC1,CS(=O)(=O)NC1CCN(C(=O)N2CC3CC(C2)[C@H]2CCCC(=O)N2C3)CC1
90675,CC(C)(C)CC(C)(C)OC(=O)C(=O)OC(C)(C)CC(=O)OC(C)(C)C,"1-2,4,4-trimethylpentan-2-yl 2-4-(tert-butoxy)-2-methyl-4-oxobutan-2-yl ethanedioate",,CC(C)(C)CC(C)(C)OC(=O)C(=O)OC(C)(C)CC(=O)OC(C)(C)C,
90792,CCOC(=O)[C@@H]1OC12CCC1(O)C3Cc4ccc(O)c5c4[C@@]1(CCN3C)C2O5,,,CCOC(=O)C1OC12CCC1(O)C3Cc4ccc(O)c5c4[C@@]1(CCN3C)C2O5,
91115,COc1ccc(Cc2nc(C(=O)N3CCC4(CC3)CC(=O)c3ccccc3O4)cc(=O)[nH]2)cc1,"6-((2'-oxaspiro[piperidine-4,3'-bicyclo[4.4.0]deca-1(10),6,8-triene]-1-yl-5'-one)carbonyl)-2-((4-methoxyphenyl)methyl)pyrimidin-4(3H)-one",,COc1ccc(Cc2nc(=O)cc(C(=O)N3CCC4(CC3)CC(=O)c3ccccc3O4)[nH]2)cc1,
91242,CCN(OS(=O)(=O)c1cc(F)cc(F)c1)C(C)=O,"N-ethylacetamido 3,5-difluorobenzene-1-sulfonate",,CCN(OS(=O)(=O)c1cc(F)cc(F)c1)C(C)=O,
91490,C=C/C(N)=C\C(=C/CC(=O)N1CCNCC1)COC1=CCC=CN=C1N,"(3E,5E)-6-amino-4-(((7-amino-4H-azepin-6-yl)oxy)methyl)-1-(piperazin-1-yl)octa-3,5,7-trien-1-one",N/C(=C/C(=C\CC(=O)N1CCNCC1)/COC1=CCC=CN=C1N)/C=C,C=CC(=N)CC(=CCC(=O)N1CCNCC1)COC1=CCC=CN=C1N,C=CC(=N)C/C(=C\CC(=O)N1CCNCC1)COC1=CCC=CN=C1N
91656,COC(=O)CN1C(=O)[C@@]2(C(C(C)=O)=C(C)OC(N)=C2C(=O)OC)c2ccccc21,"methyl (4R)-5-acetyl-2-amino-6-methylmethyl 2-((9R)-8-oxo-7'-azaspiro[pyrane-4,9'-bicyclo[4.3.0]nona-1,3,5-trien-7-yl)acetate]-3-carboxylate",,COC(=O)CN1C(=O)[C@@]2(C(C(C)=O)=C(C)OC(=N)C2C(=O)OC)c2ccccc21,
91735,O=C(OCC1COC2(O1)C1CC3C[C@H]2CC(OC(=O)C(F)(C(F)(F)F)S(=O)(=O)O)(C3)C1)C(F)(F)F,"1,2,2,2-tetrafluoro-1-((((3S)-spiro[adamantane-4,2'-((1,3-dioxacyclopentan-4-yl)methyl 2,2,2-trifluoroacetate)]-1-yl)oxy)carbonyl)ethane-1-sulfonic acid",,O=C(OCC1COC2(O1)C1CC3C[C@H]2CC(OC(=O)C(F)(C(F)(F)F)S(=O)(=O)O)(C3)C1)C(F)(F)F,
91977,CC(C#Cc1cnc2c(c1)[C@]1(COC(N)=N1)c1cc(-c3cccnc3F)ccc1O2)(CO)CCl,"2-(chloromethyl)-4-((2S)-13-(2-fluoropyridin-3-yl)spiro[9-oxa-7-azatricyclo[8.4.0.0^{3,8}]tetradeca-1(10),3(8),4,6,11,13-hexaene-2,4'-((4S)-1-oxa-3-azacyclopent-2-en-2-amine)]-5-yl)-2-methylbut-3-yn-1-ol",,CC(C#Cc1cnc2c(c1)[C@]1(COC(=N)N1)c1cc(-c3cccnc3F)ccc1O2)(CO)CCl,
92021,Cc1ccc(-n2nc3c(n2)C(=O)CCC3)cc1,"2-(4-methylphenyl)-6,7-dihydro-1H-benzotriazol-4(5H)-one",CC1=CC=C(C=C1)N1NC2=C(N1)CCCC2=O,Cc1ccc(-n2nc3c(n2)C(=O)CCC3)cc1,Cc1ccc(N2N=C3CCCC(=O)C3N2)cc1
92223,c1ccc2ccc3cccc(-c4oc(-c5cccc(-c6ccccc6)c5)c5c4CCC=C5)c3c2c#1,"3-(phenanthren-4-yl)-1-(3-phenylphenyl)-4,5-dihydro-2-benzofuran",C1=CC=C(C=2C3=CC=CC=C3C=CC12)C=1OC(=C2C1CCC=C2)C2=CC(=CC=C2)C2=CC=CC=C2,c1ccc2ccc3cccc(-c4oc(-c5cccc(-c6ccccc6)c5)c5c4CCC=C5)c3c2c#1,C1=Cc2c(-c3cccc(-c4ccccc4)c3)oc(-c3cccc4ccc5ccccc5c34)c2CC1
92229,CC(C)(C)OC(=O)N1CCOC[C@]12COc1ccc(C(=O)O)cc12,"(3R)-2,3-dihydrospiro[1-benzofurane-3,3'-(tert-butyl (3R)-1-oxa-4-azacyclohexane-4-carboxylate)]-5-carboxylic acid",,CC(C)(C)OC(=O)N1CCOC[C@]12COc1ccc(C(=O)O)cc12,
92275,ClP12=N[P+]3([N-][P+](Cl)([N-]1)OCCOCCOCCOCCO2)OCCS3,"1,15-dichloro-1'-oxa-3'-thiaspiro[2,5,8,11,14-pentaoxa-16,18,19-triaza-1lambda^5,15,17-triphosphabicyclo[13.3.1]nonadec-1(18)-ene-17,2'-cyclopentane]",ClP=12OCCOCCOCCOCCOP(NP3(OCCS3)N1)(N2)Cl,ClP12=N[P+]3([N-][P+](Cl)([N-]1)OCCOCCOCCOCCO2)OCCS3,ClP12=N[PH]3(N[PH](Cl)(N1)OCCOCCOCCOCCO2)OCCS3
92288,C[C@H](OC(=O)CCC(=O)OC(C)(C)C)C(=O)ON1C(=O)CCC1=O,"1-(2S)-1-((2,5-dioxopyrrolidin-1-yl)oxy)-1-oxopropan-2-yl 4-tert-butyl butanedioate",,CC(OC(=O)CCC(=O)OC(C)(C)C)C(=O)On1c(O)ccc1O,
92296,C[C@@H]1[C@H](O)CC[C@@H]2[C@]1(C)CC[C@H]1[C@@]2(C)CC[C@@]2(C)[C@H]3CC(C)(C)CC[C@]3(C)CC[C@@]12C,,,C[C@@H]1[C@H](O)CC[C@@H]2[C@]1(C)CC[C@H]1[C@@]2(C)CC[C@@]2(C)[C@H]3CC(C)(C)CC[C@]3(C)CC[C@@]12C,
93246,COC1=CCC[C@@H](C)[C@@]12Cc1c(OC)cc(-c3noc(C)n3)c(Cl)c1O2,"3-((2S)-7-chloro-4-methoxy-2,3-dihydrospiro[1-benzofurane-2,1'-((1S,6R)-2-methoxy-6-methylcyclohex-2-ene)]-6-yl)-5-methyl-1,2,4-oxadiazole",,COC1=CCC[C@@H](C)[C@@]12Cc1c(OC)cc(-c3noc(C)n3)c(Cl)c1O2,
93347,COc1ccc(-c2oc3c(O)c4c(cc3c2CC(=O)O)C(=O)CC2(CCN(C(C)=O)CC2)O4)cc1,"2-(2-hydroxy-12-(4-methoxyphenyl)-7-oxospiro[4,13-dioxatricyclo[8.3.0.0^{3,8}]trideca-1(10),2,8,11-tetraene-5,4'-(1-(1-azacyclohexan-1-yl)ethane)]-11-yl-1'-one)acetic acid",,COc1ccc(-c2oc3c(O)c4c(cc3c2CC(=O)O)C(=O)CC2(CCN(C(C)=O)CC2)O4)cc1,
93640,O=C(NCC(O)c1ccccc1C(F)(F)F)c1cc2c([nH]1)CCCC2=O,"N-(2-hydroxy-2-(2-(trifluoromethyl)phenyl)ethyl)-4-oxo-4,5,6,7-tetrahydro-1H-indole-2-carboxamide",OC(CNC(=O)C=1NC=2CCCC(C2C1)=O)C1=C(C=CC=C1)C(F)(F)F,O=C(NCC(O)c1ccccc1C(F)(F)F)c1cc2c([nH]1)CCCC2=O,Oc1cccc2[nH]c(C(O)NCC(O)c3ccccc3C(F)(F)F)cc12
93648,COc1ccc(/C=c2/s/c(=C(\C#N)c3nc4ccccc4[nH]3)n(-c3ccccc3)c2=O)cc1,"(2Z)-2-(1H-benzimidazol-2-yl)-2-((5E)-5-((4-methoxyphenyl)methylidene)-4-oxo-3-phenyl-1,3-thiazolidin-2-ylidene)acetonitrile",N1C(=NC2=C1C=CC=C2)\C(\C#N)=C\2/S/C(/C(N2C2=CC=CC=C2)=O)=C/C2=CC=C(C=C2)OC,COc1ccc(/C=c2/s/c(=C(\C#N)c3nc4ccccc4[nH]3)n(-c3ccccc3)c2=O)cc1,COc1ccc(/C=c2/s/c(=C(/C#N)c3nc4ccccc4[nH]3)n(-c3ccccc3)c2=O)cc1
93714,Cc1cccc2c1C1(CCN(c3nc4c(c(=O)[nH]3)CCCC4)CC1)OC2=O,"2-(5'-methyl-8'-oxaspiro[piperidine-4,7'-bicyclo[4.3.0]nona-1,3,5-triene]-1-yl-9'-one)-5,6,7,8-tetrahydroquinazolin-4(3H)-one",,Cc1cccc2c1C1(CCN(c3nc(=O)c4c([nH]3)CCCC4)CC1)OC2=O,
93770,Cc1cc(=O)c2cc[nH]c2[nH]1,"6-methyl-1H-pyrrolo[2,3-b]pyridin-4-one",CC1=CC(C=2C(=N1)NCC2)=O,Cc1cc(=O)c2cc[nH]c2[nH]1,Cc1cc(=O)c2c([nH]1)=NCC=2
93929,Cc1cc2c(c(C)c1Cl)C(=O)CC1(CCN(C(=O)C(C)Oc3ccc(Cl)cc3)CC1)O2,"8-chloro-7,9-dimethylspiro[2-oxabicyclo[4.4.0]deca-1(6),7,9-triene-3,4'-(1-(1-azacyclohexan-1-yl)-2-((4-chlorophenyl)oxy)propane)]-5,1'-dione",,Cc1cc2c(c(C)c1Cl)C(=O)CC1(CCN(C(=O)C(C)Oc3ccc(Cl)cc3)CC1)O2,
94051,CO/C(I)=C/C=C(\C=C\O)N1CCN(C(=O)C[C@@H](OC(N)O)c2ccccc2)CC1,"(3R)-3-((amino)(hydroxy)methoxy)-1-(4-((1E,3E,5Z)-1-hydroxy-6-iodo-6-methoxyhexa-1,3,5-trien-3-yl)piperazin-1-yl)-3-phenylpropan-1-one",NC(O[C@H](CC(=O)N1CCN(CC1)/C(/C=C/O)=C/C=C(/OC)\I)C1=CC=CC=C1)O,CO/C(I)=C/C=C(CC=O)N1CCN(C(=O)C[C@@H](OC(N)O)c2ccccc2)CC1,CO/C(I)=C/C=C(\CC=O)N1CCN(C(=O)C[C@@H](OC(N)O)c2ccccc2)CC1
94056,CCNNI(O)N(N)N,1-(N'-((dihydrazinyl)(hydroxy)lambda^3-iodanyl)hydrazinyl)ethane,,CCNNI(O)N(N)N,
94066,CC(N)=NN=C(c1ccccc1)c1ccccc1,,,CC(=N)NN=C(c1ccccc1)c1ccccc1,
94430,C=C(/C=C1/CC2=C(C1)C(C(C)(C=CC)CC)CC(c1ccccc1)=C2)CC,"(2E)-4-(3-methylhex-4-en-3-yl)-2-(2-methylidenebutylidene)-6-phenyl-2,3,4,5-tetrahydro-1H-indene",CC(CC)(C=CC)C1C=2C/C(/CC2C=C(C1)C1=CC=CC=C1)=C/C(CC)=C,C=C(/C=C1/CC2=C(C1)C(C(C)(C=CC)CC)CC(c1ccccc1)=C2)CC,C=C(/C=C1\CC2=C(C1)C(C(C)(C=CC)CC)CC(c1ccccc1)=C2)CC
94577,SB(S)c1cc2ccccc2s1,2-(disulfanylboryl)-1-benzothiophene,S(S)BC=1SC2=C(C1)C=CC=C2,SB(S)c1cc2ccccc2s1,SSBc1cc2ccccc2s1
94587,C[C@]12O[C@@H](C[C@]1(O)CN=[N+]=[N-])n1c3ccccc3c3c4c(c5c6ccccc6n2c5c31)CNC4=O,,,C[C@]12O[C@@H](C[C@]1(O)CN=[N+]=[N-])n1c3ccccc3c3c4c(c5c6ccccc6n2c5c31)CNC4=O,
94929,Cc1ccc(O)c([N+]([O-])=Nc2ccccc2N=Nc2c(O)ccc3ccccc23)c1,1-(((2-(iminioamino)phenyl)imino)amino)naphthalen-2-ol,[NH2+]=NC1=C(C=CC=C1)N=NC1=C(C=CC2=CC=CC=C12)O,Cc1ccc(O)c([N+]([O-])=Nc2ccccc2N=Nc2c(O)ccc3ccccc23)c1,N=Nc1ccccc1N=Nc1c(O)ccc2ccccc12
95139,CCCC=C[C+](C(=O)[O-])C(=O)O,2-(oxidocarbonyl)hept-3-enoic acid,[O-]C(=O)C(C(=O)O)C=CCCC,CCCC=C[C+](C(=O)[O-])C(=O)O,CCCC=CC(C(=O)O)C(=O)O
95296,NC(N)=NN=Cc1cccc(OC(F)(F)F)c1,,,N=C(N)NN=Cc1cccc(OC(F)(F)F)c1,
95608,NCc1ccc2c(c1)C1(CCN(C(=O)/C=C/c3cccc(OCCc4ccccc4)c3)CC1)CO2,"(2E)-1-(1'-((7-oxa)spiro[piperidine-4,9'-bicyclo[4.3.0]nona-1(6),2,4-trien-3-yl)methanamine]-1-yl)-3-(3-((2-phenylethyl)oxy)phenyl)prop-2-en-1-one",,NCc1ccc2c(c1)C1(CCN(C(=O)/C=C/c3cccc(OCCc4ccccc4)c3)CC1)CO2,
96297,O=C1C=C[C@@]2(C(=O)Nc3cc(Cl)ccc32)[C@H](c2cccc(F)c2)C1,"(3R)-6-chlorospiro[indoline-3,1'-((1R,6S)-6-(3-fluorophenyl)cyclohex-2-ene)]-2,4'-dione",,O=C1C=C[C@@]2(C(=O)Nc3cc(Cl)ccc32)[C@H](c2cccc(F)c2)C1,
96692,C[Si](Cl)(Cl)C(F)(F)C(F)(F)C(F)(F)C(F)(F)C(F)(F)C(F)(F)C(F)(F)C(F)(F)C(F)(F)C(F)(F)F,,,C[Si](Cl)(Cl)C(F)(F)C(F)(F)C(F)(F)C(F)(F)C(F)(F)C(F)(F)C(F)(F)C(F)(F)C(F)(F)C(F)(F)F,
96738,CCOC(=O)N[C@H]1CCN(C2CCC3(CC2)c2ccccc2N(CC(N)=O)C3O)C1,"ethyl ((3S)-1-(2'-((8-hydroxy-7-aza)spiro[cyclohexane-4,9'-bicyclo[4.3.0]nona-1,3,5-trien-7-yl)acetamide]-1-yl)pyrrolidin-3-yl)carbamate",,CCOC(=O)N[C@H]1CCN(C2CCC3(CC2)c2ccccc2N(CC(N)=O)C3O)C1,
97036,COc1cc(/C=N/N=C(/N)c2nonc2N)ccc1O,,,COc1cc(C=NN=C(N)c2nonc2N)ccc1O,
97228,CC(C)(C)N1C[C@@H](COCc2ccccc2C2CCCC2)O[P+]1([O-])c1ccccc1,"(5S)-3-(tert-butyl)-5-((((2-cyclopentylphenyl)methyl)oxy)methyl)-2-oxido-2-phenyl-1,3,2-oxazaphospholidine",C(C)(C)(C)N1P(O[C@@H](C1)COCC1=C(C=CC=C1)C1CCCC1)(C1=CC=CC=C1)=O,CC(C)(C)N1C[C@@H](COCc2ccccc2C2CCCC2)O[P+]1([O-])c1ccccc1,CC(C)(C)N1C[C@@H](COCc2ccccc2C2CCCC2)OP1(=O)c1ccccc1
97233,Cc1ccccc1/C=N\N=C/c1ccccc1C,,,Cc1ccccc1/C=N\N=C/c1ccccc1C,
97288,CC(C)C[C@@H](C(=O)N1C[C@]2(C[C@H]1C#N)C(=O)Nc1ccccc12)N(C)C(=O)[C@H](C)N,"(2S)-2-amino-N-methyl-N-((2S)-4-methyl-1-((2S,4R)-2-(nitrilomethyl)-7'-azaspiro[pyrrolidine-4,9'-bicyclo[4.3.0]nona-1,3,5-triene]-1-yl-8'-one)-1-oxopentan-2-yl)propanamide",,CC(C)CC(C(=O)N1C[C@]2(C[C@H]1C#N)C(=O)Nc1ccccc12)N(C)C(=O)C(C)N,
97399,CCCC(OC(C)C)N1CCNC1=N[N+](=O)[O-],1-(1-isopropoxybutyl)-N-nitroimidazolidin-2-amine,C(C)(C)OC(CCC)N1C(NCC1)N[N+](=O)[O-],CCCC(OC(C)C)N1CCN=C1N[N+](=O)[O-],CCCC(OC(C)C)N1CCNC1N[N+](=O)[O-]
97515,N#Cc1ccc2c(c1)CC1(CC2)COC(N)=N1,"spiro[1,2,3,4-tetrahydronaphthalene-3,4'-(1-oxa-3-azacyclopent-2-en-2-amine)]-6-carbonitrile",,N#Cc1ccc2c(c1)CC1(CC2)COC(=N)N1,
97604,CCCCOc1ccc(CO[P+](=O)[O-])cc1C(C)=O,1-(2-butoxy-5-(((oxido(oxo)phosphanyl)oxy)methyl)phenyl)ethan-1-one,C(CCC)OC1=C(C=C(C=C1)COP(=O)[O-])C(C)=O,CCCCOc1ccc(CO[P+](=O)[O-])cc1C(C)=O,CCCCOc1ccc(CO[PH](=O)O)cc1C(C)=O
98140,C=[N+]([CH-]c1cc([N+](=O)[O-])ccc1O)c1c(F)c(F)c(F)c(F)c1F,"N-((2-hydroxy-5-nitrophenyl)methyl)-N-(2,3,4,5,6-pentafluorophenyl)methaniminium",OC1=C(C=C(C=C1)[N+](=O)[O-])C[N+](=C)C1=C(C(=C(C(=C1F)F)F)F)F,C=[N+](Cc1cc([N+](=O)[O-])ccc1[O-])c1c(F)c(F)c(F)c(F)c1F,C=[N+](Cc1cc([N+](=O)[O-])ccc1O)c1c(F)c(F)c(F)c(F)c1F
98421,Cc1ccc2c(c1)[C@]1(SCCN1C(=O)c1ccco1)C(=O)N2Cc1ccccc1Cl,"(3S)-1-((2-chlorophenyl)methyl)-5-methylspiro[indoline-3,2'-((furan-2-yl)((2S)-1-thia-3-azacyclopentan-3-yl)methanone)]-2-one",,Cc1ccc2c(c1)[C@]1(SCCN1C(=O)c1ccco1)C(=O)N2Cc1ccccc1Cl,
98776,Cc1cnccc1NC(=O)C1=C2C=CC=C2C=C1,N-(3-methylpyridin-4-yl)pentalene-1-carboxamide,CC=1C=NC=CC1NC(=O)C1=CC=C2C=CC=C12,Cc1cnccc1NC(=O)C1=C2C=CC=C2C=C1,Cc1cnccc1NC(=O)C1=CC=C2C=CC=C21
98918,COC(=O)c1cn(C(CN2CCCCC2)c2ccccc2)cc2c(=O)[nH]nc1-2,"methyl 3-oxo-5-(1-phenyl-2-(piperidin-1-yl)ethyl)-3,5-dihydro-1H-pyrazolo[4,3-c]pyridine-7-carboxylate",O=C1NNC2=C1CN(C=C2C(=O)OC)C(CN2CCCCC2)C2=CC=CC=C2,COC(=O)c1cn(C(CN2CCCCC2)c2ccccc2)cc2c(=O)[nH]nc1-2,COC(=O)C1=CN(C(CN2CCCCC2)c2ccccc2)Cc2c1[nH][nH]c2=O
98961,C/C(=N/N=C/c1cccnc1)C1CCC2C3CC=C4C[C@@H](O)CCC4(C)C3CCC12C,"(1E)-5-azacyclohexa-1,3,5-trien-1-carbaldehyde (1Z)-1-((15S)-15-hydroxy-1,5-dimethyltetracyclo[11.4.0.0^{2,10}.0^{5,9}]heptadec-12-en-6-yl)ethylidenehydrazone",,C/C(=N/N=C/c1cccnc1)C1CCC2C3CC=C4C[C@@H](O)CCC4(C)C3CCC12C,
99028,CCC(C)(CI)I=CN,1-((1-iodo-2-methylbutan-2-yl)lambda^3-iodanyl)methanamine,ICC(CC)(C)[IH]CN,CCC(C)(CI)I=CN,CCC(C)(CI)[IH]CN
99039,Nc1ccc(N=S2(=O)CCOCC2)cc1,4-((bis(2-ethoxyethyl)(oxo)-lambda^6-sulfanylidene)amino)aniline,C(C)OCCS(=O)(CCOCC)=NC1=CC=C(N)C=C1,Nc1ccc(N=S2(=O)CCOCC2)cc1,CCOCCS(=O)(CCOCC)=Nc1ccc(N)cc1
99089,CCOc1ccc2c(c1)OC(C)(C)C(Cc1cnc(N(C)C)s1)[C@]21C(=O)Nc2ccccc21,"(3R)-5'-((((5R)-9-ethoxy-3,3-dimethyl-2-oxa)spiro[indoline-3,5'-bicyclo[4.4.0]deca-1(6),7,9-trien-4-yl)methyl)-N,N-dimethyl-1,3-thiazol-2-amine]-2-one",,CCOc1ccc2c(c1)OC(C)(C)C(Cc1cnc(N(C)C)s1)[C@]21C(=O)Nc2ccccc21,
99231,O=C1[C@H]2[C@H](c3ccc(I)cc3)OC3(C(=O)c4ccccc4C3=O)[C@H]2C(=O)N1C1CCCCC1,"(1'S,4'R,5'R)-7cyclohexyl-4'-(4-iodophenyl)-3'-oxa-7'-azaspiro[indane-2,2'-bicyclo[3.3.0]octane-6,8-dione]-1,3-dione",,O=C1c2ccccc2C(=O)C12O[C@@H](c1ccc(I)cc1)c1c2c(O)n(C2CCCCC2)c1O,
99360,N=N/N=N/N=N/N=NCl,,,N=N/N=N/N=N/N=NCl,
99377,CC(=O)N1Cc2ccccc2OC2(CCCN(C(=O)C3CCCN3)C2)C1,"1-(spiro[2-oxa-5-azabicyclo[5.4.0]undeca-1(11),7,9-triene-3,3'-(1-azacyclohexan-1-yl(pyrrolidin-2-yl)methanone)]-5-yl)ethan-1-one",,CC(=O)N1Cc2ccccc2OC2(CCCN(C(=O)C3CCCN3)C2)C1,
99663,c1ccc(C2=NN(c3ccccc3)P34(O2)OC2CC(CC(C2)O3)O4)cc1,"spiro[6,8,10-trioxa-7lambda^5-phosphatricyclo[3.3.1.1^{3,7}]decane-7,2'-(3,5-diphenyl-1-oxa-3,4-diazacyclopent-4-ene)]",,c1ccc(C2=NN(c3ccccc3)P34(O2)OC2CC(CC(C2)O3)O4)cc1,
